date,date1,date2,date3,date4,date5,OT,OT,OT
0.047160,0.038796,57.673266,5079.205548,-0.475286,44.996921,7.049020,2.628379,0.026730
0.094264,0.088111,57.613580,5075.376112,-0.441783,44.997856,7.096463,2.643681,0.024205
0.142368,0.136749,57.560795,5071.512671,-0.407401,44.999753,7.139434,2.660547,0.020254
0.190036,0.184873,57.510645,5067.616401,-0.372432,45.000982,7.179329,2.676476,0.019113
0.237595,0.232056,57.464972,5063.689365,-0.335663,45.001750,7.212775,2.687364,0.017210
0.287225,0.279330,57.424072,5059.735857,-0.300854,45.000485,7.241931,2.697730,0.014160
0.334980,0.328220,57.389764,5055.757442,-0.264816,45.001013,7.265210,2.706794,0.012353
0.381210,0.374624,57.359530,5051.755695,-0.227539,45.001558,7.285290,2.714860,0.011932
0.427824,0.422938,57.334737,5047.735108,-0.190696,45.003198,7.301397,2.719763,0.011668
0.474044,0.471027,57.312610,5043.696771,-0.152595,45.002267,7.313956,2.724126,0.009651
0.521896,0.520498,57.297088,5039.643847,-0.115364,45.003739,7.320235,2.726959,0.008733
0.569789,0.569019,57.284579,5035.578065,-0.078557,45.003702,7.321717,2.726982,0.006942
0.618404,0.616618,57.277049,5031.505209,-0.042744,45.004782,7.318133,2.726535,0.007213
0.664526,0.664911,57.273124,5027.430794,-0.030198,44.929508,7.310507,2.724298,-36.993858
0.713197,0.712975,57.271920,5023.356990,-0.020743,44.856217,7.302327,2.721851,-36.995062
0.761617,0.760810,57.270800,5019.283863,-0.008364,44.781630,7.292716,2.717685,-36.997046
0.810240,0.809122,57.271030,5015.217171,0.000895,44.705976,7.281276,2.713648,-36.996702
0.857364,0.857068,57.270535,5011.153504,0.009849,44.632845,7.267416,2.706764,-36.997461
0.904836,0.906112,57.274189,5007.095538,0.020875,44.559465,7.252015,2.702431,-36.996441
0.954469,0.951596,57.277234,5003.041003,0.028883,44.484453,7.238194,2.697004,-36.996070
1.000493,0.999000,57.281963,4998.994692,0.037963,44.409700,7.223398,2.691304,-36.995854
1.048977,1.046959,57.287541,4994.952557,0.047162,44.337377,7.204042,2.685479,-36.996892
1.097815,1.092051,57.296042,4990.921034,0.054080,44.264302,7.186095,2.680599,-36.995876
1.145574,1.140100,57.302466,4986.896245,0.060853,44.189494,7.167639,2.674515,-36.996918
1.193299,1.186068,57.310737,4982.881089,0.070128,44.115129,7.147443,2.665716,-36.997550
1.241016,1.231076,57.320753,4978.877024,0.077194,44.041340,7.125806,2.656332,-36.997486
1.290168,1.277880,57.331756,4974.882935,0.082872,43.969388,7.103061,2.646769,-36.997269
1.337376,1.322555,57.342403,4970.899621,0.090865,43.897137,7.078860,2.639740,-36.998454
1.385258,1.367562,57.354104,4966.925974,0.096856,43.824380,7.055127,2.631320,-36.997582
1.433734,1.413296,57.367255,4962.963821,0.102353,43.753242,7.030357,2.621063,-36.997455
1.482229,1.460136,57.381923,4959.016130,0.107492,43.681527,7.005961,2.610491,-36.998723
1.528924,1.505012,57.394965,4955.078719,0.111340,43.611142,6.980684,2.601622,-36.999328
1.576238,1.551100,57.411006,4951.155514,0.115146,43.538893,6.954714,2.592103,-37.001846
1.623745,1.597080,57.426807,4947.245193,0.119251,43.467647,6.929349,2.582071,-37.001263
1.671835,1.643368,57.442669,4943.348737,0.122392,43.398002,6.902490,2.572271,-36.999398
1.720082,1.689555,57.457793,4939.466025,0.124452,43.327976,6.876181,2.561310,-36.997826
1.766463,1.735608,57.475371,4935.597288,0.128302,43.257868,6.850049,2.552855,-36.996939
1.815621,1.780202,57.493157,4931.744043,0.129361,43.187413,6.825063,2.542056,-36.997205
1.862306,1.825768,57.511027,4927.904654,0.129268,43.117412,6.797701,2.531892,-36.997465
1.911262,1.872051,57.527827,4924.079974,0.130105,43.048315,6.771467,2.520993,-36.996026
1.958930,1.918411,57.545201,4920.271330,0.128913,42.979455,6.745670,2.512346,-36.995672
2.008213,1.962919,57.560381,4916.477108,0.128638,42.912019,6.719220,2.503024,-36.995214
2.055684,2.008596,57.579632,4912.696406,0.129085,42.841944,6.692549,2.492296,-36.995421
2.104703,2.051647,57.595655,4908.931075,0.129409,42.773793,6.665473,2.482527,-36.996884
2.153411,2.096737,57.611384,4905.180120,0.127452,42.705182,6.640888,2.474118,-36.996397
2.201227,2.141811,57.627371,4901.446080,0.125244,42.637664,6.616321,2.463886,-36.999232
2.249471,2.188277,57.642498,4897.724497,0.123197,42.571547,6.591540,2.453835,-36.998458
2.297849,2.230922,57.657212,4894.019122,0.119438,42.504820,6.567294,2.444905,-36.998791
2.346403,2.276095,57.673121,4890.327129,0.115595,42.439404,6.542056,2.434228,-36.998852
2.393993,2.318805,57.687765,4886.648870,0.110483,42.371898,6.520271,2.425883,-36.997492
2.441302,2.362627,57.701507,4882.984280,0.106183,42.303622,6.497730,2.418205,-36.998631
2.489835,2.408198,57.714635,4879.333670,0.101092,42.236343,6.475282,2.411246,-36.998600
2.539870,2.452313,57.727837,4875.695981,0.095590,42.170794,6.453430,2.402381,-36.996529
2.586234,2.494886,57.740737,4872.072538,0.088809,42.105637,6.433529,2.394185,-36.996412
2.633916,2.537024,57.751951,4868.461500,0.081937,42.038544,6.412835,2.385069,-36.996048
2.682506,2.579794,57.761558,4864.861116,0.076150,41.973719,6.393662,2.377631,-36.996730
2.731047,2.621214,57.770985,4861.271362,0.068973,41.909434,6.374575,2.372758,-36.996959
2.779039,2.665399,57.779889,4857.695902,0.060217,41.844343,6.358036,2.366496,-36.997709
2.826991,2.706676,57.785819,4854.130486,0.053256,41.780657,6.340858,2.360488,-36.999190
2.876614,2.751241,57.791624,4850.577231,0.046068,41.715901,6.326541,2.354939,-36.998975
2.927263,2.793270,57.797286,4847.033843,0.037558,41.651775,6.311239,2.350029,-36.998645
2.976270,2.833451,57.799254,4843.501490,0.027572,41.588447,6.298766,2.346223,-36.997122
3.024834,2.877814,57.801788,4839.976535,0.020294,41.522258,6.286501,2.341646,-36.997823
3.073657,2.921270,57.802990,4836.460865,0.011966,41.457519,6.274936,2.336266,-36.998351
3.121563,2.962884,57.804925,4832.953835,0.003555,41.394231,6.266530,2.331061,-36.999461
3.170588,3.005078,57.802583,4829.454251,-0.003607,41.328851,6.256360,2.327948,-36.998572
3.219356,3.047448,57.801531,4825.961540,-0.014773,41.262121,6.248248,2.325690,-36.998470
3.266309,3.088179,57.798787,4822.475056,-0.025123,41.199793,6.242442,2.325758,-37.000083
3.313622,3.132072,57.795385,4818.994907,-0.035152,41.135130,6.238428,2.322812,-37.000312
3.361115,3.174704,57.791597,4815.519777,-0.045180,41.070950,6.233259,2.320294,-36.999023
3.409231,3.216995,57.785055,4812.048330,-0.056349,41.006886,6.230401,2.319303,-36.999201
3.457180,3.259816,57.778152,4808.582332,-0.068008,40.943878,6.230637,2.318093,-37.000098
3.506291,3.302572,57.769587,4805.118084,-0.079429,40.878888,6.231607,2.319407,-37.000749
3.554566,3.343477,57.757902,4801.657658,-0.089606,40.814994,6.231739,2.318334,-37.000702
3.602066,3.385823,57.744196,4798.200802,-0.100689,40.751800,6.232268,2.319071,-37.001624
3.650005,3.429047,57.730824,4794.745807,-0.112461,40.689197,6.235498,2.320452,-37.000389
3.699604,3.473011,57.717520,4791.289686,-0.123547,40.624370,6.237821,2.323694,-36.998247
3.748391,3.514887,57.702173,4787.835261,-0.135304,40.559022,6.243771,2.325425,-36.997733
3.798187,3.557487,57.683907,4784.381755,-0.147983,40.498403,6.251318,2.327894,-36.998567
3.848104,3.598955,57.665200,4780.924213,-0.161286,40.437092,6.258504,2.330306,-37.000159
3.896394,3.639951,57.644584,4777.465333,-0.172668,40.373262,6.268740,2.333751,-37.000317
3.945360,3.681888,57.622759,4774.005820,-0.184183,40.308320,6.277384,2.335413,-36.999960
3.992337,3.723249,57.598232,4770.541473,-0.194092,40.245337,6.290295,2.339349,-36.999748
4.040706,3.764633,57.575320,4767.073497,-0.204627,40.180555,6.302472,2.344146,-36.999785
4.090426,3.803882,57.548774,4763.601804,-0.214509,40.116489,6.317986,2.349750,-36.999401
4.140060,3.846964,57.519353,4760.123746,-0.226972,40.050295,6.331989,2.355294,-37.000305
4.189252,3.888197,57.488950,4756.639715,-0.238548,39.984914,6.347074,2.361500,-36.999413
4.237794,3.929545,57.458463,4753.148502,-0.250741,39.919403,6.365307,2.367413,-36.998641
4.287538,3.971649,57.427665,4749.652016,-0.261321,39.852194,6.383735,2.375591,-36.999001
4.334158,4.012696,57.392730,4746.144106,-0.272324,39.786939,6.405147,2.382553,-36.997751
4.382290,4.053629,57.358859,4742.628065,-0.282606,39.721831,6.425198,2.392625,-36.997455
4.431799,4.094183,57.323397,4739.102661,-0.292760,39.655965,6.448771,2.403925,-36.998974
4.480838,4.133414,57.286513,4735.569365,-0.302606,39.589564,6.473469,2.415167,-36.998796
4.530539,4.174719,57.250334,4732.022214,-0.314097,39.523825,6.500093,2.424415,-36.997319
4.579048,4.215282,57.211530,4728.464120,-0.325060,39.458351,6.525436,2.434167,-36.997406
4.626057,4.254295,57.171261,4724.893128,-0.333978,39.391053,6.553343,2.445862,-36.997127
4.675749,4.294312,57.129910,4721.308058,-0.341640,39.323415,6.583042,2.453870,-36.996043
4.724828,4.336932,57.085273,4717.710034,-0.350609,39.254322,6.613034,2.463074,-36.995568
4.772036,4.378015,57.041549,4714.095931,-0.359621,39.188093,6.643390,2.473327,-36.994262
4.821178,4.416769,56.997278,4710.466661,-0.367731,39.120240,6.676013,2.484082,-36.996639
4.870104,4.456427,56.951952,4706.822270,-0.376061,39.051212,6.706184,2.496682,-36.995842
4.920594,4.494552,56.905016,4703.162177,-0.383332,38.983493,6.741367,2.509648,-36.997665
4.970623,4.533669,56.858409,4699.485367,-0.390412,38.913442,6.776544,2.523321,-36.998301
5.019967,4.574875,56.811142,4695.788452,-0.396472,38.843648,6.811581,2.536848,-36.998810
5.068974,4.613388,56.762616,4692.074483,-0.402809,38.772020,6.846447,2.549767,-36.998512
5.118046,4.653784,56.714215,4688.341827,-0.409083,38.701544,6.882521,2.562801,-36.998930
5.165869,4.691630,56.664641,4684.590507,-0.414960,38.629961,6.921614,2.575876,-36.998235
5.215324,4.730139,56.613118,4680.819820,-0.418880,38.557411,6.959363,2.593342,-36.998376
5.264838,4.770852,56.560800,4677.026759,-0.423101,38.484536,6.995480,2.606640,-36.998340
5.312595,4.808124,56.510032,4673.214533,-0.425876,38.410612,7.035881,2.620499,-36.996985
5.362116,4.846651,56.455120,4669.380945,-0.429878,38.338363,7.076123,2.635846,-36.997393
5.412465,4.884118,56.403274,4665.525192,-0.432760,38.265187,7.116802,2.651135,-36.998356
5.461223,4.923966,56.351001,4661.645929,-0.435817,38.190670,7.158918,2.666874,-36.998268
5.509666,4.962588,56.300582,4657.745512,-0.437798,38.115573,7.199965,2.683785,-36.998790
5.558975,5.001495,56.247964,4653.819847,-0.439045,38.041272,7.241842,2.699622,-36.998897
5.608873,5.038400,56.196257,4649.873640,-0.439313,37.967296,7.282818,2.714786,-36.998258
5.658683,5.077243,56.141665,4645.903979,-0.440208,37.891160,7.324862,2.730946,-36.998323
5.708385,5.118176,56.087013,4641.910357,-0.439392,37.814732,7.367452,2.746820,-36.998026
5.758139,5.155067,56.033744,4637.892725,-0.439081,37.736830,7.408743,2.763885,-36.999684
5.807546,5.193405,55.979543,4633.851279,-0.438405,37.658745,7.450205,2.778130,-37.000124
5.856998,5.232498,55.927687,4629.785118,-0.436203,37.580322,7.494081,2.794108,-36.999192
5.907075,5.271109,55.872430,4625.693949,-0.435248,37.502409,7.537148,2.810381,-36.998979
5.957136,5.309694,55.821486,4621.580130,-0.433283,37.422221,7.581028,2.826394,-36.999464
6.005201,5.347510,55.767856,4617.440729,-0.430211,37.342600,7.623166,2.840366,-36.999320
6.053238,5.385092,55.718010,4613.276154,-0.426774,37.260614,7.662331,2.855135,-37.000891
6.102850,5.421936,55.665008,4609.087011,-0.423791,37.178840,7.705605,2.871696,-37.001072
6.150040,5.459671,55.613173,4604.874730,-0.419434,37.095011,7.746959,2.887607,-37.000923
6.198995,5.497953,55.561631,4600.638808,-0.414831,37.013783,7.787859,2.901327,-37.001487
6.246822,5.534683,55.511709,4596.376610,-0.408179,36.929408,7.826819,2.915148,-37.000607
6.295686,5.571572,55.462081,4592.093380,-0.404151,36.847385,7.865118,2.929386,-37.000407
6.344733,5.608872,55.414408,4587.788171,-0.397083,36.763509,7.904675,2.942500,-36.998658
6.393509,5.646763,55.367557,4583.457522,-0.388947,36.679522,7.943883,2.958467,-36.998915
6.441530,5.683078,55.322288,4579.105244,-0.381951,36.594686,7.981977,2.973261,-36.999801
6.491228,5.720038,55.275855,4574.731301,-0.375003,36.511030,8.018985,2.987147,-36.999922
6.541284,5.755831,55.231485,4570.334303,-0.367713,36.425383,8.055220,3.000420,-36.999972
6.589377,5.792243,55.188310,4565.915479,-0.360478,36.339746,8.090404,3.013048,-36.998864
6.638719,5.829335,55.143107,4561.477242,-0.351742,36.254045,8.123918,3.027453,-37.001551
6.687977,5.865522,55.101338,4557.017167,-0.341983,36.168057,8.156101,3.039458,-37.002545
6.737158,5.900920,55.061343,4552.538436,-0.332854,36.082041,8.184964,3.050994,-37.001597
6.785974,5.938253,55.023196,4548.040103,-0.323470,35.993371,8.215003,3.061208,-37.001481
6.834700,5.974175,54.984619,4543.522025,-0.313501,35.905395,8.242411,3.070377,-37.000351
6.885291,6.009054,54.947584,4538.988819,-0.302764,35.817853,8.269032,3.079346,-37.000666
6.934186,6.044064,54.912455,4534.437661,-0.293736,35.730394,8.292431,3.088886,-37.000578
6.983542,6.078859,54.878483,4529.869897,-0.284900,35.642112,8.314505,3.096468,-36.998823
7.031841,6.113695,54.846692,4525.288095,-0.273371,35.552708,8.337661,3.105044,-36.999279
7.079983,6.150055,54.814198,4520.690402,-0.262759,35.462100,8.358796,3.111540,-36.998581
7.129775,6.186072,54.783401,4516.079614,-0.250673,35.370998,8.377495,3.116656,-36.997987
7.178331,6.220596,54.754752,4511.453613,-0.240636,35.281673,8.395203,3.122607,-36.998189
7.227879,6.255537,54.726446,4506.818875,-0.228503,35.191519,8.408575,3.128442,-36.998598
7.277418,6.291177,54.700470,4502.170946,-0.217663,35.099478,8.422126,3.133203,-36.999710
7.327664,6.325400,54.675575,4497.512828,-0.207479,35.007693,8.434039,3.137829,-37.001476
7.376729,6.360357,54.652305,4492.847264,-0.195730,34.916970,8.444882,3.143740,-36.999610
7.424952,6.395261,54.629806,4488.172835,-0.182368,34.824978,8.453593,3.145985,-36.999388
7.475554,6.428841,54.609239,4483.491566,-0.169607,34.734426,8.461075,3.149149,-37.000466
7.524753,6.462392,54.588737,4478.803845,-0.158241,34.641540,8.467111,3.150830,-36.999981
7.572431,6.496319,54.570121,4474.111222,-0.146678,34.550017,8.470820,3.152651,-37.001174
7.622303,6.530731,54.552883,4469.413996,-0.133633,34.458688,8.473160,3.153553,-37.002856
7.672581,6.566266,54.538739,4464.711468,-0.123319,34.368150,8.474292,3.154271,-37.001294
7.721994,6.598066,54.522448,4460.008925,-0.112909,34.275561,8.472820,3.153922,-37.001489
7.770063,6.630526,54.510882,4455.301969,-0.101633,34.183314,8.470735,3.152715,-37.003057
7.818305,6.663469,54.497620,4450.595573,-0.091013,34.089746,8.465969,3.150781,-37.001191
7.868462,6.696083,54.487445,4445.887351,-0.079142,33.998077,8.460362,3.148655,-37.001171
7.918736,6.730272,54.480356,4441.180671,-0.067793,33.905497,8.453600,3.146641,-37.000738
7.970555,6.764763,54.471189,4436.476952,-0.058866,33.812535,8.444519,3.143180,-37.001836
8.019087,6.798731,54.465757,4431.776730,-0.050689,33.719678,8.434031,3.142275,-37.001235
8.068926,6.833541,54.458302,4427.080508,-0.041195,33.628919,8.421810,3.137521,-37.000261
8.118579,6.867416,54.452166,4422.386450,-0.031600,33.536887,8.409056,3.133947,-37.001464
8.167559,6.899588,54.449329,4417.698558,-0.023843,33.446005,8.394587,3.127740,-37.000210
8.216426,6.932387,54.450008,4413.015454,-0.014331,33.353353,8.380524,3.121548,-37.001713
8.265775,6.965516,54.447176,4408.338470,-0.007848,33.261423,8.364288,3.116211,-37.002133
8.314793,6.996899,54.446651,4403.671304,-0.000852,33.169519,8.347645,3.111943,-37.002347
8.363946,7.028902,54.445134,4399.010819,0.007837,33.076948,8.330065,3.103751,-37.002427
8.414363,7.061861,54.446558,4394.358290,0.017070,32.984948,8.311879,3.095647,-37.002168
8.464894,7.093729,54.449269,4389.713835,0.023008,32.893339,8.293442,3.087605,-37.002947
8.513917,7.125807,54.450495,4385.080410,0.029840,32.803003,8.273997,3.078861,-37.002035
8.563067,7.158337,54.454033,4380.458640,0.035480,32.711721,8.254066,3.069836,-37.000788
8.614253,7.190576,54.457753,4375.846364,0.039830,32.622780,8.230931,3.062198,-37.001418
8.662793,7.222528,54.463038,4371.243712,0.042497,32.532525,8.207578,3.054654,-37.002398
8.711460,7.253149,54.467863,4366.655356,0.044963,32.441670,8.185927,3.046776,-37.001035
8.762275,7.283887,54.473231,4362.075920,0.044575,32.351927,8.162483,3.036527,-36.998812
8.812036,7.316065,54.477625,4357.511074,0.048287,32.262132,8.139412,3.027178,-36.999360
8.861004,7.346934,54.483428,4352.958396,0.051237,32.170324,8.115179,3.019105,-36.999099
8.909425,7.377587,54.489212,4348.418692,0.053262,32.081273,8.091479,3.012661,-37.000327
8.958324,7.408447,54.496841,4343.890367,0.055227,31.992100,8.067816,3.002653,-36.999427
9.009007,7.440924,54.503952,4339.374463,0.055837,31.902109,8.043845,2.994002,-37.000833
9.058946,7.473426,54.512232,4334.872045,0.055801,31.814424,8.018410,2.986410,-37.000232
9.106759,7.506048,54.518483,4330.384772,0.055694,31.726230,7.994216,2.977888,-36.999496
9.154711,7.535967,54.524185,4325.909570,0.053217,31.637214,7.971477,2.968993,-36.998606
9.204127,7.565477,54.530340,4321.446126,0.051954,31.549588,7.948392,2.959605,-36.998962
9.254076,7.596203,54.535380,4316.996089,0.049525,31.462414,7.925758,2.950554,-36.998730
9.304350,7.628121,54.541755,4312.562630,0.048034,31.375042,7.901777,2.940103,-36.996165
9.352821,7.659381,54.548416,4308.140508,0.045025,31.286978,7.878447,2.930140,-36.997274
9.401021,7.689328,54.553335,4303.731481,0.042411,31.200014,7.857891,2.921331,-36.998269
9.450496,7.719235,54.556976,4299.335949,0.038737,31.113338,7.838101,2.913490,-36.997859
9.497448,7.749049,54.560369,4294.953454,0.034899,31.026564,7.817896,2.903988,-37.000337
9.545706,7.777537,54.564693,4290.582872,0.029493,30.940849,7.797339,2.896312,-36.999127
9.594718,7.806924,54.568557,4286.224574,0.025934,30.854320,7.777835,2.888261,-36.998149
9.643652,7.836831,54.569974,4281.878460,0.022071,30.765796,7.757219,2.882815,-36.997300
9.692395,7.866149,54.570876,4277.545032,0.016705,30.681190,7.740074,2.875085,-37.000576
9.742871,7.894690,54.574232,4273.217444,0.041596,30.688370,7.720932,2.869889,-0.000886
9.791461,7.924670,54.582443,4268.894873,0.065421,30.696052,7.699576,2.862090,-0.002768
9.841591,7.954220,54.589948,4264.580320,0.089863,30.702615,7.675216,2.852838,-0.001892
9.890499,7.983625,54.601813,4260.273316,0.113488,30.710497,7.647938,2.844079,-0.001447
9.937803,8.014811,54.614993,4255.978454,0.136169,30.716606,7.617904,2.832828,-0.001052
9.986999,8.044624,54.630698,4251.693613,0.157114,30.722748,7.585093,2.820104,-0.000315
10.034873,8.074895,54.649852,4247.423995,0.177673,30.730136,7.550042,2.809772,0.000242
10.082873,8.105886,54.670554,4243.170234,0.197200,30.737963,7.515071,2.796943,0.001734
10.131972,8.133888,54.692680,4238.932541,0.216573,30.745517,7.475518,2.783597,0.003096
10.179827,8.163523,54.718687,4234.711939,0.235839,30.753203,7.433307,2.768038,0.003360
10.228057,8.192965,54.747003,4230.509282,0.255038,30.761153,7.390180,2.751778,0.001768
10.277932,8.222392,54.777330,4226.326677,0.269815,30.768953,7.346511,2.735312,0.002355
10.326620,8.252972,54.807020,4222.164624,0.285636,30.777191,7.300415,2.718444,0.001917
10.373727,8.281299,54.838649,4218.025718,0.299939,30.784605,7.252284,2.701449,0.001840
10.421726,8.310083,54.874337,4213.910431,0.313346,30.792412,7.204194,2.682897,0.003022
10.469999,8.337495,54.909717,4209.817930,0.325353,30.800977,7.155739,2.666078,0.003058
10.518319,8.366594,54.946266,4205.749148,0.335792,30.806122,7.104310,2.649378,0.002446
10.566790,8.395311,54.984628,4201.706534,0.344910,30.814110,7.053147,2.628621,0.001955
10.615085,8.424999,55.021877,4197.692019,0.355813,30.821143,7.001272,2.609413,0.001618
10.662256,8.455938,55.059889,4193.703989,0.365176,30.828969,6.949624,2.589571,0.001079
10.710320,8.484394,55.099450,4189.742884,0.370913,30.835151,6.898529,2.567899,0.002651
10.760206,8.514125,55.141260,4185.810648,0.374387,30.844179,6.846546,2.548324,0.002259
10.808197,8.543840,55.181538,4181.905774,0.377701,30.851564,6.791442,2.529751,0.001490
10.857809,8.571247,55.221818,4178.029171,0.380695,30.860101,6.740526,2.510876,0.000551
10.907623,8.600278,55.262652,4174.180171,0.381305,30.865820,6.689707,2.490787,-0.000820
10.955253,8.631451,55.304198,4170.358298,0.381537,30.872618,6.639563,2.472714,0.000147
11.004039,8.658766,55.344883,4166.564432,0.381124,30.880610,6.588004,2.452777,0.000637
11.051982,8.687069,55.385614,4162.799914,0.379414,30.889989,6.538051,2.434503,-0.000281
11.099348,8.716143,55.428477,4159.062615,0.375772,30.896271,6.488732,2.417200,0.001703
11.146579,8.746278,55.469032,4155.353481,0.370360,30.904198,6.441090,2.399773,0.000858
11.195015,8.775518,55.507926,4151.672936,0.364417,30.912873,6.393376,2.381142,-0.000691
11.243498,8.806497,55.547540,4148.023187,0.358597,30.921681,6.345392,2.364430,0.000403
11.292495,8.835485,55.586496,4144.399577,0.351793,30.929580,6.301076,2.348125,0.002287
11.341638,8.864055,55.623606,4140.804270,0.344501,30.937562,6.257067,2.332455,0.002133
11.387854,8.895328,55.663001,4137.234136,0.334018,30.945780,6.216145,2.317589,0.003555
11.436079,8.924383,55.698907,4133.689607,0.323388,30.954325,6.173610,2.302701,0.002825
11.482639,8.952334,55.733354,4130.170096,0.314677,30.963000,6.132283,2.285954,0.002058
11.529290,8.980735,55.767116,4126.674468,0.301973,30.969495,6.091276,2.271758,0.002081
11.577546,9.009676,55.798064,4123.207073,0.288337,30.977774,6.054148,2.258139,0.001577
11.624195,9.039528,55.828639,4119.762630,0.274108,30.988135,6.017671,2.244227,0.001611
11.670798,9.068646,55.858949,4116.341744,0.259121,30.995288,5.983634,2.231098,0.001051
11.717547,9.098258,55.885669,4112.941766,0.244775,31.003787,5.950103,2.218845,0.001302
11.765187,9.127405,55.911763,4109.565383,0.229526,31.011346,5.917919,2.205176,0.000685
11.812412,9.155881,55.936252,4106.208858,0.211946,31.020219,5.889132,2.194732,0.000853
11.858374,9.185362,55.958433,4102.871932,0.194676,31.029138,5.861878,2.185920,-0.000564
11.904343,9.214007,55.979369,4099.554737,0.174633,31.036088,5.835484,2.175992,-0.000667
11.952305,9.242791,55.994914,4096.256531,0.157693,31.046841,5.811266,2.167340,-0.000816
11.998227,9.271776,56.009860,4092.977144,0.136950,31.054918,5.790153,2.158217,-0.001370
12.045498,9.299591,56.023198,4089.713601,0.116645,31.065894,5.771209,2.152087,-0.001887
12.092658,9.328448,56.035162,4086.466113,0.096649,31.074891,5.754971,2.145301,-0.001196
12.139610,9.355113,56.044545,4083.234364,0.076839,31.084261,5.738698,2.139498,0.000878
12.187404,9.381680,56.049859,4080.014847,0.053800,31.091176,5.722868,2.135370,-0.001494
12.233034,9.411512,56.054002,4076.810676,0.031569,31.099372,5.710994,2.130904,-0.000743
12.278068,9.440464,56.056640,4073.617617,0.010581,31.107991,5.699985,2.124612,-0.001230
12.326306,9.469565,56.056673,4070.436375,-0.010865,31.116080,5.689354,2.120222,-0.002874
12.371139,9.497281,56.053938,4067.265064,-0.032393,31.124734,5.684272,2.117575,-0.002387
12.418373,9.525359,56.048280,4064.103359,-0.055832,31.133486,5.678368,2.114593,-0.003669
12.463835,9.553808,56.040975,4060.949042,-0.079451,31.143805,5.676098,2.112278,-0.003669
12.510719,9.582888,56.031442,4057.802873,-0.104105,31.153677,5.674653,2.113317,-0.002199
12.557664,9.612349,56.017481,4054.660971,-0.127678,31.162129,5.677309,2.114001,-0.004205
12.604788,9.639373,55.999414,4051.528557,-0.190956,31.261253,5.680975,2.116357,47.996000
12.651986,9.667537,55.975248,4048.408055,-0.254959,31.361759,5.693509,2.118314,47.995557
12.699019,9.695862,55.945203,4045.296791,-0.317706,31.461062,5.710177,2.124809,47.995944
12.744664,9.725231,55.908448,4042.190604,-0.381078,31.559298,5.731148,2.132623,47.994941
12.789002,9.756517,55.863705,4039.087912,-0.444032,31.659638,5.758271,2.141783,47.996955
12.833895,9.786406,55.812947,4035.983072,-0.509148,31.758961,5.790367,2.153851,47.997549
12.880014,9.815221,55.756921,4032.876484,-0.572538,31.861056,5.826889,2.166766,47.997433
12.926016,9.844908,55.693619,4029.763058,-0.633675,31.963058,5.871386,2.184330,47.997527
12.973421,9.872944,55.624330,4026.637321,-0.695356,32.065893,5.921003,2.203861,47.997371
13.018449,9.904439,55.549018,4023.500212,-0.756070,32.168692,5.976488,2.226913,47.997746
13.063993,9.932542,55.465361,4020.344985,-0.816329,32.272671,6.035781,2.248968,47.997459
13.109189,9.961781,55.376604,4017.168294,-0.873079,32.377989,6.103815,2.272474,47.997273
13.154279,9.992283,55.280077,4013.967306,-0.931170,32.483863,6.174630,2.298958,47.997258
13.198490,10.023480,55.178886,4010.737906,-0.989495,32.592095,6.252572,2.328252,47.997459
13.242459,10.051175,55.070749,4007.481195,-1.045689,32.702641,6.336133,2.358833,47.998385
13.287583,10.080134,54.957364,4004.188280,-1.101492,32.813649,6.425944,2.393849,47.997765
13.331621,10.110875,54.838096,4000.857404,-1.156147,32.926655,6.521626,2.430850,47.999358
13.377982,10.141601,54.713957,3997.483865,-1.208994,33.042289,6.624293,2.469776,47.999674
13.423625,10.171231,54.584018,3994.063720,-1.258889,33.158492,6.733595,2.510688,48.000404
13.469057,10.200714,54.449915,3990.591911,-1.308347,33.276814,6.849515,2.552193,48.000393
13.515299,10.231870,54.311369,3987.067058,-1.357612,33.397792,6.975153,2.599108,48.001573
13.558861,10.262907,54.168014,3983.482974,-1.403150,33.520450,7.106166,2.648145,48.002743
13.605801,10.291634,54.016917,3979.834465,-1.450004,33.645995,7.243822,2.698710,48.002529
13.648331,10.321193,53.863566,3976.118172,-1.492703,33.774725,7.386979,2.751918,48.002709
13.692563,10.352190,53.706056,3972.331882,-1.536156,33.905999,7.537691,2.808935,48.002075
13.737102,10.384669,53.544778,3968.466583,-1.575890,34.039099,7.697484,2.866651,48.002239
13.780050,10.414417,53.379215,3964.523909,-1.612440,34.174841,7.862500,2.929385,48.005326
13.825553,10.445760,53.210518,3960.492640,-1.645280,34.312574,8.034488,2.993489,48.004043
13.870803,10.476166,53.037505,3956.371784,-1.676697,34.455469,8.214398,3.060114,48.003553
13.912464,10.506282,52.861902,3952.156901,-1.704343,34.601953,8.402012,3.129213,48.002013
13.954468,10.534780,52.683156,3947.842630,-1.730930,34.749619,8.595679,3.202347,48.003313
13.995894,10.565029,52.504142,3943.424310,-1.754200,34.901406,8.796143,3.277796,48.001478
14.037828,10.595888,52.324467,3938.897160,-1.776124,35.057969,9.005349,3.353907,48.001280
14.082081,10.628242,52.140993,3934.258050,-1.794947,35.215745,9.220067,3.431965,47.999801
14.124277,10.659792,51.955604,3929.498276,-1.810326,35.377947,9.440779,3.516113,47.997898
14.166546,10.691353,51.769454,3924.621218,-1.822372,35.543741,9.666216,3.600501,47.997513
14.209934,10.722916,51.583322,3919.617175,-1.830710,35.714436,9.899001,3.686448,47.995562
14.252965,10.756117,51.396355,3914.482209,-1.837348,35.889556,10.137679,3.775190,47.994967
14.296720,10.787428,51.207041,3909.215307,-1.838749,36.069137,10.379829,3.866124,47.995716
14.337909,10.818516,51.018282,3903.808252,-1.836140,36.251718,10.627991,3.959777,47.997217
14.380394,10.849279,50.830664,3898.261088,-1.828955,36.438979,10.881505,4.054999,47.998695
14.421609,10.881690,50.641567,3892.569896,-1.818651,36.631922,11.137694,4.148813,47.998848
14.463162,10.915628,50.458942,3886.733676,-1.806749,36.827823,11.396583,4.245034,47.999991
14.503643,10.947089,50.274576,3880.747032,-1.790274,37.030508,11.657706,4.341905,47.999926
14.545606,10.979055,50.094027,3874.609333,-1.769701,37.235807,11.920960,4.439664,47.999444
14.589699,11.010032,49.916498,3868.317417,-1.748600,37.444142,12.186401,4.537144,47.998200
14.629752,11.044237,49.740594,3861.871190,-1.720920,37.658592,12.447751,4.635784,47.999192
14.669665,11.076898,49.567281,3855.270968,-1.691581,37.878285,12.710485,4.733287,47.998320
14.710342,11.110031,49.398095,3848.517855,-1.658767,38.104227,12.969371,4.829310,47.998870
14.749834,11.144038,49.231298,3841.611614,-1.619328,38.332691,13.226361,4.925322,47.996888
14.789745,11.177514,49.069067,3834.552078,-1.576990,38.567565,13.479069,5.017467,47.997372
14.830256,11.211193,48.913277,3827.342630,-1.530206,38.806066,13.725077,5.109774,47.996733
14.869257,11.245872,48.763022,3819.982815,-1.479206,39.050083,13.965848,5.200595,47.997203
14.909599,11.278116,48.616867,3812.479600,-1.425483,39.297619,14.197704,5.286849,47.996343
14.949252,11.311478,48.477928,3804.837375,-1.370092,39.550818,14.421023,5.371163,47.996009
14.986920,11.346603,48.345554,3797.056671,-1.309609,39.806271,14.633837,5.452744,47.996131
15.025825,11.379524,48.218927,3789.142955,-1.247219,40.064555,14.835143,5.526789,47.996423
15.065965,11.412631,48.099144,3781.107133,-1.180987,40.328026,15.024523,5.596535,47.996010
15.104234,11.445841,47.987023,3772.950213,-1.112006,40.594961,15.199648,5.663187,47.995632
15.142436,11.480138,47.881118,3764.681976,-1.041504,40.866421,15.361525,5.724904,47.995925
15.182952,11.514625,47.782863,3756.310070,-0.968159,41.142859,15.507748,5.779322,47.998903
15.219553,11.548578,47.691755,3747.842885,-0.893708,41.420486,15.637599,5.828323,47.998797
15.255317,11.581129,47.608970,3739.286901,-0.816829,41.698508,15.751549,5.869334,47.997846
15.291790,11.615901,47.533381,3730.654026,-0.737088,41.982334,15.848713,5.904625,47.999052
15.330641,11.652039,47.465117,3721.950038,-0.656265,42.268025,15.924435,5.934793,48.000897
15.367000,11.688343,47.403161,3713.188687,-0.577027,42.555485,15.984603,5.957067,47.998974
15.403281,11.722842,47.350378,3704.379835,-0.495082,42.845981,16.024419,5.971963,48.000977
15.439461,11.757300,47.306439,3695.533170,-0.411893,43.137004,16.047100,5.979602,48.000507
15.474045,11.793729,47.272059,3686.657641,-0.328847,43.426554,16.051314,5.978245,48.000498
15.510007,11.827488,47.244268,3677.764403,-0.246107,43.717612,16.036508,5.973456,48.000867
15.545121,11.862810,47.225437,3668.864776,-0.164623,44.007999,16.003238,5.960713,48.000163
15.579972,11.899538,47.212163,3659.966707,-0.084106,44.298848,15.951979,5.941475,47.999906
15.615029,11.935032,47.209251,3651.082178,-0.005021,44.591846,15.882488,5.916113,48.001633
15.650323,11.971059,47.212499,3642.220927,0.073478,44.881551,15.797592,5.882074,48.002597
15.684408,12.006005,47.221790,3633.390823,0.152098,45.172328,15.698138,5.843092,48.003938
15.718533,12.040647,47.239598,3624.601599,0.230441,45.459559,15.582369,5.801372,48.002679
15.754156,12.076474,47.265251,3615.862659,0.304344,45.746626,15.452312,5.752264,48.002592
15.788368,12.111776,47.298007,3607.182397,0.376739,46.031232,15.309118,5.700187,48.001076
15.821266,12.148210,47.337105,3598.567456,0.445390,46.315057,15.153274,5.641037,48.001883
15.855260,12.183765,47.383211,3590.026664,0.510711,46.594398,14.984050,5.579373,48.000584
15.887655,12.218938,47.434170,3581.563293,0.575315,46.873869,14.807677,5.513885,48.001353
15.920188,12.255679,47.490567,3573.188561,0.637395,47.151551,14.619057,5.443725,48.002536
15.952470,12.291917,47.553191,3564.903591,0.694157,47.425178,14.424634,5.370411,48.003953
15.983733,12.329397,47.620646,3556.712784,0.748013,47.696383,14.221733,5.296655,48.003433
16.015428,12.365389,47.691643,3548.623681,0.799292,47.963573,14.014017,5.219597,48.003200
16.047246,12.402693,47.767833,3540.640066,0.846489,48.227596,13.803844,5.139232,48.002363
16.079595,12.439303,47.849241,3532.763900,0.890552,48.489529,13.588515,5.058608,48.001131
16.111375,12.477957,47.933839,3524.999910,0.931174,48.748086,13.370632,4.976677,48.001027
16.142569,12.514938,48.022606,3517.351312,0.968985,49.001738,13.151117,4.895266,48.000418
16.173976,12.553419,48.111806,3509.816924,1.003779,49.252066,12.929573,4.813292,47.999671
16.205766,12.589137,48.205822,3502.396784,1.032202,49.500107,12.705942,4.730403,48.000216
16.236969,12.626912,48.300338,3495.096091,1.056906,49.744976,12.486041,4.646985,47.999202
16.266247,12.664520,48.399717,3487.910992,1.078513,49.984927,12.267064,4.565461,47.999769
16.294143,12.702549,48.499474,3480.843184,1.097796,50.221358,12.047469,4.482803,47.999444
16.324531,12.740793,48.600474,3473.893772,1.111154,50.454601,11.831920,4.403495,47.996467
16.355176,12.777801,48.700953,3467.061431,1.121588,50.684126,11.617299,4.325774,47.995904
16.385429,12.814016,48.801769,3460.346236,1.128066,50.910563,11.409170,4.246971,47.997561
16.412285,12.851889,48.905037,3453.743782,1.130481,51.133997,11.203297,4.169624,47.996433
16.441254,12.889313,49.006756,3447.253763,1.131711,51.353490,11.002077,4.095247,47.997539
16.471853,12.927039,49.108832,3440.877757,1.126426,51.569956,10.805030,4.021761,47.998778
16.501946,12.965783,49.210739,3434.611439,1.118898,51.781476,10.612134,3.950544,47.997996
16.528446,13.003114,49.311030,3428.451287,1.107957,51.991212,10.427780,3.880984,47.997086
16.556001,13.040906,49.408617,3422.398711,1.094569,52.197299,10.243739,3.813820,47.997244
16.584420,13.077358,49.507561,3416.447811,1.077785,52.398979,10.070309,3.748835,47.997527
16.611850,13.115514,49.602617,3410.594617,1.058262,52.600062,9.902358,3.689732,47.998159
16.638349,13.154332,49.694737,3404.841281,1.034225,52.799541,9.741625,3.629962,47.997325
16.665479,13.192561,49.786323,3399.182267,1.007818,52.996522,9.586169,3.571209,47.997116
16.691250,13.230008,49.873770,3393.616707,0.979380,53.190669,9.435735,3.516272,47.997272
16.719564,13.267427,49.958341,3388.139026,0.949214,53.380139,9.293083,3.460346,47.997366
16.746779,13.306033,50.042320,3382.749351,0.915514,53.569115,9.157201,3.409648,47.997167
16.773038,13.344439,50.121779,3377.442732,0.880392,53.753245,9.026846,3.362142,47.995869
16.798733,13.382799,50.197623,3372.215160,0.840989,53.938833,8.904262,3.316289,47.997351
16.823995,13.421259,50.268814,3367.065681,0.800442,54.121434,8.787992,3.273037,47.998875
16.849560,13.457721,50.337979,3361.990686,0.756856,54.301050,8.675708,3.232904,47.999048
16.873602,13.496234,50.402115,3356.986421,0.711269,54.479523,8.571425,3.194296,47.997336
16.900623,13.536539,50.461716,3352.048658,0.665099,54.656638,8.473077,3.157737,47.996950
16.927564,13.574009,50.518761,3347.177707,0.616661,54.834050,8.382958,3.124413,47.994597
16.954741,13.613096,50.568520,3342.366324,0.566428,55.006991,8.296188,3.093327,47.994371
16.980450,13.652422,50.616373,3337.615481,0.514898,55.180225,8.217203,3.063040,47.997625
17.007044,13.691084,50.659690,3332.920786,0.460637,55.349973,8.145018,3.037445,47.998534
17.030247,13.729164,50.695858,3328.278712,0.404919,55.521264,8.078577,3.012206,47.996962
17.055676,13.766563,50.728963,3323.684691,0.349455,55.689620,8.019409,2.989874,47.997300
17.081576,13.805771,50.756151,3319.137477,0.291747,55.858541,7.966494,2.969907,47.997742
17.105253,13.844992,50.781598,3314.632096,0.233481,56.025191,7.920206,2.952212,47.997272
17.129774,13.883838,50.801496,3310.165390,0.173378,56.192802,7.878883,2.937047,47.999304
17.154158,13.922474,50.814634,3305.737356,0.112618,56.361298,7.844018,2.925513,48.000233
17.178030,13.961857,50.820606,3301.340072,0.053473,56.527410,7.815961,2.914899,47.999781
17.201854,14.000151,50.822534,3296.974588,-0.006076,56.692368,7.792523,2.907020,47.999439
17.226212,14.036866,50.818591,3292.635846,-0.069120,56.857957,7.775597,2.899162,47.999142
17.249958,14.074639,50.810355,3288.320339,-0.129939,57.026136,7.764246,2.895167,48.000100
17.274916,14.114411,50.797028,3284.024810,-0.192546,57.192591,7.761735,2.893659,47.999969
17.299571,14.153181,50.777239,3279.743768,-0.255789,57.358349,7.763543,2.894382,48.000794
17.322956,14.190951,50.751861,3275.478260,-0.317918,57.525117,7.770711,2.898039,48.001071
17.346298,14.229196,50.718878,3271.222451,-0.381423,57.690879,7.783517,2.905034,47.998847
17.369803,14.268156,50.683409,3266.975370,-0.445879,57.858719,7.802230,2.910419,47.996471
17.393491,14.306418,50.642376,3262.734142,-0.509151,58.025891,7.825408,2.919358,47.996176
17.417379,14.347105,50.595073,3258.491790,-0.571786,58.194207,7.855306,2.930651,47.995765
17.440474,14.385269,50.542391,3254.244255,-0.634865,58.364292,7.891248,2.944218,47.996738
17.463778,14.425471,50.486041,3249.993231,-0.696472,58.535572,7.934727,2.960341,47.998067
17.484167,14.465065,50.423864,3245.730312,-0.755471,58.706660,7.983000,2.977420,47.999172
17.506247,14.503005,50.357090,3241.453580,-0.816623,58.881333,8.037355,2.997825,47.998338
17.528210,14.539506,50.286040,3237.161688,-0.878323,59.057303,8.097014,3.020557,47.999861
17.551285,14.579397,50.210118,3232.847487,-0.937308,59.234531,8.162877,3.044971,47.999938
17.575260,14.618868,50.128338,3228.510902,-0.993871,59.413328,8.236894,3.069537,47.999760
17.595154,14.658135,50.040660,3224.144447,-1.049872,59.593661,8.313567,3.100530,48.000270
17.616873,14.697019,49.949909,3219.746378,-1.106192,59.775439,8.396920,3.130651,48.001454
17.638693,14.736321,49.855161,3215.312851,-1.161001,59.956671,8.487642,3.162387,48.000691
17.660669,14.774879,49.757285,3210.842730,-1.213699,60.144565,8.582946,3.198867,48.000902
17.682628,14.814357,49.656836,3206.322344,-1.189585,60.161235,8.680430,3.235740,0.002210
17.703360,14.852589,49.558848,3201.741486,-1.160422,60.175632,8.775864,3.269964,0.001963
17.725623,14.892394,49.461028,3197.098447,-1.128530,60.189897,8.871920,3.304141,0.002244
17.746755,14.929069,49.369837,3192.395305,-1.094604,60.206769,8.964075,3.339347,0.000848
17.766287,14.968231,49.278928,3187.634853,-1.060492,60.221787,9.052088,3.373190,0.000897
17.788729,15.006734,49.192751,3182.815388,-1.023398,60.237554,9.136498,3.404105,0.000195
17.810311,15.043565,49.110206,3177.941307,-0.984125,60.251408,9.215876,3.435312,0.000908
17.829939,15.082030,49.031221,3173.013994,-0.941854,60.266426,9.291812,3.461601,0.000071
17.849787,15.122105,48.954315,3168.035827,-0.899376,60.282309,9.362200,3.487288,-0.000662
17.869914,15.159266,48.881809,3163.007766,-0.853858,60.298547,9.427643,3.512507,-0.000322
17.890852,15.199155,48.812012,3157.934543,-0.807339,60.312324,9.489522,3.535348,-0.002308
17.912287,15.237424,48.745637,3152.812776,-0.758923,60.330202,9.546599,3.555498,-0.002623
17.933266,15.277068,48.685521,3147.650615,-0.708097,60.347001,9.596944,3.573614,-0.001758
17.954247,15.314449,48.629734,3142.448979,-0.657434,60.362401,9.643162,3.589061,-0.000390
17.974686,15.351967,48.576418,3137.212039,-0.604617,60.379121,9.679032,3.604752,0.000099
17.994921,15.392332,48.529123,3131.942571,-0.551110,60.396466,9.712046,3.618034,0.001067
18.015010,15.430802,48.486740,3126.642016,-0.498090,60.412103,9.739643,3.627535,0.001524
18.036416,15.468303,48.449094,3121.314089,-0.443407,60.427555,9.758490,3.633501,0.002042
18.056678,15.505725,48.414784,3115.966786,-0.389023,60.442624,9.768699,3.638585,0.001207
18.076443,15.543497,48.385916,3110.597411,-0.334841,60.458029,9.773873,3.642370,0.002577
18.095979,15.582305,48.360115,3105.211064,-0.279503,60.471692,9.773871,3.643129,0.002126
18.116632,15.619807,48.339557,3099.813296,-0.223700,60.489361,9.770876,3.641555,0.002340
18.138243,15.657591,48.321224,3094.407335,-0.168788,60.506731,9.760123,3.637440,0.002546
18.157827,15.695319,48.309724,3088.995061,-0.115253,60.523677,9.742753,3.631011,0.001748
18.179103,15.732824,48.302133,3083.581257,-0.062939,60.539035,9.719625,3.620838,0.000919
18.198482,15.771618,48.300633,3078.169057,-0.009909,60.554929,9.691149,3.610140,0.000720
18.220445,15.810201,48.301216,3072.763413,0.040812,60.569844,9.653848,3.596525,0.001749
18.241985,15.846984,48.307467,3067.365944,0.091579,60.585084,9.611724,3.580901,0.001710
18.263757,15.883510,48.316110,3061.979523,0.142162,60.601002,9.565032,3.562214,0.001899
18.285148,15.920868,48.329745,3056.605804,0.188719,60.615375,9.513665,3.545038,0.000319
18.305168,15.960143,48.347607,3051.251149,0.234789,60.631795,9.457341,3.524304,0.001138
18.324370,15.997907,48.366391,3045.919128,0.280019,60.646383,9.397420,3.501674,-0.000318
18.343454,16.036316,48.389946,3040.609761,0.322693,60.661410,9.331862,3.477727,-0.001700
18.363128,16.073359,48.415885,3035.329630,0.363950,60.677222,9.263361,3.451987,-0.001475
18.383390,16.111813,48.444955,3030.075100,0.402945,60.692990,9.194142,3.424522,0.000100
18.402653,16.148315,48.478265,3024.853590,0.439737,60.709012,9.120486,3.397914,0.000342
18.419689,16.185881,48.513995,3019.663425,0.473921,60.724585,9.043676,3.370494,0.001330
18.439925,16.221773,48.552710,3014.509900,0.505827,60.738973,8.963992,3.341545,0.002446
18.459059,16.258644,48.593026,3009.394443,0.534066,60.757284,8.882935,3.311764,0.000169
18.479147,16.297046,48.634988,3004.316443,0.561266,60.772346,8.798690,3.281049,0.000629
18.500337,16.334144,48.679768,2999.279472,0.584673,60.787408,8.713713,3.251863,0.000681
18.520011,16.370282,48.725017,2994.282432,0.603425,60.801817,8.628047,3.216677,0.000346
18.540920,16.406182,48.775405,2989.328707,0.624300,60.816546,8.540890,3.184257,0.000204
18.559130,16.443176,48.824236,2984.419074,0.639418,60.832967,8.455063,3.151041,-0.001034
18.577990,16.478992,48.875603,2979.553475,0.651766,60.847713,8.365793,3.119701,0.001141
18.597736,16.516496,48.926076,2974.735344,0.662124,60.863280,8.279584,3.086755,0.002253
18.616744,16.553082,48.978436,2969.961133,0.671936,60.878384,8.193854,3.055162,0.003018
18.637320,16.588451,49.031401,2965.234214,0.678557,60.893957,8.107259,3.023254,0.002276
18.656708,16.625167,49.083343,2960.553512,0.682851,60.910831,8.023390,2.991013,0.002606
18.676226,16.661849,49.134035,2955.919756,0.683539,60.927076,7.939050,2.959805,0.002817
18.692331,16.699253,49.185264,2951.335451,0.681642,60.943487,7.855470,2.928249,0.001858
18.712636,16.736935,49.239022,2946.796885,0.678535,60.959914,7.773870,2.898830,0.000173
18.731533,16.774319,49.290793,2942.303095,0.671694,60.974908,7.693508,2.868214,0.000317
18.750673,16.808759,49.343408,2937.856365,0.663121,60.988958,7.615517,2.836676,0.000269
18.769838,16.843110,49.394050,2933.458180,0.652262,61.003308,7.540385,2.807537,-0.001257
18.788929,16.880426,49.442504,2929.101508,0.637308,61.019991,7.465252,2.779375,-0.000731
18.809181,16.915992,49.491326,2924.789976,0.620834,61.035025,7.392469,2.751163,-0.001003
18.828091,16.952500,49.538298,2920.521762,0.603533,61.050837,7.322577,2.726609,-0.000143
18.847019,16.988283,49.584496,2916.298171,0.581054,61.066137,7.256302,2.701756,-0.000346
18.864514,17.024756,49.628787,2912.116824,0.558211,61.084005,7.191436,2.677612,0.000189
18.881190,17.059928,49.670912,2907.976394,0.534890,61.098799,7.128087,2.653178,-0.000898
18.900851,17.097970,49.707956,2903.877949,0.508766,61.116475,7.068308,2.630618,0.001152
18.919099,17.133934,49.747045,2899.820282,0.480820,61.131076,7.012025,2.608774,0.000976
18.938130,17.170879,49.782629,2895.801121,0.450218,61.146930,6.958118,2.588757,0.001121
18.956737,17.207464,49.814728,2891.818347,0.418789,61.162457,6.907174,2.570087,0.000954
18.974745,17.244676,49.845238,2887.869887,0.384536,61.178592,6.859113,2.552729,-0.000308
18.994802,17.281444,49.873783,2883.957917,0.347881,61.193871,6.813493,2.536619,0.001611
19.014391,17.318277,49.897318,2880.079110,0.311507,61.209347,6.772252,2.521187,0.001454
19.032464,17.352636,49.920010,2876.230655,0.273630,61.225039,6.733513,2.505438,-0.000994
19.052059,17.386661,49.940425,2872.415364,0.234661,61.239150,6.698093,2.490855,-0.000558
19.072192,17.422790,49.955725,2868.625608,0.194893,61.255170,6.664686,2.480111,-0.002848
19.090741,17.458667,49.968533,2864.865389,0.152909,61.271772,6.634378,2.469480,-0.001614
19.109050,17.495712,49.976923,2861.134038,0.110075,61.286453,6.608556,2.460194,-0.002829
19.126642,17.531335,49.982472,2857.424417,0.065936,61.302474,6.585521,2.452033,-0.001681
19.145613,17.566606,49.986672,2853.739506,0.019582,61.317324,6.566104,2.442720,-0.000648
19.163750,17.602236,49.986842,2850.076353,-0.024860,61.332184,6.549676,2.435696,-0.001575
19.182359,17.637771,49.984250,2846.432758,-0.070099,61.348061,6.536096,2.430411,-0.000603
19.200598,17.672648,49.977870,2842.808499,-0.116308,61.364840,6.526101,2.427538,0.001342
19.219739,17.709379,49.966996,2839.200238,-0.163627,61.380993,6.518159,2.424818,0.000182
19.237050,17.745400,49.952480,2835.605203,-0.210841,61.396992,6.514411,2.423256,0.000246
19.254797,17.781148,49.933900,2832.024063,-0.257262,61.413306,6.514251,2.423714,-0.000525
19.273105,17.815740,49.913777,2828.454870,-0.304448,61.429136,6.519401,2.426039,-0.000378
19.292252,17.848411,49.888139,2824.894942,-0.352373,61.445087,6.524204,2.427492,-0.000119
19.309770,17.882341,49.858846,2821.341798,-0.397989,61.460925,6.531918,2.431088,0.000271
19.328726,17.917985,49.828648,2817.796474,-0.446508,61.477819,6.543927,2.435758,-0.000653
19.347499,17.953525,49.795217,2814.254142,-0.491236,61.494887,6.558440,2.440173,-0.002654
19.365282,17.988663,49.755695,2810.715390,-0.537186,61.511170,6.575436,2.447410,-0.001325
19.382786,18.023661,49.714908,2807.174846,-0.584594,61.527506,6.597162,2.455744,-0.001128
19.400758,18.058748,49.671077,2803.633381,-0.630933,61.542835,6.622892,2.466654,-0.000366
19.418934,18.093089,49.622574,2800.088577,-0.676391,61.558831,6.651683,2.477427,-0.001118
19.435493,18.125622,49.570058,2796.540678,-0.720598,61.573046,6.684110,2.489115,-0.001756
19.453418,18.159972,49.515083,2792.983742,-0.764643,61.587719,6.719770,2.500965,-0.001847
19.470416,18.194745,49.458895,2789.417333,-0.806057,61.602939,6.757076,2.515730,-0.001216
19.487544,18.229893,49.400429,2785.838768,-0.847003,61.620077,6.798203,2.529413,0.000879
19.503056,18.263764,49.336924,2782.248239,-0.887114,61.634848,6.841432,2.546720,0.003320
19.523299,18.298219,49.269588,2778.643879,-0.924304,61.650090,6.887532,2.564365,0.001667
19.540575,18.332939,49.199609,2775.021370,-0.962816,61.666898,6.936633,2.582652,0.001788
19.559825,18.366416,49.126764,2771.379410,-0.999589,61.681165,6.987972,2.600720,0.001897
19.574440,18.401277,49.052326,2767.717847,-1.034631,61.697697,7.042040,2.620234,0.002131
19.592736,18.437178,48.974793,2764.034323,-1.070213,61.715576,7.099211,2.639687,0.000938
19.610570,18.471454,48.893827,2760.325272,-1.102347,61.730322,7.161362,2.660689,0.001482
19.628696,18.506126,48.812619,2756.591100,-1.129074,61.745619,7.222885,2.684713,0.001562
19.646922,18.539913,48.729784,2752.828166,-1.158766,61.761986,7.286853,2.709382,0.001563
19.665000,18.576517,48.645459,2749.034636,-1.184993,61.778220,7.353177,2.735313,0.001632
19.682516,18.612257,48.559869,2745.209723,-1.208775,61.794824,7.423277,2.761046,0.002388
19.700843,18.646700,48.471047,2741.351231,-1.230728,61.813476,7.496054,2.787817,0.001754
19.717267,18.682397,48.381455,2737.458799,-1.252553,61.828890,7.567902,2.817125,0.000624
19.735373,18.716245,48.290275,2733.528564,-1.269873,61.845219,7.643827,2.845204,-0.000328
19.751223,18.752040,48.199602,2729.560836,-1.286764,61.860387,7.720205,2.873432,0.001309
19.767990,18.786254,48.107924,2725.554346,-1.298768,61.876564,7.796798,2.903006,0.000099
19.783921,18.819510,48.013682,2721.506860,-1.309061,61.893383,7.875893,2.933580,0.000943
19.801056,18.853323,47.920172,2717.416725,-1.318820,61.909030,7.957908,2.964467,0.000406
19.819580,18.886571,47.826307,2713.283425,-1.324443,61.926390,8.039835,2.994009,0.001463
19.836823,18.921880,47.733965,2709.107896,-1.327169,61.942493,8.119215,3.024188,0.003743
19.853156,18.954542,47.638878,2704.883300,-1.328039,61.958319,8.202501,3.054189,0.001299
19.870310,18.989143,47.545848,2700.613570,-1.328176,61.975350,8.286834,3.085954,0.002730
19.886888,19.022106,47.453226,2696.297736,-1.324644,61.993368,8.368844,3.117695,0.002130
19.904658,19.055685,47.358081,2691.932922,-1.319166,62.010034,8.451452,3.148516,0.001697
19.922445,19.090314,47.265594,2687.519047,-1.309825,62.024524,8.534026,3.179019,-0.000140
19.937446,19.122880,47.176009,2683.057481,-1.297864,62.039772,8.615637,3.211388,0.000002
19.956180,19.156170,47.084968,2678.546399,-1.282117,62.055382,8.699791,3.241072,0.000314
19.973623,19.188801,46.994901,2673.985896,-1.267237,62.070920,8.780770,3.271367,-0.000479
19.991166,19.221632,46.906867,2669.376544,-1.249432,62.086061,8.860266,3.301579,0.001508
20.008525,19.255152,46.819853,2664.719023,-1.228366,62.102687,8.938414,3.331128,0.001846
20.024607,19.289146,46.732317,2660.012115,-1.205852,62.118235,9.013808,3.359413,0.002292
20.040911,19.324958,46.649763,2655.258458,-1.180654,62.131543,9.086870,3.386092,0.003303
20.058686,19.359523,46.569393,2650.454535,-1.151843,62.145214,9.156703,3.413490,0.003113
20.074813,19.391867,46.489327,2645.607232,-1.121598,62.161191,9.224502,3.437758,0.001251
20.092839,19.426401,46.413036,2640.713736,-1.088982,62.177122,9.289530,3.461764,0.001388
20.109417,19.460000,46.340485,2635.776034,-1.055596,62.192229,9.353730,3.484050,0.001636
20.123928,19.493113,46.268030,2630.797650,-1.018199,62.208793,9.410718,3.507086,0.003070
20.140382,19.526311,46.200034,2625.776971,-0.982048,62.224714,9.465631,3.527105,0.002898
20.155397,19.559495,46.134765,2620.715916,-0.941704,62.239067,9.517723,3.546934,0.003014
20.170185,19.595452,46.070476,2615.617913,-0.899351,62.255256,9.564689,3.563983,0.003109
20.187953,19.626912,46.009416,2610.482217,-0.855822,62.272110,9.607441,3.579314,0.001919
20.204980,19.659089,45.951830,2605.312766,-0.812023,62.287087,9.648060,3.593910,0.000852
20.221402,19.691147,45.898476,2600.110400,-0.767852,62.304070,9.683580,3.606911,0.002249
20.238421,19.725372,45.847567,2594.879701,-0.723242,62.318323,9.714483,3.614158,0.003640
20.253377,19.757141,45.798390,2589.621819,-0.678123,62.334395,9.739726,3.625119,0.003255
20.268320,19.789330,45.756012,2584.336959,-0.633575,62.350237,9.759438,3.633562,0.003520
20.285241,19.821261,45.715351,2579.029313,-0.585718,62.364652,9.777422,3.640294,0.003174
20.302098,19.853409,45.677496,2573.703144,-0.537754,62.380009,9.789361,3.644494,0.003206
20.317183,19.884820,45.642423,2568.357365,-0.487419,62.394626,9.797184,3.647396,0.001624
20.332776,19.917569,45.611119,2562.999175,-0.438432,62.410211,9.798826,3.648222,0.001335
20.349223,19.950847,45.585441,2557.627958,-0.390202,62.425684,9.797488,3.647380,0.002139
20.363409,19.983751,45.561523,2552.247927,-0.342122,62.439929,9.790255,3.645570,0.002151
20.378047,20.016673,45.540878,2546.861464,-0.292970,62.456972,9.779052,3.641377,0.000903
20.394194,20.048936,45.524898,2541.471027,-0.245262,62.472431,9.761261,3.634853,0.002952
20.409320,20.081747,45.510159,2536.080728,-0.198117,62.487653,9.740074,3.628183,0.002285
20.425759,20.113887,45.499027,2530.688889,-0.151884,62.503996,9.714953,3.617097,0.001332
20.440148,20.143852,45.488520,2525.303381,-0.107165,62.520630,9.685950,3.607289,0.001333
20.455276,20.175395,45.481500,2519.923967,-0.063024,62.536167,9.651916,3.593903,0.001504
20.470114,20.205260,45.477002,2514.552546,-0.021197,62.552769,9.614014,3.580093,-0.000055
20.487842,20.238197,45.476520,2509.192443,0.021313,62.569506,9.574410,3.564556,-0.001934
20.503300,20.270380,45.477697,2503.845679,0.058254,62.585537,9.530407,3.548397,-0.001938
20.517610,20.301074,45.481982,2498.515461,0.096820,62.600442,9.483423,3.529943,-0.001751
20.534080,20.332978,45.488160,2493.203394,0.131953,62.615535,9.431515,3.512556,-0.001205
20.550372,20.365558,45.496657,2487.910062,0.164639,62.631116,9.378912,3.492028,-0.001465
20.565303,20.398183,45.508638,2482.638558,0.198590,62.647756,9.324126,3.471770,-0.001943
20.580381,20.429859,45.524255,2477.392812,0.229856,62.663166,9.264733,3.450330,-0.002543
20.596638,20.462939,45.540462,2472.172721,0.258700,62.678741,9.205357,3.428953,-0.000615
20.611517,20.493075,45.559715,2466.976637,0.283969,62.692942,9.142862,3.406756,0.000588
20.627434,20.524750,45.578111,2461.808500,0.308614,62.709330,9.079942,3.383699,0.000901
20.643621,20.554052,45.597709,2456.671657,0.330884,62.726621,9.014837,3.359477,0.001509
20.657112,20.585617,45.619939,2451.565505,0.349493,62.740825,8.948656,3.335889,0.002175
20.672190,20.617152,45.643267,2446.489431,0.363912,62.756615,8.882755,3.312130,0.000973
20.688896,20.646742,45.669042,2441.447119,0.377772,62.773395,8.816390,3.287437,0.000541
20.702258,20.678066,45.694074,2436.439512,0.391277,62.788451,8.750897,3.263550,0.000496
20.716790,20.710536,45.719176,2431.466823,0.400313,62.803141,8.684680,3.239069,-0.000193
20.731810,20.741718,45.746058,2426.528951,0.406931,62.818253,8.618195,3.213961,-0.001316
20.747667,20.771965,45.772946,2421.626958,0.412136,62.833553,8.553166,3.189038,-0.001078
20.762903,20.801409,45.797821,2416.761983,0.413663,62.848594,8.489059,3.164599,-0.000046
20.776978,20.832126,45.824250,2411.931327,0.413204,62.864168,8.424312,3.139973,-0.001041
20.790163,20.862846,45.848616,2407.137091,0.410108,62.879899,8.359936,3.115915,0.000198
20.802799,20.894067,45.874004,2402.378796,0.403751,62.892953,8.298743,3.092079,0.001932
20.816655,20.925816,45.897830,2397.656997,0.394577,62.908462,8.236877,3.067632,0.000358
20.831639,20.954631,45.920801,2392.971472,0.384210,62.922416,8.175619,3.043814,-0.000060
20.845698,20.984458,45.943414,2388.321734,0.371186,62.938269,8.116934,3.022610,-0.001053
20.859890,21.015304,45.966144,2383.708018,0.356446,62.953172,8.060444,3.000927,-0.000613
20.874728,21.045862,45.988266,2379.131625,0.339755,62.966187,8.004674,2.981047,0.000261
20.890452,21.076739,46.007505,2374.589590,0.320981,62.981591,7.951362,2.960456,0.000098
20.905341,21.107042,46.026980,2370.080523,0.298474,62.998888,7.899748,2.942553,0.000740
20.918569,21.135156,46.044979,2365.606957,0.274484,63.015288,7.849322,2.924623,0.001799
20.931979,21.169030,46.061316,2361.166432,0.248485,63.028904,7.802043,2.905668,0.000986
20.946968,21.198066,46.075091,2356.757430,0.222965,63.045111,7.757987,2.887281,-0.001139
20.959078,21.228123,46.088115,2352.380101,0.193336,63.060980,7.714843,2.869687,-0.000998
20.974589,21.257801,46.099873,2348.035543,0.163917,63.077407,7.674662,2.855064,-0.000944
20.988350,21.287853,46.108365,2343.719494,0.132474,63.093006,7.637392,2.840760,-0.001720
21.003134,21.317533,46.114304,2339.434040,0.097918,63.109223,7.601352,2.829172,-0.000897
21.017105,21.346836,46.119768,2335.174318,0.060802,63.123556,7.568537,2.817842,-0.001199
21.031466,21.376952,46.124185,2330.940096,0.022865,63.138760,7.539023,2.807570,0.001601
21.047049,21.409333,46.125935,2326.733267,-0.015707,63.152667,7.512212,2.799188,0.000043
21.061480,21.440181,46.124914,2322.550215,-0.054798,63.167273,7.486665,2.790501,-0.000806
21.077193,21.467761,46.117339,2318.391686,-0.094765,63.183410,7.464923,2.780993,0.001162
21.089541,21.497927,46.110390,2314.254538,-0.134226,63.196851,7.443459,2.775055,0.001838
21.104407,21.527136,46.099730,2310.138842,-0.175743,63.211655,7.425123,2.766774,0.000859
21.117312,21.555737,46.089129,2306.043869,-0.219974,63.226891,7.411103,2.759870,0.001085
21.130259,21.585995,46.074806,2301.963263,-0.262058,63.242288,7.400817,2.754880,0.003059
21.145216,21.616163,46.056504,2297.901175,-0.306291,63.257829,7.392818,2.750208,0.001613
21.158038,21.646356,46.035561,2293.853293,-0.349805,63.271816,7.386836,2.747098,0.001449
21.171785,21.676817,46.014727,2289.818399,-0.393272,63.287597,7.382294,2.746361,0.003073
21.187097,21.705798,45.992002,2285.796551,-0.440378,63.303117,7.384056,2.747568,0.004471
21.201899,21.734808,45.965155,2281.784974,-0.483513,63.318201,7.388209,2.748362,0.004523
21.217520,21.763343,45.934647,2277.781714,-0.528486,63.333263,7.395421,2.751684,0.003777
21.231631,21.792363,45.902261,2273.786307,-0.574837,63.347578,7.405286,2.753970,0.002928
21.243161,21.820442,45.866801,2269.798683,-0.619086,63.362248,7.415651,2.757226,0.002144
21.257470,21.847912,45.829746,2265.815271,-0.664303,63.375946,7.429866,2.762751,0.002656
21.272007,21.877621,45.788162,2261.835017,-0.709682,63.391540,7.448582,2.769447,0.001638
21.285101,21.905537,45.743941,2257.856994,-0.753732,63.407051,7.467026,2.776584,0.000461
21.298467,21.933702,45.698454,2253.877899,-0.796195,63.422088,7.487828,2.784648,0.000612
21.311681,21.963732,45.650820,2249.896301,-0.839551,63.437544,7.511920,2.794900,0.000248
21.324445,21.991406,45.603663,2245.912859,-0.881222,63.452903,7.537334,2.805117,-0.001726
21.337631,22.020114,45.550470,2241.920428,-0.922569,63.467472,7.566907,2.816343,-0.002151
21.350429,22.048021,45.496875,2237.921480,-0.961898,63.483479,7.597679,2.828993,-0.003001
21.363849,22.077768,45.438527,2233.914488,-1.001881,63.498909,7.632150,2.841221,-0.001523
21.377897,22.108872,45.378717,2229.897008,-1.039659,63.515935,7.668409,2.854628,-0.002580
21.389539,22.136336,45.316386,2225.868115,-1.075512,63.532078,7.706420,2.869918,-0.002486
21.402889,22.165025,45.250785,2221.827990,-1.111285,63.547643,7.747891,2.885716,-0.001130
21.415238,22.193655,45.185511,2217.772980,-1.146062,63.563029,7.789706,2.900568,-0.002062
21.429333,22.223340,45.118377,2213.700229,-1.178862,63.577994,7.836019,2.918271,-0.002783
21.442925,22.253158,45.049803,2209.607576,-1.209872,63.591200,7.884093,2.935807,-0.002284
21.457368,22.280974,44.977719,2205.498391,-1.238419,63.608035,7.933828,2.954324,-0.002960
21.470302,22.309801,44.904642,2201.368100,-1.267025,63.622862,7.987267,2.973839,-0.003745
21.482972,22.338021,44.830948,2197.215561,-1.291986,63.638119,8.040515,2.994390,-0.003468
21.496252,22.365453,44.755201,2193.040230,-1.315080,63.653942,8.095214,3.012683,-0.002168
21.509252,22.394376,44.681399,2188.839360,-1.335225,63.666695,8.149815,3.033584,-0.000137
21.521463,22.421547,44.603177,2184.611451,-1.354319,63.682108,8.204687,3.055966,0.000533
21.534660,22.451782,44.524358,2180.356393,-1.371989,63.697639,8.263272,3.078055,0.001069
21.548014,22.479857,44.446982,2176.074285,-1.386116,63.711405,8.320764,3.099411,0.001350
21.560990,22.509273,44.366775,2171.761245,-1.398101,63.725535,8.380275,3.122606,0.002082
21.573958,22.537936,44.284685,2167.415890,-1.407446,63.740971,8.441135,3.143027,0.001858
21.587582,22.565270,44.206388,2163.039295,-1.414896,63.757740,8.502000,3.166363,0.002194
21.600774,22.593370,44.124546,2158.631091,-1.423746,63.772665,8.563633,3.188306,0.002469
21.613199,22.621183,44.042881,2154.190156,-1.427464,63.787519,8.627409,3.210786,0.002882
21.627835,22.648205,43.962483,2149.714217,-1.429246,63.802512,8.689147,3.234164,0.002963
21.639297,22.676348,43.881688,2145.205223,-1.428039,63.817164,8.752759,3.258249,0.002401
21.652427,22.704287,43.802705,2140.660791,-1.424512,63.832705,8.813971,3.281300,0.000454
21.665275,22.732819,43.724463,2136.079263,-1.419554,63.847609,8.875917,3.303686,0.000181
21.678228,22.761175,43.643672,2131.462120,-1.412873,63.861606,8.935649,3.326774,0.000324
21.690071,22.789545,43.566586,2126.810212,-1.402978,63.874913,8.995771,3.351624,0.001387
21.699949,22.816789,43.489302,2122.121905,-1.390646,63.889258,9.054491,3.373819,0.000633
21.712404,22.844291,43.412156,2117.398758,-1.375769,63.902585,9.112546,3.391629,0.001436
21.725669,22.870816,43.335369,2112.639637,-1.357984,63.918204,9.167935,3.412132,0.002034
21.739663,22.897473,43.261457,2107.845574,-1.338506,63.934434,9.223278,3.435461,0.000070
21.752077,22.923077,43.188998,2103.014197,-1.317555,63.949173,9.272982,3.455440,0.000083
21.765005,22.950230,43.116178,2098.150988,-1.293774,63.963793,9.323755,3.474245,0.000238
21.776856,22.978007,43.044778,2093.252771,-1.269198,63.979855,9.374386,3.494531,0.002137
21.788345,23.005217,42.974085,2088.321086,-1.242174,63.995360,9.420552,3.511593,0.002931
21.801022,23.032415,42.908175,2083.356235,-1.215545,64.009832,9.466825,3.528452,0.001969
21.812533,23.058348,42.842192,2078.360416,-1.188335,64.025357,9.509246,3.544049,0.002655
21.824741,23.083443,42.779181,2073.333564,-1.157183,64.039276,9.546309,3.558065,0.002778
21.837013,23.111574,42.716113,2068.276274,-1.123583,64.052840,9.581589,3.569824,0.003055
21.849300,23.139465,42.655735,2063.192647,-1.088582,64.068616,9.614182,3.582469,0.003293
21.862541,23.165401,42.599726,2058.079109,-1.053775,64.083675,9.645866,3.594984,0.001105
21.873797,23.192705,42.544952,2052.941249,-1.017248,64.100925,9.673625,3.605726,0.001819
21.886069,23.218621,42.491030,2047.782136,-0.980118,64.114005,9.697682,3.615453,0.000642
21.898129,23.244618,42.441973,2042.598756,-0.940582,64.129543,9.718953,3.622582,-0.000213
21.909774,23.272646,42.392718,2037.395263,-0.903274,64.144975,9.737054,3.630221,-0.000554
21.920754,23.298305,42.346853,2032.172423,-0.861651,64.161171,9.752143,3.635580,-0.001080
21.934047,23.324991,42.300998,2026.932017,-0.820675,64.174493,9.761690,3.639826,0.000606
21.944617,23.350678,42.258684,2021.676351,-0.778896,64.187669,9.769244,3.641484,-0.000331
21.955407,23.375215,42.218636,2016.406378,-0.736873,64.202429,9.773891,3.642450,0.000025
21.966743,23.401903,42.180226,2011.126806,-0.695425,64.216684,9.773512,3.641163,0.000036
21.977777,23.428167,42.144221,2005.837456,-0.655182,64.230845,9.769384,3.639582,0.001824
21.989779,23.455094,42.110117,2000.538204,-0.614175,64.246048,9.765087,3.638892,0.000351
22.000756,23.481383,42.081041,1995.234417,-0.575256,64.261906,9.757707,3.634864,0.000877
22.011329,23.506438,42.052020,1989.926346,-0.533480,64.276363,9.744764,3.630457,-0.001008
22.023635,23.533087,42.025371,1984.615052,-0.494691,64.289600,9.730621,3.623686,0.000540
22.034524,23.557929,41.999458,1979.304513,-0.455752,64.301429,9.713757,3.616610,-0.000681
22.047743,23.584685,41.978234,1973.994431,-0.417124,64.316409,9.692820,3.610011,-0.000909
22.058800,23.610578,41.955617,1968.689324,-0.379852,64.330953,9.669824,3.601794,-0.002151
22.069445,23.636999,41.935881,1963.387203,-0.344978,64.344419,9.643762,3.592161,-0.002341
22.080900,23.664621,41.917594,1958.093729,-0.311858,64.360581,9.613078,3.581588,-0.002781
22.094886,23.688872,41.901212,1952.807147,-0.280993,64.374612,9.581594,3.568670,-0.002518
22.106336,23.713104,41.889110,1947.530038,-0.249713,64.388866,9.549144,3.557173,-0.001647
22.117420,23.737684,41.875430,1942.267763,-0.218790,64.402766,9.512921,3.545215,-0.002357
22.128936,23.764659,41.866301,1937.016006,-0.191485,64.416008,9.476483,3.530359,-0.003285
22.139714,23.790634,41.857623,1931.778435,-0.167596,64.432724,9.437210,3.516712,-0.002132
22.150408,23.815454,41.850310,1926.557913,-0.144513,64.445195,9.396946,3.501540,-0.001954
22.161847,23.840891,41.846016,1921.352022,-0.122537,64.459354,9.355805,3.484777,-0.002280
22.172043,23.866477,41.841771,1916.165634,-0.101621,64.474285,9.313685,3.470449,-0.001159
22.183573,23.891136,41.837358,1910.998297,-0.084579,64.489071,9.269325,3.452894,-0.000452
22.193338,23.915250,41.833964,1905.852552,-0.068196,64.501689,9.222836,3.436347,-0.003014
22.203044,23.939733,41.832189,1900.729178,-0.054852,64.514937,9.179374,3.418925,-0.001925
22.213962,23.964226,41.827358,1895.627904,-0.043458,64.529613,9.133624,3.401471,-0.002971
22.225181,23.986696,41.826617,1890.550873,-0.035462,64.544269,9.086445,3.384001,-0.003335
22.236111,24.011259,41.824323,1885.496975,-0.030023,64.558750,9.039919,3.368323,-0.003185
22.244978,24.037356,41.823774,1880.465581,-0.023802,64.574125,8.991887,3.350780,-0.002395
22.256297,24.062316,41.822146,1875.458465,-0.022128,64.589529,8.944410,3.333625,-0.002133
22.267820,24.085755,41.819881,1870.479637,-0.021969,64.603598,8.899390,3.317063,-0.002189
22.280011,24.111374,41.820382,1865.525964,-0.023630,64.618106,8.854728,3.299001,-0.001384
22.289891,24.133937,41.819909,1860.598657,-0.028605,64.631133,8.809222,3.282675,-0.001641
22.302664,24.158715,41.816424,1855.695830,-0.033673,64.644877,8.763117,3.266345,-0.000825
22.313279,24.183042,41.814145,1850.820750,-0.042026,64.658771,8.718413,3.250462,0.001751
22.324482,24.206515,41.813032,1845.973707,-0.052440,64.673578,8.675256,3.233697,0.001345
22.333516,24.232572,41.809524,1841.152370,-0.066495,64.686401,8.633637,3.216471,0.001882
22.344450,24.257363,41.806139,1836.358205,-0.081299,64.700467,8.592624,3.201265,0.001868
22.356287,24.280450,41.802935,1831.591453,-0.098453,64.714957,8.552468,3.187004,0.001284
22.366189,24.302872,41.797819,1826.850895,-0.117393,64.727524,8.513317,3.172334,-0.000033
22.377579,24.327918,41.792349,1822.137017,-0.139597,64.743394,8.477556,3.158356,0.000934
22.387010,24.352368,41.783378,1817.447008,-0.163602,64.757894,8.442625,3.144114,-0.000067
22.397344,24.375029,41.775678,1812.781656,-0.191576,64.769761,8.407922,3.132010,0.001153
22.407615,24.398157,41.765066,1808.141881,-0.217536,64.782967,8.376619,3.118932,0.001389
22.416810,24.422213,41.754867,1803.525040,-0.245461,64.796672,8.347139,3.109738,-0.000193
22.427052,24.446002,41.742024,1798.933559,-0.277057,64.810271,8.317660,3.098949,0.000083
22.435707,24.469238,41.730600,1794.365700,-0.308665,64.825356,8.291412,3.088755,0.000564
22.445833,24.492780,41.715335,1789.818226,-0.342361,64.840259,8.266656,3.077967,0.002233
22.456444,24.516158,41.699131,1785.294363,-0.377153,64.853847,8.243976,3.070052,0.000570
22.466712,24.539587,41.680007,1780.789489,-0.414101,64.868264,8.223802,3.063088,-0.000195
22.476564,24.562068,41.657682,1776.304449,-0.450740,64.881863,8.205885,3.056263,-0.000356
22.489756,24.585777,41.637574,1771.840361,-0.488974,64.896525,8.187631,3.050617,0.001593
22.497845,24.610112,41.613180,1767.395013,-0.527687,64.910675,8.174199,3.046257,0.001687
22.507711,24.633343,41.586995,1762.968928,-0.568433,64.922808,8.160962,3.041752,0.001285
22.519118,24.656445,41.560885,1758.558211,-0.606551,64.934846,8.151734,3.038969,0.001932
22.528334,24.678388,41.533132,1754.161906,-0.646926,64.947932,8.142736,3.034047,0.000063
22.539576,24.703455,41.503164,1749.779223,-0.689213,64.959295,8.137791,3.032354,0.001116
22.549396,24.728510,41.470478,1745.411207,-0.732121,64.974010,8.133585,3.029964,0.002856
22.560370,24.750559,41.437021,1741.056426,-0.774661,64.986814,8.132785,3.031667,0.002055
22.569215,24.773089,41.399244,1736.710652,-0.819502,65.001403,8.133843,3.031024,0.002063
22.579219,24.795360,41.360350,1732.376205,-0.863362,65.014315,8.136230,3.032437,0.000214
22.588918,24.816827,41.320422,1728.051483,-0.905612,65.026378,8.141293,3.035312,0.001236
22.598779,24.840263,41.278324,1723.731552,-0.947288,65.040177,8.149346,3.037203,0.000653
22.607029,24.864291,41.233298,1719.420080,-0.988253,65.054447,8.157473,3.041234,0.000802
22.616486,24.887305,41.187890,1715.112909,-1.033568,65.069093,8.168786,3.045581,0.000589
22.625832,24.910461,41.140018,1710.807131,-1.075322,65.083175,8.182069,3.050332,-0.000724
22.635205,24.933118,41.091741,1706.506522,-1.118040,65.096480,8.198342,3.056212,-0.001428
22.644663,24.956102,41.041289,1702.207838,-1.160245,65.109157,8.215270,3.062550,0.000042
22.652386,24.980729,40.989045,1697.911026,-1.202338,65.122900,8.233753,3.070182,0.000288
22.662761,25.001615,40.934993,1693.611950,-1.243008,65.134227,8.256313,3.078281,0.001772
22.671277,25.023030,40.878939,1689.309636,-1.281279,65.146953,8.278872,3.086082,0.002302
22.680251,25.043811,40.820986,1685.006006,-1.320018,65.162270,8.303687,3.095275,0.002183
22.690304,25.066515,40.762836,1680.694043,-1.355805,65.176464,8.328531,3.105336,-0.000757
22.700124,25.088151,40.703511,1676.380012,-1.391284,65.191155,8.355519,3.115763,-0.001724
22.709441,25.112072,40.644843,1672.060248,-1.426599,65.205988,8.385756,3.126174,-0.001471
22.719689,25.135795,40.581075,1667.730709,-1.459291,65.219756,8.416801,3.138538,-0.001424
22.728228,25.158757,40.519159,1663.388972,-1.489379,65.233306,8.449992,3.150547,-0.000942
22.738727,25.178902,40.454438,1659.038468,-1.521928,65.246932,8.484611,3.162966,-0.002059
22.747685,25.200685,40.387280,1654.675772,-1.551321,65.261565,8.519723,3.174725,-0.002031
22.757334,25.221368,40.318985,1650.300723,-1.577893,65.274641,8.556418,3.187389,-0.003549
22.766481,25.241950,40.251215,1645.913156,-1.602496,65.287750,8.593672,3.201206,-0.002643
22.774354,25.264382,40.181381,1641.509706,-1.628116,65.300547,8.633442,3.215362,-0.002828
22.785287,25.286323,40.111338,1637.089913,-1.650108,65.313330,8.671714,3.229144,-0.001491
22.794405,25.306697,40.039071,1632.657248,-1.668495,65.326364,8.711725,3.243357,-0.002614
22.803668,25.328087,39.965657,1628.202847,-1.686422,65.339971,8.751725,3.258324,-0.001980
22.812624,25.347690,39.893135,1623.734360,-1.701703,65.352254,8.790156,3.272789,-0.000987
22.821540,25.369266,39.820306,1619.246911,-1.716553,65.366521,8.830745,3.289806,0.001034
22.830506,25.389440,39.747183,1614.736674,-1.729400,65.379756,8.872055,3.306877,0.000827
22.839003,25.411272,39.673439,1610.206585,-1.739695,65.390850,8.914579,3.322157,0.000798
22.846215,25.431210,39.600077,1605.655337,-1.746979,65.405331,8.957085,3.338027,0.000203
22.855221,25.451530,39.526741,1601.084782,-1.754023,65.419005,8.998476,3.354113,-0.000405
22.863937,25.473904,39.450445,1596.491534,-1.759661,65.433688,9.041594,3.368947,0.001365
22.873313,25.495819,39.378873,1591.876696,-1.762436,65.447457,9.081341,3.384100,0.001724
22.884728,25.518155,39.304217,1587.238836,-1.761605,65.462131,9.123179,3.398749,0.002352
22.894793,25.538874,39.232321,1582.576203,-1.758705,65.473562,9.163225,3.415789,0.000881
22.904296,25.560315,39.159349,1577.893037,-1.756817,65.487652,9.203701,3.431573,-0.002497
22.912493,25.580671,39.086264,1573.185789,-1.751795,65.502193,9.242033,3.445636,-0.001372
22.920411,25.601969,39.014594,1568.453800,-1.744389,65.515005,9.280528,3.459587,-0.000952
22.930021,25.623464,38.943736,1563.699279,-1.734749,65.528094,9.317545,3.472438,0.000494
22.937266,25.643630,38.873414,1558.923296,-1.722340,65.540785,9.353452,3.485953,0.003297
22.945393,25.663746,38.804375,1554.124351,-1.709405,65.553419,9.387456,3.498233,0.002434
22.954173,25.684232,38.733855,1549.302252,-1.694625,65.565572,9.419775,3.512130,0.002101
22.962992,25.704357,38.665382,1544.458107,-1.678390,65.577900,9.450804,3.524308,0.002946
22.972132,25.726425,38.598799,1539.591603,-1.660031,65.590884,9.482791,3.534333,0.003871
22.982439,25.747104,38.533516,1534.705420,-1.639025,65.602459,9.509868,3.546613,0.004967
22.991450,25.769410,38.468675,1529.797618,-1.619241,65.614156,9.535452,3.555388,0.005694
23.000426,25.789890,38.405393,1524.870495,-1.597105,65.628867,9.559192,3.563787,0.003803
23.010033,25.808688,38.341964,1519.924715,-1.573592,65.640322,9.582377,3.573938,0.003450
23.018139,25.828429,38.280274,1514.960322,-1.550033,65.654190,9.602012,3.582181,0.003119
23.028695,25.847688,38.219504,1509.979953,-1.525990,65.667072,9.622036,3.589027,0.002087
23.036696,25.869357,38.159440,1504.980478,-1.497297,65.680207,9.639955,3.595350,0.001865
23.043972,25.886890,38.099924,1499.966573,-1.469947,65.694343,9.652856,3.599747,0.000509
23.052561,25.905690,38.043943,1494.936268,-1.442401,65.708101,9.666403,3.604545,0.000439
23.059287,25.925056,37.988088,1489.890990,-1.413613,65.718796,9.676993,3.606185,-0.000957
23.067251,25.943771,37.933210,1484.837612,-1.384936,65.731290,9.683829,3.610200,-0.001996
23.074467,25.964995,37.878740,1479.770572,-1.354589,65.744413,9.692442,3.611620,-0.000812
23.082615,25.983787,37.826779,1474.694306,-1.323972,65.756100,9.697088,3.612971,-0.001535
23.090036,26.004256,37.775322,1469.609408,-1.295341,65.769082,9.699380,3.612795,-0.002759
23.098997,26.022779,37.727532,1464.516636,-1.264071,65.780593,9.699717,3.612591,-0.002119
23.105851,26.042670,37.678989,1459.415105,-1.234549,65.794437,9.696871,3.610677,-0.002752
23.114353,26.062494,37.632739,1454.310708,-1.205264,65.808525,9.691616,3.610506,-0.003166
23.123097,26.081489,37.586988,1449.200389,-1.175757,65.822244,9.684889,3.607169,-0.001694
23.130544,26.102149,37.543341,1444.087134,-1.148302,65.834619,9.676187,3.604861,-0.002117
23.137334,26.121373,37.500425,1438.974059,-1.119291,65.847977,9.665997,3.599171,0.000530
23.146233,26.141166,37.459564,1433.859506,-1.092040,65.859406,9.653210,3.593930,0.000123
23.154568,26.160511,37.420191,1428.743164,-1.066016,65.872628,9.639102,3.589003,-0.000151
23.162552,26.178880,37.381518,1423.629805,-1.040363,65.883489,9.623755,3.583340,-0.000773
23.169248,26.198421,37.346549,1418.519667,-1.016699,65.894919,9.605724,3.577749,-0.000049
23.177661,26.215713,37.308555,1413.412799,-0.994743,65.907597,9.586934,3.569157,0.000887
23.184284,26.234001,37.271207,1408.311413,-0.973449,65.919284,9.567318,3.560305,0.000675
23.192030,26.251331,37.235177,1403.217823,-0.951814,65.930348,9.545928,3.552933,0.000453
23.200858,26.270246,37.199125,1398.131128,-0.934181,65.941164,9.522345,3.543484,0.000429
23.208270,26.289254,37.166309,1393.052385,-0.916371,65.952911,9.499058,3.535839,-0.000123
23.215107,26.307660,37.134000,1387.982528,-0.903493,65.965041,9.472010,3.527890,-0.000816
23.223477,26.326100,37.103792,1382.923973,-0.891110,65.978466,9.444820,3.518503,0.000092
23.230224,26.344800,37.071706,1377.879710,-0.878806,65.989237,9.416487,3.509336,-0.001266
23.237236,26.362618,37.039262,1372.846333,-0.868785,66.000306,9.389042,3.500385,-0.000069
23.245388,26.378969,37.008259,1367.825738,-0.860445,66.012832,9.362638,3.490629,-0.000354
23.251945,26.397365,36.978211,1362.818221,-0.853759,66.026556,9.334586,3.480923,0.000936
23.258776,26.414947,36.946894,1357.827349,-0.849777,66.038398,9.306013,3.469457,0.001351
23.266386,26.433566,36.915461,1352.849239,-0.846825,66.050359,9.278016,3.457772,0.001426
23.272422,26.452941,36.885678,1347.887900,-0.845897,66.062472,9.247708,3.446411,0.000372
23.280560,26.472041,36.856993,1342.943660,-0.848013,66.075552,9.217209,3.434228,0.000488
23.288883,26.488509,36.826827,1338.016105,-0.850604,66.088087,9.186879,3.421559,0.000011
23.295657,26.505510,36.796104,1333.105831,-0.856866,66.101877,9.156744,3.410818,-0.000378
23.304595,26.522920,36.767212,1328.212781,-0.862772,66.113132,9.127072,3.400439,0.000410
23.312435,26.541552,36.736229,1323.336834,-0.871834,66.125513,9.099046,3.390440,-0.000364
23.320250,26.559027,36.706332,1318.481021,-0.884570,66.136619,9.071473,3.380405,0.000761
23.326441,26.576912,36.676237,1313.646716,-0.897824,66.147976,9.045542,3.370544,0.000671
23.332956,26.594354,36.645561,1308.830179,-0.913586,66.160812,9.019131,3.361360,0.000304
23.340363,26.612227,36.612241,1304.032827,-0.931208,66.172393,8.994838,3.351530,0.000432
23.347601,26.628795,36.580062,1299.254166,-0.951203,66.184169,8.971079,3.341015,-0.000306
23.353707,26.646720,36.548822,1294.494804,-0.972809,66.195595,8.947134,3.331423,0.000088
23.362610,26.665927,36.515863,1289.753047,-0.997382,66.207823,8.921444,3.324411,-0.000205
23.368388,26.681558,36.483076,1285.031390,-1.024369,66.217360,8.898737,3.316131,-0.000378
23.374906,26.699467,36.448558,1280.329074,-1.051901,66.229549,8.876039,3.308330,0.000207
23.380525,26.717759,36.411674,1275.644742,-1.079378,66.240838,8.854836,3.299450,-0.000222
23.386759,26.733550,36.374479,1270.980092,-1.109006,66.253534,8.836089,3.293624,-0.000030
23.395891,26.751158,36.337307,1266.334159,-1.141376,66.265188,8.817031,3.286171,0.001329
23.402997,26.767323,36.299775,1261.706029,-1.172412,66.276899,8.801507,3.278908,-0.000668
23.409757,26.784714,36.259250,1257.095636,-1.205229,66.289392,8.784312,3.272779,0.000320
23.416024,26.801992,36.219667,1252.504436,-1.240909,66.301781,8.771248,3.266916,0.001021
23.421341,26.817971,36.177841,1247.928824,-1.276883,66.314916,8.758822,3.262140,0.002516
23.428139,26.833662,36.135694,1243.372182,-1.318087,66.327398,8.747787,3.257463,0.002505
23.435543,26.849982,36.092163,1238.827750,-1.357443,66.339376,8.736994,3.254190,0.002147
23.442352,26.867100,36.048897,1234.301028,-1.398580,66.348839,8.726094,3.249733,0.000695
23.449081,26.884204,36.002933,1229.789460,-1.441471,66.361622,8.717961,3.245014,-0.000204
23.455349,26.900713,35.953436,1225.291802,-1.486003,66.373876,8.711350,3.244376,-0.000445
23.460300,26.915894,35.905633,1220.808876,-1.526836,66.385311,8.705369,3.242737,-0.000686
23.466840,26.932443,35.854808,1216.338888,-1.570694,66.396904,8.702420,3.241461,-0.001576
23.473190,26.950230,35.804899,1211.880172,-1.615154,66.409550,8.702589,3.240454,-0.000741
23.479170,26.967866,35.752905,1207.435394,-1.660401,66.420511,8.702635,3.241021,-0.000315
23.486120,26.985508,35.699917,1203.001290,-1.704909,66.432293,8.702651,3.240431,-0.000438
23.491715,27.001195,35.647840,1198.578205,-1.749530,66.445323,8.704179,3.241386,0.000798
23.497581,27.017099,35.591094,1194.164641,-1.796525,66.456202,8.707375,3.243998,0.000604
23.503535,27.032801,35.535297,1189.757594,-1.842507,66.468776,8.713094,3.244027,0.000456
23.508955,27.048591,35.478267,1185.358642,-1.887127,66.481221,8.720999,3.246283,-0.000524
23.516692,27.066249,35.417832,1180.968806,-1.932263,66.492383,8.730217,3.249403,-0.002033
23.523125,27.081286,35.357139,1176.586001,-1.975117,66.502039,8.738978,3.252599,-0.001912
23.529778,27.096866,35.294458,1172.207936,-2.019368,66.513338,8.749393,3.257831,-0.000546
23.534616,27.114304,35.229155,1167.833402,-2.063230,66.525555,8.760393,3.261655,-0.000544
23.541990,27.130577,35.167526,1163.464530,-2.104293,66.537212,8.773956,3.267006,-0.000876
23.547825,27.145029,35.103291,1159.099087,-2.148313,66.550675,8.788225,3.270038,-0.001950
23.554302,27.159796,35.037729,1154.736254,-2.191020,66.560222,8.802978,3.275320,-0.001589
23.560251,27.173938,34.971206,1150.376489,-2.231985,66.570771,8.817771,3.282380,-0.000818
23.567256,27.190159,34.903599,1146.016891,-2.271519,66.584564,8.834747,3.288753,-0.001748
23.575035,27.206144,34.835854,1141.656741,-2.310591,66.595241,8.855202,3.295234,-0.000760
23.580646,27.221051,34.767412,1137.297698,-2.347682,66.606089,8.874420,3.301680,-0.000372
23.586933,27.235124,34.696287,1132.937242,-2.383284,66.616007,8.892580,3.309673,-0.001208
23.591844,27.247662,34.625179,1128.572866,-2.418795,66.628454,8.913022,3.316956,-0.000863
23.596851,27.263739,34.552335,1124.205584,-2.452633,66.638519,8.934511,3.324660,-0.001313
23.602764,27.279820,34.478735,1119.836724,-2.485717,66.650129,8.956080,3.333454,-0.001432
23.608203,27.295902,34.406505,1115.461856,-2.516760,66.661639,8.978278,3.342874,-0.000864
23.614669,27.309710,34.331207,1111.084191,-2.548148,66.672919,9.001987,3.351842,-0.000772
23.620721,27.324147,34.254589,1106.700934,-2.574776,66.686615,9.023099,3.361782,-0.001027
23.627974,27.339955,34.180952,1102.309886,-2.601043,66.698082,9.047009,3.371570,-0.000316
23.632094,27.353892,34.104976,1097.914585,-2.625575,66.709383,9.070855,3.378778,-0.000782
23.636956,27.369539,34.029607,1093.511051,-2.650705,66.720855,9.094280,3.387865,0.000965
23.642224,27.383712,33.954293,1089.099649,-2.671858,66.730571,9.118945,3.396544,0.000968
23.647045,27.398173,33.879218,1084.681700,-2.692297,66.740662,9.142002,3.405287,0.000411
23.651343,27.413320,33.801405,1080.253090,-2.710953,66.750946,9.166247,3.412698,0.001935
23.657619,27.428139,33.724414,1075.817834,-2.729485,66.762080,9.189115,3.420144,0.001550
23.664330,27.442224,33.647426,1071.373694,-2.746491,66.772416,9.213139,3.429418,0.000268
23.670564,27.457492,33.571493,1066.921341,-2.759138,66.780988,9.236648,3.440162,0.001610
23.674402,27.471670,33.493743,1062.457622,-2.771282,66.791286,9.257764,3.448127,0.002247
23.679449,27.485999,33.417243,1057.983460,-2.782718,66.801943,9.282355,3.458638,0.001671
23.685046,27.499702,33.341320,1053.500552,-2.791496,66.812484,9.304417,3.466140,-0.000608
23.692000,27.513940,33.265611,1049.008892,-2.798694,66.824063,9.325056,3.473738,0.000059
23.696878,27.527922,33.187993,1044.505813,-2.803869,66.836373,9.346008,3.481170,0.000155
23.703240,27.540742,33.111399,1039.994435,-2.810157,66.847169,9.366097,3.489178,0.000647
23.710213,27.554320,33.034887,1035.471040,-2.814762,66.858283,9.386052,3.497236,0.001489
23.715696,27.568400,32.957875,1030.938362,-2.816975,66.870400,9.404116,3.504208,0.000424
23.720381,27.584050,32.881113,1026.395373,-2.819462,66.880263,9.420744,3.511893,0.000595
23.725535,27.596833,32.805657,1021.844459,-2.817932,66.892698,9.437671,3.517997,0.002497
23.729273,27.609146,32.729319,1017.285237,-2.815025,66.905289,9.452575,3.522501,0.001214
23.734436,27.623712,32.654235,1012.716416,-2.810455,66.914767,9.466051,3.528566,0.000476
23.738926,27.639380,32.578733,1008.138350,-2.804533,66.926100,9.479081,3.534880,-0.000281
23.744008,27.652603,32.504168,1003.553468,-2.800495,66.937457,9.492030,3.539574,0.000508
23.750433,27.664387,32.432896,998.961187,-2.793586,66.946473,9.503925,3.542693,0.001005
0.045517,0.051036,50.021461,5266.671266,-0.212990,44.999758,22.249557,8.289968,0.001803
0.095611,0.099647,50.011944,5254.272116,0.070422,44.999336,22.177546,8.263254,0.001383
0.146264,0.148575,50.041122,5241.874926,0.351876,44.998151,21.983115,8.191626,0.002038
0.196070,0.198703,50.110074,5229.550165,0.632911,44.997954,21.673092,8.075623,0.002607
0.244644,0.248085,50.216493,5217.356669,0.905027,44.997763,21.255948,7.918451,0.002446
0.293667,0.297369,50.357782,5205.356426,1.172202,44.997400,20.742878,7.726017,0.002328
0.341264,0.346698,50.533567,5193.601037,1.427876,44.997474,20.143554,7.501717,0.003130
0.388782,0.395405,50.742558,5182.139928,1.675809,44.997872,19.467728,7.251234,0.004328
0.438581,0.444197,50.985076,5171.010965,1.911439,44.999254,18.735656,6.978748,0.006015
0.487398,0.491920,51.257239,5160.247246,2.134296,44.999113,17.955210,6.688205,0.004305
0.535248,0.540438,51.559108,5149.875759,2.341817,44.999339,17.139217,6.382998,0.003235
0.585789,0.588889,51.887274,5139.915496,2.536926,44.999433,16.302491,6.072557,0.004984
0.637552,0.639206,52.240523,5130.377437,2.718793,44.998332,15.455884,5.758157,0.005791
0.684993,0.688205,52.609594,5121.279455,2.791515,44.800423,14.621582,5.447669,-51.994168
0.734051,0.735363,52.985174,5112.622986,2.853749,44.612897,13.818964,5.148909,-51.994863
0.781703,0.782352,53.370520,5104.390396,2.907348,44.433234,13.049407,4.863031,-51.995406
0.831617,0.830450,53.760779,5096.566332,2.954045,44.265846,12.315834,4.589614,-51.995124
0.880372,0.877216,54.156047,5089.131732,2.991886,44.106462,11.616808,4.329724,-51.996822
0.929635,0.925958,54.557155,5082.070494,3.023835,43.955542,10.952284,4.082069,-51.996804
0.975854,0.972490,54.959742,5075.364643,3.047802,43.813121,10.322241,3.846076,-51.996258
1.025985,1.020102,55.364653,5068.995065,3.063788,43.679662,9.726712,3.623327,-51.996789
1.074521,1.065646,55.770408,5062.948949,3.074843,43.553392,9.164640,3.414708,-51.996908
1.122438,1.112352,56.177281,5057.201096,3.080460,43.436152,8.634342,3.217604,-51.998578
1.171430,1.157763,56.584679,5051.741759,3.080634,43.325771,8.136657,3.029477,-51.997576
1.221309,1.205167,56.993199,5046.554076,3.075123,43.218599,7.667173,2.853733,-51.998469
1.271067,1.251391,57.396323,5041.616595,3.063087,43.118858,7.229584,2.692962,-51.999212
1.323319,1.297085,57.799746,5036.925130,3.048952,43.026405,6.818145,2.539319,-51.998913
1.372393,1.342743,58.199943,5032.457457,3.028153,42.939249,6.434406,2.394952,-52.000010
1.421456,1.388563,58.596456,5028.204053,3.005424,42.857409,6.075592,2.259536,-52.000089
1.470256,1.433649,58.991116,5024.151491,2.978637,42.780139,5.740179,2.134498,-51.999307
1.521120,1.480393,59.381471,5020.286817,2.948096,42.706665,5.424908,2.018670,-51.998769
1.570786,1.525140,59.765527,5016.600542,2.913633,42.634666,5.131355,1.908962,-51.998325
1.619511,1.571732,60.144466,5013.082528,2.878842,42.568534,4.855917,1.807357,-51.998232
1.667628,1.615452,60.520830,5009.721353,2.838968,42.506948,4.601046,1.710913,-51.997587
1.717202,1.660685,60.889104,5006.508566,2.796405,42.448824,4.361171,1.622796,-51.997568
1.766215,1.708022,61.252716,5003.436413,2.749419,42.391732,4.140244,1.539458,-51.996669
1.815301,1.751336,61.609158,5000.495389,2.701963,42.337799,3.931756,1.462005,-51.996963
1.865295,1.797090,61.960317,4997.676928,2.651980,42.287602,3.739216,1.391592,-51.999190
1.913865,1.842053,62.302073,4994.975231,2.599864,42.239793,3.559867,1.323190,-51.998369
1.962746,1.887296,62.640009,4992.385457,2.544398,42.194562,3.391172,1.260174,-51.998103
2.010999,1.932410,62.969009,4989.902518,2.488688,42.151497,3.233817,1.201075,-51.997524
2.061328,1.979472,63.290384,4987.515677,2.429721,42.110945,3.087098,1.146707,-51.996431
2.109539,2.022312,63.604343,4985.223390,2.371650,42.070442,2.950581,1.097439,-51.996071
2.160608,2.065756,63.909162,4983.017433,2.309838,42.032719,2.824312,1.052270,-51.995395
2.209051,2.111878,64.206518,4980.895687,2.247057,41.996037,2.705401,1.007142,-51.996247
2.259538,2.154536,64.496654,4978.853182,2.186276,41.961844,2.596061,0.966041,-51.998537
2.310764,2.198728,64.778055,4976.887251,2.122671,41.930488,2.493918,0.928370,-51.999130
2.360519,2.242850,65.052942,4974.992583,2.058210,41.899399,2.396873,0.893450,-51.999379
2.409470,2.287564,65.316729,4973.167389,1.992794,41.869556,2.308034,0.860797,-51.998835
2.460577,2.331944,65.570629,4971.406178,1.925831,41.840039,2.224643,0.829582,-51.998896
2.511509,2.375891,65.816470,4969.707129,1.856653,41.812072,2.146445,0.798970,-51.998332
2.559656,2.420426,66.054045,4968.068376,1.787435,41.783395,2.074052,0.773446,-51.998110
2.609334,2.463521,66.282249,4966.484867,1.717204,41.759236,2.007578,0.747585,-51.998930
2.659061,2.507572,66.501711,4964.954099,1.648676,41.733356,1.945385,0.724494,-51.999926
2.707594,2.552663,66.710275,4963.475584,1.578145,41.710145,1.889015,0.702620,-51.998925
2.756727,2.597829,66.909656,4962.045697,1.506327,41.687470,1.835630,0.684791,-51.999103
2.806077,2.642430,67.100713,4960.662664,1.435033,41.666876,1.786316,0.665472,-51.998685
2.855281,2.686155,67.280849,4959.324883,1.361774,41.644650,1.738133,0.647448,-52.000348
2.903753,2.730510,67.453588,4958.030778,1.287706,41.623975,1.695984,0.631548,-51.999510
2.954770,2.775092,67.615109,4956.776335,1.212961,41.603979,1.655577,0.618024,-51.999918
3.003278,2.817475,67.767350,4955.562996,1.137057,41.583023,1.620928,0.603614,-51.999213
3.052548,2.862252,67.909629,4954.389372,1.062313,41.564453,1.588783,0.590744,-51.999358
3.102935,2.904561,68.042675,4953.251674,0.986847,41.545713,1.557788,0.578723,-51.998666
3.150914,2.947981,68.165460,4952.148571,0.910476,41.527692,1.531182,0.570359,-51.997843
3.198894,2.993135,68.278101,4951.078416,0.833435,41.509880,1.506638,0.561644,-51.996340
3.249229,3.037608,68.383076,4950.040592,0.755831,41.493518,1.484859,0.553658,-51.996882
3.299046,3.081875,68.474913,4949.035134,0.680485,41.476945,1.465343,0.547167,-51.997159
3.348446,3.126082,68.556057,4948.057095,0.603568,41.460949,1.448428,0.537911,-51.998267
3.396950,3.169665,68.630184,4947.109528,0.526426,41.444765,1.433701,0.530858,-51.998471
3.446545,3.212561,68.693617,4946.188741,0.450192,41.426305,1.420368,0.527153,-51.999374
3.496033,3.255434,68.747803,4945.295144,0.373235,41.409261,1.409053,0.524620,-52.000273
3.544363,3.298995,68.791138,4944.427892,0.294844,41.393202,1.401388,0.520636,-52.000880
3.594208,3.341790,68.823899,4943.583610,0.217122,41.376351,1.393778,0.517408,-52.001908
3.643070,3.385279,68.846517,4942.762602,0.138630,41.360772,1.387882,0.515195,-52.000258
3.691490,3.427837,68.857885,4941.962756,0.057969,41.345508,1.385338,0.513209,-52.000447
3.739406,3.471957,68.859187,4941.185061,-0.018573,41.328410,1.384690,0.512831,-52.001986
3.789369,3.515169,68.850811,4940.425970,-0.097514,41.311270,1.384929,0.512291,-52.000262
3.841569,3.560025,68.832928,4939.684072,-0.177637,41.296309,1.388337,0.514486,-51.999422
3.891020,3.605854,68.805375,4938.961543,-0.256432,41.281556,1.392699,0.518697,-51.999758
3.941365,3.649646,68.767870,4938.253697,-0.333673,41.266745,1.400241,0.520481,-51.998724
3.991187,3.692363,68.720780,4937.561963,-0.411980,41.251905,1.410258,0.522376,-52.000023
4.040778,3.733794,68.662435,4936.883583,-0.488448,41.237322,1.421333,0.525745,-51.998590
4.089429,3.778103,68.596451,4936.219154,-0.566135,41.223072,1.433763,0.531400,-51.999336
4.138935,3.821104,68.516507,4935.564578,-0.642679,41.207217,1.448354,0.536781,-51.998433
4.187645,3.865475,68.431231,4934.919906,-0.719881,41.190411,1.463956,0.544175,-51.998989
4.237125,3.907536,68.332053,4934.286881,-0.797498,41.172847,1.485284,0.549808,-51.999228
4.286825,3.951567,68.223519,4933.661193,-0.874253,41.156784,1.507632,0.560560,-51.999660
4.337105,3.995033,68.105921,4933.039981,-0.953416,41.140941,1.535042,0.571964,-52.000133
4.386353,4.038679,67.978438,4932.424112,-1.030131,41.124927,1.561741,0.582330,-52.000092
4.436846,4.082000,67.840750,4931.812352,-1.105002,41.108050,1.591474,0.593400,-51.998315
4.485950,4.125438,67.693598,4931.201568,-1.183040,41.088615,1.625385,0.606404,-51.998673
4.535065,4.169017,67.535459,4930.591314,-1.259615,41.072078,1.661844,0.620390,-51.998271
4.583498,4.212228,67.366376,4929.979517,-1.334690,41.051922,1.700175,0.633692,-51.999564
4.633863,4.255789,67.187990,4929.363014,-1.409647,41.032947,1.743404,0.648917,-52.001083
4.683802,4.298135,67.000916,4928.740496,-1.483985,41.013777,1.790537,0.667634,-52.002428
4.734280,4.342783,66.803632,4928.108637,-1.557235,40.993515,1.840735,0.685767,-52.003170
4.784051,4.384989,66.598606,4927.467791,-1.632500,40.971671,1.895749,0.706444,-52.003028
4.833352,4.426233,66.383363,4926.815109,-1.706521,40.950656,1.952488,0.726948,-52.001547
4.883787,4.470648,66.160831,4926.149009,-1.779452,40.928672,2.014533,0.749809,-52.003732
4.933720,4.515191,65.926155,4925.463700,-1.850089,40.906650,2.079406,0.772959,-52.002096
4.984618,4.558622,65.682883,4924.757850,-1.924038,40.882163,2.151111,0.798778,-52.003134
5.034905,4.602719,65.429200,4924.026229,-1.995499,40.856539,2.229352,0.828383,-52.004839
5.085702,4.647124,65.168218,4923.268921,-2.063999,40.831127,2.310864,0.860534,-52.003315
5.136186,4.689499,64.899725,4922.482450,-2.130805,40.804531,2.398923,0.893907,-52.001833
5.187663,4.734135,64.620775,4921.661037,-2.197379,40.776565,2.494533,0.931005,-52.001988
5.236328,4.777164,64.332900,4920.801070,-2.262893,40.746512,2.594669,0.968357,-52.002148
5.284965,4.820891,64.037329,4919.899046,-2.327520,40.715309,2.703668,1.008638,-52.002036
5.334833,4.863503,63.734239,4918.950780,-2.393515,40.681942,2.822082,1.053360,-52.001995
5.382283,4.905600,63.422063,4917.951749,-2.456414,40.646036,2.947520,1.100852,-52.002134
5.432366,4.947379,63.100329,4916.896081,-2.517854,40.611179,3.082892,1.148475,-52.002490
5.480476,4.988451,62.772067,4915.777783,-2.578548,40.574471,3.227718,1.202766,-52.000682
5.530279,5.033270,62.435214,4914.589996,-2.637317,40.536810,3.383165,1.259771,-52.001793
5.580087,5.076782,62.092326,4913.326554,-2.694377,40.493415,3.547608,1.320803,-52.001547
5.628935,5.119441,61.742471,4911.983720,-2.750444,40.448971,3.721690,1.385532,-52.001581
5.678486,5.161453,61.384206,4910.552822,-2.804143,40.401892,3.909150,1.455575,-52.000801
5.729938,5.204362,61.020067,4909.026106,-2.855917,40.353071,4.111038,1.531104,-52.000494
5.779439,5.246785,60.651305,4907.393238,-2.905921,40.301980,4.328711,1.611413,-52.001050
5.829262,5.288368,60.274951,4905.647794,-2.952294,40.246602,4.562351,1.697282,-52.001512
5.877857,5.330766,59.893703,4903.778868,-2.996212,40.187110,4.809378,1.789180,-52.001105
5.928536,5.374857,59.508895,4901.780851,-3.038539,40.126734,5.075361,1.887856,-52.000567
5.979065,5.416965,59.115130,4899.637417,-3.078047,40.060755,5.360636,1.994802,-52.002813
6.028479,5.460542,58.719768,4897.340566,-3.114880,39.990019,5.663031,2.107048,-52.002379
6.077798,5.504154,58.317613,4894.879876,-3.146897,39.914682,5.984856,2.228727,-52.002350
6.130117,5.546277,57.912262,4892.238477,-3.177887,39.835333,6.329877,2.356525,-52.002135
6.180355,5.587724,57.504186,4889.406635,-3.203440,39.751611,6.696316,2.492872,-52.002132
6.228942,5.629709,57.093588,4886.368411,-3.226794,39.663453,7.087535,2.637200,-52.002118
6.279894,5.670744,56.680364,4883.113311,-3.243961,39.568917,7.500792,2.792397,-52.000888
6.329859,5.714755,56.265154,4879.622295,-3.256942,39.469187,7.939987,2.956473,-52.000651
6.381700,5.757685,55.848598,4875.880005,-3.265312,39.362329,8.403218,3.130334,-52.000646
6.431858,5.798527,55.432027,4871.873129,-3.269164,39.249050,8.895386,3.315389,-52.001383
6.482549,5.838765,55.015733,4867.584424,-3.265305,39.129876,9.415228,3.509860,-52.001868
6.534047,5.878393,54.602607,4862.995630,-3.257683,39.000611,9.961285,3.713376,-52.002646
6.584227,5.917479,54.187864,4858.092133,-3.242861,38.864501,10.536805,3.927565,-52.003064
6.635634,5.959490,53.780248,4852.854722,-3.222154,38.719552,11.137343,4.150380,-52.002193
6.685102,6.000908,53.372764,4847.267362,-3.194773,38.566335,11.766848,4.385483,-52.002031
6.735874,6.040012,52.969935,4841.313199,-3.161627,38.401335,12.422187,4.628833,-52.002511
6.787835,6.079986,52.571525,4834.977867,-3.122609,38.230990,13.102524,4.881706,-52.002500
6.840259,6.120510,52.180618,4828.244882,-3.075168,38.049994,13.804646,5.144977,-52.002846
6.889223,6.159071,51.795539,4821.100133,-3.019698,37.857936,14.528100,5.414605,-52.001512
6.940727,6.199428,51.417313,4813.529295,-2.954855,37.655207,15.269493,5.691209,-51.998507
6.989639,6.236736,51.051296,4805.523135,-2.883322,37.440381,16.025579,5.973845,-51.999216
7.040805,6.277267,50.694591,4797.073204,-2.804107,37.215536,16.791309,6.259423,-52.000356
7.092119,6.316237,50.349932,4788.172089,-2.715208,36.978349,17.561146,6.547193,-51.998784
7.141456,6.353753,50.014488,4778.814859,-2.620864,36.731710,18.333221,6.834161,-51.999259
7.193894,6.393568,49.693312,4769.003746,-2.516447,36.472071,19.101987,7.117999,-51.998198
7.244759,6.432553,49.387614,4758.738990,-2.402641,36.203780,19.856520,7.400458,-51.998866
7.297045,6.469891,49.095669,4748.026825,-2.278946,35.921456,20.593733,7.673534,-51.999364
7.347634,6.506518,48.819987,4736.876268,-2.149633,35.627163,21.306840,7.939224,-52.001377
7.398058,6.545436,48.562847,4725.305241,-2.014123,35.322328,21.985292,8.192043,-52.002689
7.449689,6.579733,48.323913,4713.328411,-1.868354,35.009128,22.623616,8.431098,-52.002906
7.499711,6.615335,48.105272,4700.971027,-1.717100,34.686036,23.215079,8.650767,-52.001675
7.553298,6.650167,47.903762,4688.259907,-1.560474,34.353936,23.752312,8.850609,-52.002281
7.603793,6.686462,47.722694,4675.222971,-1.397388,34.013392,24.231253,9.027791,-52.001368
7.654913,6.721557,47.563376,4661.896254,-1.228865,33.664608,24.642676,9.182396,-52.002374
7.707006,6.756377,47.424617,4648.315722,-1.056786,33.309018,24.983348,9.309849,-52.003152
7.760501,6.792480,47.307051,4634.520646,-0.882293,32.947338,25.250121,9.408415,-52.003327
7.814287,6.826330,47.210950,4620.552989,-0.704532,32.583492,25.437167,9.476981,-52.003327
7.867473,6.860377,47.137536,4606.460058,-0.522932,32.215329,25.546989,9.514847,-52.000769
7.919705,6.892947,47.085374,4592.280979,-0.340424,31.846110,25.575438,9.526099,-52.002766
7.971362,6.925580,47.056082,4578.064056,-0.159007,31.475188,25.523938,9.507552,-52.003908
8.023108,6.957720,47.047735,4563.853460,0.023123,31.104706,25.394091,9.460836,-52.003523
8.073561,6.989088,47.062062,4549.689323,0.204671,30.735760,25.187958,9.383922,-52.003780
8.126495,7.019000,47.096937,4535.616764,0.381177,30.368729,24.911444,9.280735,-52.002615
8.179555,7.050125,47.153774,4521.671322,0.553592,30.005193,24.565185,9.151658,-52.003255
8.232748,7.079461,47.229109,4507.895266,0.720701,29.645721,24.160264,9.001576,-52.004513
8.284885,7.109429,47.323546,4494.319198,0.883442,29.293349,23.699215,8.829235,-52.005651
8.337319,7.138871,47.437151,4480.978876,1.040567,28.943866,23.186991,8.640107,-52.005702
8.390620,7.168337,47.566764,4467.893660,1.190679,28.602993,22.630800,8.431588,-52.004511
8.442896,7.197114,47.714938,4455.093063,1.334468,28.270226,22.038279,8.211719,-52.003762
8.495808,7.225917,47.878425,4442.596685,1.471837,27.944162,21.417689,7.977558,-52.002880
8.546825,7.255115,48.055829,4430.421597,1.603294,27.627273,20.773551,7.737313,-52.002024
8.598728,7.281240,48.247465,4418.578704,1.724201,27.320565,20.108871,7.490759,-52.002926
8.652354,7.308478,48.452912,4407.080867,1.837983,27.023601,19.433327,7.239395,-52.002690
8.704906,7.336742,48.671337,4395.932079,1.941941,26.735441,18.751867,6.984937,-52.004859
8.757452,7.364333,48.899750,4385.141955,2.037707,26.456759,18.069376,6.732198,-52.004427
8.808623,7.391130,49.137590,4374.708136,2.126469,26.187801,17.389442,6.477651,-52.003669
8.861344,7.418083,49.385036,4364.631994,2.206354,25.928600,16.714860,6.226966,-52.004629
8.913958,7.443196,49.641154,4354.909747,2.279096,25.677047,16.049942,5.977649,-52.004776
8.967975,7.469672,49.906581,4345.537175,2.343829,25.438348,15.399842,5.736496,-52.003309
9.021047,7.495115,50.177132,4336.510178,2.397584,25.208290,14.767110,5.500460,-52.001696
9.074086,7.520949,50.452408,4327.819375,2.446764,24.989279,14.150412,5.271710,-52.001895
9.128083,7.545522,50.732566,4319.456634,2.487906,24.776734,13.551789,5.049887,-52.000630
9.180544,7.569613,51.016863,4311.412477,2.518554,24.573850,12.973674,4.836313,-51.999482
9.232361,7.592148,51.302174,4303.678688,2.543769,24.378664,12.418356,4.628418,-51.998486
9.284633,7.615759,51.590468,4296.242406,2.563746,24.192851,11.882843,4.430367,-51.998556
9.338196,7.638792,51.878114,4289.094201,2.575063,24.012896,11.372460,4.240087,-51.997764
9.390152,7.662529,52.168473,4282.221242,2.581659,23.842392,10.883823,4.058211,-51.998580
9.442299,7.685453,52.457501,4275.616125,2.581142,23.681237,10.416414,3.884848,-51.999047
9.492900,7.707561,52.746741,4269.266306,2.574132,23.526437,9.971907,3.720056,-51.998763
9.546232,7.729867,53.034430,4263.161532,2.562597,23.375017,9.548584,3.563134,-51.999150
9.597816,7.752048,53.319137,4257.289718,2.548003,23.230647,9.147257,3.412300,-51.997743
9.650267,7.773521,53.602236,4251.643451,2.526858,23.092358,8.767815,3.270538,-51.996912
9.703122,7.796455,53.883127,4246.208127,2.500333,22.961870,8.408411,3.136289,-51.995962
9.756018,7.819372,54.160294,4240.976862,2.468833,22.836007,8.068506,3.010919,-51.994633
9.807385,7.842181,54.434124,4235.938026,2.433698,22.715272,7.746734,2.890513,-51.995990
9.859723,7.863876,54.700723,4231.083724,2.395043,22.600181,7.442090,2.776783,-51.995804
9.911212,7.886044,54.963999,4226.404421,2.351848,22.488328,7.156553,2.669767,-51.995298
9.964260,7.907632,55.221013,4221.891359,2.305790,22.381217,6.889253,2.566466,-51.998508
10.014856,7.929890,55.471320,4217.536170,2.256093,22.278161,6.634500,2.470863,-52.000385
10.065869,7.950919,55.719574,4213.326183,2.251461,22.284210,6.391920,2.382035,-0.002330
10.119894,7.972487,55.966958,4209.249985,2.243860,22.290250,6.161527,2.298375,-0.002040
10.172569,7.992071,56.213226,4205.302642,2.232351,22.296249,5.939796,2.216052,-0.000814
10.225650,8.014881,56.456387,4201.478504,2.216582,22.300948,5.728382,2.137898,-0.002391
10.276621,8.037231,56.698936,4197.774160,2.194815,22.305652,5.525140,2.062874,-0.003783
10.329339,8.058483,56.938980,4194.187083,2.169702,22.311327,5.332879,1.991349,-0.001707
10.379124,8.082100,57.175903,4190.714547,2.141164,22.317441,5.150236,1.921587,-0.000489
10.430545,8.102734,57.408225,4187.348337,2.106564,22.324378,4.975671,1.857192,-0.000745
10.482838,8.124910,57.636481,4184.086097,2.068788,22.329698,4.809887,1.795322,-0.000335
10.532794,8.145955,57.860851,4180.922837,2.027970,22.334389,4.652821,1.736726,-0.000659
10.584947,8.168573,58.079019,4177.856015,1.984615,22.338194,4.504397,1.679324,-0.000610
10.636706,8.190475,58.294836,4174.881529,1.937289,22.346288,4.365524,1.626645,-0.002313
10.688070,8.211740,58.503960,4171.992906,1.887462,22.352008,4.233110,1.577914,-0.002249
10.740052,8.233137,58.706820,4169.190505,1.836577,22.359032,4.108735,1.532372,-0.001184
10.790807,8.253926,58.905262,4166.469285,1.783131,22.367802,3.991720,1.486645,-0.000524
10.842810,8.274016,59.095512,4163.826969,1.725205,22.373701,3.878340,1.443358,0.000691
10.894816,8.296884,59.281219,4161.257958,1.665826,22.380662,3.773256,1.404335,0.001246
10.946967,8.319073,59.458847,4158.761309,1.604824,22.386195,3.675500,1.366489,0.001511
10.997586,8.340300,59.630053,4156.334488,1.541177,22.391550,3.585393,1.331553,0.000275
11.048160,8.364632,59.793345,4153.971609,1.473937,22.397357,3.500392,1.301399,0.000803
11.097013,8.387690,59.949482,4151.672862,1.407622,22.403313,3.420009,1.272412,0.001863
11.148331,8.407977,60.097082,4149.435711,1.340536,22.409003,3.345172,1.244196,0.001776
11.200614,8.430331,60.237000,4147.255930,1.269098,22.415593,3.277332,1.219624,0.004249
11.252146,8.452155,60.371536,4145.131093,1.198273,22.423225,3.211847,1.196318,0.002873
11.302079,8.472336,60.496378,4143.060177,1.125042,22.429198,3.151522,1.172560,0.001401
11.354901,8.493408,60.615023,4141.040305,1.049729,22.436031,3.097493,1.152201,0.001593
11.405129,8.514415,60.723867,4139.069068,0.972706,22.440646,3.048010,1.136154,0.004486
11.456079,8.536199,60.824565,4137.143333,0.893758,22.447027,3.000210,1.118736,0.005069
11.508271,8.557354,60.915690,4135.259887,0.816684,22.452653,2.960788,1.102904,0.004799
11.558645,8.579007,60.998932,4133.417558,0.739537,22.459947,2.921435,1.090211,0.003767
11.610384,8.600038,61.074971,4131.616027,0.658491,22.465420,2.888562,1.076499,0.002857
11.661278,8.620729,61.142062,4129.851696,0.579170,22.472124,2.859666,1.065297,0.002161
11.711875,8.642679,61.199566,4128.124266,0.497623,22.478747,2.833133,1.055646,0.003298
11.762127,8.663600,61.248636,4126.430208,0.414503,22.486403,2.813734,1.046841,0.002368
11.812539,8.685623,61.287644,4124.768927,0.331527,22.492225,2.797023,1.043276,0.001558
11.862624,8.706891,61.320548,4123.136809,0.249223,22.498261,2.782214,1.036845,0.001223
11.912578,8.730166,61.342063,4121.532598,0.164754,22.505605,2.771396,1.032099,-0.001490
11.962695,8.751226,61.355400,4119.955426,0.079180,22.512456,2.765227,1.027910,-0.001288
12.013134,8.773738,61.361241,4118.402542,-0.004629,22.519404,2.761371,1.026463,-0.000896
12.065023,8.795536,61.356218,4116.872881,-0.089072,22.526681,2.763194,1.026355,-0.001510
12.115851,8.815789,61.343114,4115.362117,-0.173636,22.535364,2.765769,1.027939,-0.003362
12.166067,8.838026,61.320175,4113.868621,-0.255887,22.542648,2.771545,1.032802,-0.002880
12.216997,8.860031,61.288804,4112.393334,-0.340395,22.549595,2.781709,1.038059,-0.001761
12.270308,8.880598,61.247454,4110.931774,-0.424271,22.555025,2.795438,1.043774,-0.001214
12.320509,8.902758,61.197280,4109.483911,-0.507089,22.563945,2.814073,1.050458,-0.002652
12.370118,8.922621,61.138855,4108.044222,-0.589702,22.571635,2.835661,1.058386,-0.002647
12.420799,8.944473,61.072858,4106.611190,-0.671765,22.578811,2.861422,1.068336,-0.002189
12.471706,8.966157,60.996166,4105.185877,-0.753987,22.586712,2.890136,1.077120,-0.002858
12.522613,8.988979,60.910460,4103.762586,-0.834744,22.594040,2.923300,1.088349,-0.003202
12.574179,9.009997,60.816101,4102.340526,-0.915019,22.602734,2.961084,1.102350,-0.002754
12.625196,9.032782,60.712779,4100.916680,-0.995768,22.609077,3.003969,1.117257,-0.003324
12.674947,9.056332,60.600180,4099.488249,-1.075587,22.615254,3.048602,1.133474,-0.002147
12.725712,9.077644,60.480989,4098.053997,-1.154866,22.624170,3.096606,1.151264,-0.000617
12.775582,9.098202,60.353245,4096.610850,-1.231965,22.632841,3.149865,1.172226,-0.002064
12.827808,9.120216,60.218469,4095.154954,-1.307376,22.641673,3.207558,1.192876,-0.002507
12.878379,9.139699,60.073463,4093.684576,-1.383438,22.649919,3.270942,1.216798,-0.000139
12.928221,9.161708,59.922934,4092.195844,-1.457075,22.656961,3.339752,1.242293,-0.002198
12.978599,9.183632,59.762678,4090.686723,-1.528953,22.663873,3.412290,1.268932,-0.000972
13.029313,9.205865,59.594978,4089.151790,-1.598616,22.671353,3.489564,1.299247,0.000579
13.079822,9.227358,59.418451,4087.590551,-1.668073,22.677615,3.574680,1.331077,0.001868
13.130826,9.247033,59.234521,4086.000495,-1.763200,22.628042,3.666342,1.365128,-49.998533
13.182211,9.266522,59.042300,4084.381274,-1.857063,22.576524,3.764760,1.401900,-49.999935
13.231996,9.287356,58.839157,4082.727584,-1.949208,22.523217,3.869033,1.440952,-50.000315
13.281979,9.306868,58.626876,4081.035177,-2.039042,22.467557,3.984230,1.482983,-50.000660
13.332800,9.329322,58.405949,4079.300258,-2.127748,22.409630,4.105675,1.526885,-50.000939
13.382867,9.350687,58.174749,4077.517487,-2.215137,22.351761,4.238981,1.575478,-49.998792
13.435156,9.371862,57.934478,4075.681107,-2.300138,22.292605,4.382495,1.627719,-49.999833
13.486450,9.394545,57.685335,4073.783778,-2.383460,22.227421,4.534096,1.684522,-50.000479
13.535643,9.415948,57.427198,4071.817405,-2.465549,22.159557,4.697874,1.744492,-50.001026
13.585699,9.437742,57.161901,4069.776608,-2.545747,22.088754,4.873069,1.811437,-50.000450
13.636886,9.458910,56.886753,4067.655968,-2.622797,22.015774,5.059245,1.881993,-49.999559
13.687810,9.479751,56.604313,4065.445781,-2.694681,21.940713,5.258029,1.957856,-49.999263
13.738737,9.499507,56.312147,4063.136228,-2.768104,21.865094,5.469840,2.037922,-49.999412
13.789253,9.521107,56.013784,4060.724668,-2.837171,21.783211,5.697798,2.122068,-50.000146
13.840698,9.540639,55.709952,4058.203302,-2.904823,21.697952,5.939881,2.211224,-49.999011
13.890737,9.561823,55.398664,4055.554191,-2.968246,21.608112,6.197182,2.307577,-50.000173
13.939052,9.582939,55.081329,4052.772581,-3.026521,21.514567,6.470179,2.410406,-49.998420
13.991161,9.603423,54.757345,4049.846425,-3.079547,21.417956,6.762956,2.517927,-49.998399
14.042070,9.625703,54.429256,4046.766753,-3.132493,21.311599,7.070693,2.632413,-49.998159
14.091171,9.645176,54.095029,4043.523761,-3.180537,21.202193,7.400384,2.756353,-50.000109
14.140237,9.667291,53.754630,4040.102662,-3.224696,21.087461,7.749652,2.887047,-50.000620
14.191115,9.685625,53.411817,4036.491126,-3.262974,20.966732,8.117009,3.024032,-50.001061
14.240535,9.705004,53.064358,4032.678490,-3.297384,20.841199,8.504941,3.170253,-50.000311
14.290128,9.725879,52.716245,4028.649149,-3.325148,20.707144,8.913873,3.319633,-50.000859
14.341554,9.744857,52.366451,4024.391618,-3.347996,20.565511,9.345861,3.479673,-50.000598
14.391873,9.765332,52.012811,4019.891403,-3.364636,20.417639,9.797583,3.649466,-50.000750
14.441100,9.784281,51.657629,4015.133388,-3.372690,20.260255,10.274758,3.827763,-50.001462
14.491852,9.805539,51.303308,4010.107380,-3.376156,20.096820,10.773303,4.013095,-50.002744
14.544641,9.824341,50.950059,4004.795400,-3.372634,19.924427,11.293464,4.207491,-50.000977
14.593326,9.841513,50.597631,3999.186564,-3.363990,19.741731,11.834174,4.407766,-50.002606
14.643306,9.858684,50.246454,3993.266288,-3.346037,19.550056,12.397205,4.616089,-50.001266
14.692191,9.876174,49.899001,3987.018989,-3.321883,19.347628,12.977675,4.831579,-50.001807
14.742347,9.895057,49.555555,3980.435960,-3.289282,19.136019,13.578083,5.055108,-50.000294
14.792827,9.913553,49.215139,3973.504256,-3.247502,18.914110,14.193535,5.285520,-49.999972
14.842729,9.930848,48.879363,3966.213899,-3.198165,18.680946,14.823089,5.519834,-49.999453
14.891499,9.947915,48.550536,3958.553597,-3.141054,18.437537,15.464225,5.757602,-49.999527
14.941305,9.964524,48.226852,3950.515339,-3.075815,18.183159,16.114917,5.999911,-49.999707
14.992277,9.981878,47.913869,3942.094754,-3.000076,17.917535,16.769171,6.244192,-49.999613
15.043023,9.998794,47.610540,3933.288576,-2.914100,17.639812,17.423118,6.488239,-50.000702
15.092135,10.013839,47.316045,3924.094039,-2.818673,17.350852,18.076311,6.732302,-50.001163
15.142425,10.028746,47.031633,3914.513409,-2.712382,17.048458,18.719421,6.972663,-50.000632
15.190939,10.046823,46.762892,3904.548752,-2.600688,16.735931,19.351191,7.209321,-49.999874
15.239672,10.062282,46.504561,3894.206616,-2.481098,16.409624,19.961883,7.438025,-49.999125
15.291200,10.076939,46.259616,3883.495773,-2.351052,16.075577,20.550341,7.656889,-49.999599
15.340534,10.091849,46.027041,3872.429850,-2.210789,15.728671,21.108054,7.865636,-50.000811
15.391450,10.105156,45.811732,3861.027158,-2.064732,15.371404,21.634388,8.061584,-50.001566
15.442792,10.119952,45.611146,3849.303066,-1.914090,15.005832,22.119767,8.241627,-50.001991
15.493242,10.133847,45.425698,3837.281317,-1.755687,14.629712,22.560505,8.405823,-50.002770
15.543796,10.146212,45.257317,3824.987406,-1.589715,14.244716,22.951013,8.550205,-50.004627
15.592888,10.157668,45.106088,3812.446894,-1.418024,13.852312,23.288740,8.677146,-50.003871
15.643537,10.169828,44.973901,3799.690326,-1.241555,13.455640,23.567770,8.782296,-50.003381
15.691650,10.183818,44.858637,3786.749684,-1.062636,13.051629,23.787832,8.865606,-50.004148
15.741918,10.194654,44.762290,3773.657451,-0.882310,12.643644,23.947369,8.923662,-50.002705
15.791372,10.206309,44.683625,3760.447587,-0.697818,12.231180,24.042065,8.960356,-50.002282
15.839892,10.216185,44.622126,3747.156795,-0.512864,11.814669,24.073327,8.970580,-50.001996
15.890097,10.226345,44.580518,3733.820960,-0.327266,11.398392,24.039534,8.957368,-50.002769
15.939050,10.236642,44.557879,3720.472231,-0.141261,10.980001,23.943264,8.921025,-50.003086
15.987883,10.246411,44.552992,3707.145119,0.040836,10.563435,23.786491,8.863117,-50.003823
16.034290,10.256662,44.565079,3693.876299,0.222501,10.147318,23.574483,8.784390,-50.002398
16.083556,10.264261,44.595714,3680.695290,0.399242,9.736555,23.307819,8.684659,-50.002733
16.133603,10.274034,44.641710,3667.633099,0.572232,9.328244,22.990730,8.567065,-50.005517
16.181424,10.283725,44.706334,3654.717335,0.741541,8.923309,22.629473,8.430536,-50.004523
16.229697,10.294070,44.784004,3641.974591,0.903261,8.523267,22.226351,8.279259,-50.001922
16.277466,10.301333,44.876973,3629.428345,1.060323,8.129992,21.786523,8.116168,-50.000848
16.327293,10.307317,44.985322,3617.095795,1.209909,7.743914,21.314528,7.939787,-49.999345
16.375051,10.314755,45.106208,3604.999018,1.351508,7.363547,20.815393,7.754079,-49.999362
16.420920,10.321024,45.238995,3593.154626,1.485903,6.991975,20.295933,7.559036,-50.001282
16.468631,10.327796,45.383457,3581.571744,1.610766,6.628762,19.758947,7.358912,-50.000945
16.516590,10.333070,45.539222,3570.263461,1.728935,6.273379,19.206197,7.152420,-49.999396
16.564275,10.337979,45.704898,3559.235604,1.838116,5.930684,18.647751,6.943707,-49.999146
16.611720,10.341648,45.880212,3548.498245,1.938076,5.594731,18.084358,6.734352,-50.000570
16.657412,10.346509,46.066477,3538.050549,2.029255,5.267656,17.520122,6.525156,-50.001640
16.705653,10.350168,46.259363,3527.896693,2.110447,4.953220,16.955876,6.316086,-50.002238
16.752404,10.356306,46.455909,3518.037126,2.183727,4.646417,16.397525,6.109491,-50.002823
16.798283,10.360244,46.658762,3508.468721,2.248126,4.346885,15.847067,5.905679,-50.002826
16.846346,10.362859,46.866461,3499.188069,2.303723,4.057828,15.306653,5.701689,-50.002693
16.893364,10.366038,47.079526,3490.192324,2.352645,3.778221,14.779146,5.504667,-50.001565
16.940777,10.369280,47.297037,3481.476643,2.391674,3.507509,14.264318,5.313570,-50.002693
16.987433,10.371044,47.515684,3473.035350,2.422217,3.245003,13.763925,5.128600,-50.002547
17.031885,10.374334,47.735711,3464.863957,2.444701,2.991403,13.278682,4.948170,-50.001919
17.077527,10.377063,47.954488,3456.953445,2.458649,2.747026,12.810261,4.772900,-50.002194
17.125172,10.379423,48.178351,3449.296389,2.467516,2.510084,12.360818,4.605111,-50.001883
17.170199,10.380577,48.401070,3441.886878,2.470081,2.280916,11.927076,4.445166,-50.001864
17.215904,10.381992,48.624310,3434.712732,2.464604,2.059411,11.512684,4.290214,-50.000628
17.262573,10.384181,48.845369,3427.769123,2.451305,1.844689,11.116136,4.143942,-49.999339
17.308066,10.386508,49.065827,3421.044475,2.432623,1.637695,10.737726,4.002859,-50.000760
17.352763,10.388311,49.280554,3414.532692,2.405415,1.437577,10.377194,3.868806,-50.000222
17.398856,10.388581,49.495680,3408.225832,2.372023,1.245287,10.034978,3.740008,-49.999654
17.445863,10.389458,49.705305,3402.116269,2.332854,1.057391,9.707488,3.618953,-49.997781
17.489390,10.391033,49.911113,3396.192105,2.290299,0.873644,9.396972,3.500732,-49.996200
17.534882,10.389371,50.113639,3390.450346,2.242948,0.698938,9.104777,3.392258,-49.997389
17.580897,10.390733,50.310130,3384.877521,2.190594,0.527714,8.827298,3.288362,-49.996078
17.627709,10.390593,50.500045,3379.469630,2.133169,0.361560,8.567419,3.193167,-49.996896
17.673117,10.390067,50.684576,3374.220995,2.069428,0.199483,8.320743,3.101645,-49.997338
17.717180,10.390969,50.863388,3369.123581,2.003518,0.042178,8.089007,3.012806,-49.998539
17.761334,10.388091,51.035865,3364.167319,1.934086,-0.110394,7.871807,2.932528,-49.998380
17.806218,10.388295,51.203429,3359.347683,1.859068,-0.257812,7.668533,2.858290,-49.998124
17.851161,10.388670,51.361477,3354.654896,1.779992,-0.402520,7.478066,2.787050,-49.996377
17.897399,10.390153,51.515074,3350.086662,1.699645,-0.543189,7.299622,2.720571,-49.996717
17.941242,10.390520,51.660849,3345.636584,1.614799,-0.681791,7.133861,2.658148,-49.998072
17.985585,10.389056,51.797869,3341.297321,1.526133,-0.815592,6.979017,2.600189,-49.998244
18.028799,10.387961,51.925795,3337.063477,1.435596,-0.947267,6.835765,2.548646,-49.999732
18.073763,10.386627,52.047594,3332.930580,1.342831,-1.078459,6.703837,2.498863,-50.000044
18.117865,10.385351,52.159525,3328.891580,1.248415,-1.207698,6.582040,2.452704,-50.000671
18.163398,10.383911,52.263552,3324.941500,1.151962,-1.332899,6.468438,2.412239,-50.000409
18.206036,10.384306,52.359640,3321.077341,1.053014,-1.455749,6.367718,2.374304,-49.999295
18.250644,10.383078,52.446681,3317.290097,0.952423,-1.578453,6.276917,2.339909,-49.999235
18.295693,10.381494,52.525211,3313.578697,0.849190,-1.699932,6.194297,2.308441,-49.999632
18.340550,10.380917,52.594373,3309.936349,0.744987,-1.819235,6.121366,2.280337,-50.002089
18.383874,10.380555,52.653761,3306.358226,0.638637,-1.937914,6.057747,2.258155,-50.003347
18.428481,10.379180,52.703921,3302.841628,0.531497,-2.056382,6.001349,2.237221,-50.003822
18.472039,10.378686,52.745626,3299.380396,0.422506,-2.170459,5.955672,2.219499,-50.004050
18.515266,10.376377,52.777416,3295.969940,0.315756,-2.286166,5.916821,2.204498,-50.003959
18.558969,10.373302,52.798183,3292.605748,0.205932,-2.399423,5.885848,2.191686,-50.003058
18.604331,10.370827,52.811130,3289.284412,0.096082,-2.512867,5.863036,2.181693,-50.002279
18.647184,10.368779,52.815006,3286.002639,-0.015035,-2.627143,5.848369,2.176037,-50.000240
18.693045,10.367213,52.808040,3282.752483,-0.126636,-2.741555,5.841830,2.174075,-49.999660
18.736437,10.363962,52.791279,3279.534774,-0.236411,-2.855991,5.842825,2.174344,-50.000498
18.782062,10.362144,52.766694,3276.342647,-0.347208,-2.967654,5.852289,2.176717,-49.999476
18.825056,10.361251,52.731635,3273.169462,-0.460529,-3.082249,5.869508,2.183619,-49.999244
18.869495,10.355687,52.687351,3270.013666,-0.572648,-3.196359,5.895512,2.193773,-49.996738
18.914967,10.353539,52.635508,3266.868916,-0.683071,-3.312821,5.927717,2.207215,-49.996961
18.958049,10.349392,52.572649,3263.730063,-0.794599,-3.430058,5.968515,2.221028,-49.998219
19.000039,10.346548,52.500773,3260.597592,-0.906090,-3.548303,6.018678,2.239218,-49.998199
19.043044,10.342762,52.418638,3257.459720,-1.016088,-3.666198,6.075033,2.260639,-49.998808
19.089146,10.339239,52.327362,3254.315310,-1.124839,-3.786319,6.142301,2.286135,-49.997390
19.131932,10.335227,52.226462,3251.158759,-1.231307,-3.908978,6.216207,2.312911,-49.998793
19.175907,10.333039,52.118718,3247.983963,-1.338549,-4.031810,6.300605,2.345058,-49.999304
19.219676,10.329872,52.000182,3244.786078,-1.443450,-4.156987,6.394795,2.378792,-49.999429
19.264528,10.327302,51.873853,3241.563293,-1.545943,-4.284792,6.496850,2.417954,-49.998481
19.308166,10.323897,51.738944,3238.304556,-1.646743,-4.415024,6.607457,2.459509,-49.999379
19.350385,10.320097,51.594853,3235.009098,-1.748799,-4.549159,6.730193,2.505998,-49.999865
19.391968,10.316379,51.442669,3231.668515,-1.847785,-4.683492,6.863213,2.554273,-50.001717
19.432989,10.313320,51.281016,3228.272876,-1.944582,-4.821586,7.005954,2.606632,-50.003353
19.477099,10.309950,51.112132,3224.819504,-2.038619,-4.963277,7.156832,2.663871,-50.002146
19.520157,10.306746,50.936247,3221.302944,-2.130562,-5.105608,7.320573,2.724809,-50.000112
19.561960,10.303567,50.754739,3217.715479,-2.218264,-5.254254,7.496735,2.787898,-50.000661
19.606719,10.298917,50.564881,3214.047983,-2.305188,-5.405289,7.681070,2.858285,-50.001697
19.650670,10.294172,50.366403,3210.296361,-2.387664,-5.563266,7.878324,2.931827,-50.000893
19.693364,10.289509,50.162413,3206.450766,-2.466276,-5.723158,8.086190,3.011049,-50.001821
19.737902,10.284892,49.952772,3202.502929,-2.541809,-5.888574,8.308566,3.093626,-50.002274
19.782286,10.280385,49.735803,3198.447508,-2.613932,-6.058002,8.542866,3.180368,-50.000857
19.824067,10.277434,49.514500,3194.277634,-2.682430,-6.234195,8.789158,3.271883,-49.998197
19.866827,10.272482,49.289048,3189.981325,-2.745340,-6.414020,9.050853,3.368723,-49.999630
19.910916,10.267044,49.060071,3185.552146,-2.806495,-6.601410,9.322157,3.468166,-50.001214
19.950788,10.261991,48.824882,3180.980269,-2.862794,-6.794295,9.609020,3.576491,-49.999887
19.992045,10.256046,48.586149,3176.257208,-2.913832,-6.994154,9.910638,3.689136,-49.998454
20.032858,10.250799,48.342544,3171.374856,-2.959099,-7.200801,10.223299,3.806239,-49.998667
20.073796,10.245246,48.100087,3166.312581,-2.896868,-7.196687,10.543930,3.926986,-0.000794
20.114166,10.240910,47.862498,3161.055701,-2.827171,-7.193125,10.864336,4.046173,-0.001462
20.154836,10.232612,47.631625,3155.601462,-2.748210,-7.190003,11.182235,4.166394,-0.001294
20.197839,10.228401,47.409540,3149.947619,-2.661537,-7.186679,11.497692,4.284100,-0.002526
20.238384,10.221961,47.195169,3144.096092,-2.566366,-7.184588,11.807026,4.399001,-0.001557
20.281482,10.215118,46.988004,3138.048266,-2.462941,-7.182151,12.111063,4.511927,-0.001033
20.321326,10.209698,46.790744,3131.807712,-2.349758,-7.179593,12.403730,4.618677,0.000553
20.361930,10.202177,46.603554,3125.380523,-2.231071,-7.176260,12.681633,4.722185,0.000132
20.404488,10.198074,46.425765,3118.769019,-2.104308,-7.173633,12.948416,4.821538,0.000559
20.445557,10.192159,46.261045,3111.979151,-1.970617,-7.169966,13.196465,4.915774,-0.001194
20.486606,10.184417,46.105852,3105.021904,-1.830923,-7.167514,13.425761,5.002135,0.000332
20.526861,10.178026,45.963894,3097.905599,-1.683612,-7.165882,13.634991,5.079918,-0.002588
20.568183,10.173242,45.832550,3090.639176,-1.530618,-7.163710,13.823828,5.148702,-0.003635
20.610360,10.168576,45.713931,3083.234650,-1.373476,-7.159753,13.985551,5.207926,-0.003266
20.651627,10.162725,45.609081,3075.706943,-1.208823,-7.157673,14.123001,5.258249,-0.003234
20.692453,10.156192,45.518963,3068.067036,-1.043162,-7.153601,14.234229,5.300060,-0.002877
20.733390,10.150367,45.443074,3060.332967,-0.875142,-7.151051,14.319841,5.330916,-0.002836
20.773340,10.145388,45.379968,3052.517180,-0.705851,-7.147830,14.373813,5.351892,-0.002439
20.812634,10.142361,45.328749,3044.632428,-0.532708,-7.147124,14.398479,5.361370,-0.002093
20.851798,10.135492,45.293871,3036.700107,-0.359421,-7.144714,14.397502,5.359350,-0.002924
20.891616,10.130429,45.271528,3028.732527,-0.187553,-7.143675,14.365508,5.349106,-0.001937
20.932548,10.125496,45.262276,3020.746767,-0.016768,-7.140611,14.307513,5.327704,-0.002185
20.973224,10.120589,45.268533,3012.757455,0.153023,-7.139370,14.222604,5.295430,-0.002201
21.014936,10.115786,45.285510,3004.783114,0.319787,-7.136419,14.110965,5.254548,-0.002766
21.054986,10.111873,45.316330,2996.836477,0.483985,-7.135083,13.972730,5.206339,-0.002426
21.093570,10.107057,45.359883,2988.928632,0.641987,-7.132130,13.813820,5.146097,-0.001723
21.133755,10.102274,45.417617,2981.077232,0.796784,-7.128349,13.633895,5.078411,-0.000341
21.173855,10.096330,45.485463,2973.294089,0.946943,-7.125462,13.433758,5.003306,-0.001006
21.212491,10.091470,45.565231,2965.591208,1.089809,-7.124168,13.217917,4.922206,-0.000910
21.252311,10.086343,45.653207,2957.975243,1.226689,-7.123525,12.983243,4.834756,-0.001215
21.292999,10.082372,45.753144,2950.460869,1.357749,-7.121280,12.738573,4.744268,-0.000943
21.331953,10.077526,45.861280,2943.057112,1.481379,-7.117796,12.479321,4.647674,0.000524
21.371897,10.071206,45.979516,2935.768417,1.595671,-7.114961,12.211534,4.548344,-0.000113
21.411928,10.065209,46.106016,2928.602438,1.702672,-7.113129,11.937889,4.444586,0.001562
21.451084,10.058307,46.241971,2921.566336,1.802876,-7.111536,11.656631,4.338636,0.002402
21.490774,10.053251,46.382682,2914.660619,1.894501,-7.109414,11.372730,4.232346,0.002532
21.529713,10.048466,46.530808,2907.892880,1.979148,-7.106401,11.086391,4.125371,0.004613
21.566815,10.042017,46.683810,2901.266484,2.054046,-7.102787,10.797665,4.018636,0.003628
21.604427,10.036858,46.842885,2894.781129,2.121640,-7.103036,10.513263,3.913666,0.002993
21.643304,10.032162,47.005087,2888.438949,2.181360,-7.099501,10.230449,3.807974,0.002803
21.681634,10.026031,47.170416,2882.239274,2.231289,-7.098144,9.951077,3.703639,0.002164
21.718575,10.021031,47.339132,2876.183724,2.273307,-7.095013,9.675812,3.599190,0.003745
21.756090,10.016327,47.511880,2870.272527,2.307171,-7.093907,9.405670,3.500665,0.002048
21.794284,10.011862,47.687554,2864.503965,2.331196,-7.092263,9.142944,3.404155,0.003118
21.834459,10.006606,47.862117,2858.875845,2.347203,-7.090786,8.885269,3.308989,0.002249
21.871543,10.003122,48.036946,2853.386338,2.355270,-7.086783,8.635885,3.214400,0.001760
21.907641,9.997381,48.214299,2848.030594,2.356940,-7.085638,8.392801,3.124485,0.001674
21.945147,9.990511,48.389940,2842.811245,2.352299,-7.083414,8.158320,3.038556,0.000329
21.981882,9.986132,48.565764,2837.721900,2.341055,-7.082344,7.932539,2.952705,-0.000167
22.019944,9.982294,48.739576,2832.760135,2.322484,-7.078614,7.714060,2.872417,0.000265
22.058317,9.975755,48.910529,2827.924676,2.296108,-7.074221,7.505010,2.794835,0.000147
22.095516,9.971228,49.078586,2823.210428,2.264525,-7.072043,7.305805,2.722132,0.000838
22.133991,9.966869,49.245491,2818.612846,2.228710,-7.072205,7.116434,2.652260,-0.000068
22.170276,9.960357,49.406584,2814.131313,2.183586,-7.067808,6.935223,2.583638,-0.000645
22.210516,9.954769,49.565177,2809.762813,2.132839,-7.064770,6.762168,2.517632,0.000565
22.247516,9.948994,49.720803,2805.503329,2.077223,-7.062188,6.595616,2.456233,0.001366
22.285071,9.943984,49.870851,2801.346832,2.015694,-7.061042,6.439275,2.399270,0.002644
22.321607,9.939309,50.017251,2797.292622,1.952412,-7.058650,6.288967,2.344446,0.000104
22.357328,9.934842,50.155610,2793.334877,1.883604,-7.056443,6.148735,2.292673,0.000393
22.393673,9.928381,50.289682,2789.472759,1.809676,-7.052868,6.016783,2.243308,0.000244
22.431571,9.925057,50.418292,2785.701253,1.731202,-7.049416,5.889978,2.196616,-0.002680
22.467764,9.920500,50.539760,2782.016420,1.648082,-7.046741,5.773472,2.152453,-0.002023
22.506980,9.916420,50.653091,2778.417601,1.563295,-7.045685,5.663709,2.110245,-0.002774
22.545586,9.911937,50.762494,2774.897448,1.473901,-7.042764,5.561434,2.071853,-0.003732
22.582820,9.907887,50.866837,2771.456158,1.381825,-7.039620,5.467496,2.037249,-0.003838
22.620644,9.902928,50.962906,2768.087586,1.283697,-7.037261,5.381382,2.004907,-0.004358
22.657547,9.897635,51.051081,2764.791780,1.186077,-7.034511,5.303040,1.975203,-0.002473
22.694566,9.892793,51.133385,2761.562841,1.084700,-7.030990,5.230364,1.947228,-0.002804
22.729829,9.887563,51.206925,2758.397974,0.980008,-7.028665,5.163941,1.921955,-0.001697
22.766994,9.882545,51.272857,2755.293788,0.873095,-7.026550,5.104003,1.898610,-0.000851
22.802076,9.877908,51.331847,2752.250273,0.764165,-7.023050,5.052259,1.878977,0.000099
22.838879,9.872817,51.383502,2749.262115,0.654311,-7.020865,5.005958,1.862114,-0.000951
22.876339,9.867332,51.427370,2746.325440,0.540538,-7.017477,4.965304,1.847096,-0.000734
22.911329,9.862984,51.462269,2743.437559,0.429525,-7.013431,4.930796,1.833652,-0.002080
22.946001,9.858016,51.489706,2740.597350,0.316901,-7.008842,4.902690,1.822949,-0.002078
22.982621,9.852391,51.507659,2737.798993,0.200755,-7.005004,4.880044,1.815615,-0.003631
23.017483,9.847089,51.517895,2735.040449,0.085951,-7.002402,4.862418,1.809988,-0.004665
23.052969,9.842938,51.522575,2732.319968,-0.031121,-6.999220,4.850703,1.804990,-0.003480
23.090032,9.837344,51.516501,2729.632573,-0.146246,-6.995241,4.843667,1.803454,-0.001778
23.125889,9.832079,51.502092,2726.976961,-0.263692,-6.992778,4.843968,1.803046,-0.002481
23.162375,9.827413,51.480598,2724.350772,-0.380219,-6.990813,4.850307,1.805109,-0.000113
23.200020,9.823470,51.449304,2721.746216,-0.498697,-6.985834,4.861978,1.810466,-0.000615
23.235982,9.817866,51.410006,2719.164535,-0.616842,-6.983819,4.880356,1.817461,0.001453
23.270107,9.811766,51.361463,2716.599540,-0.732441,-6.979472,4.904574,1.825855,0.001128
23.303658,9.807551,51.305328,2714.047625,-0.848683,-6.976743,4.934991,1.837468,0.001720
23.339550,9.803101,51.243098,2711.509952,-0.963680,-6.975544,4.970839,1.849829,0.001088
23.377122,9.797986,51.170678,2708.980128,-1.077824,-6.973640,5.011369,1.865759,-0.000487
23.411689,9.792990,51.091854,2706.453057,-1.191201,-6.969691,5.058439,1.883211,-0.000568
23.446475,9.786818,51.001405,2703.924375,-1.299782,-6.966695,5.112985,1.902524,-0.000085
23.482115,9.781787,50.904421,2701.394743,-1.408873,-6.962524,5.172762,1.923735,0.000137
23.516829,9.776697,50.800459,2698.856106,-1.515187,-6.958635,5.238934,1.948403,0.001144
23.552606,9.772318,50.690104,2696.306596,-1.618344,-6.956423,5.308960,1.976761,0.001262
23.588454,9.766937,50.571339,2693.739665,-1.720887,-6.953636,5.384990,2.006707,0.001860
23.624725,9.762914,50.446758,2691.154944,-1.820625,-6.950036,5.467949,2.037175,0.000857
23.659911,9.758791,50.315125,2688.545852,-1.915945,-6.945378,5.559685,2.072517,0.000339
23.694616,9.755106,50.175984,2685.907108,-2.011563,-6.942467,5.657145,2.108509,0.000314
23.731451,9.750551,50.031203,2683.236021,-2.103447,-6.938972,5.762151,2.147085,0.000766
23.768506,9.746177,49.882855,2680.528740,-2.193570,-6.936824,5.874519,2.188967,0.001844
23.804288,9.743758,49.727410,2677.777141,-2.280287,-6.931708,5.994345,2.233449,0.001954
23.839293,9.738607,49.565958,2674.977816,-2.360236,-6.927548,6.121084,2.279016,0.001109
23.877043,9.734228,49.398289,2672.126154,-2.437682,-6.922648,6.256136,2.328583,0.000406
23.913953,9.729170,49.224220,2669.218903,-2.510806,-6.919024,6.397096,2.380997,0.000674
23.949226,9.725774,49.046956,2666.247601,-2.580020,-6.917857,6.543643,2.436317,-0.000382
23.985618,9.722242,48.865519,2663.210149,-2.643822,-6.913354,6.699594,2.495042,-0.001095
24.020184,9.718548,48.679064,2660.098212,-2.699600,-6.907832,6.860482,2.553506,-0.000350
24.057379,9.713930,48.490359,2656.909460,-2.753952,-6.905417,7.028825,2.616768,-0.001324
24.092989,9.709867,48.298040,2653.638434,-2.801212,-6.904437,7.204840,2.681096,0.001151
24.128226,9.705007,48.102599,2650.278730,-2.843535,-6.901258,7.386535,2.749806,0.002020
24.162644,9.699546,47.903191,2646.824331,-2.881820,-6.897818,7.575826,2.820169,0.000932
24.198012,9.695239,47.702283,2643.272433,-2.912082,-6.892375,7.771014,2.892044,-0.000365
24.231482,9.690471,47.500007,2639.615959,-2.937149,-6.887499,7.972568,2.967127,0.000174
24.266754,9.685114,47.296560,2635.850839,-2.956034,-6.883102,8.181557,3.043265,0.000066
24.301674,9.679559,47.090729,2631.972352,-2.967026,-6.878689,8.393555,3.125211,0.000472
24.337136,9.675213,46.887282,2627.974137,-2.973343,-6.873489,8.613568,3.207858,-0.001251
24.371083,9.669546,46.683349,2623.852449,-2.968174,-6.870481,8.834187,3.290264,-0.000744
24.405657,9.664397,46.480048,2619.603175,-2.956601,-6.866600,9.059909,3.372894,-0.000265
24.440460,9.659645,46.279031,2615.224034,-2.938904,-6.861973,9.290605,3.458727,0.001365
24.473301,9.657156,46.079742,2610.707927,-2.914254,-6.858217,9.522914,3.542963,0.003183
24.508369,9.650763,45.882727,2606.056440,-2.882298,-6.856610,9.756080,3.629299,0.001795
24.543478,9.645917,45.688020,2601.266016,-2.843509,-6.850399,9.989157,3.716908,0.001374
24.578579,9.640803,45.497206,2596.332975,-2.794783,-6.845688,10.222441,3.804515,0.000101
24.611230,9.637219,45.307332,2591.255457,-2.740285,-6.841585,10.455217,3.892122,0.000432
24.645243,9.632506,45.122371,2586.033901,-2.675556,-6.837507,10.685425,3.978319,0.001101
24.679047,9.629361,44.946012,2580.667775,-2.606101,-6.835126,10.912013,4.063549,-0.000498
24.713069,9.622988,44.772315,2575.157064,-2.528691,-6.830154,11.135120,4.145821,-0.001163
24.748818,9.617815,44.606299,2569.503152,-2.443291,-6.826116,11.351189,4.225924,-0.001093
24.782199,9.612408,44.445725,2563.710199,-2.350094,-6.822188,11.558167,4.303374,0.000622
24.817386,9.608620,44.290801,2557.779026,-2.250333,-6.818049,11.756715,4.376616,-0.001563
24.852342,9.605091,44.144698,2551.714371,-2.143983,-6.813555,11.945824,4.448615,-0.000341
24.885975,9.599489,44.005008,2545.520678,-2.032420,-6.809827,12.123095,4.515143,0.000709
24.921433,9.594198,43.873809,2539.199338,-1.912783,-6.806020,12.288098,4.575675,-0.000180
24.954136,9.588828,43.750164,2532.759410,-1.790239,-6.802367,12.438843,4.630574,0.001975
24.986516,9.583920,43.634802,2526.205999,-1.661607,-6.799408,12.576277,4.681558,0.001173
25.021018,9.582067,43.529775,2519.549579,-1.528819,-6.794526,12.696092,4.726750,0.000875
25.055474,9.578109,43.433394,2512.794929,-1.391506,-6.790855,12.800266,4.767726,-0.000004
25.088822,9.572054,43.347887,2505.954467,-1.250499,-6.787495,12.886750,4.801177,-0.000631
25.124266,9.567604,43.270290,2499.034379,-1.105221,-6.784247,12.955693,4.827451,-0.000404
25.157019,9.563833,43.203526,2492.044321,-0.958319,-6.780474,13.006192,4.844636,-0.001797
25.189431,9.558727,43.143722,2484.992462,-0.812196,-6.777459,13.037653,4.855763,-0.001154
25.223805,9.553940,43.094612,2477.892068,-0.663961,-6.775861,13.050839,4.860539,-0.000320
25.257894,9.549513,43.056505,2470.749568,-0.514899,-6.772662,13.045708,4.857234,-0.001082
25.290957,9.545875,43.027866,2463.577600,-0.368433,-6.768406,13.021422,4.849368,-0.001363
25.322347,9.541964,43.008824,2456.385690,-0.221582,-6.766098,12.981077,4.832925,-0.000524
25.352855,9.539109,42.999313,2449.186452,-0.076158,-6.762664,12.920283,4.811095,-0.000290
25.384081,9.535713,42.998358,2441.985320,0.066346,-6.758522,12.845624,4.784572,-0.001736
25.416865,9.532406,43.008081,2434.796605,0.205929,-6.756922,12.753531,4.752549,-0.002491
25.449266,9.526428,43.026901,2427.626116,0.344545,-6.755519,12.646477,4.711677,-0.001043
25.479700,9.521937,43.051084,2420.486773,0.478421,-6.751112,12.527128,4.667576,0.001293
25.513611,9.517011,43.087150,2413.384696,0.609131,-6.748263,12.393764,4.616710,0.000953
25.546710,9.512336,43.129076,2406.326862,0.734269,-6.742789,12.248785,4.563290,0.000536
25.578517,9.506894,43.179502,2399.324127,0.853682,-6.740472,12.094135,4.505218,0.001560
25.611297,9.503385,43.236202,2392.381873,0.967229,-6.737413,11.927689,4.443203,0.002429
25.643828,9.499489,43.300218,2385.505835,1.077013,-6.733059,11.754252,4.377324,0.002303
25.676374,9.496478,43.369772,2378.703259,1.178334,-6.728778,11.571700,4.310470,0.001834
25.708085,9.490422,43.445464,2371.979981,1.274118,-6.725633,11.382731,4.241042,0.000870
25.740343,9.485660,43.527539,2365.341903,1.364881,-6.719907,11.188401,4.169210,0.001290
25.771745,9.482281,43.613948,2358.790417,1.447521,-6.718376,10.991486,4.096260,-0.000464
25.803022,9.478913,43.706560,2352.328293,1.521200,-6.713942,10.792262,4.022385,-0.001446
25.833513,9.476824,43.802043,2345.960581,1.586167,-6.711655,10.590677,3.949069,-0.003091
25.864838,9.471127,43.902010,2339.690164,1.646526,-6.708308,10.386971,3.875104,-0.002119
25.896071,9.466548,44.004789,2333.517866,1.696774,-6.705112,10.185467,3.797850,-0.001445
25.927220,9.462556,44.109620,2327.445773,1.740282,-6.702475,9.982568,3.722570,-0.001114
25.958854,9.458623,44.217327,2321.476423,1.778240,-6.697519,9.783211,3.647375,-0.001457
25.988961,9.454812,44.327214,2315.609211,1.808646,-6.692478,9.585824,3.574482,-0.000764
26.020145,9.451241,44.436341,2309.845975,1.830760,-6.688576,9.391284,3.501482,-0.000776
26.051334,9.447648,44.547612,2304.185664,1.845552,-6.683807,9.201100,3.429822,-0.001841
26.081395,9.442616,44.659222,2298.628093,1.854051,-6.681774,9.013975,3.360368,-0.000869
26.111769,9.440147,44.769658,2293.169283,1.855401,-6.678055,8.832099,3.292266,0.000667
26.141385,9.435914,44.882330,2287.812524,1.849640,-6.675463,8.654335,3.225916,-0.000989
26.171685,9.431020,44.992604,2282.557327,1.836133,-6.671491,8.482934,3.162100,-0.000214
26.200138,9.428029,45.101563,2277.400513,1.816306,-6.668450,8.314994,3.098736,-0.000198
26.230714,9.424823,45.209243,2272.340891,1.790937,-6.665685,8.153970,3.037292,0.001747
26.259927,9.422298,45.315324,2267.380158,1.758354,-6.664153,7.997344,2.981086,0.003083
26.289300,9.416743,45.419773,2262.511143,1.720768,-6.661231,7.847247,2.923302,0.002651
26.319071,9.412910,45.520314,2257.735960,1.677037,-6.657001,7.703637,2.870134,0.002136
26.349218,9.408882,45.618469,2253.047541,1.628747,-6.654453,7.566749,2.818634,0.001522
26.379667,9.402836,45.714210,2248.448609,1.575802,-6.650324,7.437134,2.769313,0.002118
26.409209,9.397854,45.803584,2243.934812,1.517574,-6.646790,7.312597,2.723746,0.003217
26.438524,9.393163,45.889756,2239.503368,1.453799,-6.641938,7.195681,2.680489,0.003793
26.468574,9.390844,45.972797,2235.153191,1.386721,-6.638436,7.084165,2.637674,0.002680
26.497936,9.389093,46.051496,2230.880977,1.313370,-6.635157,6.978954,2.598315,0.001249
26.527216,9.386267,46.125674,2226.687378,1.235794,-6.629456,6.879353,2.562382,0.001685
26.556072,9.380337,46.195060,2222.564619,1.153854,-6.626310,6.788996,2.527681,0.002115
26.585484,9.376801,46.258488,2218.513660,1.070248,-6.623457,6.703889,2.495127,0.001358
26.614990,9.373571,46.316057,2214.529560,0.982244,-6.620886,6.623728,2.465605,0.001571
26.645230,9.367972,46.371465,2210.612546,0.890882,-6.615826,6.551011,2.439134,0.001256
26.675324,9.364414,46.419216,2206.758837,0.795331,-6.611645,6.482393,2.416042,0.001971
26.704448,9.362110,46.462001,2202.964798,0.699164,-6.607932,6.420652,2.393029,0.002809
26.733885,9.360459,46.499567,2199.228503,0.598286,-6.604516,6.364925,2.372121,0.003995
26.762220,9.356345,46.531884,2195.546313,0.495183,-6.602995,6.318407,2.355135,0.004202
26.792828,9.350706,46.556191,2191.915709,0.389567,-6.598113,6.274304,2.339587,0.002926
26.822265,9.345845,46.573952,2188.335094,0.282386,-6.594298,6.237468,2.326010,0.002435
26.849799,9.342210,46.586285,2184.800185,0.176079,-6.589360,6.204737,2.314680,0.001485
26.878110,9.337979,46.592174,2181.309644,0.067230,-6.586521,6.179003,2.305345,0.001244
26.908154,9.333015,46.591056,2177.859736,-0.042224,-6.582603,6.158484,2.295527,-0.000882
26.937235,9.329246,46.587095,2174.446637,-0.154661,-6.578914,6.145084,2.290035,0.000672
26.965122,9.324342,46.574012,2171.072475,-0.268894,-6.574528,6.136429,2.287752,0.001439
26.994937,9.320581,46.554021,2167.725028,-0.382866,-6.569995,6.133775,2.285514,0.001448
27.022593,9.317089,46.529385,2164.408426,-0.496982,-6.565459,6.136285,2.286671,0.002164
27.050684,9.315249,46.499656,2161.117077,-0.608106,-6.560775,6.146139,2.289960,0.003532
27.078390,9.310624,46.463506,2157.848504,-0.720723,-6.556789,6.159448,2.294692,0.002046
27.105523,9.308648,46.421728,2154.597180,-0.833109,-6.552278,6.177682,2.302820,0.000745
27.136789,9.304020,46.372325,2151.363853,-0.944240,-6.548071,6.202432,2.313220,0.000811
27.164261,9.301746,46.317443,2148.144368,-1.053941,-6.544809,6.232169,2.324403,0.000850
27.192092,9.297669,46.254268,2144.933489,-1.163732,-6.539485,6.269806,2.336755,-0.000499
27.222834,9.294047,46.185693,2141.727911,-1.272365,-6.536691,6.311928,2.352938,-0.001518
27.250844,9.291487,46.111149,2138.524872,-1.379838,-6.533211,6.357597,2.370896,0.000491
27.280106,9.288559,46.029619,2135.320712,-1.483137,-6.529570,6.410646,2.391910,0.001040
27.310132,9.284907,45.943607,2132.112117,-1.585980,-6.525445,6.469719,2.414005,0.001955
27.338175,9.280076,45.853294,2128.897495,-1.686807,-6.519992,6.533541,2.437070,0.000658
27.367327,9.275996,45.755533,2125.666214,-1.784837,-6.516221,6.605318,2.463062,0.001502
27.395439,9.271266,45.654088,2122.420731,-1.879408,-6.512667,6.680091,2.489337,0.003157
27.424108,9.265573,45.547471,2119.156499,-1.972082,-6.507712,6.760103,2.519601,0.003667
27.451592,9.261422,45.435739,2115.869933,-2.061895,-6.503181,6.846005,2.551484,0.003172
27.479633,9.258100,45.318814,2112.554228,-2.149333,-6.498484,6.936649,2.584448,0.003649
27.508526,9.255535,45.196621,2109.208686,-2.232133,-6.493719,7.033414,2.620579,0.002372
27.537024,9.253067,45.070626,2105.828910,-2.311601,-6.487251,7.134114,2.658638,0.001578
27.565917,9.250619,44.941374,2102.408545,-2.386605,-6.484307,7.242494,2.698515,0.002914
27.594383,9.249394,44.809546,2098.943826,-2.457721,-6.480054,7.355578,2.738756,0.002750
27.623267,9.245933,44.671767,2095.434508,-2.524197,-6.473891,7.471783,2.780646,0.001906
27.651554,9.242341,44.531440,2091.871404,-2.585485,-6.469873,7.595507,2.825621,0.000740
27.678048,9.238366,44.388546,2088.253746,-2.641178,-6.464975,7.724173,2.873045,0.000464
27.705703,9.234807,44.244148,2084.578553,-2.692627,-6.459417,7.852079,2.922438,-0.001085
27.733325,9.231653,44.094951,2080.838832,-2.739227,-6.452090,7.988654,2.973330,0.000938
27.763302,9.229596,43.945069,2077.034520,-2.778136,-6.447051,8.129473,3.024976,0.000962
27.790075,9.227238,43.794886,2073.159394,-2.810802,-6.443786,8.275617,3.080567,0.001652
27.817488,9.222310,43.642194,2069.211418,-2.840654,-6.440006,8.423431,3.134048,0.001185
27.844480,9.217634,43.488745,2065.185990,-2.863827,-6.435124,8.573663,3.189208,0.000836
27.872284,9.212739,43.334164,2061.080048,-2.880512,-6.429482,8.728540,3.248277,0.001315
27.899163,9.208884,43.177872,2056.891246,-2.890025,-6.423310,8.887699,3.308923,0.000488
27.928100,9.205895,43.022541,2052.616922,-2.894594,-6.418383,9.046271,3.370251,0.001835
27.954883,9.203611,42.866496,2048.251107,-2.892595,-6.412463,9.207259,3.428008,0.002376
27.981105,9.200534,42.712482,2043.794028,-2.883421,-6.408809,9.368754,3.486079,0.003109
28.007383,9.196009,42.560247,2039.243038,-2.866957,-6.405074,9.529704,3.546741,0.001112
28.033934,9.192187,42.408332,2034.598309,-2.843363,-6.399469,9.692163,3.607670,-0.000485
28.059976,9.188138,42.258175,2029.856179,-2.812049,-6.395353,9.852338,3.668311,-0.001362
28.086705,9.183794,42.109805,2025.015156,-2.774959,-6.389122,10.012795,3.728152,-0.000096
28.114022,9.180055,41.963755,2020.075219,-2.730990,-6.385849,10.170804,3.785977,0.001119
28.143835,9.176576,41.820524,2015.035783,-2.681150,-6.381632,10.326902,3.844592,0.000109
28.171204,9.172164,41.680744,2009.900096,-2.625152,-6.376549,10.477728,3.901699,0.001059
28.198924,9.169635,41.545656,2004.666065,-2.563492,-6.371731,10.625178,3.956284,0.001138
28.225915,9.165502,41.415156,1999.334645,-2.493206,-6.366664,10.766533,4.009124,0.002289
28.250971,9.165007,41.287372,1993.906277,-2.418400,-6.360540,10.903951,4.060641,0.000639
28.277465,9.160442,41.164438,1988.382037,-2.338099,-6.354659,11.031913,4.109941,-0.000782
28.303644,9.157271,41.045995,1982.767662,-2.250352,-6.349571,11.154196,4.155284,-0.001482
28.330432,9.153423,40.929725,1977.063627,-2.158053,-6.344867,11.270219,4.198988,-0.001405
28.355083,9.150428,40.821102,1971.273146,-2.061083,-6.340232,11.377849,4.239108,-0.001450
28.381375,9.147149,40.716886,1965.398216,-1.960614,-6.333822,11.476583,4.275556,-0.000547
28.406897,9.144284,40.619246,1959.446735,-1.855963,-6.329706,11.565023,4.309012,-0.001154
28.434480,9.140310,40.525456,1953.419530,-1.747127,-6.324295,11.645570,4.339763,-0.001086
28.459940,9.136456,40.439630,1947.322580,-1.633591,-6.319889,11.714893,4.364450,-0.001490
28.485500,9.132815,40.359507,1941.160870,-1.518755,-6.315797,11.772447,4.385068,0.000505
28.510741,9.130702,40.284636,1934.941695,-1.402230,-6.312176,11.819500,4.402082,0.000134
28.536736,9.126786,40.217949,1928.667921,-1.281211,-6.308262,11.855431,4.414661,-0.000499
28.561438,9.124301,40.158012,1922.348610,-1.160378,-6.304835,11.879704,4.425007,-0.000265
28.585737,9.120758,40.101776,1915.985755,-1.037943,-6.297743,11.893780,4.428398,0.001668
28.610653,9.119240,40.052636,1909.588530,-0.916670,-6.292757,11.896114,4.429979,0.000478
28.636480,9.114913,40.008732,1903.161310,-0.793743,-6.290101,11.887302,4.428890,-0.000651
28.662009,9.111142,39.972632,1896.710037,-0.670954,-6.285800,11.867181,4.423177,0.000640
28.688777,9.108752,39.941124,1890.242403,-0.547480,-6.281596,11.837125,4.410392,0.001250
28.713195,9.105632,39.917498,1883.761565,-0.425434,-6.276015,11.796931,4.395781,0.001706
28.738790,9.100902,39.898668,1877.277606,-0.307711,-6.269533,11.745881,4.376327,0.001677
28.764371,9.099248,39.884839,1870.793955,-0.191277,-6.266938,11.683328,4.353318,0.001583
28.788580,9.097182,39.878277,1864.317945,-0.076652,-6.261730,11.612752,4.327586,0.003061
28.812835,9.093408,39.876107,1857.856240,0.032805,-6.257015,11.535572,4.298779,0.001053
28.836309,9.091751,39.880674,1851.414573,0.140474,-6.253902,11.447874,4.265580,0.002383
28.860304,9.088912,39.889075,1844.994205,0.244132,-6.249344,11.353923,4.230403,0.002687
28.885758,9.085279,39.903311,1838.604141,0.340459,-6.244870,11.252473,4.194106,0.001254
28.910860,9.084229,39.923378,1832.245289,0.435254,-6.240240,11.147045,4.153396,0.001880
28.935592,9.081531,39.945689,1825.927074,0.523745,-6.236479,11.034631,4.110999,0.001087
28.959751,9.078211,39.972244,1819.651660,0.605854,-6.232248,10.919784,4.068754,0.001014
28.983011,9.074590,40.003242,1813.422835,0.682921,-6.228304,10.799992,4.023033,-0.000781
29.007960,9.071002,40.036247,1807.242852,0.756113,-6.223534,10.675206,3.977247,-0.000194
29.032674,9.068301,40.072693,1801.112713,0.822679,-6.220366,10.547942,3.930192,-0.001180
29.057831,9.064668,40.115122,1795.042130,0.882098,-6.215586,10.418847,3.880943,-0.000759
29.080699,9.061432,40.158876,1789.030110,0.937561,-6.209723,10.286503,3.832452,-0.000151
29.105974,9.058928,40.203699,1783.077932,0.984546,-6.206562,10.153464,3.783091,-0.000347
29.129660,9.054387,40.250369,1777.188281,1.025789,-6.203313,10.021294,3.734267,0.000144
29.152780,9.052840,40.296858,1771.365644,1.061491,-6.198961,9.887661,3.683854,0.001096
29.175387,9.050271,40.348069,1765.608823,1.089168,-6.196173,9.754298,3.635043,0.000946
29.197749,9.049502,40.399091,1759.918523,1.111026,-6.191522,9.622473,3.586297,0.002702
29.222312,9.046181,40.451136,1754.296246,1.126096,-6.186878,9.492074,3.538425,0.002686
29.244861,9.043204,40.502081,1748.742094,1.133979,-6.181554,9.362593,3.491859,0.002373
29.268483,9.040583,40.551418,1743.259332,1.136896,-6.177100,9.237113,3.443589,0.002464
29.292886,9.037573,40.603729,1737.844737,1.133524,-6.172483,9.113346,3.399849,0.002748
29.314738,9.034818,40.654619,1732.501216,1.126062,-6.167181,8.991636,3.355074,0.002737
29.338079,9.030385,40.705810,1727.227882,1.109099,-6.165118,8.872816,3.310139,0.001827
29.361516,9.028438,40.755659,1722.024224,1.088539,-6.159875,8.756313,3.267709,0.002991
29.383141,9.024923,40.804614,1716.890087,1.060386,-6.156361,8.645143,3.224568,0.000992
29.409256,9.022387,40.850605,1711.826526,1.028609,-6.150378,8.537335,3.183546,0.001631
29.431454,9.019350,40.897896,1706.827169,0.991126,-6.145322,8.433789,3.143770,-0.000191
29.453119,9.017324,40.941152,1701.897516,0.946989,-6.139361,8.334047,3.107229,-0.001540
29.475117,9.014084,40.982598,1697.033969,0.896976,-6.134406,8.238479,3.071950,-0.002179
29.498275,9.009933,41.021168,1692.235633,0.844014,-6.130963,8.149418,3.039129,-0.002522
29.522102,9.006417,41.055781,1687.499667,0.783230,-6.125638,8.064390,3.006946,-0.001522
29.543795,9.003816,41.086331,1682.827970,0.719163,-6.120394,7.980285,2.974471,-0.000798
29.564817,9.002379,41.115037,1678.218127,0.650374,-6.115250,7.904249,2.946416,-0.001349
29.587735,9.001077,41.143009,1673.666226,0.574568,-6.110637,7.830336,2.918249,-0.001459
29.611961,8.997142,41.165352,1669.174610,0.498314,-6.106259,7.764754,2.892711,-0.000017
29.634483,8.993718,41.185552,1664.736709,0.417545,-6.101116,7.702737,2.869637,-0.000117
29.655778,8.991555,41.202456,1660.355561,0.336138,-6.097091,7.644987,2.847866,0.000966
29.677786,8.987733,41.215237,1656.025985,0.250864,-6.090036,7.592135,2.824939,0.001195
29.699049,8.986598,41.222764,1651.747019,0.161144,-6.086799,7.543300,2.805946,0.001298
29.719569,8.983257,41.227632,1647.516462,0.070465,-6.081896,7.499595,2.789758,0.000756
29.743108,8.981610,41.227600,1643.334438,-0.023162,-6.076557,7.460904,2.776677,0.000958
29.764832,8.979941,41.225805,1639.195249,-0.120353,-6.071709,7.426230,2.763107,-0.000379
29.785843,8.976126,41.220787,1635.098070,-0.219683,-6.067456,7.395675,2.752672,-0.000198
29.807493,8.972211,41.209659,1631.042691,-0.321639,-6.063253,7.370833,2.742770,-0.002224
29.829360,8.970061,41.193328,1627.025560,-0.424768,-6.058197,7.350960,2.736423,-0.002272
29.850732,8.969641,41.172387,1623.044981,-0.529085,-6.052500,7.335028,2.732278,-0.001686
29.872689,8.967628,41.146111,1619.097435,-0.634743,-6.045656,7.325445,2.728071,-0.001209
29.893699,8.963928,41.116140,1615.180417,-0.740486,-6.042132,7.321039,2.723198,-0.000538
29.913431,8.959326,41.083284,1611.290367,-0.846086,-6.037770,7.319198,2.724458,0.000446
29.934210,8.956173,41.043744,1607.426834,-0.951451,-6.033371,7.323435,2.724494,0.000174
29.954692,8.952957,41.001497,1603.586105,-1.057689,-6.029448,7.333466,2.729203,0.001878
29.977077,8.951372,40.955558,1599.766837,-1.163240,-6.023478,7.346209,2.736771,0.002075
29.998177,8.947289,40.905105,1595.966065,-1.269060,-6.018515,7.364159,2.742685,0.002934
30.018841,8.943761,40.850167,1592.182285,-1.374680,-6.012171,7.385913,2.750066,0.001806
30.039277,8.941164,40.791751,1588.410950,-1.477918,-6.004778,7.412863,2.758826,0.001833
30.061543,8.938579,40.727939,1584.649365,-1.580366,-5.999677,7.443989,2.770120,0.001153
30.082529,8.936433,40.659759,1580.893174,-1.681989,-5.995103,7.479334,2.784364,0.001493
30.103191,8.934426,40.588809,1577.141933,-1.781087,-5.989703,7.518981,2.798666,0.001468
30.125148,8.931349,40.512713,1573.394390,-1.877585,-5.986049,7.563745,2.816167,0.001821
30.144737,8.927326,40.431952,1569.643567,-1.972430,-5.979842,7.610524,2.833621,0.001185
30.166882,8.925224,40.348038,1565.889442,-2.066450,-5.974702,7.664238,2.852536,0.001737
30.186945,8.922851,40.262537,1562.127532,-2.156093,-5.968200,7.721138,2.874306,0.001821
30.206981,8.921032,40.174792,1558.354241,-2.242078,-5.963380,7.782163,2.897009,0.001812
30.228650,8.918338,40.083543,1554.569435,-2.324026,-5.959025,7.846024,2.920201,0.001835
30.248706,8.916139,39.986977,1550.767989,-2.404148,-5.953525,7.914740,2.945498,0.001271
30.270075,8.915077,39.887368,1546.946869,-2.481616,-5.948700,7.987439,2.973409,0.001115
30.291498,8.913585,39.785657,1543.102940,-2.553096,-5.940856,8.062994,3.002528,-0.000209
30.314408,8.911487,39.681242,1539.234681,-2.623574,-5.936512,8.140598,3.033499,0.000561
30.334045,8.909821,39.573256,1535.339064,-2.687752,-5.931671,8.220750,3.063738,0.001689
30.355316,8.906702,39.464785,1531.410921,-2.747308,-5.926093,8.305229,3.095999,0.001131
30.375096,8.903381,39.350578,1527.450378,-2.804463,-5.919864,8.393378,3.129834,0.001852
30.394870,8.898753,39.236446,1523.454050,-2.856571,-5.913217,8.486338,3.164443,0.003216
30.415585,8.896692,39.120762,1519.419738,-2.903028,-5.906710,8.578628,3.200683,0.004525
30.435796,8.892893,39.005842,1515.344199,-2.944963,-5.901915,8.674216,3.234284,0.004124
30.456153,8.890070,38.889020,1511.224726,-2.980748,-5.895970,8.770963,3.270840,0.001783
30.473774,8.885897,38.770802,1507.058956,-3.010981,-5.889253,8.869231,3.305715,0.003288
30.496249,8.883574,38.652197,1502.844279,-3.037261,-5.882493,8.969613,3.342907,0.001726
30.516790,8.879863,38.531587,1498.578860,-3.056200,-5.878466,9.068337,3.379674,0.002512
30.535986,8.878154,38.411230,1494.260849,-3.070400,-5.872610,9.168918,3.417303,0.002697
30.556276,8.875611,38.291029,1489.890035,-3.077088,-5.868149,9.270565,3.454061,0.004563
30.574246,8.873833,38.170099,1485.463900,-3.081651,-5.861833,9.373266,3.491751,0.002579
30.594510,8.869703,38.051917,1480.979429,-3.077402,-5.856566,9.474162,3.529383,0.002935
30.613336,8.867015,37.932633,1476.437584,-3.069399,-5.850959,9.575351,3.565590,0.002425
30.633074,8.866099,37.815401,1471.836813,-3.054627,-5.846061,9.675476,3.602124,0.002924
30.652125,8.865248,37.697488,1467.175275,-3.034682,-5.838385,9.773017,3.640608,0.002143
30.670764,8.862677,37.583322,1462.455543,-3.008880,-5.832700,9.869148,3.675557,0.001363
30.690031,8.861593,37.469842,1457.674573,-2.976755,-5.828575,9.963738,3.710293,0.002997
30.709672,8.858398,37.358447,1452.831772,-2.939683,-5.822853,10.056494,3.744485,0.004365
30.730501,8.856260,37.246746,1447.930001,-2.899453,-5.817255,10.145939,3.778781,0.004526
30.750160,8.854606,37.137836,1442.966423,-2.851137,-5.810918,10.231215,3.811695,0.003870
30.771086,8.851620,37.030926,1437.942668,-2.798178,-5.803233,10.312850,3.842827,0.002469
30.789339,8.851058,36.926020,1432.861898,-2.739700,-5.795401,10.390230,3.871450,0.001698
30.809646,8.850552,36.824110,1427.722222,-2.676623,-5.788254,10.465778,3.897169,0.000595
30.827903,8.848710,36.726268,1422.527289,-2.610213,-5.781979,10.534593,3.922441,0.000875
30.845225,8.846737,36.629426,1417.275520,-2.539860,-5.775402,10.598796,3.947705,-0.000309
30.864930,8.845140,36.537569,1411.973049,-2.466335,-5.770287,10.657358,3.970781,0.000199
30.884321,8.843377,36.447595,1406.620536,-2.388553,-5.765855,10.709400,3.991194,0.000270
30.903676,8.842187,36.361059,1401.218312,-2.308287,-5.760066,10.757309,4.008296,-0.000087
30.920678,8.838345,36.279609,1395.768469,-2.224825,-5.754750,10.800024,4.021906,-0.000019
30.938921,8.836552,36.198042,1390.277083,-2.139193,-5.750661,10.836350,4.034858,0.001452
30.956804,8.833716,36.123016,1384.744881,-2.049322,-5.745019,10.865897,4.045833,0.001916
30.975797,8.830728,36.050600,1379.176009,-1.956295,-5.738285,10.890621,4.053803,0.000369
30.994802,8.828643,35.981362,1373.570439,-1.864838,-5.733092,10.906488,4.060163,0.000445
31.010935,8.825378,35.915222,1367.935834,-1.772287,-5.726734,10.917378,4.062260,-0.001305
31.030128,8.822788,35.852400,1362.273263,-1.678389,-5.719158,10.922157,4.065609,-0.001079
31.050369,8.820411,35.795721,1356.587719,-1.585525,-5.712992,10.922602,4.066103,-0.001420
31.068267,8.819611,35.740441,1350.880350,-1.492929,-5.707052,10.913237,4.063622,-0.001917
31.085767,8.818063,35.689548,1345.154915,-1.400257,-5.703942,10.899479,4.057969,-0.002151
31.102788,8.817679,35.640794,1339.415307,-1.307217,-5.700035,10.880367,4.052124,-0.001334
31.119408,8.817430,35.597200,1333.666988,-1.214845,-5.694408,10.852027,4.042044,-0.002146
31.137247,8.813875,35.555520,1327.910034,-1.125408,-5.688371,10.820764,4.030197,-0.001747
31.155017,8.813448,35.518866,1322.149538,-1.037771,-5.683246,10.783927,4.015699,-0.003010
31.173505,8.811412,35.484717,1316.388914,-0.949992,-5.678765,10.742785,3.999682,-0.003048
31.191434,8.808252,35.451522,1310.633828,-0.867168,-5.672406,10.695949,3.983221,-0.003086
31.209016,8.804686,35.423285,1304.884340,-0.790866,-5.665325,10.644650,3.962536,-0.001905
31.226914,8.801102,35.397222,1299.145648,-0.713926,-5.659849,10.588852,3.943329,-0.002027
31.245171,8.798419,35.373842,1293.418435,-0.641807,-5.655620,10.530077,3.921058,-0.001297
31.261211,8.796503,35.353792,1287.708990,-0.572715,-5.648646,10.469277,3.895815,-0.000997
31.278950,8.794322,35.334847,1282.016621,-0.508452,-5.643347,10.403350,3.872465,-0.000872
31.294186,8.793329,35.319723,1276.348602,-0.449583,-5.638472,10.333596,3.847704,0.000023
31.311505,8.792566,35.305434,1270.702448,-0.393623,-5.632125,10.262525,3.821307,-0.001367
31.328307,8.790608,35.295254,1265.083649,-0.342693,-5.626306,10.188592,3.793616,-0.002919
31.346754,8.788542,35.285886,1259.495489,-0.296560,-5.620025,10.113403,3.763236,-0.003053
31.363999,8.787335,35.276893,1253.937571,-0.256444,-5.614167,10.035683,3.734713,-0.003837
31.382454,8.786784,35.270195,1248.412971,-0.220965,-5.608250,9.957873,3.706621,-0.001964
31.396718,8.783718,35.262831,1242.923391,-0.191872,-5.603085,9.879938,3.677072,-0.001045
31.414522,8.781514,35.255909,1237.470781,-0.166212,-5.599288,9.802224,3.648359,0.000315
31.433070,8.779877,35.251020,1232.055101,-0.146397,-5.595970,9.723508,3.618296,-0.000077
31.447577,8.779133,35.246098,1226.680914,-0.133785,-5.592342,9.646089,3.588036,0.000804
31.462648,8.777636,35.240111,1221.345927,-0.126635,-5.586976,9.569248,3.558118,0.000759
31.480962,8.775815,35.233263,1216.052937,-0.127360,-5.582738,9.492024,3.529947,0.000967
31.497593,8.772645,35.229921,1210.803011,-0.129686,-5.576487,9.415652,3.501870,0.000671
31.514874,8.770396,35.226036,1205.598680,-0.137744,-5.570705,9.340641,3.474725,0.000219
31.532102,8.770589,35.222113,1200.438765,-0.152629,-5.565358,9.266020,3.446676,0.001297
31.547673,8.768585,35.216446,1195.323089,-0.172586,-5.560328,9.194219,3.421127,0.001790
31.562451,8.764763,35.212494,1190.253990,-0.197338,-5.553285,9.124010,3.395344,-0.000091
31.577497,8.763047,35.206374,1185.229503,-0.225825,-5.546651,9.056006,3.370023,0.000853
31.594158,8.761759,35.198669,1180.253760,-0.262214,-5.539857,8.988844,3.345346,0.000828
31.607214,8.760876,35.190684,1175.322934,-0.301991,-5.534174,8.925277,3.324557,0.000597
31.623182,8.760243,35.178867,1170.437526,-0.345295,-5.526785,8.864039,3.302557,0.001114
31.638522,8.758077,35.167280,1165.598225,-0.396664,-5.519400,8.804513,3.279932,0.002435
31.651307,8.755761,35.156019,1160.802135,-0.451875,-5.514948,8.749827,3.257975,-0.000134
31.668109,8.755017,35.140304,1156.052622,-0.510260,-5.508431,8.697080,3.238656,-0.001597
31.684598,8.754236,35.123795,1151.347848,-0.574602,-5.503163,8.646737,3.219677,-0.000795
31.698516,8.751707,35.104614,1146.689930,-0.641585,-5.496566,8.597255,3.202109,0.001193
31.713430,8.747644,35.084696,1142.072488,-0.713243,-5.490548,8.552803,3.183103,0.002585
31.727141,8.746041,35.063073,1137.499098,-0.789085,-5.484626,8.511237,3.167062,0.002700
31.742656,8.744603,35.037252,1132.966867,-0.868308,-5.478068,8.472403,3.152148,0.001058
31.757525,8.743844,35.012198,1128.474599,-0.949960,-5.470966,8.436985,3.140109,0.000992
31.773269,8.743062,34.983595,1124.020128,-1.033465,-5.466336,8.404090,3.129759,0.001237
31.788378,8.739392,34.952390,1119.608243,-1.121421,-5.461899,8.376817,3.119474,0.002006
31.804121,8.738329,34.919853,1115.233752,-1.211955,-5.456289,8.352193,3.108996,0.001935
31.817756,8.736517,34.884336,1110.896269,-1.303427,-5.450977,8.328392,3.100151,0.001071
31.831720,8.734678,34.846478,1106.593338,-1.397352,-5.446035,8.310890,3.092522,0.002217
31.849365,8.731291,34.803573,1102.322077,-1.492852,-5.440327,8.295744,3.086198,0.001759
31.863227,8.731278,34.758484,1098.083538,-1.591906,-5.434511,8.283246,3.084279,0.002424
31.878136,8.727724,34.712745,1093.874641,-1.689676,-5.428730,8.273332,3.081416,0.002225
31.893406,8.725727,34.664810,1089.696805,-1.790432,-5.421783,8.268307,3.078090,0.000538
31.907134,8.724560,34.612014,1085.547061,-1.891265,-5.415321,8.267210,3.076837,-0.001351
31.922794,8.722170,34.556523,1081.421831,-1.994353,-5.409964,8.267727,3.078780,-0.001679
31.937986,8.720669,34.498340,1077.322555,-2.095070,-5.403970,8.271814,3.080421,-0.002814
31.953171,8.720111,34.438989,1073.244054,-2.194047,-5.396948,8.279321,3.083288,-0.002250
31.966933,8.718978,34.374871,1069.185215,-2.292685,-5.392327,8.289209,3.087829,-0.001610
31.980466,8.717924,34.309956,1065.145207,-2.392866,-5.385925,8.303378,3.093041,-0.001924
31.993096,8.716686,34.240410,1061.124241,-2.492928,-5.380249,8.319573,3.098068,-0.001993
32.007037,8.715886,34.169495,1057.118214,-2.591173,-5.372673,8.338323,3.104484,-0.002434
32.020490,8.713308,34.097483,1053.127166,-2.688395,-5.365972,8.361155,3.112521,-0.003144
32.032751,8.711988,34.021655,1049.144300,-2.783647,-5.358991,8.388101,3.120806,-0.002885
32.047297,8.710516,33.945842,1045.171141,-2.878571,-5.352056,8.415375,3.129623,-0.003514
32.062079,8.708971,33.863694,1041.204815,-2.969405,-5.346874,8.444183,3.141356,-0.003157
32.074132,8.705641,33.782557,1037.245591,-3.057580,-5.341144,8.477814,3.154792,-0.002429
32.086824,8.703956,33.698172,1033.289486,-3.146621,-5.334642,8.513932,3.171471,-0.001894
32.100561,8.702107,33.611593,1029.334705,-3.231562,-5.327734,8.550677,3.185129,-0.002255
32.114030,8.700575,33.523904,1025.379335,-3.312174,-5.320599,8.592240,3.198538,-0.000564
32.127209,8.697182,33.434005,1021.419035,-3.392082,-5.314842,8.635045,3.211819,-0.000431
32.140111,8.695615,33.341602,1017.456583,-3.468388,-5.309616,8.679942,3.229741,-0.000848
32.153936,8.693717,33.248769,1013.485503,-3.541630,-5.305054,8.725512,3.245767,-0.000373
32.167979,8.692351,33.152984,1009.508082,-3.607776,-5.297058,8.771663,3.263150,0.000043
32.181436,8.691651,33.057181,1005.518902,-3.672525,-5.289769,8.820404,3.282621,0.000569
32.195540,8.689155,32.960743,1001.520159,-3.733940,-5.282312,8.870748,3.301258,0.000435
32.208883,8.687827,32.861667,997.504073,-3.790945,-5.276901,8.921818,3.321694,0.000846
0.042769,0.046088,53.176316,4948.079228,-0.371039,44.998536,12.607253,4.694292,0.000848
0.089685,0.092900,53.136343,4941.100585,-0.242695,44.998272,12.644208,4.708032,-0.000401
0.135826,0.138978,53.112016,4934.077734,-0.117435,44.997334,12.651596,4.709372,0.000133
0.183535,0.186026,53.104079,4927.027984,0.005478,44.997452,12.629059,4.701165,-0.000169
0.229756,0.231821,53.112316,4919.967400,0.130639,44.996920,12.576570,4.680228,0.001715
0.278627,0.279857,53.136220,4912.909985,0.256094,44.995586,12.495689,4.650287,0.003182
0.325377,0.326537,53.175644,4905.875184,0.378824,44.995247,12.388287,4.611325,0.002018
0.371322,0.372923,53.232249,4898.876482,0.500621,44.994822,12.255738,4.562850,0.000691
0.416833,0.417431,53.304449,4891.929628,0.617775,44.995957,12.099604,4.503636,0.000795
0.463598,0.462432,53.392177,4885.048944,0.731725,44.996290,11.919321,4.437318,0.000382
0.509033,0.508429,53.493032,4878.245088,0.844221,44.997729,11.719370,4.363012,-0.000075
0.555337,0.553245,53.608774,4871.529431,0.954964,44.996883,11.497718,4.280503,-0.001078
0.602343,0.599824,53.737268,4864.915384,1.061115,44.996880,11.260407,4.193917,-0.001205
0.648459,0.646273,53.873657,4858.420796,1.080431,45.157096,11.019390,4.104066,54.001126
0.693639,0.691736,54.010253,4852.056742,1.096966,45.314858,10.779024,4.013434,54.002627
0.737620,0.737250,54.150163,4845.823949,1.110381,45.469102,10.541554,3.925175,54.000799
0.782259,0.785121,54.293575,4839.720062,1.121654,45.620247,10.307321,3.837339,54.001000
0.827808,0.832410,54.436484,4833.740306,1.129774,45.767415,10.077543,3.752775,54.000506
0.872206,0.879745,54.580343,4827.887550,1.137083,45.912023,9.850862,3.669988,54.000700
0.917444,0.927348,54.724249,4822.157537,1.139387,46.053690,9.630371,3.589269,54.001240
0.961476,0.976601,54.867769,4816.549351,1.141455,46.191285,9.416091,3.510312,54.002658
1.007206,1.021195,55.009726,4811.058094,1.138660,46.327795,9.206098,3.431983,54.001789
1.052194,1.068047,55.154343,4805.682689,1.136409,46.461412,9.001488,3.355084,54.001420
1.096475,1.115453,55.295772,4800.421320,1.129379,46.591727,8.803413,3.281534,54.001737
1.139253,1.162502,55.437117,4795.269637,1.121366,46.719749,8.611774,3.208519,54.004053
1.184744,1.208114,55.578485,4790.229965,1.110574,46.844302,8.425721,3.140403,54.001984
1.229336,1.255585,55.718367,4785.292551,1.098649,46.968417,8.245885,3.073616,54.002312
1.272792,1.303271,55.855562,4780.457053,1.086044,47.089318,8.071727,3.010176,54.002941
1.314551,1.350296,55.989397,4775.721555,1.071527,47.207263,7.903919,2.947617,54.002737
1.357590,1.398591,56.122086,4771.081962,1.053984,47.321764,7.743060,2.887763,54.003118
1.401521,1.445028,56.251417,4766.533769,1.033794,47.435141,7.588911,2.829473,54.002908
1.443942,1.491983,56.380456,4762.076866,1.011878,47.545450,7.441772,2.774373,54.003271
1.486417,1.538333,56.504377,4757.705695,0.988050,47.655865,7.298706,2.721783,54.004514
1.529973,1.585465,56.626054,4753.418622,0.962923,47.762398,7.162899,2.671052,54.005202
1.573049,1.631301,56.743526,4749.214109,0.938517,47.867708,7.032350,2.622356,54.005452
1.615182,1.679373,56.857528,4745.087847,0.909562,47.971045,6.907668,2.576395,54.006191
1.657758,1.726002,56.969098,4741.036843,0.881226,48.074012,6.788789,2.532967,54.006424
1.700749,1.773144,57.076377,4737.059538,0.850975,48.173524,6.676750,2.492208,54.007931
1.741909,1.819545,57.180410,4733.149586,0.819784,48.273112,6.570120,2.452351,54.007666
1.784136,1.866467,57.279644,4729.306697,0.786870,48.370216,6.467573,2.412813,54.006092
1.827316,1.914136,57.376783,4725.525114,0.752981,48.467230,6.370384,2.375279,54.005720
1.869338,1.961552,57.467044,4721.805632,0.715996,48.560994,6.278629,2.344697,54.005914
1.911222,2.009218,57.551913,4718.145503,0.679737,48.656643,6.194004,2.311211,54.005912
1.951548,2.058354,57.633671,4714.540574,0.642790,48.747947,6.114098,2.280833,54.005532
1.993379,2.104969,57.711800,4710.987599,0.605189,48.838820,6.038671,2.253525,54.002167
2.035161,2.150999,57.784850,4707.485865,0.566036,48.928863,5.969806,2.227033,54.001593
2.076390,2.200066,57.852160,4704.032839,0.525746,49.017773,5.905940,2.202315,54.000873
2.117394,2.247937,57.913293,4700.622469,0.484448,49.105096,5.845886,2.177076,53.999493
2.160702,2.297746,57.967838,4697.255615,0.443476,49.193161,5.788610,2.155073,54.000953
2.200242,2.343695,58.020615,4693.928009,0.400634,49.281420,5.740304,2.135916,54.000384
2.240616,2.389899,58.069058,4690.637890,0.357837,49.369482,5.693831,2.118453,53.998304
2.281386,2.436344,58.109316,4687.384299,0.314369,49.455183,5.653861,2.103538,53.998343
2.322324,2.485182,58.145001,4684.160348,0.268358,49.542014,5.617060,2.090830,53.999295
2.365460,2.531129,58.174751,4680.965974,0.223638,49.626749,5.586551,2.079536,53.999745
2.405390,2.578281,58.198079,4677.800998,0.178077,49.710481,5.558364,2.070658,53.998266
2.445801,2.626172,58.218099,4674.660998,0.132721,49.793483,5.536911,2.061358,53.998608
2.484699,2.675345,58.232613,4671.544265,0.085316,49.878597,5.518535,2.055946,53.999432
2.525117,2.721505,58.240302,4668.448966,0.038722,49.963378,5.506551,2.049802,54.000076
2.567256,2.770025,58.241456,4665.369915,-0.007003,50.046985,5.498367,2.048067,54.001261
2.608436,2.818053,58.238738,4662.305005,-0.052421,50.133842,5.494047,2.047665,54.000620
2.648341,2.865724,58.231324,4659.253292,-0.096467,50.217920,5.495052,2.047449,54.001890
2.688067,2.913717,58.216733,4656.213122,-0.142684,50.302587,5.498784,2.049823,54.002989
2.726384,2.962045,58.195925,4653.182572,-0.187703,50.387794,5.505852,2.052542,54.001811
2.766574,3.011926,58.170307,4650.157086,-0.234647,50.472839,5.518224,2.057313,54.002381
2.805322,3.059705,58.139151,4647.135408,-0.280763,50.559588,5.536011,2.062903,54.002277
2.846079,3.109247,58.103172,4644.115481,-0.326254,50.646652,5.558768,2.070123,54.000071
2.885774,3.157718,58.060119,4641.093211,-0.370155,50.733674,5.585692,2.080527,53.998633
2.924412,3.205000,58.009407,4638.066201,-0.417480,50.821239,5.614798,2.093963,53.997402
2.962420,3.251985,57.955243,4635.031076,-0.462681,50.909543,5.648736,2.106082,53.997911
3.000541,3.298583,57.896969,4631.988953,-0.506974,50.997670,5.689226,2.119557,53.997964
3.041434,3.346995,57.831344,4628.934489,-0.551872,51.085580,5.732776,2.134480,53.997156
3.080641,3.396992,57.760611,4625.865860,-0.598061,51.174450,5.781799,2.152688,53.997954
3.119892,3.443954,57.685701,4622.779266,-0.642551,51.263949,5.836168,2.172354,53.997359
3.158435,3.493069,57.604321,4619.671560,-0.686573,51.355586,5.894825,2.193053,53.998035
3.197202,3.541648,57.518437,4616.540563,-0.730482,51.449761,5.958972,2.215398,53.998109
3.233851,3.589549,57.428738,4613.384409,-0.772499,51.544627,6.026723,2.240583,53.997522
3.272270,3.638265,57.332398,4610.200269,-0.814723,51.639121,6.100131,2.267380,53.997412
3.309981,3.686587,57.231807,4606.982142,-0.855207,51.734946,6.179593,2.298401,53.997433
3.347368,3.734352,57.123999,4603.727870,-0.896454,51.833583,6.262803,2.331485,53.998053
3.386044,3.781523,57.014146,4600.436431,-0.934624,51.932422,6.351146,2.363115,54.000853
3.423851,3.830931,56.899502,4597.103219,-0.971516,52.031827,6.444183,2.399256,53.999656
3.461636,3.878830,56.781142,4593.725841,-1.009964,52.133182,6.544381,2.435355,53.998623
3.499560,3.927610,56.655982,4590.300431,-1.047267,52.237273,6.651370,2.475534,53.998728
3.536858,3.977245,56.527183,4586.823757,-1.085641,52.342511,6.762911,2.516177,54.000902
3.575599,4.025518,56.394649,4583.293340,-1.120253,52.450918,6.879228,2.559345,54.002153
3.610940,4.074482,56.259350,4579.705616,-1.155278,52.559025,7.001267,2.605676,54.001723
3.648044,4.122246,56.120828,4576.055590,-1.187763,52.668889,7.129072,2.655405,54.002124
3.687249,4.172082,55.976355,4572.340119,-1.220819,52.780478,7.262590,2.703895,54.000548
3.724558,4.220320,55.830054,4568.555217,-1.247920,52.896098,7.402759,2.755677,54.000127
3.761990,4.268444,55.679205,4564.696979,-1.277206,53.015474,7.548075,2.810021,53.997980
3.797023,4.316678,55.523600,4560.764243,-1.302791,53.135971,7.699795,2.866767,53.999152
3.832720,4.364378,55.369097,4556.751377,-1.328215,53.257819,7.855271,2.926428,53.999578
3.869466,4.414818,55.209922,4552.655405,-1.351126,53.383488,8.018928,2.987761,53.998837
3.904852,4.464225,55.048249,4548.470919,-1.371578,53.512678,8.189107,3.050427,53.999721
3.940085,4.512940,54.884669,4544.192841,-1.390727,53.642860,8.365441,3.117066,54.000208
3.975805,4.562080,54.718485,4539.822767,-1.408558,53.777116,8.546223,3.185671,53.998853
4.011739,4.611656,54.550400,4535.354591,-1.425169,53.914590,8.733805,3.256652,53.999420
4.046039,4.662573,54.379740,4530.782629,-1.438619,54.054484,8.926717,3.327176,53.997907
4.080944,4.712517,54.207127,4526.105354,-1.450758,54.198476,9.125465,3.401492,53.997718
4.116383,4.762017,54.034593,4521.316997,-1.459951,54.344379,9.329019,3.476857,53.996810
4.151921,4.810764,53.861149,4516.414927,-1.466589,54.495763,9.539317,3.552785,53.997235
4.186806,4.859515,53.685644,4511.397488,-1.473258,54.648925,9.752993,3.633888,53.995952
4.222270,4.909475,53.513222,4506.260703,-1.474995,54.806485,9.971592,3.715503,53.996344
4.256770,4.959462,53.339340,4500.998341,-1.476332,54.968813,10.195098,3.798482,53.997913
4.290956,5.008400,53.166271,4495.612094,-1.474900,55.132472,10.421101,3.883370,53.997931
4.325570,5.056346,52.993690,4490.097658,-1.470120,55.299734,10.651587,3.968533,53.998222
4.358782,5.105261,52.822325,4484.452676,-1.463645,55.471023,10.885137,4.056025,53.998148
4.394250,5.154056,52.650626,4478.673838,-1.455618,55.645621,11.123157,4.145274,53.998542
4.426257,5.204595,52.481157,4472.760372,-1.443545,55.825013,11.360017,4.233469,53.999249
4.459084,5.254761,52.311788,4466.709185,-1.427235,56.009743,11.599847,4.322324,53.999900
4.492608,5.303131,52.145708,4460.521441,-1.409319,56.197534,11.840485,4.411510,53.998159
4.527082,5.353478,51.982324,4454.191288,-1.389387,56.389107,12.080030,4.500822,53.997456
4.559756,5.403449,51.821216,4447.724119,-1.367752,56.583578,12.321578,4.592263,53.997293
4.591215,5.453562,51.663278,4441.115918,-1.343670,56.783379,12.562444,4.680451,53.996786
4.624885,5.502696,51.509209,4434.366201,-1.316356,56.986959,12.800538,4.768513,53.995338
4.656725,5.552375,51.356701,4427.479352,-1.286878,57.196656,13.034153,4.854345,53.995875
4.689066,5.600809,51.210371,4420.453449,-1.255153,57.408888,13.263482,4.938310,53.995554
4.721275,5.652137,51.065771,4413.292327,-1.220337,57.624311,13.491438,5.022166,53.995581
4.751228,5.702293,50.927699,4405.997918,-1.182521,57.843786,13.713180,5.104604,53.997403
4.781678,5.753316,50.791948,4398.570780,-1.142835,58.067126,13.927009,5.185505,53.995825
4.812641,5.803631,50.659716,4391.017532,-1.101409,58.292399,14.134139,5.262670,53.995786
4.843164,5.851806,50.535131,4383.338522,-1.057528,58.524275,14.331714,5.337101,53.994940
4.873239,5.900398,50.418379,4375.538365,-1.009422,58.759483,14.521444,5.409855,53.995799
4.905025,5.950646,50.306672,4367.625154,-0.961480,58.997306,14.700461,5.477473,53.997653
4.935468,6.000385,50.199082,4359.601106,-0.911702,59.237026,14.869669,5.539935,53.998570
4.964889,6.050698,50.097132,4351.473953,-0.859969,59.481025,15.026680,5.595753,53.996968
4.993279,6.101189,50.002558,4343.246890,-0.807141,59.728732,15.170718,5.650173,53.997043
5.022692,6.152855,49.915273,4334.929389,-0.752266,59.977059,15.303161,5.700073,53.998137
5.050354,6.202077,49.832751,4326.528587,-0.696032,60.230039,15.423362,5.743191,53.997760
5.080309,6.252512,49.758131,4318.052034,-0.638794,60.484875,15.527976,5.782056,53.998380
5.109318,6.302773,49.689606,4309.505298,-0.579171,60.741955,15.617528,5.815165,53.998579
5.136595,6.351845,49.627561,4300.896756,-0.520974,61.000833,15.691526,5.843352,53.999497
5.164070,6.401998,49.572864,4292.236611,-0.461556,61.260568,15.750699,5.865350,54.001468
5.193348,6.452831,49.523211,4283.531094,-0.402320,61.521565,15.794254,5.880833,54.003378
5.220660,6.502996,49.481973,4274.790292,-0.342472,61.786743,15.821403,5.893012,54.002155
5.248531,6.553527,49.447257,4266.022962,-0.281401,62.051027,15.832657,5.896659,54.000186
5.275063,6.602890,49.417542,4257.236848,-0.222043,62.315376,15.831221,5.893785,54.000745
5.302549,6.656323,49.395730,4248.439621,-0.161868,62.579709,15.813331,5.888308,54.003035
5.328955,6.706922,49.381910,4239.644050,-0.102502,62.844236,15.780486,5.878202,54.001744
5.354525,6.757547,49.372927,4230.855119,-0.041980,63.108831,15.731908,5.860175,54.001405
5.379237,6.808245,49.372008,4222.081297,0.018303,63.374861,15.669683,5.838102,54.000889
5.404713,6.858943,49.375718,4213.330837,0.075402,63.637718,15.593300,5.812273,54.000600
5.430172,6.909534,49.385163,4204.612414,0.132075,63.900587,15.504025,5.779080,53.999419
5.453775,6.962663,49.404412,4195.932416,0.186485,64.161462,15.401573,5.740252,53.998058
5.476954,7.014406,49.427022,4187.301172,0.239930,64.421376,15.288113,5.698578,53.997304
5.500234,7.065809,49.455497,4178.721888,0.292247,64.680791,15.164153,5.650760,53.996261
5.523490,7.115641,49.490439,4170.202561,0.344442,64.940478,15.029221,5.599976,53.997592
5.547808,7.167515,49.529997,4161.748017,0.393142,65.196601,14.883688,5.546803,53.998019
5.571533,7.217428,49.575603,4153.365423,0.439239,65.449778,14.729369,5.488996,53.997327
5.595244,7.268018,49.625373,4145.061841,0.483241,65.700244,14.565571,5.428040,53.998192
5.616977,7.318131,49.681326,4136.838673,0.525704,65.948879,14.397592,5.362121,53.997981
5.638817,7.368605,49.740438,4128.700207,0.567945,66.194171,14.222307,5.293090,53.996834
5.660600,7.420215,49.803759,4120.649841,0.606480,66.438016,14.041395,5.223718,53.998481
5.682744,7.472198,49.871731,4112.695402,0.642923,66.679397,13.856222,5.154876,53.998242
5.705204,7.523748,49.944536,4104.837935,0.675291,66.920539,13.665340,5.084788,53.999237
5.726788,7.575120,50.019039,4097.079601,0.707234,67.157032,13.473242,5.013867,53.998404
5.748268,7.626205,50.096366,4089.424522,0.735456,67.389919,13.278596,4.940866,53.998600
5.769989,7.677100,50.174718,4081.869336,0.762285,67.620172,13.082672,4.867657,54.000331
5.791088,7.726642,50.257741,4074.418830,0.786017,67.849092,12.883998,4.795771,54.001021
5.812921,7.779818,50.341827,4067.075472,0.806472,68.075120,12.684637,4.721735,54.000805
5.831055,7.830752,50.426628,4059.838693,0.824411,68.297035,12.487373,4.648216,54.000253
5.851762,7.881990,50.516332,4052.705250,0.840387,68.516805,12.289353,4.575794,54.000871
5.871946,7.931953,50.606003,4045.681678,0.853479,68.731637,12.094149,4.503271,53.999333
5.892160,7.981955,50.696661,4038.763300,0.864584,68.944371,11.899894,4.432282,53.999751
5.911044,8.033187,50.788967,4031.950077,0.871097,69.154429,11.709397,4.361234,53.998563
5.928713,8.082933,50.880673,4025.239233,0.875468,69.361769,11.518156,4.290932,54.001397
5.947448,8.134109,50.974198,4018.632905,0.877658,69.565125,11.332653,4.224168,54.001680
5.965102,8.183394,51.067012,4012.129210,0.878407,69.765026,11.150633,4.155612,54.001694
5.983153,8.234488,51.159202,4005.726372,0.876205,69.962450,10.972242,4.089249,54.001486
6.001899,8.286242,51.249664,3999.427090,0.870453,70.157738,10.797399,4.024731,54.000260
6.021295,8.335742,51.340903,3993.223643,0.864017,70.351293,10.626831,3.962244,54.000743
6.038783,8.387401,51.429644,3987.114405,0.855321,70.541355,10.461171,3.901490,54.001915
6.055792,8.437499,51.518628,3981.101468,0.844026,70.730706,10.300131,3.840498,54.001808
6.073501,8.486930,51.605705,3975.177290,0.830085,70.916673,10.145628,3.781815,54.000369
6.090417,8.537974,51.691933,3969.341157,0.813718,71.101307,9.996574,3.724692,54.001034
6.106268,8.587175,51.774714,3963.592674,0.794493,71.282123,9.849135,3.670475,53.999568
6.123361,8.637225,51.856763,3957.929825,0.774649,71.458805,9.708971,3.618104,53.999356
6.139637,8.688754,51.935300,3952.347164,0.753624,71.635828,9.574405,3.566662,53.998090
6.156097,8.740038,52.010431,3946.846478,0.730628,71.810023,9.445450,3.519209,53.998849
6.173806,8.790066,52.085195,3941.420885,0.704517,71.981250,9.322184,3.472465,53.999285
6.192055,8.839913,52.156893,3936.068598,0.676259,72.150803,9.203784,3.427928,53.999798
6.209168,8.890522,52.224285,3930.790383,0.647092,72.317210,9.092043,3.385834,53.998384
6.225484,8.941591,52.289946,3925.579766,0.616162,72.486365,8.984692,3.346192,53.997695
6.240257,8.991547,52.351907,3920.434925,0.584880,72.651549,8.884454,3.308400,53.999130
6.255828,9.041414,52.408765,3915.351686,0.550545,72.814540,8.790106,3.272404,54.000288
6.271867,9.091428,52.462468,3910.328191,0.516891,72.977535,8.701622,3.239743,54.000746
6.286641,9.141160,52.512637,3905.361648,0.480589,73.139468,8.617544,3.209360,54.000103
6.300819,9.193541,52.560725,3900.452274,0.443367,73.298390,8.538695,3.179979,53.998951
6.317603,9.242479,52.603666,3895.594482,0.404933,73.456864,8.466508,3.153696,54.001063
6.333166,9.292548,52.641048,3890.784414,0.364434,73.613988,8.400136,3.127734,54.000673
6.347770,9.341545,52.675178,3886.021369,0.323666,73.773828,8.339046,3.104426,53.999713
6.361200,9.393493,52.705684,3881.299857,0.281023,73.930579,8.283941,3.082265,53.999061
6.374711,9.444142,52.734111,3876.618453,0.238870,74.085766,8.231492,3.063243,53.997122
6.388391,9.494917,52.754510,3871.974622,0.194974,74.238332,8.187561,3.046883,53.994935
6.401242,9.545135,52.773258,3867.365573,0.151255,74.390989,8.148441,3.032663,53.994770
6.414569,9.596731,52.787672,3862.789339,0.104561,74.544528,8.115150,3.021176,53.996084
6.429721,9.646893,52.795932,3858.242722,0.060753,74.697058,8.088495,3.012099,53.996623
6.444103,9.696338,52.800418,3853.722967,0.014370,74.851148,8.065383,3.004358,53.997254
6.457844,9.746145,52.798522,3849.223257,-0.031991,75.003863,8.048056,2.998291,53.995967
6.470495,9.796135,52.795629,3844.736635,-0.004473,75.009628,8.032126,2.991686,-0.001447
6.485207,9.845960,52.798668,3840.251624,0.021258,75.016932,8.010724,2.984690,-0.001114
6.498542,9.895165,52.802167,3835.773538,0.047579,75.023127,7.987796,2.976070,-0.002145
6.512058,9.942847,52.806199,3831.302838,0.074662,75.030228,7.962644,2.967172,-0.001922
6.524526,9.991351,52.814405,3826.837450,0.099459,75.036922,7.934491,2.956729,-0.002405
6.537881,10.042611,52.824628,3822.385348,0.123925,75.042711,7.903936,2.945112,-0.001128
6.551023,10.092088,52.838197,3817.944323,0.144701,75.051035,7.871582,2.932281,-0.001449
6.564213,10.141357,52.853011,3813.514820,0.169350,75.057342,7.836036,2.919058,-0.000178
6.577445,10.190908,52.869444,3809.102803,0.192886,75.064778,7.798173,2.903648,-0.000318
6.589436,10.241608,52.892158,3804.704309,0.213882,75.072475,7.758414,2.888144,0.000483
6.603574,10.290555,52.912576,3800.323933,0.232489,75.078209,7.715445,2.872201,-0.001116
6.617627,10.339669,52.936445,3795.963151,0.251256,75.085134,7.671939,2.857200,-0.001584
6.631282,10.387921,52.960679,3791.622728,0.267303,75.093689,7.627066,2.841535,-0.002945
6.643439,10.437177,52.987543,3787.303157,0.284014,75.099900,7.580576,2.825931,-0.003975
6.657187,10.487724,53.017318,3783.005805,0.297220,75.107334,7.533688,2.807828,-0.003205
6.668072,10.538279,53.045709,3778.731370,0.310620,75.115602,7.485366,2.790398,-0.002881
6.680634,10.586038,53.075968,3774.481452,0.320614,75.123763,7.437267,2.773659,-0.003269
6.694016,10.635028,53.108129,3770.256824,0.332283,75.133501,7.385533,2.753439,-0.002288
6.706986,10.685205,53.142846,3766.057555,0.340591,75.141739,7.335121,2.733589,-0.002229
6.720201,10.734272,53.179236,3761.883595,0.348430,75.148494,7.283263,2.714258,-0.001737
6.733181,10.782340,53.214701,3757.739835,0.356841,75.154766,7.230881,2.695229,-0.001817
6.746326,10.831839,53.250263,3753.620502,0.363842,75.160515,7.179248,2.676217,-0.001243
6.758661,10.879984,53.287728,3749.529144,0.369352,75.168004,7.128725,2.656913,-0.000448
6.773019,10.930118,53.323577,3745.465080,0.372016,75.175605,7.076499,2.639373,-0.002295
6.784654,10.978427,53.359651,3741.428942,0.371680,75.184270,7.026200,2.620729,-0.002033
6.798805,11.026965,53.395079,3737.421487,0.372199,75.190165,6.974433,2.602817,-0.002278
6.811005,11.074568,53.430605,3733.443125,0.370505,75.198659,6.923189,2.584494,-0.001259
6.824031,11.123653,53.466039,3729.493352,0.370196,75.205865,6.872455,2.563647,-0.003799
6.838987,11.172813,53.502267,3725.570777,0.367720,75.212860,6.822036,2.542999,-0.003385
6.850757,11.221981,53.539867,3721.675768,0.363296,75.218839,6.773680,2.524091,-0.003804
6.864700,11.269296,53.575501,3717.810551,0.358885,75.226786,6.725306,2.505712,-0.004432
6.879676,11.318142,53.610748,3713.974539,0.352137,75.232759,6.678735,2.487678,-0.003679
6.891887,11.364760,53.644721,3710.165612,0.343863,75.239535,6.635599,2.470963,-0.003881
6.905477,11.414824,53.678988,3706.383898,0.333143,75.247760,6.589802,2.454583,-0.004599
6.918077,11.463637,53.712237,3702.631611,0.325497,75.253689,6.549158,2.437874,-0.005375
6.929055,11.509283,53.743073,3698.902437,0.313797,75.259984,6.506304,2.420981,-0.005937
6.940752,11.558778,53.773152,3695.200981,0.302743,75.267418,6.465560,2.406532,-0.003915
6.952020,11.607251,53.801643,3691.524136,0.290013,75.274661,6.426585,2.392983,-0.003721
6.965690,11.655379,53.829398,3687.871655,0.276625,75.281709,6.389350,2.379211,-0.004068
6.979267,11.702577,53.857236,3684.245618,0.260325,75.286768,6.352205,2.365439,-0.002226
6.991912,11.753163,53.880336,3680.641949,0.243608,75.295963,6.317882,2.351872,-0.003362
7.004195,11.801120,53.902052,3677.062367,0.227480,75.299618,6.285500,2.339527,-0.004188
7.015625,11.847139,53.925132,3673.503051,0.210078,75.308209,6.255444,2.326060,-0.005137
7.028104,11.894872,53.943981,3669.965665,0.192802,75.315218,6.225782,2.315203,-0.006945
7.039051,11.940878,53.961314,3666.446546,0.171616,75.322275,6.197639,2.306120,-0.005413
7.050686,11.988924,53.975818,3662.951470,0.153441,75.330783,6.172559,2.297473,-0.004692
7.062394,12.037385,53.990045,3659.474392,0.129701,75.337934,6.147468,2.287715,-0.004961
7.073829,12.085475,54.001929,3656.017052,0.107766,75.344640,6.125670,2.280475,-0.006395
7.084513,12.132719,54.011235,3652.573133,0.085584,75.350486,6.104703,2.274993,-0.006168
7.097591,12.181155,54.017513,3649.146356,0.062447,75.357839,6.087664,2.268047,-0.006192
7.109073,12.228468,54.022853,3645.736331,0.038723,75.367643,6.072116,2.262777,-0.007479
7.121390,12.277635,54.026742,3642.340878,0.016924,75.377084,6.059652,2.257624,-0.005832
7.132339,12.325436,54.028288,3638.957058,-0.006733,75.383107,6.047247,2.253739,-0.005543
7.144723,12.373660,54.024628,3635.585576,-0.032212,75.391277,6.036242,2.248939,-0.005066
7.157313,12.420993,54.020067,3632.224699,-0.057591,75.399493,6.029775,2.246069,-0.003211
7.167586,12.469623,54.012263,3628.872244,-0.081974,75.406924,6.024028,2.243063,-0.003968
7.180076,12.514377,54.004344,3625.530509,-0.107742,75.412950,6.019383,2.242886,-0.001419
7.193633,12.562541,53.993089,3622.196281,-0.133681,75.420036,6.016860,2.242011,-0.000914
7.205909,12.609772,53.982042,3618.867825,-0.158519,75.427446,6.019656,2.242500,-0.001093
7.219514,12.658161,53.965339,3615.545976,-0.184877,75.434688,6.023294,2.243310,-0.001204
7.231254,12.706942,53.944877,3612.232617,-0.238255,75.524706,6.027787,2.244356,34.998534
7.243630,12.754406,53.920624,3608.926311,-0.288067,75.615280,6.039193,2.247855,34.998652
7.256126,12.800598,53.892233,3605.627992,-0.339710,75.704332,6.052719,2.251826,34.999434
7.266522,12.847906,53.857832,3602.331685,-0.390838,75.794940,6.068623,2.257321,34.998490
7.276926,12.894495,53.817913,3599.039905,-0.441641,75.885707,6.091931,2.265115,34.996999
7.289149,12.942420,53.773929,3595.748051,-0.492626,75.976538,6.117865,2.274226,34.996631
7.301223,12.989054,53.726670,3592.450550,-0.542343,76.068459,6.149318,2.288757,34.996381
7.313428,13.034418,53.672421,3589.146768,-0.591865,76.160703,6.185004,2.301638,34.997277
7.325884,13.081368,53.614618,3585.836089,-0.643532,76.253371,6.224098,2.316047,34.996407
7.337424,13.126399,53.552366,3582.514182,-0.692133,76.346680,6.267313,2.331401,34.996542
7.348087,13.175290,53.485062,3579.179037,-0.740481,76.441910,6.313829,2.350573,34.996704
7.359241,13.222135,53.414016,3575.828673,-0.788865,76.539510,6.367747,2.369501,34.995780
7.368943,13.269665,53.337322,3572.459138,-0.835795,76.635945,6.424918,2.388512,34.994499
7.379666,13.315842,53.256932,3569.066780,-0.880922,76.733038,6.486220,2.410819,34.996324
7.391615,13.363355,53.172385,3565.651585,-0.924438,76.830734,6.549496,2.436802,34.997064
7.402283,13.409866,53.083063,3562.211095,-0.969000,76.927212,6.618484,2.464566,34.998054
7.411999,13.456093,52.990733,3558.743701,-1.009456,77.027518,6.692707,2.491105,34.999247
7.423632,13.503172,52.893800,3555.241352,-1.049162,77.128959,6.768770,2.520925,34.999988
7.433718,13.550681,52.793363,3551.704722,-1.088269,77.231807,6.850936,2.553413,34.998948
7.443719,13.598105,52.692048,3548.132368,-1.125014,77.336849,6.935174,2.585462,34.998620
7.454337,13.645085,52.586244,3544.519628,-1.161083,77.441974,7.024007,2.617633,34.998226
7.463852,13.692117,52.475457,3540.864176,-1.195977,77.547615,7.117269,2.652750,34.998883
7.474372,13.738699,52.362724,3537.163072,-1.229722,77.654394,7.216732,2.689339,34.998979
7.484442,13.784677,52.247188,3533.414951,-1.261351,77.762932,7.320317,2.728214,34.999260
7.494270,13.830606,52.130588,3529.615500,-1.290847,77.874838,7.427181,2.767473,34.999923
7.505082,13.876626,52.011899,3525.763738,-1.315673,77.987391,7.539033,2.809221,34.999194
7.513535,13.922688,51.889081,3521.855999,-1.342340,78.100159,7.652745,2.851321,34.998127
7.523105,13.968027,51.764884,3517.889245,-1.364253,78.215501,7.770217,2.895454,34.999715
7.534111,14.014700,51.636908,3513.860956,-1.383505,78.331958,7.891878,2.940393,35.000069
7.544588,14.060215,51.509539,3509.767015,-1.402286,78.452361,8.016962,2.985027,34.997886
7.553555,14.107669,51.380536,3505.607760,-1.416236,78.572511,8.141847,3.034589,34.999494
7.563493,14.153317,51.250109,3501.380203,-1.429367,78.696384,8.271928,3.082670,35.000241
7.572462,14.198133,51.118772,3497.080771,-1.439786,78.820331,8.406059,3.132817,34.999903
7.581412,14.243613,50.987165,3492.708078,-1.447663,78.948145,8.541944,3.184758,34.999969
7.591274,14.289839,50.856220,3488.262057,-1.451636,79.077252,8.680819,3.236660,34.999335
7.599809,14.336446,50.723841,3483.738070,-1.454397,79.207848,8.821572,3.288591,35.000076
7.609064,14.382073,50.591971,3479.136656,-1.455831,79.340926,8.965260,3.340212,35.000104
7.618176,14.428623,50.459707,3474.454769,-1.453969,79.476833,9.109107,3.392790,35.001039
7.625947,14.473887,50.329824,3469.690904,-1.447513,79.616230,9.254363,3.446227,35.001068
7.632159,14.521990,50.198453,3464.844577,-1.439034,79.756239,9.398642,3.500800,35.001847
7.641380,14.568715,50.068592,3459.914362,-1.427875,79.898368,9.543937,3.553805,35.003245
7.647587,14.613115,49.938627,3454.897462,-1.413541,80.043982,9.690651,3.609092,35.002536
7.655506,14.658379,49.809631,3449.799509,-1.397338,80.191818,9.835199,3.663238,35.002297
7.663675,14.704127,49.684135,3444.613361,-1.378443,80.345394,9.978985,3.717560,35.003171
7.671780,14.750489,49.562252,3439.342685,-1.354996,80.497514,10.121863,3.771252,35.002924
7.679228,14.796873,49.442817,3433.987384,-1.328976,80.650455,10.263699,3.822964,35.001920
7.686273,14.839863,49.325734,3428.545577,-1.302366,80.804030,10.402151,3.874739,35.001146
7.693603,14.885140,49.209905,3423.020391,-1.272062,80.961258,10.537814,3.921667,34.999410
7.701763,14.931989,49.097172,3417.411091,-1.238094,81.122400,10.669833,3.971122,34.999761
7.708396,14.976997,48.988543,3411.721190,-1.200208,81.285697,10.797279,4.017958,35.001537
7.717413,15.024320,48.883489,3405.952070,-1.161898,81.450142,10.921183,4.064903,35.000068
7.722589,15.070270,48.782586,3400.102255,-1.119795,81.615366,11.040282,4.110773,35.001805
7.730857,15.117617,48.684153,3394.179153,-1.076322,81.786829,11.152724,4.153641,35.003769
7.737878,15.162298,48.590088,3388.179483,-1.030131,81.958439,11.260499,4.193807,35.002734
7.744314,15.206794,48.501075,3382.111180,-0.981657,82.130491,11.364034,4.231764,35.003994
7.750052,15.253163,48.416449,3375.975782,-0.933368,82.304996,11.457992,4.266558,35.004537
7.754514,15.296786,48.335522,3369.777259,-0.882416,82.481913,11.547187,4.299885,35.004145
7.762845,15.344379,48.261367,3363.519572,-0.830259,82.660283,11.625701,4.328834,35.003990
7.768020,15.389892,48.189850,3357.205773,-0.775460,82.838490,11.697276,4.355385,35.003821
7.775762,15.433060,48.123405,3350.838717,-0.720385,83.020255,11.761137,4.380422,35.004895
7.781987,15.476565,48.062875,3344.424937,-0.664055,83.202579,11.816777,4.399997,35.004868
7.785543,15.521362,48.009154,3337.967424,-0.607660,83.385988,11.861325,4.417547,35.004915
7.789873,15.563891,47.958746,3331.473848,-0.548380,83.568957,11.899901,4.432575,35.003360
7.796580,15.609777,47.913862,3324.945689,-0.489399,83.754550,11.929471,4.445398,35.002627
7.799523,15.655513,47.875978,3318.387174,-0.430492,83.938827,11.950637,4.452525,35.002198
7.803146,15.701203,47.840520,3311.806750,-0.371012,84.124273,11.961741,4.457300,35.002405
7.807868,15.747471,47.811917,3305.207555,-0.311340,84.309566,11.962854,4.457188,35.002108
7.812140,15.792448,47.787537,3298.592754,-0.251015,84.496207,11.954768,4.454310,35.001121
7.815593,15.835823,47.768763,3291.970719,-0.191803,84.682641,11.938676,4.449138,35.001647
7.819084,15.880549,47.754185,3285.344921,-0.131522,84.868269,11.912918,4.438214,35.000872
7.821980,15.925296,47.747149,3278.720734,-0.074335,85.054119,11.879312,4.425394,35.001117
7.825560,15.970555,47.743401,3272.103567,-0.017796,85.240971,11.837047,4.410487,34.999714
7.828917,16.013841,47.743653,3265.496821,0.040175,85.425427,11.787710,4.391430,34.999778
7.833888,16.056902,47.750254,3258.907315,0.094496,85.611469,11.730486,4.371596,35.000351
7.837794,16.101302,47.760302,3252.339260,0.147649,85.796307,11.666284,4.346939,35.001193
7.841022,16.143732,47.774794,3245.794079,0.200593,85.978749,11.595788,4.320377,35.000939
7.844377,16.188829,47.795100,3239.277847,0.250981,86.162388,11.517653,4.289838,35.000186
7.846976,16.231161,47.818662,3232.793795,0.299426,86.345309,11.434901,4.257657,34.999618
7.851488,16.274256,47.846067,3226.346672,0.346421,86.525779,11.346034,4.224752,35.001233
7.853693,16.317763,47.874918,3219.940761,0.392593,86.705144,11.250092,4.189771,35.002252
7.855871,16.360679,47.909389,3213.576892,0.434619,86.884794,11.149128,4.151277,35.001267
7.857028,16.404404,47.946372,3207.258922,0.474242,87.061618,11.046724,4.113904,35.000002
7.859926,16.447747,47.989038,3200.989094,0.510260,87.239714,10.937982,4.074364,34.999923
7.859232,16.492566,48.033566,3194.770641,0.543374,87.416638,10.829529,4.034501,34.999681
7.859366,16.536452,48.082351,3188.608531,0.577443,87.590724,10.716387,3.991237,34.999695
7.861060,16.580709,48.131020,3182.500088,0.607587,87.762864,10.601529,3.948660,34.997707
7.861692,16.622698,48.183710,3176.449958,0.635277,87.933544,10.485196,3.905290,34.996410
7.863603,16.663958,48.236749,3170.458928,0.660424,88.102868,10.367719,3.862024,34.994844
7.865336,16.707461,48.293564,3164.528752,0.683720,88.270879,10.249401,3.817723,34.995924
7.867705,16.750071,48.349551,3158.658390,0.701655,88.437831,10.129355,3.773303,34.997471
7.866959,16.793538,48.406787,3152.851566,0.718704,88.604001,10.009054,3.730016,34.998405
7.868559,16.838095,48.465566,3147.109341,0.732025,88.766740,9.889712,3.685688,34.999066
7.871505,16.880301,48.524897,3141.428659,0.741301,88.926699,9.769244,3.642459,34.998784
7.872827,16.922316,48.587318,3135.814355,0.748859,89.087537,9.650869,3.599244,34.999363
7.872288,16.963575,48.648566,3130.263680,0.753331,89.247850,9.532694,3.556635,34.997959
7.871468,17.005448,48.710598,3124.776613,0.755405,89.406779,9.416920,3.512197,34.999173
7.872549,17.049015,48.771625,3119.355389,0.753734,89.561556,9.305081,3.467437,34.997970
7.875096,17.092256,48.833637,3113.996316,0.750679,89.715314,9.194314,3.425908,34.996730
7.875338,17.134063,48.894752,3108.698856,0.744083,89.865691,9.084647,3.382956,34.997977
7.875086,17.175144,48.954969,3103.464262,0.734797,90.016330,8.977685,3.342927,34.997433
7.874644,17.215745,49.014509,3098.291717,0.722849,90.165014,8.874087,3.304078,34.997539
7.875359,17.255848,49.073832,3093.179773,0.708692,90.311874,8.775243,3.264859,34.997413
7.874479,17.297863,49.129044,3088.127862,0.692508,90.457829,8.678089,3.228115,34.998976
7.872714,17.340074,49.183067,3083.134293,0.673492,90.604277,8.582799,3.193643,34.998433
7.872833,17.381296,49.237431,3078.197631,0.652772,90.748878,8.490034,3.162241,34.999473
7.873477,17.424729,49.288637,3073.314838,0.628068,90.891463,8.401920,3.130155,34.999602
7.870856,17.464039,49.338719,3068.487220,0.601397,91.031288,8.317279,3.097979,34.998212
7.868728,17.505198,49.386313,3063.712472,0.574134,91.171483,8.237177,3.067042,34.999550
7.866726,17.548066,49.430984,3058.988897,0.545096,91.310283,8.159569,3.038057,35.000030
7.867211,17.589256,49.473807,3054.315015,0.514830,91.447931,8.088079,3.010092,35.001881
7.866146,17.630649,49.513542,3049.689231,0.481223,91.585054,8.018852,2.983640,35.000871
7.863351,17.671480,49.549999,3045.111014,0.444797,91.722061,7.955141,2.956949,35.001502
7.861449,17.712003,49.584331,3040.575345,0.407374,91.858854,7.893364,2.934812,34.999922
7.860260,17.750196,49.615986,3036.083295,0.371511,91.992455,7.834841,2.913198,35.000676
7.859877,17.790870,49.644460,3031.633322,0.331067,92.126761,7.782579,2.893266,35.000555
7.860528,17.832669,49.669712,3027.220891,0.288321,92.261197,7.732719,2.875960,34.999945
7.858688,17.871832,49.691385,3022.845643,0.247143,92.393720,7.686353,2.858963,35.001666
7.859018,17.912082,49.709666,3018.507643,0.204515,92.525450,7.644565,2.843262,35.002015
7.857472,17.952483,49.723982,3014.200186,0.161529,92.656288,7.605699,2.828700,35.002722
7.855926,17.992548,49.733730,3009.926635,0.115436,92.788471,7.572923,2.816561,35.004172
7.854138,18.033874,49.740751,3005.681555,0.069201,92.919491,7.543134,2.806166,35.004055
7.851548,18.075180,49.743933,3001.463383,0.021786,93.051103,7.516704,2.797217,35.002242
7.849686,18.117281,49.742875,2997.268638,-0.026015,93.183554,7.495506,2.789428,35.001484
7.847713,18.158132,49.738950,2993.096937,-0.073967,93.314943,7.478512,2.783296,35.001481
7.845195,18.197399,49.730025,2988.947296,-0.124209,93.445278,7.467339,2.778997,35.000605
7.843272,18.237941,49.717209,2984.812952,-0.174170,93.578469,7.459769,2.775496,34.999387
7.839928,18.279103,49.703506,2980.695155,-0.225473,93.709941,7.456839,2.773040,34.997478
7.835361,18.319125,49.682632,2976.592975,-0.277171,93.838220,7.455110,2.774498,34.997455
7.832281,18.358777,49.659661,2972.501606,-0.328106,93.968552,7.460056,2.775656,34.998673
7.829834,18.399630,49.630884,2968.420608,-0.378630,94.099011,7.468510,2.778923,34.997367
7.826754,18.441081,49.598984,2964.345378,-0.427972,94.230560,7.481160,2.783223,34.998328
7.822284,18.480111,49.564004,2960.277101,-0.478312,94.362403,7.495655,2.790396,34.999115
7.817983,18.520274,49.522440,2956.208419,-0.528289,94.493528,7.515313,2.798553,34.999514
7.816325,18.560112,49.478302,2952.141267,-0.577162,94.627463,7.538958,2.810385,34.998214
7.813995,18.599139,49.432745,2948.071837,-0.627471,94.759029,7.568810,2.821882,34.998566
7.810768,18.638298,49.381277,2943.996059,-0.676574,94.894598,7.601995,2.834113,34.996146
7.806366,18.677891,49.327184,2939.913470,-0.724264,95.031541,7.638417,2.847781,34.998030
7.803139,18.715765,49.270791,2935.822212,-0.770884,95.166567,7.680161,2.863534,34.998042
7.798709,18.756497,49.209863,2931.719309,-0.818777,95.304417,7.725303,2.879864,34.999218
7.795770,18.795937,49.143547,2927.600501,-0.864008,95.441918,7.776968,2.897313,34.999141
7.792259,18.834895,49.075848,2923.465717,-0.910273,95.580404,7.829599,2.915497,34.998968
7.787239,18.874939,49.006439,2919.310826,-0.953706,95.719549,7.886024,2.937988,34.999451
7.783333,18.913439,48.932016,2915.134341,-0.995213,95.860901,7.947018,2.961410,34.998374
7.779571,18.951915,48.853411,2910.934007,-1.036279,96.002741,8.010864,2.985194,35.000300
7.777137,18.992687,48.772491,2906.705853,-1.077659,96.143920,8.079417,3.010149,35.001100
7.774274,19.032347,48.688742,2902.450504,-1.117140,96.290161,8.150035,3.036880,35.001028
7.768977,19.070739,48.603319,2898.164683,-1.154614,96.435729,8.224880,3.063884,35.001256
7.764580,19.110211,48.515091,2893.842398,-1.189251,96.583376,8.305036,3.093996,34.999479
7.759735,19.147790,48.424913,2889.479268,-1.177619,96.588854,8.384843,3.126177,-0.000235
7.754646,19.186657,48.335903,2885.067206,-1.163230,96.595652,8.463071,3.155337,-0.001300
7.750328,19.224956,48.248249,2880.608519,-1.146695,96.603144,8.542458,3.184133,-0.001937
7.746002,19.263631,48.162663,2876.104146,-1.127698,96.609206,8.619905,3.211956,-0.003105
7.743272,19.302496,48.078634,2871.550826,-1.109300,96.615534,8.695479,3.239700,-0.002101
7.737687,19.339606,47.997662,2866.949421,-1.087184,96.623797,8.768078,3.265231,-0.000860
7.732667,19.378595,47.918574,2862.302666,-1.062439,96.631272,8.837970,3.290612,-0.000154
7.728433,19.418342,47.839848,2857.609347,-1.035234,96.637017,8.906663,3.317745,0.000517
7.725338,19.457839,47.762419,2852.873508,-1.007265,96.644984,8.972542,3.343065,0.000507
7.720364,19.495166,47.690336,2848.094807,-0.974534,96.651397,9.035000,3.367230,0.000995
7.714352,19.534381,47.617738,2843.273471,-0.940969,96.659200,9.093857,3.388657,0.001867
7.709503,19.573885,47.548544,2838.409533,-0.906742,96.665327,9.150793,3.410169,0.004486
7.706393,19.611485,47.482637,2833.504445,-0.872804,96.673745,9.203500,3.430354,0.004834
7.703074,19.649046,47.419039,2828.561913,-0.837869,96.681637,9.252197,3.449031,0.004760
7.697276,19.685591,47.357903,2823.585647,-0.799890,96.688132,9.298199,3.466638,0.004249
7.692038,19.722673,47.300412,2818.572824,-0.761081,96.694653,9.340083,3.481096,0.002458
7.688007,19.760202,47.247165,2813.529258,-0.717838,96.701942,9.379318,3.493595,0.002379
7.683705,19.797137,47.195636,2808.454307,-0.676565,96.708206,9.413774,3.507985,0.002782
7.679907,19.834667,47.147981,2803.350629,-0.634225,96.713698,9.446072,3.518472,0.003048
7.674228,19.872922,47.102907,2798.220964,-0.590663,96.719511,9.471397,3.527114,0.002422
7.669936,19.910999,47.060908,2793.065931,-0.546146,96.725530,9.492560,3.535420,0.001167
7.666286,19.947432,47.023307,2787.888725,-0.500755,96.732982,9.508689,3.543016,0.001376
7.661911,19.985697,46.987621,2782.692990,-0.458548,96.739263,9.519927,3.547027,0.000701
7.657664,20.022844,46.957083,2777.482869,-0.413527,96.745504,9.526748,3.550341,-0.000325
7.653354,20.060304,46.928198,2772.255907,-0.369438,96.751724,9.529091,3.550563,-0.001665
7.649793,20.097310,46.903812,2767.017174,-0.325294,96.759296,9.528187,3.548185,-0.001402
7.645580,20.134587,46.881421,2761.770993,-0.279460,96.764999,9.521802,3.543562,-0.000292
7.639118,20.170085,46.862672,2756.518906,-0.233590,96.772432,9.509189,3.540764,0.000037
7.635830,20.206519,46.845075,2751.263978,-0.189815,96.778904,9.493530,3.532670,0.000597
7.632270,20.243060,46.832319,2746.006282,-0.148071,96.785361,9.474955,3.523563,-0.000111
7.627168,20.280621,46.824244,2740.750457,-0.105713,96.793534,9.451662,3.515850,-0.000049
7.622098,20.317395,46.817766,2735.498745,-0.062992,96.800772,9.421776,3.505580,0.000302
7.617340,20.354239,46.815381,2730.253074,-0.024282,96.807456,9.389112,3.493773,-0.000062
7.614784,20.389596,46.815577,2725.016699,0.014472,96.812253,9.354184,3.481365,-0.000069
7.609225,20.424668,46.817320,2719.792131,0.051315,96.817640,9.314949,3.466889,-0.000611
7.605066,20.462941,46.822025,2714.578480,0.086189,96.823054,9.273473,3.451236,0.001155
7.601317,20.500153,46.828782,2709.382448,0.121677,96.829595,9.226945,3.434658,0.000913
7.598255,20.535521,46.840187,2704.202680,0.155926,96.834709,9.178772,3.417954,-0.000132
7.593794,20.572845,46.852540,2699.042280,0.187396,96.841530,9.128103,3.398578,-0.000587
7.589753,20.611163,46.865924,2693.902897,0.218501,96.847340,9.074330,3.378165,-0.000616
7.585008,20.647212,46.882552,2688.787494,0.248716,96.853625,9.017859,3.357855,-0.001481
7.581389,20.682988,46.902433,2683.694994,0.274950,96.859350,8.960402,3.335680,-0.001923
7.575340,20.717734,46.921753,2678.630514,0.300147,96.865782,8.902328,3.314226,-0.003521
7.570070,20.754651,46.943576,2673.591693,0.322738,96.871916,8.841015,3.291385,-0.005438
7.569223,20.791081,46.966230,2668.582035,0.341837,96.880285,8.779599,3.268136,-0.006275
7.562852,20.827102,46.989622,2663.604259,0.359616,96.886162,8.716698,3.245004,-0.004634
7.559357,20.863388,47.014353,2658.656830,0.377081,96.893151,8.654461,3.222280,-0.002198
7.553543,20.898171,47.041275,2653.739576,0.388834,96.899311,8.590251,3.199313,-0.002187
7.551254,20.932140,47.070382,2648.856618,0.400931,96.907459,8.524444,3.175605,-0.001556
7.547472,20.966345,47.098546,2644.006921,0.410402,96.912736,8.460276,3.152911,-0.001313
7.543906,21.002199,47.125373,2639.189765,0.418166,96.918456,8.396430,3.128308,-0.002662
7.541188,21.036753,47.155943,2634.406362,0.424435,96.926151,8.334227,3.103152,-0.003416
7.536355,21.071643,47.186106,2629.660694,0.427698,96.933469,8.270328,3.078004,-0.003902
7.530627,21.104798,47.215566,2624.951144,0.428186,96.939714,8.207065,3.054303,-0.005100
7.527354,21.139028,47.243225,2620.276973,0.426455,96.945915,8.143987,3.030686,-0.004328
7.523816,21.176308,47.272085,2615.637677,0.422701,96.950931,8.081738,3.008825,-0.005485
7.520121,21.212129,47.300375,2611.033949,0.414813,96.956589,8.020293,2.984474,-0.004836
7.514249,21.247480,47.327365,2606.463642,0.405949,96.963601,7.961317,2.963564,-0.005236
7.509816,21.282456,47.353067,2601.928515,0.395310,96.970291,7.902443,2.943946,-0.003936
7.506019,21.317365,47.379881,2597.431075,0.382920,96.976633,7.846201,2.920218,-0.005440
7.501745,21.352554,47.405842,2592.967426,0.368922,96.983208,7.790899,2.899773,-0.004552
7.497875,21.387847,47.429972,2588.536145,0.352432,96.989330,7.737444,2.878352,-0.004098
7.493705,21.424150,47.454978,2584.140929,0.333005,96.994518,7.686265,2.858387,-0.004498
7.488831,21.460379,47.477630,2579.778003,0.312411,97.001304,7.636374,2.839549,-0.004054
7.484250,21.494135,47.496212,2575.448352,0.289680,97.006498,7.589850,2.820762,-0.004451
7.480908,21.530530,47.516117,2571.150649,0.266487,97.013484,7.543293,2.806083,-0.003767
7.477290,21.565629,47.535118,2566.881305,0.243260,97.019690,7.499519,2.790240,-0.002786
7.473283,21.599524,47.551541,2562.642723,0.215632,97.024636,7.457579,2.775130,-0.000697
7.466757,21.633536,47.566188,2558.433515,0.187385,97.030398,7.420001,2.761236,-0.000116
7.463081,21.665948,47.577196,2554.254230,0.157045,97.036402,7.384559,2.747983,0.000292
7.456926,21.701408,47.586042,2550.100890,0.127770,97.042205,7.351203,2.736345,0.000001
7.452877,21.735579,47.595125,2545.974664,0.093554,97.047604,7.319724,2.725835,0.000194
7.447448,21.768897,47.601213,2541.874621,0.059701,97.051706,7.291895,2.715871,-0.001181
7.443885,21.801787,47.604393,2537.798062,0.025290,97.057418,7.265128,2.705023,-0.000881
7.440572,21.836392,47.605552,2533.743316,-0.009100,97.063626,7.241993,2.694598,-0.002893
7.437224,21.871611,47.601638,2529.709191,-0.046206,97.069760,7.220697,2.685504,-0.003165
7.433625,21.904833,47.597303,2525.698195,-0.085147,97.078041,7.201789,2.680401,-0.003951
7.430550,21.939168,47.592484,2521.704833,-0.122982,97.085062,7.185953,2.674306,-0.004122
7.427166,21.972064,47.583195,2517.729826,-0.161259,97.091602,7.173408,2.671603,-0.002002
7.422706,22.004238,47.571048,2513.769747,-0.201294,97.098697,7.163399,2.667647,-0.002574
7.417307,22.036559,47.556461,2509.824445,-0.242162,97.105951,7.155577,2.665961,-0.000565
7.412951,22.069562,47.540467,2505.895839,-0.283219,97.110666,7.149631,2.663330,-0.002051
7.407862,22.100511,47.520123,2501.977988,-0.324541,97.115079,7.147280,2.663444,-0.000358
7.405407,22.133788,47.497375,2498.073285,-0.365047,97.120873,7.146615,2.663887,-0.000430
7.400710,22.167334,47.470858,2494.177437,-0.405512,97.127882,7.150406,2.663583,-0.001022
7.394358,22.201497,47.443504,2490.288432,-0.445752,97.133552,7.157277,2.666666,-0.001760
7.392156,22.235004,47.413304,2486.405452,-0.485446,97.137730,7.166324,2.668428,-0.000244
7.387836,22.270080,47.378664,2482.528827,-0.525673,97.144110,7.176319,2.672410,-0.000966
7.384069,22.302613,47.341806,2478.654622,-0.566180,97.148635,7.189466,2.677331,-0.001065
7.380856,22.337508,47.304443,2474.784599,-0.607159,97.153343,7.206432,2.682891,-0.000286
7.375119,22.370157,47.262971,2470.914473,-0.648844,97.159763,7.225425,2.692146,0.001516
7.369784,22.401892,47.219244,2467.041643,-0.689512,97.163865,7.246113,2.700154,0.000538
7.366024,22.434722,47.173870,2463.167194,-0.728110,97.169810,7.269233,2.707520,0.000097
7.361005,22.467978,47.125264,2459.288807,-0.768098,97.176838,7.296169,2.718158,-0.000497
7.358250,22.500732,47.073620,2455.403546,-0.805851,97.181818,7.323610,2.728845,-0.000734
7.355738,22.531859,47.021038,2451.509604,-0.842017,97.187937,7.355408,2.739239,-0.001582
7.350797,22.566144,46.965203,2447.607079,-0.876731,97.193948,7.387703,2.752311,-0.001041
7.347621,22.597615,46.906811,2443.693931,-0.912060,97.200178,7.423812,2.765980,-0.001165
7.343835,22.630982,46.846879,2439.768952,-0.944056,97.205191,7.462605,2.781323,-0.000140
7.341012,22.661917,46.785976,2435.832670,-0.976727,97.211705,7.503029,2.796879,0.001200
7.335762,22.694533,46.725570,2431.880885,-1.009128,97.217127,7.545649,2.813085,0.002198
7.331239,22.727960,46.660763,2427.911288,-1.039847,97.221929,7.589537,2.830145,0.003083
7.326329,22.760449,46.592652,2423.923137,-1.068507,97.228732,7.635694,2.845760,0.001025
7.322818,22.793437,46.523176,2419.915882,-1.094674,97.235493,7.684583,2.863769,0.001612
7.318761,22.825864,46.454408,2415.888322,-1.119963,97.242509,7.734476,2.882166,0.001763
7.315535,22.857713,46.382586,2411.838332,-1.144433,97.248635,7.785762,2.902183,0.000646
7.309939,22.888710,46.309315,2407.763574,-1.164922,97.254568,7.841979,2.921867,0.001572
7.305795,22.923113,46.235566,2403.663831,-1.184628,97.259337,7.897885,2.942586,0.002292
7.303324,22.955238,46.161227,2399.537905,-1.202620,97.264723,7.955537,2.963760,0.000811
7.298378,22.987386,46.084381,2395.384511,-1.218268,97.269592,8.013688,2.985875,0.000978
7.292528,23.021273,46.008742,2391.202776,-1.234323,97.274287,8.069891,3.007379,0.001079
7.286954,23.051661,45.931686,2386.991066,-1.245859,97.278872,8.129803,3.031552,0.000746
7.282936,23.084637,45.853681,2382.748494,-1.254239,97.285105,8.189299,3.053963,0.002214
7.279922,23.116536,45.774565,2378.474546,-1.261311,97.291685,8.250109,3.078202,0.002055
7.276446,23.149366,45.694365,2374.167291,-1.268754,97.296592,8.312268,3.101799,0.002013
7.274487,23.178724,45.613462,2369.826679,-1.273778,97.302096,8.375187,3.124800,0.002523
7.271422,23.210416,45.533144,2365.452193,-1.275793,97.309490,8.437077,3.148613,0.002572
7.267321,23.242103,45.453932,2361.042182,-1.276789,97.315939,8.500469,3.170811,0.000709
7.263159,23.273708,45.377638,2356.597733,-1.275682,97.321937,8.562778,3.195466,0.000803
7.259800,23.306689,45.299413,2352.118502,-1.272155,97.326104,8.625058,3.216980,-0.000196
7.255151,23.338773,45.222023,2347.604876,-1.265991,97.331975,8.686201,3.239819,-0.000547
7.251114,23.369814,45.142964,2343.052873,-1.259104,97.338014,8.746664,3.261040,-0.001814
7.248175,23.399500,45.065943,2338.467604,-1.248791,97.344399,8.806119,3.283278,-0.001694
7.241524,23.431379,44.990821,2333.843784,-1.236519,97.350041,8.864681,3.305458,-0.002008
7.237863,23.460235,44.917367,2329.182548,-1.221081,97.355562,8.922153,3.325215,-0.002035
7.233726,23.490966,44.842747,2324.485035,-1.204385,97.359618,8.980452,3.344941,-0.001162
7.227875,23.523331,44.769355,2319.752193,-1.185785,97.363588,9.036186,3.366335,-0.002150
7.223192,23.556402,44.697003,2314.984013,-1.164742,97.368407,9.090521,3.387775,-0.002623
7.218687,23.586398,44.628063,2310.180924,-1.143732,97.373457,9.142743,3.407780,-0.003601
7.214764,23.618946,44.559980,2305.344465,-1.118683,97.379418,9.192018,3.424290,-0.002613
7.209770,23.650123,44.494804,2300.475522,-1.093839,97.385464,9.238270,3.443196,-0.001498
7.205475,23.682998,44.429027,2295.572899,-1.065889,97.390610,9.283906,3.460428,0.000187
7.201908,23.712942,44.367386,2290.638805,-1.037976,97.396966,9.325404,3.476426,-0.000199
7.197968,23.743193,44.306455,2285.674790,-1.007594,97.403544,9.364471,3.491702,0.000491
7.194895,23.774702,44.246944,2280.682170,-0.976596,97.410535,9.402748,3.504481,0.000608
7.191137,23.806067,44.189068,2275.660792,-0.945257,97.414585,9.437853,3.515836,0.000146
7.188619,23.837281,44.135330,2270.613562,-0.912592,97.420842,9.468938,3.527638,0.000873
7.183814,23.866739,44.083087,2265.542057,-0.877869,97.424473,9.495078,3.539613,-0.000549
7.180236,23.895221,44.031247,2260.445622,-0.841744,97.431360,9.519466,3.547808,-0.000363
7.176503,23.923968,43.983320,2255.325718,-0.801887,97.434609,9.541365,3.555823,-0.002266
7.173275,23.953148,43.936861,2250.184887,-0.764350,97.439487,9.560338,3.562315,-0.001351
7.169487,23.981859,43.891729,2245.026448,-0.725734,97.444247,9.575313,3.567774,-0.000589
7.165531,24.012237,43.850856,2239.849054,-0.685240,97.447999,9.585626,3.571264,-0.001666
7.162550,24.042375,43.810664,2234.657628,-0.646045,97.450595,9.593734,3.574620,-0.000998
7.158001,24.073442,43.775070,2229.453876,-0.606157,97.457259,9.597925,3.576608,0.000068
7.154427,24.102830,43.740765,2224.240456,-0.566994,97.463397,9.599469,3.576861,0.001088
7.151805,24.131268,43.708539,2219.014428,-0.528019,97.468256,9.596429,3.576743,0.001550
7.146044,24.158383,43.680598,2213.781645,-0.487177,97.473739,9.591617,3.573970,0.001319
7.141365,24.187495,43.653659,2208.543915,-0.448896,97.478074,9.583445,3.570836,0.002727
7.136567,24.218569,43.628226,2203.302308,-0.412974,97.482679,9.572466,3.564134,0.002707
7.133647,24.247790,43.604724,2198.056840,-0.378407,97.487257,9.559078,3.559305,0.001871
7.131255,24.277107,43.582500,2192.811469,-0.342030,97.493917,9.540426,3.553704,0.001350
7.127255,24.307079,43.563891,2187.566653,-0.305948,97.498205,9.519534,3.545509,0.000827
7.123920,24.338315,43.547583,2182.327774,-0.271119,97.502964,9.496143,3.538908,-0.000174
7.119160,24.368532,43.533187,2177.093840,-0.236490,97.506837,9.468142,3.529417,-0.000829
7.115649,24.396246,43.521083,2171.864918,-0.204718,97.512085,9.438471,3.518986,-0.000118
7.111554,24.425558,43.512269,2166.644411,-0.174577,97.518604,9.407373,3.507725,-0.000403
7.107792,24.455279,43.502051,2161.435008,-0.143239,97.524933,9.374856,3.494813,-0.000208
7.105116,24.485435,43.493944,2156.240817,-0.116916,97.530616,9.338756,3.482937,0.000172
7.101820,24.514394,43.489652,2151.058590,-0.090720,97.535932,9.303656,3.469592,-0.000399
7.095957,24.542478,43.483754,2145.889937,-0.067244,97.540984,9.263213,3.453563,-0.000497
7.091669,24.572015,43.481301,2140.737436,-0.043321,97.546600,9.222303,3.438489,0.000757
7.090025,24.602378,43.479599,2135.602229,-0.021503,97.551830,9.181141,3.424307,-0.000210
7.085442,24.629921,43.477764,2130.485863,-0.000818,97.556203,9.138864,3.407311,0.001146
7.083045,24.657807,43.478587,2125.389683,0.015374,97.562054,9.095224,3.393711,-0.000300
7.079868,24.685903,43.480504,2120.314426,0.029871,97.567866,9.049799,3.374495,0.000598
7.074474,24.714529,43.481055,2115.257877,0.044997,97.573823,9.004585,3.357509,-0.000553
7.070957,24.743071,43.484878,2110.227826,0.055230,97.579152,8.958694,3.340263,-0.000422
7.065930,24.773438,43.488983,2105.219959,0.065945,97.585444,8.910828,3.322590,0.000708
7.061688,24.801953,43.491875,2100.236365,0.074422,97.588946,8.862335,3.304381,-0.001353
7.059825,24.829555,43.496432,2095.278934,0.081515,97.593875,8.815910,3.286051,-0.001858
7.054376,24.858248,43.502862,2090.344536,0.088818,97.599769,8.768322,3.267889,-0.001332
7.051112,24.885974,43.508378,2085.435707,0.089401,97.605876,8.720675,3.251191,-0.001191
7.047682,24.912578,43.511317,2080.553423,0.087759,97.609498,8.675978,3.232588,-0.003117
7.042965,24.939882,43.515477,2075.698105,0.085507,97.616076,8.629406,3.216026,-0.001888
7.039909,24.965402,43.520479,2070.869882,0.080485,97.621141,8.584058,3.198562,-0.001637
7.034877,24.994508,43.524911,2066.065647,0.073437,97.626297,8.539604,3.182094,-0.000305
7.031267,25.022923,43.528623,2061.289572,0.065475,97.629615,8.493238,3.166452,-0.000126
7.027166,25.051208,43.532054,2056.540127,0.053509,97.634175,8.450893,3.148158,0.000650
7.023409,25.077045,43.533858,2051.816861,0.040539,97.640488,8.409670,3.131458,0.001663
7.018052,25.105671,43.535725,2047.119394,0.026376,97.645558,8.370129,3.116860,0.001538
7.014832,25.134195,43.534260,2042.448353,0.009656,97.650867,8.329881,3.102723,-0.000089
7.011691,25.162853,43.534013,2037.803064,-0.009723,97.654392,8.291370,3.087209,0.000058
7.009320,25.188460,43.531859,2033.183686,-0.029318,97.659573,8.255176,3.073955,-0.001841
7.004794,25.214057,43.530310,2028.591426,-0.050068,97.663931,8.219896,3.059997,-0.000822
7.000056,25.239763,43.527017,2024.023907,-0.074397,97.670466,8.184882,3.048509,-0.001441
6.995222,25.266808,43.523704,2019.479932,-0.098402,97.675088,8.152648,3.035699,-0.000705
6.992805,25.294346,43.518103,2014.958435,-0.126124,97.679223,8.123829,3.025359,-0.001064
6.990479,25.322370,43.511763,2010.456790,-0.154775,97.683635,8.097096,3.016621,-0.001471
6.986806,25.350768,43.503879,2005.980937,-0.183960,97.687975,8.071914,3.007025,-0.000930
6.983342,25.377141,43.493735,2001.525927,-0.214673,97.691459,8.047211,2.997651,-0.000201
6.978450,25.403875,43.481921,1997.092044,-0.246677,97.696426,8.026017,2.989813,0.000266
6.975017,25.430767,43.468807,1992.679801,-0.281508,97.702505,8.005893,2.983790,0.000780
6.973207,25.455138,43.452714,1988.284623,-0.316643,97.709654,7.987311,2.977234,0.000354
6.970811,25.481992,43.435396,1983.909326,-0.354130,97.715267,7.971128,2.969821,-0.001729
6.967207,25.509659,43.417801,1979.549856,-0.388386,97.719468,7.958061,2.962802,0.000084
6.963520,25.536011,43.397384,1975.208336,-0.422468,97.724305,7.947571,2.957541,-0.000618
6.961621,25.562165,43.373748,1970.881629,-0.458482,97.729177,7.936445,2.954022,-0.001206
6.957295,25.588654,43.349715,1966.570477,-0.494892,97.735728,7.928907,2.952070,-0.000139
6.952254,25.614927,43.323666,1962.270423,-0.532305,97.740157,7.923903,2.950580,0.000358
6.947813,25.641060,43.294095,1957.982959,-0.572134,97.745175,7.921842,2.949619,0.000546
6.945016,25.669584,43.264864,1953.705940,-0.610510,97.750364,7.921004,2.948717,-0.000224
6.944217,25.694537,43.232881,1949.439977,-0.649583,97.753394,7.922732,2.947228,-0.001348
6.940195,25.721111,43.199503,1945.180720,-0.690114,97.757308,7.925243,2.949875,-0.002736
6.937448,25.746197,43.163549,1940.927661,-0.729138,97.761482,7.931697,2.950888,-0.001876
6.933518,25.772231,43.125487,1936.683313,-0.767762,97.766430,7.938828,2.954388,-0.001758
6.927693,25.799231,43.084328,1932.443711,-0.807912,97.770017,7.949997,2.958863,0.000100
6.924882,25.824842,43.043722,1928.208540,-0.847325,97.775057,7.961591,2.961918,-0.000941
6.921381,25.850631,43.000200,1923.978188,-0.885223,97.778628,7.974323,2.968455,-0.000712
6.917189,25.876664,42.955308,1919.746450,-0.922291,97.785268,7.989431,2.973109,-0.001725
6.913272,25.901734,42.910151,1915.514207,-0.960440,97.789048,8.006589,2.981047,-0.000833
6.911009,25.928062,42.859279,1911.282191,-1.000366,97.794110,8.026849,2.989193,0.001982
6.907939,25.954669,42.808208,1907.047267,-1.036449,97.800580,8.047319,2.999910,0.002359
6.902772,25.979896,42.756855,1902.808033,-1.071256,97.804775,8.073247,3.010171,0.000898
6.899201,26.006527,42.701396,1898.565023,-1.105383,97.808048,8.099513,3.018024,0.000818
6.895591,26.032054,42.644131,1894.316973,-1.137923,97.810743,8.128117,3.027515,0.000346
6.891987,26.055943,42.587970,1890.060385,-1.171014,97.816852,8.156370,3.035777,0.000252
6.887803,26.081324,42.529903,1885.794451,-1.202638,97.820063,8.187253,3.046271,-0.000465
6.884884,26.106661,42.470139,1881.519731,-1.233764,97.825636,8.220577,3.058277,0.001860
6.881713,26.131837,42.408761,1877.235714,-1.264529,97.829202,8.252726,3.070474,0.002037
6.879682,26.158484,42.344266,1872.937821,-1.290319,97.832110,8.286070,3.082636,0.001522
6.873750,26.183235,42.281253,1868.627009,-1.315748,97.836275,8.323052,3.096876,0.000895
6.871502,26.207445,42.214778,1864.300846,-1.339506,97.841291,8.361148,3.111609,0.001617
6.867870,26.231971,42.147457,1859.962958,-1.362667,97.844840,8.399758,3.124028,0.000183
6.864976,26.256076,42.080887,1855.607649,-1.384167,97.849916,8.438127,3.137164,0.001385
6.862706,26.278990,42.014616,1851.234789,-1.403267,97.854006,8.478882,3.151835,0.001991
6.860230,26.303918,41.946566,1846.846390,-1.421436,97.859663,8.520519,3.167669,0.001622
6.857589,26.327569,41.876932,1842.437696,-1.439324,97.863138,8.562674,3.183009,0.001518
6.853721,26.350850,41.807089,1838.009555,-1.454396,97.866473,8.606074,3.199696,0.002759
6.851692,26.374718,41.736782,1833.558513,-1.465903,97.871129,8.648602,3.215214,0.002355
6.849711,26.399844,41.667896,1829.087104,-1.477017,97.874194,8.691974,3.233079,0.002461
6.847082,26.424770,41.597127,1824.593921,-1.486132,97.878104,8.735934,3.248988,0.002990
6.843533,26.448313,41.527243,1820.077621,-1.493176,97.883292,8.779584,3.264933,0.003811
6.839203,26.473511,41.454432,1815.540180,-1.498707,97.888065,8.823601,3.281867,0.003877
6.835365,26.498097,41.383310,1810.978119,-1.500691,97.891377,8.868783,3.301941,0.004470
6.832526,26.522474,41.312183,1806.392705,-1.501147,97.895826,8.914167,3.317239,0.004451
6.830011,26.548836,41.243300,1801.782891,-1.499921,97.901633,8.958206,3.332276,0.005025
6.825883,26.573284,41.172305,1797.145398,-1.499554,97.905919,9.001811,3.349890,0.005464
6.821657,26.596431,41.100850,1792.485480,-1.496387,97.910909,9.045252,3.365712,0.002768
6.815863,26.619531,41.031169,1787.799926,-1.489800,97.916385,9.085070,3.380287,0.003524
6.812568,26.643594,40.962004,1783.089574,-1.482023,97.921776,9.127398,3.395215,0.003349
6.809626,26.666951,40.893968,1778.355963,-1.472154,97.925203,9.167515,3.411773,0.002508
6.807630,26.692187,40.825672,1773.595803,-1.460396,97.928578,9.205313,3.426633,0.002052
6.804761,26.716226,40.760698,1768.811514,-1.446310,97.930677,9.241791,3.440748,0.003824
6.802949,26.739785,40.691603,1764.003076,-1.430756,97.935883,9.278579,3.453979,0.002489
6.800511,26.764236,40.627055,1759.171909,-1.413802,97.938912,9.312916,3.468478,0.003434
6.795589,26.786423,40.560888,1754.316148,-1.396349,97.943794,9.346023,3.480870,0.003064
6.793458,26.811551,40.498006,1749.436492,-1.377166,97.947753,9.379522,3.491975,0.003391
6.790458,26.834766,40.435452,1744.534952,-1.356477,97.952439,9.406870,3.504171,0.004860
6.789779,26.857042,40.372841,1739.612380,-1.334269,97.956388,9.434131,3.517047,0.004847
6.784262,26.878616,40.311604,1734.667115,-1.313126,97.961474,9.458854,3.526037,0.005101
6.780149,26.901472,40.251027,1729.703974,-1.288530,97.965427,9.481604,3.534392,0.005884
6.775748,26.924337,40.193841,1724.720605,-1.262906,97.969189,9.503921,3.541878,0.004248
6.772574,26.947184,40.138578,1719.719629,-1.235815,97.974011,9.525088,3.549680,0.003425
6.768733,26.969061,40.083112,1714.700459,-1.206472,97.977518,9.542465,3.557708,0.002181
6.765964,26.993376,40.029350,1709.664760,-1.177941,97.980680,9.558004,3.563214,0.004033
6.762806,27.015079,39.979142,1704.613724,-1.150364,97.983467,9.572322,3.568395,0.004686
6.759196,27.040449,39.928580,1699.548636,-1.120984,97.987745,9.583686,3.571746,0.004818
6.755712,27.063355,39.878413,1694.470489,-1.091928,97.990290,9.592506,3.577736,0.006278
6.753205,27.084623,39.830608,1689.380470,-1.061000,97.994889,9.601235,3.581200,0.004532
6.750802,27.106071,39.782948,1684.278832,-1.033005,98.000022,9.605005,3.584153,0.004831
6.748293,27.129496,39.737557,1679.170262,-1.001710,98.004845,9.606894,3.584207,0.004867
6.745198,27.149641,39.694881,1674.048221,-0.972126,98.007157,9.606875,3.585119,0.004699
6.742814,27.172000,39.654115,1668.922081,-0.941035,98.010863,9.605135,3.584614,0.004869
6.740070,27.195567,39.611799,1663.790396,-0.911926,98.014865,9.599643,3.582313,0.003858
6.738161,27.218040,39.573218,1658.653671,-0.882439,98.021422,9.593110,3.579374,0.003677
6.735535,27.239860,39.537653,1653.513925,-0.854103,98.023625,9.583985,3.574898,0.005232
6.733410,27.262810,39.500432,1648.372741,-0.825248,98.028136,9.573885,3.570003,0.003438
6.730648,27.285239,39.466161,1643.230607,-0.798147,98.033568,9.561897,3.565851,0.002942
6.726260,27.307825,39.431592,1638.091262,-0.772671,98.038046,9.547344,3.560672,0.002888
6.724549,27.329133,39.398724,1632.950141,-0.747072,98.041164,9.530316,3.554291,0.002550
6.720678,27.351448,39.366613,1627.815467,-0.720956,98.046021,9.512423,3.546402,0.002708
6.716214,27.372646,39.336467,1622.684210,-0.696386,98.049190,9.493907,3.538048,0.003424
6.712655,27.395090,39.307593,1617.559984,-0.673013,98.055016,9.471742,3.529126,0.003339
6.708083,27.417085,39.279900,1612.441907,-0.650311,98.058084,9.449004,3.520476,0.002571
6.704921,27.438797,39.253462,1607.330780,-0.631011,98.059765,9.425451,3.510827,0.000897
6.702816,27.458745,39.227113,1602.227844,-0.613324,98.063997,9.398936,3.500504,0.000586
6.698892,27.480399,39.201207,1597.134848,-0.595433,98.066487,9.373122,3.489834,0.001434
6.695370,27.502785,39.175936,1592.053905,-0.579816,98.071054,9.347829,3.480983,0.001742
6.692144,27.523419,39.153039,1586.984197,-0.564737,98.076128,9.319952,3.469518,0.002926
6.687798,27.544139,39.127911,1581.927324,-0.553559,98.080914,9.291199,3.457997,0.002631
6.684914,27.566943,39.106649,1576.883609,-0.544331,98.085552,9.260704,3.447858,0.003342
6.681347,27.588273,39.084479,1571.854090,-0.534845,98.089502,9.228463,3.437175,0.002789
6.679097,27.606757,39.063876,1566.838796,-0.528487,98.092264,9.198714,3.425166,0.002462
6.674428,27.627658,39.041970,1561.840265,-0.524274,98.096721,9.168532,3.414510,0.003174
6.672318,27.649604,39.022131,1556.859758,-0.521345,98.100747,9.138887,3.402546,0.000532
6.669391,27.669178,39.001541,1551.894952,-0.520676,98.103854,9.107836,3.388774,0.000489
6.666684,27.688977,38.979334,1546.948371,-0.519336,98.107979,9.077063,3.378938,-0.000121
6.663679,27.708579,38.957783,1542.016533,-0.521596,98.112853,9.046055,3.368515,-0.000382
6.661635,27.727952,38.936332,1537.104685,-0.527215,98.117817,9.016019,3.357249,-0.000348
6.659995,27.746773,38.916575,1532.211293,-0.534512,98.121652,8.984327,3.347062,0.001183
6.658018,27.768254,38.892448,1527.335346,-0.543203,98.125959,8.954367,3.335171,0.002027
6.653362,27.789770,38.871515,1522.479834,-0.555162,98.131834,8.925029,3.323670,0.000123
6.651704,27.809151,38.849437,1517.644179,-0.566733,98.136950,8.895614,3.312427,0.000679
6.648933,27.829923,38.827150,1512.828241,-0.577910,98.140941,8.867551,3.300906,0.002365
6.646738,27.850572,38.803776,1508.030458,-0.594918,98.145404,8.839677,3.290538,0.002577
6.642178,27.870138,38.780993,1503.251086,-0.613273,98.146715,8.813192,3.281546,0.004758
6.639425,27.889731,38.755947,1498.490449,-0.632434,98.150451,8.788116,3.271314,0.005011
6.638214,27.909618,38.732030,1493.748415,-0.652487,98.155249,8.763071,3.261433,0.004266
6.635165,27.929870,38.705438,1489.025472,-0.676119,98.159421,8.740346,3.253144,0.004608
6.634222,27.949186,38.679740,1484.321915,-0.699676,98.160920,8.718819,3.245039,0.003285
6.632066,27.969245,38.651289,1479.637661,-0.723891,98.163669,8.698296,3.237085,0.002834
6.629542,27.988715,38.624554,1474.970598,-0.750292,98.167009,8.678282,3.230431,0.003915
6.625927,28.007935,38.596784,1470.322407,-0.779115,98.170095,8.658599,3.223777,0.002406
6.622877,28.026468,38.564212,1465.690463,-0.809395,98.173762,8.642899,3.216920,0.003168
6.618559,28.046786,38.532689,1461.077475,-0.838695,98.177151,8.626584,3.212387,0.002131
6.616384,28.065993,38.498994,1456.480592,-0.870545,98.180501,8.612975,3.206090,0.000420
6.611180,28.086500,38.465167,1451.898304,-0.904080,98.185262,8.599245,3.203017,-0.001272
6.610184,28.106287,38.429235,1447.336278,-0.938400,98.187299,8.586456,3.199796,-0.001460
6.606421,28.123339,38.392667,1442.787155,-0.973802,98.192183,8.576547,3.197826,-0.001537
6.604670,28.144296,38.353522,1438.251511,-1.008711,98.197318,8.566398,3.193542,-0.002219
6.601554,28.165077,38.316587,1433.730656,-1.045796,98.201615,8.558502,3.189549,-0.000724
6.598855,28.184992,38.276230,1429.221956,-1.083973,98.206710,8.552345,3.185731,-0.000299
6.595392,28.203459,38.237197,1424.725819,-1.121549,98.209885,8.546272,3.184016,0.000444
6.593098,28.221964,38.193764,1420.242172,-1.161184,98.213287,8.544709,3.183233,-0.000630
6.589771,28.240991,38.150186,1415.767353,-1.199445,98.215139,8.543899,3.181389,-0.001513
6.586446,28.259141,38.104645,1411.303481,-1.241039,98.218087,8.545577,3.181591,-0.001436
6.581086,28.279375,38.057166,1406.849871,-1.280913,98.220952,8.547203,3.183040,-0.001210
6.579132,28.297793,38.011306,1402.403357,-1.322712,98.225694,8.549095,3.182559,-0.001062
6.577000,28.317228,37.960501,1397.964870,-1.361678,98.230082,8.554353,3.185136,-0.001747
6.574704,28.335507,37.909886,1393.533212,-1.401035,98.234643,8.560095,3.187599,-0.001036
6.572252,28.353899,37.857410,1389.108711,-1.439400,98.239222,8.569679,3.189843,-0.002028
6.570226,28.372756,37.804955,1384.691117,-1.476738,98.240987,8.578106,3.193543,-0.001093
6.567308,28.392014,37.750213,1380.276265,-1.516303,98.243547,8.588892,3.198099,0.000003
6.565081,28.410044,37.695827,1375.865302,-1.555366,98.246237,8.601450,3.202286,-0.001030
6.564067,28.431518,37.639237,1371.454326,-1.590999,98.249744,8.613154,3.208281,-0.000146
6.560109,28.449231,37.581159,1367.047551,-1.628281,98.251603,8.626990,3.215324,-0.000205
6.559370,28.467860,37.523252,1362.642879,-1.666609,98.254650,8.643069,3.222252,-0.000406
6.556714,28.485871,37.463175,1358.235979,-1.703510,98.258085,8.659978,3.228633,-0.000119
6.553783,28.501132,37.402545,1353.828832,-1.739232,98.262541,8.677646,3.236544,-0.000942
6.550434,28.520655,37.342116,1349.420860,-1.773838,98.265708,8.697056,3.240750,-0.000598
6.547419,28.539101,37.279394,1345.009947,-1.805660,98.267910,8.717804,3.247512,-0.000887
6.545352,28.555949,37.215135,1340.594574,-1.836859,98.271349,8.740124,3.256655,-0.001642
6.543890,28.573270,37.151919,1336.177761,-1.867249,98.273879,8.760875,3.263875,-0.001213
6.539675,28.590887,37.085248,1331.755434,-1.898067,98.279293,8.782308,3.271545,-0.001328
6.535636,28.607466,37.018087,1327.326803,-1.927528,98.284089,8.805812,3.280486,-0.000703
6.533508,28.625327,36.950040,1322.893114,-1.954667,98.287927,8.829144,3.289922,0.000283
6.530506,28.642746,36.881999,1318.452508,-1.979654,98.292211,8.854355,3.298533,-0.001705
6.527853,28.660549,36.814879,1314.004724,-2.004994,98.295895,8.879888,3.309970,-0.000811
6.525371,28.678444,36.746088,1309.547664,-2.027214,98.298305,8.903606,3.320637,-0.001881
6.520076,28.693639,36.676148,1305.080757,-2.048891,98.302356,8.929663,3.330899,-0.001397
6.518504,28.712084,36.604880,1300.603751,-2.068256,98.306306,8.957774,3.340761,-0.002342
6.515382,28.728486,36.533900,1296.119480,-2.087628,98.308642,8.984425,3.349207,-0.000868
6.511657,28.747825,36.463008,1291.622336,-2.103344,98.310785,9.011941,3.358238,-0.002618
6.510476,28.764044,36.391558,1287.114179,-2.118608,98.314231,9.039123,3.369174,-0.002110
6.509988,28.779812,36.320898,1282.596912,-2.130753,98.316838,9.066616,3.377187,-0.002137
6.509121,28.797989,36.248200,1278.065335,-2.143919,98.320709,9.093708,3.386588,-0.002839
6.507095,28.815372,36.177273,1273.522294,-2.155078,98.324944,9.122325,3.396388,-0.002970
6.502831,28.831612,36.105353,1268.965857,-2.161866,98.326355,9.147117,3.408238,-0.001560
6.500865,28.848207,36.034249,1264.396336,-2.170412,98.329623,9.173934,3.418442,-0.001437
6.498453,28.866117,35.963220,1259.813123,-2.178306,98.333574,9.200402,3.428578,-0.001497
6.496247,28.882737,35.892135,1255.216620,-2.182870,98.335992,9.225574,3.439584,-0.002670
6.494419,28.899575,35.820318,1250.607446,-2.187659,98.339360,9.250365,3.446634,-0.001873
6.490474,28.916521,35.747840,1245.985104,-2.189665,98.341252,9.275369,3.456565,-0.001877
6.486645,28.932400,35.676884,1241.348839,-2.188502,98.344865,9.300023,3.466041,-0.002043
6.484973,28.949411,35.603973,1236.701156,-2.186148,98.348540,9.323357,3.473556,-0.002442
6.481570,28.966707,35.532770,1232.041575,-2.183667,98.351225,9.344225,3.482803,-0.002960
6.479221,28.982116,35.464370,1227.368422,-2.178340,98.354882,9.366449,3.489502,-0.002383
6.476561,28.997236,35.394606,1222.680549,-2.172706,98.357696,9.387787,3.497565,-0.001769
6.475431,29.013801,35.324461,1217.981567,-2.164619,98.359939,9.407565,3.503795,-0.001127
6.473157,29.029939,35.254509,1213.269358,-2.157385,98.364184,9.427344,3.510057,-0.000987
6.469633,29.046494,35.188454,1208.545943,-2.150612,98.366199,9.444081,3.515718,-0.001402
6.467810,29.062885,35.119814,1203.809445,-2.141277,98.370689,9.456912,3.520135,-0.001696
6.463858,29.078908,35.052182,1199.063931,-2.130093,98.373732,9.470387,3.525229,-0.001455
6.462475,29.096013,34.987412,1194.305990,-2.117943,98.377493,9.483994,3.530730,-0.001497
6.459425,29.111735,34.922678,1189.537385,-2.106596,98.381236,9.495890,3.532894,-0.000993
6.457053,29.128878,34.857707,1184.758077,-2.092412,98.384565,9.505903,3.537198,-0.001055
6.454304,29.145522,34.794632,1179.973693,-2.078898,98.388337,9.514142,3.541539,-0.000739
6.453128,29.161568,34.729965,1175.179342,-2.062846,98.392256,9.523135,3.545611,-0.001106
6.451067,29.177243,34.667371,1170.377883,-2.047146,98.394881,9.528282,3.547896,-0.000239
6.450329,29.192549,34.605257,1165.569530,-2.032802,98.398834,9.532487,3.551094,0.001158
6.449632,29.206976,34.542329,1160.755288,-2.016960,98.403173,9.537170,3.553434,-0.000178
6.445908,29.222644,34.482219,1155.935139,-1.999313,98.405982,9.539990,3.555199,0.000466
6.443549,29.238843,34.421682,1151.110903,-1.984371,98.411340,9.540548,3.553789,0.000573
6.441377,29.254191,34.363371,1146.282037,-1.970937,98.414475,9.538625,3.553353,0.000502
6.439041,29.268931,34.302643,1141.449505,-1.957401,98.417010,9.536828,3.553159,-0.000306
6.435613,29.285204,34.244850,1136.616398,-1.940855,98.417886,9.535143,3.551335,0.000336
6.435341,29.300394,34.186278,1131.781226,-1.926660,98.418895,9.530773,3.549673,-0.000541
6.433089,29.315068,34.130087,1126.945298,-1.912649,98.422313,9.523267,3.547498,-0.001330
6.431199,29.328762,34.074174,1122.109280,-1.899545,98.424435,9.516958,3.543365,0.000391
6.428059,29.343963,34.019927,1117.274653,-1.887144,98.425881,9.508078,3.540778,-0.001840
6.425216,29.359889,33.964554,1112.440712,-1.875684,98.429496,9.498800,3.536959,-0.001057
6.423061,29.373845,33.909413,1107.608694,-1.865313,98.433047,9.487916,3.533744,0.000226
6.419948,29.389064,33.856193,1102.781020,-1.856259,98.436216,9.479056,3.529375,-0.001514
6.417161,29.402002,33.802897,1097.956515,-1.848963,98.438418,9.467342,3.525424,-0.000307
6.413828,29.416743,33.751315,1093.137848,-1.842264,98.441882,9.453488,3.521181,-0.000552
6.410362,29.431204,33.698316,1088.325446,-1.836081,98.447126,9.441449,3.517683,-0.000404
6.407828,29.447614,33.646917,1083.518213,-1.832375,98.448737,9.424768,3.511286,-0.001953
6.406157,29.462541,33.595277,1078.717905,-1.828278,98.451921,9.409773,3.508289,-0.000258
6.403923,29.476885,33.543450,1073.927608,-1.825862,98.453278,9.394771,3.502187,0.000350
6.403411,29.490817,33.490479,1069.146081,-1.827295,98.457532,9.377808,3.496122,-0.000099
6.401539,29.504000,33.440195,1064.371555,-1.824582,98.460773,9.361140,3.489639,0.000169
6.400239,29.518289,33.388283,1059.608024,-1.827097,98.463957,9.343966,3.483737,0.001635
6.398214,29.531770,33.338411,1054.855656,-1.831692,98.467196,9.325605,3.477788,0.002341
6.396017,29.546165,33.289203,1050.115236,-1.837790,98.469246,9.309026,3.470598,0.002784
6.394727,29.559993,33.238244,1045.386025,-1.846285,98.471607,9.289176,3.462812,0.001581
6.393959,29.574028,33.186954,1040.669053,-1.856535,98.474791,9.271623,3.455708,0.002632
6.391775,29.587349,33.136426,1035.964239,-1.866983,98.477190,9.253588,3.449135,0.002401
6.390699,29.600762,33.087387,1031.273581,-1.880232,98.482313,9.234622,3.442832,0.002620
6.388312,29.614987,33.035764,1026.596227,-1.895022,98.484350,9.215481,3.436200,0.002119
6.386206,29.630370,32.983707,1021.932264,-1.911804,98.485884,9.198382,3.429055,0.002742
6.384246,29.642824,32.934067,1017.283433,-1.930123,98.489480,9.179625,3.422728,0.002530
6.380887,29.656024,32.882954,1012.649792,-1.949239,98.490683,9.162156,3.415814,0.002414
6.378500,29.667069,32.831053,1008.027753,-1.970518,98.492043,9.145310,3.410316,0.001262
6.374877,29.680913,32.779102,1003.423435,-1.993566,98.495671,9.129630,3.403771,0.001965
6.373683,29.691593,32.727756,998.834603,-2.017611,98.498894,9.113239,3.397003,0.003369
0.044021,0.039691,58.926711,4804.178551,-0.508221,44.999603,5.291301,1.972695,0.002783
0.090337,0.084972,58.862317,4801.336967,-0.512937,45.000488,5.332844,1.988618,0.003420
0.135005,0.130365,58.798021,4798.472379,-0.518712,45.000082,5.375513,2.005451,0.004203
0.182042,0.175943,58.736383,4795.587821,-0.520809,45.001026,5.419482,2.020290,0.001563
0.227854,0.222332,58.670084,4792.680556,-0.523899,45.002585,5.463374,2.038029,0.004105
0.272798,0.268315,58.604914,4789.748513,-0.522844,45.003663,5.505617,2.053787,0.003216
0.317249,0.314087,58.540816,4786.791085,-0.523021,45.002455,5.549750,2.070127,0.002211
0.363332,0.359371,58.475496,4783.811450,-0.520734,45.002566,5.593590,2.085064,0.002461
0.408852,0.405361,58.408660,4780.804092,-0.523125,45.003708,5.637466,2.100801,0.001913
0.454809,0.451297,58.342562,4777.772538,-0.521692,45.004435,5.681680,2.117509,0.001035
0.500543,0.495843,58.278872,4774.716176,-0.519743,45.006244,5.726289,2.133706,-0.001011
0.546387,0.542910,58.215091,4771.633641,-0.518454,45.006715,5.771090,2.150708,-0.000250
0.589603,0.587003,58.149648,4768.523582,-0.514505,45.006859,5.816322,2.166099,-0.000227
0.634878,0.633126,58.085615,4765.390303,-0.515832,44.974201,5.861379,2.184281,-17.999645
0.679559,0.678808,58.022129,4762.230798,-0.518447,44.941892,5.907961,2.200716,-17.997797
0.723016,0.723035,57.956690,4759.046446,-0.518463,44.910683,5.952820,2.216641,-17.999917
0.768084,0.767270,57.892457,4755.836136,-0.518111,44.877110,5.997427,2.234902,-17.999513
0.815471,0.813014,57.826676,4752.600621,-0.515264,44.845360,6.043854,2.252331,-17.999625
0.860145,0.858724,57.762773,4749.337077,-0.513296,44.811717,6.088490,2.268660,-18.000775
0.904592,0.904116,57.699930,4746.051208,-0.509899,44.778394,6.132996,2.285885,-18.000939
0.947225,0.951413,57.638693,4742.736162,-0.505497,44.744265,6.178352,2.302370,-18.001381
0.992891,0.996041,57.577246,4739.394721,-0.500090,44.711312,6.222763,2.319932,-18.000081
1.038394,1.040395,57.515260,4736.027384,-0.495600,44.676628,6.268158,2.335631,-17.998536
1.084680,1.083948,57.455234,4732.632884,-0.488713,44.641710,6.313841,2.353037,-17.997552
1.129204,1.129683,57.395798,4729.215194,-0.481452,44.606895,6.358120,2.368044,-17.998550
1.173899,1.173056,57.335687,4725.768256,-0.473810,44.572065,6.402630,2.385639,-17.997839
1.219521,1.216200,57.277111,4722.297939,-0.465120,44.537566,6.444886,2.402555,-17.997379
1.262774,1.260077,57.219860,4718.797670,-0.456698,44.503647,6.485169,2.418938,-17.997333
1.308481,1.304510,57.163072,4715.274073,-0.446975,44.467983,6.526246,2.435490,-17.997129
1.353841,1.348731,57.108414,4711.724220,-0.436790,44.431729,6.567960,2.451188,-17.996462
1.396480,1.392770,57.054607,4708.152384,-0.426414,44.396687,6.609170,2.465225,-17.996320
1.440176,1.435718,57.002575,4704.554615,-0.415420,44.360891,6.647915,2.479783,-17.997420
1.485479,1.479317,56.954112,4700.930479,-0.405110,44.326542,6.686423,2.494884,-17.997081
1.531015,1.524320,56.903510,4697.282961,-0.393564,44.289192,6.723363,2.507569,-17.997779
1.577493,1.567195,56.856082,4693.612638,-0.381244,44.252148,6.760094,2.519944,-17.998325
1.621275,1.609749,56.807939,4689.922521,-0.368875,44.215292,6.792378,2.534335,-17.997618
1.665954,1.653452,56.765121,4686.209625,-0.356836,44.178187,6.826531,2.545167,-17.997900
1.711582,1.697178,56.722813,4682.477239,-0.343169,44.140606,6.856973,2.554348,-17.999385
1.757559,1.740927,56.682370,4678.724317,-0.330586,44.103871,6.885817,2.564694,-17.998305
1.803618,1.785923,56.642385,4674.953718,-0.317190,44.067594,6.913555,2.575817,-17.999307
1.848365,1.831112,56.604129,4671.163114,-0.304085,44.029200,6.938166,2.585844,-18.001795
1.893430,1.873215,56.569186,4667.353124,-0.288422,43.992708,6.962365,2.593964,-18.002885
1.936048,1.916536,56.535676,4663.528389,-0.272409,43.955473,6.983891,2.601045,-18.002177
1.982067,1.961267,56.503603,4659.688036,-0.255939,43.916267,7.003050,2.607369,-18.003373
2.026459,2.004925,56.471811,4655.833404,-0.239823,43.876553,7.022070,2.614619,-18.004508
2.071113,2.048179,56.443816,4651.963996,-0.223609,43.837477,7.038134,2.620762,-18.005468
2.116306,2.092198,56.417828,4648.084109,-0.206749,43.800597,7.051937,2.626937,-18.003258
2.158379,2.133416,56.393876,4644.190450,-0.189725,43.763812,7.062583,2.631628,-18.003232
2.202095,2.175771,56.371613,4640.287507,-0.172990,43.723538,7.072364,2.635156,-18.003312
2.247501,2.218511,56.348996,4636.375979,-0.157249,43.684564,7.079045,2.638326,-18.003038
2.292468,2.261253,56.331802,4632.455110,-0.141001,43.644513,7.084100,2.640657,-18.002529
2.337318,2.302490,56.314512,4628.528061,-0.124230,43.606408,7.088690,2.640523,-18.003996
2.382894,2.345045,56.302636,4624.593185,-0.108460,43.570966,7.089839,2.642423,-18.003436
2.428276,2.388025,56.289768,4620.654776,-0.090591,43.533023,7.088273,2.641778,-18.003253
2.471466,2.431574,56.278943,4616.714663,-0.073599,43.494770,7.087006,2.640401,-18.001482
2.516264,2.473686,56.272380,4612.772461,-0.057199,43.456710,7.083014,2.637854,-18.004052
2.559716,2.513831,56.267797,4608.827578,-0.040267,43.417486,7.075154,2.635712,-18.005350
2.606113,2.556022,56.263023,4604.882103,-0.024239,43.378151,7.066516,2.633312,-18.005423
2.653108,2.598348,56.261018,4600.939958,-0.008483,43.338893,7.057543,2.629619,-18.006220
2.696159,2.640847,56.262196,4596.998655,0.004944,43.299283,7.045991,2.624561,-18.005691
2.740598,2.683024,56.264186,4593.061316,0.020462,43.262725,7.032972,2.620126,-18.004247
2.786500,2.725407,56.269600,4589.129177,0.034323,43.224416,7.017215,2.614998,-18.003208
2.832552,2.767224,56.274206,4585.201738,0.049403,43.187677,6.999920,2.609056,-18.001416
2.876688,2.811024,56.280403,4581.281191,0.064241,43.148150,6.981822,2.601362,-17.999987
2.922766,2.852100,56.288534,4577.366103,0.078307,43.111545,6.963302,2.596213,-18.000199
2.968726,2.892118,56.298381,4573.460146,0.089829,43.075708,6.942882,2.587906,-17.998730
3.012206,2.935763,56.308437,4569.561596,0.103101,43.037039,6.920088,2.577461,-17.997406
3.058000,2.978766,56.321466,4565.676144,0.114844,43.000469,6.897420,2.569477,-17.996652
3.102058,3.021536,56.334541,4561.799759,0.127868,42.964253,6.873601,2.560959,-17.996459
3.146757,3.062026,56.351304,4557.935915,0.136772,42.926588,6.846750,2.551157,-17.997959
3.189991,3.104626,56.367586,4554.085911,0.144225,42.890343,6.818987,2.540879,-17.996950
3.234771,3.145901,56.385840,4550.248183,0.153364,42.854018,6.789735,2.528232,-17.997987
3.278678,3.186196,56.403590,4546.424978,0.161782,42.817276,6.760739,2.517128,-17.997627
3.322797,3.227210,56.423902,4542.615731,0.169965,42.780352,6.729710,2.506082,-17.998159
3.366907,3.268021,56.445767,4538.819366,0.177212,42.744585,6.696771,2.492681,-17.995389
3.412443,3.309631,56.466180,4535.039627,0.185618,42.708357,6.664602,2.482155,-17.996488
3.456525,3.351334,56.486914,4531.277391,0.191666,42.673799,6.632451,2.470313,-17.996765
3.503235,3.390449,56.508984,4527.529002,0.197266,42.638315,6.601054,2.458793,-17.995715
3.548923,3.430867,56.534623,4523.797939,0.200262,42.602200,6.569388,2.446662,-17.995726
3.594131,3.471289,56.558536,4520.086148,0.205004,42.567211,6.535025,2.434173,-17.994641
3.638609,3.513411,56.585128,4516.389767,0.207207,42.533715,6.502450,2.421138,-17.995396
3.683009,3.554768,56.609508,4512.710908,0.212199,42.500702,6.468951,2.408609,-17.994423
3.727276,3.596921,56.633369,4509.050674,0.214590,42.464471,6.436322,2.395669,-17.994553
3.771278,3.636965,56.657990,4505.409010,0.214577,42.429280,6.403531,2.384391,-17.993495
3.816557,3.678530,56.682890,4501.786847,0.215892,42.395375,6.371328,2.372881,-17.994277
3.860519,3.720219,56.706856,4498.184145,0.214660,42.361126,6.338172,2.362517,-17.993270
3.906201,3.762132,56.731323,4494.597452,0.211339,42.326463,6.306495,2.349497,-17.992682
3.950258,3.801443,56.755900,4491.029125,0.209778,42.292598,6.274871,2.337546,-17.991365
3.995384,3.842079,56.779828,4487.477812,0.207656,42.257744,6.245604,2.325117,-17.991127
4.040648,3.882657,56.804337,4483.944245,0.205123,42.224631,6.215687,2.313634,-17.991968
4.084919,3.922655,56.829614,4480.430892,0.202702,42.191409,6.184599,2.303130,-17.992292
4.131266,3.961478,56.852400,4476.934266,0.198019,42.158354,6.152442,2.291182,-17.992744
4.175216,4.002350,56.876203,4473.455521,0.193505,42.125521,6.123609,2.279787,-17.993305
4.220059,4.043458,56.900392,4469.993542,0.188592,42.094644,6.095564,2.267412,-17.996145
4.265506,4.082969,56.920355,4466.548045,0.182530,42.061887,6.068516,2.259265,-17.996381
4.310525,4.121716,56.940731,4463.120645,0.175607,42.030308,6.042220,2.249559,-17.997463
4.353386,4.160962,56.959439,4459.708934,0.168551,41.997504,6.015065,2.239064,-17.998999
4.397721,4.199291,56.977995,4456.313467,0.160653,41.963823,5.989658,2.230020,-18.000182
4.441314,4.239513,56.996928,4452.936538,0.152177,41.931360,5.966479,2.220861,-18.000358
4.486261,4.279915,57.014157,4449.573545,0.143054,41.898784,5.944196,2.212013,-18.000444
4.530906,4.319556,57.029579,4446.226793,0.134053,41.870817,5.922112,2.203585,-18.000083
4.576096,4.359278,57.044362,4442.892887,0.125087,41.840448,5.899938,2.194812,-18.001659
4.620400,4.399251,57.056830,4439.574889,0.114553,41.810054,5.878065,2.188294,-18.001431
4.665278,4.439292,57.068833,4436.269923,0.102912,41.779290,5.859496,2.180621,-17.999435
4.707764,4.480852,57.080197,4432.977174,0.091549,41.749889,5.842432,2.172627,-17.996569
4.751019,4.519669,57.089841,4429.696003,0.080058,41.717151,5.827593,2.165650,-17.994877
4.795471,4.560728,57.098266,4426.428870,0.068305,41.686424,5.812850,2.159875,-17.994213
4.839029,4.599658,57.106497,4423.172918,0.056515,41.656338,5.798183,2.155561,-17.995183
4.883259,4.638138,57.111899,4419.926816,0.041829,41.625819,5.784761,2.149258,-17.994909
4.927012,4.678329,57.115527,4416.689481,0.025163,41.596004,5.772991,2.146773,-17.996395
4.972156,4.717828,57.117166,4413.461178,0.011391,41.564826,5.761896,2.143496,-17.994190
5.016214,4.759141,57.116496,4410.244189,-0.002672,41.534695,5.751949,2.141241,-17.995010
5.058750,4.797762,57.116096,4407.035113,-0.016872,41.502908,5.744805,2.137951,-17.995367
5.103717,4.836458,57.111605,4403.832659,-0.030881,41.472519,5.737369,2.136659,-17.996392
5.147358,4.874346,57.108058,4400.636035,-0.047438,41.442120,5.731266,2.133847,-17.997025
5.192989,4.914762,57.102976,4397.447422,-0.062141,41.413483,5.729228,2.132158,-17.995815
5.235387,4.951894,57.095898,4394.262416,-0.077482,41.384222,5.726601,2.131908,-17.997148
5.280007,4.991148,57.084816,4391.081046,-0.091852,41.354903,5.727594,2.131988,-17.997533
5.323808,5.031667,57.073605,4387.904253,-0.108591,41.325176,5.728622,2.133979,-17.999190
5.366770,5.070409,57.057536,4384.732013,-0.125094,41.294885,5.729876,2.133996,-18.000929
5.411799,5.109879,57.041824,4381.561031,-0.139920,41.265641,5.735351,2.135923,-17.999105
5.455230,5.148618,57.024337,4378.391019,-0.156701,41.236350,5.739512,2.137221,-17.998253
5.499555,5.187544,57.007770,4375.222090,-0.173556,41.206536,5.744807,2.139885,-18.000338
5.544285,5.226630,56.987701,4372.052981,-0.188645,41.176342,5.753137,2.140868,-17.999769
5.588711,5.264105,56.966201,4368.880869,-0.203691,41.146910,5.761818,2.147448,-17.997668
5.632187,5.302005,56.942839,4365.710398,-0.218729,41.117979,5.771511,2.150453,-17.997149
5.674427,5.341706,56.917585,4362.536261,-0.231796,41.089219,5.782927,2.156254,-17.997721
5.718606,5.379602,56.891060,4359.357176,-0.246069,41.057811,5.797823,2.161607,-17.998469
5.761998,5.416312,56.864470,4356.175340,-0.261422,41.026236,5.812399,2.167387,-18.000355
5.804983,5.455114,56.833447,4352.989226,-0.275426,40.996346,5.830351,2.172477,-17.999024
5.848245,5.494790,56.800696,4349.795576,-0.289449,40.966862,5.848072,2.178753,-18.000201
5.891449,5.533965,56.768262,4346.595915,-0.301791,40.936782,5.867792,2.185564,-18.000554
5.935969,5.573648,56.733321,4343.386928,-0.314908,40.906582,5.888086,2.192922,-18.000047
5.981004,5.611373,56.694960,4340.171712,-0.330127,40.876558,5.909848,2.200801,-17.999839
6.024368,5.649239,56.657814,4336.947943,-0.343614,40.845093,5.931766,2.210022,-18.001529
6.068217,5.687489,56.618044,4333.714196,-0.356736,40.812306,5.956872,2.218469,-18.000127
6.112024,5.726852,56.577343,4330.468565,-0.370211,40.781008,5.983708,2.227664,-17.999517
6.155844,5.765434,56.535233,4327.210025,-0.383935,40.749741,6.011220,2.236234,-18.000543
6.200674,5.802366,56.491200,4323.939934,-0.394932,40.717040,6.038653,2.246454,-17.999754
6.243221,5.839935,56.446210,4320.657280,-0.407728,40.685743,6.068429,2.257969,-17.999991
6.287640,5.875970,56.399386,4317.361511,-0.418753,40.654258,6.100120,2.268747,-17.998820
6.330014,5.913436,56.351837,4314.049848,-0.429370,40.622411,6.133873,2.282636,-17.999347
6.372735,5.951091,56.302802,4310.724411,-0.438742,40.588379,6.166181,2.293372,-17.999809
6.418000,5.987736,56.253232,4307.383168,-0.448271,40.556159,6.199649,2.305749,-18.000709
6.461279,6.026443,56.200022,4304.022957,-0.456921,40.524080,6.232973,2.317813,-18.001013
6.506074,6.064651,56.147300,4300.644951,-0.467045,40.491809,6.267130,2.331573,-18.003387
6.548820,6.103010,56.095392,4297.251872,-0.472883,40.460270,6.302347,2.344671,-18.002737
6.593113,6.140244,56.042443,4293.837381,-0.479824,40.424695,6.338774,2.359240,-18.002709
6.635210,6.177113,55.988353,4290.404044,-0.486641,40.390721,6.378243,2.372263,-18.002822
6.679471,6.212817,55.932696,4286.953098,-0.492283,40.357638,6.417380,2.384283,-18.001951
6.724529,6.248220,55.877692,4283.478544,-0.496474,40.322600,6.456684,2.396494,-18.001892
6.768694,6.285995,55.821093,4279.982641,-0.501043,40.288020,6.498811,2.412188,-18.000939
6.812658,6.323410,55.765212,4276.465994,-0.504954,40.254951,6.539472,2.428121,-18.002067
6.857327,6.359739,55.707651,4272.929511,-0.509784,40.219949,6.582465,2.445527,-18.002429
6.900503,6.397813,55.651882,4269.367917,-0.513063,40.184597,6.623963,2.461002,-18.001035
6.943962,6.435482,55.596518,4265.785089,-0.516636,40.150278,6.667147,2.476706,-18.001152
6.987432,6.471715,55.538484,4262.178127,-0.515698,40.114671,6.710046,2.493629,-18.000191
7.029427,6.506053,55.480956,4258.549424,-0.515280,40.077921,6.752547,2.509079,-18.000702
7.072809,6.544412,55.422006,4254.895602,-0.514888,40.042659,6.794099,2.527511,-18.001093
7.113859,6.581050,55.364715,4251.216401,-0.513703,40.006227,6.838317,2.542622,-18.002543
7.158176,6.617160,55.310635,4247.513775,-0.511043,39.966580,6.881363,2.559407,-18.002752
7.202431,6.655392,55.254131,4243.785122,-0.508625,39.930764,6.925229,2.575465,-18.002937
7.245684,6.693456,55.196820,4240.031551,-0.504182,39.893605,6.968304,2.590145,-18.003275
7.289609,6.730163,55.140761,4236.254415,-0.501544,39.855797,7.011143,2.606585,-18.001566
7.332472,6.767432,55.085214,4232.451932,-0.496485,39.817490,7.054486,2.622656,-18.002258
7.375939,6.803475,55.031090,4228.625207,-0.491695,39.777137,7.097944,2.640202,-18.002330
7.420604,6.842697,54.976907,4224.773893,-0.487174,39.741075,7.138472,2.656158,-18.002159
7.464154,6.878264,54.921837,4220.897312,-0.480823,39.702570,7.178531,2.673577,-18.003764
7.506576,6.914817,54.869120,4216.996362,-0.475336,39.663920,7.217692,2.688446,-18.002709
7.549342,6.951961,54.818054,4213.073639,-0.468436,39.625392,7.258514,2.701621,-18.004099
7.591243,6.986364,54.766915,4209.126010,-0.460432,39.586756,7.296397,2.715104,-18.003552
7.635045,7.024303,54.717008,4205.154471,-0.452777,39.546401,7.333339,2.729769,-18.001502
7.678564,7.059756,54.667104,4201.159013,-0.442781,39.507111,7.370176,2.743066,-18.001982
7.722694,7.094703,54.620848,4197.140870,-0.431748,39.467282,7.405287,2.757422,-18.001540
7.766832,7.130137,54.572666,4193.100560,-0.418428,39.427143,7.440049,2.770111,-18.003030
7.810055,7.165499,54.528346,4189.039051,-0.408104,39.386197,7.473122,2.783337,-18.004189
7.855054,7.201891,54.482687,4184.956526,-0.396272,39.345380,7.503975,2.796547,-18.002790
7.900145,7.238477,54.438796,4180.854151,-0.384693,39.305033,7.532435,2.807418,-18.003034
7.942226,7.271425,54.397130,4176.732244,-0.372609,39.262681,7.561726,2.818479,-18.002576
7.986558,7.307136,54.358404,4172.589735,-0.359085,39.221591,7.588595,2.827624,-18.003879
8.030523,7.341724,54.319914,4168.430508,-0.344684,39.180661,7.615110,2.837830,-18.003258
8.071951,7.375651,54.283066,4164.252918,-0.330414,39.140298,7.638553,2.845772,-18.003518
8.115323,7.412490,54.247130,4160.059693,-0.315314,39.097633,7.659404,2.853246,-18.001947
8.158869,7.450165,54.212765,4155.851974,-0.300080,39.055012,7.680196,2.857568,-18.000500
8.201532,7.483234,54.180140,4151.628598,-0.285933,39.012298,7.698475,2.864176,-18.002491
8.245043,7.519423,54.150594,4147.390109,-0.270154,38.970234,7.714767,2.871173,-18.001231
8.287549,7.552361,54.120994,4143.140285,-0.254272,38.927684,7.730884,2.878012,-18.001978
8.332105,7.587249,54.093505,4138.878546,-0.236624,38.883756,7.744007,2.884387,-18.000355
8.376049,7.623423,54.070367,4134.605796,-0.222329,38.839921,7.755361,2.886728,-18.001669
8.417959,7.660366,54.047284,4130.323898,-0.206326,38.796965,7.763232,2.890329,-18.001769
8.459844,7.694454,54.024870,4126.031940,-0.190568,38.755241,7.771010,2.894356,-18.001922
8.502338,7.728776,54.005104,4121.733245,-0.175898,38.711147,7.776210,2.896380,-18.004009
8.545169,7.763966,53.989219,4117.426740,-0.158958,38.667554,7.781132,2.898497,-18.004855
8.590974,7.800237,53.972642,4113.115371,-0.145161,38.626233,7.782392,2.900018,-18.003702
8.634431,7.834578,53.956372,4108.801497,-0.128637,38.582862,7.782754,2.900928,-18.003789
8.678081,7.869874,53.946093,4104.482626,-0.112140,38.539840,7.779776,2.901153,-18.003285
8.720807,7.904480,53.935799,4100.162207,-0.098502,38.494899,7.778174,2.899119,-18.003695
8.764548,7.937162,53.925580,4095.841173,-0.084391,38.450719,7.772421,2.896047,-18.004842
8.807337,7.970878,53.918328,4091.518418,-0.069670,38.407539,7.764820,2.891473,-18.004618
8.848994,8.006655,53.912132,4087.197188,-0.046993,38.414490,7.755234,2.888318,-0.001405
8.894003,8.042454,53.909663,4082.875604,-0.025352,38.423090,7.742929,2.882172,-0.001686
8.935022,8.075930,53.906745,4078.555758,-0.005294,38.429102,7.727169,2.877566,-0.002034
8.977110,8.110380,53.908281,4074.241102,0.015489,38.436214,7.709903,2.870780,-0.001158
9.018810,8.145678,53.912258,4069.930179,0.035981,38.446232,7.691604,2.863269,-0.001244
9.060140,8.178692,53.916954,4065.625196,0.055464,38.453607,7.669231,2.854795,-0.002104
9.101817,8.213714,53.923698,4061.329265,0.076549,38.461941,7.646178,2.845716,-0.002274
9.144068,8.251189,53.932148,4057.042501,0.096474,38.470599,7.619691,2.836948,-0.002676
9.187073,8.285101,53.944845,4052.765703,0.115716,38.476434,7.591083,2.829246,-0.002204
9.230158,8.319623,53.958607,4048.503243,0.135263,38.482383,7.560571,2.816302,-0.000981
9.271623,8.352618,53.973992,4044.252469,0.153794,38.489121,7.529001,2.804945,-0.000979
9.313246,8.385553,53.991859,4040.014647,0.168376,38.496659,7.494817,2.793990,0.000155
9.357218,8.419686,54.010586,4035.792259,0.184901,38.503284,7.460042,2.781229,-0.001822
9.399551,8.453138,54.031916,4031.585604,0.199121,38.510569,7.422886,2.766494,-0.001667
9.441676,8.487224,54.052999,4027.397573,0.213332,38.519984,7.384929,2.754557,-0.000713
9.482884,8.520262,54.076875,4023.226794,0.226138,38.528559,7.345276,2.738359,-0.000442
9.527262,8.552214,54.101133,4019.075753,0.240029,38.535628,7.305495,2.724457,-0.001173
9.569132,8.585777,54.126097,4014.944133,0.251767,38.543674,7.263876,2.707847,0.000549
9.610558,8.619665,54.153029,4010.834825,0.261367,38.550941,7.221768,2.691766,0.001455
9.652353,8.655542,54.179956,4006.744491,0.269908,38.557986,7.180139,2.676312,0.002705
9.693262,8.690363,54.208127,4002.677083,0.277554,38.565590,7.137970,2.660983,0.002320
9.735311,8.725307,54.237545,3998.633897,0.283789,38.574545,7.094956,2.644305,0.002992
9.776801,8.758495,54.268062,3994.611899,0.288055,38.582542,7.050179,2.627535,0.002951
9.818756,8.790514,54.299590,3990.614095,0.293386,38.589315,7.005240,2.611430,0.002050
9.860105,8.823370,54.329021,3986.637351,0.297671,38.596943,6.959848,2.594872,0.002613
9.900300,8.857973,54.360354,3982.683244,0.300148,38.604724,6.915682,2.578859,0.003262
9.941976,8.893050,54.390224,3978.756101,0.301200,38.614175,6.872283,2.562791,0.002971
9.984440,8.927824,54.422056,3974.853155,0.300017,38.621623,6.828794,2.546366,0.003094
10.026605,8.961666,54.451402,3970.974849,0.300314,38.630074,6.786153,2.531300,0.004197
10.068165,8.996805,54.483694,3967.119746,0.299693,38.638483,6.741628,2.513649,0.003812
10.108459,9.030428,54.512763,3963.288729,0.297057,38.647935,6.698982,2.499029,0.004057
10.148492,9.064495,54.542013,3959.480540,0.292734,38.654329,6.658475,2.483506,0.004457
10.187978,9.096294,54.572374,3955.699019,0.288166,38.663124,6.618324,2.469193,0.004341
10.228846,9.130918,54.602266,3951.939322,0.279919,38.671250,6.579239,2.454454,0.002580
10.270922,9.164517,54.630522,3948.202250,0.274294,38.678828,6.541998,2.439699,0.002443
10.312377,9.198680,54.657496,3944.490143,0.266314,38.688841,6.504013,2.427818,0.002670
10.352778,9.231425,54.683260,3940.800592,0.255610,38.696552,6.464890,2.412717,0.002099
10.394392,9.262982,54.707681,3937.132527,0.247125,38.704744,6.430387,2.400224,0.001296
10.434565,9.298042,54.732600,3933.486366,0.234230,38.712954,6.394926,2.387090,0.001919
10.476761,9.332174,54.756770,3929.862267,0.223792,38.720585,6.362781,2.376706,0.001886
10.517521,9.365130,54.780594,3926.260712,0.212234,38.727316,6.330280,2.364619,0.001048
10.560779,9.398891,54.801009,3922.680146,0.198642,38.735614,6.299899,2.352201,0.001281
10.602920,9.432372,54.819330,3919.117281,0.183871,38.744418,6.272707,2.340695,0.001101
10.644489,9.466149,54.837980,3915.573747,0.171022,38.752236,6.245345,2.329529,-0.001462
10.685936,9.498114,54.855441,3912.047975,0.156156,38.760986,6.220223,2.319506,-0.000179
10.728522,9.533549,54.871406,3908.540982,0.140153,38.768816,6.195921,2.310417,-0.000148
10.769357,9.566335,54.885917,3905.051581,0.122793,38.776872,6.172378,2.300358,-0.000270
10.809105,9.599632,54.897826,3901.578935,0.106697,38.786150,6.152816,2.291076,-0.000786
10.848714,9.632064,54.910682,3898.119839,0.089388,38.795347,6.135089,2.281287,-0.000776
10.889689,9.666433,54.917443,3894.678578,0.070442,38.803936,6.116574,2.277044,-0.002408
10.929289,9.698227,54.922355,3891.250826,0.050635,38.812675,6.099606,2.272582,-0.001863
10.970198,9.732308,54.927724,3887.835756,0.031974,38.821432,6.085501,2.266149,-0.002455
11.008506,9.766465,54.931033,3884.433770,0.014042,38.829892,6.070517,2.261328,-0.001930
11.049995,9.797971,54.931984,3881.042251,-0.005493,38.837841,6.061538,2.258590,-0.001322
11.090735,9.829582,54.930575,3877.660273,-0.026940,38.845694,6.051243,2.255741,0.000449
11.130823,9.861003,54.926684,3874.288762,-0.047548,38.855726,6.042709,2.253418,0.000130
11.170892,9.895747,54.921523,3870.927924,-0.067609,38.864658,6.037710,2.250668,-0.001253
11.212503,9.929946,54.913354,3867.574042,-0.087974,38.874529,6.033400,2.249597,-0.001537
11.253020,9.964719,54.904539,3864.223960,-0.108547,38.884142,6.032831,2.248517,-0.000587
11.293273,9.996533,54.889993,3860.884051,-0.130194,38.894329,6.033984,2.248516,-0.001154
11.330830,10.029403,54.876236,3857.548063,-0.162668,38.954581,6.035220,2.248465,21.999692
11.371010,10.061769,54.858148,3854.219856,-0.193554,39.012300,6.039237,2.250316,21.999650
11.410080,10.095158,54.837717,3850.895052,-0.224449,39.071785,6.046385,2.252352,21.999955
11.448383,10.127325,54.814879,3847.573863,-0.257180,39.130024,6.053922,2.256163,21.999042
11.489492,10.159078,54.787200,3844.254643,-0.287869,39.190651,6.066449,2.260523,21.998355
11.531029,10.191622,54.757499,3840.935155,-0.316790,39.250885,6.081413,2.265744,21.998361
11.570165,10.226417,54.724379,3837.613198,-0.349632,39.310373,6.098112,2.272554,21.998081
11.610190,10.260063,54.687013,3834.289461,-0.380323,39.370943,6.120778,2.280381,21.998829
11.649655,10.295071,54.647487,3830.959347,-0.409229,39.431334,6.141216,2.289155,21.998494
11.687884,10.328236,54.606659,3827.626981,-0.436709,39.492789,6.166835,2.299292,21.998388
11.727292,10.362397,54.562254,3824.283959,-0.464587,39.554348,6.195283,2.312268,21.998176
11.767626,10.395653,54.512888,3820.932744,-0.493028,39.615970,6.226623,2.323419,21.997663
11.805579,10.428070,54.461187,3817.570412,-0.520971,39.677231,6.259253,2.335136,21.999082
11.844546,10.461965,54.408017,3814.196275,-0.547332,39.738932,6.296905,2.347317,21.998834
11.882702,10.494328,54.352736,3810.808741,-0.573938,39.802075,6.335210,2.362024,21.998737
11.923145,10.527026,54.292736,3807.401931,-0.598672,39.863958,6.376953,2.377412,21.998496
11.963093,10.559936,54.230680,3803.979745,-0.625307,39.926556,6.420372,2.394712,21.998937
12.002510,10.593104,54.167553,3800.539359,-0.649530,39.990425,6.467186,2.412423,21.999138
12.041203,10.626021,54.102302,3797.079068,-0.672565,40.054669,6.514786,2.430119,21.998369
12.081537,10.658128,54.031473,3793.597798,-0.694396,40.121769,6.565261,2.450328,21.998572
12.121090,10.691579,53.961828,3790.091623,-0.715378,40.188152,6.618745,2.468722,21.998221
12.157723,10.724496,53.889212,3786.559281,-0.735753,40.254538,6.674806,2.490731,21.999827
12.197725,10.757065,53.815137,3783.005041,-0.755486,40.320524,6.731932,2.512388,22.001275
12.236316,10.791329,53.738762,3779.421470,-0.774775,40.388795,6.792333,2.533744,21.999187
12.275503,10.825451,53.660857,3775.805698,-0.791627,40.457175,6.853884,2.555853,21.999762
12.313209,10.859251,53.582058,3772.159689,-0.807704,40.525236,6.917036,2.579338,22.001388
12.351023,10.891501,53.501184,3768.482001,-0.824202,40.595094,6.982331,2.603993,22.001285
12.389357,10.924758,53.419713,3764.772687,-0.837252,40.665686,7.050055,2.628004,21.999789
12.427338,10.958846,53.336164,3761.028132,-0.851832,40.737016,7.117426,2.653520,22.000658
12.465589,10.993627,53.251614,3757.244790,-0.862839,40.807479,7.187078,2.680629,22.002488
12.501611,11.026679,53.166568,3753.423939,-0.871009,40.878640,7.258747,2.706298,21.999734
12.540040,11.060782,53.081317,3749.565393,-0.879239,40.951584,7.332879,2.734716,21.999608
12.579137,11.094459,52.995340,3745.670457,-0.885791,41.023967,7.407040,2.760367,21.998233
12.618316,11.127565,52.910345,3741.731785,-0.892544,41.099664,7.484686,2.788424,21.997896
12.657053,11.161016,52.824020,3737.754589,-0.895303,41.174762,7.562097,2.817098,21.996434
12.695164,11.195776,52.735085,3733.735355,-0.896938,41.251984,7.640204,2.844546,21.995917
12.731058,11.227343,52.647858,3729.670961,-0.897099,41.329268,7.717459,2.874497,21.997968
12.767747,11.261416,52.560384,3725.563449,-0.895896,41.406724,7.796115,2.904123,21.998993
12.806016,11.296931,52.471579,3721.410584,-0.894656,41.484781,7.874876,2.932661,21.998668
12.842469,11.331044,52.384045,3717.214906,-0.891790,41.564673,7.953238,2.961841,21.998462
12.879075,11.364131,52.297997,3712.973465,-0.885990,41.643655,8.031665,2.989757,21.998866
12.915468,11.399839,52.213365,3708.687008,-0.879337,41.723176,8.111281,3.017585,21.999080
12.952252,11.434214,52.127565,3704.354335,-0.869436,41.802963,8.188083,3.046409,21.997785
12.988125,11.468958,52.045319,3699.973710,-0.858203,41.884387,8.265322,3.074929,22.000089
13.025022,11.501494,51.965045,3695.549256,-0.845754,41.967357,8.343247,3.105384,22.002228
13.062146,11.535264,51.883879,3691.078634,-0.834170,42.050995,8.418531,3.133560,22.003570
13.097179,11.570683,51.804099,3686.564663,-0.818559,42.136007,8.491460,3.161625,22.003987
13.133480,11.603012,51.726880,3682.005324,-0.802767,42.222672,8.563818,3.186907,22.003258
13.168755,11.637892,51.650043,3677.401917,-0.784067,42.308705,8.633296,3.212277,22.002727
13.206070,11.671645,51.576404,3672.753262,-0.763383,42.395108,8.701508,3.236880,22.004077
13.243249,11.705392,51.503339,3668.064576,-0.742172,42.481803,8.766333,3.262219,22.003492
13.279710,11.740978,51.432728,3663.329531,-0.720424,42.570805,8.831275,3.284729,22.004365
13.313161,11.775379,51.363822,3658.556244,-0.695791,42.659264,8.892486,3.307296,22.003483
13.349576,11.810978,51.299021,3653.745838,-0.671943,42.748570,8.951443,3.329308,22.002933
13.383977,11.843923,51.235908,3648.895784,-0.646534,42.839298,9.008182,3.350222,22.002359
13.419312,11.877075,51.177286,3644.007888,-0.619222,42.929821,9.062641,3.369724,22.002528
13.454742,11.910443,51.120187,3639.083577,-0.591903,43.020251,9.111401,3.387494,22.003436
13.491136,11.944390,51.064819,3634.126625,-0.562710,43.111840,9.155490,3.405201,22.001855
13.526466,11.978213,51.010786,3629.137880,-0.534236,43.205031,9.197468,3.419876,22.000627
13.563236,12.012197,50.961527,3624.120563,-0.504874,43.297775,9.233584,3.434930,22.000809
13.598559,12.044439,50.913784,3619.072192,-0.474151,43.389483,9.268041,3.447796,22.000984
13.634649,12.079870,50.870702,3614.000567,-0.441785,43.485359,9.297448,3.459798,22.001128
13.670093,12.114528,50.831021,3608.905698,-0.408383,43.578621,9.324189,3.470772,22.001167
13.704702,12.150481,50.792925,3603.788254,-0.376610,43.675336,9.347635,3.479827,22.002095
13.738919,12.185470,50.759689,3598.651912,-0.343991,43.771032,9.366637,3.486865,22.004860
13.771762,12.220128,50.727680,3593.496566,-0.308335,43.866764,9.379714,3.492985,22.003449
13.807875,12.256017,50.699901,3588.325228,-0.274411,43.961031,9.390762,3.494832,22.003336
13.843707,12.291017,50.674617,3583.142415,-0.241530,44.056868,9.394256,3.498969,22.003689
13.878652,12.323867,50.654428,3577.950467,-0.207724,44.152616,9.396345,3.499525,22.003144
13.912775,12.356369,50.636856,3572.749851,-0.174295,44.247915,9.391791,3.497884,22.001914
13.945566,12.389719,50.623070,3567.545399,-0.138665,44.342776,9.384137,3.495697,22.000697
13.980783,12.424549,50.612939,3562.336996,-0.105608,44.438862,9.371548,3.491488,22.001865
14.014693,12.459335,50.603493,3557.128901,-0.073776,44.536482,9.353935,3.487291,22.000318
14.051297,12.493620,50.599054,3551.921415,-0.042716,44.631290,9.333365,3.479132,22.000811
14.085435,12.528529,50.595339,3546.718435,-0.012298,44.727347,9.309707,3.470810,21.999439
14.117905,12.562258,50.595129,3541.522544,0.018428,44.824318,9.282059,3.460311,22.000471
14.151412,12.595871,50.598709,3536.337588,0.048117,44.919465,9.253590,3.448924,22.001671
14.184310,12.630292,50.602249,3531.160932,0.076651,45.015776,9.219723,3.435783,22.002184
14.216600,12.665473,50.609537,3525.997790,0.104910,45.110678,9.181251,3.422009,22.002074
14.249978,12.699251,50.621818,3520.849268,0.132544,45.206257,9.138500,3.406300,22.004181
14.283830,12.732602,50.636817,3515.717558,0.158326,45.303369,9.094140,3.388513,22.001429
14.318884,12.766225,50.652379,3510.603085,0.181391,45.397880,9.048069,3.370863,22.001774
14.350826,12.800609,50.669388,3505.511086,0.206111,45.492552,9.000157,3.350870,22.001961
14.383496,12.835495,50.689318,3500.441092,0.229021,45.585608,8.949654,3.333005,22.002659
14.417595,12.869894,50.713182,3495.393904,0.250689,45.680178,8.897351,3.313179,22.003004
14.449453,12.905574,50.738458,3490.372868,0.271447,45.772557,8.844163,3.291785,22.002330
14.480778,12.941179,50.764361,3485.374850,0.288637,45.864464,8.786808,3.271790,22.001378
14.512997,12.975389,50.793991,3480.407495,0.306460,45.957104,8.729592,3.249974,22.001029
14.547092,13.008940,50.821585,3475.468692,0.321669,46.050773,8.668332,3.227339,22.002407
14.579207,13.042529,50.849727,3470.560764,0.336927,46.143554,8.607026,3.204643,22.003223
14.610642,13.077743,50.879966,3465.681185,0.349248,46.235601,8.545851,3.181887,22.004031
14.642935,13.111632,50.911693,3460.834853,0.361515,46.324634,8.483778,3.159563,22.003927
14.675124,13.146967,50.945955,3456.019544,0.371550,46.415155,8.422522,3.135852,22.003075
14.709357,13.181344,50.981590,3451.237562,0.379021,46.505455,8.358535,3.111484,22.002091
14.742197,13.216392,51.013650,3446.489039,0.385631,46.595394,8.294146,3.088189,22.002598
14.774959,13.250747,51.046444,3441.775053,0.390754,46.684519,8.230871,3.063479,22.004070
14.805045,13.284778,51.083436,3437.094360,0.394044,46.773588,8.168562,3.037892,22.004357
14.835571,13.319921,51.117830,3432.450319,0.395093,46.863157,8.107111,3.015172,22.002739
14.867852,13.354546,51.153782,3427.837714,0.396496,46.948890,8.045985,2.992434,22.002684
14.899747,13.388972,51.190323,3423.261141,0.396356,47.035643,7.984053,2.968861,22.001884
14.931016,13.424341,51.225819,3418.719944,0.393036,47.122812,7.922987,2.946978,22.000538
14.960337,13.460215,51.261103,3414.213036,0.387450,47.209922,7.864026,2.926281,22.000516
14.991153,13.494603,51.294340,3409.739059,0.381068,47.297107,7.805423,2.903818,22.000859
15.021693,13.531526,51.325849,3405.298219,0.373737,47.382456,7.748429,2.883731,22.001660
15.053429,13.567281,51.357984,3400.892658,0.362824,47.466990,7.693612,2.861930,22.000996
15.083300,13.601978,51.388697,3396.518348,0.351164,47.551146,7.638756,2.843252,22.001375
15.113300,13.636178,51.419913,3392.175910,0.340701,47.636246,7.587468,2.822587,22.002412
15.142848,13.672121,51.448867,3387.866461,0.326587,47.718736,7.536274,2.804416,22.002896
15.173208,13.707878,51.477242,3383.586817,0.312652,47.800917,7.484535,2.784411,22.003096
15.203944,13.741252,51.502899,3379.340024,0.296774,47.883479,7.436617,2.768813,22.002804
15.233088,13.776092,51.529927,3375.122732,0.280523,47.967574,7.389382,2.752588,22.002982
15.262202,13.810871,51.554007,3370.934420,0.262894,48.050594,7.345067,2.736816,22.002885
15.292781,13.842900,51.576358,3366.774976,0.245562,48.132449,7.305553,2.721661,22.000442
15.321610,13.876617,51.597198,3362.642445,0.226311,48.214795,7.266684,2.709989,21.999501
15.350905,13.912013,51.615514,3358.536964,0.207043,48.298230,7.230746,2.696660,21.998781
15.381853,13.947415,51.632609,3354.457481,0.185135,48.380107,7.197472,2.684866,21.999738
15.412769,13.981929,51.647540,3350.398816,0.161291,48.461647,7.166900,2.670927,21.998583
15.442646,14.017908,51.659989,3346.369027,0.137460,48.543989,7.136917,2.656632,21.998388
15.472816,14.052968,51.671054,3342.359064,0.111756,48.625992,7.110820,2.646118,21.999163
15.502096,14.088039,51.680022,3338.370834,0.086431,48.707766,7.085115,2.636479,21.999418
15.531237,14.122023,51.686284,3334.402057,0.061083,48.788053,7.062872,2.628656,22.001507
15.560238,14.156291,51.690290,3330.450715,0.033642,48.867085,7.043140,2.620046,21.999725
15.588557,14.190558,51.691893,3326.517758,0.005752,48.946526,7.023289,2.613533,22.001434
15.616887,14.228411,51.689424,3322.602895,-0.022960,49.027794,7.007290,2.609592,22.002166
15.647476,14.261154,51.686069,3318.702774,-0.050357,49.108216,6.994701,2.604452,22.002103
15.677094,14.296401,51.679403,3314.817382,-0.077856,49.188177,6.983526,2.601318,22.003714
15.707065,14.331963,51.668563,3310.942493,-0.108066,49.269364,6.974883,2.598987,22.003188
15.736716,14.365749,51.658066,3307.078785,-0.138435,49.352104,6.971836,2.599036,22.003527
15.765775,14.402044,51.645352,3303.225024,-0.168203,49.432375,6.968127,2.597616,22.002144
15.795320,14.435869,51.627980,3299.378607,-0.199292,49.512558,6.965941,2.596251,22.002710
15.823887,14.472295,51.607733,3295.540016,-0.229557,49.593035,6.969495,2.595850,22.001929
15.850075,14.506165,51.585899,3291.707953,-0.258560,49.673091,6.975153,2.597322,22.002092
15.877516,14.539875,51.563791,3287.880632,-0.287725,49.756083,6.982046,2.601658,22.001494
15.906789,14.575149,51.538399,3284.054155,-0.319391,49.837436,6.990476,2.606266,22.000974
15.933573,14.609382,51.508517,3280.231603,-0.349374,49.919410,7.000981,2.612365,22.000779
15.962136,14.645026,51.479075,3276.409700,-0.377848,50.000268,7.014663,2.617069,21.999341
15.990821,14.679123,51.446310,3272.584105,-0.409106,50.082691,7.034353,2.623722,21.999477
16.019467,14.713974,51.410225,3268.755254,-0.438566,50.163437,7.054938,2.629789,22.001363
16.047748,14.749519,51.370602,3264.922806,-0.466840,50.245195,7.077933,2.639209,21.999725
16.075617,14.785187,51.330152,3261.085974,-0.495296,50.328222,7.103902,2.648003,21.998927
16.102890,14.820589,51.287667,3257.239931,-0.525256,50.410555,7.129810,2.657536,22.000295
16.131389,14.856097,51.240549,3253.386834,-0.555051,50.495291,7.159820,2.666560,22.000398
16.157703,14.890486,51.190806,3249.523471,-0.582502,50.581258,7.193642,2.679338,22.000443
16.187336,14.923953,51.139394,3245.647874,-0.609192,50.666932,7.226464,2.691774,21.999921
16.214727,14.960471,51.088104,3241.761264,-0.635871,50.751426,7.262727,2.705665,22.000128
16.243157,14.994225,51.032135,3237.856033,-0.659507,50.838094,7.301384,2.719880,21.999756
16.268859,15.029984,50.975800,3233.934489,-0.683860,50.925065,7.340742,2.734400,22.000242
16.297868,15.065320,50.915599,3229.997239,-0.709116,51.011042,7.385008,2.750375,21.999406
16.324489,15.098525,50.855099,3226.039235,-0.715933,51.025534,7.429986,2.767551,-0.000433
16.351609,15.134001,50.794768,3222.057834,-0.723001,51.038105,7.474547,2.784314,-0.000603
16.378585,15.168690,50.734782,3218.053414,-0.729399,51.052702,7.522584,2.801829,0.001088
16.405424,15.202517,50.673448,3214.025000,-0.732211,51.065152,7.567567,2.820161,0.000542
16.433030,15.239507,50.612441,3209.971991,-0.733523,51.079015,7.611602,2.837524,-0.001008
16.459168,15.275173,50.550586,3205.894073,-0.736142,51.093409,7.658309,2.854267,-0.001102
16.485061,15.308283,50.488690,3201.789956,-0.738221,51.107787,7.705562,2.870647,-0.001285
16.511206,15.344724,50.426319,3197.659082,-0.738525,51.120235,7.752708,2.888529,-0.000486
16.536361,15.380719,50.364002,3193.502433,-0.737444,51.133827,7.799800,2.905953,-0.000540
16.562457,15.413457,50.302533,3189.319411,-0.733490,51.147023,7.846399,2.923272,-0.000574
16.587647,15.447969,50.240108,3185.106328,-0.729411,51.161788,7.891701,2.939920,-0.002530
16.615063,15.480854,50.180327,3180.867870,-0.724299,51.175896,7.938765,2.957612,-0.002081
16.640889,15.515523,50.121560,3176.602998,-0.719246,51.189014,7.984091,2.974441,-0.001125
16.667703,15.549273,50.063107,3172.310820,-0.711783,51.201939,8.029338,2.991757,-0.002062
16.694143,15.583160,50.005487,3167.992238,-0.703792,51.215266,8.072778,3.007282,-0.001797
16.720791,15.616470,49.947866,3163.646853,-0.694485,51.227702,8.116436,3.024035,-0.003107
16.747886,15.652075,49.891108,3159.275334,-0.686643,51.240339,8.157620,3.041220,-0.003262
16.773658,15.688236,49.834798,3154.877366,-0.675917,51.255394,8.200252,3.055877,-0.003862
16.801451,15.724075,49.779979,3150.450826,-0.663667,51.270488,8.240482,3.072125,-0.003939
16.828096,15.758210,49.726185,3146.001332,-0.650547,51.284199,8.280230,3.086466,-0.000893
16.855681,15.794561,49.673679,3141.527270,-0.637334,51.298303,8.317735,3.102541,-0.000419
16.883392,15.827366,49.622311,3137.027529,-0.622076,51.310530,8.354597,3.116743,-0.002480
16.910144,15.863372,49.572757,3132.502476,-0.605258,51.324869,8.389251,3.127754,-0.001620
16.934730,15.896320,49.524037,3127.956223,-0.587793,51.337107,8.421964,3.140776,-0.002169
16.961911,15.930426,49.476118,3123.387542,-0.569051,51.350587,8.454533,3.152759,-0.001217
16.986942,15.964156,49.429426,3118.795867,-0.550996,51.363672,8.483472,3.164132,-0.002682
17.012707,15.999167,49.385209,3114.185925,-0.533249,51.377328,8.510660,3.175088,-0.002953
17.040524,16.033750,49.342659,3109.553957,-0.514826,51.390840,8.536894,3.184442,-0.004017
17.066158,16.067230,49.301523,3104.905121,-0.494157,51.404062,8.559913,3.191277,-0.002481
17.093884,16.101054,49.261537,3100.237491,-0.475576,51.419134,8.581654,3.198108,-0.002164
17.120478,16.135001,49.225009,3095.553242,-0.453660,51.433049,8.600873,3.204314,-0.002441
17.146565,16.167317,49.187984,3090.855015,-0.432641,51.445268,8.619214,3.209795,-0.002775
17.170997,16.200292,49.153840,3086.141584,-0.411326,51.459756,8.634714,3.214764,-0.001856
17.197643,16.233140,49.122340,3081.414330,-0.389091,51.473462,8.645816,3.220098,-0.002294
17.225544,16.267431,49.092583,3076.676886,-0.366615,51.486868,8.657831,3.223708,-0.001843
17.251201,16.301332,49.063876,3071.927822,-0.345106,51.500722,8.665714,3.226256,-0.001336
17.276857,16.335441,49.038596,3067.168805,-0.322832,51.515708,8.671703,3.227434,0.000164
17.301710,16.370680,49.014081,3062.399762,-0.302148,51.529147,8.675334,3.230486,-0.000832
17.325767,16.403715,48.990163,3057.627107,-0.280179,51.542090,8.676720,3.229524,0.001963
17.349634,16.437892,48.968478,3052.846038,-0.256342,51.555610,8.676491,3.228041,0.001027
17.375847,16.471685,48.947975,3048.062582,-0.234559,51.568520,8.673380,3.226086,0.001457
17.400514,16.507287,48.928816,3043.278277,-0.211482,51.583269,8.665768,3.223652,0.001443
17.426269,16.542570,48.911097,3038.487842,-0.189778,51.596775,8.656250,3.220313,0.001297
17.452465,16.575419,48.897940,3033.699043,-0.167968,51.609282,8.646131,3.217152,0.000676
17.476666,16.608698,48.885559,3028.911925,-0.148853,51.625345,8.631851,3.211642,0.002001
17.501608,16.641696,48.876110,3024.126933,-0.127147,51.639035,8.618163,3.206541,0.002622
17.527426,16.675005,48.866230,3019.346073,-0.106615,51.653945,8.603511,3.201370,0.001950
17.552583,16.707371,48.860407,3014.568817,-0.086497,51.669194,8.585552,3.192950,0.002005
17.577621,16.741065,48.853031,3009.795781,-0.068751,51.683025,8.566951,3.185972,0.002838
17.602685,16.774477,48.848043,3005.030190,-0.052392,51.698697,8.544822,3.181624,0.002554
17.626817,16.807287,48.844471,3000.273393,-0.037360,51.713256,8.522974,3.173563,0.001906
17.651441,16.840494,48.842906,2995.525598,-0.021523,51.727881,8.497352,3.164341,0.000962
17.677178,16.871872,48.842059,2990.788777,-0.005207,51.740895,8.470706,3.156770,0.002503
17.702802,16.906382,48.842134,2986.063559,0.010401,51.752744,8.444223,3.147707,0.003566
17.727005,16.938593,48.843141,2981.348516,0.021797,51.764889,8.417198,3.136231,0.002658
17.751275,16.972428,48.846185,2976.648798,0.035467,51.778503,8.386915,3.124807,0.000839
17.775508,17.003974,48.849965,2971.962231,0.046525,51.791720,8.355227,3.112438,0.001160
17.800067,17.037006,48.853809,2967.289215,0.057702,51.805872,8.325202,3.100172,0.001250
17.822294,17.067643,48.858395,2962.631011,0.067064,51.820957,8.292932,3.088700,0.002121
17.845587,17.099820,48.865280,2957.988461,0.076241,51.835924,8.259493,3.078054,0.001644
17.870195,17.132851,48.870473,2953.362273,0.082697,51.850196,8.227741,3.065707,0.002944
17.894916,17.166396,48.877747,2948.753127,0.090294,51.865332,8.193150,3.052481,0.003468
17.918919,17.197729,48.885077,2944.161941,0.095585,51.876822,8.159588,3.040012,0.004746
17.945509,17.228359,48.895351,2939.586245,0.099240,51.888177,8.126843,3.029576,0.004298
17.970525,17.260815,48.903612,2935.029933,0.102635,51.902345,8.092923,3.017437,0.006076
17.995052,17.294178,48.912357,2930.489431,0.102815,51.916472,8.058509,3.003837,0.005671
18.020281,17.325911,48.919478,2925.970940,0.102668,51.929609,8.024530,2.991953,0.005637
18.044021,17.358194,48.927908,2921.470980,0.102031,51.942854,7.991340,2.978109,0.004888
18.067661,17.390854,48.936371,2916.991333,0.100873,51.956628,7.958529,2.966670,0.006128
18.092061,17.423722,48.942951,2912.530352,0.098801,51.968851,7.925676,2.954220,0.005965
18.114318,17.454032,48.952620,2908.087417,0.096616,51.983073,7.893587,2.939990,0.005960
18.139378,17.486860,48.959615,2903.664440,0.094470,51.997065,7.860705,2.928010,0.005171
18.162466,17.519053,48.965282,2899.261148,0.088069,52.011906,7.830010,2.916808,0.004794
18.184788,17.551852,48.971628,2894.875638,0.080245,52.026014,7.800053,2.903996,0.003592
18.208442,17.583581,48.976364,2890.508547,0.072432,52.041149,7.770325,2.891668,0.002690
18.232864,17.616512,48.980469,2886.159292,0.062999,52.054626,7.739035,2.881445,0.002746
18.256824,17.650083,48.983516,2881.829462,0.051445,52.068426,7.709044,2.872101,0.002001
18.279963,17.680723,48.988410,2877.518276,0.042913,52.084003,7.683063,2.862389,0.002286
18.304461,17.714645,48.991341,2873.222981,0.032026,52.099269,7.657392,2.853373,0.000794
18.328867,17.745861,48.994921,2868.944884,0.019930,52.113138,7.633465,2.842688,0.000735
18.352046,17.776433,48.994861,2864.686192,0.006261,52.127466,7.609052,2.835453,0.001254
18.375708,17.807860,48.994841,2860.441251,-0.008203,52.141296,7.586563,2.825003,0.000418
18.398669,17.839392,48.992718,2856.212917,-0.024989,52.155063,7.566146,2.815450,-0.000686
18.421577,17.871983,48.990699,2852.000945,-0.043737,52.169506,7.546864,2.807509,-0.001001
18.445082,17.904352,48.987196,2847.804143,-0.061400,52.182294,7.531057,2.800517,-0.001284
18.466732,17.936348,48.979949,2843.619286,-0.078034,52.195945,7.513869,2.794598,-0.001638
18.489608,17.968325,48.974176,2839.449724,-0.097006,52.211692,7.498642,2.788234,-0.000978
18.512474,18.000462,48.966162,2835.292742,-0.115327,52.226096,7.486600,2.782376,0.001078
18.536099,18.032042,48.955910,2831.148390,-0.135251,52.240069,7.472933,2.778593,0.000434
18.560701,18.062864,48.946490,2827.013702,-0.155131,52.252358,7.461293,2.776172,-0.000127
18.583573,18.094494,48.933607,2822.890100,-0.173402,52.267159,7.451095,2.772812,-0.000152
18.606325,18.126329,48.920205,2818.777370,-0.193579,52.280228,7.443430,2.770011,0.000867
18.630435,18.157357,48.904590,2814.672033,-0.216546,52.294402,7.436887,2.769408,0.001515
18.654086,18.186779,48.888226,2810.575186,-0.239750,52.308403,7.432116,2.768015,0.000100
18.675801,18.219163,48.871983,2806.486457,-0.260333,52.322873,7.428722,2.765186,0.001406
18.698067,18.250440,48.851916,2802.402164,-0.281065,52.337232,7.428845,2.764689,0.000118
18.720689,18.282992,48.829446,2798.324677,-0.304402,52.349818,7.427700,2.762241,-0.001945
18.742344,18.314526,48.806076,2794.251242,-0.325770,52.364221,7.430293,2.763429,-0.003760
18.765003,18.345612,48.782388,2790.181491,-0.348987,52.379211,7.434192,2.764466,-0.004801
18.788640,18.376154,48.756937,2786.115909,-0.370306,52.393982,7.439932,2.768354,-0.002320
18.809825,18.408425,48.728196,2782.052644,-0.393583,52.407766,7.447257,2.771038,-0.004415
18.832356,18.439570,48.699905,2777.991159,-0.415550,52.422269,7.457190,2.776335,-0.003205
18.855099,18.471543,48.667914,2773.930637,-0.438015,52.437540,7.467810,2.780785,-0.003586
18.878991,18.503711,48.634305,2769.865618,-0.459733,52.452174,7.478406,2.783702,-0.001758
18.901458,18.532724,48.600389,2765.800153,-0.479917,52.467871,7.492605,2.789101,-0.001880
18.923203,18.563738,48.564160,2761.731757,-0.501410,52.480729,7.508402,2.795117,-0.002532
18.945945,18.595996,48.527243,2757.657977,-0.521591,52.494002,7.525681,2.801713,-0.002786
18.969232,18.627334,48.488770,2753.582623,-0.541384,52.507967,7.542299,2.808201,-0.002078
18.992894,18.656886,48.449458,2749.501673,-0.562192,52.523464,7.562070,2.814826,-0.001579
19.014684,18.686940,48.408709,2745.412462,-0.580809,52.537878,7.583857,2.822533,-0.001471
19.037442,18.720047,48.366996,2741.317297,-0.599523,52.551647,7.608244,2.831614,-0.000292
19.059277,18.751217,48.324673,2737.217248,-0.617467,52.565752,7.634390,2.839408,0.000132
19.082997,18.782820,48.279441,2733.103952,-0.636167,52.578807,7.658950,2.848065,0.000126
19.105390,18.811872,48.233543,2728.982506,-0.651688,52.592579,7.684958,2.859097,-0.000935
19.126610,18.840828,48.185276,2724.850679,-0.667901,52.605627,7.710040,2.870372,-0.001043
19.149898,18.870795,48.136857,2720.706249,-0.682841,52.621425,7.739791,2.879363,-0.001504
19.171729,18.901301,48.089132,2716.549414,-0.697187,52.634175,7.768255,2.893626,-0.001977
19.195543,18.934049,48.039737,2712.380946,-0.711592,52.648227,7.797431,2.905131,-0.000434
19.216442,18.964875,47.986334,2708.196630,-0.725179,52.662125,7.830309,2.917941,0.000805
19.238523,18.994943,47.933248,2703.997514,-0.737468,52.678195,7.862803,2.930350,0.001151
19.261931,19.025873,47.881270,2699.782108,-0.748106,52.692560,7.897559,2.942072,0.000084
19.284019,19.055831,47.828301,2695.552616,-0.758598,52.706788,7.931846,2.955145,0.001590
19.305016,19.086452,47.775144,2691.305513,-0.768734,52.722063,7.967887,2.967778,0.001059
19.327928,19.117544,47.720677,2687.039139,-0.779508,52.735601,8.004020,2.981160,-0.001304
19.350115,19.148950,47.665600,2682.753672,-0.786562,52.749146,8.039839,2.994213,-0.000092
19.371694,19.179044,47.611173,2678.450509,-0.793439,52.764100,8.077169,3.007548,-0.000124
19.392834,19.208113,47.555412,2674.128154,-0.799577,52.776663,8.115569,3.020952,-0.000962
19.412708,19.240769,47.499733,2669.785646,-0.804825,52.791846,8.152547,3.036112,-0.002067
19.434477,19.270969,47.442732,2665.421945,-0.807764,52.805388,8.190342,3.051279,-0.001198
19.455630,19.300592,47.385319,2661.040753,-0.809117,52.820226,8.228709,3.066605,-0.001310
19.476603,19.329649,47.330450,2656.636202,-0.809799,52.836941,8.266557,3.079144,-0.002216
19.496920,19.358414,47.274361,2652.214285,-0.808790,52.850387,8.304399,3.091993,-0.004740
19.518394,19.388113,47.217444,2647.770017,-0.806386,52.865348,8.342828,3.104306,-0.004687
19.540989,19.418831,47.160867,2643.303453,-0.801471,52.879388,8.379908,3.117753,-0.005780
19.563604,19.447942,47.105393,2638.814684,-0.798270,52.893429,8.416123,3.133026,-0.005157
19.584756,19.476386,47.048107,2634.303519,-0.793967,52.906175,8.452786,3.146886,-0.005824
19.604646,19.505457,46.995060,2629.773061,-0.790641,52.920354,8.487894,3.160032,-0.006024
19.625987,19.536073,46.940186,2625.220660,-0.785106,52.935896,8.523523,3.172918,-0.003927
19.646600,19.564388,46.886057,2620.645179,-0.777140,52.950798,8.559855,3.185858,-0.002811
19.668248,19.595217,46.833666,2616.049204,-0.771554,52.964865,8.594105,3.198327,-0.003668
19.691974,19.623948,46.782927,2611.432654,-0.763083,52.978064,8.627602,3.210144,-0.002943
19.712776,19.653700,46.731406,2606.793289,-0.753268,52.991318,8.659112,3.223752,-0.002024
19.734598,19.685009,46.680689,2602.136464,-0.740934,53.003368,8.691210,3.235844,-0.002440
19.755358,19.714426,46.631532,2597.459265,-0.730158,53.016426,8.720082,3.246569,-0.000933
19.776872,19.743106,46.581776,2592.764524,-0.717381,53.031603,8.748198,3.256900,-0.000193
19.798675,19.771961,46.534418,2588.049222,-0.702286,53.046825,8.775281,3.266718,-0.000913
19.818567,19.802667,46.487956,2583.315818,-0.687288,53.060699,8.800897,3.276966,-0.002056
19.838496,19.832699,46.441469,2578.564320,-0.672215,53.077604,8.827174,3.285481,-0.001357
19.857805,19.861554,46.395259,2573.796889,-0.656670,53.091944,8.849265,3.292561,-0.001514
19.879469,19.888850,46.353260,2569.010646,-0.639796,53.106433,8.870609,3.302852,-0.000678
19.900534,19.917600,46.312804,2564.208572,-0.623338,53.119883,8.890820,3.309822,0.000488
19.919899,19.946975,46.272302,2559.392374,-0.605187,53.135531,8.907334,3.316765,-0.000377
19.941023,19.975610,46.234769,2554.562355,-0.585080,53.152575,8.924300,3.324281,-0.000962
19.961324,20.005717,46.195871,2549.720795,-0.564911,53.166066,8.938957,3.330202,-0.000550
19.981039,20.035308,46.158508,2544.863115,-0.548007,53.181367,8.952986,3.334680,0.000895
20.001317,20.064297,46.122102,2539.995916,-0.529565,53.194799,8.965700,3.339147,0.000585
20.021188,20.092908,46.086778,2535.117677,-0.510878,53.209779,8.974558,3.342798,0.000505
20.043856,20.121858,46.053134,2530.229191,-0.492456,53.224168,8.982006,3.345750,0.000888
20.062978,20.153005,46.022152,2525.332724,-0.471537,53.237489,8.985895,3.348093,0.002302
20.083215,20.180300,45.992895,2520.429852,-0.450861,53.251943,8.989784,3.349504,0.000875
20.103348,20.209304,45.963314,2515.520501,-0.432662,53.265488,8.992159,3.349212,0.001856
20.123226,20.238258,45.936722,2510.603553,-0.411662,53.280199,8.990975,3.348607,0.002359
20.143440,20.266792,45.909080,2505.682502,-0.391273,53.292119,8.989790,3.349405,0.001059
20.162708,20.295216,45.883600,2500.757589,-0.374338,53.305368,8.984939,3.346738,0.000131
20.184927,20.324476,45.858187,2495.832945,-0.355354,53.320125,8.979332,3.343405,0.000218
20.205447,20.353534,45.836868,2490.905752,-0.333870,53.334298,8.973041,3.341012,0.001359
20.227783,20.382559,45.816681,2485.977940,-0.317613,53.349617,8.964264,3.338580,0.000718
20.247936,20.410774,45.796174,2481.049508,-0.301394,53.364203,8.955928,3.334950,-0.000029
20.266835,20.440587,45.776425,2476.125063,-0.282613,53.378262,8.943579,3.330113,0.000028
20.286146,20.468046,45.758610,2471.202004,-0.266061,53.393757,8.930987,3.326686,-0.000107
20.305535,20.496905,45.740364,2466.283111,-0.250543,53.407944,8.916529,3.321362,-0.001276
20.325230,20.523777,45.723413,2461.368429,-0.234848,53.422312,8.900623,3.316762,-0.002075
20.345343,20.552377,45.708391,2456.458683,-0.219756,53.436433,8.883513,3.311754,-0.002389
20.363939,20.580247,45.693139,2451.553871,-0.206794,53.449776,8.864005,3.304915,-0.001138
20.381745,20.609228,45.679120,2446.658342,-0.194241,53.464717,8.846582,3.298084,-0.000803
20.401250,20.636758,45.666609,2441.769285,-0.181280,53.479029,8.825748,3.290429,0.000426
20.420781,20.664416,45.654805,2436.887363,-0.169454,53.492820,8.803898,3.282057,0.001957
20.439320,20.691862,45.643102,2432.016015,-0.159841,53.506216,8.780697,3.272337,0.000508
20.458231,20.720336,45.632643,2427.156485,-0.150216,53.523811,8.755893,3.264322,-0.000517
20.477014,20.747115,45.624355,2422.305917,-0.141888,53.537348,8.732058,3.256935,-0.001100
20.496641,20.776175,45.617214,2417.466384,-0.135147,53.551896,8.707997,3.246207,-0.001633
20.516786,20.804673,45.608611,2412.639162,-0.127546,53.566040,8.682257,3.237661,-0.001228
20.535965,20.831103,45.602867,2407.824636,-0.122516,53.578215,8.659298,3.228969,-0.001413
20.556230,20.857608,45.594111,2403.021611,-0.118610,53.593219,8.634234,3.220030,-0.003360
20.576572,20.885396,45.586512,2398.232982,-0.115123,53.607009,8.609521,3.209869,-0.003194
20.594506,20.913700,45.577591,2393.458065,-0.112045,53.620653,8.584160,3.199660,-0.003851
20.613103,20.941700,45.569634,2388.696935,-0.111308,53.635408,8.558031,3.189966,-0.002071
20.632748,20.968341,45.562851,2383.949669,-0.110793,53.648916,8.533384,3.179876,-0.000925
20.650799,20.997600,45.556335,2379.216614,-0.109187,53.662438,8.509413,3.169426,-0.002286
20.669553,21.024494,45.548665,2374.498970,-0.110628,53.675820,8.483044,3.161349,-0.002337
20.687583,21.052455,45.542453,2369.796340,-0.113954,53.689367,8.456294,3.152934,-0.001504
20.707754,21.078654,45.537531,2365.107338,-0.117727,53.703082,8.431860,3.141293,-0.001685
20.726912,21.104951,45.530919,2360.432938,-0.120908,53.716796,8.406253,3.132623,-0.002319
20.746094,21.131593,45.522689,2355.775007,-0.128054,53.730959,8.382657,3.124210,-0.002693
20.763711,21.158987,45.514953,2351.131192,-0.137112,53.744551,8.361743,3.115892,-0.002469
20.782717,21.185736,45.507239,2346.501955,-0.146309,53.758533,8.337821,3.107606,-0.002920
20.802086,21.212858,45.497527,2341.887867,-0.154474,53.772668,8.315434,3.099566,-0.002401
20.821311,21.240149,45.487405,2337.287830,-0.163583,53.786584,8.293379,3.092492,-0.003207
20.838761,21.266306,45.479071,2332.702902,-0.173932,53.799208,8.273287,3.084495,-0.001521
20.856457,21.291909,45.468975,2328.131365,-0.185303,53.815278,8.252841,3.074507,-0.000766
20.873680,21.319024,45.457943,2323.573992,-0.198522,53.830552,8.233562,3.069218,-0.002908
20.892387,21.344826,45.446858,2319.028652,-0.212255,53.845564,8.214791,3.063213,-0.001272
20.909546,21.371552,45.433459,2314.498342,-0.225458,53.861481,8.199175,3.057771,-0.001233
20.928337,21.400432,45.420327,2309.981604,-0.238906,53.875616,8.182274,3.052168,-0.000604
20.945511,21.429014,45.402160,2305.476809,-0.253928,53.889842,8.165587,3.045219,-0.000149
20.963486,21.456085,45.386047,2300.983155,-0.270114,53.902848,8.152588,3.040401,0.000870
20.982966,21.482804,45.369982,2296.501338,-0.288461,53.914897,8.141577,3.035878,0.001912
21.000400,21.509840,45.353153,2292.032827,-0.307321,53.928294,8.130586,3.031971,0.000361
21.016940,21.537047,45.333452,2287.574819,-0.326353,53.941251,8.120240,3.028144,-0.000437
21.038023,21.564013,45.313058,2283.126269,-0.345394,53.957106,8.111200,3.024915,0.001934
21.055613,21.590840,45.292831,2278.685271,-0.363909,53.970115,8.103687,3.021193,0.003569
21.073696,21.617394,45.271354,2274.251514,-0.382746,53.984123,8.098064,3.019778,0.002355
21.090356,21.641998,45.247594,2269.828378,-0.402584,53.998410,8.095507,3.018044,0.003623
21.107766,21.669702,45.223122,2265.413447,-0.421697,54.013021,8.092224,3.017150,0.004334
21.124830,21.696320,45.197214,2261.004000,-0.441778,54.025617,8.089171,3.017188,0.004286
21.141830,21.723393,45.169356,2256.600441,-0.462344,54.040484,8.088312,3.017379,0.002082
21.157232,21.749053,45.142728,2252.204111,-0.483800,54.053801,8.088167,3.016318,0.001040
21.175279,21.774183,45.114133,2247.811092,-0.506026,54.070615,8.089249,3.017098,-0.001445
21.193867,21.800569,45.083949,2243.421678,-0.526845,54.083577,8.092879,3.016899,-0.002294
21.211462,21.827796,45.052278,2239.038088,-0.550665,54.097255,8.096111,3.018547,-0.004020
21.228353,21.854522,45.018755,2234.655114,-0.572986,54.109734,8.102838,3.021902,-0.003493
21.246237,21.879959,44.986253,2230.273854,-0.595474,54.123921,8.110169,3.024668,-0.001902
21.263625,21.905985,44.950767,2225.891673,-0.615520,54.136907,8.120579,3.026555,-0.002597
21.281768,21.928660,44.914149,2221.513159,-0.637067,54.151555,8.129279,3.030081,-0.001303
21.300343,21.955595,44.874836,2217.133213,-0.656016,54.165668,8.139051,3.034954,0.000239
21.317985,21.980863,44.837675,2212.751579,-0.676914,54.180765,8.151274,3.037191,0.000722
21.335728,22.006506,44.796969,2208.370411,-0.696949,54.193975,8.164641,3.041491,0.000191
21.353165,22.033786,44.754983,2203.986817,-0.718951,54.208662,8.179491,3.046883,-0.001391
21.369347,22.058572,44.709723,2199.598962,-0.739213,54.223973,8.195098,3.052517,-0.001394
21.385182,22.083250,44.666249,2195.206882,-0.759222,54.237264,8.212183,3.057270,-0.001265
21.403326,22.109532,44.623071,2190.810430,-0.779186,54.250974,8.228981,3.063802,-0.002059
21.420034,22.135144,44.577259,2186.406698,-0.795988,54.264110,8.248135,3.071839,-0.002525
21.437798,22.160749,44.529918,2181.996604,-0.814082,54.276990,8.267067,3.079428,-0.002591
21.454938,22.186802,44.482545,2177.580767,-0.827549,54.292318,8.288871,3.086816,-0.004364
21.471215,22.212906,44.435159,2173.155781,-0.843858,54.303810,8.311668,3.093739,-0.003695
21.488102,22.239085,44.384612,2168.722257,-0.859622,54.316922,8.333215,3.102372,-0.002611
21.504915,22.263717,44.339229,2164.280325,-0.873818,54.329863,8.356527,3.112248,-0.002806
21.521990,22.289084,44.289020,2159.829402,-0.888030,54.345156,8.379365,3.120343,-0.001319
21.537341,22.314340,44.239416,2155.368802,-0.899753,54.360784,8.405045,3.130268,-0.000078
21.553836,22.339983,44.189827,2150.893822,-0.911394,54.375855,8.429616,3.139260,0.001562
21.570503,22.365840,44.138974,2146.410038,-0.922106,54.390915,8.456597,3.150081,0.002513
21.586391,22.391255,44.085425,2141.912714,-0.932457,54.405893,8.482634,3.158832,0.002275
21.603951,22.414100,44.033290,2137.404375,-0.943418,54.419731,8.508731,3.170239,0.001801
21.617881,22.439004,43.979878,2132.883944,-0.952525,54.431230,8.537141,3.182720,0.001729
21.634054,22.463327,43.927230,2128.349414,-0.961327,54.444271,8.563824,3.193696,-0.000670
21.650048,22.487834,43.872490,2123.800187,-0.969305,54.457164,8.592864,3.203385,-0.001116
21.667992,22.513647,43.818025,2119.238306,-0.973191,54.472072,8.622079,3.213896,-0.000819
21.684032,22.538821,43.763985,2114.657716,-0.979426,54.486858,8.650984,3.226367,-0.001275
21.703429,22.562782,43.708716,2110.066334,-0.983304,54.500643,8.678797,3.237966,-0.001324
21.719052,22.585792,43.653668,2105.459173,-0.983809,54.514233,8.705771,3.249053,-0.000076
21.735959,22.611613,43.600074,2100.837658,-0.987158,54.528182,8.733414,3.258506,0.000182
21.752292,22.637692,43.544660,2096.199084,-0.988367,54.541696,8.759871,3.267295,0.001385
21.768027,22.661496,43.492111,2091.545612,-0.987692,54.554729,8.786822,3.279172,0.000568
21.785352,22.687087,43.437795,2086.876762,-0.986884,54.569203,8.813638,3.288818,0.001387
21.800769,22.712037,43.384397,2082.193131,-0.986057,54.582750,8.840137,3.297219,0.002261
21.818328,22.737918,43.331027,2077.491443,-0.983437,54.595015,8.865530,3.307278,0.000544
21.833495,22.763249,43.279755,2072.775857,-0.979380,54.608372,8.893340,3.314838,0.000297
21.849196,22.787658,43.227840,2068.043433,-0.974714,54.621560,8.918867,3.323627,0.000398
21.865656,22.812039,43.177289,2063.296499,-0.968401,54.636693,8.944295,3.331578,-0.000466
21.881779,22.837291,43.125872,2058.534225,-0.961711,54.650379,8.969392,3.340650,-0.000768
21.899584,22.861660,43.074075,2053.756380,-0.955479,54.665194,8.993403,3.348938,0.000645
21.915322,22.886247,43.023187,2048.964559,-0.946315,54.680552,9.014537,3.358738,0.000133
21.930546,22.910353,42.972388,2044.159330,-0.938756,54.695562,9.038578,3.365708,-0.000001
21.946037,22.935778,42.922152,2039.337520,-0.928675,54.709628,9.058735,3.374054,-0.001073
21.962880,22.958841,42.872070,2034.504710,-0.918056,54.722961,9.078504,3.381122,-0.000366
21.978341,22.982463,42.822800,2029.656652,-0.904496,54.736452,9.096850,3.386368,-0.000532
21.992924,23.005190,42.775065,2024.794651,-0.891903,54.750247,9.114611,3.393180,-0.000786
22.008942,23.028136,42.728691,2019.921502,-0.879647,54.765226,9.131981,3.399824,-0.002264
22.026114,23.050705,42.683566,2015.037740,-0.865632,54.777615,9.147673,3.404141,-0.001187
22.041684,23.072791,42.637957,2010.142541,-0.850482,54.790700,9.159652,3.410152,-0.001750
22.057784,23.095502,42.593443,2005.235485,-0.839501,54.805857,9.172862,3.415903,-0.001001
22.072708,23.120292,42.550085,2000.318100,-0.824078,54.820270,9.182641,3.419031,0.000663
22.087903,23.143963,42.508129,1995.390378,-0.810183,54.834167,9.192400,3.423074,0.001996
22.104590,23.167002,42.466926,1990.454294,-0.793011,54.847603,9.200727,3.426411,0.001265
22.119670,23.188759,42.425713,1985.512281,-0.777984,54.860308,9.207511,3.429293,-0.000177
22.136085,23.213489,42.387166,1980.561357,-0.763700,54.873921,9.214082,3.432211,-0.001141
22.150313,23.237239,42.348678,1975.603745,-0.750188,54.886348,9.217742,3.432503,-0.001822
22.166832,23.260352,42.309985,1970.639977,-0.735428,54.899958,9.221046,3.433168,-0.001272
22.180957,23.283862,42.271479,1965.670848,-0.720298,54.911893,9.220374,3.432914,-0.000678
22.196491,23.306001,42.235165,1960.697426,-0.704441,54.925575,9.221681,3.433149,0.000468
22.211323,23.329192,42.199479,1955.718763,-0.688936,54.939643,9.220790,3.432365,0.002329
22.225484,23.352165,42.163011,1950.737409,-0.673428,54.954292,9.220952,3.432326,0.001623
22.241246,23.375159,42.129366,1945.751521,-0.659046,54.967060,9.220499,3.432888,0.001144
22.255094,23.397289,42.096498,1940.764786,-0.644837,54.979327,9.215131,3.429648,0.002653
22.269144,23.419534,42.065245,1935.778643,-0.631168,54.993030,9.210880,3.426136,0.002685
22.283972,23.442889,42.034131,1930.791518,-0.619789,55.005912,9.205326,3.423462,0.003004
22.297066,23.465473,42.003372,1925.806643,-0.605676,55.020258,9.196911,3.419323,0.001709
22.313058,23.487682,41.974027,1920.823963,-0.594209,55.033072,9.187952,3.416064,0.001392
22.327772,23.511450,41.945164,1915.843321,-0.580666,55.045595,9.177940,3.413219,0.001536
22.342301,23.536024,41.914863,1910.864141,-0.568222,55.059540,9.163565,3.410279,0.002321
22.357488,23.559186,41.884933,1905.887607,-0.555874,55.073510,9.152444,3.406569,0.001829
22.372483,23.583395,41.857832,1900.917261,-0.546142,55.087322,9.140893,3.402331,0.000127
22.386882,23.604224,41.829735,1895.949946,-0.535731,55.101059,9.127483,3.398778,-0.000307
22.402136,23.625245,41.804502,1890.989665,-0.526808,55.113354,9.111398,3.393341,-0.000337
22.416689,23.648033,41.778396,1886.035201,-0.517252,55.128477,9.096806,3.388536,-0.000868
22.430682,23.669769,41.754617,1881.086840,-0.509928,55.142140,9.080200,3.382775,-0.002838
22.445447,23.693746,41.728621,1876.146253,-0.503612,55.155394,9.064158,3.377619,-0.004133
22.459173,23.716793,41.705472,1871.211365,-0.499081,55.169259,9.047625,3.371841,-0.005069
22.472676,23.741396,41.679056,1866.284834,-0.494816,55.183908,9.030632,3.367167,-0.004609
22.488471,23.761968,41.656858,1861.368441,-0.491328,55.198086,9.011635,3.360893,-0.004920
22.503286,23.782803,41.633008,1856.459338,-0.489517,55.211342,8.991917,3.352952,-0.004306
22.517619,23.805123,41.609464,1851.560484,-0.487131,55.224561,8.973620,3.346506,-0.002466
22.531346,23.826554,41.586911,1846.669934,-0.486143,55.239270,8.956627,3.341262,-0.001730
22.545363,23.849351,41.564687,1841.789989,-0.484592,55.250663,8.939796,3.335718,-0.001893
22.559797,23.871862,41.541629,1836.921209,-0.484790,55.264376,8.921604,3.328338,-0.000577
22.574404,23.894281,41.517258,1832.063105,-0.487189,55.277127,8.902496,3.321260,-0.000199
22.588253,23.915190,41.494815,1827.215323,-0.489976,55.291021,8.884279,3.314708,-0.000682
22.601240,23.938436,41.470653,1822.377428,-0.494830,55.305016,8.867735,3.306082,-0.000234
22.615343,23.959108,41.446772,1817.549647,-0.497799,55.319346,8.851099,3.298588,-0.001320
22.627913,23.980271,41.423501,1812.734986,-0.503037,55.332337,8.834311,3.290247,-0.001849
22.640716,24.000895,41.398799,1807.932132,-0.511581,55.345797,8.816514,3.284827,-0.001513
22.653670,24.021918,41.377170,1803.139582,-0.521238,55.358765,8.801037,3.278131,-0.001786
22.669367,24.041226,41.351485,1798.358921,-0.529939,55.370533,8.784845,3.272313,-0.002653
22.681315,24.063798,41.325113,1793.587228,-0.539577,55.383763,8.768737,3.266190,-0.003401
22.695022,24.086741,41.299886,1788.826178,-0.550555,55.397768,8.754469,3.261127,-0.003774
22.707840,24.109640,41.274788,1784.078450,-0.562340,55.410467,8.740464,3.255772,-0.003261
22.721418,24.132799,41.248620,1779.342226,-0.574407,55.421441,8.729615,3.251107,-0.002430
22.735149,24.152536,41.220363,1774.616980,-0.585424,55.433943,8.716898,3.246401,-0.000873
22.748346,24.172834,41.193764,1769.901240,-0.601120,55.449219,8.704013,3.241397,-0.000825
22.762874,24.194516,41.164935,1765.196095,-0.615921,55.461674,8.693575,3.237724,-0.000268
22.776642,24.216312,41.136636,1760.502252,-0.630674,55.475082,8.681794,3.233830,0.000019
22.791965,24.239895,41.106891,1755.817556,-0.649012,55.487967,8.673059,3.231872,-0.000351
22.804875,24.259644,41.077060,1751.141588,-0.666303,55.500797,8.663517,3.227856,-0.000474
22.818245,24.281945,41.043812,1746.476065,-0.684815,55.513927,8.654510,3.224631,0.000510
22.831793,24.301978,41.011589,1741.818948,-0.704805,55.527412,8.646010,3.221008,0.000249
22.844976,24.322248,40.977302,1737.171119,-0.723122,55.541579,8.637977,3.217509,-0.000281
22.858477,24.343558,40.943298,1732.532075,-0.742487,55.553931,8.631948,3.215548,-0.002228
22.870233,24.363129,40.908831,1727.900388,-0.762249,55.566506,8.627213,3.214603,-0.002432
22.883981,24.383378,40.874619,1723.277062,-0.783321,55.578335,8.624133,3.211991,-0.001176
22.896729,24.402215,40.839309,1718.660854,-0.804671,55.591509,8.622273,3.211358,-0.001444
22.910667,24.422918,40.800573,1714.049994,-0.826364,55.605327,8.622306,3.209206,-0.000986
22.923241,24.442358,40.762920,1709.446169,-0.848895,55.617320,8.622633,3.208615,-0.000482
22.937141,24.462381,40.723471,1704.848693,-0.870614,55.630535,8.623052,3.208828,-0.000187
22.949537,24.483526,40.685972,1700.256246,-0.892630,55.643777,8.622719,3.210981,-0.001978
22.961020,24.504695,40.646800,1695.666095,-0.912303,55.657931,8.626624,3.212226,-0.003121
22.975185,24.525497,40.605118,1691.079657,-0.932104,55.671660,8.629536,3.212666,-0.003110
22.987504,24.543048,40.565358,1686.497093,-0.954584,55.684076,8.634471,3.212301,-0.002474
23.001049,24.563567,40.522241,1681.917961,-0.976483,55.697411,8.639878,3.213926,-0.002091
23.011521,24.584868,40.479394,1677.344296,-0.999523,55.709144,8.646278,3.218095,-0.003266
23.024694,24.605386,40.434712,1672.770882,-1.021155,55.720765,8.650755,3.219319,-0.004263
23.037481,24.625865,40.389409,1668.198735,-1.045461,55.733432,8.657264,3.222218,-0.004218
23.050908,24.645511,40.342344,1663.626976,-1.067728,55.746660,8.665712,3.226463,-0.003621
23.064456,24.665948,40.295056,1659.056455,-1.089118,55.759743,8.674125,3.227266,-0.004741
23.076441,24.685035,40.247380,1654.485123,-1.110750,55.772434,8.683457,3.231931,-0.003351
23.089483,24.705018,40.199090,1649.911794,-1.129978,55.784424,8.694846,3.237633,-0.003959
23.102663,24.723702,40.149323,1645.336635,-1.150567,55.797658,8.706578,3.243464,-0.003828
23.114167,24.743367,40.099996,1640.761804,-1.170526,55.810059,8.719525,3.249171,-0.003697
23.127570,24.764274,40.048053,1636.185780,-1.188718,55.822902,8.733424,3.255507,-0.002494
23.139748,24.784903,39.997954,1631.603717,-1.208376,55.835863,8.747410,3.259015,-0.001770
23.152134,24.805800,39.947012,1627.018034,-1.225642,55.847734,8.761934,3.263148,-0.002349
23.166518,24.825042,39.894013,1622.429385,-1.245714,55.861146,8.777161,3.267663,-0.002230
23.179190,24.843251,39.839282,1617.836852,-1.264006,55.872996,8.794726,3.275413,-0.000731
23.189446,24.865007,39.784681,1613.240621,-1.280624,55.885838,8.809934,3.280774,0.000571
23.200785,24.882689,39.730767,1608.638279,-1.296473,55.898870,8.826406,3.286333,0.000827
23.214867,24.902644,39.675629,1604.031243,-1.310877,55.912634,8.843363,3.291909,0.000039
23.224737,24.922316,39.620896,1599.418596,-1.323897,55.926850,8.860734,3.300112,0.000979
23.235581,24.939631,39.565526,1594.801185,-1.336985,55.941558,8.877116,3.308486,0.001272
23.246501,24.957097,39.506840,1590.175115,-1.350642,55.952819,8.896708,3.315515,0.001739
23.260628,24.975768,39.449591,1585.540204,-1.362637,55.965672,8.916242,3.324250,0.001860
23.271134,24.994201,39.392707,1580.898225,-1.371514,55.978672,8.936034,3.331034,0.002127
23.282452,25.012342,39.336308,1576.249272,-1.381150,55.990345,8.955565,3.338002,0.001757
23.294928,25.032680,39.278925,1571.592129,-1.390487,56.003102,8.975257,3.346331,0.003539
23.306232,25.051683,39.221896,1566.927032,-1.400167,56.015863,8.993020,3.353526,0.005229
23.318087,25.071810,39.166344,1562.252120,-1.409841,56.027437,9.010886,3.358912,0.002664
23.330202,25.091342,39.109288,1557.569054,-1.416128,56.038813,9.030479,3.365830,0.003475
23.340754,25.111180,39.051356,1552.879548,-1.422836,56.051927,9.050504,3.372322,0.001838
23.353072,25.131077,38.992932,1548.177910,-1.426482,56.063712,9.068920,3.378082,0.003468
23.365461,25.150708,38.934651,1543.467320,-1.431683,56.077421,9.088255,3.385166,0.002595
23.376211,25.169758,38.876489,1538.748014,-1.433816,56.090269,9.105078,3.390601,0.001638
23.387543,25.188268,38.818835,1534.018127,-1.437167,56.102870,9.124002,3.398551,0.001278
23.398760,25.207093,38.762696,1529.280431,-1.438668,56.114435,9.141502,3.403411,0.003168
23.410635,25.225124,38.704010,1524.531788,-1.440389,56.125439,9.159685,3.409526,0.003041
23.421278,25.242466,38.648663,1519.773346,-1.440921,56.137834,9.175668,3.415645,0.003254
23.433395,25.260495,38.591807,1515.009125,-1.441307,56.150960,9.190723,3.424502,0.002645
23.444868,25.279428,38.535003,1510.233165,-1.439642,56.164554,9.205734,3.429756,0.001149
23.457515,25.297662,38.478280,1505.449567,-1.435818,56.177431,9.222485,3.435802,0.000635
23.468008,25.316519,38.424411,1500.656644,-1.432862,56.189867,9.238789,3.441279,0.000513
23.479137,25.334964,38.367574,1495.856493,-1.429811,56.201212,9.252398,3.446806,-0.000891
23.489819,25.352830,38.310465,1491.046671,-1.427117,56.213815,9.266231,3.453108,0.000332
23.499967,25.372223,38.255043,1486.227246,-1.421765,56.227838,9.278245,3.457658,-0.000091
23.509984,25.389952,38.200465,1481.402313,-1.417167,56.241849,9.288161,3.462435,-0.000821
23.520174,25.407263,38.145340,1476.568820,-1.411447,56.254185,9.297879,3.465967,0.000433
23.530634,25.424219,38.091943,1471.727756,-1.405458,56.264697,9.308003,3.468028,-0.000608
23.541069,25.443619,38.037431,1466.879922,-1.399987,56.276778,9.317694,3.471118,-0.002058
23.551601,25.461304,37.982440,1462.025239,-1.392409,56.289212,9.326807,3.472837,-0.002263
23.563200,25.480704,37.930898,1457.165838,-1.385955,56.301275,9.336273,3.473475,-0.001188
23.574311,25.499234,37.877754,1452.298593,-1.377034,56.312109,9.343742,3.475019,-0.001549
23.586552,25.517032,37.825401,1447.426422,-1.369401,56.325184,9.350195,3.476625,-0.001029
23.597651,25.535306,37.773452,1442.549070,-1.361613,56.338217,9.355424,3.478963,0.000893
23.609305,25.552396,37.723177,1437.669688,-1.352258,56.351128,9.359223,3.479680,0.000420
23.619709,25.568320,37.673247,1432.783564,-1.343327,56.362866,9.361100,3.481068,-0.000457
23.629885,25.585450,37.622918,1427.897511,-1.333842,56.374454,9.360761,3.482772,0.000592
23.639828,25.603283,37.573179,1423.007683,-1.327001,56.386091,9.362471,3.483331,0.002145
23.651258,25.620167,37.525142,1418.114602,-1.319297,56.398663,9.362586,3.484037,0.002629
23.660392,25.636776,37.477252,1413.219465,-1.312295,56.411164,9.360570,3.484098,0.004458
23.672642,25.652926,37.429982,1408.324164,-1.304144,56.423644,9.360065,3.482913,0.003053
23.683956,25.669559,37.380600,1403.428798,-1.298250,56.435395,9.356287,3.482155,0.003665
23.693289,25.687761,37.332560,1398.531545,-1.292021,56.448234,9.351901,3.482257,0.003838
23.704041,25.702966,37.284594,1393.633183,-1.286548,56.461721,9.348383,3.481988,0.005217
23.714994,25.720755,37.238878,1388.738167,-1.282585,56.472363,9.343811,3.481913,0.002722
23.724917,25.737666,37.192272,1383.842394,-1.277130,56.486786,9.338729,3.479160,0.001913
23.736244,25.753281,37.145389,1378.948261,-1.270344,56.498296,9.332928,3.476762,0.002314
23.746206,25.770411,37.099666,1374.059076,-1.265420,56.509473,9.325492,3.474403,0.000736
23.755236,25.786621,37.051644,1369.171378,-1.260539,56.522254,9.320849,3.471886,0.001694
23.762805,25.805029,37.005497,1364.285560,-1.256741,56.533667,9.312382,3.467288,0.001866
23.773997,25.821913,36.961949,1359.405263,-1.253135,56.544740,9.304517,3.463628,0.001811
23.785160,25.839624,36.918163,1354.529395,-1.251507,56.558335,9.297619,3.460730,0.001938
23.796279,25.855802,36.874041,1349.656872,-1.250206,56.568714,9.288227,3.455447,0.001878
23.808164,25.872122,36.829733,1344.790807,-1.248456,56.580706,9.278944,3.451880,0.003082
23.818464,25.888132,36.786554,1339.926030,-1.246040,56.591794,9.266836,3.448792,0.003129
23.824971,25.904294,36.743031,1335.068120,-1.246498,56.603194,9.254845,3.443910,0.005482
23.835832,25.920953,36.699182,1330.218001,-1.250756,56.613751,9.244093,3.441707,0.005589
23.844527,25.937530,36.653978,1325.374489,-1.254298,56.625961,9.231810,3.437119,0.003570
23.854296,25.954021,36.608633,1320.538176,-1.258572,56.637712,9.222675,3.431877,0.002564
23.864330,25.970539,36.565741,1315.707763,-1.263039,56.650235,9.211507,3.428092,0.002824
23.875647,25.986685,36.520911,1310.883862,-1.266347,56.662407,9.200181,3.424895,0.002847
23.884303,26.002458,36.478972,1306.069858,-1.272544,56.673365,9.188364,3.420809,0.003885
23.895006,26.019092,36.434741,1301.263576,-1.279190,56.684652,9.177083,3.417165,0.001679
23.905005,26.034932,36.391977,1296.466586,-1.285769,56.695208,9.164353,3.411563,0.000714
23.914166,26.050300,36.350460,1291.677625,-1.297238,56.705708,9.153114,3.407432,0.003347
23.922910,26.066999,36.305160,1286.895511,-1.308019,56.719038,9.142302,3.403018,0.004057
23.930622,26.083218,36.262931,1282.124175,-1.319647,56.730604,9.131475,3.400673,0.004130
23.938994,26.099461,36.218668,1277.360780,-1.330627,56.743405,9.122369,3.395991,0.004674
23.949531,26.114043,36.173679,1272.605722,-1.342327,56.754888,9.111474,3.391001,0.003849
23.959284,26.128693,36.129295,1267.860092,-1.354872,56.765551,9.101121,3.387101,0.003239
23.969610,26.144388,36.083941,1263.123363,-1.371891,56.777071,9.090764,3.384052,0.005769
23.977511,26.159863,36.038994,1258.397730,-1.387517,56.789079,9.081250,3.378504,0.004779
23.987450,26.175509,35.993168,1253.681959,-1.407545,56.799775,9.070746,3.374981,0.006258
23.997495,26.190301,35.945507,1248.976482,-1.426326,56.810987,9.061707,3.371739,0.005671
24.008402,26.205583,35.899583,1244.280286,-1.445709,56.823710,9.054971,3.371249,0.005662
24.017730,26.220792,35.850361,1239.593277,-1.464547,56.834370,9.046748,3.368914,0.004550
24.027032,26.235950,35.803102,1234.914829,-1.480427,56.845223,9.040389,3.366833,0.003629
24.036809,26.251376,35.755529,1230.246346,-1.501604,56.857347,9.033652,3.364697,0.002436
24.046201,26.266569,35.705790,1225.586025,-1.524222,56.867534,9.026258,3.361762,0.002033
24.054498,26.281646,35.655500,1220.933572,-1.545509,56.877571,9.018934,3.358057,0.002754
24.062479,26.296788,35.606926,1216.292356,-1.567695,56.888782,9.014060,3.356893,0.003285
24.069985,26.311031,35.556808,1211.661319,-1.590868,56.900889,9.009055,3.355511,0.001083
24.078757,26.325100,35.505361,1207.036262,-1.616103,56.911020,9.005056,3.354107,-0.000116
24.087845,26.340104,35.454227,1202.421102,-1.639124,56.921992,8.998911,3.352682,0.000254
24.096733,26.355252,35.403300,1197.814521,-1.664784,56.934723,8.995365,3.350658,0.000305
24.105929,26.369817,35.349928,1193.215737,-1.690495,56.945435,8.993642,3.348831,-0.002331
24.115339,26.384324,35.296583,1188.624640,-1.718611,56.958495,8.991767,3.348312,-0.000995
24.123977,26.399805,35.244946,1184.040156,-1.743469,56.970100,8.989635,3.347653,-0.000948
24.132441,26.413497,35.189906,1179.463296,-1.768843,56.980536,8.989030,3.348926,0.000306
24.140810,26.428756,35.135506,1174.893239,-1.796129,56.993244,8.988095,3.348714,0.000838
24.149719,26.442544,35.079572,1170.330661,-1.823912,57.004852,8.988461,3.348748,-0.000838
24.159095,26.457669,35.022263,1165.774063,-1.851248,57.014558,8.989530,3.349426,0.000302
24.166498,26.472499,34.966754,1161.225120,-1.878700,57.025364,8.991236,3.350823,-0.001190
24.173697,26.488129,34.908639,1156.679972,-1.906861,57.035785,8.993829,3.351946,-0.000775
24.180250,26.501883,34.851618,1152.141995,-1.936118,57.045814,8.997436,3.354019,-0.000482
24.188416,26.514353,34.792701,1147.608258,-1.964244,57.056640,9.000523,3.354128,0.000051
24.196022,26.527985,34.734168,1143.081262,-1.993027,57.067278,9.004311,3.357673,0.000446
24.206069,26.541486,34.675954,1138.556683,-2.020136,57.079268,9.009627,3.358569,0.001041
24.215335,26.555302,34.615924,1134.038307,-2.048213,57.091237,9.013564,3.360138,0.001157
24.223295,26.569898,34.553947,1129.522517,-2.076456,57.101775,9.020153,3.360960,0.001005
24.232593,26.583349,34.491948,1125.012126,-2.105194,57.113182,9.025418,3.363531,0.000769
24.241284,26.598316,34.428743,1120.504378,-2.134370,57.123535,9.032984,3.366996,0.001320
24.248398,26.614471,34.366448,1115.998866,-2.162059,57.135066,9.040362,3.367785,0.002968
24.257151,26.626658,34.303407,1111.497932,-2.188082,57.146325,9.046682,3.371481,0.002587
24.264928,26.640541,34.237799,1106.999345,-2.213130,57.157916,9.053996,3.374471,0.002812
24.275034,26.654608,34.172202,1102.502213,-2.239431,57.169828,9.061395,3.377086,0.002315
24.283407,26.666983,34.108700,1098.007078,-2.264074,57.181970,9.071207,3.379089,0.002046
24.289232,26.679539,34.044675,1093.512953,-2.288736,57.194090,9.080016,3.384320,0.001921
24.294852,26.691984,33.976451,1089.022228,-2.311151,57.205967,9.090840,3.388237,0.001474
24.302844,26.706290,33.910528,1084.532570,-2.335594,57.216716,9.100476,3.390434,0.002876
24.312454,26.719842,33.843445,1080.042480,-2.358523,57.227532,9.109749,3.392926,0.002985
24.319339,26.735341,33.776957,1075.553557,-2.381130,57.237483,9.120650,3.396385,0.002402
24.326417,26.748476,33.709469,1071.063869,-2.405149,57.248858,9.131608,3.400532,0.001243
24.333644,26.761862,33.641629,1066.575063,-2.427433,57.261511,9.143014,3.405294,0.000929
24.341101,26.776096,33.572932,1062.084946,-2.447705,57.271771,9.152853,3.408450,0.002164
24.351268,26.787912,33.502947,1057.592895,-2.469057,57.282498,9.162336,3.411885,0.002236
24.356767,26.799437,33.435129,1053.101397,-2.487159,57.293206,9.172008,3.414686,0.001906
24.364804,26.813874,33.366052,1048.609342,-2.508133,57.303058,9.182328,3.417373,0.002868
24.373089,26.825464,33.297517,1044.118838,-2.525783,57.313440,9.192012,3.421523,0.001407
24.380672,26.836770,33.229174,1039.627377,-2.545816,57.324655,9.201436,3.428144,0.001962
24.389117,26.848531,33.158852,1035.133873,-2.563581,57.336008,9.210614,3.431488,0.003613
24.396532,26.862460,33.089727,1030.640123,-2.583575,57.346152,9.219798,3.434932,0.002582
24.404579,26.873748,33.019486,1026.143860,-2.600903,57.356446,9.229995,3.439070,-0.000128
24.410768,26.887327,32.950360,1021.646151,-2.618344,57.364775,9.241123,3.444149,-0.000145
24.418739,26.899754,32.879198,1017.148547,-2.633409,57.375422,9.250717,3.447251,0.000173
24.425935,26.912716,32.809078,1012.650253,-2.648673,57.385812,9.259385,3.450487,-0.000727
24.433642,26.922890,32.737473,1008.147414,-2.663452,57.398875,9.269926,3.455102,-0.003328
24.440119,26.935618,32.666043,1003.644340,-2.677525,57.409426,9.279070,3.458069,-0.004412
24.446256,26.949128,32.595063,999.140673,-2.693996,57.420906,9.287918,3.460918,-0.004191
0.049048,0.044445,53.161615,5031.834012,-0.367545,45.000814,13.058411,4.865551,-0.004236
0.096154,0.092399,53.122348,5024.602285,-0.232586,45.001429,13.093124,4.880432,-0.003245
0.144643,0.139872,53.099514,5017.325600,-0.099112,45.002095,13.094853,4.879335,-0.003483
0.191071,0.187085,53.097339,5010.023566,0.035755,45.003559,13.064402,4.869020,-0.003112
0.238242,0.234962,53.112528,5002.713344,0.170797,45.003372,13.001437,4.843976,-0.002382
0.284980,0.284186,53.143827,4995.413037,0.303758,45.003870,12.905567,4.808079,-0.002764
0.332511,0.329924,53.191424,4988.140617,0.431911,45.003321,12.781163,4.761600,-0.002814
0.381745,0.377450,53.256633,4980.913761,0.560588,45.001829,12.625762,4.705108,-0.001773
0.428157,0.423384,53.338096,4973.746977,0.685910,45.002416,12.445060,4.639733,-0.001134
0.474320,0.470763,53.433886,4966.657731,0.807680,45.002339,12.239642,4.564003,-0.001642
0.522534,0.518613,53.547464,4959.658138,0.927283,45.003201,12.013751,4.478897,-0.000218
0.568889,0.567364,53.675209,4952.764433,1.041571,45.002683,11.766379,4.386502,-0.000405
0.614970,0.615125,53.818670,4945.984832,1.151486,45.004046,11.501878,4.287294,0.000062
0.662404,0.662756,53.971374,4939.334911,1.200719,45.142370,11.228876,4.183499,43.998139
0.709785,0.709780,54.130297,4932.827319,1.246190,45.275903,10.952715,4.080022,43.996026
0.756362,0.756244,54.293385,4926.463019,1.288266,45.406064,10.677873,3.975662,43.996695
0.802066,0.802705,54.461726,4920.240884,1.327307,45.535060,10.400956,3.872503,43.996635
0.845991,0.848343,54.634799,4914.164740,1.363493,45.660529,10.125811,3.769404,43.997188
0.892681,0.895521,54.812457,4908.234768,1.395259,45.783468,9.853200,3.667508,43.998532
0.938456,0.941554,54.994403,4902.448759,1.422295,45.902859,9.582869,3.565889,43.996010
0.982941,0.989239,55.180073,4896.806223,1.447137,46.020394,9.317684,3.465734,43.996285
1.027698,1.036947,55.366528,4891.305216,1.468061,46.133254,9.054296,3.368725,43.998001
1.074490,1.082034,55.554478,4885.943612,1.485065,46.245467,8.797980,3.274480,43.998774
1.118633,1.128508,55.744494,4880.719644,1.498387,46.351095,8.547269,3.180517,43.997912
1.162862,1.175307,55.936057,4875.630666,1.506695,46.454187,8.301479,3.090158,43.998598
1.207309,1.222253,56.127740,4870.675409,1.514993,46.554091,8.063867,3.001505,43.998012
1.251182,1.269449,56.321909,4865.851029,1.520686,46.650997,7.831362,2.915420,43.997224
1.296508,1.315655,56.514089,4861.154897,1.522879,46.747896,7.605119,2.830229,43.998089
1.342017,1.363397,56.707451,4856.581343,1.522237,46.841032,7.386081,2.750438,43.997773
1.387529,1.409599,56.900174,4852.129526,1.517862,46.933249,7.175004,2.670669,43.998936
1.430604,1.457536,57.093297,4847.793707,1.511498,47.021125,6.970887,2.595918,43.997962
1.474468,1.506368,57.284815,4843.571592,1.502396,47.107812,6.773196,2.521417,43.999469
1.518169,1.554108,57.475836,4839.461494,1.490591,47.190845,6.583808,2.452047,44.000098
1.560937,1.602813,57.664379,4835.459499,1.475539,47.272830,6.400828,2.383523,43.999678
1.604627,1.649269,57.850774,4831.560647,1.457624,47.351605,6.226645,2.318019,43.999395
1.647957,1.696926,58.035587,4827.760959,1.438971,47.429741,6.059191,2.255602,43.999857
1.691655,1.743853,58.217198,4824.060601,1.419805,47.506014,5.896949,2.193937,44.002102
1.735183,1.792025,58.393927,4820.452801,1.395078,47.580351,5.743414,2.136251,44.001221
1.779911,1.840165,58.567884,4816.936335,1.370117,47.652027,5.595321,2.082308,44.002589
1.824814,1.888673,58.737959,4813.506531,1.342609,47.722227,5.454715,2.030077,44.002052
1.868332,1.936131,58.906781,4810.161920,1.314480,47.791571,5.322796,1.978981,44.001587
1.913689,1.983736,59.070938,4806.896809,1.283387,47.858096,5.195450,1.932621,44.001468
1.956330,2.030334,59.230547,4803.710532,1.249286,47.923416,5.072495,1.885793,44.000321
1.998772,2.077754,59.385162,4800.599204,1.215089,47.988533,4.957174,1.842612,43.999426
2.042731,2.124714,59.536646,4797.558452,1.178413,48.049633,4.847790,1.801470,43.999260
2.085929,2.171457,59.682979,4794.587131,1.141042,48.108617,4.743473,1.764248,43.998851
2.129701,2.218532,59.823843,4791.681714,1.103820,48.169746,4.644618,1.728206,43.997756
2.172211,2.265740,59.959691,4788.841534,1.062778,48.226907,4.552741,1.694503,43.997976
2.213319,2.315462,60.088943,4786.059564,1.019740,48.284790,4.464023,1.661599,43.998701
2.256076,2.363153,60.213950,4783.338370,0.976192,48.342700,4.381578,1.631046,43.998093
2.298962,2.411504,60.332667,4780.673610,0.933080,48.397708,4.302964,1.602449,44.000302
2.342371,2.459501,60.446295,4778.061716,0.888931,48.453100,4.230254,1.576876,44.000135
2.385273,2.507629,60.553825,4775.498647,0.842952,48.507613,4.162621,1.551499,43.998268
2.425854,2.555900,60.656545,4772.985471,0.796064,48.563232,4.097739,1.526582,44.000491
2.467959,2.604469,60.752439,4770.517357,0.748458,48.615674,4.038895,1.505150,43.999668
2.510480,2.654437,60.842802,4768.093451,0.699347,48.667766,3.983419,1.482957,43.998504
2.551565,2.702825,60.927048,4765.712539,0.649551,48.720188,3.930113,1.463646,43.997553
2.594150,2.751462,61.005755,4763.370828,0.599484,48.773095,3.883173,1.446099,43.998598
2.636420,2.800012,61.077004,4761.067905,0.548121,48.824422,3.839683,1.429526,44.000119
2.678019,2.846572,61.144929,4758.802253,0.497046,48.875369,3.802890,1.414850,43.999988
2.720121,2.895998,61.203822,4756.568501,0.446019,48.927343,3.768720,1.401424,44.000473
2.762006,2.943722,61.256661,4754.366105,0.392811,48.977806,3.735430,1.389956,44.001076
2.803567,2.991933,61.301513,4752.195430,0.340173,49.028191,3.709312,1.379822,44.002148
2.844784,3.039832,61.341939,4750.050304,0.287207,49.079017,3.686467,1.370623,44.002252
2.886229,3.086376,61.374414,4747.931022,0.233438,49.128751,3.666877,1.363908,44.000305
2.928097,3.132260,61.400549,4745.835381,0.179860,49.176343,3.652884,1.358159,44.000905
2.969267,3.181376,61.419532,4743.762477,0.125141,49.226098,3.637329,1.353661,43.999998
3.012117,3.230363,61.431373,4741.710238,0.070336,49.273544,3.628887,1.350911,44.000790
3.053991,3.278206,61.435339,4739.675904,0.015664,49.321303,3.624303,1.347450,44.000375
3.096168,3.326963,61.433860,4737.656655,-0.039012,49.371369,3.623228,1.347497,43.999658
3.136073,3.373356,61.427368,4735.651262,-0.093590,49.418559,3.622611,1.349511,43.999403
3.176408,3.420714,61.413085,4733.659948,-0.146767,49.467707,3.626084,1.350020,43.999939
3.217054,3.469058,61.389668,4731.677581,-0.201336,49.518080,3.635089,1.353019,43.999531
3.259008,3.515800,61.361813,4729.703927,-0.256405,49.566857,3.644444,1.358669,43.999424
3.300095,3.563893,61.328086,4727.737050,-0.309991,49.615438,3.659060,1.363648,43.999688
3.338891,3.612303,61.287009,4725.772983,-0.366251,49.664511,3.677221,1.370891,44.000297
3.380161,3.659958,61.237551,4723.812894,-0.421086,49.713350,3.699952,1.377275,44.001804
3.420545,3.708720,61.181638,4721.854394,-0.473241,49.764795,3.725660,1.387948,44.003059
3.462984,3.758119,61.121689,4719.891151,-0.528415,49.816007,3.752949,1.398523,44.003453
3.501094,3.807364,61.053408,4717.926350,-0.583596,49.868380,3.786811,1.409024,44.003475
3.541582,3.855614,60.978543,4715.952847,-0.635404,49.921174,3.823255,1.422861,44.002117
3.581331,3.904056,60.896170,4713.972547,-0.689393,49.972926,3.864532,1.439091,44.003588
3.621582,3.953048,60.809469,4711.981098,-0.741567,50.025471,3.908006,1.455568,44.002383
3.661083,4.002816,60.714580,4709.976417,-0.792429,50.078493,3.956691,1.474383,44.002468
3.701724,4.052001,60.612116,4707.956710,-0.843335,50.133214,4.009292,1.492176,44.003924
3.741547,4.099224,60.506543,4705.919045,-0.891139,50.187778,4.068753,1.512701,44.002420
3.780893,4.147567,60.392601,4703.860616,-0.940030,50.245225,4.131096,1.534877,44.002271
3.820652,4.198342,60.272967,4701.780290,-0.988848,50.301597,4.194528,1.560885,44.003123
3.862252,4.245379,60.147969,4699.673868,-1.037134,50.360140,4.265496,1.586602,44.000730
3.901407,4.292900,60.018412,4697.538636,-1.084699,50.419175,4.340265,1.613630,44.001434
3.941334,4.342825,59.881533,4695.371293,-1.132271,50.479721,4.419052,1.643847,44.001124
3.980492,4.391582,59.741148,4693.169262,-1.177349,50.540809,4.504760,1.676402,44.002388
4.020911,4.440607,59.596591,4690.929707,-1.221998,50.601035,4.592902,1.709945,44.002105
4.061129,4.489518,59.442607,4688.649965,-1.265176,50.664830,4.688294,1.744759,44.001979
4.101807,4.539091,59.284622,4686.328320,-1.307157,50.729232,4.788148,1.784172,44.001855
4.142073,4.587770,59.121376,4683.956204,-1.345514,50.797687,4.893650,1.824420,44.001950
4.181581,4.635837,58.953895,4681.535260,-1.384371,50.866420,5.005492,1.865640,44.001892
4.220076,4.683700,58.781509,4679.059819,-1.423870,50.936860,5.121524,1.909520,44.000485
4.258955,4.732856,58.606423,4676.526751,-1.460063,51.008328,5.245602,1.955310,44.000116
4.298090,4.779746,58.424199,4673.931976,-1.493731,51.081056,5.374401,2.001073,44.001153
4.338365,4.827649,58.238312,4671.272419,-1.528025,51.155012,5.509176,2.052212,44.001434
4.376022,4.877008,58.049891,4668.540434,-1.558015,51.230618,5.649991,2.104823,44.002977
4.416326,4.926285,57.855467,4665.736746,-1.589328,51.309080,5.796612,2.159514,44.003666
4.455438,4.972751,57.659944,4662.857867,-1.616956,51.390687,5.952314,2.216361,44.003583
4.495515,5.024192,57.460822,4659.895269,-1.642662,51.472740,6.115065,2.276443,44.001203
4.533036,5.073417,57.260020,4656.847188,-1.666762,51.557664,6.282965,2.338026,44.001663
4.571763,5.120557,57.055346,4653.710411,-1.687110,51.644597,6.457861,2.404045,44.000940
4.609475,5.168768,56.847534,4650.477704,-1.708672,51.733856,6.639311,2.471196,44.001336
4.648173,5.218018,56.639039,4647.147177,-1.726258,51.824219,6.828508,2.541097,43.999664
4.687227,5.266242,56.427937,4643.713502,-1.742266,51.919322,7.021070,2.616741,43.998187
4.724498,5.316488,56.215717,4640.173601,-1.754226,52.014901,7.221397,2.691881,43.999778
4.763673,5.364301,56.004014,4636.521536,-1.762968,52.113921,7.430572,2.770237,44.001504
4.801483,5.413215,55.790997,4632.753986,-1.768864,52.215339,7.646012,2.849609,44.000972
4.838605,5.462735,55.577414,4628.866505,-1.773315,52.322624,7.866347,2.933638,44.002869
4.877512,5.509857,55.362886,4624.853780,-1.774303,52.430790,8.091785,3.017972,44.002682
4.916021,5.560080,55.150882,4620.712405,-1.772156,52.540818,8.324337,3.105173,44.002514
4.953341,5.607149,54.936785,4616.438064,-1.766554,52.656432,8.561929,3.193388,44.001562
4.990874,5.657314,54.723208,4612.026961,-1.757458,52.773885,8.807180,3.281594,44.001774
5.027134,5.706074,54.511324,4607.477808,-1.746302,52.893821,9.054096,3.373919,44.002199
5.064034,5.755908,54.301352,4602.785843,-1.731758,53.019756,9.307144,3.466795,44.002689
5.099308,5.804802,54.094025,4597.948100,-1.714843,53.149163,9.561320,3.561231,44.000673
5.135565,5.855367,53.890618,4592.961748,-1.694838,53.280521,9.819718,3.656268,44.000665
5.171713,5.906180,53.687918,4587.826032,-1.670015,53.415284,10.078523,3.752628,44.000755
5.208984,5.953855,53.491200,4582.538779,-1.640885,53.554111,10.340581,3.849870,43.998875
5.244057,6.003582,53.297639,4577.096067,-1.608293,53.696518,10.601992,3.948119,43.997865
5.279485,6.053667,53.106353,4571.500130,-1.573237,53.841429,10.863158,4.045149,43.998067
5.314384,6.103095,52.919703,4565.750078,-1.534344,53.990416,11.122151,4.142332,43.998017
5.350623,6.153005,52.742195,4559.844926,-1.491574,54.144316,11.378125,4.239361,43.998459
5.385608,6.203382,52.566616,4553.787521,-1.445503,54.299941,11.629590,4.334139,43.997833
5.420770,6.252495,52.395977,4547.577963,-1.397328,54.459584,11.877014,4.427071,43.997608
5.458394,6.301494,52.233786,4541.219376,-1.345465,54.623023,12.117437,4.516185,43.997662
5.494038,6.351207,52.079062,4534.715954,-1.291204,54.789859,12.350783,4.601712,43.999211
5.530429,6.404178,51.927188,4528.069814,-1.233840,54.960598,12.577590,4.685732,43.999571
5.562959,6.455407,51.784590,4521.283887,-1.173125,55.136067,12.792974,4.767078,44.000145
5.597380,6.504901,51.648486,4514.364537,-1.109184,55.313260,12.996911,4.843458,44.002575
5.630639,6.555732,51.521498,4507.318665,-1.043542,55.493604,13.191345,4.915379,44.002216
5.664943,6.607161,51.402976,4500.150465,-0.972961,55.678074,13.368683,4.982770,44.002209
5.698879,6.656435,51.292088,4492.866829,-0.904079,55.862724,13.533292,5.044885,44.000639
5.731862,6.706454,51.190896,4485.478175,-0.831456,56.050401,13.686673,5.100152,43.998984
5.764681,6.755282,51.099293,4477.992610,-0.758534,56.239573,13.819033,5.148830,43.999911
5.798022,6.806845,51.016141,4470.416326,-0.680453,56.431125,13.935732,5.191128,43.999777
5.830499,6.856412,50.942664,4462.762100,-0.601736,56.623911,14.035347,5.229206,44.001476
5.863219,6.907272,50.875798,4455.034784,-0.523440,56.818747,14.116870,5.259992,44.000870
5.895995,6.957610,50.818680,4447.246401,-0.443489,57.015607,14.179251,5.282261,44.002158
5.928156,7.009579,50.772935,4439.410424,-0.363545,57.212852,14.220825,5.299384,44.001475
5.959616,7.059594,50.735271,4431.535575,-0.282351,57.409127,14.244985,5.309503,44.000800
5.990918,7.109886,50.708009,4423.631758,-0.200598,57.607987,14.250885,5.309841,44.000029
6.023680,7.160295,50.689763,4415.710759,-0.118826,57.806741,14.237160,5.304733,43.999979
6.054916,7.210269,50.681246,4407.781280,-0.038196,58.006917,14.205263,5.290673,43.998918
6.086652,7.258984,50.680826,4399.855784,0.041593,58.207518,14.152475,5.273213,43.998044
6.117605,7.307862,50.692051,4391.944649,0.122119,58.405445,14.083662,5.246368,43.998641
6.147860,7.359478,50.710302,4384.057745,0.197384,58.602321,13.996486,5.214374,43.999430
6.180015,7.407149,50.737970,4376.203671,0.275204,58.800420,13.892580,5.175546,43.999824
6.211417,7.454992,50.774583,4368.391834,0.348671,58.997152,13.772483,5.133392,43.999493
6.240479,7.505824,50.818710,4360.633015,0.420662,59.192875,13.638120,5.083108,43.998732
6.271575,7.555314,50.870047,4352.935656,0.491232,59.384956,13.490455,5.026444,43.998983
6.300124,7.606398,50.930628,4345.306706,0.559672,59.576621,13.330322,4.965098,44.000031
6.330665,7.656989,50.998882,4337.751896,0.625857,59.766013,13.156969,4.902573,44.000060
6.359091,7.707593,51.073192,4330.279663,0.687187,59.953292,12.974726,4.834465,44.000405
6.387499,7.758572,51.155677,4322.898740,0.748243,60.137899,12.783421,4.762133,44.001040
6.416801,7.808312,51.244007,4315.615073,0.807157,60.320127,12.581305,4.687953,44.001606
6.446090,7.858335,51.338483,4308.429522,0.861403,60.500240,12.373233,4.611467,44.001391
6.475365,7.909406,51.440377,4301.347210,0.913749,60.679275,12.160556,4.531594,44.000855
6.503075,7.959488,51.546701,4294.374163,0.963599,60.855289,11.942661,4.450203,44.000475
6.532978,8.012230,51.657590,4287.511964,1.007901,61.026064,11.719141,4.366238,44.000816
6.561761,8.063684,51.773497,4280.766753,1.051179,61.193838,11.494551,4.280593,44.000134
6.590082,8.113366,51.893303,4274.136160,1.090111,61.359770,11.267545,4.196041,43.999692
6.614523,8.164773,52.019541,4267.623054,1.124799,61.523287,11.038933,4.110246,43.999751
6.642055,8.215549,52.147527,4261.228201,1.158022,61.682972,10.809441,4.025147,44.001528
6.667034,8.267169,52.277908,4254.955685,1.186556,61.839674,10.580033,3.939255,44.000664
6.693117,8.318303,52.411037,4248.804359,1.211628,61.993409,10.350384,3.854058,44.000364
6.720164,8.369196,52.545141,4242.773261,1.232453,62.143031,10.124739,3.770877,43.999979
6.744443,8.418832,52.683106,4236.861637,1.249941,62.290478,9.902531,3.688506,43.999435
6.771373,8.466842,52.821721,4231.069606,1.263663,62.437014,9.683869,3.607766,43.999498
6.797308,8.515758,52.964179,4225.393602,1.274762,62.580244,9.470869,3.526523,43.998159
6.823811,8.565062,53.105962,4219.835267,1.283309,62.720488,9.261143,3.448360,43.997552
6.850251,8.613493,53.248007,4214.392382,1.287156,62.859619,9.053483,3.371194,43.997499
6.875050,8.663946,53.391040,4209.063818,1.289266,62.993191,8.851913,3.297118,43.997905
6.901200,8.715248,53.534666,4203.848013,1.289339,63.124369,8.654929,3.225380,43.997709
6.927727,8.766091,53.676930,4198.740458,1.283818,63.252204,8.462025,3.153932,43.998508
6.953668,8.816961,53.816957,4193.739923,1.275447,63.377724,8.276596,3.085248,43.997706
6.977622,8.868980,53.957901,4188.843843,1.266025,63.501965,8.096890,3.019208,43.996982
7.003236,8.920328,54.097531,4184.048243,1.254081,63.623569,7.923415,2.954258,43.996720
7.026451,8.970867,54.233473,4179.354009,1.238571,63.743772,7.754791,2.890467,43.997371
7.051942,9.021310,54.369440,4174.756764,1.221665,63.860436,7.592695,2.831639,43.997487
7.075355,9.071118,54.502368,4170.251832,1.201411,63.973607,7.436269,2.774143,43.996922
7.101497,9.120565,54.630847,4165.836086,1.178434,64.087112,7.285186,2.717567,43.997541
7.126366,9.170764,54.757452,4161.510439,1.154193,64.198919,7.141800,2.663333,43.994542
7.150047,9.220664,54.881563,4157.269025,1.126568,64.309402,7.002479,2.613896,43.996662
7.173307,9.272456,55.002864,4153.112435,1.098091,64.417489,6.871265,2.563358,43.996328
7.197316,9.323067,55.118398,4149.037196,1.065376,64.522805,6.745087,2.516638,43.996909
7.221874,9.372506,55.233893,4145.037271,1.032687,64.626836,6.625152,2.470905,43.996993
7.244656,9.423909,55.345068,4141.112173,0.998582,64.731405,6.510751,2.429126,43.996267
7.266019,9.474085,55.451039,4137.258704,0.960398,64.832701,6.402322,2.388786,43.997641
7.289656,9.523999,55.552806,4133.471247,0.921009,64.930801,6.298700,2.349905,43.998727
7.311423,9.575859,55.648558,4129.750367,0.880461,65.028067,6.202634,2.313574,43.998011
7.336323,9.628038,55.741919,4126.094060,0.838822,65.124219,6.111611,2.277542,43.999595
7.359340,9.678706,55.830896,4122.494651,0.796235,65.220007,6.024608,2.244481,44.000695
7.384235,9.730605,55.913668,4118.955566,0.750434,65.314076,5.944811,2.214862,44.000458
7.407904,9.779783,55.993508,4115.466605,0.738110,65.320630,5.869209,2.185852,-0.000425
7.431573,9.830861,56.071211,4112.023562,0.725750,65.328292,5.793469,2.158689,-0.001211
7.454401,9.881298,56.148592,4108.621723,0.710797,65.336554,5.721317,2.135000,-0.001644
7.478539,9.932576,56.222827,4105.266974,0.693159,65.345309,5.650556,2.108166,-0.002831
7.502511,9.982370,56.296870,4101.953284,0.674369,65.352907,5.583328,2.082710,-0.003616
7.525811,10.033240,56.368443,4098.682536,0.655398,65.361370,5.518789,2.058031,-0.001786
7.547990,10.083627,56.437889,4095.452593,0.632965,65.369948,5.455740,2.035418,-0.001876
7.569680,10.134215,56.503459,4092.260854,0.612584,65.380234,5.396936,2.014310,-0.001388
7.590516,10.183455,56.567977,4089.107913,0.587523,65.385811,5.341371,1.993443,-0.002264
7.613711,10.236393,56.628776,4085.991605,0.559521,65.394768,5.288100,1.970958,-0.000196
7.636175,10.287146,56.686648,4082.911531,0.532525,65.401657,5.237248,1.953079,-0.000128
7.658575,10.335959,56.744212,4079.866445,0.504018,65.411034,5.189519,1.934615,0.000799
7.680625,10.384779,56.797525,4076.856553,0.474595,65.421636,5.143489,1.918429,0.001845
7.702458,10.434363,56.847007,4073.876972,0.444477,65.431508,5.099565,1.902360,0.001724
7.724076,10.484367,56.893664,4070.927879,0.415145,65.440169,5.058808,1.887669,0.002267
7.745943,10.533524,56.935806,4068.009247,0.382603,65.447165,5.022355,1.872936,0.001550
7.767639,10.583541,56.975275,4065.120364,0.351366,65.455891,4.987945,1.859804,0.000520
7.792666,10.632954,57.011172,4062.257972,0.317369,65.463946,4.954678,1.846348,-0.001165
7.815996,10.682791,57.043137,4059.419294,0.283698,65.473261,4.923540,1.835259,-0.001116
7.839934,10.732834,57.071309,4056.607329,0.248749,65.481571,4.896237,1.825496,-0.002233
7.862168,10.783997,57.096644,4053.816747,0.213629,65.489359,4.869564,1.816730,-0.001710
7.884395,10.832839,57.118123,4051.048793,0.177914,65.497775,4.849761,1.809116,-0.001099
7.906456,10.882430,57.134869,4048.299040,0.141172,65.506115,4.832054,1.800915,-0.000939
7.928257,10.932199,57.148671,4045.570005,0.105270,65.513179,4.814860,1.796641,0.000210
7.951875,10.980938,57.158554,4042.859256,0.069496,65.520960,4.804086,1.792585,-0.001003
7.974226,11.031222,57.163540,4040.161690,0.032271,65.529402,4.794943,1.790030,-0.002391
7.996773,11.082299,57.163848,4037.478534,-0.005787,65.538863,4.787591,1.788867,-0.001135
8.019525,11.131009,57.159062,4034.808444,-0.044948,65.545357,4.783567,1.786184,-0.002114
8.040613,11.180232,57.153849,4032.149038,-0.083949,65.555823,4.782656,1.784327,-0.001591
8.064492,11.228721,57.143047,4029.501448,-0.121374,65.564645,4.783039,1.783046,0.000142
8.086895,11.277541,57.127173,4026.863428,-0.159719,65.573460,4.787493,1.784628,0.000490
8.109722,11.327494,57.111237,4024.230447,-0.197279,65.581806,4.791532,1.787112,-0.000963
8.131948,11.375732,57.087515,4021.604274,-0.234299,65.591134,4.801239,1.791342,-0.000978
8.153891,11.423281,57.060748,4018.981589,-0.271825,65.600746,4.812360,1.795933,0.000505
8.176404,11.473551,57.029689,4016.362477,-0.311005,65.609622,4.829056,1.800849,-0.000109
8.197448,11.524308,56.994140,4013.741168,-0.350210,65.617294,4.846022,1.806810,0.001565
8.220448,11.573984,56.954966,4011.120390,-0.385922,65.625940,4.866961,1.812005,0.001303
8.242160,11.622208,56.913213,4008.495956,-0.423522,65.634578,4.889817,1.820838,-0.000257
8.266418,11.671458,56.866896,4005.866751,-0.459510,65.641929,4.916122,1.832882,0.000564
8.288242,11.719563,56.817382,4003.231838,-0.496182,65.651476,4.943152,1.843921,-0.001444
8.311513,11.769761,56.763581,4000.590492,-0.531490,65.660925,4.974956,1.855431,0.000043
8.333423,11.820752,56.706580,3997.939669,-0.567151,65.669642,5.009671,1.869414,-0.000070
8.355543,11.871542,56.644686,3995.278327,-0.600586,65.677413,5.046914,1.883715,-0.000392
8.375016,11.920445,56.580224,3992.605187,-0.636221,65.686837,5.086091,1.898093,-0.002411
8.396668,11.970252,56.512007,3989.916550,-0.670150,65.694737,5.126476,1.912022,-0.001198
8.418126,12.020249,56.440742,3987.213997,-0.702606,65.703410,5.172019,1.928057,-0.002082
8.440576,12.069719,56.365867,3984.492150,-0.734203,65.713348,5.218894,1.945772,-0.002838
8.463097,12.118368,56.286660,3981.750430,-0.764958,65.723061,5.269798,1.967393,-0.002256
8.485528,12.168627,56.206023,3978.987789,-0.794320,65.731271,5.323297,1.988468,-0.002194
8.507050,12.216460,56.123061,3976.202865,-0.822344,65.737899,5.380385,2.009115,-0.001950
8.527921,12.264888,56.034298,3973.390793,-0.850000,65.745508,5.437787,2.029572,-0.000695
8.550167,12.313394,55.943347,3970.555190,-0.876838,65.755252,5.499509,2.053499,-0.001192
8.573501,12.360106,55.851811,3967.687603,-0.900375,65.765804,5.562368,2.075307,-0.000545
8.594273,12.408831,55.757330,3964.792555,-0.924984,65.776650,5.629702,2.100269,0.000754
8.615068,12.456027,55.659907,3961.862482,-0.947242,65.787170,5.696601,2.126819,-0.000640
8.637247,12.505956,55.561259,3958.898840,-0.966206,65.794827,5.767779,2.153880,0.001310
8.658893,12.554579,55.459195,3955.900187,-0.986889,65.804577,5.843250,2.180779,0.001514
8.679612,12.603541,55.356532,3952.864501,-1.004233,65.813474,5.919507,2.209088,-0.000316
8.701872,12.652293,55.251453,3949.790970,-1.021536,65.824555,5.997978,2.237037,0.000513
8.721932,12.700894,55.145634,3946.674832,-1.035302,65.834787,6.079735,2.266482,0.001117
8.745333,12.751750,55.037471,3943.519617,-1.069998,65.916148,6.163796,2.298659,33.001610
8.764932,12.800132,54.925548,3940.324238,-1.104309,65.998891,6.252660,2.331693,33.001712
8.785826,12.847196,54.809917,3937.088157,-1.134789,66.082345,6.344087,2.366159,33.001404
8.807741,12.896064,54.691501,3933.807819,-1.163552,66.170664,6.439110,2.402182,33.001881
8.828869,12.946407,54.570983,3930.479908,-1.191925,66.258395,6.538803,2.439399,33.001562
8.850331,12.993691,54.445455,3927.103389,-1.218139,66.345524,6.640837,2.477166,33.003371
8.869868,13.041476,54.319997,3923.672788,-1.242262,66.435917,6.747686,2.516801,33.003491
8.891479,13.090352,54.190343,3920.188032,-1.265279,66.526814,6.858112,2.556628,33.001528
8.912086,13.137970,54.059075,3916.645654,-1.286820,66.618351,6.972857,2.598939,33.001328
8.934045,13.186383,53.924977,3913.041806,-1.306066,66.711970,7.092169,2.641322,33.001440
8.954155,13.235754,53.790950,3909.374908,-1.323341,66.806975,7.214773,2.688210,33.001771
8.973151,13.284658,53.656599,3905.644665,-1.337772,66.902634,7.339693,2.734373,33.000951
8.994934,13.333439,53.518583,3901.847037,-1.350088,67.001814,7.469711,2.780314,32.999091
9.016340,13.382554,53.382105,3897.979709,-1.358797,67.101590,7.600869,2.829209,32.999160
9.036435,13.431906,53.241831,3894.038616,-1.366236,67.203793,7.734999,2.879756,32.998613
9.057318,13.480503,53.101801,3890.024873,-1.371121,67.307436,7.871858,2.930629,32.999787
9.077369,13.530042,52.961737,3885.932720,-1.374839,67.412964,8.012488,2.984265,33.000258
9.097965,13.578527,52.824056,3881.761384,-1.375788,67.521650,8.153763,3.038932,33.001374
9.117200,13.627912,52.684329,3877.513404,-1.373201,67.631954,8.298355,3.091844,33.000015
9.134732,13.675853,52.545825,3873.185020,-1.366622,67.742491,8.442036,3.144629,33.000289
9.154883,13.723111,52.407111,3868.771731,-1.358129,67.854151,8.588567,3.201065,33.000593
9.175592,13.771295,52.271079,3864.275021,-1.345183,67.969848,8.735280,3.254485,33.000944
9.195474,13.819942,52.137723,3859.694207,-1.333031,68.087329,8.881155,3.309121,33.000555
9.214082,13.868027,52.002429,3855.026991,-1.318610,68.206198,9.028484,3.364587,33.001032
9.233854,13.918392,51.868880,3850.274667,-1.299864,68.325996,9.174620,3.418866,33.000093
9.252311,13.966612,51.738860,3845.432983,-1.279649,68.447873,9.321776,3.471443,32.999850
9.270915,14.015348,51.610492,3840.506874,-1.257016,68.571307,9.466209,3.525925,32.998529
9.289158,14.064020,51.484881,3835.491813,-1.230590,68.697059,9.609051,3.579588,32.998324
9.308177,14.114237,51.361154,3830.390064,-1.202156,68.826508,9.751863,3.631489,32.999158
9.327023,14.161466,51.241903,3825.204956,-1.171553,68.955922,9.888490,3.683898,32.998221
9.346678,14.210925,51.125764,3819.934992,-1.139451,69.087527,10.023699,3.733300,32.998467
9.364531,14.260079,51.013756,3814.581841,-1.104151,69.222361,10.154043,3.780816,32.998126
9.382286,14.308868,50.904317,3809.146467,-1.064837,69.357676,10.279659,3.827344,32.996622
9.398703,14.355724,50.800348,3803.632555,-1.024648,69.495549,10.399536,3.871026,32.997555
9.417445,14.404558,50.700855,3798.041884,-0.981763,69.633837,10.516083,3.913409,32.997945
9.435784,14.452401,50.604714,3792.377010,-0.938358,69.773538,10.626253,3.956039,32.997522
9.453720,14.500281,50.511739,3786.639984,-0.893592,69.914670,10.731720,3.995030,32.997418
9.470491,14.548964,50.425398,3780.833670,-0.845043,70.055830,10.830786,4.031801,32.998194
9.487534,14.596591,50.342614,3774.962799,-0.796166,70.202009,10.921143,4.067163,32.998017
9.503465,14.645542,50.267054,3769.029131,-0.745680,70.348042,11.005795,4.098645,32.997387
9.520653,14.692100,50.194418,3763.039033,-0.691844,70.495139,11.080422,4.126426,32.998030
9.536663,14.740762,50.130205,3756.995968,-0.637217,70.643248,11.148973,4.152102,32.997696
9.552236,14.790171,50.073300,3750.903552,-0.581790,70.791389,11.208023,4.173557,32.996174
9.567330,14.837695,50.017753,3744.768566,-0.526968,70.943276,11.257416,4.192318,32.996975
9.584133,14.885831,49.969578,3738.595466,-0.469880,71.094604,11.297575,4.208265,32.995276
9.599910,14.933306,49.927857,3732.384616,-0.410525,71.247600,11.328577,4.218572,32.994631
9.615830,14.981037,49.889245,3726.145417,-0.351882,71.400098,11.350816,4.226061,32.996287
9.631036,15.029411,49.855103,3719.881131,-0.295001,71.553818,11.362352,4.231741,32.995764
9.645773,15.078053,49.827225,3713.597890,-0.236978,71.708015,11.365893,4.234886,32.996533
9.660847,15.125867,49.806700,3707.301676,-0.178979,71.862516,11.359459,4.232379,32.997863
9.675360,15.173963,49.791428,3700.998579,-0.122290,72.016468,11.344916,4.226418,32.997979
9.691057,15.221256,49.781772,3694.689250,-0.062691,72.169228,11.320415,4.218157,32.997036
9.705755,15.266103,49.778858,3688.380292,-0.006105,72.322369,11.287249,4.205888,32.997498
9.721406,15.315174,49.781858,3682.078790,0.050582,72.475991,11.245901,4.190921,32.997914
9.735707,15.362247,49.789409,3675.788294,0.104440,72.628097,11.197251,4.172596,32.998344
9.750388,15.410422,49.802054,3669.515693,0.157387,72.781373,11.139975,4.152171,32.998581
9.764811,15.455742,49.821030,3663.263606,0.210005,72.932720,11.074286,4.127564,32.999967
9.778844,15.504407,49.845097,3657.037076,0.259552,73.083476,11.002334,4.100291,33.001100
9.792709,15.553080,49.872303,3650.839926,0.308822,73.234350,10.921451,4.071687,33.000368
9.805432,15.600927,49.904900,3644.675780,0.356742,73.383716,10.837049,4.038839,33.000469
9.821546,15.646037,49.943081,3638.550083,0.401984,73.531864,10.745514,4.004540,33.001404
9.836512,15.694463,49.982301,3632.463296,0.445254,73.681623,10.648368,3.968440,32.999591
9.849398,15.743146,50.026111,3626.423723,0.488664,73.827924,10.546076,3.931545,32.998479
9.864571,15.790649,50.073157,3620.431004,0.528870,73.975753,10.440459,3.892488,32.996911
9.877591,15.835760,50.124977,3614.487497,0.566239,74.119706,10.330513,3.851027,32.995425
9.891937,15.882235,50.182064,3608.599991,0.601150,74.263361,10.216530,3.808020,32.996113
9.906846,15.929829,50.237769,3602.766575,0.634736,74.405660,10.099511,3.764485,32.997598
9.919204,15.978061,50.298329,3596.991072,0.666388,74.545544,9.980388,3.721555,32.997785
9.931683,16.024159,50.362677,3591.273814,0.691530,74.686501,9.858968,3.673627,32.997775
9.943726,16.071832,50.427345,3585.619680,0.717276,74.824522,9.736954,3.628265,32.997123
9.957100,16.117885,50.497823,3580.027111,0.740085,74.960914,9.613704,3.582720,32.998894
9.969242,16.163553,50.568684,3574.499111,0.761256,75.096770,9.488902,3.535564,33.000460
9.981793,16.210589,50.640882,3569.033751,0.779764,75.230002,9.364481,3.489904,33.001334
9.993276,16.256797,50.715551,3563.636864,0.791627,75.362675,9.237858,3.444094,32.999516
10.005540,16.303488,50.790963,3558.303147,0.803849,75.493443,9.115136,3.397738,32.999863
10.019164,16.350371,50.867120,3553.036466,0.814307,75.624031,8.992907,3.351137,32.999827
10.033108,16.397280,50.942616,3547.837414,0.821391,75.750921,8.871066,3.305162,32.999297
10.044126,16.445257,51.017248,3542.704552,0.826730,75.876978,8.751227,3.260583,33.000913
10.055861,16.494365,51.093858,3537.636735,0.828294,76.001353,8.632087,3.215833,32.999986
10.066161,16.540125,51.168212,3532.634926,0.828109,76.125353,8.516082,3.174123,32.998839
10.076591,16.585656,51.244814,3527.696999,0.823149,76.248211,8.401513,3.132152,32.999044
10.087776,16.632634,51.320999,3522.825034,0.817906,76.367520,8.288966,3.090332,32.997954
10.097593,16.677075,51.395788,3518.016294,0.808706,76.486799,8.179525,3.049366,32.997871
10.109454,16.722686,51.469321,3513.271287,0.798925,76.605874,8.073056,3.010303,32.999276
10.118887,16.770368,51.543993,3508.586743,0.785318,76.723424,7.968737,2.971913,32.998129
10.129494,16.817312,51.616669,3503.963545,0.769462,76.839765,7.867357,2.935028,32.996468
10.140302,16.863675,51.686391,3499.399734,0.752289,76.955937,7.769047,2.898572,32.999152
10.150494,16.909995,51.755708,3494.891542,0.733609,77.070566,7.674517,2.862130,32.997984
10.161461,16.955533,51.821459,3490.441592,0.712711,77.183141,7.587853,2.826857,32.998124
10.171813,17.000689,51.886800,3486.047477,0.687721,77.293832,7.500278,2.794903,32.998395
10.181949,17.046974,51.948458,3481.706817,0.663345,77.403528,7.417510,2.763792,32.997990
10.192770,17.092136,52.007124,3477.419239,0.637497,77.513142,7.335230,2.734261,32.997609
10.203653,17.139613,52.062956,3473.183466,0.609765,77.619911,7.259898,2.705520,32.997499
10.212120,17.184847,52.114589,3468.996754,0.577558,77.727133,7.189638,2.677698,32.995793
10.220990,17.232180,52.166638,3464.856405,0.547139,77.832815,7.121044,2.651538,32.995448
10.228912,17.278591,52.213505,3460.760976,0.513297,77.939692,7.055814,2.627719,32.996300
10.236608,17.325036,52.258247,3456.708396,0.477904,78.046449,6.994942,2.607341,32.995074
10.247104,17.371147,52.300501,3452.701230,0.441669,78.151106,6.938312,2.586357,32.995529
10.257989,17.417178,52.338290,3448.731226,0.404071,78.254494,6.884750,2.565310,32.995942
10.266208,17.461978,52.373075,3444.800664,0.365124,78.359170,6.837456,2.546849,32.996804
10.276769,17.508817,52.403920,3440.904378,0.324301,78.461512,6.791742,2.529097,32.996373
10.285495,17.554084,52.431887,3437.043176,0.283112,78.564994,6.749918,2.515632,32.996820
10.294416,17.599154,52.456267,3433.214474,0.239943,78.666874,6.712322,2.503502,32.995918
10.302786,17.644765,52.474828,3429.418465,0.197600,78.768705,6.679792,2.490158,32.997242
10.310271,17.689832,52.490316,3425.650208,0.153938,78.871174,6.651612,2.481385,32.997786
10.320241,17.736254,52.502403,3421.908420,0.108319,78.971410,6.626145,2.471405,32.998143
10.328735,17.781935,52.509589,3418.191171,0.062732,79.074806,6.605606,2.463143,32.998857
10.336705,17.825871,52.513304,3414.495473,0.017337,79.176458,6.587631,2.456333,32.997932
10.348182,17.872829,52.512874,3410.821639,-0.027436,79.275830,6.574780,2.450910,32.998853
10.355957,17.916769,52.508991,3407.165294,-0.073902,79.377408,6.563575,2.446687,32.999684
10.364828,17.963095,52.499963,3403.524230,-0.122236,79.477025,6.557071,2.444823,32.999321
10.373783,18.009338,52.483551,3399.895984,-0.170425,79.579141,6.556072,2.442832,32.999026
10.380072,18.054562,52.465989,3396.280785,-0.218180,79.679985,6.558691,2.442196,32.998936
10.390444,18.100119,52.443901,3392.672886,-0.264722,79.781392,6.566891,2.445600,33.001537
10.397192,18.146580,52.417535,3389.075540,-0.312143,79.881837,6.576974,2.448065,33.001483
10.404759,18.192639,52.386455,3385.483372,-0.360876,79.981365,6.591154,2.454813,32.999504
10.412779,18.238276,52.351696,3381.892815,-0.408505,80.083144,6.608912,2.462284,32.998676
10.422231,18.282365,52.314283,3378.304807,-0.454911,80.186168,6.630808,2.468327,32.997785
10.429387,18.326860,52.271921,3374.716032,-0.502956,80.287595,6.656004,2.479329,32.996946
10.439132,18.371457,52.224412,3371.122465,-0.550174,80.389122,6.685134,2.490278,32.996602
10.445830,18.416916,52.174996,3367.524220,-0.595859,80.491939,6.718386,2.500900,32.997249
10.452405,18.461276,52.119652,3363.915803,-0.639938,80.596563,6.757013,2.516179,32.998208
10.460743,18.506821,52.061712,3360.299792,-0.685015,80.701785,6.798780,2.531569,32.998479
10.468041,18.552534,51.998764,3356.670530,-0.728397,80.807521,6.843017,2.550504,32.997974
10.474560,18.598660,51.932144,3353.023016,-0.772626,80.913918,6.892297,2.567732,32.998053
10.480985,18.644554,51.861707,3349.360480,-0.815924,81.021538,6.944923,2.588855,32.998803
10.488556,18.691301,51.788854,3345.676790,-0.855760,81.128139,7.000934,2.609938,32.999302
10.495741,18.737180,51.710638,3341.971463,-0.894693,81.237087,7.060376,2.629969,32.999077
10.502706,18.781524,51.632282,3338.239173,-0.934254,81.345696,7.124462,2.654132,32.998873
10.510581,18.825298,51.548449,3334.481574,-0.971094,81.456874,7.193075,2.678841,32.998858
10.516422,18.870604,51.463579,3330.695279,-1.006488,81.568899,7.265313,2.705835,32.997487
10.522008,18.914846,51.373288,3326.875227,-1.042567,81.682212,7.339659,2.732965,32.997386
10.527906,18.959927,51.281140,3323.021174,-1.075589,81.798947,7.419796,2.763379,32.997880
10.536004,19.006654,51.186864,3319.129848,-1.107412,81.913628,7.502778,2.795245,32.999082
10.541455,19.051849,51.090041,3315.199994,-1.137457,82.030360,7.586959,2.824116,32.998694
10.545072,19.094314,50.990794,3311.228011,-1.166456,82.149652,7.676027,2.858860,32.997442
10.551095,19.139570,50.887613,3307.211669,-1.192774,82.269212,7.768270,2.892320,32.996830
10.556392,19.184332,50.782809,3303.148548,-1.218581,82.390857,7.864118,2.928446,32.995647
10.561623,19.230120,50.677730,3299.040764,-1.241689,82.514568,7.960480,2.965511,32.996494
10.566706,19.273594,50.567858,3294.880659,-1.262603,82.638427,8.060774,3.003103,32.995368
10.571755,19.316751,50.458981,3290.668354,-1.281823,82.766086,8.166188,3.041751,32.996100
10.578565,19.361508,50.348058,3286.401783,-1.298636,82.892348,8.274147,3.081354,32.995906
10.583548,19.405424,50.237808,3282.080512,-1.313636,83.019611,8.383122,3.122262,32.995431
10.588559,19.449882,50.124707,3277.699145,-1.324843,83.150737,8.493328,3.163793,32.996241
10.593255,19.495271,50.013196,3273.258527,-1.332638,83.284641,8.606626,3.207590,32.997109
10.599862,19.538138,49.899926,3268.754819,-1.337214,83.418369,8.723466,3.250298,32.996292
10.604103,19.583454,49.783130,3264.186577,-1.340596,83.555183,8.840368,3.291685,32.997549
10.608506,19.628678,49.666420,3259.556206,-1.342544,83.693492,8.958185,3.335125,32.998773
10.613942,19.672844,49.553347,3254.853631,-1.304176,83.704085,9.074918,3.377441,-0.000161
10.619293,19.717784,49.445324,3250.077516,-1.262050,83.714109,9.187093,3.420675,0.000367
10.623594,19.759774,49.339748,3245.226719,-1.218392,83.724912,9.297689,3.458968,-0.000166
10.629194,19.804560,49.238839,3240.305500,-1.171339,83.735406,9.402372,3.498085,0.000576
10.633049,19.846288,49.143179,3235.314878,-1.121646,83.746235,9.502671,3.536267,0.000859
10.637651,19.889598,49.051044,3230.255792,-1.069558,83.756136,9.596944,3.571259,0.000224
10.640907,19.932640,48.963440,3225.130558,-1.013582,83.767562,9.684244,3.602829,0.000884
10.645159,19.975790,48.881789,3219.945172,-0.957160,83.776769,9.767544,3.633357,0.000002
10.650244,20.019473,48.803151,3214.699782,-0.898537,83.786472,9.842843,3.661988,0.001159
10.654770,20.063928,48.727988,3209.401148,-0.836465,83.796412,9.910438,3.689667,0.000425
10.659096,20.107758,48.659282,3204.051020,-0.774812,83.805759,9.969892,3.713724,-0.000976
10.665685,20.149528,48.597805,3198.650359,-0.710338,83.817591,10.023423,3.733963,-0.004738
10.671060,20.193803,48.541155,3193.205396,-0.645545,83.828840,10.070142,3.752324,-0.003638
10.676021,20.235777,48.490812,3187.720846,-0.579286,83.840325,10.109620,3.767519,-0.003474
10.679299,20.278695,48.445416,3182.201497,-0.512479,83.850302,10.140876,3.778854,-0.004377
10.684486,20.322841,48.406084,3176.649786,-0.445456,83.861866,10.163298,3.785760,-0.004218
10.689487,20.366591,48.371300,3171.071167,-0.377332,83.871524,10.177706,3.790534,-0.004432
10.694806,20.409899,48.342987,3165.469555,-0.307182,83.881917,10.181677,3.793408,-0.004984
10.700105,20.453106,48.319843,3159.849638,-0.239819,83.892501,10.179401,3.793253,-0.003706
10.703223,20.495856,48.301093,3154.217167,-0.171770,83.901966,10.167215,3.789883,-0.003144
10.705876,20.537197,48.290194,3148.576601,-0.105425,83.912048,10.148513,3.782474,-0.002532
10.711002,20.581708,48.283751,3142.933382,-0.039518,83.922702,10.120132,3.771229,-0.001231
10.715151,20.625009,48.282263,3137.291473,0.025452,83.931788,10.083244,3.757876,-0.001450
10.719742,20.666321,48.287143,3131.654727,0.090887,83.943566,10.039487,3.740769,-0.001377
10.725213,20.709227,48.297244,3126.028153,0.154246,83.952924,9.990237,3.721210,-0.000186
10.729323,20.749721,48.314675,3120.416917,0.216280,83.963849,9.932097,3.700100,-0.000349
10.734757,20.792955,48.334992,3114.821911,0.275751,83.975437,9.867830,3.676103,0.000119
10.738528,20.834547,48.361345,3109.249897,0.335806,83.984949,9.796481,3.649495,0.001719
10.743146,20.875531,48.391341,3103.704680,0.393892,83.996462,9.721919,3.621724,0.002492
10.749910,20.917468,48.426009,3098.187659,0.447283,84.006960,9.640096,3.591652,0.000275
10.754131,20.959871,48.465745,3092.703632,0.499117,84.016354,9.554094,3.560844,-0.001245
10.758823,21.002234,48.508821,3087.258344,0.547472,84.025742,9.462758,3.525940,-0.000138
10.762684,21.046424,48.552606,3081.850508,0.594696,84.035144,9.368121,3.489494,0.000116
10.768750,21.087566,48.603289,3076.487138,0.638669,84.044401,9.270919,3.452430,0.000651
10.771367,21.129084,48.655191,3071.166838,0.681480,84.054493,9.171030,3.416688,0.000101
10.774506,21.167667,48.712262,3065.893459,0.719933,84.062806,9.068187,3.379320,0.000495
10.779052,21.209474,48.770685,3060.668688,0.755988,84.073115,8.962635,3.341896,0.000329
10.782657,21.251934,48.832635,3055.494765,0.787643,84.081621,8.856017,3.299159,0.000554
10.788869,21.293455,48.896095,3050.374736,0.817077,84.092102,8.747463,3.258699,0.000336
10.793123,21.334745,48.961100,3045.306305,0.842194,84.104160,8.637597,3.218710,-0.001236
10.798678,21.376103,49.027292,3040.294220,0.864986,84.114053,8.529136,3.177612,0.000281
10.801643,21.417397,49.096589,3035.338971,0.882628,84.123601,8.419273,3.137124,-0.000325
10.805582,21.459606,49.166365,3030.443318,0.899739,84.135114,8.308826,3.096190,-0.000941
10.810395,21.499428,49.238608,3025.604660,0.913265,84.146101,8.198288,3.055068,-0.000399
10.814350,21.541003,49.311504,3020.823188,0.922007,84.154759,8.090707,3.015335,-0.001292
10.818280,21.580544,49.384485,3016.099778,0.927074,84.164043,7.982651,2.975180,-0.000070
10.822126,21.621670,49.458056,3011.436172,0.929582,84.172943,7.876633,2.935822,-0.001161
10.826184,21.662556,49.530980,3006.828957,0.929647,84.182650,7.772965,2.897312,-0.000891
10.830329,21.702989,49.602879,3002.281508,0.926390,84.193181,7.671007,2.859399,-0.000512
10.833066,21.743829,49.674488,2997.791209,0.920034,84.204306,7.569651,2.820322,-0.000219
10.836180,21.783804,49.745575,2993.356201,0.909867,84.213124,7.469951,2.782033,-0.000130
10.839234,21.825875,49.816437,2988.981048,0.896183,84.224363,7.374882,2.746370,0.000792
10.842926,21.867007,49.886818,2984.658541,0.881349,84.233501,7.280866,2.710422,0.001875
10.845421,21.907567,49.955716,2980.393668,0.863843,84.242309,7.192371,2.678213,0.003198
10.849807,21.947584,50.021562,2976.181109,0.843519,84.254945,7.103950,2.646438,0.002289
10.854708,21.987950,50.086351,2972.022446,0.820030,84.263509,7.021209,2.615083,0.001884
10.858826,22.027448,50.148488,2967.916712,0.795217,84.273185,6.939891,2.584654,0.000142
10.863304,22.066463,50.208147,2963.860965,0.767361,84.283973,6.862451,2.554383,0.000052
10.866092,22.107574,50.266342,2959.856236,0.738435,84.291638,6.787657,2.528844,-0.001340
10.869170,22.147523,50.321720,2955.903162,0.705378,84.303143,6.717060,2.501401,-0.001435
10.874204,22.186292,50.375569,2951.995818,0.670264,84.313527,6.649594,2.476535,-0.001651
10.880102,22.225386,50.425393,2948.132158,0.634593,84.325221,6.586673,2.452708,-0.000540
10.884461,22.265946,50.473771,2944.313779,0.596531,84.335190,6.526097,2.430486,-0.001441
10.887466,22.304258,50.518142,2940.538608,0.553726,84.344372,6.469026,2.409007,-0.000592
10.891459,22.347842,50.559986,2936.804940,0.510659,84.353951,6.416093,2.389077,-0.001647
10.893624,22.387264,50.595835,2933.112327,0.466373,84.364105,6.367253,2.370526,-0.001134
10.896888,22.428143,50.629004,2929.455457,0.417999,84.374588,6.320626,2.353954,-0.001210
10.900353,22.467661,50.659615,2925.835788,0.371117,84.383087,6.279178,2.337450,-0.001058
10.902749,22.506235,50.685382,2922.250972,0.323221,84.392618,6.240593,2.322983,0.000001
10.907542,22.546061,50.708976,2918.697550,0.273195,84.401823,6.206568,2.309730,-0.000926
10.912041,22.584935,50.729113,2915.176066,0.223707,84.410482,6.175678,2.296922,0.000225
10.917853,22.625580,50.744594,2911.685754,0.172561,84.419910,6.148748,2.287739,0.000685
10.922591,22.666132,50.755985,2908.222274,0.119849,84.429563,6.123564,2.279469,-0.000638
10.926506,22.704498,50.763155,2904.782300,0.064401,84.438785,6.103970,2.273634,-0.000859
10.930215,22.741553,50.765077,2901.368680,0.011272,84.449034,6.087888,2.268747,0.000259
10.934408,22.781379,50.762208,2897.974416,-0.044052,84.459410,6.074660,2.263927,-0.001120
10.936859,22.821090,50.756917,2894.600428,-0.099037,84.470282,6.064977,2.259203,-0.000937
10.941698,22.861580,50.745904,2891.247569,-0.156509,84.480333,6.059725,2.257161,-0.001703
10.945546,22.902191,50.732575,2887.910733,-0.212801,84.490039,6.058448,2.256237,-0.002762
10.950417,22.941289,50.714287,2884.587893,-0.270254,84.501519,6.059370,2.257693,-0.002685
10.953504,22.981910,50.691944,2881.277590,-0.327424,84.511599,6.067032,2.260198,-0.003828
10.957136,23.020189,50.664669,2877.975755,-0.383833,84.520412,6.077571,2.263199,-0.004609
10.959311,23.059205,50.635592,2874.683856,-0.440410,84.528468,6.088069,2.266516,-0.004557
10.962038,23.097028,50.598040,2871.397643,-0.496082,84.537083,6.105148,2.272105,-0.002986
10.964831,23.135195,50.557972,2868.113918,-0.551486,84.547752,6.124988,2.279232,-0.004501
10.968748,23.175479,50.514980,2864.833913,-0.606042,84.559016,6.148448,2.288282,-0.004572
10.971811,23.213768,50.465954,2861.553845,-0.662006,84.569115,6.175121,2.297840,-0.004260
10.975414,23.253692,50.411923,2858.269403,-0.715070,84.578663,6.206463,2.309412,-0.005000
10.978504,23.291456,50.355310,2854.981308,-0.767893,84.588267,6.240476,2.322915,-0.005096
10.983254,23.328620,50.295026,2851.685662,-0.819375,84.598596,6.278652,2.338414,-0.005656
10.987995,23.369047,50.230598,2848.380451,-0.872540,84.608374,6.321493,2.353916,-0.006078
10.991158,23.407621,50.163525,2845.062767,-0.923330,84.620722,6.366964,2.371320,-0.005297
10.993489,23.446982,50.091760,2841.734926,-0.971736,84.630732,6.414833,2.389422,-0.002971
10.997216,23.483965,50.017517,2838.390014,-1.019296,84.641156,6.467510,2.408220,-0.001113
10.999331,23.522040,49.939523,2835.025707,-1.065754,84.651660,6.522297,2.427567,-0.001288
11.005189,23.559291,49.858677,2831.641455,-1.110148,84.662218,6.580698,2.450247,0.000373
11.005929,23.597841,49.773993,2828.233791,-1.153179,84.672246,6.644838,2.473756,-0.000943
11.010034,23.637121,49.687103,2824.800720,-1.193838,84.681986,6.708779,2.497998,-0.000216
11.011866,23.677121,49.598097,2821.342351,-1.232644,84.692571,6.778265,2.523991,-0.000643
11.015802,23.714801,49.505941,2817.853799,-1.269598,84.700601,6.848636,2.549409,-0.000612
11.021711,23.751579,49.412932,2814.334442,-1.305809,84.709446,6.922907,2.576318,-0.002324
11.024029,23.790066,49.315382,2810.777732,-1.340202,84.719348,6.999883,2.605035,-0.002870
11.027324,23.828410,49.215435,2807.186287,-1.370582,84.728520,7.080506,2.635271,-0.002551
11.032364,23.867604,49.112157,2803.556511,-1.397026,84.738662,7.165171,2.667567,-0.002719
11.035526,23.905945,49.007275,2799.887324,-1.421947,84.747180,7.251956,2.698474,-0.003328
11.037741,23.942885,48.903189,2796.175743,-1.445344,84.754579,7.341119,2.731223,-0.002443
11.043381,23.980638,48.796662,2792.419205,-1.466455,84.764752,7.429909,2.765993,-0.003065
11.046199,24.018053,48.688386,2788.615854,-1.483605,84.774716,7.522506,2.802832,-0.002562
11.049865,24.058648,48.579731,2784.763039,-1.498448,84.785681,7.617277,2.839353,-0.002000
11.055147,24.094960,48.468473,2780.860379,-1.511064,84.796185,7.716087,2.875754,-0.000615
11.057511,24.133492,48.358113,2776.904223,-1.520451,84.805127,7.815310,2.912046,-0.001781
11.059512,24.172602,48.247282,2772.895180,-1.526565,84.815365,7.914764,2.949756,-0.001763
11.064025,24.210929,48.137066,2768.831417,-1.529448,84.825023,8.015471,2.987244,-0.003240
11.067741,24.248533,48.027005,2764.713960,-1.530174,84.833850,8.116694,3.024942,-0.004092
11.072580,24.286445,47.917845,2760.537773,-1.526033,84.843104,8.219655,3.062290,-0.001476
11.074698,24.323324,47.809493,2756.303983,-1.521327,84.852081,8.322267,3.100649,-0.002821
11.078891,24.360898,47.699281,2752.009601,-1.513531,84.861398,8.424672,3.138629,-0.001425
11.080865,24.398774,47.591021,2747.654567,-1.501401,84.872383,8.528139,3.177004,-0.001526
11.085227,24.435835,47.483454,2743.238689,-1.484904,84.881168,8.629758,3.215236,-0.001783
11.088699,24.472794,47.377453,2738.763393,-1.464177,84.891067,8.731444,3.252624,-0.001607
11.092639,24.509647,47.272167,2734.225810,-1.443417,84.897208,8.833113,3.289653,0.000451
11.095642,24.545904,47.167855,2729.627221,-1.420577,84.908339,8.930381,3.325647,-0.000806
11.098326,24.584354,47.066251,2724.968580,-1.395429,84.918293,9.027886,3.360628,-0.000205
11.101096,24.620098,46.967661,2720.247304,-1.364318,84.929337,9.122731,3.396961,0.001409
11.103892,24.658463,46.872653,2715.468493,-1.332005,84.939972,9.216135,3.431766,0.000332
11.106776,24.694937,46.780508,2710.628984,-1.298475,84.949252,9.304282,3.463292,0.000979
11.110137,24.731398,46.689036,2705.731036,-1.261928,84.958489,9.390836,3.494980,0.001567
11.112577,24.768126,46.601882,2700.777207,-1.219563,84.967307,9.471634,3.526020,-0.000082
11.116115,24.804129,46.514642,2695.768581,-1.176305,84.975287,9.549664,3.555460,0.001020
11.120651,24.841013,46.432877,2690.705835,-1.130882,84.985367,9.624179,3.582986,0.001927
11.123453,24.876857,46.353972,2685.590917,-1.083956,84.994355,9.693526,3.610037,0.001748
11.125133,24.913448,46.278568,2680.424694,-1.034090,85.003760,9.757592,3.634407,0.002331
11.130054,24.950319,46.209075,2675.211955,-0.980769,85.015045,9.816903,3.654487,0.001009
11.132329,24.984914,46.141430,2669.954688,-0.928612,85.023973,9.872326,3.675448,0.001299
11.133817,25.021241,46.078118,2664.654856,-0.873867,85.033595,9.919385,3.693899,0.000824
11.137189,25.058605,46.020039,2659.313483,-0.819088,85.044773,9.963334,3.709665,-0.000588
11.139356,25.093629,45.965894,2653.934744,-0.760773,85.052842,9.999772,3.721918,-0.000833
11.139993,25.129124,45.914644,2648.522715,-0.700497,85.061296,10.032805,3.735165,-0.001567
11.142693,25.163639,45.866818,2643.081523,-0.641713,85.069820,10.058225,3.744070,-0.000935
11.146591,25.198995,45.824328,2637.611782,-0.581606,85.078324,10.075326,3.752300,-0.000653
11.149876,25.233788,45.785658,2632.119767,-0.521591,85.087838,10.088036,3.755416,-0.001249
11.152351,25.269622,45.752373,2626.607190,-0.462035,85.098420,10.093657,3.757827,-0.000592
11.157404,25.305566,45.721711,2621.077139,-0.399756,85.107982,10.092934,3.758443,-0.002395
11.159950,25.341832,45.696560,2615.534769,-0.340540,85.117708,10.086278,3.757181,-0.003248
11.162656,25.379078,45.674944,2609.981785,-0.280979,85.125985,10.072706,3.753702,-0.002377
11.166475,25.415200,45.656302,2604.421534,-0.220174,85.133903,10.054808,3.748504,-0.002855
11.170873,25.449620,45.644881,2598.857754,-0.162513,85.144617,10.030382,3.738402,-0.002757
11.174538,25.484736,45.635641,2593.292566,-0.103642,85.153293,10.000588,3.726556,-0.002732
11.178515,25.519626,45.631894,2587.732726,-0.046784,85.161889,9.964508,3.714802,-0.002442
11.181343,25.554423,45.630134,2582.180829,0.009521,85.171356,9.922490,3.700120,-0.001285
11.185396,25.590004,45.633501,2576.638061,0.061633,85.181252,9.875430,3.684604,-0.001980
11.186755,25.624473,45.637758,2571.109253,0.113404,85.190512,9.826204,3.665537,-0.001771
11.188983,25.658041,45.646298,2565.598329,0.163522,85.199934,9.770987,3.643187,-0.001738
11.191846,25.692213,45.657512,2560.104686,0.210526,85.210615,9.712928,3.620294,-0.002779
11.195618,25.728030,45.672744,2554.633609,0.257728,85.217969,9.649313,3.597299,-0.001286
11.200870,25.762285,45.691410,2549.187586,0.300850,85.226830,9.583964,3.572118,-0.002778
11.202736,25.796102,45.714000,2543.768799,0.342853,85.235262,9.515113,3.546156,-0.001748
11.203720,25.830720,45.737926,2538.380595,0.383583,85.246658,9.442898,3.517236,-0.002052
11.206393,25.868481,45.766486,2533.025647,0.420902,85.256299,9.367097,3.488753,-0.002488
11.210176,25.901655,45.795568,2527.703228,0.454716,85.266270,9.290284,3.460333,-0.002089
11.213194,25.936965,45.826334,2522.413646,0.485775,85.276404,9.212468,3.428778,-0.003590
11.214690,25.970885,45.859787,2517.162777,0.515838,85.285931,9.130903,3.398194,-0.003880
11.217281,26.005281,45.894476,2511.950302,0.539042,85.294171,9.046147,3.367939,-0.003364
11.218013,26.040616,45.931003,2506.778135,0.562522,85.303589,8.963601,3.337709,-0.002891
11.222104,26.075265,45.968263,2501.646594,0.583409,85.312520,8.880527,3.306602,-0.002055
11.225457,26.107994,46.006986,2496.558560,0.600556,85.320395,8.796797,3.274816,-0.002108
11.228079,26.142079,46.047500,2491.514448,0.614410,85.327659,8.712470,3.245790,-0.002119
11.231555,26.175407,46.087203,2486.511711,0.623886,85.336376,8.630461,3.213133,-0.002253
11.233788,26.211391,46.128119,2481.555830,0.631594,85.345667,8.546685,3.182075,-0.000921
11.235534,26.244992,46.169415,2476.644649,0.636066,85.353836,8.462227,3.150156,-0.000122
11.238846,26.277337,46.209425,2471.780130,0.637994,85.363381,8.379968,3.120883,-0.003602
11.242373,26.313742,46.250210,2466.960522,0.636674,85.371993,8.300238,3.092089,-0.003792
11.245324,26.346239,46.292377,2462.186483,0.634409,85.381383,8.220366,3.061642,-0.002533
11.247923,26.379262,46.333026,2457.457490,0.626879,85.391526,8.143050,3.032015,-0.002188
11.250720,26.412046,46.373144,2452.772376,0.615230,85.402054,8.065094,3.002605,-0.000958
11.253495,26.446964,46.412542,2448.133549,0.602820,85.410353,7.988495,2.976205,0.000090
11.255228,26.480396,46.452130,2443.537853,0.585592,85.418807,7.914203,2.948952,-0.001544
11.256916,26.513949,46.489801,2438.987472,0.567068,85.426167,7.843146,2.922698,-0.002383
11.258854,26.546852,46.526002,2434.480903,0.547730,85.436184,7.774202,2.896617,-0.004311
11.261105,26.581457,46.558482,2430.019586,0.525875,85.446572,7.709673,2.872586,-0.004454
11.261924,26.615462,46.591387,2425.599625,0.501229,85.456051,7.647267,2.849292,-0.004228
11.264525,26.648078,46.622968,2421.221076,0.471909,85.464502,7.587379,2.827466,-0.004941
11.266382,26.679675,46.651437,2416.882730,0.440743,85.473886,7.528570,2.804634,-0.004061
11.270769,26.712797,46.678977,2412.584278,0.407733,85.483375,7.473485,2.783375,-0.003497
11.273768,26.745631,46.701778,2408.323285,0.373679,85.493171,7.421680,2.763713,-0.002033
11.276630,26.779242,46.724193,2404.098987,0.336479,85.500878,7.371720,2.744768,-0.002291
11.280694,26.810634,46.745925,2399.910931,0.298563,85.507704,7.325799,2.728524,-0.002988
11.282770,26.841469,46.764836,2395.760235,0.258403,85.516954,7.283961,2.713324,-0.002710
11.284266,26.873626,46.778650,2391.642662,0.215082,85.525509,7.243900,2.698328,-0.002312
11.287388,26.903893,46.791219,2387.556128,0.171619,85.533579,7.206416,2.684836,-0.002304
11.290636,26.936622,46.799512,2383.501909,0.125585,85.543179,7.172829,2.672119,-0.004258
11.293289,26.968696,46.805693,2379.477219,0.077498,85.551228,7.142562,2.658877,-0.003955
11.294665,27.000724,46.809057,2375.481557,0.029246,85.559995,7.116280,2.648854,-0.004164
11.298019,27.031932,46.810361,2371.512023,-0.021215,85.567825,7.092437,2.638357,-0.002583
11.300424,27.063814,46.806859,2367.565630,-0.071165,85.577436,7.072062,2.631692,-0.003428
11.302461,27.096256,46.801333,2363.643850,-0.122788,85.586470,7.054302,2.625300,-0.003784
11.304643,27.128194,46.793377,2359.744280,-0.174380,85.595193,7.040562,2.619797,-0.003854
11.305758,27.159719,46.780079,2355.866507,-0.228415,85.604589,7.028666,2.615148,-0.004111
11.310255,27.191984,46.765040,2352.007577,-0.281501,85.611907,7.020410,2.612614,-0.003265
11.313667,27.223900,46.746612,2348.164446,-0.334770,85.620037,7.014161,2.611530,-0.003167
11.315598,27.255450,46.724624,2344.335357,-0.388670,85.627184,7.014452,2.611255,-0.003979
11.319321,27.289396,46.699749,2340.519464,-0.441701,85.634907,7.015439,2.613065,-0.004914
11.320544,27.321467,46.671399,2336.716561,-0.496930,85.644487,7.020684,2.615573,-0.004011
11.323903,27.353570,46.639759,2332.921982,-0.551885,85.651804,7.030991,2.618211,-0.002721
11.325496,27.384845,46.603446,2329.135986,-0.604642,85.660151,7.042353,2.620681,-0.002533
11.327475,27.416463,46.564178,2325.355221,-0.658618,85.667443,7.059010,2.628703,-0.001853
11.329767,27.448315,46.522174,2321.579595,-0.712599,85.675679,7.076306,2.634616,-0.002877
11.332996,27.479550,46.478142,2317.804850,-0.766708,85.686043,7.099652,2.644060,0.000134
11.333924,27.512214,46.429439,2314.033771,-0.817288,85.695848,7.123312,2.652385,0.001407
11.335319,27.543393,46.377549,2310.260435,-0.867026,85.704993,7.150437,2.662035,0.002555
11.337251,27.575672,46.324014,2306.481845,-0.918141,85.714440,7.180436,2.673338,0.002569
11.340148,27.605159,46.265940,2302.699580,-0.965553,85.721784,7.213904,2.686689,0.002721
11.341789,27.637814,46.204957,2298.908922,-1.015152,85.732718,7.251624,2.700494,0.003676
11.344589,27.669471,46.142854,2295.110849,-1.063532,85.742327,7.292263,2.715221,0.003659
11.346808,27.701065,46.078602,2291.299109,-1.109944,85.749401,7.335616,2.731132,0.002445
11.347369,27.731464,46.010947,2287.474507,-1.153301,85.757714,7.381263,2.746801,0.002175
11.350260,27.762656,45.942241,2283.634916,-1.194318,85.765866,7.428374,2.763212,0.002214
11.352650,27.793989,45.871777,2279.778488,-1.237424,85.773213,7.478913,2.782342,0.001424
11.354234,27.826893,45.796414,2275.900448,-1.275489,85.781790,7.532262,2.802323,0.002491
11.356971,27.857493,45.718596,2272.003871,-1.313080,85.792049,7.587896,2.823029,0.001307
11.358564,27.888761,45.639751,2268.085753,-1.348301,85.800764,7.646083,2.844577,0.000775
11.361815,27.919749,45.557675,2264.144348,-1.380424,85.810036,7.705908,2.867270,0.001281
11.361983,27.949825,45.474199,2260.175236,-1.411340,85.817569,7.769092,2.890287,0.003033
11.366245,27.978465,45.389861,2256.176813,-1.439615,85.825140,7.832834,2.913752,0.002488
11.367456,28.010722,45.304675,2252.148805,-1.465850,85.833833,7.900147,2.937518,0.001713
11.368415,28.042423,45.217404,2248.091910,-1.491448,85.842660,7.967371,2.962871,0.001291
11.371676,28.073036,45.128548,2243.999561,-1.512100,85.849967,8.037570,2.988428,0.001085
11.372985,28.102416,45.037790,2239.873244,-1.529998,85.860677,8.108801,3.013684,0.000068
11.375433,28.133453,44.948252,2235.709924,-1.545530,85.867759,8.181662,3.041590,-0.000252
11.377014,28.163898,44.857226,2231.511468,-1.559820,85.875770,8.253700,3.068825,-0.002132
11.379540,28.193943,44.765314,2227.273438,-1.570943,85.884269,8.328759,3.098562,-0.001803
11.381707,28.225282,44.671734,2222.996357,-1.579562,85.893678,8.405225,3.126352,-0.000945
11.384282,28.253498,44.579884,2218.678847,-1.586799,85.902381,8.480931,3.154472,-0.000588
11.387580,28.285157,44.488938,2214.318733,-1.590046,85.913113,8.559842,3.182348,-0.000067
11.389615,28.315801,44.396422,2209.916407,-1.589932,85.921682,8.636224,3.209549,0.000604
11.390154,28.344673,44.305217,2205.471886,-1.587882,85.929901,8.715243,3.239275,0.001121
11.393470,28.374320,44.213979,2200.980367,-1.583255,85.938292,8.793817,3.268943,0.000095
11.397074,28.404194,44.122107,2196.445014,-1.574584,85.947675,8.871122,3.297501,0.000692
11.399019,28.434057,44.032444,2191.864168,-1.562096,85.955345,8.945613,3.325248,0.000107
11.399715,28.462965,43.943554,2187.236052,-1.547558,85.963436,9.018512,3.352284,-0.000567
11.402023,28.493718,43.858338,2182.563919,-1.530114,85.971771,9.092259,3.380323,0.000084
11.405405,28.524005,43.770583,2177.847036,-1.511768,85.980262,9.163390,3.407734,0.001677
11.406175,28.554357,43.686973,2173.086870,-1.488266,85.989937,9.234481,3.435188,0.001849
11.408046,28.584113,43.604827,2168.279526,-1.465233,85.999520,9.302892,3.460777,0.001938
11.409113,28.613644,43.524041,2163.428861,-1.437888,86.006930,9.369008,3.486666,0.002520
11.412765,28.644667,43.443667,2158.534160,-1.408951,86.016656,9.432092,3.512240,0.001766
11.414226,28.673719,43.365725,2153.594672,-1.378848,86.025877,9.492799,3.534195,0.000853
11.416967,28.702103,43.291111,2148.615248,-1.342280,86.032698,9.550965,3.553468,0.000655
11.418313,28.731547,43.215925,2143.595365,-1.304576,86.041179,9.606051,3.572582,0.000763
11.421159,28.759879,43.141805,2138.535281,-1.264811,86.050001,9.658487,3.592969,0.000770
11.421917,28.786977,43.072098,2133.439117,-1.223860,86.058786,9.707433,3.612564,0.000349
11.423006,28.815379,43.002475,2128.304493,-1.180027,86.065426,9.753047,3.631788,0.000849
11.425685,28.844347,42.935952,2123.136334,-1.133675,86.073372,9.793752,3.646559,0.000210
11.428568,28.873485,42.874399,2117.933661,-1.087336,86.081103,9.829816,3.660535,0.000899
11.430081,28.904581,42.815576,2112.700077,-1.041758,86.089993,9.863470,3.673601,0.003646
11.433633,28.932258,42.759217,2107.437151,-0.993485,86.098901,9.891986,3.684361,0.003329
11.436270,28.961235,42.703035,2102.146133,-0.945617,86.107033,9.916747,3.694147,0.003617
11.438378,28.990316,42.652649,2096.829991,-0.895222,86.113073,9.937578,3.701305,0.003381
11.439070,29.019366,42.604776,2091.490142,-0.845162,86.120687,9.954740,3.706424,0.002702
11.439519,29.048998,42.560101,2086.131788,-0.793907,86.128011,9.966885,3.710489,0.002362
11.440877,29.077004,42.518979,2080.753036,-0.742849,86.137504,9.973897,3.713078,0.002864
11.442176,29.104461,42.479258,2075.359082,-0.690329,86.146738,9.975206,3.713095,0.003117
11.444979,29.131631,42.442911,2069.951826,-0.638778,86.155417,9.974034,3.713959,0.002717
11.446379,29.161234,42.409079,2064.531905,-0.587847,86.161699,9.967366,3.709796,0.003995
11.447573,29.189545,42.378310,2059.106487,-0.536480,86.171360,9.956209,3.706196,0.004127
11.449001,29.217368,42.353209,2053.674307,-0.484723,86.178472,9.944840,3.702151,0.004926
11.448937,29.244666,42.327911,2048.237963,-0.434530,86.187733,9.927760,3.695180,0.004521
11.452931,29.273978,42.306702,2042.798715,-0.384572,86.196012,9.906264,3.686455,0.004024
11.454289,29.302404,42.287627,2037.363016,-0.335603,86.203773,9.879610,3.676935,0.003418
11.455838,29.331138,42.270375,2031.930278,-0.287763,86.210233,9.850444,3.666857,0.003712
11.458033,29.360515,42.258161,2026.502697,-0.242391,86.216987,9.816442,3.656060,0.002910
11.459770,29.388104,42.245906,2021.082271,-0.199615,86.227021,9.779430,3.642282,0.002383
11.462142,29.414500,42.235565,2015.672963,-0.157118,86.235982,9.740731,3.629205,0.002576
11.465374,29.440738,42.227924,2010.275302,-0.115375,86.244594,9.697566,3.613884,0.000442
11.467345,29.468809,42.223037,2004.894100,-0.077953,86.251260,9.654091,3.596880,0.001182
11.468536,29.496809,42.218902,1999.527425,-0.043524,86.259755,9.606516,3.579147,0.000549
11.469631,29.523152,42.217449,1994.179752,-0.007943,86.268311,9.556058,3.559897,-0.000073
11.471697,29.550694,42.216759,1988.852037,0.023672,86.276073,9.504807,3.539941,0.000989
11.473745,29.575738,42.219796,1983.545299,0.054494,86.284725,9.451564,3.521232,-0.000865
11.474920,29.600284,42.224153,1978.260602,0.082804,86.291628,9.393634,3.500524,-0.002307
11.475815,29.627530,42.227365,1973.001909,0.108558,86.300248,9.336111,3.476153,-0.001441
11.476773,29.654465,42.233063,1967.771884,0.130218,86.308041,9.281094,3.453702,-0.001287
11.478255,29.682849,42.240084,1962.566227,0.150469,86.315630,9.224209,3.432483,-0.002341
11.481118,29.709540,42.249716,1957.388938,0.167659,86.323138,9.165300,3.412276,-0.002202
11.483588,29.734342,42.258126,1952.239836,0.182123,86.332114,9.105238,3.390148,-0.000743
11.485964,29.760695,42.265362,1947.120782,0.191971,86.337867,9.045227,3.366994,-0.000768
11.489228,29.788829,42.276514,1942.031454,0.199016,86.345090,8.985391,3.345725,-0.000574
11.489858,29.815560,42.287528,1936.976476,0.204945,86.353582,8.927817,3.323005,0.000612
11.491051,29.842702,42.299379,1931.954563,0.205858,86.360720,8.869100,3.302160,0.002745
11.491046,29.867961,42.309517,1926.963078,0.205863,86.368798,8.809244,3.280146,0.003083
11.493136,29.896175,42.320735,1922.004263,0.203144,86.376070,8.752116,3.257759,0.001204
11.492308,29.922684,42.331782,1917.079272,0.198607,86.384119,8.694290,3.236986,0.001581
11.494469,29.949337,42.343338,1912.186599,0.191028,86.391542,8.639199,3.217476,0.002688
11.495940,29.974970,42.353103,1907.328526,0.181362,86.400260,8.585787,3.195976,0.005096
11.496871,29.999256,42.360426,1902.502518,0.168850,86.407318,8.532576,3.175169,0.005114
11.499271,30.025777,42.367847,1897.710627,0.152896,86.413723,8.481193,3.155284,0.006043
11.502062,30.052137,42.373165,1892.952992,0.135025,86.420357,8.430877,3.136230,0.005928
11.502753,30.076505,42.379191,1888.229472,0.112286,86.428584,8.381037,3.118045,0.004638
11.505763,30.100989,42.384117,1883.535923,0.087527,86.435567,8.333288,3.101103,0.003812
11.508100,30.126895,42.388252,1878.875772,0.060653,86.443625,8.287910,3.082846,0.004415
11.508621,30.153082,42.390922,1874.246637,0.033086,86.452227,8.245140,3.066223,0.004472
11.510887,30.178872,42.392537,1869.649261,0.004043,86.460483,8.203748,3.050727,0.004995
11.512535,30.202646,42.390544,1865.079285,-0.028910,86.466751,8.163553,3.034664,0.004601
11.513946,30.227154,42.389322,1860.542081,-0.062912,86.474068,8.125741,3.021643,0.004859
11.515704,30.253718,42.385476,1856.033393,-0.099021,86.482232,8.089059,3.009516,0.005562
11.515852,30.282349,42.377779,1851.553740,-0.137130,86.489355,8.055594,2.997676,0.005725
11.517641,30.307011,42.368909,1847.100943,-0.178440,86.496831,8.028144,2.988861,0.004656
11.519901,30.331964,42.360314,1842.676374,-0.218775,86.505410,7.998405,2.977244,0.003396
11.521408,30.357509,42.348612,1838.275700,-0.260855,86.513118,7.972526,2.968601,0.003610
11.522589,30.382799,42.335738,1833.896854,-0.303700,86.521155,7.948922,2.961252,0.002953
11.523499,30.406752,42.320238,1829.544726,-0.348595,86.527589,7.928434,2.952616,0.004201
11.526048,30.430401,42.302344,1825.212758,-0.394342,86.536355,7.912328,2.947617,0.002390
11.528661,30.455687,42.283446,1820.904314,-0.441271,86.543519,7.896723,2.942750,0.003337
11.528661,30.480593,42.262549,1816.614051,-0.489628,86.548950,7.884468,2.938664,0.002801
11.529380,30.505819,42.238978,1812.342660,-0.539559,86.556510,7.875919,2.935162,0.001439
11.530565,30.531119,42.211101,1808.089261,-0.589442,86.564874,7.868230,2.932647,0.000740
11.533736,30.556922,42.182138,1803.852319,-0.640711,86.570882,7.862371,2.931047,-0.000043
11.535276,30.580274,42.152114,1799.630682,-0.691439,86.578891,7.860339,2.930403,0.001385
11.537814,30.605193,42.118359,1795.421640,-0.743202,86.587642,7.857935,2.929703,0.001861
11.539573,30.629282,42.082619,1791.222651,-0.794884,86.595643,7.862841,2.930628,0.000834
11.542129,30.652056,42.042967,1787.035572,-0.845457,86.603270,7.868861,2.932157,0.000652
11.542968,30.677665,42.000311,1782.857793,-0.896527,86.610653,7.876959,2.935094,-0.000733
11.544177,30.703977,41.957190,1778.688215,-0.948137,86.618773,7.887764,2.939416,-0.000701
11.545345,30.727765,41.909607,1774.525169,-1.000766,86.624598,7.900958,2.944324,-0.000758
11.545901,30.753398,41.861320,1770.367294,-1.052350,86.631256,7.916839,2.951749,-0.001077
11.547313,30.775809,41.812192,1766.211070,-1.101907,86.639732,7.935496,2.959232,-0.001140
11.549696,30.798514,41.760234,1762.055932,-1.148694,86.646790,7.956395,2.967325,-0.001381
11.551792,30.820101,41.707081,1757.902586,-1.197226,86.653671,7.979897,2.975122,-0.001308
11.553606,30.844326,41.651927,1753.747500,-1.245788,86.660502,8.004905,2.983400,-0.001722
11.554282,30.869935,41.595007,1749.587866,-1.292324,86.667916,8.031331,2.993260,-0.001728
11.555376,30.893064,41.534824,1745.423851,-1.338029,86.674365,8.060987,3.003378,-0.001362
11.556664,30.915276,41.474474,1741.253953,-1.381646,86.680671,8.092410,3.014095,-0.001348
11.557835,30.938810,41.410477,1737.077775,-1.422278,86.686567,8.125450,3.025192,-0.001112
11.559615,30.963256,41.345667,1732.891316,-1.463187,86.696095,8.160285,3.038924,-0.001512
11.563166,30.986924,41.278383,1728.694985,-1.502857,86.703874,8.197077,3.053307,-0.001460
11.564424,31.010606,41.209394,1724.487617,-1.541714,86.711099,8.237561,3.067239,-0.002769
11.564439,31.033764,41.140780,1720.266223,-1.578918,86.717530,8.278466,3.083807,-0.002866
11.566480,31.058382,41.068995,1716.032253,-1.613583,86.726174,8.321311,3.101051,-0.001346
11.567746,31.080617,40.997932,1711.781524,-1.645526,86.733210,8.365724,3.118287,-0.000607
11.569504,31.103909,40.924528,1707.514370,-1.675787,86.739474,8.410390,3.135964,0.001056
11.570342,31.128065,40.848207,1703.225120,-1.704153,86.746806,8.458617,3.153097,0.001603
11.570322,31.151088,40.770978,1698.918315,-1.729919,86.754170,8.506776,3.170815,0.001233
11.572708,31.174379,40.693475,1694.590998,-1.752981,86.760988,8.556063,3.187714,0.001059
11.573703,31.196322,40.615245,1690.242011,-1.772986,86.769278,8.606099,3.204993,-0.000074
11.575201,31.221139,40.534087,1685.868815,-1.793478,86.775634,8.658823,3.223774,-0.000305
11.575518,31.242872,40.454704,1681.472326,-1.810665,86.782270,8.711018,3.242158,-0.000848
11.576516,31.266796,40.374683,1677.049863,-1.825088,86.789658,8.763643,3.260716,-0.000161
11.576572,31.289136,40.294453,1672.603749,-1.834922,86.796042,8.817137,3.279025,0.001145
11.577579,31.313348,40.214059,1668.127205,-1.843406,86.803117,8.869006,3.299551,-0.000332
11.578259,31.336923,40.134960,1663.624245,-1.848423,86.811455,8.923466,3.319274,-0.001009
11.577896,31.361324,40.054988,1659.093721,-1.853775,86.820063,8.976107,3.340167,-0.002889
11.578849,31.382929,39.974659,1654.534550,-1.852951,86.826315,9.027764,3.359969,-0.002185
11.581441,31.405772,39.895400,1649.946743,-1.850287,86.831776,9.079134,3.378183,0.000248
11.583610,31.427743,39.815451,1645.331315,-1.846261,86.838043,9.131326,3.397627,-0.001141
11.584055,31.451156,39.736177,1640.683731,-1.840323,86.845208,9.180858,3.416625,-0.001590
11.587919,31.474734,39.657525,1636.007785,-1.830986,86.852227,9.230465,3.436399,-0.001127
11.589588,31.496823,39.578255,1631.300744,-1.819939,86.859299,9.279580,3.453793,-0.000809
11.590288,31.517157,39.501378,1626.564971,-1.807021,86.866381,9.328983,3.471910,-0.001623
11.591169,31.540043,39.424451,1621.798348,-1.791234,86.873278,9.375138,3.488019,-0.001232
11.592613,31.561832,39.347678,1617.001650,-1.772911,86.880951,9.418429,3.504678,0.001499
11.593589,31.584816,39.272364,1612.176023,-1.754302,86.885655,9.458976,3.520241,0.000276
11.595314,31.606943,39.197248,1607.324651,-1.732627,86.892942,9.499202,3.534901,0.002333
11.595918,31.629772,39.125683,1602.442184,-1.708739,86.899156,9.538536,3.549596,0.002658
11.598016,31.651077,39.055293,1597.531917,-1.683269,86.905417,9.572477,3.565133,0.002922
11.599741,31.672536,38.984070,1592.595527,-1.654687,86.912272,9.607037,3.576817,0.003013
11.600163,31.693361,38.916364,1587.632303,-1.624272,86.921424,9.641451,3.589418,0.004314
11.600629,31.715264,38.851880,1582.642464,-1.593574,86.929450,9.670608,3.601676,0.002752
11.601143,31.736709,38.787915,1577.629555,-1.560627,86.937288,9.700264,3.611458,0.001699
11.602510,31.758992,38.724103,1572.593238,-1.526340,86.943570,9.725503,3.620835,0.002227
11.604427,31.779843,38.662425,1567.535721,-1.493009,86.948965,9.747617,3.631040,0.001268
11.604488,31.799830,38.602724,1562.458638,-1.456028,86.957557,9.767007,3.639120,0.000147
11.604630,31.822346,38.544382,1557.362833,-1.417208,86.963669,9.783475,3.644535,-0.000639
11.607355,31.845273,38.487297,1552.246926,-1.381779,86.970922,9.796930,3.649395,-0.001294
11.609442,31.865061,38.431072,1547.111877,-1.341777,86.979535,9.808615,3.654260,-0.000436
11.611559,31.885916,38.379547,1541.963702,-1.303086,86.986684,9.817861,3.658471,0.000572
11.613018,31.905043,38.325146,1536.800934,-1.262960,86.994979,9.821593,3.661407,0.003283
11.614442,31.926252,38.276174,1531.627969,-1.223359,87.001944,9.825110,3.662516,0.004125
11.615141,31.947228,38.228692,1526.444438,-1.183565,87.008929,9.825372,3.660954,0.002241
11.615213,31.968760,38.181444,1521.248567,-1.143032,87.014675,9.822658,3.659599,0.002281
11.616545,31.988457,38.136072,1516.044902,-1.105961,87.021457,9.815438,3.657686,0.003483
11.616198,32.009342,38.093450,1510.837324,-1.065943,87.026808,9.807168,3.654321,0.004350
11.615188,32.030236,38.051522,1505.625734,-1.026262,87.035027,9.796545,3.650924,0.003373
11.616134,32.050544,38.010727,1500.410325,-0.988961,87.041971,9.783555,3.646723,0.000960
11.618555,32.071110,37.973293,1495.193220,-0.953208,87.050062,9.770389,3.639305,0.001013
11.617967,32.091582,37.937185,1489.976435,-0.918757,87.054602,9.752754,3.633876,-0.000738
11.618698,32.111748,37.900803,1484.760538,-0.884243,87.061052,9.730876,3.625783,-0.001443
11.618857,32.132243,37.867528,1479.549824,-0.852854,87.066294,9.707845,3.616512,-0.001035
11.621114,32.153137,37.835061,1474.343376,-0.821408,87.073083,9.682545,3.608327,-0.000933
11.622832,32.172877,37.802475,1469.143076,-0.789531,87.079225,9.656600,3.597440,-0.001527
11.625680,32.191777,37.771110,1463.949068,-0.763035,87.084295,9.630466,3.587369,-0.000122
11.625401,32.210202,37.742561,1458.766152,-0.735904,87.091718,9.600917,3.575318,0.000331
11.625254,32.228533,37.715109,1453.593913,-0.709694,87.099559,9.568953,3.563801,0.000370
11.625376,32.247989,37.688777,1448.432623,-0.685964,87.107196,9.538058,3.550731,0.000165
11.625476,32.267453,37.662528,1443.283537,-0.664089,87.114604,9.503798,3.539265,-0.000073
11.627574,32.286670,37.638403,1438.148163,-0.645736,87.124688,9.468995,3.526672,-0.000055
11.629633,32.305695,37.615307,1433.027612,-0.630142,87.131336,9.433647,3.512974,0.000383
11.631623,32.324740,37.593363,1427.924140,-0.616399,87.136681,9.396909,3.499414,-0.000509
11.631993,32.343899,37.570842,1422.837948,-0.604483,87.141395,9.359619,3.485205,-0.001676
11.632006,32.364612,37.547669,1417.771798,-0.595232,87.147266,9.321634,3.470882,-0.002200
11.634455,32.384313,37.524756,1412.722558,-0.589410,87.153205,9.283960,3.459080,-0.000816
11.634115,32.405919,37.501924,1407.695315,-0.585570,87.159916,9.246067,3.444899,-0.000135
11.634754,32.428736,37.479585,1402.687562,-0.583276,87.168603,9.206688,3.429585,-0.000124
11.637279,32.447241,37.460253,1397.700735,-0.584955,87.175977,9.168646,3.414888,-0.000308
11.639392,32.467293,37.438904,1392.734922,-0.586969,87.179766,9.133027,3.400096,-0.001281
11.639006,32.488105,37.417665,1387.790080,-0.591803,87.187421,9.094941,3.386633,-0.001739
11.639996,32.507215,37.397079,1382.868932,-0.600424,87.191278,9.057117,3.372417,-0.001751
11.640419,32.525296,37.375191,1377.970720,-0.611388,87.197498,9.020148,3.358988,-0.001033
11.640493,32.545289,37.353560,1373.094616,-0.624055,87.204994,8.983748,3.344681,-0.001047
11.640783,32.564645,37.330891,1368.241871,-0.640004,87.210905,8.949570,3.331754,0.000996
11.641661,32.583723,37.307943,1363.413941,-0.659075,87.217170,8.915382,3.317626,0.001238
11.643619,32.602861,37.284102,1358.609047,-0.679785,87.222636,8.882393,3.305601,0.000326
11.645312,32.621864,37.259257,1353.827123,-0.700856,87.229836,8.850920,3.294791,0.000106
11.643732,32.640692,37.234217,1349.071337,-0.725104,87.237377,8.821276,3.283128,0.001680
11.645061,32.656506,37.208358,1344.336680,-0.752571,87.241442,8.790420,3.271447,-0.000370
11.645859,32.675102,37.182666,1339.625593,-0.782906,87.248335,8.763995,3.260942,-0.000031
11.646620,32.693987,37.154071,1334.938364,-0.814465,87.253720,8.736306,3.253005,0.001409
11.646925,32.711808,37.125291,1330.275432,-0.848196,87.259489,8.711364,3.243079,0.002008
11.647324,32.730053,37.095549,1325.633617,-0.882176,87.265554,8.686505,3.234686,0.003353
11.648301,32.749646,37.062897,1321.016963,-0.918947,87.271784,8.664643,3.228059,0.003275
11.651184,32.767352,37.029027,1316.419578,-0.957201,87.277477,8.644278,3.219626,0.002971
11.651914,32.784806,36.996240,1311.843033,-0.998151,87.281792,8.624794,3.211980,0.002342
11.651487,32.803017,36.959696,1307.289423,-1.040482,87.289161,8.607726,3.205170,0.002172
11.652133,32.821519,36.924204,1302.755056,-1.081757,87.294194,8.591983,3.197963,0.000487
11.654366,32.838792,36.887261,1298.238399,-1.127472,87.299991,8.578166,3.191898,-0.002004
11.653904,32.857859,36.848690,1293.742038,-1.172301,87.306435,8.566208,3.186587,-0.000223
11.655928,32.876344,36.807821,1289.264189,-1.220566,87.311480,8.555463,3.183733,-0.000452
11.657990,32.892579,36.766326,1284.804273,-1.268503,87.318188,8.546853,3.182271,0.000843
11.659846,32.907502,36.722277,1280.359381,-1.317672,87.324333,8.538332,3.180397,0.000436
11.660859,32.925666,36.675812,1275.929667,-1.365350,87.332401,8.534061,3.179753,0.001354
11.659989,32.943104,36.630607,1271.516004,-1.415773,87.338819,8.529116,3.179102,0.001497
11.662055,32.961047,36.583542,1267.118878,-1.465360,87.344179,8.526730,3.179445,0.002840
11.661483,32.979453,36.534162,1262.733824,-1.517838,87.349231,8.526543,3.179750,0.002311
11.663965,32.997525,36.484942,1258.362428,-1.568000,87.355090,8.528319,3.178546,0.002184
11.664208,33.014951,36.431354,1254.000349,-1.619783,87.363322,8.530080,3.179540,0.001823
11.665735,33.030166,36.376656,1249.648955,-1.671366,87.370385,8.535010,3.182179,0.001070
11.666205,33.048023,36.321448,1245.306141,-1.724178,87.376348,8.543279,3.183803,0.000893
11.665349,33.065204,36.263505,1240.973050,-1.773604,87.382831,8.550932,3.187107,-0.000016
11.665261,33.080741,36.204961,1236.648318,-1.824688,87.390214,8.560161,3.190613,0.000053
11.667086,33.097197,36.146286,1232.330446,-1.874910,87.396760,8.572335,3.194144,-0.000103
11.669080,33.113318,36.085845,1228.017333,-1.925649,87.402316,8.585098,3.197292,0.000328
11.669724,33.129779,36.024476,1223.707397,-1.974400,87.407323,8.599911,3.203755,-0.001072
11.670202,33.145869,35.960350,1219.402686,-2.022144,87.413654,8.617172,3.209400,-0.001175
11.671592,33.161551,35.895797,1215.100582,-2.069663,87.420486,8.635228,3.216425,-0.001812
11.672224,33.179592,35.829854,1210.798229,-2.115318,87.426809,8.655904,3.220911,-0.001662
11.672576,33.196145,35.761930,1206.498480,-2.158851,87.433459,8.676775,3.227920,-0.001459
11.673745,33.211307,35.692974,1202.199028,-2.203605,87.439461,8.699150,3.236896,-0.001148
11.671496,33.228194,35.621895,1197.896403,-2.246902,87.442779,8.720266,3.247178,0.001877
11.671989,33.245274,35.551495,1193.589616,-2.286913,87.449238,8.744066,3.255482,0.001288
11.673279,33.261260,35.479810,1189.278243,-2.327198,87.454081,8.770771,3.264762,-0.000039
11.671520,33.276565,35.407116,1184.966049,-2.364380,87.457493,8.795908,3.276990,0.001055
11.672993,33.291793,35.333654,1180.649338,-2.403651,87.464115,8.822863,3.287723,0.001309
11.672924,33.308140,35.258349,1176.325342,-2.437562,87.469153,8.849014,3.297983,0.002006
11.673153,33.323760,35.184283,1171.994997,-2.471672,87.473049,8.878356,3.308201,0.002196
11.673038,33.338099,35.107830,1167.656663,-2.502126,87.479225,8.907109,3.319063,0.000475
11.673261,33.356226,35.031370,1163.309243,-2.533239,87.485404,8.937102,3.329317,0.000421
11.675053,33.370815,34.952740,1158.950979,-2.560622,87.489928,8.967399,3.338272,-0.000995
11.675473,33.386392,34.874145,1154.582265,-2.584710,87.497630,8.997418,3.348952,-0.001777
11.677366,33.401707,34.795330,1150.204326,-2.608389,87.504030,9.028364,3.360489,-0.002668
11.678718,33.417655,34.716876,1145.816785,-2.631943,87.509825,9.058728,3.372020,-0.000608
11.679469,33.435491,34.637178,1141.416018,-2.650117,87.514834,9.089509,3.381824,0.000089
11.680918,33.450959,34.560059,1137.000416,-2.669378,87.520085,9.118517,3.391908,-0.000179
11.683080,33.466088,34.479559,1132.573400,-2.683799,87.524515,9.149696,3.403226,-0.000254
11.682921,33.481574,34.401156,1128.132011,-2.697407,87.530685,9.180171,3.413991,-0.000373
11.684483,33.498517,34.321951,1123.676355,-2.706428,87.534929,9.210677,3.426651,0.001689
11.684618,33.514250,34.241349,1119.208020,-2.716103,87.541522,9.242663,3.437888,0.001046
11.686512,33.528477,34.162859,1114.722911,-2.722951,87.546527,9.271996,3.449856,0.000122
11.687332,33.542715,34.084622,1110.225778,-2.728044,87.553738,9.299157,3.460030,0.000977
11.686607,33.557579,34.009202,1105.714009,-2.730488,87.557901,9.327066,3.472031,0.000844
11.685414,33.573275,33.929739,1101.188898,-2.731831,87.563564,9.354165,3.482555,0.001364
11.685531,33.588732,33.849238,1096.645218,-2.729454,87.570770,9.379433,3.492836,0.000630
11.684074,33.602529,33.770602,1092.087958,-2.725863,87.577047,9.405324,3.501719,-0.001308
11.683821,33.618217,33.694006,1087.515282,-2.722755,87.583080,9.429190,3.510475,-0.000950
11.684988,33.631531,33.615130,1082.928871,-2.716265,87.589042,9.452905,3.518734,-0.000665
11.683902,33.645660,33.538115,1078.328670,-2.709928,87.595077,9.473921,3.526802,-0.000032
11.684336,33.659669,33.461593,1073.715424,-2.701302,87.601248,9.493877,3.534820,-0.000217
11.685051,33.675049,33.385104,1069.088291,-2.690809,87.607137,9.513772,3.541850,0.001410
11.685443,33.691373,33.308557,1064.447782,-2.677656,87.613712,9.532309,3.548602,0.001220
11.685159,33.706924,33.235276,1059.795445,-2.663567,87.618868,9.548549,3.555552,0.001082
11.684447,33.722582,33.162959,1055.133067,-2.649850,87.626336,9.563163,3.562261,-0.000683
11.684371,33.737369,33.090229,1050.456233,-2.633780,87.630421,9.576580,3.566469,-0.001378
11.684898,33.751011,33.017760,1045.769491,-2.617002,87.634095,9.587565,3.570399,-0.000169
11.686012,33.765525,32.945744,1041.072520,-2.598581,87.638625,9.596421,3.573201,-0.001168
11.687936,33.778906,32.875905,1036.365149,-2.582681,87.642605,9.603701,3.577995,0.000544
11.689971,33.793792,32.806047,1031.648693,-2.565580,87.648877,9.611100,3.580322,0.001381
11.691288,33.807672,32.737217,1026.925532,-2.546748,87.654064,9.617815,3.584126,-0.000837
11.693238,33.821607,32.669297,1022.195307,-2.528580,87.659272,9.621463,3.584179,-0.000950
11.694008,33.835778,32.602027,1017.459371,-2.510229,87.663708,9.622675,3.584472,-0.001610
11.693884,33.849356,32.537145,1012.717909,-2.490943,87.669208,9.624009,3.584174,-0.000468
11.694305,33.861989,32.472239,1007.973216,-2.472160,87.673778,9.624192,3.584375,-0.002135
11.695645,33.875994,32.408106,1003.223659,-2.453582,87.679380,9.620733,3.583356,-0.001560
11.696971,33.889334,32.343728,998.473247,-2.436650,87.683485,9.616581,3.581070,-0.003396
0.048351,0.052192,50.007009,5347.249146,-0.203068,44.996878,22.998984,8.566037,-0.001718
0.099549,0.104222,49.997214,5334.430889,0.090575,44.997504,22.916410,8.535448,-0.001471
0.149337,0.154530,50.029145,5321.621888,0.383149,44.997229,22.700404,8.455158,-0.001835
0.199522,0.204944,50.102034,5308.896825,0.672633,44.997769,22.360858,8.328582,-0.003350
0.250754,0.253699,50.215315,5296.320436,0.954656,44.998087,21.903889,8.158608,-0.003374
0.298623,0.302298,50.366089,5283.959497,1.228102,44.998797,21.344190,7.951952,-0.001870
0.349751,0.350942,50.554241,5271.865793,1.493462,44.999888,20.694103,7.709029,-0.001738
0.400382,0.401336,50.777091,5260.092760,1.745693,44.999754,19.964420,7.436678,-0.000319
0.449316,0.449468,51.033028,5248.681751,1.986313,44.999476,19.173617,7.142239,-0.000454
0.498660,0.500507,51.319369,5237.668673,2.212515,44.999963,18.333360,6.829572,0.001986
0.549376,0.551102,51.637511,5227.078253,2.427142,44.999822,17.461484,6.506263,0.002334
0.598650,0.601178,51.985656,5216.929283,2.627568,44.998845,16.570503,6.173684,0.002545
0.647036,0.648986,52.356363,5207.233289,2.814527,45.000223,15.669416,5.837449,0.000359
0.697363,0.696942,52.750784,5197.997079,2.983818,44.992033,14.771112,5.504709,-1.999913
0.746011,0.745919,53.167732,5189.218510,3.139074,44.984598,13.884762,5.174649,-1.997957
0.795743,0.794460,53.603117,5180.893274,3.280518,44.978449,13.017115,4.851876,-1.998729
0.845288,0.843138,54.054909,5173.012507,3.407735,44.970339,12.175682,4.539593,-1.999315
0.894864,0.892411,54.522549,5165.560273,3.520186,44.963679,11.366097,4.238764,-1.998355
0.946353,0.940224,55.004350,5158.523571,3.620081,44.957501,10.590924,3.949695,-1.997282
0.994621,0.988803,55.497348,5151.887142,3.706104,44.951686,9.854554,3.674982,-1.996735
1.042350,1.036087,56.001296,5145.631078,3.782005,44.945641,9.156358,3.416584,-1.997484
1.090475,1.086437,56.515267,5139.735038,3.844668,44.940664,8.499576,3.172531,-1.999046
1.140067,1.133345,57.035839,5134.179738,3.898473,44.937467,7.882446,2.943188,-1.998127
1.188658,1.181865,57.563884,5128.947818,3.940038,44.932361,7.306147,2.726976,-1.998183
1.236106,1.228644,58.095766,5124.018014,3.975046,44.927493,6.767088,2.524939,-1.999184
1.284426,1.277347,58.630986,5119.371179,4.001494,44.925864,6.267047,2.336978,-1.998316
1.332914,1.326066,59.166754,5114.991030,4.019313,44.925110,5.801432,2.161224,-1.997610
1.380730,1.373898,59.704166,5110.855775,4.027148,44.922056,5.368999,1.999665,-1.998224
1.428609,1.423861,60.241296,5106.953497,4.028118,44.921338,4.969027,1.850566,-1.998762
1.475550,1.472735,60.778202,5103.264026,4.024390,44.917598,4.599556,1.713340,-1.998269
1.523996,1.521449,61.313529,5099.777288,4.013897,44.916228,4.261225,1.587146,-2.000008
1.574445,1.568025,61.847402,5096.475993,3.998323,44.912226,3.947719,1.468258,-2.000810
1.621093,1.616409,62.380608,5093.347194,3.979527,44.910704,3.657176,1.361636,-2.000197
1.668726,1.664543,62.909186,5090.381095,3.952360,44.911477,3.391362,1.263570,-2.001726
1.716671,1.713673,63.433916,5087.561345,3.922000,44.910115,3.147051,1.172279,-2.000378
1.765326,1.761795,63.954172,5084.881202,3.886985,44.910014,2.923195,1.087677,-2.001560
1.812268,1.808698,64.468874,5082.331244,3.848347,44.909167,2.717372,1.009170,-2.001359
1.862654,1.858393,64.975825,5079.901896,3.806410,44.908941,2.526842,0.938542,-2.001753
1.910641,1.905727,65.479435,5077.586165,3.763055,44.910117,2.350637,0.874476,-2.000241
1.958605,1.953428,65.974871,5075.375790,3.715252,44.909054,2.190007,0.813837,-2.000937
2.006062,2.000996,66.465193,5073.264354,3.664899,44.909308,2.043846,0.758372,-2.001221
2.054893,2.047333,66.949294,5071.245150,3.611538,44.910329,1.907185,0.707517,-2.000857
2.102812,2.095799,67.424316,5069.312652,3.555707,44.912139,1.782847,0.661538,-2.002058
2.149240,2.144481,67.892898,5067.461775,3.498588,44.914653,1.668257,0.620787,-2.000965
2.197020,2.192323,68.352697,5065.686098,3.437951,44.917077,1.562013,0.581266,-2.001021
2.243642,2.242500,68.804204,5063.981664,3.378990,44.915780,1.466122,0.543151,-2.001157
2.288925,2.290377,69.246938,5062.346232,3.317240,44.917096,1.375856,0.511686,-2.001389
2.338026,2.339263,69.681621,5060.775493,3.253550,44.918307,1.293442,0.482577,-2.003035
2.386506,2.383751,70.107852,5059.266092,3.188880,44.919972,1.217401,0.454635,-2.000128
2.433996,2.432562,70.525347,5057.812251,3.122118,44.920446,1.146904,0.427678,-2.000635
2.480870,2.480380,70.933645,5056.413151,3.053500,44.922765,1.081289,0.404677,-2.002052
2.529327,2.529374,71.334890,5055.065967,2.984142,44.923985,1.021241,0.381867,-2.002913
2.578696,2.575321,71.723583,5053.769111,2.913269,44.923875,0.967525,0.361071,-2.001859
2.626098,2.622051,72.103304,5052.519882,2.841997,44.925847,0.916812,0.343429,-2.001049
2.673462,2.669558,72.475308,5051.315825,2.769642,44.927336,0.869297,0.326726,-2.002397
2.721115,2.715586,72.836745,5050.155710,2.697012,44.931458,0.827783,0.309836,-2.002458
2.769512,2.762659,73.188917,5049.035894,2.623571,44.934295,0.786611,0.295107,-2.001604
2.818655,2.811623,73.528948,5047.956090,2.546772,44.938932,0.748701,0.279498,-2.002269
2.866383,2.860635,73.860077,5046.915818,2.473233,44.941961,0.713461,0.266818,-2.000767
2.911998,2.907452,74.182209,5045.912665,2.398385,44.942829,0.682244,0.256569,-2.000586
2.958500,2.953406,74.495543,5044.945183,2.321994,44.944521,0.653362,0.244504,-2.000426
3.005658,3.001296,74.798351,5044.014831,2.245935,44.944510,0.625675,0.234463,-2.000053
3.052463,3.047412,75.090400,5043.116925,2.169981,44.948086,0.600580,0.223539,-1.998975
3.099148,3.093778,75.370509,5042.251700,2.093786,44.949179,0.579243,0.215876,-1.999173
3.146774,3.141178,75.643176,5041.419498,2.016875,44.950777,0.558061,0.207995,-1.998021
3.193139,3.189033,75.903504,5040.618076,1.938593,44.953826,0.539121,0.199823,-1.997637
3.242152,3.235240,76.156285,5039.848227,1.861358,44.955801,0.520548,0.193536,-1.997570
3.290020,3.282768,76.397467,5039.107279,1.779516,44.960284,0.502342,0.188435,-2.000526
3.337010,3.329340,76.625371,5038.396172,1.701421,44.962665,0.486839,0.181599,-2.000108
3.385556,3.376601,76.846891,5037.713652,1.622460,44.965145,0.473187,0.174765,-2.000193
3.433702,3.423533,77.054203,5037.060317,1.542546,44.970014,0.459787,0.170186,-2.000395
3.481803,3.470674,77.250774,5036.433866,1.463122,44.973978,0.444614,0.165164,-2.002444
3.530200,3.519543,77.437783,5035.830652,1.381567,44.979047,0.433230,0.160239,-2.002278
3.578299,3.567153,77.613762,5035.256595,1.301043,44.982964,0.423160,0.153855,-2.002262
3.624928,3.614005,77.778976,5034.709185,1.220587,44.984298,0.412463,0.150982,-2.001534
3.672697,3.660794,77.935338,5034.184716,1.140941,44.985346,0.400635,0.147768,-2.000065
3.720540,3.708225,78.080661,5033.686853,1.060801,44.989035,0.391733,0.145660,-1.999865
3.766393,3.757044,78.216390,5033.213715,0.978861,44.993315,0.384338,0.144146,-2.002052
3.813033,3.805889,78.340765,5032.764333,0.897675,44.996417,0.376615,0.141635,-2.003274
3.860599,3.853615,78.452560,5032.338157,0.817279,44.998894,0.369339,0.139256,-2.003321
3.907059,3.901410,78.554275,5031.937199,0.736700,45.002680,0.363549,0.136524,-2.002897
3.955947,3.949204,78.645820,5031.559413,0.654557,45.006580,0.359260,0.134588,-2.003286
4.003351,3.996772,78.725410,5031.206034,0.572433,45.009933,0.356247,0.133352,-2.002390
4.050563,4.046503,78.795623,5030.872131,0.491716,45.014239,0.352685,0.132001,-2.002429
4.098996,4.093269,78.854255,5030.560027,0.409153,45.017725,0.349265,0.130474,-2.003734
4.145567,4.141189,78.901796,5030.271809,0.326768,45.021227,0.347068,0.129265,-2.003804
4.192771,4.188255,78.939467,5030.003756,0.245752,45.024684,0.344616,0.127736,-2.005110
4.240380,4.236160,78.967486,5029.759033,0.163725,45.031084,0.343391,0.128456,-2.004588
4.286840,4.282028,78.983913,5029.536873,0.081314,45.033905,0.342254,0.128243,-2.004575
4.333496,4.328607,78.990151,5029.332909,-0.001670,45.037803,0.341927,0.131977,-2.004306
4.380636,4.375353,78.985094,5029.150778,-0.084335,45.041286,0.343170,0.132510,-2.003754
4.427658,4.422318,78.969103,5028.989474,-0.166298,45.043923,0.344451,0.131726,-2.003972
4.474100,4.469681,78.942314,5028.846495,-0.247733,45.046794,0.347515,0.130991,-2.004624
4.518474,4.519113,78.904878,5028.724591,-0.330179,45.051273,0.348504,0.130670,-2.006372
4.567242,4.565923,78.855122,5028.622053,-0.411379,45.057639,0.349142,0.130406,-2.003042
4.615234,4.614629,78.794833,5028.537058,-0.492490,45.062714,0.352724,0.131962,-2.002171
4.661714,4.664839,78.724415,5028.472155,-0.574356,45.069122,0.356512,0.132340,-2.000939
4.708311,4.710582,78.643095,5028.425276,-0.657115,45.074874,0.358562,0.134451,-2.002019
4.756980,4.758303,78.551688,5028.395690,-0.739039,45.078703,0.364709,0.136905,-2.001803
4.803902,4.805260,78.447188,5028.385770,-0.820317,45.083617,0.370460,0.140107,-2.002651
4.851182,4.853106,78.332760,5028.390125,-0.901469,45.087982,0.376157,0.141500,-2.003025
4.898543,4.900930,78.209823,5028.413867,-0.982174,45.091328,0.382406,0.144768,-2.003195
4.945884,4.947614,78.075554,5028.454884,-1.062832,45.097752,0.392013,0.146827,-2.004666
4.995016,4.996177,77.932198,5028.510333,-1.145798,45.104386,0.400723,0.150508,-2.003524
5.043270,5.044742,77.775659,5028.581065,-1.227266,45.109677,0.409624,0.155003,-2.003382
5.089475,5.093478,77.607651,5028.667528,-1.309208,45.114731,0.417022,0.157598,-2.005041
5.136200,5.141238,77.429935,5028.769316,-1.388339,45.119038,0.428226,0.159710,-2.003705
5.182374,5.188583,77.243519,5028.884540,-1.467454,45.126357,0.442253,0.163111,-2.001779
5.229267,5.236469,77.044337,5029.015411,-1.547929,45.132780,0.452934,0.169443,-2.000961
5.276001,5.282500,76.835621,5029.157815,-1.629567,45.138771,0.467882,0.174716,-1.999882
5.323692,5.329887,76.616078,5029.311049,-1.708992,45.143484,0.485285,0.180950,-2.000902
5.373183,5.377668,76.385061,5029.473988,-1.787745,45.148850,0.500530,0.186786,-1.999629
5.421633,5.424416,76.143535,5029.650227,-1.867154,45.155070,0.518116,0.193487,-1.998274
5.468872,5.473293,75.893376,5029.834814,-1.945610,45.158735,0.538048,0.199690,-1.999372
5.516514,5.522623,75.632167,5030.030357,-2.023955,45.165397,0.557218,0.206390,-2.000364
5.565729,5.571187,75.360536,5030.234179,-2.102678,45.170687,0.576199,0.214889,-1.997858
5.613335,5.617250,75.080479,5030.442816,-2.182474,45.178820,0.598725,0.224549,-1.998135
5.662375,5.663929,74.789469,5030.657745,-2.258906,45.184975,0.623243,0.234436,-1.997864
5.709144,5.711481,74.487399,5030.878262,-2.335664,45.189838,0.649514,0.245245,-1.997465
5.757998,5.759608,74.173452,5031.104201,-2.411276,45.194825,0.678686,0.254060,-1.997935
5.806939,5.806045,73.852091,5031.330624,-2.489271,45.199616,0.709854,0.266902,-1.998999
5.854352,5.853455,73.519635,5031.557084,-2.563011,45.205445,0.741653,0.278667,-1.999432
5.901707,5.902528,73.178007,5031.784932,-2.637446,45.213105,0.777540,0.292520,-1.997575
5.947448,5.950531,72.824794,5032.007888,-2.711398,45.220156,0.817815,0.306797,-1.997003
5.993488,5.998643,72.460516,5032.224882,-2.786476,45.226524,0.859500,0.321701,-1.996662
6.040807,6.046948,72.087676,5032.438461,-2.858802,45.232586,0.906852,0.340441,-1.996733
6.087864,6.094843,71.705930,5032.641157,-2.929498,45.239606,0.956380,0.359525,-1.997402
6.134655,6.143488,71.316678,5032.834709,-2.999910,45.243627,1.011316,0.379543,-1.996703
6.181001,6.189365,70.917592,5033.013721,-3.071209,45.250112,1.070560,0.400647,-1.996818
6.226936,6.239022,70.507926,5033.176595,-3.139058,45.255455,1.133943,0.425439,-1.997587
6.273751,6.289333,70.089745,5033.319353,-3.208098,45.263120,1.202558,0.450911,-1.998110
6.319495,6.334535,69.662752,5033.438200,-3.274499,45.270230,1.279521,0.479491,-1.997692
6.365001,6.380972,69.227231,5033.529044,-3.339663,45.279643,1.360035,0.509835,-1.998164
6.412817,6.427722,68.782033,5033.588812,-3.404234,45.286903,1.448625,0.543482,-1.998849
6.459479,6.474914,68.329711,5033.613110,-3.466677,45.294282,1.545229,0.579194,-1.998457
6.507067,6.525832,67.868472,5033.598440,-3.527275,45.300866,1.647194,0.616906,-1.999192
6.554008,6.572781,67.401496,5033.539906,-3.585740,45.309199,1.759630,0.658401,-1.999868
6.601955,6.621370,66.924864,5033.430621,-3.644078,45.315060,1.879905,0.704269,-1.999913
6.649870,6.669541,66.440578,5033.263039,-3.699440,45.321655,2.013816,0.755470,-2.000674
6.697617,6.718106,65.950460,5033.032347,-3.753091,45.326182,2.159166,0.808847,-1.999789
6.744273,6.764958,65.453049,5032.729701,-3.804182,45.330842,2.314908,0.867161,-2.000167
6.792310,6.814977,64.951266,5032.348828,-3.851392,45.336409,2.485400,0.930241,-1.999492
6.840391,6.864882,64.444287,5031.882214,-3.894026,45.343265,2.668904,0.998790,-2.000581
6.888337,6.911330,63.928227,5031.319001,-3.933726,45.349744,2.868552,1.072285,-1.998631
6.933497,6.958352,63.408554,5030.648181,-3.972018,45.356461,3.086701,1.153537,-1.998930
6.981273,7.007955,62.885257,5029.860908,-4.005983,45.362578,3.322613,1.242806,-1.998028
7.027352,7.054583,62.355325,5028.946336,-4.034650,45.368738,3.577228,1.337741,-1.998137
7.074576,7.102255,61.822731,5027.888228,-4.058251,45.374287,3.853631,1.440618,-1.998210
7.121890,7.150074,61.287571,5026.673724,-4.077208,45.380333,4.153233,1.551212,-1.998056
7.170115,7.198547,60.749222,5025.290247,-4.093902,45.385248,4.476800,1.671824,-1.998836
7.217757,7.247656,60.211739,5023.720760,-4.103126,45.387831,4.826231,1.802100,-1.998944
7.264634,7.293726,59.672613,5021.952672,-4.105744,45.393640,5.204563,1.941347,-1.998765
7.310057,7.342025,59.133020,5019.966893,-4.102434,45.398411,5.610132,2.090721,-1.997450
7.358607,7.390427,58.596578,5017.741773,-4.091295,45.403286,6.047188,2.251713,-1.997859
7.403299,7.438579,58.061724,5015.262436,-4.073259,45.408547,6.512477,2.424650,-1.996576
7.450400,7.486485,57.528753,5012.509241,-4.046690,45.413172,7.011080,2.610640,-1.997820
7.498118,7.534409,57.000131,5009.459121,-4.009744,45.416772,7.539894,2.809672,-1.999728
7.544314,7.582393,56.478833,5006.092153,-3.963839,45.421481,8.104229,3.020911,-1.997431
7.589843,7.629360,55.964486,5002.389926,-3.911679,45.424691,8.700295,3.244065,-1.997383
7.636974,7.676269,55.455784,4998.328678,-3.847329,45.427245,9.329508,3.478093,-1.998905
7.682364,7.725357,54.958997,4993.892227,-3.769989,45.428203,9.987480,3.722590,-2.000402
7.728042,7.773070,54.474352,4989.060429,-3.683266,45.431676,10.675793,3.978472,-2.000421
7.774028,7.821592,54.000379,4983.813535,-3.583770,45.434779,11.388357,4.242243,-2.000713
7.820196,7.868706,53.539340,4978.136658,-3.473721,45.435717,12.121176,4.513952,-1.999865
7.866541,7.916323,53.094806,4972.014780,-3.348906,45.435845,12.869714,4.792727,-1.998542
7.914448,7.963514,52.669089,4965.437726,-3.211245,45.435086,13.629850,5.076430,-1.997442
7.959103,8.011401,52.261826,4958.398759,-3.059774,45.434898,14.392528,5.360333,-1.999048
8.006700,8.060695,51.875257,4950.895494,-2.894547,45.437558,15.148900,5.641988,-1.999341
8.052696,8.110078,51.510969,4942.931115,-2.718219,45.436829,15.891461,5.920638,-1.999583
8.098255,8.158429,51.173683,4934.511050,-2.529508,45.436049,16.611451,6.189772,-2.000339
8.144835,8.205091,50.860756,4925.648150,-2.327369,45.432275,17.296788,6.445532,-2.001150
8.190787,8.252341,50.574908,4916.361691,-2.114344,45.429929,17.937129,6.683290,-2.001646
8.237264,8.297600,50.318173,4906.677187,-1.889350,45.428395,18.524583,6.901257,-2.001913
8.282633,8.345449,50.089690,4896.623222,-1.655310,45.425149,19.049894,7.096643,-2.001890
8.329780,8.392695,49.892970,4886.236283,-1.413077,45.422498,19.499227,7.264043,-2.003348
8.376286,8.440811,49.729278,4875.559364,-1.161853,45.419552,19.868486,7.403390,-2.002879
8.421303,8.487208,49.597106,4864.634921,-0.904049,45.417800,20.148115,7.506955,-2.002986
8.467836,8.533650,49.499648,4853.514281,-0.642524,45.415135,20.335962,7.575019,-2.003180
8.512547,8.579235,49.433878,4842.249530,-0.378306,45.411091,20.425967,7.607262,-2.003110
8.557894,8.625802,49.403616,4830.893249,-0.113995,45.407976,20.419886,7.604635,-2.003077
8.604014,8.673488,49.405626,4819.503055,0.148209,45.403983,20.316751,7.565701,-2.002871
8.647847,8.719990,49.440095,4808.128934,0.407048,45.398509,20.123050,7.494004,-2.002049
8.692372,8.767114,49.509037,4796.824299,0.665604,45.396137,19.837882,7.387441,-2.001560
8.735125,8.813209,49.608093,4785.637104,0.918457,45.395928,19.470804,7.250309,-2.001356
8.779930,8.859734,49.739749,4774.615112,1.162567,45.393196,19.028308,7.087668,-2.002429
8.825644,8.905325,49.898209,4763.798854,1.400238,45.390590,18.517512,6.898193,-2.000853
8.870819,8.950442,50.086976,4753.222919,1.628143,45.385768,17.952399,6.688190,-2.000830
8.917146,8.995098,50.303641,4742.920778,1.843336,45.383532,17.339911,6.458333,-2.002104
8.962942,9.040478,50.546528,4732.918586,2.048910,45.381434,16.689389,6.215548,-2.002196
9.007815,9.085878,50.812624,4723.237159,2.243570,45.377190,16.009421,5.962523,-2.001038
9.051966,9.132193,51.101230,4713.893909,2.427015,45.373907,15.311870,5.702606,-2.000923
9.096918,9.177793,51.412598,4704.900327,2.595266,45.373826,14.603755,5.440095,-2.001731
9.141300,9.222436,51.740846,4696.264515,2.748980,45.373285,13.892930,5.175951,-2.001096
9.185978,9.269529,52.087039,4687.986879,2.891568,45.374103,13.185656,4.912068,-2.000819
9.229468,9.315857,52.450920,4680.066371,3.023047,45.373193,12.488479,4.654465,-2.001436
9.272712,9.359873,52.829013,4672.503868,3.139765,45.374750,11.804968,4.399313,-1.999927
9.315785,9.403388,53.219715,4665.286911,3.244008,45.374083,11.139797,4.153132,-2.000966
9.358745,9.449786,53.623396,4658.411686,3.337493,45.377149,10.497157,3.912990,-1.999656
9.402775,9.494743,54.035061,4651.866225,3.416901,45.379953,9.879975,3.684501,-1.999628
9.446035,9.538118,54.455272,4645.640321,3.486500,45.390138,9.287416,3.461711,0.000099
9.489160,9.581498,54.880860,4639.720782,3.546931,45.396528,8.721570,3.250409,0.000526
9.532455,9.624913,55.313172,4634.096472,3.597637,45.405809,8.186571,3.052380,-0.000341
9.576328,9.671111,55.752615,4628.751959,3.637412,45.413255,7.679824,2.862322,-0.000142
9.619456,9.715177,56.194534,4623.675823,3.666361,45.421758,7.202139,2.684204,0.001544
9.662996,9.761974,56.638253,4618.852049,3.686107,45.429261,6.752601,2.517512,0.002072
9.706734,9.807115,57.084441,4614.266520,3.698914,45.440005,6.329293,2.359912,0.001985
9.751680,9.852463,57.532869,4609.909401,3.703107,45.447315,5.934598,2.211205,0.001916
9.796923,9.897322,57.979739,4605.763872,3.701875,45.456204,5.562104,2.071811,0.000668
9.839256,9.942311,58.425714,4601.822544,3.692545,45.466451,5.215584,1.944294,-0.000856
9.882200,9.985370,58.868665,4598.071256,3.677131,45.476780,4.893309,1.824009,-0.001452
9.925788,10.029795,59.307830,4594.498299,3.657147,45.486306,4.591013,1.711206,-0.003102
9.968939,10.075220,59.743619,4591.092585,3.631920,45.495665,4.311605,1.606519,-0.001934
10.011487,10.118001,60.177005,4587.848448,3.600856,45.504862,4.049133,1.507088,-0.002738
10.053549,10.162852,60.607785,4584.751608,3.563762,45.515909,3.807053,1.416940,-0.004208
10.097071,10.206903,61.032292,4581.795905,3.522849,45.526806,3.583253,1.331318,-0.003630
10.138284,10.249869,61.451640,4578.973436,3.478635,45.534696,3.374277,1.254123,-0.002434
10.181585,10.294169,61.863491,4576.273298,3.428051,45.543496,3.179278,1.183032,-0.001331
10.223828,10.338161,62.271552,4573.693627,3.374826,45.552788,2.999091,1.117265,-0.002957
10.265025,10.381869,62.671397,4571.222220,3.317206,45.561186,2.829481,1.054306,-0.003844
10.307659,10.426597,63.063439,4568.856769,3.256758,45.572201,2.674530,0.994240,-0.001195
10.350577,10.470319,63.449611,4566.588955,3.195680,45.582214,2.530164,0.943285,-0.001419
10.393791,10.515463,63.827214,4564.416750,3.129379,45.591552,2.395778,0.890460,0.000771
10.437944,10.559603,64.196696,4562.331411,3.064067,45.602301,2.273000,0.844344,0.000692
10.481574,10.603052,64.559754,4560.330191,2.993982,45.611875,2.158014,0.800944,0.001466
10.522422,10.646249,64.912640,4558.407225,2.919865,45.621750,2.051299,0.760793,0.001418
10.565993,10.689695,65.257062,4556.561486,2.845944,45.629258,1.951565,0.723755,0.002566
10.608816,10.734798,65.590656,4554.788529,2.771970,45.637895,1.858914,0.690941,0.001796
10.650620,10.779289,65.916538,4553.084127,2.693886,45.648955,1.775224,0.658945,0.001271
10.694827,10.824824,66.232212,4551.444394,2.616043,45.660182,1.696900,0.629773,0.000995
10.735690,10.867220,66.539065,4549.866011,2.534278,45.669650,1.624479,0.603415,0.001449
10.778260,10.911293,66.836132,4548.349402,2.452327,45.681223,1.557535,0.579361,0.001995
10.819624,10.957318,67.123790,4546.888735,2.368831,45.691655,1.494043,0.554517,0.001902
10.862023,11.001086,67.400513,4545.481288,2.285908,45.702470,1.437939,0.532597,0.000783
10.905930,11.044361,67.666124,4544.128704,2.200829,45.714071,1.385246,0.512571,0.000541
10.948547,11.089430,67.923004,4542.826782,2.112715,45.723654,1.335677,0.493718,0.001043
10.990433,11.134242,68.167592,4541.574354,2.025347,45.735580,1.289676,0.478449,0.001481
11.033194,11.179367,68.402610,4540.368616,1.938280,45.746271,1.244785,0.462893,0.001885
11.076163,11.223952,68.627970,4539.208586,1.848355,45.756958,1.204540,0.447434,0.002681
11.118880,11.269009,68.841059,4538.090106,1.757829,45.770059,1.169966,0.434786,0.000923
11.163269,11.313693,69.046096,4537.013876,1.667806,45.780087,1.136222,0.422095,-0.001201
11.204178,11.356539,69.238630,4535.981551,1.577488,45.790687,1.105341,0.409706,-0.000210
11.246927,11.401433,69.419147,4534.986330,1.485771,45.802915,1.079035,0.399748,0.001534
11.287852,11.445842,69.588068,4534.031518,1.392651,45.812884,1.052747,0.390659,0.001008
11.330383,11.490182,69.747167,4533.111872,1.299217,45.822285,1.029982,0.381554,0.000690
11.371436,11.535550,69.896943,4532.227809,1.207351,45.832235,1.008529,0.372838,0.001323
11.412929,11.581777,70.032976,4531.379590,1.110864,45.841323,0.987758,0.365928,0.001112
11.455205,11.625149,70.161043,4530.565226,1.015719,45.852938,0.971147,0.359478,0.000202
11.498279,11.670285,70.274763,4529.785200,0.921757,45.863259,0.955510,0.353084,0.000619
11.539313,11.714017,70.378396,4529.037293,0.827230,45.874972,0.940649,0.349182,0.000831
11.580649,11.758214,70.471355,4528.320319,0.732861,45.887064,0.928831,0.344706,0.000720
11.622642,11.801679,70.553096,4527.632855,0.637496,45.897099,0.918702,0.342080,-0.000042
11.663995,11.846740,70.622759,4526.974812,0.541848,45.909926,0.908066,0.339672,0.000400
11.708114,11.890571,70.681414,4526.346306,0.445718,45.920979,0.900610,0.336168,0.001209
11.749315,11.934919,70.727694,4525.744438,0.349801,45.931924,0.894284,0.335732,-0.000429
11.792360,11.978507,70.762168,4525.172456,0.254579,45.944232,0.888367,0.335500,0.000644
11.833958,12.022902,70.785950,4524.626086,0.157422,45.957224,0.884426,0.332860,-0.000761
11.876422,12.066219,70.800131,4524.104966,0.061310,45.967922,0.884918,0.330802,-0.000814
11.918969,12.111776,70.800269,4523.608954,-0.034714,45.979475,0.884247,0.330362,-0.001180
11.960955,12.153787,70.789647,4523.136632,-0.131071,45.990686,0.886040,0.331683,0.000137
12.002539,12.196595,70.767346,4522.689209,-0.231581,45.991306,0.887499,0.332562,-37.999982
12.044152,12.241929,70.733613,4522.264275,-0.333420,45.993747,0.892002,0.332246,-38.001100
12.087215,12.285610,70.687576,4521.861188,-0.433994,45.994464,0.897813,0.334631,-38.001427
12.129191,12.329360,70.629273,4521.481917,-0.535156,45.997650,0.905926,0.337410,-38.000157
12.172301,12.373399,70.557827,4521.121303,-0.634807,45.998741,0.913321,0.341451,-37.997708
12.213574,12.418537,70.477167,4520.781350,-0.733686,45.998995,0.923875,0.344591,-37.997508
12.255234,12.462942,70.383100,4520.461237,-0.834036,46.000300,0.937585,0.349675,-37.998727
12.295164,12.504793,70.279387,4520.158675,-0.934985,46.000943,0.951501,0.353426,-37.998967
12.335740,12.551880,70.163098,4519.872121,-1.035491,46.004128,0.965628,0.357816,-37.998861
12.379843,12.597346,70.036819,4519.601126,-1.135429,46.005778,0.983702,0.365310,-37.999108
12.423148,12.642459,69.896057,4519.345233,-1.233308,46.005200,1.002473,0.373377,-37.998449
12.465325,12.685195,69.745303,4519.101161,-1.333080,46.005962,1.024881,0.380083,-37.999073
12.506482,12.730032,69.581938,4518.869676,-1.429552,46.007217,1.048310,0.388896,-37.998429
12.548524,12.774972,69.408200,4518.650620,-1.527048,46.006851,1.075226,0.397567,-37.999938
12.591664,12.818577,69.222181,4518.439852,-1.624315,46.007345,1.102173,0.409728,-38.001423
12.633149,12.863983,69.024894,4518.234956,-1.721815,46.006382,1.132234,0.421949,-38.001402
12.675315,12.907889,68.815908,4518.037533,-1.819727,46.006185,1.165090,0.435622,-38.000500
12.718133,12.951805,68.596380,4517.845629,-1.914717,46.004971,1.201274,0.448526,-38.000413
12.758744,12.996411,68.363427,4517.657473,-2.009586,46.004769,1.240885,0.462534,-38.000491
12.800240,13.042660,68.120786,4517.468712,-2.103642,46.003564,1.282595,0.478535,-38.001164
12.840843,13.086737,67.865729,4517.279077,-2.197137,46.001183,1.329868,0.496037,-38.000130
12.883499,13.131276,67.601353,4517.085696,-2.288975,45.997670,1.381654,0.513403,-37.999457
12.927647,13.176335,67.325024,4516.887986,-2.381115,45.994680,1.437148,0.534308,-38.000842
12.966438,13.219489,67.037163,4516.682223,-2.471712,45.990498,1.497008,0.556642,-38.002324
13.007438,13.262881,66.739235,4516.463125,-2.562457,45.986400,1.560930,0.579530,-37.999986
13.048969,13.305976,66.430787,4516.229745,-2.653745,45.981588,1.628393,0.605462,-37.999416
13.089715,13.349932,66.111416,4515.978527,-2.744356,45.975245,1.703433,0.632937,-37.998453
13.132536,13.395775,65.782469,4515.704922,-2.832547,45.967843,1.784817,0.664138,-37.998898
13.175809,13.439889,65.443927,4515.408826,-2.919243,45.960862,1.872363,0.697134,-37.998007
13.217601,13.484881,65.094493,4515.084228,-3.003356,45.952831,1.965739,0.733485,-37.998536
13.260461,13.529800,64.736096,4514.726061,-3.088343,45.942960,2.068635,0.770349,-37.998606
13.301832,13.574750,64.366194,4514.327703,-3.171835,45.930856,2.181055,0.811292,-37.998729
13.344612,13.618332,63.984734,4513.889729,-3.252123,45.917675,2.299775,0.855433,-37.998182
13.386383,13.663959,63.596412,4513.402274,-3.331504,45.904208,2.427597,0.903044,-37.997552
13.427458,13.709164,63.198259,4512.857200,-3.408866,45.886712,2.566334,0.955403,-37.996841
13.469275,13.754435,62.791831,4512.251510,-3.482010,45.867832,2.714958,1.009548,-37.997121
13.510886,13.798685,62.376286,4511.577649,-3.554474,45.848744,2.877652,1.070587,-37.995597
13.553361,13.843255,61.953195,4510.826645,-3.624293,45.828916,3.050382,1.135898,-37.994443
13.594921,13.887605,61.521623,4509.990423,-3.690885,45.805596,3.239925,1.207587,-37.994507
13.636313,13.932912,61.083459,4509.061866,-3.754794,45.780323,3.446493,1.284095,-37.995101
13.676592,13.978416,60.637904,4508.032205,-3.815138,45.752834,3.667293,1.365940,-37.993821
13.719281,14.022893,60.184526,4506.887009,-3.874508,45.723078,3.906140,1.455011,-37.994634
13.762453,14.065358,59.724216,4505.615586,-3.928279,45.690896,4.164182,1.551397,-37.996985
13.804482,14.109073,59.257762,4504.209766,-3.975258,45.653474,4.442844,1.655369,-37.997175
13.846213,14.155028,58.786409,4502.653273,-4.021085,45.613496,4.743437,1.768542,-37.996551
13.888661,14.200522,58.309113,4500.932725,-4.061662,45.569199,5.066460,1.887836,-37.997397
13.930264,14.246341,57.829729,4499.033635,-4.097399,45.522682,5.415415,2.017180,-37.997948
13.973961,14.291012,57.344546,4496.941144,-4.128112,45.470301,5.790838,2.156757,-37.997757
14.014680,14.335692,56.858006,4494.638830,-4.152218,45.414524,6.195508,2.307864,-37.997539
14.056330,14.379043,56.369269,4492.107783,-4.171351,45.353559,6.630323,2.471139,-37.999734
14.096651,14.422654,55.876096,4489.327646,-4.181828,45.286698,7.095424,2.642732,-37.999404
14.137195,14.465483,55.383206,4486.282581,-4.187040,45.215833,7.595087,2.827663,-38.001250
14.178263,14.508425,54.892241,4482.950066,-4.185678,45.137304,8.125457,3.025403,-38.000560
14.220545,14.550724,54.401540,4479.308494,-4.176042,45.051596,8.690811,3.237258,-37.998517
14.263409,14.592374,53.913934,4475.337449,-4.155435,44.958564,9.291995,3.460560,-38.000532
14.305154,14.633735,53.428719,4471.014054,-4.126654,44.858849,9.928574,3.699019,-38.001229
14.348175,14.675279,52.949000,4466.316967,-4.088596,44.752033,10.601009,3.950840,-38.001801
14.391697,14.717533,52.473557,4461.223161,-4.042378,44.635310,11.308028,4.215955,-38.001222
14.434325,14.760542,52.005209,4455.711929,-3.984044,44.510111,12.046415,4.489270,-38.002810
14.476791,14.804980,51.546165,4449.760362,-3.910453,44.376960,12.820791,4.778241,-38.001828
14.517136,14.847846,51.095654,4443.351644,-3.828581,44.233709,13.619656,5.076471,-38.000404
14.560643,14.890538,50.656498,4436.467627,-3.732624,44.080251,14.443150,5.382349,-37.999273
14.603821,14.933936,50.228967,4429.093087,-3.624905,43.915958,15.286575,5.697274,-37.998508
14.647385,14.976610,49.817749,4421.214640,-3.501948,43.742047,16.144217,6.014274,-37.999772
14.688819,15.018950,49.420840,4412.823324,-3.369739,43.557235,17.006697,6.337754,-37.999183
14.732202,15.061025,49.039109,4403.913869,-3.222744,43.360492,17.870603,6.659382,-37.999236
14.777818,15.101748,48.678337,4394.484559,-3.063106,43.155645,18.723203,6.977671,-37.998908
14.820534,15.143105,48.336241,4384.543640,-2.888880,42.937922,19.557052,7.288014,-37.997847
14.864262,15.182699,48.016044,4374.096810,-2.702982,42.711300,20.362697,7.588276,-37.997581
14.906394,15.224533,47.717046,4363.164226,-2.505500,42.473428,21.128784,7.875169,-37.999674
14.948313,15.265775,47.442163,4351.763928,-2.296345,42.224028,21.844043,8.141481,-37.998109
14.990815,15.306612,47.193953,4339.925405,-2.075440,41.966422,22.500680,8.387311,-37.998803
15.032062,15.346517,46.971202,4327.682658,-1.843480,41.702616,23.085803,8.604713,-37.998687
15.076709,15.387646,46.774320,4315.076911,-1.606922,41.432221,23.592053,8.792309,-37.998963
15.120072,15.425791,46.607618,4302.149490,-1.360056,41.154241,24.008972,8.948499,-38.000172
15.162994,15.463619,46.467675,4288.951120,-1.107190,40.868805,24.332671,9.069834,-37.999936
15.205054,15.501831,46.358110,4275.535441,-0.851663,40.578595,24.557970,9.152379,-38.000777
15.249671,15.539707,46.277305,4261.956194,-0.592140,40.286907,24.678872,9.197132,-38.001097
15.292350,15.578410,46.229311,4248.272364,-0.329343,39.992880,24.695715,9.202861,-38.001273
15.336255,15.617361,46.204791,4234.540700,-0.066612,39.700013,24.610842,9.171000,-38.002401
15.380955,15.655076,46.211233,4220.818562,0.195229,39.408871,24.425978,9.102150,-38.002720
15.425174,15.692182,46.246709,4207.161774,0.452986,39.120357,24.144670,8.997473,-38.003383
15.468747,15.730373,46.310344,4193.620389,0.703839,38.831595,23.775641,8.859187,-38.004280
15.512345,15.766488,46.401194,4180.247263,0.949803,38.547229,23.321772,8.689777,-38.003266
15.557729,15.803177,46.518027,4167.086081,1.188419,38.267209,22.794484,8.493587,-38.001835
15.602076,15.838725,46.659205,4154.176699,1.419386,37.993577,22.205431,8.273875,-38.001444
15.646775,15.874048,46.826401,4141.556285,1.639338,37.726849,21.560373,8.033041,-38.001934
15.690651,15.909479,47.016532,4129.254658,1.849117,37.468217,20.871202,7.775163,-38.002193
15.735544,15.943512,47.226155,4117.298926,2.047191,37.217652,20.144642,7.505747,-38.001868
15.778057,15.977247,47.457720,4105.707525,2.233119,36.974891,19.393709,7.225701,-38.001906
15.820159,16.012993,47.706349,4094.496865,2.406728,36.741349,18.625401,6.939953,-38.001979
15.862507,16.046154,47.972211,4083.675513,2.568876,36.515560,17.846083,6.649253,-38.001845
15.906659,16.079023,48.255946,4073.250382,2.718093,36.300671,17.063200,6.356978,-38.001437
15.950848,16.112726,48.552901,4063.227131,2.852164,36.094707,16.286195,6.066740,-38.002052
15.995504,16.145340,48.861684,4053.601784,2.973388,35.898137,15.520824,5.781222,-38.003587
16.040206,16.178387,49.181030,4044.371953,3.083774,35.712973,14.767665,5.501381,-38.002821
16.083527,16.210991,49.510966,4035.532520,3.179700,35.535155,14.034656,5.228844,-38.002540
16.127311,16.243125,49.850337,4027.072345,3.264435,35.367395,13.322319,4.964276,-38.002029
16.169538,16.275203,50.198393,4018.983747,3.337146,35.209872,12.635343,4.709912,-38.001204
16.214007,16.307084,50.551971,4011.257036,3.398747,35.059318,11.975214,4.464471,-38.000359
16.257591,16.339705,50.911010,4003.877320,3.448177,34.917035,11.344249,4.229023,-37.999016
16.300568,16.371691,51.273943,3996.829251,3.490235,34.782545,10.740654,4.003372,-37.999224
16.343957,16.403554,51.638541,3990.099855,3.519935,34.656218,10.167860,3.790274,-37.998715
16.391555,16.435666,52.007978,3983.679019,3.539064,34.535727,9.625913,3.588322,-37.998705
16.434124,16.465914,52.377810,3977.549992,3.551100,34.423302,9.109752,3.395707,-37.999636
16.476793,16.497164,52.747967,3971.699580,3.553660,34.318066,8.624183,3.216985,-37.999856
16.521658,16.527678,53.117864,3966.113219,3.549212,34.218202,8.165480,3.046692,-37.998374
16.565315,16.558717,53.485634,3960.779831,3.535949,34.121048,7.734244,2.885341,-37.999370
16.609048,16.589729,53.851096,3955.683094,3.517037,34.032827,7.329443,2.734202,-37.999121
16.653284,16.619397,54.212242,3950.811183,3.490609,33.947731,6.948219,2.590126,-38.000667
16.695754,16.651548,54.570522,3946.152169,3.456533,33.869206,6.590971,2.457044,-38.000055
16.739583,16.682860,54.923019,3941.697611,3.414023,33.794199,6.256355,2.332864,-38.001609
16.781946,16.713210,55.272298,3937.435800,3.368533,33.720893,5.944675,2.216302,-37.999981
16.826508,16.742846,55.617125,3933.354225,3.316256,33.653873,5.652574,2.106364,-37.999258
16.870382,16.773722,55.954999,3929.442106,3.259138,33.593107,5.378509,2.004063,-37.999662
16.914180,16.804628,56.287648,3925.694006,3.198001,33.533466,5.123528,1.909195,-37.999327
16.958894,16.836064,56.612759,3922.099456,3.131457,33.478272,4.886656,1.820875,-38.000036
17.004293,16.866987,56.930658,3918.650689,3.062846,33.424398,4.665159,1.738192,-38.002345
17.046655,16.897820,57.239247,3915.339461,2.990698,33.373374,4.458523,1.661817,-38.002397
17.088488,16.928582,57.541192,3912.159622,2.912988,33.325763,4.266403,1.589380,-38.002041
17.131342,16.959473,57.835344,3909.102763,2.831196,33.280715,4.086072,1.523603,-37.999882
17.175656,16.990607,58.120565,3906.163266,2.746236,33.239531,3.920914,1.460616,-37.999656
17.218797,17.019351,58.396663,3903.335113,2.659644,33.200161,3.766595,1.404777,-37.999452
17.262424,17.049646,58.663650,3900.612421,2.570870,33.162129,3.621305,1.349350,-37.999232
17.306441,17.079648,58.919933,3897.990559,2.478969,33.125698,3.488672,1.298656,-37.997663
17.350827,17.107419,59.166729,3895.464231,2.384551,33.089810,3.364328,1.251476,-37.997659
17.394243,17.139219,59.404022,3893.027602,2.287017,33.058298,3.249150,1.207517,-37.997957
17.438838,17.168983,59.631721,3890.676927,2.188668,33.028873,3.141850,1.167650,-37.996419
17.480979,17.198862,59.847804,3888.409389,2.087259,32.997729,3.044626,1.130646,-37.996660
17.524514,17.228076,60.054807,3886.221023,1.985558,32.970593,2.953113,1.098045,-37.996618
17.568568,17.258091,60.252341,3884.104241,1.880155,32.943658,2.869700,1.067945,-37.998940
17.611073,17.288228,60.439244,3882.063242,1.775179,32.915751,2.792301,1.041186,-37.998033
17.653641,17.317683,60.616050,3880.086901,1.667663,32.890174,2.721774,1.016543,-38.000628
17.698301,17.345913,60.779478,3878.177430,1.558371,32.864634,2.658411,0.993616,-38.000053
17.741735,17.373938,60.931541,3876.328616,1.449499,32.843712,2.598312,0.971420,-37.999854
17.785277,17.402361,61.073427,3874.539304,1.337900,32.821857,2.544607,0.950916,-38.001184
17.827495,17.431374,61.203679,3872.806325,1.227251,32.799491,2.495566,0.933246,-38.000284
17.871401,17.461924,61.322221,3871.125756,1.115421,32.778198,2.452853,0.917179,-37.999708
17.913981,17.490243,61.429378,3869.498647,1.003026,32.758460,2.412801,0.901162,-38.000156
17.958579,17.519462,61.524197,3867.919885,0.887561,32.739104,2.378624,0.886318,-37.999080
18.003928,17.548662,61.608431,3866.389648,0.772598,32.719679,2.349750,0.876152,-37.997956
18.048392,17.579260,61.680804,3864.903259,0.656543,32.700813,2.323977,0.867104,-37.997139
18.090595,17.607612,61.741010,3863.456734,0.541243,32.683456,2.302489,0.859041,-37.996765
18.133064,17.635832,61.790508,3862.052134,0.427561,32.665530,2.285109,0.854546,-37.996679
18.177113,17.665367,61.827168,3860.685124,0.310772,32.648698,2.273603,0.849415,-37.997386
18.221326,17.694349,61.852823,3859.355477,0.195276,32.631085,2.263104,0.845692,-37.998112
18.261859,17.723661,61.865682,3858.059017,0.078374,32.613111,2.256511,0.842331,-37.998121
18.304495,17.753027,61.867842,3856.794882,-0.039771,32.594403,2.254081,0.841334,-37.999955
18.348757,17.782658,61.857685,3855.557557,-0.146582,32.605755,2.254902,0.842087,0.001164
18.391976,17.811370,61.836142,3854.345273,-0.252691,32.619955,2.260812,0.845155,0.000203
18.434864,17.839165,61.806086,3853.156577,-0.359571,32.632318,2.268097,0.847755,-0.001408
18.479030,17.869716,61.762957,3851.989355,-0.466186,32.646743,2.279941,0.851372,-0.000538
18.522076,17.898641,61.709798,3850.839521,-0.571997,32.659472,2.295532,0.856019,-0.000698
18.566838,17.929237,61.646800,3849.708825,-0.678408,32.673527,2.311540,0.863165,0.001116
18.610798,17.959199,61.574757,3848.591007,-0.782722,32.686933,2.333560,0.871461,0.000854
18.653430,17.990199,61.490397,3847.487592,-0.888712,32.699461,2.360756,0.881804,0.001999
18.696165,18.019116,61.397397,3846.395525,-0.991502,32.714413,2.391112,0.892715,0.001980
18.738533,18.048530,61.292556,3845.311294,-1.095002,32.729623,2.425615,0.907365,0.001542
18.780343,18.078536,61.176283,3844.231122,-1.197668,32.743852,2.463367,0.919311,0.000985
18.824344,18.107037,61.050144,3843.155924,-1.298530,32.757443,2.506705,0.936500,0.000812
18.867260,18.137716,60.913840,3842.081241,-1.400143,32.771130,2.554103,0.954614,-0.001386
18.910883,18.166950,60.768462,3841.004468,-1.500792,32.784453,2.606461,0.973438,-0.002256
18.952662,18.192953,60.613691,3839.920985,-1.600361,32.798879,2.663022,0.994940,-0.004691
18.996241,18.222350,60.447035,3838.828140,-1.697810,32.812671,2.724496,1.018509,-0.004266
19.038826,18.251343,60.272100,3837.727165,-1.794466,32.827218,2.790739,1.043057,-0.001182
19.082572,18.281298,60.084733,3836.612220,-1.889499,32.840989,2.861496,1.068817,-0.000954
19.125775,18.310911,59.891314,3835.476729,-1.982796,32.853113,2.939808,1.097927,-0.001569
19.168964,18.340417,59.688342,3834.321263,-2.073595,32.867279,3.023480,1.130590,-0.000349
19.211913,18.369719,59.476531,3833.138513,-2.162930,32.880924,3.115276,1.164273,-0.000917
19.254194,18.401229,59.254041,3831.926638,-2.249309,32.897339,3.210582,1.201185,-0.000663
19.297375,18.429188,59.023489,3830.680751,-2.336984,32.910442,3.313526,1.240151,-0.000293
19.338935,18.459986,58.786516,3829.396123,-2.419207,32.927308,3.424059,1.282062,0.000191
19.382624,18.487844,58.539903,3828.068687,-2.498861,32.941312,3.542087,1.325301,-0.001095
19.424628,18.516617,58.286254,3826.693449,-2.577981,32.954130,3.668673,1.371992,-0.001948
19.470282,18.546838,58.023517,3825.263040,-2.651933,32.969582,3.805518,1.422885,-0.002292
19.514842,18.574078,57.753936,3823.773618,-2.721927,32.982835,3.950248,1.474841,-0.003050
19.557826,18.604090,57.477025,3822.219546,-2.790036,32.998035,4.103701,1.530628,-0.002641
19.601336,18.632739,57.196208,3820.594806,-2.854399,33.011871,4.266761,1.589303,-0.002737
19.642728,18.661574,56.906670,3818.889559,-2.915162,33.026331,4.438488,1.656311,-0.001597
19.685062,18.689855,56.613260,3817.102382,-2.972262,33.040446,4.620825,1.722165,-0.002652
19.726765,18.716411,56.314134,3815.223794,-3.026255,33.056353,4.811557,1.795288,-0.000500
19.768649,18.745591,56.009813,3813.247154,-3.075799,33.070024,5.017345,1.871629,-0.001234
19.811701,18.776020,55.701232,3811.164407,-3.119285,33.085614,5.236029,1.949940,0.000607
19.853943,18.805621,55.387481,3808.965982,-3.158497,33.099411,5.465909,2.034385,-0.000748
19.896204,18.836117,55.072139,3806.645923,-3.191951,33.114445,5.707855,2.124824,-0.002044
19.937930,18.866099,54.753562,3804.196275,-3.221658,33.128942,5.964398,2.220165,-0.003016
19.980455,18.896113,54.431964,3801.605408,-3.243652,33.144296,6.232645,2.319721,-0.000804
20.022724,18.924364,54.107249,3798.868203,-3.260076,33.160262,6.513006,2.422699,0.000189
20.067054,18.954320,53.781624,3795.972994,-3.270554,33.176199,6.807323,2.530697,-0.000109
20.109749,18.983032,53.457911,3792.910370,-3.275258,33.190072,7.115779,2.643437,-0.000705
20.153718,19.012954,53.134664,3789.674116,-3.271559,33.205799,7.434850,2.762731,0.000342
20.197080,19.042597,52.810719,3786.252793,-3.260625,33.222675,7.770098,2.888617,-0.001067
20.238884,19.070441,52.487411,3782.637891,-3.241932,33.236441,8.115699,3.015224,-0.001728
20.280049,19.100114,52.166858,3778.823833,-3.216082,33.251094,8.470863,3.147489,-0.002568
20.321146,19.129725,51.848903,3774.798159,-3.181217,33.265955,8.836815,3.285019,-0.002279
20.363332,19.162789,51.537746,3770.554085,-3.138567,33.281779,9.210619,3.426371,-0.000768
20.405894,19.191334,51.231511,3766.087112,-3.088807,33.297757,9.595382,3.571687,0.002138
20.447255,19.220047,50.931338,3761.391873,-3.027473,33.311811,9.986621,3.718475,0.002456
20.488323,19.250105,50.638080,3756.460008,-2.959644,33.327546,10.381570,3.866705,0.003484
20.530853,19.280107,50.348512,3751.288167,-2.882153,33.340978,10.778843,4.015066,0.002498
20.573961,19.311081,50.069735,3745.873569,-2.795780,33.358673,11.177169,4.163045,0.002420
20.617590,19.341812,49.801629,3740.212758,-2.699032,33.373312,11.573273,4.309503,0.000325
20.658506,19.371652,49.542166,3734.306167,-2.593433,33.387404,11.963430,4.457437,0.000668
20.701042,19.402438,49.295088,3728.155735,-2.479659,33.403417,12.346678,4.599887,-0.000674
20.742269,19.430837,49.059722,3721.763120,-2.356755,33.418195,12.721463,4.738171,-0.001389
20.782549,19.459126,48.836942,3715.130638,-2.226676,33.433130,13.080919,4.870269,-0.001556
20.821698,19.489494,48.626463,3708.268414,-2.087257,33.446886,13.421621,4.998261,-0.000047
20.862887,19.519529,48.430564,3701.187615,-1.940098,33.462603,13.743187,5.118388,-0.000074
20.904393,19.548455,48.249576,3693.893692,-1.786127,33.476572,14.042443,5.230408,-0.000659
20.946336,19.576581,48.085117,3686.401370,-1.627379,33.491313,14.313317,5.331966,-0.001506
20.986886,19.606220,47.935357,3678.723959,-1.461618,33.505945,14.555731,5.423136,-0.000777
21.029541,19.635747,47.803190,3670.878223,-1.290825,33.520498,14.767576,5.503795,-0.002436
21.069949,19.665241,47.685959,3662.879000,-1.113023,33.535827,14.943899,5.569062,-0.002315
21.111493,19.694741,47.587985,3654.747338,-0.931015,33.550036,15.084416,5.621039,-0.002421
21.152418,19.723600,47.508204,3646.502137,-0.746843,33.564508,15.187038,5.659952,0.000736
21.195135,19.752773,47.446277,3638.161081,-0.560616,33.580149,15.250077,5.683177,0.000996
21.235627,19.781908,47.401890,3629.751256,-0.374937,33.594775,15.273120,5.692168,0.001802
21.276363,19.812013,47.375796,3621.288317,-0.186496,33.611473,15.258148,5.686859,0.000991
21.315687,19.840871,47.366861,3612.800474,0.000212,33.626379,15.203949,5.666017,-0.000376
21.354898,19.868997,47.375580,3604.304798,0.186330,33.644171,15.114019,5.629276,-0.001978
21.395214,19.896416,47.402001,3595.823994,0.368799,33.658594,14.987182,5.580463,-0.001854
21.435735,19.924309,47.445050,3587.375980,0.548626,33.672366,14.827536,5.520270,-0.003239
21.475317,19.953009,47.505210,3578.981665,0.723440,33.685254,14.632929,5.449399,-0.004971
21.515891,19.981158,47.581313,3570.660497,0.895104,33.701736,14.409954,5.365793,-0.005161
21.556893,20.009198,47.672673,3562.427795,1.062135,33.715471,14.160690,5.274401,-0.006424
21.598259,20.037869,47.780474,3554.303399,1.220783,33.730228,13.885792,5.172065,-0.007371
21.636574,20.065749,47.902389,3546.297206,1.372939,33.745675,13.591202,5.062758,-0.007571
21.676214,20.093108,48.036787,3538.422272,1.517997,33.760410,13.277891,4.946178,-0.008773
21.715254,20.121661,48.185446,3530.690872,1.656289,33.776868,12.949156,4.824124,-0.008609
21.753981,20.150345,48.344005,3523.113848,1.785668,33.792812,12.608462,4.697247,-0.008075
21.792793,20.176599,48.514342,3515.698468,1.906683,33.804945,12.258671,4.567670,-0.008856
21.833196,20.204266,48.692444,3508.450269,2.017292,33.820016,11.901327,4.433638,-0.008989
21.872697,20.232470,48.883342,3501.375737,2.119062,33.833114,11.540963,4.298570,-0.009335
21.909999,20.260744,49.081548,3494.477524,2.216204,33.847667,11.178500,4.162678,-0.007975
21.948035,20.289924,49.289474,3487.759403,2.303839,33.860721,10.816682,4.029973,-0.006939
21.988173,20.316199,49.504077,3481.223496,2.379673,33.875572,10.456992,3.896776,-0.006291
22.028786,20.345639,49.723475,3474.868008,2.448753,33.892327,10.099648,3.765084,-0.005910
22.066361,20.373194,49.950027,3468.695221,2.510224,33.906692,9.750295,3.635990,-0.005697
22.103690,20.401526,50.180116,3462.700260,2.560617,33.921112,9.406386,3.507480,-0.006362
22.140701,20.429263,50.414159,3456.883215,2.602626,33.935370,9.070832,3.383763,-0.005022
22.178930,20.456624,50.650849,3451.242691,2.636428,33.952307,8.745608,3.259567,-0.004713
22.217938,20.483889,50.890893,3445.771610,2.662621,33.967871,8.428688,3.141572,-0.004926
22.256578,20.512203,51.129987,3440.471169,2.679869,33.982035,8.123322,3.028258,-0.002133
22.295056,20.542591,51.372342,3435.335031,2.690207,33.996965,7.829346,2.919255,-0.002577
22.330412,20.569924,51.612347,3430.358699,2.694535,34.012289,7.545687,2.813304,-0.000917
22.370286,20.597501,51.853785,3425.538188,2.689647,34.026404,7.272306,2.710924,-0.002036
22.407230,20.623757,52.095974,3420.865776,2.679911,34.041466,7.011387,2.614732,-0.001595
22.445182,20.652216,52.334389,3416.343747,2.660570,34.053348,6.760844,2.521693,-0.000566
22.483553,20.679556,52.572628,3411.962523,2.636786,34.069396,6.521236,2.432069,0.001363
22.520556,20.708817,52.806812,3407.717182,2.604918,34.084486,6.294072,2.346795,0.000600
22.559704,20.735792,53.039510,3403.603327,2.571042,34.100099,6.079622,2.265769,0.000751
22.597018,20.763189,53.267574,3399.619182,2.530626,34.114827,5.872722,2.189579,0.000233
22.634018,20.791374,53.490070,3395.756743,2.486485,34.128197,5.678261,2.115560,-0.001081
22.674140,20.819746,53.707439,3392.013859,2.435528,34.145109,5.493030,2.047286,-0.001129
22.709495,20.847563,53.921768,3388.380751,2.377824,34.159069,5.319783,1.983593,0.000163
22.746112,20.875231,54.130886,3384.860432,2.318175,34.173577,5.153641,1.921603,0.001582
22.784196,20.904042,54.333688,3381.443383,2.252952,34.188796,4.998281,1.865760,0.001847
22.821077,20.932007,54.530531,3378.127861,2.184124,34.204289,4.853431,1.810868,0.001359
22.858148,20.959951,54.720364,3374.910407,2.111231,34.218629,4.715828,1.758392,0.001555
22.895305,20.987384,54.906790,3371.784388,2.035929,34.234370,4.587259,1.710475,0.000752
22.930631,21.014633,55.081582,3368.747746,1.958925,34.249089,4.465151,1.664351,0.001854
22.969272,21.040947,55.250401,3365.797317,1.876180,34.264809,4.352692,1.623823,0.001446
23.006232,21.068206,55.412114,3362.928298,1.789990,34.280823,4.247348,1.585040,0.001879
23.041882,21.097415,55.567180,3360.136535,1.701545,34.297284,4.148959,1.548684,0.002070
23.078781,21.124782,55.714596,3357.421056,1.610596,34.313613,4.058746,1.515515,0.002333
23.115040,21.151301,55.851676,3354.778175,1.517057,34.328958,3.972946,1.483886,0.002697
23.152651,21.178365,55.981266,3352.204953,1.423199,34.342958,3.896455,1.455691,0.003222
23.189708,21.205589,56.101195,3349.697183,1.324702,34.358376,3.826004,1.430941,0.001119
23.226674,21.233073,56.212234,3347.251914,1.227385,34.373719,3.761776,1.407896,0.001338
23.264394,21.260586,56.317582,3344.868421,1.127946,34.389794,3.701555,1.384741,0.003231
23.301464,21.286869,56.411945,3342.539728,1.026747,34.405544,3.648630,1.363456,0.003344
23.338911,21.313860,56.498490,3340.267656,0.924220,34.420326,3.600355,1.345358,0.004034
23.376443,21.340200,56.573308,3338.046578,0.818893,34.435294,3.555766,1.328461,0.004481
23.411156,21.367554,56.638140,3335.872780,0.712366,34.451861,3.520770,1.315439,0.004185
23.449268,21.396244,56.695953,3333.748965,0.606229,34.468311,3.488359,1.301963,0.003748
23.484600,21.422389,56.743675,3331.668280,0.500081,34.484636,3.459991,1.291522,0.004870
23.520241,21.448116,56.784368,3329.629439,0.391351,34.498435,3.436129,1.283212,0.004336
23.557055,21.474422,56.812184,3327.628308,0.282441,34.514042,3.417644,1.276182,0.004469
23.594413,21.502277,56.831214,3325.666756,0.170695,34.532061,3.403056,1.270135,0.004675
23.631514,21.531494,56.842585,3323.738145,0.060255,34.549534,3.394419,1.268261,0.004930
23.667248,21.560421,56.843533,3321.839949,-0.052862,34.564956,3.390688,1.266144,0.005054
23.704289,21.590604,56.833062,3319.971902,-0.164515,34.580711,3.390618,1.264251,0.005341
23.741023,21.616784,56.815103,3318.130294,-0.277300,34.597510,3.394704,1.265484,0.004681
23.776028,21.644595,56.786412,3316.313237,-0.388048,34.613008,3.405557,1.269330,0.003377
23.812804,21.673974,56.749324,3314.515514,-0.497222,34.632078,3.420626,1.275278,0.003407
23.849567,21.701903,56.702219,3312.737586,-0.606664,34.649075,3.439026,1.281595,0.002068
23.886753,21.729354,56.646424,3310.974356,-0.717115,34.665678,3.461856,1.290726,0.001039
23.923160,21.754940,56.579593,3309.225297,-0.826543,34.679854,3.490473,1.302222,0.000701
23.960434,21.780981,56.501624,3307.485780,-0.933225,34.697329,3.523281,1.316242,0.002424
23.998351,21.809920,56.416510,3305.753936,-1.042309,34.713844,3.563076,1.330652,0.001180
24.034946,21.838900,56.319588,3304.024109,-1.149703,34.729097,3.606387,1.345382,0.000927
24.071362,21.863898,56.215715,3302.296726,-1.254716,34.745243,3.656627,1.364818,0.002111
24.107822,21.890593,56.103017,3300.566800,-1.359524,34.762000,3.711185,1.385093,0.000883
24.142017,21.917920,55.981564,3298.831977,-1.462570,34.778607,3.772801,1.406761,0.001338
24.178802,21.945194,55.851194,3297.085829,-1.562649,34.794617,3.838026,1.432081,-0.000273
24.215930,21.973824,55.712116,3295.327380,-1.663550,34.812861,3.910900,1.458940,-0.000821
24.252082,22.001127,55.564339,3293.550066,-1.759826,34.829555,3.989007,1.486789,-0.000464
24.286935,22.028007,55.409358,3291.751505,-1.855764,34.845729,4.074463,1.515663,-0.000332
24.324221,22.055937,55.245659,3289.930379,-1.949138,34.861340,4.164673,1.550330,0.000017
24.359747,22.084418,55.073585,3288.079632,-2.040426,34.880686,4.259750,1.587265,0.000495
24.396492,22.111401,54.892751,3286.198459,-2.131018,34.897843,4.364231,1.626127,0.001259
24.431880,22.138858,54.706945,3284.277710,-2.218659,34.915546,4.475760,1.667885,0.003161
24.467844,22.166738,54.514038,3282.311493,-2.300895,34.933279,4.595016,1.714233,0.003888
24.503911,22.195295,54.312565,3280.299821,-2.380611,34.949063,4.722712,1.759508,0.003321
24.539512,22.223068,54.103885,3278.235918,-2.456899,34.966630,4.855361,1.808770,0.001855
24.575873,22.251025,53.888903,3276.114246,-2.529750,34.984030,4.996537,1.860919,0.002221
24.610852,22.280784,53.667929,3273.928715,-2.600750,35.002284,5.147207,1.915928,0.003496
24.646581,22.308105,53.442374,3271.674625,-2.665603,35.019729,5.304617,1.974732,0.003376
24.680918,22.334581,53.213556,3269.346202,-2.727872,35.035587,5.472864,2.036774,0.003557
24.717079,22.359875,52.976114,3266.935490,-2.786009,35.054145,5.651894,2.101176,0.000927
24.752917,22.388427,52.735873,3264.436402,-2.838322,35.072214,5.837708,2.168197,0.000597
24.789223,22.415814,52.492877,3261.846671,-2.885803,35.089023,6.030777,2.241765,-0.001141
24.824987,22.443607,52.245188,3259.156546,-2.927980,35.105522,6.232731,2.317389,-0.000739
24.859669,22.470056,51.994650,3256.359629,-2.964480,35.123396,6.445613,2.396445,-0.000823
24.896181,22.497375,51.741630,3253.449668,-2.995555,35.139416,6.668471,2.481973,0.000454
24.931865,22.524094,51.483837,3250.420476,-3.023109,35.154457,6.901628,2.567561,-0.001702
24.968026,22.551360,51.228021,3247.265991,-3.042836,35.172060,7.142019,2.655188,-0.002602
25.002389,22.581150,50.969256,3243.978874,-3.055104,35.189642,7.392022,2.749954,-0.001768
25.037616,22.608421,50.709955,3240.549536,-3.061161,35.207134,7.651621,2.847217,-0.001886
25.073644,22.636483,50.451046,3236.974837,-3.062026,35.223487,7.917669,2.944950,0.001403
25.109353,22.664752,50.191964,3233.247297,-3.054837,35.240858,8.193629,3.047791,0.000153
25.146210,22.691651,49.934305,3229.364219,-3.040504,35.259199,8.477667,3.153213,0.002380
25.181187,22.719852,49.677695,3225.315673,-3.017662,35.278007,8.764163,3.261641,0.001266
25.216949,22.748439,49.422586,3221.097890,-2.987766,35.294769,9.059437,3.374637,0.001702
25.252292,22.774992,49.171009,3216.706106,-2.951133,35.311145,9.359173,3.485467,-0.000346
25.286131,22.800476,48.924029,3212.137175,-2.904202,35.330214,9.661350,3.598388,0.000861
25.319745,22.827949,48.680241,3207.383370,-2.850291,35.346922,9.964516,3.711575,0.000907
25.353633,22.856257,48.442327,3202.445773,-2.788453,35.365969,10.270589,3.825154,0.000347
25.388976,22.882437,48.211862,3197.320927,-2.719238,35.383723,10.573334,3.939915,-0.000269
25.423645,22.910584,47.988977,3192.008878,-2.642201,35.399687,10.875927,4.050635,-0.000348
25.457776,22.938878,47.772869,3186.506912,-2.556840,35.415774,11.174729,4.163070,-0.002612
25.492192,22.965222,47.564052,3180.817502,-2.463584,35.433184,11.466999,4.270646,-0.002630
25.528806,22.993069,47.363254,3174.939428,-2.360859,35.450830,11.752387,4.378792,-0.001991
25.564625,23.019939,47.173347,3168.880779,-2.250729,35.467297,12.028468,4.482074,-0.002581
25.600351,23.047421,46.992615,3162.643475,-2.136730,35.485886,12.292707,4.580127,-0.003395
25.635794,23.074695,46.819758,3156.233160,-2.014680,35.503553,12.540710,4.671641,-0.003296
25.669954,23.101907,46.659008,3149.653748,-1.883808,35.523754,12.773351,4.760182,-0.002419
25.705243,23.129463,46.510500,3142.918572,-1.746389,35.540554,12.988615,4.839918,-0.002459
25.739843,23.158588,46.372396,3136.031457,-1.603407,35.557429,13.183851,4.913037,-0.001056
25.772280,23.185464,46.247903,3129.003503,-1.456228,35.573626,13.359058,4.978664,-0.000447
25.805578,23.212736,46.136701,3121.844970,-1.304742,35.591997,13.512247,5.034926,0.000386
25.839012,23.240336,46.036999,3114.570458,-1.150641,35.610018,13.640011,5.081234,0.001292
25.872171,23.267209,45.947597,3107.188619,-0.991100,35.626228,13.742990,5.119438,-0.000590
25.904926,23.294241,45.873265,3099.718760,-0.830469,35.644217,13.819847,5.147371,0.000749
25.937422,23.322162,45.812975,3092.170901,-0.668542,35.660137,13.870919,5.165320,0.001670
25.971179,23.349368,45.766941,3084.562557,-0.503536,35.677504,13.893158,5.174847,0.000726
26.005630,23.375080,45.734538,3076.905408,-0.338253,35.695243,13.889140,5.173390,0.001029
26.038145,23.402856,45.713783,3069.216763,-0.171703,35.712542,13.860230,5.163727,0.002324
26.072300,23.430654,45.706929,3061.507634,-0.008688,35.731174,13.803998,5.142165,0.004644
26.105410,23.458055,45.712771,3053.796218,0.154227,35.749946,13.721582,5.110671,0.004608
26.137831,23.483715,45.730749,3046.096001,0.316135,35.766520,13.617482,5.072458,0.005926
26.169720,23.512204,45.762526,3038.422998,0.471703,35.784270,13.490437,5.024813,0.005501
26.203679,23.539049,45.806415,3030.787536,0.625580,35.802476,13.338946,4.968391,0.005743
26.236487,23.564864,45.860966,3023.204242,0.775106,35.818020,13.168595,4.905440,0.005947
26.269512,23.590209,45.929716,3015.684266,0.918321,35.834133,12.979072,4.836399,0.004723
26.304227,23.615882,46.005863,3008.237231,1.055828,35.852852,12.775113,4.759695,0.005680
26.335366,23.641336,46.093236,3000.874884,1.188155,35.869527,12.555251,4.678119,0.003456
26.366727,23.666583,46.192792,2993.605997,1.314024,35.887227,12.323532,4.590036,0.002672
26.398668,23.691708,46.301088,2986.436829,1.434616,35.902483,12.079731,4.499790,0.003797
26.431880,23.717722,46.417965,2979.378791,1.547232,35.918843,11.827398,4.404994,0.004280
26.463281,23.744576,46.541645,2972.436919,1.651226,35.936885,11.569526,4.308897,0.003364
26.494429,23.771292,46.675113,2965.615280,1.746738,35.956353,11.304444,4.206602,0.004985
26.526542,23.796009,46.815949,2958.921383,1.836574,35.973082,11.037372,4.106779,0.005258
26.558173,23.822623,46.960457,2952.354191,1.917729,35.988561,10.767610,4.007166,0.005924
26.593799,23.848405,47.111256,2945.921872,1.990873,36.005732,10.494993,3.906546,0.004342
26.626288,23.874460,47.266913,2939.621060,2.058020,36.023420,10.222750,3.805708,0.002656
26.657308,23.897263,47.428466,2933.457409,2.116588,36.038883,9.953359,3.705752,0.000810
26.688023,23.923047,47.593408,2927.428795,2.166856,36.056015,9.686308,3.606749,-0.000057
26.718421,23.949027,47.759285,2921.539140,2.209403,36.070854,9.422508,3.508320,0.000764
26.750476,23.973955,47.928942,2915.784510,2.243469,36.088291,9.163146,3.411792,-0.000516
26.782483,23.999078,48.101071,2910.164750,2.271126,36.105308,8.910151,3.316724,-0.000515
26.814801,24.025724,48.274146,2904.681936,2.290515,36.121885,8.663617,3.224919,0.000979
26.846382,24.052943,48.447592,2899.330763,2.303100,36.139178,8.422823,3.135823,0.000893
26.877770,24.078937,48.621894,2894.107882,2.305999,36.155422,8.189951,3.049360,0.000105
26.910119,24.104514,48.796263,2889.013265,2.305264,36.172539,7.964223,2.962459,-0.000171
26.942221,24.130757,48.969260,2884.047971,2.297617,36.189573,7.744410,2.880956,0.000542
26.971491,24.157195,49.141026,2879.204485,2.282830,36.206379,7.531138,2.802491,-0.000972
27.003254,24.181519,49.314959,2874.481288,2.260949,36.223343,7.327947,2.727467,-0.001025
27.032562,24.205813,49.484480,2869.876020,2.233817,36.241124,7.131469,2.653831,-0.000996
27.064733,24.229607,49.651677,2865.383158,2.199535,36.259648,6.945338,2.584662,-0.002839
27.095107,24.258340,49.813610,2861.002172,2.160724,36.275453,6.766387,2.518562,-0.002973
27.126704,24.286045,49.972471,2856.730111,2.115248,36.292596,6.595233,2.455545,-0.004292
27.157319,24.312756,50.127465,2852.562240,2.065302,36.309379,6.434723,2.396099,-0.004818
27.187862,24.337949,50.279405,2848.495488,2.007747,36.324897,6.279867,2.335906,-0.005710
27.218201,24.361756,50.426619,2844.528673,1.945929,36.339911,6.134048,2.282319,-0.004161
27.247103,24.385616,50.569620,2840.655996,1.880503,36.358429,5.995816,2.231705,-0.001702
27.277470,24.411135,50.707950,2836.876619,1.812634,36.375332,5.865989,2.182624,-0.000503
27.308376,24.435810,50.839670,2833.184784,1.740502,36.392224,5.743088,2.137192,0.000063
27.338001,24.461374,50.967732,2829.579555,1.665092,36.410291,5.628650,2.093931,-0.000505
27.369567,24.485371,51.089142,2826.055283,1.586001,36.427394,5.520224,2.054329,0.000332
27.399733,24.510813,51.202562,2822.610022,1.502801,36.445985,5.418368,2.015102,0.002717
27.429255,24.536424,51.310129,2819.242106,1.415637,36.462124,5.323164,1.979448,0.003102
27.460939,24.562454,51.410406,2815.945921,1.326499,36.478166,5.235472,1.947835,0.003048
27.491460,24.587314,51.505800,2812.718258,1.234669,36.494495,5.155715,1.916588,0.001068
27.520570,24.614316,51.593190,2809.558005,1.140387,36.512232,5.080290,1.888930,0.000589
27.551212,24.639040,51.673772,2806.465240,1.042975,36.529935,5.011262,1.863302,-0.000148
27.581257,24.663453,51.746143,2803.431525,0.943334,36.546712,4.951330,1.840987,-0.002255
27.611364,24.685571,51.814411,2800.457702,0.842582,36.563310,4.895622,1.821075,-0.002958
27.641755,24.710958,51.871189,2797.536733,0.739534,36.580029,4.845320,1.802076,-0.003442
27.672472,24.734672,51.919416,2794.669084,0.636646,36.597894,4.800118,1.785037,-0.002489
27.700631,24.759784,51.961127,2791.850869,0.529814,36.616349,4.760447,1.769406,-0.001268
27.731167,24.785365,51.995136,2789.080870,0.422446,36.634921,4.727323,1.756915,-0.001467
27.761055,24.809441,52.022513,2786.352812,0.313653,36.653537,4.700433,1.746741,-0.000981
27.791694,24.836525,52.039925,2783.666918,0.204169,36.671228,4.678846,1.739617,-0.002547
27.821261,24.861903,52.050133,2781.019575,0.093460,36.689148,4.663354,1.734679,-0.001704
27.851196,24.887012,52.053684,2778.408088,-0.018480,36.706403,4.652657,1.731374,-0.001856
27.881562,24.912499,52.049087,2775.828279,-0.130091,36.721935,4.645588,1.730302,-0.003528
27.913700,24.938262,52.037570,2773.278255,-0.242053,36.739075,4.646745,1.730418,-0.003852
27.943968,24.962855,52.015947,2770.755250,-0.354292,36.758715,4.650746,1.733435,-0.003058
27.975234,24.988173,51.985614,2768.256221,-0.466376,36.776547,4.662488,1.739793,-0.002072
28.004889,25.013337,51.947465,2765.776856,-0.578737,36.792775,4.678496,1.745646,-0.001431
28.031621,25.037398,51.901636,2763.317022,-0.688305,36.811242,4.700485,1.753841,-0.001677
28.060103,25.060928,51.847493,2760.869330,-0.798105,36.828656,4.727933,1.764050,0.000045
28.090365,25.087663,51.787114,2758.433775,-0.907852,36.845010,4.760979,1.776476,0.000552
28.120755,25.112998,51.718880,2756.005224,-1.016217,36.861459,4.798010,1.791652,-0.001802
28.149644,25.137340,51.641811,2753.581416,-1.123631,36.879924,4.839743,1.807542,-0.002456
28.180680,25.161936,51.556157,2751.158686,-1.229767,36.899153,4.890093,1.826446,-0.001653
28.209683,25.186967,51.463053,2748.732411,-1.333865,36.917756,4.947720,1.844929,-0.001808
28.238384,25.213759,51.365052,2746.299863,-1.435524,36.935796,5.008854,1.868114,-0.002892
28.266515,25.240239,51.257874,2743.857444,-1.537419,36.953292,5.075553,1.893238,-0.004273
28.296580,25.266120,51.144928,2741.401663,-1.637384,36.969558,5.148743,1.919196,-0.004613
28.327488,25.291835,51.025823,2738.929860,-1.733120,36.988268,5.227074,1.948342,-0.003451
28.357226,25.317384,50.897951,2736.435812,-1.828492,37.006809,5.312191,1.979074,-0.003949
28.386400,25.341218,50.764187,2733.914342,-1.919873,37.023702,5.403005,2.012336,-0.002864
28.417302,25.367775,50.623302,2731.365057,-2.010368,37.042011,5.502636,2.049902,-0.002294
28.445614,25.392521,50.476512,2728.781279,-2.096615,37.059500,5.605265,2.088698,-0.001874
28.474409,25.417315,50.322850,2726.157082,-2.179153,37.077245,5.715205,2.129566,-0.000608
28.500805,25.440412,50.164677,2723.490445,-2.257604,37.093978,5.830675,2.172604,-0.001684
28.529697,25.466146,49.999712,2720.777277,-2.330936,37.112196,5.955192,2.217455,-0.001313
28.558618,25.491238,49.831141,2718.010361,-2.405164,37.131609,6.086761,2.266688,-0.003335
28.587558,25.517177,49.657391,2715.189898,-2.473153,37.150187,6.223645,2.317752,-0.003049
28.615509,25.541366,49.479060,2712.305478,-2.535879,37.168551,6.367106,2.371959,-0.003829
28.643810,25.567589,49.297867,2709.354363,-2.596015,37.186627,6.518471,2.427300,-0.004167
28.672356,25.593037,49.112046,2706.331983,-2.649830,37.204797,6.677152,2.484132,-0.004526
28.700288,25.618692,48.921654,2703.230457,-2.698486,37.223142,6.841142,2.545825,-0.003093
28.729900,25.643192,48.729027,2700.047166,-2.741994,37.241142,7.013357,2.609141,-0.001357
28.757943,25.667130,48.535152,2696.776913,-2.781344,37.260631,7.192797,2.675195,-0.003151
28.785418,25.692753,48.337278,2693.416918,-2.814689,37.279744,7.375226,2.745095,-0.003072
28.813008,25.718896,48.138295,2689.960311,-2.840771,37.300348,7.566949,2.817308,-0.003818
28.842644,25.743627,47.939161,2686.399834,-2.862879,37.316964,7.763199,2.890005,-0.004172
28.871674,25.768660,47.739099,2682.733227,-2.879798,37.335886,7.963308,2.965213,-0.003282
28.900630,25.793366,47.534227,2678.953710,-2.888926,37.353673,8.171707,3.041963,-0.003544
28.927649,25.817997,47.330696,2675.059034,-2.890075,37.373018,8.384222,3.121348,-0.003908
28.956222,25.842274,47.127686,2671.048471,-2.886996,37.390700,8.599824,3.201983,-0.003853
28.983953,25.865478,46.927173,2666.912493,-2.874216,37.410256,8.819576,3.283918,-0.005229
29.011479,25.891726,46.726054,2662.650263,-2.855192,37.430212,9.041669,3.366322,-0.003690
29.040136,25.916668,46.528267,2658.256731,-2.829432,37.448579,9.265550,3.450045,-0.005156
29.067658,25.942166,46.333346,2653.728913,-2.798284,37.465592,9.491425,3.532956,-0.005257
29.094896,25.965861,46.141869,2649.066624,-2.759152,37.483631,9.718288,3.616568,-0.004449
29.124520,25.989262,45.952088,2644.266545,-2.711394,37.503249,9.945424,3.702232,-0.003717
29.153345,26.013680,45.767667,2639.327597,-2.657526,37.522247,10.172257,3.785541,-0.004249
29.182872,26.037464,45.585788,2634.248423,-2.595194,37.539392,10.394626,3.868975,-0.002641
29.210473,26.061400,45.409072,2629.027916,-2.523348,37.559136,10.612906,3.951788,-0.002571
29.238352,26.087767,45.239505,2623.671437,-2.447861,37.578466,10.826427,4.031069,-0.001791
29.268045,26.111427,45.074692,2618.176699,-2.363392,37.599131,11.032888,4.107110,-0.000993
29.295861,26.134824,44.914933,2612.544567,-2.275678,37.616270,11.232213,4.183622,0.000732
29.322332,26.159398,44.763353,2606.777653,-2.180543,37.634241,11.423140,4.256565,0.000137
29.350725,26.184142,44.618202,2600.882189,-2.079372,37.651861,11.605907,4.324747,0.000205
29.379119,26.207080,44.479881,2594.861779,-1.970747,37.669648,11.778192,4.388338,0.002171
29.407683,26.231299,44.352176,2588.717902,-1.858034,37.688003,11.940007,4.448370,0.001463
29.435797,26.254009,44.230042,2582.460658,-1.736500,37.706239,12.088167,4.502489,0.002885
29.463362,26.279208,44.116292,2576.094964,-1.612931,37.723912,12.221525,4.552125,0.001463
29.490433,26.302270,44.011589,2569.625883,-1.486087,37.742194,12.339825,4.595770,0.001713
29.516616,26.326656,43.915535,2563.060870,-1.354591,37.760422,12.442786,4.634435,0.001752
29.543316,26.350611,43.829222,2556.410860,-1.218514,37.780858,12.528563,4.665664,0.000557
29.571908,26.376340,43.752203,2549.682968,-1.078543,37.799634,12.595688,4.692077,0.000562
29.598621,26.399787,43.684358,2542.885896,-0.939952,37.816947,12.648307,4.712654,-0.001172
29.624718,26.424185,43.627223,2536.028638,-0.797098,37.833724,12.682395,4.725233,-0.002854
29.650653,26.447425,43.580558,2529.118809,-0.655002,37.852027,12.696513,4.731174,-0.002721
29.677470,26.470173,43.542473,2522.170598,-0.511700,37.871121,12.695144,4.730426,-0.002498
29.703650,26.495035,43.511880,2515.190371,-0.370017,37.888817,12.677374,4.722994,-0.003842
29.731218,26.519058,43.491103,2508.190838,-0.228152,37.906804,12.643224,4.709456,-0.003274
29.757510,26.543428,43.480221,2501.177756,-0.086946,37.924619,12.593525,4.689642,-0.002061
29.782515,26.567170,43.478238,2494.163396,0.051537,37.941897,12.525486,4.664423,-0.002006
29.808180,26.591106,43.485575,2487.157086,0.188434,37.957950,12.441693,4.632890,-0.002421
29.835182,26.614134,43.501694,2480.167755,0.321274,37.976306,12.341759,4.595538,-0.002156
29.860886,26.638125,43.525605,2473.203483,0.450438,37.993953,12.229810,4.553039,-0.001857
29.887191,26.659868,43.559854,2466.273112,0.576618,38.010823,12.104486,4.505399,-0.001205
29.912256,26.684488,43.603066,2459.385052,0.699447,38.028461,11.968732,4.455033,-0.002391
29.937623,26.708642,43.652316,2452.547073,0.818051,38.047085,11.821144,4.399854,-0.001151
29.964283,26.733003,43.708213,2445.765412,0.930284,38.065895,11.665147,4.341646,-0.002194
29.991976,26.754179,43.772374,2439.043778,1.037233,38.084586,11.498979,4.280812,-0.004924
30.017328,26.776943,43.841574,2432.392693,1.137060,38.102449,11.324081,4.215844,-0.005146
30.043323,26.801384,43.916814,2425.814802,1.229558,38.120896,11.144780,4.149081,-0.004573
30.069486,26.824419,43.997839,2419.316553,1.317669,38.139045,10.960078,4.081230,-0.003769
30.095154,26.848574,44.085119,2412.900884,1.398206,38.156916,10.770929,4.011226,-0.003601
30.120316,26.870528,44.177355,2406.574004,1.472957,38.172086,10.578302,3.940668,-0.003595
30.145011,26.893719,44.271160,2400.334126,1.538680,38.190241,10.384717,3.869014,-0.000965
30.169792,26.917669,44.370759,2394.190108,1.598578,38.208642,10.189040,3.796998,-0.002578
30.193584,26.939229,44.471895,2388.139780,1.652270,38.224636,9.993925,3.724046,-0.001429
30.218610,26.961561,44.575467,2382.185482,1.698936,38.243072,9.799909,3.650502,-0.001356
30.242540,26.984824,44.682813,2376.328567,1.739981,38.261103,9.605037,3.579964,-0.002338
30.267491,27.007128,44.789031,2370.571210,1.771384,38.279727,9.412570,3.507072,-0.002345
30.293469,27.030649,44.898948,2364.912070,1.797418,38.299712,9.223760,3.437252,-0.003000
30.318983,27.055554,45.008872,2359.352719,1.817196,38.318379,9.036027,3.366998,-0.002734
30.342067,27.078076,45.121539,2353.894514,1.830640,38.335300,8.854378,3.299474,-0.000541
30.367574,27.101066,45.234512,2348.534814,1.833515,38.351633,8.675712,3.233815,-0.001123
30.393918,27.122461,45.348386,2343.274020,1.831688,38.369546,8.500619,3.168781,-0.001630
30.419616,27.145045,45.460367,2338.108191,1.819994,38.385555,8.330523,3.104766,-0.001543
30.443198,27.166992,45.571201,2333.040134,1.806391,38.404463,8.166502,3.043053,-0.002261
30.466633,27.191237,45.680805,2328.066289,1.785902,38.422671,8.007169,2.983207,-0.002237
30.491530,27.214629,45.786813,2323.186848,1.758997,38.438821,7.853309,2.926321,-0.000767
30.516607,27.236498,45.891713,2318.398043,1.727064,38.456677,7.705528,2.869472,-0.001003
30.540073,27.256301,45.995162,2313.697642,1.690260,38.474315,7.563654,2.816922,-0.000901
30.563845,27.279905,46.096052,2309.088148,1.646938,38.491358,7.427546,2.766663,-0.000366
30.588428,27.304073,46.194814,2304.561928,1.598825,38.510184,7.296114,2.717866,0.002405
30.613043,27.325292,46.290414,2300.120899,1.545541,38.525260,7.171685,2.673289,0.001893
30.636806,27.347953,46.382073,2295.763519,1.487098,38.541710,7.054069,2.627462,0.000723
30.659959,27.370522,46.469466,2291.483627,1.424235,38.558196,6.942168,2.587976,0.001054
30.682949,27.393964,46.552964,2287.282216,1.357780,38.575383,6.835976,2.547213,0.000169
30.708029,27.414774,46.632362,2283.156175,1.285399,38.593526,6.735418,2.510455,-0.000548
30.730141,27.436460,46.707898,2279.101252,1.209949,38.610412,6.641333,2.475270,-0.000155
30.753484,27.459045,46.776118,2275.117195,1.129548,38.628036,6.552877,2.441973,-0.001091
30.776104,27.479507,46.840999,2271.201187,1.045923,38.646140,6.472083,2.410880,-0.000712
30.799756,27.501904,46.901028,2267.350429,0.960343,38.663754,6.395904,2.382759,-0.001575
30.822902,27.524213,46.953950,2263.563317,0.871403,38.681999,6.326997,2.357283,-0.000889
30.846566,27.546206,47.001972,2259.837160,0.781462,38.698635,6.262669,2.333333,-0.001511
30.869735,27.568263,47.044492,2256.169545,0.688449,38.717540,6.204033,2.310756,-0.002055
30.895108,27.591434,47.082790,2252.554146,0.591912,38.735456,6.151947,2.290816,-0.000833
30.921178,27.612298,47.114597,2248.991371,0.492867,38.753579,6.104440,2.274182,0.001255
30.945139,27.634872,47.139857,2245.479879,0.392433,38.770640,6.063169,2.260435,0.002139
30.967213,27.656426,47.158462,2242.014710,0.289909,38.787203,6.026592,2.246916,0.001305
30.990814,27.676501,47.173123,2238.594244,0.185165,38.806401,5.997073,2.234854,0.003000
31.013317,27.699875,47.181187,2235.216961,0.081906,38.824646,5.972277,2.223768,0.002835
31.036401,27.723605,47.183678,2231.877083,-0.025068,38.842686,5.954584,2.216654,0.003784
31.058861,27.746030,47.179890,2228.572716,-0.132578,38.861164,5.942831,2.211344,0.003628
31.082309,27.766142,47.169594,2225.301884,-0.238911,38.878751,5.933303,2.208302,0.003874
31.105802,27.787590,47.152591,2222.062980,-0.347959,38.894425,5.930023,2.205691,0.004104
31.130534,27.809111,47.129866,2218.850005,-0.456884,38.912812,5.931799,2.206107,0.003520
31.155065,27.831099,47.100929,2215.661794,-0.565870,38.932724,5.940372,2.210965,0.003765
31.178469,27.854544,47.063961,2212.496962,-0.673906,38.950690,5.952615,2.214347,0.003106
31.200816,27.876406,47.021026,2209.349901,-0.782197,38.968719,5.969931,2.221086,0.000398
31.224263,27.895791,46.973299,2206.219027,-0.889978,38.984964,5.994777,2.231054,0.000780
31.248294,27.916395,46.919203,2203.100743,-0.994915,39.001584,6.024728,2.241346,0.001677
31.269980,27.937802,46.858260,2199.988488,-1.102344,39.019609,6.058419,2.251695,0.000285
31.293959,27.957901,46.792835,2196.884018,-1.205941,39.038579,6.096793,2.264838,-0.000773
31.316121,27.979632,46.720226,2193.783764,-1.308683,39.056234,6.142605,2.282938,0.000124
31.338466,28.002341,46.643411,2190.681735,-1.409788,39.074677,6.191557,2.302364,0.000347
31.360494,28.022158,46.559758,2187.577892,-1.509632,39.092276,6.245932,2.322785,0.000515
31.382536,28.044131,46.469647,2184.464306,-1.607245,39.112132,6.305575,2.346742,0.001336
0.04803,0.04803,57.69662,5079.20693,-0.46783,45.0001,7.032860194,2.619925468,0
0.09603,0.09603,57.63662,5075.37715,-0.43488,45.00025,7.081772333,2.638146527,0
0.14398,0.14399,57.58108,5071.51282,-0.40122,45.00044,7.12643814,2.654785715,0
0.19191,0.19191,57.5301,5067.61618,-0.36693,45.00067,7.166696183,2.669782895,0
0.23979,0.2398,57.48375,5063.68957,-0.33209,45.00096,7.202401959,2.683084236,0
0.28764,0.28765,57.44207,5059.73546,-0.29676,45.00128,7.233429137,2.694642677,0
0.33545,0.33546,57.40514,5055.75637,-0.26104,45.00165,7.259670661,2.704418335,0
0.38323,0.38324,57.37299,5051.75492,-0.22499,45.00207,7.281039681,2.712378857,0
0.43096,0.43098,57.34564,5047.73376,-0.18872,45.00253,7.297470308,2.718499698,0
0.47866,0.47869,57.32311,5043.69564,-0.15229,45.00303,7.308918173,2.722764328,0
0.52632,0.52635,57.30542,5039.64331,-0.1158,45.00358,7.315360789,2.725164373,0
0.57394,0.57398,57.29255,5035.57957,-0.07933,45.00418,7.316797707,2.725699662,0
0.62152,0.62158,57.2845,5031.50721,-0.04296,45.00481,7.313250461,2.72437822,0
0.6691,0.6691,57.27957,5027.43192,-0.03193,44.93032,7.306472134,2.721853115,-36.99999937
0.7167,0.71652,57.27608,5023.35808,-0.02112,44.85589,7.298214842,2.718777056,-36.99999937
0.76432,0.76385,57.274,5019.28655,-0.01056,44.78154,7.288520758,2.715165755,-36.99999937
0.81196,0.81107,57.27329,5015.2182,-0.00025,44.70728,7.277434278,2.711035749,-36.99999937
0.85963,0.8582,57.27392,5011.15385,0.00977,44.63313,7.265002818,2.706404704,-36.99999937
0.90731,0.90522,57.27584,5007.09432,0.01949,44.5591,7.251276611,2.70129133,-36.99999937
0.95502,0.95215,57.27902,5003.04039,0.0289,44.48521,7.2363085,2.695715315,-36.99999937
1.00275,0.99898,57.2834,4998.99283,0.03798,44.41146,7.220153724,2.689697236,-36.99999937
1.05051,1.0457,57.28894,4994.95236,0.0467,44.33787,7.202869702,2.683258483,-36.99999937
1.09828,1.09234,57.2956,4990.9197,0.05507,44.26445,7.184515809,2.676421175,-36.99999937
1.14608,1.13887,57.30332,4986.89551,0.06305,44.19121,7.165153154,2.669208076,-36.99999937
1.19389,1.1853,57.31204,4982.88045,0.07064,44.11817,7.144844356,2.661642515,-36.99999937
1.24173,1.23164,57.32173,4978.87511,0.07783,44.04532,7.123653325,2.653748298,-36.99999937
1.28958,1.27788,57.33231,4974.88009,0.08459,43.97269,7.10164504,2.645549633,-36.99999937
1.33746,1.32402,57.34374,4970.89592,0.09093,43.90027,7.078885336,2.637071044,-36.99999937
1.38536,1.37007,57.35596,4966.92312,0.09683,43.82809,7.055440689,2.628337296,-36.99999937
1.43327,1.41602,57.36891,4962.96216,0.10229,43.75613,7.031378017,2.619373318,-36.99999937
1.48121,1.46188,57.38252,4959.01348,0.10728,43.68442,7.006764478,2.610204127,-36.99999937
1.52916,1.50764,57.39674,4955.0775,0.11182,43.61296,6.981667283,2.600854762,-36.99999937
1.57713,1.5533,57.41151,4951.15457,0.11588,43.54174,6.956153512,2.591350211,-36.99999937
1.62512,1.59887,57.42676,4947.24503,0.11947,43.47079,6.930289942,2.58171535,-36.99999937
1.67313,1.64434,57.44244,4943.34919,0.12258,43.40009,6.904142886,2.571974884,-36.99999937
1.72116,1.68973,57.45847,4939.46729,0.1252,43.32966,6.877778037,2.562153284,-36.99999937
1.76921,1.73501,57.4748,4935.59957,0.12734,43.25949,6.851260327,2.552274739,-36.99999937
1.81727,1.78021,57.49135,4931.74622,0.12898,43.18959,6.824653796,2.542363106,-36.99999937
1.86535,1.82531,57.50808,4927.90739,0.13014,43.11996,6.798021467,2.532441863,-36.99999937
1.91345,1.87032,57.52491,4924.08321,0.13081,43.0506,6.77142524,2.522534069,-36.99999937
1.96156,1.91524,57.54179,4920.27376,0.13099,42.9815,6.744925787,2.512662325,-36.99999937
2.00969,1.96007,57.55864,4916.47909,0.13069,42.91268,6.718582463,2.502848744,-36.99999937
2.05784,2.0048,57.57541,4912.69922,0.12989,42.84412,6.692453229,2.493114917,-36.99999937
2.106,2.04945,57.59203,4908.93414,0.12862,42.77583,6.666594579,2.483481889,-36.99999937
2.15418,2.094,57.60845,4905.1838,0.12687,42.70779,6.641061481,2.473970139,-36.99999937
2.20238,2.13846,57.62459,4901.44814,0.12464,42.64002,6.615907327,2.464599554,-36.99999937
2.25059,2.18284,57.64041,4897.72703,0.12195,42.5725,6.591183889,2.455389423,-36.99999937
2.29881,2.22713,57.65585,4894.02034,0.11879,42.50523,6.566941287,2.446358416,-36.99999937
2.34706,2.27132,57.67083,4890.32791,0.11518,42.43821,6.543227961,2.437524578,-36.99999937
2.39531,2.31543,57.68532,4886.64953,0.11112,42.37143,6.520090655,2.428905323,-36.99999937
2.44358,2.35946,57.69925,4882.985,0.10663,42.30488,6.497574402,2.420517426,-36.99999937
2.49187,2.40339,57.71256,4879.33405,0.1017,42.23856,6.475722521,2.412377026,-36.99999937
2.54017,2.44724,57.72521,4875.69642,0.09636,42.17246,6.454576617,2.40449962,-36.99999937
2.58848,2.491,57.73715,4872.07179,0.0906,42.10658,6.434176586,2.396900072,-36.99999937
2.63681,2.53467,57.74831,4868.45986,0.08444,42.0409,6.414560623,2.389592609,-36.99999937
2.68516,2.57826,57.75865,4864.86026,0.0779,41.97542,6.395765238,2.382590834,-36.99999937
2.73351,2.62176,57.76814,4861.27262,0.07097,41.91013,6.377825276,2.375907726,-36.99999937
2.78189,2.66518,57.77671,4857.69656,0.06369,41.84502,6.360773933,2.369555652,-36.99999937
2.83027,2.70851,57.78432,4854.13166,0.05605,41.78008,6.34464278,2.363546373,-36.99999937
2.87867,2.75176,57.79094,4850.57748,0.04807,41.7153,6.329461792,2.357891056,-36.99999937
2.92708,2.79492,57.79652,4847.03356,0.03977,41.65068,6.315259369,2.35260028,-36.99999937
2.9755,2.838,57.80102,4843.49944,0.03115,41.58619,6.302062369,2.34768405,-36.99999937
3.02394,2.88099,57.8044,4839.97461,0.02224,41.52184,6.289896132,2.343151806,-36.99999937
3.07239,2.9239,57.80664,4836.45858,0.01304,41.4576,6.278784512,2.339012435,-36.99999937
3.12085,2.96673,57.8077,4832.95081,0.00358,41.39348,6.268749901,2.335274279,-36.99999937
3.16933,3.00947,57.80754,4829.45077,-0.00614,41.32945,6.259813263,2.331945146,-36.99999937
3.21782,3.05213,57.80613,4825.95789,-0.01609,41.2655,6.251994155,2.329032323,-36.99999937
3.26632,3.09471,57.80346,4822.47161,-0.02626,41.20163,6.245310757,2.326542581,-36.99999937
3.31483,3.1372,57.7995,4818.99133,-0.03664,41.13781,6.239779892,2.324482188,-36.99999937
3.36335,3.17961,57.79421,4815.51646,-0.0472,41.07405,6.235417055,2.322856917,-36.99999937
3.41189,3.22194,57.78759,4812.04639,-0.05794,41.01032,6.232236426,2.321672049,-36.99999937
3.46044,3.26419,57.77961,4808.58049,-0.06883,40.94662,6.230250893,2.320932385,-36.99999937
3.509,3.30635,57.77025,4805.11814,-0.07986,40.88292,6.229472065,2.320642252,-36.99999937
3.55757,3.34844,57.75951,4801.65868,-0.091,40.81922,6.229910289,2.320805501,-36.99999937
3.60616,3.39044,57.74737,4798.20146,-0.10226,40.75551,6.231574656,2.321425522,-36.99999937
3.65475,3.43235,57.73382,4794.74582,-0.11359,40.69176,6.234473011,2.322505235,-36.99999937
3.70336,3.47419,57.71885,4791.29108,-0.125,40.62797,6.238611956,2.324047101,-36.99999937
3.75198,3.51595,57.70246,4787.83657,-0.13645,40.56412,6.243996851,2.326053117,-36.99999937
3.80061,3.55762,57.68464,4784.3816,-0.14794,40.5002,6.250631816,2.328524815,-36.99999937
3.84925,3.59921,57.6654,4780.92547,-0.15944,40.4362,6.25851972,2.331463267,-36.99999937
3.89791,3.64072,57.64473,4777.46749,-0.17093,40.3721,6.267662176,2.334869073,-36.99999937
3.94657,3.68214,57.62264,4774.00695,-0.18241,40.30788,6.278059529,2.33874236,-36.99999937
3.99525,3.72349,57.59914,4770.54314,-0.19384,40.24354,6.289710841,2.34308278,-36.99999937
4.04393,3.76475,57.57423,4767.07536,-0.20522,40.17906,6.302613872,2.347889499,-36.99999937
4.09263,3.80593,57.54792,4763.60288,-0.21652,40.11442,6.316765062,2.35316119,-36.99999937
4.14134,3.84702,57.52023,4760.12498,-0.22773,40.04961,6.332159501,2.358896023,-36.99999937
4.19006,3.88804,57.49117,4756.64096,-0.23883,39.98462,6.348790909,2.36509166,-36.99999937
4.23879,3.92897,57.46075,4753.15008,-0.2498,39.91944,6.366651602,2.371745238,-36.99999937
4.28753,3.96981,57.429,4749.65164,-0.26062,39.85404,6.38573246,2.37885336,-36.99999937
4.33628,4.01058,57.39595,4746.1449,-0.27128,39.78842,6.406022893,2.38641208,-36.99999937
4.38504,4.05126,57.3616,4742.62917,-0.28175,39.72255,6.427510807,2.394416894,-36.99999937
4.43382,4.09186,57.32599,4739.10371,-0.29203,39.65644,6.450182561,2.402862719,-36.99999937
4.4826,4.13237,57.28914,4735.56783,-0.30209,39.59006,6.474022931,2.411743883,-36.99999937
4.5314,4.1728,57.2511,4732.02082,-0.31192,39.5234,6.499015064,2.421054111,-36.99999937
4.5802,4.21315,57.21187,4728.46198,-0.3215,39.45645,6.525140444,2.430786502,-36.99999937
4.62902,4.25341,57.17151,4724.89061,-0.33081,39.38919,6.55237884,2.440933521,-36.99999937
4.67785,4.29358,57.13004,4721.30603,-0.33985,39.32162,6.58070827,2.451486979,-36.99999937
4.72668,4.33367,57.08751,4717.70757,-0.34858,39.25371,6.610104957,2.462438019,-36.99999937
4.77553,4.37368,57.04395,4714.09456,-0.35701,39.18545,6.640543287,2.473777098,-36.99999937
4.82439,4.41359,56.99941,4710.46634,-0.3651,39.11684,6.671995771,2.485493975,-36.99999937
4.87325,4.45343,56.95392,4706.82228,-0.37286,39.04786,6.704433003,2.497577698,-36.99999937
4.92213,4.49317,56.90753,4703.16173,-0.38025,38.9785,6.737823629,2.510016585,-36.99999937
4.97102,4.53283,56.86029,4699.4841,-0.38728,38.90875,6.772134312,2.522798217,-36.99999937
5.01992,4.5724,56.81225,4695.78876,-0.39393,38.8386,6.807329703,2.535909426,-36.99999937
5.06883,4.61188,56.76346,4692.07516,-0.40018,38.76803,6.843372416,2.549336285,-36.99999937
5.11775,4.65127,56.71396,4688.34271,-0.40602,38.69704,6.880223011,2.563064101,-36.99999937
5.16667,4.69057,56.6638,4684.59088,-0.41144,38.62561,6.917839976,2.57707741,-36.99999937
5.21561,4.72979,56.61305,4680.81915,-0.41643,38.55374,6.956179722,2.591359974,-36.99999937
5.26456,4.76891,56.56176,4677.027,-0.42098,38.48142,6.995196578,2.60589478,-36.99999937
5.31352,4.80794,56.50998,4673.21397,-0.42508,38.40863,7.034842804,2.620664042,-36.99999937
5.36249,4.84688,56.45777,4669.3796,-0.42872,38.33538,7.075068597,2.635649209,-36.99999937
5.41147,4.88573,56.40518,4665.52347,-0.4319,38.26165,7.115822122,2.650830969,-36.99999937
5.46045,4.92449,56.35228,4661.64517,-0.4346,38.18743,7.157049539,2.666189267,-36.99999937
5.50945,4.96316,56.29913,4657.74434,-0.43681,38.11272,7.19869505,2.681703315,-36.99999937
5.55846,5.00173,56.24577,4653.82063,-0.43854,38.03752,7.24070095,2.697351618,-36.99999937
5.60747,5.04021,56.19229,4649.87374,-0.43977,37.96181,7.283007692,2.713111993,-36.99999937
5.6565,5.07859,56.13872,4645.90339,-0.44051,37.8856,7.325553962,2.728961598,-36.99999937
5.70553,5.11688,56.08515,4641.90934,-0.44075,37.80888,7.368276768,2.744876967,-36.99999937
5.75458,5.15507,56.03162,4637.89137,-0.44049,37.73164,7.411111539,2.760834046,-36.99999937
5.80363,5.19317,55.9782,4633.84933,-0.43972,37.65389,7.453992239,2.776808235,-36.99999937
5.85269,5.23117,55.92496,4629.78308,-0.43845,37.57561,7.496851487,2.792774433,-36.99999937
5.90176,5.26907,55.87194,4625.69251,-0.43667,37.49682,7.539620703,2.808707091,-36.99999937
5.95084,5.30687,55.81922,4621.57758,-0.43439,37.41751,7.582230249,2.824580268,-36.99999937
5.99993,5.34458,55.76684,4617.43826,-0.43161,37.33768,7.624609597,2.840367691,-36.99999937
6.04903,5.38218,55.71489,4613.27458,-0.42834,37.25734,7.666687502,2.856042817,-36.99999937
6.09813,5.41969,55.6634,4609.0866,-0.42457,37.17647,7.708392187,2.87157891,-36.99999937
6.14725,5.4571,55.61244,4604.87442,-0.42032,37.0951,7.749651542,2.886949105,-36.99999937
6.19637,5.4944,55.56207,4600.6382,-0.4156,37.01321,7.790393332,2.902126494,-36.99999937
6.2455,5.53161,55.51235,4596.37812,-0.4104,36.93082,7.830545412,2.9170842,-36.99999937
6.29464,5.56871,55.46332,4592.09441,-0.40474,36.84793,7.870035957,2.931795467,-36.99999937
6.34378,5.60571,55.41505,4587.78736,-0.39863,36.76455,7.908793694,2.946233744,-36.99999937
6.39294,5.6426,55.36759,4583.45727,-0.39208,36.68068,7.946748141,2.960372774,-36.99999937
6.4421,5.6794,55.32097,4579.1045,-0.3851,36.59633,7.98382986,2.97418669,-36.99999937
6.49127,5.71608,55.27527,4574.72946,-0.37771,36.51151,8.019970696,2.987650102,-36.99999937
6.54044,5.75267,55.23052,4570.33259,-0.36992,36.42623,8.055104042,3.000738198,-36.99999937
6.58963,5.78915,55.18676,4565.91436,-0.36174,36.3405,8.089165083,3.013426832,-36.99999937
6.63882,5.82552,55.14405,4561.4753,-0.3532,36.25433,8.122091053,3.025692622,-36.99999937
6.68802,5.86179,55.10242,4557.01598,-0.3443,36.16773,8.153821487,3.037513044,-36.99999937
6.73722,5.89794,55.06191,4552.53698,-0.33508,36.08071,8.184298465,3.04886652,-36.99999937
6.78643,5.934,55.02256,4548.03894,-0.32554,35.99329,8.213466852,3.059732512,-36.99999937
6.83565,5.96994,54.9844,4543.52254,-0.3157,35.90548,8.241274535,3.070091605,-36.99999937
6.88487,6.00578,54.94746,4538.98846,-0.30559,35.8173,8.267672643,3.079925595,-36.99999937
6.9341,6.04151,54.91178,4534.43746,-0.29523,35.72875,8.292615761,3.089217563,-36.99999937
6.98333,6.07713,54.87738,4529.87029,-0.28465,35.63987,8.316062134,3.097951954,-36.99999937
7.03257,6.11264,54.84428,4525.28774,-0.27385,35.55065,8.337973846,3.106114643,-36.99999937
7.08182,6.14804,54.8125,4520.69064,-0.26287,35.46112,8.358316998,3.113693002,-36.99999937
7.13107,6.18333,54.78206,4516.07981,-0.25173,35.37129,8.377061855,3.120675955,-36.99999937
7.18032,6.21852,54.75298,4511.45614,-0.24046,35.28119,8.394182986,3.127054026,-36.99999937
7.22958,6.25359,54.72526,4506.82049,-0.22908,35.19082,8.409659377,3.132819389,-36.99999937
7.27884,6.28855,54.69892,4502.17377,-0.21761,35.10022,8.423474527,3.137965896,-36.99999937
7.32811,6.3234,54.67396,4497.51689,-0.20608,35.00938,8.435616525,3.14248911,-36.99999937
7.37738,6.35814,54.65039,4492.85078,-0.19452,34.91835,8.4460781,3.146386322,-36.99999937
7.42666,6.39277,54.6282,4488.17637,-0.18295,34.82712,8.454856652,3.149656563,-36.99999937
7.47594,6.42729,54.6074,4483.49461,-0.1714,34.73573,8.461954262,3.15230061,-36.99999937
7.52522,6.46169,54.58796,4478.80643,-0.15989,34.64418,8.467377679,3.154320976,-36.99999937
7.5745,6.49599,54.5699,4474.11278,-0.14845,34.5525,8.471138284,3.1557219,-36.99999937
7.62379,6.53017,54.55318,4469.41461,-0.1371,34.46071,8.47325203,3.156509326,-36.99999937
7.67308,6.56424,54.53781,4464.71287,-0.12587,34.36882,8.473739369,3.156690872,-36.99999937
7.72237,6.5982,54.52375,4460.00848,-0.11479,34.27686,8.472625149,3.156275796,-36.99999937
7.77167,6.63205,54.51099,4455.30238,-0.10387,34.18484,8.469938497,3.155274948,-36.99999937
7.82096,6.66579,54.49951,4450.59547,-0.09315,34.09278,8.465712686,3.153700722,-36.99999937
7.87026,6.69941,54.48928,4445.88866,-0.08265,34.00069,8.459984974,3.151566998,-36.99999937
7.91956,6.73293,54.48026,4441.18284,-0.07238,33.9086,8.452796442,3.148889081,-36.99999937
7.96886,6.76633,54.47243,4436.47887,-0.06238,33.81651,8.444191805,3.145683628,-36.99999937
8.01816,6.79962,54.46576,4431.77761,-0.05266,33.72445,8.434219218,3.141968577,-36.99999937
8.06747,6.8328,54.4602,4427.07986,-0.04325,33.63244,8.422930066,3.13776307,-36.99999937
8.11677,6.86587,54.45572,4422.38645,-0.03416,33.54048,8.410378744,3.133087372,-36.99999937
8.16607,6.89883,54.45228,4417.69813,-0.02542,33.44859,8.396622434,3.127962785,-36.99999937
8.21537,6.93167,54.44983,4413.01566,-0.01704,33.35678,8.381720873,3.122411561,-36.99999937
8.26468,6.96441,54.44832,4408.33975,-0.00905,33.26508,8.365736109,3.116456816,-36.99999937
8.31398,6.99704,54.44772,4403.67109,-0.00145,33.17348,8.348732269,3.110122439,-36.99999937
8.36328,7.02955,54.44797,4399.01033,0.00574,33.08201,8.33077531,3.103432999,-36.99999937
8.41258,7.06196,54.44903,4394.3581,0.01249,32.99067,8.31193278,3.096413661,-36.99999937
8.46188,7.09426,54.45083,4389.71497,0.0188,32.89948,8.292273576,3.08909009,-36.99999937
8.51118,7.12645,54.45333,4385.0815,0.02466,32.80844,8.271867706,3.081488367,-36.99999937
8.56047,7.15853,54.45647,4380.45821,0.03005,32.71756,8.250786058,3.073634898,-36.99999937
8.60977,7.1905,54.46021,4375.84556,0.03496,32.62685,8.229100165,3.065556332,-36.99999937
8.65906,7.22236,54.46447,4371.24401,0.03939,32.53632,8.206881992,3.057279478,-36.99999937
8.70835,7.25411,54.4692,4366.65395,0.04332,32.44598,8.184203712,3.048831222,-36.99999937
8.75763,7.28576,54.47435,4362.07574,0.04675,32.35582,8.161137508,3.040238454,-36.99999937
8.80692,7.3173,54.47986,4357.50971,0.04967,32.26586,8.137755371,3.031527993,-36.99999937
8.8562,7.34873,54.48566,4352.95614,0.05207,32.1761,8.114128911,3.022726515,-36.99999937
8.90548,7.38006,54.49171,4348.41529,0.05396,32.08654,8.090329186,3.013860491,-36.99999937
8.95476,7.41128,54.49793,4343.88735,0.05533,31.99719,8.066426528,3.004956122,-36.99999937
9.00403,7.44239,54.50427,4339.37251,0.05618,31.90803,8.042490392,2.996039282,-36.99999937
9.0533,7.4734,54.51067,4334.87088,0.0565,31.81909,8.018589208,2.987135462,-36.99999937
9.10256,7.5043,54.51708,4330.38257,0.05631,31.73035,7.994790248,2.978269723,-36.99999937
9.15182,7.5351,54.52342,4325.90763,0.05559,31.64182,7.971159504,2.969466649,-36.99999937
9.20108,7.56579,54.52965,4321.44608,0.05436,31.55348,7.947761577,2.960750306,-36.99999937
9.25033,7.59638,54.5357,4316.9979,0.05261,31.46535,7.924659572,2.952144201,-36.99999937
9.29958,7.62687,54.54152,4312.56303,0.05035,31.37742,7.901915011,2.943671253,-36.99999937
9.34883,7.65725,54.54705,4308.1414,0.04759,31.28968,7.879587752,2.935353762,-36.99999937
9.39807,7.68753,54.55224,4303.73287,0.04434,31.20213,7.857735916,2.927213378,-36.99999937
9.4473,7.7177,54.55702,4299.3373,0.04059,31.11476,7.836415832,2.919271086,-36.99999937
9.49653,7.74778,54.56136,4294.95448,0.03637,31.02756,7.815681975,2.911547179,-36.99999937
9.54575,7.77775,54.56519,4290.5842,0.03167,30.94054,7.79558693,2.904061246,-36.99999937
9.59497,7.80762,54.56846,4286.2262,0.02651,30.85368,7.776181354,2.896832158,-36.99999937
9.64419,7.83738,54.57112,4281.88021,0.0209,30.76698,7.757513944,2.889878057,-36.99999937
9.69339,7.86705,54.57313,4277.5459,0.01486,30.68042,7.739631417,2.883216345,-36.99999937
9.74257,7.89666,54.57618,4273.21934,0.03967,30.68753,7.720663635,2.876150347,0
9.7917,7.92624,54.58198,4268.89799,0.06398,30.69466,7.698774015,2.867995887,0
9.84077,7.95581,54.59046,4264.58359,0.08773,30.70183,7.674064116,2.8587908,0
9.88979,7.98536,54.60155,4260.27783,0.11085,30.70902,7.646644807,2.848576386,0
9.93875,8.01489,54.61516,4255.98237,0.13329,30.71624,7.616634911,2.83739691,0
9.98766,8.0444,54.63122,4251.69879,0.15501,30.72348,7.584160415,2.825299306,0
10.03652,8.07389,54.64964,4247.42863,0.17595,30.73076,7.549353659,2.812332873,0
10.08533,8.10336,54.67032,4243.17334,0.19606,30.73806,7.512352502,2.798548969,0
10.13408,8.13281,54.69316,4238.93434,0.2153,30.7454,7.473299493,2.784000695,0
10.18278,8.16225,54.71807,4234.71295,0.23364,30.75276,7.432341032,2.768742591,0
10.23143,8.19166,54.74493,4230.51043,0.25102,30.76014,7.389626555,2.752830325,0
10.28002,8.22106,54.77364,4226.32797,0.26742,30.76756,7.345307724,2.736320394,0
10.32857,8.25044,54.80407,4222.16667,0.28281,30.77501,7.299537646,2.719269836,0
10.37706,8.2798,54.83612,4218.02756,0.29715,30.78248,7.252470131,2.701735948,0
10.4255,8.30914,54.86966,4213.91158,0.31042,30.78999,7.204258967,2.683776021,0
10.47389,8.33847,54.90457,4209.81962,0.32259,30.79752,7.155057255,2.665447088,0
10.52223,8.36777,54.94072,4205.75245,0.33365,30.80508,7.105016775,2.646805693,0
10.57052,8.39706,54.978,4201.7108,0.34357,30.81268,7.054287403,2.627907667,0
10.61875,8.42634,55.01627,4197.69529,0.35236,30.8203,7.003016578,2.608807936,0
10.66694,8.45559,55.0554,4193.70647,0.35998,30.82795,6.951348818,2.589560336,0
10.71508,8.48483,55.09527,4189.74483,0.36644,30.83563,6.899425286,2.570217454,0
10.76316,8.51405,55.13574,4185.81075,0.37173,30.84335,6.84738341,2.550830486,0
10.8112,8.54326,55.17669,4181.90458,0.37584,30.85109,6.795356555,2.531449113,0
10.85919,8.57245,55.218,4178.02654,0.37879,30.85886,6.743473735,2.512121398,0
10.90713,8.60163,55.25952,4174.17684,0.38057,30.86667,6.69185939,2.492893696,0
10.95503,8.63078,55.30113,4170.35557,0.38118,30.87451,6.640633189,2.473810589,0
11.00287,8.65993,55.34271,4166.56278,0.38063,30.88237,6.589909898,2.454914828,0
11.05067,8.68906,55.38413,4162.79846,0.37895,30.89027,6.539799272,2.436247301,0
11.09842,8.71817,55.42526,4159.06251,0.37612,30.8982,6.490405994,2.417847006,0
11.14612,8.74727,55.46599,4155.3548,0.37219,30.90616,6.441829653,2.39975104,0
11.19378,8.77635,55.5062,4151.67511,0.36714,30.91416,6.394164745,2.381994608,0
11.24139,8.80542,55.54576,4148.02319,0.36102,30.92218,6.347500714,2.364611029,0
11.28895,8.83448,55.58457,4144.39874,0.35384,30.93024,6.301922012,2.347631763,0
11.33647,8.86352,55.62251,4140.80138,0.34561,30.93833,6.257508188,2.331086445,0
11.38394,8.89255,55.65947,4137.2307,0.33637,30.94646,6.214333993,2.315002921,0
11.43137,8.92156,55.69534,4133.68624,0.32614,30.95462,6.172469507,2.299407299,0
11.47875,8.95057,55.73002,4130.16751,0.31495,30.96281,6.131980277,2.284323995,0
11.52609,8.97955,55.76342,4126.67394,0.30282,30.97103,6.092927473,2.269775798,0
11.57339,9.00853,55.79542,4123.20497,0.28979,30.97929,6.055368043,2.255783922,0
11.62064,9.03749,55.82595,4119.75996,0.27588,30.98758,6.019354886,2.242368074,0
11.66784,9.06645,55.8549,4116.33825,0.26113,30.9959,5.984937027,2.229546516,0
11.71501,9.09538,55.8822,4112.93914,0.24557,31.00426,5.95215979,2.217336133,0
11.76213,9.12431,55.90776,4109.56192,0.22924,31.01265,5.921064977,2.205752496,0
11.80921,9.15323,55.9315,4106.2058,0.21217,31.02107,5.891691044,2.194809934,0
11.85624,9.18213,55.95335,4102.87002,0.19439,31.02953,5.864073277,2.184521589,0
11.90323,9.21102,55.97324,4099.55375,0.17595,31.03803,5.838243959,2.174899488,0
11.95018,9.23991,55.9911,4096.25614,0.15688,31.04656,5.814232539,2.165954602,0
11.99709,9.26878,56.00687,4092.97633,0.13721,31.05512,5.792065786,2.157696904,0
12.04396,9.29763,56.02048,4089.71342,0.117,31.06372,5.771767943,2.150135423,0
12.09078,9.32648,56.0319,4086.46651,0.09626,31.07235,5.753360868,2.143278304,0
12.13757,9.35532,56.04107,4083.23464,0.07506,31.08102,5.736864172,2.13713285,0
12.18431,9.38415,56.04793,4080.01687,0.05342,31.08972,5.722295333,2.131705574,0
12.23101,9.41297,56.05247,4076.81221,0.03138,31.09845,5.70966982,2.127002238,0
12.27767,9.44177,56.05462,4073.61967,0.009,31.10722,5.699001187,2.123027892,0
12.32429,9.47057,56.05437,4070.43824,-0.0137,31.11603,5.690301167,2.119786906,0
12.37087,9.49936,56.05169,4067.26689,-0.03667,31.12487,5.683579752,2.117283002,0
12.41741,9.52813,56.04656,4064.10457,-0.05987,31.13375,5.678845254,2.115519276,0
12.46391,9.5569,56.03895,4060.95022,-0.08325,31.14266,5.676104365,2.114498223,0
12.51036,9.58566,56.02885,4057.80278,-0.10678,31.1516,5.675362196,2.114221746,0
12.55678,9.6144,56.01626,4054.66115,-0.13041,31.16058,5.676622304,2.114691169,0
12.60314,9.64318,55.99905,4051.52894,-0.19391,31.25909,5.681587715,2.116540915,47.99999918
12.64941,9.67202,55.97513,4048.4085,-0.25744,31.35785,5.691961953,2.120405592,47.99999918
12.69559,9.70092,55.94449,4045.29678,-0.32089,31.45695,5.707755964,2.126289277,47.99999918
12.7417,9.72989,55.90717,4042.19074,-0.38421,31.55646,5.728988961,2.134199127,47.99999918
12.78771,9.75893,55.86319,4039.08728,-0.4473,31.65649,5.755688613,2.14414545,47.99999918
12.83365,9.78803,55.81258,4035.98326,-0.51009,31.7571,5.787890856,2.156141633,47.99999918
12.87949,9.8172,55.75541,4032.87553,-0.57251,31.8584,5.825639645,2.17020405,47.99999918
12.92525,9.84643,55.69171,4029.76085,-0.63447,31.96048,5.868986675,2.186351959,47.99999918
12.97093,9.87573,55.62156,4026.63597,-0.69589,32.06341,5.917991048,2.204607377,47.99999918
13.01652,9.90509,55.54502,4023.49755,-0.7567,32.1673,5.972718887,2.224994937,47.99999918
13.06201,9.93453,55.46218,4020.34222,-0.81679,32.27224,6.03324289,2.247541721,47.99999918
13.10743,9.96403,55.37312,4017.16652,-0.87611,32.37833,6.099641817,2.272277068,47.99999918
13.15275,9.9936,55.27794,4013.96693,-0.93455,32.48565,6.171999903,2.299232359,47.99999918
13.19798,10.02324,55.17675,4010.73988,-0.99203,32.59431,6.25040619,2.328440764,47.99999918
13.24312,10.05295,55.06967,4007.48171,-1.04847,32.70441,6.334953762,2.359936959,47.99999918
13.28816,10.08273,54.95681,4004.18869,-1.10378,32.81605,6.425738888,2.393756807,47.99999918
13.33311,10.11258,54.83831,4000.857,-1.15786,32.92933,6.522860047,2.429936994,47.99999918
13.37797,10.1425,54.71432,3997.48275,-1.21062,33.04437,6.626416839,2.468514624,47.99999918
13.42273,10.1725,54.58499,3994.06199,-1.26197,33.16126,6.736508759,2.509526761,47.99999918
13.46739,10.20257,54.45048,3990.59066,-1.31182,33.28012,6.853233836,2.553009923,47.99999918
13.51195,10.23272,54.31097,3987.06463,-1.36006,33.40105,6.976687115,2.598999518,47.99999918
13.55641,10.26294,54.16664,3983.47972,-1.4066,33.52418,7.106958987,2.647529218,47.99999918
13.60076,10.29324,54.01769,3979.83163,-1.45133,33.64962,7.244133337,2.698630273,47.99999918
13.64501,10.32362,53.86431,3976.11603,-1.49417,33.77748,7.38828553,2.752330757,47.99999918
13.68915,10.35408,53.70673,3972.3285,-1.535,33.90789,7.539480197,2.808654749,47.99999918
13.73318,10.38462,53.54516,3968.46459,-1.57372,34.04097,7.697768847,2.867621436,47.99999918
13.7771,10.41524,53.37985,3964.51976,-1.61022,34.17683,7.863187283,2.929244156,47.99999918
13.8209,10.44595,53.21104,3960.48945,-1.64441,34.3156,8.035752833,2.993529364,47.99999918
13.86458,10.47674,53.03898,3956.36908,-1.67618,34.45741,8.215461397,3.060475532,47.99999918
13.90815,10.50762,52.86395,3952.15403,-1.70541,34.60238,8.402284326,3.130071989,47.99999918
13.95159,10.53858,52.68622,3947.8397,-1.73201,34.75063,8.59616514,3.202297693,47.99999918
13.9949,10.56963,52.50608,3943.42147,-1.75587,34.90229,8.797016119,3.277119968,47.99999918
14.03809,10.60078,52.32383,3938.8948,-1.77689,35.05748,9.004714776,3.354493182,47.99999918
14.08114,10.63201,52.13978,3934.25515,-1.79497,35.21632,9.21910027,3.43435742,47.99999918
14.12406,10.66334,51.95424,3929.4981,-1.80999,35.37893,9.439969788,3.516637127,47.99999918
14.16684,10.69476,51.76755,3924.6193,-1.82188,35.54543,9.667074949,3.601239775,47.99999918
14.20947,10.72628,51.58003,3919.61455,-1.83053,35.71594,9.900118301,3.688054555,47.99999918
14.25196,10.7579,51.39205,3914.47979,-1.83585,35.89056,10.13874997,3.77695113,47.99999918
14.2943,10.78962,51.20394,3909.21116,-1.83777,36.06939,10.38256454,3.867778474,47.99999918
14.33649,10.82144,51.01607,3903.80502,-1.8362,36.25253,10.63109828,3.960363832,47.99999918
14.37852,10.85336,50.8288,3898.25799,-1.83107,36.44008,10.88382675,4.054511837,47.99999918
14.42039,10.88539,50.64251,3892.56696,-1.82231,36.63211,11.14016296,4.150003817,47.99999918
14.46209,10.91752,50.45758,3886.72919,-1.80987,36.8287,11.39945611,4.246597338,47.99999918
14.50362,10.94976,50.27438,3880.74227,-1.79371,37.02991,11.66099112,4.34402601,47.99999918
14.54498,10.98211,50.09329,3874.60423,-1.77378,37.23579,11.92398893,4.441999616,47.99999918
14.58616,11.01457,49.91471,3868.31351,-1.75006,37.44639,12.18760778,4.540204574,47.99999918
14.62715,11.04714,49.73901,3861.86907,-1.72255,37.66172,12.45094547,4.63830479,47.99999918
14.66796,11.07982,49.56658,3855.27036,-1.69124,37.8818,12.71304273,4.735942919,47.99999918
14.70858,11.11262,49.39779,3848.51739,-1.65614,38.10662,12.97288783,4.832742055,47.99999918
14.749,11.14553,49.23302,3841.61076,-1.61729,38.33616,13.22942226,4.92830788,47.99999918
14.78922,11.17856,49.07264,3834.55168,-1.57474,38.57038,13.48154773,5.022231249,47.99999918
14.82923,11.21171,48.91701,3827.342,-1.52854,38.80922,13.72813431,5.11409124,47.99999918
14.86904,11.24498,48.76647,3819.98422,-1.47878,39.0526,13.96802979,5.203458618,47.99999918
14.90863,11.27836,48.62137,3812.48151,-1.42555,39.30044,14.20007,5.289899703,47.99999918
14.94801,11.31186,48.48204,3804.83772,-1.36897,39.55261,14.42309019,5.37298059,47.99999918
14.98716,11.34549,48.34877,3797.05738,-1.30917,39.80898,14.63593708,5.452271658,47.99999918
15.02609,11.37923,48.22187,3789.14569,-1.24631,40.06938,14.83748163,5.527352303,47.99999918
15.06478,11.4131,48.10161,3781.10852,-1.18054,40.33366,15.02663203,5.597815806,47.99999918
15.10325,11.44708,47.98825,3772.95237,-1.11205,40.6016,15.20234698,5.66327425,47.99999918
15.14148,11.48119,47.88201,3764.68436,-1.04105,40.873,15.36364869,5.723363377,47.99999918
15.17947,11.51541,47.78312,3756.3122,-0.96775,41.14763,15.50963546,5.777747291,47.99999918
15.21721,11.54976,47.69174,3747.84411,-0.89239,41.42524,15.63949365,5.826122886,47.99999918
15.25471,11.58422,47.60805,3739.28881,-0.81519,41.70557,15.75250856,5.86822391,47.99999918
15.29196,11.61881,47.53218,3730.65547,-0.73643,41.98834,15.84807404,5.903824568,47.99999918
15.32896,11.65351,47.46424,3721.95361,-0.65636,42.27327,15.92570075,5.932742561,47.99999918
15.36571,11.68832,47.40429,3713.19306,-0.57527,42.56006,15.98502258,5.954841503,47.99999918
15.4022,11.72325,47.35241,3704.38389,-0.49342,42.8484,16.02580132,5.970032656,47.99999918
15.43844,11.7583,47.30859,3695.53635,-0.4111,43.13798,16.04792937,5.978275935,47.99999918
15.47442,11.79345,47.27285,3686.66079,-0.32861,43.42849,16.05143041,5.979580166,47.99999918
15.51014,11.82872,47.24515,3677.76755,-0.24623,43.71962,16.03645813,5.9740026,47.99999918
15.5456,11.8641,47.22541,3668.86695,-0.16424,44.01105,16.00329297,5.961647702,47.99999918
15.58081,11.89958,47.21356,3659.9692,-0.08293,44.30246,15.95233696,5.942665248,47.99999918
15.61575,11.93517,47.20948,3651.08429,-0.00258,44.59355,15.884107,5.917247795,47.99999918
15.65044,11.97086,47.21302,3642.22199,0.07654,44.88402,15.79922653,5.885627585,47.99999918
15.68487,12.00665,47.22401,3633.39175,0.15417,45.17358,15.6984159,5.848072973,47.99999918
15.71904,12.04254,47.24228,3624.60266,0.23005,45.46194,15.58248181,5.804884473,47.99999918
15.75295,12.07853,47.2676,3615.86339,0.30395,45.74884,15.45230584,5.756390499,47.99999918
15.78661,12.11461,47.29974,3607.18219,0.37564,46.03403,15.30883257,5.702942934,47.99999918
15.82001,12.15078,47.33846,3598.56679,0.4449,46.31726,15.15305741,5.644912585,47.99999918
15.85317,12.18705,47.38348,3590.02442,0.51154,46.5983,14.98601435,5.582684652,47.99999918
15.88607,12.22339,47.43452,3581.56177,0.57537,46.87696,14.80876409,5.516654264,47.99999918
15.91873,12.25983,47.49128,3573.18498,0.63622,47.15305,14.62238243,5.447222192,47.99999918
15.95114,12.29634,47.55344,3564.89962,0.69394,47.42638,14.42794941,5.374790776,47.99999918
15.98331,12.33294,47.62069,3556.7107,0.7484,47.6968,14.22653911,5.299760142,47.99999918
16.01524,12.36961,47.6927,3548.62267,0.79948,47.96418,14.01921041,5.222524744,47.99999918
16.04694,12.40636,47.76912,3540.63941,0.84708,48.2284,13.8069986,5.143470262,47.99999918
16.0784,12.44319,47.84962,3532.76426,0.89111,48.48935,13.59090813,5.062970877,47.99999918
16.10963,12.48008,47.93383,3525.00003,0.93151,48.74696,13.37190632,4.98138694,47.99999918
16.14063,12.51704,48.02142,3517.34902,0.96822,49.00115,13.15091812,4.899063023,47.99999918
16.17141,12.55407,48.11202,3509.81302,1.00119,49.25187,12.92882195,4.816326356,47.99999918
16.20197,12.59116,48.20528,3502.39338,1.03042,49.4991,12.70644643,4.733485622,47.99999918
16.23231,12.62832,48.30086,3495.09098,1.05587,49.74279,12.4845681,4.650830106,47.99999918
16.26244,12.66554,48.39838,3487.90629,1.07756,49.98296,12.26390998,4.568629152,47.99999918
16.29236,12.70281,48.49752,3480.8394,1.09549,50.21961,12.04514092,4.487131921,47.99999918
16.32207,12.74014,48.59792,3473.89003,1.1097,50.45274,11.8288756,4.406567398,47.99999918
16.35157,12.77753,48.69924,3467.05754,1.1202,50.6824,11.61567521,4.327144641,47.99999918
16.38087,12.81497,48.80115,3460.34103,1.12706,50.90862,11.4060486,4.249053214,47.99999918
16.40998,12.85247,48.90332,3453.73928,1.13031,51.13145,11.20045394,4.172463793,47.99999918
16.43889,12.89001,49.00543,3447.25083,1.13002,51.35096,10.99930067,4.09752891,47.99999918
16.46761,12.92761,49.10717,3440.87398,1.12625,51.56719,10.80295183,4.024383801,47.99999918
16.49615,12.96525,49.20823,3434.60682,1.11908,51.78024,10.61172653,3.953147344,47.99999918
16.52449,13.00294,49.30831,3428.44726,1.10859,51.99018,10.42590263,3.883923052,47.99999918
16.55266,13.04067,49.40713,3422.39304,1.09486,52.19709,10.24571952,3.816800104,47.99999918
16.58065,13.07845,49.5044,3416.44178,1.07797,52.40106,10.07138097,3.751854405,47.99999918
16.60846,13.11627,49.59986,3410.59092,1.05803,52.60219,9.903057921,3.689149641,47.99999918
16.63609,13.15413,49.69325,3404.83785,1.03512,52.80058,9.740891368,3.628738333,47.99999918
16.66356,13.19203,49.78431,3399.17981,1.00934,52.99633,9.584995087,3.570662866,47.99999918
16.69085,13.22997,49.8728,3393.61399,0.9808,53.18955,9.435458336,3.514956492,47.99999918
16.71798,13.26795,49.9585,3388.13751,0.94959,53.38033,9.292348442,3.461644291,47.99999918
16.74495,13.30597,50.04118,3382.74742,0.91582,53.5688,9.155713273,3.410744096,47.99999918
16.77175,13.34403,50.12063,3377.44073,0.87959,53.75506,9.025583589,3.362267364,47.99999918
16.7984,13.38212,50.19666,3372.21441,0.84102,53.93922,8.901975252,3.316220006,47.99999918
16.82488,13.42024,50.26906,3367.06538,0.8002,54.1214,8.784891302,3.272603154,47.99999918
16.85121,13.4584,50.33767,3361.99057,0.75724,54.30171,8.674323893,3.231413885,47.99999918
16.87739,13.4966,50.4023,3356.98685,0.71226,54.48026,8.570256079,3.192645886,47.99999918
16.90342,13.53483,50.46281,3352.0511,0.66536,54.65717,8.472663473,3.156290073,47.99999918
16.92929,13.57309,50.51903,3347.18019,0.61665,54.83255,8.381515756,3.12233515,47.99999918
16.95502,13.61138,50.57084,3342.37097,0.56623,55.00653,8.296778063,3.09076813,47.99999918
16.9806,13.64971,50.61808,3337.62028,0.51422,55.17921,8.218412234,3.061574797,47.99999918
17.00603,13.68806,50.66066,3332.92496,0.46071,55.35071,8.146377948,3.03474013,47.99999918
17.03132,13.72645,50.69845,3328.28185,0.40582,55.52114,8.080633729,3.010248678,47.99999918
17.05646,13.76487,50.73135,3323.68778,0.34966,55.69062,8.021137857,2.988084901,47.99999918
17.08146,13.80331,50.75927,3319.13959,0.29232,55.85927,7.967849154,2.968233456,47.99999918
17.10632,13.84179,50.78212,3314.63409,0.23393,56.0272,7.920727683,2.950679469,47.99999918
17.13104,13.8803,50.79984,3310.16811,0.17457,56.19452,7.879735347,2.935408745,47.99999918
17.15562,13.91883,50.81236,3305.73846,0.11436,56.36135,7.844836397,2.922407968,47.99999918
17.18005,13.95739,50.81962,3301.34195,0.0534,56.5278,7.815997855,2.911664852,47.99999918
17.20435,13.99598,50.82158,3296.97538,-0.0082,56.69399,7.793189851,2.903168271,47.99999918
17.22851,14.0346,50.81819,3292.63553,-0.07035,56.86003,7.776385894,2.896908355,47.99999918
17.25253,14.07324,50.80944,3288.31918,-0.13292,57.02603,7.76556305,2.892876561,47.99999918
17.27642,14.11191,50.7953,3284.02309,-0.19583,57.19212,7.760702064,2.891065715,47.99999918
17.30016,14.15061,50.77577,3279.74401,-0.25896,57.3584,7.761787398,2.891470031,47.99999918
17.32377,14.18934,50.75083,3275.47865,-0.32222,57.525,7.768807208,2.894085095,47.99999918
17.34723,14.22809,50.72051,3271.22372,-0.38549,57.69202,7.78175325,2.898907836,47.99999918
17.37056,14.26687,50.68481,3266.97591,-0.44867,57.85959,7.800620714,2.905936462,47.99999918
17.39375,14.30567,50.64377,3262.73186,-0.51167,58.02782,7.825407997,2.915170378,47.99999918
17.4168,14.3445,50.59742,3258.48822,-0.57436,58.19682,7.8561164,2.926610066,47.99999918
17.43972,14.38335,50.54579,3254.24158,-0.63666,58.36672,7.892749758,2.940256956,47.99999918
17.46249,14.42223,50.48896,3249.98852,-0.69844,58.53764,7.935313999,2.956113255,47.99999918
17.48512,14.46114,50.42697,3245.72558,-0.75962,58.70969,7.983816627,2.97418176,47.99999918
17.50761,14.50007,50.35989,3241.44926,-0.82007,58.883,8.038266131,2.994465633,47.99999918
17.52995,14.53902,50.28782,3237.15606,-0.87969,59.05768,8.098671321,3.016968156,47.99999918
17.55216,14.578,50.21082,3232.84241,-0.93839,59.23386,8.165040572,3.041692448,47.99999918
17.57421,14.617,50.12901,3228.50474,-0.99604,59.41166,8.237381,3.068641161,47.99999918
17.59613,14.65603,50.0425,3224.13943,-1.05254,59.59121,8.315697546,3.097816135,47.99999918
17.61789,14.69508,49.95138,3219.74283,-1.10778,59.77262,8.399991974,3.129218027,47.99999918
17.63951,14.73415,49.85579,3215.31127,-1.16165,59.95603,8.490261782,3.162845906,47.99999918
17.66098,14.77324,49.75587,3210.84107,-1.21405,60.14156,8.586499027,3.198696812,47.99999918
17.68235,14.81233,49.65496,3206.31957,-1.18837,60.15736,8.684716335,3.235285343,0
17.70368,14.85137,49.55645,3201.73697,-1.16018,60.17315,8.780729335,3.271052712,0
17.72497,14.89037,49.46054,3197.09399,-1.12956,60.18895,8.874180971,3.305865905,0
17.74622,14.92932,49.36744,3192.39155,-1.09657,60.20475,8.964723954,3.339595549,0
17.76743,14.96823,49.27732,3187.63077,-1.06129,60.22055,9.052013895,3.372113349,0
17.7886,15.00709,49.19037,3182.81299,-1.02379,60.23635,9.135711849,3.403293039,0
17.80973,15.04591,49.10677,3177.93977,-0.98419,60.25215,9.215486943,3.43301136,0
17.83081,15.08467,49.02667,3173.01288,-0.94257,60.26795,9.291019046,3.461149056,0
17.85186,15.12339,48.95023,3168.03426,-0.89907,60.28375,9.362001454,3.487591871,0
17.87285,15.16205,48.87758,3163.00608,-0.85379,60.29954,9.428143543,3.512231539,0
17.89381,15.20067,48.80887,3157.93069,-0.80686,60.31534,9.489173354,3.53496675,0
17.91472,15.23923,48.74421,3152.81061,-0.75843,60.33113,9.544840072,3.555704067,0
17.93559,15.27775,48.68371,3147.64855,-0.70864,60.34691,9.594916351,3.574358798,0
17.95642,15.31621,48.62745,3142.44736,-0.65765,60.3627,9.63920046,3.590855794,0
17.9772,15.35462,48.57553,3137.21004,-0.6056,60.37848,9.677518196,3.605130159,0
17.99793,15.39298,48.528,3131.93971,-0.55266,60.39425,9.709724542,3.61712787,0
18.01862,15.43128,48.48491,3126.63963,-0.49899,60.41002,9.735705049,3.626806292,0
18.03927,15.46953,48.44632,3121.31312,-0.44477,60.42579,9.755376892,3.634134572,0
18.05987,15.50772,48.41223,3115.96362,-0.39017,60.44155,9.768689614,3.639093911,0
18.08043,15.54586,48.38266,3110.59461,-0.33536,60.4573,9.77562552,3.641677718,0
18.10094,15.58395,48.35761,3105.20961,-0.28051,60.47305,9.776199728,3.641891626,0
18.1214,15.62198,48.33705,3099.81219,-0.22581,60.4888,9.77045988,3.639753381,0
18.14182,15.65995,48.32094,3094.40591,-0.17142,60.50453,9.758485506,3.635292612,0
18.1622,15.69787,48.30925,3088.99432,-0.11752,60.52027,9.740387077,3.628550471,0
18.18253,15.73573,48.30191,3083.58096,-0.06428,60.53599,9.71630474,3.619579167,0
18.20281,15.77353,48.29885,3078.1693,-0.01186,60.55171,9.686406783,3.608441392,0
18.22305,15.81128,48.29997,3072.76278,0.03958,60.56743,9.650887849,3.595209654,0
18.24324,15.84898,48.30518,3067.36474,0.08987,60.58314,9.609966921,3.579965532,0
18.26339,15.88661,48.31437,3061.97844,0.13887,60.59884,9.563885142,3.562798857,0
18.28349,15.92419,48.3274,3056.60706,0.18643,60.61454,9.512903476,3.543806844,0
18.30355,15.96172,48.34416,3051.25361,0.23241,60.63023,9.457300267,3.523093186,0
18.32356,15.99919,48.36448,3045.92103,0.27669,60.64592,9.397368732,3.500767112,0
18.34353,16.0366,48.38823,3040.6121,0.31913,60.6616,9.333414419,3.476942448,0
18.36346,16.07396,48.41523,3035.32945,0.35963,60.67727,9.265752675,3.451736668,0
18.38333,16.11126,48.44533,3030.07558,0.39808,60.69294,9.194706147,3.425269967,0
18.40317,16.14851,48.47833,3024.8528,0.43438,60.70861,9.120602355,3.397664355,0
18.42296,16.18571,48.51406,3019.66331,0.46844,60.72427,9.043771364,3.369042789,0
18.44271,16.22285,48.55233,3014.5091,0.50019,60.73993,8.964543575,3.339528353,0
18.46241,16.25993,48.59295,3009.39202,0.52955,60.75558,8.883247651,3.309243482,0
18.48207,16.29697,48.63571,3004.31375,0.55646,60.77123,8.800208608,3.278309254,0
18.50169,16.33395,48.68041,2999.2758,0.58086,60.78688,8.715746073,3.246844737,0
18.52126,16.37088,48.72686,2994.27951,0.60272,60.80252,8.630172712,3.214966409,0
18.54079,16.40775,48.77483,2989.32607,0.62201,60.81816,8.543792847,3.182787636,0
18.56028,16.44458,48.82414,2984.4165,0.63868,60.8338,8.456901258,3.150418233,0
18.57973,16.48135,48.87457,2979.55168,0.65274,60.84944,8.369782156,3.117964075,0
18.59914,16.51807,48.9259,2974.73231,0.66416,60.86508,8.282708349,3.085526791,0
18.61851,16.55475,48.97794,2969.95898,0.67294,60.88071,8.195940566,3.053203509,0
18.63783,16.59137,49.03048,2965.23209,0.6791,60.89635,8.109726954,3.02108667,0
18.65712,16.62795,49.08331,2960.55195,0.68263,60.91198,8.024302719,2.989263895,0
18.67637,16.66448,49.13623,2955.91871,0.68357,60.92761,7.939889919,2.957817906,0
18.69557,16.70096,49.18904,2951.3324,0.68193,60.94325,7.85669738,2.926826496,0
18.71474,16.73739,49.24154,2946.79292,0.67776,60.95888,7.774920732,2.896362543,0
18.73387,16.77378,49.29354,2942.30008,0.67108,60.97452,7.694742553,2.866494062,0
18.75296,16.81012,49.34486,2937.85356,0.66194,60.99016,7.616332599,2.837284291,0
18.77201,16.84641,49.3953,2933.45295,0.65039,61.0058,7.539848124,2.808791811,0
18.79102,16.88266,49.4447,2929.09773,0.63649,61.02144,7.465434256,2.781070688,0
18.81,16.91887,49.49286,2924.78729,0.62028,61.03709,7.39322444,2.754170631,0
18.82894,16.95503,49.53963,2920.52095,0.60183,61.05273,7.323340921,2.728137182,0
18.84784,16.99115,49.58484,2916.29794,0.58121,61.06838,7.25589526,2.703011898,0
18.8667,17.02723,49.62832,2912.11739,0.55848,61.08404,7.190988883,2.678832565,0
18.88553,17.06326,49.66994,2907.9784,0.53371,61.0997,7.12871364,2.655633399,0
18.90433,17.09926,49.70954,2903.87997,0.50699,61.11536,7.069152376,2.633445261,0
18.92308,17.13521,49.74698,2899.82106,0.47838,61.13103,7.012379502,2.612295871,0
18.9418,17.17112,49.78213,2895.80054,0.44798,61.1467,6.958461568,2.592210022,0
18.96049,17.20699,49.81486,2891.81726,0.41585,61.16238,6.907457816,2.573209783,0
18.97914,17.24283,49.84506,2887.86999,0.38209,61.17806,6.859420726,2.555314703,0
18.99776,17.27862,49.8726,2883.95747,0.34678,61.19375,6.814396542,2.53854201,0
19.01634,17.31437,49.89739,2880.07838,0.31001,61.20944,6.772425772,2.522906793,0
19.03489,17.35009,49.91932,2876.23137,0.27186,61.22514,6.733543665,2.508422185,0
19.05341,17.38576,49.9383,2872.41503,0.23244,61.24085,6.697780662,2.495099526,0
19.07189,17.4214,49.95425,2868.62793,0.19182,61.25656,6.665162813,2.482948519,0
19.09034,17.457,49.96709,2864.86859,0.1501,61.27228,6.635712166,2.471977378,0
19.10875,17.49257,49.97674,2861.13551,0.10738,61.288,6.609447118,2.462192956,0
19.12713,17.5281,49.98315,2857.42714,0.06376,61.30374,6.58638274,2.453600869,0
19.14548,17.56359,49.98626,2853.74191,0.01931,61.31948,6.56653106,2.446205596,0
19.16379,17.59904,49.98602,2850.07821,-0.02585,61.33522,6.549901315,2.440010578,0
19.18208,17.63446,49.98239,2846.43442,-0.07163,61.35098,6.536500163,2.435018296,0
19.20033,17.66984,49.97534,2842.80886,-0.11794,61.36674,6.526331868,2.431230339,0
19.21854,17.70519,49.96483,2839.19986,-0.16467,61.3825,6.519398439,2.428647454,0
19.23673,17.7405,49.95085,2835.60571,-0.21174,61.39828,6.515699743,2.427269593,0
19.25488,17.77577,49.93339,2832.02466,-0.25903,61.41406,6.515233572,2.427095932,0
19.273,17.81101,49.91244,2828.45496,-0.30647,61.42985,6.517995685,2.428124891,0
19.29109,17.84622,49.88801,2824.89483,-0.35393,61.44565,6.52397981,2.430354135,0
19.30915,17.88139,49.8601,2821.34246,-0.40134,61.46145,6.53317761,2.433780558,0
19.32717,17.91652,49.82873,2817.79604,-0.44858,61.47726,6.545578619,2.43840026,0
19.34517,17.95162,49.79392,2814.25373,-0.49557,61.49308,6.561170144,2.444208513,0
19.36313,17.98668,49.75572,2810.71367,-0.54219,61.50891,6.579937127,2.451199708,0
19.38106,18.02171,49.71414,2807.17398,-0.58837,61.52474,6.601861986,2.459367295,0
19.39896,18.05671,49.66925,2803.63279,-0.63399,61.54058,6.626924416,2.46870371,0
19.41682,18.09167,49.6211,2800.08819,-0.67896,61.55643,6.655101166,2.47920029,0
19.43466,18.12659,49.56973,2796.53827,-0.72318,61.57228,6.686365776,2.49084718,0
19.45246,18.16148,49.51523,2792.98112,-0.76657,61.58814,6.720688302,2.503633225,0
19.47023,18.19633,49.45766,2789.41482,-0.80901,61.604,6.758035002,2.517545853,0
19.48797,18.23115,49.3971,2785.83742,-0.85042,61.61987,6.798367999,2.532570955,0
19.50568,18.26593,49.33365,2782.24701,-0.89071,61.63575,6.841644931,2.548692751,0
19.52336,18.30068,49.26738,2778.64166,-0.92978,61.65163,6.887818568,2.565893646,0
19.541,18.33539,49.19841,2775.01943,-0.96754,61.66752,6.936836423,2.584154087,0
19.55861,18.37006,49.12684,2771.37842,-1.0039,61.68341,6.988640339,2.603452408,0
19.57619,18.40469,49.05279,2767.71673,-1.03877,61.69931,7.043166076,2.62376468,0
19.59374,18.43929,48.97636,2764.03245,-1.07207,61.71522,7.100342886,2.645064546,0
19.61125,18.47386,48.89768,2760.32374,-1.10371,61.73112,7.160093085,2.667323067,0
19.62873,18.50838,48.81689,2756.58873,-1.13361,61.74703,7.222331629,2.690508563,0
19.64618,18.54287,48.73412,2752.82562,-1.16169,61.76295,7.286965707,2.714586458,0
19.6636,18.57731,48.64951,2749.03262,-1.18787,61.77886,7.353894337,2.739519133,0
19.68098,18.61172,48.5632,2745.208,-1.21208,61.79478,7.423007989,2.765265787,0
19.69833,18.64609,48.47535,2741.35005,-1.23426,61.81071,7.49418824,2.791782303,0
19.71564,18.68043,48.38611,2737.45714,-1.25432,61.82663,7.56730746,2.819021137,0
19.73293,18.71472,48.29563,2733.52767,-1.27221,61.84256,7.642228541,2.846931211,0
19.75018,18.74897,48.20409,2729.56012,-1.28787,61.85848,7.718804685,2.875457839,0
19.76739,18.78318,48.11164,2725.55305,-1.30124,61.87441,7.796879243,2.904542666,0
19.78457,18.81734,48.01846,2721.50506,-1.31228,61.89034,7.876285632,2.934123635,0
19.80172,18.85147,47.92472,2717.41488,-1.32093,61.90627,7.95684732,2.964134984,0
19.81883,18.88555,47.83059,2713.2813,-1.32717,61.9222,8.038377904,2.994507272,0
19.83591,18.91959,47.73625,2709.10321,-1.33096,61.93812,8.120681276,3.025167443,0
19.85295,18.95359,47.64187,2704.87962,-1.33226,61.95405,8.203551894,3.056038929,0
19.86996,18.98754,47.54764,2700.60964,-1.33106,61.96997,8.286775155,3.087041783,0
19.88693,19.02145,47.45373,2696.29249,-1.32735,61.98589,8.370127885,3.118092868,0
19.90386,19.05532,47.36032,2691.92754,-1.32112,62.00181,8.453378944,3.149106079,0
19.92076,19.08913,47.2676,2687.51426,-1.31236,62.01772,8.536289954,3.179992611,0
19.93762,19.1229,47.17573,2683.05227,-1.30109,62.03363,8.618616144,3.210661283,0
19.95445,19.15663,47.08489,2678.54135,-1.28732,62.04953,8.700107324,3.241018892,0
19.97124,19.1903,46.99525,2673.98138,-1.27108,62.06543,8.780508973,3.270970622,0
19.98799,19.22393,46.90699,2669.37244,-1.25239,62.08133,8.859563444,3.300420492,0
20.0047,19.25751,46.82028,2664.71473,-1.2313,62.09722,8.93701128,3.329271849,0
20.02138,19.29103,46.73526,2660.00862,-1.20786,62.1131,9.012592629,3.35742789,0
20.03802,19.32451,46.65211,2655.25464,-1.18212,62.12897,9.086048748,3.384792227,0
20.05462,19.35794,46.57098,2650.45346,-1.15415,62.14484,9.157123588,3.411269475,0
20.07118,19.39131,46.492,2645.60594,-1.12402,62.1607,9.22556543,3.436765862,0
20.0877,19.42463,46.41533,2640.71308,-1.09181,62.17655,9.291128577,3.461189859,0
20.10419,19.4579,46.34109,2635.77604,-1.05762,62.19239,9.353575062,3.484452818,0
20.12063,19.49112,46.26942,2630.79613,-1.02154,62.20822,9.412676366,3.506469609,0
20.13704,19.52428,46.20042,2625.77482,-0.98369,62.22404,9.468215113,3.527159253,0
20.1534,19.55739,46.13422,2620.71371,-0.94416,62.23985,9.519986732,3.546445543,0
20.16973,19.59044,46.0709,2615.61457,-0.90309,62.25565,9.567801048,3.564257635,0
20.18601,19.62344,46.01057,2610.47927,-0.8606,62.27144,9.6114838,3.580530609,0
20.20226,19.65638,45.9533,2605.30983,-0.81683,62.28722,9.650878039,3.595205999,0
20.21847,19.68927,45.89917,2600.10837,-0.77191,62.30299,9.685845407,3.608232264,0
20.23463,19.72209,45.84824,2594.87712,-0.72598,62.31874,9.716267266,3.619565207,0
20.25075,19.75486,45.80055,2589.61842,-0.6792,62.33448,9.742045666,3.629168339,0
20.26684,19.78757,45.75616,2584.33468,-0.63171,62.35021,9.763104131,3.637013172,0
20.28288,19.82023,45.71508,2579.02841,-0.58367,62.36593,9.779388256,3.643079437,0
20.29888,19.85282,45.67734,2573.70215,-0.53525,62.38163,9.790866103,3.647355237,0
20.31484,19.88536,45.64295,2568.35853,-0.48658,62.39732,9.797528397,3.649837116,0
20.33075,19.91783,45.61191,2563.00018,-0.43785,62.413,9.799388509,3.650530057,0
20.34663,19.95025,45.58419,2557.62978,-0.3892,62.42866,9.796482237,3.649447394,0
20.36246,19.9826,45.55978,2552.25002,-0.34079,62.44431,9.788867388,3.646610662,0
20.37826,20.0149,45.53863,2546.86359,-0.29279,62.45995,9.776623158,3.642049365,0
20.39401,20.04714,45.52072,2541.47318,-0.24534,62.47557,9.759849344,3.635800678,0
20.40972,20.07931,45.50597,2536.08144,-0.19861,62.49117,9.738665373,3.627909091,0
20.42539,20.11143,45.49432,2530.69101,-0.15273,62.50677,9.71320919,3.618425993,0
20.44102,20.14348,45.4857,2525.30445,-0.10787,62.52235,9.683636004,3.607409203,0
20.4566,20.17548,45.48003,2519.9243,-0.06415,62.53791,9.650116925,3.594922465,0
20.47215,20.20741,45.47721,2514.55302,-0.02171,62.55346,9.612837503,3.581034899,0
20.48765,20.23929,45.47713,2509.19299,0.01932,62.569,9.571996194,3.565820437,0
20.50311,20.2711,45.47971,2503.84653,0.05881,62.58452,9.52780278,3.549357227,0
20.51853,20.30286,45.4848,2498.51585,0.09664,62.60003,9.480476749,3.531727035,0
20.53391,20.33455,45.49231,2493.20306,0.13272,62.61553,9.430245678,3.51301464,0
20.54925,20.36618,45.50209,2487.9102,0.16692,62.63102,9.377343613,3.493307229,0
20.56455,20.39776,45.51401,2482.63916,0.19917,62.64649,9.322009487,3.472693811,0
20.57981,20.42927,45.52793,2477.39175,0.22937,62.66195,9.264485575,3.45126464,0
20.59503,20.46073,45.54371,2472.16965,0.25744,62.67739,9.205016016,3.429110664,0
20.61021,20.49213,45.5612,2466.97444,0.28331,62.69282,9.143845398,3.406323,0
20.62535,20.52347,45.58025,2461.80755,0.30691,62.70825,9.081217438,3.382992437,0
20.64045,20.55475,45.60071,2456.67033,0.3282,62.72365,9.017373744,3.359208981,0
20.65551,20.58597,45.62242,2451.56396,0.34712,62.73905,8.952552677,3.335061428,0
20.67053,20.61713,45.64522,2446.48955,0.36364,62.75444,8.886988326,3.310636982,0
20.68551,20.64824,45.66895,2441.44804,0.37773,62.76982,8.820909579,3.28602091,0
20.70045,20.67929,45.69345,2436.4403,0.38935,62.78518,8.754539303,3.261296236,0
20.71536,20.71029,45.71856,2431.46704,0.3985,62.80054,8.688093644,3.23654348,0
20.73022,20.74122,45.74413,2426.52888,0.40517,62.81588,8.621781414,3.211840429,0
20.74505,20.77211,45.76999,2421.62631,0.40936,62.83122,8.555803594,3.187261956,0
20.75984,20.80294,45.79598,2416.75972,0.41108,62.84654,8.490352933,3.162879862,0
20.77459,20.83371,45.82195,2411.9294,0.41033,62.86186,8.425613636,3.138762771,0
20.78931,20.86443,45.84775,2407.13551,0.40714,62.87717,8.361761143,3.114976037,0
20.80399,20.89509,45.87322,2402.37814,0.40153,62.89247,8.298961989,3.0915817,0
20.81863,20.9257,45.89821,2397.65724,0.39354,62.90776,8.23737374,3.068638457,0
20.83324,20.95626,45.92257,2392.97272,0.3832,62.92305,8.177144989,3.046201662,0
20.84781,20.98677,45.94617,2388.32434,0.37056,62.93832,8.118415421,3.024323353,0
20.86234,21.01722,45.96887,2383.71183,0.35567,62.95359,8.061315925,3.003052288,0
20.87684,21.04763,45.99052,2379.13479,0.33858,62.96886,8.005968758,2.982434012,0
20.89131,21.07798,46.011,2374.59277,0.31935,62.98411,7.952487739,2.962510926,0
20.90573,21.10828,46.03019,2370.08522,0.29804,62.99937,7.900978486,2.943322373,0
20.92013,21.13853,46.04795,2365.61154,0.27472,63.01461,7.851538667,2.92490474,0
20.93449,21.16873,46.06418,2361.17104,0.24946,63.02985,7.804258284,2.907291553,0
20.94881,21.19888,46.07875,2356.76298,0.22233,63.04509,7.759219965,2.890513594,0
20.9631,21.22898,46.09158,2352.38655,0.19342,63.06031,7.716499261,2.874599008,0
20.97736,21.25904,46.10254,2348.04087,0.1628,63.07554,7.676164958,2.859573419,0
20.99158,21.28904,46.11156,2343.72501,0.13055,63.09076,7.63827938,2.845460044,0
21.00577,21.319,46.11854,2339.438,0.09677,63.10598,7.602898694,2.832279808,0
21.01993,21.3489,46.12339,2335.17879,0.06153,63.12119,7.570073208,2.82005145,0
21.03405,21.37876,46.12603,2330.94629,0.02494,63.13639,7.539847652,2.808791636,0
21.04814,21.40858,46.12641,2326.73939,-0.01291,63.1516,7.512261455,2.798515052,0
21.0622,21.43835,46.12444,2322.5569,-0.05194,63.1668,7.487349003,2.789234508,0
21.07622,21.46807,46.12007,2318.39761,-0.09204,63.182,7.465139875,2.780961023,0
21.09021,21.49774,46.11325,2314.26025,-0.13311,63.19719,7.445659066,2.773703909,0
21.10417,21.52737,46.10393,2310.14353,-0.17506,63.21238,7.428927189,2.767470845,0
21.1181,21.55695,46.09206,2306.04611,-0.21778,63.22757,7.41496065,2.762267942,0
21.132,21.58649,46.07762,2301.96664,-0.26118,63.24275,7.403771808,2.758099803,0
21.14586,21.61598,46.06058,2297.90372,-0.30515,63.25793,7.395369101,2.754969574,0
21.15969,21.64542,46.0409,2293.85592,-0.34958,63.27311,7.389757159,2.752878978,0
21.1735,21.67482,46.01858,2289.82178,-0.39438,63.28829,7.386936885,2.751828352,0
21.18726,21.70418,45.99362,2285.79982,-0.43944,63.30346,7.386905518,2.751816667,0
21.201,21.73349,45.96599,2281.78855,-0.48465,63.31863,7.389656663,2.752841541,0
21.21471,21.76275,45.93572,2277.78643,-0.52991,63.3338,7.395180308,2.754899244,0
21.22838,21.79197,45.9028,2273.79191,-0.57512,63.34896,7.403462808,2.757984693,0
21.24203,21.82115,45.86725,2269.80344,-0.62016,63.36412,7.414486854,2.76209144,0
21.25564,21.85028,45.8291,2265.81944,-0.66495,63.37928,7.428231414,2.76721165,0
21.26922,21.87936,45.78838,2261.83831,-0.70936,63.39444,7.444671653,2.773336072,0
21.28277,21.90841,45.74511,2257.85844,-0.7533,63.40959,7.463778844,2.780454003,0
21.29629,21.9374,45.69934,2253.87823,-0.79667,63.42474,7.485520245,2.788553247,0
21.30978,21.96635,45.65111,2249.89604,-0.83936,63.43989,7.50985897,2.797620063,0
21.32324,21.99526,45.60048,2245.91027,-0.88127,63.45503,7.536753841,2.80763911,0
21.33666,22.02412,45.5475,2241.91929,-0.92231,63.47017,7.566159232,2.818593391,0
21.35006,22.05294,45.49224,2237.92146,-0.96237,63.48531,7.598024891,2.830464188,0
21.36342,22.08171,45.43476,2233.91517,-1.00136,63.50044,7.632295771,2.843230992,0
21.37676,22.11044,45.37514,2229.89882,-1.03919,63.51557,7.668911837,2.856871441,0
21.39006,22.13912,45.31346,2225.8708,-1.07575,63.53069,7.707807887,2.871361242,0
21.40333,22.16776,45.2498,2221.82952,-1.11097,63.54581,7.748913359,2.886674113,0
21.41657,22.19635,45.18426,2217.77343,-1.14474,63.56092,7.792152156,2.902781702,0
21.42978,22.22489,45.11691,2213.70097,-1.17699,63.57603,7.837442468,2.919653535,0
21.44295,22.25339,45.04788,2209.61063,-1.20764,63.59114,7.884696607,2.937256945,0
21.4561,22.28184,44.97724,2205.50091,-1.2366,63.60624,7.933820865,2.955557024,0
21.46921,22.31024,44.90512,2201.37038,-1.26379,63.62133,7.984715386,2.974516572,0
21.4823,22.3386,44.83162,2197.2176,-1.28915,63.63641,8.037274057,2.99409606,0
21.49535,22.36691,44.75686,2193.0412,-1.31261,63.65149,8.09138444,3.014253601,0
21.50837,22.39517,44.68095,2188.83987,-1.33409,63.66657,8.146927727,3.034944937,0
21.52136,22.42338,44.60402,2184.61233,-1.35355,63.68163,8.203778734,3.056123433,0
21.53431,22.45155,44.52618,2180.35736,-1.37092,63.69669,8.261805943,3.077740095,0
21.54723,22.47967,44.44757,2176.07382,-1.38616,63.71174,8.320871584,3.0997436,0
21.56012,22.50773,44.3683,2171.7606,-1.39922,63.72678,8.380831766,3.122080346,0
21.57298,22.53575,44.28852,2167.41671,-1.41005,63.74181,8.441536671,3.14469452,0
21.58581,22.56372,44.20834,2163.04119,-1.41863,63.75684,8.502830798,3.167528195,0
21.5986,22.59164,44.12791,2158.63318,-1.42493,63.77185,8.564553268,3.190521439,0
21.61136,22.6195,44.04735,2154.19192,-1.42892,63.78685,8.626538195,3.213612456,0
21.62409,22.64732,43.96679,2149.71672,-1.4306,63.80185,8.688615121,3.236737744,0
21.63678,22.67508,43.88638,2145.20698,-1.42994,63.81683,8.750609516,3.259832287,0
21.64944,22.70279,43.80624,2140.66222,-1.42696,63.8318,8.812343342,3.282829762,0
21.66207,22.73045,43.7265,2136.08203,-1.42165,63.84676,8.873635689,3.305662774,0
21.67467,22.75806,43.6473,2131.46612,-1.41402,63.86171,8.934303465,3.328263117,0
21.68723,22.78561,43.56875,2126.81432,-1.40411,63.87665,8.994162155,3.350562054,0
21.69975,22.81311,43.49099,2122.12654,-1.39193,63.89157,9.053026633,3.37249062,0
21.71224,22.84055,43.41414,2117.40283,-1.37752,63.90648,9.110712025,3.393979946,0
21.7247,22.86794,43.33832,2112.64333,-1.36092,63.92137,9.167034624,3.414961597,0
21.73712,22.89528,43.26365,2107.84831,-1.34218,63.93626,9.221812839,3.435367923,0
21.74951,22.92255,43.19024,2103.01815,-1.32137,63.95112,9.274868174,3.455132431,0
21.76187,22.94977,43.1182,2098.15334,-1.29854,63.96598,9.326026237,3.474190156,0
21.77418,22.97694,43.04763,2093.25448,-1.27376,63.98081,9.375117754,3.492478038,0
21.78647,23.00404,42.97864,2088.32228,-1.24713,63.99563,9.421979587,3.509935303,0
21.79872,23.03109,42.91131,2083.35759,-1.21872,64.01044,9.466455747,3.526503843,0
21.81093,23.05808,42.84573,2078.36133,-1.18862,64.02523,9.508398381,3.542128578,0
21.8231,23.08501,42.78199,2073.33455,-1.15694,64.04,9.547668733,3.556757818,0
21.83525,23.11189,42.72017,2068.27838,-1.12379,64.05475,9.584138061,3.570343602,0
21.84735,23.1387,42.66032,2063.19407,-1.08927,64.06949,9.617688493,3.58284202,0
21.85942,23.16545,42.60252,2058.08293,-1.0535,64.08421,9.648213826,3.59421351,0
21.87145,23.19214,42.54682,2052.94639,-1.0166,64.09891,9.675620248,3.604423123,0
21.88345,23.21877,42.49327,2047.78595,-0.97871,64.11359,9.69982697,3.613440764,0
21.89541,23.24535,42.4419,2042.60317,-0.93995,64.12825,9.720766772,3.621241391,0
21.90734,23.27185,42.39275,2037.39969,-0.90045,64.1429,9.738386446,3.627805184,0
21.91922,23.2983,42.34585,2032.1772,-0.86035,64.15753,9.752647131,3.633117664,0
21.93107,23.32469,42.30122,2026.93747,-0.8198,64.17213,9.763524541,3.637169785,0
21.94289,23.35101,42.25885,2021.68227,-0.77892,64.18672,9.771009079,3.639957973,0
21.95467,23.37727,42.21876,2016.41345,-0.73788,64.20129,9.775105841,3.641484124,0
21.96641,23.40347,42.18095,2011.13286,-0.69679,64.21583,9.775834498,3.641755568,0
21.97811,23.4296,42.14539,2005.84238,-0.65582,64.23036,9.773229077,3.64078498,0
21.98978,23.45567,42.11206,2000.54392,-0.6151,64.24487,9.767337628,3.638590261,0
22.00141,23.48168,42.08095,1995.23938,-0.57477,64.25936,9.758221791,3.635194372,0
22.013,23.50762,42.052,1989.93064,-0.53497,64.27383,9.745956268,3.630625141,0
22.02456,23.5335,42.02519,1984.61961,-0.49583,64.28827,9.730628201,3.624915033,0
22.03608,23.55932,42.00046,1979.30814,-0.4575,64.3027,9.712336482,3.618100886,0
22.04756,23.58507,41.97776,1973.99809,-0.4201,64.31711,9.69119098,3.610223631,0
22.05901,23.61076,41.95702,1968.69126,-0.38375,64.33149,9.667311718,3.601327977,0
22.07042,23.63639,41.93818,1963.38944,-0.34858,64.34586,9.640827994,3.591462093,0
22.08179,23.66195,41.92116,1958.09435,-0.31471,64.36021,9.611877465,3.58067726,0
22.09313,23.68745,41.90589,1952.80768,-0.28224,64.37454,9.580605208,3.569027521,0
22.10443,23.71288,41.89227,1947.53105,-0.25128,64.38884,9.547162756,3.556569328,0
22.11569,23.73825,41.88023,1942.26602,-0.22194,64.40313,9.511707132,3.543361175,0
22.12692,23.76356,41.86967,1937.01409,-0.19429,64.4174,9.474399887,3.529463244,0
22.13811,23.78881,41.86049,1931.77671,-0.16844,64.43165,9.435406146,3.51493705,0
22.14927,23.81399,41.8526,1926.55522,-0.14446,64.44588,9.39489368,3.49984509,0
22.16039,23.83911,41.84589,1921.35091,-0.12243,64.46009,9.353032003,3.484250514,0
22.17147,23.86416,41.84025,1916.165,-0.10241,64.47428,9.309991506,3.468216797,0
22.18252,23.88915,41.83558,1910.99861,-0.08445,64.48845,9.265942633,3.451807433,0
22.19353,23.91408,41.83176,1905.85279,-0.06862,64.50261,9.221055104,3.435085647,0
22.20451,23.93895,41.82869,1900.7285,-0.05495,64.51675,9.175497185,3.418114123,0
22.21545,23.96376,41.82625,1895.62663,-0.04349,64.53086,9.129435016,3.400954753,0
22.22636,23.9885,41.82434,1890.54797,-0.03426,64.54497,9.083031992,3.383668406,0
22.23723,24.01318,41.82282,1885.49325,-0.02729,64.55905,9.036448203,3.366314719,0
22.24807,24.03781,41.8216,1880.46309,-0.02259,64.57312,8.98983993,3.348951911,0
22.25887,24.06237,41.82056,1875.45804,-0.02017,64.58717,8.943359199,3.331636616,0
22.26964,24.08687,41.81959,1870.47857,-0.02003,64.6012,8.89715339,3.314423736,0
22.28038,24.11131,41.81856,1865.52506,-0.02217,64.61522,8.851364902,3.297366319,0
22.29108,24.13569,41.81738,1860.59783,-0.02658,64.62922,8.806130871,3.280515453,0
22.30174,24.16001,41.81594,1855.69708,-0.03323,64.6432,8.761582939,3.263920176,0
22.31238,24.18427,41.81412,1850.82298,-0.04211,64.65717,8.717847067,3.247627413,0
22.32298,24.20847,41.81182,1845.97559,-0.05318,64.67113,8.675043392,3.231681918,0
22.33355,24.23261,41.80895,1841.15492,-0.0664,64.68507,8.633286134,3.21612624,0
22.34408,24.2567,41.80539,1836.36089,-0.08175,64.69899,8.592683523,3.2010007,0
22.35458,24.28073,41.80105,1831.59336,-0.09916,64.7129,8.553337779,3.186343375,0
22.36505,24.3047,41.79585,1826.85212,-0.11859,64.7268,8.515345106,3.172190104,0
22.37549,24.32861,41.78968,1822.13688,-0.13998,64.74068,8.478795722,3.158574497,0
22.38589,24.35246,41.78246,1817.44732,-0.16327,64.75455,8.443773907,3.14552795,0
22.39626,24.37626,41.77412,1812.78303,-0.18839,64.7684,8.410358074,3.133079672,0
22.4066,24.4,41.76456,1808.14354,-0.21528,64.78224,8.37862085,3.121256721,0
22.41691,24.42369,41.75371,1803.52834,-0.24386,64.79607,8.348629176,3.110084034,0
22.42719,24.44732,41.74151,1798.93685,-0.27404,64.80989,8.320444416,3.099584469,0
22.43744,24.47089,41.72788,1794.36846,-0.30576,64.82369,8.294122467,3.08977885,0
22.44765,24.49441,41.71276,1789.82247,-0.33892,64.83748,8.269713878,3.080686009,0
22.45783,24.51787,41.6961,1785.29817,-0.37345,64.85126,8.247263973,3.072322829,0
22.46799,24.54128,41.67783,1780.79477,-0.40924,64.86503,8.226812969,3.064704291,0
22.47811,24.56463,41.65792,1776.31148,-0.44621,64.87878,8.208396093,3.05784352,0
22.4882,24.58793,41.63632,1771.84742,-0.48426,64.89253,8.192043696,3.051751822,0
22.49826,24.61118,41.61298,1767.4017,-0.5233,64.90626,8.177781363,3.046438728,0
22.50829,24.63437,41.58788,1762.97338,-0.56322,64.91998,8.165630013,3.04191203,0
22.51829,24.6575,41.56098,1758.56149,-0.60394,64.93369,8.155605992,3.038177819,0
22.52826,24.68059,41.53227,1754.16502,-0.64533,64.94738,8.14772116,3.035240512,0
22.5382,24.70362,41.50171,1749.78295,-0.68731,64.96107,8.141982965,3.033102883,0
22.54811,24.72659,41.46929,1745.4142,-0.72977,64.97474,8.138394509,3.031766089,0
22.55799,24.74952,41.43501,1741.05767,-0.7726,64.98841,8.136954605,3.031229686,0
22.56784,24.77239,41.39886,1736.71226,-0.81569,65.00206,8.13765782,3.031491653,0
22.57766,24.7952,41.36084,1732.37682,-0.85895,65.0157,8.140494516,3.032548397,0
22.58745,24.81797,41.32096,1728.05019,-0.90227,65.02933,8.145450871,3.034394769,0
22.59721,24.84068,41.27921,1723.7312,-0.94554,65.04295,8.152508897,3.03702407,0
22.60694,24.86334,41.23563,1719.41864,-0.98866,65.05656,8.161646452,3.040428049,0
22.61665,24.88594,41.19022,1715.11132,-1.03152,65.07015,8.172837237,3.044596911,0
22.62632,24.90849,41.14301,1710.80802,-1.07401,65.08374,8.186050791,3.049519307,0
22.63596,24.93099,41.09402,1706.5075,-1.11604,65.09731,8.201252479,3.055182337,0
22.64558,24.95344,41.0433,1702.20854,-1.1575,65.11088,8.21840348,3.061571536,0
22.65516,24.97583,40.99088,1697.90991,-1.1983,65.12443,8.237460763,3.068670875,0
22.66472,24.99818,40.93679,1693.61037,-1.23832,65.13797,8.258377068,3.076462749,0
22.67425,25.02047,40.88109,1689.30868,-1.27749,65.1515,8.281100891,3.084927971,0
22.68375,25.0427,40.82382,1685.00363,-1.31569,65.16501,8.305576461,3.094045765,0
22.69322,25.06488,40.76504,1680.694,-1.35284,65.17852,8.331743729,3.103793761,0
22.70266,25.08701,40.7048,1676.37858,-1.38885,65.19201,8.359538362,3.114147993,0
22.71207,25.10909,40.64317,1672.05617,-1.42363,65.20549,8.388891742,3.125082899,0
22.72145,25.13111,40.5802,1667.72562,-1.45709,65.21896,8.419730976,3.136571325,0
22.7308,25.15309,40.51597,1663.38576,-1.48916,65.23241,8.451978924,3.148584534,0
22.74012,25.175,40.45054,1659.03546,-1.51976,65.24585,8.485554234,3.161092221,0
22.74942,25.19686,40.38399,1654.67363,-1.54881,65.25928,8.520371398,3.17406253,0
22.75868,25.21867,40.3164,1650.2992,-1.57625,65.2727,8.556340824,3.187462088,0
22.76792,25.24043,40.24783,1645.91112,-1.602,65.2861,8.593368938,3.201256035,0
22.77712,25.26213,40.17838,1641.5084,-1.62601,65.29948,8.631358294,3.215408069,0
22.7863,25.28378,40.10813,1637.09009,-1.64823,65.31286,8.670207722,3.229880503,0
22.79545,25.30537,40.03715,1632.65526,-1.66859,65.32622,8.709812497,3.244634324,0
22.80457,25.3269,39.96553,1628.20306,-1.68706,65.33956,8.750064535,3.259629267,0
22.81366,25.34839,39.89337,1623.73266,-1.70359,65.35289,8.790852623,3.274823903,0
22.82271,25.36981,39.82075,1619.2433,-1.71814,65.3662,8.832062673,3.290175731,0
22.83174,25.39118,39.74775,1614.73427,-1.7307,65.3795,8.873578012,3.305641287,0
22.84074,25.4125,39.67447,1610.20493,-1.74124,65.39279,8.9152797,3.321176263,0
22.84971,25.43376,39.601,1605.65468,-1.74973,65.40605,8.957046883,3.336735638,0
22.85865,25.45496,39.52742,1601.08302,-1.75617,65.4193,8.998757171,3.352273818,0
22.86756,25.4761,39.45383,1596.48947,-1.76055,65.43253,9.040287049,3.36774479,0
22.87644,25.49719,39.38031,1591.87366,-1.76288,65.44575,9.081512317,3.383102287,0
22.88529,25.51822,39.30695,1587.23526,-1.76317,65.45895,9.122308555,3.398299959,0
22.89411,25.53919,39.23383,1582.57405,-1.76142,65.47213,9.162551614,3.413291557,0
22.9029,25.56011,39.16104,1577.88984,-1.75767,65.48529,9.202118124,3.428031124,0
22.91166,25.58097,39.08866,1573.18254,-1.75193,65.49843,9.240886027,3.442473187,0
22.92039,25.60176,39.01678,1568.45215,-1.74426,65.51156,9.27873512,3.45657297,0
22.92908,25.6225,38.94547,1563.6987,-1.73469,65.52467,9.315547607,3.470286591,0
22.93775,25.64318,38.8748,1558.92235,-1.72326,65.53775,9.351208668,3.483571274,0
22.94639,25.6638,38.80485,1554.12329,-1.71004,65.55082,9.385607013,3.496385563,0
22.95499,25.68436,38.73569,1549.30183,-1.69509,65.56387,9.418635448,3.508689524,0
22.96357,25.70486,38.66738,1544.45831,-1.67848,65.57689,9.450191425,3.520444955,0
22.97211,25.7253,38.59999,1539.59319,-1.66028,65.5899,9.480177578,3.531615586,0
22.98062,25.74568,38.53358,1534.70696,-1.64057,65.60288,9.508502245,3.54216727,0
22.9891,25.766,38.4682,1529.80022,-1.61943,65.61585,9.535079962,3.552068169,0
22.99755,25.78625,38.4039,1524.87359,-1.59697,65.62879,9.55983193,3.561288928,0
23.00597,25.80645,38.34072,1519.92781,-1.57327,65.64171,9.582686444,3.569802836,0
23.01436,25.82658,38.27872,1514.96365,-1.54844,65.65461,9.603579291,3.577585971,0
23.02271,25.84665,38.21792,1509.98195,-1.52258,65.66749,9.622454096,3.584617333,0
23.03104,25.86666,38.15837,1504.98359,-1.4958,65.68034,9.639262631,3.590878954,0
23.03933,25.8866,38.10007,1499.96954,-1.46822,65.69317,9.653965064,3.596355998,0
23.04759,25.90649,38.04307,1494.94077,-1.43995,65.70598,9.666530164,3.601036828,0
23.05582,25.9263,37.98738,1489.89834,-1.41111,65.71877,9.676935444,3.604913068,0
23.06402,25.94606,37.93301,1484.84332,-1.38182,65.73153,9.685167253,3.607979634,0
23.07218,25.96575,37.87996,1479.77684,-1.35221,65.74427,9.691220809,3.610234743,0
23.08032,25.98538,37.82824,1474.70004,-1.32239,65.75699,9.695100173,3.611679908,0
23.08842,26.00494,37.77786,1469.61409,-1.29249,65.76968,9.696818167,3.612319906,0
23.09649,26.02444,37.72879,1464.52019,-1.26264,65.78235,9.69639624,3.612162727,0
23.10453,26.04388,37.68104,1459.41957,-1.23296,65.795,9.693864272,3.611219502,0
23.11254,26.06325,37.63458,1454.31344,-1.20358,65.80762,9.689260335,3.609504415,0
23.12051,26.08255,37.58939,1449.20304,-1.17461,65.82022,9.6826304,3.607034589,0
23.12845,26.1018,37.54545,1444.08961,-1.14618,65.83279,9.674028002,3.60382997,0
23.13636,26.12097,37.50272,1438.97439,-1.11841,65.84534,9.663513862,3.599913176,0
23.14424,26.14009,37.46117,1433.85861,-1.09141,65.85787,9.651155473,3.595309351,0
23.15209,26.15913,37.42077,1428.74348,-1.06529,65.87037,9.637026655,3.590045994,0
23.15991,26.17812,37.38147,1423.63022,-1.04018,65.88285,9.621207078,3.584152786,0
23.16769,26.19703,37.34322,1418.52002,-1.01616,65.89531,9.603781767,3.577661399,0
23.17544,26.21589,37.30598,1413.41402,-0.99335,65.90774,9.584840591,3.570605312,0
23.18316,26.23467,37.2697,1408.31339,-0.97183,65.92015,9.564477728,3.56301961,0
23.19085,26.2534,37.23431,1403.21922,-0.95171,65.93254,9.542791137,3.554940784,0
23.19851,26.27206,37.19975,1398.13259,-0.93307,65.9449,9.519882015,3.546406534,0
23.20614,26.29065,37.16598,1393.05455,-0.91599,65.95724,9.495854263,3.537455564,0
23.21373,26.30918,37.13292,1387.98609,-0.90055,65.96956,9.47081395,3.528127389,0
23.2213,26.32765,37.10051,1382.92817,-0.88682,65.98185,9.444868796,3.518462136,0
23.22883,26.34605,37.06869,1377.88172,-0.87486,65.99412,9.418127654,3.508500357,0
23.23633,26.36438,37.03738,1372.8476,-0.86473,66.00637,9.390700025,3.498282843,0
23.2438,26.38265,37.00651,1367.82663,-0.85648,66.0186,9.362695574,3.487850449,0
23.25124,26.40086,36.97601,1362.81961,-0.85016,66.0308,9.334223685,3.477243921,0
23.25865,26.41901,36.94582,1357.82724,-0.84581,66.04298,9.305393023,3.466503741,0
23.26603,26.43709,36.91586,1352.85021,-0.84345,66.05514,9.276311132,3.455669971,0
23.27338,26.4551,36.88605,1347.88913,-0.84312,66.06728,9.247084055,3.444782116,0
23.2807,26.47306,36.85633,1342.94458,-0.84484,66.0794,9.21781598,3.433878988,0
23.28798,26.49095,36.82663,1338.01708,-0.84861,66.09149,9.188608913,3.422998587,0
23.29524,26.50878,36.79686,1333.10707,-0.85445,66.10357,9.159562387,3.412177992,0
23.30247,26.52654,36.76696,1328.21498,-0.86235,66.11562,9.130773182,3.401453255,0
23.30966,26.54424,36.73687,1323.34115,-0.87231,66.12766,9.102335089,3.390859317,0
23.31683,26.56188,36.7065,1318.48589,-0.88432,66.13967,9.074338689,3.380429922,0
23.32397,26.57946,36.6758,1313.64943,-0.89835,66.15166,9.046871164,3.370197546,0
23.33108,26.59698,36.64469,1308.83199,-0.91439,66.16364,9.020016127,3.360193338,0
23.33816,26.61443,36.61311,1304.03369,-0.9324,66.17559,8.993853479,3.350447064,0
23.34521,26.63183,36.58101,1299.25462,-0.95235,66.18752,8.96845929,3.34098706,0
23.35223,26.64916,36.54831,1294.49483,-0.9742,66.19944,8.94390569,3.331840198,0
23.35922,26.66643,36.51496,1289.7543,-0.9979,66.21133,8.920260795,3.323031852,0
23.36618,26.68364,36.4809,1285.03296,-1.02341,66.22321,8.897588633,3.314585876,0
23.37311,26.70079,36.44609,1280.33072,-1.05065,66.23507,8.875949102,3.306524581,0
23.38002,26.71788,36.41046,1275.64741,-1.07958,66.24691,8.85539793,3.298868729,0
23.3869,26.73491,36.37397,1270.98283,-1.11013,66.25873,8.835986653,3.291637517,0
23.39374,26.75187,36.33657,1266.33673,-1.14224,66.27053,8.817762606,3.28484858,0
23.40056,26.76878,36.29822,1261.70883,-1.17582,66.28232,8.800768919,3.278517985,0
23.40736,26.78563,36.25888,1257.09878,-1.2108,66.29409,8.785044529,3.272660235,0
23.41412,26.80242,36.21852,1252.50623,-1.24711,66.30584,8.770624189,3.267288279,0
23.42086,26.81916,36.17709,1247.93075,-1.28465,66.31757,8.757538493,3.262413513,0
23.42756,26.83583,36.13458,1243.37189,-1.32335,66.32929,8.745813902,3.258045795,0
23.43424,26.85244,36.09094,1238.82918,-1.36311,66.34099,8.735472772,3.254193452,0
23.4409,26.869,36.04616,1234.30209,-1.40385,66.35267,8.726533391,3.250863297,0
23.44752,26.88549,36.00021,1229.79007,-1.44546,66.36433,8.719010012,3.248060641,0
23.45412,26.90193,35.95309,1225.29254,-1.48787,66.37598,8.712912897,3.245789305,0
23.46069,26.91831,35.90476,1220.80889,-1.53096,66.38761,8.70824835,3.244051638,0
23.46723,26.93464,35.85523,1216.33848,-1.57465,66.39923,8.705018767,3.242848533,0
23.47375,26.9509,35.80449,1211.88065,-1.61883,66.41082,8.70322267,3.24217944,0
23.48024,26.96711,35.75253,1207.43471,-1.6634,66.42241,8.70285476,3.242042384,0
23.4867,26.98326,35.69934,1202.99995,-1.70827,66.43397,8.703905954,3.242433982,0
23.49314,26.99935,35.64494,1198.57564,-1.75333,66.44552,8.706363435,3.243349458,0
23.49955,27.01538,35.58933,1194.16104,-1.79848,66.45705,8.710210698,3.244782665,0
23.50593,27.03136,35.53251,1189.75539,-1.84362,66.46857,8.715427599,3.246726097,0
23.51229,27.04728,35.4745,1185.35792,-1.88866,66.48007,8.721990405,3.249170915,0
23.51861,27.06315,35.41532,1180.96784,-1.93349,66.49155,8.729871849,3.25210696,0
23.52492,27.07895,35.35497,1176.58436,-1.97802,66.50302,8.739041184,3.255522779,0
23.53119,27.0947,35.29349,1172.20668,-2.02214,66.51447,8.749464248,3.259405645,0
23.53744,27.1104,35.2309,1167.83399,-2.06578,66.52591,8.761103522,3.26374158,0
23.54367,27.12603,35.16721,1163.4655,-2.10882,66.53732,8.773918202,3.268515386,0
23.54986,27.14161,35.10247,1159.10039,-2.15119,66.54873,8.787864279,3.273710667,0
23.55604,27.15713,35.0367,1154.73787,-2.1928,66.56011,8.802894614,3.279309862,0
23.56218,27.1726,34.96993,1150.37713,-2.23355,66.57148,8.818959032,3.28529428,0
23.5683,27.18801,34.90221,1146.01739,-2.27337,66.58283,8.836004421,3.291644136,0
23.57439,27.20336,34.83357,1141.65787,-2.31218,66.59416,8.853974833,3.298338587,0
23.58046,27.21866,34.76404,1137.29779,-2.34991,66.60548,8.872811609,3.305355782,0
23.5865,27.2339,34.69369,1132.93642,-2.38647,66.61678,8.892453498,3.312672903,0
23.59251,27.24908,34.62253,1128.57301,-2.42181,66.62806,8.912836804,3.32026622,0
23.5985,27.2642,34.55063,1124.20685,-2.45586,66.63933,8.933895526,3.328111149,0
23.60446,27.27927,34.47803,1119.83725,-2.48856,66.65058,8.955561531,3.336182305,0
23.6104,27.29428,34.40478,1115.46353,-2.51987,66.66181,8.97776472,3.344453578,0
23.61631,27.30924,34.33092,1111.08506,-2.54972,66.67302,9.000433221,3.35289819,0
23.6222,27.32414,34.25651,1106.70122,-2.57807,66.68422,9.023493586,3.361488783,0
23.62805,27.33898,34.1816,1102.31142,-2.60489,66.69539,9.046871007,3.370197488,0
23.63389,27.35376,34.10624,1097.91513,-2.63014,66.70655,9.070489542,3.378996013,0
23.63969,27.36848,34.03047,1093.51182,-2.6538,66.71769,9.094272349,3.387855735,0
23.64547,27.38315,33.95436,1089.10101,-2.67584,66.72881,9.118141944,3.396747787,0
23.65123,27.39776,33.87795,1084.68226,-2.69625,66.73991,9.142020454,3.40564316,0
23.65696,27.41232,33.8013,1080.25519,-2.71502,66.75099,9.165829895,3.414512803,0
23.66266,27.42681,33.72446,1075.81942,-2.73214,66.76205,9.189492448,3.423327727,0
23.66833,27.44125,33.64748,1071.37465,-2.74761,66.7731,9.21293075,3.432059111,0
23.67398,27.45563,33.5704,1066.9206,-2.76145,66.78412,9.23606819,3.440678416,0
23.67961,27.46995,33.49329,1062.45705,-2.77367,66.79512,9.258829207,3.449157494,0
23.68521,27.48421,33.41618,1057.98382,-2.78429,66.80611,9.281139592,3.457468699,0
23.69078,27.49842,33.33913,1053.50079,-2.79333,66.81707,9.302926797,3.465585006,0
23.69632,27.51256,33.26217,1049.00786,-2.80084,66.82801,9.324120234,3.47348012,0
23.70184,27.52665,33.18536,1044.505,-2.80684,66.83893,9.344651582,3.481128587,0
23.70734,27.54068,33.10874,1039.99223,-2.81139,66.84983,9.364455076,3.48850591,0
23.71281,27.55465,33.03235,1035.46961,-2.81453,66.86071,9.383467803,3.495588651,0
23.71825,27.56856,32.95622,1030.93723,-2.81633,66.87157,9.401629977,3.502354538,0
23.72366,27.58241,32.8804,1026.39527,-2.81684,66.8824,9.418885209,3.508782566,0
23.72905,27.5962,32.80491,1021.84392,-2.81613,66.89322,9.435180764,3.514853089,0
23.73441,27.60993,32.72979,1017.28344,-2.81428,66.90401,9.450467796,3.520547911,0
23.73975,27.6236,32.65508,1012.71412,-2.81135,66.91478,9.46470157,3.525850366,0
23.74506,27.63722,32.58079,1008.13629,-2.80745,66.92553,9.477841665,3.530745397,0
23.75034,27.65077,32.50695,1003.55034,-2.80264,66.93626,9.489852151,3.535219619,0
23.7556,27.66426,32.43359,998.95669,-2.79702,66.94696,9.500701744,3.539261378,0
0.0499,0.0499,50.02358,5266.66677,-0.21575,45.00008,22.24831004,8.288080878,0
0.09969,0.09969,50.01345,5254.2679,0.06863,45.00018,22.17531655,8.260888883,0
0.14936,0.14936,50.04231,5241.87203,0.35114,45.00028,21.98146771,8.188675088,0
0.19891,0.19891,50.10959,5229.54602,0.62983,45.00039,21.67223977,8.073479547,0
0.24834,0.24834,50.21445,5217.35344,0.90284,45.00051,21.2555607,7.918255628,0
0.29765,0.29766,50.35582,5205.35328,1.16846,45.00065,20.74140504,7.726719117,0
0.34685,0.34685,50.53243,5193.59894,1.42514,45.00079,20.14131842,7.503171062,0
0.39592,0.39593,50.74282,5182.13739,1.67152,45.00095,19.46790794,7.252307939,0
0.44488,0.4449,50.98535,5171.00872,1.90643,45.00113,18.73433385,6.979032288,0
0.49373,0.49375,51.25829,5160.24589,2.12893,45.00132,17.95383305,6.688275205,0
0.54247,0.54249,51.55981,5149.87472,2.3383,45.00153,17.13929836,6.384839601,0
0.59111,0.59113,51.88799,5139.91421,2.53401,45.00176,16.30292942,6.073270163,0
0.63964,0.63967,52.2409,5130.37688,2.71575,45.002,15.45596335,5.75775302,0
0.68816,0.68803,52.61004,5121.27913,2.78652,44.80339,14.62188467,5.447036763,-51.99999911
0.73676,0.73614,52.98743,5112.62204,2.84869,44.6153,13.81916865,5.148003927,-51.99999911
0.78542,0.78401,53.37194,5104.38976,2.90256,44.43737,13.04953703,4.861295896,-51.99999911
0.83415,0.83165,53.7625,5096.56549,2.94848,44.26919,12.31420054,4.587363709,-51.99999911
0.88293,0.87907,54.15808,5089.13182,2.98679,44.11036,11.61382678,4.326456052,-51.99999911
0.93176,0.9263,54.5577,5082.07103,3.01783,43.96043,10.94861873,4.078648553,-51.99999911
0.98065,0.97333,54.96044,5075.3653,3.04197,43.81899,10.31838889,3.843871353,-51.99999911
1.02958,1.02018,55.36543,5068.9969,3.05956,43.68561,9.722627503,3.621934563,-51.99999911
1.07855,1.06686,55.77183,5062.94839,3.07094,43.55985,9.160564519,3.412551312,-51.99999911
1.12756,1.11338,56.17888,5057.20273,3.07646,43.4413,8.631224773,3.215358329,-51.99999911
1.17661,1.15974,56.58583,5051.74339,3.07646,43.32955,8.133476537,3.029934015,-51.99999911
1.22569,1.20597,56.99201,5046.5544,3.07124,43.22421,7.666073598,2.855814122,-51.99999911
1.2748,1.25205,57.39677,5041.62045,3.06112,43.12491,7.227691258,2.692505165,-51.99999911
1.32394,1.29801,57.79951,5036.92691,3.04641,43.03127,6.816956719,2.539495743,-51.99999911
1.37311,1.34385,58.19965,5032.45983,3.02737,42.94294,6.432474385,2.396265957,-51.99999911
1.42229,1.38958,58.59667,5028.206,3.00427,42.85961,6.072846612,2.262295149,-51.99999911
1.4715,1.43519,58.99008,5024.1529,2.97739,42.78095,5.736690463,2.137068139,-51.99999911
1.52074,1.4807,59.37942,5020.28872,2.94694,42.70668,5.422650969,2.020080164,-51.99999911
1.56998,1.52612,59.76424,5016.60233,2.91317,42.6365,5.129411395,1.910840707,-51.99999911
1.61925,1.57145,60.14415,5013.08328,2.87628,42.57015,4.855700951,1.808876366,-51.99999911
1.66853,1.61669,60.51878,5009.72176,2.83647,42.5074,4.600300351,1.713732922,-51.99999911
1.71783,1.66184,60.88777,5006.50857,2.79394,42.44799,4.362045579,1.624976751,-51.99999911
1.76714,1.70692,61.25079,5003.4351,2.74887,42.39173,4.13983018,1.542195668,-51.99999911
1.81647,1.75193,61.60754,5000.4933,2.70141,42.33839,3.932606352,1.464999339,-51.99999911
1.8658,1.79686,61.95773,4997.67565,2.65173,42.28779,3.739385067,1.393019327,-51.99999911
1.91515,1.84173,62.3011,4994.97513,2.59997,42.23976,3.55923544,1.325908851,-51.99999911
1.9645,1.88653,62.63741,4992.38517,2.54626,42.19412,3.391283496,1.263342332,-51.99999911
2.01387,1.93128,62.96641,4989.89968,2.49074,42.15071,3.234710501,1.205014772,-51.99999911
2.06324,1.97597,63.28789,4987.51294,2.43352,42.1094,3.088750955,1.150641001,-51.99999911
2.11262,2.0206,63.60165,4985.21963,2.37471,42.07004,2.952690369,1.099954852,-51.99999911
2.16201,2.06518,63.90751,4983.0148,2.31442,42.03251,2.825862881,1.052708276,-51.99999911
2.21141,2.10971,64.20529,4980.89382,2.25275,41.99668,2.707648798,1.00867042,-51.99999911
2.26081,2.1542,64.49482,4978.85237,2.18978,41.96245,2.597472102,0.967626702,-51.99999911
2.31022,2.19863,64.77596,4976.88642,2.12559,41.92972,2.494797973,0.929377887,-51.99999911
2.35963,2.24303,65.04856,4974.99221,2.06028,41.89838,2.399130344,0.893739178,-51.99999911
2.40905,2.28738,65.31248,4973.16624,1.9939,41.86834,2.310009531,0.86053933,-51.99999911
2.45848,2.3317,65.56761,4971.40521,1.92654,41.83953,2.227009943,0.8296198,-51.99999911
2.5079,2.37597,65.81383,4969.70605,1.85825,41.81185,2.149737887,0.800833926,-51.99999911
2.55734,2.42021,66.05104,4968.06589,1.78911,41.78524,2.07782949,0.774046156,-51.99999911
2.60677,2.46442,66.27912,4966.48204,1.71915,41.75963,2.010948712,0.749131307,-51.99999911
2.65622,2.50859,66.49799,4964.95196,1.64844,41.73495,1.948785495,0.725973872,-51.99999911
2.70566,2.55272,66.70757,4963.47328,1.57703,41.71114,1.891054006,0.704467374,-51.99999911
2.75511,2.59683,66.90777,4962.04377,1.50497,41.68814,1.837491013,0.684513749,-51.99999911
2.80456,2.64091,67.09851,4960.66131,1.4323,41.6659,1.78785435,0.666022787,-51.99999911
2.85402,2.68495,67.27973,4959.32393,1.35906,41.64437,1.741921512,0.648911596,-51.99999911
2.90348,2.72897,67.45136,4958.02976,1.28529,41.62349,1.699488337,0.633104122,-51.99999911
2.95294,2.77297,67.61335,4956.777,1.21103,41.60322,1.6603678,0.618530692,-51.99999911
3.0024,2.81693,67.76563,4955.56397,1.13632,41.58352,1.624388893,0.605127603,-51.99999911
3.05187,2.86087,67.90816,4954.38908,1.06119,41.56434,1.591395603,0.592836734,-51.99999911
3.10134,2.90479,68.04088,4953.2508,0.98567,41.54566,1.561245976,0.581605205,-51.99999911
3.15082,2.94868,68.16376,4952.14765,0.90979,41.52742,1.53381126,0.571385051,-51.99999911
3.20029,2.99255,68.27676,4951.07825,0.83359,41.50959,1.508975129,0.562132939,-51.99999911
3.24978,3.0364,68.37984,4950.04125,0.75709,41.49214,1.486632979,0.5538099,-51.99999911
3.29926,3.08023,68.47297,4949.03535,0.68031,41.47504,1.466691298,0.5463811,-51.99999911
3.34875,3.12403,68.55612,4948.0593,0.60329,41.45825,1.449067099,0.539815622,-51.99999911
3.39824,3.16781,68.62926,4947.11187,0.52605,41.44175,1.433687416,0.534086285,-51.99999911
3.44773,3.21158,68.69238,4946.1919,0.44862,41.42549,1.420488864,0.529169477,-51.99999911
3.49723,3.25532,68.74544,4945.29821,0.37101,41.40946,1.409417255,0.525045011,-51.99999911
3.54673,3.29905,68.78844,4944.42967,0.29326,41.39362,1.400427268,0.521696005,-51.99999911
3.59623,3.34275,68.82136,4943.58516,0.21538,41.37795,1.393482174,0.519108775,-51.99999911
3.64574,3.38644,68.84418,4942.76358,0.1374,41.36241,1.388553614,0.517272756,-51.99999911
3.69525,3.43011,68.85691,4941.96383,0.05934,41.34699,1.385621423,0.516180438,-51.99999911
3.74476,3.47376,68.85954,4941.18482,-0.01878,41.33165,1.384673504,0.515827313,-51.99999911
3.79428,3.5174,68.85205,4940.42544,-0.09694,41.31637,1.385705754,0.516211854,-51.99999911
3.8438,3.56101,68.83446,4939.6846,-0.17511,41.30112,1.388722035,0.517335497,-51.99999911
3.89333,3.60461,68.80676,4938.96119,-0.25328,41.28587,1.393734186,0.519202656,-51.99999911
3.94286,3.6482,68.76896,4938.25408,-0.33141,41.27059,1.400762097,0.521820737,-51.99999911
3.9924,3.69176,68.72107,4937.56213,-0.4095,41.25526,1.409833811,0.525200189,-51.99999911
4.04194,3.73531,68.6631,4936.88417,-0.48751,41.23985,1.420985692,0.529354559,-51.99999911
4.09148,3.77884,68.59506,4936.21901,-0.56542,41.22433,1.434262631,0.534300568,-51.99999911
4.14103,3.82236,68.51697,4935.56542,-0.64322,41.20867,1.449718305,0.540058213,-51.99999911
4.19059,3.86586,68.42885,4934.92213,-0.72087,41.19283,1.467415485,0.546650878,-51.99999911
4.24015,3.90934,68.33072,4934.28784,-0.79835,41.1768,1.487426403,0.554105472,-51.99999911
4.28972,3.95281,68.2226,4933.66118,-0.87564,41.16053,1.509833167,0.562452581,-51.99999911
4.33929,3.99625,68.10454,4933.04073,-0.9527,41.144,1.534728235,0.571726649,-51.99999911
4.38887,4.03968,67.97655,4932.42503,-1.02952,41.12716,1.562214949,0.581966173,-51.99999911
4.43845,4.0831,67.83868,4931.81253,-1.10607,41.10998,1.592408131,0.593213928,-51.99999911
4.48805,4.12649,67.69096,4931.2016,-1.1823,41.09242,1.625434739,0.605517208,-51.99999911
4.53765,4.16987,67.53345,4930.59056,-1.25821,41.07445,1.661434597,0.618928102,-51.99999911
4.58725,4.21323,67.36618,4929.97761,-1.33374,41.05602,1.700561184,0.633503785,-51.99999911
4.63687,4.25657,67.18922,4929.36086,-1.40887,41.03708,1.742982509,0.649306845,-51.99999911
4.68649,4.29989,67.00261,4928.73831,-1.48356,41.01759,1.78888205,0.666405632,-51.99999911
4.73612,4.34319,66.80642,4928.10786,-1.55777,40.9975,1.838459774,0.684874639,-51.99999911
4.78576,4.38648,66.60072,4927.46727,-1.63147,40.97675,1.891933239,0.704794911,-51.99999911
4.83541,4.42974,66.38558,4926.81416,-1.70461,40.9553,1.949538774,0.726254489,-51.99999911
4.88507,4.47297,66.16108,4926.14601,-1.77714,40.93308,2.011532745,0.749348874,-51.99999911
4.93474,4.51619,65.9273,4925.46014,-1.84903,40.91002,2.078192902,0.774181537,-51.99999911
4.98442,4.55938,65.68434,4924.75369,-1.92021,40.88607,2.149819807,0.800864443,-51.99999911
5.03411,4.60255,65.43228,4924.02362,-1.99063,40.86115,2.226738341,0.829518621,-51.99999911
5.08381,4.64569,65.17125,4923.26667,-2.06024,40.83519,2.30929929,0.860274747,-51.99999911
5.13352,4.68881,64.90134,4922.47938,-2.12898,40.80809,2.397880994,0.893273762,-51.99999911
5.18325,4.7319,64.62269,4921.65804,-2.19678,40.77979,2.492891058,0.928667511,-51.99999911
5.23299,4.77495,64.33542,4920.79872,-2.26356,40.75018,2.594768103,0.966619391,-51.99999911
5.28274,4.81798,64.03968,4919.89717,-2.32926,40.71916,2.703983554,1.00730502,-51.99999911
5.33251,4.86098,63.73561,4918.94887,-2.3938,40.68663,2.821043425,1.050912902,-51.99999911
5.38229,4.90394,63.42338,4917.949,-2.45709,40.65248,2.946490077,1.097645081,-51.99999911
5.43209,4.94686,63.10316,4916.89239,-2.51904,40.61659,3.080903928,1.147717776,-51.99999911
5.4819,4.98975,62.77513,4915.7735,-2.57955,40.57881,3.22490504,1.20136198,-51.99999911
5.53174,5.0326,62.4395,4914.58643,-2.63852,40.53903,3.379154558,1.258823984,-51.99999911
5.58159,5.07541,62.09648,4913.32486,-2.69583,40.49708,3.544355915,1.320365836,-51.99999911
5.63146,5.11817,61.7463,4911.98203,-2.75138,40.45281,3.721255719,1.386265667,-51.99999911
5.68135,5.16088,61.38921,4910.55072,-2.80502,40.40605,3.910644249,1.456817878,-51.99999911
5.73126,5.20354,61.02547,4909.02325,-2.85663,40.35661,4.113355417,1.532333122,-51.99999911
5.78119,5.24615,60.65536,4907.39139,-2.90606,40.30431,4.330266083,1.613138052,-51.99999911
5.83115,5.2887,60.27918,4905.64638,-2.95316,40.24894,4.562294564,1.699574766,-51.99999911
5.88113,5.33119,59.89726,4903.77892,-2.99775,40.19027,4.810398148,1.791999879,-51.99999911
5.93114,5.37361,59.50994,4901.7791,-3.03968,40.12807,5.075569437,1.890783161,-51.99999911
5.98117,5.41596,59.1176,4899.63639,-3.07874,40.0621,5.358831264,1.996305645,-51.99999911
6.03123,5.45824,58.72062,4897.33966,-3.11475,39.99208,5.661229959,2.108957116,-51.99999911
6.08133,5.50045,58.31944,4894.87712,-3.1475,39.91774,5.983826677,2.229132881,-51.99999911
6.13145,5.54256,57.9145,4892.23635,-3.17675,39.83879,6.327686497,2.357229712,-51.99999911
6.18161,5.58459,57.50627,4889.40425,-3.20229,39.7549,6.693864999,2.493640838,-51.99999911
6.2318,5.62652,57.09528,4886.36711,-3.22387,39.66576,7.08339199,2.638749892,-51.99999911
6.28203,5.66836,56.68207,4883.11057,-3.24124,39.57102,7.497252088,2.792923667,-51.99999911
6.3323,5.71008,56.26721,4879.61967,-3.25412,39.47031,7.936361878,2.956503618,-51.99999911
6.38261,5.75168,55.85131,4875.87891,-3.26225,39.36328,8.401543397,3.129795973,-51.99999911
6.43296,5.79316,55.43503,4871.87229,-3.26533,39.24953,8.893493779,3.313060435,-51.99999911
6.48335,5.83451,55.01904,4867.58337,-3.26308,39.12868,9.412750977,3.506497403,-51.99999911
6.5338,5.87572,54.60407,4862.99542,-3.25519,39.0003,9.959655638,3.710233779,-51.99999911
6.58429,5.91678,54.19089,4858.09147,-3.24137,38.864,10.53430934,3.924307403,-51.99999911
6.63483,5.95768,53.78028,4852.85453,-3.22131,38.71935,11.13652966,4.148650319,-51.99999911
6.68543,5.9984,53.37308,4847.2677,-3.19471,38.56595,11.7658028,4.383071118,-51.99999911
6.73608,6.03895,52.97017,4841.3144,-3.16127,38.40339,12.42123469,4.627236745,-51.99999911
6.78679,6.07931,52.57245,4834.97859,-3.12071,38.23128,13.10150213,4.880654264,-51.99999911
6.83756,6.11946,52.18084,4828.24505,-3.07275,38.04923,13.80480541,5.14265324,-51.99999911
6.88839,6.15939,51.79633,4821.09961,-3.01715,37.8569,14.52882474,5.412369491,-51.99999911
6.93928,6.1991,51.41991,4813.52951,-2.95367,37.65397,15.27068279,5.688731135,-51.99999911
6.99025,6.23856,51.05257,4805.5237,-2.88212,37.44015,16.0269161,5.970447942,-51.99999911
7.04128,6.27777,50.69537,4797.0732,-2.80236,37.21521,16.79345828,6.256005072,-51.99999911
7.09238,6.31671,50.34932,4788.17141,-2.71426,36.97897,17.56563797,6.543662324,-51.99999911
7.14355,6.35537,50.01548,4778.81451,-2.61776,36.73133,18.33819452,6.831459966,-51.99999911
7.1948,6.39373,49.69488,4769.00175,-2.51288,36.47226,19.1053138,7.11723208,-51.99999911
7.24612,6.43179,49.38854,4758.73578,-2.39967,36.2018,19.8606862,7.398628175,-51.99999911
7.29752,6.46952,49.09747,4748.02294,-2.27826,35.92008,20.59758795,7.673143467,-51.99999911
7.34899,6.50691,48.82262,4736.87345,-2.14887,35.62735,21.30898572,7.938157854,-51.99999911
7.40053,6.54395,48.56492,4725.30156,-2.01179,35.32394,21.98766332,8.190983119,-51.99999911
7.45215,6.58063,48.32525,4713.32568,-1.86739,35.01029,22.62636784,8.428917356,-51.99999911
7.50385,6.61693,48.10441,4700.96835,-1.71611,34.68694,23.217971,8.649305099,-51.99999911
7.55561,6.65285,47.90314,4688.25612,-1.55849,34.35455,23.75564034,8.849601075,-51.99999911
7.60745,6.68837,47.72209,4675.21939,-1.39514,34.01387,24.23301348,9.02743513,-51.99999911
7.65936,6.72348,47.56183,4661.89213,-1.22674,33.66573,24.64436804,9.180675526,-51.99999911
7.71133,6.75818,47.42281,4648.31143,-1.05403,33.31108,24.98477941,9.30748772,-51.99999911
7.76337,6.79246,47.30541,4634.51712,-0.87783,32.95091,25.25025881,9.406385782,-51.99999911
7.81547,6.8263,47.20987,4620.55115,-0.69897,32.5863,25.43786472,9.476273917,-51.99999911
7.86763,6.85972,47.13634,4606.45702,-0.51835,32.21834,25.54578219,9.516476014,-51.99999911
7.91984,6.8927,47.08484,4592.27918,-0.33687,31.84821,25.57336618,9.526751778,-51.99999911
7.9721,6.92524,47.05529,4578.06229,-0.15544,31.47704,25.52114705,9.507298778,-51.99999911
8.0244,6.95734,47.04749,4563.85069,0.02502,31.10601,25.39079847,9.458740503,-51.99999911
8.07675,6.98901,47.06115,4549.68765,0.20361,30.73624,25.18507019,9.382101303,-51.99999911
8.12913,7.02024,47.09585,4535.61488,0.37948,30.36886,24.90768971,9.278769778,-51.99999911
8.18155,7.05105,47.15109,4521.67198,0.55179,30.00492,24.56323866,9.150452698,-51.99999911
8.23399,7.08142,47.22627,4507.89598,0.71977,29.64541,24.15701029,8.999121941,-51.99999911
8.28646,7.11138,47.32073,4494.32097,0.88271,29.29128,23.69485537,8.826957076,-51.99999911
8.33895,7.14093,47.43373,4480.97784,1.03995,28.94335,23.18302347,8.636286223,-51.99999911
8.39146,7.17007,47.56444,4467.89407,1.19092,28.60239,22.62800613,8.429527663,-51.99999911
8.44397,7.19882,47.71201,4455.09361,1.3351,28.26907,22.03638796,8.209134328,-51.99999911
8.4965,7.22718,47.87554,4442.59685,1.47207,27.94397,21.41471003,7.977542942,-51.99999911
8.54903,7.25517,48.05408,4430.42068,1.60146,27.62757,20.76934933,7.737129101,-51.99999911
8.60157,7.28279,48.24667,4418.57858,1.72299,27.32025,20.10641644,7.490169154,-51.99999911
8.6541,7.31007,48.45231,4407.08076,1.83645,27.02233,19.43167253,7.238809296,-51.99999911
8.70664,7.337,48.67003,4395.93437,1.94169,26.73401,18.75046589,6.985041899,-51.99999911
8.75916,7.36361,48.89882,4385.14374,2.03863,26.45544,18.06768705,6.730688817,-51.99999911
8.81168,7.38989,49.13768,4374.7106,2.12723,26.18668,17.38774123,6.477391108,-51.99999911
8.86419,7.41588,49.38564,4364.63437,2.20752,25.92773,16.71453616,6.226604505,-51.99999911
8.91669,7.44157,49.64172,4354.9124,2.27958,25.67853,16.05148313,5.979599807,-51.99999911
8.96918,7.46698,49.90499,4345.54025,2.34351,25.43897,15.40150906,5.737467364,-51.99999911
9.02166,7.49212,50.17449,4336.51195,2.39946,25.20889,14.76707722,5.50112481,-51.99999911
9.07412,7.517,50.44935,4327.82023,2.4476,24.98809,14.15021459,5.271327248,-51.99999911
9.12656,7.54163,50.72868,4319.45675,2.48815,24.77634,13.55254385,5.048679172,-51.99999911
9.17899,7.56603,51.01163,4311.41231,2.52132,24.5734,12.97531833,4.83364748,-51.99999911
9.2314,7.5902,51.2974,4303.67707,2.54734,24.37898,12.4194584,4.626575031,-51.99999911
9.2838,7.61415,51.5852,4296.24066,2.56647,24.19278,11.88558813,4.427694306,-51.99999911
9.33618,7.6379,51.87429,4289.0924,2.57897,24.01451,11.37407124,4.237140808,-51.99999911
9.38854,7.66145,52.16395,4282.2214,2.5851,23.84384,10.88504571,4.054965931,-51.99999911
9.44089,7.68481,52.4535,4275.61666,2.58512,23.68047,10.41845628,3.88114909,-51.99999911
9.49321,7.70799,52.74228,4269.26723,2.5793,23.52407,9.97408473,3.715608996,-51.99999911
9.54552,7.73099,53.02967,4263.16221,2.56791,23.37433,9.551577594,3.558213971,-51.99999911
9.59782,7.75383,53.3151,4257.29088,2.5512,23.23094,9.150471208,3.408791288,-51.99999911
9.65009,7.77652,53.598,4251.64276,2.52944,23.09357,8.770214135,3.267135523,-51.99999911
9.70235,7.79905,53.87784,4246.2076,2.50287,22.96194,8.410187001,3.133015943,-51.99999911
9.75459,7.82144,54.15412,4240.97546,2.47174,22.83575,8.069719872,3.00618298,-51.99999911
9.80682,7.84369,54.42638,4235.93674,2.43628,22.7147,7.748107322,2.886373842,-51.99999911
9.85903,7.8658,54.69416,4231.08216,2.39672,22.59854,7.444621365,2.773317338,-51.99999911
9.91122,7.8878,54.95705,4226.40281,2.35328,22.48698,7.158522447,2.666737964,-51.99999911
9.96339,7.90966,55.21466,4221.89011,2.30617,22.37977,6.889068685,2.566359347,-51.99999911
10.01555,7.93142,55.46659,4217.53589,2.2556,22.27666,6.635523536,2.471907108,-51.99999911
10.06768,7.9531,55.71535,4213.3263,2.25281,22.28218,6.39461268,2.382161476,0
10.11975,7.97478,55.96328,4209.24996,2.24509,22.28773,6.1635266,2.296075831,0
10.17176,7.99644,56.20986,4205.30259,2.23265,22.29331,5.942270471,2.213652101,0
10.22373,8.01809,56.4546,4201.47989,2.21568,22.29891,5.730775059,2.134864495,0
10.27564,8.03973,56.69701,4197.77754,2.19437,22.30456,5.52892169,2.059668804,0
10.32751,8.06136,56.93664,4194.19127,2.16891,22.31023,5.33655051,1.988005478,0
10.37933,8.08298,57.17306,4190.71686,2.1395,22.31594,5.153467999,1.919802425,0
10.4311,8.10459,57.40586,4187.35015,2.10631,22.32168,4.979453725,1.85497753,0
10.48283,8.12619,57.63464,4184.08707,2.06953,22.32746,4.814266371,1.793440894,0
10.53452,8.14778,57.85903,4180.92364,2.02934,22.33328,4.657649073,1.73509683,0
10.58617,8.16937,58.07868,4177.85598,1.98591,22.33913,4.509334091,1.679845596,0
10.63778,8.19094,58.29326,4174.88033,1.93939,22.34502,4.369046886,1.627584922,0
10.68934,8.21252,58.50244,4171.99303,1.88997,22.35095,4.236509637,1.578211309,0
10.74087,8.23408,58.70594,4169.19054,1.83778,22.35692,4.111444239,1.531621158,0
10.79237,8.25565,58.90347,4166.46943,1.78298,22.36293,3.993574858,1.487711712,0
10.84383,8.2772,59.09476,4163.82641,1.72572,22.36898,3.882630069,1.446381859,0
10.89525,8.29876,59.27957,4161.25828,1.66614,22.37507,3.77834463,1.407532789,0
10.94664,8.32031,59.45765,4158.76195,1.60437,22.38121,3.68046094,1.371068539,0
10.998,8.34185,59.6288,4156.33446,1.54054,22.38738,3.588730213,1.33689643,0
11.04933,8.3634,59.79281,4153.97292,1.47477,22.3936,3.502913418,1.304927415,0
11.10063,8.38494,59.94947,4151.67459,1.40719,22.39986,3.422781996,1.275076352,0
11.15189,8.40647,60.09862,4149.43677,1.33791,22.40616,3.348118419,1.247262205,0
11.20313,8.42801,60.24007,4147.25688,1.26705,22.41251,3.278716579,1.221408194,0
11.25434,8.44955,60.37368,4145.13243,1.19471,22.4189,3.214382064,1.197441895,0
11.30552,8.47108,60.4993,4143.06099,1.12099,22.42533,3.154932329,1.175295304,0
11.35667,8.49261,60.6168,4141.04021,1.046,22.43181,3.100196775,1.15490487,0
11.4078,8.51415,60.72605,4139.06781,0.96983,22.43833,3.050016765,1.136211496,0
11.4589,8.53568,60.82694,4137.14157,0.89258,22.4449,3.004245591,1.119160529,0
11.50998,8.55721,60.91936,4135.25933,0.81433,22.45151,2.96274839,1.10370173,0
11.56103,8.57875,61.00322,4133.41896,0.73518,22.45817,2.925402042,1.089789233,0
11.61205,8.60028,61.07844,4131.6184,0.65522,22.46488,2.892095036,1.077381496,0
11.66305,8.62182,61.14494,4129.85562,0.57451,22.47163,2.862727335,1.066441255,0
11.71403,8.64335,61.20265,4128.12861,0.49316,22.47843,2.83721023,1.056935462,0
11.76498,8.66489,61.25152,4126.43539,0.41124,22.48527,2.815466191,1.048835236,0
11.81591,8.68643,61.29149,4124.77401,0.32882,22.49216,2.797428733,1.042115808,0
11.86682,8.70797,61.32252,4123.14253,0.24599,22.49909,2.783042281,1.036756476,0
11.91771,8.72951,61.34458,4121.53902,0.16281,22.50607,2.772262051,1.032740557,0
11.96857,8.75105,61.35765,4119.96154,0.07938,22.5131,2.765053951,1.03005535,0
12.01941,8.7726,61.3617,4118.40817,-0.00424,22.52018,2.761394484,1.028692102,0
12.07023,8.79415,61.35673,4116.87696,-0.08798,22.5273,2.761270684,1.028645983,0
12.12103,8.8157,61.34274,4115.36595,-0.17175,22.53447,2.764680059,1.029916065,0
12.17181,8.83726,61.31972,4113.87318,-0.25549,22.54168,2.771630558,1.032505309,0
12.22256,8.85882,61.28771,4112.39664,-0.33912,22.54894,2.782140551,1.036420558,0
12.2733,8.88038,61.24671,4110.9343,-0.42256,22.55625,2.79623883,1.041672538,0
12.32401,8.90194,61.19677,4109.48408,-0.50574,22.56361,2.813964621,1.048275861,0
12.3747,8.92351,61.13791,4108.04388,-0.58858,22.57101,2.835367611,1.056249038,0
12.42538,8.94508,61.07018,4106.61152,-0.67101,22.57846,2.860507988,1.06561449,0
12.47603,8.96665,60.99365,4105.18478,-0.75293,22.58595,2.88945648,1.076398565,0
12.52666,8.98823,60.90837,4103.76138,-0.83428,22.59349,2.922294406,1.088631556,0
12.57727,9.00981,60.81442,4102.33896,-0.91497,22.60108,2.959113721,1.10234772,0
12.62786,9.03139,60.71187,4100.9151,-0.99492,22.60871,3.000017051,1.117585287,0
12.67843,9.05298,60.60083,4099.48729,-1.07403,22.61639,3.04511772,1.134386472,0
12.72898,9.07457,60.48138,4098.05292,-1.15222,22.62411,3.094539746,1.152797478,0
12.77951,9.09616,60.35364,4096.6093,-1.2294,22.63188,3.148417819,1.172868478,0
12.83001,9.11776,60.21774,4095.15364,-1.30547,22.63969,3.206897223,1.194653594,0
12.8805,9.13936,60.07379,4093.68303,-1.38033,22.64755,3.270133716,1.218210852,0
12.93096,9.16097,59.92195,4092.19446,-1.45388,22.65546,3.338293337,1.243602104,0
12.9814,9.18257,59.76236,4090.68478,-1.52603,22.6634,3.411552138,1.270892935,0
13.03182,9.20419,59.59519,4089.15072,-1.59664,22.6714,3.490095806,1.300152518,0
13.08222,9.2258,59.42061,4087.58888,-1.66563,22.67943,3.574119183,1.331453436,0
13.1326,9.24739,59.23737,4085.99899,-1.76004,22.62919,3.664580508,1.36515266,-49.99999915
13.18298,9.26893,59.04417,4084.38017,-1.85328,22.57743,3.762540547,1.401645352,-49.99999915
13.23337,9.29042,58.84115,4082.72782,-1.94524,22.52404,3.86839246,1.441077975,-49.99999915
13.28374,9.31186,58.62847,4081.03707,-2.03581,22.46888,3.982556128,1.483606945,-49.99999915
13.33412,9.33324,58.40628,4079.3028,-2.12487,22.41181,4.105481825,1.529400002,-49.99999915
13.3845,9.35456,58.17478,4077.51958,-2.21231,22.35269,4.237650907,1.578636462,-49.99999915
13.43487,9.37582,57.93414,4075.68169,-2.298,22.29135,4.379576325,1.631507415,-49.99999915
13.48524,9.39702,57.68458,4073.78306,-2.38181,22.22762,4.531802924,1.688215828,-49.99999915
13.53561,9.41816,57.42631,4071.8173,-2.46359,22.16134,4.694907457,1.748976558,-49.99999915
13.58598,9.43922,57.15958,4069.77763,-2.5432,22.09231,4.869498247,1.814016221,-49.99999915
13.63635,9.46022,56.88464,4067.65689,-2.62047,22.02034,5.056214396,1.8835729,-49.99999915
13.68671,9.48115,56.60176,4065.44751,-2.69525,21.94522,5.255724464,1.957895649,-49.99999915
13.73707,9.50199,56.31123,4063.1415,-2.76734,21.86673,5.468724489,2.037243763,-49.99999915
13.78744,9.52276,56.01335,4060.73044,-2.83658,21.78464,5.69593523,2.121885742,-49.99999915
13.8378,9.54344,55.70848,4058.20542,-2.90276,21.69869,5.938098499,2.212097932,-49.99999915
13.88816,9.56403,55.39694,4055.55709,-2.96568,21.60865,6.195972416,2.308162751,-49.99999915
13.93851,9.58453,55.07913,4052.77561,-3.02512,21.51422,6.470325429,2.410366467,-49.99999915
13.98887,9.60494,54.75544,4049.85065,-3.08085,21.41512,6.761928922,2.51899644,-49.99999915
14.03922,9.62524,54.4263,4046.77139,-3.13263,21.31106,7.071548222,2.634337776,-49.99999915
14.08957,9.64543,54.09215,4043.52654,-3.18023,21.20172,7.399931818,2.756669306,-49.99999915
14.13992,9.66551,53.75349,4040.10432,-3.22336,21.08677,7.747798597,2.886258834,-49.99999915
14.19026,9.68547,53.41082,4036.4925,-3.26178,20.96587,8.115822941,3.023357586,-49.99999915
14.2406,9.7053,53.06467,4032.67841,-3.29519,20.83867,8.504617504,3.16819379,-49.99999915
14.29094,9.725,52.71562,4028.64899,-3.32331,20.7048,8.914713572,3.320965366,-49.99999915
14.34127,9.74456,52.36425,4024.39086,-3.34584,20.56388,9.346538919,3.48183167,-49.99999915
14.3916,9.76397,52.01121,4019.89032,-3.36249,20.41553,9.800393171,3.65090432,-49.99999915
14.44191,9.78323,51.65714,4015.13349,-3.37293,20.25936,10.27642076,3.828237121,-49.99999915
14.49223,9.80233,51.30275,4010.10639,-3.37688,20.09496,10.77458167,4.01381517,-49.99999915
14.54253,9.82125,50.94876,4004.79503,-3.374,19.92195,11.29462036,4.207543265,-49.99999915
14.59283,9.83999,50.59592,3999.18553,-3.364,19.73993,11.83603327,4.409233819,-49.99999915
14.64311,9.85854,50.24502,3993.26434,-3.34658,19.5485,12.39803571,4.618594516,-49.99999915
14.69339,9.87689,49.89687,3987.01832,-3.32145,19.34729,12.979529,4.835216063,-49.99999915
14.74365,9.89503,49.55231,3980.43498,-3.28833,19.13595,13.57906887,5.05856044,-49.99999915
14.7939,9.91295,49.2122,3973.50267,-3.24697,18.91412,14.19483664,5.287950137,-49.99999915
14.84413,9.93064,48.87743,3966.21081,-3.19714,18.68149,14.8246145,5.52255896,-49.99999915
14.89434,9.94808,48.5489,3958.55012,-3.13863,18.4378,15.46576668,5.761405019,-49.99999915
14.94453,9.96527,48.22752,3950.51285,-3.07128,18.18281,16.11522834,6.003346572,-49.99999915
14.99469,9.98219,47.91422,3942.09305,-2.99497,17.91634,16.76950386,6.247081421,-49.99999915
15.04483,9.99884,47.60993,3933.28684,-2.90963,17.63825,17.42467658,6.491150496,-49.99999915
15.09494,10.0152,47.31556,3924.0926,-2.81524,17.3485,18.07643119,6.733946238,-49.99999915
15.14502,10.03125,47.03203,3914.51125,-2.71184,17.04708,18.72009044,6.973726244,-49.99999915
15.19506,10.047,46.76023,3904.54639,-2.59953,16.73409,19.35066662,7.208632461,-49.99999915
15.24506,10.06242,46.50104,3894.20457,-2.4785,16.4097,19.96292821,7.436716014,-49.99999915
15.29502,10.07751,46.2553,3883.49533,-2.34899,16.07417,20.55148113,7.655967461,-49.99999915
15.34493,10.09225,46.02379,3872.43132,-2.21134,15.72786,21.11086311,7.864351969,-49.99999915
15.39479,10.10664,45.80728,3861.02834,-2.06595,15.37121,21.63564918,8.059848588,-49.99999915
15.44459,10.12066,45.60645,3849.30531,-1.9133,15.00477,22.12056502,8.240492497,-49.99999915
15.49433,10.13432,45.42192,3837.28412,-1.75396,14.62916,22.56060456,8.404418803,-49.99999915
15.544,10.14759,45.25427,3824.98956,-1.58856,14.24511,22.95114737,8.549906278,-49.99999915
15.59361,10.16048,45.10396,3812.44899,-1.4178,13.85343,23.28807123,8.675419278,-49.99999915
15.64314,10.17297,44.9714,3799.69213,-1.24245,13.45499,23.56785491,8.779646062,-49.99999915
15.69258,10.18507,44.85688,3786.75065,-1.06332,13.05074,23.78766695,8.861531829,-49.99999915
15.74195,10.19676,44.76064,3773.65783,-0.88127,12.64169,23.94543607,8.920304977,-49.99999915
15.79122,10.20805,44.68279,3760.44809,-0.69719,12.22887,24.03990037,8.955495415,-49.99999915
15.8404,10.21894,44.62336,3747.15657,-0.51201,11.81336,24.07063302,8.966944137,-49.99999915
15.88948,10.22941,44.58229,3733.81863,-0.32664,11.39625,24.03804358,8.954803712,-49.99999915
15.93846,10.23949,44.55943,3720.46942,-0.14202,10.97863,23.94335524,8.919529815,-49.99999915
15.98734,10.24916,44.55453,3707.14343,0.04096,10.56158,23.78855957,8.861864354,-49.99999915
16.0361,10.25843,44.56726,3693.87404,0.22139,10.14614,23.57635123,8.782811162,-49.99999915
16.08476,10.2673,44.5972,3680.69318,0.39844,9.73334,23.31004617,8.683605523,-49.99999915
16.13329,10.27578,44.64387,3667.63101,0.5713,9.32413,22.9934873,8.565679015,-49.99999915
16.18171,10.28387,44.70671,3654.71559,0.7392,8.91943,22.63094186,8.430621299,-49.99999915
16.23002,10.29159,44.78511,3641.97269,0.90146,8.52007,22.22699493,8.280140438,-49.99999915
16.2782,10.29893,44.87838,3629.42563,1.05745,8.12681,21.78644314,8.116023305,-49.99999915
16.32626,10.30591,44.9858,3617.09517,1.20661,7.74035,21.31419226,7.940097428,-49.99999915
16.3742,10.31253,45.10662,3604.99943,1.34844,7.3613,20.81516172,7.754195421,-49.99999915
16.42201,10.3188,45.24004,3593.15395,1.48251,6.99017,20.2941985,7.560122915,-49.99999915
16.46971,10.32474,45.38523,3581.57166,1.60849,6.62742,19.7560021,7.359630594,-49.99999915
16.51728,10.33035,45.54135,3570.26304,1.72609,6.2734,19.20506153,7.154390736,-49.99999915
16.56473,10.33564,45.70756,3559.23616,1.83509,5.9284,18.64560476,6.945978369,-49.99999915
16.61207,10.34062,45.883,3548.49687,1.93534,5.59263,18.08156039,6.735856999,-49.99999915
16.65928,10.3453,46.06679,3538.04896,2.02675,5.26623,17.51653094,6.525368664,-49.99999915
16.70638,10.3497,46.25809,3527.89428,2.10929,4.94928,16.95377684,6.315727954,-49.99999915
16.75336,10.35381,46.45605,3518.033,2.18295,4.6418,16.3962098,6.108019561,-49.99999915
16.80023,10.35766,46.65983,3508.46372,2.24781,4.34375,15.84639442,5.903198866,-49.99999915
16.84699,10.36125,46.8686,3499.18369,2.30395,4.05505,15.30655654,5.70209505,-49.99999915
16.89364,10.36458,47.08157,3490.189,2.35151,3.77557,14.77859697,5.505416221,-49.99999915
16.94018,10.36768,47.29795,3481.47469,2.39065,3.50514,14.26410951,5.313756104,-49.99999915
16.98662,10.37054,47.51699,3473.03498,2.42156,3.24359,13.76440178,5.127601827,-49.99999915
17.03296,10.37318,47.73794,3464.86335,2.44446,2.99067,13.28051818,4.947342454,-49.99999915
17.07919,10.3756,47.96009,3456.95273,2.45956,2.74616,12.81326378,4.773277897,-49.99999915
17.12534,10.37781,48.18277,3449.2956,2.46712,2.50978,12.36322864,4.605627965,-49.99999915
17.17138,10.37983,48.40532,3441.88409,2.46739,2.28127,11.93081175,4.444541297,-49.99999915
17.21734,10.38165,48.62709,3434.7101,2.46062,2.06034,11.51624431,4.290104016,-49.99999915
17.26321,10.38329,48.8475,3427.76536,2.44708,1.8467,11.11961182,4.142347977,-49.99999915
17.30898,10.38475,49.06597,3421.04155,2.42705,1.64004,10.74087488,4.001258502,-49.99999915
17.35468,10.38604,49.28194,3414.5303,2.4008,1.44008,10.37988842,3.866781548,-49.99999915
17.40029,10.38716,49.4949,3408.22329,2.36859,1.24651,10.03641934,3.738830278,-49.99999915
17.44582,10.38812,49.70434,3402.1123,2.33069,1.05904,9.710162493,3.617291018,-49.99999915
17.49128,10.38892,49.90981,3396.1892,2.28736,0.87736,9.400755055,3.502028607,-49.99999915
17.53666,10.38958,50.11084,3390.44604,2.23888,0.70119,9.107789302,3.392891155,-49.99999915
17.58196,10.39009,50.30702,3384.875,2.18548,0.53025,8.830823894,3.289714254,-49.99999915
17.6272,10.39046,50.49795,3379.4685,2.12743,0.36426,8.569393749,3.192324646,-49.99999915
17.67236,10.39069,50.68326,3374.21913,2.06496,0.20293,8.323018614,3.100543426,-49.99999915
17.71745,10.39079,50.86258,3369.1197,1.99831,0.04602,8.091210452,3.014188786,-49.99999915
17.76248,10.39077,51.0356,3364.16323,1.92771,-0.10675,7.873479737,2.933078366,-49.99999915
17.80745,10.39062,51.20198,3359.34295,1.85339,-0.25562,7.669340796,2.857031239,-49.99999915
17.85235,10.39035,51.36144,3354.65233,1.77555,-0.40083,7.478316279,2.78586958,-49.99999915
17.89718,10.38996,51.51372,3350.08502,1.69441,-0.54262,7.299940875,2.719420049,-49.99999915
17.94196,10.38946,51.65854,3345.63489,1.61017,-0.68122,7.133764359,2.657514924,-49.99999915
17.98668,10.38884,51.79567,3341.296,1.52303,-0.81686,6.979354069,2.599993029,-49.99999915
18.03134,10.38812,51.92489,3337.0626,1.43317,-0.94974,6.836296875,2.54670046,-49.99999915
18.07595,10.38729,52.04599,3332.92911,1.34079,-1.08007,6.704200727,2.497491169,-49.99999915
18.1205,10.38635,52.15879,3328.89014,1.24605,-1.20807,6.582695845,2.452227404,-49.99999915
18.16499,10.38531,52.2631,3324.94044,1.14914,-1.33391,6.471435603,2.410780036,-49.99999915
18.20943,10.38417,52.35878,3321.07489,1.05021,-1.4578,6.370097153,2.373028797,-49.99999915
18.25382,10.38293,52.44567,3317.28852,0.94944,-1.57992,6.278381856,2.338862436,-49.99999915
18.29815,10.3816,52.52364,3313.57649,0.84697,-1.70045,6.196015534,2.308178813,-49.99999915
18.34244,10.38016,52.59257,3309.93403,0.74298,-1.81957,6.122748586,2.280884947,-49.99999915
18.38667,10.37863,52.65237,3306.35652,0.6376,-1.93745,6.058356005,2.256897017,-49.99999915
18.43085,10.37701,52.70292,3302.83936,0.53098,-2.05426,6.002637308,2.236140336,-49.99999915
18.47499,10.37529,52.74417,3299.37805,0.42327,-2.17017,5.955416407,2.218549308,-49.99999915
18.51907,10.37349,52.77603,3295.96816,0.31462,-2.28535,5.916541431,2.204067357,-49.99999915
18.56311,10.37159,52.79845,3292.60527,0.20515,-2.39994,5.88588453,2.192646854,-49.99999915
18.6071,10.36959,52.81138,3289.28501,0.09502,-2.51412,5.863341642,2.184249036,-49.99999915
18.65104,10.36751,52.8148,3286.00302,-0.01565,-2.62805,5.848832267,2.178843911,-49.99999915
18.69493,10.36534,52.80868,3282.75495,-0.12672,-2.74188,5.842299218,2.176410179,-49.99999915
18.73878,10.36308,52.79302,3279.53643,-0.23804,-2.85578,5.843708387,2.176935131,-49.99999915
18.78258,10.36072,52.76781,3276.34307,-0.3495,-2.96989,5.853048494,2.180414567,-49.99999915
18.82633,10.35828,52.73307,3273.17047,-0.46094,-3.08439,5.870330842,2.186852696,-49.99999915
18.87003,10.35574,52.68882,3270.01415,-0.57224,-3.19943,5.895589067,2.19626205,-49.99999915
18.91369,10.35312,52.63511,3266.86959,-0.68327,-3.31518,5.928878873,2.208663378,-49.99999915
18.95729,10.3504,52.57197,3263.7322,-0.79387,-3.4318,5.970277752,2.22408555,-49.99999915
19.00085,10.34759,52.49947,3260.59728,-0.90391,-3.54945,6.019884673,2.242565434,-49.99999915
19.04437,10.34469,52.41768,3257.46008,-1.01326,-3.66831,6.077819734,2.264147768,-49.99999915
19.08783,10.34169,52.32669,3254.3157,-1.12176,-3.78855,6.144223757,2.288885014,-49.99999915
19.13124,10.3386,52.22658,3251.15913,-1.22928,-3.91035,6.219257816,2.316837175,-49.99999915
19.17461,10.33541,52.11748,3247.98523,-1.33566,-4.03389,6.303102666,2.348071588,-49.99999915
19.21792,10.33213,51.9995,3244.78873,-1.44074,-4.15935,6.395958071,2.382662669,-49.99999915
19.26119,10.32874,51.87278,3241.56419,-1.54439,-4.28693,6.498041982,2.420691612,-49.99999915
19.3044,10.32526,51.73746,3238.30598,-1.64642,-4.41683,6.609589553,2.462246017,-49.99999915
19.34756,10.32167,51.59371,3235.00835,-1.74669,-4.54924,6.730851958,2.507419454,-49.99999915
19.39066,10.31799,51.4417,3231.66531,-1.84502,-4.68438,6.86209497,2.556310929,-49.99999915
19.43372,10.31419,51.28163,3228.2707,-1.94123,-4.82246,7.003597275,2.609024261,-49.99999915
19.47671,10.31029,51.11371,3224.81815,-2.03516,-4.9637,7.15564846,2.665667328,-49.99999915
19.51965,10.30627,50.93815,3221.30109,-2.1266,-5.10834,7.31854665,2.72635119,-49.99999915
19.56253,10.30215,50.75518,3217.71272,-2.21538,-5.25661,7.492595734,2.791189053,-49.99999915
19.60535,10.2979,50.56508,3214.04603,-2.30131,-5.40876,7.678102135,2.860295068,-49.99999915
19.64811,10.29354,50.3681,3210.29379,-2.38417,-5.56504,7.875371073,2.933782938,-49.99999915
19.6908,10.28906,50.16454,3206.44854,-2.46376,-5.72571,8.084702262,3.011764314,-49.99999915
19.73343,10.28446,49.9547,3202.5026,-2.53987,-5.89104,8.306385005,3.094346968,-49.99999915
19.776,10.27972,49.7389,3198.44811,-2.61229,-6.06131,8.540692621,3.18163272,-49.99999915
19.81849,10.27486,49.51748,3194.27696,-2.68079,-6.2368,8.78787618,3.2737151,-49.99999915
19.86091,10.26986,49.29082,3189.98088,-2.74514,-6.4178,9.048157493,3.370676738,-49.99999915
19.90326,10.26472,49.05928,3185.55143,-2.80511,-6.60462,9.321721343,3.472586469,-49.99999915
19.94553,10.25943,48.82326,3180.98001,-2.86046,-6.79754,9.608706941,3.579496156,-49.99999915
19.98772,10.254,48.58319,3176.25789,-2.91096,-6.99689,9.909198617,3.691437212,-49.99999915
20.02983,10.24842,48.3395,3171.37627,-2.95636,-7.20298,10.22321578,3.808416867,-49.99999915
20.07187,10.24277,48.09679,3166.31477,-2.89585,-7.20002,10.5444445,3.928083018,0
20.11384,10.23712,47.85985,3161.05736,-2.82668,-7.19707,10.86559666,4.047720647,0
20.15575,10.23149,47.62937,3155.60239,-2.74884,-7.19413,11.18488168,4.166662719,0
20.19759,10.22586,47.40607,3149.94922,-2.66239,-7.19119,11.50041546,4.284207353,0
20.23935,10.22025,47.19065,3144.09834,-2.56742,-7.18827,11.81020188,4.399610947,0
20.28104,10.21465,46.98378,3138.05138,-2.46408,-7.18536,12.11215352,4.512095875,0
20.32266,10.20905,46.78612,3131.81124,-2.35259,-7.18246,12.40411658,4.620859799,0
20.36419,10.20347,46.59831,3125.38206,-2.23322,-7.17957,12.68389999,4.725086482,0
20.40565,10.1979,46.42095,3118.7693,-2.10629,-7.1767,12.94930798,4.823957938,0
20.44701,10.19234,46.25462,3111.97972,-1.97219,-7.17385,13.19817556,4.916667661,0
20.4883,10.1868,46.09983,3105.02141,-1.83138,-7.17102,13.42840611,5.0024346,0
20.52949,10.18127,45.95708,3097.90367,-1.68437,-7.16821,13.63800988,5.080517518,0
20.57059,10.17575,45.82679,3090.63707,-1.53172,-7.16542,13.82514229,5.150229263,0
20.6116,10.17024,45.70936,3083.23326,-1.37405,-7.16266,13.98814086,5.210950521,0
20.65252,10.16475,45.60509,3075.70496,-1.21202,-7.15991,14.1255594,5.262142542,0
20.69333,10.15927,45.51426,3068.06578,-1.04634,-7.15719,14.2361982,5.303358407,0
20.73405,10.1538,45.43707,3060.33012,-0.87775,-7.1545,14.31912924,5.334252402,0
20.77467,10.14835,45.37365,3052.51302,-0.70701,-7.15183,14.37371533,5.354587155,0
20.81518,10.14292,45.32408,3044.62996,-0.53492,-7.14918,14.39962253,5.364238269,0
20.85559,10.13749,45.28837,3036.69676,-0.36227,-7.14656,14.39682547,5.363196293,0
20.8959,10.13209,45.26645,3028.72934,-0.18987,-7.14396,14.36560531,5.35156596,0
20.9361,10.12669,45.25821,3020.7436,-0.01851,-7.14139,14.30654054,5.329562778,0
20.97619,10.12132,45.26345,3012.75523,0.15102,-7.13885,14.22049116,5.297507119,0
21.01618,10.11595,45.28194,3004.77958,0.31796,-7.13633,14.1085768,5.255816076,0
21.05607,10.1106,45.31337,2996.83148,0.48159,-7.13383,13.97214981,5.204993434,0
21.09584,10.10527,45.35738,2988.92513,0.6412,-7.13135,13.81276432,5.145618147,0
21.13551,10.09995,45.41357,2981.074,0.79613,-7.1289,13.63214248,5.078331758,0
21.17508,10.09464,45.48148,2973.29069,0.94578,-7.12647,13.43213902,5.003825204,0
21.21453,10.08935,45.56063,2965.58692,1.08959,-7.12405,13.21470535,4.922825444,0
21.25389,10.08408,45.65048,2957.97342,1.22705,-7.12166,12.98185429,4.836082295,0
21.29314,10.07882,45.75047,2950.45989,1.35771,-7.11928,12.73562622,4.74435586,0
21.33229,10.07357,45.86,2943.05503,1.48117,-7.11692,12.47805771,4.648404815,0
21.37135,10.06833,45.97848,2935.76648,1.5971,-7.11457,12.21115306,4.548975809,0
21.4103,10.06311,46.10526,2928.60086,1.70521,-7.11224,11.93685923,4.446794143,0
21.44915,10.05791,46.2397,2921.56379,1.80528,-7.10992,11.65704457,4.342555816,0
21.48791,10.05271,46.38115,2914.65991,1.89713,-7.10761,11.37348121,4.236921004,0
21.52658,10.04753,46.52895,2907.89296,1.98064,-7.1053,11.08783142,4.130508941,0
21.56515,10.04236,46.68244,2901.26579,2.05572,-7.10301,10.80163746,4.023894163,0
21.60364,10.0372,46.84095,2894.78044,2.12235,-7.10071,10.51631495,3.917604019,0
21.64204,10.03206,47.00383,2888.43822,2.18052,-7.09843,10.23314922,3.812117334,0
21.68035,10.02693,47.17043,2882.23971,2.2303,-7.09614,9.953294518,3.707864095,0
21.71858,10.02181,47.34012,2876.18489,2.27175,-7.09385,9.67777552,3.605226019,0
21.75673,10.0167,47.51226,2870.27319,2.30499,-7.09156,9.407490816,3.504537855,0
21.7948,10.0116,47.68623,2864.50352,2.33015,-7.08927,9.143218021,3.406089285,0
21.83279,10.00651,47.86145,2858.87435,2.3474,-7.08698,8.885620124,3.310127291,0
21.8707,10.00143,48.03733,2853.38378,2.3569,-7.08468,8.635252753,3.216858858,0
21.90855,9.99636,48.21329,2848.02956,2.35887,-7.08237,8.392572064,3.126453916,0
21.94632,9.9913,48.38881,2842.80919,2.3535,-7.08005,8.157943005,3.039048418,0
21.98402,9.98626,48.56334,2837.71989,2.34103,-7.07773,7.931647715,2.954747468,0
22.02166,9.98122,48.73638,2832.75873,2.32169,-7.07539,7.7138939,2.873628442,0
22.05923,9.97619,48.90745,2827.9226,2.29572,-7.07304,7.504823012,2.795744036,0
22.09674,9.97116,49.07606,2823.20826,2.26336,-7.07067,7.304518147,2.721125203,0
22.13419,9.96615,49.24179,2818.61238,2.22486,-7.06829,7.113011535,2.649783952,0
22.17157,9.96115,49.40419,2814.13158,2.18049,-7.0659,6.930291601,2.581715968,0
22.2089,9.95615,49.56287,2809.7624,2.13048,-7.06348,6.756309526,2.516903067,0
22.24617,9.95116,49.71743,2805.50137,2.0751,-7.06105,6.5909853,2.455315444,0
22.28339,9.94618,49.86751,2801.34503,2.01459,-7.0586,6.434213268,2.396913737,0
22.32055,9.94121,50.01275,2797.28987,1.9492,-7.05613,6.285867149,2.341650904,0
22.35766,9.93625,50.15284,2793.33244,1.87919,-7.05364,6.145804567,2.289473907,0
22.39472,9.93129,50.28745,2789.46928,1.80478,-7.05112,6.013871108,2.240325222,0
22.43173,9.92634,50.4163,2785.69699,1.72624,-7.04858,5.889903919,2.194144183,0
22.46869,9.92139,50.53911,2782.01216,1.64378,-7.04602,5.773734895,2.150868164,0
22.5056,9.91646,50.65563,2778.41145,1.55765,-7.04344,5.665193469,2.110433627,0
22.54247,9.91153,50.76561,2774.89154,1.46807,-7.04083,5.564109057,2.072777024,0
22.57929,9.9066,50.86883,2771.44915,1.37527,-7.0382,5.470313167,2.037835587,0
22.61607,9.90168,50.96509,2768.08105,1.27947,-7.03554,5.383641217,2.005548006,0
22.65281,9.89677,51.0542,2764.78403,1.18087,-7.03285,5.3039341,1.975855007,0
22.6895,9.89187,51.13597,2761.55492,1.0797,-7.03013,5.231039499,1.94869985,0
22.72615,9.88697,51.21026,2758.39057,0.97617,-7.02739,5.164813004,1.924028738,0
22.76276,9.88208,51.2769,2755.28787,0.87047,-7.02462,5.105119039,1.901791166,0
22.79933,9.87719,51.33579,2752.24373,0.7628,-7.02182,5.051831631,1.881940204,0
22.83586,9.87231,51.38679,2749.25507,0.65338,-7.019,5.004835031,1.864432734,0
22.87236,9.86743,51.42981,2746.31883,0.54238,-7.01614,4.964024217,1.849229632,0
22.90881,9.86257,51.46475,2743.43194,0.43,-7.01326,4.929305277,1.836295913,0
22.94523,9.8577,51.49155,2740.59136,0.31644,-7.01035,4.900595706,1.825600843,0
22.98161,9.85284,51.51015,2737.79401,0.20189,-7.0074,4.877824614,1.817118012,0
23.01795,9.84799,51.52048,2735.03683,0.08652,-7.00443,4.860932855,1.810825387,0
23.05426,9.84315,51.52253,2732.31673,-0.02948,-7.00143,4.849873092,1.806705335,0
23.09053,9.83831,51.51626,2729.63059,-0.14592,-6.99839,4.8446098,1.80474462,0
23.12677,9.83347,51.50167,2726.97527,-0.26261,-6.99533,4.845119202,1.804934385,0
23.16297,9.82864,51.47876,2724.3476,-0.37938,-6.99224,4.85138916,1.80727011,0
23.19914,9.82382,51.44756,2721.74434,-0.49604,-6.98912,4.863419002,1.811751543,0
23.23527,9.819,51.40809,2719.16223,-0.6124,-6.98597,4.881219295,1.81838262,0
23.27137,9.81418,51.36039,2716.59793,-0.72829,-6.98278,4.904811553,1.827171357,0
23.30743,9.80938,51.30452,2714.04807,-0.84351,-6.97957,4.934227893,1.838129718,0
23.34346,9.80457,51.24055,2711.50918,-0.95787,-6.97633,4.969510606,1.851273457,0
23.37946,9.79978,51.16856,2708.97773,-1.07119,-6.97306,5.010711666,1.866621935,0
23.41542,9.79499,51.08865,2706.45011,-1.18328,-6.96976,5.057892143,1.884197904,0
23.45134,9.7902,51.00093,2703.92262,-1.29394,-6.96643,5.111121525,1.90402725,0
23.48724,9.78542,50.90552,2701.39149,-1.40297,-6.96308,5.170476937,1.926138703,0
23.52309,9.78065,50.80256,2698.85282,-1.51019,-6.95969,5.236042236,1.950563501,0
23.55892,9.77588,50.69219,2696.30263,-1.61537,-6.95628,5.307906971,1.977335006,0
23.59471,9.77111,50.57459,2693.73685,-1.71832,-6.95284,5.386165202,2.006488256,0
23.63046,9.76636,50.44993,2691.15129,-1.81884,-6.94937,5.470914151,2.03805947,0
23.66618,9.76161,50.31841,2688.54164,-1.9167,-6.94588,5.56225267,2.072085471,0
23.70186,9.75686,50.18024,2685.90351,-2.0117,-6.94236,5.660279519,2.108603052,0
23.7375,9.75212,50.03563,2683.23237,-2.1036,-6.93881,5.765091419,2.147648242,0
23.77311,9.74739,49.88484,2680.5236,-2.1922,-6.93524,5.876780882,2.189255506,0
23.80868,9.74266,49.72812,2677.77247,-2.27726,-6.93165,5.995433794,2.233456838,0
23.84422,9.73794,49.56573,2674.97415,-2.35856,-6.92803,6.121126735,2.280280765,0
23.87971,9.73322,49.39796,2672.1237,-2.43586,-6.92439,6.253924023,2.329751249,0
23.91517,9.72852,49.22513,2669.2161,-2.50893,-6.92073,6.393874495,2.381886482,0
23.95059,9.72381,49.04754,2666.24625,-2.57754,-6.91705,6.541007982,2.436697578,0
23.98596,9.71912,48.86553,2663.20897,-2.64144,-6.91335,6.69533153,2.49418716,0
24.0213,9.71443,48.67945,2660.09902,-2.70039,-6.90962,6.856825329,2.554347849,0
24.05659,9.70975,48.48968,2656.91115,-2.75417,-6.90588,7.025438405,2.617160656,0
24.09184,9.70507,48.29658,2653.64005,-2.80253,-6.90213,7.201084085,2.682593294,0
24.12705,9.7004,48.10057,2650.28043,-2.84524,-6.89835,7.38363528,2.750598417,0
24.16221,9.69574,47.90206,2646.82701,-2.88207,-6.89456,7.572919634,2.821111819,0
24.19732,9.69109,47.70147,2643.27459,-2.91279,-6.89076,7.768714624,2.894050605,0
24.23239,9.68645,47.49925,2639.61802,-2.93718,-6.88695,7.970742671,2.969311368,0
24.26741,9.68181,47.29585,2635.8523,-2.95504,-6.88312,8.178666373,3.046768417,0
24.30238,9.67718,47.09175,2631.97254,-2.96616,-6.87928,8.392083985,3.126272093,0
24.3373,9.67256,46.88743,2627.9741,-2.97036,-6.87543,8.610525262,3.207647217,0
24.37216,9.66794,46.68338,2623.85253,-2.96747,-6.87158,8.83344782,3.290691735,0
24.40697,9.66334,46.4801,2619.60368,-2.95733,-6.86772,9.060234176,3.37517562,0
24.44173,9.65874,46.27809,2615.22373,-2.93981,-6.86385,9.290189641,3.460840081,0
24.47643,9.65415,46.07789,2610.70925,-2.91479,-6.85998,9.522541228,3.547397161,0
24.51107,9.64958,45.88,2606.05721,-2.88219,-6.85611,9.756437765,3.634529775,0
24.54565,9.64501,45.68495,2601.26508,-2.84195,-6.85224,9.990951381,3.721892267,0
24.58017,9.64045,45.49325,2596.33085,-2.79403,-6.84837,10.2250805,3.809111525,0
24.61462,9.6359,45.30544,2591.25309,-2.73845,-6.8445,10.45775452,3.895788719,0
24.64901,9.63136,45.12202,2586.03098,-2.67523,-6.84063,10.68784021,3.981501693,0
24.68333,9.62683,44.9435,2580.66437,-2.60447,-6.83677,10.91414996,4.065808028,0
24.71758,9.62231,44.77038,2575.15382,-2.52626,-6.83291,11.13545182,4.148248795,0
24.75177,9.6178,44.60314,2569.50059,-2.44077,-6.82906,11.35048137,4.228352958,0
24.78588,9.6133,44.44225,2563.70674,-2.3482,-6.82522,11.55795518,4.305642413,0
24.81991,9.60882,44.28816,2557.77507,-2.24879,-6.82139,11.75658586,4.379637566,0
24.85387,9.60434,44.1413,2551.70918,-2.14282,-6.81757,11.94509825,4.449863391,0
24.88775,9.59988,44.00206,2545.51344,-2.03062,-6.81377,12.12224662,4.515855823,0
24.92155,9.59543,43.87083,2539.19301,-1.91256,-6.80998,12.28683243,4.577168367,0
24.95527,9.59099,43.74794,2532.75379,-1.78905,-6.8062,12.43772217,4.633378766,0
24.9889,9.58656,43.63371,2526.2024,-1.66055,-6.80244,12.57386499,4.684095546,0
25.02246,9.58215,43.52841,2519.54613,-1.52755,-6.79869,12.69430947,4.728964283,0
25.05592,9.57774,43.43229,2512.79293,-1.39056,-6.79496,12.79821919,4.767673391,0
25.0893,9.57336,43.34554,2505.95128,-1.25013,-6.79125,12.88488662,4.799959286,0
25.12259,9.56898,43.26832,2499.03018,-1.10686,-6.78756,12.95374479,4.825610766,0
25.15578,9.56462,43.20075,2492.03906,-0.96133,-6.78388,13.00437663,4.844472459,0
25.18889,9.56026,43.14291,2484.98769,-0.81416,-6.78023,13.03652149,4.856447268,0
25.2219,9.55593,43.09482,2477.88608,-0.66598,-6.77659,13.05007877,4.861497711,0
25.25482,9.5516,43.05649,2470.74445,-0.51743,-6.77297,13.04510848,4.859646145,0
25.28765,9.54729,43.02786,2463.57307,-0.36914,-6.76937,13.02182884,4.850973867,0
25.32038,9.543,43.00884,2456.38222,-0.22174,-6.76579,12.98061099,4.835619135,0
25.35302,9.53871,42.99929,2449.18209,-0.07585,-6.76223,12.92197097,4.813774185,0
25.38556,9.53445,42.99905,2441.9827,0.06792,-6.75869,12.84655928,4.785681345,0
25.41801,9.53019,43.0079,2434.79382,0.20899,-6.75517,12.7551484,4.751628387,0
25.45036,9.52595,43.0256,2427.62491,0.34679,-6.75166,12.64861864,4.71194325,0
25.48261,9.52172,43.05188,2420.48506,0.48078,-6.74817,12.52794276,4.666988307,0
25.51477,9.5175,43.08643,2413.3829,0.61046,-6.7447,12.39416972,4.617154331,0
25.54684,9.5133,43.12891,2406.3266,0.73537,-6.74124,12.2484082,4.562854331,0
25.57881,9.50912,43.17895,2399.32381,0.85505,-6.73779,12.09181006,4.504517403,0
25.61068,9.50494,43.23619,2392.38163,0.96913,-6.73436,11.92555426,4.442582741,0
25.64247,9.50078,43.30021,2385.50661,1.07723,-6.73094,11.75083154,4.377493933,0
25.67416,9.49663,43.37059,2378.70469,1.17904,-6.72753,11.56883018,4.309693636,0
25.70576,9.4925,43.4469,2371.98125,1.27429,-6.72413,11.3807229,4.239618725,0
25.73727,9.48837,43.52869,2365.34107,1.36273,-6.72074,11.1876553,4.167695963,0
25.76869,9.48426,43.6155,2358.78838,1.44417,-6.71735,10.99073572,4.094338239,0
25.80002,9.48017,43.70688,2352.32682,1.51844,-6.71397,10.79102674,4.01994139,0
25.83126,9.47608,43.80235,2345.9595,1.58543,-6.7106,10.58953819,3.944881602,0
25.86243,9.47201,43.90144,2339.68901,1.64504,-6.70722,10.3872217,3.869513386,0
25.8935,9.46795,44.00369,2333.51743,1.69723,-6.70385,10.18496674,3.794168094,0
25.9245,9.4639,44.10863,2327.44639,1.74197,-6.70048,9.983597994,3.719152937,0
25.95541,9.45986,44.21579,2321.47707,1.77927,-6.69711,9.78387392,3.644750464,0
25.98624,9.45583,44.32472,2315.61022,1.80917,-6.69373,9.586486495,3.571218455,0
26.017,9.45182,44.43496,2309.84625,1.83172,-6.69035,9.392061863,3.498790164,0
26.04768,9.44782,44.54607,2304.18518,1.84702,-6.68697,9.201161822,3.427674876,0
26.07828,9.44382,44.65761,2298.62672,1.85517,-6.68358,9.014285994,3.358058713,0
26.10881,9.43984,44.76917,2293.17031,1.85629,-6.68018,8.83187454,3.290105647,0
26.13927,9.43587,44.88032,2287.81509,1.85054,-6.67677,8.654311308,3.223958671,0
26.16966,9.43191,44.99067,2282.55999,1.83806,-6.67335,8.481927289,3.159741088,0
26.19998,9.42795,45.09983,2277.40371,1.81903,-6.66992,8.315004289,3.097557879,0
26.23023,9.42401,45.20742,2272.34478,1.79363,-6.66648,8.153778728,3.037497115,0
26.26041,9.42008,45.31308,2267.38153,1.76206,-6.66302,7.998445477,2.979631392,0
26.29053,9.41616,45.41647,2262.51216,1.72452,-6.65955,7.849161686,2.924019252,0
26.32059,9.41224,45.51724,2257.73476,1.68121,-6.65606,7.706050539,2.870706584,0
26.35058,9.40834,45.61508,2253.04727,1.63237,-6.65255,7.56920489,2.819727979,0
26.38051,9.40444,45.70968,2248.44754,1.57819,-6.64903,7.438690757,2.771108031,0
26.41038,9.40056,45.80076,2243.93335,1.51892,-6.64549,7.314550636,2.724862569,0
26.44019,9.39668,45.88803,2239.50239,1.45478,-6.64193,7.19680663,2.680999829,0
26.46995,9.39281,45.97124,2235.15229,1.386,-6.63834,7.08546337,2.639521535,0
26.49965,9.38895,46.05014,2230.88062,1.31281,-6.63474,6.980510723,2.600423913,0
26.52929,9.3851,46.1245,2226.68489,1.23544,-6.63111,6.881926297,2.56369862,0
26.55888,9.38125,46.1941,2222.5626,1.15413,-6.62746,6.78967773,2.529333602,0
26.58841,9.37742,46.25874,2218.51117,1.06912,-6.62378,6.70372477,2.497313862,0
26.61789,9.37359,46.31822,2214.528,0.98063,-6.62008,6.624021162,2.467622171,0
26.64732,9.36977,46.37238,2210.61048,0.88891,-6.61636,6.550516338,2.440239691,0
26.6767,9.36596,46.42106,2206.75595,0.79418,-6.61261,6.483156929,2.415146538,0
26.70603,9.36215,46.4641,2202.9617,0.69667,-6.60883,6.421888095,2.392322285,0
26.73531,9.35836,46.50137,2199.22504,0.59663,-6.60503,6.366654704,2.371746394,0
26.76454,9.35457,46.53276,2195.54321,0.49427,-6.6012,6.317402347,2.353398595,0
26.79373,9.35078,46.55816,2191.91345,0.38984,-6.59734,6.274078211,2.337259215,0
26.82286,9.34701,46.57747,2188.33296,0.28355,-6.59345,6.236631824,2.32330945,0
26.85195,9.34324,46.59062,2184.79889,0.17564,-6.58954,6.205015657,2.311531596,0
26.88099,9.33948,46.59755,2181.3084,0.06633,-6.5856,6.179185625,2.301909229,0
26.90999,9.33573,46.59818,2177.85859,-0.04414,-6.58163,6.159101462,2.29442735,0
26.93894,9.33199,46.5925,2174.44651,-0.15556,-6.57763,6.144726994,2.289072483,0
26.96784,9.32825,46.58047,2171.06921,-0.2677,-6.5736,6.136030307,2.285832738,0
26.9967,9.32452,46.56207,2167.72366,-0.38033,-6.56954,6.13298382,2.284697842,0
27.02552,9.32079,46.5373,2164.40682,-0.49322,-6.56546,6.135564263,2.285659124,0
27.05429,9.31708,46.50618,2161.11559,-0.60616,-6.56134,6.143752554,2.288709478,0
27.08302,9.31337,46.46872,2157.84681,-0.71891,-6.5572,6.157533594,2.293843278,0
27.11171,9.30966,46.42497,2154.59729,-0.83125,-6.55303,6.176895965,2.301056271,0
27.14035,9.30597,46.37496,2151.36379,-0.94296,-6.54883,6.201831537,2.310345428,0
27.16895,9.30228,46.31877,2148.143,-1.0538,-6.54459,6.232334979,2.321708762,0
27.1975,9.2986,46.25647,2144.93156,-1.16356,-6.54034,6.26840318,2.335145116,0
27.22601,9.29492,46.18814,2141.72606,-1.27199,-6.53605,6.310034569,2.350653904,0
27.25448,9.29126,46.11387,2138.52303,-1.37888,-6.53173,6.357228339,2.368234825,0
27.28291,9.2876,46.03379,2135.31895,-1.484,-6.52739,6.409983564,2.387887534,0
27.31129,9.28394,45.94802,2132.11022,-1.58712,-6.52302,6.468298213,2.409611276,0
27.33963,9.2803,45.85668,2128.89321,-1.688,-6.51863,6.532168061,2.433404475,0
27.36792,9.27666,45.75994,2125.66421,-1.78641,-6.5142,6.60158548,2.45926429,0
27.39617,9.27303,45.65794,2122.41949,-1.88214,-6.50975,6.676538127,2.487186122,0
27.42438,9.2694,45.55087,2119.15524,-1.97493,-6.50528,6.757007515,2.517163087,0
27.45254,9.26579,45.43891,2115.86762,-2.06457,-6.50078,6.842967476,2.549185434,0
27.48066,9.26218,45.32226,2112.55273,-2.15082,-6.49626,6.934382513,2.583239941,0
27.50873,9.25857,45.20113,2109.20667,-2.23346,-6.49171,7.031206041,2.619309252,0
27.53676,9.25498,45.07574,2105.82547,-2.31225,-6.48714,7.133378539,2.657371196,0
27.56474,9.25139,44.94633,2102.40517,-2.38697,-6.48255,7.240825607,2.697398056,0
27.59268,9.24781,44.81314,2098.94179,-2.4574,-6.47794,7.35345594,2.739355819,0
27.62056,9.24424,44.67643,2095.43134,-2.52331,-6.47331,7.471159254,2.7832034,0
27.6484,9.24067,44.53647,2091.86986,-2.58449,-6.46865,7.593804155,2.828891853,0
27.6762,9.23712,44.39355,2088.25341,-2.64072,-6.46398,7.721236002,2.876363569,0
27.70394,9.23357,44.24794,2084.57808,-2.6918,-6.45929,7.853274775,2.925551486,0
27.73163,9.23003,44.09995,2080.84001,-2.73754,-6.45459,7.989712992,2.976378311,0
27.75928,9.2265,43.94989,2077.03546,-2.77773,-6.44986,8.130313703,3.028755776,0
27.78687,9.22297,43.79809,2073.16072,-2.81219,-6.44513,8.274808618,3.082583934,0
27.81441,9.21946,43.64486,2069.21224,-2.84076,-6.44038,8.422896403,3.13775053,0
27.8419,9.21595,43.49055,2065.18659,-2.86327,-6.43562,8.574241205,3.194130451,0
27.86933,9.21245,43.33549,2061.0805,-2.87958,-6.43084,8.728471458,3.251585278,0
27.89671,9.20896,43.18004,2056.89089,-2.88955,-6.42606,8.885179031,3.309962972,0
27.92404,9.20548,43.02454,2052.61486,-2.89306,-6.42126,9.043918766,3.3690977,0
27.9513,9.20201,42.86936,2048.24977,-2.89003,-6.41646,9.204208486,3.428809838,0
27.97851,9.19854,42.71485,2043.79323,-2.88037,-6.41165,9.365529507,3.488906163,0
28.00567,9.19509,42.56137,2039.24312,-2.86403,-6.40684,9.527327724,3.549180256,0
28.03276,9.19165,42.40929,2034.59765,-2.84097,-6.40202,9.689015309,3.609413136,0
28.05979,9.18821,42.25897,2029.85535,-2.81118,-6.3972,9.849973061,3.669374134,0
28.08676,9.18478,42.11075,2025.01508,-2.77467,-6.39238,10.00955344,3.728822024,0
28.11366,9.18137,41.965,2020.07612,-2.7315,-6.38755,10.1670843,3.787506414,0
28.1405,9.17796,41.82206,2015.03812,-2.68172,-6.38273,10.32187329,3.845169387,0
28.16728,9.17457,41.68227,2009.90114,-2.62545,-6.37791,10.47321298,3.901547403,0
28.19399,9.17118,41.54597,2004.66568,-2.56281,-6.37309,10.62038656,3.956373434,0
28.22063,9.16781,41.41347,1999.33267,-2.49396,-6.36828,10.76267418,4.009379313,0
28.2472,9.16444,41.28507,1993.90349,-2.4191,-6.36347,10.89935972,4.060298275,0
28.2737,9.16109,41.16108,1988.37995,-2.33845,-6.35867,11.02973806,4.108867638,0
28.30013,9.15774,41.04177,1982.76435,-2.25226,-6.35387,11.15312254,4.154831603,0
28.32648,9.15441,40.9274,1977.05941,-2.16082,-6.34909,11.26885262,4.197944104,0
28.35277,9.15109,40.81822,1971.26827,-2.06444,-6.34431,11.37630156,4.237971659,0
28.37897,9.14778,40.71444,1965.39452,-1.96346,-6.33954,11.4748839,4.274696177,0
28.4051,9.14448,40.61626,1959.44215,-1.85826,-6.33478,11.56406273,4.307917637,0
28.43115,9.14119,40.52387,1953.41551,-1.74922,-6.33004,11.64335638,4.337456609,0
28.45713,9.13792,40.43743,1947.31933,-1.63678,-6.3253,11.71234459,4.363156529,0
28.48302,9.13465,40.35705,1941.15866,-1.52135,-6.32058,11.77067383,4.384885705,0
28.50883,9.1314,40.28285,1934.93883,-1.40341,-6.31587,11.81806184,4.402538987,0
28.53457,9.12816,40.2149,1928.66543,-1.28341,-6.31118,11.8543011,4.416039065,0
28.56022,9.12493,40.15327,1922.34427,-1.16185,-6.3065,11.87926123,4.425337371,0
28.58578,9.12172,40.09797,1915.98133,-1.03922,-6.30183,11.89289032,4.430414564,0
28.61127,9.11851,40.04901,1909.58274,-0.916,-6.29718,11.89521504,4.431280583,0
28.63667,9.11532,40.00638,1903.15468,-0.79271,-6.29254,11.88633968,4.42797428,0
28.66198,9.11214,39.97,1896.70342,-0.66983,-6.28792,11.86644406,4.420562636,0
28.68721,9.10898,39.93983,1890.23521,-0.54787,-6.2833,11.83578033,4.409139591,0
28.71235,9.10582,39.91574,1883.75628,-0.42731,-6.27871,11.79466895,4.393824522,0
28.73741,9.10268,39.89764,1877.27277,-0.30862,-6.27412,11.74349372,4.374760402,0
28.76238,9.09955,39.88536,1870.79072,-0.19227,-6.26955,11.68269613,4.3521117,0
28.78727,9.09643,39.87874,1864.31602,-0.07869,-6.26499,11.61276915,4.326062057,0
28.81207,9.09332,39.87761,1857.85439,0.03168,-6.26045,11.53425053,4.296811807,0
28.83679,9.09023,39.88175,1851.41133,0.13844,-6.25591,11.44771593,4.264575393,0
28.86141,9.08715,39.89095,1844.99211,0.24121,-6.25139,11.3537718,4.229578732,0
28.88596,9.08408,39.90497,1838.60177,0.33963,-6.24687,11.25304829,4.192056575,0
28.91042,9.08102,39.92356,1832.24505,0.43337,-6.24237,11.14619235,4.152249925,0
28.93479,9.07798,39.94646,1825.92643,0.52212,-6.23787,11.03386099,4.110403537,0
28.95908,9.07494,39.97339,1819.65009,0.60562,-6.23338,10.91671495,4.066763555,0
28.98329,9.07192,40.00406,1813.4199,0.6836,-6.22889,10.79541277,4.0215753,0
29.00741,9.06891,40.0382,1807.23942,0.75586,-6.22441,10.67060534,3.975081251,0
29.03145,9.06592,40.07549,1801.11192,0.8222,-6.21994,10.54293105,3.927519218,0
29.05541,9.06293,40.11563,1795.04036,0.88246,-6.21546,10.41301143,3.87912074,0
29.07929,9.05996,40.15832,1789.02736,0.93651,-6.21099,10.28144744,3.830109691,0
29.10309,9.05699,40.20325,1783.0753,0.98424,-6.20652,10.14881634,3.780701116,0
29.12681,9.05404,40.2501,1777.18621,1.02556,-6.20205,10.01566912,3.731100275,0
29.15045,9.0511,40.29857,1771.36188,1.06043,-6.19758,9.882528527,3.681501901,0
29.17401,9.04817,40.34835,1765.60381,1.08882,-6.1931,9.749887564,3.632089653,0
29.1975,9.04525,40.39912,1759.91322,1.11071,-6.18862,9.618208534,3.583035749,0
29.22091,9.04235,40.45059,1754.29112,1.12613,-6.18413,9.487922503,3.534500775,0
29.24425,9.03945,40.50246,1748.73825,1.13512,-6.17964,9.359429182,3.486633632,0
29.26751,9.03656,40.55442,1743.25512,1.13772,-6.17514,9.233097161,3.43957163,0
29.2907,9.03369,40.6062,1737.84205,1.13402,-6.17063,9.109264454,3.393440688,0
29.31382,9.03082,40.65751,1732.49914,1.12411,-6.16612,8.98823931,3.348355638,0
29.33687,9.02797,40.70808,1727.2263,1.1081,-6.16159,8.870301248,3.304420607,0
29.35985,9.02512,40.75763,1722.02327,1.08612,-6.15705,8.755702261,3.261729469,0
29.38276,9.02229,40.80592,1716.88962,1.0583,-6.15249,8.644668166,3.220366347,0
29.40561,9.01946,40.85268,1711.82476,1.02479,-6.14792,8.537400053,3.180406152,0
29.42838,9.01665,40.89769,1706.82795,0.98576,-6.14334,8.434075801,3.14191515,0
29.45109,9.01384,40.9407,1701.89833,0.94139,-6.13874,8.334851641,3.10495154,0
29.47374,9.01105,40.9815,1697.0349,0.89184,-6.13413,8.239863728,3.069566042,0
29.49632,9.00826,41.01987,1692.23655,0.83733,-6.12949,8.149229702,3.035802483,0
29.51884,9.00548,41.05562,1687.50206,0.77803,-6.12484,8.063050232,3.003698363,0
29.54129,9.00271,41.08855,1682.83009,0.71417,-6.12017,7.981410508,2.973285418,0
29.56369,8.99995,41.11849,1678.21921,0.64596,-6.11548,7.904381684,2.944590154,0
29.58602,8.9972,41.14526,1673.66793,0.5736,-6.11076,7.832022245,2.917634359,0
29.6083,8.99446,41.1687,1669.17462,0.49733,-6.10603,7.764379312,2.892435587,0
29.63051,8.99173,41.18868,1664.73762,0.41738,-6.10127,7.701489849,2.869007607,0
29.65267,8.989,41.20504,1660.35516,0.33396,-6.09649,7.643381801,2.84736083,0
29.67477,8.98629,41.21767,1656.02541,0.24733,-6.09168,7.590075128,2.827502692,0
29.69681,8.98358,41.22645,1651.74648,0.15771,-6.08686,7.541582758,2.809438008,0
29.7188,8.98088,41.23128,1647.51639,0.06535,-6.082,7.497911437,2.793169292,0
29.74073,8.9782,41.23206,1643.33312,-0.02951,-6.07712,7.459062497,2.77869704,0
29.7626,8.97551,41.22871,1639.19458,-0.12662,-6.07222,7.425032525,2.76601998,0
29.78442,8.97284,41.22117,1635.09862,-0.22575,-6.06729,7.39581394,2.755135288,0
29.80619,8.97018,41.20937,1631.04303,-0.32664,-6.06233,7.371395489,2.746038773,0
29.8279,8.96752,41.19326,1627.02555,-0.42904,-6.05735,7.351762639,2.738725019,0
29.84956,8.96487,41.17281,1623.04386,-0.5327,-6.05234,7.3368979,2.733187513,0
29.87116,8.96223,41.14798,1619.09559,-0.63738,-6.0473,7.326781052,2.729418721,0
29.89271,8.9596,41.11877,1615.17832,-0.74282,-6.04224,7.321389293,2.727410149,0
29.91421,8.95697,41.08516,1611.28958,-0.84877,-6.03715,7.320697309,2.727152367,0
29.93566,8.95436,41.04717,1607.42685,-0.95498,-6.03203,7.324677262,2.728635004,0
29.95706,8.95175,41.0048,1603.58756,-1.0612,-6.02689,7.333298705,2.731846718,0
29.97841,8.94915,40.95808,1599.7691,-1.16717,-6.02172,7.346528421,2.736775136,0
29.9997,8.94656,40.90705,1595.9688,-1.27265,-6.01652,7.364330194,2.743406764,0
30.02094,8.94397,40.85176,1592.18397,-1.37739,-6.01129,7.386664508,2.751726884,0
30.04214,8.9414,40.79226,1588.41187,-1.48112,-6.00604,7.413488179,2.761719407,0
30.06328,8.93883,40.72861,1584.64971,-1.58362,-6.00076,7.444753928,2.773366722,0
30.08437,8.93627,40.6609,1580.89468,-1.68462,-5.99545,7.480409889,2.786649505,0
30.10541,8.93371,40.58922,1577.14393,-1.78389,-5.99012,7.520399061,2.801546524,0
30.1264,8.93117,40.51365,1573.3946,-1.88117,-5.98476,7.564658711,2.818034408,0
30.14734,8.92863,40.43431,1569.64377,-1.97624,-5.97938,7.613119722,2.83608741,0
30.16823,8.9261,40.3513,1565.88853,-2.06884,-5.97397,7.665705907,2.855677147,0
30.18906,8.92358,40.26476,1562.12594,-2.15874,-5.96854,7.72233328,2.876772334,0
30.20985,8.92107,40.17482,1558.35305,-2.24572,-5.96309,7.782909299,2.899338495,0
30.23059,8.91856,40.08162,1554.56692,-2.32953,-5.95761,7.847332088,2.923337678,0
30.25127,8.91606,39.98531,1550.7646,-2.40997,-5.95211,7.915489646,2.948728162,0
30.2719,8.91358,39.88605,1546.94315,-2.4868,-5.94659,7.987259055,2.975464155,0
30.29248,8.91109,39.784,1543.09964,-2.55982,-5.94104,8.062505697,3.00349551,0
30.31301,8.90862,39.67935,1539.23119,-2.62882,-5.93548,8.141082489,3.032767432,0
30.33349,8.90616,39.57227,1535.33493,-2.6936,-5.92989,8.222829157,3.063220217,0
30.35392,8.9037,39.46296,1531.40804,-2.75398,-5.92429,8.307571558,3.094788991,0
30.37429,8.90125,39.3516,1527.44777,-2.80976,-5.91867,8.395121071,3.127403488,0
30.3946,8.89881,39.2384,1523.45141,-2.86077,-5.91303,8.485274068,3.160987851,0
30.41487,8.89638,39.12356,1519.41634,-2.90687,-5.90738,8.577811487,3.195460475,0
30.43508,8.89395,39.00731,1515.34002,-2.94788,-5.90171,8.672498519,3.230733886,0
30.45523,8.89154,38.88985,1511.22003,-2.98368,-5.89602,8.769084444,3.266714684,0
30.47533,8.88913,38.7714,1507.05402,-3.01414,-5.89033,8.867302606,3.303303534,0
30.49538,8.88673,38.65219,1502.83981,-3.03915,-5.88462,8.966870575,3.340395222,0
30.51537,8.88434,38.53244,1498.57532,-3.05861,-5.87889,9.067490491,3.377878788,0
30.5353,8.88196,38.41238,1494.25864,-3.07246,-5.87316,9.168849615,3.415637728,0
30.55517,8.87959,38.29224,1489.88801,-3.08061,-5.86742,9.270621097,3.453550283,0
30.57499,8.87722,38.17226,1485.46185,-3.08304,-5.86167,9.372464977,3.491489808,0
30.59474,8.87487,38.05264,1480.97875,-3.07972,-5.85591,9.474029416,3.529325234,0
30.61444,8.87252,37.93363,1476.43752,-3.07065,-5.85015,9.574952175,3.566921617,0
30.63408,8.87019,37.81545,1471.83716,-3.05583,-5.84438,9.674862323,3.604140776,0
30.65366,8.86786,37.69832,1467.17689,-3.03531,-5.83861,9.773382191,3.640842019,0
30.67317,8.86554,37.58246,1462.45615,-3.00914,-5.83283,9.870129546,3.676882955,0
30.69262,8.86323,37.46807,1457.67461,-2.97742,-5.82705,9.964719971,3.712120377,0
30.71201,8.86093,37.35538,1452.83219,-2.94024,-5.82127,10.05676944,3.746411226,0
30.73134,8.85864,37.24457,1447.92904,-2.89773,-5.81549,10.14589705,3.779613606,0
30.7506,8.85636,37.13585,1442.96557,-2.85004,-5.80972,10.23172789,3.811587853,0
30.7698,8.85409,37.02939,1437.94243,-2.79735,-5.80394,10.31389601,3.842197638,0
30.78893,8.85182,36.92537,1432.86051,-2.73984,-5.79816,10.3920474,3.871311089,0
30.80799,8.84957,36.82397,1427.72096,-2.67774,-5.79239,10.46584308,3.898801921,0
30.82699,8.84733,36.72532,1422.52517,-2.61129,-5.78663,10.53496204,3.92455055,0
30.84592,8.8451,36.62958,1417.27475,-2.54074,-5.78086,10.59910415,3.948445175,0
30.86478,8.84287,36.53688,1411.97156,-2.46637,-5.77511,10.65799297,3.970382811,0
30.88357,8.84066,36.44734,1406.61767,-2.38849,-5.76936,10.71137832,3.990270259,0
30.90229,8.83846,36.36105,1401.21537,-2.3074,-5.76361,10.75903865,4.008024985,0
30.92094,8.83626,36.27812,1395.76713,-2.22344,-5.75788,10.80078314,4.023575905,0
30.93952,8.83408,36.19862,1390.27561,-2.13695,-5.75215,10.83645349,4.03686405,0
30.95802,8.83191,36.12262,1384.74365,-2.04828,-5.74643,10.86592541,4.047843114,0
30.97645,8.82975,36.05016,1379.17423,-1.95782,-5.74072,10.88910964,4.056479852,0
30.99481,8.82759,35.98127,1373.57046,-1.86593,-5.73502,10.90595274,4.062754349,0
31.0131,8.82545,35.91599,1367.93557,-1.77299,-5.72932,10.91643733,4.066660135,0
31.03131,8.82332,35.8543,1362.27291,-1.6794,-5.72364,10.92058204,4.068204148,0
31.04945,8.8212,35.79621,1356.58587,-1.58554,-5.71797,10.91844101,4.067406559,0
31.06751,8.81909,35.74169,1350.87793,-1.4918,-5.7123,10.91010305,4.064300449,0
31.0855,8.81699,35.69069,1345.15259,-1.39858,-5.70665,10.8956904,4.058931356,0
31.10341,8.8149,35.64317,1339.41338,-1.30625,-5.701,10.87535717,4.051356692,0
31.12125,8.81282,35.59906,1333.66385,-1.2152,-5.69536,10.84928749,4.041645051,0
31.13901,8.81075,35.55829,1327.90749,-1.12579,-5.68973,10.81769339,4.02987542,0
31.1567,8.8087,35.52076,1322.14781,-1.0384,-5.68411,10.78081246,4.016136302,0
31.1743,8.80665,35.48637,1316.38823,-0.95336,-5.6785,10.73890529,4.000524777,0
31.19184,8.80461,35.45502,1310.63213,-0.87102,-5.6729,10.69225282,3.983145505,0
31.20929,8.80259,35.42656,1304.8828,-0.7917,-5.6673,10.64115361,3.964109706,0
31.22667,8.80057,35.40088,1299.14344,-0.71571,-5.66171,10.58592102,3.943534112,0
31.24398,8.79857,35.37783,1293.41717,-0.64333,-5.65612,10.52688037,3.921539918,0
31.2612,8.79657,35.35726,1287.70696,-0.57484,-5.65054,10.46436624,3.898251758,0
31.27836,8.79459,35.33902,1282.01569,-0.5105,-5.64496,10.39871968,3.873796688,0
31.29543,8.79261,35.32294,1276.34608,-0.45053,-5.63939,10.33028568,3.848303223,0
31.31244,8.79065,35.30885,1270.70075,-0.39516,-5.63382,10.25941067,3.821900416,0
31.32936,8.78869,35.29659,1265.08215,-0.34457,-5.62825,10.18644019,3.794716992,0
31.34621,8.78675,35.28597,1259.4926,-0.29893,-5.62268,10.11171677,3.766880551,0
31.36299,8.78482,35.27681,1253.93425,-0.2584,-5.61711,10.03557795,3.738516838,0
31.3797,8.78289,35.26894,1248.40912,-0.22311,-5.61154,9.958354525,3.709749081,0
31.39633,8.78098,35.26217,1242.91908,-0.19316,-5.60597,9.880368978,3.680697413,0
31.41289,8.77908,35.25631,1237.46583,-0.16865,-5.6004,9.801934111,3.651478361,0
31.42937,8.77718,35.25118,1232.05093,-0.14963,-5.59482,9.723351884,3.622204414,0
31.44579,8.7753,35.2466,1226.67578,-0.13617,-5.58924,9.644912446,3.592983659,0
31.46213,8.77343,35.24237,1221.34164,-0.12827,-5.58365,9.566893349,3.563919493,0
31.4784,8.77156,35.23833,1216.04962,-0.12597,-5.57806,9.489558947,3.535110393,0
31.4946,8.76971,35.23429,1210.80069,-0.12923,-5.57246,9.413159947,3.506649756,0
31.51074,8.76786,35.23008,1205.59567,-0.13804,-5.56685,9.337933129,3.478625786,0
31.5268,8.76603,35.22552,1200.43524,-0.15234,-5.56123,9.26410119,3.451121446,0
31.54279,8.7642,35.22045,1195.31997,-0.17209,-5.5556,9.191872719,3.424214441,0
31.55872,8.76238,35.2147,1190.25026,-0.19718,-5.54996,9.121442288,3.397977252,0
31.57458,8.76058,35.20811,1185.22641,-0.22754,-5.5443,9.052990625,3.372477206,0
31.59037,8.75878,35.20053,1180.2486,-0.26306,-5.53863,8.986684882,3.347776572,0
31.6061,8.75699,35.19181,1175.31688,-0.3036,-5.53295,8.92267896,3.323932682,0
31.62176,8.75521,35.1818,1170.43118,-0.34905,-5.52725,8.8611139,3.300998078,0
31.63736,8.75344,35.17037,1165.59133,-0.39924,-5.52154,8.80211831,3.279020668,0
31.65289,8.75167,35.15739,1160.79706,-0.45402,-5.51581,8.745808823,3.258043903,0
31.66836,8.74992,35.14273,1156.04797,-0.51323,-5.51006,8.69229058,3.238106949,0
31.68376,8.74817,35.12629,1151.34358,-0.57667,-5.5043,8.641657724,3.219244878,0
31.69911,8.74644,35.10794,1146.68331,-0.64417,-5.49851,8.593993898,3.201488849,0
31.71439,8.74471,35.08758,1142.06648,-0.71551,-5.49271,8.549372734,3.184866291,0
31.72961,8.74299,35.06512,1137.49233,-0.79051,-5.48688,8.507858338,3.169401086,0
31.74477,8.74128,35.04047,1132.96001,-0.86894,-5.48103,8.469505751,3.155113738,0
31.75986,8.73957,35.01355,1128.46858,-0.95058,-5.47517,8.434361397,3.142021542,0
31.7749,8.73788,34.98428,1124.01703,-1.03521,-5.46927,8.402463495,3.130138734,0
31.78988,8.73619,34.95261,1119.60426,-1.12259,-5.46336,8.37384245,3.119476642,0
31.8048,8.73452,34.91846,1115.22911,-1.21249,-5.45742,8.348521206,3.110043812,0
31.81967,8.73285,34.88179,1110.89033,-1.30466,-5.45146,8.32651557,3.101846134,0
31.83447,8.73118,34.84257,1106.58662,-1.39886,-5.44548,8.307834495,3.094886942,0
31.84922,8.72953,34.80074,1102.31661,-1.49484,-5.43947,8.292480331,3.089167112,0
31.8639,8.72788,34.75629,1098.07885,-1.59234,-5.43344,8.280449033,3.084685136,0
31.87854,8.72625,34.7092,1093.87184,-1.69112,-5.42738,8.27173034,3.081437194,0
31.89311,8.72462,34.65944,1089.69404,-1.79092,-5.4213,8.266307908,3.079417195,0
31.90763,8.72299,34.60703,1085.54383,-1.89147,-5.4152,8.264159417,3.078616826,0
31.9221,8.72138,34.55196,1081.41954,-1.99252,-5.40906,8.265256633,3.079025568,0
31.9365,8.71977,34.49423,1077.31947,-2.09382,-5.40291,8.269565446,3.080630714,0
31.95086,8.71817,34.43388,1073.24187,-2.1951,-5.39672,8.277045875,3.083417371,0
31.96516,8.71658,34.37092,1069.18493,-2.2961,-5.39052,8.287652038,3.087368445,0
31.9794,8.715,34.30539,1065.14682,-2.39658,-5.38428,8.301332107,3.092464631,0
31.99359,8.71342,34.23731,1061.12567,-2.49627,-5.37803,8.318028234,3.098684378,0
32.00772,8.71186,34.16675,1057.11959,-2.59492,-5.37175,8.337676458,3.106003858,0
32.0218,8.71029,34.09375,1053.12664,-2.69229,-5.36544,8.360206601,3.114396929,0
32.03583,8.70874,34.01837,1049.14488,-2.78813,-5.35911,8.385542147,3.123835086,0
32.0498,8.7072,33.94067,1045.17234,-2.8822,-5.35275,8.413600117,3.134287419,0
32.06372,8.70566,33.86073,1041.20705,-2.97426,-5.34638,8.444290948,3.145720561,0
32.07759,8.70413,33.77862,1037.24702,-3.06409,-5.33998,8.477518364,3.158098648,0
32.0914,8.70261,33.69443,1033.29028,-3.15145,-5.33355,8.513179263,3.171383271,0
32.10516,8.70109,33.60824,1029.33483,-3.23614,-5.32711,8.551163616,3.185533442,0
32.11886,8.69958,33.52014,1025.3787,-3.31794,-5.32064,8.591354388,3.200505562,0
32.13251,8.69808,33.43023,1021.41993,-3.39665,-5.31415,8.63362748,3.216253401,0
32.14611,8.69659,33.33862,1017.4566,-3.47208,-5.30765,8.677851706,3.232728089,0
32.15965,8.6951,33.24541,1013.48679,-3.54405,-5.30112,8.723888807,3.24987812,0
32.17314,8.69363,33.15071,1009.50862,-3.61238,-5.29457,8.77159351,3.267649377,0
32.18658,8.69216,33.05463,1005.52026,-3.67691,-5.28801,8.820813632,3.285985168,0
32.19996,8.69069,32.9573,1001.51993,-3.73749,-5.28142,8.871390243,3.304826286,0
32.21329,8.68924,32.85882,997.50589,-3.79399,-5.27482,8.92315789,3.324111096,0
0.04684,0.04684,53.17333,4948.08117,-0.37419,45.00009,12.60974249,4.697460859,0
0.09361,0.09361,53.13308,4941.1022,-0.24752,45.00021,12.64558757,4.710814094,0
0.14032,0.14032,53.10929,4934.07935,-0.12051,45.00036,12.65193782,4.713179729,0
0.18696,0.18697,53.10192,4927.02908,0.00634,45.00054,12.62889384,4.70459524,0
0.23354,0.23354,53.11088,4919.96782,0.13251,45.00075,12.57687818,4.685218039,0
0.28005,0.28005,53.13599,4912.91179,0.2575,45.00098,12.49662326,4.655320971,0
0.32649,0.32649,53.17703,4905.87687,0.38082,45.00124,12.38915216,4.615285157,0
0.37286,0.37287,53.23371,4898.8784,0.50202,45.00153,12.25575311,4.565590503,0
0.41916,0.41918,53.30567,4891.93104,0.62063,45.00185,12.09794884,4.50680426,0
0.4654,0.46542,53.39253,4885.04868,0.73624,45.0022,11.9174618,4.439568088,0
0.51157,0.5116,53.49383,4878.24427,0.84846,45.00258,11.71617674,4.364584108,0
0.55768,0.55771,53.60907,4871.52979,0.95693,45.00299,11.49610192,4.282600444,0
0.60372,0.60376,53.73772,4864.91615,1.06134,45.00343,11.25933008,4.194396705,0
0.64963,0.6498,53.87403,4858.42193,1.08029,45.16321,11.01603358,4.103762358,53.99999908
0.69535,0.69592,54.0124,4852.05848,1.09659,45.31979,10.77543657,4.014133639,53.99999908
0.74089,0.74209,54.15249,4845.82482,1.11027,45.47319,10.53806821,3.925707682,53.99999908
0.78624,0.78833,54.29398,4839.71966,1.12137,45.62345,10.30442411,3.838669108,53.99999908
0.83142,0.83462,54.43653,4833.74144,1.12992,45.77061,10.07494562,3.753182331,53.99999908
0.87642,0.88097,54.57983,4827.88837,1.13596,45.91473,9.850022102,3.669392403,53.99999908
0.92125,0.92738,54.72357,4822.15842,1.13955,46.05585,9.629993519,3.587425966,53.99999908
0.96592,0.97384,54.86743,4816.5494,1.14072,46.19406,9.415153175,3.507392285,53.99999908
1.01042,1.02036,55.01113,4811.05894,1.13953,46.3294,9.205750635,3.429384329,53.99999908
1.05476,1.06692,55.15437,4805.68452,1.13605,46.46196,9.001994722,3.353479891,53.99999908
1.09895,1.11354,55.29688,4800.42352,1.13032,46.5918,8.804056568,3.27974272,53.99999908
1.14298,1.1602,55.43837,4795.2732,1.12241,46.719,8.612072644,3.208223657,53.99999908
1.18687,1.20691,55.57859,4790.23075,1.11238,46.84364,8.426147771,3.13896175,53.99999908
1.2306,1.25366,55.71727,4785.29329,1.10028,46.96581,8.246358044,3.071985346,53.99999908
1.27419,1.30046,55.85417,4780.45789,1.0862,47.08557,8.072753676,3.007313151,53.99999908
1.31764,1.34731,55.98906,4775.72157,1.07018,47.20302,7.905361718,2.944955243,53.99999908
1.36095,1.39419,56.12169,4771.08135,1.0523,47.31824,7.744188665,2.88491404,53.99999908
1.40413,1.44112,56.25185,4766.53421,1.03261,47.43131,7.589222908,2.827185218,53.99999908
1.44717,1.48809,56.37932,4762.07714,1.01119,47.54232,7.440437053,2.771758572,53.99999908
1.49009,1.53509,56.5039,4757.70712,0.98809,47.65135,7.297790088,2.718618824,53.99999908
1.53287,1.58214,56.62539,4753.42116,0.96339,47.75849,7.161229399,2.667746374,53.99999908
1.57553,1.62922,56.7436,4749.21626,0.93714,47.86382,7.030692639,2.619117997,53.99999908
1.61806,1.67634,56.85836,4745.08946,0.90942,47.96741,6.906109451,2.572707481,53.99999908
1.66048,1.72349,56.96948,4741.03782,0.88027,48.06936,6.78740305,2.528486223,53.99999908
1.70277,1.77068,57.07681,4737.05843,0.84977,48.16975,6.674491667,2.486423762,53.99999908
1.74495,1.81791,57.1802,4733.14841,0.81798,48.26865,6.56728987,2.446488273,53.99999908
1.78701,1.86517,57.27948,4729.30491,0.78495,48.36614,6.465709755,2.408647007,53.99999908
1.82896,1.91246,57.37452,4725.52511,0.75075,48.46231,6.369662024,2.3728667,53.99999908
1.87079,1.95978,57.46518,4721.80625,0.71543,48.55723,6.279056958,2.339113929,53.99999908
1.91251,2.00714,57.55135,4718.14557,0.67905,48.65097,6.19380529,2.30735544,53.99999908
1.95413,2.05453,57.63289,4714.54037,0.64167,48.74362,6.113818979,2.277558434,53.99999908
1.99563,2.10196,57.70971,4710.98797,0.60335,48.83524,6.039011904,2.24969083,53.99999908
2.03703,2.14941,57.78168,4707.48575,0.56413,48.92592,5.969300481,2.223721491,53.99999908
2.07833,2.1969,57.84872,4704.03108,0.52409,49.01571,5.904604203,2.199620425,53.99999908
2.11952,2.24441,57.91074,4700.62139,0.48326,49.1047,5.844846118,2.177358966,53.99999908
2.1606,2.29196,57.96764,4697.25414,0.4417,49.19296,5.789953249,2.156909928,53.99999908
2.20159,2.33954,58.01934,4693.9268,0.39946,49.28055,5.739856957,2.138247741,53.99999908
2.24247,2.38714,58.06579,4690.63687,0.3566,49.36754,5.69449326,2.121348571,53.99999908
2.28325,2.43478,58.1069,4687.38187,0.31317,49.454,5.653803103,2.106190416,53.99999908
2.32394,2.48245,58.14263,4684.15936,0.26921,49.54,5.61773259,2.092753201,53.99999908
2.36452,2.53014,58.17291,4680.96688,0.22478,49.6256,5.586233188,2.081018845,53.99999908
2.405,2.57787,58.19771,4677.802,0.17992,49.71088,5.559261889,2.070971327,53.99999908
2.44539,2.62562,58.21697,4674.66232,0.13469,49.7959,5.536781347,2.062596733,53.99999908
2.48568,2.67341,58.23066,4671.54541,0.08913,49.88072,5.518759989,2.055883303,53.99999908
2.52587,2.72122,58.23876,4668.44886,0.04329,49.96541,5.505172105,2.050821459,53.99999908
2.56597,2.76906,58.24124,4665.37028,-0.00278,50.05003,5.495997907,2.047403829,53.99999908
2.60596,2.81694,58.23808,4662.30725,-0.04903,50.13465,5.491223578,2.045625265,53.99999908
2.64586,2.86484,58.22927,4659.25735,-0.09541,50.21934,5.490841294,2.045482855,53.99999908
2.68567,2.91277,58.2148,4656.21817,-0.14189,50.30416,5.494849229,2.046975916,53.99999908
2.72537,2.96073,58.19468,4653.18725,-0.1884,50.38918,5.503251544,2.050105999,53.99999908
2.76498,3.00872,58.1689,4650.16216,-0.2349,50.47446,5.51605835,2.054876871,53.99999908
2.8045,3.05674,58.13749,4647.1404,-0.28135,50.56006,5.533285661,2.061294498,53.99999908
2.84391,3.10478,58.10045,4644.1195,-0.32769,50.64606,5.554955323,2.069367017,53.99999908
2.88323,3.15286,58.05781,4641.09692,-0.37388,50.73252,5.581094918,2.079104705,53.99999908
2.92245,3.20097,58.00961,4638.07011,-0.41987,50.81952,5.611737656,2.09051993,53.99999908
2.96157,3.24911,57.95586,4635.0365,-0.46561,50.90711,5.646922228,2.103627109,53.99999908
3.00059,3.29728,57.89662,4631.99346,-0.51104,50.99536,5.686692648,2.118442637,53.99999908
3.03951,3.34547,57.83194,4628.93833,-0.55613,51.08436,5.731098055,2.13498482,53.99999908
3.07833,3.3937,57.76186,4625.86842,-0.60081,51.17416,5.780192488,2.153273788,53.99999908
3.11705,3.44196,57.68644,4622.78098,-0.64504,51.26484,5.834034621,2.173331399,53.99999908
3.15566,3.49026,57.60575,4619.67322,-0.68876,51.35648,5.892687467,2.195181128,53.99999908
3.19418,3.53858,57.51987,4616.5423,-0.73193,51.44915,5.956218031,2.218847934,53.99999908
3.23259,3.58693,57.42886,4613.38533,-0.77448,51.54292,6.024696919,2.244358122,53.99999908
3.27089,3.63532,57.33282,4610.19937,-0.81637,51.63787,6.098197895,2.271739169,53.99999908
3.30908,3.68374,57.23183,4606.9814,-0.85754,51.73408,6.176797379,2.301019545,53.99999908
3.34717,3.73219,57.126,4603.72837,-0.89793,51.83163,6.260573888,2.332228499,53.99999908
3.38515,3.78068,57.01543,4600.43717,-0.93749,51.9306,6.349607398,2.365395824,53.99999908
3.42301,3.8292,56.90023,4597.10462,-0.97615,52.03108,6.443978647,2.400551597,53.99999908
3.46077,3.87775,56.78052,4593.72747,-1.01386,52.13314,6.543768346,2.437725886,53.99999908
3.49841,3.92633,56.65643,4590.30244,-1.05056,52.23688,6.649056311,2.476948423,53.99999908
3.53593,3.97495,56.52808,4586.82616,-1.08619,52.34238,6.759920504,2.518248252,53.99999908
3.57333,4.02361,56.39562,4583.29523,-1.12069,52.44972,6.876435974,2.56165333,53.99999908
3.61061,4.0723,56.2592,4579.70616,-1.15399,52.55901,6.998673703,2.607190101,53.99999908
3.64778,4.12103,56.11898,4576.05544,-1.18603,52.67033,7.126699337,2.654883018,53.99999908
3.68481,4.16979,55.9751,4572.3395,-1.21675,52.78377,7.260571811,2.704754037,53.99999908
3.72172,4.21859,55.82776,4568.55469,-1.24608,52.89943,7.400341866,2.75682206,53.99999908
3.7585,4.26743,55.67711,4564.69737,-1.27396,53.0174,7.546050439,2.811102337,53.99999908
3.79514,4.3163,55.52336,4560.76383,-1.30032,53.13779,7.697726946,2.867605827,53.99999908
3.83166,4.36522,55.36669,4556.75034,-1.3251,53.26068,7.855387448,2.926338512,53.99999908
3.86803,4.41417,55.2073,4552.65314,-1.34822,53.38617,8.019032706,2.987300676,53.99999908
3.90426,4.46316,55.04541,4548.46847,-1.36962,53.51437,8.188646127,3.050486139,53.99999908
3.94035,4.51219,54.88122,4544.19256,-1.38924,53.64536,8.364191619,3.115881453,53.99999908
3.9763,4.56125,54.71497,4539.82166,-1.40701,53.77926,8.545611356,3.183465079,53.99999908
4.01209,4.61036,54.54688,4535.35203,-1.42286,53.91615,8.732823468,3.253206516,53.99999908
4.04773,4.65951,54.3772,4530.77996,-1.43673,54.05613,8.925719693,3.325065435,53.99999908
4.08321,4.7087,54.20616,4526.10182,-1.44855,54.19929,9.12416298,3.398990781,53.99999908
4.11853,4.75794,54.03403,4521.31402,-1.45827,54.34574,9.32798511,3.474919888,53.99999908
4.15369,4.80721,53.86106,4516.41307,-1.46582,54.49556,9.53698433,3.552777596,53.99999908
4.18868,4.85653,53.68752,4511.39558,-1.47115,54.64884,9.750923062,3.632475403,53.99999908
4.2235,4.90589,53.51368,4506.25832,-1.47419,54.80566,9.969525718,3.713910644,53.99999908
4.25815,4.95529,53.33982,4500.99816,-1.4749,54.96611,10.19247667,3.796965738,53.99999908
4.29261,5.00473,53.16623,4495.61219,-1.47323,55.13026,10.4194184,3.881507505,53.99999908
4.32689,5.05422,52.99318,4490.09767,-1.46913,55.29819,10.64994996,3.967386577,53.99999908
4.36098,5.10376,52.82097,4484.45211,-1.46256,55.46995,10.88362568,4.054436931,53.99999908
4.39488,5.15333,52.6499,4478.67324,-1.45348,55.64561,11.11995428,4.142475554,53.99999908
4.42859,5.20295,52.48026,4472.75911,-1.44188,55.82523,11.35839843,4.231302273,53.99999908
4.46209,5.25262,52.31235,4466.70804,-1.42771,56.00883,11.59837476,4.320699769,53.99999908
4.49539,5.30233,52.14649,4460.5187,-1.41097,56.19647,11.83925444,4.410433788,53.99999908
4.52848,5.35208,51.98295,4454.19013,-1.39164,56.38815,12.08036437,4.500253583,53.99999908
4.56135,5.40188,51.82206,4447.72172,-1.36972,56.58391,12.32098903,4.589892597,53.99999908
4.59401,5.45172,51.6641,4441.11332,-1.34522,56.78373,12.56037293,4.679069401,53.99999908
4.62644,5.50161,51.50937,4434.36517,-1.31814,56.98762,12.79772395,4.767488901,53.99999908
4.65865,5.55154,51.35817,4427.478,-1.28852,57.19555,13.03221725,4.854843824,53.99999908
4.69063,5.60151,51.21079,4420.453,-1.25638,57.40748,13.26300001,4.940816474,53.99999908
4.72236,5.65153,51.0675,4413.29185,-1.22176,57.62338,13.4891969,5.025080768,53.99999908
4.75386,5.70159,50.92857,4405.99674,-1.18473,57.84318,13.70991624,5.107304529,53.99999908
4.78512,5.75169,50.79429,4398.57038,-1.14533,58.06681,13.92425679,5.187152023,53.99999908
4.81612,5.80183,50.6649,4391.01599,-1.10364,58.29417,14.13131518,5.264286721,53.99999908
4.84687,5.85202,50.54064,4383.33733,-1.05975,58.52516,14.3301938,5.338374242,53.99999908
4.87737,5.90224,50.42176,4375.53867,-1.01374,58.75967,14.52000913,5.409085445,53.99999908
4.90761,5.95251,50.30848,4367.62478,-0.96573,58.99756,14.69990027,5.476099628,53.99999908
4.93758,6.00281,50.20099,4359.60096,-0.91582,59.23868,14.86903773,5.539107781,53.99999908
4.96729,6.05315,50.09949,4351.47297,-0.86415,59.48287,15.0266321,5.597815832,53.99999908
4.99672,6.10352,50.00416,4343.24703,-0.81083,59.72996,15.17194265,5.651947833,53.99999908
5.02589,6.15394,49.91516,4334.92981,-0.75602,59.97976,15.30428552,5.701249036,53.99999908
5.05477,6.20438,49.83261,4326.52837,-0.69986,60.23208,15.42304153,5.745488774,53.99999908
5.08339,6.25486,49.75665,4318.05013,-0.64251,60.4867,15.52766326,5.784463122,53.99999908
5.11172,6.30537,49.68738,4309.50285,-0.58413,60.7434,15.61768141,5.817997249,53.99999908
5.13977,6.35591,49.62487,4300.89455,-0.5249,61.00196,15.69271019,5.845947448,53.99999908
5.16753,6.40648,49.56919,4292.23351,-0.46499,61.26215,15.75245179,5.868202764,53.99999908
5.19501,6.45707,49.52038,4283.52818,-0.40457,61.52371,15.79669957,5.884686226,53.99999908
5.22221,6.50769,49.47846,4274.78715,-0.34384,61.78642,15.82534022,5.895355621,53.99999908
5.24911,6.55834,49.44342,4266.01909,-0.28297,62.05001,15.83835462,5.900203826,53.99999908
5.27574,6.609,49.41524,4257.23271,-0.22214,62.31424,15.83581747,5.899258672,53.99999908
5.30207,6.65969,49.39388,4248.43668,-0.16155,62.57887,15.81789575,5.892582362,53.99999908
5.32812,6.7104,49.37928,4239.63961,-0.10137,62.84363,15.78484597,5.880270449,53.99999908
5.35387,6.76112,49.37135,4230.85,-0.04177,63.1083,15.73701033,5.862450413,53.99999908
5.37935,6.81186,49.36999,4222.07617,0.01705,63.37261,15.67481189,5.839279859,53.99999908
5.40454,6.86261,49.37508,4213.32621,0.07494,63.63635,15.59874886,5.81094438,53.99999908
5.42944,6.91338,49.38647,4204.60799,0.13172,63.89928,15.50938812,5.77765515,53.99999908
5.45406,6.96415,49.40402,4195.92905,0.18723,64.16118,15.40735808,5.739646275,53.99999908
5.4784,7.01494,49.42754,4187.29663,0.24133,64.42184,15.29334116,5.697171974,53.99999908
5.50246,7.06573,49.45686,4178.71761,0.29386,64.68105,15.16806588,5.650503637,53.99999908
5.52624,7.11653,49.49177,4170.19847,0.3447,64.93864,15.03229879,5.599926824,53.99999908
5.54975,7.16733,49.53206,4161.74531,0.39371,65.19441,14.88683637,5.545738245,53.99999908
5.57298,7.21814,49.57749,4153.36379,0.44078,65.4482,14.73249705,5.488242786,53.99999908
5.59595,7.26895,49.62783,4145.05914,0.48579,65.69986,14.57011342,5.427750613,53.99999908
5.61865,7.31976,49.68283,4136.83617,0.52864,65.94924,14.40052484,5.364574402,53.99999908
5.64108,7.37056,49.74225,4128.69921,0.56925,66.19622,14.22457035,5.299026727,53.99999908
5.66326,7.42137,49.8058,4120.65218,0.60754,66.44068,14.04308225,5.231417635,53.99999908
5.68517,7.47217,49.87323,4112.69853,0.64344,66.68252,13.85688008,5.162052426,53.99999908
5.70684,7.52297,49.94427,4104.84129,0.67688,66.92165,13.66676528,5.091229662,53.99999908
5.72825,7.57376,50.01862,4097.08305,0.70781,67.15799,13.47351651,5.019239411,53.99999908
5.74941,7.62454,50.09601,4089.42599,0.7362,67.39149,13.27788553,4.946361721,53.99999908
5.77033,7.67532,50.17616,4081.87189,0.76201,67.62209,13.08059375,4.872865342,53.99999908
5.79101,7.72608,50.25877,4074.42213,0.78522,67.84975,12.88232947,4.799006681,53.99999908
5.81145,7.77684,50.34357,4067.07775,0.80582,68.07444,12.68374563,4.725028976,53.99999908
5.83165,7.82759,50.43027,4059.8394,0.82379,68.29615,12.4854582,4.651161692,53.99999908
5.85163,7.87833,50.51859,4052.70743,0.83914,68.51486,12.28804507,4.577620108,53.99999908
5.87138,7.92905,50.60824,4045.68185,0.85187,68.7306,12.09204547,4.504605098,53.99999908
5.89091,7.97976,50.69894,4038.7624,0.862,68.94335,11.89795977,4.43230307,53.99999908
5.91022,8.03046,50.79042,4031.94852,0.86955,69.15316,11.7062498,4.360886062,53.99999908
5.92931,8.08114,50.88242,4025.23942,0.87455,69.36004,11.51733939,4.290511962,53.99999908
5.9482,8.13181,50.97465,4018.63408,0.87702,69.56403,11.3316153,4.221324851,53.99999908
5.96687,8.18247,51.06686,4012.13123,0.87702,69.76518,11.14942837,4.153455428,53.99999908
5.98533,8.23311,51.1588,4005.72945,0.87456,69.96353,10.97109495,4.087021534,53.99999908
6.0036,8.28373,51.2502,3999.4271,0.86971,70.15915,10.79689835,4.02212872,53.99999908
6.02166,8.33434,51.34083,3993.22241,0.86251,70.35209,10.62709065,3.958870883,53.99999908
6.03953,8.38493,51.43046,3987.11344,0.85302,70.54241,10.46189437,3.897330921,53.99999908
6.0572,8.4355,51.51883,3981.09815,0.84128,70.73019,10.30150438,3.837581431,53.99999908
6.07469,8.48606,51.60574,3975.17434,0.82736,70.9155,10.14608979,3.779685406,53.99999908
6.09199,8.5366,51.69096,3969.33975,0.81131,71.09842,9.995795801,3.723696941,53.99999908
6.1091,8.58712,51.77428,3963.59201,0.79321,71.27902,9.85074565,3.669661943,53.99999908
6.12603,8.63763,51.85551,3957.92867,0.77311,71.45739,9.711042438,3.617618821,53.99999908
6.14278,8.68811,51.93443,3952.34721,0.75108,71.63362,9.576770959,3.567599162,53.99999908
6.15935,8.73858,52.01087,3946.84506,0.72719,71.80778,9.447999465,3.519628392,53.99999908
6.17575,8.78903,52.08465,3941.4196,0.70151,71.97997,9.32478136,3.473726406,53.99999908
6.19198,8.83946,52.15558,3936.06814,0.6741,72.15028,9.207156827,3.429908173,53.99999908
6.20804,8.88987,52.22352,3930.78799,0.64503,72.3188,9.095154369,3.38818431,53.99999908
6.22393,8.94027,52.28829,3925.5764,0.61437,72.48562,8.988792272,3.348561631,53.99999908
6.23965,8.99064,52.34975,3920.43062,0.58221,72.65083,8.888079976,3.31104365,53.99999908
6.25521,9.04099,52.40775,3915.34786,0.54859,72.81453,8.793019359,3.275631069,53.99999908
6.27061,9.09133,52.46217,3910.32532,0.51361,72.97681,8.703605939,3.242322218,53.99999908
6.28584,9.14165,52.51287,3905.36018,0.47733,73.13776,8.619829984,3.21111347,53.99999908
6.30092,9.19194,52.55973,3900.44961,0.43981,73.29748,8.541677532,3.181999626,53.99999908
6.31584,9.24222,52.60265,3895.59079,0.40114,73.45606,8.469131336,3.154974259,53.99999908
6.3306,9.29247,52.64152,3890.78086,0.36138,73.61361,8.402171724,3.130030042,53.99999908
6.34521,9.34271,52.67624,3886.01698,0.32061,73.7702,8.340777377,3.107159032,53.99999908
6.35967,9.39293,52.70672,3881.29628,0.27889,73.92595,8.284926034,3.086352937,53.99999908
6.37397,9.44312,52.73289,3876.61592,0.2363,74.08094,8.234595129,3.067603351,53.99999908
6.38812,9.4933,52.75467,3871.97301,0.19291,74.23527,8.189762349,3.05090196,53.99999908
6.40212,9.54346,52.77198,3867.36469,0.14879,74.38903,8.150406129,3.036240733,53.99999908
6.41596,9.59359,52.78478,3862.78808,0.10401,74.54232,8.11650609,3.023612077,53.99999908
6.42966,9.64371,52.793,3858.24029,0.05864,74.69525,8.088043402,3.013008977,53.99999908
6.44321,9.6938,52.79661,3853.71843,0.01276,74.84789,8.065001099,3.004425112,53.99999908
6.45662,9.74387,52.79556,3849.2196,-0.03357,75.00035,8.047364334,2.997854953,53.99999908
6.46993,9.7939,52.79356,3844.73231,-0.00627,75.0074,8.030874209,2.991711948,0
6.48323,9.84388,52.79428,3840.24825,0.02053,75.01445,8.011339943,2.98443492,0
6.49651,9.89381,52.79767,3835.76922,0.04676,75.02151,7.988858869,2.976060128,0
6.50976,9.94367,52.80365,3831.29701,0.07234,75.02857,7.963538561,2.966627647,0
6.52299,9.99349,52.81216,3826.83333,0.09723,75.03564,7.935495446,2.956180849,0
6.5362,10.04324,52.82311,3822.37985,0.12135,75.04272,7.904854003,2.944766105,0
6.54939,10.09294,52.83641,3817.93819,0.14465,75.0498,7.871745935,2.932432479,0
6.56255,10.14259,52.85199,3813.50991,0.16708,75.05689,7.836309317,2.919231406,0
6.5757,10.19218,52.86974,3809.09649,0.18857,75.06399,7.798687725,2.905216373,0
6.58882,10.24172,52.88957,3804.69936,0.20909,75.07109,7.759029375,2.890442594,0
6.60193,10.29121,52.91136,3800.31986,0.22858,75.0782,7.71748625,2.874966687,0
6.61501,10.34063,52.93501,3795.95928,0.247,75.08532,7.674213257,2.858846359,0
6.62807,10.39001,52.96041,3791.6188,0.26432,75.09245,7.629367391,2.842140094,0
6.64111,10.43933,52.98745,3787.29955,0.2805,75.09958,7.583106934,2.824906857,0
6.65413,10.4886,53.016,3783.00256,0.29551,75.10672,7.535590686,2.807205804,0
6.66712,10.53782,53.04594,3778.7288,0.30931,75.11386,7.486977233,2.789096014,0
6.6801,10.58698,53.07715,3774.47914,0.32188,75.12101,7.437424263,2.770636228,0
6.69305,10.63609,53.10951,3770.25437,0.33321,75.12817,7.387087921,2.751884617,0
6.70599,10.68515,53.14289,3766.05521,0.34327,75.13534,7.336122223,2.732898553,0
6.7189,10.73415,53.17716,3761.88229,0.35205,75.14251,7.284678515,2.713734418,0
6.7318,10.78311,53.21219,3757.73616,0.35953,75.1497,7.232904988,2.694447417,0
6.74467,10.83201,53.24786,3753.61729,0.36572,75.15688,7.180946242,2.675091417,0
6.75753,10.88086,53.28403,3749.52607,0.3706,75.16408,7.128942911,2.655718808,0
6.77036,10.92966,53.32057,3745.46283,0.37417,75.17128,7.077031335,2.63638038,0
6.78317,10.97841,53.35736,3741.4278,0.37644,75.17849,7.025343284,2.617125221,0
6.79597,11.02712,53.39427,3737.42115,0.37741,75.18571,6.97400573,2.598000631,0
6.80874,11.07577,53.43118,3733.44298,0.37709,75.19294,6.92314067,2.579052058,0
6.82149,11.12437,53.46795,3729.49332,0.37548,75.20017,6.872864992,2.560323045,0
6.83423,11.17293,53.50446,3725.57213,0.37261,75.20741,6.823290382,2.541855199,0
6.84694,11.22143,53.54059,3721.67931,0.36848,75.21466,6.774523271,2.523688167,0
6.85964,11.26989,53.57622,3717.81469,0.36312,75.22192,6.72666482,2.505859635,0
6.87232,11.3183,53.61124,3713.97805,0.35655,75.22919,6.679810931,2.488405328,0
6.88497,11.36667,53.64552,3710.1691,0.34878,75.23646,6.634052296,2.471359033,0
6.89761,11.41498,53.67896,3706.3875,0.33984,75.24374,6.589474468,2.454752619,0
6.91023,11.46326,53.71144,3702.63287,0.32977,75.25104,6.546157952,2.438616077,0
6.92283,11.51148,53.74285,3698.90477,0.31859,75.25833,6.504178326,2.422977562,0
6.93541,11.55966,53.7731,3695.2027,0.30632,75.26564,6.463606363,2.407863438,0
6.94797,11.60779,53.80209,3691.52612,0.293,75.27296,6.424508185,2.393298338,0
6.96052,11.65588,53.82971,3687.87447,0.27868,75.28028,6.386945414,2.379305217,0
6.97304,11.70393,53.85587,3684.2471,0.26337,75.28761,6.350975338,2.365905418,0
6.98555,11.75193,53.88048,3680.64337,0.24712,75.29496,6.316651081,2.353118729,0
6.99804,11.79988,53.90346,3677.06257,0.22996,75.30231,6.28402178,2.340963455,0
7.01051,11.8478,53.92473,3673.50397,0.21194,75.30966,6.253132758,2.329456482,0
7.02296,11.89566,53.9442,3669.96679,0.19309,75.31703,6.224025702,2.318613338,0
7.03539,11.94349,53.96181,3666.45024,0.17346,75.32441,6.196738838,2.308448263,0
7.04781,11.99127,53.97748,3662.95347,0.15309,75.33179,6.171307097,2.29897427,0
7.06021,12.03901,53.99115,3659.47563,0.13202,75.33919,6.147762282,2.290203207,0
7.07259,12.08671,54.00276,3656.01582,0.1103,75.34659,6.126133227,2.282145815,0
7.08495,12.13436,54.01225,3652.57312,0.08797,75.354,6.106445947,2.274811785,0
7.0973,12.18198,54.01957,3649.14659,0.06507,75.36142,6.088723778,2.268209811,0
7.10962,12.22955,54.02466,3645.73527,0.04165,75.36885,6.072987514,2.262347639,0
7.12193,12.27708,54.0275,3642.33816,0.01777,75.37629,6.05925552,2.25723211,0
7.13422,12.32457,54.02804,3638.95425,-0.00654,75.38374,6.047543852,2.252869205,0
7.1465,12.37202,54.02625,3635.58252,-0.03123,75.3912,6.037866349,2.249264081,0
7.15876,12.41942,54.02209,3632.2219,-0.05625,75.39866,6.030234724,2.2464211,0
7.171,12.46679,54.01554,3628.87133,-0.08154,75.40614,6.024658634,2.24434386,0
7.18322,12.51411,54.00659,3625.52973,-0.10707,75.41362,6.021145744,2.243035216,0
7.19542,12.5614,53.99521,3622.19599,-0.13279,75.42111,6.019701773,2.242497298,0
7.20761,12.60864,53.9814,3618.869,-0.15863,75.42862,6.020330528,2.242731526,0
7.21978,12.65585,53.96515,3615.54762,-0.18456,75.43613,6.023033928,2.243738614,0
7.2319,12.70302,53.94524,3612.23379,-0.23644,75.52584,6.028861174,2.245909416,34.9999994
7.24393,12.75017,53.92044,3608.92866,-0.2883,75.61575,6.038860171,2.249634306,34.9999994
7.25588,12.79729,53.89077,3605.62987,-0.34006,75.70591,6.053032467,2.254913859,34.9999994
7.26775,12.8444,53.85624,3602.33506,-0.39166,75.79639,6.071381032,2.261749182,34.9999994
7.27953,12.89148,53.8169,3599.04184,-0.44299,75.88723,6.093910498,2.270142001,34.9999994
7.29123,12.93853,53.77278,3595.7478,-0.49399,75.9785,6.120626949,2.280094582,34.9999994
7.30284,12.98557,53.72392,3592.4505,-0.54457,76.07025,6.151537668,2.291609638,34.9999994
7.31436,13.03258,53.67037,3589.14748,-0.59464,76.16254,6.186650843,2.30469022,34.9999994
7.3258,13.07957,53.61219,3585.83626,-0.64413,76.25544,6.225975223,2.319339586,34.9999994
7.33716,13.12653,53.54946,3582.51431,-0.69294,76.349,6.269519728,2.33556106,34.9999994
7.34842,13.17347,53.48224,3579.17909,-0.741,76.44327,6.317293006,2.353357863,34.9999994
7.3596,13.22039,53.41062,3575.82805,-0.78822,76.53833,6.369302944,2.372732933,34.9999994
7.37069,13.26728,53.33469,3572.45859,-0.83452,76.63423,6.425556128,2.393688724,34.9999994
7.38169,13.31414,53.25456,3569.06809,-0.87982,76.73103,6.486057243,2.416226982,34.9999994
7.39261,13.36099,53.17032,3565.65392,-0.92402,76.82879,6.550808426,2.440348501,34.9999994
7.40343,13.4078,53.08209,3562.21341,-0.96704,76.92757,6.619808561,2.466052866,34.9999994
7.41416,13.4546,52.99,3558.74389,-1.00881,77.02744,6.693052516,2.493338167,34.9999994
7.4248,13.50136,52.89417,3555.24265,-1.04923,77.12845,6.770530335,2.522200693,34.9999994
7.43535,13.5481,52.79474,3551.70699,-1.08821,77.23067,6.85222636,2.552634612,34.9999994
7.4458,13.59482,52.69186,3548.13418,-1.12568,77.33415,6.938118312,2.584631624,34.9999994
7.45616,13.64151,52.58568,3544.52149,-1.16155,77.43897,7.028176315,2.6181806,34.9999994
7.46643,13.68817,52.47636,3540.86619,-1.19574,77.54518,7.122361878,2.6532672,34.9999994
7.47659,13.7348,52.36406,3537.16555,-1.22816,77.65284,7.220626821,2.689873477,34.9999994
7.48666,13.7814,52.24897,3533.41685,-1.25873,77.76201,7.32291218,2.727977465,34.9999994
7.49663,13.82798,52.13127,3529.61738,-1.28736,77.87276,7.429147064,2.767552754,34.9999994
7.5065,13.87452,52.01114,3525.76447,-1.31399,77.98514,7.539247501,2.808568064,34.9999994
7.51627,13.92104,51.88878,3521.85546,-1.33853,78.0992,7.653115262,2.850986801,34.9999994
7.52593,13.96752,51.7644,3517.88774,-1.3609,78.21502,7.770636693,2.894766626,34.9999994
7.53549,14.01397,51.63821,3513.85875,-1.38103,78.33264,7.891681552,2.939859021,34.9999994
7.54494,14.06039,51.51041,3509.76599,-1.39884,78.45211,8.016101876,2.986208865,34.9999994
7.55429,14.10678,51.38124,3505.60701,-1.41428,78.57349,8.143730893,3.033754032,34.9999994
7.56352,14.15313,51.25092,3501.37947,-1.42727,78.69684,8.274382,3.082425007,34.9999994
7.57265,14.19945,51.11968,3497.08112,-1.43774,78.82219,8.407847824,3.132144538,34.9999994
7.58166,14.24573,50.98777,3492.70979,-1.44565,78.94959,8.543899391,3.182827327,34.9999994
7.59056,14.29198,50.85541,3488.26345,-1.45094,79.07909,8.682285426,3.234379766,34.9999994
7.59934,14.33819,50.72287,3483.74022,-1.45356,79.21072,8.822731813,3.286699741,34.9999994
7.60801,14.38436,50.59038,3479.13833,-1.45347,79.34452,8.964941233,3.339676491,34.9999994
7.61656,14.43049,50.45821,3474.4562,-1.45062,79.48051,9.108593011,3.393190558,34.9999994
7.62498,14.47658,50.3266,3469.69242,-1.445,79.61873,9.253343202,3.447113813,34.9999994
7.63329,14.52264,50.19581,3464.84578,-1.43656,79.7592,9.398824924,3.501309582,34.9999994
7.64147,14.56864,50.06609,3459.91524,-1.42531,79.90193,9.54464899,3.555632883,34.9999994
7.64952,14.61461,49.93771,3454.90004,-1.41123,80.04693,9.69040482,3.609930765,34.9999994
7.65745,14.66053,49.81091,3449.79959,-1.39431,80.19422,9.835661696,3.664042774,34.9999994
7.66524,14.7064,49.68596,3444.6136,-1.37458,80.34378,9.979970332,3.717801537,34.9999994
7.67291,14.75223,49.5631,3439.34201,-1.35204,80.49562,10.12286479,3.771033483,34.9999994
7.68044,14.79801,49.44259,3433.98503,-1.32672,80.64971,10.26386475,3.823559678,34.9999994
7.68784,14.84374,49.32466,3428.54316,-1.29866,80.80604,10.40247811,3.875196801,34.9999994
7.6951,14.88942,49.20955,3423.01719,-1.26791,80.96458,10.5382039,3.925758231,34.9999994
7.70223,14.93505,49.0975,3417.4082,-1.23452,81.1253,10.67053558,3.975055261,34.9999994
7.70922,14.98062,48.98874,3411.71756,-1.19857,81.28814,10.79896449,4.022898409,34.9999994
7.71606,15.02614,48.88348,3405.94695,-1.16013,81.45307,10.92298371,4.069098831,34.9999994
7.72277,15.0716,48.78193,3400.09837,-1.11928,81.62003,11.042092,4.113469805,34.9999994
7.72933,15.11701,48.68429,3394.1741,-1.07614,81.78894,11.155798,4.155828283,34.9999994
7.73574,15.16236,48.59076,3388.17671,-1.03081,81.95975,11.26362446,4.195996474,34.9999994
7.74201,15.20765,48.50149,3382.10909,-0.9834,82.13236,11.36511254,4.233803454,34.9999994
7.74814,15.25288,48.41667,3375.97439,-0.93406,82.3067,11.45982612,4.269086756,34.9999994
7.75411,15.29804,48.33644,3369.77603,-0.88291,82.48266,11.547356,4.301693941,34.9999994
7.75994,15.34315,48.26094,3363.5177,-0.83011,82.66016,11.62732392,4.331484093,34.9999994
7.76562,15.38818,48.19029,3357.20333,-0.77581,82.83908,11.69938634,4.358329242,34.9999994
7.77114,15.43316,48.1246,3350.83705,-0.72018,83.01932,11.76323801,4.382115668,34.9999994
7.77652,15.47806,48.06396,3344.42321,-0.66339,83.20076,11.81861505,4.402745073,34.9999994
7.78175,15.5229,48.00846,3337.96634,-0.60561,83.38327,11.86529771,4.420135594,34.9999994
7.78682,15.56767,47.95814,3331.47112,-0.54703,83.56675,11.90311261,4.434222638,34.9999994
7.79174,15.61237,47.91305,3324.94237,-0.48782,83.75105,11.93193447,4.444959537,34.9999994
7.79651,15.657,47.87322,3318.38499,-0.42818,83.93605,11.95168728,4.45231798,34.9999994
7.80113,15.70156,47.83865,3311.80398,-0.36831,84.12162,11.96234498,4.456288254,34.9999994
7.80559,15.74604,47.80935,3305.20437,-0.30838,84.30763,11.96393145,4.456879256,34.9999994
7.80991,15.79045,47.78527,3298.59124,-0.2486,84.49395,11.95652001,4.4541183,34.9999994
7.81407,15.83479,47.76639,3291.96963,-0.18916,84.68043,11.94023233,4.44805071,34.9999994
7.81808,15.87905,47.75265,3285.34458,-0.13023,84.86696,11.91523681,4.438739221,34.9999994
7.82194,15.92324,47.74396,3278.72104,-0.07202,85.0534,11.88174647,4.426263189,34.9999994
7.82565,15.96734,47.74025,3272.10389,-0.01469,85.23963,11.84001639,4.410717635,34.9999994
7.82921,16.01138,47.74141,3265.49791,0.04156,85.42553,11.79034072,4.392212142,34.9999994
7.83262,16.05533,47.74732,3258.90774,0.09658,85.61096,11.73304942,4.370869623,34.9999994
7.83589,16.09921,47.75784,3252.33786,0.15019,85.79583,11.66850461,4.346824985,34.9999994
7.83901,16.14301,47.77284,3245.79261,0.20224,85.98001,11.59709686,4.320223717,34.9999994
7.84198,16.18673,47.79216,3239.27611,0.25258,86.1634,11.51924115,4.291220419,34.9999994
7.84481,16.23038,47.81562,3232.79231,0.30106,86.34591,11.43537296,4.259977309,34.9999994
7.8475,16.27394,47.84306,3226.34491,0.34756,86.52744,11.34594413,4.226662717,34.9999994
7.85005,16.31743,47.87427,3219.93742,0.39195,86.7079,11.25141893,4.191449595,34.9999994
7.85245,16.36084,47.90907,3213.5731,0.43412,86.88721,11.15227016,4.15451407,34.9999994
7.85472,16.40417,47.94725,3207.25497,0.47396,87.06529,11.04897538,4.116034044,34.9999994
7.85685,16.44742,47.98859,3200.98584,0.51138,87.24209,10.94201334,4.076187871,34.9999994
7.85885,16.49059,48.03288,3194.76822,0.5463,87.41753,10.8318607,4.035153114,34.9999994
7.86071,16.53369,48.0799,3188.60442,0.57865,87.59157,10.7189889,3.993105399,34.9999994
7.86243,16.5767,48.12941,3182.49649,0.60835,87.76416,10.60386138,3.950217368,34.9999994
7.86403,16.61964,48.18119,3176.44624,0.63536,87.93525,10.48693106,3.906657749,34.9999994
7.8655,16.66251,48.235,3170.45524,0.65963,88.10482,10.36863815,3.862590528,34.9999994
7.86684,16.70529,48.29061,3164.52482,0.68113,88.27283,10.24940822,3.81817424,34.9999994
7.86805,16.748,48.34778,3158.65611,0.69983,88.43928,10.12965059,3.773561372,34.9999994
7.86914,16.79063,48.40627,3152.84999,0.71573,88.60414,10.00975704,3.72889787,34.9999994
7.87011,16.83319,48.46585,3147.10716,0.7288,88.7674,9.890100763,3.684322758,34.9999994
7.87096,16.87568,48.52628,3141.42809,0.73905,88.92906,9.771035599,3.639967852,34.9999994
7.87168,16.91809,48.58733,3135.81308,0.74649,89.08913,9.652895527,3.595957567,34.9999994
7.87229,16.96042,48.64877,3130.26222,0.75114,89.24761,9.535994377,3.552408812,34.9999994
7.87278,17.00268,48.71037,3124.77544,0.75302,89.40452,9.420625757,3.509430966,34.9999994
7.87316,17.04487,48.7719,3119.35252,0.75215,89.55987,9.307063172,3.467125915,34.9999994
7.87343,17.08699,48.83314,3113.99306,0.74858,89.71369,9.195560302,3.425588162,34.9999994
7.87358,17.12903,48.89388,3108.69651,0.74235,89.866,9.086351436,3.384904986,34.9999994
7.87362,17.171,48.9539,3103.46222,0.7335,90.01684,8.979652022,3.345156647,34.9999994
7.87355,17.21291,49.013,3098.28936,0.72209,90.16623,8.875659328,3.306416632,34.9999994
7.87338,17.25474,49.07097,3093.17703,0.70818,90.31421,8.774553182,3.268751933,34.9999994
7.8731,17.2965,49.12762,3088.12419,0.69181,90.46082,8.676496788,3.232223346,34.9999994
7.87272,17.3382,49.18277,3083.1297,0.67307,90.60612,8.581637587,3.196885798,34.9999994
7.87223,17.37982,49.23622,3078.19233,0.65202,90.75013,8.490108153,3.162788675,34.9999994
7.87164,17.42138,49.2878,3073.31077,0.62873,90.89291,8.402027115,3.129976171,34.9999994
7.87095,17.46287,49.33734,3068.48361,0.60328,91.0345,8.317500086,3.098487628,34.9999994
7.87015,17.50429,49.38467,3063.70937,0.57575,91.17497,8.236620592,3.068357889,34.9999994
7.86926,17.54565,49.42964,3058.98653,0.5462,91.31436,8.159470991,3.039617633,34.9999994
7.86828,17.58694,49.4721,3054.31345,0.51474,91.45273,8.086123372,3.012293715,34.9999994
7.86719,17.62817,49.51191,3049.68849,0.48144,91.59014,8.016640425,2.986409489,34.9999994
7.86601,17.66933,49.54894,3045.10991,0.44639,91.72664,7.951076289,2.961985123,34.9999994
7.86474,17.71042,49.58304,3040.57595,0.40967,91.86229,7.889477351,2.939037898,34.9999994
7.86337,17.75146,49.61412,3036.08479,0.37139,91.99715,7.831883014,2.917582492,34.9999994
7.8619,17.79242,49.64205,3031.63457,0.33161,92.13129,7.778326419,2.897631251,34.9999994
7.86035,17.83333,49.66672,3027.22339,0.29045,92.26477,7.728835116,2.879194439,34.9999994
7.8587,17.87417,49.68805,3022.84931,0.24798,92.39764,7.683431694,2.862280469,34.9999994
7.85696,17.91495,49.70594,3018.51035,0.20431,92.52998,7.64213436,2.846896126,34.9999994
7.85513,17.95566,49.72032,3014.20452,0.15952,92.66184,7.604957463,2.833046754,34.9999994
7.85322,17.99632,49.7311,3009.92978,0.11372,92.7933,7.571911976,2.82073644,34.9999994
7.85121,18.03691,49.73822,3005.68406,0.067,92.92441,7.543005921,2.809968174,34.9999994
7.84911,18.07744,49.74162,3001.46526,0.01945,93.05525,7.518244744,2.800743984,34.9999994
7.84693,18.1179,49.74126,2997.27127,-0.02884,93.18587,7.497631645,2.793065062,34.9999994
7.84465,18.15831,49.73708,2993.09995,-0.07775,93.31636,7.481167849,2.786931865,34.9999994
7.84229,18.19865,49.72906,2988.94912,-0.12721,93.44676,7.468852838,2.7823442,34.9999994
7.83984,18.23893,49.71717,2984.81658,-0.1771,93.57716,7.460684527,2.779301289,34.9999994
7.83731,18.27915,49.70138,2980.70013,-0.22734,93.70761,7.456659389,2.777801819,34.9999994
7.83468,18.31931,49.68169,2976.59752,-0.27782,93.83819,7.456772544,2.777843972,34.9999994
7.83197,18.35941,49.65808,2972.50649,-0.32845,93.96897,7.461017786,2.779425437,34.9999994
7.82917,18.39944,49.63057,2968.42476,-0.37912,94.10001,7.469387574,2.782543403,34.9999994
7.82629,18.43942,49.59916,2964.35003,-0.42975,94.23138,7.481872972,2.787194542,34.9999994
7.82332,18.47933,49.56387,2960.27997,-0.48023,94.36316,7.49846354,2.793374965,34.9999994
7.82026,18.51918,49.52474,2956.21225,-0.53047,94.4954,7.519147191,2.801080169,34.9999994
7.81712,18.55896,49.48178,2952.1445,-0.58037,94.62818,7.543909987,2.810304962,34.9999994
7.81388,18.59869,49.43504,2948.07437,-0.62982,94.76158,7.572735908,2.821043376,34.9999994
7.81056,18.63835,49.38458,2943.99944,-0.67874,94.89565,7.605606559,2.833288559,34.9999994
7.80716,18.67795,49.33044,2939.91733,-0.72702,95.03047,7.642500854,2.847032654,34.9999994
7.80366,18.71748,49.27269,2935.82562,-0.77456,95.16611,7.683394641,2.862266666,34.9999994
7.80008,18.75695,49.2114,2931.72188,-0.82127,95.30264,7.728260295,2.878980303,34.9999994
7.79641,18.79636,49.14665,2927.60369,-0.86706,95.44013,7.777066273,2.897161814,34.9999994
7.79265,18.8357,49.07853,2923.46859,-0.91182,95.57865,7.829776625,2.916797807,34.9999994
7.7888,18.87497,49.00712,2919.31416,-0.95547,95.71826,7.886350472,2.937873053,34.9999994
7.78486,18.91418,48.93252,2915.13795,-0.9979,95.85903,7.946741456,2.960370284,34.9999994
7.78084,18.95333,48.85484,2910.93752,-1.03902,96.00105,8.010897149,2.984269967,34.9999994
7.77672,18.9924,48.7742,2906.71044,-1.07874,96.14436,8.078758445,3.009550086,34.9999994
7.77251,19.03141,48.69072,2902.4543,-1.11697,96.28904,8.150258924,3.036185895,34.9999994
7.76821,19.07035,48.60451,2898.16669,-1.15361,96.43516,8.2253242,3.064149686,34.9999994
7.76381,19.10922,48.51572,2893.84523,-1.18859,96.58278,8.303871255,3.093410531,34.9999994
7.75937,19.14802,48.42617,2889.48228,-1.17697,96.58969,8.383776409,3.123177303,0
7.75493,19.18677,48.33772,2885.07169,-1.16311,96.59658,8.462829211,3.152626552,0
7.7505,19.22546,48.25053,2880.61344,-1.14704,96.60346,8.540785039,3.181667149,0
7.74607,19.26408,48.16478,2876.10766,-1.12879,96.61033,8.617400787,3.210208531,0
7.74164,19.30265,48.08061,2871.55461,-1.10838,96.61719,8.692431764,3.238159544,0
7.73721,19.34115,47.99819,2866.9547,-1.08588,96.62403,8.765633007,3.265428933,0
7.73278,19.37959,47.91766,2862.3085,-1.06132,96.63087,8.836760674,3.29192586,0
7.72836,19.41797,47.83918,2857.61674,-1.03478,96.63769,8.905573507,3.317560451,0
7.72394,19.45629,47.76289,2852.88026,-1.00631,96.6445,8.971834354,3.34224436,0
7.71952,19.49454,47.68892,2848.10008,-0.976,96.6513,9.03531172,3.365891349,0
7.7151,19.53273,47.61739,2843.27737,-0.94392,96.65808,9.095781353,3.388417878,0
7.71069,19.57085,47.54844,2838.41342,-0.91016,96.66486,9.153027825,3.409743695,0
7.70628,19.6089,47.48217,2833.50969,-0.87483,96.67162,9.206846098,3.429792418,0
7.70188,19.64689,47.41869,2828.56776,-0.83801,96.67837,9.257043061,3.448492108,0
7.69747,19.68482,47.35809,2823.58933,-0.79982,96.68511,9.303439001,3.465775816,0
7.69308,19.72267,47.30047,2818.57625,-0.76038,96.69184,9.345869006,3.481582109,0
7.68868,19.76046,47.2459,2813.53047,-0.71979,96.69856,9.384184264,3.495855551,0
7.68429,19.79818,47.19446,2808.45405,-0.6782,96.70526,9.418253254,3.508547146,0
7.6799,19.83583,47.14619,2803.34915,-0.63571,96.71195,9.447962801,3.519614734,0
7.67551,19.87341,47.10116,2798.21804,-0.59247,96.71863,9.47321898,3.529023325,0
7.67113,19.91092,47.0594,2793.06305,-0.54861,96.7253,9.493947864,3.53674538,0
7.66675,19.94837,47.02094,2787.88657,-0.50427,96.73196,9.510096096,3.542761021,0
7.66238,19.98574,46.9858,2782.69109,-0.45958,96.7386,9.52163128,3.547058181,0
7.65801,20.02304,46.95398,2777.4791,-0.41469,96.74523,9.528542189,3.549632676,0
7.65364,20.06028,46.92549,2772.25316,-0.36975,96.75185,9.530838775,3.550488215,0
7.64928,20.09744,46.9003,2767.01584,-0.32488,96.75846,9.528552006,3.549636334,0
7.64492,20.13453,46.87841,2761.76973,-0.28024,96.76506,9.521733502,3.547096261,0
7.64057,20.17155,46.85977,2756.51742,-0.23596,96.77164,9.510455004,3.542894724,0
7.63622,20.2085,46.84434,2751.26147,-0.19219,96.77821,9.494807673,3.537065682,0
7.63187,20.24537,46.83206,2746.00446,-0.14905,96.78477,9.474901229,3.529650007,0
7.62753,20.28218,46.82288,2740.74889,-0.10669,96.79132,9.450862946,3.520695115,0
7.62319,20.31891,46.81672,2735.49726,-0.06523,96.79786,9.422836531,3.510254537,0
7.61886,20.35558,46.81351,2730.25199,-0.0248,96.80438,9.390980876,3.498387468,0
7.61453,20.39217,46.81315,2725.01545,0.01449,96.81089,9.355468738,3.485158262,0
7.6102,20.42869,46.81554,2719.78994,0.05251,96.81739,9.31648533,3.470635917,0
7.60588,20.46514,46.82059,2714.57767,0.08915,96.82388,9.274226874,3.45489353,0
7.60156,20.50152,46.82818,2709.38079,0.12431,96.83035,9.228899109,3.438007745,0
7.59725,20.53783,46.83819,2704.20134,0.1579,96.83681,9.180715792,3.420058192,0
7.59294,20.57407,46.85049,2699.04126,0.18981,96.84327,9.129897198,3.401126928,0
7.58864,20.61024,46.86497,2693.90239,0.21997,96.8497,9.076668645,3.381297892,0
7.58433,20.64633,46.88147,2688.78648,0.24828,96.85613,9.02125905,3.36065636,0
7.58004,20.68236,46.89987,2683.69516,0.27469,96.86255,8.963899537,3.339288432,0
7.57575,20.71832,46.92002,2678.62993,0.29913,96.86895,8.904822109,3.317280535,0
7.57146,20.75422,46.94178,2673.59222,0.32153,96.87534,8.844258386,3.294718955,0
7.56717,20.79004,46.96498,2668.58329,0.34185,96.88172,8.782438437,3.271689397,0
7.5629,20.82579,46.98949,2663.60432,0.36004,96.88808,8.719589683,3.248276583,0
7.55862,20.86148,47.01514,2658.65638,0.37608,96.89444,8.655935914,3.224563879,0
7.55435,20.8971,47.04179,2653.7404,0.38992,96.90078,8.591696381,3.200632963,0
7.55008,20.93265,47.06927,2648.8572,0.40154,96.90711,8.527085009,3.176563527,0
7.54582,20.96814,47.09743,2644.00749,0.41093,96.91343,8.462309687,3.152433015,0
7.54156,21.00356,47.12611,2639.19189,0.41809,96.91974,8.397571677,3.128316403,0
7.5373,21.03892,47.15515,2634.41088,0.423,96.92603,8.333065099,3.104286005,0
7.53305,21.07421,47.1844,2629.66485,0.42568,96.93231,8.268976525,3.080411325,0
7.5288,21.10944,47.21371,2624.95407,0.42612,96.93858,8.205484649,3.056758931,0
7.52456,21.1446,47.24292,2620.27874,0.42435,96.94484,8.142760049,3.033392367,0
7.52032,21.1797,47.27188,2615.63893,0.4204,96.95109,8.080965018,3.010372092,0
7.51608,21.21474,47.30044,2611.03463,0.41427,96.95733,8.020253474,2.987755445,0
7.51185,21.24971,47.32847,2606.46575,0.40602,96.96355,7.960770931,2.965596632,0
7.50762,21.28462,47.35581,2601.93208,0.39566,96.96976,7.90265453,2.943946744,0
7.50339,21.31947,47.38233,2597.43336,0.38325,96.97596,7.846033123,2.92285378,0
7.49917,21.35426,47.40789,2592.96924,0.36883,96.98215,7.791027401,2.902362701,0
7.49495,21.38899,47.43236,2588.53928,0.35246,96.98832,7.737750067,2.882515492,0
7.49074,21.42366,47.45561,2584.14297,0.33417,96.99449,7.686306032,2.863351236,0
7.48652,21.45827,47.47753,2579.77974,0.31404,97.00064,7.636792649,2.844906198,0
7.48231,21.49282,47.498,2575.44894,0.29212,97.00678,7.589299964,2.827213923,0
7.47811,21.52731,47.51689,2571.14987,0.26848,97.01291,7.543910983,2.810305333,0
7.47391,21.56175,47.5341,2566.88176,0.24318,97.01903,7.500701954,2.794208833,0
7.46971,21.59612,47.54954,2562.64378,0.2163,97.02514,7.459742653,2.778950416,0
7.46551,21.63044,47.5631,2558.43504,0.1879,97.03123,7.421096671,2.764553771,0
7.46132,21.6647,47.57468,2554.25461,0.15807,97.03731,7.384821708,2.751040393,0
7.45713,21.69891,47.58421,2550.10152,0.12687,97.04339,7.350969856,2.738429687,0
7.45295,21.73306,47.59159,2545.97471,0.09439,97.04945,7.319587873,2.726739073,0
7.44877,21.76715,47.59677,2541.87312,0.06071,97.05549,7.290717455,2.715984082,0
7.44459,21.80119,47.59965,2537.79563,0.02592,97.06153,7.264395488,2.706178457,0
7.44041,21.83517,47.60019,2533.74107,-0.00991,97.06756,7.240654285,2.697334234,0
7.43624,21.86909,47.59832,2529.70825,-0.04669,97.07357,7.219521816,2.689461833,0
7.43207,21.90297,47.59399,2525.69592,-0.08432,97.07957,7.201021905,2.68257013,0
7.4279,21.93678,47.58715,2521.70283,-0.12273,97.08556,7.18517442,2.676666525,0
7.42374,21.97055,47.57777,2517.72766,-0.16182,97.09154,7.171995441,2.671757008,0
7.41958,22.00426,47.56581,2513.76909,-0.2015,97.09751,7.161497396,2.66784621,0
7.41542,22.03791,47.55124,2509.82575,-0.24168,97.10347,7.153689188,2.664937447,0
7.41127,22.07152,47.53404,2505.89625,-0.28228,97.10942,7.148576295,2.66303276,0
7.40712,22.10507,47.5142,2501.97918,-0.32319,97.11535,7.146160844,2.662132941,0
7.40297,22.13856,47.4917,2498.07309,-0.36432,97.12127,7.146441667,2.662237555,0
7.39882,22.172,47.46655,2494.17654,-0.40559,97.12719,7.14941433,2.66334495,0
7.39468,22.20539,47.43874,2490.28804,-0.4469,97.13309,7.155071144,2.665452262,0
7.39054,22.23873,47.40828,2486.40609,-0.48816,97.13898,7.163401149,2.668555408,0
7.38641,22.27202,47.37519,2482.52917,-0.52927,97.14485,7.174390082,2.672649075,0
7.38227,22.30525,47.33949,2478.65577,-0.57015,97.15072,7.188020319,2.677726697,0
7.37814,22.33843,47.30121,2474.78433,-0.61069,97.15658,7.204270797,2.683780428,0
7.37402,22.37155,47.26037,2470.9133,-0.65082,97.16242,7.223116922,2.690801105,0
7.36989,22.40463,47.21702,2467.04112,-0.69043,97.16826,7.244530454,2.698778209,0
7.36577,22.43765,47.1712,2463.16623,-0.72943,97.17408,7.268479376,2.707699813,0
7.36166,22.47062,47.12297,2459.28706,-0.76775,97.17989,7.29492775,2.717552528,0
7.35754,22.50353,47.07237,2455.40203,-0.80528,97.18569,7.323835557,2.728321447,0
7.35343,22.5364,47.01946,2451.50956,-0.84194,97.19148,7.355158529,2.739990078,0
7.34932,22.56921,46.96432,2447.60811,-0.87765,97.19726,7.388847966,2.75254028,0
7.34522,22.60196,46.90701,2443.6961,-0.91232,97.20303,7.424850553,2.765952191,0
7.34112,22.63467,46.84762,2439.77198,-0.94586,97.20878,7.463108166,2.780204158,0
7.33702,22.66732,46.78622,2435.83422,-0.9782,97.21453,7.503557677,2.795272665,0
7.33293,22.69991,46.7229,2431.88129,-1.00925,97.22026,7.54613077,2.811132263,0
7.32884,22.73246,46.65775,2427.9117,-1.03894,97.22599,7.590753745,2.827755495,0
7.32475,22.76495,46.59086,2423.92397,-1.06719,97.2317,7.637347343,2.845112836,0
7.32067,22.79738,46.52234,2419.91664,-1.09394,97.2374,7.685826577,2.863172626,0
7.31659,22.82976,46.45229,2415.8883,-1.11911,97.24309,7.736100583,2.881901016,0
7.31251,22.86209,46.38083,2411.83757,-1.14263,97.24877,7.788072481,2.901261916,0
7.30844,22.89436,46.30805,2407.76309,-1.16445,97.25444,7.841639272,2.921216955,0
7.30437,22.92657,46.23407,2403.66357,-1.18449,97.2601,7.896691754,2.941725453,0
7.3003,22.95873,46.15902,2399.53776,-1.20272,97.26575,7.953114472,2.9627444,0
7.29624,22.99084,46.08302,2395.38445,-1.21906,97.27139,8.010785709,2.984228453,0
7.29218,23.02288,46.00618,2391.2025,-1.23349,97.27702,8.069577511,3.006129946,0
7.28813,23.05487,45.92863,2386.99083,-1.24594,97.28263,8.129355763,3.028398918,0
7.28408,23.08681,45.85051,2382.74842,-1.25639,97.28824,8.18998031,3.050983157,0
7.28003,23.11869,45.77194,2378.47433,-1.2648,97.29383,8.251305133,3.073828267,0
7.27599,23.1505,45.69305,2374.16769,-1.27115,97.29941,8.313178578,3.096877753,0
7.27196,23.18226,45.61398,2369.82771,-1.2754,97.30499,8.375443653,3.120073132,0
7.26792,23.21397,45.53486,2365.45368,-1.27754,97.31055,8.437938368,3.143354058,0
7.26389,23.24561,45.45581,2361.04499,-1.27756,97.3161,8.500496163,3.166658482,0
7.25987,23.27719,45.37698,2356.60111,-1.27545,97.32164,8.562946377,3.18992283,0
7.25585,23.30871,45.29849,2352.1216,-1.27121,97.32717,8.625114795,3.213082202,0
7.25184,23.34018,45.22047,2347.60614,-1.26485,97.33269,8.686824258,3.2360706,0
7.24783,23.37158,45.14307,2343.0545,-1.25639,97.3382,8.747895329,3.258821181,0
7.24382,23.40292,45.06639,2338.46655,-1.24584,97.3437,8.808147027,3.281266524,0
7.23982,23.4342,44.99058,2333.84227,-1.23322,97.34919,8.867397609,3.303338925,0
7.23582,23.46541,44.91575,2329.18176,-1.21858,97.35467,8.925465412,3.324970709,0
7.23183,23.49657,44.84202,2324.48522,-1.20194,97.36014,8.982169738,3.346094563,0
7.22785,23.52766,44.76951,2319.75296,-1.18337,97.36559,9.037331776,3.366643873,0
7.22387,23.55868,44.69833,2314.9854,-1.1629,97.37104,9.090775561,3.386553089,0
7.21989,23.58965,44.62859,2310.18308,-1.1406,97.37648,9.142328952,3.405758084,0
7.21592,23.62054,44.5604,2305.34666,-1.11654,97.3819,9.191824632,3.424196527,0
7.21196,23.65138,44.49386,2300.47688,-1.09079,97.38732,9.239101101,3.441808255,0
7.208,23.68214,44.42905,2295.57461,-1.06343,97.39272,9.284003671,3.458535644,0
7.20405,23.71285,44.36608,2290.64082,-1.03454,97.39812,9.326385444,3.47432397,0
7.2001,23.74348,44.30501,2285.67659,-1.00422,97.4035,9.366108259,3.489121764,0
7.19616,23.77405,44.24592,2280.68308,-0.97255,97.40887,9.403043595,3.502881148,0
7.19222,23.80455,44.1889,2275.66155,-0.93965,97.41424,9.437073434,3.515558159,0
7.18829,23.83498,44.13399,2270.61336,-0.90562,97.41959,9.468091057,3.527113039,0
7.18436,23.86535,44.08125,2265.53995,-0.87057,97.42493,9.496001764,3.537510512,0
7.18045,23.89565,44.03073,2260.44282,-0.83461,97.43026,9.520723522,3.546720017,0
7.17653,23.92588,43.98248,2255.32358,-0.79786,97.43558,9.54218752,3.554715921,0
7.17263,23.95604,43.93653,2250.18386,-0.76045,97.44089,9.560338628,3.561477687,0
7.16873,23.98613,43.8929,2245.02539,-0.7225,97.44619,9.575135753,3.566990005,0
7.16483,24.01615,43.85161,2239.84991,-0.68414,97.45148,9.586552091,3.571242891,0
7.16094,24.0461,43.81267,2234.65923,-0.64548,97.45676,9.594575268,3.574231736,0
7.15706,24.07599,43.77608,2229.4552,-0.60667,97.46203,9.599207371,3.575957316,0
7.15318,24.1058,43.74185,2224.23968,-0.56783,97.46729,9.600464865,3.576425766,0
7.14932,24.13554,43.70995,2219.01455,-0.52909,97.47253,9.598378404,3.575648504,0
7.14545,24.16521,43.68037,2213.78172,-0.49057,97.47777,9.592992537,3.573642127,0
7.1416,24.19481,43.65307,2208.54308,-0.45242,97.483,9.584365306,3.570428256,0
7.13775,24.22435,43.62804,2203.30054,-0.41474,97.48821,9.572567756,3.566033359,0
7.1339,24.25381,43.60521,2198.05597,-0.37767,97.49342,9.557683353,3.560488527,0
7.13006,24.2832,43.58455,2192.81126,-0.34133,97.49861,9.53980732,3.553829234,0
7.12623,24.31252,43.566,2187.56823,-0.30584,97.5038,9.519045905,3.546095061,0
7.12241,24.34177,43.5495,2182.3287,-0.2713,97.50897,9.495515586,3.537329398,0
7.11859,24.37094,43.53498,2177.09444,-0.23783,97.51414,9.46934222,3.52757913,0
7.11478,24.40005,43.52237,2171.86718,-0.20554,97.51929,9.440660164,3.51689431,0
7.11098,24.42909,43.51158,2166.64858,-0.17453,97.52443,9.409611349,3.505327809,0
7.10718,24.45806,43.50254,2161.44026,-0.1449,97.52956,9.376344344,3.492934975,0
7.10339,24.48695,43.49515,2156.24379,-0.11672,97.53468,9.341013412,3.479773273,0
7.0996,24.51578,43.48933,2151.06064,-0.0901,97.53979,9.303777557,3.465901937,0
7.09582,24.54454,43.48497,2145.89226,-0.06511,97.54489,9.264799589,3.451381618,0
7.09205,24.57323,43.48198,2140.73997,-0.04182,97.54998,9.224245204,3.436274043,0
7.08829,24.60184,43.48025,2135.60507,-0.02031,97.55506,9.182282088,3.420641678,0
7.08453,24.63039,43.47967,2130.48875,-0.00062,97.56013,9.139079056,3.404547412,0
7.08077,24.65887,43.48014,2125.39212,0.01717,97.56519,9.094805233,3.388054248,0
7.07703,24.68729,43.48154,2120.31622,0.03304,97.57023,9.049629269,3.371225013,0
7.07329,24.71563,43.48377,2115.262,0.04692,97.57527,9.003718614,3.354122086,0
7.06956,24.7439,43.4867,2110.23034,0.0588,97.58029,8.957238843,3.336807148,0
7.06583,24.77211,43.49023,2105.22202,0.06864,97.58531,8.910353022,3.319340946,0
7.06211,24.80025,43.49423,2100.23774,0.07641,97.59031,8.863221152,3.301783085,0
7.0584,24.82832,43.49859,2095.27812,0.08211,97.59531,8.81599965,3.284191832,0
7.05469,24.85633,43.5032,2090.34369,0.08572,97.60029,8.768840895,3.266623955,0
7.05099,24.88427,43.50794,2085.43492,0.08724,97.60526,8.721892831,3.249134566,0
7.04729,24.91214,43.51269,2080.55216,0.08668,97.61022,8.675298624,3.231776998,0
7.0436,24.93995,43.51734,2075.69571,0.08404,97.61517,8.629196364,3.214602693,0
7.03992,24.96769,43.52178,2070.8658,0.07933,97.62011,8.583718829,3.197661115,0
7.03625,24.99537,43.52591,2066.06254,0.07259,97.62504,8.538993292,3.180999676,0
7.03258,25.02298,43.5296,2061.286,0.06382,97.62996,8.495141367,3.16466368,0
7.02891,25.05053,43.53276,2056.53617,0.05307,97.63487,8.452278906,3.148696285,0
7.02525,25.07802,43.53528,2051.81296,0.04037,97.63977,8.410515926,3.133138476,0
7.0216,25.10544,43.53706,2047.11623,0.02576,97.64465,8.369956579,3.118029052,0
7.01796,25.1328,43.53801,2042.44574,0.00928,97.64953,8.330699143,3.103404625,0
7.01432,25.16009,43.53803,2037.80121,-0.00901,97.65439,8.292836048,3.089299626,0
7.01068,25.18732,43.53702,2033.1823,-0.02907,97.65925,8.256453923,3.075746327,0
7.00705,25.21449,43.5349,2028.58858,-0.05083,97.66409,8.221633664,3.062774864,0
7.00343,25.2416,43.53159,2024.01959,-0.07423,97.66893,8.188450516,3.050413268,0
6.99982,25.26865,43.52701,2019.47481,-0.0992,97.67375,8.156974175,3.038687503,0
6.99621,25.29564,43.52108,2014.95366,-0.12569,97.67856,8.127268896,3.027621505,0
6.9926,25.32256,43.51373,2010.45549,-0.15362,97.68336,8.099393609,3.017237227,0
6.989,25.34943,43.50489,2005.97964,-0.18291,97.68815,8.07340204,3.007554684,0
6.98541,25.37623,43.49449,2001.52536,-0.21348,97.69293,8.049342841,2.998591999,0
6.98182,25.40297,43.48249,1997.09189,-0.24527,97.6977,8.02725971,2.990365452,0
6.97824,25.42966,43.46883,1992.6784,-0.27817,97.70246,8.007191516,2.982889521,0
6.97467,25.45628,43.45346,1988.28403,-0.31212,97.70721,7.989172421,2.976176935,0
6.9711,25.48285,43.43632,1983.90789,-0.34703,97.71194,7.973231995,2.970238706,0
6.96753,25.50936,43.41739,1979.54903,-0.3828,97.71667,7.959395321,2.965084181,0
6.96398,25.53581,43.39664,1975.20649,-0.41935,97.72139,7.947683101,2.960721071,0
6.96042,25.5622,43.37402,1970.87925,-0.45659,97.72609,7.938111745,2.957155489,0
6.95688,25.58853,43.34951,1966.56628,-0.49443,97.73079,7.930693452,2.95439198,0
6.95333,25.6148,43.3231,1962.26652,-0.53277,97.73547,7.925436287,2.952433548,0
6.9498,25.64102,43.29477,1957.97886,-0.57152,97.74014,7.922344238,2.951281678,0
6.94627,25.66717,43.26451,1953.70221,-0.61059,97.74481,7.921417268,2.950936357,0
6.94274,25.69327,43.23231,1949.4354,-0.64987,97.74946,7.922651357,2.951396088,0
6.93922,25.71932,43.19817,1945.17729,-0.68929,97.7541,7.926038529,2.952657899,0
6.93571,25.7453,43.16211,1940.92669,-0.72873,97.75873,7.931566867,2.95471735,0
6.9322,25.77123,43.12412,1936.6824,-0.76811,97.76336,7.939220527,2.95756854,0
6.9287,25.7971,43.08423,1932.44323,-0.80734,97.76797,7.948979731,2.9612041,0
6.9252,25.82291,43.04244,1928.20793,-0.84631,97.77257,7.960820762,2.965615196,0
6.92171,25.84867,42.99879,1923.97529,-0.88493,97.77716,7.974715938,2.970791514,0
6.91823,25.87437,42.95331,1919.74406,-0.92312,97.78174,7.990633593,2.97672126,0
6.91475,25.90001,42.90602,1915.51301,-0.96077,97.78631,8.008538042,2.983391138,0
6.91127,25.92559,42.85697,1911.28088,-0.9978,97.79087,8.028389548,2.990786346,0
6.90781,25.95112,42.80619,1907.04643,-1.03412,97.79541,8.05014428,2.998890556,0
6.90434,25.97659,42.75373,1902.80842,-1.06964,97.79995,8.073754278,3.007685902,0
6.90089,26.002,42.69964,1898.56561,-1.10428,97.80448,8.099167407,3.017152961,0
6.89743,26.02736,42.64398,1894.31679,-1.13794,97.809,8.126327328,3.027270746,0
6.89399,26.05266,42.5868,1890.06072,-1.17056,97.81351,8.155173459,3.038016689,0
6.89055,26.0779,42.52816,1885.79621,-1.20204,97.81801,8.18564095,3.049366631,0
6.88712,26.10308,42.46814,1881.52208,-1.23231,97.82249,8.217660666,3.061294818,0
6.88369,26.12821,42.40679,1877.23716,-1.2613,97.82697,8.251159179,3.073773895,0
6.88027,26.15328,42.3442,1872.94032,-1.28894,97.83144,8.286058775,3.086774913,0
6.87685,26.17829,42.28043,1868.63044,-1.31515,97.8359,8.322277472,3.10026733,0
6.87344,26.20324,42.21556,1864.30644,-1.33987,97.84035,8.359729059,3.114219032,0
6.87004,26.22813,42.14968,1859.96727,-1.36305,97.84478,8.398323157,3.128596349,0
6.86664,26.25297,42.08286,1855.61192,-1.38462,97.84921,8.437965294,3.143364088,0
6.86325,26.27774,42.01519,1851.23943,-1.40454,97.85363,8.478557013,3.158485572,0
6.85986,26.30246,41.94676,1846.84885,-1.42275,97.85804,8.519995998,3.173922684,0
6.85648,26.32712,41.87765,1842.4393,-1.4392,97.86244,8.562176233,3.189635931,0
6.85311,26.35171,41.80796,1838.00997,-1.45387,97.86683,8.60498819,3.205584512,0
6.84974,26.37625,41.73778,1833.56005,-1.46671,97.87121,8.648319045,3.221726395,0
6.84638,26.40073,41.6672,1829.08884,-1.47769,97.87558,8.692052925,3.238018416,0
6.84302,26.42515,41.59631,1824.59566,-1.48679,97.87994,8.736071196,3.25441638,0
6.83968,26.44951,41.5252,1820.07991,-1.494,97.88429,8.780252769,3.270875179,0
6.83633,26.47381,41.45398,1815.54105,-1.4993,97.88863,8.824474456,3.287348921,0
6.833,26.49804,41.38272,1810.9786,-1.50267,97.89296,8.868611345,3.303791073,0
6.82967,26.52222,41.31154,1806.39217,-1.50413,97.89728,8.912537215,3.320154616,0
6.82635,26.54633,41.24051,1801.78141,-1.50367,97.90159,8.956124977,3.336392204,0
6.82303,26.57038,41.16973,1797.14607,-1.5013,97.90589,8.999247148,3.352456347,0
6.81972,26.59437,41.09928,1792.48596,-1.49704,97.91019,9.041776346,3.368299592,0
6.81642,26.6183,41.02927,1787.80097,-1.49092,97.91447,9.083585815,3.383874719,0
6.81313,26.64216,40.95976,1783.09107,-1.48296,97.91875,9.124549964,3.399134943,0
6.80984,26.66596,40.89086,1778.35631,-1.47319,97.92301,9.164544933,3.414034121,0
6.80656,26.6897,40.82263,1773.59679,-1.46166,97.92727,9.20344916,3.428526969,0
6.80328,26.71337,40.75516,1768.81274,-1.44841,97.93151,9.241143963,3.442569275,0
6.80002,26.73698,40.68853,1764.00442,-1.4335,97.93575,9.277514127,3.456118118,0
6.79676,26.76053,40.6228,1759.17219,-1.41698,97.93998,9.312448487,3.469132087,0
6.7935,26.78401,40.55804,1754.31649,-1.39892,97.9442,9.345840503,3.481571491,0
6.79026,26.80742,40.49433,1749.43782,-1.3794,97.94841,9.377588825,3.493398577,0
6.78702,26.83077,40.43172,1744.53676,-1.35848,97.95261,9.407597843,3.504577725,0
6.78379,26.85406,40.37027,1739.61397,-1.33624,97.9568,9.435778204,3.515075651,0
6.78057,26.87728,40.31004,1734.67016,-1.31277,97.96098,9.462047316,3.524861587,0
6.77735,26.90043,40.25106,1729.70614,-1.28816,97.96515,9.486329799,3.53390745,0
6.77414,26.92351,40.1934,1724.72274,-1.26251,97.96932,9.508557916,3.542188009,0
6.77094,26.94653,40.13707,1719.72088,-1.23591,97.97347,9.528671947,3.549681015,0
6.76775,26.96949,40.08213,1714.70153,-1.20846,97.97762,9.546620523,3.556367332,0
6.76456,26.99237,40.02859,1709.66571,-1.18027,97.98176,9.562360904,3.562231037,0
6.76138,27.01519,39.97649,1704.61448,-1.15144,97.98588,9.575859205,3.56725951,0
6.75821,27.03794,39.92583,1699.54896,-1.12209,97.99,9.587090569,3.571443488,0
6.75505,27.06062,39.87664,1694.4703,-1.09233,97.99411,9.596039272,3.574777116,0
6.7519,27.08323,39.82893,1689.37969,-1.06227,97.99821,9.60269878,3.577257958,0
6.74875,27.10578,39.78269,1684.27834,-1.03202,98.00231,9.607071735,3.578886999,0
6.74561,27.12826,39.73792,1679.1675,-1.00169,98.00639,9.609169891,3.579668617,0
6.74248,27.15067,39.69462,1674.04842,-0.97142,98.01046,9.609013982,3.579610537,0
6.73936,27.17301,39.65277,1668.9224,-0.9413,98.01453,9.606633542,3.57872376,0
6.73624,27.19528,39.61236,1663.7907,-0.91145,98.01858,9.602066669,3.57702248,0
6.73313,27.21749,39.57336,1658.65462,-0.88199,98.02263,9.595359726,3.574523967,0
6.73004,27.23962,39.53575,1653.51547,-0.85303,98.02667,9.586567015,3.571248451,0
6.72694,27.26169,39.4995,1648.37452,-0.82467,98.0307,9.575750386,3.567218972,0
6.72386,27.28368,39.46457,1643.23305,-0.79703,98.03472,9.56297882,3.562461227,0
6.72079,27.30561,39.43091,1638.09233,-0.7702,98.03873,9.548327972,3.557003401,0
6.71772,27.32747,39.39849,1632.95361,-0.74429,98.04273,9.531879684,3.550875981,0
6.71466,27.34926,39.36726,1627.81812,-0.7194,98.04672,9.513721478,3.544111572,0
6.71161,27.37099,39.33716,1622.68705,-0.69562,98.0507,9.493946019,3.536744693,0
6.70857,27.39264,39.30814,1617.56157,-0.67303,98.05468,9.472650574,3.528811579,0
6.70553,27.41423,39.28014,1612.44282,-0.65173,98.05864,9.44993646,3.520349974,0
6.70251,27.43574,39.2531,1607.33189,-0.63179,98.0626,9.425908478,3.511398919,0
6.69949,27.45719,39.22695,1602.22986,-0.61329,98.06654,9.400674362,3.501998547,0
6.69648,27.47857,39.20163,1597.13773,-0.5963,98.07048,9.374344224,3.492189877,0
6.69348,27.49988,39.17706,1592.05648,-0.58088,98.07441,9.347030005,3.482014612,0
6.69048,27.52113,39.15318,1586.98703,-0.5671,98.07833,9.318844951,3.471514938,0
6.6875,27.5423,39.12991,1581.93026,-0.555,98.08224,9.289903093,3.460733334,0
6.68452,27.56341,39.10719,1576.887,-0.54463,98.08614,9.260318751,3.449712388,0
6.68155,27.58445,39.08492,1571.85802,-0.53604,98.09003,9.230206064,3.43849462,0
6.67859,27.60542,39.06304,1566.84403,-0.52926,98.09391,9.19967854,3.427122314,0
6.67563,27.62633,39.04148,1561.8457,-0.52433,98.09778,9.168848629,3.415637361,0
6.67269,27.64717,39.02014,1556.86364,-0.52126,98.10164,9.137827331,3.404081111,0
6.66975,27.66794,38.99896,1551.89841,-0.52008,98.1055,9.106723825,3.392494237,0
6.66682,27.68865,38.97785,1546.9505,-0.52079,98.10934,9.075645133,3.380916607,0
6.6639,27.70929,38.95675,1542.02034,-0.52341,98.11317,9.04469581,3.369387169,0
6.66098,27.72986,38.93557,1537.10833,-0.52793,98.117,9.013977659,3.35794385,0
6.65808,27.75037,38.91424,1532.21478,-0.53435,98.12082,8.983589485,3.346623456,0
6.65518,27.77081,38.89268,1527.33998,-0.54267,98.12462,8.953626866,3.335461592,0
6.65229,27.79119,38.87081,1522.48412,-0.55285,98.12842,8.924181958,3.324492589,0
6.64941,27.8115,38.84858,1517.64738,-0.56489,98.1322,8.895343322,3.313749438,0
6.64653,27.83175,38.8259,1512.82985,-0.57876,98.13598,8.867195779,3.303263737,0
6.64367,27.85193,38.80271,1508.0316,-0.59442,98.13975,8.839820283,3.293065645,0
6.64081,27.87205,38.77895,1503.2526,-0.61184,98.14351,8.813293823,3.283183841,0
6.63796,27.8921,38.75454,1498.49282,-0.63098,98.14726,8.787689338,3.273645496,0
6.63511,27.91209,38.72942,1493.75215,-0.65179,98.151,8.763075655,3.264476252,0
6.63228,27.93202,38.70354,1489.03044,-0.67422,98.15473,8.73951744,3.255700197,0
6.62945,27.95188,38.67684,1484.32748,-0.69822,98.15845,8.717075167,3.24733986,0
6.62663,27.97168,38.64926,1479.64302,-0.72373,98.16216,8.695805102,3.239416201,0
6.62382,27.99142,38.62075,1474.97678,-0.75069,98.16586,8.67575929,3.231948608,0
6.62101,28.0111,38.59127,1470.32841,-0.77903,98.16955,8.656985565,3.224954902,0
6.61822,28.03071,38.56076,1465.69753,-0.80869,98.17323,8.639527558,3.218451335,0
6.61543,28.05026,38.5292,1461.08373,-0.8396,98.1769,8.623424716,3.212452603,0
6.61264,28.06975,38.49652,1456.48654,-0.87167,98.18056,8.608712331,3.206971852,0
6.60987,28.08918,38.46271,1451.90547,-0.90484,98.18422,8.595421566,3.202020692,0
6.6071,28.10854,38.42773,1447.33997,-0.93901,98.18786,8.583579491,3.197609208,0
6.60434,28.12785,38.39155,1442.78948,-0.97412,98.19149,8.573209121,3.193745972,0
6.60159,28.14709,38.35414,1438.2534,-1.01007,98.19511,8.564329451,3.190438061,0
6.59884,28.16627,38.31548,1433.7311,-1.04679,98.19873,8.556955497,3.18769107,0
6.59611,28.1854,38.27555,1429.22191,-1.08418,98.20233,8.551098338,3.185509124,0
6.59338,28.20446,38.23434,1424.72514,-1.12215,98.20593,8.546765156,3.1838949,0
6.59065,28.22346,38.19184,1420.24007,-1.16062,98.20951,8.543959272,3.182849634,0
6.58794,28.2424,38.14804,1415.76598,-1.19949,98.21309,8.542680191,3.182373143,0
6.58523,28.26128,38.10293,1411.3021,-1.23868,98.21665,8.542923637,3.182463833,0
6.58253,28.2801,38.05651,1406.84764,-1.27809,98.22021,8.544681593,3.183118718,0
6.57984,28.29886,38.00879,1402.40181,-1.31762,98.22375,8.547942339,3.184333431,0
6.57715,28.31756,37.95977,1397.9638,-1.3572,98.22729,8.552690489,3.186102242,0
6.57447,28.3362,37.90946,1393.53278,-1.39672,98.23082,8.558907026,3.188418066,0
6.5718,28.35479,37.85788,1389.1079,-1.4361,98.23434,8.566569346,3.191272482,0
6.56914,28.37331,37.80503,1384.68832,-1.47524,98.23784,8.575651292,3.194655745,0
6.56648,28.39177,37.75094,1380.27319,-1.51405,98.24134,8.586123195,3.198556805,0
6.56383,28.41018,37.69563,1375.86163,-1.55245,98.24483,8.59795192,3.202963316,0
6.56119,28.42852,37.63912,1371.4528,-1.59035,98.24831,8.61110091,3.207861661,0
6.55856,28.44681,37.58145,1367.04581,-1.62767,98.25178,8.625530237,3.213236965,0
6.55593,28.46503,37.52264,1362.63982,-1.66431,98.25525,8.641196654,3.219073117,0
6.55331,28.4832,37.46273,1358.23396,-1.70021,98.2587,8.658053661,3.225352796,0
6.5507,28.5013,37.40176,1353.82739,-1.73528,98.26214,8.676051565,3.232057489,0
6.5481,28.51935,37.33976,1349.41924,-1.76944,98.26557,8.695137561,3.239167524,0
6.5455,28.53734,37.27677,1345.00871,-1.80262,98.269,8.715255811,3.246662102,0
6.54291,28.55527,37.21284,1340.59496,-1.83475,98.27241,8.736347539,3.254519325,0
6.54033,28.57314,37.14802,1336.1772,-1.86576,98.27582,8.75835113,3.262716242,0
6.53776,28.59095,37.08235,1331.75464,-1.8956,98.27922,8.781202251,3.271228886,0
6.53519,28.6087,37.01588,1327.32653,-1.92419,98.2826,8.804833968,3.280032322,0
6.53263,28.62639,36.94866,1322.89211,-1.95148,98.28598,8.829176893,3.289100702,0
6.53008,28.64403,36.88075,1318.45068,-1.97743,98.28935,8.854159329,3.298407317,0
6.52753,28.6616,36.8122,1314.00156,-2.00198,98.29271,8.879707442,3.307924661,0
6.525,28.67911,36.74306,1309.54408,-2.02508,98.29606,8.905745438,3.3176245,0
6.52247,28.69656,36.67339,1305.07762,-2.04671,98.29941,8.932195757,3.32747794,0
6.51995,28.71396,36.60325,1300.6016,-2.06682,98.30274,8.958979285,3.337455508,0
6.51743,28.73129,36.53269,1296.11547,-2.08539,98.30607,8.986015574,3.347527237,0
6.51493,28.74856,36.46178,1291.61871,-2.1024,98.30938,9.013223085,3.357662751,0
6.51243,28.76578,36.39056,1287.11084,-2.11781,98.31269,9.040519438,3.367831361,0
6.50994,28.78293,36.3191,1282.59144,-2.13163,98.31599,9.067821675,3.378002163,0
6.50746,28.80002,36.24746,1278.06012,-2.14384,98.31928,9.095046544,3.388144143,0
6.50498,28.81705,36.17569,1273.51654,-2.15444,98.32256,9.122110781,3.398226283,0
6.50251,28.83402,36.10385,1268.96039,-2.16343,98.32584,9.148931416,3.408217675,0
6.50006,28.85093,36.032,1264.39144,-2.17082,98.3291,9.175426079,3.418087634,0
6.4976,28.86777,35.96019,1259.80949,-2.17663,98.33236,9.201513315,3.427805816,0
6.49516,28.88456,35.88848,1255.21438,-2.18088,98.33561,9.227112908,3.437342338,0
6.49273,28.90129,35.81691,1250.60601,-2.18358,98.33885,9.252146201,3.446667899,0
6.4903,28.91795,35.74554,1245.98434,-2.18478,98.34208,9.276536429,3.4557539,0
6.48788,28.93455,35.67443,1241.34937,-2.1845,98.34531,9.300209037,3.464572569,0
6.48547,28.95109,35.60361,1236.70114,-2.18279,98.34852,9.323092007,3.473097078,0
6.48307,28.96757,35.53313,1232.03977,-2.17971,98.35173,9.345116173,3.481301659,0
6.48067,28.98398,35.46304,1227.3654,-2.17529,98.35493,9.366215531,3.489161725,0
6.47828,29.00033,35.39338,1222.67824,-2.16959,98.35812,9.386327535,3.496653976,0
6.47591,29.01662,35.32419,1217.97854,-2.16269,98.3613,9.405393381,3.503756505,0
6.47354,29.03285,35.25551,1213.26661,-2.15464,98.36448,9.423358283,3.510448904,0
6.47117,29.04901,35.18736,1208.54279,-2.14553,98.36764,9.440171717,3.51671235,0
6.46882,29.06511,35.11978,1203.80747,-2.13541,98.3708,9.455787657,3.522529699,0
6.46647,29.08115,35.0528,1199.06109,-2.12437,98.37395,9.470164789,3.527885559,0
6.46414,29.09713,34.98645,1194.30413,-2.11251,98.3771,9.483266688,3.532766361,0
6.46181,29.11304,34.92074,1189.53711,-2.09989,98.38023,9.495061987,3.53716042,0
6.45949,29.12888,34.85569,1184.76059,-2.08661,98.38336,9.505524507,3.541057984,0
6.45718,29.14467,34.79133,1179.97517,-2.07277,98.38648,9.514633364,3.544451273,0
6.45487,29.16039,34.72766,1175.18147,-2.05845,98.38959,9.522373043,3.547334507,0
6.45258,29.17604,34.6647,1170.38015,-2.04376,98.39269,9.528733447,3.549703925,0
6.45029,29.19163,34.60245,1165.5719,-2.02879,98.39579,9.53370991,3.551557788,0
6.44802,29.20716,34.54091,1160.75744,-2.01365,98.39888,9.537303187,3.552896379,0
6.44575,29.22263,34.48009,1155.9375,-1.99843,98.40196,9.539519409,3.55372198,0
6.44349,29.23802,34.41998,1151.11285,-1.98323,98.40503,9.540370005,3.554038849,0
6.44123,29.25336,34.36058,1146.28427,-1.96815,98.40809,9.539871608,3.553853183,0
6.43899,29.26863,34.30187,1141.45253,-1.9533,98.41115,9.538045916,3.553173065,0
6.43676,29.28384,34.24385,1136.61846,-1.93878,98.4142,9.534919545,3.552008409,0
6.43453,29.29898,34.1865,1131.78286,-1.92468,98.41724,9.53052384,3.550370894,0
6.43231,29.31405,34.12981,1126.94654,-1.9111,98.42027,9.524894677,3.548273882,0
6.4301,29.32907,34.07375,1122.11035,-1.89815,98.4233,9.518072236,3.545732343,0
6.4279,29.34401,34.0183,1117.27509,-1.8859,98.42631,9.510100754,3.542762757,0
6.42571,29.3589,33.96344,1112.4416,-1.87446,98.42932,9.501028271,3.539383018,0
6.42353,29.37372,33.90913,1107.61068,-1.86392,98.43232,9.490906349,3.535612336,0
6.42136,29.38847,33.85535,1102.78315,-1.85436,98.43532,9.479789786,3.531471124,0
6.41919,29.40316,33.80206,1097.9598,-1.84586,98.4383,9.467736322,3.526980891,0
6.41703,29.41779,33.74924,1093.14143,-1.8385,98.44128,9.454806328,3.522164128,0
6.41489,29.43235,33.69684,1088.32881,-1.83237,98.44425,9.441062502,3.517044191,0
6.41275,29.44685,33.64482,1083.52268,-1.82752,98.44721,9.426569551,3.511645186,0
6.41062,29.46128,33.59316,1078.7238,-1.82402,98.45016,9.411393882,3.50599185,0
6.4085,29.47565,33.5418,1073.93287,-1.82195,98.45311,9.395603287,3.500109438,0
6.40638,29.48995,33.49071,1069.15058,-1.82135,98.45604,9.379266633,3.494023604,0
6.40428,29.50419,33.43985,1064.37761,-1.82228,98.45897,9.362453559,3.487760292,0
6.40218,29.51837,33.38916,1059.61459,-1.82479,98.46189,9.345234181,3.48134562,0
6.40009,29.53249,33.33861,1054.86215,-1.82892,98.46481,9.327678798,3.474805778,0
6.39802,29.54654,33.28815,1050.12086,-1.83471,98.46771,9.309857614,3.468166918,0
6.39595,29.56052,33.23773,1045.39127,-1.84218,98.47061,9.291840471,3.461455058,0
6.39389,29.57445,33.18731,1040.67392,-1.85137,98.47349,9.273696587,3.454695984,0
6.39183,29.58831,33.13685,1035.96929,-1.8623,98.47637,9.255494316,3.44791516,0
6.38979,29.60211,33.0863,1031.27785,-1.87498,98.47924,9.237300911,3.441137637,0
6.38775,29.61584,33.03561,1026.6,-1.88942,98.48211,9.219182307,3.434387981,0
6.38573,29.62952,32.98474,1021.93616,-1.90563,98.48496,9.201202916,3.427690184,0
6.38371,29.64313,32.93365,1017.28666,-1.92361,98.48781,9.183425437,3.421067606,0
6.3817,29.65667,32.88229,1012.65182,-1.94335,98.49065,9.165910678,3.414542897,0
6.3797,29.67016,32.83061,1008.03194,-1.96484,98.49347,9.148717391,3.408137946,0
6.37771,29.68359,32.77859,1003.42726,-1.98807,98.49629,9.131902129,3.401873818,0
6.37572,29.69695,32.72617,998.83799,-2.01301,98.49911,9.115519102,3.395770709,0
0.04542,0.04542,58.92577,4804.18059,-0.50503,45.0001,5.29297231,1.971771452,0
0.09081,0.09081,58.86199,4801.33944,-0.5094,45.00025,5.334352082,1.987186506,0
0.13617,0.13617,58.79774,4798.476,-0.51312,45.00044,5.376357743,2.00283472,0
0.18151,0.18151,58.7331,4795.5898,-0.51617,45.00068,5.418933368,2.01869526,0
0.22682,0.22682,58.66816,4792.68034,-0.51854,45.00097,5.462020297,2.034746275,0
0.2721,0.27211,58.60301,4789.74719,-0.52021,45.0013,5.505557146,2.050964897,0
0.31736,0.31737,58.53773,4786.78994,-0.52119,45.00168,5.549479835,2.067327254,0
0.36258,0.3626,58.47241,4783.80821,-0.52147,45.0021,5.593721632,2.083808488,0
0.40778,0.4078,58.40714,4780.80167,-0.52104,45.00257,5.638213216,2.100382773,0
0.45295,0.45298,58.34201,4777.77002,-0.5199,45.00308,5.682882757,2.117023353,0
0.49809,0.49812,58.27711,4774.71301,-0.51804,45.00364,5.727656014,2.133702569,0
0.54321,0.54325,58.21253,4771.6304,-0.51546,45.00425,5.772456455,2.150391912,0
0.58829,0.58834,58.14836,4768.52203,-0.51216,45.0049,5.817205401,2.167062072,0
0.63336,0.63339,58.08437,4765.38837,-0.51331,44.97305,5.862088814,2.183782324,-17.99999969
0.67842,0.67839,58.02032,4762.22975,-0.51378,44.94098,5.907299524,2.200624503,-17.99999969
0.72348,0.72333,57.95629,4759.04582,-0.51357,44.90868,5.952768252,2.217562801,-17.99999969
0.76853,0.76822,57.89237,4755.83629,-0.51267,44.87615,5.998422773,2.234570311,-17.99999969
0.81358,0.81305,57.82866,4752.6009,-0.51109,44.84338,6.044188506,2.251619251,-17.99999969
0.85863,0.85783,57.76522,4749.33944,-0.50882,44.81038,6.089988645,2.268681007,-17.99999969
0.90367,0.90255,57.70215,4746.05175,-0.50587,44.77715,6.135744288,2.285726188,-17.99999969
0.9487,0.94722,57.63954,4742.73768,-0.50223,44.74367,6.181374607,2.302724683,-17.99999969
0.99373,0.99183,57.57747,4739.39717,-0.4979,44.70996,6.226797025,2.319645729,-17.99999969
1.03876,1.03638,57.51601,4736.03018,-0.49289,44.67602,6.271927417,2.336457987,-17.99999969
1.08377,1.08087,57.45527,4732.63672,-0.48721,44.64184,6.316680332,2.353129625,-17.99999969
1.12879,1.12531,57.39531,4729.21687,-0.48086,44.60743,6.360969236,2.369628408,-17.99999969
1.1738,1.16969,57.33623,4725.77073,-0.47385,44.57279,6.40470677,2.38592179,-17.99999969
1.2188,1.21401,57.27809,4722.29848,-0.46619,44.53792,6.447805032,2.401977026,-17.99999969
1.2638,1.25827,57.22098,4718.80033,-0.4579,44.50283,6.490175869,2.417761278,-17.99999969
1.30879,1.30247,57.16498,4715.27656,-0.44898,44.46751,6.531731192,2.433241729,-17.99999969
1.35378,1.34661,57.11016,4711.72748,-0.43944,44.43198,6.572383303,2.44838571,-17.99999969
1.39876,1.3907,57.05659,4708.15348,-0.42932,44.39623,6.612045229,2.463160821,-17.99999969
1.44373,1.43472,57.00435,4704.55499,-0.41862,44.36028,6.650631081,2.477535066,-17.99999969
1.4887,1.47868,56.9535,4700.93249,-0.40736,44.32413,6.688056401,2.491476983,-17.99999969
1.53366,1.52258,56.9041,4697.2865,-0.39557,44.28777,6.724238536,2.50495578,-17.99999969
1.57861,1.56642,56.85623,4693.61763,-0.38326,44.25123,6.759096997,2.517941474,-17.99999969
1.62356,1.61019,56.80994,4689.92649,-0.37045,44.21451,6.792553833,2.530405026,-17.99999969
1.6685,1.65391,56.76528,4686.21377,-0.35719,44.17761,6.824533996,2.542318478,-17.99999969
1.71343,1.69756,56.72231,4682.48021,-0.34348,44.14054,6.854965696,2.553655087,-17.99999969
1.75836,1.74115,56.68108,4678.72657,-0.32936,44.10332,6.883780763,2.564389457,-17.99999969
1.80327,1.78467,56.64164,4674.95369,-0.31485,44.06594,6.910914978,2.574497667,-17.99999969
1.84818,1.82814,56.60403,4671.16242,-0.29999,44.02842,6.936308409,2.583957388,-17.99999969
1.89309,1.87154,56.56828,4667.35367,-0.28481,43.99077,6.959905713,2.592748004,-17.99999969
1.93798,1.91487,56.53444,4663.52837,-0.26933,43.953,6.981656432,2.600850719,-17.99999969
1.98287,1.95814,56.50253,4659.6875,-0.25359,43.91512,7.001515255,2.608248654,-17.99999969
2.02775,2.00135,56.47257,4655.83207,-0.23763,43.87713,7.019442265,2.614926936,-17.99999969
2.07262,2.0445,56.44461,4651.96312,-0.22147,43.83906,7.035403146,2.620872785,-17.99999969
2.11748,2.08758,56.41864,4648.0817,-0.20515,43.8009,7.049369376,2.626075573,-17.99999969
2.16233,2.13059,56.39468,4644.1889,-0.18872,43.76268,7.061318372,2.630526888,-17.99999969
2.20718,2.17354,56.37275,4640.28582,-0.17219,43.72439,7.071233617,2.634220578,-17.99999969
2.25201,2.21643,56.35284,4636.3736,-0.15562,43.68606,7.07910474,2.637152778,-17.99999969
2.29684,2.25925,56.33497,4632.45336,-0.13902,43.6477,7.084927572,2.639321936,-17.99999969
2.34165,2.30201,56.31912,4628.52626,-0.12245,43.60931,7.088704162,2.640728815,-17.99999969
2.38646,2.3447,56.30529,4624.59343,-0.10594,43.57091,7.090442753,2.641376486,-17.99999969
2.43126,2.38732,56.29346,4620.65603,-0.08952,43.5325,7.090157734,2.641270309,-17.99999969
2.47605,2.42989,56.28363,4616.71523,-0.07322,43.49411,7.087869548,2.6404179,-17.99999969
2.52083,2.47238,56.27576,4612.77216,-0.05709,43.45574,7.083604569,2.638829083,-17.99999969
2.5656,2.51481,56.26983,4608.82797,-0.04116,43.4174,7.077394952,2.636515837,-17.99999969
2.61036,2.55718,56.26581,4604.88378,-0.02547,43.37911,7.069278446,2.633492225,-17.99999969
2.65511,2.59949,56.26368,4600.94073,-0.01004,43.34087,7.059298182,2.629774314,-17.99999969
2.69985,2.64172,56.26338,4596.9999,0.0051,43.3027,7.047502437,2.625380089,-17.99999969
2.74458,2.6839,56.26489,4593.06237,0.0199,43.2646,7.033944364,2.62032935,-17.99999969
2.78929,2.72601,56.26815,4589.12921,0.03433,43.22659,7.018681717,2.614643612,-17.99999969
2.834,2.76805,56.27312,4585.20144,0.04838,43.18867,7.001776543,2.60834599,-17.99999969
2.8787,2.81003,56.27975,4581.28006,0.062,43.15086,6.983294865,2.601461079,-17.99999969
2.92339,2.85195,56.28797,4577.36606,0.07517,43.11316,6.963306353,2.594014832,-17.99999969
2.96806,2.89381,56.29774,4573.46035,0.08786,43.07558,6.941883982,2.586034435,-17.99999969
3.01273,2.9356,56.30899,4569.56386,0.10006,43.03814,6.919103682,2.577548174,-17.99999969
3.05738,2.97732,56.32166,4565.67745,0.11172,43.00084,6.895043991,2.568585306,-17.99999969
3.10203,3.01899,56.33568,4561.80194,0.12284,42.96368,6.869785697,2.559175927,-17.99999969
3.14666,3.06059,56.35098,4557.93812,0.13339,42.92667,6.843411491,2.549350841,-17.99999969
3.19128,3.10213,56.36749,4554.08674,0.14335,42.88983,6.816005614,2.539141431,-17.99999969
3.23589,3.14361,56.38514,4550.24851,0.1527,42.85315,6.787653519,2.52857953,-17.99999969
3.28049,3.18503,56.40385,4546.42408,0.16143,42.81664,6.758441536,2.517697298,-17.99999969
3.32507,3.22638,56.42354,4542.61407,0.16952,42.78031,6.728456552,2.506527102,-17.99999969
3.36965,3.26767,56.44414,4538.81905,0.17695,42.74416,6.697785697,2.495101401,-17.99999969
3.41421,3.30891,56.46556,4535.03954,0.18372,42.70819,6.666516047,2.483452634,-17.99999969
3.45877,3.35008,56.48774,4531.27604,0.18981,42.67242,6.634734346,2.471613114,-17.99999969
3.50331,3.39119,56.51057,4527.52896,0.19522,42.63684,6.602526739,2.459614933,-17.99999969
3.54784,3.43224,56.53399,4523.7987,0.19993,42.60145,6.569978521,2.447489866,-17.99999969
3.59236,3.47324,56.5579,4520.0856,0.20395,42.56626,6.537173911,2.435269285,-17.99999969
3.63686,3.51417,56.58223,4516.38996,0.20726,42.53127,6.504195838,2.422984086,-17.99999969
3.68136,3.55505,56.60689,4512.71203,0.20987,42.49648,6.471125747,2.410664606,-17.99999969
3.72584,3.59586,56.63179,4509.05201,0.21177,42.46189,6.438043424,2.398340571,-17.99999969
3.77031,3.63662,56.65686,4505.41008,0.21297,42.4275,6.405026841,2.386041025,-17.99999969
3.81477,3.67732,56.682,4501.78635,0.21346,42.39331,6.372152019,2.373794288,-17.99999969
3.85922,3.71797,56.70714,4498.1809,0.21324,42.35933,6.339492904,2.361627909,-17.99999969
3.90366,3.75855,56.7322,4494.59376,0.21233,42.32554,6.30712127,2.349568623,-17.99999969
3.94808,3.79909,56.75708,4491.02493,0.21072,42.29195,6.275106627,2.337642327,-17.99999969
3.9925,3.83956,56.78172,4487.47437,0.20842,42.25856,6.243516159,2.325874046,-17.99999969
4.0369,3.87998,56.80603,4483.942,0.20545,42.22536,6.212414661,2.31428792,-17.99999969
4.08129,3.92034,56.82993,4480.42769,0.20181,42.19235,6.181864506,2.302907183,-17.99999969
4.12566,3.96065,56.85335,4476.93129,0.1975,42.15953,6.151925612,2.291754158,-17.99999969
4.17003,4.00091,56.8762,4473.4526,0.19255,42.1269,6.122655435,2.280850246,-17.99999969
4.21438,4.0411,56.89842,4469.9914,0.18696,42.09444,6.094108957,2.270215932,-17.99999969
4.25873,4.08125,56.91994,4466.54743,0.18075,42.06217,6.066338702,2.259870781,-17.99999969
4.30306,4.12134,56.94067,4463.12039,0.17393,42.03006,6.039394746,2.249833449,-17.99999969
4.34738,4.16138,56.96056,4459.70996,0.16651,41.99812,6.013324745,2.240121688,-17.99999969
4.39168,4.20137,56.97953,4456.3158,0.15852,41.96635,5.988173969,2.230752362,-17.99999969
4.43598,4.2413,56.99752,4452.93751,0.14997,41.93474,5.963985336,2.22174146,-17.99999969
4.48026,4.28118,57.01448,4449.57469,0.14088,41.90327,5.940799461,2.213104111,-17.99999969
4.52453,4.32101,57.03033,4446.22689,0.13126,41.87196,5.918654698,2.204854604,-17.99999969
4.56879,4.36079,57.04501,4442.89367,0.12113,41.84078,5.897587199,2.197006406,-17.99999969
4.61304,4.40051,57.05849,4439.57453,0.11052,41.80974,5.877630963,2.189572183,-17.99999969
4.65728,4.44019,57.07069,4436.26896,0.09945,41.77882,5.858817895,2.182563821,-17.99999969
4.70151,4.47981,57.08157,4432.97643,0.08793,41.74803,5.841177863,2.175992445,-17.99999969
4.74572,4.51938,57.09108,4429.69638,0.07599,41.71735,5.824738755,2.169868444,-17.99999969
4.78992,4.5589,57.09918,4426.42825,0.06365,41.68677,5.809526535,2.164201492,-17.99999969
4.83411,4.59838,57.10582,4423.17143,0.05093,41.6563,5.795565304,2.159000566,-17.99999969
4.87829,4.6378,57.11096,4419.92532,0.03786,41.62592,5.782877347,2.154273969,-17.99999969
4.92246,4.67717,57.11457,4416.68928,0.02446,41.59562,5.771483196,2.150029347,-17.99999969
4.96661,4.71649,57.11661,4413.46266,0.01075,41.5654,5.76140167,2.146273713,-17.99999969
5.01076,4.75576,57.11705,4410.2448,-0.00324,41.53525,5.752649927,2.143013459,-17.99999969
5.05489,4.79499,57.11585,4407.03503,-0.01749,41.50516,5.74524351,2.140254374,-17.99999969
5.09901,4.83416,57.113,4403.83264,-0.03197,41.47513,5.73919638,2.138001659,-17.99999969
5.14312,4.87329,57.10848,4400.63693,-0.04665,41.44514,5.734520957,2.136259941,-17.99999969
5.18721,4.91237,57.10225,4397.44718,-0.06152,41.41518,5.731228149,2.135033283,-17.99999969
5.2313,4.95139,57.0943,4394.26266,-0.07655,41.38525,5.72932738,2.134325197,-17.99999969
5.27537,4.99037,57.08463,4391.08262,-0.0917,41.35535,5.728826608,2.134138646,-17.99999969
5.31944,5.02931,57.07322,4387.90631,-0.10696,41.32545,5.729732347,2.134476058,-17.99999969
5.36349,5.06819,57.06005,4384.73297,-0.1223,41.29556,5.732049674,2.135339323,-17.99999969
5.40753,5.10702,57.04514,4381.56181,-0.13769,41.26566,5.735782235,2.1367298,-17.99999969
5.45156,5.14581,57.02847,4378.39206,-0.15311,41.23574,5.740932251,2.138648316,-17.99999969
5.49557,5.18455,57.01004,4375.22294,-0.16852,41.20581,5.747500505,2.141095164,-17.99999969
5.53958,5.22324,56.98986,4372.05363,-0.1839,41.17584,5.755486342,2.144070098,-17.99999969
5.58357,5.26188,56.96794,4368.88335,-0.19924,41.14583,5.764887642,2.14757233,-17.99999969
5.62755,5.30047,56.94429,4365.71128,-0.21449,41.11576,5.775700811,2.15160052,-17.99999969
5.67152,5.33902,56.91892,4362.53662,-0.22963,41.08564,5.787920747,2.156152768,-17.99999969
5.71548,5.37751,56.89184,4359.35854,-0.24464,41.05546,5.801540813,2.161226601,-17.99999969
5.75942,5.41596,56.86309,4356.17624,-0.25949,41.02519,5.816552799,2.16681896,-17.99999969
5.80336,5.45436,56.83267,4352.98888,-0.27415,40.99484,5.832946885,2.172926189,-17.99999969
5.84728,5.49271,56.80061,4349.79567,-0.28861,40.9644,5.850711593,2.17954401,-17.99999969
5.89119,5.53102,56.76694,4346.59576,-0.30282,40.93385,5.869833743,2.186667514,-17.99999969
5.93509,5.56927,56.7317,4343.38836,-0.31678,40.9032,5.890298396,2.194291136,-17.99999969
5.97898,5.60748,56.69491,4340.17263,-0.33044,40.87242,5.9120888,2.202408634,-17.99999969
6.02285,5.64564,56.65662,4336.94778,-0.34379,40.84151,5.935186335,2.211013074,-17.99999969
6.06671,5.68374,56.61686,4333.71299,-0.3568,40.81047,5.959570447,2.220096797,-17.99999969
6.11057,5.7218,56.57567,4330.46747,-0.36946,40.77928,5.985218591,2.229651406,-17.99999969
6.1544,5.75981,56.5331,4327.21041,-0.38172,40.74794,6.012106163,2.239667734,-17.99999969
6.19823,5.79777,56.4892,4323.94104,-0.39358,40.71644,6.04020644,2.250135826,-17.99999969
6.24205,5.83568,56.44402,4320.65857,-0.405,40.68476,6.069490512,2.261044913,-17.99999969
6.28585,5.87355,56.3976,4317.36225,-0.41597,40.65291,6.099927222,2.272383389,-17.99999969
6.32964,5.91136,56.35,4314.05132,-0.42647,40.62088,6.131483103,2.284138785,-17.99999969
6.37342,5.94912,56.30129,4310.72504,-0.43647,40.58865,6.164122321,2.296297752,-17.99999969
6.41718,5.98683,56.25151,4307.38269,-0.44595,40.55623,6.197806617,2.308846039,-17.99999969
6.46094,6.02448,56.20073,4304.02357,-0.45489,40.52359,6.232495258,2.32176847,-17.99999969
6.50468,6.06209,56.14902,4300.64698,-0.46328,40.49075,6.268144988,2.335048933,-17.99999969
6.5484,6.09965,56.09643,4297.25226,-0.47109,40.45768,6.304709995,2.34867036,-17.99999969
6.59212,6.13715,56.04304,4293.83877,-0.47831,40.42439,6.34214187,2.362614718,-17.99999969
6.63582,6.17461,55.98892,4290.40588,-0.48492,40.39086,6.380389591,2.376863001,-17.99999969
6.67951,6.21201,55.93413,4286.95299,-0.49091,40.3571,6.419399503,2.391395219,-17.99999969
6.72319,6.24936,55.87875,4283.47954,-0.49626,40.32309,6.459115318,2.406190406,-17.99999969
6.76685,6.28665,55.82286,4279.98499,-0.50096,40.28884,6.499478122,2.421226612,-17.99999969
6.8105,6.32389,55.76652,4276.46882,-0.505,40.25433,6.540426391,2.436480919,-17.99999969
6.85414,6.36108,55.70981,4272.93056,-0.50836,40.21956,6.581896031,2.451929452,-17.99999969
6.89776,6.39821,55.65281,4269.36976,-0.51104,40.18454,6.623820423,2.467547391,-17.99999969
6.94137,6.43529,55.59559,4265.78602,-0.51303,40.14925,6.666130489,2.483309004,-17.99999969
6.98497,6.47232,55.53825,4262.17895,-0.51431,40.11368,6.70875477,2.49918767,-17.99999969
7.02855,6.50929,55.48084,4258.54824,-0.51489,40.07785,6.751619525,2.515155919,-17.99999969
7.07212,6.54621,55.42347,4254.89358,-0.51476,40.04175,6.794648847,2.531185473,-17.99999969
7.11567,6.58307,55.36619,4251.21473,-0.51392,40.00537,6.837764795,2.547247299,-17.99999969
7.15921,6.61987,55.3091,4247.51148,-0.51236,39.96871,6.880887547,2.563311658,-17.99999969
7.20274,6.65662,55.25227,4243.78367,-0.51008,39.93178,6.923935572,2.57934818,-17.99999969
7.24625,6.69331,55.19579,4240.03119,-0.5071,39.89457,6.96682582,2.595325926,-17.99999969
7.28975,6.72994,55.13972,4236.25395,-0.5034,39.85708,7.009473929,2.611213469,-17.99999969
7.33323,6.76651,55.08415,4232.45196,-0.499,39.81931,7.051794455,2.626978978,-17.99999969
7.3767,6.80303,55.02916,4228.62522,-0.4939,39.78127,7.093701119,2.642590313,-17.99999969
7.42015,6.83949,54.97483,4224.77383,-0.48811,39.74296,7.135107069,2.658015119,-17.99999969
7.46359,6.87589,54.92122,4220.89792,-0.48164,39.70437,7.175925156,2.673220931,-17.99999969
7.50701,6.91223,54.86841,4216.99767,-0.4745,39.66552,7.216068238,2.688175285,-17.99999969
7.55042,6.94851,54.81647,4213.07331,-0.4667,39.6264,7.255449481,2.702845834,-17.99999969
7.59381,6.98473,54.76548,4209.12512,-0.45827,39.58702,7.293982683,2.717200466,-17.99999969
7.63719,7.02089,54.7155,4205.15345,-0.44921,39.54739,7.33158261,2.731207428,-17.99999969
7.68055,7.05699,54.66659,4201.15869,-0.43955,39.5075,7.368165329,2.744835453,-17.99999969
7.72389,7.09303,54.61883,4197.14127,-0.42929,39.46737,7.403648562,2.758053891,-17.99999969
7.76722,7.12901,54.57227,4193.10169,-0.41848,39.427,7.437952035,2.770832837,-17.99999969
7.81053,7.16493,54.52697,4189.04049,-0.40712,39.38639,7.470997828,2.783143265,-17.99999969
7.85383,7.20078,54.48299,4184.95826,-0.39525,39.34556,7.502710728,2.794957154,-17.99999969
7.8971,7.23657,54.44038,4180.85563,-0.38289,39.30452,7.533018579,2.806247626,-17.99999969
7.94037,7.2723,54.39919,4176.7333,-0.37006,39.26326,7.56185262,2.816989065,-17.99999969
7.98361,7.30797,54.35947,4172.59198,-0.3568,39.2218,7.589147815,2.827157244,-17.99999969
8.02684,7.34357,54.32125,4168.43246,-0.34314,39.18015,7.614843176,2.836729442,-17.99999969
8.07005,7.37911,54.28459,4164.25553,-0.32911,39.13832,7.638882065,2.84568456,-17.99999969
8.11324,7.41459,54.24951,4160.06206,-0.31473,39.09632,7.661212479,2.854003227,-17.99999969
8.15642,7.45,54.21604,4155.85293,-0.30005,39.05415,7.681787315,2.861667895,-17.99999969
8.19958,7.48535,54.18422,4151.62906,-0.2851,39.01184,7.700564618,2.868662934,-17.99999969
8.24272,7.52064,54.15408,4147.39139,-0.26991,38.96938,7.717507792,2.874974713,-17.99999969
8.28584,7.55586,54.12562,4143.14091,-0.25452,38.92679,7.732585794,2.880591665,-17.99999969
8.32894,7.59102,54.09887,4138.87863,-0.23897,38.88409,7.745773295,2.885504356,-17.99999969
8.37203,7.62611,54.07383,4134.60556,-0.22329,38.84128,7.757050809,2.889705527,-17.99999969
8.41509,7.66113,54.05053,4130.32275,-0.20753,38.79837,7.766404796,2.893190133,-17.99999969
8.45814,7.6961,54.02895,4126.03126,-0.19171,38.75539,7.773827725,2.895955369,-17.99999969
8.50117,7.73099,54.00911,4121.73217,-0.17589,38.71233,7.77931811,2.898000682,-17.99999969
8.54418,7.76582,53.99099,4117.42655,-0.16008,38.66921,7.782880507,2.899327769,-17.99999969
8.58718,7.80059,53.97459,4113.11548,-0.14435,38.62605,7.784525483,2.899940566,-17.99999969
8.63015,7.83529,53.9599,4108.80007,-0.12871,38.58285,7.78426955,2.899845224,-17.99999969
8.6731,7.86993,53.9469,4104.48139,-0.11322,38.53963,7.782135064,2.899050072,-17.99999969
8.71604,7.9045,53.93556,4100.16052,-0.0979,38.4964,7.778150099,2.897565567,-17.99999969
8.75895,7.93901,53.92587,4095.83855,-0.0828,38.45317,7.772348282,2.895404238,-17.99999969
8.80185,7.97345,53.91779,4091.51653,-0.06795,38.40996,7.764768615,2.892580612,-17.99999969
8.84471,8.00784,53.91173,4087.19459,-0.0454,38.41716,7.754985586,2.888936177,0
8.88752,8.04221,53.90807,4082.87319,-0.02318,38.4244,7.742585189,2.884316702,0
8.93029,8.07655,53.90676,4078.55387,-0.00135,38.43166,7.727632913,2.878746586,0
8.973,8.11087,53.90776,4074.23814,0.02003,38.43895,7.710202779,2.872253403,0
9.01566,8.14515,53.91101,4069.92747,0.04093,38.44626,7.690376529,2.864867603,0
9.05828,8.17941,53.91646,4065.62332,0.06127,38.4536,7.668243104,2.85662232,0
9.10084,8.21365,53.92403,4061.32709,0.08103,38.46097,7.643898082,2.847553159,0
9.14335,8.24786,53.93367,4057.04015,0.10015,38.46837,7.617443092,2.837697979,0
9.18582,8.28204,53.94528,4052.76381,0.11858,38.47579,7.588985203,2.827096666,0
9.22824,8.31619,53.9588,4048.49933,0.13629,38.48324,7.558636305,2.815790903,0
9.2706,8.35032,53.97414,4044.24793,0.15323,38.49071,7.526512478,2.803823933,0
9.31292,8.38442,53.99122,4040.01077,0.16936,38.49822,7.492733355,2.791240321,0
9.35519,8.4185,54.00994,4035.78895,0.18466,38.50575,7.457421499,2.778085725,0
9.39741,8.45255,54.03021,4031.5835,0.19909,38.5133,7.420701776,2.764406662,0
9.43958,8.48657,54.05193,4027.39539,0.21262,38.52089,7.382700755,2.750250282,0
9.48171,8.52057,54.07501,4023.22555,0.22522,38.5285,7.343546115,2.735664148,0
9.52378,8.55455,54.09934,4019.07482,0.23687,38.53614,7.303366081,2.720696028,0
9.56581,8.58849,54.12482,4014.94397,0.24754,38.54381,7.262288884,2.705393692,0
9.60779,8.62242,54.15135,4010.83373,0.25722,38.5515,7.220442253,2.68980472,0
9.64972,8.65632,54.1788,4006.74474,0.26589,38.55922,7.177952934,2.673976331,0
9.69161,8.69019,54.20709,4002.67757,0.27353,38.56697,7.134946247,2.657955209,0
9.73345,8.72404,54.23609,3998.63276,0.28014,38.57475,7.091545676,2.641787354,0
9.77524,8.75786,54.26571,3994.61074,0.28571,38.58256,7.047872492,2.625517944,0
9.81698,8.79166,54.29582,3990.6119,0.29023,38.59039,7.004045425,2.609191209,0
9.85868,8.82544,54.32631,3986.63655,0.29369,38.59826,6.960180357,2.592850316,0
9.90033,8.85919,54.35708,3982.68496,0.2961,38.60615,6.91639006,2.576537278,0
9.94194,8.89292,54.38802,3978.75732,0.29746,38.61407,6.872783972,2.560292863,0
9.98349,8.92663,54.41902,3974.85375,0.29777,38.62202,6.829468003,2.544156525,0
10.02501,8.96031,54.44996,3970.97434,0.29704,38.63,6.786544376,2.528166345,0
10.06648,8.99397,54.48074,3967.1191,0.29528,38.63801,6.744111501,2.512358983,0
10.1079,9.02761,54.51126,3963.28799,0.29249,38.64604,6.702263881,2.496769643,0
10.14928,9.06123,54.5414,3959.48091,0.28869,38.65411,6.661092041,2.481432049,0
10.19062,9.09482,54.57107,3955.69772,0.28389,38.66221,6.62068249,2.466378428,0
10.23191,9.12839,54.60017,3951.93821,0.27811,38.67033,6.581117705,2.451639505,0
10.27315,9.16194,54.62859,3948.20213,0.27138,38.67849,6.542476133,2.437244503,0
10.31436,9.19547,54.65624,3944.4892,0.26369,38.68668,6.504832225,2.423221156,0
10.35552,9.22898,54.68302,3940.79907,0.25509,38.69489,6.468256471,2.409595726,0
10.39663,9.26247,54.70884,3937.13134,0.24559,38.70314,6.432815467,2.396393019,0
10.4377,9.29593,54.73362,3933.48561,0.23522,38.71142,6.398571984,2.383636421,0
10.47873,9.32938,54.75726,3929.86139,0.224,38.71972,6.365585058,2.371347923,0
10.51972,9.3628,54.77968,3926.25817,0.21196,38.72806,6.333910081,2.35954816,0
10.56067,9.39621,54.80081,3922.67542,0.19913,38.73643,6.303598903,2.348256449,0
10.60157,9.42959,54.82056,3919.11256,0.18554,38.74483,6.274699947,2.337490828,0
10.64243,9.46296,54.83886,3915.56897,0.17121,38.75326,6.247258314,2.327268097,0
10.68325,9.4963,54.85563,3912.044,0.15619,38.76172,6.221315903,2.317603867,0
10.72403,9.52963,54.87083,3908.53699,0.1405,38.77022,6.196911529,2.308512595,0
10.76476,9.56294,54.88437,3905.04722,0.12417,38.77874,6.174081033,2.300007635,0
10.80546,9.59622,54.8962,3901.57396,0.10725,38.78729,6.152857404,2.292101274,0
10.84611,9.62949,54.90626,3898.11646,0.08976,38.79588,6.133270887,2.284804781,0
10.88673,9.66274,54.9145,3894.67392,0.07175,38.8045,6.115349093,2.278128442,0
10.9273,9.69597,54.92087,3891.24554,0.05325,38.81315,6.099117101,2.272081598,0
10.96783,9.72919,54.92533,3887.83048,0.03429,38.82183,6.084597559,2.266672686,0
11.00832,9.76238,54.92784,3884.4279,0.01491,38.83054,6.071810773,2.261909272,0
11.04877,9.79556,54.92836,3881.03692,-0.00484,38.83928,6.06077479,2.257798078,0
11.08918,9.82872,54.92685,3877.65666,-0.02493,38.84806,6.05150548,2.254345016,0
11.12955,9.86186,54.92329,3874.28619,-0.04532,38.85687,6.0440166,2.251555211,0
11.16988,9.89498,54.91765,3870.92459,-0.06597,38.8657,6.038319858,2.249433025,0
11.21018,9.92809,54.90991,3867.57092,-0.08684,38.87457,6.03442496,2.247982073,0
11.25043,9.96117,54.90006,3864.22421,-0.1079,38.88347,6.032339653,2.247205241,0
11.29064,9.99424,54.88807,3860.88351,-0.12909,38.89241,6.03206976,2.247104699,0
11.33079,10.02731,54.87346,3857.54897,-0.16016,38.9517,6.03404188,2.247839365,21.99999962
11.37088,10.0604,54.85573,3854.22045,-0.19128,39.01111,6.038679238,2.249566904,21.99999962
11.4109,10.09351,54.83487,3850.89646,-0.22238,39.07065,6.045980465,2.252286803,21.99999962
11.45085,10.12663,54.81089,3847.57549,-0.25343,39.13035,6.055942787,2.25599803,21.99999962
11.49074,10.15978,54.78382,3844.25605,-0.28435,39.19023,6.068562081,2.260699049,21.99999962
11.53055,10.19294,54.75366,3840.93661,-0.3151,39.2503,6.083832801,2.266387794,21.99999962
11.5703,10.22612,54.72046,3837.61564,-0.34562,39.3106,6.101747884,2.273061634,21.99999962
11.60998,10.25932,54.68423,3834.29161,-0.37585,39.37115,6.12229864,2.280717331,21.99999962
11.64959,10.29254,54.64501,3830.96295,-0.40575,39.43196,6.145474609,2.289350989,21.99999962
11.68913,10.32578,54.60285,3827.62813,-0.43525,39.49307,6.171263415,2.298957998,21.99999962
11.7286,10.35904,54.5578,3824.28556,-0.4643,39.55449,6.199650582,2.309532965,21.99999962
11.768,10.39232,54.5099,3820.9337,-0.49285,39.61624,6.230619349,2.321069645,21.99999962
11.80734,10.42561,54.45922,3817.57096,-0.52083,39.67835,6.264150449,2.333560862,21.99999962
11.8466,10.45893,54.40582,3814.19577,-0.54821,39.74084,6.300221884,2.346998421,21.99999962
11.88579,10.49226,54.34976,3810.80656,-0.57492,39.80373,6.338808674,2.361373015,21.99999962
11.92491,10.52561,54.29113,3807.40175,-0.60092,39.86704,6.379882598,2.376674133,21.99999962
11.96396,10.55899,54.23,3803.97978,-0.62614,39.9308,6.423411912,2.392889947,21.99999962
12.00294,10.59238,54.16645,3800.53909,-0.65054,39.99503,6.46936106,2.410007214,21.99999962
12.04185,10.62579,54.10058,3797.07811,-0.67407,40.05974,6.517690376,2.428011156,21.99999962
12.08069,10.65922,54.03247,3793.59531,-0.69667,40.12496,6.568355766,2.446885347,21.99999962
12.11945,10.69267,53.96223,3790.08915,-0.7183,40.19072,6.621308398,2.466611595,21.99999962
12.15814,10.72614,53.88996,3786.55812,-0.73891,40.25702,6.676494374,2.487169823,21.99999962
12.19675,10.75963,53.81577,3783.00072,-0.75845,40.32389,6.733854409,2.508537946,21.99999962
12.23529,10.79314,53.73977,3779.41548,-0.77687,40.39135,6.793323507,2.530691749,21.99999962
12.27376,10.82667,53.66208,3775.80094,-0.79413,40.45942,6.854830647,2.553604778,21.99999962
12.31214,10.86022,53.58282,3772.15571,-0.81019,40.52811,6.918298474,2.577248213,21.99999962
12.35046,10.89379,53.50211,3768.47839,-0.825,40.59745,6.983643001,2.601590768,21.99999962
12.38869,10.92738,53.42008,3764.76764,-0.83853,40.66745,7.050773335,2.626598584,21.99999962
12.42685,10.96099,53.33687,3761.02216,-0.85073,40.73813,7.119591421,2.652235132,21.99999962
12.46493,10.99462,53.2526,3757.2407,-0.86157,40.8095,7.189991814,2.678461131,21.99999962
12.50293,11.02827,53.16743,3753.42205,-0.87102,40.88158,7.261861484,2.705234474,21.99999962
12.54085,11.06194,53.08148,3749.56507,-0.87904,40.95438,7.335079656,2.732510169,21.99999962
12.57869,11.09563,52.9949,3745.66869,-0.8856,41.02791,7.409517699,2.760240299,21.99999962
12.61645,11.12934,52.90785,3741.73187,-0.89068,41.10219,7.485039063,2.788373994,21.99999962
12.65413,11.16307,52.82046,3737.75369,-0.89426,41.17723,7.561499261,2.81685743,21.99999962
12.69172,11.19682,52.73289,3733.73328,-0.89631,41.25303,7.638745929,2.845633846,21.99999962
12.72923,11.23059,52.64529,3729.66985,-0.89682,41.32961,7.716618934,2.874643589,21.99999962
12.76665,11.26438,52.55781,3725.56271,-0.89577,41.40697,7.794950564,2.903824182,21.99999962
12.80399,11.29819,52.47061,3721.41125,-0.89316,41.48512,7.873565787,2.933110422,21.99999962
12.84124,11.33201,52.38384,3717.21497,-0.88897,41.56405,7.952282594,2.962434503,21.99999962
12.87841,11.36586,52.29765,3712.97346,-0.88321,41.64378,8.030912417,2.991726181,21.99999962
12.91548,11.39973,52.21219,3708.68644,-0.87587,41.7243,8.109260642,3.020912957,21.99999962
12.95247,11.43362,52.12762,3704.35371,-0.86696,41.80562,8.187127198,3.049920297,21.99999962
12.98937,11.46753,52.04409,3699.97521,-0.85649,41.88772,8.264307238,3.078671893,21.99999962
13.02617,11.50146,51.96175,3695.55099,-0.84447,41.97061,8.340591909,3.10708994,21.99999962
13.06289,11.53541,51.88074,3691.08121,-0.83093,42.05428,8.415769198,3.135095459,21.99999962
13.09951,11.56938,51.80121,3686.56617,-0.81589,42.13871,8.489624871,3.16260864,21.99999962
13.13604,11.60337,51.7233,3682.00629,-0.79937,42.22391,8.561943471,3.189549221,21.99999962
13.17247,11.63737,51.64715,3677.40213,-0.78141,42.30986,8.632509407,3.215836889,21.99999962
13.20881,11.6714,51.57289,3672.75436,-0.76205,42.39653,8.701108087,3.241391702,21.99999962
13.24506,11.70544,51.50065,3668.06379,-0.74132,42.48393,8.767527115,3.266134538,21.99999962
13.2812,11.73951,51.43056,3663.33136,-0.71928,42.57203,8.831557529,3.289987552,21.99999962
13.31725,11.77359,51.36273,3658.55812,-0.69598,42.66081,8.892995067,3.312874651,21.99999962
13.3532,11.80769,51.29728,3653.74529,-0.67146,42.75025,8.951641457,3.334721975,21.99999962
13.38906,11.84181,51.23431,3648.89416,-0.6458,42.84032,9.007305708,3.355458373,21.99999962
13.42481,11.87594,51.17393,3644.00618,-0.61906,42.93101,9.059805393,3.375015887,21.99999962
13.46046,11.9101,51.11623,3639.08289,-0.5913,43.02228,9.108967905,3.393330216,21.99999962
13.49601,11.94427,51.06129,3634.12596,-0.5626,43.11411,9.154631678,3.410341173,21.99999962
13.53146,11.97846,51.0092,3629.13716,-0.53304,43.20646,9.196647349,3.425993116,21.99999962
13.56681,12.01267,50.96002,3624.11835,-0.50269,43.29931,9.234878849,3.440235355,21.99999962
13.60206,12.04689,50.91383,3619.0715,-0.47163,43.39262,9.269204413,3.453022531,21.99999962
13.6372,12.08113,50.87067,3613.99864,-0.43996,43.48636,9.29951749,3.46431495,21.99999962
13.67224,12.11539,50.83059,3608.90191,-0.40775,43.5805,9.32572754,3.474078883,21.99999962
13.70717,12.14967,50.79363,3603.7835,-0.37511,43.67499,9.347760715,3.482286821,21.99999962
13.742,12.18395,50.75982,3598.64564,-0.34212,43.76981,9.365560403,3.488917673,21.99999962
13.77673,12.21826,50.72917,3593.49066,-0.30887,43.86492,9.379087641,3.493956925,21.99999962
13.81135,12.25258,50.70171,3588.32087,-0.27547,43.96027,9.388321375,3.497396734,21.99999962
13.84586,12.28692,50.67742,3583.13867,-0.24199,44.05583,9.393258579,3.499235972,21.99999962
13.88027,12.32127,50.6563,3577.94644,-0.20855,44.15157,9.393914231,3.49948022,21.99999962
13.91458,12.35563,50.63834,3572.74658,-0.17523,44.24744,9.390321125,3.498141693,21.99999962
13.94878,12.39001,50.62351,3567.5415,-0.14213,44.34341,9.382529558,3.49523913,21.99999962
13.98287,12.4244,50.61178,3562.33359,-0.10934,44.43944,9.370606869,3.490797614,21.99999962
14.01686,12.45881,50.6031,3557.12524,-0.07695,44.53549,9.354636844,3.48484836,21.99999962
14.05074,12.49323,50.59743,3551.91878,-0.04506,44.63152,9.334719006,3.477428441,21.99999962
14.08452,12.52767,50.5947,3546.71653,-0.01375,44.72751,9.310967792,3.468580489,21.99999962
14.11819,12.56211,50.59485,3541.52075,0.01689,44.82342,9.283511623,3.458352343,21.99999962
14.15175,12.59657,50.59781,3536.33366,0.04678,44.91921,9.252491898,3.44679668,21.99999962
14.18521,12.63104,50.60349,3531.1574,0.07583,45.01485,9.21806191,3.433970603,21.99999962
14.21857,12.66553,50.6118,3525.99406,0.10398,45.11031,9.180385702,3.419935224,21.99999962
14.25182,12.70002,50.62265,3520.84563,0.13114,45.20555,9.139636883,3.404755217,21.99999962
14.28497,12.73453,50.63594,3515.71406,0.15725,45.30056,9.095997415,3.388498367,21.99999962
14.31801,12.76904,50.65156,3510.60116,0.18224,45.39531,9.049656382,3.371235113,21.99999962
14.35096,12.80357,50.6694,3505.5087,0.20606,45.48976,9.00080876,3.353038089,21.99999962
14.38379,12.83811,50.68934,3500.43831,0.22863,45.5839,8.949654198,3.333981668,21.99999962
14.41653,12.87266,50.71126,3495.39156,0.24991,45.67771,8.896395827,3.314141524,21.99999962
14.44916,12.90722,50.73504,3490.36988,0.26986,45.77116,8.841239099,3.293594192,21.99999962
14.48169,12.94179,50.76054,3485.37465,0.28842,45.86423,8.784390673,3.272416657,21.99999962
14.51413,12.97637,50.78763,3480.40708,0.30556,45.95691,8.726057356,3.250685962,21.99999962
14.54646,13.01096,50.81617,3475.46833,0.32124,46.04919,8.666445105,3.22847883,21.99999962
14.57869,13.04556,50.84604,3470.55941,0.33543,46.14106,8.605758094,3.205871321,21.99999962
14.61082,13.08017,50.87708,3465.68127,0.34811,46.23249,8.544197855,3.182938512,21.99999962
14.64285,13.11479,50.90916,3460.8347,0.35925,46.32349,8.481962492,3.159754202,21.99999962
14.67479,13.14941,50.94213,3456.02044,0.36884,46.41404,8.419245977,3.13639065,21.99999962
14.70663,13.18405,50.97585,3451.23908,0.37687,46.50414,8.356237517,3.112918341,21.99999962
14.73837,13.21869,51.01019,3446.49113,0.38333,46.59378,8.293121007,3.08940578,21.99999962
14.77002,13.25334,51.04498,3441.77701,0.38821,46.68297,8.230074555,3.065919318,21.99999962
14.80157,13.288,51.0801,3437.09703,0.39151,46.77171,8.167270084,3.042523,21.99999962
14.83302,13.32267,51.11539,3432.4514,0.39325,46.85999,8.104873007,3.019278447,21.99999962
14.86438,13.35735,51.15072,3427.84024,0.39342,46.94781,8.043041973,2.99624476,21.99999962
14.89565,13.39203,51.18596,3423.2636,0.39204,47.03519,7.981928673,2.973478448,21.99999962
14.92683,13.42673,51.22095,3418.72141,0.38913,47.12212,7.921677718,2.951033382,21.99999962
14.95791,13.46142,51.25557,3414.21355,0.38469,47.20861,7.862426562,2.928960767,21.99999962
14.9889,13.49613,51.28967,3409.7398,0.37876,47.29468,7.804305483,2.907309136,21.99999962
15.0198,13.53085,51.32314,3405.29987,0.37137,47.38033,7.747437616,2.886124359,21.99999962
15.05061,13.56557,51.35585,3400.8934,0.36253,47.46557,7.691939016,2.86544967,21.99999962
15.08134,13.6003,51.38766,3396.51994,0.35227,47.55041,7.63791877,2.845325708,21.99999962
15.11197,13.63504,51.41846,3392.17901,0.34064,47.63487,7.585479139,2.825790565,21.99999962
15.14251,13.66978,51.44812,3387.87002,0.32767,47.71895,7.534715718,2.806879855,21.99999962
15.17297,13.70453,51.47654,3383.59237,0.31339,47.80269,7.485717638,2.788626781,21.99999962
15.20334,13.73929,51.50361,3379.34535,0.29785,47.88608,7.438567767,2.771062214,21.99999962
15.23362,13.77405,51.52921,3375.12823,0.28109,47.96915,7.393342938,2.754214775,21.99999962
15.26381,13.80883,51.55325,3370.94022,0.26314,48.05192,7.350114187,2.738110928,21.99999962
15.29392,13.84361,51.57562,3366.78048,0.24407,48.13439,7.308946994,2.722775065,21.99999962
15.32395,13.87839,51.59624,3362.64811,0.22391,48.2166,7.269901527,2.708229602,21.99999962
15.35389,13.91319,51.61502,3358.54219,0.20272,48.29856,7.233032898,2.694495067,21.99999962
15.38374,13.94799,51.63187,3354.46174,0.18055,48.38029,7.198391401,2.681590198,21.99999962
15.41352,13.98279,51.6467,3350.40573,0.15744,48.46181,7.166022757,2.669532026,21.99999962
15.4432,14.01761,51.65946,3346.37313,0.13345,48.54314,7.135968348,2.658335968,21.99999962
15.47281,14.05243,51.67006,3342.36285,0.10864,48.6243,7.108265447,2.648015909,21.99999962
15.50233,14.08725,51.67845,3338.37375,0.08305,48.70532,7.082947426,2.63858428,21.99999962
15.53177,14.12209,51.68456,3334.40469,0.05676,48.78622,7.060043968,2.630052139,21.99999962
15.56112,14.15693,51.68834,3330.45448,0.02981,48.86702,7.03958125,2.622429238,21.99999962
15.5904,14.19177,51.68974,3326.52192,0.00226,48.94774,7.021582122,2.615724089,21.99999962
15.61959,14.22663,51.68872,3322.60576,-0.02584,49.02841,7.006066265,2.609944025,21.99999962
15.6487,14.26149,51.68524,3318.70474,-0.05441,49.10905,6.993050338,2.605095249,21.99999962
15.67773,14.29635,51.67926,3314.81757,-0.0834,49.18968,6.982548095,2.601182887,21.99999962
15.70668,14.33122,51.67075,3310.94295,-0.11276,49.27034,6.974570503,2.598211025,21.99999962
15.73555,14.3661,51.6597,3307.07954,-0.14241,49.35103,6.969125825,2.596182739,21.99999962
15.76434,14.40099,51.64609,3303.226,-0.17231,49.4318,6.966219692,2.595100128,21.99999962
15.79304,14.43588,51.6299,3299.38096,-0.20238,49.51265,6.965855158,2.594964329,21.99999962
15.82167,14.47078,51.61113,3295.54304,-0.23257,49.59362,6.968032729,2.595775532,21.99999962
15.85021,14.50569,51.58977,3291.71084,-0.26282,49.67473,6.972750384,2.597532982,21.99999962
15.87868,14.5406,51.56583,3287.88295,-0.29307,49.75601,6.980003561,2.600234982,21.99999962
15.90706,14.57552,51.53932,3284.05794,-0.32324,49.83748,6.989785146,2.603878879,21.99999962
15.93536,14.61044,51.51025,3280.23438,-0.35329,49.91917,7.002085421,2.608461055,21.99999962
15.96358,14.64537,51.47865,3276.41083,-0.38315,50.0011,7.016892012,2.6139769,21.99999962
15.99172,14.68031,51.44453,3272.58583,-0.41276,50.0833,7.034189809,2.620420785,21.99999962
16.01978,14.71525,51.40793,3268.75793,-0.44206,50.16579,7.053960877,2.627786027,21.99999962
16.04776,14.7502,51.36889,3264.92566,-0.47098,50.24859,7.07618434,2.636064852,21.99999962
16.07566,14.78515,51.32743,3261.08755,-0.49947,50.33173,7.100836266,2.645248343,21.99999962
16.10347,14.82011,51.28362,3257.24215,-0.52747,50.41524,7.127889522,2.655326393,21.99999962
16.13121,14.85508,51.23749,3253.38798,-0.55492,50.49914,7.157313624,2.666287645,21.99999962
16.15886,14.89005,51.18911,3249.52359,-0.58176,50.58346,7.189074577,2.678119436,21.99999962
16.18643,14.92503,51.13853,3245.64751,-0.60793,50.66821,7.223134698,2.690807727,21.99999962
16.21391,14.96001,51.08582,3241.7583,-0.63337,50.75343,7.259452439,2.704337041,21.99999962
16.24132,14.995,51.03105,3237.85452,-0.65803,50.83913,7.297982193,2.718690388,21.99999962
16.26864,15.03,50.97429,3233.93474,-0.68186,50.92534,7.338674104,2.733849196,21.99999962
16.29587,15.065,50.91562,3229.99755,-0.70479,51.01208,7.381473872,2.749793236,21.99999962
16.32305,15.09998,50.85573,3226.03986,-0.71244,51.02551,7.425681849,2.76626187,0
16.35018,15.13494,50.79531,3222.05908,-0.71903,51.03897,7.470580032,2.782987625,0
16.37727,15.16986,50.73446,3218.05457,-0.72455,51.05243,7.516076338,2.799936196,0
16.40432,15.20476,50.67326,3214.02575,-0.72897,51.06591,7.562076203,2.817072356,0
16.43133,15.23962,50.61182,3209.97209,-0.73228,51.0794,7.608481845,2.834359679,0
16.4583,15.27445,50.55022,3205.89312,-0.73448,51.09291,7.655192428,2.8517606,0
16.48522,15.30924,50.48857,3201.7884,-0.73555,51.10643,7.702104264,2.869236493,0
16.5121,15.344,50.42695,3197.65756,-0.73548,51.11995,7.749111039,2.886747753,0
16.53894,15.37873,50.36546,3193.5003,-0.73428,51.1335,7.796104067,2.904253893,0
16.56574,15.41343,50.3042,3189.31636,-0.73194,51.14705,7.84297258,2.921713647,0
16.5925,15.44809,50.24327,3185.10557,-0.72846,51.16061,7.889604043,2.939085094,0
16.61921,15.48272,50.18275,3180.86778,-0.72386,51.17418,7.935884501,2.956325782,0
16.64588,15.51731,50.12274,3176.60296,-0.71814,51.18777,7.981698951,2.97339287,0
16.6725,15.55187,50.06334,3172.31111,-0.7113,51.20136,8.026931745,2.990243276,0
16.69908,15.58639,50.00463,3167.99231,-0.70337,51.21497,8.071467018,3.006833837,0
16.72562,15.62088,49.9467,3163.64671,-0.69437,51.22858,8.115189135,3.023121476,0
16.75211,15.65533,49.88964,3159.27452,-0.68431,51.2422,8.157983166,3.039063379,0
16.77856,15.68975,49.83353,3154.87603,-0.67322,51.25584,8.19973537,3.054617173,0
16.80496,15.72413,49.77846,3150.45159,-0.66113,51.26948,8.240333703,3.069741121,0
16.83132,15.75847,49.7245,3146.00163,-0.64807,51.28313,8.279668333,3.084394305,0
16.85764,15.79278,49.67173,3141.52665,-0.63406,51.29678,8.317632157,3.098536829,0
16.88391,15.82705,49.62023,3137.02721,-0.61916,51.31045,8.354121332,3.112130006,0
16.91013,15.86128,49.57006,3132.50393,-0.60339,51.32412,8.389035792,3.125136561,0
16.93631,15.89547,49.52128,3127.95751,-0.58681,51.3378,8.422279772,3.137520819,0
16.96244,15.92963,49.47397,3123.38871,-0.56945,51.35149,8.453762309,3.149248892,0
16.98853,15.96375,49.42818,3118.79834,-0.55136,51.36518,8.483397736,3.160288868,0
17.01457,15.99782,49.38395,3114.18729,-0.5326,51.37888,8.511106148,3.170610981,0
17.04057,16.03186,49.34135,3109.55648,-0.51321,51.39259,8.536813852,3.180187777,0
17.06652,16.06586,49.30041,3104.9069,-0.49325,51.4063,8.560453779,3.188994272,0
17.09242,16.09982,49.26117,3100.23958,-0.47278,51.42002,8.581965866,3.19700809,0
17.11828,16.13375,49.22367,3095.55561,-0.45185,51.43374,8.6012974,3.204209595,0
17.14409,16.16763,49.18794,3090.85612,-0.43053,51.44747,8.618403318,3.210582,0
17.16985,16.20147,49.15401,3086.14225,-0.40888,51.46121,8.633246465,3.216111463,0
17.19556,16.23527,49.12188,3081.41521,-0.38695,51.47495,8.645797804,3.220787167,0
17.22123,16.26903,49.09158,3076.67623,-0.36481,51.48869,8.65603657,3.224601377,0
17.24685,16.30275,49.06311,3071.92655,-0.34253,51.50244,8.663950385,3.227549481,0
17.27243,16.33643,49.03649,3067.16745,-0.32018,51.5162,8.669535307,3.229630011,0
17.29795,16.37006,49.01169,3062.40022,-0.2978,51.52995,8.672795834,3.230844643,0
17.32343,16.40366,48.98873,3057.62615,-0.27548,51.54372,8.673744855,3.231198179,0
17.34887,16.43721,48.96758,3052.84655,-0.25327,51.55749,8.672403543,3.230698504,0
17.37425,16.47073,48.94824,3048.06274,-0.23125,51.57126,8.668801204,3.229356539,0
17.39959,16.5042,48.93067,3043.27602,-0.20946,51.58503,8.662975075,3.227186152,0
17.42488,16.53763,48.91485,3038.48768,-0.18798,51.59882,8.654970069,3.224204077,0
17.45012,16.57102,48.90075,3033.69903,-0.16687,51.6126,8.644838492,3.220429798,0
17.47532,16.60437,48.88833,3028.91132,-0.14618,51.62639,8.6326397,3.215885427,0
17.50047,16.63768,48.87755,3024.12581,-0.12598,51.64018,8.618439737,3.210595567,0
17.52557,16.67094,48.86837,3019.34374,-0.10633,51.65398,8.602310931,3.204587162,0
17.55062,16.70416,48.86073,3014.56629,-0.08727,51.66778,8.584331461,3.197889337,0
17.57563,16.73734,48.85458,3009.79465,-0.06886,51.68158,8.56458491,3.190533227,0
17.60059,16.77048,48.84986,3005.02994,-0.05116,51.69539,8.543159785,3.182551804,0
17.6255,16.80358,48.84651,3000.27326,-0.0342,51.70921,8.520149038,3.173979695,0
17.65036,16.83664,48.84446,2995.52567,-0.01804,51.72302,8.495649561,3.164852995,0
17.67518,16.86965,48.84365,2990.78818,-0.00272,51.73685,8.469761688,3.155209081,0
17.69995,16.90263,48.84401,2986.06175,0.01171,51.75067,8.442588689,3.145086425,0
17.72468,16.93556,48.84546,2981.34729,0.02524,51.7645,8.414236272,3.134524403,0
17.74935,16.96845,48.84792,2976.64568,0.0378,51.77834,8.384812085,3.12356312,0
17.77399,17.0013,48.85132,2971.95773,0.04939,51.79218,8.354425234,3.112243218,0
17.79857,17.03411,48.85558,2967.2842,0.05996,51.80602,8.323185812,3.100605711,0
17.82311,17.06688,48.86061,2962.62579,0.06949,51.81987,8.291204445,3.088691811,0
17.8476,17.09961,48.86633,2957.98315,0.07796,51.83372,8.258591859,3.076542764,0
17.87205,17.1323,48.87266,2953.35688,0.08535,51.84758,8.225458465,3.064199703,0
17.89645,17.16494,48.8795,2948.74751,0.09164,51.86144,8.191913967,3.051703495,0
17.92081,17.19755,48.88678,2944.15552,0.09682,51.87531,8.158067,3.039094609,0
17.94512,17.23012,48.8944,2939.58133,0.10089,51.88919,8.124024787,3.026412989,0
17.96938,17.26264,48.90228,2935.02531,0.10382,51.90307,8.089892827,3.013697936,0
17.9936,17.29513,48.91033,2930.48777,0.10563,51.91695,8.055774606,3.000988001,0
18.01778,17.32758,48.91846,2925.96894,0.1063,51.93084,8.021771337,2.988320889,0
18.04191,17.35998,48.92658,2921.46904,0.10584,51.94474,7.987981732,2.975733372,0
18.06599,17.39235,48.93462,2916.98819,0.10426,51.95864,7.954501788,2.963261211,0
18.09004,17.42468,48.94248,2912.52649,0.10156,51.97255,7.921424608,2.950939092,0
18.11403,17.45697,48.95008,2908.08396,0.09776,51.98646,7.888840249,2.938800561,0
18.13799,17.48922,48.95734,2903.66058,0.09286,52.00039,7.856835582,2.92687798,0
18.16189,17.52144,48.96417,2899.25628,0.08688,52.01431,7.825494188,2.915202486,0
18.18576,17.55361,48.9705,2894.87094,0.07985,52.02825,7.794896264,2.903803954,0
18.20958,17.58575,48.97625,2890.50438,0.07178,52.04219,7.765118557,2.892710975,0
18.23336,17.61785,48.98134,2886.15639,0.06269,52.05614,7.736234311,2.881950833,0
18.2571,17.64991,48.9857,2881.82669,0.05261,52.07009,7.708313233,2.871549497,0
18.28079,17.68193,48.98925,2877.51499,0.04157,52.08405,7.681421472,2.861531609,0
18.30444,17.71392,48.99194,2873.22093,0.0296,52.09802,7.655621616,2.851920483,0
18.32805,17.74587,48.99368,2868.94411,0.01672,52.112,7.630972693,2.842738111,0
18.35161,17.77778,48.99443,2864.6841,0.00298,52.12598,7.607530193,2.834005163,0
18.37513,17.80966,48.99411,2860.44043,-0.01159,52.13997,7.585346085,2.825740999,0
18.39861,17.84149,48.99267,2856.21258,-0.02696,52.15397,7.564468857,2.817963682,0
18.42205,17.8733,48.99006,2852.00001,-0.04309,52.16798,7.544943545,2.81068999,0
18.44545,17.90506,48.98622,2847.80214,-0.05994,52.18199,7.526811785,2.803935432,0
18.4688,17.93679,48.98111,2843.61835,-0.07746,52.19602,7.510111847,2.797714266,0
18.49212,17.96848,48.97467,2839.44801,-0.09562,52.21005,7.494878695,2.792039516,0
18.51539,18.00014,48.96688,2835.29043,-0.11437,52.22408,7.481144022,2.786922989,0
18.53862,18.03176,48.95768,2831.14492,-0.13366,52.23813,7.468936308,2.782375294,0
18.56181,18.06334,48.94705,2827.01074,-0.15346,52.25218,7.458280863,2.778405861,0
18.58495,18.09489,48.93496,2822.88715,-0.1737,52.26625,7.449199871,2.775022952,0
18.60806,18.12641,48.92137,2818.77337,-0.19436,52.28032,7.441712434,2.772233685,0
18.63113,18.15788,48.90626,2814.66861,-0.21537,52.29439,7.435834612,2.770044041,0
18.65415,18.18932,48.88962,2810.57203,-0.2367,52.30848,7.431579455,2.768458884,0
18.67714,18.22073,48.87143,2806.48281,-0.25828,52.32257,7.428957037,2.767481964,0
18.70008,18.2521,48.85167,2802.40009,-0.28007,52.33668,7.427974483,2.767115937,0
18.72298,18.28344,48.83033,2798.32299,-0.30203,52.35079,7.428635984,2.767362363,0
18.74584,18.31474,48.80741,2794.25065,-0.32409,52.36491,7.430942824,2.768221722,0
18.76866,18.346,48.78291,2790.18215,-0.34621,52.37903,7.434893383,2.769693409,0
18.79145,18.37723,48.75683,2786.11658,-0.36835,52.39317,7.440483145,2.771775742,0
18.81419,18.40843,48.72918,2782.05304,-0.39044,52.40731,7.447704703,2.774465963,0
18.83689,18.43958,48.69996,2777.99059,-0.41243,52.42146,7.456547751,2.777760231,0
18.85955,18.47071,48.6692,2773.92831,-0.43429,52.43562,7.466999081,2.781653626,0
18.88217,18.5018,48.63689,2769.86525,-0.45595,52.44978,7.479042565,2.786140141,0
18.90474,18.53285,48.60308,2765.80048,-0.47738,52.46395,7.492659145,2.791212675,0
18.92728,18.56387,48.56777,2761.73305,-0.4985,52.47813,7.507826814,2.796863031,0
18.94978,18.59485,48.531,2757.66203,-0.51929,52.49232,7.524520592,2.803081902,0
18.97224,18.62579,48.4928,2753.58648,-0.53969,52.50652,7.542712505,2.809858869,0
18.99466,18.6567,48.4532,2749.50547,-0.55966,52.52072,7.562371563,2.817182385,0
19.01703,18.68758,48.41225,2745.41806,-0.57914,52.53493,7.583463737,2.825039775,0
19.03937,18.71842,48.36997,2741.32335,-0.5981,52.54914,7.605951933,2.833417219,0
19.06166,18.74922,48.32641,2737.22041,-0.61648,52.56336,7.629795974,2.842299752,0
19.08392,18.77999,48.28163,2733.10837,-0.63425,52.57759,7.654952585,2.851671252,0
19.10613,18.81072,48.23567,2728.98633,-0.65136,52.59182,7.681375376,2.861514437,0
19.12831,18.84141,48.18858,2724.85343,-0.66777,52.60606,7.709014836,2.871810863,0
19.15044,18.87207,48.14042,2720.70883,-0.68344,52.62031,7.737818331,2.882540922,0
19.17253,18.90269,48.09124,2716.55169,-0.69834,52.63456,7.767730111,2.893683848,0
19.19459,18.93327,48.04111,2712.38121,-0.71242,52.64882,7.798691329,2.905217716,0
19.2166,18.96382,47.99009,2708.19662,-0.72566,52.66308,7.830640058,2.917119458,0
19.23857,18.99433,47.93824,2703.99716,-0.73802,52.67735,7.86351134,2.929364875,0
19.26049,19.0248,47.88562,2699.7821,-0.74947,52.69162,7.897237227,2.941928656,0
19.28238,19.05524,47.83232,2695.55077,-0.75998,52.7059,7.931746851,2.954784399,0
19.30423,19.08563,47.77839,2691.30249,-0.76953,52.72018,7.966966503,2.967904646,0
19.32603,19.11599,47.7239,2687.03665,-0.77809,52.73446,8.002819727,2.981260915,0
19.34779,19.14631,47.66894,2682.75266,-0.78564,52.74875,8.039227434,2.994823744,0
19.36951,19.17659,47.61357,2678.44997,-0.79217,52.76304,8.076108033,3.008562738,0
19.39119,19.20684,47.55788,2674.12809,-0.79764,52.77733,8.113377585,3.022446626,0
19.41283,19.23704,47.50192,2669.78655,-0.80206,52.79163,8.150949968,3.036443327,0
19.43442,19.26721,47.44578,2665.42493,-0.80541,52.80593,8.188737067,3.050520016,0
19.45597,19.29733,47.38955,2661.04288,-0.80767,52.82023,8.226648987,3.064643204,0
19.47748,19.32742,47.33328,2656.64007,-0.80886,52.83454,8.264594283,3.078778825,0
19.49895,19.35746,47.27706,2652.21623,-0.80895,52.84884,8.302480205,3.092892328,0
19.52038,19.38747,47.22097,2647.77115,-0.80796,52.86315,8.340212973,3.106948777,0
19.54176,19.41744,47.16508,2643.30467,-0.80589,52.87746,8.377698065,3.12091296,0
19.5631,19.44736,47.10946,2638.81667,-0.80273,52.89177,8.41484052,3.134749502,0
19.58439,19.47724,47.05419,2634.30711,-0.79851,52.90608,8.451545268,3.148422986,0
19.60564,19.50708,46.99935,2629.77598,-0.79324,52.92039,8.487717463,3.16189808,0
19.62685,19.53688,46.94499,2625.22334,-0.78692,52.9347,8.523262839,3.175139668,0
19.64802,19.56664,46.89121,2620.64932,-0.77959,52.94901,8.558088077,3.188112986,0
19.66914,19.59636,46.83805,2616.05407,-0.77126,52.96332,8.592101175,3.200783759,0
19.69021,19.62603,46.78559,2611.43783,-0.76195,52.97763,8.625211832,3.213118351,0
19.71125,19.65566,46.73389,2606.80089,-0.7517,52.99194,8.657331838,3.225083898,0
19.73224,19.68525,46.68301,2602.14359,-0.74053,53.00624,8.688375456,3.236648462,0
19.75318,19.7148,46.63301,2597.46632,-0.72848,53.02055,8.718259816,3.247781173,0
19.77408,19.7443,46.58395,2592.76954,-0.71559,53.03485,8.746905295,3.258452367,0
19.79494,19.77375,46.53589,2588.05375,-0.7019,53.04915,8.774235894,3.268633734,0
19.81575,19.80317,46.48886,2583.31951,-0.68744,53.06345,8.800179604,3.278298449,0
19.83651,19.83254,46.44292,2578.56742,-0.67227,53.07775,8.824668761,3.287421305,0
19.85723,19.86186,46.39811,2573.79815,-0.65643,53.09204,8.847640378,3.295978836,0
19.87791,19.89114,46.35447,2569.01238,-0.63996,53.10633,8.869036463,3.303949441,0
19.89854,19.92037,46.31204,2564.21086,-0.62293,53.12062,8.888804312,3.311313485,0
19.91912,19.94956,46.27085,2559.39439,-0.60538,53.1349,8.906896777,3.318053404,0
19.93966,19.97871,46.23092,2554.56378,-0.58737,53.14918,8.923272505,3.324153794,0
19.96016,20.0078,46.19229,2549.71989,-0.56895,53.16346,8.937896149,3.329601486,0
19.98061,20.03686,46.15497,2544.86362,-0.55019,53.17773,8.950738543,3.334385616,0
20.00101,20.06586,46.11899,2539.99589,-0.53114,53.192,8.961776848,3.338497674,0
20.02137,20.09482,46.08434,2535.11764,-0.51186,53.20626,8.970994654,3.34193155,0
20.04168,20.12374,46.05104,2530.22984,-0.49242,53.22052,8.978382057,3.344683552,0
20.06195,20.1526,46.0191,2525.33349,-0.47288,53.23478,8.98393569,3.346752426,0
20.08217,20.18143,45.98852,2520.42959,-0.45329,53.24903,8.98765872,3.348139353,0
20.10234,20.2102,45.95928,2515.51915,-0.43372,53.26327,8.989560807,3.34884793,0
20.12247,20.23893,45.93139,2510.60321,-0.41423,53.27751,8.989658027,3.348884147,0
20.14255,20.26761,45.90483,2505.6828,-0.39488,53.29175,8.987972759,3.348256341,0
20.16259,20.29624,45.87958,2500.75893,-0.37573,53.30598,8.98453354,3.346975141,0
20.18258,20.32482,45.85562,2495.83266,-0.35685,53.3202,8.979374879,3.345053404,0
20.20252,20.35336,45.83293,2490.90499,-0.33829,53.33442,8.972537053,3.342506134,0
20.22242,20.38185,45.81149,2485.97695,-0.32012,53.34864,8.964065859,3.339350391,0
20.24227,20.4103,45.79126,2481.04953,-0.30238,53.36285,8.954012357,3.335605197,0
20.26208,20.43869,45.7722,2476.12373,-0.28513,53.37705,8.94243257,3.331291422,0
20.28184,20.46704,45.75428,2471.20051,-0.26843,53.39125,8.929387182,3.326431671,0
20.30156,20.49534,45.73745,2466.28081,-0.25233,53.40544,8.9149412,3.321050163,0
20.32123,20.52359,45.72168,2461.36556,-0.23687,53.41963,8.899163619,3.315172599,0
20.34085,20.5518,45.70691,2456.45566,-0.22211,53.43381,8.882127062,3.308826033,0
20.36043,20.57996,45.69309,2451.55196,-0.20809,53.44799,8.863907411,3.302038734,0
20.37996,20.60807,45.68018,2446.6553,-0.19485,53.46217,8.844583443,3.294840048,0
20.39945,20.63613,45.66811,2441.76647,-0.18243,53.47633,8.824236455,3.287260259,0
20.41889,20.66415,45.65683,2436.88624,-0.17088,53.4905,8.802949884,3.279330451,0
20.43828,20.69212,45.64629,2432.01534,-0.16021,53.50465,8.780808943,3.271082368,0
20.45763,20.72004,45.63641,2427.15444,-0.15048,53.51881,8.757900249,3.262548277,0
20.47694,20.74792,45.62714,2422.30418,-0.14169,53.53295,8.734311466,3.253760834,0
20.4962,20.77574,45.61842,2417.46518,-0.13389,53.5471,8.710130952,3.244752957,0
20.51542,20.80353,45.61017,2412.63798,-0.12709,53.56123,8.685447427,3.235557694,0
20.53459,20.83126,45.60234,2407.8231,-0.12132,53.57537,8.660349636,3.226208107,0
20.55372,20.85895,45.59486,2403.02101,-0.11658,53.5895,8.634926048,3.216737152,0
20.5728,20.88659,45.58765,2398.23213,-0.1129,53.60362,8.609264555,3.20717757,0
20.59184,20.91418,45.58066,2393.45683,-0.11027,53.61774,8.583452189,3.197561785,0
20.61083,20.94173,45.57381,2388.69545,-0.10872,53.63186,8.557574867,3.187921801,0
20.62978,20.96923,45.56704,2383.94827,-0.10825,53.64597,8.531717141,3.178289118,0
20.64868,20.99668,45.56027,2379.21554,-0.10885,53.66008,8.505961971,3.16869464,0
20.66755,21.02409,45.55345,2374.49743,-0.11053,53.67419,8.480390521,3.159168602,0
20.68636,21.05146,45.54651,2369.79411,-0.11328,53.68829,8.455081963,3.149740498,0
20.70514,21.07877,45.53938,2365.10567,-0.11709,53.70238,8.430113308,3.140439017,0
20.72387,21.10604,45.53199,2360.43216,-0.12195,53.71648,8.405559249,3.131291984,0
20.74256,21.13327,45.52428,2355.77361,-0.12785,53.73057,8.381492023,3.122326309,0
20.7612,21.16045,45.5162,2351.12999,-0.13478,53.74466,8.357981289,3.113567942,0
20.77981,21.18758,45.50767,2346.50121,-0.14272,53.75874,8.335094022,3.105041833,0
20.79836,21.21467,45.49864,2341.88717,-0.15163,53.77282,8.312894418,3.096771896,0
20.81688,21.24172,45.48906,2337.28771,-0.16151,53.7869,8.29144382,3.088780984,0
20.83536,21.26872,45.47886,2332.70263,-0.17233,53.80098,8.270800651,3.08109086,0
20.85379,21.29567,45.46799,2328.13172,-0.18406,53.81505,8.251020357,3.07372218,0
20.87218,21.32259,45.45641,2323.57468,-0.19666,53.82912,8.23215537,3.066694477,0
20.89052,21.34945,45.44405,2319.03122,-0.21011,53.84319,8.214255072,3.060026145,0
20.90883,21.37627,45.43088,2314.501,-0.22437,53.85725,8.197365771,3.053734435,0
20.92709,21.40305,45.41684,2309.98364,-0.23941,53.87132,8.181530683,3.047835449,0
20.94531,21.42978,45.40191,2305.47872,-0.25519,53.88538,8.166789929,3.04234413,0
20.96349,21.45647,45.38603,2300.98582,-0.27167,53.89944,8.153180522,3.037274267,0
20.98163,21.48312,45.36916,2296.50446,-0.28881,53.9135,8.140736377,3.032638496,0
20.99973,21.50972,45.35129,2292.03415,-0.30656,53.92755,8.129488313,3.028448296,0
21.01779,21.53628,45.33236,2287.57435,-0.32489,53.9416,8.119464062,3.024713999,0
21.0358,21.56279,45.31237,2283.12452,-0.34374,53.95565,8.110688282,3.02144479,0
21.05377,21.58926,45.29126,2278.68408,-0.36308,53.9697,8.103182571,3.018648715,0
21.07171,21.61569,45.26904,2274.25244,-0.38285,53.98375,8.096965481,3.016332686,0
21.0896,21.64207,45.24567,2269.82896,-0.40301,53.99779,8.092052536,3.014502485,0
21.10745,21.66841,45.22114,2265.41302,-0.42351,54.01184,8.088456249,3.013162773,0
21.12526,21.69471,45.19543,2261.00396,-0.44429,54.02588,8.086186135,3.012317096,0
21.14303,21.72096,45.16854,2256.60109,-0.46532,54.03992,8.085248735,3.01196789,0
21.16076,21.74717,45.14045,2252.20372,-0.48654,54.05396,8.085647626,3.012116487,0
21.17845,21.77334,45.11116,2247.81116,-0.50789,54.06799,8.087383439,3.012763123,0
21.19609,21.79946,45.08067,2243.42268,-0.52934,54.08202,8.090453877,3.013906942,0
21.2137,21.82554,45.04898,2239.03756,-0.55081,54.09606,8.094853724,3.015546,0
21.23127,21.85158,45.0161,2234.65505,-0.57228,54.11009,8.100574865,3.017677276,0
21.2488,21.87757,44.98203,2230.27442,-0.59368,54.12411,8.107606296,3.020296669,0
21.26628,21.90352,44.94678,2225.8949,-0.61496,54.13814,8.115934141,3.023399011,0
21.28373,21.92943,44.91036,2221.51575,-0.63608,54.15216,8.125541662,3.026978065,0
21.30114,21.95529,44.8728,2217.1362,-0.65698,54.16618,8.136409278,3.031026538,0
21.3185,21.98111,44.8341,2212.75551,-0.67761,54.1802,8.148514575,3.03553608,0
21.33583,22.00689,44.7943,2208.3729,-0.69793,54.19421,8.16183233,3.040497294,0
21.35311,22.03262,44.75341,2203.98763,-0.71789,54.20823,8.176334522,3.045899742,0
21.37036,22.05831,44.71147,2199.59893,-0.73743,54.22224,8.191990358,3.051731953,0
21.38756,22.08396,44.66849,2195.20608,-0.75652,54.23624,8.208766299,3.057981432,0
21.40473,22.10956,44.62453,2190.80833,-0.77511,54.25025,8.226626083,3.064634671,0
21.42185,22.13512,44.57959,2186.40495,-0.79316,54.26425,8.245530761,3.071677161,0
21.43894,22.16063,44.53374,2181.99523,-0.81062,54.27825,8.265438735,3.079093406,0
21.45598,22.1861,44.487,2177.57846,-0.82745,54.29224,8.286305801,3.086866937,0
21.47299,22.21153,44.43941,2173.15396,-0.84361,54.30623,8.308085199,3.094980336,0
21.48995,22.23691,44.39103,2168.72106,-0.85907,54.32022,8.330727672,3.103415252,0
21.50687,22.26225,44.34188,2164.27911,-0.87378,54.3342,8.354181529,3.112152431,0
21.52376,22.28754,44.29203,2159.82748,-0.88773,54.34818,8.378392723,3.121171738,0
21.5406,22.31279,44.24151,2155.36555,-0.90086,54.36215,8.403304933,3.130452192,0
21.5574,22.33799,44.19038,2150.89275,-0.91316,54.37612,8.428859658,3.139971999,0
21.57416,22.36315,44.13869,2146.40852,-0.9246,54.39008,8.454996321,3.149708594,0
21.59088,22.38827,44.08649,2141.91232,-0.93514,54.40404,8.481652384,3.159638679,0
21.60756,22.41333,44.03384,2137.40366,-0.94478,54.41799,8.508763478,3.169738275,0
21.6242,22.43836,43.98078,2132.88207,-0.95348,54.43194,8.536263536,3.17998277,0
21.6408,22.46333,43.92738,2128.34711,-0.96122,54.44588,8.564084949,3.190346978,0
21.65736,22.48826,43.87369,2123.79838,-0.96801,54.45982,8.592158727,3.200805199,0
21.67387,22.51315,43.81976,2119.2355,-0.97381,54.47375,8.62041467,3.211331281,0
21.69035,22.53799,43.76565,2114.65815,-0.97862,54.48767,8.648781562,3.221898695,0
21.70678,22.56278,43.71143,2110.06603,-0.98244,54.50159,8.677187364,3.232480604,0
21.72318,22.58753,43.65714,2105.4589,-0.98526,54.5155,8.705559425,3.243049943,0
21.73953,22.61222,43.60283,2100.83652,-0.98708,54.5294,8.733824706,3.253579504,0
21.75584,22.63688,43.54858,2096.19874,-0.9879,54.54329,8.761910004,3.264042016,0
21.77211,22.66148,43.49443,2091.54542,-0.98772,54.55718,8.7897422,3.274410241,0
21.78833,22.68604,43.44044,2086.87646,-0.98656,54.57106,8.8172485,3.284657062,0
21.80452,22.71055,43.38665,2082.19183,-0.98442,54.58493,8.844356697,3.294755579,0
21.82066,22.73501,43.33313,2077.49152,-0.98132,54.59879,8.870995426,3.304679206,0
21.83677,22.75942,43.27993,2072.77557,-0.97727,54.61264,8.897094434,3.314401773,0
21.85283,22.78378,43.22709,2068.04406,-0.9723,54.62649,8.922584848,3.323897623,0
21.86884,22.8081,43.17467,2063.29712,-0.96642,54.64032,8.947399442,3.333141712,0
21.88482,22.83237,43.12271,2058.53493,-0.95967,54.65415,8.97147291,3.342109712,0
21.90075,22.85658,43.07125,2053.75768,-0.95207,54.66796,8.994742131,3.35077811,0
21.91664,22.88075,43.02035,2048.96565,-0.94365,54.68177,9.017146434,3.359124302,0
21.93249,22.90487,42.97003,2044.15912,-0.93445,54.69557,9.038627852,3.367126695,0
21.9483,22.92894,42.92035,2039.33843,-0.9245,54.70935,9.059131374,3.374764797,0
21.96406,22.95296,42.87133,2034.50395,-0.91384,54.72313,9.078605183,3.382019303,0
21.97978,22.97693,42.82301,2029.65611,-0.90252,54.73689,9.097000883,3.388872185,0
21.99546,23.00085,42.77543,2024.79536,-0.89057,54.75064,9.114273715,3.39530677,0
22.0111,23.02472,42.72861,2019.92217,-0.87804,54.76439,9.130382753,3.40130781,0
22.02669,23.04853,42.68258,2015.03707,-0.86499,54.77812,9.145291089,3.406861558,0
22.04224,23.0723,42.63736,2010.14062,-0.85145,54.79184,9.158965992,3.411955819,0
22.05775,23.09602,42.59297,2005.23339,-0.83748,54.80554,9.171379057,3.416580012,0
22.07321,23.11968,42.54944,2000.31599,-0.82313,54.81924,9.182506323,3.420725211,0
22.08863,23.14329,42.50677,1995.38906,-0.80846,54.83292,9.192328372,3.424384183,0
22.10401,23.16686,42.46498,1990.45325,-0.79352,54.8466,9.200830414,3.427551418,0
22.11934,23.19037,42.42407,1985.50925,-0.77836,54.86025,9.208002331,3.430223146,0
22.13463,23.21382,42.38406,1980.55775,-0.76305,54.8739,9.213838716,3.432397352,0
22.14988,23.23723,42.34495,1975.59947,-0.74764,54.88754,9.21833887,3.434073778,0
22.16509,23.26059,42.30673,1970.63513,-0.73218,54.90116,9.22150679,3.435253912,0
22.18025,23.28389,42.2694,1965.66547,-0.71674,54.91477,9.223351122,3.435940974,0
22.19537,23.30714,42.23296,1960.69124,-0.70137,54.92836,9.223885099,3.436139894,0
22.21044,23.33033,42.19739,1955.7132,-0.68613,54.94195,9.223126448,3.435857277,0
22.22547,23.35348,42.16269,1950.73209,-0.67108,54.95552,9.221097281,3.435101359,0
22.24046,23.37657,42.12884,1945.74868,-0.65627,54.96907,9.217823964,3.433881962,0
22.25541,23.39961,42.09583,1940.76371,-0.64175,54.98262,9.213336963,3.432210436,0
22.27031,23.4226,42.06362,1935.77795,-0.62759,54.99615,9.207670677,3.430099596,0
22.28517,23.44553,42.03221,1930.79213,-0.61383,55.00967,9.200863248,3.427563649,0
22.29998,23.46842,42.00156,1925.807,-0.60052,55.02317,9.192956363,3.424618126,0
22.31476,23.49125,41.97165,1920.82326,-0.58772,55.03666,9.183995033,3.421279795,0
22.32948,23.51402,41.94244,1915.84165,-0.57547,55.05014,9.174027371,3.417566579,0
22.34417,23.53674,41.91391,1910.86284,-0.56383,55.06361,9.16310435,3.413497466,0
22.35881,23.55941,41.88602,1905.88751,-0.55283,55.07706,9.151279562,3.409092421,0
22.37341,23.58203,41.85873,1900.91633,-0.54251,55.0905,9.13860896,3.404372289,0
22.38797,23.6046,41.83201,1895.94992,-0.53292,55.10393,9.12515061,3.399358699,0
22.40248,23.62711,41.80581,1890.98891,-0.5241,55.11734,9.110964422,3.394073971,0
22.41696,23.64957,41.7801,1886.03388,-0.51607,55.13074,9.096111898,3.388541015,0
22.43139,23.67197,41.75484,1881.08538,-0.50888,55.14413,9.080655866,3.382783236,0
22.44577,23.69433,41.72997,1876.14397,-0.50255,55.1575,9.064660227,3.37682444,0
22.46011,23.71663,41.70546,1871.21013,-0.49711,55.17087,9.048189698,3.370688735,0
22.47442,23.73888,41.68125,1866.28435,-0.49258,55.18422,9.031309565,3.364400441,0
22.48867,23.76107,41.65731,1861.36707,-0.48898,55.19755,9.014085437,3.357984,0
22.50289,23.78322,41.63358,1856.4587,-0.48634,55.21088,8.996583013,3.351463887,0
22.51707,23.80531,41.61002,1851.55963,-0.48467,55.22419,8.978867851,3.344864523,0
22.5312,23.82734,41.58658,1846.67021,-0.48398,55.23749,8.961005153,3.338210198,0
22.54529,23.84933,41.56321,1841.79074,-0.48428,55.25078,8.943059553,3.331524989,0
22.55934,23.87126,41.53986,1836.92151,-0.48558,55.26405,8.925094917,3.32483269,0
22.57334,23.89314,41.51649,1832.06278,-0.48788,55.27731,8.907174158,3.318156736,0
22.58731,23.91497,41.49304,1827.21474,-0.49119,55.29056,8.889359057,3.311520142,0
22.60123,23.93675,41.46948,1822.37758,-0.4955,55.3038,8.871710095,3.304945439,0
22.61511,23.95848,41.44575,1817.55144,-0.5008,55.31703,8.854286302,3.298454618,0
22.62895,23.98015,41.4218,1812.73643,-0.5071,55.33025,8.837145107,3.292069072,0
22.64275,24.00177,41.3976,1807.93264,-0.51437,55.34345,8.820342214,3.285809552,0
22.65651,24.02334,41.3731,1803.14009,-0.52261,55.35664,8.803931472,3.279696119,0
22.67023,24.04486,41.34825,1798.35881,-0.5318,55.36983,8.78796477,3.273748102,0
22.6839,24.06633,41.32301,1793.58877,-0.54193,55.383,8.772491932,3.267984063,0
22.69754,24.08774,41.29734,1788.82991,-0.55296,55.39615,8.757560631,3.262421761,0
22.71113,24.10911,41.27121,1784.08214,-0.56489,55.4093,8.743216306,3.257078122,0
22.72469,24.13042,41.24456,1779.34536,-0.57768,55.42244,8.729502088,3.251969215,0
22.7382,24.15168,41.21737,1774.61941,-0.5913,55.43557,8.716458742,3.247110225,0
22.75168,24.17289,41.18961,1769.90411,-0.60573,55.44868,8.704124608,3.242515436,0
22.76511,24.19405,41.16123,1765.19925,-0.62093,55.46179,8.692535554,3.238198208,0
22.7785,24.21516,41.13221,1760.50462,-0.63688,55.47488,8.68172494,3.23417097,0
22.79185,24.23622,41.10251,1755.81993,-0.65353,55.48796,8.67172358,3.2304452,0
22.80517,24.25723,41.07212,1751.14492,-0.67085,55.50104,8.662559716,3.22703142,0
22.81844,24.27818,41.041,1746.47926,-0.68879,55.5141,8.654259,3.223939185,0
22.83167,24.29909,41.00913,1741.82263,-0.70733,55.52715,8.646844472,3.221177078,0
22.84487,24.31995,40.97648,1737.17466,-0.72641,55.54019,8.640336552,3.218752707,0
22.85802,24.34075,40.94305,1732.53499,-0.74599,55.55322,8.634753033,3.216672699,0
22.87114,24.36151,40.90881,1727.9032,-0.76603,55.56625,8.630109077,3.214942703,0
22.88421,24.38221,40.87374,1723.27888,-0.78649,55.57926,8.626417216,3.213567388,0
22.89725,24.40287,40.83784,1718.6616,-0.80731,55.59226,8.623687357,3.212550443,0
22.91024,24.42347,40.80109,1714.0509,-0.82845,55.60525,8.621926788,3.211894585,0
22.9232,24.44403,40.76349,1709.44632,-0.84987,55.61823,8.621140189,3.211601556,0
22.93612,24.46453,40.72503,1704.84737,-0.87151,55.6312,8.621329646,3.211672134,0
22.949,24.48499,40.6857,1700.25356,-0.89332,55.64416,8.622494669,3.212106136,0
22.96184,24.50539,40.6455,1695.66438,-0.91527,55.65711,8.624632206,3.212902424,0
22.97464,24.52575,40.60444,1691.07933,-0.93729,55.67004,8.627736668,3.214058918,0
22.9874,24.54605,40.56251,1686.49787,-0.95934,55.68297,8.631799955,3.215572599,0
23.00013,24.5663,40.51973,1681.91947,-0.98137,55.69589,8.636811478,3.217439524,0
23.01281,24.58651,40.4761,1677.34359,-1.00333,55.7088,8.642758193,3.219654832,0
23.02546,24.60666,40.43162,1672.7697,-1.02517,55.7217,8.649624635,3.222212762,0
23.03807,24.62677,40.38631,1668.19724,-1.04685,55.73458,8.657392951,3.225106664,0
23.05064,24.64682,40.34019,1663.62568,-1.06832,55.74746,8.666042942,3.228329013,0
23.06317,24.66682,40.29327,1659.05446,-1.08952,55.76033,8.675552103,3.231871426,0
23.07566,24.68678,40.24556,1654.48305,-1.11043,55.77318,8.685895678,3.23572468,0
23.08811,24.70668,40.19709,1649.91089,-1.13098,55.78602,8.697046702,3.23987873,0
23.10053,24.72653,40.14787,1645.33746,-1.15115,55.79886,8.708976063,3.24432273,0
23.1129,24.74634,40.09793,1640.76222,-1.17087,55.81168,8.721652561,3.249045059,0
23.12524,24.76609,40.04729,1636.18465,-1.19013,55.82449,8.735042971,3.25403334,0
23.13754,24.78579,39.99599,1631.60423,-1.20886,55.83729,8.74911212,3.259274468,0
23.1498,24.80545,39.94404,1627.02046,-1.22705,55.85008,8.763822956,3.264754641,0
23.16202,24.82505,39.89147,1622.43285,-1.24465,55.86285,8.779136634,3.270459389,0
23.1742,24.8446,39.83832,1617.84091,-1.26162,55.87562,8.795012603,3.276373605,0
23.18635,24.8641,39.78462,1613.24419,-1.27794,55.88837,8.8114087,3.282481583,0
23.19846,24.88355,39.7304,1608.64223,-1.29357,55.90111,8.828281253,3.288767053,0
23.21052,24.90295,39.67568,1604.03461,-1.30849,55.91384,8.845585184,3.295213222,0
23.22255,24.92229,39.62052,1599.42091,-1.32267,55.92656,8.863274124,3.301802818,0
23.23454,24.94159,39.56494,1594.80073,-1.33609,55.93926,8.881300534,3.30851813,0
23.2465,24.96083,39.50897,1590.17371,-1.34872,55.95195,8.899615831,3.31534106,0
23.25841,24.98003,39.45266,1585.5395,-1.36055,55.96463,8.918170522,3.322253171,0
23.27028,24.99917,39.39605,1580.89777,-1.37156,55.9773,8.93691434,3.329235736,0
23.28212,25.01826,39.33916,1576.24822,-1.38174,55.98995,8.955796393,3.336269798,0
23.29392,25.0373,39.28203,1571.59058,-1.39107,56.00259,8.974765314,3.34333622,0
23.30568,25.05629,39.22471,1566.92459,-1.39955,56.01521,8.993769416,3.350415748,0
23.3174,25.07523,39.16723,1562.25004,-1.40718,56.02782,9.012756855,3.357489068,0
23.32908,25.09411,39.10963,1557.56673,-1.41394,56.04042,9.031675795,3.364536871,0
23.34072,25.11294,39.05194,1552.87449,-1.41984,56.053,9.050474579,3.371539913,0
23.35232,25.13172,38.99421,1548.17318,-1.42489,56.06557,9.069101899,3.37847908,0
23.36389,25.15045,38.93646,1543.46271,-1.42909,56.07813,9.087506972,3.385335454,0
23.37542,25.16912,38.87874,1538.743,-1.43244,56.09067,9.10563972,3.39209038,0
23.3869,25.18774,38.82107,1534.01399,-1.43496,56.10319,9.123450944,3.398725529,0
23.39835,25.20631,38.7635,1529.27567,-1.43667,56.1157,9.140892502,3.405222968,0
23.40976,25.22482,38.70606,1524.52805,-1.43758,56.12819,9.157917485,3.411565222,0
23.42113,25.24329,38.64877,1519.77119,-1.4377,56.14067,9.174480393,3.417735341,0
23.43246,25.2617,38.59168,1515.00516,-1.43708,56.15313,9.190537305,3.423716964,0
23.44375,25.28005,38.5348,1510.23006,-1.43572,56.16558,9.206046047,3.429494378,0
23.455,25.29835,38.47817,1505.44602,-1.43365,56.17801,9.22096635,3.435052584,0
23.46621,25.3166,38.42181,1500.65322,-1.43092,56.19043,9.235260012,3.440377349,0
23.47739,25.33479,38.36575,1495.85184,-1.42754,56.20283,9.24889104,3.445455265,0
23.48852,25.35294,38.31002,1491.04211,-1.42355,56.21521,9.261825795,3.450273802,0
23.49962,25.37102,38.25464,1486.22428,-1.419,56.22757,9.274033121,3.454821352,0
23.51067,25.38905,38.19962,1481.39862,-1.41392,56.23992,9.285484464,3.459087279,0
23.52169,25.40703,38.14498,1476.56543,-1.40835,56.25225,9.296153986,3.463061957,0
23.53267,25.42495,38.09075,1471.72503,-1.40234,56.26457,9.306018661,3.466736807,0
23.5436,25.44282,38.03693,1466.87778,-1.39592,56.27687,9.315058358,3.470104332,0
23.5545,25.46063,37.98355,1462.02404,-1.38915,56.28915,9.323255919,3.47315814,0
23.56536,25.47839,37.93061,1457.16421,-1.38207,56.30141,9.330597216,3.475892966,0
23.57618,25.4961,37.87811,1452.29869,-1.37473,56.31365,9.337071194,3.478304693,0
23.58696,25.51375,37.82608,1447.42791,-1.36719,56.32588,9.342669905,3.48039036,0
23.5977,25.53134,37.77451,1442.55231,-1.35948,56.33809,9.347388522,3.482148169,0
23.6084,25.54888,37.72341,1437.67236,-1.35167,56.35028,9.351225342,3.483577486,0
23.61906,25.56636,37.67277,1432.78853,-1.3438,56.36246,9.354181775,3.484678834,0
23.62968,25.58379,37.6226,1427.90129,-1.33592,56.37461,9.356262311,3.485453889,0
23.64026,25.60116,37.5729,1423.01114,-1.3281,56.38675,9.357474487,3.485905456,0
23.6508,25.61847,37.52365,1418.11859,-1.32037,56.39887,9.357828825,3.486037456,0
23.6613,25.63573,37.47486,1413.22413,-1.3128,56.41097,9.357338765,3.485854896,0
23.67177,25.65294,37.42652,1408.32829,-1.30543,56.42305,9.356020587,3.48536384,0
23.68219,25.67009,37.37861,1403.43158,-1.29832,56.43512,9.353893314,3.484571375,0
23.69257,25.68718,37.33112,1398.53451,-1.29151,56.44716,9.35097861,3.483485571,0
23.70292,25.70422,37.28404,1393.6376,-1.28505,56.45919,9.34730066,3.482115438,0
23.71322,25.7212,37.23735,1388.74137,-1.279,56.4712,9.342886051,3.48047088,0
23.72349,25.73813,37.19104,1383.84633,-1.27339,56.48319,9.337763633,3.478562645,0
23.73371,25.755,37.14508,1378.95298,-1.26828,56.49516,9.33196438,3.47640227,0
23.7439,25.77181,37.09946,1374.06183,-1.26371,56.50712,9.325521239,3.474002031,0
23.75405,25.78857,37.05416,1369.17337,-1.25972,56.51905,9.318468975,3.471374877,0
23.76415,25.80527,37.00915,1364.28808,-1.25635,56.53097,9.310844016,3.468534379,0
23.77422,25.82191,36.96442,1359.40643,-1.25364,56.54287,9.302684283,3.465494664,0
23.78425,25.8385,36.91992,1354.52889,-1.25163,56.55475,9.294029025,3.462270353,0
23.79424,25.85504,36.87564,1349.6559,-1.25035,56.56662,9.284918657,3.458876501,0
23.8042,25.87152,36.83156,1344.78789,-1.24983,56.57846,9.275394579,3.455328531,0
23.81411,25.88794,36.78764,1339.92528,-1.25011,56.59029,9.265499019,3.451642175,0
23.82398,25.9043,36.74385,1335.06848,-1.25121,56.6021,9.255274854,3.447833404,0
23.83382,25.92061,36.70017,1330.21786,-1.25315,56.61389,9.244765449,3.443918374,0
23.84361,25.93687,36.65657,1325.37378,-1.25596,56.62566,9.234014491,3.439913359,0
23.85337,25.95307,36.61301,1320.53661,-1.25966,56.63742,9.223065824,3.435834693,0
23.86309,25.96921,36.56947,1315.70666,-1.26426,56.64916,9.211963299,3.43169871,0
23.87277,25.9853,36.52591,1310.88423,-1.26978,56.66088,9.200750612,3.427521689,0
23.88241,26.00133,36.48231,1306.06962,-1.27623,56.67258,9.189471161,3.423319797,0
23.89201,26.01731,36.43863,1301.26308,-1.28363,56.68426,9.178167898,3.419109034,0
23.90158,26.03323,36.39485,1296.46485,-1.29196,56.69593,9.166883198,3.414905186,0
23.91111,26.04909,36.35093,1291.67516,-1.30125,56.70758,9.15565872,3.410723773,0
23.9206,26.0649,36.30684,1286.89421,-1.31148,56.71922,9.144535287,3.406580002,0
23.93005,26.08066,36.26255,1282.12215,-1.32267,56.73084,9.133552765,3.402488723,0
23.93946,26.09636,36.21804,1277.35915,-1.33479,56.74244,9.122749952,3.398464391,0
23.94883,26.112,36.17328,1272.60533,-1.34785,56.75402,9.112164469,3.39452102,0
23.95817,26.12759,36.12823,1267.8608,-1.36184,56.76559,9.101832669,3.390672153,0
23.96747,26.14312,36.08287,1263.12564,-1.37673,56.77713,9.091789536,3.386930822,0
23.97673,26.1586,36.03718,1258.39991,-1.39253,56.78867,9.082068608,3.38330952,0
23.98596,26.17403,35.99112,1253.68365,-1.4092,56.80019,9.072701893,3.379820172,0
23.99514,26.1894,35.94467,1248.97686,-1.42674,56.81169,9.063719803,3.376474107,0
24.00429,26.20471,35.89782,1244.27955,-1.44511,56.82317,9.055151083,3.373282034,0
24.0134,26.21997,35.85053,1239.59168,-1.4643,56.83464,9.047022758,3.370254019,0
24.02248,26.23518,35.80278,1234.91321,-1.48427,56.84609,9.039360078,3.367399469,0
24.03152,26.25033,35.75456,1230.24406,-1.505,56.85753,9.03218647,3.364727111,0
24.04052,26.26543,35.70584,1225.58414,-1.52646,56.86895,9.025523503,3.362244981,0
24.04948,26.28047,35.65661,1220.93336,-1.54861,56.88035,9.019390847,3.359960405,0
24.05841,26.29546,35.60685,1216.29156,-1.57143,56.89174,9.01380625,3.357879996,0
24.0673,26.3104,35.55654,1211.65862,-1.59487,56.90311,9.008785511,3.356009638,0
24.07616,26.32528,35.50567,1207.03436,-1.61891,56.91447,9.004342459,3.354354484,0
24.08497,26.3401,35.45424,1202.4186,-1.64349,56.92581,9.000488947,3.35291895,0
24.09375,26.35488,35.40221,1197.81115,-1.66859,56.93714,8.997234836,3.351706708,0
24.1025,26.36959,35.3496,1193.2118,-1.69415,56.94845,8.994587996,3.35072069,0
24.11121,26.38426,35.29638,1188.62031,-1.72015,56.95974,8.992554303,3.349963086,0
24.11988,26.39887,35.24256,1184.03646,-1.74653,56.97102,8.991137649,3.349435345,0
24.12851,26.41343,35.18812,1179.45998,-1.77326,56.98229,8.990339946,3.34913818,0
24.13711,26.42793,35.13306,1174.89061,-1.80029,56.99354,8.990161145,3.349071572,0
24.14568,26.44238,35.07739,1170.32808,-1.82758,57.00477,8.990599249,3.349234777,0
24.15421,26.45678,35.02109,1165.77211,-1.85508,57.01599,8.991650339,3.349626336,0
24.1627,26.47113,34.96417,1161.22239,-1.88275,57.02719,8.9933086,3.350244082,0
24.17116,26.48542,34.90664,1156.67865,-1.91054,57.03838,8.995566348,3.351085152,0
24.17958,26.49965,34.84849,1152.14055,-1.93841,57.04955,8.99841407,3.352146004,0
24.18796,26.51384,34.78973,1147.6078,-1.96632,57.06071,9.001840456,3.353422423,0
24.19631,26.52797,34.73036,1143.08009,-1.99422,57.07185,9.005832446,3.354909544,0
24.20462,26.54204,34.6704,1138.55708,-2.02207,57.08298,9.010375274,3.356601867,0
24.2129,26.55607,34.60984,1134.03845,-2.04982,57.09409,9.015452519,3.358493274,0
24.22115,26.57004,34.54871,1129.5239,-2.07745,57.10519,9.02104616,3.360577053,0
24.22935,26.58396,34.48701,1125.01309,-2.10489,57.11627,9.027136633,3.362845914,0
24.23753,26.59782,34.42475,1120.5057,-2.13213,57.12733,9.033702895,3.36529202,0
24.24566,26.61163,34.36195,1116.00141,-2.15911,57.13838,9.04072249,3.367907003,0
24.25376,26.62539,34.29862,1111.49992,-2.18581,57.14942,9.048171618,3.370682,0
24.26183,26.6391,34.23478,1107.0009,-2.21218,57.16043,9.056025211,3.37360767,0
24.26986,26.65275,34.17044,1102.50406,-2.23819,57.17144,9.064257011,3.376674231,0
24.27786,26.66635,34.10561,1098.00909,-2.26381,57.18242,9.07283965,3.379871491,0
24.28582,26.67989,34.04033,1093.5157,-2.28902,57.19339,9.081744742,3.383188871,0
24.29374,26.69339,33.97459,1089.02362,-2.31378,57.20435,9.090942963,3.386615451,0
24.30164,26.70683,33.90843,1084.53257,-2.33806,57.21529,9.100404155,3.390139994,0
24.30949,26.72021,33.84187,1080.04229,-2.36185,57.22621,9.110097415,3.393750988,0
24.31731,26.73355,33.77491,1075.55253,-2.38512,57.23712,9.119991195,3.397436682,0
24.3251,26.74683,33.70759,1071.06304,-2.40785,57.24801,9.130053411,3.401185122,0
24.33285,26.76005,33.63993,1066.57362,-2.43002,57.25888,9.140251541,3.404984193,0
24.34057,26.77323,33.57194,1062.08404,-2.45163,57.26974,9.150552738,3.40882166,0
24.34825,26.78635,33.50364,1057.59412,-2.47265,57.28058,9.16092394,3.412685206,0
24.35589,26.79941,33.43506,1053.10367,-2.49308,57.2914,9.171331978,3.416562474,0
24.36351,26.81243,33.36622,1048.61254,-2.51291,57.30221,9.181743694,3.420441112,0
24.37108,26.82539,33.29714,1044.12057,-2.53215,57.313,9.192126055,3.424308815,0
24.37863,26.83829,33.22784,1039.62764,-2.55077,57.32378,9.202446266,3.428153365,0
24.38613,26.85115,33.15834,1035.13364,-2.5688,57.33453,9.212671885,3.431962677,0
24.39361,26.86395,33.08867,1030.63849,-2.58622,57.34527,9.222770943,3.435724842,0
24.40104,26.87669,33.01883,1026.14209,-2.60306,57.35599,9.232712054,3.439428167,0
24.40845,26.88939,32.94886,1021.64442,-2.61931,57.3667,9.242464528,3.44306122,0
24.41582,26.90203,32.87877,1017.14543,-2.63498,57.37738,9.251998484,3.44661287,0
24.42315,26.91461,32.80859,1012.6451,-2.65011,57.38805,9.261284958,3.450072326,0
24.43045,26.92715,32.73832,1008.14345,-2.66469,57.3987,9.270296011,3.45342918,0
24.43771,26.93963,32.66798,1003.64051,-2.67875,57.40934,9.279004827,3.456673443,0
24.44494,26.95205,32.5976,999.13631,-2.69232,57.41995,9.287385814,3.459795582,0
0.04763,0.04763,53.16389,5031.83047,-0.36628,45.00009,13.05753248,4.864274414,0
0.0952,0.0952,53.12452,5024.5984,-0.23171,45.00021,13.09232696,4.877236271,0
0.1427,0.1427,53.10292,5017.32203,-0.09683,45.00036,13.09415688,4.877917966,0
0.19012,0.19013,53.09905,5010.01974,0.03778,45.00054,13.06319257,4.866382945,0
0.23748,0.23749,53.11278,5002.70986,0.17157,45.00075,12.99998504,4.842836478,0
0.28477,0.28478,53.14392,4995.41044,0.30399,45.00099,12.90544963,4.807619551,0
0.33199,0.332,53.19219,4988.13906,0.43451,45.00125,12.78084079,4.76119948,0
0.37914,0.37915,53.25728,4980.91267,0.56262,45.00154,12.62771926,4.704157679,0
0.42622,0.42623,53.33878,4973.74735,0.68784,45.00187,12.44791298,4.637175109,0
0.47323,0.47325,53.43624,4966.65825,0.80971,45.00222,12.24347347,4.561016012,0
0.52017,0.5202,53.54916,4959.65943,0.92783,45.0026,12.01662924,4.476510567,0
0.56704,0.56707,53.67699,4952.76375,1.04181,45.00301,11.76973803,4.384537095,0
0.61385,0.61389,53.81911,4945.98282,1.15132,45.00345,11.50523945,4.286004418,0
0.66053,0.66069,53.97131,4939.33293,1.20062,45.14128,11.23130096,4.183955119,43.99999925
0.70704,0.70754,54.12944,4932.82473,1.24638,45.276,10.95533591,4.081150879,43.99999925
0.75337,0.75444,54.29304,4926.45993,1.28859,45.40759,10.67851884,3.978029238,43.99999925
0.79954,0.80137,54.46165,4920.23959,1.32722,45.53604,10.4019559,3.875002266,43.99999925
0.84554,0.84836,54.63478,4914.16419,1.36228,45.66135,10.12666477,3.772449076,43.99999925
0.89139,0.89538,54.81198,4908.23365,1.39379,45.78351,9.853573316,3.670715323,43.99999925
0.93708,0.94244,54.99279,4902.44741,1.42177,45.90256,9.583519618,3.570113215,43.99999925
0.98261,0.98954,55.17675,4896.80444,1.44626,46.01853,9.317253227,3.470921979,43.99999925
1.028,1.03667,55.36342,4891.30331,1.46731,46.13145,9.055437452,3.373388714,43.99999925
1.07325,1.08384,55.55235,4885.94222,1.48498,46.24137,8.798652504,3.277729564,43.99999925
1.11836,1.13104,55.74313,4880.71909,1.49932,46.34835,8.547399326,3.184131145,43.99999925
1.16333,1.17827,55.93533,4875.63151,1.51041,46.45244,8.302103948,3.092752162,43.99999925
1.20817,1.22554,56.12854,4870.67688,1.51832,46.55373,8.06312221,3.003725177,43.99999925
1.25288,1.27283,56.32237,4865.85238,1.52312,46.65227,7.830744747,2.917158458,43.99999925
1.29746,1.32016,56.51642,4861.15502,1.52491,46.74814,7.605202095,2.833137885,43.99999925
1.34192,1.36751,56.71033,4856.58168,1.52376,46.84142,7.386669838,2.75172887,43.99999925
1.38626,1.41489,56.90373,4852.12913,1.51977,46.93218,7.175273706,2.672978248,43.99999925
1.43049,1.46229,57.09628,4847.79408,1.51302,47.02052,6.971094551,2.596916141,43.99999925
1.47461,1.50972,57.28763,4843.57316,1.5036,47.10651,6.774173161,2.523557742,43.99999925
1.51861,1.55717,57.47746,4839.46298,1.49161,47.19024,6.584514852,2.452905032,43.99999925
1.56251,1.60465,57.66545,4835.46011,1.47713,47.27179,6.40209382,2.384948397,43.99999925
1.60631,1.65215,57.8513,4831.56115,1.46026,47.35125,6.226857224,2.319668155,43.99999925
1.65001,1.69967,58.03473,4827.76269,1.44109,47.42869,6.058728996,2.257035966,43.99999925
1.6936,1.74721,58.21545,4824.06135,1.41971,47.5042,5.897613359,2.197016152,43.99999925
1.73711,1.79478,58.39321,4820.45379,1.3962,47.57787,5.743398059,2.139566895,43.99999925
1.78052,1.84236,58.56773,4816.93672,1.37065,47.64977,5.595957328,2.084641343,43.99999925
1.82383,1.88997,58.73879,4813.50689,1.34315,47.71998,5.455154556,2.032188606,43.99999925
1.86706,1.93759,58.90615,4810.16111,1.31379,47.78858,5.320844719,1.982154658,43.99999925
1.91021,1.98523,59.06958,4806.89626,1.28263,47.85565,5.192876544,1.934483145,43.99999925
1.95326,2.0329,59.22888,4803.70927,1.24978,47.92126,5.071094453,1.889116112,43.99999925
1.99624,2.08057,59.38384,4800.59716,1.2153,47.98549,4.955340279,1.845994637,43.99999925
2.03913,2.12827,59.53427,4797.55698,1.17927,48.04841,4.845454785,1.805059399,43.99999925
2.08195,2.17599,59.67999,4794.5859,1.14176,48.11008,4.741278997,1.766251177,43.99999925
2.12469,2.22372,59.82082,4791.68113,1.10285,48.17057,4.642655368,1.72951128,43.99999925
2.16735,2.27147,59.95661,4788.83995,1.06262,48.22996,4.54942878,1.694781923,43.99999925
2.20994,2.31923,60.0872,4786.05971,1.02112,48.2883,4.461447421,1.662006552,43.99999925
2.25245,2.36702,60.21244,4783.33784,0.97843,48.34565,4.378563521,1.631130118,43.99999925
2.29489,2.41481,60.3322,4780.67181,0.9346,48.40209,4.300633988,1.602099317,43.99999925
2.33727,2.46263,60.44634,4778.05917,0.88972,48.45766,4.22752094,1.574862783,43.99999925
2.37957,2.51046,60.55474,4775.49754,0.84383,48.51243,4.159092148,1.549371258,43.99999925
2.42181,2.55831,60.65729,4772.98456,0.797,48.56645,4.095221406,1.525577726,43.99999925
2.46398,2.60617,60.75388,4770.51796,0.74928,48.61978,4.035788831,1.503437527,43.99999925
2.50608,2.65405,60.84441,4768.0955,0.70074,48.67247,3.980681102,1.482908448,43.99999925
2.54812,2.70194,60.92879,4765.715,0.65143,48.72457,3.929791659,1.463950792,43.99999925
2.59009,2.74985,61.00693,4763.37431,0.6014,48.77614,3.883020849,1.446527434,43.99999925
2.632,2.79778,61.07875,4761.07134,0.5507,48.82722,3.840276039,1.430603868,43.99999925
2.67385,2.84572,61.14419,4758.80401,0.4994,48.87786,3.801471705,1.416148233,43.99999925
2.71563,2.89368,61.20317,4756.5703,0.44754,48.92812,3.766529483,1.403131336,43.99999925
2.75736,2.94165,61.25563,4754.3682,0.39517,48.97804,3.735378216,1.391526669,43.99999925
2.79902,2.98964,61.30152,4752.19573,0.34234,49.02766,3.707953969,1.381310416,43.99999925
2.84062,3.03765,61.3408,4750.05094,0.2891,49.07703,3.684200045,1.372461454,43.99999925
2.88216,3.08567,61.37341,4747.93188,0.2355,49.1262,3.664066981,1.364961358,43.99999925
2.92365,3.13371,61.39933,4745.83662,0.18158,49.17522,3.647512544,1.358794394,43.99999925
2.96507,3.18176,61.41852,4743.76326,0.12739,49.22412,3.634501716,1.353947519,43.99999925
3.00644,3.22983,61.43097,4741.70989,0.07298,49.27295,3.625006683,1.350410369,43.99999925
3.04774,3.27791,61.43664,4739.67459,0.0184,49.32175,3.619006816,1.348175261,43.99999925
3.08899,3.32602,61.43553,4737.65545,-0.03632,49.37057,3.616488657,1.34723718,43.99999925
3.13018,3.37413,61.42763,4735.65056,-0.09112,49.41946,3.617445899,1.347593778,43.99999925
3.17131,3.42227,61.41293,4733.65799,-0.14596,49.46845,3.62187937,1.349245363,43.99999925
3.21238,3.47042,61.39145,4731.6758,-0.2008,49.51759,3.62979702,1.352194896,43.99999925
3.2534,3.51859,61.36319,4729.70203,-0.25558,49.56692,3.641213902,1.356447985,43.99999925
3.29435,3.56678,61.32816,4727.73471,-0.31026,49.61649,3.656152161,1.362012879,43.99999925
3.33525,3.61498,61.28639,4725.77182,-0.3648,49.66634,3.674641011,1.368900462,43.99999925
3.37609,3.66321,61.23791,4723.81134,-0.41915,49.71652,3.696716721,1.377124245,43.99999925
3.41687,3.71145,61.18273,4721.85119,-0.47326,49.76708,3.722422592,1.386700358,43.99999925
3.45758,3.7597,61.12091,4719.88926,-0.52708,49.81805,3.751808924,1.39764754,43.99999925
3.49824,3.80798,61.05249,4717.92341,-0.58056,49.86949,3.784932983,1.409987124,43.99999925
3.53884,3.85628,60.97752,4715.95143,-0.63367,49.92145,3.82185895,1.423743018,43.99999925
3.57938,3.90459,60.89605,4713.97109,-0.68633,49.97397,3.862657864,1.438941687,43.99999925
3.61986,3.95293,60.80814,4711.98007,-0.73851,50.0271,3.907407538,1.455612118,43.99999925
3.66027,4.00128,60.71387,4709.97603,-0.79015,50.0809,3.956192458,1.473785784,43.99999925
3.70062,4.04965,60.61331,4707.95653,-0.8412,50.13542,4.00910366,1.493496599,43.99999925
3.74091,4.09805,60.50654,4705.9191,-0.89161,50.19071,4.066238568,1.514780856,43.99999925
3.78113,4.14646,60.39366,4703.86117,-0.94131,50.24683,4.127700798,1.537677153,43.99999925
3.82129,4.1949,60.27475,4701.78011,-0.99025,50.30382,4.193599919,1.56222631,43.99999925
3.86139,4.24335,60.14992,4699.67321,-1.03837,50.36176,4.264051166,1.588471253,43.99999925
3.90141,4.29183,60.01929,4697.53769,-1.08562,50.4207,4.339175086,1.61645689,43.99999925
3.94137,4.34033,59.88296,4695.37067,-1.13192,50.4807,4.41909713,1.646229955,43.99999925
3.98126,4.38885,59.74107,4693.16919,-1.17722,50.54183,4.503947159,1.677838823,43.99999925
4.02107,4.4374,59.59374,4690.93019,-1.22145,50.60415,4.593858869,1.7113333,43.99999925
4.06082,4.48597,59.44113,4688.65054,-1.26455,50.66772,4.68896912,1.746764372,43.99999925
4.10049,4.53456,59.28338,4686.32699,-1.30644,50.73262,4.789417164,1.784183911,43.99999925
4.14008,4.58318,59.12064,4683.95622,-1.34705,50.79891,4.89534374,1.823644348,43.99999925
4.1796,4.63182,58.9531,4681.53478,-1.38632,50.86667,5.00689006,1.865198287,43.99999925
4.21904,4.68048,58.78092,4679.05916,-1.42416,50.93597,5.124196633,1.908898071,43.99999925
4.25841,4.72917,58.60428,4676.52573,-1.4605,51.0069,5.247401949,1.954795293,43.99999925
4.29768,4.77789,58.4234,4673.93077,-1.49526,51.07952,5.376640989,2.002940236,43.99999925
4.33688,4.82663,58.23847,4671.27046,-1.52837,51.15392,5.51204356,2.053381257,43.99999925
4.37599,4.8754,58.0497,4668.5409,-1.55973,51.23018,5.653732438,2.106164092,43.99999925
4.41501,4.92419,57.85732,4665.73809,-1.58928,51.30838,5.801821312,2.161331094,43.99999925
4.45394,4.97302,57.66157,4662.85795,-1.61691,51.38862,5.956412524,2.218920388,43.99999925
4.49278,5.02187,57.46269,4659.89635,-1.64254,51.47097,6.117594588,2.278964948,43.99999925
4.53152,5.07075,57.26095,4656.84905,-1.6661,51.55553,6.285439497,2.341491592,43.99999925
4.57017,5.11966,57.05659,4653.71179,-1.68748,51.64239,6.459999807,2.406519901,43.99999925
4.60871,5.1686,56.84992,4650.48024,-1.7066,51.73164,6.641305517,2.474061048,43.99999925
4.64715,5.21757,56.6412,4647.15006,-1.72337,51.82336,6.829360732,2.544116564,43.99999925
4.68549,5.26657,56.43074,4643.71686,-1.73769,51.91765,7.024140147,2.616677021,43.99999925
4.72371,5.3156,56.21886,4640.17629,-1.74949,52.01461,7.225585358,2.691720662,43.99999925
4.76183,5.36467,56.00586,4636.52399,-1.75867,52.11431,7.433601043,2.769211978,43.99999925
4.79983,5.41376,55.79209,4632.75565,-1.76514,52.21686,7.648051034,2.849100243,43.99999925
4.8377,5.46289,55.57788,4628.86703,-1.76882,52.32234,7.868754349,2.931318035,43.99999925
4.87546,5.51205,55.36357,4624.85399,-1.76962,52.43084,8.095481223,3.01577976,43.99999925
4.91309,5.56125,55.14954,4620.7125,-1.76746,52.54244,8.327949216,3.102380205,43.99999925
4.95059,5.61048,54.93614,4616.43868,-1.76228,52.65722,8.565819483,3.190993138,43.99999925
4.98796,5.65974,54.72376,4612.02885,-1.75398,52.77525,8.808693274,3.281470015,43.99999925
5.02519,5.70904,54.51278,4607.47955,-1.74252,52.89661,9.056108793,3.373638806,43.99999925
5.06227,5.75838,54.30358,4602.78758,-1.72782,53.02136,9.307538496,3.467302986,43.99999925
5.09922,5.80775,54.09657,4597.95002,-1.70984,53.14957,9.562386969,3.562240748,43.99999925
5.13601,5.85716,53.89214,4592.96431,-1.68852,53.28127,9.81998949,3.658204464,43.99999925
5.17265,5.9066,53.69069,4587.82828,-1.66384,53.41651,10.0796114,3.754920456,43.99999925
5.20913,5.95608,53.49264,4582.54015,-1.63577,53.55533,10.34044842,3.852089108,43.99999925
5.24545,6.0056,53.29839,4577.09864,-1.60429,53.69775,10.601628,3.949385376,43.99999925
5.28161,6.05515,53.10835,4571.50293,-1.5694,53.84377,10.86221188,4.046459726,43.99999925
5.31759,6.10474,52.92292,4565.75279,-1.5311,53.9934,11.12119981,4.142939545,43.99999925
5.3534,6.15437,52.7425,4559.84852,-1.48942,54.14662,11.3775347,4.238431036,43.99999925
5.38903,6.20403,52.56748,4553.79108,-1.4444,54.3034,11.63010905,4.332521626,43.99999925
5.42448,6.25374,52.39827,4547.58204,-1.39609,54.4637,11.87777281,4.424782896,43.99999925
5.45974,6.30348,52.23522,4541.22365,-1.34456,54.62747,12.11934263,4.514774007,43.99999925
5.49481,6.35325,52.07871,4534.71884,-1.28988,54.79461,12.35361229,4.602045621,43.99999925
5.52968,6.40306,51.92909,4528.07126,-1.23217,54.96506,12.57936449,4.686144256,43.99999925
5.56435,6.45291,51.78671,4521.28523,-1.17154,55.13869,12.79538358,4.766617049,43.99999925
5.59883,6.5028,51.65187,4514.36582,-1.10812,55.31539,13.00046914,4.843016817,43.99999925
5.63309,6.55272,51.52489,4507.31877,-1.04206,55.49502,13.19345028,4.914907372,43.99999925
5.66715,6.60267,51.40605,4500.15052,-0.97353,55.67743,13.37320022,4.981868951,43.99999925
5.70099,6.65266,51.2956,4492.86816,-0.90271,55.86243,13.5386509,5.043503683,43.99999925
5.73462,6.70268,51.19377,4485.4794,-0.82981,56.04986,13.68880745,5.099440949,43.99999925
5.76803,6.75274,51.10078,4477.99254,-0.75502,56.23951,13.82276195,5.149342525,43.99999925
5.80122,6.80282,51.0168,4470.41641,-0.67858,56.43116,13.93970632,5.192907381,43.99999925
5.83418,6.85294,50.94199,4462.76034,-0.60071,56.62461,14.03894396,5.229876013,43.99999925
5.86692,6.90309,50.87647,4455.03405,-0.52166,56.81961,14.11989985,5.26003421,43.99999925
5.89944,6.95326,50.82034,4447.24762,-0.4417,57.01592,14.18212882,5.28321614,43.99999925
5.93173,7.00346,50.77364,4439.4114,-0.36106,57.21331,14.22532188,5.299306692,43.99999925
5.96378,7.05369,50.73641,4431.53596,-0.28003,57.41151,14.24931031,5.308243011,43.99999925
5.99561,7.10395,50.70866,4423.63196,-0.19886,57.61027,14.25406746,5.310015178,43.99999925
6.02721,7.15423,50.69034,4415.71012,-0.11782,57.80934,14.23970836,5.304666034,43.99999925
6.05858,7.20453,50.68139,4407.78114,-0.03718,58.00845,14.2064869,5.292290164,43.99999925
6.08972,7.25485,50.68172,4399.85557,0.0428,58.20737,14.15479093,5.273032056,43.99999925
6.12063,7.3052,50.69121,4391.94382,0.12186,58.40583,14.08513533,5.247083512,43.99999925
6.1513,7.35556,50.70969,4384.056,0.19975,58.6036,13.9981532,5.214680381,43.99999925
6.18176,7.40594,50.73699,4376.20192,0.27623,58.80044,13.89458555,5.176098706,43.99999925
6.21198,7.45634,50.77291,4368.391,0.35107,58.99613,13.77526963,5.131650387,43.99999925
6.24198,7.50675,50.81721,4360.63225,0.42403,59.19045,13.64112632,5.081678476,43.99999925
6.27176,7.55718,50.86964,4352.93417,0.49493,59.38319,13.49314685,5.026552227,43.99999925
6.30132,7.60762,50.92992,4345.30474,0.56355,59.57417,13.33237907,4.966662001,43.99999925
6.33066,7.65807,50.99775,4337.75143,0.62972,59.76321,13.15991381,4.902414153,43.99999925
6.35978,7.70853,51.07283,4330.28108,0.69328,59.95014,12.97687127,4.834225991,43.99999925
6.38869,7.759,51.15483,4322.89997,0.75406,60.13481,12.78438803,4.762520919,43.99999925
6.4174,7.80949,51.24339,4315.61379,0.81195,60.3171,12.58360465,4.687723826,43.99999925
6.44589,7.85998,51.33817,4308.42761,0.86681,60.49688,12.37565416,4.610256799,43.99999925
6.47418,7.91047,51.4388,4301.34588,0.91855,60.67405,12.16165161,4.530535218,43.99999925
6.50226,7.96097,51.54491,4294.3725,0.96708,60.84852,11.94268464,4.44896426,43.99999925
6.53015,8.01148,51.65612,4287.51076,1.01233,61.02021,11.71980531,4.365935844,43.99999925
6.55785,8.06199,51.77203,4280.76341,1.05423,61.18906,11.4940231,4.281826032,43.99999925
6.58536,8.1125,51.89227,4274.13265,1.09275,61.35503,11.26629918,4.196992878,43.99999925
6.61268,8.16302,52.01644,4267.62017,1.12786,61.51808,11.03754176,4.111774721,43.99999925
6.63981,8.21354,52.14414,4261.22717,1.15953,61.67819,10.80860271,4.026488902,43.99999925
6.66677,8.26406,52.275,4254.9544,1.18777,61.83534,10.58027516,3.941430881,43.99999925
6.69354,8.31458,52.40862,4248.80217,1.21259,61.98955,10.35329208,3.856873713,43.99999925
6.72015,8.3651,52.54461,4242.77042,1.23399,62.14082,10.12832583,3.773067863,43.99999925
6.74659,8.41563,52.6826,4236.8587,1.252,62.28917,9.905988384,3.690241315,43.99999925
6.77286,8.46615,52.82221,4231.06624,1.26667,62.43463,9.686832371,3.608599934,43.99999925
6.79897,8.51667,52.96307,4225.39196,1.27803,62.57724,9.4713526,3.52832805,43.99999925
6.82492,8.56719,53.10482,4219.83451,1.28614,62.71703,9.259988129,3.449589223,43.99999925
6.85071,8.61771,53.24711,4214.39229,1.29106,62.85407,9.053124708,3.372527156,43.99999925
6.87635,8.66823,53.38958,4209.0635,1.29284,62.98839,8.851097544,3.297266721,43.99999925
6.90184,8.71874,53.5319,4203.84613,1.29156,63.12008,8.654194274,3.223915073,43.99999925
6.92719,8.76925,53.67373,4198.73802,1.28728,63.24918,8.46265811,3.152562812,43.99999925
6.9524,8.81976,53.81477,4193.73685,1.28009,63.37578,8.276691064,3.083285194,43.99999925
6.97746,8.87027,53.95469,4188.8402,1.27006,63.49993,8.096457209,3.016143341,43.99999925
7.00239,8.92078,54.09321,4184.04552,1.25728,63.62172,7.92208593,2.951185452,43.99999925
7.02718,8.97128,54.23002,4179.35021,1.24182,63.74122,7.753675121,2.888447994,43.99999925
7.05184,9.02178,54.36484,4174.75156,1.22379,63.8585,7.591294289,2.827956862,43.99999925
7.07637,9.07228,54.49741,4170.24684,1.20325,63.97366,7.434987561,2.769728493,43.99999925
7.10078,9.12277,54.62747,4165.83327,1.1803,64.08676,7.284776539,2.713770935,43.99999925
7.12506,9.17326,54.75476,4161.50803,1.15503,64.19788,7.140663026,2.660084859,43.99999925
7.14923,9.22375,54.87905,4157.2683,1.12753,64.30712,7.002631585,2.608664516,43.99999925
7.17327,9.27424,55.00011,4153.11125,1.09789,64.41455,6.870651937,2.559498624,43.99999925
7.19719,9.32472,55.11771,4149.03402,1.06618,64.52025,6.744681192,2.512571207,43.99999925
7.221,9.3752,55.23165,4145.03379,1.03251,64.6243,6.624665918,2.46786236,43.99999925
7.2447,9.42568,55.34172,4141.10773,0.99695,64.72679,6.510544046,2.42534896,43.99999925
7.26828,9.47615,55.44774,4137.25302,0.9596,64.82779,6.402246611,2.385005316,43.99999925
7.29176,9.52663,55.54953,4133.46689,0.92054,64.92738,6.299699348,2.346803762,43.99999925
7.31513,9.57709,55.64691,4129.74655,0.87985,65.02564,6.202824139,2.310715198,43.99999925
7.33839,9.62756,55.73972,4126.08926,0.83762,65.12265,6.111540319,2.276709573,43.99999925
7.36155,9.67803,55.82781,4122.49229,0.79393,65.21848,6.025765858,2.24475633,43.99999925
7.3846,9.72849,55.91104,4118.95295,0.74886,65.31322,5.945418417,2.214824794,43.99999925
7.40759,9.77893,55.99114,4115.46448,0.73709,65.32126,5.86886574,2.186306907,0
7.43055,9.82933,56.06981,4112.02135,0.72363,65.32932,5.794577276,2.1586325,0
7.45349,9.8797,56.14688,4108.62269,0.70854,65.3374,5.722633896,2.131831698,0
7.4764,9.93004,56.22217,4105.26758,0.69186,65.3455,5.653104334,2.105930106,0
7.49929,9.98033,56.29554,4101.95504,0.67364,65.35363,5.586048878,2.080950185,0
7.52215,10.0306,56.3668,4098.68406,0.65394,65.36178,5.521520013,2.056911485,0
7.54498,10.08082,56.43582,4095.45359,0.6328,65.36995,5.459563052,2.033830887,0
7.56779,10.13102,56.50245,4092.26253,0.61028,65.37814,5.400216758,2.01172283,0
7.59057,10.18118,56.56654,4089.10975,0.58643,65.38636,5.343513942,1.99059954,0
7.61333,10.23131,56.62796,4085.99411,0.5613,65.39459,5.289482047,1.970471237,0
7.63606,10.2814,56.68658,4082.9144,0.53497,65.40286,5.238143703,1.951346353,0
7.65877,10.33147,56.74228,4079.86943,0.50747,65.41114,5.189517257,1.933231723,0
7.68146,10.3815,56.79495,4076.85796,0.47887,65.41945,5.143617279,1.916132773,0
7.70412,10.4315,56.84447,4073.87873,0.44922,65.42777,5.100455035,1.900053702,0
7.72676,10.48147,56.89074,4070.93046,0.41858,65.43613,5.060038941,1.884997643,0
7.74937,10.53142,56.93366,4068.01187,0.38702,65.4445,5.022374973,1.870966824,0
7.77197,10.58133,56.97314,4065.12164,0.35458,65.4529,4.98746706,1.857962708,0
7.79453,10.63121,57.0091,4062.25844,0.32132,65.46132,4.955317443,1.84598613,0
7.81708,10.68106,57.04146,4059.42094,0.28731,65.46977,4.925927005,1.835037418,0
7.8396,10.73089,57.07015,4056.60776,0.2526,65.47824,4.899295569,1.825116508,0
7.8621,10.78068,57.09509,4053.81755,0.21724,65.48673,4.875422179,1.816223042,0
7.88458,10.83045,57.11624,4051.04891,0.18131,65.49525,4.854305339,1.808356463,0
7.90703,10.88019,57.13353,4048.30044,0.14485,65.50379,4.835943233,1.801516095,0
7.92946,10.9299,57.14693,4045.57073,0.10792,65.51235,4.820333918,1.795701215,0
7.95187,10.97959,57.15638,4042.85835,0.07059,65.52094,4.807475491,1.790911113,0
7.97425,11.02925,57.16186,4040.16186,0.03291,65.52955,4.797366227,1.787145146,0
7.99662,11.07888,57.16333,4037.4798,-0.00506,65.53819,4.790004695,1.784402781,0
8.01896,11.12848,57.16078,4034.81071,-0.04326,65.54684,4.78538985,1.78268363,0
8.04128,11.17806,57.15419,4032.15311,-0.08164,65.55553,4.783521101,1.781987472,0
8.06358,11.22761,57.14355,4029.50548,-0.12013,65.56423,4.784398351,1.782314271,0
8.08585,11.27713,57.12885,4026.86633,-0.15867,65.57296,4.788022016,1.783664182,0
8.1081,11.32663,57.11009,4024.23412,-0.19721,65.58171,4.794393027,1.786037551,0
8.13034,11.37611,57.0873,4021.60731,-0.23569,65.59049,4.803512792,1.789434903,0
8.15254,11.42555,57.06047,4018.98434,-0.27405,65.59929,4.815383155,1.793856926,0
8.17473,11.47497,57.02963,4016.36363,-0.31223,65.60812,4.830006312,1.799304436,0
8.1969,11.52437,56.99482,4013.7436,-0.35017,65.61696,4.847384718,1.80577835,0
8.21904,11.57374,56.95605,4011.12263,-0.38781,65.62583,4.867520962,1.81327963,0
8.24116,11.62308,56.91338,4008.4991,-0.4251,65.63473,4.890417617,1.821809237,0
8.26326,11.6724,56.86685,4005.87138,-0.46197,65.64364,4.916077072,1.831368059,0
8.28534,11.72169,56.81651,4003.23779,-0.49836,65.65259,4.94450133,1.841956843,0
8.30739,11.77095,56.76241,4000.59668,-0.53421,65.66155,4.975691788,1.853576109,0
8.32943,11.82019,56.70463,3997.94634,-0.56947,65.67053,5.009648984,1.866226058,0
8.35144,11.8694,56.64323,3995.28509,-0.60407,65.67954,5.046372325,1.879906469,0
8.37342,11.91859,56.57829,3992.6112,-0.63796,65.68858,5.085859783,1.894616586,0
8.39539,11.96775,56.5099,3989.92293,-0.67107,65.69763,5.128107565,1.910354997,0
8.41733,12.01688,56.43813,3987.21855,-0.70335,65.70671,5.173109759,1.927119498,0
8.43926,12.06598,56.36309,3984.4963,-0.73473,65.7158,5.220857951,1.944906956,0
8.46115,12.11506,56.28488,3981.75441,-0.76516,65.72492,5.271340812,1.96371315,0
8.48303,12.16411,56.20361,3978.99112,-0.79457,65.73407,5.324543669,1.983532614,0
8.50488,12.21314,56.11939,3976.20465,-0.82291,65.74323,5.380448042,2.004358464,0
8.52671,12.26213,56.03233,3973.3932,-0.85012,65.75242,5.43903116,2.026182217,0
8.54852,12.3111,55.94257,3970.55501,-0.87614,65.76162,5.500265455,2.048993603,0
8.5703,12.36004,55.85024,3967.6883,-0.90092,65.77085,5.564118037,2.07278037,0
8.59206,12.40895,55.75546,3964.79128,-0.92438,65.7801,5.63055015,2.097528079,0
8.6138,12.45783,55.6584,3961.86219,-0.94649,65.78937,5.699516611,2.123219901,0
8.63551,12.50668,55.55918,3958.89928,-0.96719,65.79866,5.770965246,2.149836397,0
8.6572,12.5555,55.45797,3955.90082,-0.98641,65.80797,5.84483631,2.177355312,0
8.67886,12.6043,55.35493,3952.8651,-1.00411,65.8173,5.921061913,2.205751355,0
8.7005,12.65306,55.25022,3949.79042,-1.02024,65.82665,5.999565444,2.234995986,0
8.72212,12.70179,55.144,3946.67513,-1.03474,65.83602,6.080261009,2.265057207,0
8.74368,12.7505,55.03535,3943.52016,-1.06908,65.91806,6.164023344,2.296260881,32.99999944
8.76515,12.7992,54.92332,3940.32577,-1.10196,66.0012,6.251776665,2.328951302,32.99999944
8.78654,12.84791,54.80807,3937.08936,-1.13333,66.0855,6.343509116,2.363124054,32.99999944
8.80784,12.8966,54.68976,3933.80832,-1.1631,66.17099,6.439198207,2.398770758,32.99999944
8.82904,12.94529,54.56858,3930.48004,-1.1912,66.25774,6.538812118,2.43587956,32.99999944
8.85016,12.99398,54.44469,3927.1019,-1.21756,66.34579,6.642308581,2.474434716,32.99999944
8.87118,13.04266,54.3183,3923.6713,-1.24211,66.43518,6.74963372,2.514416154,32.99999944
8.89211,13.09133,54.1896,3920.18565,-1.26477,66.52598,6.860720854,2.555799034,32.99999944
8.91295,13.14,54.05878,3916.64239,-1.28548,66.61822,6.975489282,2.598553294,32.99999944
8.93368,13.18866,53.92607,3913.03898,-1.30417,66.71195,7.09384306,2.64264319,32.99999944
8.95432,13.23731,53.79167,3909.37293,-1.32077,66.80722,7.215669769,2.688026845,32.99999944
8.97486,13.28596,53.65582,3905.64181,-1.33521,66.90407,7.340839308,2.734655791,32.99999944
8.9953,13.33459,53.51873,3901.84323,-1.34744,67.00255,7.469202716,2.782474538,32.99999944
9.01564,13.38322,53.38064,3897.97489,-1.35739,67.1027,7.600591043,2.831420147,32.99999944
9.03587,13.43184,53.24179,3894.03456,-1.36501,67.20455,7.734814299,2.881421842,32.99999944
9.05599,13.48045,53.10243,3890.02013,-1.37025,67.30815,7.871660494,2.93240065,32.99999944
9.07601,13.52905,52.96281,3885.92958,-1.37305,67.41353,8.010894796,2.984269091,32.99999944
9.09592,13.57764,52.82317,3881.76104,-1.37338,67.52072,8.152258842,3.036930917,32.99999944
9.11571,13.62622,52.68378,3877.51274,-1.37118,67.62976,8.295470213,3.090280921,32.99999944
9.13539,13.67479,52.5449,3873.18312,-1.36643,67.74066,8.440222113,3.144204813,32.99999944
9.15496,13.72335,52.40679,3868.77075,-1.3591,67.85345,8.586183278,3.198579187,32.99999944
9.17441,13.77189,52.2697,3864.27439,-1.34917,67.96815,8.732998133,3.253271583,32.99999944
9.19374,13.82042,52.13392,3859.69301,-1.33661,68.08477,8.880287239,3.308140651,32.99999944
9.21295,13.86893,51.9997,3855.02579,-1.32142,68.20333,9.02764804,3.363036427,32.99999944
9.23203,13.91743,51.8673,3850.27215,-1.3036,68.32382,9.174655939,3.417800737,32.99999944
9.251,13.96592,51.737,3845.43174,-1.28315,68.44625,9.320865714,3.472267725,32.99999944
9.26983,14.01439,51.60905,3840.50447,-1.26009,68.57061,9.465813298,3.526264514,32.99999944
9.28854,14.06284,51.48372,3835.49052,-1.23444,68.69689,9.609017918,3.579612003,32.99999944
9.30711,14.11127,51.36125,3830.39035,-1.20624,68.82507,9.749984599,3.632125801,32.99999944
9.32556,14.15969,51.2419,3825.20471,-1.17552,68.95514,9.88820703,3.683617293,32.99999944
9.34387,14.20808,51.1259,3819.93465,-1.14233,69.08705,10.02317077,3.733894839,32.99999944
9.36205,14.25645,51.01351,3814.58152,-1.10675,69.22077,10.1543568,3.782765085,32.99999944
9.38008,14.30481,50.90494,3809.14696,-1.06883,69.35627,10.2812453,3.83003439,32.99999944
9.39798,14.35314,50.80042,3803.63296,-1.02867,69.49349,10.40331978,3.875510345,32.99999944
9.41574,14.40145,50.70015,3798.04177,-0.98634,69.63237,10.52007132,3.919003366,32.99999944
9.43336,14.44973,50.60435,3792.37599,-0.94195,69.77286,10.63100302,3.960328342,32.99999944
9.45083,14.49799,50.51318,3786.63848,-0.89562,69.91489,10.7356345,3.999306322,32.99999944
9.46816,14.54622,50.42684,3780.83242,-0.84745,70.05838,10.83350645,4.035766201,32.99999944
9.48535,14.59443,50.34547,3774.96127,-0.79758,70.20325,10.92418512,4.069546388,32.99999944
9.50238,14.64261,50.26924,3769.02873,-0.74615,70.34942,11.00726661,4.10049643,32.99999944
9.51927,14.69076,50.19827,3763.03878,-0.69329,70.49679,11.0823811,4.128478554,32.99999944
9.53601,14.73888,50.13268,3756.99563,-0.63917,70.64528,11.14919666,4.153369107,32.99999944
9.5526,14.78697,50.07257,3750.9037,-0.58393,70.79477,11.20742277,4.175059868,32.99999944
9.56904,14.83503,50.01803,3744.76758,-0.52775,70.94518,11.25681346,4.193459197,32.99999944
9.58533,14.88305,49.96911,3738.59207,-0.47079,71.09638,11.29716985,4.208493014,32.99999944
9.60146,14.93105,49.92588,3732.38207,-0.41322,71.24827,11.32834231,4.220105578,32.99999944
9.61745,14.97901,49.88837,3726.14262,-0.35522,71.40073,11.35023198,4.228260054,32.99999944
9.63328,15.02693,49.85658,3719.87882,-0.29698,71.55366,11.36279163,4.232938856,32.99999944
9.64895,15.07482,49.83052,3713.59586,-0.23866,71.70693,11.36602607,4.23414377,32.99999944
9.66448,15.12267,49.81017,3707.29894,-0.18045,71.86043,11.35999179,4.23189584,32.99999944
9.67985,15.17049,49.79548,3700.99326,-0.12253,72.01405,11.34479606,4.226235033,32.99999944
9.69507,15.21827,49.7864,3694.68399,-0.06508,72.16766,11.32059549,4.217219685,32.99999944
9.71014,15.26601,49.78286,3688.37625,-0.00827,72.32117,11.28759396,4.204925744,32.99999944
9.72506,15.31371,49.78477,3682.07507,0.04773,72.47445,11.24604007,4.189445828,32.99999944
9.73982,15.36138,49.79203,3675.78538,0.10275,72.6274,11.19622421,4.17088811,32.99999944
9.75444,15.409,49.8045,3669.51198,0.15664,72.77991,11.13847514,4.149375061,32.99999944
9.76891,15.45658,49.82207,3663.2595,0.20922,72.93189,11.0731563,4.125042075,32.99999944
9.78322,15.50413,49.84458,3657.03241,0.26036,73.08323,11.00066189,4.098035999,32.99999944
9.79739,15.55163,49.87187,3650.835,0.30992,73.23385,10.92141271,4.068513593,32.99999944
9.81142,15.59909,49.90377,3644.67133,0.35775,73.38365,10.83585193,4.036639952,32.99999944
9.82529,15.64651,49.94008,3638.54525,0.40374,73.53255,10.74444084,4.002586916,32.99999944
9.83903,15.69388,49.98062,3632.46038,0.44778,73.68048,10.64765457,3.966531486,32.99999944
9.85262,15.74122,50.02517,3626.4201,0.48974,73.82736,10.54597796,3.928654271,32.99999944
9.86607,15.78851,50.07353,3620.42754,0.52954,73.97313,10.4399015,3.889137998,32.99999944
9.87937,15.83576,50.12548,3614.48558,0.56708,74.11774,10.32991755,3.848166084,32.99999944
9.89254,15.88297,50.18078,3608.59686,0.60229,74.26112,10.21651674,3.805921298,32.99999944
9.90558,15.93014,50.2392,3602.76374,0.63509,74.40323,10.10018462,3.762584521,32.99999944
9.91847,15.97726,50.3005,3596.98834,0.66543,74.54403,9.981398645,3.718333622,32.99999944
9.93123,16.02434,50.36444,3591.27254,0.69326,74.68349,9.860625469,3.673342436,32.99999944
9.94386,16.07138,50.43077,3585.61796,0.71853,74.82156,9.73831851,3.627779875,32.99999944
9.95636,16.11838,50.49925,3580.02598,0.74121,74.95824,9.614915897,3.581809155,32.99999944
9.96873,16.16533,50.56963,3574.49777,0.76128,75.0935,9.490838714,3.53558714,32.99999944
9.98097,16.21225,50.64165,3569.03424,0.77872,75.22733,9.366489565,3.48926381,32.99999944
9.99309,16.25912,50.71506,3563.63611,0.79352,75.35972,9.242251447,3.442981842,32.99999944
10.00508,16.30595,50.78962,3558.30387,0.80568,75.49067,9.118486915,3.396876298,32.99999944
10.01695,16.35274,50.86508,3553.03785,0.81521,75.62018,8.995537512,3.35107441,32.99999944
10.0287,16.39949,50.94119,3547.83814,0.82213,75.74826,8.873723457,3.305695469,32.99999944
10.04032,16.44619,51.01772,3542.70471,0.82645,75.87491,8.753343563,3.260850791,32.99999944
10.05183,16.49286,51.09441,3537.63731,0.82819,76.00016,8.634675353,3.216643761,32.99999944
10.06323,16.53949,51.17104,3532.63557,0.8274,76.12401,8.51797537,3.173169947,32.99999944
10.07451,16.58608,51.24737,3527.69895,0.82411,76.2465,8.403479636,3.130517273,32.99999944
10.08567,16.63262,51.32318,3522.8268,0.81836,76.36764,8.291404251,3.088766243,32.99999944
10.09673,16.67913,51.39825,3518.01832,0.8102,76.48747,8.18194611,3.047990206,32.99999944
10.10767,16.7256,51.47235,3513.27259,0.79968,76.60602,8.075283708,3.008255655,32.99999944
10.11851,16.77204,51.54528,3508.58861,0.78685,76.72331,7.971578019,2.969622557,32.99999944
10.12924,16.81843,51.61683,3503.96525,0.77178,76.83938,7.870973435,2.932144702,32.99999944
10.13986,16.86479,51.6868,3499.40131,0.75451,76.95427,7.773598741,2.895870067,32.99999944
10.15037,16.91111,51.75501,3494.89549,0.73513,77.06803,7.679568115,2.860841184,32.99999944
10.16079,16.95739,51.82126,3490.44642,0.71368,77.18068,7.588982137,2.827095524,32.99999944
10.1711,17.00363,51.88538,3486.05267,0.69025,77.29228,7.501928805,2.794665867,32.99999944
10.18131,17.04984,51.94719,3481.71273,0.6649,77.40286,7.41848453,2.763580679,32.99999944
10.19142,17.09601,52.00654,3477.42505,0.63771,77.51247,7.338715119,2.733864475,32.99999944
10.20143,17.14215,52.06325,3473.188,0.60875,77.62116,7.262676734,2.705538176,32.99999944
10.21134,17.18825,52.11719,3468.99994,0.57809,77.72898,7.190416804,2.678619451,32.99999944
10.22116,17.23432,52.16821,3464.85915,0.54581,77.83596,7.121974921,2.653123049,32.99999944
10.23088,17.28035,52.21616,3460.76389,0.51199,77.94217,7.057383674,2.62906111,32.99999944
10.24051,17.32635,52.26094,3456.71239,0.47671,78.04765,6.996669453,2.606443465,32.99999944
10.25004,17.37231,52.30241,3452.70282,0.44005,78.15244,6.939853197,2.585277915,32.99999944
10.25947,17.41824,52.34045,3448.73335,0.40208,78.25661,6.886951103,2.565570492,32.99999944
10.26882,17.46413,52.37498,3444.8021,0.36289,78.3602,6.837975275,2.547325708,32.99999944
10.27807,17.50999,52.40588,3440.90718,0.32256,78.46325,6.792934333,2.530546772,32.99999944
10.28723,17.55582,52.43306,3437.04666,0.28117,78.56584,6.751833965,2.515235803,32.99999944
10.29631,17.60161,52.45645,3433.21861,0.2388,78.66799,6.714677438,2.501394019,32.99999944
10.30529,17.64737,52.47597,3429.42104,0.19554,78.76977,6.681466048,2.489021903,32.99999944
10.31418,17.6931,52.49154,3425.65197,0.15146,78.87124,6.652199534,2.478119356,32.99999944
10.32298,17.73879,52.50311,3421.9094,0.10664,78.97243,6.626876436,2.468685836,32.99999944
10.33169,17.78445,52.51063,3418.1913,0.06118,79.0734,6.605494411,2.460720469,32.99999944
10.34032,17.83008,52.51405,3414.49562,0.01515,79.17422,6.588050498,2.454222153,32.99999944
10.34885,17.87568,52.51333,3410.82028,-0.03137,79.27492,6.574541346,2.449189638,32.99999944
10.3573,17.92124,52.50844,3407.16322,-0.07828,79.37557,6.564963387,2.445621596,32.99999944
10.36566,17.96677,52.49936,3403.52231,-0.12552,79.47621,6.559312977,2.44351667,32.99999944
10.37394,18.01227,52.48607,3399.89545,-0.17299,79.57691,6.557586484,2.442873506,32.99999944
10.38212,18.05773,52.46856,3396.28048,-0.22061,79.6777,6.559780339,2.443690775,32.99999944
10.39022,18.10317,52.44684,3392.67524,-0.2683,79.77866,6.565891048,2.445967174,32.99999944
10.39823,18.14857,52.4209,3389.07756,-0.31598,79.87982,6.575915152,2.449701417,32.99999944
10.40616,18.19393,52.39077,3385.48523,-0.36356,79.98126,6.589849156,2.4548922,32.99999944
10.41399,18.23927,52.35646,3381.89604,-0.41096,80.08301,6.607689413,2.461538165,32.99999944
10.42174,18.28457,52.31801,3378.30775,-0.4581,80.18514,6.629431967,2.469637839,32.99999944
10.4294,18.32984,52.27545,3374.7181,-0.50488,80.28769,6.655072351,2.479189556,32.99999944
10.43698,18.37508,52.22882,3371.12481,-0.55124,80.39074,6.68460535,2.490191375,32.99999944
10.44446,18.42028,52.17817,3367.52559,-0.59707,80.49432,6.718024721,2.502640971,32.99999944
10.45186,18.46545,52.12356,3363.91814,-0.64231,80.59849,6.755322868,2.516535512,32.99999944
10.45917,18.51058,52.06506,3360.30013,-0.68686,80.70332,6.796490478,2.53187153,32.99999944
10.46638,18.55568,52.00274,3356.6692,-0.73065,80.80885,6.841516116,2.548644764,32.99999944
10.47351,18.60075,51.93668,3353.02302,-0.77358,80.91515,6.89038578,2.56685,32.99999944
10.48055,18.64578,51.86696,3349.3592,-0.81558,81.02226,6.943082408,2.586480881,32.99999944
10.4875,18.69078,51.79368,3345.67538,-0.85656,81.13024,6.99958536,2.607529717,32.99999944
10.49435,18.73574,51.71695,3341.96915,-0.89644,81.23915,7.05986984,2.629987272,32.99999944
10.50112,18.78067,51.63686,3338.23813,-0.93514,81.34904,7.1239063,2.653842538,32.99999944
10.50779,18.82556,51.55354,3334.47993,-0.97257,81.45997,7.191659797,2.679082498,32.99999944
10.51437,18.87041,51.46711,3330.69214,-1.00865,81.572,7.263089316,2.705691874,32.99999944
10.52085,18.91523,51.37769,3326.87237,-1.0433,81.68517,7.338147072,2.733652863,32.99999944
10.52724,18.96001,51.28543,3323.01825,-1.07645,81.79954,7.416777771,2.762944867,32.99999944
10.53354,19.00475,51.19046,3319.1274,-1.108,81.91517,7.498917863,2.793544212,32.99999944
10.53973,19.04945,51.09293,3315.19746,-1.1379,82.03211,7.584494764,2.82542386,32.99999944
10.54583,19.09411,50.993,3311.22612,-1.16605,82.15041,7.673426082,2.858553115,32.99999944
10.55184,19.13874,50.89084,3307.21107,-1.19239,82.27012,7.765618821,2.892897336,32.99999944
10.55774,19.18332,50.7866,3303.15005,-1.21684,82.39129,7.860968607,2.928417641,32.99999944
10.56354,19.22786,50.68046,3299.04085,-1.23933,82.51397,7.959358917,2.96507062,32.99999944
10.56924,19.27236,50.57259,3294.88129,-1.2598,82.63821,8.060660331,3.002808062,32.99999944
10.57484,19.31682,50.4632,3290.66927,-1.27817,82.76405,8.164729826,3.041576687,32.99999944
10.58033,19.36123,50.35245,3286.40275,-1.29439,82.89154,8.271410112,3.081317901,32.99999944
10.58572,19.4056,50.24055,3282.07976,-1.3084,83.02072,8.380529028,3.121967568,32.99999944
10.591,19.44992,50.12769,3277.69843,-1.32014,83.15162,8.491899017,3.163455819,32.99999944
10.59618,19.4942,50.01407,3273.25697,-1.32956,83.2843,8.605316687,3.205706885,32.99999944
10.60125,19.53843,49.89991,3268.75372,-1.33661,83.41877,8.720562477,3.248638974,32.99999944
10.6062,19.58261,49.7854,3264.1871,-1.34126,83.55507,8.837400446,3.292164192,32.99999944
10.61105,19.62674,49.67076,3259.55568,-1.34346,83.69324,8.955578199,3.336188514,32.99999944
10.61584,19.67082,49.55784,3254.85373,-1.30483,83.7037,9.072715641,3.379825294,0
10.62061,19.71484,49.44849,3250.07714,-1.26325,83.71415,9.186305813,3.422140622,0
10.62536,19.7588,49.34296,3245.22731,-1.21882,83.72459,9.29586476,3.462954212,0
10.6301,19.80269,49.24148,3240.30591,-1.17163,83.73502,9.400919279,3.502089785,0
10.63483,19.84652,49.14426,3235.3149,-1.12181,83.74545,9.501005122,3.539374395,0
10.63954,19.89028,49.05152,3230.25654,-1.06948,83.75587,9.595671247,3.574640017,0
10.64423,19.93398,48.96345,3225.13336,-1.0148,83.76628,9.684484117,3.607725148,0
10.64891,19.97761,48.88022,3219.94816,-0.95791,83.77668,9.767031991,3.638476403,0
10.65357,20.02117,48.80201,3214.70402,-0.89898,83.78707,9.842929131,3.666750084,0
10.65822,20.06466,48.72896,3209.40426,-0.83819,83.79745,9.911819843,3.692413687,0
10.66286,20.10809,48.6612,3204.05244,-0.77571,83.80782,9.973382288,3.715347318,0
10.66748,20.15144,48.59886,3198.65232,-0.71176,83.81818,10.02733198,3.735444998,0
10.67208,20.19473,48.54203,3193.20789,-0.64652,83.82853,10.07342493,3.752615833,0
10.67667,20.23794,48.49079,3187.72329,-0.58022,83.83887,10.1114603,3.76678501,0
10.68124,20.28108,48.44521,3182.20282,-0.51305,83.8492,10.14128265,3.77789462,0
10.6858,20.32414,48.40532,3176.65092,-0.44526,83.85952,10.16278357,3.78590428,0
10.69034,20.36714,48.37115,3171.07213,-0.37705,83.86982,10.1759028,3.790791538,0
10.69486,20.41006,48.34271,3165.47105,-0.30865,83.88012,10.18062872,3.792552067,0
10.69937,20.4529,48.31999,3159.85235,-0.24029,83.89041,10.17699828,3.791199634,0
10.70387,20.49567,48.30294,3154.22072,-0.1722,83.90068,10.16509634,3.786765848,0
10.70835,20.53837,48.29153,3148.58083,-0.1046,83.91094,10.1450544,3.779299698,0
10.71281,20.58099,48.28567,3142.93735,-0.0377,83.9212,10.11704884,3.768866888,0
10.71726,20.62354,48.28529,3137.29486,0.02826,83.93144,10.0812986,3.755548984,0
10.72169,20.66601,48.29028,3131.65788,0.09309,83.94167,10.03806249,3.739442394,0
10.72611,20.70841,48.30051,3126.03085,0.15658,83.95189,9.98763602,3.720657208,0
10.73051,20.75073,48.31586,3120.41803,0.21853,83.96209,9.930347977,3.699315905,0
10.7349,20.79298,48.33617,3114.82359,0.27875,83.97229,9.866556688,3.675551971,0
10.73927,20.83515,48.36126,3109.25152,0.33706,83.98247,9.796646131,3.649508449,0
10.74363,20.87725,48.39098,3103.70562,0.39329,83.99265,9.721021913,3.621336438,0
10.74797,20.91927,48.42511,3098.18952,0.44729,84.00281,9.640107199,3.591193578,0
10.75229,20.96122,48.46347,3092.70664,0.4989,84.01296,9.554338666,3.559242543,0
10.75661,21.0031,48.50583,3087.26018,0.548,84.02311,9.464162527,3.525649558,0
10.7609,21.0449,48.55197,3081.85315,0.59445,84.03324,9.370030694,3.490582974,0
10.76518,21.08663,48.60167,3076.4883,0.63814,84.04336,9.272397119,3.454211898,0
10.76945,21.12829,48.65468,3071.16818,0.67898,84.05347,9.171714363,3.416704922,0
10.7737,21.16988,48.71077,3065.8951,0.71687,84.06357,9.068430412,3.378228933,0
10.77794,21.2114,48.76968,3060.67115,0.75175,84.07366,8.962985789,3.338948037,0
10.78216,21.25285,48.83115,3055.49819,0.78354,84.08374,8.855810952,3.29902259,0
10.78637,21.29423,48.89494,3050.37786,0.8122,84.09381,8.747324014,3.258608351,0
10.79056,21.33554,48.96078,3045.31157,0.83768,84.10387,8.637928772,3.217855745,0
10.79475,21.37679,49.02842,3040.30052,0.85996,84.11392,8.528013053,3.176909248,0
10.79891,21.41796,49.09759,3035.34573,0.87901,84.12396,8.417947367,3.135906884,0
10.80306,21.45907,49.16803,3030.448,0.89483,84.13399,8.308083852,3.094979834,0
10.8072,21.50012,49.23948,3025.60792,0.90743,84.14402,8.198755502,3.054252147,0
10.81133,21.5411,49.31169,3020.82594,0.9168,84.15403,8.090275655,3.013840549,0
10.81544,21.58202,49.3844,3016.10231,0.92298,84.16404,7.982937724,2.973854346,0
10.81954,21.62287,49.45736,3011.43712,0.92598,84.17404,7.877015143,2.934395398,0
10.82362,21.66366,49.53032,3006.83031,0.92585,84.18403,7.772761511,2.895558177,0
10.82769,21.70439,49.60304,3002.28165,0.92263,84.19402,7.670410909,2.857429884,0
10.83175,21.74506,49.67527,2997.79082,0.91637,84.204,7.570178365,2.820090624,0
10.8358,21.78567,49.74679,2993.35732,0.90713,84.21396,7.472260451,2.783613625,0
10.83983,21.82623,49.81737,2988.98057,0.89496,84.22393,7.376835975,2.748065497,0
10.84385,21.86672,49.88678,2984.65985,0.87994,84.23388,7.284066774,2.713506528,0
10.84786,21.90716,49.95481,2980.39435,0.86213,84.24383,7.194098553,2.679990999,0
10.85185,21.94754,50.02124,2976.18317,0.84162,84.25377,7.107061794,2.647567516,0
10.85583,21.98786,50.08589,2972.02531,0.81848,84.26371,7.023072684,2.616279363,0
10.8598,22.02813,50.14854,2967.91968,0.7928,84.27364,6.942234065,2.58616485,0
10.86376,22.06835,50.20902,2963.86514,0.76467,84.28356,6.864636393,2.557257676,0
10.8677,22.10851,50.26715,2959.86046,0.73417,84.29348,6.790358688,2.529587276,0
10.87164,22.14862,50.32274,2955.90435,0.70141,84.30339,6.719469477,2.50317918,0
10.87556,22.18868,50.37565,2951.99546,0.66647,84.3133,6.652027703,2.478055345,0
10.87946,22.22868,50.4257,2948.1324,0.62945,84.3232,6.588083616,2.45423449,0
10.88336,22.26864,50.47276,2944.3137,0.59045,84.33309,6.527679625,2.431732414,0
10.88725,22.30854,50.51668,2940.53786,0.54957,84.34299,6.470851106,2.410562295,0
10.89112,22.3484,50.55733,2936.80335,0.50692,84.35287,6.417627175,2.390734981,0
10.89498,22.3882,50.59459,2933.10857,0.4626,84.36275,6.36803141,2.372259253,0
10.89883,22.42796,50.62834,2929.45191,0.41671,84.37263,6.322082527,2.355142085,0
10.90267,22.46767,50.65847,2925.8317,0.36935,84.3825,6.279795008,2.339388872,0
10.9065,22.50733,50.68489,2922.24626,0.32064,84.39237,6.241179679,2.325003646,0
10.91031,22.54694,50.70751,2918.69385,0.27067,84.40223,6.206244234,2.311989273,0
10.91412,22.58651,50.72623,2915.17272,0.21956,84.41209,6.174993716,2.300347633,0
10.91791,22.62603,50.741,2911.68109,0.16741,84.42194,6.14743094,2.290079774,0
10.92169,22.66551,50.75173,2908.21715,0.11434,84.43179,6.123556872,2.281186055,0
10.92546,22.70494,50.75839,2904.77906,0.06044,84.44163,6.103370958,2.273666271,0
10.92922,22.74432,50.76091,2901.36494,0.00583,84.45148,6.086871404,2.267519753,0
10.93297,22.78366,50.75926,2897.97292,-0.04938,84.46131,6.074055405,2.262745456,0
10.93671,22.82295,50.75341,2894.60106,-0.10509,84.47115,6.064919334,2.25934203,0
10.94044,22.8622,50.74333,2891.24743,-0.16119,84.48098,6.05945888,2.257307867,0
10.94415,22.90141,50.729,2887.91005,-0.21756,84.4908,6.057669139,2.256641141,0
10.94786,22.94057,50.71043,2884.58694,-0.2741,84.50062,6.059544663,2.257339823,0
10.95155,22.97969,50.68761,2881.27608,-0.33069,84.51044,6.065079468,2.259401684,0
10.95524,23.01876,50.66054,2877.97542,-0.38724,84.52025,6.074266985,2.262824275,0
10.95891,23.05779,50.62926,2874.68289,-0.44362,84.53006,6.087099983,2.267604905,0
10.96257,23.09678,50.59378,2871.39642,-0.49974,84.53987,6.103570438,2.273740583,0
10.96622,23.13572,50.55414,2868.11389,-0.55547,84.54967,6.123669363,2.281227961,0
10.96986,23.17462,50.51038,2864.83315,-0.61071,84.55947,6.147386593,2.290063253,0
10.97349,23.21348,50.46255,2861.55206,-0.66536,84.56926,6.17471053,2.300242139,0
10.97711,23.25229,50.41071,2858.26845,-0.71929,84.57905,6.205627844,2.311759652,0
10.98072,23.29106,50.35493,2854.9801,-0.77241,84.58884,6.240123133,2.324610055,0
10.98432,23.32978,50.29528,2851.68482,-0.8246,84.59862,6.278178538,2.338786694,0
10.98791,23.36846,50.23184,2848.38035,-0.87575,84.60839,6.319773326,2.354281847,0
10.99148,23.4071,50.16471,2845.06447,-0.92575,84.61817,6.364883422,2.371086545,0
10.99505,23.44569,50.09397,2841.73491,-0.97451,84.62794,6.413480911,2.389190388,0
10.9986,23.48424,50.01975,2838.38941,-1.02191,84.6377,6.465533502,2.408581348,0
11.00215,23.52275,49.94215,2835.02567,-1.06784,84.64746,6.521003951,2.42924555,0
11.00568,23.56121,49.86129,2831.64143,-1.1122,84.65722,6.57984946,2.45116705,0
11.0092,23.59962,49.7773,2828.23439,-1.15488,84.66697,6.642021038,2.474327599,0
11.01272,23.63799,49.69033,2824.80228,-1.19578,84.67671,6.707462845,2.498706394,0
11.01622,23.67631,49.6005,2821.34284,-1.23481,84.68645,6.776111511,2.524279828,0
11.01971,23.71459,49.50798,2817.85378,-1.27185,84.69619,6.847895433,2.551021228,0
11.02319,23.75282,49.41292,2814.33288,-1.30682,84.70592,6.922734074,2.578900591,0
11.02666,23.791,49.31548,2810.77792,-1.33961,84.71564,7.00053725,2.607884321,0
11.03012,23.82914,49.21584,2807.1867,-1.37013,84.72536,7.081204424,2.637934966,0
11.03357,23.86723,49.11417,2803.55706,-1.3983,84.73508,7.164624018,2.669010959,0
11.037,23.90527,49.01066,2799.88691,-1.42403,84.74479,7.250672742,2.701066373,0
11.04043,23.94326,48.90549,2796.17418,-1.44723,84.75449,7.339214964,2.73405068,0
11.04385,23.9812,48.79886,2792.41686,-1.46782,84.76419,7.430102123,2.767908539,0
11.04725,24.01909,48.69097,2788.61302,-1.48574,84.77388,7.523172203,2.802579592,0
11.05065,24.05693,48.58202,2784.76081,-1.5009,84.78356,7.618249277,2.837998304,0
11.05403,24.09472,48.47222,2780.85845,-1.51325,84.79324,7.715143145,2.874093819,0
11.0574,24.13246,48.36178,2776.90426,-1.52272,84.80291,7.813649062,2.910789865,0
11.06076,24.17015,48.25092,2772.89667,-1.52927,84.81257,7.913547595,2.948004697,0
11.06411,24.20778,48.13985,2768.83422,-1.53284,84.82222,8.014604601,2.985651091,0
11.06745,24.24536,48.02879,2764.71557,-1.53341,84.83187,8.116571355,3.023636389,0
11.07078,24.28288,47.91798,2760.53951,-1.53093,84.84151,8.219184837,3.061862611,0
11.07409,24.32035,47.80761,2756.30501,-1.52538,84.85115,8.32216819,3.10022662,0
11.0774,24.35776,47.69793,2752.01113,-1.51675,84.86077,8.42523136,3.138620363,0
11.08069,24.39512,47.58916,2747.65716,-1.50504,84.87039,8.52807193,3.176931181,0
11.08398,24.43242,47.48151,2743.24251,-1.49025,84.87999,8.630376151,3.215042195,0
11.08725,24.46965,47.3752,2738.76679,-1.47238,84.88959,8.731820177,3.252832764,0
11.09051,24.50683,47.27046,2734.22981,-1.45148,84.89918,8.832071502,3.29017902,0
11.09376,24.54395,47.16749,2729.63156,-1.42756,84.90876,8.930790606,3.326954484,0
11.09699,24.58101,47.06652,2724.97223,-1.40067,84.91833,9.02763278,3.363030742,0
11.10022,24.61801,46.96774,2720.25222,-1.37088,84.92789,9.122250156,3.398278204,0
11.10343,24.65494,46.87135,2715.47215,-1.33824,84.93744,9.214293885,3.432566915,0
11.10663,24.69181,46.77754,2710.63283,-1.30284,84.94698,9.303416482,3.465767427,0
11.10982,24.72862,46.68651,2705.73532,-1.26476,84.95652,9.38927429,3.49775172,0
11.113,24.76536,46.59843,2700.78085,-1.2241,84.96604,9.471530042,3.528394151,0
11.11617,24.80204,46.51348,2695.7709,-1.18098,84.97554,9.549855491,3.557572442,0
11.11932,24.83865,46.4318,2690.70713,-1.13551,84.98504,9.623934084,3.585168667,0
11.12247,24.87519,46.35356,2685.59144,-1.08784,84.99453,9.693463613,3.611070246,0
11.1256,24.91167,46.27889,2680.4259,-1.03809,85.004,9.758158843,3.635170921,0
11.12872,24.94807,46.20792,2675.21277,-0.98643,85.01347,9.817754044,3.657371702,0
11.13183,24.98441,46.14076,2669.95452,-0.93301,85.02292,9.872005409,3.677581763,0
11.13492,25.02067,46.07752,2664.65376,-0.878,85.03236,9.920693302,3.695719284,0
11.13801,25.05687,46.01829,2659.31328,-0.82158,85.04179,9.963624314,3.711712216,0
11.14108,25.093,45.96315,2653.936,-0.76393,85.0512,10.00063308,3.725498954,0
11.14414,25.12905,45.91216,2648.52499,-0.70524,85.06061,10.03158382,3.737028919,0
11.14719,25.16503,45.86537,2643.08343,-0.6457,85.07,10.05637161,3.746263025,0
11.15022,25.20094,45.82281,2637.61458,-0.58551,85.07938,10.07492334,3.75317403,0
11.15325,25.23677,45.78451,2632.1218,-0.52488,85.08874,10.08719827,3.757746766,0
11.15626,25.27254,45.75047,2626.60853,-0.46399,85.09809,10.09318837,3.759978237,0
11.15926,25.30822,45.72069,2621.07822,-0.40307,85.10743,10.09291822,3.759877598,0
11.16225,25.34384,45.69515,2615.53437,-0.3423,85.11676,10.08644458,3.757465998,0
11.16522,25.37938,45.6738,2609.9805,-0.2819,85.12607,10.0738557,3.752776308,0
11.16819,25.41484,45.6566,2604.4201,-0.22207,85.13537,10.05527021,3.745852724,0
11.17114,25.45023,45.6435,2598.85667,-0.16299,85.14466,10.03083581,3.736750266,0
11.17408,25.48555,45.6344,2593.29362,-0.10487,85.15393,10.00072764,3.72553418,0
11.17701,25.52079,45.62922,2587.73435,-0.04789,85.1632,9.965146424,3.712279242,0
11.17993,25.55596,45.62787,2582.18216,0.00777,85.17244,9.924316437,3.697068997,0
11.18283,25.59105,45.63024,2576.64027,0.06192,85.18168,9.878483256,3.679994931,0
11.18572,25.62607,45.63619,2571.11182,0.11441,85.1909,9.827911422,3.661155593,0
11.1886,25.66101,45.64559,2565.59981,0.16507,85.20011,9.772881994,3.640655683,0
11.19147,25.69588,45.65831,2560.10714,0.21375,85.2093,9.713690051,3.618605127,0
11.19433,25.73067,45.67419,2554.63657,0.26031,85.21849,9.650642178,3.595118135,0
11.19718,25.7654,45.69307,2549.19071,0.30461,85.22766,9.584053965,3.570312274,0
11.20001,25.80004,45.71479,2543.77205,0.34654,85.23682,9.514247561,3.544307552,0
11.20284,25.83462,45.73917,2538.3829,0.38598,85.24596,9.441549303,3.517225537,0
11.20565,25.86912,45.76603,2533.02545,0.42282,85.25509,9.366287445,3.489188515,0
11.20845,25.90355,45.79519,2527.70168,0.45699,85.26421,9.288790025,3.460318687,0
11.21124,25.93791,45.82645,2522.41347,0.48839,85.27332,9.209382861,3.430737429,0
11.21402,25.9722,45.85962,2517.16248,0.51696,85.28242,9.12838772,3.400564608,0
11.21678,26.00641,45.89452,2511.95026,0.54263,85.2915,9.046120643,3.369917957,0
11.21954,26.04056,45.93093,2506.77815,0.56537,85.30057,8.962890459,3.338912524,0
11.22228,26.07464,45.96865,2501.64736,0.58512,85.30963,8.878997467,3.307660177,0
11.22502,26.10864,46.0075,2496.55895,0.60187,85.31868,8.794732307,3.276269188,0
11.22774,26.14258,46.04726,2491.51381,0.61558,85.32772,8.710375002,3.244843872,0
11.23045,26.17645,46.08774,2486.51267,0.62626,85.33674,8.626194179,3.2134843,0
11.23316,26.21026,46.12873,2481.55615,0.6339,85.34576,8.542446447,3.182286067,0
11.23585,26.244,46.17004,2476.6447,0.63852,85.35476,8.459375943,3.151340118,0
11.23853,26.27767,46.21146,2471.77864,0.64012,85.36375,8.377214013,3.120732637,0
11.2412,26.31127,46.25282,2466.95816,0.63873,85.37274,8.296179035,3.090544976,0
11.24386,26.34481,46.2939,2462.18332,0.63439,85.38171,8.216476368,3.060853636,0
11.24651,26.37829,46.33454,2457.45408,0.62713,85.39067,8.138298404,3.031730287,0
11.24915,26.4117,46.37454,2452.77026,0.61701,85.39962,8.061824725,3.003241829,0
11.25178,26.44505,46.41372,2448.13158,0.60407,85.40856,7.987222343,2.975450479,0
11.2544,26.47834,46.45191,2443.53766,0.58838,85.41749,7.914646019,2.948413889,0
11.25701,26.51157,46.48894,2438.98801,0.57,85.42642,7.844238637,2.922185287,0
11.25961,26.54474,46.52465,2434.48206,0.549,85.43533,7.776131632,2.896813635,0
11.2622,26.57784,46.55887,2430.01914,0.52546,85.44423,7.710445464,2.872343809,0
11.26478,26.61089,46.59145,2425.59851,0.49945,85.45313,7.64729011,2.848816778,0
11.26735,26.64387,46.62225,2421.21933,0.47107,85.46201,7.586765593,2.826269803,0
11.26991,26.6768,46.65112,2416.88069,0.44039,85.47089,7.52896251,2.804736634,0
11.27246,26.70967,46.67794,2412.58163,0.40752,85.47975,7.473962574,2.784247711,0
11.275,26.74248,46.70256,2408.3211,0.37254,85.48861,7.421839153,2.764830365,0
11.27753,26.77524,46.72488,2404.098,0.33556,85.49746,7.372657799,2.746509016,0
11.28005,26.80794,46.74476,2399.91115,0.29668,85.5063,7.326476768,2.729305367,0
11.28257,26.84058,46.76212,2395.75934,0.25599,85.51514,7.28334752,2.713238588,0
11.28507,26.87317,46.77684,2391.6413,0.21361,85.52396,7.243315202,2.698325496,0
11.28757,26.9057,46.78884,2387.55569,0.16964,85.53278,7.206419099,2.684580727,0
11.29005,26.93817,46.79802,2383.50114,0.1242,85.54159,7.172693067,2.672016892,0
11.29253,26.9706,46.80432,2379.47623,0.07739,85.55039,7.142165924,2.660644729,0
11.295,27.00297,46.80764,2375.4795,0.02933,85.55918,7.114861828,2.650473234,0
11.29745,27.03528,46.80794,2371.50945,-0.01987,85.56797,7.090800597,2.641509792,0
11.2999,27.06754,46.80516,2367.56453,-0.0701,85.57674,7.069998017,2.633760284,0
11.30234,27.09975,46.79924,2363.64316,-0.12122,85.58551,7.052466102,2.627229185,0
11.30478,27.13191,46.79014,2359.74373,-0.17314,85.59428,7.038213322,2.621919649,0
11.3072,27.16401,46.77783,2355.86459,-0.22573,85.60303,7.027244792,2.617833583,0
11.30961,27.19606,46.76229,2352.00405,-0.27886,85.61178,7.019562425,2.614971699,0
11.31202,27.22806,46.74349,2348.1604,-0.33243,85.62052,7.015165057,2.613333564,0
11.31442,27.26001,46.72142,2344.33192,-0.38631,85.62925,7.014048516,2.612917623,0
11.3168,27.29191,46.69607,2340.51681,-0.44038,85.63797,7.016205676,2.613721222,0
11.31918,27.32376,46.66745,2336.71331,-0.49453,85.64669,7.021626463,2.615740608,0
11.32155,27.35555,46.63557,2332.91957,-0.54862,85.6554,7.030297826,2.618970918,0
11.32392,27.38729,46.60044,2329.13378,-0.60255,85.6641,7.04220368,2.623406162,0
11.32627,27.41899,46.5621,2325.35406,-0.65618,85.6728,7.057324808,2.629039181,0
11.32862,27.45063,46.52056,2321.57855,-0.70941,85.68149,7.075638738,2.635861601,0
11.33095,27.48222,46.47588,2317.80533,-0.76211,85.69017,7.09711958,2.64386378,0
11.33328,27.51376,46.42809,2314.03251,-0.81415,85.69884,7.121737841,2.65303473,0
11.3356,27.54525,46.37726,2310.25816,-0.86544,85.70751,7.149460206,2.66336204,0
11.33791,27.57668,46.32343,2306.48034,-0.91584,85.71616,7.180249296,2.674831786,0
11.34022,27.60807,46.26668,2302.69713,-0.96524,85.72481,7.214063399,2.68742843,0
11.34251,27.63941,46.20708,2298.90656,-1.01353,85.73346,7.250856181,2.701134709,0
11.3448,27.67069,46.14472,2295.10671,-1.06059,85.74209,7.290576375,2.715931526,0
11.34707,27.70192,46.07967,2291.29561,-1.1063,85.75072,7.333167455,2.731797824,0
11.34934,27.73311,46.01203,2287.47133,-1.15057,85.75934,7.378567297,2.74871046,0
11.3516,27.76423,45.94191,2283.63194,-1.19328,85.76795,7.426707827,2.766644074,0
11.35386,27.79531,45.8694,2279.77552,-1.23432,85.77656,7.477514673,2.785570961,0
11.3561,27.82634,45.79462,2275.90017,-1.2736,85.78515,7.530906801,2.805460934,0
11.35834,27.85731,45.71768,2272.004,-1.311,85.79374,7.58679617,2.826281194,0
11.36056,27.88823,45.63871,2268.08517,-1.34644,85.80232,7.645087387,2.847996206,0
11.36278,27.9191,45.55784,2264.14184,-1.37981,85.81089,7.705677379,2.870567572,0
11.36499,27.94991,45.4752,2260.17224,-1.41103,85.81946,7.768455091,2.893953922,0
11.36719,27.98067,45.39092,2256.17461,-1.44001,85.82801,7.833301203,2.918110805,0
11.36939,28.01138,45.30515,2252.14725,-1.46666,85.83656,7.900087891,2.942990603,0
11.37157,28.04203,45.21804,2248.08853,-1.49092,85.84509,7.968678625,2.968542456,0
11.37375,28.07263,45.12972,2243.99685,-1.5127,85.85362,8.038928013,2.994712202,0
11.37592,28.10317,45.04037,2239.87069,-1.53193,85.86214,8.110681713,3.021442343,0
11.37808,28.13366,44.95014,2235.70862,-1.54856,85.87065,8.183776394,3.048672035,0
11.38023,28.16409,44.85917,2231.50925,-1.56253,85.87915,8.258039781,3.076337101,0
11.38237,28.19446,44.76764,2227.27131,-1.57378,85.88764,8.333290772,3.104370074,0
11.38451,28.22477,44.67572,2222.99361,-1.58228,85.89612,8.409339641,3.132700279,0
11.38663,28.25503,44.58355,2218.67504,-1.58799,85.9046,8.485988339,3.161253936,0
11.38875,28.28523,44.49132,2214.31463,-1.59088,85.91306,8.563030879,3.189954309,0
11.39086,28.31537,44.39918,2209.91149,-1.59094,85.92151,8.640253833,3.218721891,0
11.39296,28.34546,44.30731,2205.46486,-1.58813,85.92995,8.717436932,3.247474627,0
11.39505,28.37548,44.21587,2200.97411,-1.58248,85.93838,8.794353769,3.276128172,0
11.39714,28.40544,44.12502,2196.43872,-1.57397,85.9468,8.870772614,3.304596203,0
11.39921,28.43534,44.03493,2191.85831,-1.56262,85.95521,8.946457332,3.332790752,0
11.40128,28.46518,43.94576,2187.23266,-1.54846,85.96361,9.021168406,3.360622592,0
11.40333,28.49496,43.85767,2182.56165,-1.53151,85.972,9.094664062,3.388001658,0
11.40538,28.52467,43.77081,2177.84533,-1.51183,85.98038,9.166701485,3.414837494,0
11.40742,28.55432,43.68534,2173.08391,-1.48946,85.98874,9.23703812,3.441039741,0
11.40945,28.58391,43.60141,2168.27771,-1.46446,85.9971,9.305433046,3.46651865,0
11.41148,28.61343,43.51915,2163.42724,-1.4369,86.00544,9.371648418,3.491185619,0
11.41349,28.64289,43.4387,2158.53314,-1.40686,86.01377,9.435450948,3.51495374,0
11.4155,28.67228,43.3602,2153.59621,-1.37444,86.02209,9.496613429,3.537738373,0
11.41749,28.7016,43.28377,2148.61738,-1.33974,86.03039,9.554916265,3.559457714,0
11.41948,28.73086,43.20953,2143.59775,-1.30285,86.03869,9.610149006,3.580033363,0
11.42146,28.76005,43.13759,2138.53855,-1.2639,86.04697,9.662111857,3.599390892,0
11.42343,28.78917,43.06805,2133.44116,-1.22302,86.05524,9.710617148,3.617460389,0
11.42539,28.81823,43.00101,2128.30708,-1.18034,86.06349,9.755490741,3.634176983,0
11.42735,28.84721,42.93655,2123.13795,-1.136,86.07173,9.796573357,3.649481339,0
11.42929,28.87613,42.87476,2117.93551,-1.09014,86.07996,9.833721808,3.663320114,0
11.43123,28.90498,42.81569,2112.70165,-1.04293,86.08818,9.866810105,3.675646375,0
11.43315,28.93375,42.75941,2107.43834,-0.99452,86.09638,9.895730435,3.686419959,0
11.43507,28.96246,42.70597,2102.14764,-0.94508,86.10457,9.920393997,3.695607785,0
11.43698,28.99109,42.6554,2096.83171,-0.89478,86.11275,9.940731671,3.703184104,0
11.43888,29.01965,42.60774,2091.4928,-0.84379,86.12091,9.956694518,3.709130684,0
11.44077,29.04814,42.56301,2086.1332,-0.79229,86.12906,9.968254107,3.713436935,0
11.44265,29.07656,42.52121,2080.75526,-0.74046,86.13719,9.975402658,3.716099959,0
11.44453,29.1049,42.48234,2075.36139,-0.68847,86.14531,9.978153006,3.717124536,0
11.44639,29.13318,42.44639,2069.95402,-0.63651,86.15342,9.976538382,3.716523046,0
11.44825,29.16137,42.41334,2064.5356,-0.58475,86.16151,9.970612016,3.714315319,0
11.4501,29.1895,42.38317,2059.1086,-0.53338,86.16959,9.960446581,3.710528426,0
11.45194,29.21755,42.35582,2053.67548,-0.48257,86.17766,9.946133461,3.705196413,0
11.45377,29.24553,42.33126,2048.2387,-0.4325,86.18571,9.92778189,3.69835997,0
11.45559,29.27344,42.30942,2042.80067,-0.38333,86.19375,9.905517948,3.690066065,0
11.4574,29.30127,42.29023,2037.36381,-0.33523,86.20177,9.879483437,3.680367525,0
11.4592,29.32903,42.27363,2031.93046,-0.28836,86.20978,9.849834668,3.669322579,0
11.461,29.35672,42.25953,2026.50293,-0.24288,86.21777,9.816741155,3.656994374,0
11.46279,29.38433,42.24783,2021.08347,-0.19893,86.22575,9.780384252,3.643450471,0
11.46457,29.41187,42.23844,2015.67425,-0.15666,86.23372,9.740955736,3.628762312,0
11.46634,29.43933,42.23126,2010.27738,-0.1162,86.24167,9.698656377,3.613004687,0
11.4681,29.46673,42.22617,2004.89487,-0.07768,86.24961,9.65369448,3.596255198,0
11.46985,29.49405,42.22307,1999.52867,-0.04122,86.25754,9.606284452,3.578593715,0
11.4716,29.52129,42.22182,1994.18062,-0.00692,86.26545,9.556645379,3.560101854,0
11.47333,29.54847,42.2223,1988.85246,0.0251,86.27335,9.504999651,3.540862462,0
11.47506,29.57557,42.22439,1983.54584,0.05476,86.28123,9.451571624,3.520959116,0
11.47678,29.6026,42.22794,1978.26231,0.08197,86.2891,9.396586357,3.500475657,0
11.47849,29.62956,42.23283,1973.00329,0.10666,86.29696,9.340268415,3.479495742,0
11.4802,29.65645,42.23892,1967.77014,0.12877,86.3048,9.282840745,3.458102424,0
11.48189,29.68327,42.24605,1962.56405,0.14822,86.31263,9.224523647,3.43637777,0
11.48358,29.71001,42.2541,1957.38616,0.16499,86.32045,9.165533828,3.414402511,0
11.48526,29.73669,42.26291,1952.23746,0.17903,86.32826,9.106083549,3.392255718,0
11.48693,29.76329,42.27235,1947.11885,0.1903,86.33605,9.046379866,3.370014525,0
11.48859,29.78983,42.28227,1942.03111,0.1988,86.34383,8.986623966,3.34775388,0
11.49025,29.8163,42.29252,1936.97493,0.20451,86.35159,8.927010591,3.325546329,0
11.4919,29.8427,42.30296,1931.95089,0.20743,86.35935,8.867727556,3.303461839,0
11.49354,29.86903,42.31345,1926.95945,0.20756,86.36709,8.808955349,3.281567645,0
11.49517,29.8953,42.32386,1922.00099,0.20491,86.37481,8.750866815,3.259928138,0
11.49679,29.92149,42.33403,1917.07578,0.19952,86.38253,8.693626919,3.23860477,0
11.49841,29.94762,42.34384,1912.184,0.1914,86.39024,8.637392574,3.217655997,0
11.50002,29.97369,42.35315,1907.32573,0.18059,86.39793,8.582312543,3.197137237,0
11.50162,29.99969,42.36183,1902.50095,0.16714,86.40561,8.528527396,3.177100854,0
11.50322,30.02562,42.36976,1897.70958,0.15109,86.41328,8.476169519,3.157596167,0
11.5048,30.05149,42.3768,1892.95144,0.13251,86.42093,8.425363177,3.138669468,0
11.50638,30.07729,42.38285,1888.22625,0.11145,86.42858,8.376224611,3.120364059,0
11.50796,30.10303,42.38778,1883.53368,0.08798,86.43621,8.328862176,3.102720306,0
11.50952,30.12871,42.39149,1878.87331,0.06218,86.44384,8.283376507,3.085775698,0
11.51108,30.15433,42.39387,1874.24464,0.03412,86.45145,8.239860707,3.069564917,0
11.51263,30.17988,42.39481,1869.64711,0.00389,86.45905,8.198400555,3.054119919,0
11.51417,30.20537,42.39421,1865.08009,-0.02843,86.46664,8.15907473,3.039470015,0
11.51571,30.23079,42.392,1860.54289,-0.06274,86.47422,8.121955041,3.025641954,0
11.51724,30.25616,42.38807,1856.03475,-0.09896,86.48178,8.087106667,3.012660018,0
11.51876,30.28146,42.38236,1851.55486,-0.13697,86.48934,8.05458839,3.000546104,0
11.52028,30.30671,42.37477,1847.10233,-0.17668,86.49689,8.024452831,2.989319816,0
11.52179,30.33189,42.36525,1842.67624,-0.21799,86.50442,7.996746686,2.978998548,0
11.52329,30.35702,42.35372,1838.27561,-0.26077,86.51195,7.97151094,2.969597568,0
11.52479,30.38208,42.34013,1833.89942,-0.30493,86.51946,7.948781083,2.961130098,0
11.52628,30.40709,42.32442,1829.54659,-0.35035,86.52697,7.928587304,2.953607385,0
11.52776,30.43203,42.30655,1825.216,-0.39691,86.53446,7.910954681,2.947038769,0
11.52923,30.45692,42.28648,1820.90649,-0.4445,86.54195,7.895903342,2.941431749,0
11.5307,30.48175,42.26416,1816.61685,-0.49299,86.54942,7.883448616,2.936792036,0
11.53216,30.50652,42.23958,1812.34585,-0.54227,86.55689,7.87360117,2.933123603,0
11.53362,30.53123,42.2127,1808.09222,-0.59221,86.56434,7.866367114,2.930428726,0
11.53507,30.55589,42.18351,1803.85464,-0.6427,86.57178,7.8617481,2.928708022,0
11.53651,30.58048,42.15199,1799.63177,-0.6936,86.57922,7.859741395,2.927960472,0
11.53794,30.60502,42.11815,1795.42226,-0.7448,86.58664,7.860339935,2.928183444,0
11.53937,30.62951,42.08198,1791.2247,-0.79617,86.59406,7.863532356,2.929372705,0
11.5408,30.65393,42.04348,1787.03768,-0.84759,86.60146,7.869303018,2.931522428,0
11.54221,30.6783,42.00268,1782.85976,-0.89893,86.60886,7.877631999,2.934625193,0
11.54362,30.70261,41.95958,1778.68947,-0.95006,86.61624,7.888495075,2.938671974,0
11.54503,30.72687,41.91421,1774.52536,-1.00087,86.62362,7.901863689,2.943652135,0
11.54642,30.75107,41.8666,1770.36592,-1.05123,86.63098,7.917704899,2.949553402,0
11.54781,30.77521,41.81678,1766.20966,-1.10102,86.63834,7.935981315,2.956361848,0
11.5492,30.79929,41.7648,1762.05507,-1.15012,86.64568,7.956651029,2.96406186,0
11.55058,30.82332,41.71069,1757.90062,-1.19841,86.65302,7.979667524,2.972636111,0
11.55195,30.84729,41.65452,1753.74482,-1.24577,86.66034,8.004979594,2.982065522,0
11.55332,30.87121,41.59633,1749.58613,-1.29208,86.66766,8.032531235,2.992329234,0
11.55467,30.89507,41.53618,1745.42304,-1.33724,86.67496,8.062261559,3.003404562,0
11.55603,30.91887,41.47415,1741.25406,-1.38113,86.68226,8.094104687,3.015266964,0
11.55738,30.94261,41.4103,1737.07767,-1.42364,86.68954,8.127989655,3.027890007,0
11.55872,30.9663,41.34471,1732.89241,-1.46467,86.69682,8.163840329,3.041245326,0
11.56005,30.98993,41.27745,1728.69679,-1.50411,86.70408,8.20157532,3.055302603,0
11.56138,31.01351,41.20861,1724.4894,-1.54188,86.71134,8.241107918,3.070029536,0
11.5627,31.03702,41.13827,1720.26879,-1.57786,86.71858,8.282346042,3.085391822,0
11.56402,31.06048,41.06653,1716.03359,-1.61198,86.72582,8.325192204,3.101353145,0
11.56533,31.08388,40.99348,1711.78244,-1.64414,86.73304,8.369543503,3.117875171,0
11.56663,31.10723,40.91922,1707.51403,-1.67426,86.74026,8.415291641,3.134917556,0
11.56793,31.13051,40.84385,1703.22707,-1.70227,86.74746,8.462322969,3.152437963,0
11.56922,31.15374,40.76747,1698.92034,-1.7281,86.75465,8.510518568,3.170392092,0
11.57051,31.1769,40.69019,1694.59267,-1.75168,86.76183,8.559754369,3.188733723,0
11.57179,31.20001,40.61211,1690.24292,-1.77295,86.769,8.609901306,3.207414776,0
11.57306,31.22306,40.53334,1685.87004,-1.79185,86.77616,8.660825515,3.226385384,0
11.57433,31.24605,40.454,1681.47301,-1.80834,86.78331,8.712388583,3.245593984,0
11.57559,31.26898,40.3742,1677.05092,-1.82239,86.79045,8.764447836,3.264987425,0
11.57684,31.29185,40.29404,1672.60289,-1.83395,86.79758,8.816856677,3.284511098,0
11.57809,31.31466,40.21365,1668.12814,-1.843,86.80469,8.869464982,3.304109075,0
11.57933,31.33741,40.13313,1663.62596,-1.84952,86.81179,8.922119532,3.323724281,0
11.58057,31.36009,40.05261,1659.09572,-1.8535,86.81889,8.97466451,3.343298668,0
11.5818,31.38272,39.97219,1654.53689,-1.85495,86.82597,9.026942036,3.362773421,0
11.58303,31.40528,39.89198,1649.94902,-1.85385,86.83304,9.078792754,3.382089178,0
11.58424,31.42779,39.81209,1645.33174,-1.85024,86.84009,9.130056468,3.401186261,0
11.58546,31.45022,39.73264,1640.6848,-1.84412,86.84714,9.180572809,3.420004927,0
11.58666,31.4726,39.65373,1636.00802,-1.83553,86.85417,9.230181954,3.438485639,0
11.58786,31.49491,39.57547,1631.30133,-1.82451,86.86119,9.278725367,3.456569337,0
11.58906,31.51716,39.49795,1626.56476,-1.81111,86.8682,9.326046574,3.474197732,0
11.59024,31.53934,39.42128,1621.79844,-1.79538,86.8752,9.371991958,3.491313596,0
11.59143,31.56146,39.34555,1617.00259,-1.77739,86.88218,9.416411568,3.50786107,0
11.5926,31.58352,39.27085,1612.17755,-1.75721,86.88915,9.459159937,3.523785962,0
11.59377,31.60551,39.19727,1607.32374,-1.73491,86.89611,9.500096895,3.539036056,0
11.59493,31.62743,39.12489,1602.44168,-1.71059,86.90305,9.539088381,3.553561411,0
11.59609,31.64929,39.05379,1597.53199,-1.68435,86.90999,9.576007228,3.567314652,0
11.59724,31.67108,38.98405,1592.5954,-1.65628,86.91691,9.610733928,3.580251262,0
11.59839,31.6928,38.91572,1587.63271,-1.62649,86.92381,9.64315736,3.592329843,0
11.59953,31.71446,38.84888,1582.6448,-1.59512,86.93071,9.673175475,3.603512381,0
11.60066,31.73605,38.78357,1577.63267,-1.56227,86.93759,9.700695931,3.613764475,0
11.60178,31.75757,38.71986,1572.59737,-1.52807,86.94445,9.725636664,3.623055554,0
11.60291,31.77902,38.65778,1567.54005,-1.49267,86.9513,9.747926399,3.631359067,0
11.60402,31.80041,38.59737,1562.4619,-1.45619,86.95814,9.767505084,3.638652642,0
11.60513,31.82173,38.53867,1557.3642,-1.41879,86.96497,9.784324251,3.644918224,0
11.60623,31.84297,38.4817,1552.2483,-1.38061,86.97178,9.79834729,3.650142175,0
11.60733,31.86415,38.42648,1547.11557,-1.3418,86.97858,9.809549641,3.654315346,0
11.60842,31.88526,38.37302,1541.96746,-1.30251,86.98536,9.817918899,3.657433115,0
11.6095,31.9063,38.32132,1536.80545,-1.2629,86.99213,9.823454826,3.659495393,0
11.61058,31.92727,38.2714,1531.63105,-1.22312,86.99889,9.826169282,3.660506599,0
11.61165,31.94816,38.22324,1526.44582,-1.18332,87.00563,9.826086062,3.660475598,0
11.61272,31.96899,38.17683,1521.25132,-1.14367,87.01236,9.823240657,3.65941561,0
11.61378,31.98975,38.13214,1516.04914,-1.10433,87.01907,9.817679923,3.65734409,0
11.61483,32.01044,38.08916,1510.84088,-1.06543,87.02578,9.809461686,3.654282581,0
11.61588,32.03105,38.04785,1505.62814,-1.02714,87.03246,9.798654268,3.650256533,0
11.61692,32.0516,38.00818,1500.41251,-0.9896,87.03913,9.78533595,3.645295109,0
11.61796,32.07207,37.9701,1495.19558,-0.95296,87.04579,9.769594383,3.639430961,0
11.61899,32.09248,37.93356,1489.97893,-0.91736,87.05244,9.751525941,3.632699991,0
11.62001,32.11281,37.89851,1484.76411,-0.88294,87.05907,9.731235038,3.625141096,0
11.62103,32.13308,37.8649,1479.55264,-0.84983,87.06568,9.708833406,3.616795899,0
11.62204,32.15327,37.83266,1474.34603,-0.81816,87.07228,9.684439351,3.607708471,0
11.62305,32.17339,37.80172,1469.14572,-0.78805,87.07887,9.658176986,3.597925049,0
11.62405,32.19344,37.77202,1463.95315,-0.75961,87.08544,9.630175462,3.587493745,0
11.62505,32.21342,37.74347,1458.76968,-0.73296,87.092,9.600568187,3.576464256,0
11.62604,32.23333,37.71601,1453.59664,-0.7082,87.09855,9.569492055,3.564887579,0
11.62702,32.25317,37.68954,1448.43531,-0.68542,87.10508,9.537086684,3.552815726,0
11.628,32.27294,37.664,1443.2869,-0.66472,87.1116,9.503493676,3.540301446,0
11.62897,32.29264,37.63928,1438.15257,-0.64616,87.1181,9.468855894,3.527397961,0
11.62994,32.31227,37.61531,1433.03342,-0.62982,87.12459,9.433316772,3.514158703,0
11.6309,32.33183,37.592,1427.93049,-0.61578,87.13107,9.397019653,3.500637071,0
11.63185,32.35132,37.56924,1422.84475,-0.60407,87.13753,9.360107168,3.486886199,0
11.6328,32.37074,37.54696,1417.7771,-0.59476,87.14398,9.322720648,3.472958737,0
11.63375,32.39009,37.52506,1412.72839,-0.58788,87.15042,9.284999581,3.458906647,0
11.63469,32.40938,37.50345,1407.69939,-0.58347,87.15684,9.247081108,3.444781018,0
11.63562,32.42859,37.48203,1402.69079,-0.58154,87.16325,9.209099567,3.430631895,0
11.63655,32.44774,37.46071,1397.70323,-0.58212,87.16965,9.171186075,3.416508122,0
11.63747,32.46682,37.43939,1392.73728,-0.58522,87.17603,9.133468158,3.402457205,0
11.63839,32.48583,37.418,1387.79342,-0.59082,87.1824,9.096069416,3.38852519,0
11.6393,32.50478,37.39643,1382.87209,-0.59894,87.18876,9.059109242,3.374756552,0
11.64021,32.52365,37.3746,1377.97365,-0.60954,87.1951,9.022702566,3.361194108,0
11.64111,32.54247,37.35243,1373.09838,-0.62262,87.20143,8.986959651,3.347878931,0
11.64201,32.56121,37.32981,1368.2465,-0.63813,87.20775,8.951985911,3.334850293,0
11.6429,32.57989,37.30668,1363.41818,-0.65605,87.21406,8.917881775,3.322145605,0
11.64378,32.5985,37.28295,1358.6135,-0.67633,87.22035,8.884742577,3.309800381,0
11.64467,32.61705,37.25855,1353.83251,-0.69893,87.22663,8.852658468,3.297848207,0
11.64554,32.63553,37.23339,1349.07515,-0.72378,87.2329,8.821714369,3.286320716,0
11.64641,32.65395,37.2074,1344.34135,-0.75083,87.23916,8.791989931,3.275247581,0
11.64728,32.6723,37.18051,1339.63094,-0.78001,87.2454,8.763559527,3.264656507,0
11.64814,32.69059,37.15267,1334.94372,-0.81124,87.25163,8.736492255,3.254573236,0
11.64899,32.70882,37.12379,1330.27942,-0.84445,87.25785,8.710851962,3.245021552,0
11.64985,32.72698,37.09383,1325.63772,-0.87956,87.26406,8.686697279,3.236023297,0
11.65069,32.74508,37.06272,1321.01825,-0.91648,87.27025,8.664081662,3.227598385,0
11.65153,32.76312,37.03042,1316.42057,-0.95511,87.27643,8.643053449,3.219764822,0
11.65237,32.78109,36.99688,1311.84422,-0.99537,87.28261,8.62365592,3.212538732,0
11.6532,32.799,36.96204,1307.28866,-1.03715,87.28877,8.605927364,3.205934378,0
11.65403,32.81685,36.92588,1302.75335,-1.08035,87.29491,8.589901141,3.199964189,0
11.65485,32.83463,36.88834,1298.23765,-1.12486,87.30105,8.575605762,3.194638784,0
11.65567,32.85236,36.84941,1293.74092,-1.17059,87.30717,8.563064948,3.189967001,0
11.65648,32.87002,36.80904,1289.26247,-1.2174,87.31329,8.55229771,3.185955921,0
11.65729,32.88762,36.76723,1284.80157,-1.2652,87.31939,8.54331841,3.182610896,0
11.65809,32.90517,36.72393,1280.35744,-1.31387,87.32548,8.536136829,3.179935568,0
11.65889,32.92265,36.67915,1275.92928,-1.36328,87.33156,8.530758231,3.177931899,0
11.65968,32.94007,36.63286,1271.51627,-1.41333,87.33762,8.527183419,3.176600187,0
11.66047,32.95743,36.58506,1267.11755,-1.46388,87.34368,8.525408794,3.175939093,0
11.66126,32.97472,36.53575,1262.73222,-1.51483,87.34973,8.525426405,3.175945654,0
11.66204,32.99196,36.48492,1258.35936,-1.56605,87.35576,8.527223999,3.176615305,0
11.66282,33.00914,36.43258,1253.99805,-1.61741,87.36178,8.530785066,3.177941896,0
11.66359,33.02626,36.37874,1249.64733,-1.66881,87.36779,8.536088881,3.179917706,0
11.66436,33.04332,36.32341,1245.30621,-1.72011,87.37379,8.543110549,3.182533462,0
11.66512,33.06032,36.2666,1240.97372,-1.7712,87.37978,8.551821038,3.185778349,0
11.66588,33.07727,36.20834,1236.64885,-1.82196,87.38576,8.562187225,3.189640026,0
11.66663,33.09415,36.14866,1232.33057,-1.87228,87.39172,8.574171929,3.194104644,0
11.66738,33.11097,36.08757,1228.01789,-1.92203,87.39768,8.587733957,3.199156856,0
11.66813,33.12773,36.02511,1223.70975,-1.9711,87.40362,8.602828147,3.204779839,0
11.66887,33.14444,35.96131,1219.40515,-2.01938,87.40956,8.619405412,3.210955306,0
11.6696,33.16108,35.89621,1215.10304,-2.06677,87.41548,8.637412798,3.217663531,0
11.67034,33.17767,35.82986,1210.80241,-2.11315,87.42139,8.65679354,3.224883368,0
11.67106,33.1942,35.76229,1206.50224,-2.15842,87.42729,8.677487134,3.232592276,0
11.67179,33.21067,35.69356,1202.20151,-2.20249,87.43318,8.699429409,3.240766351,0
11.67251,33.22708,35.6237,1197.89924,-2.24526,87.43905,8.72255262,3.249380355,0
11.67322,33.24343,35.55278,1193.59443,-2.28663,87.44492,8.746785546,3.258407758,0
11.67393,33.25972,35.48085,1189.28612,-2.32652,87.45077,8.772053606,3.267820775,0
11.67464,33.27595,35.40797,1184.97338,-2.36485,87.45662,8.79827899,3.27759042,0
11.67534,33.29212,35.33419,1180.65527,-2.40154,87.46245,8.825380798,3.287686557,0
11.67604,33.30824,35.25957,1176.33092,-2.43652,87.46827,8.853275212,3.29807796,0
11.67674,33.32429,35.18418,1171.99945,-2.46972,87.47408,8.881875673,3.308732384,0
11.67743,33.34029,35.10808,1167.66004,-2.50108,87.47988,8.911093079,3.319616637,0
11.67811,33.35622,35.03134,1163.3119,-2.53055,87.48566,8.940836012,3.330696662,0
11.67879,33.3721,34.95402,1158.95426,-2.55807,87.49144,8.971010972,3.341937629,0
11.67947,33.38792,34.87618,1154.58642,-2.5836,87.4972,9.001522642,3.353304028,0
11.68015,33.40367,34.7979,1150.20771,-2.60712,87.50295,9.032274167,3.364759781,0
11.68082,33.41937,34.71925,1145.8175,-2.62859,87.50869,9.063167455,3.376268343,0
11.68148,33.43501,34.64028,1141.41522,-2.64798,87.51442,9.0941035,3.387792834,0
11.68214,33.45058,34.56107,1137.00034,-2.6653,87.52014,9.124982716,3.399296154,0
11.6828,33.4661,34.48168,1132.57239,-2.68052,87.52584,9.155705298,3.410741125,0
11.68345,33.48155,34.40219,1128.13097,-2.69365,87.53153,9.18617159,3.42209062,0
11.6841,33.49695,34.32265,1123.6757,-2.7047,87.53721,9.216282472,3.433307716,0
11.68475,33.51228,34.24314,1119.20629,-2.71369,87.54288,9.245939758,3.444355835,0
11.68539,33.52756,34.16371,1114.7225,-2.72063,87.54854,9.275046603,3.455198901,0
11.68603,33.54277,34.08442,1110.22414,-2.72556,87.55418,9.303507914,3.465801488,0
11.68666,33.55792,34.00535,1105.7111,-2.72852,87.55982,9.331230772,3.476128982,0
11.68729,33.57301,33.92654,1101.18332,-2.72955,87.56544,9.358124848,3.486147733,0
11.68791,33.58804,33.84805,1096.64081,-2.7287,87.57105,9.384102817,3.49582521,0
11.68853,33.603,33.76993,1092.08362,-2.72605,87.57664,9.409080774,3.505130156,0
11.68915,33.6179,33.69224,1087.5119,-2.72165,87.58222,9.432978631,3.514032737,0
11.68976,33.63274,33.61503,1082.92582,-2.71558,87.5878,9.455720508,3.522504684,0
11.69037,33.64752,33.53834,1078.32565,-2.70793,87.59335,9.477235103,3.530519437,0
11.69098,33.66224,33.46221,1073.7117,-2.69877,87.5989,9.497456048,3.538052271,0
11.69158,33.67689,33.38668,1069.08432,-2.68821,87.60443,9.516322234,3.545080422,0
11.69217,33.69148,33.3118,1064.44397,-2.67634,87.60995,9.533778119,3.551583198,0
11.69277,33.70601,33.23758,1059.79111,-2.66327,87.61546,9.549774002,3.557542086,0
11.69336,33.72047,33.16407,1055.12628,-2.64911,87.62096,9.564266262,3.562940834,0
11.69394,33.73487,33.09129,1050.45007,-2.63398,87.62644,9.577217569,3.567765536,0
11.69452,33.74921,33.01926,1045.76312,-2.61799,87.63191,9.588597055,3.572004694,0
11.6951,33.76348,32.94799,1041.06611,-2.60126,87.63737,9.598380448,3.575649266,0
11.69567,33.77769,32.87751,1036.35977,-2.58392,87.64281,9.606550169,3.578692701,0
11.69624,33.79184,32.80783,1031.64486,-2.56611,87.64824,9.613095379,3.581130965,0
11.69681,33.80592,32.73895,1026.92219,-2.54794,87.65366,9.618012002,3.582962536,0
11.69737,33.81993,32.67088,1022.19259,-2.52956,87.65906,9.621302688,3.584188403,0
11.69793,33.83389,32.60361,1017.45693,-2.5111,87.66446,9.622976754,3.584812036,0
11.69848,33.84777,32.53714,1012.7161,-2.49269,87.66984,9.623050071,3.584839349,0
11.69903,33.8616,32.47147,1007.97104,-2.47447,87.6752,9.621544924,3.584278642,0
11.69958,33.87536,32.40658,1003.22266,-2.45658,87.68055,9.618489824,3.583140537,0
11.70012,33.88905,32.34246,998.47194,-2.43914,87.68589,9.613919298,3.581437896,0
0.05067,0.05067,50.00452,5347.24725,-0.20574,45.00008,22.99586703,8.566565525,0
0.10122,0.10122,49.99633,5334.42935,0.08858,45.00018,22.91220193,8.535398077,0
0.15164,0.15164,50.0291,5321.62079,0.38084,45.00028,22.69753905,8.455430505,0
0.20195,0.20195,50.10219,5308.89395,0.66895,45.00039,22.35815347,8.329000444,0
0.25212,0.25213,50.2147,5296.31742,0.95094,45.00051,21.90307186,8.159470571,0
0.30218,0.30219,50.36546,5283.95458,1.22499,45.00065,21.3435938,7.951050274,0
0.35211,0.35212,50.55309,5271.86243,1.48947,45.00079,20.69273372,7.70858777,0
0.40193,0.40194,50.776,5260.09073,1.74296,45.00095,19.96462773,7.437349132,0
0.45162,0.45164,51.03245,5248.68151,1.98425,45.00113,19.17394743,7.142799915,0
0.5012,0.50122,51.32056,5237.66886,2.21239,45.00132,18.33535669,6.830402799,0
0.55067,0.55069,51.63837,5227.07899,2.42665,45.00153,17.46303871,6.505441398,0
0.60003,0.60006,51.98383,5216.93058,2.62652,45.00176,16.5703107,6.172876728,0
0.64929,0.64932,52.35488,5207.23527,2.81171,45.00201,15.6693341,5.837239238,0
0.69845,0.69848,52.74943,5197.99835,2.98197,44.99351,14.77094139,5.502564316,-1.999999966
0.74752,0.74753,53.16542,5189.21944,3.13753,44.98552,13.88450073,5.172341846,-1.999999966
0.7965,0.79649,53.60083,5180.89332,3.2786,44.97806,13.01786615,4.849497663,-1.999999966
0.84541,0.84536,54.05368,5173.0107,3.40552,44.97112,12.17743529,4.536415053,-1.999999966
0.89424,0.89414,54.52208,5165.559,3.51872,44.96467,11.36822825,4.23496414,-1.999999966
0.943,0.94284,55.00419,5158.52309,3.61873,44.95871,10.59400002,3.946543753,-1.999999966
0.99168,0.99146,55.49828,5151.8859,3.70612,44.95321,9.857373614,3.672131034,-1.999999966
1.04031,1.04001,56.00269,5145.62905,3.7815,44.94816,9.159983383,3.412334824,-1.999999966
1.08887,1.08849,56.51586,5139.73332,3.84551,44.94355,8.502619992,3.167449664,-1.999999966
1.13738,1.1369,57.03633,5134.17907,3.8988,44.93934,7.885370673,2.937508052,-1.999999966
1.18583,1.18526,57.56271,5128.94663,3.94201,44.93551,7.30775033,2.722329277,-1.999999966
1.23423,1.23356,58.09371,5124.01657,3.9758,44.93206,6.768820683,2.521563803,-1.999999966
1.28258,1.28181,58.62814,5119.36991,4.00079,44.92895,6.267295936,2.334732639,-1.999999966
1.33089,1.33,59.16489,5114.98831,4.01757,44.92617,5.801634536,2.161261515,-1.999999966
1.37915,1.37815,59.70292,5110.85421,4.02674,44.9237,5.370117257,2.000509975,-1.999999966
1.42738,1.42626,60.24127,5106.95087,4.02885,44.92152,4.970912434,1.851795674,-1.999999966
1.47556,1.47433,60.77906,5103.26248,4.02441,44.91961,4.602129408,1.714414294,-1.999999966
1.52371,1.52236,61.31547,5099.77417,4.01392,44.91796,4.261861479,1.587655537,-1.999999966
1.57183,1.57035,61.84975,5096.47198,3.99784,44.91655,3.948219675,1.470815713,-1.999999966
1.61991,1.61831,62.38121,5093.34292,3.9766,44.91538,3.659358642,1.363207378,-1.999999966
1.66796,1.66625,62.9092,5090.37486,3.95061,44.91441,3.393495883,1.264166505,-1.999999966
1.71599,1.71415,63.43315,5087.5566,3.92023,44.91366,3.148925469,1.173057591,-1.999999966
1.76398,1.76202,63.9525,5084.87775,3.88581,44.91309,2.924027232,1.08927708,-1.999999966
1.81195,1.80987,64.46677,5082.32871,3.84767,44.91271,2.717272303,1.012255429,-1.999999966
1.8599,1.85769,64.97549,5079.90065,3.8061,44.9125,2.527225768,0.941458094,-1.999999966
1.90782,1.90549,65.47825,5077.58543,3.76138,44.91245,2.352547066,0.876385681,-1.999999966
1.95572,1.95328,65.97466,5075.37558,3.71376,44.91256,2.191988679,0.816573457,-1.999999966
2.0036,2.00104,66.46436,5073.26422,3.66347,44.91282,2.04439354,0.761590385,-1.999999966
2.05146,2.04878,66.94704,5071.24505,3.61071,44.91322,1.908691536,0.711037818,-1.999999966
2.0993,2.0965,67.42238,5069.31231,3.55568,44.91375,1.783895378,0.664547966,-1.999999966
2.14711,2.14421,67.89012,5067.46069,3.49856,44.91441,1.66909609,0.62178221,-1.999999966
2.19492,2.19191,68.35,5065.68534,3.43952,44.9152,1.563458271,0.582429343,-1.999999966
2.2427,2.23958,68.80179,5063.98182,3.3787,44.9161,1.466215298,0.546203777,-1.999999966
2.29047,2.28725,69.24528,5062.34606,3.31624,44.91712,1.376664556,0.512843769,-1.999999966
2.33822,2.3349,69.68025,5060.77434,3.25227,44.91825,1.294162774,0.482109685,-1.999999966
2.38595,2.38254,70.10655,5059.26324,3.1869,44.91948,1.21812154,0.453782324,-1.999999966
2.43367,2.43017,70.52398,5057.80964,3.12024,44.92082,1.148003008,0.427661326,-1.999999966
2.48137,2.47779,70.93241,5056.41068,3.05238,44.92226,1.083315848,0.403563657,-1.999999966
2.52906,2.5254,71.33168,5055.06372,2.98343,44.9238,1.02361143,0.381322191,-1.999999966
2.57674,2.57299,71.72167,5053.76637,2.91345,44.92543,0.968480263,0.36078438,-1.999999966
2.62441,2.62058,72.10225,5052.51641,2.84253,44.92715,0.917548679,0.341811025,-1.999999966
2.67206,2.66817,72.47331,5051.31181,2.77073,44.92896,0.870475769,0.324275128,-1.999999966
2.71969,2.71574,72.83475,5050.15073,2.69812,44.93086,0.826950548,0.308060838,-1.999999966
2.76732,2.76331,73.18647,5049.03144,2.62475,44.93285,0.786689346,0.29306248,-1.999999966
2.81493,2.81087,73.52838,5047.95237,2.55069,44.93492,0.749433414,0.279183665,-1.999999966
2.86254,2.85842,73.86039,5046.91207,2.47599,44.93707,0.714946734,0.26633647,-1.999999966
2.91013,2.90597,74.18244,5045.90921,2.40068,44.9393,0.68301401,0.25444069,-1.999999966
2.95771,2.95352,74.49445,5044.94257,2.32481,44.94161,0.653438838,0.24342316,-1.999999966
3.00528,3.00106,74.79636,5044.01099,2.24842,44.944,0.626042033,0.23321713,-1.999999966
3.05284,3.04859,75.0881,5043.11344,2.17155,44.94647,0.600660115,0.223761697,-1.999999966
3.10039,3.09612,75.36961,5042.24893,2.09423,44.94901,0.577143919,0.215001296,-1.999999966
3.14793,3.14365,75.64086,5041.41658,2.0165,44.95163,0.555357341,0.206885222,-1.999999966
3.19546,3.19118,75.90178,5040.61555,1.93838,44.95432,0.535176193,0.199367213,-1.999999966
3.24298,3.2387,76.15234,5039.84506,1.8599,44.95709,0.516487172,0.192405061,-1.999999966
3.29049,3.28622,76.39248,5039.10439,1.78109,44.95993,0.499186915,0.18596026,-1.999999966
3.338,3.33374,76.62218,5038.39287,1.70196,44.96284,0.483181148,0.179997691,-1.999999966
3.38549,3.38126,76.8414,5037.70987,1.62255,44.96582,0.468383917,0.174485333,-1.999999966
3.43298,3.42877,77.0501,5037.05481,1.54287,44.96887,0.45471689,0.169394006,-1.999999966
3.48045,3.47629,77.24825,5036.42713,1.46294,44.97199,0.442108722,0.164697131,-1.999999966
3.52792,3.5238,77.43584,5035.82632,1.38278,44.97518,0.430494488,0.160370524,-1.999999966
3.57538,3.57132,77.61282,5035.2519,1.30241,44.97844,0.419815165,0.156392195,-1.999999966
3.62284,3.61883,77.77917,5034.70339,1.22185,44.98177,0.410017174,0.152742185,-1.999999966
3.67028,3.66635,77.93488,5034.18038,1.1411,44.98516,0.401051951,0.149402404,-1.999999966
3.71772,3.71386,78.07993,5033.68245,1.06019,44.98863,0.392875581,0.146356491,-1.999999966
3.76515,3.76138,78.21429,5033.2092,0.97913,44.99216,0.385448457,0.143589692,-1.999999966
3.81258,3.8089,78.33795,5032.76026,0.89793,44.99575,0.378734975,0.141088743,-1.999999966
3.86,3.85642,78.45089,5032.33528,0.81661,44.99941,0.372703271,0.138841775,-1.999999966
3.90741,3.90394,78.55311,5031.9339,0.73517,45.00314,0.367324974,0.136838218,-1.999999966
3.95481,3.95146,78.64458,5031.5558,0.65363,45.00693,0.362575002,0.135068728,-1.999999966
4.00221,3.99899,78.7253,5031.20066,0.572,45.01079,0.358431369,0.133525116,-1.999999966
4.0496,4.04652,78.79526,5030.86815,0.49029,45.01471,0.354875028,0.132200285,-1.999999966
4.09698,4.09405,78.85444,5030.55798,0.40851,45.0187,0.351889729,0.131088183,-1.999999966
4.14436,4.14159,78.90285,5030.26985,0.32667,45.02275,0.349461898,0.130183752,-1.999999966
4.19174,4.18913,78.94048,5030.00345,0.24479,45.02687,0.347580543,0.129482898,-1.999999966
4.2391,4.23667,78.96732,5029.7585,0.16286,45.03104,0.346237171,0.128982456,-1.999999966
4.28646,4.28422,78.98337,5029.5347,0.08091,45.03528,0.345425727,0.128680172,-1.999999966
4.33382,4.33177,78.98863,5029.33177,-0.00106,45.03959,0.345142552,0.128574682,-1.999999966
4.38117,4.37933,78.98309,5029.14941,-0.08304,45.04395,0.345386352,0.128665504,-1.999999966
4.42852,4.42689,78.96676,5028.98733,-0.16502,45.04838,0.346158192,0.128953035,-1.999999966
4.47586,4.47446,78.93964,5028.84524,-0.24698,45.05287,0.347461503,0.129438552,-1.999999966
4.52319,4.52203,78.90173,5028.72282,-0.32893,45.05743,0.349302105,0.130124225,-1.999999966
4.57052,4.56961,78.85303,5028.61978,-0.41085,45.06204,0.351688246,0.131013125,-1.999999966
4.61785,4.61719,78.79356,5028.53579,-0.49272,45.06671,0.354630669,0.132109255,-1.999999966
4.66517,4.66478,78.72331,5028.47054,-0.57455,45.07145,0.358142678,0.133417571,-1.999999966
4.71248,4.71238,78.64229,5028.42368,-0.65631,45.07624,0.362240241,0.134944021,-1.999999966
4.75979,4.75999,78.55052,5028.39487,-0.73801,45.0811,0.366942104,0.136695589,-1.999999966
4.8071,4.8076,78.44799,5028.38375,-0.81962,45.08601,0.372269927,0.138680343,-1.999999966
4.85441,4.85521,78.33473,5028.38993,-0.90114,45.09099,0.378248439,0.140907496,-1.999999966
4.9017,4.90284,78.21075,5028.41303,-0.98255,45.09602,0.384905624,0.143387472,-1.999999966
4.949,4.95047,78.07606,5028.45264,-1.06384,45.10111,0.392272924,0.146131986,-1.999999966
4.99629,4.99812,77.93067,5028.50831,-1.145,45.10626,0.400385476,0.149154125,-1.999999966
5.04358,5.04576,77.77462,5028.57958,-1.22601,45.11147,0.40928237,0.152468452,-1.999999966
5.09086,5.09342,77.6079,5028.66597,-1.30687,45.11673,0.419006948,0.156091113,-1.999999966
5.13814,5.14109,77.43055,5028.76697,-1.38755,45.12205,0.42960713,0.16003996,-1.999999966
5.18541,5.18876,77.24259,5028.88203,-1.46805,45.12743,0.441135781,0.164334685,-1.999999966
5.23268,5.23645,77.04405,5029.01056,-1.54833,45.13286,0.453651115,0.168996977,-1.999999966
5.27995,5.28414,76.83495,5029.15195,-1.6284,45.13835,0.467217151,0.174050682,-1.999999966
5.32722,5.33184,76.61532,5029.30553,-1.70822,45.14389,0.481904209,0.179521997,-1.999999966
5.37448,5.37955,76.3852,5029.4706,-1.78777,45.14949,0.497789461,0.185439672,-1.999999966
5.42174,5.42728,76.14461,5029.6464,-1.86704,45.15513,0.514957546,0.191835235,-1.999999966
5.46899,5.47501,75.89361,5029.83212,-1.94601,45.16083,0.533501242,0.19874325,-1.999999966
5.51624,5.52275,75.63222,5030.02688,-2.02464,45.16658,0.553522207,0.206201586,-1.999999966
5.56349,5.5705,75.3605,5030.22974,-2.10292,45.17238,0.5751318,0.214251728,-1.999999966
5.61074,5.61826,75.07849,5030.43969,-2.1808,45.17823,0.598451983,0.22293911,-1.999999966
5.65798,5.66603,74.78625,5030.65565,-2.25827,45.18413,0.623616311,0.232313484,-1.999999966
5.70522,5.71382,74.48383,5030.87643,-2.3353,45.19007,0.650771022,0.242429328,-1.999999966
5.75245,5.76161,74.17128,5031.10078,-2.41183,45.19606,0.680076229,0.253346289,-1.999999966
5.79968,5.80941,73.84869,5031.32732,-2.48785,45.2021,0.71170724,0.265129673,-1.999999966
5.84691,5.85723,73.51612,5031.55456,-2.5633,45.20817,0.745855984,0.277850979,-1.999999966
5.89414,5.90505,73.17364,5031.78089,-2.63815,45.21429,0.782732585,0.291588483,-1.999999966
5.94136,5.95289,72.82134,5032.00458,-2.71233,45.22044,0.822567078,0.30642788,-1.999999966
5.98858,6.00074,72.4593,5032.22374,-2.78581,45.22664,0.865611272,0.322462975,-1.999999966
6.03579,6.0486,72.08764,5032.43632,-2.85853,45.23287,0.912140782,0.339796441,-1.999999966
6.08301,6.09647,71.70644,5032.6401,-2.93042,45.23913,0.962457229,0.358540642,-1.999999966
6.13021,6.14435,71.31582,5032.83264,-3.00141,45.24542,1.016890625,0.378818514,-1.999999966
6.17742,6.19224,70.91591,5033.01134,-3.07144,45.25174,1.075801933,0.400764526,-1.999999966
6.22462,6.24015,70.50684,5033.17333,-3.14043,45.25808,1.139585824,0.424525704,-1.999999966
6.27182,6.28806,70.08876,5033.3155,-3.20829,45.26444,1.208673618,0.450262725,-1.999999966
6.31901,6.33599,69.66182,5033.43447,-3.27492,45.27083,1.283536404,0.478151082,-1.999999966
6.3662,6.38392,69.22618,5033.52656,-3.34024,45.27722,1.364688343,0.508382315,-1.999999966
6.41338,6.43187,68.78204,5033.58776,-3.40411,45.28363,1.452690111,0.541165289,-1.999999966
6.46056,6.47982,68.3296,5033.6137,-3.46644,45.29004,1.548152474,0.576727531,-1.999999966
6.50774,6.52779,67.86906,5033.59963,-3.52708,45.29646,1.651739942,0.615316588,-1.999999966
6.55491,6.57577,67.40068,5033.54037,-3.58588,45.30286,1.764174444,0.657201399,-1.999999966
6.60207,6.62375,66.92469,5033.43029,-3.64271,45.30926,1.886238955,0.702673641,-1.999999966
6.64923,6.67175,66.44138,5033.26327,-3.69738,45.31564,2.01878096,0.752049025,-1.999999966
6.69638,6.71975,65.95106,5033.03263,-3.74972,45.322,2.162715633,0.805668478,-1.999999966
6.74353,6.76777,65.45404,5032.73114,-3.79952,45.32832,2.319028557,0.863899155,-1.999999966
6.79066,6.81579,64.95069,5032.35092,-3.84657,45.33461,2.488777791,0.927135211,-1.999999966
6.83779,6.86381,64.44139,5031.88344,-3.89063,45.34084,2.673095007,0.995798223,-1.999999966
6.88491,6.91185,63.92656,5031.31945,-3.93145,45.34702,2.873185395,1.070337158,-1.999999966
6.93202,6.95989,63.40666,5030.64892,-3.96874,45.35313,3.090325969,1.151227735,-1.999999966
6.97912,7.00793,62.88219,5029.86105,-4.00222,45.35916,3.325861812,1.238971034,-1.999999966
7.02621,7.05598,62.35367,5028.94417,-4.03155,45.3651,3.581199741,1.334091131,-1.999999966
7.07329,7.10403,61.8217,5027.88572,-4.05639,45.37093,3.857798803,1.437131559,-1.999999966
7.12036,7.15208,61.2869,5026.67224,-4.07637,45.37664,4.157156907,1.548650329,-1.999999966
7.16741,7.20013,60.74995,5025.2893,-4.0911,45.38221,4.480792845,1.669213232,-1.999999966
7.21445,7.24818,60.2116,5023.72156,-4.10014,45.38764,4.830222887,1.799385116,-1.999999966
7.26147,7.29623,59.67264,5021.95268,-4.10304,45.39289,5.206931093,1.939718835,-1.999999966
7.30847,7.34427,59.13393,5019.96543,-4.09933,45.39796,5.612332493,2.090741523,-1.999999966
7.35545,7.39231,58.59639,5017.74167,-4.08851,45.40282,6.047728333,2.252937929,-1.999999966
7.40241,7.44034,58.06102,5015.26247,-4.07006,45.40746,6.514252711,2.426730535,-1.999999966
7.44935,7.48836,57.52887,5012.50815,-4.04343,45.41185,7.012810145,2.612456297,-1.999999966
7.49626,7.53636,57.00107,5009.45852,-4.00807,45.41597,7.544003958,2.810339969,-1.999999966
7.54315,7.58435,56.47884,5006.09297,-3.96341,45.4198,8.108055841,3.020464137,-1.999999966
7.59001,7.63232,55.96346,5002.39077,-3.90889,45.42332,8.704717597,3.24273634,-1.999999966
7.63683,7.68026,55.45627,4998.33132,-3.84394,45.42651,9.333176879,3.476853958,-1.999999966
7.68362,7.72819,54.95869,4993.89454,-3.76801,45.42933,9.991959711,3.722267897,-1.999999966
7.73037,7.77608,54.47222,4989.06121,-3.6806,45.43178,10.67883369,3.978146527,-1.999999966
7.77708,7.82394,53.99841,4983.81349,-3.58122,45.43383,11.39071697,4.243341781,-1.999999966
7.82375,7.87176,53.53885,4978.1354,-3.46945,45.43547,12.12359931,4.516359735,-1.999999966
7.87037,7.91954,53.09519,4972.01335,-3.34495,45.43668,12.87248249,4.795338423,-1.999999966
7.91694,7.96728,52.6691,4965.43679,-3.20747,45.43744,13.63134823,5.078035877,-1.999999966
7.96346,8.01497,52.26228,4958.39872,-3.05685,45.43775,14.39316188,5.361831507,-1.999999966
8.00991,8.0626,51.87642,4950.89637,-2.89307,45.43761,15.14991982,5.643743753,-1.999999966
8.05631,8.11018,51.51318,4942.93166,-2.71626,45.43701,15.89274713,5.920466469,-1.999999966
8.10263,8.15769,51.17422,4934.51174,-2.52669,45.43597,16.61204978,6.188425633,-1.999999966
8.14889,8.20513,50.86109,4925.64939,-2.32481,45.43449,17.29772253,6.443856771,-1.999999966
8.19507,8.2525,50.57528,4916.36321,-2.11125,45.43259,17.93940917,6.682901929,-1.999999966
8.24117,8.29978,50.31817,4906.67781,-1.88682,45.4303,18.52680754,6.90172328,-1.999999966
8.28719,8.34699,50.09101,4896.62368,-1.65249,45.42765,19.05000651,7.096628659,-1.999999966
8.33313,8.3941,49.89489,4886.2369,-1.40944,45.42468,19.49983785,7.264202671,-1.999999966
8.37897,8.44113,49.73072,4875.55875,-1.15898,45.42142,19.86822293,7.401435804,-1.999999966
8.42472,8.48806,49.59925,4864.63495,-0.90255,45.41794,20.14849184,7.505843351,-1.999999966
8.47037,8.53488,49.50098,4853.51491,-0.64174,45.41428,20.33565374,7.575566082,-1.999999966
8.51592,8.58161,49.43623,4842.2507,-0.37819,45.41049,20.426599,7.609445583,-1.999999966
8.56138,8.62823,49.40509,4830.896,-0.11361,45.40664,20.42021907,7.607068893,-1.999999966
8.60672,8.67475,49.40741,4819.505,0.15029,45.40279,20.3174357,7.568779383,-1.999999966
8.65197,8.72115,49.44286,4808.13122,0.41182,45.39898,20.12113842,7.495653481,-1.999999966
8.69711,8.76745,49.51087,4796.8265,0.66933,45.39529,19.83603635,7.38944546,-1.999999966
8.74214,8.81364,49.61068,4785.63999,0.92127,45.39177,19.4684366,7.252504877,-1.999999966
8.78707,8.85972,49.74137,4774.61732,1.16619,45.38846,19.02596625,7.087673032,-1.999999966
8.83189,8.90569,49.90182,4763.7999,1.4028,45.38541,18.51725813,6.898165873,-1.999999966
8.8766,8.95156,50.0908,4753.22442,1.62994,45.38267,17.95162083,6.687451095,-1.999999966
8.92122,8.99733,50.30695,4742.92256,1.84662,45.38027,17.3387128,6.459126729,-1.999999966
8.96574,9.04299,50.54881,4732.92076,2.05203,45.37824,16.68823744,6.216807542,-1.999999966
9.01015,9.08856,50.81484,4723.24032,2.24553,45.37661,16.00967228,5.964024165,-1.999999966
9.05447,9.13403,51.10347,4713.89746,2.42663,45.3754,15.31204139,5.704138303,-1.999999966
9.0987,9.1794,51.41306,4704.90367,2.59502,45.37462,14.6037357,5.440275796,-1.999999966
9.14284,9.2247,51.74198,4696.26599,2.75051,45.37428,13.89238219,5.175277896,-1.999999966
9.18689,9.2699,52.08859,4687.98748,2.89308,45.37438,13.18475988,4.911669967,-1.999999966
9.23086,9.31503,52.45128,4680.06762,3.02279,45.37493,12.48675801,4.651645905,-1.999999966
9.27474,9.36008,52.82845,4672.50285,3.13983,45.37592,11.80337053,4.397066087,-1.999999966
9.31855,9.40506,53.21855,4665.28699,3.24447,45.37735,11.13872011,4.149466317,-1.999999966
9.36228,9.44997,53.62008,4658.41172,3.33705,45.3792,10.49610487,3.910075232,-1.999999966
9.40595,9.49482,54.03157,4651.86698,3.41796,45.38147,9.878061287,3.679837737,-1.999999966
9.44954,9.5396,54.45165,4645.64139,3.48776,45.39034,9.28642887,3.459439095,0
9.49306,9.58434,54.879,4639.72258,3.54681,45.39923,8.72244001,3.249338405,0
9.53652,9.62903,55.31234,4634.09754,3.59561,45.40814,8.186807437,3.049801178,0
9.57991,9.67367,55.75048,4628.75287,3.63465,45.41709,7.679792027,2.860924598,0
9.62324,9.71827,56.19228,4623.67498,3.66446,45.42607,7.201277189,2.68266523,0
9.66652,9.76283,56.63667,4618.85033,3.68555,45.43507,6.750837587,2.514864627,0
9.70974,9.80735,57.08266,4614.26554,3.69842,45.44412,6.327801351,2.357272498,0
9.75291,9.85184,57.5293,4609.90754,3.70357,45.4532,5.931305322,2.209567294,0
9.79602,9.8963,57.9757,4605.76367,3.70146,45.46231,5.560343278,2.071374173,0
9.8391,9.94073,58.42105,4601.82173,3.69256,45.47146,5.21380736,1.942280425,0
9.88212,9.98513,58.86456,4598.07006,3.6773,45.48066,4.890523089,1.821848528,0
9.9251,10.02951,59.30553,4594.49754,3.65611,45.48989,4.589278521,1.709627,0
9.96804,10.07387,59.74329,4591.09365,3.62939,45.49916,4.308848117,1.605159296,0
10.01094,10.1182,60.17722,4587.84844,3.59749,45.50848,4.048011945,1.507990959,0
10.05381,10.16252,60.60673,4584.75256,3.56079,45.51785,3.805570826,1.417675263,0
10.09663,10.20681,61.03129,4581.7972,3.51961,45.52725,3.580357979,1.333777552,0
10.13943,10.2511,61.4504,4578.97416,3.47426,45.53671,3.371247727,1.255878481,0
10.18218,10.29536,61.8636,4576.27574,3.42504,45.54621,3.177161715,1.183576335,0
10.22491,10.33962,62.27046,4573.69477,3.37221,45.55575,2.997073106,1.11648859,0
10.2676,10.38386,62.67057,4571.22458,3.31603,45.56535,2.83000909,1.054252848,0
10.31027,10.4281,63.06358,4568.85896,3.25674,45.57499,2.675052075,0.996527283,0
10.3529,10.47232,63.44914,4566.59214,3.19456,45.58468,2.531339806,0.942990681,0
10.39551,10.51654,63.82692,4564.41875,3.12968,45.59443,2.398064669,0.893342186,0
10.43809,10.56075,64.19664,4562.33383,3.06231,45.60422,2.274472364,0.847300801,0
10.48065,10.60495,64.55802,4560.33277,2.99262,45.61406,2.15986012,0.804604724,0
10.52317,10.64915,64.91081,4558.4113,2.92077,45.62396,2.053574582,0.765010565,0
10.56568,10.69334,65.25477,4556.56544,2.84691,45.63391,1.955009478,0.72829247,0
10.60816,10.73753,65.58968,4554.79152,2.77119,45.64391,1.863603158,0.694241211,0
10.65062,10.78172,65.91534,4553.08615,2.69374,45.65396,1.778836064,0.662663238,0
10.69305,10.82591,66.23157,4551.44617,2.61467,45.66406,1.700228205,0.633379742,0
10.73546,10.87009,66.53818,4549.86863,2.53411,45.67422,1.627336651,0.60622572,0
10.77785,10.91428,66.83502,4548.35082,2.45216,45.68443,1.559753103,0.58104907,0
10.82022,10.95846,67.12194,4546.89023,2.36892,45.6947,1.497101543,0.557709716,0
10.86257,11.00265,67.39879,4545.48448,2.28447,45.70501,1.439035996,0.536078772,0
10.9049,11.04683,67.66546,4544.13142,2.19891,45.71539,1.385238395,0.51603775,0
10.94721,11.09102,67.92181,4542.82898,2.11231,45.72582,1.335416578,0.497477812,0
10.9895,11.13521,68.16775,4541.57529,2.02475,45.7363,1.289302402,0.480299068,0
11.03178,11.17941,68.40316,4540.36856,1.93629,45.74684,1.24664998,0.464409919,0
11.07403,11.22361,68.62795,4539.20713,1.84701,45.75743,1.207234046,0.449726446,0
11.11627,11.26781,68.84204,4538.08947,1.75696,45.76808,1.17084843,0.436171847,0
11.15848,11.31201,69.04534,4537.0141,1.66619,45.77878,1.137304663,0.423675911,0
11.20068,11.35623,69.23777,4535.97965,1.57477,45.78954,1.106430673,0.412174538,0
11.24287,11.40044,69.41928,4534.98484,1.48275,45.80036,1.078069605,0.401609293,0
11.28504,11.44467,69.58979,4534.02845,1.39016,45.81123,1.052078727,0.391927008,0
11.32719,11.48889,69.74926,4533.10932,1.29706,45.82216,1.028328442,0.383079402,0
11.36932,11.53313,69.89761,4532.22635,1.20349,45.83314,1.006701378,0.375022751,0
11.41144,11.57737,70.03482,4531.37849,1.10949,45.84418,0.987091571,0.367717582,0
11.45355,11.62162,70.16082,4530.56476,1.0151,45.85528,0.969403722,0.361128393,0
11.49563,11.66588,70.27559,4529.78418,0.92035,45.86643,0.953552534,0.355223408,0
11.53771,11.71014,70.37909,4529.03585,0.82528,45.87764,0.939462108,0.349974354,0
11.57976,11.75441,70.47128,4528.31886,0.72993,45.88891,0.92706542,0.345356262,0
11.62181,11.7987,70.55214,4527.63235,0.63432,45.90023,0.916303847,0.341347292,0
11.66384,11.84299,70.62165,4526.97549,0.53849,45.91161,0.907126758,0.337928585,0
11.70585,11.88729,70.67978,4526.34745,0.44248,45.92305,0.899491162,0.335084125,0
11.74785,11.9316,70.72651,4525.74742,0.3463,45.93454,0.893361406,0.33280063,0
11.78984,11.97591,70.76183,4525.17461,0.24999,45.94609,0.888708926,0.331067458,0
11.83181,12.02024,70.78574,4524.62823,0.15358,45.9577,0.885512045,0.329876536,0
11.87377,12.06458,70.79822,4524.10748,0.0571,45.96937,0.883755824,0.329222298,0
11.91571,12.10893,70.79926,4523.61158,-0.03943,45.98109,0.883431952,0.329101647,0
11.95764,12.15329,70.78888,4523.13974,-0.13597,45.99287,0.884538685,0.329513934,0
11.99957,12.19766,70.76685,4522.6916,-0.23607,45.99435,0.887107358,0.330470832,-37.99999935
12.04148,12.24203,70.73298,4522.26677,-0.33614,45.99584,0.891176464,0.331986681,-37.99999935
12.0834,12.28641,70.68726,4521.86441,-0.43617,45.99733,0.896765406,0.334068709,-37.99999935
12.1253,12.33079,70.62971,4521.48365,-0.53612,45.9988,0.903900988,0.336726901,-37.99999935
12.1672,12.37517,70.56034,4521.12358,-0.63597,46.00024,0.912617616,0.339974074,-37.99999935
12.2091,12.41956,70.47917,4520.78329,-0.7357,46.00162,0.922957546,0.34382597,-37.99999935
12.25099,12.46395,70.38621,4520.46182,-0.83528,46.00292,0.934971193,0.34830137,-37.99999935
12.29288,12.50835,70.28148,4520.15819,-0.93469,46.00413,0.948717504,0.353422233,-37.99999935
12.33477,12.55275,70.16501,4519.87136,-1.0339,46.00522,0.96426439,0.359213857,-37.99999935
12.37665,12.59716,70.03682,4519.60025,-1.13288,46.00617,0.981689227,0.365705067,-37.99999935
12.41853,12.64157,69.89695,4519.34373,-1.2316,46.00697,1.001079431,0.372928428,-37.99999935
12.4604,12.68598,69.74542,4519.10061,-1.33002,46.00758,1.022533107,0.380920487,-37.99999935
12.50227,12.7304,69.58228,4518.86963,-1.42813,46.00798,1.046159778,0.389722044,-37.99999935
12.54414,12.77483,69.40756,4518.64946,-1.52588,46.00815,1.072081203,0.399378456,-37.99999935
12.586,12.81926,69.22132,4518.43869,-1.62324,46.00805,1.100432284,0.40993998,-37.99999935
12.62787,12.86369,69.0236,4518.23582,-1.72017,46.00766,1.131362078,0.421462142,-37.99999935
12.66973,12.90813,68.81445,4518.03925,-1.81664,46.00695,1.165034908,0.434006157,-37.99999935
12.71158,12.95257,68.59394,4517.84729,-1.91259,46.00588,1.201631591,0.447639385,-37.99999935
12.75344,12.99701,68.36213,4517.65811,-2.00798,46.00441,1.241350789,0.462435831,-37.99999935
12.79529,13.04146,68.11908,4517.46977,-2.10277,46.00252,1.284410484,0.4784767,-37.99999935
12.83715,13.08591,67.86489,4517.28019,-2.1969,46.00016,1.331049594,0.495850996,-37.99999935
12.879,13.13036,67.59962,4517.08711,-2.29032,45.99727,1.381529734,0.514656176,-37.99999935
12.92085,13.17482,67.32337,4516.88813,-2.38297,45.99383,1.436137128,0.534998867,-37.99999935
12.96271,13.21927,67.03623,4516.68067,-2.47479,45.98977,1.495184679,0.556995634,-37.99999935
13.00456,13.26373,66.73832,4516.46193,-2.5657,45.98505,1.559014214,0.580773815,-37.99999935
13.04641,13.30819,66.42974,4516.22891,-2.65563,45.9796,1.627998886,0.60647242,-37.99999935
13.08827,13.35265,66.11061,4515.97836,-2.74452,45.97336,1.702545758,0.634243092,-37.99999935
13.13013,13.39711,65.78107,4515.70679,-2.83225,45.96626,1.783098558,0.664251129,-37.99999935
13.17199,13.44156,65.44127,4515.41041,-2.91876,45.95823,1.870140598,0.696676579,-37.99999935
13.21385,13.48601,65.09135,4515.08513,-3.00393,45.94918,1.964197852,0.731715381,-37.99999935
13.25571,13.53046,64.73149,4514.72653,-3.08767,45.93904,2.065842179,0.769580567,-37.99999935
13.29758,13.5749,64.36187,4514.32983,-3.16984,45.9277,2.175694655,0.810503505,-37.99999935
13.33945,13.61934,63.98269,4513.88986,-3.25033,45.91507,2.294428993,0.85473517,-37.99999935
13.38133,13.66377,63.59415,4513.40101,-3.32901,45.90104,2.422774994,0.902547432,-37.99999935
13.42321,13.70819,63.1965,4512.85723,-3.40571,45.88548,2.561521963,0.954234329,-37.99999935
13.4651,13.7526,62.78997,4512.25196,-3.4803,45.86827,2.711522011,1.010113294,-37.99999935
13.507,13.79699,62.37484,4511.57811,-3.55258,45.84927,2.873693138,1.070526305,-37.99999935
13.5489,13.84138,61.9514,4510.828,-3.62237,45.82833,3.049021948,1.1358409,-37.99999935
13.59082,13.88574,61.51996,4509.99336,-3.68948,45.80528,3.238565841,1.206450988,-37.99999935
13.63274,13.93009,61.08087,4509.06522,-3.75369,45.77995,3.443454468,1.282777392,-37.99999935
13.67467,13.97441,60.6345,4508.03392,-3.81475,45.75214,3.664890198,1.365268028,-37.99999935
13.71662,14.01871,60.18124,4506.88906,-3.87242,45.72166,3.904147286,1.454397588,-37.99999935
13.75858,14.06298,59.72153,4505.6194,-3.92642,45.68828,4.1625694,1.550666625,-37.99999935
13.80055,14.10722,59.25583,4504.21291,-3.97646,45.65176,4.441565061,1.65459985,-37.99999935
13.84254,14.15142,58.78465,4502.65664,-4.02222,45.61185,4.74260053,1.766743483,-37.99999935
13.88454,14.19559,58.30853,4500.93673,-4.06336,45.56827,5.067189569,1.88766144,-37.99999935
13.92657,14.23971,57.82805,4499.0384,-4.09953,45.52072,5.416879467,2.017930128,-37.99999935
13.96861,14.28379,57.34385,4496.94589,-4.13033,45.4689,5.793232639,2.158131587,-37.99999935
14.01068,14.32781,56.8566,4494.64245,-4.15535,45.41247,6.197803077,2.30884472,-37.99999935
14.05276,14.37178,56.36704,4492.1104,-4.17417,45.35108,6.632106893,2.470634319,-37.99999935
14.09488,14.41568,55.87595,4489.33108,-4.18633,45.28436,7.097586218,2.644037615,-37.99999935
14.13702,14.45951,55.38416,4486.28496,-4.19134,45.21192,7.595565746,2.829548092,-37.99999935
14.17919,14.50326,54.89258,4482.95169,-4.18871,45.13334,8.127201378,3.027596353,-37.99999935
14.22139,14.54693,54.40216,4479.3102,-4.17792,45.04822,8.69342055,3.238527893,-37.99999935
14.26362,14.59051,53.91393,4475.33884,-4.15844,44.95611,9.294854203,3.462577753,-37.99999935
14.30589,14.63399,53.42895,4471.01559,-4.12974,44.85658,9.931760685,3.699842175,-37.99999935
14.3482,14.67736,52.94838,4466.31825,-4.09125,44.74917,10.60394249,3.950247583,-37.99999935
14.39055,14.72061,52.47341,4461.22475,-4.04245,44.63345,11.31065735,4.213517463,-37.99999935
14.43294,14.76373,52.00532,4455.71348,-3.98281,44.50897,12.0505261,4.48913804,-37.99999935
14.47538,14.80671,51.54542,4449.76365,-3.91181,44.37533,12.82144056,4.776323959,-37.99999935
14.51787,14.84954,51.09508,4443.35575,-3.82899,44.23211,13.62047573,5.073985586,-37.99999935
14.5604,14.89221,50.65573,4436.47204,-3.73391,44.07898,14.44381171,5.380699901,-37.99999935
14.60299,14.9347,50.22882,4429.09708,-3.62621,43.9156,15.28667136,5.694687296,-37.99999935
14.64564,14.97701,49.81585,4421.21829,-3.5056,43.74173,16.14328083,6.013796863,-37.99999935
14.68834,15.01912,49.41831,4412.82652,-3.37187,43.55718,17.0068601,6.335502863,-37.99999935
14.73111,15.06102,49.03771,4403.91666,-3.22492,43.36184,17.86965059,6.656915024,-37.99999935
14.77393,15.10269,48.67557,4394.48817,-3.06477,43.15572,18.72298617,6.974804981,-37.99999935
14.81682,15.14413,48.33335,4384.5456,-2.89159,42.9389,19.5574121,7.285650592,-37.99999935
14.85977,15.18531,48.01249,4374.09903,-2.70567,42.7116,20.36285415,7.585698951,-37.99999935
14.90279,15.22623,47.71435,4363.16439,-2.50749,42.47416,21.12883711,7.871047755,-37.99999935
14.94587,15.26687,47.44024,4351.76365,-2.29767,42.22703,21.84474768,8.137743281,-37.99999935
14.98902,15.30723,47.19133,4339.92485,-2.07699,41.97081,22.50013348,8.381891737,-37.99999935
15.03223,15.34728,46.9687,4327.68198,-1.84641,41.70621,23.0850252,8.599779289,-37.99999935
15.0755,15.38703,46.7733,4315.07466,-1.60705,41.43409,23.59026618,8.787994848,-37.99999935
15.11884,15.42646,46.6059,4302.14761,-1.36016,41.1554,24.00783124,8.94354882,-37.99999935
15.16223,15.46555,46.46712,4288.94998,-1.10711,40.87119,24.33111564,9.063980765,-37.99999935
15.20569,15.50432,46.35741,4275.53455,-0.84939,40.58261,24.55517613,9.147449193,-37.99999935
15.2492,15.54275,46.27703,4261.95672,-0.58855,40.29086,24.67690853,9.192797716,-37.99999935
15.29276,15.58083,46.22606,4248.27348,-0.32622,39.99718,24.6951505,9.19959333,-37.99999935
15.33637,15.61857,46.2044,4234.54237,-0.06402,39.70283,24.61070339,9.16813456,-37.99999935
15.38002,15.65596,46.21174,4220.82032,0.19642,39.40907,24.42627294,9.099429364,-37.99999935
15.42372,15.69301,46.24762,4207.16268,0.45354,39.11714,24.14633437,8.995144882,-37.99999935
15.46745,15.72971,46.31141,4193.62224,0.70581,38.82821,23.77693247,8.857532953,-37.99999935
15.51121,15.76608,46.40231,4180.24839,0.95182,38.5434,23.32543101,8.689336779,-37.99999935
15.55501,15.80211,46.5194,4167.08648,1.19026,38.26372,22.80022842,8.493684998,-37.99999935
15.59883,15.83781,46.66163,4154.17723,1.41996,37.99011,22.21045709,8.27397966,-37.99999935
15.64267,15.87319,46.82783,4141.55643,1.63989,37.7234,21.56568303,8.033784355,-37.99999935
15.68653,15.90826,47.01676,4129.25469,1.84915,37.46428,20.87562062,7.776717952,-37.99999935
15.7304,15.94303,47.22711,4117.29744,2.04703,37.21334,20.14987428,7.506358343,-37.99999935
15.77428,15.97751,47.4575,4105.70497,2.23294,36.97107,19.3977154,7.226159369,-37.99999935
15.81818,16.0117,47.70654,4094.49268,2.40645,36.73783,18.6278998,6.939382803,-37.99999935
15.86207,16.04562,47.97279,4083.67132,2.56727,36.51386,17.84852745,6.649046098,-37.99999935
15.90597,16.07928,48.25481,4073.2474,2.71523,36.29933,17.06694377,6.357885614,-37.99999935
15.94988,16.11268,48.55119,4063.22355,2.85027,36.0943,16.28967958,6.068334251,-37.99999935
15.99378,16.14586,48.86049,4053.59901,2.97247,35.89875,15.52242527,5.782511832,-37.99999935
16.03767,16.1788,49.18134,4044.37004,3.08197,35.7126,14.77003408,5.502226319,-37.99999935
16.08157,16.21153,49.51238,4035.53036,3.179,35.53568,14.03654878,5.228983744,-37.99999935
16.12545,16.24405,49.85229,4027.07157,3.26385,35.36781,13.32524617,4.964004806,-37.99999935
16.16934,16.27638,50.19979,4018.98358,3.33687,35.20872,12.63869443,4.708246219,-37.99999935
16.21321,16.30853,50.55368,4011.25493,3.39846,35.05815,11.97881854,4.462425087,-37.99999935
16.25707,16.3405,50.91277,4003.87317,3.44903,34.91577,11.34696996,4.227044869,-37.99999935
16.30092,16.37231,51.27594,3996.8251,3.48904,34.78127,10.74399741,4.002421728,-37.99999935
16.34477,16.40396,51.64213,3990.09706,3.51895,34.6543,10.17031617,3.78871037,-37.99999935
16.3886,16.43547,52.01033,3983.67516,3.53922,34.53453,9.625974184,3.585928658,-37.99999935
16.43242,16.46684,52.37958,3977.54543,3.55034,34.42158,9.110713628,3.393980544,-37.99999935
16.47623,16.49808,52.74897,3971.694,3.55277,34.31512,8.624027126,3.212677016,-37.99999935
16.52003,16.5292,53.11766,3966.10724,3.54697,34.21481,8.16520825,3.041754913,-37.99999935
16.56382,16.56021,53.48482,3960.77183,3.53341,34.12029,7.733396169,2.880893551,-37.99999935
16.60759,16.5911,53.84972,3955.67484,3.51252,34.03125,7.327614556,2.729729223,-37.99999935
16.65136,16.6219,54.21165,3950.80381,3.48472,33.94736,6.946805046,2.587867661,-37.99999935
16.69511,16.6526,54.56993,3946.1468,3.45043,33.86832,6.589855614,2.454894606,-37.99999935
16.73885,16.6832,54.92394,3941.69236,3.41003,33.79384,6.255624326,2.330384657,-37.99999935
16.78257,16.71373,55.27311,3937.42963,3.36391,33.72362,5.942958929,2.21390857,-37.99999935
16.82629,16.74417,55.61688,3933.34826,3.31242,33.65742,5.650712771,2.105039186,-37.99999935
16.86999,16.77454,55.95476,3929.43846,3.25589,33.59496,5.377757507,2.003356169,-37.99999935
16.91369,16.80484,56.28625,3925.69101,3.19465,33.53602,5.122993035,1.9084497,-37.99999935
16.95737,16.83507,56.61093,3922.09716,3.12899,33.48036,4.885355076,1.819923307,-37.99999935
17.00104,16.86524,56.92837,3918.64873,3.05921,33.42777,4.663820746,1.73739594,-37.99999935
17.0447,16.89535,57.2382,3915.33797,2.98557,33.37805,4.457412473,1.660503428,-37.99999935
17.08835,16.9254,57.54004,3912.15765,2.90833,33.33101,4.265200541,1.588899426,-37.99999935
17.13198,16.95541,57.83358,3909.10095,2.82772,33.28647,4.086304501,1.522255944,-37.99999935
17.17561,16.98536,58.11849,3906.16149,2.74397,33.24426,3.919893696,1.46026354,-37.99999935
17.21923,17.01526,58.39448,3903.33325,2.65729,33.20422,3.765187062,1.402631248,-37.99999935
17.26283,17.04512,58.6613,3900.61064,2.56788,33.1662,3.621452373,1.349086295,-37.99999935
17.30643,17.07494,58.91868,3897.98835,2.47592,33.13007,3.488005074,1.299373665,-37.99999935
17.35001,17.10472,59.1664,3895.46146,2.38158,33.0957,3.364206788,1.253255546,-37.99999935
17.39359,17.13446,59.40423,3893.02529,2.28504,33.06295,3.249463616,1.210510695,-37.99999935
17.43715,17.16416,59.63199,3890.6755,2.18644,33.03173,3.143224287,1.17093375,-37.99999935
17.48071,17.19384,59.84948,3888.40795,2.08594,33.0019,3.04497823,1.134334509,-37.99999935
17.52426,17.22347,60.05653,3886.21879,1.98366,32.97338,2.954253604,1.100537199,-37.99999935
17.5678,17.25308,60.25298,3884.10435,1.87975,32.94607,2.870615342,1.069379745,-37.99999935
17.61133,17.28266,60.4387,3882.06119,1.77431,32.91987,2.793663223,1.040713056,-37.99999935
17.65485,17.31221,60.61354,3880.08604,1.66747,32.8947,2.723030012,1.014400327,-37.99999935
17.69836,17.34174,60.77738,3878.1758,1.55934,32.87048,2.658379664,0.990316371,-37.99999935
17.74187,17.37124,60.9301,3876.32753,1.45001,32.84713,2.599405631,0.968346992,-37.99999935
17.78536,17.40071,61.07161,3874.53841,1.3396,32.82457,2.545829259,0.948388384,-37.99999935
17.82885,17.43017,61.20181,3872.80577,1.22819,32.80274,2.497398298,0.930346577,-37.99999935
17.87233,17.4596,61.32062,3871.12703,1.11587,32.78157,2.453885514,0.914136919,-37.99999935
17.91581,17.489,61.42795,3869.49971,1.00273,32.76099,2.415087418,0.899683608,-37.99999935
17.95927,17.51839,61.52375,3867.92143,0.88886,32.74094,2.380823111,0.886919252,-37.99999935
18.00273,17.54776,61.60794,3866.38988,0.77433,32.72136,2.350933229,0.875784485,-37.99999935
18.04618,17.57711,61.68048,3864.90279,0.65922,32.70219,2.325279017,0.866227615,-37.99999935
18.08963,17.60644,61.74133,3863.45798,0.54361,32.68338,2.303741494,0.858204322,-37.99999935
18.13307,17.63575,61.79044,3862.0533,0.42757,32.66487,2.286220746,0.851677382,-37.99999935
18.1765,17.66505,61.82778,3860.68661,0.31117,32.64661,2.272635307,0.846616448,-37.99999935
18.21993,17.69432,61.85333,3859.35581,0.19448,32.62854,2.262921658,0.842997859,-37.99999935
18.26335,17.72358,61.86707,3858.05883,0.07757,32.61061,2.257033823,0.840804485,-37.99999935
18.30677,17.75283,61.869,3856.79358,-0.03948,32.59278,2.254943063,0.840025622,-37.99999935
18.35017,17.78207,61.85964,3855.55666,-0.14597,32.60593,2.256465446,0.84059275,0
18.39355,17.81132,61.83953,3854.34478,-0.25244,32.61913,2.261432301,0.842443034,0
18.43691,17.84057,61.8087,3853.156,-0.35883,32.63239,2.269860608,0.8455828,0
18.48025,17.86984,61.76715,3851.98835,-0.46507,32.64569,2.281780613,0.850023316,0
18.52358,17.89911,61.71491,3850.83981,-0.57106,32.65905,2.297235949,0.855780835,0
18.56688,17.9284,61.65202,3849.70833,-0.67673,32.67246,2.316283767,0.862876648,0
18.61016,17.95769,61.57852,3848.59178,-0.78199,32.68592,2.338994925,0.871337152,0
18.65343,17.98699,61.49446,3847.48799,-0.88677,32.69943,2.365454216,0.881193934,0
18.69667,18.0163,61.3999,3846.39471,-0.99098,32.713,2.395760645,0.892483877,0
18.73989,18.04563,61.29492,3845.30959,-1.09452,32.72661,2.430027738,0.90524927,0
18.7831,18.07496,61.17957,3844.23021,-1.19732,32.74028,2.468383893,0.919537947,0
18.82628,18.1043,61.05396,3843.15406,-1.29927,32.75399,2.51097276,0.935403421,0
18.86945,18.13365,60.91818,3842.07849,-1.40027,32.76776,2.557953637,0.952905034,0
18.9126,18.16301,60.77233,3841.00076,-1.50024,32.78157,2.60950189,0.972108114,0
18.95572,18.19238,60.61654,3839.91799,-1.59905,32.79544,2.665809371,0.993084132,0
18.99883,18.22176,60.45092,3838.82716,-1.69662,32.80936,2.727084832,1.015910854,0
19.04191,18.25115,60.27561,3837.7251,-1.79281,32.82332,2.793554321,1.040672487,0
19.08498,18.28054,60.09078,3836.60849,-1.88751,32.83734,2.865461533,1.067459816,0
19.12803,18.30995,59.89657,3835.47382,-1.9806,32.8514,2.943068112,1.096370309,0
19.17105,18.33937,59.69316,3834.31743,-2.07195,32.86552,3.026653869,1.127508202,0
19.21405,18.3688,59.48075,3833.13542,-2.16141,32.87968,3.116516885,1.16098454,0
19.25704,18.39823,59.25953,3831.92372,-2.24885,32.89389,3.212973489,1.196917163,0
19.3,18.42768,59.02973,3830.67801,-2.33412,32.90815,3.31635804,1.235430628,0
19.34293,18.45713,58.79158,3829.39378,-2.41705,32.92245,3.427022506,1.276656054,0
19.38585,18.48659,58.54533,3828.06623,-2.49749,32.9368,3.545335764,1.320730855,0
19.42874,18.51606,58.29124,3826.69035,-2.57524,32.9512,3.671682578,1.367798368,0
19.47161,18.54554,58.02961,3825.26083,-2.65014,32.96564,3.806462196,1.418007322,0
19.51446,18.57502,57.76074,3823.77211,-2.72199,32.98013,3.950086481,1.471511147,0
19.55728,18.60452,57.48495,3822.21834,-2.79058,32.99466,4.102977525,1.528467084,0
19.60007,18.63402,57.2026,3820.59337,-2.8557,33.00923,4.265564634,1.58903506,0
19.64284,18.66352,56.91404,3818.89077,-2.91714,33.02385,4.438280622,1.65337631,0
19.68558,18.69303,56.61968,3817.1038,-2.97466,33.03851,4.621557296,1.721651693,0
19.7283,18.72255,56.31993,3815.22542,-3.02801,33.0532,4.815820054,1.794019682,0
19.77098,18.75207,56.01523,3813.2483,-3.07695,33.06794,5.021481483,1.870633975,0
19.81364,18.78159,55.70604,3811.16482,-3.12121,33.08272,5.238933872,1.951640712,0
19.85626,18.81112,55.39286,3808.96707,-3.16053,33.09753,5.468540545,2.037175239,0
19.89886,18.84065,55.07621,3806.64689,-3.19463,33.11238,5.710625942,2.127358419,0
19.94142,18.87019,54.75664,3804.19588,-3.22321,33.12727,5.965464382,2.222292443,0
19.98394,18.89972,54.43472,3801.60542,-3.246,33.14219,6.233267498,2.32205615,0
20.02643,18.92925,54.11107,3798.86672,-3.26269,33.15714,6.514170331,2.426699846,0
20.06888,18.95878,53.78631,3795.97088,-3.27298,33.17213,6.808216153,2.536239652,0
20.1113,18.98831,53.46112,3792.90891,-3.27658,33.18714,7.11534013,2.650651414,0
20.15367,19.01784,53.13619,3789.67182,-3.27317,33.20218,7.435352015,2.769864261,0
20.196,19.04736,52.81224,3786.25069,-3.26247,33.21725,7.767918138,2.893753893,0
20.23829,19.07688,52.49002,3782.63675,-3.2442,33.23234,8.112543069,3.022135747,0
20.28053,19.10639,52.1703,3778.82151,-3.21807,33.24745,8.468551419,3.154758225,0
20.32273,19.13589,51.8539,3774.79681,-3.18382,33.26259,8.835070363,3.291296175,0
20.36487,19.16539,51.54163,3770.55499,-3.14122,33.27774,9.211013576,3.431344913,0
20.40697,19.19487,51.23434,3766.08899,-3.09005,33.29291,9.595067387,3.574415063,0
20.449,19.22433,50.93288,3761.39253,-3.03012,33.30809,9.985680021,3.719928547,0
20.49098,19.25379,50.63814,3756.46017,-2.9613,33.32329,10.38105489,3.867216088,0
20.53291,19.28322,50.35098,3751.28756,-2.88346,33.3385,10.77914891,4.015516585,0
20.57477,19.31264,50.07231,3745.87151,-2.79656,33.35372,11.17767679,4.163978707,0
20.61656,19.34204,49.803,3740.21017,-2.70059,33.36894,11.57412219,4.311665048,0
20.65829,19.37142,49.54392,3734.30315,-2.59559,33.38416,11.96575643,4.457559109,0
20.69996,19.40077,49.29594,3728.15168,-2.48169,33.39939,12.34966538,4.600575291,0
20.74154,19.4301,49.05991,3721.75869,-2.35907,33.41461,12.72278454,4.739571998,0
20.78306,19.45939,48.83663,3715.1289,-2.22798,33.42983,13.08194247,4.873367777,0
20.82449,19.48866,48.62688,3708.26891,-2.08875,33.44505,13.42391169,5.000760309,0
20.86585,19.5179,48.43139,3701.18719,-1.94178,33.46026,13.74546632,5.12054787,0
20.90713,19.54711,48.25086,3693.89414,-1.78755,33.47546,14.04344489,5.231552728,0
20.94831,19.57628,48.08592,3686.40201,-1.62661,33.49064,14.31481646,5.332645775,0
20.98942,19.60541,47.93712,3678.72483,-1.45958,33.50582,14.55674783,5.422771578,0
21.03043,19.6345,47.80496,3670.87834,-1.28716,33.52098,14.76666947,5.500972912,0
21.07135,19.66355,47.68986,3662.87976,-1.11008,33.53612,14.94233734,5.566413816,0
21.11217,19.69256,47.59217,3654.74772,-0.92916,33.55124,15.08188826,5.618400206,0
21.1529,19.72153,47.51214,3646.50192,-0.74524,33.56635,15.1838863,5.656397157,0
21.19353,19.75045,47.44993,3638.16299,-0.55919,33.58143,15.24735814,5.680042091,0
21.23407,19.77933,47.40563,3629.7522,-0.37192,33.59649,15.27181602,5.689153294,0
21.2745,19.80815,47.37922,3621.29118,-0.18435,33.61153,15.257267,5.6837334,0
21.31483,19.83694,47.37063,3612.80162,0.00261,33.62655,15.20420854,5.663967729,0
21.35506,19.86567,47.37964,3604.30508,0.18806,33.64155,15.11361061,5.630217614,0
21.39519,19.89435,47.40601,3595.82266,0.37111,33.65653,14.98688523,5.583009077,0
21.43522,19.92299,47.44939,3587.37476,0.55091,33.67148,14.82584528,5.52301746,0
21.47514,19.95157,47.50934,3578.98091,0.72664,33.68641,14.63265424,5.451048714,0
21.51496,19.98011,47.58538,3570.65952,0.89756,33.70132,14.40976938,5.368018239,0
21.55468,20.00859,47.67694,3562.42776,1.06294,33.71622,14.15988074,5.274928146,0
21.5943,20.03703,47.78342,3554.30143,1.22215,33.73109,13.88584835,5.17284387,0
21.63382,20.06542,47.90414,3546.29481,1.37462,33.74594,13.59063996,5.062870975,0
21.67324,20.09377,48.03839,3538.42069,1.51983,33.76078,13.27727133,4.946132915,0
21.71256,20.12207,48.18543,3530.69027,1.65736,33.77561,12.94875082,4.823750384,0
21.75179,20.15032,48.34448,3523.11319,1.78682,33.79042,12.6080296,4.696822762,0
21.79093,20.17853,48.51472,3515.69754,1.90794,33.80522,12.2579583,4.566411992,0
21.82997,20.20669,48.69535,3508.44995,2.02046,33.82001,11.90125089,4.433529098,0
21.86892,20.23482,48.88553,3501.3756,2.12424,33.83479,11.54045576,4.299123418,0
21.90779,20.2629,49.08442,3494.47834,2.21915,33.84956,11.17793395,4.164074507,0
21.94657,20.29094,49.29119,3487.76077,2.30517,33.86434,10.81584426,4.029186571,0
21.98526,20.31895,49.505,3481.22436,2.38227,33.87911,10.45613451,3.895185222,0
22.02388,20.34692,49.72502,3474.86954,2.45052,33.89388,10.10053837,3.762716304,0
22.06241,20.37486,49.95045,3468.69581,2.51,33.90865,9.750577026,3.632346495,0
22.10087,20.40277,50.18048,3462.70184,2.56084,33.92342,9.407564724,3.504565388,0
22.13925,20.43064,50.41434,3456.8856,2.6032,33.9382,9.072617579,3.379788763,0
22.17756,20.45848,50.65125,3451.24445,2.63726,33.95299,8.746664786,3.258362771,0
22.2158,20.4863,50.8905,3445.7752,2.66324,33.96779,8.430461591,3.140568761,0
22.25397,20.51408,51.13135,3440.47426,2.68136,33.9826,8.12460341,3.026628541,0
22.29207,20.54185,51.37312,3435.33767,2.69187,33.99742,7.829540549,2.916709862,0
22.33011,20.56959,51.61515,3430.36119,2.69501,34.01226,7.545593106,2.810931968,0
22.36808,20.5973,51.8568,3425.54037,2.69106,34.02711,7.272965669,2.709371075,0
22.406,20.625,52.09745,3420.87063,2.68029,34.04198,7.011761552,2.612065669,0
22.44386,20.65267,52.33651,3416.34725,2.66296,34.05687,6.761996339,2.519021555,0
22.48166,20.68033,52.57344,3411.96547,2.63935,34.07178,6.523610586,2.43021659,0
22.51941,20.70797,52.80769,3407.72053,2.60973,34.08672,6.29648159,2.345605063,0
22.5571,20.7356,53.03876,3403.60766,2.57438,34.10168,6.080434165,2.265121712,0
22.59474,20.76321,53.26617,3399.62214,2.53356,34.11666,5.875250407,2.188685364,0
22.63233,20.7908,53.48945,3395.75931,2.48753,34.13167,5.680678455,2.116202192,0
22.66987,20.81839,53.70817,3392.01461,2.43656,34.14671,5.496440286,2.047568627,0
22.70737,20.84596,53.92193,3388.38355,2.38089,34.16178,5.322238581,1.982673908,0
22.74482,20.87352,54.13033,3384.86177,2.32077,34.17687,5.157762729,1.921402326,0
22.78222,20.90107,54.33301,3381.44501,2.25643,34.192,5.002694031,1.863635155,0
22.81959,20.92861,54.52962,3378.12914,2.18812,34.20716,4.856710163,1.809252323,0
22.8569,20.95615,54.71984,3374.91014,2.11604,34.22236,4.719488988,1.758133825,0
22.89418,20.98367,54.90337,3371.78414,2.04043,34.23758,4.590711761,1.71016092,0
22.93142,21.0112,55.0799,3368.74735,1.96148,34.25284,4.470065812,1.665217129,0
22.96862,21.03871,55.24919,3365.79615,1.8794,34.26814,4.357246759,1.623189064,0
23.00578,21.06622,55.41097,3362.927,1.79438,34.28347,4.251960314,1.583967093,0
23.0429,21.09373,55.56502,3360.13649,1.70661,34.29884,4.153923737,1.547445888,0
23.07999,21.12123,55.71112,3357.42131,1.61628,34.31425,4.06286698,1.513524851,0
23.11704,21.14873,55.84905,3354.77826,1.52355,34.3297,3.978533578,1.482108439,0
23.15406,21.17623,55.97864,3352.20424,1.4286,34.34518,3.900681315,1.453106423,0
23.19104,21.20373,56.09972,3349.69621,1.33159,34.3607,3.829082707,1.426434058,0
23.22799,21.23122,56.21212,3347.25125,1.23268,34.37626,3.763525337,1.402012212,0
23.26491,21.25872,56.3157,3344.8665,1.13202,34.39187,3.70381206,1.379767445,0
23.30179,21.28621,56.41032,3342.53916,1.02976,34.40751,3.649761111,1.359632045,0
23.33865,21.31371,56.49587,3340.26651,0.92604,34.42319,3.601206136,1.341544039,0
23.37547,21.3412,56.57224,3338.04585,0.82101,34.43892,3.557996159,1.325447186,0
23.41226,21.3687,56.63933,3335.87456,0.71481,34.45469,3.519995502,1.311290941,0
23.44902,21.3962,56.69706,3333.75004,0.60756,34.4705,3.487083685,1.299030423,0
23.48575,21.42369,56.74536,3331.66971,0.4994,34.48635,3.459155288,1.288626361,0
23.52246,21.4512,56.78416,3329.63105,0.39045,34.50224,3.436119818,1.280045042,0
23.55913,21.4787,56.81342,3327.63151,0.28085,34.51817,3.417901558,1.273258261,0
23.59577,21.5062,56.83308,3325.66857,0.17072,34.53415,3.404439431,1.268243264,0
23.63239,21.53371,56.84314,3323.7397,0.06018,34.55017,3.395686859,1.264982701,0
23.66898,21.56123,56.84355,3321.84237,-0.05064,34.56624,3.391611639,1.263464574,0
23.70554,21.58874,56.83433,3319.97403,-0.16162,34.58235,3.392195828,1.2636822,0
23.74207,21.61626,56.81546,3318.1321,-0.27264,34.5985,3.397435641,1.265634168,0
23.77858,21.64378,56.78697,3316.31397,-0.38358,34.61469,3.407341364,1.26932431,0
23.81505,21.67131,56.74887,3314.517,-0.49431,34.63093,3.42193727,1.274761669,0
23.85151,21.69884,56.70119,3312.73847,-0.60471,34.64721,3.441261555,1.281960474,0
23.88793,21.72637,56.644,3310.97565,-0.71465,34.66353,3.465366272,1.290940116,0
23.92433,21.75391,56.57732,3309.22571,-0.82402,34.67989,3.494317267,1.301725123,0
23.9607,21.78145,56.50125,3307.48575,-0.93267,34.6963,3.528194111,1.314345139,0
23.99704,21.809,56.41584,3305.75282,-1.04049,34.71275,3.567090018,1.328834887,0
24.03335,21.83655,56.32119,3304.02383,-1.14733,34.72925,3.611111745,1.345234139,0
24.06964,21.86411,56.2174,3302.29565,-1.25306,34.74578,3.660379459,1.363587659,0
24.1059,21.89166,56.10458,3300.565,-1.35755,34.76236,3.71502656,1.383945142,0
24.14214,21.91923,55.98286,3298.8285,-1.46064,34.77898,3.77519945,1.406361127,0
24.17835,21.9468,55.85237,3297.08265,-1.56219,34.79564,3.841057231,1.430894883,0
24.21453,21.97437,55.71326,3295.32383,-1.66206,34.81234,3.912771307,1.457610263,0
24.25068,22.00194,55.56569,3293.54827,-1.76007,34.82909,3.990524885,1.486575517,0
24.2868,22.02952,55.40984,3291.75205,-1.85608,34.84587,4.07451234,1.517863053,0
24.3229,22.0571,55.2459,3289.93111,-1.94992,34.86269,4.164938417,1.551549146,0
24.35896,22.08469,55.07408,3288.08123,-2.04141,34.87955,4.26201726,1.58771357,0
24.395,22.11228,54.8946,3286.198,-2.13039,34.89646,4.365971215,1.626439153,0
24.43101,22.13987,54.70768,3284.27688,-2.21665,34.9134,4.477029393,1.667811246,0
24.46699,22.16746,54.51359,3282.31311,-2.30002,34.93037,4.595425942,1.711917077,0
24.50294,22.19506,54.3126,3280.30179,-2.3803,34.94739,4.721398008,1.758844986,0
24.53886,22.22266,54.10498,3278.2378,-2.45729,34.96444,4.855183323,1.808683535,0
24.57474,22.25026,53.89104,3276.11586,-2.53077,34.98152,4.997017401,1.861520461,0
24.6106,22.27786,53.67111,3273.9305,-2.60054,34.99865,5.147130291,1.917441463,0
24.64642,22.30546,53.44552,3271.67606,-2.66637,35.0158,5.305742843,1.976528811,0
24.68221,22.33306,53.21463,3269.34672,-2.72803,35.03299,5.473062456,2.03885977,0
24.71797,22.36066,52.97883,3266.93648,-2.7853,35.05021,5.649278277,2.1045048,0
24.75369,22.38826,52.73852,3264.43919,-2.83793,35.06746,5.834555806,2.173525554,0
24.78937,22.41586,52.4941,3261.84853,-2.88568,35.08474,6.02903091,2.245972647,0
24.82502,22.44345,52.24603,3259.15808,-2.9283,35.10205,6.232803222,2.321883195,0
24.86063,22.47104,51.99476,3256.3613,-2.96555,35.11939,6.445928939,2.401278132,0
24.89621,22.49863,51.74079,3253.45158,-2.99718,35.13675,6.668413046,2.484159316,0
24.93174,22.52621,51.4846,3250.42224,-3.02292,35.15414,6.900201013,2.570506433,0
24.96723,22.55379,51.22673,3247.2666,-3.04254,35.17155,7.14117004,2.660273736,0
25.00268,22.58136,50.96771,3243.97801,-3.05579,35.18898,7.391119964,2.753386659,0
25.03809,22.60892,50.70812,3240.54989,-3.06242,35.20644,7.649763961,2.849738353,0
25.07345,22.63647,50.44854,3236.97576,-3.0622,35.22391,7.916719237,2.949186217,0
25.10877,22.66401,50.18957,3233.24938,-3.05491,35.2414,8.191497918,3.051548506,0
25.14404,22.69155,49.93182,3229.3647,-3.04034,35.25891,8.473498416,3.156601111,0
25.17926,22.71907,49.67594,3225.31602,-3.01828,35.27643,8.761997564,3.264074635,0
25.21443,22.74657,49.42256,3221.09803,-2.98857,35.29396,9.056143875,3.373651875,0
25.24955,22.77406,49.17234,3216.70589,-2.95104,35.3115,9.354952297,3.484965874,0
25.28461,22.80154,48.92597,3212.13529,-2.90558,35.32905,9.65730086,3.597598669,0
25.31962,22.82899,48.6841,3207.3826,-2.85209,35.34661,9.961929626,3.7110809,0
25.35458,22.85643,48.44742,3202.44486,-2.79049,35.36417,10.26744234,3.824892426,0
25.38947,22.88385,48.2166,3197.31996,-2.72078,35.38173,10.57231118,3.93846409,0
25.4243,22.91124,47.99232,3192.00665,-2.64295,35.3993,10.87488487,4.051180749,0
25.45907,22.93861,47.77525,3186.50464,-2.55708,35.41686,11.17340048,4.162385669,0
25.49377,22.96595,47.56605,3180.8147,-2.46326,35.43442,11.46599905,4.271386334,0
25.52841,22.99327,47.36534,3174.93868,-2.36166,35.45197,11.750745,4.377461692,0
25.56297,23.02056,47.17376,3168.87955,-2.25248,35.46951,12.0256493,4.479870779,0
25.59747,23.04782,46.99189,3162.64149,-2.13599,35.48705,12.28869609,4.57786263,0
25.63189,23.07504,46.82031,3156.22988,-2.01251,35.50457,12.53787224,4.670687303,0
25.66624,23.10224,46.65955,3149.65128,-1.88241,35.52208,12.77119935,4.757607787,0
25.70051,23.12939,46.51009,3142.91346,-1.74613,35.53957,12.98676726,4.837912506,0
25.73471,23.15651,46.37239,3136.02534,-1.60413,35.55705,13.18276836,4.910928072,0
25.76882,23.18359,46.24685,3128.99695,-1.45695,35.5745,13.35753143,4.976031916,0
25.80285,23.21064,46.13382,3121.83933,-1.30517,35.59194,13.50955416,5.032664381,0
25.8368,23.23764,46.03361,3114.56446,-1.14941,35.60936,13.63753304,5.080339882,0
25.87067,23.2646,45.94646,3107.18517,-0.99032,35.62675,13.74038983,5.118656742,0
25.90444,23.29151,45.87256,3099.71497,-0.82859,35.64412,13.81729338,5.147305338,0
25.93813,23.31838,45.81202,3092.16796,-0.66493,35.66146,13.86767624,5.166074279,0
25.97174,23.34521,45.76492,3084.55864,-0.50007,35.67878,13.89124532,5.174854383,0
26.00525,23.37198,45.73125,3076.90181,-0.33475,35.69608,13.88798634,5.173640327,0
26.03867,23.39871,45.71096,3069.21237,-0.16971,35.71334,13.85816182,5.162529909,0
26.072,23.4254,45.70392,3061.50519,-0.00569,35.73058,13.80230293,5.141721003,0
26.10524,23.45203,45.70998,3053.79496,0.15661,35.74779,13.72119544,5.111506326,0
26.13839,23.47862,45.72888,3046.09604,0.31646,35.76498,13.6158604,5.072266255,0
26.17145,23.50515,45.76034,3038.42234,0.47319,35.78214,13.48753046,5.024459976,0
26.20442,23.53164,45.80404,3030.78719,0.62617,35.79927,13.33762252,4.968615322,0
26.2373,23.55808,45.85957,3023.20326,0.77477,35.81638,13.16770787,4.905317645,0
26.27008,23.58447,45.92653,3015.68244,0.91844,35.83346,12.97948084,4.835198125,0
26.30278,23.61081,46.00443,3008.23578,1.05665,35.85052,12.77472689,4.758921888,0
26.33539,23.6371,46.09278,3000.87346,1.18894,35.86756,12.55529104,4.67717626,0
26.3679,23.66335,46.19105,2993.60471,1.31488,35.88457,12.32304768,4.590659498,0
26.40033,23.68955,46.29867,2986.43783,1.43409,35.90157,12.07987221,4.500070239,0
26.43268,23.7157,46.41507,2979.38016,1.54626,35.91854,11.82761527,4.40609789,0
26.46494,23.74181,46.53966,2972.43809,1.65113,35.9355,11.56807982,4.309414107,0
26.49711,23.76787,46.67181,2965.61708,1.74846,35.95244,11.30300152,4.210665464,0
26.52921,23.79389,46.81091,2958.92169,1.83809,35.96937,11.03403234,4.110467368,0
26.56122,23.81987,46.95632,2952.35563,1.91989,35.98628,10.76272756,4.009399199,0
26.59315,23.84581,47.10743,2945.9218,1.99379,36.00318,10.49053596,3.908000669,0
26.62501,23.87171,47.26359,2939.62232,2.05974,36.02008,10.2187931,3.806769304,0
26.65679,23.89756,47.42418,2933.45862,2.11774,36.03696,9.94871732,3.706158968,0
26.68849,23.92338,47.58858,2927.43144,2.16782,36.05384,9.681408286,3.60657932,0
26.72012,23.94917,47.75618,2921.54098,2.21006,36.07071,9.417847721,3.508396075,0
26.75168,23.97492,47.92638,2915.78687,2.24453,36.08758,9.158901948,3.411931961,0
26.78317,24.00063,48.09857,2910.16826,2.27136,36.10445,8.90532596,3.317468233,0
26.81459,24.02631,48.2722,2904.68388,2.2907,36.12132,8.657768704,3.225246642,0
26.84595,24.05197,48.44669,2899.33209,2.3027,36.1382,8.416779263,3.135471734,0
26.87724,24.07759,48.62149,2894.11092,2.30753,36.15507,8.182813693,3.048313403,0
26.90847,24.10318,48.79609,2889.01814,2.3054,36.17195,7.956242261,2.963909584,0
26.93963,24.12874,48.96997,2884.05125,2.29649,36.18884,7.737356905,2.882369029,0
26.97074,24.15428,49.14263,2879.20759,2.28104,36.20574,7.526378715,2.803774102,0
27.00178,24.17979,49.3136,2874.48432,2.25924,36.22265,7.323465322,2.728183525,0
27.03277,24.20528,49.48242,2869.87848,2.23134,36.23957,7.128718066,2.655635048,0
27.0637,24.23075,49.64867,2865.38701,2.19756,36.2565,6.942188855,2.586148009,0
27.09458,24.25619,49.81191,2861.00675,2.15812,36.27344,6.763886664,2.519725751,0
27.12541,24.28161,49.97175,2856.73453,2.11328,36.2904,6.593783619,2.456357891,0
27.15618,24.30701,50.12781,2852.5671,2.06325,36.30738,6.431820644,2.396022421,0
27.1869,24.33239,50.27973,2848.50124,2.00828,36.32438,6.277912651,2.338687644,0
27.21758,24.35776,50.42717,2844.53367,1.94859,36.34139,6.131953292,2.284313943,0
27.2482,24.3831,50.56979,2840.66117,1.88441,36.35843,5.993819247,2.232855376,0
27.27878,24.40843,50.7073,2836.8805,1.81597,36.37548,5.863374099,2.184261127,0
27.30931,24.43375,50.8394,2833.18844,1.7435,36.39256,5.740471795,2.138476785,0
27.33979,24.45905,50.96581,2829.58183,1.66721,36.40966,5.624959718,2.095445497,0
27.37023,24.48433,51.08629,2826.0575,1.58732,36.42678,5.516681403,2.055108975,0
27.40063,24.5096,51.20058,2822.61234,1.50404,36.44393,5.415478925,2.017408389,0
27.43099,24.53486,51.30847,2819.24328,1.41759,36.4611,5.321194976,1.982285138,0
27.4613,24.56011,51.40975,2815.94726,1.32817,36.4783,5.233674673,1.949681522,0
27.49157,24.58534,51.50422,2812.72127,1.23598,36.49553,5.152767113,1.919541327,0
27.5218,24.61057,51.59171,2809.56234,1.14121,36.51278,5.078326703,1.891810316,0
27.55199,24.63578,51.67204,2806.46751,1.04407,36.53006,5.010214295,1.866436651,0
27.58214,24.66099,51.74507,2803.43386,0.94474,36.54737,4.948298139,1.843371254,0
27.61226,24.68618,51.81067,2800.45849,0.84341,36.56471,4.892454683,1.822568098,0
27.64233,24.71137,51.8687,2797.53852,0.74026,36.58208,4.842569229,1.803984453,0
27.67237,24.73655,51.91906,2794.67109,0.63548,36.59948,4.798536474,1.787581094,0
27.70237,24.76172,51.96166,2791.85335,0.52924,36.61691,4.760260942,1.773322451,0
27.73234,24.78688,51.9964,2789.08245,0.42172,36.63437,4.72765732,1.761176744,0
27.76227,24.81203,52.02322,2786.35553,0.3131,36.65185,4.700650716,1.751116073,0
27.79216,24.83718,52.04206,2783.66976,0.20355,36.66938,4.679176842,1.74311649,0
27.82202,24.86232,52.05287,2781.02226,0.09323,36.68693,4.663182132,1.73715804,0
27.85184,24.88745,52.05563,2778.41016,-0.01767,36.70451,4.652623806,1.733224786,0
27.88163,24.91258,52.0503,2775.83055,-0.129,36.72213,4.647469874,1.73130481,0
27.91138,24.9377,52.03688,2773.28052,-0.24058,36.73977,4.647699092,1.7313902,0
27.9411,24.96282,52.01537,2770.7571,-0.35224,36.75745,4.653300879,1.733477013,0
27.97079,24.98793,51.98578,2768.25728,-0.46382,36.77516,4.664275167,1.737565224,0
28.00044,25.01304,51.94815,2765.77802,-0.57515,36.79291,4.680632226,1.743658659,0
28.03006,25.03814,51.90251,2763.31622,-0.68605,36.81068,4.702392419,1.751764903,0
28.05964,25.06323,51.84891,2760.86873,-0.79636,36.82849,4.729585913,1.761895196,0
28.08919,25.08832,51.78741,2758.43233,-0.9059,36.84632,4.762252332,1.774064296,0
28.11871,25.1134,51.7181,2756.00373,-1.0145,36.86419,4.800440337,1.788290333,0
28.14819,25.13848,51.64106,2753.57957,-1.12199,36.88209,4.844207145,1.80459462,0
28.17764,25.16355,51.55638,2751.15642,-1.22818,36.90002,4.893617963,1.82300145,0
28.20706,25.18862,51.46419,2748.73074,-1.3329,36.91799,4.948745324,1.843537843,0
28.23644,25.21368,51.36461,2746.29894,-1.43597,36.93598,5.009668339,1.866233269,0
28.26579,25.23874,51.25777,2743.8573,-1.5372,36.954,5.076471821,1.891119323,0
28.2951,25.26379,51.14384,2741.40203,-1.63639,36.97205,5.149245288,1.918229355,0
28.32439,25.28884,51.02298,2738.92924,-1.73337,36.99013,5.228081832,1.947598041,0
28.35363,25.31388,50.89536,2736.43491,-1.82794,37.00824,5.313076823,1.979260912,0
28.38284,25.33891,50.76118,2733.91496,-1.91989,37.02638,5.404326455,2.013253801,0
28.41202,25.36393,50.62066,2731.36517,-2.00903,37.04455,5.501926097,2.049612236,0
28.44116,25.38895,50.474,2728.78124,-2.09515,37.06274,5.605968451,2.08837075,0
28.47027,25.41396,50.32145,2726.15875,-2.17804,37.08096,5.716541492,2.129562117,0
28.49934,25.43897,50.16326,2723.49319,-2.2575,37.0992,5.833726184,2.173216498,0
28.52837,25.46397,49.9997,2720.77994,-2.33331,37.11747,5.957593951,2.2193605,0
28.55737,25.48895,49.83105,2718.01432,-2.40526,37.13576,6.088203903,2.268016144,0
28.58633,25.51393,49.6576,2715.19154,-2.47312,37.15407,6.225599805,2.319199733,0
28.61525,25.5389,49.47967,2712.30673,-2.53668,37.17241,6.369806795,2.372920631,0
28.64413,25.56386,49.29758,2709.35498,-2.59572,37.19077,6.520827838,2.429179943,0
28.67297,25.58881,49.11168,2706.33131,-2.65001,37.20915,6.678639954,2.487969109,0
28.70177,25.61375,48.92232,2703.23072,-2.69933,37.22754,6.84319021,2.549268408,0
28.73054,25.63868,48.72988,2700.04818,-2.74347,37.24596,7.014391523,2.613045402,0
28.75926,25.66359,48.53475,2696.77867,-2.7822,37.26439,7.192118303,2.679253304,0
28.78794,25.68849,48.33732,2693.41719,-2.81532,37.28284,7.376201993,2.747829322,0
28.81657,25.71338,48.13801,2689.95881,-2.84262,37.3013,7.566426561,2.818692979,0
28.84516,25.73825,47.93726,2686.39868,-2.86388,37.31977,7.762524028,2.891744445,0
28.87371,25.7631,47.7355,2682.73203,-2.87893,37.33826,7.964170122,2.96686292,0
28.90221,25.78794,47.53318,2678.95429,-2.88757,37.35675,8.170980155,3.043905099,0
28.93066,25.81277,47.33078,2675.06106,-2.88964,37.37525,8.382505267,3.122703769,0
28.95906,25.83757,47.12877,2671.04814,-2.88497,37.39376,8.59822914,3.203066588,0
28.98742,25.86235,46.92764,2666.91164,-2.87343,37.41228,8.817565349,3.284775097,0
29.01573,25.88712,46.72786,2662.64796,-2.85489,37.4308,9.039855495,3.367584025,0
29.04398,25.91186,46.52995,2658.25386,-2.82925,37.44932,9.26436828,3.451220944,0
29.07218,25.93658,46.3344,2653.72653,-2.79643,37.46784,9.490299676,3.535386334,0
29.10033,25.96127,46.14171,2649.06357,-2.75638,37.48636,9.716774346,3.619754108,0
29.12842,25.98594,45.95239,2644.26311,-2.70908,37.50487,9.942848453,3.703972661,0
29.15645,26.01058,45.76694,2639.32381,-2.65452,37.52339,10.16751397,3.787666477,0
29.18443,26.0352,45.58585,2634.24493,-2.59275,37.54189,10.38970459,3.870438329,0
29.21235,26.05978,45.40961,2629.02632,-2.52384,37.56039,10.60830327,3.951872091,0
29.24021,26.08434,45.2387,2623.66854,-2.4479,37.57887,10.82215147,4.031536172,0
29.268,26.10886,45.07358,2618.17278,-2.36507,37.59735,11.03005996,4.108987552,0
29.29573,26.13335,44.91472,2612.54099,-2.27554,37.61581,11.23082114,4.183776376,0
29.3234,26.15781,44.76253,2606.77582,-2.17954,37.63425,11.42322282,4.255451065,0
29.351,26.18223,44.61743,2600.88067,-2.07733,37.65268,11.60606302,4.32356385,0
29.37853,26.20661,44.47982,2594.85966,-1.96922,37.67109,11.77816571,4.387676631,0
29.406,26.23095,44.35005,2588.71767,-1.85556,37.68947,11.9383971,4.447367039,0
29.43339,26.25526,44.22846,2582.46027,-1.73672,37.70784,12.08568207,4.502234566,0
29.46071,26.27953,44.11535,2576.0937,-1.61312,37.72618,12.21902041,4.551906603,0
29.48796,26.30375,44.01099,2569.62487,-1.48522,37.7445,12.33750235,4.596044244,0
29.51514,26.32793,43.91561,2563.06127,-1.35351,37.7628,12.44032311,4.634347685,0
29.54224,26.35206,43.82942,2556.41095,-1.2185,37.78106,12.52679588,4.666561067,0
29.56926,26.37615,43.75257,2549.68242,-1.08073,37.7993,12.59636297,4.692476636,0
29.59621,26.4002,43.68519,2542.88463,-0.94075,37.81751,12.64860476,4.711938077,0
29.62308,26.4242,43.62734,2536.02686,-0.79914,37.83569,12.68324626,4.724842946,0
29.64988,26.44815,43.57908,2529.11863,-0.65649,37.85384,12.70016096,4.731144118,0
29.67659,26.47205,43.5404,2522.16966,-0.51339,37.87196,12.69937201,4.730850214,0
29.70323,26.4959,43.51126,2515.18976,-0.37044,37.89005,12.68105061,4.724025012,0
29.72978,26.5197,43.49158,2508.18875,-0.22822,37.90811,12.64551178,4.710785862,0
29.75625,26.54345,43.48124,2501.17641,-0.08733,37.92613,12.59320757,4.691301169,0
29.78265,26.56715,43.48009,2494.16234,0.05167,37.94413,12.52471807,4.665787028,0
29.80896,26.5908,43.48792,2487.15595,0.18823,37.96209,12.44074039,4.63450313,0
29.83519,26.6144,43.50452,2480.16637,0.3218,37.98002,12.34207603,4.597748062,0
29.86135,26.63795,43.52962,2473.20238,0.45189,37.99792,12.22961706,4.555854137,0
29.88742,26.66144,43.56294,2466.27236,0.578,38.01579,12.10433137,4.509181918,0
29.91341,26.68489,43.60415,2459.38427,0.6997,38.03363,11.96724749,4.458114567,0
29.93932,26.70829,43.65292,2452.54558,0.81656,38.05144,11.81943938,4.403052159,0
29.96516,26.73163,43.70888,2445.76325,0.92819,38.06923,11.66201145,4.344406113,0
29.99091,26.75493,43.77165,2439.04371,1.03426,38.08698,11.49608415,4.282593824,0
30.01659,26.77817,43.84082,2432.39285,1.13446,38.10471,11.32278043,4.21803363,0
30.04219,26.80137,43.91598,2425.81601,1.2285,38.12242,11.14321332,4.151140159,0
30.06771,26.82452,43.9967,2419.31798,1.31616,38.1401,10.95847468,4.082320155,0
30.09316,26.84762,44.08254,2412.903,1.39723,38.15776,10.7696253,4.01196879,0
30.11853,26.87067,44.17306,2406.57476,1.47156,38.17539,10.57768644,3.940466515,0
30.14383,26.89367,44.2678,2400.33644,1.53901,38.19301,10.3836328,3.86817643,0
30.16906,26.91664,44.36631,2394.19074,1.59949,38.21061,10.1883869,3.795442194,0
30.19422,26.93955,44.46813,2388.13984,1.65293,38.22819,9.992814783,3.722586433,0
30.2193,26.96243,44.57282,2382.18549,1.69932,38.24576,9.797723032,3.649909623,0
30.24432,26.98526,44.67991,2376.329,1.73863,38.26331,9.603856969,3.577689414,0
30.26927,27.00804,44.78896,2370.57128,1.7709,38.28084,9.411899891,3.506180351,0
30.29415,27.03079,44.89954,2364.91287,1.79618,38.29837,9.222473257,3.435613946,0
30.31897,27.0535,45.0112,2359.35396,1.81452,38.31589,9.036137691,3.366199045,0
30.34372,27.07617,45.12352,2353.89443,1.82603,38.33339,8.853394668,3.298122461,0
30.36841,27.0988,45.23608,2348.53385,1.83081,38.35089,8.674688765,3.23154981,0
30.39304,27.12139,45.34848,2343.27156,1.829,38.36839,8.500410366,3.166626521,0
30.4176,27.14395,45.46032,2338.10664,1.82072,38.38588,8.330898697,3.103478964,0
30.44211,27.16647,45.57121,2333.03795,1.80614,38.40336,8.166445119,3.042215679,0
30.46655,27.18896,45.68079,2328.06417,1.78542,38.42085,8.007296576,2.982928659,0
30.49094,27.21141,45.7887,2323.18381,1.75873,38.43833,7.853659116,2.925694663,0
30.51528,27.23383,45.89458,2318.39523,1.72627,38.45582,7.705701447,2.870576538,0
30.53955,27.25622,45.99811,2313.69666,1.68823,38.47331,7.563558444,2.81762453,0
30.56378,27.27858,46.09897,2309.0862,1.6448,38.4908,7.427334578,2.766877555,0
30.58794,27.30091,46.19685,2304.56187,1.59619,38.50829,7.297107232,2.718364442,0
30.61206,27.32321,46.29145,2300.12157,1.54261,38.52579,7.172929871,2.672105108,0
30.63613,27.34548,46.38252,2295.76316,1.48427,38.5433,7.054835044,2.628111678,0
30.66014,27.36773,46.46977,2291.4844,1.42137,38.56082,6.942837213,2.586389539,0
30.6841,27.38994,46.55296,2287.28301,1.35415,38.57834,6.836935389,2.546938323,0
30.70802,27.41214,46.63185,2283.15666,1.28281,38.59587,6.737115578,2.509752817,0
30.73189,27.4343,46.70623,2279.10298,1.20758,38.61342,6.643353037,2.474823803,0
30.7557,27.45644,46.77588,2275.11953,1.12866,38.63097,6.555614331,2.442138827,0
30.77948,27.47856,46.84061,2271.20388,1.04629,38.64854,6.473859212,2.411682894,0
30.8032,27.50065,46.90024,2267.35353,0.96068,38.66612,6.398042316,2.383439105,0
30.82689,27.52273,46.9546,2263.56598,0.87204,38.68371,6.328114684,2.357389223,0
30.85052,27.54477,47.00354,2259.83869,0.7806,38.70132,6.264025124,2.333514175,0
30.87411,27.5668,47.04692,2256.16909,0.68656,38.71894,6.20572141,2.311794508,0
30.89766,27.58881,47.0846,2252.55459,0.59016,38.73658,6.153151346,2.292210775,0
30.92117,27.61079,47.11648,2248.99259,0.49159,38.75423,6.10626368,2.274743886,0
30.94463,27.63276,47.14246,2245.48042,0.39107,38.7719,6.065008899,2.259375395,0
30.96805,27.6547,47.16243,2242.01544,0.28882,38.78958,6.029339896,2.246087753,0
30.99143,27.67662,47.17634,2238.59493,0.18505,38.80728,5.999212524,2.234864514,0
31.01477,27.69853,47.1841,2235.21618,0.07997,38.825,5.97458605,2.225690504,0
31.03807,27.72041,47.18568,2231.87643,-0.02622,38.84274,5.955423496,2.218551949,0
31.06133,27.74228,47.18103,2228.57288,-0.13329,38.8605,5.941691894,2.213436566,0
31.08454,27.76413,47.17012,2225.3027,-0.24104,38.87827,5.933362448,2.210333628,0
31.10772,27.78596,47.15294,2222.06304,-0.34926,38.89606,5.930410601,2.209233987,0
31.13086,27.80777,47.12949,2218.85098,-0.45775,38.91387,5.932816024,2.210130071,0
31.15396,27.82957,47.09977,2215.66358,-0.56628,38.9317,5.94056252,2.213015844,0
31.17702,27.85134,47.0638,2212.49784,-0.67466,38.94955,5.953637842,2.217886746,0
31.20004,27.8731,47.02162,2209.35072,-0.78267,38.96741,5.972033431,2.224739587,0
31.22302,27.89484,46.97328,2206.21914,-0.89011,38.98529,5.995744069,2.233572423,0
31.24596,27.91657,46.91883,2203.09994,-0.99675,39.00319,6.024767455,2.244384398,0
31.26886,27.93827,46.85833,2199.98993,-1.1024,39.02111,6.059103683,2.257175547,0
31.29173,27.95996,46.79188,2196.88587,-1.20684,39.03905,6.098754645,2.271946573,0
31.31456,27.98163,46.71955,2193.78445,-1.30986,39.057,6.143723331,2.288698592,0
31.33734,28.00328,46.64147,2190.68232,-1.41124,39.07498,6.194013051,2.307432836,0
31.36009,28.02492,46.55774,2187.57606,-1.51077,39.09296,6.249626543,2.328150325,0
31.3828,28.04654,46.46849,2184.46219,-1.60823,39.11097,6.310564999,2.350851503,0