date,date1,date2,date3,date4,date5,OT,OT,OT
0.04504,0.04504,50.29762,4757.50642,-0.48507,45.0001,6.498212217589833,2.4207550293058353,0
0.09005,0.09005,50.2382,4753.98348,-0.46941,45.00024,6.543051621664003,2.4374588871191905,0
0.13502,0.13502,50.18081,4750.43189,-0.45305,45.00042,6.586226996883396,2.4535428504009063,0
0.17996,0.17996,50.12554,4746.85244,-0.43601,45.00065,6.627626100242739,2.4689651056782274,0
0.22487,0.22487,50.07247,4743.24598,-0.41833,45.00092,6.667140294985725,2.483685182901026,0
0.26974,0.26975,50.02167,4739.61345,-0.40005,45.00123,6.7046651526897385,2.4976641797342,0
0.31458,0.31459,49.97321,4735.95583,-0.3812,45.00158,6.740101047103977,2.510864982777999,0
0.35938,0.3594,49.92716,4732.27418,-0.36182,45.00198,6.773353733918143,2.5232524835471235,0
0.40415,0.40417,49.88358,4728.56961,-0.34195,45.00242,6.804334910576505,2.5347937870161807,0
0.44889,0.44891,49.84252,4724.8433,-0.32162,45.00289,6.8329627502976775,2.545458410556114,0
0.49358,0.49361,49.80403,4721.09646,-0.3009,45.00341,6.85916240459238,2.555218471135283,0
0.53825,0.53828,49.76815,4717.33039,-0.27981,45.00397,6.882866468799434,2.564048858743877,0
0.58287,0.58292,49.73493,4713.54641,-0.2584,45.00457,6.9040154054871445,2.5719273941220635,0
0.62747,0.62752,49.70439,4709.74589,-0.23673,45.00521,6.922557920941851,2.5788349690118855,0
0.67202,0.67209,49.67656,4705.93022,-0.21483,45.0059,6.938451290507749,2.584755667354904,0
0.71654,0.71662,49.65146,4702.10086,-0.19276,45.00662,6.951661629039098,2.5896768660427574,0
0.76102,0.76111,49.6291,4698.25928,-0.17057,45.00738,6.962164103411898,2.5935893140833572,0
0.80546,0.80557,49.6095,4694.40695,-0.14831,45.00819,6.9699430846956165,2.5964871892888577,0
0.84987,0.85,49.59265,4690.5454,-0.12602,45.00903,6.9749922383209215,2.598368131865511,0
0.89424,0.89439,49.57855,4686.67615,-0.10375,45.00992,6.977314551335432,2.59923325456715,0
0.93858,0.93875,49.56718,4682.80074,-0.08156,45.01084,6.976922296602426,2.5990871293582622,0
0.9829,0.98304,49.55756,4678.92255,-0.07556,44.94971,6.974807689549029,2.598299382592211,-28.99999951
1.02723,1.02725,49.54867,4675.04425,-0.06971,44.88859,6.971963481303543,2.597239840185144,-28.99999951
1.07157,1.07138,49.54049,4671.16627,-0.06402,44.82749,6.9684130924630665,2.5959172269257142,-28.99999951
1.11592,1.11543,49.533,4667.28905,-0.05852,44.76642,6.964180799913707,2.5943405865927596,-28.99999951
1.16028,1.15939,49.52618,4663.41302,-0.05321,44.70537,6.9592922785031055,2.592519483742571,-28.99999951
1.20465,1.20327,49.52,4659.53857,-0.0481,44.64436,6.953774518422537,2.5904639729315537,-28.99999951
1.24903,1.24707,49.51444,4655.66611,-0.0432,44.58339,6.947655739718094,2.588184566869392,-28.99999951
1.29342,1.29078,49.50946,4651.79601,-0.03851,44.52247,6.940965304396645,2.585692203676204,-28.99999951
1.33782,1.33441,49.50505,4647.92865,-0.03406,44.4616,6.933733626617901,2.5829982134267273,-28.99999951
1.38223,1.37796,49.50116,4644.06438,-0.02985,44.40079,6.925992081429476,2.5801142841517266,-28.99999951
1.42665,1.42143,49.49778,4640.20354,-0.02588,44.34004,6.917772912511689,2.5770524274705013,-28.99999951
1.47108,1.46481,49.49486,4636.34644,-0.02217,44.27935,6.909109139383368,2.5738249440226113,-28.99999951
1.51552,1.50812,49.49238,4632.49339,-0.01872,44.21873,6.90003446450762,2.5704443888623287,-28.99999951
1.55996,1.55134,49.49031,4628.64468,-0.01553,44.15819,6.890583180705664,2.566923536967857,-28.99999951
1.60442,1.59447,49.48861,4624.80057,-0.01262,44.09772,6.8807900792903,2.5632753490186286,-28.99999951
1.64888,1.63753,49.48724,4620.96132,-0.00999,44.03733,6.870690359290121,2.5595129375789347,-28.99999951
1.69335,1.6805,49.48618,4617.12717,-0.00764,43.97701,6.860319538107818,2.5556495338158,-28.99999951
1.73783,1.7234,49.48538,4613.29832,-0.00559,43.91679,6.849713363950384,2.551698454876917,-28.99999951
1.78232,1.76621,49.48482,4609.47497,-0.00382,43.85665,6.838907730317781,2.547673072035441,-28.99999951
1.82681,1.80894,49.48445,4605.65729,-0.00235,43.79659,6.827938592823349,2.543586779703387,-28.99999951
1.87132,1.85159,49.48424,4601.84545,-0.00118,43.73663,6.816841888589186,2.539452965404301,-28.99999951
1.91583,1.89416,49.48415,4598.03957,-0.0003,43.67675,6.805653458414562,2.535284980778939,-28.99999951
1.96035,1.93665,49.48415,4594.23978,0.00027,43.61697,6.7944089719057335,2.531096113694154,-28.99999951
2.00487,1.97905,49.48421,4590.44618,0.00054,43.55727,6.783143855711879,2.5268995615088974,-28.99999951
2.04941,2.02138,49.48427,4586.65884,0.0005,43.49767,6.7718932249988395,2.5227084055463798,-28.99999951
2.09395,2.06363,49.48431,4582.87782,0.00017,43.43816,6.760691818228269,2.518535586797592,-28.99999951
2.1385,2.1058,49.4843,4579.10316,-0.00047,43.37874,6.749573935346584,2.5143938828950607,-28.99999951
2.18305,2.14788,49.48419,4575.33488,-0.00141,43.31941,6.738573379368718,2.5102958863512588,-28.99999951
2.22761,2.18989,49.48395,4571.57299,-0.00264,43.26016,6.727723401421586,2.5062539840858507,-28.99999951
2.27218,2.23182,49.48355,4567.81745,-0.00417,43.20101,6.717056649206407,2.5022803382265546,-28.99999951
2.31675,2.27367,49.48294,4564.06825,-0.006,43.14194,6.706605118849063,2.4983868681721293,-28.99999951
2.36133,2.31544,49.4821,4560.32531,-0.00811,43.08295,6.696400110097877,2.4945852339023724,-28.99999951
2.40592,2.35714,49.48099,4556.58857,-0.0105,43.02404,6.6864721847849236,2.490886820503861,-28.99999951
2.45052,2.39875,49.47958,4552.85794,-0.01318,42.96522,6.676851128463793,2.487302723879013,-28.99999951
2.49512,2.44029,49.47784,4549.1333,-0.01613,42.90647,6.667565915117838,2.4838437375989777,-28.99999951
2.53972,2.48174,49.47573,4545.41453,-0.01935,42.84779,6.658644674834796,2.4805203408615855,-28.99999951
2.58433,2.52312,49.47322,4541.70149,-0.02284,42.78918,6.650114664287457,2.477342687494617,-28.99999951
2.62895,2.56442,49.47029,4537.99401,-0.02658,42.73063,6.642002239918424,2.4743205959664203,-28.99999951
2.67357,2.60565,49.4669,4534.29193,-0.03057,42.67215,6.634332833646064,2.4714635403357423,-28.99999951
2.7182,2.64679,49.46302,4530.59504,-0.0348,42.61373,6.627130930960989,2.468780642092088,-28.99999951
2.76284,2.68786,49.45863,4526.90314,-0.03927,42.55535,6.620420051242815,2.4662806628231957,-28.99999951
2.80748,2.72885,49.45371,4523.216,-0.04397,42.49703,6.614222730145041,2.4639719976529433,-28.99999951
2.85212,2.76976,49.44821,4519.5334,-0.04888,42.43875,6.608560503858316,2.4618626693789984,-28.99999951
2.89677,2.8106,49.44213,4515.85508,-0.054,42.38051,6.603453895135362,2.459960323266736,-28.99999951
2.94143,2.85136,49.43544,4512.18077,-0.05932,42.3223,6.598922400857152,2.4582722224173126,-28.99999951
2.98609,2.89204,49.42811,4508.5102,-0.06483,42.26412,6.594984481027987,2.456805243668042,-28.99999951
3.03075,2.93265,49.42013,4504.84308,-0.07053,42.20596,6.591657549011219,2.455565873954946,-28.99999951
3.07542,2.97318,49.41147,4501.17911,-0.07639,42.14782,6.58895796287855,2.454560207090141,-28.99999951
3.1201,3.01363,49.40212,4497.51797,-0.08241,42.08969,6.586901017699566,2.4537939408894847,-28.99999951
3.16478,3.054,49.39206,4493.85935,-0.08858,42.03156,6.58550093865547,2.4532723746072618,-28.99999951
3.20946,3.0943,49.38127,4490.20289,-0.09489,41.97343,6.584770874833146,2.4530004066243114,-28.99999951
3.25415,3.13453,49.36974,4486.54827,-0.10132,41.9153,6.584722893579133,2.4529825323447287,-28.99999951
3.29884,3.17467,49.35746,4482.89513,-0.10787,41.85715,6.585367975304898,2.453222842260697,-28.99999951
3.34354,3.21474,49.34442,4479.2431,-0.11453,41.79897,6.586716008627426,2.4537250201422305,-28.99999951
3.38824,3.25474,49.3306,4475.59182,-0.12128,41.74077,6.588775785764361,2.4544923413217377,-28.99999951
3.43295,3.29466,49.31599,4471.9409,-0.1281,41.68254,6.591554998094471,2.4555276710401803,-28.99999951
3.47765,3.3345,49.3006,4468.28997,-0.135,41.62426,6.595060231812856,2.4568334628285284,-28.99999951
3.52237,3.37426,49.28441,4464.63862,-0.14195,41.56593,6.5992969636234315,2.458411756903091,-28.99999951
3.56709,3.41395,49.26742,4460.98647,-0.14894,41.50755,6.6042695564250185,2.4602641785584725,-28.99999951
3.61181,3.45357,49.24962,4457.33311,-0.15596,41.4491,6.6099812549548265,2.462391936544659,-28.99999951
3.65653,3.49311,49.23102,4453.67813,-0.16301,41.39058,6.616434181353137,2.464795821414742,-28.99999951
3.70126,3.53257,49.21161,4450.02112,-0.17006,41.33199,6.623629330682394,2.4674762038556635,-28.99999951
3.74599,3.57195,49.19139,4446.36166,-0.1771,41.27331,6.63156656635251,2.470433032984021,-28.99999951
3.79073,3.61126,49.17038,4442.69935,-0.18412,41.21453,6.640244615514547,2.473665834630095,-28.99999951
3.83547,3.65049,49.14857,4439.03375,-0.19111,41.15566,6.649661064431766,2.4771737096134414,-28.99999951
3.88021,3.68965,49.12596,4435.36446,-0.19806,41.09668,6.6598123538754,2.480955332027695,-28.99999951
3.92496,3.72873,49.10257,4431.69104,-0.20496,41.03759,6.670693774610825,2.4850089475590518,-28.99999951
3.96971,3.76773,49.07841,4428.01307,-0.21178,40.97837,6.682299463044626,2.4893323718646836,-28.99999951
4.01446,3.80666,49.05347,4424.33013,-0.21852,40.91903,6.694622397100174,2.493922989036284,-28.99999951
4.05921,3.84551,49.02779,4420.64181,-0.22517,40.85955,6.707654392450666,2.4987777501967767,-28.99999951
4.10397,3.88428,49.00136,4416.94768,-0.23172,40.79992,6.721386099179632,2.503893172256265,-28.99999951
4.14873,3.92298,48.9742,4413.24733,-0.23815,40.74015,6.735806999023271,2.5092653368847317,-28.99999951
4.1935,3.9616,48.94633,4409.54034,-0.24445,40.68022,6.750905403301875,2.5148898897414367,-28.99999951
4.23827,4.00014,48.91777,4405.8263,-0.25061,40.62012,6.766668451703475,2.520762040021798,-28.99999951
4.28304,4.03861,48.88853,4402.10482,-0.25662,40.55986,6.783082112049425,2.5268765603700594,-28.99999951
4.32781,4.077,48.85863,4398.37549,-0.26247,40.49941,6.8001311812269565,2.5332277872266977,-28.99999951
4.37258,4.11531,48.82809,4394.63791,-0.26814,40.43878,6.817799287432862,2.5398096216642503,-28.99999951
4.41736,4.15354,48.79693,4390.89171,-0.27363,40.37796,6.836068893931207,2.546615530787162,-28.99999951
4.46214,4.19169,48.76519,4387.13651,-0.27893,40.31694,6.854921304491429,2.5536385497576193,-28.99999951
4.50692,4.22977,48.73287,4383.37192,-0.28402,40.25572,6.874336670695148,2.5608712845175345,-28.99999951
4.55171,4.26777,48.70001,4379.5976,-0.2889,40.19429,6.894294001309491,2.5683059152803493,-28.99999951
4.5965,4.30569,48.66663,4375.81319,-0.29356,40.13265,6.914771173922388,2.5759342008654915,-28.99999951
4.64129,4.34353,48.63276,4372.01835,-0.29799,40.07079,6.935744949015691,2.583747483940982,-28.99999951
4.68608,4.38129,48.59842,4368.21275,-0.30217,40.00869,6.95719098669918,2.5917366972572937,-28.99999951
4.73087,4.41897,48.56366,4364.39606,-0.30611,39.94637,6.9790838662685,2.5998923709331954,-28.99999951
4.77566,4.45658,48.52848,4360.56799,-0.3098,39.88381,7.001397108785224,2.6082046408674198,-28.99999951
4.82046,4.4941,48.49293,4356.72824,-0.31322,39.82101,7.024103202856831,2.6166632583423843,-28.99999951
4.86526,4.53155,48.45704,4352.87654,-0.31637,39.75797,7.047173633786169,2.6252576008831334,-28.99999951
4.91006,4.56891,48.42084,4349.01261,-0.31925,39.69467,7.070578916249067,2.633976684430608,-28.99999951
4.95486,4.6062,48.38436,4345.13621,-0.32184,39.63113,7.094288630643909,2.6428091768828175,-28.99999951
4.99966,4.6434,48.34763,4341.2471,-0.32415,39.56732,7.118271463257302,2.6517434130576096,-28.99999951
5.04447,4.68052,48.31069,4337.34508,-0.32617,39.50325,7.142495250340819,2.6607674111124173,-28.99999951
5.08927,4.71756,48.27357,4333.42993,-0.32789,39.43892,7.166927026206532,2.6698688904611068,-28.99999951
5.13408,4.75453,48.2363,4329.50148,-0.32932,39.37433,7.191533075420622,2.679035291217475,-28.99999951
5.17889,4.7914,48.19892,4325.55957,-0.33044,39.30946,7.216278989123242,2.6882537951758767,-28.99999951
5.2237,4.8282,48.16147,4321.60404,-0.33126,39.24433,7.241129725522733,2.697511348346914,-28.99999951
5.26851,4.86492,48.12398,4317.63477,-0.33178,39.17892,7.266049674545326,2.706794685041151,-28.99999951
5.31332,4.90155,48.08648,4313.65167,-0.33198,39.11323,7.291002726613465,2.7160903534908463,-28.99999951
5.35813,4.9381,48.04901,4309.65463,-0.33189,39.04728,7.315952345494846,2.7253847429881426,-28.99999951
5.40294,4.97457,48.0116,4305.64359,-0.33148,38.98104,7.340861645112479,2.734664112498829,-28.99999951
5.44775,5.01095,47.97429,4301.61852,-0.33077,38.91453,7.365693470199585,2.7439146207084155,-28.99999951
5.49257,5.04725,47.93711,4297.57938,-0.32975,38.84774,7.390410480635693,2.7531223574395507,-28.99999951
5.53738,5.08347,47.9001,4293.52618,-0.32843,38.78067,7.414975239255349,2.762273376363071,-28.99999951
5.58219,5.1196,47.86329,4289.45893,-0.32681,38.71333,7.439350302913832,2.7713537289223797,-28.99999951
5.62701,5.15565,47.82671,4285.37768,-0.3249,38.64572,7.463498316528117,2.780349499366179,-28.99999951
5.67182,5.19161,47.7904,4281.28248,-0.32269,38.57783,7.487382109797881,2.789246840779587,-28.99999951
5.71663,5.22749,47.75439,4277.17343,-0.32019,38.50966,7.510964796267459,2.7980320119873303,-28.99999951
5.76144,5.26328,47.7187,4273.05062,-0.31741,38.44123,7.534209874365351,2.80669141519361,-28.99999951
5.80626,5.29899,47.68338,4268.91419,-0.31436,38.37253,7.557081330021064,2.8152116342095783,-28.99999951
5.85107,5.33461,47.64845,4264.76428,-0.31104,38.30357,7.579543740430901,2.8235794731088304,-28.99999951
5.89588,5.37015,47.61394,4260.60107,-0.30745,38.23435,7.601562378515971,2.8317819951407546,-28.99999951
5.94069,5.4056,47.57987,4256.42475,-0.30361,38.16486,7.623103317599624,2.839806561725634,-28.99999951
5.9855,5.44096,47.54628,4252.23553,-0.29952,38.09513,7.644133535808231,2.8476408713466834,-28.99999951
6.0303,5.47624,47.51319,4248.03364,-0.2952,38.02514,7.664621019670043,2.855272998143351,-28.99999951
6.07511,5.51143,47.48063,4243.81934,-0.29065,37.95491,7.684534866403193,2.862691430016292,-28.99999951
6.11991,5.54653,47.44862,4239.5929,-0.28588,37.88444,7.7038453843316885,2.869885106034962,-28.99999951
6.16472,5.58155,47.41717,4235.35461,-0.28091,37.81373,7.722524190909888,2.8768434529543208,-28.99999951
6.20952,5.61648,47.38633,4231.10479,-0.27574,37.74279,7.7405443078009215,2.8835564206340423,-28.99999951
6.25432,5.65132,47.35609,4226.84375,-0.27039,37.67163,7.757880252476544,2.8900145161618678,-28.99999951
6.29912,5.68607,47.32649,4222.57184,-0.26487,37.60025,7.774508125816939,2.8962088364868435,-28.99999951
6.34391,5.72073,47.29754,4218.28943,-0.25918,37.52866,7.7904056951831055,2.902131099365965,-28.99999951
6.38871,5.75531,47.26925,4213.99689,-0.25336,37.45686,7.805552472476064,2.907773672443288,-28.99999951
6.4335,5.78979,47.24164,4209.6946,-0.2474,37.38487,7.819929786722084,2.9131296002898353,-28.99999951
6.47829,5.82419,47.21472,4205.38298,-0.24132,37.31268,7.833520850724242,2.9181926292330553,-28.99999951
6.52307,5.8585,47.18851,4201.06243,-0.23514,37.2403,7.846310821371318,2.922957229823472,-28.99999951
6.56785,5.89272,47.163,4196.73338,-0.22887,37.16775,7.858286853258539,2.9274186168098257,-28.99999951
6.61263,5.92685,47.13822,4192.39628,-0.22253,37.09503,7.869438145241139,2.9315727664814943,-28.99999951
6.65741,5.96089,47.11416,4188.05156,-0.21612,37.02215,7.87975597967524,2.9354164312867597,-28.99999951
6.70218,5.99485,47.09083,4183.69968,-0.20967,36.94911,7.889233754068135,2.9389471516233656,-28.99999951
6.74695,6.02871,47.06823,4179.34111,-0.20319,36.87592,7.897867004984456,2.942163264744198,-28.99999951
6.79172,6.06248,47.04636,4174.9763,-0.19669,36.80259,7.905653424008892,2.9450639107038152,-28.99999951
6.83648,6.09617,47.02523,4170.60573,-0.19019,36.72914,7.912592865730873,2.947649035332954,-28.99999951
6.88124,6.12976,47.00483,4166.22988,-0.18371,36.65555,7.918687347676163,2.9499193902130454,-28.99999951
6.926,6.16326,46.98516,4161.84921,-0.17726,36.58185,7.923941042212172,2.9518765296607308,-28.99999951
6.97075,6.19668,46.9662,4157.46422,-0.17086,36.50805,7.928360260497293,2.9535228047485695,-28.99999951
7.01549,6.23,46.94796,4153.07537,-0.16451,36.43414,7.931953428594282,2.9548613544066407,-28.99999951
7.06023,6.26323,46.93042,4148.68315,-0.15824,36.36014,7.934731055897267,2.955896093660775,-28.99999951
7.10497,6.29637,46.91358,4144.28802,-0.15206,36.28606,7.936705696131467,2.9566316991039265,-28.99999951
7.1497,6.32943,46.89742,4139.89046,-0.14599,36.21189,7.937891901147104,2.9570735916831836,-28.99999951
7.19443,6.36239,46.88193,4135.49093,-0.14004,36.13766,7.938306167844022,2.9572279169277986,-28.99999951
7.23915,6.39526,46.86709,4131.08989,-0.13422,36.06337,7.937966878557075,2.957101522741172,-28.99999951
7.28387,6.42805,46.85289,4126.68779,-0.12854,35.98902,7.93689423530388,2.9567019349064148,-28.99999951
7.32858,6.46074,46.83931,4122.28506,-0.12303,35.91462,7.935110188294258,2.9560373304542287,-28.99999951
7.37329,6.49334,46.82633,4117.88216,-0.11769,35.84018,7.9326383591502365,2.9551165090603413,-28.99999951
7.41799,6.52585,46.81393,4113.47949,-0.11254,35.76571,7.92950395930373,2.9539488626464947,-28.99999951
7.46268,6.55828,46.80209,4109.07747,-0.10758,35.6912,7.925733704066945,2.9525443433694063,-28.99999951
7.50737,6.59061,46.79078,4104.6765,-0.10283,35.61668,7.921355722849626,2.9509134301743356,-28.99999951
7.55205,6.62285,46.77998,4100.27697,-0.09831,35.54214,7.916399466073181,2.9490670941181465,-28.99999951
7.59672,6.655,46.76966,4095.87924,-0.09401,35.46758,7.910895609252042,2.947016762637083,-28.99999951
7.64139,6.68707,46.75981,4091.48368,-0.08996,35.39302,7.904875954796973,2.9447742829659296,-28.99999951
7.68603,6.71907,46.7515,4087.08821,-0.06534,35.39898,7.89712601005289,2.94188722463544,0
7.73062,6.75105,46.74581,4082.6917,-0.04101,35.40496,7.8864477219436475,2.937909281352077,0
7.77516,6.783,46.74272,4078.29583,-0.01703,35.41096,7.87290328847853,2.9328636235108285,0
7.81965,6.81493,46.74216,4073.9023,0.00653,35.417,7.856565485101019,2.9267773618792274,0
7.86408,6.84683,46.74409,4069.51274,0.02961,35.42305,7.83751636854785,2.9196810647507503,0
7.90847,6.8787,46.74845,4065.12878,0.05217,35.42914,7.815846709840204,2.9116085467191164,0
7.9528,6.91055,46.75517,4060.75201,0.07414,35.43525,7.791655381115469,2.9025966402569865,0
7.99708,6.94237,46.76419,4056.38394,0.09547,35.44139,7.765048703614518,2.8926849528240637,0
8.04131,6.97417,46.77542,4052.02607,0.11612,35.44756,7.736139764343226,2.881915612305537,0
8.08549,7.00594,46.7888,4047.67983,0.13602,35.45375,7.705047709028957,2.8703330036197614,0
8.12962,7.03768,46.80422,4043.3466,0.15514,35.45997,7.671897018995652,2.8579834993352047,0
8.1737,7.0694,46.82161,4039.0277,0.17344,35.46621,7.636816779410243,2.844915187072985,0
8.21772,7.10109,46.84087,4034.72439,0.19086,35.47249,7.599939946132729,2.831177596389232,0
8.2617,7.13276,46.8619,4030.43786,0.20738,35.47879,7.5614026180522185,2.816821427701115,0
8.30563,7.1644,46.8846,4026.16922,0.22296,35.48511,7.521343321354677,2.8018982856577486,0
8.3495,7.19602,46.90886,4021.91954,0.23756,35.49147,7.47990231168771,2.7864604191782156,0
8.39333,7.22761,46.93459,4017.6898,0.25116,35.49785,7.4372208995900415,2.7705604701562945,0
8.4371,7.25918,46.96166,4013.4809,0.26373,35.50426,7.393440804008031,2.754251232628353,0
8.48083,7.29072,46.98997,4009.29369,0.27524,35.51069,7.348703538030352,2.7375854239433575,0
8.52451,7.32224,47.0194,4005.12894,0.28568,35.51716,7.303149830382365,2.7206154692542968,0
8.56814,7.35373,47.04984,4000.98732,0.29504,35.52365,7.2569190855056975,2.703393300383633,0
8.61172,7.3852,47.08117,3996.86947,0.30328,35.53017,7.210148884463424,2.685970169897333,0
8.65525,7.41664,47.11327,3992.77593,0.31041,35.53672,7.1629745282523,2.668396480976676,0
8.69873,7.44807,47.14602,3988.70717,0.31641,35.54329,7.115528624523363,2.6507216334607877,0
8.74217,7.47946,47.17931,3984.66359,0.32128,35.5499,7.0679407181188365,2.6329938862119264,0
8.78556,7.51084,47.21302,3980.64552,0.32501,35.55653,7.0203369653613965,2.615260235779662,0
8.8289,7.54219,47.24701,3976.65323,0.32761,35.56319,6.972839851516548,2.5975663111481775,0
8.87219,7.57352,47.28119,3972.68691,0.32907,35.56988,6.925567950434692,2.5799562841966113,0
8.91543,7.60483,47.31542,3968.74668,0.32941,35.5766,6.878635725006572,2.562472795363467,0
8.95863,7.63611,47.3496,3964.83262,0.32862,35.58335,6.8321533667529,2.545156893889522,0
9.00179,7.66737,47.38361,3960.94472,0.32672,35.59013,6.7862266725639095,2.528047991900072,0
9.04489,7.69861,47.41732,3957.08293,0.32372,35.59694,6.740956956439845,2.51118383152594,0
9.08795,7.72983,47.45064,3953.24713,0.31964,35.60378,6.69644099383512,2.4946004641702113,0
9.13097,7.76103,47.48345,3949.43714,0.31448,35.61065,6.65277099616495,2.478332241011281,0
9.17394,7.79221,47.51564,3945.65274,0.30827,35.61754,6.610034612875792,2.46241181377415,0
9.21687,7.82336,47.5471,3941.89365,0.30103,35.62447,6.568314958480841,2.44687014480186,0
9.25975,7.8545,47.57774,3938.15952,0.29278,35.63143,6.527690661919968,2.431736525443362,0
9.30258,7.88561,47.60744,3934.44999,0.28354,35.63842,6.488235935645504,2.4170386017897965,0
9.34537,7.91671,47.63611,3930.76463,0.27334,35.64544,6.450020661868113,2.402802406803351,0
9.38812,7.94778,47.66367,3927.10296,0.26221,35.65249,6.413110493463969,2.3890523979078275,0
9.43083,7.97884,47.69,3923.46447,0.25017,35.65957,6.377566967129947,2.3758114991419417,0
9.47349,8.00987,47.71503,3919.84862,0.23725,35.66668,6.343447626483435,2.3631011470172347,0
9.51611,8.04089,47.73866,3916.25479,0.22349,35.67383,6.310806152919766,2.3509413392659093,0
9.55868,8.07188,47.76083,3912.68237,0.20891,35.681,6.279692502142331,2.339350685701893,0
9.60121,8.10286,47.78144,3909.13069,0.19355,35.68821,6.2501530444313795,2.328346460474654,0
9.6437,8.13382,47.80042,3905.59906,0.17745,35.69545,6.2222307068481255,2.317944655043975,0
9.68615,8.16476,47.8177,3902.08673,0.16063,35.70271,6.195965115678899,2.308160031244141,0
9.72856,8.19568,47.83322,3898.59295,0.14315,35.71002,6.171392737600562,2.299006173871782,0
9.77092,8.22658,47.8469,3895.11694,0.12502,35.71735,6.148547018135372,2.2904955422639426,0
9.81324,8.25747,47.8587,3891.65787,0.1063,35.72471,6.127458516120047,2.282639520391351,0
9.85552,8.28834,47.86854,3888.2149,0.08701,35.73211,6.1081550330275505,2.2754484650341884,0
9.89776,8.31919,47.87639,3884.78716,0.0672,35.73954,6.090661736093628,2.268931751649959,0
9.93996,8.35002,47.8822,3881.37376,0.04691,35.747,6.075001274327078,2.2630978175903707,0
9.98212,8.38083,47.88591,3877.9738,0.02618,35.75449,6.061193886567559,2.2579542023557133,0
10.02424,8.41163,47.8875,3874.58633,0.00505,35.76201,6.049257500876918,2.2535075846207397,0
10.06631,8.44241,47.88693,3871.2104,-0.01643,35.76957,6.039207824628033,2.2497638157951343,0
10.10835,8.47317,47.88416,3867.84503,-0.03824,35.77716,6.031058424760795,2.246727949920973,0
10.15034,8.50392,47.87918,3864.48925,-0.06032,35.78478,6.024820797735565,2.24440426973223,0
10.1923,8.53465,47.87195,3861.14204,-0.08264,35.79243,6.020504428813027,2.2427963087380833,0
10.23421,8.56536,47.86246,3857.80238,-0.10514,35.80011,6.018116840363545,2.241906869219418,0
10.27608,8.59605,47.85071,3854.46923,-0.12779,35.80783,6.017663628949429,2.2417380360429506,0
10.31792,8.62673,47.83667,3851.14155,-0.15054,35.81558,6.019148491043077,2.2422911862419066,0
10.35971,8.65739,47.82035,3847.81826,-0.17336,35.82336,6.022573237249462,2.2435669943142815,0
10.40146,8.68804,47.80175,3844.4983,-0.19619,35.83117,6.027937795020077,2.2455654332338453,0
10.44318,8.71867,47.78086,3841.18058,-0.219,35.83902,6.035240199860888,2.2482857711748827,0
10.48485,8.74928,47.7577,3837.86401,-0.24173,35.84689,6.044476575133463,2.2517265639875763,0
10.52648,8.77987,47.73229,3834.54749,-0.26436,35.8548,6.0556411005941015,2.2558856434780084,0
10.56808,8.81045,47.70463,3831.2299,-0.28682,35.86274,6.068725969879725,2.2607601015705345,0
10.60963,8.84102,47.67476,3827.91013,-0.30909,35.87071,6.083721337234267,2.2663462704619626,0
10.65114,8.87156,47.64269,3824.58706,-0.33111,35.87872,6.100615253804393,2.2726396988900315,0
10.69261,8.90209,47.60846,3821.25957,-0.35285,35.88675,6.119393593950855,2.279635124682454,0
10.73405,8.93261,47.57211,3817.92653,-0.37426,35.89482,6.140039972058024,2.287326443766277,0
10.77544,8.9631,47.53366,3814.58681,-0.39531,35.90291,6.162535650432006,2.295706675857506,0
10.81679,8.99359,47.49317,3811.23929,-0.41594,35.91104,6.186859438951056,2.3047679270782457,0
10.8581,9.02405,47.45067,3807.88284,-0.43611,35.9192,6.212987587233934,2.314501349786574,0
10.89937,9.0545,47.40623,3804.51635,-0.45579,35.92739,6.240893670171551,2.324897099934069,0
10.9406,9.08493,47.3599,3801.13869,-0.47494,35.93561,6.270548467794793,2.3359442923134117,0
10.98179,9.11534,47.31173,3797.74876,-0.49352,35.94386,6.301919840526593,2.3476309540865015,0
11.02294,9.14574,47.26179,3794.34545,-0.51148,35.95214,6.334972600996382,2.3599439770319663,0
11.06405,9.17612,47.21014,3790.92769,-0.52879,35.96045,6.369668383713494,2.3728690689950755,0
11.10511,9.20649,47.15685,3787.49439,-0.54541,35.96879,6.405965513987733,2.386390705057206,0
11.14614,9.23683,47.102,3784.04449,-0.5613,35.97716,6.443818877635355,2.4004920789978845,0
11.18712,9.26716,47.04567,3780.57695,-0.57643,35.98556,6.483179793092942,2.4151550556538512,0
11.22806,9.29748,46.98793,3777.09074,-0.59077,35.99399,6.523995887712804,2.4303601248358326,0
11.26896,9.32777,46.92886,3773.58486,-0.60428,36.00245,6.566210980096143,2.446086357494556,0
11.30982,9.35805,46.86856,3770.05833,-0.61693,36.01094,6.609764970439258,2.4623113648718222,0
11.35063,9.38831,46.80711,3766.5102,-0.62868,36.01945,6.654593740975748,2.479011261412605,0
11.39141,9.41855,46.74461,3762.93954,-0.63952,36.028,6.700629068672466,2.4961606322420034,0
11.43214,9.44877,46.68115,3759.34547,-0.64941,36.03657,6.747798552410581,2.513732506038264,0
11.47282,9.47898,46.61682,3755.72713,-0.65832,36.04517,6.796025556942478,2.5316983341552532,0
11.51346,9.50917,46.55172,3752.08369,-0.66623,36.0538,6.845229175966305,2.550027976866762,0
11.55406,9.53934,46.48597,3748.41439,-0.67312,36.06245,6.895324216645158,2.5686896975994817,0
11.59462,9.56949,46.41965,3744.71848,-0.67897,36.07113,6.946221207902609,2.5876501660233195,0
11.63513,9.59962,46.35288,3740.99528,-0.68375,36.07984,6.997826434775065,2.6068744708485476,0
11.67559,9.62973,46.28576,3737.24415,-0.68746,36.08857,7.050042001034986,2.6263261431546017,0
11.71602,9.65982,46.21839,3733.4645,-0.69008,36.09733,7.102765922160648,2.6459671910237663,0
11.75639,9.6899,46.1509,3729.6558,-0.69159,36.10612,7.155892250607995,2.665758146208233,0
11.79672,9.71995,46.08338,3725.81757,-0.69199,36.11493,7.209311235112087,2.68565812347408,0
11.83701,9.74998,46.01594,3721.9494,-0.69127,36.12377,7.262909515535238,2.705624893187337,0
11.87725,9.78,45.9487,3718.05094,-0.68943,36.13263,7.31657035449838,2.725614967602754,0
11.91744,9.80999,45.88177,3714.12189,-0.68645,36.14152,7.370173906693313,2.7455837011897084,0
11.95758,9.83996,45.81525,3710.16204,-0.68236,36.15043,7.423597526430946,2.76548540520201,0
11.99768,9.86991,45.74925,3706.17124,-0.67714,36.15936,7.476716113550729,2.785273476538272,0
12.03773,9.89984,45.68388,3702.14942,-0.67081,36.16832,7.52940249742481,2.804900540793558,0
12.07774,9.92975,45.61925,3698.09656,-0.66337,36.1773,7.581527858244745,2.824318609199769,0
12.11769,9.95964,45.55547,3694.01274,-0.65484,36.18631,7.632962184359022,2.843479248995907,0
12.1576,9.9895,45.49263,3689.89811,-0.64524,36.19533,7.683574763846354,2.8623337665520507,0
12.19746,10.01935,45.43084,3685.7529,-0.63458,36.20438,7.7332347080021115,2.8808334023818394,0
12.23727,10.04917,45.3702,3681.5774,-0.62288,36.21345,7.781811503884827,2.8989295369805737,0
12.27703,10.07897,45.31081,3677.372,-0.61018,36.22255,7.8291755925127475,2.9165739062186495,0
12.31673,10.10874,45.25275,3673.13716,-0.59649,36.23166,7.8751989688168615,2.933718824839842,0
12.35639,10.13849,45.19612,3668.87341,-0.58185,36.2408,7.919755798911305,2.950317416410779,0
12.396,10.16822,45.141,3664.58139,-0.5663,36.24996,7.962723049852943,2.9663238479229523,0
12.43556,10.19793,45.08749,3660.26177,-0.54986,36.25913,8.003981126608938,2.9816935670798936,0
12.47507,10.22761,45.03565,3655.91533,-0.53259,36.26833,8.043414510607136,2.99638354,0
12.51453,10.25726,44.98556,3651.54292,-0.51452,36.27755,8.080912393989884,3.010352488362764,0
12.55393,10.2869,44.9373,3647.14544,-0.4957,36.28679,8.116369303454386,3.0235611200657266,0
12.59328,10.31651,44.89093,3642.72389,-0.47617,36.29605,8.149685707485506,3.0359723571746664,0
12.63255,10.34613,44.84414,3638.28507,-0.50548,36.43434,8.183508118586504,3.048572095230984,41.999999283557244
12.6717,10.37583,44.79465,3633.83382,-0.53431,36.5734,8.220520073588835,3.0623600223124985,41.999999283557244
12.71073,10.40559,44.7425,3629.36825,-0.5626,36.71328,8.260693594458939,3.0773257158655616,41.999999283557244
12.74964,10.43542,44.68776,3624.88646,-0.5903,36.85404,8.303993770441853,3.0934561707153954,41.999999283557244
12.78844,10.46531,44.63049,3620.38656,-0.61736,36.99571,8.35038154398217,3.1107368368949424,41.999999283557244
12.82711,10.49526,44.57076,3615.86665,-0.64371,37.13836,8.399813413092035,3.1291515087691213,41.999999283557244
12.86566,10.52529,44.50865,3611.32487,-0.6693,37.28203,8.452241119397183,3.1486822088237623,41.999999283557244
12.90409,10.55538,44.44423,3606.75936,-0.69409,37.42678,8.507611324144323,3.1693090669698396,41.999999283557244
12.9424,10.58554,44.3776,3602.16827,-0.71801,37.57265,8.565865274757625,3.1910101963269835,41.999999283557244
12.98058,10.61576,44.30884,3597.5498,-0.74101,37.7197,8.626938464808692,3.213761566553348,41.999999283557244
13.01863,10.64605,44.23806,3592.90215,-0.76305,37.86797,8.690760290603496,3.237536875915213,41.999999283557244
13.05657,10.67641,44.16533,3588.22355,-0.78408,38.01751,8.757253707879745,3.2623074233977203,41.999999283557244
13.09437,10.70683,44.09078,3583.51226,-0.80403,38.16837,8.82633489249021,3.2880419823004785,41.999999283557244
13.13205,10.73732,44.01451,3578.7666,-0.82288,38.32059,8.897912909250685,3.314706676874723,41.999999283557244
13.16959,10.76788,43.93663,3573.9849,-0.84057,38.47422,8.97188939347323,3.3422648636860655,41.999999283557244
13.20701,10.7985,43.85726,3569.16556,-0.85706,38.62929,9.048158250027017,3.3706770195067413,41.999999283557244
13.2443,10.8292,43.77651,3564.30701,-0.87231,38.78586,9.126605375096105,3.399900637663061,41.999999283557244
13.28145,10.85996,43.69451,3559.40776,-0.88627,38.94396,9.207108406040387,3.4298901348520308,41.999999283557244
13.31847,10.89079,43.61138,3554.46636,-0.89891,39.10362,9.289536505067904,3.4605967705535936,41.999999283557244
13.35535,10.92169,43.52726,3549.48143,-0.91019,39.26489,9.37375018254774,3.4919685812100427,41.999999283557244
13.3921,10.95265,43.44228,3544.45167,-0.92009,39.42779,9.459601166020708,3.523950331429046,41.999999283557244
13.42871,10.98369,43.35656,3539.37586,-0.92856,39.59236,9.546932320936019,3.5564834844559785,41.999999283557244
13.46518,11.01479,43.27025,3534.25284,-0.93558,39.75863,9.635577629246676,3.589506194200133,41.999999283557244
13.5015,11.04596,43.18348,3529.08156,-0.94112,39.92663,9.725362231782526,3.6229533210198075,41.999999283557244
13.53769,11.0772,43.0964,3523.86105,-0.94517,40.09637,9.81610254018909,3.6567564734224587,41.999999283557244
13.57373,11.10851,43.00914,3518.59046,-0.94771,40.26788,9.907606423904012,3.690844077718347,41.999999283557244
13.60963,11.13989,42.92186,3513.26903,-0.94871,40.44118,9.999673477166693,3.725141477488659,41.999999283557244
13.64538,11.17134,42.83468,3507.89611,-0.94817,40.61629,10.092095370531911,3.7595710645335707,41.999999283557244
13.68098,11.20286,42.74776,3502.47116,-0.94608,40.7932,10.18465629067164,3.794052442710003,41.999999283557244
13.71643,11.23445,42.66124,3496.99379,-0.94243,40.97194,10.277133471387303,3.8285026257476527,41.999999283557244
13.75173,11.26611,42.57525,3491.4637,-0.93723,41.15251,10.369297817832933,3.862836269788552,41.999999283557244
13.78688,11.29784,42.48995,3485.88075,-0.93048,41.3349,10.460914624870457,3.8969659409933013,41.999999283557244
13.82187,11.32963,42.40548,3480.2449,-0.92218,41.51911,10.551744389223503,3.930802418089743,41.999999283557244
13.85671,11.3615,42.32196,3474.55629,-0.91236,41.70515,10.641543713866728,3.964255029281776,41.999999283557244
13.89139,11.39344,42.23955,3468.81516,-0.90102,41.89299,10.73006630162809,3.997232022392347,41.999999283557244
13.9259,11.42544,42.15836,3463.02192,-0.88819,42.08262,10.817064033536216,4.029640966576215,41.999999283557244
13.96026,11.45752,42.07855,3457.17712,-0.8739,42.27402,10.902288125966452,4.0613891833873055,41.999999283557244
13.99446,11.48966,42.00022,3451.28144,-0.85818,42.46717,10.985490359045889,4.092384204391901,41.999999283557244
14.02849,11.52188,41.92351,3445.33574,-0.84105,42.66204,11.066424367359188,4.122534251990526,41.999999283557244
14.06236,11.55416,41.84854,3439.34098,-0.82257,42.8586,11.144846982457423,4.151748739537808,41.999999283557244
14.09606,11.58651,41.77542,3433.29831,-0.80278,43.05681,11.220519615370069,4.179938786364571,41.999999283557244
14.12959,11.61893,41.70427,3427.209,-0.78173,43.25664,11.293209666018514,4.207017742821457,41.999999283557244
14.16296,11.65142,41.63518,3421.07447,-0.75946,43.45803,11.362691945402315,4.232901720080721,41.999999283557244
14.19615,11.68398,41.56826,3414.89626,-0.73605,43.66095,11.428750095457467,4.257510119070799,41.999999283557244
14.22917,11.7166,41.50361,3408.67607,-0.71155,43.86533,11.49117799089767,4.280766152699061,41.999999283557244
14.26202,11.74929,41.4413,3402.41571,-0.68602,44.07113,11.549781106888936,4.30259735534659,41.999999283557244
14.29469,11.78205,41.38142,3396.11712,-0.65954,44.27828,11.604377836250181,4.322936073560059,41.999999283557244
14.32719,11.81488,41.32405,3389.78235,-0.63219,44.48671,11.65480074007966,4.341719931942987,41.999999283557244
14.35951,11.84777,41.26924,3383.41357,-0.60403,44.69638,11.70089771610655,4.3588922683974385,41.999999283557244
14.39166,11.88072,41.21706,3377.01303,-0.57516,44.9072,11.742533069818489,4.374402533147223,41.999999283557244
14.42363,11.91374,41.16756,3370.58309,-0.54564,45.11911,11.779588474503315,4.388206646378697,41.999999283557244
14.45541,11.94682,41.12078,3364.1262,-0.51558,45.33202,11.811963807635173,4.400267309816596,41.999999283557244
14.48702,11.97997,41.07675,3357.64484,-0.48505,45.54588,11.839577852587595,4.410554268130625,41.999999283557244
14.51845,12.01318,41.03551,3351.14161,-0.45415,45.76059,11.862368856559716,4.419044516777643,41.999999283557244
14.54969,12.04645,40.99707,3344.61912,-0.42296,45.97608,11.880294937460723,4.425722453576845,41.999999283557244
14.58075,12.07978,40.96144,3338.08004,-0.39158,46.19227,11.89333433477037,4.43057997216188,41.999999283557244
14.61163,12.11317,40.92863,3331.52706,-0.3601,46.40908,11.901485501551404,4.43361649625792,41.999999283557244
14.64233,12.14663,40.89862,3324.9629,-0.32862,46.62642,11.904767037073249,4.434838954582204,41.999999283557244
14.67285,12.18014,40.87141,3318.39027,-0.29722,46.84422,11.903217461885164,4.434261697052865,41.999999283557244
14.70318,12.21371,40.84697,3311.8119,-0.266,47.06239,11.896894839275536,4.431906353772566,41.999999283557244
14.73332,12.24734,40.82528,3305.23049,-0.23506,47.28085,11.885876249281392,4.427801639083195,41.999999283557244
14.76329,12.28102,40.80628,3298.64871,-0.20447,47.49953,11.870257123387969,4.421983103723961,41.999999283557244
14.79307,12.31476,40.78994,3292.06922,-0.17434,47.71834,11.850150449792482,4.41449283877122,41.999999283557244
14.82266,12.34855,40.77621,3285.49461,-0.14475,47.93721,11.82568586075723,4.40537913565351,41.999999283557244
14.85207,12.3824,40.76502,3278.92741,-0.11578,48.15606,11.797008614849123,4.394696107008988,41.999999283557244
14.8813,12.4163,40.75631,3272.37012,-0.08751,48.37481,11.764278487950689,4.382503273557854,41.999999283557244
14.91035,12.45025,40.75,3265.82513,-0.06004,48.59341,11.727668587677547,4.368865122441658,41.999999283557244
14.93921,12.48425,40.74602,3259.29477,-0.03342,48.81177,11.68736410636198,4.353850642676882,41.999999283557244
14.96789,12.5183,40.74427,3252.78129,-0.00774,49.02983,11.643561027914833,4.337532843426963,41.999999283557244
14.99638,12.5524,40.74467,3246.28682,0.01693,49.24753,11.596464803884162,4.319988260799305,41.999999283557244
15.0247,12.58655,40.74711,3239.81341,0.04053,49.46481,11.546289013619345,4.301296458721164,41.999999283557244
15.05283,12.62075,40.75151,3233.363,0.06299,49.68161,11.493254022979748,4.281539529273327,41.999999283557244
15.08078,12.65499,40.75774,3226.93742,0.08426,49.89789,11.437585655190997,4.260801597549108,41.999999283557244
15.10855,12.68928,40.76571,3220.53838,0.10429,50.11359,11.379513886545906,4.2391683357686185,41.999999283557244
15.13615,12.72361,40.77529,3214.1675,0.12302,50.32866,11.319271578544187,4.216726490967459,41.999999283557244
15.16356,12.75799,40.78637,3207.82624,0.14041,50.54308,11.25709325683824,4.1935634301218885,41.999999283557244
15.1908,12.7924,40.79883,3201.51597,0.15642,50.75678,11.193213946091321,4.1697667061028385,41.999999283557244
15.21786,12.82686,40.81255,3195.23794,0.17101,50.96976,11.12786806849916,4.145423647346242,41.999999283557244
15.24474,12.86136,40.8274,3188.99326,0.18414,51.18197,11.061288412332662,4.120620973608036,41.999999283557244
15.27145,12.8959,40.84325,3182.78293,0.19581,51.39339,10.993705175572378,4.095444439692851,41.999999283557244
15.29798,12.93048,40.85999,3176.60782,0.20597,51.604,10.925345088292328,4.069978508518885,41.999999283557244
15.32434,12.96509,40.87747,3170.46868,0.21461,51.81377,10.856430616290435,4.044306054449293,41.999999283557244
15.35052,12.99974,40.89557,3164.36616,0.22173,52.02271,10.787179247146591,4.018508097330026,41.999999283557244
15.37654,13.03443,40.91416,3158.30077,0.2273,52.23079,10.717802858871561,3.9926635672949415,41.999999283557244
15.40238,13.06915,40.93312,3152.27292,0.23133,52.43801,10.64850717026481,3.9668491000096275,41.999999283557244
15.42805,13.10391,40.9523,3146.28289,0.2338,52.64437,10.579491271186352,3.941138861685307,41.999999283557244
15.45355,13.1387,40.97159,3140.33087,0.23474,52.84987,10.510947230166993,3.915604402903335,41.999999283557244
15.47889,13.17353,40.99086,3134.41694,0.23413,53.05451,10.443059776095795,3.8903145400353942,41.999999283557244
15.50406,13.20838,41.00997,3128.54107,0.232,53.2583,10.376006050156409,3.865335262833262,41.999999283557244
15.52906,13.24327,41.02882,3122.70313,0.22835,53.46125,10.309955423734491,3.8407296665945223,41.999999283557244
15.5539,13.27819,41.04727,3116.90289,0.22321,53.66339,10.24506937762996,3.816557907165962,41.999999283557244
15.57857,13.31314,41.06521,3111.14004,0.21659,53.86471,10.18150143769377,3.7928771769665683,41.999999283557244
15.60308,13.34811,41.08251,3105.41418,0.20852,54.06525,10.119397161814108,3.769741700139551,41.999999283557244
15.62742,13.38312,41.09907,3099.72481,0.19903,54.26503,10.058894173082871,3.7472027449077228,41.999999283557244
15.65161,13.41815,41.11478,3094.07135,0.18815,54.46407,10.000122234009881,3.725308651220249,41.999999283557244
15.67563,13.45321,41.12952,3088.45316,0.1759,54.6624,9.94320335663144,3.7041048717709826,41.999999283557244
15.69949,13.48829,41.14319,3082.86951,0.16233,54.86005,9.888251943537345,3.6836340245347357,41.999999283557244
15.72319,13.52341,41.15569,3077.31959,0.14748,55.05706,9.83537495495293,3.6639359550097397,41.999999283557244
15.74674,13.55854,41.16692,3071.80255,0.13138,55.25346,9.784672097220774,3.6450478064320344,41.999999283557244
15.77013,13.59371,41.17679,3066.31745,0.11407,55.44928,9.736236028229632,3.627004096303158,41.999999283557244
15.79336,13.62889,41.18521,3060.86331,0.09561,55.64457,9.690152575638018,3.6098367976841708,41.999999283557244
15.81643,13.6641,41.19208,3055.43906,0.07604,55.83937,9.646500963914084,3.5935754237739754,41.999999283557244
15.83935,13.69933,41.19734,3050.04362,0.0554,56.03372,9.605354046595394,3.578247114432212,41.999999283557244
15.86211,13.73458,41.20091,3044.67582,0.03375,56.22767,9.566778540342352,3.5638767233702966,41.999999283557244
15.88472,13.76986,41.2027,3039.33446,0.01115,56.42125,9.530835257730146,3.5504869048725682,41.999999283557244
15.90717,13.80516,41.20266,3034.01829,-0.01237,56.61452,9.497579335952437,3.538098198994408,41.999999283557244
15.92947,13.84047,41.20072,3028.72601,-0.03673,56.80753,9.467060458888092,3.5267291142879555,41.999999283557244
15.95162,13.87581,41.19681,3023.4563,-0.06189,57.00033,9.439323070275691,3.516396207215218,41.999999283557244
15.97361,13.91117,41.1909,3018.20778,-0.08779,57.19296,9.41440657596192,3.507114157490917,41.999999283557244
15.99546,13.94654,41.18292,3012.97906,-0.11437,57.38549,9.392345533475218,3.498895838703658,41.999999283557244
16.01715,13.98194,41.17284,3007.76868,-0.14158,57.57795,9.373169827357325,3.4917523836315487,41.999999283557244
16.03868,14.01735,41.16062,3002.57517,-0.16934,57.77042,9.356904828996036,3.485693243784106,41.999999283557244
16.06007,14.05278,41.14621,2997.39705,-0.1976,57.96293,9.343571539802008,3.4807262427393786,41.999999283557244
16.08131,14.08823,41.1296,2992.23279,-0.2263,58.15555,9.333186716890616,3.476857622963749,41.999999283557244
16.10239,14.1237,41.11075,2987.08084,-0.25538,58.34834,9.325762980539087,3.4740920858425453,41.999999283557244
16.12333,14.15918,41.08965,2981.93962,-0.28477,58.54134,9.321308902911143,3.472432824732301,41.999999283557244
16.14411,14.19467,41.06628,2976.80756,-0.31441,58.73462,9.31982907772176,3.4718815509127112,41.999999283557244
16.16474,14.23019,41.04064,2971.68304,-0.34424,58.92824,9.321324170648419,3.472438512366154,41.999999283557244
16.18522,14.26571,41.01272,2966.56445,-0.37419,59.12225,9.325790950508269,3.474102505,41.999999283557244
16.20555,14.30125,40.98252,2961.45014,-0.4042,59.31671,9.333222301340774,3.4768708791077163,41.999999283557244
16.22573,14.33681,40.95005,2956.33847,-0.43421,59.51168,9.34360721571289,3.4807395329548707,41.999999283557244
16.24576,14.37238,40.91531,2951.22779,-0.46416,59.70722,9.356930769721085,3.4857029073867283,41.999999283557244
16.26564,14.40796,40.87833,2946.11643,-0.49397,59.90339,9.37317408029529,3.491753967962843,41.999999283557244
16.28536,14.44356,40.83912,2941.00273,-0.52358,60.10024,9.392314245614498,3.4988841831523065,41.999999283557244
16.30494,14.47916,40.79771,2935.88502,-0.55294,60.29784,9.414324269555939,3.507083496189077,41.999999283557244
16.32436,14.51478,40.75413,2930.76163,-0.58198,60.49624,9.439172971284243,3.516340291391561,41.999999283557244
16.34363,14.55041,40.70842,2925.63089,-0.61064,60.6955,9.466824881246636,3.526641355418092,41.999999283557244
16.36274,14.58605,40.66061,2920.49115,-0.63885,60.89568,9.49724012502078,3.537971833997187,41.999999283557244
16.38171,14.6217,40.61075,2915.34075,-0.66655,61.09684,9.530374296610686,3.550315184726951,41.999999283557244
16.40052,14.65736,40.55888,2910.17805,-0.69369,61.29903,9.566178322986131,3.563653126612436,41.999999283557244
16.41917,14.69303,40.50506,2905.00142,-0.7202,61.50232,9.60459832182525,3.5779655870710174,41.999999283557244
16.43767,14.72871,40.44936,2899.80926,-0.74603,61.70675,9.645575454602485,3.5932306472037894,41.999999283557244
16.45602,14.7644,40.39182,2894.59996,-0.77112,61.91238,9.689045777354226,3.609424486201841,41.999999283557244
16.47421,14.80009,40.33251,2889.37196,-0.7954,62.11926,9.73494009161366,3.6265213258155646,41.999999283557244
16.49224,14.83579,40.27151,2884.12372,-0.81883,62.32746,9.783183798200357,3.644493375887425,41.999999283557244
16.51011,14.8715,40.20889,2878.85372,-0.84136,62.53701,9.83369675671809,3.663310782011209,41.999999283557244
16.52783,14.90722,40.14472,2873.56048,-0.86293,62.74797,9.886393153763745,3.6829415764363675,41.999999283557244
16.54539,14.94294,40.07908,2868.24256,-0.88349,62.96039,9.941181382990333,3.7033516333883423,41.999999283557244
16.56279,14.97866,40.01207,2862.89855,-0.90299,63.17432,9.997963940325212,3.724504630034586,41.999999283557244
16.58008,15.01436,39.94665,2857.51806,-0.84405,63.18816,10.052480028004409,3.744813307099682,0
16.59734,15.05,39.88582,2852.09379,-0.78363,63.20199,10.100403425388542,3.7626660335657456,0
16.61456,15.08558,39.82966,2846.62913,-0.72193,63.21582,10.141528154142728,3.7779860770834155,0
16.63173,15.1211,39.77824,2841.12762,-0.65914,63.22963,10.175690671691065,3.790712513740105,0
16.64886,15.15655,39.73162,2835.59295,-0.59549,63.24343,10.202764718998928,3.8007983087233432,0
16.66596,15.19195,39.68984,2830.0289,-0.53117,63.25722,10.22266255297739,3.8082107754238406,0
16.68301,15.22729,39.65292,2824.43936,-0.4664,63.271,10.23533574893639,3.8129318743704217,0
16.70002,15.26256,39.62086,2818.82829,-0.40141,63.28478,10.240775559482337,3.814958346928817,0
16.71698,15.29777,39.59367,2813.19968,-0.33641,63.29854,10.239012825256372,3.8143016820493156,0
16.73391,15.33292,39.5713,2807.55758,-0.27162,63.31229,10.230117441997145,3.8109879177336334,0
16.75079,15.368,39.55372,2801.90601,-0.20726,63.32603,10.214197397268746,3.805057282190719,0
16.76764,15.40302,39.54087,2796.24901,-0.14353,63.33976,10.19139739863706,3.7965636827963474,0
16.78444,15.43798,39.53268,2790.59054,-0.08066,63.35348,10.161897122698635,3.785574053810308,0
16.80119,15.47288,39.52905,2784.93455,-0.01884,63.36718,10.125909121162778,3.772167576336893,0
16.81791,15.50771,39.52989,2779.28489,0.04172,63.38088,10.083676425767413,3.7564347860930267,0
16.83458,15.54248,39.53508,2773.64531,0.10083,63.39457,10.035469898206637,3.7384765861865605,0
16.85122,15.57718,39.54449,2768.01946,0.1583,63.40824,9.981585374337152,3.7184031832580255,0
16.86781,15.61182,39.55798,2762.41087,0.21396,63.42191,9.922340653588636,3.6963329659567847,0
16.88436,15.6464,39.57539,2756.82292,0.26765,63.43556,9.858072384971845,3.6723913448971106,0
16.90086,15.68092,39.59656,2751.25884,0.31919,63.44921,9.789132900214163,3.6467095729178625,0
16.91733,15.71537,39.62131,2745.72171,0.36844,63.46284,9.71588704254264,3.6194235637207166,0
16.93375,15.74976,39.64946,2740.21442,0.41527,63.47646,9.638709036683556,3.59067272586266,0
16.95014,15.78409,39.68082,2734.7397,0.45956,63.49008,9.557979441809113,3.5605988276484504,0
16.96648,15.81835,39.7152,2729.30009,0.50117,63.50368,9.474082224680735,3.529344906799492,0
16.98279,15.85256,39.75237,2723.89793,0.54002,63.51728,9.387401985269447,3.497054236924426,0
16.99905,15.8867,39.79214,2718.5354,0.57601,63.53087,9.29832136188736,3.463869360862335,0
17.01527,15.92078,39.83429,2713.21447,0.60905,63.54445,9.207218637456572,3.429931198954922,0
17.03146,15.95481,39.87859,2707.93692,0.63909,63.55802,9.114465563187228,3.3953782383093296,0
17.0476,15.98877,39.92483,2702.70433,0.66607,63.57159,9.020425410762186,3.360345807185675,0
17.06371,16.02268,39.97277,2697.51812,0.68993,63.58514,8.9254512592085,3.3249654368116035,0
17.07977,16.05652,40.0222,2692.3795,0.71065,63.59869,8.82988451811623,3.289364311242442,0
17.0958,16.09031,40.07288,2687.28952,0.72819,63.61224,8.734053684773446,3.253664804361277,0
17.11179,16.12404,40.12458,2682.24904,0.74255,63.62578,8.638273329273176,3.2179841018046007,0
17.12775,16.15772,40.17708,2677.25877,0.75372,63.63931,8.542843298519017,3.1824339044334504,0
17.14366,16.19134,40.23016,2672.31922,0.76171,63.65284,8.448048127615413,3.1471202090607995,0
17.15954,16.2249,40.28359,2667.43078,0.76653,63.66636,8.354156645076692,3.1121431613815402,0
17.17538,16.25841,40.33714,2662.59368,0.7682,63.67988,8.261421756860436,3.0775969755192256,0
17.19119,16.29186,40.39061,2657.80799,0.76676,63.6934,8.17008039314802,3.0435699142004284,0
17.20696,16.32527,40.44377,2653.07365,0.76224,63.70691,8.080353601246038,3.01014432336296,0
17.22269,16.35862,40.49642,2648.3905,0.7547,63.72042,7.99244676773829,2.9773967149133305,0
17.23839,16.39191,40.54836,2643.75821,0.74418,63.73392,7.906549953145448,2.9453978913962833,0
17.25406,16.42516,40.59937,2639.17635,0.73074,63.74743,7.822838322713319,2.9142131064747585,0
17.26968,16.45835,40.64927,2634.64441,0.71446,63.76093,7.741472657613366,2.8839022553655314,0
17.28528,16.4915,40.69786,2630.16173,0.69539,63.77443,7.662599931570604,2.854520089648282,0
17.30084,16.52459,40.74497,2625.72758,0.67362,63.78793,7.586353938927927,2.82611645123608,0
17.31637,16.55764,40.79041,2621.34114,0.64923,63.80143,7.512855961150499,2.798736520665805,0
17.33186,16.59063,40.83402,2617.00149,0.6223,63.81493,7.442215459841571,2.772421075264778,0
17.34733,16.62358,40.87563,2612.70764,0.59292,63.82843,7.374530785495075,2.747206753179745,0
17.36275,16.65649,40.91508,2608.45853,0.56118,63.84193,7.309889892288294,2.7231263196559574,0
17.37815,16.68934,40.95222,2604.25301,0.52719,63.85543,7.248371050304072,2.7002089323586844,0
17.39352,16.72215,40.98692,2600.08988,0.49103,63.86894,7.190043547639843,2.678480402927301,0
17.40885,16.75492,41.01903,2595.96789,0.45282,63.88244,7.134968375837441,2.6579634523159217,0
17.42415,16.78763,41.04843,2591.8857,0.41264,63.89594,7.083198892998652,2.6386779578214004,0
17.43942,16.82031,41.07499,2587.84193,0.37062,63.90945,7.034781459815554,2.6206411900213586,0
17.45466,16.85294,41.09861,2583.83517,0.32686,63.92296,6.989756044520334,2.603868038133913,0
17.46987,16.88552,41.11918,2579.86392,0.28146,63.93647,6.948156793457984,2.588371222571018,0
17.48504,16.91807,41.1366,2575.92667,0.23455,63.94999,6.910012564641236,2.5741614937017165,0
17.50019,16.95056,41.15078,2572.02186,0.18623,63.9635,6.875347422154397,2.5612478160305767,0
17.51531,16.98302,41.16165,2568.14787,0.13661,63.97702,6.844181089805551,2.5496375371950735,0
17.53039,17.01544,41.16913,2564.30305,0.08581,63.99055,6.816529362799882,2.5393365413247366,0
17.54545,17.04781,41.17315,2560.48574,0.03396,64.00407,6.7924044765866025,2.530349386446331,0
17.56048,17.08014,41.17366,2556.6942,-0.01885,64.0176,6.7718154323196815,2.522679425726545,0
17.57548,17.11243,41.17061,2552.92668,-0.07248,64.03114,6.754768278610644,2.51632891243232,0
17.59044,17.14468,41.16396,2549.18141,-0.12682,64.04467,6.741266349477713,2.511299088573167,0
17.60538,17.17688,41.15368,2545.45655,-0.18175,64.05821,6.731310458531245,2.5075902572403512,0
17.62029,17.20905,41.13973,2541.75028,-0.23716,64.07176,6.724899049597199,2.505201838718097,0
17.63518,17.24118,41.12211,2538.0607,-0.29292,64.08531,6.722028304078238,2.504132410478424,0
17.65003,17.27326,41.1008,2534.38593,-0.34891,64.09886,6.7226922054355915,2.5043797312023344,0
17.66485,17.30531,41.07581,2530.72403,-0.40501,64.11242,6.72688256128027,2.5059407490093752,0
17.67965,17.33731,41.04714,2527.07304,-0.46111,64.12598,6.7345889836042545,2.5088115940932334,0
17.69441,17.36928,41.01481,2523.431,-0.51707,64.13954,6.745798827796104,2.5129875560034494,0
17.70915,17.40121,40.97883,2519.79589,-0.57279,64.15311,6.760497091127969,2.5184630458291526,0
17.72386,17.43309,40.93925,2516.16569,-0.62815,64.16668,6.778666271512427,2.525231543582271,0
17.73854,17.46494,40.89609,2512.53837,-0.68302,64.18026,6.800286187452645,2.5332855311242266,0
17.75319,17.49675,40.84941,2508.91187,-0.73728,64.19384,6.825333760204889,2.5426164110157403,0
17.76782,17.52851,40.79926,2505.2841,-0.79081,64.20742,6.853782759358962,2.55321441173885,0
17.78242,17.56024,40.7457,2501.65298,-0.8435,64.22101,6.8856035132205875,2.5650684798067287,0
17.79698,17.59193,40.6888,2498.01639,-0.89524,64.2346,6.920762585607261,2.578166159361635,0
17.81152,17.62357,40.62864,2494.37224,-0.94589,64.24819,6.959222420926342,2.5924934599571636,0
17.82603,17.65518,40.5653,2490.7184,-0.99535,64.26178,7.000940959714436,2.6080347133365462,0
17.84051,17.68674,40.49887,2487.05274,-1.04351,64.27538,7.045871227160457,2.624772420146675,0
17.85497,17.71827,40.42945,2483.37313,-1.09024,64.28898,7.093960897517001,2.6426870876698665,0
17.86939,17.74976,40.35715,2479.67746,-1.13544,64.30258,7.1451518377659715,2.661757059827308,0
17.88379,17.7812,40.28208,2475.96361,-1.17899,64.31619,7.1993796343538525,2.681958340875495,0
17.89816,17.8126,40.20436,2472.22946,-1.2208,64.32979,7.256573107343537,2.7032644144149947,0
17.91249,17.84396,40.12411,2468.47293,-1.26075,64.3434,7.316653816887208,2.72564605953862,0
17.9268,17.87528,40.04147,2464.69194,-1.29873,64.35701,7.37953556751091,2.749071166164384,0
17.94108,17.90656,39.95657,2460.88445,-1.33466,64.37062,7.445123916303027,2.7735045518227657,0
17.95534,17.93779,39.86956,2457.04842,-1.36842,64.38423,7.513315691724173,2.7989077824007387,0
17.96956,17.96899,39.78059,2453.18189,-1.39994,64.39784,7.583998530377819,2.8252389995766354,0
17.98375,18.00013,39.68981,2449.2829,-1.4291,64.41145,7.6570504396832595,2.852452757904327,0
17.99791,18.03124,39.59739,2445.34957,-1.45584,64.42505,7.732339394971306,2.8804998747207606,0
18.01205,18.0623,39.50348,2441.38006,-1.48007,64.43866,7.809722980049378,2.9093272962470063,0
18.02615,18.09332,39.40827,2437.37259,-1.5017,64.45227,7.889048080725634,2.9388779834179246,0
18.04022,18.12429,39.31191,2433.32545,-1.52067,64.46587,7.970150641142123,2.9690908211098606,0
18.05426,18.15521,39.2146,2429.23703,-1.53691,64.47947,8.052855493023124,2.9999005545311532,0
18.06828,18.18609,39.11651,2425.10576,-1.55036,64.49307,8.13697626801585,3.031237756566741,0
18.08226,18.21692,39.01783,2420.9302,-1.56096,64.50666,8.222315403228244,3.063028829841144,0
18.09621,18.24771,38.91873,2416.709,-1.56867,64.52026,8.308664249813067,3.095196047168881,0
18.11012,18.27845,38.81942,2412.44092,-1.57345,64.53384,8.395803293963786,3.127657633881263,0
18.12401,18.30914,38.72007,2408.12483,-1.57526,64.54742,8.483502498926796,3.1603278952349427,0
18.13787,18.33978,38.62088,2403.75973,-1.57409,64.561,8.571521775713132,3.193117391764407,0
18.15169,18.37037,38.52204,2399.34474,-1.5699,64.57457,8.659611588901909,3.225933164959705,0
18.16548,18.40091,38.42374,2394.87913,-1.5627,64.58813,8.747513702440482,3.258679015096627,0
18.17924,18.4314,38.32617,2390.36233,-1.55249,64.60169,8.834962068570725,3.2912558323851333,0
18.19297,18.46184,38.22952,2385.79388,-1.53928,64.61524,8.921683860957863,3.323561981837028,0
18.20666,18.49223,38.13397,2381.17353,-1.5231,64.62878,9.007400650845058,3.355493741414486,0
18.22032,18.52256,38.03971,2376.50114,-1.50396,64.64232,9.09182972257613,3.386945792096883,0
18.23395,18.55284,37.94691,2371.77679,-1.48191,64.65584,9.1746855221862,3.4178117575189293,0
18.24754,18.58307,37.85575,2367.00069,-1.45701,64.66936,9.255681230020283,3.4479847898124576,0
18.2611,18.61324,37.76641,2362.17325,-1.42932,64.68286,9.334530445531056,3.4773581972379417,0
18.27462,18.64336,37.67904,2357.29504,-1.39891,64.69636,9.410948969598069,3.5058261081452837,0
18.28812,18.67342,37.59381,2352.36683,-1.36586,64.70984,9.484656667060761,3.5332841648163757,0
18.30157,18.70342,37.51088,2347.38954,-1.33027,64.72331,9.555379389553378,3.5596302397716966,0
18.31499,18.73337,37.43037,2342.36428,-1.29224,64.73677,9.622850936528604,3.584765166303213,0
18.32838,18.76326,37.35245,2337.29234,-1.25189,64.75022,9.6868150303583,3.6085934742513737,0
18.34173,18.79309,37.27722,2332.17516,-1.20933,64.76366,9.747027279862237,3.6310241214712224,0
18.35504,18.82286,37.20482,2327.01437,-1.16471,64.77708,9.803257105551012,3.6519712110360474,0
18.36832,18.85257,37.13536,2321.81175,-1.11816,64.79049,9.855289599347513,3.671354684032551,0
18.38156,18.88222,37.06893,2316.56922,-1.06983,64.80388,9.902927291552265,3.6891009778019397,0
18.39477,18.91181,37.00563,2311.28887,-1.01989,64.81726,9.945991798492795,3.705143639732659,0
18.40794,18.94133,36.94553,2305.97289,-0.9685,64.83063,9.984325325497496,3.719423887157708,0
18.42107,18.9708,36.88872,2300.62362,-0.91582,64.84398,10.017792001740368,3.7318911046194256,0
18.43417,19.0002,36.83524,2295.24351,-0.86205,64.85732,10.046279025876457,3.742503270648834,0
18.44723,19.02954,36.78513,2289.83512,-0.80735,64.87064,10.06969760431363,3.751227307296564,0
18.46025,19.05882,36.73845,2284.40108,-0.75192,64.88394,10.087983667400827,3.7580393469318207,0
18.47324,19.08803,36.6952,2278.94411,-0.69595,64.89723,10.10109835249197,3.7629249121964046,0
18.48618,19.11718,36.65541,2273.46699,-0.63963,64.9105,10.109028246914074,3.7658790065167183,0
18.49909,19.14626,36.61906,2267.97255,-0.58315,64.92375,10.111785387998832,3.766906114115538,0
18.51197,19.17528,36.58615,2262.46366,-0.52671,64.93699,10.109407021575478,3.766020110044252,0
18.5248,19.20424,36.55666,2256.9432,-0.4705,64.95021,10.101955124472129,3.7632440823020414,0
18.5376,19.23313,36.53054,2251.41406,-0.41471,64.96341,10.08951570055114,3.758610069590531,0
18.55036,19.26195,36.50775,2245.87915,-0.35953,64.9766,10.072197863464204,3.752158719615931,0
18.56309,19.29071,36.48824,2240.34131,-0.30515,64.98977,10.05013272271127,3.7439388741166684,0
18.57577,19.31941,36.47193,2234.8034,-0.25175,65.00293,10.023472092378285,3.7340070878342297,0
18.58842,19.34803,36.45876,2229.2682,-0.19951,65.01606,9.9923870443724,3.7224270895552,0
18.60103,19.3766,36.44862,2223.73845,-0.1486,65.02918,9.957066329747057,3.7092691940133258,0
18.6136,19.40509,36.44142,2218.21682,-0.09918,65.04229,9.917714692999887,3.694609673921127,0
18.62614,19.43352,36.43706,2212.7059,-0.05142,65.05537,9.874551104848404,3.678530101632344,0
18.63864,19.46189,36.43542,2207.2082,-0.00546,65.06844,9.82780693916821,3.6611166700034516,0
18.6511,19.49019,36.43639,2201.72613,0.03855,65.08149,9.777724119286065,3.642459501839053,0
18.66352,19.51842,36.43982,2196.262,0.08047,65.09453,9.724553257993481,3.622651956998007,0
18.67591,19.54659,36.44559,2190.818,0.12019,65.10755,9.66855181421615,3.601789945704285,0
18.68826,19.5747,36.45356,2185.39622,0.15759,65.12056,9.609982287661838,3.5799712560058135,0
18.70057,19.60274,36.46358,2179.99862,0.19255,65.13355,9.549110470666879,3.5572949025412934,0
18.71285,19.63071,36.47549,2174.62706,0.22499,65.14652,9.486203774319497,3.533860502977097,0
18.72509,19.65863,36.48914,2169.28324,0.25482,65.15948,9.42152964345814,3.509767687552444,0
18.7373,19.68647,36.50438,2163.96875,0.28196,65.17243,9.355354072756736,3.4851155462821146,0
18.74947,19.71426,36.52104,2158.68504,0.30634,65.18536,9.287940233539684,3.4600021174089,0
18.7616,19.74198,36.53895,2153.43346,0.32791,65.19827,9.219547218556572,3.434523919799164,0
18.7737,19.76964,36.55795,2148.21518,0.34662,65.21117,9.150428909576902,3.4087755310920755,0
18.78576,19.79724,36.57788,2143.03129,0.36243,65.22406,9.08083297041969,3.382849212576647,0
18.79779,19.82477,36.59857,2137.88271,0.37532,65.23694,9.010999965986972,3.35683458100853,0
18.80978,19.85225,36.61984,2132.77027,0.38527,65.2498,8.941162605979285,3.3308183268741343,0
18.82174,19.87966,36.64153,2127.69464,0.39227,65.26265,8.871545110362353,3.3048839780102757,0
18.83367,19.90701,36.66348,2122.6564,0.39632,65.27549,8.80236269216656,3.279111706933367,0
18.84556,19.93431,36.68553,2117.656,0.39743,65.28832,8.733821152061232,3.2535781798076737,0
18.85741,19.96154,36.7075,2112.69376,0.39562,65.30113,8.666116578093852,3.2283564445902715,0
18.86924,19.98871,36.72924,2107.76991,0.39091,65.31394,8.599435143295189,3.2035158556336265,0
18.88103,20.01583,36.75059,2102.88455,0.38334,65.32673,8.533952993233909,3.1791220317967377,0
18.89278,20.04289,36.77139,2098.03769,0.37295,65.33951,8.469836215272085,3.1552368449919985,0
18.90451,20.06989,36.79151,2093.22924,0.35978,65.35229,8.40724088104637,3.1319184360105536,0
18.9162,20.09683,36.81078,2088.459,0.34389,65.36505,8.346313153666502,3.1092212544565645,0
18.92786,20.12372,36.82906,2083.72668,0.32534,65.3778,8.287189451195864,3.087196119648015,0
18.93949,20.15055,36.84623,2079.03192,0.3042,65.39055,8.22999665820404,3.0658902994256105,0
18.95108,20.17732,36.86213,2074.37424,0.28054,65.40329,8.174852377402585,3.0453476038937173,0
18.96265,20.20404,36.87666,2069.7531,0.25443,65.41602,8.121865213821502,3.025608491283583,0
18.97418,20.2307,36.88967,2065.16789,0.22596,65.42874,8.071135084336918,3.0067101832605347,0
18.98568,20.25731,36.90105,2060.61789,0.19522,65.44145,8.022753545866493,2.9886867871854106,0
18.99716,20.28387,36.91069,2056.10234,0.1623,65.45415,7.976804135998335,2.9715694230077854,0
19.0086,20.31037,36.91849,2051.62041,0.1273,65.46685,7.933362720371341,2.9553863526742936,0
19.02001,20.33682,36.92434,2047.17118,0.0903,65.47955,7.892497841569884,2.940163110101078,0
19.03139,20.36322,36.92814,2042.7537,0.05142,65.49223,7.854271064879832,2.9259226299770065,0
19.04274,20.38956,36.92981,2038.36694,0.01076,65.50491,7.818737316672436,2.9126853738205667,0
19.05406,20.41586,36.92926,2034.00981,-0.03156,65.51758,7.785945211711788,2.9004694519105154,0
19.06535,20.4421,36.92642,2029.68119,-0.07545,65.53025,7.755937366114175,2.8892907398714684,0
19.07661,20.46829,36.92122,2025.37989,-0.12078,65.54291,7.728750693118831,2.879162988856285,0
19.08784,20.49443,36.91359,2021.10468,-0.16743,65.55556,7.704416679271239,2.8700979284316195,0
19.09904,20.52051,36.90348,2016.85428,-0.2153,65.56821,7.682961638943807,2.862105361393565,0
19.11022,20.54655,36.89084,2012.62736,-0.26426,65.58086,7.664406945533287,2.8551932498947807,0
19.12136,20.57254,36.87562,2008.42256,-0.31419,65.5935,7.648769237972318,2.84936779237547,0
19.13248,20.59848,36.85779,2004.23848,-0.36496,65.60613,7.636060601511593,2.8446334909095,0
19.14357,20.62436,36.83731,2000.07368,-0.41646,65.61876,7.6262887220039115,2.8409932086792646,0
19.15462,20.6502,36.81417,1995.92669,-0.46855,65.63139,7.61945701321478,2.838448217402237,0
19.16566,20.67599,36.78834,1991.79599,-0.52112,65.64401,7.615564716905432,2.836998234614525,0
19.17666,20.70173,36.75982,1987.68006,-0.57403,65.65662,7.614606975691632,2.836641450812697,0
19.18763,20.72742,36.7286,1983.57732,-0.62716,65.66923,7.61657487888973,2.837374546532638,0
19.19858,20.75306,36.69469,1979.48618,-0.68039,65.68184,7.621455481817284,2.8391926995395433,0
19.2095,20.77865,36.65809,1975.40504,-0.73358,65.69444,7.629231799163433,2.8420895823582075,0
19.22039,20.8042,36.61882,1971.33225,-0.78662,65.70704,7.639882773325572,2.8460573504776,0
19.23125,20.82969,36.57691,1967.26616,-0.83936,65.71963,7.6533832187766695,2.8510866216262327,0
19.24209,20.85514,36.53238,1963.20509,-0.8917,65.73222,7.66970374374279,2.857166446594969,0
19.25289,20.88054,36.48526,1959.14736,-0.9435,65.7448,7.688810650699706,2.8642842721693986,0
19.26367,20.90589,36.43561,1955.09127,-0.99463,65.75738,7.710665817428809,2.8724258968200345,0
19.27443,20.93119,36.38347,1951.03511,-1.04499,65.76995,7.735226560557461,2.881575419867502,0
19.28515,20.95644,36.32888,1946.97717,-1.09443,65.78252,7.762445483796695,2.8917151849470892,0
19.29585,20.98165,36.27192,1942.91573,-1.14286,65.79508,7.79227031329977,2.9028257186754782,0
19.30652,21.0068,36.21265,1938.84908,-1.19013,65.80764,7.824643722828321,2.914885665520532,0
19.31716,21.03191,36.15114,1934.77551,-1.23615,65.82019,7.859503151640515,2.9278717199598487,0
19.32777,21.05697,36.08746,1930.69331,-1.2808,65.83273,7.896780618320504,2.9417585571273226,0
19.33836,21.08198,36.0217,1926.60078,-1.32396,65.84527,7.93640253397229,2.9565187632229564,0
19.34892,21.10694,35.95394,1922.49625,-1.36552,65.8578,7.978289518483836,2.9721227670664,0
19.35945,21.13185,35.88429,1918.37806,-1.40539,65.87033,8.022356223804895,2.9885387742632923,0
19.36995,21.15671,35.81283,1914.24457,-1.44345,65.88285,8.068511168414133,3.005732705539914,0
19.38043,21.18152,35.73966,1910.09417,-1.47962,65.89536,8.116656587336955,3.023668140870878,0
19.39087,21.20628,35.6649,1905.92529,-1.51379,65.90787,8.166688302315453,3.042306271114017,0
19.40129,21.23099,35.58865,1901.73637,-1.54587,65.92036,8.218495616807433,3.0616058588947617,0
19.41168,21.25565,35.51103,1897.52593,-1.57578,65.93285,8.271961240669825,3.081523210548732,0
19.42205,21.28025,35.43215,1893.2925,-1.60345,65.94534,8.32696124938779,3.102012160933498,0
19.43238,21.30481,35.35213,1889.03469,-1.62878,65.95781,8.38336508273132,3.1230240729281364,0
19.44269,21.32932,35.27111,1884.75115,-1.65172,65.97027,8.44103558765618,3.144507853414954,0
19.45296,21.35377,35.1892,1880.44059,-1.6722,65.98273,8.499829110101993,3.166409987476698,0
19.46321,21.37817,35.10653,1876.10179,-1.69016,65.99517,8.55959564013178,3.1886745924648405,0
19.47343,21.40252,35.02324,1871.73362,-1.70555,66.00761,8.62017901451038,3.2112434934653855,0
19.48363,21.42682,34.93945,1867.33499,-1.71833,66.02003,8.68141718044989,3.234056321550971,0
19.49379,21.45106,34.8553,1862.90492,-1.72846,66.03245,8.743142523670164,3.257050635992048,0
19.50392,21.47525,34.77092,1858.4425,-1.7359,66.04485,8.80518226336595,3.280162071392523,0
19.51403,21.49939,34.68645,1853.94694,-1.74065,66.05724,8.867358915918043,3.3033245104343645,0
19.5241,21.52347,34.60202,1849.41751,-1.74268,66.06962,8.92949082835993,3.326470282607972,0
19.53415,21.54749,34.51777,1844.85359,-1.74198,66.08199,8.991392781758632,3.3495303889874073,0
19.54416,21.57146,34.43383,1840.25469,-1.73857,66.09434,9.052876663581344,3.3724347527046605,0
19.55415,21.59538,34.35032,1835.62039,-1.73245,66.10668,9.113752207141983,3.395112494412949,0
19.56411,21.61923,34.26738,1830.9504,-1.72365,66.11901,9.173827795049208,3.4174922315922394,0
19.57403,21.64304,34.18514,1826.24454,-1.71218,66.13132,9.232911322430315,3.4395024001228687,0
19.58393,21.66678,34.10373,1821.50275,-1.6981,66.14362,9.290811114539961,3.4610715961189293,0
19.59379,21.69046,34.02325,1816.72509,-1.68145,66.15591,9.347336892176918,3.4821289355714153,0
19.60363,21.71409,33.94384,1811.91172,-1.66229,66.16818,9.402300777234778,3.502604428942323,0
19.61343,21.73766,33.86561,1807.06295,-1.64068,66.18043,9.45551832959415,3.522429367434263,0
19.6232,21.76117,33.78866,1802.17918,-1.6167,66.19267,9.506809605638235,3.5415367173153793,0
19.63295,21.78462,33.71311,1797.26095,-1.59043,66.20489,9.556000227770745,3.5598615183429025,0
19.64266,21.80801,33.63905,1792.30891,-1.56196,66.21709,9.602922453624997,3.5773412820716763,0
19.65234,21.83134,33.56657,1787.32382,-1.5314,66.22928,9.647416233118035,3.5939163856346292,0
19.66199,21.85461,33.49578,1782.30656,-1.49886,66.24145,9.68933024110532,3.6095304564338155,0
19.6716,21.87782,33.42674,1777.25813,-1.46444,66.2536,9.728522873313997,3.624130743151764,0
19.68119,21.90096,33.35954,1772.17962,-1.42828,66.26573,9.764863193273232,3.6376684685079446,0
19.69074,21.92404,33.29425,1767.07223,-1.39051,66.27785,9.798231818282764,3.6500991593053587,0
19.70026,21.94706,33.23092,1761.93725,-1.35126,66.28995,9.828521733011648,3.66138294951749,0
19.70975,21.97002,33.16961,1756.77609,-1.31068,66.30202,9.855639020090079,3.671484852452971,0
19.71921,21.99291,33.11038,1751.59021,-1.26892,66.31408,9.879503498050328,3.6803749984053686,0
19.72863,22.01574,33.05326,1746.38117,-1.22614,66.32612,9.900049258156233,3.6880288346363006,0
19.73803,22.03851,32.99828,1741.1506,-1.18248,66.33814,9.917225093038976,3.6944272850535373,0
19.74739,22.06121,32.94547,1735.90018,-1.13811,66.35013,9.93099481154082,3.6995568674985737,0
19.75671,22.08385,32.89485,1730.63167,-1.0932,66.36211,9.94133743585045,3.703409767184734,0
19.76601,22.10642,32.84642,1725.34687,-1.04791,66.37407,9.948247278631321,3.7059838654295136,0
19.77527,22.12892,32.80018,1720.04762,-1.00241,66.38601,9.951733899697762,3.7072827235152843,0
19.7845,22.15136,32.75614,1714.73579,-0.95687,66.39792,9.95182194342338,3.707315522119647,0
19.79369,22.17374,32.71427,1709.41328,-0.91146,66.40982,9.948550859859251,3.7060969574246205,0
19.80286,22.19605,32.67455,1704.082,-0.86635,66.4217,9.941974514111775,3.7036470955996146,0
19.81199,22.21829,32.63696,1698.74389,-0.82169,66.43355,9.932160690060728,3.699991187923349,0
19.82109,22.24047,32.60146,1693.40087,-0.77766,66.44538,9.919190495868298,3.695159449320321,0
19.83015,22.26258,32.568,1688.05485,-0.73442,66.45719,9.903157679922664,3.6891868035317956,0
19.83918,22.28462,32.53653,1682.70773,-0.69212,66.46899,9.884167866858775,3.682112598513444,0
19.84818,22.3066,32.507,1677.3614,-0.65091,66.48076,9.862337724139005,3.6739802959647068,0
19.85715,22.32851,32.47934,1672.0177,-0.61096,66.49251,9.837794070190164,3.664837139086362,0
19.86608,22.35036,32.45349,1666.67845,-0.57238,66.50423,9.81067293553442,3.654733802827097,0
19.87499,22.37214,32.42937,1661.34542,-0.53534,66.51594,9.781118588451871,3.643724030917176,0
19.88385,22.39385,32.40689,1656.02034,-0.49995,66.52763,9.749282536652892,3.631864263965119,0
19.89269,22.41549,32.38599,1650.70486,-0.46634,66.5393,9.715322516248639,3.61921326282262,0
19.90149,22.43707,32.36656,1645.4006,-0.43463,66.55094,9.679401478765838,3.6058317312208983,0
19.91027,22.45859,32.34851,1640.1091,-0.40493,66.56257,9.641686586468662,3.5917819415016607,0
19.91901,22.48003,32.33175,1634.83185,-0.37733,66.57418,9.602348225452083,3.5771273669684134,0
19.92771,22.50141,32.31618,1629.57025,-0.35193,66.58576,9.561559045182824,3.5619323240901903,0
19.93639,22.52273,32.30169,1624.32564,-0.32883,66.59733,9.519493032209674,3.5462616274342778,0
19.94503,22.54398,32.28818,1619.09926,-0.30808,66.60888,9.476324624788772,3.5301802598408334,0
19.95364,22.56517,32.27553,1613.8923,-0.28977,66.62041,9.43222787417077,3.51375305998029,0
19.96222,22.58629,32.26365,1608.70586,-0.27394,66.63192,9.3873756572516,3.497044429045047,0
19.97077,22.60734,32.25242,1603.54095,-0.26066,66.64341,9.341938944245054,3.4801180579382387,0
19.97929,22.62833,32.24173,1598.3985,-0.24996,66.65488,9.296086124080523,3.4630366759666424,0
19.98777,22.64926,32.23147,1593.27936,-0.24188,66.66634,9.249982389247279,3.4458618216789882,0
19.99623,22.67012,32.22151,1588.18429,-0.23644,66.67778,9.203789180902337,3.428653636154037,0
20.00465,22.69092,32.21177,1583.11398,-0.23366,66.6892,9.157663694266002,3.4114706787474076,0
20.01304,22.71165,32.20211,1578.06902,-0.23355,66.7006,9.111758443532464,3.3943697650093254,0
20.02141,22.73233,32.19243,1573.04993,-0.2361,66.71198,9.066220884889534,3.3774058262495545,0
20.02974,22.75293,32.18263,1568.05713,-0.2413,66.72335,9.021193095633146,3.360631789999112,0
20.03804,22.77348,32.17258,1563.09098,-0.24915,66.73471,8.97681150685591,3.3440984804297114,0
20.04631,22.79397,32.1622,1558.15175,-0.25961,66.74604,8.933206686814767,3.3278545376525193,0
20.05455,22.81439,32.15137,1553.23963,-0.27266,66.75736,8.890503171690309,3.3119463546715533,0
20.06277,22.83475,32.13999,1548.35474,-0.28826,66.76867,8.848819340258961,3.296418030695764,0
20.07095,22.85505,32.12797,1543.49713,-0.30636,66.77996,8.808267328771597,3.281311339429083,0
20.0791,22.87529,32.1152,1538.66675,-0.3269,66.79123,8.768952982245212,3.2666657109252903,0
20.08723,22.89547,32.1016,1533.8635,-0.34984,66.80249,8.730975838338018,3.252518225581067,0
20.09532,22.91559,32.08708,1529.08722,-0.3751,66.81374,8.694429139951282,3.2389036188305003,0
20.10339,22.93565,32.07154,1524.33765,-0.40262,66.82497,8.65939987279203,3.2258542951381886,0
20.11142,22.95564,32.05491,1519.6145,-0.43233,66.83619,8.62596882420853,3.2134003499170074,0
20.11943,22.97558,32.03712,1514.9174,-0.46413,66.8474,8.594210659761881,3.201569598053034,0
20.12741,22.99547,32.01808,1510.24591,-0.49794,66.85859,8.564194014142304,3.190387607774263,0
20.13537,23.01529,31.99772,1505.59955,-0.53367,66.86976,8.535981593256999,3.179877738681018,0
20.14329,23.03505,31.97598,1500.97777,-0.57124,66.88093,8.509630284495323,3.170061182822632,0
20.15119,23.05476,31.95281,1496.37996,-0.61053,66.89208,8.48519127241502,3.160957007793611,0
20.15905,23.07441,31.92813,1491.80547,-0.65145,66.90322,8.462710157343386,3.1525822009156905,0
20.1669,23.094,31.90191,1487.25361,-0.69389,66.91435,8.442227074587416,3.144951713646748,0
20.17471,23.11353,31.87408,1482.7236,-0.73775,66.92546,8.423776812240137,3.138078505466767,0
20.18249,23.13301,31.84462,1478.21466,-0.7829,66.93657,8.407388925772425,3.1319735865663003,0
20.19025,23.15243,31.81348,1473.72595,-0.82923,66.94766,8.393087847873737,3.1266460587650338,0
20.19798,23.17179,31.78062,1469.25657,-0.87663,66.95874,8.380892992243341,3.1221031541767488,0
20.20569,23.1911,31.74603,1464.8056,-0.92498,66.96981,8.370818850244891,3.118350271215697,0
20.21337,23.21035,31.70968,1460.37208,-0.97416,66.98086,8.36287507962646,3.115391007647148,0
20.22102,23.22954,31.67154,1455.95501,-1.02404,66.99191,8.3570665846675,3.1132271904442343,0
20.22864,23.24868,31.63161,1451.55337,-1.0745,67.00294,8.353393587394748,3.11185890231776,0
20.23624,23.26777,31.58988,1447.1661,-1.12541,67.01396,8.351851689688273,3.1112845048523274,0
20.24381,23.2868,31.54634,1442.79209,-1.17666,67.02498,8.352431926330086,3.1115006582683473,0
20.25136,23.30577,31.501,1438.43025,-1.22811,67.03598,8.355120809229831,3.112502337897269,0
20.25887,23.32469,31.45385,1434.07944,-1.27965,67.04697,8.359900363268151,3.1142828475341795,0
20.26637,23.34355,31.40492,1429.73849,-1.33113,67.05794,8.366748154403934,3.1168338299084866,0
20.27383,23.36236,31.35422,1425.40623,-1.38245,67.06891,8.375637310827711,3.120145274564125,0
20.28127,23.38111,31.30176,1421.08148,-1.43347,67.07987,8.386536538166125,3.124205523523616,0
20.28869,23.39981,31.24758,1416.76301,-1.48407,67.09081,8.399410129880462,3.1290012751617895,0
20.29607,23.41845,31.19169,1412.44964,-1.53413,67.10174,8.414217974160163,3.13451758677381,0
20.30344,23.43704,31.13415,1408.14012,-1.58352,67.11267,8.430915558774087,3.14073787638239,0
20.31077,23.45558,31.07497,1403.83323,-1.63214,67.12358,8.449453975463017,3.1476439243741154,0
20.31808,23.47406,31.01421,1399.52776,-1.67986,67.13448,8.469779925599475,3.1552158756078814,0
20.32537,23.49248,30.9519,1395.22247,-1.72657,67.14536,8.491835728931074,3.1634322426720143,0
20.33263,23.51085,30.88811,1390.91614,-1.77216,67.15624,8.515559337347296,3.172269911012761,0
20.33986,23.52917,30.82288,1386.60756,-1.81652,67.1671,8.540884355673086,3.181704146680453,0
20.34707,23.54743,30.75627,1382.29552,-1.85954,67.17796,8.567740071552391,3.191708607461906,0
20.35425,23.56563,30.68834,1377.97885,-1.90113,67.1888,8.596051496549295,3.2022553581916764,0
20.3614,23.58378,30.61915,1373.65637,-1.94119,67.19962,8.625739420579194,3.213314891029107,0
20.36853,23.60188,30.54877,1369.32694,-1.97962,67.21044,8.656720481818677,3.224856151501596,0
20.37564,23.61992,30.47726,1364.98943,-2.01633,67.22124,8.68890725414966,3.2368465710798358,0
20.38271,23.6379,30.40471,1360.64274,-2.05125,67.23203,8.722208354196795,3.2492521070520692,0
20.38977,23.65584,30.33118,1356.28582,-2.0843,67.24281,8.756528569877817,3.2620372904124717,0
20.39679,23.67371,30.25675,1351.91764,-2.11539,67.25357,8.791769012259559,3.2751652824315145,0
20.40379,23.69153,30.1815,1347.5372,-2.14447,67.26432,8.827827292374776,3.288597940524883,0
20.41077,23.70929,30.10551,1343.14355,-2.17148,67.27505,8.864597724427052,3.30229589395265,0
20.41771,23.727,30.02885,1338.73581,-2.19635,67.28578,8.901971556599719,3.3162186298016767,0
20.42464,23.74465,29.95162,1334.3131,-2.21905,67.29648,8.939837230394824,3.3303245895961924,0
20.43153,23.76224,29.87389,1329.87463,-2.23952,67.30717,8.978080669148856,3.3445712767775024,0
20.4384,23.77978,29.79574,1325.41966,-2.25775,67.31785,9.016585595992305,3.3589153751522876,0
20.44525,23.79726,29.71727,1320.94748,-2.27369,67.32851,9.055233881213166,3.373312878294642,0
20.45207,23.81469,29.63855,1316.45748,-2.28733,67.33916,9.093905918526778,3.3877192297165037,0
20.45886,23.83205,29.55968,1311.94907,-2.29866,67.34979,9.13248102938614,3.402089473483868,0
20.46562,23.84936,29.48072,1307.42178,-2.30768,67.36041,9.170837894006672,3.4163784147848646,0
20.47236,23.86661,29.40177,1302.87515,-2.31438,67.37101,9.208855007357045,3.4305407897983327,0
20.47908,23.88381,29.32291,1298.30883,-2.31878,67.38159,9.246411157888518,3.444531444033098,0
20.48576,23.90094,29.24421,1293.72252,-2.3209,67.39215,9.2833859263888,3.4583055181641624,0
20.49242,23.91802,29.16576,1289.11601,-2.32077,67.4027,9.319660201841574,3.47181864020395,0
20.49905,23.93504,29.08763,1284.48915,-2.31841,67.41323,9.355116710828751,3.4850271227185723,0
20.50566,23.952,29.0099,1279.84187,-2.31389,67.42374,9.389640556608754,3.4978881636486747,0
20.51224,23.9689,28.93264,1275.17418,-2.30724,67.43424,9.423119763648215,3.5103600491618274,0
20.51879,23.98574,28.85592,1270.48616,-2.29853,67.44471,9.45544582311273,3.522402356862173,0
20.52532,24.00252,28.7798,1265.77796,-2.28783,67.45517,9.486514234574262,3.533976157590698,0
20.53182,24.01924,28.70435,1261.04981,-2.2752,67.46561,9.516225039035364,3.545044213990772,0
20.53829,24.0359,28.62963,1256.30203,-2.26074,67.47603,9.544483338203548,3.555571173951519,0
20.54473,24.0525,28.55569,1251.535,-2.24453,67.48642,9.571199795016499,3.565523757066629,0
20.55115,24.06903,28.4826,1246.74916,-2.22667,67.4968,9.596291110340394,3.5748709322170193,0
20.55754,24.08551,28.41039,1241.94503,-2.20725,67.50716,9.619680471009795,3.583584084477488,0
20.5639,24.10193,28.33911,1237.12321,-2.1864,67.5175,9.641297964458992,3.591637169577799,0
20.57024,24.11828,28.26881,1232.28436,-2.16422,67.52782,9.661080955594285,3.599006854297519,0
20.57654,24.13457,28.19952,1227.42918,-2.14083,67.53812,9.67897442180594,3.605672641266792,0
20.58282,24.1508,28.13127,1222.55845,-2.11636,67.5484,9.69493124250541,3.611616976826565,0
20.58908,24.16697,28.06408,1217.67302,-2.09094,67.55865,9.708912440055247,3.6168253407813284,0
20.5953,24.18307,27.99799,1212.77377,-2.0647,67.56889,9.72088736947519,3.621286317069612,0
20.6015,24.19912,27.93301,1207.86162,-2.03777,67.5791,9.73083385492584,3.6249916446077624,0
20.60767,24.2151,27.86915,1202.93757,-2.0103,67.5893,9.738738271552398,3.627936247778873,0
20.61381,24.23101,27.80641,1198.00263,-1.98243,67.59947,9.74459557196729,3.6301182462982697,0
20.61993,24.24686,27.74482,1193.05787,-1.95429,67.60962,9.748409257251136,3.631538944410602,0
20.62601,24.26265,27.68436,1188.10437,-1.92604,67.61974,9.75019129303901,3.6322027996297677,0
20.63207,24.27838,27.62502,1183.14325,-1.89782,67.62985,9.749961971868734,3.6321173714600365,0
20.6381,24.29404,27.5668,1178.17565,-1.86977,67.63993,9.747749723612163,3.6312932507767086,0
20.6441,24.30964,27.50969,1173.20274,-1.84204,67.64999,9.7435908763356,3.6297439707403325,0
20.65008,24.32518,27.45366,1168.22568,-1.81477,67.66003,9.737529370518919,3.6274859003358015,0
20.65603,24.34065,27.3987,1163.24566,-1.7881,67.67005,9.72961642997602,3.6245381217815758,0
20.66195,24.35605,27.34476,1158.26388,-1.76217,67.68005,9.719910193279949,3.6209222932258314,0
20.66784,24.37139,27.29183,1153.28151,-1.73712,67.69002,9.708475309800495,3.616662498259843,0
20.6737,24.38667,27.23987,1148.29975,-1.71308,67.69997,9.695382504738328,3.611785083881751,0
20.67954,24.40189,27.18883,1143.31978,-1.69018,67.7099,9.68070811774758,3.6063184886213384,0
20.68535,24.41704,27.13869,1138.34276,-1.66854,67.71981,9.66453361984504,3.60029306257599,0
20.69113,24.43212,27.08938,1133.36985,-1.64828,67.7297,9.646945113352615,3.593740881126103,0
20.69688,24.44714,27.04087,1128.40217,-1.62953,67.73956,9.628032819583975,3.586695554084888,0
20.70261,24.4621,26.9931,1123.44083,-1.61238,67.74941,9.607890558939092,3.579192032019895,0
20.70831,24.477,26.94602,1118.48693,-1.59694,67.75923,9.586615227849979,3.571266411401549,0
20.71398,24.49183,26.89957,1113.5415,-1.5833,67.76903,9.564306276881933,3.5629557401821255,0
20.71962,24.50659,26.8537,1108.60558,-1.57157,67.77881,9.541065193988922,3.554297825294784,0
20.72524,24.52129,26.80834,1103.68015,-1.56181,67.78857,9.516994996649363,3.5453310434607905,0
20.73083,24.53593,26.76343,1098.76616,-1.55412,67.7983,9.492199736292973,3.5360941565754707,0
20.73639,24.55051,26.71892,1093.86451,-1.54855,67.80802,9.4667840180205,3.526626132791181,0
20.74192,24.56502,26.67473,1088.97608,-1.54517,67.81772,9.440852538344222,3.516965974313473,0
20.74743,24.57947,26.6308,1084.10169,-1.54404,67.82739,9.414509643176148,3.507152552740078,0
20.75291,24.59385,26.58707,1079.24212,-1.5452,67.83705,9.387858908019268,3.497224452671096,0
20.75837,24.60817,26.54347,1074.39809,-1.54868,67.84669,9.361002741856655,3.4872198241472634,0
20.76379,24.62243,26.49994,1069.57031,-1.55453,67.8563,9.334042015914266,3.4771762443543306,0
20.76919,24.63663,26.4564,1064.75939,-1.56277,67.8659,9.307075718095682,3.46713058889091,0
20.77457,24.65076,26.4128,1059.96593,-1.5734,67.87548,9.28020063354606,3.457118912770143,0
20.77991,24.66484,26.36907,1055.19047,-1.58644,67.88504,9.25351105151617,3.4471763412188428,0
20.78524,24.67885,26.32514,1050.43348,-1.6019,67.89458,9.22709849838035,3.4373369702196515,0
20.79053,24.69279,26.28096,1045.69541,-1.61975,67.90411,9.201051496429672,3.427633776655155,0
20.7958,24.70668,26.23645,1040.97662,-1.64,67.91361,9.175455347806075,3.418098537817664,0
20.80104,24.72051,26.19156,1036.27747,-1.66261,67.9231,9.150391942770979,3.408761759984214,0
20.80626,24.73427,26.14623,1031.59822,-1.68756,67.93257,9.12593959132401,3.399652615690131,0
20.81145,24.74797,26.1004,1026.9391,-1.71481,67.94202,9.102172877017031,3.390798889270892,0
20.81662,24.76162,26.05402,1022.3003,-1.74432,67.95145,9.079162531772537,3.382226930228697,0
20.82176,24.7752,26.00703,1017.68194,-1.77604,67.96087,9.056975330349728,3.3739616139182966,0
20.82688,24.78872,25.95938,1013.0841,-1.80991,67.97027,9.035674003106973,3.3660263090487184,0
20.83197,24.80218,25.91102,1008.50681,-1.84588,67.97965,9.015317165663662,3.358442851480457,0
20.83703,24.81559,25.86191,1003.95006,-1.88388,67.98902,8.995959264036147,3.351231523787162,0
20.84207,24.82893,25.812,999.41377,-1.92383,67.99837,8.977650533883084,3.3444110400734623,0
0.04917,0.04917,50.0704,5193.66838,-0.44972,45.0001,7.995818885624115,2.9786529175515617,0
0.09831,0.09831,50.01274,5189.29301,-0.39861,45.00024,8.047349713195135,2.9978495066794415,0
0.1474,0.1474,49.96212,5184.878,-0.34679,45.00043,8.091063499906044,3.014134042408206,0
0.19645,0.19645,49.91861,5180.4276,-0.29441,45.00067,8.126756517054957,3.0274306304359784,0
0.24546,0.24546,49.88228,5175.94622,-0.24157,45.00095,8.154268927280327,3.037679727140009,0
0.29442,0.29443,49.85315,5171.43836,-0.18844,45.00127,8.173486597756456,3.044838815039709,0
0.34335,0.34336,49.83126,5166.90863,-0.13514,45.00164,8.184342356870284,3.048882870941822,0
0.39223,0.39224,49.81659,5162.36168,-0.08181,45.00205,8.18681666945653,3.0498046174832814,0
0.44106,0.44108,49.80913,5157.8022,-0.02859,45.0025,8.180937718404202,3.047614553531777,0
0.48986,0.48988,49.80885,5153.23488,0.02437,45.003,8.166780893332628,3.042340763704131,0
0.53861,0.53864,49.81569,5148.6644,0.07695,45.00354,8.144467699964924,3.0340285120792094,0
0.58731,0.58735,49.82957,5144.09538,0.12901,45.00413,8.11416411619007,3.0227396297878,0
0.63597,0.63603,49.8504,5139.53238,0.18041,45.00476,8.076078432248195,3.008551710424797,0
0.68459,0.68465,49.87808,5134.97987,0.23103,45.00543,8.030458622649336,2.9915571310197904,0
0.73316,0.73324,49.91247,5130.4422,0.28074,45.00615,7.977589306056586,2.9718619195135516,0
0.78169,0.78179,49.95344,5125.92356,0.32942,45.00691,7.91778835615897,2.949584492,0
0.83018,0.83029,50.00083,5121.42802,0.37696,45.00771,7.851403231423329,2.924854286557219,0
0.87862,0.87875,50.05447,5116.95946,0.42325,45.00856,7.778807094507666,2.897810315436813,0
0.92702,0.92717,50.11416,5112.52156,0.46818,45.00945,7.700394792943946,2.8685996699525043,0
0.97538,0.97555,50.17973,5108.11782,0.51167,45.01039,7.616578771726585,2.8373759967167933,0
1.02369,1.02389,50.25094,5103.75152,0.55362,45.01137,7.527784985657828,2.804297975101061,0
1.07192,1.07222,50.32523,5099.42973,0.55859,45.09996,7.436929986600458,2.7704520974132936,43.99999924944092
1.12004,1.12059,50.40003,5095.15742,0.56236,45.18762,7.346769033928065,2.7368647702653885,43.99999924944092
1.16804,1.16899,50.4752,5090.93446,0.56494,45.27435,7.257462896325819,2.703595884222651,43.99999924944092
1.21593,1.21742,50.55057,5086.76063,0.56634,45.36016,7.169165989422371,2.670702963169675,43.99999924944092
1.26371,1.26589,50.62599,5082.63561,0.56658,45.44506,7.082022776712991,2.63823982355951,43.99999924944092
1.31137,1.31439,50.7013,5078.55903,0.56566,45.52906,6.99616793116964,2.60625663461767,43.99999924944092
1.35893,1.36291,50.77635,5074.53042,0.5636,45.61218,6.911726549048174,2.5747999979909446,43.99999924944092
1.40638,1.41147,50.85099,5070.54923,0.56042,45.69443,6.828814409108778,2.543913044313824,43.99999924944092
1.45373,1.46006,50.92509,5066.61487,0.55614,45.77583,6.747538270732179,2.5136355442646354,43.99999924944092
1.50096,1.50868,50.99848,5062.72666,0.55078,45.85639,6.667996204676664,2.4840040317812395,43.99999924944092
1.5481,1.55733,51.07104,5058.8839,0.54436,45.93614,6.590277950582734,2.4550519372409156,43.99999924944092
1.59513,1.60601,51.14263,5055.08579,0.5369,46.01509,6.514465295734614,2.4268097285589896,43.99999924944092
1.64205,1.65471,51.2131,5051.33151,0.52843,46.09327,6.440632469946094,2.3993050582942024,43.99999924944092
1.68888,1.70345,51.28234,5047.6202,0.51896,46.1707,6.368846551889265,2.372562915016854,43.99999924944092
1.7356,1.75221,51.35022,5043.95093,0.50853,46.2474,6.2991678826058495,2.3466057773526536,43.99999924944092
1.78223,1.801,51.41661,5040.32275,0.49717,46.32339,6.2316504823238965,2.321453769257908,43.99999924944092
1.82876,1.84982,51.48139,5036.73469,0.48489,46.3987,6.166342467162469,2.29712481525298,43.99999924944092
1.87519,1.89866,51.54444,5033.18571,0.47172,46.47336,6.103286462662318,2.2736347944733435,43.99999924944092
1.92153,1.94753,51.60566,5029.67476,0.4577,46.54738,6.0425200114970545,2.2509976925527266,43.99999924944092
1.96777,1.99643,51.66494,5026.20079,0.44285,46.6208,5.9840759730374184,2.2292257504713118,43.99999924944092
2.01391,2.04536,51.72217,5022.76267,0.42719,46.69364,5.9279829128186075,2.208329609642565,43.99999924944092
2.05996,2.09431,51.77726,5019.3593,0.41077,46.76593,5.874265480236562,2.1883184526150377,43.99999924944092
2.10592,2.14328,51.83009,5015.98952,0.3936,46.83769,5.8229447731154425,2.169200138883348,43.99999924944092
2.15179,2.19229,51.8806,5012.65218,0.37572,46.90896,5.774038688023547,2.1509813353900733,43.99999924944092
2.19756,2.24132,51.92868,5009.34611,0.35716,46.97975,5.72756225547202,2.133667641396092,43.99999924944092
2.24325,2.29037,51.97425,5006.0701,0.33794,47.05011,5.683527959314925,2.1172637074655123,43.99999924944092
2.28884,2.33945,52.01723,5002.82296,0.3181,47.12005,5.641946039870152,2.101773348386187,43.99999924944092
2.33435,2.38855,52.05755,4999.60346,0.29767,47.1896,5.602824780451483,2.0871996499104477,43.99999924944092
2.37977,2.43768,52.09513,4996.41037,0.27668,47.2588,5.566170777102484,2.073545069238074,43.99999924944092
2.42509,2.48683,52.12991,4993.24245,0.25515,47.32767,5.5319891914839205,2.0608115292235136,43.99999924944092
2.47033,2.53601,52.16182,4990.09844,0.23312,47.39624,5.500283986931577,2.049000506313628,43.99999924944092
2.51549,2.58521,52.1908,4986.9771,0.21063,47.46455,5.4710581478038645,2.038113112260447,43.99999924944092
2.56055,2.63444,52.2168,4983.87713,0.18769,47.53261,5.444313882277116,2.028150169667757,43.99999924944092
2.60554,2.68369,52.23976,4980.79728,0.16435,47.60045,5.420052808810412,2.019112281454148,43.99999924944092
2.65043,2.73297,52.25964,4977.73623,0.14063,47.66812,5.398276126530356,2.010999894325832,43.99999924944092
2.69524,2.78227,52.2764,4974.69271,0.11656,47.73563,5.378984769811074,2.0038133563617557,43.99999924944092
2.73996,2.8316,52.28999,4971.6654,0.09217,47.80302,5.362179547312536,1.9975529688090345,43.99999924944092
2.7846,2.88095,52.30038,4968.65299,0.06751,47.87031,5.347861265771784,1.9922190321984432,43.99999924944092
2.82915,2.93032,52.30755,4965.65416,0.04258,47.93754,5.336030838802897,1.9878118868752654,43.99999924944092
2.87362,2.97972,52.31145,4962.66757,0.01744,48.00473,5.326689380958723,1.9843319480397623,43.99999924944092
2.91801,3.02914,52.31207,4959.69189,-0.0079,48.07192,5.3198382872864185,1.9817797353837054,43.99999924944092
2.96231,3.07859,52.30939,4956.72578,-0.0334,48.13912,5.315479298564746,1.9801558973929863,43.99999924944092
3.00652,3.12806,52.3034,4953.76787,-0.05903,48.20639,5.313614552389079,1.9794612303781258,43.99999924944092
3.05065,3.17756,52.29408,4950.8168,-0.08475,48.27373,5.314246620232339,1.9796966922804458,43.99999924944092
3.0947,3.22708,52.28142,4947.87119,-0.11055,48.34119,5.317378530553799,1.98086341128071,43.99999924944092
3.13866,3.27663,52.26544,4944.92967,-0.13638,48.4088,5.323013778014342,1.9829626892320467,43.99999924944092
3.18254,3.3262,52.24611,4941.99083,-0.16221,48.47658,5.331156318778838,1.9859959999099628,43.99999924944092
3.22633,3.37579,52.22346,4939.05327,-0.18802,48.54456,5.34181055187092,1.9899649820665077,43.99999924944092
3.27004,3.42541,52.19749,4936.11557,-0.21377,48.61278,5.354981286488746,1.9948714272545316,43.99999924944092
3.31366,3.47505,52.16822,4933.17631,-0.23943,48.68126,5.37067369514479,2.000717262371029,43.99999924944092
3.3572,3.52472,52.13566,4930.23406,-0.26497,48.75004,5.388893252471468,2.0075045268606218,43.99999924944092
3.40065,3.57442,52.09983,4927.28735,-0.29036,48.81914,5.409645659467393,2.0152353444952937,43.99999924944092
3.44402,3.62414,52.06076,4924.33474,-0.31556,48.88861,5.432936752966455,2.0239118896492467,43.99999924944092
3.4873,3.67388,52.01848,4921.37476,-0.34054,48.95846,5.45877240004919,2.0335363479643527,43.99999924944092
3.53049,3.72366,51.97302,4918.40591,-0.36528,49.02874,5.487158377112238,2.044110871300344,43.99999924944092
3.5736,3.77345,51.92442,4915.42672,-0.38973,49.09947,5.518100233298667,2.0556375268590235,43.99999924944092
3.61662,3.82327,51.87273,4912.43566,-0.41387,49.17068,5.551603137984443,2.0681182403689498,43.99999924944092
3.65955,3.87312,51.81798,4909.43123,-0.43767,49.24241,5.587671712005052,2.081554733212925,43.99999924944092
3.70239,3.923,51.76024,4906.41191,-0.46109,49.31468,5.6263098423557345,2.0959484533989494,43.99999924944092
3.74515,3.9729,51.69955,4903.37615,-0.4841,49.38754,5.667520480092201,2.111300500272921,43.99999924944092
3.78781,4.02282,51.63597,4900.32241,-0.50667,49.461,5.711305421210298,2.127611542890548,43.99999924944092
3.83038,4.07278,51.56957,4897.24914,-0.52876,49.53512,5.757665070346628,2.144881731989612,43.99999924944092
3.87287,4.12276,51.50041,4894.15477,-0.55035,49.6099,5.806598187206115,2.163110605527563,43.99999924944092
3.91526,4.17277,51.42857,4891.03774,-0.5714,49.6854,5.858101615721679,2.1822969877863727,43.99999924944092
3.95755,4.2228,51.35411,4887.89646,-0.59188,49.76164,5.912169996030111,2.202438882075969,43.99999924944092
3.99976,4.27286,51.27712,4884.72937,-0.61175,49.83865,5.968795459530843,2.223533357135605,43.99999924944092
4.04187,4.32295,51.19768,4881.53487,-0.63099,49.91646,6.027967307393151,2.2455764273693326,43.99999924944092
4.08388,4.37307,51.11587,4878.31139,-0.64955,49.99512,6.0896716730840685,2.2685629271287726,43.99999924944092
4.1258,4.42321,51.0318,4875.05734,-0.66742,50.07465,6.153891169684257,2.292486379328992,43.99999924944092
4.16761,4.47339,50.94554,4871.77114,-0.68456,50.15507,6.2206045229676175,2.317338858761012,43.99999924944092
4.20934,4.52359,50.85721,4868.45121,-0.70093,50.23644,6.2897861914855335,2.3431108505631864,43.99999924944092
4.25096,4.57382,50.76691,4865.09599,-0.71651,50.31877,6.361405975168984,2.369791104415193,43.99999924944092
4.29248,4.62407,50.67473,4861.70392,-0.73126,50.40209,6.435428614255831,2.3973664851278955,43.99999924944092
4.33389,4.67436,50.5808,4858.27346,-0.74516,50.48645,6.51181338066018,2.425821820417678,43.99999924944092
4.37521,4.72468,50.48522,4854.80307,-0.75817,50.57186,6.590513664297835,2.455139746801792,43.99999924944092
4.41642,4.77502,50.38812,4851.29125,-0.77027,50.65837,6.671476557161177,2.485300554655306,43.99999924944092
4.45753,4.8254,50.28961,4847.73653,-0.78142,50.74599,6.7546424384108565,2.5162820336468434,43.99999924944092
4.49852,4.8758,50.18982,4844.13743,-0.7916,50.83476,6.839944564066975,2.5480593198877544,43.99999924944092
4.53941,4.92624,50.08888,4840.49255,-0.80079,50.92471,6.92730866535348,2.5806047463048256,43.99999924944092
4.58019,4.9767,49.98692,4836.80049,-0.80895,51.01586,7.016652560072603,2.613887697867049,43.99999924944092
4.62086,5.0272,49.88406,4833.05992,-0.81606,51.10823,7.107885781883293,2.647874473482068,43.99999924944092
4.66141,5.07772,49.78046,4829.26953,-0.82209,51.20187,7.200909232628659,2.682528156479013,43.99999924944092
4.70186,5.12828,49.67624,4825.42808,-0.82704,51.29678,7.295614863332443,2.7178084957712856,43.99999924944092
4.74218,5.17886,49.57156,4821.53439,-0.83086,51.39299,7.391885389702843,2.753671799874257,43.99999924944092
4.78239,5.22948,49.46654,4817.58732,-0.83355,51.49053,7.489594048356544,2.790070846092296,43.99999924944092
4.82248,5.28013,49.36135,4813.58583,-0.83509,51.5894,7.588604400145678,2.82695480725289,43.99999924944092
4.86245,5.33081,49.25613,4809.52893,-0.83545,51.68964,7.688770187130351,2.864269198425153,43.99999924944092
4.90229,5.38152,49.15102,4805.41571,-0.83463,51.79126,7.789935249864831,2.901955846106747,43.99999924944092
4.94201,5.43226,49.04618,4801.24538,-0.83261,51.89427,7.891933511567656,2.9399528823268324,43.99999924944092
4.98161,5.48304,48.94177,4797.0172,-0.82938,51.99868,7.9945890356932825,2.978194766093027,43.99999924944092
5.02108,5.53384,48.83792,4792.73056,-0.82494,52.1045,8.097716163118065,3.0166123344967875,43.99999924944092
5.06042,5.58468,48.73481,4788.38492,-0.81928,52.21175,8.20111973480904,3.0551328856633906,43.99999924944092
5.09963,5.63555,48.63257,4783.9799,-0.81239,52.32043,8.30459540532324,3.0936802955386793,43.99999924944092
5.13871,5.68645,48.53137,4779.51519,-0.80428,52.43054,8.407930051798276,3.132175170248813,43.99999924944092
5.17765,5.73738,48.43136,4774.99063,-0.79494,52.54208,8.510902282322265,3.170535035481445,43.99999924944092
5.21646,5.78835,48.33268,4770.40617,-0.78439,52.65505,8.613283046535892,3.2086745639510514,43.99999924944092
5.25513,5.83934,48.23549,4765.7619,-0.77263,52.76945,8.71483635030392,3.2465058416328776,43.99999924944092
5.29366,5.89037,48.13994,4761.05804,-0.75967,52.88526,8.815320074916286,3.2839386729368987,43.99999924944092
5.33205,5.94143,48.04617,4756.29497,-0.74552,53.00247,8.914486899983183,3.3208809245105195,43.99999924944092
5.3703,5.99253,47.95433,4751.47319,-0.73021,53.12108,9.01208532765125,3.3572389067860566,43.99999924944092
5.4084,6.04365,47.86455,4746.59335,-0.71376,53.24106,9.10786080412489,3.3929177917769384,43.99999924944092
5.44636,6.09481,47.77698,4741.65625,-0.69619,53.36239,9.20155693291189,3.4278220650436158,43.99999924944092
5.48417,6.14599,47.69176,4736.66286,-0.67752,53.48505,9.292916772362728,3.4618560090611012,43.99999924944092
5.52183,6.19721,47.609,4731.61427,-0.65779,53.60902,9.381684208509474,3.494924214637576,43.99999924944092
5.55934,6.24846,47.52884,4726.51173,-0.63703,53.73425,9.467605392405753,3.5269321163613476,43.99999924944092
5.5967,6.29974,47.45139,4721.35666,-0.61528,53.86072,9.550430229649459,3.557786547487253,43.99999924944092
5.6339,6.35106,47.37677,4716.1506,-0.59258,53.98839,9.629913908226143,3.5873963090985166,43.99999924944092
5.67095,6.4024,47.3051,4710.89526,-0.56898,54.11722,9.705818449492613,3.6156727478889557,43.99999924944092
5.70784,6.45377,47.23646,4705.59247,-0.54452,54.24716,9.777914265988306,3.6425303364886985,43.99999924944092
5.74458,6.50517,47.17097,4700.24421,-0.51925,54.37818,9.845981708855694,3.6678872499190103,43.99999924944092
5.78116,6.55661,47.1087,4694.8526,-0.49323,54.51022,9.909812586995617,3.6916659315176132,43.99999924944092
5.81757,6.60807,47.04975,4689.41987,-0.46651,54.64322,9.96921163979068,3.7137936415669155,43.99999924944092
5.85383,6.65956,46.99418,4683.94838,-0.43915,54.77714,10.02399794517616,3.7342029818374574,43.99999924944092
5.88992,6.71108,46.94207,4678.4406,-0.41121,54.91191,10.074006245209608,3.752832389397481,43.99999924944092
5.92585,6.76263,46.89347,4672.8991,-0.38276,55.04748,10.119088171905176,3.7696265932684607,43.99999924944092
5.96162,6.81421,46.84843,4667.32656,-0.35385,55.18379,10.159113357189243,3.7845370279127817,43.99999924944092
5.99722,6.86581,46.80701,4661.72571,-0.32457,55.32077,10.193970412086285,3.7975221980062424,43.99999924944092
6.03266,6.91745,46.76922,4656.0994,-0.29497,55.45836,10.22356776196329,3.808547989588569,43.99999924944092
6.06793,6.96911,46.7351,4650.4505,-0.26512,55.5965,10.247834326562012,3.817587923393335,43.99999924944092
6.10303,7.02079,46.70467,4644.78196,-0.2351,55.7351,10.266720035709971,3.8246233469638646,43.99999924944092
6.13797,7.0725,46.67793,4639.09676,-0.20498,55.87412,10.280196173970811,3.8296435630445647,43.99999924944092
6.17274,7.12424,46.65488,4633.39791,-0.17483,56.01347,10.288255549973426,3.832645892660484,43.99999924944092
6.20734,7.176,46.63551,4627.68842,-0.14472,56.15309,10.290912488766615,3.8336356722692133,43.99999924944092
6.24177,7.22779,46.6198,4621.97134,-0.11472,56.29291,10.28820264811209,3.8326261853252044,43.99999924944092
6.27604,7.2796,46.60774,4616.24969,-0.08491,56.43287,10.280182662253516,3.8296385295743574,43.99999924944092
6.31013,7.33143,46.59927,4610.52646,-0.05536,56.57289,10.26692961912104,3.824701422298959,43.99999924944092
6.34406,7.38328,46.59436,4604.80462,-0.02613,56.7129,10.248540379293036,3.817850946613007,43.99999924944092
6.37782,7.43516,46.59295,4599.08712,0.0027,56.85285,10.225130747184778,3.8091302427081906,43.99999924944092
6.41142,7.48706,46.59499,4593.37682,0.03107,56.99266,10.196834506797185,3.798589148644919,43.99999924944092
6.44484,7.53898,46.6004,4587.67654,0.05892,57.13228,10.163802336007686,3.7862837958971096,43.99999924944092
6.4781,7.59092,46.60911,4581.98902,0.08617,57.27163,10.126200614712904,3.772276165353972,43.99999924944092
6.51119,7.64289,46.62104,4576.31693,0.11277,57.41067,10.084210143101508,3.7566336098429263,43.99999924944092
6.54412,7.69487,46.6361,4570.66283,0.13866,57.54933,10.038024787046718,3.739428349502662,43.99999924944092
6.57688,7.74687,46.65419,4565.0292,0.16378,57.68756,9.98785006793409,3.7207369464568947,43.99999924944092
6.60948,7.79888,46.67521,4559.41841,0.18807,57.8253,9.933901714284206,3.7006397652556986,43.99999924944092
6.64191,7.85092,46.69905,4553.83272,0.2115,57.96251,9.876404192212378,3.6792204254330874,43.99999924944092
6.67418,7.90297,46.7256,4548.27429,0.234,58.09914,9.815589231295156,3.656565252353498,43.99999924944092
6.70628,7.95504,46.75474,4542.74512,0.25554,58.23514,9.751694361480897,3.632762732172482,43.99999924944092
6.73823,8.00713,46.78634,4537.24714,0.27607,58.37048,9.684961475806116,3.6079029764107293,43.99999924944092
6.77001,8.05923,46.82028,4531.78211,0.29555,58.50511,9.615635432322078,3.5820772011349407,43.99999924944092
6.80164,8.11135,46.85643,4526.35169,0.31395,58.639,9.543962707413147,3.5553772252834746,43.99999924944092
6.8331,8.16348,46.89464,4520.9574,0.33124,58.77211,9.470190111125001,3.52789499209231,43.99999924944092
6.86441,8.21563,46.93479,4515.60063,0.34739,58.90442,9.394563573687895,3.49972211704303,43.99999924944092
6.89556,8.26779,46.97673,4510.28263,0.36237,59.03591,9.317327010770441,3.4709494651400012,43.99999924944092
6.92656,8.31996,47.02032,4505.00455,0.37616,59.16654,9.238721273525192,3.4416667597747237,43.99999924944092
6.9574,8.37215,47.06541,4499.76737,0.38874,59.2963,9.158983187895101,3.411962224842214,43.99999924944092
6.98809,8.42434,47.11186,4494.57199,0.40009,59.42517,9.078344686234345,3.3819222612469084,43.99999924944092
7.01863,8.47655,47.15952,4489.41914,0.41021,59.55314,8.997032032859618,3.35163115840015,43.99999924944092
7.04901,8.52878,47.20823,4484.30947,0.41909,59.6802,8.915265143913805,3.3211708408515066,43.99999924944092
7.07925,8.58101,47.25787,4479.24347,0.42671,59.80633,8.833257000686796,3.290620649735334,43.99999924944092
7.1094,8.63322,47.31104,4474.21618,0.48042,59.81428,8.747777805287422,3.2587774003560765,0
7.1395,8.68538,47.37034,4469.22513,0.53234,59.82225,8.655781918276826,3.224506511887163,0
7.16956,8.73749,47.43553,4464.27428,0.58235,59.83024,8.557788128737084,3.1880012469118295,0
7.19958,8.78955,47.50637,4459.36732,0.63033,59.83825,8.454325878605761,3.149458836482274,0
7.22956,8.84156,47.58262,4454.5077,0.67619,59.84628,8.345933084920501,3.1090796688484685,0
7.2595,8.89352,47.66399,4449.69857,0.71982,59.85434,8.2331511760963,3.0670654403408375,0
7.2894,8.94543,47.75023,4444.94281,0.76115,59.86242,8.116520413863144,3.0236174126689432,0
7.31925,8.99729,47.84104,4440.24301,0.8001,59.87052,7.996575554375123,2.978934796570465,0
7.34907,9.0491,47.93614,4435.60148,0.83661,59.87865,7.873841890359648,2.933213277407647,0
7.37886,9.10087,48.03524,4431.02027,0.87063,59.88679,7.748831704609221,2.8866436939996665,0
7.4086,9.15259,48.13803,4426.50115,0.90211,59.89497,7.622041154018077,2.8394108778443017,0
7.4383,9.20426,48.24421,4422.04563,0.93103,59.90316,7.49394759295005,2.7916926560020285,0
7.46797,9.25589,48.35348,4417.65495,0.95735,59.91138,7.3650073352941,2.7436590174028272,0
7.4976,9.30747,48.46554,4413.33013,0.98106,59.91963,7.235653846217318,2.695471439226591,0
7.52719,9.35901,48.58007,4409.07195,1.00215,59.9279,7.106296347470622,2.6472823673428123,0
7.55674,9.41051,48.69678,4404.88097,1.02063,59.93619,6.977318814270278,2.5992348426225442,0
7.58626,9.46196,48.81536,4400.75752,1.0365,59.94451,6.8490793371099405,2.551462263196602,0
7.61575,9.51338,48.9355,4396.70178,1.04977,59.95286,6.7219098184483705,2.5040882714637536,0
7.64519,9.56475,49.05691,4392.71369,1.06048,59.96123,6.596115971932864,2.4572267538014265,0
7.67461,9.61608,49.1793,4388.79308,1.06863,59.96962,6.471977590524406,2.4109819404493824,0
7.70399,9.66738,49.30237,4384.93957,1.07428,59.97805,6.349749049509517,2.365448592894868,0
7.73334,9.71864,49.42584,4381.15267,1.07744,59.9865,6.229660010838363,2.3207122662570905,0
7.76265,9.76986,49.54943,4377.43175,1.07818,59.99498,6.111916296215629,2.2768496345365383,0
7.79193,9.82104,49.67286,4373.77605,1.07652,60.00348,5.996700897977146,2.2339288671931277,0
7.82118,9.87219,49.79586,4370.18471,1.07252,60.01202,5.884175098748088,2.1920100462483365,0
7.85039,9.92331,49.91817,4366.65678,1.06624,60.02058,5.774479673119862,2.151145613941467,0
7.87958,9.97439,50.03954,4363.19121,1.05773,60.02917,5.6677361470005145,2.111380841870805,0
7.90873,10.02543,50.15972,4359.78687,1.04704,60.03779,5.564048092855076,2.0727543135047313,0
7.93786,10.07645,50.27846,4356.44259,1.03423,60.04644,5.463502441566687,2.035298412884502,0
7.96695,10.12743,50.39554,4353.15711,1.01937,60.05511,5.366170794181951,1.9990398132839169,0
7.99601,10.17839,50.51072,4349.92912,1.00252,60.06382,5.272110719207063,1.9639999604862508,0
8.02505,10.22931,50.62379,4346.75729,0.98374,60.07255,5.181367023410358,1.9301955461916458,0
8.05405,10.28021,50.73454,4343.64022,0.9631,60.08132,5.093972986241053,1.8976389678705696,0
8.08303,10.33107,50.84276,4340.57651,0.94067,60.09012,5.009951549905863,1.86633877209867,0
8.11197,10.38191,50.94825,4337.56471,0.9165,60.09894,4.929316458947023,1.8363000790795696,0
8.14089,10.43272,51.05084,4334.60335,0.89067,60.1078,4.852073344738444,1.8075249866482224,0
8.16979,10.4835,51.15033,4331.69095,0.86324,60.11669,4.778220751727117,1.780012952572832,0
8.19865,10.53426,51.24656,4328.82601,0.83428,60.1256,4.707751103455991,1.7537611544238005,0
8.22749,10.58499,51.33937,4326.00703,0.80386,60.13455,4.640651607464871,1.7287648266731142,0
8.2563,10.6357,51.42859,4323.23248,0.77204,60.14353,4.576905099033056,1.7050175750106806,0
8.28509,10.68638,51.51407,4320.50085,0.73888,60.15255,4.516490824474241,1.6825116681422898,0
8.31384,10.73704,51.59569,4317.8106,0.70446,60.16159,4.459385165277644,1.6612383075512351,0
8.34258,10.78768,51.67329,4315.16021,0.66884,60.17067,4.405562304870936,1.6411878758850482,0
8.37129,10.83829,51.74676,4312.54815,0.63209,60.17977,4.354994840131267,1.622350164759449,0
8.39997,10.88888,51.81598,4309.97287,0.59426,60.18891,4.307654340043495,1.6047145828732308,0
8.42862,10.93945,51.88083,4307.43285,0.55543,60.19809,4.263511854077642,1.5882703453922433,0
8.45726,10.99,51.94121,4304.92656,0.51565,60.20729,4.222538372952807,1.5730066455960712,0
8.48586,11.04052,51.99703,4302.45246,0.475,60.21653,4.184705244515373,1.5589128098036074,0
8.51445,11.09103,52.04819,4300.00902,0.43352,60.2258,4.149984547421769,1.5459784365797176,0
8.54301,11.14152,52.09461,4297.59471,0.39129,60.2351,4.1183494252756505,1.5341935212101294,0
8.57154,11.19198,52.13621,4295.20799,0.34837,60.24443,4.089774383763468,1.5235485663922494,0
8.60005,11.24243,52.17293,4292.84732,0.30481,60.2538,4.064235553207274,1.5140346800429934,0
8.62854,11.29286,52.20471,4290.51118,0.26068,60.2632,4.041710918805957,1.505643661069703,0
8.657,11.34327,52.23148,4288.19802,0.21604,60.27263,4.022180520659006,1.4983680738842615,0
8.68544,11.39366,52.2532,4285.90628,0.17094,60.2821,4.00562662547751,1.4922013123699582,0
8.71386,11.44403,52.26983,4283.63442,0.12546,60.2916,3.99203387169579,1.487137653939391,0
8.74225,11.49438,52.28133,4281.38089,0.07964,60.30113,3.9813893894833225,1.4831723042420637,0
8.77062,11.54472,52.28767,4279.1441,0.03355,60.3107,3.973682896937333,1.4803014329986601,0
8.79897,11.59504,52.28884,4276.92249,-0.01276,60.32029,3.9689067735188943,1.4785222013579213,0
8.82729,11.64534,52.28481,4274.71446,-0.05922,60.32993,3.9670561115786724,1.4778327810913423,0
8.85559,11.69562,52.27558,4272.51841,-0.10578,60.33959,3.9681287465766464,1.4782323658508132,0
8.88387,11.74589,52.26114,4270.33273,-0.15238,60.34929,3.9721252663932414,1.4797211746372598,0
8.91212,11.79614,52.24151,4268.15578,-0.19895,60.35902,3.9790489998811878,1.482300447535912,0
8.94035,11.84637,52.21669,4265.98592,-0.24544,60.36878,3.9889059846037505,1.4859724336979434,0
8.96856,11.89659,52.18669,4263.82146,-0.2918,60.37857,4.0017049134675995,1.4907403714598133,0
8.99675,11.94679,52.15155,4261.66074,-0.33795,60.3884,4.017457059740215,1.4966084604102752,0
9.02491,11.99697,52.1113,4259.50202,-0.38384,60.39826,4.036176179724387,1.5035818251340682,0
9.05306,12.04714,52.06596,4257.34358,-0.42941,60.40816,4.0578783921564625,1.5116664702845921,0
9.08117,12.09729,52.01559,4255.18366,-0.47461,60.41809,4.082582033171685,1.5208692265546766,0
9.10927,12.14742,51.96024,4253.02047,-0.51936,60.42805,4.110307485509044,1.5311976870508985,0
9.13734,12.19754,51.89996,4250.85219,-0.5636,60.43804,4.141076980405616,1.542660133494007,0
9.16539,12.24764,51.83482,4248.67699,-0.60728,60.44806,4.174914370483484,1.5552654516133286,0
9.19342,12.29772,51.76489,4246.493,-0.65034,60.45812,4.211844871759907,1.5690230350387657,0
9.22142,12.34779,51.69025,4244.2983,-0.6927,60.46821,4.2518947727692336,1.5839426769410556,0
9.2494,12.39784,51.61098,4242.09098,-0.73431,60.47833,4.295091108660934,1.6000344486247144,0
9.27736,12.44787,51.52718,4239.86905,-0.7751,60.48848,4.3414612980824865,1.6173085642573557,0
9.30529,12.49789,51.43895,4237.63054,-0.81501,60.49866,4.3910327405506155,1.6357752308798836,0
9.3332,12.54789,51.34639,4235.37341,-0.85397,60.50888,4.443832372040768,1.6554444828518802,0
9.36109,12.59787,51.24961,4233.0956,-0.89192,60.51912,4.499886176547292,1.6763259998949203,0
9.38895,12.64783,51.14875,4230.79503,-0.92879,60.5294,4.559218651447093,1.698428907926466,0
9.41679,12.69778,51.04392,4228.46957,-0.96451,60.53971,4.621852224666395,1.7217615619391506,0
9.44461,12.74771,50.93526,4226.11708,-0.99901,60.55005,4.687806621878905,1.7463313102654423,0
9.4724,12.79762,50.82292,4223.73537,-1.03223,60.56042,4.757098182268812,1.7721442396813623,0
9.50016,12.84751,50.70704,4221.32226,-1.0641,60.57082,4.829739121807525,1.7992049009576825,0
9.52791,12.89738,50.58779,4218.87551,-1.09455,60.58125,4.9057367435068375,1.8275160146584484,0
9.55562,12.94723,50.46533,4216.39289,-1.12352,60.5917,4.985092594735714,1.8570781572193136,0
9.58331,12.99706,50.33983,4213.87213,-1.15092,60.60219,5.0678015724464185,1.8878894276207274,0
9.61098,13.04687,50.21147,4211.31096,-1.1767,60.61271,5.153850978038749,1.9199450952999946,0
9.63862,13.09666,50.08044,4208.7071,-1.20079,60.62326,5.243219524634986,1.9532372303350727,0
9.66624,13.14643,49.94694,4206.05826,-1.22311,60.63383,5.335876300697288,1.9877543173647838,0
9.69382,13.19618,49.81117,4203.36218,-1.24361,60.64443,5.431779695268997,2.0234808552129233,0
9.72139,13.24591,49.67333,4200.61657,-1.26221,60.65506,5.530876291571246,2.060396944723884,0
9.74892,13.29561,49.53365,4197.81918,-1.27885,60.66572,5.633099737330324,2.0984778679298723,0
9.77643,13.34529,49.39234,4194.96779,-1.29347,60.67641,5.738369601943692,2.1376936623151894,0
9.80391,13.39495,49.24964,4192.06019,-1.306,60.68712,5.846590232458491,2.178008694638112,0
9.83136,13.44458,49.10578,4189.09424,-1.31638,60.69786,5.957649622285841,2.219381239497214,0
9.85878,13.49418,48.96101,4186.06783,-1.32456,60.70862,6.071418308587578,2.261763068578905,0
9.88618,13.54376,48.81557,4182.97893,-1.33047,60.71941,6.187748316271576,2.3050990572679098,0
9.91355,13.59332,48.66972,4179.82556,-1.33408,60.73023,6.306472168523253,2.349326816044216,0
9.94088,13.64284,48.52372,4176.60586,-1.33532,60.74107,6.427401985675497,2.394376354788413,0
9.96819,13.69234,48.37782,4173.31804,-1.33416,60.75193,6.5503286959099345,2.4401697887471463,0
9.99547,13.74181,48.2323,4169.96043,-1.33055,60.76282,6.675021382765828,2.4866210954630144,0
10.02271,13.79125,48.08743,4166.53151,-1.32445,60.77373,6.801226795508171,2.533635932373797,0
10.04993,13.84066,47.94348,4163.02985,-1.31585,60.78466,6.928669049149895,2.5811115250628425,0
10.07711,13.89004,47.80072,4159.45422,-1.3047,60.79562,7.057049541016592,2.6289366361772237,0
10.10426,13.93938,47.65944,4155.80353,-1.291,60.8066,7.186047110372338,2.6769916248925614,0
10.13138,13.98869,47.51992,4152.07689,-1.27473,60.8176,7.315318466387605,2.7251486063423327,0
10.15846,14.03797,47.38243,4148.27359,-1.25589,60.82862,7.444498907832678,2.7732717197225987,0
10.18551,14.08722,47.24725,4144.39313,-1.23448,60.83966,7.573203355080327,2.821217512740163,0
10.21253,14.13643,47.11466,4140.43525,-1.21051,60.85072,7.701027711268548,2.868835448681502,0
10.23951,14.1856,46.98493,4136.3999,-1.18401,60.8618,7.827550564917597,2.915968540682406,0
10.26646,14.23473,46.85833,4132.2873,-1.15499,60.8729,7.952335240766802,2.9624541157186575,0
10.29337,14.28383,46.73514,4128.09791,-1.12349,60.88402,8.074932199217713,3.008124708461737,0
10.32025,14.33289,46.6156,4123.83245,-1.08957,60.89515,8.194881777696487,3.052809082508435,0
10.34709,14.3819,46.49997,4119.49193,-1.05328,60.90631,8.311717259460147,3.0963333735919365,0
10.37389,14.43088,46.3885,4115.07763,-1.01469,60.91748,8.424968247175226,3.1385223463286276,0
10.40065,14.47981,46.28143,4110.5911,-0.97386,60.92866,8.534164310176488,3.1792007529179314,0
10.42738,14.5287,46.17898,4106.03419,-0.9309,60.93987,8.638838865849724,3.218194779059528,0
10.45402,14.57758,46.0792,4101.41364,-0.92642,61.06564,8.741229396801776,3.256337945896176,38.99999933473172
10.48052,14.62646,45.9801,4096.73452,-0.92039,61.19292,8.843709567480662,3.2945145058896337,38.99999933473172
10.50689,14.67535,45.88184,4091.99645,-0.91282,61.32172,8.946050184639851,3.3326390785251294,38.99999933473172
10.53312,14.72425,45.78458,4087.19918,-0.90371,61.45204,9.04800656335099,3.370620512228804,38.99999933473172
10.5592,14.77316,45.6885,4082.3426,-0.89306,61.58386,9.149326145000158,3.408364722271757,38.99999933473172
10.58515,14.82208,45.59375,4077.42676,-0.88088,61.7172,9.24974936731559,3.4457750148782575,38.99999933473172
10.61095,14.871,45.5005,4072.45185,-0.86718,61.85204,9.349010655300443,3.482752456374287,38.99999933473172
10.63661,14.91993,45.4089,4067.4182,-0.852,61.98836,9.446839531017504,3.5191962866115283,38.99999933473172
10.66212,14.96887,45.31911,4062.32633,-0.83534,62.12616,9.542961838273122,3.555004375194364,38.99999933473172
10.68748,15.01781,45.23128,4057.17688,-0.81724,62.26541,9.637101076191565,3.5900737182714058,38.99999933473172
10.71269,15.06676,45.14555,4051.97068,-0.79773,62.40609,9.72897983363359,3.6243009728941624,38.99999933473172
10.73776,15.11571,45.06208,4046.70873,-0.77685,62.54817,9.818321314281953,3.6575830251515087,38.99999933473172
10.76267,15.16467,44.981,4041.39217,-0.75463,62.69162,9.904850940139406,3.6898175875148898,38.99999933473172
10.78743,15.21363,44.90244,4036.02231,-0.73113,62.83641,9.988298019203414,3.720903820091026,38.99999933473172
10.81203,15.26259,44.82654,4030.60064,-0.70639,62.9825,10.068397461197613,3.750742969777024,38.99999933473172
10.83647,15.31156,44.75341,4025.12879,-0.68048,63.12984,10.144891523569171,3.7792390206903415,38.99999933473172
10.86076,15.36053,44.68317,4019.60855,-0.65344,63.2784,10.217531568496934,3.806299348700543,38.99999933473172
10.8849,15.4095,44.61592,4014.04187,-0.62535,63.42811,10.286079810536254,3.831835372472987,38.99999933473172
10.90887,15.45847,44.55177,4008.43083,-0.59627,63.57894,10.350311033676206,3.8557631931178125,38.99999933473172
10.93268,15.50744,44.49081,4002.77768,-0.56627,63.73082,10.41001425614871,3.878004214375146,38.99999933473172
10.95633,15.55641,44.43312,3997.08476,-0.53543,63.88369,10.464994321300072,3.8984857352566062,38.99999933473172
10.97982,15.60538,44.37877,3991.35456,-0.50383,64.0375,10.515073393201082,3.9171415071994153,38.99999933473172
11.00314,15.65435,44.32784,3985.58969,-0.47154,64.19218,10.560092336510207,3.933912248101753,38.99999933473172
11.02631,15.70331,44.28039,3979.79285,-0.43866,64.34766,10.599911961329367,3.9487461060642746,38.99999933473172
11.04931,15.75227,44.23645,3973.96684,-0.40526,64.50388,10.634414115487939,3.961599066294654,38.99999933473172
11.07214,15.80123,44.19608,3968.11453,-0.37145,64.66076,10.663502608693367,3.972435295377995,38.99999933473172
11.09481,15.85019,44.15929,3962.23889,-0.3373,64.81824,10.68710395541385,3.981227418020181,38.99999933473172
11.11731,15.89913,44.1261,3956.34291,-0.30292,64.97624,10.705167926046276,3.987956722372432,38.99999933473172
11.13965,15.94808,44.09654,3950.42966,-0.26839,65.13468,10.717667898810621,3.9926132911212284,38.99999933473172
11.16182,15.99701,44.07059,3944.50221,-0.2338,65.29349,10.724601007903088,3.9951960566792506,38.99999933473172
11.18382,16.04594,44.04824,3938.56368,-0.19926,65.4526,10.725988086655557,3.9957127800107846,38.99999933473172
11.20566,16.09486,44.02949,3932.61717,-0.16486,65.61193,10.721873407539126,3.994179953776191,38.99999933473172
11.22733,16.14378,44.01429,3926.66578,-0.13068,65.77141,10.712324224071631,3.9906226316804094,38.99999933473172
11.24884,16.19268,44.00261,3920.7126,-0.09682,65.93096,10.69743012258973,3.9850741869910054,38.99999933473172
11.27018,16.24158,43.99439,3914.76067,-0.06338,66.09051,10.677302194692835,3.977576004251757,38.99999933473172
11.29135,16.29046,43.98959,3908.81301,-0.03043,66.24999,10.65207204363365,3.9681771091369833,38.99999933473172
11.31236,16.33933,43.98814,3902.87256,0.00192,66.40933,10.621890640136693,3.9569337422138466,38.99999933473172
11.3332,16.38819,43.98996,3896.94219,0.03361,66.56846,10.586927044970949,3.943908883067053,38.99999933473172
11.35388,16.43704,43.99497,3891.02472,0.06454,66.7273,10.547367017035251,3.929171731774025,38.99999933473172
11.37439,16.48588,44.00308,3885.12285,0.09463,66.88581,10.503411526771488,3.9127971551122194,38.99999933473172
11.39475,16.53471,44.01419,3879.2392,0.12382,67.04392,10.455275195299174,3.8948651050956755,38.99999933473172
11.41493,16.58352,44.02819,3873.37629,0.15203,67.20156,10.403184679956668,3.8754600175466463,38.99999933473172
11.43496,16.63231,44.04498,3867.53651,0.17919,67.35868,10.347377026659515,3.8546701983057248,38.99999933473172
11.45483,16.68109,44.06444,3861.72216,0.20523,67.51524,10.288098009043644,3.832587204518988,38.99999933473172
11.47453,16.72986,44.08644,3855.93538,0.2301,67.67117,10.225600473440087,3.809305228097534,38.99999933473172
11.49408,16.77861,44.11085,3850.17822,0.25374,67.82644,10.160142707545182,3.784920488004207,38.99999933473172
11.51347,16.82735,44.13754,3844.45257,0.2761,67.98099,10.09198684931253,3.7595306375239868,38.99999933473172
11.5327,16.87607,44.16638,3838.7602,0.29712,68.1348,10.021397350934572,3.7332341920567136,38.99999933473172
11.55177,16.92477,44.19722,3833.10273,0.31678,68.28782,9.948639511055033,3.706129982327603,38.99999933473172
11.57069,16.97346,44.22991,3827.48165,0.33502,68.44002,9.873978086521504,3.6783166372285545,38.99999933473172
11.58946,17.02212,44.26431,3821.89833,0.35182,68.59137,9.797675993061631,3.6498920997858457,38.99999933473172
11.60807,17.07077,44.30026,3816.35397,0.36714,68.74185,9.719993102378162,3.620953179046386,38.99999933473172
11.62653,17.11941,44.33762,3810.84964,0.38096,68.89144,9.641185141313235,3.591595139987449,38.99999933473172
11.64484,17.16802,44.37622,3805.3863,0.39327,69.04011,9.561502696881824,3.5619113328654555,38.99999933473172
11.663,17.21662,44.41592,3799.96475,0.40403,69.18786,9.481190329303873,3.531992862797099,38.99999933473172
11.68102,17.26519,44.45656,3794.58567,0.41325,69.33466,9.400485793566242,3.5019282997706975,38.99999933473172
11.69888,17.31375,44.49798,3789.2496,0.42091,69.48052,9.319619368616001,3.4718034287530375,38.99999933473172
11.7166,17.36229,44.54002,3783.95697,0.42701,69.62543,9.238813291997259,3.44170103907672,38.99999933473172
11.73418,17.41081,44.58252,3778.70807,0.43154,69.76938,9.158281296581325,3.4117007518599602,38.99999933473172
11.75161,17.45931,44.62535,3773.50311,0.43452,69.91237,9.078228245137781,3.381878883874689,38.99999933473172
11.7689,17.50779,44.66833,3768.34213,0.43595,70.05442,8.998849857642822,3.3523083459617435,38.99999933473172
11.78605,17.55625,44.71131,3763.22512,0.43584,70.19552,8.920332525610888,3.323058573864506,38.99999933473172
11.80306,17.60469,44.75415,3758.15192,0.4342,70.33569,8.842853207230585,3.294195489164286,38.99999933473172
11.81993,17.65311,44.7967,3753.1223,0.43106,70.47494,8.766579396768048,3.265781487882254,38.99999933473172
11.83667,17.70151,44.83881,3748.13591,0.42643,70.61328,8.691669161457195,3.2378754542220483,38.99999933473172
11.85326,17.74989,44.88034,3743.19233,0.42033,70.75072,8.618271239030959,3.2105327969027067,38.99999933473172
11.86973,17.79824,44.92115,3738.29103,0.41279,70.8873,8.546525189025585,3.1838055055235173,38.99999933473172
11.88606,17.84658,44.96109,3733.43143,0.40384,71.02303,8.476561591134134,3.157742224455901,38.99999933473172
11.90225,17.8949,45.00005,3728.61284,0.3935,71.15793,8.408502284019924,3.132388341807713,38.99999933473172
11.91832,17.94319,45.03787,3723.83451,0.38182,71.29203,8.342460638260492,3.1077860911020445,38.99999933473172
11.93425,17.99147,45.07445,3719.09563,0.36883,71.42535,8.27854185740357,3.083974663428499,38.99999933473172
11.95005,18.03972,45.10966,3714.3953,0.35456,71.55792,8.216843301423792,3.0609903279393214,38.99999933473172
11.96573,18.08796,45.14337,3709.73259,0.33905,71.68978,8.157454827218505,3.038866558693052,38.99999933473172
11.98128,18.13617,45.17548,3705.10648,0.32235,71.82095,8.100459141207399,3.017634166007161,38.99999933473172
11.9967,18.18436,45.20587,3700.51591,0.30449,71.95146,8.045932159441827,2.99732143060825,38.99999933473172
12.01199,18.23253,45.23444,3695.95978,0.28552,72.08136,7.993943371021123,2.9779542390141875,38.99999933473172
12.02716,18.28068,45.26109,3691.43692,0.26548,72.21067,7.944556201048559,2.9595562187447593,38.99999933473172
12.0422,18.3288,45.28572,3686.94612,0.24443,72.33943,7.897828369652116,2.9421488720663453,38.99999933473172
12.05712,18.37691,45.30825,3682.48615,0.2224,72.46767,7.85381224404856,2.925751707145054,38.99999933473172
12.07192,18.42499,45.32858,3678.0557,0.19944,72.59545,7.812555180886946,2.910382365578689,38.99999933473172
12.0866,18.47306,45.34663,3673.65346,0.17561,72.72278,7.774099856493539,2.896056745421665,38.99999933473172
12.10115,18.5211,45.36233,3669.27806,0.15095,72.84972,7.73848458291216,2.8827891189183545,38.99999933473172
12.11558,18.56911,45.37561,3664.9281,0.12552,72.9763,7.7057436079119,2.870592244263859,38.99999933473172
12.12989,18.61711,45.3864,3660.60218,0.09936,73.10257,7.675907397405982,2.8594774708124593,38.99999933473172
12.14408,18.66509,45.39463,3656.29882,0.07254,73.22857,7.649002898934549,2.849454837231892,38.99999933473172
12.15816,18.71304,45.40026,3652.01655,0.0451,73.35433,7.625053785093142,2.840533162186858,38.99999933473172
12.17211,18.76097,45.40324,3647.75386,0.01709,73.4799,7.604080675972648,2.8327201272037614,38.99999933473172
12.18594,18.80888,45.40351,3643.50922,-0.01143,73.60533,7.586101339821523,2.8260223514226617,38.99999933473172
12.19966,18.85677,45.40105,3639.28107,-0.0404,73.73065,7.571130871331925,2.8204454580135545,38.99999933473172
12.21326,18.90463,45.3958,3635.06784,-0.06978,73.85592,7.559181847032493,2.8159941320642647,38.99999933473172
12.22673,18.95247,45.38776,3630.86793,-0.0995,73.98117,7.550264457424512,2.8126721698046504,38.99999933473172
12.2401,19.00029,45.37688,3626.67972,-0.12951,74.10646,7.544386615591443,2.8104825190665057,38.99999933473172
12.25334,19.04808,45.36316,3622.50158,-0.15975,74.23181,7.541554042071572,2.8094273109008587,38.99999933473172
12.26647,19.09586,45.34658,3618.33187,-0.19017,74.35729,7.541770325924281,2.8095078823267636,38.99999933473172
12.27948,19.14361,45.32713,3614.16891,-0.22072,74.48294,7.545036961933289,2.8107247901904855,38.99999933473172
12.29237,19.19133,45.30481,3610.01103,-0.25133,74.6088,7.5513533640082064,2.8130778161579326,38.99999933473172
12.30514,19.23903,45.27962,3605.85652,-0.28195,74.73491,7.560716854883455,2.816565962877236,38.99999933473172
12.3178,19.28671,45.25158,3601.7037,-0.31252,74.86133,7.573122632285652,2.8211874413752023,38.99999933473172
12.33034,19.33436,45.22069,3597.55082,-0.343,74.9881,7.58856371183006,2.826939649784749,38.99999933473172
12.34276,19.38199,45.18698,3593.39618,-0.37331,75.11526,7.607030846950811,2.833819143516797,38.99999933473172
12.35507,19.4296,45.15047,3589.23804,-0.4034,75.24287,7.628512426264349,2.8418215970254583,38.99999933473172
12.36726,19.47718,45.11118,3585.07465,-0.43322,75.37097,7.652994348855143,2.850941757348681,38.99999933473172
12.37933,19.52473,45.06916,3580.90426,-0.46272,75.4996,7.680459878051984,2.861173389636069,38.99999933473172
12.39128,19.57226,45.02444,3576.72513,-0.49183,75.62881,7.710889474396674,2.872509214925334,38.99999933473172
12.40311,19.61977,44.97707,3572.5355,-0.5205,75.75865,7.7442606086084815,2.884940840466617,38.99999933473172
12.41482,19.66725,44.92709,3568.33361,-0.54867,75.88916,7.7805475554837376,2.8984586829446846,38.99999933473172
12.42641,19.7147,44.87457,3564.11771,-0.57629,76.02039,7.819721169835926,2.913051885010701,38.99999933473172
12.43789,19.76212,44.81957,3559.88605,-0.60331,76.15239,7.861748645741913,2.9287082255951242,38.99999933473172
12.44924,19.80952,44.76214,3555.63689,-0.62967,76.2852,7.906593260536448,2.945414024538917,38.99999933473172
12.46047,19.85689,44.70237,3551.36848,-0.65532,76.41886,7.954214105213985,2.963154042161132,38.99999933473172
12.47158,19.90423,44.64032,3547.07911,-0.6802,76.55342,8.004565803115613,2.981911374462395,38.99999933473172
12.48257,19.95154,44.57607,3542.76706,-0.70426,76.68892,8.057598219003568,3.001667344747499,38.99999933473172
12.49343,19.99883,44.50971,3538.43064,-0.72746,76.82541,8.113256160890156,3.022401392548841,38.99999933473172
12.50417,20.04608,44.44133,3534.06816,-0.74974,76.96293,8.171479077250037,3.0440909608300237,38.99999933473172
12.51479,20.09331,44.37101,3529.67798,-0.77105,77.10152,8.232200752536569,3.0667113825576893,38.99999933473172
12.52528,20.1405,44.29886,3525.25847,-0.79134,77.24122,8.29534900416214,3.090235767818713,38.99999933473172
12.53565,20.18766,44.22498,3520.80802,-0.81058,77.38207,8.360845384478749,3.1146348928001313,38.99999933473172
12.54589,20.2348,44.14947,3516.32508,-0.8287,77.52411,8.428604891484142,3.139877092019569,38.99999933473172
12.556,20.2819,44.07245,3511.80813,-0.84567,77.66739,8.498535692356104,3.1659281553344845,38.99999933473172
12.56598,20.32896,43.99402,3507.25567,-0.86145,77.81193,8.570538864132976,3.1927512313388386,38.99999933473172
12.57583,20.376,43.9143,3502.66627,-0.876,77.95777,8.644508156137272,3.220306738859645,38.99999933473172
12.58556,20.423,43.83341,3498.03854,-0.88927,78.10495,8.720329778967876,3.2485522883510076,38.99999933473172
12.59515,20.46996,43.75147,3493.37117,-0.90124,78.25349,8.797882225095654,3.2774426150612705,38.99999933473172
12.60461,20.51689,43.66861,3488.66288,-0.91186,78.40344,8.877036126214904,3.3069295258926727,38.99999933473172
12.61394,20.56379,43.58495,3483.91246,-0.92111,78.55481,8.95765415265028,3.336961861927788,38.99999933473172
12.62313,20.61064,43.50063,3479.1188,-0.92896,78.70764,9.039590960118819,3.3674854785969734,38.99999933473172
12.63219,20.65746,43.41578,3474.28083,-0.93537,78.86194,9.122693189132068,3.3984432454556504,38.99999933473172
12.64112,20.70424,43.33053,3469.39759,-0.94033,79.01775,9.206799522234185,3.4297750675069976,38.99999933473172
12.6499,20.75098,43.24501,3464.46819,-0.94382,79.17507,9.2917408039996,3.4614179299042465,38.99999933473172
12.65855,20.79769,43.15937,3459.49183,-0.94582,79.33394,9.377340228497033,3.493305967785949,38.99999933473172
12.66706,20.84435,43.07374,3454.46782,-0.94631,79.49436,9.46341359847392,3.5253705628290044,38.99999933473172
12.67543,20.89097,42.98826,3449.39557,-0.94529,79.65635,9.549769659997851,3.557540467911395,38.99999933473172
12.68365,20.93754,42.90307,3444.27458,-0.94275,79.81991,9.636210515678968,3.5897419610484063,38.99999933473172
12.69174,20.98408,42.8183,3439.10448,-0.93868,79.98505,9.722532118891621,3.6218990295031936,38.99999933473172
12.69968,21.03056,42.73409,3433.88501,-0.93309,80.15177,9.808524850462465,3.6539335846182746,38.99999933473172
12.70748,21.07701,42.65058,3428.61603,-0.92598,80.32008,9.89397417844429,3.685765707598635,38.99999933473172
12.71513,21.12341,42.56791,3423.29751,-0.91737,80.48997,9.978661400474287,3.7173139260597265,38.99999933473172
12.72263,21.16976,42.4862,3417.92956,-0.90725,80.66143,10.062364467070024,3.7484955207268684,38.99999933473172
12.72999,21.21606,42.40559,3412.51242,-0.89567,80.83445,10.144858883008085,3.779226861222512,38.99999933473172
12.73726,21.2623,42.32876,3407.0399,-0.82544,80.84744,10.222209716783347,3.808042082026722,0
12.74451,21.30847,42.25839,3401.50866,-0.75345,80.86041,10.290392135396408,3.83344182694749,0
12.75174,21.35458,42.19462,3395.92351,-0.6799,80.87337,10.349047649460774,3.8552925492559242,0
12.75895,21.40061,42.13753,3390.28949,-0.60505,80.88632,10.397882002911237,3.8734846308253927,0
12.76613,21.44656,42.08723,3384.61185,-0.52915,80.89927,10.436660923960911,3.8879307992512175,0
12.7733,21.49245,42.04378,3378.89604,-0.45244,80.91219,10.46521298333254,3.8985671926170444,0
12.78044,21.53826,42.0072,3373.14761,-0.37518,80.92511,10.483431613129952,3.90535411157758,0
12.78756,21.58399,41.97752,3367.37227,-0.29763,80.93802,10.491276243067782,3.908276442634058,0
12.79465,21.62965,41.95472,3361.57575,-0.22007,80.95091,10.48877253214883,3.90734374444015,0
12.80173,21.67524,41.93877,3355.76385,-0.14274,80.96379,10.47601169580528,3.9025899971443656,0
12.80878,21.72074,41.92961,3349.94235,-0.06592,80.97666,10.453148950373238,3.8940730229158937,0
12.81581,21.76618,41.92717,3344.11699,0.01015,80.98951,10.420401117614537,3.8818735935659405,0
12.82282,21.81153,41.93135,3338.29346,0.0852,81.00236,10.378043451139643,3.866094248306762,0
12.8298,21.85681,41.94202,3332.47732,0.159,81.01519,10.32640576332802,3.8468578509275964,0
12.83677,21.90202,41.95904,3326.674,0.2313,81.028,10.265867945259865,3.8243059208513506,0
12.84371,21.94714,41.98225,3320.88877,0.30188,81.04081,10.196854982688908,3.7985967764533384,0
12.85063,21.9922,42.01147,3315.12669,0.37051,81.0536,10.119831578235697,3.769903531686777,0
12.85753,22.03717,42.0465,3309.39264,0.437,81.06638,10.03529649345922,3.738411988355594,0
12.8644,22.08207,42.08712,3303.69122,0.50114,81.07915,9.94377672453781,3.704318466402324,0
12.87126,22.1269,42.1331,3298.02682,0.56276,81.09191,9.845821622140635,3.667827613405516,0
12.87809,22.17165,42.18421,3292.40352,0.62168,81.10465,9.741997059993595,3.6291502322171034,0
12.8849,22.21632,42.24019,3286.82516,0.67776,81.11739,9.632879748193917,3.5885011625224577,0
12.89169,22.26093,42.30076,3281.29527,0.73085,81.13011,9.519051776895108,3.5460972482194757,0
12.89846,22.30546,42.36566,3275.8171,0.78082,81.14282,9.401095464114187,3.502155418091205,0
12.90521,22.34991,42.43459,3270.39358,0.82758,81.15552,9.279588568751077,3.456890902529618,0
12.91194,22.3943,42.50726,3265.02739,0.87102,81.1682,9.155099916732821,3.4105156041592513,0
12.91864,22.43861,42.58339,3259.72088,0.91107,81.18088,9.02818547523363,3.3632366353808716,0
12.92533,22.48286,42.66266,3254.47612,0.94765,81.19355,8.899384897325653,3.3152550311629856,0
12.93199,22.52703,42.74476,3249.29491,0.98072,81.2062,8.769218547695607,3.2667646410430105,0
12.93864,22.57114,42.8294,3244.17877,1.01023,81.21885,8.638185009431332,3.2179512003396793,0
12.94526,22.61518,42.91625,3239.12896,1.03616,81.23149,8.506759062441382,3.16899157706114,0
12.95187,22.65916,43.00502,3234.14648,1.0585,81.24412,8.37539011606823,3.120053188012134,0
12.95846,22.70307,43.09538,3229.23209,1.07723,81.25674,8.24450107185989,3.0712935751465054,0
12.96502,22.74691,43.18705,3224.38633,1.09239,81.26935,8.114487587254748,3.022860131270429,0
12.97157,22.79069,43.2797,3219.6095,1.10397,81.28195,7.985717707112795,2.974889962778093,0
12.9781,22.83441,43.37304,3214.90172,1.11201,81.29454,7.858531827473886,2.9275098761507015,0
12.98461,22.87806,43.46678,3210.2629,1.11655,81.30713,7.733242954506493,2.8808364744217,0
12.9911,22.92166,43.56061,3205.6928,1.11764,81.31971,7.610137221209058,2.8349763496616194,0
12.99757,22.9652,43.65426,3201.19097,1.11532,81.33228,7.489474624877136,2.790026357703995,0
13.00402,23.00867,43.74745,3196.75686,1.10967,81.34484,7.371489949565625,2.7460739617868164,0
13.01046,23.05209,43.8399,3192.38973,1.10074,81.3574,7.256393839481091,2.7031976324194122,0
13.01687,23.09545,43.93134,3188.08875,1.08862,81.36995,7.1443739914623,2.6614672916128224,0
13.02327,23.13876,44.02153,3183.85294,1.07338,81.3825,7.035596437161534,2.6209447905260808,0
13.02965,23.18201,44.11019,3179.68123,1.0551,81.39504,6.930206888266836,2.581684410596885,0
13.03602,23.22521,44.1971,3175.57245,1.03387,81.40758,6.828332120841785,2.5437333792446,0
13.04236,23.26836,44.28201,3171.52534,1.00978,81.42011,6.730081377678307,2.5071323922835678,0
13.04869,23.31145,44.3647,3167.53857,0.98294,81.43263,6.635547770312769,2.471916136210998,0
13.055,23.35449,44.44495,3163.61071,0.95343,81.44515,6.544809664956822,2.438113804502668,0
13.0613,23.39748,44.52255,3159.74029,0.92135,81.45767,6.4579320391031,2.4057496029842462,0
13.06758,23.44042,44.59731,3155.92579,0.8868,81.47018,6.374967797865413,2.374843240202644,0
13.07384,23.48331,44.66903,3152.1656,0.8499,81.48268,6.295959041224412,2.34541039950837,0
13.08008,23.52615,44.73752,3148.45809,0.81074,81.49519,6.220938275264049,2.3174631902729836,0
13.08631,23.56895,44.80262,3144.80159,0.76943,81.50769,6.149929562142269,2.291010576283434,0
13.09253,23.6117,44.86416,3141.19438,0.72608,81.52018,6.082949605055365,2.2660587799198257,0
13.09872,23.6544,44.92198,3137.63471,0.68079,81.53268,6.020008765731944,2.2426116611986995,0
13.1049,23.69706,44.97595,3134.1208,0.63368,81.54517,5.961112013044721,2.22067107115588,0
13.11107,23.73967,45.02593,3130.65083,0.58484,81.55765,5.9062598022763675,2.2002371793961424,0
13.11722,23.78223,45.07178,3127.22298,0.5344,81.57014,5.855448885294932,2.181308775904871,0
13.12335,23.82476,45.11339,3123.83536,0.48246,81.58262,5.808673052469126,2.1638835474310247,0
13.12947,23.86724,45.15066,3120.48611,0.42913,81.5951,5.765923807639161,2.1479583289315367,0
13.13557,23.90967,45.18347,3117.1733,0.37452,81.60758,5.727190977745653,2.1335293306741154,0
13.14165,23.95207,45.21175,3113.89501,0.31874,81.62005,5.692463258978102,2.1205923416919292,0
13.14772,23.99442,45.23542,3110.64929,0.26189,81.63253,5.661728701396773,2.1091429103180044,0
13.15378,24.03673,45.25439,3107.43416,0.20409,81.645,5.634975134050355,2.0991765025527416,0
13.15982,24.079,45.2686,3104.24763,0.14546,81.65747,5.61219053259474,2.0906886390115806,0
13.16585,24.12123,45.27801,3101.08768,0.08608,81.66993,5.593363331304098,2.0836750111573368,0
13.17186,24.16342,45.28257,3097.95229,0.02609,81.6824,5.578482681272943,2.078131577487265,0
13.17785,24.20557,45.28223,3094.83938,-0.03442,81.69486,5.5675386564226175,2.074054640275895,0
13.18383,24.24768,45.27698,3091.74688,-0.09534,81.70732,5.560522408734001,2.0714409034032983,0
13.1898,24.28975,45.26679,3088.67268,-0.15655,81.71978,5.557426273907599,2.0702875117162534,0
13.19575,24.33178,45.25166,3085.61467,-0.21795,81.73224,5.558243828423021,2.0705920722844016,0
13.20168,24.37377,45.23158,3082.57068,-0.27943,81.7447,5.56296989872401,2.0723526578219134,0
13.2076,24.41572,45.20657,3079.53854,-0.34087,81.75716,5.5716005230114,2.075567792454358,0
13.21351,24.45763,45.17663,3076.51605,-0.40217,81.76961,5.584132865899714,2.0802364199260426,0
13.2194,24.49951,45.14179,3073.50097,-0.46323,81.78206,5.600565085938602,2.0863578542482584,0
13.22528,24.54134,45.10209,3070.49106,-0.52392,81.79451,5.6208961558222095,2.093931712722546,0
13.23114,24.58314,45.05758,3067.48402,-0.58414,81.80696,5.645125634886192,2.102957831189842,0
13.23699,24.62489,45.00829,3064.47755,-0.64378,81.81941,5.673253393360323,2.1134361613073227,0
13.24282,24.66661,44.9543,3061.46931,-0.70272,81.83186,5.70527928769197,2.125366649597855,0
13.24864,24.70829,44.89568,3058.45693,-0.76087,81.8443,5.741202786202967,2.138749097997334,0
13.25445,24.74993,44.83249,3055.43802,-0.8181,81.85674,5.781022544276739,2.153583005600705,0
13.26024,24.79153,44.76483,3052.41015,-0.87431,81.86918,5.824735928326855,2.1698673913277298,0
13.26601,24.8331,44.69279,3049.37088,-0.92938,81.88162,5.872338487868192,2.1876005972555994,0
13.27177,24.87462,44.61648,3046.31773,-0.98321,81.89406,5.923823375180941,2.206780072428512,0
13.27752,24.9161,44.53601,3043.24821,-1.03568,81.90649,5.979180712323636,2.2274021370533665,0
13.28325,24.95755,44.45151,3040.15981,-1.08668,81.91892,6.0383969055627755,2.249461727106761,0
13.28897,24.99895,44.36309,3037.04997,-1.1361,81.93135,6.101453907749063,2.272952119550734,0
13.29467,25.04031,44.2709,3033.91616,-1.18383,81.94378,6.168328429727257,2.2978646385621833,0
13.30036,25.08164,44.17509,3030.75581,-1.22977,81.9562,6.238991102512485,2.3241883434214987,0
13.30603,25.12292,44.07582,3027.56633,-1.27379,81.96862,6.313405592782603,2.351909699010195,0
13.31169,25.16416,43.97324,3024.34515,-1.3158,81.98104,6.391527675153053,2.3810122302088845,0
13.31733,25.20536,43.86753,3021.08968,-1.35568,81.99345,6.473304265748623,2.4114761618773297,0
13.32296,25.24651,43.75888,3017.79735,-1.39333,82.00586,6.558672422795056,2.4432780465485213,0
13.32857,25.28762,43.64746,3014.4656,-1.42865,82.01827,6.64755832124022,2.4763903824480877,0
13.33417,25.32869,43.53347,3011.09188,-1.46153,82.03067,6.739876209895221,2.5107812250019146,0
13.33976,25.36972,43.41713,3007.67366,-1.49188,82.04307,6.835527361095849,2.546413795557404,0
13.34533,25.4107,43.29863,3004.20846,-1.51959,82.05546,6.9343990245475435,2.583246091663194,0
13.35088,25.45163,43.1782,3000.69385,-1.54457,82.06785,7.0363633987133465,2.621230503884103,0
13.35642,25.49252,43.05606,2997.12741,-1.56674,82.08024,7.141276634843119,2.660313444775821,0
13.36194,25.53337,42.93244,2993.50684,-1.58599,82.09262,7.2489778904629,2.7004349962847742,0
13.36745,25.57416,42.80758,2989.82986,-1.60226,82.10499,7.359288450847113,2.741528582473418,0
13.37294,25.61491,42.68172,2986.09432,-1.61547,82.11736,7.472010938508927,2.783520675034594,0
13.37842,25.65561,42.55512,2982.29813,-1.62554,82.12972,7.58692863218605,2.8263305395958205,0
13.38388,25.69626,42.42801,2978.43933,-1.6324,82.14208,7.703804917896042,2.869870031222948,0
13.38933,25.73686,42.30066,2974.51608,-1.636,82.15443,7.822382895501802,2.9140434478554575,0
13.39476,25.77741,42.17333,2970.52666,-1.6363,82.16677,7.942385164588322,2.9587474505399136,0
13.40018,25.81791,42.04628,2966.46953,-1.63323,82.1791,8.06351381344608,3.003871059325992,0
13.40558,25.85835,41.91977,2962.34328,-1.62677,82.19143,8.18545063428171,3.049295733438112,0
13.41096,25.89874,41.79408,2958.14669,-1.6169,82.20375,8.307857586574373,3.0948955438878802,0
13.41633,25.93908,41.66946,2953.87873,-1.60359,82.21606,8.430377528437837,3.1405374459257067,0
13.42168,25.97936,41.54618,2949.53857,-1.58685,82.22836,8.552635233283155,3.1860816577744018,0
13.42702,26.01958,41.42451,2945.12558,-1.56666,82.24066,8.674238705435252,3.2313821507309743,0
13.43233,26.05975,41.30471,2940.63938,-1.54307,82.25294,8.794780804209646,3.2762872541779373,0
13.43764,26.09986,41.18703,2936.07982,-1.51608,82.26522,8.913841180831913,3.320640377136779,0
13.44292,26.13991,41.07175,2931.44698,-1.48575,82.27748,9.030988526892777,3.364280845876633,0
13.44819,26.17989,40.9591,2926.74121,-1.45212,82.28974,9.145783126623616,3.407044854704071,0
13.45345,26.21982,40.84932,2921.96313,-1.41526,82.30198,9.257779698396197,3.4487665244965116,0
13.45868,26.25968,40.74267,2917.11361,-1.37525,82.31421,9.366530503673204,3.489279060868095,0
13.4639,26.29949,40.63936,2912.1938,-1.33219,82.32644,9.471588694213711,3.52841600109179,0
13.4691,26.33922,40.53963,2907.20513,-1.28617,82.33865,9.5725118610686,3.566012536193573,0
13.47429,26.37889,40.44367,2902.14929,-1.23733,82.35084,9.668865741916091,3.601906892032449,0
13.47946,26.4185,40.35168,2897.02825,-1.18579,82.36303,9.760228036818715,3.6359417507703293,0
13.48461,26.45804,40.26387,2891.84425,-1.13169,82.3752,9.84619227691935,3.6679656920631007,0
13.48974,26.49751,40.18039,2886.59978,-1.0752,82.38736,9.926371686086044,3.697834631624918,0
13.49486,26.53691,40.10142,2881.29759,-1.01648,82.39951,10.000402972211155,3.7254132335868917,0
13.49996,26.57624,40.0271,2875.94067,-0.95572,82.41164,10.067949983286056,3.7505762724811165,0
13.50504,26.6155,39.95755,2870.53223,-0.89309,82.42376,10.128707163129992,3.773209920590595,0
13.51011,26.65469,39.89291,2865.07569,-0.82882,82.43587,10.182402743464397,3.7932129370809093,0
13.51515,26.69381,39.83325,2859.57467,-0.76309,82.44796,10.228801612403725,3.8104977365885255,0
13.52018,26.73285,39.77868,2854.03297,-0.69614,82.46003,10.267707804544845,3.824991316844618,0
13.52519,26.77183,39.72925,2848.45454,-0.62818,82.4721,10.298966564734497,3.8366360274827427,0
13.53019,26.81072,39.685,2842.84344,-0.55944,82.48414,10.322465945725348,3.84539016520776,0
13.53516,26.84955,39.64598,2837.20387,-0.49015,82.49618,10.338137909380194,3.851228384023372,0
13.54012,26.8883,39.61219,2831.5401,-0.42055,82.50819,10.345958911425726,3.85414191306828,0
13.54506,26.92697,39.58363,2825.85647,-0.35087,82.5202,10.34594996064513,3.854138579,0
13.54998,26.96557,39.56027,2820.15734,-0.28135,82.53218,10.338176154503985,3.8512426313382737,0
13.55489,27.00409,39.54207,2814.44709,-0.21223,82.54415,10.32274570420896,3.845494382603795,0
13.55978,27.04254,39.52897,2808.7301,-0.14373,82.55611,10.299808472645537,3.8369496603315345,0
13.56465,27.08091,39.5209,2803.01068,-0.07609,82.56805,10.269554058306477,3.8256790949486854,0
13.5695,27.11921,39.51777,2797.29312,-0.00953,82.57997,10.232209466857256,3.811767252038513,0
13.57433,27.15742,39.51947,2791.58161,0.05574,82.59188,10.188036419166794,3.795311629510981,0
13.57915,27.19557,39.52587,2785.88024,0.1195,82.60378,10.13732835031676,3.7764215396547534,0
13.58395,27.23363,39.53685,2780.19298,0.18155,82.61566,10.080407158087548,3.755216897862667,0
13.58873,27.27162,39.55225,2774.52366,0.2417,82.62752,10.017619761851693,3.7318269407289897,0
13.59349,27.30953,39.5719,2768.87597,0.29976,82.63937,9.949334533415911,3.7063888964441682,0
13.59824,27.34737,39.59565,2763.25342,0.35557,82.6512,9.875937660559398,3.679046630117166,0
13.60297,27.38513,39.62329,2757.65935,0.40897,82.66302,9.79782950165622,3.649949285776384,0
13.60768,27.42282,39.65463,2752.09692,0.45979,82.67482,9.715420986236124,3.6192499454838605,0
13.61238,27.46043,39.68947,2746.56908,0.50791,82.6866,9.629130111675735,3.587104324260561,0
13.61706,27.49797,39.7276,2741.07858,0.55321,82.69838,9.539378580753038,3.5536695174869517,0
13.62172,27.53544,39.76879,2735.62798,0.59556,82.71013,9.446588618740625,3.5191028151864914,0
13.62636,27.57283,39.81283,2730.21961,0.63487,82.72188,9.351180002273384,3.483560595200662,0
13.63099,27.61015,39.85947,2724.85561,0.67106,82.73361,9.253567325614892,3.4471973048012763,0
13.6356,27.6474,39.90849,2719.53789,0.70404,82.74532,9.154157523423278,3.4101645378555854,0
13.6402,27.68457,39.95964,2714.26817,0.73376,82.75702,9.053347662793513,3.3726102123039285,0
13.64478,27.72168,40.01269,2709.04796,0.76017,82.76871,8.951523011366785,3.33467785047965,0
13.64934,27.75872,40.06738,2703.87857,0.78323,82.78039,8.849055382862144,3.296505962776103,0
13.65389,27.79568,40.12349,2698.76112,0.80292,82.79205,8.746301756506426,3.258227533347975,0
13.65842,27.83258,40.18076,2693.69651,0.81921,82.8037,8.64360316250357,3.219969604919276,0
13.66293,27.86941,40.23895,2688.6855,0.83211,82.81534,8.541283822151915,3.181852958454413,0
13.66743,27.90617,40.29782,2683.72865,0.84161,82.82696,8.439650528244222,3.143991882340894,0
13.67192,27.94287,40.35713,2678.82635,0.84775,82.83857,8.338992249081237,3.1064940248739603,0
13.67639,27.9795,40.41664,2673.97883,0.85053,82.85017,8.239579937789614,3.069460323222497,0
13.68084,28.01607,40.47613,2669.18618,0.85,82.86176,8.141666527510461,3.0329850016366393,0
13.68528,28.05257,40.53536,2664.44831,0.8462,82.87334,8.045487092425756,2.9971556314343446,0
13.6897,28.08901,40.5941,2659.76504,0.83917,82.8849,7.951259154499083,2.9620532452703987,0
13.69411,28.12539,40.65215,2655.13601,0.82898,82.89646,7.859183116020985,2.927752498270929,0
13.6985,28.16171,40.70927,2650.56078,0.81568,82.908,7.769442799,2.8943218688478303,0
13.70288,28.19796,40.76528,2646.03877,0.79935,82.91954,7.682206070616513,2.861823892311449,0
13.70725,28.23416,40.81995,2641.5693,0.78007,82.93106,7.597625544286019,2.8303154208057553,0
13.71159,28.27029,40.8731,2637.15157,0.7579,82.94258,7.5158393285422,2.7998479035163344,0
13.71593,28.30637,40.92454,2632.78473,0.73294,82.95408,7.436971820415142,2.7704676816099765,0
13.72025,28.34239,40.97408,2628.46779,0.70528,82.96558,7.361134522780679,2.7422162928417477,0
13.72456,28.37835,41.02154,2624.19971,0.67502,82.97706,7.288426875820773,2.715130781295855,0
13.72885,28.41425,41.06677,2619.97938,0.64224,82.98854,7.218937091415407,2.6892440082185884,0
13.73313,28.4501,41.10959,2615.80558,0.60705,83.00001,7.1527429809517376,2.6645849603990044,0
13.7374,28.4859,41.14986,2611.67706,0.56956,83.01147,7.089912768259414,2.6411790530087242,0
13.74165,28.52164,41.18743,2607.5925,0.52987,83.02292,7.03050588060309,2.619048424267456,0
13.74589,28.55732,41.22216,2603.5505,0.48809,83.03436,6.974573711705735,2.5982122196892563,0
13.75011,28.59295,41.25392,2599.54963,0.44433,83.0458,6.922160351824809,2.5786868640551144,0
13.75432,28.62853,41.2826,2595.58841,0.3987,83.05722,6.873303280755153,2.5604863195747605,0
13.75852,28.66406,41.30807,2591.66529,0.35132,83.06864,6.8280340204755605,2.5436223290146884,0
13.76271,28.69953,41.33024,2587.7787,0.3023,83.08005,6.786378744856965,2.5281046428304976,0
13.76688,28.73495,41.349,2583.927,0.25177,83.09146,6.748358844443358,2.513941229562643,0
13.77104,28.77032,41.36427,2580.10853,0.19983,83.10285,6.713991444885283,2.501138468966556,0
13.77519,28.80565,41.37597,2576.32159,0.14662,83.11424,6.683289878011519,2.489701327499237,0
13.77932,28.84092,41.38403,2572.56443,0.09224,83.12563,6.656264104927554,2.479633515934574,0
13.78344,28.87614,41.38838,2568.83528,0.03683,83.137,6.632921090825965,2.470937628990066,0
13.78755,28.91131,41.38897,2565.13232,-0.0195,83.14837,6.613265131421505,2.463615266932487,0
13.79164,28.94643,41.38575,2561.45371,-0.07663,83.15973,6.597298131137794,2.457667139209743,0
13.79573,28.98151,41.37868,2557.79759,-0.13442,83.17108,6.585019833309976,2.4530931502074216,0
13.7998,29.01653,41.36773,2554.16203,-0.19277,83.18243,6.576428002766625,2.449892467265357,0
13.80385,29.05151,41.35289,2550.54511,-0.25154,83.19377,6.571518561246533,2.4480635711239414,0
13.8079,29.08644,41.33414,2546.94486,-0.31061,83.2051,6.570285676153375,2.4476042889875815,0
13.81193,29.12132,41.31147,2543.35929,-0.36986,83.21643,6.572721803201516,2.448511810411374,0
13.81595,29.15615,41.28489,2539.78638,-0.42916,83.22775,6.5788176835174825,2.4507826862213355,0
13.81996,29.19094,41.2544,2536.22409,-0.48839,83.23906,6.588562295813358,2.4544128106977303,0
13.82395,29.22567,41.22004,2532.67034,-0.54742,83.25037,6.6019427642691335,2.4593973872588197,0
13.82794,29.26036,41.18182,2529.12306,-0.60614,83.26167,6.618944222821853,2.4657308779050044,0
13.83191,29.29501,41.13979,2525.58011,-0.6644,83.27296,6.639549636584288,2.473406936692577,0
13.83587,29.3296,41.09398,2522.03937,-0.7221,83.28425,6.663739581261178,2.482418327560469,0
13.83981,29.36415,41.04445,2518.49867,-0.77911,83.29553,6.6914919814758616,2.492756826850036,0
13.84375,29.39865,40.99126,2514.95585,-0.8353,83.3068,6.722781809129312,2.5044131109358605,0
13.84767,29.43311,40.93449,2511.40871,-0.89056,83.31807,6.757580743062041,2.517376629440858,0
13.85158,29.46751,40.87419,2507.85504,-0.94475,83.32932,6.795856791518993,2.53163546459452,0
13.85548,29.50187,40.81046,2504.29264,-0.99777,83.34058,6.837573879245942,2.5471761774154467,0
13.85937,29.53618,40.7434,2500.71927,-1.04948,83.35182,6.882691401283998,2.563983641488073,0
13.86324,29.57045,40.67309,2497.1327,-1.09977,83.36306,6.931163746016952,2.5820408652852462,0
13.8671,29.60466,40.59965,2493.53069,-1.14853,83.37429,6.9829397903826,2.601328804121167,0
13.87095,29.63883,40.52319,2489.91102,-1.19563,83.38551,7.037962370699065,2.621826163020269,0
13.87479,29.67295,40.44383,2486.27145,-1.24096,83.39673,7.0961677330925745,2.643509191987106,0
13.87861,29.70702,40.36169,2482.60975,-1.28441,83.40794,7.157484968132415,2.666351475392999,0
13.88243,29.74104,40.27693,2478.92373,-1.32586,83.41914,7.221835434910434,2.690323717430493,0
13.88623,29.77501,40.18967,2475.21118,-1.36522,83.43033,7.289132180515304,2.7153935258522517,0
13.89002,29.80893,40.10006,2471.46995,-1.40236,83.44151,7.359279361584336,2.7415251964838805,0
13.8938,29.8428,40.00826,2467.6979,-1.4372,83.45269,7.4321716753486395,2.7686795012732865,0
13.89756,29.87662,39.91444,2463.89292,-1.46963,83.46386,7.507693808375604,2.796813482932743,0
13.90131,29.91039,39.81874,2460.05297,-1.49955,83.47501,7.5857199119543575,2.8258802595061714,0
13.90505,29.9441,39.72136,2456.17602,-1.52688,83.48616,7.666113113766999,2.8558288424538256,0
13.90878,29.97777,39.62246,2452.26013,-1.55153,83.49731,7.748725076235761,2.8866039721249916,0
13.9125,30.01138,39.52223,2448.30342,-1.57342,83.50844,7.833395612433326,2.9181459746744705,0
13.9162,30.04494,39.42085,2444.30407,-1.59247,83.51956,7.919952371028653,2.9503906446966153,0
13.91989,30.07845,39.31851,2440.26035,-1.6086,83.53067,8.008210602045148,2.983269157964078,0
13.92357,30.1119,39.21541,2436.17061,-1.62177,83.54177,8.09797301541282,3.016708018734774,0
13.92724,30.14529,39.11173,2432.03332,-1.6319,83.55287,8.18902974428813,3.0506290460875554,0
13.93089,30.17864,39.00769,2427.84702,-1.63895,83.56395,8.281158424899983,3.084949403666948,0
13.93453,30.21192,38.90348,2423.61041,-1.64288,83.57502,8.37412440415688,3.119581677022271,0
13.93816,30.24515,38.79931,2419.32229,-1.64365,83.58608,8.467681085480248,3.1544340024396615,0
13.94177,30.27832,38.69537,2414.98158,-1.64123,83.59713,8.561570422281505,3.1894102507752593,0
13.94538,30.31143,38.59187,2410.58738,-1.63562,83.60817,8.655523567000765,3.224410269239199,0
13.94897,30.34449,38.48902,2406.1389,-1.62679,83.6192,8.749261682001006,3.259330183475033,0
13.95255,30.37748,38.38702,2401.63554,-1.61477,83.63021,8.842496916428615,3.294062761465977,0
13.95611,30.41042,38.28606,2397.07683,-1.59955,83.64121,8.934933550833787,3.3284978399361314,0
13.95966,30.44329,38.18635,2392.46252,-1.58116,83.6522,9.026269308620936,3.362522812900266,0
13.9632,30.4761,38.08808,2387.79249,-1.55964,83.66318,9.11619683046362,3.3960231809221693,0
13.96673,30.50885,37.99144,2383.06683,-1.53503,83.67414,9.204405304657124,3.428883158463886,0
13.97024,30.54154,37.89663,2378.2858,-1.50738,83.6851,9.290582243071603,3.460986335474995,0
13.97374,30.57416,37.80382,2373.44988,-1.47677,83.69603,9.374415388998608,3.4922163881156263,0
13.97723,30.60672,37.71318,2368.5597,-1.44328,83.70696,9.455594739790541,3.522457832242891,0
13.9807,30.63921,37.6249,2363.61612,-1.40699,83.71787,9.533814663949512,3.551596812082177,0
13.98416,30.67164,37.53912,2358.62018,-1.36802,83.72876,9.608776089224845,3.5795219153510414,0
13.98761,30.70399,37.45602,2353.57311,-1.32646,83.73964,9.680188735564697,3.6061250050924465,0
13.99105,30.73629,37.37572,2348.47633,-1.28245,83.75051,9.747773364339247,3.631302057569572,0
13.99447,30.76851,37.29838,2343.33145,-1.23611,83.76136,9.811264013480292,3.654953994914131,0
13.99788,30.80066,37.22411,2338.14024,-1.18761,83.7722,9.87041018682009,3.6769875007126864,0
14.00127,30.83275,37.15303,2332.90468,-1.13708,83.78302,9.924978965385987,3.6973158065194602,0
14.00465,30.86476,37.08526,2327.62689,-1.08469,83.79382,9.974757008414999,3.7158594372869045,0
14.00802,30.89671,37.02087,2322.30914,-1.03062,83.80461,10.01955241275673,3.7325469040422226,0
14.01137,30.92858,36.95997,2316.95386,-0.97505,83.81539,10.059196400872864,3.747315332711587,0
14.01471,30.96038,36.90261,2311.56362,-0.91815,83.82614,10.093544809991636,3.760111018869366,0
14.01804,30.99211,36.84887,2306.14109,-0.86013,83.83688,10.122479357973264,3.7708898993062987,0
14.02135,31.02377,36.79877,2300.68907,-0.80118,83.84761,10.14590866506013,3.779617932658327,0
14.02465,31.05535,36.75236,2295.21043,-0.7415,83.85832,10.163769014923714,3.7862713829165995,0
14.02794,31.08686,36.70967,2289.70815,-0.6813,83.86901,10.17602484292858,3.7908370013186548,0
14.03121,31.11829,36.67069,2284.18524,-0.62079,83.87968,10.182668944502149,3.7933121039716426,0
14.03447,31.14965,36.63542,2278.64479,-0.56017,83.89034,10.183722401537091,3.7937045444352813,0
14.03772,31.18094,36.60385,2273.08991,-0.49965,83.90098,10.179234229804472,3.7920325823739747,0
14.04095,31.21215,36.57594,2267.52373,-0.43945,83.9116,10.169280755382472,3.7883246512601065,0
14.04417,31.24328,36.55166,2261.94937,-0.37976,83.9222,10.153964732744855,3.782619029838785,0
14.04738,31.27434,36.53094,2256.36996,-0.32079,83.93279,10.133414221535565,3.774963423696832,0
14.05057,31.30533,36.51373,2250.78858,-0.26274,83.94336,10.10778124283383,3.7654144646861756,0
14.05375,31.33624,36.49995,2245.20829,-0.2058,83.95392,10.077240239060002,3.754037137198252,0
14.05691,31.36707,36.48951,2239.63209,-0.15017,83.96445,10.041986364164146,3.740904141214271,0
14.06006,31.39783,36.48231,2234.06289,-0.09602,83.97497,10.002233632799594,3.7260952028236636,0
14.0632,31.42851,36.47824,2228.50356,-0.04353,83.98547,9.95821295828067,3.70969634331171,0
14.06633,31.45912,36.47719,2222.95685,0.00713,83.99596,9.910170109725614,3.6917991181415273,0
14.06944,31.48965,36.47902,2217.42542,0.05581,84.00643,9.858363618549207,3.6724998370674955,0
14.07254,31.52011,36.48362,2211.91183,0.10235,84.01688,9.803062663759933,3.6518987763527977,0
14.07562,31.55049,36.49083,2206.41851,0.14661,84.02731,9.744544964060891,3.630099393521563,0
14.0787,31.5808,36.50051,2200.94777,0.18847,84.03773,9.683094702960268,3.607207554407901,0
14.08176,31.61103,36.5125,2195.5018,0.22781,84.04813,9.619000510836834,3.583330781422232,0
14.0848,31.64119,36.52664,2190.08265,0.26451,84.05851,9.552553525265889,3.5585775309716428,0
14.08784,31.67128,36.54277,2184.69224,0.29847,84.06888,9.484045548162337,3.5330565069472066,0
14.09086,31.70129,36.56073,2179.33235,0.32961,84.07923,9.413767315314228,3.506876016079692,0
14.09387,31.73123,36.58033,2174.00461,0.35786,84.08956,9.342006890880645,3.48014336984778,0
14.09687,31.7611,36.6014,2168.71051,0.38314,84.09988,9.26904819643194,3.4529643365068536,0
14.09985,31.79089,36.62377,2163.4514,0.4054,84.11018,9.195169681237624,3.425442645736246,0
14.10282,31.82062,36.64726,2158.22851,0.42459,84.12047,9.120643137743015,3.3976795473731287,0
14.10578,31.85027,36.67169,2153.04289,0.44069,84.13074,9.04573266362773,3.3697734247519877,0
14.10873,31.87986,36.69688,2147.89549,0.45366,84.141,8.970693769535687,3.3418194623105717,0
14.11166,31.90937,36.72265,2142.7871,0.4635,84.15124,8.89577262945743,3.313909366337584,0
14.11458,31.93881,36.74883,2137.71839,0.4702,84.16146,8.821205469024145,3.286131137096114,0
14.11749,31.96819,36.77522,2132.68988,0.47376,84.17168,8.747218085403489,3.258568889972196,0
14.12039,31.9975,36.80167,2127.70201,0.4742,84.18187,8.674025491270836,3.231302722844727,0
14.12328,32.02674,36.828,2122.75504,0.47154,84.19205,8.601831674368393,3.2044086265149225,0
14.12616,32.05591,36.85402,2117.84916,0.46581,84.20222,8.53082946345756,3.177958434770033,0
14.12902,32.08502,36.87959,2112.98442,0.45706,84.21238,8.461200490953047,3.152019810463575,0
14.13187,32.11406,36.90454,2108.16077,0.44533,84.22252,8.393115242323287,3.126656263918282,0
14.13471,32.14304,36.9287,2103.37805,0.43068,84.23264,8.326733182192372,3.101927199902396,0
14.13754,32.17195,36.95192,2098.636,0.41316,84.24276,8.262202947241052,3.0778879894903617,0
14.14036,32.20079,36.97405,2093.93428,0.39284,84.25286,8.199662596171382,3.054590063181238,0
14.14316,32.22958,36.99494,2089.27242,0.3698,84.26294,8.139239907368946,3.032081021785706,0
14.14596,32.2583,37.01445,2084.6499,0.34411,84.27302,8.081052715345574,3.0104047617598364,0
14.14874,32.28696,37.03246,2080.0661,0.31587,84.28308,8.02520927750268,2.9896016118340785,0
14.15152,32.31555,37.04881,2075.52032,0.28515,84.29313,7.971808663380239,2.9697084780187493,0
14.15428,32.34409,37.0634,2071.01179,0.25207,84.30316,7.92094115906803,2.9507589942578627,0
14.15703,32.37256,37.07611,2066.53965,0.2167,84.31319,7.872688680120058,2.932783676250612,0
14.15977,32.40097,37.08682,2062.103,0.17916,84.3232,7.827125186904032,2.9158100761799837,0
14.1625,32.42933,37.09542,2057.70084,0.13955,84.3332,7.784317096914129,2.899862936310109,0
14.16522,32.45762,37.10182,2053.33214,0.09798,84.34318,7.744323689168713,2.884964339635053,0
14.16793,32.48585,37.10592,2048.99578,0.05457,84.35316,7.707197496384775,2.871133855974113,0
14.17063,32.51403,37.10764,2044.69062,0.00942,84.36313,7.672984681156785,2.8583886821083406,0
14.17332,32.54215,37.10691,2040.41542,-0.03734,84.37308,7.641725392873617,2.8467437747414857,0
14.176,32.57021,37.10363,2036.16894,-0.08559,84.38302,7.613454102572824,2.836211975242024,0
14.17867,32.59821,37.09776,2031.94985,-0.13521,84.39295,7.588199913390296,2.8268041252938234,0
14.18132,32.62615,37.08923,2027.75679,-0.18608,84.40287,7.565986844650675,2.818529172727301,0
14.18397,32.65404,37.07799,2023.58837,-0.23806,84.41278,7.546834088018383,2.811394266942416,0
14.18661,32.68187,37.06399,2019.44312,-0.29104,84.42268,7.530756234488304,2.805404843468675,0
14.18924,32.70965,37.0472,2015.31958,-0.34488,84.43256,7.51776347127395,2.800564697311153,0
14.19185,32.73737,37.02759,2011.21621,-0.39946,84.44244,7.507861747975931,2.7968760448526218,0
14.19446,32.76503,37.00513,2007.13145,-0.45464,84.4523,7.501052911662394,2.794339574174564,0
14.19706,32.79264,36.97981,2003.06373,-0.51029,84.46216,7.497334810710477,2.7929544837408513,0
14.19964,32.8202,36.95161,1999.01141,-0.56628,84.472,7.496701367547352,2.792718509495694,0
14.20222,32.84769,36.92054,1994.97284,-0.62248,84.48184,7.499142620597015,2.793627940489927,0
14.20479,32.87514,36.88659,1990.94635,-0.67875,84.49166,7.504644735972636,2.795677623236714,0
14.20735,32.90253,36.84979,1986.93022,-0.73496,84.50147,7.513189989652639,2.798860955071671,0
14.2099,32.92986,36.81014,1982.92275,-0.79099,84.51127,7.524756721095998,2.803169866873344,0
14.21244,32.95714,36.76767,1978.92217,-0.84669,84.52106,7.539319259437727,2.8085947955690815,0
14.21496,32.98436,36.72242,1974.92673,-0.90194,84.53084,7.556847823640386,2.8151246469388536,0
14.21748,33.01153,36.67442,1970.93465,-0.95661,84.54061,7.577308398183876,2.82274674930642,0
14.21999,33.03865,36.62372,1966.94413,-1.01056,84.55037,7.600662586104582,2.8314467987925487,0
14.22249,33.06571,36.57037,1962.95337,-1.06367,84.56012,7.626867441436167,2.841208796894805,0
14.22499,33.09272,36.51443,1958.96056,-1.11581,84.56986,7.655875283357765,2.852014981252856,0
14.22747,33.11967,36.45595,1954.96389,-1.16685,84.57958,7.687633494618859,2.863845750556442,0
14.22994,33.14657,36.39502,1950.96154,-1.21668,84.5893,7.7220843070766385,2.876679584652395,0
14.2324,33.17341,36.3317,1946.95171,-1.26516,84.599,7.759164577459816,2.890492961010761,0
14.23485,33.2002,36.26608,1942.93257,-1.31218,84.6087,7.798805556808664,2.905260268835146,0
14.2373,33.22693,36.19825,1938.90235,-1.35762,84.61838,7.840932657270038,2.9209537221877317,0
14.23973,33.25361,36.1283,1934.85925,-1.40136,84.62805,7.885465220286988,2.9375432736337967,0
14.24215,33.28024,36.05633,1930.80151,-1.44331,84.63771,7.932316290473745,2.9549965300042116,0
14.24457,33.3068,35.98244,1926.7274,-1.48334,84.64736,7.98139239979822,2.973278671997728,0
14.24698,33.33332,35.90674,1922.63519,-1.52135,84.657,8.032593366895478,2.9923523794199807,0
14.24937,33.35977,35.82934,1918.5232,-1.55725,84.66663,8.085812116657346,3.0121777639758567,0
14.25176,33.38617,35.75037,1914.38979,-1.59093,84.67624,8.140934525407893,3.0327123115932983,0
14.25413,33.41251,35.66993,1910.23335,-1.62232,84.68585,8.197839297129986,3.053910836314433,0
14.2565,33.4388,35.58817,1906.05233,-1.65131,84.69544,8.256397876371905,3.075725447850997,0
14.25886,33.46503,35.5052,1901.84523,-1.67783,84.70502,8.316474403488916,3.0981055349106463,0
14.26121,33.4912,35.42116,1897.61059,-1.70181,84.71459,8.377925717817563,3.1209977663794572,0
14.26355,33.51732,35.33618,1893.34704,-1.72317,84.72414,8.440601414340346,3.144346112431019,0
14.26588,33.54337,35.2504,1889.05326,-1.74186,84.73368,8.504343959154303,3.1680918875415105,0
14.2682,33.56937,35.16396,1884.72802,-1.75782,84.74321,8.568988868733141,3.1921738172695675,0
14.27051,33.59531,35.07701,1880.37017,-1.771,84.75273,8.634364957603756,3.216528130522294,0
14.27281,33.62119,34.98967,1875.97862,-1.78136,84.76223,8.700294658475336,3.2410886788117907,0
14.2751,33.64701,34.90211,1871.5524,-1.78886,84.77172,8.766594418213726,3.2657870837660083,0
14.27738,33.67277,34.81445,1867.09063,-1.79349,84.7812,8.833075172282548,3.2905529138705583,0
14.27966,33.69846,34.72685,1862.59253,-1.79523,84.79067,8.89954289932226,3.3153138910640036,0
14.28192,33.7241,34.63945,1858.05742,-1.79407,84.80012,8.965799256583354,3.33999612745344,0
14.28417,33.74968,34.55239,1853.48474,-1.79001,84.80955,9.03164229571694,3.3645243919653267,0
14.28642,33.77519,34.46581,1848.87404,-1.78306,84.81898,9.096867257282861,3.3888224063206565,0
14.28865,33.80064,34.37985,1844.22501,-1.77325,84.82838,9.161267440945347,3.412813169205745,0
14.29088,33.82602,34.29465,1839.53741,-1.7606,84.83778,9.224635147050256,3.436419307034516,0
14.29309,33.85135,34.21034,1834.81119,-1.74515,84.84716,9.286762683810736,3.4595634491516685,0
14.2953,33.87661,34.12706,1830.04638,-1.72696,84.85652,9.347443432988465,3.4821686248269743,0
14.29749,33.9018,34.04493,1825.24316,-1.70608,84.86587,9.406472965574284,3.5041586788756702,0
14.29968,33.92693,33.96408,1820.40183,-1.68258,84.8752,9.46365019765062,3.525458702247623,0
14.30185,33.95199,33.88461,1815.52282,-1.65655,84.88452,9.518778575423987,3.54599547348312,0
14.30402,33.97699,33.80666,1810.6067,-1.62806,84.89382,9.57166727736621,3.5656979065420975,0
14.30618,34.00192,33.73033,1805.65416,-1.59722,84.90311,9.622132420433077,3.584497500152333,0
14.30832,34.02678,33.65571,1800.66602,-1.56414,84.91238,9.669998256682227,3.6023287835810898,0
14.31046,34.05158,33.5829,1795.64323,-1.52893,84.92164,9.715098346076386,3.619129753535184,0
14.31259,34.0763,33.512,1790.58683,-1.49171,84.93088,9.757276691044781,3.6348422968149596,0
14.31471,34.10096,33.44309,1785.49803,-1.45262,84.9401,9.796388818390856,3.649412593353378,0
14.31681,34.12555,33.37624,1780.3781,-1.41181,84.94931,9.832302794465798,3.662791494394875,0
14.31891,34.15007,33.31152,1775.22844,-1.3694,84.9585,9.864900160066261,3.6749348707693574,0
14.321,34.17452,33.24898,1770.05055,-1.32557,84.96767,9.894076772456208,3.6858039265674862,0
14.32308,34.1989,33.18869,1764.84603,-1.28047,84.97682,9.91974354296497,3.6953654739153756,0
14.32515,34.22321,33.13068,1759.61656,-1.23426,84.98596,9.941827060069272,3.7035921650890335,0
14.3272,34.24745,33.07499,1754.36389,-1.18711,84.99508,9.96027008938499,3.7104626787744457,0
14.32925,34.27161,33.02165,1749.08985,-1.13921,85.00419,9.97503194383956,3.7159618579665397,0
14.33129,34.29571,32.97067,1743.79634,-1.09071,85.01327,9.986088719196342,3.7200807977082087,0
14.33332,34.31973,32.92207,1738.4853,-1.04181,85.02234,9.993433392100323,3.7228168816149165,0
14.33534,34.34368,32.87584,1733.15872,-0.99268,85.03139,9.99707577993138,3.7241737669189767,0
14.33735,34.36756,32.83199,1727.81863,-0.9435,85.04043,9.99704236378554,3.7241613185254203,0
14.33935,34.39136,32.79048,1722.46708,-0.89446,85.04944,9.993375977970345,3.7227954933408434,0
14.34134,34.41509,32.75131,1717.10614,-0.84573,85.05844,9.986135371306657,3.720098176846792,0
14.34332,34.43875,32.71444,1711.73789,-0.7975,85.06742,9.975394647352514,3.716096974568419,0
14.34529,34.46234,32.67982,1706.36442,-0.74993,85.07639,9.961242592282437,3.710824961691835,0
14.34725,34.48585,32.64742,1700.98778,-0.7032,85.08533,9.943781900576393,3.704320394612886,0
14.3492,34.50929,32.61718,1695.61003,-0.65748,85.09426,9.923128309862708,3.696626388643361,0
14.35114,34.53265,32.58903,1690.2332,-0.61294,85.10317,9.899409657176648,3.6877905664424913,0
14.35307,34.55595,32.56291,1684.85928,-0.56972,85.11206,9.87276486962723,3.67786468201378,0
14.35499,34.57916,32.53874,1679.49023,-0.52799,85.12093,9.843342902785714,3.6669042252267765,0
14.35691,34.60231,32.51645,1674.12794,-0.4879,85.12979,9.811301640353404,3.6549680119143884,0
14.35881,34.62538,32.49595,1668.77427,-0.44957,85.13863,9.776806768474167,3.642117764524669,0
14.3607,34.64838,32.47714,1663.431,-0.41315,85.14745,9.74003063779344,3.6284176882078634,0
14.36259,34.67131,32.45993,1658.09987,-0.37876,85.15625,9.701151125779544,3.6139340470011585,0
14.36446,34.69416,32.44422,1652.78254,-0.34652,85.16503,9.660350511102791,3.598734744505286,0
14.36633,34.71694,32.42991,1647.48057,-0.31652,85.1738,9.617814370944767,3.5828889131032176,0
14.36818,34.73965,32.41688,1642.19548,-0.28888,85.18255,9.573730511156032,3.566466515415754,0
14.37003,34.76228,32.40503,1636.92868,-0.26368,85.19128,9.528287937995763,3.5495379612474935,0
14.37186,34.78485,32.39424,1631.68152,-0.241,85.2,9.481675879037342,3.5321737428483986,0
14.37369,34.80734,32.3844,1626.45525,-0.22092,85.2087,9.434082859611399,3.51444409086453,0
14.37551,34.82976,32.37539,1621.25103,-0.2035,85.21738,9.385695839918382,3.496418652889769,0
14.37732,34.85211,32.36709,1616.06993,-0.18878,85.22605,9.336699416729337,3.4781661960783685,0
14.37912,34.87439,32.35937,1610.91295,-0.17683,85.23469,9.287275092446805,3.459754334850887,0
14.38091,34.89659,32.35213,1605.78097,-0.16765,85.24332,9.237600613156213,3.4412492843009295,0
14.3827,34.91873,32.34524,1600.6748,-0.1613,85.25194,9.18784937628348,3.422715639532013,0
14.38447,34.9408,32.33857,1595.59516,-0.15777,85.26054,9.138189907509954,3.404216180794613,0
14.38624,34.9628,32.33202,1590.54267,-0.15708,85.26912,9.08878540574795,3.3858117039775903,0
14.38799,34.98473,32.32545,1585.51786,-0.15923,85.27769,9.039793354205537,3.367560875719585,0
14.38974,35.00659,32.31876,1580.52119,-0.1642,85.28624,8.99136519495028,3.3495201121754428,0
14.39148,35.02838,32.31182,1575.553,-0.17198,85.29477,8.943646063800877,3.3317434802563852,0
14.39321,35.0501,32.30453,1570.61359,-0.18254,85.30329,8.89677458192719,3.314282619995526,0
14.39493,35.07176,32.29678,1565.70314,-0.19585,85.31179,8.850882700243995,3.297186686580457,0
14.39664,35.09335,32.28844,1560.82176,-0.21186,85.32028,8.806095592340473,3.2805023104666633,0
14.39835,35.11487,32.27943,1555.96948,-0.23053,85.32875,8.762531591588925,3.2642735739488673,0
14.40004,35.13633,32.26963,1551.14627,-0.2518,85.33721,8.720302167953935,3.2485420025218255,0
14.40173,35.15772,32.25894,1546.35199,-0.27561,85.34565,8.679511940010855,3.233346569357538,0
14.40341,35.17904,32.24728,1541.58645,-0.30189,85.35408,8.640258717700204,3.2187237112323825,0
14.40509,35.2003,32.23455,1536.84939,-0.33056,85.36249,8.602633571469182,3.204707354284149,0
14.40675,35.2215,32.22065,1532.14048,-0.36154,85.37088,8.566720923575689,3.1913289480251876,0
14.4084,35.24263,32.20552,1527.4593,-0.39475,85.37927,8.532598657519893,3.1786175061085493,0
14.41005,35.26369,32.18906,1522.80541,-0.43009,85.38764,8.500338241745563,3.1665996524099875,0
14.41169,35.2847,32.1712,1518.17826,-0.46747,85.39599,8.470004864039957,3.155299671095447,0
14.41332,35.30564,32.15187,1513.57727,-0.5068,85.40433,8.441657573278725,3.14473955942478,0
14.41495,35.32651,32.13101,1509.0018,-0.54795,85.41265,8.415349425412488,3.134939082135576,0
14.41656,35.34732,32.10856,1504.45114,-0.59083,85.42097,8.391127630925727,3.125915826375488,0
14.41817,35.36808,32.08446,1499.92455,-0.63533,85.42926,8.369033701218795,3.1176852562333788,0
14.41977,35.38876,32.05865,1495.42122,-0.68132,85.43755,8.349103591658775,3.1102607660295285,0
14.42136,35.40939,32.03109,1490.9403,-0.72869,85.44582,8.331367839364647,3.103653731644238,0
14.42295,35.42996,32.00175,1486.48089,-0.77731,85.45408,8.315851694001337,3.0978735592420494,0
14.42453,35.45046,31.97059,1482.04205,-0.82707,85.46232,8.302575240174253,3.0929277308669376,0
14.4261,35.4709,31.93756,1477.6228,-0.87784,85.47055,8.29155351027372,3.088821846479821,0
14.42766,35.49129,31.90266,1473.22211,-0.92949,85.47876,8.282796586861373,3.0855596621002004,0
14.42921,35.51161,31.86586,1468.83892,-0.9819,85.48697,8.27630969394648,3.083143123808978,0
14.43076,35.53187,31.82715,1464.47215,-1.03492,85.49516,8.272093276753974,3.081572397464156,0
14.4323,35.55207,31.78651,1460.12066,-1.08843,85.50333,8.27014306979422,3.080845894058614,0
14.43383,35.57221,31.74394,1455.78331,-1.14231,85.5115,8.270450153300345,3.080960290744499,0
14.43536,35.5923,31.69944,1451.4589,-1.1964,85.51964,8.273000998294775,3.0819105476216957,0
14.43688,35.61232,31.65302,1447.14622,-1.25059,85.52778,8.277777500778928,3.0836899204743866,0
14.43839,35.63228,31.60469,1442.84406,-1.30474,85.53591,8.284757005707633,3.0862899697021566,0
14.43989,35.65218,31.55447,1438.55115,-1.35872,85.54402,8.293912321671845,3.0897005657896863,0
14.44139,35.67203,31.50237,1434.26623,-1.4124,85.55211,8.305211727323258,3.093909891700093,0
14.44288,35.69181,31.44842,1429.98802,-1.46564,85.5602,8.31861897082621,3.0989044426707504,0
14.44436,35.71154,31.39265,1425.71523,-1.51832,85.56827,8.334093263762012,3.1046690239424874,0
14.44583,35.73121,31.3351,1421.44655,-1.57031,85.57633,8.351589271083817,3.1111867470175185,0
14.4473,35.75082,31.27581,1417.18068,-1.62149,85.58437,8.371057098878408,3.118439025100381,0
14.44876,35.77037,31.21482,1412.9163,-1.67172,85.5924,8.392442281832926,3.1264055684289667,0
14.45021,35.78986,31.15217,1408.65212,-1.7209,85.60042,8.41568577245806,3.135064380259874,0
14.45166,35.80929,31.08792,1404.38681,-1.76889,85.60843,8.44072393420724,3.144391754305128,0
14.4531,35.82866,31.02214,1400.11909,-1.8156,85.61642,8.467488540769464,3.1543622744687387,0
14.45453,35.84798,30.95487,1395.84767,-1.8609,85.6244,8.49590678387468,3.164948817754409,0
14.45596,35.86723,30.88618,1391.57127,-1.90468,85.63236,8.525901292008212,3.1761225612371566,0
14.45738,35.88643,30.81613,1387.28864,-1.94685,85.64032,8.55739016251722,3.1878529940238094,0
14.45879,35.90557,30.74481,1382.99853,-1.98731,85.64826,8.590287009560148,3.2001079351154385,0
14.46019,35.92464,30.67228,1378.69976,-2.02595,85.65618,8.624501030341797,3.212853558081669,0
14.46159,35.94366,30.59862,1374.39112,-2.06269,85.66409,8.659937092061073,3.226054423450998,0
14.46298,35.96262,30.5239,1370.07147,-2.09745,85.67199,8.696495841883387,3.239673519678409,0
14.46436,35.98152,30.44821,1365.73971,-2.13014,85.67988,8.734073842139495,3.2536723135105023,0
14.46574,36.00036,30.37164,1361.39474,-2.1607,85.68775,8.772563732821208,3.2680108105194146,0
14.46711,36.01914,30.29426,1357.03555,-2.18905,85.69561,8.811854423203286,3.2826476264870217,0
14.46847,36.03786,30.21616,1352.66115,-2.21514,85.70345,8.85183131420059,3.2975400702388242,0
14.46983,36.05652,30.13744,1348.27061,-2.23892,85.71128,8.892376552814579,3.312644238431968,0
14.47118,36.07511,30.05818,1343.86304,-2.26033,85.71909,8.933369319635375,3.327915122657324,0
14.47252,36.09365,29.97846,1339.43763,-2.27934,85.72689,8.974686150062388,3.3433067291026206,0
14.47386,36.11213,29.89839,1334.99361,-2.29592,85.73468,9.01620128947341,3.3587722108622855,0
14.47519,36.13054,29.81805,1330.5303,-2.31004,85.74245,9.057787082128115,3.3742640128142205,0
14.47651,36.1489,29.73753,1326.04704,-2.32169,85.75021,9.099314393143777,3.3897340288168674,0
14.47782,36.16719,29.65693,1321.5433,-2.33086,85.75795,9.140653062370394,3.405133770789631,0
14.47913,36.18542,29.57632,1317.01857,-2.33756,85.76568,9.181672388508511,3.420414549059507,0
14.48043,36.20359,29.49581,1312.47245,-2.34179,85.77339,9.222241641230303,3.435527663139655,0
14.48173,36.2217,29.41547,1307.90459,-2.34357,85.78109,9.262230598632726,3.4504246019448517,0
14.48301,36.23974,29.33539,1303.31474,-2.34293,85.78878,9.301510106763212,3.4650572522295175,0
14.48429,36.25772,29.25565,1298.70271,-2.3399,85.79644,9.339952657470269,3.47937811385228,0
14.48557,36.27563,29.17635,1294.06841,-2.33452,85.8041,9.377432980421172,3.493340520318141,0
14.48684,36.29349,29.09754,1289.41182,-2.32686,85.81173,9.413828644626381,3.5068988628621396,0
14.4881,36.31128,29.01932,1284.733,-2.31697,85.81936,9.449020664470535,3.520008816211857,0
14.48935,36.329,28.94175,1280.0321,-2.30491,85.82696,9.482894104932358,3.5326275640477456,0
14.4906,36.34666,28.8649,1275.30934,-2.29078,85.83455,9.515338680417422,3.5447140220840896,0
14.49183,36.36426,28.78884,1270.56504,-2.27465,85.84213,9.54624934145339,3.556229056628428,0
14.49307,36.38179,28.71364,1265.79958,-2.25661,85.84969,9.575526843413373,3.5671356964459595,0
14.49429,36.39925,28.63934,1261.01342,-2.23677,85.85723,9.603078291445616,3.5773993357601968,0
14.49551,36.41665,28.56601,1256.20712,-2.21523,85.86475,9.628817655862235,3.5869879262488253,0
14.49672,36.43399,28.49369,1251.38128,-2.19211,85.87226,9.652666252454212,3.5958721559736775,0
14.49793,36.45125,28.42242,1246.5366,-2.16753,85.87976,9.674553182474604,3.604025613286061,0
14.49913,36.46846,28.35226,1241.67384,-2.14161,85.88724,9.694415727398752,3.611424933885317,0
14.50032,36.48559,28.28323,1236.79381,-2.1145,85.8947,9.712199694049445,3.6180499293870234,0
14.50151,36.50266,28.21537,1231.8974,-2.08631,85.90214,9.72785970621286,3.623883695957613,0
14.50268,36.51966,28.1487,1226.98555,-2.0572,85.90957,9.741359439461641,3.628912701792144,0
14.50385,36.53659,28.08324,1222.05927,-2.02731,85.91698,9.752671796608086,3.633126852475226,0
14.50502,36.55346,28.01901,1217.1196,-1.99679,85.92437,9.761779021873465,3.6365195335120974,0
14.50618,36.57026,27.95602,1212.16763,-1.96578,85.93175,9.76867275267038,3.639087629618921,0
14.50733,36.58699,27.89427,1207.20449,-1.93445,85.93911,9.773354008582631,3.6408315206174917,0
14.50847,36.60365,27.83377,1202.23135,-1.90294,85.94645,9.775833117963415,3.6417550540911274,0
14.50961,36.62024,27.7745,1197.24942,-1.87141,85.95378,9.776129583271585,3.641865495218892,0
14.51074,36.63677,27.71647,1192.25992,-1.84001,85.96109,9.774271887029533,3.641173454489797,0
14.51186,36.65323,27.65965,1187.26409,-1.8089,85.96838,9.770297240954099,3.639692794247466,0
14.51298,36.66962,27.60403,1182.2632,-1.77824,85.97565,9.764251281439384,3.637440515249466,0
14.51409,36.68594,27.54958,1177.25852,-1.74817,85.98291,9.756187715151855,3.6344366246421638,0
14.5152,36.70219,27.49628,1172.25134,-1.71884,85.99015,9.746167919014802,3.630703986944409,0
14.51629,36.71837,27.44408,1167.24294,-1.6904,85.99737,9.734260499200326,3.6262681597604454,0
14.51738,36.73449,27.39297,1162.23458,-1.66299,86.00458,9.72054081419324,3.6211572161086676,0
14.51847,36.75053,27.34288,1157.22755,-1.63676,86.01177,9.70509046712778,3.6154015553036856,0
14.51955,36.76651,27.29379,1152.22311,-1.61183,86.01894,9.687996772813113,3.609033704409307,0
14.52062,36.78242,27.24564,1147.22249,-1.58833,86.02609,9.669352204928368,3.6020881123041333,0
14.52168,36.79826,27.19838,1142.22691,-1.56639,86.03323,9.649253828820754,3.5946009383839446,0
14.52274,36.81403,27.15195,1137.23757,-1.54613,86.04035,9.62780272526691,3.586609837897635,0
14.52379,36.82973,27.1063,1132.25564,-1.52766,86.04746,9.605103410394483,3.5781537458527364,0
14.52483,36.84536,27.06137,1127.28226,-1.51108,86.05454,9.581263256691978,3.5692726613263575,0
14.52587,36.86093,27.0171,1122.31852,-1.49649,86.06161,9.556391919768114,3.5600074339179586,0
14.5269,36.87643,26.97342,1117.36549,-1.48398,86.06866,9.530600775171086,3.5503995539497106,0
14.52793,36.89186,26.93027,1112.4242,-1.47364,86.0757,9.50400236918083,3.540490947872159,0
14.52895,36.90722,26.88757,1107.49563,-1.46554,86.08272,9.476709887097613,3.530323780187739,0
14.52996,36.92251,26.84527,1102.58071,-1.45975,86.08972,9.448836642095241,3.51994026303514,0
14.53097,36.93774,26.80329,1097.68032,-1.45632,86.09671,9.420495587263522,3.509382474412293,0
14.53197,36.9529,26.76155,1092.79532,-1.45532,86.10368,9.391798853024236,3.498692185851638,0
14.53296,36.96799,26.72,1087.92649,-1.45678,86.11063,9.362857311662534,3.487910700196622,0
14.53395,36.98301,26.67856,1083.07457,-1.46074,86.11757,9.333780170252977,3.4770786999559258,0
14.53493,36.99797,26.63715,1078.24024,-1.46722,86.12449,9.304674592898055,3.466236106577388,0
14.53591,37.01286,26.59571,1073.42414,-1.47624,86.13139,9.275645352736223,3.455421950811828,0
14.53688,37.02769,26.55416,1068.62685,-1.48782,86.13828,9.246794513879525,3.4446742542264506,0
14.53784,37.04245,26.51244,1063.84889,-1.50195,86.14515,9.218221143055985,3.4340299217840484,0
14.5388,37.05714,26.47049,1059.09073,-1.51864,86.15201,9.190021050466756,3.4235246453054686,0
14.53975,37.07177,26.42822,1054.35278,-1.53786,86.15885,9.162286559069072,3.4131928175214443,0
14.5407,37.08633,26.38558,1049.6354,-1.55959,86.16567,9.135106301302397,3.403067456347735,0
14.54164,37.10083,26.34249,1044.9389,-1.58381,86.17248,9.108565042055945,3.393180138935872,0
14.54257,37.11526,26.29891,1040.26352,-1.61048,86.17928,9.08274352650887,3.3835609449896227,0
14.5435,37.12963,26.25477,1035.60947,-1.63956,86.18606,9.05771835140787,3.3742384088125146,0
14.54442,37.14393,26.21,1030.97687,-1.67099,86.19282,9.033561858167849,3.365239479485018,0
14.54534,37.15817,26.16456,1026.36583,-1.70472,86.19957,9.010342046189683,3.356589488573128,0
14.54625,37.17235,26.11838,1021.77638,-1.74068,86.2063,8.98812250474651,3.3483121247542242,0
14.54715,37.18646,26.07143,1017.20849,-1.7788,86.21302,8.966962361746877,3.3404294147299907,0
14.54805,37.20051,26.02364,1012.66212,-1.81902,86.21972,8.946916247765769,3.332961709827025,0
14.54894,37.21449,25.97498,1008.13713,-1.86124,86.22641,8.92803427370763,3.3259276776757316,0
14.54983,37.22842,25.9254,1003.63338,-1.90538,86.23308,8.910362020585971,3.319344298402949,0
14.55072,37.24228,25.87486,999.15064,-1.95134,86.23974,8.893940539953993,3.3132268647923775,0
0.04894,0.04894,54.86221,5173.87838,-0.51537,45.0001,4.044384836423176,1.506639765737124,0
0.09786,0.09786,54.79141,5171.74025,-0.5302,45.00026,4.081485034983905,1.5204605658659693,0
0.14676,0.14676,54.71867,5169.58467,-0.54447,45.00048,4.120020846498774,1.5348161695934819,0
0.19564,0.19564,54.64406,5167.41069,-0.55817,45.00075,4.159978581310465,1.5497014771621147,0
0.24449,0.2445,54.56768,5165.21738,-0.57125,45.00107,4.20134230942844,1.565110554231248,0
0.29333,0.29334,54.4896,5163.0038,-0.58371,45.00145,4.244093677170955,1.5810365635715184,0
0.34215,0.34216,54.40992,5160.76902,-0.59551,45.00188,4.288211719868883,1.597471695292063,0
0.39094,0.39096,54.32872,5158.51211,-0.60664,45.00236,4.3336726715647815,1.6144070959484134,0
0.43972,0.43974,54.2461,5156.23216,-0.61708,45.0029,4.380449772794834,1.631832796936215,0
0.48847,0.4885,54.16215,5153.92826,-0.6268,45.0035,4.428513077656667,1.6497376426189083,0
0.5372,0.53724,54.07699,5151.59952,-0.63578,45.00414,4.477829261526088,1.6681092186971593,0
0.58591,0.58596,53.9907,5149.24506,-0.644,45.00484,4.528361430942467,1.6869337813861578,0
0.6346,0.63465,53.9034,5146.86401,-0.65144,45.00559,4.580068937324417,1.706196188019808,0
0.68326,0.68333,53.81518,5144.45554,-0.65808,45.0064,4.632907196348898,1.725879829764694,0
0.7319,0.73199,53.72617,5142.01882,-0.6639,45.00726,4.686827514962389,1.745966567177187,0
0.78052,0.78062,53.63648,5139.55305,-0.6689,45.00817,4.741776928156028,1.766436669397893,0
0.82911,0.82923,53.54621,5137.05746,-0.67304,45.00913,4.797698047770607,1.7872687578275337,0
0.87768,0.87782,53.45549,5134.5313,-0.67631,45.01015,4.854528925728781,1.808439755177347,0
0.92622,0.92639,53.36444,5131.97388,-0.6787,45.01121,4.9122029342060864,1.8299248408296356,0
0.97475,0.97494,53.27316,5129.3845,-0.6802,45.01233,4.970648665360269,1.8516974134843056,0
1.02324,1.02347,53.1818,5126.76254,-0.68079,45.0135,5.029789853285084,1.8737290620846065,0
1.0717,1.07198,53.08988,5124.1084,-0.68905,45.05192,5.089959470400781,1.8961438276181108,25.999999556487815
1.12009,1.12051,52.99697,5121.42223,-0.69646,45.09085,5.151507527733337,1.9190720984013399,25.999999556487815
1.16843,1.16905,52.90317,5118.70307,-0.70302,45.13032,5.21438058307641,1.9424939658062823,25.999999556487815
1.21671,1.21759,52.80859,5115.94998,-0.7087,45.17033,5.2785191330853785,1.9663872632714403,25.999999556487815
1.26493,1.26615,52.71337,5113.16203,-0.71347,45.21089,5.343858299495018,1.9907278219359668,25.999999556487815
1.31309,1.31471,52.61762,5110.33835,-0.71734,45.25201,5.41032763919454,2.015489399887622,25.999999556487815
1.36119,1.36328,52.52148,5107.4781,-0.72027,45.29369,5.477850973753776,2.040643618656796,25.999999556487815
1.40923,1.41186,52.42505,5104.58046,-0.72225,45.33596,5.546346241732444,2.0661599081978155,25.999999556487815
1.45721,1.46046,52.32849,5101.64468,-0.72327,45.3788,5.615725377263853,2.0920054616581867,25.999999556487815
1.50512,1.50906,52.2319,5098.67005,-0.72331,45.42224,5.685894218498994,2.1181452012716044,25.999999556487815
1.55296,1.55767,52.13544,5095.65591,-0.72237,45.46627,5.756752449507021,2.1445417567143585,25.999999556487815
1.60074,1.60629,52.03922,5092.60164,-0.72043,45.51091,5.828193579299111,2.171155457291167,25.999999556487815
1.64846,1.65492,51.94338,5089.50671,-0.71749,45.55615,5.900104961519228,2.1979443392705016,25.999999556487815
1.69611,1.70356,51.84807,5086.37062,-0.71354,45.60201,5.972367858313991,2.2248641696777964,25.999999556487815
1.74369,1.75221,51.7534,5083.19297,-0.70858,45.64848,6.044857551676052,2.2518684877737867,25.999999556487815
1.7912,1.80088,51.65952,5079.97339,-0.70259,45.69556,6.117443505345206,2.278908665366931,25.999999556487815
1.83864,1.84955,51.56657,5076.71162,-0.69559,45.74326,6.189989580027032,2.3059339869880158,25.999999556487815
1.88601,1.89823,51.47467,5073.40746,-0.68757,45.79158,6.262354304331934,2.33289175082208,25.999999556487815
1.93331,1.94692,51.38397,5070.06079,-0.67854,45.84052,6.33439120334157,2.359727391108056,25.999999556487815
1.98053,1.99563,51.29459,5066.6716,-0.6685,45.89007,6.405949186209099,2.3863846225300547,25.999999556487815
2.02769,2.04434,51.20667,5063.23992,-0.65746,45.94023,6.476872993574277,2.412805606891266,25.999999556487815
2.07477,2.09306,51.12034,5059.76591,-0.64543,45.991,6.5470037048894385,2.4389311421062327,25.999999556487815
2.12177,2.1418,51.03572,5056.24981,-0.63243,46.04236,6.616179305012729,2.4647008732717404,25.999999556487815
2.1687,2.19054,50.95295,5052.69196,-0.61846,46.09433,6.684235308627499,2.490053525279466,25.999999556487815
2.21555,2.2393,50.87215,5049.09277,-0.60355,46.14687,6.751005440187297,2.514927156113386,25.999999556487815
2.26232,2.28807,50.79343,5045.45279,-0.58772,46.2,6.816322366219984,2.5392594296523177,25.999999556487815
2.30901,2.33684,50.71693,5041.77264,-0.57099,46.25369,6.880018475896166,2.562987906452206,25.999999556487815
2.35563,2.38563,50.64274,5038.05305,-0.55338,46.30794,6.941926704895779,2.5860503506581014,25.999999556487815
2.40216,2.43443,50.57099,5034.29484,-0.53493,46.36272,7.0018813966906714,2.6083850508545803,25.999999556487815
2.44862,2.48324,50.50177,5030.49895,-0.51567,46.41804,7.059719194525647,2.6299311523521585,25.999999556487815
2.49499,2.53205,50.4352,5026.66639,-0.49562,46.47387,7.115279956562168,2.6506289981023943,25.999999556487815
2.54128,2.58088,50.37136,5022.79829,-0.47483,46.53019,7.168407685953693,2.670420475175428,25.999999556487815
2.58748,2.62972,50.31035,5018.89587,-0.45333,46.58699,7.218951466949582,2.6892493634833117,25.999999556487815
2.63361,2.67857,50.25226,5014.96044,-0.43116,46.64424,7.266766397663647,2.707061683260845,25.999999556487815
2.67964,2.72743,50.19716,5010.9934,-0.40836,46.70194,7.311714509711617,2.7238060376547195,25.999999556487815
2.72559,2.7763,50.14514,5006.99623,-0.38499,46.76005,7.353665664712562,2.7394339466938904,25.999999556487815
2.77146,2.82518,50.09625,5002.9705,-0.36108,46.81855,7.392498417569996,2.7539001688845057,25.999999556487815
2.81724,2.87407,50.05057,4998.91786,-0.33669,46.87743,7.428100836530822,2.767163006703434,25.999999556487815
2.86293,2.92297,50.00815,4994.84002,-0.31186,46.93665,7.460371270303022,2.779184592369793,25.999999556487815
2.90853,2.97188,49.96903,4990.73877,-0.28665,46.9962,7.489219052937223,2.789931150431875,25.999999556487815
2.95405,3.0208,49.93325,4986.61595,-0.26111,47.05604,7.514565137801466,2.799373233939435,25.999999556487815
2.99948,3.06973,49.90086,4982.47347,-0.2353,47.11615,7.536342652760105,2.8074859312624323,25.999999556487815
3.04482,3.11866,49.87188,4978.31326,-0.20926,47.17651,7.55449736957744,2.814249040956238,25.999999556487815
3.09007,3.16761,49.84632,4974.13732,-0.18307,47.23708,7.568988081656788,2.819647212479376,25.999999556487815
3.13523,3.21657,49.8242,4969.94767,-0.15676,47.29784,7.579786885398015,2.82367005100661,25.999999556487815
3.1803,3.26553,49.80552,4965.74636,-0.13041,47.35876,7.586879361726209,2.8263121850531454,25.999999556487815
3.22528,3.31451,49.79029,4961.53544,-0.10407,47.41982,7.590264655685021,2.827573296125248,25.999999556487815
3.27017,3.36349,49.77848,4957.31701,-0.07779,47.48098,7.5899554533707185,2.827458110127568,25.999999556487815
3.31497,3.41248,49.77009,4953.09314,-0.05164,47.54222,7.585977856883964,2.82597635077939,25.999999556487815
3.35968,3.46148,49.76508,4948.86592,-0.02566,47.60351,7.578371159319919,2.823142655792524,25.999999556487815
3.40429,3.51049,49.76343,4944.6374,7e-05,47.66482,7.567187523170358,2.8189764570676363,25.999999556487815
3.44882,3.5595,49.76509,4940.40963,0.02551,47.72612,7.552491566727408,2.8135018266187513,25.999999556487815
3.49326,3.60853,49.77001,4936.18465,0.05061,47.78739,7.534359864282473,2.8067472903842097,25.999999556487815
3.53761,3.65756,49.77815,4931.96443,0.0753,47.84861,7.512880366863934,2.798745612436213,25.999999556487815
3.58187,3.7066,49.78944,4927.75094,0.09954,47.90974,7.488151751246712,2.789533552469762,25.999999556487815
3.62603,3.75564,49.80381,4923.54607,0.12328,47.97077,7.4602827056110845,2.779151599691769,25.999999556487815
3.67011,3.8047,49.82119,4919.35169,0.14647,48.03166,7.429391160884104,2.767643686475509,25.999999556487815
3.7141,3.85376,49.84151,4915.16959,0.16905,48.0924,7.395603477156669,2.755056885279576,25.999999556487815
3.758,3.90283,49.86467,4911.00152,0.19099,48.15296,7.3590535948313205,2.741441092428101,25.999999556487815
3.80181,3.95191,49.89059,4906.84914,0.21225,48.21333,7.3198821602282,2.726848702375965,25.999999556487815
3.84553,4.00099,49.91917,4902.71406,0.23278,48.27347,7.278235635286277,2.711334276049079,25.999999556487815
3.88916,4.05008,49.95031,4898.5978,0.25254,48.33338,7.234265400751564,2.694954206758399,25.999999556487815
3.9327,4.09917,49.98391,4894.50184,0.27149,48.39303,7.188126861906436,2.677766387060569,25.999999556487815
3.97616,4.14828,50.01985,4890.42753,0.28962,48.45241,7.139978565344937,2.659829879733484,25.999999556487815
4.01953,4.19739,50.05803,4886.37617,0.30687,48.5115,7.089981334755707,2.6412045958326864,25.999999556487815
4.06281,4.2465,50.09832,4882.34897,0.32323,48.57029,7.0382974329467265,2.6219509825235408,25.999999556487815
4.10601,4.29562,50.14062,4878.34707,0.33867,48.62877,6.985089756619581,2.6021297231134586,25.999999556487815
4.14912,4.34475,50.18479,4874.3715,0.35316,48.68691,6.930521069578949,2.581801451402256,25.999999556487815
4.19215,4.39388,50.23071,4870.42322,0.36668,48.74472,6.874753279255091,2.5610264821677444,25.999999556487815
4.23509,4.44302,50.27825,4866.50311,0.37922,48.80218,6.817946760546634,2.5398645592793816,25.999999556487815
4.27795,4.49217,50.32729,4862.61194,0.39075,48.85929,6.760259730190073,2.5183746226344446,25.999999556487815
4.32073,4.54132,50.3777,4858.75044,0.40128,48.91603,6.701847673994099,2.496614594787747,25.999999556487815
4.36342,4.59048,50.42933,4854.9192,0.41077,48.9724,6.642862828533767,2.474641187869085,25.999999556487815
4.40603,4.63964,50.48207,4851.11878,0.41923,49.0284,6.58345371812356,2.4525097310935116,25.999999556487815
4.44856,4.68881,50.53577,4847.34964,0.42665,49.08402,6.523764747206909,2.430274018915714,25.999999556487815
4.49101,4.73798,50.59031,4843.61215,0.43303,49.13926,6.463935847680179,2.407986179648919,25.999999556487815
4.53338,4.78716,50.64555,4839.90662,0.43836,49.19412,6.404102180062758,2.3856965641428864,25.999999556487815
4.57567,4.83635,50.70135,4836.23328,0.44264,49.2486,6.344393886953998,2.3634536539401303,25.999999556487815
4.61788,4.88554,50.75759,4832.59229,0.44588,49.3027,6.2849358967748765,2.3413039881645323,25.999999556487815
4.66001,4.93473,50.81413,4828.98375,0.44807,49.35641,6.225847775424825,2.3192921082595963,25.999999556487815
4.70206,4.98393,50.87084,4825.40767,0.44924,49.40975,6.167243623176936,2.2974605195792104,25.999999556487815
4.74404,5.03314,50.92759,4821.86401,0.44937,49.46271,6.1092320139251575,2.27584966875562,25.999999556487815
4.78594,5.08235,50.98425,4818.35267,0.44849,49.51531,6.0519159736983665,2.2544979356953596,25.999999556487815
4.82777,5.13157,51.04069,4814.8735,0.44661,49.56754,5.995392995259927,2.2334416390179714,25.999999556487815
4.86952,5.18079,51.0968,4811.42628,0.44373,49.61941,5.939755085535415,2.2127150537240814,25.999999556487815
4.9112,5.23002,51.15244,4808.01072,0.43988,49.67092,5.88508884260933,2.1923504398786973,25.999999556487815
4.9528,5.27925,51.2075,4804.62653,0.43507,49.72209,5.831475559041115,2.1723780810991475,25.999999556487815
4.99433,5.32849,51.26185,4801.27332,0.42931,49.77292,5.778991348318786,2.1528263316623852,25.999999556487815
5.03579,5.37773,51.31538,4797.95068,0.42262,49.82343,5.727707291364659,2.1337216710822244,25.999999556487815
5.07717,5.42698,51.36798,4794.65816,0.41503,49.87361,5.677689600127109,2.115088765051575,25.999999556487815
5.11849,5.47624,51.41954,4791.39525,0.40655,49.92348,5.628999795414594,2.0969505316903,25.999999556487815
5.15973,5.5255,51.46994,4788.16142,0.39721,49.97305,5.581694896292324,2.079328212100448,25.999999556487815
5.2009,5.57476,51.51909,4784.9561,0.38702,50.02233,5.5358276185422035,2.0622414442978187,25.999999556487815
5.24201,5.62403,51.56687,4781.77868,0.37601,50.07133,5.491446579825627,2.045708339640486,25.999999556487815
5.28304,5.67331,51.6132,4778.62852,0.36421,50.12005,5.448596509400479,2.0297455609539106,25.999999556487815
5.324,5.72259,51.65797,4775.50495,0.35164,50.16853,5.40731846039725,2.014368401609373,25.999999556487815
5.3649,5.77188,51.70109,4772.40727,0.33833,50.21675,5.367650022845401,1.9995908648819007,25.999999556487815
5.40573,5.82117,51.74248,4769.33476,0.32429,50.26475,5.329625535820374,1.985425742980611,25.999999556487815
5.44649,5.87047,51.78205,4766.28667,0.30957,50.31252,5.293276297231291,1.9718846952001496,25.999999556487815
5.48719,5.91977,51.81971,4763.26223,0.29418,50.36009,5.258630769944021,1.9589783247069563,25.999999556487815
5.52781,5.96908,51.85539,4760.26064,0.27815,50.40746,5.22571478307881,1.946716253527927,25.999999556487815
5.56838,6.0184,51.88901,4757.28109,0.26151,50.45465,5.19455172746616,1.935107195362874,25.999999556487815
5.60887,6.06772,51.92051,4754.32274,0.2443,50.50167,5.165162744364392,1.9241590258867813,25.999999556487815
5.6493,6.11705,51.94981,4751.38474,0.22653,50.54854,5.137566906694198,1.9138788502644457,25.999999556487815
5.68967,6.16638,51.97684,4748.46622,0.20824,50.59527,5.111781392105306,1.9042730676223627,25.999999556487815
5.72997,6.21572,52.00156,4745.56628,0.18945,50.64187,5.087821647349747,1.8953474322820913,25.999999556487815
5.7702,6.26507,52.0239,4742.68403,0.17021,50.68836,5.065701543474878,1.887107111573741,25.999999556487815
5.81038,6.31442,52.04381,4739.81855,0.15053,50.73476,5.045433521463378,1.8795567400907032,25.999999556487815
5.85048,6.36378,52.06124,4736.9689,0.13044,50.78107,5.027028727991424,1.8727004702631396,25.999999556487815
5.89053,6.41315,52.07615,4734.13415,0.10999,50.82731,5.010497141065818,1.8665420191611204,25.999999556487815
5.93051,6.46252,52.08849,4731.31332,0.08919,50.8735,4.995847685312629,1.8610847114426785,25.999999556487815
5.97043,6.5119,52.09823,4728.50545,0.06808,50.91964,4.983088336783058,1.8563315183967488,25.999999556487815
6.01028,6.56128,52.10534,4725.70956,0.04669,50.96577,4.972226217137461,1.8522850930291952,25.999999556487815
6.05007,6.61067,52.10977,4722.92465,0.02505,51.01188,4.963267677106534,1.8489478011543008,25.999999556487815
6.0898,6.66007,52.11152,4720.14971,0.00319,51.05801,4.956218369179025,1.8463217484728491,25.999999556487815
6.12946,6.70947,52.11056,4717.38373,-0.01885,51.10415,4.951083309442454,1.8444088036094228,25.999999556487815
6.16907,6.75889,52.10686,4714.62567,-0.04105,51.15033,4.947866928553022,1.8432106171000358,25.999999556487815
6.20861,6.80831,52.10042,4711.87451,-0.06337,51.19656,4.946573111798307,1.8427286363165365,25.999999556487815
6.24808,6.85773,52.09122,4709.1292,-0.08579,51.24286,4.947205228221641,1.8429641163162125,25.999999556487815
6.2875,6.90716,52.07927,4706.38867,-0.10826,51.28923,4.949766148808394,1.8439181266166542,25.999999556487815
6.32685,6.9566,52.06454,4703.65186,-0.13077,51.33571,4.9542582536990265,1.8455915538828078,25.999999556487815
6.36614,7.00605,52.04706,4700.91769,-0.15327,51.3823,4.960683428423087,1.8479851005240413,25.999999556487815
6.40536,7.05551,52.02682,4698.18507,-0.17574,51.42902,4.969043049131756,1.8510992791928795,25.999999556487815
6.44453,7.10497,52.00383,4695.45293,-0.19814,51.47588,4.979337956828874,1.85493440318538,25.999999556487815
6.48363,7.15444,51.97811,4692.72014,-0.22045,51.5229,4.991568420573924,1.8594905727332796,25.999999556487815
6.52266,7.20391,51.94967,4689.98561,-0.24262,51.5701,5.005734089664043,1.8647676571905345,25.999999556487815
6.56164,7.2534,51.91854,4687.24821,-0.26463,51.61749,5.02183393478968,1.8707652731122546,25.999999556487815
6.60055,7.30289,51.88474,4684.50681,-0.28645,51.66508,5.039866178175825,1.877482758230472,25.999999556487815
6.6394,7.35239,51.84829,4681.76029,-0.30804,51.7129,5.059828212738623,1.8849191413378534,25.999999556487815
6.67818,7.4019,51.80923,4679.00752,-0.32938,51.76095,5.0817165103054425,1.8930731080972645,25.999999556487815
6.7169,7.45141,51.76761,4676.24733,-0.35042,51.80926,5.10552651896413,1.901942962801657,25.999999556487815
6.75555,7.50093,51.72345,4673.47859,-0.37115,51.85783,5.131252549644682,1.911526586122768,25.999999556487815
6.79414,7.55046,51.6768,4670.70014,-0.39152,51.9067,5.158887652084048,1.9218213889047386,25.999999556487815
6.83267,7.6,51.62772,4667.91082,-0.41151,51.95586,5.188423480351435,1.9328242620687532,25.999999556487815
6.87113,7.64955,51.57625,4665.10948,-0.43108,52.00534,5.219850148181325,1.944531522720783,25.999999556487815
6.90952,7.6991,51.52244,4662.29494,-0.4502,52.05515,5.253156074420926,1.9569388565766952,25.999999556487815
6.94785,7.74867,51.46636,4659.46605,-0.46885,52.1053,5.288327818966383,1.970041256844173,25.999999556487815
6.98612,7.79824,51.40808,4656.62165,-0.48699,52.15582,5.325349909657622,1.9838329597364912,25.999999556487815
7.02431,7.84782,51.34765,4653.76057,-0.50458,52.20672,5.364204660675633,1.9983073768207278,25.999999556487815
7.06244,7.8974,51.28515,4650.88165,-0.52161,52.25801,5.404871983107751,2.0134570244483427,25.999999556487815
7.1005,7.947,51.22066,4647.98375,-0.53804,52.30971,5.447329188454164,2.0292734505561874,25.999999556487815
7.1385,7.9966,51.15424,4645.0657,-0.55384,52.36183,5.491550785965747,2.0457471591695096,25.999999556487815
7.17642,8.04621,51.08598,4642.12638,-0.56898,52.41439,5.537508274855497,2.0628675329952495,25.999999556487815
7.21428,8.09583,51.01597,4639.16464,-0.58343,52.46741,5.5851699325507616,2.080622754540423,25.999999556487815
7.25206,8.14546,50.9443,4636.17937,-0.59717,52.52089,5.634500600321632,2.098999726253058,25.999999556487815
7.28978,8.19509,50.87105,4633.16946,-0.61016,52.57484,5.685461467775126,2.117983990240606,25.999999556487815
7.32742,8.24474,50.79631,4630.13383,-0.62238,52.6293,5.738009857876545,2.137559648184741,25.999999556487815
7.36499,8.29439,50.72019,4627.0714,-0.63381,52.68426,5.792099014332074,2.157709282135784,25.999999556487815
7.4025,8.34405,50.64279,4623.98111,-0.64441,52.73974,5.8476778933341835,2.178413876932388,25.999999556487815
7.43992,8.39372,50.56421,4620.86194,-0.65417,52.79576,5.904690961859399,2.199652745062146,25.999999556487815
7.4773,8.44338,50.48523,4617.71159,-0.65188,52.80392,5.962508380342257,2.221191254714847,0
7.51464,8.49302,50.40664,4614.52818,-0.64862,52.81211,6.020471574512834,2.242784069646813,0
7.55195,8.54263,50.32856,4611.31142,-0.64437,52.82035,6.078469873390588,2.264389962005863,0
7.58923,8.59222,50.25111,4608.06108,-0.63913,52.82861,6.136389933227111,2.28596670826346,0
7.62648,8.64178,50.1744,4604.77697,-0.6329,52.83692,6.194114897922895,2.3074707764478704,0
7.66369,8.69132,50.09855,4601.45899,-0.6257,52.84526,6.251524691831455,2.3288574352213978,0
7.70087,8.74083,50.02369,4598.1071,-0.61752,52.85363,6.308496353796271,2.3500808783179354,0
7.73801,8.79032,49.94992,4594.72135,-0.60838,52.86205,6.364904412343676,2.371094364312188,0
7.77512,8.83978,49.87737,4591.30182,-0.59828,52.87049,6.420621301490299,2.3918503715188884,0
7.8122,8.88922,49.80613,4587.84872,-0.58724,52.87897,6.475517816095217,2.4123007676234502,0
7.84924,8.93863,49.73634,4584.36229,-0.57528,52.88749,6.529463605125822,2.4323969934364853,0
7.88625,8.98801,49.66808,4580.84287,-0.56241,52.89604,6.582327700650801,2.452090259957606,0
7.92322,9.03736,49.60148,4577.29088,-0.54865,52.90462,6.6339790797903895,2.47133175771668,0
7.96015,9.08669,49.53663,4573.70681,-0.53403,52.91324,6.684287256273225,2.490072877144324,0
7.99705,9.13598,49.47362,4570.09123,-0.51858,52.92189,6.733122897661501,2.508265438504515,0
8.03391,9.18525,49.41257,4566.44478,-0.50232,52.93058,6.780358463800946,2.5258619297340026,0
8.07074,9.23449,49.35355,4562.76821,-0.48528,52.93929,6.825868861478692,2.5428157503195936,0
8.10753,9.2837,49.29666,4559.06231,-0.4675,52.94804,6.869532109857409,2.5590814591898736,0
8.14428,9.33289,49.24198,4555.32797,-0.44901,52.95683,6.911230010801146,2.5746150244292196,0
8.181,9.38204,49.18959,4551.56613,-0.42984,52.96564,6.9508488178992796,2.5893740725068266,0
8.21767,9.43116,49.13957,4547.77783,-0.41005,52.97449,6.9882798977064615,2.6033181346059853,0
8.25431,9.48025,49.09198,4543.96417,-0.38966,52.98337,7.023420376555932,2.616408887579058,0
8.29092,9.52931,49.04688,4540.1263,-0.36873,52.99228,7.056173766243475,2.6286103870312165,0
8.32748,9.57834,49.00434,4536.26546,-0.34729,53.00123,7.086450561873807,2.639889290033953,0
8.364,9.62734,48.96441,4532.38292,-0.3254,53.0102,7.114168805329332,2.650215065032014,0
8.40049,9.67631,48.92713,4528.48004,-0.30311,53.01921,7.139254608054824,2.659560186594454,0
8.43694,9.72525,48.89255,4524.5582,-0.28046,53.02825,7.161642627190516,2.6679003127867356,0
8.47335,9.77415,48.8607,4520.61884,-0.25751,53.03731,7.181276489568611,2.675214443120585,0
8.50972,9.82302,48.83161,4516.66345,-0.23431,53.04641,7.198109158631494,2.6814850552406875,0
8.54605,9.87186,48.8053,4512.69355,-0.21091,53.05554,7.212103239953065,2.6866982187394126,0
8.58234,9.92067,48.78178,4508.71068,-0.18737,53.06471,7.22323122180986,2.690843684775894,0
8.61859,9.96945,48.76106,4504.71643,-0.16373,53.0739,7.231475648006826,2.6939149504581716,0
8.6548,10.01819,48.74316,4500.71239,-0.14007,53.08312,7.236829221008808,2.6959092972623937,0
8.69097,10.0669,48.72805,4496.70017,-0.11642,53.09237,7.239294834296298,2.6968278030861725,0
8.7271,10.11558,48.71574,4492.6814,-0.09285,53.10165,7.238885533785703,2.6966753278766324,0
8.76319,10.16423,48.70621,4488.65771,-0.06941,53.11096,7.235624409004408,2.6954604730902427,0
8.79924,10.21284,48.69942,4484.63072,-0.04616,53.12031,7.2295444156163855,2.69319551557895,0
8.83525,10.26142,48.69536,4480.60204,-0.02315,53.12968,7.220688131725096,2.6898963168065912,0
8.87122,10.30997,48.69398,4476.57328,-0.00042,53.13908,7.2091074511696265,2.685582208593635,0
8.90716,10.35848,48.69524,4472.54603,0.02195,53.14851,7.194863217786608,2.6802758568701237,0
8.94305,10.40696,48.6991,4468.52186,0.04393,53.15798,7.178024805203849,2.674003105137747,0
8.9789,10.45541,48.7055,4464.50229,0.06547,53.16747,7.158669647359965,2.6667927995760476,0
9.0147,10.50382,48.71439,4460.48882,0.08652,53.17699,7.136882725387461,2.6586765978928724,0
9.05047,10.55221,48.72569,4456.48293,0.10702,53.18654,7.1127560168439325,2.6496887641485007,0
9.0862,10.60056,48.73933,4452.48603,0.12694,53.19612,7.0863879135831285,2.6398659518972996,0
9.12189,10.64887,48.75525,4448.49951,0.14624,53.20573,7.057882614689575,2.629246978039898,0
9.15754,10.69716,48.77337,4444.52468,0.16486,53.21537,7.027349500946595,2.6178725897960646,0
9.19315,10.74541,48.79359,4440.56282,0.18279,53.22504,6.99490249730294,2.6057852272067556,0
9.22872,10.79363,48.81584,4436.61516,0.19996,53.23474,6.960659429622576,2.5930287835064845,0
9.26425,10.84182,48.84001,4432.68286,0.21636,53.24447,6.924741381786156,2.579648365626701,0
9.29974,10.88997,48.86602,4428.76702,0.23195,53.25423,6.887272058936967,2.565690056988161,0
9.33519,10.9381,48.89377,4424.86868,0.2467,53.26402,6.848377162254458,2.551200684587603,0
9.3706,10.98619,48.92314,4420.98882,0.26058,53.27384,6.808183780237518,2.5362275922347637,0
9.40597,11.03425,48.95405,4417.12835,0.27358,53.28369,6.766819800999496,2.5208184216168052,0
9.4413,11.08228,48.98638,4413.28811,0.28565,53.29357,6.724413349560712,2.5050209026749686,0
9.4766,11.13028,49.02002,4409.4689,0.2968,53.30348,6.681092253607828,2.4888826545858835,0
9.51185,11.17825,49.05487,4405.67141,0.30699,53.31342,6.6369835406459705,2.4724509984375067,0
9.54707,11.22619,49.0908,4401.89631,0.31622,53.3234,6.592212968911502,2.4557727824817785,0
9.58224,11.2741,49.12771,4398.14417,0.32446,53.3334,6.546904593898219,2.438894220654236,0
9.61738,11.32198,49.16548,4394.41551,0.33172,53.34343,6.501180371807419,2.4218607448487237,0
9.65248,11.36983,49.204,4390.71078,0.33798,53.35349,6.455159800759664,2.4047168712593354,0
9.68755,11.41765,49.24314,4387.03036,0.34324,53.36359,6.408959600113449,2.3875060809181816,0
9.72257,11.46544,49.2828,4383.37457,0.34749,53.37371,6.362693427821214,2.370270714403067,0
9.75756,11.5132,49.32286,4379.74369,0.35073,53.38387,6.31647163533843,2.3530518805346756,0
9.79251,11.56093,49.36319,4376.1379,0.35297,53.39405,6.270401059268551,2.3358893787588344,0
9.82742,11.60864,49.4037,4372.55736,0.3542,53.40427,6.224584848590329,2.318821634784142,0
9.86229,11.65631,49.44425,4369.00213,0.35444,53.41452,6.179122326058575,2.3018856489501043,0
9.89713,11.70396,49.48474,4365.47226,0.35369,53.4248,6.134108882133315,2.285116956712954,0
9.93193,11.75159,49.52505,4361.96771,0.35195,53.43512,6.0896358996041915,2.2685496005662613,0
9.9667,11.79918,49.56508,4358.4884,0.34924,53.44546,6.045790706937703,2.2522161126615448,0
10.00143,11.84675,49.60472,4355.0342,0.34558,53.45584,6.002656558256058,2.236147507349875,0
10.03612,11.89429,49.64385,4351.60494,0.34097,53.46624,5.960312637788085,2.220373282839954,0
10.07078,11.94181,49.68237,4348.20039,0.33543,53.47668,5.918834086581441,2.2049214311491143,0
10.1054,11.9893,49.72018,4344.82027,0.32898,53.48715,5.878292049270666,2.189818455525649,0
10.13998,12.03677,49.75718,4341.46428,0.32163,53.49766,5.83875373867749,2.1750893945141287,0
10.17453,12.08421,49.79326,4338.13206,0.31341,53.50819,5.800282516089783,2.160757851861421,0
10.20905,12.13162,49.82834,4334.82322,0.30434,53.51876,5.762937985083628,2.146846031467881,0
10.24353,12.17901,49.86231,4331.53731,0.29445,53.52936,5.726776096859128,2.133374776627712,0
10.27797,12.22638,49.89509,4328.27388,0.28374,53.54,5.691849265111473,2.1203636128214587,0
10.31238,12.27372,49.92658,4325.03242,0.27225,53.55066,5.658206488582721,2.1078307933697733,0
10.34676,12.32104,49.95671,4321.81239,0.26001,53.56136,5.625893479502737,2.095793347281042,0
10.3811,12.36833,49.98539,4318.61323,0.24703,53.57209,5.594952796284605,2.084267128683916,0
10.41541,12.4156,50.01255,4315.43434,0.23335,53.58285,5.5654239789025555,2.073266867259157,0
10.44968,12.46285,50.0381,4312.2751,0.219,53.59365,5.53734368551696,2.0628062191360383,0
10.48392,12.51008,50.06197,4309.13485,0.204,53.60448,5.510745829026523,2.0528978177616275,0
10.51812,12.55728,50.0841,4306.01292,0.18839,53.61534,5.4856617123138225,2.0435533242833137,0
10.55229,12.60446,50.10442,4302.90859,0.17219,53.62624,5.462120161077223,2.0347834770321884,0
10.58643,12.65162,50.12288,4299.82116,0.15544,53.63716,5.440147653247906,2.0265981397342925,0
10.62054,12.69875,50.1394,4296.74987,0.13816,53.64813,5.419768444060574,2.019006348102746,0
10.65461,12.74587,50.15394,4293.69396,0.12038,53.65912,5.4010046859744465,2.0120163545114753,0
10.68865,12.79296,50.16645,4290.65262,0.10215,53.67015,5.383876542707912,2.005635670476119,0
10.72265,12.84003,50.17688,4287.62507,0.0835,53.68121,5.368402296737298,1.9998711067001498,0
10.75663,12.88708,50.18518,4284.61047,0.06444,53.6923,5.3545984496850245,1.9947288104721026,0
10.79057,12.93411,50.19132,4281.60799,0.04503,53.70343,5.342479815100057,1.990214300228736,0
10.82447,12.98112,50.19526,4278.61675,0.02529,53.71459,5.332059603184771,1.9863324971180158,0
10.85835,13.0281,50.19698,4275.63589,0.00526,53.72578,5.323349497097662,1.983087753423884,0
10.89219,13.07507,50.19643,4272.66453,-0.01503,53.73701,5.316359720503072,1.980483877730308,0
10.926,13.12202,50.19361,4269.70175,-0.03554,53.74827,5.31109909610224,1.97852415672564,0
10.95978,13.16894,50.18848,4266.74664,-0.05624,53.75956,5.3075750949048075,1.9772113735575445,0
10.99352,13.21585,50.18104,4263.79827,-0.0771,53.77089,5.305793876073865,1.976547822676331,0
11.02723,13.26273,50.17127,4260.85571,-0.09807,53.78225,5.305760317185801,1.9765353211075392,0
11.06091,13.3096,50.15916,4257.91799,-0.11913,53.79364,5.307478034800746,1.9771752161149765,0
11.09456,13.35644,50.14471,4254.98416,-0.14023,53.80507,5.310949395275189,1.978468389228698,0
11.12818,13.40327,50.12791,4252.05325,-0.16135,53.81653,5.316175515767019,1.98041525661941,0
11.16176,13.45007,50.10878,4249.12426,-0.18245,53.82802,5.323156255443276,1.983015765823131,0
11.19531,13.49686,50.08733,4246.19622,-0.20348,53.83954,5.331890196909825,1.9862693888232508,0
11.22883,13.54363,50.06355,4243.26812,-0.22442,53.8511,5.342374617918448,1.9901751115106825,0
11.26231,13.59037,50.03747,4240.33896,-0.24523,53.86269,5.354605453466213,1.9947314195648767,0
11.29577,13.6371,50.00911,4237.40773,-0.26588,53.87431,5.368577248415005,1.9999362808033512,0
11.32919,13.6838,49.97849,4234.4734,-0.28633,53.88597,5.384283100797383,2.005787124061634,0
11.36258,13.73049,49.94564,4231.53496,-0.30654,53.89766,5.401714596053171,2.0122808146946585,0
11.39593,13.77716,49.91058,4228.59139,-0.32648,53.90938,5.420861732440218,2.0194136267903127,0
11.42926,13.8238,49.87336,4225.64165,-0.34611,53.92113,5.44171283794535,2.0271812122165787,0
11.46255,13.87043,49.83402,4222.68471,-0.36541,53.93291,5.464254479080559,2.0355785666457176,0
11.49581,13.91703,49.79259,4219.71955,-0.38433,53.94473,5.4884713619787355,2.044599992709826,0
11.52903,13.96362,49.74912,4216.74513,-0.40284,53.95658,5.514346226309975,2.054239060481867,0
11.56223,14.01019,49.70366,4213.76042,-0.42091,53.96846,5.541859732581355,2.0644885654918745,0
11.59539,14.05673,49.65627,4210.7644,-0.4385,53.98037,5.570990343465519,2.0753404845187275,0
11.6285,14.10327,49.60651,4207.75712,-0.46464,54.03689,5.602110432342808,2.0869335364443358,22.999999607662296
11.66154,14.14982,49.55393,4204.73834,-0.49028,54.09373,5.635598871835426,2.0994088612892097,22.999999607662296
11.69451,14.19637,49.49859,4201.70662,-0.51537,54.15092,5.671442770200022,2.112761656539748,22.999999607662296
11.72741,14.24292,49.44057,4198.66049,-0.53987,54.20848,5.709626524938262,2.126986109854794,22.999999607662296
11.76025,14.28948,49.37993,4195.5985,-0.56372,54.26642,5.750132020073708,2.1420754725564675,22.999999607662296
11.79301,14.33605,49.31676,4192.51919,-0.5869,54.32477,5.792938366740432,2.158021962992589,22.999999607662296
11.8257,14.38263,49.25113,4189.4211,-0.60935,54.38354,5.838021630261207,2.174816664866132,22.999999607662296
11.85832,14.4292,49.18312,4186.30277,-0.63103,54.44275,5.885354544826726,2.192449420945723,22.999999607662296
11.89087,14.47579,49.11284,4183.16277,-0.6519,54.50242,5.934906217065673,2.2109087226376944,22.999999607662296
11.92335,14.52238,49.04037,4179.99964,-0.67191,54.56257,5.98664182005008,2.230181595995026,22.999999607662296
11.95576,14.56897,48.96582,4176.81196,-0.69104,54.62322,6.040522279508595,2.250253484823533,22.999999607662296
11.98809,14.61558,48.88928,4173.59832,-0.70922,54.68439,6.096503954277241,2.271108131641366,22.999999607662296
12.02035,14.66218,48.81088,4170.35729,-0.72643,54.74608,6.154538313314901,2.2927274573587804,22.999999607662296
12.05254,14.70879,48.7307,4167.08752,-0.74262,54.80833,6.214571611885757,2.315091440647575,22.999999607662296
12.08465,14.75541,48.64889,4163.78762,-0.75777,54.87114,6.276544569830297,2.3381779980885766,22.999999607662296
12.11668,14.80203,48.56555,4160.45627,-0.77182,54.93454,6.3403920551482695,2.361962866297965,22.999999607662296
12.14864,14.84866,48.4808,4157.09216,-0.78474,54.99854,6.4060427764362835,2.3864194873521876,22.999999607662296
12.18052,14.89529,48.39478,4153.694,-0.79651,55.06315,6.473418988051198,2.4115188989535636,22.999999607662296
12.21233,14.94193,48.30762,4150.26057,-0.80709,55.12838,6.542436212142064,2.437229630879869,22.999999607662296
12.24405,14.98857,48.21945,4146.79067,-0.81644,55.19427,6.613002982026823,2.4635176093854025,22.999999607662296
12.2757,15.03521,48.1304,4143.28314,-0.82453,55.2608,6.685020611613782,2.4903460713044216,22.999999607662296
12.30727,15.08186,48.04063,4139.73688,-0.83135,55.32801,6.758382995827879,2.517675489704674,22.999999607662296
12.33876,15.12851,47.95026,4136.15084,-0.83686,55.3959,6.832976447178776,2.5454635130047096,22.999999607662296
12.37016,15.17517,47.85944,4132.52403,-0.84104,55.46448,6.908679573766107,2.5736649195276295,22.999999607662296
12.40148,15.22183,47.76833,4128.85554,-0.84386,55.53376,6.985363204052315,2.602231589476987,22.999999607662296
12.43273,15.26849,47.67707,4125.14451,-0.84532,55.60375,7.062890363784955,2.6311124963397354,22.999999607662296
12.46388,15.31516,47.58581,4121.39015,-0.84539,55.67446,7.141116310347311,2.6602537196827405,22.999999607662296
12.49496,15.36183,47.4947,4117.59176,-0.84406,55.74589,7.219888629627932,2.6895984812392313,22.999999607662296
12.52594,15.40851,47.40389,4113.74874,-0.84132,55.81806,7.299047400251243,2.7190872060890205,22.999999607662296
12.55684,15.45518,47.31354,4109.86054,-0.83716,55.89096,7.378425429611759,2.7486576105874643,22.999999607662296
12.58766,15.50186,47.22379,4105.92674,-0.83159,55.96459,7.457848565650707,2.778244818510451,22.999999607662296
12.61838,15.54854,47.13481,4101.947,-0.82459,56.03897,7.537136087681737,2.8077815066472693,22.999999607662296
12.64902,15.59522,47.04675,4097.92109,-0.81617,56.11408,7.616101178858281,2.837198080807125,22.999999607662296
12.67957,15.64191,46.95975,4093.84889,-0.80633,56.18993,7.694551481951243,2.866422882860957,22.999999607662296
12.71002,15.68859,46.87396,4089.73037,-0.7951,56.26652,7.772289739187801,2.8953824290982246,22.999999607662296
12.74039,15.73528,46.78954,4085.56564,-0.78247,56.34383,7.849114515737049,2.924001679744345,22.999999607662296
12.77066,15.78196,46.70663,4081.35492,-0.76848,56.42186,7.924821005302216,2.9522043390649952,22.999999607662296
12.80084,15.82865,46.62537,4077.09855,-0.75313,56.50061,7.999201914956281,2.979913184990652,22.999999607662296
12.83092,15.87534,46.5459,4072.79698,-0.73647,56.58006,8.072048425039247,3.007050426703593,22.999999607662296
12.86091,15.92202,46.46837,4068.45079,-0.7185,56.6602,8.143151218573182,3.0335380881220755,22.999999607662296
12.89081,15.96871,46.39289,4064.06071,-0.69928,56.74102,8.212301573236346,3.0592984146894375,22.999999607662296
12.92061,16.01539,46.31961,4059.62756,-0.67884,56.82251,8.279292507585874,3.084254300372202,22.999999607662296
12.95031,16.06208,46.24864,4055.15229,-0.65722,56.90464,8.343919971907798,3.1083297312830456,22.999999607662296
12.97991,16.10876,46.18011,4050.63601,-0.63447,56.9874,8.405984072788616,3.1314502418659256,22.999999607662296
13.00942,16.15544,46.11412,4046.0799,-0.61063,57.07076,8.465290319448236,3.153543379187897,22.999999607662296
13.03882,16.20211,46.05078,4041.4853,-0.58577,57.15472,8.521650878849234,3.174539170500336,22.999999607662296
13.06813,16.24879,45.9902,4036.85365,-0.55993,57.23923,8.574885825822271,3.194370588943547,22.999999607662296
13.09733,16.29546,45.93246,4032.18651,-0.53318,57.32428,8.624824373898791,3.2129740120643304,22.999999607662296
13.12644,16.34213,45.87766,4027.48553,-0.50559,57.40984,8.671306072148685,3.230289667669502,22.999999607662296
13.15544,16.38879,45.82587,4022.7525,-0.47722,57.49588,8.714181953310499,3.2462620615346065,22.999999607662296
13.18434,16.43545,45.77716,4017.98926,-0.44815,57.58238,8.753315618601784,3.2608403815243143,22.999999607662296
13.21314,16.4821,45.73161,4013.19779,-0.41844,57.66929,8.788584245157814,3.273978872889849,22.999999607662296
13.24183,16.52875,45.68925,4008.38011,-0.38818,57.7566,8.819879502720962,3.2856371797599064,22.999999607662296
13.27042,16.5754,45.65015,4003.53835,-0.35744,57.84427,8.847108367267278,3.295780648237953,22.999999607662296
13.29891,16.62204,45.61434,3998.67468,-0.3263,57.93226,8.870193820505914,3.304380586984176,22.999999607662296
13.32729,16.66867,45.58184,3993.79136,-0.29484,58.02054,8.889075425716099,3.3114144817299023,22.999999607662296
13.35557,16.7153,45.55269,3988.89066,-0.26315,58.10907,8.903709772085243,3.316866160805235,22.999999607662296
13.38374,16.76192,45.52688,3983.97493,-0.23131,58.19783,8.914070781582225,3.3207259094574284,22.999999607662296
13.41181,16.80853,45.50444,3979.04653,-0.1994,58.28677,8.92014987444068,3.3229905314977626,22.999999607662296
13.43977,16.85514,45.48534,3974.10784,-0.16752,58.37586,8.921955991346286,3.3236633575668963,22.999999607662296
13.46763,16.90173,45.46957,3969.16126,-0.13574,58.46507,8.919515472637718,3.322754200134043,22.999999607662296
13.49539,16.94832,45.45712,3964.20919,-0.10414,58.55435,8.912871796808389,3.3202792560819865,22.999999607662296
13.52303,16.9949,45.44794,3959.25401,-0.07283,58.64367,8.902085182770008,3.3162609585397935,22.999999607662296
13.55058,17.04148,45.44201,3954.29811,-0.04186,58.733,8.887232062145353,3.3107277802979858,22.999999607662296
13.57801,17.08804,45.43926,3949.34383,-0.01133,58.82231,8.86840442974218,3.3037139918429803,22.999999607662296
13.60535,17.1346,45.43964,3944.39348,0.01868,58.91156,8.845709081883488,3.2952593776150763,22.999999607662296
13.63258,17.18114,45.44309,3939.44934,0.0481,59.00071,8.819266753685609,3.285408914621839,22.999999607662296
13.6597,17.22768,45.44954,3934.51361,0.07685,59.08974,8.78921116749629,3.2742124179562513,22.999999607662296
13.68672,17.2742,45.4589,3929.58846,0.10487,59.17861,8.755688005580929,3.2617241580953036,22.999999607662296
13.71363,17.32072,45.47108,3924.67597,0.13207,59.2673,8.718853820781364,3.248002455091736,22.999999607662296
13.74045,17.36723,45.486,3919.77817,0.1584,59.35577,8.678874899162452,3.233109254879954,22.999999607662296
13.76716,17.41372,45.50356,3914.89699,0.18378,59.44401,8.635926088811539,3.217109692973028,22.999999607662296
13.79376,17.46021,45.52364,3910.0343,0.20817,59.53197,8.590189608711123,3.2000716507364064,22.999999607662296
13.82027,17.50668,45.54614,3905.19184,0.2315,59.61965,8.541853851249261,3.1820653092915423,22.999999607662296
13.84667,17.55315,45.57094,3900.3713,0.25373,59.70701,8.491112191303545,3.1631627058683383,22.999999607662296
13.87297,17.5996,45.59791,3895.57426,0.27479,59.79403,8.43816181400671,3.1434372971169915,22.999999607662296
13.89917,17.64604,45.62694,3890.80218,0.29466,59.88071,8.383202572388086,3.122963533549377,22.999999607662296
13.92527,17.69247,45.6579,3886.05646,0.31328,59.96701,8.32643588495816,3.101816448860291,22.999999607662296
13.95127,17.73889,45.69064,3881.33836,0.33062,60.05292,8.268063682157926,3.080071267452113,22.999999607662296
13.97717,17.7853,45.72504,3876.64904,0.34665,60.13843,8.208287409337267,3.057803033018022,22.999999607662296
14.00297,17.83169,45.76096,3871.98959,0.36134,60.22352,8.147307092670458,3.0350862605709397,22.999999607662296
14.02868,17.87808,45.79825,3867.36095,0.37466,60.30819,8.085320473125599,3.0119946138243607,22.999999607662296
14.05429,17.92445,45.83678,3862.76398,0.38659,60.39241,8.022522212353506,2.988600609365072,22.999999607662296
14.0798,17.97081,45.87639,3858.19945,0.39712,60.4762,7.959103173170016,2.9649753486138746,22.999999607662296
14.10522,18.01716,45.91696,3853.66799,0.40623,60.55953,7.895249776117186,2.9411882781277043,22.999999607662296
14.13054,18.0635,45.95831,3849.17016,0.41392,60.64241,7.831143432554112,2.9173069784110446,22.999999607662296
14.15576,18.10983,46.00033,3844.70643,0.42017,60.72483,7.766960053730578,2.893396981032945,22.999999607662296
14.1809,18.15614,46.04285,3840.27713,0.42499,60.80679,7.702869634420271,2.8695216135194337,22.999999607662296
14.20594,18.20245,46.08573,3835.88255,0.42837,60.88829,7.639035908915012,2.845741871202324,22.999999607662296
14.23088,18.24874,46.12884,3831.52286,0.43032,60.96934,7.57561607651669,2.82211631495773,22.999999607662296
14.25574,18.29502,46.17202,3827.19814,0.43085,61.04992,7.5127605930886645,2.7987009935534877,22.999999607662296
14.2805,18.34129,46.21513,3822.9084,0.42998,61.13005,7.450613024808846,2.7755493891683205,22.999999607662296
14.30518,18.38755,46.25803,3818.65355,0.4277,61.20974,7.389309959874552,2.7527123844995818,22.999999607662296
14.32976,18.4338,46.3006,3814.43345,0.42405,61.28899,7.3289809736753995,2.7302382497892372,22.999999607662296
14.35426,18.48003,46.34268,3810.24786,0.41904,61.3678,7.269748642782821,2.708172648035329,22.999999607662296
14.37866,18.52626,46.38415,3806.09648,0.41268,61.44619,7.211728603006147,2.6865586566193946,22.999999607662296
14.40298,18.57247,46.42488,3801.97892,0.40502,61.52416,7.155029646756641,2.66543680357713,22.999999607662296
14.42722,18.61867,46.46474,3797.89477,0.39607,61.60173,7.0997538550023265,2.6448451167550355,22.999999607662296
14.45136,18.66487,46.5036,3793.84351,0.38586,61.6789,7.045996759204152,2.6248191841358977,22.999999607662296
14.47542,18.71105,46.54135,3789.82459,0.37443,61.7557,6.993847528761563,2.6053922236672005,22.999999607662296
14.4994,18.75722,46.57786,3785.83739,0.3618,61.83213,6.9433891796906755,2.586595160999228,22.999999607662296
14.52329,18.80338,46.61303,3781.88124,0.34801,61.9082,6.894698800462329,2.568456713615688,22.999999607662296
14.5471,18.84952,46.64674,3777.95543,0.3331,61.98394,6.8478477911509446,2.551003479922952,22.999999607662296
14.57082,18.89566,46.67888,3774.05918,0.31711,62.05936,6.802902112316264,2.5342600319650503,22.999999607662296
14.59446,18.94179,46.70937,3770.19169,0.30006,62.13447,6.759922540300396,2.5182490105285393,22.999999607662296
14.61801,18.98791,46.73809,3766.3521,0.28202,62.20929,6.718964925843631,2.5029912214837005,22.999999607662296
14.64149,19.03401,46.76495,3762.53952,0.26301,62.28383,6.680080453229262,2.488505732322798,22.999999607662296
14.66488,19.08011,46.78987,3758.75301,0.24308,62.35812,6.643315897409182,2.4748099679461366,22.999999607662296
14.68819,19.1262,46.81276,3754.9916,0.22227,62.43218,6.608713876804172,2.461919804836815,22.999999607662296
14.71143,19.17227,46.83355,3751.25429,0.20064,62.50602,6.57631309971556,2.4498496628555535,22.999999607662296
14.73458,19.21834,46.85215,3747.54004,0.17822,62.57965,6.5461486025217015,2.4386125939751535,22.999999607662296
14.75765,19.26439,46.86849,3743.84779,0.15506,62.65311,6.518251978017808,2.428220367343087,22.999999607662296
14.78064,19.31044,46.88252,3740.17645,0.13121,62.72641,6.492651592507321,2.4186835501537485,22.999999607662296
14.80355,19.35648,46.89417,3736.52488,0.10671,62.79957,6.469372790374912,2.4100115838572793,22.999999607662296
14.82638,19.4025,46.90338,3732.89196,0.08163,62.87261,6.448438085089942,2.4022128553133806,22.999999607662296
14.84914,19.44852,46.91011,3729.2765,0.05599,62.94555,6.4298673357154135,2.3952947625455456,22.999999607662296
14.87181,19.49453,46.9143,3725.67731,0.02987,63.01841,6.413677908143429,2.3892637748055052,22.999999607662296
14.89441,19.54052,46.91592,3722.09317,0.0033,63.09121,6.399884820420556,2.384125486710755,22.999999607662296
14.91693,19.58651,46.91493,3718.52285,-0.02367,63.16398,6.388500871605273,2.379884666247342,22.999999607662296
14.93937,19.63249,46.9113,3714.96509,-0.05097,63.23674,6.379536753737265,2.3765452964813734,22.999999607662296
14.96173,19.67845,46.90501,3711.41861,-0.07857,63.3095,6.373001146568762,2.3741106108489314,22.999999607662296
14.98401,19.72441,46.89603,3707.88214,-0.10641,63.38229,6.368900794789592,2.3725831219244427,22.999999607662296
15.00622,19.77036,46.88435,3704.35435,-0.13443,63.45513,6.3672405675692625,2.371964643601662,22.999999607662296
15.02835,19.8163,46.86995,3700.83392,-0.1626,63.52804,6.368023500295482,2.3722563066423787,22.999999607662296
15.0504,19.86223,46.85284,3697.31952,-0.19084,63.60105,6.371250818437249,2.373458567566038,22.999999607662296
15.07238,19.90815,46.83301,3693.80979,-0.21912,63.67418,6.376921943567342,2.37557121089328,22.999999607662296
15.09428,19.95406,46.81046,3690.30337,-0.24737,63.74745,6.385034481583105,2.3785933447578738,22.999999607662296
15.1161,19.99996,46.78521,3686.79889,-0.27555,63.82088,6.395584193265536,2.3825233899391995,22.999999607662296
15.13784,20.04585,46.75728,3683.29497,-0.3036,63.89449,6.4085649473512225,2.3873590623803134,22.999999607662296
15.15951,20.09173,46.72667,3679.79019,-0.33148,63.96831,6.423968656380455,2.3930973492896794,22.999999607662296
15.18109,20.1376,46.69342,3676.28317,-0.35913,64.04236,6.441785195614902,2.399734478935871,22.999999607662296
15.2026,20.18345,46.65755,3672.7725,-0.38649,64.11665,6.462002305445585,2.407265884291975,22.999999607662296
15.22403,20.2293,46.61911,3669.25675,-0.41352,64.19123,6.4846054777282855,2.4156861606925357,22.999999607662296
15.24539,20.27514,46.57812,3665.7345,-0.44016,64.26609,6.509577826638217,2.4249890177235307,22.999999607662296
15.26666,20.32097,46.53464,3662.20435,-0.46636,64.34128,6.536899944684657,2.435167225584021,22.999999607662296
15.28786,20.36679,46.48871,3658.66485,-0.49208,64.41681,6.566549744661514,2.44621255620859,22.999999607662296
15.30898,20.4126,46.4404,3655.1146,-0.51725,64.49269,6.598502288409988,2.45811571947692,22.999999607662296
15.33002,20.45839,46.38974,3651.55215,-0.54184,64.56896,6.632729603430136,2.4708662948967834,22.999999607662296
15.35098,20.50418,46.33682,3647.97611,-0.56578,64.64564,6.66920048849192,2.484452659189037,22.999999607662296
15.37188,20.54994,46.2823,3644.38357,-0.57652,64.66113,6.707310929224267,2.4986498011078813,0
15.39275,20.59567,46.22684,3640.77207,-0.58646,64.67664,6.746440982181296,2.513226775408033,0
15.41359,20.64137,46.17053,3637.14085,-0.59559,64.69216,6.78652697335377,2.5281598618456846,0
15.43439,20.68703,46.11344,3633.48919,-0.60388,64.70769,6.827502672403554,2.5434243878772573,0
15.45517,20.73265,46.05567,3629.8164,-0.61131,64.72323,6.86929855739246,2.558994454751544,0
15.47591,20.77824,45.99729,3626.12182,-0.61786,64.73879,6.911841832929756,2.5748429442701357,0
15.49661,20.82379,45.93839,3622.40482,-0.62352,64.75435,6.955056466041352,2.590941532149634,0
15.51729,20.86931,45.87906,3618.66482,-0.62826,64.76993,6.998863241223978,2.607260708530787,0
15.53793,20.91479,45.81939,3614.90129,-0.63208,64.78552,7.043179836063428,2.6237698061482697,0
15.55854,20.96023,45.75946,3611.11372,-0.63496,64.80111,7.087920918689552,2.640437036635234,0
15.57911,21.00564,45.69936,3607.30167,-0.63689,64.81672,7.1329982682150535,2.657229535389931,0
15.59965,21.05101,45.63919,3603.46472,-0.63786,64.83234,7.178320919169868,2.6741134153813166,0
15.62016,21.09634,45.57905,3599.60253,-0.63786,64.84797,7.223795330774604,2.691053830207861,0
15.64063,21.14163,45.51901,3595.71479,-0.6369,64.8636,7.269325581661554,2.7080150466362496,0
15.66107,21.18689,45.45917,3591.80125,-0.63497,64.87925,7.314813590480094,2.7249605267826995,0
15.68148,21.2321,45.39962,3587.86172,-0.63207,64.89491,7.360159362527742,2.741853019989518,0
15.70185,21.27728,45.34046,3583.89606,-0.6282,64.91057,7.405261262308833,2.7586546643603773,0
15.72219,21.32242,45.28177,3579.90419,-0.62337,64.92625,7.4500163116276426,2.7753270978078532,0
15.74249,21.36752,45.22365,3575.88609,-0.61759,64.94193,7.49432051249873,2.791831578346016,0
15.76276,21.41257,45.16617,3571.8418,-0.61087,64.95762,7.5380691938608,2.8081291132504713,0
15.78299,21.45759,45.10943,3567.77142,-0.60323,64.97332,7.581157380732687,2.8241805965786777,0
15.80319,21.50257,45.05351,3563.67513,-0.59466,64.98902,7.623480184125282,2.8399469544223965,0
15.82335,21.5475,44.9985,3559.55315,-0.58521,65.00474,7.664933209680809,2.8553892971365746,0
15.84348,21.5924,44.94447,3555.40576,-0.57488,65.02046,7.705412982691851,2.870469077670118,0
15.86358,21.63725,44.89151,3551.23332,-0.5637,65.03618,7.744817386824021,2.885148255001622,0
15.88363,21.68206,44.83968,3547.03625,-0.5517,65.05192,7.783046113561375,2.8993894615696236,0
15.90366,21.72683,44.78907,3542.81503,-0.53889,65.06766,7.8200011191645205,2.9131561735015126,0
15.92364,21.77155,44.73974,3538.5702,-0.52533,65.08341,7.855587085596858,2.9264128823206867,0
15.9436,21.81624,44.69176,3534.30236,-0.51103,65.09916,7.889711881769469,2.9391252667724097,0
15.96351,21.86087,44.64519,3530.01216,-0.49603,65.11492,7.922287021208615,2.9512603633169943,0
15.98339,21.90547,44.6001,3525.70033,-0.48037,65.13068,7.953228112164269,2.9627867338070746,0
16.00324,21.95002,44.55653,3521.36764,-0.46409,65.14645,7.982455296105381,2.973674628838631,0
16.02304,21.99452,44.51455,3517.01491,-0.44723,65.16223,8.009893671,2.9838961452573933,0
16.04281,22.03898,44.47419,3512.64302,-0.42984,65.17801,8.035473692040002,2.9934253763222314,0
16.06255,22.0834,44.43551,3508.2529,-0.41196,65.19379,8.059131555820649,3.0022385530563813,0
16.08225,22.12777,44.39853,3503.84553,-0.39363,65.20958,8.080809547638337,3.010314175390763,0
16.10191,22.1721,44.3633,3499.42191,-0.3749,65.22538,8.100456364922403,3.0176331317679517,0
16.12154,22.21638,44.32985,3494.98309,-0.35583,65.24117,8.118027403575637,3.0241788059881327,0
16.14113,22.26061,44.29819,3490.53018,-0.33647,65.25698,8.133485007598953,3.0299371702008577,0
16.16068,22.3048,44.26836,3486.06428,-0.31686,65.27278,8.146798678933218,3.0348968630766464,0
16.1802,22.34894,44.24036,3481.58656,-0.29706,65.2886,8.15794524535406,3.0390492523522243,0
16.19968,22.39303,44.21421,3477.09817,-0.27712,65.30441,8.16690898470688,3.042388481111326,0
16.21912,22.43708,44.18991,3472.60032,-0.2571,65.32023,8.173681704251443,3.0449114973426523,0
16.23853,22.48108,44.16746,3468.09422,-0.23705,65.33605,8.178262774353598,3.046618066490913,0
16.2579,22.52504,44.14686,3463.58109,-0.21702,65.35187,8.180659116315438,3.047510766923251,0
16.27723,22.56894,44.1281,3459.06216,-0.19707,65.3677,8.180885144606886,3.047594968408977,0
16.29653,22.6128,44.11117,3454.53866,-0.17725,65.38354,8.17896266428607,3.046878793905972,0
16.31579,22.65661,44.09604,3450.01182,-0.15762,65.39937,8.17492072486919,3.045373065123357,0
16.33501,22.70038,44.08269,3445.48288,-0.13822,65.41521,8.168795432389793,3.0430912325086372,0
16.3542,22.74409,44.07109,3440.95305,-0.11911,65.43105,8.160629721812374,3.040049290465772,0
16.37334,22.78776,44.06121,3436.42355,-0.10035,65.44689,8.150473092360187,3.0362656787578275,0
16.39246,22.83138,44.05302,3431.89555,-0.08197,65.46274,8.13838130866584,3.031761171177708,0
16.41153,22.87496,44.04647,3427.37022,-0.06404,65.47859,8.124416070968604,3.026558752687969,0
16.43057,22.91848,44.04151,3422.84873,-0.04658,65.49444,8.108644657801637,3.0206834863124183,0
16.44957,22.96196,44.0381,3418.33217,-0.02966,65.5103,8.091139544856194,3.0141623711529992,0
16.46854,23.00539,44.03619,3413.82164,-0.01332,65.52616,8.071978003784821,3.0070241929334243,0
16.48747,23.04878,44.0357,3409.3182,0.00241,65.54202,8.051241684847543,2.999299368523901,0
16.50636,23.09211,44.0366,3404.82286,0.01749,65.55788,8.029016187292234,2.9910197858965115,0
16.52522,23.1354,44.0388,3400.3366,0.03187,65.57375,8.005390621333111,2.9822186409506863,0
16.54404,23.17864,44.04225,3395.86035,0.04552,65.58962,7.980457165546424,2.9729302726314404,0
16.56282,23.22184,44.04687,3391.39502,0.05841,65.60549,7.9543106233305965,2.9631899976991143,0
16.58157,23.26498,44.0526,3386.94144,0.0705,65.62137,7.927047981951843,2.9530339464622632,0
16.60028,23.30808,44.05935,3382.50043,0.08178,65.63725,7.898767977454927,2.942498900695461,0
16.61895,23.35113,44.06705,3378.07273,0.0922,65.65313,7.869570668521858,2.9316221348904596,0
16.63759,23.39414,44.07563,3373.65904,0.10175,65.66901,7.839557022055518,2.920441261875182,0
16.6562,23.4371,44.085,3369.26001,0.11041,65.6849,7.808828513021208,2.9089940837441683,0
16.67477,23.48001,44.09508,3364.87626,0.11816,65.70079,7.777486740750095,2.89731844892152,0
16.6933,23.52288,44.10579,3360.50832,0.12498,65.71669,7.745633063634468,2.885452116075262,0
16.71179,23.5657,44.11704,3356.15669,0.13085,65.73259,7.713368253789053,2.8734326254696057,0
16.73026,23.60847,44.12876,3351.82181,0.13578,65.74849,7.680792172992011,2.861297178244436,0
16.74868,23.6512,44.14084,3347.50407,0.13974,65.76439,7.648003470895239,2.8490825239907145,0
16.76707,23.69388,44.15322,3343.20381,0.14273,65.7803,7.615099306172777,2.836824856870918,0
16.78543,23.73652,44.1658,3338.92131,0.14476,65.79621,7.582175091054709,2.8245597204512016,0
16.80375,23.77911,44.1785,3334.6568,0.14581,65.81213,7.549324259367866,2.8123219212904504,0
16.82204,23.82166,44.19123,3330.41046,0.14589,65.82805,7.516638058004237,2.8001454512567805,0
16.84029,23.86416,44.20391,3326.18242,0.145,65.84397,7.484205361492558,2.7880634184505766,0
16.85851,23.90662,44.21646,3321.97276,0.14316,65.8599,7.4521125091354365,2.776107986533783,0
16.87669,23.94903,44.22878,3317.78151,0.14036,65.87583,7.420443164027173,2.764310322210335,0
16.89484,23.9914,44.24081,3313.60864,0.13661,65.89177,7.389278193059445,2.7527005505251196,0
16.91296,24.03373,44.25246,3309.4541,0.13194,65.90771,7.358695566936942,2.741307717617165,0
16.93104,24.07601,44.26365,3305.31778,0.12635,65.92365,7.328770279078776,2.730159760508286,0
16.94909,24.11825,44.2743,3301.1995,0.11986,65.9396,7.299574282190373,2.7192834834744457,0
16.9671,24.16044,44.28434,3297.09908,0.11249,65.95555,7.27117644125279,2.7087045405330312,0
16.98508,24.20259,44.29369,3293.01626,0.10426,65.97151,7.2436425015763,2.6984474235419853,0
17.00303,24.2447,44.30229,3288.95077,0.09519,65.98747,7.217035070570089,2.6885354554085277,0
17.02094,24.28677,44.31006,3284.90228,0.0853,66.00344,7.191413611848205,2.6789907878934742,0
17.03882,24.32879,44.31694,3280.87042,0.07462,66.01941,7.166834450292406,2.6698344034972763,0
17.05667,24.37077,44.32286,3276.8548,0.06318,66.03539,7.143350786700191,2.6610861209167993,0
17.07448,24.41271,44.32776,3272.85497,0.05101,66.05137,7.121012720691078,2.6527646035785146,0
17.09226,24.45461,44.33158,3268.87048,0.03813,66.06735,7.099867280546088,2.6448873707544918,0
17.11001,24.49647,44.33427,3264.90081,0.02457,66.08334,7.0799584587269955,2.6374708107942513,0
17.12773,24.53828,44.33577,3260.94543,0.01037,66.09934,7.061327251873383,2.6305301960247247,0
17.14541,24.58005,44.33602,3257.00377,-0.00444,66.11534,7.0440117041080255,2.624079698882648,0
17.16306,24.62178,44.33499,3253.07524,-0.01983,66.13135,7.028046952580222,2.6181324088806477,0
17.18068,24.66347,44.33263,3249.15922,-0.03575,66.14736,7.01346527421857,2.6127003500238835,0
17.19826,24.70512,44.3289,3245.25506,-0.05218,66.16338,7.000296132746929,2.607794498324731,0
17.21582,24.74673,44.32375,3241.36208,-0.06908,66.1794,6.988566225095009,2.603424799091946,0
17.23334,24.7883,44.31716,3237.47958,-0.08641,66.19542,6.978299526398073,2.5996001836942373,0
17.25083,24.82982,44.3091,3233.60685,-0.10413,66.21146,6.9695173328692,2.596328585531313,0
17.26829,24.87131,44.29952,3229.74315,-0.1222,66.22749,6.962238301895427,2.5936169549707517,0
17.28571,24.91275,44.28842,3225.88772,-0.14058,66.24354,6.956478488801736,2.591471273043548,0
17.30311,24.95416,44.27577,3222.03977,-0.15924,66.25958,6.9522513797791445,2.5898965637107003,0
17.32047,24.99552,44.26155,3218.19851,-0.17812,66.27564,6.949567920573755,2.588896904550632,0
17.3378,25.03685,44.24576,3214.36314,-0.1972,66.2917,6.948436540604858,2.588475435743819,0
17.3551,25.07813,44.22836,3210.53281,-0.21642,66.30776,6.948863172249164,2.5886343672566774,0
17.37236,25.11938,44.20937,3206.7067,-0.23575,66.32383,6.950851265093016,2.5893749841508833,0
17.3896,25.16058,44.18878,3202.88396,-0.25515,66.3399,6.954401795081003,2.590697649991475,0
17.4068,25.20174,44.16658,3199.06371,-0.27457,66.35598,6.959513268485609,2.5926018083256497,0
17.42397,25.24287,44.14279,3195.2451,-0.29397,66.37206,6.966181720761382,2.5950859822559145,0
17.44111,25.28395,44.11741,3191.42724,-0.31331,66.38815,6.974400710396295,2.598147772149552,0
17.45822,25.32499,44.09044,3187.60925,-0.33255,66.40424,6.984161307939578,2.6017838515512026,0
17.4753,25.366,44.06191,3183.79024,-0.35164,66.42034,6.995452080461675,2.6059899613937882,0
17.49235,25.40696,44.03183,3179.96932,-0.37055,66.43644,7.008259071792008,2.6107609026365592,0
17.50936,25.44788,44.00022,3176.14559,-0.38923,66.45255,7.022565778920464,2.6160905274740296,0
17.52635,25.48877,43.96711,3172.31815,-0.40765,66.46866,7.038353125050574,2.621971729297572,0
17.5433,25.52961,43.93252,3168.48611,-0.42575,66.48478,7.055599429842466,2.6283964316101405,0
17.56022,25.57041,43.89648,3164.64859,-0.44351,66.5009,7.074280377455368,2.6353555761212606,0
17.57711,25.61117,43.85904,3160.80468,-0.46088,66.51703,7.094368983084259,2.642839110281047,0
17.59397,25.65189,43.82022,3156.95352,-0.47783,66.53315,7.115835558731233,2.650835974529144,0
17.61079,25.69257,43.78007,3153.09423,-0.49431,66.54929,7.13864767902492,2.6593340895615505,0
17.62759,25.73321,43.73863,3149.22594,-0.51029,66.56542,7.162770147968975,2.6683203439435683,0
17.64435,25.77381,43.69594,3145.3478,-0.52574,66.58156,7.188164967552215,2.677780582416242,0
17.66109,25.81436,43.65206,3141.45897,-0.54061,66.59771,7.214791309212912,2.6876995952660647,0
17.67779,25.85488,43.60704,3137.55862,-0.55488,66.61385,7.242605489186468,2.6980611091413342,0
17.69446,25.89535,43.56093,3133.64596,-0.56851,66.63,7.271560948834561,2.7088477797242443,0
17.71109,25.93578,43.51378,3129.72017,-0.58146,66.64616,7.301608241060439,2.7200411866702234,0
17.7277,25.97617,43.46566,3125.78051,-0.59372,66.66231,7.332695023977298,2.731621831249239,0
17.74427,26.01652,43.41663,3121.82621,-0.60524,66.67847,7.364766062979914,2.743569137117536,0
17.76082,26.05683,43.36675,3117.85656,-0.616,66.69464,7.397763242415643,2.7558614546653875,0
17.77733,26.09709,43.31609,3113.87086,-0.62598,66.7108,7.431625588017625,2.7684760693740613,0
17.79381,26.13731,43.26472,3109.86844,-0.63515,66.72697,7.4662893012892715,2.7813892146249373,0
17.81025,26.17749,43.21269,3105.84867,-0.64349,66.74313,7.501687806943036,2.7945760893717035,0
17.82667,26.21762,43.1601,3101.81093,-0.65098,66.7593,7.5377518145158025,2.8080108810937063,0
17.84305,26.25771,43.107,3097.75467,-0.65759,66.77547,7.574409395181864,2.8216667944108114,0
17.8594,26.29776,43.05346,3093.67934,-0.66332,66.79165,7.61158607472915,2.8355160857194845,0
17.87572,26.33776,42.99958,3089.58445,-0.66814,66.80782,7.649204943581281,2.849530104178914,0
17.892,26.37772,42.94541,3085.46955,-0.67204,66.824,7.687186784594514,2.8636793393187263,0
17.90826,26.41763,42.89103,3081.33421,-0.67501,66.84017,7.725450219301212,2.87793347551853,0
17.92448,26.4575,42.83653,3077.17807,-0.67705,66.85635,7.763911873057387,2.8922614535297204,0
17.94067,26.49733,42.78197,3073.0008,-0.67814,66.87252,7.802486559443416,2.9066315391696005,0
17.95683,26.5371,42.72744,3068.80213,-0.67828,66.8887,7.841087484046179,2.9210113992355815,0
17.97295,26.57684,42.67301,3064.58181,-0.67748,66.90488,7.879626467599624,2.9353681846309256,0
17.98904,26.61652,42.61876,3060.33968,-0.67573,66.92105,7.918014188201808,2.949668620596956,0
18.0051,26.65616,42.56476,3056.07561,-0.67303,66.93723,7.956160442158386,2.9638791038841292,0
18.02112,26.69576,42.5111,3051.7895,-0.66939,66.9534,7.993974422733941,2.9779658065942325,0
18.03711,26.7353,42.45783,3047.48134,-0.66483,66.96957,8.031365015882788,2.9918947863478924,0
18.05307,26.7748,42.40504,3043.15115,-0.65934,66.98575,8.068241111747913,3.005632102326129,0
18.069,26.81425,42.3528,3038.79902,-0.65295,67.00192,8.104511930565218,3.0191439366782546,0
18.08489,26.85366,42.30117,3034.42508,-0.64567,67.01809,8.140087361234798,3.032396720648589,0
18.10075,26.89301,42.25023,3030.02952,-0.63752,67.03425,8.174878310741418,3.0453572647447795,0
18.11658,26.93232,42.20005,3025.61258,-0.62852,67.05042,8.20879706225606,3.057992892140048,0
18.13237,26.97158,42.15069,3021.17457,-0.6187,67.06658,8.241757639637669,3.070271574459682,0
18.14813,27.01079,42.1022,3016.71584,-0.60808,67.08274,8.273676175826845,3.0821620690173814,0
18.16385,27.04994,42.05466,3012.23679,-0.59668,67.0989,8.304471282448732,3.0936340565020544,0
18.17954,27.08905,42.00811,3007.73788,-0.58455,67.11505,8.334064417861844,3.104658278085694,0
18.1952,27.12811,41.96262,3003.21963,-0.57171,67.1312,8.362380250726437,3.1152066708621566,0
18.21082,27.16712,41.91823,2998.68258,-0.55821,67.14735,8.389347016123976,3.1252525005110408,0
18.22641,27.20608,41.87499,2994.12735,-0.54407,67.16349,8.41489686124047,3.134770490073819,0
18.24197,27.24499,41.83295,2989.5546,-0.52934,67.17963,8.438966177605115,3.143736943721477,0
18.25749,27.28384,41.79215,2984.96501,-0.51406,67.19576,8.461495916922068,3.1521298644101607,0
18.27298,27.32265,41.75262,2980.35934,-0.49828,67.2119,8.482431887656777,3.1599290643673825,0
18.28843,27.3614,41.7144,2975.73837,-0.48204,67.22802,8.501725029609833,3.167116267378013,0
18.30385,27.4001,41.67752,2971.10291,-0.46538,67.24414,8.519331663913238,3.1736752019144605,0
18.31923,27.43875,41.64201,2966.45382,-0.44835,67.26026,8.535213716098742,3.179591684235503,0
18.33458,27.47735,41.60789,2961.79198,-0.43101,67.27638,8.549338910076095,3.1848536906482887,0
18.3499,27.51589,41.57518,2957.11831,-0.4134,67.29248,8.561680931196117,3.1894514182536158,0
18.36518,27.55438,41.54389,2952.43376,-0.39558,67.30859,8.572219556823182,3.1933773335876268,0
18.38043,27.59282,41.51403,2947.73928,-0.37759,67.32468,8.580940753173845,3.196626208696735,0
18.39564,27.63121,41.48561,2943.03585,-0.35949,67.34078,8.58783673755849,3.1991951443242845,0
18.41082,27.66954,41.45864,2938.32449,-0.34134,67.35686,8.592906005459316,3.2010835799978077,0
18.42596,27.70782,41.4331,2933.60619,-0.32318,67.37294,8.59615332228984,3.2022932909592265,0
18.44107,27.74605,41.40899,2928.88198,-0.30507,67.38902,8.597589680003326,3.202828372000346,0
18.45615,27.78422,41.38631,2924.15289,-0.28706,67.40509,8.59723221912539,3.2026952084179525,0
18.47119,27.82234,41.36503,2919.41994,-0.26921,67.42115,8.595104117074026,3.201902434410085,0
18.4862,27.8604,41.34515,2914.68417,-0.25156,67.43721,8.591234444025064,3.2004608793821205,0
18.50117,27.89841,41.32663,2909.94659,-0.23417,67.45326,8.58565798784371,3.198383502729174,0
18.5161,27.93637,41.30946,2905.20822,-0.21709,67.46931,8.578415049921633,3.1956853177800335,0
18.53101,27.97427,41.2936,2900.47006,-0.20036,67.48535,8.569551213997046,3.1923833056765663,0
18.54588,28.01212,41.27902,2895.7331,-0.18404,67.50138,8.559117090268138,3.1884963200492296,0
18.56071,28.04991,41.26569,2890.99831,-0.16817,67.51741,8.547168037296005,3.1840449834186044,0
18.57551,28.08765,41.25355,2886.26664,-0.1528,67.53343,8.53376386433668,3.179051576306239,0
18.59028,28.12534,41.24258,2881.53902,-0.13797,67.54945,8.518968516879239,3.1735399200893215,0
18.60501,28.16297,41.23272,2876.81635,-0.12372,67.56546,8.50284974819798,3.167535254645224,0
18.61971,28.20055,41.22393,2872.09951,-0.1101,67.58146,8.485478779803234,3.161064111860495,0
18.63437,28.23807,41.21615,2867.38933,-0.09713,67.59746,8.466929953639092,3.1541541860653632,0
18.649,28.27554,41.20932,2862.68662,-0.08486,67.61345,8.447280378865399,3.146834202450734,0
18.6636,28.31296,41.20341,2857.99216,-0.07332,67.62943,8.426609575962216,3.139133784487741,0
18.67816,28.35032,41.19833,2853.30668,-0.06255,67.64541,8.404999120808224,3.131083321337583,0
18.69269,28.38763,41.19404,2848.63089,-0.05256,67.66139,8.382532291257013,3.122713836191894,0
18.70718,28.42489,41.19047,2843.96544,-0.04339,67.67735,8.359293718561679,3.1140568564192357,0
18.72164,28.46209,41.18756,2839.31095,-0.03507,67.69331,8.33536904583922,3.1051442863340952,0
18.73607,28.49923,41.18524,2834.668,-0.0276,67.70927,8.31084459556283,3.0960082833290175,0
18.75047,28.53633,41.18344,2830.03712,-0.02102,67.72522,8.28580704788823,3.0866811380427013,0
18.76483,28.57337,41.1821,2825.41879,-0.01534,67.74116,8.260343131367534,3.0771951591427755,0
18.77915,28.61036,41.18115,2820.81347,-0.01057,67.7571,8.234539327420563,3.067582563233586,0
18.79345,28.6473,41.18051,2816.22154,-0.00672,67.77303,8.208481589693124,3.057875370309771,0
18.80771,28.68418,41.18013,2811.64337,-0.00381,67.78896,8.182255079226293,3.0481053050998557,0
18.82194,28.72101,41.17993,2807.07926,-0.00184,67.80488,8.15594391613639,3.0383037045605015,0
18.83614,28.75779,41.17984,2802.52948,-0.00081,67.82079,8.129630948288996,3.0285014317014958,0
18.8503,28.79451,41.17979,2797.99424,-0.00072,67.8367,8.103397537273084,3.0187287958554823,0
18.86443,28.83119,41.17971,2793.47372,-0.00158,67.85261,8.077323361784444,3.0090154794331174,0
18.87853,28.86781,41.17953,2788.96804,-0.00337,67.86851,8.051486238344852,2.999390471136238,0
18.8926,28.90438,41.1792,2784.47728,-0.0061,67.8844,8.02596195912847,2.9898820055439304,0
18.90663,28.94089,41.17862,2780.0015,-0.00975,67.90029,8.000824146543383,2.98051750894033,0
18.92063,28.97736,41.17775,2775.54068,-0.01432,67.91617,7.976144124035087,2.9713235511855154,0
18.93461,29.01378,41.17652,2771.09478,-0.01979,67.93205,7.951990802527111,2.9623258034116575,0
18.94854,29.05014,41.17486,2766.66372,-0.02615,67.94793,7.928430581769873,2.9535490012728705,0
18.96245,29.08645,41.17271,2762.24737,-0.03337,67.9638,7.905527265798315,2.945016913450953,0
18.97632,29.12272,41.17001,2757.84556,-0.04144,67.97966,7.88334199166598,2.9367523151069643,0
18.99017,29.15893,41.16671,2753.45808,-0.05034,67.99552,7.861933170505601,2.928776965924737,0
19.00398,29.19509,41.16274,2749.0847,-0.06005,68.01138,7.841356439994301,2.921111592402913,0
19.01776,29.2312,41.15805,2744.72513,-0.07054,68.02723,7.82166462723804,2.91377587402843,0
19.03151,29.26726,41.15258,2740.37907,-0.08178,68.04308,7.802907721094422,2.90678843296603,0
19.04523,29.30327,41.1463,2736.04616,-0.09374,68.05892,7.785132852940528,2.9001668268937757,0
19.05892,29.33923,41.13914,2731.72603,-0.1064,68.07475,7.76838428492361,2.8939275446261274,0
19.07257,29.37514,41.13106,2727.41825,-0.11973,68.09059,7.752703404723231,2.888086004162697,0
19.0862,29.411,41.12203,2723.1224,-0.13368,68.10642,7.73812872591569,2.8826565528240087,0
19.09979,29.44681,41.11199,2718.83799,-0.14824,68.12224,7.7246958930278655,2.8776524691341896,0
19.11335,29.48258,41.10091,2714.56452,-0.16335,68.13806,7.712437690445807,2.8730859661396515,0
19.12689,29.51829,41.08876,2710.30147,-0.17899,68.15388,7.7013840543806715,2.8689681958667195,0
19.14039,29.55395,41.0755,2706.04829,-0.19512,68.16969,7.691562087121221,2.8653092546310623,0
19.15386,29.58957,41.0611,2701.8044,-0.2117,68.1855,7.682996072912547,2.8621181889529326,0
19.1673,29.62513,41.04554,2697.5692,-0.22868,68.2013,7.6757074947977895,2.8594030018311534,0
19.18072,29.66065,41.0288,2693.34207,-0.24604,68.2171,7.6697150518855945,2.857170659175698,0
19.1941,29.69612,41.01084,2689.12237,-0.26373,68.2329,7.665034676526509,2.855427096206352,0
19.20745,29.73154,40.99166,2684.90944,-0.2817,68.24869,7.661679550956867,2.854177223652994,0
19.22077,29.76691,40.97123,2680.70261,-0.29992,68.26448,7.659660123070076,2.8534249336308184,0
19.23406,29.80223,40.94956,2676.50119,-0.31835,68.28026,7.658984120986086,2.8531731050678473,0
19.24732,29.8375,40.92662,2672.30446,-0.33693,68.29604,7.6596565662210985,2.8534236086109876,0
19.26055,29.87273,40.90241,2668.11171,-0.35563,68.31182,7.661679785293708,2.8541773109496322,0
19.27375,29.90791,40.87694,2663.92222,-0.37441,68.32759,7.6650534196705244,2.855434078520659,0
19.28692,29.94303,40.85019,2659.73523,-0.39321,68.34336,7.66977443404843,2.8571927805937936,0
19.30007,29.97811,40.82218,2655.55,-0.412,68.35912,7.675837123024209,2.8594512917562187,0
19.31318,30.01314,40.79291,2651.36578,-0.43073,68.37488,7.683233116260961,2.8622064938372027,0
19.32626,30.04813,40.76239,2647.18179,-0.44937,68.39063,7.691951382356886,2.865454277349322,0
19.33931,30.08306,40.73063,2642.99728,-0.46785,68.40638,7.701978231649589,2.869189542533136,0
19.35233,30.11794,40.69765,2638.81148,-0.48616,68.42212,7.713297318288422,2.873406200129195,0
19.36533,30.15278,40.66346,2634.62362,-0.50423,68.43786,7.7258896419364,2.878097172012042,0
19.37829,30.18757,40.6281,2630.43292,-0.52203,68.4536,7.739733549542574,2.883254391850474,0
19.39122,30.22231,40.59157,2626.23863,-0.53952,68.46933,7.754804737686234,2.888868805980813,0
19.40413,30.257,40.55392,2622.03997,-0.55666,68.48506,7.771076256020119,2.894930374689599,0
19.417,30.29164,40.51516,2617.83619,-0.57341,68.50078,7.788518512403031,2.90142807412562,0
19.42985,30.32623,40.47533,2613.62655,-0.58972,68.51649,7.8070992803838095,2.908349899087889,0
19.44266,30.36077,40.43447,2609.4103,-0.60556,68.5322,7.826783709678667,2.915682866928729,0
19.45545,30.39527,40.39261,2605.18671,-0.6209,68.54791,7.847534340378429,2.923413022846343,0
19.46821,30.42971,40.34979,2600.95506,-0.63569,68.56361,7.86931112159898,2.9315254468325973,0
19.48093,30.46411,40.30605,2596.71466,-0.64991,68.5793,7.892071435366391,2.9400042625708545,0
19.49363,30.49845,40.26144,2592.4648,-0.66351,68.59499,7.915770126479338,2.9488326485605185,0
19.5063,30.53275,40.21601,2588.20482,-0.67647,68.61067,7.94035953914905,2.9579928517663716,0
19.51893,30.56699,40.16979,2583.93408,-0.68876,68.62635,7.965789561189635,2.967466204080639,0
19.53154,30.60119,40.12284,2579.65193,-0.70034,68.64202,7.9920076765179155,2.977233141880555,0
19.54412,30.63533,40.07521,2575.35778,-0.7112,68.65768,8.018959026728083,2.9872732289665462,0
19.55667,30.66943,40.02696,2571.05104,-0.72129,68.67334,8.046586482438206,2.9975651831406753,0
19.56919,30.70347,39.97813,2566.73115,-0.73061,68.68899,8.074830725085025,3.0080869066773652,0
19.58168,30.73746,39.92879,2562.39759,-0.73912,68.70464,8.103630339799652,3.018815520922032,0
19.59414,30.77141,39.87899,2558.04986,-0.74682,68.72027,8.132921919910126,3.0297274052210414,0
19.60657,30.8053,39.82878,2553.68748,-0.75367,68.7359,8.162640183537905,3.040798240356964,0
19.61897,30.83914,39.77824,2549.31003,-0.75967,68.75152,8.192718102714759,3.0520030566480254,0
19.63134,30.87292,39.72741,2544.91711,-0.7648,68.76714,8.22308704528395,3.0633162868100183,0
19.64368,30.90666,39.67635,2540.50834,-0.76905,68.78275,8.253676929777594,3.074711823652202,0
19.65599,30.94034,39.62513,2536.0834,-0.77241,68.79834,8.28441639335579,3.086163082639045,0
19.66827,30.97397,39.57381,2531.64201,-0.77487,68.81394,8.31523297270496,3.097643069279612,0
19.68052,31.00755,39.52244,2527.18391,-0.77644,68.82952,8.346053297741042,3.10912445128711,0
19.69274,31.04107,39.47109,2522.70888,-0.7771,68.84509,8.376803297730266,3.120579635364289,0
19.70493,31.07455,39.41981,2518.21677,-0.77687,68.86066,8.40740841936651,3.1319808484430047,0
19.71709,31.10796,39.36868,2513.70744,-0.77573,68.87621,8.437793856127774,3.1433002231255336,0
19.72921,31.14133,39.31774,2509.18082,-0.77371,68.89176,8.46788478811744,3.1545098870317547,0
19.74131,31.17464,39.26705,2504.63685,-0.7708,68.9073,8.49760663143841,3.1655820556975796,0
19.75338,31.2079,39.21667,2500.07555,-0.76702,68.92283,8.526885295962801,3.1764891286009425,0
19.76542,31.2411,39.16667,2495.49697,-0.76238,68.93835,8.555647450244042,3.18720378784853,0
19.77743,31.27424,39.11708,2490.90119,-0.7569,68.95385,8.583820792156622,3.197699098996206,0
19.78941,31.30734,39.06797,2486.28836,-0.7506,68.96935,8.611334323730402,3.2079486134320234,0
19.80135,31.34037,39.01939,2481.65866,-0.7435,68.98484,8.638118628490602,3.2179264716926697,0
19.81327,31.37336,38.97138,2477.01231,-0.73562,69.00032,8.664106149571651,3.2276075070681927,0
19.82515,31.40628,38.924,2472.34957,-0.72698,69.01579,8.689231466706845,3.2369673487879336,0
19.83701,31.43915,38.87729,2467.67078,-0.71763,69.03124,8.713431570174494,3.245982524072676,0
19.84883,31.47196,38.83129,2462.97627,-0.70758,69.04669,8.736646129719702,3.254630558315089,0
19.86063,31.50472,38.78605,2458.26644,-0.69687,69.06212,8.758817756433867,3.2628900726367234,0
19.87239,31.53742,38.74161,2453.54173,-0.68553,69.07755,8.779892255572205,3.2707408780691996,0
19.88412,31.57007,38.698,2448.80261,-0.67361,69.09296,8.79981886830532,3.27816406561302,0
19.89582,31.60265,38.65525,2444.04959,-0.66114,69.10836,8.818550500460807,3.285142091449844,0
19.90749,31.63518,38.6134,2439.28322,-0.64816,69.12374,8.836043936358175,3.291658856601613,0
19.91913,31.66765,38.57248,2434.50408,-0.63472,69.13912,8.852260035946971,3.297699780369699,0
19.93074,31.70007,38.53251,2429.71277,-0.62085,69.15448,8.867163913578631,3.303251866932114,0
19.94231,31.73242,38.4935,2424.90994,-0.60661,69.16984,8.880725096874714,3.3083037645261117,0
19.95386,31.76472,38.45549,2420.09625,-0.59204,69.18517,8.892917664321777,3.312845816705899,0
19.96538,31.79696,38.41849,2415.2724,-0.57718,69.2005,8.90372036040857,3.316870105234271,0
19.97686,31.82914,38.38251,2410.43911,-0.56209,69.21582,8.913116687309488,3.3203704842371033,0
19.98831,31.86126,38.34755,2405.5971,-0.54682,69.23112,8.921094972331696,3.323342605329188,0
19.99974,31.89332,38.31363,2400.74714,-0.53142,69.2464,8.927648410569354,3.325783933504053,0
20.01113,31.92533,38.28075,2395.89,-0.51593,69.26168,8.932775082453123,3.327693753671613,0
20.02249,31.95727,38.24891,2391.02644,-0.5004,69.27694,8.936477946064862,3.329073167795191,0
20.03382,31.98916,38.2181,2386.15728,-0.4849,69.29219,8.93876480439368,3.32992508269354,0
20.04511,32.02099,38.18833,2381.2833,-0.46946,69.30743,8.939648247883941,3.330254188638459,0
20.05638,32.05275,38.15957,2376.4053,-0.45414,69.32265,8.939145572868423,3.330066928969003,0
20.06762,32.08446,38.13181,2371.5241,-0.43899,69.33786,8.93727867670302,3.3293714610263963,0
20.07882,32.11611,38.10505,2366.6405,-0.42406,69.35305,8.934073930618744,3.3281776087880597,0
20.09,32.1477,38.07926,2361.75529,-0.40939,69.36823,8.929562031474534,3.3264968076416292,0
20.10114,32.17923,38.05442,2356.86928,-0.39504,69.3834,8.92377783378347,3.3243420418103073,0
20.11225,32.2107,38.0305,2351.98325,-0.38105,69.39856,8.916760163546074,3.321727775000861,0
20.12334,32.2421,38.00748,2347.09797,-0.36746,69.4137,8.9085516155009,3.3186698748741352,0
20.13439,32.27345,37.98533,2342.2142,-0.35433,69.42883,8.899198335559882,3.3151855319965,0
20.14541,32.30474,37.96402,2337.33269,-0.34168,69.44394,8.888749790260686,3.311293173954777,0
20.1564,32.33597,37.94351,2332.45418,-0.32958,69.45904,8.877258525104041,3.307012375330544,0
20.16736,32.36714,37.92376,2327.57935,-0.31804,69.47413,8.864779913700698,3.3023637642507717,0
20.17829,32.39825,37.90473,2322.70892,-0.30712,69.4892,8.851371899651587,3.297368926231396,0
20.18918,32.4293,37.88639,2317.84352,-0.29684,69.50426,8.83709473308697,3.2920503060312156,0
20.20005,32.46029,37.86869,2312.98381,-0.28724,69.51931,8.822010703720412,3.286431108207474,0
20.21089,32.49123,37.85159,2308.13038,-0.27835,69.53434,8.806183872257922,3.2805351970586982,0
20.2217,32.5221,37.83504,2303.28383,-0.2702,69.54936,8.789679801909681,3.274386996605753,0
20.23247,32.55291,37.81899,2298.4447,-0.26282,69.56437,8.772565291659923,3.2680113912278514,0
20.24322,32.58366,37.80339,2293.61352,-0.25622,69.57936,8.75490811286684,3.261433627539094,0
20.25394,32.61435,37.7882,2288.79076,-0.25044,69.59434,8.736776750618512,3.254679218036739,0
20.26462,32.64499,37.77336,2283.97689,-0.24549,69.6093,8.718240151185519,3.2477738470206643,0
20.27528,32.67556,37.75883,2279.17232,-0.24139,69.62425,8.699367476744653,3.240743279221492,0
20.28591,32.70607,37.74454,2274.37745,-0.23815,69.63919,8.68022786842101,3.233613271527531,0
20.2965,32.73653,37.73045,2269.59261,-0.23578,69.65412,8.66089021858518,3.226409488159496,0
20.30707,32.76693,37.7165,2264.81814,-0.2343,69.66903,8.641422953143202,3.219157419567777,0
20.31761,32.79726,37.70265,2260.05429,-0.23371,69.68393,8.62189382447952,3.211882305298256,0
20.32812,32.82754,37.68883,2255.30133,-0.23401,69.69882,8.602369715524693,3.204609061002359,0
20.3386,32.85776,37.675,2250.55945,-0.23521,69.71369,8.58291645533349,3.1973622097350547,0
20.34905,32.88793,37.66109,2245.82882,-0.2373,69.72855,8.56359864639416,3.1901658176230114,0
20.35947,32.91803,37.64707,2241.10958,-0.24029,69.7434,8.54447950378468,3.183043433946062,0
20.36986,32.94807,37.63288,2236.40183,-0.24416,69.75823,8.52562070619173,3.17601803563786,0
20.38022,32.97806,37.61847,2231.70562,-0.24891,69.77305,8.507082258688225,3.169111976166894,0
20.39055,33.00799,37.60378,2227.02099,-0.25453,69.78786,8.488922367079473,3.1623469387271284,0
20.40086,33.03786,37.58877,2222.34792,-0.261,69.80266,8.471197323539307,3.1557438936344524,0
20.41113,33.06767,37.57339,2217.68638,-0.26832,69.81744,8.453961403201067,3.1493230598041,0
20.42138,33.09743,37.5576,2213.03628,-0.27645,69.83221,8.437266771267792,3.1431038701467533,0
20.4316,33.12713,37.54134,2208.39752,-0.2854,69.84697,8.421163400209606,3.1371049407223857,0
20.44178,33.15677,37.52458,2203.76995,-0.29512,69.86172,8.40569899650532,3.1313440434495887,0
20.45195,33.18635,37.50728,2199.1534,-0.3056,69.87645,8.390918936416872,3.125838082179856,0
20.46208,33.21588,37.48938,2194.54767,-0.31682,69.89118,8.376866210203362,3.1206030719158444,0
20.47218,33.24535,37.47086,2189.95251,-0.32874,69.90589,8.363581374226905,3.115654120969542,0
20.48226,33.27476,37.45167,2185.36768,-0.34135,69.92058,8.351102510314021,3.111005415823323,0
20.49231,33.30411,37.43179,2180.79287,-0.3546,69.93527,8.339465191840622,3.1066702084957045,0
20.50233,33.33341,37.41117,2176.22777,-0.36847,69.94994,8.328702455916781,3.1026608061794483,0
20.51232,33.36265,37.38979,2171.67203,-0.38293,69.96461,8.318844781125053,3.098988562948496,0
20.52228,33.39184,37.36762,2167.12528,-0.39793,69.97926,8.309920070274053,3.0956638733332236,0
20.53222,33.42097,37.34463,2162.58714,-0.41345,69.99389,8.301953637630643,3.092696167564095,0
20.54213,33.45004,37.3208,2158.05717,-0.42944,70.00852,8.294968200166057,3.0900939083106156,0
20.55201,33.47906,37.2961,2153.53495,-0.44587,70.02313,8.288983872349846,3.0878645887419354,0
20.56186,33.50802,37.27052,2149.02002,-0.4627,70.03773,8.28401816407594,3.086014731754258,0
20.57168,33.53692,37.24403,2144.5119,-0.47989,70.05232,8.2800859813738,3.0845498902357567,0
20.58148,33.56577,37.21663,2140.0101,-0.4974,70.0669,8.277199629547106,3.0834746482358257,0
20.59125,33.59456,37.18829,2135.5141,-0.51519,70.08147,8.275368818488612,3.0827926229449982,0
20.601,33.6233,37.15902,2131.02338,-0.53322,70.09602,8.274600669913164,3.0825064673894396,0
20.61071,33.65198,37.1288,2126.5374,-0.55143,70.11057,8.274899726353286,3.0826178737820333,0
20.6204,33.6806,37.09762,2122.0556,-0.5698,70.1251,8.276267961767457,3.0831275774742517,0
20.63006,33.70917,37.06549,2117.57742,-0.58828,70.13962,8.278704793680113,3.084035361478623,0
20.6397,33.73768,37.0324,2113.10229,-0.60681,70.15412,8.282207096830598,3.085340061553321,0
20.6493,33.76614,36.99835,2108.62962,-0.62538,70.16862,8.286769218325166,3.087039571846687,0
20.65889,33.79454,36.96335,2104.15882,-0.64391,70.1831,8.292382994371636,3.0891308511313347,0
20.66844,33.82288,36.92741,2099.6893,-0.66239,70.19757,8.29903776871037,3.091609929670165,0
20.67796,33.85117,36.89054,2095.22046,-0.68075,70.21203,8.306720412873284,3.094471916763384,0
20.68746,33.8794,36.85274,2090.75169,-0.69897,70.22648,8.31541534847153,3.0977110090512547,0
20.69694,33.90758,36.81403,2086.28239,-0.71699,70.24091,8.325104571766163,3.101320499667314,0
20.70638,33.9357,36.77442,2081.81196,-0.73477,70.25533,8.335767680755714,3.105292788329205,0
20.7158,33.96377,36.73394,2077.33979,-0.75228,70.26974,8.34738190511078,3.1096193924901008,0
20.72519,33.99178,36.69261,2072.86528,-0.76948,70.28414,8.359922139266008,3.114290959666342,0
20.73456,34.01973,36.65044,2068.38784,-0.78632,70.29852,8.373360979039722,3.119297281079206,0
20.7439,34.04762,36.60746,2063.90688,-0.80277,70.31289,8.387668762135126,3.1246273067426746,0
20.75321,34.07547,36.5637,2059.42182,-0.81879,70.32725,8.402813612930395,3.1302691621489176,0
20.76249,34.10325,36.51918,2054.93209,-0.83434,70.3416,8.418761491927565,3.136210166689315,0
20.77175,34.13098,36.47394,2050.43712,-0.84939,70.35593,8.435476250304172,3.142436853976362,0
20.78098,34.15865,36.428,2045.93636,-0.8639,70.37026,8.452919689905036,3.1489349941922025,0
20.79019,34.18626,36.38141,2041.42929,-0.87785,70.38456,8.471051629118866,3.1556896186293875,0
20.79936,34.21382,36.33419,2036.91537,-0.8912,70.39886,8.489829974976931,3.162685046549533,0
20.80852,34.24132,36.28638,2032.3941,-0.90392,70.41314,8.509210801843217,3.1699049144974696,0
20.81764,34.26877,36.23801,2027.86501,-0.91599,70.42741,8.529148437000545,3.177332208184328,0
20.82674,34.29615,36.18913,2023.32761,-0.92738,70.44166,8.549595553438639,3.1849492970535294,0
20.83581,34.32348,36.13978,2018.78146,-0.93807,70.4559,8.570503270074287,3.1927379716154407,0
20.84485,34.35076,36.08999,2014.22615,-0.94804,70.47013,8.591821259608466,3.200679483626985,0
20.85387,34.37797,36.03982,2009.66126,-0.95726,70.48434,8.613497864140253,3.208754589160867,0
20.86286,34.40513,35.98929,2005.08642,-0.96572,70.49854,8.635480218629207,3.216943594598558,0
20.87183,34.43223,35.93845,2000.50128,-0.9734,70.51272,8.657714382224608,3.2252264055538986,0
20.88076,34.45927,35.88734,1995.90552,-0.9803,70.52689,8.680145477363991,3.233582578690952,0
20.88967,34.48625,35.83602,1991.29884,-0.98639,70.54104,8.70271783652151,3.2419913763916415,0
20.89856,34.51318,35.78452,1986.68096,-0.99168,70.55518,8.72537515637657,3.250431824187616,0
20.90741,34.54004,35.73288,1982.05166,-0.99615,70.56931,8.748060659084162,3.258882770837694,0
20.91625,34.56685,35.68116,1977.41073,-0.9998,70.58342,8.77071726024672,3.2673229509018005,0
20.92505,34.5936,35.62939,1972.75799,-1.00264,70.59752,8.793287743115233,3.2757310496354677,0
20.93383,34.62029,35.57761,1968.09329,-1.00466,70.61159,8.815714938407837,3.2840857699769845,0
20.94258,34.64692,35.52588,1963.41653,-1.00586,70.62566,8.837941909112914,3.2923659013914235,0
20.9513,34.67349,35.47423,1958.72762,-1.00626,70.63971,8.859912139495686,3.3005503902805575,0
20.95999,34.7,35.4227,1954.02652,-1.00586,70.65374,8.881569727489094,3.3086184116535375,0
20.96866,34.72646,35.37133,1949.31323,-1.00467,70.66776,8.902859579542833,3.316549441713276,0
20.97731,34.75285,35.32017,1944.58776,-1.00271,70.68176,8.923727606945627,3.324323330991663,0
20.98592,34.77918,35.26926,1939.85016,-0.99999,70.69574,8.944120922573433,3.3319203776434483,0
20.99451,34.80545,35.21862,1935.10053,-0.99653,70.70971,8.963988036947656,3.339321400483086,0
21.00307,34.83166,35.1683,1930.339,-0.99235,70.72366,8.98327905245807,3.346507811337881,0
21.01161,34.85781,35.11834,1925.5657,-0.98748,70.7376,9.001945854546511,3.353461686268948,0
21.02011,34.8839,35.06876,1920.78085,-0.98194,70.75151,9.019942298653975,3.360165835213922,0
21.02859,34.90993,35.0196,1915.98465,-0.97576,70.76542,9.037224391693211,3.3666038695902722,0
21.03705,34.9359,34.97088,1911.17735,-0.96897,70.7793,9.053750466827868,3.3727602674051385,0
21.04547,34.96181,34.92265,1906.35924,-0.9616,70.79317,9.069481350348257,3.3786204354209377,0
21.05387,34.98765,34.87491,1901.53064,-0.95368,70.80701,9.084380519485562,3.3841707679453186,0
21.06224,35.01343,34.82771,1896.69187,-0.94526,70.82085,9.098414249981529,3.3893987018047373,0
21.07059,35.03915,34.78105,1891.84331,-0.93636,70.83466,9.111551752391035,3.394292767120772,0
21.07891,35.06481,34.73497,1886.98535,-0.92703,70.84846,9.123765296072479,3.3988426334997834,0
21.0872,35.09041,34.68947,1882.11841,-0.9173,70.86223,9.135030319939235,3.4030391512907676,0
21.09546,35.11594,34.64458,1877.24293,-0.90722,70.87599,9.145325529165026,3.406874387610632,0
21.1037,35.14141,34.6003,1872.35937,-0.89684,70.88974,9.15463297708844,3.4103416568557967,0
21.11191,35.16682,34.55666,1867.46822,-0.88618,70.90346,9.16293813171088,3.4134355454744254,0
21.12009,35.19217,34.51366,1862.56998,-0.87531,70.91717,9.170229926286215,3.4161519308124,0
21.12825,35.21745,34.4713,1857.66516,-0.86427,70.93085,9.176500793653407,3.4184879939031307,0
21.13638,35.24267,34.4296,1852.7543,-0.85309,70.94452,9.181746684042336,3.4204422261006897,0
21.14448,35.26783,34.38855,1847.83795,-0.84184,70.95817,9.185967066289981,3.422014429532877,0
21.15255,35.29292,34.34815,1842.91666,-0.83055,70.9718,9.189164912468142,3.4232057113746386,0
21.1606,35.31795,34.30841,1837.99099,-0.81927,70.98541,9.191346666109656,3.4240184720114955,0
21.16862,35.34292,34.26931,1833.06154,-0.80805,70.99901,9.192522194321057,3.4244563872002516,0
21.17662,35.36783,34.23085,1828.12886,-0.79694,71.01258,9.192704724216945,3.424524384389121,0
21.18458,35.39267,34.19302,1823.19355,-0.78598,71.02614,9.191910764205502,3.4242286133945123,0
21.19252,35.41744,34.15582,1818.2562,-0.77522,71.03968,9.190160010819463,3.4235764116931184,0
21.20043,35.44216,34.11922,1813.31738,-0.76471,71.0532,9.18747524181573,3.4225762645987046,0
21.20832,35.4668,34.08321,1808.37768,-0.75448,71.0667,9.183882196441449,3.421237760658071,0
21.21618,35.49139,34.04777,1803.43767,-0.74459,71.08018,9.179409443771474,3.419571542603301,0
21.22401,35.51591,34.01289,1798.49794,-0.73507,71.09364,9.174088240170722,3.4175892542527273,0
21.23182,35.54037,33.97855,1793.55904,-0.72597,71.10708,9.167952376921718,3.4153034837481946,0
21.2396,35.56476,33.94471,1788.62154,-0.71733,71.1205,9.161038019151205,3.4127277035509764,0
21.24735,35.58909,33.91136,1783.68597,-0.70918,71.13391,9.153383537206736,3.4098762076251203,0
21.25507,35.61336,33.87847,1778.75288,-0.70156,71.14729,9.145029331638867,3.406764046238712,0
21.26277,35.63756,33.84601,1773.82277,-0.69451,71.16066,9.136017653002993,3.4034069588353133,0
21.27044,35.6617,33.81396,1768.89616,-0.68806,71.17401,9.126392417601457,3.399821305393056,0
21.27809,35.68578,33.78228,1763.97353,-0.68225,71.18733,9.116199020369828,3.396023996719851,0
21.28571,35.70979,33.75094,1759.05535,-0.67709,71.20064,9.105484146009315,3.392032424095249,0
21.2933,35.73374,33.7199,1754.14207,-0.67263,71.21393,9.094295579456125,3.3878643886652826,0
21.30087,35.75762,33.68915,1749.23412,-0.66888,71.2272,9.08268201674057,3.3835380309825123,0
21.30841,35.78144,33.65863,1744.33191,-0.66587,71.24046,9.070692877216388,3.379071761056508,0
21.31592,35.8052,33.62832,1739.43582,-0.66361,71.25369,9.058378118089124,3.3744841892607877,0
21.32341,35.82889,33.59818,1734.54621,-0.66214,71.2669,9.04578805209872,3.369794058414789,0
21.33087,35.85252,33.56817,1729.66344,-0.66145,71.2801,9.032973169143037,3.365020177333934,0
21.33831,35.87608,33.53827,1724.78781,-0.66157,71.29328,9.019983962558783,3.3601813561147056,0
21.34572,35.89959,33.50842,1719.9196,-0.66252,71.30643,9.006870760686745,3.3552963433882654,0
21.3531,35.92303,33.47859,1715.0591,-0.66428,71.31957,8.993683564277987,3.3503837657499824,0
21.36046,35.9464,33.44875,1710.20653,-0.66688,71.3327,8.980471890219663,3.3454620695431916,0
21.36779,35.96972,33.41886,1705.36211,-0.67032,71.3458,8.96728462197277,3.3405494651433134,0
21.3751,35.99297,33.38889,1700.52602,-0.6746,71.35888,8.954169867054553,3.335663873866308,0
21.38238,36.01615,33.35879,1695.69842,-0.67972,71.37195,8.9411748218081,3.3308228775917863,0
21.38963,36.03928,33.32853,1690.87946,-0.68567,71.385,8.928345643636476,3.3260436711668624,0
21.39686,36.06234,33.29807,1686.06922,-0.69245,71.39802,8.91572733081415,3.321343017632754,0
21.40407,36.08534,33.26739,1681.2678,-0.70005,71.41103,8.90336360995797,3.316737206304753,0
21.41125,36.10827,33.23644,1676.47524,-0.70846,71.42403,8.891296831105503,3.3122420136861495,0
21.4184,36.13115,33.20519,1671.69158,-0.71767,71.437,8.879567870377198,3.307872667207325,0
21.42553,36.15396,33.17361,1666.91682,-0.72767,71.44996,8.868216040127988,3.303643811754865,0
21.43263,36.17671,33.14167,1662.15093,-0.73843,71.4629,8.857279006422262,3.299569478928806,0
21.43971,36.1994,33.10934,1657.39386,-0.74995,71.47582,8.846792713674477,3.2956630589692884,0
21.44677,36.22202,33.07658,1652.64554,-0.76219,71.48872,8.836791316259031,3.2919372752794316,0
21.45379,36.24458,33.04337,1647.90587,-0.77513,71.5016,8.827307116845288,3.2884041614535064,0
21.4608,36.26708,33.00969,1643.17473,-0.78876,71.51447,8.818370511217033,3.2850750407207365,0
21.46778,36.28952,32.97551,1638.45198,-0.80304,71.52732,8.810009939340869,3.2819605077169793,0
21.47473,36.3119,32.94079,1633.73745,-0.81795,71.54015,8.802251842379128,3.279070412470915,0
21.48166,36.33422,32.90553,1629.03096,-0.83345,71.55296,8.795120625422108,3.2764138465208146,0
21.48857,36.35647,32.8697,1624.33228,-0.84953,71.56576,8.788638625647986,3.2739991310532757,0
21.49545,36.37866,32.83328,1619.64121,-0.86613,71.57854,8.782826085648633,3.2718338069663844,0
21.5023,36.40079,32.79624,1614.95748,-0.88324,71.5913,8.777701131693732,3.2699246267725295,0
21.50913,36.42286,32.75859,1610.28084,-0.90081,71.60404,8.773279756656303,3.268277548237709,0
21.51594,36.44487,32.72029,1605.61099,-0.91881,71.61677,8.769575807419823,3.26689772969035,0
21.52272,36.46682,32.68134,1600.94765,-0.9372,71.62947,8.766600976522012,3.265789526908404,0
21.52948,36.48871,32.64173,1596.29048,-0.95595,71.64216,8.764364797862182,3.2649564915202154,0
21.53622,36.51053,32.60144,1591.63918,-0.97501,71.65484,8.762874646323827,3.264401370863932,0
21.54293,36.5323,32.56048,1586.99339,-0.99435,71.66749,8.762135741140247,3.2641261092412823,0
21.54961,36.554,32.51882,1582.35275,-1.01393,71.68013,8.762151152908011,3.2641318505302825,0
21.55628,36.57564,32.47647,1577.71691,-1.0337,71.69275,8.762921814139828,3.264418942116452,0
21.56291,36.59722,32.43343,1573.08548,-1.05363,71.70535,8.764446533297003,3.2649869401202753,0
21.56953,36.61874,32.3897,1568.45808,-1.07367,71.71794,8.766722012235732,3.2658346158964067,0
21.57612,36.6402,32.34526,1563.83431,-1.09379,71.73051,8.769742867063103,3.266959963803076,0
21.58269,36.6616,32.30014,1559.21377,-1.11394,71.74306,8.773501652398613,3.268360210240147,0
21.58923,36.68294,32.25433,1554.59607,-1.13409,71.75559,8.777988889048485,3.270031823958526,0
21.59575,36.70422,32.20784,1549.98078,-1.15419,71.76811,8.7831930951386,3.2719705276579982,0
21.60224,36.72543,32.16067,1545.36749,-1.1742,71.78061,8.789100820768834,3.2741713108968766,0
21.60872,36.74659,32.11283,1540.75579,-1.19408,71.79309,8.79569668624777,3.276628444335446,0
21.61516,36.76768,32.06435,1536.14526,-1.21379,71.80555,8.802963424004561,3.2793354953492284,0
21.62159,36.78872,32.01522,1531.53548,-1.2333,71.81799,8.81088192425451,3.2822853450406146,0
21.62799,36.80969,31.96546,1526.92603,-1.25257,71.83042,8.819431284541734,3.2854702066948134,0
21.63437,36.8306,31.91509,1522.31652,-1.27156,71.84283,8.828588863241437,3.2888816457108496,0
21.64072,36.85146,31.86412,1517.70652,-1.29023,71.85522,8.838330337143194,3.2925106010528578,0
21.64705,36.87225,31.81257,1513.09563,-1.30856,71.8676,8.848629763214579,3.2963474082586584,0
21.65336,36.89298,31.76046,1508.48346,-1.3265,71.87995,8.859459644622023,3.3003818240342606,0
21.65964,36.91365,31.70782,1503.86961,-1.34402,71.89229,8.870791001129712,3.304603052479308,0
21.6659,36.93425,31.65465,1499.25371,-1.36111,71.90461,8.8825934439145,3.3089997729576015,0
21.67214,36.9548,31.60099,1494.63538,-1.37771,71.91691,8.894835254867921,3.3135601696391825,0
21.67836,36.97529,31.54685,1490.01427,-1.39382,71.92919,8.907483470419189,3.3182719627266097,0
21.68455,36.99571,31.49226,1485.39002,-1.40939,71.94146,8.920503969874808,3.3231224413637874,0
21.69071,37.01608,31.43725,1480.76229,-1.42442,71.95371,8.933861568263076,3.3280984982229826,0
21.69686,37.03638,31.38185,1476.13078,-1.43887,71.96593,8.947520113640017,3.333186665753851,0
21.70298,37.05662,31.32606,1471.49517,-1.45273,71.97814,8.961442588750533,3.338373154054885,0
21.70908,37.0768,31.26994,1466.85517,-1.46598,71.99033,8.975591216947114,3.3436438903309242,0
21.71515,37.09692,31.21349,1462.21051,-1.4786,72.00251,8.989927572178106,3.3489845598666763,0
21.7212,37.11697,31.15676,1457.56093,-1.49058,72.01466,9.004412692871453,3.354380648451412,0
21.72723,37.13697,31.09976,1452.90619,-1.5019,72.02679,9.019007199441445,3.3598174861533128,0
21.73323,37.1569,31.04252,1448.24609,-1.51256,72.03891,9.033671415153359,3.365280292344738,0
21.73922,37.17678,30.98508,1443.58041,-1.52255,72.05101,9.048365489991467,3.37075422184631,0
21.74517,37.19659,30.92746,1438.90899,-1.53187,72.06308,9.063049527176181,3.3762244120578884,0
21.75111,37.21633,30.86969,1434.23167,-1.54051,72.07514,9.077683711896777,3.381676030914884,0
21.75702,37.23602,30.8118,1429.54831,-1.54847,72.08718,9.092228441802567,3.3870943254996657,0
21.76291,37.25564,30.75381,1424.85881,-1.55576,72.0992,9.106644458747093,3.3924646711197357,0
21.76878,37.2752,30.69575,1420.16307,-1.56237,72.1112,9.120892981262617,3.3977726206579595,0
21.77462,37.2947,30.63766,1415.46104,-1.56832,72.12317,9.13493583716422,3.403003953971083,0
21.78044,37.31414,30.57954,1410.75266,-1.57362,72.13513,9.148735595715406,3.4081447271248995,0
21.78624,37.33351,30.52144,1406.03792,-1.57827,72.14707,9.162255698700397,3.4131813212221283,0
21.79201,37.35282,30.46337,1401.31682,-1.58229,72.15899,9.175460589757908,3.418100490582645,0
21.79776,37.37207,30.40537,1396.58939,-1.5857,72.17089,9.188315841319412,3.4228894100313307,0
21.80349,37.39126,30.34744,1391.85568,-1.58852,72.18277,9.200788278470284,3.4275357210396025,0
21.80919,37.41038,30.28962,1387.11577,-1.59076,72.19463,9.212846099042121,3.432027576462965,0
21.81487,37.42944,30.23193,1382.36975,-1.59244,72.20647,9.224458989286745,3.43635368363262,0
21.82053,37.44844,30.17438,1377.61775,-1.59361,72.21828,9.23559823443949,3.4405033455431964,0
21.82616,37.46737,30.117,1372.85989,-1.59427,72.23008,9.24623682351402,3.4444664998915835,0
21.83178,37.48624,30.0598,1368.09635,-1.59446,72.24186,9.256349547718798,3.448233755739652,0
21.83737,37.50504,30.0028,1363.32732,-1.59421,72.25361,9.265913091893037,3.4517964275765474,0
21.84293,37.52379,29.94602,1358.55298,-1.59355,72.26534,9.274906118364527,3.4551465665579437,0
21.84847,37.54247,29.88947,1353.77358,-1.59251,72.27706,9.28330934274319,3.458276988741136,0
21.85399,37.56108,29.83316,1348.98935,-1.59113,72.28875,9.291105601147546,3.461181300128664,0
21.85949,37.57963,29.7771,1344.20055,-1.58945,72.30042,9.298279908451471,3.4638539183667607,0
21.86496,37.59812,29.72131,1339.40746,-1.58751,72.31207,9.304819507181838,3.4662900909610213,0
21.87041,37.61654,29.66578,1334.61039,-1.58533,72.3237,9.31071390675942,3.4684859098946568,0
21.87584,37.6349,29.61054,1329.80963,-1.58297,72.33531,9.315954912841308,3.4704383225593296,0
21.88125,37.6532,29.55558,1325.00551,-1.58047,72.34689,9.320536646588243,3.4721451389327336,0
21.88663,37.67143,29.5009,1320.19837,-1.57786,72.35846,9.324455553770848,3.4736050349709076,0
21.89199,37.68959,29.44652,1315.38856,-1.57518,72.37,9.327710403663202,3.4748175521960643,0
21.89732,37.7077,29.39243,1310.57644,-1.57249,72.38152,9.330302277759076,3.475783093493089,0
21.90264,37.72573,29.33863,1305.76238,-1.56982,72.39302,9.33223454844665,3.476502915165311,0
21.90793,37.74371,29.28511,1300.94676,-1.56722,72.4045,9.333512847777877,3.476979115300274,0
21.91319,37.76162,29.23189,1296.12996,-1.56472,72.41595,9.334145026620213,3.4772146185526704,0
21.91844,37.77946,29.17894,1291.31237,-1.56238,72.42739,9.33414110445603,3.4772131574433143,0
21.92366,37.79724,29.12626,1286.4944,-1.56023,72.4388,9.33351321022723,3.476979250322194,0
21.92886,37.81496,29.07385,1281.67644,-1.55832,72.45019,9.33227551463763,3.476518176149337,0
21.93404,37.83261,29.02169,1276.85888,-1.55668,72.46156,9.330444154386422,3.4758359462697745,0
21.93919,37.85019,28.96978,1272.04215,-1.55537,72.47291,9.328037148851061,3.4749392733757256,0
21.94432,37.86772,28.91811,1267.22663,-1.55441,72.48423,9.325074309781177,3.4738355378652064,0
21.94943,37.88517,28.86665,1262.41273,-1.55385,72.49554,9.321577144605278,3.4725327518212294,0
21.95452,37.90257,28.81541,1257.60085,-1.55373,72.50682,9.31756875395323,3.4710395208362366,0
21.95958,37.91989,28.76435,1252.79137,-1.55408,72.51808,9.313073724054503,3.469365003927606,0
21.96462,37.93716,28.71347,1247.9847,-1.55494,72.52932,9.308118014665848,3.4675188717877705,0
21.96964,37.95436,28.66275,1243.18122,-1.55634,72.54054,9.302728843188046,3.4655112636146534,0
21.97463,37.97149,28.61217,1238.3813,-1.55832,72.55173,9.296934565640425,3.463352742771547,0
21.97961,37.98856,28.56171,1233.5853,-1.5609,72.56291,9.290764555184845,3.4610542515340974,0
21.98456,38.00557,28.51136,1228.7936,-1.56411,72.57406,9.284249078812515,3.4586270651529047,0
21.98949,38.02251,28.46109,1224.00654,-1.56799,72.58519,9.277419172883311,3.456082745488635,0
21.9944,38.03938,28.41087,1219.22445,-1.57256,72.5963,9.270306518109008,3.453433094439997,0
21.99928,38.0562,28.3607,1214.44767,-1.57783,72.60739,9.262943314595539,3.4506901073936853,0
22.00414,38.07295,28.31055,1209.67651,-1.58384,72.61845,9.255362157521136,3.447865926911222,0
22.00898,38.08963,28.26039,1204.91127,-1.59059,72.6295,9.247595913993807,3.4449727968551276,0
22.0138,38.10625,28.2102,1200.15224,-1.59812,72.64052,9.239677601596416,3.442023017143761,0
22.0186,38.1228,28.15997,1195.39969,-1.60643,72.65152,9.231640269092571,3.439028899311133,0
22.02337,38.1393,28.10966,1190.65388,-1.61553,72.6625,9.223516879750775,3.436002723042076,0
22.02812,38.15572,28.05926,1185.91505,-1.62543,72.67346,9.215340197663792,3.432956693823222,0
22.03286,38.17209,28.00874,1181.18344,-1.63616,72.6844,9.207142677446068,3.429902901852382,0
22.03756,38.18839,27.95807,1176.45924,-1.6477,72.69532,9.19895635762827,3.426853282325213,0
22.04225,38.20462,27.90725,1171.74266,-1.66006,72.70621,9.190812758020272,3.423819577200233,0
22.04692,38.2208,27.85623,1167.03387,-1.67324,72.71709,9.182742781319266,3.4208132985452417,0
22.05156,38.2369,27.80501,1162.33304,-1.68725,72.72794,9.174776619139582,3.417845693530968,0
22.05618,38.25295,27.75355,1157.6403,-1.70208,72.73878,9.16694366267138,3.4149277111490752,0
22.06078,38.26893,27.70185,1152.95578,-1.71772,72.74959,9.159272418086887,3.412069970698759,0
22.06536,38.28485,27.64987,1148.27959,-1.73417,72.76038,9.151790426815163,3.409282732087003,0
22.06992,38.30071,27.59759,1143.61183,-1.75142,72.77115,9.144524190774263,3.406575867975591,0
22.07446,38.3165,27.545,1138.95255,-1.76944,72.7819,9.137499102584865,3.4039588377838452,0
22.07897,38.33223,27.49208,1134.30183,-1.78824,72.79263,9.130739380839241,3.401440663574617,0
22.08347,38.34789,27.43881,1129.6597,-1.8078,72.80334,9.124268010393774,3.399029907811676,0
22.08794,38.3635,27.38516,1125.02619,-1.82809,72.81403,9.118106687689199,3.3967346529900655,0
22.09239,38.37904,27.33113,1120.40129,-1.84909,72.8247,9.11227577106802,3.394562483128026,0
22.09683,38.39452,27.2767,1115.78501,-1.8708,72.83534,9.106794236053169,3.392520467107128,0
22.10124,38.40993,27.22185,1111.17731,-1.89317,72.84597,9.101679635512966,3.3906151438326626,0
22.10563,38.42529,27.16657,1106.57815,-1.91619,72.85658,9.096948064666124,3.3888525091970925,0
22.10999,38.44058,27.11084,1101.98748,-1.93983,72.86717,9.092614130841833,3.3872380048148822,0
22.11434,38.45581,27.05466,1097.40522,-1.96407,72.87773,9.088690927925898,3.385776508503015,0
22.11867,38.47097,26.99801,1092.8313,-1.98887,72.88828,9.085190015406436,3.3844723264749628,0
22.12298,38.48608,26.94087,1088.26561,-2.01421,72.89881,9.082121401927749,3.3833291872140725,0
22.12726,38.50112,26.88325,1083.70804,-2.04004,72.90931,9.079493533297558,3.3823502370059413,0
22.13153,38.5161,26.82514,1079.15846,-2.06635,72.9198,9.077313284829083,3.3815380370856447,0
22.13577,38.53102,26.76652,1074.61675,-2.0931,72.93027,9.075585957959687,3.380894562378089,0
22.14,38.54588,26.70739,1070.08275,-2.12024,72.94071,9.074315281062253,3.380421201800274,0
22.1442,38.56067,26.64775,1065.5563,-2.14776,72.95114,9.073503414383524,3.38011876010095,0
22.14838,38.57541,26.58759,1061.03725,-2.17561,72.96155,9.073150959026176,3.379987461206679,0
22.15255,38.59008,26.52691,1056.5254,-2.20376,72.97194,9.073256969915528,3.3800269530522766,0
22.15669,38.60469,26.46571,1052.02059,-2.23217,72.98231,9.0738189726987,3.380236313876191,0
22.16081,38.61924,26.40399,1047.52262,-2.2608,72.99266,9.074832984500212,3.3806140599525105,0
22.16492,38.63373,26.34174,1043.03128,-2.28962,73.00298,9.076293538498286,3.381158154746282,0
22.169,38.64816,26.27898,1038.54638,-2.3186,73.01329,9.078193712251233,3.3818660194658356,0
22.17306,38.66252,26.21569,1034.06771,-2.3477,73.02358,9.08052515974445,3.382734545001134,0
22.1771,38.67683,26.1519,1029.59505,-2.37687,73.03385,9.083278147098483,3.383760105225968,0
22.18113,38.69107,26.0876,1025.12819,-2.4061,73.0441,9.086441591878064,3.3849385716416034,0
22.18513,38.70526,26.02279,1020.66692,-2.43534,73.05433,9.090003105988213,3.3862653293567093,0
22.18911,38.71938,25.95749,1016.211,-2.46455,73.06455,9.093949042044581,3.3877352943615335,0
22.19308,38.73344,25.8917,1011.76022,-2.49371,73.07474,9.098264543238654,3.389342932103996,0
22.19702,38.74744,25.82543,1007.31437,-2.52278,73.08491,9.102933596551098,3.391082277313068,0
22.20094,38.76138,25.75869,1002.87322,-2.55174,73.09506,9.107939089307331,3.3929469550672047,0
22.20485,38.77526,25.69148,998.43655,-2.58055,73.10519,9.113262868973226,3.394930203069825,0
0.05193,0.05193,56.65912,5492.15963,-0.51352,45.00011,3.5395451822793627,1.3185737114378193,0
0.10385,0.10385,56.58435,5490.30341,-0.52656,45.00028,3.574544482068575,1.331611871496301,0
0.15575,0.15575,56.50777,5488.43052,-0.53911,45.0005,3.6107878434650935,1.3451134772367352,0
0.20763,0.20763,56.42946,5486.54014,-0.55113,45.00079,3.6482667118316687,1.3590753418316606,0
0.25949,0.2595,56.34948,5484.63144,-0.56262,45.00114,3.6869707338471485,1.3734936083965354,0
0.31134,0.31134,56.26791,5482.70362,-0.57356,45.00155,3.726887604944935,1.3883636931565495,0
0.36316,0.36318,56.18485,5480.75585,-0.58392,45.00202,3.768002912904513,1.4036802271803523,0
0.41497,0.41499,56.10038,5478.78732,-0.59369,45.00255,3.810299978241065,1.419436996920986,0
0.46676,0.46679,56.01457,5476.79722,-0.60285,45.00313,3.853759692118815,1.4356268838343402,0
0.51853,0.51857,55.92753,5474.78476,-0.61138,45.00378,3.898360352631971,1.452241803389496,0
0.57029,0.57033,55.83935,5472.74914,-0.61927,45.00449,3.944077500416057,1.4692726438296213,0
0.62202,0.62207,55.75012,5470.68958,-0.62649,45.00525,3.990883754647392,1.4867092050774615,0
0.67373,0.6738,55.65993,5468.60532,-0.63304,45.00608,4.038748650635943,1.5045401382344068,0
0.72542,0.72551,55.56889,5466.49559,-0.63889,45.00696,4.087638480322942,1.522752886161652,0
0.7771,0.7772,55.4771,5464.35965,-0.64403,45.0079,4.137516137120637,1.5413336256789265,0
0.82875,0.82887,55.38467,5462.19679,-0.64844,45.0089,4.188340966662359,1.5602672119649665,0
0.88038,0.88053,55.29169,5460.0063,-0.65211,45.00996,4.240068625142081,1.5795371257852702,0
0.93199,0.93216,55.19828,5457.78751,-0.65503,45.01107,4.292650947041642,1.599125424217012,0
0.98358,0.98378,55.10454,5455.53975,-0.65718,45.01225,4.346035824153323,1.619012695581767,0
1.03515,1.03538,55.0106,5453.26239,-0.65855,45.01348,4.400167097896633,1.6391780193306815,0
1.08669,1.08696,54.91655,5450.95485,-0.65913,45.01477,4.454984467008798,1.6595989316567499,0
1.13823,1.1385,54.82196,5448.61746,-0.66662,44.98402,4.510773655624827,1.6803818723181174,-26.99999954
1.18978,1.19,54.72641,5446.25034,-0.6734,44.95291,4.567836268836323,1.701639197147114,-26.99999954
1.24132,1.24145,54.62998,5443.85261,-0.67944,44.92143,4.626134136803907,1.7233566868742627,-26.99999954
1.29288,1.29285,54.53278,5441.42341,-0.68473,44.88957,4.685624044007096,1.7455182425811138,-26.99999954
1.34444,1.3442,54.43493,5438.96189,-0.68926,44.85732,4.746258379931097,1.768106128098199,-26.99999954
1.39601,1.39549,54.33653,5436.46723,-0.693,44.82467,4.807984955228885,1.7911009015205672,-26.99999954
1.44759,1.44674,54.23771,5433.93865,-0.69595,44.79162,4.87074682941729,1.8144813510200442,-26.99999954
1.49917,1.49794,54.13856,5431.37536,-0.6981,44.75816,4.934482152578007,1.8382244358746909,-26.99999954
1.55076,1.54908,54.03922,5428.77665,-0.69942,44.72427,4.999124023690214,1.8623052336939803,-26.99999954
1.60235,1.60017,53.9398,5426.14181,-0.6999,44.68995,5.064600368318189,1.8866968948542122,-26.99999954
1.65395,1.6512,53.84042,5423.47019,-0.69954,44.6552,5.130833838484761,1.9113706051987438,-26.99999954
1.70556,1.70218,53.74119,5420.76117,-0.69833,44.62,5.197741737619627,1.9362955580792591,-26.99999954
1.75717,1.75311,53.64226,5418.01419,-0.69625,44.58436,5.265235973527402,1.9614389368351322,-26.99999954
1.80879,1.80397,53.54372,5415.22873,-0.69331,44.54827,5.3332230422901405,1.9867659087966913,-26.99999954
1.86041,1.85479,53.44572,5412.4043,-0.68948,44.51172,5.401604046016265,2.012239631897165,-26.99999954
1.91205,1.90554,53.34838,5409.54051,-0.68477,44.47471,5.47027474723163,2.03782127493478,-26.99999954
1.96368,1.95624,53.25181,5406.63699,-0.67918,44.43724,5.539125662596586,2.0634700524848375,-26.99999954
2.01533,2.00687,53.15615,5403.69346,-0.67271,44.3993,5.6080421984423925,2.0891432753905907,-26.99999954
2.06698,2.05745,53.06152,5400.70968,-0.66534,44.3609,5.676904830372692,2.11479641766952,-26.99999954
2.11864,2.10797,52.96805,5397.68549,-0.65709,44.32203,5.745589328885131,2.140383200563324,-26.99999954
2.1703,2.15842,52.87586,5394.62081,-0.64796,44.28269,5.813967032608736,2.1658556943260305,-26.99999954
2.22197,2.20881,52.78507,5391.51563,-0.63796,44.24289,5.881905170333115,2.191164438188348,-26.99999954
2.27364,2.25914,52.69581,5388.37,-0.62709,44.20263,5.949267232535965,2.216258578761437,-26.99999954
2.32532,2.30941,52.60819,5385.18407,-0.61535,44.16191,6.015913392578286,2.2410860269432087,-26.99999954
2.37701,2.35961,52.52234,5381.95806,-0.60277,44.12074,6.081700977175775,2.2655936331813016,-26.99999954
2.4287,2.40975,52.43837,5378.69228,-0.58936,44.07912,6.146484985104858,2.289727380704722,-26.99999954
2.4804,2.45982,52.3564,5375.38712,-0.57513,44.03706,6.210118652450775,2.31343259609363,-26.99999954
2.53211,2.50983,52.27654,5372.04306,-0.56009,43.99456,6.272454062029003,2.3366541763048563,-26.99999954
2.58382,2.55977,52.1989,5368.66067,-0.54427,43.95164,6.333342793879085,2.359336830997967,-26.99999954
2.63553,2.60964,52.12358,5365.2406,-0.52769,43.9083,6.392636613018988,2.381425338741857,-26.99999954
2.68725,2.65944,52.05069,5361.78359,-0.51038,43.86456,6.450188189963876,2.402864815426952,-26.99999954
2.73898,2.70917,51.98033,5358.29047,-0.49235,43.82043,6.505851848804535,2.4236009929441065,-26.99999954
2.79071,2.75884,51.91259,5354.76217,-0.47364,43.77592,6.559484336989524,2.4435805059487086,-26.99999954
2.84245,2.80843,51.84757,5351.19969,-0.45427,43.73104,6.610945610387654,2.462751184317106,-26.99999954
2.89419,2.85795,51.78534,5347.60411,-0.43429,43.68582,6.6600996266359624,2.4810623486896057,-26.99999954
2.94593,2.9074,51.72599,5343.97661,-0.41371,43.64026,6.70681513937901,2.4984651063455074,-26.99999954
2.99768,2.95678,51.6696,5340.31845,-0.39259,43.59438,6.750966485600883,2.514912644504989,-26.99999954
3.04944,3.00609,51.61624,5336.63095,-0.37095,43.54821,6.792434358053439,2.5303605180789566,-26.99999954
3.1012,3.05532,51.56597,5332.91552,-0.34883,43.50176,6.831106554632162,2.544766928831262,-26.99999954
3.15296,3.10448,51.51886,5329.17364,-0.32628,43.45504,6.866878696558021,2.558092992920345,-26.99999954
3.20473,3.15356,51.47495,5325.40685,-0.30334,43.4081,6.899654907356457,2.5703029938367714,-26.99999954
3.2565,3.20257,51.43429,5321.61675,-0.28005,43.36093,6.929348444899956,2.5813646178557184,-26.99999954
3.30828,3.25151,51.39693,5317.80501,-0.25645,43.31357,6.955882279165892,2.5912491692669763,-26.99999954
3.36006,3.30037,51.3629,5313.97334,-0.2326,43.26603,6.979189608920083,2.5999317628531666,-26.99999954
3.41184,3.34915,51.33222,5310.1235,-0.20853,43.21835,6.999214311166059,2.607391491321419,-26.99999954
3.46363,3.39786,51.30492,5306.25729,-0.1843,43.17054,7.015911317981669,2.613611565684923,-26.99999954
3.51542,3.44649,51.28102,5302.37654,-0.15996,43.12264,7.029246916248198,2.6185794269199123,-26.99999954
3.56721,3.49505,51.26051,5298.48311,-0.13555,43.07465,7.039198966702875,2.622286827568487,-26.99999954
3.61901,3.54353,51.24341,5294.5789,-0.11112,43.02661,7.045757039793865,2.6247298823481686,-26.99999954
3.6708,3.59193,51.22971,5290.66579,-0.08673,42.97855,7.048922466869549,2.6259090872212605,-26.99999954
3.7226,3.64026,51.21938,5286.74569,-0.06241,42.93048,7.048708306329868,2.6258293067853264,-26.99999954
3.7744,3.68851,51.21242,5282.82052,-0.03822,42.88243,7.045139225461659,2.6244997302537483,-26.99999954
3.82621,3.73669,51.2088,5278.89217,-0.01421,42.83443,7.038251299774315,2.6219337967029808,-26.99999954
3.87801,3.78478,51.20848,5274.96254,0.00957,42.7865,7.028091732647862,2.618149090634078,-26.99999954
3.92982,3.83281,51.21143,5271.0335,0.03308,42.73866,7.014718499153646,2.613167209286533,-26.99999954
3.98163,3.88075,51.21759,5267.10692,0.05627,42.69094,6.998199918733203,2.6070136034499085,-26.99999954
4.03344,3.92862,51.22693,5263.1846,0.0791,42.64336,6.97861416229425,2.599717393844132,-26.99999954
4.08525,3.97642,51.23937,5259.26833,0.10151,42.59594,6.956048699938623,2.5913111653836127,-26.99999954
4.13706,4.02414,51.25486,5255.35988,0.12348,42.54871,6.930599696146142,2.581830741867324,-26.99999954
4.18887,4.07178,51.27332,5251.46092,0.14495,42.50169,6.902371359685677,2.5713149438035683,-26.99999954
4.24068,4.11935,51.29469,5247.57313,0.16589,42.45489,6.871475255856355,2.559805332201729,-26.99999954
4.29249,4.16684,51.31888,5243.6981,0.18626,42.40834,6.838029588865139,2.54734594123904,-26.99999954
4.3443,4.21426,51.3458,5239.83736,0.20602,42.36206,6.802158462201451,2.53398300273067,-26.99999954
4.39611,4.26161,51.37537,5235.99239,0.22514,42.31606,6.7639911248302775,2.519764665316823,-26.99999954
4.44792,4.30888,51.40749,5232.16461,0.24358,42.27035,6.723661210860199,2.504740711219068,-26.99999954
4.49973,4.35608,51.44206,5228.35537,0.26131,42.22497,6.681305980031671,2.4889622733022465,-26.99999954
4.55154,4.40321,51.47899,5224.56593,0.27831,42.17992,6.6370655660252424,2.4724815550495025,-26.99999954
4.60335,4.45027,51.51816,5220.79751,0.29454,42.13522,6.5910822391461545,2.455351555892896,-26.99999954
4.65515,4.49725,51.55947,5217.05122,0.30999,42.09087,6.543499689349888,2.4376258041215526,-26.99999954
4.70696,4.54417,51.6028,5213.32813,0.32463,42.0469,6.494462335072157,2.419358099402654,-26.99999954
4.75876,4.59101,51.64804,5209.62922,0.33843,42.00331,6.444114662639788,2.400602266694608,-26.99999954
4.81056,4.63779,51.69508,5205.9554,0.35139,41.96011,6.392600600414513,2.3814119230991406,-26.99999954
4.86236,4.68449,51.74379,5202.30748,0.36348,41.91731,6.340062931160247,2.3618402589526526,-26.99999954
4.91416,4.73113,51.79404,5198.68623,0.37469,41.87493,6.286642745450039,2.3419398342059217,-26.99999954
4.96596,4.7777,51.84573,5195.09232,0.385,41.83296,6.23247893825614,2.3217623908906564,-26.99999954
5.01775,4.82421,51.89873,5191.52636,0.39442,41.79141,6.1777077502870945,2.3013586822554997,-26.99999954
5.06954,4.87064,51.95291,5187.98888,0.40292,41.75029,6.122462354961898,2.280778318903029,-26.99999954
5.12133,4.91702,52.00814,5184.48034,0.4105,41.7096,6.066872491398834,2.2600696320684484,-26.99999954
5.17311,4.96333,52.0643,5181.00113,0.41717,41.66935,6.0110641432457905,2.2392795539754253,-26.99999954
5.22489,5.00957,52.12126,5177.55157,0.4229,41.62953,5.955159262706473,2.218453515028595,-26.99999954
5.27667,5.05575,52.1789,5174.13192,0.42772,41.59016,5.899275538708141,2.197635357449944,-26.99999954
5.32845,5.10187,52.23709,5170.74237,0.4316,41.55122,5.8435262077598145,2.176867264818514,-26.99999954
5.38022,5.14793,52.29571,5167.38303,0.43457,41.51271,5.788019905747904,2.1561897068603746,-26.99999954
5.43199,5.19392,52.35463,5164.05399,0.43662,41.47464,5.732860558648615,2.1356413987361207,-26.99999954
5.48375,5.23986,52.41373,5160.75526,0.43775,41.43701,5.67814730991551,2.115259273990824,-26.99999954
5.53552,5.28573,52.47288,5157.48678,0.43798,41.39981,5.623974482136425,2.095078470270231,-26.99999954
5.58728,5.33155,52.53196,5154.24845,0.43732,41.36303,5.570431570446626,2.075132326866987,-26.99999954
5.63903,5.37731,52.59086,5151.04013,0.43576,41.32668,5.517603265080371,2.055452393121687,-26.99999954
5.69078,5.42301,52.64945,5147.86162,0.43333,41.29075,5.465569500444309,2.0360684467040087,-26.99999954
5.74253,5.46865,52.70762,5144.71267,0.43004,41.25523,5.414405528059767,2.0170085207856334,-26.99999954
5.79427,5.51424,52.76525,5141.593,0.4259,41.22012,5.364182010760338,1.998298939131325,-26.99999954
5.84601,5.55978,52.82224,5138.50226,0.42092,41.1854,5.314965135596333,1.9799643581588109,-26.99999954
5.89774,5.60525,52.87846,5135.4401,0.41512,41.15108,5.2668167429683,1.9620278150444135,-26.99999954
5.94947,5.65068,52.93382,5132.40609,0.40852,41.11715,5.21979446960501,1.9445107809861142,-26.99999954
6.0012,5.69605,52.98821,5129.39981,0.40113,41.08359,5.173951903118762,1.9274332187794687,-26.99999954
6.05292,5.74137,53.04152,5126.42077,0.39297,41.0504,5.129338745990361,1.9108136439063288,-26.99999954
6.10464,5.78663,53.09366,5123.46847,0.38406,41.01757,5.0860009869846765,1.8946691883916449,-26.99999954
6.15635,5.83185,53.14452,5120.54236,0.37443,40.98509,5.0439810781122905,1.8790156667263382,-26.99999954
6.20806,5.87701,53.19401,5117.64188,0.36408,40.95295,5.003318115401294,1.8638676432095518,-26.99999954
6.25977,5.92212,53.24205,5114.76645,0.35304,40.92115,4.964048021907537,1.849238500124782,-26.99999954
6.31147,5.96719,53.28853,5111.91543,0.34133,40.88966,4.926203731488989,1.8351405062006634,-26.99999954
6.36316,6.0122,53.33338,5109.08821,0.32897,40.85849,4.8898153720579876,1.8215848848772567,-26.99999954
6.41485,6.05717,53.3765,5106.28411,0.31599,40.82762,4.854910447104552,1.8085818819282533,-26.99999954
6.46654,6.10208,53.41783,5103.50245,0.3024,40.79703,4.821514014461783,1.7961408320557941,-26.99999954
6.51822,6.14695,53.45729,5100.74254,0.28824,40.76672,4.7896488613659045,1.7842702241049415,-26.99999954
6.5699,6.19177,53.49479,5098.00365,0.27352,40.73668,4.7593356750013065,1.7729777645961935,-26.99999954
6.62157,6.23655,53.53027,5095.28505,0.25826,40.7069,4.730593207813001,1.7622704393087236,-26.99999954
6.67324,6.28128,53.56367,5092.586,0.2425,40.67735,4.703438436976478,1.7521545726870975,-26.99999954
6.7249,6.32596,53.59491,5089.90572,0.22625,40.64804,4.677886717491208,1.7426358848726322,-26.99999954
6.77656,6.3706,53.62395,5087.24343,0.20954,40.61895,4.653951928456105,1.7337195461948554,-26.99999954
6.82821,6.4152,53.65071,5084.59835,0.19239,40.59007,4.6316466121652855,1.7254102289883315,-26.99999954
6.87986,6.45974,53.67515,5081.96966,0.17483,40.56138,4.610982105695475,1.7177121566124396,-26.99999954
6.9315,6.50425,53.69721,5079.35654,0.15688,40.53287,4.591968664755091,1.7106291495884065,-26.99999954
6.98314,6.54871,53.71686,5076.75817,0.13857,40.50454,4.574615579579627,1.7041646687733958,-26.99999954
7.03478,6.59313,53.73403,5074.1737,0.11993,40.47636,4.558931282725665,1.698321855516608,-26.99999954
7.08641,6.6375,53.74871,5071.60229,0.10097,40.44833,4.54492344863124,1.693103568748138,-26.99999954
7.13803,6.68183,53.76083,5069.04305,0.08172,40.42043,4.532599084862134,1.6885124189706184,-26.99999954
7.18965,6.72612,53.77039,5066.49514,0.06222,40.39265,4.521964614960044,1.6845507991223476,-26.99999954
7.24127,6.77037,53.77733,5063.95765,0.04248,40.36497,4.513025952859929,1.6812209122997,-26.99999954
7.29288,6.81457,53.78164,5061.4297,0.02253,40.33739,4.505788568823173,1.6785247963189736,-26.99999954
7.34449,6.85873,53.78329,5058.91038,0.0024,40.30989,4.500257546877689,1.6764643451143348,-26.99999954
7.39609,6.90285,53.78227,5056.39879,-0.01789,40.28246,4.496437633733564,1.6750413269601843,-26.99999954
7.44769,6.94693,53.77855,5053.894,-0.03831,40.25508,4.4943332791613715,1.6742573995131416,-26.99999954
7.49928,6.99097,53.77213,5051.39508,-0.05884,40.22774,4.493948667815911,1.674114121667224,-26.99999954
7.55087,7.03496,53.76299,5048.90109,-0.07945,40.20043,4.4952877424894275,1.6746129622162842,-26.99999954
7.60245,7.07892,53.75112,5046.41109,-0.10011,40.17314,4.498354218769378,1.675755305314412,-26.99999954
7.65403,7.12283,53.73653,5043.92412,-0.1208,40.14584,4.503151591068697,1.6775424527223708,-26.99999954
7.7056,7.1667,53.71922,5041.43922,-0.14148,40.11853,4.509683130009251,1.6799756228328597,-26.99999954
7.75717,7.21053,53.69919,5038.95541,-0.16215,40.0912,4.517951871103177,1.6830559464540191,-26.99999954
7.80874,7.25432,53.67644,5036.47171,-0.18276,40.06383,4.527960594693522,1.6867844593367893,-26.99999954
7.8603,7.29807,53.651,5033.98713,-0.20329,40.0364,4.5397117971137515,1.6911620914310688,-26.99999954
7.91185,7.34178,53.62287,5031.50068,-0.22371,40.0089,4.553207652992838,1.696189652843368,-26.99999954
7.9634,7.38545,53.59207,5029.01134,-0.24401,39.98133,4.5684499686631375,1.701867816480017,-26.99999954
8.01495,7.42908,53.55862,5026.51812,-0.26415,39.95366,4.585440126624597,1.7081970973586211,-26.99999954
8.06649,7.47266,53.52256,5024.01997,-0.2841,39.92588,4.604179020979239,1.7151778285557095,-26.99999954
8.11803,7.51621,53.4839,5021.51589,-0.30384,39.89798,4.624666983836367,1.7228101337907358,-26.99999954
8.16956,7.55971,53.44268,5019.00484,-0.32334,39.86994,4.646903702610036,1.731093896617211,-26.99999954
8.22109,7.60317,53.39894,5016.48576,-0.34258,39.84175,4.670888128219839,1.740028726225081,-26.99999954
8.27262,7.64659,53.35271,5013.95763,-0.36153,39.81339,4.6966183741774,1.7496139198477887,-26.99999954
8.32414,7.68997,53.30404,5011.41939,-0.38016,39.78486,4.724091606590246,1.7598484217858237,-26.99999954
8.37565,7.7333,53.25297,5008.86997,-0.39845,39.75614,4.753303925139982,1.77073077906796,-26.99999954
8.42716,7.7766,53.19956,5006.30833,-0.41637,39.7272,4.784250235131378,1.7822590937861758,-26.99999954
8.47867,7.81985,53.14385,5003.7334,-0.43388,39.69805,4.816924110748792,1.79443097215507,-26.99999954
8.53017,7.86305,53.08591,5001.1441,-0.45098,39.66866,4.851317649728989,1.8072434703736675,-26.99999954
8.58167,7.90622,53.02578,4998.53937,-0.46763,39.63903,4.887421319689108,1.82069303737854,-26.99999954
8.63316,7.94934,52.96354,4995.91815,-0.4838,39.60913,4.925223796461232,1.8347754546191817,-26.99999954
8.68465,7.99242,52.89925,4993.27936,-0.49947,39.57895,4.964711794816755,1.849485772998382,-26.99999954
8.73614,8.03545,52.83298,4990.62194,-0.51462,39.54849,5.005869892096586,1.864818247169834,-26.99999954
8.78762,8.07844,52.7648,4987.94482,-0.52921,39.51772,5.048680345339106,1.8807662674134893,-26.99999954
8.83909,8.12138,52.69479,4985.24694,-0.54322,39.48663,5.093122902599441,1.8973222893470225,-26.99999954
8.89055,8.1643,52.62366,4982.52612,-0.54702,39.49526,5.138718833426208,1.9143079732811357,0
8.94197,8.20721,52.55212,4979.78051,-0.55011,39.50395,5.184968104397814,1.9315370436096158,0
8.99336,8.25011,52.48026,4977.00958,-0.55247,39.51268,5.231809625618544,1.9489867427389365,0
9.04471,8.29299,52.40818,4974.21283,-0.55411,39.52146,5.27917997255369,1.966633443361119,0
9.09603,8.33587,52.33598,4971.3898,-0.55501,39.53029,5.327012525999883,1.9844523280700521,0
9.14732,8.37874,52.26375,4968.54007,-0.55515,39.53916,5.3752374936021825,2.002417397377173,0
9.19856,8.4216,52.19159,4965.66324,-0.55455,39.54809,5.423781951139877,2.0205014850915135,0
9.24978,8.46445,52.1196,4962.75897,-0.55319,39.55706,5.472569904863767,2.0386762815419828,0
9.30095,8.50729,52.04788,4959.82695,-0.55106,39.56607,5.5215223761021655,2.0569123650953225,0
9.35209,8.55012,51.97653,4956.86692,-0.54817,39.57514,5.570557509209045,2.0751792423696362,0
9.40319,8.59293,51.90564,4953.87865,-0.54452,39.58425,5.6195907038248825,2.093445397505032,0
9.45426,8.63574,51.83532,4950.862,-0.5401,39.5934,5.6685347722047315,2.11167835077247,0
9.50529,8.67854,51.76567,4947.81682,-0.53491,39.60261,5.717300122220809,2.1298447267470397,0
9.55628,8.72132,51.69678,4944.74307,-0.52897,39.61185,5.7657949663979435,2.147910332179166,0
9.60723,8.76409,51.62875,4941.64071,-0.52228,39.62115,5.813925557120412,2.165840243615344,0
9.65814,8.80686,51.56168,4938.5098,-0.51484,39.63049,5.861596447869938,2.1835989047161672,0
9.70902,8.84961,51.49566,4935.35044,-0.50666,39.63987,5.908710780082552,2.2011502331180535,0
9.75986,8.89234,51.43078,4932.16276,-0.49775,39.6493,5.955170594915012,2.218457736574444,0
9.81065,8.93507,51.36715,4928.94698,-0.48812,39.65877,6.000877168873026,2.235484637986143,0
9.86141,8.97778,51.30484,4925.70338,-0.4778,39.66829,6.04573137197272,2.252194008825892,0
9.91213,9.02048,51.24395,4922.43228,-0.46679,39.67785,6.089634046738913,2.2685489103251935,0
9.9628,9.06317,51.18456,4919.13407,-0.45511,39.68746,6.132486406034636,2.2845125416762815,0
10.01344,9.10584,51.12676,4915.80919,-0.44277,39.69711,6.174190447392738,2.300048394381543,0
10.06404,9.1485,51.07062,4912.45815,-0.42981,39.7068,6.21464938119159,2.3151204117602315,0
10.11459,9.19115,51.01623,4909.08152,-0.41624,39.71654,6.253768069761859,2.3296931525272995,0
10.1651,9.23379,50.96366,4905.67992,-0.40209,39.72632,6.291453474180579,2.3437319572359385,0
10.21557,9.27641,50.91297,4902.25403,-0.38737,39.73614,6.327615105326927,2.3572031163077325,0
10.266,9.31901,50.86425,4898.80459,-0.37213,39.74601,6.362165475522183,2.3700740382804164,0
10.31639,9.36161,50.81754,4895.3324,-0.35638,39.75592,6.395020546933092,2.3823134168499367,0
10.36673,9.40418,50.77292,4891.83829,-0.34017,39.76587,6.426100172800221,2.3938913952396144,0
10.41703,9.44675,50.73043,4888.32318,-0.32351,39.77586,6.455328527461767,2.4047797263953354,0
10.46729,9.4893,50.69013,4884.788,-0.30644,39.7859,6.482634521157877,2.414951927511071,0
10.5175,9.53183,50.65207,4881.23375,-0.289,39.79598,6.507952195610813,2.4243834273928964,0
10.56768,9.57435,50.61628,4877.66146,-0.27123,39.8061,6.531221096497364,2.433051705214766,0
10.6178,9.61686,50.58281,4874.07223,-0.25315,39.81626,6.552386619073679,2.440936419272859,0
10.66788,9.65935,50.55169,4870.46715,-0.2348,39.82646,6.571400323431623,2.448019524426863,0
10.71792,9.70182,50.52294,4866.84739,-0.21623,39.8367,6.5882202161336885,2.4542853770163946,0
10.76792,9.74428,50.49659,4863.21413,-0.19748,39.84699,6.602810995294436,2.4597208261602788,0
10.81787,9.78672,50.47266,4859.56859,-0.17857,39.85731,6.6151442565444905,2.464315290483557,0
10.86777,9.82915,50.45116,4855.91198,-0.15956,39.86768,6.625198657725237,2.468060819470602,0
10.91763,9.87157,50.43209,4852.24558,-0.14048,39.87809,6.632960040605289,2.470952138807695,0
10.96744,9.91396,50.41547,4848.57065,-0.12137,39.88854,6.638421508383893,2.472986679255091,0
11.01721,9.95634,50.40128,4844.88848,-0.10228,39.89903,6.6415834582428666,2.4741645887734665,0
11.06694,9.99871,50.38952,4841.20036,-0.08324,39.90956,6.64245356871002,2.4744887278164653,0
11.11661,10.04106,50.38018,4837.50758,-0.06429,39.92013,6.641046742100758,2.473964647888679,0
11.16625,10.0834,50.37323,4833.81144,-0.04548,39.93074,6.637385002820842,2.4726005536607514,0
11.21583,10.12571,50.36866,4830.11323,-0.02685,39.94139,6.631497352775509,2.4704072491054694,0
11.26538,10.16802,50.36643,4826.41423,-0.00843,39.95209,6.623419585613757,2.4673980682988708,0
11.31487,10.21031,50.36651,4822.71573,0.00973,39.96282,6.613194061967962,2.463588791691093,0
11.36432,10.25258,50.36887,4819.01896,0.0276,39.97359,6.600869448215914,2.4589975487883504,0
11.41373,10.29483,50.37346,4815.32517,0.04515,39.9844,6.586500421696804,2.4536447083381403,0
11.46309,10.33708,50.38024,4811.63558,0.06232,39.99526,6.570147345560818,2.4475527572021565,0
11.5124,10.3793,50.38915,4807.95137,0.0791,40.00615,6.5518759167050415,2.440746169203153,0
11.56167,10.42151,50.40013,4804.27369,0.09545,40.01709,6.531756790474989,2.4332512653163882,0
11.61089,10.46371,50.41313,4800.60368,0.11132,40.02806,6.50986518588044,2.425096066602135,0
11.66006,10.50588,50.42809,4796.94242,0.1267,40.03908,6.486280475230743,2.416310141334039,0
11.70919,10.54805,50.44493,4793.29097,0.14155,40.05013,6.461085762078008,2.406924447771845,0
11.75828,10.5902,50.46359,4789.65034,0.15584,40.06123,6.434367451341063,2.3969711740212682,0
11.80732,10.63233,50.48399,4786.0215,0.16955,40.07237,6.406214815412084,2.386483576397291,0
11.85631,10.67445,50.50606,4782.40538,0.18265,40.08354,6.376719559925554,2.3754958176616805,0
11.90526,10.71656,50.5297,4778.80286,0.19512,40.09476,6.345975392686131,2.3640428064372703,0
11.95416,10.75865,50.55485,4775.21477,0.20693,40.10602,6.314077599077086,2.35216003903644,0
12.00302,10.80072,50.58141,4771.64191,0.21807,40.11732,6.281122627006356,2.339883444842592,0
12.05184,10.84278,50.6093,4768.085,0.22851,40.12866,6.24720768421464,2.3272492362968276,0
12.10061,10.88483,50.63843,4764.54473,0.23825,40.14004,6.212430350452925,2.3142937644238657,0
12.14933,10.92687,50.66871,4761.02175,0.24725,40.15146,6.176888206784084,2.30105338073714,0
12.19801,10.96889,50.70004,4757.51663,0.25552,40.16293,6.14067848391323,2.287564306232599,0
12.24665,11.01089,50.73233,4754.02991,0.26304,40.17443,6.103897731180933,2.2738625080799695,0
12.29524,11.05289,50.76548,4750.56208,0.26979,40.18598,6.066641507503238,2.2599835844897873,0
12.34379,11.09487,50.7994,4747.11357,0.27578,40.19756,6.029004095293623,2.24596265814179,0
12.39229,11.13684,50.834,4743.68475,0.28099,40.20919,5.991078238044451,2.231834278427112,0
12.44075,11.17879,50.86916,4740.27597,0.28542,40.22086,5.952954902031036,2.217632332676774,0
12.48917,11.22074,50.9048,4736.88751,0.28906,40.23257,5.914723062281813,2.2033899664299437,0
12.53754,11.26267,50.94082,4733.5196,0.29192,40.24433,5.876469512753394,2.1891395127191435,0
12.58587,11.30459,50.97712,4730.17242,0.294,40.25612,5.838278700408249,2.1749124302598273,0
12.63416,11.34649,51.0136,4726.84613,0.29528,40.26796,5.8002325826749965,2.160739250350586,0
12.68241,11.38839,51.05017,4723.54081,0.29579,40.27984,5.762410507635806,2.1466495322398003,0
12.73061,11.43027,51.08673,4720.25651,0.29552,40.29176,5.724889116077153,2.1326718266369737,0
12.77877,11.47215,51.12318,4716.99325,0.29448,40.30372,5.687742264434488,2.1188336470075906,0
12.82689,11.51401,51.15943,4713.75098,0.29268,40.31573,5.6510409675558195,2.1051614482510477,0
12.87497,11.55586,51.19538,4710.52964,0.29012,40.32778,5.614853360090102,2.0916806123168104,0
12.923,11.5977,51.23095,4707.3291,0.28681,40.33987,5.5792446752595835,2.0784154402965567,0
12.971,11.63954,51.26605,4704.14921,0.28277,40.35201,5.544277239736516,2.0653891505156134,0
13.01895,11.68136,51.30057,4700.98979,0.278,40.36418,5.510010483263691,2.0526238821168605,0
13.06686,11.72317,51.33445,4697.8506,0.27253,40.3764,5.476500961700311,2.0401407036459256,0
13.11473,11.76497,51.36758,4694.73138,0.26635,40.38867,5.443802392138156,2.027959626132878,0
13.16256,11.80677,51.39989,4691.63185,0.2595,40.40097,5.411965698743203,2.0160996201694403,0
13.21035,11.84855,51.4313,4688.55167,0.25198,40.41332,5.381039068038269,2.0045786365032248,0
13.2581,11.89033,51.46172,4685.4905,0.24381,40.42572,5.35106801231708,1.9934136296611462,0
13.30581,11.93209,51.49109,4682.44794,0.235,40.43815,5.322095439977834,1.9826205841505193,0
13.35348,11.97385,51.51931,4679.4236,0.22559,40.45063,5.294161731575667,1.9722145427906095,0
13.40111,12.0156,51.54634,4676.41701,0.21558,40.46316,5.267304820467449,1.962209636754938,0
13.4487,12.05735,51.57208,4673.42774,0.205,40.47572,5.241560276964994,1.9526191169205667,0
13.49626,12.09908,51.59648,4670.45527,0.19387,40.48834,5.2169613949869005,1.9434553861481887,0
13.54377,12.14081,51.61947,4667.49911,0.1822,40.50099,5.193539280246844,1.9347300321345888,0
13.59124,12.18253,51.64098,4664.55872,0.17002,40.51369,5.171322939104395,1.926453860511911,0
13.63867,12.22424,51.66097,4661.63354,0.15736,40.52643,5.150339367221413,1.918636927874496,0
13.68607,12.26595,51.67937,4658.723,0.14423,40.53922,5.13061363729265,1.9112885744608408,0
13.73342,12.30765,51.69614,4655.82651,0.13066,40.55205,5.1121689851234455,1.9044174562198053,0
13.78074,12.34934,51.71121,4652.94344,0.11667,40.56493,5.095026893411985,1.8980315760217086,0
13.82802,12.39103,51.72455,4650.07317,0.10228,40.57785,5.079207172659072,1.8921383137993437,0
13.87526,12.43271,51.7361,4647.21506,0.08753,40.59081,5.064728038658748,1.8867444554152795,0
13.92247,12.47438,51.74583,4644.36844,0.07243,40.60382,5.051606186096961,1.8818562200792943,0
13.96963,12.51605,51.7537,4641.53262,0.05702,40.61687,5.039856857820434,1.877479286152855,0
14.01676,12.55771,51.75968,4638.70692,0.0413,40.62997,5.029493909389788,1.873618815196856,0
14.06385,12.59937,51.76372,4635.89063,0.02532,40.64311,5.020529868576661,1.8702794741358577,0
14.1109,12.64102,51.76581,4633.08303,0.0091,40.6563,5.012975989490698,1.8674654554218157,0
14.15791,12.68266,51.76592,4630.28338,-0.00734,40.66953,5.006842301087192,1.8651804951044553,0
14.20488,12.7243,51.76403,4627.49095,-0.02396,40.6828,5.002137649809025,1.8634278887165123,0
14.25182,12.76594,51.76011,4624.70497,-0.04076,40.69612,4.99886973617467,1.8622105049037323,0
14.29872,12.80757,51.75416,4621.92468,-0.05768,40.70948,4.997045145134446,1.8615307967333696,0
14.34558,12.84919,51.74615,4619.1493,-0.07472,40.72289,4.996669370076055,1.8613908106368824,0
14.39241,12.89081,51.73608,4616.37805,-0.09184,40.73635,4.997746830341687,1.8617921929355157,0
14.4392,12.93243,51.72395,4613.61013,-0.10901,40.74984,5.000280882200452,1.8627361939278233,0
14.48595,12.97404,51.70975,4610.84473,-0.12622,40.76338,5.004273823194737,1.8642236695087944,0
14.53266,13.01564,51.69348,4608.08104,-0.14342,40.77697,5.009726889834383,1.8662550803108815,0
14.57933,13.05725,51.67514,4605.31825,-0.1606,40.7906,5.016640248639669,1.868830488367268,0
14.62597,13.09884,51.65475,4602.55553,-0.17773,40.80427,5.025012980527101,1.8719495512951712,0
14.67255,13.14045,51.63146,4599.79374,-0.20904,40.86779,5.035455344733112,1.8758396067170484,31.999999454138848
14.71906,13.18211,51.60441,4597.03327,-0.24026,40.9315,5.048580632292225,1.8807291216799182,31.999999454138848
14.7655,13.22379,51.57364,4594.27259,-0.27133,40.99545,5.064393269287975,1.8866197450163542,31.999999454138848
14.81187,13.26552,51.53915,4591.51017,-0.30223,41.05965,5.082897796685553,1.8935131683553705,31.999999454138848
14.85816,13.30728,51.50099,4588.74445,-0.3329,41.12414,5.1040990555229735,1.9014111951110026,31.999999454138848
14.90438,13.34908,51.45918,4585.97385,-0.3633,41.18894,5.128002062842795,1.9103156942636106,31.999999454138848
14.95052,13.39092,51.41377,4583.19679,-0.39339,41.25408,5.154611867536451,1.9202285466580957,31.999999454138848
14.99659,13.4328,51.36479,4580.41167,-0.42313,41.31959,5.183933385688652,1.9311515836653657,31.999999454138848
15.04259,13.47471,51.31231,4577.61689,-0.45246,41.38549,5.215971215006228,1.9430865180521848,31.999999454138848
15.08851,13.51667,51.25636,4574.81081,-0.48136,41.45181,5.250729427913659,1.9560348669038259,31.999999454138848
15.13435,13.55866,51.19703,4571.99181,-0.50978,41.51857,5.288211342896965,1.9699978664436446,31.999999454138848
15.18013,13.60069,51.13435,4569.15822,-0.53766,41.58582,5.328419273730119,1.9849763786133252,31.999999454138848
15.22582,13.64276,51.06842,4566.30839,-0.56498,41.65357,5.37135425625115,2.0009707892897888,31.999999454138848
15.27144,13.68487,50.9993,4563.44064,-0.59168,41.72185,5.4170157524400935,2.0179808980464418,31.999999454138848
15.31698,13.72702,50.92707,4560.55329,-0.61772,41.79069,5.465401331660975,2.0360057994074303,31.999999454138848
15.36244,13.76921,50.85183,4557.64465,-0.64306,41.86012,5.5165063290268685,2.0550437555796326,31.999999454138848
15.40783,13.81144,50.77365,4554.71301,-0.66765,41.93016,5.570323481055132,2.0750920607246526,31.999999454138848
15.45314,13.85371,50.69264,4551.75668,-0.69145,42.00085,5.626842538920223,2.0961468968853114,31.999999454138848
15.49836,13.89601,50.6089,4548.77393,-0.71443,42.07221,5.686049859882751,2.118203181782225,31.999999454138848
15.54351,13.93836,50.52252,4545.76306,-0.73652,42.14427,5.747927977705318,2.1412544087823977,31.999999454138848
15.58857,13.98075,50.43363,4542.72235,-0.7577,42.21706,5.812455153177174,2.1652924794578317,31.999999454138848
15.63356,14.02318,50.34235,4539.6501,-0.77791,42.2906,5.879604906218575,2.1903075292820904,31.999999454138848
15.67846,14.06565,50.24878,4536.54459,-0.79713,42.36493,5.949345531411731,2.2162877471528266,31.999999454138848
15.72327,14.10817,50.15305,4533.40413,-0.81529,42.44007,6.02163959921357,2.2432191895804166,31.999999454138848
15.76801,14.15072,50.0553,4530.22704,-0.83238,42.51604,6.096443445588017,2.271085590562551,31.999999454138848
15.81265,14.19332,49.95566,4527.01164,-0.84833,42.59287,6.173706653266067,2.2998681683399678,31.999999454138848
15.85721,14.23595,49.85427,4523.7563,-0.86312,42.6706,6.253371528396062,2.329545430434908,31.999999454138848
15.90168,14.27863,49.75128,4520.45938,-0.87671,42.74924,6.335372576885518,2.360092978574668,31.999999454138848
15.94607,14.32136,49.64682,4517.1193,-0.88905,42.82882,6.419635985325517,2.3914833153222785,31.999999454138848
15.99036,14.36412,49.54106,4513.73448,-0.90011,42.90936,6.506079111991967,2.42368565446108,31.999999454138848
16.03456,14.40693,49.43415,4510.30342,-0.90986,42.99089,6.594609993993316,2.45666573739428,31.999999454138848
16.07867,14.44978,49.32625,4506.82463,-0.91827,43.07343,6.685126877270434,2.490385658057543,31.999999454138848
16.12269,14.49268,49.21753,4503.2967,-0.92529,43.157,6.777517776693098,2.524803699043353,31.999999454138848
16.16661,14.53561,49.10814,4499.71825,-0.93091,43.24162,6.871660074060971,2.5598741818458075,31.999999454138848
16.21044,14.5786,48.99827,4496.08799,-0.93509,43.32731,6.967420162305424,2.5955473343164286,31.999999454138848
16.25417,14.62162,48.88808,4492.40467,-0.93781,43.41409,7.064653144605705,2.631769178577019,31.999999454138848
16.2978,14.66469,48.77774,4488.66716,-0.93903,43.50198,7.163202597471104,2.668481442761542,31.999999454138848
16.34133,14.7078,48.66745,4484.87438,-0.93875,43.59098,7.262900407046638,2.7056215000356745,31.999999454138848
16.38476,14.75096,48.55737,4481.02535,-0.93695,43.68112,7.363566688011294,2.7431223383842696,31.999999454138848
16.42809,14.79416,48.44768,4477.1192,-0.9336,43.7724,7.465009794347098,2.7809125646231236,31.999999454138848
16.47131,14.83741,48.33858,4473.15517,-0.9287,43.86484,7.567026431043659,2.818916446011852,31.999999454138848
16.51443,14.8807,48.23024,4469.13258,-0.92224,43.95844,7.669401875326149,2.8570539926671334,31.999999454138848
16.55744,14.92404,48.12285,4465.05091,-0.9142,44.0532,7.771910315398056,2.895241083753304,31.999999454138848
16.60035,14.96743,48.01658,4460.90975,-0.9046,44.14914,7.874315313755766,2.93338964007922,31.999999454138848
16.64314,15.01085,47.91162,4456.70884,-0.89343,44.24624,7.976370401085894,2.9714078453406483,31.999999454138848
16.68583,15.05433,47.80816,4452.44803,-0.8807,44.34452,8.077819805346573,3.0092004177222265,31.999999454138848
16.7284,15.09784,47.70638,4448.12735,-0.86642,44.44395,8.178399319092247,3.046668932998768,31.999999454138848
16.77086,15.14141,47.60644,4443.74697,-0.8506,44.54455,8.277837306219446,3.0837121995745553,31.999999454138848
16.8132,15.18502,47.50853,4439.30722,-0.83326,44.64629,8.375855847377846,3.120226685179093,31.999999454138848
16.85543,15.22867,47.41282,4434.80858,-0.81443,44.74916,8.472172020955792,3.156106994067926,31.999999454138848
16.89754,15.27237,47.31948,4430.25171,-0.79413,44.85315,8.56649931425058,3.1912463927206915,31.999999454138848
16.93953,15.31612,47.22867,4425.63744,-0.7724,44.95824,8.658549156927366,3.2255373810949206,31.999999454138848
16.9814,15.35991,47.14055,4420.96677,-0.74928,45.0644,8.748032566279145,3.258872305528658,31.999999454138848
17.02315,15.40375,47.05528,4416.24084,-0.7248,45.17162,8.834661891305375,3.2911440084556514,31.999999454138848
17.06478,15.44763,46.973,4411.46102,-0.69902,45.27986,8.918152640061582,3.3222465091411495,31.999999454138848
17.10628,15.49156,46.89387,4406.6288,-0.67199,45.38909,8.998225372383956,3.3520757087716193,31.999999454138848
17.14766,15.53553,46.818,4401.74585,-0.64377,45.49928,9.074607637910864,3.3805301124187523,31.999999454138848
17.18891,15.57955,46.74554,4396.81403,-0.61441,45.6104,9.147035937381245,3.407511559674722,31.999999454138848
17.23003,15.62361,46.6766,4391.83532,-0.58398,45.72239,9.21525768360597,3.4329259551656075,31.999999454138848
17.27102,15.66772,46.61129,4386.8119,-0.55256,45.83523,9.279033137330323,3.456683989711108,31.999999454138848
17.31189,15.71187,46.54971,4381.74605,-0.52021,45.94886,9.33813729243428,3.4787018426112453,31.999999454138848
17.35262,15.75607,46.49197,4376.64023,-0.48702,46.06324,9.392361684652807,3.498901855442272,31.999999454138848
17.39322,15.80031,46.43813,4371.49701,-0.45306,46.17832,9.441516098346018,3.517213167873456,31.999999454138848
17.43369,15.84459,46.38829,4366.3191,-0.41843,46.29404,9.485430146544283,3.5335723062754583,31.999999454138848
17.47403,15.88892,46.34249,4361.10929,-0.3832,46.41036,9.523954700967549,3.5479237164401565,31.999999454138848
17.51423,15.93329,46.3008,4355.8705,-0.34747,46.52722,9.556963150525839,3.560220232405197,31.999999454138848
17.5543,15.9777,46.26326,4350.60573,-0.31133,46.64456,9.584352469264468,3.5704234742916854,31.999999454138848
17.59423,16.02216,46.22989,4345.31804,-0.27487,46.76232,9.60604407747589,3.578504169091001,31.999999454138848
17.63402,16.06666,46.20073,4340.01057,-0.23819,46.88044,9.621984483013652,3.5844423895711284,31.999999454138848
17.67369,16.11119,46.17577,4334.68649,-0.20139,46.99888,9.632145693265047,3.5882277077473055,31.999999454138848
17.71321,16.15577,46.15502,4329.34902,-0.16456,47.11755,9.636525392109597,3.589859260803713,31.999999454138848
17.7526,16.2004,46.13846,4324.00139,-0.1278,47.23642,9.635146879959748,3.589345728757057,31.999999454138848
17.79185,16.24506,46.12607,4318.64684,-0.09121,47.3554,9.628058778954044,3.5867052246332705,31.999999454138848
17.83096,16.28976,46.11782,4313.28858,-0.05488,47.47446,9.615334509192254,3.5819650993513172,31.999999454138848
17.86994,16.3345,46.11366,4307.92982,-0.0189,47.59352,9.597071545537835,3.5751616648625526,31.999999454138848
17.90878,16.37928,46.11354,4302.57372,0.01662,47.71253,9.573390467974667,3.5663398403836215,31.999999454138848
17.94749,16.4241,46.11738,4297.22341,0.0516,47.83142,9.54443382153451,3.555552727689441,31.999999454138848
17.98605,16.46896,46.12512,4291.88192,0.08596,47.95016,9.510364804493754,3.542861122431971,31.999999454138848
18.02448,16.51385,46.13667,4286.55225,0.11959,48.06868,9.47136580575422,3.528332969276081,31.999999454138848
18.06278,16.55878,46.15193,4281.23727,0.15242,48.18692,9.427636814049837,3.5120427692871807,31.999999454138848
18.10094,16.60375,46.1708,4275.9398,0.18438,48.30484,9.379393722756586,3.494070948428318,31.999999454138848
18.13896,16.64876,46.19317,4270.66251,0.21537,48.4224,9.326866554858407,3.47450319631328,31.999999454138848
18.17685,16.6938,46.21892,4265.40799,0.24534,48.53954,9.270297632671808,3.4534297843808504,31.999999454138848
18.21461,16.73887,46.24792,4260.17869,0.2742,48.65621,9.209939716693992,3.4309448725667644,31.999999454138848
18.25223,16.78398,46.28004,4254.97696,0.30191,48.77239,9.14605413708551,3.40714581323184,31.999999454138848
18.28972,16.82913,46.31513,4249.80498,0.32839,48.88803,9.078908940179078,3.3821324606877368,31.999999454138848
18.32708,16.87431,46.35306,4244.66482,0.35359,49.0031,9.008777070808064,3.356006494066494,31.999999454138848
18.3643,16.91952,46.39367,4239.5584,0.37746,49.11755,8.935934609463395,3.3288707606150982,31.999999454138848
18.4014,16.96477,46.4368,4234.48751,0.39995,49.23137,8.86065908121605,3.300828645724613,31.999999454138848
18.43836,17.01004,46.48229,4229.45377,0.42103,49.34453,8.783227851130736,3.271983475179553,31.999999454138848
18.4752,17.05535,46.52998,4224.45869,0.44065,49.45699,8.70391661859365,3.2424379542553687,31.999999454138848
18.51191,17.1007,46.5797,4219.5036,0.45878,49.56875,8.622998020615961,3.21229364741223,31.999999454138848
18.54849,17.14607,46.63128,4214.58972,0.4754,49.67978,8.540740351855035,3.1816505014692607,31.999999454138848
18.58495,17.19148,46.68455,4209.7181,0.49047,49.79006,8.457406406806138,3.1506064142904897,31.999999454138848
18.62128,17.23691,46.73933,4204.88967,0.50399,49.89958,8.373252447498885,3.119256850224607,31.999999454138848
18.65749,17.28238,46.79545,4200.10521,0.51594,50.00834,8.288527297973031,3.087694502773377,31.999999454138848
18.69357,17.32787,46.85273,4195.36537,0.5263,50.11632,8.203471565004653,3.056009004291633,31.999999454138848
18.72954,17.37339,46.911,4190.67068,0.53507,50.22352,8.118316982858449,3.0242866818902696,31.999999454138848
18.76538,17.41895,46.97008,4186.02152,0.54225,50.32994,8.033285878450503,2.992610358195303,31.999999454138848
18.8011,17.46453,47.02979,4181.41819,0.54785,50.43557,7.948590752003374,2.961059195130852,31.999999454138848
18.83671,17.51014,47.08996,4176.86082,0.55186,50.54042,7.864433967302998,2.9297085785316908,31.999999454138848
18.87219,17.55578,47.15042,4172.34947,0.55429,50.64449,7.781007544798996,2.898630041067665,31.999999454138848
18.90756,17.60145,47.211,4167.88408,0.55516,50.74779,7.698493050195839,2.867891220740971,31.999999454138848
18.94281,17.64714,47.27152,4163.46448,0.55448,50.85033,7.617061570730196,2.837555852048845,31.999999454138848
18.97795,17.69286,47.33182,4159.0904,0.55228,50.95212,7.53687377106446,2.807683786805368,31.999999454138848
19.01298,17.73861,47.39173,4154.76151,0.54856,51.05316,7.458080020584433,2.7783310415632094,31.999999454138848
19.04789,17.78439,47.4511,4150.47736,0.54337,51.15347,7.380820583957897,2.7495498686017044,31.999999454138848
19.08269,17.83019,47.50976,4146.23742,0.53671,51.25308,7.305225866891476,2.7213888474777486,31.999999454138848
19.11739,17.87602,47.56756,4142.0411,0.52862,51.35199,7.231416709285671,2.69389299423377,31.999999454138848
19.15197,17.92187,47.62436,4137.88773,0.51914,51.45021,7.159504718304395,2.6671038854748867,31.999999454138848
19.18644,17.96775,47.67999,4133.77656,0.50829,51.54779,7.089592634239076,2.641059794662915,31.999999454138848
19.2208,18.01366,47.73432,4129.7068,0.49611,51.64472,7.021774722493682,2.6157958381411053,31.999999454138848
19.25506,18.05959,47.78722,4125.67758,0.48263,51.74103,6.9561371854525795,2.5913441285657552,31.999999454138848
19.28921,18.10555,47.83854,4121.68799,0.4679,51.83675,6.892758588509781,2.5677339336133147,31.999999454138848
19.32326,18.15153,47.88815,4117.73705,0.45195,51.9319,6.831710295003294,2.544991838004874,31.999999454138848
19.3572,18.19754,47.93594,4113.82375,0.43482,52.02651,6.773056905301696,2.523141907077466,31.999999454138848
19.39104,18.24357,47.98177,4109.94702,0.41656,52.12059,6.716856695782068,2.5022058503148967,31.999999454138848
19.42477,18.28963,48.02554,4106.10577,0.39721,52.21417,6.663162053892905,2.482203183420128,31.999999454138848
19.45841,18.33571,48.06713,4102.29884,0.3768,52.30729,6.612019905956276,2.463151387682836,31.999999454138848
19.49194,18.38181,48.10644,4098.52507,0.3554,52.39996,6.5634721347939164,2.44506606555612,31.999999454138848
19.52537,18.42794,48.14337,4094.78323,0.33303,52.49222,6.517555984625795,2.4279610914918743,31.999999454138848
19.5587,18.4741,48.17781,4091.07209,0.30976,52.58409,6.474304451116856,2.4118487572434573,31.999999454138848
19.59193,18.52028,48.20969,4087.39037,0.28562,52.67561,6.4337466546991156,2.396739911,31.999999454138848
19.62506,18.56648,48.23891,4083.73678,0.26066,52.76679,6.395908195694609,2.382644089369046,31.999999454138848
19.65809,18.61271,48.2654,4080.10998,0.23494,52.85767,6.36081148994891,2.3695696430288677,31.999999454138848
19.69102,18.65896,48.28908,4076.50863,0.20849,52.94829,6.328476083985535,2.3575238535117755,31.999999454138848
19.72386,18.70523,48.30988,4072.93136,0.18137,53.03866,6.298918948870429,2.3465130429863694,31.999999454138848
19.7566,18.75153,48.32774,4069.37677,0.15364,53.12882,6.272154752171608,2.3365426755076606,31.999999454138848
19.78924,18.79786,48.3426,4065.84345,0.12533,53.21881,6.248196107550009,2.327617449996236,31.999999454138848
19.82179,18.8442,48.3544,4062.32997,0.0965,53.30864,6.2270538016402375,2.3197413847572976,31.999999454138848
19.85423,18.89057,48.36311,4058.83487,0.06719,53.39836,6.208736998006033,2.3129178934594474,31.999999454138848
19.88659,18.93696,48.36867,4055.35669,0.03747,53.48799,6.193253418008996,2.3071498525130423,31.999999454138848
19.91884,18.98338,48.37105,4051.89395,0.00737,53.57756,6.180609498550636,2.30243965983326,31.999999454138848
19.951,19.02982,48.37022,4048.44514,-0.02304,53.66711,6.170810526625983,2.298789284964859,31.999999454138848
19.98307,19.07628,48.36616,4045.00875,-0.05372,53.75667,6.163860750733718,2.2962003105853817,31.999999454138848
20.01504,19.12277,48.35884,4041.58324,-0.08462,53.84627,6.159763469175224,2.294673965398876,31.999999454138848
20.04691,19.16928,48.34825,4038.16707,-0.11568,53.93594,6.158521095298756,2.2942111484410677,31.999999454138848
20.07869,19.21581,48.33438,4034.75867,-0.14686,54.02571,6.160135199755067,2.2948124448206872,31.999999454138848
20.11038,19.26237,48.31722,4031.35648,-0.1781,54.11562,6.164606529838066,2.2964781329243795,31.999999454138848
20.14199,19.30893,48.29784,4027.95655,-0.18937,54.13597,6.171013089201538,2.2988647448539954,0
20.17356,19.35547,48.27729,4024.55561,-0.20061,54.15635,6.178431423233781,2.3016282694691217,0
20.20509,19.40199,48.25557,4021.15308,-0.21178,54.17676,6.18685667928075,2.304766899028445,0
20.23658,19.4485,48.2327,4017.74838,-0.22287,54.19719,6.196282897696318,2.308278413406978,0
20.26803,19.49499,48.20869,4014.34093,-0.23386,54.21765,6.206702576297297,2.312160017844086,0
20.29943,19.54146,48.18355,4010.93015,-0.24473,54.23813,6.218106659907953,2.316408339048554,0
20.3308,19.58791,48.1573,4007.51547,-0.25545,54.25864,6.23048452898803,2.32101942096222,0
20.36212,19.63434,48.12995,4004.09629,-0.266,54.27918,6.243823987561618,2.3259887202631595,0
20.39339,19.68076,48.10154,4000.67204,-0.27637,54.29974,6.258111250673901,2.331311101693002,0
20.42463,19.72715,48.07207,3997.24214,-0.28653,54.32032,6.27333093163297,2.336980833304162,0
20.45582,19.77353,48.04158,3993.80603,-0.29646,54.34093,6.289466029329568,2.3429915817361158,0
20.48697,19.81989,48.01009,3990.36314,-0.30614,54.36156,6.306497915962203,2.3493364076426806,0
20.51808,19.86624,47.97762,3986.9129,-0.31556,54.38222,6.32440632546751,2.3560077613820196,0
20.54915,19.91256,47.94422,3983.45477,-0.3247,54.4029,6.343169343054136,2.362997479117743,0
20.58017,19.95887,47.90991,3979.9882,-0.33353,54.42361,6.362763396199479,2.370296779464949,0
20.61115,20.00515,47.87473,3976.51264,-0.34203,54.44434,6.3831632475125755,2.3778962608314695,0
20.64209,20.05142,47.83871,3973.02758,-0.3502,54.4651,6.404341989882692,2.3857858996105876,0
20.67299,20.09767,47.80189,3969.53251,-0.35801,54.48588,6.426271044345547,2.39395504938615,0
20.70384,20.1439,47.76431,3966.0269,-0.36545,54.50668,6.448920161111188,2.4023924413154782,0
20.73465,20.19011,47.72602,3962.51029,-0.37251,54.52751,6.472257424199907,2.411086185856373,0
20.76542,20.2363,47.68704,3958.98218,-0.37916,54.54836,6.496249260162219,2.4200237760155305,0
20.79614,20.28247,47.64743,3955.44213,-0.38539,54.56923,6.520860451320515,2.4291920922814083,0
20.82682,20.32862,47.60724,3951.88969,-0.39119,54.59013,6.546054154009966,2.438577409419442,0
20.85746,20.37475,47.56651,3948.32443,-0.39655,54.61105,6.571791922264839,2.4481654052958217,0
20.88805,20.42086,47.52528,3944.74594,-0.40145,54.63199,6.598033737391917,2.4579411718943693,0
20.9186,20.46695,47.4836,3941.15385,-0.40589,54.65295,6.624738043850398,2.4678892286827434,0
20.94911,20.51302,47.44154,3937.54778,-0.40985,54.67394,6.651861791858376,2.477993538484477,0
20.97957,20.55907,47.39912,3933.92739,-0.41333,54.69495,6.6793604870803875,2.488237525988893,0
21.01,20.6051,47.35642,3930.29236,-0.41631,54.71598,6.707188247770561,2.498604099038433,0
21.04037,20.65111,47.31347,3926.64239,-0.41879,54.73703,6.7352978696489485,2.5090756727967967,0
21.0707,20.69709,47.27033,3922.97721,-0.42076,54.75811,6.76364089879881,2.5196341969050993,0
21.10099,20.74306,47.22706,3919.29657,-0.42222,54.7792,6.792167712777117,2.530261185697668,0
21.13124,20.789,47.18371,3915.60027,-0.42317,54.80032,6.820827610116349,2.540937751543814,0
21.16144,20.83492,47.14032,3911.8881,-0.4236,54.82146,6.849568908301697,2.5516446413469245,0
21.1916,20.88082,47.09696,3908.1599,-0.4235,54.84262,6.878339050257026,2.5623622762132783,0
21.22171,20.9267,47.05368,3904.41554,-0.42288,54.8638,6.9070847193120395,2.5730707942803437,0
21.25177,20.97255,47.01053,3900.65491,-0.42175,54.885,6.935751962503336,2.583750096649666,0
21.2818,21.01839,46.96756,3896.87795,-0.42009,54.90622,6.964286322057914,2.5943798963679314,0
21.31178,21.06419,46.92483,3893.08461,-0.41792,54.92746,6.992632974747494,2.60493977034012,0
21.34171,21.10998,46.88239,3889.27488,-0.41523,54.94871,7.020736878764426,2.6154092140446457,0
21.3716,21.15574,46.84029,3885.44879,-0.41204,54.96999,7.048542927668938,2.625767698882755,0
21.40144,21.20148,46.79858,3881.60638,-0.40834,54.99129,7.075996110876722,2.6359947319643777,0
21.43124,21.2472,46.75732,3877.74775,-0.40416,55.01261,7.103041680057388,2.646069918095929,0
21.46099,21.29289,46.71654,3873.873,-0.39949,55.03394,7.129625320742436,2.6559730237087917,0
21.4907,21.33856,46.6763,3869.98231,-0.39434,55.0553,7.155693328354198,2.6656840424347337,0
21.52036,21.3842,46.63665,3866.07584,-0.38874,55.07667,7.181192787781119,2.675183262002418,0
21.54997,21.42982,46.59763,3862.15382,-0.38268,55.09806,7.206071755583069,2.6844513321136847,0
21.57954,21.47541,46.55928,3858.21649,-0.37619,55.11947,7.230279443787547,2.6934693329124633,0
21.60907,21.52098,46.52164,3854.26414,-0.36928,55.1409,7.25376640424883,2.7022188436634127,0
21.63855,21.56652,46.48477,3850.29707,-0.36196,55.16234,7.276484712436236,2.7106820112178855,0
21.66798,21.61204,46.44869,3846.31564,-0.35426,55.1838,7.298388149489732,2.7188416178344266,0
21.69736,21.65753,46.41343,3842.3202,-0.34618,55.20528,7.319432381400958,2.7266811479284243,0
21.7267,21.70299,46.37905,3838.31116,-0.33776,55.22678,7.339575134064383,2.7341848532832693,0
21.756,21.74843,46.34557,3834.28896,-0.329,55.24829,7.35877636303936,2.741337816291189,0
21.78525,21.79384,46.31301,3830.25404,-0.31994,55.26982,7.376998416803391,2.74812601076938,0
21.81445,21.83923,46.28141,3826.20688,-0.31059,55.29137,7.39420619231767,2.7545363599122723,0
21.8436,21.88459,46.2508,3822.148,-0.30097,55.31293,7.410367281775473,2.760556790959159,0
21.87271,21.92992,46.22119,3818.07792,-0.29111,55.33451,7.425452109421745,2.7661762861630983,0
21.90177,21.97523,46.1926,3813.99719,-0.28104,55.3561,7.439434057415975,2.7713849296781423,0
21.93078,22.02051,46.16507,3809.90639,-0.27077,55.37771,7.452289579774821,2.776173950005963,0
21.95975,22.06576,46.13859,3805.8061,-0.26033,55.39934,7.463998303506095,2.780535757670924,0
21.98867,22.11098,46.1132,3801.69693,-0.24976,55.42098,7.47454311615075,2.7844639778317775,0
22.01754,22.15618,46.08888,3797.5795,-0.23907,55.44264,7.4839102390599885,2.7879534775793053,0
22.04637,22.20134,46.06566,3793.45444,-0.22829,55.46431,7.492089285827084,2.791000387703721,0
22.07515,22.24648,46.04354,3789.32242,-0.21745,55.486,7.499073305430676,2.793602118766674,0
22.10388,22.29159,46.02252,3785.18407,-0.20657,55.5077,7.504858809763622,2.795757371356477,0
22.13256,22.33668,46.0026,3781.04007,-0.19569,55.52942,7.509445785365466,2.7974661404587557,0
22.1612,22.38173,45.98377,3776.89108,-0.18483,55.55115,7.512837689265907,2.7987297139080325,0
22.18979,22.42676,45.96604,3772.73778,-0.17401,55.57289,7.515041429052451,2.7995506649624042,0
22.21833,22.47176,45.9494,3768.58085,-0.16327,55.59466,7.516067327314289,2.7999328390579468,0
22.24683,22.51673,45.93382,3764.42096,-0.15263,55.61643,7.51592907082867,2.7998813348793066,0
22.27528,22.56167,45.91931,3760.25879,-0.14212,55.63822,7.514643644914213,2.7994024799045802,0
22.30368,22.60658,45.90584,3756.09501,-0.13175,55.66002,7.512231253530974,2.7985038006404857,0
22.33203,22.65146,45.89339,3751.93029,-0.12157,55.68184,7.508715225797427,2.7971939877974816,0
22.36034,22.69631,45.88195,3747.76527,-0.11159,55.70368,7.504121909695126,2.7954828566919545,0
22.3886,22.74114,45.87148,3743.60062,-0.10185,55.72552,7.498480553839392,2.7933813032026875,0
22.41681,22.78594,45.86197,3739.43696,-0.09235,55.74738,7.491823178242406,2.7909012556267165,0
22.44498,22.8307,45.85339,3735.27493,-0.08313,55.76926,7.4841844350974975,2.7880556228178093,0
22.4731,22.87544,45.8457,3731.11513,-0.07421,55.79114,7.47560146063312,2.784858238998179,0
22.50117,22.92015,45.83888,3726.95817,-0.06561,55.81305,7.466113719149886,2.7813238056581717,0
22.52919,22.96483,45.83289,3722.80461,-0.05735,55.83496,7.455762840386157,2.777467830970672,0
22.55717,23.00948,45.82769,3718.65502,-0.04945,55.85689,7.444592451351037,2.7733065671444654,0
22.5851,23.0541,45.82325,3714.50993,-0.04193,55.87883,7.432648003790354,2.768856946150781,0
22.61299,23.09869,45.81952,3710.36987,-0.03481,55.90079,7.419976598431848,2.764136514249997,0
22.64082,23.14326,45.81647,3706.23533,-0.02811,55.92276,7.406626807133569,2.7591633657372387,0
22.66861,23.18779,45.81405,3702.10679,-0.02183,55.94475,7.392648494048493,2.753956076321496,0
22.69636,23.23229,45.81223,3697.98468,-0.016,55.96674,7.378092636845776,2.748533636525831,0
22.72405,23.27677,45.81094,3693.86944,-0.01063,55.98876,7.363011149009307,2.742915385488919,0
22.7517,23.32122,45.81015,3689.76145,-0.00573,56.01078,7.347456704167748,2.7371209455233636,0
22.77931,23.36564,45.80982,3685.6611,-0.00132,56.03282,7.331482563325627,2.731170157754732,0
22.80687,23.41003,45.80988,3681.56873,0.00261,56.05487,7.315142405846991,2.725083019158522,0
22.83438,23.45439,45.8103,3677.48464,0.00603,56.07694,7.298490164907931,2.7188796212618933,0
22.86184,23.49872,45.81103,3673.40912,0.00895,56.09902,7.281579868092738,2.712580090761546,0
22.88926,23.54302,45.81201,3669.34245,0.01135,56.12111,7.264465483740949,2.706204532283951,0
22.91663,23.58729,45.81319,3665.28483,0.01323,56.14322,7.2472007735199,2.699772973464745,0
22.94396,23.63154,45.81453,3661.23649,0.01459,56.16534,7.229839151677165,2.6933053125165634,0
22.97124,23.67576,45.81597,3657.19758,0.01543,56.18747,7.212433551315185,2.6868212684128174,0
22.99847,23.71995,45.81747,3653.16825,0.01574,56.20962,7.195036297935015,2.6803403337794185,0
23.02566,23.76411,45.81897,3649.14862,0.01552,56.23178,7.177698990471453,2.6738817305772273,0
23.05281,23.80824,45.82042,3645.13877,0.01478,56.25396,7.160472389921147,2.6674643686130994,0
23.0799,23.85234,45.82177,3641.13876,0.01351,56.27615,7.143406315614964,2.6611068068986063,0
23.10696,23.89642,45.82298,3637.14861,0.01172,56.29835,7.126549549124609,2.6548272178527292,0
23.13396,23.94047,45.82399,3633.16833,0.00943,56.32057,7.109949745729016,2.648643354320757,0
23.16093,23.98449,45.82475,3629.19789,0.00662,56.3428,7.09365335330092,2.642572519357401,0
23.18784,24.02848,45.82523,3625.23724,0.00331,56.36504,7.0777055384471135,2.6366315387120953,0
23.21472,24.07245,45.82537,3621.28629,-0.00049,56.3873,7.0621501196618715,2.6308367359268914,0
23.24154,24.11638,45.82512,3617.34494,-0.00478,56.40957,7.047029507243042,2.625203909953621,0
23.26832,24.16029,45.82445,3613.41306,-0.00954,56.43186,7.032384649659642,2.6197483151744105,0
23.29506,24.20417,45.8233,3609.49048,-0.01476,56.45416,7.018254986050973,2.6144846437063567,0
23.32175,24.24803,45.82164,3605.57703,-0.02044,56.47647,7.004678404497571,2.609427009856355,0
23.3484,24.29185,45.81943,3601.67249,-0.02655,56.4988,6.991691205706965,2.6045889365930877,0
23.37501,24.33565,45.81662,3597.77664,-0.03308,56.52114,6.979328071720331,2.599983343889434,0
23.40156,24.37942,45.81319,3593.88922,-0.04003,56.5435,6.967622039250006,2.595622538789987,0
23.42808,24.42317,45.80908,3590.00997,-0.04736,56.56586,6.956604477252238,2.591518207056316,0
23.45455,24.46689,45.80427,3586.13858,-0.05508,56.58825,6.946305068340067,2.587681406242773,0
23.48098,24.51058,45.79873,3582.27474,-0.06316,56.61064,6.936751793640794,2.5841225600555093,0
23.50736,24.55424,45.79242,3578.41811,-0.07157,56.63306,6.927970920712294,2.580851453850972,0
23.5337,24.59788,45.78531,3574.56834,-0.08031,56.65548,6.919986994140897,2.5778772311333755,0
23.55999,24.64149,45.77737,3570.72507,-0.08936,56.67792,6.912822828449745,2.5752083909128767,0
23.58624,24.68507,45.76859,3566.88788,-0.09869,56.70037,6.9064995029987815,2.572852785805687,0
23.61245,24.72863,45.75893,3563.0564,-0.10829,56.72284,6.901036358512048,2.5708176207403963,0
23.63861,24.77216,45.74838,3559.23018,-0.11813,56.74532,6.896450994942537,2.569109452162577,0
23.66473,24.81566,45.73691,3555.4088,-0.1282,56.76781,6.892759270401605,2.567734187635961,0
23.6908,24.85913,45.72451,3551.59181,-0.13847,56.79032,6.889975300854772,2.566697085729119,0
23.71684,24.90258,45.71116,3547.77874,-0.14891,56.81284,6.888111460391968,2.56600275611613,0
23.74282,24.946,45.69684,3543.96912,-0.15952,56.83538,6.887178381832517,2.5656551598019606,0
23.76877,24.9894,45.68156,3540.16247,-0.17026,56.85793,6.887184957492972,2.5656576094084955,0
23.79467,25.03277,45.66528,3536.35829,-0.18111,56.88049,6.888138339974981,2.5660127694680464,0
23.82053,25.07611,45.64802,3532.55607,-0.19205,56.90306,6.890043942829704,2.56672265667086,0
23.84634,25.11942,45.62976,3528.7553,-0.20306,56.92565,6.892905441032718,2.567788640042031,0
23.87212,25.16271,45.6105,3524.95546,-0.21412,56.94826,6.896724771177189,2.569211441013471,0
23.89784,25.20597,45.59024,3521.15603,-0.22519,56.97087,6.901502131385014,2.570991133390798,0
23.92353,25.24921,45.56898,3517.35646,-0.23626,56.9935,6.907235980907119,2.5731271432044425,0
23.94917,25.29242,45.54673,3513.55623,-0.2473,57.01614,6.913923039457993,2.5756182484617427,0
23.97477,25.3356,45.52349,3509.75478,-0.25829,57.0388,6.921558286339411,2.5784625788205076,0
24.00032,25.37875,45.49927,3505.95159,-0.26921,57.06146,6.930134959445262,2.5816576152182877,0
24.02583,25.42188,45.47407,3502.14609,-0.28003,57.08415,6.939644554262936,2.58520018950037,0
24.0513,25.46498,45.44792,3498.33776,-0.29073,57.10684,6.950076823021392,2.5890864841024057,0
24.07673,25.50805,45.42082,3494.52603,-0.30129,57.12954,6.9614197741624375,2.5933120318534515,0
24.10211,25.55109,45.3928,3490.71037,-0.31169,57.15226,6.9736596723405135,2.5978717159758893,0
24.12745,25.59411,45.36386,3486.89024,-0.3219,57.17499,6.986781039169167,2.602759770363501,0
24.15274,25.6371,45.33404,3483.0651,-0.33189,57.19774,7.000766654988379,2.6079697802398565,0
24.178,25.68006,45.30334,3479.23441,-0.34166,57.22049,7.015597561902466,2.613494683290001,0
24.20321,25.723,45.2718,3475.39764,-0.35118,57.24326,7.0312530684106,2.619326771385448,0
24.22837,25.76591,45.23945,3471.55428,-0.36043,57.26604,7.047710755930238,2.6254576930143325,0
24.25349,25.80878,45.2063,3467.70382,-0.36938,57.28883,7.064946487553173,2.631878456543268,0
24.27857,25.85164,45.17239,3463.84574,-0.37802,57.31163,7.082934419385459,2.638579434441766,0
24.30361,25.89446,45.13775,3459.97956,-0.38633,57.33444,7.101647014812221,2.645550368596253,0
24.3286,25.93725,45.10241,3456.10479,-0.3943,57.35727,7.121055062089069,2.652780376863337,0
24.35355,25.98002,45.06641,3452.22096,-0.4019,57.38011,7.14112769559163,2.6602579609858132,0
24.37845,26.02276,45.02978,3448.32762,-0.40911,57.40295,7.161832421135232,2.667971016024921,0
24.40332,26.06547,44.99256,3444.42431,-0.41593,57.42581,7.1831351457098656,2.675906841437389,0
24.42814,26.10815,44.95478,3440.51063,-0.42233,57.44868,7.2050002120056575,2.684052153937091,0
24.45291,26.1508,44.91649,3436.58614,-0.42831,57.47156,7.227390438094543,2.692393102277504,0
24.47764,26.19342,44.87772,3432.65047,-0.43384,57.49444,7.250267162588652,2.7009152840744077,0
24.50233,26.23601,44.83853,3428.70323,-0.43892,57.51734,7.273590295615455,2.7096037647954545,0
24.52697,26.27857,44.79894,3424.74408,-0.44353,57.54025,7.297318375889693,2.7184430990209747,0
24.55157,26.3211,44.75901,3420.77268,-0.44767,57.56317,7.321408634163256,2.7274173540807203,0
24.57613,26.36361,44.71877,3416.78871,-0.45133,57.58609,7.3458170632748,2.7365101361491924,0
24.60064,26.40608,44.67828,3412.79189,-0.45449,57.60903,7.370498494995361,2.745704618872653,0
24.62511,26.44852,44.63758,3408.78195,-0.45715,57.63198,7.395406683829299,2.7549835745871865,0
24.64953,26.49093,44.5967,3404.75866,-0.4593,57.65493,7.420494397849754,2.7643294081572893,0
24.67391,26.53331,44.55571,3400.72179,-0.46095,57.67789,7.4457135166413,2.7737241934620913,0
24.69824,26.57566,44.51464,3396.67115,-0.46208,57.70086,7.471015136318439,2.783149712517505,0
24.72254,26.61798,44.47355,3392.60659,-0.46269,57.72384,7.496349681561684,2.792587497212618,0
24.74678,26.66026,44.43247,3388.52796,-0.46278,57.74683,7.521667024527047,2.8020188736065994,0
24.77098,26.70252,44.39146,3384.43516,-0.46235,57.76982,7.546916610432961,2.8114250087131416,0
24.79514,26.74474,44.35055,3380.32811,-0.46141,57.79283,7.572047589544165,2.820786959667921,0
24.81925,26.78693,44.30981,3376.20676,-0.45995,57.81583,7.5970089552043305,2.830085725149391,0
24.84332,26.82909,44.26926,3372.07109,-0.45799,57.83885,7.62174968751622,2.839302298903415,0
24.86735,26.87121,44.22896,3367.92111,-0.45552,57.86187,7.646218902160202,2.848417725182083,0
24.89132,26.9133,44.18895,3363.75685,-0.45255,57.8849,7.670366003799035,2.857413155891031,0
24.91526,26.95536,44.14927,3359.57839,-0.44909,57.90794,7.694140843438973,2.866269909210587,0
24.93915,26.99739,44.10996,3355.38582,-0.44515,57.93098,7.717493879052845,2.8749695294321023,0
24.96299,27.03938,44.07108,3351.17928,-0.44074,57.95403,7.740376338694156,2.8834938477222383,0
24.98679,27.08134,44.03264,3346.95891,-0.43587,57.97708,7.7627403852924175,2.8918250435135713,0
25.01054,27.12326,43.9947,3342.72491,-0.43055,58.00014,7.784539282256906,2.899945706196342,0
25.03425,27.16515,43.9573,3338.4775,-0.4248,58.02321,7.805727558968262,2.907838896768435,0
25.05791,27.20701,43.92046,3334.21692,-0.41864,58.04628,7.826261175207073,2.915488209089351,0
25.08153,27.24883,43.88423,3329.94345,-0.41207,58.06935,7.8460976835339205,2.9228778303710476,0
25.1051,27.29062,43.84862,3325.65738,-0.40513,58.09243,7.865196388602379,2.929992600526222,0
25.12863,27.33237,43.81369,3321.35905,-0.39782,58.11552,7.88351850241053,2.9368180700035866,0
25.15211,27.37408,43.77945,3317.04881,-0.39017,58.13861,7.90102729444528,2.943340555720575,0
25.17555,27.41576,43.74594,3312.72705,-0.38219,58.1617,7.917688235730344,2.9495471947250103,0
25.19894,27.45741,43.71317,3308.39415,-0.37392,58.1848,7.933469135778969,2.955425995213593,0
25.22228,27.49901,43.68117,3304.05056,-0.36536,58.2079,7.948340271481579,2.960965884545945,0
25.24558,27.54059,43.64997,3299.69672,-0.35655,58.231,7.962274507051112,2.966156753927399,0
25.26883,27.58212,43.61957,3295.3331,-0.34751,58.25411,7.975247404099413,2.9709894994153556,0
25.29204,27.62362,43.59001,3290.96018,-0.33827,58.27722,7.987237321107265,2.975456058974483,0
25.3152,27.66508,43.56129,3286.57847,-0.32884,58.30033,7.998225501503281,2.979549445288426,0
25.33832,27.70651,43.53343,3282.1885,-0.31926,58.32345,8.008196149738442,2.983263774099567,0
25.36138,27.7479,43.50643,3277.7908,-0.30955,58.34657,8.017136494763388,2.986594287855994,0
25.38441,27.78925,43.4803,3273.38592,-0.29974,58.36969,8.025036840474499,2.98953737450399,0
25.40739,27.83057,43.45506,3268.97441,-0.28985,58.39281,8.031890602716988,2.992090581272654,0
25.43032,27.87184,43.43069,3264.55686,-0.27992,58.41594,8.037694332626955,2.9942526233694413,0
25.4532,27.91308,43.40721,3260.13384,-0.26997,58.43907,8.042447726119914,2.9960233875148785,0
25.47604,27.95428,43.38461,3255.70593,-0.26002,58.4622,8.046153619501883,2.9974039303075855,0
25.49884,27.99545,43.36288,3251.27372,-0.25012,58.48534,8.048817971248353,2.9983964714364584,0
25.52158,28.03657,43.34203,3246.83781,-0.24027,58.50847,8.050449830151488,2.9990043818146686,0
25.54429,28.07766,43.32203,3242.39879,-0.23051,58.53161,8.051061290059796,2.999232166718992,0
25.56694,28.11871,43.30289,3237.95724,-0.22088,58.55475,8.050667431649613,2.99908544409816,0
25.58955,28.15972,43.28458,3233.51377,-0.21138,58.57789,8.049286251658275,2.9985709182103544,0
25.61212,28.20069,43.26709,3229.06895,-0.20206,58.60103,8.046938580169067,2.99769634880967,0
25.63463,28.24163,43.25041,3224.62337,-0.19293,58.62417,8.04364798658755,2.9964705161198264,0
25.65711,28.28252,43.23451,3220.1776,-0.18402,58.64732,8.039440675031505,2.9949031818641707,0
25.67953,28.32338,43.21938,3215.7322,-0.17536,58.67046,8.034345369938354,2.9930050466514264,0
25.70191,28.3642,43.20498,3211.28772,-0.16696,58.69361,8.028393192722264,2.9907877040272246,0
25.72425,28.40498,43.19129,3206.84471,-0.15886,58.71676,8.021617530387827,2.988263591529241,0
25.74654,28.44572,43.17829,3202.4037,-0.15107,58.7399,8.014053897017074,2.9854459390874646,0
25.76878,28.48643,43.16595,3197.96518,-0.14362,58.76305,8.005739789103934,2.982348715132475,0
25.79098,28.52709,43.15424,3193.52967,-0.13652,58.78621,7.996714535691986,2.978986570767815,0
25.81313,28.56771,43.14311,3189.09764,-0.1298,58.80936,7.987019144304616,2.9753747823749195,0
25.83524,28.6083,43.13255,3184.66955,-0.12347,58.83251,7.976696143638035,2.971529193012123,0
25.8573,28.64885,43.12251,3180.24584,-0.11755,58.85566,7.9657894239667115,2.9674661529614896,0
25.87932,28.68936,43.11296,3175.82692,-0.11206,58.87882,7.954344076223915,2.9632024597820745,0
25.90129,28.72983,43.10387,3171.41321,-0.10701,58.90197,7.942406230621943,2.9587552981917185,0
25.92321,28.77026,43.09518,3167.00507,-0.10241,58.92513,7.93002289572565,2.954142180117699,0
25.94509,28.81065,43.08687,3162.60285,-0.09828,58.94829,7.917241798766646,2.9493808852095693,0
25.96693,28.851,43.07889,3158.2069,-0.09463,58.97144,7.904111227984265,2.944489402107022,0
25.98872,28.89132,43.07121,3153.8175,-0.09147,58.9946,7.890679877708344,2.9394858707291465,0
26.01047,28.93159,43.06377,3149.43493,-0.0888,59.01776,7.876996696831782,2.9343885258264706,0
26.03217,28.97183,43.05655,3145.05947,-0.08664,59.04092,7.863110741293837,2.9292156420271067,0
26.05382,29.01203,43.04949,3140.69132,-0.08499,59.06408,7.849071031048517,2.923985480553717,0
26.07543,29.05219,43.04256,3136.33069,-0.08385,59.08724,7.83492641204314,2.9187162378068887,0
26.097,29.09231,43.03571,3131.97776,-0.08323,59.11041,7.820725423566356,2.9134259959487916,0
26.11852,29.13239,43.0289,3127.63269,-0.08313,59.13357,7.80651617129945,2.9081326756114416,0
26.14,29.17244,43.02208,3123.29558,-0.08354,59.15673,7.7923462063441535,2.902853990831377,0
26.16144,29.21244,43.01522,3118.96654,-0.08448,59.1799,7.778262410435127,2.8976074062882917,0
26.18283,29.25241,43.00827,3114.64564,-0.08593,59.20306,7.764310887451518,2.8924100968902353,0
26.20417,29.29234,43.00119,3110.33292,-0.0879,59.22623,7.7505368613539725,2.887278909752461,0
26.22547,29.33223,42.99394,3106.0284,-0.09038,59.2494,7.7369845805293345,2.8822303285633137,0
26.24673,29.37208,42.98648,3101.73208,-0.09336,59.27257,7.7236972285556735,2.877280440341854,0
26.26795,29.4119,42.97877,3097.44391,-0.09684,59.29573,7.7107168413082805,2.8724449045576566,0
26.28912,29.45167,42.97076,3093.16385,-0.10081,59.3189,7.698084230291356,2.8677389245698524,0
26.31024,29.49141,42.96243,3088.89181,-0.10525,59.34207,7.685838912044166,2.86317722132906,0
26.33133,29.53111,42.95373,3084.62768,-0.11017,59.36524,7.674019043449484,2.8587740092780813,0
26.35237,29.57077,42.94462,3080.37134,-0.11554,59.38842,7.662661362721005,2.854542974368157,0
26.37336,29.6104,42.93508,3076.12262,-0.12136,59.41159,7.651801135840665,2.8504972541054636,0
26.39432,29.64998,42.92506,3071.88136,-0.12761,59.43476,7.6414721081825245,2.8466494195297325,0
26.41523,29.68953,42.91454,3067.64735,-0.13428,59.45794,7.631706461048621,2.843011459022713,0
26.43609,29.72904,42.90348,3063.42037,-0.14135,59.48111,7.622534772847316,2.8395947638460863,0
26.45692,29.76851,42.89186,3059.2002,-0.14881,59.50429,7.613985984603205,2.836410115292999,0
26.4777,29.80795,42.87964,3054.98655,-0.15663,59.52747,7.606087369511315,2.833467673346199,0
26.49844,29.84735,42.8668,3050.77916,-0.1648,59.55064,7.598864506244083,2.8307769667341853,0
26.51913,29.8867,42.85331,3046.57773,-0.17331,59.57382,7.592341255710895,2.828346884273521,0
26.53978,29.92603,42.83914,3042.38194,-0.18212,59.597,7.586539741006695,2.826185667399168,0
26.56039,29.96531,42.82429,3038.19146,-0.19123,59.62018,7.581480330232849,2.824300903764801,0
26.58096,30.00455,42.80871,3034.00594,-0.20061,59.64336,7.577181621975919,2.822699521833273,0
26.60149,30.04376,42.79241,3029.82502,-0.21024,59.66654,7.573660433168712,2.821387786354535,0
26.62197,30.08293,42.77536,3025.64832,-0.2201,59.68973,7.570931789106249,2.8203712946463213,0
26.64241,30.12207,42.75754,3021.47545,-0.23017,59.71291,7.569008915413574,2.8196549736019483,0
26.66281,30.16116,42.73894,3017.30599,-0.24041,59.73609,7.5679032317695905,2.8192430773522767,0
26.68316,30.20022,42.71955,3013.13955,-0.25082,59.75927,7.567624347221324,2.8191391855201533,0
26.70347,30.23924,42.69937,3008.97569,-0.26136,59.78246,7.568180056947488,2.8193462020147524,0
26.72375,30.27822,42.67837,3004.81397,-0.27202,59.80564,7.5695763403478376,2.81986635431981,0
26.74398,30.31717,42.65657,3000.65395,-0.28276,59.82883,7.571817360363386,2.820701193240387,0
26.76416,30.35607,42.63395,2996.49518,-0.29357,59.85201,7.574905463962138,2.821851593083818,0
26.78431,30.39494,42.61051,2992.33719,-0.30442,59.8752,7.578841183748109,2.823317752259112,0
26.80441,30.43377,42.58625,2988.17953,-0.31529,59.89838,7.583623240685133,2.8250991942916444,0
26.82447,30.47256,42.56118,2984.02171,-0.32614,59.92157,7.589248547924254,2.8271947692489583,0
26.84449,30.51132,42.53529,2979.86326,-0.33697,59.94475,7.5957122158077235,2.8296026556048886,0
26.86447,30.55004,42.50861,2975.70371,-0.34773,59.96794,7.603007558074221,2.8323203625511657,0
26.88441,30.58871,42.48112,2971.54258,-0.35842,59.99112,7.611126099375468,2.8353447327975583,0
26.9043,30.62736,42.45284,2967.37938,-0.369,60.01431,7.620057584213453,2.8386719459012166,0
26.92415,30.66596,42.42379,2963.21363,-0.37945,60.03749,7.629789987423837,2.842297522172025,0
26.94396,30.70452,42.39398,2959.04486,-0.38975,60.06067,7.640309526363095,2.8462163272126264,0
26.96373,30.74305,42.36341,2954.87258,-0.39987,60.08386,7.6516006749821575,2.850422577161227,0
26.98346,30.78153,42.33212,2950.69633,-0.4098,60.10704,7.663646179973004,2.8549098447066283,0
27.00314,30.81998,42.30011,2946.51563,-0.4195,60.13022,7.676427079186852,2.8596710659494837,0
27.02279,30.85839,42.2674,2942.33003,-0.42897,60.1534,7.689922722577168,2.8646985482041254,0
27.04239,30.89676,42.23403,2938.13905,-0.43817,60.17658,7.704110795858376,2.8699839788120505,0
27.06195,30.93509,42.2,2933.94226,-0.44708,60.19975,7.7189673471669,2.8755184350738667,0
27.08147,30.97339,42.16535,2929.73921,-0.45569,60.22293,7.734466816944521,2.881292395381624,0
27.10095,31.01164,42.13011,2925.52948,-0.46398,60.2461,7.75058207129803,2.887295751646168,0
27.12038,31.04985,42.09429,2921.31263,-0.47193,60.26927,7.7672844391109095,2.8935178231222114,0
27.13977,31.08803,42.05793,2917.08827,-0.47952,60.29244,7.784543753110877,2.899947371707081,0
27.15913,31.12616,42.02106,2912.856,-0.48673,60.31561,7.80232839518983,2.906572618823587,0
27.17844,31.16426,41.98371,2908.61543,-0.49356,60.33878,7.82060534615346,2.913381263953062,0
27.19771,31.20231,41.94591,2904.3662,-0.49997,60.36194,7.8393402401469485,2.920360504910364,0
27.21693,31.24033,41.90769,2900.10795,-0.50596,60.3851,7.858497423951496,2.9274970599334007,0
27.23612,31.2783,41.86909,2895.84036,-0.51152,60.40826,7.8780400213095385,2.934777191645954,0
27.25526,31.31624,41.83014,2891.5631,-0.51663,60.43141,7.897930002444667,2.9421867329556894,0
27.27436,31.35413,41.79088,2887.27589,-0.52129,60.45456,7.9181282588897695,2.949711114929602,0
27.29342,31.39198,41.75135,2882.97843,-0.52548,60.47771,7.938594683707327,2.957335396678189,0
27.31244,31.42979,41.71157,2878.67048,-0.52919,60.50085,7.959288257143735,2.9650442972639364,0
27.33141,31.46756,41.6716,2874.35179,-0.53242,60.52399,7.980167137749019,2.972822229645817,0
27.35035,31.50529,41.63146,2870.02216,-0.53517,60.54713,8.00118875888584,2.980653336631423,0
27.36924,31.54298,41.59119,2865.68138,-0.53742,60.57026,8.022309930587122,2.988521528821624,0
27.38809,31.58062,41.55083,2861.32929,-0.53917,60.59338,8.043486946607944,2.9964105244902064,0
27.4069,31.61822,41.51043,2856.96575,-0.54042,60.61651,8.064675696481244,3.0043038913275733,0
27.42566,31.65578,41.47001,2852.59062,-0.54117,60.63962,8.085831782369842,3.0121850899711977,0
27.44438,31.6933,41.42961,2848.20383,-0.54142,60.66274,8.10691064040025,3.020037519205658,0
27.46307,31.73077,41.38928,2843.80529,-0.54117,60.68584,8.127867666145844,3.0278445627084256,0
27.4817,31.76821,41.34904,2839.39496,-0.54043,60.70895,8.148658343860887,3.0355896371929325,0
27.5003,31.8056,41.30895,2834.97282,-0.53919,60.73204,8.169238379018317,3.04325624178239,0
27.51886,31.84294,41.26902,2830.53887,-0.53747,60.75513,8.189563833639061,3.050828008423514,0
27.53737,31.88024,41.2293,2826.09315,-0.53527,60.77822,8.209591263874312,3.058288753139549,0
27.55584,31.9175,41.18983,2821.63572,-0.5326,60.80129,8.229277859225288,3.0656225278932854,0
27.57427,31.95471,41.15063,2817.16666,-0.52947,60.82437,8.248581582780234,3.0728136728290383,0
27.59265,31.99188,41.11174,2812.68608,-0.52589,60.84743,8.267461311765127,3.079846868631477,0
27.61099,32.02901,41.07319,2808.19411,-0.52187,60.87049,8.285876977706579,3.0867071887400006,0
27.62929,32.06609,41.03501,2803.69092,-0.51743,60.89354,8.303789705459996,3.093380151140382,0
27.64755,32.10312,40.99724,2799.17669,-0.51258,60.91658,8.321161950341178,3.0998517694498937,0
27.66577,32.14012,40.9599,2794.65163,-0.50734,60.93962,8.337957632568106,3.1061086030004206,0
27.68394,32.17706,40.92301,2790.11598,-0.50172,60.96265,8.354142268234144,3.112137805629413,0
27.70207,32.21396,40.88661,2785.57,-0.49574,60.98567,8.369683096027748,3.11792717288632,0
27.72016,32.25081,40.85072,2781.01396,-0.48943,61.00868,8.38454919889052,3.1234651873534096,0
27.7382,32.28762,40.81535,2776.44816,-0.48279,61.03168,8.398711619863102,3.128741061801418,0
27.7562,32.32439,40.78054,2771.87293,-0.47586,61.05468,8.412143471374046,3.133744779902528,0
27.77416,32.3611,40.7463,2767.28862,-0.46866,61.07767,8.42482003723985,3.138467134228063,0
27.79208,32.39777,40.71264,2762.69557,-0.4612,61.10065,8.436718866711939,3.1428997612834615,0
27.80996,32.43439,40.67959,2758.09418,-0.45351,61.12362,8.447819859924154,3.147035173339721,0
27.82779,32.47097,40.64715,2753.48484,-0.44562,61.14658,8.45810534417781,3.150866786851586,0
27.84558,32.5075,40.61534,2748.86796,-0.43756,61.16953,8.46756014052577,3.154388947261865,0
27.86332,32.54398,40.58418,2744.24396,-0.42933,61.19247,8.476171620209195,3.157596950025609,0
27.88103,32.58042,40.55366,2739.61328,-0.42098,61.2154,8.483929750556873,3.1604870577088136,0
27.89869,32.6168,40.52379,2734.97638,-0.41253,61.23833,8.490827130035244,3.1630565130454835,0
27.91631,32.65314,40.49458,2730.33371,-0.40401,61.26124,8.496859012228002,3.165303547870658,0
27.93388,32.68944,40.46604,2725.68574,-0.39544,61.28414,8.502023318563438,3.167227387861685,0
27.95141,32.72568,40.43815,2721.03296,-0.38684,61.30704,8.506320639743903,3.1688282530707337,0
27.96891,32.76188,40.41092,2716.37583,-0.37826,61.32992,8.5097542258802,3.1701073542495926,0
27.98635,32.79803,40.38435,2711.71485,-0.36971,61.35279,8.512329965431869,3.1710668850043753,0
28.00376,32.83413,40.35843,2707.0505,-0.36122,61.37566,8.514056353102713,3.1717100098357585,0
28.02112,32.87018,40.33315,2702.38328,-0.35281,61.39851,8.514944446979106,3.1720408481718714,0
28.03844,32.90618,40.3085,2697.71368,-0.34452,61.42135,8.51500781521677,3.172064454507719,0
28.05572,32.94213,40.28448,2693.04218,-0.33638,61.44418,8.514262472684448,3.1717867948032876,0
28.07295,32.97804,40.26107,2688.36927,-0.3284,61.467,8.512726808021306,3.1712147193104974,0
28.09015,33.0139,40.23825,2683.69544,-0.32061,61.48981,8.510421501652774,3.170355932031958,0
28.1073,33.04971,40.21601,2679.02115,-0.31303,61.51261,8.507369435322513,3.169218957019238,0
28.1244,33.08547,40.19433,2674.34688,-0.3057,61.53539,8.503595593796337,3.1678131017549904,0
28.14147,33.12118,40.1732,2669.67309,-0.29863,61.55817,8.499126959375584,3.166148417856412,0
28.15849,33.15684,40.15258,2665.00022,-0.29185,61.58094,8.493992399960426,3.164235659375877,0
28.17547,33.19245,40.13246,2660.32872,-0.28537,61.60369,8.48822255135828,3.1620862389577242,0
28.19241,33.22802,40.11282,2655.65901,-0.27923,61.62643,8.48184969460144,3.1597121821358485,0
28.20931,33.26353,40.09363,2650.9915,-0.27343,61.64916,8.474907629035973,3.1571260800559746,0
28.22616,33.299,40.07486,2646.3266,-0.268,61.67188,8.46743154192401,3.1543410408990766,0
28.24298,33.33441,40.05648,2641.66469,-0.26296,61.69459,8.459457875343968,3.151370640298217,0
28.25975,33.36978,40.03848,2637.00614,-0.25832,61.71729,8.451024191102057,3.148228871014518,0
28.27647,33.4051,40.02081,2632.35129,-0.25409,61.73998,8.442169034409696,3.1449300921534182,0
28.29316,33.44037,40.00345,2627.70048,-0.2503,61.76265,8.432931797029385,3.141488978182909,0
28.30981,33.47559,39.98636,2623.05403,-0.24695,61.78531,8.423352580547968,3.1379204679992267,0
28.32641,33.51076,39.96952,2618.41222,-0.24406,61.80797,8.413472060445322,3.1342397142888614,0
28.34297,33.54588,39.95289,2613.77533,-0.24163,61.83061,8.403331351548418,3.130462033406655,0
28.35949,33.58095,39.93644,2609.14361,-0.23968,61.85324,8.39297187544773,3.126602855984928,0
28.37597,33.61597,39.92014,2604.51731,-0.23821,61.87585,8.382435230384006,3.122677678462874,0
28.39241,33.65095,39.90394,2599.89661,-0.23724,61.89846,8.371763064098765,3.1187020157200274,0
28.40881,33.68587,39.88783,2595.28173,-0.23675,61.92105,8.360996950064319,3.114691354968687,0
28.42516,33.72074,39.87176,2590.67282,-0.23677,61.94364,8.35017826747126,3.110661111046102,0
28.44148,33.75557,39.8557,2586.07003,-0.23729,61.96621,8.33934808532021,3.106626583235593,0
28.45775,33.79035,39.83962,2581.47348,-0.23831,61.98877,8.328547050876404,3.1026029137129547,0
28.47398,33.82507,39.82348,2576.88327,-0.23984,62.01131,8.317815282744826,3.0986050477141283,0
28.49017,33.85975,39.80725,2572.29949,-0.24186,62.03385,8.307192268741467,3.0946476954895576,0
28.50633,33.89438,39.79089,2567.72217,-0.24438,62.05638,8.296716768697385,3.090745296096142,0
28.52244,33.92896,39.77438,2563.15136,-0.2474,62.07889,8.286426722318017,3.0869119830724125,0
28.53851,33.96349,39.75768,2558.58707,-0.2509,62.10139,8.276359162133058,3.0831615520100644,0
28.55454,33.99798,39.74076,2554.02929,-0.25489,62.12388,8.266550131575066,3.079507430036086,0
28.57052,34.03241,39.72358,2549.47798,-0.25935,62.14636,8.25703460816791,3.0759626471984305,0
28.58647,34.06679,39.70613,2544.93309,-0.26427,62.16883,8.247846431783941,3.0725398097399323,0
28.60238,34.10113,39.68836,2540.39454,-0.26964,62.19129,8.23901823789696,3.0692510752332707,0
28.61825,34.13541,39.67025,2535.86224,-0.27546,62.21373,8.230581395730797,3.0661081295396975,0
28.63408,34.16965,39.65177,2531.33607,-0.28171,62.23616,8.222565951195865,3.0631221655513965,0
28.64987,34.20384,39.6329,2526.81589,-0.28837,62.25858,8.21500057446291,3.0603038636613293,0
28.66561,34.23798,39.61361,2522.30155,-0.29544,62.28099,8.207912512026565,3.057663373905644,0
28.68132,34.27207,39.59388,2517.79288,-0.30289,62.30339,8.201327543105373,3.0552102997215393,0
28.69699,34.30611,39.57368,2513.28968,-0.31071,62.32578,8.195269940196447,3.0529536832528397,0
28.71262,34.34011,39.55298,2508.79175,-0.31888,62.34815,8.189762433613932,3.050901992139634,0
28.72821,34.37405,39.53178,2504.29885,-0.32738,62.37052,8.184826179831242,3.0490631077249275,0
28.74376,34.40795,39.51005,2499.81074,-0.3362,62.39287,8.18048073344972,3.0474443146122345,0
28.75927,34.4418,39.48777,2495.32717,-0.34531,62.41521,8.176744022619136,3.046052291509063,0
28.77474,34.47559,39.46493,2490.84787,-0.3547,62.43754,8.173632327733682,3.044893103290611,0
28.79017,34.50934,39.44151,2486.37254,-0.36434,62.45986,8.171160263269961,3.0439721942339446,0
28.80557,34.54304,39.41749,2481.90089,-0.37421,62.48216,8.169340762572745,3.0432943823502874,0
28.82092,34.5767,39.39287,2477.4326,-0.38428,62.50445,8.168185065484389,3.0428638547766544,0
28.83624,34.6103,39.36764,2472.96736,-0.39455,62.52674,8.167702708673394,3.0426841641729867,0
28.85151,34.64385,39.34178,2468.50482,-0.40497,62.54901,8.16790151855328,3.0427582260842474,0
28.86675,34.67736,39.3153,2464.04465,-0.41554,62.57126,8.168787606700379,3.043088317233423,0
28.88195,34.71082,39.28817,2459.58649,-0.42622,62.59351,8.170365367686559,3.0436760747141665,0
28.8971,34.74423,39.26041,2455.12997,-0.43699,62.61574,8.172637479251655,3.0445224960550172,0
28.91223,34.77759,39.232,2450.67474,-0.44782,62.63796,8.17560490479387,3.0456279401471584,0
28.92731,34.8109,39.20294,2446.22042,-0.4587,62.66017,8.179266898124768,3.0469921290157607,0
28.94235,34.84416,39.17325,2441.76662,-0.4696,62.68237,8.183621010496143,3.048614150437689,0
28.95735,34.87737,39.14291,2437.31296,-0.4805,62.70456,8.18866309989128,3.050492461402734,0
28.97232,34.91053,39.11193,2432.85907,-0.49136,62.72673,8.194387342617613,3.0526248924321835,0
28.98725,34.94365,39.08032,2428.40453,-0.50216,62.74889,8.200786247220874,3.055008652762211,0
29.00214,34.97671,39.04808,2423.94897,-0.51289,62.77104,8.207850670794425,3.057640336419531,0
29.01699,35.00973,39.01523,2419.49199,-0.52352,62.79317,8.21556983773899,3.060515929209887,0
29.0318,35.04269,38.98176,2415.03321,-0.53401,62.81529,8.223931361061412,3.0636308166524087,0
29.04657,35.07561,38.94771,2410.57222,-0.54436,62.8374,8.232921266294012,3.0669797928901947,0
29.06131,35.10848,38.91306,2406.10865,-0.55454,62.8595,8.24252401815677,3.0705570706226797,0
29.076,35.14129,38.87785,2401.6421,-0.56452,62.88158,8.25272255003998,3.074356292088699,0
29.09066,35.17406,38.84208,2397.17221,-0.57429,62.90365,8.263498296460138,3.0783705411571596,0
29.10528,35.20678,38.80577,2392.69858,-0.58382,62.92571,8.274831228583082,3.082592356560347,0
29.11986,35.23945,38.76895,2388.22087,-0.59308,62.94775,8.28669989293427,3.0870137463145184,0
29.13441,35.27206,38.73162,2383.73869,-0.60208,62.96978,8.299081453439708,3.091626203381258,0
29.14891,35.30463,38.69381,2379.25171,-0.61077,62.9918,8.31195173688064,3.0964207226005427,0
29.16338,35.33715,38.65554,2374.75958,-0.61915,63.0138,8.32528528190097,3.1013878189472988,0
29.17781,35.36961,38.61683,2370.26196,-0.6272,63.03579,8.339055391651991,3.106517547142947,0
29.1922,35.40203,38.57771,2365.75853,-0.63489,63.05776,8.353234190163912,3.111799522655279,0
29.20655,35.4344,38.5382,2361.24899,-0.64222,63.07972,8.367792682529116,3.117222944118306,0
29.22087,35.46671,38.49832,2356.73302,-0.64917,63.10167,8.382700818957721,3.1227766171946385,0
29.23514,35.49897,38.4581,2352.21035,-0.65573,63.1236,8.397927562725444,3.128448979887856,0
29.24938,35.53119,38.41757,2347.68071,-0.66188,63.14551,8.413440962051341,3.134228129318855,0
29.26358,35.56335,38.37675,2343.14384,-0.66762,63.16741,8.42920822589158,3.140101849961024,0
29.27774,35.59546,38.33567,2338.5995,-0.67292,63.1893,8.445195803611176,3.14605764332006,0
29.29187,35.62752,38.29436,2334.04747,-0.67779,63.21117,8.461369468485286,3.1520827590404004,0
29.30596,35.65952,38.25285,2329.48754,-0.68222,63.23302,8.47769440491106,3.15816422739393,0
29.32,35.69148,38.21116,2324.91952,-0.68619,63.25486,8.494135299234152,3.164288893115246,0
29.33401,35.72338,38.16933,2320.34324,-0.68971,63.27669,8.510656434006236,3.170443450515066,0
29.34798,35.75523,38.12738,2315.75856,-0.69277,63.2985,8.52722178549692,3.1766144798059743,0
29.36192,35.78703,38.08534,2311.16533,-0.69536,63.32029,8.543795124216944,3.1827884845499694,0
29.37581,35.81877,38.04324,2306.56346,-0.69749,63.34206,8.560340118198855,3.188951930133223,0
29.38967,35.85047,38.00111,2301.95283,-0.69916,63.36382,8.576820438727971,3.1950912831536495,0
29.40349,35.88211,37.95898,2297.3334,-0.70036,63.38557,8.593199868180742,3.2011930515935325,0
29.41727,35.91369,37.91688,2292.70509,-0.7011,63.40729,8.609442409620183,3.2072438256467097,0
29.43101,35.94523,37.87483,2288.06789,-0.70138,63.429,8.625512397730313,3.2132303190445684,0
29.44472,35.97671,37.83286,2283.42178,-0.70122,63.45069,8.641374610658099,3.219139410720109,0
29.45838,36.00813,37.791,2278.76678,-0.7006,63.47237,8.656994382296993,3.224958186636524,0
29.47201,36.0395,37.74928,2274.10291,-0.69955,63.49402,8.672337714550311,3.2306739816082537,0
29.4856,36.07082,37.70772,2269.43024,-0.69808,63.51566,8.687371389022516,3.2362744209089316,0
29.49916,36.10209,37.66634,2264.74884,-0.69618,63.53728,8.702063077650314,3.241747461484379,0
29.51267,36.13329,37.62517,2260.0588,-0.69389,63.55889,8.71638145170067,3.2470814325572315,0
29.52614,36.16445,37.58424,2255.36023,-0.6912,63.58047,8.730296288605235,3.252265075425575,0
29.53958,36.19555,37.54356,2250.65329,-0.68813,63.60204,8.74377857605445,3.2572875822407403,0
29.55298,36.2266,37.50316,2245.93811,-0.6847,63.62359,8.756800612793505,3.2621386335564457,0
29.56634,36.25759,37.46305,2241.21488,-0.68093,63.64512,8.76933610558609,3.2668084344503505,0
29.57967,36.28852,37.42326,2236.48378,-0.67683,63.66663,8.781360261753875,3.271287748997439,0
29.59295,36.3194,37.3838,2231.74504,-0.67241,63.68812,8.792849876813303,3.275567932917043,0
29.6062,36.35022,37.34469,2226.99887,-0.66771,63.70959,8.803783416652347,3.279640964185833,0
29.61941,36.38099,37.30595,2222.24553,-0.66275,63.73105,8.81414109378381,3.28349947144419,0
29.63258,36.4117,37.26758,2217.48527,-0.65753,63.75248,8.823904937201469,3.28713676001945,0
29.64571,36.44236,37.22961,2212.71838,-0.65209,63.77389,8.833058855443408,3.290546835418658,0
29.6588,36.47296,37.19204,2207.94513,-0.64644,63.79529,8.841588692424605,3.293724424127671,0
29.67186,36.50351,37.15488,2203.16584,-0.64062,63.81666,8.84948227576105,3.2966649916131736,0
29.68488,36.53399,37.11814,2198.38083,-0.63464,63.83802,8.85672945722515,3.299364757393372,0
29.69786,36.56442,37.08183,2193.59041,-0.62854,63.85935,8.863322145142746,3.301820707106736,0
29.7108,36.5948,37.04595,2188.79493,-0.62232,63.88067,8.8692543284912,3.3040306014891723,0
29.7237,36.62511,37.01051,2183.99473,-0.61603,63.90196,8.874522092579076,3.305992982215121,0
29.73657,36.65538,36.97551,2179.19017,-0.60969,63.92323,8.879123626230173,3.307707174573792,0
29.7494,36.68558,36.94095,2174.38161,-0.60331,63.94449,8.883059220415266,3.309173286959454,0
29.76219,36.71572,36.90682,2169.56942,-0.59694,63.96572,8.886331258387953,3.3103922071967804,0
29.77494,36.74581,36.87313,2164.75396,-0.59059,63.98693,8.888944197383886,3.3113655957233283,0
29.78765,36.77584,36.83988,2159.93563,-0.58429,64.00812,8.890904542042108,3.312095875688288,0
29.80033,36.80582,36.80705,2155.11479,-0.57806,64.02929,8.892220809715168,3.3125862200295897,0
29.81297,36.83573,36.77465,2150.29182,-0.57194,64.05044,8.892903487940888,3.3128405356310155,0
29.82557,36.86559,36.74266,2145.4671,-0.56594,64.07157,8.892964984339782,3.3128634446576717,0
29.83813,36.89539,36.71107,2140.64102,-0.56009,64.09267,8.89241956928384,3.312660263198599,0
29.85066,36.92513,36.67988,2135.81395,-0.55442,64.11376,8.891283311729746,3.3122369773629634,0
29.86314,36.95482,36.64907,2130.98625,-0.54895,64.13482,8.889574008585877,3.3116002169673995,0
29.87559,36.98444,36.61862,2126.15831,-0.5437,64.15587,8.887311108114673,3.310757227001382,0
29.88801,37.01401,36.58854,2121.33048,-0.5387,64.17689,8.88451562782086,3.3097158370384228,0
29.90038,37.04352,36.55878,2116.50311,-0.53397,64.19789,8.881210067303916,3.3084844287713295,0
29.91272,37.07298,36.52936,2111.67657,-0.52952,64.21886,8.877418316638241,3.307071901881401,0
29.92502,37.10237,36.50023,2106.85118,-0.52538,64.23982,8.873165560773064,3.3054876384248817,0
29.93728,37.1317,36.47139,2102.02729,-0.52158,64.26075,8.868478180512227,3.3037414659453224,0
29.9495,37.16098,36.44282,2097.20521,-0.51811,64.28167,8.863383650617086,3.301843619514234,0
29.96169,37.1902,36.41449,2092.38524,-0.51502,64.30256,8.857910435562957,3.2998047028976147,0
29.97384,37.21936,36.38639,2087.5677,-0.5123,64.32343,8.852087883507473,3.2976356490563825,0
29.98596,37.24846,36.35849,2082.75286,-0.50998,64.34427,8.845946118985516,3.2953476801724038,0
29.99803,37.27751,36.33077,2077.941,-0.50806,64.3651,8.839515934842415,3.2929522673907714,0
30.01007,37.30649,36.3032,2073.13238,-0.50657,64.3859,8.832828683927033,3.2904610904726304,0
30.02207,37.33542,36.27577,2068.32723,-0.50552,64.40668,8.825916170986142,3.287885997522986,0
30.03404,37.36429,36.24845,2063.52579,-0.5049,64.42744,8.818810545257794,3.2852389649789124,0
30.04597,37.3931,36.22121,2058.72826,-0.50474,64.44818,8.811544194154417,3.2825320580036994,0
30.05786,37.42185,36.19404,2053.93486,-0.50504,64.4689,8.804149638459357,3.27977739144482,0
30.06972,37.45054,36.16689,2049.14575,-0.50581,64.48959,8.796659429408011,3.2769870914939334,0
30.08154,37.47917,36.13976,2044.3611,-0.50705,64.51027,8.789106047978201,3.274173258169902,0
30.09332,37.50775,36.11261,2039.58106,-0.50877,64.53092,8.781521806735428,3.271347928753572,0
30.10507,37.53627,36.08542,2034.80576,-0.51096,64.55155,8.77393875446386,3.2685230422602993,0
30.11677,37.56473,36.05816,2030.0353,-0.51363,64.57215,8.766388583872395,3.2657104050580346,0
30.12845,37.59313,36.03082,2025.26979,-0.51678,64.59274,8.758902542567174,3.2629216577022384,0
30.14009,37.62147,36.00335,2020.5093,-0.52041,64.6133,8.751511347485902,3.2601682430604177,0
30.15169,37.64975,35.97575,2015.75389,-0.52451,64.63384,8.744245102945758,3.2574613757828135,0
30.16325,37.67798,35.94799,2011.0036,-0.52908,64.65436,8.737133222413101,3.254812013159561,0
30.17478,37.70614,35.92003,2006.25846,-0.53412,64.67486,8.730204354142918,3.252230827419421,0
30.18628,37.73425,35.89187,2001.51848,-0.53962,64.69533,8.72348631068488,3.24972817946894,0
30.19773,37.7623,35.86348,1996.78364,-0.54556,64.71579,8.717006002382348,3.2473140941190737,0
30.20915,37.79029,35.83483,1992.05391,-0.55195,64.73622,8.710789374831913,3.244998236787221,0
30.22054,37.81823,35.8059,1987.32926,-0.55876,64.75663,8.704861350344927,3.242789891690108,0
30.23189,37.8461,35.77668,1982.60962,-0.566,64.77702,8.69924577337851,3.240697941515394,0
30.24321,37.87392,35.74714,1977.89492,-0.57364,64.79738,8.693965359925798,3.23873084856822,0
30.25449,37.90168,35.71726,1973.18507,-0.58168,64.81773,8.689041650803018,3.236896637369401,0
30.26573,37.92938,35.68704,1968.47996,-0.59009,64.83805,8.684494968805303,3.235202878694848,0
30.27694,37.95702,35.65644,1963.77946,-0.59887,64.85835,8.680344379654375,3.233656675027555,0
30.28811,37.9846,35.62546,1959.08345,-0.60799,64.87863,8.676607656658888,3.232264647392637,0
30.29925,38.01213,35.59407,1954.39176,-0.61744,64.89889,8.673301249045865,3.2310329235599657,0
30.31036,38.0396,35.56227,1949.70425,-0.6272,64.91912,8.670440253845257,3.229967127570425,0
30.32143,38.06701,35.53004,1945.02072,-0.63726,64.93933,8.66803839127693,3.2290723705669158,0
30.33246,38.09436,35.49737,1940.341,-0.64758,64.95952,8.666107983547283,3.2283532428955373,0
30.34346,38.12165,35.46425,1935.66489,-0.65816,64.97969,8.664659936976317,3.227813807447454,0
30.35442,38.14888,35.43066,1930.99217,-0.66897,64.99984,8.663703727383579,3.2274575942147705,0
30.36535,38.17606,35.39661,1926.32262,-0.67999,65.01996,8.663247388661206,3.2272875960336926,0
30.37625,38.20318,35.36208,1921.65601,-0.6912,65.04007,8.663297504456203,3.227306265485955,0
30.38711,38.23024,35.32706,1916.9921,-0.70257,65.06015,8.663859202919921,3.227515512942866,0
30.39794,38.25724,35.29156,1912.33065,-0.71409,65.08021,8.66493615445115,3.2279167057245486,0
30.40873,38.28418,35.25556,1907.6714,-0.72573,65.10024,8.666530572393262,3.228510668359646,0
30.41948,38.31107,35.21907,1903.01408,-0.73746,65.12026,8.668643216644497,3.2292976839302474,0
30.43021,38.3379,35.18208,1898.35844,-0.74927,65.14025,8.671273400149836,3.2302774964902787,0
30.4409,38.36466,35.14459,1893.70419,-0.76113,65.16022,8.674418998242395,3.231449314545424,0
30.45155,38.39137,35.10661,1889.05107,-0.77301,65.18016,8.678076460815182,3.2328118155874197,0
30.46217,38.41803,35.06814,1884.39878,-0.7849,65.20009,8.682240827325014,3.2343631516834095,0
30.47276,38.44462,35.02917,1879.74705,-0.79677,65.21999,8.686905744607364,3.2361009561124456,0
30.48331,38.47115,34.98972,1875.09559,-0.8086,65.23987,8.692063488,3.238022351048335,0
30.49383,38.49763,34.94979,1870.44411,-0.82036,65.25973,8.697704982308203,3.240123956301052,0
30.50431,38.52405,34.90938,1865.79234,-0.83204,65.27956,8.70381983308044,3.2424018991051184,0
30.51476,38.5504,34.86851,1861.13997,-0.8436,65.29937,8.710396350736033,3.2448518249704197,0
30.52518,38.5767,34.82718,1856.48673,-0.85503,65.31916,8.717421585048626,3.2474689095969,0
30.53556,38.60295,34.7854,1851.83233,-0.86631,65.33892,8.724881359492526,3.2502478718557306,0
30.54591,38.62913,34.74319,1847.17649,-0.87741,65.35867,8.732760308978742,3.253182987846985,0
30.55622,38.65525,34.70055,1842.51894,-0.88832,65.37839,8.741041920479004,3.2562681060331453,0
30.5665,38.68132,34.6575,1837.85941,-0.89902,65.39808,8.749708576548947,3.259496663452644,0
30.57675,38.70732,34.61405,1833.19762,-0.90948,65.41775,8.758741601752192,3.2628617030140497,0
30.58697,38.73327,34.57021,1828.53332,-0.91969,65.4374,8.768121311976047,3.266355891867465,0
30.59715,38.75915,34.526,1823.86625,-0.92963,65.45703,8.777827066626301,3.269971540848459,0
30.60729,38.78498,34.48144,1819.19617,-0.93929,65.47663,8.787837323674342,3.2737006249845697,0
30.61741,38.81075,34.43654,1814.52283,-0.94865,65.49621,8.798129697533593,3.277534805055795,0
30.62748,38.83646,34.39132,1809.84601,-0.95769,65.51576,8.808681019684887,3.2814654501791454,0
30.63753,38.86211,34.3458,1805.1655,-0.96641,65.5353,8.819467402018036,3.2854836614050433,0
30.64754,38.8877,34.29999,1800.48107,-0.97478,65.5548,8.830464302801067,3.289580296292596,0
30.65752,38.91323,34.25391,1795.79253,-0.9828,65.57428,8.841646595164441,3.2937459944217724,0
30.66747,38.9387,34.20759,1791.0997,-0.99046,65.59374,8.85298863801193,3.29797120380957,0
30.67738,38.96411,34.16104,1786.40239,-0.99775,65.61318,8.864464349206123,3.302246208173541,0
30.68726,38.98946,34.11427,1781.70045,-1.00466,65.63258,8.87604728088051,3.3065611549875245,0
30.6971,39.01474,34.06732,1776.99373,-1.01119,65.65197,8.887710696712714,3.310906084267961,0
30.70692,39.03997,34.0202,1772.28208,-1.01732,65.67133,8.899427650956174,3.3152709580152697,0
30.71669,39.06514,33.97293,1767.5654,-1.02306,65.69066,8.911171069024183,3.3196456902335294,0
30.72644,39.09025,33.92553,1762.84356,-1.0284,65.70997,8.922913829400647,3.3240201774443827,0
30.73615,39.1153,33.87802,1758.11648,-1.03334,65.72926,8.934628846598365,3.3283843295911852,0
30.74583,39.14028,33.83042,1753.38408,-1.03788,65.74852,8.946289154942074,3.3327281012503938,0
30.75548,39.16521,33.78275,1748.64629,-1.04202,65.76775,8.957867992835974,3.337041523023433,0
30.76509,39.19007,33.73502,1743.90307,-1.04577,65.78696,8.969338887249553,3.341314733009888,0
30.77467,39.21488,33.68727,1739.15438,-1.04913,65.80614,8.980675738089548,3.345538008238284,0
30.78421,39.23962,33.6395,1734.4002,-1.05209,65.82529,8.99185290210771,3.349701795923933,0
30.79373,39.2643,33.59174,1729.64054,-1.05468,65.84443,9.0028452760433,3.353796744441706,0
30.80321,39.28892,33.54399,1724.87541,-1.05689,65.86353,9.013628378599067,3.357813733864233,0
30.81265,39.31347,33.49629,1720.10484,-1.05874,65.88261,9.024178430936207,3.3617439059484013,0
30.82207,39.33797,33.44865,1715.32888,-1.06023,65.90166,9.034472435281515,3.365578693418583,0
30.83145,39.3624,33.40108,1710.54758,-1.06138,65.92068,9.04448825132229,3.3693098484257535,0
30.8408,39.38677,33.3536,1705.76101,-1.0622,65.93968,9.054204669999836,3.3729294700375,0
30.85011,39.41108,33.30622,1700.96928,-1.0627,65.95865,9.0636014843474,3.3764300306270343,0
30.85939,39.43533,33.25896,1696.17249,-1.0629,65.9776,9.072659557034084,3.3798044010350594,0
30.86864,39.45951,33.21183,1691.37075,-1.06282,65.99652,9.081360884257547,3.383045874371497,0
30.87785,39.48363,33.16485,1686.5642,-1.06246,66.01541,9.089688655677529,3.3861481883422946,0
30.88704,39.50769,33.11802,1681.75298,-1.06185,66.03427,9.097627310059126,3.3891055459780075,0
30.89619,39.53169,33.07136,1676.93726,-1.06101,66.05311,9.105162586337135,3.391912634656617,0
30.9053,39.55562,33.02487,1672.1172,-1.05995,66.07192,9.112281569854348,3.3945646433285077,0
30.91439,39.57949,32.97856,1667.293,-1.0587,66.0907,9.118972733502137,3.3970572778424217,0
30.92344,39.6033,32.93245,1662.46485,-1.05728,66.10945,9.125225973564664,3.399386774298361,0
30.93245,39.62704,32.88654,1657.63294,-1.0557,66.12818,9.131032640049435,3.4015499103465285,0
30.94144,39.65072,32.84083,1652.79751,-1.054,66.14687,9.136385561383577,3.4035440143873332,0
30.95039,39.67434,32.79533,1647.95876,-1.05219,66.16554,9.141279063318429,3.405366972613851,0
30.95931,39.69789,32.75005,1643.11695,-1.0503,66.18419,9.145708981960063,3.407017233866033,0
30.9682,39.72138,32.70498,1638.2723,-1.04835,66.2028,9.149672670867677,3.408493812275052,0
30.97705,39.74481,32.66012,1633.42507,-1.04636,66.22139,9.153169002190314,3.409796287686748,0
30.98587,39.76817,32.61549,1628.57552,-1.04436,66.23994,9.156198361859845,3.4109248038708975,0
30.99466,39.79147,32.57107,1623.7239,-1.04238,66.25847,9.158762638875066,3.4118800645292566,0
31.00342,39.81471,32.52687,1618.87048,-1.04043,66.27697,9.16086520876385,3.4126633271347724,0
31.01214,39.83788,32.48289,1614.01552,-1.03854,66.29544,9.162510911343672,3.4132763946467963,0
31.02083,39.86098,32.43911,1609.15931,-1.03674,66.31389,9.163706022895203,3.413721605145019,0
31.02949,39.88403,32.39554,1604.30211,-1.03504,66.3323,9.164458222970108,3.4140018194644965,0
31.03812,39.90701,32.35217,1599.4442,-1.03349,66.35069,9.164776556002224,3.414120406894806,0
31.04671,39.92992,32.30899,1594.58586,-1.03208,66.36905,9.164671387966902,3.4140812290345104,0
31.05527,39.95277,32.266,1589.72737,-1.03086,66.38738,9.164154358347727,3.4138886218975,0
31.0638,39.97556,32.22319,1584.86899,-1.02984,66.40568,9.163238327697039,3.4135473763779016,0
31.0723,39.99828,32.18054,1580.011,-1.02905,66.42395,9.161937321064922,3.413062717175894,0
31.08076,40.02093,32.13805,1575.15368,-1.0285,66.44219,9.160266467645632,3.412440280314409,0
31.0892,40.04353,32.09572,1570.29729,-1.02821,66.4604,9.158241936951008,3.4116860893620524,0
31.0976,40.06606,32.05351,1565.44209,-1.02822,66.47859,9.155880871859935,3.4108065304922666,0
31.10596,40.08852,32.01144,1560.58834,-1.02853,66.49674,9.153201318901656,3.4098083265120263,0
31.1143,40.11092,31.96947,1555.7363,-1.02916,66.51487,9.15022215611479,3.408698509987428,0
31.1226,40.13325,31.9276,1550.88621,-1.03014,66.53296,9.146963018866533,3.40748439560939,0
31.13088,40.15552,31.88582,1546.03831,-1.03147,66.55103,9.143444223969688,3.4061735519252503,0
31.13912,40.17773,31.84411,1541.19284,-1.03318,66.56907,9.139686692467484,3.4047737725740737,0
31.14733,40.19987,31.80244,1536.35002,-1.03528,66.58708,9.135711871445748,3.4032930471596425,0
31.1555,40.22194,31.76082,1531.51006,-1.03778,66.60506,9.131541655203199,3.4017395318842993,0
31.16365,40.24395,31.71922,1526.67317,-1.0407,66.62301,9.127198306136094,3.4001215200764117,0
31.17176,40.2659,31.67763,1521.83955,-1.04404,66.64094,9.122704375650729,3.398447412728185,0
31.17985,40.28778,31.63603,1517.00939,-1.04782,66.65883,9.118082625422838,3.396725689162729,0
31.1879,40.3096,31.5944,1512.18287,-1.05204,66.6767,9.113355949310343,3.394964877944492,0
31.19592,40.33135,31.55273,1507.36014,-1.05671,66.69453,9.108547296193283,3.3931735281351085,0
31.2039,40.35304,31.511,1502.54137,-1.06184,66.71234,9.103679594009408,3.3913601809946616,0
31.21186,40.37467,31.46919,1497.7267,-1.06744,66.73012,9.098775675251535,3.389533342227486,0
31.21979,40.39622,31.42729,1492.91627,-1.0735,66.74786,9.09385820413222,3.3877014548490885,0
31.22768,40.41772,31.38528,1488.11018,-1.08003,66.76558,9.088949606,3.3858728727659346,0
31.23554,40.43915,31.34314,1483.30856,-1.08703,66.78327,9.08407199680781,3.3840558351301353,0
31.24338,40.46051,31.30085,1478.51149,-1.09451,66.80093,9.079247119929882,3.3822584415429557,0
31.25118,40.48182,31.25841,1473.71907,-1.10245,66.81857,9.074496278642158,3.380488628161121,0
31.25895,40.50305,31.21578,1468.93136,-1.11086,66.83617,9.069840276243644,3.378754144760879,0
31.26669,40.52422,31.17297,1464.14842,-1.11973,66.85374,9.065299356843546,3.377062532805562,0
31.2744,40.54533,31.12994,1459.3703,-1.12906,66.87129,9.06089314928968,3.3754211045574483,0
31.28208,40.56637,31.08669,1454.59705,-1.13884,66.88881,9.056640613988117,3.373836923266679,0
31.28972,40.58735,31.04321,1449.82867,-1.14907,66.90629,9.0525599926755,3.372316784460121,0
31.29734,40.60827,30.99947,1445.06518,-1.15974,66.92375,9.04866876124533,3.3708671983679204,0
31.30493,40.62912,30.95546,1440.30659,-1.17083,66.94118,9.044983585623562,3.3694943734860066,0
31.31248,40.6499,30.91117,1435.55287,-1.18233,66.95858,9.04152028077568,3.368204201305135,0
31.32001,40.67062,30.86659,1430.80401,-1.19424,66.97595,9.038293772848014,3.3670022422075467,0
31.32751,40.69128,30.8217,1426.05996,-1.20655,66.9933,9.03531806445065,3.3658937125339286,0
31.33497,40.71187,30.7765,1421.3207,-1.21923,67.01061,9.032606203111632,3.3648834728317785,0
31.34241,40.7324,30.73097,1416.58614,-1.23227,67.0279,9.030170252885567,3.363976017278861,0
31.34981,40.75287,30.68511,1411.85625,-1.24566,67.04515,9.028021269108791,3.363175464278847,0
31.35719,40.77327,30.63889,1407.13092,-1.25939,67.06238,9.026169276290064,3.362485548225007,0
31.36454,40.7936,30.59232,1402.41008,-1.27343,67.07958,9.024623249117383,3.3619096124247596,0
31.37185,40.81387,30.54539,1397.69364,-1.28777,67.09675,9.023391096555438,3.361450603175551,0
31.37914,40.83408,30.49808,1392.98149,-1.30238,67.11389,9.022479649010801,3.361111064983545,0
31.38639,40.85423,30.4504,1388.27352,-1.31726,67.131,9.02189464852742,3.360893136911196,0
31.39362,40.87431,30.40234,1383.5696,-1.33238,67.14809,9.021640741997599,3.360798550048155,0
31.40082,40.89432,30.35389,1378.86962,-1.34772,67.16514,9.021721477332198,3.3608286260845683,0
31.40798,40.91427,30.30505,1374.17343,-1.36326,67.18217,9.02213930257518,3.3609842769812226,0
31.41512,40.93416,30.25581,1369.4809,-1.37898,67.19916,9.022895567929604,3.3612660057242842,0
31.42223,40.95398,30.20617,1364.79188,-1.39487,67.21613,9.023990530629463,3.361673908140185,0
31.42931,40.97374,30.15614,1360.10623,-1.41089,67.23307,9.025423362663497,3.362207675772942,0
31.43636,40.99344,30.10571,1355.42378,-1.42704,67.24998,9.02719216128761,3.3628665998003178,0
31.44338,41.01307,30.05487,1350.74438,-1.44328,67.26686,9.02929396229028,3.363649575975524,0
31.45037,41.03264,30.00364,1346.06786,-1.45959,67.28371,9.031724755983676,3.3645551105843454,0
31.45734,41.05214,29.95201,1341.39406,-1.47597,67.30054,9.034479505883294,3.3655813274037856,0
31.46427,41.07158,29.89999,1336.72281,-1.49237,67.31733,9.037552170009674,3.366725975637519,0
31.47117,41.09096,29.84757,1332.05394,-1.5088,67.3341,9.04093572481238,3.367986438828214,0
31.47805,41.11027,29.79477,1327.38729,-1.52522,67.35083,9.044622191628664,3.369359744714059,0
31.48489,41.12952,29.74158,1322.72268,-1.54161,67.36754,9.04860266567378,3.3708425760284397,0
31.49171,41.1487,29.68802,1318.05994,-1.55795,67.38422,9.052867347467217,3.372431282207026,0
31.4985,41.16782,29.63408,1313.39889,-1.57424,67.40087,9.057405576679823,3.3741218919967193,0
31.50526,41.18688,29.57977,1308.73939,-1.59044,67.41749,9.062205868321152,3.3759101269363887,0
31.51199,41.20587,29.52511,1304.08124,-1.60654,67.43408,9.067255951209294,3.3777914156878985,0
31.5187,41.2248,29.47009,1299.42431,-1.62252,67.45064,9.072542808650987,3.379760909190522,0
31.52537,41.24366,29.41474,1294.76841,-1.63837,67.46717,9.078052721271005,3.3818134966160045,0
31.53201,41.26246,29.35904,1290.1134,-1.65406,67.48368,9.083771311879381,3.383943822082798,0
31.53863,41.28119,29.30302,1285.45912,-1.6696,67.50015,9.089683592314172,3.386146302106219,0
31.54522,41.29987,29.24669,1280.80543,-1.68495,67.51659,9.095774012138797,3.388415143739482,0
31.55178,41.31847,29.19004,1276.15219,-1.70011,67.53301,9.102026509111338,3.39074436337485,0
31.55831,41.33701,29.13311,1271.49925,-1.71507,67.54939,9.108424561276149,3.393127806149126,0
31.56482,41.35549,29.07588,1266.84648,-1.72981,67.56575,9.114951240589626,3.395559165920664,0
31.57129,41.37391,29.01839,1262.19378,-1.74433,67.58207,9.121589267907076,3.398032005753424,0
31.57774,41.39226,28.96062,1257.54101,-1.75861,67.59837,9.128321069219467,3.4005397788666425,0
31.58416,41.41054,28.90261,1252.88807,-1.77265,67.61464,9.135128832966325,3.4030758499853926,0
31.59055,41.42876,28.84436,1248.23486,-1.78644,67.63087,9.1419945682574,3.405633517029685,0
31.59691,41.44692,28.78588,1243.5813,-1.79998,67.64708,9.148900163841791,3.4082060330820263,0
31.60324,41.46501,28.72718,1238.92729,-1.81325,67.66325,9.155827447640263,3.4107866285647637,0
31.60955,41.48304,28.66827,1234.27276,-1.82627,67.6794,9.162758246638402,3.4133685335518673,0
31.61583,41.501,28.60918,1229.61765,-1.83902,67.69551,9.169674446952506,3.4159450001450535,0
31.62208,41.5189,28.5499,1224.96191,-1.8515,67.7116,9.176558053853352,3.4185093248342158,0
31.6283,41.53674,28.49045,1220.30549,-1.86372,67.72766,9.183391251544231,3.4210548707663206,0
31.63449,41.55451,28.43084,1215.64835,-1.87568,67.74368,9.190156462462308,3.4235750898367168,0
31.64066,41.57221,28.37108,1210.99048,-1.88738,67.75967,9.196836405894748,3.4260635445251904,0
31.6468,41.58985,28.31119,1206.33186,-1.89882,67.77564,9.203414155673912,3.428513929388941,0
31.65291,41.60743,28.25117,1201.67249,-1.91002,67.79157,9.209873196713788,3.430920092123893,0
31.65899,41.62494,28.19104,1197.01238,-1.92097,67.80748,9.216197480192744,3.433276054121716,0
31.66505,41.64238,28.1308,1192.35154,-1.93168,67.82335,9.222371477115955,3.435576030423249,0
31.67107,41.65976,28.07047,1187.69001,-1.94217,67.83919,9.228380230056738,3.4378144489934956,0
31.67707,41.67708,28.01005,1183.02782,-1.95245,67.855,9.234209402842666,3.43998596923102,0
31.68304,41.69433,27.94955,1178.36503,-1.96252,67.87078,9.239845327982176,3.4420854996356023,0
31.68899,41.71152,27.88899,1173.7017,-1.9724,67.88653,9.245275051621096,3.4441082145557282,0
31.69491,41.72864,27.82837,1169.03789,-1.9821,67.90225,9.250486375806128,3.4460495699328435,0
31.7008,41.74569,27.76769,1164.3737,-1.99164,67.91793,9.25546789791081,3.447905317988573,0
31.70666,41.76268,27.70697,1159.70921,-2.00104,67.93359,9.260209046995236,3.4496715207696615,0
31.71249,41.77961,27.64621,1155.04453,-2.0103,67.94921,9.264700116974534,3.451344562504114,0
31.7183,41.79647,27.58542,1150.37976,-2.01945,67.96481,9.268932296423111,3.4529211607040518,0
31.72408,41.81326,27.5246,1145.71503,-2.0285,67.98037,9.272897694888398,3.4543983759682835,0
31.72983,41.82999,27.46376,1141.05047,-2.03748,67.9959,9.276589365586965,3.4557736204372023,0
31.73556,41.84665,27.4029,1136.38621,-2.0464,68.0114,9.280001324400459,3.457044664869268,0
31.74125,41.86325,27.34202,1131.7224,-2.05529,68.02687,9.283128565071351,3.4582096443018293,0
31.74693,41.87979,27.28113,1127.0592,-2.06416,68.0423,9.285967070543627,3.459267062275825,0
31.75257,41.89625,27.22024,1122.39676,-2.07304,68.05771,9.288513820408925,3.460215793609671,0
31.75819,41.91266,27.15933,1117.73525,-2.08195,68.07308,9.290766794425537,3.461055085710173,0
31.76377,41.92899,27.09842,1113.07486,-2.09091,68.08842,9.292724972121288,3.461784558424596,0
31.76934,41.94526,27.0375,1108.41575,-2.09994,68.10373,9.294388328490095,3.4624042024375172,0
31.77487,41.96147,26.97657,1103.75812,-2.10907,68.11901,9.29575782582471,3.4629143762283046,0
31.78038,41.97761,26.91564,1099.10216,-2.11832,68.13426,9.296835401745907,3.46331580161168,0
31.78586,41.99369,26.85469,1094.44806,-2.12771,68.14947,9.297623953488355,3.4636095578837853,0
31.79132,42.0097,26.79373,1089.79603,-2.13727,68.16466,9.298127318573625,3.463797074622382,0
31.79674,42.02564,26.73276,1085.14626,-2.14702,68.17981,9.298350251957332,3.463880123173543,0
31.80215,42.04152,26.67177,1080.49896,-2.15698,68.19493,9.298298399792305,3.4638608068777588,0
31.80752,42.05733,26.61076,1075.85435,-2.16717,68.21002,9.297978269954768,3.463741550090153,0
31.81287,42.07308,26.54972,1071.21262,-2.17762,68.22508,9.297397199497684,3.463525086056005,0
31.81819,42.08876,26.48865,1066.574,-2.18835,68.2401,9.296563319200073,3.4632144437044343,0
31.82348,42.10438,26.42754,1061.9387,-2.19938,68.2551,9.295485515406764,3.462812933432702,0
31.82875,42.11993,26.36638,1057.30693,-2.21073,68.27006,9.29417338936674,3.462324131958679,0
31.83399,42.13541,26.30518,1052.6789,-2.22243,68.28499,9.292637214251254,3.4617518663089606,0
31.83921,42.15084,26.24392,1048.05482,-2.23448,68.29989,9.290887890090202,3.46110019703148,0
31.8444,42.16619,26.18259,1043.43491,-2.24692,68.31476,9.288936896838361,3.4603734007114473,0
31.84956,42.18148,26.12119,1038.81938,-2.25976,68.32959,9.286796245803941,3.4595759518772073,0
31.8547,42.1967,26.0597,1034.20843,-2.27302,68.3444,9.284478429659053,3.4587125043778233,0
31.85981,42.21186,25.99813,1029.60226,-2.28671,68.35917,9.281996371266189,3.4577878723195954,0
31.86489,42.22696,25.93646,1025.00108,-2.30085,68.37391,9.27936337155619,3.4568070106492286,0
31.86995,42.24199,25.87468,1020.40508,-2.31546,68.38862,9.276593056691498,3.455774995470759,0
31.87498,42.25695,25.81278,1015.81446,-2.33055,68.4033,9.273699324709344,3.4546970041687373,0
31.87999,42.27185,25.75075,1011.22941,-2.34613,68.41795,9.270696291917057,3.453578295439061,0
31.88497,42.28668,25.68858,1006.65011,-2.36222,68.43257,9.26759823921989,3.4524241892946943,0
31.88992,42.30145,25.62627,1002.07675,-2.37882,68.44715,9.26441955860954,3.451240047131218,0
31.89485,42.31615,25.5638,997.50948,-2.39595,68.4617,9.261174700008201,3.4500312519248517,0
0.04604,0.04604,53.39706,4865.68282,-0.51927,45.0001,4.395440926765409,1.6374173962312542,0
0.09205,0.09205,53.32973,4863.34995,-0.53797,45.00025,4.4330058945257305,1.6514113351157609,0
0.13804,0.13804,53.2601,4861.00025,-0.55607,45.00046,4.472311557621272,1.6660537288130883,0
0.18401,0.18401,53.18823,4858.6326,-0.57353,45.00071,4.5133449216102735,1.6813397365517764,0
0.22996,0.22996,53.11422,4856.24588,-0.59034,45.00101,4.556090587955578,1.6972636219715727,0
0.27588,0.27589,53.03816,4853.83897,-0.60645,45.00136,4.600530525041744,1.7138186678212872,0
0.32179,0.32179,52.96013,4851.41075,-0.62184,45.00176,4.6466438317466245,1.7309970878829766,0
0.36766,0.36768,52.88024,4848.96009,-0.63648,45.00221,4.694406494586074,1.7487899365019652,0
0.41352,0.41354,52.79857,4846.4859,-0.65034,45.00271,4.743791139655586,1.7671870161785723,0
0.45935,0.45938,52.71524,4843.98707,-0.66339,45.00325,4.794766780758234,1.786176783739148,0
0.50516,0.50519,52.63036,4841.46252,-0.6756,45.00385,4.847298565323183,1.8057462556840298,0
0.55095,0.55099,52.54402,4838.91118,-0.68695,45.00449,4.901347519931102,1.8258809133890639,0
0.59671,0.59676,52.45635,4836.33198,-0.69741,45.00518,4.956870297487518,1.8465646089210284,0
0.64244,0.64251,52.36746,4833.7239,-0.70696,45.00592,5.013818928301924,1.8677794723080523,0
0.68815,0.68823,52.27747,4831.0859,-0.71556,45.00671,5.072140577573266,1.889505821196574,0
0.73384,0.73393,52.1865,4828.417,-0.7232,45.00754,5.131777312006243,1.911722073909778,0
0.7795,0.77961,52.09468,4825.71624,-0.72984,45.00842,5.192665878507032,1.9344046670059263,0
0.82514,0.82526,52.00214,4822.98268,-0.73548,45.00935,5.254737498116374,1.957527978513011,0
0.87074,0.87089,51.909,4820.21542,-0.74009,45.01033,5.317917678559236,1.9810642580985727,0
0.91633,0.91649,51.8154,4817.4136,-0.74365,45.01135,5.382126048942676,2.004983565490306,0
0.96188,0.96207,51.72147,4814.57641,-0.74614,45.01241,5.447276220299083,2.029253718524744,0
1.00743,1.00761,51.6263,4811.70503,-0.76427,44.9588,5.514097519116595,2.054146410508453,-33.99999942
1.053,1.05307,51.52896,4808.80011,-0.78151,44.90452,5.583358611363835,2.0799479897395643,-33.99999942
1.09858,1.09847,51.42957,4805.86005,-0.7978,44.84955,5.655033944895871,2.106648937371774,-33.99999942
1.14417,1.14379,51.32826,4802.88329,-0.81313,44.79387,5.729090457518964,2.1342369368679943,-33.99999942
1.18979,1.18904,51.22514,4799.86824,-0.82744,44.73744,5.8054890453677634,2.162697421009499,-33.99999942
1.23542,1.23422,51.12036,4796.81336,-0.84071,44.68025,5.884184077790459,2.1920133911778725,-33.99999942
1.28107,1.27933,51.01404,4793.7171,-0.85291,44.62226,5.965122908605469,2.222165235285272,-33.99999942
1.32673,1.32436,50.90633,4790.57795,-0.86399,44.56346,6.0482453876333695,2.253130545807216,-33.99999942
1.37241,1.36931,50.79738,4787.39442,-0.87394,44.50382,6.133483377047884,2.2848839396106024,-33.99999942
1.41811,1.41419,50.68732,4784.16508,-0.88271,44.44332,6.220760277526332,2.317396881432282,-33.99999942
1.46383,1.459,50.57632,4780.88848,-0.89029,44.38194,6.309990569786023,2.350637513089306,-33.99999942
1.50956,1.50372,50.46452,4777.56327,-0.89663,44.31964,6.401079377605351,2.384570490692782,-33.99999942
1.55531,1.54836,50.35209,4774.18812,-0.90171,44.25643,6.493922058950297,2.419156832331741,-33.99999942
1.60108,1.59293,50.23918,4770.76176,-0.90552,44.19226,6.588403832306169,2.454353778871876,-33.99999942
1.64686,1.63741,50.12596,4767.28298,-0.90801,44.12714,6.684399445774287,2.4901146706853527,-33.99999942
1.69267,1.6818,50.01259,4763.75064,-0.90918,44.06103,6.7817728968550774,2.526388843262641,-33.99999942
1.73849,1.72612,49.89925,4760.16367,-0.909,43.99393,6.880377211134233,2.5631215447672786,-33.99999942
1.78433,1.77034,49.7861,4756.52109,-0.90746,43.92581,6.980054288302534,2.6002538786742133,-33.99999942
1.83019,1.81448,49.67331,4752.82199,-0.90453,43.85667,7.0806348240099455,2.6377227746583918,-33.99999942
1.87607,1.85853,49.56107,4749.06556,-0.90021,43.7865,7.181938315998771,2.6754609908795217,-33.99999942
1.92196,1.9025,49.44953,4745.25111,-0.89449,43.71528,7.28377316276581,2.713397150736322,-33.99999942
1.96788,1.94637,49.33889,4741.37803,-0.88735,43.64301,7.385936862582743,2.751455817006852,-33.99999942
2.01381,1.99014,49.22931,4737.44584,-0.87881,43.56968,7.488216320217274,2.7895576061102085,-33.99999942
2.05976,2.03383,49.12097,4733.45419,-0.86884,43.49529,7.590388267804255,2.8276193448920934,-33.99999942
2.10574,2.07742,49.01404,4729.40283,-0.85747,43.41984,7.692219805461845,2.865554272018556,-33.99999942
2.15172,2.12091,48.9087,4725.29168,-0.84469,43.34334,7.793469065983989,2.903272285591431,-33.99999942
2.19773,2.16431,48.80511,4721.12076,-0.83051,43.26577,7.8938860065691,2.940680238088106,-33.99999942
2.24376,2.2076,48.70346,4716.89026,-0.81495,43.18716,7.993213328912051,2.977682279119995,-33.99999942
2.28981,2.2508,48.6039,4712.60051,-0.79802,43.10751,8.091187527225044,3.014180245847888,-33.99999942
2.33587,2.29389,48.50661,4708.25202,-0.77975,43.02682,8.187540061762464,3.050074100150839,-33.99999942
2.38196,2.33688,48.41173,4703.8454,-0.76016,42.94513,8.281998653306447,3.085262410856095,-33.99999942
2.42806,2.37977,48.31944,4699.38149,-0.73928,42.86243,8.374288691868275,3.1196428785174355,-33.99999942
2.47419,2.42255,48.22988,4694.86123,-0.71715,42.77877,8.464134750581277,3.1531128993801074,-33.99999942
2.52033,2.46522,48.1432,4690.28575,-0.6938,42.69414,8.551262193432924,3.1855701643033383,-33.99999942
2.56649,2.50778,48.05955,4685.65636,-0.66928,42.60859,8.635398863260587,3.2169132875831594,-33.99999942
2.61267,2.55024,47.97905,4680.9745,-0.64362,42.52215,8.716276834221214,3.2470424597934815,-33.99999942
2.65887,2.59259,47.90184,4676.24179,-0.61689,42.43483,8.793634210992055,3.275860118035702,-33.99999942
2.70508,2.63482,47.82805,4671.46,-0.58914,42.34668,8.867216955130608,3.303271626305832,-33.99999942
2.75132,2.67694,47.75778,4666.63105,-0.56042,42.25774,8.9367807175052,3.329185958123114,-33.99999942
2.79757,2.71895,47.69115,4661.75702,-0.5308,42.16804,9.002092654559537,3.3535163731363418,-33.99999942
2.84384,2.76084,47.62825,4656.84013,-0.50034,42.07763,9.062933205349006,3.376181079116654,-33.99999942
2.89013,2.80262,47.56918,4651.88273,-0.46911,41.98654,9.119097805929128,3.3971038706123284,-33.99999942
2.93643,2.84428,47.51402,4646.8873,-0.43718,41.89484,9.170398517772066,3.4162147355767885,-33.99999942
2.98276,2.88583,47.46283,4641.85644,-0.40464,41.80256,9.216665547445869,3.433450421489097,-33.99999942
3.0291,2.92725,47.41569,4636.79285,-0.37155,41.70976,9.257748635829014,3.4487549528729304,-33.99999942
3.07545,2.96856,47.37265,4631.69935,-0.33799,41.61648,9.293518296685857,3.4620800926985242,-33.99999942
3.12183,3.00975,47.33374,4626.57882,-0.30406,41.52279,9.323866886379442,3.4733857408788373,-33.99999942
3.16822,3.05082,47.299,4621.43423,-0.26982,41.42874,9.348709488892325,3.4826402639630984,-33.99999942
3.21462,3.09177,47.26845,4616.26862,-0.23538,41.33438,9.367984603117408,3.4898207511707198,-33.99999942
3.26105,3.1326,47.24211,4611.08505,-0.2008,41.23977,9.381654622,3.494913193029614,-33.99999942
3.30748,3.1733,47.21997,4605.88665,-0.16618,41.14496,9.389706099553967,3.497912580120306,-33.99999942
3.35393,3.21389,47.20203,4600.67656,-0.13161,41.05003,9.392149794286778,3.4988229207057566,-33.99999942
3.4004,3.25436,47.18826,4595.45791,-0.09717,40.95501,9.38902050292562,3.4976571773371137,-33.99999942
3.44688,3.2947,47.17863,4590.23387,-0.06295,40.85998,9.38037667446339,3.4944371238021184,-33.99999942
3.49338,3.33493,47.17311,4585.00754,-0.02904,40.76498,9.36629981983397,3.489193125068322,-33.99999942
3.53988,3.37503,47.17164,4579.78203,0.00449,40.67008,9.346893724726819,3.4819638440358167,-33.99999942
3.5864,3.41501,47.17417,4574.56039,0.03755,40.57532,9.32228347910827,3.4727958800083742,-33.99999942
3.63294,3.45488,47.18061,4569.34561,0.07006,40.48077,9.292614339228859,3.4617433447612407,-33.99999942
3.67948,3.49462,47.1909,4564.14063,0.10194,40.38648,9.258050440085803,3.4488673828995324,-33.99999942
3.72604,3.53424,47.20494,4558.94831,0.13312,40.29249,9.218773378111083,3.4342356438722517,-33.99999942
3.77261,3.57374,47.22264,4553.7714,0.16352,40.19885,9.174980685159024,3.4179217134925106,-33.99999942
3.81919,3.61313,47.2439,4548.61258,0.19307,40.10563,9.126884215798807,3.4000045131615573,-33.99999942
3.86578,3.65239,47.26859,4543.47442,0.2217,40.01285,9.074708470247362,3.3805676751171583,-33.99999942
3.91238,3.69154,47.2966,4538.35937,0.24936,39.92057,9.01868887532077,3.3596989020427492,-33.99999942
3.959,3.73057,47.3278,4533.26976,0.27598,39.82881,8.959070045285937,3.3374893191889483,-33.99999942
4.00562,3.76948,47.36206,4528.20781,0.30151,39.73764,8.896104043628677,3.314032826836405,-33.99999942
4.05225,3.80828,47.39924,4523.1756,0.32589,39.64707,8.830048665633802,3.2894254605117177,-33.99999942
4.09889,3.84696,47.43919,4518.17507,0.34908,39.55714,8.761165760131565,3.263764765793812,-33.99999942
4.14553,3.88553,47.48177,4513.20805,0.37103,39.46789,8.689719607080301,3.237149193920792,-33.99999942
4.19219,3.92399,47.52682,4508.27621,0.39171,39.37934,8.615975365766511,3.209677523703639,-33.99999942
4.23885,3.96234,47.57418,4503.38109,0.41107,39.29151,8.54019760636299,3.1814483144929806,-33.99999942
4.28552,4.00057,47.62369,4498.52408,0.42908,39.20444,8.462648935510687,3.1525593941721657,-33.99999942
4.3322,4.03869,47.67519,4493.70646,0.44573,39.11813,8.383588724474548,3.1231073853618567,-33.99999942
4.37888,4.07671,47.72851,4488.92934,0.46098,39.03261,8.303271946331012,3.093187272241772,-33.99999942
4.42557,4.11462,47.78348,4484.19371,0.47481,38.94789,8.221948126671988,3.062892009660311,-33.99999942
4.47227,4.15242,47.83993,4479.50043,0.48721,38.86399,8.13986041034064,3.032312175469078,-33.99999942
4.51897,4.19011,47.89769,4474.85022,0.49817,38.78091,8.057244745008083,3.0015356663837203,-33.99999942
4.56568,4.2277,47.95659,4470.24368,0.50767,38.69865,7.974329180716574,2.970647437045337,-33.99999942
4.61239,4.26519,48.01646,4465.68128,0.51573,38.61724,7.891333283136574,2.939729281443294,-33.99999942
4.65911,4.30258,48.07712,4461.16338,0.52232,38.53666,7.808467656955548,2.9088596553650152,-33.99999942
4.70583,4.33986,48.13841,4456.69022,0.52746,38.45692,7.725933574792428,2.878113538156856,-33.99999942
4.75255,4.37704,48.20015,4452.26193,0.53115,38.37801,7.643922706116475,2.8475623317392413,-33.99999942
4.79928,4.41413,48.26217,4447.87852,0.5334,38.29993,7.5626169399374685,2.8172737945541027,-33.99999942
4.84602,4.45112,48.32432,4443.53993,0.53422,38.22268,7.482188294516349,2.787312007929712,-33.99999942
4.89275,4.48801,48.38641,4439.24596,0.53363,38.14625,7.4027989069627615,2.757737372205498,-33.99999942
4.93949,4.5248,48.4483,4434.99637,0.53164,38.07063,7.324601095347399,2.7286066298705225,-33.99999942
4.98624,4.5615,48.50981,4430.79078,0.52827,37.9958,7.247737485900826,2.6999729129483927,-33.99999942
5.03298,4.59811,48.5708,4426.62877,0.52354,37.92176,7.172341197867532,2.67188581186026,-33.99999942
5.07973,4.63463,48.6311,4422.50982,0.51747,37.84849,7.098536078723892,2.644391463049696,-33.99999942
5.12648,4.67105,48.69057,4418.43334,0.5101,37.77597,7.026436982694741,2.6175326527374487,-33.99999942
5.17323,4.70738,48.74906,4414.39869,0.50145,37.70419,6.956150085779822,2.591348934277082,-33.99999942
5.21999,4.74363,48.80643,4410.40513,0.49154,37.63313,6.887773230860016,2.5658767567161234,-33.99999942
5.26675,4.77979,48.86253,4406.45189,0.48041,37.56277,6.82139629680427,2.541149602298112,-33.99999942
5.31351,4.81586,48.91722,4402.53813,0.4681,37.49309,6.757101585971351,2.5171981308171945,-33.99999942
5.36027,4.85184,48.97039,4398.66297,0.45462,37.42406,6.694964224881758,2.4940503288789544,-33.99999942
5.40703,4.88774,49.02189,4394.82546,0.44003,37.35568,6.6350525733099746,2.471731662298039,-33.99999942
5.4538,4.92355,49.0716,4391.02464,0.42435,37.28791,6.5774286374888735,2.4502652300276777,-33.99999942
5.50056,4.95928,49.11941,4387.25946,0.40763,37.22072,6.522148483526183,2.4296719181681867,-33.99999942
5.54733,4.99493,49.1652,4383.52887,0.38989,37.15411,6.469262647610913,2.4099705527796584,-33.99999942
5.5941,5.03049,49.20886,4379.83177,0.37118,37.08803,6.41881653993354,2.3911780503528615,-33.99999942
5.64087,5.06598,49.25029,4376.16702,0.35154,37.02247,6.370850839665024,2.373309564949309,-33.99999942
5.68764,5.10138,49.28938,4372.53346,0.33101,36.9574,6.325401878690955,2.3563786311523347,-33.99999942
5.73441,5.13671,49.32604,4368.92989,0.30963,36.89279,6.2825020121197825,2.34039730209115,-33.99999942
5.78118,5.17195,49.36018,4365.35509,0.28744,36.82862,6.24217997388836,2.3253762819132677,-33.99999942
5.82796,5.20712,49.39171,4361.80782,0.26448,36.76486,6.204461216087501,2.3113250521922013,-33.99999942
5.87473,5.24221,49.42056,4358.28679,0.2408,36.70147,6.169368230826512,2.2982519918304694,-33.99999942
5.9215,5.27722,49.44664,4354.79071,0.21644,36.63844,6.136920853743542,2.2861644901251896,-33.99999942
5.96828,5.31216,49.46989,4351.31828,0.19144,36.57574,6.107136548385116,2.2750690527069373,-33.99999942
6.01506,5.34701,49.49024,4347.86814,0.16584,36.51333,6.080030670909179,2.264971400148591,-33.99999942
6.06183,5.3818,49.50762,4344.43895,0.13969,36.45118,6.055616714664537,2.2558765590776133,-33.99999942
6.10861,5.41651,49.52199,4341.02933,0.11303,36.38928,6.033906534338836,2.2477889456770663,-33.99999942
6.15539,5.45114,49.5333,4337.63789,0.08591,36.32758,6.0149105494545205,2.2407124414932156,-33.99999942
6.20216,5.4857,49.54149,4334.26323,0.05838,36.26606,5.99863792707738,2.2346504614992675,-33.99999942
6.24894,5.52018,49.54653,4330.90391,0.03047,36.20469,5.985096743657793,2.2296060143854923,-33.99999942
6.29572,5.55459,49.54839,4327.55851,0.00223,36.14343,5.974294125969753,2.2255817550627204,-33.99999942
6.3425,5.58893,49.54703,4324.22556,-0.0263,36.08227,5.966236371145443,2.222580029378375,-33.99999942
6.38928,5.62319,49.54243,4320.90359,-0.05506,36.02116,5.9609290458312305,2.220602911054698,-33.99999942
6.43606,5.65738,49.53457,4317.59113,-0.08401,35.96009,5.958377064468432,2.219652230850385,-33.99999942
6.48284,5.6915,49.52343,4314.28667,-0.11312,35.89901,5.9585847467575315,2.2197295979675244,-33.99999942
6.52962,5.72554,49.50901,4310.98871,-0.14232,35.83789,5.961555854302578,2.220836413702598,-33.99999942
6.5764,5.75951,49.49131,4307.69571,-0.17158,35.77671,5.967293606470017,2.222973877354315,-33.99999942
6.62318,5.79341,49.47031,4304.40614,-0.20085,35.71543,5.975800675447114,2.226142984382739,-33.99999942
6.66996,5.82723,49.44604,4301.11845,-0.23009,35.65403,5.98707916050524,2.2303445168216935,-33.99999942
6.71675,5.86099,49.4185,4297.83108,-0.25924,35.59247,6.001130541445245,2.2355790259359285,-33.99999942
6.76353,5.89466,49.38771,4294.54244,-0.28827,35.53072,6.017955611185547,2.241846807108419,-33.99999942
6.81031,5.92827,49.35369,4291.25096,-0.31712,35.46875,6.03755438747771,2.24914786695209,-33.99999942
6.85709,5.9618,49.31646,4287.95502,-0.34576,35.40652,6.059926003710174,2.2574818826313314,-33.99999942
6.90388,5.99526,49.27607,4284.65303,-0.37413,35.34401,6.085068578789036,2.2668481533891724,-33.99999942
6.95066,6.02864,49.23255,4281.34336,-0.40218,35.28118,6.112979066091451,2.2772455442784403,-33.99999942
6.99745,6.06195,49.18593,4278.02438,-0.42988,35.218,6.143653081548613,2.2886724221181534,-33.99999942
7.04423,6.09519,49.13627,4274.69446,-0.45718,35.15444,6.177084710924893,2.301126583699927,-33.99999942
7.09101,6.12835,49.08362,4271.35194,-0.48402,35.09047,6.21326629646019,2.3146051763066353,-33.99999942
7.1378,6.16143,49.02804,4267.99517,-0.51037,35.02605,6.252188203097746,2.329104610626123,-33.99999942
7.18458,6.19444,48.96959,4264.62249,-0.53618,34.96116,6.293838564630853,2.344620466184173,-33.99999942
7.23137,6.22737,48.90834,4261.23225,-0.5614,34.89576,6.3382030102309885,2.3611473894690396,-33.99999942
7.27816,6.26023,48.84436,4257.82277,-0.58599,34.82981,6.385264371946051,2.3786789849668506,-33.99999942
7.32494,6.29301,48.77773,4254.39238,-0.60989,34.76329,6.435002373941843,2.3972076993958775,-33.99999942
7.37173,6.32571,48.70853,4250.93943,-0.63308,34.69617,6.4873933044456695,2.416724699496898,-33.99999942
7.41852,6.35833,48.63685,4247.46224,-0.6555,34.62841,6.542409671572764,2.4372197438194796,-33.99999942
7.4653,6.39088,48.56279,4243.95917,-0.67711,34.55998,6.600019844463412,2.458681049036123,-33.99999942
7.51209,6.42334,48.48643,4240.42855,-0.69786,34.49086,6.660187681426904,2.481095151416093,-33.99999942
7.55888,6.45573,48.40788,4236.86875,-0.71772,34.421,6.722872147094901,2.504446764204977,-33.99999942
7.60567,6.48803,48.32725,4233.27815,-0.73663,34.35038,6.788026920906707,2.5287186317751487,-33.99999942
7.65246,6.52025,48.24465,4229.65513,-0.75457,34.27897,6.855599999594197,2.553891381540944,-33.99999942
7.69924,6.55238,48.16018,4225.9981,-0.77148,34.20675,6.92553329670449,2.579943374770317,-33.99999942
7.74603,6.58444,48.07398,4222.30551,-0.78733,34.13367,6.997762242598899,2.606850557573928,-33.99999942
7.79282,6.6164,47.98617,4218.57581,-0.80207,34.05971,7.072215388728878,2.63458631348752,-33.99999942
7.83961,6.64829,47.89687,4214.8075,-0.81568,33.98485,7.148814020456444,2.6631213192373355,-33.99999942
7.8864,6.68008,47.80621,4210.99912,-0.82812,33.90906,7.2274717830113415,2.692423405399325,-33.99999942
7.93319,6.71179,47.71433,4207.14923,-0.83935,33.8323,7.308094325687784,2.7224574238530677,-33.99999942
7.97995,6.74344,47.62278,4203.25348,-0.82366,33.83857,7.389099605816269,2.752634022078123,0
8.02667,6.77507,47.53312,4199.30865,-0.80642,33.84487,7.468826969249073,2.782334562710026,0
8.07334,6.80669,47.44552,4195.31514,-0.78767,33.85119,7.547037224804236,2.811469940739997,0
8.11997,6.83828,47.36015,4191.27346,-0.76744,33.85755,7.62349272680733,2.8399516269014775,0
8.16655,6.86985,47.27716,4187.18431,-0.74576,33.86393,7.697955074167953,2.8676908105155823,0
8.21307,6.9014,47.19671,4183.04849,-0.72267,33.87034,7.770186483038885,2.894598910842754,0
8.25955,6.93293,47.11893,4178.86697,-0.69822,33.87678,7.839951231237383,2.920588115167694,0
8.30598,6.96443,47.04398,4174.64086,-0.67247,33.88325,7.907017161084759,2.945571938646658,0
8.35237,6.99591,46.97199,4170.37139,-0.64546,33.88974,7.971157225553097,2.969465800287778,0
8.3987,7.02737,46.90309,4166.05997,-0.61726,33.89627,8.032151060978618,2.992187608828181,0
8.44497,7.05881,46.83739,4161.7081,-0.58793,33.90281,8.089786568268682,3.013658351775195,0
8.4912,7.09022,46.77501,4157.31746,-0.55754,33.90939,8.143861483388624,3.03380268045402,0
8.53738,7.12161,46.71606,4152.88981,-0.52618,33.91599,8.194184917187899,3.052549483633482,0
8.5835,7.15298,46.66063,4148.42708,-0.4939,33.92261,8.240578844194001,3.0698324421409415,0
8.62957,7.18432,46.60881,4143.93127,-0.46081,33.92927,8.282879520050084,3.0855905568950983,0
8.67559,7.21564,46.56067,4139.40453,-0.42697,33.93594,8.320938807634164,3.099768642920293,0
8.72155,7.24693,46.51629,4134.84908,-0.39249,33.94264,8.35462539278668,3.112317782237005,0
8.76746,7.2782,46.47572,4130.26725,-0.35744,33.94937,8.383825871801973,3.1231957289810444,0
8.81332,7.30944,46.439,4125.66144,-0.32193,33.95612,8.408445694502388,3.1323672607234703,0
8.85912,7.34066,46.40618,4121.03413,-0.28605,33.9629,8.428409948784529,3.139804470734713,0
8.90487,7.37185,46.37729,4116.38784,-0.24989,33.9697,8.443663974841389,3.1454869967984744,0
8.95056,7.40301,46.35233,4111.72517,-0.21356,33.97652,8.4541737999425,3.1494021831787795,0
8.99619,7.43415,46.33131,4107.04874,-0.17715,33.98337,8.4599263874742,3.1515451733940245,0
9.04178,7.46527,46.31423,4102.3612,-0.14076,33.99024,8.46092969697415,3.151918932581417,0
9.0873,7.49635,46.30107,4097.66521,-0.1045,33.99713,8.457212554931191,3.150534199366522,0
9.13277,7.52742,46.2918,4092.96345,-0.06845,34.00405,8.448824339185686,3.1474093682940825,0
9.17818,7.55845,46.28638,4088.25856,-0.03272,34.01099,8.435834482743424,3.1425703049856457,0
9.22354,7.58946,46.28477,4083.5532,0.00259,34.01796,8.418331805626755,3.136050097236536,0
9.26884,7.62045,46.28691,4078.84997,0.0374,34.02495,8.396423685977512,3.127888746229873,0
9.31409,7.6514,46.29274,4074.15143,0.0716,34.03196,8.370235083941237,3.1181328029077706,0
9.35928,7.68233,46.30216,4069.46012,0.10512,34.03899,8.339907433841903,3.1068349552772694,0
9.40441,7.71324,46.3151,4064.77847,0.13786,34.04605,8.305597421761469,3.094053573026559,0
9.44949,7.74412,46.33147,4060.10888,0.16974,34.05314,8.267475666843533,3.0798522162758872,0
9.49451,7.77497,46.35115,4055.45366,0.20067,34.06024,8.22572532549477,3.0642991156058788,0
9.53948,7.8058,46.37404,4050.81502,0.23059,34.06737,8.180540637998218,3.047466630632734,0
9.58439,7.8366,46.40002,4046.1951,0.25942,34.07453,8.132125437108627,3.0294306944207583,0
9.62925,7.86738,46.42896,4041.59593,0.2871,34.08171,8.080691637802243,3.0102702508744232,0
9.67405,7.89813,46.46073,4037.01944,0.31355,34.08891,8.026457726657815,2.9900666919930403,0
9.7188,7.92886,46.49519,4032.46744,0.33872,34.09614,7.9696472683144925,2.9689033014870323,0
9.76349,7.95956,46.5322,4027.94164,0.36255,34.10339,7.910487445181233,2.946864710781264,0
9.80812,7.99023,46.5716,4023.44365,0.385,34.11067,7.849207645082457,2.9240363728758902,0
9.85271,8.02089,46.61325,4018.97492,0.40602,34.11797,7.786038109852313,2.9005040589121585,0
9.89724,8.05151,46.65699,4014.53683,0.42557,34.1253,7.721208656130159,2.876353381635069,0
9.94172,8.08212,46.70265,4010.13062,0.44362,34.13265,7.654947477786051,2.8516693492653586,0
9.98614,8.1127,46.75008,4005.75741,0.46012,34.14003,7.587480037508676,2.826535952586846,0
10.03051,8.14325,46.7991,4001.41819,0.47507,34.14744,7.5190280533108504,2.8010357873930545,0
10.07483,8.17378,46.84956,3997.11387,0.48843,34.15487,7.4498085838762105,2.775249713754799,0
10.1191,8.20429,46.90127,3992.84521,0.50019,34.16233,7.380033215033637,2.749256552960494,0
10.16331,8.23478,46.95407,3988.61287,0.51034,34.16981,7.309907348049233,2.7231328223861957,0
10.20748,8.26525,47.00779,3984.41741,0.51887,34.17733,7.239629589014523,2.696952508026639,0
10.25159,8.29569,47.06226,3980.25926,0.52578,34.18486,7.169391237322334,2.6707868739390404,0
10.29565,8.32611,47.11731,3976.13876,0.53107,34.19243,7.099375870097196,2.6447043074324927,0
10.33967,8.35651,47.17277,3972.05616,0.53473,34.20003,7.0297590185352705,2.61877019849607,0
10.38363,8.38689,47.22846,3968.01158,0.53679,34.20765,6.960707931256866,2.5930468516414122,0
10.42755,8.41724,47.28424,3964.00507,0.53725,34.2153,6.892381419206847,2.56759342812405,0
10.47142,8.44758,47.33992,3960.0366,0.53612,34.22298,6.824929776140832,2.5424659163224184,0
10.51524,8.4779,47.39534,3956.10602,0.53344,34.23069,6.758494768390705,2.5177171279252395,0
10.55901,8.50819,47.45036,3952.21313,0.52921,34.23843,6.693209687434091,2.493396717515039,0
10.60273,8.53847,47.5048,3948.35764,0.52346,34.24619,6.6291994586980945,2.4695512231004,0
10.64641,8.56873,47.55852,3944.53918,0.51622,34.25399,6.566580800033537,2.446224125151784,0
10.69004,8.59897,47.61137,3940.75731,0.50752,34.26182,6.505462423444457,2.4234559217510805,0
10.73362,8.62919,47.66319,3937.01155,0.49739,34.26968,6.4459452738316125,2.401284217529842,0
10.77716,8.65939,47.71385,3933.30131,0.48586,34.27756,6.388122798745776,2.3797438241594837,0
10.82066,8.68957,47.76321,3929.62599,0.47298,34.28548,6.332081243470715,2.3588668702774607,0
10.86411,8.71974,47.81113,3925.9849,0.45878,34.29343,6.277899966086614,2.3386829188566765,0
10.90751,8.74989,47.85747,3922.3773,0.4433,34.30141,6.225651767524785,2.319219090159554,0
10.95087,8.78002,47.90213,3918.80243,0.42658,34.30943,6.175403232016347,2.3005001885641208,0
10.99419,8.81013,47.94496,3915.25945,0.40867,34.31747,6.127215073693284,2.282548831682026,0
11.03746,8.84023,47.98587,3911.7475,0.38961,34.32554,6.0811424855368745,2.2653855803510123,0
11.08069,8.87031,48.02472,3908.26565,0.36944,34.33365,6.037235487209308,2.2490290682113385,0
11.12388,8.90038,48.06143,3904.81297,0.34822,34.34179,5.995539268682446,2.2334961297165457,0
11.16703,8.93042,48.09589,3901.38846,0.32599,34.34996,5.956094526935265,2.2188019255621034,0
11.21013,8.96046,48.12799,3897.99111,0.3028,34.35817,5.918937793319936,2.204960064637892,0
11.25319,8.99048,48.15766,3894.61986,0.2787,34.3664,5.884101749508913,2.1919827217268093,0
11.29621,9.02048,48.1848,3891.27364,0.25374,34.37467,5.851615530213123,2.1798807502752546,0
11.33919,9.05047,48.20933,3887.95133,0.22798,34.38297,5.821505011138438,2.1686637896644965,0
11.38213,9.08044,48.23118,3884.6518,0.20146,34.39131,5.7937930808741065,2.158340366496265,0
11.42503,9.1104,48.25029,3881.37389,0.17424,34.39968,5.768499895622995,2.1489179894864683,0
11.46789,9.14035,48.26657,3878.1164,0.14638,34.40808,5.745643115875274,2.1404032376323734,0
11.5107,9.17028,48.27999,3874.87814,0.11792,34.41652,5.725238124281115,2.1328018413759082,0
11.55348,9.20019,48.29048,3871.65786,0.08891,34.42498,5.707298224153557,2.1261187565512114,0
11.59622,9.2301,48.298,3868.45433,0.05942,34.43349,5.691834818113185,2.1203582309344733,0
11.63891,9.25999,48.3025,3865.26627,0.0295,34.44202,5.678857566527062,2.1155238632666036,0
11.68157,9.28986,48.30396,3862.09239,-0.00079,34.45059,5.668374525473169,2.1116186546486175,0
11.72419,9.31972,48.30234,3858.93138,-0.03141,34.45919,5.660392264032043,2.1086450522358593,0
11.76677,9.34957,48.29761,3855.78192,-0.06229,34.46783,5.654915960769652,2.106604985180408,0
11.80931,9.37941,48.28976,3852.64266,-0.09338,34.4765,5.651949479330887,2.1054998927916433,0
11.85181,9.40923,48.27877,3849.51226,-0.12462,34.4852,5.651495423106842,2.105330744901248,0
11.89427,9.43904,48.26463,3846.38933,-0.15596,34.49394,5.653555168967998,2.1060980544297045,0
11.9367,9.46884,48.24736,3843.27249,-0.18734,34.50271,5.658128880090224,2.1078018821643165,0
11.97908,9.49862,48.22694,3840.16034,-0.21871,34.51151,5.6652154979222455,2.1104418337668815,0
12.02143,9.52839,48.20339,3837.05147,-0.25,34.52035,5.674812713390872,2.1140170490468813,0
12.06373,9.55815,48.17672,3833.94444,-0.28116,34.52922,5.68691691744705,2.1185261835385836,0
12.106,9.5879,48.14695,3830.83781,-0.31215,34.53812,5.701523131093956,2.123967382434667,0
12.14823,9.61763,48.11412,3827.73015,-0.34288,34.54706,5.718624915088247,2.1303382469475585,0
12.19042,9.64735,48.07824,3824.61998,-0.37333,34.55603,5.7382142595430174,2.1376357931836334,0
12.23258,9.67706,48.03937,3821.50584,-0.40342,34.56504,5.760281453708505,2.145856403633101,0
12.27469,9.70676,47.99754,3818.38625,-0.43309,34.57407,5.7848149362933,2.154995771410713,0
12.31676,9.73644,47.9528,3815.25973,-0.46231,34.58314,5.811801126744054,2.165048837403024,0
12.3588,9.76611,47.9052,3812.12478,-0.491,34.59224,5.841224238014887,2.176009720520059,0
12.4008,9.79577,47.85481,3808.9799,-0.51912,34.60138,5.873066071459613,2.18787164128728,0
12.44275,9.82541,47.8017,3805.82361,-0.54661,34.61054,5.9073057945964,2.200626839057069,0
12.48467,9.85505,47.74592,3802.6544,-0.57341,34.61974,5.943919702672135,2.2142664831851815,0
12.52655,9.88466,47.68755,3799.47078,-0.59948,34.62897,5.982880965078741,2.2287805785641526,0
12.56839,9.91427,47.62669,3796.27123,-0.62475,34.63824,6.024159357893983,2.2441578659877113,0
12.61019,9.94386,47.5634,3793.05428,-0.64917,34.64753,6.0677209839977095,2.2603857178867135,0
12.65195,9.97344,47.49779,3789.81843,-0.6727,34.65686,6.113527982472507,2.277450030073243,0
12.69367,10.00301,47.42995,3786.56222,-0.69528,34.66621,6.1615382292140115,2.295335110210071,0
12.73535,10.03256,47.35998,3783.28417,-0.71687,34.6756,6.211705030960497,2.314023563828632,0
12.77698,10.0621,47.28799,3779.98283,-0.7374,34.68502,6.263976815223982,2.3334961788201993,0
12.81858,10.09163,47.21408,3776.65678,-0.75684,34.69446,6.318296818914116,2.353731809440089,0
12.86014,10.12114,47.13837,3773.3046,-0.77513,34.70394,6.374602778743428,2.3747072609754736,0
12.90165,10.15064,47.06098,3769.92491,-0.79223,34.71345,6.43282662681503,2.3963971763437875,0
12.94312,10.18012,46.98203,3766.51634,-0.80811,34.72299,6.492894195132104,2.4187739260147394,0
12.98455,10.20959,46.90166,3763.07758,-0.8227,34.73255,6.554724933053957,2.441807502755256,0
13.02594,10.23904,46.81998,3759.60733,-0.83598,34.74215,6.61823164205465,2.465465422820093,0
13.06729,10.26848,46.73714,3756.10435,-0.84791,34.75177,6.68332023240938,2.489712635311113,0
13.10859,10.2979,46.65328,3752.56743,-0.85844,34.76142,6.749889506705537,2.5145114415294527,0
13.14984,10.32732,46.56833,3748.99589,-0.87153,34.80607,6.81802001681815,2.5398918491680096,12.999999778243907
13.19103,10.35676,46.48225,3745.38895,-0.88319,34.85115,6.887792636403955,2.565883985791831,12.999999778243907
13.23215,10.3862,46.39519,3741.74537,-0.89339,34.89665,6.95909705846081,2.592446759140268,12.999999778243907
13.27322,10.41565,46.30728,3738.06394,-0.90209,34.9426,7.031814595818336,2.6195359551195048,12.999999778243907
13.31422,10.44511,46.21868,3734.34353,-0.90925,34.989,7.105818375654501,2.6471043102651115,12.999999778243907
13.35515,10.47458,46.12955,3730.58306,-0.91486,35.03585,7.180973234544887,2.675101472645129,12.999999778243907
13.39602,10.50406,46.04004,3726.78154,-0.91887,35.08317,7.257135669179063,2.7034739835006207,12.999999778243907
13.43683,10.53356,45.95031,3722.93803,-0.92128,35.13095,7.334153848887962,2.732165281912455,12.999999778243907
13.47757,10.56306,45.86051,3719.05169,-0.92206,35.1792,7.411867695974141,2.761115734726437,12.999999778243907
13.51825,10.59257,45.77082,3715.12177,-0.92119,35.22794,7.490109039546769,2.7902626938608877,12.999999778243907
13.55885,10.62209,45.68138,3711.14759,-0.91866,35.27715,7.568701848156766,2.819540582969361,12.999999778243907
13.59939,10.65162,45.59237,3707.1286,-0.91447,35.32685,7.647462546008572,2.84888101523784,12.999999778243907
13.63986,10.68116,45.50394,3703.06432,-0.90861,35.37703,7.726200416799417,2.8782129438254946,12.999999778243907
13.68026,10.71071,45.41626,3698.95441,-0.90107,35.42769,7.804718098445043,2.9074628461630305,12.999999778243907
13.7206,10.74027,45.32949,3694.79862,-0.89187,35.47884,7.8828121709341685,2.9365549429439426,12.999999778243907
13.76086,10.76984,45.24378,3690.59682,-0.88102,35.53047,7.96027383846865,2.9654114522396737,12.999999778243907
13.80105,10.79942,45.1593,3686.34901,-0.86852,35.58259,8.036889705762887,2.9939528786915686,12.999999778243907
13.84116,10.82901,45.0762,3682.05531,-0.8544,35.63518,8.112442647003599,3.022098337221259,12.999999778243907
13.88121,10.8586,44.99463,3677.71596,-0.83868,35.68824,8.186712764520786,3.0497659101608137,12.999999778243907
13.92118,10.88821,44.91475,3673.33134,-0.82138,35.74176,8.259478432611505,3.0768730361045615,12.999999778243907
13.96108,10.91782,44.83671,3668.90195,-0.80255,35.79575,8.330517420415969,3.1033369282099863,12.999999778243907
14.0009,10.94744,44.76063,3664.42845,-0.78223,35.85018,8.399608086040754,3.1290750190400387,12.999999778243907
14.04064,10.97707,44.68667,3659.9116,-0.76045,35.90505,8.466530633,3.1540054284644543,12.999999778243907
14.08032,11.00671,44.61495,3655.35231,-0.73726,35.96035,8.531068415088003,3.1780474505395686,12.999999778243907
14.11991,11.03636,44.54561,3650.75163,-0.71272,36.01607,8.593009286082507,3.201122054747424,12.999999778243907
14.15942,11.06601,44.47876,3646.11074,-0.6869,36.07219,8.652146965904619,3.2231523964871625,12.999999778243907
14.19886,11.09568,44.41451,3641.43092,-0.65984,36.12871,8.70828242302124,3.2440643312758737,12.999999778243907
14.23822,11.12535,44.35299,3636.71362,-0.63163,36.18559,8.761225248499004,3.263786926775916,12.999999778243907
14.2775,11.15503,44.29428,3631.96038,-0.60233,36.24284,8.810795008179252,3.282252966515681,12.999999778243907
14.3167,11.18471,44.23847,3627.17287,-0.57203,36.30042,8.856822555700898,3.299399439025156,12.999999778243907
14.35582,11.2144,44.18567,3622.35286,-0.54079,36.35833,8.899151289445289,3.315168006080956,12.999999778243907
14.39486,11.2441,44.13593,3617.50224,-0.50872,36.41654,8.937638336704007,3.3295054438399876,12.999999778243907
14.43382,11.27381,44.08933,3612.623,-0.47589,36.47503,8.972155648991695,3.342364050872298,12.999999778243907
14.47269,11.30352,44.04593,3607.71719,-0.4424,36.53378,9.002590993304636,3.3537020174309724,12.999999778243907
14.51149,11.33323,44.00578,3602.78697,-0.40834,36.59278,9.028848825402461,3.3634837507725557,12.999999778243907
14.5502,11.36296,43.96891,3597.83458,-0.37381,36.65199,9.050851032703571,3.3716801519051334,12.999999778243907
14.58883,11.39269,43.93537,3592.86228,-0.33891,36.71141,9.06853753622126,3.378268839825388,12.999999778243907
14.62737,11.42242,43.90516,3587.87244,-0.30373,36.77099,9.08186674302414,3.3832343200719985,12.999999778243907
14.66583,11.45216,43.87831,3582.86742,-0.26839,36.83073,9.090815842919579,3.3865680952480397,12.999999778243907
14.70421,11.48191,43.85481,3577.84966,-0.23297,36.89059,9.09538094548995,3.3882687160705802,12.999999778243907
14.74251,11.51166,43.83466,3572.82159,-0.19759,36.95056,9.095577055989239,3.388341772391544,12.999999778243907
14.78072,11.54142,43.81784,3567.78567,-0.16234,37.01061,9.091437891206754,3.3867998246020874,12.999999778243907
14.81885,11.57118,43.80433,3562.74435,-0.12733,37.07071,9.08301553870467,3.3836622766896296,12.999999778243907
14.85689,11.60094,43.79408,3557.70008,-0.09265,37.13086,9.070379965356617,3.378955193155537,12.999999778243907
14.89485,11.63071,43.78705,3552.65528,-0.05841,37.19101,9.053618383156724,3.3727110627623063,12.999999778243907
14.93273,11.66049,43.78319,3547.61236,-0.0247,37.25116,9.032834482382246,3.3649685128664713,12.999999778243907
14.97052,11.69027,43.78244,3542.57369,0.00839,37.31127,9.00814754394281,3.3557719787453384,12.999999778243907
15.00822,11.72005,43.78472,3537.54156,0.04075,37.37133,8.97969144418301,3.3451713328597665,12.999999778243907
15.04585,11.74983,43.78996,3532.51825,0.07231,37.43132,8.947613566692674,3.333221479474863,12.999999778243907
15.08339,11.77962,43.79807,3527.50595,0.10298,37.49121,8.912073636482338,3.3199819203596705,12.999999778243907
15.12085,11.80941,43.80895,3522.50678,0.13267,37.55099,8.873242492474384,3.3055162975078187,12.999999778243907
15.15822,11.83921,43.8225,3517.52279,0.1613,37.61064,8.831300814500072,3.2898919189104223,12.999999778243907
15.19551,11.86901,43.83862,3512.55595,0.18881,37.67015,8.786437820920858,3.273179273385762,12.999999778243907
15.23272,11.89881,43.85719,3507.60812,0.21512,37.72949,8.73884995262248,3.2554515403324444,12.999999778243907
15.26984,11.92862,43.87809,3502.68108,0.24017,37.78865,8.688739558510164,3.236784100041786,12.999999778243907
15.30689,11.95843,43.90119,3497.77651,0.2639,37.84762,8.636313596791164,3.217254049891387,12.999999778243907
15.34385,11.98824,43.92638,3492.896,0.28624,37.90639,8.581782365248493,3.196939731338688,12.999999778243907
15.38073,12.01805,43.9535,3488.04101,0.30716,37.96494,8.525358272515424,3.17592027218839,12.999999778243907
15.41753,12.04787,43.98243,3483.21291,0.32659,38.02326,8.467254660973548,3.1542751480910125,12.999999778243907
15.45426,12.07769,44.01301,3478.41296,0.34451,38.08134,8.407684690516765,3.132083766715606,12.999999778243907
15.4909,12.10751,44.04512,3473.64232,0.36088,38.13917,8.346860290916569,3.1094250774782615,12.999999778243907
15.52746,12.13733,44.0786,3468.90202,0.37566,38.19676,8.284991189001984,3.086377209141035,12.999999778243907
15.56394,12.16716,44.1133,3464.19298,0.38883,38.25408,8.222284015455891,3.063017137070081,12.999999778243907
15.60035,12.19699,44.14908,3459.51605,0.40037,38.31113,8.158941494528218,3.039420381382491,12.999999778243907
15.63667,12.22682,44.18577,3454.87192,0.41026,38.36792,8.095161718658183,3.0156607367240027,12.999999778243907
15.67292,12.25665,44.22324,3450.26122,0.41849,38.42444,8.031137508688715,2.9918100339320266,12.999999778243907
15.7091,12.28649,44.26133,3445.68444,0.42505,38.48068,7.967055859221533,2.9679379334158282,12.999999778243907
15.74519,12.31633,44.29987,3441.14199,0.42994,38.53665,7.903097467594846,2.944111749688323,12.999999778243907
15.78121,12.34617,44.33874,3436.63418,0.43316,38.59234,7.839436344042138,2.920396306139968,12.999999778243907
15.81716,12.37601,44.37777,3432.16122,0.43472,38.64776,7.7762394998192885,2.8968538188579096,12.999999778243907
15.85303,12.40586,44.41681,3427.72321,0.43463,38.70291,7.713666709389128,2.8735438080334728,12.999999778243907
15.88883,12.43571,44.45572,3423.3202,0.4329,38.75779,7.651870342254732,2.850523035315634,12.999999778243907
15.92455,12.46556,44.49436,3418.95211,0.42955,38.81241,7.590995259562529,2.8278454652929645,12.999999778243907
15.9602,12.49541,44.53257,3414.6188,0.4246,38.86676,7.531178770350457,2.8055622491949146,12.999999778243907
15.99578,12.52526,44.57022,3410.32005,0.41807,38.92086,7.4725506420796215,2.783721728815134,12.999999778243907
16.03129,12.55512,44.60718,3406.05555,0.41,38.97472,7.41523316000573,2.7623694586288914,12.999999778243907
16.06672,12.58498,44.6433,3401.82493,0.40041,39.02833,7.3593412299008545,2.741548244059637,12.999999778243907
16.10209,12.61485,44.67845,3397.62773,0.38934,39.0817,7.304982518756556,2.7212981938946164,12.999999778243907
16.13738,12.64471,44.71252,3393.46345,0.37682,39.13486,7.252257628133402,2.7016567848621276,12.999999778243907
16.17261,12.67458,44.74537,3389.33151,0.36289,39.18779,7.20126029508095,2.6826589364794997,12.999999778243907
16.20776,12.70445,44.77688,3385.23126,0.3476,39.24052,7.152077615706926,2.6643370943384994,12.999999778243907
16.24285,12.73432,44.80694,3381.16202,0.33099,39.29305,7.104790286776889,2.6467213201075546,12.999999778243907
16.27787,12.7642,44.83544,3377.12303,0.3131,39.34539,7.059472860941206,2.629839386610527,12.999999778243907
16.31282,12.79408,44.86227,3373.11349,0.29398,39.39755,7.016194011548482,2.6137168764766763,12.999999778243907
16.3477,12.82396,44.88733,3369.13255,0.27368,39.44955,6.975016803252676,2.5983772829489333,12.999999778243907
16.38252,12.85385,44.91052,3365.17931,0.25225,39.5014,6.935998964950386,2.5838421115602177,12.999999778243907
16.41726,12.88374,44.93174,3361.25282,0.22975,39.5531,6.899193161887857,2.5701309815004634,12.999999778243907
16.45195,12.91363,44.95092,3357.3521,0.20623,39.60467,6.864647264075207,2.557261725607975,12.999999778243907
16.48656,12.94352,44.96797,3353.47613,0.18174,39.65613,6.832404608421852,2.5452504880217726,12.999999778243907
16.52111,12.97342,44.98281,3349.62386,0.15634,39.70748,6.80250425232204,2.5341118186488747,12.999999778243907
16.5556,13.00332,44.99537,3345.79417,0.13009,39.75874,6.774981216622173,2.5238587636760217,12.999999778243907
16.59002,13.03323,45.00558,3341.98595,0.10305,39.80993,6.749866716202528,2.5145029514674277,12.999999778243907
16.62438,13.06314,45.01338,3338.19803,0.07527,39.86104,6.727188376602291,2.506054673263313,12.999999778243907
16.65867,13.09305,45.01871,3334.42923,0.04682,39.91211,6.706970435361421,2.4985229581850383,12.999999778243907
16.6929,13.12296,45.02154,3330.67832,0.01776,39.96315,6.689233926906687,2.491915642110026,12.999999778243907
16.72706,13.15288,45.0218,3326.94406,-0.01185,40.01416,6.6739968500245626,2.486239430059814,12.999999778243907
16.76116,13.1828,45.01946,3323.22519,-0.04195,40.06516,6.661274317118068,2.481499951802157,12.999999778243907
16.7952,13.21273,45.01449,3319.5204,-0.07247,40.11617,6.651078684595419,2.477701810424233,12.999999778243907
16.82917,13.24266,45.00686,3315.82838,-0.10335,40.1672,6.643419663862953,2.474848623680426,12.999999778243907
16.86308,13.27259,44.99654,3312.14781,-0.13453,40.21826,6.638304412549022,2.4729430579756246,12.999999778243907
16.89692,13.30253,44.98352,3308.47731,-0.16594,40.26938,6.635737605664878,2.471986854874527,12.999999778243907
16.93071,13.33247,44.96779,3304.81552,-0.19752,40.32056,6.635721486564769,2.4719808500856177,12.999999778243907
16.96443,13.36241,44.94934,3301.16104,-0.2292,40.37183,6.638255897619121,2.472924984887732,12.999999778243907
16.99809,13.39236,44.92817,3297.51248,-0.26092,40.42319,6.643338290646473,2.474818310016229,12.999999778243907
17.03168,13.42231,44.90429,3293.8684,-0.29262,40.47465,6.6509637172348866,2.4776589820574624,12.999999778243907
17.06521,13.45227,44.87771,3290.22738,-0.32422,40.52625,6.661124799182931,2.481444252437265,12.999999778243907
17.09868,13.48223,44.84845,3286.58797,-0.35567,40.57798,6.6738116793768,2.486170449121389,12.999999778243907
17.13209,13.51219,44.81651,3282.94871,-0.3869,40.62987,6.6890119535230355,2.4918329511841453,12.999999778243907
17.16543,13.54216,44.78195,3279.30815,-0.41785,40.68193,6.706710583283747,2.498426156448985,12.999999778243907
17.19871,13.57213,44.74478,3275.66481,-0.44845,40.73418,6.726889791434608,2.5059434424321023,12.999999778243907
17.23193,13.60211,44.70505,3272.0172,-0.47864,40.78663,6.749528939797301,2.514377120869049,12.999999778243907
17.26508,13.63208,44.6628,3268.36386,-0.50835,40.83929,6.774604390854893,2.5237183861628276,12.999999778243907
17.29817,13.66207,44.61807,3264.7033,-0.53752,40.89218,6.802089354051964,2.5339572581266414,12.999999778243907
17.3312,13.69205,44.57093,3261.03404,-0.56609,40.94531,6.831953717945312,2.5450825194556184,12.999999778243907
17.36416,13.72204,44.52144,3257.3546,-0.594,40.99871,6.8641638695703096,2.557081648436025,12.999999778243907
17.39706,13.75204,44.46965,3253.6635,-0.62118,41.05237,6.898682502476252,2.5699407474333826,12.999999778243907
17.4299,13.78204,44.41564,3249.95927,-0.64758,41.10633,6.93546841515598,2.583644467802196,12.999999778243907
17.46267,13.81204,44.35948,3246.24045,-0.67314,41.16058,6.974476301725323,2.5981759319085427,12.999999778243907
17.49538,13.84204,44.30125,3242.50559,-0.6978,41.21515,7.015656536949044,2.613516653046578,12.999999778243907
17.52802,13.87205,44.24104,3238.75327,-0.7215,41.27005,7.058954957900218,2.6296464541009095,12.999999778243907
17.56059,13.90207,44.17893,3234.98205,-0.74419,41.32529,7.104312644771744,2.6465433858931213,12.999999778243907
17.59311,13.93208,44.11502,3231.19056,-0.76581,41.38089,7.151665703573312,2.664183646230668,12.999999778243907
17.62555,13.9621,44.04941,3227.3774,-0.78631,41.43685,7.200945053675281,2.682541500761388,12.999999778243907
17.65793,13.99212,43.98219,3223.54124,-0.80564,41.49319,7.252076223384973,2.7015892068202914,12.999999778243907
17.69024,14.02215,43.91347,3219.68076,-0.82374,41.54992,7.3049791569315214,2.7212969415263366,12.999999778243907
17.72249,14.05218,43.84336,3215.79468,-0.84059,41.60705,7.359568036469681,2.7416327354741648,12.999999778243907
17.75466,14.08221,43.77198,3211.88176,-0.85612,41.6646,7.415751122865794,2.762562413422688,12.999999778243907
17.78677,14.11225,43.69943,3207.94079,-0.87029,41.72257,7.473430619197184,2.784049543445017,12.999999778243907
17.81881,14.14228,43.62584,3203.97062,-0.88307,41.78097,7.532502561025893,2.806055396052544,12.999999778243907
17.85079,14.17233,43.55133,3199.97014,-0.89442,41.83982,7.592856737582525,2.828538914833848,12.999999778243907
17.88269,14.20237,43.47603,3195.93831,-0.9043,41.89911,7.654376648064495,2.8514567001746456,12.999999778243907
17.91452,14.23241,43.40006,3191.87412,-0.91268,41.95887,7.716939497210164,2.8747630076090385,12.999999778243907
17.94628,14.26246,43.32355,3187.77665,-0.91954,42.01909,7.7804162342572925,2.898409762332564,12.999999778243907
17.97798,14.29251,43.24663,3183.64503,-0.92484,42.07978,7.844671639279028,2.922346591364618,12.999999778243907
18.0096,14.32256,43.16943,3179.47847,-0.92857,42.14095,7.909564460630256,2.9465208747508402,12.999999778243907
18.04115,14.35262,43.09209,3175.27626,-0.93071,42.2026,7.974947607005724,2.9708778171098196,12.999999778243907
18.07262,14.38267,43.01474,3171.03776,-0.93124,42.26474,8.040668397190425,2.995360540671682,12.999999778243907
18.10403,14.41273,42.93752,3166.76241,-0.93016,42.32737,8.106568870168338,3.019910200801755,12.999999778243907
18.13536,14.44279,42.86056,3162.44975,-0.92745,42.39049,8.17248615766825,3.044466124783688,12.999999778243907
18.16663,14.47283,42.78424,3158.09872,-0.91741,42.4039,8.23797562520709,3.0688626745735035,0
18.19784,14.50285,42.70892,3153.7086,-0.90572,42.41732,8.302580980995668,3.092929869473964,0
18.22901,14.53284,42.63473,3149.27949,-0.89239,42.43075,8.366115110171785,3.1165980042756147,0
18.26013,14.56279,42.56181,3144.81164,-0.87747,42.44419,8.428390705175277,3.1397973019839363,0
18.2912,14.59272,42.49029,3140.30541,-0.86098,42.45764,8.489220688046558,3.162458071136665,0
18.32222,14.62262,42.42029,3135.76127,-0.84296,42.47109,8.548419163259295,3.184511060759035,0
18.35319,14.65249,42.35193,3131.17979,-0.82345,42.48456,8.605802411790576,3.2058878306810743,0
18.3841,14.68233,42.28533,3126.56166,-0.80251,42.49804,8.661189917968775,3.226521134065449,0
18.41496,14.71214,42.2206,3121.9077,-0.78018,42.51153,8.714405419684434,3.246345308638652,0
18.44577,14.74192,42.15784,3117.21882,-0.75653,42.52502,8.765277971644807,3.2652966727812918,0
18.47653,14.77167,42.09716,3112.49605,-0.73162,42.53853,8.813643010714031,3.283313922395344,0
18.50724,14.80138,42.03864,3107.74052,-0.70551,42.55204,8.859343411698328,3.300338524211912,0
18.53789,14.83107,41.98238,3102.95346,-0.67828,42.56555,8.902230521657524,3.316315101099489,0
18.56849,14.86072,41.92847,3098.13623,-0.65001,42.57908,8.942165160558528,3.3311918048337006,0
18.59903,14.89033,41.87697,3093.29023,-0.62078,42.59261,8.979018576143952,3.3449206718109936,0
18.62952,14.91992,41.82795,3088.41701,-0.59067,42.60614,9.01267334114039,3.3574579572823278,0
18.65996,14.94947,41.78147,3083.51816,-0.55976,42.61968,9.043024181371482,3.3687644438470787,0
18.69034,14.97898,41.73759,3078.59536,-0.52816,42.63323,9.069978724077385,3.378805720221729,0
18.72066,15.00847,41.69635,3073.65037,-0.49595,42.64679,9.093458156603527,3.3875524266187678,0
18.75093,15.03791,41.65779,3068.68501,-0.46322,42.66034,9.113397786768255,3.394980463498374,0
18.78115,15.06733,41.62193,3063.70116,-0.43009,42.67391,9.129747497494915,3.4010711609308344,0
18.81131,15.09671,41.5888,3058.70073,-0.39665,42.68747,9.142472089706404,3.4058114063337843,0
18.84141,15.12605,41.55841,3053.6857,-0.36299,42.70105,9.15155150911007,3.4091937289555516,0
18.87146,15.15536,41.53076,3048.65805,-0.32923,42.71462,9.156980954060812,3.411216340056998,0
18.90145,15.18463,41.50585,3043.61982,-0.29546,42.7282,9.15877086350764,3.411883128421293,0
18.93139,15.21387,41.48367,3038.57304,-0.26178,42.74179,9.15694678564073,3.4112036114214925,0
18.96127,15.24307,41.4642,3033.51976,-0.2283,42.75537,9.151549129645469,3.4091928425423803,0
18.9911,15.27224,41.4474,3028.46202,-0.19512,42.76897,9.14263280453098,3.4058712768346004,0
19.02086,15.30137,41.43324,3023.40186,-0.16233,42.78256,9.13026675061429,3.4012645963801726,0
19.05058,15.33046,41.42169,3018.34129,-0.13004,42.79616,9.114533370590076,3.39540349835101,0
19.08023,15.35952,41.41267,3013.28232,-0.09834,42.80977,9.095527868416296,3.388323448726419,0
19.10983,15.38854,41.40615,3008.22689,-0.06733,42.82337,9.073357505296041,3.3800644051267623,0
19.13938,15.41753,41.40205,3003.17694,-0.03709,42.83698,9.048140782945314,3.37067051255922,0
19.16886,15.44648,41.40029,2998.13433,-0.00771,42.8506,9.020006564975668,3.3601897761097,0
19.19829,15.47539,41.40081,2993.10089,0.02072,42.86422,8.989093147724997,3.348673714802865,0
19.22767,15.50427,41.40351,2988.07837,0.04813,42.87784,8.955547292041533,3.336177000916191,0
19.25699,15.53312,41.40831,2983.06849,0.07443,42.89147,8.91952322763954,3.3227570890762688,0
19.28625,15.56192,41.4151,2978.07287,0.09956,42.9051,8.88118164143551,3.308473839387419,0
19.31546,15.59069,41.4238,2973.09305,0.12344,42.91873,8.840688660907274,3.2933891387062104,0
19.34462,15.61943,41.43428,2968.13053,0.14602,42.93237,8.798214843054392,3.277566524002606,0
19.37371,15.64813,41.44645,2963.1867,0.16724,42.94602,8.753934178812184,3.261070811477986,0
19.40276,15.67679,41.46019,2958.26287,0.18703,42.95967,8.70802312204406,3.2439677348392544,0
19.43175,15.70542,41.47538,2953.36028,0.20536,42.97332,8.66065965132079,3.22632359578692,0
19.46068,15.73401,41.49191,2948.48005,0.22218,42.98698,8.6120223717237,3.208204929413159,0
19.48956,15.76257,41.50964,2943.62324,0.23745,43.00065,8.56228966294813,3.189678186847938,0
19.51839,15.7911,41.52846,2938.79081,0.25114,43.01432,8.511638878939339,3.170809437102328,0
19.54716,15.81959,41.54825,2933.98363,0.26322,43.028,8.460245603207053,3.1516640896535835,0
19.57588,15.84804,41.56886,2929.20248,0.27366,43.04168,8.40828296303438,3.132306638969914,0
19.60454,15.87646,41.59017,2924.44805,0.28245,43.05537,8.355921004748705,3.112800431782462,0
19.63315,15.90485,41.61206,2919.72093,0.28957,43.06907,8.303326131309776,3.0932074575720536,0
19.66171,15.93321,41.6344,2915.02163,0.29501,43.08277,8.25066060260695,3.0735881624167933,0
19.69022,15.96153,41.65705,2910.35058,0.29878,43.09648,8.198082098046145,3.054001286044178,0
19.71868,15.98981,41.67989,2905.7081,0.30086,43.1102,8.145743340288288,3.0345037216637794,0
19.74708,16.01807,41.70278,2901.09445,0.30127,43.12393,8.093791778371866,3.0151503979220506,0
19.77543,16.04629,41.72561,2896.50981,0.30001,43.13766,8.04236932788074,2.995994182108004,0
19.80373,16.07448,41.74824,2891.95424,0.2971,43.15141,7.991612165381723,2.9770858035757994,0
19.83198,16.10264,41.77055,2887.42777,0.29256,43.16516,7.941650573937911,2.9584737961943923,0
19.86018,16.13076,41.79243,2882.93032,0.2864,43.17892,7.892608836239654,2.9402044585360128,0
19.88833,16.15886,41.81375,2878.46176,0.27866,43.19269,7.84460517164725,2.922321830422912,0
19.91643,16.18692,41.83439,2874.02186,0.26936,43.20647,7.797751713279235,2.9048676843921415,0
19.94448,16.21495,41.85424,2869.61036,0.25852,43.22026,7.752154521232954,2.8878815306205747,0
19.97248,16.24295,41.8732,2865.22691,0.2462,43.23405,7.707913627950393,2.8714006338248614,0
20.00043,16.27092,41.89114,2860.87108,0.23243,43.24786,7.665123111776742,2.8554600406639348,0
20.02834,16.29886,41.90798,2856.54241,0.21724,43.26168,7.623871194852445,2.840092616206376,0
20.05619,16.32677,41.9236,2852.24038,0.20069,43.27551,7.5842403615595515,2.825329088054793,0
20.084,16.35465,41.93792,2847.96439,0.18281,43.28935,7.546307493876242,2.8111980967689427,0
20.11175,16.3825,41.95083,2843.7138,0.16367,43.3032,7.510144020192287,2.7977262513034113,0
20.13946,16.41032,41.96226,2839.48792,0.1433,43.31706,7.475816074268046,2.784938188224014,0
20.16713,16.43811,41.97211,2835.28601,0.12178,43.33094,7.443384661289087,2.7728566335675198,0
20.19474,16.46588,41.98031,2831.10729,0.09914,43.34482,7.412905828094336,2.761502466256109,0
20.22231,16.49361,41.98678,2826.95092,0.07545,43.35872,7.384430834948804,2.750894782087238,0
20.24983,16.52132,41.99146,2822.81603,0.05077,43.37263,7.358006326381481,2.741050957375245,0
20.27731,16.54899,41.99427,2818.7017,0.02516,43.38655,7.33367449889042,2.7319867114259133,0
20.30474,16.57664,41.99515,2814.60699,-0.00133,43.40048,7.311473263464004,2.7237161670799126,0
20.33212,16.60426,41.99405,2810.5309,-0.02861,43.41443,7.291436401144256,2.7162519086642294,0
20.35946,16.63185,41.99092,2806.47241,-0.05664,43.42839,7.273593709998791,2.7096050367430857,0
20.38675,16.65942,41.98572,2802.43047,-0.08533,43.44236,7.257971142116503,2.7037852191524325,0
20.41399,16.68695,41.97839,2798.40399,-0.11464,43.45634,7.244590929400984,2.6988007378613177,0
20.4412,16.71446,41.96891,2794.39187,-0.14448,43.47033,7.233471697108697,2.694658531267831,0
20.46835,16.74195,41.95724,2790.39296,-0.17479,43.48434,7.224628564298543,2.6913642316192203,0
20.49546,16.7694,41.94336,2786.40609,-0.2055,43.49836,7.218073230464754,2.688922197284922,0
20.52253,16.79683,41.92725,2782.43008,-0.23654,43.5124,7.213814047827097,2.687335539686554,0
20.54955,16.82423,41.9089,2778.46372,-0.26784,43.52644,7.211856078887774,2.6866061447393927,0
20.57652,16.8516,41.88829,2774.50577,-0.29932,43.5405,7.212201139013443,2.686734688715283,0
20.60345,16.87895,41.86541,2770.555,-0.33092,43.55457,7.214847823941424,2.6877206484894276,0
20.63034,16.90626,41.84028,2766.61013,-0.36257,43.56866,7.219791522259472,2.6895623061894316,0
20.65718,16.93356,41.8129,2762.66989,-0.39419,43.58276,7.227024413026828,2.6922567483090813,0
20.68398,16.96082,41.78327,2758.73298,-0.42572,43.59687,7.236535448858334,2.695799859406731,0
20.71073,16.98806,41.75141,2754.79811,-0.45707,43.61099,7.248310324917946,2.700186310554572,0
20.73744,17.01527,41.71735,2750.86395,-0.48819,43.62512,7.262331434400101,2.7054095427542686,0
20.7641,17.04245,41.6811,2746.9292,-0.51899,43.63927,7.2785778112254285,2.7114617455896037,0
20.79072,17.06961,41.64271,2742.99252,-0.54942,43.65343,7.297025060822399,2.718333831440824,0
20.8173,17.09674,41.60221,2739.05259,-0.57939,43.6676,7.31764527997895,2.7260154056272583,0
20.84383,17.12384,41.55963,2735.10808,-0.60885,43.68178,7.340406966910232,2.734494732905188,0
20.87031,17.15092,41.51503,2731.15767,-0.63772,43.69598,7.365274922858473,2.743758700811208,0
20.89676,17.17796,41.46846,2727.20003,-0.66593,43.71018,7.3922101466394015,2.7537927803779945,0
20.92315,17.20498,41.41996,2723.23384,-0.69342,43.7244,7.421169723745843,2.764580984822475,0
20.9495,17.23198,41.36961,2719.25779,-0.72013,43.73863,7.452106711750911,2.7761058268555083,0
20.97581,17.25894,41.31746,2715.2706,-0.74599,43.75287,7.484970023907429,2.7883482753195947,0
21.00208,17.28588,41.26358,2711.27096,-0.77094,43.76712,7.519704312999319,2.801287711920473,0
21.02829,17.31279,41.20804,2707.25761,-0.79491,43.78138,7.556249857625476,2.814901888864867,0
21.05447,17.33967,41.15092,2703.22932,-0.81786,43.79565,7.594542453282186,2.8291668882858207,0
21.08059,17.36652,41.09231,2699.18484,-0.83972,43.80993,7.634513310689348,2.844057084366543,0
21.10668,17.39335,41.03228,2695.12298,-0.86043,43.82422,7.676088963974331,2.859545109136473,0
21.13271,17.42014,40.97092,2691.04257,-0.87996,43.83852,7.719191191407494,2.875601822943184,0
21.1587,17.44691,40.90833,2686.94247,-0.89823,43.85283,7.763736951475892,2.8921962906381498,0
21.18465,17.47365,40.84459,2682.82158,-0.91521,43.86714,7.809638337170989,2.909295764547718,0
21.21055,17.50035,40.7798,2678.67882,-0.93085,43.88147,7.8568025513653375,2.926865675300274,0
21.2364,17.52703,40.71407,2674.51318,-0.94512,43.8958,7.90513190621847,2.944869631604924,0
21.26221,17.55368,40.64749,2670.32368,-0.95796,43.91014,7.954523849460923,2.963269430042978,0
21.28797,17.5803,40.58017,2666.10938,-0.96934,43.92449,8.004871020418332,2.982025075938408,0
21.31368,17.60689,40.51222,2661.86942,-0.97924,43.93884,8.056061338470705,3.001094816311247,0
21.33935,17.63344,40.44373,2657.60297,-0.98762,43.95321,8.107978126513204,3.0204351858699834,0
21.36496,17.65997,40.37483,2653.30927,-0.99445,43.96757,8.160500271795751,3.0400010669285455,0
21.39054,17.68647,40.30562,2648.98762,-0.99972,43.98195,8.21350242625152,3.0597457640339334,0
21.41606,17.71293,40.23622,2644.63739,-1.0034,43.99632,8.266855248102132,3.0796210939705166,0
21.44153,17.73936,40.16672,2640.25802,-1.00549,44.01071,8.320425686227273,3.099577491695189,0
21.46696,17.76576,40.09726,2635.84902,-1.00597,44.0251,8.374077308286571,3.1195641325714143,0
21.49234,17.79213,40.02793,2631.40997,-1.00484,44.03949,8.427670673200701,3.1395290711282255,0
21.51767,17.81846,39.95886,2626.94054,-1.0021,44.05388,8.4810637480234,3.1594193963560295,0
21.54295,17.84476,39.89014,2622.44046,-0.99775,44.06828,8.534112368703138,3.1791814033524464,0
21.56818,17.87103,39.8219,2617.90957,-0.9918,44.08268,8.58667074364854,3.198760780913682,0
21.59336,17.89726,39.75423,2613.34778,-0.98426,44.09709,8.638591998344436,3.2181028144183337,0
21.6185,17.92346,39.68726,2608.75508,-0.97516,44.11149,8.689728758666078,3.2371526031272864,0
21.64358,17.94963,39.62107,2604.13155,-0.96452,44.1259,8.7399337698308,3.2558552907594907,0
21.66861,17.97576,39.55578,2599.47738,-0.95236,44.14031,8.789060547306098,3.2741563079723486,0
21.69359,18.00185,39.49149,2594.79282,-0.93872,44.15471,8.836964055311395,3.2920016251214745,0
21.71852,18.02791,39.42828,2590.07823,-0.92364,44.16912,8.883501407943236,3.3093380134482766,0
21.7434,18.05393,39.36626,2585.33404,-0.90716,44.18353,8.928532587398118,3.3261133126368603,0
21.76823,18.07992,39.30552,2580.56079,-0.88933,44.19794,8.971921173172058,3.3422767024600524,0
21.793,18.10587,39.24613,2575.75909,-0.87019,44.21235,9.01353507574417,3.3577789760958376,0
21.81773,18.13178,39.18819,2570.92965,-0.84981,44.22676,9.053247267789471,3.372572812523372,0
21.8424,18.15766,39.13176,2566.07326,-0.82825,44.24116,9.090936505750987,3.3866130453275693,0
21.86702,18.1835,39.07693,2561.19078,-0.80558,44.25556,9.126488034374754,3.3998569251569375,0
21.89158,18.2093,39.02376,2556.28318,-0.78185,44.26997,9.159794266771424,3.4122643730644135,0
21.9161,18.23506,38.97231,2551.35146,-0.75716,44.28436,9.19075543259182,3.4237982219698115,0
21.94056,18.26078,38.92263,2546.39674,-0.73156,44.29876,9.219280187110774,3.4344244435595837,0
21.96496,18.28647,38.87479,2541.42018,-0.70515,44.31315,9.245286174281214,3.4441123580392765,0
21.98932,18.31211,38.82882,2536.423,-0.67801,44.32754,9.268700537268757,3.4528348243211044,0
22.01362,18.33772,38.78476,2531.40651,-0.65022,44.34193,9.289460370476133,3.4605684084149377,0
22.03786,18.36329,38.74265,2526.37204,-0.62187,44.35631,9.307513107766141,3.4672935280515707,0
22.06205,18.38881,38.70251,2521.32099,-0.59305,44.37068,9.322816842264423,3.47299457181767,0
22.08619,18.4143,38.66436,2516.2548,-0.56386,44.38506,9.335340574031735,3.4776599914202073,0
22.11028,18.43975,38.62822,2511.17494,-0.53438,44.39942,9.345064382725356,3.4812823660073864,0
22.1343,18.46516,38.5941,2506.08293,-0.50472,44.41379,9.351979523363271,3.4838584378433106,0
22.15828,18.49052,38.56199,2500.98028,-0.47496,44.42815,9.35608844426531,3.4853891189915354,0
22.1822,18.51585,38.5319,2495.86857,-0.44521,44.4425,9.357404727241159,3.4858794690335295,0
22.20606,18.54113,38.50381,2490.74934,-0.41556,44.45685,9.355952951105525,3.4853386442244756,0
22.22988,18.56638,38.4777,2485.62419,-0.3861,44.47119,9.351768480526223,3.483779818833639,0
22.25363,18.59158,38.45355,2480.49468,-0.35693,44.48553,9.34489718318001,3.4812200797774606,0
22.27733,18.61674,38.43133,2475.36239,-0.32814,44.49986,9.335395078981392,3.4776802959480664,0
22.30098,18.64186,38.41101,2470.22887,-0.29982,44.51419,9.323327926004248,3.4731849639581776,0
22.32457,18.66694,38.39254,2465.09567,-0.27206,44.52851,9.308770748305742,3.4677620322430864,0
22.34811,18.69198,38.37588,2459.96431,-0.24496,44.54282,9.291807311562986,3.461442705721527,0
22.37159,18.71697,38.36097,2454.83629,-0.21858,44.55714,9.272529552787729,3.4542612333493827,0
22.39502,18.74192,38.34776,2449.71306,-0.19302,44.57144,9.251036970830128,3.446254681066312,0
22.41839,18.76684,38.33619,2444.59606,-0.16836,44.58574,9.227435984588816,3.437462692712101,0
22.44171,18.79171,38.32619,2439.48667,-0.14467,44.60003,9.2018392659372,3.4279272415241726,0
22.46497,18.81654,38.31769,2434.38623,-0.12201,44.61432,9.174365054471863,3.4176923748633254,0
22.48818,18.84133,38.31061,2429.29601,-0.10047,44.62861,9.145136460963574,3.4068039547309072,0
22.51134,18.86607,38.30488,2424.21727,-0.0801,44.64289,9.114280766336291,3.395309396620058,0
22.53444,18.89078,38.30041,2419.15117,-0.06096,44.65716,9.081928722558226,3.383257409079225,0
22.55749,18.91544,38.29713,2414.09884,-0.04311,44.67143,9.048213861572702,3.3706977362707367,0
22.58048,18.94007,38.29494,2409.06133,-0.0266,44.6857,9.013271817894939,3.3576809056202688,0
22.60342,18.96465,38.29374,2404.03964,-0.01147,44.69996,8.977239670016667,3.3442579824727434,0
22.62631,18.98919,38.29346,2399.0347,0.00223,44.71422,8.940255305215056,3.3304803334669386,0
22.64914,19.01369,38.29399,2394.04735,0.01447,44.72847,8.902456811806488,3.3163994001340305,0
22.67192,19.03815,38.29524,2389.07841,0.02521,44.74272,8.86398190225774,3.302066483991325,0
22.69465,19.06257,38.29711,2384.12858,0.03443,44.75697,8.824967370019559,3.2875325441984784,0
22.71733,19.08695,38.29951,2379.19853,0.04211,44.77121,8.785548582306108,3.272848008604492,0
22.73995,19.11128,38.30233,2374.28884,0.04822,44.78545,8.74585901050161,3.2580625988118324,0
22.76252,19.13558,38.30547,2369.40002,0.05276,44.79969,8.706029799283218,3.2432251696633636,0
22.78504,19.15984,38.30884,2364.53251,0.05571,44.81392,8.66618937506751,3.2283835633783617,0
22.8075,19.18406,38.31233,2359.68669,0.05708,44.82815,8.62646309384194,3.2135844783604703,0
22.82992,19.20824,38.31586,2354.86286,0.05685,44.84238,8.586972928029837,3.1988733525466646,0
22.85228,19.23238,38.31931,2350.06126,0.05505,44.85661,8.547837191621941,3.184294261011526,0
22.8746,19.25648,38.3226,2345.28207,0.05167,44.87084,8.509170302437644,3.16988982740329,0
22.89686,19.28054,38.32563,2340.52538,0.04674,44.88506,8.471082580052256,3.1557011486664432,0
22.91907,19.30456,38.3283,2335.79123,0.04026,44.89929,8.433680077710838,3.1417677324252002,0
22.94123,19.32855,38.33052,2331.07961,0.03227,44.91351,8.397064446241338,3.128127446287565,0
22.96334,19.35249,38.3322,2326.39043,0.02278,44.92773,8.36133282789971,3.1148164782998475,0
22.9854,19.3764,38.33327,2321.72354,0.01183,44.94195,8.326577777864369,3.101869307701281,0
23.00741,19.40027,38.33361,2317.07874,-0.00055,44.95617,8.292887211042498,3.0893186851079704,0
23.02938,19.4241,38.33317,2312.45578,-0.01433,44.97039,8.260344371806909,3.07719562123908,0
23.05129,19.44789,38.33185,2307.85433,-0.02946,44.98461,8.229027824210638,3.065529383271511,0
23.07315,19.47165,38.32958,2303.27404,-0.04591,44.99884,8.199011460285778,3.0543474979314342,0
23.09497,19.49537,38.32629,2298.71448,-0.06362,45.01306,8.17036452402663,3.0436757604286444,0
23.11673,19.51905,38.3219,2294.17518,-0.08255,45.02728,8.143151648746354,3.0335382483729005,0
23.13845,19.54269,38.31635,2289.65563,-0.10265,45.0415,8.117432905556681,3.023957339833888,0
23.16012,19.5663,38.30958,2285.15527,-0.12386,45.05573,8.093263860811156,3.0149537347403395,0
23.18174,19.58987,38.30152,2280.67349,-0.14613,45.06995,8.070695640488037,3.0065464788643625,0
23.20332,19.61341,38.29211,2276.20966,-0.1694,45.08418,8.049774999583128,2.9987529896720937,0
23.22485,19.6369,38.28131,2271.76307,-0.19361,45.09841,8.030544394725329,2.991589083374897,0
23.24632,19.66037,38.26907,2267.33301,-0.21869,45.11264,8.01304205837445,2.9850690025700106,0
23.26776,19.68379,38.25533,2262.91872,-0.24459,45.12687,7.997302073088744,2.9792054439071465,0
23.28914,19.70718,38.24007,2258.5194,-0.27125,45.14111,7.98335444449962,2.9740095852735036,0
23.31048,19.73053,38.22325,2254.13422,-0.29858,45.15534,7.971225171796306,2.969491112051147,0
23.33177,19.75385,38.20482,2249.76234,-0.32653,45.16958,7.960936314637277,2.9656582420432835,0
23.35302,19.77713,38.18477,2245.40285,-0.35502,45.18382,7.9525060555977545,2.9625177487375964,0
23.37422,19.80038,38.16308,2241.05486,-0.38399,45.19806,7.945948757384426,2.960074982620232,0
23.39537,19.82359,38.13971,2236.71741,-0.41337,45.2123,7.941275014189269,2.9583338903064518,0
23.41647,19.84677,38.11466,2232.38956,-0.44307,45.22655,7.938491696721028,2.9572970313160414,0
23.43753,19.86991,38.08792,2228.07031,-0.47304,45.2408,7.937601990590436,2.956965592372819,0
23.45855,19.89301,38.05947,2223.75867,-0.5032,45.25505,7.93860542785898,2.957339399157375,0
23.47952,19.91608,38.02933,2219.45362,-0.53347,45.2693,7.941497911683455,2.958416925487822,0
23.50044,19.93912,37.99748,2215.15413,-0.56379,45.28355,7.946271734183946,2.960195299976084,0
23.52132,19.96211,37.96394,2210.85915,-0.59407,45.29781,7.952915587707572,2.9626703102239422,0
23.54215,19.98508,37.92872,2206.56761,-0.62425,45.31207,7.9614145698790395,2.965836404704493,0
23.56293,20.00801,37.89182,2202.27847,-0.65426,45.32633,7.971750182887707,2.9696866924965675,0
23.58367,20.0309,37.85328,2197.99063,-0.68402,45.34059,7.983900327625256,2.9742129411008524,0
23.60436,20.05375,37.81311,2193.70303,-0.71345,45.35486,7.9978392934010545,2.979405572608599,0
23.62501,20.07658,37.77134,2189.41458,-0.7425,45.36912,8.013537744067463,2.985253658532933,0
23.64561,20.09936,37.72801,2185.12419,-0.77109,45.38339,8.030962701515843,2.991744913660678,0
23.66617,20.12211,37.68314,2180.83079,-0.79914,45.39766,8.050077527607593,2.998865689321198,0
23.68668,20.14483,37.63677,2176.53331,-0.8266,45.41193,8.070841905698265,3.006600966503642,0
23.70715,20.16751,37.58895,2172.23066,-0.85339,45.4262,8.093211823046774,3.0149343493039114,0
23.72757,20.19015,37.53973,2167.9218,-0.87945,45.44047,8.11713955542637,3.0238480591918404,0
23.74794,20.21276,37.48915,2163.60567,-0.90473,45.45474,8.142573655404732,3.0333229306452263,0
23.76827,20.23533,37.43726,2159.28124,-0.92914,45.46901,8.169458945795736,3.0433384087104396,0
23.78855,20.25787,37.38412,2154.94748,-0.95264,45.48328,8.197736519840793,3.0538725490699754,0
23.80879,20.28037,37.32979,2150.6034,-0.97517,45.49756,8.227343749759545,3.0649020212278133,0
23.82898,20.30283,37.27434,2146.24802,-0.99667,45.51183,8.258214305292125,3.0764021154169,0
23.84913,20.32525,37.21782,2141.88038,-1.01709,45.5261,8.29027818394353,3.0883467538659697,0
23.86922,20.34764,37.1603,2137.49956,-1.03638,45.54037,8.32346175455461,3.1007085070308884,0
23.88928,20.37,37.10186,2133.10465,-1.05449,45.55464,8.35768781588324,3.1134586154176747,0
23.90928,20.39231,37.04256,2128.69481,-1.07138,45.56891,8.39287567178326,3.126567017588642,0
23.92924,20.41459,36.98248,2124.26918,-1.087,45.58317,8.428941224544511,3.140002384934012,0
23.94915,20.43683,36.92169,2119.82699,-1.10132,45.59744,8.465797087822732,3.153732163741276,0
23.96902,20.45903,36.86027,2115.36748,-1.1143,45.6117,8.503352720533494,3.1677226250742017,0
23.98884,20.4812,36.7983,2110.88993,-1.12591,45.62596,8.54151458289444,3.1819389229026838,0
24.00861,20.50333,36.73586,2106.3937,-1.13612,45.64021,8.580186315637922,3.1963451608641567,0
24.02834,20.52542,36.67303,2101.87815,-1.14491,45.65446,8.619268943283895,3.210904467988105,0
24.04802,20.54747,36.60989,2097.34274,-1.15226,45.66871,8.658661102033877,3.225579083592548,0
24.06765,20.56948,36.54653,2092.78693,-1.15815,45.68296,8.698259292715056,3.24033045151239,0
24.08723,20.59145,36.48302,2088.21028,-1.16256,45.69719,8.737958158847942,3.2551193236869227,0
24.10676,20.61338,36.41945,2083.61239,-1.1655,45.71143,8.777650789668986,3.269905873043734,0
24.12625,20.63527,36.35591,2078.9929,-1.16696,45.72566,8.817229047612159,3.284649815494205,0
24.14569,20.65713,36.29246,2074.35155,-1.16693,45.73988,8.856583919417274,3.2993105407306076,0
24.16508,20.67894,36.2292,2069.6881,-1.16543,45.7541,8.895605889709028,3.313847251394118,0
24.18442,20.70071,36.1662,2065.0024,-1.16247,45.76831,8.934185335556656,3.3282191100586713,0
24.20372,20.72244,36.10354,2060.29437,-1.15805,45.78252,8.972212940121036,3.3423853933253964,0
24.22296,20.74414,36.04131,2055.56396,-1.1522,45.79671,9.009580123233802,3.356305652224663,0
24.24216,20.76579,35.97957,2050.81122,-1.14494,45.8109,9.046179486349347,3.3699398779724032,0
24.2613,20.78739,35.91839,2046.03626,-1.13631,45.82509,9.081905269022766,3.3832486720201675,0
24.2804,20.80896,35.85786,2041.23924,-1.12633,45.83926,9.116653813773768,3.3961934192291543,0
24.29945,20.83048,35.79804,2036.4204,-1.11503,45.85343,9.150324035910778,3.408736462892052,0
24.31845,20.85197,35.739,2031.58005,-1.10247,45.86758,9.182817894682836,3.420841280249524,0
24.3374,20.87341,35.6808,2026.71854,-1.08869,45.88173,9.21404086190607,3.4324726570658894,0
24.35629,20.8948,35.6235,2021.83631,-1.07374,45.89587,9.243902384094186,3.4435968597848983,0
24.37514,20.91616,35.56715,2016.93386,-1.05767,45.91,9.272316334011897,3.454181803745262,0
24.39394,20.93747,35.51182,2012.01174,-1.04054,45.92412,9.29920144754004,3.464197215924405,0
24.41269,20.95873,35.45756,2007.07057,-1.02242,45.93822,9.324481741754079,3.473614790683708,0
24.43138,20.97995,35.4044,2002.11101,-1.00336,45.95232,9.348086910219623,3.4824083370264862,0
24.45003,21.00113,35.35239,1997.13379,-0.98344,45.96641,9.369952691587882,3.490553915909496,0
24.46862,21.02227,35.30158,1992.13969,-0.96273,45.98048,9.390021207869331,3.498029966258778,0
24.48717,21.04336,35.25199,1987.12954,-0.9413,45.99455,9.408241268945746,3.504817418408401,0
24.50566,21.0644,35.20365,1982.1042,-0.91924,46.0086,9.424568640203491,3.5108997938009034,0
24.5241,21.0854,35.1566,1977.06461,-0.89661,46.02264,9.438966270566043,3.516263289935409,0
24.54249,21.10636,35.11085,1972.0117,-0.87351,46.03667,9.451404478596444,3.5208968496956827,0
24.56083,21.12726,35.06641,1966.94647,-0.85001,46.05068,9.461861094759925,3.5247922143467085,0
24.57911,21.14813,35.02331,1961.86994,-0.82621,46.06468,9.470321558463164,3.5279439596843627,0
24.59735,21.16895,34.98155,1956.78317,-0.80218,46.07867,9.476778968927022,3.530349514986846,0
24.61553,21.18972,34.94113,1951.68722,-0.77801,46.09265,9.481234089531267,3.532009164633204,0
24.63366,21.21044,34.90204,1946.58318,-0.75379,46.10661,9.48369530569264,3.532926032411811,0
24.65174,21.23112,34.8643,1941.47218,-0.72961,46.12057,9.484178536953893,3.533106048771207,0
24.66977,21.25175,34.82787,1936.35531,-0.70555,46.1345,9.482707104377745,3.5325579014208706,0
24.68774,21.27234,34.79276,1931.23372,-0.68171,46.14843,9.479311554851176,3.531292969879939,0
24.70567,21.29288,34.75893,1926.10853,-0.65815,46.16234,9.474029444347256,3.5293252447365373,0
24.72354,21.31337,34.72638,1920.98087,-0.63498,46.17624,9.466905082606981,3.5266712325350453,0
24.74136,21.33382,34.69506,1915.85186,-0.61227,46.19012,9.457989242035966,3.5233498473324585,0
24.75912,21.35422,34.66495,1910.72261,-0.5901,46.20399,9.447338833977152,3.5193822901014484,0
24.77684,21.37457,34.63601,1905.59422,-0.56856,46.21785,9.435016555740765,3.514791917239742,0
24.7945,21.39488,34.6082,1900.46778,-0.54772,46.23169,9.421090512002408,3.50960409953094,0
24.81212,21.41514,34.58149,1895.34435,-0.52765,46.24552,9.405633814344963,3.5038460729633503,0
24.82967,21.43535,34.55583,1890.22497,-0.50842,46.25934,9.388724162754565,3.4975467828262166,0
24.84718,21.45551,34.53116,1885.11066,-0.49011,46.27314,9.370443413021556,3.490736722555197,0
24.86464,21.47563,34.50743,1880.00238,-0.47277,46.28694,9.350877133863978,3.483447768749211,0
24.88204,21.4957,34.4846,1874.90111,-0.45648,46.30071,9.33011415761666,3.4757130137903,0
24.8994,21.51573,34.4626,1869.80774,-0.44128,46.31448,9.308246128169111,3.4675665974386045,0
24.9167,21.5357,34.44138,1864.72316,-0.42723,46.32823,9.285367049662357,3.459043538710053,0
24.93395,21.55563,34.42087,1859.64821,-0.41438,46.34197,9.26157283931115,3.450179569290875,0
24.95115,21.57552,34.40101,1854.58367,-0.40278,46.3557,9.236960887442772,3.441010969640476,0
24.9683,21.59535,34.38174,1849.53031,-0.39247,46.36941,9.211629627586754,3.4315744088385505,0
24.98539,21.61514,34.36298,1844.48883,-0.38348,46.38311,9.185678119201105,3.4219067891396153,0
25.00244,21.63489,34.34468,1839.45988,-0.37586,46.3968,9.159205645306983,3.4120450960813464,0
25.01944,21.65458,34.32676,1834.44409,-0.36962,46.41048,9.13231132700537,3.402026254881893,0
25.03638,21.67423,34.30915,1829.44201,-0.36479,46.42415,9.105093756533488,3.3918869937437375,0
25.05328,21.69384,34.29179,1824.45416,-0.36139,46.4378,9.077650650222921,3.381663714571467,0
25.07012,21.7134,34.27461,1819.48101,-0.35944,46.45144,9.050078522425775,3.3713923715006864,0
25.08692,21.73291,34.25753,1814.52297,-0.35895,46.46508,9.022472381155918,3.361108357516372,0
25.10366,21.75237,34.24048,1809.5804,-0.35992,46.4787,8.994925445951983,3.35084639934942,0
25.12036,21.77179,34.2234,1804.65363,-0.36236,46.49231,8.967528888167857,3.3406404607280136,0
25.137,21.79116,34.20622,1799.7429,-0.36626,46.50591,8.940371593679417,3.3305236539796472,0
25.1536,21.81049,34.18886,1794.84845,-0.37162,46.5195,8.913539947758709,3.32052815989109,0
25.17014,21.82978,34.17127,1789.97042,-0.37843,46.53307,8.887117641686372,3.310685155666431,0
25.18664,21.84901,34.15337,1785.10894,-0.38667,46.54664,8.861185500447169,3.3010247507391277,0
25.20309,21.8682,34.13511,1780.26407,-0.39632,46.5602,8.83582133076027,3.291575930159288,0
25.21949,21.88735,34.11641,1775.43583,-0.40736,46.57375,8.811099788508606,3.282366505207619,0
25.23584,21.90645,34.09722,1770.6242,-0.41977,46.58729,8.787092264565956,3.2734230708630103,0
25.25214,21.92551,34.07748,1765.82909,-0.43351,46.60082,8.763866787904728,3.2647709697076333,0
25.2684,21.94452,34.05712,1761.05038,-0.44855,46.61434,8.74148794480801,3.2564342618313065,0
25.28461,21.96349,34.0361,1756.28792,-0.46486,46.62786,8.720016812980345,3.2484357002860222,0
25.30077,21.98241,34.01435,1751.5415,-0.48239,46.64136,8.69951090931429,3.240796711627619,0
25.31688,22.00129,33.99184,1746.81086,-0.50111,46.65485,8.680024150049693,3.2335373810740626,0
25.33294,22.02012,33.96851,1742.09572,-0.52095,46.66834,8.661606822102401,3.2266764418246345,0
25.34896,22.03891,33.94431,1737.39575,-0.54189,46.68182,8.644305564330082,3.2202312680809557,0
25.36493,22.05766,33.9192,1732.71059,-0.56386,46.69529,8.628163357575028,3.214217871337676,0
25.38085,22.07636,33.89314,1728.03982,-0.58681,46.70875,8.613219522320772,3.2086508995094962,0
25.39673,22.09502,33.86609,1723.38302,-0.61068,46.72221,8.599509722918636,3.203543638505668,0
25.41256,22.11363,33.83802,1718.73972,-0.63542,46.73566,8.587065977366112,3.1989080158727026,0
25.42834,22.1322,33.8089,1714.10941,-0.66097,46.7491,8.575916671697213,3.1947546061551493,0
25.44407,22.15073,33.77869,1709.49155,-0.68726,46.76253,8.566086578155787,3.191092637665641,0
25.45976,22.16921,33.74738,1704.88559,-0.71422,46.77595,8.557596876361453,3.1879300003697537,0
25.47541,22.18765,33.71493,1700.29094,-0.74181,46.78937,8.550465176826135,3.18527325464654,0
25.491,22.20605,33.68133,1695.70698,-0.76994,46.80278,8.544705546208396,3.1831276406964295,0
25.50656,22.2244,33.64657,1691.13307,-0.79855,46.81618,8.540328533843159,3.1814970884242526,0
25.52206,22.24271,33.61062,1686.56855,-0.82757,46.82958,8.537341199151824,3.1803842276502245,0
25.53752,22.26098,33.57349,1682.01274,-0.85693,46.84297,8.535747139630816,3.179790398536418,0
25.55293,22.27921,33.53515,1677.46495,-0.88657,46.85635,8.53554651922902,3.1797156621581086,0
25.5683,22.29739,33.49562,1672.92444,-0.91641,46.86972,8.53673609701282,3.1801588111822494,0
25.58363,22.31553,33.45488,1668.39049,-0.94637,46.88309,8.539309256108695,3.1811173806493533,0
25.5989,22.33362,33.41295,1663.86236,-0.9764,46.89645,8.543256032986223,3.1825876588821815,0
25.61414,22.35167,33.36983,1659.33927,-1.00641,46.9098,8.548563147287526,3.1845646985979994,0
25.62932,22.36968,33.32552,1654.82048,-1.03634,46.92315,8.555214032401583,3.187042328298304,0
25.64446,22.38765,33.28004,1650.3052,-1.06611,46.93649,8.563188867172492,3.1900131640809994,0
25.65956,22.40557,33.23341,1645.79265,-1.09567,46.94982,8.572464609095528,3.1934686220067885,0
25.67461,22.42345,33.18564,1641.28204,-1.12493,46.96314,8.58301502950883,3.1973989312090123,0
25.68962,22.44129,33.13675,1636.77259,-1.15383,46.97646,8.594810751293455,3.2017931479379036,0
25.70458,22.45909,33.08677,1632.26352,-1.18231,46.98977,8.607819289704379,3.2066391707712176,0
25.7195,22.47684,33.03572,1627.75403,-1.21029,47.00307,8.622005096937821,3.211923757216727,0
25.73437,22.49455,32.98363,1623.24335,-1.23772,47.01636,8.637329611146386,3.2176325419716543,0
25.7492,22.51221,32.93054,1618.7307,-1.26453,47.02964,8.653751310596848,3.2237500570978677,0
25.76398,22.52983,32.87648,1614.21532,-1.29066,47.04292,8.671225773730903,3.2302597543961,0
25.77871,22.54741,32.82148,1609.69646,-1.31605,47.05619,8.689705745843682,3.2371440302454406,0
25.79341,22.56495,32.76558,1605.17336,-1.34064,47.06945,8.70914121316537,3.244384253200691,0
25.80805,22.58244,32.70882,1600.6453,-1.36439,47.0827,8.729479485070822,3.251960794617612,0
25.82265,22.59989,32.65125,1596.11158,-1.38724,47.09594,8.750665285139636,3.2598530625751936,0
25.83721,22.61729,32.59292,1591.57149,-1.40914,47.10917,8.772640851758617,3.2680395393527206,0
25.85172,22.63465,32.53385,1587.02436,-1.43004,47.12239,8.795346048914318,3.2764978227029116,0
25.86619,22.65197,32.47411,1582.46955,-1.4499,47.1356,8.81871848774604,3.285204671133605,0
25.88061,22.66924,32.41375,1577.90644,-1.46868,47.14881,8.84269365939415,3.2941360533972577,0
25.89498,22.68647,32.3528,1573.33441,-1.48635,47.162,8.86720507955365,3.3032672023409497,0
25.90931,22.70366,32.29133,1568.75292,-1.50286,47.17518,8.89218444508799,3.3125726732491545,0
25.9236,22.7208,32.22939,1564.16141,-1.5182,47.18835,8.917561802903757,3.322026406753998,0
25.93784,22.73789,32.16703,1559.55938,-1.53233,47.20152,8.943265731219027,3.3316017963624938,0
25.95203,22.75495,32.1043,1554.94636,-1.54523,47.21466,8.969223533194175,3.341271760589111,0
25.96618,22.77195,32.04125,1550.32191,-1.55688,47.2278,8.995361442750198,3.351008819628521,0
25.98028,22.78891,31.97795,1545.68563,-1.56726,47.24093,9.02160484228216,3.360785176459576,0
25.99434,22.80583,31.91444,1541.03717,-1.57637,47.25404,9.047878491790863,3.3705728022028922,0
26.00835,22.8227,31.85079,1536.3762,-1.58421,47.26715,9.074106768821089,3.380343525504153,0
26.02232,22.83952,31.78704,1531.70244,-1.59075,47.28023,9.100213918421192,3.3900691256506392,0
26.03624,22.8563,31.72324,1527.01565,-1.59602,47.29331,9.126124312158206,3.399721429061166,0
26.05011,22.87304,31.65946,1522.31564,-1.60001,47.30637,9.151762715123692,3.4092724087527913,0
26.06394,22.88973,31.59575,1517.60226,-1.60273,47.31942,9.177054559632516,3.4186942863008074,0
26.07772,22.90637,31.53214,1512.8754,-1.6042,47.33246,9.201926224221141,3.427959635772951,0
26.09146,22.92296,31.4687,1508.13501,-1.60443,47.34548,9.22630531640768,3.437041489064957,0
26.10514,22.93951,31.40548,1503.38106,-1.60346,47.35849,9.250120957519965,3.445913442006514,0
26.11879,22.95601,31.34252,1498.61358,-1.6013,47.37148,9.273304067818485,3.4545497605770565,0
26.13238,22.97247,31.27986,1493.83265,-1.59798,47.38446,9.295787650033242,3.4629254865307053,0
26.14593,22.98887,31.21756,1489.03839,-1.59355,47.39742,9.317507069368075,3.4710165417052465,0
26.15943,23.00524,31.15565,1484.23097,-1.58804,47.41037,9.338400327939414,3.4787998302577896,0
26.17289,23.02155,31.09417,1479.41058,-1.58149,47.4233,9.358408331637692,3.486253338077659,0
26.1863,23.03781,31.03317,1474.57749,-1.57396,47.43622,9.377475147359446,3.493356228612126,0
26.19966,23.05403,30.97268,1469.73199,-1.56548,47.44911,9.39554824858165,3.5000889343493107,0
26.21297,23.0702,30.91273,1464.87442,-1.55612,47.462,9.412578747303526,3.5064332432225993,0
26.22624,23.08632,30.85335,1460.00515,-1.54592,47.47486,9.428521610459196,3.512372379230062,0
26.23946,23.10239,30.79457,1455.1246,-1.53496,47.48771,9.443335858967838,3.5178910765858675,0
26.25263,23.11842,30.73642,1450.23322,-1.52329,47.50054,9.456984747780796,3.5229756467925726,0
26.26575,23.13439,30.67892,1445.3315,-1.51098,47.51336,9.469435925347797,3.5276140380464795,0
26.27883,23.15032,30.62209,1440.41996,-1.49809,47.52616,9.480661571142488,3.53179588646952,0
26.29186,23.1662,30.56595,1435.49916,-1.4847,47.53894,9.490638510088285,3.53551255873589,0
26.30484,23.18203,30.51052,1430.56967,-1.47088,47.5517,9.499348302868443,3.53875718571494,0
26.31778,23.1978,30.45579,1425.63212,-1.45669,47.56444,9.506777311392296,3.5415246868590544,0
26.33067,23.21353,30.40179,1420.68714,-1.44223,47.57717,9.51291673887862,3.5438117851357687,0
26.3435,23.22921,30.34852,1415.73538,-1.42755,47.58987,9.517762644245472,3.545617012388365,0
26.3563,23.24484,30.29598,1410.77752,-1.41274,47.60256,9.52131593076792,3.546940705110572,0
26.36904,23.26043,30.24418,1405.81427,-1.39788,47.61523,9.523582309186247,3.5477849907034043,0
26.38174,23.27596,30.1931,1400.84633,-1.38304,47.62788,9.524572235674073,3.548153764366652,0
26.39438,23.29144,30.14274,1395.87443,-1.3683,47.64052,9.524300825303085,3.548052656862222,0
26.40698,23.30687,30.0931,1390.8993,-1.35374,47.65313,9.522787741906319,3.5474889934853078,0
26.41954,23.32225,30.04416,1385.92169,-1.33943,47.66573,9.520057065362554,3.546471744624331,0
26.43204,23.33758,29.9959,1380.94234,-1.32545,47.6783,9.516137137566275,3.545011468380708,0
26.4445,23.35286,29.94832,1375.96201,-1.31188,47.69086,9.511060388537373,3.5431202457901376,0
26.45691,23.36809,29.90139,1370.98143,-1.29879,47.7034,9.504863144186288,3.5408116092100452,0
26.46927,23.38327,29.85509,1366.00136,-1.28625,47.71592,9.497585417470303,3.5381004645198257,0
26.48158,23.3984,29.80939,1361.02254,-1.27433,47.72842,9.489270684707082,3.5350030077917407,0
26.49384,23.41348,29.76427,1356.0457,-1.2631,47.7409,9.479965648932462,3.531536637135469,0
26.50606,23.4285,29.71971,1351.07156,-1.25262,47.75337,9.469719992214293,3.527719860428498,0
26.51823,23.44348,29.67566,1346.10084,-1.24296,47.76581,9.458586118860294,3.523572199654295,0
26.53035,23.45841,29.6321,1341.13423,-1.23418,47.77824,9.446618891500057,3.5191140925859044,0
26.54243,23.47329,29.58899,1336.17242,-1.22634,47.79065,9.433875361936654,3.5143667925210935,0
26.55446,23.48811,29.54629,1331.21606,-1.21948,47.80304,9.420414498698781,3.509352266788359,0
26.56644,23.50289,29.50398,1326.26579,-1.21366,47.81541,9.406296913089207,3.504093094692759,0
26.57837,23.51761,29.46201,1321.32225,-1.20893,47.82776,9.391584585494492,3.4986123655590915,0
26.59025,23.53229,29.42033,1316.38602,-1.20533,47.8401,9.376340593642789,3.4929335775007666,0
26.60209,23.54691,29.37892,1311.45767,-1.2029,47.85241,9.360628844305847,3.487080537471751,0
26.61388,23.56149,29.33772,1306.53776,-1.20168,47.86471,9.34451380993911,3.4810772631580673,0
26.62563,23.57601,29.2967,1301.62681,-1.2017,47.87699,9.328060271536668,3.4749478871845088,0
26.63732,23.59048,29.25582,1296.72529,-1.20299,47.88926,9.311333068859872,3.468716564068211,0
26.64897,23.60491,29.21502,1291.83368,-1.20557,47.9015,9.294396859126968,3.4624073803242075,0
26.66058,23.61928,29.17426,1286.95241,-1.20946,47.91373,9.277315885008129,3.456044268037461,0
26.67214,23.6336,29.13351,1282.08187,-1.21468,47.92595,9.260153752719756,3.449650922197165,0
26.68365,23.64787,29.09271,1277.22244,-1.22125,47.93814,9.242973220822723,3.443250722018521,0
26.69511,23.6621,29.05183,1272.37444,-1.22917,47.95032,9.225836000217338,3.4368666564356034,0
26.70653,23.67627,29.01082,1267.53818,-1.23844,47.96248,9.208802565700434,3.430521253901422,0
26.7179,23.69039,28.96963,1262.71394,-1.24906,47.97463,9.191931979312455,3.4242365165800557,0
26.72923,23.70447,28.92823,1257.90195,-1.26104,47.98676,9.175281725611622,3.418033858981954,0
26.74051,23.71849,28.88657,1253.10242,-1.27435,47.99887,9.158907558895953,3.4119340510501117,0
26.75174,23.73247,28.84461,1248.31551,-1.289,48.01097,9.142863362272813,3.4059571656597734,0
26.76293,23.74639,28.80231,1243.54136,-1.30496,48.02305,9.127201018467115,3.400122530491083,0
26.77407,23.76027,28.75963,1238.78008,-1.32222,48.03512,9.111970292072323,3.3944486841644936,0
26.78517,23.77409,28.71654,1234.03175,-1.34075,48.04717,9.097218722999829,3.3889533365478464,0
26.79623,23.78787,28.673,1229.2964,-1.36052,48.0592,9.082991530720156,3.38365333308371,0
26.80723,23.8016,28.62897,1224.57403,-1.38151,48.07122,9.069331528947625,3.378564623007165,0
26.8182,23.81528,28.58442,1219.86464,-1.40368,48.08323,9.05627905029517,3.3737022312777434,0
26.82912,23.82891,28.53931,1215.16816,-1.427,48.09522,9.043871880457614,3.3690802340609682,0
26.83999,23.84249,28.49362,1210.48451,-1.45142,48.1072,9.032145201456133,3.364711737585422,0
26.85082,23.85603,28.44732,1205.81357,-1.47691,48.11916,9.021131543451263,3.360608860191825,0
26.8616,23.86951,28.40038,1201.15522,-1.50341,48.13111,9.010860744654224,3.3567827173989473,0
26.87235,23.88295,28.35277,1196.50927,-1.53088,48.14304,9.001359918860537,3.353243409809027,0
26.88304,23.89634,28.30447,1191.87553,-1.55928,48.15497,8.992653430147557,3.3500000136819383,0
26.89369,23.90968,28.25546,1187.25378,-1.58854,48.16687,8.984762874319319,3.3470605740229,0
26.9043,23.92297,28.20573,1182.64377,-1.61861,48.17876,8.977707066651865,3.3444321000173005,0
26.91487,23.93621,28.15524,1178.04523,-1.64944,48.19064,8.971502035606514,3.3421205626887143,0
26.92539,23.94941,28.104,1173.45786,-1.68097,48.20251,8.966161022126137,3.340130894636751,0
26.93587,23.96256,28.05197,1168.88136,-1.71314,48.21436,8.961694484236642,3.33846699175123,0
26.9463,23.97566,27.99916,1164.31538,-1.74588,48.2262,8.958110106659717,3.3371317167931744,0
26.95669,23.98871,27.94555,1159.75958,-1.77914,48.23803,8.95541281522972,3.336126904765492,0
26.96704,24.00172,27.89114,1155.21357,-1.81285,48.24984,8.953604795915004,3.3354533699989095,0
26.97735,24.01467,27.83591,1150.67697,-1.84695,48.26164,8.952685518300392,3.335110914899816,0
26.98761,24.02758,27.77988,1146.14937,-1.88137,48.27343,8.952651763441455,3.335098340326719,0
26.99783,24.04045,27.72303,1141.63035,-1.91604,48.2852,8.953497656002039,3.3354134575623093,0
27.008,24.05326,27.66537,1137.11948,-1.95092,48.29696,8.955214700670448,3.336053101879456,0
27.01814,24.06603,27.6069,1132.61633,-1.98592,48.30871,8.95779182286122,3.3370131477036837,0
27.02823,24.07875,27.54762,1128.12043,-2.02098,48.32044,8.961215413736094,3.338288525384672,0
27.03828,24.09142,27.48755,1123.63132,-2.05604,48.33216,8.965469379638966,3.3398732396120714,0
27.04828,24.10405,27.42669,1119.14855,-2.09103,48.34387,8.970535196020993,3.341760389504027,0
27.05825,24.11663,27.36505,1114.67163,-2.1259,48.35557,8.976391966004625,3.3439421904238227,0
27.06817,24.12916,27.30264,1110.20009,-2.16057,48.36725,8.983016483711399,3.346409997571147,0
27.07805,24.14164,27.23949,1105.73345,-2.19499,48.37892,8.990383302513091,3.3491543314074463,0
27.08788,24.15408,27.1756,1101.27124,-2.2291,48.39057,8.998464808365565,3.3521649049747095,0
27.09768,24.16647,27.11099,1096.81297,-2.26284,48.40221,9.007231298396698,3.3554306531715405,0
27.10743,24.17881,27.04569,1092.35817,-2.29616,48.41384,9.016651064895456,3.3589397640413012,0
27.11714,24.19111,26.9797,1087.90637,-2.32899,48.42546,9.026690484861268,3.3626797121316025,0
27.12681,24.20336,26.91307,1083.4571,-2.36129,48.43706,9.037314115256299,3.36663729397829,0
27.13644,24.21556,26.84579,1079.00992,-2.39301,48.44865,9.048484794046818,3.370798665746007,0
27.14602,24.22772,26.77792,1074.56435,-2.42411,48.46022,9.060163747156595,3.3751493830711503,0
27.15556,24.23982,26.70945,1070.11998,-2.45452,48.47178,9.07231070136081,3.3796744431178194,0
27.16507,24.25188,26.64044,1065.67637,-2.48423,48.48333,9.084884003127105,3.384358328849244,0
27.17453,24.2639,26.57089,1061.23311,-2.51318,48.49486,9.097840743404683,3.389185055514998,0
27.18394,24.27586,26.50084,1056.7898,-2.54133,48.50638,9.111136888252677,3.3941382193135,0
27.19332,24.28778,26.43033,1052.34606,-2.56867,48.51788,9.12472741518579,3.39920104818437,0
27.20265,24.29965,26.35937,1047.90152,-2.59515,48.52937,9.138566455047846,3.404356454660039,0
27.21194,24.31148,26.28799,1043.45584,-2.62076,48.54084,9.152607439151216,3.409587090679071,0
27.2212,24.32326,26.21624,1039.00869,-2.64546,48.5523,9.166803251373086,3.414875404246016,0
27.2304,24.33498,26.14414,1034.55977,-2.66925,48.56374,9.181106384832637,3.420203697797789,0
27.23957,24.34667,26.07171,1030.10879,-2.6921,48.57517,9.195469102682164,3.42555418810259,0
27.2487,24.3583,25.999,1025.6555,-2.71401,48.58658,9.209843602511725,3.4309090675049534,0
27.25778,24.36989,25.92602,1021.19966,-2.73497,48.59798,9.224182183783403,3.4362505662994325,0
27.26682,24.38143,25.85282,1016.74106,-2.75498,48.60936,9.238437417642741,3.441561015989813,0
27.27582,24.39292,25.77943,1012.27952,-2.77403,48.62072,9.252562318408716,3.4468229131736456,0
27.28478,24.40437,25.70586,1007.81488,-2.79213,48.63207,9.266510515972872,3.4520189837654587,0
27.2937,24.41576,25.63216,1003.34702,-2.8093,48.6434,9.280236428292206,3.4571322472548993,0
27.30258,24.42711,25.55834,998.87583,-2.82553,48.65472,9.293695433129516,3.4621460806845272,0
0.04914,0.04914,57.6985,5197.60756,-0.53603,45.00011,2.738927547158184,1.0203225768373902,0
0.09826,0.09826,57.62314,5196.20929,-0.57166,45.00027,2.7666215508502163,1.030639321885764,0
0.14737,0.14738,57.54299,5194.80389,-0.60688,45.00049,2.7964740902269636,1.0417601782711858,0
0.19647,0.19648,57.4581,5193.39004,-0.64163,45.00078,2.8285223554212644,1.05369900029667,0
0.24556,0.24556,57.36854,5191.96637,-0.67588,45.00112,2.8628054558980707,1.0664703572669425,0
0.29463,0.29464,57.27439,5190.53151,-0.70961,45.00151,2.8993642846598733,1.0800894829013914,0
0.34369,0.3437,57.17572,5189.08401,-0.74276,45.00197,2.9382413628266164,1.0945722174359929,0
0.39273,0.39275,57.07261,5187.62244,-0.7753,45.00248,2.979480662496124,1.1099349416341628,0
0.44176,0.44178,56.96516,5186.14529,-0.8072,45.00305,3.023127405660354,1.1261945018777675,0
0.49078,0.49081,56.85346,5184.65105,-0.8384,45.00368,3.0692278368228783,1.1433681254611536,0
0.53978,0.53982,56.73761,5183.13815,-0.86888,45.00437,3.1178289668598196,1.1614733251726073,0
0.58877,0.58882,56.6177,5181.60498,-0.89858,45.00511,3.1689782855637834,1.180527792209406,0
0.63774,0.6378,56.49386,5180.04992,-0.92747,45.00591,3.2227234402364284,1.200549276445093,0
0.6867,0.68677,56.3662,5178.47129,-0.95551,45.00677,3.279111877648834,1.2215554530502961,0
0.73564,0.73573,56.23484,5176.86738,-0.98264,45.00768,3.3381904466618626,1.2435637744583532,0
0.78457,0.78468,56.0999,5175.23644,-1.00883,45.00865,3.4000049588347534,1.266591306680456,0
0.83348,0.83361,55.96153,5173.57669,-1.03404,45.00967,3.4645997043947654,1.2906545489916044,0
0.88238,0.88253,55.81986,5171.8863,-1.0582,45.01076,3.5320169210974477,1.315769236067083,0
0.93126,0.93143,55.67503,5170.16342,-1.08128,45.01189,3.602296213666705,1.341950121708609,0
0.98012,0.98032,55.52721,5168.40616,-1.10323,45.01309,3.6754739217847945,1.3692107434039775,0
1.02896,1.0292,55.37655,5166.61261,-1.12401,45.01434,3.7515824349581686,1.3975631670965623,0
1.07778,1.07808,55.22253,5164.78202,-1.15372,45.05,3.8310217202863255,1.4271563910546925,32.99999943708069
1.12654,1.12697,55.06462,5162.91338,-1.18237,45.08647,3.914223908066095,1.458151395183971,32.99999943708069
1.17526,1.17587,54.90298,5161.00429,-1.20989,45.12378,4.0012719231137766,1.4905790711603524,32.99999943708069
1.22393,1.22479,54.73776,5159.05228,-1.23623,45.16197,4.0922451760269345,1.5244690015208477,32.99999943708069
1.27254,1.27373,54.56912,5157.05484,-1.26134,45.20108,4.187219920054864,1.5598495926071634,32.99999943708069
1.32111,1.32268,54.39725,5155.0094,-1.28516,45.24113,4.286268270272575,1.5967477091822015,32.99999943708069
1.36962,1.37165,54.22233,5152.91332,-1.30764,45.28218,4.389457126175974,1.6351882730684204,32.99999943708069
1.41808,1.42064,54.04454,5150.76394,-1.32871,45.32426,4.4968469939938025,1.6751938244280398,32.99999943708069
1.46648,1.46965,53.86408,5148.55851,-1.34832,45.3674,4.608490705920146,1.7167840446434557,32.99999943708069
1.51482,1.51867,53.68117,5146.29429,-1.36641,45.41166,4.724432034602156,1.7599752401774595,32.99999943708069
1.5631,1.56771,53.496,5143.96847,-1.38291,45.45706,4.844704202612091,1.804779787312357,32.99999943708069
1.61133,1.61677,53.30881,5141.5782,-1.39778,45.50365,4.969328288334643,1.85120553830105,32.99999943708069
1.65949,1.66584,53.11982,5139.12065,-1.41094,45.55147,5.09831153168439,1.8992551902022132,32.99999943708069
1.70759,1.71494,52.92926,5136.59293,-1.42234,45.60057,5.231645545433641,1.948925618552851,32.99999943708069
1.75562,1.76405,52.7374,5133.99217,-1.43192,45.65097,5.369304440609238,2.000207179029281,32.99999943708069
1.80359,1.81319,52.54447,5131.31549,-1.43961,45.70273,5.511242877434546,2.0530829813717464,32.99999943708069
1.85149,1.86235,52.35074,5128.56005,-1.44536,45.75589,5.657394056718159,2.1075281411238556,32.99999943708069
1.89931,1.91153,52.15648,5125.723,-1.44911,45.81048,5.807667670252736,2.163509016102222,32.99999943708069
1.94706,1.96072,51.96196,5122.80156,-1.4508,45.86654,5.961947832831603,2.220982436018236,32.99999943708069
1.99474,2.00995,51.76746,5119.79302,-1.45038,45.92411,6.120091022708479,2.279894935245124,32.99999943708069
2.04234,2.05919,51.57329,5116.6947,-1.44779,45.98324,6.28192406173292,2.340182000365254,32.99999943708069
2.08987,2.10845,51.37973,5113.50406,-1.44298,46.04394,6.447242170892261,2.4017673458083486,32.99999943708069
2.13731,2.15774,51.18708,5110.21864,-1.43591,46.10627,6.615807141381166,2.464562232526768,32.99999943708069
2.18466,2.20705,50.99567,5106.83612,-1.42652,46.17024,6.78734566558059,2.5284648462412638,32.99999943708069
2.23193,2.25639,50.80579,5103.35435,-1.41479,46.23589,6.96154787613849,2.593359753210097,32.99999943708069
2.27912,2.30575,50.61776,5099.77131,-1.40067,46.30324,7.138066144684117,2.6591174527185126,32.99999943708069
2.32621,2.35513,50.43192,5096.08522,-1.38413,46.37231,7.31651419414509,2.7255940463934856,32.99999943708069
2.37321,2.40454,50.24858,5092.29451,-1.36514,46.44313,7.496466580210134,2.792631045034954,32.99999943708069
2.42011,2.45397,50.06807,5088.39782,-1.34369,46.51571,7.677458597627718,2.86005533370959,32.99999943708069
2.46692,2.50343,49.89073,5084.39411,-1.31977,46.59006,7.858986665909737,2.9276793154355762,32.99999943708069
2.51362,2.55292,49.71687,5080.28259,-1.29337,46.66619,8.04050924594998,2.9953012526470952,32.99999943708069
2.56022,2.60243,49.54683,5076.06279,-1.26448,46.7441,8.221448334358845,3.0627058238733382,32.99999943708069
2.60672,2.65196,49.38093,5071.73458,-1.23313,46.82378,8.401191575354144,3.129664910473388,32.99999943708069
2.65311,2.70153,49.21949,5067.29819,-1.19933,46.90522,8.579095021139176,3.1959386249496884,32.99999943708069
2.69939,2.75111,49.06285,5062.75421,-1.16311,46.98841,8.754486560528418,3.261276588201322,32.99999943708069
2.74555,2.80073,48.9113,5058.10362,-1.1245,47.07332,8.926670022438365,3.325419458182319,32.99999943708069
2.7916,2.85037,48.76515,5053.34784,-1.08357,47.15994,9.094929945806552,3.388100706821999,32.99999943708069
2.83753,2.90004,48.62471,5048.48865,-1.04035,47.24821,9.258536990867507,3.449048635867638,32.99999943708069
2.88334,2.94974,48.49025,5043.5283,-0.99493,47.33811,9.416753948928765,3.5079886156841673,32.99999943708069
2.92903,2.99946,48.36207,5038.46947,-0.94739,47.42957,9.568842289289535,3.5646455241536255,32.99999943708069
2.9746,3.04921,48.24042,5033.31524,-0.8978,47.52255,9.714069163464817,3.6187463559329505,32.99999943708069
3.02004,3.09898,48.12555,5028.06915,-0.84628,47.61698,9.851714768940264,3.6700229656464014,32.99999943708069
3.06535,3.14879,48.0177,5022.73515,-0.79293,47.71279,9.981079958204475,3.718214902450305,32.99999943708069
3.11052,3.19862,47.9171,5017.31762,-0.73788,47.8099,10.10149396439342,3.763072288038871,32.99999943708069
3.15557,3.24847,47.82393,5011.82131,-0.68125,47.90824,10.21232210339151,3.8043586858794964,32.99999943708069
3.20048,3.29835,47.73839,5006.25137,-0.62318,48.00771,10.312973304230956,3.8418539064846695,32.99999943708069
3.24526,3.34826,47.66063,5000.61329,-0.56383,48.10822,10.402907315800778,3.8753566921006875,32.99999943708069
3.28989,3.39819,47.5908,4994.91288,-0.50335,48.20968,10.48164143851973,3.9046872244329442,32.99999943708069
3.33439,3.44815,47.52903,4989.15627,-0.44189,48.31197,10.54875663505257,3.9296894010485266,32.99999943708069
3.37875,3.49814,47.4754,4983.34982,-0.37964,48.41498,10.603902884419888,3.9502328299230003,32.99999943708069
3.42297,3.54814,47.42999,4977.50012,-0.31676,48.51862,10.646803658670937,3.9662144971188216,32.99999943708069
3.46704,3.59818,47.39286,4971.61392,-0.25343,48.62275,10.677259420352392,3.9775600696844813,32.99999943708069
3.51097,3.64823,47.36402,4965.69814,-0.18983,48.72728,10.69515006163766,3.984224804294347,32.99999943708069
3.55476,3.69831,47.3435,4959.75976,-0.12614,48.83207,10.700436231452361,3.9861940416378214,32.99999943708069
3.59841,3.74841,47.33125,4953.80581,-0.06255,48.93701,10.693159524178878,3.983483276716757,32.99999943708069
3.64191,3.79854,47.32725,4947.84334,0.00076,49.04199,10.673441531644738,3.9761378056861827,32.99999943708069
3.68527,3.84868,47.33143,4941.87933,0.06362,49.14689,10.641481788009214,3.964231960270485,32.99999943708069
3.72848,3.89885,47.34368,4935.9207,0.12585,49.25158,10.597554663656918,3.9478679506570526,32.99999943708069
3.77155,3.94904,47.36391,4929.97422,0.18726,49.35597,10.542005288640222,3.9271743468713125,32.99999943708069
3.81448,3.99925,47.39197,4924.04649,0.2477,49.45993,10.475244607335041,3.9023042365058886,32.99999943708069
3.85726,4.04947,47.42772,4918.14393,0.307,49.56337,10.397743683447539,3.873433103185761,32.99999943708069
3.8999,4.09972,47.47097,4912.27269,0.36501,49.66618,10.310027387708667,3.8407564750683876,32.99999943708069
3.94241,4.14998,47.52153,4906.43868,0.42157,49.76826,10.212667609175746,3.8044873958749283,32.99999943708069
3.98477,4.20027,47.5792,4900.6475,0.47656,49.86953,10.106276135158533,3.76485377247536,32.99999943708069
4.02699,4.25056,47.64374,4894.90444,0.52983,49.9699,9.991497344311467,3.722095652873085,32.99999943708069
4.06908,4.30088,47.7149,4889.21444,0.58127,50.06928,9.869000852922545,3.676462486754043,32.99999943708069
4.11102,4.35121,47.79245,4883.58211,0.63076,50.16761,9.739474246185166,3.6282104176942362,32.99999943708069
4.15284,4.40156,47.8761,4878.01168,0.67821,50.26481,9.603616014943857,3.5775996519116484,32.99999943708069
4.19452,4.45192,47.96557,4872.50704,0.72351,50.36083,9.462128804642091,3.524891943321687,32.99999943708069
4.23607,4.5023,48.06058,4867.07167,0.7666,50.45561,9.315713067748487,3.470348228898927,32.99999943708069
4.27749,4.55269,48.16083,4861.70873,0.8074,50.5491,9.16506119440038,3.414226442187406,32.99999943708069
4.31878,4.60309,48.266,4856.42096,0.84584,50.64126,9.01085217902706,3.356779526477453,32.99999943708069
4.35995,4.65351,48.37579,4851.21078,0.88188,50.73205,8.853746864055003,3.298253662960743,32.99999943708069
4.40099,4.70394,48.48989,4846.08024,0.91547,50.82145,8.694383785694125,3.2388867231763663,32.99999943708069
4.44191,4.75438,48.60797,4841.03105,0.94658,50.90944,8.533375631944176,3.1789069495250226,32.99999943708069
4.48271,4.80483,48.72971,4836.0646,0.9752,50.99598,8.37130630950676,3.118531862616568,32.99999943708069
4.5234,4.85529,48.85478,4831.18197,1.00129,51.08109,8.208728604526577,3.057967389834584,32.99999943708069
4.56396,4.90577,48.98287,4826.38393,1.02487,51.16474,8.04616241213205,2.9974072057936705,32.99999943708069
4.60442,4.95625,49.11366,4821.67097,1.04592,51.24693,7.884093501660295,2.937032272353265,32.99999943708069
4.64476,5.00675,49.24681,4817.04333,1.06446,51.32767,7.722972778228427,2.8770105635335192,32.99999943708069
4.68499,5.05726,49.38201,4812.50099,1.08049,51.40697,7.5632159967861075,2.8174969589923538,32.99999943708069
4.72511,5.10777,49.51895,4808.04372,1.09405,51.48483,7.405203881945272,2.758633288665183,32.99999943708069
4.76513,5.1583,49.65732,4803.67107,1.10516,51.56128,7.249282605487584,2.700548510649003,32.99999943708069
4.80505,5.20883,49.7968,4799.3824,1.11384,51.63632,7.095764573300216,2.64335900435668,32.99999943708069
4.84486,5.25937,49.9371,4795.17689,1.12014,51.70998,6.94492947446205,2.5871689613291595,32.99999943708069
4.88457,5.30992,50.07792,4791.05357,1.12409,51.78229,6.797025547036822,2.53207085677672,32.99999943708069
4.92419,5.36048,50.21898,4787.01133,1.12574,51.85327,6.652271017655277,2.478145985861201,32.99999943708069
4.96371,5.41105,50.35998,4783.04894,1.12514,51.92295,6.510855675020712,2.4254650498682238,32.99999943708069
5.00313,5.46163,50.50065,4779.16504,1.12233,51.99136,6.372942540872448,2.374088778685046,32.99999943708069
5.04247,5.51221,50.64072,4775.35819,1.11737,52.05853,6.238669605552544,2.324068577344826,32.99999943708069
5.08171,5.56281,50.77993,4771.62686,1.11031,52.12449,6.108151598996827,2.275447185767389,32.99999943708069
5.12087,5.61341,50.91802,4767.96945,1.10121,52.18929,5.981481771695283,2.228259342213821,32.99999943708069
5.15993,5.66402,51.05475,4764.38429,1.09013,52.25295,5.858733663703363,2.182532442289733,32.99999943708069
5.19892,5.71463,51.18987,4760.86967,1.07712,52.31551,5.739962843213317,2.1382871866088258,32.99999943708069
5.23782,5.76526,51.32316,4757.42384,1.06225,52.37701,5.625208599422392,2.0955382114308336,32.99999943708069
5.27663,5.81589,51.45439,4754.04501,1.04557,52.43748,5.514495577347867,2.054294697673144,32.99999943708069
5.31537,5.86653,51.58334,4750.73135,1.02715,52.49697,5.407835344976769,2.014560954715296,32.99999943708069
5.35403,5.91717,51.70981,4747.48106,1.00704,52.55551,5.3052278854988,1.9763369762950105,32.99999943708069
5.39261,5.96783,51.83359,4744.29226,0.98532,52.61314,5.206663009564913,1.9396189666116705,32.99999943708069
5.43111,6.01849,51.95449,4741.16313,0.96203,52.66989,5.112121684322268,1.9043998354268081,32.99999943708069
5.46954,6.06916,52.07234,4738.09179,0.93724,52.72581,5.0215772776316365,1.8706696615678269,32.99999943708069
5.50789,6.11983,52.18694,4735.0764,0.91101,52.78094,4.934996717186393,1.8384161247303246,32.99999943708069
5.54617,6.17052,52.29814,4732.11511,0.8834,52.8353,4.8523415654328215,1.807624905914189,32.99999943708069
5.58438,6.22121,52.40576,4729.20608,0.85447,52.88895,4.773569012086485,1.7782800571620603,32.99999943708069
5.62252,6.27191,52.50966,4726.34747,0.82428,52.9419,4.698632786792538,1.750364341549313,32.99999943708069
5.66059,6.32261,52.60969,4723.53747,0.79288,52.99421,4.6274839950489195,1.7238595445874378,32.99999943708069
5.69859,6.37333,52.70571,4720.77428,0.76033,53.0459,4.560071880950206,1.6987467583661953,32.99999943708069
5.73652,6.42405,52.79758,4718.05609,0.7267,53.09702,4.496344520600269,1.675006639868078,32.99999943708069
5.77439,6.47478,52.88519,4715.38114,0.69203,53.1476,4.436249450234139,1.6526196449602302,32.99999943708069
5.81219,6.52552,52.9684,4712.74767,0.65638,53.19766,4.3797342331978895,1.6315662396093729,32.99999943708069
5.84992,6.57626,53.04711,4710.15392,0.61981,53.24726,4.326746969947043,1.611827089869629,32.99999943708069
5.8876,6.62702,53.12122,4707.59817,0.58237,53.29641,4.27723675518568,1.5933832321788695,32.99999943708069
5.9252,6.67778,53.19063,4705.07869,0.54411,53.34517,4.231154086162463,1.5762162254597258,32.99999943708069
5.96275,6.72855,53.25524,4702.5938,0.50509,53.39354,4.188451226010886,1.5603082864733908,32.99999943708069
6.00023,6.77933,53.31497,4700.14179,0.46535,53.44158,4.149082525844402,1.5456424098085322,32.99999943708069
6.03765,6.83012,53.36973,4697.721,0.42496,53.48932,4.1130047091080435,1.53220247380975,32.99999943708069
6.07501,6.88091,53.41947,4695.32975,0.38394,53.53677,4.080177121488967,1.51997333367583,32.99999943708069
6.11231,6.93172,53.4641,4692.96638,0.34237,53.58399,4.050561949435121,1.508940902863698,32.99999943708069
6.14955,6.98253,53.50358,4690.62926,0.30029,53.63099,4.024124410110558,1.4990922238517743,32.99999943708069
6.18673,7.03335,53.53784,4688.31672,0.25774,53.67781,4.000832915347679,1.4904155292164916,32.99999943708069
6.22385,7.08419,53.56683,4686.02714,0.21478,53.72448,3.9806592119247126,1.4829002938893536,32.99999943708069
6.26091,7.13503,53.59052,4683.75888,0.17145,53.77103,3.9635785002335977,1.4765372793638405,32.99999943708069
6.29791,7.18588,53.60887,4681.51029,0.1278,53.81749,3.9495695331582765,1.4713185705301761,32.99999943708069
6.33485,7.23674,53.62184,4679.27976,0.08387,53.86389,3.938614696733115,1.4672376057227097,32.99999943708069
6.37173,7.2876,53.62941,4677.06563,0.03973,53.91027,3.9307000739061553,1.4642892004734076,32.99999943708069
6.40856,7.33848,53.63156,4674.86625,-0.0046,53.95664,3.9258154924859916,1.4624695653733242,32.99999943708069
6.44533,7.38937,53.62828,4672.67999,-0.04905,54.00305,3.9239545581112356,1.4617763183545978,32.99999943708069
6.48203,7.44027,53.61956,4670.50517,-0.09359,54.04952,3.9251146728442574,1.4622084916171039,32.99999943708069
6.51869,7.49118,53.60539,4668.34013,-0.13817,54.09608,3.9292970397564972,1.4637665333366097,32.99999943708069
6.55528,7.5421,53.58579,4666.18318,-0.18274,54.14277,3.936506653624835,1.466452304198923,32.99999943708069
6.59181,7.59302,53.56075,4664.03261,-0.22725,54.18961,3.9467522776549764,1.470269068728743,32.99999943708069
6.62829,7.64396,53.5303,4661.8867,-0.27166,54.23663,3.9600464058778186,1.4752214812813174,32.99999943708069
6.66471,7.69491,53.49445,4659.74372,-0.31592,54.28386,3.976405210655786,1.4813155664871689,32.99999943708069
6.70107,7.74587,53.45323,4657.60191,-0.35997,54.33135,3.995848474510528,1.4885586938561215,32.99999943708069
6.73737,7.79685,53.40667,4655.45947,-0.40379,54.3791,4.018399505225013,1.4969595461505958,32.99999943708069
6.77361,7.84783,53.35482,4653.3146,-0.4473,54.42717,4.044085032954792,1.5065280810568467,32.99999943708069
6.80979,7.89882,53.2977,4651.16546,-0.49048,54.47557,4.0729350878650745,1.5172754856015571,32.99999943708069
6.84592,7.94983,53.23539,4649.01017,-0.53326,54.52435,4.104982856544016,1.5292141226620055,32.99999943708069
6.88198,8.00084,53.16792,4646.84684,-0.57559,54.57353,4.14026451523826,1.5423574688419217,32.99999943708069
6.91798,8.05187,53.09536,4644.67352,-0.61744,54.62315,4.178819037719488,1.556720042896718,32.99999943708069
6.95393,8.10291,53.01779,4642.48825,-0.65874,54.67324,4.2206879753679525,1.572317323808822,32.99999943708069
6.98981,8.15396,52.93527,4640.28903,-0.69944,54.72384,4.265915206837715,1.5891656575313873,32.99999943708069
7.02563,8.20502,52.84788,4638.0738,-0.73949,54.77498,4.314546654471551,1.6072821513453883,32.99999943708069
7.06138,8.2561,52.75572,4635.84047,-0.77885,54.82669,4.366629964434203,1.626684554700838,32.99999943708069
7.09708,8.30719,52.65887,4633.58693,-0.81745,54.87901,4.422214147362471,1.6473911253494897,32.99999943708069
7.13271,8.35829,52.55743,4631.31101,-0.85523,54.93199,4.481349176186436,1.6694204795226681,32.99999943708069
7.16827,8.4094,52.45152,4629.01049,-0.89215,54.98564,4.544085537659206,1.6927914248642908,32.99999943708069
7.20377,8.46052,52.34125,4626.68312,-0.92815,55.04002,4.610473734049041,1.7175227747980792,32.99999943708069
7.23921,8.51166,52.22673,4624.32662,-0.96317,55.09515,4.680563731430965,1.7436331430016676,32.99999943708069
7.27457,8.56281,52.10809,4621.93864,-0.99716,55.15109,4.754404351053406,1.7711407166746587,32.99999943708069
7.30989,8.61396,51.98634,4619.5151,-1.01567,55.15929,4.8314482557281755,1.7998415983131442,0
7.34519,8.66509,51.86249,4617.0523,-1.03281,55.16754,4.9111002296672375,1.8295140543750112,0
7.38046,8.7162,51.73673,4614.54843,-1.04853,55.17583,4.993321114912753,1.8601434974906568,0
7.4157,8.7673,51.60922,4612.00172,-1.06278,55.18415,5.078064577971722,1.8917126672148306,0
7.45091,8.81837,51.48016,4609.41038,-1.07551,55.19251,5.165274743759956,1.92420074860851,0
7.4861,8.86943,51.34973,4606.77268,-1.08669,55.20091,5.25488543752945,1.957583089836902,0
7.52127,8.92047,51.21812,4604.08688,-1.09625,55.20935,5.34681943006806,1.9918309209864589,0
7.5564,8.97149,51.08554,4601.35131,-1.10418,55.21782,5.440987694906753,2.0269110773550394,0
7.59151,9.02249,50.95218,4598.56431,-1.11041,55.22633,5.537288687344845,2.0627857308698365,0
7.62659,9.07347,50.81826,4595.72431,-1.11491,55.23488,5.63560765621404,2.099412133701374,0
7.66164,9.12442,50.68399,4592.82976,-1.11765,55.24346,5.735816000419859,2.1367423785582615,0
7.69666,9.17536,50.54958,4589.8792,-1.11859,55.25208,5.837770683265124,2.174723180507278,0
7.73165,9.22627,50.41525,4586.87123,-1.1177,55.26074,5.941313718536852,2.213295685527219,0
7.76661,9.27716,50.28124,4583.80456,-1.11494,55.26943,6.046271743094915,2.2523953112869295,0
7.80154,9.32802,50.14775,4580.67795,-1.1103,55.27815,6.152455691308504,2.291951625864315,0
7.83644,9.37887,50.01503,4577.49032,-1.10376,55.28691,6.259660587088564,2.3318882702729584,0
7.87131,9.42968,49.8833,4574.24065,-1.09528,55.2957,6.367665469369284,2.372122930702009,0
7.90614,9.48047,49.7528,4570.92809,-1.08487,55.30453,6.476233466677336,2.41256736629519,0
7.94095,9.53124,49.62375,4567.55189,-1.0725,55.31339,6.585112035879175,2.453127498090444,0
7.97572,9.58197,49.49639,4564.11146,-1.05818,55.32228,6.694033379224289,2.493703564379524,0
8.01046,9.63268,49.37096,4560.60635,-1.04191,55.3312,6.802715052391874,2.534190347221372,0
8.04516,9.68337,49.24768,4557.0363,-1.02369,55.34016,6.910860774390364,2.574477474151008,0
8.07983,9.73402,49.12679,4553.40119,-1.00353,55.34915,7.018161447824717,2.6144497982559374,0
8.11446,9.78464,49.00851,4549.70109,-0.98146,55.35816,7.124296395213419,2.653987858736764,0
8.14906,9.83524,48.89307,4545.93628,-0.95749,55.36721,7.2289348137815725,2.6929684228558926,0
8.18363,9.8858,48.78069,4542.10719,-0.93165,55.37629,7.331737447438208,2.7312651087930724,0
8.21815,9.93633,48.67158,4538.21448,-0.90398,55.3854,7.432358470553471,2.768749087401964,0
0.05027,0.05027,51.32499,5311.22059,-0.46342,45.0001,7.009226878880036,2.611121436241387,0
0.10051,0.10051,51.26316,5307.40194,-0.42606,45.00025,7.060279763704672,2.6301399791208078,0
0.15071,0.15071,51.20662,5303.54662,-0.38799,45.00045,7.1063159741199255,2.647289678786086,0
0.20088,0.20088,51.15544,5299.65731,-0.34931,45.0007,7.147154854668619,2.6625032363260916,0
0.25101,0.25101,51.10971,5295.73682,-0.31009,45.001,7.182637635379767,2.6757215057491432,0
0.3011,0.30111,51.06948,5291.78804,-0.27043,45.00135,7.212628927044525,2.6868940510126413,0
0.35116,0.35117,51.0348,5287.81399,-0.23041,45.00174,7.237018001305005,2.695979622889835,0
0.40117,0.40119,51.0057,5283.81773,-0.19012,45.00219,7.2557198341343785,2.702946547693614,0
0.45115,0.45117,50.9822,5279.80241,-0.14966,45.00268,7.268675895163786,2.7077730213215503,0
0.50109,0.50112,50.96432,5275.77122,-0.10912,45.00322,7.275854669741392,2.7104473037366352,0
0.551,0.55103,50.95206,5271.72737,-0.0686,45.0038,7.277251905357434,2.7109678107670923,0
0.60086,0.60091,50.94538,5267.67411,-0.02818,45.00444,7.272890578993573,2.709343101943152,0
0.65069,0.65074,50.94427,5263.61468,0.01204,45.00512,7.262820586998566,2.705591764967576,0
0.70047,0.70054,50.94868,5259.55232,0.05195,45.00585,7.247118164076683,2.699742199273562,0
0.75022,0.7503,50.95856,5255.49023,0.09149,45.00663,7.225885042694158,2.691832302881524,0
0.79993,0.80003,50.97383,5251.43158,0.13054,45.00745,7.199247368676365,2.6819090684305107,0
0.84959,0.84971,50.99442,5247.37947,0.16904,45.00833,7.167354392758628,2.6700280957464537,0
0.89922,0.89936,51.02024,5243.33696,0.20688,45.00925,7.130376961287533,2.6562530295886937,0
0.94881,0.94898,51.05118,5239.30701,0.24399,45.01021,7.088505832128566,2.6406549322812656,0
0.99836,0.99855,51.08714,5235.29248,0.28029,45.01123,7.041949843984525,2.6233116017358387,0
1.04787,1.04809,51.12797,5231.29615,0.31571,45.01229,6.990933968807378,2.6043068459238907,0
1.09736,1.09758,51.17336,5227.32101,0.34723,44.98765,6.9358941346580885,2.5838030595180856,-12.99999978
1.14682,1.14702,51.22296,5223.3698,0.37775,44.96326,6.877269228466244,2.5619637394475068,-12.99999978
1.19627,1.19639,51.27663,5219.4447,0.40722,44.93911,6.81530446472939,2.538880234564471,-12.99999978
1.2457,1.24571,51.3342,5215.54778,0.43557,44.91523,6.750251066001191,2.5146461318802817,-12.99999978
1.29512,1.29497,51.39552,5211.681,0.46277,44.89162,6.682364389236502,2.4893565585794684,-12.99999978
1.34452,1.34418,51.46042,5207.84616,0.48876,44.8683,6.611902175413821,2.4631075299580942,-12.99999978
1.3939,1.39332,51.52874,5204.04493,0.51351,44.84528,6.539122874912691,2.435995325582778,-12.99999978
1.44326,1.44242,51.60028,5200.27886,0.53698,44.82256,6.464284063795579,2.4081158993140237,-12.99999978
1.49261,1.49146,51.67489,5196.54936,0.55914,44.80015,6.387640963690253,2.379564327923458,-12.99999978
1.54194,1.54044,51.75236,5192.8577,0.57996,44.77806,6.309445075434803,2.3504343020906564,-12.99999978
1.59125,1.58937,51.83251,5189.20501,0.59942,44.7563,6.229942934149145,2.320817662634517,-12.99999978
1.64055,1.63825,51.91515,5185.59232,0.61749,44.73487,6.149374990991256,2.2908039839380367,-12.99999978
1.68983,1.68708,52.0001,5182.0205,0.63417,44.71377,6.067974624558671,2.260480205669357,-12.99999978
1.73909,1.73586,52.08716,5178.49031,0.64944,44.69301,5.985967282765794,2.2299303131084858,-12.99999978
1.78834,1.78459,52.17613,5175.00238,0.66329,44.67259,5.9035697541153,2.199235065676718,-12.99999978
1.83757,1.83326,52.26681,5171.55725,0.67571,44.65251,5.82098956552592,2.1684717726116434,-12.99999978
1.88678,1.88189,52.35903,5168.1553,0.68671,44.63278,5.738424502416507,2.137714114185831,-12.99999978
1.93598,1.93047,52.45257,5164.79684,0.69628,44.61339,5.656062245484701,2.1070320063973296,-12.99999978
1.98516,1.97901,52.54725,5161.48208,0.70443,44.59434,5.574080117575705,2.0764915066716214,-12.99999978
2.03432,2.02749,52.64288,5158.2111,0.71117,44.57564,5.492644933238834,2.0461547578174812,-12.99999978
2.08347,2.07593,52.73926,5154.98392,0.7165,44.55727,5.411912942993788,2.0160799672646963,-12.99999978
2.1326,2.12433,52.8362,5151.80046,0.72044,44.53925,5.332029863932413,1.9863214184640257,-12.99999978
2.18172,2.17268,52.93353,5148.66054,0.723,44.52156,5.253130988053083,1.9569295112446112,-12.99999978
2.23082,2.22099,53.03105,5145.56394,0.7242,44.5042,5.175341359724043,1.9279508279237394,-12.99999978
2.2799,2.26925,53.12858,5142.51034,0.72406,44.48717,5.098776013720297,1.899428221981847,-12.99999978
2.32897,2.31748,53.22594,5139.49937,0.7226,44.47047,5.02354026552324,1.8714009262067692,-12.99999978
2.37802,2.36566,53.32297,5136.53059,0.71983,44.45409,4.949730045885039,1.8439046773277787,-12.99999978
2.42706,2.4138,53.41948,5133.60349,0.71579,44.43802,4.877432272039133,1.8169718543012632,-12.99999978
2.47609,2.4619,53.51531,5130.71754,0.7105,44.42226,4.8067252484336,1.7906316275944436,-12.99999978
2.5251,2.50997,53.61029,5127.87214,0.70399,44.4068,4.7376790903175285,1.7649101169824493,-12.99999978
2.57409,2.55799,53.70427,5125.06665,0.69628,44.39165,4.670356164090439,1.739830555590061,-12.99999978
2.62307,2.60598,53.79708,5122.30038,0.6874,44.37678,4.604811538854979,1.7154134581069695,-12.99999978
2.67203,2.65393,53.88858,5119.57262,0.67738,44.36221,4.54109344415769,1.6916767913082582,-12.99999978
2.72098,2.70184,53.97861,5116.88263,0.66625,44.34791,4.479243729469439,1.6686361452229492,-12.99999978
2.76992,2.74972,54.06703,5114.22962,0.65404,44.33388,4.419298321481358,1.6463049034887793,-12.99999978
2.81884,2.79756,54.1537,5111.6128,0.64079,44.32012,4.361287675791741,1.624694411617446,-12.99999978
2.86775,2.84537,54.23848,5109.03132,0.62652,44.30662,4.305237220084429,1.6038141420902248,-12.99999978
2.91664,2.89314,54.32125,5106.48435,0.61127,44.29338,4.2511677862957375,1.5836718553515134,-12.99999978
2.96552,2.94088,54.40188,5103.97101,0.59507,44.28038,4.199096029757629,1.5642737559506956,-12.99999978
3.01439,2.98859,54.48024,5101.49042,0.57796,44.26761,4.149034833630747,1.545624643204088,-12.99999978
3.06324,3.03627,54.55622,5099.04168,0.55996,44.25508,4.1009936973439745,1.5277280558988948,-12.99999978
3.11208,3.08391,54.6297,5096.62389,0.54111,44.24277,4.054979108031852,1.5105864106634184,-12.99999978
3.16091,3.13153,54.70058,5094.23611,0.52144,44.23067,4.010994894291253,1.4942011337507308,-12.99999978
3.20972,3.17911,54.76875,5091.87741,0.50099,44.21879,3.969042561777654,1.4785727860571138,-12.99999978
3.25852,3.22666,54.83412,5089.54685,0.4798,44.2071,3.9291216104137794,1.4637011812906233,-12.99999978
3.30731,3.27419,54.89658,5087.24348,0.45788,44.19561,3.8912298331706903,1.44958549727491,-12.99999978
3.35608,3.32168,54.95605,5084.96635,0.43529,44.18431,3.855363596494951,1.4362243804157149,-12.99999978
3.40484,3.36915,55.01244,5082.71449,0.41204,44.17318,3.821518102661835,1.4236160434343408,-12.99999978
3.45359,3.41658,55.06568,5080.48693,0.38818,44.16223,3.7896876343587573,1.4117583564814185,-12.99999978
3.50233,3.46399,55.11568,5078.2827,0.36374,44.15144,3.759865781961926,1.4006489318034383,-12.99999978
3.55105,3.51138,55.16237,5076.10083,0.33875,44.14081,3.732045653977472,1.3902852021376075,-12.99999978
3.59976,3.55873,55.20569,5073.94032,0.31324,44.13032,3.706220071202786,1.3806644930420584,-12.99999978
3.64846,3.60606,55.24557,5071.8002,0.28725,44.11998,3.682381745169905,1.3717840893707036,-12.99999978
3.69715,3.65336,55.28195,5069.67947,0.26081,44.10977,3.660523441463641,1.3636412961135358,-12.99999978
3.74582,3.70064,55.31478,5067.57714,0.23395,44.09969,3.640638128504557,1.3562334938222043,-12.99999978
3.79448,3.74789,55.34401,5065.49221,0.20671,44.08973,3.62271911237748,1.3495581888371782,-12.99999978
3.84314,3.79512,55.36959,5063.42367,0.17912,44.07988,3.60676015827277,1.3436130585278194,-12.99999978
3.89178,3.84232,55.39149,5061.37051,0.15121,44.07014,3.5927555990772766,1.338395991745369,-12.99999978
3.9404,3.88949,55.40966,5059.33173,0.12301,44.06049,3.5807004316254893,1.3339051246790326,-12.99999978
3.98902,3.93665,55.42406,5057.30629,0.09456,44.05094,3.570590401072319,1.330138872287063,-12.99999978
4.03762,3.98377,55.43469,5055.29318,0.06589,44.04147,3.5624220738107573,1.3270959554605062,-12.99999978
4.08621,4.03088,55.4415,5053.29136,0.03703,44.03207,3.5561928993099223,1.3247754240595,-12.99999978
4.1348,4.07796,55.44448,5051.2998,0.00801,44.02274,3.5519012611912606,1.323176675940504,-12.99999978
4.18336,4.12501,55.44361,5049.31744,-0.02114,44.01347,3.549546517809593,1.3222994720738055,-12.99999978
4.23192,4.17205,55.43889,5047.34323,-0.05038,44.00425,3.5491290325409044,1.3221439478265204,-12.99999978
4.28047,4.21906,55.4303,5045.37611,-0.07967,43.99508,3.5506501939310002,1.322710620468496,-12.99999978
4.329,4.26604,55.41784,5043.415,-0.109,43.98595,3.5541124257841346,1.324000392930591,-12.99999978
4.37753,4.31301,55.40151,5041.45883,-0.13832,43.97685,3.559519187220492,1.3260145538260895,-12.99999978
4.42604,4.35995,55.38133,5039.5065,-0.16761,43.96777,3.5668749626591953,1.3287547737191066,-12.99999978
4.47454,4.40687,55.35729,5037.5569,-0.19683,43.95871,3.576185241631292,1.3322230976043956,-12.99999978
4.52303,4.45376,55.32942,5035.60892,-0.22594,43.94966,3.5874564882550253,1.3364219335360832,-12.99999978
4.57151,4.50064,55.29772,5033.66144,-0.25493,43.9406,3.60069610015237,1.3413540373229986,-12.99999978
4.61998,4.54749,55.26224,5031.71331,-0.28374,43.93154,3.615912356530193,1.3470224931875387,-12.99999978
4.66843,4.59432,55.22298,5029.76338,-0.31236,43.92247,3.6331143550724376,1.3534306902563464,-12.99999978
4.71688,4.64112,55.17999,5027.81048,-0.34074,43.91337,3.6523119372614974,1.3605822947405586,-12.99999978
4.76531,4.6879,55.13329,5025.85344,-0.36885,43.90424,3.673515601682538,1.3684812176393841,-12.99999978
4.81374,4.73467,55.08294,5023.89106,-0.39667,43.89507,3.696736404811699,1.377131577781098,-12.99999978
4.86215,4.7814,55.02896,5021.92212,-0.42415,43.88586,3.721985848760138,1.3865376600047452,-12.99999978
4.91055,4.82812,54.97142,5019.9454,-0.45127,43.87659,3.749275755405635,1.3967038682708512,-12.99999978
4.95894,4.87481,54.91037,5017.95967,-0.47798,43.86726,3.7786181263057346,1.4076346734753815,-12.99999978
5.00731,4.92148,54.84586,5015.96366,-0.50426,43.85786,3.8100249877868664,1.4193345557413628,-12.99999978
5.05568,4.96813,54.77796,5013.95611,-0.53007,43.84838,3.84350822056585,1.4318079409484106,-12.99999978
5.10403,5.01475,54.70673,5011.93573,-0.55538,43.83881,3.8790793732874422,1.4450591312705603,-12.99999978
5.15238,5.06136,54.63224,5009.90122,-0.58014,43.82915,3.916749459356539,1.4590922294909154,-12.99999978
5.20071,5.10793,54.55457,5007.85125,-0.60433,43.81938,3.9565287364807458,1.4739110568754556,-12.99999978
5.24903,5.15449,54.47381,5005.78451,-0.62792,43.8095,3.9984264683819046,1.4895190644043101,-12.99999978
5.29734,5.20102,54.39003,5003.69965,-0.65085,43.7995,4.042450668196079,1.5059192371815011,-12.99999978
5.34564,5.24753,54.30332,5001.59531,-0.67311,43.78936,4.0886078231688945,1.523113991876714,-12.99999978
5.39392,5.29401,54.21379,4999.47012,-0.69465,43.77909,4.136902600354143,1.5411050670902837,-12.99999978
5.4422,5.34047,54.12152,4997.3227,-0.71544,43.76868,4.1873375331621325,1.5598934065842078,-12.99999978
5.49046,5.3869,54.02662,4995.15166,-0.73545,43.7581,4.2399126887569105,1.5794790353788613,-12.99999978
5.53871,5.43331,53.92921,4992.9556,-0.75463,43.74736,4.2946253164886645,1.5998609287848145,-12.99999978
5.58694,5.47969,53.82939,4990.73312,-0.77295,43.73645,4.351469477774425,1.6210368745236587,-12.99999978
5.63517,5.52605,53.72727,4988.48281,-0.79038,43.72536,4.410435658075733,1.6430033281794751,-12.99999978
5.68338,5.57238,53.62299,4986.20325,-0.80687,43.71407,4.471510361925322,1.6657552623356193,-12.99999978
5.73158,5.61868,53.51667,4983.89304,-0.82241,43.70258,4.534675692267887,1.689286009868091,-12.99999978
5.77977,5.66496,53.40843,4981.55076,-0.83695,43.69089,4.599908915731731,1.7135871019977822,-12.99999978
5.82795,5.71121,53.29842,4979.17501,-0.85045,43.67898,4.667182015843217,1.7386481018511037,-12.99999978
5.87611,5.75743,53.18676,4976.76439,-0.86289,43.66684,4.736461236631324,1.7644564344406788,-12.99999978
5.92426,5.80363,53.07362,4974.31752,-0.87422,43.65447,4.807706619518507,1.7909972141449984,-12.99999978
5.9724,5.84979,52.95913,4971.83303,-0.88442,43.64186,4.880871536876969,1.8182530709458604,-12.99999978
6.02052,5.89593,52.84344,4969.30958,-0.89346,43.629,4.955902226163983,1.8462039768815224,-12.99999978
6.06863,5.94204,52.72672,4966.74584,-0.9013,43.61588,5.032737329057619,1.874827074362631,-12.99999978
6.11672,5.98811,52.60911,4964.14051,-0.90792,43.60249,5.111307440579942,1.9040965082087489,-12.99999978
6.16481,6.03416,52.49079,4961.49233,-0.91329,43.58883,5.191534673726296,1.9339832634613128,-12.99999978
6.21288,6.08017,52.37192,4958.80008,-0.91737,43.57489,5.273332245682655,1.9644550112387045,-12.99999978
6.26093,6.12615,52.25267,4956.06259,-0.92014,43.56066,5.356604092194853,1.9954759650786444,-12.99999978
6.30897,6.1721,52.13322,4953.27871,-0.92159,43.54614,5.4412445171969575,2.027006750415542,-12.99999978
6.35699,6.21802,52.01373,4950.44739,-0.92168,43.53132,5.527137885189973,2.0590042899834673,-12.99999978
6.405,6.2639,51.89438,4947.56761,-0.9204,43.51619,5.614158364279235,2.091421708090823,-12.99999978
6.453,6.30975,51.77536,4944.63843,-0.91772,43.50076,5.702169728018865,2.1242082568021847,-12.99999978
6.50098,6.35556,51.65685,4941.65898,-0.91364,43.485,5.7910252244590055,2.1573092671549543,-12.99999978
6.54894,6.40134,51.53904,4938.62848,-0.90814,43.46893,5.880567520777858,2.190666128533337,-12.99999978
6.59689,6.44708,51.42209,4935.54622,-0.90121,43.45254,5.970628731856609,2.224216299313251,-12.99999978
6.64482,6.49278,51.30621,4932.41161,-0.89284,43.43582,6.061030540879913,2.2578933517891815,-12.99999978
6.69274,6.53844,51.19158,4929.22414,-0.88302,43.41877,6.1515844196109235,2.2916270542324275,-12.99999978
6.74064,6.58407,51.07838,4925.98341,-0.87176,43.4014,6.242091955399885,2.3253434927104046,-12.99999978