mse,average
0.176020,0.447995
0.192470,
0.216044,
0.234305,
0.235422,
0.240231,
0.229780,
0.229218,
0.229880,
0.240872,
0.244493,
0.261475,
0.264270,
0.260121,
0.271959,
0.226007,
0.204225,
0.201925,
0.207459,
0.223630,
0.225905,
0.233190,
0.276798,
0.334140,
0.337314,
0.349006,
0.348036,
0.364120,
0.366932,
0.382419,
0.380213,
0.381952,
0.317567,
0.250794,
0.256929,
0.200941,
0.198316,
0.197623,
0.199667,
0.234615,
0.302392,
0.366502,
0.447686,
0.549635,
0.598984,
0.647994,
0.671775,
0.563640,
0.631352,
0.635482,
0.620755,
0.611345,
0.551078,
0.510952,
0.467231,
0.412799,
0.357361,
0.287948,
0.243309,
0.205256,
0.182333,
0.175483,
0.231050,
0.374996,
0.458516,
0.466593,
0.481993,
0.405567,
0.369731,
0.341350,
0.312806,
0.283703,
0.265593,
0.248568,
0.237803,
0.234745,
0.232865,
0.231375,
0.235211,
0.242110,
0.234999,
0.220361,
0.214841,
0.221452,
0.207533,
0.218123,
0.269241,
0.175967,
0.187391,
0.210470,
0.222651,
0.225904,
0.239535,
0.238282,
0.241354,
0.250670,
0.266036,
0.280761,
0.298841,
0.349156,
0.378163,
0.396737,
0.414482,
0.408625,
0.373470,
0.387943,
0.460286,
0.307239,
0.309036,
0.323820,
0.323396,
0.318323,
0.327316,
0.320906,
0.322636,
0.328839,
0.338239,
0.344043,
0.343364,
0.352002,
0.352102,
0.346914,
0.354530,
0.366079,
0.311726,
0.323005,
0.425071,
0.211417,
0.237401,
0.265254,
0.258176,
0.241173,
0.256138,
0.243276,
0.242918,
0.250739,
0.260114,
0.279102,
0.287748,
0.297888,
0.319115,
0.316370,
0.338757,
0.366125,
0.316396,
0.335485,
0.472716,
0.478852,
0.484678,
0.489535,
0.494210,
0.501700,
0.510960,
0.518655,
0.523587,
0.524960,
0.527110,
0.532230,
0.537537,
0.542746,
0.548042,
0.553442,
0.558606,
0.028078,
0.036426,
0.034533,
0.022932,
0.017345,
0.031775,
0.024487,
0.022897,
0.037138,
0.040782,
0.037327,
0.043324,
0.051970,
0.061501,
0.036076,
0.039032,
0.054720,
0.034138,
0.048263,
0.245596,
0.050004,
0.068622,
0.068950,
0.080033,
0.094596,
0.119054,
0.110322,
0.111534,
0.128357,
0.101647,
0.068613,
0.064730,
0.053582,
0.054743,
0.049255,
0.057976,
0.078556,
0.062659,
0.073236,
0.168079,
0.082485,
0.087641,
0.075231,
0.070123,
0.069526,
0.078002,
0.062471,
0.064015,
0.090253,
0.085580,
0.070251,
0.077619,
0.067676,
0.071107,
0.058813,
0.060850,
0.071220,
0.052024,
0.058941,
0.101734,
0.070751,
0.063636,
0.062723,
0.071942,
0.083544,
0.093815,
0.080244,
0.084783,
0.099227,
0.100592,
0.088029,
0.096937,
0.083161,
0.085149,
0.076124,
0.077605,
0.084621,
0.061588,
0.065011,
0.089717,
0.113796,
0.083503,
0.068008,
0.095662,
0.117844,
0.108284,
0.074857,
0.080155,
0.089479,
0.105224,
0.093960,
0.145534,
0.124097,
0.132102,
0.131087,
0.137846,
0.150965,
0.122409,
0.115057,
0.135567,
0.132277,
0.129153,
0.125596,
0.122170,
0.119970,
0.118457,
0.117281,
0.117002,
0.117426,
0.117702,
0.117937,
0.118062,
0.117529,
0.117376,
0.118727,
0.121273,
0.123374,
0.124478,
0.123967,
0.123083,
0.122332,
0.122328,
0.121226,
0.120435,
0.120111,
0.119191,
0.118137,
0.117031,
0.115344,
0.113690,
0.112621,
0.112756,
0.113192,
0.113678,
0.114260,
0.114834,
0.112733,
0.110142,
0.107792,
0.106055,
0.104941,
0.104482,
0.104736,
0.105616,
0.106364,
0.109923,
0.109449,
0.110151,
0.117607,
0.131431,
0.144795,
0.148134,
0.142737,
0.144788,
0.150427,
0.156991,
0.160654,
0.163600,
0.166309,
0.170271,
0.174617,
0.177736,
0.178511,
0.176195,
0.173545,
0.176720,
0.185785,
0.193653,
0.198491,
0.200372,
0.194670,
0.176491,
0.159226,
0.147399,
0.141328,
0.141213,
0.144070,
0.149367,
0.155470,
0.162265,
0.168854,
0.176056,
0.182128,
0.187994,
0.194906,
0.200983,
0.198846,
0.190900,
0.180743,
0.174194,
0.170166,
0.163250,
0.155113,
0.146190,
0.138403,
0.132451,
0.128427,
0.126647,
0.125881,
0.124989,
0.124117,
0.123278,
0.122298,
0.121330,
0.120757,
0.120311,
0.120364,
0.121374,
0.122848,
0.124750,
0.127872,
0.132879,
0.139481,
0.147544,
0.155795,
0.162329,
0.166732,
0.170294,
0.174297,
0.178427,
0.183356,
0.188753,
0.194768,
0.200715,
0.206330,
0.211245,
0.215588,
0.220800,
0.226638,
0.233586,
0.240932,
0.247201,
0.251890,
0.255792,
0.258630,
0.261811,
0.087255,
0.154077,
0.186971,
0.222300,
0.164492,
0.161926,
0.267131,
0.187925,
0.157319,
0.148978,
0.073114,
0.055954,
0.064363,
0.046394,
0.063097,
0.049544,
0.047391,
0.070162,
0.040385,
0.113996,
0.048575,
0.045461,
0.046575,
0.050150,
0.048249,
0.054074,
0.053482,
0.054129,
0.053061,
0.048465,
0.042178,
0.041093,
0.039231,
0.036172,
0.048493,
0.041309,
0.037852,
0.035130,
0.044663,
0.079937,
0.055652,
0.056017,
0.061068,
0.068418,
0.075924,
0.084530,
0.093284,
0.122064,
0.165276,
0.197835,
0.215349,
0.204917,
0.200260,
0.198056,
0.202904,
0.197758,
0.190479,
0.183089,
0.181488,
0.192366,
0.174084,
0.177194,
0.173815,
0.169827,
0.164180,
0.172637,
0.171425,
0.169666,
0.163637,
0.153950,
0.137991,
0.113516,
0.103350,
0.102786,
0.105937,
0.108487,
0.109780,
0.112939,
0.112325,
0.115991,
0.117074,
0.125412,
0.135971,
0.152155,
0.141394,
0.136630,
0.140706,
0.143734,
0.141656,
0.146912,
0.138630,
0.123396,
0.111974,
0.104660,
0.087102,
0.086876,
0.081967,
0.074539,
0.075632,
0.055370,
0.055096,
0.053244,
0.050662,
0.047422,
0.042609,
0.037280,
0.031560,
0.026089,
0.021467,
0.017183,
0.013275,
0.010595,
0.009748,
0.009349,
0.009123,
0.009062,
0.009029,
0.009104,
0.009320,
0.009554,
0.009937,
0.010416,
0.010836,
0.011164,
0.011162,
0.010867,
0.010687,
0.010650,
0.010824,
0.011167,
0.011625,
0.012590,
0.014578,
0.017953,
0.021571,
0.025312,
0.028082,
0.030449,
0.032329,
0.032775,
0.031918,
0.030428,
0.028115,
0.025354,
0.022766,
0.021513,
0.021165,
0.021062,
0.022682,
0.026693,
0.030590,
0.034922,
0.038975,
0.043403,
0.047044,
0.051229,
0.056777,
0.062841,
0.066796,
0.066679,
0.062120,
0.056797,
0.051390,
0.045921,
0.041705,
0.039120,
0.037419,
0.037421,
0.038640,
0.040598,
0.044176,
0.048330,
0.053510,
0.064652,
0.081372,
0.098347,
0.114511,
0.123521,
0.129326,
0.132376,
0.133650,
0.131071,
0.127258,
0.120688,
0.111407,
0.098321,
0.085476,
0.075894,
0.069410,
0.065655,
0.063076,
0.061523,
0.063013,
0.066730,
0.067989,
0.065564,
0.061325,
0.058757,
0.054100,
0.049658,
0.046771,
0.044410,
0.041588,
0.039902,
0.041309,
0.044235,
0.048873,
0.054624,
0.061438,
0.068019,
0.072650,
0.074922,
0.076211,
0.078100,
0.081161,
0.085217,
0.090555,
0.094444,
0.098080,
0.098138,
0.096483,
0.094173,
0.091499,
0.088281,
0.084373,
0.079092,
0.073339,
0.067695,
0.062835,
0.058117,
0.053489,
0.049794,
0.047237,
0.045685,
0.045097,
0.044452,
0.043377,
0.042415,
0.041987,
0.041917,
0.041546,
0.041349,
0.040752,
0.039937,
0.039060,
0.037866,
0.036452,
0.034952,
0.034045,
0.033888,
0.034101,
0.035232,
0.037018,
0.039033,
0.040836,
0.043270,
0.047204,
0.052121,
0.056351,
0.058886,
0.060486,
0.060831,
0.060651,
0.060365,
0.058983,
0.056769,
0.054547,
0.052675,
0.050946,
0.050129,
0.050262,
0.052435,
0.055978,
0.059636,
0.062610,
0.064899,
0.065572,
0.065029,
0.064272,
0.063847,
0.063202,
0.062925,
0.062754,
0.062337,
0.062212,
0.061646,
0.060555,
0.058718,
0.056632,
0.054804,
0.053067,
0.050687,
0.048036,
0.045645,
0.043626,
0.042408,
0.042170,
0.042875,
0.043390,
0.044263,
0.045133,
0.046651,
0.047925,
0.050108,
0.052699,
0.053040,
0.051538,
0.048537,
0.045328,
0.041947,
0.038730,
0.035079,
0.032062,
0.029295,
0.026729,
0.025041,
0.023846,
0.023330,
0.022788,
0.022451,
0.022398,
0.022519,
0.022954,
0.023210,
0.023152,
0.023271,
0.023713,
0.024528,
0.025734,
0.027412,
0.029756,
0.032421,
0.034811,
0.037083,
0.039431,
0.042365,
0.045557,
0.048461,
0.050448,
0.052076,
0.053684,
0.054916,
0.056217,
0.056797,
0.056860,
0.057265,
0.057384,
0.056884,
0.056317,
0.056107,
0.056502,
0.057020,
0.057583,
0.058397,
0.059693,
0.061156,
0.062735,
0.064640,
0.066422,
0.068302,
0.069082,
0.069764,
0.070870,
0.072057,
0.073403,
0.074667,
0.075850,
0.077200,
0.078488,
0.080530,
0.083129,
0.086201,
0.089561,
0.092950,
0.095675,
0.097999,
0.099588,
0.100658,
0.100943,
0.100321,
0.099408,
0.098401,
0.098142,
0.097866,
0.097797,
0.098371,
0.098916,
0.098978,
0.098648,
0.098219,
0.097898,
0.098237,
0.099082,
0.099389,
0.102765,
0.106998,
0.110821,
0.115794,
0.118262,
0.119985,
0.120164,
0.118977,
0.117560,
0.115422,
0.112966,
0.110614,
0.108378,
0.106431,
0.102941,
0.099447,
0.097189,
0.096234,
0.095472,
0.095056,
0.094876,
0.094828,
0.092668,
0.089279,
0.083641,
0.078882,
0.076542,
0.075030,
0.075243,
0.077139,
0.079867,
0.083501,
0.087290,
0.093138,
0.099772,
0.107080,
0.112889,
0.117260,
0.118141,
0.118058,
0.116799,
0.113821,
0.108489,
0.102208,
0.096880,
0.091774,
0.088271,
0.086189,
0.084605,
0.083513,
0.083427,
0.083482,
0.083433,
0.084287,
0.085681,
0.087674,
0.090346,
0.092304,
0.094049,
0.096622,
0.099438,
0.103052,
0.106892,
0.110964,
0.115485,
0.121345,
0.128142,
0.135932,
0.144824,
0.155218,
0.167581,
0.182102,
0.198560,
0.217229,
0.238916,
0.262800,
0.289253,
0.315833,
0.343659,
0.373209,
0.406684,
0.439833,
0.473049,
0.505939,
0.538416,
0.565829,
0.588510,
0.608619,
0.626649,
0.643136,
0.657974,
0.668751,
0.674640,
0.680273,
0.686115,
0.688899,
0.691690,
0.697332,
0.691195,
0.685373,
0.680226,
0.674044,
0.668339,
0.664970,
0.663223,
0.661373,
0.661905,
0.662616,
0.663002,
0.657995,
0.652925,
0.649896,
0.639347,
0.630144,
0.624908,
0.622481,
0.621617,
0.619666,
0.617511,
0.615308,
0.612295,
0.606893,
0.601124,
0.597357,
0.594861,
0.592217,
0.586189,
0.577196,
0.564525,
0.549063,
0.532315,
0.515847,
0.499391,
0.484027,
0.470133,
0.458472,
0.447398,
0.436979,
0.427568,
0.419070,
0.412109,
0.406479,
0.402999,
0.400736,
0.400458,
0.402144,
0.405966,
0.411970,
0.421217,
0.434260,
0.451199,
0.488812,
0.530680,
0.577051,
0.627537,
0.681485,
0.737426,
0.797895,
0.860997,
0.926323,
0.991832,
1.058142,
1.126712,
1.196840,
1.268142,
1.338723,
1.410523,
1.484708,
1.561235,
1.639893,
1.719881,
1.801045,
1.880272,
1.959887,
2.037255,
2.110291,
2.183612,
2.258543,
2.332477,
2.406015,
2.478486,
2.550742,
2.620697,
2.685908,
2.749995,
2.812056,
2.869299,
2.920998,
2.970387,
3.013136,
3.053721,
3.090931,
3.127068,
3.160506,
3.192343,
3.222236,
3.251691,
3.280590,
2.140142,
2.008694,
1.904855,
1.993059,
2.060417,
2.077118,
1.911202,
2.108590,
2.201694,
2.491542,
2.730603,
2.910221,
2.740039,
2.929456,
2.754920,
2.770209,
2.710536,
2.248565,
2.146819,
2.314188,
2.198529,
2.177277,
2.084530,
2.052473,
2.030516,
2.022389,
1.902763,
1.848066,
1.842846,
1.882035,
2.022745,
1.907348,
1.887124,
1.914747,
1.846653,
1.778690,
1.796779,
1.688791,
1.641026,
1.675147,
1.908060,
2.054233,
1.918195,
1.893315,
1.836981,
1.879275,
1.794979,
1.716472,
1.722548,
1.751524,
1.853950,
1.797448,
1.801604,
0.522013,
0.714659,
0.589648,
0.433864,
0.506553,
0.423550,
0.435337,
0.535696,
0.702756,
0.582175,
0.675954,
0.724322,
0.786795,
0.879656,
0.995270,
1.114647,
0.964339,
0.896073,
0.836845,
1.018786,
0.977791,
1.029976,
1.040483,
1.075832,
1.203358,
0.883498,
0.684018,
0.385781,
0.612639,
0.566414,
0.657460,
0.647692,
0.632521,
0.675554,
0.607495,
0.636574,
0.664842,
0.674002,
1.009850,
0.779593,
0.832521,
0.743761,
0.699621,
0.675573,
0.526878,
0.519005,
0.512432,
0.533871,
0.740962,
0.749327,
0.818595,
0.827609,
0.686325,
0.684496,
0.628810,
0.614738,
0.689234,
0.703024,
0.984917,
0.794887,
0.949647,
0.912535,
0.801574,
0.814047,
0.847648,
0.877604,
0.916905,
0.834931,
0.847411,
0.740495,
0.812683,
0.847042,
0.820109,
0.918959,
1.114116,
1.233411,
0.994980,
0.932892,
1.094121,
0.902087,
0.980840,
1.026048,
1.115775,
1.085022,
1.157612,
1.138229,
1.249446,
1.304943,
1.337131,
1.225743,
1.316224,
1.317301,
1.283688,
0.027315,
0.049591,
0.105962,
0.069200,
0.083119,
0.046346,
0.077896,
0.060352,
0.089783,
0.087371,
0.108865,
0.100393,
0.096401,
0.094848,
0.129514,
0.155053,
0.166420,
0.198502,
0.199665,
0.451058,
0.287824,
0.311818,
0.320433,
0.323248,
0.321515,
0.294557,
0.290361,
0.324149,
0.340810,
0.391191,
0.429164,
0.485929,
0.538881,
0.558015,
0.595351,
0.618548,
0.621367,
0.618356,
0.534724,
0.898430,
0.778817,
0.826180,
0.752810,
0.742666,
0.836886,
0.827753,
0.830525,
0.935570,
0.940657,
1.060163,
1.060749,
1.107085,
1.175226,
1.212529,
1.199153,
1.186342,
1.150003,
1.102741,
1.006092,
1.540452,
1.487885,
1.584584,
1.536102,
1.377906,
1.490834,
1.625395,
1.598700,
1.890880,
1.764588,
1.999677,
2.025093,
1.963140,
1.919313,
1.853664,
1.728220,
1.752691,
1.840420,
1.674972,
1.558626,
2.150099,
2.129409,
2.123751,
2.094632,
2.171822,
2.233729,
2.080456,
1.942799,
2.239362,
1.804761,
2.178780,
2.636801,
2.280761,
2.350071,
2.367801,
2.235127,
2.276158,
2.541432,
2.452638,
2.891552,
1.680943,
1.685210,
1.690459,
1.704937,
1.719404,
1.741717,
1.767780,
1.791193,
1.811235,
1.858687,
1.871659,
1.872792,
1.887254,
1.905998,
1.926195,
1.946820,
1.969783,
0.335441,
0.312842,
0.339965,
0.329685,
0.364681,
0.388951,
0.325136,
0.338717,
0.430240,
0.402178,
0.423375,
0.515429,
0.502845,
0.563803,
0.517989,
0.564326,
0.678071,
0.660512,
0.747732,
1.400445,
0.994523,
1.004601,
0.976155,
0.928505,
0.862254,
0.767243,
0.706056,
0.645716,
0.671934,
0.634763,
0.691004,
0.695726,
0.634336,
0.656630,
0.613837,
0.608060,
0.647027,
0.627550,
0.583489,
0.969140,
0.746458,
0.766349,
0.751171,
0.777748,
0.771311,
0.782143,
0.835459,
0.857106,
0.837700,
0.826987,
0.898097,
0.924259,
0.923245,
0.994746,
0.979630,
0.955091,
0.950564,
0.944111,
0.888873,
1.135444,
1.037651,
0.987248,
0.993289,
1.029944,
1.046073,
1.039130,
1.026718,
1.064091,
1.012259,
1.027231,
1.097335,
1.096005,
1.096364,
1.156491,
1.152373,
1.155160,
1.065633,
1.084057,
1.134927,
1.330510,
1.610344,
1.340464,
1.229076,
1.127571,
1.330067,
1.383429,
1.354724,
1.630852,
1.427233,
1.536277,
1.763234,
1.793983,
1.671939,
1.703685,
1.685291,
1.765561,
1.537824,
1.940917,
2.053796,
2.724332,
2.730775,
2.720155,
2.699203,
2.710054,
2.730675,
2.808547,
2.840530,
2.798806,
2.761431,
2.801049,
2.823623,
2.843983,
2.842435,
2.725595,
2.767809,
2.778121,
2.774270,
2.766889,
2.732585,
2.723783,
2.742485,
2.759904,
2.744981,
2.712197,
2.720590,
2.717633,
2.719118,
2.734264,
2.768377,
2.806045,
2.819841,
2.808911,
2.800978,
2.792774,
2.782562,
2.834273,
2.783938,
2.749826,
2.710535,
2.663991,
2.643807,
2.604464,
2.537097,
2.473763,
2.434130,
2.409367,
2.405132,
2.403381,
2.374707,
2.314127,
2.259574,
2.229960,
2.203024,
2.162135,
2.122946,
2.096174,
2.074965,
2.047702,
2.026579,
2.035705,
2.024673,
1.987312,
1.948370,
1.919176,
1.905718,
1.905977,
1.914567,
1.839875,
1.727793,
1.623975,
1.550703,
1.489012,
1.431263,
1.379715,
1.335284,
1.295223,
1.251131,
1.218396,
1.189380,
1.182971,
1.181607,
1.146906,
1.130592,
1.101706,
1.071580,
1.039693,
1.003107,
0.973771,
0.937397,
0.898291,
0.860102,
0.829402,
0.801621,
0.770026,
0.728566,
0.698518,
0.672765,
0.646264,
0.621662,
0.604375,
0.586688,
0.579485,
0.577136,
0.583894,
0.592141,
0.608422,
0.640103,
0.643746,
0.623305,
0.603056,
0.591311,
0.592446,
0.642055,
0.644203,
0.632968,
0.626484,
0.628179,
0.627935,
0.625543,
0.630435,
0.627260,
0.649628,
0.653624,
0.656195,
0.676439,
0.701394,
0.765640,
0.830963,
0.835068,
0.849631,
0.823801,
0.788942,
0.786114,
0.789804,
0.801803,
0.799353,
0.532498,
0.556118,
0.517554,
0.515773,
0.526023,
0.541128,
0.602554,
0.606592,
0.648888,
0.743797,
0.743900,
0.740434,
0.743196,
0.779176,
0.793846,
0.770287,
0.733330,
0.712286,
0.668884,
0.611684,
0.567160,
0.577593,
0.498722,
0.428235,
0.415456,
0.441183,
0.454902,
0.458315,
0.416622,
0.339046,
0.359139,
0.376304,
0.426692,
0.492575,
0.593509,
0.602626,
0.617864,
0.699101,
0.663898,
0.625035,
0.601688,
0.630494,
0.570159,
0.513585,
0.451849,
0.409491,
0.299016,
0.236491,
0.219273,
0.217297,
0.239812,
0.223713,
0.187769,
0.166063,
0.160469,
0.141397,
0.120887,
0.107162,
0.050265,
0.048326,
0.038977,
0.111211,
0.084139,
0.075480,
0.074697,
0.108519,
0.090400,
0.067227,
0.086152,
0.105112,
0.138477,
0.144016,
0.155683,
0.173582,
0.177071,
0.173989,
0.152779,
0.145154,
0.080707,
0.070678,
0.173742,
0.168697,
0.132960,
0.117802,
0.122102,
0.143194,
0.130867,
0.093824,
0.103027,
0.123213,
0.133121,
0.136313,
0.111723,
0.149760,
0.088610,
0.089501,
0.090243,
0.126631,
0.110425,
0.013949,
0.018767,
0.025040,
0.033577,
0.042411,
0.048691,
0.054745,
0.061123,
0.064227,
0.063225,
0.057997,
0.051163,
0.043816,
0.036937,
0.034900,
0.033887,
0.033262,
0.032345,
0.031327,
0.032755,
0.036773,
0.045538,
0.055184,
0.062575,
0.069012,
0.084729,
0.112998,
0.139682,
0.149923,
0.148504,
0.139656,
0.127368,
0.114506,
0.101654,
0.086914,
0.072720,
0.060181,
0.050213,
0.045128,
0.042044,
0.042372,
0.048287,
0.056733,
0.076292,
0.125035,
0.213752,
0.264288,
0.293432,
0.313661,
0.323552,
0.331327,
0.334223,
0.322640,
0.292742,
0.241977,
0.184648,
0.137059,
0.107733,
0.086733,
0.076271,
0.072887,
0.077518,
0.088732,
0.097606,
0.099428,
0.112237,
0.126410,
0.134883,
0.136050,
0.127065,
0.115072,
0.103614,
0.092247,
0.080897,
0.073869,
0.070044,
0.070556,
0.072989,
0.076538,
0.082547,
0.088552,
0.093598,
0.096940,
0.097090,
0.097388,
0.099996,
0.106245,
0.111783,
0.118310,
0.123960,
0.125098,
0.123515,
0.119151,
0.110178,
0.103999,
0.102739,
0.101827,
0.099816,
0.094927,
0.088255,
0.081070,
0.073805,
0.065659,
0.058242,
0.052928,
0.049546,
0.047211,
0.044658,
0.043177,
0.042552,
0.041900,
0.040932,
0.039279,
0.037614,
0.036568,
0.036523,
0.037361,
0.038479,
0.038890,
0.038329,
0.037097,
0.036147,
0.035180,
0.034417,
0.034174,
0.034541,
0.036122,
0.039958,
0.048056,
0.060140,
0.070312,
0.076497,
0.079973,
0.081718,
0.082564,
0.082312,
0.079702,
0.075660,
0.071142,
0.067276,
0.063683,
0.060528,
0.059228,
0.058337,
0.058800,
0.058903,
0.058785,
0.057322,
0.055873,
0.055493,
0.056419,
0.059723,
0.065703,
0.073048,
0.081090,
0.085974,
0.085583,
0.081391,
0.075901,
0.070178,
0.064126,
0.058393,
0.053090,
0.047498,
0.042103,
0.037301,
0.034214,
0.033452,
0.035062,
0.037782,
0.040247,
0.046364,
0.056618,
0.073440,
0.089545,
0.092748,
0.086295,
0.076652,
0.066164,
0.056369,
0.047867,
0.040812,
0.035716,
0.031742,
0.028292,
0.025269,
0.022435,
0.020515,
0.019253,
0.019436,
0.021271,
0.023720,
0.024872,
0.024118,
0.023006,
0.021045,
0.019449,
0.018699,
0.018727,
0.019579,
0.021544,
0.024181,
0.027521,
0.030787,
0.033391,
0.036063,
0.038552,
0.040776,
0.043690,
0.046862,
0.049053,
0.052564,
0.055409,
0.058793,
0.061244,
0.062782,
0.065186,
0.066641,
0.067839,
0.068236,
0.067596,
0.066729,
0.065732,
0.062985,
0.060062,
0.057961,
0.057088,
0.058925,
0.061830,
0.063921,
0.065468,
0.066508,
0.067873,
0.069509,
0.072433,
0.075682,
0.079447,
0.083675,
0.085719,
0.087173,
0.087678,
0.088248,
0.090096,
0.092558,
0.095753,
0.099197,
0.102622,
0.106613,
0.109497,
0.112200,
0.114158,
0.115305,
0.114495,
0.112669,
0.109264,
0.104738,
0.100488,
0.096457,
0.093065,
0.089893,
0.086752,
0.084580,
0.082231,
0.079748,
0.077784,
0.076860,
0.075349,
0.073713,
0.071214,
0.066242,
0.060410,
0.056333,
0.052761,
0.049344,
0.045919,
0.044040,
0.042728,
0.041793,
0.041040,
0.040160,
0.039374,
0.038074,
0.036723,
0.034766,
0.032258,
0.029342,
0.026483,
0.024439,
0.022757,
0.021084,
0.019483,
0.018201,
0.017052,
0.016204,
0.015815,
0.015803,
0.016036,
0.016457,
0.015964,
0.015006,
0.014021,
0.013237,
0.012439,
0.011465,
0.010215,
0.008846,
0.007749,
0.007179,
0.006712,
0.006281,
0.005811,
0.005480,
0.005243,
0.005124,
0.005216,
0.005580,
0.005998,
0.006382,
0.006844,
0.007456,
0.008251,
0.009252,
0.010546,
0.012203,
0.013919,
0.015640,
0.017387,
0.019559,
0.021540,
0.023141,
0.024377,
0.025513,
0.026596,
0.027811,
0.029242,
0.030662,
0.032134,
0.033694,
0.035016,
0.036734,
0.039090,
0.042400,
0.046706,
0.051422,
0.057548,
0.064145,
0.071073,
0.077559,
0.083921,
0.089652,
0.094977,
0.100203,
0.104760,
0.109300,
0.114636,
0.120293,
0.125773,
0.131255,
0.136543,
0.142569,
0.150500,
0.159575,
0.168934,
0.176505,
0.181719,
0.185409,
0.187547,
0.187201,
0.185863,
0.184390,
0.183392,
0.182672,
0.183357,
0.187720,
0.198052,
0.211190,
0.224353,
0.237331,
0.251432,
0.264072,
0.276288,
0.286371,
0.296363,
0.307638,
0.313733,
0.320523,
0.326659,
0.331835,
0.336661,
0.343362,
0.350912,
0.358083,
0.365103,
0.370476,
0.373101,
0.373128,
0.373690,
0.432196,
0.487929,
0.535447,
0.579625,
0.616792,
0.646050,
0.676344,
0.707499,
0.741328,
0.775859,
0.810703,
0.845680,
0.879960,
0.913184,
0.944527,
0.972722,
0.997521,
1.019240,
1.037395,
1.053093,
1.066918,
1.080125,
1.095371,
1.112688,
1.132927,
1.155975,
1.181839,
1.210907,
1.242990,
1.276592,
1.311663,
1.344628,
1.376749,
1.408253,
1.438072,
1.465891,
1.491304,
1.513328,
1.530728,
1.545551,
1.560673,
1.573966,
1.587070,
1.600450,
1.618987,
1.637661,
1.654479,
1.673176,
1.691333,
1.709744,
1.727554,
1.746403,
1.765459,
1.808141,
1.848013,
1.884148,
1.916132,
1.942560,
1.963785,
1.980691,
1.991224,
1.997043,
2.002616,
2.009690,
2.016050,
2.025507,
2.036791,
2.049011,
2.061044,
2.073202,
2.085879,
2.102257,
2.122051,
2.146024,
2.172647,
2.201545,
2.231761,
2.264240,
2.298740,
2.333995,
2.368487,
2.404163,
2.439171,
2.473609,
2.508135,
2.542335,
2.575621,
2.610335,
2.648244,
2.687385,
2.726619,
2.765776,
2.804757,
2.843281,
2.882075,
2.921192,
2.960456,
3.000447,
3.040486,
3.080210,
2.126824,
2.273295,
2.418690,
2.577178,
2.588947,
2.615428,
2.543189,
2.519295,
2.599503,
2.760942,
2.642987,
2.618603,
2.670422,
2.912293,
2.535433,
2.708167,
2.738191,
2.874327,
2.490329,
1.880396,
2.430089,
2.551332,
2.666127,
2.676545,
2.550476,
2.562115,
2.567702,
2.472633,
2.522098,
2.555640,
2.464396,
2.475921,
2.477770,
2.432384,
2.464587,
2.434574,
2.626685,
2.574591,
2.635169,
2.285933,
2.739620,
2.789047,
2.782387,
2.857279,
2.791940,
2.780563,
2.774426,
2.673708,
2.690123,
2.758799,
2.696498,
2.705446,
2.670301,
0.541317,
0.516374,
0.532211,
0.635831,
0.727841,
0.581200,
0.733806,
0.538179,
0.578735,
0.576204,
0.706756,
0.631253,
0.505578,
0.512877,
0.385841,
0.390050,
0.417408,
0.326640,
0.327991,
0.817225,
0.322600,
0.265766,
0.236402,
0.273517,
0.363910,
0.261741,
0.297756,
0.257396,
0.269346,
0.247264,
0.231117,
0.275285,
0.237056,
0.258011,
0.213196,
0.231895,
0.246941,
0.228301,
0.228088,
0.441061,
0.251652,
0.242798,
0.233538,
0.223718,
0.204705,
0.273840,
0.391575,
0.418525,
0.459465,
0.495192,
0.517812,
0.550394,
0.572260,
0.593373,
0.625412,
0.654408,
0.688423,
0.716332,
0.744189,
0.764934,
0.743646,
0.746316,
0.802518,
0.841487,
0.851559,
0.878366,
0.942406,
0.994049,
1.023401,
1.067247,
1.098482,
1.126648,
1.153218,
1.172932,
1.202960,
1.216663,
1.246923,
1.245611,
1.191501,
1.126469,
1.155004,
1.095129,
1.058051,
1.030119,
1.020621,
1.035264,
1.042521,
1.090671,
1.041860,
1.037336,
1.056674,
1.049383,
1.009421,
0.723619,
0.686057,
0.689238,
0.648966,
0.632329,
0.539465,
0.457735,
0.431063,
0.420679,
0.387233,
0.337538,
0.285470,
0.235310,
0.191235,
0.153377,
0.110201,
0.132240,
0.116691,
0.101820,
0.175754,
0.197809,
0.327519,
0.304286,
0.354773,
0.347745,
0.443281,
0.437827,
0.429987,
0.520059,
0.560453,
0.702346,
0.794054,
0.924656,
1.034907,
1.150982,
1.164494,
1.083341,
1.006243,
0.806805,
0.589152,
0.773774,
1.050690,
0.990019,
1.003500,
0.990590,
1.078647,
1.013204,
0.943070,
0.996499,
1.055105,
1.188180,
1.215521,
1.219777,
1.279396,
1.316772,
1.358151,
1.338917,
1.358325,
1.148459,
0.749426,
1.194316,
1.690521,
1.626587,
1.656903,
1.685670,
1.808774,
1.714239,
1.627096,
1.754210,
1.841841,
1.987005,
1.978931,
1.957675,
1.959147,
2.041166,
2.071060,
1.844834,
1.907972,
1.607958,
1.061857,
2.188697,
2.254210,
2.192890,
2.043868,
2.248895,
2.459419,
2.456819,
2.373191,
2.466953,
2.540864,
2.360384,
2.398666,
2.437816,
2.586647,
3.103683,
3.313326,
2.240216,
2.517151,
2.745540,
1.941921,
1.970645,
1.998772,
2.025013,
2.049839,
2.074265,
2.098506,
2.122223,
2.145828,
2.168588,
2.190467,
2.211515,
2.231748,
2.251314,
2.269948,
2.287554,
2.303804,
0.753022,
0.731357,
0.748975,
0.732248,
0.754727,
0.779962,
0.706830,
0.690988,
0.746101,
0.694049,
0.664330,
0.696423,
0.632703,
0.645028,
0.573427,
0.582008,
0.611603,
0.539248,
0.542675,
1.040053,
0.584578,
0.605808,
0.589983,
0.601127,
0.630751,
0.606148,
0.595146,
0.571022,
0.594265,
0.531639,
0.539507,
0.563850,
0.522912,
0.549257,
0.517073,
0.519610,
0.537067,
0.515182,
0.482452,
0.847507,
0.627707,
0.652992,
0.645252,
0.673572,
0.673063,
0.673661,
0.702646,
0.700515,
0.685219,
0.663832,
0.717171,
0.719874,
0.703149,
0.755507,
0.728361,
0.714669,
0.716620,
0.737588,
0.730819,
1.002244,
0.885422,
0.846344,
0.843057,
0.877599,
0.880990,
0.873175,
0.904700,
0.934977,
0.888924,
0.891544,
0.977794,
0.983813,
0.976162,
1.028686,
1.025007,
1.012504,
0.930711,
0.959384,
0.992958,
1.192797,
1.351923,
1.106521,
0.990084,
0.901433,
1.068070,
1.121970,
1.101836,
1.305806,
1.142339,
1.231787,
1.436899,
1.470063,
1.356322,
1.352600,
1.340036,
1.424135,
1.231616,
1.605146,
1.692343,
2.234692,
2.233796,
2.232953,
2.232191,
2.231525,
2.230952,
2.230502,
2.230171,
2.229944,
2.229821,
2.229810,
2.229904,
2.230103,
2.230408,
2.230823,
2.231359,
2.232011,
2.232782,
2.233680,
2.234694,
2.235877,
2.237231,
2.238689,
2.240246,
2.241840,
2.243440,
2.245115,
2.246971,
2.248886,
2.250870,
2.252931,
2.255091,
2.257349,
2.259685,
2.262090,
2.264555,
2.267039,
2.241365,
2.215607,
2.189625,
2.163528,
2.137205,
2.110604,
2.083702,
2.056406,
2.028678,
2.000601,
1.972113,
1.943294,
1.914126,
1.884687,
1.855209,
1.825464,
1.795433,
1.765114,
1.734478,
1.703419,
1.672217,
1.640818,
1.609373,
1.577960,
1.546395,
1.514677,
1.482891,
1.451124,
1.419214,
1.387351,
1.355688,
1.324279,
1.293222,
1.262485,
1.232286,
1.202558,
1.173356,
1.144702,
1.116639,
1.089155,
1.062240,
1.035985,
1.010473,
0.985758,
0.961793,
0.938517,
0.916042,
0.894414,
0.873710,
0.853949,
0.835089,
0.817122,
0.800065,
0.783891,
0.768671,
0.754591,
0.741718,
0.729985,
0.719479,
0.710220,
0.702224,
0.695357,
0.689738,
0.685318,
0.681990,
0.679888,
0.679209,
0.679878,
0.681728,
0.684519,
0.688374,
0.693061,
0.698746,
0.705316,
0.712968,
0.721434,
0.731126,
0.741738,
0.753413,
0.766455,
0.780653,
0.795637,
0.812164,
0.829754,
0.847532,
0.866258,
0.884751,
0.902678,
0.919703,
0.935021,
0.948123,
0.959661,
0.969395,
0.976706,
0.981735,
0.985415,
0.987987,
0.989724,
0.991122,
0.992621,
0.775431,
0.778311,
0.734029,
0.715349,
0.657094,
0.610062,
0.572486,
0.525849,
0.486583,
0.445949,
0.381923,
0.344163,
0.292591,
0.258341,
0.218321,
0.204288,
0.166831,
0.155342,
0.148538,
0.148921,
0.123769,
0.153239,
0.127178,
0.118991,
0.120347,
0.142606,
0.134181,
0.130124,
0.142163,
0.145477,
0.178325,
0.194360,
0.223398,
0.250840,
0.316035,
0.325363,
0.291021,
0.309208,
0.279244,
0.291782,
0.307542,
0.364905,
0.364353,
0.370950,
0.386106,
0.426472,
0.421451,
0.417338,
0.435740,
0.453595,
0.483641,
0.484974,
0.486750,
0.489019,
0.498923,
0.481653,
0.460710,
0.446714,
0.393150,
0.396121,
0.378682,
0.438970,
0.410224,
0.396010,
0.389596,
0.416566,
0.394470,
0.363706,
0.371748,
0.379153,
0.394401,
0.375189,
0.357239,
0.339995,
0.313042,
0.287814,
0.255239,
0.242502,
0.176843,
0.158868,
0.246208,
0.229307,
0.182849,
0.163366,
0.160000,
0.177858,
0.163452,
0.122978,
0.125415,
0.138794,
0.149908,
0.151614,
0.133256,
0.173862,
0.102557,
0.096042,
0.109832,
0.141227,
0.113317,
0.019824,
0.018227,
0.016727,
0.015240,
0.013920,
0.012847,
0.011785,
0.011055,
0.010327,
0.009732,
0.009179,
0.008755,
0.008480,
0.008388,
0.008341,
0.008347,
0.008385,
0.008235,
0.008058,
0.007916,
0.007841,
0.007763,
0.007757,
0.007809,
0.007974,
0.008148,
0.008489,
0.008904,
0.009418,
0.010252,
0.011405,
0.012646,
0.013788,
0.014575,
0.015030,
0.015227,
0.015045,
0.014756,
0.013993,
0.013063,
0.012171,
0.011728,
0.011340,
0.011183,
0.011229,
0.011617,
0.012165,
0.012657,
0.013656,
0.014734,
0.015650,
0.016756,
0.017779,
0.018623,
0.019166,
0.019513,
0.019758,
0.019782,
0.019909,
0.020157,
0.020618,
0.021395,
0.022416,
0.023354,
0.024220,
0.025034,
0.026069,
0.027356,
0.028621,
0.029942,
0.031841,
0.033642,
0.035119,
0.036769,
0.037865,
0.038966,
0.039851,
0.040533,
0.041037,
0.041835,
0.042925,
0.043858,
0.043910,
0.043759,
0.043149,
0.042630,
0.042038,
0.040547,
0.038674,
0.036837,
0.034979,
0.032867,
0.030521,
0.028256,
0.026438,
0.025404,
0.024527,
0.024058,
0.024316,
0.025558,
0.027454,
0.030043,
0.032848,
0.036322,
0.040438,
0.044574,
0.048681,
0.052635,
0.055469,
0.057178,
0.057776,
0.057739,
0.057362,
0.057149,
0.056927,
0.056708,
0.057380,
0.058152,
0.059162,
0.060129,
0.060684,
0.060630,
0.059456,
0.057597,
0.055183,
0.052450,
0.049905,
0.047705,
0.045928,
0.044443,
0.043383,
0.042561,
0.041894,
0.041228,
0.040674,
0.040184,
0.039661,
0.039101,
0.038488,
0.037392,
0.036439,
0.035693,
0.034827,
0.034149,
0.033614,
0.033192,
0.032818,
0.032610,
0.032776,
0.033173,
0.033791,
0.034772,
0.035859,
0.036806,
0.037637,
0.037909,
0.037878,
0.037184,
0.036321,
0.035178,
0.034396,
0.033453,
0.032323,
0.030854,
0.029248,
0.027811,
0.026682,
0.026185,
0.026272,
0.027430,
0.029722,
0.032520,
0.034758,
0.036316,
0.038184,
0.039383,
0.040394,
0.041470,
0.042195,
0.042659,
0.042614,
0.042291,
0.041828,
0.041325,
0.040953,
0.041282,
0.042024,
0.043554,
0.044343,
0.044893,
0.044534,
0.043527,
0.042457,
0.041669,
0.041481,
0.041251,
0.040521,
0.039977,
0.039941,
0.039828,
0.039805,
0.040304,
0.040775,
0.041426,
0.041811,
0.042210,
0.042244,
0.041737,
0.040840,
0.039621,
0.037794,
0.036388,
0.035149,
0.034057,
0.033127,
0.032316,
0.031598,
0.030999,
0.031115,
0.031631,
0.032677,
0.033703,
0.034793,
0.036224,
0.037920,
0.039969,
0.041719,
0.043263,
0.044632,
0.045773,
0.047437,
0.049046,
0.050728,
0.052306,
0.053310,
0.054261,
0.054973,
0.055480,
0.055845,
0.056189,
0.056462,
0.056758,
0.057070,
0.057549,
0.058299,
0.059166,
0.060171,
0.061285,
0.062220,
0.062936,
0.063879,
0.064831,
0.065930,
0.067194,
0.068319,
0.068812,
0.069128,
0.068988,
0.068768,
0.068779,
0.069162,
0.069478,
0.069578,
0.070103,
0.071037,
0.072429,
0.074019,
0.076132,
0.078465,
0.080751,
0.083486,
0.086406,
0.089353,
0.092331,
0.095162,
0.098060,
0.101011,
0.103749,
0.106318,
0.108277,
0.109735,
0.110350,
0.109433,
0.109540,
0.110395,
0.112505,
0.115080,
0.118606,
0.123452,
0.129578,
0.135780,
0.142824,
0.150821,
0.159487,
0.169893,
0.181457,
0.194043,
0.205200,
0.213019,
0.219890,
0.227765,
0.234492,
0.241533,
0.248871,
0.256946,
0.265173,
0.272131,
0.276929,
0.282552,
0.289740,
0.298267,
0.306961,
0.318999,
0.331729,
0.339481,
0.344758,
0.348561,
0.353375,
0.357405,
0.362330,
0.367932,
0.373857,
0.380590,
0.387233,
0.391184,
0.395411,
0.397164,
0.398337,
0.397425,
0.393644,
0.389667,
0.386393,
0.380082,
0.369874,
0.358755,
0.347886,
0.337585,
0.328875,
0.321716,
0.315617,
0.309366,
0.304277,
0.299488,
0.295333,
0.292273,
0.290243,
0.288906,
0.288492,
0.288309,
0.287905,
0.288557,
0.291178,
0.296755,
0.303771,
0.312433,
0.322450,
0.333241,
0.345925,
0.360284,
0.377752,
0.396671,
0.417546,
0.440872,
0.464200,
0.487621,
0.510166,
0.531373,
0.550741,
0.569181,
0.586705,
0.602847,
0.617756,
0.631639,
0.644428,
0.656283,
0.667094,
0.675780,
0.682004,
0.686786,
0.690462,
0.692997,
0.695507,
0.697112,
0.698617,
0.700672,
0.702971,
0.705168,
0.707310,
0.709306,
0.710775,
0.712121,
0.713115,
0.714143,
0.715571,
0.716766,
0.718227,
0.719923,
0.722166,
0.725387,
0.728813,
0.732278,
0.737174,
0.741638,
0.745106,
0.746272,
0.745706,
0.743877,
0.741181,
0.737864,
0.733440,
0.728346,
0.723652,
0.720112,
0.718420,
0.717632,
0.722148,
0.726525,
0.732525,
0.740532,
0.750535,
0.761912,
0.775622,
0.790886,
0.807438,
0.825809,
0.846283,
0.868473,
0.892238,
0.917810,
0.945037,
0.974283,
1.005797,
1.039216,
1.074002,
1.110146,
1.147445,
1.186077,
1.225533,
1.265854,
1.306415,
1.346969,
1.387585,
1.427911,
1.467860,
1.506926,
1.546050,
1.584419,
1.622209,
1.659210,
1.695332,
1.730988,
1.765931,
1.800481,
1.835995,
1.871255,
1.905185,
1.938445,
1.971038,
2.002954,
2.033922,
2.063208,
2.091239,
1.026300,
1.295155,
1.263925,
1.526371,
1.400302,
1.328076,
1.259522,
1.221898,
1.173132,
1.326699,
1.199368,
1.136335,
1.176329,
1.489419,
1.332206,
1.520545,
1.442930,
1.565806,
1.160647,
0.653182,
0.737005,
0.664140,
0.713824,
0.763148,
0.704067,
0.648312,
0.640409,
0.632388,
0.602101,
0.670646,
0.648215,
0.582138,
0.575020,
0.563452,
0.552476,
0.543666,
0.575946,
0.628371,
0.650219,
1.778458,
0.742989,
0.645052,
0.592276,
0.635841,
0.630788,
0.645996,
0.648891,
0.638756,
0.613782,
0.618271,
0.638692,
0.607571,
0.602259,
0.073763,
0.069647,
0.071800,
0.067294,
0.081889,
0.101097,
0.214101,
0.111485,
0.071722,
0.084619,
0.079124,
0.097200,
0.099775,
0.115497,
0.111915,
0.115608,
0.119481,
0.140029,
0.127708,
0.179542,
0.121114,
0.106787,
0.086961,
0.094105,
0.092016,
0.120940,
0.179569,
0.102900,
0.096460,
0.104902,
0.132743,
0.115818,
0.122870,
0.143990,
0.123928,
0.142777,
0.162127,
0.185573,
0.190971,
0.171052,
0.188890,
0.172532,
0.118403,
0.094000,
0.115035,
0.215324,
0.084990,
0.100186,
0.109514,
0.109419,
0.143846,
0.149521,
0.150124,
0.168451,
0.154533,
0.161831,
0.178778,
0.190500,
0.196294,
0.226226,
0.186053,
0.153420,
0.133192,
0.122494,
0.115503,
0.115141,
0.116417,
0.117953,
0.112150,
0.106970,
0.140775,
0.147155,
0.156494,
0.185275,
0.181242,
0.201623,
0.208388,
0.223880,
0.194552,
0.254531,
0.202254,
0.225062,
0.207030,
0.211066,
0.212993,
0.214789,
0.231659,
0.199671,
0.221994,
0.243220,
0.261044,
0.265920,
0.276870,
0.088169,
0.110666,
0.118628,
0.119338,
0.155541,
0.159105,
0.204675,
0.180218,
0.153131,
0.181145,
0.112340,
0.087318,
0.084172,
0.076526,
0.078024,
0.067736,
0.088018,
0.117527,
0.128812,
0.183635,
0.152089,
0.175504,
0.199876,
0.211209,
0.220478,
0.241812,
0.285093,
0.281503,
0.285194,
0.313275,
0.287389,
0.315992,
0.345774,
0.370134,
0.378651,
0.362314,
0.354419,
0.402287,
0.423453,
0.538109,
0.379033,
0.442491,
0.512417,
0.547604,
0.558235,
0.573921,
0.642616,
0.638254,
0.567070,
0.523250,
0.458710,
0.476865,
0.542443,
0.596752,
0.591876,
0.517944,
0.465693,
0.588273,
0.650431,
0.932994,
0.576250,
0.681718,
0.794796,
0.897235,
0.933744,
0.920911,
0.990210,
1.050753,
0.892330,
0.776218,
0.749497,
0.724892,
0.803092,
0.920257,
0.904712,
0.774757,
0.705127,
0.847627,
0.961461,
1.444022,
0.825522,
0.923236,
1.112859,
1.244725,
1.294143,
1.303180,
1.331007,
1.529755,
1.300738,
1.070363,
1.104991,
1.079785,
1.147190,
1.291375,
1.338780,
1.288711,
1.268155,
1.305718,
1.452929,
2.387921,
2.428276,
2.473767,
2.524869,
2.577832,
2.630156,
2.680745,
2.727522,
2.777419,
2.828287,
2.878929,
2.933531,
2.985250,
3.044183,
3.111833,
3.164462,
3.181010,
1.894591,
2.097888,
1.879921,
1.634079,
1.742601,
1.863447,
1.958300,
1.768263,
1.823392,
1.663446,
1.788750,
1.744824,
2.005252,
2.041777,
2.227813,
2.156599,
1.822897,
1.572050,
1.360035,
1.305388,
1.239023,
1.362054,
1.316346,
1.155404,
1.145444,
1.135419,
1.103983,
1.024400,
0.923404,
0.788504,
0.749141,
0.722120,
0.768986,
0.742900,
0.873535,
0.871588,
0.796498,
0.729586,
0.524449,
0.616959,
0.566292,
0.549811,
0.536007,
0.458737,
0.403197,
0.382473,
0.361609,
0.361761,
0.289972,
0.253795,
0.205481,
0.154360,
0.175004,
0.169910,
0.214007,
0.214359,
0.194092,
0.171742,
0.107653,
0.196675,
0.123918,
0.131152,
0.152002,
0.133371,
0.124493,
0.125016,
0.120308,
0.151784,
0.141960,
0.182445,
0.178320,
0.184621,
0.209455,
0.208145,
0.213712,
0.221302,
0.238825,
0.263413,
0.256402,
0.324176,
0.336232,
0.343769,
0.332790,
0.336037,
0.321946,
0.301201,
0.295418,
0.262911,
0.260597,
0.247925,
0.229351,
0.222107,
0.229535,
0.234177,
0.245175,
0.249947,
0.249582,
0.241127,
0.281624,
0.460948,
0.457822,
0.465268,
0.474528,
0.479023,
0.479750,
0.487126,
0.502397,
0.516061,
0.526994,
0.536775,
0.540795,
0.530156,
0.520387,
0.527139,
0.529354,
0.521896,
0.511398,
0.505289,
0.505831,
0.516558,
0.527666,
0.529839,
0.522912,
0.517869,
0.503952,
0.493093,
0.492666,
0.502430,
0.506428,
0.504830,
0.502594,
0.498128,
0.486888,
0.490806,
0.508642,
0.514467,
0.498764,
0.491529,
0.492455,
0.495886,
0.505067,
0.523637,
0.527902,
0.503861,
0.459907,
0.396075,
0.354047,
0.334329,
0.320686,
0.309014,
0.295672,
0.283075,
0.272583,
0.252161,
0.228489,
0.211031,
0.202398,
0.200941,
0.204958,
0.214007,
0.221231,
0.226127,
0.229985,
0.236636,
0.250192,
0.266774,
0.284168,
0.307866,
0.333936,
0.347005,
0.346312,
0.330523,
0.298700,
0.270302,
0.259470,
0.257204,
0.259989,
0.266639,
0.277513,
0.289324,
0.298138,
0.304539,
0.309169,
0.311317,
0.316865,
0.327914,
0.344922,
0.360305,
0.371868,
0.380474,
0.386410,
0.391347,
0.397040,
0.404454,
0.413546,
0.423544,
0.434551,
0.447685,
0.462160,
0.476506,
0.489284,
0.502350,
0.515143,
0.527625,
0.540190,
0.552604,
0.564836,
0.577739,
0.590909,
0.605207,
0.620752,
0.635609,
0.648191,
0.658808,
0.670811,
0.685210,
0.701346,
0.718844,
0.737471,
0.757864,
0.780305,
0.805410,
0.833367,
0.861909,
0.891544,
0.922604,
0.954822,
0.988559,
1.020688,
1.052985,
1.084903,
1.115092,
1.139406,
1.161610,
1.185477,
1.208243,
0.216473,
0.219535,
0.203831,
0.202907,
0.176633,
0.164020,
0.181589,
0.165540,
0.174240,
0.164762,
0.170642,
0.139570,
0.118551,
0.089669,
0.129016,
0.127441,
0.093614,
0.078845,
0.037523,
0.284513,
0.028674,
0.039366,
0.042163,
0.038357,
0.030194,
0.022610,
0.021804,
0.008688,
0.009234,
0.010127,
0.009799,
0.011834,
0.016083,
0.014790,
0.018374,
0.019025,
0.010512,
0.007546,
0.011036,
0.124601,
0.011660,
0.017435,
0.015481,
0.014450,
0.017434,
0.014443,
0.011361,
0.018736,
0.012074,
0.021674,
0.021688,
0.019981,
0.023976,
0.024454,
0.020092,
0.021290,
0.014983,
0.008874,
0.005378,
0.148708,
0.030028,
0.041472,
0.033083,
0.020314,
0.029173,
0.040652,
0.022353,
0.054906,
0.030010,
0.059529,
0.076409,
0.067983,
0.065273,
0.056408,
0.050456,
0.056029,
0.065831,
0.051836,
0.038089,
0.241139,
0.098079,
0.090367,
0.085400,
0.105625,
0.122747,
0.093946,
0.082573,
0.117299,
0.070822,
0.122372,
0.208306,
0.141838,
0.159345,
0.163736,
0.149903,
0.153218,
0.187585,
0.182497,
0.284594,
0.138247,
0.146774,
0.155799,
0.164397,
0.172293,
0.179878,
0.187800,
0.194684,
0.197651,
0.198382,
0.198300,
0.196937,
0.195673,
0.193688,
0.192829,
0.191052,
0.188563,
0.186151,
0.182202,
0.177303,
0.168498,
0.160207,
0.151990,
0.145864,
0.140008,
0.132814,
0.124701,
0.117392,
0.110932,
0.103788,
0.095721,
0.086232,
0.077377,
0.070033,
0.063554,
0.058398,
0.054637,
0.052187,
0.049962,
0.047378,
0.046087,
0.044179,
0.041887,
0.040103,
0.038309,
0.036542,
0.034693,
0.032241,
0.030801,
0.030033,
0.029520,
0.028798,
0.028553,
0.028356,
0.027583,
0.026656,
0.026268,
0.025580,
0.024291,
0.022970,
0.022221,
0.021763,
0.021184,
0.020583,
0.019449,
0.017936,
0.016669,
0.016074,
0.016521,
0.016959,
0.017216,
0.017828,
0.018343,
0.018460,
0.018306,
0.017887,
0.017980,
0.018609,
0.019225,
0.019942,
0.020114,
0.020424,
0.020257,
0.019690,
0.019357,
0.019499,
0.020045,
0.020698,
0.021107,
0.021451,
0.021927,
0.022397,
0.022936,
0.023454,
0.024388,
0.025525,
0.026983,
0.028575,
0.030762,
0.033492,
0.036677,
0.040026,
0.043370,
0.046963,
0.051110,
0.056298,
0.063857,
0.072115,
0.080229,
0.087487,
0.093239,
0.097968,
0.101691,
0.105256,
0.111153,
0.117931,
0.125972,
0.134293,
0.143124,
0.152216,
0.161627,
0.172865,
0.185903,
0.201096,
0.216856,
0.231487,
0.242727,
0.251544,
0.257238,
0.256737,
0.253053,
0.248499,
0.242319,
0.236454,
0.231637,
0.231323,
0.237503,
0.244590,
0.254280,
0.265693,
0.275967,
0.282502,
0.291770,
0.302571,
0.310714,
0.314541,
0.318019,
0.320543,
0.323498,
0.323901,
0.325897,
0.330625,
0.334669,
0.335434,
0.332278,
0.324769,
0.316125,
0.305398,
0.289110,
0.268681,
0.249197,
0.230694,
0.209986,
0.188691,
0.167703,
0.149104,
0.133460,
0.122480,
0.115578,
0.113109,
0.114394,
0.118938,
0.166430,
0.209972,
0.250693,
0.288530,
0.319637,
0.348297,
0.374830,
0.400962,
0.426351,
0.452581,
0.480817,
0.511433,
0.544827,
0.579262,
0.615352,
0.652018,
0.688724,
0.724806,
0.758655,
0.790383,
0.820228,
0.845647,
0.866616,
0.883815,
0.897191,
0.908590,
0.918207,
0.929003,
0.939801,
0.952089,
0.967619,
0.985117,
1.004083,
1.020478,
1.038726,
1.056700,
1.071491,
1.087488,
1.101264,
1.112316,
1.119680,
1.123061,
1.124523,
1.121229,
1.112937,
1.098514,
1.078325,
1.053536,
1.026166,
0.996497,
0.969505,
0.942572,
0.917641,
0.903965,
0.890264,
0.879115,
0.871543,
0.866252,
0.861420,
0.858726,
0.858778,
0.863176,
0.868626,
0.875962,
0.883495,
0.890602,
0.897506,
0.904721,
0.913318,
0.922858,
0.932057,
0.940980,
0.950495,
0.959661,
0.968913,
0.979034,
0.989888,
1.001076,
1.013426,
1.026248,
1.040120,
1.054339,
1.068516,
1.082423,
1.096511,
1.111660,
1.128114,
1.145436,
1.163998,
1.183791,
1.205534,
1.228510,
1.253282,
1.280570,
1.309894,
1.340755,
1.374351,
1.410430,
1.448611,
1.489394,
0.830560,
0.894231,
0.916455,
0.962307,
0.927331,
0.898178,
0.897700,
0.881235,
0.850993,
0.891425,
0.863066,
0.780349,
0.855609,
0.996109,
0.978468,
1.022532,
0.925172,
0.959808,
0.775452,
0.824112,
0.666341,
0.628735,
0.649808,
0.693479,
0.680127,
0.658714,
0.658797,
0.645382,
0.654160,
0.672122,
0.671584,
0.662516,
0.663387,
0.673949,
0.676611,
0.684758,
0.709639,
0.738638,
0.724613,
0.941206,
0.764013,
0.753351,
0.751858,
0.775501,
0.780345,
0.781674,
0.788812,
0.780182,
0.778429,
0.779696,
0.773221,
0.775077,
0.772078,
0.057419,
0.074659,
0.073450,
0.056494,
0.062669,
0.063558,
0.089621,
0.068980,
0.064858,
0.052905,
0.078784,
0.079683,
0.070645,
0.094925,
0.072004,
0.075104,
0.091005,
0.071907,
0.084857,
0.257510,
0.082772,
0.080004,
0.081105,
0.074074,
0.091730,
0.079758,
0.083996,
0.096656,
0.099961,
0.102750,
0.115279,
0.117745,
0.139199,
0.165183,
0.162434,
0.184680,
0.194686,
0.166007,
0.179727,
0.185028,
0.169554,
0.173523,
0.204179,
0.163453,
0.152358,
0.139845,
0.214501,
0.225124,
0.216903,
0.263571,
0.300226,
0.309466,
0.329429,
0.329756,
0.350876,
0.352367,
0.358162,
0.381898,
0.402220,
0.354147,
0.413698,
0.404185,
0.416007,
0.410707,
0.400270,
0.398721,
0.419814,
0.418132,
0.389439,
0.405188,
0.436791,
0.453340,
0.494784,
0.517790,
0.561736,
0.569825,
0.569445,
0.573486,
0.548351,
0.464291,
0.507444,
0.511098,
0.526622,
0.504919,
0.521793,
0.562678,
0.642508,
0.666865,
0.625419,
0.595155,
0.582895,
0.567961,
0.554851,
0.266109,
0.253808,
0.246393,
0.248477,
0.258976,
0.201148,
0.201132,
0.220399,
0.265916,
0.302288,
0.309073,
0.326734,
0.343056,
0.367222,
0.392626,
0.397746,
0.393462,
0.388770,
0.393260,
0.420144,
0.338992,
0.297872,
0.270291,
0.247290,
0.233550,
0.210395,
0.199754,
0.209249,
0.201744,
0.196250,
0.150278,
0.151490,
0.143102,
0.134943,
0.134648,
0.134060,
0.131246,
0.141892,
0.196880,
0.254573,
0.179231,
0.130216,
0.123175,
0.120826,
0.141920,
0.137693,
0.156513,
0.196864,
0.207168,
0.203854,
0.166206,
0.184300,
0.173815,
0.171911,
0.156371,
0.168845,
0.183351,
0.204719,
0.277015,
0.386517,
0.255527,
0.199227,
0.193587,
0.190894,
0.212734,
0.205591,
0.223786,
0.264231,
0.270698,
0.259996,
0.223854,
0.245520,
0.223582,
0.213355,
0.192820,
0.200462,
0.213075,
0.230860,
0.293294,
0.435314,
0.231910,
0.206574,
0.212024,
0.180732,
0.207258,
0.214514,
0.233388,
0.257644,
0.262562,
0.235458,
0.208001,
0.217995,
0.201007,
0.178549,
0.194923,
0.203699,
0.197050,
0.241697,
0.249992,
0.414334,
0.419291,
0.424253,
0.429226,
0.434201,
0.439203,
0.444212,
0.449191,
0.454166,
0.459179,
0.464206,
0.469244,
0.474279,
0.479313,
0.484461,
0.489689,
0.494920,
0.030259,
0.036035,
0.033563,
0.019262,
0.015487,
0.022514,
0.032203,
0.017021,
0.011903,
0.016590,
0.009709,
0.016507,
0.012445,
0.016149,
0.012087,
0.014315,
0.013105,
0.012317,
0.015438,
0.199381,
0.016527,
0.024111,
0.058781,
0.070075,
0.082551,
0.052369,
0.045552,
0.047591,
0.065531,
0.074318,
0.051322,
0.060005,
0.054746,
0.047996,
0.059524,
0.062485,
0.049281,
0.051466,
0.040002,
0.155242,
0.061088,
0.090263,
0.115936,
0.123878,
0.142665,
0.125292,
0.120677,
0.123879,
0.145152,
0.151561,
0.120795,
0.125575,
0.123225,
0.112109,
0.126151,
0.122693,
0.119865,
0.117146,
0.124285,
0.161839,
0.128756,
0.143060,
0.154273,
0.157431,
0.171164,
0.156737,
0.146244,
0.149091,
0.167251,
0.160516,
0.126372,
0.121347,
0.115002,
0.100501,
0.110720,
0.102546,
0.109826,
0.105405,
0.135653,
0.119575,
0.130169,
0.120266,
0.125140,
0.126405,
0.146473,
0.141662,
0.127862,
0.148313,
0.146771,
0.130971,
0.115660,
0.107225,
0.099427,
0.092789,
0.106187,
0.094284,
0.113688,
0.127717,
0.154844,
0.106968,
0.108094,
0.108602,
0.108935,
0.109054,
0.108838,
0.108258,
0.107653,
0.107051,
0.106355,
0.105745,
0.105176,
0.104786,
0.104479,
0.104096,
0.103703,
0.103396,
0.103147,
0.102979,
0.102879,
0.102855,
0.102906,
0.103008,
0.103180,
0.103412,
0.103711,
0.104109,
0.104616,
0.105249,
0.106031,
0.106951,
0.108045,
0.109191,
0.110395,
0.111824,
0.113375,
0.115072,
0.115421,
0.115736,
0.116046,
0.116095,
0.116083,
0.115807,
0.115541,
0.115392,
0.115432,
0.115473,
0.115507,
0.115709,
0.116248,
0.116526,
0.116612,
0.116281,
0.115867,
0.115619,
0.115091,
0.114793,
0.115063,
0.115069,
0.115126,
0.116149,
0.117522,
0.119516,
0.121999,
0.125242,
0.129388,
0.133141,
0.136111,
0.138139,
0.138943,
0.138208,
0.136844,
0.133719,
0.129335,
0.123804,
0.118104,
0.112937,
0.108818,
0.105267,
0.102475,
0.100795,
0.099268,
0.097866,
0.096702,
0.095649,
0.094806,
0.094188,
0.093637,
0.093233,
0.092918,
0.092653,
0.092637,
0.092817,
0.093284,
0.094056,
0.095054,
0.096298,
0.097757,
0.099389,
0.101112,
0.102955,
0.104908,
0.106974,
0.109136,
0.111354,
0.113735,
0.116427,
0.119281,
0.122288,
0.125345,
0.128475,
0.131885,
0.135377,
0.138886,
0.142326,
0.145826,
0.149163,
0.152501,
0.155849,
0.159160,
0.162546,
0.165910,
0.169083,
0.172543,
0.176309,
0.180337,
0.184644,
0.189278,
0.194396,
0.199946,
0.205497,
0.210951,
0.216294,
0.221852,
0.227241,
0.232031,
0.236218,
0.077680,
0.082166,
0.081143,
0.086437,
0.083003,
0.072423,
0.109599,
0.096804,
0.081297,
0.114709,
0.072983,
0.056106,
0.042275,
0.028845,
0.031896,
0.020382,
0.020476,
0.029972,
0.017462,
0.050208,
0.018347,
0.018738,
0.020284,
0.018517,
0.019732,
0.021315,
0.028379,
0.024250,
0.027077,
0.034766,
0.035894,
0.038559,
0.039716,
0.041488,
0.047840,
0.062202,
0.092011,
0.061784,
0.064029,
0.072440,
0.076764,
0.075570,
0.072881,
0.073964,
0.074595,
0.075820,
0.076880,
0.075518,
0.079175,
0.085368,
0.100420,
0.100424,
0.096053,
0.091952,
0.095070,
0.120818,
0.170422,
0.111600,
0.105656,
0.091353,
0.132043,
0.122215,
0.113940,
0.112007,
0.113088,
0.117030,
0.114284,
0.112697,
0.126791,
0.147060,
0.164108,
0.169906,
0.153420,
0.122894,
0.125919,
0.174967,
0.235558,
0.159360,
0.123016,
0.061396,
0.171775,
0.120008,
0.085175,
0.064737,
0.055713,
0.058282,
0.052385,
0.039332,
0.064500,
0.148018,
0.164114,
0.217190,
0.224396,
0.166174,
0.175798,
0.234497,
0.284637,
0.253817,
0.194480,
0.021548,
0.021382,
0.021309,
0.021238,
0.020938,
0.020496,
0.019922,
0.019334,
0.019018,
0.018673,
0.018303,
0.018007,
0.017999,
0.018076,
0.018281,
0.018681,
0.019376,
0.020152,
0.020907,
0.021329,
0.021511,
0.021562,
0.021248,
0.020626,
0.020141,
0.019373,
0.018506,
0.017567,
0.016814,
0.016229,
0.015883,
0.015668,
0.015688,
0.015787,
0.016262,
0.016957,
0.017895,
0.018902,
0.019909,
0.021310,
0.022488,
0.023341,
0.024101,
0.024902,
0.025572,
0.025875,
0.025864,
0.025826,
0.025828,
0.025854,
0.026127,
0.026423,
0.027044,
0.027690,
0.028548,
0.029334,
0.030168,
0.031659,
0.033056,
0.034080,
0.035074,
0.035905,
0.036773,
0.037446,
0.037929,
0.038091,
0.038297,
0.038096,
0.037588,
0.036725,
0.035806,
0.034817,
0.034004,
0.033450,
0.032716,
0.031996,
0.031314,
0.030864,
0.030469,
0.029715,
0.028782,
0.027833,
0.027363,
0.027594,
0.028179,
0.028735,
0.029405,
0.030716,
0.032679,
0.034985,
0.037225,
0.039648,
0.042288,
0.044857,
0.047230,
0.049632,
0.052007,
0.053692,
0.055192,
0.056239,
0.056551,
0.056394,
0.056280,
0.056093,
0.055863,
0.055884,
0.055941,
0.056179,
0.056605,
0.056974,
0.057048,
0.056817,
0.056428,
0.055753,
0.055138,
0.054201,
0.053156,
0.052046,
0.051037,
0.049979,
0.048779,
0.047856,
0.047079,
0.046437,
0.045787,
0.045226,
0.044642,
0.044350,
0.044078,
0.043893,
0.043847,
0.043820,
0.043902,
0.044050,
0.044641,
0.045433,
0.046314,
0.046921,
0.047457,
0.047757,
0.047906,
0.047790,
0.047299,
0.046930,
0.046689,
0.046186,
0.045443,
0.044798,
0.044976,
0.045389,
0.045945,
0.046660,
0.047954,
0.049181,
0.049794,
0.050111,
0.050727,
0.051433,
0.052995,
0.054715,
0.056403,
0.060247,
0.065768,
0.072087,
0.078509,
0.084819,
0.090036,
0.094620,
0.099109,
0.103278,
0.104973,
0.104999,
0.104346,
0.103350,
0.101646,
0.100138,
0.098857,
0.098081,
0.098336,
0.099655,
0.102607,
0.106693,
0.111192,
0.115374,
0.119989,
0.125531,
0.131430,
0.134042,
0.136518,
0.137517,
0.137694,
0.137592,
0.138279,
0.140043,
0.142070,
0.144774,
0.147604,
0.151436,
0.152616,
0.152319,
0.152491,
0.153344,
0.153844,
0.153752,
0.153811,
0.154654,
0.152961,
0.148906,
0.145836,
0.142220,
0.139207,
0.136151,
0.134144,
0.132379,
0.129306,
0.126481,
0.124315,
0.123767,
0.124622,
0.126218,
0.128983,
0.131522,
0.135103,
0.138962,
0.143361,
0.149315,
0.155880,
0.163069,
0.172178,
0.183837,
0.196891,
0.211397,
0.227123,
0.244058,
0.261772,
0.279630,
0.297788,
0.316351,
0.337069,
0.358147,
0.378562,
0.398023,
0.415400,
0.430791,
0.445707,
0.460683,
0.474260,
0.485566,
0.494383,
0.501546,
0.508217,
0.512800,
0.515335,
0.516258,
0.514139,
0.511872,
0.509817,
0.510693,
0.511413,
0.512208,
0.515092,
0.515861,
0.516028,
0.517353,
0.518466,
0.520168,
0.521350,
0.521289,
0.522715,
0.525686,
0.530158,
0.537490,
0.545749,
0.553362,
0.564311,
0.574997,
0.587044,
0.600966,
0.614933,
0.628926,
0.642520,
0.657903,
0.676222,
0.693780,
0.709417,
0.722901,
0.733649,
0.743690,
0.752331,
0.757966,
0.761138,
0.756236,
0.750645,
0.745819,
0.740735,
0.735370,
0.728586,
0.722239,
0.714927,
0.707125,
0.695081,
0.682417,
0.670650,
0.656958,
0.640836,
0.625878,
0.616381,
0.604272,
0.590108,
0.575601,
0.559756,
0.543837,
0.529468,
0.516372,
0.505367,
0.496356,
0.489241,
0.483147,
0.477870,
0.473786,
0.470745,
0.468161,
0.466212,
0.464496,
0.463624,
0.463424,
0.463536,
0.464212,
0.465403,
0.467023,
0.468721,
0.470804,
0.472934,
0.474779,
0.476375,
0.477663,
0.479109,
0.480881,
0.482907,
0.484611,
0.486077,
0.487477,
0.488753,
0.489790,
0.490409,
0.491114,
0.491566,
0.491950,
0.492301,
0.492764,
0.493279,
0.493908,
0.494683,
0.495914,
0.497337,
0.499133,
0.501381,
0.503726,
0.506327,
0.515572,
0.525039,
0.535066,
0.545828,
0.556945,
0.568343,
0.580352,
0.592561,
0.604944,
0.617442,
0.630291,
0.644010,
0.658487,
0.673229,
0.688274,
0.703412,
0.718806,
0.734408,
0.750589,
0.766686,
0.782832,
0.798529,
0.813981,
0.829640,
0.845683,
0.861556,
0.877532,
0.893203,
0.908510,
0.923479,
0.938813,
0.954504,
0.970524,
0.986801,
1.003705,
1.021289,
1.039574,
1.058467,
1.078347,
1.099237,
1.121036,
1.143500,
1.166434,
1.190346,
1.214878,
1.240758,
1.267583,
0.775091,
0.953312,
0.989916,
1.058558,
1.002999,
0.977805,
0.955574,
0.926666,
0.869185,
0.954551,
0.952975,
0.870257,
0.973103,
1.030675,
1.004413,
0.997781,
0.983515,
1.045807,
0.843648,
1.406416,
0.642322,
0.542498,
0.549438,
0.577765,
0.573870,
0.549482,
0.540828,
0.566337,
0.536241,
0.580050,
0.550367,
0.553096,
0.530477,
0.585912,
0.558958,
0.552885,
0.558168,
0.590395,
0.578124,
1.241584,
0.677171,
0.626699,
0.593010,
0.599965,
0.612573,
0.617723,
0.621069,
0.625807,
0.598042,
0.608721,
0.611486,
0.600417,
0.595556,
0.057437,
0.057944,
0.049859,
0.036209,
0.058861,
0.053668,
0.230964,
0.126295,
0.121826,
0.091022,
0.115516,
0.131897,
0.115389,
0.150952,
0.135086,
0.094226,
0.129306,
0.116967,
0.120350,
0.257062,
0.130234,
0.116416,
0.119225,
0.098749,
0.159311,
0.079296,
0.129518,
0.151448,
0.209466,
0.159451,
0.144352,
0.170997,
0.194406,
0.238027,
0.193669,
0.175665,
0.177649,
0.184698,
0.189193,
0.186811,
0.205170,
0.152169,
0.174067,
0.160017,
0.166985,
0.124671,
0.163829,
0.178074,
0.162386,
0.184428,
0.204572,
0.198717,
0.212489,
0.210237,
0.227331,
0.225163,
0.214829,
0.234734,
0.227987,
0.185455,
0.216147,
0.220935,
0.231148,
0.225518,
0.216748,
0.219378,
0.262608,
0.287619,
0.279502,
0.293060,
0.317198,
0.286854,
0.289667,
0.266698,
0.264448,
0.246866,
0.226068,
0.258923,
0.247976,
0.211164,
0.207041,
0.250196,
0.297003,
0.267831,
0.248543,
0.260125,
0.329495,
0.319811,
0.288226,
0.262967,
0.283623,
0.217605,
0.243109,
0.039261,
0.068098,
0.090523,
0.165479,
0.132371,
0.153578,
0.207903,
0.167563,
0.159836,
0.186453,
0.136773,
0.126973,
0.129540,
0.111977,
0.115950,
0.093298,
0.081797,
0.087196,
0.070682,
0.142689,
0.073589,
0.052604,
0.045169,
0.043929,
0.046796,
0.046898,
0.052583,
0.068393,
0.078151,
0.077817,
0.059461,
0.072492,
0.067035,
0.066573,
0.068148,
0.070355,
0.070138,
0.076575,
0.099530,
0.153780,
0.105823,
0.069227,
0.060195,
0.057014,
0.071114,
0.070449,
0.085226,
0.108254,
0.118706,
0.108355,
0.089017,
0.102819,
0.093571,
0.089626,
0.079842,
0.083344,
0.090707,
0.101114,
0.138044,
0.203901,
0.130410,
0.094979,
0.082958,
0.078974,
0.093798,
0.091277,
0.104301,
0.125301,
0.134863,
0.118312,
0.104226,
0.118419,
0.110417,
0.103500,
0.099145,
0.100844,
0.110029,
0.119023,
0.149649,
0.237039,
0.131450,
0.112980,
0.103037,
0.078646,
0.097639,
0.106647,
0.113970,
0.122220,
0.128608,
0.103168,
0.094299,
0.099772,
0.092980,
0.082371,
0.099637,
0.093027,
0.097377,
0.119152,
0.120527,
0.210808,
0.213615,
0.216478,
0.219414,
0.222417,
0.225427,
0.228516,
0.231592,
0.234639,
0.237496,
0.240238,
0.242945,
0.245768,
0.248614,
0.251593,
0.254793,
0.258154,
0.076215,
0.112173,
0.092363,
0.058825,
0.055122,
0.072189,
0.092503,
0.076309,
0.051632,
0.042830,
0.030140,
0.026686,
0.029689,
0.032588,
0.035915,
0.039148,
0.047588,
0.052042,
0.050564,
0.154047,
0.049105,
0.048711,
0.057628,
0.059704,
0.057891,
0.035910,
0.029781,
0.026753,
0.024083,
0.022836,
0.019435,
0.023329,
0.021150,
0.022366,
0.023501,
0.024719,
0.025618,
0.032316,
0.029501,
0.076685,
0.030618,
0.036722,
0.045834,
0.050874,
0.059159,
0.044356,
0.042970,
0.043442,
0.043243,
0.032233,
0.030872,
0.029088,
0.028167,
0.028287,
0.032742,
0.030932,
0.036560,
0.045785,
0.043197,
0.058315,
0.041066,
0.049744,
0.045080,
0.045326,
0.053926,
0.040564,
0.038028,
0.038006,
0.037785,
0.020281,
0.021254,
0.016840,
0.016559,
0.016469,
0.022571,
0.020843,
0.031536,
0.039054,
0.038915,
0.042030,
0.033095,
0.049647,
0.036071,
0.031846,
0.045893,
0.039613,
0.033452,
0.034102,
0.035400,
0.013932,
0.018598,
0.010555,
0.009431,
0.009698,
0.016387,
0.015057,
0.029619,
0.029755,
0.034213,
0.032451,
0.032875,
0.033332,
0.033839,
0.034314,
0.034743,
0.035171,
0.035598,
0.036101,
0.036749,
0.037521,
0.038407,
0.039412,
0.040606,
0.041993,
0.043454,
0.045017,
0.046912,
0.048817,
0.050405,
0.051629,
0.052648,
0.053717,
0.054978,
0.056342,
0.057668,
0.059048,
0.060007,
0.061012,
0.062027,
0.063201,
0.064068,
0.064585,
0.065282,
0.065917,
0.066272,
0.066398,
0.066996,
0.066868,
0.066716,
0.066333,
0.066059,
0.065950,
0.066463,
0.067167,
0.068226,
0.069460,
0.071260,
0.074091,
0.077892,
0.082598,
0.087540,
0.092093,
0.095948,
0.099070,
0.100857,
0.101401,
0.101417,
0.100696,
0.099134,
0.097456,
0.095629,
0.093021,
0.090897,
0.089450,
0.088800,
0.088176,
0.087482,
0.086563,
0.085260,
0.084050,
0.082843,
0.081309,
0.079747,
0.078181,
0.076655,
0.075143,
0.073659,
0.072325,
0.071214,
0.070386,
0.069756,
0.069174,
0.068795,
0.068448,
0.068229,
0.068067,
0.067917,
0.067886,
0.067734,
0.067638,
0.067598,
0.067637,
0.067808,
0.068090,
0.068488,
0.068977,
0.069496,
0.070135,
0.070878,
0.071747,
0.072758,
0.073854,
0.075024,
0.076227,
0.077418,
0.078587,
0.079787,
0.080961,
0.082138,
0.083373,
0.084696,
0.086108,
0.087626,
0.089228,
0.090900,
0.092612,
0.094334,
0.096048,
0.097733,
0.099430,
0.101112,
0.102859,
0.104668,
0.106534,
0.108491,
0.110504,
0.112585,
0.114744,
0.116921,
0.119126,
0.121297,
0.123443,
0.125533,
0.127591,
0.129623,
0.131638,
0.078224,
0.049184,
0.045752,
0.045546,
0.047887,
0.040376,
0.063281,
0.062155,
0.059707,
0.074631,
0.041890,
0.028502,
0.020961,
0.017441,
0.019681,
0.020614,
0.021435,
0.026360,
0.022683,
0.060870,
0.026664,
0.022720,
0.023840,
0.024110,
0.024754,
0.025169,
0.026900,
0.026319,
0.028859,
0.031729,
0.027968,
0.028497,
0.029761,
0.030664,
0.031834,
0.035281,
0.041424,
0.033915,
0.038491,
0.060050,
0.045045,
0.046097,
0.050172,
0.054043,
0.058280,
0.062875,
0.067684,
0.071245,
0.075473,
0.079011,
0.079378,
0.079931,
0.081415,
0.080672,
0.079689,
0.081898,
0.091688,
0.074723,
0.073539,
0.082740,
0.070038,
0.068898,
0.067020,
0.066125,
0.065415,
0.063865,
0.063785,
0.062185,
0.061597,
0.060549,
0.058877,
0.056697,
0.056542,
0.053902,
0.053679,
0.057176,
0.077592,
0.050581,
0.045240,
0.046934,
0.043898,
0.040010,
0.038482,
0.037789,
0.039030,
0.037101,
0.039588,
0.040022,
0.038778,
0.033123,
0.031677,
0.032777,
0.035300,
0.037198,
0.036793,
0.046395,
0.078154,
0.047365,
0.035607,
0.022442,
0.021345,
0.020147,
0.018913,
0.017722,
0.016595,
0.015466,
0.014495,
0.013498,
0.012601,
0.011864,
0.011329,
0.011031,
0.010881,
0.011237,
0.011859,
0.012528,
0.013376,
0.014679,
0.016129,
0.017658,
0.018779,
0.019686,
0.020602,
0.021362,
0.021977,
0.022779,
0.023970,
0.025498,
0.027156,
0.029097,
0.030768,
0.032198,
0.033701,
0.035127,
0.036600,
0.037452,
0.037895,
0.038170,
0.038392,
0.038565,
0.038646,
0.038780,
0.039251,
0.040815,
0.043296,
0.045756,
0.048282,
0.050924,
0.053207,
0.054967,
0.055957,
0.056109,
0.055951,
0.055779,
0.055076,
0.053891,
0.052664,
0.051637,
0.050904,
0.050370,
0.050562,
0.051556,
0.053287,
0.055402,
0.057637,
0.060071,
0.062211,
0.063330,
0.064453,
0.065386,
0.066171,
0.066529,
0.066645,
0.066382,
0.066344,
0.066749,
0.067004,
0.067550,
0.068644,
0.070183,
0.071788,
0.073370,
0.075202,
0.077195,
0.079325,
0.081896,
0.085339,
0.089243,
0.092945,
0.097275,
0.102005,
0.107002,
0.112177,
0.117927,
0.124381,
0.131380,
0.139163,
0.146816,
0.154514,
0.161535,
0.167715,
0.173606,
0.179593,
0.184530,
0.188569,
0.192827,
0.196729,
0.199890,
0.202669,
0.205136,
0.207346,
0.208951,
0.210114,
0.210754,
0.212603,
0.214694,
0.216046,
0.217581,
0.219258,
0.221896,
0.224351,
0.225152,
0.226404,
0.226583,
0.226994,
0.228692,
0.232216,
0.236514,
0.241584,
0.247934,
0.255948,
0.266898,
0.280607,
0.296964,
0.314730,
0.333521,
0.353069,
0.372018,
0.389688,
0.408426,
0.427089,
0.444723,
0.461241,
0.477622,
0.493891,
0.508908,
0.521260,
0.531861,
0.542345,
0.551934,
0.560486,
0.568751,
0.577813,
0.586021,
0.588769,
0.590064,
0.591278,
0.591345,
0.590189,
0.589207,
0.588317,
0.585748,
0.581818,
0.575880,
0.569462,
0.563129,
0.555714,
0.545157,
0.534446,
0.523183,
0.510565,
0.495491,
0.481671,
0.468239,
0.455646,
0.443896,
0.432511,
0.421956,
0.412714,
0.404582,
0.396854,
0.388968,
0.381702,
0.375570,
0.370995,
0.367203,
0.363797,
0.362082,
0.361213,
0.361441,
0.362666,
0.366291,
0.371247,
0.377058,
0.383626,
0.390646,
0.398947,
0.408248,
0.407493,
0.406744,
0.405882,
0.405242,
0.404603,
0.404710,
0.404809,
0.405021,
0.405195,
0.404454,
0.402983,
0.401366,
0.399112,
0.396541,
0.393835,
0.390985,
0.388075,
0.385001,
0.381565,
0.378180,
0.374610,
0.371043,
0.367111,
0.362596,
0.358099,
0.354188,
0.350441,
0.346828,
0.343499,
0.340199,
0.337168,
0.334714,
0.332777,
0.331817,
0.331610,
0.332545,
0.334831,
0.338655,
0.343834,
0.350217,
0.357485,
0.366068,
0.375728,
0.384568,
0.393634,
0.403030,
0.412497,
0.421780,
0.430666,
0.439527,
0.448317,
0.456025,
0.463483,
0.475116,
0.486451,
0.497870,
0.509512,
0.522046,
0.535401,
0.550053,
0.565737,
0.581283,
0.596451,
0.611741,
0.628316,
0.646197,
0.665404,
0.686385,
0.708527,
0.732085,
0.757016,
0.783744,
0.812008,
0.842150,
0.874582,
0.909098,
0.945377,
0.982872,
1.021287,
1.061409,
1.102549,
1.144220,
1.186912,
1.230468,
1.274772,
1.318081,
1.362927,
1.409037,
1.456136,
1.503872,
1.552241,
1.601094,
1.649643,
1.698437,
1.746419,
1.794039,
1.841020,
1.887228,
1.931148,
1.973916,
0.249804,
0.266763,
0.265807,
0.293127,
0.287592,
0.285316,
0.305246,
0.302321,
0.289452,
0.316398,
0.298648,
0.295457,
0.304886,
0.311038,
0.301789,
0.309380,
0.312681,
0.315302,
0.339623,
0.441247,
0.334058,
0.361613,
0.386128,
0.375230,
0.387716,
0.385742,
0.384431,
0.391131,
0.403763,
0.393483,
0.403547,
0.442249,
0.437134,
0.435161,
0.450978,
0.462591,
0.470265,
0.446986,
0.476636,
0.469889,
0.397425,
0.410906,
0.426102,
0.431074,
0.435754,
0.433933,
0.424213,
0.443485,
0.445220,
0.443157,
0.447082,
0.462633,
0.464726,
0.080657,
0.082449,
0.089766,
0.094584,
0.101718,
0.096412,
0.096125,
0.058744,
0.056688,
0.073177,
0.081269,
0.076162,
0.078677,
0.077100,
0.098939,
0.088041,
0.094703,
0.094123,
0.101955,
0.190787,
0.106991,
0.111220,
0.122398,
0.127807,
0.142707,
0.155329,
0.136935,
0.124560,
0.099927,
0.104544,
0.136542,
0.119146,
0.122354,
0.106357,
0.127042,
0.122903,
0.128825,
0.120222,
0.111004,
0.108335,
0.104144,
0.109104,
0.111940,
0.125112,
0.132297,
0.140787,
0.380813,
0.383627,
0.368356,
0.367331,
0.380631,
0.365620,
0.376965,
0.372724,
0.381534,
0.370953,
0.350994,
0.365235,
0.350524,
0.315322,
0.301370,
0.315846,
0.322330,
0.312171,
0.298632,
0.302443,
0.345116,
0.344586,
0.331932,
0.321311,
0.357415,
0.329038,
0.352562,
0.345527,
0.361152,
0.360962,
0.354725,
0.396320,
0.396919,
0.390821,
0.342284,
0.385296,
0.412218,
0.387487,
0.344835,
0.366533,
0.406899,
0.368667,
0.324027,
0.275409,
0.285077,
0.216687,
0.239008,
0.144266,
0.279473,
0.265800,
0.482251,
0.430059,
0.504529,
0.381272,
0.283069,
0.259238,
0.201370,
0.102969,
0.068405,
0.070644,
0.038534,
0.061442,
0.043479,
0.045051,
0.084619,
0.036635,
0.083002,
0.026940,
0.037310,
0.044741,
0.054503,
0.046603,
0.059797,
0.059933,
0.050477,
0.050257,
0.058340,
0.071765,
0.068965,
0.086413,
0.095128,
0.121772,
0.118539,
0.125666,
0.124946,
0.125822,
0.119672,
0.119294,
0.152386,
0.174136,
0.193693,
0.179524,
0.192349,
0.184718,
0.176498,
0.170749,
0.198341,
0.216351,
0.206882,
0.228054,
0.239559,
0.264835,
0.273565,
0.270429,
0.263014,
0.244967,
0.204111,
0.250546,
0.294224,
0.323807,
0.345807,
0.317611,
0.335891,
0.312011,
0.303158,
0.296526,
0.342403,
0.355805,
0.337881,
0.354487,
0.365795,
0.372292,
0.385206,
0.374913,
0.372656,
0.349001,
0.265445,
0.367888,
0.394927,
0.439149,
0.502390,
0.459857,
0.444460,
0.436689,
0.448459,
0.442479,
0.506807,
0.514935,
0.507386,
0.522286,
0.537578,
0.501000,
0.528553,
0.503133,
0.499298,
0.499917,
0.378196,
0.381575,
0.385514,
0.390160,
0.395356,
0.400994,
0.407039,
0.413308,
0.419545,
0.425116,
0.429887,
0.434038,
0.437456,
0.440163,
0.442842,
0.445933,
0.448941,
0.022270,
0.023824,
0.020897,
0.016448,
0.011713,
0.016336,
0.019624,
0.021832,
0.033471,
0.042299,
0.035318,
0.040065,
0.046991,
0.057888,
0.048263,
0.053577,
0.067714,
0.048262,
0.064290,
0.224016,
0.060739,
0.064309,
0.058476,
0.055498,
0.056443,
0.065963,
0.051638,
0.050076,
0.061207,
0.063993,
0.055548,
0.064463,
0.056404,
0.056449,
0.048566,
0.051060,
0.062845,
0.044435,
0.054541,
0.120465,
0.054206,
0.049874,
0.042863,
0.041016,
0.043317,
0.048753,
0.032528,
0.031683,
0.041215,
0.042389,
0.033777,
0.046588,
0.040443,
0.046602,
0.040821,
0.045678,
0.057934,
0.041905,
0.048791,
0.077383,
0.072636,
0.056638,
0.052838,
0.059375,
0.069131,
0.070432,
0.052438,
0.057873,
0.068740,
0.081578,
0.069020,
0.093400,
0.083367,
0.090904,
0.084158,
0.088734,
0.098510,
0.075266,
0.075985,
0.085566,
0.123490,
0.089111,
0.072770,
0.085674,
0.108543,
0.084973,
0.055224,
0.067596,
0.086719,
0.118833,
0.103539,
0.170473,
0.127675,
0.139385,
0.137485,
0.145921,
0.151980,
0.112168,
0.105217,
0.112865,
0.112082,
0.111391,
0.110731,
0.110140,
0.109633,
0.109071,
0.108579,
0.108179,
0.107815,
0.107482,
0.107176,
0.106895,
0.106650,
0.106452,
0.106315,
0.106219,
0.106221,
0.106314,
0.106505,
0.106793,
0.107242,
0.107864,
0.108665,
0.109651,
0.110708,
0.111932,
0.113285,
0.114756,
0.116359,
0.118256,
0.120828,
0.123935,
0.127155,
0.130432,
0.133738,
0.136587,
0.136617,
0.136308,
0.135398,
0.134248,
0.132750,
0.130569,
0.127969,
0.124444,
0.120106,
0.114932,
0.109098,
0.103083,
0.097196,
0.091632,
0.086571,
0.082164,
0.078333,
0.075080,
0.072231,
0.069673,
0.067432,
0.065465,
0.063707,
0.062134,
0.060720,
0.059455,
0.058326,
0.057331,
0.056427,
0.055588,
0.054828,
0.054153,
0.053565,
0.053056,
0.052608,
0.052223,
0.051928,
0.051718,
0.051571,
0.051507,
0.051504,
0.051584,
0.051785,
0.052103,
0.052619,
0.053187,
0.053823,
0.054503,
0.055215,
0.055999,
0.056898,
0.057924,
0.059112,
0.060440,
0.061879,
0.063398,
0.065039,
0.066750,
0.068640,
0.070605,
0.072704,
0.075007,
0.077401,
0.079761,
0.082297,
0.085135,
0.088174,
0.091454,
0.094865,
0.098296,
0.101728,
0.105063,
0.108116,
0.110940,
0.113187,
0.114927,
0.116416,
0.117671,
0.118926,
0.120284,
0.121545,
0.122602,
0.123374,
0.124252,
0.125339,
0.126697,
0.128127,
0.129594,
0.131159,
0.132764,
0.134498,
0.136316,
0.138122,
0.139899,
0.141616,
0.143494,
0.145530,
0.147678,
0.149978,
0.152336,
0.065725,
0.159124,
0.212830,
0.247294,
0.199661,
0.218184,
0.335137,
0.241024,
0.220675,
0.166438,
0.071710,
0.040718,
0.046682,
0.017968,
0.043973,
0.028901,
0.028323,
0.062678,
0.015114,
0.070697,
0.010771,
0.013564,
0.015033,
0.019246,
0.016532,
0.023732,
0.025412,
0.025059,
0.030476,
0.032642,
0.035471,
0.040041,
0.046002,
0.049974,
0.064433,
0.064998,
0.067523,
0.067275,
0.073078,
0.107814,
0.084819,
0.086054,
0.089801,
0.094267,
0.092097,
0.093803,
0.091607,
0.090022,
0.089685,
0.085693,
0.083021,
0.078299,
0.076178,
0.072676,
0.073191,
0.068966,
0.062448,
0.054553,
0.050200,
0.059972,
0.044015,
0.042147,
0.042588,
0.042878,
0.035162,
0.035771,
0.030110,
0.026971,
0.024895,
0.026826,
0.026619,
0.022222,
0.023295,
0.023290,
0.022896,
0.022802,
0.019249,
0.016973,
0.013704,
0.013919,
0.012169,
0.013219,
0.018375,
0.029558,
0.018970,
0.015244,
0.013111,
0.013884,
0.012180,
0.022870,
0.023617,
0.021234,
0.023756,
0.026326,
0.018467,
0.023244,
0.018247,
0.017020,
0.017352,
0.001424,
0.001291,
0.001176,
0.001079,
0.000986,
0.000900,
0.000826,
0.000764,
0.000709,
0.000660,
0.000625,
0.000599,
0.000580,
0.000563,
0.000550,
0.000546,
0.000555,
0.000585,
0.000654,
0.000765,
0.000934,
0.001137,
0.001348,
0.001576,
0.001826,
0.002109,
0.002455,
0.002816,
0.003186,
0.003583,
0.003978,
0.004374,
0.004763,
0.005157,
0.005523,
0.005872,
0.006233,
0.006611,
0.007018,
0.007410,
0.007811,
0.008220,
0.008611,
0.008998,
0.009355,
0.009654,
0.009952,
0.010241,
0.010532,
0.010819,
0.011109,
0.011449,
0.011808,
0.012127,
0.012439,
0.012745,
0.013010,
0.013249,
0.013514,
0.013869,
0.014212,
0.014511,
0.014808,
0.015117,
0.015451,
0.015801,
0.016143,
0.016494,
0.016899,
0.017396,
0.017945,
0.018603,
0.019386,
0.020088,
0.020751,
0.021407,
0.022036,
0.022691,
0.023295,
0.023786,
0.024160,
0.024423,
0.024477,
0.024501,
0.024480,
0.024364,
0.024155,
0.023941,
0.023652,
0.023275,
0.022904,
0.022667,
0.022422,
0.022122,
0.021733,
0.021358,
0.021022,
0.020663,
0.020233,
0.019745,
0.019281,
0.018844,
0.018382,
0.017946,
0.017500,
0.017041,
0.016586,
0.016084,
0.015564,
0.015009,
0.014446,
0.013876,
0.013297,
0.012728,
0.012140,
0.011460,
0.010767,
0.010080,
0.009376,
0.008648,
0.007898,
0.007180,
0.006501,
0.005888,
0.005271,
0.004686,
0.004134,
0.003599,
0.003092,
0.002644,
0.002256,
0.001927,
0.001642,
0.001395,
0.001187,
0.001007,
0.000862,
0.000776,
0.000727,
0.000695,
0.000681,
0.000683,
0.000699,
0.000736,
0.000792,
0.000856,
0.000937,
0.001035,
0.001143,
0.001262,
0.001386,
0.001510,
0.001646,
0.001785,
0.001920,
0.002058,
0.002211,
0.002389,
0.002592,
0.002813,
0.003028,
0.003245,
0.003458,
0.003673,
0.003913,
0.004184,
0.004394,
0.004617,
0.004848,
0.005070,
0.005275,
0.005473,
0.005712,
0.005942,
0.006144,
0.006382,
0.006603,
0.006824,
0.007063,
0.007337,
0.007634,
0.007943,
0.008276,
0.008621,
0.008954,
0.009321,
0.009688,
0.010093,
0.010487,
0.010874,
0.011309,
0.011735,
0.012150,
0.012568,
0.013001,
0.013402,
0.013842,
0.014389,
0.014974,
0.015580,
0.016190,
0.016744,
0.017215,
0.017684,
0.018147,
0.018636,
0.019147,
0.019695,
0.020282,
0.020911,
0.021550,
0.022220,
0.022877,
0.023674,
0.024385,
0.025203,
0.026105,
0.026984,
0.027792,
0.028549,
0.029441,
0.030504,
0.031760,
0.033134,
0.034518,
0.036106,
0.037817,
0.039648,
0.041453,
0.043204,
0.044921,
0.046569,
0.048263,
0.050072,
0.051856,
0.053473,
0.054971,
0.056244,
0.057210,
0.057683,
0.057681,
0.057524,
0.057201,
0.056892,
0.056693,
0.056535,
0.056531,
0.056388,
0.056287,
0.056171,
0.056449,
0.056978,
0.057681,
0.058555,
0.059573,
0.060851,
0.062607,
0.064754,
0.067532,
0.070961,
0.075763,
0.081798,
0.088603,
0.095998,
0.103758,
0.112791,
0.123846,
0.135897,
0.149041,
0.162649,
0.176315,
0.189649,
0.203116,
0.217082,
0.230388,
0.241632,
0.252482,
0.262944,
0.273331,
0.284815,
0.295072,
0.305029,
0.314481,
0.323610,
0.332564,
0.340633,
0.348846,
0.356814,
0.363082,
0.367943,
0.370688,
0.372339,
0.373841,
0.374856,
0.374893,
0.373957,
0.373161,
0.371567,
0.370912,
0.370517,
0.370565,
0.371081,
0.371322,
0.370634,
0.369585,
0.367834,
0.363865,
0.359990,
0.356486,
0.353338,
0.350735,
0.348630,
0.346970,
0.345848,
0.345334,
0.345279,
0.345702,
0.348064,
0.350958,
0.354379,
0.358005,
0.362541,
0.367399,
0.372206,
0.377102,
0.383030,
0.389222,
0.395398,
0.401676,
0.407855,
0.413760,
0.411333,
0.408239,
0.404547,
0.400410,
0.395820,
0.390893,
0.385525,
0.379785,
0.373985,
0.368013,
0.361876,
0.355749,
0.349680,
0.343875,
0.338285,
0.333218,
0.328110,
0.323206,
0.318657,
0.314786,
0.311650,
0.309259,
0.307730,
0.307004,
0.306910,
0.307745,
0.309710,
0.312783,
0.317198,
0.323007,
0.330231,
0.338948,
0.349018,
0.360213,
0.372615,
0.385823,
0.399836,
0.414565,
0.430175,
0.446560,
0.463633,
0.481385,
0.499353,
0.517220,
0.535034,
0.553087,
0.571267,
0.589535,
0.608113,
0.627070,
0.646437,
0.666226,
0.685928,
0.732709,
0.779813,
0.827364,
0.875684,
0.924738,
0.974802,
1.025928,
1.077699,
1.130025,
1.182578,
1.236608,
1.291600,
1.347057,
1.403342,
1.460515,
1.519590,
1.579577,
1.640027,
1.701389,
1.763521,
1.827110,
1.891633,
1.957229,
2.024094,
2.091733,
2.159965,
2.227829,
2.295931,
2.365001,
2.434598,
2.504697,
2.574547,
2.644476,
2.714396,
2.783709,
2.852715,
2.920312,
2.986764,
3.052295,
3.116619,
3.180749,
3.244379,
3.307399,
3.369867,
3.431757,
3.493161,
3.554178,
1.444794,
1.427994,
1.473869,
1.483410,
1.525691,
1.533375,
1.561046,
1.612710,
1.646020,
1.641032,
1.686064,
1.761583,
1.766495,
1.810306,
1.804376,
1.848002,
1.896693,
1.895318,
1.994515,
2.337015,
2.037808,
2.058898,
2.102799,
2.092523,
2.137248,
2.138812,
2.131543,
2.185167,
2.196177,
2.178497,
2.223005,
2.274458,
2.269472,
2.276822,
2.294343,
2.307279,
2.326679,
2.318569,
2.372286,
2.531843,
2.404894,
2.451904,
2.476277,
2.476496,
2.506876,
2.530359,
2.518454,
2.507662,
2.524971,
2.502856,
2.514638,
2.519437,
2.511185,
0.336711,
0.331561,
0.364242,
0.378288,
0.394619,
0.357310,
0.567684,
0.350385,
0.404262,
0.332227,
0.310501,
0.411442,
0.364050,
0.363001,
0.283831,
0.334380,
0.315605,
0.272431,
0.320569,
0.821728,
0.332435,
0.296680,
0.274467,
0.356740,
0.350119,
0.341362,
0.390124,
0.295557,
0.330347,
0.316449,
0.331672,
0.375883,
0.370290,
0.379607,
0.392398,
0.396829,
0.442918,
0.387359,
0.355170,
0.527918,
0.335803,
0.289954,
0.274126,
0.289285,
0.287012,
0.298336,
0.393447,
0.382269,
0.376785,
0.361545,
0.337339,
0.332158,
0.322826,
0.312239,
0.311062,
0.306519,
0.308949,
0.299080,
0.294199,
0.308884,
0.278326,
0.260802,
0.260363,
0.252229,
0.254584,
0.248186,
0.254956,
0.258051,
0.246676,
0.262822,
0.268083,
0.273992,
0.284696,
0.290929,
0.315201,
0.323881,
0.351821,
0.374337,
0.387949,
0.376428,
0.454787,
0.410424,
0.404692,
0.414588,
0.442507,
0.454422,
0.467558,
0.564309,
0.539632,
0.594264,
0.679785,
0.733191,
0.744998,
0.467200,
0.476100,
0.515746,
0.506392,
0.544992,
0.493129,
0.459153,
0.460844,
0.477282,
0.494282,
0.515225,
0.542346,
0.560022,
0.577765,
0.611035,
0.630266,
0.682485,
0.705035,
0.731463,
0.821405,
0.774376,
0.806754,
0.789894,
0.790469,
0.795705,
0.826865,
0.841731,
0.864327,
0.856195,
0.888963,
0.856388,
0.860393,
0.803285,
0.777368,
0.787045,
0.782865,
0.805306,
0.911405,
1.050016,
1.306327,
1.107983,
0.940672,
0.950134,
0.921419,
0.915725,
0.890041,
0.937236,
0.995084,
0.981791,
0.981648,
0.870189,
0.846917,
0.897203,
0.932237,
0.997252,
1.095876,
1.237364,
1.346410,
1.645425,
2.304013,
1.916264,
1.622404,
1.682148,
1.659019,
1.627150,
1.534180,
1.582712,
1.648809,
1.520233,
1.491019,
1.440843,
1.512805,
1.663868,
1.754408,
1.829822,
1.890594,
2.166345,
2.179705,
2.532311,
3.294979,
2.192403,
2.173653,
2.161681,
2.224998,
2.045290,
1.838675,
1.833002,
1.927406,
1.930273,
1.967979,
2.193528,
2.189758,
2.158010,
2.178190,
1.909997,
1.918003,
3.004148,
2.807446,
2.557868,
3.250143,
3.157922,
3.139831,
3.156658,
3.330803,
3.493734,
3.560885,
3.612499,
3.662619,
3.723313,
3.795359,
3.839587,
3.833554,
3.819092,
3.814840,
3.833548,
3.898468,
3.594223,
3.492872,
3.422062,
3.434930,
3.715282,
3.842052,
4.153423,
3.782043,
3.710846,
3.649506,
4.632961,
4.340020,
4.187252,
4.222709,
3.127740,
3.174279,
5.347588,
4.989727,
4.291545,
3.065984,
2.588355,
2.475426,
2.294555,
2.198979,
1.862285,
1.511221,
1.257712,
1.178899,
1.213477,
0.842946,
1.299887,
1.092041,
0.954449,
0.778531,
0.431141,
0.329109,
0.889781,
0.742312,
0.299174,
0.480612,
0.415848,
0.343016,
0.372712,
0.492843,
0.383947,
0.323981,
0.277726,
0.369695,
0.431928,
0.371701,
0.532765,
0.467529,
0.523825,
0.446911,
0.326229,
0.290812,
0.467018,
0.317840,
0.175582,
0.255116,
0.068664,
0.026352,
0.032891,
0.015453,
0.025434,
0.035517,
0.058102,
0.110387,
0.091219,
0.074942,
0.070363,
0.092309,
0.074657,
0.073317,
0.075744,
0.070020,
0.079659,
0.116278,
0.145175,
0.276253,
0.247545,
0.257119,
0.258257,
0.212298,
0.204671,
0.190460,
0.190592,
0.178861,
0.167705,
0.154638,
0.147334,
0.143292,
0.186111,
0.207426,
0.223273,
0.203544,
0.171742,
0.194046,
0.278647,
0.607152,
0.593633,
0.580065,
0.576212,
0.612080,
0.620639,
0.602830,
0.610150,
0.639466,
0.624029,
0.640209,
0.674170,
0.725752,
0.774220,
0.866763,
0.937324,
0.966215,
1.003427,
1.075721,
1.132081,
1.132194,
1.158906,
1.156491,
1.113245,
1.085882,
1.083166,
1.036862,
0.826540,
0.784499,
0.816734,
0.813312,
0.797072,
0.766247,
0.761093,
0.764024,
0.798801,
0.797107,
0.754162,
0.703700,
0.657060,
0.614196,
0.601897,
0.628002,
0.676385,
0.694220,
0.709795,
0.741835,
0.700695,
0.687037,
0.771298,
0.818989,
0.786718,
0.723652,
0.644921,
0.573691,
0.562570,
0.583810,
0.613481,
0.626959,
0.636604,
0.680118,
0.778027,
0.784346,
0.783626,
0.744511,
0.690090,
0.664999,
0.641302,
0.548900,
0.479564,
0.445402,
0.429677,
0.416732,
0.419114,
0.434894,
0.460092,
0.459999,
0.438268,
0.437263,
0.466359,
0.466649,
0.453759,
0.442542,
0.442613,
0.455265,
0.469241,
0.483554,
0.506479,
0.530527,
0.544697,
0.564596,
0.593440,
0.625215,
0.662916,
0.682263,
0.705330,
0.731509,
0.761413,
0.797440,
0.809208,
0.832041,
0.869818,
0.911742,
0.949491,
0.991468,
1.029252,
1.092319,
1.144168,
1.203814,
1.267339,
1.326939,
1.389050,
1.465197,
1.581244,
1.656940,
1.697086,
1.737395,
1.784921,
1.828399,
1.767697,
1.760084,
1.782793,
1.828325,
1.866251,
1.903018,
1.941495,
1.956087,
1.978290,
2.031395,
2.082468,
2.141039,
2.209692,
2.301401,
2.408716,
2.468902,
2.496909,
2.530047,
1.080969,
0.979680,
0.899683,
0.764601,
0.663576,
0.583995,
0.497343,
0.517853,
0.402781,
0.294269,
0.269116,
0.282955,
0.330837,
0.351433,
0.269751,
0.257439,
0.280398,
0.325180,
0.435341,
0.637601,
0.197444,
0.179780,
0.186809,
0.192589,
0.173322,
0.143696,
0.147478,
0.138516,
0.156164,
0.163443,
0.153993,
0.147628,
0.140380,
0.127728,
0.131013,
0.113870,
0.082216,
0.080057,
0.110972,
0.426211,
0.123485,
0.118405,
0.107940,
0.100887,
0.075716,
0.061373,
0.064870,
0.057777,
0.057283,
0.057352,
0.057658,
0.053542,
0.050635,
0.048487,
0.062492,
0.079130,
0.082128,
0.075321,
0.069267,
0.369104,
0.061189,
0.058974,
0.062850,
0.071140,
0.070323,
0.071865,
0.080935,
0.069564,
0.068962,
0.063564,
0.063210,
0.062741,
0.064234,
0.066131,
0.072728,
0.076433,
0.078274,
0.079593,
0.078537,
0.394871,
0.092634,
0.078243,
0.076109,
0.071698,
0.072568,
0.062345,
0.056685,
0.051426,
0.043923,
0.041542,
0.049573,
0.032400,
0.036005,
0.040007,
0.037448,
0.029961,
0.030832,
0.031610,
0.058207,
0.018961,
0.018504,
0.018778,
0.019298,
0.020257,
0.021872,
0.023801,
0.026023,
0.029719,
0.034374,
0.039218,
0.042958,
0.046437,
0.048652,
0.049547,
0.048627,
0.047300,
0.045651,
0.043249,
0.041161,
0.038762,
0.037011,
0.037843,
0.040642,
0.044000,
0.047492,
0.051040,
0.054713,
0.059031,
0.061063,
0.062182,
0.063220,
0.064362,
0.066295,
0.068813,
0.069930,
0.071193,
0.069171,
0.065527,
0.061209,
0.056901,
0.053031,
0.050125,
0.047562,
0.046125,
0.045974,
0.047414,
0.049997,
0.054085,
0.059837,
0.066803,
0.075822,
0.084584,
0.093709,
0.101494,
0.104261,
0.100706,
0.095199,
0.088654,
0.082110,
0.075331,
0.067286,
0.059052,
0.051478,
0.046215,
0.042246,
0.039485,
0.037475,
0.036892,
0.038323,
0.040459,
0.041122,
0.041346,
0.040843,
0.039470,
0.037767,
0.036659,
0.035842,
0.035321,
0.035728,
0.037300,
0.040076,
0.043268,
0.047116,
0.051061,
0.054295,
0.057017,
0.059928,
0.062958,
0.065817,
0.068725,
0.071327,
0.073317,
0.075086,
0.076704,
0.077683,
0.078686,
0.078207,
0.077016,
0.075521,
0.073264,
0.069603,
0.065481,
0.062195,
0.059243,
0.057113,
0.056121,
0.056115,
0.056221,
0.056319,
0.056335,
0.056638,
0.057252,
0.057671,
0.057381,
0.057069,
0.056728,
0.056625,
0.057121,
0.057462,
0.057808,
0.058414,
0.059412,
0.060908,
0.063043,
0.065573,
0.068536,
0.071642,
0.074849,
0.077624,
0.079774,
0.081097,
0.081164,
0.080181,
0.078223,
0.076070,
0.073824,
0.071460,
0.069572,
0.068524,
0.068038,
0.068235,
0.069213,
0.070505,
0.071968,
0.073732,
0.075177,
0.075671,
0.075675,
0.074868,
0.072536,
0.070059,
0.068011,
0.066873,
0.067412,
0.069558,
0.069714,
0.069843,
0.070549,
0.070704,
0.070138,
0.068321,
0.065416,
0.061955,
0.058820,
0.055674,
0.051693,
0.047561,
0.044008,
0.041083,
0.038005,
0.035095,
0.032744,
0.031304,
0.030503,
0.030429,
0.030819,
0.031613,
0.032613,
0.033206,
0.033526,
0.033659,
0.033208,
0.032674,
0.031762,
0.030025,
0.027784,
0.025735,
0.024157,
0.022978,
0.021950,
0.021383,
0.021198,
0.021046,
0.020331,
0.020090,
0.020655,
0.021555,
0.022252,
0.023119,
0.023965,
0.025246,
0.026699,
0.028253,
0.029831,
0.031508,
0.033221,
0.035029,
0.037047,
0.038692,
0.039486,
0.039671,
0.039783,
0.040027,
0.040357,
0.040879,
0.041441,
0.042205,
0.043395,
0.045188,
0.047350,
0.049747,
0.052906,
0.057276,
0.062222,
0.067548,
0.073936,
0.080825,
0.087506,
0.093967,
0.100085,
0.105649,
0.110385,
0.115480,
0.120752,
0.125922,
0.131713,
0.137849,
0.144733,
0.152304,
0.158807,
0.165102,
0.170306,
0.175983,
0.181743,
0.186525,
0.189337,
0.188963,
0.187865,
0.188111,
0.189585,
0.192641,
0.198430,
0.207135,
0.218991,
0.232359,
0.244775,
0.257400,
0.270800,
0.283696,
0.297811,
0.312434,
0.326091,
0.337347,
0.350014,
0.365502,
0.378032,
0.391001,
0.404890,
0.415670,
0.426308,
0.437743,
0.450086,
0.459767,
0.470187,
0.478356,
0.482595,
0.487492,
0.490973,
0.496613,
0.503726,
0.507064,
0.508065,
0.499788,
0.485584,
0.471188,
0.461610,
0.454557,
0.446209,
0.436757,
0.428773,
0.426811,
0.425105,
0.424720,
0.428805,
0.435047,
0.439072,
0.443443,
0.442212,
0.435514,
0.423686,
0.405068,
0.385584,
0.364622,
0.341568,
0.320416,
0.300275,
0.280237,
0.262519,
0.247540,
0.236153,
0.226915,
0.219074,
0.213872,
0.210330,
0.208118,
0.208193,
0.209892,
0.213528,
0.217180,
0.220622,
0.222897,
0.224802,
0.226655,
0.229075,
0.233307,
0.239861,
0.248160,
0.256860,
0.265544,
0.274458,
0.284483,
0.295887,
0.292453,
0.291376,
0.291961,
0.294488,
0.299302,
0.306291,
0.314853,
0.324418,
0.334445,
0.345994,
0.357726,
0.369095,
0.380661,
0.394331,
0.407899,
0.420866,
0.432948,
0.442920,
0.450406,
0.455328,
0.456648,
0.455490,
0.452789,
0.447232,
0.437948,
0.427442,
0.415938,
0.404540,
0.394023,
0.384062,
0.374824,
0.366259,
0.358081,
0.349250,
0.340228,
0.332729,
0.325421,
0.318508,
0.311676,
0.305054,
0.299439,
0.295259,
0.292886,
0.292627,
0.293854,
0.296326,
0.299999,
0.305079,
0.311310,
0.318547,
0.326444,
0.334993,
0.344131,
0.358962,
0.374348,
0.390442,
0.407117,
0.424570,
0.441821,
0.459601,
0.478512,
0.499056,
0.521381,
0.545127,
0.571174,
0.599923,
0.631426,
0.665862,
0.703273,
0.744075,
0.787396,
0.833981,
0.882185,
0.932251,
0.986530,
1.044045,
1.104320,
1.167274,
1.233231,
1.301549,
1.371927,
1.444978,
1.518309,
1.591726,
1.663018,
1.731894,
1.802333,
1.875698,
1.949402,
2.024247,
2.099780,
2.175530,
2.251330,
2.327986,
2.405192,
2.483362,
2.561366,
2.634055,
2.701662,
2.764677,
0.697763,
0.724336,
0.750099,
0.764487,
0.823416,
0.821451,
0.772046,
0.902498,
0.946179,
0.945159,
1.110915,
1.284376,
1.233901,
1.340651,
1.138626,
1.181528,
1.170987,
1.079547,
1.178905,
2.365196,
1.226899,
1.104368,
1.110770,
1.055952,
1.094563,
1.023448,
0.923796,
0.929124,
0.878137,
0.814508,
0.844164,
0.832956,
0.798748,
0.787719,
0.757356,
0.757534,
0.692426,
0.613236,
0.518503,
0.619169,
0.793571,
0.771998,
0.751430,
0.727614,
0.752620,
0.739281,
0.684090,
0.648124,
0.626332,
0.580020,
0.581589,
0.542796,
0.529920,
0.079990,
0.094832,
0.091761,
0.065777,
0.061854,
0.029247,
0.059751,
0.148505,
0.188115,
0.161127,
0.137037,
0.160751,
0.196936,
0.158079,
0.127302,
0.132302,
0.155338,
0.182758,
0.146945,
0.230065,
0.118187,
0.138261,
0.141935,
0.128062,
0.164431,
0.130399,
0.115840,
0.179549,
0.255709,
0.254376,
0.228885,
0.224176,
0.248557,
0.189732,
0.150521,
0.146181,
0.110449,
0.152837,
0.150929,
0.173476,
0.259435,
0.362131,
0.375259,
0.436509,
0.262287,
0.142711,
0.367573,
0.370893,
0.364241,
0.414044,
0.466507,
0.456991,
0.444724,
0.393584,
0.332860,
0.286659,
0.243359,
0.246362,
0.226661,
0.186404,
0.185810,
0.195028,
0.200611,
0.187553,
0.168650,
0.162527,
0.202096,
0.203968,
0.184309,
0.179251,
0.207204,
0.177483,
0.194970,
0.185488,
0.197100,
0.192518,
0.180724,
0.215330,
0.213842,
0.200429,
0.164062,
0.222375,
0.275086,
0.266082,
0.245765,
0.280886,
0.344040,
0.320319,
0.284981,
0.246999,
0.262994,
0.183705,
0.206143,
0.064839,
0.149791,
0.148320,
0.346943,
0.273331,
0.343957,
0.309426,
0.225468,
0.204295,
0.171914,
0.081881,
0.058999,
0.065750,
0.039445,
0.057881,
0.039255,
0.035240,
0.061919,
0.022375,
0.098209,
0.034262,
0.030627,
0.030301,
0.032836,
0.037152,
0.041248,
0.046698,
0.056750,
0.065847,
0.065138,
0.060003,
0.077299,
0.082085,
0.086526,
0.093928,
0.100379,
0.105156,
0.112242,
0.129615,
0.188139,
0.137825,
0.093456,
0.073011,
0.063208,
0.072484,
0.076043,
0.095106,
0.117564,
0.133507,
0.118337,
0.106297,
0.113268,
0.105527,
0.103013,
0.097253,
0.098815,
0.104693,
0.111700,
0.131248,
0.177324,
0.118552,
0.089402,
0.077582,
0.071204,
0.083143,
0.079669,
0.096061,
0.114003,
0.133872,
0.120958,
0.118452,
0.127816,
0.119770,
0.109424,
0.101617,
0.093101,
0.097268,
0.101839,
0.125887,
0.198265,
0.129014,
0.116720,
0.095089,
0.067148,
0.082867,
0.092650,
0.093578,
0.089725,
0.092000,
0.070586,
0.070449,
0.076719,
0.074248,
0.071728,
0.088316,
0.083167,
0.095519,
0.102188,
0.102146,
0.167832,
0.187005,
0.206649,
0.217257,
0.221150,
0.204649,
0.192613,
0.184183,
0.176751,
0.173987,
0.172824,
0.172720,
0.174490,
0.177506,
0.180710,
0.183806,
0.186584,
0.071027,
0.137271,
0.121863,
0.084529,
0.085863,
0.114726,
0.132109,
0.124209,
0.092941,
0.090186,
0.080263,
0.071551,
0.072525,
0.066339,
0.060893,
0.053538,
0.047145,
0.041834,
0.044371,
0.118160,
0.043932,
0.045863,
0.055438,
0.064289,
0.068919,
0.066585,
0.077742,
0.087498,
0.081372,
0.076471,
0.074930,
0.075051,
0.071575,
0.074190,
0.075959,
0.076663,
0.078062,
0.076375,
0.076874,
0.102367,
0.068118,
0.075756,
0.076816,
0.076471,
0.071865,
0.057316,
0.053111,
0.050916,
0.042871,
0.032003,
0.033744,
0.030956,
0.029906,
0.029689,
0.031282,
0.029381,
0.037909,
0.035586,
0.036878,
0.047943,
0.034894,
0.051123,
0.048562,
0.047155,
0.046288,
0.034894,
0.033264,
0.031290,
0.022861,
0.010906,
0.010474,
0.005792,
0.006692,
0.006914,
0.010102,
0.010218,
0.022445,
0.017887,
0.021435,
0.026991,
0.018096,
0.038476,
0.028151,
0.024055,
0.027800,
0.021888,
0.019663,
0.019107,
0.015249,
0.006628,
0.009711,
0.011843,
0.018770,
0.026588,
0.032770,
0.028402,
0.036821,
0.030486,
0.038857,
0.046531,
0.049867,
0.053334,
0.057178,
0.060930,
0.064496,
0.066258,
0.067050,
0.069239,
0.073543,
0.080327,
0.089493,
0.096447,
0.097382,
0.089673,
0.081043,
0.074100,
0.070561,
0.070296,
0.072033,
0.075323,
0.080052,
0.087268,
0.094322,
0.100548,
0.104797,
0.106825,
0.105490,
0.104592,
0.100328,
0.087702,
0.070709,
0.059170,
0.054431,
0.051766,
0.049691,
0.046917,
0.043036,
0.039602,
0.037003,
0.035834,
0.034981,
0.034342,
0.033612,
0.032839,
0.031855,
0.030911,
0.029945,
0.029166,
0.028788,
0.028912,
0.029004,
0.028953,
0.028821,
0.028609,
0.028680,
0.029327,
0.030218,
0.031019,
0.031516,
0.031831,
0.032240,
0.032763,
0.033253,
0.033746,
0.034263,
0.034899,
0.035653,
0.036485,
0.037364,
0.038261,
0.038873,
0.039359,
0.039809,
0.040133,
0.040556,
0.041006,
0.041417,
0.041878,
0.042372,
0.042897,
0.043465,
0.044065,
0.044731,
0.045443,
0.046154,
0.046882,
0.047617,
0.048369,
0.049213,
0.050232,
0.051433,
0.053119,
0.054872,
0.056334,
0.057651,
0.058701,
0.059635,
0.060704,
0.061657,
0.062312,
0.063093,
0.064175,
0.065185,
0.066049,
0.066876,
0.067521,
0.067994,
0.068484,
0.069203,
0.070030,
0.070991,
0.072057,
0.073179,
0.074310,
0.075491,
0.076734,
0.078045,
0.079422,
0.081001,
0.082960,
0.085440,
0.088105,
0.090577,
0.093261,
0.096511,
0.099150,
0.102981,
0.108193,
0.114416,
0.120256,
0.123855,
0.123895,
0.123265,
0.123277,
0.123799,
0.125267,
0.079947,
0.080802,
0.077489,
0.078325,
0.084116,
0.072500,
0.093116,
0.091716,
0.090443,
0.092483,
0.054192,
0.041656,
0.032617,
0.026737,
0.024203,
0.022039,
0.021796,
0.023170,
0.025806,
0.063253,
0.034006,
0.040263,
0.046131,
0.050879,
0.054832,
0.056894,
0.058988,
0.056834,
0.055720,
0.056088,
0.052688,
0.052036,
0.051095,
0.048791,
0.046448,
0.045267,
0.044346,
0.037920,
0.039084,
0.055210,
0.038303,
0.035988,
0.034332,
0.033445,
0.032403,
0.030023,
0.028643,
0.026192,
0.024417,
0.023032,
0.020124,
0.018492,
0.017279,
0.016086,
0.015107,
0.015484,
0.017070,
0.013100,
0.013236,
0.023018,
0.018724,
0.015184,
0.012225,
0.011747,
0.012065,
0.010745,
0.011894,
0.011265,
0.011434,
0.010427,
0.008728,
0.008742,
0.009137,
0.009795,
0.010909,
0.012495,
0.017132,
0.014316,
0.014133,
0.017472,
0.020910,
0.019495,
0.015312,
0.016136,
0.019348,
0.016579,
0.019982,
0.021465,
0.020529,
0.017134,
0.012966,
0.013143,
0.012930,
0.012670,
0.014172,
0.015059,
0.022475,
0.016919,
0.017349,
0.015336,
0.015569,
0.015803,
0.016187,
0.016687,
0.017241,
0.018086,
0.019043,
0.020030,
0.021103,
0.022156,
0.023162,
0.024553,
0.025897,
0.027290,
0.028737,
0.030402,
0.032192,
0.033264,
0.034290,
0.035296,
0.036119,
0.036709,
0.037247,
0.038161,
0.039275,
0.040253,
0.040741,
0.040390,
0.039906,
0.039575,
0.039272,
0.038473,
0.037106,
0.035584,
0.034111,
0.032505,
0.030567,
0.028205,
0.026516,
0.025507,
0.024576,
0.024157,
0.024285,
0.025196,
0.026804,
0.028820,
0.031468,
0.034780,
0.038750,
0.042891,
0.046813,
0.050343,
0.053225,
0.054923,
0.055670,
0.055621,
0.055120,
0.054507,
0.053951,
0.053555,
0.052983,
0.053240,
0.053946,
0.054833,
0.055466,
0.055036,
0.054019,
0.052280,
0.050421,
0.048054,
0.045580,
0.043558,
0.041678,
0.040133,
0.038929,
0.037917,
0.037245,
0.036649,
0.036039,
0.035436,
0.034801,
0.034323,
0.033884,
0.033416,
0.032515,
0.031776,
0.031044,
0.030365,
0.029759,
0.029235,
0.028792,
0.028454,
0.028341,
0.028456,
0.028707,
0.029240,
0.030127,
0.030990,
0.031870,
0.032460,
0.032409,
0.032007,
0.031494,
0.030711,
0.029755,
0.028752,
0.027872,
0.026806,
0.025443,
0.024151,
0.023031,
0.022281,
0.021915,
0.022038,
0.022730,
0.023997,
0.026325,
0.029025,
0.031257,
0.033095,
0.034591,
0.036201,
0.037343,
0.037930,
0.038219,
0.038335,
0.037966,
0.037611,
0.036949,
0.036090,
0.035431,
0.034971,
0.035053,
0.036250,
0.037042,
0.037748,
0.038145,
0.038182,
0.038344,
0.038824,
0.039378,
0.039659,
0.039802,
0.040161,
0.040728,
0.040982,
0.041072,
0.041215,
0.041192,
0.041244,
0.040746,
0.039814,
0.038902,
0.037677,
0.036801,
0.035657,
0.034314,
0.033126,
0.032354,
0.031825,
0.031314,
0.031203,
0.031131,
0.031403,
0.032151,
0.033057,
0.034056,
0.035212,
0.036594,
0.038157,
0.039823,
0.041430,
0.043153,
0.044871,
0.046403,
0.048180,
0.049781,
0.051582,
0.053088,
0.054551,
0.055462,
0.056034,
0.056285,
0.056294,
0.056452,
0.056491,
0.056746,
0.056641,
0.056766,
0.057130,
0.057866,
0.058327,
0.058817,
0.059212,
0.059616,
0.059658,
0.059788,
0.059948,
0.060488,
0.061071,
0.061366,
0.060996,
0.060534,
0.060035,
0.059529,
0.059642,
0.059945,
0.060404,
0.060919,
0.061665,
0.062767,
0.064219,
0.065519,
0.067117,
0.068984,
0.070666,
0.072124,
0.073334,
0.075205,
0.077364,
0.080286,
0.083500,
0.086391,
0.089003,
0.091348,
0.093162,
0.093956,
0.094356,
0.093760,
0.092902,
0.092749,
0.093633,
0.097061,
0.101497,
0.107212,
0.112734,
0.118752,
0.125604,
0.132659,
0.140333,
0.148858,
0.159698,
0.172153,
0.182308,
0.189021,
0.194387,
0.199644,
0.204647,
0.210173,
0.216729,
0.223608,
0.231255,
0.237615,
0.242229,
0.247039,
0.253710,
0.259810,
0.266338,
0.275675,
0.285655,
0.292566,
0.298788,
0.304280,
0.308853,
0.314455,
0.319708,
0.326073,
0.332991,
0.339705,
0.346622,
0.351551,
0.355944,
0.359331,
0.360990,
0.360053,
0.357236,
0.355362,
0.353103,
0.350624,
0.344480,
0.334064,
0.324375,
0.314398,
0.305674,
0.298895,
0.293139,
0.288333,
0.283771,
0.279438,
0.276010,
0.272585,
0.268395,
0.266531,
0.265855,
0.265510,
0.265352,
0.267815,
0.271946,
0.278150,
0.285883,
0.295735,
0.307038,
0.319162,
0.333217,
0.349486,
0.367622,
0.387497,
0.409129,
0.433616,
0.459686,
0.486187,
0.512303,
0.539765,
0.568754,
0.598026,
0.624777,
0.651567,
0.681368,
0.711456,
0.740654,
0.766843,
0.791562,
0.813911,
0.833772,
0.851357,
0.864592,
0.874229,
0.881806,
0.887495,
0.892429,
0.895313,
0.896918,
0.896508,
0.893206,
0.886963,
0.879123,
0.868224,
0.857508,
0.847139,
0.826951,
0.807765,
0.788187,
0.768999,
0.750405,
0.732127,
0.715527,
0.700477,
0.687777,
0.673542,
0.661060,
0.652866,
0.647918,
0.644687,
0.641949,
0.640139,
0.638552,
0.637168,
0.635968,
0.633827,
0.630357,
0.626113,
0.620231,
0.613455,
0.605025,
0.595333,
0.583848,
0.571554,
0.558431,
0.545124,
0.530842,
0.516569,
0.502495,
0.488669,
0.475807,
0.463501,
0.452350,
0.442095,
0.432805,
0.424981,
0.418889,
0.414723,
0.412519,
0.412629,
0.415156,
0.420026,
0.427806,
0.438163,
0.450427,
0.465018,
0.481508,
0.500026,
0.520874,
0.561493,
0.603277,
0.646454,
0.691596,
0.737005,
0.783733,
0.832351,
0.883322,
0.936338,
0.990260,
1.045311,
1.100919,
1.158836,
1.217184,
1.274736,
1.331538,
1.387626,
1.442672,
1.495946,
1.548976,
1.601766,
1.654245,
1.707488,
1.761946,
1.815897,
1.868964,
1.921254,
1.971732,
2.020922,
2.068968,
2.115486,
2.160973,
2.205024,
2.247750,
2.289700,
2.329867,
2.368122,
2.405948,
2.442994,
2.480145,
2.517266,
2.554956,
2.592879,
2.630332,
2.667484,
2.705560,
2.744716,
1.142098,
1.111879,
1.154057,
1.147957,
1.200918,
1.196061,
1.219300,
1.305506,
1.317108,
1.303680,
1.358934,
1.448897,
1.453246,
1.480801,
1.430971,
1.475594,
1.503672,
1.492518,
1.494672,
1.899562,
1.618822,
1.620307,
1.665101,
1.655147,
1.710304,
1.668876,
1.658805,
1.716387,
1.676296,
1.658106,
1.692664,
1.723123,
1.708337,
1.690738,
1.664615,
1.685285,
1.673196,
1.679906,
1.719333,
1.713451,
1.754359,
1.777755,
1.776927,
1.769314,
1.788805,
1.794612,
1.763040,
1.768574,
1.747683,
1.732353,
1.735222,
1.728624,
1.728851,
0.454446,
0.617725,
0.447766,
0.264802,
0.316061,
0.353391,
0.541524,
0.338467,
0.374123,
0.258315,
0.306885,
0.340536,
0.374076,
0.375510,
0.522644,
0.505793,
0.326984,
0.279936,
0.247042,
0.441076,
0.424524,
0.386950,
0.364860,
0.331509,
0.354863,
0.393399,
0.403417,
0.429976,
0.441220,
0.490018,
0.560546,
0.584026,
0.510765,
0.561116,
0.567186,
0.528970,
0.625486,
0.577023,
1.021287,
0.712103,
0.721054,
0.643899,
0.598582,
0.580773,
0.673060,
0.751439,
0.780342,
0.739576,
0.835461,
0.803343,
0.861346,
0.855229,
0.743179,
0.748460,
0.667024,
0.648326,
0.718635,
0.734988,
0.997970,
0.765931,
0.991913,
0.929153,
0.815248,
0.843317,
0.883613,
0.886013,
0.970009,
0.882724,
0.971106,
0.857201,
0.959814,
1.012424,
0.990405,
1.124962,
1.319849,
1.427920,
1.194626,
1.099956,
1.236598,
1.001424,
1.055809,
1.091963,
1.195170,
1.167642,
1.249104,
1.271743,
1.330908,
1.413065,
1.432899,
1.381031,
1.492624,
1.495232,
1.475769,
0.101038,
0.108681,
0.163830,
0.138490,
0.147701,
0.105756,
0.125630,
0.102567,
0.132390,
0.136976,
0.163491,
0.160693,
0.169032,
0.170628,
0.228288,
0.257743,
0.281649,
0.320305,
0.322039,
0.469267,
0.334978,
0.379569,
0.428656,
0.459516,
0.473181,
0.512781,
0.548437,
0.519025,
0.540351,
0.536531,
0.559439,
0.580821,
0.591758,
0.631638,
0.671761,
0.696913,
0.669753,
0.684642,
0.821786,
0.527676,
0.698676,
0.722981,
0.798703,
0.849660,
0.814733,
0.818913,
0.857056,
0.773176,
0.827599,
0.780291,
0.814698,
0.846884,
0.850770,
0.878336,
0.936416,
0.964838,
1.039017,
1.161703,
1.373762,
0.954266,
1.213202,
1.215099,
1.330948,
1.511529,
1.552692,
1.670135,
1.985168,
1.861148,
2.094882,
1.888782,
1.808266,
1.807958,
1.791496,
1.819963,
1.881200,
1.853276,
1.780684,
1.873373,
1.929350,
1.421318,
1.646157,
1.769779,
1.908467,
1.974860,
1.986656,
2.114810,
2.211722,
2.021734,
2.343666,
1.984453,
1.638699,
1.887684,
1.872407,
1.901147,
2.013602,
2.016200,
1.873439,
1.951734,
1.664413,
2.638288,
2.602679,
2.562396,
2.556129,
2.600986,
2.571332,
2.605180,
2.664577,
2.737149,
2.830281,
2.925243,
3.014215,
3.101284,
3.215429,
3.394125,
3.549210,
3.658176,
2.817801,
3.038734,
2.876560,
2.540801,
2.683139,
2.989333,
3.152961,
2.798274,
2.662515,
2.522747,
2.911295,
2.869651,
3.078595,
3.152678,
2.926462,
2.805153,
3.533097,
2.923427,
2.498288,
2.000846,
1.862155,
1.885150,
1.655197,
1.400426,
1.111479,
0.947030,
0.842705,
0.721571,
0.611208,
0.389003,
0.476445,
0.406708,
0.565321,
0.568916,
0.474358,
0.348707,
0.650331,
0.393458,
0.123255,
0.221193,
0.201028,
0.162175,
0.202317,
0.259787,
0.193443,
0.249462,
0.272906,
0.343546,
0.348048,
0.305141,
0.304998,
0.259766,
0.341585,
0.329157,
0.281287,
0.203433,
0.301365,
0.151744,
0.096685,
0.148125,
0.060414,
0.044779,
0.068462,
0.011662,
0.036098,
0.047615,
0.055176,
0.093806,
0.076341,
0.087783,
0.069444,
0.076385,
0.085822,
0.073288,
0.083641,
0.098674,
0.113194,
0.147312,
0.154328,
0.197751,
0.253736,
0.244927,
0.239417,
0.204177,
0.177756,
0.160820,
0.133108,
0.100119,
0.089729,
0.098785,
0.098352,
0.093247,
0.133972,
0.114508,
0.126502,
0.139757,
0.117319,
0.127179,
0.196218,
0.473334,
0.468380,
0.463443,
0.462109,
0.473496,
0.466477,
0.444776,
0.436383,
0.442303,
0.443369,
0.441433,
0.454339,
0.457325,
0.450509,
0.464734,
0.495596,
0.525445,
0.545778,
0.558274,
0.570535,
0.580483,
0.600175,
0.627282,
0.615475,
0.598156,
0.597776,
0.574445,
0.553104,
0.507574,
0.510311,
0.539741,
0.550494,
0.543420,
0.535883,
0.533676,
0.531763,
0.530634,
0.516113,
0.504634,
0.503441,
0.517614,
0.552407,
0.589522,
0.605512,
0.615635,
0.638063,
0.641010,
0.626879,
0.648995,
0.657940,
0.648066,
0.633620,
0.623655,
0.621236,
0.613884,
0.620101,
0.636782,
0.656063,
0.674136,
0.676455,
0.649233,
0.601407,
0.581008,
0.562111,
0.549880,
0.592085,
0.555528,
0.537984,
0.496257,
0.430997,
0.377194,
0.350154,
0.346829,
0.363416,
0.373034,
0.370412,
0.372577,
0.383501,
0.380263,
0.356435,
0.365017,
0.371601,
0.375367,
0.380585,
0.388727,
0.400368,
0.412467,
0.423621,
0.434154,
0.445130,
0.460466,
0.480080,
0.506556,
0.538271,
0.563767,
0.580857,
0.599162,
0.620618,
0.634420,
0.656627,
0.680454,
0.716241,
0.755672,
0.792116,
0.833714,
0.884743,
0.938332,
0.983634,
1.024573,
1.072338,
1.133049,
1.210433,
1.277712,
1.329195,
1.375523,
1.410361,
1.432468,
1.443899,
1.486919,
1.521627,
1.545081,
1.555332,
1.564937,
1.565136,
1.574870,
1.616504,
1.633421,
1.663317,
1.704459,
1.739487,
1.784799,
1.846297,
1.909815,
1.980020,
2.052578,
2.102326,
2.142050,
0.904231,
0.735301,
0.708152,
0.644118,
0.586054,
0.528379,
0.460131,
0.498855,
0.416211,
0.378827,
0.352763,
0.350520,
0.361627,
0.365793,
0.352691,
0.339580,
0.312849,
0.290622,
0.336365,
0.587410,
0.211301,
0.214059,
0.218564,
0.204537,
0.182574,
0.172639,
0.175853,
0.162845,
0.167467,
0.172133,
0.176830,
0.178388,
0.175219,
0.163251,
0.155235,
0.149988,
0.144029,
0.149963,
0.147280,
0.364531,
0.118252,
0.105702,
0.082863,
0.066536,
0.053228,
0.043947,
0.043271,
0.046884,
0.039103,
0.039500,
0.042507,
0.042366,
0.044529,
0.046982,
0.051634,
0.056548,
0.054861,
0.052836,
0.051338,
0.320376,
0.062960,
0.068329,
0.070938,
0.070061,
0.073081,
0.077970,
0.073263,
0.080413,
0.071378,
0.074190,
0.083701,
0.086165,
0.088211,
0.085326,
0.086535,
0.089813,
0.093164,
0.089271,
0.082020,
0.385741,
0.087174,
0.082285,
0.073020,
0.080150,
0.083543,
0.056462,
0.049737,
0.052993,
0.033942,
0.046806,
0.087038,
0.039235,
0.050624,
0.052438,
0.045736,
0.036123,
0.044128,
0.042773,
0.094405,
0.016779,
0.017663,
0.018692,
0.019932,
0.021299,
0.023074,
0.024656,
0.025952,
0.026540,
0.026686,
0.026781,
0.026558,
0.026042,
0.025057,
0.023909,
0.022998,
0.022348,
0.021807,
0.021477,
0.021536,
0.022286,
0.023974,
0.026439,
0.030236,
0.033544,
0.036414,
0.038952,
0.040547,
0.041942,
0.042839,
0.043558,
0.043499,
0.042385,
0.040993,
0.039399,
0.038071,
0.037034,
0.036183,
0.035786,
0.036207,
0.037251,
0.039741,
0.041824,
0.043811,
0.045862,
0.048636,
0.052087,
0.055292,
0.058317,
0.060881,
0.063113,
0.064933,
0.064938,
0.063518,
0.061469,
0.059171,
0.056185,
0.053154,
0.050776,
0.048207,
0.045755,
0.044107,
0.043086,
0.041813,
0.040613,
0.039042,
0.037727,
0.036799,
0.035249,
0.034115,
0.033227,
0.032661,
0.032655,
0.033315,
0.034554,
0.036416,
0.038545,
0.041061,
0.044774,
0.048579,
0.052390,
0.055898,
0.058874,
0.061298,
0.062739,
0.063679,
0.064287,
0.064830,
0.065422,
0.065732,
0.066068,
0.066472,
0.066897,
0.067724,
0.068146,
0.067810,
0.067048,
0.065742,
0.064002,
0.062128,
0.060364,
0.058932,
0.057458,
0.055978,
0.054552,
0.053167,
0.051845,
0.050512,
0.049513,
0.048941,
0.048186,
0.047124,
0.046410,
0.045939,
0.045842,
0.045874,
0.045968,
0.046312,
0.046808,
0.047555,
0.048245,
0.049088,
0.050310,
0.051714,
0.053407,
0.055265,
0.057122,
0.058289,
0.058398,
0.058172,
0.057862,
0.057137,
0.055967,
0.054696,
0.053605,
0.052777,
0.053960,
0.056173,
0.057939,
0.059350,
0.060616,
0.061942,
0.062876,
0.063103,
0.063746,
0.064668,
0.065674,
0.065700,
0.066218,
0.067104,
0.070306,
0.074954,
0.080951,
0.087600,
0.092817,
0.095330,
0.096095,
0.095938,
0.094646,
0.091881,
0.088373,
0.084508,
0.081091,
0.077247,
0.073613,
0.069834,
0.066291,
0.063142,
0.060348,
0.058043,
0.058033,
0.061001,
0.063616,
0.065699,
0.067995,
0.069828,
0.071199,
0.072515,
0.073636,
0.073632,
0.073360,
0.071816,
0.069452,
0.066629,
0.064392,
0.062984,
0.060951,
0.057971,
0.057094,
0.058547,
0.060938,
0.062599,
0.063173,
0.063216,
0.063188,
0.062541,
0.061972,
0.061397,
0.061209,
0.061571,
0.061458,
0.061054,
0.061346,
0.061879,
0.062602,
0.063392,
0.063652,
0.063511,
0.063059,
0.063001,
0.063135,
0.063037,
0.062904,
0.063860,
0.065787,
0.068965,
0.072997,
0.077363,
0.082630,
0.089325,
0.096948,
0.105662,
0.113884,
0.123438,
0.134874,
0.146083,
0.156409,
0.166188,
0.177398,
0.188809,
0.199992,
0.211975,
0.223698,
0.235828,
0.245996,
0.253463,
0.260714,
0.266622,
0.271573,
0.275343,
0.279105,
0.283107,
0.285729,
0.285008,
0.283486,
0.284653,
0.288168,
0.293371,
0.301092,
0.310479,
0.320939,
0.332077,
0.341408,
0.350886,
0.359910,
0.369046,
0.378871,
0.389781,
0.401278,
0.412742,
0.426531,
0.443999,
0.461538,
0.480230,
0.497298,
0.515606,
0.532732,
0.549990,
0.568967,
0.588375,
0.607313,
0.621799,
0.631943,
0.641023,
0.649063,
0.655950,
0.662317,
0.671250,
0.679826,
0.683601,
0.679655,
0.670167,
0.661558,
0.652961,
0.646588,
0.639272,
0.630782,
0.622833,
0.616640,
0.609701,
0.603579,
0.598350,
0.594669,
0.590539,
0.583618,
0.572529,
0.557311,
0.537681,
0.513489,
0.489045,
0.463690,
0.439677,
0.417768,
0.397966,
0.378521,
0.360242,
0.344059,
0.329648,
0.317169,
0.306058,
0.296793,
0.290134,
0.285946,
0.283503,
0.281798,
0.281019,
0.280489,
0.279874,
0.279767,
0.280196,
0.281133,
0.282100,
0.285038,
0.289390,
0.295297,
0.302359,
0.311688,
0.322069,
0.333393,
0.345372,
0.359845,
0.375286,
0.391536,
0.410399,
0.431271,
0.452138,
0.473785,
0.496348,
0.523996,
0.551425,
0.579007,
0.607084,
0.634405,
0.659982,
0.684405,
0.706887,
0.728152,
0.747858,
0.765469,
0.781051,
0.795039,
0.806830,
0.817267,
0.826801,
0.836097,
0.845312,
0.854593,
0.864361,
0.874378,
0.884402,
0.894773,
0.904415,
0.912867,
0.921405,
0.930263,
0.939924,
0.950131,
0.960093,
0.970432,
0.980634,
0.991101,
1.001660,
1.011467,
1.019616,
1.027221,
1.033872,
1.039243,
1.043342,
1.046101,
1.047703,
1.047970,
1.047125,
1.045995,
1.044440,
1.043069,
1.042009,
1.042048,
1.042447,
1.043247,
1.044084,
1.046006,
1.051496,
1.057372,
1.064557,
1.073960,
1.085857,
1.099882,
1.116616,
1.134744,
1.155638,
1.178522,
1.202793,
1.229660,
1.259356,
1.291358,
1.324792,
1.360431,
1.397577,
1.435468,
1.473814,
1.512697,
1.551750,
1.589821,
1.625659,
1.661102,
1.696845,
1.733405,
1.770320,
1.807475,
1.845483,
1.884064,
1.922976,
1.961649,
2.000389,
2.038477,
2.074611,
2.105546,
2.134477,
2.161233,
2.187612,
2.213571,
2.238901,
2.264085,
2.289022,
2.313894,
2.338490,
2.363416,
2.388648,
0.752852,
0.929524,
0.895779,
1.138913,
1.028656,
0.947944,
0.837653,
0.811322,
0.794401,
0.914529,
0.788462,
0.732913,
0.745908,
1.092193,
0.895863,
1.052020,
1.028296,
1.109555,
0.817605,
0.563751,
0.299293,
0.385468,
0.429351,
0.438580,
0.349818,
0.324499,
0.312971,
0.275364,
0.274635,
0.283294,
0.283866,
0.252366,
0.254261,
0.249499,
0.243216,
0.249733,
0.242262,
0.248154,
0.281461,
0.379727,
0.294672,
0.234615,
0.241048,
0.245990,
0.242788,
0.248817,
0.241745,
0.240211,
0.244542,
0.240292,
0.240850,
0.241324,
0.246213,
0.048042,
0.098309,
0.082933,
0.140670,
0.094298,
0.139391,
0.114077,
0.085217,
0.075042,
0.113273,
0.085613,
0.077838,
0.131257,
0.099759,
0.079550,
0.138036,
0.091125,
0.118845,
0.081337,
0.162135,
0.096554,
0.119540,
0.104362,
0.198512,
0.148586,
0.175826,
0.054225,
0.060602,
0.044675,
0.092569,
0.101386,
0.083815,
0.087773,
0.091334,
0.103342,
0.126459,
0.124842,
0.100256,
0.088331,
0.117077,
0.052156,
0.054170,
0.076351,
0.068875,
0.045516,
0.052165,
0.101793,
0.108104,
0.115182,
0.097223,
0.110845,
0.103630,
0.115364,
0.115954,
0.127706,
0.132065,
0.126709,
0.155350,
0.162967,
0.159203,
0.084655,
0.078698,
0.088484,
0.087710,
0.069698,
0.070158,
0.088776,
0.055493,
0.061132,
0.052149,
0.063662,
0.055491,
0.061224,
0.059919,
0.071120,
0.078793,
0.077781,
0.095944,
0.097482,
0.113714,
0.062117,
0.071155,
0.080743,
0.071283,
0.062638,
0.062159,
0.063774,
0.055102,
0.055733,
0.109997,
0.068826,
0.107063,
0.063300,
0.251107,
0.627390,
0.717959,
0.830854,
0.779772,
0.751070,
0.432735,
0.351341,
0.325377,
0.267163,
0.203363,
0.178122,
0.210602,
0.199774,
0.221404,
0.179569,
0.241275,
0.295313,
0.284316,
0.317322,
0.270209,
0.249886,
0.220205,
0.215038,
0.240411,
0.263274,
0.285703,
0.321025,
0.370715,
0.389514,
0.426163,
0.467766,
0.489197,
0.520824,
0.535192,
0.568055,
0.593924,
0.617604,
0.653401,
0.862958,
0.812260,
0.842174,
0.831042,
0.820101,
0.878681,
0.903256,
0.936954,
0.981716,
1.052520,
1.027131,
1.075692,
1.132321,
1.154143,
1.185071,
1.188508,
1.213902,
1.242193,
1.280252,
1.320338,
1.516984,
1.382285,
1.390634,
1.369221,
1.358825,
1.466055,
1.520854,
1.571841,
1.610535,
1.674356,
1.611506,
1.675316,
1.733293,
1.754707,
1.803785,
1.852157,
1.899028,
1.963972,
2.016887,
2.108401,
2.365428,
2.196174,
2.253857,
2.228394,
2.188914,
2.317042,
2.379411,
2.407632,
2.417413,
2.486511,
2.407362,
2.504961,
2.574120,
2.644974,
2.727194,
2.846441,
2.929380,
3.154073,
3.305594,
3.457978,
3.742309,
3.786192,
3.793030,
3.794737,
3.840761,
3.925939,
4.015370,
4.095562,
4.163576,
4.225665,
4.285283,
4.346060,
4.427325,
4.511194,
4.594968,
4.714373,
4.811308,
4.121797,
4.073224,
3.889181,
3.733012,
3.804501,
3.983130,
4.112982,
3.724228,
3.547895,
3.369914,
4.171070,
3.951646,
4.001757,
4.058712,
3.194042,
3.020154,
4.486633,
4.048049,
3.553076,
2.827177,
2.750750,
2.831380,
2.806433,
2.860295,
2.698318,
2.558698,
2.505304,
2.508681,
2.546434,
2.253777,
2.521773,
2.351039,
2.406449,
2.353837,
2.109029,
1.962568,
2.393301,
2.080195,
1.674001,
1.739181,
1.731756,
1.647751,
1.668725,
1.746193,
1.572780,
1.471825,
1.355849,
1.292991,
1.155253,
0.911128,
0.776968,
0.560862,
0.571593,
0.502787,
0.378914,
0.333328,
0.517533,
0.344463,
0.269563,
0.357015,
0.257362,
0.240167,
0.273179,
0.201744,
0.179763,
0.172845,
0.155311,
0.191838,
0.185095,
0.187302,
0.193695,
0.216529,
0.212354,
0.220957,
0.239327,
0.255767,
0.265250,
0.281974,
0.295022,
0.382656,
0.417332,
0.368321,
0.369000,
0.351544,
0.379313,
0.409775,
0.414195,
0.436134,
0.462130,
0.453432,
0.402286,
0.387634,
0.444760,
0.417993,
0.408346,
0.387977,
0.342659,
0.337734,
0.397190,
0.738683,
0.784722,
0.801164,
0.810148,
0.812239,
0.813298,
0.805271,
0.797449,
0.788499,
0.778145,
0.765914,
0.768458,
0.816734,
0.883371,
0.917550,
0.969647,
0.969969,
0.988433,
0.995703,
0.993656,
1.011141,
1.015293,
1.020449,
1.016877,
1.029990,
1.075311,
1.080053,
1.029677,
0.956394,
0.900181,
0.873497,
0.857801,
0.867598,
0.875304,
0.892684,
0.973107,
1.073261,
1.079983,
1.098109,
1.152810,
1.270944,
1.331858,
1.276702,
1.238659,
1.242033,
1.247558,
1.314658,
1.340561,
1.286529,
1.231764,
1.232022,
1.166219,
1.098066,
1.021658,
0.913411,
0.778497,
0.702542,
0.656723,
0.617878,
0.610558,
0.599887,
0.541004,
0.460617,
0.424173,
0.403268,
0.387659,
0.393962,
0.423820,
0.455316,
0.455327,
0.438100,
0.431650,
0.442318,
0.487812,
0.548475,
0.590487,
0.631854,
0.703555,
0.738977,
0.722293,
0.670815,
0.596748,
0.559199,
0.565933,
0.581270,
0.581158,
0.581899,
0.592480,
0.606167,
0.631353,
0.656742,
0.675837,
0.677051,
0.666709,
0.677303,
0.688142,
0.700991,
0.709683,
0.719182,
0.735996,
0.758327,
0.785428,
0.813666,
0.839602,
0.864634,
0.887805,
0.916183,
0.945386,
0.969091,
0.990527,
1.008398,
1.025609,
1.040340,
1.048769,
1.064504,
1.083129,
1.110812,
1.140115,
1.162336,
1.194133,
1.239344,
1.273641,
1.309605,
1.348887,
1.392052,
1.436817,
1.472970,
1.502829,
1.530118,
1.559325,
1.589529,
1.622274,
1.661494,
1.697562,
1.735647,
1.775133,
1.824635,
0.512455,
0.411703,
0.393457,
0.392935,
0.405526,
0.405851,
0.339295,
0.356497,
0.235594,
0.180989,
0.163476,
0.133280,
0.127447,
0.138439,
0.070652,
0.052202,
0.051663,
0.070309,
0.183935,
0.415921,
0.019098,
0.025981,
0.053245,
0.063748,
0.058682,
0.067607,
0.086292,
0.082605,
0.093494,
0.096330,
0.092950,
0.087316,
0.086495,
0.078760,
0.080487,
0.075029,
0.058019,
0.047839,
0.040680,
0.312254,
0.033196,
0.029081,
0.020624,
0.024764,
0.020209,
0.019226,
0.024624,
0.026428,
0.026445,
0.031275,
0.035438,
0.037333,
0.043420,
0.050395,
0.059373,
0.063418,
0.062727,
0.060405,
0.063166,
0.379020,
0.106939,
0.111706,
0.117146,
0.118499,
0.112525,
0.118469,
0.138126,
0.147663,
0.161585,
0.173060,
0.182340,
0.177969,
0.161237,
0.138852,
0.108069,
0.098157,
0.084348,
0.077134,
0.066803,
0.381051,
0.076469,
0.081492,
0.081262,
0.085197,
0.089940,
0.075197,
0.084383,
0.090201,
0.081014,
0.090562,
0.125755,
0.103409,
0.125307,
0.149094,
0.167744,
0.178465,
0.192235,
0.190701,
0.229768,
0.176957,
0.177873,
0.184893,
0.216316,
0.266019,
0.295933,
0.317112,
0.338039,
0.358825,
0.375033,
0.386303,
0.395753,
0.399305,
0.396992,
0.393072,
0.400957,
0.416833,
0.423709,
0.411849,
0.397856,
0.381868,
0.382003,
0.391170,
0.405916,
0.412360,
0.415023,
0.414078,
0.405771,
0.393876,
0.386861,
0.384492,
0.352816,
0.326049,
0.308758,
0.299609,
0.289935,
0.276671,
0.269601,
0.259918,
0.249029,
0.244272,
0.238739,
0.246468,
0.255854,
0.262977,
0.265062,
0.260736,
0.249281,
0.230073,
0.213046,
0.208156,
0.207680,
0.208225,
0.209775,
0.212216,
0.213624,
0.213741,
0.213509,
0.208455,
0.200966,
0.182745,
0.151512,
0.127847,
0.119212,
0.117017,
0.111149,
0.109715,
0.106992,
0.099917,
0.094385,
0.094597,
0.099117,
0.106356,
0.111372,
0.110186,
0.104504,
0.096772,
0.089455,
0.085551,
0.076909,
0.067389,
0.059030,
0.052678,
0.050109,
0.047702,
0.046074,
0.045823,
0.046741,
0.044534,
0.040900,
0.038961,
0.040161,
0.043040,
0.048008,
0.052840,
0.054194,
0.047910,
0.043111,
0.041438,
0.041578,
0.041431,
0.040745,
0.037720,
0.035221,
0.035798,
0.038707,
0.044606,
0.057135,
0.071898,
0.083011,
0.090306,
0.096973,
0.104474,
0.112324,
0.120210,
0.128574,
0.138702,
0.151758,
0.161680,
0.167804,
0.174627,
0.183082,
0.192109,
0.206082,
0.232297,
0.259896,
0.286661,
0.309737,
0.331282,
0.349634,
0.364563,
0.376576,
0.385474,
0.390575,
0.387373,
0.379378,
0.381998,
0.386225,
0.392676,
0.396118,
0.394415,
0.392571,
0.392540,
0.390544,
0.382682,
0.370646,
0.358623,
0.348917,
0.335041,
0.317449,
0.299361,
0.284630,
0.273914,
0.258784,
0.243437,
0.230261,
0.216728,
0.203688,
0.192977,
0.183008,
0.177520,
0.170021,
0.159563,
0.150089,
0.142231,
0.136030,
0.128498,
0.117935,
0.107400,
0.097441,
0.093623,
0.093237,
0.092467,
0.091473,
0.089666,
0.087210,
0.085082,
0.082960,
0.082194,
0.082960,
0.084953,
0.086690,
0.087527,
0.089249,
0.090724,
0.090755,
0.089920,
0.087881,
0.086576,
0.085544,
0.084883,
0.085744,
0.088794,
0.092291,
0.094736,
0.093843,
0.092622,
0.092829,
0.094860,
0.097481,
0.100893,
0.104364,
0.107759,
0.112551,
0.117672,
0.122964,
0.130451,
0.133741,
0.131705,
0.127129,
0.121292,
0.119457,
0.117509,
0.114426,
0.109872,
0.102274,
0.093193,
0.084937,
0.076886,
0.071554,
0.069240,
0.066475,
0.066829,
0.070991,
0.078795,
0.086967,
0.090637,
0.090420,
0.087741,
0.084297,
0.082344,
0.080570,
0.078213,
0.075553,
0.072017,
0.067420,
0.063260,
0.060838,
0.060190,
0.060700,
0.062246,
0.065168,
0.067205,
0.068924,
0.072753,
0.078906,
0.088968,
0.105911,
0.125037,
0.142176,
0.156516,
0.169766,
0.183376,
0.195580,
0.206827,
0.216779,
0.227549,
0.238781,
0.252262,
0.269119,
0.291960,
0.319099,
0.349195,
0.381714,
0.416705,
0.454424,
0.492717,
0.529580,
0.568313,
0.605908,
0.644590,
0.684156,
0.723423,
0.765522,
0.810762,
0.855487,
0.899960,
0.947085,
0.998099,
1.050992,
1.107983,
1.171006,
1.239983,
1.315541,
1.402073,
1.501495,
1.597994,
1.685602,
1.762548,
1.829536,
1.883830,
1.939047,
1.999815,
2.056036,
2.109945,
2.156317,
2.232397,
2.309546,
2.387320,
2.462899,
2.541254,
2.622754,
2.714176,
2.816164,
2.930784,
3.066619,
3.205276,
3.340490,
3.460337,
3.564795,
3.658439,
3.738645,
3.808279,
3.870123,
3.922783,
3.963145,
3.997421,
4.021974,
4.039400,
4.051352,
4.064861,
2.911152,
2.265847,
2.245894,
2.286534,
2.534683,
2.470218,
2.551672,
2.773036,
2.943383,
3.090677,
3.381872,
3.448264,
2.999704,
3.224171,
3.055178,
3.122273,
3.097570,
2.737224,
2.739942,
2.403558,
2.351893,
2.289945,
2.139121,
1.933001,
1.949968,
1.875571,
1.824194,
1.759390,
1.707168,
1.610699,
1.503227,
1.368226,
1.101585,
1.005444,
0.913084,
0.872752,
0.767804,
0.631846,
0.512285,
0.435349,
0.424091,
0.493819,
0.470727,
0.486718,
0.420647,
0.415160,
0.353198,
0.302944,
0.294874,
0.267466,
0.261813,
0.256860,
0.244508,
0.055978,
0.062714,
0.056745,
0.060735,
0.069866,
0.085230,
0.091071,
0.054312,
0.049758,
0.040273,
0.042427,
0.030429,
0.045666,
0.035594,
0.040212,
0.054294,
0.070397,
0.065724,
0.071144,
0.118176,
0.064287,
0.098616,
0.115090,
0.092868,
0.097407,
0.082557,
0.091664,
0.203021,
0.218242,
0.226618,
0.150321,
0.205451,
0.133993,
0.153240,
0.113011,
0.079972,
0.076146,
0.099231,
0.106498,
0.176255,
0.135075,
0.111833,
0.138150,
0.100485,
0.085656,
0.121612,
0.252193,
0.248896,
0.235256,
0.274453,
0.282114,
0.253524,
0.215326,
0.173659,
0.148348,
0.124122,
0.093954,
0.084052,
0.067613,
0.066947,
0.025019,
0.024344,
0.030305,
0.035996,
0.050323,
0.045801,
0.053417,
0.057478,
0.056629,
0.074240,
0.061362,
0.075649,
0.065258,
0.067235,
0.071037,
0.071248,
0.079527,
0.095858,
0.119225,
0.153884,
0.139307,
0.151664,
0.156795,
0.177112,
0.213816,
0.161639,
0.132693,
0.179516,
0.185303,
0.244448,
0.148915,
0.177200,
0.117651,
0.339255,
0.713743,
0.817051,
0.858382,
0.799649,
0.722595,
0.407018,
0.328020,
0.282131,
0.214740,
0.131200,
0.087156,
0.084839,
0.050700,
0.071339,
0.056909,
0.061161,
0.085118,
0.059462,
0.036514,
0.027526,
0.045090,
0.049942,
0.050420,
0.044335,
0.048421,
0.057837,
0.054286,
0.048391,
0.051791,
0.049340,
0.047668,
0.056416,
0.055510,
0.067280,
0.067533,
0.062548,
0.059829,
0.057577,
0.039024,
0.041889,
0.049527,
0.067671,
0.080334,
0.069002,
0.067644,
0.070119,
0.073333,
0.071482,
0.089924,
0.085466,
0.083680,
0.091430,
0.089593,
0.089564,
0.081214,
0.080604,
0.080286,
0.080628,
0.064031,
0.114824,
0.131565,
0.140221,
0.169995,
0.172078,
0.193052,
0.224833,
0.260333,
0.285121,
0.334029,
0.329921,
0.322853,
0.316849,
0.293144,
0.284203,
0.282982,
0.285836,
0.306929,
0.299696,
0.220366,
0.258875,
0.263807,
0.307776,
0.351934,
0.338157,
0.336879,
0.341521,
0.350399,
0.345594,
0.395393,
0.386608,
0.396607,
0.415243,
0.422787,
0.404347,
0.398726,
0.366489,
0.349421,
0.332316,
0.305587,
0.308417,
0.287241,
0.276936,
0.274493,
0.280003,
0.286471,
0.288128,
0.284826,
0.275097,
0.260857,
0.249319,
0.237128,
0.228107,
0.224185,
0.225457,
0.236702,
0.118097,
0.153836,
0.165591,
0.174018,
0.179082,
0.172463,
0.170388,
0.152711,
0.145375,
0.131809,
0.102935,
0.082841,
0.071085,
0.067005,
0.060908,
0.060663,
0.059637,
0.046167,
0.051736,
0.100424,
0.048700,
0.050502,
0.046373,
0.045724,
0.041823,
0.038542,
0.031903,
0.040700,
0.044738,
0.054033,
0.050293,
0.049196,
0.047829,
0.050210,
0.044031,
0.043973,
0.045894,
0.029985,
0.026851,
0.043806,
0.070206,
0.087010,
0.085317,
0.109259,
0.121947,
0.112906,
0.087037,
0.107089,
0.105519,
0.109975,
0.089266,
0.073407,
0.059567,
0.061882,
0.050438,
0.053129,
0.063976,
0.038583,
0.028756,
0.028191,
0.191078,
0.256628,
0.245941,
0.309684,
0.374161,
0.329369,
0.285004,
0.328101,
0.322580,
0.337290,
0.266333,
0.247016,
0.209072,
0.189463,
0.170185,
0.171224,
0.174071,
0.122536,
0.085324,
0.058252,
0.358004,
0.480731,
0.463488,
0.620655,
0.762279,
0.711642,
0.717733,
0.819935,
0.872177,
0.844799,
0.693360,
0.661911,
0.593973,
0.543543,
0.527452,
0.496628,
0.443146,
0.365888,
0.287267,
0.216611,
0.223947,
0.233925,
0.244126,
0.252123,
0.251899,
0.239111,
0.209400,
0.186087,
0.173276,
0.169201,
0.173371,
0.183122,
0.193466,
0.201756,
0.206822,
0.211457,
0.216236,
0.220481,
0.228145,
0.239248,
0.248237,
0.248416,
0.245603,
0.245223,
0.245417,
0.237670,
0.221085,
0.203740,
0.186176,
0.171686,
0.163135,
0.157711,
0.154327,
0.152044,
0.150697,
0.149158,
0.144968,
0.139805,
0.133325,
0.126253,
0.118270,
0.111362,
0.104578,
0.097430,
0.089901,
0.082612,
0.077393,
0.073822,
0.071267,
0.069214,
0.067413,
0.065585,
0.063608,
0.061567,
0.059591,
0.057757,
0.056171,
0.054763,
0.053417,
0.052122,
0.050665,
0.049069,
0.047472,
0.045959,
0.044709,
0.043520,
0.042137,
0.040546,
0.039170,
0.038153,
0.037536,
0.037240,
0.036970,
0.036397,
0.035592,
0.034295,
0.033104,
0.031529,
0.029999,
0.028205,
0.026282,
0.024287,
0.022615,
0.021319,
0.020470,
0.020014,
0.019833,
0.020076,
0.020936,
0.022895,
0.024855,
0.026585,
0.028511,
0.030727,
0.033522,
0.037089,
0.040350,
0.038986,
0.036575,
0.033675,
0.029854,
0.025331,
0.021738,
0.019447,
0.018557,
0.018946,
0.020167,
0.022487,
0.025288,
0.028775,
0.032854,
0.037096,
0.044996,
0.055250,
0.061458,
0.066286,
0.079613,
0.098709,
0.115838,
0.124606,
0.122700,
0.111410,
0.096733,
0.087254,
0.081052,
0.078205,
0.078072,
0.078197,
0.078858,
0.079865,
0.082548,
0.082411,
0.077424,
0.073672,
0.073220,
0.073846,
0.120555,
0.209421,
0.237180,
0.189038,
0.165650,
0.182953,
0.217054,
0.198680,
0.146293,
0.103330,
0.077633,
0.071361,
0.081015,
0.075047,
0.092710,
0.091483,
0.091679,
0.097165,
0.100403,
0.088967,
0.084850,
0.092114,
0.090695,
0.088616,
0.081659,
0.075897,
0.072268,
0.067578,
0.065190,
0.064321,
0.061771,
0.058051,
0.057171,
0.052194,
0.052192,
0.048707,
0.043615,
0.039663,
0.037976,
0.044327,
0.031929,
0.031096,
0.029536,
0.029199,
0.025349,
0.024442,
0.024111,
0.024195,
0.024239,
0.028765,
0.025091,
0.023247,
0.022861,
0.020169,
0.020426,
0.020092,
0.018657,
0.017671,
0.017582,
0.023104,
0.021677,
0.024208,
0.028985,
0.034718,
0.032926,
0.034675,
0.037574,
0.039503,
0.040140,
0.049530,
0.041794,
0.039125,
0.036429,
0.033630,
0.032001,
0.032327,
0.030725,
0.030427,
0.029829,
0.032157,
0.045832,
0.043626,
0.051512,
0.061162,
0.057572,
0.058142,
0.061743,
0.064217,
0.064942,
0.080478,
0.067082,
0.064333,
0.058827,
0.057231,
0.051644,
0.053425,
0.051020,
0.053245,
0.050612,
0.042595,
0.044960,
0.047880,
0.052194,
0.058764,
0.065853,
0.072895,
0.078419,
0.081856,
0.082093,
0.080402,
0.077854,
0.074831,
0.071616,
0.067922,
0.063782,
0.060250,
0.056306,
0.052294,
0.049587,
0.047130,
0.044822,
0.043119,
0.042333,
0.042791,
0.042671,
0.041171,
0.038592,
0.035990,
0.033851,
0.032754,
0.032706,
0.033369,
0.034838,
0.036702,
0.039158,
0.043061,
0.048552,
0.054321,
0.059241,
0.062579,
0.064537,
0.066516,
0.067933,
0.068944,
0.070125,
0.071499,
0.072406,
0.073397,
0.074919,
0.076767,
0.077995,
0.078543,
0.077293,
0.075081,
0.072071,
0.068706,
0.065183,
0.061602,
0.058120,
0.055495,
0.053880,
0.053093,
0.052543,
0.051918,
0.051356,
0.050463,
0.049859,
0.049597,
0.049201,
0.047916,
0.046681,
0.045933,
0.045374,
0.045112,
0.044604,
0.044271,
0.044422,
0.045095,
0.046061,
0.047274,
0.048690,
0.050609,
0.052645,
0.055146,
0.057435,
0.058872,
0.059338,
0.059058,
0.058068,
0.057001,
0.055759,
0.054322,
0.052518,
0.050678,
0.049516,
0.049343,
0.051472,
0.052678,
0.054107,
0.055982,
0.057831,
0.059613,
0.060995,
0.062207,
0.062739,
0.062028,
0.061145,
0.059973,
0.058791,
0.058218,
0.058315,
0.061596,
0.066263,
0.069060,
0.069954,
0.068995,
0.067787,
0.066213,
0.063796,
0.061396,
0.059132,
0.056459,
0.054065,
0.052175,
0.049971,
0.046993,
0.043816,
0.040528,
0.038391,
0.036827,
0.036609,
0.037063,
0.038276,
0.039177,
0.040102,
0.040476,
0.040564,
0.040324,
0.039895,
0.039092,
0.037302,
0.035276,
0.033719,
0.032619,
0.031688,
0.030186,
0.028838,
0.028224,
0.028119,
0.028770,
0.029544,
0.030083,
0.030711,
0.031666,
0.032849,
0.034006,
0.035412,
0.036969,
0.038968,
0.040715,
0.042280,
0.043766,
0.045471,
0.047504,
0.048961,
0.049299,
0.049201,
0.049091,
0.049003,
0.048880,
0.049256,
0.049970,
0.050961,
0.052184,
0.053464,
0.054700,
0.056444,
0.058521,
0.061551,
0.064966,
0.068270,
0.072096,
0.075755,
0.079294,
0.082985,
0.086569,
0.089546,
0.092650,
0.094745,
0.096785,
0.098598,
0.100253,
0.101692,
0.103076,
0.104658,
0.107055,
0.111410,
0.116937,
0.122798,
0.128558,
0.133504,
0.136289,
0.138785,
0.141185,
0.142933,
0.143659,
0.144416,
0.146338,
0.149380,
0.152410,
0.157542,
0.163834,
0.170372,
0.175857,
0.180330,
0.186517,
0.194525,
0.204259,
0.214578,
0.225469,
0.238518,
0.252182,
0.264862,
0.278004,
0.286189,
0.294326,
0.305236,
0.316011,
0.325787,
0.334524,
0.341848,
0.348758,
0.356921,
0.363453,
0.368667,
0.373749,
0.378485,
0.385166,
0.393606,
0.402020,
0.406716,
0.404480,
0.402770,
0.404126,
0.403642,
0.403419,
0.403103,
0.403477,
0.406148,
0.411558,
0.416709,
0.423376,
0.430062,
0.434510,
0.437917,
0.437023,
0.433239,
0.424476,
0.410177,
0.389670,
0.371451,
0.354678,
0.338339,
0.323412,
0.310000,
0.296425,
0.285155,
0.276527,
0.269409,
0.265847,
0.264014,
0.262341,
0.261593,
0.262073,
0.263779,
0.254148,
0.243021,
0.231538,
0.220649,
0.210952,
0.202803,
0.195502,
0.189474,
0.184124,
0.179230,
0.175004,
0.171459,
0.168903,
0.166957,
0.165882,
0.165923,
0.166552,
0.167536,
0.169539,
0.172172,
0.175227,
0.178944,
0.182890,
0.187008,
0.191546,
0.196330,
0.201593,
0.206319,
0.211002,
0.214851,
0.217877,
0.219762,
0.220515,
0.220298,
0.218384,
0.215391,
0.211767,
0.207391,
0.202826,
0.198031,
0.193205,
0.188338,
0.183279,
0.178492,
0.173994,
0.169361,
0.164916,
0.160691,
0.157019,
0.153706,
0.151070,
0.149004,
0.147459,
0.152992,
0.159392,
0.166738,
0.174862,
0.183420,
0.192357,
0.201528,
0.210999,
0.220590,
0.230549,
0.240434,
0.250422,
0.260654,
0.270963,
0.281744,
0.293307,
0.305236,
0.317404,
0.330310,
0.344476,
0.360025,
0.377027,
0.395407,
0.415171,
0.436301,
0.459268,
0.484082,
0.510813,
0.539564,
0.570125,
0.602743,
0.637613,
0.675330,
0.716404,
0.759222,
0.803725,
0.849595,
0.897011,
0.946250,
0.997618,
1.049252,
1.102389,
1.155693,
1.208441,
1.261475,
1.314648,
1.368374,
0.394100,
0.380391,
0.377321,
0.385822,
0.387650,
0.388325,
0.433596,
0.412263,
0.403773,
0.416071,
0.397290,
0.403667,
0.409841,
0.415540,
0.413224,
0.419709,
0.424273,
0.433177,
0.435764,
0.761593,
0.448810,
0.451765,
0.486235,
0.477633,
0.494396,
0.489541,
0.487133,
0.520760,
0.512116,
0.509029,
0.507497,
0.535573,
0.527798,
0.534769,
0.529061,
0.539455,
0.544234,
0.546909,
0.597424,
0.761815,
0.545440,
0.553070,
0.559604,
0.565510,
0.575810,
0.576579,
0.574775,
0.587387,
0.580349,
0.576911,
0.574225,
0.577856,
0.574747,
0.030020,
0.033430,
0.032168,
0.030277,
0.033616,
0.040204,
0.077254,
0.041600,
0.040738,
0.044908,
0.044508,
0.052272,
0.054102,
0.063447,
0.063215,
0.060403,
0.062034,
0.058556,
0.068969,
0.189825,
0.068479,
0.060325,
0.060256,
0.065394,
0.074575,
0.072282,
0.085196,
0.086049,
0.072335,
0.087830,
0.097488,
0.098421,
0.104299,
0.107453,
0.118151,
0.117489,
0.112043,
0.133375,
0.135134,
0.129800,
0.144253,
0.129288,
0.135490,
0.131226,
0.125500,
0.115440,
0.244048,
0.251817,
0.228147,
0.242567,
0.254357,
0.240471,
0.247445,
0.238825,
0.250477,
0.244842,
0.235072,
0.260810,
0.259824,
0.221999,
0.260176,
0.273941,
0.293253,
0.296736,
0.298001,
0.308403,
0.351323,
0.369128,
0.352687,
0.364998,
0.392720,
0.370098,
0.384184,
0.374103,
0.383924,
0.378438,
0.366991,
0.407437,
0.402400,
0.369711,
0.368448,
0.410901,
0.452139,
0.417878,
0.397274,
0.408689,
0.475478,
0.461724,
0.426213,
0.396924,
0.413603,
0.342791,
0.363524,
0.154691,
0.177073,
0.191579,
0.256183,
0.210956,
0.215176,
0.244819,
0.178755,
0.148895,
0.159642,
0.101051,
0.088114,
0.091717,
0.079419,
0.091939,
0.079075,
0.095970,
0.126801,
0.142437,
0.247739,
0.204634,
0.192192,
0.203073,
0.221630,
0.259975,
0.274829,
0.314461,
0.368879,
0.407262,
0.423467,
0.396194,
0.441991,
0.435625,
0.446785,
0.432030,
0.466129,
0.489975,
0.531346,
0.598090,
0.711547,
0.648861,
0.568179,
0.555643,
0.556105,
0.616098,
0.621091,
0.680366,
0.756962,
0.797952,
0.786799,
0.746518,
0.805099,
0.790938,
0.794446,
0.764990,
0.799432,
0.851333,
0.912518,
1.035898,
1.212990,
1.063730,
0.983191,
0.968125,
0.981306,
1.061620,
1.079417,
1.154502,
1.251708,
1.311656,
1.294765,
1.283072,
1.362988,
1.368322,
1.378426,
1.397509,
1.440946,
1.511497,
1.580811,
1.712197,
1.990190,
1.740872,
1.724978,
1.736659,
1.694506,
1.815277,
1.898084,
1.977384,
2.062875,
2.144244,
2.118634,
2.143195,
2.216542,
2.237892,
2.236466,
2.335573,
2.336623,
2.367301,
2.455969,
2.457430,
2.741656,
2.736054,
2.720779,
2.705981,
2.691365,
2.681710,
2.674470,
2.668497,
2.669974,
2.677659,
2.687926,
2.702610,
2.718505,
2.733553,
2.750649,
2.768184,
2.788180,
1.577618,
1.779605,
1.529451,
1.220754,
1.321294,
1.442893,
1.523356,
1.267754,
1.251220,
1.049335,
1.163971,
1.088733,
1.410284,
1.430804,
1.507194,
1.404951,
1.216036,
0.863894,
0.649737,
0.523161,
0.444465,
0.576981,
0.514096,
0.326487,
0.307756,
0.320271,
0.343824,
0.314123,
0.257220,
0.153597,
0.160114,
0.144334,
0.230785,
0.231540,
0.360254,
0.352099,
0.343890,
0.251060,
0.047185,
0.145414,
0.121995,
0.126341,
0.152133,
0.112585,
0.076925,
0.085851,
0.105600,
0.126644,
0.074563,
0.058775,
0.056658,
0.050683,
0.095610,
0.109816,
0.152892,
0.147789,
0.153236,
0.107108,
0.039643,
0.112620,
0.042807,
0.048065,
0.073200,
0.040682,
0.039977,
0.043209,
0.038357,
0.060893,
0.036894,
0.062707,
0.049626,
0.043119,
0.043507,
0.029413,
0.025224,
0.028694,
0.039472,
0.071696,
0.067732,
0.121371,
0.126247,
0.117373,
0.100597,
0.095096,
0.087591,
0.086483,
0.100054,
0.078164,
0.080643,
0.085498,
0.091343,
0.099190,
0.120709,
0.121983,
0.132689,
0.139536,
0.121472,
0.119365,
0.176004,
0.387421,
0.392635,
0.396737,
0.399713,
0.401971,
0.404152,
0.403965,
0.402536,
0.399612,
0.396055,
0.393093,
0.391257,
0.391082,
0.391769,
0.392748,
0.394455,
0.394009,
0.393044,
0.390556,
0.387770,
0.383636,
0.375831,
0.367591,
0.361741,
0.357296,
0.354700,
0.350849,
0.347323,
0.343666,
0.340652,
0.339380,
0.338500,
0.337321,
0.335435,
0.333482,
0.332960,
0.333236,
0.325439,
0.319429,
0.312806,
0.306622,
0.301276,
0.298097,
0.296347,
0.296901,
0.300416,
0.305585,
0.310020,
0.314345,
0.318403,
0.318315,
0.312406,
0.299553,
0.280634,
0.259463,
0.240283,
0.227604,
0.222339,
0.219230,
0.218565,
0.220358,
0.224665,
0.230525,
0.239593,
0.248194,
0.254222,
0.257989,
0.262547,
0.270003,
0.277992,
0.283459,
0.289142,
0.294390,
0.301173,
0.309661,
0.318262,
0.327897,
0.341443,
0.355890,
0.367942,
0.379598,
0.390743,
0.400111,
0.408492,
0.416436,
0.423021,
0.430474,
0.438960,
0.449467,
0.461822,
0.475057,
0.490110,
0.503797,
0.514741,
0.529441,
0.551307,
0.570100,
0.587446,
0.606562,
0.626795,
0.653080,
0.682639,
0.715745,
0.750718,
0.788083,
0.819292,
0.839722,
0.861170,
0.879482,
0.893460,
0.910552,
0.927160,
0.944349,
0.962944,
0.982403,
0.999205,
1.015965,
1.032668,
1.049769,
1.065187,
1.079725,
1.091986,
1.102550,
1.111053,
1.117867,
1.123726,
1.130059,
1.140180,
1.157306,
1.183652,
1.216841,
1.255501,
1.297074,
1.341652,
1.388883,
1.438127,
1.487037,
0.457840,
0.441523,
0.446424,
0.460006,
0.448409,
0.440939,
0.435967,
0.424531,
0.407289,
0.391804,
0.384907,
0.351866,
0.327445,
0.283519,
0.308921,
0.300235,
0.253034,
0.226318,
0.200644,
0.466627,
0.173560,
0.179819,
0.177064,
0.167917,
0.152577,
0.136858,
0.129858,
0.111731,
0.107807,
0.104114,
0.099230,
0.096033,
0.094640,
0.087347,
0.085059,
0.081742,
0.070354,
0.065233,
0.066120,
0.211924,
0.064073,
0.071705,
0.073217,
0.076770,
0.084610,
0.088474,
0.094139,
0.112759,
0.117466,
0.138256,
0.153134,
0.163951,
0.177935,
0.188238,
0.193234,
0.201288,
0.201203,
0.197730,
0.194264,
0.376295,
0.204935,
0.208131,
0.196654,
0.179349,
0.177831,
0.180117,
0.154034,
0.172000,
0.139178,
0.147800,
0.152139,
0.136284,
0.129972,
0.119761,
0.112127,
0.112744,
0.115203,
0.099780,
0.081108,
0.311323,
0.107242,
0.097192,
0.087787,
0.104637,
0.114839,
0.085342,
0.076425,
0.100106,
0.058605,
0.094491,
0.159351,
0.097201,
0.113840,
0.116874,
0.104003,
0.099087,
0.120627,
0.111062,
0.193335,
0.059608,
0.060183,
0.060886,
0.061363,
0.060991,
0.060372,
0.059986,
0.059613,
0.059631,
0.059995,
0.060501,
0.061144,
0.061957,
0.063262,
0.064958,
0.066661,
0.068464,
0.070809,
0.072905,
0.074848,
0.076472,
0.078124,
0.080128,
0.083268,
0.086663,
0.089848,
0.092872,
0.095254,
0.096755,
0.098316,
0.098732,
0.098565,
0.098295,
0.098161,
0.099272,
0.103627,
0.109335,
0.115865,
0.122898,
0.130369,
0.137177,
0.143990,
0.151899,
0.161168,
0.172406,
0.182671,
0.190280,
0.194706,
0.199485,
0.203590,
0.207378,
0.212039,
0.217963,
0.224388,
0.230573,
0.234712,
0.237823,
0.242174,
0.248181,
0.254512,
0.260892,
0.269796,
0.276197,
0.279569,
0.282277,
0.284469,
0.286877,
0.290311,
0.296356,
0.303672,
0.312425,
0.320541,
0.327452,
0.333724,
0.338803,
0.342232,
0.343080,
0.342473,
0.339099,
0.335864,
0.332956,
0.328475,
0.318335,
0.307711,
0.296619,
0.285673,
0.276567,
0.269012,
0.263557,
0.259327,
0.255175,
0.251334,
0.247787,
0.244839,
0.242390,
0.240963,
0.240511,
0.240414,
0.240734,
0.241886,
0.245039,
0.251219,
0.258959,
0.268794,
0.280222,
0.292246,
0.306728,
0.323514,
0.341748,
0.362046,
0.384628,
0.409138,
0.435763,
0.463371,
0.491685,
0.520611,
0.550517,
0.582003,
0.612087,
0.641718,
0.673673,
0.706031,
0.738492,
0.768248,
0.795298,
0.819108,
0.839385,
0.858265,
0.873029,
0.884564,
0.894277,
0.901177,
0.906480,
0.910639,
0.911368,
0.909779,
0.907410,
0.902540,
0.895053,
0.887735,
0.878511,
0.869542,
0.863295,
0.857715,
0.853099,
0.849115,
0.842322,
0.835234,
0.828634,
0.822720,
0.818921,
0.816741,
0.811561,
0.808517,
0.810856,
0.816603,
0.823409,
0.831745,
0.840621,
0.848518,
0.857135,
0.866316,
0.873854,
0.880941,
0.884314,
0.886122,
0.885400,
0.882321,
0.878608,
0.872214,
0.862715,
0.850772,
0.837156,
0.847347,
0.855482,
0.861673,
0.866009,
0.868110,
0.869463,
0.869558,
0.868073,
0.865506,
0.861995,
0.859103,
0.855837,
0.852417,
0.849961,
0.848161,
0.847367,
0.847652,
0.849335,
0.852484,
0.856662,
0.862097,
0.868691,
0.876201,
0.884478,
0.892839,
0.901601,
0.910277,
0.919688,
0.928928,
0.938581,
0.948648,
0.958769,
0.969428,
0.980302,
0.991646,
1.003038,
1.014363,
1.024757,
1.034867,
1.043898,
1.051285,
1.058573,
1.065657,
1.073771,
1.081937,
1.090546,
1.098413,
1.106094,
1.113593,
1.121168,
1.128263,
1.134521,
1.140009,
1.147549,
1.154484,
1.159922,
1.164682,
1.168506,
1.172330,
1.176368,
1.179580,
1.182964,
1.186480,
1.190435,
1.194557,
1.199061,
1.203670,
1.208305,
1.213437,
1.219062,
1.225394,
1.232362,
1.239830,
1.247419,
1.255333,
1.263634,
1.271790,
1.280962,
1.291203,
1.301787,
1.312322,
1.323047,
1.333889,
1.344777,
1.355883,
1.368286,
1.381762,
1.395744,
1.410355,
1.425334,
1.441595,
1.458683,
1.475907,
1.493674,
1.512426,
1.532148,
1.553003,
1.575078,
1.598241,
1.622632,
0.874556,
0.819862,
0.966920,
1.062768,
0.993419,
0.951915,
0.827054,
0.809469,
0.777812,
0.910511,
0.792802,
0.720697,
0.790156,
1.048028,
0.839367,
0.951043,
0.946144,
0.998916,
0.752232,
0.471072,
0.329213,
0.270882,
0.275490,
0.278807,
0.238403,
0.211963,
0.215795,
0.201833,
0.203218,
0.203337,
0.190033,
0.174230,
0.173669,
0.183760,
0.170723,
0.173409,
0.173618,
0.180790,
0.190828,
0.765082,
0.186944,
0.163335,
0.171020,
0.169832,
0.169915,
0.171871,
0.172856,
0.175797,
0.181595,
0.173688,
0.176341,
0.190928,
0.200502,
0.029323,
0.079045,
0.078556,
0.111803,
0.084118,
0.098560,
0.150850,
0.063967,
0.069254,
0.093431,
0.053159,
0.044233,
0.047180,
0.025788,
0.028511,
0.046889,
0.038784,
0.048293,
0.051669,
0.081272,
0.026736,
0.061915,
0.060365,
0.109019,
0.049928,
0.027809,
0.034822,
0.024067,
0.038451,
0.054304,
0.039412,
0.032723,
0.035314,
0.043052,
0.040974,
0.070116,
0.087658,
0.059481,
0.049857,
0.058217,
0.020304,
0.016367,
0.017147,
0.016971,
0.018837,
0.016073,
0.054260,
0.057476,
0.059571,
0.061108,
0.060632,
0.062621,
0.064262,
0.064639,
0.069403,
0.069650,
0.067457,
0.079365,
0.072653,
0.068534,
0.050173,
0.060625,
0.051533,
0.063421,
0.084689,
0.061944,
0.050175,
0.081262,
0.080962,
0.104051,
0.072348,
0.078261,
0.061971,
0.062119,
0.063654,
0.061756,
0.056335,
0.052422,
0.061657,
0.084163,
0.097113,
0.122626,
0.098228,
0.138145,
0.197102,
0.150442,
0.146188,
0.220864,
0.248360,
0.290456,
0.194364,
0.213031,
0.166046,
0.398091,
0.691959,
0.802655,
0.801502,
0.720869,
0.643217,
0.343543,
0.305391,
0.264410,
0.211983,
0.158335,
0.108544,
0.106975,
0.079020,
0.084994,
0.061095,
0.058625,
0.073294,
0.067653,
0.043458,
0.052100,
0.076607,
0.091037,
0.105136,
0.106621,
0.118748,
0.139205,
0.145244,
0.146105,
0.164720,
0.170509,
0.181243,
0.203453,
0.216091,
0.249634,
0.263640,
0.271469,
0.278553,
0.285747,
0.236149,
0.260866,
0.253562,
0.260477,
0.277470,
0.267976,
0.276950,
0.293711,
0.314046,
0.326611,
0.381920,
0.378698,
0.380385,
0.389850,
0.384315,
0.398223,
0.408584,
0.413958,
0.411809,
0.396320,
0.331982,
0.418276,
0.422155,
0.459725,
0.495894,
0.469722,
0.472454,
0.485414,
0.503080,
0.504443,
0.575447,
0.559678,
0.558768,
0.564986,
0.562400,
0.560927,
0.574717,
0.575331,
0.577219,
0.550387,
0.459412,
0.608298,
0.582079,
0.634055,
0.687895,
0.652068,
0.647756,
0.668285,
0.689460,
0.695883,
0.797561,
0.772968,
0.794314,
0.810762,
0.826920,
0.805468,
0.835895,
0.822524,
0.830718,
0.804440,
0.679345,
0.688225,
0.698089,
0.708034,
0.718111,
0.729013,
0.741422,
0.755933,
0.771210,
0.785445,
0.802285,
0.823043,
0.837188,
0.852340,
0.873513,
0.900203,
0.933797,
0.244491,
0.238582,
0.226061,
0.214766,
0.213036,
0.250416,
0.233867,
0.238589,
0.278360,
0.277334,
0.283762,
0.293607,
0.297824,
0.314778,
0.293216,
0.314917,
0.355085,
0.334434,
0.339316,
0.568602,
0.285206,
0.292002,
0.280725,
0.287997,
0.310232,
0.337107,
0.322038,
0.326068,
0.360492,
0.330912,
0.310645,
0.310498,
0.294548,
0.301800,
0.276123,
0.267465,
0.271851,
0.252133,
0.247081,
0.368621,
0.231532,
0.227344,
0.188363,
0.163992,
0.151990,
0.149105,
0.121070,
0.113808,
0.138089,
0.114683,
0.105262,
0.116033,
0.108899,
0.115783,
0.100724,
0.105006,
0.108084,
0.092872,
0.099761,
0.181614,
0.107927,
0.110407,
0.102637,
0.101883,
0.106636,
0.107288,
0.090901,
0.090137,
0.112434,
0.108159,
0.099070,
0.111972,
0.108596,
0.118267,
0.108877,
0.112778,
0.114245,
0.094292,
0.101808,
0.157133,
0.120275,
0.102077,
0.083275,
0.104886,
0.115798,
0.111226,
0.077435,
0.080974,
0.097068,
0.110658,
0.112123,
0.129840,
0.124506,
0.122054,
0.116374,
0.117502,
0.117206,
0.097892,
0.098035,
0.125489,
0.127761,
0.129496,
0.131473,
0.134199,
0.137128,
0.141719,
0.147741,
0.153195,
0.156804,
0.164679,
0.181697,
0.205032,
0.223957,
0.231490,
0.229204,
0.223926,
0.217206,
0.209641,
0.200554,
0.190405,
0.180188,
0.170037,
0.163313,
0.160303,
0.161115,
0.166754,
0.175069,
0.193551,
0.237053,
0.323873,
0.395011,
0.429055,
0.451404,
0.463089,
0.467162,
0.468068,
0.463636,
0.448786,
0.410596,
0.356749,
0.300030,
0.255469,
0.231721,
0.216523,
0.214818,
0.222772,
0.240360,
0.257127,
0.265528,
0.284986,
0.301952,
0.311821,
0.313420,
0.307451,
0.294938,
0.273769,
0.252697,
0.233803,
0.221203,
0.212543,
0.212429,
0.215145,
0.221216,
0.229636,
0.238439,
0.245720,
0.252361,
0.253856,
0.252167,
0.252045,
0.254973,
0.259147,
0.264755,
0.268042,
0.269444,
0.270372,
0.265909,
0.257579,
0.246703,
0.239514,
0.234775,
0.233574,
0.232258,
0.227858,
0.221390,
0.212206,
0.203284,
0.194673,
0.186260,
0.178488,
0.173155,
0.170539,
0.168278,
0.165572,
0.163939,
0.163502,
0.164029,
0.164999,
0.166422,
0.168383,
0.170783,
0.173215,
0.175933,
0.178699,
0.182174,
0.186476,
0.191435,
0.196747,
0.202527,
0.208740,
0.214426,
0.219425,
0.223217,
0.226569,
0.229846,
0.232329,
0.234808,
0.237934,
0.241522,
0.245392,
0.250025,
0.255373,
0.261319,
0.268474,
0.276981,
0.286624,
0.296935,
0.307654,
0.319375,
0.330880,
0.340682,
0.349381,
0.357039,
0.364433,
0.371665,
0.378376,
0.069911,
0.093072,
0.092537,
0.127440,
0.086208,
0.084940,
0.106634,
0.078720,
0.080538,
0.086002,
0.066413,
0.064508,
0.065687,
0.059753,
0.062204,
0.050134,
0.040699,
0.040328,
0.045966,
0.102914,
0.038012,
0.027364,
0.024425,
0.025334,
0.022337,
0.027976,
0.028966,
0.038410,
0.039537,
0.038248,
0.028868,
0.025641,
0.027349,
0.024731,
0.049970,
0.035913,
0.025765,
0.018002,
0.030265,
0.059283,
0.027528,
0.031522,
0.034514,
0.035096,
0.027296,
0.029550,
0.022846,
0.020572,
0.020441,
0.019617,
0.022771,
0.020200,
0.026789,
0.031402,
0.052085,
0.048309,
0.043632,
0.038879,
0.042071,
0.065355,
0.048852,
0.060126,
0.064655,
0.066750,
0.060190,
0.065213,
0.060540,
0.053497,
0.052685,
0.055606,
0.062760,
0.058710,
0.066904,
0.074233,
0.082634,
0.081664,
0.079263,
0.077474,
0.074823,
0.082337,
0.085739,
0.091793,
0.090536,
0.099451,
0.085131,
0.078515,
0.070692,
0.063638,
0.060546,
0.067715,
0.075837,
0.072000,
0.079142,
0.090884,
0.080154,
0.079904,
0.084838,
0.068352,
0.070060,
0.040202,
0.039127,
0.037647,
0.036192,
0.034828,
0.034110,
0.034692,
0.035720,
0.037172,
0.039058,
0.041329,
0.044365,
0.049722,
0.056487,
0.062588,
0.066304,
0.068700,
0.070133,
0.070081,
0.069455,
0.067604,
0.065451,
0.061740,
0.058549,
0.056649,
0.054679,
0.054345,
0.055647,
0.059561,
0.063688,
0.065973,
0.066259,
0.067027,
0.065365,
0.064527,
0.064547,
0.064821,
0.065407,
0.066068,
0.067053,
0.067761,
0.066284,
0.063991,
0.060769,
0.057543,
0.053889,
0.050209,
0.046538,
0.043040,
0.040192,
0.037805,
0.036811,
0.037213,
0.038771,
0.040911,
0.044310,
0.047046,
0.051000,
0.055542,
0.060367,
0.060515,
0.057017,
0.052604,
0.047747,
0.043108,
0.038321,
0.033959,
0.030012,
0.026442,
0.023799,
0.022002,
0.020393,
0.019743,
0.019762,
0.019397,
0.020033,
0.020389,
0.020752,
0.020609,
0.020065,
0.019334,
0.018994,
0.019342,
0.020214,
0.021591,
0.023700,
0.026513,
0.029512,
0.032531,
0.035319,
0.037866,
0.040877,
0.044554,
0.048264,
0.050957,
0.053669,
0.055506,
0.057825,
0.059363,
0.059783,
0.060205,
0.060557,
0.060308,
0.059860,
0.058815,
0.057914,
0.057680,
0.057696,
0.057380,
0.057322,
0.058621,
0.060560,
0.063008,
0.065069,
0.066926,
0.068378,
0.069523,
0.071024,
0.073266,
0.075473,
0.077245,
0.078857,
0.080476,
0.082068,
0.083413,
0.085619,
0.088134,
0.091347,
0.095345,
0.099631,
0.103935,
0.106821,
0.108339,
0.108814,
0.108866,
0.107566,
0.105469,
0.103027,
0.100303,
0.097643,
0.095732,
0.094320,
0.092486,
0.090715,
0.089479,
0.088787,
0.088256,
0.088034,
0.087887,
0.087562,
0.087001,
0.085336,
0.082854,
0.081741,
0.081712,
0.082705,
0.082255,
0.081323,
0.079736,
0.077481,
0.075781,
0.074187,
0.072096,
0.070044,
0.067584,
0.064069,
0.060535,
0.056783,
0.052517,
0.048608,
0.044355,
0.040952,
0.037816,
0.034998,
0.032865,
0.031043,
0.029860,
0.029236,
0.029590,
0.030951,
0.032748,
0.034704,
0.036960,
0.038897,
0.039527,
0.039623,
0.038612,
0.037314,
0.035882,
0.034649,
0.034023,
0.032371,
0.030766,
0.028358,
0.026472,
0.025138,
0.024007,
0.023722,
0.024288,
0.025239,
0.026418,
0.027869,
0.029159,
0.030791,
0.033039,
0.035526,
0.038051,
0.040973,
0.043886,
0.045764,
0.047383,
0.048677,
0.050218,
0.051008,
0.051609,
0.052674,
0.054673,
0.057492,
0.061877,
0.066783,
0.072600,
0.079484,
0.087887,
0.097296,
0.109267,
0.124066,
0.141171,
0.159019,
0.178547,
0.198537,
0.221244,
0.242773,
0.265002,
0.286193,
0.305666,
0.324515,
0.343999,
0.362814,
0.380217,
0.394153,
0.406939,
0.418456,
0.425044,
0.431529,
0.439421,
0.447219,
0.453045,
0.458268,
0.464630,
0.470840,
0.477528,
0.486386,
0.499668,
0.514551,
0.529348,
0.562499,
0.598400,
0.635224,
0.669287,
0.700390,
0.728112,
0.751606,
0.774009,
0.796967,
0.819528,
0.843970,
0.870425,
0.895640,
0.917682,
0.938983,
0.958123,
0.975394,
0.989532,
1.000595,
1.008304,
1.013119,
1.014975,
1.014371,
1.011520,
1.005478,
0.997377,
0.986619,
0.974904,
0.963248,
0.952290,
0.942671,
0.934496,
0.926938,
0.920625,
0.915765,
0.911069,
0.905906,
0.899919,
0.894075,
0.888799,
0.882955,
0.876323,
0.871649,
0.870149,
0.872211,
0.877941,
0.888634,
0.901373,
0.917164,
0.935922,
0.958487,
0.982201,
1.008734,
1.060406,
1.113195,
1.165403,
1.215947,
1.266531,
1.317876,
1.367856,
1.416907,
1.465394,
1.512947,
1.561212,
1.609921,
1.659635,
1.710275,
1.762359,
1.813172,
1.861696,
1.909342,
1.955885,
2.002417,
2.047143,
2.092615,
2.138063,
2.182959,
2.225294,
2.265426,
2.304201,
2.341634,
2.377277,
2.409899,
2.440525,
2.468951,
2.495484,
2.520882,
2.546373,
2.571701,
2.596133,
2.620613,
2.646625,
2.673861,
2.701339,
2.729033,
2.756278,
2.783342,
2.810818,
2.838555,
2.867000,
1.760542,
1.906879,
2.096976,
2.491890,
2.483140,
2.457598,
2.403990,
2.378883,
2.289610,
2.503178,
2.596272,
2.441343,
2.358028,
2.603393,
2.419064,
2.570956,
2.684868,
3.037435,
2.858542,
3.830984,
2.662848,
2.463845,
2.410335,
2.541980,
2.522475,
2.515282,
2.602915,
2.564389,
2.538853,
2.558829,
2.568007,
2.569222,
2.580367,
2.630896,
2.690758,
2.682420,
2.768516,
2.776468,
2.605632,
3.429777,
3.131056,
2.905999,
2.775831,
2.919851,
2.885566,
2.850522,
2.897157,
2.837560,
2.754386,
2.817844,
2.769293,
2.722172,
2.710644,
0.695009,
0.753963,
0.797833,
0.743415,
0.846920,
0.563536,
0.949718,
0.963806,
0.870829,
0.758046,
0.964606,
0.941405,
0.813944,
0.891446,
0.789380,
0.700604,
0.784146,
0.634771,
0.700102,
1.119931,
0.420405,
0.574786,
0.583065,
0.424540,
0.631431,
0.341134,
0.517699,
0.605177,
0.465142,
0.380699,
0.432514,
0.483956,
0.403923,
0.424122,
0.363695,
0.313629,
0.352144,
0.302839,
0.327101,
0.496941,
0.279239,
0.294067,
0.341060,
0.258197,
0.256804,
0.237076,
0.359292,
0.363165,
0.373683,
0.384298,
0.386526,
0.405624,
0.417806,
0.425715,
0.446786,
0.471117,
0.503821,
0.529811,
0.561818,
0.599981,
0.613567,
0.636717,
0.668123,
0.683248,
0.704117,
0.721170,
0.748557,
0.773183,
0.785621,
0.810961,
0.824347,
0.836768,
0.849471,
0.855189,
0.873325,
0.876752,
0.898058,
0.910558,
0.914654,
0.875350,
0.886363,
0.853160,
0.853389,
0.859214,
0.854214,
0.848233,
0.849590,
0.888308,
0.860825,
0.861241,
0.889300,
0.902889,
0.882368,
0.646855,
0.619084,
0.631521,
0.617313,
0.609753,
0.545627,
0.469059,
0.432755,
0.402436,
0.359955,
0.315439,
0.277086,
0.244832,
0.216387,
0.184788,
0.152201,
0.149609,
0.140213,
0.122399,
0.157229,
0.111778,
0.144578,
0.121987,
0.125788,
0.130392,
0.167511,
0.166807,
0.182836,
0.203770,
0.240658,
0.253481,
0.275746,
0.306282,
0.349224,
0.391528,
0.410546,
0.430926,
0.481998,
0.520135,
0.665115,
0.589509,
0.565285,
0.586359,
0.605605,
0.632898,
0.661777,
0.688078,
0.737364,
0.765671,
0.801560,
0.815630,
0.851094,
0.891848,
0.924981,
0.964746,
0.998390,
1.034871,
1.069880,
1.156975,
1.432833,
1.154328,
1.003673,
0.989773,
0.957002,
0.918857,
0.857241,
0.829066,
0.808526,
0.730245,
0.673211,
0.605022,
0.573614,
0.549738,
0.526205,
0.490856,
0.464644,
0.498523,
0.468956,
0.576135,
0.930508,
0.347763,
0.324408,
0.331450,
0.373184,
0.306438,
0.258560,
0.263239,
0.295776,
0.276994,
0.261668,
0.312996,
0.325581,
0.357182,
0.317977,
0.243907,
0.208351,
0.467357,
0.375212,
0.328001,
0.727949,
0.735479,
0.742860,
0.750416,
0.758143,
0.766104,
0.774327,
0.782876,
0.791747,
0.800888,
0.810181,
0.819623,
0.829286,
0.839161,
0.849473,
0.860261,
0.870928,
0.069937,
0.076696,
0.076605,
0.075439,
0.076176,
0.074061,
0.073976,
0.072286,
0.077689,
0.068908,
0.085779,
0.095910,
0.083654,
0.085397,
0.072271,
0.074093,
0.071917,
0.048467,
0.052238,
0.112474,
0.058104,
0.076609,
0.120427,
0.124070,
0.133433,
0.093004,
0.086567,
0.092208,
0.106941,
0.105434,
0.090819,
0.108138,
0.104100,
0.083404,
0.122449,
0.128229,
0.081245,
0.082173,
0.074866,
0.052732,
0.106861,
0.153780,
0.191874,
0.201033,
0.211458,
0.199869,
0.214551,
0.227864,
0.227432,
0.249803,
0.211931,
0.221917,
0.230162,
0.198290,
0.226393,
0.222959,
0.187548,
0.197444,
0.211329,
0.089435,
0.216636,
0.226124,
0.265606,
0.275289,
0.277922,
0.276082,
0.292469,
0.320799,
0.303526,
0.343346,
0.293882,
0.283704,
0.295068,
0.257410,
0.283326,
0.276874,
0.261784,
0.278332,
0.344387,
0.155549,
0.237625,
0.194938,
0.262891,
0.331077,
0.308493,
0.308051,
0.293531,
0.369349,
0.322119,
0.424718,
0.374659,
0.386717,
0.441710,
0.403541,
0.408417,
0.400125,
0.346292,
0.406781,
0.485756,
0.416960,
0.418424,
0.419913,
0.421399,
0.422883,
0.424441,
0.426058,
0.427719,
0.429258,
0.430694,
0.432081,
0.433383,
0.434613,
0.435835,
0.436876,
0.437827,
0.438811,
0.439641,
0.440346,
0.441235,
0.442206,
0.443125,
0.444072,
0.444953,
0.445631,
0.446215,
0.446692,
0.447147,
0.447481,
0.447714,
0.447622,
0.447177,
0.446307,
0.445238,
0.444135,
0.443066,
0.442028,
0.430382,
0.418848,
0.407432,
0.396087,
0.384854,
0.373741,
0.362694,
0.351693,
0.340693,
0.329811,
0.319025,
0.308388,
0.297822,
0.287275,
0.276898,
0.266680,
0.256631,
0.246817,
0.237269,
0.227926,
0.218742,
0.209746,
0.200943,
0.192370,
0.184068,
0.175998,
0.168205,
0.160723,
0.153511,
0.146670,
0.140201,
0.134114,
0.128430,
0.123159,
0.118391,
0.114067,
0.110171,
0.106746,
0.103786,
0.101284,
0.099252,
0.097778,
0.096847,
0.096532,
0.096824,
0.097647,
0.099035,
0.100890,
0.103238,
0.105941,
0.108938,
0.112133,
0.115485,
0.118936,
0.122456,
0.125749,
0.128899,
0.131888,
0.134633,
0.137247,
0.139772,
0.142341,
0.144966,
0.147572,
0.150229,
0.153077,
0.155824,
0.158686,
0.161493,
0.164326,
0.167474,
0.170867,
0.174418,
0.178158,
0.182054,
0.186117,
0.190258,
0.194604,
0.199089,
0.203458,
0.207839,
0.212344,
0.217067,
0.221807,
0.226589,
0.231399,
0.236315,
0.241431,
0.246825,
0.252429,
0.258250,
0.264122,
0.270203,
0.276589,
0.283258,
0.289956,
0.296681,
0.303607,
0.310636,
0.317841,
0.082236,
0.103948,
0.095941,
0.108429,
0.105148,
0.102102,
0.128293,
0.108284,
0.098338,
0.103091,
0.071398,
0.059707,
0.053648,
0.039348,
0.043475,
0.035164,
0.021796,
0.035115,
0.022837,
0.054896,
0.031377,
0.029662,
0.031103,
0.033546,
0.037026,
0.041854,
0.053116,
0.051583,
0.058467,
0.074911,
0.080811,
0.090031,
0.096960,
0.099985,
0.110394,
0.122852,
0.138258,
0.134040,
0.138431,
0.145763,
0.189776,
0.171014,
0.162436,
0.164286,
0.172583,
0.174338,
0.175412,
0.180040,
0.198531,
0.232495,
0.238634,
0.249336,
0.234154,
0.217360,
0.221292,
0.247613,
0.276819,
0.227437,
0.221944,
0.185521,
0.292404,
0.244170,
0.199752,
0.173716,
0.177598,
0.170083,
0.160917,
0.150463,
0.197296,
0.265328,
0.269439,
0.287050,
0.231898,
0.174269,
0.183090,
0.241809,
0.287992,
0.207386,
0.169520,
0.070995,
0.286962,
0.256971,
0.169328,
0.126142,
0.132608,
0.136253,
0.141318,
0.104938,
0.168197,
0.330143,
0.364102,
0.407234,
0.382228,
0.309894,
0.281746,
0.327825,
0.403190,
0.405866,
0.324845,
0.017502,
0.017515,
0.017520,
0.017471,
0.017375,
0.017194,
0.016959,
0.016691,
0.016409,
0.016111,
0.015843,
0.015526,
0.015206,
0.014857,
0.014467,
0.014045,
0.013615,
0.013198,
0.012745,
0.012253,
0.011779,
0.011278,
0.010778,
0.010237,
0.009665,
0.009056,
0.008450,
0.007865,
0.007293,
0.006693,
0.006113,
0.005589,
0.005075,
0.004550,
0.004052,
0.003578,
0.003152,
0.002760,
0.002396,
0.002051,
0.001750,
0.001485,
0.001273,
0.001084,
0.000918,
0.000782,
0.000682,
0.000618,
0.000576,
0.000552,
0.000540,
0.000538,
0.000545,
0.000556,
0.000573,
0.000593,
0.000623,
0.000664,
0.000718,
0.000787,
0.000882,
0.000996,
0.001129,
0.001284,
0.001471,
0.001702,
0.001971,
0.002278,
0.002615,
0.003032,
0.003508,
0.004024,
0.004550,
0.005101,
0.005703,
0.006302,
0.006910,
0.007658,
0.008608,
0.009607,
0.010758,
0.011939,
0.013116,
0.014266,
0.015485,
0.016729,
0.017906,
0.019076,
0.020339,
0.021609,
0.022881,
0.024252,
0.025637,
0.027166,
0.028996,
0.031263,
0.033730,
0.036066,
0.038399,
0.040632,
0.042781,
0.044775,
0.046745,
0.048753,
0.050778,
0.052880,
0.055026,
0.057236,
0.059497,
0.061773,
0.064154,
0.067016,
0.070130,
0.073731,
0.077914,
0.082838,
0.088417,
0.094302,
0.100278,
0.106598,
0.113241,
0.119953,
0.126521,
0.133322,
0.140131,
0.147000,
0.153904,
0.160613,
0.167458,
0.174243,
0.180928,
0.187425,
0.193515,
0.199651,
0.206563,
0.212919,
0.218316,
0.222963,
0.227312,
0.231263,
0.234787,
0.237329,
0.239176,
0.240397,
0.240641,
0.239528,
0.237754,
0.235519,
0.232847,
0.229084,
0.224517,
0.219821,
0.215030,
0.210154,
0.204885,
0.199426,
0.193298,
0.187994,
0.183258,
0.178493,
0.173884,
0.169633,
0.166205,
0.163658,
0.161851,
0.160883,
0.160696,
0.161444,
0.163208,
0.165917,
0.169529,
0.174150,
0.179623,
0.186108,
0.193158,
0.200837,
0.208589,
0.215941,
0.223157,
0.230926,
0.239644,
0.248257,
0.256996,
0.265845,
0.274813,
0.283904,
0.292722,
0.302677,
0.312665,
0.321567,
0.328738,
0.334432,
0.338421,
0.341673,
0.344460,
0.347141,
0.349580,
0.351049,
0.351423,
0.351153,
0.350159,
0.347991,
0.345186,
0.342508,
0.339055,
0.335325,
0.331246,
0.325898,
0.320419,
0.315011,
0.309830,
0.304879,
0.300549,
0.296397,
0.292396,
0.288292,
0.284483,
0.280970,
0.277570,
0.274229,
0.271338,
0.268765,
0.266566,
0.264765,
0.264414,
0.264605,
0.300071,
0.335068,
0.369552,
0.403577,
0.437063,
0.470026,
0.502531,
0.534322,
0.565534,
0.596058,
0.625778,
0.654768,
0.682992,
0.710526,
0.737354,
0.763573,
0.789033,
0.813736,
0.837681,
0.861007,
0.883716,
0.905887,
0.927546,
0.948667,
0.969265,
0.989382,
1.009109,
1.028458,
1.047429,
1.066061,
1.084283,
1.102319,
1.120472,
1.138447,
1.156099,
1.173891,
1.191849,
1.210102,
1.228211,
1.246052,
1.263707,
1.281593,
1.299353,
1.317154,
1.334304,
1.350859,
1.367078,
1.382896,
1.398585,
1.413912,
1.428606,
1.442286,
1.455150,
1.481985,
1.508660,
1.534516,
1.559961,
1.584785,
1.609086,
1.632664,
1.655903,
1.678503,
1.700396,
1.722132,
1.743800,
1.765710,
1.787841,
1.810365,
1.833014,
1.855883,
1.878980,
1.902710,
1.927277,
1.952535,
1.978413,
2.004678,
2.031377,
2.058265,
2.085506,
2.112875,
2.140765,
2.168917,
2.197242,
2.225267,
2.253567,
2.282321,
2.311447,
2.340614,
2.369714,
2.398834,
2.428001,
2.457358,
2.486481,
2.515469,
2.544713,
2.573809,
2.602898,
2.632122,
2.661177,
2.690483,
2.017171,
2.161863,
2.208934,
2.453170,
2.351058,
2.245517,
2.200866,
2.187269,
2.219829,
2.351274,
2.222201,
2.176397,
2.221563,
2.657323,
2.325389,
2.541149,
2.560191,
2.693578,
2.415323,
1.298172,
1.471583,
1.661173,
1.711538,
1.752307,
1.604605,
1.575928,
1.584741,
1.479989,
1.506405,
1.540103,
1.499715,
1.436810,
1.426344,
1.401811,
1.387567,
1.356152,
1.445531,
1.445583,
1.511803,
1.532966,
1.582205,
1.499498,
1.470602,
1.540142,
1.491682,
1.485728,
1.483907,
1.453508,
1.441300,
1.496419,
1.541990,
1.414410,
1.378336,
0.239826,
0.152947,
0.172303,
0.159399,
0.201679,
0.219455,
0.339958,
0.203615,
0.118233,
0.119331,
0.154483,
0.164700,
0.122716,
0.137005,
0.109925,
0.103519,
0.117474,
0.095489,
0.129786,
0.409192,
0.110860,
0.097536,
0.088313,
0.115613,
0.136961,
0.130322,
0.094670,
0.115899,
0.104344,
0.119432,
0.119187,
0.125005,
0.122251,
0.122889,
0.119222,
0.124631,
0.132234,
0.129681,
0.149334,
0.190973,
0.127766,
0.113282,
0.114857,
0.125449,
0.132940,
0.131918,
0.235193,
0.236276,
0.138015,
0.140357,
0.131734,
0.135712,
0.164205,
0.194932,
0.252179,
0.278571,
0.317086,
0.333422,
0.358932,
0.306169,
0.342241,
0.350724,
0.362007,
0.347275,
0.354016,
0.358981,
0.292945,
0.338343,
0.331566,
0.325111,
0.256536,
0.202770,
0.198851,
0.183889,
0.202033,
0.212113,
0.251671,
0.244298,
0.263044,
0.189477,
0.218919,
0.277102,
0.318994,
0.340848,
0.319700,
0.306391,
0.320082,
0.302187,
0.350403,
0.356104,
0.328984,
0.325175,
0.319505,
0.144981,
0.140809,
0.137659,
0.129726,
0.184965,
0.111510,
0.048297,
0.056920,
0.088479,
0.130119,
0.143997,
0.185588,
0.166363,
0.138081,
0.106823,
0.113992,
0.080120,
0.077258,
0.083852,
0.071795,
0.061735,
0.101756,
0.103978,
0.123124,
0.146133,
0.176086,
0.189063,
0.190328,
0.199471,
0.191301,
0.234094,
0.216001,
0.224625,
0.211578,
0.245345,
0.227811,
0.213372,
0.212805,
0.167162,
0.150841,
0.202338,
0.275276,
0.264216,
0.255278,
0.244954,
0.271175,
0.244723,
0.205986,
0.220856,
0.233242,
0.275178,
0.271448,
0.282863,
0.277613,
0.320386,
0.294812,
0.246221,
0.238123,
0.157276,
0.087942,
0.205366,
0.320124,
0.291240,
0.283800,
0.275619,
0.326010,
0.296524,
0.242016,
0.263216,
0.291476,
0.351801,
0.351944,
0.376455,
0.375501,
0.397518,
0.377632,
0.349912,
0.338890,
0.232578,
0.086303,
0.435230,
0.428637,
0.360986,
0.377596,
0.369454,
0.410821,
0.397180,
0.332101,
0.355490,
0.387943,
0.461694,
0.484916,
0.499984,
0.572319,
0.516987,
0.481346,
0.517096,
0.513042,
0.437337,
0.190835,
0.192399,
0.193762,
0.195124,
0.196577,
0.198081,
0.199684,
0.201332,
0.203071,
0.204954,
0.206986,
0.209025,
0.210975,
0.212969,
0.214904,
0.216840,
0.218816,
0.012591,
0.025500,
0.021406,
0.025918,
0.026443,
0.020082,
0.030047,
0.023135,
0.026026,
0.028200,
0.015109,
0.014310,
0.015444,
0.020382,
0.018869,
0.023540,
0.030078,
0.016129,
0.028572,
0.104839,
0.026432,
0.018500,
0.016931,
0.017782,
0.021535,
0.018939,
0.012160,
0.021764,
0.025677,
0.046077,
0.035757,
0.042458,
0.036770,
0.040790,
0.039684,
0.042863,
0.049327,
0.030003,
0.032212,
0.054535,
0.059685,
0.053421,
0.045676,
0.057843,
0.082599,
0.067440,
0.041573,
0.068575,
0.069579,
0.106613,
0.081804,
0.102110,
0.079957,
0.092203,
0.081184,
0.083622,
0.101622,
0.063600,
0.061134,
0.059653,
0.181831,
0.171995,
0.145894,
0.178439,
0.241212,
0.182719,
0.122940,
0.198067,
0.189701,
0.278263,
0.188342,
0.234268,
0.169404,
0.177179,
0.171645,
0.170928,
0.183793,
0.104234,
0.071540,
0.049965,
0.270263,
0.259253,
0.203115,
0.273361,
0.395088,
0.299161,
0.262985,
0.443207,
0.495749,
0.652216,
0.461856,
0.528724,
0.393373,
0.368769,
0.393865,
0.377498,
0.343604,
0.226449,
0.143660,
0.090288,
0.090748,
0.091629,
0.092812,
0.093963,
0.094702,
0.095228,
0.095445,
0.095385,
0.095105,
0.094772,
0.094314,
0.093811,
0.093284,
0.092874,
0.092582,
0.092329,
0.091896,
0.091455,
0.091052,
0.090749,
0.090497,
0.090305,
0.090170,
0.090100,
0.090077,
0.090097,
0.090167,
0.090283,
0.090459,
0.090724,
0.091096,
0.091581,
0.092196,
0.092949,
0.093787,
0.094726,
0.093823,
0.093033,
0.092413,
0.091730,
0.091015,
0.090211,
0.089028,
0.087636,
0.086116,
0.084597,
0.083204,
0.082150,
0.081080,
0.080072,
0.079471,
0.078923,
0.078196,
0.076947,
0.075352,
0.073930,
0.072581,
0.071262,
0.069927,
0.068733,
0.067375,
0.066042,
0.065148,
0.064958,
0.065489,
0.067033,
0.069256,
0.071891,
0.074511,
0.076371,
0.077670,
0.077620,
0.076181,
0.074063,
0.070119,
0.065434,
0.059775,
0.054372,
0.049448,
0.045728,
0.042490,
0.039963,
0.037827,
0.035735,
0.033912,
0.032104,
0.030452,
0.028995,
0.027639,
0.026334,
0.025109,
0.023916,
0.022750,
0.021616,
0.020616,
0.019764,
0.019121,
0.018614,
0.018220,
0.017955,
0.017830,
0.017781,
0.017802,
0.017871,
0.017998,
0.018162,
0.018371,
0.018663,
0.019035,
0.019460,
0.019942,
0.020484,
0.021099,
0.021837,
0.022666,
0.023492,
0.024363,
0.025283,
0.026233,
0.027162,
0.028070,
0.029020,
0.030021,
0.031003,
0.032029,
0.033158,
0.034318,
0.035566,
0.036845,
0.038150,
0.039423,
0.040749,
0.042204,
0.043840,
0.045508,
0.047075,
0.095468,
0.256080,
0.302067,
0.265120,
0.245358,
0.281794,
0.361098,
0.278827,
0.231269,
0.164222,
0.086852,
0.053250,
0.061689,
0.036599,
0.063634,
0.051310,
0.051568,
0.069901,
0.041512,
0.024469,
0.011486,
0.024633,
0.025117,
0.024683,
0.021850,
0.026479,
0.032507,
0.027698,
0.026038,
0.026610,
0.025622,
0.024369,
0.028411,
0.027612,
0.035208,
0.035648,
0.035914,
0.036188,
0.036771,
0.050410,
0.036391,
0.038886,
0.039932,
0.042050,
0.039704,
0.039727,
0.039559,
0.038875,
0.038237,
0.040696,
0.038540,
0.036592,
0.037550,
0.036729,
0.039147,
0.039634,
0.039755,
0.039826,
0.041304,
0.051428,
0.048254,
0.053050,
0.059696,
0.066788,
0.065040,
0.067156,
0.069071,
0.069176,
0.066812,
0.072729,
0.067128,
0.063025,
0.061815,
0.058510,
0.056659,
0.055968,
0.054315,
0.053179,
0.049816,
0.047517,
0.049632,
0.047272,
0.050849,
0.057396,
0.048169,
0.044423,
0.043176,
0.043464,
0.041129,
0.053853,
0.048293,
0.047435,
0.046835,
0.045591,
0.040727,
0.043317,
0.039224,
0.040261,
0.036253,
0.025047,
0.024721,
0.024391,
0.024030,
0.023639,
0.023201,
0.022717,
0.022250,
0.021920,
0.021659,
0.021483,
0.021255,
0.021338,
0.021632,
0.022044,
0.022320,
0.022275,
0.022124,
0.021861,
0.021402,
0.020485,
0.019624,
0.018787,
0.017799,
0.016847,
0.015846,
0.014998,
0.014440,
0.014121,
0.014180,
0.014376,
0.014647,
0.015073,
0.015691,
0.016265,
0.016886,
0.017888,
0.019030,
0.019972,
0.020777,
0.021629,
0.022292,
0.022722,
0.023054,
0.023157,
0.023150,
0.023279,
0.023291,
0.023441,
0.023641,
0.024082,
0.024730,
0.025292,
0.026069,
0.026928,
0.027714,
0.028479,
0.029207,
0.029898,
0.030453,
0.030881,
0.031340,
0.031371,
0.031313,
0.031048,
0.030715,
0.030238,
0.029698,
0.029083,
0.028413,
0.027780,
0.027792,
0.027912,
0.028003,
0.028035,
0.027868,
0.027628,
0.027134,
0.026897,
0.026781,
0.027102,
0.027701,
0.028325,
0.029201,
0.030369,
0.031909,
0.033753,
0.035720,
0.037746,
0.039646,
0.041573,
0.043619,
0.045818,
0.047614,
0.049421,
0.050972,
0.052214,
0.052892,
0.053204,
0.053195,
0.053067,
0.052802,
0.052613,
0.052701,
0.052742,
0.053154,
0.053176,
0.053202,
0.053201,
0.053238,
0.053135,
0.052911,
0.052666,
0.052293,
0.051754,
0.051072,
0.050303,
0.049523,
0.048863,
0.048307,
0.047741,
0.047387,
0.047262,
0.046964,
0.046461,
0.046089,
0.045944,
0.045843,
0.046057,
0.046587,
0.046867,
0.047204,
0.047538,
0.048015,
0.048519,
0.048822,
0.049007,
0.048915,
0.048697,
0.048370,
0.048294,
0.048872,
0.049964,
0.050613,
0.051236,
0.051624,
0.052026,
0.052563,
0.053387,
0.054000,
0.053955,
0.053789,
0.054329,
0.055790,
0.058387,
0.062745,
0.067695,
0.073668,
0.080887,
0.088571,
0.095355,
0.102245,
0.108982,
0.115236,
0.121125,
0.126869,
0.129894,
0.132637,
0.135449,
0.138767,
0.142410,
0.146214,
0.151575,
0.157004,
0.160405,
0.163752,
0.167280,
0.172745,
0.178579,
0.185140,
0.191789,
0.199116,
0.205776,
0.210903,
0.214603,
0.220836,
0.227387,
0.233542,
0.239975,
0.245921,
0.250488,
0.253912,
0.256686,
0.259778,
0.259086,
0.257405,
0.257048,
0.257583,
0.257723,
0.258737,
0.260214,
0.258782,
0.253170,
0.248286,
0.243140,
0.238966,
0.234546,
0.230335,
0.226774,
0.222374,
0.218702,
0.216646,
0.216009,
0.217390,
0.219644,
0.224122,
0.230802,
0.238693,
0.246840,
0.256159,
0.266812,
0.279232,
0.293225,
0.307426,
0.322935,
0.339684,
0.356164,
0.372751,
0.390500,
0.410142,
0.431699,
0.454566,
0.477118,
0.499709,
0.523365,
0.547316,
0.573084,
0.596768,
0.617724,
0.636793,
0.654830,
0.670691,
0.684653,
0.695319,
0.700629,
0.702841,
0.703691,
0.702614,
0.700416,
0.696506,
0.692394,
0.689919,
0.687143,
0.683651,
0.678158,
0.672894,
0.667634,
0.662347,
0.654822,
0.648596,
0.641980,
0.636072,
0.630839,
0.626521,
0.623981,
0.621969,
0.618297,
0.615712,
0.655824,
0.697472,
0.739985,
0.783376,
0.826961,
0.870032,
0.912892,
0.954602,
0.995167,
1.034065,
1.071396,
1.107646,
1.141241,
1.171460,
1.197712,
1.219231,
1.236456,
1.251536,
1.264924,
1.276348,
1.286148,
1.294231,
1.300913,
1.306090,
1.310105,
1.312910,
1.314939,
1.316624,
1.317903,
1.318882,
1.319854,
1.320486,
1.321933,
1.324779,
1.328784,
1.334460,
1.342011,
1.351303,
1.361521,
1.372691,
1.383764,
1.396188,
1.409763,
1.423862,
1.438298,
1.453210,
1.469103,
1.486575,
1.505383,
1.525141,
1.545868,
1.566480,
1.589759,
1.625407,
1.661809,
1.699265,
1.737389,
1.776482,
1.816971,
1.857727,
1.898028,
1.939432,
1.980486,
2.021793,
2.062486,
2.103522,
2.145606,
2.188275,
2.231029,
2.273451,
2.314267,
2.354105,
2.393032,
2.430844,
2.467724,
2.503507,
2.538042,
2.571440,
2.603941,
2.635054,
2.664296,
2.692037,
2.718514,
2.743500,
2.767251,
2.789940,
2.811825,
2.833035,
2.853860,
2.874452,
2.893853,
2.912342,
2.929930,
2.946795,
2.963006,
2.979007,
2.995020,
3.010392,
3.025641,
3.041081,
2.321118,
2.372004,
2.556203,
2.919456,
2.758682,
2.506720,
2.261195,
2.229290,
2.247963,
2.548936,
2.700542,
2.542424,
2.266605,
2.652595,
2.474582,
2.545429,
2.707624,
2.974407,
2.797285,
1.516167,
1.906694,
1.938279,
1.999969,
2.003114,
1.781166,
1.700193,
1.702147,
1.577654,
1.597146,
1.608339,
1.476532,
1.423566,
1.397236,
1.411802,
1.307035,
1.251677,
1.327371,
1.318755,
1.363910,
1.609822,
1.462883,
1.341774,
1.291488,
1.384021,
1.264771,
1.252697,
1.228120,
1.186130,
1.176724,
1.181179,
1.164697,
1.118368,
1.093294,
0.157098,
0.121854,
0.110307,
0.125023,
0.125472,
0.173075,
0.189278,
0.140506,
0.082326,
0.114567,
0.110787,
0.115749,
0.113361,
0.110994,
0.099416,
0.092288,
0.101824,
0.080370,
0.106106,
0.343058,
0.100918,
0.096813,
0.087950,
0.161658,
0.126994,
0.131735,
0.096286,
0.136310,
0.107912,
0.172535,
0.143112,
0.130436,
0.146031,
0.130858,
0.130915,
0.136573,
0.135056,
0.131087,
0.142848,
0.158107,
0.130345,
0.115399,
0.120625,
0.146911,
0.163277,
0.182232,
0.171098,
0.146629,
0.144739,
0.180306,
0.175274,
0.158581,
0.167762,
0.162314,
0.187898,
0.195451,
0.212691,
0.225160,
0.260349,
0.203763,
0.258116,
0.262143,
0.274955,
0.276743,
0.277978,
0.249703,
0.268420,
0.271876,
0.253205,
0.278386,
0.372339,
0.402635,
0.403090,
0.404922,
0.427402,
0.412048,
0.410109,
0.368663,
0.384311,
0.301482,
0.372236,
0.394307,
0.422927,
0.431934,
0.447447,
0.432005,
0.474373,
0.554873,
0.623545,
0.596260,
0.538254,
0.513603,
0.490632,
0.250830,
0.237332,
0.228954,
0.229126,
0.301219,
0.239191,
0.193473,
0.203655,
0.218800,
0.222936,
0.183931,
0.205665,
0.147003,
0.088396,
0.034132,
0.033046,
0.021657,
0.034885,
0.066058,
0.077743,
0.085517,
0.144256,
0.151336,
0.144466,
0.134926,
0.172755,
0.198713,
0.216877,
0.235305,
0.237989,
0.300171,
0.300834,
0.335502,
0.326218,
0.372438,
0.349227,
0.350850,
0.382652,
0.383180,
0.395617,
0.481585,
0.584094,
0.569480,
0.559550,
0.526584,
0.548453,
0.509984,
0.456961,
0.457049,
0.450249,
0.500626,
0.474764,
0.488143,
0.494666,
0.572551,
0.542376,
0.501062,
0.473217,
0.363072,
0.253482,
0.417559,
0.551963,
0.533658,
0.542178,
0.522735,
0.574135,
0.541511,
0.474161,
0.480222,
0.505767,
0.596159,
0.580231,
0.624476,
0.642739,
0.712734,
0.682245,
0.659262,
0.632619,
0.516388,
0.322251,
0.726539,
0.752092,
0.686909,
0.748009,
0.718243,
0.757186,
0.726316,
0.653030,
0.679496,
0.729504,
0.822635,
0.828757,
0.880739,
0.967160,
0.964131,
0.929546,
0.941453,
0.897383,
0.866115,
0.563702,
0.570803,
0.577555,
0.581995,
0.583284,
0.585133,
0.589221,
0.595831,
0.603677,
0.611482,
0.619338,
0.627327,
0.636953,
0.647944,
0.660823,
0.673740,
0.688885,
0.116930,
0.134863,
0.140261,
0.138665,
0.150520,
0.191170,
0.177747,
0.154196,
0.163319,
0.162889,
0.163284,
0.173715,
0.185138,
0.205571,
0.191405,
0.204988,
0.228089,
0.206335,
0.220094,
0.437505,
0.227001,
0.257052,
0.258143,
0.269465,
0.269864,
0.257996,
0.206037,
0.184380,
0.205413,
0.196622,
0.198693,
0.221266,
0.226523,
0.237814,
0.235949,
0.242750,
0.250517,
0.225701,
0.228587,
0.334224,
0.219958,
0.210881,
0.192375,
0.196347,
0.202089,
0.206860,
0.177271,
0.155304,
0.153220,
0.117843,
0.092646,
0.096395,
0.086001,
0.089756,
0.078414,
0.083176,
0.095072,
0.075776,
0.080201,
0.129496,
0.080823,
0.073133,
0.065876,
0.068588,
0.075627,
0.078749,
0.060163,
0.057053,
0.070792,
0.067791,
0.056781,
0.071961,
0.065406,
0.073425,
0.069535,
0.074112,
0.083445,
0.061186,
0.068097,
0.101101,
0.108049,
0.082423,
0.060486,
0.084541,
0.096913,
0.087828,
0.049789,
0.055278,
0.067711,
0.083356,
0.077542,
0.121395,
0.107083,
0.111085,
0.108522,
0.112787,
0.124969,
0.098563,
0.090446,
0.118989,
0.117341,
0.115898,
0.115381,
0.115612,
0.116450,
0.117837,
0.119804,
0.122313,
0.126220,
0.130403,
0.134331,
0.139190,
0.144502,
0.149219,
0.155361,
0.167003,
0.183864,
0.197331,
0.200799,
0.199143,
0.193460,
0.185960,
0.177437,
0.169720,
0.162451,
0.155836,
0.151249,
0.150807,
0.153511,
0.159057,
0.165877,
0.175509,
0.192144,
0.228398,
0.273867,
0.306031,
0.324121,
0.351767,
0.376273,
0.395521,
0.403335,
0.397687,
0.377637,
0.342039,
0.304374,
0.271268,
0.244012,
0.228381,
0.218792,
0.213003,
0.216068,
0.227065,
0.239054,
0.236076,
0.239282,
0.250942,
0.260423,
0.259297,
0.251874,
0.239999,
0.223095,
0.202230,
0.186925,
0.177729,
0.174726,
0.177828,
0.182957,
0.189861,
0.196585,
0.202692,
0.209403,
0.216362,
0.220360,
0.221876,
0.227361,
0.233160,
0.236976,
0.240017,
0.240471,
0.236229,
0.231510,
0.224231,
0.212984,
0.201500,
0.193170,
0.188292,
0.185680,
0.182858,
0.178225,
0.172489,
0.165837,
0.158529,
0.151176,
0.144457,
0.139049,
0.134892,
0.132529,
0.130600,
0.129097,
0.128199,
0.128475,
0.129503,
0.131002,
0.132701,
0.134770,
0.136999,
0.139153,
0.141507,
0.143968,
0.147040,
0.150930,
0.155355,
0.160388,
0.165306,
0.170840,
0.176163,
0.180238,
0.182953,
0.185210,
0.187736,
0.190320,
0.193220,
0.197918,
0.202853,
0.207281,
0.211767,
0.215922,
0.220146,
0.225075,
0.230882,
0.237782,
0.246173,
0.255782,
0.265296,
0.274957,
0.283571,
0.064267,
0.118501,
0.136910,
0.172850,
0.118240,
0.119982,
0.197862,
0.134749,
0.108408,
0.123312,
0.070078,
0.063310,
0.074182,
0.068595,
0.085256,
0.074337,
0.068691,
0.078816,
0.060105,
0.127832,
0.056251,
0.042369,
0.035533,
0.032973,
0.026465,
0.029290,
0.027353,
0.032684,
0.038742,
0.045014,
0.054078,
0.071874,
0.082690,
0.082766,
0.095596,
0.082800,
0.070172,
0.057969,
0.059041,
0.082571,
0.047149,
0.041204,
0.040123,
0.044203,
0.041415,
0.048315,
0.048999,
0.052035,
0.052743,
0.049318,
0.048869,
0.044861,
0.046448,
0.046747,
0.056955,
0.052390,
0.045352,
0.039234,
0.041947,
0.060985,
0.047086,
0.055413,
0.065360,
0.072599,
0.072088,
0.078611,
0.075957,
0.072211,
0.070972,
0.073120,
0.075809,
0.071100,
0.074893,
0.078657,
0.082961,
0.084515,
0.083168,
0.081104,
0.077595,
0.081485,
0.082633,
0.088878,
0.093898,
0.105339,
0.093220,
0.086666,
0.079747,
0.072453,
0.066497,
0.072019,
0.073949,
0.069956,
0.074296,
0.081625,
0.070841,
0.075247,
0.074920,
0.064281,
0.065823,
0.042754,
0.042405,
0.041772,
0.041628,
0.040568,
0.039102,
0.037589,
0.036185,
0.035772,
0.036408,
0.037530,
0.039102,
0.041132,
0.043276,
0.046243,
0.051316,
0.057723,
0.063246,
0.066936,
0.069038,
0.070377,
0.070256,
0.069649,
0.067835,
0.065465,
0.061844,
0.059080,
0.057087,
0.055030,
0.054940,
0.056361,
0.060117,
0.064241,
0.066463,
0.066753,
0.067266,
0.065452,
0.064490,
0.064384,
0.064519,
0.064421,
0.064785,
0.065001,
0.065924,
0.064530,
0.062521,
0.059579,
0.056638,
0.053308,
0.049948,
0.046596,
0.043354,
0.040351,
0.037766,
0.036577,
0.036514,
0.037867,
0.039369,
0.042217,
0.044081,
0.046513,
0.050053,
0.054237,
0.055209,
0.052756,
0.049058,
0.044986,
0.040841,
0.036531,
0.032682,
0.029022,
0.025818,
0.022936,
0.021128,
0.019887,
0.019017,
0.018964,
0.018560,
0.018955,
0.019405,
0.019707,
0.019605,
0.019170,
0.018515,
0.018148,
0.018522,
0.019428,
0.020862,
0.022906,
0.025565,
0.028582,
0.031469,
0.034140,
0.036504,
0.039573,
0.042997,
0.046772,
0.049580,
0.051980,
0.054024,
0.055971,
0.057510,
0.057699,
0.058112,
0.058599,
0.058479,
0.057703,
0.056858,
0.056319,
0.056250,
0.056848,
0.057060,
0.057643,
0.059191,
0.061183,
0.063665,
0.065653,
0.067496,
0.069173,
0.070473,
0.072275,
0.074397,
0.076343,
0.078039,
0.079676,
0.081477,
0.083217,
0.084921,
0.087233,
0.090031,
0.093538,
0.097526,
0.101896,
0.105713,
0.107733,
0.109163,
0.109773,
0.109880,
0.108370,
0.106596,
0.104080,
0.101500,
0.099557,
0.097727,
0.096630,
0.095233,
0.093708,
0.092718,
0.091726,
0.091195,
0.090844,
0.090688,
0.090563,
0.089781,
0.088452,
0.087555,
0.088864,
0.089008,
0.089939,
0.089062,
0.087933,
0.086175,
0.083317,
0.081597,
0.079692,
0.077562,
0.075401,
0.072085,
0.067983,
0.064398,
0.061003,
0.056887,
0.052872,
0.049427,
0.046345,
0.043419,
0.041346,
0.038385,
0.036255,
0.035098,
0.034340,
0.035064,
0.037097,
0.039176,
0.041757,
0.044281,
0.046133,
0.046913,
0.047460,
0.047000,
0.046340,
0.045302,
0.044298,
0.043434,
0.042027,
0.040088,
0.037025,
0.034928,
0.032726,
0.031540,
0.031560,
0.031837,
0.032650,
0.033879,
0.035176,
0.036681,
0.038784,
0.041219,
0.043803,
0.046504,
0.049579,
0.052462,
0.054635,
0.056311,
0.058147,
0.060473,
0.062378,
0.063795,
0.065985,
0.069111,
0.073634,
0.079070,
0.085752,
0.092575,
0.100844,
0.110736,
0.122586,
0.137196,
0.154602,
0.175124,
0.197538,
0.220641,
0.243839,
0.270179,
0.296438,
0.321943,
0.344996,
0.367639,
0.389606,
0.410992,
0.431020,
0.446442,
0.462442,
0.475859,
0.486580,
0.494657,
0.500901,
0.507462,
0.514261,
0.519589,
0.526114,
0.535090,
0.574170,
0.613990,
0.657548,
0.703352,
0.746659,
0.790576,
0.834057,
0.876986,
0.916916,
0.954960,
0.989525,
1.021200,
1.050938,
1.080491,
1.109145,
1.137639,
1.167409,
1.196586,
1.224592,
1.250399,
1.274696,
1.296186,
1.315121,
1.330316,
1.341927,
1.348167,
1.351094,
1.350991,
1.347403,
1.341722,
1.334205,
1.325795,
1.316505,
1.307809,
1.300166,
1.293841,
1.289053,
1.285720,
1.283406,
1.283500,
1.285389,
1.286390,
1.286129,
1.285836,
1.286431,
1.288009,
1.289363,
1.293735,
1.302242,
1.316306,
1.334611,
1.360050,
1.389775,
1.431131,
1.476236,
1.524850,
1.576034,
1.628568,
1.684319,
1.742025,
1.800668,
1.856182,
1.910605,
1.966312,
2.021646,
2.074539,
2.127453,
2.179026,
2.230994,
2.283591,
2.336321,
2.388313,
2.440088,
2.492298,
2.540756,
2.586598,
2.630975,
2.674258,
2.715988,
2.755560,
2.793481,
2.830090,
2.864417,
2.895139,
2.923663,
2.949618,
2.973259,
2.994119,
3.012494,
3.028894,
3.042963,
3.055072,
3.065898,
3.076277,
3.086204,
3.095342,
3.104911,
3.115075,
3.125539,
3.136229,
1.526567,
1.653781,
1.806144,
2.386195,
2.167992,
1.839628,
1.744570,
1.698109,
1.584652,
2.229224,
2.009432,
1.799261,
1.584653,
1.882809,
1.791803,
1.874622,
2.148160,
2.290450,
2.160885,
1.220447,
1.638638,
1.724062,
1.665087,
1.724259,
1.546255,
1.480240,
1.521881,
1.401782,
1.372136,
1.352559,
1.293905,
1.178406,
1.163204,
1.188855,
1.117866,
1.075325,
1.118152,
1.145506,
1.119947,
1.261672,
1.387494,
1.108764,
1.075665,
1.114498,
1.042404,
1.026438,
1.031195,
1.019747,
0.983143,
0.982260,
0.981692,
0.950961,
0.939778,
0.106666,
0.076340,
0.063363,
0.129740,
0.113852,
0.119430,
0.120162,
0.137444,
0.086554,
0.106629,
0.137451,
0.133796,
0.124834,
0.143486,
0.124388,
0.146413,
0.156516,
0.181938,
0.154494,
0.254398,
0.211516,
0.180441,
0.136078,
0.166752,
0.131072,
0.161584,
0.118735,
0.124610,
0.122544,
0.140518,
0.155804,
0.142909,
0.141091,
0.166521,
0.133567,
0.135632,
0.204369,
0.190238,
0.233265,
0.312712,
0.184560,
0.148228,
0.137821,
0.155023,
0.157241,
0.164635,
0.131665,
0.125287,
0.135015,
0.130081,
0.140441,
0.142115,
0.147422,
0.174030,
0.158949,
0.170951,
0.217541,
0.224813,
0.272407,
0.404985,
0.231212,
0.238461,
0.212486,
0.200520,
0.187575,
0.191456,
0.187542,
0.171523,
0.177290,
0.174948,
0.237664,
0.254322,
0.292686,
0.342593,
0.336419,
0.326933,
0.334155,
0.325024,
0.314912,
0.436263,
0.298117,
0.313851,
0.282511,
0.251602,
0.289374,
0.314786,
0.385443,
0.412325,
0.484993,
0.441106,
0.407447,
0.362806,
0.336987,
0.165714,
0.165459,
0.153658,
0.145233,
0.160894,
0.158636,
0.193367,
0.216378,
0.273685,
0.306214,
0.334288,
0.303516,
0.262744,
0.208466,
0.167172,
0.128081,
0.099432,
0.130061,
0.146442,
0.174699,
0.180733,
0.193917,
0.216341,
0.251661,
0.298205,
0.339070,
0.362998,
0.362570,
0.347721,
0.337947,
0.296432,
0.258045,
0.224804,
0.196629,
0.198040,
0.223244,
0.267179,
0.287638,
0.297715,
0.301675,
0.370291,
0.334824,
0.292170,
0.267362,
0.268492,
0.250223,
0.237034,
0.242178,
0.261497,
0.305360,
0.265748,
0.265686,
0.225987,
0.187292,
0.181527,
0.205102,
0.241297,
0.185795,
0.183486,
0.141480,
0.314397,
0.272259,
0.213569,
0.173241,
0.206032,
0.195972,
0.195883,
0.194230,
0.265637,
0.379228,
0.382009,
0.412556,
0.347047,
0.281848,
0.293798,
0.373419,
0.455908,
0.333409,
0.298154,
0.187787,
0.510696,
0.480994,
0.382637,
0.314667,
0.346296,
0.354151,
0.340049,
0.324170,
0.365544,
0.570686,
0.656378,
0.653987,
0.624518,
0.563396,
0.473442,
0.521872,
0.667590,
0.668438,
0.622262,
0.060073,
0.060447,
0.061049,
0.061858,
0.062792,
0.063751,
0.064436,
0.064879,
0.065127,
0.065316,
0.065640,
0.066213,
0.066967,
0.067852,
0.068943,
0.070501,
0.072269,
0.006067,
0.022068,
0.035277,
0.044309,
0.042274,
0.035884,
0.031897,
0.026864,
0.025486,
0.023109,
0.019585,
0.019406,
0.021405,
0.025638,
0.028027,
0.032661,
0.036771,
0.036556,
0.049209,
0.075524,
0.050254,
0.054841,
0.056533,
0.050421,
0.042035,
0.039699,
0.039558,
0.042327,
0.045053,
0.050133,
0.052786,
0.058058,
0.062274,
0.064394,
0.064345,
0.063356,
0.057348,
0.049819,
0.045679,
0.045782,
0.019965,
0.017069,
0.020825,
0.019427,
0.011738,
0.011464,
0.007239,
0.006537,
0.005628,
0.006139,
0.005582,
0.004954,
0.004384,
0.003834,
0.003542,
0.003847,
0.003762,
0.002809,
0.003762,
0.008021,
0.004055,
0.020203,
0.052062,
0.058028,
0.037495,
0.043760,
0.030470,
0.020632,
0.011888,
0.005451,
0.006784,
0.002637,
0.002154,
0.002205,
0.002519,
0.003148,
0.003504,
0.003858,
0.003100,
0.004150,
0.024776,
0.079260,
0.150710,
0.183342,
0.137168,
0.135300,
0.097028,
0.051769,
0.021403,
0.004699,
0.009430,
0.002551,
0.002236,
0.003440,
0.001620,
0.001947,
0.003073,
0.001074,
0.000705,
0.001768,
0.001917,
0.002316,
0.002713,
0.002925,
0.003282,
0.003503,
0.003605,
0.003758,
0.003791,
0.003760,
0.003918,
0.004251,
0.004566,
0.004654,
0.004570,
0.004499,
0.004517,
0.004592,
0.004614,
0.004685,
0.004739,
0.004626,
0.004372,
0.004136,
0.004058,
0.004271,
0.004753,
0.005493,
0.006600,
0.008173,
0.010520,
0.013126,
0.015855,
0.019947,
0.022857,
0.026022,
0.031043,
0.037505,
0.043783,
0.046114,
0.044552,
0.042805,
0.041674,
0.041404,
0.041664,
0.043206,
0.045466,
0.047018,
0.049481,
0.052234,
0.054001,
0.054614,
0.053839,
0.052969,
0.053646,
0.055106,
0.055292,
0.054143,
0.050300,
0.045643,
0.042105,
0.040170,
0.040589,
0.043564,
0.048234,
0.054223,
0.060827,
0.066843,
0.071490,
0.074790,
0.075911,
0.075182,
0.072251,
0.069056,
0.066493,
0.064513,
0.063888,
0.062348,
0.059847,
0.056646,
0.053214,
0.050027,
0.047449,
0.045556,
0.043922,
0.042861,
0.042178,
0.041852,
0.041360,
0.040457,
0.039129,
0.037639,
0.036153,
0.034649,
0.033510,
0.032599,
0.031931,
0.031367,
0.030937,
0.030717,
0.030728,
0.030878,
0.031074,
0.031354,
0.031682,
0.032071,
0.032472,
0.032881,
0.033254,
0.033667,
0.034070,
0.034476,
0.034971,
0.035540,
0.036118,
0.036740,
0.037371,
0.038082,
0.038811,
0.039688,
0.040726,
0.042040,
0.043241,
0.044300,
0.045258,
0.046083,
0.046566,
0.046931,
0.046956,
0.046804,
0.046608,
0.046585,
0.046658,
0.046991,
0.047726,
0.048691,
0.012906,
0.058110,
0.086493,
0.078786,
0.073497,
0.081713,
0.088325,
0.070946,
0.052419,
0.039716,
0.026914,
0.021476,
0.021482,
0.018197,
0.019790,
0.019864,
0.018678,
0.019268,
0.024876,
0.040203,
0.022956,
0.025312,
0.028352,
0.030578,
0.031922,
0.034516,
0.038055,
0.040860,
0.042467,
0.044519,
0.045761,
0.047241,
0.049122,
0.050808,
0.052830,
0.054517,
0.054953,
0.055803,
0.058444,
0.063092,
0.054261,
0.054573,
0.054440,
0.052326,
0.048299,
0.045611,
0.044448,
0.042753,
0.041274,
0.040160,
0.036615,
0.034215,
0.032956,
0.031604,
0.033005,
0.035466,
0.036313,
0.039762,
0.045156,
0.052392,
0.059189,
0.066283,
0.072583,
0.075509,
0.073861,
0.074662,
0.077322,
0.078608,
0.080189,
0.082706,
0.079008,
0.077150,
0.075352,
0.073121,
0.072653,
0.072087,
0.067242,
0.062942,
0.056871,
0.052788,
0.065062,
0.062055,
0.060828,
0.062093,
0.056632,
0.055542,
0.062387,
0.066621,
0.070529,
0.076126,
0.068228,
0.063929,
0.058250,
0.053237,
0.051430,
0.051783,
0.046664,
0.043879,
0.034472,
0.028332,
0.027525,
0.026989,
0.026637,
0.026566,
0.026761,
0.027457,
0.028429,
0.029810,
0.031289,
0.032792,
0.034093,
0.034810,
0.034768,
0.034619,
0.034316,
0.033993,
0.033636,
0.032921,
0.031841,
0.030367,
0.029094,
0.027705,
0.026427,
0.025860,
0.026387,
0.028374,
0.031676,
0.035051,
0.037982,
0.040268,
0.042290,
0.043610,
0.045092,
0.046049,
0.046739,
0.046567,
0.046162,
0.045686,
0.044954,
0.044039,
0.042972,
0.041555,
0.040614,
0.040668,
0.040417,
0.040582,
0.040474,
0.040723,
0.041631,
0.042350,
0.043298,
0.044534,
0.045664,
0.047362,
0.048446,
0.048985,
0.049881,
0.050966,
0.051606,
0.051454,
0.051319,
0.049974,
0.047095,
0.043843,
0.040975,
0.038455,
0.036543,
0.034778,
0.033659,
0.032932,
0.032307,
0.031596,
0.030713,
0.030312,
0.030604,
0.031007,
0.031408,
0.032252,
0.033425,
0.034811,
0.036294,
0.038271,
0.040250,
0.042385,
0.044515,
0.046398,
0.048545,
0.050577,
0.052524,
0.054597,
0.056487,
0.057711,
0.058560,
0.058887,
0.058950,
0.059007,
0.059029,
0.058968,
0.058626,
0.058845,
0.059247,
0.059558,
0.059575,
0.059580,
0.059205,
0.058445,
0.057984,
0.057843,
0.058050,
0.058336,
0.058743,
0.059172,
0.059525,
0.059357,
0.059128,
0.058805,
0.058708,
0.058714,
0.058731,
0.058687,
0.059146,
0.060158,
0.061261,
0.062802,
0.064362,
0.065854,
0.067523,
0.069377,
0.071224,
0.072749,
0.073883,
0.074264,
0.074431,
0.075256,
0.076671,
0.079009,
0.081868,
0.083897,
0.085108,
0.085518,
0.084731,
0.084369,
0.083779,
0.083594,
0.084342,
0.086405,
0.089396,
0.095094,
0.101158,
0.107149,
0.113273,
0.119423,
0.126284,
0.134381,
0.140779,
0.145654,
0.147900,
0.148123,
0.147841,
0.146999,
0.146403,
0.146861,
0.148831,
0.152402,
0.154806,
0.155903,
0.158711,
0.162042,
0.165787,
0.169132,
0.172447,
0.176531,
0.178136,
0.177204,
0.176503,
0.177204,
0.179351,
0.181679,
0.185636,
0.193621,
0.203121,
0.212893,
0.220415,
0.226788,
0.232285,
0.235236,
0.237544,
0.239693,
0.238494,
0.237684,
0.236775,
0.233897,
0.225895,
0.220399,
0.212405,
0.203620,
0.197182,
0.193318,
0.190134,
0.186985,
0.183435,
0.179385,
0.175556,
0.172940,
0.171174,
0.171652,
0.172837,
0.175223,
0.177207,
0.180504,
0.185646,
0.192363,
0.199416,
0.207868,
0.217871,
0.230543,
0.245334,
0.262204,
0.280028,
0.298022,
0.317802,
0.339704,
0.362029,
0.385709,
0.411091,
0.437850,
0.466266,
0.495607,
0.527644,
0.560032,
0.592613,
0.623402,
0.651954,
0.676535,
0.697904,
0.716049,
0.730859,
0.743825,
0.753973,
0.760416,
0.764452,
0.766877,
0.765822,
0.765000,
0.764654,
0.764983,
0.765337,
0.764591,
0.761708,
0.759409,
0.760298,
0.761423,
0.762529,
0.764724,
0.765866,
0.765964,
0.767279,
0.767908,
0.768890,
0.771417,
0.768669,
0.807013,
0.849898,
0.897209,
0.945559,
0.993963,
1.040696,
1.085792,
1.130193,
1.174106,
1.215870,
1.256658,
1.295622,
1.331131,
1.361750,
1.388422,
1.410078,
1.428834,
1.444763,
1.458935,
1.470732,
1.481113,
1.490449,
1.498487,
1.505250,
1.511001,
1.516604,
1.521361,
1.525937,
1.530606,
1.535623,
1.540743,
1.545612,
1.551655,
1.557063,
1.564235,
1.573170,
1.583926,
1.597145,
1.612311,
1.628098,
1.645391,
1.663640,
1.683730,
1.704533,
1.725413,
1.746121,
1.767471,
1.789446,
1.812408,
1.834772,
1.859189,
1.885821,
1.913647,
1.943668,
1.972994,
2.005367,
2.041317,
2.078450,
2.116075,
2.153202,
2.191504,
2.228500,
2.266248,
2.303368,
2.341973,
2.381031,
2.420459,
2.459755,
2.498418,
2.536494,
2.573289,
2.607100,
2.638603,
2.667809,
2.695011,
2.720606,
2.743462,
2.763296,
2.781005,
2.797925,
2.812517,
2.825360,
2.836568,
2.845616,
2.852404,
2.858266,
2.863728,
2.868793,
2.872536,
2.876293,
2.880166,
2.883536,
2.886243,
2.889112,
2.891758,
2.895070,
2.898914,
2.902682,
2.906889,
2.912987,
1.737112,
1.803734,
2.002037,
2.383207,
2.194906,
1.874004,
1.566249,
1.534223,
1.530931,
1.786426,
2.053509,
1.895386,
1.541175,
1.731759,
1.791707,
1.794732,
1.978610,
2.110145,
2.054063,
1.099071,
1.241610,
1.284902,
1.375705,
1.347945,
1.118794,
1.051095,
0.964253,
0.810336,
0.809071,
0.823316,
0.663056,
0.606466,
0.577222,
0.563106,
0.476000,
0.470167,
0.443754,
0.376240,
0.458242,
0.799776,
0.379250,
0.314571,
0.252923,
0.324719,
0.193026,
0.220353,
0.181583,
0.179192,
0.171342,
0.155645,
0.183387,
0.186830,
0.223815,
0.109004,
0.274146,
0.310862,
0.256153,
0.210957,
0.279309,
0.164410,
0.124135,
0.317315,
0.260742,
0.251106,
0.220390,
0.257558,
0.212802,
0.225262,
0.255252,
0.181785,
0.250603,
0.253372,
0.239968,
0.135883,
0.192206,
0.194188,
0.139711,
0.073015,
0.128396,
0.052737,
0.051000,
0.136391,
0.239992,
0.253706,
0.158608,
0.160711,
0.139251,
0.189837,
0.196149,
0.152026,
0.166943,
0.115254,
0.114049,
0.104504,
0.112726,
0.100730,
0.146440,
0.137744,
0.069671,
0.053294,
0.062085,
0.083790,
0.087293,
0.092870,
0.105738,
0.112571,
0.110827,
0.097222,
0.094484,
0.103642,
0.121639,
0.113669,
0.096951,
0.110466,
0.091311,
0.087036,
0.089555,
0.086921,
0.100533,
0.160841,
0.255323,
0.368076,
0.384027,
0.414803,
0.414212,
0.398630,
0.398247,
0.373316,
0.301407,
0.222439,
0.178450,
0.138075,
0.093550,
0.122281,
0.109499,
0.128908,
0.165217,
0.169198,
0.197193,
0.231101,
0.250206,
0.273501,
0.286231,
0.301442,
0.346107,
0.336097,
0.284730,
0.400889,
0.437837,
0.511092,
0.565030,
0.590328,
0.583348,
0.578123,
0.585340,
0.634435,
0.704642,
0.650932,
0.701529,
0.722552,
0.680017,
0.630556,
0.653543,
0.807976,
0.858277,
0.813054,
0.749035,
0.708704,
0.594302,
0.522967,
0.505317,
0.394934,
0.257117,
0.236735,
0.299703,
0.303244,
0.289381,
0.280172,
0.263436,
0.285045,
0.283167,
0.277929,
0.267216,
0.241755,
0.232800,
0.223397,
0.154105,
0.143945,
0.153532,
0.166007,
0.173427,
0.190293,
0.203083,
0.215400,
0.221449,
0.200228,
0.179703,
0.152421,
0.131218,
0.142897,
0.169736,
0.193763,
0.204250,
0.175530,
0.184718,
0.208971,
0.120034,
0.108529,
0.115393,
0.114243,
0.116243,
0.126942,
0.133280,
0.144472,
0.150094,
0.160272,
0.181242,
0.200852,
0.212996,
0.217182,
0.206055,
0.197548,
0.202765,
0.211855,
0.236903,
0.295296,
0.194117,
0.209884,
0.252354,
0.265563,
0.268403,
0.269646,
0.255316,
0.224755,
0.188093,
0.165429,
0.160736,
0.161110,
0.160552,
0.160460,
0.153933,
0.171626,
0.227023,
0.254966,
0.370486,
0.546407,
0.542729,
0.472465,
0.462219,
0.479799,
0.485679,
0.482755,
0.469879,
0.450920,
0.426778,
0.403969,
0.398337,
0.396955,
0.389522,
0.383263,
0.395417,
0.399014,
0.163002,
0.208600,
0.314584,
0.624496,
0.932129,
1.037396,
1.030710,
1.065550,
1.043555,
0.965612,
0.821275,
0.674505,
0.565170,
0.528536,
0.493345,
0.493966,
0.503719,
0.502948,
0.520628,
0.614759,
0.550055,
0.829667,
1.045508,
1.078549,
0.909891,
0.674418,
0.621722,
0.665890,
0.691035,
0.753655,
0.846354,
0.931737,
0.924419,
0.874832,
0.823300,
0.850555,
0.836818,
0.761245,
0.748966,
0.718409,
0.663215,
0.660307,
0.645692,
0.592748,
0.603042,
0.705085,
0.773984,
0.798326,
0.807531,
0.879738,
1.027710,
1.177268,
1.147187,
1.069752,
0.969818,
0.920934,
0.921309,
0.781294,
0.691554,
0.613216,
0.610744,
0.519502,
0.463751,
0.479181,
0.502905,
0.396788,
0.303785,
0.290251,
0.239439,
0.280757,
0.185600,
0.219122,
0.158631,
0.166184,
0.153514,
0.151738,
0.161428,
0.095510,
0.077779,
0.058685,
0.211570,
0.171681,
0.145428,
0.173474,
0.263416,
0.181739,
0.129773,
0.269050,
0.309704,
0.493512,
0.350774,
0.455759,
0.298779,
0.302240,
0.330841,
0.346250,
0.346509,
0.259603,
0.208170,
0.181734,
0.174112,
0.164894,
0.163920,
0.178442,
0.185107,
0.172677,
0.161472,
0.155219,
0.150484,
0.145258,
0.139062,
0.134767,
0.132710,
0.133720,
0.142212,
0.169244,
0.242716,
0.367004,
0.419934,
0.453627,
0.459988,
0.440656,
0.391545,
0.341709,
0.292738,
0.241743,
0.203659,
0.184559,
0.170442,
0.160944,
0.153598,
0.149466,
0.151844,
0.166651,
0.181719,
0.251212,
0.327077,
0.489519,
0.617430,
0.669624,
0.674176,
0.662433,
0.656052,
0.645670,
0.576087,
0.422715,
0.310304,
0.244805,
0.202246,
0.179642,
0.175825,
0.182139,
0.190143,
0.190156,
0.201626,
0.224430,
0.258384,
0.345181,
0.503450,
0.607723,
0.632920,
0.606892,
0.529367,
0.438565,
0.343135,
0.272260,
0.219532,
0.195990,
0.207385,
0.240074,
0.265833,
0.276765,
0.284727,
0.284887,
0.278326,
0.257858,
0.218078,
0.174548,
0.146616,
0.140089,
0.155041,
0.201861,
0.246884,
0.273249,
0.276384,
0.273402,
0.263744,
0.258721,
0.256637,
0.250820,
0.244207,
0.235904,
0.222157,
0.206760,
0.190384,
0.172427,
0.159227,
0.145069,
0.121872,
0.085596,
0.064630,
0.055720,
0.047259,
0.039770,
0.036052,
0.034802,
0.033812,
0.032858,
0.033003,
0.034631,
0.037563,
0.041492,
0.046262,
0.052017,
0.055459,
0.052924,
0.049254,
0.048593,
0.049942,
0.052301,
0.055616,
0.058155,
0.060620,
0.065398,
0.074022,
0.087744,
0.106984,
0.120719,
0.127686,
0.125981,
0.112692,
0.100274,
0.094387,
0.093344,
0.091744,
0.090720,
0.122866,
0.288949,
0.335481,
0.306973,
0.284481,
0.316363,
0.400436,
0.304146,
0.264052,
0.191498,
0.115592,
0.087927,
0.138860,
0.160640,
0.204847,
0.183452,
0.166373,
0.175818,
0.131917,
0.108146,
0.074410,
0.074195,
0.064046,
0.054931,
0.043239,
0.042162,
0.043981,
0.033378,
0.030524,
0.030484,
0.038180,
0.066006,
0.117631,
0.165506,
0.208378,
0.219434,
0.210684,
0.183713,
0.152323,
0.142305,
0.104888,
0.089781,
0.075452,
0.067621,
0.057081,
0.049775,
0.047521,
0.052515,
0.064116,
0.073348,
0.076257,
0.084085,
0.093719,
0.098223,
0.099216,
0.095193,
0.088003,
0.068740,
0.054814,
0.053452,
0.039397,
0.034584,
0.036227,
0.040752,
0.039503,
0.048342,
0.057189,
0.063810,
0.065822,
0.067090,
0.055419,
0.048977,
0.051063,
0.053010,
0.054871,
0.054874,
0.054748,
0.059059,
0.066035,
0.076085,
0.083634,
0.090586,
0.103784,
0.116519,
0.108521,
0.102122,
0.093975,
0.088584,
0.080608,
0.085887,
0.075415,
0.072613,
0.073595,
0.071843,
0.064269,
0.069458,
0.069270,
0.074176,
0.072654,
0.061594,
0.061723,
0.063824,
0.068186,
0.074749,
0.080835,
0.083930,
0.082879,
0.079497,
0.075219,
0.070216,
0.064953,
0.063178,
0.063699,
0.066639,
0.072249,
0.080460,
0.088891,
0.094100,
0.099066,
0.100470,
0.101619,
0.104174,
0.106227,
0.105275,
0.100260,
0.095271,
0.092599,
0.087099,
0.082174,
0.077019,
0.070005,
0.063083,
0.055988,
0.050070,
0.047538,
0.046971,
0.047306,
0.048178,
0.050108,
0.059336,
0.074402,
0.079805,
0.076490,
0.071782,
0.068720,
0.066263,
0.062767,
0.058054,
0.052132,
0.048062,
0.045540,
0.044076,
0.043035,
0.041589,
0.040340,
0.038953,
0.037362,
0.036995,
0.039137,
0.043903,
0.045411,
0.042307,
0.036665,
0.032018,
0.028858,
0.027492,
0.027056,
0.027211,
0.028380,
0.028809,
0.028343,
0.026368,
0.023118,
0.019183,
0.016179,
0.014010,
0.014047,
0.013351,
0.011702,
0.009733,
0.007945,
0.006766,
0.006240,
0.006397,
0.007198,
0.008629,
0.010442,
0.012730,
0.015952,
0.019741,
0.021812,
0.022615,
0.023102,
0.023764,
0.024123,
0.024714,
0.025224,
0.026902,
0.029786,
0.033885,
0.037225,
0.041365,
0.045372,
0.048810,
0.051881,
0.054929,
0.057296,
0.059147,
0.059951,
0.060035,
0.059626,
0.059446,
0.059539,
0.063228,
0.068629,
0.073350,
0.076946,
0.081146,
0.085397,
0.089348,
0.093649,
0.098661,
0.105367,
0.111838,
0.116919,
0.121183,
0.125599,
0.130761,
0.136088,
0.141264,
0.146837,
0.149737,
0.151932,
0.154014,
0.156603,
0.157665,
0.156689,
0.155698,
0.153629,
0.150089,
0.146095,
0.141708,
0.136419,
0.132306,
0.127505,
0.121934,
0.116639,
0.111105,
0.105682,
0.101203,
0.096403,
0.091617,
0.086682,
0.081063,
0.073551,
0.065041,
0.057928,
0.052795,
0.047560,
0.043278,
0.040349,
0.038179,
0.036529,
0.035083,
0.033889,
0.032751,
0.032114,
0.031783,
0.030518,
0.028435,
0.025732,
0.023579,
0.021977,
0.020857,
0.019921,
0.018952,
0.017933,
0.016918,
0.016504,
0.016212,
0.015794,
0.015276,
0.014559,
0.013688,
0.012675,
0.011822,
0.011243,
0.010472,
0.009604,
0.008712,
0.007757,
0.007175,
0.006900,
0.006899,
0.007120,
0.007539,
0.007845,
0.008062,
0.008127,
0.008084,
0.008003,
0.008323,
0.008675,
0.009205,
0.009681,
0.010129,
0.010420,
0.010696,
0.011010,
0.011531,
0.012448,
0.013731,
0.015094,
0.016503,
0.017917,
0.019274,
0.020503,
0.021791,
0.023177,
0.024718,
0.026389,
0.028117,
0.029911,
0.032162,
0.034537,
0.037179,
0.040456,
0.044306,
0.049042,
0.055469,
0.062995,
0.071111,
0.078925,
0.085684,
0.091391,
0.095725,
0.099468,
0.103349,
0.109417,
0.115736,
0.121824,
0.128846,
0.135970,
0.143429,
0.150853,
0.160864,
0.174001,
0.186456,
0.197382,
0.207039,
0.213011,
0.217125,
0.217492,
0.215704,
0.213617,
0.210307,
0.206820,
0.204183,
0.203012,
0.205331,
0.215831,
0.231696,
0.245621,
0.256848,
0.268374,
0.278708,
0.290645,
0.297843,
0.301285,
0.342445,
0.384001,
0.424424,
0.462174,
0.498270,
0.535449,
0.570976,
0.603638,
0.634125,
0.661523,
0.684240,
0.704914,
0.721284,
0.734369,
0.745952,
0.752903,
0.757373,
0.761014,
0.765617,
0.772916,
0.782406,
0.792715,
0.804293,
0.816038,
0.824667,
0.831752,
0.835379,
0.835293,
0.833223,
0.828094,
0.824407,
0.820070,
0.816082,
0.816879,
0.820482,
0.828069,
0.841791,
0.857592,
0.875564,
0.896750,
0.921144,
0.949588,
0.979985,
1.009181,
1.039053,
1.067443,
1.090888,
1.111567,
1.127745,
1.138515,
1.147444,
1.154041,
1.158257,
1.160085,
1.163085,
1.168013,
1.175241,
1.185751,
1.200337,
1.216179,
1.230917,
1.245344,
1.260931,
1.277706,
1.294009,
1.306638,
1.315422,
1.322997,
1.328109,
1.329193,
1.326938,
1.319552,
1.310126,
1.295276,
1.276363,
1.256629,
1.237326,
1.219168,
1.198922,
1.179609,
1.161823,
1.146621,
1.131908,
1.117057,
1.101463,
1.087404,
1.075798,
1.066858,
1.059598,
1.054789,
1.052112,
1.050394,
1.049483,
1.049541,
1.050623,
1.053040,
1.056644,
1.061756,
1.068272,
1.076152,
0.234631,
0.290782,
0.350996,
0.554467,
0.552749,
0.567886,
0.586693,
0.458571,
0.412131,
0.516884,
0.472950,
0.338653,
0.408671,
0.470251,
0.374336,
0.353206,
0.296996,
0.335914,
0.226063,
0.751257,
0.067777,
0.035690,
0.023759,
0.023342,
0.020521,
0.026095,
0.024298,
0.030107,
0.036691,
0.032566,
0.038000,
0.054454,
0.037138,
0.031532,
0.027493,
0.038750,
0.039087,
0.039385,
0.078213,
0.096357,
0.020153,
0.029893,
0.062615,
0.042068,
0.056143,
0.061190,
0.065614,
0.066152,
0.075629,
0.030925,
0.073865,
0.087935,
0.077843,
0.046019,
0.035974,
0.030816,
0.047918,
0.020896,
0.145202,
0.017884,
0.013230,
0.011136,
0.016102,
0.013263,
0.012204,
0.010179,
0.007850,
0.008839,
0.016888,
0.010624,
0.016884,
0.016888,
0.018216,
0.010239,
0.009137,
0.010176,
0.008997,
0.010256,
0.025008,
0.042989,
0.013968,
0.027648,
0.016335,
0.023673,
0.016833,
0.015442,
0.023989,
0.026876,
0.032643,
0.031110,
0.025468,
0.016826,
0.020664,
0.014096,
0.017150,
0.016710,
0.015548,
0.015814,
0.039125,
0.106300,
0.107199,
0.107913,
0.108844,
0.107135,
0.104086,
0.100229,
0.096101,
0.092328,
0.089278,
0.086602,
0.089019,
0.096369,
0.106205,
0.130589,
0.146727,
0.154474,
0.164689,
0.172778,
0.180030,
0.181127,
0.179518,
0.174656,
0.165906,
0.156160,
0.151001,
0.152821,
0.161669,
0.174025,
0.186411,
0.190648,
0.191696,
0.183826,
0.171674,
0.187434,
0.195049,
0.190189,
0.189160,
0.180076,
0.172805,
0.168471,
0.169329,
0.175869,
0.195462,
0.219556,
0.246821,
0.273468,
0.254462,
0.261944,
0.276864,
0.284263,
0.267347,
0.256742,
0.235309,
0.203626,
0.172624,
0.145757,
0.120026,
0.100844,
0.086569,
0.074481,
0.065763,
0.057835,
0.054471,
0.051756,
0.050922,
0.051875,
0.041362,
0.036876,
0.034388,
0.032692,
0.031612,
0.031688,
0.031834,
0.031878,
0.032490,
0.032855,
0.035431,
0.039359,
0.043211,
0.048797,
0.051373,
0.053762,
0.059104,
0.062246,
0.070400,
0.078924,
0.061889,
0.056398,
0.056611,
0.058637,
0.063600,
0.065498,
0.068684,
0.071784,
0.075738,
0.078288,
0.085395,
0.093071,
0.098367,
0.104447,
0.105525,
0.106435,
0.112509,
0.115278,
0.124808,
0.131891,
0.097547,
0.081788,
0.075100,
0.071542,
0.074400,
0.073309,
0.073248,
0.073633,
0.074954,
0.074146,
0.080745,
0.088884,
0.096252,
0.105224,
0.109718,
0.112801,
0.122750,
0.128513,
0.143724,
0.157506,
0.100978,
0.079383,
0.070855,
0.067367,
0.072741,
0.072143,
0.071794,
0.072058,
0.072426,
0.071126,
0.078945,
0.089840,
0.097463,
0.108532,
0.112867,
0.116046,
0.128551,
0.135500,
0.159172,
0.179829,
0.181937,
0.184044,
0.186056,
0.187838,
0.189698,
0.191629,
0.193594,
0.195599,
0.197678,
0.199889,
0.202240,
0.204697,
0.207600,
0.210866,
0.214210,
0.217238,
0.072039,
0.119720,
0.102162,
0.063147,
0.058061,
0.076531,
0.092928,
0.076468,
0.044796,
0.032491,
0.016772,
0.008003,
0.008685,
0.008012,
0.008951,
0.011098,
0.018844,
0.018533,
0.020366,
0.112074,
0.027344,
0.031962,
0.040767,
0.043850,
0.039588,
0.022923,
0.019552,
0.020126,
0.019442,
0.020719,
0.023312,
0.029680,
0.029985,
0.033613,
0.035749,
0.038033,
0.044057,
0.049039,
0.052147,
0.089933,
0.053295,
0.063032,
0.068724,
0.071947,
0.074283,
0.061617,
0.059269,
0.058772,
0.055295,
0.043393,
0.046359,
0.045135,
0.045547,
0.045518,
0.047376,
0.044383,
0.051658,
0.053557,
0.051207,
0.062064,
0.046539,
0.059000,
0.052130,
0.048746,
0.051205,
0.037539,
0.034849,
0.033698,
0.028340,
0.011601,
0.014736,
0.010847,
0.011135,
0.011324,
0.015488,
0.014189,
0.026802,
0.026786,
0.027951,
0.031957,
0.024078,
0.042815,
0.030663,
0.025367,
0.033962,
0.027767,
0.024237,
0.024436,
0.022408,
0.004971,
0.010789,
0.005959,
0.007383,
0.007919,
0.011957,
0.011342,
0.024993,
0.018382,
0.023719,
0.024562,
0.024315,
0.024171,
0.024051,
0.023824,
0.023621,
0.023458,
0.023363,
0.023331,
0.023349,
0.023427,
0.023529,
0.023644,
0.023785,
0.024009,
0.024301,
0.024688,
0.025185,
0.025850,
0.026640,
0.027617,
0.028770,
0.030035,
0.031406,
0.033027,
0.034675,
0.036447,
0.038169,
0.039764,
0.041422,
0.042835,
0.043380,
0.043727,
0.044026,
0.044489,
0.045196,
0.046105,
0.047515,
0.049203,
0.051170,
0.053128,
0.054353,
0.055069,
0.055397,
0.055938,
0.056795,
0.057517,
0.058381,
0.058806,
0.059311,
0.060151,
0.061528,
0.063715,
0.067468,
0.072298,
0.077449,
0.082625,
0.087391,
0.091386,
0.093714,
0.094005,
0.093183,
0.091213,
0.087776,
0.083471,
0.078647,
0.074728,
0.072238,
0.070070,
0.068455,
0.067403,
0.066456,
0.065559,
0.064594,
0.063633,
0.062842,
0.062313,
0.061815,
0.061233,
0.060559,
0.059756,
0.058856,
0.058114,
0.057541,
0.057267,
0.057128,
0.057154,
0.057325,
0.057629,
0.058001,
0.058425,
0.058917,
0.059488,
0.060098,
0.060769,
0.061445,
0.062167,
0.062935,
0.063747,
0.064597,
0.065507,
0.066480,
0.067525,
0.068609,
0.069728,
0.070887,
0.072056,
0.073230,
0.074407,
0.075632,
0.076875,
0.078105,
0.079385,
0.080714,
0.082091,
0.083486,
0.084935,
0.086444,
0.088026,
0.089623,
0.091264,
0.093009,
0.094747,
0.096443,
0.098099,
0.099659,
0.101196,
0.102704,
0.104213,
0.105751,
0.107367,
0.109099,
0.110946,
0.112810,
0.114686,
0.116557,
0.118339,
0.069951,
0.053468,
0.049051,
0.047471,
0.051254,
0.041680,
0.063783,
0.063434,
0.062266,
0.071858,
0.036039,
0.022995,
0.015773,
0.012993,
0.015187,
0.016225,
0.017788,
0.020910,
0.020159,
0.056909,
0.022680,
0.021487,
0.022956,
0.023774,
0.025034,
0.025678,
0.027939,
0.028291,
0.030916,
0.034378,
0.032240,
0.032676,
0.033547,
0.034216,
0.034465,
0.036472,
0.038427,
0.032078,
0.034273,
0.052323,
0.035015,
0.032337,
0.032351,
0.033283,
0.035232,
0.037025,
0.040568,
0.043872,
0.048724,
0.054487,
0.058835,
0.063779,
0.068591,
0.072260,
0.074931,
0.077918,
0.082444,
0.072469,
0.071035,
0.079919,
0.069971,
0.066873,
0.063390,
0.062149,
0.061278,
0.059030,
0.059111,
0.057489,
0.056791,
0.054644,
0.051517,
0.049195,
0.048066,
0.045847,
0.044357,
0.045043,
0.054260,
0.040592,
0.038244,
0.040750,
0.035226,
0.036521,
0.033858,
0.034233,
0.036613,
0.034255,
0.037620,
0.038387,
0.037059,
0.031068,
0.027453,
0.026384,
0.025922,
0.026676,
0.026224,
0.029952,
0.049220,
0.029637,
0.024583,
0.022173,
0.022220,
0.022362,
0.022506,
0.022420,
0.022097,
0.021617,
0.021004,
0.020208,
0.019199,
0.018191,
0.017100,
0.015975,
0.014874,
0.013983,
0.013390,
0.012955,
0.012840,
0.012901,
0.013094,
0.013413,
0.013898,
0.014387,
0.014898,
0.015725,
0.016838,
0.018018,
0.019012,
0.019860,
0.020684,
0.021356,
0.021742,
0.021915,
0.022046,
0.022240,
0.022309,
0.022339,
0.022458,
0.022799,
0.023161,
0.023798,
0.024577,
0.025440,
0.026365,
0.027258,
0.027971,
0.028596,
0.029009,
0.029370,
0.029640,
0.029711,
0.029486,
0.029345,
0.029119,
0.028759,
0.028274,
0.027890,
0.027528,
0.027372,
0.027434,
0.027565,
0.027742,
0.027964,
0.028066,
0.028090,
0.027959,
0.027991,
0.028022,
0.028140,
0.028795,
0.029583,
0.030529,
0.031428,
0.032500,
0.034124,
0.035926,
0.037646,
0.039325,
0.040880,
0.042745,
0.044712,
0.046413,
0.048178,
0.049531,
0.050578,
0.051337,
0.051683,
0.051808,
0.051581,
0.051374,
0.051310,
0.051411,
0.051482,
0.051470,
0.051645,
0.051638,
0.051620,
0.051519,
0.051417,
0.051238,
0.051106,
0.051030,
0.050829,
0.050388,
0.049827,
0.049280,
0.048729,
0.048347,
0.048048,
0.047782,
0.047618,
0.047286,
0.047079,
0.047165,
0.047418,
0.047826,
0.048393,
0.048898,
0.049372,
0.049935,
0.050645,
0.051351,
0.051756,
0.051869,
0.051953,
0.052366,
0.053527,
0.055150,
0.056581,
0.057951,
0.059000,
0.059877,
0.060965,
0.061807,
0.062401,
0.062635,
0.062822,
0.063332,
0.064156,
0.066514,
0.069516,
0.072824,
0.077080,
0.081869,
0.087591,
0.094710,
0.102932,
0.111671,
0.120978,
0.131418,
0.142324,
0.152418,
0.161200,
0.167881,
0.173726,
0.180193,
0.186976,
0.193903,
0.201155,
0.208436,
0.215223,
0.220408,
0.225067,
0.229996,
0.238298,
0.247835,
0.257298,
0.266427,
0.277450,
0.286913,
0.294959,
0.301583,
0.307714,
0.313372,
0.318835,
0.323793,
0.328184,
0.332233,
0.334758,
0.336616,
0.337079,
0.335130,
0.333700,
0.332680,
0.332602,
0.332684,
0.332934,
0.332543,
0.326433,
0.319945,
0.314367,
0.309374,
0.305677,
0.301310,
0.296806,
0.291353,
0.285829,
0.281452,
0.278037,
0.276106,
0.275544,
0.276828,
0.279452,
0.285716,
0.295030,
0.305051,
0.316110,
0.328848,
0.343442,
0.358299,
0.374361,
0.391252,
0.409229,
0.428674,
0.450156,
0.471067,
0.491270,
0.511700,
0.533867,
0.557050,
0.580969,
0.604582,
0.628770,
0.652366,
0.675795,
0.699152,
0.720772,
0.740122,
0.757320,
0.771302,
0.781732,
0.790009,
0.795311,
0.798979,
0.800784,
0.801070,
0.798025,
0.792614,
0.787353,
0.781776,
0.773904,
0.763965,
0.753637,
0.744257,
0.733412,
0.721403,
0.708027,
0.695033,
0.683576,
0.673717,
0.665158,
0.658966,
0.653458,
0.647372,
0.640928,
0.636639,
0.634954,
0.634875,
0.637029,
0.641872,
0.648686,
0.656575,
0.661906,
0.666896,
0.671542,
0.675269,
0.678017,
0.681953,
0.681873,
0.678211,
0.673953,
0.666928,
0.656954,
0.644816,
0.632273,
0.618481,
0.604583,
0.589292,
0.572351,
0.554200,
0.534879,
0.515307,
0.495461,
0.475376,
0.455121,
0.434433,
0.413187,
0.392960,
0.373287,
0.354568,
0.336519,
0.319671,
0.304383,
0.290598,
0.278602,
0.268157,
0.259226,
0.252031,
0.246442,
0.242204,
0.239069,
0.237208,
0.236596,
0.237141,
0.238554,
0.241042,
0.244829,
0.249457,
0.255076,
0.261665,
0.269140,
0.277587,
0.287025,
0.297070,
0.307357,
0.332701,
0.358368,
0.384092,
0.409620,
0.435650,
0.461992,
0.488604,
0.515777,
0.543514,
0.571024,
0.598895,
0.626524,
0.653933,
0.681270,
0.708200,
0.734515,
0.760440,
0.786167,
0.811663,
0.837304,
0.863057,
0.888974,
0.915054,
0.941188,
0.967772,
0.994934,
1.022547,
1.050054,
1.077976,
1.106901,
1.136688,
1.167162,
1.198502,
1.230962,
1.264601,
1.300336,
1.337628,
1.376372,
1.415993,
1.456885,
1.498975,
1.542413,
1.587653,
1.632931,
1.679581,
1.727092,
1.775315,
0.772193,
0.808940,
0.817746,
0.824865,
0.846588,
0.848687,
0.869131,
0.885078,
0.896169,
0.903694,
0.933822,
0.981003,
0.984498,
1.012172,
1.004352,
1.028008,
1.045754,
1.043200,
1.045450,
1.438239,
1.143444,
1.142972,
1.188545,
1.178124,
1.218667,
1.201302,
1.203136,
1.238417,
1.227364,
1.218679,
1.244206,
1.274398,
1.276927,
1.292169,
1.285379,
1.300009,
1.319373,
1.317179,
1.372448,
1.526135,
1.352551,
1.387565,
1.414178,
1.427100,
1.434605,
1.450217,
1.438447,
1.433692,
1.446175,
1.454684,
1.474165,
1.483451,
1.485979,
0.301554,
0.398518,
0.321230,
0.287042,
0.308034,
0.412118,
0.309359,
0.255356,
0.343548,
0.294018,
0.344284,
0.366422,
0.331002,
0.342136,
0.366562,
0.393881,
0.385729,
0.392806,
0.396670,
0.487300,
0.500626,
0.448737,
0.430397,
0.390978,
0.408782,
0.427627,
0.306539,
0.333725,
0.401799,
0.349466,
0.394365,
0.398282,
0.359862,
0.390398,
0.342004,
0.328728,
0.408436,
0.414104,
0.659385,
0.452080,
0.411614,
0.382257,
0.347570,
0.336135,
0.368506,
0.387426,
0.457883,
0.408641,
0.456178,
0.402978,
0.442140,
0.464144,
0.436196,
0.472282,
0.456186,
0.457172,
0.511896,
0.511860,
0.701157,
0.584822,
0.614042,
0.626481,
0.583158,
0.579212,
0.624341,
0.655037,
0.733486,
0.670831,
0.756298,
0.684825,
0.755775,
0.824493,
0.830928,
0.896623,
1.007526,
1.090533,
0.982126,
0.935226,
1.007118,
0.898400,
1.083602,
1.074028,
1.146262,
1.046905,
1.135866,
1.129350,
1.277761,
1.235694,
1.257856,
1.121485,
1.248710,
1.240134,
1.213498,
0.315768,
0.348414,
0.395152,
0.339708,
0.345230,
0.303638,
0.337053,
0.315936,
0.336215,
0.325643,
0.351955,
0.354211,
0.356502,
0.377178,
0.405850,
0.428170,
0.425354,
0.434808,
0.456108,
0.437196,
0.345458,
0.337783,
0.333769,
0.323106,
0.309786,
0.303171,
0.297717,
0.285041,
0.288250,
0.280660,
0.255741,
0.242625,
0.232460,
0.218479,
0.212839,
0.213432,
0.208390,
0.203434,
0.198595,
0.204659,
0.194789,
0.184095,
0.171690,
0.160800,
0.157388,
0.142985,
0.130832,
0.120475,
0.105412,
0.121257,
0.118781,
0.154424,
0.189578,
0.203865,
0.213961,
0.258430,
0.321293,
0.385065,
0.432406,
0.506339,
0.535113,
0.531817,
0.496842,
0.453834,
0.447479,
0.417293,
0.362564,
0.373972,
0.349079,
0.397063,
0.381646,
0.336972,
0.316982,
0.330021,
0.347452,
0.390250,
0.430954,
0.387227,
0.360949,
0.440208,
0.479094,
0.450570,
0.412146,
0.403036,
0.435765,
0.419201,
0.376914,
0.444061,
0.331344,
0.377643,
0.471142,
0.357882,
0.352081,
0.378889,
0.324034,
0.314168,
0.383530,
0.342361,
0.423930,
0.168750,
0.162579,
0.154119,
0.135358,
0.122193,
0.110232,
0.098750,
0.087956,
0.078713,
0.074724,
0.077470,
0.087948,
0.103561,
0.114655,
0.120983,
0.123603,
0.122940,
0.114406,
0.099583,
0.090551,
0.079797,
0.066401,
0.055088,
0.046230,
0.040000,
0.037710,
0.038558,
0.037558,
0.034415,
0.029068,
0.024123,
0.020333,
0.019305,
0.019218,
0.015522,
0.011685,
0.010369,
0.010205,
0.011709,
0.013980,
0.017143,
0.019991,
0.022205,
0.023054,
0.021897,
0.018705,
0.015260,
0.011794,
0.009405,
0.008897,
0.010126,
0.011647,
0.012534,
0.012262,
0.011024,
0.009908,
0.010251,
0.010965,
0.009583,
0.007631,
0.006535,
0.005647,
0.004987,
0.004519,
0.004494,
0.005232,
0.006668,
0.008188,
0.008880,
0.009118,
0.009900,
0.012548,
0.016422,
0.014859,
0.013812,
0.012227,
0.009287,
0.007031,
0.005892,
0.005658,
0.005772,
0.006217,
0.006792,
0.007590,
0.008836,
0.010811,
0.013745,
0.017895,
0.021413,
0.031026,
0.030735,
0.035465,
0.053181,
0.077108,
0.100118,
0.110861,
0.104858,
0.114978,
0.128548,
0.137315,
0.140846,
0.140828,
0.138748,
0.135722,
0.133276,
0.131709,
0.128495,
0.122137,
0.115048,
0.115606,
0.123371,
0.131891,
0.140638,
0.145853,
0.141549,
0.123623,
0.094912,
0.076547,
0.068466,
0.067555,
0.074539,
0.084744,
0.094226,
0.101228,
0.105404,
0.109680,
0.112711,
0.115988,
0.122892,
0.132959,
0.137696,
0.136282,
0.135735,
0.136844,
0.136438,
0.126431,
0.110066,
0.092255,
0.075588,
0.064200,
0.057203,
0.053317,
0.051278,
0.050550,
0.049768,
0.048534,
0.046230,
0.042864,
0.038667,
0.033844,
0.029081,
0.025001,
0.020634,
0.015448,
0.010324,
0.006560,
0.004642,
0.003891,
0.003638,
0.003645,
0.003679,
0.003637,
0.003506,
0.003428,
0.003443,
0.003648,
0.004051,
0.004474,
0.004918,
0.005249,
0.005278,
0.005235,
0.005108,
0.005179,
0.005487,
0.005649,
0.005510,
0.005580,
0.006038,
0.007141,
0.008669,
0.010229,
0.011569,
0.012435,
0.012837,
0.013239,
0.012927,
0.012420,
0.011619,
0.010347,
0.008831,
0.007590,
0.006867,
0.006793,
0.007304,
0.008255,
0.009508,
0.011473,
0.015416,
0.019348,
0.022788,
0.026470,
0.030386,
0.035215,
0.040943,
0.044127,
0.043368,
0.041204,
0.038175,
0.033531,
0.028282,
0.024322,
0.022066,
0.021405,
0.022155,
0.024025,
0.027508,
0.031739,
0.036529,
0.042215,
0.047704,
0.057941,
0.068738,
0.074530,
0.080332,
0.097365,
0.120941,
0.139766,
0.147762,
0.142928,
0.126485,
0.110193,
0.099528,
0.093012,
0.089267,
0.088394,
0.088174,
0.087927,
0.087491,
0.089276,
0.086066,
0.078100,
0.073227,
0.071385,
0.070555,
0.070136,
0.067276,
0.063150,
0.055803,
0.047945,
0.043492,
0.043031,
0.044905,
0.049031,
0.054764,
0.060596,
0.066243,
0.070073,
0.073559,
0.077458,
0.080393,
0.082623,
0.085394,
0.088733,
0.094815,
0.097733,
0.098669,
0.097335,
0.094583,
0.088388,
0.079838,
0.073131,
0.069196,
0.066776,
0.064177,
0.060765,
0.057047,
0.052526,
0.047907,
0.043476,
0.039506,
0.035982,
0.033500,
0.031274,
0.029056,
0.026997,
0.025290,
0.023761,
0.022519,
0.021689,
0.021252,
0.021274,
0.021623,
0.021652,
0.021538,
0.021461,
0.020715,
0.019644,
0.018620,
0.017894,
0.017769,
0.018066,
0.018691,
0.019853,
0.021500,
0.023610,
0.026349,
0.030526,
0.034787,
0.038776,
0.042051,
0.044755,
0.046458,
0.046538,
0.045443,
0.043901,
0.041641,
0.039202,
0.037169,
0.034944,
0.033927,
0.036046,
0.038912,
0.042308,
0.046285,
0.049590,
0.053564,
0.057928,
0.059650,
0.060684,
0.061693,
0.063346,
0.066164,
0.067969,
0.068658,
0.066461,
0.062933,
0.058912,
0.054741,
0.050788,
0.048014,
0.045697,
0.044550,
0.044759,
0.046225,
0.048340,
0.052301,
0.058550,
0.065635,
0.074023,
0.083592,
0.093630,
0.102233,
0.107136,
0.104155,
0.098725,
0.093424,
0.086829,
0.079513,
0.071952,
0.063284,
0.054920,
0.048794,
0.044667,
0.041592,
0.038921,
0.037647,
0.038663,
0.041713,
0.043548,
0.043730,
0.042831,
0.041101,
0.039076,
0.037428,
0.036186,
0.035425,
0.035224,
0.036456,
0.039142,
0.042758,
0.046682,
0.051056,
0.054956,
0.057591,
0.060379,
0.063229,
0.066110,
0.069049,
0.071838,
0.074134,
0.076300,
0.078064,
0.079548,
0.080567,
0.080998,
0.080084,
0.078547,
0.076202,
0.072411,
0.068414,
0.064758,
0.061666,
0.059280,
0.057187,
0.056232,
0.056272,
0.056541,
0.056505,
0.056465,
0.056537,
0.056705,
0.056835,
0.056042,
0.055515,
0.055324,
0.055259,
0.055242,
0.055181,
0.055362,
0.055783,
0.056830,
0.058347,
0.060481,
0.062727,
0.065323,
0.068241,
0.071253,
0.073990,
0.075891,
0.076761,
0.076307,
0.075066,
0.073372,
0.071421,
0.069396,
0.066737,
0.064949,
0.064104,
0.063980,
0.064636,
0.065648,
0.066945,
0.068642,
0.070890,
0.072191,
0.072810,
0.072753,
0.072075,
0.069356,
0.066611,
0.065058,
0.063892,
0.063895,
0.066595,
0.067665,
0.067811,
0.068589,
0.068748,
0.068106,
0.065425,
0.061739,
0.059204,
0.056582,
0.053433,
0.049811,
0.046091,
0.043233,
0.040670,
0.037503,
0.034922,
0.032697,
0.031141,
0.030396,
0.030304,
0.030518,
0.031488,
0.032105,
0.032585,
0.032760,
0.032647,
0.032408,
0.031774,
0.030724,
0.029126,
0.027040,
0.025262,
0.023942,
0.023039,
0.021814,
0.021242,
0.021158,
0.021229,
0.020779,
0.020919,
0.021624,
0.022295,
0.023014,
0.023811,
0.025000,
0.026494,
0.028202,
0.029860,
0.031395,
0.033013,
0.035153,
0.037353,
0.039184,
0.040593,
0.041253,
0.041640,
0.041656,
0.041910,
0.042182,
0.042676,
0.043309,
0.043711,
0.044823,
0.046671,
0.048611,
0.051032,
0.054083,
0.057802,
0.062360,
0.067725,
0.072966,
0.078957,
0.084970,
0.090243,
0.095092,
0.099577,
0.103895,
0.108204,
0.112089,
0.116387,
0.120190,
0.124579,
0.128769,
0.133870,
0.139257,
0.144798,
0.150954,
0.156647,
0.162036,
0.167324,
0.169530,
0.169741,
0.168749,
0.168182,
0.169299,
0.171637,
0.175664,
0.181967,
0.190551,
0.201584,
0.211553,
0.221613,
0.230815,
0.241356,
0.253648,
0.267582,
0.279624,
0.290566,
0.302716,
0.316515,
0.331292,
0.341445,
0.351636,
0.360996,
0.370227,
0.381553,
0.392825,
0.400799,
0.408742,
0.416635,
0.422019,
0.427175,
0.432538,
0.436996,
0.442745,
0.448625,
0.451326,
0.451675,
0.442721,
0.430866,
0.425732,
0.420171,
0.414500,
0.408482,
0.403742,
0.403391,
0.404697,
0.406195,
0.411893,
0.419640,
0.426695,
0.432089,
0.434545,
0.430616,
0.423285,
0.407720,
0.388602,
0.368114,
0.346350,
0.326806,
0.308119,
0.289376,
0.271833,
0.258151,
0.247376,
0.238307,
0.231979,
0.227861,
0.224902,
0.213665,
0.204344,
0.196269,
0.189130,
0.181464,
0.172993,
0.163953,
0.154885,
0.146652,
0.139524,
0.133503,
0.128763,
0.124787,
0.120355,
0.116167,
0.112330,
0.109223,
0.106574,
0.104603,
0.103666,
0.103348,
0.103984,
0.105515,
0.107883,
0.110465,
0.113757,
0.117328,
0.121089,
0.125145,
0.129552,
0.134589,
0.140013,
0.144945,
0.149759,
0.153986,
0.157152,
0.159311,
0.160478,
0.160220,
0.159096,
0.156776,
0.153502,
0.149706,
0.145743,
0.141842,
0.138368,
0.135586,
0.133238,
0.131356,
0.129815,
0.128263,
0.127035,
0.126534,
0.139829,
0.153725,
0.168232,
0.183494,
0.199655,
0.216999,
0.235249,
0.254352,
0.273828,
0.294054,
0.314927,
0.336054,
0.357301,
0.378927,
0.400316,
0.421612,
0.443568,
0.466110,
0.489290,
0.513177,
0.537450,
0.561847,
0.586596,
0.612615,
0.639763,
0.668060,
0.697399,
0.728789,
0.762025,
0.797888,
0.836163,
0.876175,
0.917375,
0.960945,
1.007365,
1.055753,
1.106321,
1.159515,
1.214117,
1.270516,
1.328421,
1.388516,
1.450853,
1.514709,
1.579675,
1.644964,
1.710776,
0.720122,
0.721173,
0.723770,
0.728580,
0.740540,
0.743141,
0.794972,
0.772255,
0.777909,
0.797038,
0.806662,
0.838050,
0.846027,
0.882078,
0.875883,
0.895888,
0.910642,
0.904444,
0.913398,
1.497365,
0.982709,
0.981199,
1.024362,
1.008557,
1.032924,
1.020562,
1.022453,
1.060342,
1.054157,
1.049535,
1.061534,
1.093122,
1.094067,
1.109539,
1.114092,
1.129109,
1.148378,
1.149742,
1.190891,
1.398008,
1.178479,
1.206636,
1.223718,
1.227299,
1.236222,
1.251640,
1.241385,
1.235303,
1.240455,
1.238463,
1.255012,
1.258044,
1.261721,
0.180310,
0.165509,
0.175194,
0.178109,
0.175887,
0.180989,
0.147957,
0.137426,
0.170102,
0.168719,
0.161944,
0.171228,
0.164131,
0.158079,
0.125755,
0.132266,
0.131106,
0.137916,
0.176600,
0.449878,
0.195488,
0.164545,
0.160018,
0.162853,
0.163458,
0.143174,
0.120939,
0.144132,
0.162581,
0.167617,
0.163545,
0.168744,
0.169357,
0.163837,
0.167158,
0.173601,
0.181073,
0.187705,
0.202787,
0.232227,
0.173832,
0.155412,
0.150398,
0.151912,
0.174142,
0.198698,
0.265373,
0.284053,
0.285905,
0.312875,
0.311688,
0.312581,
0.325874,
0.315401,
0.333424,
0.335926,
0.346540,
0.345091,
0.365698,
0.305967,
0.347145,
0.357622,
0.373844,
0.373714,
0.385881,
0.399094,
0.416258,
0.426979,
0.436446,
0.465767,
0.453971,
0.450743,
0.469500,
0.465214,
0.488637,
0.497060,
0.531970,
0.515290,
0.526426,
0.440319,
0.478854,
0.522685,
0.559024,
0.573099,
0.557395,
0.535385,
0.541313,
0.515124,
0.542281,
0.519896,
0.486627,
0.503127,
0.522868,
0.342041,
0.342091,
0.338411,
0.331502,
0.395389,
0.317594,
0.250960,
0.252473,
0.269540,
0.283338,
0.251447,
0.268308,
0.261904,
0.254740,
0.239781,
0.267188,
0.264758,
0.299253,
0.341968,
0.311725,
0.279355,
0.274314,
0.273559,
0.280648,
0.289440,
0.276011,
0.275879,
0.299859,
0.293869,
0.310533,
0.268547,
0.265959,
0.257600,
0.261620,
0.253905,
0.253937,
0.258386,
0.264790,
0.347438,
0.463606,
0.337535,
0.275442,
0.286053,
0.299377,
0.320342,
0.308900,
0.336261,
0.407400,
0.399525,
0.401144,
0.370265,
0.392860,
0.408541,
0.432085,
0.416607,
0.440158,
0.482435,
0.499831,
0.649931,
0.945022,
0.664156,
0.580349,
0.641374,
0.681747,
0.728490,
0.716699,
0.772969,
0.867565,
0.864230,
0.861195,
0.807733,
0.826374,
0.809030,
0.797274,
0.756507,
0.783939,
0.833467,
0.873657,
1.032023,
1.401581,
0.809132,
0.816290,
0.887872,
0.868656,
0.894576,
0.864593,
0.889783,
0.962819,
0.913787,
0.846272,
0.753169,
0.735134,
0.725669,
0.692535,
0.765809,
0.831003,
0.823235,
0.846385,
0.918425,
1.291637,
1.299430,
1.309702,
1.323238,
1.343037,
1.364744,
1.390495,
1.414508,
1.445146,
1.481263,
1.514438,
1.541398,
1.566854,
1.583864,
1.600036,
1.616603,
1.631749,
0.482502,
0.533858,
0.468706,
0.415884,
0.397480,
0.373670,
0.356626,
0.340824,
0.363915,
0.309769,
0.359922,
0.370954,
0.346149,
0.337596,
0.352760,
0.352733,
0.319437,
0.245034,
0.193908,
0.220589,
0.221639,
0.296787,
0.302989,
0.273422,
0.281279,
0.272818,
0.262880,
0.271912,
0.271888,
0.271259,
0.251128,
0.244084,
0.247786,
0.210416,
0.256328,
0.261291,
0.193955,
0.190995,
0.132253,
0.178887,
0.297521,
0.316767,
0.330758,
0.312507,
0.316121,
0.328320,
0.296326,
0.356937,
0.307443,
0.348612,
0.311464,
0.287520,
0.304004,
0.263709,
0.279099,
0.280681,
0.253960,
0.260417,
0.228146,
0.260433,
0.405501,
0.368180,
0.414236,
0.426278,
0.441922,
0.479925,
0.401761,
0.510134,
0.464151,
0.552400,
0.521544,
0.474721,
0.490261,
0.455102,
0.452141,
0.441870,
0.417819,
0.423679,
0.500532,
0.492324,
0.353901,
0.374710,
0.366665,
0.454110,
0.391629,
0.406634,
0.330854,
0.425486,
0.467052,
0.617406,
0.582109,
0.593454,
0.612987,
0.526393,
0.503987,
0.486231,
0.427697,
0.375051,
0.390377,
0.541984,
0.524337,
0.514172,
0.509946,
0.509205,
0.512773,
0.521134,
0.533531,
0.540822,
0.541536,
0.540058,
0.537856,
0.534193,
0.527734,
0.522563,
0.519855,
0.517972,
0.517364,
0.522749,
0.529386,
0.537473,
0.546756,
0.556952,
0.568749,
0.578205,
0.585040,
0.591939,
0.596284,
0.597165,
0.597032,
0.598209,
0.599282,
0.601069,
0.601779,
0.601441,
0.598928,
0.596659,
0.590756,
0.580812,
0.568288,
0.553254,
0.536902,
0.517910,
0.497784,
0.477515,
0.458319,
0.442308,
0.429372,
0.419760,
0.412644,
0.405209,
0.397290,
0.389295,
0.381478,
0.373283,
0.364891,
0.356791,
0.348828,
0.340945,
0.334175,
0.327556,
0.321551,
0.316700,
0.312939,
0.310610,
0.308732,
0.305857,
0.302604,
0.299556,
0.296179,
0.291629,
0.286405,
0.281307,
0.276929,
0.272491,
0.268796,
0.264989,
0.260568,
0.254259,
0.247703,
0.242226,
0.237479,
0.233737,
0.229483,
0.225759,
0.222144,
0.218767,
0.216057,
0.214406,
0.213227,
0.212737,
0.213743,
0.215801,
0.219612,
0.225313,
0.232467,
0.240817,
0.250547,
0.259945,
0.267702,
0.275044,
0.281789,
0.288477,
0.295068,
0.301407,
0.306958,
0.310685,
0.311727,
0.310496,
0.307906,
0.306117,
0.307479,
0.313858,
0.325015,
0.337678,
0.347513,
0.354079,
0.362161,
0.370242,
0.377429,
0.383437,
0.390124,
0.397847,
0.406046,
0.414791,
0.423581,
0.433877,
0.444993,
0.456257,
0.468558,
0.482552,
0.497933,
0.517564,
0.542339,
0.567138,
0.590154,
0.611860,
0.305881,
0.329389,
0.336530,
0.317764,
0.294095,
0.294206,
0.294720,
0.267877,
0.263039,
0.238231,
0.236460,
0.220231,
0.206694,
0.201985,
0.191193,
0.188671,
0.174772,
0.172959,
0.177484,
0.122713,
0.093197,
0.088416,
0.087267,
0.078091,
0.065687,
0.062428,
0.058373,
0.047740,
0.049251,
0.056971,
0.051064,
0.055130,
0.057908,
0.055082,
0.058596,
0.062669,
0.062719,
0.066474,
0.067048,
0.089141,
0.109337,
0.106105,
0.104651,
0.107819,
0.121905,
0.121789,
0.125092,
0.136448,
0.152457,
0.191945,
0.179280,
0.197531,
0.198151,
0.189245,
0.194222,
0.205019,
0.214521,
0.193386,
0.194101,
0.218813,
0.283074,
0.268750,
0.238618,
0.215095,
0.234900,
0.220781,
0.206606,
0.212811,
0.211247,
0.272394,
0.266248,
0.268066,
0.229340,
0.190355,
0.173943,
0.193819,
0.232066,
0.150328,
0.128648,
0.133770,
0.268770,
0.247757,
0.194918,
0.157403,
0.185381,
0.176678,
0.140639,
0.176209,
0.107685,
0.222096,
0.325792,
0.260367,
0.236918,
0.231150,
0.150298,
0.172673,
0.289010,
0.271150,
0.319830,
0.006799,
0.007063,
0.007317,
0.007556,
0.007799,
0.008061,
0.008318,
0.008613,
0.008898,
0.009176,
0.009436,
0.009670,
0.009928,
0.010178,
0.010408,
0.010615,
0.010864,
0.011097,
0.011322,
0.011590,
0.011867,
0.012118,
0.012325,
0.012470,
0.012563,
0.012675,
0.012761,
0.012818,
0.012851,
0.012852,
0.012806,
0.012822,
0.012828,
0.012780,
0.012696,
0.012562,
0.012408,
0.012205,
0.011943,
0.011671,
0.011436,
0.011174,
0.010894,
0.010632,
0.010395,
0.010151,
0.009913,
0.009690,
0.009464,
0.009243,
0.009005,
0.008715,
0.008393,
0.008040,
0.007663,
0.007280,
0.006894,
0.006551,
0.006242,
0.005933,
0.005607,
0.005284,
0.004958,
0.004687,
0.004475,
0.004314,
0.004140,
0.003974,
0.003856,
0.003715,
0.003556,
0.003396,
0.003258,
0.003201,
0.003240,
0.003393,
0.003634,
0.003944,
0.004383,
0.004975,
0.005748,
0.006914,
0.008419,
0.010194,
0.012235,
0.014583,
0.017348,
0.020448,
0.023824,
0.027850,
0.032333,
0.037202,
0.042558,
0.048092,
0.054117,
0.060600,
0.067568,
0.075075,
0.082476,
0.089989,
0.097784,
0.106132,
0.114578,
0.122943,
0.131214,
0.139131,
0.146579,
0.153535,
0.160778,
0.167380,
0.173705,
0.179838,
0.185944,
0.191779,
0.197129,
0.202751,
0.208414,
0.214319,
0.219659,
0.225836,
0.232093,
0.237197,
0.241502,
0.245676,
0.249750,
0.253073,
0.256514,
0.260315,
0.263696,
0.267336,
0.271234,
0.275265,
0.279462,
0.283663,
0.287410,
0.291486,
0.294963,
0.298669,
0.303722,
0.309677,
0.315689,
0.322751,
0.330059,
0.337722,
0.345195,
0.352575,
0.359658,
0.366717,
0.373916,
0.381222,
0.388448,
0.395605,
0.402306,
0.408728,
0.414874,
0.420326,
0.424853,
0.428457,
0.431616,
0.434183,
0.434812,
0.434684,
0.434119,
0.432956,
0.430782,
0.427387,
0.422835,
0.417389,
0.411093,
0.403771,
0.395483,
0.386255,
0.376834,
0.367343,
0.357455,
0.347739,
0.338086,
0.328340,
0.318469,
0.308583,
0.299085,
0.289840,
0.280880,
0.272183,
0.263701,
0.255885,
0.249068,
0.243072,
0.238073,
0.233620,
0.230325,
0.227597,
0.225526,
0.224498,
0.224367,
0.224950,
0.226139,
0.228022,
0.230304,
0.232456,
0.234808,
0.237333,
0.239433,
0.241665,
0.243924,
0.246211,
0.248462,
0.251550,
0.255135,
0.259230,
0.263167,
0.266524,
0.268809,
0.270574,
0.271709,
0.272111,
0.272116,
0.271663,
0.337085,
0.401084,
0.463450,
0.524881,
0.585051,
0.643905,
0.701429,
0.757766,
0.813015,
0.867063,
0.919903,
0.971659,
1.022261,
1.071742,
1.120208,
1.167565,
1.213777,
1.258901,
1.303066,
1.346064,
1.387472,
1.427519,
1.466183,
1.503127,
1.538188,
1.570991,
1.601869,
1.630997,
1.658373,
1.683993,
1.707854,
1.729683,
1.749511,
1.767247,
1.783533,
1.798216,
1.811418,
1.823181,
1.833357,
1.842388,
1.850568,
1.857985,
1.864534,
1.870463,
1.876215,
1.882047,
1.888098,
1.894669,
1.901886,
1.910184,
1.919687,
1.930760,
1.943637,
1.961235,
1.980731,
2.002119,
2.025791,
2.051942,
2.080597,
2.111750,
2.145151,
2.180502,
2.217773,
2.256740,
2.297192,
2.338920,
2.381651,
2.424978,
2.468619,
2.512314,
2.556062,
2.599140,
2.641134,
2.682068,
2.721678,
2.759611,
2.795618,
2.829476,
2.861669,
2.891590,
2.919088,
2.944452,
2.967788,
2.989096,
3.008451,
3.026213,
3.042485,
3.057668,
3.071950,
3.085547,
3.098716,
3.111637,
3.124626,
3.137815,
3.151434,
3.165658,
3.180682,
3.196731,
3.213804,
3.232116,
2.997271,
3.146623,
3.311852,
3.617309,
3.498012,
3.138819,
3.000295,
2.931011,
2.997432,
3.164828,
3.019051,
3.026900,
3.021384,
3.246915,
3.054564,
3.095264,
3.377008,
3.365769,
3.121863,
1.842670,
1.848286,
2.196114,
2.333256,
2.252940,
1.911540,
1.839621,
1.716753,
1.527522,
1.503441,
1.514233,
1.341220,
1.225819,
1.256925,
1.166992,
1.089738,
1.041740,
0.931381,
0.916325,
0.951333,
1.398883,
0.846360,
0.724534,
0.566927,
0.657453,
0.562889,
0.542307,
0.506319,
0.497801,
0.492602,
0.485800,
0.498672,
0.490723,
0.503293,
0.254353,
0.705398,
0.745108,
0.802267,
0.486450,
0.453576,
0.244637,
0.215208,
0.278454,
0.483723,
0.407571,
0.285036,
0.258277,
0.212285,
0.194176,
0.263301,
0.221429,
0.289095,
0.363868,
0.354000,
0.189535,
0.537810,
0.391364,
0.587993,
0.252624,
0.229493,
0.157093,
0.095461,
0.189854,
0.356366,
0.287391,
0.173095,
0.159119,
0.132320,
0.146119,
0.168803,
0.148492,
0.111265,
0.107204,
0.168907,
0.153861,
0.286435,
0.211114,
0.258258,
0.165888,
0.058398,
0.243033,
0.283894,
0.348566,
0.501420,
0.462072,
0.443910,
0.372795,
0.285820,
0.195347,
0.197310,
0.154289,
0.138561,
0.161101,
0.159091,
0.163577,
0.155200,
0.152900,
0.143157,
0.120526,
0.209608,
0.405353,
0.514987,
0.488600,
0.502507,
0.392993,
0.364579,
0.336221,
0.311026,
0.280112,
0.265366,
0.218779,
0.182159,
0.181260,
0.198756,
0.267915,
0.325013,
0.447172,
0.539280,
0.579930,
0.567986,
0.442538,
0.457744,
0.462820,
0.492458,
0.511965,
0.540131,
0.548067,
0.356482,
0.343618,
0.302179,
0.303132,
0.319063,
0.316243,
0.321866,
0.273935,
0.243189,
0.350388,
0.531714,
0.668109,
0.695252,
0.736912,
0.755147,
0.797478,
0.903098,
0.885506,
0.911745,
0.999885,
0.941226,
0.793209,
0.645999,
0.494764,
0.475466,
0.531285,
0.461197,
0.465003,
0.492149,
0.544944,
0.602759,
0.621930,
0.584792,
0.542140,
0.507237,
0.642452,
0.646020,
0.616812,
0.497351,
0.411112,
0.376324,
0.352085,
0.346251,
0.331079,
0.338918,
0.349879,
0.388074,
0.431637,
0.529631,
0.548681,
0.536994,
0.555114,
0.598596,
0.638222,
0.639998,
0.603765,
0.514084,
0.558666,
0.543226,
0.438101,
0.474141,
0.461490,
0.431661,
0.430915,
0.458892,
0.463803,
0.510112,
0.541631,
0.553452,
0.537181,
0.513560,
0.529204,
0.540041,
0.590772,
0.627509,
0.592314,
0.512040,
0.651326,
0.722746,
0.816815,
0.872435,
1.013288,
1.055697,
1.080972,
1.082487,
1.025838,
1.063600,
1.103228,
1.075643,
0.954395,
0.867266,
0.897615,
0.929333,
0.978396,
1.069901,
1.233287,
1.317253,
1.573377,
1.651859,
1.690992,
1.605727,
1.571980,
1.422378,
1.303334,
1.246212,
1.213299,
1.189183,
1.235542,
1.330222,
1.433888,
1.493964,
1.485215,
1.471751,
1.478952,
1.535255,
1.962191,
1.565663,
1.844645,
1.991460,
1.943402,
1.745590,
1.579602,
1.358152,
1.101794,
0.946217,
0.907289,
0.885971,
0.951141,
0.971091,
0.949306,
0.887795,
0.804770,
0.732647,
0.684907,
1.043301,
1.464596,
1.575629,
1.699065,
1.841774,
1.869885,
1.794342,
1.673551,
1.603535,
1.619274,
1.671221,
1.678130,
1.563978,
1.529895,
1.480513,
1.431824,
1.387226,
1.268934,
1.123101,
1.092556,
1.012776,
0.899667,
0.917034,
0.997086,
1.256145,
1.488891,
1.483769,
1.387591,
1.444160,
1.703208,
1.784192,
1.618133,
1.374904,
1.278403,
1.220133,
1.120359,
1.026207,
0.881221,
0.748093,
0.682626,
0.669943,
0.476925,
0.508431,
0.446802,
0.442076,
0.417808,
0.394399,
0.360795,
0.347250,
0.352776,
0.334677,
0.398259,
0.368816,
0.374174,
0.389248,
0.382994,
0.397423,
0.368870,
0.352468,
0.377225,
0.456274,
0.280696,
0.370033,
0.330554,
0.397921,
0.466367,
0.448260,
0.452480,
0.441674,
0.529159,
0.502141,
0.621506,
0.589520,
0.571887,
0.604370,
0.587512,
0.598945,
0.577983,
0.511863,
0.551558,
0.616320,
0.560992,
0.585503,
0.601786,
0.597932,
0.580534,
0.537791,
0.518835,
0.530264,
0.559509,
0.599575,
0.625411,
0.644738,
0.656788,
0.635328,
0.656796,
0.692167,
0.700142,
0.686468,
0.611041,
0.572698,
0.560374,
0.562360,
0.557150,
0.534991,
0.514617,
0.502676,
0.498825,
0.498487,
0.495272,
0.498041,
0.502407,
0.506570,
0.516453,
0.518212,
0.511236,
0.503175,
0.469652,
0.440932,
0.425715,
0.416154,
0.410612,
0.399208,
0.382047,
0.367750,
0.356465,
0.350463,
0.348526,
0.375425,
0.374899,
0.346543,
0.325455,
0.312584,
0.305554,
0.319552,
0.320100,
0.319707,
0.310687,
0.284860,
0.261025,
0.236784,
0.217304,
0.205977,
0.196044,
0.193567,
0.182079,
0.166724,
0.153965,
0.146003,
0.139178,
0.133283,
0.129421,
0.126086,
0.124536,
0.123451,
0.123229,
0.124989,
0.128301,
0.129565,
0.128499,
0.122600,
0.116222,
0.107102,
0.096000,
0.093134,
0.095451,
0.103203,
0.108290,
0.102024,
0.091735,
0.087634,
0.084543,
0.092952,
0.093703,
0.096112,
0.094511,
0.089402,
0.083921,
0.083566,
0.091443,
0.102962,
0.114385,
0.124768,
0.136295,
0.150004,
0.164990,
0.177213,
0.184520,
0.182522,
0.177240,
0.175689,
0.178371,
0.184123,
0.193431,
0.206347,
0.213695,
0.208508,
0.200858,
0.188970,
0.185814,
0.191696,
0.201041,
0.208712,
0.211644,
0.212237,
0.209429,
0.206305,
0.206035,
0.209497,
0.209884,
0.210219,
0.212664,
0.218581,
0.226012,
0.232305,
0.237555,
0.243985,
0.251321,
0.016017,
0.038350,
0.033562,
0.053437,
0.058973,
0.061865,
0.094257,
0.081097,
0.075680,
0.081637,
0.049917,
0.040091,
0.036647,
0.025340,
0.032547,
0.028489,
0.020517,
0.039958,
0.034371,
0.070306,
0.045508,
0.041594,
0.041028,
0.036730,
0.039118,
0.045858,
0.059189,
0.061301,
0.072795,
0.089851,
0.081494,
0.067579,
0.059030,
0.054440,
0.054776,
0.057438,
0.065304,
0.055083,
0.054545,
0.057751,
0.091873,
0.062995,
0.044572,
0.034557,
0.033189,
0.026872,
0.020898,
0.023856,
0.045076,
0.081390,
0.085094,
0.094746,
0.082205,
0.071801,
0.083278,
0.116193,
0.145638,
0.089210,
0.075764,
0.033972,
0.139340,
0.094568,
0.055835,
0.035492,
0.044620,
0.043925,
0.043836,
0.042831,
0.097249,
0.171496,
0.182036,
0.207114,
0.160414,
0.112467,
0.133360,
0.206625,
0.270823,
0.208912,
0.186684,
0.097822,
0.317209,
0.294089,
0.215596,
0.184998,
0.209626,
0.229000,
0.237876,
0.204235,
0.277181,
0.449085,
0.492254,
0.546932,
0.538769,
0.483614,
0.471133,
0.532039,
0.620161,
0.628331,
0.551953,
0.251076,
0.260790,
0.270905,
0.273948,
0.269250,
0.263441,
0.257580,
0.249311,
0.241950,
0.237866,
0.236035,
0.234732,
0.233222,
0.230248,
0.231442,
0.230497,
0.227021,
0.220867,
0.216915,
0.208563,
0.192972,
0.172856,
0.157720,
0.148858,
0.141215,
0.135040,
0.131765,
0.125882,
0.117461,
0.109268,
0.103569,
