0.048030,0.048030,57.696620,5079.206930,-0.467830,45.000100,7.032860,2.619925,0.000000
0.102669,0.102671,57.628930,5074.842092,-0.430219,45.000276,7.087957,2.640450,0.000000
0.157253,0.157260,57.566963,5070.433757,-0.391724,45.000504,7.137586,2.658939,0.000000
0.211798,0.211803,57.510847,5065.985136,-0.352458,45.000790,7.181528,2.675308,0.000000
0.266291,0.266301,57.460666,5061.499614,-0.312523,45.001137,7.219586,2.689486,0.000000
0.320739,0.320749,57.416503,5056.980722,-0.272031,45.001536,7.251596,2.701410,0.000000
0.375144,0.375154,57.378431,5052.432108,-0.231091,45.001999,7.277423,2.711032,0.000000
0.429491,0.429511,57.346482,5047.857511,-0.189836,45.002516,7.296965,2.718311,0.000000
0.483792,0.483822,57.321205,5043.259262,-0.148361,45.003089,7.309612,2.723023,0.000000
0.538041,0.538074,57.302252,5038.643034,-0.106823,45.003728,7.315714,2.725296,0.000000
0.592240,0.592287,57.289454,5034.013311,-0.065342,45.004422,7.315433,2.725191,0.000000
0.646408,0.646436,57.281921,5029.375556,-0.037191,44.965847,7.309705,2.723057,-19.353516
0.700589,0.700470,57.277261,5024.736958,-0.024779,44.881082,7.301010,2.719818,-36.999999
0.754795,0.754384,57.274416,5020.100899,-0.012672,44.796411,7.290460,2.715888,-36.999999
0.809028,0.808164,57.273334,5015.468606,-0.000885,44.711851,7.278117,2.711290,-36.999999
0.863297,0.861816,57.274068,5010.841628,0.010518,44.627436,7.263947,2.706011,-36.999999
0.917585,0.915327,57.276525,5006.221218,0.021517,44.543186,7.248053,2.700090,-36.999999
0.971908,0.968720,57.280570,5001.608232,0.032113,44.459115,7.230592,2.693586,-36.999999
1.026262,1.021980,57.286127,4997.003735,0.042273,44.375232,7.211645,2.686527,-36.999999
1.080641,1.075118,57.293141,4992.408744,0.051979,44.291560,7.191293,2.678946,-36.999999
1.135048,1.128132,57.301538,4987.824235,0.061208,44.208113,7.169622,2.670873,-36.999999
1.189476,1.181013,57.311235,4983.251139,0.069939,44.124913,7.146719,2.662341,-36.999999
1.243938,1.233773,57.322218,4978.690796,0.078142,44.041969,7.122638,2.653370,-36.999999
1.298418,1.286397,57.334420,4974.144625,0.085760,43.959322,7.097444,2.643985,-36.999999
1.352934,1.338897,57.347688,4969.612477,0.092836,43.876952,7.071311,2.634250,-36.999999
1.407471,1.391277,57.361937,4965.095065,0.099350,43.794879,7.044335,2.624200,-36.999999
1.462033,1.443535,57.377076,4960.593035,0.105284,43.713106,7.016610,2.613872,-36.999999
1.516618,1.495671,57.393021,4956.106996,0.110633,43.631651,6.988232,2.603300,-36.999999
1.571225,1.547679,57.409692,4951.637481,0.115380,43.550507,6.959294,2.592520,-36.999999
1.625857,1.599568,57.427001,4947.185186,0.119518,43.469704,6.929888,2.581566,-36.999999
1.680518,1.651322,57.444906,4942.752069,0.122983,43.389256,6.900087,2.570464,-36.999999
1.735204,1.702965,57.463243,4938.336823,0.125825,43.309151,6.870027,2.559266,-36.999999
1.789912,1.754480,57.481929,4933.939765,0.128046,43.229381,6.839800,2.548005,-36.999999
1.844637,1.805881,57.500873,4929.561143,0.129640,43.149956,6.809495,2.536716,-36.999999
1.899389,1.857162,57.519990,4925.201153,0.130614,43.070876,6.779200,2.525430,-36.999999
1.954157,1.908328,57.539193,4920.859937,0.130962,42.992133,6.749003,2.514181,-36.999999
2.008948,1.959379,57.558380,4916.537580,0.130695,42.913741,6.718989,2.503000,-36.999999
2.063766,2.010294,57.577455,4912.235939,0.129734,42.835717,6.689271,2.491930,-36.999999
2.118599,2.061100,57.596324,4907.953397,0.128162,42.758037,6.659917,2.480994,-36.999999
2.173458,2.111783,57.614905,4903.689654,0.125978,42.680684,6.631001,2.470222,-36.999999
2.228338,2.162355,57.633108,4899.444586,0.123192,42.603665,6.602596,2.459641,-36.999999
2.283230,2.212819,57.650861,4895.218009,0.119811,42.526966,6.574774,2.449276,-36.999999
2.338151,2.263160,57.668064,4891.009715,0.115847,42.450585,6.547607,2.439156,-36.999999
2.393081,2.313393,57.684651,4886.819430,0.111308,42.374514,6.521159,2.429303,-36.999999
2.448036,2.363514,57.700478,4882.648120,0.106175,42.298761,6.495558,2.419766,-36.999999
2.503014,2.413508,57.715479,4878.494730,0.100468,42.223309,6.470843,2.410559,-36.999999
2.558006,2.463396,57.729618,4874.358230,0.094233,42.148138,6.447045,2.401694,-36.999999
2.613015,2.513169,57.742815,4870.238179,0.087473,42.073237,6.424218,2.393190,-36.999999
2.668050,2.562834,57.754991,4866.134105,0.080214,41.998592,6.402417,2.385069,-36.999999
2.723094,2.612389,57.766096,4862.045485,0.072463,41.924195,6.381690,2.377347,-36.999999
2.778166,2.661838,57.776050,4857.971787,0.064250,41.850031,6.362086,2.370045,-36.999999
2.833246,2.711170,57.784727,4853.913088,0.055559,41.776096,6.343709,2.363199,-36.999999
2.888350,2.760390,57.792056,4849.868845,0.046410,41.702379,6.326622,2.356833,-36.999999
2.943466,2.809499,57.798043,4845.837548,0.036853,41.628855,6.310793,2.350937,-36.999999
2.998600,2.858501,57.802632,4841.818522,0.026901,41.555503,6.296261,2.345523,-36.999999
3.053753,2.907394,57.805778,4837.811056,0.016579,41.482311,6.283059,2.340605,-36.999999
3.108919,2.956185,57.807439,4833.814420,0.005909,41.409266,6.271220,2.336195,-36.999999
3.164107,3.004865,57.807557,4829.827859,-0.005093,41.336348,6.260776,2.332304,-36.999999
3.219310,3.053438,57.806048,4825.850784,-0.016402,41.263538,6.251789,2.328956,-36.999999
3.274527,3.101899,57.802790,4821.882806,-0.028016,41.190833,6.244375,2.326194,-36.999999
3.329757,3.150247,57.797873,4817.922308,-0.039889,41.118195,6.238438,2.323982,-36.999999
3.385004,3.198494,57.791257,4813.968447,-0.051991,41.045620,6.233998,2.322328,-36.999999
3.440271,3.246638,57.782925,4810.020346,-0.064306,40.973083,6.231076,2.321240,-36.999999
3.495550,3.294673,57.772842,4806.077122,-0.076805,40.900563,6.229688,2.320723,-36.999999
3.550842,3.342610,57.760998,4802.137862,-0.089457,40.828043,6.229850,2.320783,-36.999999
3.606157,3.390438,57.747371,4798.201642,-0.102259,40.755513,6.231575,2.321425,-36.999999
3.661478,3.438141,57.731748,4794.267656,-0.115169,40.682931,6.235046,2.322719,-36.999999
3.716821,3.485752,57.714312,4790.334634,-0.128170,40.610292,6.240103,2.324603,-36.999999
3.772177,3.533257,57.695059,4786.401619,-0.141222,40.537572,6.246753,2.327080,-36.999999
3.827546,3.580652,57.673985,4782.467629,-0.154309,40.464757,6.255000,2.330152,-36.999999
3.882935,3.627945,57.651091,4778.531680,-0.167394,40.391827,6.264849,2.333821,-36.999999
3.938332,3.675128,57.626380,4774.592779,-0.180467,40.318752,6.276299,2.338087,-36.999999
3.993749,3.722215,57.599864,4770.649921,-0.193488,40.245523,6.289352,2.342949,-36.999999
4.049172,3.769182,57.571398,4766.701606,-0.206436,40.172103,6.304137,2.348457,-36.999999
4.104617,3.816042,57.541106,4762.746990,-0.219279,40.098471,6.320554,2.354572,-36.999999
4.160075,3.862794,57.509055,4758.785184,-0.231999,40.024618,6.338555,2.361279,-36.999999
4.215547,3.909447,57.475260,4754.815176,-0.244567,39.950530,6.358132,2.368572,-36.999999
4.271030,3.955985,57.439748,4750.835946,-0.256957,39.876179,6.379273,2.376447,-36.999999
4.326527,4.002423,57.402562,4746.846470,-0.269147,39.801548,6.401964,2.384900,-36.999999
4.382036,4.048754,57.363716,4742.845748,-0.281105,39.726608,6.426187,2.393924,-36.999999
4.437569,4.094974,57.323158,4738.831949,-0.292803,39.651338,6.452015,2.403545,-36.999999
4.493108,4.141075,57.280949,4734.804092,-0.304207,39.575707,6.479404,2.413749,-36.999999
4.548664,4.187075,57.237221,4730.761775,-0.315309,39.499714,6.508258,2.424497,-36.999999
4.604231,4.232968,57.192003,4726.704008,-0.326083,39.423342,6.538548,2.435781,-36.999999
4.659817,4.278745,57.145355,4722.629811,-0.336512,39.346574,6.570246,2.447590,-36.999999
4.715408,4.324416,57.097328,4718.538232,-0.346565,39.269386,6.603319,2.459910,-36.999999
4.771017,4.369984,57.047974,4714.428321,-0.356231,39.191756,6.637731,2.472730,-36.999999
4.826642,4.415426,56.997314,4710.298410,-0.365458,39.113661,6.673491,2.486051,-36.999999
4.882271,4.460764,56.945359,4706.146747,-0.374224,39.035060,6.710595,2.499873,-36.999999
4.937922,4.505980,56.892271,4701.973838,-0.382521,38.955970,6.748906,2.514145,-36.999999
4.993586,4.551090,56.838121,4697.778828,-0.390349,38.876378,6.788376,2.528849,-36.999999
5.049262,4.596085,56.782980,4693.560874,-0.397680,38.796263,6.828953,2.543965,-36.999999
5.104952,4.640965,56.726910,4689.319168,-0.404492,38.715612,6.870582,2.559473,-36.999999
5.160645,4.685730,56.669977,4685.052927,-0.410773,38.634407,6.913207,2.575352,-36.999999
5.216359,4.730389,56.612265,4680.761098,-0.416500,38.552633,6.956777,2.591582,-36.999999
5.272089,4.774912,56.553798,4676.440674,-0.421610,38.470227,7.001293,2.608166,-36.999999
5.327830,4.819319,56.494723,4672.093453,-0.426144,38.387224,7.046598,2.625043,-36.999999
5.383585,4.863612,56.435120,4667.718801,-0.430090,38.303625,7.092621,2.642188,-36.999999
5.439347,4.907790,56.375072,4663.316131,-0.433437,38.219408,7.139287,2.659572,-36.999999
5.495123,4.951853,56.314670,4658.884896,-0.436164,38.134564,7.186518,2.677167,-36.999999
5.550916,4.995793,56.253984,4654.424596,-0.438274,38.049095,7.234235,2.694943,-36.999999
5.606712,5.039615,56.193117,4649.934785,-0.439751,37.962981,7.282353,2.712868,-36.999999
5.662530,5.083299,56.132131,4645.412145,-0.440540,37.876164,7.330809,2.730919,-36.999999
5.718354,5.126865,56.071154,4640.858822,-0.440682,37.788685,7.379476,2.749049,-36.999999
5.774196,5.170307,56.010257,4636.274895,-0.440182,37.700547,7.428260,2.767222,-36.999999
5.830043,5.213628,55.949537,4631.660157,-0.439036,37.611746,7.477067,2.785404,-36.999999
5.885902,5.256822,55.889074,4627.014431,-0.437245,37.522282,7.525799,2.803558,-36.999999
5.941775,5.299888,55.828957,4622.337617,-0.434811,37.432159,7.574360,2.821648,-36.999999
5.997660,5.342836,55.769262,4617.629668,-0.431739,37.341371,7.622650,2.839638,-36.999999
6.053558,5.385639,55.710142,4612.888368,-0.427992,37.249882,7.670533,2.857476,-36.999999
6.109461,5.428320,55.651645,4608.114934,-0.423590,37.157700,7.717910,2.875125,-36.999999
6.165382,5.470869,55.593846,4603.310659,-0.418578,37.064871,7.764691,2.892552,-36.999999
6.221308,5.513288,55.536832,4598.475777,-0.412960,36.971389,7.810775,2.909719,-36.999999
6.277247,5.555579,55.480674,4593.610577,-0.406743,36.877268,7.856059,2.926589,-36.999999
6.333191,5.597737,55.425451,4588.715431,-0.399947,36.782516,7.900442,2.943123,-36.999999
6.389154,5.639759,55.371245,4583.790758,-0.392584,36.687139,7.943825,2.959284,-36.999999
6.445121,5.681654,55.318162,4578.835678,-0.384646,36.591118,7.986051,2.975014,-36.999999
6.501099,5.723395,55.266324,4573.850503,-0.376153,36.494462,8.026994,2.990266,-36.999999
6.557084,5.765014,55.215713,4568.837612,-0.367152,36.397222,8.066629,3.005032,-36.999999
6.613085,5.806492,55.166395,4563.797698,-0.357668,36.299412,8.104865,3.019275,-36.999999
6.669092,5.847836,55.118436,4558.731537,-0.347724,36.201046,8.141614,3.032966,-36.999999
6.725104,5.889038,55.071886,4553.639943,-0.337350,36.102139,8.176793,3.046071,-36.999999
6.781126,5.930113,55.026802,4548.523789,-0.326568,36.002713,8.210323,3.058561,-36.999999
6.837160,5.971039,54.983267,4543.383482,-0.315390,35.902776,8.242084,3.070393,-36.999999
6.893196,6.011823,54.941425,4538.218749,-0.303838,35.802324,8.271891,3.081497,-36.999999
6.949243,6.052466,54.901199,4533.032640,-0.291976,35.701411,8.299828,3.091904,-36.999999
7.005294,6.092969,54.862616,4527.826236,-0.279833,35.600073,8.325836,3.101593,-36.999999
7.061357,6.133332,54.825704,4522.600678,-0.267432,35.498319,8.349865,3.110544,-36.999999
7.117426,6.173554,54.790493,4517.357134,-0.254816,35.396175,8.371869,3.118741,-36.999999
7.173496,6.213644,54.757010,4512.096824,-0.242022,35.293675,8.391811,3.126170,-36.999999
7.229575,6.253586,54.725263,4506.820979,-0.229081,35.190830,8.409658,3.132819,-36.999999
7.285657,6.293372,54.695467,4501.529466,-0.216015,35.087652,8.425154,3.138592,-36.999999
7.341749,6.333017,54.667435,4496.225236,-0.202880,34.984181,8.438512,3.143568,-36.999999
7.397845,6.372521,54.641175,4490.909606,-0.189715,34.880464,8.449724,3.147744,-36.999999
7.453948,6.411885,54.616682,4485.583904,-0.176554,34.776514,8.458787,3.151121,-36.999999
7.510052,6.451102,54.593944,4480.249460,-0.163433,34.672359,8.465708,3.153699,-36.999999
7.566155,6.490182,54.572958,4474.907608,-0.150387,34.568025,8.470501,3.155485,-36.999999
7.622268,6.529115,54.553696,4469.559691,-0.137450,34.463545,8.473187,3.156485,-36.999999
7.678383,6.567893,54.536297,4464.206770,-0.124678,34.358927,8.473620,3.156646,-36.999999
7.734500,6.606528,54.520611,4458.850586,-0.112103,34.254219,8.471964,3.156030,-36.999999
7.790622,6.645023,54.506576,4453.492565,-0.099748,34.149443,8.468314,3.154670,-36.999999
7.846742,6.683372,54.494160,4448.133985,-0.087659,34.044620,8.462717,3.152585,-36.999999
7.902868,6.721581,54.483314,4442.776121,-0.075857,33.939780,8.455230,3.149796,-36.999999
7.958994,6.759646,54.473997,4437.420210,-0.064381,33.834939,8.445914,3.146325,-36.999999
8.015120,6.797567,54.466171,4432.067467,-0.053259,33.730126,8.434834,3.142198,-36.999999
8.071257,6.835340,54.459856,4426.719381,-0.042552,33.625377,8.421966,3.137404,-36.999999
8.127383,6.872965,54.454979,4421.377213,-0.032279,33.520699,8.407417,3.131984,-36.999999
8.183509,6.910446,54.451413,4416.041814,-0.022456,33.416114,8.391351,3.125999,-36.999999
8.239640,6.947784,54.449087,4410.714235,-0.013107,33.311646,8.373853,3.119481,-36.999999
8.295771,6.984988,54.447942,4405.395467,-0.004257,33.207313,8.355013,3.112462,-36.999999
8.351897,7.022044,54.447912,4400.086457,0.004080,33.103130,8.334921,3.104978,-36.999999
8.408023,7.058964,54.448932,4394.788106,0.011866,32.999113,8.313674,3.097062,-36.999999
8.464149,7.095742,54.450945,4389.501689,0.019070,32.895289,8.291334,3.088740,-36.999999
8.520274,7.132368,54.453909,4384.228543,0.025654,32.791673,8.267978,3.080039,-36.999999
8.576392,7.168855,54.457678,4378.968545,0.031636,32.688265,8.243783,3.071026,-36.999999
8.632513,7.205201,54.462176,4373.722346,0.037004,32.585078,8.218848,3.061737,-36.999999
8.688628,7.241406,54.467307,4368.490555,0.041748,32.482127,8.193278,3.052212,-36.999999
8.744735,7.277478,54.473002,4363.273701,0.045852,32.379412,8.167173,3.042487,-36.999999
8.800847,7.313414,54.479181,4358.072268,0.049310,32.276944,8.140636,3.032601,-36.999999
8.856952,7.349208,54.485752,4352.886866,0.052099,32.174734,8.113766,3.022591,-36.999999
8.913055,7.384859,54.492666,4347.719272,0.054171,32.072805,8.086655,3.012492,-36.999999
8.969156,7.420370,54.499782,4342.568217,0.055578,31.971139,8.059433,3.002351,-36.999999
9.025248,7.455744,54.507026,4337.433938,0.056318,31.869729,8.032198,2.992205,-36.999999
9.081334,7.490985,54.514318,4332.316589,0.056392,31.768588,8.005045,2.982090,-36.999999
9.137414,7.526093,54.521566,4327.216285,0.055801,31.667710,7.978070,2.972041,-36.999999
9.193495,7.561064,54.528691,4322.133070,0.054549,31.567083,7.951364,2.962092,-36.999999
9.249566,7.595905,54.535606,4317.066933,0.052637,31.466718,7.925018,2.952278,-36.999999
9.305635,7.630605,54.542200,4312.019428,0.050011,31.366633,7.899170,2.942649,-36.999999
9.361701,7.665165,54.548407,4306.989001,0.046740,31.266794,7.873876,2.933226,-36.999999
9.417755,7.699594,54.554151,4301.975245,0.042841,31.167194,7.849211,2.924038,-36.999999
9.473802,7.733893,54.559356,4296.977924,0.038318,31.067818,7.825254,2.915113,-36.999999
9.529841,7.768063,54.563952,4291.996743,0.033189,30.968666,7.802082,2.906481,-36.999999
9.585876,7.802101,54.567856,4287.031362,0.027463,30.869728,7.779767,2.898168,-36.999999
9.641911,7.836002,54.570997,4282.081404,0.021160,30.770994,7.758378,2.890200,-36.999999
9.697923,7.869779,54.573411,4277.147136,0.017147,30.681075,7.737883,2.882565,-33.589838
9.753901,7.903482,54.577518,4272.222719,0.045277,30.689174,7.715615,2.874270,0.000000
9.809811,7.937154,54.585110,4267.305597,0.072746,30.697306,7.689654,2.864598,0.000000
9.865650,7.970808,54.596089,4262.398207,0.099465,30.705479,7.660147,2.853606,0.000000
9.921419,8.004437,54.610342,4257.502922,0.125346,30.713684,7.627258,2.841354,0.000000
9.977118,8.038040,54.627759,4252.622029,0.150329,30.721920,7.591160,2.827907,0.000000
10.032754,8.071617,54.648220,4247.757727,0.174336,30.730199,7.552036,2.813332,0.000000
10.088323,8.105168,54.671722,4242.913101,0.197241,30.738511,7.509955,2.797656,0.000000
10.143813,8.138694,54.698138,4238.090685,0.218965,30.746871,7.465114,2.780951,0.000000
10.199239,8.172200,54.727157,4233.291183,0.239520,30.755257,7.417890,2.763359,0.000000
10.254596,8.205677,54.758618,4228.516343,0.258839,30.763678,7.368496,2.744959,0.000000
10.309890,8.239136,54.792362,4223.767795,0.276888,30.772143,7.317148,2.725830,0.000000
10.365117,8.272568,54.828226,4219.047042,0.293618,30.780640,7.264063,2.706055,0.000000
10.420276,8.305976,54.866043,4214.355464,0.308989,30.789180,7.209458,2.685713,0.000000
10.475370,8.339367,54.905677,4209.695097,0.322929,30.797751,7.153525,2.664876,0.000000
10.530395,8.372722,54.947023,4205.069098,0.335327,30.806365,7.096440,2.643610,0.000000
10.585353,8.406065,54.989769,4200.475877,0.346273,30.815023,7.038520,2.622034,0.000000
10.640243,8.439385,55.033722,4195.916281,0.355759,30.823712,6.979973,2.600224,0.000000
10.695076,8.472680,55.078702,4191.391051,0.363756,30.832439,6.921002,2.578255,0.000000
10.749838,8.505954,55.124527,4186.900803,0.370264,30.841211,6.861803,2.556202,0.000000
10.804541,8.539211,55.171014,4182.446049,0.375270,30.850017,6.802568,2.534136,0.000000
10.859182,8.572445,55.217993,4178.027153,0.378790,30.858859,6.743482,2.512124,0.000000
10.913755,8.605662,55.265275,4173.648349,0.380654,30.867754,6.684775,2.490254,0.000000
10.968270,8.638848,55.312638,4169.305865,0.381028,30.876685,6.626595,2.468581,0.000000
11.022718,8.672025,55.359909,4164.999744,0.379932,30.885650,6.569103,2.447164,0.000000
11.077108,8.705178,55.406903,4160.729922,0.377383,30.894661,6.512451,2.426059,0.000000
11.131435,8.738311,55.453451,4156.496235,0.373400,30.903709,6.456784,2.405322,0.000000
11.185707,8.771424,55.499389,4152.298427,0.367995,30.912805,6.402239,2.385002,0.000000
11.239917,8.804521,55.544536,4148.136155,0.361209,30.921932,6.348944,2.365149,0.000000
11.294060,8.837603,55.588650,4144.011924,0.352955,30.931110,6.297146,2.345853,0.000000
11.348147,8.870661,55.631602,4139.923034,0.343337,30.940330,6.246888,2.327130,0.000000
11.402174,8.903703,55.673260,4135.868036,0.332437,30.949597,6.198239,2.309007,0.000000
11.456145,8.936730,55.713475,4131.846262,0.320289,30.958903,6.151297,2.291520,0.000000
11.510059,8.969737,55.752110,4127.856966,0.306928,30.968246,6.106152,2.274702,0.000000
11.563922,9.002729,55.789015,4123.899349,0.292398,30.977637,6.062886,2.258585,0.000000
11.617724,9.035703,55.824066,4119.972545,0.276738,30.987068,6.021577,2.243196,0.000000
11.671460,9.068670,55.856995,4116.077359,0.259936,30.996542,5.982421,2.228609,0.000000
11.725151,9.101606,55.887701,4112.212317,0.242056,31.006066,5.945468,2.214843,0.000000
11.778781,9.134538,55.916156,4108.374947,0.223203,31.015628,5.910676,2.201882,0.000000
11.832355,9.167453,55.942253,4104.564146,0.203420,31.025233,5.878099,2.189747,0.000000
11.885872,9.200348,55.965893,4100.778795,0.182762,31.034890,5.847785,2.178454,0.000000
11.939337,9.233238,55.986975,4097.017702,0.161284,31.044590,5.819778,2.168020,0.000000
11.992752,9.266110,56.005412,4093.279656,0.139029,31.054328,5.794116,2.158461,0.000000
12.046113,9.298956,56.021005,4089.564134,0.116046,31.064117,5.770922,2.149820,0.000000
12.099410,9.331799,56.033591,4085.870429,0.092350,31.073949,5.750318,2.142145,0.000000
12.152662,9.364629,56.043285,4082.195624,0.068072,31.083829,5.732160,2.135380,0.000000
12.205856,9.397446,56.050025,4078.538368,0.043252,31.093748,5.716470,2.129536,0.000000
12.258998,9.430245,56.053760,4074.897258,0.017956,31.103710,5.703271,2.124618,0.000000
12.312089,9.463033,56.054435,4071.270879,-0.007759,31.113724,5.692578,2.120635,0.000000
12.365129,9.495811,56.052020,4067.657784,-0.033839,31.123780,5.684408,2.117592,0.000000
12.418117,9.528567,56.046444,4064.056615,-0.060225,31.133885,5.678804,2.115504,0.000000
12.471048,9.561319,56.037398,4060.466573,-0.086866,31.144034,5.675990,2.114456,0.000000
12.523920,9.594056,56.025172,4056.885033,-0.113683,31.154223,5.675730,2.114359,0.000000
12.576742,9.626792,56.008850,4053.312467,-0.157752,31.202997,5.678760,2.115488,20.668084
12.629470,9.659591,55.985438,4049.753267,-0.230061,31.315289,5.687491,2.118740,47.999999
12.682083,9.692467,55.953452,4046.206938,-0.302331,31.427964,5.703136,2.124568,47.999999
12.734598,9.725428,55.912919,4042.669172,-0.374457,31.541132,5.725718,2.132981,47.999999
12.786994,9.758478,55.863875,4039.135607,-0.446318,31.654932,5.755273,2.143991,47.999999
12.839283,9.791615,55.805554,4035.601355,-0.517761,31.769549,5.792530,2.157870,47.999999
12.891449,9.824839,55.738762,4032.061510,-0.588703,31.885079,5.836968,2.174424,47.999999
12.943513,9.858144,55.663663,4028.511491,-0.659026,32.001632,5.888579,2.193651,47.999999
12.995470,9.891534,55.580361,4024.946650,-0.728622,32.119331,5.947449,2.215581,47.999999
13.047305,9.925013,55.488960,4021.362238,-0.797365,32.238316,6.013677,2.240253,47.999999
13.099036,9.958578,55.389579,4017.753414,-0.865147,32.358724,6.087371,2.267706,47.999999
13.150650,9.992230,55.282351,4014.115221,-0.931841,32.480676,6.168646,2.297983,47.999999
13.202138,10.025977,55.166886,4010.439758,-0.997229,32.604452,6.258194,2.331342,47.999999
13.253505,10.059817,55.043647,4006.722423,-1.061223,32.730151,6.355887,2.367735,47.999999
13.304748,10.093746,54.913079,4002.959179,-1.123737,32.857854,6.461580,2.407109,47.999999
13.355876,10.127764,54.775386,3999.144582,-1.184635,32.987712,6.575415,2.449515,47.999999
13.406883,10.161879,54.630778,3995.273087,-1.243790,33.119876,6.697531,2.495007,47.999999
13.457762,10.196087,54.479478,3991.339018,-1.301073,33.254496,6.828070,2.543636,47.999999
13.508513,10.230395,54.321729,3987.336564,-1.356340,33.391724,6.967166,2.595453,47.999999
13.559130,10.264799,54.157504,3983.255950,-1.409344,33.531874,7.115373,2.650664,47.999999
13.609601,10.299310,53.987045,3979.089255,-1.459889,33.675166,7.272935,2.709360,47.999999
13.659941,10.333923,53.811007,3974.834859,-1.507981,33.821593,7.439429,2.771383,47.999999
13.710140,10.368639,53.629706,3970.486493,-1.553459,33.971332,7.614940,2.836765,47.999999
13.760199,10.403457,53.443464,3966.037802,-1.596174,34.124549,7.799531,2.905531,47.999999
13.810110,10.438384,53.252628,3961.482347,-1.635987,34.281413,7.993240,2.977692,47.999999
13.859867,10.473418,53.057545,3956.813654,-1.672752,34.442109,8.196071,3.053252,47.999999
13.909478,10.508566,52.858518,3952.022167,-1.706223,34.606911,8.408210,3.132279,47.999999
13.958910,10.543828,52.655772,3947.092910,-1.736043,34.776264,8.630114,3.214945,47.999999
14.008180,10.579208,52.450041,3942.029585,-1.762333,34.950009,8.860880,3.300911,47.999999
14.057288,10.614707,52.241754,3936.825766,-1.784953,35.128314,9.100319,3.390108,47.999999
14.106223,10.650319,52.031349,3931.475097,-1.803748,35.311350,9.348178,3.482442,47.999999
14.154984,10.686053,51.819288,3925.971373,-1.818585,35.499287,9.604137,3.577794,47.999999
14.203558,10.721909,51.606034,3920.308567,-1.829330,35.692295,9.867802,3.676016,47.999999
14.251951,10.757893,51.392090,3914.480873,-1.835849,35.890523,10.138700,3.776932,47.999999
14.300133,10.794019,51.177967,3908.463762,-1.837553,36.094709,10.416924,3.880578,47.999999
14.348120,10.830273,50.964250,3902.270098,-1.834780,36.304427,10.701031,3.986416,47.999999
14.395903,10.866658,50.751458,3895.895238,-1.827433,36.519805,10.990250,4.094157,47.999999
14.443476,10.903178,50.540127,3889.334984,-1.815423,36.740949,11.283716,4.203481,47.999999
14.490833,10.939833,50.330789,3882.585686,-1.798686,36.967956,11.580463,4.314027,47.999999
14.537972,10.976628,50.123975,3875.644300,-1.777157,37.200904,11.879425,4.425398,47.999999
14.584884,11.013564,49.920243,3868.508433,-1.750795,37.439864,12.179439,4.537162,47.999999
14.631536,11.050652,49.720478,3861.159874,-1.719185,37.685373,12.479114,4.648798,47.999999
14.677950,11.087887,49.525069,3853.609564,-1.682608,37.937091,12.776948,4.759749,47.999999
14.724117,11.125270,49.334453,3845.862507,-1.641206,38.194854,13.071499,4.869477,47.999999
14.770029,11.162800,49.149164,3837.919870,-1.595042,38.458624,13.361248,4.977416,47.999999
14.815679,11.200483,48.969719,3829.783790,-1.544187,38.728329,13.644620,5.082980,47.999999
14.861069,11.238319,48.796611,3821.457406,-1.488743,39.003870,13.919998,5.185565,47.999999
14.906185,11.276298,48.630331,3812.944883,-1.428838,39.285133,14.185739,5.284561,47.999999
14.951013,11.314439,48.471818,3804.240968,-1.364383,39.572274,14.439416,5.379062,47.999999
14.995536,11.352750,48.321466,3795.355095,-1.295645,39.865008,14.679302,5.468426,47.999999
15.039772,11.391207,48.179343,3786.303574,-1.223052,40.162835,14.904369,5.552270,47.999999
15.083710,11.429821,48.045828,3777.095024,-1.146837,40.465508,15.113098,5.630027,47.999999
15.127356,11.468588,47.921261,3767.739035,-1.067281,40.772729,15.304055,5.701163,47.999999
15.170694,11.507505,47.805963,3758.246139,-0.984682,41.084191,15.475913,5.765185,47.999999
15.213718,11.546581,47.700196,3748.627710,-0.899363,41.399551,15.627477,5.821646,47.999999
15.256421,11.585809,47.604566,3738.892323,-0.811573,41.718556,15.756897,5.869859,47.999999
15.298782,11.625208,47.519653,3729.050971,-0.721666,42.040877,15.862387,5.909157,47.999999
15.340825,11.664748,47.444885,3719.125297,-0.630180,42.365859,15.944853,5.939877,47.999999
15.382543,11.704433,47.380357,3709.129326,-0.537512,42.693073,16.003834,5.961849,47.999999
15.423936,11.744272,47.326128,3699.077419,-0.444047,43.022081,16.039073,5.974977,47.999999
15.465001,11.784249,47.282206,3688.984157,-0.350204,43.352443,16.050514,5.979239,47.999999
15.505735,11.824371,47.248566,3678.864180,-0.256388,43.683721,16.038304,5.974690,47.999999
15.546133,11.864638,47.225230,3668.732148,-0.163008,44.015465,16.002521,5.961360,47.999999
15.586177,11.905047,47.212933,3658.604381,-0.070587,44.347175,15.941856,5.938761,47.999999
15.625882,11.945594,47.210514,3648.495864,0.020529,44.678388,15.859316,5.908012,47.999999
15.665263,11.986269,47.217752,3638.420286,0.109962,45.008685,15.755824,5.869459,47.999999
15.704312,12.027071,47.234406,3628.390819,0.197345,45.337655,15.632450,5.823499,47.999999
15.743030,12.068001,47.260193,3618.420030,0.282331,45.664908,15.490388,5.770577,47.999999
15.781423,12.109051,47.294788,3608.519837,0.364594,45.990086,15.330940,5.711178,47.999999
15.819488,12.150215,47.337855,3598.701403,0.443818,46.312835,15.155491,5.645819,47.999999
15.857211,12.191514,47.389750,3588.984902,0.519381,46.632529,14.964242,5.574574,47.999999
15.894604,12.232912,47.449351,3579.372942,0.591270,46.949101,14.760063,5.498512,47.999999
15.931686,12.274425,47.516129,3569.872846,0.659294,47.262316,14.544656,5.418267,47.999999
15.968454,12.316039,47.589635,3560.492194,0.723251,47.571925,14.319547,5.334408,47.999999
16.004916,12.357754,47.669418,3551.237701,0.782965,47.877730,14.086244,5.247497,47.999999
16.041080,12.399566,47.754993,3542.115198,0.838281,48.179556,13.846228,5.158084,47.999999
16.076940,12.441481,47.845885,3533.129664,0.889067,48.477242,13.600935,5.066706,47.999999
16.112484,12.483483,47.941894,3524.295670,0.934890,48.770361,13.351562,4.973808,47.999999
16.147725,12.525576,48.042305,3515.611808,0.975820,49.058946,13.099720,4.879990,47.999999
16.182686,12.567756,48.146431,3507.075302,1.011975,49.343094,12.846769,4.785760,47.999999
16.217366,12.610017,48.253781,3498.687826,1.043334,49.622759,12.593856,4.691543,47.999999
16.251771,12.652361,48.363849,3490.450360,1.069880,49.897917,12.342044,4.597736,47.999999
16.285908,12.694773,48.476142,3482.363271,1.091624,50.168580,12.092315,4.504706,47.999999
16.319777,12.737259,48.590172,3474.426345,1.108603,50.434748,11.845566,4.412785,47.999999
16.353366,12.779825,48.705486,3466.645911,1.120620,50.696264,11.602828,4.322359,47.999999
16.386685,12.822461,48.821558,3459.022351,1.127709,50.953130,11.364982,4.233755,47.999999
16.419758,12.865166,48.937854,3451.544837,1.130212,51.205690,11.132422,4.147120,47.999999
16.452580,12.907933,49.053926,3444.211187,1.128223,51.454030,10.905707,4.062663,47.999999
16.485166,12.950763,49.169335,3437.018868,1.121840,51.698243,10.685324,3.980564,47.999999
16.517507,12.993653,49.283649,3429.965038,1.111175,51.938449,10.471692,3.900981,47.999999
16.549619,13.036597,49.396462,3423.046590,1.096342,52.174754,10.265170,3.824046,47.999999
16.581499,13.079604,49.507313,3416.263263,1.077362,52.407197,10.066245,3.749941,47.999999
16.613129,13.122667,49.615640,3409.618812,1.054159,52.635712,9.875656,3.678942,47.999999
16.644535,13.165782,49.721245,3403.098383,1.027194,52.860760,9.692964,3.610884,47.999999
16.675728,13.208947,49.823767,3396.698047,0.996614,53.082486,9.518318,3.545824,47.999999
16.706704,13.252164,49.922879,3390.413786,0.962562,53.301033,9.351831,3.483803,47.999999
16.737474,13.295431,50.018262,3384.241473,0.925181,53.516559,9.193587,3.424853,47.999999
16.768032,13.338750,50.109608,3378.176897,0.884616,53.729221,9.043636,3.368992,47.999999
16.798393,13.382110,50.196640,3372.215788,0.841030,53.939171,8.902008,3.316232,47.999999
16.828519,13.425514,50.278542,3366.364056,0.794263,54.146318,8.769611,3.266911,47.999999
16.858453,13.468968,50.355550,3360.606252,0.744796,54.351107,8.645533,3.220688,47.999999
16.888196,13.512470,50.427419,3354.937929,0.692791,54.553699,8.529744,3.177554,47.999999
16.917741,13.556010,50.493932,3349.354665,0.638395,54.754257,8.422206,3.137493,47.999999
16.947096,13.599588,50.554885,3343.852017,0.581757,54.952951,8.322874,3.100490,47.999999
16.976264,13.643213,50.610073,3338.425519,0.523036,55.149941,8.231695,3.066523,47.999999
17.005241,13.686870,50.659338,3333.070696,0.462371,55.345387,8.148614,3.035573,47.999999
17.034021,13.730577,50.701984,3327.788345,0.399787,55.539346,8.074243,3.007868,47.999999
17.062607,13.774322,50.738215,3322.569458,0.335561,55.732088,8.008035,2.983204,47.999999
17.091015,13.818100,50.768052,3317.407930,0.269878,55.923813,7.949738,2.961487,47.999999
17.119244,13.861923,50.791384,3312.299256,0.202896,56.114676,7.899297,2.942696,47.999999
17.147294,13.905779,50.808119,3307.238937,0.134755,56.304839,7.856658,2.926812,47.999999
17.175157,13.949667,50.818166,3302.222458,0.065609,56.494464,7.821773,2.913816,47.999999
17.202848,13.993595,50.821459,3297.245293,-0.004392,56.683717,7.794600,2.903693,47.999999
17.230351,14.037562,50.817519,3292.304694,-0.075146,56.872753,7.775556,2.896599,47.999999
17.257669,14.081558,50.806398,3287.395057,-0.146452,57.061757,7.764517,2.892487,47.999999
17.284814,14.125593,50.788395,3282.510141,-0.218151,57.250911,7.761086,2.891209,47.999999
17.311777,14.169666,50.763499,3277.645327,-0.290086,57.440372,7.765241,2.892757,47.999999
17.338561,14.213771,50.731714,3272.795958,-0.362111,57.630304,7.776970,2.897126,47.999999
17.365170,14.257910,50.693058,3267.957363,-0.434072,57.820873,7.796261,2.904313,47.999999
17.391603,14.302078,50.647570,3263.124810,-0.505837,58.012244,7.823113,2.914315,47.999999
17.417851,14.346282,50.595052,3258.293417,-0.577218,58.204614,7.857797,2.927236,47.999999
17.443917,14.390517,50.535314,3253.457600,-0.648048,58.398226,7.900596,2.943180,47.999999
17.469795,14.434790,50.468950,3248.612469,-0.718189,58.593177,7.950970,2.961946,47.999999
17.495494,14.479097,50.396029,3243.753108,-0.787503,58.789630,8.008932,2.983538,47.999999
17.521008,14.523429,50.316669,3238.874562,-0.855825,58.987758,8.074492,3.007961,47.999999
17.546345,14.567794,50.230980,3233.971827,-0.923021,59.187732,8.147664,3.035219,47.999999
17.571490,14.612189,50.139102,3229.039849,-0.988928,59.389726,8.228457,3.065317,47.999999
17.596459,14.656620,50.041124,3224.073053,-1.053374,59.593949,8.316970,3.098290,47.999999
17.621210,14.701080,49.936701,3219.062328,-1.116052,59.800784,8.413854,3.134382,47.999999
17.645780,14.745565,49.826611,3214.005887,-1.176952,60.010208,8.518365,3.173315,47.999999
17.670179,14.790067,49.712430,3208.894656,-1.202995,60.148362,8.628780,3.214447,27.336978
17.694485,14.834541,49.598914,3203.712344,-1.172332,60.166344,8.739342,3.255635,0.000000
17.718741,14.878959,49.488603,3198.452521,-1.138519,60.184327,8.846837,3.295680,0.000000
17.742945,14.923316,49.381790,3193.116376,-1.101655,60.202315,8.950768,3.334397,0.000000
17.767097,14.967620,49.278733,3187.705407,-1.061843,60.220302,9.050645,3.371604,0.000000
17.791194,15.011856,49.180105,3182.214640,-1.018928,60.238290,9.145507,3.406942,0.000000
17.815237,15.056036,49.085844,3176.652650,-0.973317,60.256278,9.235219,3.440362,0.000000
17.839224,15.100147,48.996117,3171.022902,-0.925183,60.274265,9.319391,3.471718,0.000000
17.863156,15.144195,48.911132,3165.328267,-0.874702,60.292248,9.397597,3.500852,0.000000
17.887032,15.188181,48.831089,3159.571938,-0.822036,60.310231,9.469438,3.527615,0.000000
17.910853,15.232100,48.756166,3153.757380,-0.767385,60.328210,9.534547,3.551869,0.000000
17.934621,15.275961,48.686520,3147.888340,-0.710953,60.346177,9.592590,3.573492,0.000000
17.958332,15.319744,48.622673,3141.965483,-0.652861,60.364152,9.642726,3.592169,0.000000
17.981978,15.363461,48.564576,3135.995392,-0.593399,60.382114,9.684941,3.607895,0.000000
18.005563,15.407110,48.512103,3129.984353,-0.532860,60.400068,9.719310,3.620699,0.000000
18.029098,15.450688,48.465330,3123.937009,-0.471479,60.418022,9.745686,3.630525,0.000000
18.052575,15.494195,48.424303,3117.858139,-0.409507,60.435969,9.763975,3.637338,0.000000
18.075995,15.537634,48.389038,3111.752641,-0.347182,60.453903,9.774130,3.641120,0.000000
18.099356,15.581008,48.359545,3105.625479,-0.284746,60.471834,9.776155,3.641875,0.000000
18.122650,15.624305,48.336064,3099.481145,-0.222480,60.489763,9.769727,3.639480,0.000000
18.145890,15.667522,48.318606,3093.325247,-0.160656,60.507673,9.754871,3.633946,0.000000
18.169075,15.710673,48.306768,3087.163766,-0.099517,60.525586,9.732244,3.625517,0.000000
18.192196,15.753746,48.300452,3081.001678,-0.039296,60.543482,9.702055,3.614271,0.000000
18.215259,15.796749,48.299539,3074.843877,0.019780,60.561379,9.664560,3.600303,0.000000
18.238264,15.839688,48.303896,3068.695157,0.077475,60.579268,9.620052,3.583723,0.000000
18.261214,15.882546,48.313377,3062.560172,0.133578,60.597144,9.568862,3.564653,0.000000
18.284101,15.925333,48.327910,3056.444002,0.187830,60.615018,9.511210,3.543176,0.000000
18.306930,15.968049,48.347592,3050.352835,0.239890,60.632880,9.447177,3.519322,0.000000
18.329698,16.010689,48.371780,3044.289171,0.289735,60.650740,9.377710,3.493444,0.000000
18.352416,16.053257,48.400268,3038.256880,0.337187,60.668586,9.303248,3.465705,0.000000
18.375070,16.095754,48.432817,3032.259606,0.382096,60.686426,9.224240,3.436272,0.000000
18.397670,16.138183,48.469181,3026.300752,0.424316,60.704266,9.141147,3.405318,0.000000
18.420214,16.180547,48.509101,3020.383492,0.463713,60.722097,9.054434,3.373015,0.000000
18.442704,16.222838,48.552318,3014.510731,0.500180,60.739925,8.964569,3.339538,0.000000
18.465126,16.265047,48.598857,3008.690486,0.533267,60.757742,8.871776,3.304970,0.000000
18.487497,16.307199,48.648074,3002.920227,0.563209,60.775559,8.776846,3.269606,0.000000
18.509813,16.349278,48.699690,2997.202011,0.589933,60.793372,8.680227,3.233613,0.000000
18.532070,16.391289,48.753413,2991.537650,0.613398,60.811177,8.582359,3.197155,0.000000
18.554277,16.433236,48.808952,2985.928710,0.633545,60.828983,8.483665,3.160388,0.000000
18.576432,16.475116,48.866019,2980.376520,0.650356,60.846788,8.384553,3.123467,0.000000
18.598537,16.516928,48.924304,2974.882150,0.663805,60.864594,8.285416,3.086535,0.000000
18.620584,16.558682,48.983581,2969.451456,0.673601,60.882389,8.186684,3.049755,0.000000
18.642572,16.600362,49.043467,2964.081570,0.679968,60.900192,8.088727,3.013264,0.000000
18.664518,16.641988,49.103647,2958.771438,0.682991,60.917986,7.991864,2.977179,0.000000
18.686407,16.683550,49.163837,2953.521209,0.682713,60.935786,7.896401,2.941617,0.000000
18.708245,16.725048,49.223754,2948.330840,0.679173,60.953585,7.802626,2.906683,0.000000
18.730038,16.766490,49.283123,2943.200117,0.672418,60.971387,7.710804,2.872478,0.000000
18.751779,16.807872,49.341685,2938.128649,0.662505,60.989192,7.621184,2.839091,0.000000
18.773466,16.849187,49.399084,2933.119364,0.649325,61.006998,7.534148,2.806669,0.000000
18.795102,16.890447,49.455057,2928.170747,0.633004,61.024806,7.449905,2.775286,0.000000
18.816696,16.931653,49.509394,2923.279071,0.613758,61.042619,7.368519,2.744967,0.000000
18.838238,16.972800,49.561872,2918.443327,0.591685,61.060429,7.290159,2.715776,0.000000
18.859730,17.013896,49.612251,2913.662365,0.566880,61.078253,7.214976,2.687768,0.000000
18.881178,17.054933,49.660322,2908.934928,0.539434,61.096081,7.143106,2.660995,0.000000
18.902588,17.095925,49.705871,2904.259653,0.509465,61.113909,7.074670,2.635501,0.000000
18.923938,17.136855,49.748591,2899.636841,0.476987,61.131748,7.009909,2.611376,0.000000
18.945244,17.177730,49.788161,2895.066500,0.442059,61.149590,6.949063,2.588709,0.000000
18.966509,17.218557,49.824607,2890.543314,0.404954,61.167441,6.891954,2.567434,0.000000
18.987728,17.259336,49.857761,2886.065529,0.365805,61.185296,6.838655,2.547579,0.000000
19.008902,17.300058,49.887466,2881.631325,0.324730,61.203159,6.789228,2.529166,0.000000
19.030032,17.340736,49.913577,2877.238812,0.281851,61.221029,6.743726,2.512215,0.000000
19.051124,17.381358,49.935958,2872.886027,0.237305,61.238911,6.702194,2.496744,0.000000
19.072168,17.421936,49.954443,2868.571372,0.191192,61.256797,6.664720,2.482783,0.000000
19.093166,17.462460,49.968571,2864.295542,0.143542,61.274693,6.631680,2.470475,0.000000
19.114116,17.502944,49.978612,2860.052791,0.094644,61.292596,6.602713,2.459684,0.000000
19.135028,17.543376,49.984489,2855.840918,0.044628,61.310515,6.577838,2.450418,0.000000
19.155896,17.583757,49.986123,2851.657676,-0.006381,61.328434,6.557071,2.442681,0.000000
19.176727,17.624094,49.983452,2847.500781,-0.058232,61.346368,6.540422,2.436479,0.000000
19.197516,17.664385,49.976427,2843.367888,-0.110799,61.364310,6.527900,2.431814,0.000000
19.218254,17.704634,49.964995,2839.256630,-0.163935,61.382252,6.519508,2.428688,0.000000
19.238958,17.744829,49.948707,2835.166206,-0.217544,61.400217,6.515643,2.427248,0.000000
19.259613,17.784974,49.927918,2831.092286,-0.271421,61.418184,6.515955,2.427365,0.000000
19.280230,17.825082,49.902677,2827.032147,-0.325437,61.436165,6.520387,2.429016,0.000000
19.300808,17.865145,49.872991,2822.983255,-0.379442,61.454152,6.528929,2.432198,0.000000
19.321342,17.905158,49.838876,2818.943046,-0.433301,61.472147,6.541568,2.436906,0.000000
19.341841,17.945128,49.800359,2814.908936,-0.486878,61.490154,6.558286,2.443134,0.000000
19.362295,17.985050,49.757496,2810.878301,-0.540022,61.508174,6.579064,2.450875,0.000000
19.382706,18.024928,49.710012,2806.848348,-0.592565,61.526197,6.604167,2.460226,0.000000
19.403075,18.064765,49.658155,2802.816056,-0.644352,61.544232,6.633417,2.471122,0.000000
19.423401,18.104551,49.602151,2798.778706,-0.695272,61.562277,6.666634,2.483497,0.000000
19.443691,18.144291,49.542080,2794.733593,-0.745193,61.580326,6.703779,2.497334,0.000000
19.463936,18.183986,49.478051,2790.678009,-0.793978,61.598382,6.744807,2.512618,0.000000
19.484143,18.223638,49.410165,2786.609211,-0.841486,61.616446,6.789667,2.529329,0.000000
19.504311,18.263242,49.338553,2782.524477,-0.887596,61.634523,6.838300,2.547447,0.000000
19.524439,18.302804,49.263160,2778.420049,-0.932090,61.652602,6.890818,2.567011,0.000000
19.544516,18.342312,49.184122,2774.292534,-0.974799,61.670692,6.947179,2.588007,0.000000
19.564554,18.381768,49.101804,2770.140395,-1.015690,61.688786,7.007076,2.610320,0.000000
19.584554,18.421179,49.016366,2765.960939,-1.054640,61.706892,7.070414,2.633915,0.000000
19.604509,18.460551,48.927970,2761.751506,-1.091529,61.724999,7.137091,2.658754,0.000000
19.624421,18.499870,48.836806,2757.509468,-1.126239,61.743108,7.206989,2.684793,0.000000
19.644294,18.539143,48.743064,2753.232243,-1.158656,61.761230,7.279982,2.711985,0.000000
19.664128,18.578356,48.646886,2748.916329,-1.188606,61.779344,7.355996,2.740302,0.000000
19.683910,18.617524,48.548365,2744.556521,-1.215825,61.797470,7.435028,2.769744,0.000000
19.703650,18.656644,48.447924,2740.153653,-1.240425,61.815603,7.516660,2.800154,0.000000
19.723348,18.695716,48.345775,2735.705430,-1.262295,61.833731,7.600706,2.831463,0.000000
19.743008,18.734731,48.242148,2731.209634,-1.281359,61.851861,7.686968,2.863598,0.000000
19.762618,18.773694,48.137276,2726.664173,-1.297533,61.869993,7.775230,2.896478,0.000000
19.782185,18.812598,48.031396,2722.067042,-1.310747,61.888128,7.865262,2.930017,0.000000
19.801714,18.851457,47.924755,2717.416390,-1.320927,61.906264,7.956818,2.964124,0.000000
19.821189,18.890251,47.817562,2712.704341,-1.327693,61.924398,8.049743,2.998741,0.000000
19.840622,18.928993,47.710149,2707.935166,-1.331320,61.942525,8.143599,3.033705,0.000000
19.860009,18.967680,47.602763,2703.107522,-1.331762,61.960657,8.238091,3.068906,0.000000
19.879352,19.006308,47.495663,2698.220211,-1.329007,61.978781,8.332909,3.104228,0.000000
19.898644,19.044886,47.389096,2693.272230,-1.323039,61.996906,8.427732,3.139552,0.000000
19.917894,19.083396,47.283326,2688.262773,-1.313846,62.015022,8.522228,3.174754,0.000000
19.937095,19.121848,47.178591,2683.191234,-1.301441,62.033134,8.616052,3.209706,0.000000
19.956252,19.160243,47.075270,2678.051989,-1.285577,62.051236,8.708736,3.244233,0.000000
19.975357,19.198565,46.973558,2672.848607,-1.266486,62.069338,8.799939,3.278209,0.000000
19.994411,19.236833,46.873673,2667.582770,-1.244286,62.087436,8.889322,3.311506,0.000000
20.013419,19.275031,46.775840,2662.254852,-1.219048,62.105520,8.976518,3.343989,0.000000
20.032382,19.313166,46.680285,2656.865480,-1.190842,62.123593,9.061159,3.375520,0.000000
20.051294,19.351241,46.587237,2651.415519,-1.159755,62.141660,9.142882,3.405964,0.000000
20.070155,19.389244,46.496890,2645.906093,-1.125886,62.159718,9.221328,3.435187,0.000000
20.088962,19.427177,46.409648,2640.335190,-1.089193,62.177762,9.295908,3.462970,0.000000
20.107725,19.465042,46.325681,2634.705347,-1.049863,62.195793,9.366282,3.489186,0.000000
20.126430,19.502841,46.245031,2629.021281,-1.008161,62.213812,9.432307,3.513783,0.000000
20.145088,19.540568,46.167855,2623.285139,-0.964244,62.231817,9.493683,3.536647,0.000000
20.163694,19.578224,46.094304,2617.499290,-0.918270,62.249810,9.550128,3.557674,0.000000
20.182247,19.615812,46.024516,2611.666318,-0.870422,62.267790,9.601386,3.576769,0.000000
20.200754,19.653327,45.958609,2605.789005,-0.820887,62.285757,9.647226,3.593846,0.000000
20.219210,19.690772,45.896839,2599.868952,-0.769808,62.303711,9.687238,3.608751,0.000000
20.237600,19.728127,45.839454,2593.908322,-0.717362,62.321640,9.721016,3.621334,0.000000
20.255942,19.765415,45.786226,2587.913419,-0.663876,62.339556,9.748841,3.631700,0.000000
20.274237,19.802631,45.737216,2581.887699,-0.609556,62.357459,9.770614,3.639811,0.000000
20.292474,19.839771,45.692451,2575.834732,-0.554637,62.375344,9.786270,3.645643,0.000000
20.310660,19.876837,45.651958,2569.758182,-0.499328,62.393210,9.795783,3.649187,0.000000
20.328786,19.913821,45.615742,2563.661769,-0.443867,62.411064,9.799159,3.650445,0.000000
20.346867,19.950735,45.583824,2557.549127,-0.388474,62.428895,9.796368,3.649405,0.000000
20.364885,19.987557,45.556534,2551.423458,-0.333424,62.446710,9.786988,3.645911,0.000000
20.382858,20.024311,45.533402,2545.290057,-0.278939,62.464510,9.771727,3.640225,0.000000
20.400771,20.060985,45.514372,2539.152714,-0.225229,62.482284,9.750732,3.632404,0.000000
20.418634,20.097581,45.499343,2533.015175,-0.172512,62.500044,9.724185,3.622515,0.000000
20.436445,20.134099,45.488223,2526.881120,-0.121001,62.517790,9.692292,3.610634,0.000000
20.454197,20.170544,45.480905,2520.754154,-0.070894,62.535510,9.655287,3.596848,0.000000
20.471905,20.206906,45.477255,2514.637795,-0.022380,62.553215,9.613426,3.581254,0.000000
20.489547,20.243192,45.477447,2508.537098,0.024165,62.570904,9.566575,3.563801,0.000000
20.507137,20.279394,45.481039,2502.454484,0.068689,62.588570,9.515444,3.544753,0.000000
20.524676,20.315523,45.487801,2496.392863,0.111058,62.606224,9.460404,3.524250,0.000000
20.542164,20.351569,45.497572,2490.355184,0.151122,62.623865,9.401781,3.502411,0.000000
20.559601,20.387545,45.510154,2484.344232,0.188738,62.641486,9.339909,3.479362,0.000000
20.576987,20.423440,45.525355,2478.362618,0.223782,62.659090,9.275129,3.455229,0.000000
20.594321,20.459265,45.542975,2472.412780,0.256133,62.676671,9.207785,3.430142,0.000000
20.611601,20.495010,45.562951,2466.499588,0.285479,62.694238,9.138090,3.404179,0.000000
20.628828,20.530676,45.584963,2460.624121,0.311814,62.711798,9.066510,3.377514,0.000000
20.646004,20.566265,45.608717,2454.786976,0.335178,62.729330,8.993466,3.350303,0.000000
20.663129,20.601777,45.633986,2448.989788,0.355500,62.746857,8.919293,3.322671,0.000000
20.680203,20.637219,45.660544,2443.234016,0.372739,62.764372,8.844318,3.294741,0.000000
20.697226,20.672590,45.688163,2437.520938,0.386842,62.781865,8.768862,3.266632,0.000000
20.714207,20.707893,45.716618,2431.851636,0.397792,62.799352,8.693232,3.238458,0.000000
20.731127,20.743108,45.745711,2426.229196,0.405426,62.816818,8.617748,3.210338,0.000000
20.748002,20.778263,45.775177,2420.654994,0.409703,62.834278,8.542740,3.182396,0.000000
20.764826,20.813342,45.804759,2415.126833,0.410826,62.851719,8.468468,3.154727,0.000000
20.781604,20.848348,45.834244,2409.645063,0.408810,62.869155,8.395187,3.127428,0.000000
20.798338,20.883285,45.863413,2404.209866,0.403690,62.886579,8.323141,3.100589,0.000000
20.815020,20.918153,45.892048,2398.821265,0.395510,62.903990,8.252559,3.074296,0.000000
20.831661,20.952956,45.919936,2393.479152,0.384318,62.921397,8.183656,3.048627,0.000000
20.848251,20.987694,45.946859,2388.184336,0.370108,62.938783,8.116682,3.023678,0.000000
20.864788,21.022354,45.972525,2382.939163,0.352785,62.956168,8.051973,2.999572,0.000000
20.881286,21.056956,45.996813,2377.739143,0.332671,62.973546,7.989535,2.976312,0.000000
20.897738,21.091486,46.019554,2372.583596,0.309851,62.990912,7.929528,2.953958,0.000000
20.914142,21.125952,46.040565,2367.471714,0.284417,63.008273,7.872096,2.932563,0.000000
20.930507,21.160354,46.059679,2362.402583,0.256466,63.025623,7.817371,2.912176,0.000000
20.946821,21.194693,46.076726,2357.375183,0.226098,63.042973,7.765475,2.892844,0.000000
20.963094,21.228967,46.091575,2352.388396,0.193432,63.060304,7.716517,2.874606,0.000000
20.979323,21.263181,46.103785,2347.445113,0.158348,63.077641,7.670935,2.857625,0.000000
20.995504,21.297324,46.113490,2342.539653,0.121210,63.094968,7.628497,2.841816,0.000000
21.011646,21.331407,46.120553,2337.670597,0.082147,63.112292,7.589277,2.827206,0.000000
21.027744,21.365425,46.124851,2332.836435,0.041280,63.129602,7.553346,2.813820,0.000000
21.043799,21.399392,46.126293,2328.035612,-0.001248,63.146914,7.520761,2.801681,0.000000
21.059815,21.433299,46.124774,2323.266491,-0.045318,63.164221,7.491576,2.790809,0.000000
21.075783,21.467143,46.120206,2318.527366,-0.090789,63.181526,7.465833,2.781219,0.000000
21.091707,21.500918,46.112250,2313.818674,-0.137610,63.198819,7.443864,2.773035,0.000000
21.107593,21.534639,46.101013,2309.136693,-0.185557,63.216113,7.425495,2.766192,0.000000
21.123440,21.568299,46.086512,2304.478837,-0.234454,63.233402,7.410662,2.760667,0.000000
21.139244,21.601903,46.068714,2299.843170,-0.284161,63.250684,7.399380,2.756464,0.000000
21.155003,21.635443,46.047569,2295.227692,-0.334523,63.267966,7.391659,2.753587,0.000000
21.170732,21.668927,46.023054,2290.630352,-0.385401,63.285247,7.387502,2.752039,0.000000
21.186407,21.702361,45.995167,2286.049068,-0.436648,63.302520,7.386907,2.751817,0.000000
21.202049,21.735728,45.963675,2281.482432,-0.488112,63.319790,7.390079,2.752999,0.000000
21.217648,21.769031,45.928644,2276.927809,-0.539628,63.337059,7.396961,2.755562,0.000000
21.233204,21.802283,45.890236,2272.382343,-0.591038,63.354318,7.407359,2.759436,0.000000
21.248724,21.835478,45.848485,2267.843825,-0.642191,63.371577,7.421247,2.764610,0.000000
21.264200,21.868610,45.803433,2263.310006,-0.692943,63.388836,7.438594,2.771072,0.000000
21.279637,21.901693,45.755114,2258.778615,-0.743141,63.406087,7.459361,2.778808,0.000000
21.295036,21.934711,45.703585,2254.247381,-0.792648,63.423335,7.483504,2.787802,0.000000
21.310395,21.967672,45.648795,2249.713834,-0.841276,63.440582,7.511088,2.798078,0.000000
21.325712,22.000575,45.590722,2245.175232,-0.888829,63.457818,7.542170,2.809657,0.000000
21.340983,22.033418,45.529671,2240.629448,-0.935235,63.475055,7.576440,2.822423,0.000000
21.356220,22.066206,45.465736,2236.074174,-0.980348,63.492286,7.613827,2.836351,0.000000
21.371418,22.098935,45.399014,2231.507139,-1.024041,63.509511,7.654249,2.851409,0.000000
21.386576,22.131606,45.329619,2226.926070,-1.066172,63.526729,7.697618,2.867565,0.000000
21.401691,22.164222,45.257663,2222.328705,-1.106620,63.543942,7.743836,2.884783,0.000000
21.416767,22.196776,45.183254,2217.712591,-1.145222,63.561146,7.792829,2.903034,0.000000
21.431800,22.229262,45.106321,2213.073512,-1.181692,63.578348,7.844691,2.922354,0.000000
21.446788,22.261693,45.027263,2208.411164,-1.216092,63.595547,7.899034,2.942598,0.000000
21.461742,22.294061,44.946205,2203.723454,-1.248300,63.612734,7.955722,2.963716,0.000000
21.476655,22.326371,44.863315,2199.008353,-1.278214,63.629907,8.014610,2.985653,0.000000
21.491530,22.358622,44.778747,2194.263871,-1.305742,63.647075,8.075543,3.008352,0.000000
21.506361,22.390810,44.692663,2189.488120,-1.330776,63.664243,8.138358,3.031752,0.000000
21.521154,22.422933,44.605238,2184.679276,-1.353242,63.681392,8.202878,3.055788,0.000000
21.535894,22.454998,44.516540,2179.832091,-1.372789,63.698536,8.269049,3.080438,0.000000
21.550595,22.486996,44.426874,2174.947700,-1.389570,63.715667,8.336526,3.105575,0.000000
21.565258,22.518925,44.336424,2170.025014,-1.403547,63.732785,8.405086,3.131116,0.000000
21.579883,22.550798,44.245383,2165.062649,-1.414666,63.749896,8.474513,3.156979,0.000000
21.594462,22.582607,44.153932,2160.059312,-1.422892,63.766994,8.544584,3.183082,0.000000
21.608998,22.614344,44.062259,2155.013870,-1.428182,63.784074,8.615067,3.209339,0.000000
21.623497,22.646023,43.970545,2149.925312,-1.430522,63.801151,8.685722,3.235660,0.000000
21.637943,22.677625,43.879019,2144.789543,-1.429666,63.818205,8.756280,3.261945,0.000000
21.652349,22.709160,43.787875,2139.607352,-1.425737,63.835245,8.826460,3.288088,0.000000
21.666717,22.740632,43.697293,2134.379813,-1.418836,63.852273,8.896008,3.313997,0.000000
21.681041,22.772034,43.607457,2129.106577,-1.408993,63.869288,8.964666,3.339574,0.000000
21.695314,22.803367,43.518541,2123.787453,-1.396245,63.886284,9.032171,3.364721,0.000000
21.709544,22.834627,43.430728,2118.422425,-1.380630,63.903262,9.098261,3.389342,0.000000
21.723736,22.865820,43.344187,2113.011646,-1.362205,63.920218,9.162676,3.413338,0.000000
21.737877,22.896946,43.259166,2107.553307,-1.340909,63.937168,9.225053,3.436575,0.000000
21.751976,22.927981,43.175865,2102.047445,-1.316815,63.954085,9.285076,3.458935,0.000000
21.766031,22.958953,43.094348,2096.497541,-1.290164,63.970992,9.342619,3.480371,0.000000
21.780036,22.989852,43.014759,2090.904497,-1.261072,63.987871,9.397445,3.500796,0.000000
21.794003,23.020674,42.937238,2085.269402,-1.229660,64.004737,9.449329,3.520124,0.000000
21.807919,23.051424,42.861903,2079.593513,-1.196043,64.021582,9.498054,3.538275,0.000000
21.821784,23.082097,42.788884,2073.878248,-1.160367,64.038402,9.543421,3.555176,0.000000
21.835617,23.112702,42.718357,2068.124324,-1.122744,64.055197,9.585155,3.570722,0.000000
21.849387,23.143214,42.650566,2062.331509,-1.083233,64.071974,9.622840,3.584761,0.000000
21.863116,23.173650,42.585408,2056.504873,-1.042164,64.088726,9.656634,3.597350,0.000000
21.876798,23.204009,42.522954,2050.646472,-0.999713,64.105453,9.686409,3.608442,0.000000
21.890436,23.234297,42.463263,2044.758464,-0.956069,64.122154,9.712059,3.617997,0.000000
21.904031,23.264499,42.406384,2038.843115,-0.911407,64.138836,9.733499,3.625984,0.000000
21.917569,23.294625,42.352366,2032.902788,-0.865921,64.155497,9.750666,3.632380,0.000000
21.931064,23.324677,42.301241,2026.939957,-0.819819,64.172123,9.763519,3.637168,0.000000
21.944515,23.354634,42.253318,2020.955246,-0.773257,64.188730,9.771574,3.640169,0.000000
21.957915,23.384513,42.208308,2014.953647,-0.726521,64.205310,9.775307,3.641559,0.000000
21.971264,23.414312,42.166196,2008.937800,-0.679791,64.221859,9.774753,3.641353,0.000000
21.984568,23.444026,42.126946,2002.910380,-0.633287,64.238389,9.769969,3.639570,0.000000
21.997826,23.473664,42.090537,1996.874085,-0.587199,64.254895,9.761031,3.636241,0.000000
22.011033,23.503218,42.056913,1990.831587,-0.541724,64.271374,9.748038,3.631401,0.000000
22.024199,23.532691,42.026028,1984.785577,-0.497053,64.287819,9.731107,3.625093,0.000000
22.037311,23.562081,41.998026,1978.738843,-0.453490,64.304245,9.710069,3.617256,0.000000
22.050373,23.591381,41.972665,1972.694351,-0.411170,64.320643,9.685325,3.608038,0.000000
22.063393,23.620605,41.949783,1966.654658,-0.370240,64.337010,9.657138,3.597538,0.000000
22.076362,23.649747,41.929285,1960.622261,-0.330880,64.353359,9.625699,3.585826,0.000000
22.089286,23.678807,41.911066,1954.599575,-0.293246,64.369683,9.591205,3.572976,0.000000
22.102165,23.707782,41.895001,1948.588936,-0.257487,64.385973,9.553867,3.559067,0.000000
22.114992,23.736676,41.880977,1942.592580,-0.223760,64.402244,9.513906,3.544180,0.000000
22.127775,23.765490,41.868968,1936.613764,-0.192314,64.418489,9.471419,3.528353,0.000000
22.140508,23.794221,41.858794,1930.654627,-0.163287,64.434708,9.426700,3.511694,0.000000
22.153199,23.822866,41.850229,1924.716237,-0.136676,64.450901,9.380102,3.494335,0.000000
22.165839,23.851430,41.843116,1918.800383,-0.112584,64.467069,9.331864,3.476365,0.000000
22.178435,23.879911,41.837307,1912.908732,-0.091090,64.483211,9.282228,3.457874,0.000000
22.190984,23.908315,41.832643,1907.042812,-0.072281,64.499335,9.231436,3.438953,0.000000
22.203491,23.936642,41.828975,1901.204031,-0.056219,64.515438,9.179725,3.419689,0.000000
22.215948,23.964890,41.826163,1895.394731,-0.043069,64.531504,9.127316,3.400165,0.000000
22.228361,23.993044,41.824060,1889.617284,-0.032977,64.547562,9.074455,3.380473,0.000000
22.240727,24.021125,41.822426,1883.870606,-0.025774,64.563589,9.021413,3.360714,0.000000
22.253049,24.049133,41.821121,1878.155544,-0.021474,64.579598,8.968410,3.340969,0.000000
22.265327,24.077058,41.819978,1872.472826,-0.020086,64.595581,8.915659,3.321317,0.000000
22.277566,24.104906,41.818830,1866.823053,-0.021609,64.611546,8.863363,3.301836,0.000000
22.289758,24.132677,41.817526,1861.206709,-0.026035,64.627490,8.811721,3.282598,0.000000
22.301898,24.160371,41.815913,1855.624522,-0.033362,64.643408,8.760932,3.263678,0.000000
22.314005,24.187981,41.813767,1850.079646,-0.043808,64.659311,8.711283,3.245182,0.000000
22.326064,24.215514,41.810983,1844.568880,-0.057038,64.675198,8.662858,3.227143,0.000000
22.338081,24.242975,41.807418,1839.092199,-0.073005,64.691059,8.615816,3.209618,0.000000
22.350052,24.270367,41.802922,1833.649455,-0.091652,64.706901,8.570306,3.192665,0.000000
22.361984,24.297681,41.797373,1828.240402,-0.112901,64.722730,8.526470,3.176334,0.000000
22.373879,24.324920,41.790632,1822.864673,-0.136678,64.738538,8.484437,3.160676,0.000000
22.385725,24.352081,41.782575,1817.521830,-0.162900,64.754330,8.444330,3.145735,0.000000
22.397527,24.379170,41.772948,1812.214357,-0.191686,64.770096,8.406468,3.131631,0.000000
22.409291,24.406184,41.761728,1806.938820,-0.222740,64.785850,8.370792,3.118340,0.000000
22.421017,24.433130,41.748836,1801.694068,-0.255917,64.801591,8.337370,3.105890,0.000000
22.432704,24.460000,41.734178,1796.479264,-0.291104,64.817314,8.306284,3.094309,0.000000
22.444346,24.486799,41.717653,1791.293483,-0.328190,64.833018,8.277612,3.083628,0.000000
22.455945,24.513527,41.699184,1786.135727,-0.367058,64.848709,8.251420,3.073871,0.000000
22.467516,24.540188,41.678683,1781.004914,-0.407570,64.864387,8.227767,3.065060,0.000000
22.479036,24.566769,41.655937,1775.901691,-0.449703,64.880042,8.206895,3.057284,0.000000
22.490516,24.593284,41.630946,1770.823757,-0.493249,64.895691,8.188760,3.050528,0.000000
22.501958,24.619731,41.603725,1765.768895,-0.538019,64.911319,8.173301,3.044770,0.000000
22.513362,24.646101,41.574237,1760.735759,-0.583872,64.926933,8.160546,3.040018,0.000000
22.524727,24.672408,41.542444,1755.722952,-0.630663,64.942529,8.150515,3.036281,0.000000
22.536054,24.698648,41.508308,1750.729034,-0.678247,64.958114,8.143222,3.033564,0.000000
22.547343,24.724811,41.471801,1745.752508,-0.726482,64.973681,8.138672,3.031870,0.000000
22.558591,24.750916,41.432804,1740.792502,-0.775229,64.989243,8.136998,3.031246,0.000000
22.569799,24.776940,41.391276,1735.847412,-0.824320,65.004781,8.138224,3.031702,0.000000
22.580968,24.802895,41.347363,1730.914661,-0.873590,65.020306,8.142169,3.033172,0.000000
22.592100,24.828789,41.301070,1725.992603,-0.922884,65.035819,8.148813,3.035647,0.000000
22.603193,24.854613,41.252414,1721.079556,-0.972053,65.051318,8.158127,3.039117,0.000000
22.614255,24.880365,41.201421,1716.173823,-1.020948,65.066798,8.170077,3.043569,0.000000
22.625274,24.906050,41.148119,1711.273694,-1.069412,65.082269,8.184621,3.048987,0.000000
22.636251,24.931669,41.092486,1706.377467,-1.117294,65.097720,8.201771,3.055376,0.000000
22.647196,24.957217,41.034456,1701.483325,-1.164383,65.113166,8.221619,3.062769,0.000000
22.658097,24.982695,40.974265,1696.589224,-1.210593,65.128589,8.243886,3.071064,0.000000
22.668967,25.008113,40.911968,1691.693409,-1.255775,65.143999,8.268503,3.080235,0.000000
22.679799,25.033454,40.847639,1686.794141,-1.299802,65.159391,8.295397,3.090254,0.000000
22.690593,25.058726,40.781348,1681.889701,-1.342533,65.174772,8.324484,3.101089,0.000000
22.701348,25.083934,40.713173,1676.978372,-1.383845,65.190135,8.355675,3.112709,0.000000
22.712065,25.109078,40.643202,1672.058449,-1.423612,65.205483,8.388876,3.125077,0.000000
22.722740,25.134142,40.571341,1667.127008,-1.461514,65.220815,8.424179,3.138228,0.000000
22.733376,25.159146,40.497886,1662.183363,-1.497618,65.236125,8.461259,3.152042,0.000000
22.743978,25.184069,40.422931,1657.225934,-1.531812,65.251422,8.499998,3.166473,0.000000
22.754544,25.208928,40.346591,1652.253190,-1.563993,65.266705,8.540274,3.181477,0.000000
22.765072,25.233723,40.268965,1647.263630,-1.594063,65.281970,8.581956,3.197004,0.000000
22.775558,25.258446,40.190170,1642.255819,-1.621934,65.297209,8.624909,3.213006,0.000000
22.786013,25.283102,40.110329,1637.228393,-1.647534,65.312441,8.668992,3.229427,0.000000
22.796427,25.307677,40.029475,1632.178169,-1.670569,65.327649,8.714126,3.246241,0.000000
22.806803,25.332178,39.947806,1627.105044,-1.691120,65.342834,8.760083,3.263361,0.000000
22.817136,25.356617,39.865478,1622.008387,-1.709178,65.358002,8.806681,3.280720,0.000000
22.827429,25.380977,39.782605,1616.887148,-1.724703,65.373150,8.853756,3.298257,0.000000
22.837689,25.405273,39.699312,1611.740370,-1.737667,65.388285,8.901143,3.315910,0.000000
22.847911,25.429497,39.615734,1606.567177,-1.748027,65.403391,8.948671,3.333615,0.000000
22.858095,25.453644,39.531988,1601.366815,-1.755770,65.418477,8.996168,3.351309,0.000000
22.868238,25.477711,39.448214,1596.136898,-1.760728,65.433540,9.043436,3.368918,0.000000
22.878341,25.501708,39.364549,1590.877126,-1.762942,65.448586,9.090277,3.386367,0.000000
22.888406,25.525629,39.281116,1585.588431,-1.762552,65.463607,9.136527,3.403597,0.000000
22.898433,25.549478,39.198034,1580.270516,-1.759576,65.478602,9.182009,3.420540,0.000000
22.908421,25.573257,39.115424,1574.923175,-1.754052,65.493571,9.226551,3.437133,0.000000
22.918371,25.596951,39.033407,1569.546350,-1.746034,65.508523,9.269980,3.453312,0.000000
22.928273,25.620574,38.952091,1564.140067,-1.735579,65.523453,9.312129,3.469013,0.000000
22.938144,25.644120,38.871610,1558.703471,-1.722657,65.538346,9.352778,3.484156,0.000000
22.947973,25.667584,38.792120,1553.235807,-1.707288,65.553222,9.391687,3.498650,0.000000
22.957757,25.690972,38.713658,1547.739649,-1.689733,65.568069,9.428813,3.512481,0.000000
22.967507,25.714283,38.636314,1542.215534,-1.670090,65.582887,9.464015,3.525595,0.000000
22.977211,25.737517,38.560180,1536.664132,-1.648465,65.597681,9.497157,3.537941,0.000000
22.986877,25.760674,38.485335,1531.086216,-1.624971,65.612451,9.528114,3.549473,0.000000
22.996505,25.783747,38.411849,1525.482654,-1.599747,65.627190,9.556772,3.560149,0.000000
23.006094,25.806749,38.339800,1519.854173,-1.572902,65.641901,9.582996,3.569918,0.000000
23.015640,25.829657,38.269400,1514.199983,-1.544476,65.656584,9.606473,3.578664,0.000000
23.025140,25.852488,38.200546,1508.523652,-1.514767,65.671239,9.627358,3.586444,0.000000
23.034606,25.875239,38.133288,1502.826466,-1.483935,65.685860,9.645588,3.593235,0.000000
23.044027,25.897911,38.067655,1497.109796,-1.452144,65.700455,9.661111,3.599018,0.000000
23.053410,25.920498,38.003690,1491.375079,-1.419556,65.715024,9.673888,3.603778,0.000000
23.062754,25.943009,37.941405,1485.623824,-1.386342,65.729560,9.683896,3.607506,0.000000
23.072050,25.965436,37.880806,1479.857605,-1.352682,65.744067,9.691124,3.610199,0.000000
23.081312,25.987776,37.822067,1474.076911,-1.318727,65.758545,9.695311,3.611758,0.000000
23.090526,26.010029,37.765054,1468.284682,-1.284700,65.772987,9.696708,3.612279,0.000000
23.099702,26.032205,37.709717,1462.482793,-1.250785,65.787403,9.695385,3.611786,0.000000
23.108839,26.054299,37.656049,1456.672974,-1.217156,65.801788,9.691388,3.610297,0.000000
23.117931,26.076304,37.604015,1450.856957,-1.183986,65.816142,9.684776,3.607834,0.000000
23.126980,26.098235,37.553587,1445.036498,-1.151445,65.830462,9.675621,3.604423,0.000000
23.135990,26.120074,37.504716,1439.213353,-1.119707,65.844754,9.664005,3.600096,0.000000
23.144960,26.141837,37.457464,1433.389324,-1.089014,65.859017,9.649859,3.594826,0.000000
23.153890,26.163502,37.411723,1427.566380,-1.059510,65.873243,9.633385,3.588689,0.000000
23.162778,26.185091,37.367369,1421.746262,-1.031325,65.887444,9.614783,3.581760,0.000000
23.171620,26.206594,37.324335,1415.930630,-1.004592,65.901614,9.594176,3.574083,0.000000
23.180424,26.228014,37.282558,1410.121116,-0.979457,65.915752,9.571695,3.565708,0.000000
23.189189,26.249355,37.241953,1404.319315,-0.956055,65.929864,9.547474,3.556685,0.000000
23.197916,26.270614,37.202428,1398.526758,-0.934514,65.943942,9.521657,3.547068,0.000000
23.206603,26.291780,37.163964,1392.745527,-0.915049,65.957991,9.494328,3.536887,0.000000
23.215240,26.312863,37.126456,1386.977386,-0.897812,65.972011,9.465640,3.526200,0.000000
23.223844,26.333867,37.089758,1381.223019,-0.882779,65.985996,9.435833,3.515096,0.000000
23.232403,26.354782,37.053775,1375.483707,-0.870035,65.999955,9.405062,3.503633,0.000000
23.240923,26.375613,37.018401,1369.760644,-0.859658,66.013889,9.373483,3.491869,0.000000
23.249404,26.396367,36.983535,1364.054975,-0.851719,66.027790,9.341248,3.479861,0.000000
23.257848,26.417045,36.949089,1358.367743,-0.846281,66.041661,9.308514,3.467667,0.000000
23.266252,26.437634,36.914960,1352.700411,-0.843440,66.055507,9.275429,3.455341,0.000000
23.274615,26.458129,36.881038,1347.055204,-0.843410,66.069324,9.242148,3.442943,0.000000
23.282936,26.478554,36.847209,1341.431264,-0.845998,66.083113,9.208846,3.430537,0.000000
23.291215,26.498895,36.813365,1335.829292,-0.851212,66.096873,9.175666,3.418177,0.000000
23.299463,26.519153,36.779397,1330.249905,-0.859064,66.110608,9.142748,3.405914,0.000000
23.307665,26.539328,36.745220,1324.693645,-0.869546,66.124319,9.110227,3.393799,0.000000
23.315833,26.559427,36.710723,1319.160969,-0.882650,66.138000,9.078231,3.381880,0.000000
23.323966,26.579450,36.675818,1313.652235,-0.898342,66.151653,9.046887,3.370203,0.000000
23.332056,26.599386,36.640336,1308.170397,-0.916873,66.165288,9.016409,3.358850,0.000000
23.340108,26.619238,36.604239,1302.713035,-0.937913,66.178887,8.986836,3.347833,0.000000
23.348122,26.639019,36.567446,1297.280249,-0.961413,66.192464,8.958274,3.337193,0.000000
23.356097,26.658715,36.529859,1291.872071,-0.987312,66.206018,8.930824,3.326967,0.000000
23.364034,26.678335,36.491400,1286.488438,-1.015546,66.219548,8.904578,3.317190,0.000000
23.371933,26.697878,36.452001,1281.129234,-1.046024,66.233056,8.879624,3.307894,0.000000
23.379803,26.717344,36.411577,1275.794255,-1.078673,66.246539,8.856042,3.299109,0.000000
23.387633,26.736727,36.369964,1270.485206,-1.113569,66.259994,8.834035,3.290910,0.000000
23.395415,26.756023,36.327153,1265.200273,-1.150486,66.273425,8.813590,3.283294,0.000000
23.403171,26.775251,36.283112,1259.938445,-1.189253,66.286840,8.794730,3.276268,0.000000
23.410892,26.794403,36.237792,1254.699228,-1.229772,66.300229,8.777510,3.269853,0.000000
23.418575,26.813484,36.191137,1249.482072,-1.271922,66.313593,8.761975,3.264066,0.000000
23.426216,26.832486,36.143107,1244.286354,-1.315587,66.326939,8.748166,3.258922,0.000000
23.433825,26.851408,36.093651,1239.111418,-1.360640,66.340263,8.736115,3.254433,0.000000
23.441405,26.870259,36.042653,1233.957684,-1.407026,66.353560,8.725959,3.250649,0.000000
23.448938,26.889021,35.990089,1228.824038,-1.454569,66.366832,8.717700,3.247573,0.000000
23.456441,26.907716,35.936017,1223.708680,-1.503092,66.380088,8.711265,3.245175,0.000000
23.463906,26.926340,35.880405,1218.610731,-1.552443,66.393324,8.706660,3.243460,0.000000
23.471339,26.944887,35.823255,1213.529272,-1.602491,66.406534,8.703887,3.242427,0.000000
23.478738,26.963360,35.764552,1208.463347,-1.653088,66.419728,8.702940,3.242074,0.000000
23.486100,26.981760,35.704282,1203.411960,-1.704101,66.432896,8.703808,3.242398,0.000000
23.493432,27.000080,35.642407,1198.374529,-1.755387,66.446045,8.706539,3.243415,0.000000
23.500724,27.018321,35.578874,1193.350327,-1.806787,66.459170,8.711171,3.245140,0.000000
23.507981,27.036494,35.513803,1188.337305,-1.858144,66.472278,8.717544,3.247514,0.000000
23.515203,27.054595,35.447222,1183.334365,-1.909324,66.485362,8.725623,3.250524,0.000000
23.522392,27.072621,35.379146,1178.340387,-1.960181,66.498425,8.735368,3.254154,0.000000
23.529546,27.090571,35.309606,1173.354247,-2.010574,66.511468,8.746732,3.258388,0.000000
23.536667,27.108458,35.238641,1168.374803,-2.060383,66.524495,8.759664,3.263205,0.000000
23.543761,27.126260,35.166253,1163.400979,-2.109446,66.537489,8.774124,3.268592,0.000000
23.550807,27.143988,35.092391,1158.431870,-2.157566,66.550474,8.790168,3.274569,0.000000
23.557831,27.161643,35.017223,1153.465831,-2.204687,66.563427,8.807581,3.281056,0.000000
23.564813,27.179229,34.940799,1148.501730,-2.250679,66.576362,8.826291,3.288026,0.000000
23.571763,27.196738,34.863180,1143.538462,-2.295438,66.589273,8.846223,3.295451,0.000000
23.578682,27.214178,34.784406,1138.574924,-2.338858,66.602164,8.867294,3.303300,0.000000
23.585567,27.231546,34.704556,1133.610054,-2.380823,66.615035,8.889420,3.311543,0.000000
23.592414,27.248837,34.623668,1128.642798,-2.421245,66.627880,8.912511,3.320145,0.000000
23.599230,27.266046,34.541739,1123.671719,-2.459865,66.640708,8.936549,3.329100,0.000000
23.606010,27.283187,34.458917,1118.696026,-2.496730,66.653510,8.961355,3.338341,0.000000
23.612760,27.300255,34.375281,1113.714820,-2.531792,66.666287,8.986818,3.347826,0.000000
23.619478,27.317254,34.290899,1108.727216,-2.564968,66.679044,9.012836,3.357519,0.000000
23.626156,27.334176,34.205848,1103.732355,-2.596209,66.691774,9.039304,3.367379,0.000000
23.632808,27.351022,34.120199,1098.729453,-2.625463,66.704483,9.066115,3.377366,0.000000
23.639419,27.367792,34.034014,1093.717757,-2.652693,66.717169,9.093160,3.387441,0.000000
23.645998,27.384490,33.947354,1088.695846,-2.677711,66.729828,9.120331,3.397563,0.000000
23.652549,27.401111,33.860309,1083.663358,-2.700570,66.742460,9.147500,3.407685,0.000000
23.659061,27.417661,33.772976,1078.620106,-2.721331,66.755067,9.174552,3.417762,0.000000
23.665535,27.434132,33.685425,1073.565592,-2.739984,66.767653,9.201377,3.427755,0.000000
23.671977,27.450533,33.597722,1068.499405,-2.756544,66.780214,9.227867,3.437623,0.000000
23.678394,27.466857,33.509946,1063.421196,-2.771030,66.792744,9.253913,3.447326,0.000000
23.684776,27.483104,33.422159,1058.330691,-2.783466,66.805258,9.279410,3.456824,0.000000
23.691117,27.499281,33.334442,1053.227094,-2.793787,66.817736,9.304218,3.466066,0.000000
23.697421,27.515369,33.246856,1048.110090,-2.802036,66.830187,9.328214,3.475005,0.000000
23.703698,27.531390,33.159475,1042.980413,-2.808377,66.842612,9.351342,3.483621,0.000000
23.709945,27.547334,33.072356,1037.838110,-2.812886,66.855012,9.373511,3.491879,0.000000
23.716154,27.563201,32.985548,1032.683284,-2.815637,66.867386,9.394633,3.499748,0.000000
23.722325,27.578992,32.899111,1027.516132,-2.816714,66.879727,9.414627,3.507196,0.000000
23.728466,27.594706,32.813087,1022.336916,-2.816207,66.892048,9.433416,3.514196,0.000000
23.734571,27.610342,32.727538,1017.145711,-2.814192,66.904335,9.450897,3.520708,0.000000
23.740645,27.625896,32.642554,1011.942285,-2.810692,66.916592,9.466917,3.526676,0.000000
23.746681,27.641381,32.558116,1006.728112,-2.805973,66.928825,9.481530,3.532119,0.000000
23.752683,27.656780,32.474266,1001.503757,-2.800136,66.941027,9.494686,3.537020,0.000000
9.911825,11.537886,42.705881,3491.235598,-1.289597,54.130310,16.945114,6.312501,0.000000
0.085871,0.085871,50.016262,5257.709259,-0.010301,45.000152,22.195576,8.268436,0.000000
0.142451,0.142451,50.038296,5243.596215,0.311845,45.000266,22.008431,8.198720,0.000000
0.198879,0.198879,50.109547,5229.553819,0.629654,45.000390,21.672435,8.073552,0.000000
0.255136,0.255138,50.233935,5215.699482,0.939450,45.000529,21.184696,7.891857,0.000000
0.311243,0.311251,50.404615,5202.105689,1.239378,45.000689,20.575608,7.664955,0.000000
0.367202,0.367206,50.619689,5188.845269,1.527326,45.000856,19.862022,7.399126,0.000000
0.423005,0.423021,50.876990,5175.980897,1.801475,45.001050,19.062087,7.101129,0.000000
0.478668,0.478688,51.174135,5163.564384,2.060327,45.001261,18.194484,6.777924,0.000000
0.534191,0.534211,51.508591,5151.636454,2.302735,45.001494,17.277662,6.436384,0.000000
0.589582,0.589602,51.877683,5140.227046,2.527863,45.001753,16.329198,6.083056,0.000000
0.644834,0.644847,52.280418,5129.402938,2.723326,44.980738,15.366673,5.724490,-5.566759
0.700092,0.699842,52.702694,5119.153695,2.801784,44.757211,14.424807,5.373620,-51.999999
0.755444,0.754521,53.135072,5109.461054,2.869375,44.546979,13.523650,5.037915,-51.999999
0.810878,0.808899,53.575982,5100.302086,2.926550,44.349507,12.665371,4.718184,-51.999999
0.866389,0.862990,54.023937,5091.652608,2.973799,44.164220,11.851326,4.414931,-51.999999
0.921963,0.916824,54.477519,5083.487730,3.011602,43.990512,11.082088,4.128369,-51.999999
0.977610,0.970406,54.935397,5075.782280,3.040469,43.827785,10.357578,3.858470,-51.999999
1.033315,1.023741,55.396429,5068.535531,3.060428,43.676017,9.679754,3.605963,-51.999999
1.089074,1.076850,55.859239,5061.714573,3.072125,43.534393,9.046895,3.370206,-51.999999
1.144884,1.129754,56.322615,5055.274493,3.076460,43.401830,8.455420,3.149867,-51.999999
1.200741,1.182469,56.785533,5049.192169,3.073894,43.277759,7.903673,2.944326,-51.999999
1.256635,1.235006,57.247058,5043.445414,3.064863,43.161639,7.389840,2.752910,-51.999999
1.312568,1.287374,57.706309,5038.013081,3.049814,43.052940,6.912008,2.574905,-51.999999
1.368539,1.339589,58.162454,5032.875079,3.029140,42.951151,6.468215,2.409580,-51.999999
1.424529,1.391655,58.614571,5028.021571,3.003047,42.856031,6.057550,2.256597,-51.999999
1.480558,1.443562,59.061705,5023.442030,2.971788,42.767287,5.678919,2.115547,-51.999999
1.536616,1.495345,59.503495,5019.100137,2.936052,42.684052,5.328103,1.984859,-51.999999
1.592688,1.547012,59.939335,5014.980451,2.896168,42.605920,5.003262,1.863847,-51.999999
1.648786,1.598564,60.368683,5011.068566,2.852420,42.532541,4.702628,1.751853,-51.999999
1.704904,1.650002,60.791023,5007.351046,2.805091,42.463567,4.424514,1.648248,-51.999999
1.761039,1.701342,61.205873,5003.815388,2.754447,42.398691,4.167325,1.552438,-51.999999
1.817197,1.752592,61.612698,5000.451801,2.700678,42.337645,3.929761,1.463939,-51.999999
1.873360,1.803734,62.010331,4997.261960,2.643801,42.280432,3.711788,1.382739,-51.999999
1.929543,1.854796,62.399185,4994.219769,2.584305,42.226449,3.510252,1.307661,-51.999999
1.985735,1.905777,62.778916,4991.316135,2.522380,42.175449,3.323940,1.238255,-51.999999
2.041940,1.956689,63.149194,4988.542648,2.458206,42.127222,3.151722,1.174099,-51.999999
2.098153,2.007525,63.509728,4985.891497,2.391939,42.081571,2.992552,1.114804,-51.999999
2.154379,2.058292,63.860252,4983.355462,2.323735,42.038309,2.845459,1.060008,-51.999999
2.210617,2.108995,64.200512,4980.927854,2.253740,41.997255,2.709546,1.009377,-51.999999
2.266858,2.159639,64.529236,4978.611710,2.181922,41.958443,2.584903,0.962945,-51.999999
2.323110,2.210213,64.847074,4976.392268,2.108552,41.921544,2.469841,0.920081,-51.999999
2.379365,2.260741,65.153953,4974.263035,2.033772,41.886384,2.363541,0.880481,-51.999999
2.435633,2.311215,65.449688,4972.219165,1.957674,41.852846,2.265373,0.843911,-51.999999
2.491901,2.361638,65.734118,4970.256141,1.880358,41.820811,2.174754,0.810153,-51.999999
2.548180,2.412013,66.007089,4968.369782,1.801920,41.790170,2.091153,0.779009,-51.999999
2.604456,2.462350,66.268441,4966.556198,1.722426,41.760829,2.014080,0.750298,-51.999999
2.660751,2.512634,66.517196,4964.816455,1.641896,41.732768,1.943495,0.724003,-51.999999
2.717038,2.562870,66.753636,4963.144350,1.560449,41.705848,1.878729,0.699876,-51.999999
2.773335,2.613076,66.978069,4961.534250,1.478187,41.679943,1.819197,0.677699,-51.999999
2.829637,2.663239,67.190392,4959.983230,1.395166,41.654984,1.764565,0.657347,-51.999999
2.885946,2.713364,67.390514,4958.488566,1.311443,41.630892,1.714532,0.638708,-51.999999
2.942254,2.763463,67.578351,4957.047668,1.227074,41.607599,1.668820,0.621679,-51.999999
2.998562,2.813519,67.753814,4955.658097,1.142117,41.585049,1.627181,0.606168,-51.999999
3.054881,2.863543,67.916238,4954.319799,1.056594,41.563203,1.589561,0.592153,-51.999999
3.111203,2.913538,68.065373,4953.030915,0.970545,41.542024,1.555778,0.579568,-51.999999
3.167530,2.963499,68.201930,4951.786422,0.884051,41.521397,1.525422,0.568260,-51.999999
3.223859,3.013433,68.325851,4950.584382,0.797157,41.501279,1.498335,0.558169,-51.999999
3.280196,3.063343,68.437088,4949.422916,0.709893,41.481629,1.474375,0.549243,-51.999999
3.336534,3.113219,68.535596,4948.300220,0.622301,41.462394,1.453417,0.541436,-51.999999
3.392877,3.163066,68.621334,4947.214544,0.534421,41.443538,1.435354,0.534707,-51.999999
3.449219,3.212896,68.693977,4946.165009,0.446285,41.425008,1.420156,0.529045,-51.999999
3.505573,3.262691,68.752688,4945.151817,0.357905,41.406790,1.407902,0.524481,-51.999999
3.561927,3.312466,68.798547,4944.170396,0.269350,41.388809,1.398295,0.520902,-51.999999
3.618285,3.362213,68.831526,4943.219169,0.180642,41.371027,1.391287,0.518291,-51.999999
3.674650,3.411940,68.851613,4942.296580,0.091818,41.353406,1.386841,0.516635,-51.999999
3.731016,3.461642,68.858810,4941.401079,0.002907,41.335908,1.384937,0.515925,-51.999999
3.787389,3.511328,68.853092,4940.531105,-0.086064,41.318496,1.385562,0.516158,-51.999999
3.843766,3.560980,68.834472,4939.685108,-0.175056,41.301130,1.388720,0.517335,-51.999999
3.900154,3.610616,68.801552,4938.863768,-0.264044,41.283765,1.394702,0.519563,-51.999999
3.956545,3.660233,68.755731,4938.062939,-0.352981,41.266355,1.403268,0.522754,-51.999999
4.012944,3.709820,68.697030,4937.280982,-0.441850,41.248870,1.414458,0.526923,-51.999999
4.069343,3.759389,68.625463,4936.516232,-0.530606,41.231265,1.428330,0.532090,-51.999999
4.125750,3.808939,68.541052,4935.766975,-0.619228,41.213499,1.444952,0.538283,-51.999999
4.182169,3.858468,68.443823,4935.031439,-0.707676,41.195522,1.464408,0.545531,-51.999999
4.238591,3.907972,68.333807,4934.307795,-0.795912,41.177304,1.486797,0.553871,-51.999999
4.295024,3.957458,68.209968,4933.594792,-0.883885,41.158761,1.512497,0.563445,-51.999999
4.351460,4.006910,68.073123,4932.889600,-0.971556,41.139866,1.541475,0.574240,-51.999999
4.407905,4.056350,67.923619,4932.189878,-1.058909,41.120564,1.573807,0.586284,-51.999999
4.464360,4.105766,67.761514,4931.493391,-1.145891,41.100807,1.609661,0.599641,-51.999999
4.520828,4.155157,67.586871,4930.797798,-1.232465,41.080545,1.649225,0.614380,-51.999999
4.577295,4.204528,67.399750,4930.100627,-1.318581,41.059719,1.692709,0.630579,-51.999999
4.633782,4.253873,67.200233,4929.399244,-1.404194,41.038259,1.740342,0.648323,-51.999999
4.690273,4.303191,66.987655,4928.690254,-1.489217,41.016059,1.792661,0.667813,-51.999999
4.746777,4.352484,66.762259,4927.970334,-1.573592,40.993045,1.849940,0.689151,-51.999999
4.803294,4.401757,66.524744,4927.236626,-1.657299,40.969175,1.912276,0.712373,-51.999999
4.859823,4.450992,66.275214,4926.485692,-1.740266,40.944376,1.980015,0.737608,-51.999999
4.916365,4.500202,66.013783,4925.713865,-1.822436,40.918551,2.053533,0.764995,-51.999999
4.972921,4.549383,65.740578,4924.917213,-1.903734,40.891614,2.133240,0.794688,-51.999999
5.029488,4.598535,65.455724,4924.091524,-1.984080,40.863468,2.219584,0.826853,-51.999999
5.086069,4.647650,65.158982,4923.230887,-2.063364,40.833958,2.313325,0.861775,-51.999999
5.142666,4.696735,64.850093,4922.328326,-2.141449,40.802885,2.415354,0.899783,-51.999999
5.199285,4.745778,64.530082,4921.381019,-2.218308,40.770245,2.525733,0.940902,-51.999999
5.255916,4.794780,64.199133,4920.383256,-2.293837,40.735885,2.645098,0.985369,-51.999999
5.312567,4.843750,63.857453,4919.328860,-2.367938,40.699665,2.774137,1.033439,-51.999999
5.369235,4.892674,63.505261,4918.211212,-2.440492,40.661436,2.913592,1.085390,-51.999999
5.425926,4.941547,63.142798,4917.023183,-2.511372,40.621033,3.064265,1.141520,-51.999999
5.482631,4.990379,62.770204,4915.756079,-2.580415,40.578226,3.227169,1.202205,-51.999999
5.539374,5.039156,62.386971,4914.393238,-2.647296,40.532606,3.404453,1.268248,-51.999999
5.596132,5.087879,61.994369,4912.933295,-2.712028,40.484171,3.595939,1.339582,-51.999999
5.652916,5.136538,61.592731,4911.366484,-2.774448,40.432700,3.802704,1.416607,-51.999999
5.709725,5.185133,61.182417,4909.682325,-2.834361,40.377942,4.025889,1.499750,-51.999999
5.766559,5.233664,60.763810,4907.869559,-2.891576,40.319635,4.266707,1.589461,-51.999999
5.823428,5.282123,60.337322,4905.916089,-2.945880,40.257498,4.526432,1.686215,-51.999999
5.880325,5.330506,59.903409,4903.808985,-2.997032,40.191215,4.806404,1.790512,-51.999999
5.937262,5.378792,59.461933,4901.516915,-3.044459,40.119998,5.110230,1.903695,-51.999999
5.994227,5.426988,59.014059,4899.037352,-3.088132,40.043837,5.437704,2.025688,-51.999999
6.051234,5.475094,58.560436,4896.356410,-3.127827,39.962397,5.790037,2.156941,-51.999999
6.108282,5.523094,58.101686,4893.457063,-3.163229,39.875285,6.168735,2.298016,-51.999999
6.165368,5.570981,57.638453,4890.321272,-3.194020,39.782063,6.575298,2.449472,-51.999999
6.222498,5.618749,57.171451,4886.929998,-3.219870,39.682281,7.011199,2.611856,-51.999999
6.279676,5.666399,56.701439,4883.263218,-3.240426,39.575461,7.477853,2.785697,-51.999999
6.336908,5.713890,56.229119,4879.277067,-3.254865,39.460507,7.978966,2.972375,-51.999999
6.394193,5.761222,55.755546,4874.957198,-3.262959,39.337112,8.514715,3.171955,-51.999999
6.451529,5.808398,55.281734,4870.291789,-3.264501,39.204996,9.084844,3.384343,-51.999999
6.508927,5.855402,54.808663,4865.257423,-3.259080,39.063595,9.690015,3.609785,-51.999999
6.566388,5.902221,54.337391,4859.830266,-3.246270,38.912328,10.330554,3.848403,-51.999999
6.623908,5.948841,53.869017,4853.986284,-3.225645,38.750610,11.006384,4.100168,-51.999999
6.681501,5.995238,53.404699,4847.701512,-3.196775,38.577861,11.716940,4.364869,-51.999999
6.739164,6.041404,52.945984,4840.929109,-3.158803,38.392924,12.462603,4.642647,-51.999999
6.796907,6.087311,52.494413,4833.636782,-3.111153,38.195002,13.241651,4.932863,-51.999999
6.854727,6.132946,52.050978,4825.831799,-3.053972,37.984274,14.049331,5.233745,-51.999999
6.912624,6.178300,51.617081,4817.494775,-2.986921,37.760266,14.882093,5.543971,-51.999999
6.970609,6.223354,51.194123,4808.608703,-2.909691,37.522545,15.735505,5.861890,-51.999999
7.028681,6.268090,50.783557,4799.159500,-2.822052,37.270744,16.604211,6.185505,-51.999999
7.086840,6.312488,50.386840,4789.136578,-2.723812,37.004584,17.481915,6.512473,-51.999999
7.145089,6.356522,50.005850,4778.519767,-2.614610,36.723548,18.361236,6.840044,-51.999999
7.203447,6.400143,49.643263,4767.271961,-2.493804,36.426688,19.232592,7.164647,-51.999999
7.261898,6.443372,49.299194,4755.447387,-2.362402,36.115324,20.086884,7.482893,-51.999999
7.320446,6.486174,48.975047,4743.056747,-2.220627,35.789693,20.914458,7.791186,-51.999999
7.379083,6.528537,48.672154,4730.116860,-2.068832,35.450195,21.705252,8.085777,-51.999999
7.437817,6.570445,48.391797,4716.650899,-1.907484,35.097378,22.449025,8.362853,-51.999999
7.496653,6.611877,48.135151,4702.688477,-1.737168,34.731950,23.135620,8.618627,-51.999999
7.555572,6.652823,47.903289,4688.265504,-1.558606,34.354795,23.755243,8.849453,-51.999999
7.614599,6.693205,47.700019,4673.383926,-1.371948,33.965923,24.289666,9.048540,-51.999999
7.673713,6.733064,47.523435,4658.141368,-1.179040,33.567782,24.738384,9.215699,-51.999999
7.732908,6.772394,47.374131,4642.591703,-0.980970,33.161738,25.094859,9.348495,-51.999999
7.792187,6.811177,47.252566,4626.792477,-0.778902,32.749243,25.354025,9.445041,-51.999999
7.851542,6.849412,47.159019,4610.804137,-0.574059,32.331832,25.512497,9.504076,-51.999999
7.910966,6.887094,47.093594,4594.689042,-0.367717,31.911122,25.568678,9.525005,-51.999999
7.970453,6.924215,47.056221,4578.510309,-0.161157,31.488737,25.522793,9.507912,-51.999999
8.029999,6.960727,47.048951,4562.335987,0.044120,31.066464,25.368796,9.450544,-51.999999
8.089604,6.996674,47.069666,4546.234075,0.246770,30.646082,25.116999,9.356743,-51.999999
8.149252,7.032067,47.117055,4530.262632,0.445624,30.229155,24.775466,9.229513,-51.999999
8.208941,7.066913,47.190359,4514.476365,0.639531,29.817137,24.351053,9.071408,-51.999999
8.268662,7.101217,47.288688,4498.925742,0.827439,29.411404,23.851623,8.885357,-51.999999
8.328413,7.134998,47.411045,4483.656457,1.008384,29.013197,23.285773,8.674563,-51.999999
8.388189,7.168255,47.556298,4468.709032,1.181516,28.623628,22.662577,8.442406,-51.999999
8.447971,7.200980,47.724467,4454.141698,1.345533,28.244306,21.989033,8.191493,-51.999999
8.507775,7.233188,47.913861,4439.983437,1.499841,27.876060,21.276194,7.925942,-51.999999
8.567582,7.264922,48.122082,4426.239304,1.644372,27.519057,20.535272,7.649929,-51.999999
8.627391,7.296200,48.347753,4412.926771,1.778762,27.173806,19.774743,7.366612,-51.999999
8.687201,7.327036,48.589477,4400.058360,1.902753,26.840684,19.002502,7.078932,-51.999999
8.747000,7.357449,48.845850,4387.642026,2.016186,26.519936,18.225767,6.789578,-51.999999
8.806792,7.387444,49.115451,4375.681539,2.118985,26.211692,17.451019,6.500964,-51.999999
8.866573,7.417046,49.397265,4364.193014,2.210791,25.916417,16.684435,6.215391,-51.999999
8.926341,7.446242,49.690124,4353.189251,2.291334,25.634485,15.931980,5.935082,-51.999999
8.986095,7.475083,49.991855,4342.630255,2.361544,25.364811,15.197019,5.661290,-51.999999
9.045833,7.503584,50.301140,4332.506980,2.421642,25.107150,14.482839,5.395239,-51.999999
9.105544,7.531759,50.616736,4322.808493,2.471899,24.861201,13.792066,5.137907,-51.999999
9.165238,7.559630,50.937413,4313.522355,2.512620,24.626631,13.126724,4.890050,-51.999999
9.224910,7.587207,51.262011,4304.634986,2.544118,24.403057,12.488295,4.652218,-51.999999
9.284566,7.614497,51.589427,4296.136132,2.566653,24.190173,11.878108,4.424908,-51.999999
9.344195,7.641505,51.918632,4288.040563,2.579908,23.988383,11.299209,4.209253,-51.999999
9.403802,7.668260,52.248367,4280.295826,2.585106,23.796210,10.749014,4.004291,-51.999999
9.463388,7.694778,52.577677,4272.886373,2.582617,23.613217,10.227374,3.809966,-51.999999
9.522946,7.721065,52.905651,4265.796735,2.572825,23.438948,9.733904,3.626135,-51.999999
9.582492,7.747136,53.231448,4259.011611,2.556097,23.272964,9.268025,3.452583,-51.999999
9.642008,7.773012,53.554260,4252.516031,2.532804,23.114809,8.829007,3.289037,-51.999999
9.701506,7.798686,53.873320,4246.295389,2.503299,22.964066,8.416002,3.135182,-51.999999
9.760978,7.824161,54.187420,4240.359181,2.467403,22.820945,8.030384,2.991529,-51.999999
9.820435,7.849456,54.496209,4234.670814,2.425964,22.684409,7.668967,2.856892,-51.999999
9.879866,7.874583,54.799114,4229.214022,2.379377,22.554002,7.330402,2.730768,-51.999999
9.939271,7.899554,55.095565,4223.976372,2.327949,22.429334,7.013640,2.612765,-51.999999
9.998658,7.924373,55.385003,4218.945997,2.271977,22.310052,6.717634,2.502495,-51.999999
10.058016,7.949081,55.669233,4214.106706,2.253327,22.281157,6.439275,2.398799,-9.640159
10.117307,7.973763,55.951645,4209.441250,2.245452,22.287470,6.174371,2.300116,0.000000
10.176517,7.998422,56.232262,4204.952684,2.231097,22.293823,5.922911,2.206440,0.000000
10.235669,8.023067,56.510353,4200.628370,2.210779,22.300209,5.684350,2.117570,0.000000
10.294752,8.047700,56.785303,4196.456160,2.184989,22.306649,5.458042,2.033264,0.000000
10.353778,8.072320,57.056485,4192.430036,2.154002,22.313124,5.243743,1.953432,0.000000
10.412741,8.096927,57.323304,4188.544064,2.118080,22.319644,5.041163,1.877966,0.000000
10.471648,8.121521,57.585186,4184.792426,2.077480,22.326211,4.849974,1.806743,0.000000
10.530504,8.146102,57.841594,4181.169444,2.032463,22.332828,4.669819,1.739630,0.000000
10.589306,8.170681,58.091718,4177.675183,1.983083,22.339488,4.500810,1.676670,0.000000
10.648052,8.195239,58.334933,4174.305123,1.929545,22.346201,4.342643,1.617749,0.000000
10.706741,8.219800,58.571158,4171.046684,1.872346,22.352966,4.194278,1.562479,0.000000
10.765391,8.244350,58.799992,4167.894908,1.811687,22.359782,4.055322,1.510714,0.000000
10.823997,8.268895,59.021037,4164.845025,1.747788,22.366648,3.925388,1.462310,0.000000
10.882552,8.293436,59.233933,4161.892448,1.680853,22.373566,3.804097,1.417126,0.000000
10.941065,8.317972,59.438332,4159.032744,1.611071,22.380544,3.691079,1.375024,0.000000
10.999539,8.342496,59.633718,4156.263652,1.538568,22.387567,3.586157,1.335938,0.000000
11.057971,8.367028,59.819199,4153.585779,1.463387,22.394654,3.489416,1.299899,0.000000
11.116362,8.391548,59.995245,4150.987791,1.385928,22.401794,3.399867,1.266540,0.000000
11.174711,8.416063,60.161617,4148.465921,1.306351,22.408988,3.317209,1.235748,0.000000
11.233028,8.440586,60.318075,4146.016569,1.224816,22.416241,3.241156,1.207416,0.000000
11.291307,8.465101,60.464414,4143.636255,1.141463,22.423544,3.171442,1.181446,0.000000
11.349547,8.489612,60.600438,4141.321607,1.056442,22.430908,3.107819,1.157744,0.000000
11.407760,8.514133,60.725964,4139.069370,0.969890,22.438325,3.050056,1.136226,0.000000
11.465932,8.538644,60.839663,4136.882442,0.881807,22.445810,2.998533,1.117032,0.000000
11.524076,8.563158,60.942516,4134.751148,0.792474,22.453349,2.952436,1.099860,0.000000
11.582182,8.587676,61.034406,4132.672464,0.702029,22.460952,2.911593,1.084645,0.000000
11.640256,8.612193,61.115218,4130.643491,0.610583,22.468613,2.875853,1.071331,0.000000
11.698303,8.636708,61.184847,4128.661371,0.518255,22.476332,2.845082,1.059868,0.000000
11.756317,8.661228,61.243211,4126.723282,0.425169,22.484107,2.819163,1.050212,0.000000
11.814302,8.685750,61.290228,4124.826453,0.331422,22.491943,2.797998,1.042328,0.000000
11.872260,8.710273,61.324878,4122.971123,0.237098,22.499836,2.781890,1.036327,0.000000
11.930189,8.734795,61.347787,4121.151976,0.142340,22.507795,2.770494,1.032082,0.000000
11.988083,8.759321,61.359204,4119.365331,0.047285,22.515817,2.763649,1.029532,0.000000
12.045952,8.783855,61.359104,4117.608454,-0.047975,22.523899,2.761330,1.028668,0.000000
12.103795,8.808389,61.347486,4115.878579,-0.143330,22.532037,2.763523,1.029485,0.000000
12.161613,8.832931,61.324342,4114.172930,-0.238675,22.540232,2.770235,1.031985,0.000000
12.219396,8.857476,61.289706,4112.488689,-0.333906,22.548487,2.781485,1.036176,0.000000
12.277160,8.882021,61.242909,4110.823909,-0.428892,22.556810,2.797588,1.042175,0.000000
12.334887,8.906569,61.184140,4109.175041,-0.523516,22.565198,2.818557,1.049987,0.000000
12.392592,8.931125,61.113999,4107.538198,-0.617681,22.573640,2.844243,1.059555,0.000000
12.450275,8.955682,61.032565,4105.910274,-0.711274,22.582141,2.874736,1.070915,0.000000
12.507925,8.980245,60.939927,4104.288091,-0.804177,22.590700,2.910143,1.084105,0.000000
12.565550,9.004813,60.836177,4102.668359,-0.896284,22.599322,2.950587,1.099171,0.000000
12.623149,9.029381,60.721419,4101.047684,-0.987475,22.608000,2.996208,1.116166,0.000000
12.680722,9.053959,60.595414,4099.422248,-1.077576,22.616740,3.047359,1.135221,0.000000
12.738268,9.078538,60.457901,4097.787574,-1.166406,22.625538,3.104443,1.156487,0.000000
12.795784,9.103121,60.309844,4096.140190,-1.253915,22.634397,3.167264,1.179889,0.000000
12.853272,9.127712,60.151418,4094.476090,-1.339960,22.643311,3.236032,1.205507,0.000000
12.910735,9.152308,59.982809,4092.791097,-1.424400,22.652290,3.310974,1.233425,0.000000
12.968167,9.176903,59.804229,4091.080847,-1.507101,22.661317,3.392333,1.263733,0.000000
13.025573,9.201511,59.615901,4089.340776,-1.587892,22.670409,3.480365,1.296528,0.000000
13.082954,9.226115,59.417940,4087.565715,-1.667006,22.678698,3.575437,1.331944,-0.728507
13.140310,9.250686,59.207804,4085.751261,-1.774309,22.621269,3.679571,1.370737,-49.999999
13.197668,9.275194,58.984991,4083.898524,-1.880086,22.561867,3.793395,1.413140,-49.999999
13.255027,9.299638,58.749708,4082.000878,-1.984181,22.500324,3.917477,1.459363,-49.999999
13.312377,9.324013,58.502174,4080.051288,-2.086433,22.436441,4.052429,1.509636,-49.999999
13.369732,9.348311,58.242639,4078.042289,-2.186679,22.370020,4.198909,1.564204,-49.999999
13.427079,9.372532,57.971359,4075.965948,-2.284747,22.300837,4.357625,1.623330,-49.999999
13.484424,9.396676,57.688624,4073.813827,-2.380452,22.228653,4.529336,1.687297,-49.999999
13.541768,9.420735,57.393701,4071.567938,-2.473323,22.152901,4.716252,1.756928,-49.999999
13.599112,9.444695,57.087899,4069.224718,-2.563346,22.073546,4.918178,1.832151,-49.999999
13.656453,9.468575,56.771721,4066.774955,-2.650320,21.990354,5.135854,1.913241,-49.999999
13.713785,9.492354,56.445560,4064.207711,-2.734008,21.903021,5.370241,2.000556,-49.999999
13.771125,9.516033,56.109834,4061.511385,-2.814153,21.811229,5.622341,2.094470,-49.999999
13.828461,9.539605,55.765015,4058.673661,-2.890488,21.714629,5.893192,2.195369,-49.999999
13.885794,9.563063,55.411576,4055.681508,-2.962724,21.612880,6.183858,2.303650,-49.999999
13.943117,9.586397,55.049519,4052.508032,-3.030218,21.505154,6.497002,2.420304,-49.999999
14.000448,9.609608,54.679757,4049.142600,-3.092756,21.391192,6.833123,2.545518,-49.999999
14.057769,9.632678,54.303198,4045.575979,-3.150166,21.270779,7.192526,2.679405,-49.999999
14.115091,9.655608,53.920496,4041.791943,-3.202091,21.143456,7.576253,2.822353,-49.999999
14.172406,9.678391,53.532357,4037.773526,-3.248153,21.008750,7.985294,2.974732,-49.999999
14.229716,9.701012,53.139513,4033.503075,-3.287966,20.866173,8.420554,3.136878,-49.999999
14.287026,9.723468,52.742760,4028.962296,-3.321124,20.715209,8.882827,3.309087,-49.999999
14.344325,9.745738,52.342818,4024.117650,-3.346851,20.554874,9.374091,3.492095,-49.999999
14.401620,9.767806,51.940691,4018.942917,-3.364569,20.384426,9.895202,3.686223,-49.999999
14.458899,9.789679,51.537488,4013.436202,-3.374264,20.203854,10.444614,3.890893,-49.999999
14.516177,9.811338,51.134219,4007.577714,-3.375509,20.012592,11.022166,4.106047,-49.999999
14.573442,9.832767,50.731923,4001.347717,-3.367855,19.810090,11.627345,4.331492,-49.999999
14.630691,9.853958,50.331689,3994.726816,-3.350883,19.595781,12.259227,4.566884,-49.999999
14.687933,9.874898,49.934655,3987.696197,-3.324177,19.369127,12.916420,4.811706,-49.999999
14.745154,9.895566,49.542130,3980.227487,-3.287092,19.129310,13.597500,5.065426,-49.999999
14.802358,9.915929,49.155827,3972.274779,-3.238579,18.874947,14.300886,5.327456,-49.999999
14.859537,9.935992,48.776620,3963.860107,-3.179186,18.606713,15.021354,5.595850,-49.999999
14.916690,9.955735,48.405785,3954.971016,-3.108638,18.324250,15.754981,5.869145,-49.999999
14.973812,9.975147,48.044624,3945.597589,-3.026732,18.027252,16.497177,6.145633,-49.999999
15.030903,9.994215,47.694451,3935.732898,-2.933334,17.715494,17.242692,6.423357,-49.999999
15.087959,10.012921,47.356567,3925.373398,-2.828389,17.388863,17.985639,6.700124,-49.999999
15.144978,10.031236,47.032269,3914.519334,-2.711927,17.047334,18.719547,6.973524,-49.999999
15.201941,10.049122,46.724561,3903.123179,-2.582874,16.689448,19.434924,7.240021,-49.999999
15.258853,10.066586,46.433197,3891.247987,-2.442745,16.317068,20.125415,7.497246,-49.999999
15.315710,10.083620,46.159330,3878.908872,-2.291929,15.930611,20.783366,7.742351,-49.999999
15.372503,10.100208,45.904060,3866.125481,-2.130939,15.530633,21.401069,7.972461,-49.999999
15.429225,10.116334,45.668414,3852.922334,-1.960399,15.117831,21.970949,8.184757,-49.999999
15.485870,10.131997,45.453305,3839.328676,-1.781060,14.693043,22.485763,8.376538,-49.999999
15.542430,10.147170,45.259571,3825.378297,-1.593790,14.257253,22.938799,8.545306,-49.999999
15.598902,10.161814,45.089797,3811.086020,-1.399065,13.810860,23.317964,8.686555,-49.999999
15.655268,10.175938,44.943308,3796.517548,-1.198509,13.355826,23.621775,8.799733,-49.999999
15.711526,10.189556,44.819947,3781.726102,-0.993456,12.893762,23.848213,8.884087,-49.999999
15.767680,10.202656,44.719985,3766.759383,-0.785139,12.426105,23.994768,8.938682,-49.999999
15.823712,10.215245,44.643525,3751.666582,-0.574844,11.954349,24.060205,8.963059,-49.999999
15.879622,10.227307,44.590539,3736.497612,-0.363872,11.480028,24.044589,8.957242,-49.999999
15.935404,10.238861,44.560856,3721.302324,-0.153539,11.004687,23.949263,8.921731,-49.999999
15.991049,10.249865,44.555498,3706.134064,0.054685,10.529979,23.772417,8.855851,-49.999999
16.046539,10.260333,44.573683,3691.046377,0.259372,10.057583,23.519221,8.761529,-49.999999
16.101891,10.270293,44.613674,3676.082382,0.459458,9.588894,23.198304,8.641979,-49.999999
16.157086,10.279756,44.674753,3661.283735,0.653814,9.125240,22.815315,8.499305,-49.999999
16.212141,10.288733,44.756095,3646.688708,0.841409,8.667869,22.376492,8.335832,-49.999999
16.267040,10.297230,44.856776,3632.331895,1.021318,8.217900,21.888488,8.154038,-49.999999
16.321782,10.305260,44.975792,3618.243979,1.192713,7.776356,21.358191,7.956488,-49.999999
16.376365,10.312814,45.112663,3604.462921,1.354512,7.344491,20.791566,7.745405,-49.999999
16.430775,10.319891,45.266719,3591.025669,1.505659,6.923514,20.195303,7.523282,-49.999999
16.485038,10.326548,45.435534,3577.927867,1.646382,6.513350,19.578481,7.293499,-49.999999
16.539139,10.332787,45.617919,3565.183238,1.776304,6.114467,18.947334,7.058380,-49.999999
16.593093,10.338624,45.812672,3552.801873,1.895153,5.727228,18.307666,6.820087,-49.999999
16.646892,10.344072,46.018563,3540.790534,2.002764,5.351879,17.664797,6.580602,-49.999999
16.700542,10.349155,46.234380,3529.152885,2.099060,4.988564,17.023526,6.341712,-49.999999
16.754040,10.353866,46.459008,3517.894079,2.183892,4.637473,16.388228,6.105046,-49.999999
16.807383,10.358209,46.691767,3507.044078,2.256398,4.299585,15.763811,5.872434,-49.999999
16.860586,10.362220,46.930668,3496.562288,2.317811,3.973599,15.152689,5.644775,-49.999999
16.913648,10.365913,47.174592,3486.442722,2.368336,3.659312,14.557419,5.423022,-49.999999
16.966575,10.369306,47.422444,3476.677894,2.408218,3.356485,13.980095,5.207953,-49.999999
17.019374,10.372406,47.673162,3467.259100,2.437746,3.064821,13.422383,5.000191,-49.999999
17.072037,10.375226,47.925719,3458.176647,2.457224,2.783990,12.885557,4.800209,-49.999999
17.124590,10.377774,48.179150,3449.420086,2.466997,2.513623,12.370545,4.608354,-49.999999
17.176996,10.380052,48.432421,3441.007405,2.466563,2.254272,11.880150,4.425669,-49.999999
17.229297,10.382077,48.684543,3432.899857,2.457091,2.004652,11.412857,4.251589,-49.999999
17.281478,10.383873,48.934697,3425.081721,2.439086,1.764217,10.968449,4.086036,-49.999999
17.333548,10.385443,49.182072,3417.541197,2.412938,1.532544,10.546814,3.928966,-49.999999
17.385514,10.386797,49.425911,3410.266470,2.379025,1.309218,10.147687,3.780281,-49.999999
17.437374,10.387942,49.665490,3403.245847,2.337720,1.093814,9.770681,3.639836,-49.999999
17.489142,10.388882,49.900146,3396.467778,2.289398,0.885905,9.415307,3.507450,-49.999999
17.540802,10.389627,50.128776,3389.936689,2.233998,0.685561,9.082467,3.383458,-49.999999
17.592360,10.390175,50.350913,3383.632105,2.172135,0.492091,8.770724,3.267325,-49.999999
17.643835,10.390545,50.566209,3377.534896,2.104419,0.304834,8.478642,3.158517,-49.999999
17.695212,10.390741,50.774141,3371.634685,2.031181,0.123406,8.205536,3.056778,-49.999999
17.746507,10.390777,50.974225,3365.921433,1.952754,-0.052558,7.950715,2.961851,-49.999999
17.797724,10.390652,51.165997,3360.385423,1.869463,-0.223424,7.713490,2.873478,-49.999999
17.848856,10.390371,51.349033,3355.017295,1.781607,-0.389532,7.493179,2.791406,-49.999999
17.899896,10.389930,51.522504,3349.815104,1.689301,-0.551027,7.289862,2.715665,-49.999999
17.950864,10.389337,51.685845,3344.770956,1.592819,-0.708228,7.103019,2.646062,-49.999999
18.001756,10.388597,51.839291,3339.866911,1.492696,-0.861717,6.931062,2.582003,-49.999999
18.052576,10.387725,51.982538,3335.094912,1.389194,-1.011782,6.773414,2.523275,-49.999999
18.103326,10.386712,52.115305,3330.447178,1.282573,-1.158726,6.629536,2.469677,-49.999999
18.153999,10.385567,52.237331,3325.916186,1.173081,-1.302822,6.498922,2.421019,-49.999999
18.204605,10.384294,52.348391,3321.494620,1.060952,-1.444348,6.381101,2.377128,-49.999999
18.255145,10.382890,52.448000,3317.177610,0.946378,-1.583521,6.275921,2.337946,-49.999999
18.305606,10.381358,52.535244,3312.963321,0.829464,-1.720503,6.183682,2.303584,-49.999999
18.356010,10.379691,52.610917,3308.836450,0.710649,-1.855736,6.102993,2.273525,-49.999999
18.406342,10.377909,52.674878,3304.790467,0.590126,-1.989461,6.033547,2.247655,-49.999999
18.456615,10.376006,52.726999,3300.818919,0.468107,-2.121919,5.975073,2.225872,-49.999999
18.506824,10.373990,52.767179,3296.915488,0.344805,-2.253351,5.927342,2.208091,-49.999999
18.556973,10.371855,52.795326,3293.073913,0.220405,-2.383971,5.890157,2.194238,-49.999999
18.607061,10.369592,52.811368,3289.287986,0.095119,-2.514018,5.863362,2.184257,-49.999999
18.657078,10.367211,52.813958,3285.556201,-0.030929,-2.643709,5.847934,2.178509,-49.999999
18.707034,10.364716,52.804357,3281.866558,-0.157447,-2.773319,5.842688,2.176555,-49.999999
18.756934,10.362102,52.782571,3278.212828,-0.284239,-2.903077,5.847580,2.178377,-49.999999
18.806771,10.359371,52.748601,3274.588792,-0.411120,-3.033202,5.862605,2.183975,-49.999999
18.856544,10.356524,52.702475,3270.988168,-0.537894,-3.163929,5.887795,2.193358,-49.999999
18.906262,10.353566,52.644248,3267.404580,-0.664380,-3.295487,5.923215,2.206554,-49.999999
18.955909,10.350486,52.573970,3263.831565,-0.790367,-3.428106,5.968967,2.223597,-49.999999
19.005497,10.347280,52.490736,3260.262260,-0.915587,-3.562143,6.026072,2.244870,-49.999999
19.055029,10.343954,52.395365,3256.688920,-1.039870,-3.697799,6.094105,2.270215,-49.999999
19.104487,10.340504,52.288277,3253.104490,-1.163017,-3.835286,6.173015,2.299611,-49.999999
19.153887,10.336934,52.169611,3249.501810,-1.284829,-3.974859,6.263039,2.333147,-49.999999
19.203222,10.333243,52.039539,3245.873519,-1.405079,-4.116773,6.364446,2.370924,-49.999999
19.252497,10.329421,51.898239,3242.212023,-1.523566,-4.261298,6.477533,2.413051,-49.999999
19.301702,10.325477,51.745910,3238.509443,-1.640049,-4.408718,6.602624,2.459651,-49.999999
19.350836,10.321390,51.582155,3234.754231,-1.754165,-4.559513,6.740828,2.511136,-49.999999
19.399895,10.317175,51.407369,3230.937250,-1.865655,-4.713995,6.892444,2.567617,-49.999999
19.448893,10.312814,51.222365,3227.052171,-1.974381,-4.872309,7.057262,2.629016,-49.999999
19.497811,10.308315,51.027440,3223.089878,-2.080093,-5.034776,7.235696,2.695487,-49.999999
19.546658,10.303675,50.822905,3219.040929,-2.182519,-5.201729,7.428173,2.767190,-49.999999
19.595429,10.298885,50.609123,3214.895536,-2.281402,-5.373510,7.635124,2.844284,-49.999999
19.644124,10.293946,50.386463,3210.643578,-2.376446,-5.550471,7.856981,2.926932,-49.999999
19.692729,10.288852,50.155047,3206.270027,-2.467203,-5.733189,8.094731,3.015500,-49.999999
19.741250,10.283589,49.915057,3201.757789,-2.553174,-5.922319,8.349427,3.110381,-49.999999
19.789689,10.278154,49.667567,3197.104328,-2.634358,-6.117846,8.620326,3.211298,-49.999999
19.838030,10.272557,49.413075,3192.298092,-2.710431,-6.320173,8.907767,3.318378,-49.999999
19.886281,10.266781,49.152108,3187.327274,-2.781067,-6.529721,9.212045,3.431729,-49.999999
19.934436,10.260818,48.885205,3182.179810,-2.845933,-6.746907,9.533386,3.551437,-49.999999
19.982489,10.254673,48.612958,3176.843414,-2.904698,-6.972171,9.871939,3.677557,-49.999999
20.030438,10.248338,48.335989,3171.303057,-2.955485,-7.202937,10.227862,3.810148,-49.276765
20.078288,10.241906,48.060556,3165.510778,-2.885272,-7.199569,10.593557,3.946379,0.000000
20.126052,10.235479,47.792691,3159.467857,-2.803999,-7.196213,10.958632,4.082379,0.000000
20.173735,10.229070,47.533385,3153.172393,-2.711680,-7.192866,11.320513,4.217189,0.000000
20.221323,10.222672,47.283645,3146.624121,-2.608418,-7.189531,11.676469,4.349792,0.000000
20.268815,10.216292,47.044441,3139.824540,-2.494383,-7.186213,12.023612,4.479112,0.000000
20.316218,10.209917,46.816712,3132.777032,-2.369845,-7.182909,12.358929,4.604026,0.000000
20.363513,10.203561,46.601373,3125.486921,-2.235167,-7.179617,12.679337,4.723387,0.000000
20.410702,10.197221,46.400633,3117.939949,-2.089910,-7.176352,12.979707,4.835282,0.000000
20.457771,10.190896,46.214280,3110.166306,-1.935493,-7.173112,13.258176,4.939019,0.000000
20.504738,10.184593,46.042862,3102.180920,-1.772712,-7.169899,13.512053,5.033595,0.000000
20.551583,10.178303,45.887045,3093.997635,-1.602316,-7.166710,13.738600,5.117990,0.000000
20.598312,10.172025,45.747408,3085.632143,-1.425136,-7.163554,13.935328,5.191276,0.000000
20.644927,10.165769,45.624437,3077.101805,-1.242084,-7.160420,14.100062,5.252644,0.000000
20.691408,10.159528,45.518537,3068.425472,-1.054141,-7.157318,14.230989,5.301418,0.000000
20.737762,10.153302,45.431275,3059.615828,-0.862149,-7.154256,14.324117,5.336111,0.000000
20.783981,10.147102,45.362257,3050.701207,-0.667457,-7.151221,14.379670,5.356805,0.000000
20.830063,10.140920,45.310928,3041.708186,-0.471334,-7.148215,14.398592,5.363855,0.000000
20.876017,10.134754,45.277262,3032.659208,-0.274905,-7.145242,14.381004,5.357303,0.000000
20.921838,10.128606,45.261133,3023.576793,-0.079305,-7.142302,14.327496,5.337369,0.000000
20.967518,10.122482,45.262316,3014.483280,0.114347,-7.139399,14.239105,5.304441,0.000000
21.013066,10.116368,45.280500,3005.400565,0.304962,-7.136526,14.117290,5.259062,0.000000
21.058480,10.110277,45.316037,2996.352350,0.491262,-7.133680,13.962491,5.201395,0.000000
21.103737,10.104211,45.368565,2987.362273,0.672041,-7.130862,13.776809,5.132224,0.000000
21.148866,10.098158,45.436491,2978.446961,0.846640,-7.128080,13.564637,5.053184,0.000000
21.193858,10.092122,45.519154,2969.623828,1.014231,-7.125318,13.328644,4.965271,0.000000
21.238714,10.086112,45.615838,2960.908854,1.174051,-7.122581,13.071632,4.869527,0.000000
21.283441,10.080120,45.725763,2952.316451,1.325424,-7.119868,12.796468,4.767021,0.000000
21.328037,10.074140,45.848101,2943.859457,1.467758,-7.117176,12.506039,4.658828,0.000000
21.372512,10.068174,45.982261,2935.552760,1.600324,-7.114501,12.202972,4.545928,0.000000
21.416838,10.062235,46.127884,2927.416616,1.722050,-7.111850,11.889770,4.429252,0.000000
21.461040,10.056315,46.283089,2919.446044,1.833455,-7.109211,11.570062,4.310153,0.000000
21.505126,10.050404,46.446952,2911.647210,1.934309,-7.106582,11.246308,4.189546,0.000000
21.549092,10.044512,46.618537,2904.024888,2.024462,-7.103963,10.920789,4.068281,0.000000
21.592945,10.038634,46.796905,2896.582528,2.103835,-7.101349,10.595598,3.947139,0.000000
21.636687,10.032777,46.981123,2889.322388,2.172411,-7.098748,10.272625,3.826823,0.000000
21.680314,10.026935,47.170272,2882.245593,2.230253,-7.096142,9.953560,3.707963,0.000000
21.723826,10.021107,47.363791,2875.371963,2.276321,-7.093535,9.640608,3.591380,0.000000
21.767236,10.015293,47.560271,2868.680921,2.311933,-7.090928,9.334559,3.477369,0.000000
21.810544,10.009491,47.758847,2862.170606,2.337299,-7.088321,9.036461,3.366319,0.000000
21.853750,10.003701,47.958693,2855.838648,2.352652,-7.085708,8.747194,3.258560,0.000000
21.896868,9.997925,48.158981,2849.682116,2.358262,-7.083083,8.467474,3.154357,0.000000
21.939892,9.992161,48.358939,2843.697618,2.354414,-7.080445,8.197873,3.053924,0.000000
21.982824,9.986420,48.557803,2837.881343,2.341426,-7.077804,7.938827,2.957422,0.000000
22.025670,9.980683,48.754639,2832.242538,2.318918,-7.075139,7.691578,2.865315,0.000000
22.068427,9.974957,48.948793,2826.766656,2.287785,-7.072459,7.455709,2.777448,0.000000
22.111108,9.969238,49.139644,2821.445013,2.248589,-7.069757,7.231045,2.693755,0.000000
22.153707,9.963539,49.326582,2816.272870,2.201694,-7.067042,7.017610,2.614244,0.000000
22.196229,9.957847,49.509011,2811.245389,2.147454,-7.064301,6.815363,2.538902,0.000000
22.238680,9.952163,49.686370,2806.357665,2.086229,-7.061538,6.624209,2.467692,0.000000
22.281064,9.946491,49.858130,2801.604797,2.018372,-7.058753,6.444011,2.400564,0.000000
22.323369,9.940833,50.023391,2796.989257,1.943882,-7.055941,6.275228,2.337687,0.000000
22.365606,9.935186,50.181703,2792.504092,1.863235,-7.053100,6.117515,2.278935,0.000000
22.407780,9.929543,50.332919,2788.138102,1.777065,-7.050224,5.970125,2.224029,0.000000
22.449890,9.923908,50.476642,2783.886471,1.685724,-7.047322,5.832825,2.172881,0.000000
22.491936,9.918285,50.612495,2779.744416,1.589535,-7.044395,5.705375,2.125402,0.000000
22.533926,9.912672,50.740124,2775.707225,1.488829,-7.041435,5.587534,2.081503,0.000000
22.575856,9.907060,50.859202,2771.770235,1.383926,-7.038445,5.479062,2.041095,0.000000
22.617730,9.901458,50.969117,2767.932068,1.275015,-7.035418,5.380040,2.004206,0.000000
22.659548,9.895870,51.069217,2764.191012,1.162290,-7.032350,5.290547,1.970868,0.000000
22.701305,9.890292,51.159899,2760.535657,1.046352,-7.029247,5.209707,1.940753,0.000000
22.743011,9.884718,51.240952,2756.961562,0.927488,-7.026114,5.137320,1.913787,0.000000
22.784667,9.879151,51.312177,2753.464340,0.805972,-7.022943,5.073198,1.889900,0.000000
22.826271,9.873591,51.373402,2750.039622,0.682104,-7.019740,5.017172,1.869029,0.000000
22.867832,9.868035,51.424473,2746.683067,0.556149,-7.016495,4.969087,1.851116,0.000000
22.909335,9.862500,51.465136,2743.391002,0.428363,-7.013218,4.928892,1.836142,0.000000
22.950792,9.856957,51.494393,2740.163722,0.298928,-7.009899,4.897115,1.824304,0.000000
22.992197,9.851427,51.513159,2736.990751,0.168279,-7.006535,4.872903,1.815285,0.000000
23.033556,9.845910,51.521361,2733.867747,0.036664,-7.003141,4.856179,1.809055,0.000000
23.074871,9.840400,51.518967,2730.790318,-0.095648,-6.999703,4.846882,1.805591,0.000000
23.116141,9.834889,51.505949,2727.754034,-0.228387,-6.996227,4.844970,1.804879,0.000000
23.157365,9.829388,51.482307,2724.754426,-0.361301,-6.992718,4.850418,1.806908,0.000000
23.198548,9.823899,51.448071,2721.786937,-0.494131,-6.989171,4.863222,1.811678,0.000000
23.239678,9.818411,51.402266,2718.849135,-0.626550,-6.985581,4.884100,1.819456,0.000000
23.280766,9.812929,51.345833,2715.933542,-0.758312,-6.981944,4.912476,1.830027,0.000000
23.321807,9.807461,51.278995,2713.035004,-0.889142,-6.978277,4.948306,1.843374,0.000000
23.362809,9.801995,51.201857,2710.148576,-1.018777,-6.974572,4.991655,1.859523,0.000000
23.403767,9.796542,51.114546,2707.269209,-1.146956,-6.970829,5.042603,1.878502,0.000000
23.444673,9.791089,51.017211,2704.391719,-1.273402,-6.967048,5.101242,1.900347,0.000000
23.485548,9.785645,50.910017,2701.510802,-1.397831,-6.963238,5.167679,1.925096,0.000000
23.526362,9.780214,50.792481,2698.619929,-1.519795,-6.959379,5.242605,1.953008,0.000000
23.567144,9.774784,50.665167,2695.713056,-1.639026,-6.955490,5.325889,1.984034,0.000000
23.607875,9.769361,50.528685,2692.784732,-1.755336,-6.951562,5.417374,2.018114,0.000000
23.648560,9.763953,50.383288,2689.828967,-1.868426,-6.947602,5.517196,2.055301,0.000000
23.689200,9.758545,50.229267,2686.839609,-1.977991,-6.943609,5.625496,2.095645,0.000000
23.729788,9.753146,50.066920,2683.810334,-2.083715,-6.939578,5.742413,2.139200,0.000000
23.770336,9.747759,49.896588,2680.734648,-2.185297,-6.935518,5.868079,2.186014,0.000000
23.810832,9.742374,49.718288,2677.603037,-2.282183,-6.931431,6.003044,2.236292,0.000000
23.851283,9.737001,49.532342,2674.406886,-2.373943,-6.927306,6.147555,2.290126,0.000000
23.891677,9.731634,49.339635,2671.142474,-2.460519,-6.923155,6.301153,2.347345,0.000000
23.932027,9.726278,49.140610,2667.802659,-2.541584,-6.918979,6.463900,2.407973,0.000000
23.972321,9.720929,48.935715,2664.380173,-2.616800,-6.914777,6.635823,2.472019,0.000000
24.012566,9.715589,48.725439,2660.867639,-2.685821,-6.910542,6.816912,2.539479,0.000000
24.052754,9.710259,48.510306,2657.257632,-2.748325,-6.906286,7.007112,2.610334,0.000000
24.092888,9.704931,48.290744,2653.540024,-2.803802,-6.902017,7.206519,2.684618,0.000000
24.132965,9.699616,48.067174,2649.699448,-2.851436,-6.897712,7.415479,2.762461,0.000000
24.172978,9.694314,47.840540,2645.737502,-2.891492,-6.893395,7.632969,2.843482,0.000000
24.212932,9.689024,47.611451,2641.646849,-2.923647,-6.889064,7.858648,2.927553,0.000000
24.252828,9.683742,47.380543,2637.420286,-2.947603,-6.884715,8.092090,3.014517,0.000000
24.292661,9.678467,47.148474,2633.050816,-2.963069,-6.880347,8.332770,3.104176,0.000000
24.332430,9.673204,46.915925,2628.531733,-2.969774,-6.875967,8.580061,3.196298,0.000000
24.372125,9.667945,46.683584,2623.856659,-2.967473,-6.871584,8.833224,3.290609,0.000000
24.411748,9.662708,46.452332,2619.001617,-2.954922,-6.867188,9.091844,3.386951,0.000000
24.451304,9.657474,46.222851,2613.978097,-2.932906,-6.862782,9.354300,3.484723,0.000000
24.490784,9.652256,45.995888,2608.781536,-2.901281,-6.858376,9.619463,3.583503,0.000000
24.530187,9.647054,45.772168,2603.407924,-2.859944,-6.853971,9.886087,3.682827,0.000000
24.569514,9.641858,45.552427,2597.854038,-2.808823,-6.849565,10.152805,3.782187,0.000000
24.608755,9.636675,45.337412,2592.117515,-2.747912,-6.845159,10.418145,3.881033,0.000000
24.647917,9.631504,45.127848,2586.196922,-2.677239,-6.840753,10.680529,3.978778,0.000000
24.686984,9.626348,44.925031,2580.076483,-2.596126,-6.836358,10.937759,4.074603,0.000000
24.725961,9.621204,44.729382,2573.767961,-2.505303,-6.831966,11.188165,4.167886,0.000000
24.764855,9.616074,44.541422,2567.278038,-2.405260,-6.827587,11.430069,4.258002,0.000000
24.803646,9.610961,44.361805,2560.610016,-2.296301,-6.823220,11.661654,4.344273,0.000000
24.842341,9.605861,44.191155,2553.768387,-2.178794,-6.818867,11.881103,4.426024,0.000000
24.880940,9.600777,44.030049,2546.758861,-2.053174,-6.814534,12.086638,4.502591,0.000000
24.919436,9.595708,43.879039,2539.588364,-1.919945,-6.810217,12.276537,4.573333,0.000000
24.957823,9.590654,43.739269,2532.256480,-1.779296,-6.805915,12.448057,4.637229,0.000000
24.996094,9.585615,43.611137,2524.775497,-1.632039,-6.801636,12.599685,4.693714,0.000000
25.034266,9.580594,43.494496,2517.163395,-1.479216,-6.797374,12.730972,4.742622,0.000000
25.072319,9.575588,43.389670,2509.431687,-1.321568,-6.793137,12.840798,4.783535,0.000000
25.110264,9.570602,43.296911,2501.592704,-1.159905,-6.788926,12.928250,4.816113,0.000000
25.148087,9.565631,43.216412,2493.659513,-0.995062,-6.784733,12.992641,4.840101,0.000000
25.185800,9.560667,43.148308,2485.645770,-0.827895,-6.780571,13.033522,4.855330,0.000000
25.223386,9.555735,43.093090,2477.563749,-0.659275,-6.776427,13.049854,4.861414,0.000000
25.260847,9.550809,43.051234,2469.427822,-0.490205,-6.772309,13.040834,4.858054,0.000000
25.298191,9.545908,43.021735,2461.257217,-0.321669,-6.768217,13.008554,4.846029,0.000000
25.335411,9.541024,43.004442,2453.066443,-0.154555,-6.764151,12.953606,4.825559,0.000000
25.372511,9.536158,42.999146,2444.869821,0.010265,-6.760110,12.876801,4.796947,0.000000
25.409490,9.531309,43.005576,2436.681348,0.171950,-6.756094,12.779149,4.760569,0.000000
25.446345,9.526476,43.023403,2428.514583,0.329689,-6.752096,12.661839,4.716868,0.000000
25.483072,9.521659,43.052376,2420.383079,0.482642,-6.748120,12.526022,4.666273,0.000000
25.519671,9.516858,43.092922,2412.304557,0.629549,-6.744171,12.371894,4.608856,0.000000
25.556152,9.512082,43.143486,2404.286823,0.770230,-6.740235,12.202794,4.545862,0.000000
25.592506,9.507324,43.203548,2396.340468,0.904075,-6.736316,12.020363,4.477902,0.000000
25.628743,9.502576,43.272566,2388.475229,1.030553,-6.732417,11.826276,4.405599,0.000000
25.664864,9.497847,43.349945,2380.699946,1.149175,-6.728530,11.622218,4.329582,0.000000
25.700866,9.493140,43.435081,2373.022552,1.259538,-6.724657,11.409856,4.250472,0.000000
25.736753,9.488438,43.527347,2365.450073,1.361278,-6.720796,11.190825,4.168877,0.000000
25.772514,9.483761,43.626652,2357.999779,1.453234,-6.716937,10.966362,4.085258,0.000000
25.808158,9.479105,43.731750,2350.668096,1.535891,-6.713092,10.738538,4.000388,0.000000
25.843696,9.474456,43.841884,2343.457785,1.609212,-6.709251,10.508821,3.914812,0.000000
25.879128,9.469828,43.956392,2336.372235,1.673088,-6.705409,10.278524,3.829021,0.000000
25.914453,9.465213,44.074618,2329.414087,1.727469,-6.701572,10.048864,3.743466,0.000000
25.949672,9.460610,44.195896,2322.585282,1.772345,-6.697736,9.820953,3.658563,0.000000
25.984785,9.456020,44.319580,2315.887080,1.807759,-6.693890,9.595801,3.574688,0.000000
26.019800,9.451455,44.445101,2309.329563,1.833116,-6.690042,9.374638,3.492299,0.000000
26.054710,9.446901,44.571694,2302.908230,1.848892,-6.686191,9.158231,3.411682,0.000000
26.089521,9.442355,44.698685,2296.617716,1.855582,-6.682328,8.947124,3.333039,0.000000
26.124243,9.437829,44.825484,2290.457075,1.853377,-6.678452,8.741912,3.256592,0.000000
26.158875,9.433315,44.951508,2284.424957,1.842489,-6.674564,8.543104,3.182531,0.000000
26.193418,9.428807,45.076205,2278.519664,1.823149,-6.670662,8.351131,3.111016,0.000000
26.227872,9.424317,45.199032,2272.739202,1.795610,-6.666748,8.166349,3.042180,0.000000
26.262232,9.419843,45.319335,2267.086956,1.759789,-6.662810,7.989415,2.976267,0.000000
26.296511,9.415380,45.436519,2261.561668,1.715903,-6.658856,7.820689,2.913412,0.000000
26.330709,9.410924,45.550253,2256.153123,1.664731,-6.654876,7.659877,2.853506,0.000000
26.364823,9.406484,45.660098,2250.858362,1.606587,-6.650875,7.507096,2.796591,0.000000
26.398860,9.402056,45.765634,2245.674301,1.541778,-6.646855,7.362427,2.742698,0.000000
26.432821,9.397639,45.866457,2240.597728,1.470635,-6.642810,7.225913,2.691843,0.000000
26.466714,9.393231,45.962192,2235.625322,1.393479,-6.638730,7.097571,2.644032,0.000000
26.500531,9.388836,46.052350,2230.755922,1.310511,-6.634632,6.977581,2.599332,0.000000
26.534266,9.384453,46.136205,2225.991599,1.221765,-6.630496,6.866412,2.557919,0.000000
26.567935,9.380076,46.213921,2221.320262,1.128062,-6.626332,6.763321,2.519515,0.000000
26.601532,9.375715,46.285215,2216.738251,1.029733,-6.622133,6.668248,2.484098,0.000000
26.635064,9.371361,46.349826,2212.241879,0.927106,-6.617909,6.581126,2.451643,0.000000
26.668533,9.367019,46.407528,2207.827417,0.820513,-6.613652,6.501881,2.422122,0.000000
26.701938,9.362682,46.458095,2203.491056,0.710274,-6.609357,6.430436,2.395507,0.000000
26.735279,9.358364,46.501331,2199.228981,0.596736,-6.605034,6.366713,2.371768,0.000000
26.768551,9.354049,46.536250,2195.044459,0.479921,-6.600670,6.311449,2.351181,0.000000
26.801766,9.349740,46.563487,2190.925712,0.360518,-6.596267,6.263748,2.333411,0.000000
26.834913,9.345448,46.582918,2186.868697,0.238840,-6.591830,6.223532,2.318430,0.000000
26.868003,9.341162,46.594451,2182.869388,0.115215,-6.587362,6.190737,2.306212,0.000000
26.901036,9.336888,46.597985,2178.923722,-0.010032,-6.582856,6.165302,2.296737,0.000000
26.934010,9.332627,46.593467,2175.027554,-0.136586,-6.578311,6.147175,2.289984,0.000000
26.966920,9.328369,46.580853,2171.176708,-0.264131,-6.573728,6.136307,2.285936,0.000000
26.999773,9.324122,46.559429,2167.369981,-0.392368,-6.569105,6.133259,2.284800,0.000000
27.032571,9.319881,46.529673,2163.600166,-0.520901,-6.564450,6.137571,2.286407,0.000000
27.065309,9.315657,46.491812,2159.861841,-0.649406,-6.559752,6.149038,2.290679,0.000000
27.097997,9.311433,46.445882,2156.150517,-0.777553,-6.555023,6.167641,2.297609,0.000000
27.130626,9.307223,46.391940,2152.461647,-0.905032,-6.550256,6.193365,2.307192,0.000000
27.163200,9.303022,46.330068,2148.790589,-1.031514,-6.545443,6.226202,2.319424,0.000000
27.195713,9.298830,46.260370,2145.132610,-1.156689,-6.540606,6.266145,2.334304,0.000000
27.228170,9.294642,46.182506,2141.483090,-1.280098,-6.535722,6.313615,2.351988,0.000000
27.260573,9.290476,46.096707,2137.836341,-1.401409,-6.530800,6.368535,2.372447,0.000000
27.292922,9.286309,46.003532,2134.186981,-1.520378,-6.525848,6.430556,2.395551,0.000000
27.325212,9.282152,45.903150,2130.529901,-1.636676,-6.520863,6.499674,2.421299,0.000000
27.357444,9.278008,45.795763,2126.859911,-1.749969,-6.515840,6.575880,2.449688,0.000000
27.389621,9.273872,45.681588,2123.171746,-1.859946,-6.510782,6.659161,2.480713,0.000000
27.421746,9.269739,45.560868,2119.460053,-1.966265,-6.505697,6.749493,2.514364,0.000000
27.453808,9.265627,45.433651,2115.718180,-2.068458,-6.500576,6.847089,2.550721,0.000000
27.485812,9.261517,45.300028,2111.938587,-2.165988,-6.495425,6.952154,2.589860,0.000000
27.517756,9.257414,45.160754,2108.117914,-2.258831,-6.490238,7.064106,2.631565,0.000000
27.549644,9.253327,45.016151,2104.250546,-2.346656,-6.485026,7.182854,2.675802,0.000000
27.581474,9.249246,44.866559,2100.330868,-2.429152,-6.479789,7.308283,2.722528,0.000000
27.613238,9.245178,44.712332,2096.353237,-2.506001,-6.474526,7.440249,2.771688,0.000000
27.644944,9.241113,44.553847,2092.312033,-2.576894,-6.469229,7.578577,2.823219,0.000000
27.676597,9.237069,44.391467,2088.200829,-2.641451,-6.463913,7.723125,2.877067,0.000000
27.708170,9.233029,44.225332,2084.007025,-2.698788,-6.458572,7.874118,2.933316,0.000000
27.739682,9.229002,44.056248,2079.732019,-2.749244,-6.453212,8.030660,2.991632,0.000000
27.771135,9.224983,43.884663,2075.370528,-2.792537,-6.447828,8.192402,3.051885,0.000000
27.802517,9.220976,43.711032,2070.917393,-2.828422,-6.442431,8.358945,3.113927,0.000000
27.833835,9.216980,43.535823,2066.367675,-2.856666,-6.437017,8.529838,3.177589,0.000000
27.865080,9.212992,43.359513,2061.716653,-2.877053,-6.431581,8.704577,3.242684,0.000000
27.896259,9.209017,43.182600,2056.959886,-2.889386,-6.426139,8.882598,3.309002,0.000000
27.927366,9.205057,43.005609,2052.082353,-2.892690,-6.420674,9.063473,3.376382,0.000000
27.958387,9.201106,42.829117,2047.089051,-2.887514,-6.415207,9.246225,3.444462,0.000000
27.989344,9.197164,42.653625,2041.978129,-2.873852,-6.409731,9.430073,3.512950,0.000000
28.020227,9.193241,42.479646,2036.746763,-2.851638,-6.404250,9.614215,3.581548,0.000000
28.051028,9.189325,42.307698,2031.392637,-2.820837,-6.398762,9.797796,3.649937,0.000000
28.081752,9.185417,42.138275,2025.913938,-2.781450,-6.393275,9.979919,3.717782,0.000000
28.112389,9.181531,41.971886,2020.309453,-2.733539,-6.387778,10.159642,3.784734,0.000000
28.142943,9.177651,41.809309,2014.569538,-2.676587,-6.382290,10.335678,3.850312,0.000000
28.173415,9.173791,41.650965,2008.698669,-2.611063,-6.376803,10.507016,3.914140,0.000000
28.203797,9.169939,41.497192,2002.702392,-2.537464,-6.371319,10.672768,3.975887,0.000000
28.234090,9.166103,41.348423,1996.582250,-2.456036,-6.365843,10.831919,4.035175,0.000000
28.264294,9.162279,41.205089,1990.340474,-2.367076,-6.360374,10.983462,4.091628,0.000000
28.294408,9.158465,41.067598,1983.980009,-2.270918,-6.354909,11.126412,4.144881,0.000000
28.324424,9.154670,40.936323,1977.504499,-2.167954,-6.349463,11.259824,4.194581,0.000000
28.354354,9.150890,40.811947,1970.913246,-2.058337,-6.344022,11.382260,4.240191,0.000000
28.384167,9.147124,40.694912,1964.210574,-1.942535,-6.338593,11.492622,4.281304,0.000000
28.413888,9.143370,40.585091,1957.408979,-1.821474,-6.333181,11.590814,4.317883,0.000000
28.443512,9.139634,40.482740,1950.514797,-1.695718,-6.327785,11.676183,4.349685,0.000000
28.473034,9.135911,40.388054,1943.534920,-1.565873,-6.322401,11.748175,4.376504,0.000000
28.502448,9.132204,40.301196,1936.476707,-1.432571,-6.317035,11.806345,4.398174,0.000000
28.531770,9.128512,40.222292,1929.347933,-1.296465,-6.311690,11.850359,4.414570,0.000000
28.560978,9.124835,40.151629,1922.155497,-1.158212,-6.306361,11.879666,4.425488,0.000000
28.590066,9.121180,40.089738,1914.905546,-1.018503,-6.301048,11.893281,4.430560,0.000000
28.619057,9.117532,40.035940,1907.611967,-0.878201,-6.295757,11.892494,4.430267,0.000000
28.647934,9.113905,39.990189,1900.283548,-0.738022,-6.290484,11.877485,4.424676,0.000000
28.676702,9.110296,39.952395,1892.929152,-0.598665,-6.285224,11.848551,4.413897,0.000000
28.705360,9.106699,39.922438,1885.557609,-0.460829,-6.279986,11.806099,4.398083,0.000000
28.733912,9.103118,39.900166,1878.177661,-0.325185,-6.274761,11.750636,4.377421,0.000000
28.762352,9.099553,39.885374,1870.797898,-0.192399,-6.269555,11.682763,4.352137,0.000000
28.790676,9.096003,39.878585,1863.428493,-0.063530,-6.264366,11.601984,4.322044,0.000000
28.818888,9.092468,39.878752,1856.077303,0.061126,-6.259198,11.510383,4.287921,0.000000
28.846989,9.088954,39.885561,1848.752009,0.181015,-6.254037,11.408797,4.250077,0.000000
28.874980,9.085453,39.898699,1841.459942,0.295610,-6.248892,11.298098,4.208839,0.000000
28.902867,9.081965,39.917819,1834.208029,0.404423,-6.243760,11.179190,4.164542,0.000000
28.930639,9.078498,39.942559,1827.002763,0.507002,-6.238637,11.052996,4.117532,0.000000
28.958306,9.075037,39.972531,1819.850194,0.602958,-6.233523,10.920450,4.068155,0.000000
28.985861,9.071599,40.007699,1812.761194,0.691301,-6.228413,10.782111,4.016620,0.000000
29.013301,9.068177,40.047338,1805.737942,0.772116,-6.223315,10.639320,3.963427,0.000000
29.040639,9.064773,40.090884,1798.783477,0.845310,-6.218222,10.493107,3.908958,0.000000
29.067874,9.061380,40.137913,1791.901811,0.910672,-6.213127,10.344340,3.853539,0.000000
29.095008,9.057999,40.187993,1785.096492,0.968032,-6.208038,10.193855,3.797479,0.000000
29.122039,9.054633,40.240678,1778.370611,1.017250,-6.202949,10.042447,3.741076,0.000000
29.148969,9.051284,40.295533,1771.726816,1.058245,-6.197860,9.890871,3.684610,0.000000
29.175791,9.047949,40.352199,1765.172443,1.090479,-6.192760,9.739906,3.628371,0.000000
29.202516,9.044629,40.410148,1758.708605,1.114014,-6.187658,9.590293,3.572636,0.000000
29.229143,9.041327,40.468886,1752.332484,1.129301,-6.182546,9.442600,3.517617,0.000000
29.255675,9.038030,40.527982,1746.045015,1.136397,-6.177430,9.297377,3.463517,0.000000
29.282112,9.034753,40.587023,1739.846800,1.135390,-6.172300,9.155126,3.410525,0.000000
29.308459,9.031486,40.645612,1733.738122,1.126408,-6.167166,9.016304,3.358811,0.000000
29.334716,9.028236,40.703355,1727.718952,1.109596,-6.162013,8.881320,3.308526,0.000000
29.360882,9.024993,40.759804,1721.792109,1.084867,-6.156845,8.750703,3.259867,0.000000
29.386953,9.021771,40.814500,1715.960272,1.052151,-6.151651,8.624986,3.213034,0.000000
29.412941,9.018555,40.867171,1710.216036,1.012224,-6.146445,8.504135,3.168014,0.000000
29.438836,9.015356,40.917492,1704.558299,0.965332,-6.141222,8.388392,3.124897,0.000000
29.464654,9.012169,40.965134,1698.985760,0.911716,-6.135979,8.277966,3.083760,0.000000
29.490389,9.008993,41.009791,1693.496922,0.851648,-6.130709,8.173036,3.044671,0.000000
29.516043,9.005825,41.051180,1688.090117,0.785395,-6.125418,8.073754,3.007686,0.000000
29.541609,9.002671,41.088977,1682.764368,0.713198,-6.120103,7.980313,2.972876,0.000000
29.567100,8.999530,41.122578,1677.524164,0.634910,-6.114759,7.893331,2.940474,0.000000
29.592507,8.996402,41.152085,1672.359590,0.551392,-6.109383,7.812326,2.910297,0.000000
29.617842,8.993287,41.177284,1667.268325,0.462981,-6.103985,7.737360,2.882370,0.000000
29.643099,8.990179,41.197974,1662.247959,0.369989,-6.098554,7.668479,2.856710,0.000000
29.668285,8.987085,41.213964,1657.295943,0.272751,-6.093091,7.605718,2.833330,0.000000
29.693394,8.984000,41.225089,1652.409637,0.171599,-6.087607,7.549098,2.812238,0.000000
29.718437,8.980925,41.231200,1647.586276,0.066876,-6.082080,7.498633,2.793438,0.000000
29.743397,8.977872,41.231652,1642.828468,-0.041352,-6.076522,7.454913,2.777151,0.000000
29.768282,8.974815,41.226747,1638.127991,-0.152433,-6.070936,7.417424,2.763186,0.000000
29.793103,8.971779,41.216463,1633.481003,-0.265991,-6.065312,7.386074,2.751507,0.000000
29.817855,8.968751,41.200714,1628.884351,-0.381662,-6.059654,7.360846,2.742109,0.000000
29.842537,8.965729,41.179440,1624.334794,-0.499092,-6.053964,7.341717,2.734983,0.000000
29.867148,8.962720,41.152592,1619.829008,-0.617935,-6.048236,7.328660,2.730119,0.000000
29.891691,8.959724,41.120152,1615.363591,-0.737833,-6.042479,7.321644,2.727505,0.000000
29.916165,8.956732,41.081697,1610.937436,-0.858453,-6.036683,7.321060,2.727288,0.000000
29.940574,8.953761,41.037441,1606.545252,-0.979371,-6.030850,7.326657,2.729372,0.000000
29.964919,8.950793,40.987603,1602.182038,-1.100206,-6.024987,7.338168,2.733661,0.000000
29.989194,8.947838,40.932231,1597.844070,-1.220601,-6.019086,7.355546,2.740134,0.000000
30.013400,8.944889,40.871388,1593.527556,-1.340208,-6.013147,7.378736,2.748773,0.000000
30.037550,8.941956,40.805144,1589.228649,-1.458659,-6.007177,7.407680,2.759556,0.000000
30.061630,8.939031,40.733579,1584.943425,-1.575618,-6.001172,7.442313,2.772457,0.000000
30.085641,8.936115,40.656571,1580.668173,-1.690615,-5.995128,7.482825,2.787549,0.000000
30.109584,8.933205,40.574193,1576.398374,-1.803234,-5.989054,7.529200,2.804825,0.000000
30.133463,8.930313,40.486888,1572.129403,-1.913238,-5.982945,7.581005,2.824124,0.000000
30.157279,8.927426,40.394816,1567.857132,-2.020296,-5.976806,7.638139,2.845408,0.000000
30.181024,8.924552,40.298144,1563.577424,-2.124060,-5.970635,7.700488,2.868634,0.000000
30.204708,8.921691,40.197063,1559.286111,-2.224209,-5.964438,7.767928,2.893758,0.000000
30.228333,8.918833,40.091764,1554.979025,-2.320408,-5.958206,7.840320,2.920725,0.000000
30.251881,8.915987,39.982370,1550.651428,-2.412245,-5.951947,7.917615,2.949520,0.000000
30.275359,8.913161,39.868898,1546.297150,-2.499073,-5.945657,7.999906,2.980176,0.000000
30.298773,8.910333,39.751921,1541.913820,-2.580971,-5.939336,8.086592,3.012468,0.000000
30.322124,8.907525,39.631700,1537.497366,-2.657647,-5.932992,8.177460,3.046319,0.000000
30.345410,8.904725,39.508492,1533.043756,-2.728829,-5.926623,8.272273,3.081639,0.000000
30.368625,8.901931,39.382567,1528.549048,-2.794249,-5.920233,8.370775,3.118334,0.000000
30.391764,8.899151,39.254205,1524.009385,-2.853648,-5.913817,8.472687,3.156299,0.000000
30.414846,8.896383,39.123693,1519.421021,-2.906817,-5.907387,8.577704,3.195420,0.000000
30.437847,8.893619,38.991183,1514.774343,-2.952795,-5.900929,8.685760,3.235674,0.000000
30.460773,8.890875,38.857186,1510.071205,-2.992080,-5.894451,8.796169,3.276804,0.000000
30.483635,8.888136,38.722021,1505.308401,-3.024500,-5.887965,8.908546,3.318668,0.000000
30.506428,8.885409,38.586006,1500.482900,-3.049905,-5.881453,9.022481,3.361112,0.000000
30.529144,8.882695,38.449461,1495.591874,-3.068182,-5.874930,9.137544,3.403976,0.000000
30.551784,8.879994,38.312711,1490.632747,-3.079221,-5.868398,9.253280,3.447090,0.000000
30.574357,8.877296,38.176092,1485.603199,-3.082962,-5.861854,9.369213,3.490278,0.000000
30.596839,8.874620,38.039962,1480.494992,-3.078754,-5.855296,9.484780,3.533330,0.000000
30.619252,8.871949,37.904677,1475.310494,-3.067019,-5.848736,9.599429,3.576040,0.000000
30.641588,8.869297,37.770537,1470.050192,-3.047962,-5.842168,9.712639,3.618214,0.000000
30.663842,8.866649,37.637852,1464.713098,-3.021652,-5.835593,9.823875,3.659652,0.000000
30.686014,8.864015,37.506920,1459.298571,-2.988193,-5.829013,9.932594,3.700153,0.000000
30.708109,8.861393,37.378050,1453.806343,-2.947720,-5.822433,10.038252,3.739513,0.000000
30.730128,8.858784,37.251519,1448.236516,-2.900396,-5.815852,10.140308,3.777531,0.000000
30.752054,8.856188,37.127786,1442.585063,-2.846049,-5.809282,10.237952,3.813907,0.000000
30.773898,8.853604,37.007108,1436.853824,-2.785031,-5.802702,10.330637,3.848434,0.000000
30.795652,8.851026,36.889609,1431.047933,-2.717939,-5.796125,10.418073,3.881006,0.000000
30.817322,8.848470,36.775520,1425.169136,-2.645104,-5.789561,10.499790,3.911448,0.000000
30.838908,8.845926,36.665043,1419.219538,-2.566872,-5.782997,10.575346,3.939594,0.000000
30.860406,8.843387,36.558381,1413.201611,-2.483620,-5.776444,10.644334,3.965294,0.000000
30.881813,8.840867,36.455711,1407.118177,-2.395771,-5.769898,10.706388,3.988411,0.000000
30.903129,8.838361,36.357320,1400.970330,-2.303624,-5.763352,10.760916,4.008724,0.000000
30.924348,8.835860,36.263537,1394.759784,-2.207575,-5.756829,10.807326,4.026013,0.000000
30.945475,8.833381,36.174156,1388.494887,-2.108407,-5.750309,10.845940,4.040398,0.000000
30.966504,8.830916,36.089262,1382.179722,-2.006636,-5.743801,10.876598,4.051819,0.000000
30.987444,8.828457,36.008907,1375.818587,-1.902795,-5.737307,10.899196,4.060237,0.000000
31.008295,8.826012,35.933140,1369.415971,-1.797407,-5.730818,10.913683,4.065634,0.000000
31.029047,8.823585,35.861966,1362.976550,-1.691029,-5.724346,10.920067,4.068012,0.000000
31.049706,8.821170,35.795436,1356.504811,-1.584209,-5.717889,10.918323,4.067362,0.000000
31.070256,8.818769,35.733904,1350.003890,-1.477569,-5.711437,10.907903,4.063481,0.000000
31.090714,8.816382,35.676856,1343.481777,-1.371701,-5.705005,10.889771,4.056726,0.000000
31.111074,8.814006,35.624221,1336.943478,-1.267136,-5.698577,10.864158,4.047185,0.000000
31.131338,8.811644,35.575901,1330.393985,-1.164411,-5.692162,10.831341,4.034959,0.000000
31.151508,8.809302,35.531775,1323.838249,-1.064049,-5.685759,10.791637,4.020169,0.000000
31.171571,8.806968,35.491702,1317.281164,-0.966544,-5.679370,10.745402,4.002945,0.000000
31.191549,8.804644,35.455540,1310.727531,-0.872385,-5.672993,10.693026,3.983434,0.000000
31.211408,8.802344,35.423430,1304.183248,-0.782438,-5.666619,10.634421,3.961602,0.000000
31.231177,8.800049,35.394879,1297.652620,-0.696866,-5.660255,10.570550,3.937808,0.000000
31.250847,8.797772,35.369627,1291.139891,-0.616016,-5.653895,10.501949,3.912252,0.000000
31.270420,8.795506,35.347460,1284.649217,-0.540272,-5.647542,10.429096,3.885113,0.000000
31.289895,8.793252,35.328154,1278.184566,-0.469976,-5.641196,10.352477,3.856570,0.000000
31.309279,8.791014,35.311468,1271.749706,-0.405448,-5.634855,10.272580,3.826806,0.000000
31.328559,8.788783,35.297170,1265.348184,-0.346965,-5.628514,10.189895,3.796004,0.000000
31.347739,8.786574,35.285135,1258.986168,-0.295237,-5.622173,10.104780,3.764296,0.000000
31.366826,8.784377,35.275003,1252.665831,-0.250298,-5.615831,10.017850,3.731913,0.000000
31.385820,8.782187,35.266448,1246.388602,-0.212087,-5.609490,9.929653,3.699057,0.000000
31.404718,8.780018,35.259202,1240.157041,-0.180746,-5.603149,9.840642,3.665898,0.000000
31.423519,8.777855,35.253001,1233.973464,-0.156383,-5.596801,9.751252,3.632598,0.000000
31.442234,8.775707,35.247592,1227.839954,-0.139085,-5.590449,9.661901,3.599312,0.000000
31.460853,8.773576,35.242700,1221.758363,-0.128887,-5.584087,9.572988,3.566190,0.000000
31.479377,8.771448,35.238086,1215.732915,-0.126167,-5.577722,9.484949,3.533393,0.000000
31.497809,8.769342,35.233453,1209.765944,-0.130981,-5.571345,9.398205,3.501079,0.000000
31.516156,8.767243,35.228542,1203.855271,-0.142863,-5.564955,9.313033,3.469350,0.000000
31.534407,8.765159,35.223108,1198.001808,-0.161735,-5.558552,9.229741,3.438321,0.000000
31.552574,8.763082,35.216918,1192.206256,-0.187500,-5.552136,9.148616,3.408100,0.000000
31.570657,8.761025,35.209740,1186.469106,-0.220030,-5.545700,9.069923,3.378785,0.000000
31.588650,8.758976,35.201355,1180.790677,-0.259192,-5.539247,8.993905,3.350466,0.000000
31.606563,8.756937,35.191514,1175.172448,-0.304944,-5.532781,8.920859,3.323255,0.000000
31.624381,8.754913,35.179879,1169.617975,-0.357483,-5.526291,8.851201,3.297305,0.000000
31.642120,8.752898,35.166392,1164.121965,-0.416029,-5.519784,8.784860,3.272592,0.000000
31.659773,8.750891,35.150867,1158.683979,-0.480365,-5.513252,8.721996,3.249173,0.000000
31.677344,8.748899,35.133139,1153.303405,-0.550241,-5.506700,8.662751,3.227103,0.000000
31.694841,8.746921,35.113044,1147.979491,-0.625396,-5.500120,8.607251,3.206427,0.000000
31.712256,8.744952,35.090424,1142.711329,-0.705546,-5.493520,8.555605,3.187188,0.000000
31.729592,8.742992,35.065147,1137.497878,-0.790419,-5.486887,8.507909,3.169420,0.000000
31.746841,8.741045,35.036775,1132.343571,-0.880145,-5.480226,8.464682,3.153317,0.000000
31.764007,8.739104,35.005480,1127.241249,-0.973913,-5.473543,8.425567,3.138745,0.000000
31.781104,8.737180,34.971163,1122.189396,-1.071400,-5.466822,8.390610,3.125723,0.000000
31.798125,8.735267,34.933738,1117.186420,-1.172271,-5.460077,8.359849,3.114264,0.000000
31.815077,8.733366,34.893118,1112.230619,-1.276188,-5.453301,8.333313,3.104378,0.000000
31.831947,8.731465,34.849255,1107.320181,-1.382804,-5.446499,8.311019,3.096073,0.000000
31.848748,8.729583,34.802078,1102.453198,-1.491770,-5.439662,8.292971,3.089350,0.000000
31.865459,8.727706,34.751276,1097.630917,-1.602857,-5.432795,8.279521,3.084339,0.000000
31.882109,8.725851,34.697012,1092.848556,-1.715564,-5.425891,8.270402,3.080942,0.000000
31.898677,8.723995,34.639346,1088.102872,-1.829470,-5.418961,8.265484,3.079110,0.000000
31.915181,8.722150,34.578291,1083.391548,-1.944203,-5.411996,8.264732,3.078830,0.000000
31.931609,8.720317,34.513840,1078.712198,-2.059410,-5.404999,8.268102,3.080085,0.000000
31.947970,8.718492,34.446024,1074.062378,-2.174720,-5.397966,8.275541,3.082857,0.000000
31.964262,8.716680,34.374872,1069.439554,-2.289761,-5.390909,8.286986,3.087120,0.000000
31.980474,8.714880,34.300236,1064.842427,-2.404126,-5.383807,8.302596,3.092935,0.000000
31.996616,8.713086,34.222199,1060.267733,-2.517397,-5.376685,8.322236,3.100252,0.000000
32.012685,8.711306,34.141009,1055.711598,-2.629255,-5.369525,8.345621,3.108963,0.000000
32.028690,8.709529,34.056732,1051.171276,-2.739355,-5.362331,8.372648,3.119032,0.000000
32.044625,8.707771,33.969455,1046.644003,-2.847351,-5.355106,8.403206,3.130415,0.000000
32.060491,8.706017,33.879276,1042.126990,-2.952902,-5.347858,8.437171,3.143068,0.000000
32.076293,8.704273,33.786300,1037.617431,-3.055688,-5.340579,8.474410,3.156941,0.000000
32.092018,8.702542,33.690558,1033.112589,-3.155255,-5.333261,8.514886,3.172019,0.000000
32.107672,8.700813,33.592084,1028.609339,-3.251141,-5.325924,8.558534,3.188279,0.000000
32.123253,8.699097,33.491203,1024.104591,-3.343272,-5.318551,8.604960,3.205574,0.000000
32.138770,8.697394,33.388061,1019.595588,-3.431371,-5.311158,8.653984,3.223837,0.000000
32.154217,8.695698,33.282809,1015.079612,-3.515173,-5.303740,8.705417,3.242997,0.000000
32.169595,8.694016,33.175595,1010.553976,-3.594425,-5.296291,8.759058,3.262980,0.000000
32.184909,8.692343,33.066574,1006.016063,-3.668888,-5.288825,8.814695,3.283706,0.000000
32.200149,8.690669,32.955907,1001.463138,-3.738289,-5.281327,8.872123,3.305099,0.000000
27.304400,7.370332,35.958997,1600.399317,-3.272098,2.397585,9.485764,3.533697,0.000000
0.060453,0.060453,53.161614,4946.049803,-0.337320,45.000125,12.620176,4.701348,0.000000
0.113673,0.113673,53.122861,4938.085672,-0.192965,45.000274,12.648315,4.711830,0.000000
0.166811,0.166817,53.105104,4930.074859,-0.048460,45.000462,12.638849,4.708304,0.000000
0.219867,0.219869,53.108250,4922.040639,0.095473,45.000688,12.592147,4.690906,0.000000
0.272837,0.272837,53.132096,4914.006091,0.238116,45.000944,12.509070,4.659958,0.000000
0.325718,0.325718,53.176348,4905.993837,0.378770,45.001236,12.390939,4.615951,0.000000
0.378501,0.378512,53.242477,4898.031975,0.516471,45.001569,12.236527,4.558428,0.000000
0.431196,0.431216,53.328279,4890.139597,0.650723,45.001941,12.050969,4.489303,0.000000
0.483811,0.483835,53.432924,4882.335384,0.780988,45.002352,11.837198,4.409668,0.000000
0.536341,0.536371,53.555739,4874.637142,0.906732,45.002800,11.597949,4.320541,0.000000
0.588788,0.588825,53.695996,4867.061105,1.027477,45.003287,11.336121,4.223003,0.000000
0.641097,0.641243,53.848695,4859.628960,1.076768,45.133513,11.061253,4.120608,43.963438
0.693183,0.693734,54.005841,4852.360117,1.095817,45.312368,10.786841,4.018382,53.999999
0.745020,0.746301,54.165374,4845.268889,1.111281,45.486873,10.516793,3.917782,53.999999
0.796610,0.798954,54.326698,4838.347539,1.123332,45.657226,10.251754,3.819048,53.999999
0.847979,0.851676,54.489262,4831.587623,1.132143,45.823643,9.992178,3.722349,53.999999
0.899124,0.904474,54.652626,4824.986486,1.137778,45.986199,9.738591,3.627881,53.999999
0.950058,0.957342,54.816346,4818.541151,1.140305,46.144982,9.491443,3.535812,53.999999
1.000780,1.010282,54.979999,4812.248378,1.139788,46.300080,9.251115,3.446284,53.999999
1.051294,1.063280,55.143172,4806.104673,1.136322,46.451597,9.017924,3.359414,53.999999
1.101604,1.116353,55.305410,4800.113037,1.129843,46.599468,8.792483,3.275431,53.999999
1.151703,1.169483,55.466238,4794.271038,1.120417,46.743772,8.575121,3.194458,53.999999
1.201616,1.222674,55.625354,4788.565810,1.108300,46.884836,8.365522,3.116377,53.999999
1.251334,1.275921,55.782389,4782.993252,1.093583,47.022776,8.163780,3.041223,53.999999
1.300874,1.329232,55.937010,4777.549187,1.076362,47.157699,7.969954,2.969017,53.999999
1.350235,1.382591,56.088876,4772.229396,1.056724,47.289733,7.784065,2.899769,53.999999
1.399425,1.436007,56.237669,4767.029627,1.034755,47.418991,7.606107,2.833475,53.999999
1.448437,1.489477,56.382996,4761.948183,1.010508,47.545537,7.436228,2.770190,53.999999
1.497276,1.542993,56.524307,4756.987207,0.983941,47.669346,7.274852,2.710074,53.999999
1.545942,1.596567,56.661613,4752.132649,0.955346,47.790766,7.121229,2.652845,53.999999
1.594451,1.650183,56.794656,4747.380281,0.924808,47.909906,6.975267,2.598470,53.999999
1.642806,1.703845,56.923182,4742.725927,0.892415,48.026883,6.836862,2.546911,53.999999
1.691005,1.757552,57.046952,4738.165444,0.858255,48.141823,6.705902,2.498125,53.999999
1.739056,1.811311,57.165754,4733.694742,0.822422,48.254831,6.582269,2.452068,53.999999
1.786957,1.865110,57.279354,4729.309774,0.784992,48.366017,6.465838,2.408695,53.999999
1.834699,1.918952,57.386958,4725.014900,0.745904,48.475333,6.357231,2.368236,53.999999
1.882290,1.972835,57.488933,4720.797162,0.705402,48.583070,6.255557,2.330360,53.999999
1.929746,2.026765,57.585117,4716.652597,0.663570,48.689338,6.160682,2.295016,53.999999
1.977062,2.080739,57.675339,4712.577394,0.620495,48.794247,6.072482,2.262159,53.999999
2.024239,2.134750,57.759444,4708.567803,0.576247,48.897903,5.990839,2.231745,53.999999
2.071288,2.188803,57.837290,4704.620105,0.530917,49.000401,5.915635,2.203730,53.999999
2.118200,2.242888,57.908753,4700.730638,0.484568,49.101849,5.846761,2.178072,53.999999
2.164962,2.297023,57.973142,4696.900044,0.437205,49.202281,5.784622,2.154924,53.999999
2.211601,2.351196,58.030715,4693.121159,0.388964,49.301852,5.728748,2.134109,53.999999
2.258103,2.405402,58.081549,4689.389093,0.339951,49.400684,5.678895,2.115538,53.999999
2.304482,2.459654,58.125544,4685.700356,0.290232,49.498875,5.634981,2.099179,53.999999
2.350733,2.513938,58.162623,4682.051483,0.239875,49.596519,5.596935,2.085005,53.999999
2.396852,2.568263,58.192718,4678.439015,0.188949,49.693715,5.564691,2.072994,53.999999
2.442853,2.622621,58.215760,4674.859540,0.137531,49.790559,5.538193,2.063123,53.999999
2.488720,2.677027,58.231273,4671.311170,0.085662,49.887126,5.517732,2.055500,53.999999
2.534456,2.731463,58.239291,4667.789717,0.033426,49.983528,5.503208,2.050090,53.999999
2.580069,2.785941,58.240126,4664.290357,-0.019086,50.079864,5.494315,2.046777,53.999999
2.625552,2.840460,58.233754,4660.809665,-0.071804,50.176235,5.491036,2.045555,53.999999
2.670920,2.895011,58.220161,4657.344222,-0.124669,50.272733,5.493364,2.046423,53.999999
2.716158,2.949601,58.199349,4653.890578,-0.177607,50.369451,5.501302,2.049380,53.999999
2.761273,3.004229,58.171313,4650.445279,-0.230548,50.466479,5.514860,2.054430,53.999999
2.806268,3.058896,58.135828,4647.004851,-0.283429,50.563919,5.534258,2.061657,53.999999
2.851119,3.113595,58.092633,4643.565367,-0.336158,50.661911,5.559748,2.071152,53.999999
2.895851,3.168341,58.042300,4640.122917,-0.388679,50.760516,5.590956,2.082778,53.999999
2.940455,3.223127,57.984871,4636.673883,-0.440922,50.859834,5.627931,2.096553,53.999999
2.984932,3.277950,57.920392,4633.214591,-0.492810,50.959946,5.670733,2.112497,53.999999
3.029281,3.332804,57.848940,4629.741297,-0.544279,51.060968,5.719427,2.130637,53.999999
3.073502,3.387702,57.770576,4626.250210,-0.595253,51.162992,5.774087,2.150999,53.999999
3.117594,3.442641,57.685303,4622.737174,-0.645656,51.266132,5.834861,2.173639,53.999999
3.161536,3.497632,57.592648,4619.195578,-0.695346,51.370617,5.902379,2.198792,53.999999
3.205358,3.552651,57.493385,4615.623568,-0.744313,51.476439,5.976147,2.226272,53.999999
3.249039,3.607712,57.387613,4612.017031,-0.792471,51.583699,6.056264,2.256118,53.999999
3.292580,3.662820,57.275464,4608.371761,-0.839752,51.692511,6.142838,2.288369,53.999999
3.335987,3.717965,57.157072,4604.683462,-0.886071,51.802989,6.235977,2.323066,53.999999
3.379258,3.773157,57.032584,4600.947767,-0.931353,51.915246,6.335795,2.360250,53.999999
3.422379,3.828391,56.902151,4597.160205,-0.975505,52.029404,6.442405,2.399965,53.999999
3.465354,3.883666,56.765408,4593.310365,-1.018329,52.145774,6.556590,2.442502,53.999999
3.508174,3.938983,56.623028,4589.397766,-1.059832,52.264336,6.677908,2.487696,53.999999
3.550841,3.994351,56.475268,4585.418368,-1.099945,52.385177,6.806376,2.535554,53.999999
3.593355,4.049764,56.322340,4581.367312,-1.138578,52.508427,6.942098,2.586114,53.999999
3.635723,4.105223,56.164464,4577.239645,-1.175637,52.634220,7.085171,2.639413,53.999999
3.677926,4.160725,56.001849,4573.030349,-1.211039,52.762680,7.235683,2.695482,53.999999
3.719968,4.216274,55.834752,4568.734295,-1.244688,52.893941,7.393709,2.754351,53.999999
3.761834,4.271877,55.663118,4564.339392,-1.276359,53.028356,7.559854,2.816245,53.999999
3.803520,4.327526,55.487409,4559.842866,-1.306006,53.165989,7.733905,2.881083,53.999999
3.845042,4.383230,55.308046,4555.242866,-1.333606,53.306851,7.915597,2.948768,53.999999
3.886376,4.438978,55.125321,4550.534071,-1.359057,53.451089,8.104923,3.019297,53.999999
3.927533,4.494777,54.939532,4545.711152,-1.382272,53.598839,8.301847,3.092656,53.999999
3.968510,4.550619,54.750995,4540.768790,-1.403159,53.750245,8.506300,3.168820,53.999999
4.009290,4.606518,54.560030,4535.701685,-1.421620,53.905441,8.718178,3.247751,53.999999
4.049867,4.662473,54.366898,4530.498188,-1.437442,54.064753,8.937672,3.329518,53.999999
4.090228,4.718484,54.171959,4525.150521,-1.450481,54.228388,9.164661,3.414077,53.999999
4.130384,4.774552,53.975713,4519.661650,-1.460816,54.396252,9.398450,3.501170,53.999999
4.170332,4.830667,53.778522,4514.026683,-1.468355,54.568462,9.638737,3.590683,53.999999
4.210062,4.886841,53.580769,4508.240920,-1.473017,54.745139,9.885161,3.682483,53.999999
4.249575,4.943065,53.382844,4502.299864,-1.474724,54.926404,10.137304,3.776413,53.999999
4.288854,4.999341,53.185152,4496.199283,-1.473412,55.112367,10.394681,3.872292,53.999999
4.327894,5.055679,52.988107,4489.931371,-1.468936,55.303249,10.656833,3.969951,53.999999
4.366672,5.112084,52.792244,4483.481737,-1.461035,55.499446,10.923309,4.069220,53.999999
4.405208,5.168532,52.597926,4476.861280,-1.449926,55.700642,11.193008,4.169690,53.999999
4.443492,5.225045,52.405567,4470.067359,-1.435577,55.906902,11.465149,4.271070,53.999999
4.481514,5.281616,52.215604,4463.097801,-1.417946,56.118280,11.738880,4.373042,53.999999
4.519273,5.338238,52.028453,4455.950989,-1.397018,56.334817,12.013278,4.475262,53.999999
4.556755,5.394919,51.844549,4448.625868,-1.372784,56.556547,12.287355,4.577363,53.999999
4.593967,5.451654,51.664308,4441.122032,-1.345252,56.783467,12.560057,4.678952,53.999999
4.630857,5.508458,51.488634,4433.420646,-1.314078,57.016136,12.829883,4.779469,53.999999
4.667464,5.565312,51.317552,4425.541888,-1.279662,57.253959,13.095822,4.878538,53.999999
4.703768,5.622221,51.151459,4417.487826,-1.242045,57.496876,13.356660,4.975707,53.999999
4.739765,5.679189,50.990738,4409.261122,-1.201300,57.744825,13.611150,5.070511,53.999999
4.775460,5.736208,50.835784,4400.865234,-1.157505,57.997705,13.858022,5.162478,53.999999
4.810833,5.793278,50.686968,4392.304421,-1.110750,58.255393,14.096001,5.251131,53.999999
4.845883,5.850409,50.544628,4383.583763,-1.061159,58.517747,14.323811,5.335997,53.999999
4.880587,5.907587,50.409711,4374.696889,-1.008633,58.784974,14.539144,5.416214,53.999999
4.914948,5.964825,50.282163,4365.660322,-0.953511,59.056593,14.741310,5.491526,53.999999
4.948968,6.022105,50.162086,4356.485591,-0.896015,59.332275,14.929442,5.561610,53.999999
4.982645,6.079431,50.049752,4347.181088,-0.836330,59.611789,15.102448,5.626059,53.999999
5.015978,6.136808,49.945401,4337.755914,-0.774644,59.894881,15.259317,5.684497,53.999999
5.048956,6.194225,49.849230,4328.219822,-0.711167,60.181281,15.399133,5.736582,53.999999
5.081591,6.251686,49.761425,4318.583141,-0.646115,60.470693,15.521086,5.782013,53.999999
5.113840,6.309190,49.682655,4308.852126,-0.579653,60.762945,15.623353,5.820110,53.999999
5.145712,6.366735,49.612952,4299.040625,-0.512076,61.057655,15.705498,5.850711,53.999999
5.177217,6.424314,49.551984,4289.164758,-0.443691,61.354354,15.768050,5.874013,53.999999
5.208365,6.481923,49.499798,4279.236554,-0.374753,61.652694,15.810761,5.889925,53.999999
5.239142,6.539571,49.456405,4269.268221,-0.305526,61.952333,15.833532,5.898407,53.999999
5.269559,6.597242,49.421781,4259.272061,-0.236259,62.252911,15.836406,5.899478,53.999999
5.299604,6.654943,49.395880,4249.260366,-0.167224,62.554089,15.819574,5.893208,53.999999
5.329274,6.712673,49.378925,4239.245680,-0.098699,62.855492,15.782702,5.879472,53.999999
5.358540,6.770420,49.371101,4229.241946,-0.030990,63.156742,15.725611,5.858204,53.999999
5.387455,6.828188,49.371628,4219.260965,0.035675,63.457465,15.650339,5.830163,53.999999
5.415999,6.885974,49.380322,4209.314086,0.101070,63.757350,15.557625,5.795625,53.999999
5.444179,6.943774,49.396976,4199.412250,0.164952,64.056069,15.448307,5.754901,53.999999
5.472002,7.001588,49.421357,4189.565909,0.227108,64.353318,15.323314,5.708338,53.999999
5.499467,7.059411,49.453212,4179.784994,0.287324,64.648800,15.183652,5.656310,53.999999
5.526570,7.117243,49.492336,4170.079764,0.345388,64.942232,15.030256,5.599166,53.999999
5.553293,7.175079,49.538988,4160.467098,0.400888,65.233114,14.863299,5.536970,53.999999
5.579663,7.232924,49.592137,4150.947433,0.453876,65.521424,14.685249,5.470642,53.999999
5.605698,7.290769,49.651448,4141.527991,0.504191,65.806950,14.497288,5.400621,53.999999
5.631388,7.348609,49.716574,4132.215306,0.551702,66.089496,14.300603,5.327351,53.999999
5.656747,7.406449,49.787138,4123.015219,0.596296,66.368893,14.096377,5.251271,53.999999
5.681770,7.464286,49.862765,4113.932879,0.637869,66.644988,13.885777,5.172817,53.999999
5.706477,7.522120,49.943081,4104.972758,0.676320,66.917649,13.669946,5.092415,53.999999
5.730826,7.579941,50.028041,4096.150966,0.711266,67.186414,13.449703,5.010368,53.999999
5.754853,7.637752,50.116864,4087.460493,0.742915,67.451490,13.226552,4.927239,53.999999
5.778574,7.695555,50.209092,4078.902042,0.771263,67.712847,13.001556,4.843422,53.999999
5.801989,7.753344,50.304317,4070.477384,0.796284,67.970433,12.775668,4.759272,53.999999
5.825097,7.811125,50.402142,4062.187727,0.817960,68.224221,12.549788,4.675126,53.999999
5.847914,7.868894,50.502165,4054.033746,0.836285,68.474187,12.324758,4.591296,53.999999
5.870442,7.926640,50.603981,4046.015614,0.851265,68.720351,12.101357,4.508074,53.999999
5.892666,7.984371,50.707260,4038.142652,0.862687,68.962433,11.880523,4.425807,53.999999
5.914600,8.042087,50.811526,4030.409355,0.870697,69.200621,11.662911,4.344741,53.999999
5.936259,8.099780,50.916349,4022.809479,0.875459,69.435083,11.449016,4.265060,53.999999
5.957653,8.157461,51.021339,4015.341453,0.877020,69.665879,11.239368,4.186960,53.999999
5.978773,8.215123,51.126143,4008.003384,0.875434,69.893075,11.034440,4.110619,53.999999
5.999640,8.272758,51.230390,4000.793088,0.870761,70.116751,10.834654,4.036194,53.999999
6.020246,8.330378,51.333735,3993.708125,0.863074,70.336986,10.640384,3.963823,53.999999
6.040593,8.387973,51.435778,3986.751447,0.852314,70.553710,10.452242,3.893735,53.999999
6.060674,8.445543,51.536094,3979.921447,0.838515,70.767000,10.270633,3.826081,53.999999
6.080522,8.503097,51.634468,3973.207498,0.821950,70.977162,10.095426,3.760812,53.999999
6.100127,8.560625,51.730584,3966.606349,0.802702,71.184306,9.926816,3.698000,53.999999
6.119495,8.618134,51.824157,3960.114596,0.780868,71.388543,9.764965,3.637706,53.999999
6.138634,8.675615,51.914896,3953.728719,0.756533,71.590000,9.610006,3.579980,53.999999
6.157543,8.733076,52.002534,3947.445107,0.729795,71.788787,9.462043,3.524860,53.999999
6.176227,8.790513,52.086736,3941.262246,0.700704,71.984978,9.321323,3.472438,53.999999
6.194676,8.847922,52.166985,3935.181789,0.669220,72.178569,9.188356,3.422904,53.999999
6.212908,8.905309,52.243361,3929.191548,0.635638,72.369901,9.062573,3.376047,53.999999
6.230922,8.962674,52.315627,3923.287629,0.600066,72.559103,8.943997,3.331874,53.999999
6.248725,9.020006,52.383578,3917.466116,0.562601,72.746308,8.832636,3.290389,53.999999
6.266324,9.077321,52.447025,3911.723055,0.523345,72.931649,8.728489,3.251592,53.999999
6.283710,9.134614,52.505781,3906.054464,0.482403,73.115254,8.631545,3.215477,53.999999
6.300899,9.191871,52.559666,3900.456342,0.439861,73.297261,8.541785,3.182040,53.999999
6.317863,9.249109,52.607979,3894.931398,0.395689,73.477658,8.459952,3.151555,53.999999
6.334626,9.306314,52.651087,3889.468171,0.350146,73.656758,8.385254,3.123728,53.999999
6.351197,9.363502,52.688859,3884.062557,0.303337,73.834682,8.317654,3.098545,53.999999
6.367570,9.420659,52.721178,3878.710513,0.255360,74.011578,8.257120,3.075994,53.999999
6.383747,9.477791,52.747939,3873.407982,0.206320,74.187572,8.203619,3.056064,53.999999
6.399732,9.534902,52.769027,3868.150900,0.156317,74.362798,8.157121,3.038742,53.999999
6.415515,9.591979,52.784369,3862.935199,0.105449,74.537392,8.117596,3.024018,53.999999
6.431101,9.649035,52.793384,3857.759549,0.053762,74.711478,8.085594,3.012096,53.999999
6.446492,9.706056,52.796353,3852.617226,0.001420,74.885208,8.060684,3.002817,53.999999
6.461721,9.763043,52.794794,3847.499908,-0.023108,75.003052,8.041045,2.995501,33.305240
6.476869,9.819974,52.793936,3842.392989,0.007711,75.011078,8.020683,2.987916,0.000000
6.491997,9.876842,52.796518,3837.291384,0.037846,75.019111,7.996499,2.978906,0.000000
6.507092,9.933629,52.802446,3832.197631,0.067189,75.027148,7.968638,2.968527,0.000000
6.522158,9.990355,52.811625,3827.114188,0.095664,75.035195,7.937260,2.956838,0.000000
6.537196,10.046994,52.824115,3822.044327,0.123110,75.043255,7.902353,2.943834,0.000000
6.552206,10.103565,52.839744,3816.990535,0.149450,75.051317,7.864162,2.929607,0.000000
6.567185,10.160069,52.858246,3811.954350,0.174654,75.059392,7.823049,2.914292,0.000000
6.582141,10.216500,52.879475,3806.937842,0.198644,75.067476,7.779219,2.897964,0.000000
6.597071,10.272868,52.903284,3801.942978,0.221357,75.075565,7.732883,2.880702,0.000000
6.611973,10.329157,52.929520,3796.971617,0.242724,75.083667,7.684259,2.862589,0.000000
6.626846,10.385383,52.958030,3792.025484,0.262697,75.091782,7.633569,2.843705,0.000000
6.641693,10.441536,52.988728,3787.107195,0.281172,75.099900,7.580980,2.824114,0.000000
6.656510,10.497618,53.021486,3782.219497,0.298039,75.108028,7.526683,2.803888,0.000000
6.671295,10.553634,53.055980,3777.361742,0.313354,75.116160,7.471037,2.783158,0.000000
6.686059,10.609578,53.092040,3772.535124,0.327093,75.124305,7.414262,2.762008,0.000000
6.700796,10.665458,53.129492,3767.740720,0.339232,75.132462,7.356579,2.740519,0.000000
6.715506,10.721266,53.168149,3762.979481,0.349741,75.140625,7.298205,2.718773,0.000000
6.730194,10.777016,53.207830,3758.252231,0.358599,75.148805,7.239349,2.696848,0.000000
6.744850,10.832693,53.248366,3753.560053,0.365788,75.156981,7.180219,2.674820,0.000000
6.759486,10.888300,53.289601,3748.906626,0.371144,75.165178,7.121029,2.652771,0.000000
6.774087,10.943842,53.331273,3744.288993,0.374830,75.173377,7.061995,2.630779,0.000000
6.788666,10.999325,53.373208,3739.707456,0.376856,75.181590,7.003300,2.608914,0.000000
6.803221,11.054745,53.415229,3735.162214,0.377228,75.189815,6.945123,2.587241,0.000000
6.817745,11.110096,53.457150,3730.653360,0.375953,75.198047,6.887631,2.565824,0.000000
6.832252,11.165391,53.498792,3726.180877,0.373056,75.206286,6.830987,2.544722,0.000000
6.846727,11.220616,53.539984,3721.744650,0.368549,75.214538,6.775342,2.523993,0.000000
6.861183,11.275780,53.580481,3717.347863,0.362321,75.222805,6.720964,2.503736,0.000000
6.875611,11.330883,53.620157,3712.987203,0.354529,75.231081,6.667907,2.483971,0.000000
6.890008,11.385926,53.658849,3708.661764,0.345217,75.239362,6.616284,2.464740,0.000000
6.904388,11.440909,53.696404,3704.371046,0.334432,75.247661,6.566211,2.446086,0.000000
6.918742,11.495834,53.732658,3700.114468,0.322218,75.255965,6.517800,2.428052,0.000000
6.933070,11.550698,53.767473,3695.891361,0.308602,75.264280,6.471154,2.410675,0.000000
6.947373,11.605501,53.800711,3691.700977,0.293633,75.272612,6.426368,2.393991,0.000000
6.961658,11.660248,53.832088,3687.544738,0.277288,75.280946,6.383676,2.378087,0.000000
6.975909,11.714939,53.861515,3683.420542,0.259643,75.289296,6.343103,2.362973,0.000000
6.990144,11.769567,53.888933,3679.326271,0.240808,75.297663,6.304649,2.348648,0.000000
7.004353,11.824141,53.914229,3675.260911,0.220837,75.306031,6.268383,2.335138,0.000000
7.018537,11.878657,53.937283,3671.223395,0.199787,75.314412,6.234366,2.322465,0.000000
7.032695,11.933121,53.957992,3667.212612,0.177716,75.322810,6.202655,2.310652,0.000000
7.046837,11.987527,53.976252,3663.227388,0.154686,75.331212,6.173299,2.299716,0.000000
7.060954,12.041878,53.991848,3659.267605,0.130714,75.339635,6.146462,2.289719,0.000000
7.075045,12.096173,54.004645,3655.332145,0.105866,75.348062,6.122224,2.280689,0.000000
7.089113,12.150410,54.014717,3651.418216,0.080252,75.356501,6.100473,2.272587,0.000000
7.103158,12.204600,54.021990,3647.524479,0.053934,75.364953,6.081241,2.265422,0.000000
7.117178,12.258732,54.026404,3643.649550,0.026988,75.373418,6.064556,2.259207,0.000000
7.131177,12.312813,54.027906,3639.792005,-0.000522,75.381896,6.050443,2.253949,0.000000
7.145160,12.366843,54.026445,3635.950408,-0.028536,75.390386,6.038922,2.249657,0.000000
7.159119,12.420810,54.021898,3632.123557,-0.056992,75.398880,6.030071,2.246360,0.000000
7.173051,12.474731,54.014038,3628.310570,-0.085824,75.407395,6.024069,2.244124,0.000000
7.186957,12.528594,54.003105,3624.508697,-0.114947,75.415914,6.020703,2.242870,0.000000
7.200841,12.582409,53.989068,3620.716367,-0.144282,75.424450,6.019981,2.242601,0.000000
7.214707,12.636173,53.971923,3616.931991,-0.173752,75.433000,6.021907,2.243319,0.000000
7.228526,12.689890,53.950782,3613.156179,-0.221999,75.500870,6.027239,2.245305,25.257919
7.242247,12.743574,53.923909,3609.390996,-0.281046,75.603173,6.037461,2.249113,34.999999
7.255863,12.797223,53.890812,3605.634567,-0.339986,75.705782,6.053012,2.254906,34.999999
7.269364,12.850852,53.850849,3601.883767,-0.398694,75.808838,6.074468,2.262899,34.999999
7.282753,12.904442,53.804745,3598.134339,-0.457040,75.912375,6.101271,2.272884,34.999999
7.296036,12.958003,53.752554,3594.382855,-0.514928,76.016481,6.133423,2.284861,34.999999
7.309204,13.011539,53.694338,3590.625848,-0.572230,76.121233,6.170935,2.298836,34.999999
7.322264,13.065044,53.630175,3586.859825,-0.628832,76.226723,6.213819,2.314811,34.999999
7.335221,13.118516,53.560165,3583.081232,-0.684610,76.333033,6.262088,2.332793,34.999999
7.348057,13.171959,53.484404,3579.286480,-0.739453,76.440235,6.315755,2.352785,34.999999
7.360778,13.225373,53.402552,3575.470004,-0.793140,76.548521,6.375281,2.374960,34.999999
7.373382,13.278748,53.315080,3571.628857,-0.845606,76.657919,6.440362,2.399204,34.999999
7.385874,13.332092,53.222281,3567.759836,-0.896757,76.768490,6.510869,2.425470,34.999999
7.398254,13.385408,53.124295,3563.859198,-0.946461,76.880318,6.586802,2.453757,34.999999
7.410513,13.438693,53.021301,3559.923162,-0.994613,76.993495,6.668157,2.484064,34.999999
7.422657,13.491941,52.913473,3555.947920,-1.041088,77.108103,6.754924,2.516387,34.999999
7.434686,13.545157,52.801001,3551.929643,-1.085755,77.224233,6.847082,2.550718,34.999999
7.446582,13.598344,52.683845,3547.861468,-1.128388,77.342063,6.944917,2.587164,34.999999
7.458357,13.651493,52.562291,3543.739446,-1.168865,77.461693,7.048327,2.625687,34.999999
7.470010,13.704603,52.436785,3539.562052,-1.207165,77.583120,7.156991,2.666168,34.999999
7.481533,13.757675,52.307566,3535.325428,-1.243166,77.706428,7.270836,2.708578,34.999999
7.492934,13.810714,52.174898,3531.025729,-1.276748,77.831708,7.389769,2.752883,34.999999
7.504208,13.863713,52.039035,3526.659151,-1.307806,77.959044,7.513681,2.799044,34.999999
7.515354,13.916679,51.900251,3522.221924,-1.336229,78.088507,7.642440,2.847010,34.999999
7.526357,13.969597,51.758758,3517.707595,-1.361800,78.220279,7.776049,2.896783,34.999999
7.537221,14.022473,51.614800,3513.109067,-1.384292,78.354524,7.914472,2.948349,34.999999
7.547947,14.075311,51.468865,3508.428322,-1.403806,78.491150,8.057152,3.001501,34.999999
7.558537,14.128105,51.321280,3503.661942,-1.420257,78.630243,8.203843,3.056147,34.999999
7.568985,14.180855,51.172366,3498.806670,-1.433537,78.771869,8.354269,3.112185,34.999999
7.579291,14.233559,51.022460,3493.859380,-1.443570,78.916086,8.508120,3.169499,34.999999
7.589452,14.286221,50.871892,3488.817123,-1.450281,79.062964,8.665053,3.227960,34.999999
7.599461,14.338833,50.721023,3483.676082,-1.453559,79.212585,8.824714,3.287438,34.999999
7.609313,14.391390,50.570238,3478.424782,-1.453036,79.365245,8.986833,3.347832,34.999999
7.619009,14.443896,50.419930,3473.070613,-1.448985,79.520713,9.150695,3.408875,34.999999
7.628548,14.496354,50.270449,3467.611663,-1.441377,79.679037,9.315801,3.470381,34.999999
7.637934,14.548758,50.122158,3462.046317,-1.430172,79.840239,9.481621,3.532153,34.999999
7.647155,14.601106,49.975423,3456.373300,-1.415366,80.004335,9.647588,3.593980,34.999999
7.656218,14.653399,49.830602,3450.591681,-1.396938,80.171346,9.813104,3.655639,34.999999
7.665109,14.705628,49.688064,3444.700919,-1.374912,80.341262,9.977541,3.716896,34.999999
7.673826,14.757798,49.548443,3438.690477,-1.348961,80.514361,10.140014,3.777422,34.999999
7.682365,14.809904,49.411918,3432.569687,-1.319422,80.690369,10.299916,3.836990,34.999999
7.690733,14.861946,49.278784,3426.340814,-1.286405,80.869225,10.456571,3.895348,34.999999
7.698929,14.913924,49.149379,3420.005132,-1.249979,81.050888,10.609267,3.952231,34.999999
7.706952,14.965831,49.024036,3413.564366,-1.210237,81.235293,10.757285,4.007372,34.999999
7.714787,15.017670,48.903066,3407.020706,-1.167283,81.422381,10.899907,4.060502,34.999999
7.722451,15.069436,48.786765,3400.376835,-1.121225,81.612081,11.036421,4.111357,34.999999
7.729912,15.121130,48.675793,3393.629247,-1.072022,81.804458,11.165594,4.159477,34.999999
7.737178,15.172745,48.570290,3386.785350,-1.019938,81.999331,11.286897,4.204666,34.999999
7.744264,15.224284,48.470296,3379.852933,-0.965254,82.196477,11.399945,4.246780,34.999999
7.751162,15.275741,48.376055,3372.836591,-0.908166,82.395776,11.504136,4.285594,34.999999
7.757869,15.327122,48.287766,3365.741340,-0.848870,82.597093,11.598911,4.320899,34.999999
7.764388,15.378415,48.205610,3358.572589,-0.787585,82.800282,11.683760,4.352508,34.999999
7.770707,15.429634,48.129749,3351.336086,-0.724541,83.005191,11.758233,4.380251,34.999999
7.776834,15.480754,48.060626,3344.035324,-0.659919,83.211724,11.821419,4.403790,34.999999
7.782757,15.531788,47.998470,3336.676817,-0.593980,83.419697,11.872805,4.422932,34.999999
7.788478,15.582734,47.942945,3329.270965,-0.527077,83.628858,11.912825,4.437841,34.999999
7.794008,15.633590,47.894113,3321.824627,-0.459464,83.839009,11.941326,4.448458,34.999999
7.799346,15.684356,47.851997,3314.344801,-0.391425,84.049974,11.958230,4.454755,34.999999
7.804486,15.735026,47.816605,3306.838585,-0.323220,84.261570,11.963539,4.456733,34.999999
7.809438,15.785602,47.787899,3299.313144,-0.255126,84.473611,11.957329,4.454420,34.999999
7.814187,15.836087,47.765987,3291.775526,-0.187433,84.685895,11.939500,4.447778,34.999999
7.818728,15.886463,47.751192,3284.233420,-0.120465,84.898237,11.909618,4.436646,34.999999
7.823076,15.936744,47.742824,3276.694737,-0.054464,85.110427,11.868968,4.421503,34.999999
7.827233,15.986924,47.740766,3269.166339,0.010323,85.322296,11.817927,4.402489,34.999999
7.831199,16.037009,47.744856,3261.654909,0.073644,85.533662,11.756932,4.379766,34.999999
7.834980,16.086994,47.754911,3254.166901,0.135265,85.744363,11.686474,4.353519,34.999999
7.838573,16.136881,47.770741,3246.708534,0.194956,85.954236,11.607089,4.323946,34.999999
7.841976,16.186665,47.792131,3239.285731,0.252506,86.163129,11.519356,4.291263,34.999999
7.845178,16.236347,47.819379,3231.909118,0.307430,86.370777,11.423123,4.255414,34.999999
7.848202,16.285919,47.851657,3224.579999,0.359787,86.577147,11.319908,4.216963,34.999999
7.851043,16.335398,47.888674,3217.303191,0.409404,86.782117,11.210381,4.176162,34.999999
7.853704,16.384774,47.930159,3210.083177,0.456126,86.985575,11.095214,4.133259,34.999999
7.856191,16.434048,47.975809,3202.924085,0.499811,87.187428,10.975083,4.088507,34.999999
7.858509,16.483220,48.025319,3195.829643,0.540339,87.387580,10.850665,4.042158,34.999999
7.860650,16.532300,48.078384,3188.803211,0.577607,87.585957,10.722629,3.994461,34.999999
7.862600,16.581261,48.134910,3181.853897,0.611219,87.782331,10.591442,3.945591,34.999999
7.864390,16.630129,48.194356,3174.980421,0.641298,87.976739,10.457988,3.895876,34.999999
7.866013,16.678900,48.256306,3168.183113,0.667867,88.169190,10.322957,3.845573,34.999999
7.867471,16.727567,48.320429,3161.463750,0.690884,88.359649,10.186944,3.794905,34.999999
7.868769,16.776138,48.386386,3154.823767,0.710325,88.548096,10.050515,3.744081,34.999999
7.869915,16.824615,48.453845,3148.264266,0.726167,88.734505,9.914210,3.693304,34.999999
7.870906,16.873002,48.522471,3141.786021,0.738404,88.918871,9.778540,3.642763,34.999999
7.871726,16.921283,48.591965,3135.394354,0.746841,89.101085,9.644077,3.592672,34.999999
7.872395,16.969459,48.661946,3129.088624,0.751542,89.281172,9.511318,3.543216,34.999999
7.872914,17.017546,48.732050,3122.864642,0.752713,89.459258,9.380611,3.494525,34.999999
7.873293,17.065543,48.801958,3116.722008,0.750398,89.635367,9.252336,3.446738,34.999999
7.873524,17.113445,48.871362,3110.660061,0.744660,89.809535,9.126838,3.399987,34.999999
7.873611,17.161252,48.939960,3104.677946,0.735556,89.981806,9.004434,3.354389,34.999999
7.873557,17.208979,49.007456,3098.774580,0.723160,90.152217,8.885414,3.310050,34.999999
7.873367,17.256605,49.073500,3092.951372,0.707449,90.320758,8.770174,3.267121,34.999999
7.873030,17.304136,49.137719,3087.209598,0.688378,90.487427,8.659126,3.225752,34.999999
7.872562,17.351584,49.199959,3081.541936,0.666301,90.652431,8.552203,3.185921,34.999999
7.871959,17.398939,49.259949,3075.946609,0.641306,90.815815,8.449587,3.147694,34.999999
7.871227,17.446212,49.317450,3070.421703,0.613498,90.977652,8.351437,3.111130,34.999999
7.870360,17.493395,49.372220,3064.965171,0.582991,91.138021,8.257895,3.076283,34.999999
7.869371,17.540498,49.424038,3059.574883,0.549881,91.296995,8.169082,3.043198,34.999999
7.868265,17.587512,49.472653,3054.249234,0.514278,91.454638,8.085159,3.011934,34.999999
7.867010,17.634441,49.517551,3048.990965,0.476100,91.610935,8.006652,2.982689,34.999999
7.865641,17.681279,49.558856,3043.791407,0.435712,91.766088,7.933163,2.955312,34.999999
7.864152,17.728037,49.596382,3038.648044,0.393238,91.920181,7.864754,2.929828,34.999999
7.862535,17.774714,49.629977,3033.558277,0.348806,92.073305,7.801477,2.906256,34.999999
7.860805,17.821310,49.659472,3028.519446,0.302543,92.225552,7.743376,2.884611,34.999999
7.858956,17.867825,49.684736,3023.528828,0.254578,92.376999,7.690485,2.864908,34.999999
7.856989,17.914261,49.705638,3018.583636,0.205048,92.527745,7.642832,2.847156,34.999999
7.854898,17.960603,49.721631,3013.684838,0.153952,92.677822,7.600940,2.831550,34.999999
7.852697,18.006875,49.732951,3008.825760,0.101571,92.827393,7.564396,2.817936,34.999999
7.850373,18.053061,49.739575,3004.002902,0.048052,92.976549,7.533139,2.806292,34.999999
7.847939,18.099165,49.741427,2999.213286,-0.006479,93.125387,7.507176,2.796621,34.999999
7.845390,18.145193,49.738437,2994.453905,-0.061874,93.274005,7.486512,2.788923,34.999999
7.842729,18.191142,49.730553,2989.721697,-0.118004,93.422489,7.471145,2.783198,34.999999
7.839957,18.237010,49.717737,2985.013558,-0.174722,93.570944,7.461074,2.779446,34.999999
7.837071,18.282796,49.699592,2980.327631,-0.231923,93.719466,7.456670,2.777806,34.999999
7.834059,18.328503,49.676277,2975.659626,-0.289427,93.868172,7.457746,2.778207,34.999999
7.830940,18.374130,49.647964,2971.005568,-0.347082,94.017156,7.464095,2.780572,34.999999
7.827712,18.419677,49.614671,2966.362222,-0.404748,94.166507,7.475707,2.784898,34.999999
7.824375,18.465148,49.576411,2961.726313,-0.462291,94.316330,7.492568,2.791179,34.999999
7.820924,18.510537,49.533227,2957.094542,-0.519573,94.466717,7.514661,2.799409,34.999999
7.817366,18.555840,49.485150,2952.463575,-0.576456,94.617765,7.541968,2.809581,34.999999
7.813681,18.601070,49.432011,2947.829790,-0.632756,94.769627,7.574709,2.821778,34.999999
7.809885,18.646210,49.373834,2943.189217,-0.688323,94.922409,7.612929,2.836017,34.999999
7.805981,18.691269,49.310982,2938.538661,-0.743038,95.076173,7.656280,2.852166,34.999999
7.801958,18.736244,49.243553,2933.874690,-0.796766,95.231017,7.704724,2.870212,34.999999
7.797827,18.781142,49.171652,2929.193873,-0.849379,95.387040,7.758221,2.890141,34.999999
7.793581,18.825956,49.095402,2924.492754,-0.900734,95.544342,7.816722,2.911934,34.999999
7.789220,18.870681,49.014919,2919.767886,-0.950703,95.703012,7.880172,2.935571,34.999999
7.784742,18.915325,48.930248,2915.015105,-0.999103,95.863183,7.948618,2.961069,34.999999
7.780149,18.959882,48.841316,2910.228611,-1.045681,96.025084,8.022278,2.988510,34.999999
7.775431,19.004344,48.748641,2905.407350,-1.090445,96.188656,8.100650,3.017705,34.999999
7.770598,19.048724,48.652389,2900.547909,-1.133261,96.354009,8.183635,3.048619,34.999999
7.765644,19.093015,48.552738,2895.646896,-1.174006,96.521236,8.271124,3.081211,34.999999
7.760606,19.137216,48.451105,2890.697146,-1.180206,96.587766,8.361527,3.114889,9.745772
7.755552,19.181345,48.350102,2885.689128,-1.165050,96.595615,8.451763,3.148504,0.000000
7.750507,19.225401,48.250663,2880.620257,-1.147065,96.603449,8.540666,3.181623,0.000000
7.745463,19.269361,48.153254,2875.484204,-1.125995,96.611269,8.627675,3.214036,0.000000
7.740420,19.313253,48.057912,2870.287830,-1.102184,96.619074,8.712591,3.245669,0.000000
7.735377,19.357059,47.964862,2865.031856,-1.075716,96.626861,8.795069,3.276395,0.000000
7.730339,19.400788,47.874314,2859.717177,-1.046662,96.634637,8.874767,3.306084,0.000000
7.725307,19.444440,47.786481,2854.344901,-1.015114,96.642394,8.951345,3.334611,0.000000
7.720275,19.488008,47.701551,2848.916367,-0.981176,96.650139,9.024472,3.361853,0.000000
7.715243,19.531496,47.619701,2843.433163,-0.944956,96.657861,9.093828,3.387690,0.000000
7.710222,19.574889,47.541405,2837.892856,-0.906409,96.665578,9.158741,3.411872,0.000000
7.705204,19.618193,47.466642,2832.300808,-0.865823,96.673271,9.219125,3.434367,0.000000
7.700191,19.661420,47.395475,2826.660633,-0.823380,96.680952,9.274816,3.455113,0.000000
7.695180,19.704560,47.328039,2820.974814,-0.779251,96.688620,9.325568,3.474019,0.000000
7.690176,19.747611,47.264454,2815.246037,-0.733591,96.696275,9.371157,3.491003,0.000000
7.685175,19.790578,47.204827,2809.477150,-0.686582,96.703910,9.411387,3.505989,0.000000
7.680177,19.833455,47.149235,2803.671162,-0.638390,96.711528,9.446089,3.518917,0.000000
7.675180,19.876238,47.098012,2797.829448,-0.589164,96.719133,9.474782,3.529605,0.000000
7.670193,19.918928,47.051176,2791.956099,-0.539128,96.726724,9.497401,3.538032,0.000000
7.665210,19.961536,47.008560,2786.056186,-0.488526,96.734299,9.514160,3.544275,0.000000
7.660235,20.004045,46.970184,2780.133233,-0.437550,96.741854,9.525023,3.548322,0.000000
7.655260,20.046472,46.936053,2774.190810,-0.386413,96.749395,9.529987,3.550171,0.000000
7.650293,20.088807,46.906152,2768.232546,-0.335304,96.756924,9.529083,3.549834,0.000000
7.645329,20.131049,46.880464,2762.262098,-0.284430,96.764441,9.522373,3.547335,0.000000
7.640376,20.173198,46.859082,2756.282969,-0.234008,96.771933,9.509757,3.542635,0.000000
7.635424,20.215250,46.842092,2750.299082,-0.184292,96.779411,9.491163,3.535708,0.000000
7.630475,20.257205,46.829108,2744.314646,-0.135430,96.786876,9.467172,3.526771,0.000000
7.625534,20.299075,46.820046,2738.333198,-0.087619,96.794328,9.437971,3.515893,0.000000
7.620599,20.340855,46.814799,2732.358230,-0.041035,96.801762,9.403773,3.503153,0.000000
7.615669,20.382544,46.813245,2726.393129,0.004153,96.809177,9.364812,3.488639,0.000000
7.610740,20.424139,46.815242,2720.441189,0.047772,96.816580,9.321344,3.472446,0.000000
7.605820,20.465643,46.820695,2714.505787,0.089636,96.823969,9.273600,3.454660,0.000000
7.600904,20.507050,46.829704,2708.591998,0.129426,96.831334,9.221561,3.435274,0.000000
7.595997,20.548367,46.841766,2702.701029,0.167178,96.838688,9.165940,3.414554,0.000000
7.591094,20.589595,46.856705,2696.835585,0.202755,96.846030,9.107051,3.392616,0.000000
7.586193,20.630727,46.874337,2690.998217,0.236041,96.853350,9.045214,3.369580,0.000000
7.581301,20.671772,46.894463,2685.191318,0.266929,96.860663,8.980755,3.345568,0.000000
7.576417,20.712732,46.916889,2679.417086,0.295332,96.867955,8.914003,3.320701,0.000000
7.571533,20.753612,46.941411,2673.677574,0.321150,96.875232,8.845285,3.295101,0.000000
7.566651,20.794384,46.967958,2667.978257,0.344060,96.882493,8.774801,3.268844,0.000000
7.561787,20.835069,46.996158,2662.317962,0.364210,96.889733,8.703041,3.242112,0.000000
7.556919,20.875672,47.025758,2656.697661,0.381594,96.896966,8.630340,3.215029,0.000000
7.552057,20.916187,47.056544,2651.118610,0.396159,96.904179,8.557007,3.187710,0.000000
7.547203,20.956619,47.088288,2645.581897,0.407882,96.911378,8.483338,3.160267,0.000000
7.542353,20.996966,47.120770,2640.088452,0.416757,96.918565,8.409625,3.132806,0.000000
7.537503,21.037233,47.153764,2634.639020,0.422766,96.925730,8.336143,3.105433,0.000000
7.532664,21.077407,47.187060,2629.237381,0.425720,96.932879,8.263215,3.078265,0.000000
7.527828,21.117499,47.220405,2623.882468,0.425714,96.940015,8.191108,3.051403,0.000000
7.523001,21.157505,47.253568,2618.572848,0.422898,96.947138,8.120040,3.024929,0.000000
7.518174,21.197435,47.286335,2613.308579,0.417297,96.954248,8.050237,2.998925,0.000000
7.513353,21.237281,47.318508,2608.089595,0.408952,96.961339,7.981912,2.973472,0.000000
7.508538,21.277046,47.349878,2602.915676,0.397908,96.968413,7.915263,2.948644,0.000000
7.503722,21.316735,47.380248,2597.786477,0.384224,96.975473,7.850477,2.924509,0.000000
7.498917,21.356343,47.409357,2592.703585,0.367848,96.982520,7.787832,2.901173,0.000000
7.494115,21.395870,47.436973,2587.666926,0.348831,96.989544,7.727542,2.878713,0.000000
7.489318,21.435320,47.462995,2582.673044,0.327388,96.996562,7.669625,2.857137,0.000000
7.484519,21.474693,47.487260,2577.721094,0.303620,97.003559,7.614217,2.836496,0.000000
7.479732,21.513990,47.509595,2572.810124,0.277610,97.010543,7.561440,2.816835,0.000000
7.474950,21.553218,47.529837,2567.939092,0.249448,97.017514,7.511406,2.798196,0.000000
7.470169,21.592364,47.547853,2563.106854,0.219237,97.024472,7.464218,2.780618,0.000000
7.465388,21.631440,47.563438,2558.313001,0.187029,97.031407,7.420038,2.764159,0.000000
7.460618,21.670435,47.576278,2553.558329,0.152839,97.038329,7.379146,2.748926,0.000000
7.455850,21.709364,47.586469,2548.838244,0.116927,97.045245,7.341363,2.734851,0.000000
7.451092,21.748216,47.593893,2544.151245,0.079417,97.052135,7.306753,2.721958,0.000000
7.446333,21.786997,47.598449,2539.495797,0.040426,97.059012,7.275371,2.710267,0.000000
7.441574,21.825706,47.600040,2534.870279,0.000069,97.065881,7.247266,2.699797,0.000000
7.436824,21.864340,47.598582,2530.273017,-0.041539,97.072728,7.222481,2.690564,0.000000
7.432077,21.902916,47.593997,2525.702267,-0.084260,97.079561,7.201051,2.682581,0.000000
7.427331,21.941402,47.585866,2521.158713,-0.128081,97.086379,7.183370,2.675995,0.000000
7.422595,21.979832,47.574477,2516.637709,-0.172745,97.093184,7.169105,2.670680,0.000000
7.417859,22.018184,47.559781,2512.137335,-0.218126,97.099976,7.158266,2.666643,0.000000
7.413128,22.056471,47.541741,2507.655640,-0.264102,97.106756,7.150866,2.663886,0.000000
7.408404,22.094694,47.520336,2503.190645,-0.310537,97.113516,7.146908,2.662411,0.000000
7.403679,22.132839,47.495543,2498.740319,-0.357294,97.120259,7.146394,2.662220,0.000000
7.398954,22.170918,47.467364,2494.302620,-0.404255,97.126998,7.149318,2.663309,0.000000
7.394241,22.208928,47.435508,2489.876150,-0.451278,97.133715,7.155955,2.665782,0.000000
7.389530,22.246872,47.400187,2485.457932,-0.498214,97.140416,7.166089,2.669557,0.000000
7.384824,22.284748,47.361516,2481.045560,-0.544928,97.147098,7.179611,2.674594,0.000000
7.380116,22.322553,47.319528,2476.636868,-0.591291,97.153776,7.196495,2.680884,0.000000
7.375421,22.360287,47.274258,2472.229656,-0.637174,97.160434,7.216708,2.688414,0.000000
7.370723,22.397961,47.225759,2467.821722,-0.682445,97.167083,7.240214,2.697170,0.000000
7.366030,22.435565,47.174093,2463.410858,-0.726968,97.173713,7.266967,2.707137,0.000000
7.361350,22.473099,47.119158,2458.994405,-0.770577,97.180327,7.297105,2.718364,0.000000
7.356661,22.510557,47.061058,2454.569860,-0.813118,97.186928,7.330532,2.730816,0.000000
7.351982,22.547957,47.000037,2450.135272,-0.854519,97.193516,7.367026,2.744411,0.000000
7.347308,22.585281,46.936197,2445.688443,-0.894663,97.200091,7.406515,2.759122,0.000000
7.342640,22.622540,46.869643,2441.227154,-0.933422,97.206648,7.448921,2.774919,0.000000
7.337973,22.659733,46.800487,2436.749227,-0.970685,97.213194,7.494159,2.791771,0.000000
7.333314,22.696850,46.728846,2432.252496,-1.006334,97.219722,7.542133,2.809643,0.000000
7.328658,22.733908,46.654770,2427.734030,-1.040199,97.226244,7.592830,2.828529,0.000000
7.324003,22.770885,46.578320,2423.190569,-1.072086,97.232743,7.646220,2.848418,0.000000
7.319358,22.807789,46.499821,2418.621627,-1.102032,97.239229,7.701988,2.869193,0.000000
7.314713,22.844630,46.419423,2414.025222,-1.129928,97.245702,7.760004,2.890806,0.000000
7.310075,22.881400,46.337279,2409.399413,-1.155687,97.252163,7.820127,2.913203,0.000000
7.305441,22.918094,46.253537,2404.742327,-1.179217,97.258611,7.882205,2.936329,0.000000
7.300807,22.954720,46.168377,2400.052172,-1.200447,97.265046,7.946080,2.960124,0.000000
7.296184,22.991281,46.081961,2395.326826,-1.219259,97.271468,8.011596,2.984530,0.000000
7.291563,23.027750,45.994374,2390.561316,-1.235385,97.277874,8.078678,3.009520,0.000000
7.286953,23.064155,45.905920,2385.757559,-1.248978,97.284261,8.146979,3.034964,0.000000
7.282342,23.100492,45.816791,2380.914146,-1.259999,97.290639,8.216299,3.060787,0.000000
7.277737,23.136746,45.727160,2376.029786,-1.268404,97.296997,8.286426,3.086912,0.000000
7.273144,23.172925,45.637220,2371.103305,-1.274151,97.303350,8.357143,3.113256,0.000000
7.268548,23.209040,45.547160,2366.133651,-1.277207,97.309686,8.428223,3.139735,0.000000
7.263958,23.245072,45.457154,2361.119919,-1.277560,97.316006,8.499433,3.166262,0.000000
7.259382,23.281019,45.367446,2356.057006,-1.274935,97.322312,8.570498,3.192736,0.000000
7.254808,23.316890,45.278211,2350.947916,-1.269557,97.328605,8.641155,3.219057,0.000000
7.250242,23.352689,45.189635,2345.792828,-1.261480,97.334885,8.711154,3.245134,0.000000
7.245677,23.388405,45.101905,2340.591472,-1.250726,97.341153,8.780241,3.270871,0.000000
7.241119,23.424044,45.015195,2335.343737,-1.237318,97.347407,8.848159,3.296172,0.000000
7.236565,23.459598,44.929686,2330.049693,-1.221306,97.353649,8.914651,3.320942,0.000000
7.232021,23.495081,44.845542,2324.709577,-1.202735,97.359879,8.979461,3.345085,0.000000
7.227489,23.530473,44.763055,2319.320590,-1.181514,97.366084,9.042179,3.368449,0.000000
7.222958,23.565777,44.682349,2313.884944,-1.157790,97.372287,9.102589,3.390954,0.000000
7.218431,23.601006,44.603523,2308.405156,-1.131755,97.378472,9.160524,3.412536,0.000000
7.213916,23.636147,44.526726,2302.882199,-1.103509,97.384643,9.215750,3.433109,0.000000
7.209408,23.671206,44.452088,2297.317205,-1.073156,97.390800,9.268042,3.452590,0.000000
7.204907,23.706186,44.379745,2291.711483,-1.040809,97.396948,9.317188,3.470898,0.000000
7.200410,23.741074,44.309807,2286.066508,-1.006602,97.403077,9.362988,3.487959,0.000000
7.195924,23.775877,44.242504,2280.382214,-0.970579,97.409192,9.405082,3.503641,0.000000
7.191440,23.810587,44.178007,2274.660111,-0.932899,97.415301,9.443227,3.517850,0.000000
7.186966,23.845210,44.116225,2268.904450,-0.893814,97.421389,9.477492,3.530615,0.000000
7.182502,23.879752,44.057238,2263.117298,-0.853478,97.427463,9.507752,3.541888,0.000000
7.178044,23.914204,44.001116,2257.300845,-0.812054,97.433525,9.533897,3.551628,0.000000
7.173596,23.948567,43.947916,2251.457386,-0.769719,97.439574,9.555841,3.559802,0.000000
7.169156,23.982841,43.897670,2245.589316,-0.726649,97.445611,9.573518,3.566387,0.000000
7.164717,24.017023,43.850475,2239.698652,-0.683013,97.451634,9.586786,3.571330,0.000000
7.160290,24.051110,43.806537,2233.787029,-0.638975,97.457643,9.595352,3.574521,0.000000
7.155872,24.085114,43.765604,2227.858929,-0.594783,97.463640,9.599592,3.576101,0.000000
7.151464,24.119020,43.727670,2221.916992,-0.550609,97.469619,9.599537,3.576080,0.000000
7.147064,24.152837,43.692705,2215.963898,-0.506633,97.475585,9.595239,3.574479,0.000000
7.142672,24.186565,43.660675,2210.002335,-0.463047,97.481543,9.586768,3.571323,0.000000
7.138289,24.220212,43.631547,2204.034996,-0.420019,97.487480,9.574221,3.566649,0.000000
7.133906,24.253762,43.605247,2198.064543,-0.377731,97.493411,9.557708,3.560498,0.000000
7.129536,24.287212,43.582012,2192.093877,-0.336474,97.499320,9.536967,3.552771,0.000000
7.125178,24.320572,43.561458,2186.125856,-0.296332,97.505223,9.512568,3.543682,0.000000
7.120829,24.353839,43.543492,2180.163038,-0.257452,97.511109,9.484686,3.533295,0.000000
7.116486,24.387015,43.528017,2174.207904,-0.219999,97.516984,9.453504,3.521679,0.000000
7.112155,24.420107,43.514918,2168.262855,-0.184122,97.522840,9.419216,3.508906,0.000000
7.107829,24.453110,43.504085,2162.330207,-0.149963,97.528683,9.382029,3.495053,0.000000
7.103513,24.486014,43.495390,2156.412205,-0.117633,97.534514,9.342158,3.480200,0.000000
7.099199,24.518830,43.488868,2150.512527,-0.087450,97.540331,9.299644,3.464362,0.000000
7.094898,24.551555,43.484239,2144.632464,-0.059415,97.546135,9.254884,3.447688,0.000000
7.090610,24.584187,43.481317,2138.773444,-0.033582,97.551926,9.208174,3.430287,0.000000
7.086329,24.616727,43.479948,2132.937250,-0.010043,97.557704,9.159755,3.412250,0.000000
7.082049,24.649184,43.479980,2127.125514,0.011120,97.563469,9.109863,3.393664,0.000000
7.077784,24.681559,43.481258,2121.339751,0.029840,97.569214,9.058739,3.374619,0.000000
7.073526,24.713839,43.483629,2115.581348,0.046043,97.574952,9.006619,3.355203,0.000000
7.069279,24.746024,43.486966,2109.853332,0.059541,97.580668,8.953709,3.335492,0.000000
7.065035,24.778125,43.491085,2104.156695,0.070301,97.586379,8.900279,3.315588,0.000000
7.060803,24.810136,43.495766,2098.490973,0.078418,97.592071,8.846590,3.295587,0.000000
7.056580,24.842063,43.500852,2092.857000,0.083881,97.597753,8.792861,3.275572,0.000000
7.052362,24.873908,43.506182,2087.255489,0.086676,97.603417,8.739305,3.255621,0.000000
7.048150,24.905662,43.511586,2081.687012,0.086810,97.609067,8.686128,3.235811,0.000000
7.043947,24.937337,43.516903,2076.152019,0.084288,97.614705,8.633528,3.216216,0.000000
7.039757,24.968922,43.521964,2070.652048,0.079030,97.620329,8.581728,3.196920,0.000000
7.035579,25.000422,43.526585,2065.188614,0.070985,97.625940,8.530970,3.178011,0.000000
7.031400,25.031835,43.530616,2059.759296,0.060365,97.631538,8.481364,3.159531,0.000000
7.027227,25.063172,43.533919,2054.364043,0.047229,97.637123,8.433073,3.141542,0.000000
7.023066,25.094427,43.536345,2049.002699,0.031628,97.642690,8.386247,3.124098,0.000000
7.018918,25.125599,43.537760,2043.674990,0.013617,97.648246,8.341032,3.107254,0.000000
7.014774,25.156686,43.538028,2038.380542,-0.006729,97.653784,8.297559,3.091059,0.000000
7.010630,25.187693,43.536991,2033.119245,-0.029369,97.659316,8.255976,3.075568,0.000000
7.006499,25.218616,43.534396,2027.893238,-0.054391,97.664827,8.216584,3.060894,0.000000
7.002381,25.249462,43.530259,2022.698659,-0.081487,97.670331,8.179302,3.047005,0.000000
6.998271,25.280232,43.524465,2017.534745,-0.110567,97.675814,8.144227,3.033939,0.000000
6.994161,25.310919,43.516908,2012.400637,-0.141542,97.681284,8.111448,3.021728,0.000000
6.990058,25.341531,43.507489,2007.295405,-0.174300,97.686742,8.081043,3.010401,0.000000
6.985968,25.372062,43.496107,2002.218041,-0.208726,97.692187,8.053084,2.999986,0.000000
6.981881,25.402514,43.482695,1997.167474,-0.244728,97.697619,8.027636,2.990506,0.000000
6.977807,25.432892,43.466964,1992.144870,-0.282292,97.703037,8.005004,2.982075,0.000000
6.973742,25.463185,43.449006,1987.146789,-0.321192,97.708439,7.985030,2.974634,0.000000
6.969678,25.493410,43.428780,1982.171609,-0.361278,97.713824,7.967720,2.968185,0.000000
6.965624,25.523558,43.406252,1977.217979,-0.402420,97.719204,7.953108,2.962742,0.000000
6.963036,25.542811,43.390639,1974.058471,-0.429230,97.722637,7.945144,2.959775,0.000000
6.960442,25.562037,43.374160,1970.906051,-0.456359,97.726061,7.938171,2.957178,0.000000
6.957863,25.581218,43.356316,1967.763938,-0.483922,97.729485,7.932753,2.955159,0.000000
6.955280,25.600373,43.337604,1964.627869,-0.511714,97.732900,7.928323,2.953509,0.000000
6.952697,25.619502,43.318020,1961.497638,-0.539719,97.736307,7.924882,2.952227,0.000000
6.950125,25.638603,43.297381,1958.374052,-0.567948,97.739710,7.922629,2.951388,0.000000
6.947554,25.657660,43.275514,1955.257472,-0.596382,97.743112,7.921754,2.951062,0.000000
6.944982,25.676692,43.252762,1952.145497,-0.624921,97.746507,7.921868,2.951104,0.000000
6.942411,25.695702,43.229123,1949.037913,-0.653550,97.749893,7.922968,2.951514,0.000000
6.939847,25.714679,43.204252,1945.935854,-0.682267,97.753273,7.925435,2.952433,0.000000
6.937288,25.733618,43.178324,1942.837929,-0.710996,97.756648,7.929081,2.953791,0.000000
6.934731,25.752531,43.151516,1939.743101,-0.739712,97.760021,7.933701,2.955512,0.000000
6.932174,25.771421,43.123826,1936.651148,-0.768399,97.763394,7.939292,2.957595,0.000000
6.929624,25.790267,43.094766,1933.562887,-0.796979,97.766752,7.946402,2.960244,0.000000
6.927075,25.809086,43.064823,1930.476424,-0.825437,97.770106,7.954479,2.963253,0.000000
6.924527,25.827879,43.034020,1927.391495,-0.853759,97.773455,7.963501,2.966614,0.000000
6.921984,25.846645,43.002221,1924.307992,-0.881894,97.776799,7.973624,2.970385,0.000000
6.919448,25.865372,42.969232,1921.225405,-0.909750,97.780137,7.985061,2.974645,0.000000
6.916913,25.884072,42.935415,1918.142996,-0.937367,97.783469,7.997409,2.979245,0.000000
6.914378,25.902745,42.900776,1915.060536,-0.964729,97.786798,8.010660,2.984182,0.000000
6.911843,25.921380,42.865043,1911.977404,-0.991706,97.790120,8.025122,2.989569,0.000000
6.909319,25.939987,42.828334,1908.892963,-1.018282,97.793430,8.040658,2.995357,0.000000
6.906795,25.958568,42.790849,1905.807100,-1.044507,97.796738,8.057049,3.001463,0.000000
6.904268,25.977122,42.752597,1902.719584,-1.070365,97.800045,8.074286,3.007884,0.000000
6.901754,25.995633,42.713193,1899.628672,-1.095601,97.803345,8.092800,3.014781,0.000000
6.899236,26.014121,42.673037,1896.534887,-1.120368,97.806640,8.112148,3.021989,0.000000
6.896720,26.032583,42.632175,1893.438099,-1.144675,97.809931,8.132283,3.029489,0.000000
6.894214,26.051015,42.590519,1890.337527,-1.168438,97.813217,8.153297,3.037318,0.000000
6.891708,26.069406,42.547894,1887.231354,-1.191446,97.816496,8.175388,3.045547,0.000000
6.889206,26.087770,42.504634,1884.120863,-1.213905,97.819766,8.198192,3.054042,0.000000
6.886707,26.106108,42.460749,1881.005833,-1.235803,97.823030,8.221697,3.062798,0.000000
6.884208,26.124415,42.416055,1877.884243,-1.256922,97.826293,8.246100,3.071889,0.000000
6.881715,26.142688,42.370645,1874.755770,-1.277262,97.829551,8.271313,3.081282,0.000000
6.879223,26.160933,42.324687,1871.621506,-1.296960,97.832805,8.297142,3.090904,0.000000
6.876732,26.179151,42.278192,1868.481246,-1.316003,97.836054,8.323570,3.100749,0.000000
6.874248,26.197327,42.230934,1865.331186,-1.334012,97.839295,8.350853,3.110913,0.000000
6.871769,26.215474,42.183179,1862.173670,-1.351263,97.842527,8.378699,3.121286,0.000000
6.869292,26.233595,42.134978,1859.008998,-1.367796,97.845755,8.407045,3.131846,0.000000
6.866815,26.251691,42.086299,1855.836100,-1.383510,97.848982,8.435925,3.142604,0.000000
6.864345,26.269740,42.037045,1852.651597,-1.398107,97.852202,8.465447,3.153602,0.000000
6.861875,26.287765,41.987439,1849.458876,-1.411925,97.855418,8.495362,3.164746,0.000000
6.859407,26.305766,41.937496,1846.257769,-1.424955,97.858630,8.525650,3.176029,0.000000
6.856945,26.323731,41.887149,1843.045385,-1.436939,97.861835,8.556379,3.187476,0.000000
6.854488,26.341654,41.836459,1839.821311,-1.447871,97.865035,8.587481,3.199062,0.000000
6.852033,26.359552,41.785533,1836.587937,-1.457973,97.868230,8.618835,3.210743,0.000000
6.849578,26.377427,41.734387,1833.345121,-1.467238,97.871420,8.650421,3.222510,0.000000
6.847131,26.395261,41.682969,1830.087817,-1.475237,97.874604,8.682282,3.234378,0.000000
6.844683,26.413064,41.631395,1826.819418,-1.482286,97.877782,8.714286,3.246301,0.000000
6.842240,26.430840,41.579700,1823.540837,-1.488474,97.880956,8.746391,3.258261,0.000000
6.839807,26.448587,41.527896,1820.251086,-1.493727,97.884125,8.778578,3.270251,0.000000
6.837366,26.466292,41.476016,1816.945375,-1.497660,97.887287,8.810792,3.282252,0.000000
6.834934,26.483965,41.424115,1813.628902,-1.500712,97.890445,8.842972,3.294240,0.000000
6.832508,26.501609,41.372213,1810.301590,-1.502886,97.893598,8.875095,3.306207,0.000000
6.830083,26.519225,41.320358,1806.960349,-1.503949,97.896745,8.907096,3.318127,0.000000
6.827663,26.536797,41.268594,1803.604396,-1.503852,97.899886,8.938891,3.329972,0.000000
6.825244,26.554342,41.216931,1800.237242,-1.502880,97.903022,8.970490,3.341744,0.000000
6.822826,26.571859,41.165388,1796.858842,-1.501037,97.906155,9.001868,3.353433,0.000000
6.820415,26.589335,41.114065,1793.463924,-1.497934,97.909288,9.032851,3.364975,0.000000
6.818008,26.606781,41.062969,1790.056102,-1.493866,97.912410,9.063461,3.376378,0.000000
6.815607,26.624197,41.012090,1786.636902,-1.488953,97.915528,9.093710,3.387646,0.000000
6.813210,26.641579,40.961452,1783.205712,-1.483154,97.918646,9.123553,3.398763,0.000000
6.810813,26.658919,40.911243,1779.757016,-1.476080,97.921750,9.152713,3.409626,0.000000
6.808421,26.676232,40.861339,1776.297002,-1.468201,97.924853,9.181378,3.420305,0.000000
6.806031,26.693515,40.811755,1772.825710,-1.459524,97.927953,9.209525,3.430790,0.000000
6.803642,26.710759,40.762603,1769.340501,-1.449872,97.931042,9.236986,3.441020,0.000000
6.801265,26.727965,40.713970,1765.840288,-1.439193,97.934131,9.263628,3.450945,0.000000
6.798890,26.745145,40.665742,1762.329109,-1.427773,97.937217,9.289626,3.460630,0.000000
6.796515,26.762296,40.617930,1758.807036,-1.415622,97.940297,9.314960,3.470068,0.000000
6.794140,26.779401,40.570752,1755.269629,-1.402465,97.943372,9.339286,3.479130,0.000000
6.791776,26.796469,40.524133,1751.719998,-1.388531,97.946441,9.362737,3.487866,0.000000
6.789415,26.813508,40.478006,1748.160020,-1.373946,97.949505,9.385413,3.496313,0.000000
6.787055,26.830518,40.432395,1744.589568,-1.358705,97.952565,9.407274,3.504457,0.000000
6.784702,26.847486,40.387615,1741.003520,-1.342518,97.955617,9.427824,3.512112,0.000000
6.782353,26.864422,40.343393,1737.407859,-1.325767,97.958665,9.447500,3.519442,0.000000
6.780007,26.881325,40.299734,1733.802732,-1.308470,97.961709,9.466291,3.526442,0.000000
6.777662,26.898190,40.256766,1730.186414,-1.290541,97.964747,9.483980,3.533032,0.000000
6.775322,26.915011,40.214633,1726.557852,-1.271955,97.967784,9.500373,3.539139,0.000000
6.772987,26.931803,40.173106,1722.920765,-1.252927,97.970815,9.515804,3.544887,0.000000
6.770657,26.948568,40.132193,1719.275327,-1.233473,97.973838,9.530265,3.550275,0.000000
6.768333,26.965295,40.092169,1715.618701,-1.213476,97.976862,9.543341,3.555146,0.000000
6.766009,26.981977,40.052909,1711.953085,-1.193074,97.979880,9.555211,3.559568,0.000000
6.763688,26.998629,40.014300,1708.280234,-1.172362,97.982890,9.566063,3.563610,0.000000
6.761371,27.015253,39.976349,1704.600342,-1.151358,97.985891,9.575891,3.567271,0.000000
6.759062,27.031827,39.939442,1700.910081,-1.129976,97.988893,9.584073,3.570319,0.000000
6.756757,27.048368,39.903212,1697.213777,-1.108406,97.991890,9.591205,3.572976,0.000000
6.754457,27.064878,39.867656,1693.511693,-1.086669,97.994882,9.597293,3.575244,0.000000
6.752162,27.081349,39.832899,1689.803153,-1.064771,97.997869,9.602145,3.577052,0.000000
6.749867,27.097782,39.799090,1686.087683,-1.042749,98.000856,9.605521,3.578309,0.000000
6.747576,27.114184,39.765954,1682.367771,-1.020682,98.003835,9.607856,3.579179,0.000000
6.745290,27.130553,39.733489,1678.643650,-0.998592,98.006806,9.609154,3.579663,0.000000
6.743009,27.146879,39.701945,1674.914370,-0.976541,98.009772,9.609040,3.579620,0.000000
6.740735,27.163166,39.671211,1671.181208,-0.954573,98.012737,9.607682,3.579115,0.000000
6.738462,27.179420,39.641138,1667.445236,-0.932708,98.015696,9.605319,3.578234,0.000000
6.736189,27.195643,39.611722,1663.706691,-0.910968,98.018646,9.601957,3.576982,0.000000
6.733923,27.211823,39.583310,1659.965026,-0.889506,98.021597,9.597071,3.575161,0.000000
6.731667,27.227966,39.555557,1656.221907,-0.868281,98.024542,9.591198,3.572973,0.000000
6.729414,27.244075,39.528432,1652.477642,-0.847305,98.027484,9.584383,3.570435,0.000000
6.727156,27.260154,39.502024,1648.732430,-0.826644,98.030419,9.576503,3.567500,0.000000
6.724911,27.276179,39.476485,1644.986874,-0.806458,98.033349,9.567335,3.564084,0.000000
6.722671,27.292176,39.451530,1641.241573,-0.786636,98.036273,9.557303,3.560347,0.000000
6.720434,27.308144,39.427153,1637.496760,-0.767197,98.039194,9.546422,3.556293,0.000000
6.718198,27.324069,39.403534,1633.753171,-0.748321,98.042108,9.534439,3.551829,0.000000
6.715967,27.339954,39.380598,1630.011434,-0.730030,98.045016,9.521477,3.547001,0.000000
6.713741,27.355810,39.358187,1626.271531,-0.712232,98.047920,9.507761,3.541891,0.000000
6.711519,27.371638,39.336292,1622.533683,-0.694944,98.050819,9.493309,3.536507,0.000000
6.709304,27.387410,39.315150,1618.799740,-0.678487,98.053719,9.477795,3.530728,0.000000
6.707090,27.403153,39.294506,1615.069074,-0.662658,98.056608,9.461590,3.524691,0.000000
6.704879,27.418864,39.274314,1611.341719,-0.647434,98.059493,9.444760,3.518422,0.000000
6.702679,27.434534,39.254616,1607.618376,-0.632908,98.062378,9.427255,3.511901,0.000000
6.700479,27.450164,39.235515,1603.901018,-0.619350,98.065249,9.408940,3.505078,0.000000
6.698283,27.465762,39.216798,1600.188128,-0.606478,98.068120,9.390117,3.498066,0.000000
6.696092,27.481329,39.198449,1596.479889,-0.594304,98.070989,9.370808,3.490873,0.000000
6.693906,27.496853,39.180550,1592.778168,-0.583070,98.073852,9.350909,3.483460,0.000000
6.691721,27.512343,39.163055,1589.083367,-0.572798,98.076709,9.330500,3.475857,0.000000
6.689541,27.527798,39.145850,1585.394237,-0.563289,98.079562,9.309729,3.468119,0.000000
6.687370,27.543218,39.128922,1581.710937,-0.554549,98.082410,9.288617,3.460254,0.000000
6.685199,27.558597,39.112370,1578.036892,-0.546994,98.085251,9.267064,3.452225,0.000000
6.683034,27.573941,39.096044,1574.369994,-0.540331,98.088087,9.245247,3.444098,0.000000
6.680872,27.589252,39.079909,1570.709785,-0.534487,98.090919,9.223215,3.435890,0.000000
6.678716,27.604529,39.063970,1567.057063,-0.529548,98.093745,9.200976,3.427605,0.000000
6.676559,27.619765,39.048249,1563.415084,-0.525878,98.096565,9.178529,3.419243,0.000000
6.674411,27.634969,39.032634,1559.780515,-0.523057,98.099380,9.155990,3.410847,0.000000
6.672269,27.650141,39.017111,1556.153462,-0.521091,98.102192,9.133379,3.402424,0.000000
6.670128,27.665272,39.001681,1552.536262,-0.520232,98.105004,9.110720,3.393983,0.000000
6.667992,27.680367,38.986293,1548.929455,-0.520506,98.107804,9.088075,3.385547,0.000000
6.665861,27.695431,38.970918,1545.330705,-0.521651,98.110598,9.065477,3.377129,0.000000
6.663733,27.710464,38.955542,1541.740090,-0.523668,98.113389,9.042943,3.368734,0.000000
6.661606,27.725449,38.940112,1538.161661,-0.526961,98.116179,9.020565,3.360398,0.000000
6.659489,27.740403,38.924605,1534.592722,-0.531230,98.118964,8.998356,3.352124,0.000000
6.657377,27.755328,38.909010,1531.032290,-0.536368,98.121742,8.976321,3.343916,0.000000
6.655264,27.770219,38.893304,1527.480969,-0.542429,98.124510,8.954493,3.335784,0.000000
6.653158,27.785068,38.877380,1523.942898,-0.549792,98.127278,8.933028,3.327788,0.000000
6.651057,27.799885,38.861294,1520.413560,-0.558004,98.130038,8.911836,3.319894,0.000000
6.648959,27.814671,38.845028,1516.892974,-0.567062,98.132792,8.890936,3.312107,0.000000
6.646861,27.829423,38.828506,1513.383375,-0.577166,98.135546,8.870430,3.304469,0.000000
6.644775,27.844133,38.811670,1509.885606,-0.588369,98.138293,8.850398,3.297006,0.000000
6.642692,27.858813,38.794581,1506.396637,-0.600380,98.141036,8.830745,3.289685,0.000000
6.640609,27.873466,38.777226,1502.916465,-0.613192,98.143775,8.811486,3.282510,0.000000
6.638532,27.888072,38.759443,1499.448937,-0.627135,98.146507,8.792833,3.275562,0.000000
6.636456,27.902647,38.741286,1495.991491,-0.641960,98.149233,8.774702,3.268808,0.000000
6.634385,27.917195,38.722791,1492.542741,-0.657535,98.151955,8.757042,3.262228,0.000000
6.632323,27.931714,38.703937,1489.102947,-0.673876,98.154673,8.739879,3.255835,0.000000
6.630262,27.946183,38.684499,1485.676525,-0.691336,98.157383,8.723513,3.249738,0.000000
6.628205,27.960625,38.664659,1482.258561,-0.709487,98.160089,8.707681,3.243840,0.000000
6.626152,27.975039,38.644409,1478.849004,-0.728318,98.162790,8.692394,3.238146,0.000000
6.624105,27.989420,38.623639,1475.449620,-0.747958,98.165485,8.677791,3.232705,0.000000
6.622058,28.003763,38.602261,1472.061444,-0.768464,98.168174,8.663985,3.227562,0.000000
6.620018,28.018075,38.580418,1468.681300,-0.789579,98.170859,8.650776,3.222642,0.000000
6.617985,28.032356,38.558103,1465.309114,-0.811292,98.173539,8.638172,3.217946,0.000000
6.615953,28.046598,38.535111,1461.947933,-0.833810,98.176213,8.626441,3.213576,0.000000
6.613920,28.060808,38.511514,1458.595741,-0.856956,98.178881,8.615462,3.209486,0.000000
6.611893,28.074990,38.487401,1455.251009,-0.880616,98.181547,8.605128,3.205637,0.000000
6.609875,28.089145,38.462771,1451.913672,-0.904781,98.184213,8.595445,3.202030,0.000000
6.607857,28.103249,38.437289,1448.587650,-0.929672,98.186865,8.586816,3.198815,0.000000
6.605844,28.117330,38.411260,1445.268489,-0.954993,98.189512,8.578859,3.195851,0.000000
6.603835,28.131385,38.384677,1441.956077,-0.980725,98.192155,8.571578,3.193138,0.000000
6.601831,28.145401,38.357423,1438.651516,-1.006915,98.194792,8.565109,3.190728,0.000000
6.599828,28.159379,38.329369,1435.355784,-1.033598,98.197429,8.559605,3.188678,0.000000
6.597832,28.173334,38.300736,1432.066102,-1.060596,98.200059,8.554793,3.186885,0.000000
6.595843,28.187263,38.271522,1428.782344,-1.087892,98.202682,8.550675,3.185351,0.000000
6.593854,28.201148,38.241500,1425.506420,-1.115553,98.205305,8.547518,3.184175,0.000000
6.591865,28.215001,38.210763,1422.236987,-1.143492,98.207916,8.545209,3.183315,0.000000
6.589882,28.228825,38.179433,1418.972697,-1.171631,98.210524,8.543597,3.182715,0.000000
6.587908,28.242622,38.147509,1415.713416,-1.199951,98.213132,8.542683,3.182374,0.000000
6.585934,28.256377,38.114646,1412.461453,-1.228502,98.215725,8.542860,3.182440,0.000000
6.583964,28.270103,38.081169,1409.213905,-1.257155,98.218319,8.543748,3.182771,0.000000
6.581999,28.283801,38.047095,1405.970507,-1.285889,98.220908,8.545325,3.183358,0.000000
6.580040,28.297468,38.012331,1402.731693,-1.314687,98.223487,8.547700,3.184243,0.000000
6.578080,28.311096,37.976716,1399.497996,-1.343517,98.226066,8.551049,3.185491,0.000000
6.576124,28.324696,37.940511,1396.267555,-1.372329,98.228641,8.555070,3.186989,0.000000
6.574173,28.338269,37.903718,1393.040214,-1.401104,98.231212,8.559760,3.188736,0.000000
6.572228,28.351812,37.866142,1389.816663,-1.429792,98.233776,8.565342,3.190815,0.000000
6.570288,28.365315,37.827844,1386.596123,-1.458344,98.236329,8.571731,3.193195,0.000000
6.568350,28.378790,37.788974,1383.377754,-1.486760,98.238879,8.578760,3.195814,0.000000
6.566413,28.392237,37.749538,1380.161396,-1.515023,98.241428,8.586423,3.198668,0.000000
6.564482,28.405648,37.709245,1376.947548,-1.542998,98.243971,8.595040,3.201879,0.000000
6.562557,28.419026,37.668372,1373.735017,-1.570731,98.246509,8.604294,3.205326,0.000000
6.560635,28.432377,37.626960,1370.523546,-1.598219,98.249042,8.614143,3.208995,0.000000
6.558719,28.445701,37.584947,1367.313027,-1.625407,98.251570,8.624655,3.212911,0.000000
6.556803,28.458979,37.542172,1364.103176,-1.652141,98.254098,8.635993,3.217135,0.000000
6.554891,28.472232,37.498893,1360.893438,-1.678540,98.256618,8.647878,3.221562,0.000000
6.552984,28.485460,37.455116,1357.683654,-1.704590,98.259130,8.660301,3.226190,0.000000
6.551083,28.498646,37.410699,1354.473441,-1.730138,98.261636,8.673413,3.231075,0.000000
6.549187,28.511803,37.365683,1351.262309,-1.755158,98.264136,8.687158,3.236195,0.000000
6.547293,28.524934,37.320208,1348.050207,-1.779739,98.266635,8.701382,3.241494,0.000000
6.545399,28.538038,37.274283,1344.836984,-1.803870,98.269133,8.716076,3.246968,0.000000
6.543512,28.551100,37.227709,1341.621541,-1.827277,98.271617,8.731442,3.252692,0.000000
6.541631,28.564132,37.180695,1338.404109,-1.850128,98.274101,8.747260,3.258584,0.000000
6.539753,28.577137,37.133282,1335.184667,-1.872457,98.276583,8.763479,3.264627,0.000000
6.537881,28.590112,37.085441,1331.962806,-1.894195,98.279060,8.780127,3.270828,0.000000
6.536009,28.603046,37.037055,1328.737162,-1.915082,98.281523,8.797306,3.277228,0.000000
6.534141,28.615952,36.988324,1325.508671,-1.935377,98.283986,8.814813,3.283750,0.000000
6.532277,28.628832,36.939258,1322.277199,-1.955073,98.286447,8.832636,3.290389,0.000000
6.530419,28.641683,36.889785,1319.041591,-1.973977,98.288902,8.850836,3.297169,0.000000
6.528562,28.654492,36.839931,1315.801403,-1.992049,98.291351,8.869372,3.304075,0.000000
6.526710,28.667273,36.789801,1312.557484,-2.009464,98.293795,8.888143,3.311067,0.000000
6.524867,28.680026,36.739404,1309.309712,-2.026215,98.296236,8.907133,3.318142,0.000000
6.523024,28.692738,36.688649,1306.055869,-2.041973,98.298676,8.926403,3.325320,0.000000
6.521186,28.705425,36.637655,1302.797156,-2.056956,98.301107,8.945842,3.332561,0.000000
6.519350,28.718084,36.586457,1299.533942,-2.071239,98.303533,8.965414,3.339852,0.000000
6.517514,28.730709,36.535054,1296.265770,-2.084768,98.305958,8.985110,3.347190,0.000000
6.515692,28.743293,36.483407,1292.990209,-2.097212,98.308370,9.004925,3.354571,0.000000
6.513871,28.755853,36.431618,1289.709588,-2.108926,98.310782,9.024783,3.361969,0.000000
6.512051,28.768387,36.379697,1286.423825,-2.119911,98.313192,9.044670,3.369377,0.000000
6.510238,28.780881,36.327638,1283.131415,-2.129979,98.315596,9.064560,3.376787,0.000000
6.508430,28.793338,36.275469,1279.831745,-2.139066,98.317994,9.084402,3.384179,0.000000
6.506623,28.805768,36.223235,1276.526513,-2.147418,98.320387,9.104182,3.391547,0.000000
6.504817,28.818171,36.170946,1273.215658,-2.155034,98.322777,9.123882,3.398886,0.000000
6.503017,28.830533,36.118610,1269.896476,-2.161583,98.325166,9.143421,3.406165,0.000000
6.501229,28.842865,36.066269,1266.570598,-2.167295,98.327545,9.162789,3.413380,0.000000
6.499441,28.855166,36.013936,1263.238820,-2.172282,98.329920,9.181988,3.420532,0.000000
6.497649,28.867434,35.961622,1259.900842,-2.176514,98.332295,9.200993,3.427612,0.000000
6.495871,28.879667,35.909379,1256.553540,-2.179641,98.334663,9.219652,3.434563,0.000000
6.494098,28.891872,35.857199,1253.200179,-2.182060,98.337026,9.238054,3.441418,0.000000
6.492328,28.904049,35.805093,1249.840752,-2.183779,98.339385,9.256185,3.448172,0.000000
6.490557,28.916185,35.753099,1246.473837,-2.184653,98.341738,9.273953,3.454792,0.000000
6.488793,28.928285,35.701267,1243.098643,-2.184606,98.344091,9.291275,3.461244,0.000000
6.487034,28.940357,35.649565,1239.717384,-2.183900,98.346437,9.308243,3.467566,0.000000
6.485279,28.952402,35.597999,1236.330074,-2.182545,98.348776,9.324845,3.473750,0.000000
6.483531,28.964408,35.546654,1232.934238,-2.180301,98.351114,9.340890,3.479727,0.000000
6.481782,28.976376,35.495519,1229.531426,-2.177338,98.353447,9.356438,3.485519,0.000000
6.480036,28.988315,35.444572,1226.122729,-2.173779,98.355776,9.371548,3.491148,0.000000
6.478295,29.000226,35.393824,1222.708105,-2.169626,98.358100,9.386199,3.496606,0.000000
6.476569,29.012094,35.343416,1219.284425,-2.164607,98.360416,9.400096,3.501783,0.000000
6.474842,29.023934,35.293240,1215.855154,-2.159062,98.362733,9.413489,3.506772,0.000000
6.473115,29.035745,35.243301,1212.420355,-2.153008,98.365046,9.426370,3.511571,0.000000
6.471389,29.047518,35.193653,1208.979024,-2.146371,98.367348,9.438619,3.516134,0.000000
6.469675,29.059252,35.144368,1205.530377,-2.139092,98.369650,9.450106,3.520413,0.000000
6.467963,29.070959,35.095355,1202.076635,-2.131384,98.371949,9.461030,3.524483,0.000000
6.466253,29.082639,35.046618,1198.617883,-2.123265,98.374243,9.471385,3.528340,0.000000
6.464555,29.094280,34.998282,1195.152409,-2.114625,98.376538,9.480930,3.531896,0.000000
6.462858,29.105883,34.950298,1191.681400,-2.105567,98.378822,9.489756,3.535184,0.000000
6.461163,29.117454,34.902611,1188.205950,-2.096189,98.381102,9.497978,3.538247,0.000000
6.459473,29.128994,34.855227,1184.726163,-2.086510,98.383382,9.505590,3.541082,0.000000
6.457791,29.140497,34.808340,1181.239956,-2.076428,98.385655,9.512226,3.543554,0.000000
6.456108,29.151967,34.761774,1177.749905,-2.066123,98.387924,9.518226,3.545790,0.000000
6.454429,29.163406,34.715527,1174.256198,-2.055619,98.390187,9.523599,3.547791,0.000000
6.452760,29.174807,34.669660,1170.758407,-2.044917,98.392446,9.528232,3.549517,0.000000
6.451092,29.186169,34.624255,1167.256114,-2.034034,98.394704,9.531967,3.550908,0.000000
6.449431,29.197504,34.579174,1163.750927,-2.023064,98.396959,9.535069,3.552064,0.000000
6.447778,29.208811,34.534418,1160.242979,-2.012025,98.399209,9.537540,3.552985,0.000000
6.446124,29.220081,34.490111,1156.731624,-2.000938,98.401453,9.539154,3.553586,0.000000
6.444476,29.231306,34.446203,1153.217613,-1.989861,98.403691,9.539999,3.553901,0.000000
6.442830,29.242503,34.402620,1149.701678,-1.978823,98.405924,9.540224,3.553985,0.000000
6.441183,29.253677,34.359361,1146.183963,-1.967842,98.408154,9.539834,3.553839,0.000000
6.439552,29.264801,34.316591,1142.664012,-1.957023,98.410383,9.538504,3.553344,0.000000
6.437925,29.275897,34.274150,1139.142947,-1.946363,98.412607,9.536552,3.552617,0.000000
6.436300,29.286963,34.232020,1135.620983,-1.935871,98.414827,9.534013,3.551671,0.000000
6.434675,29.297993,34.190240,1132.098219,-1.925600,98.417042,9.530811,3.550478,0.000000
6.433057,29.308976,34.148898,1128.574978,-1.915673,98.419250,9.526790,3.548980,0.000000
6.431444,29.319935,34.107846,1125.051741,-1.906026,98.421457,9.522222,3.547278,0.000000
6.429835,29.330867,34.067079,1121.528659,-1.896676,98.423662,9.517113,3.545375,0.000000
6.428233,29.341751,34.026684,1118.006144,-1.887752,98.425855,9.511306,3.543212,0.000000
6.426636,29.352606,33.986629,1114.484650,-1.879296,98.428048,9.504863,3.540812,0.000000
6.425043,29.363432,33.946831,1110.964209,-1.871237,98.430237,9.497933,3.538230,0.000000
6.423456,29.374226,33.907284,1107.444971,-1.863592,98.432423,9.490525,3.535470,0.000000
6.421875,29.384972,33.868105,1103.928087,-1.856627,98.434608,9.482426,3.532453,0.000000
6.420294,29.395688,33.829167,1100.413256,-1.850184,98.436784,9.473867,3.529265,0.000000
6.418715,29.406376,33.790448,1096.900512,-1.844242,98.438955,9.464894,3.525922,0.000000
6.417142,29.417034,33.751968,1093.390300,-1.838880,98.441126,9.455474,3.522413,0.000000
6.415582,29.427645,33.713773,1089.883981,-1.834351,98.443290,9.445504,3.518699,0.000000
6.414023,29.438228,33.675753,1086.380589,-1.830404,98.445450,9.435188,3.514856,0.000000
6.412465,29.448782,33.637904,1082.880265,-1.827051,98.447605,9.424538,3.510888,0.000000
6.410913,29.459294,33.600270,1079.384253,-1.824502,98.449754,9.413482,3.506770,0.000000
6.409367,29.469771,33.562812,1075.892937,-1.822797,98.451903,9.402064,3.502516,0.000000
6.407823,29.480217,33.525483,1072.405476,-1.821758,98.454046,9.390386,3.498166,0.000000
6.406279,29.490632,33.488274,1068.921995,-1.821395,98.456180,9.378461,3.493724,0.000000
6.404750,29.501006,33.451222,1065.444858,-1.822072,98.458315,9.366213,3.489161,0.000000
6.403220,29.511350,33.414256,1061.972744,-1.823547,98.460444,9.353759,3.484522,0.000000
6.401692,29.521666,33.377361,1058.505325,-1.825754,98.462572,9.341137,3.479819,0.000000
6.400170,29.531952,33.340535,1055.043144,-1.828763,98.464699,9.328347,3.475055,0.000000
6.398661,29.542190,33.303771,1051.588662,-1.832918,98.466812,9.315375,3.470222,0.000000
6.397153,29.552397,33.267028,1048.139505,-1.837839,98.468925,9.302310,3.465355,0.000000
6.395646,29.562574,33.230296,1044.695775,-1.843535,98.471035,9.289165,3.460459,0.000000
6.394146,29.572722,33.193565,1041.259157,-1.850230,98.473133,9.275948,3.455535,0.000000
6.392645,29.582828,33.156810,1037.830228,-1.857977,98.475231,9.262694,3.450597,0.000000
6.391151,29.592905,33.120019,1034.407269,-1.866522,98.477326,9.249437,3.445659,0.000000
6.389665,29.602954,33.083185,1030.990362,-1.875867,98.479416,9.236187,3.440723,0.000000
6.388178,29.612956,33.046257,1027.582520,-1.886387,98.481507,9.222988,3.435806,0.000000
6.386703,29.622933,33.009235,1024.181942,-1.897824,98.483588,9.209861,3.430915,0.000000
6.385231,29.632881,32.972122,1020.787848,-1.910071,98.485664,9.196812,3.426055,0.000000
6.383760,29.642796,32.934903,1017.400660,-1.923169,98.487740,9.183861,3.421230,0.000000
6.382295,29.652662,32.897493,1014.023792,-1.937507,98.489809,9.171095,3.416474,0.000000
6.380835,29.662504,32.859939,1010.653753,-1.952644,98.491870,9.158475,3.411773,0.000000
6.379380,29.672322,32.822235,1007.290590,-1.968580,98.493924,9.146010,3.407129,0.000000
6.377930,29.682106,32.784338,1003.936053,-1.985503,98.495978,9.133760,3.402566,0.000000
6.376480,29.691847,32.746194,1000.591040,-2.003483,98.498033,9.121777,3.398102,0.000000
4.182162,19.422186,41.804781,2317.454532,-1.490469,79.960785,7.790941,2.902331,0.000000
0.048825,0.048825,58.920985,4803.967438,-0.505358,45.000111,5.296077,1.972928,0.000000
0.081892,0.081892,58.874521,4801.897643,-0.508541,45.000221,5.326222,1.984158,0.000000
0.114943,0.114943,58.827807,4799.815989,-0.511379,45.000351,5.356701,1.995512,0.000000
0.147983,0.147983,58.780899,4797.724026,-0.513915,45.000503,5.387450,2.006967,0.000000
0.181013,0.181013,58.733808,4795.621412,-0.516137,45.000677,5.418467,2.018522,0.000000
0.214022,0.214022,58.686502,4793.502108,-0.517871,45.000888,5.449851,2.030213,0.000000
0.247018,0.247022,58.639099,4791.371982,-0.519285,45.001117,5.481440,2.041981,0.000000
0.280001,0.280011,58.591614,4789.230958,-0.520381,45.001366,5.513225,2.053821,0.000000
0.312973,0.312983,58.544058,4787.076583,-0.521095,45.001643,5.545222,2.065741,0.000000
0.345920,0.345936,58.496475,4784.906748,-0.521367,45.001945,5.577422,2.077736,0.000000
0.378856,0.378876,58.448907,4782.725606,-0.521315,45.002269,5.609742,2.089777,0.000000
0.411782,0.411802,58.401370,4780.533099,-0.520939,45.002615,5.642170,2.101857,0.000000
0.444688,0.444716,58.353923,4778.324524,-0.520109,45.002987,5.674712,2.113980,0.000000
0.477578,0.477608,58.306601,4776.102113,-0.518885,45.003386,5.707311,2.126124,0.000000
0.510458,0.510490,58.259408,4773.868045,-0.517333,45.003807,5.739936,2.138277,0.000000
0.543328,0.543368,58.212362,4771.622278,-0.515451,45.004252,5.772573,2.150435,0.000000
0.576169,0.576216,58.165614,4769.357812,-0.513047,45.004725,5.805173,2.162580,0.000000
0.609005,0.609046,58.118949,4767.081722,-0.512689,44.990261,5.837835,2.174747,-8.273247
0.641837,0.641856,58.072320,4764.794136,-0.513398,44.967017,5.870594,2.186951,-18.000000
0.674664,0.674639,58.025659,4762.493063,-0.513741,44.943653,5.903531,2.199220,-18.000000
0.707490,0.707383,57.979012,4760.175661,-0.513645,44.920142,5.936633,2.211552,-18.000000
0.740313,0.740103,57.932406,4757.846583,-0.513234,44.896525,5.969827,2.223918,-18.000000
0.773132,0.772800,57.885862,4755.505780,-0.512509,44.872802,6.003098,2.236312,-18.000000
0.805951,0.805459,57.839449,4753.148779,-0.511358,44.848929,6.036439,2.248732,-18.000000
0.838770,0.838089,57.793186,4750.777200,-0.509821,44.824927,6.069798,2.261160,-18.000000
0.871587,0.870695,57.747076,4748.393661,-0.507971,44.800821,6.103151,2.273584,-18.000000
0.904399,0.903273,57.701137,4745.998133,-0.505811,44.776608,6.136483,2.286001,-18.000000
0.937203,0.935815,57.655525,4743.583813,-0.503159,44.752218,6.169724,2.298385,-18.000000
0.970008,0.968329,57.610169,4741.156982,-0.500181,44.727719,6.202868,2.310732,-18.000000
1.002812,1.000816,57.565074,4738.718060,-0.496889,44.703114,6.235900,2.323037,-18.000000
1.035617,1.033271,57.520300,4736.265187,-0.493240,44.678389,6.268777,2.335285,-18.000000
1.068408,1.065686,57.476000,4733.794879,-0.489149,44.653505,6.301407,2.347440,-18.000000
1.101202,1.098078,57.432053,4731.312504,-0.484751,44.628516,6.333830,2.359518,-18.000000
1.133999,1.130446,57.388473,4728.818081,-0.480049,44.603421,6.366031,2.371514,-18.000000
1.166789,1.162777,57.345433,4726.307547,-0.474942,44.578186,6.397894,2.383384,-18.000000
1.199573,1.195074,57.302931,4723.782060,-0.469463,44.552819,6.429391,2.395117,-18.000000
1.232356,1.227343,57.260886,4721.244703,-0.463693,44.527350,6.460569,2.406732,-18.000000
1.265138,1.259585,57.219314,4718.695517,-0.457635,44.501779,6.491412,2.418222,-18.000000
1.297914,1.291785,57.178518,4716.128430,-0.451136,44.476049,6.521685,2.429499,-18.000000
1.330689,1.323955,57.138296,4713.549022,-0.444336,44.450216,6.551519,2.440613,-18.000000
1.363463,1.356101,57.098628,4710.958132,-0.437262,44.424284,6.580921,2.451566,-18.000000
1.396231,1.388221,57.059602,4708.354452,-0.429889,44.398240,6.609815,2.462330,-18.000000
1.428992,1.420294,57.021470,4705.734307,-0.422127,44.372062,6.637986,2.472824,-18.000000
1.461753,1.452338,56.983970,4703.103163,-0.414107,44.345792,6.665630,2.483123,-18.000000
1.494513,1.484356,56.947113,4700.461113,-0.405836,44.319429,6.692734,2.493220,-18.000000
1.527266,1.516337,56.911125,4697.804988,-0.397247,44.292941,6.719093,2.503039,-18.000000
1.560014,1.548283,56.876034,4695.135448,-0.388353,44.266347,6.744676,2.512569,-18.000000
1.592760,1.580199,56.841658,4692.455643,-0.379227,44.239670,6.769629,2.521865,-18.000000
1.625506,1.612084,56.808006,4689.765691,-0.369876,44.212912,6.793939,2.530921,-18.000000
1.658245,1.643934,56.775471,4687.060952,-0.360216,44.186030,6.817237,2.539600,-18.000000
1.690979,1.675749,56.743781,4684.345787,-0.350331,44.159063,6.839760,2.547990,-18.000000
1.723711,1.707535,56.712875,4681.621271,-0.340249,44.132023,6.861559,2.556111,-18.000000
1.756443,1.739290,56.682839,4678.886722,-0.329962,44.104908,6.882551,2.563931,-18.000000
1.789161,1.770998,56.654030,4676.138977,-0.319408,44.077683,6.902390,2.571322,-18.000000
1.821878,1.802682,56.626056,4673.382792,-0.308693,44.050394,6.921437,2.578417,-18.000000
1.854595,1.834340,56.598923,4670.618332,-0.297822,44.023042,6.939679,2.585213,-18.000000
1.887313,1.865957,56.572879,4667.843635,-0.286763,43.995613,6.956870,2.591617,-18.000000
1.920018,1.897532,56.547981,4665.059010,-0.275524,43.968113,6.972953,2.597609,-18.000000
1.952721,1.929079,56.523962,4662.267143,-0.264161,43.940561,6.988177,2.603280,-18.000000
1.985423,1.960598,56.500826,4659.468218,-0.252682,43.912959,7.002535,2.608628,-18.000000
2.018118,1.992076,56.479000,4656.659514,-0.241055,43.885283,7.015595,2.613494,-18.000000
2.050808,2.023524,56.458202,4653.843863,-0.229326,43.857566,7.027644,2.617982,-18.000000
2.083494,2.054942,56.438315,4651.022287,-0.217514,43.829810,7.038788,2.622134,-18.000000
2.116175,2.086326,56.419396,4648.194649,-0.205625,43.802010,7.048963,2.625924,-18.000000
2.148848,2.117661,56.401882,4645.359052,-0.193659,43.774169,7.057727,2.629189,-18.000000
2.181522,2.148969,56.385296,4642.518725,-0.181647,43.746295,7.065561,2.632107,-18.000000
2.214192,2.180249,56.369636,4639.673879,-0.169598,43.718395,7.072465,2.634679,-18.000000
2.246851,2.211494,56.355131,4636.823803,-0.157527,43.690471,7.078199,2.636815,-18.000000
2.279510,2.242697,56.341878,4633.968808,-0.145437,43.662529,7.082677,2.638483,-18.000000
2.312162,2.273871,56.329550,4631.110544,-0.133354,43.634573,7.086219,2.639803,-18.000000
2.344807,2.305017,56.318146,4628.249224,-0.121287,43.606605,7.088827,2.640774,-18.000000
2.377451,2.336117,56.308071,4625.384134,-0.109259,43.578630,7.090093,2.641246,-18.000000
2.410090,2.367180,56.299050,4622.516633,-0.097279,43.550650,7.090292,2.641320,-18.000000
2.442724,2.398216,56.290944,4619.647344,-0.085348,43.522674,7.089572,2.641052,-18.000000
2.475354,2.429229,56.283783,4616.776447,-0.073473,43.494706,7.087905,2.640431,-18.000000
2.507977,2.460184,56.278019,4613.903932,-0.061720,43.466753,7.084829,2.639285,-18.000000
2.540595,2.491112,56.273142,4611.030888,-0.050057,43.438814,7.080863,2.637808,-18.000000
2.573208,2.522012,56.269147,4608.157522,-0.038493,43.410891,7.076015,2.636002,-18.000000
2.605816,2.552879,56.266218,4605.284156,-0.027063,43.382997,7.070102,2.633799,-18.000000
2.638418,2.583708,56.264474,4602.411505,-0.015795,43.355134,7.063021,2.631161,-18.000000
2.671015,2.614503,56.263573,4599.539758,-0.004658,43.327301,7.055105,2.628212,-18.000000
2.703608,2.645263,56.263507,4596.669117,0.006343,43.299499,7.046363,2.624956,-18.000000
2.736194,2.675992,56.264607,4593.800603,0.017125,43.271743,7.036486,2.621276,-18.000000
2.768769,2.706682,56.266654,4590.934453,0.027707,43.244036,7.025687,2.617253,-18.000000
2.801340,2.737341,56.269490,4588.070575,0.038117,43.216370,7.014125,2.612946,-18.000000
2.833912,2.767967,56.273110,4585.209171,0.048352,43.188745,7.001810,2.608358,-18.000000
2.866476,2.798550,56.277937,4582.352410,0.058275,43.161200,6.988349,2.603344,-18.000000
2.899036,2.829105,56.283490,4579.499020,0.067993,43.133705,6.974199,2.598073,-18.000000
2.931589,2.859633,56.289763,4576.649169,0.077499,43.106262,6.959374,2.592550,-18.000000
2.964132,2.890129,56.296881,4573.803836,0.086744,43.078885,6.943768,2.586736,-18.000000
2.996674,2.920579,56.304946,4570.964409,0.095675,43.051597,6.927292,2.580598,-18.000000
3.029209,2.950997,56.313666,4568.129512,0.104363,43.024374,6.910224,2.574240,-18.000000
3.061737,2.981386,56.323028,4565.299303,0.112805,42.997214,6.892579,2.567667,-18.000000
3.094264,3.011743,56.333242,4562.475971,0.120906,42.970143,6.874179,2.560812,-18.000000
3.126781,3.042061,56.344165,4559.659122,0.128691,42.943155,6.855159,2.553727,-18.000000
3.159292,3.072350,56.355654,4556.847827,0.136210,42.916241,6.835653,2.546461,-18.000000
3.191797,3.102611,56.367695,4554.042227,0.143458,42.889405,6.815677,2.539019,-18.000000
3.224296,3.132829,56.380553,4551.246053,0.150270,42.862683,6.795022,2.531325,-18.000000
3.256790,3.163020,56.393908,4548.456346,0.156791,42.836041,6.773965,2.523480,-18.000000
3.289277,3.193181,56.407731,4545.673069,0.163025,42.809479,6.752531,2.515495,-18.000000
3.321754,3.223304,56.422075,4542.897454,0.168918,42.783012,6.730687,2.507358,-18.000000
3.354231,3.253389,56.437015,4540.131644,0.174380,42.756663,6.708394,2.499053,-18.000000
3.386700,3.283450,56.452336,4537.372884,0.179540,42.730397,6.685821,2.490644,-18.000000
3.419162,3.313486,56.468025,4534.621267,0.184397,42.704215,6.662984,2.482137,-18.000000
3.451625,3.343478,56.484183,4531.879535,0.188833,42.678156,6.639831,2.473512,-18.000000
3.484075,3.373437,56.500711,4529.147132,0.192884,42.652205,6.616436,2.464796,-18.000000
3.516520,3.403368,56.517518,4526.422351,0.196617,42.626341,6.592871,2.456018,-18.000000
3.548960,3.433272,56.534592,4523.705267,0.200031,42.600565,6.569153,2.447182,-18.000000
3.581393,3.463140,56.552010,4521.000251,0.202960,42.574928,6.545255,2.438280,-18.000000
3.613817,3.492975,56.569631,4518.303654,0.205546,42.549389,6.521273,2.429346,-18.000000
3.646235,3.522783,56.587425,4515.615090,0.207810,42.523940,6.497229,2.420389,-18.000000
3.678654,3.552564,56.605390,4512.935696,0.209711,42.498596,6.473137,2.411414,-18.000000
3.711059,3.582299,56.623516,4510.268260,0.211139,42.473384,6.449037,2.402436,-18.000000
3.743459,3.612009,56.641723,4507.609081,0.212245,42.448265,6.424962,2.393468,-18.000000
3.775854,3.641695,56.659995,4504.958183,0.213031,42.423236,6.400927,2.384514,-18.000000
3.808244,3.671346,56.678310,4502.318274,0.213388,42.398329,6.376978,2.375592,-18.000000
3.840627,3.700967,56.696624,4499.688998,0.213332,42.373543,6.353154,2.366717,-18.000000
3.873006,3.730559,56.714914,4497.068087,0.212958,42.348848,6.329450,2.357887,-18.000000
3.905380,3.760120,56.733164,4494.455543,0.212268,42.324239,6.305881,2.349107,-18.000000
3.937741,3.789654,56.751289,4491.855629,0.211095,42.299769,6.282559,2.340418,-18.000000
3.970101,3.819153,56.769295,4489.264772,0.209580,42.275397,6.259446,2.331808,-18.000000
4.002457,3.848624,56.787171,4486.682247,0.207754,42.251115,6.236542,2.323276,-18.000000
4.034802,3.878070,56.804881,4484.108894,0.205590,42.226929,6.213884,2.314835,-18.000000
4.067141,3.907476,56.822312,4481.547845,0.202970,42.202872,6.191602,2.306535,-18.000000
4.099471,3.936858,56.839527,4478.994988,0.200044,42.178902,6.169597,2.298337,-18.000000
4.131795,3.966217,56.856509,4476.450289,0.196816,42.155018,6.147878,2.290246,-18.000000
4.164119,3.995546,56.873156,4473.916042,0.193209,42.131247,6.126555,2.282303,-18.000000
4.196431,4.024834,56.889427,4471.392207,0.189222,42.107577,6.105662,2.274520,-18.000000
4.228740,4.054100,56.905388,4468.876281,0.184949,42.083991,6.085117,2.266866,-18.000000
4.261048,4.083346,56.921024,4466.368214,0.180393,42.060491,6.064930,2.259346,-18.000000
4.293343,4.112552,56.936126,4463.871595,0.175425,42.037098,6.045301,2.252034,-18.000000
4.325632,4.141733,56.950800,4461.383435,0.170151,42.013793,6.026117,2.244887,-18.000000
4.357915,4.170890,56.965071,4458.902786,0.164610,41.990565,6.007344,2.237894,-18.000000
4.390188,4.200023,56.978891,4456.430120,0.158789,41.967420,5.989021,2.231068,-18.000000
4.422461,4.229114,56.992030,4453.968481,0.152579,41.944387,5.971367,2.224491,-18.000000
4.454725,4.258182,57.004700,4451.513925,0.146122,41.921418,5.954170,2.218085,-18.000000
4.486982,4.287228,57.016887,4449.066371,0.139419,41.898516,5.937437,2.211852,-18.000000
4.519233,4.316244,57.028433,4446.627479,0.132411,41.875706,5.921304,2.205842,-18.000000
4.551478,4.345230,57.039268,4444.197464,0.125092,41.852976,5.905828,2.200076,-18.000000
4.583718,4.374190,57.049558,4441.773943,0.117551,41.830309,5.890855,2.194498,-18.000000
4.615954,4.403123,57.059293,4439.356823,0.109791,41.807704,5.876392,2.189111,-18.000000
4.648183,4.432030,57.068181,4436.948696,0.101726,41.785178,5.862686,2.184005,-18.000000
4.680407,4.460906,57.076379,4434.547386,0.093427,41.762721,5.849594,2.179128,-18.000000
4.712623,4.489757,57.083961,4432.151896,0.084929,41.740318,5.837045,2.174453,-18.000000
4.744831,4.518584,57.090889,4429.762360,0.076230,41.717967,5.825069,2.169992,-18.000000
4.777031,4.547376,57.096818,4427.381268,0.067248,41.695687,5.813963,2.165854,-18.000000
4.809226,4.576149,57.102081,4425.005357,0.058093,41.673458,5.803427,2.161929,-18.000000
4.841417,4.604900,57.106670,4422.634515,0.048768,41.651275,5.793467,2.158219,-18.000000
4.873603,4.633618,57.110415,4420.269705,0.039247,41.629143,5.784223,2.154775,-18.000000
4.905782,4.662304,57.113207,4417.911162,0.029520,41.607061,5.775785,2.151632,-18.000000
4.937953,4.690968,57.115286,4415.556993,0.019649,41.585015,5.767945,2.148711,-18.000000
4.970117,4.719609,57.116645,4413.207077,0.009639,41.563005,5.760707,2.146015,-18.000000
5.002280,4.748218,57.116965,4410.862847,-0.000553,41.541041,5.754331,2.143640,-18.000000
5.034433,4.776804,57.116406,4408.522956,-0.010884,41.519109,5.748677,2.141533,-18.000000
5.066579,4.805368,57.115095,4406.186575,-0.021326,41.497204,5.743641,2.139658,-18.000000
5.098721,4.833903,57.113019,4403.853615,-0.031875,41.475327,5.739236,2.138016,-18.000000
5.130855,4.862410,57.109737,4401.525477,-0.042568,41.453479,5.735821,2.136744,-18.000000
5.162981,4.890894,57.105674,4399.200068,-0.053348,41.431644,5.733038,2.135707,-18.000000
5.195101,4.919353,57.100827,4396.877252,-0.064210,41.409823,5.730888,2.134907,-18.000000
5.227221,4.947780,57.095036,4394.557310,-0.075159,41.388019,5.729503,2.134391,-18.000000
5.259328,4.976181,57.088150,4392.240217,-0.086185,41.366234,5.729009,2.134207,-18.000000
5.291433,5.004563,57.080471,4389.924899,-0.097262,41.344452,5.729157,2.134262,-18.000000
5.323536,5.032926,57.071995,4387.611214,-0.108387,41.322670,5.729948,2.134556,-18.000000
5.355627,5.061250,57.062401,4385.299417,-0.119562,41.300895,5.731636,2.135185,-18.000000
5.387712,5.089547,57.051849,4382.988819,-0.130765,41.279115,5.734103,2.136104,-18.000000
5.419793,5.117823,57.040497,4380.679003,-0.141985,41.257327,5.737217,2.137264,-18.000000
5.451869,5.146082,57.028341,4378.369825,-0.153218,41.235530,5.740978,2.138665,-18.000000
5.483930,5.174304,57.014914,4376.061102,-0.164444,41.213726,5.745763,2.140448,-18.000000
5.515992,5.202503,57.000676,4373.752291,-0.175657,41.191903,5.751206,2.142476,-18.000000
5.548050,5.230680,56.985640,4371.443243,-0.186853,41.170062,5.757296,2.144744,-18.000000
5.580097,5.258829,56.969671,4369.133675,-0.198029,41.148200,5.764145,2.147296,-18.000000
5.612137,5.286946,56.952578,4366.822945,-0.209146,41.126298,5.771911,2.150189,-18.000000
5.644173,5.315044,56.934699,4364.511093,-0.220214,41.104373,5.780321,2.153322,-18.000000
5.676204,5.343121,56.916034,4362.197970,-0.231229,41.082424,5.789372,2.156693,-18.000000
5.708229,5.371162,56.896306,4359.882720,-0.242164,41.060438,5.799294,2.160390,-18.000000
5.740243,5.399179,56.875637,4357.565091,-0.253009,41.038401,5.810001,2.164378,-18.000000
5.772254,5.427176,56.854205,4355.245289,-0.263772,41.016325,5.821341,2.168603,-18.000000
5.804264,5.455149,56.832010,4352.923158,-0.274448,40.994213,5.833313,2.173062,-18.000000
5.836260,5.483088,56.808654,4350.596885,-0.284982,40.972038,5.846254,2.177884,-18.000000
5.868251,5.511007,56.784529,4348.267413,-0.295397,40.949810,5.859844,2.182946,-18.000000
5.900238,5.538903,56.759677,4345.934715,-0.305697,40.927533,5.874052,2.188239,-18.000000
5.932219,5.566769,56.734004,4343.598105,-0.315867,40.905204,5.888960,2.193793,-18.000000
5.964194,5.594608,56.707304,4341.255971,-0.325838,40.882789,5.904748,2.199674,-18.000000
5.996160,5.622424,56.679915,4338.909721,-0.335668,40.860315,5.921134,2.205778,-18.000000
6.028119,5.650217,56.651844,4336.559205,-0.345353,40.837781,5.938115,2.212104,-18.000000
6.060071,5.677973,56.622878,4334.202641,-0.354831,40.815169,5.955879,2.218722,-18.000000
6.092023,5.705706,56.593088,4331.839884,-0.364107,40.792469,5.974373,2.225611,-18.000000
6.123966,5.733417,56.562659,4329.471977,-0.373207,40.769701,5.993437,2.232713,-18.000000
6.155897,5.761106,56.531601,4327.098769,-0.382125,40.746864,6.013066,2.240025,-18.000000
6.187827,5.788760,56.499620,4324.717013,-0.390765,40.723916,6.033537,2.247651,-18.000000
6.219753,5.816390,56.467009,4322.328823,-0.399189,40.700880,6.054590,2.255494,-18.000000
6.251671,5.843999,56.433823,4319.934482,-0.407410,40.677764,6.076176,2.263536,-18.000000
6.283580,5.871587,56.400006,4317.533093,-0.415401,40.654561,6.098350,2.271796,-18.000000
6.315482,5.899135,56.365390,4315.121818,-0.423075,40.631236,6.121280,2.280338,-18.000000
6.347379,5.926660,56.330264,4312.703566,-0.430522,40.607821,6.144708,2.289065,-18.000000
6.379270,5.954161,56.294635,4310.278203,-0.437737,40.584316,6.168626,2.297975,-18.000000
6.411150,5.981633,56.258370,4307.843281,-0.444644,40.560698,6.193165,2.307117,-18.000000
6.443029,6.009070,56.221514,4305.398453,-0.451231,40.536950,6.218297,2.316479,-18.000000
6.474902,6.036485,56.184224,4302.945737,-0.457568,40.513107,6.243875,2.326008,-18.000000
6.506766,6.063882,56.146511,4300.485006,-0.463653,40.489172,6.269890,2.335699,-18.000000
6.538616,6.091245,56.108199,4298.011932,-0.469342,40.465080,6.296527,2.345622,-18.000000
6.570467,6.118577,56.069483,4295.529385,-0.474734,40.440878,6.323603,2.355708,-18.000000
6.602312,6.145887,56.030418,4293.038112,-0.479852,40.416570,6.351062,2.365938,-18.000000
6.634148,6.173177,55.990991,4290.537231,-0.484667,40.392143,6.378926,2.376318,-18.000000
6.665977,6.200425,55.951102,4288.022545,-0.489055,40.367557,6.407316,2.386894,-18.000000
6.697801,6.227650,55.910940,4285.498485,-0.493150,40.342858,6.436030,2.397591,-18.000000
6.729619,6.254851,55.870520,4282.964949,-0.496952,40.318047,6.465059,2.408405,-18.000000
6.761426,6.282017,55.829804,4280.419148,-0.500376,40.293095,6.494464,2.419359,-18.000000
6.793226,6.309153,55.788816,4277.860283,-0.503401,40.267987,6.524222,2.430444,-18.000000
6.825022,6.336266,55.747648,4275.291381,-0.506118,40.242759,6.554226,2.441622,-18.000000
6.856813,6.363355,55.706317,4272.712357,-0.508524,40.217414,6.584465,2.452887,-18.000000
6.888590,6.390405,55.664792,4270.118293,-0.510477,40.191902,6.615007,2.464264,-18.000000
6.920363,6.417428,55.623153,4267.512339,-0.512071,40.166250,6.645749,2.475716,-18.000000
6.952130,6.444429,55.581439,4264.895805,-0.513346,40.140471,6.676650,2.487228,-18.000000
6.983893,6.471405,55.539666,4262.268033,-0.514278,40.114558,6.707702,2.498796,-18.000000
7.015642,6.498340,55.497844,4259.623623,-0.514718,40.088463,6.738923,2.510426,-18.000000
7.047386,6.525251,55.456038,4256.968275,-0.514834,40.062243,6.770222,2.522086,-18.000000
7.079124,6.552138,55.414258,4254.301943,-0.514625,40.035899,6.801583,2.533769,-18.000000
7.110850,6.578991,55.372529,4251.621879,-0.514013,40.009396,6.832993,2.545470,-18.000000
7.142570,6.605806,55.330918,4248.926739,-0.512956,39.982720,6.864407,2.557172,-18.000000
7.174286,6.632598,55.289418,4246.220394,-0.511570,39.955920,6.895797,2.568866,-18.000000
7.205997,6.659366,55.248043,4243.502815,-0.509857,39.928995,6.927146,2.580544,-18.000000
7.237694,6.686095,55.206897,4240.769111,-0.507686,39.901887,6.958391,2.592184,-18.000000
7.269386,6.712792,55.165969,4238.022238,-0.505132,39.874631,6.989509,2.603776,-18.000000
7.301071,6.739461,55.125252,4235.264052,-0.502254,39.847246,7.020493,2.615318,-18.000000
7.332746,6.766103,55.084769,4232.494280,-0.499049,39.819730,7.051323,2.626803,-18.000000
7.364414,6.792709,55.044702,4229.706752,-0.495341,39.792021,7.081857,2.638178,-18.000000
7.396074,6.819287,55.004935,4226.907958,-0.491318,39.764188,7.112163,2.649468,-18.000000
7.427725,6.845838,54.965481,4224.097922,-0.486982,39.736230,7.142225,2.660667,-18.000000
7.459372,6.872355,54.926426,4221.274298,-0.482268,39.708117,7.171961,2.671744,-18.000000
7.491005,6.898835,54.887876,4218.435306,-0.477132,39.679840,7.201271,2.682663,-18.000000
7.522633,6.925287,54.849717,4215.585274,-0.471693,39.651441,7.230242,2.693455,-18.000000
7.554256,6.951712,54.811962,4212.724247,-0.465955,39.622918,7.258856,2.704115,-18.000000
7.585866,6.978099,54.774815,4209.847967,-0.459813,39.594230,7.286928,2.714572,-18.000000
7.617470,7.004452,54.738220,4206.958880,-0.453328,39.565405,7.314491,2.724840,-18.000000
7.649068,7.030779,54.702102,4204.059170,-0.446564,39.536463,7.341604,2.734941,-18.000000
7.680656,7.057078,54.666474,4201.148908,-0.439525,39.507402,7.368252,2.744868,-18.000000
7.712229,7.083333,54.631680,4198.222194,-0.432051,39.478167,7.394101,2.754497,-18.000000
7.743798,7.109561,54.597438,4195.285298,-0.424323,39.448822,7.419409,2.763925,-18.000000
7.775360,7.135761,54.563756,4192.338376,-0.416345,39.419367,7.444163,2.773147,-18.000000
7.806912,7.161929,54.530754,4189.379768,-0.408069,39.389783,7.468237,2.782115,-18.000000
7.838457,7.188052,54.498604,4186.407596,-0.399464,39.360056,7.491452,2.790763,-18.000000
7.869990,7.214147,54.467076,4183.426048,-0.390634,39.330233,7.514030,2.799174,-18.000000
7.901513,7.240214,54.436180,4180.435248,-0.381582,39.300312,7.535959,2.807343,-18.000000
7.933035,7.266243,54.406172,4177.432106,-0.372235,39.270254,7.556965,2.815168,-18.000000
7.964541,7.292239,54.376987,4174.418349,-0.362648,39.240084,7.577110,2.822673,-18.000000
7.996038,7.318205,54.348482,4171.396140,-0.352873,39.209826,7.596535,2.829909,-18.000000
8.027531,7.344139,54.320663,4168.365627,-0.342916,39.179481,7.615228,2.836873,-18.000000
8.059010,7.370030,54.293956,4165.322708,-0.332695,39.149007,7.632740,2.843397,-18.000000
8.090479,7.395892,54.267997,4162.271966,-0.322308,39.118453,7.649445,2.849619,-18.000000
8.121942,7.421726,54.242765,4159.213842,-0.311772,39.087822,7.665359,2.855548,-18.000000
8.153398,7.447522,54.218382,4156.147466,-0.301077,39.057101,7.680348,2.861132,-18.000000
8.184842,7.473279,54.195086,4153.071383,-0.290205,39.026288,7.694153,2.866274,-18.000000
8.216277,7.499009,54.172555,4149.988927,-0.279221,38.995406,7.707122,2.871106,-18.000000
8.247702,7.524709,54.150792,4146.900279,-0.268132,38.964459,7.719250,2.875624,-18.000000
8.279115,7.550367,54.130058,4143.803779,-0.256920,38.933432,7.730234,2.879716,-18.000000
8.310517,7.575991,54.110304,4140.700523,-0.245617,38.902342,7.740136,2.883404,-18.000000
8.341913,7.601584,54.091331,4137.592178,-0.234249,38.871202,7.749169,2.886769,-18.000000
8.373303,7.627145,54.073141,4134.478933,-0.222824,38.840011,7.757327,2.889809,-18.000000
8.404673,7.652658,54.056167,4131.358880,-0.211343,38.808751,7.764142,2.892347,-18.000000
8.436037,7.678146,54.040030,4128.234604,-0.199832,38.777457,7.770017,2.894536,-18.000000
8.467395,7.703604,54.024683,4125.106593,-0.188307,38.746128,7.775009,2.896395,-18.000000
8.498743,7.729022,54.010229,4121.974680,-0.176782,38.714759,7.779008,2.897885,-18.000000
8.530077,7.754399,53.996932,4118.838379,-0.165264,38.683349,7.781712,2.898893,-18.000000
8.561406,7.779749,53.984420,4115.699525,-0.153779,38.651920,7.783539,2.899573,-18.000000
8.592728,7.805070,53.972693,4112.558325,-0.142331,38.620473,7.784492,2.899928,-18.000000
8.624032,7.830349,53.961992,4109.414523,-0.130937,38.589001,7.784306,2.899859,-18.000000
8.655324,7.855593,53.952280,4106.268804,-0.119631,38.557518,7.783018,2.899379,-18.000000
8.686610,7.880807,53.943332,4103.121931,-0.108400,38.526029,7.780881,2.898583,-18.000000
8.717891,7.905988,53.935142,4099.974104,-0.097249,38.494535,7.777900,2.897472,-18.000000
8.749151,7.931129,53.928083,4096.825523,-0.086248,38.463042,7.773673,2.895898,-18.000000
8.780406,7.956235,53.921829,4093.676917,-0.075373,38.431559,7.768557,2.893992,-18.000000
8.811650,7.981313,53.916404,4090.528318,-0.062794,38.411606,7.762532,2.891747,-13.884297
8.842874,8.006367,53.911990,4087.379759,-0.046366,38.416852,7.755405,2.889092,-0.771189
8.874063,8.031406,53.909220,4084.231570,-0.030165,38.422124,7.746483,2.885769,0.000000
8.905234,8.056433,53.907527,4081.084265,-0.014139,38.427407,7.736392,2.882010,0.000000
8.936384,8.081447,53.906903,4077.938127,0.001700,38.432700,7.725146,2.877820,0.000000
8.967498,8.106449,53.907631,4074.794092,0.017276,38.438011,7.712448,2.873090,0.000000
8.998583,8.131427,53.909709,4071.653091,0.032563,38.443334,7.698313,2.867824,0.000000
9.029648,8.156394,53.912799,4068.514882,0.047605,38.448669,7.683113,2.862162,0.000000
9.060693,8.181351,53.916889,4065.379732,0.062390,38.454018,7.666863,2.856108,0.000000
9.091698,8.206295,53.922404,4062.249903,0.076786,38.459387,7.649127,2.849501,0.000000
9.122678,8.231224,53.928982,4059.124846,0.090852,38.464771,7.630308,2.842490,0.000000
9.153637,8.256139,53.936482,4056.004352,0.104614,38.470167,7.610550,2.835130,0.000000
9.184577,8.281039,53.944940,4052.889013,0.118040,38.475573,7.589818,2.827407,0.000000
9.215481,8.305919,53.954734,4049.781967,0.130963,38.480999,7.567764,2.819191,0.000000
9.246359,8.330789,53.965361,4046.680862,0.143536,38.486435,7.544896,2.810672,0.000000
9.277212,8.355648,53.976809,4043.585917,0.155750,38.491883,7.521235,2.801858,0.000000
9.308042,8.380490,53.989251,4040.499120,0.167501,38.497354,7.496627,2.792691,0.000000
9.338842,8.405320,54.002700,4037.421731,0.178743,38.502838,7.471078,2.783173,0.000000
9.369619,8.430137,54.016867,4034.351705,0.189592,38.508330,7.444872,2.773411,0.000000
9.400373,8.454940,54.031736,4031.289227,0.200041,38.513833,7.418032,2.763412,0.000000
9.431094,8.479724,54.047559,4028.238164,0.209897,38.519363,7.390348,2.753099,0.000000
9.461794,8.504497,54.064100,4025.196734,0.219264,38.524903,7.362055,2.742559,0.000000
9.492471,8.529261,54.081233,4022.163869,0.228200,38.530454,7.333269,2.731836,0.000000
9.523119,8.554016,54.098958,4019.140037,0.236687,38.536020,7.303997,2.720931,0.000000
9.553739,8.578742,54.117502,4016.130376,0.244476,38.541607,7.274087,2.709789,0.000000
9.584336,8.603463,54.136528,4013.130122,0.251812,38.547204,7.243822,2.698514,0.000000
9.614910,8.628176,54.156011,4010.139396,0.258692,38.552811,7.213227,2.687117,0.000000
9.645456,8.652873,54.176009,4007.160543,0.265008,38.558435,7.182274,2.675586,0.000000
9.675977,8.677550,54.196533,4004.195366,0.270679,38.564078,7.150996,2.663934,0.000000
9.706477,8.702218,54.217394,4001.240353,0.275879,38.569734,7.119525,2.652210,0.000000
9.736953,8.726875,54.238573,3998.295596,0.280607,38.575405,7.087885,2.640423,0.000000
9.767398,8.751513,54.260151,3995.365530,0.284665,38.581094,7.056068,2.628571,0.000000
9.797815,8.776140,54.281995,3992.448001,0.288155,38.586795,7.024169,2.616688,0.000000
9.828212,8.800759,54.304032,3989.541149,0.291162,38.592510,6.992230,2.604790,0.000000
9.858590,8.825367,54.326245,3986.645083,0.293683,38.598243,6.960275,2.592885,0.000000
9.888933,8.849955,54.348660,3983.766275,0.295441,38.603991,6.928373,2.581001,0.000000
9.919257,8.874533,54.371154,3980.898412,0.296719,38.609753,6.896555,2.569148,0.000000
9.949559,8.899101,54.393705,3978.041517,0.297517,38.615528,6.864841,2.557334,0.000000
9.979829,8.923659,54.416288,3975.197742,0.297743,38.621319,6.833285,2.545579,0.000000
10.010079,8.948198,54.438833,3972.369440,0.297303,38.627130,6.801980,2.533917,0.000000
10.040308,8.972727,54.461314,3969.552183,0.296391,38.632955,6.770891,2.522335,0.000000
10.070514,8.997246,54.483713,3966.745967,0.295008,38.638792,6.740036,2.510841,0.000000
10.100689,9.021753,54.505947,3963.954981,0.292976,38.644642,6.709549,2.499484,0.000000
10.130841,9.046249,54.527970,3961.177317,0.290383,38.650514,6.679438,2.488266,0.000000
10.160976,9.070733,54.549794,3958.410595,0.287332,38.656402,6.649660,2.477173,0.000000
10.191092,9.095203,54.571402,3955.654789,0.283824,38.662303,6.620231,2.466210,0.000000
10.221172,9.119659,54.592602,3952.915963,0.279613,38.668218,6.591408,2.455473,0.000000
10.251228,9.144106,54.613483,3950.188113,0.274957,38.674152,6.563017,2.444896,0.000000
10.281266,9.168543,54.634035,3947.470916,0.269866,38.680103,6.535063,2.434483,0.000000
10.311288,9.192970,54.654179,3944.766024,0.264263,38.686069,6.507639,2.424267,0.000000
10.341277,9.217384,54.673753,3942.076042,0.258066,38.692049,6.480914,2.414311,0.000000
10.371243,9.241788,54.692895,3939.396328,0.251457,38.698045,6.454702,2.404546,0.000000
10.401187,9.266183,54.711590,3936.726805,0.244439,38.704059,6.429016,2.394978,0.000000
10.431107,9.290559,54.729642,3934.070869,0.236885,38.710091,6.404069,2.385684,0.000000
10.461004,9.314929,54.747047,3931.427150,0.228847,38.716134,6.379836,2.376657,0.000000
10.490883,9.339288,54.763907,3928.793110,0.220430,38.722193,6.356194,2.367850,0.000000
10.520743,9.363635,54.780208,3926.168655,0.211639,38.728269,6.333153,2.359266,0.000000
10.550575,9.387974,54.795601,3923.558600,0.202293,38.734367,6.311071,2.351040,0.000000
10.580384,9.412299,54.810329,3920.958132,0.192580,38.740479,6.289670,2.343067,0.000000
10.610171,9.436614,54.824412,3918.366623,0.182523,38.746605,6.268923,2.335339,0.000000
10.639938,9.460925,54.837744,3915.785097,0.172084,38.752746,6.248932,2.327892,0.000000
10.669678,9.485215,54.850054,3913.216000,0.161184,38.758907,6.229941,2.320817,0.000000
10.699400,9.509499,54.861650,3910.655150,0.149976,38.765086,6.211651,2.314004,0.000000
10.729102,9.533778,54.872516,3908.102419,0.138466,38.771281,6.194069,2.307453,0.000000
10.758774,9.558045,54.882380,3905.560101,0.126570,38.777488,6.177436,2.301258,0.000000
10.788429,9.582294,54.891250,3903.027384,0.114330,38.783712,6.161739,2.295410,0.000000
10.818063,9.606535,54.899319,3900.501980,0.101827,38.789953,6.146785,2.289839,0.000000
10.847676,9.630772,54.906578,3897.983747,0.089066,38.796212,6.132580,2.284547,0.000000
10.877268,9.654995,54.912581,3895.475836,0.075945,38.802492,6.119524,2.279684,0.000000
10.906835,9.679208,54.917657,3892.974942,0.062582,38.808787,6.107305,2.275132,0.000000
10.936382,9.703414,54.921869,3890.480331,0.049002,38.815095,6.095864,2.270870,0.000000
10.965908,9.727615,54.925118,3887.992440,0.035189,38.821418,6.085286,2.266929,0.000000
10.995407,9.751795,54.927040,3885.513048,0.021091,38.827762,6.075889,2.263428,0.000000
11.024888,9.775970,54.928053,3883.038999,0.006821,38.834120,6.067291,2.260225,0.000000
11.054350,9.800139,54.928151,3880.570130,-0.007614,38.840492,6.059495,2.257321,0.000000
11.083789,9.824296,54.927051,3878.107591,-0.022250,38.846889,6.052742,2.254806,0.000000
11.113204,9.848442,54.924731,3875.650877,-0.037064,38.853303,6.047049,2.252685,0.000000
11.142601,9.872578,54.921465,3873.198340,-0.052003,38.859727,6.042173,2.250868,0.000000
11.171980,9.896706,54.917247,3870.749808,-0.067058,38.866162,6.038117,2.249357,0.000000
11.201339,9.920826,54.911608,3868.306639,-0.082262,38.872624,6.035279,2.248300,0.000000
11.230672,9.944932,54.904895,3865.867014,-0.097562,38.879101,6.033363,2.247587,0.000000
11.259985,9.969029,54.897211,3863.430344,-0.112935,38.885594,6.032276,2.247181,0.000000
11.289279,9.993120,54.888476,3860.996624,-0.128373,38.892107,6.032079,2.247108,0.000000
11.318530,10.017212,54.877921,3858.567183,-0.150673,38.933596,6.033440,2.247615,15.282226
11.347754,10.041312,54.865958,3856.140498,-0.173329,38.976839,6.036004,2.248570,22.000000
11.376949,10.065421,54.852566,3853.716338,-0.195997,39.020140,6.039787,2.249979,22.000000
11.406104,10.089542,54.837370,3851.294792,-0.218653,39.063515,6.045106,2.251961,22.000000
11.435216,10.113669,54.820274,3848.875083,-0.241279,39.106988,6.052044,2.254546,22.000000
11.464300,10.137807,54.801763,3846.456253,-0.263855,39.150540,6.060198,2.257583,22.000000
11.493355,10.161958,54.781839,3844.038021,-0.286370,39.194176,6.069565,2.261073,22.000000
11.522357,10.186115,54.759867,3841.619789,-0.308771,39.237937,6.080690,2.265217,22.000000
11.551327,10.210283,54.736307,3839.200757,-0.331053,39.281818,6.093197,2.269876,22.000000
11.580268,10.234460,54.711359,3836.780642,-0.353214,39.325810,6.106910,2.274985,22.000000
11.609175,10.258646,54.684965,3834.359066,-0.375237,39.369921,6.121882,2.280562,22.000000
11.638032,10.282847,54.656454,3831.934212,-0.397026,39.414216,6.138712,2.286832,22.000000
11.666858,10.307057,54.626598,3829.506573,-0.418633,39.458648,6.156737,2.293547,22.000000
11.695651,10.331275,54.595407,3827.075856,-0.440050,39.503218,6.175954,2.300705,22.000000
11.724406,10.355505,54.562587,3824.640774,-0.461213,39.547963,6.196634,2.308409,22.000000
11.753116,10.379748,54.527995,3822.199911,-0.482065,39.592913,6.218920,2.316712,22.000000
11.781798,10.403996,54.492124,3819.754245,-0.502664,39.638025,6.242380,2.325451,22.000000
11.810451,10.428251,54.454988,3817.303482,-0.523000,39.683302,6.267009,2.334626,22.000000
11.839052,10.452524,54.416086,3814.844636,-0.542946,39.728827,6.293287,2.344415,22.000000
11.867616,10.476804,54.375757,3812.378271,-0.562534,39.774565,6.320914,2.354707,22.000000
11.896148,10.501090,54.334237,3809.905081,-0.581804,39.820492,6.349684,2.365424,22.000000
11.924647,10.525386,54.291524,3807.424657,-0.600745,39.866614,6.379606,2.376571,22.000000
11.953095,10.549703,54.247008,3804.931847,-0.619123,39.913061,6.411301,2.388378,22.000000
11.981512,10.574025,54.201384,3802.430492,-0.637127,39.959722,6.444102,2.400598,22.000000
12.009897,10.598353,54.154673,3799.920301,-0.654747,40.006600,6.478002,2.413226,22.000000
12.038243,10.622693,54.106686,3797.398956,-0.671889,40.053741,6.513210,2.426342,22.000000
12.066545,10.647045,54.057276,3794.863738,-0.688439,40.101207,6.549904,2.440011,22.000000
12.094811,10.671406,54.006881,3792.317987,-0.704550,40.148917,6.587647,2.454072,22.000000
12.123041,10.695776,53.955522,3789.761421,-0.720213,40.196874,6.626430,2.468520,22.000000
12.151227,10.720160,53.902873,3787.189044,-0.735227,40.245174,6.666634,2.483496,22.000000
12.179369,10.744554,53.849168,3784.602169,-0.749654,40.293787,6.708032,2.498919,22.000000
12.207477,10.768957,53.794617,3782.002833,-0.763577,40.342666,6.750407,2.514704,22.000000
12.235553,10.793369,53.739239,3779.390764,-0.776988,40.391815,6.793744,2.530848,22.000000
12.263579,10.817796,53.682641,3776.757550,-0.789562,40.441405,6.838552,2.547541,22.000000
12.291563,10.842232,53.625315,3774.110100,-0.801579,40.491282,6.884270,2.564572,22.000000
12.319511,10.866677,53.567295,3771.448355,-0.813039,40.541448,6.930868,2.581931,22.000000
12.347427,10.891133,53.508497,3768.769406,-0.823828,40.591963,6.978472,2.599664,22.000000
12.375285,10.915602,53.448842,3766.068748,-0.833786,40.642906,7.027235,2.617830,22.000000
12.403110,10.940080,53.388637,3763.352321,-0.843140,40.694158,7.076778,2.636286,22.000000
12.430901,10.964568,53.327905,3760.619889,-0.851883,40.745722,7.127081,2.655025,22.000000
12.458642,10.989067,53.266514,3757.865072,-0.859780,40.797716,7.178368,2.674131,22.000000
12.486339,11.013578,53.204616,3755.089304,-0.866894,40.850109,7.230483,2.693545,22.000000
12.513999,11.038098,53.142341,3752.296206,-0.873361,40.902830,7.283234,2.713196,22.000000
12.541622,11.062627,53.079713,3749.485569,-0.879174,40.955880,7.336598,2.733076,22.000000
12.569189,11.087171,53.016639,3746.647033,-0.883953,41.009447,7.390827,2.753278,22.000000
12.596717,11.111724,52.953341,3743.789190,-0.888025,41.063372,7.445573,2.773672,22.000000
12.624209,11.136286,52.889854,3740.912676,-0.891417,41.117642,7.500784,2.794239,22.000000
12.651659,11.160858,52.826190,3738.014548,-0.894025,41.172309,7.556486,2.814990,22.000000
12.679050,11.185444,52.762407,3735.088424,-0.895619,41.227480,7.612709,2.835934,22.000000
12.706403,11.210039,52.698600,3732.142692,-0.896510,41.283006,7.669229,2.856989,22.000000
12.733718,11.234643,52.634797,3729.177216,-0.896694,41.338889,7.726014,2.878144,22.000000
12.760979,11.259259,52.571067,3726.185140,-0.895929,41.395246,7.783080,2.899402,22.000000
12.788194,11.283887,52.507499,3723.167493,-0.894264,41.452059,7.840308,2.920721,22.000000
12.815369,11.308521,52.444105,3720.129439,-0.891880,41.509230,7.897611,2.942068,22.000000
12.842503,11.333160,52.380912,3717.070887,-0.888774,41.566758,7.954954,2.963430,22.000000
12.869581,11.357820,52.318122,3713.980922,-0.884578,41.624842,8.012236,2.984769,22.000000
12.896611,11.382490,52.255691,3710.868612,-0.879606,41.683314,8.069380,3.006056,22.000000
12.923599,11.407168,52.193628,3707.735460,-0.873914,41.742149,8.126351,3.027280,22.000000
12.950546,11.431858,52.132018,3704.579040,-0.867423,41.801391,8.183078,3.048412,22.000000
12.977433,11.456560,52.071112,3701.391657,-0.859877,41.861161,8.239339,3.069371,22.000000
13.004274,11.481272,52.010742,3698.183376,-0.851622,41.921291,8.295203,3.090181,22.000000
13.031073,11.505993,51.950934,3694.954223,-0.842662,41.981781,8.350629,3.110829,22.000000
13.057823,11.530725,51.891918,3691.697961,-0.832798,42.042735,8.405396,3.131231,22.000000
13.084515,11.555470,51.833776,3688.414973,-0.822049,42.104138,8.459383,3.151343,22.000000
13.111164,11.580224,51.776354,3685.111434,-0.810620,42.165891,8.512697,3.171203,22.000000
13.137772,11.604986,51.719680,3681.787429,-0.798516,42.227996,8.565298,3.190799,22.000000
13.164311,11.629755,51.664204,3678.433271,-0.785432,42.290611,8.616706,3.209950,22.000000
13.190805,11.654540,51.609682,3675.057110,-0.771642,42.353589,8.667121,3.228731,22.000000
13.217258,11.679333,51.556054,3671.661207,-0.757219,42.416899,8.716587,3.247158,22.000000
13.243667,11.704131,51.503427,3668.244098,-0.742117,42.480570,8.764974,3.265183,22.000000
13.269999,11.728951,51.452283,3664.798104,-0.726111,42.544725,8.811712,3.282595,22.000000
13.296289,11.753775,51.402168,3661.333419,-0.709527,42.609191,8.857274,3.299567,22.000000
13.322537,11.778605,51.353104,3657.850262,-0.692374,42.673965,8.901621,3.316088,22.000000
13.348727,11.803447,51.305423,3654.344086,-0.674511,42.739122,8.944345,3.332004,22.000000
13.374863,11.828302,51.259240,3650.814774,-0.655959,42.804660,8.985268,3.347249,22.000000
13.400950,11.853161,51.214228,3647.268441,-0.636906,42.870483,9.024767,3.361963,22.000000
13.426988,11.878027,51.170404,3643.705361,-0.617364,42.936587,9.062809,3.376135,22.000000
13.452959,11.902913,51.128370,3640.118715,-0.597141,43.003077,9.098624,3.389477,22.000000
13.478879,11.927804,51.087765,3636.514639,-0.576430,43.069858,9.132627,3.402144,22.000000
13.504753,11.952702,51.048444,3632.895626,-0.555310,43.136885,9.164994,3.414201,22.000000
13.530578,11.977610,51.010496,3629.261256,-0.533775,43.204163,9.195602,3.425604,22.000000
13.556333,12.002531,50.974595,3625.605769,-0.511685,43.271792,9.223548,3.436014,22.000000
13.582043,12.027458,50.940060,3621.937419,-0.489268,43.339633,9.249712,3.445761,22.000000
13.607705,12.052390,50.906897,3618.256580,-0.466542,43.407679,9.274074,3.454837,22.000000
13.633305,12.077334,50.875454,3614.560971,-0.443471,43.475969,9.296157,3.463063,22.000000
13.658843,12.102291,50.845914,3610.850619,-0.420065,43.544506,9.315706,3.470346,22.000000
13.684331,12.127256,50.817796,3607.130116,-0.396451,43.613209,9.333355,3.476920,22.000000
13.709771,12.152230,50.791106,3603.399871,-0.372647,43.682070,9.349090,3.482782,22.000000
13.735145,12.177203,50.766475,3599.656909,-0.348613,43.751147,9.362057,3.487613,22.000000
13.760465,12.202192,50.743524,3595.904845,-0.324442,43.820378,9.372753,3.491597,22.000000
13.785738,12.227190,50.722025,3592.145558,-0.300180,43.889729,9.381490,3.494852,22.000000
13.810958,12.252192,50.702021,3588.379335,-0.275848,43.959192,9.388217,3.497358,22.000000
13.836100,12.277209,50.684289,3584.604212,-0.251458,44.028805,9.391862,3.498716,22.000000
13.861197,12.302230,50.668007,3580.824478,-0.227086,44.098502,9.393551,3.499345,22.000000
13.886247,12.327256,50.653171,3577.040578,-0.202745,44.168271,9.393288,3.499247,22.000000
13.911242,12.352287,50.640087,3573.252449,-0.178472,44.238113,9.390671,3.498272,22.000000
13.936168,12.377331,50.628979,3569.461025,-0.154337,44.308018,9.385403,3.496310,22.000000
13.961043,12.402381,50.619290,3565.668075,-0.130335,44.377955,9.378241,3.493641,22.000000
13.985869,12.427436,50.611014,3561.874042,-0.106482,44.447915,9.369198,3.490273,22.000000
14.010631,12.452504,50.604691,3558.079728,-0.082886,44.517888,9.357564,3.485939,22.000000
14.035333,12.477577,50.600008,3554.286445,-0.059562,44.587850,9.343777,3.480803,22.000000
14.059987,12.502658,50.596683,3550.494660,-0.036489,44.657797,9.328217,3.475006,22.000000
14.084596,12.527748,50.594700,3546.704804,-0.013681,44.727726,9.310906,3.468557,22.000000
14.109125,12.552837,50.594810,3542.919648,0.008641,44.797597,9.290904,3.461106,22.000000
14.133603,12.577936,50.596209,3539.138482,0.030618,44.867413,9.269265,3.453045,22.000000
14.158033,12.603043,50.598877,3535.361689,0.052235,44.937169,9.246027,3.444388,22.000000
14.182409,12.628154,50.603014,3531.590753,0.073398,45.006843,9.220944,3.435044,22.000000
14.206720,12.653279,50.608848,3527.828147,0.093981,45.076401,9.193769,3.424921,22.000000
14.230982,12.678405,50.615850,3524.072189,0.114119,45.145862,9.165174,3.414269,22.000000
14.255195,12.703533,50.624003,3520.323243,0.133798,45.215222,9.135194,3.403100,22.000000
14.279345,12.728674,50.633685,3516.584864,0.152819,45.284437,9.103403,3.391257,22.000000
14.303433,12.753815,50.644669,3512.856917,0.171215,45.353507,9.070102,3.378851,22.000000
14.327477,12.778961,50.656686,3509.138012,0.189084,45.422447,9.035622,3.366007,22.000000
14.351479,12.804117,50.669716,3505.428473,0.206417,45.491250,8.999999,3.352737,22.000000
14.375396,12.829279,50.684242,3501.734664,0.222859,45.559831,8.962733,3.338854,22.000000
14.399271,12.854446,50.699705,3498.052032,0.238692,45.628257,8.924472,3.324601,22.000000
14.423100,12.879618,50.716048,3494.380492,0.253927,45.696525,8.885291,3.310005,22.000000
14.446871,12.904795,50.733372,3490.722168,0.268460,45.764604,8.845109,3.295036,22.000000
14.470576,12.929979,50.751828,3487.081258,0.282079,45.832433,8.803813,3.279652,22.000000
14.494240,12.955168,50.771020,3483.452904,0.295051,45.900084,8.761824,3.264010,22.000000
14.517860,12.980360,50.790923,3479.837324,0.307369,45.967556,8.719180,3.248124,22.000000
14.541412,13.005559,50.811714,3476.239415,0.318792,46.034782,8.675752,3.231946,22.000000
14.564908,13.030764,50.833267,3472.658580,0.329362,46.101774,8.631709,3.215539,22.000000
14.588357,13.055974,50.855379,3469.091664,0.339245,46.168570,8.587236,3.198971,22.000000
14.611761,13.081187,50.878023,3465.538837,0.348437,46.235164,8.542369,3.182257,22.000000
14.635095,13.106408,50.901393,3462.008082,0.356553,46.301458,8.497030,3.165367,22.000000
14.658386,13.131629,50.925197,3458.493042,0.363915,46.367534,8.451457,3.148390,22.000000
14.681633,13.156854,50.949377,3454.992896,0.370566,46.433403,8.405705,3.131346,22.000000
14.704828,13.182090,50.973942,3451.509646,0.376416,46.499041,8.359803,3.114247,22.000000
14.727957,13.207325,50.998924,3448.048846,0.381211,46.564371,8.313828,3.097120,22.000000
14.751043,13.232565,51.024121,3444.603482,0.385284,46.629494,8.267876,3.080001,22.000000
14.774088,13.257809,51.049508,3441.173619,0.388635,46.694411,8.221977,3.062903,22.000000
14.797072,13.283059,51.075093,3437.764226,0.391040,46.759059,8.176224,3.045858,22.000000
14.819998,13.308315,51.100778,3434.374959,0.392530,46.823437,8.130709,3.028903,22.000000
14.842881,13.333575,51.126499,3431.001429,0.393303,46.887605,8.085430,3.012036,22.000000
14.865723,13.358840,51.152234,3427.643654,0.393361,46.951563,8.040417,2.995267,22.000000
14.888504,13.384104,51.177906,3424.309545,0.392355,47.015220,7.995895,2.978681,22.000000
14.911239,13.409379,51.203454,3420.992659,0.390585,47.078652,7.951805,2.962257,22.000000
14.933931,13.434656,51.228860,3417.691490,0.388116,47.141881,7.908140,2.945990,22.000000
14.956573,13.459928,51.254081,3414.407487,0.384881,47.204889,7.864976,2.929910,22.000000
14.979153,13.485213,51.278945,3411.146866,0.380625,47.267610,7.822585,2.914119,22.000000
15.001692,13.510504,51.303526,3407.901713,0.375701,47.330138,7.780763,2.898539,22.000000
15.024190,13.535797,51.327801,3404.671966,0.370110,47.392476,7.739529,2.883178,22.000000
15.046636,13.561091,51.351630,3401.461826,0.363670,47.454574,7.699098,2.868117,22.000000
15.069033,13.586391,51.374920,3398.271476,0.356379,47.516432,7.659553,2.853385,22.000000
15.091387,13.611695,51.397763,3395.096054,0.348455,47.578114,7.620718,2.838918,22.000000
15.113696,13.637004,51.420136,3391.935466,0.339907,47.639622,7.582610,2.824722,22.000000
15.135945,13.662312,51.441744,3388.796341,0.330458,47.700875,7.545629,2.810945,22.000000
15.158152,13.687625,51.462715,3385.673310,0.320337,47.761953,7.509554,2.797506,22.000000
15.180321,13.712943,51.483092,3382.564430,0.309629,47.822874,7.474306,2.784375,22.000000
15.202445,13.738266,51.502813,3379.470451,0.298308,47.883624,7.439957,2.771580,22.000000
15.224507,13.763589,51.521506,3376.397373,0.286134,47.944150,7.406953,2.759285,22.000000
15.246528,13.788920,51.539488,3373.337622,0.273415,48.004539,7.374860,2.747329,22.000000
15.268509,13.814258,51.556741,3370.291043,0.260164,48.064790,7.343690,2.735718,22.000000
15.290444,13.839595,51.573038,3367.260648,0.246271,48.124870,7.313699,2.724545,22.000000
15.312331,13.864933,51.588262,3364.247032,0.231710,48.184791,7.285009,2.713858,22.000000
15.334177,13.890277,51.602655,3361.245611,0.216672,48.244596,7.257308,2.703538,22.000000
15.355982,13.915629,51.616201,3358.256209,0.201166,48.304288,7.230605,2.693591,22.000000
15.377728,13.940981,51.628476,3355.283576,0.185015,48.363829,7.205368,2.684189,22.000000
15.399437,13.966333,51.639687,3352.323826,0.168369,48.423259,7.181330,2.675234,22.000000
15.421106,13.991690,51.649962,3349.374983,0.151308,48.482598,7.158341,2.666670,22.000000
15.442728,14.017057,51.659257,3346.437209,0.133831,48.541848,7.136446,2.658514,22.000000
15.464301,14.042423,51.667014,3343.515342,0.115770,48.600976,7.116227,2.650982,22.000000
15.485832,14.067790,51.673761,3340.603172,0.097352,48.660040,7.097097,2.643855,22.000000
15.507324,14.093160,51.679486,3337.700488,0.078590,48.719043,7.079062,2.637137,22.000000
15.528771,14.118541,51.683938,3334.809004,0.059438,48.777979,7.062377,2.630921,22.000000
15.550162,14.143922,51.686929,3331.929332,0.039872,48.836852,7.047221,2.625275,22.000000
15.571519,14.169303,51.688837,3329.057849,0.020026,48.895687,7.033189,2.620048,22.000000
15.592842,14.194686,51.689655,3326.194327,-0.000091,48.954488,7.020284,2.615241,22.000000
15.614107,14.220082,51.688912,3323.341381,-0.020562,49.013257,7.008981,2.611030,22.000000
15.635329,14.245478,51.686838,3320.496621,-0.041287,49.072009,6.999029,2.607322,22.000000
15.656514,14.270873,51.683630,3317.658432,-0.062213,49.130753,6.990223,2.604042,22.000000
15.677663,14.296269,51.679274,3314.826606,-0.083333,49.189493,6.982573,2.601192,22.000000
15.698753,14.321672,51.673080,3312.003893,-0.104721,49.248254,6.976755,2.599025,22.000000
15.719807,14.347079,51.665726,3309.186306,-0.126241,49.307029,6.972095,2.597289,22.000000
15.740824,14.372492,51.657207,3306.373597,-0.147887,49.365827,6.968593,2.595984,22.000000
15.761798,14.397909,51.647292,3303.566270,-0.169670,49.424668,6.966476,2.595196,22.000000
15.782714,14.423327,51.635725,3300.764385,-0.191561,49.483561,6.965986,2.595013,22.000000
15.803596,14.448748,51.622979,3297.965875,-0.213511,49.542505,6.966658,2.595263,22.000000
15.824445,14.474174,51.609053,3295.170484,-0.235511,49.601505,6.968491,2.595946,22.000000
15.845236,14.499606,51.593493,3292.378703,-0.257548,49.660594,6.971928,2.597227,22.000000
15.865989,14.525038,51.576502,3289.589311,-0.279585,49.719778,6.976770,2.599031,22.000000
15.886704,14.550473,51.558335,3286.801485,-0.301600,49.779044,6.982769,2.601265,22.000000
15.907378,14.575913,51.538993,3284.014958,-0.323578,49.838398,6.989923,2.603930,22.000000
15.927995,14.601352,51.517816,3281.229472,-0.345469,49.897910,6.998884,2.607269,22.000000
15.948574,14.626796,51.495453,3278.443990,-0.367272,49.957534,7.009019,2.611044,22.000000
15.969117,14.652245,51.471937,3275.658226,-0.388976,50.017274,7.020296,2.615245,22.000000
15.989617,14.677699,51.447080,3272.871691,-0.410547,50.077157,7.032897,2.619939,22.000000
16.010065,14.703153,51.420602,3270.083259,-0.431915,50.137230,7.047116,2.625236,22.000000
16.030476,14.728611,51.393006,3267.292941,-0.453115,50.197443,7.062456,2.630951,22.000000
16.050851,14.754072,51.364297,3264.500462,-0.474136,50.257801,7.078915,2.637082,22.000000
16.071176,14.779533,51.334093,3261.704376,-0.494891,50.318368,7.096874,2.643772,22.000000
16.091450,14.805000,51.302555,3258.904151,-0.515368,50.379147,7.116197,2.650971,22.000000
16.111689,14.830472,51.269952,3256.100155,-0.535603,50.440100,7.136608,2.658574,22.000000
16.131896,14.855948,51.236290,3253.292116,-0.555586,50.501232,7.158102,2.666581,22.000000
16.152039,14.881423,51.201045,3250.476885,-0.575139,50.562659,7.181240,2.675201,22.000000
16.172144,14.906904,51.164740,3247.656021,-0.594369,50.624294,7.205485,2.684233,22.000000
16.192210,14.932387,51.127444,3244.829512,-0.613281,50.686134,7.230773,2.693653,22.000000
16.212229,14.957870,51.089044,3241.996199,-0.631814,50.748217,7.257231,2.703509,22.000000
16.232202,14.983360,51.049270,3239.153163,-0.649827,50.810621,7.285165,2.713916,22.000000
16.252134,15.008855,51.008582,3236.302903,-0.667463,50.873256,7.314090,2.724691,22.000000
16.272026,15.034352,50.966994,3233.445155,-0.684711,50.936126,7.343996,2.735832,22.000000
16.291863,15.059850,50.924253,3230.576888,-0.701416,50.999317,7.375176,2.747447,22.000000
16.311671,15.085336,50.880802,3227.696704,-0.709237,51.019888,7.407175,2.759367,9.210060
16.331457,15.110813,50.837008,3224.806348,-0.714482,51.029681,7.439594,2.771445,0.000000
16.351220,15.136280,50.792975,3221.905415,-0.719242,51.039486,7.472326,2.783638,0.000000
16.370955,15.161719,50.748645,3218.988106,-0.723263,51.049292,7.505470,2.795985,0.000000
16.390670,15.187149,50.704142,3216.058754,-0.726740,51.059108,7.538864,2.808425,0.000000
16.410367,15.212565,50.659504,3213.118173,-0.729711,51.068930,7.572466,2.820943,0.000000
16.430044,15.237961,50.614745,3210.165057,-0.732122,51.078758,7.606273,2.833537,0.000000
16.449694,15.263336,50.569876,3207.194708,-0.733778,51.088599,7.640287,2.846208,0.000000
16.469321,15.288693,50.524980,3204.212612,-0.734918,51.098445,7.674399,2.858915,0.000000
16.488927,15.314034,50.480072,3201.218696,-0.735540,51.108295,7.708587,2.871652,0.000000
16.508509,15.339357,50.435181,3198.209355,-0.735489,51.118144,7.742832,2.884409,0.000000
16.528068,15.364662,50.390368,3195.184295,-0.734766,51.128011,7.777068,2.897163,0.000000
16.547608,15.389953,50.345647,3192.147077,-0.733523,51.137883,7.811263,2.909901,0.000000
16.567130,15.415230,50.301035,3189.097657,-0.731759,51.147754,7.845395,2.922616,0.000000
16.586625,15.440480,50.256648,3186.030071,-0.729224,51.157633,7.879366,2.935271,0.000000
16.606094,15.465715,50.212468,3182.948744,-0.726119,51.167516,7.913159,2.947860,0.000000
16.625543,15.490934,50.168500,3179.855070,-0.722502,51.177407,7.946763,2.960378,0.000000
16.644972,15.516133,50.124783,3176.748123,-0.718335,51.187307,7.980140,2.972812,0.000000
16.664367,15.541311,50.081489,3173.622405,-0.713390,51.197208,8.013112,2.985095,0.000000
16.683743,15.566471,50.038507,3170.484367,-0.707946,51.207117,8.045769,2.997261,0.000000
16.703100,15.591615,49.995855,3167.334036,-0.702007,51.217032,8.078090,3.009301,0.000000
16.722435,15.616741,49.953652,3164.168241,-0.695450,51.226947,8.109942,3.021167,0.000000
16.741739,15.641843,49.911979,3160.986265,-0.688249,51.236868,8.141229,3.032822,0.000000
16.761024,15.666929,49.870731,3157.792236,-0.680573,51.246797,8.172054,3.044305,0.000000
16.780289,15.692002,49.829923,3154.586209,-0.672428,51.256733,8.202395,3.055608,0.000000
16.799522,15.717048,49.789804,3151.362978,-0.663620,51.266670,8.231971,3.066626,0.000000
16.818734,15.742073,49.750265,3148.126413,-0.654306,51.276612,8.260887,3.077398,0.000000
16.837927,15.767083,49.711254,3144.878310,-0.644553,51.286556,8.289198,3.087944,0.000000
16.857101,15.792078,49.672810,3141.618260,-0.634347,51.296501,8.316855,3.098247,0.000000
16.876240,15.817044,49.635266,3138.340892,-0.623510,51.306459,8.343468,3.108161,0.000000
16.895356,15.841993,49.598329,3135.052616,-0.612276,51.316418,8.369363,3.117808,0.000000
16.914451,15.866923,49.562009,3131.753560,-0.600654,51.326378,8.394523,3.127181,0.000000
16.933523,15.891831,49.526473,3128.441466,-0.588575,51.336344,8.418741,3.136203,0.000000
16.952564,15.916720,49.491850,3125.115450,-0.576011,51.346316,8.441864,3.144816,0.000000
16.971586,15.941591,49.457918,3121.779490,-0.563108,51.356289,8.464151,3.153119,0.000000
16.990589,15.966444,49.424683,3118.433743,-0.549877,51.366263,8.485589,3.161105,0.000000
17.009559,15.991264,49.392461,3115.074566,-0.536210,51.376244,8.505774,3.168625,0.000000
17.028508,16.016068,49.361113,3111.704795,-0.522205,51.386230,8.524888,3.175745,0.000000
17.047436,16.040856,49.330518,3108.326256,-0.507929,51.396218,8.543069,3.182518,0.000000
17.066341,16.065625,49.300693,3104.939009,-0.493388,51.406205,8.560291,3.188933,0.000000
17.085209,16.090366,49.272094,3101.538961,-0.478479,51.416200,8.575977,3.194777,0.000000
17.104060,16.115092,49.244291,3098.131296,-0.463359,51.426195,8.590667,3.200250,0.000000
17.122890,16.139801,49.217288,3094.716224,-0.448042,51.436192,8.604353,3.205348,0.000000
17.141693,16.164483,49.191259,3091.292617,-0.432510,51.446195,8.616814,3.209990,0.000000
17.160464,16.189140,49.166373,3087.859871,-0.416769,51.456203,8.627838,3.214097,0.000000
17.179212,16.213778,49.142311,3084.420993,-0.400895,51.466213,8.637817,3.217814,0.000000
17.197938,16.238397,49.119073,3080.976210,-0.384899,51.476223,8.646746,3.221141,0.000000
17.216639,16.262992,49.096999,3077.523834,-0.368770,51.486232,8.654205,3.223919,0.000000
17.235312,16.287564,49.075932,3074.065578,-0.352564,51.496248,8.660386,3.226222,0.000000
17.253965,16.312118,49.055706,3070.602787,-0.336313,51.506267,8.665504,3.228128,0.000000
17.272600,16.336654,49.036325,3067.135700,-0.320031,51.516292,8.669557,3.229638,0.000000
17.291191,16.361154,49.018258,3063.662745,-0.303727,51.526309,8.671932,3.230523,0.000000
17.309764,16.385639,49.001044,3060.186618,-0.287451,51.536335,8.673236,3.231009,0.000000
17.328319,16.410108,48.984665,3056.707616,-0.271212,51.546366,8.673487,3.231102,0.000000
17.346852,16.434549,48.969258,3053.225649,-0.255032,51.556398,8.672510,3.230738,0.000000
17.365346,16.458971,48.955025,3049.740949,-0.238975,51.566429,8.670065,3.229827,0.000000
17.383821,16.483371,48.941604,3046.254816,-0.223020,51.576461,8.666601,3.228537,0.000000
17.402276,16.507750,48.928990,3042.767489,-0.207179,51.586495,8.662125,3.226869,0.000000
17.420700,16.532104,48.917465,3039.279155,-0.191530,51.596541,8.656293,3.224697,0.000000
17.439096,16.556436,48.906909,3035.790646,-0.176091,51.606581,8.649264,3.222078,0.000000
17.457471,16.580749,48.897127,3032.302360,-0.160834,51.616623,8.641280,3.219104,0.000000
17.475829,16.605044,48.888112,3028.814529,-0.145771,51.626669,8.632352,3.215778,0.000000
17.494151,16.629310,48.880259,3025.328257,-0.131056,51.636715,8.622008,3.211925,0.000000
17.512449,16.653553,48.873169,3021.843626,-0.116602,51.646766,8.610742,3.207728,0.000000
17.530724,16.677775,48.866798,3018.360810,-0.102409,51.656819,8.598612,3.203209,0.000000
17.548973,16.701976,48.861232,3014.880409,-0.088523,51.666873,8.585514,3.198330,0.000000
17.567196,16.726150,48.856654,3011.403858,-0.075069,51.676926,8.571244,3.193014,0.000000
17.585396,16.750306,48.852733,3007.930402,-0.061935,51.686983,8.556202,3.187410,0.000000
17.603573,16.774444,48.849459,3004.460244,-0.049129,51.697045,8.540404,3.181525,0.000000
17.621720,16.798558,48.847018,3000.994974,-0.036773,51.707113,8.523640,3.175280,0.000000
17.639839,16.822648,48.845328,2997.534947,-0.024879,51.717175,8.506018,3.168716,0.000000
17.657937,16.846717,48.844213,2994.079382,-0.013363,51.727242,8.487746,3.161909,0.000000
17.676017,16.870764,48.843662,2990.628466,-0.002232,51.737317,8.468843,3.154867,0.000000
17.694062,16.894791,48.843924,2987.185234,0.008280,51.747385,8.449048,3.147493,0.000000
17.712088,16.918792,48.844722,2983.747876,0.018351,51.757458,8.428673,3.139903,0.000000
17.730090,16.942773,48.846000,2980.316182,0.027995,51.767535,8.407783,3.132120,0.000000
17.748063,16.966734,48.847792,2976.891031,0.037145,51.777618,8.386348,3.124135,0.000000
17.766015,16.990667,48.850219,2973.475119,0.045639,51.787700,8.364261,3.115907,0.000000
17.783941,17.014582,48.853045,2970.065757,0.053669,51.797783,8.341779,3.107532,0.000000
17.801842,17.038479,48.856251,2966.663078,0.061231,51.807867,8.318922,3.099017,0.000000
17.819720,17.062352,48.859915,2963.269399,0.068173,51.817956,8.295623,3.090338,0.000000
17.837568,17.086202,48.863987,2959.885029,0.074490,51.828046,8.271952,3.081520,0.000000
17.855396,17.110033,48.868348,2956.508057,0.080316,51.838139,8.248027,3.072607,0.000000
17.873206,17.133846,48.872984,2953.138592,0.085648,51.848236,8.223870,3.063608,0.000000
17.890981,17.157624,48.877967,2949.780639,0.090230,51.858333,8.199433,3.054504,0.000000
17.908736,17.181387,48.883172,2946.431451,0.094253,51.868436,8.174843,3.045344,0.000000
17.926471,17.205135,48.888555,2943.090304,0.097768,51.878542,8.150139,3.036141,0.000000
17.944181,17.228862,48.894106,2939.757979,0.100733,51.888654,8.125339,3.026903,0.000000
17.961857,17.252555,48.899836,2936.438190,0.102911,51.898766,8.100478,3.017641,0.000000
17.979513,17.276234,48.905648,2933.126834,0.104577,51.908877,8.075618,3.008380,0.000000
17.997152,17.299897,48.911524,2929.823957,0.105728,51.918990,8.050780,2.999127,0.000000
18.014767,17.323537,48.917447,2926.531963,0.106217,51.929109,8.026008,2.989899,0.000000
18.032352,17.347147,48.923364,2923.251400,0.106022,51.939234,8.001365,2.980719,0.000000
18.049915,17.370740,48.929253,2919.979528,0.105315,51.949361,7.976852,2.971587,0.000000
18.067455,17.394320,48.935099,2916.716369,0.104096,51.959487,7.952487,2.962511,0.000000
18.084976,17.417872,48.940825,2913.465994,0.102129,51.969621,7.928390,2.953534,0.000000
18.102465,17.441404,48.946416,2910.225548,0.099592,51.979754,7.904548,2.944652,0.000000
18.119935,17.464918,48.951869,2906.993857,0.096552,51.989893,7.880953,2.935862,0.000000
18.137390,17.488412,48.957158,2903.771398,0.092983,52.000041,7.857637,2.927177,0.000000
18.154803,17.511885,48.962145,2900.562362,0.088653,52.010182,7.834788,2.918665,0.000000
18.172201,17.535336,48.966904,2897.361993,0.083843,52.020332,7.812277,2.910279,0.000000
18.189582,17.558767,48.971423,2894.170260,0.078555,52.030487,7.790118,2.902024,0.000000
18.206935,17.582182,48.975612,2890.989195,0.072676,52.040642,7.768425,2.893943,0.000000
18.224264,17.605571,48.979393,2887.819596,0.066167,52.050804,7.747283,2.886067,0.000000
18.241574,17.628942,48.982848,2884.658387,0.059202,52.060966,7.726574,2.878352,0.000000
18.258865,17.652295,48.985964,2881.505516,0.051788,52.071130,7.706310,2.870803,0.000000
18.276123,17.675622,48.988551,2878.364417,0.043745,52.081300,7.686719,2.863505,0.000000
18.293360,17.698933,48.990680,2875.232693,0.035208,52.091475,7.667709,2.856423,0.000000
18.310579,17.722227,48.992392,2872.108927,0.026251,52.101655,7.649213,2.849533,0.000000
18.327779,17.745503,48.993660,2868.993238,0.016868,52.111839,7.631256,2.842844,0.000000
18.344943,17.768750,48.994218,2865.889602,0.006868,52.122024,7.614164,2.836476,0.000000
18.362089,17.791983,48.994287,2862.793439,-0.003511,52.132213,7.597647,2.830323,0.000000
18.379216,17.815199,48.993859,2859.704654,-0.014265,52.142406,7.581713,2.824388,0.000000
18.396322,17.838388,48.992810,2856.624640,-0.025462,52.152606,7.566504,2.818722,0.000000
18.413402,17.861563,48.991023,2853.554268,-0.037139,52.162811,7.552148,2.813374,0.000000
18.430463,17.884719,48.988679,2850.490671,-0.049148,52.173017,7.538424,2.808261,0.000000
18.447506,17.907854,48.985770,2847.433737,-0.061483,52.183225,7.525341,2.803388,0.000000
18.464517,17.930969,48.982047,2844.385821,-0.074246,52.193446,7.513175,2.798855,0.000000
18.481511,17.954063,48.977600,2841.345236,-0.087358,52.203667,7.501809,2.794621,0.000000
18.498486,17.977141,48.972539,2838.310609,-0.100749,52.213888,7.491121,2.790640,0.000000
18.515438,18.000206,48.966861,2835.281813,-0.114410,52.224109,7.481119,2.786914,0.000000
18.532361,18.023241,48.960159,2832.261784,-0.128463,52.234345,7.472225,2.783601,0.000000
18.549266,18.046258,48.952800,2829.246957,-0.142750,52.244580,7.464044,2.780553,0.000000
18.566151,18.069259,48.944782,2826.237168,-0.157257,52.254819,7.456577,2.777771,0.000000
18.583009,18.092243,48.935974,2823.233108,-0.172002,52.265070,7.449962,2.775307,0.000000
18.599847,18.115208,48.926200,2820.235372,-0.187018,52.275320,7.444373,2.773225,0.000000
18.616668,18.138152,48.915732,2817.241824,-0.202199,52.285570,7.439519,2.771417,0.000000
18.633469,18.161075,48.904569,2814.252313,-0.217538,52.295822,7.435402,2.769883,0.000000
18.650240,18.183979,48.892447,2811.267930,-0.233077,52.306086,7.432302,2.768728,0.000000
18.666993,18.206867,48.879458,2808.287659,-0.248755,52.316351,7.430114,2.767913,0.000000
18.683727,18.229738,48.865756,2805.310504,-0.264537,52.326622,7.428675,2.767377,0.000000
18.700438,18.252590,48.851336,2802.336306,-0.280414,52.336901,7.427985,2.767120,0.000000
18.717121,18.275422,48.835790,2799.366114,-0.296412,52.347180,7.428467,2.767299,0.000000
18.733785,18.298234,48.819497,2796.398172,-0.312457,52.357464,7.429726,2.767769,0.000000
18.750431,18.321028,48.802482,2793.432221,-0.328540,52.367750,7.431738,2.768518,0.000000
18.767055,18.343801,48.784633,2790.468294,-0.344654,52.378037,7.434616,2.769590,0.000000
18.783660,18.366555,48.765745,2787.506296,-0.360782,52.388337,7.438572,2.771064,0.000000
18.800243,18.389294,48.746138,2784.545289,-0.376892,52.398638,7.443276,2.772816,0.000000
18.816805,18.412018,48.725814,2781.585101,-0.392973,52.408940,7.448723,2.774845,0.000000
18.833342,18.434711,48.704527,2778.625582,-0.408993,52.419248,7.455166,2.777245,0.000000
18.849856,18.457393,48.682359,2775.666160,-0.424938,52.429562,7.462528,2.779988,0.000000
18.866352,18.480059,48.659484,2772.706530,-0.440803,52.439878,7.470621,2.783003,0.000000
18.882829,18.502707,48.635902,2769.746517,-0.456576,52.450194,7.479440,2.786288,0.000000
18.899272,18.525327,48.611272,2766.785308,-0.472188,52.460517,7.489360,2.789984,0.000000
18.915699,18.547933,48.585911,2763.822805,-0.487649,52.470845,7.500034,2.793960,0.000000
18.932111,18.570522,48.559874,2760.858887,-0.502964,52.481177,7.511411,2.798198,0.000000
18.948503,18.593091,48.533087,2757.893125,-0.518110,52.491514,7.523573,2.802729,0.000000
18.964867,18.615634,48.505340,2754.924319,-0.532994,52.501859,7.536741,2.807634,0.000000
18.981214,18.638162,48.476950,2751.953071,-0.547683,52.512203,7.550581,2.812790,0.000000
18.997540,18.660676,48.447928,2748.979207,-0.562168,52.522550,7.565087,2.818194,0.000000
19.013837,18.683172,48.418095,2746.001504,-0.576359,52.532902,7.580453,2.823918,0.000000
19.030116,18.705645,48.387484,2743.019526,-0.590246,52.543254,7.596637,2.829947,0.000000
19.046375,18.728100,48.356280,2740.033919,-0.603876,52.553609,7.613445,2.836209,0.000000
19.062612,18.750536,48.324494,2737.044513,-0.617240,52.563969,7.630872,2.842701,0.000000
19.078829,18.772952,48.291872,2734.048867,-0.630186,52.574335,7.649199,2.849528,0.000000
19.095020,18.795348,48.258660,2731.048224,-0.642801,52.584702,7.668158,2.856591,0.000000
19.111194,18.817726,48.224920,2728.042814,-0.655106,52.595071,7.687685,2.863865,0.000000
19.127352,18.840084,48.190614,2725.031971,-0.667061,52.605445,7.707821,2.871366,0.000000
19.143476,18.862421,48.155576,2722.013111,-0.678509,52.615826,7.728754,2.879164,0.000000
19.159581,18.884741,48.120069,2718.988556,-0.689606,52.626207,7.750196,2.887152,0.000000
19.175670,18.907042,48.084106,2715.958156,-0.700344,52.636589,7.772136,2.895325,0.000000
19.191740,18.929320,48.047586,2712.919936,-0.710601,52.646978,7.794692,2.903728,0.000000
19.207781,18.951580,48.010532,2709.873260,-0.720355,52.657366,7.817839,2.912351,0.000000
19.223803,18.973822,47.973092,2706.819886,-0.729712,52.667758,7.841416,2.921134,0.000000
19.239805,18.996047,47.935275,2703.759675,-0.738665,52.678154,7.865412,2.930073,0.000000
19.255774,19.018244,47.896941,2700.688979,-0.747007,52.688550,7.889981,2.939226,0.000000
19.271727,19.040426,47.858258,2697.609930,-0.754865,52.698951,7.914953,2.948528,0.000000
19.287665,19.062590,47.819276,2694.523282,-0.762290,52.709354,7.940265,2.957958,0.000000
19.303582,19.084729,47.779988,2691.428384,-0.769247,52.719757,7.965923,2.967516,0.000000
19.319465,19.106848,47.740308,2688.321215,-0.775512,52.730160,7.992023,2.977239,0.000000
19.335330,19.128948,47.700411,2685.205768,-0.781317,52.740567,8.018380,2.987057,0.000000
19.351176,19.151030,47.660309,2682.081940,-0.786658,52.750978,8.044977,2.996965,0.000000
19.366999,19.173089,47.619971,2678.947405,-0.791415,52.761388,8.071844,3.006974,0.000000
19.382798,19.195130,47.579438,2675.801108,-0.795523,52.771798,8.098950,3.017072,0.000000
19.398578,19.217150,47.538775,2672.645881,-0.799149,52.782212,8.126205,3.027225,0.000000
19.414339,19.239149,47.497995,2669.481639,-0.802294,52.792630,8.153592,3.037427,0.000000
19.430068,19.261128,47.457097,2666.304173,-0.804735,52.803047,8.181120,3.047682,0.000000
19.445775,19.283081,47.416151,2663.115942,-0.806601,52.813465,8.208714,3.057962,0.000000
19.461464,19.305016,47.375177,2659.918289,-0.807974,52.823885,8.236341,3.068254,0.000000
19.477134,19.326937,47.334184,2656.710816,-0.808841,52.834310,8.263985,3.078552,0.000000
19.492776,19.348822,47.293227,2653.488360,-0.808924,52.844728,8.291586,3.088834,0.000000
19.508399,19.370693,47.252327,2650.256200,-0.808513,52.855150,8.319118,3.099090,0.000000
19.524003,19.392548,47.211499,2647.014307,-0.807609,52.865575,8.346565,3.109315,0.000000
19.539578,19.414382,47.170783,2643.760449,-0.806101,52.876000,8.373873,3.119488,0.000000
19.555129,19.436184,47.130236,2640.493111,-0.803910,52.886425,8.400966,3.129581,0.000000
19.570657,19.457966,47.089841,2637.215923,-0.801232,52.896850,8.427870,3.139603,0.000000
19.586164,19.479731,47.049612,2633.928881,-0.798070,52.907275,8.454565,3.149548,0.000000
19.601645,19.501469,47.009661,2630.627925,-0.794231,52.917699,8.480916,3.159364,0.000000
19.617104,19.523186,46.969969,2627.315344,-0.789824,52.928124,8.506929,3.169055,0.000000
19.632545,19.544885,46.930524,2623.992968,-0.784948,52.938549,8.532631,3.178629,0.000000
19.647967,19.566566,46.891345,2620.660767,-0.779608,52.948974,8.558001,3.188081,0.000000
19.663353,19.588217,46.852616,2617.313153,-0.773542,52.959399,8.582782,3.197312,0.000000
19.678717,19.609845,46.814206,2613.955946,-0.767029,52.969824,8.607150,3.206390,0.000000
19.694061,19.631453,46.776128,2610.589199,-0.760074,52.980249,8.631090,3.215308,0.000000
19.709388,19.653038,46.738464,2607.211160,-0.752607,52.990674,8.654490,3.224025,0.000000
19.724684,19.674598,46.701325,2603.820091,-0.744551,53.001092,8.677201,3.232486,0.000000
19.739957,19.696140,46.664583,2600.419860,-0.736089,53.011514,8.699389,3.240751,0.000000
19.755208,19.717663,46.628249,2597.010548,-0.727229,53.021938,8.721040,3.248817,0.000000
19.770434,19.739154,46.592509,2593.588915,-0.717839,53.032355,8.741908,3.256591,0.000000
19.785638,19.760617,46.557322,2590.156751,-0.708005,53.042773,8.762048,3.264093,0.000000
19.800820,19.782063,46.522601,2586.716056,-0.697814,53.053191,8.781566,3.271365,0.000000
19.815980,19.803495,46.488352,2583.266937,-0.687272,53.063608,8.800451,3.278399,0.000000
19.831103,19.824891,46.454884,2579.805011,-0.676221,53.074026,8.818291,3.285045,0.000000
19.846209,19.846264,46.421946,2576.335043,-0.664856,53.084439,8.835421,3.291427,0.000000
19.861295,19.867616,46.389531,2572.857358,-0.653192,53.094849,8.851846,3.297546,0.000000
19.876361,19.888947,46.357739,2569.370896,-0.641194,53.105259,8.867434,3.303352,0.000000
19.891394,19.910245,46.326738,2565.874139,-0.628829,53.115670,8.881957,3.308763,0.000000
19.906404,19.931523,46.296301,2562.370491,-0.616224,53.126076,8.895717,3.313889,0.000000
19.921392,19.952784,46.266434,2558.860100,-0.603388,53.136479,8.908708,3.318728,0.000000
19.936355,19.974020,46.237344,2555.340972,-0.590268,53.146883,8.920638,3.323172,0.000000
19.951296,19.995222,46.208993,2551.814305,-0.576914,53.157286,8.931573,3.327246,0.000000
19.966216,20.016405,46.181239,2548.281837,-0.563395,53.167686,8.941699,3.331018,0.000000
19.981112,20.037574,46.154084,2544.743733,-0.549721,53.178081,8.951010,3.334487,0.000000
19.995974,20.058701,46.127872,2541.197562,-0.535843,53.188477,8.959052,3.337483,0.000000
20.010816,20.079808,46.102301,2537.646325,-0.521854,53.198868,8.966217,3.340152,0.000000
20.025638,20.100897,46.077342,2534.090484,-0.507775,53.209257,8.972547,3.342510,0.000000
20.040434,20.121966,46.053083,2530.529692,-0.493613,53.219645,8.977929,3.344515,0.000000
20.055203,20.142994,46.029731,2526.963196,-0.479384,53.230034,8.982087,3.346064,0.000000
20.069950,20.164007,46.007001,2523.393189,-0.465129,53.240418,8.985409,3.347301,0.000000
20.084675,20.185002,45.984889,2519.819856,-0.450860,53.250798,8.987895,3.348227,0.000000
20.099368,20.205962,45.963588,2516.242571,-0.436603,53.261172,8.989281,3.348744,0.000000
20.114039,20.226897,45.943071,2512.662090,-0.422393,53.271546,8.989617,3.348869,0.000000
20.128689,20.247812,45.923165,2509.079414,-0.408238,53.281920,8.989136,3.348690,0.000000
20.143315,20.268704,45.903866,2505.494734,-0.394149,53.292294,8.987841,3.348207,0.000000
20.157915,20.289561,45.885471,2501.907665,-0.380198,53.302660,8.985336,3.347274,0.000000
20.172489,20.310393,45.867715,2498.319408,-0.366380,53.313022,8.981979,3.346023,0.000000
20.187041,20.331205,45.850544,2494.730277,-0.352698,53.323381,8.977845,3.344484,0.000000
20.201567,20.351996,45.834014,2491.140440,-0.339177,53.333741,8.972864,3.342628,0.000000
20.216066,20.372754,45.818335,2487.550351,-0.325921,53.344100,8.966771,3.340358,0.000000
20.230543,20.393493,45.803211,2483.960498,-0.312860,53.354455,8.959952,3.337818,0.000000
20.244999,20.414210,45.788635,2480.371067,-0.300004,53.364806,8.952417,3.335011,0.000000
20.259430,20.434893,45.774749,2476.782592,-0.287437,53.375151,8.943981,3.331868,0.000000
20.273832,20.455551,45.761542,2473.195652,-0.275198,53.385495,8.934674,3.328401,0.000000
20.288215,20.476188,45.748840,2469.610194,-0.263226,53.395837,8.924717,3.324692,0.000000
20.302578,20.496802,45.736634,2466.026394,-0.251530,53.406174,8.914125,3.320746,0.000000
20.316908,20.517383,45.725145,2462.445605,-0.240267,53.416512,8.902630,3.316464,0.000000
20.331212,20.537942,45.714165,2458.867537,-0.229361,53.426844,8.890496,3.311944,0.000000
20.345496,20.558482,45.703631,2455.292117,-0.218783,53.437175,8.877804,3.307216,0.000000
20.359760,20.578996,45.693563,2451.719742,-0.208570,53.447505,8.864531,3.302271,0.000000
20.373989,20.599477,45.684127,2448.152255,-0.198898,53.457835,8.850491,3.297041,0.000000
20.388200,20.619934,45.675077,2444.588320,-0.189599,53.468157,8.835981,3.291635,0.000000
20.402391,20.640369,45.666403,2441.028079,-0.180682,53.478474,8.821016,3.286060,0.000000
20.416553,20.660782,45.658186,2437.472802,-0.172268,53.488797,8.805508,3.280284,0.000000
20.430685,20.681165,45.650418,2433.923201,-0.164389,53.499108,8.789481,3.274313,0.000000
20.444797,20.701524,45.642962,2430.378090,-0.156933,53.509419,8.773093,3.268208,0.000000
20.458891,20.721861,45.635804,2426.837590,-0.149906,53.519734,8.756359,3.261974,0.000000
20.472959,20.742172,45.629051,2423.304146,-0.143502,53.530035,8.739175,3.255573,0.000000
20.487000,20.762451,45.622585,2419.776585,-0.137616,53.540341,8.721681,3.249056,0.000000
20.501021,20.782711,45.616351,2416.254304,-0.132184,53.550644,8.703939,3.242446,0.000000
20.515023,20.802956,45.610340,2412.737660,-0.127230,53.560938,8.685957,3.235748,0.000000
20.528990,20.823159,45.604627,2409.229737,-0.123006,53.571239,8.667682,3.228940,0.000000
20.542938,20.843343,45.599076,2405.727649,-0.119252,53.581536,8.649256,3.222075,0.000000
20.556866,20.863507,45.593671,2402.231476,-0.115973,53.591828,8.630695,3.215161,0.000000
20.570766,20.883643,45.588419,2398.742748,-0.113292,53.602114,8.612001,3.208197,0.000000
20.584641,20.903748,45.583303,2395.262465,-0.111264,53.612401,8.593212,3.201198,0.000000
20.598494,20.923833,45.578260,2391.788508,-0.109727,53.622687,8.574385,3.194184,0.000000
20.612325,20.943900,45.573276,2388.320934,-0.108683,53.632973,8.555535,3.187162,0.000000
20.626130,20.963933,45.568344,2384.862585,-0.108341,53.643252,8.536697,3.180144,0.000000
20.639909,20.983941,45.563412,2381.411980,-0.108572,53.653532,8.517915,3.173147,0.000000
20.653669,21.003927,45.558467,2377.968024,-0.109294,53.663811,8.499201,3.166176,0.000000
20.667416,21.023896,45.553498,2374.530852,-0.110518,53.674090,8.480572,3.159236,0.000000
20.681120,21.043835,45.548443,2371.104351,-0.112514,53.684362,8.462132,3.152367,0.000000
20.694810,21.063748,45.543302,2367.684649,-0.114994,53.694629,8.443848,3.145556,0.000000
20.708482,21.083636,45.538061,2364.271757,-0.117957,53.704896,8.425732,3.138807,0.000000
20.722127,21.103502,45.532678,2360.867077,-0.121498,53.715168,8.407844,3.132143,0.000000
20.735746,21.123343,45.527091,2357.471903,-0.125699,53.725433,8.390266,3.125595,0.000000
20.749344,21.143162,45.521339,2354.083555,-0.130372,53.735698,8.372935,3.119139,0.000000
20.762921,21.162958,45.515411,2350.702022,-0.135514,53.745962,8.355865,3.112780,0.000000
20.776478,21.182723,45.509197,2347.329928,-0.141298,53.756219,8.339192,3.106568,0.000000
20.790003,21.202465,45.502708,2343.965934,-0.147616,53.766477,8.322896,3.100498,0.000000
20.803508,21.222189,45.495977,2340.608631,-0.154376,53.776734,8.306932,3.094551,0.000000
20.817000,21.241895,45.488994,2337.257990,-0.161580,53.786991,8.291310,3.088731,0.000000
20.830463,21.261565,45.481563,2333.917732,-0.169463,53.797249,8.276271,3.083129,0.000000
20.843902,21.281211,45.473822,2330.584041,-0.177767,53.807501,8.261633,3.077676,0.000000
20.857321,21.300839,45.465767,2327.256769,-0.186479,53.817751,8.247398,3.072373,0.000000
20.870718,21.320450,45.457331,2323.936938,-0.195658,53.828002,8.233655,3.067253,0.000000
20.884083,21.340022,45.448388,2320.625921,-0.205389,53.838252,8.220538,3.062367,0.000000
20.897432,21.359575,45.439078,2317.320981,-0.215493,53.848498,8.207879,3.057651,0.000000
20.910766,21.379109,45.429391,2314.022052,-0.225965,53.858742,8.195687,3.053109,0.000000
20.924069,21.398619,45.419163,2310.731128,-0.236921,53.868992,8.184151,3.048812,0.000000
20.937349,21.418100,45.408434,2307.447209,-0.248295,53.879236,8.173231,3.044744,0.000000
20.950610,21.437561,45.397280,2304.168852,-0.259995,53.889479,8.162822,3.040866,0.000000
20.963854,21.457004,45.385692,2300.895979,-0.272014,53.899722,8.152931,3.037181,0.000000
20.977069,21.476419,45.373402,2297.631281,-0.284500,53.909965,8.143865,3.033804,0.000000
20.990265,21.495810,45.360635,2294.371855,-0.297278,53.920203,8.135370,3.030640,0.000000
21.003443,21.515180,45.347399,2291.117368,-0.310328,53.930438,8.127428,3.027681,0.000000
21.016599,21.534529,45.333608,2287.868377,-0.323682,53.940674,8.120125,3.024960,0.000000
21.029723,21.553845,45.319115,2284.625992,-0.337380,53.950909,8.113649,3.022548,0.000000
21.042828,21.573142,45.304114,2281.387937,-0.351304,53.961145,8.107753,3.020351,0.000000
21.055915,21.592421,45.288603,2278.154102,-0.365444,53.971380,8.102439,3.018372,0.000000
21.068985,21.611675,45.272415,2274.925626,-0.379847,53.981616,8.097910,3.016685,0.000000
21.082025,21.630901,45.255565,2271.701854,-0.394474,53.991845,8.094133,3.015277,0.000000
21.095046,21.650107,45.238186,2268.481623,-0.409265,54.002077,8.090955,3.014094,0.000000
21.108049,21.669294,45.220276,2265.264816,-0.424208,54.012312,8.088380,3.013134,0.000000
21.121023,21.688454,45.201546,2262.052789,-0.439347,54.022540,8.086726,3.012518,0.000000
21.133978,21.707589,45.182237,2258.843800,-0.454608,54.032768,8.085726,3.012146,0.000000
21.146915,21.726703,45.162385,2255.637488,-0.469970,54.042997,8.085336,3.012000,0.000000
21.159832,21.745798,45.141921,2252.433977,-0.485429,54.053225,8.085627,3.012109,0.000000
21.172721,21.764865,45.120646,2249.233719,-0.500976,54.063446,8.086821,3.012554,0.000000
21.185588,21.783909,45.098822,2246.035364,-0.516570,54.073667,8.088626,3.013226,0.000000
21.198435,21.802933,45.076450,2242.838778,-0.532199,54.083890,8.091040,3.014125,0.000000
21.211264,21.821932,45.053364,2239.644191,-0.547840,54.094118,8.094245,3.015319,0.000000
21.224069,21.840908,45.029575,2236.451146,-0.563481,54.104340,8.098230,3.016804,0.000000
21.236856,21.859862,45.005243,2233.259060,-0.579100,54.114558,8.102816,3.018512,0.000000
21.249625,21.878794,44.980367,2230.067797,-0.594684,54.124772,8.107999,3.020443,0.000000
21.262359,21.897699,44.954687,2226.877291,-0.610187,54.134993,8.114066,3.022703,0.000000
21.275078,21.916584,44.928417,2223.686971,-0.625609,54.145209,8.120778,3.025204,0.000000
21.287781,21.935448,44.901620,2220.496641,-0.640943,54.155422,8.128071,3.027920,0.000000
21.300465,21.954287,44.874257,2217.306112,-0.656169,54.165636,8.135988,3.030869,0.000000
21.313113,21.973098,44.846108,2214.114798,-0.671209,54.175850,8.144758,3.034137,0.000000
21.325748,21.991892,44.817455,2210.922636,-0.686108,54.186059,8.154084,3.037611,0.000000
21.338365,22.010665,44.788301,2207.729488,-0.700859,54.196267,8.163960,3.041290,0.000000
21.350954,22.029410,44.758512,2204.534792,-0.715400,54.206481,8.174525,3.045226,0.000000
21.363524,22.048130,44.728089,2201.338026,-0.729687,54.216688,8.185786,3.049421,0.000000
21.376075,22.066832,44.697190,2198.139453,-0.743772,54.226891,8.197564,3.053808,0.000000
21.388603,22.085515,44.665820,2194.938938,-0.757649,54.237091,8.209851,3.058386,0.000000
21.401111,22.104165,44.633795,2191.735151,-0.771192,54.247297,8.222862,3.063233,0.000000
21.413594,22.122794,44.601262,2188.528449,-0.784456,54.257499,8.236414,3.068281,0.000000
21.426059,22.141402,44.568299,2185.318999,-0.797460,54.267698,8.250433,3.073504,0.000000
21.438509,22.159986,44.534897,2182.106491,-0.810179,54.277897,8.264936,3.078906,0.000000
21.450924,22.178542,44.500869,2178.889026,-0.822456,54.288089,8.280114,3.084560,0.000000
21.463325,22.197080,44.466452,2175.668045,-0.834428,54.298281,8.295710,3.090370,0.000000
21.475708,22.215598,44.431655,2172.443424,-0.846088,54.308472,8.311714,3.096332,0.000000
21.488064,22.234088,44.396410,2169.214030,-0.857351,54.318664,8.328210,3.102477,0.000000
21.500395,22.252552,44.360690,2165.979049,-0.868150,54.328850,8.345206,3.108809,0.000000
21.512711,22.270995,44.324642,2162.739714,-0.878604,54.339034,8.362554,3.115271,0.000000
21.525011,22.289416,44.288276,2159.495910,-0.888706,54.349218,8.380244,3.121861,0.000000
21.537279,22.307811,44.251472,2156.245367,-0.898271,54.359395,8.398393,3.128622,0.000000
21.549526,22.326179,44.214343,2152.989049,-0.907395,54.369573,8.416883,3.135510,0.000000
21.561755,22.344527,44.176949,2149.727618,-0.916132,54.379747,8.435651,3.142502,0.000000
21.573964,22.362857,44.139293,2146.460829,-0.924467,54.389917,8.454691,3.149595,0.000000
21.586146,22.381157,44.101271,2143.185460,-0.932156,54.400087,8.474104,3.156827,0.000000
21.598308,22.399430,44.063042,2139.904403,-0.939433,54.410253,8.493726,3.164137,0.000000
21.610453,22.417682,44.024615,2136.617569,-0.946293,54.420415,8.513544,3.171519,0.000000
21.622575,22.435916,43.985961,2133.323564,-0.952631,54.430578,8.533578,3.178982,0.000000
21.634672,22.454113,43.947092,2130.021124,-0.958363,54.440734,8.553815,3.186521,0.000000
21.646751,22.472289,43.908085,2126.712429,-0.963660,54.450890,8.574174,3.194105,0.000000
21.658811,22.490447,43.868951,2123.397409,-0.968520,54.461044,8.594642,3.201730,0.000000
21.670838,22.508580,43.829662,2120.073324,-0.972745,54.471192,8.615226,3.209399,0.000000
21.682850,22.526685,43.790276,2116.741354,-0.976431,54.481335,8.635871,3.217089,0.000000
21.694842,22.544767,43.750827,2113.402689,-0.979664,54.491476,8.656548,3.224792,0.000000
21.706811,22.562827,43.711327,2110.057273,-0.982445,54.501616,8.677241,3.232501,0.000000
21.718759,22.580858,43.671776,2106.700952,-0.984500,54.511750,8.697911,3.240201,0.000000
21.730683,22.598861,43.632216,2103.337631,-0.986095,54.521879,8.718531,3.247882,0.000000
21.742587,22.616842,43.592663,2099.967314,-0.987234,54.532003,8.739088,3.255540,0.000000
21.754469,22.634807,43.553141,2096.588663,-0.987831,54.542122,8.759549,3.263162,0.000000
21.766325,22.652733,43.513684,2093.199998,-0.987784,54.552241,8.779846,3.270724,0.000000
21.778159,22.670639,43.474295,2089.804194,-0.987287,54.562356,8.800000,3.278232,0.000000
21.789972,22.688526,43.434983,2086.401239,-0.986343,54.572467,8.819998,3.285681,0.000000
21.801767,22.706382,43.395797,2082.988458,-0.984784,54.582571,8.839747,3.293038,0.000000
21.813533,22.724210,43.356762,2079.566921,-0.982689,54.592670,8.859233,3.300297,0.000000
21.825283,22.742015,43.317864,2076.138229,-0.980158,54.602764,8.878485,3.307469,0.000000
21.837018,22.759797,43.279113,2072.702390,-0.977193,54.612854,8.897489,3.314549,0.000000
21.848718,22.777543,43.240618,2069.255457,-0.973572,54.622944,8.916059,3.321466,0.000000
21.860394,22.795271,43.202323,2065.801233,-0.969522,54.633024,8.934309,3.328265,0.000000
21.872052,22.812978,43.164227,2062.339994,-0.965063,54.643100,8.952238,3.334944,0.000000
21.883693,22.830659,43.126374,2058.870710,-0.960146,54.653175,8.969775,3.341477,0.000000
21.895302,22.848300,43.088850,2055.391517,-0.954669,54.663237,8.986784,3.347813,0.000000
21.906892,22.865922,43.051577,2051.905549,-0.948816,54.673298,9.003401,3.354004,0.000000
21.918463,22.883524,43.014563,2048.412859,-0.942592,54.683357,9.019617,3.360045,0.000000
21.930010,22.901096,42.977904,2044.911273,-0.935890,54.693410,9.035266,3.365874,0.000000
21.941534,22.918639,42.941612,2041.401588,-0.928758,54.703452,9.050356,3.371496,0.000000
21.953036,22.936159,42.905618,2037.885542,-0.921296,54.713491,9.064984,3.376945,0.000000
21.964516,22.953656,42.869927,2034.363206,-0.913511,54.723529,9.079139,3.382218,0.000000
21.975969,22.971118,42.834726,2030.831526,-0.905265,54.733554,9.092541,3.387211,0.000000
21.987401,22.988556,42.799884,2027.293571,-0.896712,54.743573,9.105396,3.392000,0.000000
21.998816,23.005971,42.765385,2023.749816,-0.887882,54.753590,9.117730,3.396594,0.000000
22.010209,23.023361,42.731276,2020.199668,-0.878754,54.763607,9.129465,3.400966,0.000000
22.021570,23.040710,42.697698,2016.641522,-0.869276,54.773611,9.140395,3.405037,0.000000
22.032911,23.058040,42.664489,2013.078156,-0.859573,54.783609,9.150762,3.408900,0.000000
22.044234,23.075350,42.631653,2009.509677,-0.849654,54.793601,9.160562,3.412550,0.000000
22.055533,23.092630,42.599314,2005.934731,-0.839477,54.803582,9.169605,3.415919,0.000000
22.066803,23.109875,42.567479,2002.353829,-0.829077,54.813563,9.177895,3.419007,0.000000
22.078053,23.127096,42.536038,1998.768480,-0.818522,54.823537,9.185591,3.421874,0.000000
22.089285,23.144294,42.504990,1995.178804,-0.807824,54.833503,9.192691,3.424519,0.000000
22.100490,23.161465,42.474546,1991.583037,-0.796940,54.843469,9.198884,3.426826,0.000000
22.111669,23.178606,42.444541,1987.983178,-0.785946,54.853420,9.204414,3.428886,0.000000
22.122828,23.195719,42.414943,1984.379734,-0.774868,54.863364,9.209334,3.430719,0.000000
22.133967,23.212803,42.385796,1980.772536,-0.763714,54.873308,9.213586,3.432303,0.000000
22.145078,23.229859,42.357265,1977.160694,-0.752492,54.883245,9.216922,3.433546,0.000000
22.156171,23.246892,42.329141,1973.546050,-0.741245,54.893174,9.219649,3.434562,0.000000
22.167245,23.263902,42.301424,1969.928743,-0.729985,54.903095,9.221769,3.435352,0.000000
22.178289,23.280876,42.274229,1966.308316,-0.718737,54.913009,9.223113,3.435852,0.000000
22.189309,23.297820,42.247567,1962.685151,-0.707531,54.922912,9.223671,3.436060,0.000000
22.200308,23.314738,42.221305,1959.060146,-0.696376,54.932813,9.223637,3.436047,0.000000
22.211284,23.331630,42.195441,1955.433442,-0.685285,54.942712,9.223012,3.435815,0.000000
22.222234,23.348495,42.170162,1951.804673,-0.674321,54.952598,9.221534,3.435264,0.000000
22.233163,23.365329,42.145319,1948.174725,-0.663480,54.962474,9.219417,3.434476,0.000000
22.244073,23.382138,42.120862,1944.543904,-0.652761,54.972345,9.216740,3.433478,0.000000
22.254964,23.398923,42.096814,1940.912323,-0.642183,54.982216,9.213471,3.432260,0.000000
22.265821,23.415673,42.073325,1937.280191,-0.631856,54.992073,9.209378,3.430736,0.000000
22.276658,23.432396,42.050202,1933.648009,-0.621712,55.001926,9.204763,3.429016,0.000000
22.287476,23.449094,42.027438,1930.015917,-0.611758,55.011772,9.199632,3.427105,0.000000
22.298265,23.465770,42.005109,1926.384220,-0.602061,55.021607,9.193872,3.424959,0.000000
22.309036,23.482408,41.983234,1922.753374,-0.592677,55.031436,9.187466,3.422573,0.000000
22.319783,23.499020,41.961683,1919.123417,-0.583540,55.041260,9.180594,3.420013,0.000000
22.330504,23.515604,41.940451,1915.494479,-0.574658,55.051079,9.173266,3.417283,0.000000
22.341206,23.532156,41.919666,1911.867386,-0.566179,55.060892,9.165308,3.414318,0.000000
22.351881,23.548681,41.899219,1908.242127,-0.558036,55.070695,9.156876,3.411177,0.000000
22.362537,23.565184,41.879054,1904.618628,-0.550196,55.080491,9.148045,3.407888,0.000000
22.373173,23.581663,41.859173,1900.997094,-0.542678,55.090282,9.138815,3.404449,0.000000
22.383780,23.598106,41.839698,1897.378957,-0.535679,55.100066,9.129023,3.400801,0.000000
22.394366,23.614522,41.820462,1893.763278,-0.529032,55.109841,9.118898,3.397029,0.000000
22.404931,23.630912,41.801458,1890.150165,-0.522741,55.119608,9.108450,3.393137,0.000000
22.415480,23.647274,41.782728,1886.540396,-0.516891,55.129370,9.097630,3.389107,0.000000
22.425997,23.663599,41.764280,1882.934716,-0.511567,55.139126,9.086432,3.384935,0.000000
22.436492,23.679903,41.746016,1879.332220,-0.506634,55.148874,9.074981,3.380669,0.000000
22.446964,23.696187,41.727928,1875.733004,-0.502097,55.158614,9.063288,3.376313,0.000000
22.457411,23.712433,41.710073,1872.138672,-0.498134,55.168354,9.051289,3.371843,0.000000
22.467842,23.728652,41.692379,1868.548695,-0.494662,55.178083,9.039069,3.367291,0.000000
22.478251,23.744845,41.674815,1864.962519,-0.491612,55.187803,9.026679,3.362676,0.000000
22.488632,23.761011,41.657374,1861.380251,-0.488990,55.197514,9.014132,3.358001,0.000000
22.498991,23.777147,41.640086,1857.804451,-0.487064,55.207225,9.001382,3.353252,0.000000
22.509332,23.793256,41.622876,1854.232899,-0.485581,55.216927,8.988534,3.348466,0.000000
22.519653,23.809338,41.605734,1850.665662,-0.484544,55.226622,8.975602,3.343648,0.000000
22.529947,23.825387,41.588658,1847.103690,-0.484041,55.236311,8.962589,3.338800,0.000000
22.540215,23.841410,41.571627,1843.548085,-0.484172,55.245994,8.949523,3.333933,0.000000
22.550465,23.857408,41.554609,1839.997134,-0.484759,55.255668,8.936442,3.329060,0.000000
22.560696,23.873379,41.537596,1836.450887,-0.485803,55.265334,8.923359,3.324186,0.000000
22.570895,23.889319,41.520571,1832.911273,-0.487478,55.274994,8.910304,3.319323,0.000000
22.581078,23.905231,41.503502,1829.377581,-0.489713,55.284649,8.897307,3.314481,0.000000
22.591241,23.921120,41.486387,1825.848827,-0.492407,55.294299,8.884375,3.309664,0.000000
22.601381,23.936987,41.469222,1822.325047,-0.495558,55.303944,8.871520,3.304875,0.000000
22.611493,23.952817,41.451934,1818.809175,-0.499419,55.313582,8.858827,3.300146,0.000000
22.621586,23.968619,41.434544,1815.298511,-0.503748,55.323216,8.846266,3.295467,0.000000
22.631660,23.984396,41.417047,1811.792951,-0.508528,55.332843,8.833845,3.290840,0.000000
22.641714,24.000147,41.399417,1808.293361,-0.513824,55.342459,8.821604,3.286280,0.000000
22.651741,24.015864,41.381591,1804.801116,-0.519754,55.352069,8.809619,3.281815,0.000000
22.661750,24.031559,41.363609,1801.314018,-0.526120,55.361678,8.797833,3.277424,0.000000
22.671740,24.047231,41.345463,1797.832069,-0.532919,55.371284,8.786256,3.273112,0.000000
22.681698,24.062872,41.327075,1794.357066,-0.540298,55.380879,8.774984,3.268912,0.000000
22.691640,24.078479,41.308444,1790.888407,-0.548189,55.390462,8.764019,3.264828,0.000000
22.701562,24.094064,41.289607,1787.424831,-0.556491,55.400042,8.753315,3.260840,0.000000
22.711462,24.109631,41.270558,1783.966321,-0.565203,55.409621,8.742881,3.256953,0.000000
22.721340,24.125156,41.251144,1780.515549,-0.574520,55.419194,8.732890,3.253231,0.000000
22.731195,24.140656,41.231469,1777.069990,-0.584238,55.428762,8.723222,3.249630,0.000000
22.741030,24.156133,41.211541,1773.629344,-0.594330,55.438323,8.713869,3.246145,0.000000
22.750851,24.171585,41.191318,1770.194219,-0.604842,55.447873,8.704883,3.242798,0.000000
22.760638,24.187003,41.170681,1766.766058,-0.615868,55.457424,8.696395,3.239636,0.000000
22.770406,24.202399,41.149753,1763.342586,-0.627238,55.466967,8.688260,3.236605,0.000000
22.780155,24.217771,41.128527,1759.923752,-0.638944,55.476502,8.680485,3.233709,0.000000
22.789881,24.233114,41.106891,1756.510927,-0.651074,55.486031,8.673199,3.230995,0.000000
22.799589,24.248427,41.084853,1753.103727,-0.663593,55.495560,8.666399,3.228462,0.000000
22.809277,24.263714,41.062488,1749.700848,-0.676403,55.505082,8.659991,3.226074,0.000000
22.818943,24.278975,41.039788,1746.302230,-0.689495,55.514596,8.653977,3.223834,0.000000
22.828581,24.294208,41.016571,1742.909847,-0.703001,55.524103,8.648576,3.221822,0.000000
22.838204,24.309416,40.992967,1739.521751,-0.716775,55.533605,8.643623,3.219977,0.000000
22.847809,24.324600,40.969007,1736.137533,-0.730787,55.543103,8.639088,3.218288,0.000000
22.857389,24.339752,40.944653,1732.757505,-0.745051,55.552595,8.635021,3.216772,0.000000
22.866949,24.354878,40.919748,1729.382841,-0.759628,55.562088,8.631593,3.215495,0.000000
22.876486,24.369977,40.894465,1726.011610,-0.774399,55.571572,8.628599,3.214380,0.000000
22.886004,24.385052,40.868802,1722.643733,-0.789354,55.581048,8.626042,3.213427,0.000000
22.895503,24.400103,40.842648,1719.280017,-0.804521,55.590519,8.624053,3.212687,0.000000
22.904973,24.415118,40.815990,1715.920213,-0.819879,55.599983,8.622641,3.212160,0.000000
22.914427,24.430112,40.788942,1712.563268,-0.835370,55.609444,8.621673,3.211800,0.000000
22.923866,24.445087,40.761506,1709.209094,-0.850986,55.618899,8.621150,3.211605,0.000000
22.933279,24.460022,40.733488,1705.858732,-0.866751,55.628348,8.621288,3.211657,0.000000
22.942671,24.474936,40.705027,1702.510983,-0.882602,55.637791,8.621922,3.211893,0.000000
22.952044,24.489827,40.676169,1699.165463,-0.898524,55.647230,8.623001,3.212295,0.000000
22.961398,24.504688,40.646883,1695.822218,-0.914515,55.656665,8.624559,3.212875,0.000000
22.970725,24.519522,40.617000,1692.481840,-0.930554,55.666085,8.626787,3.213705,0.000000
22.980033,24.534329,40.586720,1689.143120,-0.946609,55.675504,8.629454,3.214699,0.000000
22.989324,24.549110,40.556045,1685.805962,-0.962669,55.684923,8.632557,3.215855,0.000000
22.998598,24.563863,40.524879,1682.470570,-0.978718,55.694335,8.636208,3.217215,0.000000
23.007841,24.578590,40.493197,1679.136711,-0.994725,55.703741,8.640428,3.218787,0.000000
23.017069,24.593293,40.461126,1675.803825,-1.010682,55.713143,8.645070,3.220516,0.000000
23.026282,24.607970,40.428668,1672.471812,-1.026582,55.722539,8.650131,3.222401,0.000000
23.035468,24.622620,40.395660,1669.140747,-1.042376,55.731922,8.655790,3.224510,0.000000
23.044634,24.637239,40.362228,1665.810153,-1.058061,55.741305,8.661910,3.226789,0.000000
23.053781,24.651833,40.328429,1662.479829,-1.073634,55.750686,8.668427,3.229217,0.000000
23.062909,24.666403,40.294247,1659.149668,-1.089078,55.760062,8.675354,3.231798,0.000000
23.072009,24.680945,40.259507,1655.819372,-1.104318,55.769424,8.682872,3.234598,0.000000
23.081090,24.695460,40.224418,1652.488746,-1.119394,55.778781,8.690760,3.237537,0.000000
23.090155,24.709949,40.188984,1649.157691,-1.134302,55.788135,8.699011,3.240611,0.000000
23.099203,24.724410,40.153127,1645.825920,-1.148996,55.797489,8.707702,3.243848,0.000000
23.108220,24.738846,40.116822,1642.493023,-1.163410,55.806830,8.716857,3.247259,0.000000
23.117222,24.753257,40.080195,1639.159118,-1.177615,55.816166,8.726342,3.250792,0.000000
23.126208,24.767641,40.043252,1635.824106,-1.191604,55.825498,8.736150,3.254446,0.000000
23.135169,24.781992,40.005880,1632.487243,-1.205249,55.834822,8.746400,3.258264,0.000000
23.144108,24.796322,39.968159,1629.148585,-1.218605,55.844142,8.756993,3.262210,0.000000
23.153029,24.810629,39.930149,1625.808266,-1.231700,55.853454,8.767869,3.266262,0.000000
23.161931,24.824908,39.891852,1622.466165,-1.244522,55.862757,8.779025,3.270418,0.000000
23.170805,24.839150,39.853136,1619.120941,-1.256890,55.872060,8.790587,3.274725,0.000000
23.179664,24.853370,39.814168,1615.773535,-1.268960,55.881354,8.802387,3.279121,0.000000
23.188509,24.867567,39.774955,1612.423863,-1.280726,55.890641,8.814416,3.283602,0.000000
23.197331,24.881737,39.735455,1609.071307,-1.292113,55.899922,8.826708,3.288181,0.000000
23.206121,24.895874,39.695638,1605.715156,-1.303048,55.909197,8.839274,3.292862,0.000000
23.214896,24.909985,39.655614,1602.356266,-1.313648,55.918467,8.852020,3.297610,0.000000
23.223656,24.924071,39.615391,1598.994560,-1.323908,55.927732,8.864938,3.302423,0.000000
23.232391,24.938131,39.574901,1595.628731,-1.333685,55.936984,8.878070,3.307315,0.000000
23.241110,24.952158,39.534196,1592.259145,-1.343028,55.946231,8.891361,3.312266,0.000000
23.249809,24.966164,39.493327,1588.886336,-1.352006,55.955472,8.904770,3.317261,0.000000
23.258485,24.980151,39.452303,1585.510239,-1.360619,55.964710,8.918289,3.322297,0.000000
23.267132,24.994094,39.411062,1582.128711,-1.368640,55.973940,8.931944,3.327384,0.000000
23.275766,25.008015,39.369692,1578.743560,-1.376277,55.983161,8.945663,3.332495,0.000000
23.284383,25.021912,39.328201,1575.354783,-1.383530,55.992375,8.959435,3.337625,0.000000
23.292980,25.035783,39.286582,1571.961664,-1.390327,56.001583,8.973254,3.342773,0.000000
23.301550,25.049621,39.244839,1568.563128,-1.396572,56.010778,8.987096,3.347930,0.000000
23.310102,25.063437,39.203021,1565.160696,-1.402429,56.019968,9.000934,3.353085,0.000000
23.318636,25.077228,39.161133,1561.754332,-1.407896,56.029154,9.014759,3.358235,0.000000
23.327145,25.090983,39.119171,1558.342512,-1.412820,56.038333,9.028542,3.363369,0.000000
23.335632,25.104709,39.077159,1554.925666,-1.417261,56.047501,9.042257,3.368479,0.000000
23.344100,25.118412,39.035120,1551.504699,-1.421311,56.056662,9.055902,3.373562,0.000000
23.352550,25.132092,38.993063,1548.079584,-1.424973,56.065820,9.069468,3.378615,0.000000
23.360979,25.145737,38.950991,1544.647979,-1.428033,56.074970,9.082876,3.383610,0.000000
23.369388,25.159353,38.908934,1541.211967,-1.430688,56.084110,9.096154,3.388557,0.000000
23.377778,25.172944,38.866895,1537.771720,-1.432958,56.093241,9.109298,3.393453,0.000000
23.386141,25.186509,38.824882,1534.326608,-1.434793,56.102362,9.122274,3.398287,0.000000
23.394484,25.200041,38.782936,1530.875329,-1.436093,56.111477,9.135004,3.403029,0.000000
23.402810,25.213546,38.741046,1527.419799,-1.437026,56.120582,9.147548,3.407702,0.000000
23.411118,25.227026,38.699219,1523.960026,-1.437594,56.129680,9.159895,3.412302,0.000000
23.419401,25.240481,38.657483,1520.494625,-1.437682,56.138772,9.171961,3.416797,0.000000
23.427661,25.253902,38.615862,1517.023938,-1.437343,56.147852,9.183736,3.421183,0.000000
23.435903,25.267295,38.574336,1513.549091,-1.436665,56.156926,9.195266,3.425479,0.000000
23.444126,25.280662,38.532907,1510.070103,-1.435651,56.165996,9.206545,3.429680,0.000000
23.452322,25.293994,38.491651,1506.584902,-1.434143,56.175051,9.217414,3.433729,0.000000
23.460498,25.307301,38.450528,1503.095403,-1.432311,56.184101,9.227977,3.437664,0.000000
23.468658,25.320583,38.409535,1499.601941,-1.430180,56.193145,9.238245,3.441489,0.000000
23.476803,25.333834,38.368695,1496.104107,-1.427718,56.202178,9.248175,3.445188,0.000000
23.484913,25.347059,38.328078,1492.600629,-1.424843,56.211198,9.257634,3.448712,0.000000
23.493010,25.360253,38.287620,1489.093436,-1.421710,56.220209,9.266763,3.452113,0.000000
23.501089,25.373418,38.247324,1485.582576,-1.418324,56.229212,9.275556,3.455389,0.000000
23.509139,25.386553,38.207241,1482.067054,-1.414624,56.238209,9.283898,3.458496,0.000000
23.517172,25.399658,38.167383,1478.547090,-1.410634,56.247195,9.291779,3.461432,0.000000
23.525187,25.412737,38.127708,1475.023785,-1.406436,56.256174,9.299296,3.464232,0.000000
23.533184,25.425790,38.088220,1471.497203,-1.402038,56.265148,9.306444,3.466895,0.000000
23.541146,25.438808,38.049012,1467.965952,-1.397361,56.274109,9.313029,3.469348,0.000000
23.549094,25.451796,38.010026,1464.431431,-1.392508,56.283059,9.319190,3.471643,0.000000
23.557025,25.464760,37.971240,1460.894036,-1.387504,56.292001,9.324963,3.473794,0.000000
23.564937,25.477698,37.932673,1457.353621,-1.382346,56.300932,9.330311,3.475786,0.000000
23.572821,25.490602,37.894410,1453.809282,-1.377009,56.309850,9.335061,3.477556,0.000000
23.580686,25.503478,37.856360,1450.262523,-1.371578,56.318763,9.339412,3.479177,0.000000
23.588534,25.516328,37.818523,1446.713424,-1.366060,56.327669,9.343361,3.480648,0.000000
23.596358,25.529142,37.780954,1443.161520,-1.360443,56.336564,9.346799,3.481929,0.000000
23.604158,25.541926,37.743668,1439.606991,-1.354766,56.345447,9.349704,3.483011,0.000000
23.611940,25.554684,37.706594,1436.050630,-1.349057,56.354325,9.352207,3.483943,0.000000
23.619703,25.567416,37.669731,1432.492524,-1.343323,56.363196,9.354308,3.484726,0.000000
23.627440,25.580114,37.633182,1428.932141,-1.337582,56.372047,9.355823,3.485290,0.000000
23.635156,25.592780,37.596876,1425.370251,-1.331873,56.380893,9.356890,3.485688,0.000000
23.642854,25.605420,37.560780,1421.807157,-1.326198,56.389733,9.357562,3.485938,0.000000
23.650532,25.618030,37.524901,1418.242905,-1.320566,56.398562,9.357820,3.486034,0.000000
23.658183,25.630605,37.489346,1414.677310,-1.315048,56.407377,9.357484,3.485909,0.000000
23.665819,25.643158,37.453996,1411.111071,-1.309619,56.416184,9.356770,3.485643,0.000000
23.673438,25.655686,37.418849,1407.544283,-1.304292,56.424983,9.355680,3.485237,0.000000
23.681029,25.668180,37.383946,1403.977000,-1.299112,56.433776,9.354130,3.484660,0.000000
23.688596,25.680637,37.349303,1400.409496,-1.294117,56.442550,9.352095,3.483901,0.000000
23.696147,25.693069,37.314848,1396.842006,-1.289277,56.451318,9.349707,3.483012,0.000000
23.703684,25.705479,37.280579,1393.274628,-1.284601,56.460080,9.346973,3.481994,0.000000
23.711187,25.717849,37.246565,1389.707696,-1.280194,56.468830,9.343757,3.480795,0.000000
23.718675,25.730192,37.212753,1386.141395,-1.276020,56.477568,9.340165,3.479457,0.000000
23.726144,25.742510,37.179106,1382.575768,-1.272063,56.486298,9.336258,3.478002,0.000000
23.733589,25.754800,37.145624,1379.010933,-1.268341,56.495018,9.332033,3.476428,0.000000
23.741013,25.767047,37.112386,1375.447675,-1.265005,56.503731,9.327347,3.474682,0.000000
23.748418,25.779271,37.079294,1371.885640,-1.261934,56.512431,9.322382,3.472833,0.000000
23.755804,25.791470,37.046343,1368.324918,-1.259135,56.521120,9.317145,3.470882,0.000000
23.763162,25.803636,37.013553,1364.765955,-1.256680,56.529804,9.311590,3.468812,0.000000
23.770501,25.815765,36.980939,1361.209288,-1.254641,56.538475,9.305698,3.466617,0.000000
23.777823,25.827869,36.948436,1357.654453,-1.252918,56.547137,9.299575,3.464337,0.000000
23.785126,25.839951,36.916037,1354.101535,-1.251518,56.555791,9.293230,3.461973,0.000000
23.792404,25.852000,36.883778,1350.551533,-1.250585,56.564438,9.286593,3.459500,0.000000
23.799665,25.864017,36.851629,1347.004243,-1.250067,56.573069,9.279731,3.456944,0.000000
23.806908,25.876006,36.819560,1343.459344,-1.249907,56.581692,9.272691,3.454321,0.000000
23.814127,25.887968,36.787565,1339.916914,-1.250112,56.590310,9.265481,3.451636,0.000000
23.821317,25.899887,36.755663,1336.378706,-1.250913,56.598914,9.258033,3.448861,0.000000
23.828494,25.911782,36.723812,1332.843333,-1.252100,56.607508,9.250454,3.446037,0.000000
23.835653,25.923655,36.692006,1329.310852,-1.253676,56.616094,9.242752,3.443168,0.000000
23.842785,25.935500,36.660243,1325.781911,-1.255723,56.624668,9.234920,3.440251,0.000000
23.849898,25.947307,36.628506,1322.257421,-1.258344,56.633236,9.226961,3.437286,0.000000
23.856993,25.959086,36.596780,1318.736205,-1.261375,56.641796,9.218927,3.434293,0.000000
23.864070,25.970839,36.565059,1315.218319,-1.264819,56.650347,9.210828,3.431276,0.000000
23.871122,25.982561,36.533325,1311.705150,-1.268840,56.658885,9.202659,3.428233,0.000000
23.878152,25.994249,36.501569,1308.196347,-1.273381,56.667412,9.194454,3.425176,0.000000
23.885163,26.005913,36.469783,1304.691189,-1.278352,56.675930,9.186230,3.422112,0.000000
23.892156,26.017553,36.437961,1301.189723,-1.283757,56.684438,9.177995,3.419045,0.000000
23.899128,26.029151,36.406067,1297.694183,-1.289826,56.692940,9.169774,3.415982,0.000000
23.906081,26.040721,36.374107,1294.202678,-1.296348,56.701432,9.161582,3.412930,0.000000
23.913016,26.052265,36.342076,1290.715115,-1.303304,56.709917,9.153425,3.409892,0.000000
23.919929,26.063782,36.309957,1287.232164,-1.310757,56.718397,9.145322,3.406873,0.000000
23.926816,26.075267,36.277705,1283.755062,-1.318841,56.726864,9.137311,3.403889,0.000000
23.933685,26.086725,36.245355,1280.282087,-1.327352,56.735321,9.129379,3.400934,0.000000
23.940536,26.098156,36.212900,1276.813268,-1.336290,56.743770,9.121534,3.398012,0.000000
23.947362,26.109550,36.180292,1273.350081,-1.345804,56.752206,9.113823,3.395139,0.000000
23.954171,26.120915,36.147519,1269.892207,-1.355850,56.760636,9.106256,3.392320,0.000000
23.960963,26.132254,36.114606,1266.438603,-1.366312,56.769056,9.098816,3.389548,0.000000
23.967737,26.143567,36.081552,1262.989283,-1.377186,56.777463,9.091509,3.386826,0.000000
23.974483,26.154844,36.048266,1259.546560,-1.388696,56.785870,9.084427,3.384188,0.000000
23.981215,26.166097,36.014801,1256.108439,-1.400629,56.794267,9.077518,3.381614,0.000000
23.987928,26.177325,35.981162,1252.674645,-1.412960,56.802655,9.070776,3.379103,0.000000
23.994616,26.188522,35.947323,1249.245721,-1.425738,56.811033,9.064233,3.376665,0.000000
24.001283,26.199679,35.913216,1245.823161,-1.439073,56.819397,9.057967,3.374331,0.000000
24.007933,26.210812,35.878909,1242.404917,-1.452784,56.827757,9.051901,3.372071,0.000000
24.014566,26.221923,35.844399,1238.990983,-1.466864,56.836110,9.046039,3.369888,0.000000
24.021181,26.233003,35.809613,1235.582689,-1.481412,56.844452,9.040457,3.367808,0.000000
24.027772,26.244049,35.774552,1232.179852,-1.496406,56.852787,9.035161,3.365835,0.000000
24.034345,26.255070,35.739266,1228.781246,-1.511737,56.861115,9.030095,3.363948,0.000000
24.040900,26.266068,35.703752,1225.386854,-1.527400,56.869434,9.025263,3.362148,0.000000
24.047427,26.277025,35.667887,1221.998733,-1.543536,56.877739,9.020796,3.360484,0.000000
24.053940,26.287956,35.631758,1218.615097,-1.560007,56.886039,9.016602,3.358921,0.000000
24.060436,26.298865,35.595382,1215.235537,-1.576773,56.894332,9.012662,3.357454,0.000000
24.066913,26.309749,35.558731,1211.860413,-1.593849,56.902615,9.009004,3.356091,0.000000
24.073369,26.320592,35.521697,1208.491234,-1.611336,56.910891,9.005742,3.354876,0.000000
24.079803,26.331407,35.484406,1205.125947,-1.629073,56.919159,9.002749,3.353761,0.000000
24.086216,26.342198,35.446854,1201.764518,-1.647053,56.927418,9.000027,3.352747,0.000000
24.092613,26.352966,35.408950,1198.407963,-1.665339,56.935672,8.997656,3.351864,0.000000
24.098991,26.363691,35.370698,1195.056260,-1.683900,56.943914,8.995649,3.351116,0.000000
24.105352,26.374394,35.332172,1191.708180,-1.702664,56.952147,8.993922,3.350473,0.000000
24.111695,26.385078,35.293367,1188.363680,-1.721627,56.960372,8.992475,3.349934,0.000000
24.118012,26.395721,35.254159,1185.024317,-1.740845,56.968589,8.991443,3.349549,0.000000
24.124307,26.406339,35.214632,1181.688736,-1.760242,56.976801,8.990728,3.349283,0.000000
24.130587,26.416932,35.174823,1178.356460,-1.779788,56.985007,8.990297,3.349122,0.000000
24.136852,26.427495,35.134711,1175.027647,-1.799479,56.993203,8.990167,3.349074,0.000000
24.143096,26.438024,35.094174,1171.703611,-1.819352,57.001384,8.990467,3.349186,0.000000
24.149322,26.448529,35.053349,1168.382582,-1.839323,57.009561,8.991048,3.349402,0.000000
24.155530,26.459012,35.012237,1165.064503,-1.859383,57.017732,8.991908,3.349722,0.000000
24.161715,26.469466,34.970771,1161.750004,-1.879541,57.025891,8.993116,3.350172,0.000000
24.167882,26.479883,34.928931,1158.439169,-1.899772,57.034044,8.994692,3.350759,0.000000
24.174032,26.490273,34.886808,1155.130951,-1.920045,57.042189,8.996538,3.351447,0.000000
24.180163,26.500637,34.844403,1151.825290,-1.940351,57.050326,8.998652,3.352235,0.000000
24.186268,26.510974,34.801596,1148.523155,-1.960684,57.058456,9.001149,3.353165,0.000000
24.192357,26.521280,34.758468,1145.223673,-1.981011,57.066576,9.003942,3.354205,0.000000
24.198430,26.531559,34.715066,1141.926408,-2.001324,57.074689,9.006991,3.355341,0.000000
24.204484,26.541809,34.671385,1138.631368,-2.021613,57.082797,9.010301,3.356574,0.000000
24.210516,26.552031,34.627276,1135.339447,-2.041830,57.090891,9.013991,3.357949,0.000000
24.216535,26.562225,34.582907,1132.049396,-2.061993,57.098981,9.017917,3.359411,0.000000
24.222537,26.572394,34.538277,1128.761152,-2.082090,57.107064,9.022076,3.360961,0.000000
24.228510,26.582535,34.493328,1125.474999,-2.102080,57.115135,9.026513,3.362614,0.000000
24.234472,26.592638,34.448029,1122.190989,-2.121945,57.123195,9.031248,3.364377,0.000000
24.240413,26.602717,34.402480,1118.908427,-2.141697,57.131248,9.036192,3.366219,0.000000
24.246333,26.612774,34.356686,1115.627258,-2.161329,57.139298,9.041342,3.368138,0.000000
24.252234,26.622798,34.310550,1112.347895,-2.180780,57.147340,9.046768,3.370159,0.000000
24.258119,26.632795,34.264138,1109.069867,-2.200053,57.155367,9.052414,3.372262,0.000000
24.263987,26.642767,34.217496,1105.792890,-2.219167,57.163388,9.058237,3.374431,0.000000
24.269837,26.652711,34.170624,1102.516915,-2.238116,57.171409,9.064233,3.376665,0.000000
24.275665,26.662619,34.123396,1099.242297,-2.256781,57.179408,9.070485,3.378994,0.000000
24.281475,26.672499,34.075963,1095.968402,-2.275259,57.187402,9.076884,3.381378,0.000000
24.287267,26.682356,34.028322,1092.695180,-2.293543,57.195392,9.083425,3.383815,0.000000
24.293036,26.692191,33.980430,1089.422673,-2.311580,57.203376,9.090126,3.386311,0.000000
24.298793,26.701987,33.932269,1086.150825,-2.329311,57.211348,9.096995,3.388870,0.000000
24.304530,26.711756,33.883924,1082.879351,-2.346819,57.219310,9.103973,3.391469,0.000000
24.310246,26.721500,33.835396,1079.608206,-2.364100,57.227265,9.111054,3.394107,0.000000
24.315943,26.731218,33.786615,1076.337389,-2.381052,57.235213,9.118262,3.396792,0.000000
24.321623,26.740903,33.737635,1073.066721,-2.397705,57.243150,9.125563,3.399512,0.000000
24.327287,26.750561,33.688496,1069.796121,-2.414106,57.251078,9.132931,3.402257,0.000000
24.332933,26.760191,33.639202,1066.525550,-2.430251,57.258996,9.140362,3.405025,0.000000
24.338557,26.769793,33.589671,1063.254864,-2.445994,57.266908,9.147866,3.407821,0.000000
24.344162,26.779366,33.539995,1059.984019,-2.461461,57.274810,9.155404,3.410629,0.000000
24.349749,26.788913,33.490183,1056.712981,-2.476659,57.282703,9.162966,3.413446,0.000000
24.355315,26.798427,33.440222,1053.441661,-2.491542,57.290586,9.170549,3.416271,0.000000
24.360868,26.807915,33.390091,1050.169898,-2.506034,57.298461,9.178133,3.419096,0.000000
24.366400,26.817377,33.339849,1046.897762,-2.520255,57.306329,9.185707,3.421918,0.000000
24.371912,26.826812,33.289500,1043.625229,-2.534203,57.314188,9.193264,3.424733,0.000000
24.377413,26.836210,33.239014,1040.352103,-2.547768,57.322042,9.200782,3.427533,0.000000
24.382884,26.845585,33.188415,1037.078369,-2.560998,57.329878,9.208247,3.430314,0.000000
24.388342,26.854936,33.137734,1033.804123,-2.573952,57.337707,9.215659,3.433075,0.000000
24.393790,26.864259,33.086975,1030.529349,-2.586629,57.345530,9.223012,3.435815,0.000000
24.399203,26.873540,33.036096,1027.253695,-2.598897,57.353340,9.230254,3.438513,0.000000
24.404606,26.882802,32.985154,1023.977429,-2.610881,57.361145,9.237406,3.441177,0.000000
24.409996,26.892042,32.934156,1020.700573,-2.622597,57.368941,9.244465,3.443806,0.000000
24.415365,26.901250,32.883095,1017.423032,-2.634013,57.376721,9.251410,3.446394,0.000000
24.420708,26.910418,32.831974,1014.144597,-2.645069,57.384495,9.258191,3.448920,0.000000
24.426036,26.919567,32.780812,1010.865558,-2.655874,57.392260,9.264847,3.451399,0.000000
24.431349,26.928695,32.729611,1007.585919,-2.666431,57.400017,9.271374,3.453831,0.000000
24.436638,26.937787,32.678368,1004.305501,-2.676674,57.407769,9.277719,3.456194,0.000000
24.441909,26.946844,32.627101,1001.024350,-2.686632,57.415503,9.283873,3.458487,0.000000
16.898053,18.629632,38.959427,2246.580610,-1.972800,53.578081,10.453616,3.894247,0.000000
0.049430,0.049430,53.162400,5031.556818,-0.361188,45.000095,13.058849,4.864765,0.000000
0.084085,0.084085,53.133719,5026.288212,-0.263153,45.000182,13.084197,4.874208,0.000000
0.118705,0.118705,53.113831,5020.997683,-0.164965,45.000284,13.093232,4.877574,0.000000
0.153292,0.153294,53.102056,5015.691015,-0.066764,45.000400,13.087241,4.875342,0.000000
0.187837,0.187847,53.099236,5010.371253,0.031300,45.000531,13.064683,4.866938,0.000000
0.222342,0.222352,53.108391,5005.046327,0.128807,45.000683,13.020188,4.850363,0.000000
0.256816,0.256826,53.125512,4999.725313,0.225713,45.000848,12.961332,4.828437,0.000000
0.291257,0.291267,53.150551,4994.411494,0.321921,45.001026,12.888331,4.801242,0.000000
0.325657,0.325667,53.185716,4989.114250,0.417006,45.001215,12.797553,4.767425,0.000000
0.360016,0.360026,53.230879,4983.843748,0.510658,45.001422,12.689826,4.727294,0.000000
0.394342,0.394352,53.283596,4978.598999,0.603053,45.001647,12.569660,4.682529,0.000000
0.428637,0.428647,53.343790,4973.382938,0.694105,45.001888,12.437404,4.633260,0.000000
0.462884,0.462901,53.414790,4968.218487,0.782888,45.002143,12.288468,4.577778,0.000000
0.497095,0.497120,53.493650,4963.099935,0.869764,45.002413,12.128142,4.518052,0.000000
0.531275,0.531305,53.579446,4958.025689,0.954834,45.002697,11.958135,4.454720,0.000000
0.565420,0.565450,53.672571,4953.002144,1.037870,45.002996,11.778273,4.387717,0.000000
0.599523,0.599560,53.775612,4948.058229,1.117803,45.003315,11.586193,4.316162,0.000000
0.633570,0.633660,53.883405,4943.173638,1.172146,45.061675,11.389517,4.242895,18.587377
0.667551,0.667762,53.995179,4938.350541,1.207527,45.161615,11.189645,4.168437,43.999999
0.701433,0.701892,54.110378,4933.609278,1.240864,45.259760,10.988603,4.093544,43.999999
0.735207,0.736053,54.228902,4928.955197,1.272042,45.356001,10.787043,4.018457,43.999999
0.768905,0.770230,54.349771,4924.367007,1.301588,45.450809,10.585465,3.943364,43.999999
0.802529,0.804423,54.472898,4919.844869,1.329498,45.544181,10.384070,3.868339,43.999999
0.836040,0.838655,54.599025,4915.418904,1.355039,45.635471,10.183519,3.793629,43.999999
0.869473,0.872904,54.727275,4911.068553,1.378728,45.725115,9.984116,3.719346,43.999999
0.902835,0.907168,54.857271,4906.784265,1.400799,45.813331,9.785928,3.645516,43.999999
0.936120,0.941451,54.988992,4902.568954,1.421182,45.900059,9.589192,3.572226,43.999999
0.969292,0.975763,55.122942,4898.455007,1.439097,45.984609,9.395136,3.499935,43.999999
1.002400,1.010089,55.258139,4894.405913,1.455438,46.067764,9.203100,3.428397,43.999999
1.035444,1.044430,55.394501,4890.421345,1.470217,46.149533,9.013193,3.357652,43.999999
1.068409,1.078794,55.532138,4886.515759,1.483090,46.229611,8.826124,3.287963,43.999999
1.101287,1.113176,55.670924,4882.695919,1.493893,46.307861,8.642493,3.219556,43.999999
1.134101,1.147572,55.810406,4878.938284,1.503202,46.384785,8.461539,3.152146,43.999999
1.166852,1.181982,55.950504,4875.242393,1.511031,46.460395,8.283335,3.085760,43.999999
1.199518,1.216419,56.091259,4871.632915,1.516794,46.534185,8.109236,3.020904,43.999999
1.232114,1.250866,56.232345,4868.093128,1.520891,46.606503,7.938673,2.957365,43.999999
1.264652,1.285328,56.373610,4864.612023,1.523593,46.677585,7.771189,2.894972,43.999999
1.297128,1.319808,56.514976,4861.189968,1.524897,46.747427,7.606880,2.833763,43.999999
1.329519,1.354302,56.656242,4857.857340,1.524081,46.815401,7.447626,2.774437,43.999999
1.361854,1.388811,56.797277,4854.579938,1.521966,46.882223,7.291632,2.716325,43.999999
1.394136,1.423331,56.938019,4851.357153,1.518568,46.947911,7.138914,2.659433,43.999999
1.426358,1.457862,57.078293,4848.199043,1.513651,47.012268,6.990168,2.604022,43.999999
1.458510,1.492412,57.217804,4845.113416,1.507037,47.075131,6.846032,2.550327,43.999999
1.490608,1.526973,57.356651,4842.078715,1.499240,47.136954,6.705214,2.497869,43.999999
1.522653,1.561543,57.494774,4839.094308,1.490276,47.197751,6.567714,2.446646,43.999999
1.554635,1.596132,57.631726,4836.178193,1.479728,47.257161,6.434819,2.397139,43.999999
1.586561,1.630733,57.767503,4833.319137,1.467866,47.315423,6.305869,2.349102,43.999999
1.618442,1.665342,57.902224,4830.506622,1.454938,47.372749,6.180181,2.302280,43.999999
1.650277,1.699961,58.035837,4827.740016,1.440959,47.429153,6.057742,2.256668,43.999999
1.682033,1.734594,58.167493,4825.043568,1.425384,47.484162,5.940368,2.212944,43.999999
1.713751,1.769241,58.297777,4822.390553,1.408822,47.538319,5.826190,2.170409,43.999999
1.745429,1.803898,58.426656,4819.779765,1.391304,47.591649,5.715142,2.129041,43.999999
1.777054,1.838561,58.553795,4817.217559,1.372690,47.644029,5.607731,2.089027,43.999999
1.808613,1.873242,58.678689,4814.711941,1.352812,47.695312,5.504625,2.050618,43.999999
1.840135,1.907930,58.801912,4812.244990,1.332077,47.745853,5.404498,2.013318,43.999999
1.871620,1.942624,58.923419,4809.816121,1.310497,47.795667,5.307323,1.977117,43.999999
1.903055,1.977330,59.042479,4807.437658,1.287797,47.844528,5.214097,1.942388,43.999999
1.934433,2.012053,59.159215,4805.103006,1.264146,47.892567,5.124352,1.908956,43.999999
1.965775,2.046781,59.274002,4802.803068,1.239740,47.939963,5.037388,1.876560,43.999999
1.997085,2.081509,59.386802,4800.537294,1.214591,47.986729,4.953176,1.845189,43.999999
2.028330,2.116259,59.496391,4798.322505,1.188342,48.032567,4.873124,1.815367,43.999999
2.059542,2.151018,59.603735,4796.140655,1.161389,48.077808,4.795794,1.786559,43.999999
2.090721,2.185785,59.708890,4793.989813,1.133775,48.122493,4.721040,1.758712,43.999999
2.121857,2.220556,59.811485,4791.873671,1.105429,48.166560,4.649193,1.731947,43.999999
2.152940,2.255341,59.910743,4789.799639,1.076209,48.209899,4.580919,1.706513,43.999999
2.183991,2.290131,60.007635,4787.753634,1.046405,48.252755,4.515052,1.681976,43.999999
2.215009,2.324928,60.102133,4785.735172,1.016030,48.295138,4.451565,1.658325,43.999999
2.245977,2.359743,60.193371,4783.752273,0.984930,48.336918,4.391183,1.635831,43.999999
2.276906,2.394559,60.281451,4781.801552,0.953173,48.378173,4.333657,1.614401,43.999999
2.307805,2.429383,60.366984,4779.875604,0.920923,48.419025,4.278353,1.593799,43.999999
2.338677,2.464221,60.449945,4777.973977,0.888194,48.459482,4.225245,1.574015,43.999999
2.369493,2.499065,60.528915,4776.107814,0.854763,48.499382,4.175394,1.555444,43.999999
2.400279,2.533919,60.605017,4774.265503,0.820871,48.538914,4.127778,1.537706,43.999999
2.431036,2.568781,60.678422,4772.444929,0.786560,48.578117,4.082219,1.520734,43.999999
2.461757,2.603647,60.748788,4770.647996,0.751796,48.616969,4.038922,1.504605,43.999999
2.492431,2.638527,60.815059,4768.880892,0.716477,48.655387,3.998548,1.489564,43.999999
2.523076,2.673412,60.878524,4767.133080,0.680804,48.693534,3.960107,1.475244,43.999999
2.553694,2.708302,60.939167,4765.404158,0.644786,48.731418,3.923581,1.461637,43.999999
2.584269,2.743205,60.996092,4763.698951,0.608339,48.768988,3.889508,1.448944,43.999999
2.614809,2.778120,61.049290,4762.015992,0.571497,48.806268,3.857809,1.437136,43.999999
2.645322,2.813040,61.099581,4760.349610,0.534370,48.843340,3.827924,1.426002,43.999999
2.675806,2.847966,61.146952,4758.699420,0.496972,48.880213,3.799836,1.415539,43.999999
2.706243,2.882905,61.189919,4757.072149,0.459191,48.916828,3.774380,1.406056,43.999999
2.736655,2.917849,61.229601,4755.460805,0.421154,48.953271,3.750834,1.397284,43.999999
2.767039,2.952800,61.266292,4753.863446,0.382895,48.989569,3.729006,1.389153,43.999999
2.797389,2.987761,61.299723,4752.280788,0.344408,49.025717,3.709028,1.381710,43.999999
2.827697,3.022736,61.328598,4750.717212,0.305639,49.061693,3.691579,1.375210,43.999999
2.857978,3.057716,61.354426,4749.165471,0.266703,49.097576,3.675787,1.369327,43.999999
2.888233,3.092701,61.377204,4747.625207,0.227608,49.133375,3.661644,1.364059,43.999999
2.918458,3.127699,61.396087,4746.098798,0.188327,49.169086,3.649584,1.359566,43.999999
2.948642,3.162702,61.410909,4744.585602,0.148883,49.204725,3.639662,1.355870,43.999999
2.978800,3.197714,61.422652,4743.081781,0.109332,49.240326,3.631350,1.352774,43.999999
3.008934,3.232734,61.431312,4741.586980,0.069684,49.275897,3.624644,1.350275,43.999999
3.039021,3.267760,61.435443,4740.104252,0.029922,49.311448,3.620273,1.348647,43.999999
3.069083,3.302802,61.436066,4738.629885,-0.009912,49.347010,3.617704,1.347690,43.999999
3.099119,3.337851,61.433587,4737.162434,-0.049796,49.382592,3.616724,1.347325,43.999999
3.129126,3.372899,61.427832,4735.701859,-0.089718,49.418209,3.617421,1.347585,43.999999
3.159091,3.407969,61.417297,4734.249945,-0.129668,49.453896,3.620562,1.348755,43.999999
3.189029,3.443043,61.403663,4732.802824,-0.169619,49.489650,3.625295,1.350518,43.999999
3.218940,3.478124,61.386930,4731.360133,-0.209561,49.525479,3.631623,1.352875,43.999999
3.248824,3.513216,61.366343,4729.922230,-0.249469,49.561417,3.639940,1.355973,43.999999
3.278664,3.548320,61.341578,4728.488306,-0.289314,49.597502,3.650430,1.359881,43.999999
3.308479,3.583431,61.313731,4727.056632,-0.329101,49.633711,3.662539,1.364392,43.999999
3.338270,3.618547,61.282805,4725.626833,-0.368819,49.670051,3.676274,1.369509,43.999999
3.368022,3.653683,61.247487,4724.198612,-0.408414,49.706607,3.692356,1.375500,43.999999
3.397743,3.688824,61.208611,4722.770565,-0.447881,49.743366,3.710366,1.382209,43.999999
3.427433,3.723970,61.166689,4721.342123,-0.487225,49.780305,3.730048,1.389541,43.999999
3.457091,3.759120,61.121653,4719.912845,-0.526433,49.817437,3.751456,1.397516,43.999999
3.486712,3.794292,61.071888,4718.480758,-0.565398,49.854906,3.775542,1.406489,43.999999
3.516307,3.829473,61.019129,4717.045897,-0.604193,49.892612,3.801365,1.416108,43.999999
3.545874,3.864662,60.963385,4715.607848,-0.642806,49.930562,3.828937,1.426380,43.999999
3.575407,3.899856,60.904034,4714.165158,-0.681169,49.968823,3.858660,1.437452,43.999999
3.604903,3.935069,60.840622,4712.715735,-0.719230,50.007469,3.890873,1.449453,43.999999
3.634368,3.970288,60.774296,4711.260590,-0.757050,50.046415,3.924922,1.462137,43.999999
3.663801,4.005513,60.705069,4709.799282,-0.794618,50.085672,3.960823,1.475511,43.999999
3.693197,4.040751,60.631810,4708.328064,-0.831808,50.125390,3.999369,1.489870,43.999999
3.722559,4.076005,60.555170,4706.847083,-0.868650,50.165527,4.040215,1.505087,43.999999
3.751892,4.111268,60.475719,4705.357206,-0.905180,50.206033,4.083020,1.521032,43.999999
3.781192,4.146535,60.393476,4703.857956,-0.941386,50.246918,4.127803,1.537715,43.999999
3.810449,4.181824,60.306850,4702.341891,-0.977039,50.288436,4.175810,1.555599,43.999999
3.839678,4.217117,60.217508,4700.813977,-1.012316,50.330389,4.225906,1.574261,43.999999
3.868876,4.252419,60.125484,4699.273734,-1.047209,50.372785,4.278104,1.593706,43.999999
3.898031,4.287737,60.030319,4697.717995,-1.081631,50.415724,4.332832,1.614094,43.999999
3.927147,4.323068,59.931483,4696.141968,-1.115441,50.459344,4.390651,1.635633,43.999999
3.956232,4.358408,59.830095,4694.550442,-1.148798,50.503476,4.450711,1.658007,43.999999
3.985284,4.393758,59.726177,4692.942858,-1.181691,50.548130,4.513036,1.681225,43.999999
4.014286,4.429127,59.618846,4691.311733,-1.213913,50.593530,4.578537,1.705626,43.999999
4.043254,4.464507,59.508569,4689.657921,-1.245504,50.639628,4.646940,1.731107,43.999999
4.072190,4.499896,59.395918,4687.984600,-1.276556,50.686321,4.717758,1.757489,43.999999
4.101088,4.535295,59.280921,4686.291167,-1.307054,50.733622,4.791018,1.784780,43.999999
4.129930,4.570715,59.162364,4684.564047,-1.336638,50.781914,4.868186,1.813527,43.999999
4.158738,4.606144,59.041541,4682.813004,-1.365590,50.830901,4.948007,1.843263,43.999999
4.187513,4.641583,58.918556,4681.038101,-1.393912,50.880574,5.030425,1.873966,43.999999
4.216245,4.677032,58.793122,4679.234597,-1.421478,50.931059,5.115884,1.905801,43.999999
4.244931,4.712501,58.664754,4677.393074,-1.448059,50.982616,5.205221,1.939082,43.999999
4.273574,4.747983,58.534434,4675.523696,-1.473922,51.034942,5.297307,1.973386,43.999999
4.302174,4.783478,58.402197,4673.625760,-1.499056,51.088050,5.392165,2.008723,43.999999
4.330732,4.818986,58.267475,4671.687708,-1.523177,51.142251,5.490807,2.045470,43.999999
4.359238,4.854510,58.130557,4669.710068,-1.546297,51.197515,5.593042,2.083555,43.999999
4.387703,4.890045,57.991953,4667.699580,-1.568600,51.253653,5.698184,2.122724,43.999999
4.416126,4.925590,57.851707,4665.655499,-1.590072,51.310681,5.806254,2.162983,43.999999
4.444487,4.961163,57.709102,4663.557299,-1.610201,51.369136,5.918875,2.204937,43.999999
4.472804,4.996746,57.564976,4661.419536,-1.629358,51.428616,6.034697,2.248083,43.999999
4.501078,5.032340,57.419478,4659.243636,-1.647586,51.489082,6.153546,2.292358,43.999999
4.529300,5.067949,57.272510,4657.023660,-1.664750,51.550685,6.275822,2.337909,43.999999
4.557462,5.103579,57.123782,4654.743302,-1.680450,51.613831,6.402605,2.385139,43.999999
4.585575,5.139222,56.973982,4652.420101,-1.695122,51.678064,6.532470,2.433517,43.999999
4.613639,5.174879,56.823158,4650.053251,-1.708750,51.743400,6.665418,2.483043,43.999999
4.641642,5.210554,56.671105,4647.627195,-1.720967,51.810219,6.802417,2.534079,43.999999
4.669588,5.246246,56.518032,4645.140848,-1.731750,51.878541,6.943351,2.586581,43.999999
4.697481,5.281952,56.364266,4642.606056,-1.741392,51.948070,7.087341,2.640221,43.999999
4.725320,5.317673,56.209862,4640.022010,-1.749878,52.018822,7.234372,2.694994,43.999999
4.753091,5.353421,56.054691,4637.361287,-1.756565,52.091454,7.385913,2.751447,43.999999
4.780802,5.389178,55.899134,4634.642632,-1.761900,52.165508,7.540666,2.809097,43.999999
4.808455,5.424950,55.743302,4631.869978,-1.765978,52.240884,7.698318,2.867826,43.999999
4.836044,5.460741,55.587248,4629.037095,-1.768659,52.317727,7.859102,2.927722,43.999999
4.863557,5.496553,55.431127,4626.119013,-1.769368,52.396638,8.024011,2.989155,43.999999
4.891012,5.532383,55.275116,4623.142404,-1.768727,52.476962,8.191555,3.051570,43.999999
4.918407,5.568230,55.119283,4620.106541,-1.766726,52.558714,8.361675,3.114944,43.999999
4.945726,5.604094,54.963820,4616.993038,-1.762952,52.642332,8.534965,3.179499,43.999999
4.972967,5.639977,54.808968,4613.798092,-1.757310,52.727896,8.711251,3.245170,43.999999
5.000145,5.675876,54.654706,4610.539856,-1.750229,52.814971,8.889673,3.311637,43.999999
5.027259,5.711794,54.501105,4607.217702,-1.741700,52.903572,9.070141,3.378866,43.999999
5.054272,5.747738,54.348702,4603.799574,-1.730991,52.994453,9.253309,3.447101,43.999999
5.081219,5.783698,54.197421,4600.306784,-1.718600,53.087109,9.438230,3.515989,43.999999
5.108098,5.819674,54.047236,4596.746840,-1.704695,53.181353,9.624553,3.585399,43.999999
5.134900,5.855669,53.898307,4593.114721,-1.689163,53.277297,9.812218,3.655309,43.999999
5.161597,5.891686,53.751460,4589.377627,-1.671285,53.375713,10.001293,3.725745,43.999999
5.188221,5.927720,53.606154,4585.571075,-1.651858,53.475764,10.190948,3.796396,43.999999
5.214772,5.963773,53.462463,4581.694814,-1.630880,53.577455,10.381023,3.867204,43.999999
5.241232,5.999849,53.320951,4577.730641,-1.607946,53.681209,10.571293,3.938085,43.999999
5.267593,6.035943,53.182017,4573.672042,-1.582925,53.787167,10.761200,4.008830,43.999999
5.293874,6.072054,53.045143,4569.542894,-1.556345,53.894774,10.950492,4.079347,43.999999
5.320074,6.108183,52.910404,4565.343190,-1.528209,54.004029,11.138983,4.149564,43.999999
5.346162,6.144339,52.778967,4561.041894,-1.497844,54.115651,11.325724,4.219130,43.999999
5.372155,6.180510,52.650372,4556.659971,-1.465722,54.229147,11.510486,4.287959,43.999999
5.398066,6.216701,52.524350,4552.208449,-1.432086,54.344259,11.693236,4.356038,43.999999
5.423891,6.252915,52.401079,4547.685126,-1.396892,54.461039,11.873661,4.423251,43.999999
5.449582,6.289150,52.282194,4543.055480,-1.359406,54.580288,12.049747,4.488848,43.999999
5.475185,6.325399,52.166292,4538.358870,-1.320478,54.701080,12.222517,4.553209,43.999999
5.500700,6.361664,52.053437,4533.595961,-1.280132,54.823402,12.391745,4.616251,43.999999
5.526103,6.397951,51.944438,4528.753159,-1.238090,54.947575,12.556207,4.677518,43.999999
5.551381,6.434262,51.839970,4523.823698,-1.194220,55.073740,12.714577,4.736514,43.999999
5.576571,6.470593,51.738918,4518.832760,-1.149062,55.201318,12.868073,4.793696,43.999999
5.601672,6.506940,51.641338,4513.781342,-1.102641,55.330288,13.016475,4.848979,43.999999
5.626630,6.543307,51.548833,4508.647524,-1.054516,55.461150,13.157063,4.901352,43.999999
5.651481,6.579691,51.460722,4503.448264,-1.005057,55.593513,13.290506,4.951063,43.999999
5.676235,6.616090,51.376399,4498.195517,-0.954518,55.727095,13.417617,4.998415,43.999999
5.700887,6.652508,51.295935,4492.890275,-0.902925,55.861868,13.538148,5.043317,43.999999
5.725388,6.688948,51.221725,4487.507842,-0.849823,55.998405,13.647585,5.084084,43.999999
5.749787,6.725406,51.151555,4482.080551,-0.795857,56.135956,13.749619,5.122095,43.999999
5.774087,6.761879,51.085455,4476.610039,-0.741071,56.274483,13.844102,5.157292,43.999999
5.798266,6.798362,51.024275,4471.090783,-0.685384,56.414101,13.929297,5.189030,43.999999
5.822298,6.834871,50.968960,4465.520406,-0.628783,56.554870,14.003168,5.216549,43.999999
5.846228,6.871395,50.917879,4459.917072,-0.571620,56.696370,14.068736,5.240974,43.999999
5.870058,6.907932,50.871053,4454.282620,-0.513943,56.838555,14.125905,5.262271,43.999999
5.893749,6.944481,50.830162,4448.610159,-0.455692,56.981568,14.171239,5.279160,43.999999
5.917313,6.981047,50.794491,4442.910138,-0.397064,57.125179,14.206037,5.292123,43.999999
5.940769,7.017626,50.763140,4437.190344,-0.338208,57.269207,14.232087,5.301827,43.999999
5.964115,7.054219,50.736118,4431.452738,-0.279175,57.413603,14.249360,5.308262,43.999999
5.987303,7.090834,50.715902,4425.694627,-0.220043,57.558401,14.252826,5.309553,43.999999
6.010384,7.127458,50.700095,4419.928175,-0.160970,57.703343,14.247354,5.307514,43.999999
6.033360,7.164091,50.688585,4414.155667,-0.102011,57.848375,14.233195,5.302240,43.999999
6.056213,7.200735,50.682065,4408.379358,-0.043264,57.993428,14.208993,5.293224,43.999999
6.078916,7.237392,50.681606,4402.605275,0.015052,58.138356,14.172726,5.279713,43.999999
6.101514,7.274062,50.685341,4396.836723,0.072967,58.283095,14.128213,5.263131,43.999999
6.124006,7.310743,50.693244,4391.075600,0.130433,58.427599,14.075561,5.243517,43.999999
6.146349,7.347431,50.706707,4385.329276,0.187177,58.571675,14.012194,5.219911,43.999999
6.168573,7.384130,50.725171,4379.602086,0.243120,58.715225,13.939422,5.192801,43.999999
6.190693,7.420838,50.747608,4373.893099,0.298352,58.858284,13.859317,5.162960,43.999999
6.212703,7.457555,50.773977,4368.204054,0.352828,59.000812,13.772037,5.130446,43.999999
6.234558,7.494279,50.806250,4362.551758,0.405980,59.142375,13.674313,5.094041,43.999999
6.256307,7.531012,50.842434,4356.928651,0.458140,59.283179,13.569932,5.055157,43.999999
6.277956,7.567753,50.882275,4351.334944,0.509314,59.423222,13.459448,5.013998,43.999999
6.299491,7.604499,50.926190,4345.776858,0.559304,59.562352,13.342328,4.970368,43.999999
6.320879,7.641251,50.975137,4340.269516,0.607661,59.700189,13.217409,4.923833,43.999999
6.342166,7.678008,51.027416,4334.799665,0.654835,59.837072,13.087588,4.875471,43.999999
6.363354,7.714770,51.082968,4329.368504,0.700795,59.972972,12.953073,4.825361,43.999999
6.384415,7.751538,51.142706,4323.991321,0.745073,60.107505,12.812848,4.773123,43.999999
6.405360,7.788317,51.206252,4318.669259,0.787674,60.240656,12.667803,4.719090,43.999999
6.426208,7.825099,51.272692,4313.392149,0.828910,60.372680,12.519316,4.663775,43.999999
6.446955,7.861881,51.341960,4308.160907,0.868759,60.503552,12.367595,4.607254,43.999999
6.467565,7.898664,51.415269,4303.001825,0.906451,60.632622,12.211693,4.549177,43.999999
6.488070,7.935451,51.491290,4297.896340,0.942556,60.760356,12.053335,4.490184,43.999999
6.508484,7.972243,51.569730,4292.841106,0.977179,60.886838,11.892943,4.430434,43.999999
6.528802,8.009040,51.650747,4287.842288,1.010144,61.011915,11.730574,4.369947,43.999999
6.548991,8.045836,51.734961,4282.921276,1.040830,61.135060,11.566230,4.308725,43.999999
6.569093,8.082633,51.821172,4278.053441,1.069973,61.256891,11.400953,4.247155,43.999999
6.589108,8.119431,51.909306,4273.239121,1.097567,61.377401,11.234913,4.185301,43.999999
6.609011,8.156236,51.999765,4268.494741,1.123145,61.496184,11.068262,4.123219,43.999999
6.628801,8.193040,52.092321,4263.821357,1.146679,61.613220,10.901503,4.061097,43.999999
6.648511,8.229844,52.186371,4259.202819,1.168644,61.728906,10.734917,3.999039,43.999999
6.668141,8.266648,52.281845,4254.639243,1.189041,61.843240,10.568648,3.937099,43.999999
6.687643,8.303452,52.379188,4250.157307,1.207123,61.955583,10.403289,3.875499,43.999999
6.707064,8.340256,52.477735,4245.736603,1.223466,62.066431,10.238956,3.814280,43.999999
6.726410,8.377063,52.577278,4241.370853,1.238254,62.175941,10.075689,3.753459,43.999999
6.745671,8.413874,52.677805,4237.064130,1.251374,62.284015,9.913715,3.693120,43.999999
6.764815,8.450679,52.779455,4232.840144,1.262177,62.390084,9.753948,3.633602,43.999999
6.783885,8.487483,52.881690,4228.670205,1.271467,62.494849,9.595843,3.574704,43.999999
6.802882,8.524287,52.984441,4224.554073,1.279253,62.598316,9.439486,3.516457,43.999999
6.821787,8.561091,53.087707,4220.505437,1.285161,62.700154,9.285505,3.459095,43.999999
6.840595,8.597895,53.191301,4216.526836,1.289130,62.800320,9.134261,3.402752,43.999999
6.859332,8.634699,53.295021,4212.600291,1.291659,62.899240,8.985186,3.347218,43.999999
6.878002,8.671503,53.398801,4208.725455,1.292757,62.996922,8.838340,3.292514,43.999999
6.896571,8.708299,53.502482,4204.924570,1.291825,63.092859,8.694895,3.239077,43.999999
6.915068,8.745096,53.605907,4201.180697,1.289327,63.187445,8.554250,3.186683,43.999999
6.933500,8.781893,53.709034,4197.486176,1.285480,63.280869,8.416109,3.135222,43.999999
6.951866,8.818690,53.811782,4193.842794,1.280242,63.373098,8.280631,3.084753,43.999999
6.970125,8.855487,53.913739,4190.273341,1.272996,63.463594,8.149208,3.035794,43.999999
6.988325,8.892284,54.015061,4186.750544,1.264490,63.553010,8.020461,2.987833,43.999999
7.006464,8.929079,54.115693,4183.273920,1.254739,63.641358,7.894410,2.940876,43.999999
7.024524,8.965868,54.215359,4179.853359,1.243477,63.728414,7.771722,2.895171,43.999999
7.042502,9.002658,54.313790,4176.492857,1.230617,63.814091,7.652780,2.850862,43.999999
7.060422,9.039448,54.411220,4173.175574,1.216604,63.898789,7.536610,2.807586,43.999999
7.078283,9.076236,54.507601,4169.901001,1.201452,63.982522,7.423217,2.765344,43.999999
7.096066,9.113019,54.602351,4166.685689,1.184732,64.064916,7.313788,2.724578,43.999999
7.113779,9.149801,54.695617,4163.517666,1.166771,64.146250,7.207622,2.685029,43.999999
7.131438,9.186583,54.787557,4160.389267,1.147773,64.226706,7.104240,2.646516,43.999999
7.149046,9.223365,54.878103,4157.300598,1.127739,64.306288,7.003683,2.609056,43.999999
7.166560,9.260148,54.966321,4154.271533,1.106163,64.384565,6.907489,2.573221,43.999999
7.184020,9.296925,55.052959,4151.278968,1.083640,64.462051,6.814041,2.538410,43.999999
7.201426,9.333700,55.137980,4148.322379,1.060190,64.538760,6.723330,2.504618,43.999999
7.218772,9.370475,55.220986,4145.408188,1.035661,64.614562,6.635899,2.472047,43.999999
7.236047,9.407250,55.301535,4142.541088,1.009933,64.689372,6.552209,2.440870,43.999999
7.253269,9.444022,55.380250,4139.706860,0.983376,64.763495,6.471187,2.410687,43.999999
7.270438,9.480790,55.457097,4136.904984,0.956009,64.836945,6.392820,2.381494,43.999999
7.287544,9.517565,55.531252,4134.146766,0.927554,64.909497,6.318114,2.353664,43.999999
7.304589,9.554329,55.602985,4131.424662,0.898204,64.981318,6.246521,2.326993,43.999999
7.321583,9.591092,55.672659,4128.731865,0.868134,65.052555,6.177498,2.301281,43.999999
7.338528,9.627860,55.740244,4126.067866,0.837360,65.123220,6.111030,2.276520,43.999999
7.355400,9.664628,55.804418,4123.447452,0.805532,65.193033,6.048543,2.253241,43.999999
7.372221,9.701391,55.866342,4120.853718,0.773064,65.262341,5.988568,2.230899,43.999999
7.389002,9.738148,55.926376,4118.285028,0.746606,65.314759,5.930761,2.209365,35.575508
7.405750,9.774893,55.984730,4115.743656,0.738032,65.320617,5.874992,2.188589,3.521245
7.422479,9.811613,56.042156,4113.231687,0.728361,65.326487,5.820691,2.168361,0.000000
7.439198,9.848319,56.098864,4110.740111,0.717941,65.332366,5.767456,2.148529,0.000000
7.455907,9.885010,56.154822,4108.268761,0.706780,65.338254,5.715299,2.129099,0.000000
7.472597,9.921683,56.209672,4105.824543,0.694629,65.344155,5.664647,2.110230,0.000000
7.489276,9.958328,56.263441,4103.404271,0.681611,65.350073,5.615386,2.091879,0.000000
7.505942,9.994959,56.316277,4101.003160,0.667907,65.356002,5.567270,2.073955,0.000000
7.522595,10.031580,56.368147,4098.621022,0.653527,65.361939,5.520311,2.056461,0.000000
7.539227,10.068166,56.418428,4096.267605,0.638127,65.367891,5.475175,2.039647,0.000000
7.555850,10.104742,56.467571,4093.932968,0.622069,65.373853,5.431283,2.023296,0.000000
7.572461,10.141304,56.515590,4091.616111,0.605390,65.379825,5.388591,2.007392,0.000000
7.589056,10.177846,56.562280,4089.319292,0.588015,65.385814,5.347283,1.992003,0.000000
7.605638,10.214368,56.607203,4087.047061,0.569793,65.391809,5.307742,1.977274,0.000000
7.622207,10.250873,56.650854,4084.791331,0.551017,65.397820,5.269432,1.963002,0.000000
7.638764,10.287361,56.693211,4082.551880,0.531696,65.403846,5.232354,1.949190,0.000000
7.655308,10.323837,56.733789,4080.333601,0.511662,65.409878,5.196930,1.935993,0.000000
7.671841,10.360291,56.772621,4078.134620,0.490994,65.415927,5.163076,1.923382,0.000000
7.688362,10.396729,56.810032,4075.950566,0.469839,65.421984,5.130471,1.911236,0.000000
7.704869,10.433153,56.846001,4073.781203,0.448206,65.428047,5.099118,1.899556,0.000000
7.721362,10.469556,56.879709,4071.633371,0.425885,65.434137,5.069675,1.888587,0.000000
7.737841,10.505950,56.911775,4069.500084,0.403113,65.440232,5.041580,1.878121,0.000000
7.754310,10.542330,56.942290,4067.380073,0.379929,65.446336,5.014744,1.868124,0.000000
7.770775,10.578690,56.971052,4065.274524,0.356296,65.452456,4.989314,1.858651,0.000000
7.787212,10.615029,56.997435,4063.187236,0.332109,65.458589,4.965746,1.849871,0.000000
7.803643,10.651355,57.022177,4061.111763,0.307576,65.464735,4.943440,1.841562,0.000000
7.820067,10.687669,57.045265,4059.047853,0.282707,65.470893,4.922395,1.833722,0.000000
7.836473,10.723970,57.066166,4056.998434,0.257420,65.477064,4.902994,1.826494,0.000000
7.852867,10.760248,57.084855,4054.962560,0.231751,65.483246,4.885219,1.819873,0.000000
7.869252,10.796514,57.101819,4052.936737,0.205809,65.489441,4.868704,1.813720,0.000000
7.885627,10.832770,57.117046,4050.920707,0.179609,65.495648,4.853449,1.808037,0.000000
7.901982,10.869006,57.129642,4048.918430,0.153048,65.501870,4.840072,1.803054,0.000000
7.918327,10.905227,57.140279,4046.925602,0.126250,65.508101,4.828081,1.798587,0.000000
7.934663,10.941436,57.149124,4044.941015,0.099253,65.514344,4.817349,1.794589,0.000000
7.950989,10.977636,57.156008,4042.965030,0.072058,65.520602,4.807981,1.791100,0.000000
7.967294,11.013814,57.160157,4040.999996,0.044622,65.526874,4.800508,1.788316,0.000000
7.983594,11.049980,57.162474,4039.041614,0.017051,65.533159,4.794291,1.786000,0.000000
7.999886,11.086131,57.162957,4037.089614,-0.010644,65.539455,4.789330,1.784151,0.000000
8.016161,11.122265,57.161100,4035.145166,-0.038473,65.545756,4.785968,1.782899,0.000000
8.032423,11.158387,57.156805,4033.207648,-0.066411,65.552082,4.784263,1.782264,0.000000
8.048677,11.194496,57.150661,4031.274878,-0.094407,65.558416,4.783812,1.782096,0.000000
8.064921,11.230592,57.142665,4029.346574,-0.122451,65.564756,4.784617,1.782396,0.000000
8.081145,11.266667,57.131956,4027.423938,-0.150527,65.571115,4.787256,1.783379,0.000000
8.097358,11.302733,57.119147,4025.504891,-0.178604,65.577486,4.791317,1.784892,0.000000
8.113565,11.338789,57.104490,4023.588637,-0.206666,65.583867,4.796634,1.786872,0.000000
8.129767,11.374835,57.087887,4021.674990,-0.234699,65.590264,4.803278,1.789347,0.000000
8.145941,11.410854,57.068445,4019.764042,-0.262647,65.596674,4.811855,1.792542,0.000000
8.162109,11.446862,57.047170,4017.854167,-0.290515,65.603098,4.821689,1.796206,0.000000
8.178272,11.482862,57.024069,4015.945073,-0.318291,65.609532,4.832783,1.800339,0.000000
8.194423,11.518850,56.998710,4014.036365,-0.345931,65.615972,4.845443,1.805055,0.000000
8.210555,11.554820,56.970908,4012.127078,-0.373385,65.622431,4.859804,1.810405,0.000000
8.226677,11.590776,56.941317,4010.216802,-0.400685,65.628903,4.875427,1.816225,0.000000
8.242790,11.626719,56.909947,4008.305235,-0.427820,65.635387,4.892311,1.822514,0.000000
8.258890,11.662649,56.876050,4006.390926,-0.454680,65.641878,4.911004,1.829478,0.000000
8.274980,11.698563,56.840130,4004.473500,-0.481285,65.648391,4.931164,1.836988,0.000000
8.291057,11.734463,56.802482,4002.552964,-0.507656,65.654913,4.952589,1.844970,0.000000
8.307121,11.770349,56.763070,4000.628900,-0.533773,65.661441,4.975311,1.853434,0.000000
8.323177,11.806221,56.721022,3998.698224,-0.559467,65.667982,5.000016,1.862637,0.000000
8.339220,11.842079,56.677319,3996.762582,-0.584861,65.674538,5.025984,1.872311,0.000000
8.355250,11.877926,56.631975,3994.821655,-0.609944,65.681107,5.053216,1.882456,0.000000
8.371262,11.913761,56.584666,3992.873710,-0.634633,65.687692,5.081983,1.893172,0.000000
8.387268,11.949577,56.535182,3990.916701,-0.658830,65.694284,5.112490,1.904537,0.000000
8.403263,11.985380,56.484146,3988.952500,-0.682653,65.700888,5.144256,1.916371,0.000000
8.419245,12.021169,56.431576,3986.980782,-0.706091,65.707504,5.177280,1.928673,0.000000
8.435222,12.056938,56.376909,3984.997606,-0.728951,65.714126,5.212065,1.941631,0.000000
8.451176,12.092697,56.320516,3983.003740,-0.751295,65.720765,5.248339,1.955144,0.000000
8.467120,12.128444,56.262705,3981.000417,-0.773185,65.727417,5.285858,1.969121,0.000000
8.483060,12.164177,56.203495,3978.987312,-0.794609,65.734083,5.324620,1.983561,0.000000
8.498978,12.199896,56.142140,3976.957352,-0.815255,65.740756,5.365347,1.998733,0.000000
8.514886,12.235596,56.079484,3974.915942,-0.835382,65.747442,5.407301,2.014362,0.000000
8.530786,12.271282,56.015555,3972.862786,-0.854983,65.754139,5.450475,2.030445,0.000000
8.546675,12.306957,55.950165,3970.795148,-0.873938,65.760842,5.495084,2.047064,0.000000
8.562544,12.342612,55.883119,3968.709146,-0.892096,65.767563,5.541380,2.064310,0.000000
8.578403,12.378254,55.814944,3966.609443,-0.909657,65.774295,5.588858,2.081996,0.000000
8.594254,12.413882,55.745666,3964.495710,-0.926611,65.781035,5.637509,2.100121,0.000000
8.610091,12.449492,55.674957,3962.361851,-0.942718,65.787789,5.687752,2.118837,0.000000
8.625912,12.485084,55.603043,3960.209122,-0.958039,65.794553,5.739379,2.138070,0.000000
8.641723,12.520663,55.530191,3958.040442,-0.972695,65.801327,5.792124,2.157719,0.000000
8.657523,12.556229,55.456431,3955.855490,-0.986674,65.808109,5.845975,2.177779,0.000000
8.673303,12.591780,55.381366,3953.643950,-0.999569,65.814906,5.901505,2.198466,0.000000
8.689073,12.627312,55.305513,3951.414022,-1.011722,65.821713,5.958111,2.219553,0.000000
8.704834,12.662828,55.228928,3949.165959,-1.023147,65.828528,6.015741,2.241022,0.000000
8.720584,12.698328,55.151546,3946.896452,-1.033710,65.835354,6.074528,2.262922,0.000000
8.736295,12.733815,55.072567,3944.600856,-1.057317,65.889958,6.135332,2.285572,21.696252
8.751967,12.769297,54.992110,3942.287227,-1.081771,65.950149,6.197893,2.308878,32.999999
8.767599,12.804776,54.910127,3939.955285,-1.105551,66.010850,6.262278,2.332863,32.999999
8.783181,12.840262,54.826167,3937.597541,-1.128404,66.072263,6.329105,2.357758,32.999999
8.798713,12.875736,54.740457,3935.214291,-1.150343,66.134356,6.398194,2.383496,32.999999
8.814200,12.911207,54.653407,3932.809862,-1.171530,66.197014,6.469082,2.409903,32.999999
8.829642,12.946678,54.565049,3930.383769,-1.191951,66.260249,6.541762,2.436978,32.999999
8.845028,12.982149,54.474795,3927.922774,-1.211155,66.324394,6.617159,2.465066,32.999999
8.860365,13.017615,54.383326,3925.436309,-1.229479,66.389190,6.694416,2.493846,32.999999
8.875659,13.053076,54.290756,3922.925315,-1.246960,66.454613,6.773408,2.523273,32.999999
8.890907,13.088533,54.196997,3920.385998,-1.263468,66.520761,6.854336,2.553420,32.999999
8.906094,13.123989,54.101816,3917.808023,-1.278667,66.587876,6.937734,2.584488,32.999999
8.921232,13.159441,54.005758,3915.202705,-1.292947,66.655668,7.022776,2.616169,32.999999
8.936323,13.194889,53.908861,3912.569579,-1.306295,66.724148,7.109442,2.648454,32.999999
8.951359,13.230331,53.810950,3909.898840,-1.318389,66.793553,7.198193,2.681516,32.999999
8.966337,13.265773,53.712191,3907.190031,-1.329218,66.863882,7.288900,2.715307,32.999999
8.981269,13.301208,53.612834,3904.450735,-1.339045,66.934949,7.381089,2.749650,32.999999
8.996156,13.336636,53.512921,3901.680513,-1.347859,67.006763,7.474729,2.784533,32.999999
9.010973,13.372063,53.412322,3898.862404,-1.355107,67.079723,7.570447,2.820191,32.999999
9.025736,13.407485,53.311343,3896.008366,-1.361193,67.153531,7.667579,2.856375,32.999999
9.040449,13.442903,53.210074,3893.120949,-1.366203,67.228127,7.765958,2.893024,32.999999
9.055106,13.478315,53.108550,3890.196412,-1.370020,67.303601,7.865651,2.930162,32.999999
9.069696,13.513721,53.006847,3887.219765,-1.372167,67.380292,7.966979,2.967909,32.999999
9.084235,13.549123,52.905125,3884.207557,-1.373186,67.457810,8.069292,3.006024,32.999999
9.098722,13.584519,52.803432,3881.159456,-1.373068,67.536161,8.172538,3.044486,32.999999
9.113140,13.619910,52.701885,3878.064544,-1.371466,67.615597,8.276869,3.083351,32.999999
9.127491,13.655295,52.600644,3874.920953,-1.368337,67.696147,8.382121,3.122561,32.999999
9.141792,13.690675,52.499721,3871.739729,-1.364032,67.777556,8.487969,3.161992,32.999999
9.156042,13.726050,52.399164,3868.520619,-1.358548,67.859831,8.594351,3.201622,32.999999
9.170211,13.761412,52.299293,3865.244994,-1.351314,67.943390,8.701306,3.241465,32.999999
9.184319,13.796768,52.200094,3861.925784,-1.342731,68.027934,8.808505,3.281400,32.999999
9.198372,13.832118,52.101553,3858.567521,-1.332947,68.113360,8.915823,3.321379,32.999999
9.212367,13.867458,52.003773,3855.167423,-1.321881,68.199732,9.023176,3.361371,32.999999
9.226271,13.902791,51.907264,3851.706991,-1.308979,68.287451,9.130283,3.401271,32.999999
9.240124,13.938119,51.811705,3848.206914,-1.294875,68.376057,9.237039,3.441040,32.999999
9.253922,13.973441,51.717146,3844.667168,-1.279572,68.465547,9.343357,3.480646,32.999999
9.267640,14.008752,51.623933,3841.077622,-1.262772,68.556144,9.448953,3.519983,32.999999
9.281284,14.044050,51.532325,3837.435012,-1.244387,68.647917,9.553481,3.558923,32.999999
9.294867,14.079340,51.441996,3833.752946,-1.224833,68.740560,9.657044,3.597503,32.999999
9.308387,14.114620,51.352992,3830.031527,-1.204114,68.834070,9.759549,3.635689,32.999999
9.321828,14.149895,51.266044,3826.253757,-1.181735,68.928827,9.860245,3.673201,32.999999
9.335195,14.185153,51.180860,3822.431565,-1.158055,69.024552,9.959226,3.710074,32.999999
9.348501,14.220400,51.097273,3818.571136,-1.133267,69.121110,10.056586,3.746343,32.999999
9.361745,14.255638,51.015396,3814.671349,-1.107347,69.218526,10.152155,3.781945,32.999999
9.374882,14.290869,50.936238,3810.713606,-1.079761,69.317209,10.244667,3.816408,32.999999
9.387960,14.326086,50.858927,3806.719524,-1.051150,69.416679,10.334986,3.850054,32.999999
9.400977,14.361292,50.783501,3802.689517,-1.021527,69.516924,10.423020,3.882849,32.999999
9.413915,14.396486,50.710453,3798.616302,-0.990690,69.618099,10.508074,3.914534,32.999999
9.426766,14.431661,50.640203,3794.496412,-0.958563,69.720282,10.589487,3.944862,32.999999
9.439549,14.466826,50.572053,3790.343447,-0.925537,69.823175,10.668069,3.974136,32.999999
9.452264,14.501982,50.506034,3786.157963,-0.891633,69.926765,10.743735,4.002324,32.999999
9.464889,14.537117,50.443135,3781.928214,-0.856541,70.031299,10.815035,4.028885,32.999999
9.477439,14.572242,50.382919,3777.663330,-0.820532,70.136577,10.882452,4.054000,32.999999
9.489919,14.607356,50.325019,3773.369693,-0.783782,70.242464,10.946474,4.077850,32.999999
9.502325,14.642455,50.269485,3769.047802,-0.746315,70.348950,11.007000,4.100397,32.999999
9.514630,14.677533,50.217766,3764.684272,-0.707811,70.456306,11.061746,4.120792,32.999999
9.526867,14.712597,50.168505,3760.296416,-0.668730,70.564174,11.112702,4.139774,32.999999
9.539034,14.747647,50.121722,3755.885052,-0.629100,70.672532,11.159811,4.157323,32.999999
9.551120,14.782681,50.077931,3751.447044,-0.588857,70.781437,11.202230,4.173125,32.999999
9.563110,14.817695,50.037702,3746.980786,-0.548013,70.890929,11.238999,4.186823,32.999999
9.575032,14.852693,50.000036,3742.496097,-0.506799,71.000795,11.271657,4.198989,32.999999
9.586884,14.887674,49.964946,3737.993879,-0.465244,71.111011,11.300173,4.209612,32.999999
9.598635,14.922642,49.933452,3733.469857,-0.423304,71.221664,11.322882,4.218071,32.999999
9.610308,14.957588,49.905124,3728.929539,-0.381126,71.332632,11.340455,4.224618,32.999999
9.621912,14.992516,49.879410,3724.377199,-0.338805,71.443833,11.353772,4.229579,32.999999
9.633442,15.027426,49.856310,3719.813785,-0.296376,71.555246,11.362825,4.232951,32.999999
9.644858,15.062314,49.837325,3715.236611,-0.253890,71.666905,11.365181,4.233829,32.999999
9.656208,15.097183,49.821009,3710.652913,-0.211455,71.778670,11.363206,4.233093,32.999999
9.667491,15.132036,49.807293,3706.063853,-0.169105,71.890519,11.357015,4.230787,32.999999
9.678688,15.166874,49.796591,3701.470127,-0.126910,72.002432,11.345945,4.226663,32.999999
9.689787,15.201685,49.789552,3696.874058,-0.085022,72.114339,11.328996,4.220349,32.999999
9.700818,15.236477,49.785050,3692.278301,-0.043413,72.226207,11.308009,4.212531,32.999999
9.711780,15.271252,49.783070,3687.683795,-0.002116,72.338014,11.283027,4.203225,32.999999
9.722649,15.306002,49.784461,3683.093348,0.038680,72.449680,11.252755,4.191947,32.999999
9.733428,15.340734,49.788886,3678.509414,0.078921,72.561158,11.217799,4.178925,32.999999
9.744139,15.375447,49.795714,3673.932150,0.118670,72.672453,11.179165,4.164533,32.999999
9.754786,15.410138,49.804920,3669.362441,0.157898,72.783545,11.136913,4.148793,32.999999
9.765328,15.444800,49.817720,3664.807472,0.196202,72.894263,11.089328,4.131066,32.999999
9.775792,15.479448,49.832896,3660.264713,0.233815,73.004674,11.038292,4.112054,32.999999
9.786188,15.514078,49.850295,3655.734457,0.270740,73.114775,10.984064,4.091853,32.999999
9.796511,15.548682,49.870176,3651.219607,0.306844,73.224503,10.926331,4.070346,32.999999
9.806740,15.583260,49.893130,3646.727242,0.341796,73.333684,10.864391,4.047272,32.999999
9.816898,15.617819,49.918111,3642.251818,0.375914,73.442458,10.799749,4.023191,32.999999
9.826986,15.652358,49.945085,3637.794020,0.409177,73.550813,10.732492,3.998136,32.999999
9.836996,15.686868,49.974619,3633.361156,0.441261,73.658581,10.661982,3.971869,32.999999
9.846919,15.721359,50.006480,3628.954175,0.472137,73.765740,10.588634,3.944545,32.999999
9.856776,15.755832,50.040112,3624.568539,0.502037,73.872400,10.513203,3.916445,32.999999
9.866569,15.790281,50.075477,3620.204820,0.530947,73.978550,10.435779,3.887602,32.999999
9.876258,15.824703,50.113323,3615.876066,0.558295,74.083900,10.355655,3.857754,32.999999
9.885882,15.859105,50.152826,3611.573640,0.584491,74.188641,10.273841,3.827276,32.999999
9.895448,15.893489,50.193808,3607.296071,0.609604,74.292811,10.190575,3.796257,32.999999
9.904948,15.927853,50.236367,3603.046608,0.633499,74.396339,10.105826,3.764686,32.999999
9.914345,15.962182,50.280885,3598.836396,0.655722,74.498976,10.019409,3.732493,32.999999
9.923683,15.996493,50.326621,3594.653330,0.676799,74.601002,9.932061,3.699954,32.999999
9.932961,16.030786,50.373529,3590.497724,0.696723,74.702409,9.843866,3.667099,32.999999
9.942162,16.065055,50.421851,3586.378329,0.715132,74.802994,9.754765,3.633907,32.999999
9.951285,16.099300,50.471450,3582.296120,0.732003,74.902753,9.665013,3.600472,32.999999
9.960350,16.133523,50.521951,3578.242898,0.747683,75.001867,9.574896,3.566901,32.999999
9.969355,16.167725,50.573307,3574.218866,0.762170,75.100332,9.484491,3.533222,32.999999
9.978272,16.201907,50.625774,3570.238651,0.774875,75.197828,9.393902,3.499476,32.999999
9.987128,16.236063,50.678947,3566.291664,0.786239,75.294592,9.303369,3.465750,32.999999
9.995926,16.270198,50.732698,3562.374681,0.796397,75.390698,9.212973,3.432075,32.999999
10.004661,16.304314,50.787016,3558.490113,0.805255,75.486096,9.122810,3.398487,32.999999
10.013313,16.338403,50.841957,3554.651473,0.812290,75.580495,9.033212,3.365109,32.999999
10.021909,16.372472,50.897205,3550.843134,0.818131,75.674241,8.944122,3.331921,32.999999
10.030450,16.406523,50.952715,3547.065095,0.822781,75.767332,8.855595,3.298942,32.999999
10.038915,16.440544,51.008467,3543.325361,0.825928,75.859598,8.767898,3.266273,32.999999
10.047314,16.474547,51.064317,3539.625746,0.827507,75.951012,8.681240,3.233991,32.999999
10.055662,16.508533,51.120166,3535.956184,0.827924,76.041787,8.595452,3.202032,32.999999
10.063959,16.542500,51.175972,3532.316594,0.827187,76.131925,8.510577,3.170414,32.999999
10.072176,16.576441,51.231579,3528.720237,0.824791,76.221159,8.427166,3.139341,32.999999
10.080331,16.610356,51.286914,3525.157509,0.821111,76.309690,8.345018,3.108739,32.999999
10.088436,16.644254,51.341957,3521.624045,0.816319,76.397613,8.264025,3.078567,32.999999
10.096494,16.678136,51.396646,3518.121038,0.810374,76.484910,8.184284,3.048861,32.999999
10.104466,16.711991,51.450649,3514.662405,0.802761,76.571302,8.106520,3.019892,32.999999
10.112392,16.745832,51.504122,3511.232014,0.794091,76.657117,8.030104,2.991425,32.999999
10.120271,16.779655,51.557025,3507.829657,0.784376,76.742364,7.955063,2.963470,32.999999
10.128088,16.813451,51.609150,3504.461512,0.773398,76.826921,7.881772,2.936167,32.999999
10.135837,16.847227,51.660293,3501.130276,0.761052,76.910746,7.810487,2.909612,32.999999
10.143535,16.880987,51.710651,3497.825742,0.747733,76.994049,7.740719,2.883621,32.999999
10.151185,16.914728,51.760189,3494.547662,0.733453,77.076837,7.672486,2.858203,32.999999
10.158776,16.948443,51.808453,3491.306488,0.717827,77.158903,7.606494,2.833619,32.999999
10.166308,16.982137,51.855577,3488.094920,0.701140,77.240407,7.542392,2.809739,32.999999
10.173792,17.015815,51.901679,3484.908237,0.683565,77.321440,7.479925,2.786469,32.999999
10.181230,17.049480,51.946708,3481.746564,0.665098,77.401998,7.419135,2.763823,32.999999
10.188596,17.083115,51.989964,3478.622557,0.645304,77.481857,7.360994,2.742164,32.999999
10.195917,17.116737,52.032015,3475.521700,0.624701,77.561295,7.304557,2.721140,32.999999
10.203191,17.150343,52.072836,3472.443690,0.603301,77.640322,7.249835,2.700754,32.999999
10.210411,17.183927,52.112132,3469.392663,0.580965,77.718869,7.197193,2.681144,32.999999
10.217573,17.217492,52.149574,3466.371640,0.557601,77.796884,7.146974,2.662436,32.999999
10.224691,17.251040,52.185627,3463.371589,0.533525,77.874540,7.098513,2.644383,32.999999
10.231764,17.284570,52.220268,3460.392182,0.508753,77.951847,7.051813,2.626986,32.999999
10.238779,17.318082,52.252891,3457.440640,0.483052,78.028690,7.007583,2.610509,32.999999
10.245740,17.351571,52.283697,3454.512107,0.456593,78.105154,6.965491,2.594829,32.999999
10.252655,17.385045,52.312957,3451.602230,0.429522,78.181323,6.925185,2.579814,32.999999
10.259524,17.418505,52.340649,3448.710668,0.401854,78.257208,6.886669,2.565465,32.999999
10.266335,17.451936,52.365805,3445.846729,0.373304,78.332674,6.850989,2.552174,32.999999
10.273101,17.485353,52.389280,3442.999602,0.344226,78.407890,6.817131,2.539561,32.999999
10.279822,17.518757,52.411079,3440.168710,0.314643,78.482874,6.785072,2.527618,32.999999
10.286495,17.552144,52.430880,3437.356298,0.284490,78.557612,6.755130,2.516464,32.999999
10.293117,17.585506,52.448224,3434.564937,0.253702,78.632064,6.727745,2.506262,32.999999
10.299694,17.618853,52.463805,3431.787664,0.222499,78.706341,6.702163,2.496732,32.999999
10.306226,17.652186,52.477610,3429.024113,0.190898,78.780456,6.678384,2.487874,32.999999
10.312703,17.685500,52.488953,3426.278323,0.158785,78.854377,6.657063,2.479931,32.999999
10.319128,17.718793,52.498046,3423.547435,0.126257,78.928142,6.637960,2.472815,32.999999
10.325513,17.752069,52.505297,3420.828067,0.093419,79.001795,6.620658,2.466369,32.999999
10.331857,17.785332,52.510696,3418.119842,0.060290,79.075349,6.605157,2.460595,32.999999
10.338144,17.818574,52.513188,3415.427517,0.026757,79.148797,6.592449,2.455861,32.999999
10.344383,17.851801,52.513707,3412.744881,-0.007010,79.222188,6.581615,2.451825,32.999999
10.350581,17.885013,52.512328,3410.071119,-0.040980,79.295539,6.572579,2.448459,32.999999
10.356737,17.918204,52.508766,3407.406928,-0.075154,79.368863,6.565602,2.445859,32.999999
10.362833,17.951375,52.502430,3404.753428,-0.109547,79.442180,6.561224,2.444228,32.999999
10.368892,17.984532,52.494172,3402.106488,-0.144051,79.515520,6.558639,2.443266,32.999999
10.374912,18.017674,52.483988,3399.465712,-0.178651,79.588892,6.557847,2.442971,32.999999
10.380872,18.050792,52.471232,3396.832185,-0.213342,79.662318,6.559446,2.443566,32.999999
10.386785,18.083898,52.456052,3394.204261,-0.248074,79.735842,6.563299,2.445002,32.999999
10.392658,18.116990,52.438944,3391.580123,-0.282814,79.809453,6.568942,2.447104,32.999999
10.398491,18.150062,52.419909,3388.959368,-0.317545,79.883158,6.576374,2.449872,32.999999
10.404268,18.183107,52.397959,3386.342334,-0.352208,79.957057,6.586525,2.453654,32.999999
10.409996,18.216143,52.373961,3383.726838,-0.386782,80.031109,6.598589,2.458148,32.999999
10.415683,18.249164,52.348062,3381.112288,-0.421256,80.105317,6.612438,2.463307,32.999999
10.421329,18.282166,52.320051,3378.498198,-0.455598,80.179719,6.628278,2.469208,32.999999
10.426914,18.315147,52.289264,3375.883188,-0.489697,80.254405,6.646750,2.476089,32.999999
10.432462,18.348114,52.256614,3373.266636,-0.523607,80.329316,6.667002,2.483634,32.999999
10.437971,18.381066,52.222112,3370.648118,-0.557310,80.404458,6.689032,2.491840,32.999999
10.443420,18.413995,52.185213,3368.026065,-0.590697,80.479917,6.713378,2.500910,32.999999
10.448822,18.446906,52.145980,3365.399160,-0.623737,80.555724,6.740010,2.510831,32.999999
10.454184,18.479800,52.104959,3362.767753,-0.656475,80.631822,6.768413,2.521412,32.999999
10.459505,18.512676,52.062164,3360.131411,-0.688895,80.708224,6.798583,2.532651,32.999999
10.464758,18.545531,52.016764,3357.486257,-0.720796,80.785103,6.831384,2.544870,32.999999
10.469970,18.578372,51.969480,3354.833425,-0.752264,80.862370,6.866121,2.557811,32.999999
10.475143,18.611196,51.920506,3352.173068,-0.783323,80.939998,6.902611,2.571404,32.999999
10.480272,18.644001,51.869715,3349.503954,-0.813921,81.018028,6.941000,2.585705,32.999999
10.485339,18.676785,51.816470,3346.821059,-0.843815,81.096658,6.982013,2.600983,32.999999
10.490360,18.709551,51.761645,3344.128018,-0.873210,81.175710,7.024754,2.616906,32.999999
10.495338,18.742300,51.705256,3341.424388,-0.902091,81.255195,7.069220,2.633470,32.999999
10.500270,18.775032,51.646910,3338.706317,-0.930284,81.335250,7.115871,2.650849,32.999999
10.505142,18.807740,51.586616,3335.971857,-0.957711,81.415933,7.164763,2.669063,32.999999
10.509971,18.840429,51.524886,3333.224176,-0.984531,81.497111,7.215341,2.687904,32.999999
10.514759,18.873101,51.461742,3330.462828,-1.010730,81.578794,7.267595,2.707370,32.999999
10.519480,18.905752,51.396599,3327.680103,-1.035973,81.661239,7.322275,2.727740,32.999999
10.524154,18.938383,51.329987,3324.879617,-1.060440,81.744304,7.378803,2.748798,32.999999
10.528787,18.970996,51.262110,3322.062848,-1.084197,81.827933,7.436947,2.770459,32.999999
10.533377,19.003589,51.192924,3319.228341,-1.107181,81.912170,7.496787,2.792750,32.999999
10.537889,19.036155,51.121939,3316.366370,-1.129007,81.997328,7.559041,2.815942,32.999999
10.542360,19.068702,51.049853,3313.485539,-1.150035,82.083105,7.622830,2.839705,32.999999
10.546789,19.101232,50.976698,3310.585419,-1.170253,82.169513,7.688138,2.864034,32.999999
10.551167,19.133745,50.902274,3307.660431,-1.189442,82.256722,7.755301,2.889054,32.999999
10.555478,19.166227,50.826567,3304.707099,-1.207466,82.344832,7.824410,2.914799,32.999999
10.561461,19.211893,50.718511,3300.513983,-1.231267,82.469990,7.924086,2.951931,32.999999
10.567339,19.257516,50.608573,3296.268834,-1.252972,82.596766,8.026868,2.990220,32.999999
10.573111,19.303097,50.496965,3291.969363,-1.272500,82.725208,8.132607,3.029610,32.999999
10.578772,19.348629,50.383875,3287.613357,-1.289788,82.855365,8.241140,3.070041,32.999999
10.584325,19.394116,50.269513,3283.198675,-1.304774,82.987284,8.352286,3.111446,32.999999
10.589765,19.439553,50.154089,3278.723276,-1.317394,83.121001,8.465848,3.153751,32.999999
10.595097,19.484946,50.037816,3274.185214,-1.327591,83.256571,8.581613,3.196877,32.999999
10.600317,19.530288,49.920924,3269.582671,-1.335312,83.394017,8.699348,3.240736,32.999999
10.605412,19.575578,49.803626,3264.913931,-1.340520,83.533376,8.818804,3.285237,32.999999
10.610399,19.620816,49.686150,3260.177424,-1.343165,83.674691,8.939713,3.330278,32.999999
10.615316,19.666001,49.570185,3255.367784,-1.309053,83.702556,9.059909,3.375055,3.607821
10.620207,19.711124,49.457720,3250.480337,-1.266760,83.713268,9.176718,3.418569,0.000000
10.625077,19.756185,49.349238,3245.515847,-1.221463,83.723969,9.289347,3.460526,0.000000
10.629936,19.801172,49.244989,3240.476079,-1.173262,83.734659,9.397287,3.500737,0.000000
10.634784,19.846097,49.145199,3235.363116,-1.122291,83.745349,9.500038,3.539014,0.000000
10.639612,19.890947,49.050176,3230.178379,-1.068646,83.756029,9.597026,3.575145,0.000000
10.644418,19.935733,48.960106,3224.925054,-1.012515,83.766698,9.687800,3.608961,0.000000
10.649213,19.980445,48.875129,3219.606819,-0.954074,83.777356,9.771972,3.640317,0.000000
10.653989,20.025084,48.795435,3214.227005,-0.893508,83.788004,9.849130,3.669060,0.000000
10.658753,20.069651,48.721173,3208.789209,-0.831010,83.798642,9.918895,3.695049,0.000000
10.663506,20.114152,48.652482,3203.297284,-0.766767,83.809269,9.980927,3.718158,0.000000
10.668238,20.158572,48.589497,3197.755310,-0.701011,83.819885,10.034926,3.738274,0.000000
10.672951,20.202926,48.532311,3192.167602,-0.633945,83.830491,10.080639,3.755303,0.000000
10.677651,20.247197,48.481009,3186.538646,-0.565806,83.841087,10.117860,3.769169,0.000000
10.682332,20.291393,48.435656,3180.873096,-0.496814,83.851672,10.146432,3.779813,0.000000
10.687000,20.335510,48.396285,3175.175749,-0.427224,83.862244,10.166253,3.787197,0.000000
10.691648,20.379559,48.362921,3169.451504,-0.357259,83.872800,10.177270,3.791301,0.000000
10.696277,20.423523,48.335570,3163.705326,-0.287167,83.883354,10.179488,3.792127,0.000000
10.700896,20.467407,48.314207,3157.942240,-0.217196,83.893893,10.172961,3.789696,0.000000
10.705501,20.511217,48.298786,3152.167280,-0.147587,83.904416,10.157799,3.784047,0.000000
10.710085,20.554950,48.289250,3146.385465,-0.078575,83.914931,10.134160,3.775241,0.000000
10.714652,20.598603,48.285513,3140.601777,-0.010397,83.925439,10.102251,3.763354,0.000000
10.719204,20.642178,48.287480,3134.821112,0.056710,83.935929,10.062325,3.748481,0.000000
10.723740,20.685673,48.295024,3129.048291,0.122534,83.946410,10.014677,3.730731,0.000000
10.728260,20.729091,48.308011,3123.287997,0.186854,83.956874,9.959641,3.710228,0.000000
10.732765,20.772429,48.326291,3117.544763,0.249459,83.967329,9.897585,3.687111,0.000000
10.737253,20.815689,48.349681,3111.822974,0.310151,83.977772,9.828909,3.661527,0.000000
10.741727,20.858870,48.378005,3106.126810,0.368742,83.988206,9.754037,3.633636,0.000000
10.746183,20.901972,48.411060,3100.460256,0.425061,83.998628,9.673416,3.603602,0.000000
10.750619,20.944996,48.448635,3094.827085,0.478940,84.009035,9.587509,3.571599,0.000000
10.755047,20.987947,48.490503,3089.230831,0.530235,84.019438,9.496790,3.537804,0.000000
10.759455,21.030817,48.536425,3083.674809,0.578801,84.029827,9.401744,3.502397,0.000000
10.763845,21.073611,48.586164,3078.162073,0.624509,84.040203,9.302858,3.465559,0.000000
10.768224,21.116331,48.639462,3072.695437,0.667256,84.050568,9.200618,3.427472,0.000000
10.772586,21.158977,48.696066,3067.277464,0.706937,84.060922,9.095507,3.388316,0.000000
10.776934,21.201550,48.755704,3061.910470,0.743475,84.071266,8.988001,3.348267,0.000000
10.781264,21.244049,48.818099,3056.596520,0.776790,84.081600,8.878566,3.307500,0.000000
10.785581,21.286475,48.882985,3051.337433,0.806829,84.091923,8.767655,3.266182,0.000000
10.789879,21.328828,48.950082,3046.134780,0.833540,84.102235,8.655704,3.224478,0.000000
10.794174,21.371115,49.019115,3040.989894,0.856895,84.112537,8.543134,3.182542,0.000000
10.798441,21.413322,49.089798,3035.903907,0.876864,84.122829,8.430347,3.140526,0.000000
10.802696,21.455463,49.161850,3030.877713,0.893442,84.133110,8.317723,3.098571,0.000000
10.806940,21.497541,49.234991,3025.911975,0.906638,84.143390,8.205624,3.056811,0.000000
10.811173,21.539547,49.308953,3021.007193,0.916445,84.153651,8.094387,3.015372,0.000000
10.815387,21.581489,49.383456,3016.163654,0.922900,84.163910,7.984332,2.974374,0.000000
10.819589,21.623357,49.458230,3011.382159,0.925978,84.174159,7.875771,2.933932,0.000000
10.823770,21.665161,49.533000,3006.662705,0.925731,84.184398,7.768990,2.894153,0.000000
10.827941,21.706902,49.607501,3002.004278,0.922243,84.194636,7.664220,2.855124,0.000000
10.832101,21.748580,49.681469,2997.406520,0.915569,84.204863,7.561691,2.816929,0.000000
10.836250,21.790196,49.754667,2992.868885,0.905772,84.215073,7.461611,2.779647,0.000000
10.840379,21.831757,49.826845,2988.390729,0.892910,84.225288,7.364172,2.743348,0.000000
10.844497,21.873248,49.897762,2983.971264,0.877065,84.235486,7.269543,2.708096,0.000000
10.848604,21.914685,49.967189,2979.609604,0.858308,84.245682,7.177879,2.673949,0.000000
10.852691,21.956058,50.034898,2975.304759,0.836731,84.255870,7.089318,2.640957,0.000000
10.856768,21.997371,50.100687,2971.055634,0.812415,84.266055,7.003980,2.609167,0.000000
10.860834,22.038631,50.164331,2966.861045,0.785455,84.276230,6.921973,2.578617,0.000000
10.864887,22.079836,50.225646,2962.719739,0.755947,84.286397,6.843392,2.549344,0.000000
10.868925,22.120982,50.284435,2958.630377,0.723984,84.296561,6.768317,2.521376,0.000000
10.872957,22.162074,50.340510,2954.591552,0.689675,84.306718,6.696819,2.494741,0.000000
10.876967,22.203111,50.393706,2950.601799,0.653114,84.316872,6.628959,2.469462,0.000000
10.880964,22.244092,50.443850,2946.659592,0.614408,84.327014,6.564787,2.445556,0.000000
10.884957,22.285023,50.490794,2942.763341,0.573665,84.337155,6.504346,2.423040,0.000000
10.888935,22.325900,50.534384,2938.911418,0.530995,84.347293,6.447671,2.401927,0.000000
10.892897,22.366725,50.574486,2935.102149,0.486514,84.357419,6.394792,2.382228,0.000000
10.896849,22.407498,50.610971,2931.333808,0.440327,84.367545,6.345730,2.363951,0.000000
10.900789,22.448223,50.643714,2927.604635,0.392544,84.377666,6.300505,2.347104,0.000000
10.904720,22.488895,50.672610,2923.912829,0.343281,84.387782,6.259129,2.331690,0.000000
10.908634,22.529516,50.697559,2920.256552,0.292652,84.397893,6.221612,2.317714,0.000000
10.912539,22.570089,50.718462,2916.633926,0.240770,84.407998,6.187962,2.305179,0.000000
10.916432,22.610615,50.735239,2913.043054,0.187752,84.418098,6.158182,2.294085,0.000000
10.920310,22.651094,50.747812,2909.482002,0.133718,84.428193,6.132274,2.284434,0.000000
10.924177,22.691525,50.756124,2905.948807,0.078778,84.438282,6.110239,2.276225,0.000000
10.928034,22.731903,50.760115,2902.441462,0.023049,84.448374,6.092074,2.269458,0.000000
10.931881,22.772236,50.759739,2898.957956,-0.033347,84.458455,6.077777,2.264132,0.000000
10.935717,22.812519,50.754963,2895.496225,-0.090300,84.468538,6.067345,2.260246,0.000000
10.939543,22.852758,50.745755,2892.054193,-0.147694,84.478615,6.060772,2.257797,0.000000
10.943350,22.892954,50.732090,2888.629747,-0.205404,84.488682,6.058055,2.256785,0.000000
10.947152,22.933101,50.713972,2885.220759,-0.263316,84.498747,6.059187,2.257207,0.000000
10.950938,22.973203,50.691394,2881.825066,-0.321307,84.508812,6.064162,2.259060,0.000000
10.954720,23.013255,50.664354,2878.440473,-0.379272,84.518868,6.072972,2.262342,0.000000
10.958484,23.053263,50.632888,2875.064758,-0.437081,84.528922,6.085612,2.267050,0.000000
10.962237,23.093229,50.597011,2871.695696,-0.494630,84.538977,6.102071,2.273182,0.000000
10.965979,23.133144,50.556762,2868.331017,-0.551784,84.549022,6.122340,2.280733,0.000000
10.969710,23.173016,50.512184,2864.968413,-0.608432,84.559066,6.146409,2.289699,0.000000
10.973431,23.212846,50.463330,2861.605583,-0.664469,84.569100,6.174265,2.300076,0.000000
10.977141,23.252624,50.410230,2858.240156,-0.719747,84.579134,6.205925,2.311870,0.000000
10.980841,23.292358,50.352930,2854.869639,-0.774159,84.589168,6.241399,2.325085,0.000000
10.984530,23.332040,50.291573,2851.491714,-0.827589,84.599191,6.280609,2.339692,0.000000
10.988208,23.371681,50.226244,2848.103955,-0.879918,84.609205,6.323533,2.355683,0.000000
10.991867,23.411278,50.157051,2844.703973,-0.931029,84.619228,6.370145,2.373047,0.000000
10.995523,23.450824,50.084085,2841.289328,-0.980823,84.629240,6.420414,2.391773,0.000000
10.999161,23.490329,50.007481,2837.857585,-1.029172,84.639243,6.474304,2.411848,0.000000
11.002796,23.529789,49.927351,2834.406279,-1.075959,84.649246,6.531774,2.433258,0.000000
11.006412,23.569197,49.843825,2830.932973,-1.121075,84.659247,6.592777,2.455983,0.000000
11.010020,23.608555,49.757049,2827.435203,-1.164404,84.669238,6.657260,2.480004,0.000000
11.013622,23.647868,49.667174,2823.910531,-1.205841,84.679221,6.725159,2.505299,0.000000
11.017207,23.687131,49.574346,2820.356519,-1.245281,84.689203,6.796404,2.531839,0.000000
11.020780,23.726350,49.478739,2816.770728,-1.282607,84.699183,6.870916,2.559597,0.000000
11.024344,23.765516,49.380519,2813.150773,-1.317723,84.709152,6.948605,2.588538,0.000000
11.027897,23.804633,49.279865,2809.494274,-1.350519,84.719114,7.029371,2.618626,0.000000
11.031439,23.843704,49.176966,2805.798882,-1.380901,84.729077,7.113100,2.649817,0.000000
11.034967,23.882723,49.072013,2802.062304,-1.408779,84.739035,7.199669,2.682066,0.000000
11.038482,23.921689,48.965207,2798.282303,-1.434057,84.748982,7.288940,2.715322,0.000000
11.041993,23.960603,48.856749,2794.456681,-1.456642,84.758924,7.380760,2.749527,0.000000
11.045489,23.999464,48.746854,2790.583316,-1.476458,84.768861,7.474964,2.784621,0.000000
11.048974,24.038273,48.635739,2786.660176,-1.493425,84.778787,7.571371,2.820535,0.000000
11.052448,24.077029,48.523622,2782.685308,-1.507468,84.788708,7.669783,2.857196,0.000000
11.055906,24.115733,48.410730,2778.656856,-1.518523,84.798624,7.769989,2.894525,0.000000
11.059354,24.154384,48.297294,2774.573078,-1.526530,84.808529,7.871759,2.932437,0.000000
11.062792,24.192977,48.183544,2770.432353,-1.531436,84.818424,7.974850,2.970841,0.000000
11.066219,24.231513,48.069713,2766.233188,-1.533200,84.828314,8.078999,3.009640,0.000000
11.069636,24.269990,47.956050,2761.974227,-1.531782,84.838198,8.183931,3.048730,0.000000
11.073035,24.308411,47.842778,2757.654295,-1.527148,84.848078,8.289353,3.088002,0.000000
11.076428,24.346772,47.730146,2753.272345,-1.519285,84.857944,8.394959,3.127343,0.000000
11.079806,24.385077,47.618398,2748.827538,-1.508188,84.867804,8.500428,3.166633,0.000000
11.083178,24.423323,47.507765,2744.319200,-1.493857,84.877649,8.605425,3.205747,0.000000
11.086534,24.461498,47.398479,2739.746854,-1.476293,84.887488,8.709607,3.244558,0.000000
11.089877,24.499615,47.290785,2735.110241,-1.455536,84.897319,8.812617,3.282932,0.000000
11.093210,24.537672,47.184906,2730.409307,-1.431606,84.907140,8.914093,3.320734,0.000000
11.096524,24.575665,47.081082,2725.644212,-1.404548,84.916950,9.013666,3.357828,0.000000
11.099835,24.613596,46.979525,2720.815346,-1.374434,84.926749,9.110962,3.394073,0.000000
11.103127,24.651454,46.880448,2715.923337,-1.341321,84.936539,9.205606,3.429330,0.000000
11.106408,24.689249,46.784057,2710.969029,-1.305299,84.946317,9.297225,3.463461,0.000000
11.109678,24.726980,46.690566,2705.953531,-1.266457,84.956095,9.385449,3.496327,0.000000
11.112938,24.764638,46.600160,2700.878149,-1.224899,84.965853,9.469915,3.527792,0.000000
11.116187,24.802233,46.513049,2695.744172,-1.180740,84.975590,9.550246,3.557718,0.000000
11.119415,24.839753,46.429438,2690.552661,-1.134071,84.985327,9.626034,3.585951,0.000000
11.122643,24.877200,46.349445,2685.306757,-1.085098,84.995052,9.697029,3.612398,0.000000
11.125850,24.914583,46.273210,2680.008700,-1.033956,85.004758,9.762928,3.636948,0.000000
11.129046,24.951884,46.200872,2674.660940,-0.980824,85.014462,9.823447,3.659493,0.000000
11.132231,24.989119,46.132547,2669.266150,-0.925866,85.024146,9.878328,3.679937,0.000000
11.135398,25.026273,46.068352,2663.827164,-0.869267,85.033820,9.927338,3.698195,0.000000
11.138562,25.063362,46.008382,2658.347003,-0.811221,85.043481,9.970275,3.714190,0.000000
11.141706,25.100376,45.952717,2652.828837,-0.751921,85.053125,10.006966,3.727858,0.000000
11.144840,25.137308,45.901420,2647.275989,-0.691574,85.062765,10.037273,3.739148,0.000000
11.147961,25.174167,45.854541,2641.691899,-0.630385,85.072387,10.061092,3.748022,0.000000
11.151066,25.210950,45.812110,2636.080097,-0.568572,85.081995,10.078353,3.754451,0.000000
11.154166,25.247654,45.774152,2630.444220,-0.506352,85.091585,10.089021,3.758426,0.000000
11.157248,25.284286,45.740667,2624.787967,-0.443935,85.101165,10.093099,3.759945,0.000000
11.160319,25.320834,45.711646,2619.115064,-0.381550,85.110734,10.090626,3.759024,0.000000
11.163376,25.357311,45.687058,2613.429281,-0.319407,85.120289,10.081673,3.755688,0.000000
11.166420,25.393704,45.666852,2607.734389,-0.257732,85.129827,10.066348,3.749980,0.000000
11.169455,25.430018,45.650982,2602.034141,-0.196733,85.139354,10.044791,3.741949,0.000000
11.172474,25.466258,45.639371,2596.332261,-0.136616,85.148867,10.017173,3.731661,0.000000
11.175483,25.502419,45.631920,2590.632407,-0.077594,85.158368,9.983695,3.719189,0.000000
11.178481,25.538502,45.628540,2584.938183,-0.019859,85.167853,9.944584,3.704619,0.000000
11.181463,25.574506,45.629123,2579.253093,0.036390,85.177324,9.900092,3.688045,0.000000
11.184429,25.610432,45.633533,2573.580555,0.090971,85.186783,9.850494,3.669568,0.000000
11.187386,25.646278,45.641627,2567.923862,0.143710,85.196227,9.796084,3.649299,0.000000
11.190331,25.682046,45.653264,2562.286178,0.194438,85.205654,9.737173,3.627353,0.000000
11.193267,25.717735,45.668286,2556.670531,0.242999,85.215073,9.674083,3.603851,0.000000
11.196191,25.753353,45.686521,2551.079790,0.289243,85.224479,9.607152,3.578917,0.000000
11.199099,25.788887,45.707797,2545.516679,0.333040,85.233871,9.536723,3.552680,0.000000
11.201999,25.824348,45.731928,2539.983747,0.374264,85.243245,9.463144,3.525270,0.000000
11.204885,25.859731,45.758721,2534.483390,0.412795,85.252605,9.386769,3.496818,0.000000
11.207758,25.895038,45.787981,2529.017803,0.448543,85.261955,9.307949,3.467456,0.000000
11.210620,25.930272,45.819501,2523.589036,0.481410,85.271295,9.227035,3.437313,0.000000
11.213471,25.965432,45.853073,2518.198934,0.511321,85.280624,9.144375,3.406520,0.000000
11.216304,26.000510,45.888501,2512.849189,0.538203,85.289934,9.060309,3.375203,0.000000
11.219133,26.035521,45.925558,2507.541289,0.562015,85.299232,8.975171,3.343487,0.000000
11.221944,26.070461,45.964024,2502.276559,0.582698,85.308519,8.889285,3.311493,0.000000
11.224752,26.105318,46.003704,2497.056165,0.600233,85.317796,8.802966,3.279337,0.000000
11.227542,26.140109,46.044366,2491.881088,0.614582,85.327062,8.716516,3.247132,0.000000
11.230320,26.174828,46.085802,2486.752132,0.625749,85.336308,8.630225,3.214986,0.000000
11.233098,26.209484,46.127789,2481.669975,0.633725,85.345553,8.544370,3.183003,0.000000
11.235855,26.244066,46.170121,2476.635201,0.638523,85.354778,8.459216,3.151280,0.000000
11.238602,26.278573,46.212571,2471.649118,0.640083,85.363992,8.375037,3.119922,0.000000
11.241338,26.313007,46.254947,2466.710891,0.638505,85.373205,8.292052,3.089007,0.000000
11.244063,26.347378,46.297017,2461.820574,0.633833,85.382397,8.210480,3.058620,0.000000
11.246778,26.381685,46.338605,2456.978112,0.626102,85.391579,8.130527,3.028835,0.000000
11.249483,26.415920,46.379498,2452.183298,0.615373,85.400751,8.052385,2.999725,0.000000
11.252177,26.450092,46.419504,2447.435816,0.601694,85.409912,7.976230,2.971356,0.000000
11.254860,26.484201,46.458441,2442.735238,0.585138,85.419065,7.902228,2.943788,0.000000
11.257533,26.518247,46.496128,2438.081021,0.565773,85.428213,7.830530,2.917078,0.000000
11.260196,26.552227,46.532391,2433.472530,0.543675,85.437343,7.761273,2.891278,0.000000
11.262848,26.586140,46.567052,2428.909028,0.518928,85.446465,7.694586,2.866436,0.000000
11.265489,26.619994,46.599952,2424.389692,0.491616,85.455581,7.630583,2.842593,0.000000
11.268120,26.653780,46.630939,2419.913597,0.461837,85.464682,7.569370,2.819789,0.000000
11.270741,26.687511,46.659860,2415.479750,0.429679,85.473777,7.511040,2.798060,0.000000
11.273351,26.721179,46.686576,2411.087087,0.395249,85.482858,7.455678,2.777436,0.000000
11.275951,26.754788,46.710946,2406.734461,0.358646,85.491935,7.403361,2.757947,0.000000
11.278540,26.788340,46.732844,2402.420657,0.319984,85.501001,7.354157,2.739617,0.000000
11.281122,26.821830,46.752147,2398.144394,0.279365,85.510062,7.308124,2.722468,0.000000
11.283696,26.855260,46.768751,2393.904346,0.236900,85.519113,7.265315,2.706521,0.000000
11.286258,26.888634,46.782544,2389.699114,0.192708,85.528153,7.225776,2.691792,0.000000
11.288811,26.921944,46.793433,2385.527243,0.146907,85.537188,7.189546,2.678295,0.000000
11.291353,26.955202,46.801329,2381.387233,0.099615,85.546212,7.156660,2.666044,0.000000
11.293889,26.988407,46.806146,2377.277537,0.050951,85.555226,7.127145,2.655049,0.000000
11.296409,27.021550,46.807813,2373.196564,0.001038,85.564235,7.101026,2.645319,0.000000
11.298920,27.054635,46.806272,2369.142669,-0.050006,85.573232,7.078320,2.636860,0.000000
11.301425,27.087667,46.801461,2365.114170,-0.102044,85.582220,7.059043,2.629679,0.000000
11.303925,27.120647,46.793327,2361.109348,-0.154957,85.591209,7.043205,2.623779,0.000000
11.306413,27.153568,46.781834,2357.126447,-0.208623,85.600184,7.030813,2.619163,0.000000
11.308886,27.186433,46.766958,2353.163664,-0.262901,85.609152,7.021870,2.615831,0.000000
11.311356,27.219245,46.748669,2349.219169,-0.317674,85.618112,7.016376,2.613785,0.000000
11.313819,27.252005,46.726949,2345.291116,-0.372811,85.627063,7.014328,2.613022,0.000000
11.316263,27.284713,46.701790,2341.377596,-0.428180,85.636003,7.015719,2.613540,0.000000
11.318702,27.317367,46.673194,2337.476705,-0.483662,85.644940,7.020538,2.615335,0.000000
11.321133,27.349962,46.641174,2333.586478,-0.539111,85.653869,7.028773,2.618403,0.000000
11.323562,27.382501,46.605740,2329.704961,-0.594413,85.662787,7.040407,2.622737,0.000000
11.325974,27.414997,46.566929,2325.830146,-0.649425,85.671704,7.055420,2.628330,0.000000
11.328383,27.447433,46.524757,2321.960032,-0.704032,85.680612,7.073788,2.635172,0.000000
11.330773,27.479815,46.479281,2318.092564,-0.758098,85.689509,7.095484,2.643255,0.000000
11.333161,27.512145,46.430537,2314.225707,-0.811485,85.698396,7.120477,2.652565,0.000000
11.335539,27.544422,46.378596,2310.357390,-0.864092,85.707282,7.148731,2.663091,0.000000
11.337907,27.576637,46.323504,2306.485530,-0.915771,85.716148,7.180207,2.674816,0.000000
11.340274,27.608808,46.265277,2302.607889,-0.966377,85.725014,7.214930,2.687751,0.000000
11.342621,27.640926,46.204058,2298.722420,-1.015811,85.733878,7.252781,2.701852,0.000000
11.344967,27.672982,46.139947,2294.827064,-1.063944,85.742723,7.293702,2.717096,0.000000
11.347293,27.704986,46.073021,2290.919708,-1.110651,85.751567,7.337630,2.733460,0.000000
11.349618,27.736944,46.003390,2286.998277,-1.155832,85.760401,7.384499,2.750920,0.000000
11.351935,27.768834,45.931169,2283.060699,-1.199359,85.769225,7.434234,2.769448,0.000000
11.354248,27.800680,45.856460,2279.104914,-1.241117,85.778046,7.486754,2.789013,0.000000
11.356543,27.832471,45.779389,2275.128880,-1.281004,85.786850,7.541971,2.809583,0.000000
11.358835,27.864201,45.700079,2271.130580,-1.318899,85.795652,7.599788,2.831121,0.000000
11.361110,27.895879,45.618671,2267.108034,-1.354709,85.804444,7.660101,2.853589,0.000000
11.363383,27.927502,45.535303,2263.059284,-1.388324,85.813227,7.722798,2.876945,0.000000
11.365645,27.959065,45.450116,2258.982432,-1.419655,85.822005,7.787755,2.901144,0.000000
11.367900,27.990575,45.363255,2254.875604,-1.448606,85.830768,7.854843,2.926136,0.000000
11.370147,28.022030,45.274883,2250.736999,-1.475089,85.839524,7.923921,2.951869,0.000000
11.372382,28.053425,45.185151,2246.564875,-1.499030,85.848266,7.994838,2.978288,0.000000
11.374612,28.084763,45.094222,2242.357544,-1.520340,85.857005,8.067435,3.005332,0.000000
11.376832,28.116043,45.002274,2238.113412,-1.538951,85.865733,8.141543,3.032939,0.000000
11.379041,28.147266,44.909465,2233.830958,-1.554806,85.874451,8.216982,3.061042,0.000000
11.381240,28.178426,44.815964,2229.508746,-1.567841,85.883158,8.293562,3.089570,0.000000
11.383434,28.209523,44.721959,2225.145451,-1.578004,85.891854,8.371084,3.118449,0.000000
11.385616,28.240562,44.627618,2220.739835,-1.585260,85.900546,8.449341,3.147602,0.000000
11.387789,28.271543,44.533119,2216.290782,-1.589570,85.909226,8.528115,3.176947,0.000000
11.389956,28.302461,44.438642,2211.797295,-1.590914,85.917891,8.607180,3.206401,0.000000
11.392113,28.333323,44.344368,2207.258495,-1.589263,85.926546,8.686304,3.235877,0.000000
11.394259,28.364119,44.250476,2202.673646,-1.584618,85.935190,8.765244,3.265284,0.000000
11.396401,28.394848,44.157139,2198.042143,-1.576979,85.943823,8.843756,3.294532,0.000000
11.398530,28.425514,44.064535,2193.363519,-1.566350,85.952446,8.921586,3.323525,0.000000
11.400651,28.456118,43.972841,2188.637479,-1.552760,85.961059,8.998478,3.352170,0.000000
11.402758,28.486658,43.882228,2183.863859,-1.536235,85.969661,9.074175,3.380369,0.000000
11.404860,28.517128,43.792861,2179.042654,-1.516826,85.978253,9.148413,3.408025,0.000000
11.406953,28.547532,43.704908,2174.174044,-1.494582,85.986826,9.220934,3.435041,0.000000
11.409036,28.577873,43.618535,2169.258341,-1.469561,85.995394,9.291478,3.461320,0.000000
11.411116,28.608142,43.533884,2164.296046,-1.441836,86.003946,9.359788,3.486767,0.000000
11.413180,28.638347,43.451105,2159.287815,-1.411492,86.012486,9.425613,3.511289,0.000000
11.415240,28.668480,43.370349,2154.234477,-1.378631,86.021014,9.488706,3.534793,0.000000
11.417282,28.698540,43.291747,2149.137007,-1.343362,86.029524,9.548831,3.557191,0.000000
11.419322,28.728535,43.215428,2143.996562,-1.305781,86.038031,9.605761,3.578399,0.000000
11.421352,28.758458,43.141513,2138.814446,-1.266024,86.046518,9.659278,3.598335,0.000000
11.423372,28.788308,43.070110,2133.592128,-1.224231,86.054995,9.709181,3.616925,0.000000
11.425381,28.818093,43.001325,2128.331210,-1.180541,86.063451,9.755280,3.634098,0.000000
11.427389,28.847795,42.935301,2123.032772,-1.135073,86.071896,9.797324,3.649761,0.000000
11.429378,28.877432,42.872094,2117.699286,-1.088009,86.080331,9.835215,3.663876,0.000000
11.431364,28.906995,42.811748,2112.332952,-1.039539,86.088754,9.868836,3.676401,0.000000
11.433332,28.936477,42.754335,2106.935895,-0.989825,86.097158,9.898073,3.687293,0.000000
11.435299,28.965892,42.699907,2101.510343,-0.939050,86.105551,9.922832,3.696516,0.000000
11.437255,28.995226,42.648499,2096.058629,-0.887397,86.113932,9.943043,3.704045,0.000000
11.439201,29.024485,42.600149,2090.583179,-0.835050,86.122293,9.958656,3.709862,0.000000
11.441136,29.053672,42.554874,2085.086465,-0.782202,86.130642,9.969645,3.713955,0.000000
11.443063,29.082782,42.512676,2079.571026,-0.729046,86.138973,9.976007,3.716325,0.000000
11.444985,29.111814,42.473551,2074.039458,-0.675767,86.147293,9.977758,3.716977,0.000000
11.446891,29.140774,42.437487,2068.494376,-0.622567,86.155599,9.974942,3.715928,0.000000
11.448794,29.169649,42.404461,2062.938421,-0.569632,86.163888,9.967620,3.713201,0.000000
11.450687,29.198454,42.374439,2057.374244,-0.517160,86.172166,9.955878,3.708826,0.000000
11.452570,29.227179,42.347368,2051.804488,-0.465339,86.180430,9.939818,3.702844,0.000000
11.454442,29.255830,42.323200,2046.231780,-0.414354,86.188677,9.919565,3.695299,0.000000
11.456303,29.284404,42.301860,2040.658712,-0.364380,86.196910,9.895261,3.686245,0.000000
11.458154,29.312898,42.283276,2035.087853,-0.315597,86.205125,9.867064,3.675741,0.000000
11.459999,29.341319,42.267372,2029.521704,-0.268176,86.213326,9.835148,3.663851,0.000000
11.461839,29.369661,42.254046,2023.962719,-0.222280,86.221510,9.799700,3.650646,0.000000
11.463669,29.397925,42.243195,2018.413278,-0.178064,86.229684,9.760921,3.636200,0.000000
11.465488,29.426109,42.234717,2012.875682,-0.135679,86.237843,9.719021,3.620591,0.000000
11.467297,29.454221,42.228494,2007.352143,-0.095266,86.245985,9.674221,3.603902,0.000000
11.469095,29.482258,42.224408,2001.844788,-0.056957,86.254117,9.626747,3.586217,0.000000
11.470888,29.510212,42.222328,1996.355648,-0.020870,86.262233,9.576833,3.567622,0.000000
11.472670,29.538093,42.222117,1990.886638,0.012875,86.270334,9.524717,3.548208,0.000000
11.474443,29.565899,42.223644,1985.439570,0.044175,86.278418,9.470638,3.528062,0.000000
11.476209,29.593628,42.226762,1980.016151,0.072938,86.286488,9.414838,3.507275,0.000000
11.477965,29.621283,42.231329,1974.617957,0.099079,86.294547,9.357560,3.485937,0.000000
11.479718,29.648864,42.237202,1969.246471,0.122533,86.302588,9.299042,3.464138,0.000000
11.481455,29.676372,42.244216,1963.903027,0.143218,86.310616,9.239522,3.441965,0.000000
11.483187,29.703799,42.252230,1958.588868,0.161095,86.318634,9.179236,3.419507,0.000000
11.484912,29.731158,42.261083,1953.305098,0.176119,86.326641,9.118411,3.396848,0.000000
11.486625,29.758437,42.270628,1948.052709,0.188244,86.334629,9.057272,3.374072,0.000000
11.488329,29.785649,42.280707,1942.832566,0.197461,86.342604,8.996037,3.351261,0.000000
11.490030,29.812790,42.291161,1937.645431,0.203753,86.350561,8.934916,3.328491,0.000000
11.491722,29.839857,42.301836,1932.491946,0.207116,86.358514,8.874112,3.305840,0.000000
11.493404,29.866850,42.312582,1927.372624,0.207549,86.366449,8.813820,3.283380,0.000000
11.495076,29.893780,42.323258,1922.287885,0.205063,86.374363,8.754228,3.261180,0.000000
11.496737,29.920627,42.333695,1917.238030,0.199698,86.382276,8.695513,3.239307,0.000000
11.498397,29.947410,42.343761,1912.223261,0.191465,86.390178,8.637844,3.217824,0.000000
11.500047,29.974129,42.353297,1907.244235,0.180363,86.398060,8.581404,3.196799,0.000000
11.501687,30.000774,42.362162,1902.300633,0.166469,86.405931,8.526338,3.176285,0.000000
11.503325,30.027346,42.370230,1897.392095,0.149850,86.413790,8.472779,3.156333,0.000000
11.504945,30.053854,42.377354,1892.518417,0.130580,86.421631,8.420860,3.136992,0.000000
11.506564,30.080290,42.383425,1887.679292,0.108714,86.429469,8.370704,3.118308,0.000000
11.508181,30.106663,42.388305,1882.874353,0.084330,86.437289,8.322427,3.100323,0.000000
11.509780,30.132973,42.391886,1878.103136,0.057511,86.445106,8.276136,3.083078,0.000000
11.511377,30.159218,42.394050,1873.365092,0.028337,86.452904,8.231929,3.066610,0.000000
11.512963,30.185392,42.394680,1868.659603,-0.003098,86.460691,8.189897,3.050952,0.000000
11.514541,30.211500,42.393677,1863.985978,-0.036704,86.468468,8.150124,3.036135,0.000000
11.516117,30.237540,42.390954,1859.343457,-0.072377,86.476231,8.112683,3.022188,0.000000
11.517682,30.263522,42.386409,1854.731208,-0.110020,86.483980,8.077645,3.009135,0.000000
11.519240,30.289436,42.379962,1850.148336,-0.149514,86.491725,8.045069,2.997000,0.000000
11.520795,30.315292,42.371525,1845.593874,-0.190759,86.499456,8.015010,2.985802,0.000000
11.522339,30.341081,42.361033,1841.066812,-0.233636,86.507174,7.987517,2.975560,0.000000
11.523876,30.366810,42.348411,1836.566079,-0.278021,86.514884,7.962632,2.966290,0.000000
11.525409,30.392473,42.333602,1832.090556,-0.323805,86.522581,7.940389,2.958004,0.000000
11.526932,30.418076,42.316549,1827.639063,-0.370859,86.530269,7.920821,2.950714,0.000000
11.528444,30.443614,42.297210,1823.210379,-0.419058,86.537946,7.903950,2.944429,0.000000
11.529951,30.469094,42.275536,1818.803232,-0.468275,86.545613,7.889797,2.939157,0.000000
11.531452,30.494512,42.251496,1814.416312,-0.518380,86.553269,7.878375,2.934902,0.000000
11.532949,30.519867,42.225061,1810.048274,-0.569245,86.560914,7.869694,2.931668,0.000000
11.534439,30.545164,42.196206,1805.697726,-0.620740,86.568544,7.863757,2.929456,0.000000
11.535920,30.570398,42.164914,1801.363238,-0.672730,86.576169,7.860564,2.928267,0.000000
11.537389,30.595570,42.131182,1797.043362,-0.725083,86.583783,7.860109,2.928098,0.000000
11.538855,30.620689,42.095008,1792.736610,-0.777667,86.591387,7.862382,2.928944,0.000000
11.540321,30.645743,42.056388,1788.441466,-0.830350,86.598979,7.867368,2.930802,0.000000
11.541772,30.670737,42.015342,1784.156395,-0.882996,86.606563,7.875047,2.933662,0.000000
11.543218,30.695671,41.971882,1779.879826,-0.935466,86.614133,7.885394,2.937517,0.000000
11.544663,30.720550,41.926030,1775.610196,-0.987633,86.621697,7.898381,2.942355,0.000000
11.546093,30.745368,41.877817,1771.345899,-1.039365,86.629246,7.913973,2.948163,0.000000
11.547517,30.770124,41.827276,1767.085329,-1.090530,86.636789,7.932131,2.954927,0.000000
11.548942,30.794817,41.774456,1762.826868,-1.140999,86.644316,7.952811,2.962631,0.000000
11.550358,30.819455,41.719394,1758.568876,-1.190642,86.651839,7.975965,2.971257,0.000000
11.551764,30.844032,41.662156,1754.309744,-1.239332,86.659345,8.001539,2.980784,0.000000
11.553168,30.868554,41.602790,1750.047825,-1.286939,86.666847,8.029472,2.991190,0.000000
11.554554,30.893016,41.541359,1745.781492,-1.333352,86.674331,8.059702,3.002451,0.000000
11.555947,30.917414,41.477945,1741.509142,-1.378445,86.681813,8.092156,3.014541,0.000000
11.557331,30.941749,41.412616,1737.229143,-1.422098,86.689276,8.126761,3.027432,0.000000
11.558705,30.966031,41.345455,1732.939921,-1.464204,86.696737,8.163433,3.041094,0.000000
11.560068,30.990250,41.276516,1728.639717,-1.504622,86.704178,8.202112,3.055502,0.000000
11.561431,31.014415,41.205903,1724.326984,-1.543265,86.711619,8.242695,3.070621,0.000000
11.562784,31.038507,41.133722,1720.000284,-1.580023,86.719039,8.285062,3.086404,0.000000
11.564136,31.062547,41.060079,1715.658148,-1.614820,86.726458,8.329109,3.102812,0.000000
11.565477,31.086524,40.985071,1711.299118,-1.647551,86.733858,8.374724,3.119805,0.000000
11.566810,31.110446,40.908808,1706.921790,-1.678130,86.741255,8.421789,3.137338,0.000000
11.568140,31.134298,40.831395,1702.524789,-1.706482,86.748632,8.470182,3.155366,0.000000
11.569462,31.158094,40.752943,1698.106812,-1.732533,86.756000,8.519774,3.173840,0.000000
11.570783,31.181820,40.673567,1693.666610,-1.756208,86.763356,8.570431,3.192711,0.000000
11.572092,31.205492,40.593377,1689.202977,-1.777445,86.770703,8.622012,3.211926,0.000000
11.573394,31.229100,40.512495,1684.714793,-1.796182,86.778039,8.674373,3.231432,0.000000
11.574692,31.252646,40.431046,1680.200995,-1.812381,86.785364,8.727363,3.251173,0.000000
11.575981,31.276128,40.349145,1675.660612,-1.826003,86.792679,8.780829,3.271090,0.000000
11.577262,31.299548,40.266910,1671.092734,-1.837004,86.799980,8.834611,3.291125,0.000000
11.578539,31.322905,40.184469,1666.496546,-1.845363,86.807263,8.888547,3.311218,0.000000
11.579810,31.346194,40.101943,1661.871318,-1.851062,86.814540,8.942471,3.331306,0.000000
11.581077,31.369419,40.019458,1657.216413,-1.854098,86.821809,8.996215,3.351327,0.000000
11.582338,31.392582,39.937126,1652.531297,-1.854469,86.829061,9.049609,3.371217,0.000000
11.583589,31.415681,39.855065,1647.815522,-1.852182,86.836298,9.102480,3.390913,0.000000
11.584834,31.438713,39.773399,1643.068750,-1.847260,86.843523,9.154657,3.410351,0.000000
11.586074,31.461676,39.692246,1638.290748,-1.839723,86.850739,9.205968,3.429465,0.000000
11.587304,31.484576,39.611719,1633.481381,-1.829614,86.857938,9.256241,3.448193,0.000000
11.588534,31.507409,39.531924,1628.640630,-1.816983,86.865128,9.305307,3.466472,0.000000
11.589752,31.530172,39.452971,1623.768587,-1.801882,86.872307,9.353001,3.484239,0.000000
11.590968,31.552868,39.374966,1618.865446,-1.784378,86.879469,9.399158,3.501434,0.000000
11.592175,31.575501,39.298004,1613.931519,-1.764546,86.886616,9.443620,3.517997,0.000000
11.593374,31.598064,39.222184,1608.967226,-1.742461,86.893753,9.486236,3.533872,0.000000
11.594566,31.620554,39.147594,1603.973085,-1.718219,86.900873,9.526858,3.549005,0.000000
11.595755,31.642978,39.074321,1598.949728,-1.691927,86.907986,9.565346,3.563343,0.000000
11.596937,31.665331,39.002451,1593.897902,-1.663686,86.915084,9.601571,3.576838,0.000000
11.598115,31.687610,38.932046,1588.818444,-1.633608,86.922161,9.635410,3.589444,0.000000
11.599286,31.709824,38.863185,1583.712277,-1.601834,86.929233,9.666751,3.601119,0.000000
11.600446,31.731967,38.795920,1578.580443,-1.568482,86.936289,9.695492,3.611826,0.000000
11.601596,31.754037,38.730320,1573.424061,-1.533685,86.943324,9.721542,3.621530,0.000000
11.602753,31.776033,38.666425,1568.244344,-1.497600,86.950346,9.744822,3.630203,0.000000
11.603893,31.797964,38.604278,1563.042563,-1.460361,86.957358,9.765266,3.637819,0.000000
11.605031,31.819823,38.543919,1557.820080,-1.422135,86.964359,9.782820,3.644358,0.000000
11.606159,31.841600,38.485375,1552.578335,-1.383073,86.971341,9.797443,3.649805,0.000000
11.607286,31.863311,38.428666,1547.318800,-1.343337,86.978311,9.809106,3.654150,0.000000
11.608404,31.884950,38.373805,1542.043024,-1.303087,86.985260,9.817796,3.657387,0.000000
11.609511,31.906515,38.320809,1536.752470,-1.262493,86.992199,9.823483,3.659506,0.000000
11.610618,31.928004,38.269707,1531.448760,-1.221721,86.999127,9.826166,3.660506,0.000000
11.611714,31.949411,38.220452,1526.133773,-1.180938,87.006034,9.825915,3.660412,0.000000
11.612810,31.970754,38.173032,1520.809190,-1.140327,87.012930,9.822768,3.659240,0.000000
11.613895,31.992024,38.127416,1515.476720,-1.100055,87.019807,9.816777,3.657008,0.000000
11.614972,32.013219,38.083590,1510.138082,-1.060268,87.026681,9.808005,3.653740,0.000000
11.616046,32.034333,38.041513,1504.794996,-1.021143,87.033525,9.796527,3.649464,0.000000
11.617112,32.055380,38.001148,1499.449168,-0.982834,87.040360,9.782429,3.644212,0.000000
11.618176,32.076347,37.962442,1494.102308,-0.945499,87.047184,9.765808,3.638020,0.000000
11.619229,32.097247,37.925341,1488.756104,-0.909289,87.053995,9.746768,3.630928,0.000000
11.620275,32.118068,37.889791,1483.412216,-0.874351,87.060785,9.725424,3.622976,0.000000
11.621317,32.138821,37.855733,1478.072275,-0.840825,87.067557,9.701898,3.614212,0.000000
11.622352,32.159492,37.823092,1472.737881,-0.808849,87.074318,9.676318,3.604683,0.000000
11.623384,32.180090,37.791796,1467.410582,-0.778547,87.081065,9.648820,3.594439,0.000000
11.624409,32.200614,37.761768,1462.091897,-0.750041,87.087796,9.619544,3.583533,0.000000
11.625430,32.221065,37.732926,1456.783276,-0.723452,87.094515,9.588635,3.572019,0.000000
11.626441,32.241443,37.705186,1451.486129,-0.698885,87.101220,9.556241,3.559951,0.000000
11.627445,32.261747,37.678460,1446.201800,-0.676440,87.107909,9.522513,3.547387,0.000000
11.628445,32.281977,37.652660,1440.931566,-0.656206,87.114582,9.487604,3.534382,0.000000
11.629439,32.302134,37.627687,1435.676647,-0.638257,87.121239,9.451667,3.520995,0.000000
11.630428,32.322218,37.603455,1430.438193,-0.622680,87.127886,9.414857,3.507282,0.000000
11.631407,32.342228,37.579858,1425.217285,-0.609533,87.134516,9.377327,3.493301,0.000000
11.632380,32.362164,37.556799,1420.014926,-0.598871,87.141132,9.339230,3.479109,0.000000
11.633354,32.382027,37.534185,1414.832054,-0.590747,87.147737,9.300717,3.464762,0.000000
11.634322,32.401823,37.511916,1409.669535,-0.585198,87.154325,9.261936,3.450315,0.000000
11.635279,32.421543,37.489888,1404.528144,-0.582248,87.160899,9.223033,3.435822,0.000000
11.636232,32.441192,37.468000,1399.408592,-0.581922,87.167462,9.184150,3.421337,0.000000
11.637178,32.460772,37.446149,1394.311517,-0.584237,87.174008,9.145425,3.406911,0.000000
11.638121,32.480277,37.424248,1389.237469,-0.589184,87.180539,9.106993,3.392595,0.000000
11.639057,32.499717,37.402193,1384.186934,-0.596771,87.187061,9.068984,3.378435,0.000000
11.639990,32.519079,37.379888,1379.160325,-0.606972,87.193564,9.031522,3.364480,0.000000
11.640914,32.538380,37.357248,1374.157965,-0.619777,87.200054,8.994728,3.350773,0.000000
11.641837,32.557604,37.334163,1369.180108,-0.635146,87.206534,8.958716,3.337357,0.000000
11.642751,32.576761,37.310554,1364.226948,-0.653048,87.213003,8.923594,3.324274,0.000000
11.643655,32.595846,37.286334,1359.298591,-0.673438,87.219453,8.889468,3.311561,0.000000
11.644565,32.614867,37.261421,1354.395096,-0.696271,87.225891,8.856434,3.299255,0.000000
11.645459,32.633816,37.235724,1349.516417,-0.721475,87.232318,8.824585,3.287390,0.000000
11.646351,32.652700,37.209163,1344.662480,-0.748995,87.238735,8.794006,3.275999,0.000000
11.647243,32.671512,37.181664,1339.833115,-0.778758,87.245132,8.764780,3.265111,0.000000
11.648125,32.690261,37.153171,1335.028109,-0.810678,87.251518,8.736980,3.254755,0.000000
11.648996,32.708946,37.123583,1330.247333,-0.844693,87.257893,8.710685,3.244959,0.000000
11.649877,32.727556,37.092840,1325.490684,-0.880735,87.264257,8.685977,3.235755,0.000000
11.650738,32.746104,37.060887,1320.757348,-0.918672,87.270601,8.662888,3.227154,0.000000
11.651599,32.764587,37.027681,1316.046850,-0.958398,87.276935,8.641469,3.219175,0.000000
11.652458,32.782999,36.993167,1311.358687,-0.999823,87.283267,8.621766,3.211835,0.000000
11.653309,32.801347,36.957285,1306.692280,-1.042831,87.289577,8.603820,3.205149,0.000000
11.654158,32.819631,36.920008,1302.047032,-1.087312,87.295870,8.587665,3.199131,0.000000
11.654999,32.837845,36.881281,1297.422255,-1.133152,87.302160,8.573332,3.193792,0.000000
11.655837,32.856002,36.841084,1292.817250,-1.180244,87.308432,8.560844,3.189140,0.000000
11.656667,32.874088,36.799375,1288.231268,-1.228450,87.314700,8.550222,3.185183,0.000000
11.657495,32.892114,36.756142,1283.663511,-1.277663,87.320950,8.541479,3.181926,0.000000
11.658315,32.910082,36.711347,1279.113135,-1.327754,87.327188,8.534625,3.179373,0.000000
11.659132,32.927979,36.664989,1274.579274,-1.378591,87.333414,8.529665,3.177525,0.000000
11.659941,32.945813,36.617046,1270.061033,-1.430054,87.339625,8.526596,3.176381,0.000000
11.660751,32.963581,36.567518,1265.557475,-1.482005,87.345832,8.525415,3.175941,0.000000
11.661557,32.981283,36.516401,1261.067623,-1.534328,87.352025,8.526111,3.176201,0.000000
11.662356,32.998928,36.463692,1256.590489,-1.586881,87.358202,8.528668,3.177153,0.000000
11.663151,33.016510,36.409402,1252.125068,-1.639538,87.364367,8.533068,3.178792,0.000000
11.663941,33.034029,36.353542,1247.670314,-1.692173,87.370522,8.539287,3.181109,0.000000
11.664725,33.051486,36.296122,1243.225172,-1.744650,87.376667,8.547294,3.184092,0.000000
11.665504,33.068884,36.237164,1238.788580,-1.796846,87.382801,8.557059,3.187729,0.000000
11.666278,33.086219,36.176700,1234.359442,-1.848638,87.388920,8.568541,3.192007,0.000000
11.667046,33.103487,36.114750,1229.936672,-1.899895,87.395028,8.581700,3.196909,0.000000
11.667815,33.120691,36.051343,1225.519167,-1.950491,87.401125,8.596489,3.202418,0.000000
11.668578,33.137838,35.986516,1221.105823,-2.000305,87.407213,8.612856,3.208515,0.000000
11.669330,33.154920,35.920308,1216.695535,-2.049228,87.413289,8.630747,3.215180,0.000000
11.670085,33.171942,35.852767,1212.287199,-2.097137,87.419350,8.650102,3.222391,0.000000
11.670829,33.188905,35.783935,1207.879723,-2.143919,87.425400,8.670858,3.230123,0.000000
11.671574,33.205805,35.713864,1203.472012,-2.189471,87.431440,8.692947,3.238352,0.000000
11.672315,33.222641,35.642597,1199.062998,-2.233691,87.437462,8.716298,3.247050,0.000000
11.673046,33.239415,35.570197,1194.651613,-2.276470,87.443478,8.740834,3.256191,0.000000
11.673773,33.256125,35.496722,1190.236813,-2.317718,87.449479,8.766478,3.265744,0.000000
11.674501,33.272773,35.422236,1185.817590,-2.357347,87.455475,8.793145,3.275678,0.000000
11.675220,33.289358,35.346794,1181.392938,-2.395272,87.461454,8.820751,3.285962,0.000000
11.675938,33.305888,35.270458,1176.961905,-2.431416,87.467421,8.849205,3.296562,0.000000
11.676655,33.322348,35.193302,1172.523547,-2.465703,87.473377,8.878415,3.307443,0.000000
11.677364,33.338753,35.115392,1168.076973,-2.498067,87.479323,8.908286,3.318571,0.000000
11.678062,33.355086,35.036801,1163.621330,-2.528453,87.485249,8.938719,3.329908,0.000000
11.678759,33.371366,34.957596,1159.155787,-2.556797,87.491173,8.969615,3.341418,0.000000
11.679455,33.387583,34.877840,1154.679586,-2.583055,87.497077,9.000872,3.353062,0.000000
11.680152,33.403726,34.797618,1150.191963,-2.607197,87.502971,9.032385,3.364801,0.000000
11.680839,33.419816,34.716999,1145.692019,-2.629143,87.508853,9.064049,3.376597,0.000000
11.681515,33.435842,34.636049,1141.179375,-2.648905,87.514726,9.095753,3.388407,0.000000
11.682192,33.451796,34.554851,1136.653466,-2.666492,87.520587,9.127389,3.400193,0.000000
11.682867,33.467695,34.473472,1132.113795,-2.681876,87.526428,9.158851,3.411913,0.000000
11.683533,33.483524,34.391995,1127.559933,-2.695066,87.532258,9.190031,3.423528,0.000000
11.684200,33.499297,34.310478,1122.991487,-2.706076,87.538078,9.220823,3.434999,0.000000
11.684864,33.515000,34.229001,1118.408154,-2.714925,87.543888,9.251121,3.446286,0.000000
11.685520,33.530646,34.147620,1113.809686,-2.721630,87.549684,9.280822,3.457350,0.000000
11.686174,33.546222,34.066405,1109.195896,-2.726234,87.555465,9.309824,3.468154,0.000000
11.686819,33.561734,33.985430,1104.566680,-2.728780,87.561240,9.338028,3.478661,0.000000
11.687462,33.577183,33.904746,1099.921992,-2.729314,87.566998,9.365338,3.488835,0.000000
11.688098,33.592567,33.824412,1095.261855,-2.727898,87.572741,9.391661,3.498641,0.000000
11.688733,33.607880,33.744486,1090.586355,-2.724609,87.578467,9.416907,3.508046,0.000000
11.689365,33.623130,33.665029,1085.895661,-2.719511,87.584187,9.440993,3.517018,0.000000
11.689990,33.638317,33.586092,1081.189994,-2.712693,87.589894,9.463839,3.525529,0.000000
11.690615,33.653441,33.507716,1076.469659,-2.704245,87.595583,9.485369,3.533550,0.000000
11.691236,33.668498,33.429946,1071.735007,-2.694259,87.601262,9.505515,3.541055,0.000000
11.691847,33.683486,33.352827,1066.986464,-2.682844,87.606926,9.524214,3.548020,0.000000
11.692456,33.698411,33.276397,1062.224524,-2.670106,87.612578,9.541408,3.554426,0.000000
11.693066,33.713268,33.200684,1057.449721,-2.656163,87.618221,9.557048,3.560252,0.000000
11.693666,33.728057,33.125727,1052.662663,-2.641139,87.623847,9.571090,3.565483,0.000000
11.694260,33.742782,33.051547,1047.864010,-2.625157,87.629458,9.583496,3.570105,0.000000
11.694854,33.757439,32.978160,1043.054475,-2.608342,87.635059,9.594239,3.574106,0.000000
11.695443,33.772029,32.905590,1038.234817,-2.590828,87.640643,9.603295,3.577480,0.000000
11.696027,33.786555,32.833855,1033.405841,-2.572762,87.646212,9.610651,3.580220,0.000000
11.696611,33.801012,32.762960,1028.568395,-2.554274,87.651771,9.616298,3.582324,0.000000
11.697189,33.815396,32.692911,1023.723364,-2.535509,87.657312,9.620238,3.583792,0.000000
11.697763,33.829720,32.623706,1018.871668,-2.516615,87.662847,9.622477,3.584626,0.000000
11.698329,33.843969,32.555341,1014.014256,-2.497731,87.668367,9.623030,3.584832,0.000000
11.698893,33.858158,32.487816,1009.152122,-2.479005,87.673866,9.621920,3.584418,0.000000
11.699457,33.872278,32.421115,1004.286254,-2.460587,87.679352,9.619174,3.583395,0.000000
11.700013,33.886325,32.355225,999.417685,-2.442612,87.684827,9.614829,3.581777,0.000000
2.079506,5.943867,46.928545,4589.876743,-0.594703,52.434121,20.665305,7.698370,0.000000
0.093676,0.093676,49.997552,5336.342298,0.044656,45.000165,22.924688,8.540050,0.000000
0.145372,0.145372,50.025026,5323.213195,0.344505,45.000268,22.724227,8.465372,0.000000
0.196949,0.196949,50.094924,5310.159082,0.640310,45.000379,22.391891,8.341568,0.000000
0.248383,0.248392,50.206319,5297.254243,0.929935,45.000501,21.936971,8.172099,0.000000
0.299698,0.299708,50.357986,5284.567442,1.211405,45.000643,21.371329,7.961382,0.000000
0.350879,0.350889,50.548464,5272.160575,1.482949,45.000787,20.708781,7.714566,0.000000
0.401943,0.401953,50.776067,5260.087755,1.743023,45.000950,19.964422,7.437272,0.000000
0.452868,0.452888,51.039704,5248.404238,1.989994,45.001135,19.152834,7.134935,0.000000
0.503678,0.503698,51.336481,5237.138366,2.223123,45.001331,18.291658,6.814124,0.000000
0.554373,0.554393,51.664283,5226.317745,2.441643,45.001547,17.396074,6.480495,0.000000
0.604952,0.604982,52.020908,5215.961746,2.645026,45.001785,16.480278,6.139337,0.000000
0.655427,0.655457,52.404138,5206.082087,2.832966,45.000949,15.557174,5.795457,-0.249690
0.705799,0.705826,52.811729,5196.683604,3.005267,44.992313,14.638186,5.453110,-2.000000
0.756076,0.756082,53.241477,5187.765044,3.162172,44.984217,13.733118,5.115948,-2.000000
0.806262,0.806244,53.691217,5179.319984,3.303933,44.976675,12.850120,4.787008,-2.000000
0.856373,0.856312,54.158842,5171.337701,3.430935,44.969672,11.995758,4.468736,-2.000000
0.906402,0.906287,54.642332,5163.804038,3.543665,44.963183,11.175113,4.163024,-2.000000
0.956355,0.956179,55.139742,5156.702203,3.642705,44.957201,10.391909,3.871260,-2.000000
1.006233,1.005989,55.649231,5150.013457,3.728678,44.951699,9.648671,3.594384,-2.000000
1.056052,1.055726,56.169049,5143.717774,3.802251,44.946666,8.946879,3.332948,-2.000000
1.105805,1.105390,56.697554,5137.794350,3.864113,44.942080,8.287140,3.087178,-2.000000
1.155501,1.154987,57.233203,5132.222067,3.914961,44.937908,7.669333,2.857028,-2.000000
1.205138,1.204528,57.774542,5126.979880,3.955490,44.934134,7.092755,2.642238,-2.000000
1.254723,1.254011,58.320227,5122.047096,3.986392,44.930742,6.556251,2.442376,-2.000000
1.304260,1.303436,58.869014,5117.403606,4.008320,44.927702,6.058324,2.256885,-2.000000
1.353750,1.352808,59.419745,5113.030066,4.021914,44.925000,5.597233,2.085117,-2.000000
1.403197,1.402138,59.971340,5108.908014,4.027792,44.922613,5.171075,1.926361,-2.000000
1.452603,1.451425,60.522811,5105.019944,4.026526,44.920520,4.777849,1.779875,-2.000000
1.501967,1.500671,61.073244,5101.349381,4.018657,44.918705,4.415516,1.644896,-2.000000
1.551300,1.549875,61.621799,5097.880865,4.004701,44.917152,4.082035,1.520666,-2.000000
1.600595,1.599043,62.167704,5094.599973,3.985133,44.915850,3.775404,1.406437,-2.000000
1.649854,1.648185,62.710244,5091.493279,3.960404,44.914776,3.493678,1.301487,-2.000000
1.699088,1.697294,63.248771,5088.548349,3.930921,44.913924,3.234990,1.205119,-2.000000
1.748288,1.746367,63.782681,5085.753692,3.897065,44.913276,2.997565,1.116672,-2.000000
1.797460,1.795416,64.311426,5083.098692,3.859191,44.912825,2.779726,1.035521,-2.000000
1.846611,1.844437,64.834498,5080.573588,3.817621,44.912558,2.579897,0.961080,-2.000000
1.895733,1.893433,65.351437,5078.169407,3.772660,44.912463,2.396607,0.892799,-2.000000
1.944832,1.942417,65.861818,5075.877916,3.724585,44.912535,2.228486,0.830170,-2.000000
1.993909,1.991373,66.365245,5073.691559,3.673649,44.912767,2.074267,0.772719,-2.000000
2.042966,2.040307,66.861372,5071.603419,3.620074,44.913149,1.932776,0.720010,-2.000000
2.092001,2.089220,67.349859,5069.607181,3.564076,44.913669,1.802935,0.671641,-2.000000
2.141007,2.138120,67.830413,5067.697048,3.505851,44.914326,1.683750,0.627241,-2.000000
2.190008,2.187010,68.302755,5065.867726,3.445585,44.915119,1.574311,0.586472,-2.000000
2.238982,2.235871,68.766634,5064.114381,3.383433,44.916030,1.473782,0.549023,-2.000000
2.287943,2.284728,69.221820,5062.432590,3.319544,44.917066,1.381402,0.514608,-2.000000
2.336884,2.333567,69.668079,5060.818320,3.254060,44.918218,1.296471,0.482970,-2.000000
2.385804,2.382394,70.105243,5059.267872,3.187100,44.919476,1.218355,0.453869,-2.000000
2.434712,2.431211,70.532905,5057.779071,3.118757,44.920851,1.146589,0.427135,-2.000000
2.483600,2.480017,70.951083,5056.347685,3.049155,44.922332,1.080524,0.402523,-2.000000
2.532478,2.528812,71.359637,5054.970719,2.978413,44.923917,1.019659,0.379850,-2.000000
2.581345,2.577587,71.758435,5053.645621,2.906599,44.925596,0.963560,0.358952,-2.000000
2.630200,2.626363,72.147341,5052.370028,2.833805,44.927370,0.911828,0.339680,-2.000000
2.679035,2.675136,72.526238,5051.141786,2.760097,44.929238,0.864102,0.321901,-2.000000
2.727852,2.723891,72.895018,5049.958937,2.685548,44.931201,0.820052,0.305491,-2.000000
2.776664,2.772645,73.253577,5048.819651,2.610214,44.933256,0.779377,0.290338,-2.000000
2.825461,2.821387,73.601816,5047.722270,2.534167,44.935396,0.741805,0.276342,-2.000000
2.874252,2.870122,73.939648,5046.665263,2.457456,44.937619,0.707088,0.263409,-2.000000
2.923025,2.918857,74.267001,5045.647231,2.380118,44.939926,0.674999,0.251455,-2.000000
2.971788,2.967589,74.583796,5044.666881,2.302203,44.942317,0.645331,0.240403,-2.000000
3.020540,3.016310,74.889966,5043.723008,2.223756,44.944793,0.617898,0.230183,-2.000000
3.069281,3.065024,75.185438,5042.814518,2.144815,44.947348,0.592529,0.220733,-2.000000
3.118012,3.113739,75.470159,5041.940388,2.065416,44.949981,0.569068,0.211993,-2.000000
3.166733,3.162453,75.744081,5041.099689,1.985595,44.952694,0.547374,0.203911,-2.000000
3.215443,3.211163,76.007146,5040.291543,1.905378,44.955485,0.527317,0.196439,-2.000000
3.264143,3.259867,76.259307,5039.515137,1.824795,44.958355,0.508781,0.189534,-2.000000
3.312837,3.308571,76.500521,5038.769723,1.743871,44.961299,0.491659,0.183156,-2.000000
3.361520,3.357275,76.730753,5038.054599,1.662630,44.964316,0.475852,0.177268,-2.000000
3.410194,3.405974,76.949963,5037.369115,1.581101,44.967407,0.461274,0.171837,-2.000000
3.458856,3.454673,77.158113,5036.712658,1.499300,44.970571,0.447844,0.166834,-2.000000
3.507509,3.503372,77.355180,5036.084655,1.417247,44.973808,0.435488,0.162231,-2.000000
3.556156,3.552072,77.541132,5035.484575,1.334965,44.977120,0.424141,0.158004,-2.000000
3.604798,3.600769,77.715933,5034.911903,1.252474,44.980504,0.413742,0.154130,-2.000000
3.653428,3.649470,77.879568,5034.366167,1.169785,44.983956,0.404237,0.150589,-2.000000
3.702050,3.698167,78.032018,5033.846921,1.086915,44.987484,0.395576,0.147363,-2.000000
3.750665,3.746868,78.173257,5033.353727,1.003885,44.991082,0.387717,0.144435,-2.000000
3.799277,3.795572,78.303266,5032.886177,0.920705,44.994743,0.380618,0.141790,-2.000000
3.847881,3.844276,78.422027,5032.443888,0.837392,44.998475,0.374245,0.139416,-2.000000
3.896475,3.892980,78.529534,5032.026475,0.753954,45.002280,0.368565,0.137300,-2.000000
3.945059,3.941684,78.625762,5031.633585,0.670405,45.006150,0.363552,0.135433,-2.000000
3.993640,3.990396,78.710705,5031.264873,0.586759,45.010092,0.359181,0.133804,-2.000000
4.042212,4.039110,78.784354,5030.919986,0.503028,45.014099,0.355429,0.132407,-2.000000
4.090774,4.087825,78.846689,5030.598605,0.419221,45.018177,0.352281,0.131234,-2.000000
4.139335,4.136548,78.897716,5030.300409,0.335350,45.022320,0.349719,0.130280,-2.000000
4.187895,4.185273,78.937427,5030.025066,0.251434,45.026536,0.347733,0.129540,-2.000000
4.236437,4.233997,78.965811,5029.772272,0.167467,45.030806,0.346313,0.129011,-2.000000
4.284977,4.282731,78.982868,5029.541707,0.083476,45.035147,0.345451,0.128690,-2.000000
4.333517,4.331466,78.988596,5029.333067,-0.000536,45.039562,0.345144,0.128575,-2.000000
4.382047,4.380211,78.982787,5029.146407,-0.084559,45.044032,0.345401,0.128671,-2.000000
4.430577,4.428957,78.965582,5028.981157,-0.168581,45.048575,0.346215,0.128974,-2.000000
4.479095,4.477712,78.937049,5028.836871,-0.252582,45.053182,0.347587,0.129485,-2.000000
4.527605,4.526468,78.897187,5028.713209,-0.336571,45.057860,0.349525,0.130207,-2.000000
4.576114,4.575234,78.846001,5028.609853,-0.420526,45.062592,0.352036,0.131143,-2.000000
4.624622,4.624001,78.783507,5028.526452,-0.504431,45.067388,0.355133,0.132296,-2.000000
4.673119,4.672778,78.709696,5028.462666,-0.588288,45.072255,0.358831,0.133674,-2.000000
4.721608,4.721566,78.624584,5028.418121,-0.672073,45.077178,0.363147,0.135282,-2.000000
4.770097,4.770362,78.528183,5028.392447,-0.755790,45.082170,0.368103,0.137128,-2.000000
4.818586,4.819159,78.420493,5028.385250,-0.839411,45.087219,0.373721,0.139221,-2.000000
4.867069,4.867960,78.301541,5028.396114,-0.922933,45.092337,0.380031,0.141571,-2.000000
4.915540,4.916777,78.171338,5028.424620,-1.006336,45.097509,0.387061,0.144191,-2.000000
4.964016,4.965600,78.029895,5028.470317,-1.089611,45.102745,0.394849,0.147092,-2.000000
5.012484,5.014434,77.877232,5028.532716,-1.172741,45.108044,0.403432,0.150289,-2.000000
5.060949,5.063268,77.713374,5028.611316,-1.255715,45.113402,0.412855,0.153799,-2.000000
5.109407,5.112120,77.538329,5028.705590,-1.338519,45.118817,0.423165,0.157640,-2.000000
5.157861,5.160978,77.352134,5028.814972,-1.421134,45.124295,0.434417,0.161832,-2.000000
5.206309,5.209844,77.154813,5028.938855,-1.503543,45.129831,0.446669,0.166396,-2.000000
5.254756,5.258723,76.946394,5029.076593,-1.585725,45.135424,0.459987,0.171357,-2.000000
5.303204,5.307606,76.726904,5029.227503,-1.667667,45.141075,0.474442,0.176742,-2.000000
5.351647,5.356500,76.496380,5029.390848,-1.749336,45.146784,0.490115,0.182581,-2.000000
5.400084,5.405409,76.254853,5029.565845,-1.830717,45.152546,0.507091,0.188905,-2.000000
5.448516,5.454328,76.002369,5029.751647,-1.911792,45.158360,0.525466,0.195750,-2.000000
5.496944,5.503254,75.738968,5029.947343,-1.992529,45.164232,0.545346,0.203156,-2.000000
5.545371,5.552189,75.464696,5030.151949,-2.072902,45.170156,0.566845,0.211165,-2.000000
5.593798,5.601135,75.179606,5030.364412,-2.152876,45.176132,0.590090,0.219824,-2.000000
5.642219,5.650092,74.883752,5030.583598,-2.232423,45.182162,0.615221,0.229186,-2.000000
5.690636,5.699066,74.577193,5030.808271,-2.311519,45.188236,0.642388,0.239306,-2.000000
5.739046,5.748047,74.259983,5031.037109,-2.390111,45.194360,0.671759,0.250248,-2.000000
5.787453,5.797035,73.932204,5031.268672,-2.468169,45.200536,0.703518,0.262079,-2.000000
5.835860,5.846042,73.593931,5031.501393,-2.545647,45.206750,0.737866,0.274875,-2.000000
5.884266,5.895053,73.245236,5031.733575,-2.622502,45.213011,0.775023,0.288717,-2.000000
5.932665,5.944081,72.886211,5031.963391,-2.698671,45.219308,0.815232,0.303695,-2.000000
5.981062,5.993121,72.516943,5032.188846,-2.774111,45.225653,0.858758,0.319910,-2.000000
6.029450,6.042172,72.137555,5032.407770,-2.848764,45.232033,0.905892,0.337469,-2.000000
6.077845,6.091234,71.748137,5032.617810,-2.922556,45.238445,0.956953,0.356490,-2.000000
6.126223,6.140306,71.348815,5032.816377,-2.995414,45.244889,1.012293,0.377106,-2.000000
6.174609,6.189388,70.939725,5033.000698,-3.067270,45.251364,1.072294,0.399458,-2.000000
6.222985,6.238491,70.521008,5033.167720,-3.138041,45.257860,1.137377,0.423703,-2.000000
6.271361,6.287594,70.092823,5033.314118,-3.207631,45.264378,1.208002,0.450013,-2.000000
6.319727,6.336719,69.655198,5033.435870,-3.275913,45.270927,1.284770,0.478611,-2.000000
6.368093,6.385844,69.208363,5033.529015,-3.342802,45.277477,1.368219,0.509697,-2.000000
6.416448,6.434988,68.752616,5033.589447,-3.408164,45.284047,1.458898,0.543478,-2.000000
6.464804,6.484135,68.288174,5033.612434,-3.471895,45.290617,1.557470,0.580199,-2.000000
6.513158,6.533301,67.815259,5033.592823,-3.533834,45.297195,1.664655,0.620128,-2.000000
6.561502,6.582477,67.334144,5033.524983,-3.593824,45.303755,1.781237,0.663558,-2.000000
6.609837,6.631656,66.845089,5033.402782,-3.651714,45.310311,1.908069,0.710806,-2.000000
6.658170,6.680852,66.348407,5033.219537,-3.707305,45.316846,2.046073,0.762216,-2.000000
6.706495,6.730052,65.844432,5032.967950,-3.760404,45.323356,2.196250,0.818161,-2.000000
6.754815,6.779268,65.333512,5032.640096,-3.810786,45.329826,2.359675,0.879041,-2.000000
6.803120,6.828485,64.816047,5032.227333,-3.858218,45.336257,2.537505,0.945288,-2.000000
6.851421,6.877707,64.292457,5031.720286,-3.902439,45.342628,2.730978,1.017361,-2.000000
6.899712,6.926944,63.763207,5031.108768,-3.943167,45.348940,2.941411,1.095753,-2.000000
6.947992,6.976181,63.228803,5030.381739,-3.980094,45.355175,3.170201,1.180983,-2.000000
6.996262,7.025422,62.689790,5029.527273,-4.012897,45.361322,3.418814,1.273598,-2.000000
7.044522,7.074669,62.146759,5028.532484,-4.041212,45.367368,3.688784,1.374169,-2.000000
7.092771,7.123916,61.600363,5027.383498,-4.064659,45.373293,3.981694,1.483286,-2.000000
7.141005,7.173164,61.051294,5026.065425,-4.082833,45.379084,4.299164,1.601552,-2.000000
7.189223,7.222411,60.500316,5024.562335,-4.095292,45.384728,4.642825,1.729574,-2.000000
7.237425,7.271658,59.948254,5022.857251,-4.101557,45.390205,5.014290,1.867955,-2.000000
7.285606,7.320900,59.395993,5020.932155,-4.101135,45.395494,5.415119,2.017274,-2.000000
7.333767,7.370137,58.844490,5018.768039,-4.093504,45.400577,5.846773,2.178077,-2.000000
7.381906,7.419369,58.294779,5016.344963,-4.078116,45.405434,6.310554,2.350847,-2.000000
7.430024,7.468590,57.747963,5013.642139,-4.054394,45.410043,6.807548,2.535991,-2.000000
7.478115,7.517794,57.205221,5010.638105,-4.021747,45.414376,7.338540,2.733799,-2.000000
7.526181,7.566983,56.667824,5007.310893,-3.979572,45.418414,7.903937,2.944425,-2.000000
7.574220,7.616156,56.137124,5003.638272,-3.927261,45.422134,8.503665,3.167839,-2.000000
7.622220,7.665301,55.614536,4999.598053,-3.864207,45.425515,9.137069,3.403799,-2.000000
7.670185,7.714428,55.101560,4995.168467,-3.789812,45.428520,9.802804,3.651803,-2.000000
7.718112,7.763523,54.599778,4990.328567,-3.703520,45.431138,10.498727,3.911052,-2.000000
7.765996,7.812583,54.110843,4985.058748,-3.604802,45.433344,11.221791,4.180412,-2.000000
7.813838,7.861604,53.636451,4979.341302,-3.493188,45.435122,11.967951,4.458377,-2.000000
7.861631,7.910583,53.178359,4973.160998,-3.368289,45.436453,12.732096,4.743041,-2.000000
7.909370,7.959520,52.738359,4966.505774,-3.229817,45.437316,13.507999,5.032085,-2.000000
7.957058,8.008407,52.318270,4959.367353,-3.077579,45.437707,14.288315,5.322773,-2.000000
8.004675,8.057232,51.919911,4951.741966,-2.911530,45.437626,15.064625,5.611969,-2.000000
8.052236,8.106003,51.545070,4943.630913,-2.731783,45.437063,15.827531,5.896172,-2.000000
8.099718,8.154703,51.195533,4935.041160,-2.538610,45.436035,16.566822,6.171577,-2.000000
8.147134,8.203329,50.872976,4925.985807,-2.332473,45.434546,17.271694,6.434161,-2.000000
8.194468,8.251882,50.579008,4916.484333,-2.114036,45.432615,17.931039,6.679784,-2.000000
8.241716,8.300341,50.315473,4906.558433,-1.884038,45.430269,18.533020,6.904037,-2.000000
8.288880,8.348723,50.083795,4896.241547,-1.643548,45.427541,19.066556,7.102794,-2.000000
8.335959,8.397002,49.884760,4885.577982,-1.393985,45.424479,19.522570,7.272671,-2.000000
8.382933,8.445195,49.719332,4874.612487,-1.136767,45.421119,19.892501,7.410480,-2.000000
8.429812,8.493282,49.588289,4863.394611,-0.873459,45.417532,20.169368,7.513620,-2.000000
8.476586,8.541257,49.492144,4851.977822,-0.605777,45.413763,20.348064,7.580189,-2.000000
8.523256,8.589133,49.431205,4840.418340,-0.335494,45.409869,20.425569,7.609062,-2.000000
8.569826,8.636896,49.405522,4828.773955,-0.064448,45.405923,20.401071,7.599936,-2.000000
8.616277,8.684550,49.414897,4817.102764,0.205527,45.401985,20.275976,7.553335,-2.000000
8.662629,8.732083,49.458919,4805.461892,0.472625,45.398109,20.053819,7.470575,-2.000000
8.708865,8.779508,49.536925,4793.906352,0.735097,45.394371,19.740077,7.353698,-2.000000
8.754988,8.826817,49.648052,4782.487961,0.991307,45.390823,19.341908,7.205370,-2.000000
8.801003,8.874011,49.791250,4771.254448,1.239746,45.387512,18.867821,7.028760,-2.000000
8.846903,8.921093,49.965278,4760.248733,1.479072,45.384490,18.327321,6.827409,-2.000000
8.892695,8.968070,50.168767,4749.508443,1.708098,45.381804,17.730539,6.605092,-2.000000
8.938388,9.014938,50.400218,4739.065604,1.925831,45.379487,17.087872,6.365682,-2.000000
8.983972,9.061698,50.658027,4728.946523,2.131470,45.377571,16.409657,6.113029,-2.000000
9.029450,9.108360,50.940527,4719.171879,2.324392,45.376083,15.705882,5.850854,-2.000000
9.074832,9.154917,51.245998,4709.756928,2.504153,45.375041,14.985954,5.582662,-2.000000
9.120121,9.201384,51.572683,4700.711859,2.670478,45.374455,14.258520,5.311674,-2.000000
9.165315,9.247762,51.918824,4692.042208,2.823251,45.374331,13.531346,5.040782,-2.000000
9.210420,9.294050,52.282675,4683.749347,2.962491,45.374674,12.811240,4.772524,-2.000000
9.255435,9.340260,52.662512,4675.831015,3.088338,45.375484,12.104031,4.509070,-2.000000
9.300367,9.386392,53.056643,4668.281853,3.201040,45.376756,11.414576,4.252230,-2.000000
9.345220,9.432450,53.463434,4661.093915,3.300932,45.378478,10.746803,4.003467,-2.000000
9.390001,9.478441,53.881292,4654.257154,3.388411,45.380641,10.103774,3.763922,-2.000000
9.434707,9.524362,54.308702,4647.759887,3.464008,45.387322,9.487755,3.534438,-0.680577
9.479335,9.570230,54.744226,4641.589205,3.528187,45.396426,8.900306,3.315598,0.000000
9.523897,9.616050,55.186474,4635.731360,3.581436,45.405552,8.342384,3.107758,0.000000
9.568388,9.661816,55.634137,4630.172083,3.624283,45.414713,7.814424,2.911078,0.000000
9.612814,9.707538,56.085974,4624.896827,3.657287,45.423909,7.316418,2.725558,0.000000
9.657184,9.753218,56.540813,4619.891027,3.681001,45.433129,6.847999,2.551060,0.000000
9.701494,9.798856,56.997571,4615.140260,3.695965,45.442393,6.408511,2.387339,0.000000
9.745749,9.844460,57.455216,4610.630404,3.702716,45.451694,5.997072,2.234067,0.000000
9.789943,9.890033,57.912778,4606.347764,3.701757,45.461026,5.612632,2.090853,0.000000
9.834101,9.935574,58.369373,4602.279140,3.693593,45.470398,5.254018,1.957260,0.000000
9.878200,9.981084,58.824147,4598.411912,3.678690,45.479822,4.919981,1.832822,0.000000
9.922255,10.026572,59.276336,4594.734052,3.657513,45.489279,4.609222,1.717056,0.000000
9.966267,10.072039,59.725217,4591.234184,3.630493,45.498777,4.320426,1.609472,0.000000
10.010238,10.117474,60.170117,4587.901562,3.598012,45.508327,4.052282,1.509582,0.000000
10.054176,10.162899,60.610359,4584.727299,3.560438,45.517930,3.803646,1.416958,0.000000
10.098062,10.208292,61.045315,4581.702729,3.518092,45.527567,3.573360,1.331171,0.000000
10.141926,10.253684,61.474523,4578.816623,3.471386,45.537265,3.359917,1.251657,0.000000
10.185739,10.299047,61.897491,4576.060750,3.420639,45.547005,3.162161,1.177988,0.000000
10.229530,10.344407,62.313758,4573.427459,3.366130,45.556789,2.978994,1.109754,0.000000
10.273281,10.389750,62.722892,4570.909641,3.308137,45.566633,2.809379,1.046568,0.000000
10.317008,10.435089,63.124517,4568.500692,3.246913,45.576521,2.652339,0.988066,0.000000
10.360696,10.480411,63.518261,4566.194485,3.182689,45.586464,2.506955,0.933907,0.000000
10.404362,10.525730,63.903778,4563.985332,3.115675,45.596465,2.372372,0.883771,0.000000
10.447998,10.571040,64.280769,4561.867985,3.046086,45.606511,2.247791,0.837361,0.000000
10.491608,10.616341,64.648940,4559.837577,2.974103,45.616611,2.132469,0.794401,0.000000
10.535185,10.661640,65.008024,4557.889600,2.899895,45.626772,2.025717,0.754633,0.000000
10.578745,10.706931,65.357771,4556.019872,2.823622,45.636985,1.926898,0.717820,0.000000
10.622277,10.752222,65.697951,4554.224542,2.745440,45.647251,1.835421,0.683743,0.000000
10.665784,10.797513,66.028355,4552.500049,2.665482,45.657570,1.750743,0.652198,0.000000
10.709263,10.842800,66.348787,4550.843076,2.583872,45.667944,1.672362,0.622999,0.000000
10.752722,10.888085,66.659058,4549.250552,2.500739,45.678378,1.599815,0.595973,0.000000
10.796160,10.933372,66.959008,4547.719650,2.416189,45.688868,1.532679,0.570963,0.000000
10.839576,10.978657,67.248474,4546.247731,2.330322,45.699412,1.470563,0.547823,0.000000
10.882972,11.023943,67.527316,4544.832349,2.243233,45.710013,1.413107,0.526420,0.000000
10.926346,11.069229,67.795400,4543.471233,2.155014,45.720677,1.359984,0.506630,0.000000
10.969700,11.114520,68.052601,4542.162266,2.065745,45.731393,1.310893,0.488342,0.000000
11.013038,11.159817,68.298807,4540.903482,1.975503,45.742168,1.265557,0.471453,0.000000
11.056354,11.205118,68.533906,4539.693032,1.884362,45.753000,1.223724,0.455869,0.000000
11.099651,11.250420,68.757807,4538.529211,1.792390,45.763890,1.185164,0.441505,0.000000
11.142924,11.295721,68.970418,4537.410408,1.699642,45.774837,1.149667,0.428281,0.000000
11.186179,11.341035,69.171648,4536.335102,1.606183,45.785843,1.117039,0.416127,0.000000
11.229424,11.386350,69.361433,4535.301884,1.512077,45.796912,1.087108,0.404976,0.000000
11.272651,11.431676,69.539697,4534.309419,1.417361,45.808037,1.059714,0.394771,0.000000
11.315857,11.477001,69.706384,4533.356441,1.322091,45.819221,1.034714,0.385458,0.000000
11.359043,11.522338,69.861420,4532.441748,1.226316,45.830461,1.011977,0.376988,0.000000
11.402214,11.567680,70.004767,4531.564197,1.130079,45.841762,0.991387,0.369318,0.000000
11.445376,11.613030,70.136362,4530.722716,1.033422,45.853125,0.972837,0.362407,0.000000
11.488510,11.658391,70.256171,4529.916251,0.936381,45.864543,0.956235,0.356223,0.000000
11.531639,11.703754,70.364157,4529.143819,0.838997,45.876023,0.941495,0.350732,0.000000
11.574741,11.749126,70.460276,4528.404442,0.741311,45.887565,0.928545,0.345907,0.000000
11.617839,11.794517,70.544503,4527.697188,0.643350,45.899161,0.917320,0.341726,0.000000
11.660918,11.839911,70.616817,4527.021161,0.545153,45.910819,0.907765,0.338166,0.000000
11.703976,11.885314,70.677187,4526.375468,0.446763,45.922540,0.899832,0.335211,0.000000
11.747023,11.930727,70.725590,4525.759238,0.348194,45.934314,0.893482,0.332846,0.000000
11.790059,11.976141,70.761955,4525.171757,0.249487,45.946151,0.888692,0.331061,0.000000
11.833075,12.021576,70.786116,4524.612536,0.150672,45.958052,0.885459,0.329857,0.000000
11.876079,12.067022,70.798277,4524.080178,0.051786,45.970015,0.883738,0.329216,0.000000
11.919063,12.112478,70.798430,4523.573846,-0.047150,45.982032,0.883520,0.329135,0.000000
11.962038,12.157944,70.786569,4523.092735,-0.146469,45.993025,0.884808,0.329614,-3.985773
12.005010,12.203419,70.762453,4522.636455,-0.249060,45.994543,0.887636,0.330668,-37.999999
12.047966,12.248897,70.725906,4522.204516,-0.351617,45.996071,0.892041,0.332309,-37.999999
12.090927,12.294382,70.676922,4521.796011,-0.454125,45.997594,0.898047,0.334546,-37.999999
12.133871,12.339868,70.615520,4521.409995,-0.556545,45.999095,0.905684,0.337391,-37.999999
12.176815,12.385356,70.541714,4521.045493,-0.658855,46.000557,0.914990,0.340858,-37.999999
12.219756,12.430852,70.455522,4520.701511,-0.761032,46.001951,0.926014,0.344964,-37.999999
12.262690,12.476351,70.356958,4520.377014,-0.863046,46.003258,0.938811,0.349732,-37.999999
12.305624,12.521858,70.246047,4520.070930,-0.964872,46.004462,0.953447,0.355184,-37.999999
12.348554,12.567367,70.122817,4519.782127,-1.066478,46.005533,0.970000,0.361350,-37.999999
12.391478,12.612884,69.987298,4519.509427,-1.167833,46.006453,0.988554,0.368263,-37.999999
12.434398,12.658400,69.839524,4519.251594,-1.268899,46.007201,1.009210,0.375957,-37.999999
12.477311,12.703921,69.679529,4519.007319,-1.369646,46.007742,1.032076,0.384475,-37.999999
12.520224,12.749452,69.507359,4518.775219,-1.470046,46.008053,1.057275,0.393863,-37.999999
12.563133,12.794989,69.323058,4518.553828,-1.570055,46.008105,1.084945,0.404170,-37.999999
12.606041,12.840526,69.126683,4518.341588,-1.669635,46.007863,1.115237,0.415455,-37.999999
12.648949,12.886068,68.918281,4518.136836,-1.768748,46.007302,1.148318,0.427779,-37.999999
12.691847,12.931615,68.697916,4517.937804,-1.867347,46.006385,1.184375,0.441211,-37.999999
12.734745,12.977163,68.465658,4517.742599,-1.965378,46.005067,1.223612,0.455828,-37.999999
12.777642,13.022716,68.221572,4517.549191,-2.062798,46.003317,1.266253,0.471712,-37.999999
12.820541,13.068273,67.965746,4517.355410,-2.159552,46.001096,1.312544,0.488957,-37.999999
12.863438,13.113831,67.698263,4517.158908,-2.255581,45.998345,1.362758,0.507663,-37.999999
12.906331,13.159395,67.419212,4516.957164,-2.350826,45.995023,1.417192,0.527941,-37.999999
12.949230,13.204956,67.128696,4516.747477,-2.445222,45.991077,1.476170,0.549912,-37.999999
12.992126,13.250521,66.826831,4516.526919,-2.538690,45.986452,1.540050,0.573709,-37.999999
13.035019,13.296088,66.513732,4516.292336,-2.631152,45.981083,1.609222,0.599478,-37.999999
13.077919,13.341656,66.189522,4516.040314,-2.722540,45.974903,1.684112,0.627376,-37.999999
13.120822,13.387224,65.854345,4515.767175,-2.812743,45.967839,1.765187,0.657579,-37.999999
13.163725,13.432784,65.508360,4515.468927,-2.901680,45.959815,1.852955,0.690275,-37.999999
13.206628,13.478341,65.151719,4515.141248,-2.989236,45.950741,1.947971,0.725670,-37.999999
13.249531,13.523899,64.784607,4514.779461,-3.075309,45.940537,2.050839,0.763991,-37.999999
13.292443,13.569448,64.407218,4514.378501,-3.159759,45.929091,2.162217,0.805483,-37.999999
13.335356,13.614995,64.019763,4513.932877,-3.242460,45.916305,2.282820,0.850411,-37.999999
13.378279,13.660533,63.622457,4513.436625,-3.323278,45.902062,2.413424,0.899064,-37.999999
13.421202,13.706061,63.215563,4512.883298,-3.402033,45.886226,2.554871,0.951757,-37.999999
13.464136,13.751578,62.799329,4512.265894,-3.478583,45.868666,2.708069,1.008827,-37.999999
13.507079,13.797074,62.374037,4511.576688,-3.552712,45.849230,2.874025,1.070650,-37.999999
13.550024,13.842569,61.939832,4510.805621,-3.624169,45.827712,3.054104,1.137734,-37.999999
13.592988,13.888034,61.497246,4509.945348,-3.692802,45.803970,3.249165,1.210399,-37.999999
13.635954,13.933487,61.046658,4508.986175,-3.758370,45.777818,3.460427,1.289100,-37.999999
13.678931,13.978909,60.588466,4507.917645,-3.820607,45.749044,3.689190,1.374320,-37.999999
13.721927,14.024309,60.123096,4506.728474,-3.879250,45.717438,3.936832,1.466574,-37.999999
13.764934,14.069678,59.651025,4505.406462,-3.933996,45.682751,4.204808,1.566402,-37.999999
13.807953,14.115013,59.172755,4503.938519,-3.984528,45.644723,4.494642,1.674372,-37.999999
13.850992,14.160308,58.688840,4502.310542,-4.030499,45.603080,4.807918,1.791076,-37.999999
13.894045,14.205568,58.199871,4500.507428,-4.071540,45.557517,5.146271,1.917121,-37.999999
13.937125,14.250777,57.706485,4498.513046,-4.107263,45.507710,5.511368,2.053130,-37.999999
13.980221,14.295939,57.209378,4496.310185,-4.137235,45.453326,5.904886,2.199726,-37.999999
14.023342,14.341040,56.709293,4493.880562,-4.161013,45.393998,6.328484,2.357527,-37.999999
14.066483,14.386083,56.207036,4491.204858,-4.178132,45.329342,6.783767,2.527132,-37.999999
14.109660,14.431053,55.703464,4488.262711,-4.188087,45.258953,7.272243,2.709102,-37.999999
14.152861,14.475945,55.199499,4485.032824,-4.190352,45.182402,7.795274,2.903945,-37.999999
14.196094,14.520753,54.696135,4481.493037,-4.184388,45.099244,8.354009,3.112088,-37.999999
14.239358,14.565472,54.194427,4477.620459,-4.169632,45.009029,8.949320,3.333857,-37.999999
14.282658,14.610093,53.695496,4473.391654,-4.145514,44.911282,9.581716,3.569441,-37.999999
14.326001,14.654604,53.200528,4468.782872,-4.111445,44.805526,10.251259,3.818864,-37.999999
14.369385,14.698995,52.710785,4463.770317,-4.066839,44.691283,10.957464,4.081944,-37.999999
14.412811,14.743254,52.227593,4458.330511,-4.011130,44.568079,11.699199,4.358259,-37.999999
14.456285,14.787372,51.752345,4452.440681,-3.943755,44.435459,12.474580,4.647109,-37.999999
14.499811,14.831337,51.286482,4446.079217,-3.864190,44.292981,13.280872,4.947474,-37.999999
14.543384,14.875138,50.831514,4439.226214,-3.771952,44.140247,14.114395,5.257983,-37.999999
14.587011,14.918758,50.388990,4431.864043,-3.666617,43.976897,14.970444,5.576884,-37.999999
14.630701,14.962190,49.960500,4423.977967,-3.547846,43.802631,15.843239,5.902023,-37.999999
14.674448,15.005420,49.547650,4415.556780,-3.415379,43.617223,16.725895,6.230836,-37.999999
14.718260,15.048432,49.152055,4406.593475,-3.269069,43.420527,17.610440,6.560352,-37.999999
14.762132,15.091209,48.775345,4397.085870,-3.108894,43.212509,18.487879,6.887221,-37.999999
14.806072,15.133745,48.419110,4387.037200,-2.934989,42.993235,19.348306,7.207753,-37.999999
14.850077,15.176016,48.084902,4376.456636,-2.747629,42.762898,20.181080,7.517983,-37.999999
14.894153,15.218015,47.774206,4365.359688,-2.547278,42.521830,20.975054,7.813760,-37.999999
14.938294,15.259724,47.488442,4353.768455,-2.334567,42.270487,21.718856,8.090845,-37.999999
14.982507,15.301138,47.228898,4341.711701,-2.110298,42.009482,22.401215,8.345042,-37.999999
15.026785,15.342233,46.996755,4329.224765,-1.875467,41.739554,23.011320,8.572322,-37.999999
15.071125,15.383011,46.793055,4316.349236,-1.631249,41.461601,23.539187,8.768967,-37.999999
15.115538,15.423456,46.618653,4303.132409,-1.378968,41.176631,23.976021,8.931699,-37.999999
15.160006,15.463546,46.474234,4289.626548,-1.120082,40.885760,24.314543,9.057807,-37.999999
15.204545,15.503299,46.360301,4275.888014,-0.856180,40.590213,24.549273,9.145250,-37.999999
15.249138,15.542695,46.277145,4261.976146,-0.588923,40.291277,24.676734,9.192733,-37.999999
15.293784,15.581716,46.225551,4247.950989,-0.320062,39.990267,24.693167,9.198854,-37.999999
15.338483,15.620380,46.204755,4233.878182,-0.051414,39.688611,24.601776,9.164809,-37.999999
15.383224,15.658677,46.214371,4219.818944,0.215272,39.387666,24.405748,9.091783,-37.999999
15.428016,15.696615,46.253887,4205.832512,0.478322,39.088756,24.110046,8.981626,-37.999999
15.472839,15.734189,46.322605,4191.975203,0.736107,38.793135,23.721328,8.836819,-37.999999
15.517695,15.771415,46.419648,4178.299501,0.987126,38.501988,23.247664,8.660367,-37.999999
15.562590,15.808286,46.544004,4164.853344,1.229995,38.216389,22.698205,8.455679,-37.999999
15.607506,15.844812,46.694522,4151.679522,1.463485,37.937327,22.082854,8.226444,-37.999999
15.652443,15.881004,46.869928,4138.815345,1.686518,37.665663,21.411923,7.976505,-37.999999
15.697398,15.916874,47.068872,4126.292427,1.898172,37.402113,20.695826,7.709740,-37.999999
15.742364,15.952431,47.289927,4114.136699,2.097719,37.147284,19.944795,7.429961,-37.999999
15.787343,15.987684,47.531607,4102.368512,2.284572,36.901664,19.168640,7.140823,-37.999999
15.832334,16.022639,47.792403,4091.002918,2.458313,36.665602,18.376561,6.845753,-37.999999
15.877321,16.057314,48.070765,4080.049996,2.618672,36.439331,17.577001,6.547895,-37.999999
15.922319,16.091716,48.365159,4069.515300,2.765508,36.222993,16.777551,6.250079,-37.999999
15.967319,16.125860,48.674056,4059.400308,2.898813,36.016620,15.984896,5.954794,-37.999999
16.012308,16.159766,48.995939,4049.702947,3.018696,35.820166,15.204799,5.664188,-37.999999
16.057296,16.193433,49.329339,4040.418061,3.125349,35.633504,14.442113,5.380067,-37.999999
16.102281,16.226879,49.672814,4031.537900,3.219048,35.456447,13.700821,5.103916,-37.999999
16.147259,16.260115,50.024965,4023.052597,3.300134,35.288757,12.984094,4.836917,-37.999999
16.192232,16.293157,50.384458,4014.950592,3.369009,35.130149,12.294356,4.579971,-37.999999
16.237190,16.326009,50.750009,4007.219027,3.426109,34.980305,11.633362,4.333733,-37.999999
16.282137,16.358684,51.120379,3999.844093,3.471902,34.838882,11.002277,4.098638,-37.999999
16.327080,16.391192,51.494399,3992.811328,3.506884,34.705523,10.401754,3.874927,-37.999999
16.372010,16.423543,51.870963,3986.105910,3.531548,34.579864,9.832013,3.662683,-37.999999
16.416926,16.455748,52.249016,3979.712857,3.546408,34.461518,9.292906,3.461852,-37.999999
16.461831,16.487812,52.627560,3973.617223,3.551971,34.350111,8.783989,3.272267,-37.999999
16.506725,16.519747,53.005667,3967.804268,3.548732,34.245280,8.304579,3.093674,-37.999999
16.551610,16.551563,53.382440,3962.259567,3.537191,34.146646,7.853804,2.925748,-37.999999
16.596476,16.583256,53.757063,3956.969094,3.517824,34.053860,7.430653,2.768114,-37.999999
16.641336,16.614847,54.128765,3951.919317,3.491086,33.966572,7.034014,2.620355,-37.999999
16.686181,16.646334,54.496808,3947.097256,3.457428,33.884451,6.662706,2.482033,-37.999999
16.731013,16.677717,54.860510,3942.490483,3.417269,33.807185,6.315510,2.352694,-37.999999
16.775826,16.709021,55.219248,3938.087189,3.371024,33.734452,5.991190,2.231876,-37.999999
16.820635,16.740233,55.572416,3933.876148,3.319080,33.665982,5.688512,2.119120,-37.999999
16.865427,16.771369,55.919477,3929.846737,3.261793,33.601482,5.406261,2.013974,-37.999999
16.910216,16.802431,56.259894,3925.988960,3.199519,33.540706,5.143249,1.915995,-37.999999
16.954985,16.833420,56.593206,3922.293350,3.132574,33.483399,4.898328,1.824756,-37.999999
16.999744,16.864345,56.918950,3918.751057,3.061281,33.429331,4.670394,1.739845,-37.999999
17.044492,16.895207,57.236726,3915.353718,2.985920,33.378287,4.458394,1.660869,-37.999999
17.089230,16.926005,57.545958,3912.096027,2.906705,33.330112,4.261594,1.587556,-37.999999
17.133947,16.956760,57.846423,3908.968448,2.823945,33.284567,4.078803,1.519462,-37.999999
17.178663,16.987453,58.137808,3905.963531,2.737903,33.241457,3.909065,1.456230,-37.999999
17.223368,17.018094,58.419804,3903.074845,2.648804,33.200611,3.751545,1.397549,-37.999999
17.268054,17.048693,58.692141,3900.296418,2.556861,33.161871,3.605462,1.343129,-37.999999
17.312738,17.079250,58.954536,3897.622597,2.462265,33.125095,3.470086,1.292698,-37.999999
17.357404,17.109766,59.206751,3895.048136,2.365201,33.090144,3.344739,1.246003,-37.999999
17.402066,17.140239,59.448547,3892.568072,2.265855,33.056875,3.228792,1.202810,-37.999999
17.446711,17.170675,59.679728,3890.177784,2.164381,33.025182,3.121660,1.162900,-37.999999
17.491354,17.201082,59.900085,3887.872894,2.060942,32.994929,3.022804,1.126074,-37.999999
17.535987,17.231445,60.109440,3885.649311,1.955674,32.966025,2.931727,1.092146,-37.999999
17.580609,17.261784,60.307627,3883.503159,1.848725,32.938361,2.847973,1.060945,-37.999999
17.625220,17.292091,60.494502,3881.430797,1.740211,32.911837,2.771120,1.032315,-37.999999
17.669821,17.322371,60.669914,3879.428766,1.630265,32.886366,2.700785,1.006114,-37.999999
17.714415,17.352625,60.833733,3877.493796,1.518998,32.861864,2.636618,0.982210,-37.999999
17.759001,17.382849,60.985843,3875.622773,1.406518,32.838243,2.578301,0.960485,-37.999999
17.803575,17.413049,61.126142,3873.812729,1.292938,32.815427,2.525545,0.940832,-37.999999
17.848144,17.443229,61.254532,3872.060835,1.178348,32.793346,2.478090,0.923154,-37.999999
17.892707,17.473379,61.370922,3870.364365,1.062845,32.771925,2.435702,0.907363,-37.999999
17.937261,17.503506,61.475235,3868.720702,0.946526,32.751094,2.398175,0.893383,-37.999999
17.981804,17.533618,61.567402,3867.127326,0.829477,32.730788,2.365325,0.881146,-37.999999
18.026341,17.563709,61.647359,3865.581775,0.711778,32.710943,2.336992,0.870591,-37.999999
18.070874,17.593779,61.715063,3864.081660,0.593515,32.691500,2.313039,0.861668,-37.999999
18.115401,17.623828,61.770464,3862.624657,0.474770,32.672399,2.293347,0.854332,-37.999999
18.159917,17.653862,61.813522,3861.208461,0.355616,32.653582,2.277823,0.848549,-37.999999
18.204429,17.683873,61.844211,3859.830797,0.236129,32.634990,2.266389,0.844289,-37.999999
18.248934,17.713866,61.862508,3858.489430,0.116384,32.616563,2.258989,0.841533,-37.999999
18.293436,17.743848,61.868407,3857.182119,-0.003536,32.598255,2.255585,0.840265,-37.999999
18.337924,17.773819,61.862281,3855.905679,-0.115922,32.602219,2.256036,0.840433,-10.722388
18.382390,17.803795,61.844703,3854.656538,-0.225050,32.615734,2.260155,0.841967,0.000000
18.426836,17.833774,61.815863,3853.432194,-0.334112,32.629309,2.267902,0.844853,0.000000
18.471261,17.863769,61.775768,3852.230541,-0.443034,32.642931,2.279308,0.849102,0.000000
18.515672,17.893768,61.724444,3851.049419,-0.551717,32.656612,2.294415,0.854730,0.000000
18.560057,17.923784,61.661930,3849.886633,-0.660078,32.670347,2.313282,0.861758,0.000000
18.604418,17.953804,61.588271,3848.739909,-0.768025,32.684134,2.335982,0.870215,0.000000
18.648768,17.983833,61.503517,3847.606924,-0.875480,32.697974,2.362603,0.880132,0.000000
18.693088,18.013872,61.407733,3846.485270,-0.982348,32.711876,2.393250,0.891549,0.000000
18.737387,18.043931,61.301000,3845.372436,-1.088523,32.725822,2.428043,0.904510,0.000000
18.781674,18.073992,61.183377,3844.265829,-1.193928,32.739829,2.467118,0.919066,0.000000
18.825931,18.104063,61.054975,3843.162758,-1.298446,32.753879,2.510629,0.935275,0.000000
18.870176,18.134144,60.915725,3842.060347,-1.401953,32.767992,2.558821,0.953228,0.000000
18.914400,18.164236,60.765826,3840.955553,-1.504365,32.782149,2.611853,0.972984,0.000000
18.958594,18.194339,60.605498,3839.845267,-1.605555,32.796368,2.669894,0.994606,0.000000
19.002775,18.224452,60.434864,3838.726228,-1.705430,32.810639,2.733172,1.018179,0.000000
19.046928,18.254574,60.254077,3837.595013,-1.803843,32.824953,2.801932,1.043793,0.000000
19.091068,18.284699,60.063315,3836.448027,-1.900675,32.839328,2.876437,1.071548,0.000000
19.135186,18.314844,59.862736,3835.281472,-1.995795,32.853749,2.956971,1.101550,0.000000
19.179274,18.344999,59.652536,3834.091368,-2.089059,32.868228,3.043840,1.133911,0.000000
19.223343,18.375162,59.432929,3832.873488,-2.180312,32.882752,3.137368,1.168752,0.000000
19.267397,18.405330,59.204129,3831.623397,-2.269407,32.897328,3.237898,1.206202,0.000000
19.311419,18.435514,58.966381,3830.336402,-2.356180,32.911954,3.345795,1.246397,0.000000
19.355416,18.465700,58.719941,3829.007570,-2.440452,32.926625,3.461442,1.289478,0.000000
19.399396,18.495898,58.465079,3827.631677,-2.522046,32.941348,3.585241,1.335596,0.000000
19.443348,18.526105,58.202089,3826.203237,-2.600762,32.956120,3.717609,1.384907,0.000000
19.487279,18.556320,57.931292,3824.716450,-2.676413,32.970939,3.858981,1.437572,0.000000
19.531185,18.586542,57.653020,3823.165228,-2.748780,32.985805,4.009804,1.493757,0.000000
19.575059,18.616777,57.367633,3821.543159,-2.817638,33.000714,4.170533,1.553633,0.000000
19.618907,18.647012,57.075512,3819.843510,-2.882759,33.015669,4.341632,1.617372,0.000000
19.662729,18.677252,56.777063,3818.059226,-2.943906,33.030672,4.523566,1.685147,0.000000
19.706524,18.707502,56.472726,3816.182916,-3.000815,33.045712,4.716795,1.757130,0.000000
19.750288,18.737758,56.162957,3814.206865,-3.053222,33.060794,4.921771,1.833489,0.000000
19.794020,18.768013,55.848240,3812.123038,-3.100854,33.075922,5.138925,1.914385,0.000000
19.837721,18.798275,55.529092,3809.923081,-3.143426,33.091088,5.368663,1.999968,0.000000
19.881391,18.828540,55.206061,3807.598346,-3.180646,33.106290,5.611352,2.090376,0.000000
19.925028,18.858812,54.879726,3805.139915,-3.212202,33.121535,5.867310,2.185728,0.000000
19.968622,18.889082,54.550690,3802.538619,-3.237790,33.136815,6.136793,2.286117,0.000000
20.012182,18.919348,54.219599,3799.785082,-3.257093,33.152127,6.419976,2.391610,0.000000
20.055703,18.949614,53.887119,3796.869781,-3.269786,33.167477,6.716941,2.502237,0.000000
20.099189,18.979879,53.553960,3793.783084,-3.275552,33.182855,7.027658,2.617988,0.000000
20.142629,19.010145,53.220859,3790.515332,-3.274059,33.198261,7.351964,2.738800,0.000000
20.186024,19.040403,52.888582,3787.056915,-3.264992,33.213699,7.689545,2.864558,0.000000
20.229378,19.070659,52.557926,3783.398365,-3.248050,33.229160,8.039916,2.995080,0.000000
20.272681,19.100906,52.229713,3779.530484,-3.222926,33.244642,8.402396,3.130113,0.000000
20.315940,19.131143,51.904812,3775.444424,-3.189331,33.260154,8.776094,3.269326,0.000000
20.359139,19.161378,51.584097,3771.131848,-3.147013,33.275680,9.159888,3.412299,0.000000
20.402294,19.191595,51.268473,3766.585056,-3.095734,33.291225,9.552408,3.558523,0.000000
20.445379,19.221792,50.958854,3761.797174,-3.035284,33.306782,9.952025,3.707391,0.000000
20.488409,19.251986,50.656191,3756.762240,-2.965515,33.322359,10.356841,3.858196,0.000000
20.531387,19.282151,50.361411,3751.475458,-2.886288,33.337947,10.764688,4.010129,0.000000
20.574292,19.312304,50.075489,3745.933301,-2.797551,33.353546,11.173130,4.162285,0.000000
20.617124,19.342437,49.799500,3740.130378,-2.699172,33.369146,11.579412,4.313636,0.000000
20.659891,19.372548,49.534391,3734.066780,-2.591213,33.384745,11.980508,4.463054,0.000000
20.702594,19.402628,49.280989,3727.746737,-2.473923,33.400354,12.373299,4.609380,0.000000
20.745204,19.432685,49.040204,3721.173554,-2.347500,33.415953,12.754483,4.751381,0.000000
20.787749,19.462703,48.812891,3714.352518,-2.212223,33.431553,13.120645,4.887785,0.000000
20.830201,19.492698,48.599884,3707.290979,-2.068455,33.447150,13.468316,5.017302,0.000000
20.872579,19.522661,48.401962,3699.998356,-1.916639,33.462738,13.794040,5.138643,0.000000
20.914869,19.552592,48.219863,3692.486174,-1.757305,33.478313,14.094443,5.250551,0.000000
20.957060,19.582480,48.054249,3684.767977,-1.591059,33.493871,14.366310,5.351828,0.000000
20.999171,19.612326,47.905698,3676.859251,-1.418585,33.509424,14.606659,5.441365,0.000000
21.041179,19.642131,47.774726,3668.777301,-1.240645,33.524957,14.812813,5.518163,0.000000
21.083090,19.671893,47.661765,3660.541039,-1.058049,33.540468,14.982471,5.581365,0.000000
21.124899,19.701613,47.567160,3652.170823,-0.871683,33.555962,15.113764,5.630275,0.000000
21.166610,19.731288,47.491149,3643.688139,-0.682462,33.571438,15.205303,5.664376,0.000000
21.208219,19.760914,47.433878,3635.115391,-0.491334,33.586887,15.256220,5.683343,0.000000
21.249727,19.790491,47.395402,3626.475579,-0.299281,33.602314,15.266182,5.687054,0.000000
21.291123,19.820017,47.375679,3617.791973,-0.107289,33.617721,15.235397,5.675586,0.000000
21.332414,19.849498,47.374568,3609.087829,0.083669,33.633106,15.164609,5.649216,0.000000
21.373601,19.878920,47.391823,3600.386106,0.272631,33.648471,15.055062,5.608407,0.000000
21.414682,19.908296,47.427133,3591.709139,0.458660,33.663810,14.908470,5.553797,0.000000
21.455653,19.937619,47.480075,3583.078410,0.640857,33.679122,14.726961,5.486181,0.000000
21.496514,19.966889,47.550155,3574.514305,0.818383,33.694413,14.513018,5.406481,0.000000
21.537270,19.996107,47.636807,3566.035916,0.990450,33.709689,14.269412,5.315732,0.000000
21.577921,20.025273,47.739401,3557.660891,1.156332,33.724943,13.999135,5.215046,0.000000
21.618467,20.054391,47.857242,3549.405282,1.315387,33.740171,13.705325,5.105594,0.000000
21.658908,20.083463,47.989581,3541.283490,1.467036,33.755385,13.391203,4.988575,0.000000
21.699244,20.112486,48.135634,3533.308207,1.610785,33.770588,13.060006,4.865196,0.000000
21.739482,20.141457,48.294580,3525.490401,1.746204,33.785774,12.714926,4.736645,0.000000
21.779626,20.170382,48.465551,3517.839329,1.872958,33.800945,12.359066,4.604077,0.000000
21.819667,20.199258,48.647681,3510.362613,1.990766,33.816107,11.995387,4.468597,0.000000
21.859611,20.228097,48.840080,3503.066274,2.099438,33.831258,11.626681,4.331245,0.000000
21.899469,20.256889,49.041844,3495.954834,2.198833,33.846398,11.255539,4.192984,0.000000
21.939235,20.285636,49.252079,3489.031417,2.288899,33.861544,10.884335,4.054701,0.000000
21.978906,20.314350,49.469885,3482.297873,2.369607,33.876684,10.515212,3.917193,0.000000
22.018499,20.343023,49.694367,3475.754888,2.441011,33.891822,10.150080,3.781172,0.000000
22.058002,20.371664,49.924660,3469.402099,2.503195,33.906960,9.790613,3.647261,0.000000
22.097428,20.400272,50.159896,3463.238213,2.556291,33.922098,9.438259,3.516000,0.000000
22.136772,20.428840,50.399240,3457.261146,2.600465,33.937246,9.094245,3.387845,0.000000
22.176041,20.457376,50.641856,3451.468131,2.635909,33.952404,8.759589,3.263178,0.000000
22.215237,20.485890,50.886975,3445.855789,2.662857,33.967572,8.435121,3.142304,0.000000
22.254358,20.514363,51.133812,3440.421959,2.681467,33.982751,8.121599,3.025509,0.000000
22.293405,20.542824,51.381615,3435.163001,2.691980,33.997941,7.819574,2.912997,0.000000
22.332389,20.571253,51.629653,3430.071865,2.694773,34.013151,7.529231,2.804837,0.000000
22.371301,20.599653,51.877239,3425.143757,2.690145,34.028373,7.250781,2.701107,0.000000
22.410159,20.628040,52.123711,3420.373739,2.678386,34.043616,6.984325,2.601845,0.000000
22.448954,20.656398,52.368440,3415.756734,2.659778,34.058879,6.729870,2.507054,0.000000
22.487688,20.684744,52.610846,3411.287625,2.634620,34.074166,6.487342,2.416706,0.000000
22.526368,20.713070,52.850346,3406.961294,2.603204,34.089482,6.256599,2.330748,0.000000
22.564986,20.741385,53.086406,3402.772627,2.565828,34.104819,6.037445,2.249107,0.000000
22.603552,20.769678,53.318514,3398.716563,2.522769,34.120179,5.829636,2.171693,0.000000
22.642066,20.797955,53.546175,3394.788120,2.474311,34.135571,5.632896,2.098402,0.000000
22.680530,20.826227,53.768935,3390.982418,2.420735,34.150994,5.446920,2.029121,0.000000
22.718949,20.854481,53.986364,3387.294671,2.362302,34.166446,5.271385,1.963730,0.000000
22.757315,20.882724,54.198046,3383.720227,2.299274,34.181925,5.105954,1.902102,0.000000
22.795636,20.910957,54.403597,3380.254553,2.231905,34.197443,4.950283,1.844111,0.000000
22.833915,20.939184,54.602652,3376.893254,2.160446,34.212996,4.804026,1.789626,0.000000
22.872142,20.967402,54.794877,3373.632070,2.085127,34.228583,4.666838,1.738520,0.000000
22.910334,20.995612,54.979943,3370.466876,2.006184,34.244199,4.538379,1.690666,0.000000
22.948483,21.023818,55.157551,3367.393678,1.923831,34.259858,4.418317,1.645939,0.000000
22.986591,21.052014,55.327427,3364.408623,1.838284,34.275554,4.306330,1.604221,0.000000
23.024656,21.080209,55.489307,3361.507973,1.749747,34.291286,4.202107,1.565395,0.000000
23.062685,21.108399,55.642955,3358.688116,1.658425,34.307060,4.105351,1.529351,0.000000
23.100677,21.136585,55.788134,3355.945556,1.564504,34.322877,4.015779,1.495983,0.000000
23.138633,21.164770,55.924636,3353.276913,1.468169,34.338729,3.933125,1.465192,0.000000
23.176551,21.192955,56.052279,3350.678890,1.369600,34.354619,3.857136,1.436885,0.000000
23.214433,21.221134,56.170881,3348.148298,1.268970,34.370551,3.787578,1.410973,0.000000
23.252284,21.249316,56.280278,3345.682037,1.166444,34.386532,3.724233,1.387375,0.000000
23.290097,21.277494,56.380319,3343.277074,1.062183,34.402551,3.666899,1.366016,0.000000
23.327881,21.305676,56.470877,3340.930456,0.956341,34.418609,3.615391,1.346828,0.000000
23.365631,21.333854,56.551832,3338.639276,0.849077,34.434716,3.569543,1.329749,0.000000
23.403345,21.362036,56.623073,3336.400691,0.740544,34.450869,3.529204,1.314721,0.000000
23.441029,21.390222,56.684510,3334.211901,0.630876,34.467063,3.494239,1.301696,0.000000
23.478680,21.418399,56.736063,3332.070129,0.520219,34.483299,3.464531,1.290629,0.000000
23.516309,21.446590,56.777659,3329.972652,0.408706,34.499577,3.439980,1.281483,0.000000
23.553899,21.474777,56.809246,3327.916735,0.296484,34.515898,3.420500,1.274226,0.000000
23.591456,21.502962,56.830765,3325.899664,0.183685,34.532269,3.406024,1.268834,0.000000
23.628991,21.531157,56.842206,3323.918721,0.070439,34.548683,3.396499,1.265285,0.000000
23.666496,21.559362,56.843522,3321.971188,-0.043116,34.565149,3.391888,1.263568,0.000000
23.703969,21.587558,56.834726,3320.054327,-0.156850,34.581658,3.392171,1.263673,0.000000
23.741410,21.615763,56.815801,3318.165367,-0.270635,34.598208,3.397341,1.265599,0.000000
23.778830,21.643969,56.786709,3316.301650,-0.384339,34.614801,3.407441,1.269362,0.000000
23.816208,21.672185,56.747355,3314.460491,-0.497818,34.631447,3.422551,1.274990,0.000000
23.853575,21.700401,56.697948,3312.638536,-0.610942,34.648135,3.442628,1.282470,0.000000
23.890900,21.728617,56.638558,3310.832843,-0.723575,34.664865,3.467729,1.291820,0.000000
23.928204,21.756844,56.569217,3309.040364,-0.835594,34.681638,3.497926,1.303069,0.000000
23.965477,21.785071,56.490024,3307.257973,-0.946842,34.698462,3.533307,1.316250,0.000000
24.002717,21.813308,56.401041,3305.482480,-1.057195,34.715330,3.573973,1.331399,0.000000
24.039928,21.841546,56.302376,3303.710556,-1.166496,34.732246,3.620043,1.348561,0.000000
24.077116,21.869791,56.194138,3301.938806,-1.274605,34.749199,3.671647,1.367785,0.000000
24.114275,21.898032,56.076450,3300.163682,-1.381375,34.766201,3.728933,1.389126,0.000000
24.151411,21.926289,55.949451,3298.381520,-1.486639,34.783245,3.792061,1.412642,0.000000
24.188514,21.954546,55.813288,3296.588525,-1.590248,34.800332,3.861205,1.438400,0.000000
24.225587,21.982803,55.668125,3294.780760,-1.692037,34.817463,3.936553,1.466470,0.000000
24.262628,22.011063,55.514139,3292.954125,-1.791828,34.834640,4.018306,1.496925,0.000000
24.299640,22.039330,55.351528,3291.104356,-1.889458,34.851853,4.106676,1.529845,0.000000
24.336625,22.067601,55.180504,3289.227030,-1.984742,34.869107,4.201887,1.565314,0.000000
24.373575,22.095878,55.001296,3287.317532,-2.077494,34.886407,4.304173,1.603418,0.000000
24.410500,22.124156,54.814142,3285.371068,-2.167520,34.903752,4.413775,1.644247,0.000000
24.447394,22.152433,54.619299,3283.382659,-2.254613,34.921127,4.530942,1.687895,0.000000
24.484256,22.180716,54.417059,3281.347121,-2.338577,34.938544,4.655927,1.734455,0.000000
24.521087,22.209003,54.207712,3279.259077,-2.419195,34.956004,4.788985,1.784023,0.000000
24.557880,22.237291,53.991568,3277.112939,-2.496242,34.973494,4.930371,1.836693,0.000000
24.594643,22.265579,53.768973,3274.902927,-2.569494,34.991028,5.080334,1.892558,0.000000
24.631374,22.293866,53.540281,3272.623052,-2.638718,35.008596,5.239117,1.951709,0.000000
24.668068,22.322154,53.305864,3270.267135,-2.703666,35.026198,5.406948,2.014230,0.000000
24.704731,22.350442,53.066129,3267.828806,-2.764097,35.043835,5.584039,2.080202,0.000000
24.741356,22.378730,52.821500,3265.301519,-2.819757,35.061503,5.770578,2.149692,0.000000
24.777939,22.407017,52.572410,3262.678549,-2.870381,35.079204,5.966723,2.222761,0.000000
24.814486,22.435298,52.319328,3259.953033,-2.915707,35.096935,6.172594,2.299454,0.000000
24.850996,22.463575,52.062742,3257.117984,-2.955472,35.114699,6.388267,2.379797,0.000000
24.887470,22.491853,51.803175,3254.166319,-2.989410,35.132486,6.613762,2.463801,0.000000
24.923898,22.520122,51.541147,3251.090881,-3.017239,35.150302,6.849040,2.551448,0.000000
24.960281,22.548390,51.277222,3247.884490,-3.038698,35.168141,7.093987,2.642697,0.000000
24.996622,22.576649,51.011973,3244.539991,-3.053526,35.186001,7.348407,2.737475,0.000000
25.032921,22.604897,50.746013,3241.050297,-3.061452,35.203891,7.612009,2.835674,0.000000
25.069170,22.633135,50.479963,3237.408424,-3.062227,35.221795,7.884403,2.937148,0.000000
25.105374,22.661362,50.214467,3233.607625,-3.055611,35.239719,8.165081,3.041708,0.000000
25.141528,22.689589,49.950177,3229.641369,-3.041378,35.257663,8.453414,3.149119,0.000000
25.177629,22.717796,49.687788,3225.503489,-3.019301,35.275619,8.748639,3.259098,0.000000
25.213678,22.745982,49.427979,3221.188240,-2.989205,35.293585,9.049853,3.371308,0.000000
25.249674,22.774157,49.171470,3216.689756,-2.950880,35.311562,9.356020,3.485363,0.000000
25.285606,22.802321,48.919090,3212.000091,-2.904058,35.329550,9.665967,3.600827,0.000000
25.321486,22.830454,48.671470,3207.119104,-2.848803,35.347547,9.978233,3.717154,0.000000
25.357311,22.858576,48.429351,3202.043680,-2.785033,35.365545,10.291308,3.833783,0.000000
25.393064,22.886677,48.193455,3196.771641,-2.712748,35.383543,10.603536,3.950096,0.000000
25.428755,22.914746,47.964510,3191.301764,-2.631949,35.401550,10.913129,4.065428,0.000000
25.464380,22.942794,47.743236,3185.633903,-2.542723,35.419547,11.218177,4.179066,0.000000
25.499934,22.970812,47.530334,3179.769075,-2.445180,35.437543,11.516669,4.290262,0.000000
25.535421,22.998806,47.326475,3173.709496,-2.339511,35.455528,11.806513,4.398237,0.000000
25.570828,23.026769,47.132333,3167.458635,-2.225946,35.473505,12.085567,4.502192,0.000000
25.606168,23.054698,46.948532,3161.021286,-2.104787,35.491477,12.351663,4.601319,0.000000
25.641426,23.082591,46.775681,3154.403560,-1.976392,35.509431,12.602647,4.694818,0.000000
25.676608,23.110454,46.614334,3147.612873,-1.841181,35.527371,12.836416,4.781903,0.000000
25.711709,23.138270,46.465000,3140.657952,-1.699632,35.545294,13.050948,4.861821,0.000000
25.746729,23.166052,46.328154,3133.548776,-1.552269,35.563199,13.244349,4.933868,0.000000
25.781659,23.193795,46.204206,3126.296504,-1.399686,35.581080,13.414887,4.997398,0.000000
25.816505,23.221499,46.093516,3118.913381,-1.242523,35.598946,13.561027,5.051839,0.000000
25.851266,23.249155,45.996387,3111.412644,-1.081460,35.616788,13.681465,5.096706,0.000000
25.885935,23.276764,45.913055,3103.808391,-0.917213,35.634602,13.775153,5.131607,0.000000
25.920508,23.304326,45.843685,3096.115423,-0.750532,35.652390,13.841323,5.156257,0.000000
25.954998,23.331845,45.788382,3088.349094,-0.582192,35.670152,13.879505,5.170481,0.000000
25.989393,23.359312,45.747183,3080.525146,-0.412982,35.687893,13.889529,5.174215,0.000000
26.023688,23.386727,45.720056,3072.659541,-0.243697,35.705602,13.871532,5.167511,0.000000
26.057889,23.414100,45.706901,3064.768275,-0.075133,35.723281,13.825953,5.150531,0.000000
26.091995,23.441419,45.707565,3056.867222,0.091939,35.740932,13.753514,5.123546,0.000000
26.126007,23.468687,45.721820,3048.971963,0.256748,35.758559,13.655208,5.086924,0.000000
26.159924,23.495901,45.749372,3041.097637,0.418549,35.776157,13.532270,5.041127,0.000000
26.193747,23.523065,45.789894,3033.258804,0.576648,35.793725,13.386150,4.986693,0.000000
26.227476,23.550180,45.842978,3025.469325,0.730369,35.811268,13.218478,4.924231,0.000000
26.261102,23.577242,45.908191,3017.742253,0.879091,35.828782,13.031033,4.854403,0.000000
26.294639,23.604252,45.985036,3010.089735,1.022241,35.846273,12.825703,4.777912,0.000000
26.328084,23.631210,46.072985,3002.522971,1.159301,35.863742,12.604455,4.695491,0.000000
26.361426,23.658123,46.171481,2995.052143,1.289801,35.881183,12.369295,4.607888,0.000000
26.394680,23.684986,46.279921,2987.686401,1.413322,35.898608,12.122237,4.515852,0.000000
26.427850,23.711796,46.397692,2980.433850,1.529513,35.916006,11.865277,4.420128,0.000000
26.460927,23.738562,46.524163,2973.301547,1.638086,35.933391,11.600361,4.321440,0.000000
26.493910,23.765278,46.658666,2966.295521,1.738779,35.950755,11.329367,4.220487,0.000000
26.526817,23.791950,46.800541,2959.420809,1.831408,35.968108,11.054083,4.117937,0.000000
26.559631,23.818581,46.949103,2952.681502,1.915830,35.985441,10.776192,4.014415,0.000000
26.592361,23.845169,47.103696,2946.080799,1.991964,36.002762,10.497263,3.910507,0.000000
26.625016,23.871715,47.263623,2939.621063,2.059752,36.020083,10.218738,3.806749,0.000000
26.657586,23.898209,47.428310,2933.307213,2.118998,36.037384,9.942002,3.703657,0.000000
26.690073,23.924670,47.596966,2927.136696,2.169934,36.054684,9.668220,3.601666,0.000000
26.722486,23.951100,47.768937,2921.109684,2.212644,36.071974,9.398439,3.501166,0.000000
26.754825,23.977488,47.943577,2915.225732,2.247210,36.089265,9.133577,3.402498,0.000000
26.787091,24.003835,48.120237,2909.483874,2.273773,36.106555,8.874434,3.305960,0.000000
26.819285,24.030151,48.298322,2903.882690,2.292496,36.123847,8.621691,3.211807,0.000000
26.851414,24.056444,48.477214,2898.420360,2.303543,36.141146,8.375924,3.120252,0.000000
26.883472,24.082696,48.656329,2893.094713,2.307105,36.158438,8.137604,3.031472,0.000000
26.915464,24.108917,48.835118,2887.903294,2.303400,36.175741,7.907112,2.945607,0.000000
26.947388,24.135109,49.013027,2882.843375,2.292637,36.193054,7.684745,2.862770,0.000000
26.979254,24.161277,49.189525,2877.912048,2.275060,36.210378,7.470722,2.783040,0.000000
27.011052,24.187417,49.364112,2873.106225,2.250892,36.227713,7.265196,2.706477,0.000000
27.042795,24.213535,49.536305,2868.422692,2.220391,36.245057,7.068260,2.633113,0.000000
27.074478,24.239630,49.705647,2863.858125,2.183794,36.262413,6.879954,2.562964,0.000000
27.106109,24.265696,49.871683,2859.409125,2.141352,36.279782,6.700276,2.496029,0.000000
27.137683,24.291741,50.033998,2855.072253,2.093324,36.297173,6.529181,2.432292,0.000000
27.169199,24.317766,50.192192,2850.844028,2.039954,36.314584,6.366596,2.371724,0.000000
27.200666,24.343774,50.345887,2846.720963,1.981497,36.332013,6.212420,2.314290,0.000000
27.232082,24.369762,50.494718,2842.699561,1.918193,36.349461,6.066530,2.259942,0.000000
27.263445,24.395728,50.638344,2838.776351,1.850290,36.366930,5.928787,2.208629,0.000000
27.294761,24.421684,50.776449,2834.947863,1.778035,36.384421,5.799040,2.160295,0.000000
27.326024,24.447624,50.908720,2831.210667,1.701665,36.401937,5.677128,2.114880,0.000000
27.357241,24.473543,51.034880,2827.561362,1.621410,36.419475,5.562885,2.072321,0.000000
27.388416,24.499447,51.154659,2823.996577,1.537501,36.437039,5.456141,2.032556,0.000000
27.419548,24.525340,51.267809,2820.512994,1.450171,36.454629,5.356728,1.995522,0.000000
27.450632,24.551223,51.374104,2817.107321,1.359642,36.472246,5.264478,1.961157,0.000000
27.481670,24.577089,51.473324,2813.776302,1.266130,36.489895,5.179227,1.929398,0.000000
27.512667,24.602947,51.565277,2810.516730,1.169842,36.507568,5.100817,1.900189,0.000000
27.543621,24.628792,51.649772,2807.325420,1.070998,36.525270,5.029096,1.873470,0.000000
27.574533,24.654630,51.726645,2804.199221,0.969800,36.543003,4.963919,1.849190,0.000000
27.605412,24.680452,51.795754,2801.135011,0.866450,36.560767,4.905152,1.827298,0.000000
27.636242,24.706270,51.856951,2798.129688,0.761143,36.578563,4.852669,1.807747,0.000000
27.667037,24.732080,51.910119,2795.180174,0.654083,36.596391,4.806354,1.790493,0.000000
27.697791,24.757878,51.955158,2792.283403,0.545455,36.614250,4.766103,1.775499,0.000000
27.728513,24.783667,51.991963,2789.436312,0.435451,36.632140,4.731821,1.762728,0.000000
27.759194,24.809445,52.020463,2786.635829,0.324265,36.650053,4.703427,1.752150,0.000000
27.789832,24.835222,52.040593,2783.878908,0.212081,36.668015,4.680849,1.743739,0.000000
27.820439,24.860989,52.052298,2781.162461,0.099072,36.686001,4.664029,1.737474,0.000000
27.851004,24.886745,52.055553,2778.483401,-0.014560,36.704017,4.652920,1.733335,0.000000
27.881537,24.912502,52.050317,2775.838604,-0.128652,36.722075,4.647486,1.731311,0.000000
27.912028,24.938247,52.036411,2773.225523,-0.243014,36.740155,4.647821,1.731436,0.000000
27.942487,24.963993,52.013988,2770.640330,-0.357452,36.758277,4.653814,1.733668,0.000000
27.972914,24.989729,51.983085,2768.079695,-0.471794,36.776431,4.665447,1.738002,0.000000
28.003300,25.015463,51.943744,2765.540345,-0.585857,36.794626,4.682733,1.744441,0.000000
28.033653,25.041187,51.896000,2763.018943,-0.699448,36.812843,4.705695,1.752995,0.000000
28.063965,25.066903,51.839908,2760.512092,-0.812394,36.831100,4.734368,1.763676,0.000000
28.094247,25.092616,51.775537,2758.016321,-0.924503,36.849381,4.768794,1.776501,0.000000
28.124494,25.118321,51.702984,2755.528079,-1.035591,36.867702,4.809028,1.791489,0.000000
28.154702,25.144024,51.622335,2753.043740,-1.145472,36.886055,4.855133,1.808665,0.000000
28.184879,25.169718,51.533697,2750.559590,-1.253946,36.904441,4.907182,1.828054,0.000000
28.215021,25.195410,51.437207,2748.071812,-1.360828,36.922865,4.965253,1.849687,0.000000
28.245124,25.221095,51.332998,2745.576507,-1.465922,36.941312,5.029434,1.873597,0.000000
28.275193,25.246776,51.221222,2743.069657,-1.569020,36.959790,5.099817,1.899816,0.000000
28.305226,25.272450,51.102057,2740.547152,-1.669917,36.978301,5.176500,1.928383,0.000000
28.335227,25.298121,50.975680,2738.004765,-1.768421,36.996842,5.259584,1.959333,0.000000
28.365184,25.323781,50.842285,2735.438150,-1.864311,37.015415,5.349170,1.992707,0.000000
28.395109,25.349430,50.702096,2732.842864,-1.957370,37.034020,5.445364,2.028541,0.000000
28.424998,25.375073,50.555340,2730.214336,-2.047386,37.052651,5.548265,2.066875,0.000000
28.454850,25.400712,50.402256,2727.547888,-2.134133,37.071309,5.657971,2.107743,0.000000
28.484666,25.426345,50.243112,2724.838725,-2.217390,37.089993,5.774573,2.151180,0.000000
28.514439,25.451973,50.078187,2722.081943,-2.296931,37.108703,5.898154,2.197217,0.000000
28.544176,25.477585,49.907778,2719.272543,-2.372526,37.127439,6.028783,2.245880,0.000000
28.573876,25.503188,49.732190,2716.405433,-2.443938,37.146196,6.166515,2.297189,0.000000
28.603534,25.528784,49.551753,2713.475418,-2.510931,37.164980,6.311386,2.351157,0.000000
28.633150,25.554370,49.366811,2710.477238,-2.573273,37.183790,6.463410,2.407790,0.000000
28.662724,25.579946,49.177727,2707.405572,-2.630722,37.202620,6.622572,2.467082,0.000000
28.692255,25.605511,48.984878,2704.255053,-2.683036,37.221465,6.788828,2.529017,0.000000
28.721752,25.631065,48.788661,2701.020288,-2.729987,37.240334,6.962098,2.593565,0.000000
28.751203,25.656602,48.589491,2697.695877,-2.771335,37.259220,7.142260,2.660680,0.000000
28.780609,25.682125,48.387786,2694.276440,-2.806854,37.278124,7.329147,2.730300,0.000000
28.809965,25.707638,48.183991,2690.756658,-2.836322,37.297041,7.522542,2.802345,0.000000
28.839277,25.733132,47.978571,2687.131294,-2.859505,37.315969,7.722171,2.876712,0.000000
28.868546,25.758605,47.771992,2683.395203,-2.876208,37.334916,7.927699,2.953277,0.000000
28.897765,25.784066,47.564732,2679.543426,-2.886223,37.353866,8.138728,3.031890,0.000000
28.926932,25.809516,47.357301,2675.571199,-2.889369,37.372826,8.354789,3.112379,0.000000
28.956046,25.834938,47.150206,2671.473973,-2.885466,37.391796,8.575337,3.194539,0.000000
28.985117,25.860338,46.943971,2667.247519,-2.874367,37.410776,8.799756,3.278140,0.000000
29.014137,25.885726,46.739104,2662.887928,-2.855933,37.429758,9.027345,3.362923,0.000000
29.043094,25.911084,46.536157,2658.391681,-2.830054,37.448739,9.257326,3.448598,0.000000
29.071998,25.936421,46.335661,2653.755723,-2.796642,37.467721,9.488843,3.534844,0.000000
29.100849,25.961726,46.138214,2648.974912,-2.755506,37.486702,9.720950,3.621310,0.000000
29.129636,25.987009,45.944344,2644.048816,-2.706713,37.505673,9.952596,3.707604,0.000000
29.158361,26.012262,45.754571,2638.976910,-2.650301,37.524654,10.182690,3.793320,0.000000
29.187033,26.037491,45.569421,2633.758455,-2.586326,37.543615,10.410082,3.878030,0.000000
29.215641,26.062681,45.389419,2628.393373,-2.514869,37.562573,10.633566,3.961283,0.000000
29.244185,26.087848,45.215079,2622.882355,-2.436051,37.581514,10.851893,4.042616,0.000000
29.272658,26.112974,45.046896,2617.226810,-2.350032,37.600451,11.063782,4.121550,0.000000
29.301067,26.138068,44.885365,2611.428966,-2.257023,37.619367,11.267933,4.197601,0.000000
29.329411,26.163129,44.730927,2605.491836,-2.157278,37.638264,11.463046,4.270286,0.000000
29.357682,26.188148,44.584029,2599.419249,-2.051090,37.657148,11.647836,4.339125,0.000000
29.385882,26.213124,44.445089,2593.215835,-1.938800,37.676009,11.821050,4.403652,0.000000
29.414013,26.238062,44.314478,2586.887042,-1.820793,37.694844,11.981486,4.463419,0.000000
29.442063,26.262965,44.192551,2580.439070,-1.697481,37.713662,12.128013,4.518004,0.000000
29.470040,26.287823,44.079618,2573.878852,-1.569329,37.732453,12.259587,4.567019,0.000000
29.497943,26.312631,43.975956,2567.214030,-1.436842,37.751222,12.375269,4.610113,0.000000
29.525769,26.337394,43.881804,2560.452872,-1.300556,37.769962,12.474240,4.646982,0.000000
29.553511,26.362109,43.797363,2553.604223,-1.161031,37.788669,12.555815,4.677371,0.000000
29.581173,26.386781,43.722784,2546.677422,-1.018851,37.807350,12.619457,4.701080,0.000000
29.608758,26.411407,43.658176,2539.682244,-0.874622,37.826000,12.664781,4.717964,0.000000
29.636263,26.435981,43.603601,2532.628779,-0.728972,37.844618,12.691566,4.727942,0.000000
29.663684,26.460502,43.559090,2525.527363,-0.582535,37.863205,12.699753,4.730992,0.000000
29.691021,26.484970,43.524614,2518.388491,-0.435951,37.881760,12.689447,4.727153,0.000000
29.718274,26.509386,43.500109,2511.222712,-0.289853,37.900284,12.660913,4.716523,0.000000
29.745438,26.533749,43.485463,2504.040557,-0.144876,37.918770,12.614571,4.699260,0.000000
29.772525,26.558060,43.480531,2496.852425,-0.001640,37.937227,12.550986,4.675572,0.000000
29.799525,26.582319,43.485112,2489.668512,0.139258,37.955649,12.470856,4.645722,0.000000
29.826437,26.606525,43.498981,2482.498746,0.277229,37.974037,12.375000,4.610013,0.000000
29.853272,26.630678,43.521870,2475.352696,0.411721,37.992393,12.264342,4.568790,0.000000
29.880020,26.654772,43.553482,2468.239512,0.542202,38.010717,12.139895,4.522430,0.000000
29.906680,26.678818,43.593479,2461.167891,0.668187,38.029010,12.002744,4.471338,0.000000
29.933256,26.702814,43.641507,2454.146010,0.789212,38.047272,11.854030,4.415938,0.000000
29.959757,26.726749,43.697178,2447.181496,0.904847,38.065510,11.694931,4.356670,0.000000
29.986167,26.750638,43.760088,2440.281397,1.014723,38.083711,11.526647,4.293979,0.000000
30.012500,26.774468,43.829803,2433.452168,1.118501,38.101886,11.350383,4.228316,0.000000
30.038750,26.798253,43.905882,2426.699664,1.215865,38.120041,11.167340,4.160128,0.000000
30.064917,26.821986,43.987866,2420.029135,1.306566,38.138165,10.978693,4.089852,0.000000
30.091009,26.845667,44.075284,2413.445225,1.390378,38.156267,10.785588,4.017915,0.000000
30.117018,26.869296,44.167664,2406.951973,1.467129,38.174339,10.589128,3.944729,0.000000
30.142952,26.892872,44.264513,2400.552854,1.536670,38.192399,10.390365,3.870684,0.000000
30.168813,26.916415,44.365347,2394.250809,1.598899,38.210438,10.190295,3.796153,0.000000
30.194600,26.939896,44.469715,2388.049675,1.653632,38.228456,9.989861,3.721486,0.000000
30.220302,26.963345,44.577110,2381.950882,1.700895,38.246463,9.789957,3.647017,0.000000
30.245941,26.986740,44.686996,2375.954884,1.740727,38.264449,9.591384,3.573043,0.000000
30.271507,27.010085,44.798900,2370.062627,1.773172,38.282416,9.394872,3.499837,0.000000
30.297000,27.033397,44.912360,2364.274651,1.798286,38.300381,9.201080,3.427644,0.000000
30.322428,27.056668,45.026894,2358.591117,1.816128,38.318335,9.010604,3.356687,0.000000
30.347785,27.079896,45.142052,2353.011844,1.826817,38.336271,8.823972,3.287162,0.000000
30.373079,27.103082,45.257387,2347.536327,1.830467,38.354207,8.641652,3.219243,0.000000
30.398308,27.126229,45.372467,2342.163801,1.827224,38.372141,8.464054,3.153083,0.000000
30.423468,27.149341,45.486866,2336.893225,1.817230,38.390065,8.291529,3.088813,0.000000
30.448570,27.172414,45.600173,2331.723325,1.800663,38.407983,8.124380,3.026545,0.000000
30.473604,27.195453,45.712001,2326.652633,1.777701,38.425906,7.962860,2.966375,0.000000
30.498586,27.218453,45.821962,2321.679502,1.748533,38.443824,7.807179,2.908380,0.000000
30.523509,27.241422,45.929683,2316.802125,1.713372,38.461750,7.657506,2.852623,0.000000
30.548369,27.264359,46.034821,2312.018552,1.672422,38.479676,7.513976,2.799154,0.000000
30.573176,27.287264,46.137035,2307.326709,1.625896,38.497602,7.376690,2.748011,0.000000
30.597921,27.310138,46.235997,2302.724420,1.574018,38.515532,7.245721,2.699222,0.000000
30.622620,27.332980,46.331405,2298.209409,1.517015,38.533472,7.121118,2.652804,0.000000
30.647262,27.355796,46.422973,2293.779330,1.455107,38.551423,7.002908,2.608767,0.000000
30.671846,27.378581,46.510414,2289.431757,1.388529,38.569380,6.891098,2.567115,0.000000
30.696382,27.401339,46.593468,2285.164213,1.317518,38.587341,6.785680,2.527844,0.000000
30.720872,27.424071,46.671896,2280.974173,1.242306,38.605319,6.686634,2.490947,0.000000
30.745302,27.446772,46.745465,2276.859050,1.163123,38.623306,6.593929,2.456412,0.000000
30.769688,27.469452,46.813956,2272.816227,1.080207,38.641305,6.507524,2.424224,0.000000
30.794024,27.492104,46.877172,2268.843049,0.993798,38.659319,6.427372,2.394365,0.000000
30.818316,27.514738,46.934925,2264.936831,0.904122,38.677344,6.353424,2.366818,0.000000
30.842556,27.537342,46.987046,2261.094859,0.811417,38.695385,6.285625,2.341561,0.000000
30.866748,27.559924,47.033381,2257.314381,0.715910,38.713441,6.223918,2.318573,0.000000
30.890897,27.582489,47.073779,2253.592622,0.617845,38.731514,6.168249,2.297835,0.000000
30.915004,27.605025,47.108119,2249.926791,0.517442,38.749601,6.118561,2.279325,0.000000
30.939062,27.627545,47.136294,2246.314040,0.414929,38.767706,6.074801,2.263023,0.000000
30.963075,27.650039,47.158188,2242.751523,0.310541,38.785824,6.036917,2.248911,0.000000
30.987046,27.672510,47.173732,2239.236338,0.204509,38.803961,6.004862,2.236969,0.000000
31.010975,27.694967,47.182838,2235.765569,0.097056,38.822119,5.978590,2.227182,0.000000
31.034862,27.717397,47.185462,2232.336262,-0.011599,38.840297,5.958062,2.219535,0.000000
31.058707,27.739814,47.181554,2228.945414,-0.121216,38.858497,5.943240,2.214013,0.000000
31.082501,27.762210,47.171078,2225.589988,-0.231574,38.876709,5.934094,2.210606,0.000000
31.106261,27.784586,47.154021,2222.266925,-0.342449,38.894940,5.930596,2.209303,0.000000
31.129980,27.806941,47.130382,2218.973093,-0.453626,38.913193,5.932725,2.210096,0.000000
31.153657,27.829284,47.100159,2215.705336,-0.564858,38.931466,5.940461,2.212978,0.000000
31.177292,27.851597,47.063302,2212.460652,-0.675936,38.949761,5.953855,2.217968,0.000000
31.200884,27.873899,47.019844,2209.235686,-0.786617,38.968067,5.972904,2.225064,0.000000
31.224434,27.896180,46.969923,2206.026840,-0.896684,38.986394,5.997533,2.234239,0.000000
31.247942,27.918449,46.913593,2202.830715,-1.005896,39.004741,6.027740,2.245492,0.000000
31.271410,27.940688,46.850922,2199.643877,-1.114043,39.023110,6.063524,2.258822,0.000000
31.294844,27.962916,46.782014,2196.462834,-1.220892,39.041498,6.104888,2.274232,0.000000
31.318235,27.985123,46.706954,2193.284022,-1.326214,39.059900,6.151836,2.291721,0.000000
31.341577,28.007310,46.625877,2190.103827,-1.429776,39.078328,6.204370,2.311291,0.000000
31.364885,28.029485,46.538895,2186.918562,-1.531349,39.096763,6.262494,2.332944,0.000000
31.388152,28.051637,46.446151,2183.724479,-1.630701,39.115224,6.326207,2.356679,0.000000
31.411376,28.073765,46.347801,2180.517788,-1.727611,39.133698,6.395508,2.382495,0.000000
31.434561,28.095884,46.244019,2177.294623,-1.821838,39.152191,6.470390,2.410390,0.000000
31.457709,28.117975,46.134985,2174.051070,-1.913160,39.170693,6.550838,2.440360,0.000000
31.480807,28.140048,46.020882,2170.783175,-2.001332,39.189210,6.636833,2.472395,0.000000
31.503867,28.162104,45.901920,2167.486916,-2.086124,39.207748,6.728344,2.506485,0.000000
31.526888,28.184136,45.778325,2164.158254,-2.167315,39.226299,6.825329,2.542615,0.000000
31.549861,28.206153,45.650331,2160.793109,-2.244668,39.244858,6.927735,2.580764,0.000000
31.572796,28.228145,45.518177,2157.387367,-2.317954,39.263434,7.035491,2.620905,0.000000
31.595690,28.250115,45.382120,2153.936919,-2.386955,39.282020,7.148509,2.663008,0.000000
31.618531,28.272069,45.242438,2150.437642,-2.451440,39.300612,7.266684,2.707031,0.000000
31.641331,28.293997,45.099402,2146.885427,-2.511188,39.319214,7.389886,2.752927,0.000000
31.664093,28.315899,44.953315,2143.276177,-2.565995,39.337827,7.517962,2.800639,0.000000
31.686808,28.337780,44.804476,2139.605855,-2.615645,39.356445,7.650734,2.850100,0.000000
31.709471,28.359634,44.653204,2135.870466,-2.659929,39.375068,7.787994,2.901233,0.000000
31.732093,28.381469,44.499821,2132.066098,-2.698668,39.393697,7.929502,2.953948,0.000000
31.754671,28.403275,44.344669,2128.188930,-2.731669,39.412330,8.074988,3.008145,0.000000
31.777196,28.425051,44.188088,2124.235268,-2.758756,39.430963,8.224144,3.063710,0.000000
31.799669,28.446807,44.030427,2120.201553,-2.779772,39.449596,8.376628,3.120514,0.000000
31.822097,28.468534,43.872052,2116.084399,-2.794570,39.468228,8.532061,3.178417,0.000000
31.844482,28.490230,43.713329,2111.880595,-2.803011,39.486861,8.690023,3.237262,0.000000
31.866810,28.511902,43.554629,2107.587164,-2.804975,39.505487,8.850056,3.296879,0.000000
31.889092,28.533537,43.396331,2103.201376,-2.800376,39.524110,9.011664,3.357082,0.000000
31.911314,28.555139,43.238800,2098.720753,-2.789121,39.542732,9.174310,3.417672,0.000000
31.933483,28.576717,43.082429,2094.143134,-2.771173,39.561338,9.337421,3.478435,0.000000
31.955607,28.598257,42.927597,2089.466683,-2.746484,39.579941,9.500388,3.539144,0.000000
31.977672,28.619764,42.774681,2084.689911,-2.715053,39.598525,9.662569,3.599561,0.000000
31.999682,28.641240,42.624057,2079.811705,-2.676891,39.617107,9.823291,3.659435,0.000000
32.021631,28.662675,42.476091,2074.831350,-2.632056,39.635670,9.981857,3.718504,0.000000
32.043527,28.684077,42.331149,2069.748561,-2.580631,39.654212,10.137547,3.776503,0.000000
32.065360,28.705438,42.189596,2064.563495,-2.522703,39.672743,10.289625,3.833156,0.000000
32.087130,28.726756,42.051802,2059.275927,-2.458367,39.691253,10.437305,3.888171,0.000000
32.108846,28.748033,41.918149,2053.886221,-2.387764,39.709742,10.579779,3.941246,0.000000
32.130499,28.769276,41.788900,2048.397542,-2.311180,39.728200,10.716371,3.992130,0.000000
32.152089,28.790469,41.664357,2042.811955,-2.228865,39.746646,10.846353,4.040552,0.000000
32.173616,28.811628,41.544807,2037.131981,-2.141086,39.765061,10.969017,4.086247,0.000000
32.195079,28.832736,41.430526,2031.360629,-2.048132,39.783455,11.083682,4.128963,0.000000
32.216471,28.853800,41.321759,2025.501351,-1.950348,39.801818,11.189710,4.168461,0.000000
32.237807,28.874814,41.218731,2019.558054,-1.848081,39.820157,11.286502,4.204519,0.000000
32.259070,28.895784,41.121655,2013.535068,-1.741715,39.838458,11.373517,4.236934,0.000000
32.280261,28.916703,41.030695,2007.437108,-1.631666,39.856735,11.450272,4.265528,0.000000
32.301387,28.937576,40.946015,2001.269268,-1.518372,39.874979,11.516351,4.290144,0.000000
32.322443,28.958391,40.867746,1995.036967,-1.402282,39.893183,11.571411,4.310655,0.000000
32.343432,28.979161,40.795989,1988.745931,-1.283866,39.911356,11.615184,4.326962,0.000000
32.364348,28.999878,40.730815,1982.402116,-1.163616,39.929497,11.647482,4.338994,0.000000
32.385190,29.020543,40.672262,1976.011715,-1.042022,39.947603,11.668200,4.346712,0.000000
32.405963,29.041155,40.620357,1969.581071,-0.919589,39.965667,11.677316,4.350108,0.000000
32.426664,29.061711,40.575087,1963.116656,-0.796826,39.983698,11.674890,4.349204,0.000000
32.447286,29.082209,40.536418,1956.625020,-0.674246,40.001694,11.661063,4.344053,0.000000
32.467839,29.102658,40.504276,1950.112726,-0.552353,40.019647,11.636055,4.334737,0.000000
32.488319,29.123051,40.478580,1943.586335,-0.431642,40.037569,11.600161,4.321365,0.000000
32.508726,29.143385,40.459212,1937.052344,-0.312608,40.055454,11.553745,4.304074,0.000000
32.529059,29.163667,40.446025,1930.517150,-0.195729,40.073297,11.497235,4.283023,0.000000
32.549318,29.183892,40.438855,1923.987009,-0.081457,40.091104,11.431119,4.258392,0.000000
32.569504,29.204058,40.437522,1917.468008,0.029758,40.108873,11.355932,4.230383,0.000000
32.589617,29.224167,40.441815,1910.966018,0.137494,40.126606,11.272256,4.199212,0.000000
32.609655,29.244218,40.451508,1904.486669,0.241346,40.144308,11.180709,4.165108,0.000000
32.629616,29.264218,40.466362,1898.035340,0.340954,40.161972,11.081934,4.128312,0.000000
32.649509,29.284163,40.486110,1891.617137,0.435963,40.179601,10.976600,4.089072,0.000000
32.669333,29.304045,40.510479,1885.236850,0.526049,40.197191,10.865385,4.047642,0.000000
32.689076,29.323872,40.539178,1878.898972,0.610935,40.214753,10.748976,4.004276,0.000000
32.708750,29.343646,40.571923,1872.607658,0.690344,40.232280,10.628061,3.959232,0.000000
32.728353,29.363367,40.608401,1866.366751,0.764050,40.249780,10.503319,3.912763,0.000000
32.747891,29.383036,40.648291,1860.179761,0.831859,40.267243,10.375420,3.865117,0.000000
32.767358,29.402644,40.691278,1854.049869,0.893584,40.284681,10.245018,3.816539,0.000000
32.786751,29.422206,40.737043,1847.979915,0.949086,40.302098,10.112743,3.767263,0.000000
32.806070,29.441709,40.785245,1841.972442,0.998262,40.319476,9.979206,3.717517,0.000000
32.825334,29.461157,40.835559,1836.029665,1.041006,40.336830,9.844986,3.667517,0.000000
32.844518,29.480563,40.887662,1830.153481,1.077268,40.354163,9.710637,3.617468,0.000000
32.863646,29.499907,40.941222,1824.345532,1.107012,40.371476,9.576678,3.567565,0.000000
32.882703,29.519208,40.995905,1818.607124,1.130228,40.388767,9.443599,3.517989,0.000000
32.901695,29.538457,41.051392,1812.939688,1.146892,40.406027,9.311862,3.468914,0.000000
32.920624,29.557652,41.107368,1807.345038,1.156957,40.423276,9.181927,3.420509,0.000000
32.939489,29.576805,41.163496,1801.822383,1.160601,40.440503,9.054154,3.372911,0.000000
32.958292,29.595906,41.219475,1796.372048,1.157910,40.457711,8.928898,3.326250,0.000000
32.977032,29.614965,41.275006,1790.994123,1.148963,40.474908,8.806482,3.280646,0.000000
32.995718,29.633972,41.329789,1785.688510,1.133880,40.492093,8.687198,3.236210,0.000000
33.014333,29.652937,41.383544,1780.454915,1.112791,40.509259,8.571310,3.193039,0.000000
33.032895,29.671858,41.435996,1775.292870,1.085835,40.526414,8.459053,3.151220,0.000000
33.051403,29.690731,41.486875,1770.201743,1.053161,40.543559,8.350636,3.110832,0.000000
33.069848,29.709567,41.535928,1765.180742,1.014945,40.560694,8.246244,3.071943,0.000000
33.088235,29.728357,41.582907,1760.228933,0.971349,40.577817,8.146039,3.034614,0.000000
33.106572,29.747109,41.627572,1755.345250,0.922576,40.594933,8.050161,2.998897,0.000000
33.124844,29.765812,41.669710,1750.528499,0.868815,40.612047,7.958733,2.964837,0.000000
33.143071,29.784476,41.709101,1745.777376,0.810262,40.629152,7.871856,2.932474,0.000000
33.161242,29.803105,41.745535,1741.090476,0.747137,40.646255,7.789619,2.901838,0.000000
33.179358,29.821692,41.778825,1736.466278,0.679650,40.663350,7.712094,2.872958,0.000000
33.197427,29.840241,41.808793,1731.903163,0.608023,40.680446,7.639341,2.845855,0.000000
33.215440,29.858755,41.835271,1727.399440,0.532485,40.697537,7.571406,2.820548,0.000000
33.233399,29.877226,41.858095,1722.953328,0.453269,40.714627,7.508328,2.797050,0.000000
33.251311,29.895660,41.877129,1718.562960,0.370603,40.731718,7.450133,2.775371,0.000000
33.269176,29.914063,41.892235,1714.226409,0.284731,40.748808,7.396843,2.755519,0.000000
33.286993,29.932429,41.903288,1709.941666,0.195894,40.765899,7.348469,2.737498,0.000000
33.304758,29.950758,41.910186,1705.706645,0.104334,40.782990,7.305017,2.721311,0.000000
33.322471,29.969050,41.912827,1701.519211,0.010299,40.800085,7.266490,2.706959,0.000000
33.340137,29.987306,41.911121,1697.377167,-0.085966,40.817181,7.232882,2.694439,0.000000
33.357761,30.005531,41.905000,1693.278238,-0.184212,40.834283,7.204187,2.683749,0.000000
33.375336,30.023724,41.894399,1689.220107,-0.284186,40.851389,7.180394,2.674886,0.000000
33.392859,30.041879,41.879261,1685.200386,-0.385642,40.868494,7.161487,2.667842,0.000000
33.410343,30.060006,41.859552,1681.216629,-0.488326,40.885607,7.147449,2.662613,0.000000
33.427782,30.078098,41.835243,1677.266354,-0.591980,40.902723,7.138262,2.659190,0.000000
33.445168,30.096155,41.806319,1673.347005,-0.696352,40.919840,7.133902,2.657566,0.000000
33.462509,30.114180,41.772775,1669.455989,-0.801189,40.936963,7.134345,2.657731,0.000000
33.479808,30.132174,41.734612,1665.590649,-0.906233,40.954090,7.139564,2.659675,0.000000
33.497065,30.150136,41.691855,1661.748274,-1.011233,40.971224,7.149530,2.663388,0.000000
33.514272,30.168059,41.644527,1657.926130,-1.115942,40.988361,7.164211,2.668857,0.000000
33.531444,30.185957,41.592667,1654.121413,-1.220096,41.005506,7.183572,2.676070,0.000000
33.548566,30.203825,41.536328,1650.331282,-1.323445,41.022653,7.207575,2.685011,0.000000
33.565636,30.221661,41.475571,1646.552860,-1.425731,41.039809,7.236177,2.695666,0.000000
33.582672,30.239457,41.410473,1642.783199,-1.526715,41.056967,7.269334,2.708018,0.000000
33.599658,30.257230,41.341116,1639.019356,-1.626133,41.074124,7.306994,2.722047,0.000000
33.616600,30.274962,41.267591,1635.258333,-1.723741,41.091291,7.349109,2.737736,0.000000
33.633500,30.292671,41.189904,1631.497010,-1.819246,41.108458,7.395703,2.755094,0.000000
33.650358,30.310340,41.108286,1627.732284,-1.912440,41.125626,7.446612,2.774059,0.000000
33.667173,30.327986,41.022846,1623.961062,-2.003076,41.142803,7.501756,2.794602,0.000000
33.683937,30.345592,40.933724,1620.180273,-2.090919,41.159971,7.561052,2.816691,0.000000
33.700658,30.363174,40.841072,1616.386787,-2.175741,41.177149,7.624406,2.840292,0.000000
33.717338,30.380716,40.745040,1612.577523,-2.257300,41.194326,7.691712,2.865365,0.000000
33.733975,30.398227,40.645785,1608.749359,-2.335378,41.211504,7.762857,2.891868,0.000000
33.750569,30.415706,40.543492,1604.899213,-2.409750,41.228682,7.837712,2.919754,0.000000
33.767112,30.433151,40.438326,1601.024007,-2.480196,41.245859,7.916138,2.948970,0.000000
33.783614,30.450560,40.330495,1597.120703,-2.546520,41.263034,7.997981,2.979458,0.000000
33.800070,30.467941,40.220183,1593.186287,-2.608513,41.280202,8.083074,3.011158,0.000000
33.816477,30.485281,40.107595,1589.217807,-2.665987,41.297369,8.171234,3.044000,0.000000
33.832839,30.502586,39.992954,1585.212371,-2.718750,41.314533,8.262261,3.077910,0.000000
33.849156,30.519862,39.876461,1581.167155,-2.766639,41.331690,8.355941,3.112808,0.000000
33.865429,30.537100,39.758353,1577.079420,-2.809485,41.348844,8.452041,3.148608,0.000000
33.881652,30.554303,39.638852,1572.946525,-2.847139,41.365986,8.550311,3.185216,0.000000
33.897830,30.571467,39.518196,1568.765943,-2.879467,41.383123,8.650486,3.222534,0.000000
33.913955,30.588596,39.396617,1564.535264,-2.906348,41.400251,8.752279,3.260454,0.000000
33.930037,30.605683,39.274358,1560.252209,-2.927671,41.417362,8.855391,3.298866,0.000000
33.946073,30.622733,39.151669,1555.914673,-2.943342,41.434463,8.959501,3.337650,0.000000
33.962056,30.639751,39.028786,1551.520702,-2.953297,41.451553,9.064276,3.376681,0.000000
33.977992,30.656727,38.905961,1547.068515,-2.957471,41.468628,9.169365,3.415830,0.000000
33.993874,30.673662,38.783441,1542.556535,-2.955833,41.485687,9.274405,3.454960,0.000000
34.009706,30.690553,38.661469,1537.983391,-2.948362,41.502729,9.379018,3.493931,0.000000
34.025489,30.707405,38.540285,1533.347911,-2.935061,41.519757,9.482816,3.532599,0.000000
34.041220,30.724218,38.420125,1528.649168,-2.915971,41.536762,9.585403,3.570815,0.000000
34.056898,30.740990,38.301241,1523.886466,-2.891126,41.553748,9.686375,3.608430,0.000000
34.072524,30.757712,38.183854,1519.059364,-2.860602,41.570710,9.785324,3.645291,0.000000
34.088097,30.774396,38.068198,1514.167677,-2.824496,41.587655,9.881840,3.681245,0.000000
34.103618,30.791034,37.954490,1509.211463,-2.782925,41.604574,9.975515,3.716142,0.000000
34.119086,30.807620,37.842934,1504.191068,-2.736043,41.621462,10.065944,3.749829,0.000000
34.134494,30.824169,37.733751,1499.107088,-2.684003,41.638326,10.152732,3.782160,0.000000
34.149847,30.840661,37.627117,1493.960411,-2.627004,41.655170,10.235493,3.812990,0.000000
34.165147,30.857117,37.523226,1488.752180,-2.565253,41.671975,10.313856,3.842183,0.000000
34.180387,30.873514,37.422240,1483.483806,-2.498999,41.688756,10.387469,3.869605,0.000000
34.195572,30.889867,37.324336,1478.156949,-2.428498,41.705507,10.455998,3.895134,0.000000
34.210705,30.906177,37.229650,1472.773546,-2.354028,41.722227,10.519135,3.918655,0.000000
34.225766,30.922427,37.138311,1467.335766,-2.275886,41.738905,10.576601,3.940062,0.000000
34.240773,30.938633,37.050439,1461.845995,-2.194403,41.755561,10.628143,3.959263,0.000000
34.255728,30.954777,36.966152,1456.306871,-2.109903,41.772176,10.673544,3.976176,0.000000
34.270619,30.970877,36.885610,1450.720231,-2.022686,41.788758,10.712475,3.990679,0.000000
34.285447,30.986924,36.808814,1445.090152,-1.933194,41.805299,10.744919,4.002765,0.000000
34.300212,31.002910,36.735820,1439.419891,-1.841807,41.821807,10.770779,4.012399,0.000000
34.314923,31.018852,36.666652,1433.712784,-1.748902,41.838275,10.789986,4.019554,0.000000
34.329563,31.034732,36.601356,1427.972320,-1.654877,41.854710,10.802512,4.024220,0.000000
34.344149,31.050558,36.539924,1422.202054,-1.560132,41.871104,10.808367,4.026401,0.000000
34.358672,31.066324,36.482352,1416.405678,-1.465074,41.887465,10.807600,4.026115,0.000000
34.373132,31.082045,36.428617,1410.586910,-1.370109,41.903784,10.800300,4.023396,0.000000
34.387529,31.097703,36.378681,1404.749527,-1.275627,41.920061,10.786591,4.018289,0.000000
34.401863,31.113300,36.332488,1398.897332,-1.182035,41.936298,10.766631,4.010853,0.000000
34.416134,31.128844,36.289970,1393.034132,-1.089724,41.952502,10.740614,4.001161,0.000000
34.430342,31.144334,36.251036,1387.163700,-0.999072,41.968663,10.708762,3.989296,0.000000
34.444487,31.159763,36.215589,1381.289796,-0.910456,41.984782,10.671328,3.975351,0.000000
34.458569,31.175136,36.183527,1375.416098,-0.824244,42.000863,10.628588,3.959429,0.000000
34.472588,31.190450,36.154728,1369.546228,-0.740773,42.016909,10.580841,3.941642,0.000000
34.486544,31.205708,36.129054,1363.683723,-0.660384,42.032912,10.528406,3.922108,0.000000
34.500437,31.220907,36.106363,1357.832011,-0.583386,42.048878,10.471617,3.900953,0.000000
34.514267,31.236049,36.086504,1351.994394,-0.510089,42.064812,10.410823,3.878306,0.000000
34.528034,31.251133,36.069304,1346.174066,-0.440764,42.080706,10.346382,3.854300,0.000000
34.541738,31.266159,36.054601,1340.374085,-0.375668,42.096561,10.278658,3.829071,0.000000
34.555379,31.281127,36.042220,1334.597344,-0.315044,42.112386,10.208021,3.802756,0.000000
34.568957,31.296038,36.031971,1328.846600,-0.259106,42.128173,10.134841,3.775495,0.000000
34.582478,31.310891,36.023666,1323.124445,-0.208053,42.143924,10.059487,3.747424,0.000000
34.595934,31.325686,36.017118,1317.433315,-0.162055,42.159639,9.982326,3.718679,0.000000
34.609330,31.340424,36.012132,1311.775476,-0.121267,42.175322,9.903717,3.689395,0.000000
34.622666,31.355109,36.008509,1306.153021,-0.085814,42.190980,9.824013,3.659703,0.000000
34.635939,31.369736,36.006044,1300.567886,-0.055804,42.206603,9.743557,3.629731,0.000000
34.649157,31.384306,36.004535,1295.021842,-0.031322,42.222192,9.662681,3.599603,0.000000
34.662315,31.398824,36.003788,1289.516480,-0.012429,42.237756,9.581705,3.569437,0.000000
34.675409,31.413289,36.003603,1284.053220,0.000827,42.253292,9.500937,3.539349,0.000000
34.688449,31.427694,36.003775,1278.633340,0.008427,42.268797,9.420669,3.509447,0.000000
34.701428,31.442052,36.004117,1273.257946,0.010369,42.284277,9.341180,3.479836,0.000000
34.714352,31.456352,36.004420,1267.927990,0.006677,42.299737,9.262735,3.450612,0.000000
34.727215,31.470597,36.004512,1262.644262,-0.002625,42.315168,9.185580,3.421870,0.000000
34.740024,31.484789,36.004189,1257.407411,-0.017482,42.330575,9.109949,3.393696,0.000000
34.752771,31.498929,36.003280,1252.217934,-0.037818,42.345953,9.036061,3.366170,0.000000
34.765474,31.513017,36.001606,1247.076203,-0.063542,42.361317,8.964116,3.339369,0.000000
34.778116,31.527052,35.998993,1241.982439,-0.094565,42.376662,8.894303,3.313362,0.000000
34.790695,31.541044,35.995270,1236.936732,-0.130752,42.391986,8.826794,3.288213,0.000000
34.803231,31.554975,35.990284,1231.939055,-0.171986,42.407288,8.761749,3.263982,0.000000
34.815714,31.568861,35.983854,1226.990157,-0.218206,42.422580,8.699363,3.240742,0.000000
34.828134,31.582696,35.975838,1222.089052,-0.269187,42.437850,8.639735,3.218529,0.000000
34.840511,31.596488,35.966113,1217.235135,-0.324723,42.453100,8.582971,3.197382,0.000000
34.852826,31.610227,35.954549,1212.427893,-0.384642,42.468339,8.529175,3.177342,0.000000
34.865099,31.623914,35.941011,1207.666715,-0.448768,42.483559,8.478443,3.158443,0.000000
34.877319,31.637551,35.925396,1202.950896,-0.516877,42.498776,8.430858,3.140716,0.000000
34.889486,31.651152,35.907575,1198.279620,-0.588776,42.513972,8.386493,3.124189,0.000000
34.901603,31.664696,35.887468,1193.651986,-0.664254,42.529151,8.345412,3.108885,0.000000
34.913674,31.678203,35.864970,1189.067000,-0.743077,42.544328,8.307667,3.094825,0.000000
34.925687,31.691659,35.839998,1184.523580,-0.825019,42.559492,8.273305,3.082024,0.000000
34.937657,31.705064,35.812477,1180.020563,-0.909847,42.574640,8.242361,3.070496,0.000000
34.949583,31.718427,35.782335,1175.556702,-0.997313,42.589785,8.214864,3.060253,0.000000
34.961456,31.731749,35.749517,1171.130681,-1.087188,42.604920,8.190835,3.051302,0.000000
34.973280,31.745025,35.713977,1166.741094,-1.179210,42.620044,8.170287,3.043647,0.000000
34.985058,31.758256,35.675662,1162.386482,-1.273127,42.635158,8.153228,3.037292,0.000000
34.996788,31.771447,35.634545,1158.065305,-1.368682,42.650261,8.139656,3.032236,0.000000
35.008471,31.784586,35.590593,1153.775963,-1.465616,42.665359,8.129566,3.028477,0.000000
35.020107,31.797681,35.543798,1149.516791,-1.563673,42.680451,8.122943,3.026010,0.000000
35.031701,31.810741,35.494142,1145.286071,-1.662584,42.695538,8.119769,3.024828,0.000000
35.043247,31.823758,35.441626,1141.082024,-1.762090,42.710620,8.120019,3.024921,0.000000
35.054747,31.836728,35.386264,1136.902816,-1.861928,42.725691,8.123660,3.026277,0.000000
35.066204,31.849656,35.328068,1132.746577,-1.961825,42.740752,8.130656,3.028883,0.000000
35.077614,31.862542,35.267054,1128.611377,-2.061522,42.755808,8.140962,3.032722,0.000000
35.088977,31.875387,35.203261,1124.495252,-2.160756,42.770858,8.154528,3.037776,0.000000
35.100298,31.888188,35.136726,1120.396202,-2.259271,42.785904,8.171298,3.044024,0.000000
35.111570,31.900943,35.067493,1116.312178,-2.356806,42.800943,8.191210,3.051441,0.000000
35.122797,31.913662,34.995616,1112.241125,-2.453106,42.815972,8.214194,3.060003,0.000000
35.133989,31.926337,34.921163,1108.180956,-2.547917,42.830990,8.240174,3.069682,0.000000
35.145128,31.938973,34.844195,1104.129548,-2.640995,42.846005,8.269069,3.080446,0.000000
35.156226,31.951563,34.764788,1100.084782,-2.732089,42.861013,8.300787,3.092262,0.000000
35.167285,31.964116,34.683020,1096.044525,-2.820965,42.876010,8.335233,3.105094,0.000000
35.178294,31.976629,34.598990,1092.006638,-2.907396,42.891005,8.372302,3.118903,0.000000
35.189258,31.989092,34.512782,1087.968991,-2.991148,42.905983,8.411882,3.133647,0.000000
35.200181,32.001519,34.424494,1083.929447,-3.072003,42.920957,8.453855,3.149283,0.000000
35.211062,32.013898,34.334245,1079.885894,-3.149753,42.935922,8.498092,3.165763,0.000000
35.221892,32.026242,34.242133,1075.836251,-3.224203,42.950877,8.544460,3.183036,0.000000
35.232678,32.038545,34.148266,1071.778445,-3.295151,42.965812,8.592816,3.201050,0.000000
35.243432,32.050797,34.052778,1067.710458,-3.362421,42.980745,8.643009,3.219748,0.000000
35.254135,32.063016,33.955791,1063.630299,-3.425851,42.995669,8.694881,3.239072,0.000000
35.264785,32.075193,33.857431,1059.536029,-3.485269,43.010572,8.748266,3.258959,0.000000
35.275403,32.087318,33.757801,1055.425501,-3.540466,43.025464,8.803009,3.279353,0.000000
35.285968,32.099410,33.657055,1051.296966,-3.591332,43.040345,8.858913,3.300178,0.000000
35.296491,32.111450,33.555349,1047.148822,-3.637792,43.055205,8.915779,3.321362,0.000000
35.306973,32.123448,33.452797,1042.979411,-3.679742,43.070055,8.973413,3.342832,0.000000
35.317411,32.135404,33.349565,1038.787172,-3.717096,43.084893,9.031614,3.364514,0.000000
35.327798,32.147318,33.245773,1034.570627,-3.749780,43.099701,9.090177,3.386330,0.000000
35.338143,32.159189,33.141565,1030.328417,-3.777733,43.114499,9.148892,3.408203,0.000000
35.348444,32.171011,33.037087,1026.059289,-3.800919,43.129283,9.207544,3.430052,0.000000
35.358695,32.182797,32.932477,1021.762089,-3.819333,43.144040,9.265917,3.451798,0.000000
35.368903,32.194533,32.827867,1017.435800,-3.832957,43.158781,9.323791,3.473358,0.000000
35.379068,32.206224,32.723397,1013.079534,-3.841820,43.173494,9.380947,3.494649,0.000000
35.389182,32.217865,32.619204,1008.692534,-3.845951,43.188188,9.437163,3.515592,0.000000
35.399255,32.229465,32.515415,1004.274168,-3.845413,43.202866,9.492223,3.536103,0.000000
35.409282,32.241019,32.412161,999.823960,-3.840278,43.217512,9.545910,3.556103,0.000000
22.483689,20.474408,39.166198,2366.673015,-2.549263,43.875214,11.828572,4.406454,0.000000
0.062441,0.062441,50.989139,4739.914764,-0.246983,45.000129,15.732169,5.860647,0.000000
0.108365,0.108365,50.969668,4730.946604,-0.060157,45.000240,15.715707,5.854514,0.000000
0.154205,0.154205,50.973877,4721.954642,0.125956,45.000367,15.646828,5.828855,0.000000
0.199962,0.199962,51.001528,4712.968803,0.310401,45.000510,15.526942,5.784194,0.000000
0.245629,0.245629,51.052263,4704.018237,0.492231,45.000673,15.358191,5.721330,0.000000
0.291201,0.291207,51.125601,4695.130926,0.670551,45.000858,15.143377,5.641306,0.000000
0.336690,0.336695,51.220967,4686.333300,0.844519,45.001058,14.885866,5.545377,0.000000
0.382095,0.382100,51.337685,4677.649955,1.013346,45.001274,14.589489,5.434969,0.000000
0.427404,0.427420,51.474983,4669.103374,1.176327,45.001512,14.258422,5.311637,0.000000
0.472632,0.472652,51.632020,4660.713743,1.332833,45.001770,13.897077,5.177027,0.000000
0.517773,0.517800,51.807884,4652.498865,1.482307,45.002049,13.509986,5.032825,0.000000
0.562833,0.562863,52.001610,4644.474061,1.624281,45.002349,13.101702,4.880729,0.000000
0.607778,0.607884,52.210489,4636.655143,1.730531,45.093875,12.679695,4.723520,23.444093
0.652559,0.652913,52.430910,4629.054814,1.816075,45.226854,12.252413,4.564346,33.999999
0.697153,0.697970,52.661157,4621.678179,1.894817,45.355527,11.824228,4.404836,33.999999
0.741581,0.743051,52.900374,4614.526803,1.966746,45.479886,11.397650,4.245925,33.999999
0.785836,0.788153,53.147713,4607.600891,2.031894,45.599929,10.974931,4.088451,33.999999
0.829929,0.833276,53.402308,4600.899401,2.090318,45.715699,10.558055,3.933153,33.999999
0.873873,0.878419,53.663331,4594.420227,2.142110,45.827248,10.148747,3.780675,33.999999
0.917661,0.923584,53.929974,4588.160332,2.187374,45.934648,9.748475,3.631563,33.999999
0.961309,0.968761,54.201430,4582.115843,2.226263,46.037991,9.358471,3.486277,33.999999
1.004821,1.013958,54.476930,4576.282232,2.258927,46.137366,8.979737,3.345188,33.999999
1.048187,1.059175,54.755729,4570.654416,2.285547,46.232895,8.613071,3.208595,33.999999
1.091435,1.104395,55.037097,4565.226853,2.306305,46.324689,8.259077,3.076723,33.999999
1.134548,1.149634,55.320331,4559.993648,2.321403,46.412875,7.918190,2.949734,33.999999
1.177553,1.194884,55.604760,4554.950985,2.330978,46.497559,7.590866,2.827797,33.999999
1.220431,1.240145,55.889736,4550.091987,2.335242,46.578861,7.277227,2.710958,33.999999
1.263205,1.285426,56.174615,4545.408152,2.334479,46.656980,6.977151,2.599172,33.999999
1.305875,1.330708,56.458816,4540.893019,2.328884,46.732033,6.690564,2.492411,33.999999
1.348449,1.376000,56.741765,4536.540136,2.318690,46.804163,6.417307,2.390616,33.999999
1.390919,1.421301,57.022936,4532.343105,2.304093,46.873516,6.157152,2.293701,33.999999
1.433295,1.466606,57.301819,4528.295610,2.285295,46.940214,5.909815,2.201561,33.999999
1.475578,1.511928,57.577934,4524.391486,2.262500,47.004401,5.674966,2.114074,33.999999
1.517778,1.557252,57.850820,4520.624679,2.235901,47.066191,5.452240,2.031103,33.999999
1.559893,1.602586,58.120033,4516.989334,2.205691,47.125715,5.241246,1.952502,33.999999
1.601927,1.647928,58.385166,4513.479760,2.172059,47.183088,5.041575,1.878119,33.999999
1.643887,1.693273,58.645835,4510.090467,2.135176,47.238435,4.852804,1.807797,33.999999
1.685774,1.738629,58.901662,4506.816148,2.095215,47.291867,4.674506,1.741377,33.999999
1.727588,1.783992,59.152307,4503.651718,2.052341,47.343489,4.506254,1.678698,33.999999
1.769331,1.829358,59.397433,4500.592272,2.006710,47.393407,4.347620,1.619603,33.999999
1.811008,1.874732,59.636736,4497.633124,1.958481,47.441717,4.198187,1.563935,33.999999
1.852616,1.920109,59.869920,4494.769777,1.907794,47.488519,4.057544,1.511542,33.999999
1.894164,1.965492,60.096717,4491.997929,1.854798,47.533909,3.925292,1.462274,33.999999
1.935651,2.010880,60.316863,4489.313473,1.799616,47.577965,3.801045,1.415989,33.999999
1.977080,2.056278,60.530114,4486.712478,1.742376,47.620774,3.684434,1.372548,33.999999
2.018456,2.101682,60.736245,4484.191194,1.683204,47.662418,3.575101,1.331819,33.999999
2.059768,2.147086,60.935041,4481.746032,1.622217,47.702970,3.472707,1.293675,33.999999
2.101030,2.192495,61.126302,4479.373573,1.559527,47.742506,3.376929,1.257995,33.999999
2.142237,2.237915,61.309842,4477.070543,1.495231,47.781090,3.287461,1.224666,33.999999
2.183394,2.283340,61.485484,4474.833810,1.429438,47.818794,3.204014,1.193580,33.999999
2.224509,2.328770,61.653069,4472.660382,1.362248,47.855685,3.126315,1.164635,33.999999
2.265568,2.374205,61.812432,4470.547398,1.293745,47.891815,3.054108,1.137736,33.999999
2.306578,2.419646,61.963444,4468.492103,1.224017,47.927241,2.987154,1.112794,33.999999
2.347546,2.465091,62.105968,4466.491858,1.153155,47.962028,2.925230,1.089725,33.999999
2.388473,2.510543,62.239876,4464.544126,1.081243,47.996231,2.868128,1.068453,33.999999
2.429349,2.556006,62.365065,4462.646466,1.008356,48.029891,2.815657,1.048906,33.999999
2.470181,2.601471,62.481430,4460.796520,0.934568,48.063054,2.767639,1.031018,33.999999
2.510971,2.646945,62.588872,4458.992009,0.859955,48.095784,2.723911,1.014728,33.999999
2.551719,2.692429,62.687303,4457.230717,0.784583,48.128118,2.684326,0.999982,33.999999
2.592425,2.737914,62.776653,4455.510510,0.708518,48.160098,2.648748,0.986728,33.999999
2.633098,2.783400,62.856850,4453.829290,0.631833,48.191768,2.617057,0.974923,33.999999
2.673721,2.828904,62.927818,4452.185022,0.554584,48.223178,2.589144,0.964524,33.999999
2.714311,2.874411,62.989510,4450.575698,0.476844,48.254365,2.564915,0.955498,33.999999
2.754859,2.919927,63.041883,4448.999364,0.398660,48.285360,2.544285,0.947813,33.999999
2.795375,2.965443,63.084885,4447.454085,0.320104,48.316205,2.527184,0.941443,33.999999
2.835840,3.010980,63.118400,4445.938209,0.241218,48.346953,2.513586,0.936377,33.999999
2.876281,3.056517,63.142344,4444.449903,0.162067,48.377618,2.503458,0.932604,33.999999
2.916671,3.102055,63.156839,4442.986866,0.082720,48.408263,2.496715,0.930092,33.999999
2.957029,3.147613,63.161864,4441.547208,0.003219,48.438911,2.493333,0.928832,33.999999
2.997346,3.193172,63.157419,4440.129056,-0.076370,48.469605,2.493300,0.928820,33.999999
3.037631,3.238751,63.143495,4438.730504,-0.155993,48.500377,2.496614,0.930055,33.999999
3.077884,3.284330,63.120101,4437.349631,-0.235590,48.531269,2.503286,0.932540,33.999999
3.118094,3.329920,63.087243,4435.984513,-0.315122,48.562307,2.513335,0.936283,33.999999
3.158265,3.375521,63.044950,4434.633169,-0.394518,48.593550,2.526793,0.941297,33.999999
3.198401,3.421130,62.993238,4433.293600,-0.473720,48.625020,2.543705,0.947597,33.999999
3.238496,3.466744,62.932147,4431.963758,-0.552674,48.656755,2.564124,0.955204,33.999999
3.278551,3.512376,62.861702,4430.641555,-0.631332,48.688803,2.588116,0.964141,33.999999
3.318575,3.558019,62.781956,4429.324827,-0.709618,48.721199,2.615760,0.974439,33.999999
3.358564,3.603672,62.692971,4428.011373,-0.787474,48.753983,2.647144,0.986131,33.999999
3.398512,3.649335,62.594790,4426.698900,-0.864840,48.787198,2.682371,0.999254,33.999999
3.438417,3.695009,62.487489,4425.385039,-0.941657,48.820893,2.721555,1.013851,33.999999
3.478284,3.740694,62.371148,4424.067346,-1.017854,48.855106,2.764822,1.029969,33.999999
3.518115,3.786389,62.245839,4422.743283,-1.093358,48.889889,2.812312,1.047660,33.999999
3.557905,3.832099,62.111663,4421.410200,-1.168105,48.925287,2.864176,1.066981,33.999999
3.597652,3.877826,61.968717,4420.065351,-1.242021,48.961350,2.920582,1.087994,33.999999
3.637358,3.923563,61.817108,4418.705860,-1.315029,48.998132,2.981709,1.110765,33.999999
3.677021,3.969310,61.656960,4417.328724,-1.387045,49.035685,3.047749,1.135367,33.999999
3.716643,4.015073,61.488396,4415.930817,-1.457993,49.074065,3.118911,1.161876,33.999999
3.756222,4.060852,61.311557,4414.508860,-1.527785,49.113329,3.195415,1.190376,33.999999
3.795759,4.106647,61.126587,4413.059422,-1.596328,49.153544,3.277497,1.220954,33.999999
3.835249,4.152451,60.933652,4411.578913,-1.663532,49.194772,3.365407,1.253703,33.999999
3.874692,4.198274,60.732921,4410.063562,-1.729303,49.237074,3.459409,1.288721,33.999999
3.914086,4.244115,60.524575,4408.509438,-1.793528,49.280534,3.559781,1.326112,33.999999
3.953428,4.289967,60.308809,4406.912397,-1.856111,49.325215,3.666812,1.365984,33.999999
3.992718,4.335836,60.085829,4405.268105,-1.916930,49.371193,3.780807,1.408450,33.999999
4.031962,4.381727,59.855867,4403.572027,-1.975883,49.418555,3.902082,1.453628,33.999999
4.071149,4.427630,59.619159,4401.819413,-2.032828,49.467387,4.030961,1.501639,33.999999
4.110281,4.473552,59.375949,4400.005289,-2.087654,49.517773,4.167781,1.552608,33.999999
4.149360,4.519487,59.126501,4398.124444,-2.140222,49.569801,4.312885,1.606663,33.999999
4.188370,4.565450,58.871110,4396.171455,-2.190389,49.623582,4.466619,1.663933,33.999999
4.227324,4.611426,58.610076,4394.140644,-2.238017,49.679200,4.629336,1.724549,33.999999
4.266217,4.657422,58.343709,4392.026108,-2.282947,49.736764,4.801384,1.788642,33.999999
4.305046,4.703439,58.072350,4389.821683,-2.325027,49.796394,4.983109,1.856339,33.999999
4.343803,4.749477,57.796351,4387.521005,-2.364098,49.858189,5.174848,1.927767,33.999999
4.382496,4.795546,57.516097,4385.117443,-2.399988,49.922275,5.376921,2.003045,33.999999
4.421106,4.841626,57.231942,4382.603408,-2.432493,49.988788,5.589703,2.082312,33.999999
4.459640,4.887727,56.944300,4379.970361,-2.461406,50.057886,5.813593,2.165716,33.999999
4.498101,4.933850,56.653659,4377.212960,-2.486583,50.129648,6.048646,2.253280,33.999999
4.536478,4.980004,56.360483,4374.323766,-2.507850,50.204212,6.295055,2.345074,33.999999
4.574769,5.026178,56.065266,4371.295210,-2.525014,50.281718,6.552963,2.441151,33.999999
4.612966,5.072374,55.768497,4368.119592,-2.537871,50.362285,6.822447,2.541541,33.999999
4.651070,5.118592,55.470707,4364.789155,-2.546239,50.446055,7.103510,2.646244,33.999999
4.689085,5.164840,55.172454,4361.296110,-2.549922,50.533175,7.396069,2.755230,33.999999
4.726988,5.211111,54.874302,4357.632690,-2.548719,50.623773,7.699942,2.868431,33.999999
4.764795,5.257413,54.576841,4353.791216,-2.542446,50.717984,8.014837,2.985738,33.999999
4.802494,5.303742,54.280693,4349.764160,-2.530912,50.815947,8.340334,3.106994,33.999999
4.840075,5.350090,53.986488,4345.544226,-2.513940,50.917775,8.675878,3.231993,33.999999
4.877533,5.396474,53.694874,4341.124437,-2.491368,51.023599,9.020764,3.360472,33.999999
4.914872,5.442882,53.406519,4336.498223,-2.463036,51.133532,9.374126,3.492109,33.999999
4.952081,5.489317,53.122119,4331.659506,-2.428795,51.247670,9.734927,3.626516,33.999999
4.989158,5.535782,52.842365,4326.602831,-2.388533,51.366106,10.101948,3.763241,33.999999
5.026101,5.582280,52.567964,4321.323457,-2.342141,51.488917,10.473789,3.901762,33.999999
5.062892,5.628800,52.299632,4315.817474,-2.289533,51.616165,10.848861,4.041486,33.999999
5.099535,5.675349,52.038086,4310.081921,-2.230666,51.747894,11.225388,4.181752,33.999999
5.136027,5.721931,51.784059,4304.114888,-2.165520,51.884130,11.601416,4.321833,33.999999
5.172352,5.768539,51.538260,4297.915628,-2.094102,52.024866,11.974819,4.460935,33.999999
5.208513,5.815178,51.301393,4291.484664,-2.016453,52.170080,12.343316,4.598210,33.999999
5.244506,5.861849,51.074167,4284.823891,-1.932671,52.319721,12.704495,4.732758,33.999999
5.280321,5.908545,50.857264,4277.936624,-1.842880,52.473710,13.055831,4.863641,33.999999
5.315951,5.955269,50.651332,4270.827689,-1.747251,52.631941,13.394729,4.989889,33.999999
5.351398,6.002018,50.457004,4263.503472,-1.646002,52.794273,13.718550,5.110521,33.999999
5.386654,6.048794,50.274883,4255.971913,-1.539390,52.960542,14.024658,5.224554,33.999999
5.421710,6.095602,50.105534,4248.242526,-1.427729,53.130543,14.310464,5.331024,33.999999
5.456560,6.142434,49.949468,4240.326377,-1.311366,53.304041,14.573468,5.429000,33.999999
5.491207,6.189288,49.807161,4232.236008,-1.190693,53.480787,14.811313,5.517604,33.999999
5.525647,6.236162,49.679025,4223.985379,-1.066140,53.660493,15.021826,5.596026,33.999999
5.559877,6.283065,49.565424,4215.589730,-0.938195,53.842841,15.203068,5.663543,33.999999
5.593889,6.329983,49.466672,4207.065472,-0.807355,54.027502,15.353371,5.719535,33.999999
5.627681,6.376921,49.382996,4198.430016,-0.674156,54.214116,15.471376,5.763494,33.999999
5.661252,6.423879,49.314583,4189.701605,-0.539154,54.402303,15.556060,5.795042,33.999999
5.694603,6.470858,49.261536,4180.899102,-0.402926,54.591692,15.606764,5.813930,33.999999
5.727724,6.517849,49.223905,4172.041803,-0.266071,54.781882,15.623197,5.820052,33.999999
5.760623,6.564851,49.201650,4163.149222,-0.129171,54.972473,15.605448,5.813440,33.999999
5.793293,6.611863,49.194688,4154.240850,0.007175,55.163069,15.553975,5.794265,33.999999
5.825741,6.658896,49.202855,4145.335987,0.142372,55.353281,15.469596,5.762832,33.999999
5.857968,6.705929,49.225978,4136.453668,0.275855,55.542708,15.353364,5.719532,33.999999
5.889960,6.752973,49.264019,4127.613334,0.406999,55.730955,15.206268,5.664735,33.999999
5.921732,6.800017,49.316319,4118.831962,0.535327,55.917683,15.030703,5.599332,33.999999
5.953293,6.847072,49.382487,4110.126063,0.660344,56.102542,14.828646,5.524061,33.999999
5.984624,6.894135,49.462076,4101.511109,0.781572,56.285239,14.602260,5.439726,33.999999
6.015746,6.941190,49.554579,4093.001381,0.898595,56.465461,14.353850,5.347187,33.999999
6.046658,6.988253,49.659472,4084.609923,1.011014,56.642958,14.085816,5.247337,33.999999
6.077361,7.035309,49.776171,4076.348509,1.118498,56.817482,13.800612,5.141091,33.999999
6.107863,7.082371,49.904083,4068.227557,1.220732,56.988832,13.500707,5.029369,33.999999
6.138157,7.129425,50.042588,4060.256165,1.317454,57.156829,13.188544,4.913080,33.999999
6.168255,7.176476,50.191033,4052.442116,1.408458,57.321310,12.866509,4.793113,33.999999
6.198166,7.223520,50.348741,4044.791892,1.493555,57.482151,12.536904,4.670326,33.999999
6.227892,7.270564,50.515041,4037.310735,1.572610,57.639255,12.201917,4.545535,33.999999
6.257429,7.317604,50.689261,4030.002708,1.645528,57.792553,11.863611,4.419507,33.999999
6.286795,7.364634,50.870700,4022.870753,1.712245,57.941994,11.523902,4.292957,33.999999
6.315982,7.411653,51.058668,4015.916772,1.772735,58.087547,11.184552,4.166540,33.999999
6.344998,7.458666,51.252486,4009.141700,1.826992,58.229213,10.847165,4.040854,33.999999
6.373858,7.505679,51.451475,4002.545611,1.875054,58.367010,10.513180,3.916436,33.999999
6.402555,7.552683,51.654960,3996.127778,1.916977,58.500957,10.183877,3.793762,33.999999
6.431093,7.599676,51.862285,3989.886774,1.952832,58.631105,9.860375,3.673249,33.999999
6.459485,7.646658,52.072799,3983.820559,1.982728,58.757520,9.543643,3.555258,33.999999
6.487735,7.693635,52.285874,3977.926555,2.006781,58.880271,9.234502,3.440095,33.999999
6.515843,7.740606,52.500898,3972.201703,2.025121,58.999439,8.933638,3.328015,33.999999
6.543810,7.787562,52.717273,3966.642562,2.037894,59.115116,8.641612,3.219228,33.999999
6.571646,7.834514,52.934421,3961.245375,2.045249,59.227398,8.358866,3.113898,33.999999
6.599356,7.881459,53.151779,3956.006113,2.047358,59.336395,8.085737,3.012150,33.999999
6.626941,7.928394,53.368801,3950.920526,2.044381,59.442211,7.822467,2.914075,33.999999
6.654406,7.975324,53.584977,3945.984228,2.036505,59.544959,7.569213,2.819731,33.999999
6.681756,8.022241,53.799811,3941.192703,2.023897,59.644753,7.326054,2.729148,33.999999
6.708990,8.069152,54.012811,3936.541377,2.006738,59.741709,7.093008,2.642332,33.999999
6.736116,8.116062,54.223526,3932.025612,1.985213,59.835944,6.870034,2.559268,33.999999
6.763129,8.162957,54.431518,3927.640789,1.959506,59.927570,6.657042,2.479923,33.999999
6.790043,8.209847,54.636372,3923.382284,1.929782,60.016716,6.453902,2.404248,33.999999
6.816863,8.256737,54.837678,3919.245524,1.896228,60.103483,6.260452,2.332183,33.999999
6.843579,8.303610,55.035054,3915.225976,1.859020,60.187990,6.076501,2.263657,33.999999
6.870200,8.350488,55.228159,3911.319195,1.818321,60.270348,5.901838,2.198590,33.999999
6.896725,8.397350,55.416633,3907.520806,1.774311,60.350673,5.736234,2.136898,33.999999
6.923166,8.444209,55.600147,3903.826531,1.727145,60.429058,5.579449,2.078491,33.999999
6.949513,8.491068,55.778416,3900.232186,1.676982,60.505615,5.431236,2.023278,33.999999
6.975785,8.537918,55.951122,3896.733701,1.623984,60.580444,5.291342,1.971164,33.999999
7.001964,8.584767,56.118003,3893.327094,1.568302,60.653650,5.159517,1.922056,33.999999
7.028066,8.631605,56.278661,3890.010476,1.510019,60.725289,5.035684,1.875925,33.999999
7.054086,8.678444,56.432978,3886.777936,1.449359,60.795503,4.919405,1.832608,33.999999
7.080030,8.725272,56.580720,3883.625807,1.386442,60.864368,4.810438,1.792015,33.999999
7.105892,8.772101,56.721692,3880.550540,1.321416,60.931973,4.708547,1.754058,33.999999
7.131682,8.818929,56.855681,3877.548685,1.254409,60.998412,4.613504,1.718652,33.999999
7.157406,8.865756,56.982509,3874.616880,1.185541,61.063767,4.525092,1.685716,33.999999
7.183049,8.912574,57.102001,3871.751860,1.114939,61.128110,4.443103,1.655173,33.999999
7.208633,8.959390,57.214158,3868.950041,1.046015,61.180756,4.367237,1.626911,27.217617
7.234178,9.006192,57.319728,3866.206270,0.989158,61.188142,4.296769,1.600659,0.000000
7.259693,9.052961,57.419239,3863.516351,0.930627,61.195560,4.231150,1.576215,0.000000
7.285185,9.099702,57.512544,3860.877958,0.870539,61.203009,4.170281,1.553539,0.000000
7.310651,9.146422,57.599486,3858.288795,0.809001,61.210487,4.114065,1.532597,0.000000
7.336100,9.193118,57.679939,3855.746586,0.746116,61.217992,4.062410,1.513354,0.000000
7.361521,9.239786,57.753775,3853.249084,0.681986,61.225532,4.015227,1.495778,0.000000
7.386921,9.286432,57.820879,3850.794054,0.616713,61.233097,3.972436,1.479837,0.000000
7.412301,9.333058,57.881141,3848.379291,0.550399,61.240693,3.933960,1.465504,0.000000
7.437659,9.379659,57.934483,3846.002606,0.483147,61.248321,3.899729,1.452752,0.000000
7.462996,9.426237,57.980813,3843.661818,0.415049,61.255980,3.869679,1.441557,0.000000
7.488308,9.472795,58.020054,3841.354754,0.346195,61.263666,3.843755,1.431900,0.000000
7.513598,9.519326,58.052148,3839.079248,0.276683,61.271384,3.821906,1.423760,0.000000
7.538872,9.565837,58.077040,3836.833146,0.206609,61.279132,3.804088,1.417123,0.000000
7.564125,9.612332,58.094686,3834.614287,0.136065,61.286913,3.790268,1.411975,0.000000
7.589357,9.658805,58.105051,3832.420495,0.065142,61.294724,3.780415,1.408304,0.000000
7.614563,9.705258,58.108108,3830.249593,-0.006069,61.302562,3.774510,1.406104,0.000000
7.639749,9.751689,58.103835,3828.099393,-0.077477,61.310438,3.772537,1.405369,0.000000
7.664918,9.798101,58.092229,3825.967690,-0.148989,61.318342,3.774491,1.406097,0.000000
7.690066,9.844496,58.073303,3823.852242,-0.220515,61.326275,3.780372,1.408288,0.000000
7.715194,9.890869,58.047053,3821.750806,-0.291964,61.334239,3.790188,1.411945,0.000000
7.740307,9.937222,58.013503,3819.661090,-0.363243,61.342235,3.803953,1.417073,0.000000
7.765395,9.983554,57.972683,3817.580772,-0.434263,61.350262,3.821690,1.423680,0.000000
7.790459,10.029872,57.924636,3815.507499,-0.504937,61.358312,3.843428,1.431778,0.000000
7.815511,10.076164,57.869409,3813.438867,-0.575156,61.366400,3.869202,1.441380,0.000000
7.840535,10.122441,57.807053,3811.372434,-0.644843,61.374522,3.899056,1.452501,0.000000
7.865545,10.168708,57.737647,3809.305689,-0.713891,61.382666,3.933036,1.465160,0.000000
7.890526,10.214947,57.661267,3807.236099,-0.782207,61.390849,3.971199,1.479376,0.000000
7.915495,10.261163,57.577991,3805.161036,-0.849698,61.399056,4.013605,1.495174,0.000000
7.940443,10.307367,57.487928,3803.077839,-0.916265,61.407293,4.060320,1.512576,0.000000
7.965371,10.353551,57.391170,3800.983766,-0.981795,61.415562,4.111415,1.531610,0.000000
7.990277,10.399715,57.287851,3798.876028,-1.046196,61.423853,4.166966,1.552305,0.000000
8.015163,10.445857,57.178091,3796.751730,-1.109364,61.432184,4.227052,1.574688,0.000000
8.040027,10.491988,57.061901,3794.607464,-1.171151,61.440538,4.291854,1.598828,0.000000
8.064870,10.538088,56.939547,3792.440473,-1.231490,61.448923,4.361377,1.624728,0.000000
8.089692,10.584176,56.811218,3790.247698,-1.290257,61.457340,4.435696,1.652413,0.000000
8.114492,10.630235,56.677072,3788.025968,-1.347337,61.465787,4.514898,1.681918,0.000000
8.139263,10.676282,56.537308,3785.771999,-1.402636,61.474256,4.599071,1.713275,0.000000
8.164022,10.722307,56.392113,3783.482449,-1.456012,61.482756,4.688302,1.746516,0.000000
8.188760,10.768303,56.241694,3781.153899,-1.507370,61.491278,4.782673,1.781671,0.000000
8.213475,10.814286,56.086279,3778.782841,-1.556566,61.499832,4.882263,1.818771,0.000000
8.238163,10.860238,55.926100,3776.365703,-1.603492,61.508415,4.987145,1.857843,0.000000
8.262836,10.906170,55.761387,3773.898828,-1.648023,61.517021,5.097384,1.898909,0.000000
8.287480,10.952081,55.592414,3771.378505,-1.690026,61.525656,5.213033,1.941992,0.000000
8.312103,10.997971,55.419444,3768.800960,-1.729379,61.534316,5.334137,1.987106,0.000000
8.336701,11.043837,55.242760,3766.162356,-1.765951,61.543003,5.460721,2.034262,0.000000
8.361272,11.089671,55.062659,3763.458828,-1.799608,61.551712,5.592798,2.083464,0.000000
8.385822,11.135477,54.879450,3760.686457,-1.830229,61.560445,5.730357,2.134709,0.000000
8.410350,11.181259,54.693445,3757.841320,-1.857680,61.569201,5.873367,2.187984,0.000000
8.434854,11.227013,54.504986,3754.919481,-1.881834,61.577981,6.021769,2.243267,0.000000
8.459325,11.272741,54.314422,3751.917011,-1.902567,61.586790,6.175476,2.300527,0.000000
8.483771,11.318439,54.122103,3748.829997,-1.919742,61.595613,6.334368,2.359719,0.000000
8.508190,11.364104,53.928403,3745.654587,-1.933245,61.604458,6.498292,2.420785,0.000000
8.532583,11.409739,53.733704,3742.386998,-1.942964,61.613329,6.667052,2.483652,0.000000
8.556949,11.455341,53.538398,3739.023527,-1.948775,61.622221,6.840412,2.548234,0.000000
8.581290,11.500912,53.342889,3735.560595,-1.950567,61.631128,7.018092,2.614424,0.000000
8.605597,11.546446,53.147585,3731.994777,-1.948242,61.640057,7.199762,2.682101,0.000000
8.629875,11.591944,52.952912,3728.322817,-1.941711,61.649007,7.385040,2.751122,0.000000
8.654120,11.637404,52.759301,3724.541666,-1.930886,61.657971,7.573495,2.821326,0.000000
8.678355,11.682816,52.566597,3720.649927,-1.927789,61.614498,7.765292,2.892775,-17.408974
8.702616,11.728160,52.374284,3716.646858,-1.926970,61.541812,7.961012,2.965687,-26.000000
8.726907,11.773425,52.182465,3712.529944,-1.922084,61.466994,8.160577,3.040030,-26.000000
8.751223,11.818612,51.991548,3708.296054,-1.913051,61.389994,8.363527,3.115634,-26.000000
8.775583,11.863719,51.801957,3703.942320,-1.899797,61.310785,8.569347,3.192307,-26.000000
8.799971,11.908742,51.614114,3699.466147,-1.882261,61.229313,8.777463,3.269836,-26.000000
8.824397,11.953680,51.428446,3694.865286,-1.860391,61.145563,8.987243,3.347984,-26.000000
8.848856,11.998526,51.245392,3690.137849,-1.834149,61.059509,9.197996,3.426495,-26.000000
8.873356,12.043287,51.065384,3685.282357,-1.803521,60.971128,9.408976,3.505091,-26.000000
8.897888,12.087945,50.888860,3680.297753,-1.768504,60.880417,9.619382,3.583473,-26.000000
8.922461,12.132517,50.716234,3675.183471,-1.729099,60.787384,9.828363,3.661324,-26.000000
8.947067,12.176986,50.547942,3669.939441,-1.685344,60.692022,10.035022,3.738310,-26.000000
8.971724,12.221360,50.384396,3664.566137,-1.637290,60.594348,10.238419,3.814081,-26.000000
8.996413,12.265619,50.226024,3659.064592,-1.585003,60.494405,10.437584,3.888275,-26.000000
9.021145,12.309781,50.073310,3653.434218,-1.528495,60.392186,10.631410,3.960480,-26.000000
9.045919,12.353828,49.926608,3647.678768,-1.467956,60.287772,10.818913,4.030330,-26.000000
9.070735,12.397768,49.786249,3641.801893,-1.403523,60.181231,10.999106,4.097457,-26.000000
9.095593,12.441584,49.652595,3635.807082,-1.335368,60.072638,11.170978,4.161483,-26.000000
9.120493,12.485294,49.525970,3629.698435,-1.263674,59.962064,11.333532,4.222039,-26.000000
9.145435,12.528887,49.406700,3623.480690,-1.188631,59.849622,11.485804,4.278764,-26.000000
9.170419,12.572356,49.295075,3617.159138,-1.110475,59.735403,11.626872,4.331316,-26.000000
9.195447,12.615705,49.191367,3610.739671,-1.029446,59.619527,11.755869,4.379371,-26.000000
9.220523,12.658923,49.095806,3604.228720,-0.945800,59.502120,11.871994,4.422630,-26.000000
9.245635,12.702022,49.008606,3597.633223,-0.859832,59.383300,11.974527,4.460826,-26.000000
9.270794,12.744993,48.929958,3590.960569,-0.771823,59.263221,12.062835,4.493724,-26.000000
9.295991,12.787830,48.860009,3584.218563,-0.682096,59.142023,12.136385,4.521123,-26.000000
9.321237,12.830541,48.798880,3577.415383,-0.590977,59.019870,12.194749,4.542865,-26.000000
9.346526,12.873120,48.746649,3570.559478,-0.498796,58.896910,12.237613,4.558833,-26.000000
9.371852,12.915558,48.703377,3563.659556,-0.405885,58.773312,12.264779,4.568953,-26.000000
9.397218,12.957871,48.669075,3556.724469,-0.312600,58.649242,12.276169,4.573196,-26.000000
9.422632,13.000050,48.643736,3549.763195,-0.219291,58.524867,12.271825,4.571578,-26.000000
9.448084,13.042090,48.627311,3542.784728,-0.126297,58.400357,12.251910,4.564159,-26.000000
9.473572,13.083995,48.619710,3535.798028,-0.033966,58.275877,12.216698,4.551041,-26.000000
9.499101,13.125763,48.620826,3528.811949,0.057362,58.151584,12.166577,4.532370,-26.000000
9.524673,13.167399,48.630515,3521.835196,0.147354,58.027653,12.102036,4.508327,-26.000000
9.550282,13.208894,48.648601,3514.876241,0.235687,57.904233,12.023661,4.479130,-26.000000
9.575922,13.250259,48.674876,3507.943278,0.322056,57.781476,11.932123,4.445030,-26.000000
9.601599,13.291491,48.709111,3501.044178,0.406167,57.659525,11.828167,4.406303,-26.000000
9.627318,13.332581,48.751055,3494.186441,0.487738,57.538520,11.712603,4.363253,-26.000000
9.653067,13.373542,48.800427,3487.377159,0.566506,57.418588,11.586294,4.316199,-26.000000
9.678850,13.414377,48.856923,3480.622978,0.642230,57.299848,11.450142,4.265479,-26.000000
9.704660,13.455079,48.920217,3473.930084,0.714687,57.182416,11.305081,4.211440,-26.000000
9.730507,13.495651,48.989977,3467.304180,0.783676,57.066393,11.152059,4.154436,-26.000000
9.756388,13.536098,49.065847,3460.750477,0.849013,56.951867,10.992035,4.094822,-26.000000
9.782292,13.576411,49.147454,3454.273670,0.910528,56.838917,10.825961,4.032955,-26.000000
9.808226,13.616603,49.234422,3447.877973,0.968093,56.727618,10.654781,3.969186,-26.000000
9.834183,13.656680,49.326366,3441.567074,1.021590,56.618037,10.479415,3.903858,-26.000000
9.860178,13.696624,49.422883,3435.344192,1.070908,56.510222,10.300756,3.837303,-26.000000
9.886189,13.736458,49.523582,3429.212068,1.115983,56.404216,10.119665,3.769841,-26.000000
9.912228,13.776169,49.628040,3423.172951,1.156735,56.300053,9.936961,3.701780,-26.000000
9.938289,13.815773,49.735863,3417.228675,1.193143,56.197756,9.753422,3.633406,-26.000000
9.964381,13.855252,49.846628,3411.380646,1.225176,56.097346,9.569777,3.564994,-26.000000
9.990485,13.894635,49.959943,3405.629872,1.252821,55.998817,9.386708,3.496796,-26.000000
10.016619,13.933893,50.075392,3399.976962,1.276088,55.902186,9.204846,3.429047,-26.000000
10.042765,13.973055,50.192604,3394.423613,1.294956,55.807462,9.024806,3.361978,-26.000000
10.068942,14.012110,50.311142,3388.969276,1.309460,55.714624,8.847124,3.295786,-26.000000
10.095130,14.051052,50.430621,3383.612651,1.319695,55.623633,8.672259,3.230645,-26.000000
10.121339,14.089908,50.550636,3378.353096,1.325736,55.534475,8.500641,3.166712,-26.000000
10.147568,14.128658,50.670823,3373.189726,1.327639,55.447109,8.332651,3.104132,-26.000000
10.173808,14.167307,50.790824,3368.121428,1.325490,55.361503,8.168626,3.043028,-26.000000
10.200070,14.205870,50.910259,3363.146877,1.319377,55.277622,8.008862,2.983512,-26.000000
10.226351,14.244339,51.028794,3358.264581,1.309397,55.195422,7.853613,2.925678,-26.000000
10.252642,14.282715,51.146088,3353.472876,1.295646,55.114854,7.703099,2.869607,-26.000000
10.278946,14.321005,51.261818,3348.769956,1.278227,55.035877,7.557503,2.815369,-26.000000
10.305269,14.359203,51.375657,3344.153907,1.257256,54.958433,7.416978,2.763019,-26.000000
10.331605,14.397317,51.487305,3339.622687,1.232850,54.882479,7.281647,2.712605,-26.000000
10.357955,14.435350,51.596468,3335.174176,1.205122,54.807962,7.151610,2.664163,-26.000000
10.384313,14.473303,51.702865,3330.806165,1.174198,54.734817,7.026940,2.617720,-26.000000
10.410691,14.511172,51.806225,3326.516371,1.140195,54.662994,6.907692,2.573297,-26.000000
10.437083,14.548967,51.906289,3322.302465,1.103241,54.592432,6.793902,2.530907,-26.000000
10.463478,14.586680,52.002813,3318.162065,1.063463,54.523074,6.685588,2.490558,-26.000000
10.489889,14.624320,52.095561,3314.092755,1.020984,54.454864,6.582758,2.452251,-26.000000
10.516316,14.661887,52.184305,3310.092079,0.975938,54.387745,6.485405,2.415984,-26.000000
10.542749,14.699380,52.268837,3306.157548,0.928441,54.321651,6.393514,2.381752,-26.000000
10.569191,14.736800,52.348961,3302.286668,0.878633,54.256528,6.307061,2.349546,-26.000000
10.595650,14.774151,52.424489,3298.476921,0.826638,54.192318,6.226016,2.319355,-26.000000
10.622113,14.811429,52.495234,3294.725768,0.772574,54.128957,6.150343,2.291165,-26.000000
10.648588,14.848639,52.561043,3291.030663,0.716575,54.066390,6.080004,2.264961,-26.000000
10.675078,14.885786,52.621762,3287.389052,0.658771,54.004552,6.014956,2.240729,-26.000000
10.701579,14.922864,52.677243,3283.798371,0.599284,53.943387,5.955157,2.218453,-26.000000
10.728083,14.959875,52.727360,3280.256046,0.538232,53.882844,5.900565,2.198116,-26.000000
10.754601,14.996823,52.771995,3276.759509,0.475747,53.822851,5.851135,2.179702,-26.000000
10.781126,15.033708,52.811037,3273.306169,0.411947,53.763361,5.806826,2.163196,-26.000000
10.807658,15.070530,52.844385,3269.893425,0.346955,53.704314,5.767599,2.148582,-26.000000
10.834209,15.107289,52.871958,3266.518678,0.280900,53.645640,5.733415,2.135848,-26.000000
10.860764,15.143985,52.893681,3263.179309,0.213895,53.587300,5.704242,2.124980,-26.000000
10.887328,15.180626,52.909479,3259.872697,0.146064,53.529220,5.680046,2.115967,-26.000000
10.913902,15.217198,52.919309,3256.596203,0.077526,53.471357,5.660801,2.108797,-26.000000
10.940487,15.253714,52.923114,3253.347156,0.008410,53.413643,5.646484,2.103464,-26.000000
10.967082,15.290168,52.920874,3250.122890,-0.061174,53.356022,5.637075,2.099959,-26.000000
10.993688,15.326559,52.912550,3246.920703,-0.131109,53.298439,5.632558,2.098276,-26.000000
11.020295,15.362897,52.898147,3243.737876,-0.201267,53.240831,5.632924,2.098412,-26.000000
11.046921,15.399173,52.877645,3240.571663,-0.271530,53.183153,5.638164,2.100365,-26.000000
11.073558,15.435385,52.851064,3237.419281,-0.341788,53.125332,5.648278,2.104132,-26.000000
11.100196,15.471534,52.818347,3234.278029,-0.411902,53.067321,5.663322,2.109736,-26.000000
11.126844,15.507630,52.779518,3231.144964,-0.481767,53.009044,5.683307,2.117182,-26.000000
11.153513,15.543672,52.734688,3228.017085,-0.551248,52.950458,5.708184,2.126449,-26.000000
11.180183,15.579642,52.683920,3224.891467,-0.620227,52.891491,5.737966,2.137543,-26.000000
11.206872,15.615559,52.627260,3221.765162,-0.688593,52.832096,5.772668,2.150471,-26.000000
11.233563,15.651414,52.564792,3218.635176,-0.756211,52.772201,5.812310,2.165238,-26.000000
11.260272,15.687213,52.496584,3215.498468,-0.822967,52.711751,5.856912,2.181854,-26.000000
11.286984,15.722943,52.422728,3212.351943,-0.888729,52.650691,5.906497,2.200325,-26.000000
11.313707,15.758618,52.343337,3209.192490,-0.953384,52.588950,5.961087,2.220662,-26.000000
11.340450,15.794230,52.258513,3206.016922,-1.016801,52.526473,6.020708,2.242872,-26.000000
11.367203,15.829781,52.168381,3202.822026,-1.078848,52.463184,6.085379,2.266964,-26.000000
11.393966,15.865275,52.073085,3199.604539,-1.139412,52.399039,6.155123,2.292945,-26.000000
11.420740,15.900698,51.972753,3196.361147,-1.198361,52.333955,6.229957,2.320823,-26.000000
11.447525,15.936057,51.867552,3193.088507,-1.255561,52.267874,6.309895,2.350602,-26.000000
11.474320,15.971351,51.757646,3189.783221,-1.310889,52.200732,6.394947,2.382286,-26.000000
11.501129,16.006578,51.643207,3186.441872,-1.364210,52.132465,6.485114,2.415876,-26.000000
11.527955,16.041741,51.524432,3183.060989,-1.415404,52.063008,6.580392,2.451369,-26.000000
11.554792,16.076833,51.401507,3179.637091,-1.464341,51.992292,6.680765,2.488761,-26.000000
11.581643,16.111863,51.274653,3176.166672,-1.510887,51.920251,6.786208,2.528041,-26.000000
11.608511,16.146820,51.144085,3172.646201,-1.554917,51.846822,6.896684,2.569196,-26.000000
11.635390,16.181703,51.010028,3169.072154,-1.596305,51.771935,7.012138,2.612206,-26.000000
11.662284,16.216513,50.872725,3165.440999,-1.634914,51.695525,7.132501,2.657044,-26.000000
11.689194,16.251255,50.732427,3161.749217,-1.670627,51.617527,7.257687,2.703679,-26.000000
11.716120,16.285922,50.589399,3157.993311,-1.703326,51.537878,7.387587,2.752071,-26.000000
11.743061,16.320505,50.443903,3154.169831,-1.732886,51.456518,7.522072,2.802170,-26.000000
11.770012,16.355011,50.296229,3150.275364,-1.759184,51.373376,7.660987,2.853919,-26.000000
11.796987,16.389443,50.146656,3146.306577,-1.782110,51.288397,7.804150,2.907251,-26.000000
11.823973,16.423794,49.995489,3142.260202,-1.801555,51.201523,7.951355,2.962089,-26.000000
11.850981,16.458055,49.843027,3138.133080,-1.817420,51.112699,8.102361,3.018343,-26.000000
11.877997,16.492236,49.689592,3133.922173,-1.829607,51.021868,8.256898,3.075912,-26.000000
11.905037,16.526328,49.535491,3129.624585,-1.838012,50.928973,8.414662,3.134683,-26.000000
11.932092,16.560333,49.381060,3125.237569,-1.842560,50.833976,8.575315,3.194530,-26.000000
11.959166,16.594247,49.226631,3120.758564,-1.843168,50.736836,8.738483,3.255315,-26.000000
11.986261,16.628074,49.072542,3116.185228,-1.839786,50.637510,8.903755,3.316883,-26.000000
12.013377,16.661800,48.919129,3111.515437,-1.832334,50.535965,9.070686,3.379069,-26.000000
12.040505,16.695430,48.766734,3106.747308,-1.820791,50.432167,9.238792,3.441693,-26.000000
12.067653,16.728966,48.615701,3101.879250,-1.805107,50.326104,9.407556,3.504562,-26.000000
12.094822,16.762397,48.466382,3096.909975,-1.785267,50.217744,9.576423,3.567469,-26.000000
12.122012,16.795734,48.319123,3091.838496,-1.761270,50.107095,9.744808,3.630197,-26.000000
12.149213,16.828956,48.174258,3086.664181,-1.733115,49.994138,9.912096,3.692516,-26.000000
12.176444,16.862072,48.032166,3081.385953,-1.700801,49.878873,10.077623,3.754180,-26.000000
12.203687,16.895081,47.893193,3076.003135,-1.664350,49.761294,10.240683,3.814924,-26.000000
12.230951,16.927984,47.757649,3070.517903,-1.623862,49.641450,10.400618,3.874504,-26.000000
12.258236,16.960763,47.625844,3064.931203,-1.579433,49.519382,10.556725,3.932658,-26.000000
12.285542,16.993434,47.498082,3059.244423,-1.531153,49.395116,10.708295,3.989122,-26.000000
12.312869,17.025981,47.374671,3053.459385,-1.479139,49.268715,10.854618,4.043631,-26.000000
12.340215,17.058411,47.255908,3047.578336,-1.423515,49.140234,10.994987,4.095922,-26.000000
12.367576,17.090717,47.142052,3041.603965,-1.364435,49.009738,11.128705,4.145736,-26.000000
12.394964,17.122905,47.033376,3035.539415,-1.302073,48.877297,11.255097,4.192820,-26.000000
12.422364,17.154967,46.930113,3029.388216,-1.236616,48.743004,11.373512,4.236932,-26.000000
12.449776,17.186911,46.832827,3023.153376,-1.159736,48.643915,11.482776,4.277636,-19.302342
12.477155,17.218769,46.743138,3016.835618,-1.054701,48.653724,11.579978,4.313846,0.000000
12.504471,17.250571,46.662227,3010.438734,-0.947028,48.663529,11.662871,4.344726,0.000000
12.531724,17.282320,46.590270,3003.970437,-0.837123,48.673324,11.730923,4.370077,0.000000
12.558918,17.314002,46.527387,2997.438807,-0.725415,48.683108,11.783718,4.389745,0.000000
12.586051,17.345629,46.473668,2990.852255,-0.612356,48.692882,11.820964,4.403620,0.000000
12.613115,17.377192,46.429157,2984.219435,-0.498398,48.702650,11.842490,4.411639,0.000000
12.640112,17.408693,46.393875,2977.549184,-0.383990,48.712413,11.848255,4.413787,0.000000
12.667045,17.440135,46.367802,2970.850445,-0.269600,48.722161,11.838344,4.410094,0.000000
12.693915,17.471515,46.350876,2964.132197,-0.155685,48.731898,11.812963,4.400640,0.000000
12.720717,17.502827,46.343002,2957.403379,-0.042697,48.741629,11.772445,4.385545,0.000000
12.747456,17.534081,46.344040,2950.672821,0.068907,48.751345,11.717229,4.364976,0.000000
12.774126,17.565271,46.353830,2943.949199,0.178699,48.761051,11.647866,4.339137,0.000000
12.800729,17.596393,46.372173,2937.240954,0.286259,48.770751,11.565000,4.308267,0.000000
12.827269,17.627453,46.398828,2930.556241,0.391186,48.780441,11.469359,4.272638,0.000000
12.853739,17.658456,46.433548,2923.902867,0.493100,48.790120,11.361747,4.232550,0.000000
12.880142,17.689393,46.476045,2917.288275,0.591630,48.799795,11.243027,4.188323,0.000000
12.906490,17.720264,46.526002,2910.719481,0.686446,48.809457,11.114112,4.140299,0.000000
12.932763,17.751078,46.583082,2904.203054,0.777242,48.819112,10.975950,4.088830,0.000000
12.958975,17.781826,46.646940,2897.745093,0.863734,48.828759,10.829510,4.034277,0.000000
12.985126,17.812515,46.717196,2891.351201,0.945663,48.838403,10.675776,3.977007,0.000000
13.011215,17.843136,46.793460,2885.026494,1.022814,48.848040,10.515730,3.917386,0.000000
13.037232,17.873708,46.875328,2878.775573,1.094975,48.857674,10.350344,3.855776,0.000000
13.063193,17.904213,46.962391,2872.602535,1.161980,48.867300,10.180572,3.792531,0.000000
13.089093,17.934662,47.054217,2866.510989,1.223696,48.876924,10.007339,3.727997,0.000000
13.114929,17.965058,47.150390,2860.504047,1.280003,48.886548,9.831536,3.662506,0.000000
13.140712,17.995392,47.250476,2854.584347,1.330810,48.896163,9.654013,3.596374,0.000000
13.166433,18.025663,47.354023,2848.754095,1.376069,48.905786,9.475577,3.529902,0.000000
13.192091,18.055891,47.460610,2843.015040,1.415726,48.915400,9.296985,3.463371,0.000000
13.217695,18.086057,47.569798,2837.368517,1.449776,48.925024,9.118942,3.397046,0.000000
13.243247,18.116180,47.681153,2831.815943,1.478194,48.934648,8.942111,3.331171,0.000000
13.268736,18.146239,47.794260,2826.359237,1.500923,48.944272,8.767132,3.265987,0.000000
13.294181,18.176256,47.908667,2820.996856,1.518132,48.953906,8.594526,3.201687,0.000000
13.319564,18.206221,48.023938,2815.728745,1.529876,48.963541,8.424784,3.138454,0.000000
13.344895,18.236134,48.139682,2810.554517,1.536224,48.973177,8.258346,3.076451,0.000000
13.370174,18.266004,48.255485,2805.473570,1.537282,48.982832,8.095604,3.015825,0.000000
13.395409,18.295823,48.370968,2800.485038,1.533150,48.992486,7.936902,2.956705,0.000000
13.420584,18.325600,48.485731,2795.587846,1.523944,49.002145,7.782541,2.899201,0.000000
13.445717,18.355333,48.599426,2790.780737,1.509782,49.011822,7.632780,2.843412,0.000000
13.470803,18.385018,48.711683,2786.062280,1.490816,49.021510,7.487841,2.789418,0.000000
13.495834,18.414666,48.822160,2781.430885,1.467172,49.031205,7.347908,2.737289,0.000000
13.520828,18.444268,48.930524,2776.884834,1.439003,49.040910,7.213135,2.687083,0.000000
13.545773,18.473831,49.036451,2772.422292,1.406468,49.050636,7.083646,2.638844,0.000000
13.570672,18.503353,49.139638,2768.041318,1.369722,49.060369,6.959537,2.592611,0.000000
13.595526,18.532842,49.239782,2763.739883,1.328929,49.070120,6.840881,2.548408,0.000000
13.620341,18.562287,49.336605,2759.515871,1.284245,49.079881,6.727733,2.506257,0.000000
13.645111,18.591696,49.429839,2755.367113,1.235850,49.089656,6.620124,2.466170,0.000000
13.669842,18.621068,49.519233,2751.291371,1.183905,49.099453,6.518074,2.428154,0.000000
13.694528,18.650408,49.604542,2747.286356,1.128589,49.109270,6.421588,2.392210,0.000000
13.719179,18.679712,49.685537,2743.349746,1.070070,49.119104,6.330657,2.358336,0.000000
13.743788,18.708978,49.761999,2739.479164,1.008513,49.128948,6.245265,2.326525,0.000000
13.768354,18.738214,49.833732,2735.672217,0.944096,49.138813,6.165388,2.296769,0.000000
13.792884,18.767417,49.900541,2731.926478,0.876991,49.148705,6.090995,2.269056,0.000000
13.817377,18.796590,49.962256,2728.239491,0.807369,49.158611,6.022051,2.243372,0.000000
13.841834,18.825730,50.018715,2724.608779,0.735409,49.168534,5.958517,2.219704,0.000000
13.866253,18.854840,50.069764,2721.031846,0.661269,49.178478,5.900353,2.198037,0.000000
13.890637,18.883918,50.115271,2717.506167,0.585125,49.188450,5.847518,2.178354,0.000000
13.914982,18.912964,50.155104,2714.029201,0.507152,49.198439,5.799969,2.160641,0.000000
13.939286,18.941986,50.189153,2710.598393,0.427517,49.208446,5.757666,2.144882,0.000000
13.963562,18.970972,50.217321,2707.211162,0.346384,49.218481,5.720570,2.131063,0.000000
13.987802,18.999939,50.239518,2703.864905,0.263924,49.228533,5.688643,2.119169,0.000000
14.012007,19.028872,50.255665,2700.556993,0.180299,49.238611,5.661850,2.109188,0.000000
14.036174,19.057779,50.265705,2697.284786,0.095688,49.248704,5.640161,2.101109,0.000000
14.060314,19.086657,50.269591,2694.045606,0.010239,49.258824,5.623547,2.094919,0.000000
14.084417,19.115512,50.267272,2690.836750,-0.075874,49.268968,5.611984,2.090612,0.000000
14.108487,19.144337,50.258737,2687.655483,-0.162476,49.279141,5.605451,2.088178,0.000000
14.132525,19.173130,50.243952,2684.499037,-0.249422,49.289327,5.603931,2.087612,0.000000
14.156522,19.201902,50.222928,2681.364620,-0.336528,49.299533,5.607411,2.088908,0.000000
14.180496,19.230652,50.195659,2678.249402,-0.423636,49.309770,5.615882,2.092064,0.000000
14.204430,19.259372,50.162182,2675.150494,-0.510587,49.320028,5.629339,2.097077,0.000000
14.228331,19.288060,50.122500,2672.065015,-0.597210,49.330308,5.647789,2.103950,0.000000
14.252201,19.316726,50.076552,2668.990136,-0.683317,49.340609,5.671333,2.112721,0.000000
14.276039,19.345371,50.024519,2665.922564,-0.768755,49.350941,5.699868,2.123351,0.000000
14.299846,19.373985,49.966474,2662.859245,-0.853371,49.361285,5.733398,2.135842,0.000000
14.323620,19.402577,49.902487,2659.797079,-0.936975,49.371658,5.771933,2.150197,0.000000
14.347354,19.431139,49.832663,2656.732930,-1.019406,49.382044,5.815482,2.166420,0.000000
14.371065,19.459680,49.757092,2653.663591,-1.100508,49.392460,5.864055,2.184515,0.000000
14.394737,19.488197,49.675895,2650.585820,-1.180093,49.402897,5.917662,2.204485,0.000000
14.418384,19.516677,49.589209,2647.496328,-1.257999,49.413355,5.976311,2.226333,0.000000
14.441991,19.545142,49.497158,2644.391772,-1.334059,49.423832,6.040009,2.250062,0.000000
14.465564,19.573576,49.399896,2641.268750,-1.408092,49.434325,6.108758,2.275673,0.000000
14.489101,19.601982,49.297587,2638.123839,-1.479941,49.444843,6.182558,2.303166,0.000000
14.512611,19.630363,49.190405,2634.953555,-1.549418,49.455378,6.261401,2.332537,0.000000
14.536085,19.658716,49.078539,2631.754393,-1.616361,49.465938,6.345272,2.363781,0.000000
14.559528,19.687041,48.962191,2628.522792,-1.680593,49.476512,6.434149,2.396890,0.000000
14.582930,19.715335,48.841561,2625.255181,-1.741944,49.487103,6.527999,2.431851,0.000000
14.606302,19.743606,48.716872,2621.947961,-1.800245,49.497713,6.626776,2.468649,0.000000
14.629637,19.771845,48.588361,2618.597511,-1.855322,49.508341,6.730423,2.507260,0.000000
14.652940,19.800057,48.456269,2615.200218,-1.907010,49.518983,6.838864,2.547657,0.000000
14.676208,19.828239,48.320852,2611.752463,-1.955142,49.529642,6.952008,2.589806,0.000000
14.699438,19.856388,48.182379,2608.250651,-1.999560,49.540316,7.069745,2.633666,0.000000
14.722631,19.884512,48.041124,2604.691203,-2.040104,49.551006,7.191942,2.679188,0.000000
14.745782,19.912603,47.897377,2601.070584,-2.076608,49.561707,7.318444,2.726313,0.000000
14.768898,19.940658,47.751428,2597.385324,-2.108934,49.572423,7.449070,2.774975,0.000000
14.791981,19.968682,47.603593,2593.632019,-2.136933,49.583144,7.583613,2.825095,0.000000
14.815027,19.996674,47.454183,2589.807353,-2.160464,49.593877,7.721836,2.876587,0.000000
14.838024,20.024635,47.303516,2585.908124,-2.179396,49.604625,7.863472,2.929350,0.000000
14.860990,20.052558,47.151931,2581.931258,-2.193617,49.615383,8.008221,2.983273,0.000000
14.883913,20.080445,46.999764,2577.873829,-2.203009,49.626144,8.155752,3.038232,0.000000
14.906791,20.108294,46.847364,2573.733083,-2.207471,49.636920,8.305698,3.094091,0.000000
14.929634,20.136108,46.695071,2569.506458,-2.206911,49.647695,8.457658,3.150700,0.000000
14.952431,20.163883,46.543232,2565.191627,-2.201263,49.658475,8.611195,3.207897,0.000000
14.975182,20.191624,46.392219,2560.786478,-2.190464,49.669265,8.765839,3.265506,0.000000
14.997892,20.219317,46.242392,2556.289185,-2.174476,49.680057,8.921084,3.323338,0.000000
15.020560,20.246975,46.094095,2551.698192,-2.153257,49.690849,9.076393,3.381195,0.000000
15.043178,20.274592,45.947692,2547.012283,-2.126807,49.701642,9.231197,3.438864,0.000000
15.065751,20.302158,45.803538,2542.230541,-2.095139,49.712434,9.384900,3.496122,0.000000
15.088283,20.329691,45.661988,2537.352420,-2.058281,49.723227,9.536879,3.552738,0.000000
15.110763,20.357173,45.523387,2532.377757,-2.016284,49.734019,9.686490,3.608472,0.000000
15.133191,20.384612,45.388079,2527.306755,-1.969231,49.744811,9.833073,3.663078,0.000000
15.155576,20.411999,45.256388,2522.140039,-1.917209,49.755594,9.975955,3.716306,0.000000
15.177908,20.439342,45.128742,2516.876569,-1.860249,49.766366,10.114343,3.767859,0.000000
15.200187,20.466634,45.005367,2511.519819,-1.798586,49.777138,10.247633,3.817513,0.000000
15.222414,20.493873,44.886567,2506.071839,-1.732402,49.787909,10.375158,3.865019,0.000000
15.244588,20.521068,44.772609,2500.534976,-1.661901,49.798668,10.496258,3.910132,0.000000
15.266712,20.548203,44.663763,2494.911996,-1.587292,49.809409,10.610296,3.952614,0.000000
15.288788,20.575293,44.560283,2489.206082,-1.508823,49.820149,10.716659,3.992237,0.000000
15.310796,20.602323,44.462399,2483.420820,-1.426756,49.830878,10.814772,4.028787,0.000000
15.332759,20.629306,44.370314,2477.560189,-1.341373,49.841597,10.904101,4.062064,0.000000
15.354660,20.656222,44.284216,2471.628531,-1.252973,49.852303,10.984160,4.091889,0.000000
15.376509,20.683090,44.204262,2465.630544,-1.161888,49.862990,11.054519,4.118099,0.000000
15.398303,20.709899,44.130598,2459.571225,-1.068455,49.873667,11.114806,4.140558,0.000000
15.420034,20.736652,44.063341,2453.455858,-0.973023,49.884331,11.164716,4.159150,0.000000
15.441705,20.763342,44.002573,2447.289978,-0.875958,49.894976,11.204011,4.173789,0.000000
15.463320,20.789972,43.948363,2441.079332,-0.777632,49.905611,11.232525,4.184411,0.000000
15.484876,20.816546,43.900753,2434.829844,-0.678433,49.916232,11.250167,4.190983,0.000000
15.506376,20.843058,43.859754,2428.547562,-0.578746,49.926836,11.256919,4.193498,0.000000
15.527812,20.869506,43.825345,2422.238626,-0.478964,49.937425,11.252836,4.191977,0.000000
15.549186,20.895891,43.797490,2415.909221,-0.379470,49.947994,11.238048,4.186469,0.000000
15.570501,20.922218,43.776128,2409.565542,-0.280649,49.958546,11.212754,4.177046,0.000000
15.591759,20.948483,43.761167,2403.213755,-0.182889,49.969082,11.177222,4.163809,0.000000
15.612953,20.974684,43.752495,2396.859945,-0.086561,49.979603,11.131782,4.146882,0.000000
15.634085,21.000828,43.749971,2390.510087,0.007975,49.990107,11.076822,4.126408,0.000000
15.655159,21.026903,43.753441,2384.170010,0.100370,50.000597,11.012783,4.102551,0.000000
15.676176,21.052916,43.762724,2377.845382,0.190287,50.011070,10.940154,4.075495,0.000000
15.697129,21.078871,43.777621,2371.541653,0.277404,50.021528,10.859463,4.045436,0.000000
15.718019,21.104762,43.797915,2365.264034,0.361416,50.031969,10.771272,4.012582,0.000000
15.738852,21.130591,43.823374,2359.017499,0.442049,50.042396,10.676172,3.977155,0.000000
15.759627,21.156357,43.853747,2352.806737,0.519026,50.052813,10.574773,3.939381,0.000000
15.780338,21.182059,43.888768,2346.636153,0.592117,50.063211,10.467698,3.899493,0.000000
15.800994,21.207699,43.928170,2340.509867,0.661098,50.073597,10.355580,3.857726,0.000000
15.821589,21.233283,43.971653,2334.431661,0.725761,50.083971,10.239053,3.814316,0.000000
15.842130,21.258807,44.018937,2328.405032,0.785945,50.094335,10.118745,3.769499,0.000000
15.862610,21.284268,44.069703,2322.433153,0.841484,50.104689,9.995279,3.723504,0.000000
15.875100,21.299800,44.102479,2318.813556,0.872842,50.111013,9.918400,3.694865,0.000000
15.887578,21.315317,44.135985,2315.208149,0.903037,50.117335,9.840973,3.666021,0.000000
15.900022,21.330806,44.170968,2311.634628,0.930657,50.123651,9.762567,3.636813,0.000000
15.912449,21.346279,44.206732,2308.080639,0.956724,50.129964,9.683752,3.607453,0.000000
15.924862,21.361737,44.243212,2304.544537,0.981368,50.136273,9.604565,3.577953,0.000000
15.937246,21.377160,44.280899,2301.044115,1.003232,50.142577,9.524947,3.548294,0.000000
15.949615,21.392568,44.319053,2297.559573,1.023871,50.148881,9.445242,3.518601,0.000000
15.961959,21.407951,44.357958,2294.101476,1.042475,50.155184,9.365428,3.488868,0.000000
15.974284,21.423315,44.397544,2290.672926,1.058838,50.161483,9.285705,3.459169,0.000000
15.986598,21.438668,44.437479,2287.260725,1.073968,50.167780,9.206069,3.429503,0.000000
15.998879,21.453988,44.478057,2283.883752,1.086469,50.174071,9.126771,3.399962,0.000000
16.011143,21.469291,44.518941,2280.529210,1.097321,50.180362,9.047824,3.370553,0.000000
16.023393,21.484580,44.560083,2277.193598,1.106782,50.186653,8.969173,3.341253,0.000000
16.035613,21.499833,44.601575,2273.897455,1.113368,50.192944,8.891355,3.312264,0.000000
16.047823,21.515076,44.643157,2270.618239,1.118739,50.199235,8.813969,3.283435,0.000000
16.060016,21.530302,44.684869,2267.366252,1.122160,50.205525,8.737298,3.254873,0.000000
16.072181,21.545504,44.726595,2264.145954,1.123336,50.211812,8.661607,3.226677,0.000000
16.084333,21.560694,44.768302,2260.942622,1.123316,50.218096,8.586472,3.198687,0.000000
16.096464,21.575858,44.809883,2257.774611,1.120828,50.224381,8.512585,3.171162,0.000000
16.108577,21.591003,44.851280,2254.630135,1.116719,50.230666,8.439629,3.143984,0.000000
16.120677,21.606136,44.892535,2251.503955,1.111349,50.236951,8.367396,3.117075,0.000000
16.132746,21.621238,44.933311,2248.417976,1.103241,50.243235,8.296909,3.090817,0.000000
16.144805,21.636329,44.973832,2245.348677,1.094012,50.249520,8.227202,3.064849,0.000000
16.156848,21.651405,45.013946,2242.305339,1.083041,50.255805,8.158719,3.039337,0.000000
16.168867,21.666456,45.053429,2239.293634,1.069972,50.262089,8.091837,3.014422,0.000000
16.180873,21.681496,45.092558,2236.298333,1.055824,50.268375,8.025810,2.989825,0.000000
16.192853,21.696516,45.130899,2233.336125,1.039520,50.274666,7.961571,2.965895,0.000000
16.204823,21.711517,45.168593,2230.397078,1.021726,50.280957,7.898658,2.942458,0.000000
16.216784,21.726505,45.205825,2227.474603,1.002866,50.287248,7.836694,2.919375,0.000000
16.228715,21.741462,45.241827,2224.590687,0.981562,50.293539,7.777060,2.897159,0.000000
16.240633,21.756411,45.277273,2221.722272,0.959291,50.299832,7.718409,2.875310,0.000000
16.252532,21.771349,45.311879,2218.877206,0.935562,50.306130,7.661241,2.854014,0.000000
16.264411,21.786262,45.345275,2216.062002,0.910005,50.312427,7.606061,2.833458,0.000000
16.276281,21.801164,45.378035,2213.261807,0.883536,50.318725,7.551903,2.813282,0.000000
16.288136,21.816045,45.409490,2210.491016,0.855295,50.325029,7.499792,2.793870,0.000000
16.299972,21.830912,45.439882,2207.741835,0.825777,50.331332,7.449251,2.775042,0.000000
16.311796,21.845768,45.469563,2205.007121,0.795404,50.337636,7.399762,2.756606,0.000000
16.323588,21.860593,45.497383,2202.307035,0.763015,50.343946,7.352898,2.739148,0.000000
16.335373,21.875411,45.524395,2199.620894,0.729838,50.350258,7.307134,2.722100,0.000000
16.347147,21.890217,45.550248,2196.954707,0.695532,50.356574,7.262946,2.705638,0.000000
16.358900,21.905003,45.574410,2194.315318,0.659735,50.362890,7.220961,2.689998,0.000000
16.370643,21.919779,45.597713,2191.688974,0.623221,50.369209,7.180074,2.674766,0.000000
16.382367,21.934535,45.619324,2189.087451,0.585362,50.375538,7.141313,2.660327,0.000000
16.394074,21.949275,45.639533,2186.505069,0.546492,50.381866,7.104261,2.646524,0.000000
16.405772,21.964006,45.658830,2183.935058,0.506969,50.388195,7.068317,2.633134,0.000000
16.417446,21.978712,45.675854,2181.393794,0.465971,50.394530,7.035050,2.620741,0.000000
16.429108,21.993407,45.691837,2178.864786,0.424362,50.400867,7.002976,2.608793,0.000000
16.440756,22.008088,45.706450,2176.351913,0.381948,50.407208,6.972471,2.597429,0.000000
16.452389,22.022754,45.718988,2173.861761,0.338445,50.413555,6.944280,2.586927,0.000000
16.464011,22.037410,45.730512,2171.382299,0.294440,50.419903,6.917208,2.576842,0.000000
16.475609,22.052047,45.740111,2168.922567,0.249526,50.426257,6.892242,2.567541,0.000000
16.487195,22.066668,45.748036,2166.478743,0.203906,50.432615,6.869060,2.558906,0.000000
16.498774,22.081279,45.754908,2164.044839,0.157849,50.438975,6.846998,2.550687,0.000000
16.510334,22.095872,45.759257,2161.633229,0.110854,50.445348,6.827574,2.543451,0.000000
16.521881,22.110454,45.762393,2159.231608,0.063464,50.451720,6.809399,2.536680,0.000000
16.533410,22.125023,45.764060,2156.842098,0.015592,50.458093,6.792742,2.530475,0.000000
16.544923,22.139575,45.763394,2154.470369,-0.032934,50.464470,6.778449,2.525150,0.000000
16.556429,22.154118,45.761618,2152.106678,-0.081741,50.470852,6.765270,2.520241,0.000000
16.567921,22.168642,45.757802,2149.757345,-0.131035,50.477244,6.754132,2.516092,0.000000
16.579391,22.183154,45.752138,2147.419981,-0.180695,50.483639,6.744820,2.512623,0.000000
16.590851,22.197658,45.745349,2145.089802,-0.230570,50.490037,6.736619,2.509568,0.000000
16.602299,22.212138,45.735950,2142.775101,-0.280854,50.496441,6.730973,2.507465,0.000000
16.613732,22.226610,45.725228,2140.467570,-0.331295,50.502847,6.726620,2.505843,0.000000
16.625148,22.241072,45.713029,2138.168051,-0.381911,50.509257,6.723709,2.504758,0.000000
16.636548,22.255517,45.698352,2135.880552,-0.432719,50.515673,6.723187,2.504564,0.000000
16.647941,22.269953,45.682538,2133.598183,-0.483584,50.522091,6.723763,2.504779,0.000000
16.659320,22.284371,45.664699,2131.324623,-0.534526,50.528513,6.726294,2.505721,0.000000
16.670681,22.298776,45.644938,2129.058419,-0.585468,50.534945,6.730676,2.507354,0.000000
16.682033,22.313172,45.624045,2126.796422,-0.636400,50.541380,6.736151,2.509393,0.000000
16.693368,22.327546,45.600604,2124.542826,-0.687229,50.547822,6.744081,2.512348,0.000000
16.704691,22.341911,45.575793,2122.293014,-0.737950,50.554266,6.753332,2.515794,0.000000
16.716001,22.356266,45.549570,2120.047100,-0.788559,50.560714,6.763945,2.519747,0.000000
16.727294,22.370605,45.520881,2117.806658,-0.838871,50.567167,6.776949,2.524592,0.000000
16.738578,22.384934,45.491090,2115.568211,-0.889017,50.573625,6.791028,2.529837,0.000000
16.749844,22.399245,45.459397,2113.332937,-0.938856,50.580091,6.806962,2.535773,0.000000
16.761097,22.413543,45.425809,2111.099720,-0.988307,50.586557,6.824756,2.542401,0.000000
16.772342,22.427833,45.391140,2108.867507,-1.037523,50.593025,6.843613,2.549426,0.000000
16.783571,22.442107,45.354115,2106.636449,-1.086152,50.599504,6.864805,2.557320,0.000000
16.794783,22.456368,45.315756,2104.405221,-1.134387,50.605986,6.887330,2.565712,0.000000
16.805980,22.470617,45.276131,2102.173832,-1.182246,50.612471,6.911122,2.574575,0.000000
16.817166,22.484848,45.234184,2099.940615,-1.229300,50.618957,6.937277,2.584318,0.000000
16.828342,22.499072,45.191230,2097.706056,-1.275966,50.625446,6.964465,2.594446,0.000000
16.839502,22.513283,45.146592,2095.469008,-1.321964,50.631944,6.993386,2.605220,0.000000
16.850648,22.527476,45.100200,2093.228090,-1.367167,50.638446,7.024137,2.616676,0.000000
16.861786,22.541660,45.052841,2090.984795,-1.411915,50.644951,7.055904,2.628510,0.000000
16.872901,22.555827,45.003447,2088.735379,-1.455626,50.651461,7.089842,2.641153,0.000000
16.884004,22.569984,44.952843,2086.481301,-1.498635,50.657975,7.125089,2.654283,0.000000
16.895094,22.584132,44.901181,2084.223144,-1.541030,50.664491,7.161483,2.667841,0.000000
16.906173,22.598257,44.847469,2081.955202,-1.582110,50.671014,7.200141,2.682242,0.000000
16.917241,22.612372,44.792905,2079.682461,-1.622586,50.677539,7.239761,2.697001,0.000000
16.928287,22.626470,44.736963,2077.401721,-1.662068,50.684068,7.280941,2.712342,0.000000
16.939320,22.640559,44.679532,2075.110654,-1.700344,50.690597,7.323852,2.728327,0.000000
16.950345,22.654640,44.621306,2072.813736,-1.737953,50.697128,7.367691,2.744659,0.000000
16.961355,22.668695,44.561460,2070.503590,-1.774108,50.703669,7.413456,2.761707,0.000000
16.972350,22.682742,44.500616,2068.183896,-1.809256,50.710211,7.460438,2.779210,0.000000
16.983334,22.696784,44.438966,2065.856500,-1.843593,50.716752,7.508403,2.797078,0.000000
16.994294,22.710802,44.375695,2063.510978,-1.876106,50.723300,7.558408,2.815706,0.000000
17.005246,22.724810,44.311784,2061.157205,-1.907818,50.729848,7.609246,2.834644,0.000000
17.016187,22.738802,44.246870,2058.790283,-1.938258,50.736396,7.661393,2.854071,0.000000
17.027108,22.752774,44.180827,2056.406340,-1.967090,50.742948,7.715047,2.874058,0.000000
17.038020,22.766738,44.114214,2054.013140,-1.995063,50.749504,7.769479,2.894335,0.000000
17.048916,22.780686,44.046492,2051.600145,-2.021236,50.756064,7.825465,2.915192,0.000000
17.059798,22.794623,43.978072,2049.172557,-2.046110,50.762625,7.882467,2.936426,0.000000
17.070670,22.808552,43.909135,2046.734129,-2.070021,50.769185,7.940223,2.957942,0.000000
17.081516,22.822450,43.839137,2044.269335,-2.091646,50.775745,7.999598,2.980061,0.000000
17.092356,22.836341,43.768752,2041.793075,-2.112299,50.782308,8.059596,3.002411,0.000000
17.103183,22.850220,43.697778,2039.299225,-2.131460,50.788875,8.120541,3.025115,0.000000
17.113986,22.864079,43.626164,2036.781878,-2.148670,50.795437,8.182588,3.048229,0.000000
17.124778,22.877928,43.554247,2034.252188,-2.164867,50.801999,8.245174,3.071544,0.000000
17.135556,22.891757,43.481781,2031.697158,-2.179003,50.808572,8.308780,3.095239,0.000000
17.146318,22.905571,43.408996,2029.122765,-2.191590,50.815141,8.373042,3.119178,0.000000
17.157071,22.919375,43.335992,2026.535146,-2.203119,50.821708,8.437752,3.143285,0.000000
17.167798,22.933160,43.262600,2023.913759,-2.211996,50.828275,8.503402,3.167741,0.000000
17.178515,22.946932,43.189109,2021.278236,-2.219785,50.834841,8.569362,3.192313,0.000000
17.189217,22.960686,43.115472,2018.621798,-2.225963,50.841408,8.635781,3.217056,0.000000
17.199904,22.974420,43.041754,2015.936290,-2.229924,50.847975,8.702670,3.241974,0.000000
17.210581,22.988143,42.968028,2013.236008,-2.232770,50.854541,8.769754,3.266964,0.000000
17.221233,23.001846,42.894341,2010.506485,-2.233434,50.861108,8.837144,3.292069,0.000000
17.231870,23.015535,42.820777,2007.753685,-2.232381,50.867671,8.904648,3.317216,0.000000
17.242496,23.029212,42.747297,2004.985563,-2.230199,50.874231,8.972222,3.342389,0.000000
17.253098,23.042860,42.674155,2002.179508,-2.225261,50.880798,9.039769,3.367552,0.000000
17.263689,23.056499,42.601225,1999.356855,-2.219135,50.887360,9.107211,3.392676,0.000000
17.274266,23.070127,42.528584,1996.511519,-2.211384,50.893914,9.174509,3.417746,0.000000
17.284822,23.083724,42.456477,1993.633288,-2.201312,50.900468,9.241413,3.442669,0.000000
17.295367,23.097311,42.384662,1990.738892,-2.190110,50.907022,9.308070,3.467501,0.000000
17.305887,23.110883,42.313450,1987.813597,-2.176757,50.913576,9.374179,3.492129,0.000000
17.316392,23.124435,42.242831,1984.862649,-2.161646,50.920126,9.439686,3.516531,0.000000
17.326886,23.137974,42.172594,1981.895366,-2.145418,50.926674,9.504799,3.540788,0.000000
17.337357,23.151484,42.103394,1978.889141,-2.126558,50.933215,9.568766,3.564617,0.000000
17.347816,23.164979,42.034731,1975.864994,-2.106507,50.939754,9.632095,3.588209,0.000000
17.358261,23.178457,41.966746,1972.818304,-2.084958,50.946290,9.694623,3.611502,0.000000
17.368680,23.191914,41.899902,1969.737511,-2.061176,50.952820,9.755725,3.634264,0.000000
17.379086,23.205359,41.833634,1966.640536,-2.036346,50.959347,9.816085,3.656750,0.000000
17.389469,23.218780,41.768468,1963.513661,-2.009597,50.965870,9.875002,3.678698,0.000000
17.399835,23.232181,41.704354,1960.360960,-1.981214,50.972389,9.932497,3.700116,0.000000
17.410191,23.245570,41.640894,1957.192368,-1.951829,50.978905,9.989102,3.721203,0.000000
17.420523,23.258935,41.579056,1953.987313,-1.920180,50.985415,10.043443,3.741447,0.000000
17.430838,23.272283,41.518068,1950.764679,-1.887463,50.991920,10.096564,3.761236,0.000000
17.441133,23.285611,41.458066,1947.521671,-1.853508,50.998417,10.148271,3.780498,0.000000
17.451412,23.298911,41.399748,1944.246580,-1.817656,51.004910,10.197501,3.798837,0.000000
17.461678,23.312199,41.342244,1940.956846,-1.780948,51.011399,10.245520,3.816726,0.000000
17.471916,23.325464,41.286233,1937.640972,-1.742720,51.017885,10.291306,3.833782,0.000000
17.482138,23.338708,41.231661,1934.301713,-1.703180,51.024366,10.334889,3.850018,0.000000
17.492348,23.351938,41.177958,1930.948575,-1.662866,51.030843,10.377139,3.865757,0.000000
17.502524,23.365134,41.126308,1927.564854,-1.620891,51.037303,10.416218,3.880315,0.000000
17.512688,23.378315,41.075770,1924.165809,-1.578109,51.043760,10.453551,3.894223,0.000000
17.522839,23.391480,41.026419,1920.750395,-1.534467,51.050214,10.489019,3.907436,0.000000
17.532962,23.404617,40.979171,1917.308326,-1.489485,51.056663,10.521150,3.919405,0.000000
17.543072,23.417739,40.932897,1913.854636,-1.443942,51.063107,10.551725,3.930795,0.000000
17.553160,23.430835,40.888340,1910.380924,-1.397449,51.069542,10.579546,3.941159,0.000000
17.563231,23.443909,40.845509,1906.888860,-1.350136,51.075968,10.604585,3.950487,0.000000
17.573290,23.456969,40.803685,1903.386335,-1.302365,51.082389,10.628002,3.959210,0.000000
17.583315,23.469996,40.764135,1899.861844,-1.253692,51.088799,10.647742,3.966564,0.000000
17.593325,23.483007,40.725869,1896.326105,-1.204605,51.095203,10.665392,3.973139,0.000000
17.603319,23.496003,40.688869,1892.779289,-1.155110,51.101601,10.680983,3.978947,0.000000
17.613285,23.508964,40.654207,1889.214144,-1.105041,51.107992,10.692771,3.983339,0.000000
17.623238,23.521910,40.620589,1885.641531,-1.054771,51.114378,10.702861,3.987097,0.000000
17.633169,23.534830,40.588752,1882.056549,-1.004187,51.120750,10.710055,3.989777,0.000000
17.643074,23.547728,40.558768,1878.460315,-0.953418,51.127118,10.714240,3.991336,0.000000
17.652965,23.560612,40.529829,1874.858007,-0.902567,51.133483,10.716731,3.992264,0.000000
17.662834,23.573457,40.503168,1871.243888,-0.851644,51.139836,10.715548,3.991824,0.000000
17.672686,23.586286,40.477853,1867.623953,-0.800786,51.146183,10.712204,3.990578,0.000000
17.682523,23.599100,40.453761,1863.998738,-0.749989,51.152525,10.706897,3.988601,0.000000
17.692326,23.611878,40.432029,1860.365398,-0.699464,51.158848,10.697831,3.985223,0.000000
17.702115,23.624644,40.411314,1856.729295,-0.649126,51.165168,10.687159,3.981248,0.000000
17.711884,23.637389,40.392272,1853.088903,-0.599117,51.171484,10.673845,3.976288,0.000000
17.721629,23.650102,40.375043,1849.445499,-0.549608,51.177791,10.657701,3.970274,0.000000
17.731362,23.662798,40.358802,1845.800764,-0.500395,51.184093,10.640023,3.963688,0.000000
17.741068,23.675468,40.344641,1842.154489,-0.451909,51.190384,10.619155,3.955915,0.000000
17.750754,23.688114,40.331760,1838.508480,-0.403986,51.196668,10.596349,3.947419,0.000000
17.760422,23.700740,40.319949,1834.862693,-0.356535,51.202947,10.571920,3.938319,0.000000
17.770060,23.713336,40.310301,1831.219474,-0.310212,51.209213,10.544271,3.928018,0.000000
17.779689,23.725917,40.301552,1827.578115,-0.264430,51.215475,10.515313,3.917231,0.000000
17.789300,23.738474,40.294240,1823.939917,-0.219529,51.221728,10.484272,3.905667,0.000000
17.798884,23.751002,40.288535,1820.307009,-0.175775,51.227972,10.450942,3.893251,0.000000
17.808452,23.763515,40.283674,1816.677253,-0.132655,51.234211,10.416422,3.880391,0.000000
17.817989,23.775997,40.280522,1813.055070,-0.090924,51.240439,10.379531,3.866648,0.000000
17.827511,23.788458,40.278467,1809.439094,-0.050209,51.246664,10.341164,3.852356,0.000000
17.837023,23.800902,40.277258,1805.827901,-0.010276,51.252886,10.301658,3.837639,0.000000
17.846498,23.813309,40.277839,1802.229171,0.027781,51.259090,10.259830,3.822057,0.000000
17.855963,23.825702,40.279125,1798.636300,0.065015,51.265291,10.217115,3.806144,0.000000
17.865412,23.838071,40.281500,1795.052609,0.100969,51.271488,10.173036,3.789723,0.000000
17.874832,23.850415,40.285141,1791.481608,0.135239,51.277675,10.127439,3.772737,0.000000
17.884238,23.862746,40.289419,1787.917496,0.168616,51.283858,10.081094,3.755473,0.000000
17.893618,23.875046,40.294939,1784.368067,0.200146,51.290036,10.033336,3.737682,0.000000
17.902979,23.887324,40.301273,1780.829991,0.230294,51.296207,9.984699,3.719563,0.000000
17.912328,23.899586,40.308185,1777.299967,0.259462,51.302373,9.935440,3.701213,0.000000
17.921646,23.911812,40.316366,1773.790513,0.286225,51.308526,9.884919,3.682392,0.000000
17.930951,23.924022,40.325013,1770.289964,0.311976,51.314677,9.833968,3.663412,0.000000
17.940237,23.936209,40.334356,1766.802811,0.336207,51.320824,9.782378,3.644193,0.000000
17.949498,23.948371,40.344522,1763.334187,0.358389,51.326960,9.730120,3.624726,0.000000
17.958747,23.960519,40.355081,1759.875169,0.379523,51.333093,9.677566,3.605148,0.000000
17.967970,23.972637,40.366366,1756.435575,0.398565,51.339222,9.624513,3.585384,0.000000
17.977174,23.984737,40.378118,1753.011281,0.415995,51.345346,9.571206,3.565526,0.000000
17.986366,23.996823,40.390180,1749.597210,0.432349,51.351468,9.517732,3.545605,0.000000
17.995527,24.008873,40.402887,1746.209027,0.446033,51.357583,9.464040,3.525604,0.000000
18.004677,24.020906,40.415812,1742.831961,0.458599,51.363693,9.410336,3.505598,0.000000
18.013813,24.032918,40.429045,1739.470666,0.469577,51.369796,9.356617,3.485586,0.000000
18.022918,24.044904,40.442602,1736.131889,0.478321,51.375894,9.303024,3.465621,0.000000
18.032011,24.056878,40.456290,1732.804364,0.485962,51.381990,9.249534,3.445695,0.000000
18.041084,24.068827,40.470187,1729.498710,0.491476,51.388080,9.196301,3.425864,0.000000
18.050141,24.080752,40.484179,1726.210928,0.495285,51.394167,9.143380,3.406150,0.000000
18.059188,24.092663,40.498228,1722.934700,0.497992,51.400251,9.090664,3.386512,0.000000
18.068198,24.104543,40.512295,1719.686535,0.498067,51.406329,9.038584,3.367110,0.000000
18.077198,24.116407,40.526316,1716.451042,0.496974,51.412406,8.986853,3.347839,0.000000
18.086183,24.128250,40.540276,1713.232089,0.494355,51.418484,8.935576,3.328737,0.000000
18.095147,24.140071,40.554063,1710.037768,0.489510,51.424552,8.885089,3.309930,0.000000
18.104098,24.151880,40.567734,1706.855352,0.483597,51.430617,8.835014,3.291275,0.000000
18.113021,24.163659,40.581143,1703.695305,0.475690,51.436683,8.785753,3.272924,0.000000
18.121932,24.175419,40.594264,1700.554334,0.466114,51.442744,8.737262,3.254860,0.000000
18.130834,24.187166,40.607201,1697.425293,0.455498,51.448803,8.689259,3.236978,0.000000
18.139706,24.198883,40.619607,1694.324271,0.442472,51.454862,8.642496,3.219557,0.000000
18.148565,24.210586,40.631709,1691.236579,0.428321,51.460919,8.596373,3.202375,0.000000
18.157406,24.222272,40.643445,1688.164912,0.412819,51.466971,8.551020,3.185480,0.000000
18.166226,24.233931,40.654520,1685.118281,0.395242,51.473019,8.506957,3.169065,0.000000
18.175035,24.245578,40.665257,1682.083370,0.376703,51.479065,8.463526,3.152886,0.000000
18.183826,24.257201,40.675351,1679.069788,0.356427,51.485112,8.421269,3.137144,0.000000
18.192596,24.268803,40.684799,1676.075252,0.334635,51.491159,8.380125,3.121817,0.000000
18.201354,24.280393,40.693847,1673.092239,0.311929,51.497205,8.339662,3.106743,0.000000
18.210089,24.291954,40.701911,1670.135445,0.287179,51.503245,8.300820,3.092274,0.000000
18.218812,24.303502,40.709432,1667.191817,0.261421,51.509286,8.262836,3.078124,0.000000
18.227521,24.315038,40.716349,1664.262775,0.234546,51.515326,8.225802,3.064328,0.000000
18.236209,24.326540,40.722182,1661.357682,0.205878,51.521366,8.190410,3.051143,0.000000
18.244886,24.338031,40.727494,1658.463446,0.176412,51.527407,8.155786,3.038245,0.000000
18.253546,24.349504,40.731861,1655.588366,0.145552,51.533447,8.122541,3.025860,0.000000
18.262188,24.360960,40.735278,1652.731208,0.113419,51.539487,8.090645,3.013978,0.000000
18.270820,24.372404,40.738129,1649.884539,0.080545,51.545528,8.059548,3.002394,0.000000
18.279423,24.383814,40.739657,1647.061008,0.046063,51.551568,8.030276,2.991489,0.000000
18.288017,24.395215,40.740430,1644.249725,0.010761,51.557605,8.002015,2.980961,0.000000
18.296601,24.406607,40.740430,1641.450951,-0.025381,51.563639,7.974786,2.970818,0.000000
18.305157,24.417964,40.739005,1638.673758,-0.062925,51.569679,7.949421,2.961369,0.000000
18.313704,24.429311,40.736923,1635.906029,-0.101069,51.575719,7.924903,2.952235,0.000000
18.322239,24.440639,40.733696,1633.154494,-0.140231,51.581760,7.901849,2.943647,0.000000
18.330751,24.451950,40.729277,1630.418793,-0.180345,51.587800,7.880295,2.935617,0.000000
18.339251,24.463251,40.724172,1627.692050,-0.220994,51.593840,7.859600,2.927908,0.000000
18.347735,24.474523,40.717517,1624.984464,-0.262756,51.599881,7.840809,2.920908,0.000000
18.356206,24.485783,40.709946,1622.287507,-0.305102,51.605921,7.823127,2.914321,0.000000
18.364665,24.497030,40.701513,1619.600561,-0.347999,51.611961,7.806490,2.908123,0.000000
18.373101,24.508254,40.691409,1616.931738,-0.391839,51.618002,7.791844,2.902667,0.000000
18.381527,24.519466,40.680560,1614.270567,-0.436059,51.624044,7.778074,2.897537,0.000000
18.389936,24.530657,40.668461,1611.622081,-0.480898,51.630090,7.765775,2.892956,0.000000
18.398327,24.541830,40.654999,1608.986508,-0.526315,51.636137,7.755059,2.888964,0.000000
18.406708,24.552992,40.640778,1606.357974,-0.572040,51.642184,7.745223,2.885299,0.000000
18.415073,24.564126,40.624912,1603.743963,-0.618364,51.648230,7.737278,2.882340,0.000000
18.423425,24.575250,40.608021,1601.138338,-0.664997,51.654277,7.730498,2.879814,0.000000
18.431764,24.586366,40.590238,1598.539992,-0.711897,51.660323,7.724729,2.877665,0.000000
18.440081,24.597452,40.570654,1595.955348,-0.759221,51.666376,7.720999,2.876275,0.000000
18.448387,24.608528,40.550289,1593.376214,-0.806689,51.672429,7.718144,2.875212,0.000000
18.456677,24.619588,40.528653,1590.805920,-0.854379,51.678482,7.716709,2.874677,0.000000
18.464953,24.630628,40.505574,1588.244849,-0.902237,51.684535,7.716883,2.874742,0.000000
18.473220,24.641658,40.481716,1585.688588,-0.950168,51.690588,7.717925,2.875130,0.000000
18.481466,24.652661,40.456220,1583.141816,-0.998183,51.696648,7.720782,2.876195,0.000000
18.489698,24.663650,40.429658,1580.600598,-1.046199,51.702707,7.724820,2.877699,0.000000
18.497919,24.674628,40.402245,1578.063820,-1.094215,51.708766,7.729801,2.879554,0.000000
18.506121,24.685587,40.372998,1575.535497,-1.142098,51.714825,7.736802,2.882162,0.000000
18.514314,24.696535,40.342987,1573.010285,-1.189889,51.720886,7.744646,2.885084,0.000000
18.522491,24.707463,40.311777,1570.489893,-1.237529,51.726952,7.753815,2.888500,0.000000
18.530649,24.718371,40.279128,1567.974385,-1.284894,51.733017,7.764565,2.892505,0.000000
18.538798,24.729270,40.245727,1565.461229,-1.332095,51.739083,7.776142,2.896817,0.000000
18.546931,24.740147,40.210801,1562.952297,-1.378901,51.745148,7.789401,2.901757,0.000000
18.555050,24.751007,40.174835,1560.445578,-1.425372,51.751213,7.803812,2.907125,0.000000
18.563158,24.761853,40.138105,1557.940487,-1.471596,51.757279,7.819072,2.912810,0.000000
18.571241,24.772681,40.099630,1555.437914,-1.517125,51.763350,7.836259,2.919213,0.000000
18.579317,24.783499,40.060455,1552.935886,-1.562328,51.769422,7.854225,2.925906,0.000000
18.587381,24.794301,40.020216,1550.434648,-1.607029,51.775494,7.873380,2.933041,0.000000
18.595426,24.805079,39.978643,1547.933421,-1.651009,51.781565,7.894023,2.940731,0.000000
18.603461,24.815845,39.936396,1545.431947,-1.694595,51.787637,7.915420,2.948702,0.000000
18.611482,24.826591,39.892823,1542.929425,-1.737341,51.793709,7.938306,2.957228,0.000000
18.619487,24.837322,39.848304,1540.425372,-1.779411,51.799784,7.962262,2.966152,0.000000
18.627482,24.848043,39.803145,1537.920280,-1.821023,51.805862,7.986943,2.975346,0.000000
18.635453,24.858739,39.756458,1535.411311,-1.861388,51.811940,8.013365,2.985189,0.000000
18.643415,24.869425,39.709178,1532.900259,-1.901208,51.818015,8.040468,2.995286,0.000000
18.651367,24.880096,39.661025,1530.386139,-1.940226,51.824087,8.068575,3.005757,0.000000
18.659298,24.890746,39.611731,1527.866811,-1.978078,51.830164,8.097994,3.016716,0.000000
18.667220,24.901386,39.561883,1525.344615,-2.015326,51.836242,8.128055,3.027914,0.000000
18.675128,24.912000,39.510979,1522.816359,-2.051355,51.842319,8.159343,3.039570,0.000000
18.683020,24.922603,39.459298,1520.282583,-2.086376,51.848397,8.191546,3.051567,0.000000
18.690902,24.933198,39.407110,1517.745163,-2.120734,51.854475,8.224349,3.063786,0.000000
18.698759,24.943762,39.353756,1515.197758,-2.153404,51.860553,8.258534,3.076521,0.000000
18.706606,24.954316,39.299928,1512.645508,-2.185306,51.866631,8.293283,3.089466,0.000000
18.714439,24.964855,39.245458,1510.086694,-2.216165,51.872709,8.328798,3.102696,0.000000
18.722255,24.975374,39.190132,1507.517447,-2.245456,51.878782,8.365344,3.116311,0.000000
18.730063,24.985880,39.134408,1504.942840,-2.273964,51.884854,8.402372,3.130105,0.000000
18.737852,24.996363,39.077959,1502.357678,-2.300958,51.890925,8.440285,3.144228,0.000000
18.745628,25.006830,39.020958,1499.763037,-2.326650,51.897001,8.478872,3.158603,0.000000
18.753397,25.017287,38.963612,1497.162339,-2.351515,51.903078,8.517882,3.173135,0.000000
18.761142,25.027720,38.905521,1494.546323,-2.374347,51.909144,8.557809,3.188009,0.000000
18.768875,25.038141,38.847126,1491.922731,-2.396216,51.915212,8.598115,3.203024,0.000000
18.776595,25.048549,38.788352,1489.289691,-2.416881,51.921283,8.638892,3.218215,0.000000
18.784293,25.058930,38.729072,1486.641344,-2.435646,51.927350,8.680297,3.233639,0.000000
18.791981,25.069300,38.669576,1483.985475,-2.453499,51.933414,8.721971,3.249164,0.000000
18.799651,25.079651,38.609705,1481.315434,-2.469652,51.939473,8.764109,3.264861,0.000000
18.807308,25.089982,38.549567,1478.632327,-2.484274,51.945532,8.806578,3.280682,0.000000
18.814957,25.100300,38.489270,1475.941136,-2.497952,51.951591,8.849241,3.296575,0.000000
18.822583,25.110595,38.428678,1473.230499,-2.509412,51.957650,8.892257,3.312600,0.000000
18.830197,25.120876,38.367985,1470.509861,-2.519762,51.963703,8.935388,3.328667,0.000000
18.837797,25.131139,38.307174,1467.777731,-2.528835,51.969750,8.978651,3.344784,0.000000
18.845376,25.141381,38.246266,1465.026296,-2.535800,51.975797,9.022012,3.360937,0.000000
18.852944,25.151611,38.185335,1462.265714,-2.541785,51.981842,9.065381,3.377093,0.000000
18.860495,25.161818,38.124387,1459.488532,-2.546008,51.987882,9.108733,3.393243,0.000000
18.868028,25.172008,38.063485,1456.695487,-2.548576,51.993922,9.151975,3.409351,0.000000
18.875552,25.182188,38.002619,1453.892941,-2.550156,51.999962,9.195139,3.425431,0.000000
18.883059,25.192339,37.941909,1451.068446,-2.549498,52.005989,9.238022,3.441406,0.000000
18.890550,25.202474,37.881323,1448.232148,-2.547657,52.012014,9.280688,3.457300,0.000000
18.898025,25.212594,37.820870,1445.383347,-2.544562,52.018036,9.323122,3.473108,0.000000
18.905478,25.222685,37.760729,1442.512627,-2.539326,52.024057,9.365028,3.488720,0.000000
18.912923,25.232766,37.700758,1439.631885,-2.533123,52.030075,9.406652,3.504225,0.000000
18.920354,25.242829,37.641107,1436.733584,-2.525234,52.036084,9.447754,3.519537,0.000000
18.927764,25.252870,37.581823,1433.817824,-2.515706,52.042089,9.488240,3.534619,0.000000
18.935161,25.262899,37.522761,1430.891949,-2.505232,52.048090,9.528353,3.549562,0.000000
18.942536,25.272899,37.464256,1427.943558,-2.492681,52.054080,9.567545,3.564162,0.000000
18.949902,25.282884,37.406106,1424.982493,-2.478986,52.060071,9.606145,3.578542,0.000000
18.957258,25.292853,37.348303,1422.009051,-2.464173,52.066061,9.644168,3.592706,0.000000
18.964585,25.302793,37.291219,1419.012938,-2.447365,52.072040,9.681002,3.606428,0.000000
18.971900,25.312723,37.234475,1416.006828,-2.429692,52.078013,9.717266,3.619937,0.000000
18.979194,25.322636,37.178320,1412.983778,-2.410563,52.083978,9.752541,3.633078,0.000000
18.986474,25.332521,37.122835,1409.943212,-2.389957,52.089939,9.786687,3.645799,0.000000
18.993745,25.342393,37.067737,1406.892840,-2.368533,52.095897,9.820184,3.658277,0.000000
19.000988,25.352236,37.013524,1403.821418,-2.345393,52.101850,9.852191,3.670200,0.000000
19.008222,25.362064,36.959876,1400.737634,-2.321267,52.107793,9.883244,3.681769,0.000000
19.015446,25.371876,36.906735,1397.642721,-2.296254,52.113726,9.913438,3.693017,0.000000
19.022636,25.381653,36.854648,1394.526497,-2.269596,52.119660,9.941842,3.703598,0.000000
19.029817,25.391420,36.803039,1391.401240,-2.242261,52.125588,9.969434,3.713876,0.000000
19.036985,25.401170,36.752223,1388.261181,-2.213820,52.131503,9.995676,3.723652,0.000000
19.044130,25.410892,36.702323,1385.105257,-2.184245,52.137408,10.020352,3.732845,0.000000
19.051263,25.420599,36.652931,1381.940769,-2.154067,52.143310,10.044160,3.741714,0.000000
19.058375,25.430280,36.604646,1378.758566,-2.122675,52.149206,10.066076,3.749878,0.000000
19.065473,25.439944,36.557090,1375.565572,-2.090581,52.155096,10.086747,3.757579,0.000000
19.072560,25.449593,36.510139,1372.363624,-2.057904,52.160979,10.106385,3.764894,0.000000
19.079617,25.459207,36.464482,1369.143844,-2.024126,52.166851,10.123795,3.771380,0.000000
19.086663,25.468808,36.419389,1365.916852,-1.989932,52.172718,10.140241,3.777507,0.000000
19.093694,25.478388,36.375201,1362.678424,-1.955087,52.178576,10.155141,3.783057,0.000000
19.100700,25.487945,36.332089,1359.427403,-1.919582,52.184426,10.168193,3.787920,0.000000
19.107695,25.497488,36.289553,1356.169863,-1.883750,52.190270,10.180257,3.792414,0.000000
19.114669,25.507000,36.248230,1352.899392,-1.847320,52.196103,10.190257,3.796139,0.000000
19.121625,25.516490,36.207733,1349.620862,-1.810563,52.201930,10.198851,3.799340,0.000000
19.128568,25.525964,36.167870,1346.336173,-1.773557,52.207751,10.206369,3.802141,0.000000
19.135486,25.535408,36.129424,1343.038898,-1.736155,52.213560,10.211474,3.804043,0.000000
19.142392,25.544837,36.091567,1339.736877,-1.698642,52.219363,10.215577,3.805571,0.000000
19.149278,25.554242,36.054623,1336.427576,-1.660965,52.225159,10.218130,3.806522,0.000000
19.156145,25.563622,36.018827,1333.110231,-1.623206,52.230941,10.218766,3.806759,0.000000
19.163000,25.572989,35.983621,1329.788962,-1.585431,52.236717,10.218414,3.806628,0.000000
19.169830,25.582326,35.949597,1326.460368,-1.547698,52.242488,10.216077,3.805757,0.000000
19.176645,25.591643,35.916419,1323.127319,-1.510090,52.248247,10.212337,3.804364,0.000000
19.183450,25.600948,35.883836,1319.791137,-1.472570,52.253999,10.207611,3.802604,0.000000
19.190224,25.610216,35.852657,1316.448825,-1.435410,52.259745,10.200570,3.799981,0.000000
19.196985,25.619468,35.822043,1313.104561,-1.398456,52.265484,10.192610,3.797016,0.000000
19.203727,25.628698,35.792274,1309.757395,-1.361813,52.271211,10.183276,3.793538,0.000000
19.210449,25.637898,35.763596,1306.407515,-1.325701,52.276928,10.172183,3.789406,0.000000
19.217161,25.647083,35.735462,1303.056547,-1.289888,52.282640,10.160217,3.784948,0.000000
19.223853,25.656244,35.708380,1299.703993,-1.254723,52.288342,10.146563,3.779862,0.000000
19.230522,25.665382,35.682083,1296.351061,-1.220138,52.294036,10.131677,3.774316,0.000000
19.237176,25.674505,35.656307,1292.997895,-1.185938,52.299725,10.115973,3.768466,0.000000
19.243812,25.683597,35.631757,1289.645472,-1.152823,52.305396,10.098359,3.761904,0.000000
19.250432,25.692670,35.607705,1286.293921,-1.120218,52.311064,10.079986,3.755060,0.000000
19.257030,25.701718,35.584352,1282.943597,-1.088331,52.316728,10.060546,3.747818,0.000000
19.263607,25.710740,35.561939,1279.596067,-1.057558,52.322383,10.039699,3.740052,0.000000
19.270175,25.719750,35.539975,1276.250205,-1.027360,52.328030,10.018184,3.732037,0.000000
19.276723,25.728735,35.518852,1272.907995,-0.998305,52.333663,9.995426,3.723559,0.000000
19.283251,25.737693,35.498375,1269.569522,-0.970253,52.339292,9.971739,3.714735,0.000000
19.289766,25.746634,35.478311,1266.233493,-0.942850,52.344919,9.947457,3.705690,0.000000
19.296252,25.755544,35.459181,1262.904398,-0.917097,52.350527,9.921861,3.696154,0.000000
19.302726,25.764437,35.440442,1259.578936,-0.892128,52.356132,9.895729,3.686419,0.000000
19.309186,25.773310,35.422208,1256.258174,-0.868174,52.361733,9.868902,3.676425,0.000000
19.315625,25.782156,35.404674,1252.945355,-0.845819,52.367325,9.841148,3.666086,0.000000
19.322051,25.790988,35.387461,1249.636619,-0.824253,52.372911,9.812979,3.655593,0.000000
19.328449,25.799792,35.370825,1246.335846,-0.804183,52.378487,9.784075,3.644825,0.000000
19.334834,25.808571,35.354635,1243.042561,-0.785453,52.384056,9.754623,3.633854,0.000000
19.341211,25.817335,35.338721,1239.753995,-0.767562,52.389620,9.724837,3.622758,0.000000
19.347558,25.826070,35.323388,1236.477302,-0.751691,52.395178,9.694373,3.611409,0.000000
19.353891,25.834788,35.308301,1233.206737,-0.736823,52.400727,9.663641,3.599960,0.000000
19.360207,25.843485,35.293507,1229.943478,-0.723150,52.406266,9.632590,3.588393,0.000000
19.366502,25.852149,35.279118,1226.692514,-0.711413,52.411800,9.601143,3.576678,0.000000
19.372785,25.860801,35.264895,1223.447539,-0.700598,52.417331,9.569544,3.564907,0.000000
19.379044,25.869429,35.250953,1220.213673,-0.691475,52.422857,9.537698,3.553043,0.000000
19.385287,25.878032,35.237225,1216.990391,-0.683910,52.428371,9.505710,3.541127,0.000000
19.391520,25.886620,35.223620,1213.773556,-0.677289,52.433879,9.473644,3.529182,0.000000
19.397729,25.895179,35.210230,1210.572041,-0.672866,52.439387,9.441492,3.517204,0.000000
19.403924,25.903721,35.196917,1207.378698,-0.669577,52.444886,9.409350,3.505230,0.000000
19.410102,25.912242,35.183690,1204.194333,-0.667534,52.450374,9.377220,3.493261,0.000000
19.416258,25.920736,35.170529,1201.025560,-0.667610,52.455863,9.345208,3.481336,0.000000
19.422404,25.929216,35.157380,1197.864085,-0.668655,52.461349,9.313282,3.469442,0.000000
19.428532,25.937669,35.144240,1194.715636,-0.671412,52.466825,9.281528,3.457614,0.000000
19.434643,25.946100,35.131049,1191.580038,-0.675826,52.472297,9.250014,3.445873,0.000000
19.440743,25.954518,35.117821,1188.452017,-0.681211,52.477766,9.218648,3.434189,0.000000
19.446815,25.962908,35.104469,1185.341282,-0.688768,52.483224,9.187686,3.422655,0.000000
19.452874,25.971280,35.091010,1182.240173,-0.697504,52.488678,9.156993,3.411221,0.000000
19.458921,25.979632,35.077445,1179.148813,-0.707436,52.494130,9.126572,3.399888,0.000000
19.464939,25.987956,35.063619,1176.075155,-0.719484,52.499581,9.096719,3.388767,0.000000
19.470949,25.996266,35.049658,1173.009506,-0.732472,52.505029,9.067146,3.377750,0.000000
19.476945,26.004550,35.035453,1169.957671,-0.747072,52.510467,9.038070,3.366919,0.000000
19.482919,26.012815,35.020947,1166.920034,-0.763288,52.515902,9.009558,3.356297,0.000000
19.488882,26.021070,35.006260,1163.890503,-0.780421,52.521334,8.981376,3.345799,0.000000
19.494829,26.029290,34.991141,1160.878839,-0.799532,52.526760,8.953966,3.335588,0.000000
19.500759,26.037495,34.975739,1157.877618,-0.819774,52.532183,8.927043,3.325558,0.000000
19.506674,26.045685,34.960074,1154.886149,-0.841072,52.537603,8.900575,3.315698,0.000000
19.512566,26.053840,34.943844,1151.913289,-0.864332,52.543017,8.875033,3.306183,0.000000
19.518448,26.061983,34.927349,1148.948575,-0.888433,52.548431,8.849919,3.296828,0.000000
19.524312,26.070110,34.910406,1145.997458,-0.913929,52.553845,8.825524,3.287740,0.000000
19.530159,26.078214,34.892933,1143.060974,-0.940882,52.559249,8.801949,3.278958,0.000000
19.535996,26.086305,34.875160,1140.132577,-0.968634,52.564650,8.778835,3.270347,0.000000
19.541810,26.094363,34.856713,1137.221436,-0.998052,52.570052,8.756739,3.262116,0.000000
19.547612,26.102407,34.837825,1134.320897,-1.028464,52.575449,8.735299,3.254129,0.000000
19.553401,26.110440,34.818557,1131.429482,-1.059731,52.580844,8.714424,3.246352,0.000000
19.559167,26.118438,34.798464,1128.556425,-1.092661,52.586239,8.694739,3.239019,0.000000
19.564923,26.126424,34.778005,1125.691146,-1.126278,52.591632,8.675578,3.231881,0.000000
19.570663,26.134394,34.756951,1122.838436,-1.160997,52.597021,8.657268,3.225060,0.000000
19.576388,26.142337,34.735174,1119.999887,-1.196905,52.602405,8.639959,3.218612,0.000000
19.582104,26.150265,34.713004,1117.168916,-1.233440,52.607787,8.623194,3.212367,0.000000
19.587794,26.158173,34.689995,1114.353632,-1.271242,52.613170,8.607584,3.206551,0.000000
19.593473,26.166063,34.666417,1111.548458,-1.309823,52.618549,8.592749,3.201025,0.000000
19.599143,26.173939,34.642388,1108.751301,-1.349023,52.623925,8.578528,3.195727,0.000000
19.604784,26.181785,34.617333,1105.971163,-1.389476,52.629301,8.565665,3.190936,0.000000
19.610416,26.189619,34.591842,1103.197996,-1.430414,52.634677,8.553378,3.186358,0.000000
19.616037,26.197432,34.565663,1100.435739,-1.472108,52.640053,8.541997,3.182119,0.000000
19.621643,26.205222,34.538630,1097.686345,-1.514645,52.645424,8.531726,3.178293,0.000000
19.627239,26.213000,34.511146,1094.943606,-1.557606,52.650793,8.522040,3.174684,0.000000
19.632810,26.220757,34.482730,1092.214214,-1.601380,52.656157,8.513553,3.171523,0.000000
19.638369,26.228496,34.453651,1089.493827,-1.645657,52.661524,8.505909,3.168675,0.000000
19.643921,26.236222,34.424089,1086.780013,-1.690302,52.666894,8.498881,3.166057,0.000000
19.649448,26.243917,34.393381,1084.080900,-1.735697,52.672258,8.493287,3.163973,0.000000
19.654965,26.251599,34.362203,1081.387594,-1.781355,52.677619,8.488284,3.162109,0.000000
19.660466,26.259263,34.330310,1078.703091,-1.827410,52.682976,8.484177,3.160579,0.000000
19.665953,26.266906,34.297481,1076.029388,-1.873890,52.688339,8.481221,3.159478,0.000000
19.671430,26.274538,34.264174,1073.361075,-1.920565,52.693701,8.478852,3.158595,0.000000
19.676888,26.282145,34.229918,1070.703221,-1.967578,52.699058,8.477650,3.158148,0.000000
19.682331,26.289737,34.194954,1068.052709,-2.014775,52.704416,8.477309,3.158021,0.000000
19.687763,26.297318,34.159511,1065.407152,-2.062095,52.709773,8.477549,3.158110,0.000000
19.693177,26.304862,34.122893,1062.773090,-2.109604,52.715124,8.479209,3.158729,0.000000
19.698580,26.312399,34.085799,1060.143409,-2.157142,52.720478,8.481441,3.159560,0.000000
19.703969,26.319924,34.048009,1057.520124,-2.204725,52.725835,8.484508,3.160703,0.000000
19.709343,26.327419,34.009275,1054.904946,-2.252278,52.731187,8.488699,3.162264,0.000000
19.714707,26.334902,33.970072,1052.293636,-2.299790,52.736538,8.493444,3.164031,0.000000
19.720052,26.342364,33.929964,1049.689550,-2.347179,52.741890,8.499259,3.166198,0.000000
19.725381,26.349811,33.889154,1047.090662,-2.394402,52.747237,8.505900,3.168672,0.000000
19.730701,26.357248,33.847887,1044.495151,-2.441513,52.752582,8.513080,3.171346,0.000000
19.736001,26.364655,33.805529,1041.907037,-2.488257,52.757926,8.521535,3.174496,0.000000
19.741292,26.372048,33.762701,1039.321804,-2.534786,52.763271,8.530533,3.177848,0.000000
19.746568,26.379423,33.719241,1036.740438,-2.581029,52.768616,8.540260,3.181472,0.000000
19.751828,26.386777,33.674895,1034.163977,-2.626776,52.773961,8.551013,3.185477,0.000000
19.757079,26.394121,33.630126,1031.589703,-2.672257,52.779304,8.562256,3.189666,0.000000
19.762311,26.401446,33.584560,1029.019302,-2.717196,52.784643,8.574414,3.194195,0.000000
19.767531,26.408750,33.538342,1026.451593,-2.761615,52.789981,8.587308,3.198998,0.000000
19.772743,26.416043,33.491712,1023.885548,-2.805700,52.795320,8.600666,3.203974,0.000000
19.777932,26.423305,33.444148,1021.322723,-2.848910,52.800658,8.615083,3.209345,0.000000
19.783108,26.430556,33.396160,1018.761016,-2.891666,52.805997,8.629974,3.214892,0.000000
19.788272,26.437793,33.347650,1016.200692,-2.933860,52.811335,8.645449,3.220657,0.000000
19.793419,26.445003,33.298366,1013.641786,-2.975111,52.816669,8.661781,3.226741,0.000000
19.798558,26.452203,33.248724,1011.083337,-3.015888,52.821999,8.678505,3.232972,0.000000
19.803684,26.459383,33.198434,1008.525500,-3.055764,52.827325,8.695938,3.239466,0.000000
19.808793,26.466544,33.147599,1005.967654,-3.094793,52.832651,8.713959,3.246179,0.000000
19.813892,26.473691,33.096432,1003.409752,-3.133298,52.837977,8.732338,3.253026,0.000000
19.818974,26.480816,33.044531,1000.851069,-3.170511,52.843303,8.751496,3.260163,0.000000
14.029590,18.741083,38.238196,2108.471129,-2.345908,50.548192,10.989807,4.093992,0.000000
1.637913,2.174477,49.408729,4481.043856,-0.539341,45.631930,15.756648,5.869766,0.000000
0.070039,0.070039,50.829981,4781.000883,-0.201535,45.000145,16.368413,6.097665,0.000000
0.098377,0.098377,50.817651,4775.295881,-0.080410,45.000209,16.357753,6.093693,0.000000
0.126674,0.126674,50.816310,4769.576198,0.040516,45.000278,16.321696,6.080261,0.000000
0.154937,0.154937,50.825180,4763.856026,0.160837,45.000360,16.262356,6.058155,0.000000
0.183178,0.183179,50.840106,4758.137160,0.280747,45.000447,16.189282,6.030934,0.000000
0.211362,0.211369,50.868622,4752.435141,0.399279,45.000535,16.086010,5.992462,0.000000
0.239522,0.239532,50.904231,4746.751061,0.516794,45.000632,15.967526,5.948323,0.000000
0.267656,0.267666,50.947290,4741.085823,0.633239,45.000738,15.833063,5.898232,0.000000
0.295739,0.295749,51.003006,4735.468948,0.747327,45.000851,15.672712,5.838498,0.000000
0.323802,0.323812,51.064338,4729.878798,0.860194,45.000965,15.501370,5.774668,0.000000
0.351829,0.351839,51.135381,4724.338289,0.970837,45.001084,15.311343,5.703878,0.000000
0.379817,0.379827,51.215743,4718.857582,1.078941,45.001212,15.104667,5.626886,0.000000
0.407782,0.407793,51.301431,4713.412797,1.185537,45.001346,14.888683,5.546426,0.000000
0.435697,0.435714,51.398577,4708.056618,1.288511,45.001496,14.654004,5.459002,0.000000
0.463586,0.463606,51.501935,4702.756720,1.389237,45.001650,14.410263,5.368202,0.000000
0.491451,0.491471,51.611306,4697.511323,1.487787,45.001806,14.157744,5.274132,0.000000
0.519269,0.519289,51.731285,4692.376347,1.582028,45.001969,13.891737,5.175038,0.000000
0.547066,0.547088,51.855760,4687.293025,1.674275,45.002139,13.620707,5.074072,0.000000
0.574824,0.574852,51.987752,4682.298408,1.763107,45.002327,13.341623,4.970106,0.000000
0.602528,0.602603,52.126404,4677.403642,1.835561,45.053298,13.057558,4.864284,12.635949
0.630198,0.630348,52.268584,4672.565626,1.901072,45.123705,12.771239,4.757622,28.000000
0.657781,0.658094,52.417386,4667.854172,1.962485,45.192053,12.482674,4.650125,28.000000
0.685313,0.685846,52.569871,4663.220168,2.021401,45.259147,12.193809,4.542515,28.000000
0.712802,0.713604,52.725641,4658.655305,2.078088,45.325121,11.904676,4.434805,28.000000
0.740197,0.741362,52.887359,4654.228064,2.130377,45.388880,11.616700,4.327526,28.000000
0.767556,0.769120,53.051456,4649.860471,2.180761,45.451682,11.329768,4.220637,28.000000
0.794856,0.796878,53.219395,4645.590832,2.228018,45.512913,11.044731,4.114453,28.000000
0.822087,0.824640,53.391194,4641.429925,2.271828,45.572398,10.762853,4.009446,28.000000
0.849282,0.852405,53.565018,4637.328118,2.313767,45.630938,10.482876,3.905147,28.000000
0.876407,0.880176,53.742813,4633.350564,2.351782,45.687494,10.207590,3.802596,28.000000
0.903488,0.907946,53.922853,4629.451495,2.387325,45.742805,9.935877,3.701376,28.000000
0.930531,0.935717,54.104740,4625.616992,2.420835,45.797093,9.667104,3.601251,28.000000
0.957497,0.963487,54.290005,4621.916155,2.450155,45.849256,9.405345,3.503739,28.000000
0.984435,0.991260,54.476518,4618.270856,2.477739,45.900544,9.146805,3.407426,28.000000
1.011328,1.019037,54.664978,4614.713726,2.502571,45.950445,8.893440,3.313040,28.000000
1.038164,1.046814,54.855349,4611.258164,2.524242,45.998750,8.646600,3.221086,28.000000
1.064970,1.074590,55.046656,4607.855904,2.544258,46.046218,8.403290,3.130447,28.000000
1.091713,1.102367,55.239659,4604.561892,2.560926,46.091990,8.167470,3.042597,28.000000
1.118424,1.130144,55.433545,4601.339299,2.575390,46.136654,7.936904,2.956705,28.000000
1.145110,1.157921,55.628102,4598.170811,2.588185,46.180478,7.710319,2.872297,28.000000
1.171730,1.185697,55.823725,4595.120323,2.597358,46.222473,7.492875,2.791293,28.000000
1.198323,1.213474,56.019633,4592.117198,2.605085,46.263738,7.279251,2.711712,28.000000
1.224878,1.241251,56.215963,4589.186909,2.610586,46.303884,7.071518,2.634326,28.000000
1.251389,1.269028,56.412493,4586.344522,2.613415,46.342684,6.871158,2.559687,28.000000
1.277877,1.296806,56.609054,4583.546786,2.614890,46.380801,6.674595,2.486462,28.000000
1.304319,1.324589,56.805503,4580.837139,2.613699,46.417576,6.485650,2.416075,28.000000
1.330732,1.352368,57.001649,4578.188618,2.610673,46.453431,6.302129,2.347709,28.000000
1.357124,1.380145,57.197584,4575.582702,2.606369,46.488645,6.122388,2.280751,28.000000
1.383460,1.407922,57.392654,4573.075545,2.599108,46.522378,5.951596,2.217126,28.000000
1.409778,1.435698,57.587239,4570.606869,2.590704,46.555539,5.784351,2.154823,28.000000
1.436070,1.463475,57.781100,4568.195542,2.580597,46.587846,5.622396,2.094490,28.000000
1.462322,1.491257,57.973736,4565.857177,2.568345,46.619078,5.467265,2.036700,28.000000
1.488554,1.519039,58.165691,4563.554769,2.555038,46.649784,5.315515,1.980169,28.000000
1.514752,1.546815,58.356187,4561.321494,2.539699,46.679484,5.170304,1.926074,28.000000
1.540923,1.574592,58.545392,4559.138889,2.522893,46.708448,5.029927,1.873780,28.000000
1.567076,1.602369,58.733737,4556.989819,2.505117,46.736923,4.892749,1.822678,28.000000
1.593186,1.630146,58.919728,4554.919044,2.485078,46.764287,4.763085,1.774375,28.000000
1.619281,1.657922,59.104612,4552.879911,2.464140,46.791202,4.636471,1.727207,28.000000
1.645353,1.685699,59.287953,4550.884890,2.441946,46.817494,4.514108,1.681624,28.000000
1.671395,1.713476,59.468919,4548.949285,2.418068,46.842962,4.397483,1.638178,28.000000
1.697421,1.741253,59.648666,4547.042146,2.393391,46.868035,4.283608,1.595757,28.000000
1.723418,1.769030,59.825998,4545.188415,2.367224,46.892365,4.174892,1.555257,28.000000
1.749396,1.796806,60.001230,4543.376145,2.339906,46.916135,4.070178,1.516248,28.000000
1.775360,1.824583,60.175108,4541.590370,2.311851,46.939547,3.968019,1.478192,28.000000
1.801282,1.852360,60.345572,4539.865266,2.282138,46.962148,3.871701,1.442311,28.000000
1.827193,1.880134,60.514405,4538.166410,2.251717,46.984404,3.777901,1.407367,28.000000
1.853090,1.907904,60.681147,4536.501233,2.220388,47.006215,3.687330,1.373627,28.000000
1.878961,1.935680,60.844597,4534.884213,2.187771,47.027404,3.601356,1.341600,28.000000
1.904819,1.963457,61.006428,4533.289662,2.154559,47.048305,3.517519,1.310368,28.000000
1.930653,1.991234,61.165194,4531.736269,2.120266,47.068682,3.437587,1.280592,28.000000
1.956467,2.019010,61.321205,4530.216764,2.085093,47.088635,3.360850,1.252005,28.000000
1.982268,2.046787,61.475498,4528.718191,2.049377,47.108328,3.286085,1.224153,28.000000
2.008040,2.074564,61.625654,4527.266694,2.012458,47.127451,3.215726,1.197943,28.000000
2.033800,2.102341,61.773736,4525.836990,1.974991,47.146313,3.147391,1.172486,28.000000
2.059547,2.130117,61.919369,4524.433045,1.936875,47.164867,3.081449,1.147921,28.000000
2.085272,2.157894,62.060997,4523.068281,1.897793,47.182961,3.019117,1.124700,28.000000
2.110987,2.185671,62.200714,4521.721343,1.858275,47.200850,2.958418,1.102088,28.000000
2.136683,2.213448,62.336928,4520.406267,1.817985,47.218375,2.900629,1.080561,28.000000
2.162363,2.241225,62.469866,4519.119038,1.777036,47.235594,2.845364,1.059973,28.000000
2.188032,2.269001,62.600821,4517.848454,1.735693,47.252631,2.791604,1.039946,28.000000
2.213672,2.296778,62.727154,4516.614628,1.693485,47.269267,2.741148,1.021150,28.000000
2.239306,2.324555,62.851052,4515.398991,1.650864,47.285714,2.692312,1.002957,28.000000
2.264934,2.352332,62.972297,4514.203168,1.607793,47.301955,2.645242,0.985422,28.000000
2.290534,2.380114,63.088963,4513.039441,1.564007,47.317870,2.601011,0.968945,28.000000
2.316124,2.407895,63.203509,4511.889963,1.519910,47.333644,2.558034,0.952935,28.000000
2.341702,2.435672,63.314296,4510.765321,1.475271,47.349177,2.517238,0.937737,28.000000
2.367262,2.463453,63.421383,4509.663698,1.430144,47.364490,2.478451,0.923288,28.000000
2.392813,2.491236,63.526298,4508.575405,1.384735,47.379676,2.440826,0.909272,28.000000
2.418346,2.519019,63.626302,4507.515997,1.338731,47.394601,2.405709,0.896190,28.000000
2.443870,2.546802,63.723561,4506.471836,1.292423,47.409396,2.371910,0.883599,28.000000
2.469385,2.574585,63.818063,4505.442986,1.245811,47.424058,2.339435,0.871501,28.000000
2.494877,2.602374,63.907541,4504.440560,1.198684,47.438499,2.309239,0.860252,28.000000
2.520363,2.630161,63.994754,4503.449577,1.151340,47.452848,2.280029,0.849371,28.000000
2.545840,2.657944,64.078072,4502.478011,1.103632,47.467040,2.252493,0.839113,28.000000
2.571300,2.685732,64.157352,4501.525515,1.055580,47.481094,2.226601,0.829468,28.000000
2.596750,2.713521,64.234333,4500.583725,1.007338,47.495071,2.201635,0.820167,28.000000
2.622183,2.741310,64.306240,4499.664661,0.958702,47.508888,2.178634,0.811599,28.000000
2.647606,2.769103,64.375148,4498.758347,0.909854,47.522623,2.156744,0.803444,28.000000
2.673021,2.796898,64.441279,4497.863839,0.860811,47.536282,2.135882,0.795672,28.000000
2.698424,2.824688,64.502046,4496.991014,0.811421,47.549809,2.116924,0.788610,28.000000
2.723818,2.852480,64.560450,4496.127338,0.761891,47.563284,2.098778,0.781850,28.000000
2.749195,2.880275,64.614913,4495.278759,0.712133,47.576674,2.081972,0.775589,28.000000
2.774558,2.908075,64.665068,4494.445849,0.662156,47.589986,2.066581,0.769856,28.000000
2.799914,2.935877,64.712840,4493.621462,0.612061,47.603258,2.051963,0.764410,28.000000
2.825260,2.963679,64.755498,4492.814739,0.561733,47.616454,2.038970,0.759570,28.000000
2.850595,2.991481,64.794948,4492.018517,0.511277,47.629609,2.026966,0.755098,28.000000
2.875922,3.019283,64.831660,4491.231256,0.460711,47.642730,2.015805,0.750940,28.000000
2.901237,3.047084,64.862737,4490.461449,0.409950,47.655798,2.006335,0.747413,28.000000
2.926543,3.074891,64.891400,4489.698789,0.359114,47.668849,1.997577,0.744150,28.000000
2.951832,3.102705,64.916162,4488.947582,0.308160,47.681876,1.989966,0.741315,28.000000
2.977112,3.130515,64.936408,4488.208871,0.257097,47.694884,1.983655,0.738964,28.000000
3.002385,3.158324,64.954226,4487.476734,0.205981,47.707884,1.978039,0.736872,28.000000
3.027643,3.186138,64.966971,4486.757853,0.154770,47.720873,1.973866,0.735317,28.000000
3.052894,3.213956,64.976341,4486.047240,0.103506,47.733869,1.970641,0.734116,28.000000
3.078139,3.241776,64.983058,4485.343128,0.052201,47.746871,1.968161,0.733192,28.000000
3.103367,3.269597,64.983964,4484.652364,0.000841,47.759885,1.967303,0.732872,28.000000
3.128589,3.297418,64.982435,4483.966853,-0.050530,47.772913,1.967125,0.732806,28.000000
3.153803,3.325238,64.977097,4483.289509,-0.101917,47.785965,1.968009,0.733135,28.000000
3.178997,3.353064,64.967100,4482.621419,-0.153308,47.799060,1.970191,0.733948,28.000000
3.204185,3.380892,64.954666,4481.958004,-0.204696,47.812180,1.973055,0.735015,28.000000
3.229368,3.408725,64.937265,4481.303681,-0.256057,47.825351,1.977312,0.736601,28.000000
3.254536,3.436558,64.916378,4480.655206,-0.307390,47.838569,1.982559,0.738555,28.000000
3.279693,3.464391,64.892969,4480.010964,-0.358701,47.851821,1.988522,0.740777,28.000000
3.304845,3.492237,64.863639,4479.375677,-0.409920,47.865166,1.996183,0.743631,28.000000
3.329987,3.520080,64.831888,4478.743685,-0.461094,47.878556,2.004552,0.746748,28.000000
3.355113,3.547919,64.796473,4478.116655,-0.512199,47.892015,2.013993,0.750265,28.000000
3.380229,3.575769,64.756327,4477.495236,-0.563184,47.905579,2.024848,0.754309,28.000000
3.405340,3.603621,64.713772,4476.876473,-0.614104,47.919198,2.036433,0.758625,28.000000
3.430442,3.631473,64.666433,4476.262558,-0.664883,47.932933,2.049483,0.763486,28.000000
3.455532,3.659328,64.615534,4475.651623,-0.715538,47.946765,2.063656,0.768766,28.000000
3.480614,3.687187,64.562241,4475.042688,-0.766109,47.960664,2.078585,0.774328,28.000000
3.505678,3.715045,64.503078,4474.437584,-0.816437,47.974737,2.095427,0.780602,28.000000
3.530734,3.742908,64.441517,4473.833575,-0.866654,47.988890,2.113078,0.787177,28.000000
3.555778,3.770779,64.376483,4473.231151,-0.916713,48.003157,2.131900,0.794189,28.000000
3.580813,3.798650,64.306718,4472.629940,-0.966516,48.017603,2.152386,0.801820,28.000000
3.605843,3.826522,64.234607,4472.029063,-1.016187,48.032140,2.173714,0.809766,28.000000
3.630862,3.854399,64.157956,4471.428382,-1.065587,48.046859,2.196703,0.818330,28.000000
3.655867,3.882280,64.077746,4470.827047,-1.114750,48.061733,2.221057,0.827402,28.000000
3.680861,3.910163,63.995221,4470.225253,-1.163758,48.076709,2.246303,0.836807,28.000000
3.705843,3.938053,63.907134,4469.621113,-1.212363,48.091947,2.273781,0.847043,28.000000
3.730817,3.965942,63.816632,4469.015337,-1.260769,48.107315,2.302281,0.857660,28.000000
3.755781,3.993832,63.722913,4468.407381,-1.308909,48.122855,2.332144,0.868785,28.000000
3.780728,4.021732,63.624543,4467.795009,-1.356633,48.138655,2.364080,0.880682,28.000000
3.805668,4.049635,63.523933,4467.180128,-1.404145,48.154588,2.397049,0.892964,28.000000
3.830594,4.077544,63.419110,4466.560016,-1.451246,48.170779,2.432003,0.905985,28.000000
3.855512,4.105452,63.310801,4465.934469,-1.497969,48.187207,2.468705,0.919657,28.000000
3.880424,4.133361,63.200297,4465.305420,-1.544452,48.203785,2.506513,0.933742,28.000000
3.905312,4.161282,63.084653,4464.666642,-1.590331,48.220728,2.547047,0.948842,28.000000
3.930192,4.189206,62.966634,4464.022476,-1.635900,48.237860,2.588928,0.964444,28.000000
3.955061,4.217133,62.845702,4463.371705,-1.681090,48.255223,2.632458,0.980660,28.000000
3.979915,4.245065,62.720327,4462.709086,-1.725654,48.272960,2.678673,0.997876,28.000000
4.004760,4.273000,62.592872,4462.040344,-1.769908,48.290884,2.726200,1.015581,28.000000
4.029592,4.300940,62.461620,4461.359810,-1.813575,48.309161,2.776182,1.034201,28.000000
4.054412,4.328884,62.327053,4460.667391,-1.856678,48.327775,2.828463,1.053677,28.000000
4.079223,4.356830,62.190467,4459.967564,-1.899434,48.346595,2.882159,1.073680,28.000000
4.104011,4.384782,62.049289,4459.248871,-1.941340,48.365913,2.939271,1.094956,28.000000
4.128790,4.412740,61.905859,4458.519604,-1.982793,48.385498,2.998188,1.116904,28.000000
4.153559,4.440705,61.759882,4457.778391,-2.023735,48.405386,3.059145,1.139612,28.000000
4.178306,4.468670,61.609827,4457.015365,-2.063762,48.425805,3.123635,1.163636,28.000000
4.203045,4.496638,61.457919,4456.241532,-2.103351,48.446478,3.189818,1.188291,28.000000
4.227770,4.524615,61.302725,4455.447799,-2.142143,48.467613,3.259074,1.214091,28.000000
4.252474,4.552601,61.144524,4454.633416,-2.180132,48.489218,3.331379,1.241026,28.000000
4.277167,4.580591,60.984554,4453.806549,-2.217638,48.511104,3.405512,1.268643,28.000000
4.301842,4.608581,60.820694,4452.949373,-2.253987,48.533655,3.483944,1.297861,28.000000
4.326505,4.636577,60.654824,4452.074481,-2.289681,48.556584,3.564795,1.327980,28.000000
4.351155,4.664579,60.486860,4451.181138,-2.324695,48.579906,3.648165,1.359038,28.000000
4.375777,4.692587,60.315373,4450.252625,-2.358432,48.603956,3.736170,1.391821,28.000000
4.400388,4.720599,60.142346,4449.307220,-2.391566,48.628351,3.826343,1.425413,28.000000
4.424982,4.748621,59.966675,4448.331851,-2.423634,48.653359,3.920331,1.460427,28.000000
4.449558,4.776646,59.788496,4447.324061,-2.454577,48.679008,4.018314,1.496928,28.000000
4.474123,4.804675,59.608895,4446.297223,-2.484861,48.705033,4.118624,1.534296,28.000000
4.498661,4.832715,59.426276,4445.225829,-2.513615,48.731926,4.224252,1.573645,28.000000
4.523182,4.860758,59.242041,4444.127042,-2.541445,48.759341,4.333048,1.614174,28.000000
4.547688,4.888804,59.056257,4443.001955,-2.568389,48.787255,4.444885,1.655837,28.000000
4.572165,4.916862,58.867781,4441.824126,-2.593573,48.816172,4.562635,1.699702,28.000000
4.596628,4.944924,58.678192,4440.621651,-2.617949,48.845547,4.683080,1.744570,28.000000
4.621065,4.972996,58.486763,4439.376985,-2.640945,48.875698,4.808106,1.791146,28.000000
4.645479,5.001072,58.293554,4438.084482,-2.662388,48.906723,4.938165,1.839597,28.000000
4.669880,5.029150,58.099385,4436.764650,-2.682949,48.938246,5.071069,1.889107,28.000000
4.694248,5.057234,57.903299,4435.383018,-2.701534,48.970892,5.210262,1.940960,28.000000
4.718596,5.085327,57.706197,4433.961383,-2.718845,49.004248,5.353388,1.994278,28.000000
4.742927,5.113430,57.508194,4432.504340,-2.735030,49.038235,5.499995,2.048893,28.000000
4.767222,5.141538,57.308669,4430.972316,-2.748867,49.073539,5.653711,2.106156,28.000000
4.791503,5.169652,57.108594,4429.406198,-2.761640,49.109440,5.810556,2.164585,28.000000
4.815758,5.197773,56.907653,4427.783742,-2.772655,49.146327,5.972539,2.224928,28.000000
4.839976,5.225899,56.705971,4426.094268,-2.781600,49.184378,6.140385,2.287455,28.000000
4.864175,5.254029,56.503937,4424.367574,-2.789399,49.223071,6.311434,2.351175,28.000000
4.888336,5.282176,56.301342,4422.559478,-2.794706,49.263154,6.489290,2.417431,28.000000
4.912473,5.310326,56.098580,4420.695964,-2.798329,49.304182,6.671556,2.485330,28.000000
4.936591,5.338478,55.895684,4418.787250,-2.800578,49.345982,6.857419,2.554569,28.000000
4.960660,5.366643,55.692854,4416.777430,-2.799771,49.389487,7.050898,2.626645,28.000000
4.984707,5.394815,55.490188,4414.722944,-2.797620,49.433743,7.247563,2.699908,28.000000
5.008718,5.422999,55.287812,4412.597210,-2.793327,49.479196,7.449276,2.775051,28.000000
5.032691,5.451188,55.086086,4410.382704,-2.786387,49.526126,7.656856,2.852380,28.000000
5.056644,5.479380,54.884773,4408.120332,-2.778022,49.573851,7.867499,2.930850,28.000000
5.080554,5.507583,54.684515,4405.756782,-2.766655,49.623251,8.084319,3.011622,28.000000
5.104426,5.535793,54.485230,4403.321017,-2.753156,49.673847,8.305162,3.093891,28.000000
5.128267,5.564009,54.286676,4400.831015,-2.738055,49.725340,8.529025,3.177286,28.000000
5.152054,5.592236,54.090211,4398.213078,-2.719191,49.778923,8.759283,3.263064,28.000000
5.175816,5.620469,53.894784,4395.540419,-2.698728,49.833400,8.991962,3.349743,28.000000
5.199538,5.648709,53.700967,4392.783514,-2.675808,49.889254,9.228337,3.437798,28.000000
5.223207,5.676960,53.509550,4389.917080,-2.649692,49.946890,9.468803,3.527378,28.000000
5.246847,5.705215,53.319459,4386.993444,-2.621915,50.005455,9.711216,3.617683,28.000000
5.270426,5.733480,53.132240,4383.953132,-2.590767,50.065908,9.957170,3.709308,28.000000
5.293963,5.761753,52.947403,4380.826013,-2.557111,50.127759,10.205106,3.801671,28.000000
5.317473,5.790031,52.764213,4377.638916,-2.521721,50.190574,10.454413,3.894544,28.000000
5.340908,5.818328,52.585514,4374.303063,-2.482065,50.255779,10.705919,3.988236,28.000000
5.364312,5.846627,52.408833,4370.906043,-2.440662,50.321963,10.957804,4.082070,28.000000
5.387672,5.874931,52.235155,4367.418107,-2.396663,50.389604,11.210244,4.176111,28.000000
5.410960,5.903244,52.065897,4363.807525,-2.349179,50.459198,11.462289,4.270004,28.000000
5.434215,5.931562,51.898963,4360.135189,-2.299945,50.529773,11.713813,4.363704,28.000000
5.457405,5.959890,51.736770,4356.341596,-2.247280,50.602270,11.963722,4.456801,28.000000
5.480538,5.988226,51.578532,4352.454708,-2.191993,50.676246,12.211369,4.549056,28.000000
5.503633,6.016567,51.422915,4348.506216,-2.134976,50.751198,12.457493,4.640744,28.000000
5.526641,6.044920,51.274131,4344.409058,-2.073808,50.828494,12.698249,4.730432,28.000000
5.549610,6.073279,51.128459,4340.249536,-2.010909,50.906767,12.935944,4.818980,28.000000
5.572524,6.101644,50.987088,4336.003826,-1.945619,50.986388,13.169411,4.905952,28.000000
5.595356,6.130020,50.852185,4331.638664,-1.877040,51.067882,13.395319,4.990109,28.000000
5.618148,6.158400,50.720551,4327.215986,-1.806886,51.150273,13.617087,5.072723,28.000000
5.640861,6.186785,50.595308,4322.684983,-1.733782,51.234343,13.830299,5.152150,28.000000
5.663512,6.215177,50.475550,4318.068945,-1.658385,51.319727,14.035311,5.228523,28.000000
5.686122,6.243575,50.359312,4313.398790,-1.581530,51.405948,14.235013,5.302917,28.000000
5.708622,6.271978,50.251795,4308.605578,-1.501401,51.494053,14.420423,5.371987,28.000000
5.731079,6.300387,50.148415,4303.759678,-1.419894,51.582963,14.598531,5.438337,28.000000
5.753480,6.328803,50.050297,4298.846756,-1.336633,51.672898,14.767348,5.501226,28.000000
5.775780,6.357224,49.960363,4293.840356,-1.250980,51.764234,14.920765,5.558377,28.000000
5.798035,6.385649,49.874415,4288.791680,-1.164263,51.856202,15.066440,5.612645,28.000000
5.820210,6.414084,49.795965,4283.667233,-1.075657,51.949301,15.197278,5.661386,28.000000
5.842307,6.442518,49.724166,4278.484092,-0.985641,52.043258,15.314392,5.705014,28.000000
5.864357,6.470954,49.656497,4273.265246,-0.894772,52.137736,15.422942,5.745452,28.000000
5.886300,6.499401,49.598625,4267.972397,-0.802212,52.233266,15.510613,5.778111,28.000000
5.908186,6.527848,49.545597,4262.649064,-0.709014,52.329217,15.587708,5.806831,28.000000
5.930004,6.556295,49.498246,4257.290010,-0.615069,52.425662,15.652409,5.830934,28.000000
5.951724,6.584748,49.460071,4251.884700,-0.520269,52.522703,15.696752,5.847453,28.000000
5.973397,6.613203,49.426195,4246.461278,-0.425181,52.619966,15.731498,5.860397,28.000000
5.994983,6.641663,49.400110,4241.008273,-0.329676,52.717583,15.748797,5.866841,28.000000
6.016485,6.670123,49.381194,4235.536980,-0.234078,52.815368,15.750038,5.867304,28.000000
6.037937,6.698583,49.366580,4230.055722,-0.138457,52.913238,15.741652,5.864179,28.000000
6.059278,6.727042,49.361749,4224.561643,-0.043089,53.011136,15.711460,5.852932,28.000000
6.080560,6.755502,49.361969,4219.067221,0.051940,53.108938,15.670169,5.837550,28.000000
6.101776,6.783962,49.367646,4213.572428,0.146606,53.206636,15.616889,5.817702,28.000000
6.122887,6.812427,49.382493,4208.088452,0.240284,53.303968,15.543875,5.790502,28.000000
6.143950,6.840891,49.401471,4202.613030,0.333396,53.401074,15.462143,5.760055,28.000000
6.164928,6.869351,49.427682,4197.155199,0.425430,53.497738,15.365274,5.723969,28.000000
6.185824,6.897811,49.460783,4191.722825,0.516161,53.593829,15.254504,5.682704,28.000000
6.206672,6.926271,49.497875,4186.306396,0.606096,53.689567,15.135765,5.638471,28.000000
6.227412,6.954730,49.543704,4180.933387,0.693994,53.784383,15.000177,5.587961,28.000000
6.248092,6.983190,49.594233,4175.589787,0.780599,53.878599,14.856016,5.534257,28.000000
6.268713,7.011650,49.649442,4170.275471,0.865915,53.972217,14.703317,5.477373,28.000000
6.289227,7.040098,49.712823,4165.023154,0.948617,54.064606,14.536630,5.415277,28.000000
6.309696,7.068545,49.779744,4159.801275,1.030067,54.156398,14.364233,5.351055,28.000000
6.330091,7.096993,49.852661,4154.632879,1.109331,54.247147,14.182356,5.283301,28.000000
6.350402,7.125440,49.931481,4149.525411,1.186159,54.336721,13.991955,5.212371,28.000000
6.370666,7.153886,50.013598,4144.453290,1.261583,54.425616,13.796935,5.139721,28.000000
6.390836,7.182320,50.102661,4139.462828,1.333810,54.512963,13.592940,5.063728,28.000000
6.410950,7.210755,50.195603,4134.523792,1.404044,54.599339,13.384565,4.986103,28.000000
6.431014,7.239190,50.292104,4129.631967,1.472449,54.684825,13.172169,4.906979,28.000000
6.450979,7.267613,50.395076,4124.836226,1.537189,54.768508,12.953588,4.825552,28.000000
6.470901,7.296035,50.500724,4120.083855,1.600288,54.851384,12.732851,4.743322,28.000000
6.490751,7.324457,50.610753,4115.403987,1.660647,54.932916,12.508743,4.659836,28.000000
6.510532,7.352870,50.725241,4110.805939,1.717941,55.012931,12.282095,4.575403,28.000000
6.530275,7.381280,50.842118,4106.253316,1.773537,55.092107,12.054250,4.490525,28.000000
6.549931,7.409689,50.963821,4101.799115,1.825476,55.169472,11.824686,4.405007,28.000000
6.569533,7.438092,51.088303,4097.407718,1.875095,55.245686,11.594778,4.319360,28.000000
6.589089,7.466489,51.215138,4093.069461,1.922754,55.320927,11.364579,4.233605,28.000000
6.608562,7.494880,51.346375,4088.841877,1.966353,55.394148,11.134952,4.148062,28.000000
6.627999,7.523269,51.479332,4084.661732,2.008220,55.466504,10.905961,4.062757,28.000000
6.647380,7.551653,51.615014,4080.557964,2.047301,55.537472,10.678091,3.977870,28.000000
6.666694,7.580033,51.753506,4076.542617,2.083169,55.606843,10.452272,3.893746,28.000000
6.685973,7.608411,51.893432,4072.574554,2.117325,55.675362,10.227691,3.810084,28.000000
6.705178,7.636783,52.036106,4068.704674,2.147940,55.742112,10.006138,3.727550,28.000000
6.724341,7.665151,52.180369,4064.899664,2.176228,55.807701,9.787032,3.645927,28.000000
6.743470,7.693517,52.325870,4061.145214,2.202701,55.872384,9.569834,3.565015,28.000000
6.762516,7.721871,52.473671,4057.500744,2.225246,55.935100,9.357465,3.485902,28.000000
6.781532,7.750221,52.622276,4053.901560,2.246178,55.997013,9.147315,3.407616,28.000000
6.800505,7.778568,52.772113,4050.372871,2.264600,56.057680,8.940654,3.330629,28.000000
6.819420,7.806915,52.923138,4046.929101,2.280024,56.116842,8.738620,3.255366,28.000000
6.838305,7.835260,53.074713,4043.529213,2.293900,56.175232,8.539064,3.181026,28.000000
6.857128,7.863595,53.227225,4040.217437,2.304671,56.232076,8.344705,3.108622,28.000000
6.875914,7.891925,53.380171,4036.966534,2.313315,56.287855,8.154184,3.037648,28.000000
6.894674,7.920253,53.533429,4033.759299,2.320433,56.342869,7.966416,2.967700,28.000000
6.913366,7.948575,53.687058,4030.652390,2.324059,56.396141,7.785336,2.900242,28.000000
6.932030,7.976895,53.840694,4027.585427,2.326301,56.448726,7.607043,2.833824,28.000000
6.950653,8.005211,53.994334,4024.578669,2.326458,56.500276,7.432958,2.768972,28.000000
6.969230,8.033521,54.147705,4021.647977,2.324001,56.550521,7.264408,2.706183,28.000000
6.987784,8.061829,54.300874,4018.755357,2.320240,56.600117,7.098677,2.644444,28.000000
7.006287,8.090132,54.453505,4015.936989,2.313942,56.648452,6.938539,2.584788,28.000000
7.024756,8.118432,54.605543,4013.172583,2.305818,56.695877,6.782588,2.526692,28.000000
7.043203,8.146729,54.757182,4010.444338,2.296468,56.742692,6.629444,2.469642,28.000000
7.061593,8.175025,54.907526,4007.801942,2.284219,56.788076,6.483133,2.415137,28.000000
7.079960,8.203320,55.057222,4005.193773,2.270826,56.832892,6.339605,2.361670,28.000000
7.098294,8.231610,55.205987,4002.634707,2.255794,56.876891,6.200071,2.309690,28.000000
7.116582,8.259891,55.353231,4000.141042,2.238597,56.919818,6.065956,2.259728,28.000000
7.134850,8.288170,55.499664,3997.679149,2.220352,56.962228,5.934496,2.210756,28.000000
7.153084,8.316454,55.644438,3995.277596,2.200119,57.003665,5.808115,2.163676,28.000000
7.171287,8.344731,55.787732,3992.922310,2.178380,57.044356,5.685682,2.118066,28.000000
7.189469,8.373003,55.930060,3990.596959,2.155667,57.084565,5.565805,2.073409,28.000000
7.207603,8.401274,56.069840,3988.341070,2.130710,57.123677,5.451922,2.030984,28.000000
7.225717,8.429543,56.208397,3986.114733,2.104810,57.162327,5.340614,1.989519,28.000000
7.243807,8.457809,56.345338,3983.927405,2.077666,57.200367,5.232705,1.949320,28.000000
7.261855,8.486069,56.479726,3981.795036,2.048790,57.237554,5.129625,1.910920,28.000000
7.279885,8.514328,56.612830,3979.688621,2.019099,57.274346,5.028834,1.873373,28.000000
7.297887,8.542588,56.743456,3977.630252,1.987901,57.310412,4.932293,1.837409,28.000000
7.315857,8.570847,56.871864,3975.610836,1.955506,57.345890,4.839219,1.802736,28.000000
7.333807,8.599106,56.998872,3973.615772,1.922363,57.381002,4.748313,1.768871,28.000000
7.351728,8.627359,57.122423,3971.676023,1.887531,57.415308,4.662354,1.736850,28.000000
7.369626,8.655609,57.244258,3969.761393,1.851946,57.449249,4.578653,1.705669,28.000000
7.387496,8.683856,57.364005,3967.877297,1.815447,57.482746,4.497695,1.675510,28.000000
7.405340,8.712102,57.480366,3966.038804,1.777593,57.515595,4.420852,1.646884,28.000000
7.423167,8.740349,57.595087,3964.221271,1.739125,57.548151,4.345905,1.618964,28.000000
7.440962,8.768596,57.706764,3962.441559,1.699562,57.580182,4.274383,1.592320,28.000000
7.458737,8.796843,57.815622,3960.694285,1.659067,57.611769,4.205812,1.566776,28.000000
7.476498,8.825089,57.922754,3958.966623,1.618012,57.643088,4.139027,1.541896,28.000000
7.494224,8.853329,58.025791,3957.282598,1.575730,57.673828,4.076228,1.518502,28.000000
7.511933,8.881570,58.126703,3955.619692,1.532862,57.704297,4.015367,1.495830,28.000000
7.529622,8.909810,58.225234,3953.980443,1.489339,57.734461,3.956678,1.473967,28.000000
7.547288,8.938040,58.319990,3952.378040,1.450255,57.742270,3.901296,1.453336,12.635969
7.564947,8.966264,58.413066,3950.791939,1.411458,57.746911,3.847355,1.433241,0.000000
7.582591,8.994479,58.503195,3949.234341,1.371776,57.751560,3.795912,1.414077,0.000000
7.600232,9.022691,58.590440,3947.702709,1.331310,57.756227,3.746766,1.395769,0.000000
7.617869,9.050898,58.675971,3946.186283,1.290386,57.760903,3.698966,1.377962,0.000000
7.635489,9.079088,58.757553,3944.703061,1.248480,57.765603,3.654131,1.361260,0.000000
7.653102,9.107272,58.836962,3943.237004,1.206074,57.770308,3.610842,1.345134,0.000000
7.670709,9.135450,58.914127,3941.788671,1.163153,57.775020,3.569152,1.329603,0.000000
7.688300,9.163622,58.987232,3940.370257,1.119395,57.779754,3.530193,1.315090,0.000000
7.705886,9.191788,59.058486,3938.964903,1.075276,57.784497,3.492438,1.301025,0.000000
7.723468,9.219941,59.126522,3937.581910,1.030544,57.789253,3.456751,1.287731,0.000000
7.741037,9.248089,59.191252,3936.220419,0.985238,57.794026,3.423083,1.275189,0.000000
7.758600,9.276234,59.254079,3934.871114,0.939611,57.798809,3.390567,1.263075,0.000000
7.776157,9.304368,59.312659,3933.547805,0.893318,57.803609,3.360535,1.251888,0.000000
7.793704,9.332496,59.368764,3932.238734,0.846673,57.808422,3.331894,1.241218,0.000000
7.811243,9.360617,59.422513,3930.943221,0.799691,57.813246,3.304575,1.231041,0.000000
7.828769,9.388733,59.471772,3929.671954,0.752135,57.818083,3.279679,1.221767,0.000000
7.846291,9.416844,59.519037,3928.410959,0.704342,57.822930,3.255831,1.212883,0.000000
7.863804,9.444947,59.562942,3927.167058,0.656157,57.827798,3.233736,1.204652,0.000000
7.881308,9.473040,59.603225,3925.940447,0.607600,57.832681,3.213470,1.197102,0.000000
7.898808,9.501129,59.641481,3924.723316,0.558843,57.837571,3.194216,1.189930,0.000000
7.916303,9.529213,59.675336,3923.525876,0.509686,57.842477,3.177117,1.183560,0.000000
7.933787,9.557294,59.706484,3922.339796,0.460314,57.847396,3.161312,1.177672,0.000000
7.951263,9.585371,59.735257,3921.163685,0.410750,57.852328,3.146641,1.172207,0.000000
7.968727,9.613437,59.759235,3920.006384,0.360852,57.857276,3.134207,1.167575,0.000000
7.986188,9.641500,59.781134,3918.856773,0.310832,57.862235,3.122728,1.163298,0.000000
8.003644,9.669558,59.799637,3917.719580,0.260617,57.867210,3.112802,1.159601,0.000000
8.021087,9.697608,59.814291,3916.595495,0.210215,57.872199,3.104610,1.156549,0.000000
8.038524,9.725653,59.826853,3915.478338,0.159720,57.877197,3.097357,1.153847,0.000000
8.055956,9.753693,59.835005,3914.375106,0.109061,57.882216,3.092067,1.151876,0.000000
8.073381,9.781730,59.840278,3913.280234,0.058321,57.887245,3.088046,1.150378,0.000000
8.090800,9.809763,59.843223,3912.192121,0.007517,57.892283,3.085050,1.149262,0.000000
8.108207,9.837791,59.841179,3911.117278,-0.043383,57.897345,3.084239,1.148960,0.000000
8.125610,9.865814,59.837031,3910.047584,-0.094301,57.902415,3.084350,1.149001,0.000000
8.143004,9.893829,59.829556,3908.985945,-0.145243,57.907496,3.085918,1.149585,0.000000
8.160388,9.921839,59.818097,3907.932988,-0.196184,57.912597,3.089232,1.150820,0.000000
8.177769,9.949846,59.804535,3906.884398,-0.247117,57.917707,3.093470,1.152399,0.000000
8.195144,9.977849,59.786652,3905.844163,-0.298002,57.922832,3.099612,1.154687,0.000000
8.212509,10.005847,59.765792,3904.808942,-0.348823,57.927972,3.107074,1.157467,0.000000
8.229865,10.033843,59.742715,3903.777455,-0.399595,57.933123,3.115521,1.160614,0.000000
8.247216,10.061827,59.714592,3902.753224,-0.450209,57.938292,3.126240,1.164607,0.000000
8.264561,10.089811,59.684387,3901.731480,-0.500740,57.943471,3.137908,1.168953,0.000000
8.281899,10.117794,59.650996,3900.713495,-0.551143,57.948665,3.151030,1.173841,0.000000
8.299232,10.145768,59.613585,3899.699192,-0.601339,57.953874,3.166022,1.179427,0.000000
8.316560,10.173738,59.574110,3898.686517,-0.651418,57.959092,3.181984,1.185373,0.000000
8.333873,10.201703,59.530512,3897.676503,-0.701238,57.964331,3.199906,1.192049,0.000000
8.351182,10.229664,59.483920,3896.667571,-0.750839,57.969580,3.219289,1.199270,0.000000
8.368488,10.257622,59.435278,3895.659380,-0.800290,57.974837,3.239673,1.206863,0.000000
8.385776,10.285568,59.381654,3894.651527,-0.849315,57.980113,3.262560,1.215389,0.000000
8.403061,10.313514,59.326027,3893.643196,-0.898146,57.985399,3.286482,1.224301,0.000000
8.420342,10.341460,59.267435,3892.634154,-0.946688,57.990700,3.311939,1.233784,0.000000
8.437618,10.369396,59.204900,3891.622884,-0.994796,57.996021,3.339508,1.244055,0.000000
8.454890,10.397329,59.140400,3890.610156,-1.042673,58.001351,3.368151,1.254725,0.000000
8.472146,10.425263,59.072083,3889.593951,-1.090074,58.006696,3.398917,1.266186,0.000000
8.489398,10.453188,59.000847,3888.574019,-1.137072,58.012052,3.431376,1.278278,0.000000
8.506648,10.481109,58.927690,3887.551603,-1.183803,58.017416,3.464950,1.290785,0.000000
8.523879,10.509024,58.849923,3886.521520,-1.229826,58.022805,3.501306,1.304329,0.000000
8.541108,10.536933,58.770211,3885.487383,-1.275516,58.028202,3.538891,1.318330,0.000000
8.558333,10.564835,58.687834,3884.447693,-1.320749,58.033609,3.578159,1.332958,0.000000
8.575548,10.592737,58.601724,3883.398543,-1.365284,58.039032,3.619903,1.348509,0.000000
8.592757,10.620636,58.513811,3882.344322,-1.409462,58.044464,3.662878,1.364519,0.000000
8.609957,10.648526,58.422491,3881.279801,-1.452934,58.049915,3.708230,1.381413,0.000000
8.627153,10.676412,58.328430,3880.205533,-1.495779,58.055379,3.755597,1.399059,0.000000
8.644346,10.704295,58.232627,3879.124976,-1.538222,58.060850,3.804253,1.417184,0.000000
8.661521,10.732172,58.132767,3878.027659,-1.579646,58.066339,3.856060,1.436484,0.000000
8.678690,10.760046,58.031092,3876.921691,-1.620571,58.071839,3.909359,1.456339,0.000000
8.695852,10.787917,57.927128,3875.804812,-1.660867,58.077353,3.964541,1.476896,0.000000
8.713009,10.815777,57.819802,3874.669510,-1.700140,58.082882,4.022666,1.498549,0.000000
8.730161,10.843633,57.710902,3873.524839,-1.738903,58.088420,4.082223,1.520735,0.000000
8.747298,10.871485,57.599119,3872.362131,-1.776699,58.093972,4.144464,1.543922,0.000000
8.764427,10.899329,57.484911,3871.182135,-1.813605,58.099535,4.209118,1.568007,0.000000
8.781551,10.927168,57.369216,3869.991322,-1.849956,58.105107,4.275268,1.592650,0.000000
8.798670,10.955001,57.250170,3868.773336,-1.884939,58.110696,4.344986,1.618622,0.000000
8.815780,10.982829,57.129548,3867.540832,-1.919211,58.116294,4.416506,1.645265,0.000000
8.832879,11.010649,57.007093,3866.291461,-1.952659,58.121902,4.490120,1.672688,0.000000
8.849968,11.038464,56.881836,3865.012630,-1.984705,58.127526,4.567195,1.701400,0.000000
8.867052,11.066275,56.755319,3863.719342,-2.016071,58.133160,4.645911,1.730724,0.000000
8.884126,11.094077,56.626567,3862.399316,-2.046185,58.138812,4.727611,1.761159,0.000000
8.901193,11.121875,56.495875,3861.052693,-2.075082,58.144472,4.812134,1.792646,0.000000
8.918254,11.149669,56.364035,3859.689918,-2.103241,58.150138,4.898353,1.824765,0.000000
8.935303,11.177452,56.229712,3858.288222,-2.129652,58.155821,4.988503,1.858349,0.000000
8.952344,11.205229,56.094192,3856.864727,-2.155101,58.161513,5.080749,1.892713,0.000000
8.969374,11.233000,55.957388,3855.417885,-2.179519,58.167215,5.175240,1.927913,0.000000
8.986394,11.260759,55.818568,3853.928379,-2.202081,58.172934,5.273636,1.964568,0.000000
9.003409,11.288514,55.678891,3852.418559,-2.223768,58.178658,5.373824,2.001891,0.000000
9.020414,11.316259,55.537758,3850.872497,-2.243901,58.184392,5.477169,2.040389,0.000000
9.037407,11.343996,55.395362,3849.288780,-2.262439,58.190138,5.583628,2.080048,0.000000
9.054392,11.371727,55.252254,3847.682866,-2.280041,58.195892,5.691898,2.120382,0.000000
9.071360,11.399448,55.107719,3846.025352,-2.295493,58.201663,5.804215,2.162223,0.000000
9.088325,11.427159,54.962518,3844.337444,-2.309687,58.207440,5.918787,2.204904,0.000000
9.105287,11.454860,54.816660,3842.619527,-2.322639,58.213224,6.035583,2.248413,0.000000
9.122226,11.482556,54.669836,3840.843967,-2.333237,58.219024,6.156408,2.293424,0.000000
9.139159,11.510246,54.522665,3839.041759,-2.342758,58.224830,6.279006,2.339095,0.000000
9.156083,11.537922,54.374946,3837.193636,-2.350427,58.230645,6.404614,2.385887,0.000000
9.172993,11.565585,54.226856,3835.295602,-2.356093,58.236469,6.533275,2.433817,0.000000
9.189897,11.593241,54.078587,3833.369019,-2.360701,58.243681,6.663650,2.482385,0.523809
9.206783,11.620887,53.930097,3831.378365,-2.363389,58.261107,6.797690,2.532319,4.909944
9.223654,11.648529,53.781608,3829.348084,-2.364526,58.278739,6.933837,2.583037,7.000000
9.240509,11.676167,53.633118,3827.281733,-2.364250,58.296559,7.071901,2.634469,7.000000
9.257341,11.703789,53.484914,3825.142424,-2.361144,58.314757,7.213497,2.687217,7.000000
9.274161,11.731405,53.336939,3822.970395,-2.356776,58.333122,7.356544,2.740506,7.000000
9.290960,11.759013,53.189383,3820.743906,-2.350309,58.351763,7.501961,2.794678,7.000000
9.307740,11.786611,53.042524,3818.455481,-2.341478,58.370726,7.649755,2.849735,7.000000
9.324509,11.814203,52.896092,3816.132685,-2.331338,58.389866,7.798803,2.905259,7.000000
9.341252,11.841780,52.750761,3813.735286,-2.318367,58.409379,7.950317,2.961702,7.000000
9.357974,11.869352,52.606302,3811.289469,-2.303574,58.429132,8.103160,3.018640,7.000000
9.374679,11.896922,52.462574,3808.803032,-2.287251,58.449089,8.257119,3.075994,7.000000
9.391360,11.924469,52.320688,3806.230209,-2.267703,58.469474,8.412940,3.134041,7.000000
9.408027,11.952009,52.179710,3803.619924,-2.246761,58.490045,8.569367,3.192315,7.000000
9.424669,11.979542,52.040219,3800.949401,-2.223577,58.510917,8.726720,3.250933,7.000000
9.441288,12.007060,51.902721,3798.207464,-2.197764,58.532139,8.884704,3.309786,7.000000
9.457893,12.034570,51.766344,3795.427170,-2.170543,58.553548,9.042922,3.368726,7.000000
9.474473,12.062065,51.632467,3792.566546,-2.140386,58.575341,9.201295,3.427724,7.000000
9.491028,12.089549,51.500466,3789.651527,-2.108252,58.597399,9.359374,3.486613,7.000000
9.507564,12.117025,51.369916,3786.694477,-2.074592,58.619661,9.517225,3.545417,7.000000
9.524069,12.144483,51.242921,3783.643687,-2.037546,58.642373,9.673840,3.603760,7.000000
9.540559,12.171933,51.117537,3780.553798,-1.999104,58.665272,9.829640,3.661799,7.000000
9.557026,12.199372,50.994676,3777.403162,-1.958495,58.688462,9.984134,3.719352,7.000000
9.573464,12.226791,50.875180,3774.177818,-1.915234,58.712002,10.136359,3.776060,7.000000
9.589885,12.254199,50.757498,3770.913771,-1.870607,58.735725,10.287246,3.832270,7.000000
9.606270,12.281588,50.643653,3767.571681,-1.823236,58.759817,10.435020,3.887319,7.000000
9.622634,12.308961,50.532719,3764.174841,-1.773966,58.784163,10.580050,3.941347,7.000000
9.638982,12.336325,50.423855,3760.739069,-1.723343,58.808687,10.723130,3.994648,7.000000
9.655286,12.363663,50.320231,3757.212727,-1.669606,58.833633,10.860668,4.045885,7.000000
9.671573,12.390994,50.218859,3753.650390,-1.614646,58.858744,10.995583,4.096144,7.000000
9.687833,12.418313,50.120879,3750.033984,-1.557852,58.884102,11.126538,4.144928,7.000000
9.704063,12.445608,50.027571,3746.349171,-1.498772,58.909770,11.251583,4.191511,7.000000
9.720275,12.472889,49.936685,3742.630400,-1.438566,58.935590,11.373454,4.236911,7.000000
9.736447,12.500146,49.850691,3738.845937,-1.376201,58.961707,11.488693,4.279840,7.000000
9.752597,12.527388,49.768544,3735.014325,-1.312317,58.988031,11.598406,4.320712,7.000000
9.768731,12.554619,49.688968,3731.151251,-1.247420,59.014495,11.704421,4.360205,7.000000
9.784816,12.581819,49.615908,3727.215560,-1.180243,59.041282,11.800596,4.396033,7.000000
9.800880,12.609009,49.545644,3723.251770,-1.112208,59.068188,11.892374,4.430222,7.000000
9.816914,12.636184,49.479357,3719.248019,-1.042950,59.095263,11.977897,4.462082,7.000000
9.832913,12.663329,49.418741,3715.193280,-0.972204,59.122553,12.054189,4.490503,7.000000
9.848892,12.690460,49.360961,3711.114656,-0.900776,59.149942,12.125791,4.517176,7.000000
9.864833,12.717566,49.308697,3706.992109,-0.828123,59.177512,12.188152,4.540407,7.000000
9.880746,12.744653,49.260933,3702.838325,-0.754655,59.205207,12.242810,4.560769,7.000000
9.896641,12.771727,49.216081,3698.664542,-0.680669,59.232983,12.292477,4.579271,7.000000
9.912487,12.798770,49.178310,3694.448740,-0.605704,59.260916,12.329831,4.593187,7.000000
9.928312,12.825798,49.143718,3690.217193,-0.530424,59.288906,12.361587,4.605016,7.000000
9.944109,12.852804,49.113284,3685.965042,-0.454731,59.316971,12.386014,4.614116,7.000000
9.959863,12.879784,49.089030,3681.688424,-0.378677,59.345110,12.399513,4.619145,7.000000
9.975597,12.906749,49.067756,3677.401743,-0.302524,59.373276,12.407734,4.622207,7.000000
9.991293,12.933686,49.052072,3673.098374,-0.226281,59.401485,12.406043,4.621577,7.000000
10.006957,12.960603,49.041132,3668.785512,-0.150146,59.429707,12.395991,4.617833,7.000000
10.022600,12.987507,49.033158,3664.467063,-0.074095,59.457934,12.380715,4.612142,7.000000
10.038196,13.014369,49.032112,3660.141532,0.001503,59.486143,12.353334,4.601942,7.000000
10.053769,13.041217,49.034330,3655.815879,0.076754,59.514329,12.320330,4.589647,7.000000
10.069315,13.068047,49.040483,3651.490078,0.151588,59.542488,12.280549,4.574828,7.000000
10.084818,13.094846,49.052714,3647.170097,0.225514,59.570566,12.230507,4.556186,7.000000
10.100300,13.121629,49.067769,3642.854646,0.298941,59.598600,12.175769,4.535794,7.000000
10.115746,13.148384,49.087952,3638.549254,0.371387,59.626546,12.112586,4.512257,7.000000
10.131162,13.175119,49.112647,3634.257321,0.442770,59.654384,12.042199,4.486036,7.000000
10.146560,13.201840,49.140069,3629.973997,0.513490,59.682154,11.967486,4.458203,7.000000
10.161905,13.228520,49.173623,3625.715336,0.582490,59.709755,11.883341,4.426857,7.000000
10.177226,13.255186,49.210199,3621.472064,0.650502,59.737253,11.794746,4.393853,7.000000
10.192521,13.281834,49.250132,3617.245885,0.717415,59.764635,11.701207,4.359008,7.000000
10.207778,13.308450,49.295466,3613.053111,0.782305,59.791808,11.600118,4.321349,7.000000
10.223015,13.335051,49.343212,3608.877178,0.846208,59.818876,11.495785,4.282483,7.000000
10.238216,13.361625,49.395187,3604.732306,0.908316,59.845750,11.385869,4.241536,7.000000
10.253383,13.388173,49.451031,3600.620370,0.968575,59.872427,11.271202,4.198819,7.000000
10.268530,13.414706,49.509128,3596.528227,1.027732,59.898985,11.153813,4.155089,7.000000
10.283637,13.441211,49.572094,3592.483728,1.084301,59.925258,11.030902,4.109301,7.000000
10.298719,13.467697,49.637559,3588.467015,1.139387,59.951370,10.905417,4.062555,7.000000
10.313776,13.494164,49.705581,3584.478753,1.192954,59.977317,10.777296,4.014826,7.000000
10.328794,13.520598,49.777876,3580.544105,1.243724,60.002955,10.645256,3.965638,7.000000
10.343794,13.547018,49.851998,3576.634487,1.293202,60.028449,10.511702,3.915886,7.000000
10.358763,13.573416,49.929226,3572.768623,1.340428,60.053695,10.375680,3.865214,7.000000
10.373697,13.599792,50.009365,3568.948868,1.385318,60.078679,10.237722,3.813821,7.000000
10.388612,13.626155,50.091134,3565.155729,1.428863,60.103514,10.098742,3.762047,7.000000
10.403493,13.652484,50.176282,3561.422596,1.469410,60.128020,9.958002,3.709618,7.000000
10.418352,13.678797,50.263218,3557.725069,1.508194,60.152329,9.816616,3.656948,7.000000
10.433190,13.705095,50.351843,3554.061155,1.545313,60.176453,9.674621,3.604051,7.000000
10.447987,13.731365,50.443357,3550.462070,1.579261,60.200220,9.532096,3.550957,7.000000
10.462769,13.757619,50.536035,3546.891840,1.611808,60.223830,9.389540,3.497851,7.000000
10.477525,13.783848,50.630618,3543.370131,1.642004,60.247176,9.247019,3.444758,7.000000
10.492250,13.810059,50.727010,3539.900955,1.669673,60.270241,9.104956,3.391836,7.000000
10.506957,13.836259,50.824364,3536.461043,1.695939,60.293149,8.963218,3.339035,7.000000
10.521632,13.862432,50.923597,3533.084315,1.719198,60.315725,8.822489,3.286609,7.000000
10.536283,13.888591,51.023815,3529.746494,1.740617,60.338094,8.682636,3.234510,7.000000
10.550914,13.914739,51.124890,3526.442531,1.760436,60.360281,8.543545,3.182695,7.000000
10.565515,13.940857,51.227389,3523.206726,1.777067,60.382116,8.406393,3.131602,7.000000
10.580100,13.966963,51.330397,3520.000112,1.792339,60.403799,8.270205,3.080869,7.000000
10.594656,13.993047,51.434205,3516.840936,1.805403,60.425234,8.135625,3.030734,7.000000
10.609188,14.019114,51.538681,3513.735214,1.816006,60.446394,8.003117,2.981372,7.000000
10.623707,14.045170,51.643475,3510.658288,1.825286,60.467405,7.871774,2.932443,7.000000
10.638194,14.071205,51.748780,3507.641442,1.831815,60.488108,7.743031,2.884483,7.000000
10.652663,14.097226,51.854259,3504.663333,1.836587,60.508619,7.616122,2.837206,7.000000
10.667118,14.123235,51.959877,3501.716283,1.839952,60.528977,7.490685,2.790477,7.000000
10.681538,14.149221,52.065519,3498.835096,1.840360,60.548998,7.368615,2.745003,7.000000
10.695944,14.175194,52.171074,3495.981210,1.839548,60.568887,7.248024,2.700079,7.000000
10.710331,14.201148,52.276472,3493.170274,1.836816,60.588568,7.129775,2.656029,7.000000
10.724693,14.227092,52.381472,3490.410039,1.831844,60.607999,7.014450,2.613067,7.000000
10.739042,14.253027,52.486218,3487.676264,1.825707,60.627301,6.900683,2.570686,7.000000
10.753360,14.278937,52.590320,3484.996079,1.817223,60.646343,6.790161,2.529514,7.000000
10.767663,14.304835,52.693830,3482.352227,1.807160,60.665212,6.681935,2.489197,7.000000
10.781955,14.330726,52.796905,3479.735196,1.795932,60.683954,6.575404,2.449511,7.000000
10.796217,14.356592,52.898745,3477.178482,1.782113,60.702413,6.472831,2.411300,7.000000
10.810466,14.382451,52.999986,3474.646036,1.767263,60.720758,6.371902,2.373701,7.000000
10.824696,14.408298,53.100303,3472.150570,1.750840,60.738929,6.273483,2.337037,7.000000
10.838906,14.434130,53.199263,3469.701043,1.732483,60.756898,6.178277,2.301571,7.000000
10.853105,14.459954,53.297489,3467.274766,1.713151,60.774761,6.084718,2.266718,7.000000
10.867279,14.485763,53.394159,3464.894292,1.691909,60.792412,5.994453,2.233091,7.000000
10.881433,14.511561,53.489560,3462.546563,1.669324,60.809922,5.906601,2.200364,7.000000
10.895576,14.537352,53.584100,3460.221066,1.645827,60.827335,5.820387,2.168247,7.000000
10.909693,14.563124,53.676317,3457.948831,1.620163,60.844509,5.738191,2.137627,7.000000
10.923800,14.588885,53.767515,3455.697436,1.593663,60.861598,5.657601,2.107605,7.000000
10.937892,14.614632,53.857211,3453.476792,1.565930,60.878560,5.579381,2.078466,7.000000
10.951963,14.640368,53.944746,3451.296439,1.536598,60.895350,5.504330,2.050508,7.000000
10.966025,14.666100,54.031162,3449.135883,1.506488,60.912057,5.430852,2.023135,7.000000
10.980067,14.691821,54.115326,3447.013307,1.474901,60.928612,5.360420,1.996898,7.000000
10.994090,14.717531,54.197633,3444.919383,1.442215,60.945055,5.292329,1.971532,7.000000
11.008100,14.743234,54.278720,3442.844222,1.408809,60.961424,5.225773,1.946738,7.000000
11.022092,14.768918,54.356711,3440.813003,1.373738,60.977615,5.162876,1.923307,7.000000
11.036073,14.794596,54.433305,3438.800099,1.337988,60.993740,5.101532,1.900455,7.000000
11.050039,14.820268,54.508001,3436.812071,1.301314,61.009774,5.042300,1.878389,7.000000
11.063985,14.845923,54.579848,3434.858461,1.263383,61.025679,4.986042,1.857432,7.000000
11.077921,14.871573,54.650279,3432.921268,1.224863,61.041525,4.931220,1.837009,7.000000
11.091838,14.897213,54.717983,3431.014741,1.185249,61.057264,4.879102,1.817594,7.000000
11.105742,14.922845,54.783342,3429.132611,1.144779,61.072917,4.829180,1.798996,7.000000
11.119639,14.948472,54.847208,3427.265913,1.103768,61.088514,4.780648,1.780917,7.000000
11.133512,14.974081,54.907448,3425.434488,1.061549,61.103997,4.735362,1.764047,7.000000
11.147373,14.999687,54.965960,3423.618707,1.018811,61.119433,4.691547,1.747725,7.000000
11.161221,15.025289,55.022309,3421.822484,0.975426,61.134809,4.649573,1.732088,7.000000
11.175053,15.050876,55.075283,3420.054815,0.931105,61.150096,4.610354,1.717478,7.000000
11.188877,15.076456,55.126626,3418.300357,0.886362,61.165342,4.572431,1.703351,7.000000
11.202687,15.102028,55.174930,3416.569907,0.840866,61.180518,4.536888,1.690110,7.000000
11.216481,15.127591,55.220511,3414.859550,0.794756,61.195640,4.503397,1.677634,7.000000
11.230264,15.153149,55.264411,3413.161468,0.748274,61.210731,4.471165,1.665627,7.000000
11.244024,15.178701,55.304343,3411.490720,0.700985,61.225756,4.441816,1.654693,7.000000
11.257775,15.204245,55.342284,3409.832801,0.653332,61.240750,4.413869,1.644282,7.000000
11.271516,15.229778,55.377931,3408.189661,0.605260,61.255707,4.387536,1.634473,7.000000
11.285241,15.255307,55.409805,3406.569209,0.556578,61.270620,4.363784,1.625624,7.000000
11.298958,15.280830,55.439908,3404.958910,0.507632,61.285515,4.341219,1.617218,7.000000
11.312662,15.306345,55.466808,3403.366536,0.458225,61.300377,4.320782,1.609605,7.000000
11.326348,15.331852,55.490700,3401.789838,0.408437,61.315210,4.302299,1.602720,7.000000
11.340025,15.357353,55.512795,3400.222379,0.358427,61.330027,4.284980,1.596268,7.000000
11.353685,15.382842,55.530772,3398.674863,0.307974,61.344821,4.270283,1.590793,7.000000
11.367336,15.408329,55.546554,3397.137156,0.257320,61.359606,4.256956,1.585828,7.000000
11.380977,15.433813,55.560007,3395.609867,0.206454,61.374381,4.245082,1.581405,7.000000
11.394601,15.459279,55.569416,3394.099244,0.155281,61.389145,4.235698,1.577909,7.000000
11.408215,15.484744,55.576983,3392.595764,0.103989,61.403907,4.227438,1.574832,7.000000
11.421812,15.510209,55.581325,3391.104491,0.052502,61.418669,4.221144,1.572487,7.000000
11.435401,15.535660,55.582474,3389.624217,0.000875,61.433436,4.216777,1.570861,7.000000
11.448983,15.561106,55.581771,3388.150167,-0.050826,61.448206,4.213527,1.569650,7.000000
11.462542,15.586552,55.576940,3386.688958,-0.102645,61.462988,4.212753,1.569361,7.000000
11.476092,15.611988,55.569791,3385.234195,-0.154496,61.477782,4.213369,1.569591,7.000000
11.489633,15.637415,55.560374,3383.785743,-0.206377,61.492588,4.215346,1.570327,7.000000
11.503156,15.662837,55.546779,3382.347513,-0.258259,61.507417,4.219824,1.571996,7.000000
11.516672,15.688253,55.531335,3380.913338,-0.310113,61.522264,4.225416,1.574079,7.000000
11.530175,15.713662,55.512751,3379.485814,-0.361907,61.537146,4.232900,1.576866,7.000000
11.543665,15.739065,55.490889,3378.064116,-0.413602,61.552059,4.242368,1.580394,7.000000
11.557146,15.764467,55.467185,3376.645506,-0.465232,61.566991,4.252955,1.584338,7.000000
11.570605,15.789862,55.439496,3375.232625,-0.516669,61.581973,4.265985,1.589192,7.000000
11.584058,15.815251,55.409435,3373.822317,-0.567951,61.596991,4.280486,1.594594,7.000000
11.597504,15.840635,55.377235,3372.414330,-0.619093,61.612041,4.296315,1.600490,7.000000
11.610933,15.866006,55.340869,3371.009366,-0.669903,61.627156,4.314768,1.607365,7.000000
11.624353,15.891375,55.302708,3369.605152,-0.720544,61.642305,4.334372,1.614667,7.000000
11.637756,15.916739,55.261591,3368.201978,-0.770897,61.657512,4.355874,1.622678,7.000000
11.651145,15.942099,55.217238,3366.798692,-0.820875,61.672789,4.379504,1.631480,7.000000
11.664526,15.967454,55.171120,3365.395095,-0.870639,61.688105,4.404303,1.640719,7.000000
11.677891,15.992794,55.121281,3363.989853,-0.919908,61.703506,4.431606,1.650890,7.000000
11.691246,16.018133,55.069109,3362.582582,-0.968817,61.718966,4.460523,1.661662,7.000000
11.704592,16.043472,55.014997,3361.173624,-1.017428,61.734474,4.490784,1.672935,7.000000
11.717921,16.068800,54.956891,3359.759404,-1.065343,61.750101,4.523894,1.685270,7.000000
11.731242,16.094122,54.897110,3358.342271,-1.112934,61.765781,4.558233,1.698062,7.000000
11.744551,16.119436,54.834657,3356.920330,-1.160004,61.781546,4.594538,1.711586,7.000000
11.757840,16.144746,54.769132,3355.491302,-1.206404,61.797411,4.633189,1.725985,7.000000
11.771121,16.170053,54.701982,3354.058173,-1.252432,61.813333,4.673097,1.740851,7.000000
11.784386,16.195355,54.631510,3352.615542,-1.297647,61.829386,4.715638,1.756699,7.000000
11.797640,16.220649,54.558844,3351.165343,-1.342269,61.845528,4.759988,1.773221,7.000000
11.810886,16.245938,54.484499,3349.709347,-1.386437,61.861738,4.805724,1.790259,7.000000
11.824114,16.271216,54.406494,3348.238383,-1.429505,61.878106,4.854609,1.808470,7.000000
11.837332,16.296490,54.327007,3346.760385,-1.472085,61.894549,4.904826,1.827177,7.000000
11.850534,16.321760,54.245231,3345.271399,-1.513903,61.911110,4.957107,1.846653,7.000000
11.863722,16.347021,54.160699,3343.767053,-1.554712,61.927817,5.011996,1.867100,7.000000
11.876901,16.372276,54.074757,3342.254330,-1.594980,61.944603,5.068248,1.888056,7.000000
11.890059,16.397522,53.986013,3340.723656,-1.634111,61.961552,5.127280,1.910047,7.000000
11.903210,16.422763,53.895339,3339.178768,-1.672378,61.978623,5.188336,1.932792,7.000000
11.916356,16.448003,53.803306,3337.623858,-1.710036,61.995779,5.250817,1.956068,7.000000
11.929471,16.473229,53.708156,3336.042643,-1.746142,62.013164,5.316759,1.980633,7.000000
11.942578,16.498451,53.611790,3334.449761,-1.781578,62.030641,5.384129,2.005730,7.000000
11.955674,16.523665,53.513603,3332.839366,-1.816010,62.048255,5.453637,2.031623,7.000000
11.968755,16.548874,53.413140,3331.203944,-1.849049,62.066068,5.525995,2.058579,7.000000
11.981827,16.574079,53.311557,3329.555361,-1.881365,62.083985,5.599800,2.086073,7.000000
11.994879,16.599274,53.207831,3327.879839,-1.912212,62.102106,5.676471,2.114635,7.000000
12.007915,16.624462,53.102580,3326.182297,-1.941884,62.120390,5.755334,2.144013,7.000000
12.020942,16.649644,52.996316,3324.470066,-1.970773,62.138784,5.835657,2.173936,7.000000
12.033943,16.674815,52.887741,3322.719453,-1.997654,62.157456,5.919561,2.205192,7.000000
12.046937,16.699977,52.778271,3320.951682,-2.023656,62.176248,6.004965,2.237007,7.000000
12.059920,16.725128,52.667540,3319.159720,-2.048419,62.195209,6.092484,2.269611,7.000000
12.072883,16.750274,52.555207,3317.331794,-2.071365,62.214421,6.182950,2.303312,7.000000
12.085834,16.775417,52.442130,3315.485549,-2.093394,62.233758,6.274863,2.337551,7.000000
12.098760,16.800549,52.327689,3313.603183,-2.113626,62.253339,6.369543,2.372822,7.000000
12.111675,16.825674,52.212278,3311.690051,-2.132350,62.273125,6.466426,2.408914,7.000000
12.124582,16.850793,52.096249,3309.757018,-2.150099,62.293042,6.564725,2.445533,7.000000
12.137465,16.875895,51.978938,3307.773971,-2.165431,62.313293,6.666356,2.483393,7.000000
12.150334,16.900990,51.861148,3305.767352,-2.179637,62.333695,6.769444,2.521796,7.000000
12.163185,16.926079,51.742735,3303.730149,-2.192382,62.354291,6.874420,2.560902,7.000000
12.176016,16.951157,51.623596,3301.645387,-2.202882,62.375197,6.982105,2.601018,7.000000
12.188836,16.976229,51.504164,3299.537134,-2.212280,62.396251,7.091058,2.641606,7.000000
12.201637,17.001286,51.384254,3297.384156,-2.219592,62.417581,7.202344,2.683062,7.000000
12.214422,17.026331,51.264100,3295.191359,-2.225067,62.439161,7.315513,2.725221,7.000000
12.227196,17.051369,51.143806,3292.973595,-2.229390,62.460899,7.429847,2.767813,7.000000
12.239935,17.076395,51.023388,3290.695330,-2.230944,62.483005,7.546747,2.811362,7.000000
12.252665,17.101413,50.903027,3288.387003,-2.231139,62.505294,7.664774,2.855330,7.000000
12.265385,17.126420,50.782734,3286.042752,-2.229711,62.527801,7.784146,2.899799,7.000000
12.278072,17.151417,50.662780,3283.639988,-2.225653,62.550658,7.905410,2.944973,7.000000
12.290748,17.176405,50.543057,3281.209217,-2.220347,62.573683,8.027485,2.990449,7.000000
12.303405,17.201374,50.423823,3278.726921,-2.212753,62.597018,8.150958,3.036446,7.000000
12.316037,17.226331,50.305209,3276.196713,-2.203046,62.620636,8.275472,3.082831,7.000000
12.328655,17.251281,50.186989,3273.637400,-2.192057,62.644427,8.400590,3.129441,7.000000
12.341249,17.276213,50.069892,3271.010037,-2.178097,62.668614,8.526807,3.176460,7.000000
12.353826,17.301136,49.953498,3268.347129,-2.162595,62.693006,8.653393,3.223617,7.000000
12.366383,17.326049,49.837880,3265.645076,-2.145395,62.717625,8.780384,3.270924,7.000000
12.378912,17.350940,49.723816,3262.876307,-2.125333,62.742629,8.907662,3.318339,7.000000
12.391429,17.375823,49.610545,3260.076656,-2.103952,62.767811,9.034936,3.365751,7.000000
12.403923,17.400693,49.498736,3257.222096,-2.080230,62.793307,9.162100,3.413123,7.000000
12.416395,17.425545,49.388518,3254.314352,-2.054265,62.819101,9.288805,3.460324,7.000000
12.428854,17.450387,49.279260,3251.375347,-2.026985,62.845070,9.415189,3.507406,7.000000
12.441273,17.475213,49.172351,3248.365901,-1.996758,62.871443,9.540476,3.554078,7.000000
12.453677,17.500023,49.066866,3245.317961,-1.964933,62.898028,9.664879,3.600422,7.000000
12.466064,17.524817,48.962827,3242.230936,-1.931486,62.924827,9.788385,3.646431,7.000000
12.478418,17.549594,48.861602,3239.074382,-1.895190,62.952010,9.909757,3.691645,7.000000
12.490759,17.574360,48.761722,3235.886835,-1.857631,62.979365,10.029985,3.736433,7.000000
12.503078,17.599104,48.664199,3232.646052,-1.817905,63.007016,10.148139,3.780449,7.000000
12.515365,17.623831,48.569255,3229.351805,-1.776035,63.034956,10.263742,3.823514,7.000000
12.527636,17.648547,48.475811,3226.027223,-1.732952,63.063060,10.377819,3.866011,7.000000
12.539873,17.673241,48.385820,3222.636922,-1.687261,63.091520,10.488142,3.907109,7.000000
12.552088,17.697918,48.297955,3219.209316,-1.640111,63.120177,10.595958,3.947273,7.000000
12.564281,17.722581,48.212081,3215.746788,-1.591594,63.149019,10.701427,3.986563,7.000000
12.576452,17.747209,48.130256,3212.219628,-1.539351,63.157909,10.801777,4.023946,2.962255
12.588610,17.771824,48.050296,3208.664902,-1.485954,63.165075,10.899655,4.060408,0.000000
12.600747,17.796418,47.973488,3205.064431,-1.430826,63.172237,10.993309,4.095297,0.000000
12.612871,17.820984,47.900219,3201.416811,-1.373941,63.179399,11.081980,4.128329,0.000000
12.624985,17.845534,47.828937,3197.743498,-1.316108,63.186560,11.167814,4.160305,0.000000
12.637072,17.870046,47.762023,3194.017006,-1.256356,63.193716,11.247239,4.189893,0.000000
12.649145,17.894538,47.697905,3190.259603,-1.195514,63.200868,11.322423,4.217901,0.000000
12.661207,17.919013,47.636198,3186.475528,-1.133733,63.208017,11.393948,4.244546,0.000000
12.673239,17.943446,47.579509,3182.641094,-1.070247,63.215167,11.457607,4.268260,0.000000
12.685261,17.967862,47.525021,3178.786535,-1.006105,63.222314,11.517747,4.290664,0.000000
12.697267,17.992249,47.474117,3174.899768,-0.940921,63.229457,11.572146,4.310929,0.000000
12.709253,18.016608,47.427385,3170.979633,-0.874723,63.236596,11.619722,4.328652,0.000000
12.721229,18.040950,47.382915,3167.042240,-0.808017,63.243731,11.663575,4.344989,0.000000
12.733178,18.065256,47.343227,3163.071234,-0.740376,63.250862,11.699480,4.358364,0.000000
12.745113,18.089537,47.306722,3159.080931,-0.672254,63.257989,11.730044,4.369750,0.000000
12.757037,18.113798,47.272749,3155.075287,-0.603749,63.265113,11.756360,4.379554,0.000000
12.768931,18.138012,47.244292,3151.041360,-0.534671,63.272232,11.773336,4.385877,0.000000
12.780812,18.162210,47.218165,3146.997490,-0.465447,63.279350,11.786364,4.390731,0.000000
12.792674,18.186383,47.195702,3142.938322,-0.396009,63.286468,11.793190,4.393274,0.000000
12.804516,18.210519,47.177664,3138.864781,-0.326522,63.293576,11.792516,4.393022,0.000000
12.816347,18.234635,47.161946,3134.784632,-0.257053,63.300681,11.787919,4.391310,0.000000
12.828152,18.258715,47.150962,3130.693534,-0.187739,63.307780,11.775344,4.386626,0.000000
12.839942,18.282769,47.143259,3126.597916,-0.118690,63.314876,11.757297,4.379902,0.000000
12.851722,18.306805,47.137958,3122.498992,-0.049834,63.321969,11.735244,4.371687,0.000000
12.863471,18.330792,47.138155,3118.397675,0.018315,63.329056,11.704125,4.360095,0.000000
12.875208,18.354761,47.140582,3114.297413,0.086081,63.336140,11.669394,4.347156,0.000000
12.886925,18.378703,47.146397,3110.198902,0.153257,63.343220,11.629177,4.332174,0.000000
12.898617,18.402610,47.156481,3106.106719,0.219469,63.350296,11.582201,4.314675,0.000000
12.910299,18.426499,47.168723,3102.018746,0.285144,63.357369,11.531849,4.295917,0.000000
12.921959,18.450347,47.185209,3097.941276,0.349651,63.364437,11.474937,4.274716,0.000000
12.933601,18.474169,47.204762,3093.874465,0.413159,63.371501,11.413443,4.251808,0.000000
12.945231,18.497973,47.226388,3089.814868,0.475990,63.378563,11.348852,4.227746,0.000000
12.956835,18.521727,47.252955,3085.777657,0.536939,63.385618,11.277119,4.201024,0.000000
12.968427,18.545463,47.281463,3081.751315,0.597040,63.392671,11.202703,4.173302,0.000000
12.980000,18.569173,47.312812,3077.740884,0.655902,63.399720,11.124359,4.144117,0.000000
12.991548,18.592848,47.347870,3073.755457,0.712927,63.406764,11.041122,4.113108,0.000000
13.003084,18.616505,47.384733,3069.783320,0.768998,63.413806,10.955568,4.081237,0.000000
13.014601,18.640127,47.425029,3065.838443,0.823148,63.420842,10.865726,4.047769,0.000000
13.026099,18.663719,47.467897,3061.917177,0.875698,63.427879,10.772880,4.013181,0.000000
13.037583,18.687290,47.512440,3058.011420,0.927200,63.434915,10.678085,3.977868,0.000000
13.049044,18.710825,47.560819,3054.146163,0.976024,63.441939,10.579125,3.941003,0.000000
13.060493,18.734339,47.610771,3050.299808,1.023633,63.448964,10.478605,3.903556,0.000000
13.071929,18.757823,47.662841,3046.478902,1.069606,63.455988,10.375984,3.865327,0.000000
13.083333,18.781271,47.717766,3042.696986,1.113123,63.463006,10.270813,3.826148,0.000000
13.094726,18.804703,47.774022,3038.934591,1.155424,63.470023,10.164534,3.786556,0.000000
13.106105,18.828107,47.832714,3035.209936,1.195388,63.477034,10.056343,3.746252,0.000000
13.117464,18.851482,47.893283,3031.518024,1.233360,63.484046,9.946912,3.705487,0.000000
13.128810,18.874839,47.955028,3027.846911,1.270068,63.491057,9.836720,3.664437,0.000000
13.140133,18.898155,48.019335,3024.226596,1.303728,63.498062,9.725179,3.622885,0.000000
13.151444,18.921450,48.084716,3020.630611,1.335948,63.505068,9.613236,3.581183,0.000000
13.162742,18.944722,48.151430,3017.064790,1.366382,63.512073,9.500796,3.539296,0.000000
13.174018,18.967962,48.219971,3013.546327,1.394049,63.519078,9.387997,3.497276,0.000000
13.185282,18.991186,48.289312,3010.050600,1.420396,63.526082,9.275144,3.455235,0.000000
13.196523,19.014382,48.360054,3006.597077,1.444301,63.533081,9.162312,3.413202,0.000000
13.207752,19.037554,48.431869,3003.181305,1.466047,63.540080,9.049775,3.371279,0.000000
13.218972,19.060710,48.504325,2999.788720,1.486469,63.547079,8.937444,3.329433,0.000000
13.230163,19.083825,48.578050,2996.450295,1.503832,63.554078,8.825894,3.287878,0.000000
13.241345,19.106925,48.652292,2993.138964,1.519677,63.561074,8.714899,3.246529,0.000000
13.252517,19.130009,48.727126,2989.858580,1.533788,63.568067,8.604537,3.205416,0.000000
13.263667,19.153054,48.802691,2986.628801,1.545094,63.575065,8.495489,3.164793,0.000000
13.274808,19.176085,48.878529,2983.422468,1.555109,63.582064,8.387132,3.124427,0.000000
13.285930,19.199094,48.954804,2980.258179,1.562816,63.589063,8.280080,3.084548,0.000000
13.297035,19.222077,49.031313,2977.133082,1.568391,63.596058,8.174427,3.045189,0.000000
13.308130,19.245045,49.107942,2974.031271,1.572703,63.603051,8.069625,3.006148,0.000000
13.319208,19.267984,49.184674,2970.981980,1.574188,63.610050,7.966923,2.967889,0.000000
13.330274,19.290906,49.261346,2967.960317,1.574202,63.617049,7.865436,2.930082,0.000000
13.341327,19.313807,49.337953,2964.967745,1.572667,63.624048,7.765227,2.892751,0.000000
13.352363,19.336681,49.414241,2962.025104,1.568496,63.631053,7.667396,2.856307,0.000000
13.363390,19.359543,49.490319,2959.104869,1.563151,63.638058,7.570688,2.820281,0.000000
13.374399,19.382382,49.565986,2956.223560,1.555770,63.645063,7.475968,2.784995,0.000000
13.385395,19.405199,49.641101,2953.380259,1.546430,63.652069,7.383309,2.750477,0.000000
13.396383,19.428004,49.715874,2950.558815,1.535966,63.659075,7.291852,2.716407,0.000000
13.407349,19.450781,49.789743,2947.785211,1.523058,63.666086,7.203134,2.683357,0.000000
13.418304,19.473541,49.862998,2945.038156,1.508809,63.673098,7.116010,2.650901,0.000000
13.429251,19.496286,49.935658,2942.316873,1.493257,63.680109,7.030435,2.619022,0.000000
13.440180,19.519003,50.007044,2939.642244,1.475375,63.687127,6.947787,2.588233,0.000000
13.451100,19.541709,50.077804,2936.987930,1.456487,63.694146,6.866454,2.557935,0.000000
13.462003,19.564398,50.147474,2934.367854,1.435910,63.701170,6.787356,2.528469,0.000000
13.472897,19.587064,50.215873,2931.782889,1.413628,63.708195,6.710637,2.499889,0.000000
13.483784,19.609719,50.283537,2929.217481,1.390400,63.715219,6.635257,2.471808,0.000000
13.494649,19.632351,50.349498,2926.693718,1.365167,63.722250,6.562797,2.444815,0.000000
13.505504,19.654970,50.414348,2924.194352,1.338780,63.729283,6.492105,2.418480,0.000000
13.516350,19.677578,50.478204,2921.716818,1.311360,63.736320,6.422994,2.392734,0.000000
13.527185,19.700156,50.539958,2919.281112,1.281985,63.743362,6.357009,2.368153,0.000000
13.538010,19.722726,50.600746,2916.863087,1.251797,63.750407,6.292379,2.344077,0.000000
13.548819,19.745283,50.659927,2914.473971,1.220286,63.757457,6.229976,2.320830,0.000000
13.559614,19.767817,50.717227,2912.116053,1.187365,63.764506,6.170047,2.298505,0.000000
13.570402,19.790339,50.773477,2909.774970,1.153688,63.771557,6.111468,2.276683,0.000000
13.581179,19.812840,50.827427,2907.468778,1.118461,63.778618,6.055738,2.255922,0.000000
13.591946,19.835327,50.879834,2905.184147,1.082297,63.785683,6.001823,2.235837,0.000000
13.602705,19.857803,50.930970,2902.917299,1.045360,63.792751,5.949403,2.216309,0.000000
13.613439,19.880261,50.979314,2900.686567,1.006883,63.799825,5.900113,2.197947,0.000000
13.624171,19.902709,51.026436,2898.470649,0.967786,63.806902,5.852142,2.180077,0.000000
13.634898,19.925141,51.071600,2896.278227,0.927710,63.813982,5.806270,2.162988,0.000000
13.645606,19.947554,51.114378,2894.112452,0.886547,63.821067,5.762856,2.146815,0.000000
13.656306,19.969957,51.155871,2891.960601,0.844822,63.828155,5.720743,2.131127,0.000000
13.666996,19.992339,51.194650,2889.836828,0.801982,63.835248,5.681307,2.116436,0.000000
13.677675,20.014710,51.231536,2887.731331,0.758441,63.842345,5.643676,2.102418,0.000000
13.688346,20.037073,51.266982,2885.639715,0.714366,63.849444,5.607414,2.088909,0.000000
13.698998,20.059418,51.299113,2883.577930,0.669171,63.856556,5.574209,2.076539,0.000000
13.709645,20.081752,51.329837,2881.527989,0.623547,63.863670,5.542263,2.064639,0.000000
13.720285,20.104072,51.358385,2879.496263,0.577267,63.870788,5.512259,2.053461,0.000000
13.730910,20.126376,51.384159,2877.486187,0.530234,63.877916,5.484663,2.043181,0.000000
13.741528,20.148673,51.408486,2875.487045,0.482828,63.885046,5.458309,2.033364,0.000000
13.752136,20.170954,51.429866,2873.509305,0.434713,63.892177,5.434449,2.024475,0.000000
13.762733,20.193221,51.449087,2871.546139,0.386136,63.899315,5.412373,2.016252,0.000000
13.773323,20.215478,51.466801,2869.593156,0.337236,63.906458,5.391546,2.008493,0.000000
13.783900,20.237716,51.480820,2867.663263,0.287653,63.913607,5.373706,2.001847,0.000000
13.794469,20.259946,51.493320,2865.742166,0.237826,63.920762,5.357073,1.995651,0.000000
13.805027,20.282165,51.503552,2863.834185,0.187636,63.927924,5.342242,1.990126,0.000000
13.815575,20.304369,51.510748,2861.942396,0.137040,63.935091,5.329789,1.985487,0.000000
13.826117,20.326564,51.516408,2860.058464,0.086255,63.942260,5.318532,1.981293,0.000000
13.836644,20.348739,51.519033,2858.189388,0.035131,63.949434,5.309622,1.977974,0.000000
13.847163,20.370906,51.519324,2856.330747,-0.016194,63.956617,5.302501,1.975321,0.000000
13.857677,20.393068,51.518064,2854.479011,-0.067653,63.963804,5.296567,1.973111,0.000000
13.868178,20.415206,51.513001,2852.642637,-0.119359,63.970997,5.293522,1.971976,0.000000
13.878672,20.437338,51.506329,2850.812098,-0.171128,63.978195,5.291695,1.971295,0.000000
13.889155,20.459463,51.497406,2848.989715,-0.222985,63.985401,5.291568,1.971248,0.000000
13.899622,20.481567,51.485314,2847.177500,-0.274898,63.992612,5.293834,1.972092,0.000000
13.910084,20.503664,51.471663,2845.369924,-0.326820,63.999826,5.297275,1.973374,0.000000
13.920535,20.525751,51.455028,2843.570694,-0.378726,64.007044,5.302971,1.975496,0.000000
13.930979,20.547823,51.435975,2841.777205,-0.430562,64.014270,5.310498,1.978300,0.000000
13.941417,20.569885,51.415370,2839.987347,-0.482350,64.021501,5.319200,1.981542,0.000000
13.951844,20.591935,51.391071,2838.204696,-0.533949,64.028745,5.330717,1.985832,0.000000
13.962262,20.613973,51.365111,2836.424570,-0.585423,64.035988,5.343508,1.990597,0.000000
13.972670,20.635998,51.337015,2834.647690,-0.636735,64.043232,5.357940,1.995974,0.000000
13.983067,20.658012,51.305750,2832.874227,-0.687730,64.050486,5.374831,2.002266,0.000000
13.993458,20.680020,51.272974,2831.101976,-0.738552,64.057743,5.392904,2.008999,0.000000
14.003834,20.702013,51.237390,2829.331468,-0.789023,64.065005,5.413189,2.016555,0.000000
14.014202,20.723994,51.199416,2827.561315,-0.839129,64.072275,5.435383,2.024823,0.000000
14.024565,20.745967,51.159959,2825.791286,-0.889002,64.079551,5.458766,2.033534,0.000000
14.034916,20.767917,51.117069,2824.020071,-0.938265,64.086832,5.484942,2.043285,0.000000
14.045259,20.789861,51.072545,2822.247448,-0.987192,64.094118,5.512475,2.053542,0.000000
14.055592,20.811797,51.026083,2820.473156,-1.035721,64.101412,5.541615,2.064398,0.000000
14.065913,20.833718,50.976603,2818.694604,-1.083533,64.108705,5.573321,2.076209,0.000000
14.076230,20.855631,50.925727,2816.913556,-1.130982,64.116002,5.606233,2.088469,0.000000
14.086537,20.877531,50.872335,2815.127503,-1.177751,64.123308,5.641339,2.101547,0.000000
14.096832,20.899417,50.816694,2813.335586,-1.223844,64.130623,5.678457,2.115375,0.000000
14.107120,20.921297,50.759702,2811.539990,-1.269521,64.137941,5.716788,2.129654,0.000000
14.117396,20.943158,50.699687,2809.734500,-1.314166,64.145260,5.757910,2.144973,0.000000
14.127663,20.965011,50.638154,2807.922949,-1.358235,64.152584,5.800477,2.160830,0.000000
14.137920,20.986854,50.574962,2806.104777,-1.401677,64.159915,5.844623,2.177276,0.000000
14.148172,21.008680,50.509057,2804.273661,-1.443980,64.167252,5.891441,2.194717,0.000000
14.158416,21.030499,50.441939,2802.436032,-1.485731,64.174591,5.939486,2.212615,0.000000
14.168642,21.052305,50.372700,2800.586474,-1.526484,64.181935,5.989697,2.231320,0.000000
14.178859,21.074093,50.301494,2798.723960,-1.566209,64.189283,6.042004,2.250805,0.000000
14.189071,21.095872,50.229147,2796.853663,-1.605322,64.196634,6.095536,2.270748,0.000000
14.199272,21.117639,50.154313,2794.964474,-1.643012,64.203996,6.151815,2.291713,0.000000
14.209464,21.139395,50.078177,2793.063840,-1.679861,64.211359,6.209600,2.313239,0.000000
14.219646,21.161137,50.000730,2791.151686,-1.715865,64.218721,6.268901,2.335331,0.000000
14.229817,21.182863,49.921050,2789.216909,-1.750269,64.226089,6.330914,2.358432,0.000000
14.239981,21.204581,49.840411,2787.271344,-1.783929,64.233462,6.394135,2.381983,0.000000
14.250131,21.226286,49.758146,2785.306901,-1.816299,64.240843,6.459423,2.406305,0.000000
14.260273,21.247974,49.674322,2783.321600,-1.847271,64.248224,6.526807,2.431407,0.000000
14.270409,21.269652,49.589631,2781.324193,-1.877438,64.255606,6.595377,2.456952,0.000000
14.280529,21.291313,49.503136,2779.298895,-1.905792,64.262994,6.666521,2.483455,0.000000
14.290642,21.312961,49.415667,2777.256153,-1.933027,64.270385,6.739145,2.510509,0.000000
14.300749,21.334597,49.327292,2775.197220,-1.959225,64.277778,6.813142,2.538075,0.000000
14.310838,21.356216,49.237328,2773.105286,-1.983364,64.285178,6.889710,2.566598,0.000000
14.320920,21.377825,49.146729,2770.998207,-2.006570,64.292578,6.967379,2.595532,0.000000
14.330989,21.399418,49.055096,2768.865618,-2.028206,64.299978,7.046870,2.625145,0.000000
14.341045,21.420996,48.962461,2766.703823,-2.048079,64.307383,7.128272,2.655469,0.000000
14.351094,21.442566,48.869297,2764.525603,-2.066966,64.314790,7.210716,2.686181,0.000000
14.361132,21.464115,48.775114,2762.311031,-2.083696,64.322202,7.295325,2.717701,0.000000
14.371160,21.485650,48.680398,2760.072733,-2.099038,64.329615,7.381216,2.749697,0.000000
14.381179,21.507173,48.585225,2757.814136,-2.113193,64.337027,7.468203,2.782102,0.000000
14.391186,21.528673,48.489290,2755.512182,-2.124843,64.344446,7.557295,2.815291,0.000000
14.401184,21.550162,48.393102,2753.190996,-2.135394,64.351865,7.647232,2.848795,0.000000
14.411166,21.571636,48.296526,2750.838562,-2.144167,64.359284,7.738520,2.882802,0.000000
14.421138,21.593090,48.199648,2748.448829,-2.150845,64.366702,7.831223,2.917337,0.000000
14.431104,21.614534,48.102642,2746.038764,-2.156385,64.374122,7.924655,2.952143,0.000000
14.441054,21.635958,48.005476,2743.585292,-2.159512,64.381547,8.019507,2.987477,0.000000
14.450994,21.657363,47.908321,2741.102195,-2.161013,64.388972,8.115171,3.023115,0.000000
14.460926,21.678755,47.811175,2738.595751,-2.161232,64.396398,8.211477,3.058991,0.000000
14.470839,21.700129,47.714251,2736.036836,-2.158602,64.403823,8.308943,3.095300,0.000000
14.480745,21.721488,47.617502,2733.455419,-2.154761,64.411248,8.406798,3.131753,0.000000
14.490639,21.742823,47.521039,2730.838695,-2.149022,64.418673,8.505245,3.168428,0.000000
14.500513,21.764139,47.425092,2728.177975,-2.140948,64.426098,8.604189,3.205287,0.000000
14.510380,21.785445,47.329453,2725.494028,-2.131646,64.433523,8.703339,3.242223,0.000000
14.520236,21.806731,47.234537,2722.762205,-2.119829,64.440948,8.802763,3.279261,0.000000
14.530081,21.827998,47.140264,2719.996226,-2.106232,64.448373,8.902187,3.316299,0.000000
14.539919,21.849252,47.046457,2717.205466,-2.091344,64.455798,9.001610,3.353337,0.000000
14.549732,21.870469,46.953944,2714.356063,-2.073436,64.463217,9.100686,3.390245,0.000000
14.559537,21.891675,46.862051,2711.482388,-2.054293,64.470636,9.199476,3.427047,0.000000
14.569330,21.912867,46.771101,2708.571918,-2.033277,64.478055,9.297822,3.463683,0.000000
14.579109,21.934033,46.681541,2705.613659,-2.009850,64.485474,9.395291,3.499993,0.000000
14.588879,21.955186,46.592730,2702.631005,-1.985200,64.492891,9.492233,3.536106,0.000000
14.598629,21.976308,46.505496,2699.599785,-1.958131,64.500304,9.587961,3.571768,0.000000
14.608367,21.997412,46.419566,2696.532455,-1.929285,64.507717,9.682538,3.607000,0.000000
14.618098,22.018503,46.334516,2693.440804,-1.899241,64.515129,9.776337,3.641943,0.000000
14.627804,22.039562,46.251831,2690.289648,-1.866301,64.522535,9.867807,3.676018,0.000000
14.637502,22.060604,46.170196,2687.114396,-1.832205,64.529942,9.958150,3.709673,0.000000
14.647189,22.081620,46.090087,2683.904178,-1.796433,64.537348,10.046859,3.742719,0.000000
14.656861,22.102616,46.012211,2680.646781,-1.758423,64.544744,10.132981,3.774802,0.000000
14.666523,22.123597,45.935490,2677.366173,-1.719321,64.552138,10.217725,3.806371,0.000000
14.676160,22.144544,45.861082,2674.040975,-1.678141,64.559532,10.299642,3.836888,0.000000
14.685789,22.165467,45.788606,2670.681406,-1.635388,64.566922,10.379067,3.866475,0.000000
14.695412,22.186376,45.717392,2667.299486,-1.591612,64.574309,10.456858,3.895455,0.000000
14.705006,22.207254,45.649369,2663.865180,-1.545483,64.581690,10.530336,3.922827,0.000000
14.714591,22.228113,45.582820,2660.408731,-1.498379,64.589066,10.601755,3.949433,0.000000
14.724165,22.248947,45.518237,2656.922725,-1.449975,64.596435,10.670427,3.975015,0.000000
14.733718,22.269750,45.456627,2653.395538,-1.399802,64.603803,10.734795,3.998994,0.000000
14.743262,22.290536,45.396490,2649.848942,-1.348811,64.611169,10.796994,4.022164,0.000000
14.752786,22.311289,45.339176,2646.266447,-1.296321,64.618525,10.854986,4.043768,0.000000
14.762294,22.332018,45.284305,2642.655571,-1.242688,64.625877,10.909250,4.063983,0.000000
14.771792,22.352731,45.230982,2639.026919,-1.188341,64.633227,10.961149,4.083316,0.000000
14.781266,22.373409,45.181406,2635.358694,-1.132468,64.640571,11.007222,4.100480,0.000000
14.790729,22.394066,45.133629,2631.673278,-1.075968,64.647909,11.050450,4.116583,0.000000
14.800178,22.414700,45.088063,2627.966731,-1.018698,64.655240,11.090183,4.131385,0.000000
14.809605,22.435296,45.045970,2624.230297,-0.960396,64.662566,11.124338,4.144109,0.000000
14.819025,22.455875,45.005541,2620.480578,-0.901664,64.669889,11.155809,4.155833,0.000000
14.828430,22.476421,44.968190,2616.707349,-0.842201,64.677207,11.182299,4.165701,0.000000
14.837814,22.496938,44.933600,2612.915571,-0.782228,64.684518,11.204285,4.173891,0.000000
14.847186,22.517437,44.900702,2609.112688,-0.721958,64.691823,11.223510,4.181053,0.000000
14.856535,22.537895,44.871741,2605.286983,-0.661172,64.699117,11.236295,4.185816,0.000000
14.865872,22.558333,44.844754,2601.451581,-0.600231,64.706407,11.245838,4.189371,0.000000
14.875196,22.578747,44.820004,2597.605198,-0.539113,64.713694,11.251711,4.191558,0.000000
14.884497,22.599123,44.798940,2593.744100,-0.477914,64.720976,11.251567,4.191505,0.000000
14.893787,22.619481,44.779573,2589.877253,-0.416735,64.728254,11.248658,4.190421,0.000000
14.903055,22.639808,44.763231,2586.000987,-0.355643,64.735522,11.240815,4.187499,0.000000
14.912309,22.660105,44.749724,2582.118470,-0.294793,64.742782,11.228400,4.182874,0.000000
14.921555,22.680383,44.737892,2578.232569,-0.234106,64.750037,11.213286,4.177244,0.000000
14.930772,22.700616,44.729815,2574.341766,-0.173934,64.757280,11.192172,4.169379,0.000000
14.939980,22.720830,44.723716,2570.450198,-0.114152,64.764521,11.167944,4.160353,0.000000
14.949178,22.741025,44.719681,2566.557829,-0.054776,64.771758,11.140466,4.150117,0.000000
14.958349,22.761175,44.719188,2562.667380,0.003704,64.778989,11.107508,4.137839,0.000000
14.967506,22.781305,44.720267,2558.778880,0.061717,64.786214,11.072151,4.124667,0.000000
14.976642,22.801400,44.724058,2554.894444,0.118881,64.793427,11.032670,4.109960,0.000000
14.985765,22.821468,44.730490,2551.016539,0.175061,64.800634,10.989281,4.093796,0.000000
14.994879,22.841520,44.738432,2547.142756,0.230653,64.807839,10.943674,4.076807,0.000000
15.003971,22.861527,44.749635,2543.280357,0.284822,64.815039,10.893371,4.058067,0.000000
15.013047,22.881512,44.762630,2539.426103,0.338084,64.822232,10.840568,4.038397,0.000000
15.022107,22.901475,44.777348,2535.579688,0.390473,64.829419,10.785359,4.017830,0.000000
15.031145,22.921398,44.795147,2531.750722,0.441094,64.836595,10.726000,3.995717,0.000000
15.040174,22.941302,44.814261,2527.930410,0.490880,64.843767,10.664926,3.972965,0.000000
15.049191,22.961171,44.835578,2524.125143,0.539234,64.850935,10.601009,3.949155,0.000000
15.058185,22.981013,44.859106,2520.337780,0.585969,64.858099,10.534366,3.924329,0.000000
15.067167,23.000838,44.883851,2516.560768,0.631781,64.865259,10.466246,3.898952,0.000000
15.076127,23.020620,44.911126,2512.807715,0.675517,64.872409,10.395168,3.872474,0.000000
15.085074,23.040378,44.939849,2509.070449,0.717932,64.879555,10.322507,3.845406,0.000000
15.094009,23.060115,44.969857,2505.347191,0.759174,64.886698,10.248442,3.817814,0.000000
15.102921,23.079818,45.002240,2501.653829,0.797988,64.893829,10.171955,3.789321,0.000000
15.111823,23.099501,45.035590,2497.974080,0.835717,64.900958,10.094553,3.760487,0.000000
15.120708,23.119151,45.070503,2494.316852,0.871658,64.908082,10.015694,3.731109,0.000000
15.129574,23.138773,45.107026,2490.686210,0.905540,64.915202,9.935486,3.701230,0.000000
15.138431,23.158378,45.144396,2487.070282,0.938289,64.922319,9.854598,3.671097,0.000000
15.147266,23.177940,45.183458,2483.486340,0.968610,64.929431,9.772477,3.640505,0.000000
15.156090,23.197481,45.223502,2479.923798,0.997335,64.936536,9.689761,3.609691,0.000000
15.164906,23.217006,45.264350,2476.378755,1.024754,64.943635,9.606559,3.578696,0.000000
15.173693,23.236489,45.306716,2472.872007,1.049364,64.950734,9.522656,3.547440,0.000000
15.182471,23.255956,45.349651,2469.381864,1.072770,64.957829,9.438576,3.516118,0.000000
15.191237,23.275399,45.393475,2465.918171,1.094262,64.964916,9.354238,3.484700,0.000000
15.199984,23.294809,45.438206,2462.486568,1.113471,64.972002,9.269835,3.453257,0.000000
15.208720,23.314202,45.483386,2459.072095,1.131467,64.979087,9.185447,3.421821,0.000000
15.217436,23.333563,45.529397,2455.693324,1.146957,64.986161,9.101235,3.390450,0.000000
15.226141,23.352904,45.575861,2452.339310,1.160727,64.993236,9.017304,3.359183,0.000000
15.234838,23.372228,45.622667,2449.003936,1.173202,65.000310,8.933584,3.327995,0.000000
15.243511,23.391509,45.670060,2445.711245,1.182759,65.007378,8.850597,3.297080,0.000000
15.252176,23.410775,45.717622,2442.436359,1.191110,65.014443,8.768006,3.266313,0.000000
15.260829,23.430017,45.765437,2439.188864,1.197608,65.021505,8.686033,3.235776,0.000000
15.269463,23.449231,45.813429,2435.975968,1.201791,65.028567,8.605012,3.205594,0.000000
15.278086,23.468429,45.861474,2432.780934,1.204787,65.035627,8.524522,3.175609,0.000000
15.286689,23.487596,45.909540,2429.621858,1.205414,65.042683,8.445188,3.146055,0.000000
15.295281,23.506745,45.957521,2426.488838,1.204345,65.049734,8.366805,3.116855,0.000000
15.303866,23.525881,46.005442,2423.373868,1.202102,65.056784,8.289080,3.087900,0.000000
15.312431,23.544973,46.053033,2420.302539,1.197041,65.063839,8.213123,3.059605,0.000000
15.320989,23.564053,46.100421,2417.248810,1.190863,65.070889,8.137946,3.031599,0.000000
15.329536,23.583114,46.147503,2414.221261,1.183025,65.077932,8.063929,3.004026,0.000000
15.338062,23.602145,46.194046,2411.228338,1.173007,65.084975,7.991572,2.977071,0.000000
15.346580,23.621162,46.240284,2408.252732,1.161910,65.092018,7.920076,2.950437,0.000000
15.355083,23.640154,46.285856,2405.310914,1.148720,65.099061,7.850314,2.924449,0.000000
15.363571,23.659126,46.330815,2402.394773,1.133960,65.106104,7.781955,2.898983,0.000000
15.372048,23.678086,46.375367,2399.495599,1.118164,65.113147,7.714526,2.873864,0.000000
15.380513,23.697009,46.418790,2396.637149,1.099911,65.120189,7.649450,2.849621,0.000000
15.388968,23.715917,46.461666,2393.795722,1.080647,65.127230,7.585410,2.825765,0.000000
15.397408,23.734802,46.503786,2390.977881,1.059982,65.134266,7.522805,2.802443,0.000000
15.405838,23.753667,46.544714,2388.192817,1.037393,65.141303,7.462293,2.779901,0.000000
15.414260,23.772520,46.585028,2385.423645,1.013881,65.148340,7.402823,2.757746,0.000000
15.422663,23.791349,46.624127,2382.684573,0.988636,65.155376,7.345362,2.736341,0.000000
15.431053,23.810155,46.662143,2379.969519,0.962030,65.162417,7.289577,2.715559,0.000000
15.439437,23.828945,46.699460,2377.269802,0.934555,65.169459,7.234865,2.695178,0.000000
15.447801,23.847712,46.735006,2374.605851,0.905087,65.176496,7.182753,2.675764,0.000000
15.456161,23.866464,46.769694,2371.957758,0.874751,65.183533,7.131840,2.656798,0.000000
15.464513,23.885199,46.803285,2369.329887,0.843309,65.190569,7.082457,2.638402,0.000000
15.472845,23.903908,46.835138,2366.731568,0.810280,65.197611,7.035401,2.620872,0.000000
15.481169,23.922604,46.866129,2364.147138,0.776516,65.204654,6.989463,2.603759,0.000000
15.489484,23.941276,46.895485,2361.588255,0.741408,65.211697,6.945617,2.587425,0.000000
15.497786,23.959932,46.923359,2359.050760,0.705206,65.218740,6.903593,2.571770,0.000000
15.506082,23.978578,46.950309,2356.526464,0.668330,65.225783,6.862698,2.556536,0.000000
15.514359,23.997194,46.975034,2354.032088,0.629945,65.232826,6.824455,2.542289,0.000000
15.522627,24.015798,46.998633,2351.551735,0.590877,65.239868,6.787506,2.528524,0.000000
15.530886,24.034389,47.020908,2349.087855,0.551007,65.246911,6.752077,2.515326,0.000000
15.539128,24.052953,47.040991,2346.649275,0.509941,65.253960,6.719084,2.503036,0.000000
15.547364,24.071506,47.060033,2344.222199,0.468339,65.261009,6.687231,2.491169,0.000000
15.555592,24.090041,47.077177,2341.815658,0.425787,65.268058,6.657443,2.480073,0.000000
15.563806,24.108554,47.092523,2339.427118,0.382443,65.275111,6.629550,2.469682,0.000000
15.572013,24.127056,47.106783,2337.049304,0.338631,65.282167,6.602797,2.459716,0.000000
15.580202,24.145534,47.118525,2334.695053,0.293811,65.289222,6.578647,2.450719,0.000000
15.588386,24.164000,47.128926,2332.352417,0.248518,65.296277,6.555847,2.442226,0.000000
15.596563,24.182453,47.137874,2330.022358,0.202715,65.303333,6.534510,2.434277,0.000000
15.604723,24.200884,47.144323,2327.712504,0.156130,65.310394,6.515656,2.427253,0.000000
15.612878,24.219303,47.149616,2325.411494,0.109218,65.317456,6.497934,2.420651,0.000000
15.621024,24.237700,47.152861,2323.125785,0.061754,65.324517,6.482207,2.414792,0.000000
15.629156,24.256079,47.154094,2320.854006,0.013821,65.331579,6.468413,2.409654,0.000000
15.637281,24.274449,47.154149,2318.590220,-0.034375,65.338642,6.455748,2.404936,0.000000
15.645389,24.292802,47.151542,2316.343348,-0.083093,65.345716,6.445602,2.401156,0.000000
15.653491,24.311139,47.147456,2314.105133,-0.132045,65.352787,6.436846,2.397894,0.000000
15.661587,24.329460,47.141891,2311.875560,-0.181232,65.359855,6.429478,2.395150,0.000000
15.669665,24.347759,47.133635,2309.660321,-0.230749,65.366929,6.424616,2.393339,0.000000
15.677738,24.366048,47.124173,2307.451034,-0.280382,65.374005,6.420872,2.391944,0.000000
15.685803,24.384319,47.112643,2305.251694,-0.330203,65.381085,6.419038,2.391260,0.000000
15.693853,24.402573,47.098984,2303.061548,-0.380139,65.388166,6.419166,2.391308,0.000000
15.701897,24.420816,47.084117,2300.876439,-0.430128,65.395247,6.420406,2.391770,0.000000
15.709930,24.439037,47.066610,2298.701386,-0.480161,65.402334,6.424072,2.393136,0.000000
15.717953,24.457246,47.047550,2296.531469,-0.530175,65.409420,6.429163,2.395032,0.000000
15.725967,24.475442,47.027061,2294.366279,-0.580171,65.416507,6.435566,2.397418,0.000000
15.733970,24.493621,47.003824,2292.208772,-0.630027,65.423600,6.444491,2.400743,0.000000
15.741965,24.511788,46.979398,2290.054106,-0.679788,65.430693,6.454517,2.404477,0.000000
15.749948,24.529934,46.953000,2287.903960,-0.729376,65.437786,6.466367,2.408892,0.000000
15.757922,24.548061,46.924462,2285.757580,-0.778708,65.444883,6.480202,2.414046,0.000000
15.765889,24.566180,46.894749,2283.613056,-0.827882,65.451983,6.495131,2.419607,0.000000
15.773841,24.584282,46.862548,2281.471582,-0.876663,65.459082,6.512389,2.426036,0.000000
15.781785,24.602367,46.828809,2279.331132,-0.925138,65.466184,6.531100,2.433007,0.000000
15.789724,24.620438,46.793763,2277.191550,-0.973354,65.473290,6.551044,2.440436,0.000000
15.797645,24.638491,46.756065,2275.052200,-1.020942,65.480396,6.573516,2.448808,0.000000
15.805561,24.656535,46.717257,2272.912364,-1.068227,65.487503,6.597063,2.457579,0.000000
15.813469,24.674562,46.676666,2270.771598,-1.115015,65.494615,6.622341,2.466996,0.000000
15.821367,24.692565,46.634041,2268.628481,-1.161141,65.501727,6.649609,2.477154,0.000000
15.829259,24.710558,46.590337,2266.483837,-1.206900,65.508840,6.677943,2.487709,0.000000
15.837135,24.728535,46.544421,2264.335132,-1.251845,65.515958,6.708487,2.499088,0.000000
15.845001,24.746497,46.497069,2262.182752,-1.296182,65.523072,6.740493,2.511011,0.000000
15.852858,24.764449,46.448596,2260.027499,-1.340043,65.530184,6.773640,2.523359,0.000000
15.860704,24.782377,46.397721,2257.864268,-1.382774,65.537308,6.809276,2.536635,0.000000
15.868544,24.800294,46.345872,2255.697046,-1.424993,65.544430,6.845943,2.550294,0.000000
15.876376,24.818196,46.292505,2253.523503,-1.466411,65.551548,6.884217,2.564552,0.000000
15.884194,24.836078,46.237350,2251.340863,-1.506757,65.558676,6.924438,2.579535,0.000000
15.892006,24.853949,46.181275,2249.153156,-1.546529,65.565805,6.965668,2.594895,0.000000
15.899807,24.871795,46.123365,2246.954324,-1.585089,65.572930,7.008937,2.611014,0.000000
15.907597,24.889629,46.064220,2244.746606,-1.622735,65.580054,7.053623,2.627660,0.000000
15.915379,24.907456,46.004186,2242.532498,-1.659722,65.587178,7.099328,2.644687,0.000000
15.923143,24.925257,45.942152,2240.301583,-1.695067,65.594309,7.147386,2.662589,0.000000
15.930901,24.943047,45.879343,2238.063103,-1.729699,65.601439,7.196387,2.680843,0.000000
15.938652,24.960817,45.815368,2235.813160,-1.763253,65.608570,7.246810,2.699627,0.000000
15.946393,24.978572,45.749956,2233.546907,-1.795330,65.615701,7.299035,2.719083,0.000000
15.954127,24.996317,45.683837,2231.272012,-1.826638,65.622831,7.352163,2.738874,0.000000
15.961840,25.014037,45.616372,2228.979260,-1.856389,65.629962,7.407054,2.759322,0.000000
15.969550,25.031742,45.547964,2226.672069,-1.884913,65.637096,7.463221,2.780246,0.000000
15.977256,25.049437,45.478924,2224.355176,-1.912615,65.644233,7.520245,2.801489,0.000000
15.984938,25.067100,45.408458,2222.012780,-1.938205,65.651364,7.579288,2.823484,0.000000
15.992618,25.084754,45.337457,2219.659177,-1.962890,65.658494,7.639126,2.845775,0.000000
16.000294,25.102392,45.265687,2217.289455,-1.986274,65.665625,7.700105,2.868492,0.000000
16.007949,25.120010,45.192969,2214.896169,-2.007802,65.672755,7.762572,2.891762,0.000000
16.015597,25.137617,45.119809,2212.490844,-2.028391,65.679886,7.825753,2.915299,0.000000
16.023235,25.155199,45.045847,2210.061659,-2.047139,65.687017,7.890270,2.939333,0.000000
16.030861,25.172766,44.971338,2207.612533,-2.064374,65.694147,7.955771,2.963734,0.000000
16.038480,25.190322,44.896478,2205.150420,-2.080624,65.701278,8.021908,2.988372,0.000000
16.046081,25.207848,44.820899,2202.655674,-2.094447,65.708409,8.089448,3.013532,0.000000
16.053676,25.225363,44.745069,2200.145904,-2.107172,65.715536,8.157544,3.038900,0.000000
16.061264,25.242863,44.668907,2197.616251,-2.118444,65.722661,8.226373,3.064541,0.000000
16.068836,25.260338,44.592384,2195.056344,-2.127536,65.729785,8.296143,3.090531,0.000000
16.076401,25.277800,44.515722,2192.481494,-2.135562,65.736909,8.366325,3.116676,0.000000
16.083951,25.295238,44.438846,2189.878098,-2.141565,65.744034,8.437231,3.143091,0.000000
16.091490,25.312656,44.361897,2187.249862,-2.145832,65.751154,8.508627,3.169688,0.000000
16.099021,25.330061,44.284909,2184.605958,-2.149006,65.758272,8.580323,3.196396,0.000000
16.106540,25.347436,44.207958,2181.924200,-2.149570,65.765384,8.652556,3.223305,0.000000
16.114048,25.364797,44.131094,2179.224113,-2.148892,65.772495,8.724948,3.250273,0.000000
16.121542,25.382141,44.054336,2176.501690,-2.146698,65.779607,8.797535,3.277313,0.000000
16.129025,25.399459,43.977890,2173.743788,-2.142127,65.786714,8.870234,3.304396,0.000000
16.136502,25.416763,43.901629,2170.968930,-2.136430,65.793819,8.942928,3.331476,0.000000
16.143964,25.434045,43.825749,2168.162782,-2.128667,65.800925,9.015547,3.358529,0.000000
16.151415,25.451305,43.750321,2165.328259,-2.119051,65.808026,9.087942,3.385497,0.000000
16.158857,25.468553,43.675179,2162.476411,-2.108306,65.815125,9.160183,3.412409,0.000000
16.166276,25.485765,43.600809,2159.584200,-2.094960,65.822218,9.231874,3.439116,0.000000
16.173689,25.502963,43.526909,2156.671476,-2.080312,65.829305,9.303167,3.465674,0.000000
16.181095,25.520144,43.453535,2153.735717,-2.064202,65.836386,9.374013,3.492066,0.000000
16.188485,25.537298,43.381159,2150.761707,-2.045702,65.843466,9.443890,3.518098,0.000000
16.195865,25.554437,43.309288,2147.770035,-2.026105,65.850545,9.513246,3.543935,0.000000
16.203228,25.571549,43.238351,2144.746854,-2.004556,65.857619,9.581613,3.569403,0.000000
16.210582,25.588636,43.168400,2141.693924,-1.981197,65.864689,9.648858,3.594453,0.000000
16.217929,25.605707,43.099043,2138.623429,-1.956772,65.871756,9.715416,3.619248,0.000000
16.225254,25.622744,43.031133,2135.513484,-1.929985,65.878818,9.780231,3.643393,0.000000
16.232570,25.639766,42.964070,2132.382552,-1.901961,65.885874,9.843975,3.667140,0.000000
16.239876,25.656771,42.897883,2129.229892,-1.872655,65.892923,9.906612,3.690474,0.000000
16.247165,25.673738,42.833363,2126.039564,-1.841162,65.899966,9.967062,3.712993,0.000000
16.254447,25.690690,42.769630,2122.832488,-1.808712,65.907007,10.026448,3.735116,0.000000
16.261715,25.707621,42.707284,2119.596529,-1.774626,65.914044,10.083942,3.756534,0.000000
16.268966,25.724525,42.646415,2116.332265,-1.738961,65.921072,10.139360,3.777179,0.000000
16.276207,25.741413,42.586407,2113.051869,-1.702402,65.928095,10.193560,3.797369,0.000000
16.283432,25.758262,42.528378,2109.736603,-1.663942,65.935113,10.244913,3.816500,0.000000
16.290647,25.775092,42.471539,2106.402018,-1.624456,65.942124,10.294516,3.834978,0.000000
16.297853,25.791903,42.415835,2103.048993,-1.583991,65.949130,10.342449,3.852835,0.000000
16.305035,25.808680,42.362340,2099.662759,-1.541816,65.956123,10.387057,3.869452,0.000000
16.312210,25.825440,42.309850,2096.262387,-1.498932,65.963114,10.430135,3.885500,0.000000
16.319372,25.842170,42.259065,2092.838445,-1.454877,65.970101,10.470608,3.900577,0.000000
16.326516,25.858873,42.210153,2089.390709,-1.409674,65.977083,10.508182,3.914574,0.000000
16.333650,25.875559,42.162296,2085.929934,-1.363852,65.984060,10.544117,3.927961,0.000000
16.340768,25.892208,42.116755,2082.442143,-1.316802,65.991022,10.576421,3.939995,0.000000
16.347873,25.908836,42.072661,2078.938952,-1.269088,65.997980,10.606438,3.951177,0.000000
16.354966,25.925447,42.029840,2075.422211,-1.220790,66.004935,10.634444,3.961610,0.000000
16.362042,25.942017,41.989605,2071.880375,-1.171484,66.011878,10.658322,3.970505,0.000000
16.369109,25.958569,41.950500,2068.328467,-1.121801,66.018817,10.680388,3.978725,0.000000
16.376165,25.975092,41.913242,2064.760347,-1.071524,66.025747,10.699486,3.985840,0.000000
16.383197,25.991583,41.878098,2061.175674,-1.020715,66.032668,10.715191,3.991691,0.000000
16.390219,26.008057,41.844102,2057.582367,-0.969645,66.039583,10.729049,3.996853,0.000000
16.397231,26.024498,41.812541,2053.972152,-0.918126,66.046488,10.738993,4.000557,0.000000
16.404225,26.040913,41.782558,2050.352338,-0.866421,66.053386,10.746394,4.003314,0.000000
16.411205,26.057304,41.753854,2046.724741,-0.814565,66.060279,10.751733,4.005303,0.000000
16.418167,26.073660,41.727888,2043.082913,-0.762558,66.067166,10.752684,4.005658,0.000000
16.425122,26.089996,41.703075,2039.435986,-0.710561,66.074045,10.751797,4.005327,0.000000
16.432065,26.106300,41.680085,2035.781164,-0.658591,66.080912,10.748003,4.003914,0.000000
16.438988,26.122575,41.659251,2032.118865,-0.606799,66.087775,10.740784,4.001225,0.000000
16.445901,26.138833,41.639552,2028.453045,-0.555132,66.094633,10.731772,3.997867,0.000000
16.452794,26.155049,41.622177,2024.781217,-0.503814,66.101475,10.719112,3.993151,0.000000
16.459672,26.171243,41.606376,2021.106713,-0.452841,66.108311,10.704007,3.987524,0.000000
16.466540,26.187422,41.591752,2017.430211,-0.402125,66.115140,10.687075,3.981217,0.000000
16.473389,26.203552,41.579758,2013.751610,-0.352180,66.121964,10.666105,3.973405,0.000000
16.480228,26.219663,41.568832,2010.073087,-0.302618,66.128781,10.643523,3.964992,0.000000
16.487051,26.235748,41.559540,2006.394775,-0.253650,66.135585,10.618477,3.955662,0.000000
16.493860,26.251798,41.552259,2002.718645,-0.205577,66.142385,10.590446,3.945220,0.000000
16.500660,26.267831,41.546000,1999.044089,-0.157993,66.149180,10.560914,3.934218,0.000000
16.507440,26.283827,41.541764,1995.373721,-0.111456,66.155960,10.528451,3.922125,0.000000
16.514205,26.299798,41.538948,1991.707789,-0.065788,66.162736,10.493969,3.909279,0.000000
16.520959,26.315751,41.537106,1988.044903,-0.020718,66.169509,10.458099,3.895917,0.000000
16.527695,26.331661,41.537562,1984.391693,0.022748,66.176264,10.419050,3.881370,0.000000
16.534421,26.347550,41.538913,1980.743264,0.065509,66.183016,10.378804,3.866377,0.000000
16.541132,26.363409,41.541588,1977.101933,0.107228,66.189765,10.336784,3.850724,0.000000
16.547828,26.379237,41.545949,1973.471795,0.147423,66.196503,10.292571,3.834253,0.000000
16.554513,26.395048,41.551134,1969.847684,0.186830,66.203235,10.247307,3.817392,0.000000
16.561174,26.410820,41.557895,1966.236116,0.224651,66.209952,10.200081,3.799799,0.000000
16.567827,26.426568,41.565797,1962.635398,0.261169,66.216669,10.151484,3.781695,0.000000
16.574474,26.442301,41.574449,1959.041860,0.296828,66.223386,10.101988,3.763256,0.000000
16.581097,26.457984,41.584825,1955.467411,0.330300,66.230084,10.050539,3.744090,0.000000
16.587710,26.473652,41.595883,1951.901826,0.362793,66.236777,9.998358,3.724651,0.000000
16.594308,26.489298,41.607876,1948.348418,0.393941,66.243463,9.945172,3.704838,0.000000
16.600890,26.504902,41.621100,1944.813628,0.423108,66.250143,9.890755,3.684566,0.000000
16.607464,26.520490,41.634894,1941.288266,0.451287,66.256820,9.835792,3.664091,0.000000
16.614018,26.536048,41.649732,1937.781338,0.477553,66.263487,9.779870,3.643259,0.000000
16.620560,26.551578,41.665348,1934.290376,0.502208,66.270150,9.723310,3.622189,0.000000
16.627095,26.567091,41.681454,1930.809639,0.525833,66.276810,9.666354,3.600971,0.000000
16.633605,26.582562,41.698604,1927.354261,0.546956,66.283458,9.608655,3.579477,0.000000
16.640107,26.598013,41.716174,1923.910973,0.566913,66.290100,9.550718,3.557894,0.000000
16.646598,26.613439,41.734277,1920.482970,0.585398,66.296736,9.492477,3.536197,0.000000
16.653074,26.628834,41.753057,1917.078893,0.601625,66.303366,9.433964,3.514400,0.000000
16.659540,26.644212,41.772130,1913.686448,0.616765,66.309993,9.375374,3.492573,0.000000
16.665988,26.659558,41.791711,1910.315836,0.629880,66.316609,9.316701,3.470716,0.000000
16.672423,26.674878,41.811640,1906.964694,0.641221,66.323222,9.258088,3.448882,0.000000
16.678851,26.690183,41.831777,1903.625621,0.651465,66.329832,9.199525,3.427065,0.000000
16.685261,26.705447,41.852279,1900.315167,0.659147,66.336436,9.141231,3.405349,0.000000
16.691659,26.720691,41.872902,1897.018960,0.665575,66.343035,9.083153,3.383714,0.000000
16.698044,26.735910,41.893667,1893.739346,0.670544,66.349627,9.025328,3.362172,0.000000
16.704413,26.751098,41.914536,1890.486772,0.673174,66.356213,8.968060,3.340838,0.000000
16.710774,26.766270,41.935417,1887.246890,0.674717,66.362797,8.911095,3.319617,0.000000
16.717122,26.781415,41.956288,1884.030005,0.674297,66.369376,8.854717,3.298615,0.000000
16.723456,26.796534,41.977067,1880.834485,0.672086,66.375951,8.798986,3.277854,0.000000
16.729783,26.811638,41.997779,1877.651777,0.668804,66.382523,8.743652,3.257240,0.000000
16.736093,26.826708,42.018238,1874.498359,0.663095,66.389090,8.689332,3.237005,0.000000
16.742391,26.841756,42.038502,1871.360273,0.656145,66.395651,8.635606,3.216990,0.000000
16.748675,26.856782,42.058560,1868.238649,0.647862,66.402205,8.582518,3.197214,0.000000
16.754949,26.871774,42.078161,1865.145141,0.637329,66.408759,8.530629,3.177884,0.000000
16.761214,26.886753,42.097519,1862.064405,0.625786,66.415311,8.479321,3.158770,0.000000
16.767461,26.901710,42.116423,1859.006066,0.612477,66.421859,8.429053,3.140044,0.000000
16.773695,26.916636,42.134801,1855.969492,0.597484,66.428398,8.379875,3.121724,0.000000
16.779922,26.931546,42.152862,1852.945553,0.581518,66.434934,8.331340,3.103643,0.000000
16.786138,26.946427,42.170143,1849.949604,0.563429,66.441469,8.284306,3.086122,0.000000
16.792341,26.961290,42.186934,1846.969072,0.544183,66.448001,8.238150,3.068928,0.000000
16.798532,26.976134,42.203237,1844.003800,0.523794,66.454530,8.192865,3.052058,0.000000
16.804711,26.990944,42.218570,1841.065956,0.501394,66.461059,8.149237,3.035805,0.000000
16.810882,27.005738,42.233434,1838.140185,0.478123,66.467585,8.106368,3.019836,0.000000
16.817035,27.020507,42.247483,1835.234934,0.453379,66.474101,8.064808,3.004353,0.000000
16.823179,27.035253,42.260626,1832.350567,0.427161,66.480618,8.024648,2.989392,0.000000
16.829317,27.049986,42.273246,1829.477935,0.400120,66.487134,7.985286,2.974729,0.000000
16.835439,27.064686,42.284663,1826.630526,0.371335,66.493651,7.947701,2.960728,0.000000
16.841551,27.079370,42.295322,1823.797741,0.341563,66.500161,7.911195,2.947128,0.000000
16.847654,27.094038,42.305292,1820.978302,0.310891,66.506665,7.875675,2.933896,0.000000
16.853740,27.108678,42.313843,1818.184140,0.278559,66.513169,7.842110,2.921392,0.000000
16.859820,27.123300,42.321755,1815.400751,0.245529,66.519673,7.809410,2.909211,0.000000
16.865891,27.137893,42.328597,1812.635112,0.211355,66.526177,7.778145,2.897564,0.000000
16.871945,27.152468,42.334205,1809.888392,0.176006,66.532676,7.748483,2.886514,0.000000
16.877989,27.167031,42.339126,1807.151957,0.140023,66.539173,7.719706,2.875794,0.000000
16.884023,27.181562,42.342547,1804.436958,0.102734,66.545665,7.692830,2.865782,0.000000
16.890051,27.196079,42.344995,1801.735019,0.064684,66.552159,7.667166,2.856221,0.000000
16.896072,27.210585,42.346624,1799.044062,0.025992,66.558657,7.642522,2.847040,0.000000
16.902070,27.225049,42.346490,1796.375007,-0.013935,66.565143,7.620010,2.838654,0.000000
16.908062,27.239502,42.345592,1793.714964,-0.054353,66.571630,7.598414,2.830609,0.000000
16.914046,27.253938,42.343461,1791.069311,-0.095551,66.578122,7.578290,2.823112,0.000000
16.920021,27.268351,42.339854,1788.439673,-0.137578,66.584609,7.559887,2.816257,0.000000
16.925988,27.282750,42.335451,1785.818442,-0.180030,66.591093,7.542407,2.809745,0.000000
16.931934,27.297118,42.329373,1783.214180,-0.223315,66.597572,7.526852,2.803950,0.000000
16.937874,27.311472,42.322158,1780.620709,-0.267094,66.604051,7.512590,2.798637,0.000000
16.943807,27.325814,42.314063,1778.035596,-0.311257,66.610530,7.499330,2.793698,0.000000
16.949729,27.340121,42.303979,1775.467974,-0.356170,66.617009,7.488295,2.789587,0.000000
16.955643,27.354417,42.293057,1772.907242,-0.401354,66.623488,7.478189,2.785822,0.000000
16.961546,27.368697,42.280832,1770.357168,-0.446951,66.629967,7.469527,2.782596,0.000000
16.967434,27.382952,42.266979,1767.819381,-0.492981,66.636441,7.462649,2.780033,0.000000
16.973315,27.397194,42.252276,1765.287787,-0.539214,66.642914,7.456697,2.777816,0.000000
16.979186,27.411405,42.235841,1762.768241,-0.585807,66.649393,7.452627,2.776300,0.000000
16.985050,27.425602,42.218172,1760.256574,-0.632598,66.655865,7.449892,2.775281,0.000000
16.990909,27.439788,42.199625,1757.750525,-0.679530,66.662331,7.448109,2.774616,0.000000
16.996743,27.453943,42.178980,1755.256626,-0.726666,66.668804,7.448575,2.774790,0.000000
17.002574,27.468085,42.157479,1752.767213,-0.773851,66.675274,7.449957,2.775305,0.000000
17.008401,27.482208,42.134690,1750.284529,-0.821108,66.681741,7.452717,2.776333,0.000000
17.014208,27.496307,42.110225,1747.809661,-0.868356,66.688212,7.457270,2.778029,0.000000
17.020009,27.510394,42.084909,1745.338507,-0.915578,66.694682,7.462730,2.780063,0.000000
17.025805,27.524461,42.057909,1742.874195,-0.962710,66.701142,7.469978,2.782763,0.000000
17.031590,27.538509,42.029657,1740.414266,-1.009706,66.707606,7.478565,2.785962,0.000000
17.037367,27.552544,42.000566,1737.957258,-1.056610,66.714073,7.488048,2.789495,0.000000
17.043125,27.566542,41.969424,1735.506161,-1.103172,66.720533,7.499709,2.793839,0.000000
17.048879,27.580530,41.937448,1733.056977,-1.149550,66.726993,7.512266,2.798517,0.000000
17.054624,27.594503,41.904283,1730.610523,-1.195668,66.733453,7.526098,2.803670,0.000000
17.060355,27.608455,41.869486,1728.166759,-1.241329,66.739913,7.541682,2.809475,0.000000
17.066079,27.622395,41.833888,1725.724032,-1.286741,66.746373,7.558126,2.815601,0.000000
17.071794,27.636305,41.796756,1723.282835,-1.331630,66.752834,7.576219,2.822341,0.000000
17.077500,27.650200,41.758427,1720.842013,-1.376034,66.759290,7.595612,2.829565,0.000000
17.083202,27.664084,41.719325,1718.401396,-1.420121,66.765744,7.615845,2.837102,0.000000
17.088885,27.677938,41.678402,1715.960036,-1.463349,66.772198,7.638065,2.845380,0.000000
17.094560,27.691779,41.636691,1713.517757,-1.506152,66.778652,7.661153,2.853981,0.000000
17.100224,27.705601,41.593945,1711.074272,-1.548397,66.785105,7.685379,2.863006,0.000000
17.105884,27.719398,41.549721,1708.627852,-1.589719,66.791554,7.711246,2.872642,0.000000
17.111536,27.733183,41.504796,1706.179686,-1.630576,66.798002,7.737895,2.882570,0.000000
17.117169,27.746949,41.458572,1703.727818,-1.670534,66.804449,7.765997,2.893038,0.000000
17.122798,27.760695,41.411290,1701.271922,-1.709651,66.810893,7.795300,2.903954,0.000000
17.128423,27.774428,41.363348,1698.813436,-1.748237,66.817334,7.825352,2.915149,0.000000
17.134025,27.788125,41.313910,1696.347707,-1.785494,66.823776,7.857121,2.926984,0.000000
17.139624,27.801814,41.263791,1693.877916,-1.822079,66.830217,7.889681,2.939114,0.000000
17.145219,27.815493,41.212850,1691.403215,-1.857851,66.836658,7.923194,2.951598,0.000000
17.150793,27.829139,41.160684,1688.919676,-1.892265,66.843094,7.958146,2.964619,0.000000
17.156362,27.842772,41.107962,1686.431620,-1.926015,66.849529,7.993757,2.977885,0.000000
17.161926,27.856381,41.054244,1683.934950,-1.958529,66.855964,8.030555,2.991593,0.000000
17.167478,27.869970,40.999685,1681.429668,-1.989872,66.862395,8.068370,3.005680,0.000000
17.173022,27.883546,40.944620,1678.919062,-2.020497,66.868824,8.106798,3.019995,0.000000
17.178548,27.897100,40.888459,1676.395193,-2.049408,66.875246,8.146573,3.034813,0.000000
17.184069,27.910635,40.831781,1673.863982,-2.077409,66.881669,8.186991,3.049870,0.000000
17.189583,27.924150,40.774530,1671.324598,-2.104396,66.888091,8.228125,3.065193,0.000000
17.195080,27.937644,40.716410,1668.770533,-2.129625,66.894514,8.270369,3.080930,0.000000
17.200572,27.951124,40.657914,1666.209367,-2.154025,66.900933,8.313096,3.096847,0.000000
17.206055,27.964577,40.598771,1663.635307,-2.176940,66.907343,8.356661,3.113076,0.000000
17.211525,27.978008,40.539073,1661.048163,-2.198390,66.913753,8.400951,3.129575,0.000000
17.216987,27.991428,40.479058,1658.453206,-2.218971,66.920162,8.445659,3.146230,0.000000
17.222439,28.004824,40.418411,1655.839852,-2.237549,66.926566,8.491230,3.163207,0.000000
17.227881,28.018202,40.357463,1653.216005,-2.255015,66.932970,8.537211,3.180336,0.000000
17.233313,28.031561,40.296207,1650.581386,-2.271337,66.939374,8.583611,3.197621,0.000000
17.238729,28.044892,40.234508,1647.926785,-2.285596,66.945766,8.630644,3.215142,0.000000
17.244139,28.058208,40.172640,1645.262899,-2.298910,66.952157,8.677923,3.232755,0.000000
17.249540,28.071498,40.110501,1642.582796,-2.310584,66.958549,8.725604,3.250517,0.000000
17.254932,28.084770,40.048154,1639.885682,-2.320573,66.964931,8.773596,3.268395,0.000000
17.260318,28.098031,39.985701,1637.178741,-2.329594,66.971310,8.821751,3.286334,0.000000
17.265682,28.111258,39.923093,1634.449619,-2.336468,66.977688,8.870173,3.304373,0.000000
17.271042,28.124466,39.860445,1631.707311,-2.342089,66.984061,8.918674,3.322441,0.000000
17.276400,28.137656,39.797761,1628.952524,-2.346525,66.990427,8.967251,3.340537,0.000000
17.281734,28.150823,39.735105,1626.173571,-2.348707,66.996793,9.015832,3.358635,0.000000
17.287062,28.163973,39.672497,1623.383793,-2.349895,67.003155,9.064366,3.376715,0.000000
17.292382,28.177094,39.609982,1620.575771,-2.349412,67.009509,9.112800,3.394758,0.000000
17.297688,28.190197,39.547649,1617.747848,-2.347142,67.015858,9.161012,3.412718,0.000000
17.302987,28.203287,39.485430,1614.908796,-2.343879,67.022204,9.209080,3.430624,0.000000
17.308269,28.216339,39.423517,1612.045546,-2.338484,67.028546,9.256743,3.448380,0.000000
17.313544,28.229374,39.361844,1609.167271,-2.331787,67.034880,9.304072,3.466012,0.000000
17.318814,28.242395,39.300382,1606.275887,-2.323955,67.041209,9.351109,3.483534,0.000000
17.324066,28.255386,39.239443,1603.357898,-2.313853,67.047531,9.397407,3.500781,0.000000
17.329310,28.268360,39.178764,1600.428411,-2.302789,67.053851,9.443329,3.517889,0.000000
17.334542,28.281305,39.118517,1597.480195,-2.290164,67.060167,9.488626,3.534763,0.000000
17.339760,28.294227,39.058836,1594.510713,-2.275798,67.066479,9.533091,3.551327,0.000000
17.344971,28.307136,38.999474,1591.529728,-2.260498,67.072786,9.577082,3.567715,0.000000
17.350165,28.320012,38.940825,1588.524593,-2.243254,67.079077,9.619990,3.583700,0.000000
17.355353,28.332868,38.882697,1585.503808,-2.224774,67.085368,9.662104,3.599388,0.000000
17.360535,28.345707,38.824988,1582.470445,-2.205299,67.091659,9.703580,3.614839,0.000000
17.365699,28.358509,38.768270,1579.410298,-2.183765,67.097932,9.743536,3.629723,0.000000
17.370855,28.371297,38.711995,1576.338999,-2.161389,67.104201,9.782796,3.644349,0.000000
17.375999,28.384061,38.656422,1573.250132,-2.137692,67.110467,9.820949,3.658562,0.000000
17.381129,28.396795,38.601763,1570.140520,-2.112467,67.116728,9.857661,3.672238,0.000000
17.386251,28.409515,38.547597,1567.020075,-2.086452,67.122985,9.893591,3.685623,0.000000
17.391358,28.422204,38.494481,1563.877679,-2.058864,67.129226,9.927848,3.698384,0.000000
17.396454,28.434867,38.442131,1560.720472,-2.030245,67.135463,9.960872,3.710687,0.000000
17.401542,28.447511,38.390350,1557.552305,-2.000864,67.141698,9.992983,3.722649,0.000000
17.406618,28.460125,38.339936,1554.359685,-1.969840,67.147920,10.022878,3.733786,0.000000
17.411683,28.472722,38.290109,1551.157310,-1.938180,67.154137,10.051814,3.744565,0.000000
17.416734,28.485291,38.241178,1547.940061,-1.905553,67.160347,10.079284,3.754798,0.000000
17.421769,28.497831,38.193441,1544.704614,-1.871788,67.166546,10.104806,3.764306,0.000000
17.426798,28.510354,38.146323,1541.460025,-1.837465,67.172741,10.129311,3.773435,0.000000
17.431817,28.522842,38.100463,1538.197587,-1.802088,67.178925,10.151741,3.781791,0.000000
17.436821,28.535308,38.055557,1534.922696,-1.766009,67.185102,10.172601,3.789561,0.000000
17.441815,28.547758,38.011301,1531.639330,-1.729454,67.191274,10.192391,3.796934,0.000000
17.446790,28.560165,37.968679,1528.336263,-1.691866,67.197440,10.209480,3.803300,0.000000
17.451761,28.572556,37.926728,1525.025746,-1.653921,67.203598,10.225457,3.809252,0.000000
17.456723,28.584925,37.885768,1521.704227,-1.615448,67.209745,10.239790,3.814591,0.000000
17.461666,28.597259,37.846173,1518.368905,-1.576378,67.215882,10.251871,3.819092,0.000000
17.466599,28.609576,37.807263,1515.026971,-1.537043,67.222013,10.262819,3.823170,0.000000
17.471518,28.621863,37.769693,1511.672662,-1.497249,67.228135,10.271548,3.826422,0.000000
17.476425,28.634124,37.733179,1508.309585,-1.457192,67.234249,10.278541,3.829027,0.000000
17.481325,28.646366,37.697359,1504.940780,-1.416966,67.240358,10.284393,3.831207,0.000000
17.486206,28.658566,37.663216,1501.559459,-1.376475,67.246455,10.287483,3.832358,0.000000
17.491079,28.670750,37.629800,1498.173378,-1.335935,67.252546,10.289387,3.833067,0.000000
17.495941,28.682912,37.597374,1494.780815,-1.295325,67.258630,10.289678,3.833176,0.000000
17.500788,28.695038,37.566353,1491.380226,-1.254757,67.264699,10.287680,3.832431,0.000000
17.505627,28.707146,37.536015,1487.976081,-1.214245,67.270763,10.284574,3.831275,0.000000
17.510452,28.719220,37.506972,1484.565686,-1.173886,67.276822,10.279378,3.829339,0.000000
17.515261,28.731267,37.478989,1481.151125,-1.133758,67.282869,10.272489,3.826772,0.000000
17.520060,28.743296,37.451679,1477.733978,-1.093783,67.288909,10.264526,3.823806,0.000000
17.524847,28.755282,37.425938,1474.312053,-1.054302,67.294937,10.254074,3.819912,0.000000
17.529623,28.767252,37.400910,1470.888619,-1.015115,67.300959,10.242507,3.815603,0.000000
17.534385,28.779201,37.376773,1467.463292,-0.976298,67.306975,10.229543,3.810774,0.000000
17.539137,28.791113,37.353960,1464.036414,-0.938176,67.312979,10.214528,3.805181,0.000000
17.543880,28.803008,37.331766,1460.609185,-0.900421,67.318979,10.198561,3.799232,0.000000
17.548604,28.814869,37.310706,1457.181740,-0.863384,67.324969,10.180860,3.792638,0.000000
17.553317,28.826701,37.290608,1453.755109,-0.827065,67.330947,10.161712,3.785505,0.000000
17.558021,28.838516,37.271100,1450.329069,-0.791198,67.336918,10.141679,3.778042,0.000000
17.562708,28.850290,37.252922,1446.905604,-0.756498,67.342883,10.119682,3.769848,0.000000
17.567386,28.862046,37.235373,1443.484086,-0.722428,67.348839,10.096775,3.761314,0.000000
17.572054,28.873782,37.218549,1440.064818,-0.689087,67.354786,10.072816,3.752389,0.000000
17.576701,28.885475,37.202845,1436.650430,-0.657035,67.360721,10.047267,3.742871,0.000000
17.581340,28.897150,37.187645,1433.238689,-0.625616,67.366652,10.021015,3.733092,0.000000
17.585971,28.908799,37.173333,1429.832047,-0.595364,67.372573,9.993529,3.722853,0.000000
17.590589,28.920417,37.159798,1426.431032,-0.566274,67.378486,9.964993,3.712222,0.000000
17.595198,28.932018,37.146720,1423.033483,-0.537884,67.384393,9.935840,3.701362,0.000000
17.599785,28.943579,37.134639,1419.644774,-0.511160,67.390290,9.905389,3.690018,0.000000
17.604366,28.955118,37.123044,1416.261307,-0.485358,67.396180,9.874326,3.678446,0.000000
17.608940,28.966635,37.111966,1412.883419,-0.460539,67.402064,9.842610,3.666631,0.000000
17.613491,28.978118,37.101701,1409.516181,-0.437490,67.407936,9.809901,3.654446,0.000000
17.618035,28.989583,37.091785,1406.154110,-0.415272,67.413804,9.776783,3.642109,0.000000
17.622565,29.001012,37.082467,1402.801305,-0.394526,67.419662,9.742978,3.629516,0.000000
17.627087,29.012415,37.073674,1399.458333,-0.375267,67.425512,9.708599,3.616709,0.000000
17.631602,29.023802,37.065176,1396.121164,-0.356880,67.431357,9.673902,3.603783,0.000000
17.636095,29.035156,37.057288,1392.797577,-0.340475,67.437190,9.638594,3.590630,0.000000
17.640578,29.046485,37.049693,1389.482066,-0.325210,67.443021,9.603015,3.577376,0.000000
17.645052,29.057788,37.042387,1386.174481,-0.311061,67.448848,9.567172,3.564023,0.000000
17.649508,29.069058,37.035531,1382.882197,-0.299008,67.454658,9.530970,3.550537,0.000000
17.653960,29.080312,37.028849,1379.596961,-0.287899,67.460465,9.494652,3.537008,0.000000
17.658402,29.091541,37.022451,1376.323833,-0.278400,67.466267,9.458158,3.523413,0.000000
17.662827,29.102738,37.016287,1373.063839,-0.270594,67.472060,9.421577,3.509785,0.000000
17.667243,29.113917,37.010245,1369.811323,-0.263746,67.477849,9.384962,3.496145,0.000000
17.671648,29.125058,37.004411,1366.575465,-0.259003,67.483626,9.348354,3.482508,0.000000
17.676039,29.136179,36.998653,1363.349860,-0.255516,67.489400,9.311817,3.468897,0.000000
17.680419,29.147282,36.992964,1360.133532,-0.253167,67.495171,9.275343,3.455309,0.000000
17.684787,29.158345,36.987327,1356.935804,-0.253058,67.500930,9.239106,3.441810,0.000000
17.689149,29.169391,36.981689,1353.746313,-0.253922,67.506684,9.203011,3.428364,0.000000
17.693497,29.180413,36.976044,1350.570469,-0.256391,67.512430,9.167164,3.415010,0.000000
17.697832,29.191403,36.970311,1347.409979,-0.260620,67.518171,9.131672,3.401788,0.000000
17.702159,29.202376,36.964520,1344.257949,-0.265812,67.523910,9.096389,3.388644,0.000000
17.706470,29.213322,36.958574,1341.124075,-0.273049,67.529643,9.061611,3.375689,0.000000
17.710770,29.224242,36.952477,1338.001862,-0.281564,67.535369,9.027208,3.362873,0.000000
17.715063,29.235138,36.946255,1334.889373,-0.291145,67.541090,8.993118,3.350173,0.000000
17.719337,29.246005,36.939700,1331.797359,-0.302932,67.546799,8.959770,3.337750,0.000000
17.723606,29.256854,36.932974,1328.714101,-0.315644,67.552505,8.926769,3.325456,0.000000
17.727867,29.267676,36.925969,1325.644866,-0.329830,67.558207,8.894332,3.313373,0.000000
17.732113,29.278473,36.918584,1322.592109,-0.345710,67.563904,8.862617,3.301558,0.000000
17.736352,29.289256,36.910983,1319.548145,-0.362486,67.569598,8.831301,3.289892,0.000000
17.740575,29.300002,36.902894,1316.522426,-0.381096,67.575281,8.800850,3.278548,0.000000
17.744792,29.310727,36.894443,1313.508987,-0.400914,67.580961,8.771023,3.267437,0.000000
17.749002,29.321435,36.885715,1310.504980,-0.421661,67.586638,8.741677,3.256505,0.000000
17.753189,29.332101,36.876288,1307.521928,-0.444412,67.592309,8.713467,3.245996,0.000000
17.757370,29.342754,36.866551,1304.547550,-0.467976,67.597977,8.685753,3.235672,0.000000
17.761543,29.353387,36.856331,1301.586608,-0.492795,67.603641,8.658813,3.225636,0.000000
17.765706,29.363991,36.845453,1298.642197,-0.519120,67.609296,8.632875,3.215973,0.000000
17.769863,29.374580,36.834225,1295.706328,-0.546214,67.614948,8.607469,3.206509,0.000000
17.774005,29.385138,36.822263,1292.787637,-0.574830,67.620600,8.583160,3.197453,0.000000
17.778136,29.395678,36.809744,1289.881073,-0.604486,67.626244,8.559666,3.188701,0.000000
17.782259,29.406204,36.796830,1286.983078,-0.634875,67.631883,8.536747,3.180163,0.000000
17.786363,29.416688,36.782917,1284.105231,-0.666946,67.637517,8.515244,3.172152,0.000000
17.790462,29.427156,36.768582,1281.235452,-0.699668,67.643150,8.494335,3.164363,0.000000
17.794554,29.437601,36.753612,1278.377766,-0.733366,67.648783,8.474316,3.156906,0.000000
17.798636,29.448021,36.737763,1275.535668,-0.768274,67.654406,8.455496,3.149895,0.000000
17.802710,29.458428,36.721460,1272.701364,-0.803778,67.660025,8.437288,3.143112,0.000000
17.806764,29.468804,36.704248,1269.882257,-0.840421,67.665639,8.420302,3.136784,0.000000
17.810814,29.479158,36.686325,1267.074394,-0.877861,67.671250,8.404260,3.130808,0.000000
17.814861,29.489496,36.667929,1264.274019,-0.915833,67.676858,8.388846,3.125066,0.000000
17.818884,29.499803,36.648335,1261.491449,-0.955026,67.682459,8.374993,3.119905,0.000000
17.822904,29.510095,36.628228,1258.716086,-0.994687,67.688061,8.361801,3.114991,0.000000
17.826921,29.520365,36.607393,1255.950910,-1.035008,67.693663,8.349542,3.110424,0.000000
17.830922,29.530604,36.585518,1253.199472,-1.076160,67.699254,8.338598,3.106347,0.000000
17.834915,29.540829,36.563126,1250.454670,-1.117701,67.704843,8.328306,3.102513,0.000000
17.838894,29.551030,36.539736,1247.722409,-1.159958,67.710433,8.319270,3.099147,0.000000
17.842865,29.561211,36.515525,1244.999821,-1.202718,67.716018,8.311252,3.096160,0.000000
17.846831,29.571380,36.490784,1242.283449,-1.245799,67.721600,8.303889,3.093417,0.000000
17.850778,29.581505,36.464762,1239.581352,-1.289560,67.727171,8.298101,3.091261,0.000000
17.854720,29.591620,36.438157,1236.885329,-1.333577,67.732744,8.293020,3.089368,0.000000
17.858655,29.601721,36.410793,1234.197204,-1.377927,67.738321,8.288856,3.087817,0.000000
17.862575,29.611790,36.382311,1231.520164,-1.422676,67.743887,8.286052,3.086772,0.000000
17.866489,29.621844,36.353284,1228.848268,-1.467591,67.749449,8.283901,3.085971,0.000000
17.870399,29.631869,36.323233,1226.185771,-1.512781,67.755007,8.282970,3.085624,0.000000
17.874293,29.641875,36.292310,1223.530769,-1.558136,67.760565,8.283076,3.085664,0.000000
17.878177,29.651867,36.260844,1220.880405,-1.603590,67.766123,8.283828,3.085944,0.000000
17.882049,29.661830,36.228104,1218.240253,-1.649175,67.771674,8.286088,3.086786,0.000000
17.885916,29.671776,36.194758,1215.604599,-1.694773,67.777223,8.289062,3.087894,0.000000
17.889776,29.681701,36.160684,1212.974334,-1.740389,67.782768,8.292892,3.089320,0.000000
17.893625,29.691599,36.125469,1210.351815,-1.785930,67.788308,8.298054,3.091243,0.000000
17.897467,29.701483,36.089720,1207.732700,-1.831407,67.793846,8.303836,3.093397,0.000000
17.901296,29.711339,36.053002,1205.119560,-1.876740,67.799378,8.310743,3.095971,0.000000
17.905116,29.721179,36.015423,1202.511231,-1.921869,67.804911,8.318651,3.098917,0.000000
17.908930,29.731007,35.977323,1199.905751,-1.966867,67.810444,8.327163,3.102087,0.000000
17.912728,29.740801,35.938042,1197.306108,-2.011480,67.815970,8.337041,3.105767,0.000000
17.916519,29.750577,35.898165,1194.709008,-2.055843,67.821494,8.347602,3.109701,0.000000
17.920303,29.760333,35.857631,1192.114715,-2.099930,67.827014,8.358916,3.113916,0.000000
17.924077,29.770061,35.816023,1189.524308,-2.143460,67.832529,8.371462,3.118590,0.000000
17.927845,29.779777,35.773929,1186.935415,-2.186707,67.838043,8.384563,3.123470,0.000000
17.931605,29.789470,35.730983,1184.349005,-2.229428,67.843557,8.398639,3.128714,0.000000
17.935352,29.799142,35.687239,1181.764327,-2.271567,67.849062,8.413621,3.134295,0.000000
17.939091,29.808801,35.643031,1179.180580,-2.313356,67.854563,8.429131,3.140073,0.000000
17.942819,29.818432,35.597804,1176.598262,-2.354291,67.860065,8.445796,3.146281,0.000000
17.946538,29.828044,35.552039,1174.016252,-2.394714,67.865563,8.463067,3.152715,0.000000
17.950248,29.837637,35.505728,1171.434554,-2.434615,67.871058,8.480955,3.159379,0.000000
17.953946,29.847202,35.458486,1168.852563,-2.473491,67.876548,8.499894,3.166434,0.000000
17.957639,29.856752,35.410837,1166.270157,-2.511881,67.882035,8.519289,3.173659,0.000000
17.961323,29.866277,35.362489,1163.686874,-2.549420,67.887518,8.539459,3.181173,0.000000
17.964994,29.875779,35.313472,1161.102043,-2.586027,67.893000,8.560374,3.188965,0.000000
17.968659,29.885268,35.264077,1158.516227,-2.622094,67.898482,8.581708,3.196912,0.000000
17.972318,29.894730,35.213881,1155.927655,-2.656920,67.903952,8.603922,3.205187,0.000000
17.975965,29.904175,35.163248,1153.337015,-2.690980,67.909422,8.626613,3.213640,0.000000
17.979599,29.913605,35.112206,1150.744434,-2.724321,67.914892,8.649752,3.222260,0.000000
17.983228,29.923001,35.060432,1148.147362,-2.756232,67.920351,8.673678,3.231173,0.000000
17.986849,29.932383,35.008357,1145.548033,-2.787489,67.925806,8.697926,3.240206,0.000000
17.990459,29.941744,34.955786,1142.944812,-2.817641,67.931258,8.722704,3.249437,0.000000
17.994059,29.951083,34.902713,1140.336796,-2.846561,67.936709,8.747997,3.258859,0.000000
17.997654,29.960409,34.849370,1137.726011,-2.874789,67.942159,8.773566,3.268384,0.000000
18.001238,29.969707,34.795483,1135.108798,-2.901494,67.947597,8.799681,3.278113,0.000000
18.004812,29.978986,34.741297,1132.487197,-2.927225,67.953033,8.826091,3.287951,0.000000
18.008377,29.988247,34.686853,1129.861801,-2.952113,67.958465,8.852756,3.297884,0.000000
18.011931,29.997472,34.631925,1127.228004,-2.975246,67.963892,8.879858,3.307981,0.000000
18.015477,30.006687,34.576816,1124.590348,-2.997611,67.969316,8.907118,3.318136,0.000000
18.019011,30.015886,34.521419,1121.946361,-3.018727,67.974736,8.934628,3.328384,0.000000
18.022535,30.025051,34.465741,1119.294650,-3.038385,67.980152,8.962356,3.338713,0.000000
18.026055,30.034202,34.409918,1116.638671,-3.057249,67.985564,8.990187,3.349081,0.000000
18.029564,30.043331,34.353820,1113.973392,-3.074430,67.990972,9.018190,3.359513,0.000000
18.033066,30.052440,34.297581,1111.301684,-3.090499,67.996372,9.046253,3.369967,0.000000
18.036562,30.061531,34.241232,1108.624851,-3.105681,68.001767,9.074366,3.380440,0.000000
18.040040,30.070587,34.184696,1105.936383,-3.118913,68.007156,9.102494,3.390919,0.000000
18.043513,30.079630,34.128105,1103.242844,-3.131325,68.012543,9.130596,3.401387,0.000000
18.046978,30.088653,34.071430,1100.541298,-3.142447,68.017925,9.158648,3.411837,0.000000
18.050429,30.097652,34.014706,1097.829719,-3.151999,68.023303,9.186568,3.422238,0.000000
18.053873,30.106637,33.957966,1095.112799,-3.160726,68.028677,9.214403,3.432608,0.000000
18.057307,30.115591,33.901216,1092.384755,-3.167762,68.034040,9.242018,3.442895,0.000000
18.060733,30.124523,33.844502,1089.648755,-3.173631,68.039397,9.269424,3.453104,0.000000
18.064155,30.133439,33.787814,1086.906920,-3.178644,68.044748,9.296677,3.463257,0.000000
18.067557,30.142325,33.731231,1084.151274,-3.181690,68.050093,9.323484,3.473243,0.000000
18.070955,30.151196,33.674720,1081.389858,-3.183931,68.055435,9.350071,3.483147,0.000000
18.074345,30.160043,33.618320,1078.619650,-3.184946,68.060774,9.376320,3.492926,0.000000
18.077720,30.168866,33.562099,1075.838022,-3.184428,68.066102,9.402065,3.502517,0.000000
18.081088,30.177674,33.505980,1073.050527,-3.183131,68.071427,9.427534,3.512004,0.000000
18.084447,30.186446,33.450088,1070.251271,-3.180286,68.076747,9.452414,3.521273,0.000000
18.087798,30.195199,33.394402,1067.443282,-3.176330,68.082059,9.476806,3.530359,0.000000
18.091144,30.203940,33.338855,1064.629384,-3.171622,68.087366,9.500867,3.539323,0.000000
18.094471,30.212650,33.283696,1061.800891,-3.165106,68.092661,9.524028,3.547951,0.000000
18.097793,30.221344,33.228715,1058.966509,-3.157883,68.097953,9.546791,3.556431,0.000000
18.101108,30.230016,33.173995,1056.123485,-3.149625,68.103242,9.568969,3.564693,0.000000
18.104407,30.238653,33.119670,1053.268804,-3.140007,68.108520,9.590290,3.572635,0.000000
18.107701,30.247274,33.065551,1050.408345,-3.129729,68.113793,9.611166,3.580412,0.000000
18.110984,30.255871,33.011846,1047.536718,-3.118193,68.119056,9.631151,3.587857,0.000000
18.114256,30.264449,32.958497,1044.656478,-3.105721,68.124316,9.650395,3.595026,0.000000
18.117520,30.273013,32.905381,1041.770610,-3.092639,68.129573,9.669151,3.602013,0.000000
18.120772,30.281535,32.852854,1038.871400,-3.078158,68.134817,9.686670,3.608539,0.000000
18.124016,30.290040,32.800604,1035.966548,-3.063110,68.140057,9.703626,3.614856,0.000000
18.127249,30.298524,32.748729,1033.054079,-3.047295,68.145289,9.719822,3.620889,0.000000
18.130472,30.306982,32.697410,1030.130964,-3.030466,68.150510,9.734877,3.626498,0.000000
18.133688,30.315425,32.646370,1027.202777,-3.013164,68.155727,9.749367,3.631896,0.000000
18.136890,30.323834,32.595873,1024.265126,-2.994993,68.160934,9.762767,3.636888,0.000000
18.140084,30.332223,32.545840,1021.319938,-2.976178,68.166133,9.775237,3.641533,0.000000
18.143273,30.340598,32.496101,1018.369999,-2.956961,68.171327,9.787115,3.645958,0.000000
18.146450,30.348932,32.447083,1015.409296,-2.936885,68.176515,9.797562,3.649850,0.000000
18.149615,30.357252,32.398411,1012.443862,-2.916460,68.181698,9.807333,3.653489,0.000000
18.152767,30.365554,32.350170,1009.472550,-2.895600,68.186873,9.816261,3.656815,0.000000
18.155913,30.373819,32.302589,1006.492792,-2.874187,68.192033,9.823882,3.659654,0.000000
18.159053,30.382070,32.255327,1003.509200,-2.852541,68.197188,9.830878,3.662261,0.000000
18.162173,30.390297,32.208658,1000.518727,-2.830498,68.202339,9.836718,3.664436,0.000000
10.693319,17.880484,43.141634,2625.890713,-1.862284,58.636466,8.152144,3.036888,0.000000
0.048558,0.048558,58.744246,4943.805008,-0.492774,45.000106,5.750060,2.142049,0.000000
0.077826,0.077826,58.704570,4941.861969,-0.488005,45.000200,5.777720,2.152353,0.000000
0.107085,0.107088,58.665210,4939.911189,-0.483038,45.000305,5.805203,2.162591,0.000000
0.136334,0.136344,58.626211,4937.951546,-0.477844,45.000425,5.832484,2.172754,0.000000
0.165573,0.165577,58.587839,4935.977556,-0.472290,45.000576,5.859386,2.182776,0.000000
0.194803,0.194804,58.549772,4933.996946,-0.466568,45.000738,5.886098,2.192726,0.000000
0.224014,0.224022,58.512264,4932.004482,-0.460547,45.000914,5.912452,2.202544,0.000000
0.253217,0.253223,58.475322,4930.001068,-0.454257,45.001115,5.938436,2.212224,0.000000
0.282415,0.282415,58.438719,4927.991150,-0.447809,45.001330,5.964194,2.221819,0.000000
0.311589,0.311595,58.402916,4925.966616,-0.440998,45.001568,5.989399,2.231209,0.000000
0.340753,0.340767,58.367567,4923.934460,-0.434004,45.001821,6.014283,2.240479,0.000000
0.369909,0.369928,58.332697,4921.894255,-0.426817,45.002091,6.038830,2.249623,0.000000
0.399047,0.399067,58.298686,4919.840357,-0.419300,45.002382,6.062741,2.258531,0.000000
0.428180,0.428200,58.265082,4917.780341,-0.411640,45.002686,6.086348,2.267325,0.000000
0.457304,0.457324,58.232199,4915.709703,-0.403733,45.003012,6.109415,2.275918,0.000000
0.486406,0.486435,58.200060,4913.628795,-0.395584,45.003360,6.131909,2.284297,0.000000
0.515497,0.515537,58.168354,4911.541986,-0.387299,45.003719,6.154066,2.292552,0.000000
0.544577,0.544617,58.137632,4909.442331,-0.378721,45.004101,6.175443,2.300515,0.000000
0.573648,0.573691,58.107492,4907.335636,-0.369984,45.004496,6.196353,2.308304,0.000000
0.602709,0.602759,58.077917,4905.222089,-0.361093,45.004904,6.216809,2.315925,0.000000
0.631742,0.631815,58.049198,4903.096688,-0.355335,45.025646,6.236576,2.323289,10.843892
0.660760,0.660870,58.020795,4900.966268,-0.349798,45.048428,6.256091,2.330559,19.000000
0.689752,0.689925,57.992899,4898.827450,-0.344078,45.071318,6.275205,2.337679,19.000000
0.718713,0.718975,57.965558,4896.680015,-0.338168,45.094310,6.293869,2.344632,19.000000
0.747658,0.748025,57.938531,4894.527774,-0.332154,45.117363,6.312276,2.351489,19.000000
0.776575,0.777080,57.912201,4892.365291,-0.325932,45.140553,6.330103,2.358130,19.000000
0.805469,0.806132,57.886314,4890.196810,-0.319582,45.163819,6.347562,2.364634,19.000000
0.834342,0.835180,57.860825,4888.022947,-0.313115,45.187154,6.364692,2.371015,19.000000
0.863181,0.864229,57.836128,4885.838822,-0.306450,45.210616,6.381141,2.377143,19.000000
0.892004,0.893278,57.811787,4883.650361,-0.299697,45.234135,6.397284,2.383156,19.000000
0.920802,0.922327,57.788033,4881.454806,-0.292799,45.257745,6.412918,2.388981,19.000000
0.949568,0.951371,57.764955,4879.251649,-0.285756,45.281452,6.427964,2.394586,19.000000
0.978316,0.980413,57.742250,4877.044397,-0.278636,45.305211,6.442685,2.400070,19.000000
1.007033,1.009456,57.720344,4874.828691,-0.271355,45.329078,6.456699,2.405290,19.000000
1.035729,1.038502,57.698963,4872.607806,-0.263982,45.353013,6.470247,2.410337,19.000000
1.064408,1.067550,57.678017,4870.382638,-0.256532,45.377006,6.483409,2.415240,19.000000
1.093046,1.096587,57.657994,4868.148897,-0.248932,45.401111,6.495735,2.419832,19.000000
1.121667,1.125626,57.638370,4865.911681,-0.241274,45.425262,6.507699,2.424289,19.000000
1.150265,1.154668,57.619384,4863.668956,-0.233523,45.449486,6.519083,2.428530,19.000000
1.178829,1.183706,57.601170,4861.420092,-0.225677,45.473796,6.529766,2.432510,19.000000
1.207377,1.212743,57.583365,4859.168043,-0.217783,45.498149,6.540073,2.436349,19.000000
1.235893,1.241785,57.566410,4856.909654,-0.209794,45.522586,6.549594,2.439896,19.000000
1.264384,1.270824,57.550045,4854.647241,-0.201751,45.547077,6.558572,2.443240,19.000000
1.292856,1.299861,57.534129,4852.381765,-0.193668,45.571608,6.567136,2.446431,19.000000
1.321292,1.328891,57.519225,4850.109907,-0.185506,45.596230,6.574757,2.449270,19.000000
1.349710,1.357923,57.504745,4847.835596,-0.177320,45.620888,6.581982,2.451961,19.000000
1.378101,1.386959,57.490922,4845.557520,-0.169099,45.645601,6.588594,2.454425,19.000000
1.406463,1.415991,57.477921,4843.275147,-0.160835,45.670377,6.594435,2.456600,19.000000
1.434808,1.445020,57.465347,4840.990652,-0.152553,45.695185,6.599874,2.458627,19.000000
1.463117,1.474050,57.453642,4838.702117,-0.144250,45.720054,6.604501,2.460350,19.000000
1.491401,1.503080,57.442560,4836.410988,-0.135941,45.744964,6.608541,2.461855,19.000000
1.519666,1.532110,57.431914,4834.118042,-0.127626,45.769903,6.612170,2.463207,19.000000
1.547895,1.561134,57.422319,4831.821280,-0.119311,45.794903,6.614808,2.464190,19.000000
1.576105,1.590158,57.413152,4829.523186,-0.111006,45.819929,6.617043,2.465023,19.000000
1.604289,1.619181,57.404624,4827.223109,-0.102716,45.844993,6.618677,2.465631,19.000000
1.632443,1.648205,57.396938,4824.920852,-0.094456,45.870096,6.619518,2.465944,19.000000
1.660579,1.677229,57.389675,4822.617607,-0.086215,45.895219,6.619959,2.466109,19.000000
1.688676,1.706252,57.383240,4820.312636,-0.078012,45.920377,6.619619,2.465982,19.000000
1.716753,1.735272,57.377438,4818.006694,-0.069852,45.945561,6.618687,2.465635,19.000000
1.744817,1.764290,57.372056,4815.700113,-0.061720,45.970763,6.617362,2.465141,19.000000
1.772832,1.793307,57.367682,4813.392511,-0.053675,45.996002,6.615089,2.464295,19.000000
1.800831,1.822325,57.363729,4811.084703,-0.045674,46.021251,6.612424,2.463302,19.000000
1.828809,1.851342,57.360364,4808.776607,-0.037735,46.046516,6.609207,2.462104,19.000000
1.856750,1.880354,57.357817,4806.468571,-0.029889,46.071800,6.605231,2.460622,19.000000
1.884675,1.909367,57.355668,4804.160686,-0.022093,46.097095,6.600885,2.459003,19.000000
1.912571,1.938384,57.354277,4801.853272,-0.014405,46.122409,6.595837,2.457123,19.000000
1.940435,1.967394,57.353484,4799.546575,-0.006811,46.147728,6.590235,2.455036,19.000000
1.968279,1.996399,57.353077,4797.240357,0.000721,46.173049,6.584276,2.452816,19.000000
1.996088,2.025410,57.353584,4794.935762,0.008096,46.198382,6.577488,2.450287,19.000000
2.023879,2.054418,57.354489,4792.632121,0.015395,46.223717,6.570336,2.447623,19.000000
2.051650,2.083423,57.355905,4790.329707,0.022594,46.249057,6.562717,2.444785,19.000000
2.079383,2.112428,57.358069,4788.029559,0.029625,46.274391,6.554423,2.441695,19.000000
2.107099,2.141433,57.360585,4785.730617,0.036575,46.299724,6.545812,2.438487,19.000000
2.134782,2.170438,57.363749,4783.434075,0.043373,46.325057,6.536619,2.435063,19.000000
2.162436,2.199443,57.367458,4781.139907,0.050030,46.350378,6.526946,2.431459,19.000000
2.190073,2.228447,57.371505,4778.847242,0.056597,46.375692,6.516976,2.427745,19.000000
2.217675,2.257446,57.376311,4776.558475,0.062944,46.401000,6.506337,2.423782,19.000000
2.245259,2.286445,57.381472,4774.271794,0.069180,46.426296,6.495392,2.419704,19.000000
2.272822,2.315443,57.387055,4771.987589,0.075283,46.451579,6.484083,2.415491,19.000000
2.300343,2.344436,57.393274,4769.707679,0.081164,46.476846,6.472227,2.411075,19.000000
2.327847,2.373429,57.399786,4767.429894,0.086941,46.502103,6.460126,2.406567,19.000000
2.355323,2.402421,57.406823,4765.156078,0.092524,46.527342,6.447585,2.401895,19.000000
2.382773,2.431413,57.414308,4762.886136,0.097918,46.552561,6.434671,2.397084,19.000000
2.410208,2.460406,57.422062,4760.618562,0.103198,46.577766,6.421533,2.392190,19.000000
2.437596,2.489398,57.430401,4758.356695,0.108224,46.602936,6.407914,2.387117,19.000000
2.464970,2.518388,57.439032,4756.097941,0.113105,46.628091,6.394067,2.381958,19.000000
2.492327,2.547374,57.447979,4753.842597,0.117830,46.653230,6.379968,2.376706,19.000000
2.519645,2.576360,57.457418,4751.593284,0.122295,46.678330,6.365482,2.371309,19.000000
2.546946,2.605346,57.467074,4749.346825,0.126634,46.703414,6.350829,2.365851,19.000000
2.574215,2.634332,57.477106,4747.105479,0.130744,46.728471,6.335892,2.360287,19.000000
2.601454,2.663314,57.487470,4744.869275,0.134643,46.753499,6.320708,2.354630,19.000000
2.628676,2.692293,57.498026,4742.636107,0.138416,46.778507,6.305383,2.348921,19.000000
2.655870,2.721273,57.508985,4740.409931,0.141893,46.803471,6.289770,2.343105,19.000000
2.683039,2.750253,57.520144,4738.187721,0.145209,46.828412,6.274020,2.337238,19.000000
2.710183,2.779233,57.531504,4735.969515,0.148360,46.853332,6.258131,2.331318,19.000000
2.737299,2.808213,57.543192,4733.758694,0.151213,46.878200,6.242030,2.325320,19.000000
2.764398,2.837191,57.555013,4731.551245,0.153929,46.903048,6.225846,2.319291,19.000000
2.791467,2.866164,57.567056,4729.349624,0.156410,46.927861,6.209526,2.313212,19.000000
2.818504,2.895138,57.579295,4727.154098,0.158651,46.952639,6.193097,2.307092,19.000000
2.845525,2.924111,57.591641,4724.962057,0.160756,46.977396,6.176610,2.300950,19.000000
2.872512,2.953085,57.604198,4722.777756,0.162560,47.002109,6.160021,2.294770,19.000000
2.899480,2.982055,57.616852,4720.598057,0.164186,47.026792,6.143393,2.288576,19.000000
2.926430,3.011022,57.629597,4718.422640,0.165646,47.051448,6.126728,2.282368,19.000000
2.953339,3.039990,57.642486,4716.255527,0.166788,47.076047,6.110030,2.276147,19.000000
2.980234,3.068957,57.655420,4714.092079,0.167789,47.100626,6.093328,2.269925,19.000000
3.007109,3.097924,57.668422,4711.934759,0.168554,47.125176,6.076627,2.263704,19.000000
3.033947,3.126892,57.681474,4709.784137,0.169071,47.149680,6.059954,2.257492,19.000000
3.060767,3.155858,57.694547,4707.637228,0.169451,47.174160,6.043301,2.251289,19.000000
3.087560,3.184819,57.707637,4705.498304,0.169532,47.198591,6.026713,2.245109,19.000000
3.114329,3.213780,57.720713,4703.364373,0.169428,47.222994,6.010183,2.238951,19.000000
3.141079,3.242741,57.733777,4701.234723,0.169165,47.247375,5.993705,2.232813,19.000000
3.167792,3.271702,57.746788,4699.113812,0.168577,47.271703,5.977362,2.226725,19.000000
3.194491,3.300661,57.759760,4696.996648,0.167854,47.296009,5.961089,2.220663,19.000000
3.221165,3.329616,57.772661,4694.885545,0.166915,47.320284,5.944933,2.214644,19.000000
3.247811,3.358570,57.785454,4692.781387,0.165721,47.344515,5.928935,2.208684,19.000000
3.274440,3.387525,57.798183,4690.680962,0.164391,47.368725,5.913026,2.202758,19.000000
3.301033,3.416480,57.810752,4688.588318,0.162781,47.392893,5.897323,2.196908,19.000000
3.327608,3.445435,57.823192,4686.500788,0.160988,47.417033,5.881771,2.191114,19.000000
3.354169,3.474390,57.835530,4684.417299,0.159052,47.441150,5.866340,2.185366,19.000000
3.380688,3.503344,57.847620,4682.342538,0.156802,47.465225,5.851199,2.179726,19.000000
3.407191,3.532297,57.859586,4680.271407,0.154426,47.489280,5.836191,2.174135,19.000000
3.433671,3.561245,57.871353,4678.205957,0.151850,47.513304,5.821392,2.168622,19.000000
3.460122,3.590194,57.882864,4676.147337,0.149033,47.537289,5.806869,2.163211,19.000000
3.486558,3.619142,57.894232,4674.092274,0.146092,47.561256,5.792495,2.157857,19.000000
3.512969,3.648091,57.905279,4672.044419,0.142903,47.585191,5.778437,2.152620,19.000000
3.539355,3.677036,57.916086,4670.001534,0.139539,47.609105,5.764616,2.147471,19.000000
3.565722,3.705978,57.926719,4667.962263,0.136049,47.633004,5.750967,2.142386,19.000000
3.592052,3.734926,57.936909,4665.931271,0.132270,47.656859,5.737743,2.137460,19.000000
3.618366,3.763872,57.946902,4663.903618,0.128376,47.680701,5.724703,2.132603,19.000000
3.644658,3.792814,57.956595,4661.881027,0.124309,47.704524,5.711943,2.127849,19.000000
3.670920,3.821757,57.965877,4659.864806,0.120030,47.728322,5.699560,2.123236,19.000000
3.697167,3.850699,57.974944,4657.851801,0.115640,47.752106,5.687373,2.118696,19.000000
3.723383,3.879641,57.983572,4655.845119,0.111028,47.775860,5.675588,2.114306,19.000000
3.749581,3.908580,57.991847,4653.843018,0.106263,47.799603,5.664113,2.110031,19.000000
3.775766,3.937516,57.999885,4651.844005,0.101393,47.823338,5.652848,2.105834,19.000000
3.801908,3.966458,58.007310,4649.852368,0.096280,47.847042,5.642117,2.101837,19.000000
3.828034,3.995397,58.014474,4647.863651,0.091068,47.870738,5.631611,2.097923,19.000000
3.854137,4.024333,58.021260,4645.879182,0.085710,47.894424,5.621434,2.094132,19.000000
3.880216,4.053269,58.027502,4643.900315,0.080170,47.918099,5.611720,2.090513,19.000000
3.906280,4.082205,58.033468,4641.924184,0.074538,47.941767,5.602240,2.086982,19.000000
3.932315,4.111141,58.038888,4639.953268,0.068730,47.965421,5.593221,2.083622,19.000000
3.958327,4.140077,58.043862,4637.986296,0.062793,47.989067,5.584573,2.080400,19.000000
3.984323,4.169013,58.048543,4636.021890,0.056773,48.012708,5.576169,2.077270,19.000000
4.010283,4.197943,58.052491,4634.063412,0.050557,48.036343,5.568365,2.074362,19.000000
4.036226,4.226875,58.056114,4632.107407,0.044261,48.059978,5.560830,2.071555,19.000000
4.062148,4.255811,58.059303,4630.154712,0.037858,48.083613,5.553653,2.068882,19.000000
4.088039,4.284742,58.061831,4628.206567,0.031303,48.107243,5.547009,2.066407,19.000000
4.113916,4.313671,58.064034,4626.260559,0.024679,48.130873,5.540626,2.064029,19.000000
4.139769,4.342601,58.065619,4624.318491,0.017930,48.154508,5.534740,2.061836,19.000000
4.165598,4.371531,58.066675,4622.379511,0.011086,48.178151,5.529277,2.059801,19.000000
4.191412,4.400461,58.067396,4620.442465,0.004180,48.201799,5.524082,2.057866,19.000000
4.217190,4.429390,58.067315,4618.509715,-0.002869,48.225453,5.519528,2.056169,19.000000
4.242951,4.458320,58.066846,4616.578826,-0.009974,48.249115,5.515277,2.054586,19.000000
4.268692,4.487250,58.065900,4614.650230,-0.017148,48.272787,5.511402,2.053142,19.000000
4.294400,4.516179,58.064212,4612.724874,-0.024430,48.296476,5.508111,2.051916,19.000000
4.320095,4.545107,58.062167,4610.800963,-0.031755,48.320172,5.505100,2.050795,19.000000
4.345766,4.574031,58.059460,4608.879610,-0.039155,48.343882,5.502605,2.049865,19.000000
4.371413,4.602958,58.056166,4606.960293,-0.046621,48.367617,5.500572,2.049108,19.000000
4.397044,4.631888,58.052510,4605.042197,-0.054127,48.391367,5.498822,2.048456,19.000000
4.422640,4.660811,58.047999,4603.126634,-0.061709,48.415140,5.497731,2.048050,19.000000
4.448222,4.689735,58.043062,4601.212165,-0.069323,48.438930,5.496973,2.047767,19.000000
4.473787,4.718658,58.037642,4599.298940,-0.076973,48.462741,5.496593,2.047625,19.000000
4.499313,4.747587,58.031418,4597.387419,-0.084679,48.486589,5.496835,2.047716,19.000000
4.524826,4.776515,58.024821,4595.476582,-0.092402,48.510456,5.497366,2.047914,19.000000
4.550315,4.805438,58.017552,4593.566877,-0.100153,48.534354,5.498416,2.048305,19.000000
4.575780,4.834362,58.009653,4591.657970,-0.107930,48.558286,5.499956,2.048878,19.000000
4.601229,4.863285,58.001378,4589.749504,-0.115720,48.582239,5.501786,2.049560,19.000000
4.626650,4.892209,57.992249,4587.841748,-0.123527,48.606237,5.504276,2.050487,19.000000
4.652052,4.921132,57.982663,4585.934179,-0.131338,48.630266,5.507118,2.051546,19.000000
4.677435,4.950055,57.972600,4584.026806,-0.139151,48.654327,5.510330,2.052743,19.000000
4.702779,4.978979,57.961709,4582.119410,-0.146959,48.678444,5.514186,2.054179,19.000000
4.728109,5.007900,57.950444,4580.211885,-0.154761,48.702589,5.518333,2.055724,19.000000
4.753417,5.036818,57.938526,4578.304061,-0.162550,48.726781,5.522987,2.057458,19.000000
4.778703,5.065739,57.925958,4576.395643,-0.170316,48.751022,5.528146,2.059380,19.000000
4.803976,5.094663,57.913017,4574.486842,-0.178069,48.775292,5.533596,2.061410,19.000000
4.829208,5.123586,57.899257,4572.576925,-0.185782,48.799628,5.539687,2.063679,19.000000
4.854425,5.152506,57.885035,4570.666163,-0.193467,48.824007,5.546143,2.066084,19.000000
4.879627,5.181423,57.870367,4568.754585,-0.201124,48.848425,5.552949,2.068620,19.000000
4.904794,5.210346,57.854874,4566.841108,-0.208718,48.872923,5.560404,2.071397,19.000000
4.929946,5.239270,57.839020,4564.926659,-0.216278,48.897455,5.568145,2.074281,19.000000
4.955072,5.268193,57.822553,4563.010507,-0.223778,48.922042,5.576368,2.077344,19.000000
4.980171,5.297112,57.805453,4561.092259,-0.231215,48.946702,5.585097,2.080596,19.000000
5.005256,5.326030,57.788001,4559.172784,-0.238614,48.971402,5.594108,2.083952,19.000000
5.030313,5.354953,57.769792,4557.250404,-0.245913,48.996183,5.603727,2.087536,19.000000
5.055348,5.383873,57.751136,4555.326044,-0.253150,49.021021,5.613709,2.091254,19.000000
5.080361,5.412791,57.732081,4553.399923,-0.260331,49.045909,5.624015,2.095094,19.000000
5.105345,5.441708,57.712237,4551.469925,-0.267389,49.070897,5.634955,2.099169,19.000000
5.130315,5.470627,57.692064,4549.538113,-0.274389,49.095928,5.646167,2.103346,19.000000
5.155259,5.499550,57.671355,4547.603282,-0.281294,49.121029,5.657823,2.107688,19.000000
5.180176,5.528469,57.650052,4545.664759,-0.288083,49.146218,5.669969,2.112213,19.000000
5.275399,5.639223,57.564304,4538.211843,-0.313192,49.243323,5.719951,2.130832,19.000000
5.370270,5.749968,57.471680,4530.701608,-0.336521,49.341618,5.775797,2.151636,19.000000
5.464798,5.860723,57.372875,4523.126641,-0.357883,49.441147,5.837058,2.174458,19.000000
5.558984,5.971468,57.268569,4515.479698,-0.377072,49.541992,5.903302,2.199135,19.000000
5.652802,6.082212,57.159196,4507.749073,-0.393762,49.644282,5.974320,2.225591,19.000000
5.746273,6.192957,57.045764,4499.932278,-0.407905,49.748008,6.049355,2.253544,19.000000
5.839371,6.303699,56.928864,4492.018387,-0.419219,49.853299,6.128030,2.282852,19.000000
5.932106,6.414436,56.809406,4484.003333,-0.427613,49.960176,6.209645,2.313256,19.000000
6.024473,6.525170,56.688244,4475.883299,-0.433012,50.068662,6.293498,2.344494,19.000000
6.116462,6.635895,56.566214,4467.648526,-0.435181,50.178865,6.378928,2.376319,19.000000
6.208067,6.746621,56.444240,4459.302203,-0.434241,50.290711,6.465071,2.408409,19.000000
6.299288,6.857339,56.323225,4450.836735,-0.430038,50.404291,6.551110,2.440461,19.000000
6.390113,6.968046,56.204057,4442.253384,-0.422657,50.519565,6.636167,2.472147,19.000000
6.480540,7.078752,56.087562,4433.553755,-0.412196,50.636498,6.719384,2.503147,19.000000
6.570561,7.189439,55.974756,4424.733415,-0.398604,50.755137,6.799720,2.533075,19.000000
6.660190,7.300117,55.866225,4415.801762,-0.382183,50.875344,6.876454,2.561660,19.000000
6.749387,7.410787,55.762943,4406.757543,-0.363006,50.997134,6.948526,2.588509,19.000000
6.838180,7.521436,55.665510,4397.608182,-0.341320,51.120401,7.015180,2.613339,19.000000
6.926557,7.632074,55.574459,4388.361367,-0.317425,51.245047,7.075735,2.635898,19.000000
7.014486,7.742688,55.490695,4379.020041,-0.291495,51.371038,7.129149,2.655795,19.000000
7.102003,7.853286,55.414252,4369.598055,-0.263965,51.498197,7.175231,2.672962,19.000000
7.189086,7.963870,55.345846,4360.101363,-0.235109,51.626453,7.213141,2.687085,19.000000
7.275728,8.074423,55.285601,4350.541821,-0.205313,51.755678,7.242658,2.698081,19.000000
7.361944,8.184954,55.233552,4340.931039,-0.174961,51.885716,7.263671,2.705909,19.000000
7.447700,8.295459,55.190189,4331.278367,-0.144446,52.016479,7.275641,2.710368,19.000000
7.533034,8.405936,55.154964,4321.597701,-0.114140,52.147792,7.279129,2.711667,19.000000
7.617913,8.516390,55.128099,4311.899745,-0.084465,52.279543,7.273931,2.709731,19.000000
7.702355,8.626816,55.109174,4302.196600,-0.055784,52.411593,7.260531,2.704739,19.000000
7.786364,8.737204,55.097725,4292.499463,-0.028431,52.543825,7.239486,2.696899,19.000000
7.869916,8.847560,55.093672,4282.820081,-0.002846,52.676109,7.210986,2.686282,19.000000
7.953040,8.957888,55.096056,4273.167602,0.020764,52.808349,7.176109,2.673289,19.000000
8.035718,9.068178,55.104559,4263.552939,0.042032,52.940431,7.135316,2.658093,19.000000
8.117961,9.178444,55.118380,4253.984179,0.060731,53.072273,7.089530,2.641037,19.000000
8.199852,9.288610,55.138564,4244.464642,0.092637,53.108303,7.037826,2.621775,0.000000
8.281509,9.398573,55.167620,4235.002137,0.123842,53.128350,6.977924,2.599460,0.000000
8.362951,9.508358,55.204209,4225.604880,0.151478,53.148546,6.911326,2.574651,0.000000
8.444175,9.617936,55.247626,4216.286624,0.175067,53.168909,6.838995,2.547706,0.000000
8.525181,9.727333,55.296615,4207.055206,0.194419,53.189433,6.762326,2.519144,0.000000
8.605972,9.836553,55.349968,4197.916533,0.209424,53.210107,6.682638,2.489458,0.000000
8.686544,9.945571,55.406633,4188.881726,0.219708,53.230955,6.601095,2.459082,0.000000
8.766910,10.054419,55.465239,4179.948982,0.225495,53.251961,6.519006,2.428501,0.000000
8.847056,10.163085,55.524634,4171.125661,0.226562,53.273140,6.437519,2.398145,0.000000
8.926999,10.271567,55.583573,4162.411139,0.223041,53.294476,6.357725,2.368420,0.000000
9.006734,10.379889,55.640935,4153.803355,0.215101,53.315979,6.280572,2.339678,0.000000
9.086260,10.488033,55.695422,4145.306352,0.202661,53.337647,6.207164,2.312332,0.000000
9.165591,10.596018,55.746135,4136.910830,0.186188,53.359483,6.138097,2.286603,0.000000
9.244716,10.703832,55.791875,4128.617219,0.165723,53.381485,6.074311,2.262841,0.000000
9.323645,10.811491,55.831750,4120.418663,0.141604,53.403662,6.016376,2.241258,0.000000
9.402379,10.918988,55.865004,4112.307557,0.114186,53.426001,5.964739,2.222022,0.000000
9.480907,11.026330,55.890461,4104.281283,0.083649,53.448519,5.920248,2.205448,0.000000
9.559247,11.133523,55.907883,4096.327170,0.050503,53.471196,5.882886,2.191530,0.000000
9.637389,11.240558,55.916307,4088.439779,0.015020,53.494053,5.853313,2.180513,0.000000
9.715341,11.347449,55.915366,4080.608782,-0.022369,53.517073,5.831679,2.172454,0.000000
9.793106,11.454198,55.904849,4072.823693,-0.061240,53.540262,5.818048,2.167376,0.000000
9.870678,11.560787,55.883924,4065.076296,-0.101244,53.563629,5.813017,2.165502,0.000000
9.948064,11.667236,55.853027,4057.353889,-0.141888,53.587165,5.816173,2.166678,0.000000
10.025247,11.773548,55.811641,4049.646438,-0.182782,53.610866,5.827922,2.171054,0.000000
10.102249,11.879705,55.759962,4041.942316,-0.223481,53.634733,5.848119,2.178578,0.000000
10.178905,11.985848,55.686466,4034.254808,-0.372306,53.868004,5.886429,2.192850,54.999999
10.254906,12.092175,55.570329,4026.592260,-0.539055,54.140578,5.960694,2.220515,54.999999
10.330282,12.198691,55.413636,4018.907655,-0.703935,54.417633,6.070274,2.261337,54.999999
10.404983,12.305407,55.215425,4011.148782,-0.865775,54.700931,6.217848,2.316312,54.999999
10.479026,12.412309,54.977382,4003.263172,-1.023494,54.992034,6.404341,2.385786,54.999999
10.552382,12.519411,54.701590,3995.198993,-1.176027,55.292448,6.630744,2.470127,54.999999
10.625005,12.626717,54.387686,3986.884095,-1.321809,55.604602,6.901456,2.570974,54.999999
10.696910,12.734230,54.039893,3978.271560,-1.459951,55.929674,7.216067,2.688175,54.999999
10.768021,12.841945,53.659052,3969.280812,-1.588747,56.270286,7.578884,2.823334,54.999999
10.838331,12.949877,53.248347,3959.845611,-1.706869,56.628395,7.991576,2.977072,54.999999
10.907812,13.058025,52.811297,3949.902219,-1.813054,57.005880,8.455202,3.149785,54.999999
10.976357,13.166407,52.349997,3939.339810,-1.904963,57.406337,8.974375,3.343191,54.999999
11.043980,13.275003,51.869647,3928.115743,-1.981849,57.830844,9.546667,3.556385,54.999999
11.110570,13.383843,51.373669,3916.118028,-2.041379,58.283008,10.174170,3.790146,54.999999
11.176083,13.492903,50.866922,3903.274012,-2.082130,58.765014,10.854418,4.043556,54.999999
11.240476,13.602199,50.354435,3889.523516,-2.102922,59.278677,11.582822,4.314906,54.999999
11.303601,13.711737,49.841467,3874.736834,-2.101087,59.828251,12.355800,4.602861,54.999999
11.365458,13.821499,49.333550,3858.911973,-2.076729,60.413605,13.162025,4.903201,54.999999
11.425901,13.931492,48.836771,3841.951894,-2.027871,61.037964,13.990894,5.211976,54.999999
11.484870,14.041704,48.356988,3823.836539,-1.954222,61.701974,14.826882,5.523404,54.999999
11.542306,14.152110,47.899598,3804.577799,-1.856181,62.405248,15.652324,5.830903,54.999999
11.598020,14.262719,47.471973,3784.124119,-1.732832,63.149673,16.444966,6.126183,54.999999
11.652047,14.373487,47.077725,3762.589657,-1.586780,63.931476,17.184882,6.401821,54.999999
11.704225,14.484401,46.723332,3740.003449,-1.418909,64.749919,17.846903,6.648441,54.999999
11.754516,14.595431,46.412722,3716.485193,-1.232047,65.601129,18.410079,6.858239,54.999999
11.802885,14.706542,46.148421,3692.185292,-1.029730,66.480209,18.858034,7.025114,54.999999
11.849187,14.817685,45.935901,3667.226025,-0.815074,67.383282,19.168418,7.140740,54.999999
11.893501,14.928837,45.773631,3641.823089,-0.593028,68.303051,19.340175,7.204724,54.999999
11.935733,15.039941,45.664234,3616.149405,-0.367906,69.233795,19.364122,7.213645,54.999999
11.975902,15.150968,45.606501,3590.403520,-0.144474,70.168737,19.245031,7.169281,54.999999
12.014064,15.261870,45.597730,3564.769250,0.072868,71.101500,18.994660,7.076011,54.999999
12.050134,15.372606,45.638062,3539.437213,0.279240,72.025538,18.619910,6.936407,54.999999
12.084272,15.483148,45.721112,3514.543052,0.471522,72.935946,18.145700,6.759751,54.999999
12.116456,15.593455,45.844479,3490.239125,0.645814,73.827339,17.587932,6.551968,54.999999
12.146766,15.703502,46.002931,3466.627614,0.799625,74.696010,16.968554,6.321233,54.999999
12.175308,15.813276,46.190723,3443.771821,0.931492,75.539571,16.308684,6.075414,54.999999
12.202061,15.922737,46.403977,3421.775435,1.038684,76.354341,15.625811,5.821026,54.999999
12.227197,16.031900,46.635766,3400.618037,1.122005,77.140898,14.937936,5.564774,54.999999
12.250727,16.140722,46.881392,3380.346338,1.180269,77.897600,14.259282,5.311958,54.999999
12.272750,16.249219,47.135324,3360.945005,1.214048,78.625009,13.601653,5.066974,54.999999
12.293358,16.357388,47.392433,3342.374409,1.224562,79.324544,12.973518,4.832977,54.999999
12.312549,16.465199,47.647800,3324.651463,1.211462,79.995838,12.383914,4.613334,54.999999
12.330470,16.572683,47.897065,3307.684779,1.177415,80.642163,11.835301,4.408961,54.999999
12.347131,16.679825,48.135762,3291.459218,1.122973,81.264351,11.332586,4.221686,54.999999
12.362596,16.786632,48.360108,3275.916171,1.049882,81.864665,10.877172,4.052033,54.999999
12.376939,16.893112,48.567086,3260.987944,0.960153,82.445712,10.468725,3.899876,54.999999
12.390154,16.999258,48.752381,3246.654370,0.854491,83.008648,10.110147,3.766296,54.999999
12.402331,17.105076,48.914643,3232.824263,0.735535,83.556804,9.797900,3.649976,54.999999
12.413475,17.210563,49.050536,3219.462517,0.604403,84.091839,9.533093,3.551328,54.999999
12.423626,17.315731,49.158286,3206.508592,0.462884,84.616159,9.314300,3.469822,54.999999
12.432820,17.420579,49.236955,3193.899312,0.312814,85.132218,9.139431,3.404678,54.999999
12.441042,17.525094,49.283350,3181.598265,0.155366,85.641842,9.010191,3.356533,54.999999
12.448350,17.629290,49.298484,3169.532717,-0.007436,86.147623,8.922943,3.324031,54.999999
12.454732,17.733145,49.280409,3157.657588,-0.174212,86.651641,8.878747,3.307567,54.999999
12.460193,17.836675,49.229040,3145.915807,-0.343348,87.156145,8.876736,3.306818,54.999999
12.464773,17.939878,49.145161,3134.250769,-0.513255,87.663292,8.915589,3.321291,54.999999
12.468403,18.042723,49.027038,3122.608503,-0.682329,88.175630,8.997745,3.351897,54.999999
12.471146,18.145221,48.877360,3110.931684,-0.849068,88.695083,9.120580,3.397656,54.999999
12.472957,18.247348,48.695729,3099.160729,-1.011763,89.224290,9.285934,3.459255,54.999999
12.473829,18.349095,48.483622,3087.236534,-1.168810,89.765572,9.493691,3.536650,54.999999
12.473772,18.450467,48.243275,3075.104535,-1.318780,90.320976,9.742979,3.629516,54.999999
12.472748,18.551402,47.976874,3062.680899,-1.408466,90.795927,10.033550,3.737761,31.650924
12.471362,18.651944,47.721375,3049.846238,-1.246974,90.824126,10.313568,3.842075,0.000000
12.469933,18.752055,47.499901,3036.557788,-1.068204,90.852227,10.547341,3.929162,0.000000
12.468463,18.851731,47.314908,3022.876638,-0.875530,90.880240,10.728030,3.996473,0.000000
12.466945,18.950966,47.167357,3008.878017,-0.672852,90.908149,10.851750,4.042562,0.000000
12.465395,19.049728,47.060879,2994.621506,-0.463774,90.935958,10.911356,4.064767,0.000000
12.463807,19.148033,46.993266,2980.203164,-0.252857,90.963664,10.909797,4.064186,0.000000
12.462177,19.245852,46.965657,2965.700426,-0.044330,90.991261,10.845937,4.040397,0.000000
12.460505,19.343197,46.976495,2951.197914,0.157611,91.018758,10.723783,3.994891,0.000000
12.458805,19.440076,47.022888,2936.772371,0.349344,91.046155,10.550120,3.930197,0.000000
12.457063,19.536453,47.104337,2922.505902,0.526491,91.073436,10.328977,3.847816,0.000000
12.455284,19.632372,47.215490,2908.452867,0.686962,91.100622,10.071180,3.751779,0.000000
12.453472,19.727826,47.353866,2894.677672,0.827565,91.127703,9.783777,3.644714,0.000000
12.451626,19.822828,47.515246,2881.224874,0.946478,91.154679,9.475605,3.529912,0.000000
12.449744,19.917390,47.694908,2868.120151,1.042968,91.181562,9.155133,3.410528,0.000000
12.447824,20.011506,47.889446,2855.412942,1.114743,91.208344,8.829504,3.289223,0.000000
12.445868,20.105212,48.093595,2843.094372,1.163088,91.235041,8.505637,3.168574,0.000000
12.443886,20.198517,48.303383,2831.187835,1.187230,91.261641,8.189334,3.050742,0.000000
12.441864,20.291426,48.514502,2819.691685,1.187901,91.288152,7.885366,2.937506,0.000000
12.439814,20.383970,48.723030,2808.589460,1.166590,91.314580,7.597078,2.830111,0.000000
12.437732,20.476136,48.924769,2797.895758,1.123104,91.340930,7.328588,2.730092,0.000000
12.435612,20.567968,49.116669,2787.570261,1.060184,91.367196,7.080797,2.637783,0.000000
12.433455,20.659452,49.295089,2777.609316,0.978599,91.393385,6.856053,2.554060,0.000000
12.431272,20.750617,49.457114,2767.989916,0.880107,91.419495,6.655262,2.479260,0.000000
12.429054,20.841484,49.600665,2758.680411,0.766862,91.445539,6.478342,2.413353,0.000000
12.426799,20.932028,49.722092,2749.675380,0.639757,91.471509,6.327181,2.357042,0.000000
12.424517,21.022284,49.820862,2740.929986,0.501466,91.497413,6.200231,2.309749,0.000000
12.422201,21.112265,49.894438,2732.427368,0.353387,91.523245,6.098377,2.271806,0.000000
12.419851,21.201955,49.941590,2724.137996,0.197430,91.549011,6.021358,2.243114,0.000000
12.417465,21.291392,49.962122,2716.027921,0.035598,91.574709,5.968290,2.223345,0.000000
12.415057,21.380545,49.953522,2708.077707,-0.130548,91.600343,5.940575,2.213020,0.000000
12.412610,21.469443,49.917298,2700.246966,-0.298914,91.625921,5.936434,2.211478,0.000000
12.410138,21.558085,49.852330,2692.508779,-0.467735,91.651431,5.956643,2.219006,0.000000
12.407626,21.646465,49.758994,2684.829789,-0.635141,91.676877,6.000982,2.235524,0.000000
12.405086,21.734603,49.638671,2677.176013,-0.799384,91.702269,6.068643,2.260729,0.000000
12.402518,21.822468,49.490476,2669.512803,-0.958304,91.727587,6.161070,2.295161,0.000000
12.399914,21.910091,49.317360,2661.805863,-1.110412,91.752848,6.276519,2.338169,0.000000
12.397287,21.997449,49.119851,2654.017268,-1.253591,91.778044,6.415627,2.389990,0.000000
12.394631,22.084540,48.899855,2646.109832,-1.386006,91.803176,6.577905,2.450443,0.000000
12.391937,22.171376,48.660045,2638.051081,-1.506249,91.828240,6.762085,2.519055,0.000000
12.389221,22.257937,48.401580,2629.791207,-1.611626,91.853246,6.968715,2.596030,0.000000
12.386478,22.344218,48.128254,2621.306528,-1.701417,91.878177,7.195123,2.680372,0.000000
12.383706,22.430218,47.842401,2612.552348,-1.773439,91.903047,7.440362,2.771731,0.000000
12.380906,22.515919,47.547237,2603.494520,-1.826250,91.927847,7.702122,2.869243,0.000000
12.378078,22.601320,47.246235,2594.111476,-1.859222,91.952571,7.977189,2.971713,0.000000
12.375229,22.686403,46.942680,2584.350985,-1.869883,91.977218,8.262810,3.078114,0.000000
12.372351,22.771168,46.640289,2574.213824,-1.858921,92.001798,8.554219,3.186672,0.000000
12.369455,22.855589,46.342762,2563.667571,-1.825109,92.026288,8.846836,3.295679,0.000000
12.366528,22.939660,46.053789,2552.701518,-1.768477,92.050713,9.135192,3.403099,0.000000
12.363590,23.023385,45.776551,2541.324822,-1.690129,92.075043,9.413788,3.506884,0.000000
12.360614,23.106708,45.515448,2529.514008,-1.589512,92.099295,9.675471,3.604368,0.000000
12.357631,23.189659,45.272589,2517.310519,-1.469459,92.123456,9.915242,3.693689,0.000000
12.354629,23.272204,45.051500,2504.722372,-1.331149,92.147534,10.126346,3.772330,0.000000
12.351599,23.354334,44.854639,2491.782454,-1.177058,92.171510,10.303348,3.838268,0.000000
12.348552,23.436051,44.683178,2478.540260,-1.010407,92.195405,10.442910,3.890259,0.000000
12.345500,23.517307,44.540464,2465.024669,-0.833715,92.219187,10.538766,3.925968,0.000000
12.342420,23.598135,44.425531,2451.305818,-0.651093,92.242886,10.591628,3.945660,0.000000
12.339325,23.678508,44.339750,2437.433258,-0.465991,92.266476,10.599196,3.948479,0.000000
12.336223,23.758418,44.282839,2423.467531,-0.282185,92.289973,10.562293,3.934732,0.000000
12.333104,23.837880,44.253099,2409.469155,-0.103180,92.313367,10.484402,3.905716,0.000000
12.329970,23.916866,44.251009,2395.497317,0.066992,92.336660,10.366238,3.861696,0.000000
12.326827,23.995405,44.272956,2381.604558,0.225722,92.359860,10.214782,3.805275,0.000000
12.323661,24.073477,44.317560,2367.843992,0.369752,92.382947,10.033961,3.737914,0.000000
12.320493,24.151089,44.382149,2354.260956,0.496606,92.405940,9.829509,3.661751,0.000000
12.317316,24.228272,44.463292,2340.886644,0.604954,92.428840,9.607789,3.579154,0.000000
12.314114,24.305003,44.558885,2327.769312,0.691904,92.451629,9.373654,3.491933,0.000000
12.310913,24.381304,44.664796,2314.916672,0.757852,92.474334,9.133329,3.402405,0.000000
12.307689,24.457181,44.778130,2302.356573,0.801495,92.496940,8.891624,3.312364,0.000000
12.304464,24.532650,44.895563,2290.101168,0.822711,92.519453,8.653150,3.223526,0.000000
12.301218,24.607717,45.013874,2278.146425,0.822490,92.541874,8.421617,3.137274,0.000000
12.297964,24.682389,45.129842,2266.514956,0.799960,92.564207,8.201081,3.055118,0.000000
12.294701,24.756684,45.240740,2255.182036,0.757486,92.586456,7.993581,2.977819,0.000000
12.291425,24.830608,45.343625,2244.150978,0.695500,92.608617,7.801838,2.906390,0.000000
12.288138,24.904169,45.435942,2233.410705,0.615389,92.630690,7.627671,2.841508,0.000000
12.284840,24.977385,45.515835,2222.937960,0.519257,92.652689,7.471807,2.783445,0.000000
12.281525,25.050251,45.580245,2212.734448,0.407726,92.674600,7.336637,2.733090,0.000000
12.278199,25.122799,45.628458,2202.763839,0.283572,92.696435,7.221513,2.690204,0.000000
12.274864,25.195007,45.658399,2193.013888,0.148220,92.718188,7.127642,2.655234,0.000000
12.271512,25.266905,45.668795,2183.462006,0.003626,92.739869,7.055352,2.628304,0.000000
12.268153,25.338486,45.659432,2174.078489,-0.147993,92.761474,7.004059,2.609196,0.000000
12.264779,25.409758,45.628174,2164.848704,-0.305017,92.782995,6.975304,2.598484,0.000000
12.261396,25.480723,45.576099,2155.736458,-0.465051,92.804452,6.967550,2.595596,0.000000
12.258000,25.551391,45.502381,2146.718474,-0.626187,92.825823,6.981391,2.600752,0.000000
12.254592,25.621760,45.407168,2137.765880,-0.786321,92.847134,7.016618,2.613875,0.000000
12.251175,25.691838,45.291647,2128.848132,-0.943523,92.868369,7.072179,2.634573,0.000000
12.247743,25.761613,45.155128,2119.935865,-1.095439,92.889526,7.149061,2.663213,0.000000
12.244304,25.831088,44.999957,2110.998421,-1.240430,92.910610,7.245313,2.699070,0.000000
12.240858,25.900271,44.826742,2102.004043,-1.376304,92.931627,7.360877,2.742120,0.000000
12.237397,25.969146,44.636940,2092.921006,-1.501112,92.952564,7.494845,2.792027,0.000000
12.233927,26.037733,44.432798,2083.722723,-1.613498,92.973435,7.645458,2.848134,0.000000
12.230448,26.105986,44.215331,2074.369197,-1.710764,92.994222,7.812373,2.910314,0.000000
12.226968,26.173951,43.987512,2064.841769,-1.792350,93.014944,7.992802,2.977529,0.000000
12.223469,26.241587,43.751273,2055.107356,-1.856322,93.035583,8.185110,3.049169,0.000000
12.219973,26.308892,43.509087,2045.139959,-1.901426,93.056150,8.386811,3.124308,0.000000
12.216460,26.375880,43.263600,2034.926389,-1.927414,93.076642,8.594839,3.201804,0.000000
12.212953,26.442508,43.017369,2024.429684,-1.932252,93.097045,8.806248,3.280559,0.000000
12.209435,26.508799,42.773043,2013.653804,-1.916979,93.117375,9.017318,3.359188,0.000000
12.205918,26.574732,42.533297,2002.580030,-1.880949,93.137626,9.224248,3.436275,0.000000
12.202390,26.640298,42.300755,1991.203274,-1.824558,93.157790,9.422967,3.510303,0.000000
12.198862,26.705500,42.077488,1979.535789,-1.749327,93.177879,9.609872,3.579930,0.000000
12.195335,26.770290,41.866530,1967.565289,-1.655275,93.197871,9.779951,3.643289,0.000000
12.191807,26.834709,41.669098,1955.324608,-1.545272,93.217786,9.930589,3.699406,0.000000
12.188280,26.898712,41.487359,1942.824489,-1.420864,93.237610,10.057842,3.746811,0.000000
12.184752,26.962308,41.322827,1930.089605,-1.284476,93.257339,10.158798,3.784419,0.000000
12.181225,27.025493,41.175927,1917.157153,-1.139186,93.276987,10.232367,3.811826,0.000000
12.177707,27.088237,41.048623,1904.049254,-0.987497,93.296537,10.275253,3.827802,0.000000
12.174188,27.150560,40.939975,1890.813619,-0.832914,93.316002,10.288928,3.832896,0.000000
12.170672,27.212449,40.850511,1877.485010,-0.678527,93.335370,10.272849,3.826906,0.000000
12.167161,27.273899,40.779813,1864.103716,-0.527557,93.354644,10.228134,3.810249,0.000000
12.163657,27.334920,40.726416,1850.709866,-0.382841,93.373826,10.157700,3.784011,0.000000
12.160154,27.395480,40.690283,1837.343122,-0.247858,93.392916,10.062509,3.748549,0.000000
12.156658,27.455610,40.668897,1824.037647,-0.124571,93.411911,9.947181,3.705587,0.000000
12.153169,27.515304,40.661008,1810.828476,-0.015651,93.430809,9.814527,3.656170,0.000000
12.149689,27.574558,40.664718,1797.746453,0.076878,93.449613,9.668205,3.601661,0.000000
12.146210,27.633400,40.677603,1784.811989,0.152100,93.468325,9.512306,3.543584,0.000000
12.142740,27.691791,40.697991,1772.058251,0.207594,93.486949,9.350038,3.483135,0.000000
12.139278,27.749779,40.723193,1759.491383,0.243838,93.505479,9.185269,3.421754,0.000000
12.135823,27.807360,40.751109,1747.130339,0.259874,93.523911,9.021169,3.360623,0.000000
12.132367,27.864528,40.779477,1734.985626,0.255599,93.542265,8.860774,3.300872,0.000000
12.128922,27.921312,40.806197,1723.054536,0.232078,93.560525,8.706507,3.243403,0.000000
12.125480,27.977681,40.828971,1711.353589,0.188686,93.578693,8.561223,3.189281,0.000000
12.122049,28.033688,40.846114,1699.867047,0.127550,93.596777,8.426324,3.139027,0.000000
12.118627,28.089315,40.855697,1688.596697,0.049321,93.614775,8.303761,3.093369,0.000000
12.115201,28.144571,40.856000,1677.536146,-0.044674,93.632687,8.194982,3.052846,0.000000
12.111784,28.199476,40.845995,1666.668017,-0.152345,93.650515,8.100517,3.017656,0.000000
12.108376,28.254007,40.823682,1655.992558,-0.272812,93.668261,8.022216,2.988487,0.000000
12.104969,28.308200,40.788784,1645.483835,-0.403459,93.685921,7.959689,2.965193,0.000000
12.101571,28.362050,40.740134,1635.130711,-0.542633,93.703502,7.913799,2.948098,0.000000
12.098180,28.415550,40.677046,1624.916016,-0.688329,93.721006,7.884878,2.937325,0.000000
12.094786,28.468721,40.599703,1614.816062,-0.838286,93.738426,7.872349,2.932657,0.000000
12.091403,28.521557,40.506962,1604.817139,-0.990580,93.755764,7.877224,2.934473,0.000000
12.088027,28.574066,40.399843,1594.891794,-1.142942,93.773026,7.898201,2.942288,0.000000
12.084655,28.626240,40.278194,1585.019928,-1.293267,93.790209,7.935345,2.956125,0.000000
12.081288,28.678093,40.142422,1575.178401,-1.439409,93.807311,7.988196,2.975813,0.000000
12.077928,28.729628,39.993734,1565.343473,-1.579542,93.824337,8.055471,3.000875,0.000000
12.074572,28.780818,39.832175,1555.490767,-1.711192,93.841282,8.137208,3.031324,0.000000
12.071227,28.831689,39.659559,1545.598148,-1.833006,93.858152,8.231471,3.066440,0.000000
12.067881,28.882230,39.476787,1535.641699,-1.942967,93.874948,8.337351,3.105883,0.000000
12.064552,28.932437,39.285185,1525.598346,-2.039363,93.891661,8.453429,3.149125,0.000000
12.061230,28.982317,39.086507,1515.451157,-2.121359,93.908299,8.577699,3.195419,0.000000
12.057909,29.031852,38.881956,1505.172780,-2.186717,93.924853,8.708734,3.244233,0.000000
12.054605,29.081050,38.673536,1494.753840,-2.235496,93.941336,8.844076,3.294651,0.000000
12.051306,29.129901,38.462817,1484.175637,-2.266591,93.957736,8.981614,3.345888,0.000000
12.048016,29.178403,38.251559,1473.424520,-2.279482,93.974061,9.118932,3.397042,0.000000
12.044732,29.226559,38.041432,1462.498355,-2.274832,93.990311,9.253649,3.447228,0.000000
12.041468,29.274336,37.834257,1451.379539,-2.251794,94.006468,9.382949,3.495395,0.000000
12.038215,29.321754,37.631434,1440.077526,-2.212119,94.022550,9.504691,3.540747,0.000000
12.034973,29.368802,37.434522,1428.589241,-2.156381,94.038557,9.616310,3.582328,0.000000
12.031744,29.415467,37.244932,1416.918922,-2.085855,94.054478,9.715475,3.619270,0.000000
12.028533,29.461756,37.063493,1405.082575,-2.002732,94.070324,9.800789,3.651052,0.000000
12.025332,29.507647,36.891741,1393.082691,-1.908301,94.086083,9.869634,3.676698,0.000000
12.022140,29.553152,36.729853,1380.944772,-1.805438,94.101758,9.921762,3.696118,0.000000
12.018972,29.598259,36.578573,1368.683953,-1.696373,94.117355,9.955957,3.708856,0.000000
12.015819,29.642958,36.438282,1356.320775,-1.583708,94.132859,9.971726,3.714730,0.000000
12.012685,29.687266,36.308572,1343.881311,-1.470178,94.148288,9.969921,3.714058,0.000000
12.009565,29.731145,36.189932,1331.385771,-1.358556,94.163625,9.950006,3.706639,0.000000
12.006463,29.774631,36.081283,1318.861775,-1.251362,94.178885,9.914045,3.693243,0.000000
12.003380,29.817701,35.982248,1306.332946,-1.151210,94.194055,9.863013,3.674232,0.000000
12.000314,29.860361,35.892073,1293.823729,-1.060582,94.209135,9.798510,3.650203,0.000000
11.997266,29.902619,35.809434,1281.355456,-0.981175,94.224132,9.722941,3.622051,0.000000
11.994242,29.944456,35.733658,1268.953276,-0.915677,94.239047,9.637793,3.590332,0.000000
11.991226,29.985896,35.663114,1256.632732,-0.864845,94.253876,9.545803,3.556063,0.000000
11.988239,30.026928,35.596624,1244.413109,-0.830276,94.268613,9.449013,3.520006,0.000000
11.985269,30.067563,35.532839,1232.310823,-0.813059,94.283272,9.349620,3.482979,0.000000
11.982317,30.107805,35.470304,1220.333487,-0.813067,94.297837,9.249767,3.445782,0.000000
11.979379,30.147650,35.407668,1208.499939,-0.831665,94.312321,9.151504,3.409176,0.000000
11.976462,30.187109,35.343597,1196.809544,-0.867706,94.326720,9.056550,3.373803,0.000000
11.973567,30.226192,35.276794,1185.270868,-0.921200,94.341033,8.966615,3.340300,0.000000
11.970688,30.264890,35.205988,1173.888306,-0.991629,94.355265,8.883236,3.309239,0.000000
11.967828,30.303223,35.130269,1162.656068,-1.077387,94.369412,8.807366,3.280976,0.000000
11.964986,30.341180,35.048266,1151.582087,-1.178224,94.383472,8.740598,3.256103,0.000000
11.962162,30.378781,34.959467,1140.653594,-1.291871,94.397457,8.683266,3.234745,0.000000
11.959356,30.416018,34.862974,1129.868276,-1.417067,94.411354,8.636251,3.217231,0.000000
11.956568,30.452902,34.758089,1119.219936,-1.552126,94.425164,8.600158,3.203785,0.000000
11.953799,30.489441,34.644704,1108.694183,-1.694856,94.438899,8.574841,3.194354,0.000000
11.951043,30.525622,34.521953,1098.287791,-1.843675,94.452556,8.561139,3.189249,0.000000
11.948307,30.561475,34.390192,1087.982195,-1.996238,94.466129,8.558369,3.188217,0.000000
11.945593,30.596983,34.249224,1077.766755,-2.150562,94.479618,8.566593,3.191281,0.000000
11.942891,30.632146,34.099066,1067.628201,-2.304561,94.493034,8.585585,3.198356,0.000000
11.940209,30.666981,33.940358,1057.549250,-2.456272,94.506375,8.614431,3.209102,0.000000
11.937545,30.701482,33.772967,1047.517907,-2.603461,94.519628,8.653095,3.223506,0.000000
11.934899,30.735646,33.597907,1037.516274,-2.744502,94.532808,8.700253,3.241073,0.000000
11.932271,30.769485,33.415633,1027.529826,-2.877513,94.545911,8.755181,3.261535,0.000000
11.929661,30.802987,33.226801,1017.543366,-3.000740,94.558928,8.816894,3.284525,0.000000
11.927070,30.836162,33.032480,1007.542883,-3.113192,94.571881,8.883982,3.309517,0.000000
7.617027,19.684699,40.847679,2616.248118,-2.176327,76.593209,10.082001,3.755811,0.000000
0.142476,0.142476,54.801630,5444.563461,-0.167805,45.000367,12.142236,4.523302,0.000000
0.265852,0.265860,54.793418,5428.316794,0.121782,45.000917,12.083881,4.501564,0.000000
0.388854,0.388870,54.884362,5412.086979,0.405638,45.001698,11.859221,4.417872,0.000000
0.511493,0.511513,55.067047,5396.081496,0.678211,45.002693,11.490044,4.280344,0.000000
0.633742,0.633785,55.341729,5380.515654,0.933230,45.003922,10.991450,4.094604,0.000000
0.755455,0.755901,55.683517,5365.541226,1.068606,45.227777,10.417317,3.880725,47.999999
0.876225,0.878264,56.057461,5351.288783,1.151376,45.519232,9.831083,3.662337,47.999999
0.996053,1.000907,56.455879,5337.785905,1.218229,45.794748,9.248859,3.445443,47.999999
1.115023,1.123791,56.872672,5324.999517,1.269997,46.055105,8.679937,3.233505,47.999999
1.233139,1.246913,57.303630,5312.960469,1.306158,46.299759,8.133128,3.029804,47.999999
1.350491,1.370243,57.743128,5301.605302,1.328153,46.530140,7.612842,2.835984,47.999999
1.467118,1.493764,58.186721,5290.918305,1.336394,46.746696,7.123445,2.653671,47.999999
1.583038,1.617482,58.629979,5280.873185,1.331542,46.950091,6.667794,2.483929,47.999999
1.698333,1.741358,59.068990,5271.406919,1.314975,47.141754,6.245603,2.326651,47.999999
1.812994,1.865396,59.499537,5262.515537,1.286878,47.321917,5.859183,2.182700,47.999999
1.927100,1.989575,59.918645,5254.129362,1.248754,47.492124,5.506092,2.051164,47.999999
2.040664,2.113897,60.322970,5246.220265,1.201259,47.653099,5.185951,1.931903,47.999999
2.153706,2.238353,60.709375,5238.756658,1.145133,47.805610,4.897807,1.824562,47.999999
2.266281,2.362930,61.076097,5231.684986,1.081517,47.950858,4.638775,1.728066,47.999999
2.378380,2.487626,61.419480,5224.994212,1.010737,48.089228,4.408930,1.642442,47.999999
2.490045,2.612445,61.738699,5218.631938,0.933893,48.221854,4.205041,1.566489,47.999999
2.601301,2.737369,62.031464,5212.574262,0.851544,48.349346,4.025986,1.499786,47.999999
2.712143,2.862404,62.295711,5206.796125,0.764261,48.472318,3.870551,1.441882,47.999999
2.822612,2.987543,62.531271,5201.259337,0.672836,48.591596,3.736364,1.391894,47.999999
2.932695,3.112797,62.735038,5195.952096,0.577595,48.707579,3.623434,1.349825,47.999999
3.042422,3.238152,62.907654,5190.838005,0.479271,48.821012,3.529546,1.314849,47.999999
3.151797,3.363606,63.047641,5185.897466,0.378305,48.932379,3.454128,1.286754,47.999999
3.260826,3.489175,63.153753,5181.109966,0.275162,49.042200,3.396681,1.265353,47.999999
3.369520,3.614845,63.226872,5176.447695,0.170385,49.151020,3.355866,1.250148,47.999999
3.477875,3.740622,63.264503,5171.895909,0.064325,49.259305,3.332285,1.241364,47.999999
3.585901,3.866510,63.268195,5167.427603,-0.042488,49.367544,3.324800,1.238576,47.999999
3.693595,3.992514,63.237203,5163.023047,-0.149645,49.476224,3.333636,1.241867,47.999999
3.800955,4.118624,63.170970,5158.660935,-0.256708,49.585855,3.359158,1.251375,47.999999
3.907988,4.244857,63.071137,5154.317903,-0.363241,49.696864,3.400917,1.266931,47.999999
4.014684,4.371208,62.935922,5149.971082,-0.468745,49.809858,3.460392,1.289087,47.999999
4.121041,4.497680,62.767579,5145.596797,-0.572822,49.925254,3.537289,1.317733,47.999999
4.227053,4.624284,62.566104,5141.169588,-0.674960,50.043643,3.632701,1.353277,47.999999
4.332699,4.751014,62.331720,5136.661156,-0.774605,50.165643,3.747921,1.396199,47.999999
4.437990,4.877876,62.066726,5132.047457,-0.871349,50.291702,3.883188,1.446590,47.999999
4.542898,5.004888,61.770375,5127.290261,-0.964428,50.422724,4.041079,1.505408,47.999999
4.647413,5.132050,61.445537,5122.364507,-1.053434,50.559150,4.221858,1.572753,47.999999
4.751529,5.259352,61.093198,5117.232812,-1.137650,50.701801,4.427434,1.649335,47.999999
4.855200,5.386822,60.714624,5111.853186,-1.216313,50.851572,4.659897,1.735934,47.999999
4.958442,5.514451,60.312826,5106.197597,-1.288957,51.008979,4.919686,1.832712,47.999999
5.061195,5.642248,59.888625,5100.204471,-1.354397,51.175422,5.210176,1.940927,47.999999
5.163460,5.770225,59.445553,5093.845713,-1.412195,51.351391,5.531320,2.060562,47.999999
5.265187,5.898396,58.985965,5087.068205,-1.461374,51.538011,5.884880,2.192273,47.999999
5.366348,6.026751,58.512611,5079.813427,-1.500878,51.736546,6.272362,2.336620,47.999999
5.466922,6.155311,58.029235,5072.052662,-1.530245,51.947496,6.692652,2.493189,47.999999
5.566841,6.284081,57.538897,5063.701012,-1.547909,52.172758,7.147376,2.662586,47.999999
5.666087,6.413060,57.045734,5054.736954,-1.553562,52.412660,7.633518,2.843686,47.999999
5.764603,6.542271,56.553726,5045.102264,-1.546171,52.668445,8.149096,3.035753,47.999999
5.862326,6.671712,56.067319,5034.737990,-1.524720,52.941352,8.690641,3.237492,47.999999
5.959247,6.801386,55.590649,5023.637764,-1.489190,53.231421,9.251682,3.446495,47.999999
6.055247,6.931311,55.129157,5011.724122,-1.438225,53.540332,9.825825,3.660378,47.999999
6.150316,7.061479,54.686821,4999.016552,-1.372311,53.867558,10.403406,3.875543,47.999999
6.244397,7.191906,54.268616,4985.495803,-1.291233,54.213447,10.973809,4.088033,47.999999
6.337395,7.322585,53.879792,4971.154925,-1.195023,54.578106,11.524286,4.293100,47.999999
6.429321,7.453516,53.523356,4956.054917,-1.084986,54.960083,12.042789,4.486256,47.999999
6.520036,7.584712,53.205566,4940.196225,-0.961369,55.359307,12.513002,4.661423,47.999999
6.609566,7.716145,52.928208,4923.679085,-0.826245,55.773453,12.923807,4.814458,47.999999
6.697838,7.847819,52.694955,4906.575153,-0.681235,56.200846,13.262076,4.940472,47.999999
6.784794,7.979730,52.509203,4888.974507,-0.528320,56.639367,13.515637,5.034930,47.999999
6.870462,8.111856,52.370524,4871.008229,-0.370209,57.085991,13.680691,5.096417,47.999999
6.954748,8.244201,52.282703,4852.781557,-0.209275,57.538247,13.747256,5.121215,47.999999
7.037707,8.376737,52.243375,4834.433914,-0.048354,57.992899,13.719183,5.110757,47.999999
7.119305,8.509445,52.252487,4816.089896,0.109883,58.447029,13.597871,5.065565,47.999999
7.199536,8.642319,52.309403,4797.876576,0.262701,58.897656,13.387698,4.987270,47.999999
7.278471,8.775332,52.409770,4779.899798,0.408000,59.342318,13.101252,4.880561,47.999999
7.356057,8.908487,52.553142,4762.280739,0.543103,59.778157,12.745430,4.748008,47.999999
7.432387,9.041749,52.733986,4745.090388,0.666679,60.203531,12.335824,4.595419,47.999999
7.507477,9.175107,52.948920,4728.405829,0.777115,60.616630,11.884449,4.427270,47.999999
7.581340,9.308555,53.194242,4712.294988,0.873015,61.015898,11.403535,4.248117,47.999999
7.654085,9.442067,53.464251,4696.770845,0.954306,61.401078,10.906064,4.062796,47.999999
7.725686,9.575649,53.755634,4681.894141,1.019682,61.770780,10.402302,3.875131,47.999999
7.796239,9.709280,54.062783,4667.645808,1.069791,62.125540,9.901917,3.688725,47.999999
7.865787,9.842951,54.381393,4654.033570,1.104581,62.465266,9.412704,3.506480,47.999999
7.934340,9.976666,54.707146,4641.060789,1.124118,62.789980,8.941396,3.330905,47.999999
8.001997,10.110409,55.035569,4628.681429,1.129610,63.100872,8.491912,3.163461,47.999999
8.068744,10.244180,55.362616,4616.906171,1.120928,63.397832,8.069223,3.005998,47.999999
8.134669,10.377968,55.684550,4605.679007,1.099504,63.682304,7.674484,2.858947,47.999999
8.199797,10.511775,55.997797,4594.975896,1.066003,63.954969,7.309474,2.722971,47.999999
8.264163,10.645594,56.300186,4584.771577,1.044228,64.164496,6.974210,2.598077,22.313541
8.328172,10.779251,56.607428,4574.982977,1.090530,64.187874,6.650535,2.477499,0.000000
8.391977,10.912660,56.925412,4565.613271,1.121377,64.211398,6.333849,2.359525,0.000000
8.455600,11.045845,57.249415,4556.640526,1.137840,64.235061,6.027901,2.245552,0.000000
8.519051,11.178817,57.575476,4548.061560,1.140265,64.258863,5.735949,2.136792,0.000000
8.582316,11.311585,57.899627,4539.872922,1.129018,64.282825,5.460744,2.034271,0.000000
8.645413,11.444168,58.218386,4532.042134,1.105461,64.306927,5.203129,1.938303,0.000000
8.708353,11.576561,58.527883,4524.572230,1.069716,64.331198,4.965226,1.849677,0.000000
8.771129,11.708794,58.825373,4517.428007,1.023198,64.355628,4.746703,1.768272,0.000000
8.833752,11.840866,59.107841,4510.593379,0.966666,64.380220,4.547949,1.694231,0.000000
8.896222,11.972782,59.372222,4504.054345,0.900803,64.404974,4.369316,1.627685,0.000000
8.958551,12.104567,59.617004,4497.777097,0.826896,64.429897,4.209583,1.568181,0.000000
9.020730,12.236216,59.838832,4491.755369,0.745392,64.454987,4.069407,1.515961,0.000000
9.082774,12.367740,60.036835,4485.957071,0.657458,64.480257,3.947411,1.470514,0.000000
9.144681,12.499140,60.209139,4480.364314,0.563869,64.505699,3.843264,1.431717,0.000000
9.206450,12.630438,60.353672,4474.961031,0.465306,64.531318,3.756862,1.399530,0.000000
9.268088,12.761623,60.470556,4469.718869,0.362776,64.557113,3.686924,1.373476,0.000000
9.329598,12.892712,60.557167,4464.626450,0.256843,64.583088,3.633992,1.353758,0.000000
9.390979,13.023709,60.614085,4459.657237,0.148408,64.609239,3.596989,1.339973,0.000000
9.452234,13.154603,60.640476,4454.792657,0.038179,64.635569,3.575845,1.332096,0.000000
9.513364,13.285411,60.635242,4450.014371,-0.073129,64.662081,3.570806,1.330219,0.000000
9.574374,13.416136,60.599709,4445.298337,-0.184767,64.688769,3.581094,1.334052,0.000000
9.635246,13.546769,60.532189,4440.626318,-0.295981,64.715634,3.607674,1.343953,0.000000
9.696005,13.677327,60.434336,4435.974783,-0.406060,64.742680,3.650010,1.359725,0.000000
9.756637,13.807789,60.306351,4431.321800,-0.514256,64.769908,3.708519,1.381521,0.000000
9.817124,13.938181,60.147215,4426.645308,-0.636235,64.829009,3.784487,1.409821,28.973755
9.877282,14.068592,59.946365,4421.946442,-0.814316,65.002887,3.884636,1.447129,54.999999
9.936965,14.199078,59.695222,4417.198410,-0.989739,65.181700,4.015749,1.495972,54.999999
9.996177,14.329628,59.396877,4412.360064,-1.161783,65.366426,4.178691,1.556672,54.999999
10.054904,14.460253,59.052057,4407.384071,-1.329537,65.558407,4.376424,1.630333,54.999999
10.113117,14.590959,58.661045,4402.213513,-1.491900,65.759287,4.613196,1.718537,54.999999
10.170808,14.721741,58.227683,4396.802059,-1.648089,65.970172,4.890858,1.821973,54.999999
10.227927,14.852599,57.751620,4391.070282,-1.796532,66.193437,5.216257,1.943193,54.999999
10.284458,14.983533,57.237041,4384.961803,-1.936268,66.430460,5.592190,2.083238,54.999999
10.340361,15.114552,56.686357,4378.396938,-2.065811,66.683473,6.024259,2.244195,54.999999
10.395572,15.245647,56.101902,4371.275073,-2.183273,66.955301,6.519677,2.428751,54.999999
10.450082,15.376817,55.488818,4363.530720,-2.287528,67.247602,7.080952,2.637841,54.999999
10.503783,15.508060,54.849755,4355.021438,-2.375867,67.564471,7.717484,2.874966,54.999999
10.556647,15.639380,54.190499,4345.668307,-2.446920,67.907960,8.430891,3.140729,54.999999
10.608591,15.770759,53.516078,4335.348599,-2.498427,68.281493,9.225224,3.436639,54.999999
10.659513,15.902209,52.832151,4323.909580,-2.527517,68.689416,10.104202,3.764081,54.999999
10.709370,16.033696,52.145448,4311.283348,-2.533041,69.133492,11.062453,4.121055,54.999999
10.757993,16.165224,51.463111,4297.276671,-2.511357,69.619335,12.098880,4.507151,54.999999
10.805338,16.296774,50.792540,4281.834513,-2.461536,70.148411,13.199859,4.917295,54.999999
10.851276,16.428324,50.141715,4264.852797,-2.381696,70.723724,14.349676,5.345632,54.999999
10.895651,16.559843,49.519765,4246.217114,-2.269733,71.348685,15.525880,5.783799,54.999999
10.938420,16.691316,48.933537,4225.971938,-2.126666,72.021987,16.698325,6.220566,54.999999
10.979359,16.822688,48.393656,4204.035515,-1.951072,72.746214,17.829787,6.642065,54.999999
11.018440,16.953927,47.906147,4180.536916,-1.745656,73.517645,18.881955,7.034025,54.999999
11.055528,17.084981,47.478459,4155.581026,-1.512711,74.333357,19.813270,7.380964,54.999999
11.090486,17.215805,47.118661,4129.306474,-1.255298,75.189435,20.579156,7.666277,54.999999
11.123334,17.346349,46.828264,4101.996668,-0.979287,76.077512,21.154091,7.880456,54.999999
11.153900,17.476535,46.614636,4073.872631,-0.689585,76.991101,21.501397,8.009836,54.999999
11.182241,17.606330,46.476339,4045.266341,-0.393181,77.920183,21.616911,8.052868,54.999999
11.208339,17.735678,46.413666,4016.482759,-0.096705,78.855474,21.499135,8.008993,54.999999
11.232139,17.864525,46.426840,3987.835413,0.192904,79.787288,21.154484,7.880602,54.999999
11.253801,17.992849,46.508803,3959.598277,0.469792,80.706991,20.616887,7.680333,54.999999
11.273269,18.120586,46.658341,3932.056439,0.727459,81.605576,19.908425,7.416412,54.999999
11.290703,18.247741,46.866708,3905.393167,0.961953,82.477039,19.072302,7.104934,54.999999
11.306173,18.374299,47.127409,3879.773648,1.169580,83.315976,18.145022,6.759498,54.999999
11.319745,18.500232,47.434225,3855.347435,1.346904,84.117444,17.161356,6.393057,54.999999
11.331600,18.625576,47.777294,3832.125325,1.493904,84.880904,16.155801,6.018461,54.999999
11.341754,18.750301,48.150498,3810.205632,1.608288,85.603124,15.155592,5.645857,54.999999
11.350375,18.874447,48.544905,3789.534697,1.691522,86.285745,14.182629,5.283402,54.999999
11.357567,18.998023,48.953245,3770.089690,1.744297,86.929497,13.253442,4.937256,54.999999
11.363379,19.121043,49.368605,3751.856666,1.767056,87.534917,12.381477,4.612426,54.999999
11.367959,19.243542,49.784163,3734.715515,1.762902,88.105959,11.571295,4.310612,54.999999
11.371337,19.365521,50.193609,3718.653168,1.732293,88.643283,10.830500,4.034646,54.999999
11.373619,19.487024,50.591585,3703.551979,1.678258,89.150840,10.157838,3.784062,54.999999
11.374888,19.608052,50.973061,3689.339311,1.602743,89.631222,9.553061,3.558767,54.999999
11.375164,19.728631,51.332825,3675.962057,1.507223,90.086457,9.016297,3.358808,54.999999
11.374554,19.848792,51.668016,3663.305453,1.394653,90.520436,8.541565,3.181958,54.999999
11.373045,19.968534,51.973578,3651.334177,1.266085,90.934687,8.129026,3.028276,54.999999
11.370728,20.087885,52.247545,3639.952595,1.123995,91.332485,7.773002,2.895648,54.999999
11.367633,20.206854,52.487152,3629.097649,0.970067,91.716132,7.470497,2.782957,54.999999
11.363762,20.325444,52.688973,3618.720381,0.805683,92.087570,7.220028,2.689651,54.999999
11.359181,20.443680,52.853007,3608.738453,0.632917,92.449543,7.016377,2.613785,54.999999
11.353864,20.561565,52.975580,3599.113973,0.452883,92.803687,6.859726,2.555429,54.999999
11.347872,20.679100,53.057032,3589.777682,0.267313,93.152329,6.746432,2.513223,54.999999
11.341198,20.796292,53.096353,3580.676843,0.077594,93.497388,6.675223,2.486696,54.999999
11.333843,20.913141,53.091630,3571.763250,-0.114986,93.840753,6.646440,2.475974,54.999999
11.325845,21.029663,53.044776,3562.975281,-0.308954,94.184386,6.657500,2.480094,54.999999
11.317157,21.145832,52.953533,3554.264002,-0.502980,94.530278,6.710566,2.499862,54.999999
11.307813,21.261656,52.819875,3545.571320,-0.695693,94.880309,6.804522,2.534863,54.999999
11.297793,21.377144,52.644324,3536.841345,-0.885728,95.236461,6.940313,2.585449,54.999999
11.287079,21.492255,52.426534,3528.011567,-1.071508,95.601074,7.120595,2.652609,54.999999
11.275684,21.607011,52.169864,3519.026483,-1.251808,95.975844,7.344719,2.736101,54.999999
11.263667,21.721385,51.880784,3509.793556,-1.321958,96.165995,7.609512,2.834743,0.000000
11.251556,21.835440,51.592637,3500.202358,-1.292784,96.194064,7.880971,2.935869,0.000000
11.239425,21.949179,51.313272,3490.229650,-1.248464,96.222036,8.150046,3.036107,0.000000
11.227269,22.062576,51.046396,3479.859956,-1.188732,96.249919,8.411664,3.133566,0.000000
11.215094,22.175639,50.794493,3469.117117,-1.114846,96.277708,8.661181,3.226518,0.000000
11.202910,22.288329,50.561468,3457.992833,-1.026891,96.305397,8.892487,3.312685,0.000000
11.190706,22.400657,50.349415,3446.519892,-0.926501,96.333000,9.100985,3.390356,0.000000
11.178492,22.512600,50.160759,3434.724202,-0.815084,96.360496,9.281786,3.457710,0.000000
11.166267,22.624145,49.998431,3422.630291,-0.694066,96.387894,9.429401,3.512700,0.000000
11.154034,22.735298,49.862699,3410.292786,-0.565883,96.415189,9.541951,3.554628,0.000000
11.141793,22.846030,49.756185,3397.746142,-0.432418,96.442384,9.614833,3.581778,0.000000
11.129541,22.956342,49.678517,3385.048093,-0.296218,96.469484,9.647919,3.594104,0.000000
11.117288,23.066244,49.629843,3372.250593,-0.159652,96.496476,9.640891,3.591486,0.000000
11.105036,23.175706,49.610731,3359.406282,-0.025242,96.523360,9.593347,3.573774,0.000000
11.092774,23.284748,49.618819,3346.569784,0.104809,96.550142,9.509360,3.542487,0.000000
11.080511,23.393358,49.654121,3333.794429,0.227963,96.576819,9.390178,3.498088,0.000000
11.068239,23.501542,49.713906,3321.126157,0.342422,96.603401,9.240946,3.442496,0.000000
11.055976,23.609319,49.796002,3308.607662,0.446409,96.629866,9.066108,3.377364,0.000000
11.043704,23.716660,49.898590,3296.283641,0.537994,96.656236,8.869855,3.304254,0.000000
11.031432,23.823599,50.017937,3284.175770,0.616617,96.682505,8.658202,3.225408,0.000000
11.019157,23.930125,50.151887,3272.322415,0.680635,96.708668,8.435456,3.142429,0.000000
11.006878,24.036263,50.296873,3260.735084,0.729928,96.734735,8.206759,3.057234,0.000000
10.994594,24.142023,50.449823,3249.427601,0.764184,96.760697,7.976433,2.971431,0.000000
10.982308,24.247397,50.607757,3238.418880,0.782813,96.786563,7.748527,2.886530,0.000000
10.970013,24.352416,50.767399,3227.697285,0.786781,96.812337,7.526312,2.803749,0.000000
10.957715,24.457062,50.925765,3217.277165,0.775709,96.838007,7.313135,2.724335,0.000000
10.945412,24.561376,51.080014,3207.143724,0.750679,96.863581,7.111177,2.649101,0.000000
10.933102,24.665349,51.227476,3197.288676,0.712412,96.889068,6.922405,2.578778,0.000000
10.920782,24.768996,51.365292,3187.710545,0.661311,96.914456,6.748955,2.514163,0.000000
10.908461,24.872326,51.491661,3178.381929,0.598976,96.939760,6.591253,2.455415,0.000000
10.896118,24.975348,51.603816,3169.299981,0.525868,96.964966,6.451088,2.403200,0.000000
10.883777,25.078064,51.700328,3160.439289,0.443436,96.990088,6.328567,2.357558,0.000000
10.871418,25.180496,51.779600,3151.781128,0.352807,97.015114,6.224134,2.318654,0.000000
10.859055,25.282627,51.839517,3143.312177,0.254921,97.040059,6.138783,2.286858,0.000000
10.846683,25.384487,51.879943,3135.002103,0.151314,97.064912,6.071729,2.261879,0.000000
10.834298,25.486063,51.898910,3126.836640,0.042938,97.089683,6.024050,2.244117,0.000000
10.821898,25.587370,51.896420,3118.788231,-0.068804,97.114358,5.995176,2.233361,0.000000
10.809485,25.688411,51.872087,3110.833440,-0.182693,97.138959,5.985076,2.229598,0.000000
10.797069,25.789175,51.824914,3102.950435,-0.297511,97.163468,5.994421,2.233079,0.000000
10.784644,25.889686,51.756138,3095.110972,-0.411977,97.187893,6.022143,2.243407,0.000000
10.772201,25.989922,51.664935,3087.290876,-0.524788,97.212233,6.069107,2.260902,0.000000
10.759746,26.089899,51.552569,3079.463118,-0.634734,97.236494,6.134562,2.285286,0.000000
10.747291,26.189621,51.419867,3071.601359,-0.740601,97.260666,6.218260,2.316465,0.000000
10.734823,26.289064,51.267105,3063.675935,-0.840941,97.284748,6.320590,2.354586,0.000000
10.722345,26.388247,51.096563,3055.663202,-0.934856,97.308755,6.440187,2.399139,0.000000
10.709856,26.487159,50.908832,3047.530193,-1.020766,97.332676,6.577376,2.450246,0.000000
10.697361,26.585796,50.706158,3039.253002,-1.097769,97.356512,6.730866,2.507425,0.000000
10.684869,26.684160,50.490452,3030.805564,-1.164796,97.380264,6.899648,2.570301,0.000000
10.672367,26.782221,50.263386,3022.154044,-1.220375,97.403933,7.083013,2.638609,0.000000
10.659854,26.880013,50.027794,3013.284689,-1.264171,97.427518,7.278667,2.711495,0.000000
10.647349,26.977487,49.785719,3004.162463,-1.294711,97.451008,7.485274,2.788462,0.000000
10.634840,27.074667,49.539943,2994.774148,-1.311687,97.474422,7.700197,2.868526,0.000000
10.622328,27.171526,49.293083,2985.103207,-1.314611,97.497750,7.920768,2.950694,0.000000
10.609815,27.268066,49.047923,2975.123763,-1.302558,97.520983,8.144007,3.033857,0.000000
10.597313,27.364270,48.807056,2964.842139,-1.276180,97.544132,8.366417,3.116710,0.000000
10.584814,27.460130,48.573492,2954.237448,-1.234856,97.567200,8.584119,3.197810,0.000000
10.572325,27.555639,48.349671,2943.319379,-1.179413,97.590172,8.793284,3.275730,0.000000
10.559838,27.650795,48.138009,2932.094898,-1.110539,97.613058,8.989970,3.349000,0.000000
10.547369,27.745564,47.941420,2920.563980,-1.028673,97.635845,9.169495,3.415878,0.000000
10.534909,27.839959,47.761173,2908.760008,-0.935708,97.658557,9.329009,3.475301,0.000000
10.522465,27.933961,47.599980,2896.693015,-0.832615,97.681169,9.463922,3.525560,0.000000
10.510035,28.027567,47.458776,2884.399509,-0.721418,97.703686,9.571973,3.565812,0.000000
10.497618,28.120778,47.338596,2871.913256,-0.604079,97.726116,9.651031,3.595263,0.000000
10.485222,28.213555,47.241072,2859.265197,-0.482528,97.748447,9.698334,3.612885,0.000000
10.472845,28.305932,47.165336,2846.503042,-0.359156,97.770693,9.714893,3.619053,0.000000
10.460488,28.397878,47.112430,2833.663696,-0.236192,97.792837,9.699357,3.613266,0.000000
10.448154,28.489404,47.081236,2820.791773,-0.115868,97.814890,9.653710,3.596261,0.000000
10.435840,28.580511,47.070788,2807.928180,-0.000279,97.836845,9.579931,3.568776,0.000000
10.423545,28.671185,47.080688,2795.114761,0.108253,97.858714,9.479516,3.531369,0.000000
10.411277,28.761440,47.108325,2782.385382,0.208311,97.880481,9.356918,3.485698,0.000000
10.399028,28.851276,47.152740,2769.778944,0.297794,97.902158,9.214607,3.432684,0.000000
10.386806,28.940700,47.211388,2757.322073,0.375627,97.923738,9.056905,3.373936,0.000000
10.374603,29.029716,47.281988,2745.038903,0.440792,97.945223,8.887674,3.310892,0.000000
10.362417,29.118308,47.362563,2732.958491,0.491919,97.966618,8.710405,3.244855,0.000000
10.350261,29.206529,47.450159,2721.086060,0.529200,97.987919,8.529121,3.177322,0.000000
10.338120,29.294343,47.542575,2709.444189,0.551656,98.009129,8.347125,3.109524,0.000000
10.326002,29.381779,47.637164,2698.034129,0.559661,98.030247,8.167588,3.042642,0.000000
10.313905,29.468850,47.731524,2686.857828,0.553489,98.051273,7.993232,2.977689,0.000000
10.301825,29.555538,47.823167,2675.924961,0.532981,98.072207,7.826823,2.915698,0.000000
10.289755,29.641880,47.910034,2665.218997,0.499469,98.093048,7.669993,2.857274,0.000000
10.277710,29.727870,47.989724,2654.744612,0.453060,98.113809,7.525024,2.803270,0.000000
10.265678,29.813516,48.060454,2644.486328,0.395005,98.134470,7.393062,2.754110,0.000000
10.253666,29.898823,48.120550,2634.431360,0.326342,98.155053,7.275168,2.710191,0.000000
10.241668,29.983798,48.167904,2624.574290,0.247771,98.175536,7.172914,2.672099,0.000000
10.229688,30.068455,48.201827,2614.889401,0.160961,98.195945,7.086162,2.639782,0.000000
10.217717,30.152791,48.220464,2605.367924,0.066770,98.216257,7.016231,2.613731,0.000000
10.205756,30.236813,48.223254,2595.987167,-0.033312,98.236487,6.963061,2.593924,0.000000
10.193817,30.320543,48.209592,2586.726983,-0.137962,98.256635,6.926769,2.580404,0.000000
10.181890,30.403944,48.178222,2577.571138,-0.245973,98.276696,6.908228,2.573497,0.000000
10.169974,30.487056,48.129824,2568.492901,-0.355813,98.296672,6.906506,2.572855,0.000000
10.158073,30.569866,48.063490,2559.473295,-0.466174,98.316561,6.922370,2.578765,0.000000
10.146185,30.652379,47.979835,2550.487649,-0.575645,98.336368,6.955204,2.590996,0.000000
10.134317,30.734597,47.879371,2541.512648,-0.682899,98.356089,7.004617,2.609404,0.000000
10.122453,30.816506,47.761985,2532.523759,-0.786409,98.375727,7.070954,2.634116,0.000000
10.110609,30.898126,47.629373,2523.497993,-0.885075,98.395282,7.152809,2.664610,0.000000
10.098787,30.979448,47.481821,2514.408738,-0.977319,98.414760,7.250297,2.700926,0.000000
10.086973,31.060464,47.320925,2505.233358,-1.062051,98.434150,7.362221,2.742621,0.000000
10.075177,31.141175,47.148148,2495.949490,-1.138165,98.453462,7.487493,2.789288,0.000000
10.063395,31.221581,46.964584,2486.528408,-1.204103,98.472687,7.625467,2.840687,0.000000
10.051632,31.301670,46.772505,2476.956257,-1.259429,98.491830,7.774053,2.896039,0.000000
10.039896,31.381445,46.573366,2467.204932,-1.302711,98.510893,7.932067,2.954904,0.000000
10.028169,31.460894,46.369313,2457.260310,-1.333474,98.529875,8.097340,3.016472,0.000000
10.016470,31.540020,46.162396,2447.108479,-1.351242,98.548777,8.267674,3.079926,0.000000
10.004797,31.618795,45.954661,2436.726205,-1.355001,98.567599,8.440768,3.144408,0.000000
9.993144,31.697243,45.748232,2426.116256,-1.345314,98.586337,8.613876,3.208895,0.000000
9.981518,31.775330,45.545327,2415.260985,-1.321538,98.604994,8.784116,3.272314,0.000000
9.969920,31.853066,45.347938,2404.163762,-1.284290,98.623568,8.948598,3.333588,0.000000
9.958351,31.930443,45.157936,2392.828625,-1.234196,98.642062,9.104461,3.391651,0.000000
9.946814,32.007433,44.977583,2381.251019,-1.171469,98.660476,9.248239,3.445212,0.000000
9.935304,32.084058,44.807994,2369.454590,-1.097823,98.678806,9.377853,3.493497,0.000000
9.923835,32.160283,44.651188,2357.443878,-1.014032,98.697055,9.490016,3.535281,0.000000
9.912395,32.236123,44.508145,2345.242880,-0.921834,98.715222,9.582911,3.569886,0.000000
9.900984,32.311564,44.379665,2332.875525,-0.822971,98.733307,9.655008,3.596744,0.000000
9.889624,32.386595,44.267167,2320.360832,-0.719071,98.751308,9.704023,3.615004,0.000000
9.878293,32.461225,44.170167,2307.734511,-0.612334,98.769236,9.730552,3.624887,0.000000
9.867002,32.535442,44.089523,2295.021642,-0.504701,98.787067,9.733414,3.625953,0.000000
9.855756,32.609237,44.024665,2282.255248,-0.398250,98.804826,9.713639,3.618586,0.000000
9.844537,32.682624,43.974948,2269.466228,-0.294932,98.822493,9.672499,3.603260,0.000000
9.833370,32.755587,43.940269,2256.685341,-0.196899,98.840082,9.610612,3.580206,0.000000
9.822240,32.828140,43.918825,2243.940836,-0.105625,98.857588,9.531085,3.550580,0.000000
9.811153,32.900272,43.909958,2231.262311,-0.023077,98.875014,9.435453,3.514955,0.000000
9.800108,32.971993,43.911948,2218.673467,0.049511,98.892350,9.326678,3.474433,0.000000
9.789101,33.043306,43.923117,2206.194953,0.111082,98.909608,9.207577,3.430065,0.000000
9.778139,33.114206,43.942107,2193.852037,0.160109,98.926776,9.080574,3.382753,0.000000
9.767215,33.184715,43.966716,2181.652786,0.196601,98.943860,8.948829,3.333674,0.000000
9.756332,33.254820,43.995321,2169.616833,0.219509,98.960867,8.814838,3.283759,0.000000
9.745485,33.324535,44.025957,2157.750044,0.228893,98.977785,8.681195,3.233973,0.000000
9.734683,33.393865,44.056797,2146.056347,0.224947,98.994626,8.550171,3.185164,0.000000
9.723914,33.462817,44.085962,2134.547333,0.207269,99.011375,8.424103,3.138200,0.000000
9.713182,33.531395,44.111850,2123.212800,0.177063,99.028041,8.304560,3.093667,0.000000
9.702491,33.599604,44.132661,2112.058412,0.134354,99.044630,8.193520,3.052302,0.000000
9.691835,33.667447,44.146970,2101.075366,0.080201,99.061134,8.092224,3.014566,0.000000
9.681216,33.734950,44.153519,2090.254427,0.015643,99.077553,8.001703,2.980845,0.000000
9.670628,33.802083,44.150635,2079.593849,-0.058735,99.093895,7.923502,2.951713,0.000000
9.660078,33.868880,44.137815,2069.073674,-0.141263,99.110152,7.857687,2.927195,0.000000
9.649569,33.935329,44.113682,2058.687501,-0.231052,99.126324,7.805446,2.907734,0.000000
9.639089,34.001444,44.077735,2048.418242,-0.326649,99.142417,7.766931,2.893386,0.000000
9.628638,34.067231,44.029616,2038.249260,-0.426648,99.158431,7.742230,2.884184,0.000000
9.618228,34.132674,43.968346,2028.168145,-0.529811,99.174356,7.732169,2.880436,0.000000
9.607846,34.197801,43.894519,2018.152677,-0.634560,99.190206,7.735912,2.881831,0.000000
9.597505,34.262593,43.807546,2008.187286,-0.739500,99.205979,7.753966,2.888557,0.000000
9.587193,34.327060,43.707912,1998.251874,-0.843189,99.221664,7.785776,2.900406,0.000000
9.576919,34.391205,43.596150,1988.327167,-0.944260,99.237271,7.830759,2.917164,0.000000
9.566673,34.455017,43.472231,1978.393225,-1.041129,99.252807,7.889016,2.938866,0.000000
9.556463,34.518512,43.337553,1968.431331,-1.132725,99.268257,7.959118,2.964981,0.000000
9.546290,34.581683,43.192483,1958.420508,-1.217499,99.283634,8.040766,2.995397,0.000000
9.536152,34.644518,43.038262,1948.342638,-1.294375,99.298931,8.132735,3.029658,0.000000
9.526050,34.707031,42.876125,1938.180978,-1.362384,99.314151,8.233751,3.067289,0.000000
9.515986,34.769202,42.706987,1927.913353,-1.420052,99.329293,8.342888,3.107945,0.000000
9.505959,34.831046,42.532568,1917.530265,-1.467137,99.344360,8.458221,3.150910,0.000000
9.495967,34.892540,42.354083,1907.012024,-1.502434,99.359345,8.578359,3.195664,0.000000
9.486015,34.953689,42.173093,1896.348820,-1.525655,99.374266,8.701403,3.241502,0.000000
9.476112,35.014508,41.991100,1885.533055,-1.536650,99.389102,8.825444,3.287710,0.000000
9.466244,35.074952,41.809642,1874.549005,-1.534660,99.403874,8.948424,3.333524,0.000000
9.456414,35.135050,41.630144,1863.401652,-1.520537,99.418563,9.068373,3.378208,0.000000
9.446635,35.194779,41.454154,1852.081634,-1.494058,99.433184,9.183040,3.420924,0.000000
9.436901,35.254146,41.282985,1840.593289,-1.456012,99.447731,9.290465,3.460943,0.000000
9.427204,35.313136,41.117769,1828.943361,-1.407342,99.462204,9.388873,3.497602,0.000000
9.417562,35.371741,40.960011,1817.131073,-1.348564,99.476606,9.475929,3.530033,0.000000
9.407966,35.429973,40.810227,1805.175847,-1.281444,99.490934,9.550752,3.557907,0.000000
9.398419,35.487816,40.669586,1793.084315,-1.207031,99.505196,9.611477,3.580528,0.000000
9.388923,35.545263,40.538560,1780.874424,-1.127037,99.519379,9.657364,3.597622,0.000000
9.379476,35.602322,40.417396,1768.565037,-1.043161,99.533495,9.688037,3.609049,0.000000
9.370078,35.658965,40.306829,1756.170904,-0.957071,99.547538,9.702423,3.614408,0.000000
9.360738,35.715226,40.206257,1743.716880,-0.870666,99.561507,9.701578,3.614093,0.000000
9.351451,35.771077,40.115925,1731.221525,-0.785760,99.575409,9.685305,3.608031,0.000000
9.342211,35.826517,40.035258,1718.706958,-0.704113,99.589232,9.654697,3.596629,0.000000
9.333028,35.881570,39.963550,1706.193863,-0.627329,99.602988,9.611090,3.580384,0.000000
9.323904,35.936198,39.900490,1693.703542,-0.557308,99.616666,9.555249,3.559582,0.000000
9.314826,35.990443,39.844713,1681.253499,-0.495049,99.630280,9.489456,3.535072,0.000000
9.305805,36.044269,39.795509,1668.863485,-0.442182,99.643812,9.415036,3.507349,0.000000
9.296839,36.097703,39.751650,1656.548665,-0.399608,99.657268,9.333997,3.477159,0.000000
9.287930,36.150742,39.711899,1644.321444,-0.367964,99.670661,9.248285,3.445229,0.000000
9.279070,36.203378,39.675172,1632.199129,-0.348502,99.683970,9.159617,3.412198,0.000000
9.270258,36.255640,39.640051,1620.185226,-0.340896,99.697213,9.069965,3.378801,0.000000
9.261508,36.307499,39.605333,1608.292265,-0.345848,99.710375,8.981047,3.345676,0.000000
9.252806,36.358978,39.569751,1596.523728,-0.363119,99.723462,8.894493,3.313433,0.000000
9.244161,36.410088,39.532151,1584.880527,-0.392254,99.736475,8.811712,3.282595,0.000000
9.235565,36.460808,39.491222,1573.370646,-0.433439,99.749413,8.734314,3.253762,0.000000
9.227015,36.511165,39.446120,1561.985342,-0.485367,99.762278,8.663146,3.227250,0.000000
9.218521,36.561154,39.395671,1550.727266,-0.547719,99.775067,8.599513,3.203545,0.000000
9.210073,36.610779,39.339082,1539.589808,-0.619405,99.787780,8.544165,3.182926,0.000000
9.201682,36.660048,39.275722,1528.564703,-0.699230,99.800418,8.497625,3.165589,0.000000
9.193336,36.708955,39.204570,1517.650017,-0.786446,99.812973,8.460945,3.151925,0.000000
9.185036,36.757517,39.125577,1506.830303,-0.879374,99.825454,8.433924,3.141858,0.000000
9.176792,36.805728,39.038024,1496.099313,-0.976940,99.837869,8.417230,3.135640,0.000000
9.168594,36.853584,38.941809,1485.444283,-1.077712,99.850198,8.410810,3.133248,0.000000
9.160442,36.901112,38.836997,1474.851895,-1.180258,99.862462,8.414434,3.134598,0.000000
9.152340,36.948276,38.723133,1464.312086,-1.283199,99.874644,8.428481,3.139831,0.000000
9.144286,36.995115,38.600935,1453.808474,-1.385128,99.886751,8.452034,3.148605,0.000000
9.136282,37.041602,38.470317,1443.328654,-1.484615,99.898784,8.485071,3.160912,0.000000
9.128324,37.087755,38.331824,1432.858155,-1.580342,99.910753,8.526892,3.176492,0.000000
9.120412,37.133579,38.186120,1422.383232,-1.671138,99.922638,8.576662,3.195032,0.000000
9.112556,37.179040,38.033444,1411.889256,-1.755488,99.934459,8.633985,3.216387,0.000000
9.104745,37.224176,37.874932,1401.364322,-1.832707,99.946204,8.697507,3.240050,0.000000
9.096984,37.268969,37.711125,1390.794408,-1.901501,99.957879,8.766456,3.265735,0.000000
9.089280,37.313418,37.542971,1380.168330,-1.961164,99.969478,8.839617,3.292990,0.000000
9.081612,37.357519,37.371439,1369.476974,-2.011231,99.981014,8.915727,3.321343,0.000000
9.074009,37.401272,37.197317,1358.706938,-2.050635,99.992485,8.993607,3.350355,0.000000
9.066453,37.444680,37.021714,1347.855334,-2.079720,100.003880,9.071839,3.379499,0.000000
9.058945,37.487736,36.845528,1336.912591,-2.097931,100.015215,9.149065,3.408267,0.000000
9.051495,37.530441,36.669704,1325.875634,-2.105509,100.026481,9.223927,3.436156,0.000000
9.044101,37.572789,36.495104,1314.744194,-2.102995,100.037680,9.295189,3.462703,0.000000
9.036753,37.614767,36.322686,1303.512522,-2.090327,100.048810,9.361319,3.487338,0.000000
9.029469,37.656390,36.153064,1292.188324,-2.068835,100.059883,9.421481,3.509749,0.000000
9.022237,37.697645,35.987064,1280.771370,-2.039078,100.070886,9.474371,3.529453,0.000000
9.015061,37.738537,35.825210,1269.268494,-2.002247,100.081824,9.519193,3.546150,0.000000
9.007941,37.779062,35.667884,1257.688657,-1.959711,100.092707,9.555438,3.559652,0.000000
9.000880,37.819202,35.515703,1246.036784,-1.912574,100.103521,9.582083,3.569578,0.000000
8.993876,37.858977,35.368596,1234.327442,-1.862572,100.114269,9.599428,3.576040,0.000000
8.986930,37.898373,35.226874,1222.569815,-1.811145,100.124958,9.607014,3.578865,0.000000
8.980042,37.937393,35.090442,1210.777046,-1.759901,100.135584,9.605114,3.578158,0.000000
8.973210,37.976036,34.959054,1198.962528,-1.710371,100.146155,9.594286,3.574124,0.000000
8.966447,38.014290,34.832710,1187.139034,-1.664287,100.156647,9.574592,3.566787,0.000000
8.959741,38.052170,34.710751,1175.320327,-1.622889,100.167093,9.547288,3.556616,0.000000
8.953095,38.089673,34.592882,1163.519940,-1.587753,100.177460,9.512940,3.543820,0.000000
8.946509,38.126795,34.478495,1151.750573,-1.560084,100.187770,9.472633,3.528805,0.000000
8.939979,38.163543,34.366904,1140.023248,-1.540782,100.198023,9.427552,3.512011,0.000000
8.933518,38.199911,34.257556,1128.352251,-1.531326,100.208199,9.378608,3.493778,0.000000
8.927104,38.235906,34.149612,1116.744186,-1.531841,100.218317,9.327185,3.474622,0.000000
8.920758,38.271533,34.042379,1105.210763,-1.543309,100.228363,9.274349,3.454939,0.000000
8.914476,38.306776,33.935072,1093.758999,-1.565959,100.238348,9.221264,3.435163,0.000000
8.908247,38.341673,33.826982,1082.393247,-1.599678,100.248262,9.168987,3.415689,0.000000
8.902075,38.376184,33.717280,1071.123960,-1.645067,100.258116,9.118634,3.396931,0.000000
8.895968,38.410349,33.605389,1059.948803,-1.701175,100.267895,9.071007,3.379189,0.000000
8.889912,38.444145,33.490555,1048.873931,-1.768014,100.277611,9.027058,3.362817,0.000000
8.883919,38.477588,33.372205,1037.899197,-1.844856,100.287259,8.987490,3.348077,0.000000
8.877985,38.510686,33.249911,1027.021805,-1.930735,100.296841,8.952802,3.335154,0.000000
8.872101,38.543422,33.122947,1016.245855,-2.025237,100.306344,8.923818,3.324357,0.000000
8.866282,38.575820,32.991221,1005.562242,-2.126844,100.315783,8.900572,3.315697,0.000000
6.839934,29.760602,38.785796,1990.726423,-1.820933,87.633118,8.398081,3.128506,0.000000
0.132467,0.132467,58.567321,5326.340809,-0.410642,45.000386,6.842518,2.549018,0.000000
0.253173,0.253183,58.443698,5317.324252,-0.325263,45.001020,6.938951,2.584942,0.000000
0.373673,0.373683,58.350343,5308.139022,-0.237091,45.001953,7.006398,2.610067,0.000000
0.493958,0.493986,58.285990,5298.832049,-0.147375,45.003165,7.045323,2.624568,0.000000
0.614032,0.614084,58.252050,5289.437636,-0.057217,45.004657,7.053955,2.627784,0.000000
0.733772,0.734091,58.238355,5280.011566,-0.047219,45.159238,7.042396,2.623478,54.999999
0.852868,0.854318,58.218166,5270.609600,-0.075767,45.386751,7.037291,2.621576,54.999999
0.971256,0.974826,58.188103,5261.226104,-0.104956,45.615016,7.041964,2.623317,54.999999
1.088964,1.095585,58.148656,5251.847755,-0.134542,45.844282,7.055923,2.628517,54.999999
1.205972,1.216606,58.099376,5242.462053,-0.164315,46.074897,7.079627,2.637347,54.999999
1.322288,1.337886,58.040360,5233.056058,-0.194060,46.307173,7.113041,2.649795,54.999999
1.437908,1.459428,57.971944,5223.617683,-0.223569,46.541365,7.155936,2.665774,54.999999
1.552798,1.581232,57.893683,5214.131076,-0.252598,46.777942,7.208881,2.685498,54.999999
1.666990,1.703289,57.806440,5204.586196,-0.280961,47.017059,7.271192,2.708710,54.999999
1.780459,1.825613,57.710125,5194.967383,-0.308419,47.259138,7.343144,2.735514,54.999999
1.893197,1.948204,57.605189,5185.261832,-0.334762,47.504493,7.424510,2.765825,54.999999
2.005212,2.071046,57.492278,5175.459133,-0.359817,47.753317,7.514849,2.799479,54.999999
2.116446,2.194170,57.371403,5165.539551,-0.383293,48.006185,7.614453,2.836584,54.999999
2.226943,2.317546,57.243618,5155.497925,-0.405083,48.263125,7.722419,2.876804,54.999999
2.336661,2.441200,57.109269,5145.317034,-0.424936,48.524595,7.838682,2.920115,54.999999
2.445593,2.565121,56.969094,5134.985968,-0.442684,48.790857,7.962695,2.966313,54.999999
2.553739,2.689303,56.823956,5124.497836,-0.458217,49.062027,8.093708,3.015119,54.999999
2.661048,2.813770,56.674362,5113.831605,-0.471232,49.338690,8.231478,3.066442,54.999999
2.767547,2.938499,56.521399,5102.988945,-0.481751,49.620721,8.374839,3.119848,54.999999
2.873192,3.063510,56.365804,5091.954159,-0.489541,49.908545,8.523161,3.175102,54.999999
2.977971,3.188799,56.208495,5080.720964,-0.494532,50.202292,8.675446,3.231832,54.999999
3.081898,3.314349,56.050406,5069.288700,-0.496711,50.501954,8.830574,3.289621,54.999999
3.184885,3.440193,55.892473,5057.639508,-0.495850,50.808007,8.987523,3.348089,54.999999
3.286986,3.566307,55.735610,5045.783891,-0.492114,51.120145,9.144964,3.406740,54.999999
3.388155,3.692693,55.580799,5033.712171,-0.485379,51.438618,9.301605,3.465093,54.999999
3.488360,3.819365,55.428965,5021.425990,-0.475711,51.763381,9.456063,3.522632,54.999999
3.587619,3.946302,55.280890,5008.933352,-0.463247,52.094205,9.607034,3.578873,54.999999
3.685861,4.073524,55.137740,4996.225221,-0.447918,52.431367,9.752781,3.633167,54.999999
3.783125,4.201006,55.000011,4983.321273,-0.430030,52.774311,9.892224,3.685114,54.999999
3.879364,4.328767,54.868699,4970.221981,-0.409653,53.123063,10.023715,3.734098,54.999999
3.974564,4.456799,54.744470,4956.938675,-0.387011,53.477330,10.145945,3.779631,54.999999
4.068734,4.585073,54.627742,4943.488043,-0.362376,53.836669,10.257969,3.821363,54.999999
4.161809,4.713629,54.519585,4929.873542,-0.335902,54.201037,10.357933,3.858603,54.999999
4.253830,4.842428,54.419900,4916.120635,-0.307994,54.569755,10.445641,3.891276,54.999999
4.344756,4.971474,54.329387,4902.240597,-0.278900,54.942564,10.519813,3.918907,54.999999
4.434577,5.100770,54.248256,4888.252120,-0.248962,55.318994,10.579905,3.941293,54.999999
4.523324,5.230292,54.176383,4874.176303,-0.218534,55.698476,10.625938,3.958441,54.999999
4.610910,5.360057,54.114420,4860.027663,-0.187961,56.080727,10.656801,3.969939,54.999999
4.697414,5.490038,54.061678,4845.830122,-0.157585,56.465070,10.673514,3.976165,54.999999
4.782776,5.620233,54.018332,4831.601337,-0.127782,56.851089,10.675810,3.977020,54.999999
4.867014,5.750642,53.984058,4817.360954,-0.098902,57.238298,10.664259,3.972717,54.999999
4.950151,5.881238,53.958217,4803.127284,-0.071228,57.626209,10.639932,3.963655,54.999999
5.032118,6.012040,53.940880,4788.919528,-0.045178,58.014389,10.602904,3.949861,54.999999
5.112992,6.143013,53.930941,4774.752476,-0.020938,58.402422,10.555011,3.932019,54.999999
5.192737,6.274166,53.928038,4760.643023,0.001152,58.789915,10.497009,3.910412,54.999999
5.271353,6.405488,53.931425,4746.605017,0.020866,59.176513,10.430230,3.885535,54.999999
5.348885,6.536961,53.940162,4732.648154,0.038077,59.561961,10.356240,3.857972,54.999999
5.425276,6.668585,53.953753,4718.788980,0.052417,59.945901,10.276031,3.828092,54.999999
5.500593,6.800349,53.971016,4705.029800,0.063941,60.328231,10.191407,3.796567,54.999999
5.574809,6.932238,53.991219,4691.381276,0.072440,60.708733,10.103619,3.763864,54.999999
5.647943,7.064264,54.013424,4677.848139,0.077856,61.087307,10.014096,3.730514,54.999999
5.720019,7.196392,54.036682,4664.430005,0.080251,61.463943,9.924195,3.697024,54.999999
5.790991,7.328640,54.060111,4651.136215,0.079402,61.838494,9.835258,3.663893,54.999999
5.860936,7.460992,54.082808,4637.958507,0.075574,62.211130,9.748435,3.631548,54.999999
5.929813,7.593430,54.103865,4624.899366,0.068690,62.581861,9.664949,3.600448,54.999999
5.997646,7.725954,54.122423,4611.955011,0.058876,62.950806,9.585869,3.570988,54.999999
6.064470,7.858562,54.137785,4599.117251,0.046317,63.318170,9.511998,3.543470,54.999999
6.130230,7.991248,54.148911,4586.386894,0.030986,63.684052,9.444627,3.518372,54.999999
6.194990,8.123999,54.155369,4573.749709,0.013223,64.048768,9.384118,3.495831,54.999999
6.258723,8.256809,54.156325,4561.200716,-0.006877,64.412528,9.331433,3.476204,54.999999
6.321442,8.389677,54.151191,4548.730059,-0.029105,64.775628,9.287185,3.459721,54.999999
6.383179,8.522590,54.139631,4536.325274,-0.053184,65.138375,9.251628,3.446475,54.999999
6.443880,8.655546,54.120708,4523.979083,-0.078986,65.501109,9.225851,3.436872,54.999999
6.503602,8.788548,54.094527,4511.675914,-0.106168,65.864170,9.209595,3.430816,54.999999
6.562318,8.921573,54.060480,4499.404840,-0.134525,66.227926,9.203526,3.428556,54.999999
6.620032,9.054627,54.018347,4487.152546,-0.163772,66.592774,9.207874,3.430175,54.999999
6.676776,9.187698,53.968224,4474.905435,-0.193628,66.959064,9.222470,3.435613,54.999999
6.732466,9.320794,53.909461,4462.649215,-0.223852,67.327295,9.248142,3.445176,54.999999
6.787189,9.453889,53.842607,4450.370546,-0.254129,67.697771,9.284203,3.458610,54.999999
6.840901,9.586995,53.767448,4438.054344,-0.284188,68.070966,9.331005,3.476045,54.999999
6.893590,9.720090,53.684148,4425.686027,-0.313753,68.447313,9.388432,3.497438,54.999999
6.945289,9.853176,53.593171,4413.253492,-0.342563,68.827102,9.455969,3.522597,54.999999
6.995923,9.986247,53.494313,4400.737141,-0.370280,69.211018,9.534062,3.551689,54.999999
7.045548,10.119301,53.388466,4388.128653,-0.396707,69.599179,9.621690,3.584333,54.999999
7.094130,10.252314,53.275806,4375.411024,-0.421537,69.992144,9.718783,3.620502,54.999999
7.141653,10.385292,53.156868,4362.570884,-0.444538,70.390301,9.824822,3.660005,54.999999
7.188149,10.518223,53.032411,4349.600182,-0.465526,70.793817,9.938931,3.702513,54.999999
7.233552,10.651091,52.904636,4336.473270,-0.449977,71.137797,10.058178,3.746936,32.905920
7.278468,10.783706,52.807399,4323.144454,-0.261643,71.158404,10.134081,3.775212,0.000000
7.323197,10.915937,52.762176,4309.647930,-0.071838,71.179063,10.135167,3.775616,0.000000
7.367741,11.047781,52.768551,4296.084475,0.115867,71.199760,10.062479,3.748538,0.000000
7.412097,11.179251,52.823464,4282.550590,0.298228,71.220503,9.922236,3.696294,0.000000
7.456265,11.310314,52.928024,4269.146747,0.471487,71.241288,9.716403,3.619616,0.000000
7.500245,11.441004,53.075942,4255.948168,0.633403,71.262119,9.457606,3.523207,0.000000
7.544049,11.571318,53.265061,4243.036026,0.781120,71.282997,9.153619,3.409964,0.000000
7.587657,11.701256,53.491068,4230.473604,0.912613,71.303926,8.814932,3.283794,0.000000
7.631097,11.830840,53.748207,4218.296444,1.027002,71.324899,8.452682,3.148846,0.000000
7.674367,11.960065,54.033457,4206.570559,1.122008,71.345938,8.075567,3.008361,0.000000
7.717459,12.088971,54.339916,4195.290245,1.198348,71.367033,7.693362,2.865980,0.000000
7.760397,12.217547,54.663215,4184.484395,1.255257,71.388198,7.313568,2.724497,0.000000
7.803167,12.345824,54.998193,4174.157369,1.292912,71.409429,6.942745,2.586355,0.000000
7.845797,12.473822,55.339677,4164.288660,1.312483,71.430734,6.585550,2.453290,0.000000
7.888266,12.601529,55.683112,4154.899605,1.313465,71.452113,6.247092,2.327206,0.000000
7.930594,12.728982,56.023934,4145.943351,1.297987,71.473576,5.928937,2.208685,0.000000
7.972791,12.856190,56.357869,4137.415588,1.266518,71.495116,5.633643,2.098680,0.000000
8.014845,12.983165,56.680923,4129.294583,1.220178,71.516755,5.362362,1.997621,0.000000
8.056779,13.109936,56.990034,4121.543283,1.160623,71.538478,5.114724,1.905369,0.000000
8.098580,13.236485,57.280746,4114.161680,1.088178,71.560309,4.892416,1.822554,0.000000
8.140268,13.362845,57.551374,4107.100755,1.004863,71.582232,4.693476,1.748443,0.000000
8.181831,13.489020,57.798593,4100.346134,0.911480,71.604250,4.518156,1.683132,0.000000
8.223277,13.615015,58.020018,4093.872703,0.809181,71.626379,4.365819,1.626383,0.000000
8.264612,13.740850,58.214603,4087.646463,0.699364,71.648612,4.234957,1.577633,0.000000
8.305840,13.866519,58.378603,4081.658714,0.582533,71.667976,4.126318,1.537162,-1.966858
8.346983,13.992030,58.512441,4075.870188,0.459634,71.672438,4.037868,1.504212,-5.000000
8.388055,14.117389,58.613861,4070.263492,0.332195,71.677330,3.969723,1.478826,-5.000000
8.429068,14.242586,58.681828,4064.814432,0.201223,71.682567,3.921429,1.460836,-5.000000
8.470014,14.367645,58.716899,4059.494059,0.067795,71.688052,3.891919,1.449842,-5.000000
8.510887,14.492546,58.716313,4054.285619,-0.067226,71.693726,3.882260,1.446244,-5.000000
8.551703,14.617318,58.682170,4049.157441,-0.202802,71.699479,3.891084,1.449531,-5.000000
8.592452,14.741943,58.613453,4044.086970,-0.337976,71.705247,3.919044,1.459947,-5.000000
8.633142,14.866428,58.510363,4039.047832,-0.471757,71.710928,3.966388,1.477584,-5.000000
8.673767,14.990781,58.374677,4034.012929,-0.603256,71.716448,4.032721,1.502295,-5.000000
8.714328,15.114987,58.204959,4028.952906,-0.731257,71.721707,4.119828,1.534744,-5.000000
8.754824,15.239062,58.004448,4023.840320,-0.854949,71.726624,4.226917,1.574638,-5.000000
8.795267,15.362993,57.773451,4018.642890,-0.973154,71.731096,4.355238,1.622441,-5.000000
8.835642,15.486781,57.513509,4013.327427,-1.084721,71.735015,4.505529,1.678428,-5.000000
8.875960,15.610418,57.227455,4007.865666,-1.188812,71.738306,4.677615,1.742535,-5.000000
8.916209,15.733900,56.915774,4002.210163,-1.283689,71.740804,4.873622,1.815553,-5.000000
8.956402,15.857223,56.582496,3996.336793,-1.368743,71.742456,5.092485,1.897085,-5.000000
8.996526,15.980375,56.229694,3990.200976,-1.442454,71.743130,5.335138,1.987479,-5.000000
9.036597,16.103355,55.860387,3983.762113,-1.503544,71.742695,5.601569,2.086732,-5.000000
9.076604,16.226147,55.478413,3976.993617,-1.551306,71.741081,5.890381,2.194322,-5.000000
9.116541,16.348737,55.086728,3969.831950,-1.583577,71.738097,6.201911,2.310375,-5.000000
9.156422,16.471123,54.689804,3962.264699,-1.600238,71.733712,6.532900,2.433677,-5.000000
9.196233,16.593280,54.291616,3954.244656,-1.599831,71.727784,6.881233,2.563440,-5.000000
9.235973,16.715200,53.896610,3945.737846,-1.581404,71.720233,7.243222,2.698291,-5.000000
9.275658,16.836878,53.509014,3936.737025,-1.545028,71.711039,7.613793,2.836338,-5.000000
9.315259,16.958272,53.134209,3927.188018,-1.489089,71.700046,7.987368,2.975505,-5.000000
9.354796,17.079385,52.775974,3917.114088,-1.414750,71.687349,8.356943,3.113181,-5.000000
9.394267,17.200196,52.439341,3906.498647,-1.321814,71.672917,8.714643,3.246434,-5.000000
9.433658,17.320673,52.128869,3895.349452,-1.210950,71.656784,9.051787,3.372029,-5.000000
9.472973,17.440825,51.847532,3883.707916,-1.084006,71.639103,9.360695,3.487105,-5.000000
9.512204,17.560613,51.601205,3871.577467,-0.941630,71.619922,9.630357,3.587561,-5.000000
9.551361,17.680034,51.390870,3859.035098,-0.786897,71.599498,9.855281,3.671351,-5.000000
9.590431,17.799064,51.220116,3846.127310,-0.621954,71.577999,10.027372,3.735460,-5.000000
9.629412,17.917695,51.091083,3832.921996,-0.449694,71.555668,10.141014,3.777794,-5.000000
9.668319,18.035926,51.003276,3819.503677,-0.273406,71.532802,10.195273,3.798007,-5.000000
9.707124,18.153729,50.959812,3805.943129,-0.096273,71.509653,10.185085,3.794212,-5.000000
9.745836,18.271120,50.957506,3792.330922,0.078391,71.486521,10.115654,3.768347,-5.000000
9.784461,18.388083,50.996281,3778.746533,0.247334,71.463680,9.988716,3.721060,-5.000000
9.822994,18.504622,51.074366,3765.269206,0.407458,71.441402,9.809329,3.654233,-5.000000
9.861436,18.620751,51.187731,3751.963565,0.556494,71.419904,9.585991,3.571034,-5.000000
9.899771,18.736457,51.335382,3738.907291,0.691246,71.399447,9.323899,3.473398,-5.000000
9.938021,18.851760,51.511639,3726.138136,0.810694,71.380137,9.033571,3.365243,-5.000000
9.976168,18.966670,51.713310,3713.706970,0.912972,71.362153,8.722454,3.249343,-5.000000
10.014232,19.081191,51.936248,3701.649801,0.996919,71.345597,8.398523,3.128671,-5.000000
10.052193,19.195357,52.175416,3689.974893,1.062660,71.330470,8.069339,3.006041,-5.000000
10.090067,19.309145,52.427240,3678.722876,1.108743,71.316907,7.741364,2.883862,-5.000000
10.127848,19.422606,52.686614,3667.874484,1.136484,71.304805,7.420019,2.764152,-5.000000
10.165546,19.535732,52.949506,3657.439960,1.145795,71.294192,7.110018,2.648669,-5.000000
10.203151,19.648543,53.211732,3647.415601,1.137214,71.285015,6.815158,2.538826,-5.000000
10.240671,19.761064,53.469532,3637.774708,1.112239,71.277161,6.537552,2.435410,-5.000000
10.278109,19.873285,53.718757,3628.526988,1.070830,71.270647,6.280482,2.339645,-5.000000
10.315462,19.985236,53.956542,3619.631169,1.015052,71.265296,6.044104,2.251588,-5.000000
10.352730,20.096932,54.179481,3611.076568,0.945691,71.261048,5.829833,2.171766,-5.000000
10.389922,20.208376,54.384564,3602.843549,0.863882,71.257816,5.638319,2.100422,-5.000000
10.427039,20.319579,54.570026,3594.897441,0.771325,71.255451,5.468837,2.037286,-5.000000
10.464073,20.430552,54.732193,3587.232263,0.668630,71.253920,5.322798,1.982882,-5.000000
10.501033,20.541309,54.870514,3579.807229,0.557647,71.253059,5.198630,1.936627,-5.000000
10.537918,20.651842,54.982706,3572.603916,0.439396,71.252783,5.096645,1.898634,-5.000000
10.574734,20.762181,55.067160,3565.598381,0.315107,71.252992,5.016734,1.868865,-5.000000
10.611477,20.872313,55.123890,3558.758140,0.186208,71.253563,4.957770,1.846900,-5.000000
10.648147,20.982249,55.150197,3552.066778,0.053669,71.254409,4.920900,1.833165,-5.000000
10.684749,21.091997,55.147332,3545.489297,-0.081076,71.255420,4.904664,1.827117,-5.000000
10.721273,21.201556,55.114316,3539.001650,-0.216340,71.268660,4.909478,1.828910,0.000000
10.757687,21.310947,55.051045,3532.575922,-0.350873,71.294696,4.935393,1.838564,0.000000
10.793987,21.420167,54.959003,3526.182271,-0.484045,71.320805,4.981609,1.855780,0.000000
10.830174,21.529218,54.836877,3519.792183,-0.614495,71.346996,5.049591,1.881105,0.000000
10.866246,21.638101,54.687194,3513.375635,-0.741134,71.373264,5.138240,1.914129,0.000000
10.902199,21.746819,54.510345,3506.901123,-0.862652,71.399601,5.248253,1.955112,0.000000
10.938039,21.855355,54.307467,3500.335305,-0.977686,71.426015,5.380003,2.004193,0.000000
10.973769,21.963722,54.081168,3493.649896,-1.085254,71.452493,5.532733,2.061089,0.000000
11.009370,22.071910,53.831896,3486.801469,-1.183538,71.479040,5.707807,2.126308,0.000000
11.044858,22.179911,53.563163,3479.765157,-1.271784,71.505654,5.903757,2.199305,0.000000
11.080220,22.287729,53.276918,3472.501759,-1.348489,71.532325,6.120647,2.280102,0.000000
11.115462,22.395338,52.975772,3464.973330,-1.412259,71.559055,6.357890,2.368481,0.000000
11.150573,22.502749,52.663201,3457.157327,-1.462466,71.585840,6.613510,2.463707,0.000000
11.185560,22.609936,52.341825,3449.000342,-1.497048,71.612662,6.886887,2.565547,0.000000
11.220414,22.716908,52.015556,3440.491091,-1.515908,71.639540,7.174692,2.672762,0.000000
11.255130,22.823639,51.687851,3431.593548,-1.517833,71.666443,7.474263,2.784360,0.000000
11.289709,22.930125,51.362536,3422.279177,-1.501962,71.693381,7.781884,2.898957,0.000000
11.324147,23.036351,51.043212,3412.546666,-1.468599,71.720349,8.092882,3.014812,0.000000
11.358429,23.142304,50.734329,3402.355992,-1.416480,71.747335,8.401996,3.129964,0.000000
11.392562,23.247972,50.439091,3391.728181,-1.346846,71.774331,8.703527,3.242293,0.000000
11.426544,23.353335,50.161475,3380.656726,-1.259848,71.801329,8.991028,3.349395,0.000000
11.460369,23.458382,49.905282,3369.149634,-1.156262,71.828334,9.257614,3.448705,0.000000
11.494035,23.563109,49.672736,3357.245944,-1.038073,71.855330,9.497800,3.538180,0.000000
11.527521,23.667485,49.468358,3344.953321,-0.906171,71.882323,9.703384,3.614766,0.000000
11.560849,23.771513,49.292943,3332.333985,-0.763435,71.909295,9.870832,3.677145,0.000000
11.593993,23.875184,49.148984,3319.429152,-0.612062,71.936244,9.994837,3.723340,0.000000
11.626967,23.978476,49.038196,3306.292473,-0.454743,71.963173,10.071608,3.751939,0.000000
11.659765,24.081394,48.959880,3292.992130,-0.294512,71.990073,10.101396,3.763036,0.000000
11.692383,24.183910,48.916194,3279.584422,-0.134344,72.016946,10.081066,3.755462,0.000000
11.724813,24.286048,48.904649,3266.139498,0.022822,72.043781,10.014839,3.730791,0.000000
11.757070,24.387792,48.924786,3252.719466,0.174043,72.070587,9.904628,3.689734,0.000000
11.789146,24.489139,48.975240,3239.386496,0.316498,72.097366,9.754176,3.633687,0.000000
11.821056,24.590114,49.052609,3226.190930,0.448208,72.124117,9.570129,3.565125,0.000000
11.852777,24.690679,49.155826,3213.193512,0.566286,72.150836,9.356446,3.485522,0.000000
11.884319,24.790878,49.280500,3200.425793,0.669750,72.177526,9.120887,3.397770,0.000000
11.915700,24.890702,49.423845,3187.927567,0.756975,72.204209,8.869160,3.303995,0.000000
11.946912,24.990161,49.582550,3175.730751,0.826757,72.230859,8.607230,3.206420,0.000000
11.977958,25.089274,49.752519,3163.842668,0.879240,72.257500,8.340968,3.107230,0.000000
12.008843,25.188029,49.930700,3152.297024,0.913081,72.284136,8.075415,3.008304,0.000000
12.039569,25.286457,50.113092,3141.082282,0.929362,72.310762,7.814958,2.911277,0.000000
12.070144,25.384570,50.296313,3130.206662,0.928078,72.337389,7.563458,2.817587,0.000000
12.100572,25.482356,50.476918,3119.671111,0.909581,72.364015,7.324263,2.728481,0.000000
12.130849,25.579853,50.651928,3109.454010,0.875368,72.390651,7.099320,2.644683,0.000000
12.160987,25.677052,50.817852,3099.563704,0.825431,72.417301,6.891606,2.567305,0.000000
12.190990,25.773976,50.972406,3089.968472,0.761677,72.443962,6.701692,2.496557,0.000000
12.220847,25.870629,51.112876,3080.657707,0.685003,72.470645,6.531022,2.432977,0.000000
12.250579,25.967011,51.236712,3071.616285,0.596515,72.497353,6.380656,2.376962,0.000000
12.280180,26.063149,51.342665,3062.813269,0.497962,72.524081,6.250240,2.328379,0.000000
12.309649,26.159032,51.427776,3054.241056,0.390129,72.550831,6.141362,2.287819,0.000000
12.338995,26.254670,51.491701,3045.864726,0.274876,72.577618,6.053046,2.254919,0.000000
12.368216,26.350084,51.532822,3037.664526,0.153429,72.604434,5.985765,2.229855,0.000000
12.397319,26.445256,51.549858,3029.617717,0.027153,72.631278,5.939839,2.212746,0.000000
12.426301,26.540214,51.543194,3021.693091,-0.102393,72.658159,5.914343,2.203248,0.000000
12.455160,26.634945,51.510936,3013.870786,-0.233923,72.685067,5.910513,2.201822,0.000000
12.483906,26.729457,51.454325,3006.118416,-0.365910,72.712015,5.927155,2.208021,0.000000
12.512537,26.823746,51.373045,2998.409667,-0.496954,72.738996,5.964589,2.221967,0.000000
12.541045,26.917815,51.267176,2990.715759,-0.625570,72.766008,6.023050,2.243745,0.000000
12.569442,27.011679,51.138422,2983.007546,-0.750478,72.793057,6.101531,2.272981,0.000000
12.597715,27.105310,50.986353,2975.252662,-0.869938,72.820129,6.201101,2.310073,0.000000
12.625878,27.198725,50.813393,2967.423035,-0.982835,72.847231,6.320399,2.354515,0.000000
12.653920,27.291919,50.620639,2959.486509,-1.087642,72.874367,6.459399,2.406296,0.000000
12.681843,27.384876,50.409539,2951.409237,-1.182826,72.901523,6.617830,2.465316,0.000000
12.709645,27.477607,50.182803,2943.166965,-1.267483,72.928696,6.794096,2.530980,0.000000
12.737328,27.570096,49.941750,2934.717247,-1.339614,72.955884,6.988179,2.603281,0.000000
12.764890,27.662342,49.689544,2926.041064,-1.398667,72.983090,7.197752,2.681352,0.000000
12.792322,27.754339,49.428573,2917.106265,-1.443307,73.010302,7.421289,2.764625,0.000000
12.819630,27.846069,49.161571,2907.881565,-1.472294,73.037520,7.656699,2.852322,0.000000
12.846808,27.937539,48.891646,2898.356588,-1.485519,73.064737,7.900818,2.943263,0.000000
12.873854,28.028716,48.621800,2888.491912,-1.481369,73.091949,8.150798,3.036387,0.000000
12.900769,28.119620,48.355103,2878.289343,-1.460361,73.119151,8.402632,3.130201,0.000000
12.927541,28.210216,48.094694,2867.732817,-1.422115,73.146331,8.652215,3.223178,0.000000
12.954178,28.300501,47.843845,2856.811661,-1.366555,73.173495,8.894844,3.313563,0.000000
12.980664,28.390468,47.605020,2845.543488,-1.294955,73.200630,9.126171,3.399739,0.000000
13.007011,28.480096,47.381863,2833.916247,-1.207258,73.227729,9.340403,3.479546,0.000000
13.033206,28.569388,47.176149,2821.964016,-1.105529,73.254790,9.533636,3.551530,0.000000
13.059256,28.658320,46.990414,2809.704397,-0.991116,73.281811,9.701091,3.613912,0.000000
13.085139,28.746889,46.826989,2797.162718,-0.865781,73.308787,9.838242,3.665004,0.000000
13.110882,28.835095,46.686389,2784.386178,-0.732135,73.335706,9.943260,3.704126,0.000000
13.136455,28.922897,46.571126,2771.403385,-0.592233,73.362569,10.011737,3.729635,0.000000
13.161879,29.010324,46.480578,2758.269634,-0.448982,73.389379,10.044182,3.741722,0.000000
13.187132,29.097361,46.415254,2745.029904,-0.305012,73.416125,10.039804,3.740091,0.000000
13.212231,29.183995,46.375294,2731.732730,-0.163097,73.442812,9.998823,3.724824,0.000000
13.237173,29.270239,46.358798,2718.428082,-0.025734,73.469434,9.924668,3.697200,0.000000
13.261947,29.356070,46.365923,2705.164830,0.104178,73.495992,9.818240,3.657553,0.000000
13.286565,29.441516,46.393885,2691.985230,0.224722,73.522494,9.684657,3.607789,0.000000
13.311025,29.526559,46.441048,2678.930788,0.333728,73.548938,9.527549,3.549263,0.000000
13.335324,29.611204,46.505454,2666.040952,0.429182,73.575319,9.351038,3.483508,0.000000
13.359474,29.695475,46.583926,2653.338617,0.510315,73.601643,9.160431,3.412502,0.000000
13.383470,29.779352,46.674550,2640.861810,0.575133,73.627926,8.959623,3.337695,0.000000
13.407313,29.862862,46.773974,2628.619593,0.623693,73.654154,8.753476,3.260900,0.000000
13.431014,29.945999,46.879533,2616.630014,0.655348,73.680335,8.545953,3.183592,0.000000
13.454569,30.028783,46.988449,2604.907956,0.669692,73.706476,8.340852,3.107187,0.000000
13.477985,30.111220,47.097872,2593.446418,0.667634,73.732580,8.141273,3.032838,0.000000
13.501254,30.193301,47.205031,2582.261789,0.648653,73.758651,7.950526,2.961780,0.000000
13.524392,30.275063,47.307477,2571.337514,0.614214,73.784693,7.770605,2.894755,0.000000
13.547397,30.356503,47.402765,2560.670666,0.564930,73.810708,7.603655,2.832562,0.000000
13.570272,30.437612,47.488436,2550.256433,0.501551,73.836705,7.451622,2.775925,0.000000
13.593016,30.518423,47.562951,2540.071607,0.425794,73.862674,7.315111,2.725071,0.000000
13.615636,30.598933,47.623730,2530.114815,0.338231,73.888635,7.196113,2.680741,0.000000
13.638136,30.679140,47.669836,2520.358660,0.240761,73.914576,7.094559,2.642910,0.000000
13.660514,30.759070,47.699711,2510.787811,0.134639,73.940506,7.011239,2.611871,0.000000
13.682776,30.838707,47.711869,2501.385685,0.021198,73.966431,6.946934,2.587916,0.000000
13.704915,30.918074,47.706253,2492.124204,-0.097767,73.992348,6.901036,2.570817,0.000000
13.726936,30.997158,47.681115,2482.988540,-0.220980,74.018251,6.874786,2.561039,0.000000
13.748843,31.075969,47.637002,2473.949491,-0.346693,74.044150,6.867296,2.558249,0.000000
13.770636,31.154516,47.573528,2464.984276,-0.473381,74.070045,6.878753,2.562517,0.000000
13.792321,31.232796,47.490386,2456.068593,-0.599434,74.095928,6.909410,2.573937,0.000000
13.813885,31.310814,47.388801,2447.175096,-0.723343,74.121811,6.958172,2.592102,0.000000
13.835343,31.388554,47.268286,2438.277628,-0.843350,74.147689,7.025760,2.617281,0.000000
13.856689,31.466029,47.130539,2429.349636,-0.958098,74.173550,7.110840,2.648975,0.000000
13.877918,31.543246,46.976394,2420.364028,-1.066009,74.199405,7.213030,2.687043,0.000000
13.899033,31.620177,46.806794,2411.291728,-1.165442,74.225249,7.331904,2.731327,0.000000
13.920035,31.696846,46.623885,2402.110670,-1.255400,74.251074,7.465763,2.781193,0.000000
13.940928,31.773230,46.428607,2392.787253,-1.333927,74.276881,7.614243,2.836506,0.000000
13.961700,31.849337,46.223385,2383.302992,-1.400339,74.302670,7.775214,2.896472,0.000000
13.982363,31.925153,46.010079,2373.632603,-1.453398,74.328441,7.947101,2.960504,0.000000
14.002900,32.000663,45.790722,2363.749513,-1.491809,74.354174,8.128035,3.027907,0.000000
14.023326,32.075893,45.567786,2353.644607,-1.515499,74.379880,8.315313,3.097673,0.000000
14.043623,32.150800,45.343467,2343.287795,-1.523010,74.405543,8.506535,3.168908,0.000000
14.063803,32.225395,45.120195,2332.677671,-1.514747,74.431171,8.698580,3.240450,0.000000
14.083864,32.299674,44.900302,2321.802635,-1.490464,74.456753,8.888311,3.311130,0.000000
14.103788,32.373604,44.686273,2310.652031,-1.450015,74.482279,9.072205,3.379635,0.000000
14.123590,32.447208,44.479999,2299.238820,-1.394642,74.507758,9.247173,3.444815,0.000000
14.143260,32.520456,44.284129,2287.553234,-1.324351,74.533169,9.409117,3.505144,0.000000
14.162798,32.593347,44.100101,2275.617998,-1.240941,74.558523,9.555323,3.559609,0.000000
14.182206,32.665876,43.929726,2263.445879,-1.145697,74.583808,9.682620,3.607031,0.000000
14.201481,32.738025,43.774823,2251.052312,-1.040117,74.609017,9.787820,3.646220,0.000000
14.220616,32.809800,43.635792,2238.471588,-0.926586,74.634151,9.869842,3.676776,0.000000
14.239614,32.881184,43.514425,2225.722405,-0.806897,74.659212,9.925721,3.697592,0.000000
14.258481,32.952180,43.410440,2212.843697,-0.683630,74.684191,9.955729,3.708771,0.000000
14.277204,33.022781,43.324172,2199.867396,-0.559120,74.709089,9.959430,3.710150,0.000000
14.295784,33.092971,43.255844,2186.827175,-0.435831,74.733899,9.936734,3.701695,0.000000
14.314224,33.162778,43.204130,2173.760286,-0.316043,74.758626,9.890027,3.684295,0.000000
14.332532,33.232162,43.169122,2160.701117,-0.202319,74.783265,9.819791,3.658130,0.000000
14.350696,33.301149,43.148964,2147.682484,-0.096528,74.807830,9.729365,3.624444,0.000000
14.368724,33.369744,43.142444,2134.735405,-0.000636,74.832308,9.621241,3.584165,0.000000
14.386613,33.437924,43.148240,2121.890853,0.083378,74.856702,9.498077,3.538283,0.000000
14.404371,33.505721,43.164063,2109.168508,0.154691,74.881011,9.363653,3.488207,0.000000
14.421988,33.573113,43.188495,2096.597804,0.211415,74.905253,9.220654,3.434936,0.000000
14.439480,33.640125,43.219172,2084.190066,0.253350,74.929417,9.072614,3.379787,0.000000
14.456837,33.706755,43.254110,2071.960656,0.279864,74.953512,8.922482,3.323859,0.000000
14.474068,33.773001,43.291297,2059.924834,0.290321,74.977537,8.773140,3.268225,0.000000
14.491169,33.838893,43.328637,2048.080176,0.285494,75.001495,8.627089,3.213818,0.000000
14.508151,33.904396,43.364063,2036.441169,0.264821,75.025394,8.486942,3.161609,0.000000
14.525010,33.969558,43.395759,2024.999241,0.229500,75.049229,8.354501,3.112271,0.000000
14.541744,34.034366,43.421941,2013.753314,0.180139,75.073020,8.231584,3.066482,0.000000
14.558366,34.098818,43.440744,2002.702813,0.117302,75.096747,8.119993,3.024911,0.000000
14.574866,34.162944,43.451054,1991.830813,0.042697,75.120427,8.020415,2.987815,0.000000
14.591259,34.226728,43.451006,1981.137020,-0.043102,75.144062,7.934585,2.955842,0.000000
14.607527,34.290180,43.439865,1970.601813,-0.138298,75.167650,7.862724,2.929072,0.000000
14.623693,34.353316,43.416595,1960.212707,-0.241543,75.191192,7.805533,2.907767,0.000000
14.639749,34.416128,43.380086,1949.957586,-0.351493,75.214694,7.763841,2.892235,0.000000
14.655693,34.478622,43.330388,1939.813657,-0.466321,75.238158,7.737169,2.882299,0.000000
14.671533,34.540802,43.266370,1929.768479,-0.584635,75.261576,7.726491,2.878321,0.000000
14.687267,34.602670,43.188460,1919.798842,-0.704637,75.284966,7.731115,2.880044,0.000000
14.702894,34.664234,43.096592,1909.885539,-0.824737,75.308306,7.750990,2.887448,0.000000
14.718408,34.725486,42.990617,1900.008714,-0.943224,75.331616,7.786217,2.900571,0.000000
14.733829,34.786430,42.871629,1890.145964,-1.058595,75.354878,7.835636,2.918980,0.000000
14.749135,34.847064,42.739526,1880.275824,-1.169021,75.378104,7.899439,2.942749,0.000000
14.764348,34.907396,42.595629,1870.377046,-1.273151,75.401292,7.976294,2.971380,0.000000
14.779448,34.967415,42.440805,1860.428385,-1.369516,75.424430,8.065392,3.004571,0.000000
14.794443,35.027121,42.275911,1850.406847,-1.456460,75.447527,8.165950,3.042031,0.000000
14.809346,35.086520,42.102654,1840.296309,-1.533197,75.470579,8.276184,3.083096,0.000000
14.824131,35.145592,41.921982,1830.072044,-1.597978,75.493576,8.395130,3.127407,0.000000
14.838810,35.204350,41.735687,1819.721042,-1.650304,75.516524,8.520791,3.174219,0.000000
14.853392,35.262784,41.545278,1809.226964,-1.689328,75.539411,8.651406,3.222876,0.000000
14.867859,35.320878,41.352302,1798.571620,-1.714039,75.562245,8.785051,3.272662,0.000000
14.882224,35.378646,41.158494,1787.751862,-1.724780,75.585013,8.919492,3.322746,0.000000
14.896475,35.436072,40.965524,1776.749787,-1.720639,75.607712,9.052446,3.372274,0.000000
14.910622,35.493148,40.774973,1765.567340,-1.702341,75.630348,9.181656,3.420408,0.000000
14.924654,35.549880,40.588398,1754.201510,-1.670211,75.652908,9.304810,3.466286,0.000000
14.938570,35.606247,40.407425,1742.648432,-1.624543,75.675387,9.419380,3.508967,0.000000
14.952384,35.662258,40.233111,1730.921875,-1.566925,75.697790,9.523681,3.547822,0.000000
14.966069,35.717896,40.067068,1719.020750,-1.497948,75.720103,9.615109,3.581881,0.000000
14.979651,35.773158,39.910005,1706.963443,-1.419503,75.742341,9.692462,3.610697,0.000000
14.993108,35.828052,39.762790,1694.763577,-1.333189,75.764482,9.754303,3.633734,0.000000
15.006457,35.882547,39.626365,1682.434814,-1.240682,75.786533,9.799121,3.650430,0.000000
15.019685,35.936667,39.500599,1670.002482,-1.144208,75.808491,9.827146,3.660870,0.000000
15.032794,35.990384,39.386278,1657.482859,-1.045704,75.830348,9.837255,3.664636,0.000000
15.045783,36.043713,39.282902,1644.901902,-0.947363,75.852120,9.830383,3.662076,0.000000
15.058660,36.096652,39.190251,1632.282225,-0.851248,75.873785,9.807103,3.653404,0.000000
15.071420,36.149174,39.108153,1619.646833,-0.759543,75.895355,9.767990,3.638833,0.000000
15.084058,36.201322,39.035432,1607.018933,-0.673930,75.916833,9.715150,3.619149,0.000000
15.096577,36.253051,38.971711,1594.421741,-0.596595,75.938211,9.649522,3.594701,0.000000
15.108983,36.304392,38.915641,1581.874891,-0.528830,75.959495,9.573448,3.566361,0.000000
15.121275,36.355334,38.866147,1569.397362,-0.472025,75.980678,9.488858,3.534849,0.000000
15.133449,36.405883,38.822129,1557.009015,-0.427721,76.001778,9.397641,3.500869,0.000000
15.145511,36.456050,38.782055,1544.720073,-0.396175,76.022786,9.302173,3.465304,0.000000
15.157454,36.505811,38.744734,1532.549019,-0.378752,76.043697,9.204351,3.428863,0.000000
15.169294,36.555202,38.708688,1520.501662,-0.375297,76.064533,9.106253,3.392319,0.000000
15.181021,36.604211,38.672592,1508.586030,-0.385972,76.085282,9.009715,3.356356,0.000000
15.192643,36.652836,38.635055,1496.811814,-0.411084,76.105947,8.916573,3.321658,0.000000
15.204153,36.701097,38.594902,1485.174951,-0.449577,76.126537,8.828183,3.288730,0.000000
15.215558,36.748986,38.550755,1473.683724,-0.501563,76.147050,8.746235,3.258203,0.000000
15.226860,36.796516,38.501641,1462.331322,-0.565780,76.167488,8.671695,3.230435,0.000000
15.238058,36.843686,38.446556,1451.114738,-0.641307,76.187862,8.605590,3.205809,0.000000
15.249149,36.890502,38.384395,1440.032790,-0.727351,76.208157,8.549061,3.184750,0.000000
15.260145,36.936973,38.314757,1429.071919,-0.822164,76.228387,8.502285,3.167325,0.000000
15.271043,36.983079,38.236601,1418.229773,-0.924817,76.248553,8.466310,3.153923,0.000000
15.281841,37.028854,38.149747,1407.491966,-1.033546,76.268662,8.441079,3.144524,0.000000
15.292539,37.074287,38.053847,1396.847569,-1.146876,76.288703,8.426795,3.139203,0.000000
15.303145,37.119376,37.948401,1386.286759,-1.263291,76.308677,8.423850,3.138106,0.000000
15.313656,37.164139,37.833847,1375.792308,-1.381084,76.328595,8.431568,3.140981,0.000000
15.324068,37.208561,37.709781,1365.353303,-1.498643,76.348449,8.450262,3.147945,0.000000
15.334386,37.252649,37.576790,1354.953097,-1.614377,76.368239,8.479146,3.158705,0.000000
15.344612,37.296403,37.435213,1344.577008,-1.726750,76.387975,8.517714,3.173073,0.000000
15.354747,37.339827,37.285290,1334.210181,-1.834073,76.407643,8.565596,3.190910,0.000000
15.364788,37.382924,37.128015,1323.837468,-1.935217,76.427244,8.621546,3.211753,0.000000
15.374730,37.425681,36.963753,1313.443386,-2.028494,76.446786,8.685042,3.235407,0.000000
15.384585,37.468106,36.793543,1303.014520,-2.112982,76.466261,8.754765,3.261380,0.000000
15.394345,37.510201,36.618254,1292.537741,-2.187658,76.485668,8.829578,3.289250,0.000000
15.404014,37.551955,36.438686,1281.998659,-2.251296,76.505009,8.908337,3.318590,0.000000
15.413590,37.593373,36.256020,1271.389678,-2.303773,76.524274,8.989522,3.348833,0.000000
15.423072,37.634450,36.071146,1260.697280,-2.344030,76.543467,9.071798,3.379483,0.000000
15.432458,37.675186,35.885148,1249.916574,-2.372244,76.562575,9.153661,3.409980,0.000000
15.441758,37.715579,35.699017,1239.041761,-2.388408,76.581619,9.233661,3.439782,0.000000
15.450952,37.755616,35.513771,1228.065631,-2.392355,76.600575,9.310222,3.468303,0.000000
15.460063,37.795306,35.330252,1216.991651,-2.385179,76.619447,9.382147,3.495097,0.000000
15.469069,37.834633,35.149438,1205.815146,-2.367019,76.638233,9.447836,3.519567,0.000000
15.477989,37.873610,34.972007,1194.542307,-2.339223,76.656926,9.506311,3.541351,0.000000
15.486812,37.912228,34.798600,1183.177913,-2.302936,76.675538,9.556564,3.560072,0.000000
15.495531,37.950474,34.629926,1171.725868,-2.259275,76.694052,9.597437,3.575298,0.000000
15.504157,37.988365,34.466171,1160.199159,-2.210108,76.712474,9.628795,3.586979,0.000000
15.512693,38.025876,34.307894,1148.604516,-2.156857,76.730800,9.649731,3.594779,0.000000
15.521123,38.063016,34.155056,1136.956058,-2.101420,76.749031,9.660442,3.598769,0.000000
15.529466,38.099795,34.007684,1125.266507,-2.045575,76.767165,9.661024,3.598986,0.000000
15.537701,38.136184,33.865856,1113.548684,-1.991210,76.785200,9.651454,3.595421,0.000000
15.545842,38.172209,33.729049,1101.817999,-1.940016,76.803141,9.632783,3.588465,0.000000
15.553888,38.207848,33.597164,1090.088701,-1.893934,76.820978,9.605295,3.578225,0.000000
15.561841,38.243117,33.469568,1078.375192,-1.854448,76.838719,9.570193,3.565149,0.000000
15.569701,38.278016,33.345705,1066.691270,-1.823012,76.856373,9.528518,3.549624,0.000000
15.577456,38.312533,33.225047,1055.051974,-1.801300,76.873918,9.481225,3.532006,0.000000
15.585126,38.346685,33.106731,1043.467336,-1.789927,76.891380,9.429798,3.512848,0.000000
15.592693,38.380457,32.990127,1031.952129,-1.790381,76.908740,9.375308,3.492549,0.000000
15.600173,38.413861,32.874386,1020.514527,-1.802985,76.926014,9.319116,3.471616,0.000000
15.607558,38.446908,32.758720,1009.163287,-1.828186,76.943202,9.262433,3.450500,0.000000
15.614842,38.479568,32.642329,997.909579,-1.866682,76.960297,9.206464,3.429650,0.000000
0.090207,0.090207,51.874205,5026.649706,-0.163692,45.000188,15.622238,5.819695,0.000000
0.204088,0.204095,51.890973,5005.750896,0.261182,45.000543,15.456277,5.757870,0.000000
0.317504,0.317504,52.038173,4985.007062,0.673863,45.001022,15.014654,5.593354,0.000000
0.430437,0.430457,52.308999,4964.768854,1.063778,45.001627,14.336396,5.340685,0.000000
0.542895,0.542920,52.698153,4945.367930,1.420753,45.002377,13.468066,5.017209,0.000000
0.654967,0.654890,53.183510,4926.992699,1.672295,44.854773,12.485376,4.651131,-43.706494
0.767216,0.765824,53.717159,4909.878249,1.776075,44.476523,11.503088,4.285203,-48.999999
0.879767,0.875666,54.276510,4893.988004,1.852705,44.127494,10.564221,3.935450,-48.999999
0.992594,0.984512,54.853435,4879.267765,1.903533,43.806300,9.681547,3.606631,-48.999999
1.105663,1.092411,55.440624,4865.693093,1.929249,43.512249,8.865582,3.302663,-48.999999
1.218948,1.199478,56.030600,4853.130293,1.932939,43.242046,8.116708,3.023687,-48.999999
1.332414,1.305740,56.616868,4841.549934,1.915403,42.994845,7.439143,2.771277,-48.999999
1.446055,1.411294,57.193656,4830.841380,1.879189,42.767872,6.829176,2.544048,-48.999999
1.559847,1.516198,57.755842,4820.924813,1.826170,42.559090,6.283559,2.340791,-48.999999
1.673766,1.620487,58.297973,4811.753537,1.757527,42.367218,5.800627,2.160886,-48.999999
1.787816,1.724233,58.817012,4803.220004,1.675705,42.189599,5.372697,2.001471,-48.999999
1.901970,1.827448,59.307993,4795.290806,1.581573,42.025272,4.997849,1.861830,-48.999999
2.016218,1.930194,59.768506,4787.888140,1.476924,41.872268,4.669921,1.739669,-48.999999
2.130558,2.032505,60.195901,4780.956666,1.363051,41.729180,4.384505,1.633343,-48.999999
2.244994,2.134382,60.586286,4774.463572,1.240816,41.595044,4.139159,1.541946,-48.999999
2.359495,2.235885,60.939530,4768.341568,1.111700,41.468257,3.928275,1.463386,-48.999999
2.474082,2.337016,61.251840,4762.567479,0.976336,41.348097,3.750397,1.397121,-48.999999
2.588735,2.437810,61.522858,4757.093075,0.835818,41.233382,3.601814,1.341770,-48.999999
2.703452,2.538272,61.751486,4751.882690,0.690957,41.123190,3.480127,1.296439,-48.999999
2.818237,2.638416,61.934903,4746.913008,0.542379,41.016847,3.384431,1.260790,-48.999999
2.933089,2.738262,62.074653,4742.141138,0.390970,40.913374,3.311856,1.233753,-48.999999
3.048010,2.837803,62.167834,4737.547073,0.237263,40.812137,3.262402,1.215331,-48.999999
3.162988,2.937062,62.215306,4733.097090,0.081974,40.712363,3.234601,1.204974,-48.999999
3.278033,3.036051,62.217031,4728.763007,-0.074281,40.613358,3.227895,1.202476,-48.999999
3.393145,3.134751,62.171025,4724.520401,-0.230899,40.514427,3.243023,1.208112,-48.999999
3.508323,3.233181,62.079911,4720.336568,-0.387267,40.414874,3.279036,1.221527,-48.999999
3.623572,3.331330,61.941659,4716.184459,-0.542731,40.313934,3.337563,1.243330,-48.999999
3.738900,3.429204,61.758033,4712.032342,-0.696680,40.210913,3.418871,1.273619,-48.999999
3.854295,3.526794,61.529935,4707.848404,-0.848462,40.105052,3.524046,1.312800,-48.999999
3.969768,3.624088,61.256387,4703.595069,-0.997245,39.995370,3.655752,1.361864,-48.999999
4.085334,3.721085,60.940860,4699.239172,-1.142458,39.881186,3.814504,1.421003,-48.999999
4.200980,3.817764,60.582559,4694.733483,-1.283071,39.761293,4.004084,1.491627,-48.999999
4.316723,3.914120,60.184224,4690.036937,-1.418322,39.634773,4.226394,1.574443,-48.999999
4.432561,4.010130,59.747913,4685.102330,-1.547295,39.500527,4.484273,1.670510,-48.999999
4.548514,4.105759,59.274232,4679.862882,-1.668608,39.356904,4.782820,1.781726,-48.999999
4.664579,4.201006,58.767616,4674.276237,-1.781531,39.203027,5.123531,1.908650,-48.999999
4.780774,4.295820,58.229309,4668.257408,-1.884332,39.036790,5.512578,2.053580,-48.999999
4.897092,4.390172,57.663422,4661.745596,-1.975880,38.856821,5.952707,2.217540,-48.999999
5.013551,4.484039,57.073726,4654.667536,-2.054767,38.661413,6.447378,2.401818,-48.999999
5.130162,4.577339,56.463499,4646.911230,-2.118762,38.447845,7.002533,2.608628,-48.999999
5.246940,4.670061,55.838376,4638.425653,-2.166970,38.215022,7.617533,2.837732,-48.999999
5.363898,4.762118,55.202857,4629.078920,-2.196778,37.959719,8.296758,3.090761,-48.999999
5.481038,4.853465,54.562880,4618.798262,-2.206842,37.680264,9.037997,3.366892,-48.999999
5.598381,4.944032,53.924487,4607.498802,-2.195573,37.374656,9.837801,3.664840,-48.999999
5.715936,5.033716,53.294649,4595.044042,-2.160288,37.039561,10.692086,3.983083,-48.999999
5.833707,5.122477,52.679787,4581.419472,-2.100870,36.674729,11.587840,4.316775,-48.999999
5.951721,5.210189,52.088146,4566.503272,-2.015005,36.277160,12.511950,4.661031,-48.999999
6.069975,5.296785,51.526664,4550.288562,-1.902727,35.846733,13.444043,5.008260,-48.999999
6.188466,5.382184,51.002456,4532.774833,-1.764246,35.383476,14.360537,5.349678,-48.999999
6.307222,5.466233,50.524752,4513.930263,-1.599187,34.886582,15.231739,5.674223,-48.999999
6.426212,5.548929,50.097736,4493.889540,-1.410560,34.359457,16.030579,5.971813,-48.999999
6.545446,5.630117,49.730136,4472.702327,-1.199777,33.803338,16.722410,6.229538,-48.999999
6.664910,5.709762,49.425637,4450.545911,-0.970845,33.222710,17.281528,6.437824,-48.999999
6.784589,5.787812,49.187537,4427.609023,-0.728063,32.622386,17.686106,6.588540,-48.999999
6.904463,5.864161,49.021456,4404.080613,-0.475941,32.007207,17.912195,6.672764,-48.999999
7.024515,5.938867,48.924482,4380.222147,-0.220232,31.383920,17.961980,6.691310,-48.999999
7.144707,6.011836,48.899467,4356.263664,0.033593,30.758522,17.828704,6.641661,-48.999999
7.265015,6.083112,48.942598,4332.445097,0.280151,30.137314,17.527747,6.529547,-48.999999
7.385416,6.152743,49.049909,4308.979574,0.514573,29.525931,17.078667,6.362253,-48.999999
7.505884,6.220695,49.219447,4286.084793,0.731699,28.930180,16.499927,6.146657,-48.999999
7.626390,6.287096,49.442269,4263.887678,0.928872,28.353462,15.825457,5.895399,-48.999999
7.746911,6.351954,49.714453,4242.550033,1.102235,27.800134,15.079433,5.617486,-48.999999
7.867422,6.415368,50.027838,4222.141385,1.250377,27.272085,14.290936,5.323750,-48.999999
7.987922,6.477428,50.375002,4202.707340,1.372427,26.770512,13.484395,5.023292,-48.999999
8.108376,6.538144,50.749896,4184.319133,1.466758,26.297320,12.680924,4.723978,-48.999999
8.228782,6.597675,51.143960,4166.919310,1.535116,25.850885,11.897120,4.431990,-48.999999
8.349133,6.656042,51.551051,4150.534762,1.576992,25.431818,11.147250,4.152644,-48.999999
8.469415,6.713343,51.964203,4135.105243,1.594135,25.038379,10.440006,3.889177,-48.999999
8.589630,6.769657,52.377286,4120.574803,1.588172,24.668903,9.781039,3.643694,-48.999999
8.709771,6.825010,52.784310,4106.928037,1.559672,24.322760,9.176323,3.418422,-48.999999
8.829838,6.879512,53.180425,4094.058037,1.511553,23.996900,8.624338,3.212793,-48.999999
8.949832,6.933178,53.560225,4081.940037,1.444635,23.690421,8.127558,3.027729,-48.999999
9.069751,6.986085,53.919734,4070.495052,1.361095,23.400999,7.683555,2.862326,-48.999999
9.189596,7.038277,54.255403,4059.657011,1.262781,23.126652,7.289932,2.715691,-48.999999
9.309363,7.089763,54.562559,4049.393427,1.150706,22.866222,6.946673,2.587818,-48.999999
9.429055,7.140614,54.839846,4039.617156,1.027186,22.617247,6.648563,2.476765,-48.999999
9.548686,7.190843,55.083202,4030.296736,0.893209,22.378607,6.395265,2.382404,-48.999999
9.668238,7.240482,55.291143,4021.370064,0.750450,22.148486,6.183431,2.303491,-48.999999
9.787656,7.289752,55.472487,4012.763398,0.692705,22.128193,6.001858,2.235850,0.000000
9.906800,7.338941,55.640304,4004.427002,0.640330,22.141439,5.837585,2.174654,0.000000
10.025700,7.388072,55.793942,3996.327557,0.579519,22.154853,5.689656,2.119547,0.000000
10.144343,7.437156,55.930701,3988.458178,0.510728,22.168453,5.559313,2.070990,0.000000
10.262739,7.486191,56.049173,3980.794816,0.435040,22.182241,5.446454,2.028947,0.000000
10.380901,7.535181,56.148079,3973.315798,0.353413,22.196218,5.351017,1.993395,0.000000
10.498835,7.584125,56.225117,3966.008708,0.266504,22.210391,5.273906,1.964669,0.000000
10.616544,7.633031,56.280480,3958.843302,0.175527,22.224759,5.214096,1.942388,0.000000
10.734017,7.681898,56.312284,3951.804387,0.081202,22.239321,5.172381,1.926848,0.000000
10.851282,7.730724,56.320417,3944.867060,-0.015456,22.254077,5.148338,1.917891,0.000000
10.968330,7.779513,56.304822,3938.008068,-0.113532,22.269034,5.141717,1.915425,0.000000
11.085155,7.828279,56.264174,3931.207119,-0.212111,22.284195,5.153347,1.919757,0.000000
11.201766,7.877006,56.199983,3924.437767,-0.310272,22.299544,5.182191,1.930503,0.000000
11.318168,7.925696,56.111454,3917.676908,-0.407038,22.315098,5.229065,1.947964,0.000000
11.434353,7.974361,55.999630,3910.899413,-0.501501,22.330848,5.293600,1.972005,0.000000
11.550332,8.022994,55.865567,3904.080853,-0.592788,22.346788,5.375554,2.002535,0.000000
11.666087,8.071587,55.709207,3897.192176,-0.679767,22.362924,5.475741,2.039858,0.000000
11.781628,8.120153,55.533013,3890.211530,-0.761755,22.379246,5.593023,2.083548,0.000000
11.896947,8.168686,55.337528,3883.107512,-0.837580,22.395759,5.727991,2.133827,0.000000
12.012039,8.217191,55.124806,3875.855516,-0.906444,22.412451,5.879947,2.190435,0.000000
12.126904,8.265656,54.896932,3868.431408,-0.967562,22.429310,6.048154,2.253096,0.000000
12.241531,8.314077,54.655320,3860.798820,-1.019634,22.446357,6.232645,2.321824,0.000000
12.355916,8.362461,54.403003,3852.944201,-1.062365,22.463562,6.431484,2.395897,0.000000
12.470058,8.410809,54.141991,3844.832093,-1.094549,22.480930,6.643956,2.475048,0.000000
12.583943,8.459108,53.875120,3836.444209,-1.115691,22.498453,6.868037,2.558524,0.000000
12.697553,8.507389,53.604981,3827.764476,-1.127130,22.549914,7.101643,2.645549,6.000000
12.810851,8.555695,53.334126,3818.759475,-1.126364,22.608512,7.342859,2.735408,6.000000
12.923842,8.604027,53.065491,3809.432913,-1.113480,22.668688,7.588299,2.826841,6.000000
13.036505,8.652393,52.802242,3799.758805,-1.087728,22.730541,7.834624,2.918603,6.000000
13.148831,8.700777,52.547285,3789.737596,-1.049379,22.794035,8.077895,3.009228,6.000000
13.260815,8.749189,52.303374,3779.373814,-0.998835,22.859123,8.314043,3.097200,6.000000
13.372424,8.797629,52.074039,3768.655642,-0.935975,22.925832,8.538035,3.180643,6.000000
13.483669,8.846078,51.861076,3757.615048,-0.862195,22.993997,8.746102,3.258153,6.000000
13.594533,8.894550,51.667710,3746.256040,-0.777975,23.063585,8.932986,3.327772,6.000000
13.705006,8.943040,51.495751,3734.609631,-0.684726,23.134438,9.094850,3.388071,6.000000
13.815083,8.991537,51.346646,3722.710424,-0.583979,23.206403,9.228458,3.437843,6.000000
13.924734,9.040049,51.223105,3710.583569,-0.477034,23.279337,9.329144,3.475352,6.000000
14.033985,9.088570,51.124655,3698.282607,-0.366024,23.353021,9.396605,3.500483,6.000000
14.142798,9.137101,51.053014,3685.844921,-0.252672,23.427284,9.428025,3.512187,6.000000
14.251191,9.185633,51.007830,3673.320261,-0.139015,23.501893,9.423759,3.510598,6.000000
14.359161,9.234174,50.988357,3660.756516,-0.026962,23.576659,9.385087,3.496192,6.000000
14.466686,9.282710,50.995109,3648.201174,0.081398,23.651376,9.311985,3.468959,6.000000
14.573793,9.331246,51.025396,3635.698560,0.184483,23.725862,9.208968,3.430583,6.000000
14.680469,9.379790,51.078647,3623.294326,0.280381,23.799922,9.078014,3.381799,6.000000
14.786716,9.428325,51.152522,3611.026008,0.367709,23.873414,8.923467,3.324226,6.000000
14.892550,9.476861,51.244510,3598.924772,0.445390,23.946224,8.749778,3.259523,6.000000
14.997955,9.525401,51.353005,3587.030169,0.511831,24.018203,8.560487,3.189007,6.000000
15.102967,9.573933,51.474443,3575.353769,0.566898,24.089313,8.360775,3.114609,6.000000
15.207572,9.622474,51.606629,3563.924229,0.609539,24.159456,8.154427,3.037739,6.000000
15.311787,9.671005,51.746504,3552.751004,0.639628,24.228631,7.945535,2.959921,6.000000
15.415637,9.719546,51.891190,3541.838004,0.657301,24.296827,7.737646,2.882477,6.000000
15.519088,9.768082,52.037985,3531.203309,0.661988,24.364021,7.534172,2.806677,6.000000
15.622192,9.816627,52.184065,3520.830447,0.654717,24.430290,7.337603,2.733450,6.000000
15.724929,9.865173,52.326725,3510.727159,0.635399,24.495648,7.150648,2.663805,6.000000
15.827329,9.913728,52.463478,3500.881905,0.604796,24.560166,6.975150,2.598427,6.000000
15.929390,9.962284,52.592143,3491.280509,0.563776,24.623925,6.812474,2.537826,6.000000
16.031113,10.010863,52.709992,3481.923348,0.512573,24.686976,6.664663,2.482762,6.000000
16.132528,10.059441,52.815711,3472.782037,0.452612,24.749448,6.531827,2.433278,6.000000
16.233620,10.108036,52.906974,3463.849939,0.384423,24.811413,6.415400,2.389905,6.000000
16.334401,10.156643,52.982394,3455.106191,0.309088,24.872975,6.315691,2.352761,6.000000
16.434889,10.205271,53.040977,3446.529208,0.227699,24.934240,6.232788,2.321878,6.000000
16.535067,10.253912,53.080595,3438.107463,0.140987,24.995317,6.167904,2.297706,6.000000
16.634965,10.302572,53.101496,3429.811492,0.050272,25.056308,6.120149,2.279917,6.000000
16.734560,10.351250,53.102172,3421.625124,-0.043569,25.117326,6.090386,2.268829,6.000000
16.833878,10.399949,53.082483,3413.524279,-0.139407,25.178490,6.078388,2.264359,6.000000
16.932913,10.448669,53.042606,3405.485132,-0.236187,25.239897,6.083818,2.266382,6.000000
17.031661,10.497411,52.981436,3397.486497,-0.332842,25.301681,6.107595,2.275240,6.000000
17.130129,10.546180,52.900479,3389.502320,-0.428319,25.363921,6.148537,2.290492,6.000000
17.228315,10.594968,52.799339,3381.508443,-0.521501,25.426763,6.207248,2.312363,6.000000
17.326210,10.643777,52.679017,3373.479842,-0.611349,25.490315,6.283254,2.340677,6.000000
17.423830,10.692617,52.540766,3365.392685,-0.696904,25.554644,6.375928,2.375201,6.000000
17.521157,10.741475,52.384767,3357.217062,-0.776841,25.619937,6.485774,2.416122,6.000000
17.618196,10.790359,52.213401,3348.933315,-0.850517,25.686227,6.611231,2.462858,6.000000
17.714942,10.839264,52.027555,3340.511341,-0.916648,25.753664,6.752249,2.515390,6.000000
17.785640,10.875120,51.883530,3334.242450,-0.960020,25.803830,6.864534,2.557219,6.000000
17.785640,10.875120,51.883530,3334.242450,-0.960020,25.803830,6.864534,2.557219,6.000000
17.785640,10.875120,51.883530,3334.242450,-0.960020,25.803830,6.864534,2.557219,6.000000
17.785640,10.875120,51.883530,3334.242450,-0.960020,25.803830,6.864534,2.557219,6.000000
17.785640,10.875120,51.883530,3334.242450,-0.960020,25.803830,6.864534,2.557219,6.000000
17.785640,10.875120,51.883530,3334.242450,-0.960020,25.803830,6.864534,2.557219,6.000000
17.785640,10.875120,51.883530,3334.242450,-0.960020,25.803830,6.864534,2.557219,6.000000
17.785640,10.875120,51.883530,3334.242450,-0.960020,25.803830,6.864534,2.557219,6.000000
17.785640,10.875120,51.883530,3334.242450,-0.960020,25.803830,6.864534,2.557219,6.000000
17.785640,10.875120,51.883530,3334.242450,-0.960020,25.803830,6.864534,2.557219,6.000000
17.785640,10.875120,51.883530,3334.242450,-0.960020,25.803830,6.864534,2.557219,6.000000
17.785640,10.875120,51.883530,3334.242450,-0.960020,25.803830,6.864534,2.557219,6.000000
17.785640,10.875120,51.883530,3334.242450,-0.960020,25.803830,6.864534,2.557219,6.000000
17.785640,10.875120,51.883530,3334.242450,-0.960020,25.803830,6.864534,2.557219,6.000000
17.785640,10.875120,51.883530,3334.242450,-0.960020,25.803830,6.864534,2.557219,6.000000
17.785640,10.875120,51.883530,3334.242450,-0.960020,25.803830,6.864534,2.557219,6.000000
17.785640,10.875120,51.883530,3334.242450,-0.960020,25.803830,6.864534,2.557219,6.000000
17.785640,10.875120,51.883530,3334.242450,-0.960020,25.803830,6.864534,2.557219,6.000000
17.785640,10.875120,51.883530,3334.242450,-0.960020,25.803830,6.864534,2.557219,6.000000
17.785640,10.875120,51.883530,3334.242450,-0.960020,25.803830,6.864534,2.557219,6.000000
17.785640,10.875120,51.883530,3334.242450,-0.960020,25.803830,6.864534,2.557219,6.000000
17.785640,10.875120,51.883530,3334.242450,-0.960020,25.803830,6.864534,2.557219,6.000000
17.785640,10.875120,51.883530,3334.242450,-0.960020,25.803830,6.864534,2.557219,6.000000
17.785640,10.875120,51.883530,3334.242450,-0.960020,25.803830,6.864534,2.557219,6.000000
17.785640,10.875120,51.883530,3334.242450,-0.960020,25.803830,6.864534,2.557219,6.000000
17.785640,10.875120,51.883530,3334.242450,-0.960020,25.803830,6.864534,2.557219,6.000000
17.785640,10.875120,51.883530,3334.242450,-0.960020,25.803830,6.864534,2.557219,6.000000
17.785640,10.875120,51.883530,3334.242450,-0.960020,25.803830,6.864534,2.557219,6.000000
17.785640,10.875120,51.883530,3334.242450,-0.960020,25.803830,6.864534,2.557219,6.000000
17.785640,10.875120,51.883530,3334.242450,-0.960020,25.803830,6.864534,2.557219,6.000000
17.785640,10.875120,51.883530,3334.242450,-0.960020,25.803830,6.864534,2.557219,6.000000
17.785640,10.875120,51.883530,3334.242450,-0.960020,25.803830,6.864534,2.557219,6.000000
17.785640,10.875120,51.883530,3334.242450,-0.960020,25.803830,6.864534,2.557219,6.000000
17.785640,10.875120,51.883530,3334.242450,-0.960020,25.803830,6.864534,2.557219,6.000000
17.785640,10.875120,51.883530,3334.242450,-0.960020,25.803830,6.864534,2.557219,6.000000
17.785640,10.875120,51.883530,3334.242450,-0.960020,25.803830,6.864534,2.557219,6.000000
17.785640,10.875120,51.883530,3334.242450,-0.960020,25.803830,6.864534,2.557219,6.000000
17.785640,10.875120,51.883530,3334.242450,-0.960020,25.803830,6.864534,2.557219,6.000000
17.785640,10.875120,51.883530,3334.242450,-0.960020,25.803830,6.864534,2.557219,6.000000
17.785640,10.875120,51.883530,3334.242450,-0.960020,25.803830,6.864534,2.557219,6.000000
17.785640,10.875120,51.883530,3334.242450,-0.960020,25.803830,6.864534,2.557219,6.000000
17.785640,10.875120,51.883530,3334.242450,-0.960020,25.803830,6.864534,2.557219,6.000000
17.785640,10.875120,51.883530,3334.242450,-0.960020,25.803830,6.864534,2.557219,6.000000
17.785640,10.875120,51.883530,3334.242450,-0.960020,25.803830,6.864534,2.557219,6.000000
17.785640,10.875120,51.883530,3334.242450,-0.960020,25.803830,6.864534,2.557219,6.000000
17.785640,10.875120,51.883530,3334.242450,-0.960020,25.803830,6.864534,2.557219,6.000000
17.785640,10.875120,51.883530,3334.242450,-0.960020,25.803830,6.864534,2.557219,6.000000
17.785640,10.875120,51.883530,3334.242450,-0.960020,25.803830,6.864534,2.557219,6.000000
17.785640,10.875120,51.883530,3334.242450,-0.960020,25.803830,6.864534,2.557219,6.000000
17.785640,10.875120,51.883530,3334.242450,-0.960020,25.803830,6.864534,2.557219,6.000000
17.785640,10.875120,51.883530,3334.242450,-0.960020,25.803830,6.864534,2.557219,6.000000
17.785640,10.875120,51.883530,3334.242450,-0.960020,25.803830,6.864534,2.557219,6.000000
17.785640,10.875120,51.883530,3334.242450,-0.960020,25.803830,6.864534,2.557219,6.000000
17.785640,10.875120,51.883530,3334.242450,-0.960020,25.803830,6.864534,2.557219,6.000000
17.785640,10.875120,51.883530,3334.242450,-0.960020,25.803830,6.864534,2.557219,6.000000
17.785640,10.875120,51.883530,3334.242450,-0.960020,25.803830,6.864534,2.557219,6.000000
17.785640,10.875120,51.883530,3334.242450,-0.960020,25.803830,6.864534,2.557219,6.000000
17.785640,10.875120,51.883530,3334.242450,-0.960020,25.803830,6.864534,2.557219,6.000000
17.785640,10.875120,51.883530,3334.242450,-0.960020,25.803830,6.864534,2.557219,6.000000
17.785640,10.875120,51.883530,3334.242450,-0.960020,25.803830,6.864534,2.557219,6.000000
17.785640,10.875120,51.883530,3334.242450,-0.960020,25.803830,6.864534,2.557219,6.000000
17.785640,10.875120,51.883530,3334.242450,-0.960020,25.803830,6.864534,2.557219,6.000000
17.785640,10.875120,51.883530,3334.242450,-0.960020,25.803830,6.864534,2.557219,6.000000
17.785640,10.875120,51.883530,3334.242450,-0.960020,25.803830,6.864534,2.557219,6.000000
17.785640,10.875120,51.883530,3334.242450,-0.960020,25.803830,6.864534,2.557219,6.000000
17.785640,10.875120,51.883530,3334.242450,-0.960020,25.803830,6.864534,2.557219,6.000000
17.785640,10.875120,51.883530,3334.242450,-0.960020,25.803830,6.864534,2.557219,6.000000
17.785640,10.875120,51.883530,3334.242450,-0.960020,25.803830,6.864534,2.557219,6.000000
17.785640,10.875120,51.883530,3334.242450,-0.960020,25.803830,6.864534,2.557219,6.000000
17.785640,10.875120,51.883530,3334.242450,-0.960020,25.803830,6.864534,2.557219,6.000000
17.785640,10.875120,51.883530,3334.242450,-0.960020,25.803830,6.864534,2.557219,6.000000
17.785640,10.875120,51.883530,3334.242450,-0.960020,25.803830,6.864534,2.557219,6.000000
17.785640,10.875120,51.883530,3334.242450,-0.960020,25.803830,6.864534,2.557219,6.000000
17.785640,10.875120,51.883530,3334.242450,-0.960020,25.803830,6.864534,2.557219,6.000000
17.785640,10.875120,51.883530,3334.242450,-0.960020,25.803830,6.864534,2.557219,6.000000
17.785640,10.875120,51.883530,3334.242450,-0.960020,25.803830,6.864534,2.557219,6.000000
17.785640,10.875120,51.883530,3334.242450,-0.960020,25.803830,6.864534,2.557219,6.000000
17.785640,10.875120,51.883530,3334.242450,-0.960020,25.803830,6.864534,2.557219,6.000000
17.785640,10.875120,51.883530,3334.242450,-0.960020,25.803830,6.864534,2.557219,6.000000
17.785640,10.875120,51.883530,3334.242450,-0.960020,25.803830,6.864534,2.557219,6.000000
17.785640,10.875120,51.883530,3334.242450,-0.960020,25.803830,6.864534,2.557219,6.000000
17.785640,10.875120,51.883530,3334.242450,-0.960020,25.803830,6.864534,2.557219,6.000000
17.785640,10.875120,51.883530,3334.242450,-0.960020,25.803830,6.864534,2.557219,6.000000
17.785640,10.875120,51.883530,3334.242450,-0.960020,25.803830,6.864534,2.557219,6.000000
17.785640,10.875120,51.883530,3334.242450,-0.960020,25.803830,6.864534,2.557219,6.000000
17.785640,10.875120,51.883530,3334.242450,-0.960020,25.803830,6.864534,2.557219,6.000000
17.785640,10.875120,51.883530,3334.242450,-0.960020,25.803830,6.864534,2.557219,6.000000
17.785640,10.875120,51.883530,3334.242450,-0.960020,25.803830,6.864534,2.557219,6.000000
17.785640,10.875120,51.883530,3334.242450,-0.960020,25.803830,6.864534,2.557219,6.000000
17.785640,10.875120,51.883530,3334.242450,-0.960020,25.803830,6.864534,2.557219,6.000000
17.785640,10.875120,51.883530,3334.242450,-0.960020,25.803830,6.864534,2.557219,6.000000
17.785640,10.875120,51.883530,3334.242450,-0.960020,25.803830,6.864534,2.557219,6.000000
17.785640,10.875120,51.883530,3334.242450,-0.960020,25.803830,6.864534,2.557219,6.000000
17.785640,10.875120,51.883530,3334.242450,-0.960020,25.803830,6.864534,2.557219,6.000000
17.785640,10.875120,51.883530,3334.242450,-0.960020,25.803830,6.864534,2.557219,6.000000
17.785640,10.875120,51.883530,3334.242450,-0.960020,25.803830,6.864534,2.557219,6.000000
17.785640,10.875120,51.883530,3334.242450,-0.960020,25.803830,6.864534,2.557219,6.000000
17.785640,10.875120,51.883530,3334.242450,-0.960020,25.803830,6.864534,2.557219,6.000000
17.785640,10.875120,51.883530,3334.242450,-0.960020,25.803830,6.864534,2.557219,6.000000
17.785640,10.875120,51.883530,3334.242450,-0.960020,25.803830,6.864534,2.557219,6.000000
17.785640,10.875120,51.883530,3334.242450,-0.960020,25.803830,6.864534,2.557219,6.000000
17.785640,10.875120,51.883530,3334.242450,-0.960020,25.803830,6.864534,2.557219,6.000000
17.785640,10.875120,51.883530,3334.242450,-0.960020,25.803830,6.864534,2.557219,6.000000
17.785640,10.875120,51.883530,3334.242450,-0.960020,25.803830,6.864534,2.557219,6.000000
17.785640,10.875120,51.883530,3334.242450,-0.960020,25.803830,6.864534,2.557219,6.000000
17.785640,10.875120,51.883530,3334.242450,-0.960020,25.803830,6.864534,2.557219,6.000000
17.785640,10.875120,51.883530,3334.242450,-0.960020,25.803830,6.864534,2.557219,6.000000
17.785640,10.875120,51.883530,3334.242450,-0.960020,25.803830,6.864534,2.557219,6.000000
17.785640,10.875120,51.883530,3334.242450,-0.960020,25.803830,6.864534,2.557219,6.000000
17.785640,10.875120,51.883530,3334.242450,-0.960020,25.803830,6.864534,2.557219,6.000000
17.785640,10.875120,51.883530,3334.242450,-0.960020,25.803830,6.864534,2.557219,6.000000
17.785640,10.875120,51.883530,3334.242450,-0.960020,25.803830,6.864534,2.557219,6.000000
17.785640,10.875120,51.883530,3334.242450,-0.960020,25.803830,6.864534,2.557219,6.000000
17.785640,10.875120,51.883530,3334.242450,-0.960020,25.803830,6.864534,2.557219,6.000000
17.785640,10.875120,51.883530,3334.242450,-0.960020,25.803830,6.864534,2.557219,6.000000
17.785640,10.875120,51.883530,3334.242450,-0.960020,25.803830,6.864534,2.557219,6.000000
17.785640,10.875120,51.883530,3334.242450,-0.960020,25.803830,6.864534,2.557219,6.000000
17.785640,10.875120,51.883530,3334.242450,-0.960020,25.803830,6.864534,2.557219,6.000000
17.785640,10.875120,51.883530,3334.242450,-0.960020,25.803830,6.864534,2.557219,6.000000
17.785640,10.875120,51.883530,3334.242450,-0.960020,25.803830,6.864534,2.557219,6.000000
17.785640,10.875120,51.883530,3334.242450,-0.960020,25.803830,6.864534,2.557219,6.000000
17.785640,10.875120,51.883530,3334.242450,-0.960020,25.803830,6.864534,2.557219,6.000000
17.785640,10.875120,51.883530,3334.242450,-0.960020,25.803830,6.864534,2.557219,6.000000
17.785640,10.875120,51.883530,3334.242450,-0.960020,25.803830,6.864534,2.557219,6.000000
17.785640,10.875120,51.883530,3334.242450,-0.960020,25.803830,6.864534,2.557219,6.000000
17.785640,10.875120,51.883530,3334.242450,-0.960020,25.803830,6.864534,2.557219,6.000000
17.785640,10.875120,51.883530,3334.242450,-0.960020,25.803830,6.864534,2.557219,6.000000
17.785640,10.875120,51.883530,3334.242450,-0.960020,25.803830,6.864534,2.557219,6.000000
17.785640,10.875120,51.883530,3334.242450,-0.960020,25.803830,6.864534,2.557219,6.000000
17.785640,10.875120,51.883530,3334.242450,-0.960020,25.803830,6.864534,2.557219,6.000000
17.785640,10.875120,51.883530,3334.242450,-0.960020,25.803830,6.864534,2.557219,6.000000
17.785640,10.875120,51.883530,3334.242450,-0.960020,25.803830,6.864534,2.557219,6.000000
17.785640,10.875120,51.883530,3334.242450,-0.960020,25.803830,6.864534,2.557219,6.000000
17.785640,10.875120,51.883530,3334.242450,-0.960020,25.803830,6.864534,2.557219,6.000000
17.785640,10.875120,51.883530,3334.242450,-0.960020,25.803830,6.864534,2.557219,6.000000
17.785640,10.875120,51.883530,3334.242450,-0.960020,25.803830,6.864534,2.557219,6.000000
17.785640,10.875120,51.883530,3334.242450,-0.960020,25.803830,6.864534,2.557219,6.000000
17.785640,10.875120,51.883530,3334.242450,-0.960020,25.803830,6.864534,2.557219,6.000000
17.785640,10.875120,51.883530,3334.242450,-0.960020,25.803830,6.864534,2.557219,6.000000
17.785640,10.875120,51.883530,3334.242450,-0.960020,25.803830,6.864534,2.557219,6.000000
17.785640,10.875120,51.883530,3334.242450,-0.960020,25.803830,6.864534,2.557219,6.000000
17.785640,10.875120,51.883530,3334.242450,-0.960020,25.803830,6.864534,2.557219,6.000000
17.785640,10.875120,51.883530,3334.242450,-0.960020,25.803830,6.864534,2.557219,6.000000
17.785640,10.875120,51.883530,3334.242450,-0.960020,25.803830,6.864534,2.557219,6.000000
17.785640,10.875120,51.883530,3334.242450,-0.960020,25.803830,6.864534,2.557219,6.000000
17.785640,10.875120,51.883530,3334.242450,-0.960020,25.803830,6.864534,2.557219,6.000000
17.785640,10.875120,51.883530,3334.242450,-0.960020,25.803830,6.864534,2.557219,6.000000
17.785640,10.875120,51.883530,3334.242450,-0.960020,25.803830,6.864534,2.557219,6.000000
17.785640,10.875120,51.883530,3334.242450,-0.960020,25.803830,6.864534,2.557219,6.000000
17.785640,10.875120,51.883530,3334.242450,-0.960020,25.803830,6.864534,2.557219,6.000000
17.785640,10.875120,51.883530,3334.242450,-0.960020,25.803830,6.864534,2.557219,6.000000
17.785640,10.875120,51.883530,3334.242450,-0.960020,25.803830,6.864534,2.557219,6.000000
17.785640,10.875120,51.883530,3334.242450,-0.960020,25.803830,6.864534,2.557219,6.000000
17.785640,10.875120,51.883530,3334.242450,-0.960020,25.803830,6.864534,2.557219,6.000000
17.785640,10.875120,51.883530,3334.242450,-0.960020,25.803830,6.864534,2.557219,6.000000
17.785640,10.875120,51.883530,3334.242450,-0.960020,25.803830,6.864534,2.557219,6.000000
17.785640,10.875120,51.883530,3334.242450,-0.960020,25.803830,6.864534,2.557219,6.000000
17.785640,10.875120,51.883530,3334.242450,-0.960020,25.803830,6.864534,2.557219,6.000000
17.785640,10.875120,51.883530,3334.242450,-0.960020,25.803830,6.864534,2.557219,6.000000
17.785640,10.875120,51.883530,3334.242450,-0.960020,25.803830,6.864534,2.557219,6.000000
17.785640,10.875120,51.883530,3334.242450,-0.960020,25.803830,6.864534,2.557219,6.000000
17.785640,10.875120,51.883530,3334.242450,-0.960020,25.803830,6.864534,2.557219,6.000000
17.785640,10.875120,51.883530,3334.242450,-0.960020,25.803830,6.864534,2.557219,6.000000
17.785640,10.875120,51.883530,3334.242450,-0.960020,25.803830,6.864534,2.557219,6.000000
17.785640,10.875120,51.883530,3334.242450,-0.960020,25.803830,6.864534,2.557219,6.000000
17.785640,10.875120,51.883530,3334.242450,-0.960020,25.803830,6.864534,2.557219,6.000000
17.785640,10.875120,51.883530,3334.242450,-0.960020,25.803830,6.864534,2.557219,6.000000
17.785640,10.875120,51.883530,3334.242450,-0.960020,25.803830,6.864534,2.557219,6.000000
17.785640,10.875120,51.883530,3334.242450,-0.960020,25.803830,6.864534,2.557219,6.000000
17.785640,10.875120,51.883530,3334.242450,-0.960020,25.803830,6.864534,2.557219,6.000000
17.785640,10.875120,51.883530,3334.242450,-0.960020,25.803830,6.864534,2.557219,6.000000
17.785640,10.875120,51.883530,3334.242450,-0.960020,25.803830,6.864534,2.557219,6.000000
17.785640,10.875120,51.883530,3334.242450,-0.960020,25.803830,6.864534,2.557219,6.000000
17.785640,10.875120,51.883530,3334.242450,-0.960020,25.803830,6.864534,2.557219,6.000000
17.785640,10.875120,51.883530,3334.242450,-0.960020,25.803830,6.864534,2.557219,6.000000
17.785640,10.875120,51.883530,3334.242450,-0.960020,25.803830,6.864534,2.557219,6.000000
17.785640,10.875120,51.883530,3334.242450,-0.960020,25.803830,6.864534,2.557219,6.000000
17.785640,10.875120,51.883530,3334.242450,-0.960020,25.803830,6.864534,2.557219,6.000000
17.785640,10.875120,51.883530,3334.242450,-0.960020,25.803830,6.864534,2.557219,6.000000
17.785640,10.875120,51.883530,3334.242450,-0.960020,25.803830,6.864534,2.557219,6.000000
17.785640,10.875120,51.883530,3334.242450,-0.960020,25.803830,6.864534,2.557219,6.000000
17.785640,10.875120,51.883530,3334.242450,-0.960020,25.803830,6.864534,2.557219,6.000000
17.785640,10.875120,51.883530,3334.242450,-0.960020,25.803830,6.864534,2.557219,6.000000
17.785640,10.875120,51.883530,3334.242450,-0.960020,25.803830,6.864534,2.557219,6.000000
17.785640,10.875120,51.883530,3334.242450,-0.960020,25.803830,6.864534,2.557219,6.000000
17.785640,10.875120,51.883530,3334.242450,-0.960020,25.803830,6.864534,2.557219,6.000000
17.785640,10.875120,51.883530,3334.242450,-0.960020,25.803830,6.864534,2.557219,6.000000
17.785640,10.875120,51.883530,3334.242450,-0.960020,25.803830,6.864534,2.557219,6.000000
17.785640,10.875120,51.883530,3334.242450,-0.960020,25.803830,6.864534,2.557219,6.000000
17.785640,10.875120,51.883530,3334.242450,-0.960020,25.803830,6.864534,2.557219,6.000000
17.785640,10.875120,51.883530,3334.242450,-0.960020,25.803830,6.864534,2.557219,6.000000
17.785640,10.875120,51.883530,3334.242450,-0.960020,25.803830,6.864534,2.557219,6.000000
17.785640,10.875120,51.883530,3334.242450,-0.960020,25.803830,6.864534,2.557219,6.000000
17.785640,10.875120,51.883530,3334.242450,-0.960020,25.803830,6.864534,2.557219,6.000000
17.785640,10.875120,51.883530,3334.242450,-0.960020,25.803830,6.864534,2.557219,6.000000
17.785640,10.875120,51.883530,3334.242450,-0.960020,25.803830,6.864534,2.557219,6.000000
17.785640,10.875120,51.883530,3334.242450,-0.960020,25.803830,6.864534,2.557219,6.000000
17.785640,10.875120,51.883530,3334.242450,-0.960020,25.803830,6.864534,2.557219,6.000000
17.785640,10.875120,51.883530,3334.242450,-0.960020,25.803830,6.864534,2.557219,6.000000
17.785640,10.875120,51.883530,3334.242450,-0.960020,25.803830,6.864534,2.557219,6.000000
17.785640,10.875120,51.883530,3334.242450,-0.960020,25.803830,6.864534,2.557219,6.000000
17.785640,10.875120,51.883530,3334.242450,-0.960020,25.803830,6.864534,2.557219,6.000000
17.785640,10.875120,51.883530,3334.242450,-0.960020,25.803830,6.864534,2.557219,6.000000
17.785640,10.875120,51.883530,3334.242450,-0.960020,25.803830,6.864534,2.557219,6.000000
17.785640,10.875120,51.883530,3334.242450,-0.960020,25.803830,6.864534,2.557219,6.000000
17.785640,10.875120,51.883530,3334.242450,-0.960020,25.803830,6.864534,2.557219,6.000000
17.785640,10.875120,51.883530,3334.242450,-0.960020,25.803830,6.864534,2.557219,6.000000
17.785640,10.875120,51.883530,3334.242450,-0.960020,25.803830,6.864534,2.557219,6.000000
17.785640,10.875120,51.883530,3334.242450,-0.960020,25.803830,6.864534,2.557219,6.000000
17.785640,10.875120,51.883530,3334.242450,-0.960020,25.803830,6.864534,2.557219,6.000000
17.785640,10.875120,51.883530,3334.242450,-0.960020,25.803830,6.864534,2.557219,6.000000
17.785640,10.875120,51.883530,3334.242450,-0.960020,25.803830,6.864534,2.557219,6.000000
17.785640,10.875120,51.883530,3334.242450,-0.960020,25.803830,6.864534,2.557219,6.000000
17.785640,10.875120,51.883530,3334.242450,-0.960020,25.803830,6.864534,2.557219,6.000000
17.785640,10.875120,51.883530,3334.242450,-0.960020,25.803830,6.864534,2.557219,6.000000
17.785640,10.875120,51.883530,3334.242450,-0.960020,25.803830,6.864534,2.557219,6.000000
17.785640,10.875120,51.883530,3334.242450,-0.960020,25.803830,6.864534,2.557219,6.000000
17.785640,10.875120,51.883530,3334.242450,-0.960020,25.803830,6.864534,2.557219,6.000000
17.785640,10.875120,51.883530,3334.242450,-0.960020,25.803830,6.864534,2.557219,6.000000
17.785640,10.875120,51.883530,3334.242450,-0.960020,25.803830,6.864534,2.557219,6.000000
17.785640,10.875120,51.883530,3334.242450,-0.960020,25.803830,6.864534,2.557219,6.000000
17.785640,10.875120,51.883530,3334.242450,-0.960020,25.803830,6.864534,2.557219,6.000000
17.785640,10.875120,51.883530,3334.242450,-0.960020,25.803830,6.864534,2.557219,6.000000
17.785640,10.875120,51.883530,3334.242450,-0.960020,25.803830,6.864534,2.557219,6.000000
17.785640,10.875120,51.883530,3334.242450,-0.960020,25.803830,6.864534,2.557219,6.000000
17.785640,10.875120,51.883530,3334.242450,-0.960020,25.803830,6.864534,2.557219,6.000000
17.785640,10.875120,51.883530,3334.242450,-0.960020,25.803830,6.864534,2.557219,6.000000
17.785640,10.875120,51.883530,3334.242450,-0.960020,25.803830,6.864534,2.557219,6.000000
17.785640,10.875120,51.883530,3334.242450,-0.960020,25.803830,6.864534,2.557219,6.000000
17.785640,10.875120,51.883530,3334.242450,-0.960020,25.803830,6.864534,2.557219,6.000000
17.785640,10.875120,51.883530,3334.242450,-0.960020,25.803830,6.864534,2.557219,6.000000
17.785640,10.875120,51.883530,3334.242450,-0.960020,25.803830,6.864534,2.557219,6.000000
17.785640,10.875120,51.883530,3334.242450,-0.960020,25.803830,6.864534,2.557219,6.000000
17.785640,10.875120,51.883530,3334.242450,-0.960020,25.803830,6.864534,2.557219,6.000000
17.785640,10.875120,51.883530,3334.242450,-0.960020,25.803830,6.864534,2.557219,6.000000
17.785640,10.875120,51.883530,3334.242450,-0.960020,25.803830,6.864534,2.557219,6.000000
17.785640,10.875120,51.883530,3334.242450,-0.960020,25.803830,6.864534,2.557219,6.000000
17.785640,10.875120,51.883530,3334.242450,-0.960020,25.803830,6.864534,2.557219,6.000000
17.785640,10.875120,51.883530,3334.242450,-0.960020,25.803830,6.864534,2.557219,6.000000
17.785640,10.875120,51.883530,3334.242450,-0.960020,25.803830,6.864534,2.557219,6.000000
17.785640,10.875120,51.883530,3334.242450,-0.960020,25.803830,6.864534,2.557219,6.000000
17.785640,10.875120,51.883530,3334.242450,-0.960020,25.803830,6.864534,2.557219,6.000000
17.785640,10.875120,51.883530,3334.242450,-0.960020,25.803830,6.864534,2.557219,6.000000
17.785640,10.875120,51.883530,3334.242450,-0.960020,25.803830,6.864534,2.557219,6.000000
17.785640,10.875120,51.883530,3334.242450,-0.960020,25.803830,6.864534,2.557219,6.000000
17.785640,10.875120,51.883530,3334.242450,-0.960020,25.803830,6.864534,2.557219,6.000000
17.785640,10.875120,51.883530,3334.242450,-0.960020,25.803830,6.864534,2.557219,6.000000
17.785640,10.875120,51.883530,3334.242450,-0.960020,25.803830,6.864534,2.557219,6.000000
17.785640,10.875120,51.883530,3334.242450,-0.960020,25.803830,6.864534,2.557219,6.000000
17.785640,10.875120,51.883530,3334.242450,-0.960020,25.803830,6.864534,2.557219,6.000000
17.785640,10.875120,51.883530,3334.242450,-0.960020,25.803830,6.864534,2.557219,6.000000
17.785640,10.875120,51.883530,3334.242450,-0.960020,25.803830,6.864534,2.557219,6.000000
17.785640,10.875120,51.883530,3334.242450,-0.960020,25.803830,6.864534,2.557219,6.000000
17.785640,10.875120,51.883530,3334.242450,-0.960020,25.803830,6.864534,2.557219,6.000000
17.785640,10.875120,51.883530,3334.242450,-0.960020,25.803830,6.864534,2.557219,6.000000
17.785640,10.875120,51.883530,3334.242450,-0.960020,25.803830,6.864534,2.557219,6.000000
17.785640,10.875120,51.883530,3334.242450,-0.960020,25.803830,6.864534,2.557219,6.000000
17.785640,10.875120,51.883530,3334.242450,-0.960020,25.803830,6.864534,2.557219,6.000000
17.785640,10.875120,51.883530,3334.242450,-0.960020,25.803830,6.864534,2.557219,6.000000
17.785640,10.875120,51.883530,3334.242450,-0.960020,25.803830,6.864534,2.557219,6.000000
17.785640,10.875120,51.883530,3334.242450,-0.960020,25.803830,6.864534,2.557219,6.000000
17.785640,10.875120,51.883530,3334.242450,-0.960020,25.803830,6.864534,2.557219,6.000000
17.785640,10.875120,51.883530,3334.242450,-0.960020,25.803830,6.864534,2.557219,6.000000
17.785640,10.875120,51.883530,3334.242450,-0.960020,25.803830,6.864534,2.557219,6.000000
17.785640,10.875120,51.883530,3334.242450,-0.960020,25.803830,6.864534,2.557219,6.000000
17.785640,10.875120,51.883530,3334.242450,-0.960020,25.803830,6.864534,2.557219,6.000000
17.785640,10.875120,51.883530,3334.242450,-0.960020,25.803830,6.864534,2.557219,6.000000
17.785640,10.875120,51.883530,3334.242450,-0.960020,25.803830,6.864534,2.557219,6.000000
17.785640,10.875120,51.883530,3334.242450,-0.960020,25.803830,6.864534,2.557219,6.000000
17.785640,10.875120,51.883530,3334.242450,-0.960020,25.803830,6.864534,2.557219,6.000000
17.785640,10.875120,51.883530,3334.242450,-0.960020,25.803830,6.864534,2.557219,6.000000
17.785640,10.875120,51.883530,3334.242450,-0.960020,25.803830,6.864534,2.557219,6.000000
17.785640,10.875120,51.883530,3334.242450,-0.960020,25.803830,6.864534,2.557219,6.000000
17.785640,10.875120,51.883530,3334.242450,-0.960020,25.803830,6.864534,2.557219,6.000000
17.785640,10.875120,51.883530,3334.242450,-0.960020,25.803830,6.864534,2.557219,6.000000
17.785640,10.875120,51.883530,3334.242450,-0.960020,25.803830,6.864534,2.557219,6.000000
17.785640,10.875120,51.883530,3334.242450,-0.960020,25.803830,6.864534,2.557219,6.000000
17.785640,10.875120,51.883530,3334.242450,-0.960020,25.803830,6.864534,2.557219,6.000000
17.785640,10.875120,51.883530,3334.242450,-0.960020,25.803830,6.864534,2.557219,6.000000
17.785640,10.875120,51.883530,3334.242450,-0.960020,25.803830,6.864534,2.557219,6.000000
17.785640,10.875120,51.883530,3334.242450,-0.960020,25.803830,6.864534,2.557219,6.000000
17.785640,10.875120,51.883530,3334.242450,-0.960020,25.803830,6.864534,2.557219,6.000000
17.785640,10.875120,51.883530,3334.242450,-0.960020,25.803830,6.864534,2.557219,6.000000
17.785640,10.875120,51.883530,3334.242450,-0.960020,25.803830,6.864534,2.557219,6.000000
17.785640,10.875120,51.883530,3334.242450,-0.960020,25.803830,6.864534,2.557219,6.000000
17.785640,10.875120,51.883530,3334.242450,-0.960020,25.803830,6.864534,2.557219,6.000000
17.785640,10.875120,51.883530,3334.242450,-0.960020,25.803830,6.864534,2.557219,6.000000
17.785640,10.875120,51.883530,3334.242450,-0.960020,25.803830,6.864534,2.557219,6.000000
17.785640,10.875120,51.883530,3334.242450,-0.960020,25.803830,6.864534,2.557219,6.000000
17.785640,10.875120,51.883530,3334.242450,-0.960020,25.803830,6.864534,2.557219,6.000000
17.785640,10.875120,51.883530,3334.242450,-0.960020,25.803830,6.864534,2.557219,6.000000
17.785640,10.875120,51.883530,3334.242450,-0.960020,25.803830,6.864534,2.557219,6.000000
17.785640,10.875120,51.883530,3334.242450,-0.960020,25.803830,6.864534,2.557219,6.000000
17.785640,10.875120,51.883530,3334.242450,-0.960020,25.803830,6.864534,2.557219,6.000000
17.785640,10.875120,51.883530,3334.242450,-0.960020,25.803830,6.864534,2.557219,6.000000
17.785640,10.875120,51.883530,3334.242450,-0.960020,25.803830,6.864534,2.557219,6.000000
17.785640,10.875120,51.883530,3334.242450,-0.960020,25.803830,6.864534,2.557219,6.000000
17.785640,10.875120,51.883530,3334.242450,-0.960020,25.803830,6.864534,2.557219,6.000000
17.785640,10.875120,51.883530,3334.242450,-0.960020,25.803830,6.864534,2.557219,6.000000
17.785640,10.875120,51.883530,3334.242450,-0.960020,25.803830,6.864534,2.557219,6.000000
17.785640,10.875120,51.883530,3334.242450,-0.960020,25.803830,6.864534,2.557219,6.000000
17.785640,10.875120,51.883530,3334.242450,-0.960020,25.803830,6.864534,2.557219,6.000000
17.785640,10.875120,51.883530,3334.242450,-0.960020,25.803830,6.864534,2.557219,6.000000
17.785640,10.875120,51.883530,3334.242450,-0.960020,25.803830,6.864534,2.557219,6.000000
17.785640,10.875120,51.883530,3334.242450,-0.960020,25.803830,6.864534,2.557219,6.000000
17.785640,10.875120,51.883530,3334.242450,-0.960020,25.803830,6.864534,2.557219,6.000000
17.785640,10.875120,51.883530,3334.242450,-0.960020,25.803830,6.864534,2.557219,6.000000
17.785640,10.875120,51.883530,3334.242450,-0.960020,25.803830,6.864534,2.557219,6.000000
17.785640,10.875120,51.883530,3334.242450,-0.960020,25.803830,6.864534,2.557219,6.000000
17.785640,10.875120,51.883530,3334.242450,-0.960020,25.803830,6.864534,2.557219,6.000000
17.785640,10.875120,51.883530,3334.242450,-0.960020,25.803830,6.864534,2.557219,6.000000
17.785640,10.875120,51.883530,3334.242450,-0.960020,25.803830,6.864534,2.557219,6.000000
17.785640,10.875120,51.883530,3334.242450,-0.960020,25.803830,6.864534,2.557219,6.000000
17.785640,10.875120,51.883530,3334.242450,-0.960020,25.803830,6.864534,2.557219,6.000000
17.785640,10.875120,51.883530,3334.242450,-0.960020,25.803830,6.864534,2.557219,6.000000
17.785640,10.875120,51.883530,3334.242450,-0.960020,25.803830,6.864534,2.557219,6.000000
17.785640,10.875120,51.883530,3334.242450,-0.960020,25.803830,6.864534,2.557219,6.000000
17.785640,10.875120,51.883530,3334.242450,-0.960020,25.803830,6.864534,2.557219,6.000000
17.785640,10.875120,51.883530,3334.242450,-0.960020,25.803830,6.864534,2.557219,6.000000
17.785640,10.875120,51.883530,3334.242450,-0.960020,25.803830,6.864534,2.557219,6.000000
17.785640,10.875120,51.883530,3334.242450,-0.960020,25.803830,6.864534,2.557219,6.000000
17.785640,10.875120,51.883530,3334.242450,-0.960020,25.803830,6.864534,2.557219,6.000000
17.785640,10.875120,51.883530,3334.242450,-0.960020,25.803830,6.864534,2.557219,6.000000
17.785640,10.875120,51.883530,3334.242450,-0.960020,25.803830,6.864534,2.557219,6.000000
17.785640,10.875120,51.883530,3334.242450,-0.960020,25.803830,6.864534,2.557219,6.000000
17.785640,10.875120,51.883530,3334.242450,-0.960020,25.803830,6.864534,2.557219,6.000000
17.785640,10.875120,51.883530,3334.242450,-0.960020,25.803830,6.864534,2.557219,6.000000
17.785640,10.875120,51.883530,3334.242450,-0.960020,25.803830,6.864534,2.557219,6.000000
17.785640,10.875120,51.883530,3334.242450,-0.960020,25.803830,6.864534,2.557219,6.000000
17.785640,10.875120,51.883530,3334.242450,-0.960020,25.803830,6.864534,2.557219,6.000000
17.785640,10.875120,51.883530,3334.242450,-0.960020,25.803830,6.864534,2.557219,6.000000
17.785640,10.875120,51.883530,3334.242450,-0.960020,25.803830,6.864534,2.557219,6.000000
17.785640,10.875120,51.883530,3334.242450,-0.960020,25.803830,6.864534,2.557219,6.000000
17.785640,10.875120,51.883530,3334.242450,-0.960020,25.803830,6.864534,2.557219,6.000000
17.785640,10.875120,51.883530,3334.242450,-0.960020,25.803830,6.864534,2.557219,6.000000
17.785640,10.875120,51.883530,3334.242450,-0.960020,25.803830,6.864534,2.557219,6.000000
17.785640,10.875120,51.883530,3334.242450,-0.960020,25.803830,6.864534,2.557219,6.000000
17.785640,10.875120,51.883530,3334.242450,-0.960020,25.803830,6.864534,2.557219,6.000000
17.785640,10.875120,51.883530,3334.242450,-0.960020,25.803830,6.864534,2.557219,6.000000
17.785640,10.875120,51.883530,3334.242450,-0.960020,25.803830,6.864534,2.557219,6.000000
17.785640,10.875120,51.883530,3334.242450,-0.960020,25.803830,6.864534,2.557219,6.000000
17.785640,10.875120,51.883530,3334.242450,-0.960020,25.803830,6.864534,2.557219,6.000000
17.785640,10.875120,51.883530,3334.242450,-0.960020,25.803830,6.864534,2.557219,6.000000
17.785640,10.875120,51.883530,3334.242450,-0.960020,25.803830,6.864534,2.557219,6.000000
17.785640,10.875120,51.883530,3334.242450,-0.960020,25.803830,6.864534,2.557219,6.000000
17.785640,10.875120,51.883530,3334.242450,-0.960020,25.803830,6.864534,2.557219,6.000000
17.785640,10.875120,51.883530,3334.242450,-0.960020,25.803830,6.864534,2.557219,6.000000
17.785640,10.875120,51.883530,3334.242450,-0.960020,25.803830,6.864534,2.557219,6.000000
17.785640,10.875120,51.883530,3334.242450,-0.960020,25.803830,6.864534,2.557219,6.000000
17.785640,10.875120,51.883530,3334.242450,-0.960020,25.803830,6.864534,2.557219,6.000000
17.785640,10.875120,51.883530,3334.242450,-0.960020,25.803830,6.864534,2.557219,6.000000
17.785640,10.875120,51.883530,3334.242450,-0.960020,25.803830,6.864534,2.557219,6.000000
17.785640,10.875120,51.883530,3334.242450,-0.960020,25.803830,6.864534,2.557219,6.000000
17.785640,10.875120,51.883530,3334.242450,-0.960020,25.803830,6.864534,2.557219,6.000000
17.785640,10.875120,51.883530,3334.242450,-0.960020,25.803830,6.864534,2.557219,6.000000
17.785640,10.875120,51.883530,3334.242450,-0.960020,25.803830,6.864534,2.557219,6.000000
17.785640,10.875120,51.883530,3334.242450,-0.960020,25.803830,6.864534,2.557219,6.000000
17.785640,10.875120,51.883530,3334.242450,-0.960020,25.803830,6.864534,2.557219,6.000000
17.785640,10.875120,51.883530,3334.242450,-0.960020,25.803830,6.864534,2.557219,6.000000
17.785640,10.875120,51.883530,3334.242450,-0.960020,25.803830,6.864534,2.557219,6.000000
17.785640,10.875120,51.883530,3334.242450,-0.960020,25.803830,6.864534,2.557219,6.000000
17.785640,10.875120,51.883530,3334.242450,-0.960020,25.803830,6.864534,2.557219,6.000000
17.785640,10.875120,51.883530,3334.242450,-0.960020,25.803830,6.864534,2.557219,6.000000
17.785640,10.875120,51.883530,3334.242450,-0.960020,25.803830,6.864534,2.557219,6.000000
17.785640,10.875120,51.883530,3334.242450,-0.960020,25.803830,6.864534,2.557219,6.000000
17.785640,10.875120,51.883530,3334.242450,-0.960020,25.803830,6.864534,2.557219,6.000000
17.785640,10.875120,51.883530,3334.242450,-0.960020,25.803830,6.864534,2.557219,6.000000
17.785640,10.875120,51.883530,3334.242450,-0.960020,25.803830,6.864534,2.557219,6.000000
17.785640,10.875120,51.883530,3334.242450,-0.960020,25.803830,6.864534,2.557219,6.000000
17.785640,10.875120,51.883530,3334.242450,-0.960020,25.803830,6.864534,2.557219,6.000000
17.785640,10.875120,51.883530,3334.242450,-0.960020,25.803830,6.864534,2.557219,6.000000
17.785640,10.875120,51.883530,3334.242450,-0.960020,25.803830,6.864534,2.557219,6.000000
17.785640,10.875120,51.883530,3334.242450,-0.960020,25.803830,6.864534,2.557219,6.000000
17.785640,10.875120,51.883530,3334.242450,-0.960020,25.803830,6.864534,2.557219,6.000000
17.785640,10.875120,51.883530,3334.242450,-0.960020,25.803830,6.864534,2.557219,6.000000
17.785640,10.875120,51.883530,3334.242450,-0.960020,25.803830,6.864534,2.557219,6.000000
17.785640,10.875120,51.883530,3334.242450,-0.960020,25.803830,6.864534,2.557219,6.000000
17.785640,10.875120,51.883530,3334.242450,-0.960020,25.803830,6.864534,2.557219,6.000000
17.785640,10.875120,51.883530,3334.242450,-0.960020,25.803830,6.864534,2.557219,6.000000
17.785640,10.875120,51.883530,3334.242450,-0.960020,25.803830,6.864534,2.557219,6.000000
17.785640,10.875120,51.883530,3334.242450,-0.960020,25.803830,6.864534,2.557219,6.000000
17.785640,10.875120,51.883530,3334.242450,-0.960020,25.803830,6.864534,2.557219,6.000000
17.785640,10.875120,51.883530,3334.242450,-0.960020,25.803830,6.864534,2.557219,6.000000
17.785640,10.875120,51.883530,3334.242450,-0.960020,25.803830,6.864534,2.557219,6.000000
17.785640,10.875120,51.883530,3334.242450,-0.960020,25.803830,6.864534,2.557219,6.000000
17.785640,10.875120,51.883530,3334.242450,-0.960020,25.803830,6.864534,2.557219,6.000000
17.785640,10.875120,51.883530,3334.242450,-0.960020,25.803830,6.864534,2.557219,6.000000
17.785640,10.875120,51.883530,3334.242450,-0.960020,25.803830,6.864534,2.557219,6.000000
17.785640,10.875120,51.883530,3334.242450,-0.960020,25.803830,6.864534,2.557219,6.000000
17.785640,10.875120,51.883530,3334.242450,-0.960020,25.803830,6.864534,2.557219,6.000000
17.785640,10.875120,51.883530,3334.242450,-0.960020,25.803830,6.864534,2.557219,6.000000
17.785640,10.875120,51.883530,3334.242450,-0.960020,25.803830,6.864534,2.557219,6.000000
17.785640,10.875120,51.883530,3334.242450,-0.960020,25.803830,6.864534,2.557219,6.000000
17.785640,10.875120,51.883530,3334.242450,-0.960020,25.803830,6.864534,2.557219,6.000000
17.785640,10.875120,51.883530,3334.242450,-0.960020,25.803830,6.864534,2.557219,6.000000
17.785640,10.875120,51.883530,3334.242450,-0.960020,25.803830,6.864534,2.557219,6.000000
17.785640,10.875120,51.883530,3334.242450,-0.960020,25.803830,6.864534,2.557219,6.000000
17.785640,10.875120,51.883530,3334.242450,-0.960020,25.803830,6.864534,2.557219,6.000000
17.785640,10.875120,51.883530,3334.242450,-0.960020,25.803830,6.864534,2.557219,6.000000
17.785640,10.875120,51.883530,3334.242450,-0.960020,25.803830,6.864534,2.557219,6.000000
17.785640,10.875120,51.883530,3334.242450,-0.960020,25.803830,6.864534,2.557219,6.000000
17.785640,10.875120,51.883530,3334.242450,-0.960020,25.803830,6.864534,2.557219,6.000000
17.785640,10.875120,51.883530,3334.242450,-0.960020,25.803830,6.864534,2.557219,6.000000
17.785640,10.875120,51.883530,3334.242450,-0.960020,25.803830,6.864534,2.557219,6.000000
17.785640,10.875120,51.883530,3334.242450,-0.960020,25.803830,6.864534,2.557219,6.000000
17.785640,10.875120,51.883530,3334.242450,-0.960020,25.803830,6.864534,2.557219,6.000000
17.785640,10.875120,51.883530,3334.242450,-0.960020,25.803830,6.864534,2.557219,6.000000
17.785640,10.875120,51.883530,3334.242450,-0.960020,25.803830,6.864534,2.557219,6.000000
17.785640,10.875120,51.883530,3334.242450,-0.960020,25.803830,6.864534,2.557219,6.000000
17.785640,10.875120,51.883530,3334.242450,-0.960020,25.803830,6.864534,2.557219,6.000000
17.785640,10.875120,51.883530,3334.242450,-0.960020,25.803830,6.864534,2.557219,6.000000
17.785640,10.875120,51.883530,3334.242450,-0.960020,25.803830,6.864534,2.557219,6.000000
17.785640,10.875120,51.883530,3334.242450,-0.960020,25.803830,6.864534,2.557219,6.000000
17.785640,10.875120,51.883530,3334.242450,-0.960020,25.803830,6.864534,2.557219,6.000000
17.785640,10.875120,51.883530,3334.242450,-0.960020,25.803830,6.864534,2.557219,6.000000
17.785640,10.875120,51.883530,3334.242450,-0.960020,25.803830,6.864534,2.557219,6.000000
17.785640,10.875120,51.883530,3334.242450,-0.960020,25.803830,6.864534,2.557219,6.000000
17.785640,10.875120,51.883530,3334.242450,-0.960020,25.803830,6.864534,2.557219,6.000000
17.785640,10.875120,51.883530,3334.242450,-0.960020,25.803830,6.864534,2.557219,6.000000
17.785640,10.875120,51.883530,3334.242450,-0.960020,25.803830,6.864534,2.557219,6.000000
17.785640,10.875120,51.883530,3334.242450,-0.960020,25.803830,6.864534,2.557219,6.000000
17.785640,10.875120,51.883530,3334.242450,-0.960020,25.803830,6.864534,2.557219,6.000000
17.785640,10.875120,51.883530,3334.242450,-0.960020,25.803830,6.864534,2.557219,6.000000
17.785640,10.875120,51.883530,3334.242450,-0.960020,25.803830,6.864534,2.557219,6.000000
17.785640,10.875120,51.883530,3334.242450,-0.960020,25.803830,6.864534,2.557219,6.000000
17.785640,10.875120,51.883530,3334.242450,-0.960020,25.803830,6.864534,2.557219,6.000000
17.785640,10.875120,51.883530,3334.242450,-0.960020,25.803830,6.864534,2.557219,6.000000
17.785640,10.875120,51.883530,3334.242450,-0.960020,25.803830,6.864534,2.557219,6.000000
17.785640,10.875120,51.883530,3334.242450,-0.960020,25.803830,6.864534,2.557219,6.000000
17.785640,10.875120,51.883530,3334.242450,-0.960020,25.803830,6.864534,2.557219,6.000000
17.785640,10.875120,51.883530,3334.242450,-0.960020,25.803830,6.864534,2.557219,6.000000
17.785640,10.875120,51.883530,3334.242450,-0.960020,25.803830,6.864534,2.557219,6.000000
17.785640,10.875120,51.883530,3334.242450,-0.960020,25.803830,6.864534,2.557219,6.000000
17.785640,10.875120,51.883530,3334.242450,-0.960020,25.803830,6.864534,2.557219,6.000000
17.785640,10.875120,51.883530,3334.242450,-0.960020,25.803830,6.864534,2.557219,6.000000
17.785640,10.875120,51.883530,3334.242450,-0.960020,25.803830,6.864534,2.557219,6.000000
17.785640,10.875120,51.883530,3334.242450,-0.960020,25.803830,6.864534,2.557219,6.000000
17.785640,10.875120,51.883530,3334.242450,-0.960020,25.803830,6.864534,2.557219,6.000000
17.785640,10.875120,51.883530,3334.242450,-0.960020,25.803830,6.864534,2.557219,6.000000
17.785640,10.875120,51.883530,3334.242450,-0.960020,25.803830,6.864534,2.557219,6.000000
17.785640,10.875120,51.883530,3334.242450,-0.960020,25.803830,6.864534,2.557219,6.000000
17.785640,10.875120,51.883530,3334.242450,-0.960020,25.803830,6.864534,2.557219,6.000000
17.785640,10.875120,51.883530,3334.242450,-0.960020,25.803830,6.864534,2.557219,6.000000
17.785640,10.875120,51.883530,3334.242450,-0.960020,25.803830,6.864534,2.557219,6.000000
17.785640,10.875120,51.883530,3334.242450,-0.960020,25.803830,6.864534,2.557219,6.000000
17.785640,10.875120,51.883530,3334.242450,-0.960020,25.803830,6.864534,2.557219,6.000000
17.785640,10.875120,51.883530,3334.242450,-0.960020,25.803830,6.864534,2.557219,6.000000
17.785640,10.875120,51.883530,3334.242450,-0.960020,25.803830,6.864534,2.557219,6.000000
17.785640,10.875120,51.883530,3334.242450,-0.960020,25.803830,6.864534,2.557219,6.000000
17.785640,10.875120,51.883530,3334.242450,-0.960020,25.803830,6.864534,2.557219,6.000000
17.785640,10.875120,51.883530,3334.242450,-0.960020,25.803830,6.864534,2.557219,6.000000
17.785640,10.875120,51.883530,3334.242450,-0.960020,25.803830,6.864534,2.557219,6.000000
17.785640,10.875120,51.883530,3334.242450,-0.960020,25.803830,6.864534,2.557219,6.000000
17.785640,10.875120,51.883530,3334.242450,-0.960020,25.803830,6.864534,2.557219,6.000000
17.785640,10.875120,51.883530,3334.242450,-0.960020,25.803830,6.864534,2.557219,6.000000
17.785640,10.875120,51.883530,3334.242450,-0.960020,25.803830,6.864534,2.557219,6.000000
17.785640,10.875120,51.883530,3334.242450,-0.960020,25.803830,6.864534,2.557219,6.000000
17.785640,10.875120,51.883530,3334.242450,-0.960020,25.803830,6.864534,2.557219,6.000000
17.785640,10.875120,51.883530,3334.242450,-0.960020,25.803830,6.864534,2.557219,6.000000
17.785640,10.875120,51.883530,3334.242450,-0.960020,25.803830,6.864534,2.557219,6.000000
17.785640,10.875120,51.883530,3334.242450,-0.960020,25.803830,6.864534,2.557219,6.000000
17.785640,10.875120,51.883530,3334.242450,-0.960020,25.803830,6.864534,2.557219,6.000000
17.785640,10.875120,51.883530,3334.242450,-0.960020,25.803830,6.864534,2.557219,6.000000
17.785640,10.875120,51.883530,3334.242450,-0.960020,25.803830,6.864534,2.557219,6.000000
17.785640,10.875120,51.883530,3334.242450,-0.960020,25.803830,6.864534,2.557219,6.000000
17.785640,10.875120,51.883530,3334.242450,-0.960020,25.803830,6.864534,2.557219,6.000000
17.785640,10.875120,51.883530,3334.242450,-0.960020,25.803830,6.864534,2.557219,6.000000
17.785640,10.875120,51.883530,3334.242450,-0.960020,25.803830,6.864534,2.557219,6.000000
17.785640,10.875120,51.883530,3334.242450,-0.960020,25.803830,6.864534,2.557219,6.000000
17.785640,10.875120,51.883530,3334.242450,-0.960020,25.803830,6.864534,2.557219,6.000000
17.785640,10.875120,51.883530,3334.242450,-0.960020,25.803830,6.864534,2.557219,6.000000
17.785640,10.875120,51.883530,3334.242450,-0.960020,25.803830,6.864534,2.557219,6.000000
17.785640,10.875120,51.883530,3334.242450,-0.960020,25.803830,6.864534,2.557219,6.000000
17.785640,10.875120,51.883530,3334.242450,-0.960020,25.803830,6.864534,2.557219,6.000000
17.785640,10.875120,51.883530,3334.242450,-0.960020,25.803830,6.864534,2.557219,6.000000
17.785640,10.875120,51.883530,3334.242450,-0.960020,25.803830,6.864534,2.557219,6.000000
17.785640,10.875120,51.883530,3334.242450,-0.960020,25.803830,6.864534,2.557219,6.000000
17.785640,10.875120,51.883530,3334.242450,-0.960020,25.803830,6.864534,2.557219,6.000000
17.785640,10.875120,51.883530,3334.242450,-0.960020,25.803830,6.864534,2.557219,6.000000
17.785640,10.875120,51.883530,3334.242450,-0.960020,25.803830,6.864534,2.557219,6.000000
17.785640,10.875120,51.883530,3334.242450,-0.960020,25.803830,6.864534,2.557219,6.000000
17.785640,10.875120,51.883530,3334.242450,-0.960020,25.803830,6.864534,2.557219,6.000000
17.785640,10.875120,51.883530,3334.242450,-0.960020,25.803830,6.864534,2.557219,6.000000
17.785640,10.875120,51.883530,3334.242450,-0.960020,25.803830,6.864534,2.557219,6.000000
17.785640,10.875120,51.883530,3334.242450,-0.960020,25.803830,6.864534,2.557219,6.000000
17.785640,10.875120,51.883530,3334.242450,-0.960020,25.803830,6.864534,2.557219,6.000000
17.785640,10.875120,51.883530,3334.242450,-0.960020,25.803830,6.864534,2.557219,6.000000
17.785640,10.875120,51.883530,3334.242450,-0.960020,25.803830,6.864534,2.557219,6.000000
17.785640,10.875120,51.883530,3334.242450,-0.960020,25.803830,6.864534,2.557219,6.000000
17.785640,10.875120,51.883530,3334.242450,-0.960020,25.803830,6.864534,2.557219,6.000000
17.785640,10.875120,51.883530,3334.242450,-0.960020,25.803830,6.864534,2.557219,6.000000
17.785640,10.875120,51.883530,3334.242450,-0.960020,25.803830,6.864534,2.557219,6.000000
17.785640,10.875120,51.883530,3334.242450,-0.960020,25.803830,6.864534,2.557219,6.000000
17.785640,10.875120,51.883530,3334.242450,-0.960020,25.803830,6.864534,2.557219,6.000000
17.785640,10.875120,51.883530,3334.242450,-0.960020,25.803830,6.864534,2.557219,6.000000
17.785640,10.875120,51.883530,3334.242450,-0.960020,25.803830,6.864534,2.557219,6.000000
17.785640,10.875120,51.883530,3334.242450,-0.960020,25.803830,6.864534,2.557219,6.000000
17.785640,10.875120,51.883530,3334.242450,-0.960020,25.803830,6.864534,2.557219,6.000000
17.785640,10.875120,51.883530,3334.242450,-0.960020,25.803830,6.864534,2.557219,6.000000
17.785640,10.875120,51.883530,3334.242450,-0.960020,25.803830,6.864534,2.557219,6.000000
17.785640,10.875120,51.883530,3334.242450,-0.960020,25.803830,6.864534,2.557219,6.000000
17.785640,10.875120,51.883530,3334.242450,-0.960020,25.803830,6.864534,2.557219,6.000000
17.785640,10.875120,51.883530,3334.242450,-0.960020,25.803830,6.864534,2.557219,6.000000
17.785640,10.875120,51.883530,3334.242450,-0.960020,25.803830,6.864534,2.557219,6.000000
17.785640,10.875120,51.883530,3334.242450,-0.960020,25.803830,6.864534,2.557219,6.000000
17.785640,10.875120,51.883530,3334.242450,-0.960020,25.803830,6.864534,2.557219,6.000000
17.785640,10.875120,51.883530,3334.242450,-0.960020,25.803830,6.864534,2.557219,6.000000
17.785640,10.875120,51.883530,3334.242450,-0.960020,25.803830,6.864534,2.557219,6.000000
17.785640,10.875120,51.883530,3334.242450,-0.960020,25.803830,6.864534,2.557219,6.000000
17.785640,10.875120,51.883530,3334.242450,-0.960020,25.803830,6.864534,2.557219,6.000000
17.785640,10.875120,51.883530,3334.242450,-0.960020,25.803830,6.864534,2.557219,6.000000
17.785640,10.875120,51.883530,3334.242450,-0.960020,25.803830,6.864534,2.557219,6.000000
17.785640,10.875120,51.883530,3334.242450,-0.960020,25.803830,6.864534,2.557219,6.000000
17.785640,10.875120,51.883530,3334.242450,-0.960020,25.803830,6.864534,2.557219,6.000000
17.785640,10.875120,51.883530,3334.242450,-0.960020,25.803830,6.864534,2.557219,6.000000
17.785640,10.875120,51.883530,3334.242450,-0.960020,25.803830,6.864534,2.557219,6.000000
17.785640,10.875120,51.883530,3334.242450,-0.960020,25.803830,6.864534,2.557219,6.000000
17.785640,10.875120,51.883530,3334.242450,-0.960020,25.803830,6.864534,2.557219,6.000000
17.785640,10.875120,51.883530,3334.242450,-0.960020,25.803830,6.864534,2.557219,6.000000
17.785640,10.875120,51.883530,3334.242450,-0.960020,25.803830,6.864534,2.557219,6.000000
17.785640,10.875120,51.883530,3334.242450,-0.960020,25.803830,6.864534,2.557219,6.000000
17.785640,10.875120,51.883530,3334.242450,-0.960020,25.803830,6.864534,2.557219,6.000000
17.785640,10.875120,51.883530,3334.242450,-0.960020,25.803830,6.864534,2.557219,6.000000
17.785640,10.875120,51.883530,3334.242450,-0.960020,25.803830,6.864534,2.557219,6.000000
17.785640,10.875120,51.883530,3334.242450,-0.960020,25.803830,6.864534,2.557219,6.000000
17.785640,10.875120,51.883530,3334.242450,-0.960020,25.803830,6.864534,2.557219,6.000000
17.785640,10.875120,51.883530,3334.242450,-0.960020,25.803830,6.864534,2.557219,6.000000
17.785640,10.875120,51.883530,3334.242450,-0.960020,25.803830,6.864534,2.557219,6.000000
17.785640,10.875120,51.883530,3334.242450,-0.960020,25.803830,6.864534,2.557219,6.000000
17.785640,10.875120,51.883530,3334.242450,-0.960020,25.803830,6.864534,2.557219,6.000000
17.785640,10.875120,51.883530,3334.242450,-0.960020,25.803830,6.864534,2.557219,6.000000
17.785640,10.875120,51.883530,3334.242450,-0.960020,25.803830,6.864534,2.557219,6.000000
17.785640,10.875120,51.883530,3334.242450,-0.960020,25.803830,6.864534,2.557219,6.000000
17.785640,10.875120,51.883530,3334.242450,-0.960020,25.803830,6.864534,2.557219,6.000000
17.785640,10.875120,51.883530,3334.242450,-0.960020,25.803830,6.864534,2.557219,6.000000
17.785640,10.875120,51.883530,3334.242450,-0.960020,25.803830,6.864534,2.557219,6.000000
17.785640,10.875120,51.883530,3334.242450,-0.960020,25.803830,6.864534,2.557219,6.000000
17.785640,10.875120,51.883530,3334.242450,-0.960020,25.803830,6.864534,2.557219,6.000000
17.785640,10.875120,51.883530,3334.242450,-0.960020,25.803830,6.864534,2.557219,6.000000
17.785640,10.875120,51.883530,3334.242450,-0.960020,25.803830,6.864534,2.557219,6.000000
17.785640,10.875120,51.883530,3334.242450,-0.960020,25.803830,6.864534,2.557219,6.000000
17.785640,10.875120,51.883530,3334.242450,-0.960020,25.803830,6.864534,2.557219,6.000000
17.785640,10.875120,51.883530,3334.242450,-0.960020,25.803830,6.864534,2.557219,6.000000
17.785640,10.875120,51.883530,3334.242450,-0.960020,25.803830,6.864534,2.557219,6.000000
17.785640,10.875120,51.883530,3334.242450,-0.960020,25.803830,6.864534,2.557219,6.000000
17.785640,10.875120,51.883530,3334.242450,-0.960020,25.803830,6.864534,2.557219,6.000000
17.785640,10.875120,51.883530,3334.242450,-0.960020,25.803830,6.864534,2.557219,6.000000
17.785640,10.875120,51.883530,3334.242450,-0.960020,25.803830,6.864534,2.557219,6.000000
17.785640,10.875120,51.883530,3334.242450,-0.960020,25.803830,6.864534,2.557219,6.000000
17.785640,10.875120,51.883530,3334.242450,-0.960020,25.803830,6.864534,2.557219,6.000000
17.785640,10.875120,51.883530,3334.242450,-0.960020,25.803830,6.864534,2.557219,6.000000
17.785640,10.875120,51.883530,3334.242450,-0.960020,25.803830,6.864534,2.557219,6.000000
17.785640,10.875120,51.883530,3334.242450,-0.960020,25.803830,6.864534,2.557219,6.000000
17.785640,10.875120,51.883530,3334.242450,-0.960020,25.803830,6.864534,2.557219,6.000000
17.785640,10.875120,51.883530,3334.242450,-0.960020,25.803830,6.864534,2.557219,6.000000
17.785640,10.875120,51.883530,3334.242450,-0.960020,25.803830,6.864534,2.557219,6.000000
17.785640,10.875120,51.883530,3334.242450,-0.960020,25.803830,6.864534,2.557219,6.000000
17.785640,10.875120,51.883530,3334.242450,-0.960020,25.803830,6.864534,2.557219,6.000000
17.785640,10.875120,51.883530,3334.242450,-0.960020,25.803830,6.864534,2.557219,6.000000
17.785640,10.875120,51.883530,3334.242450,-0.960020,25.803830,6.864534,2.557219,6.000000
17.785640,10.875120,51.883530,3334.242450,-0.960020,25.803830,6.864534,2.557219,6.000000
17.785640,10.875120,51.883530,3334.242450,-0.960020,25.803830,6.864534,2.557219,6.000000
17.785640,10.875120,51.883530,3334.242450,-0.960020,25.803830,6.864534,2.557219,6.000000
17.785640,10.875120,51.883530,3334.242450,-0.960020,25.803830,6.864534,2.557219,6.000000
17.785640,10.875120,51.883530,3334.242450,-0.960020,25.803830,6.864534,2.557219,6.000000
17.785640,10.875120,51.883530,3334.242450,-0.960020,25.803830,6.864534,2.557219,6.000000
17.785640,10.875120,51.883530,3334.242450,-0.960020,25.803830,6.864534,2.557219,6.000000
17.785640,10.875120,51.883530,3334.242450,-0.960020,25.803830,6.864534,2.557219,6.000000
17.785640,10.875120,51.883530,3334.242450,-0.960020,25.803830,6.864534,2.557219,6.000000
17.785640,10.875120,51.883530,3334.242450,-0.960020,25.803830,6.864534,2.557219,6.000000
17.785640,10.875120,51.883530,3334.242450,-0.960020,25.803830,6.864534,2.557219,6.000000
17.785640,10.875120,51.883530,3334.242450,-0.960020,25.803830,6.864534,2.557219,6.000000
17.785640,10.875120,51.883530,3334.242450,-0.960020,25.803830,6.864534,2.557219,6.000000
17.785640,10.875120,51.883530,3334.242450,-0.960020,25.803830,6.864534,2.557219,6.000000
17.785640,10.875120,51.883530,3334.242450,-0.960020,25.803830,6.864534,2.557219,6.000000
17.785640,10.875120,51.883530,3334.242450,-0.960020,25.803830,6.864534,2.557219,6.000000
17.785640,10.875120,51.883530,3334.242450,-0.960020,25.803830,6.864534,2.557219,6.000000
17.785640,10.875120,51.883530,3334.242450,-0.960020,25.803830,6.864534,2.557219,6.000000
17.785640,10.875120,51.883530,3334.242450,-0.960020,25.803830,6.864534,2.557219,6.000000
17.785640,10.875120,51.883530,3334.242450,-0.960020,25.803830,6.864534,2.557219,6.000000
17.785640,10.875120,51.883530,3334.242450,-0.960020,25.803830,6.864534,2.557219,6.000000
17.785640,10.875120,51.883530,3334.242450,-0.960020,25.803830,6.864534,2.557219,6.000000
17.785640,10.875120,51.883530,3334.242450,-0.960020,25.803830,6.864534,2.557219,6.000000
17.785640,10.875120,51.883530,3334.242450,-0.960020,25.803830,6.864534,2.557219,6.000000
17.785640,10.875120,51.883530,3334.242450,-0.960020,25.803830,6.864534,2.557219,6.000000
17.785640,10.875120,51.883530,3334.242450,-0.960020,25.803830,6.864534,2.557219,6.000000
17.785640,10.875120,51.883530,3334.242450,-0.960020,25.803830,6.864534,2.557219,6.000000
17.785640,10.875120,51.883530,3334.242450,-0.960020,25.803830,6.864534,2.557219,6.000000
17.785640,10.875120,51.883530,3334.242450,-0.960020,25.803830,6.864534,2.557219,6.000000
17.785640,10.875120,51.883530,3334.242450,-0.960020,25.803830,6.864534,2.557219,6.000000
17.785640,10.875120,51.883530,3334.242450,-0.960020,25.803830,6.864534,2.557219,6.000000
17.785640,10.875120,51.883530,3334.242450,-0.960020,25.803830,6.864534,2.557219,6.000000
17.785640,10.875120,51.883530,3334.242450,-0.960020,25.803830,6.864534,2.557219,6.000000
17.785640,10.875120,51.883530,3334.242450,-0.960020,25.803830,6.864534,2.557219,6.000000
17.785640,10.875120,51.883530,3334.242450,-0.960020,25.803830,6.864534,2.557219,6.000000
17.785640,10.875120,51.883530,3334.242450,-0.960020,25.803830,6.864534,2.557219,6.000000
17.785640,10.875120,51.883530,3334.242450,-0.960020,25.803830,6.864534,2.557219,6.000000
17.785640,10.875120,51.883530,3334.242450,-0.960020,25.803830,6.864534,2.557219,6.000000
17.785640,10.875120,51.883530,3334.242450,-0.960020,25.803830,6.864534,2.557219,6.000000
17.785640,10.875120,51.883530,3334.242450,-0.960020,25.803830,6.864534,2.557219,6.000000
17.785640,10.875120,51.883530,3334.242450,-0.960020,25.803830,6.864534,2.557219,6.000000
17.785640,10.875120,51.883530,3334.242450,-0.960020,25.803830,6.864534,2.557219,6.000000
17.785640,10.875120,51.883530,3334.242450,-0.960020,25.803830,6.864534,2.557219,6.000000
17.785640,10.875120,51.883530,3334.242450,-0.960020,25.803830,6.864534,2.557219,6.000000
17.785640,10.875120,51.883530,3334.242450,-0.960020,25.803830,6.864534,2.557219,6.000000
17.785640,10.875120,51.883530,3334.242450,-0.960020,25.803830,6.864534,2.557219,6.000000
17.785640,10.875120,51.883530,3334.242450,-0.960020,25.803830,6.864534,2.557219,6.000000
17.785640,10.875120,51.883530,3334.242450,-0.960020,25.803830,6.864534,2.557219,6.000000
17.785640,10.875120,51.883530,3334.242450,-0.960020,25.803830,6.864534,2.557219,6.000000
17.785640,10.875120,51.883530,3334.242450,-0.960020,25.803830,6.864534,2.557219,6.000000
17.785640,10.875120,51.883530,3334.242450,-0.960020,25.803830,6.864534,2.557219,6.000000
17.785640,10.875120,51.883530,3334.242450,-0.960020,25.803830,6.864534,2.557219,6.000000
17.785640,10.875120,51.883530,3334.242450,-0.960020,25.803830,6.864534,2.557219,6.000000
17.785640,10.875120,51.883530,3334.242450,-0.960020,25.803830,6.864534,2.557219,6.000000
17.785640,10.875120,51.883530,3334.242450,-0.960020,25.803830,6.864534,2.557219,6.000000
17.785640,10.875120,51.883530,3334.242450,-0.960020,25.803830,6.864534,2.557219,6.000000
17.785640,10.875120,51.883530,3334.242450,-0.960020,25.803830,6.864534,2.557219,6.000000
17.785640,10.875120,51.883530,3334.242450,-0.960020,25.803830,6.864534,2.557219,6.000000
17.785640,10.875120,51.883530,3334.242450,-0.960020,25.803830,6.864534,2.557219,6.000000
17.785640,10.875120,51.883530,3334.242450,-0.960020,25.803830,6.864534,2.557219,6.000000
17.785640,10.875120,51.883530,3334.242450,-0.960020,25.803830,6.864534,2.557219,6.000000
17.785640,10.875120,51.883530,3334.242450,-0.960020,25.803830,6.864534,2.557219,6.000000
17.785640,10.875120,51.883530,3334.242450,-0.960020,25.803830,6.864534,2.557219,6.000000
17.785640,10.875120,51.883530,3334.242450,-0.960020,25.803830,6.864534,2.557219,6.000000
17.785640,10.875120,51.883530,3334.242450,-0.960020,25.803830,6.864534,2.557219,6.000000
17.785640,10.875120,51.883530,3334.242450,-0.960020,25.803830,6.864534,2.557219,6.000000
17.785640,10.875120,51.883530,3334.242450,-0.960020,25.803830,6.864534,2.557219,6.000000
17.785640,10.875120,51.883530,3334.242450,-0.960020,25.803830,6.864534,2.557219,6.000000
17.785640,10.875120,51.883530,3334.242450,-0.960020,25.803830,6.864534,2.557219,6.000000
17.785640,10.875120,51.883530,3334.242450,-0.960020,25.803830,6.864534,2.557219,6.000000
17.785640,10.875120,51.883530,3334.242450,-0.960020,25.803830,6.864534,2.557219,6.000000
17.785640,10.875120,51.883530,3334.242450,-0.960020,25.803830,6.864534,2.557219,6.000000
17.785640,10.875120,51.883530,3334.242450,-0.960020,25.803830,6.864534,2.557219,6.000000
17.785640,10.875120,51.883530,3334.242450,-0.960020,25.803830,6.864534,2.557219,6.000000
17.785640,10.875120,51.883530,3334.242450,-0.960020,25.803830,6.864534,2.557219,6.000000
17.785640,10.875120,51.883530,3334.242450,-0.960020,25.803830,6.864534,2.557219,6.000000
17.785640,10.875120,51.883530,3334.242450,-0.960020,25.803830,6.864534,2.557219,6.000000
17.785640,10.875120,51.883530,3334.242450,-0.960020,25.803830,6.864534,2.557219,6.000000
17.785640,10.875120,51.883530,3334.242450,-0.960020,25.803830,6.864534,2.557219,6.000000
17.785640,10.875120,51.883530,3334.242450,-0.960020,25.803830,6.864534,2.557219,6.000000
17.785640,10.875120,51.883530,3334.242450,-0.960020,25.803830,6.864534,2.557219,6.000000
17.785640,10.875120,51.883530,3334.242450,-0.960020,25.803830,6.864534,2.557219,6.000000
17.785640,10.875120,51.883530,3334.242450,-0.960020,25.803830,6.864534,2.557219,6.000000
17.785640,10.875120,51.883530,3334.242450,-0.960020,25.803830,6.864534,2.557219,6.000000
17.785640,10.875120,51.883530,3334.242450,-0.960020,25.803830,6.864534,2.557219,6.000000
17.785640,10.875120,51.883530,3334.242450,-0.960020,25.803830,6.864534,2.557219,6.000000
17.785640,10.875120,51.883530,3334.242450,-0.960020,25.803830,6.864534,2.557219,6.000000
17.785640,10.875120,51.883530,3334.242450,-0.960020,25.803830,6.864534,2.557219,6.000000
17.785640,10.875120,51.883530,3334.242450,-0.960020,25.803830,6.864534,2.557219,6.000000
17.785640,10.875120,51.883530,3334.242450,-0.960020,25.803830,6.864534,2.557219,6.000000
17.785640,10.875120,51.883530,3334.242450,-0.960020,25.803830,6.864534,2.557219,6.000000
17.785640,10.875120,51.883530,3334.242450,-0.960020,25.803830,6.864534,2.557219,6.000000
17.785640,10.875120,51.883530,3334.242450,-0.960020,25.803830,6.864534,2.557219,6.000000
17.785640,10.875120,51.883530,3334.242450,-0.960020,25.803830,6.864534,2.557219,6.000000
17.785640,10.875120,51.883530,3334.242450,-0.960020,25.803830,6.864534,2.557219,6.000000
17.785640,10.875120,51.883530,3334.242450,-0.960020,25.803830,6.864534,2.557219,6.000000
17.785640,10.875120,51.883530,3334.242450,-0.960020,25.803830,6.864534,2.557219,6.000000
17.785640,10.875120,51.883530,3334.242450,-0.960020,25.803830,6.864534,2.557219,6.000000
17.785640,10.875120,51.883530,3334.242450,-0.960020,25.803830,6.864534,2.557219,6.000000
17.785640,10.875120,51.883530,3334.242450,-0.960020,25.803830,6.864534,2.557219,6.000000
17.785640,10.875120,51.883530,3334.242450,-0.960020,25.803830,6.864534,2.557219,6.000000
17.785640,10.875120,51.883530,3334.242450,-0.960020,25.803830,6.864534,2.557219,6.000000
17.785640,10.875120,51.883530,3334.242450,-0.960020,25.803830,6.864534,2.557219,6.000000
17.785640,10.875120,51.883530,3334.242450,-0.960020,25.803830,6.864534,2.557219,6.000000
17.785640,10.875120,51.883530,3334.242450,-0.960020,25.803830,6.864534,2.557219,6.000000
17.785640,10.875120,51.883530,3334.242450,-0.960020,25.803830,6.864534,2.557219,6.000000
17.785640,10.875120,51.883530,3334.242450,-0.960020,25.803830,6.864534,2.557219,6.000000
17.785640,10.875120,51.883530,3334.242450,-0.960020,25.803830,6.864534,2.557219,6.000000
17.785640,10.875120,51.883530,3334.242450,-0.960020,25.803830,6.864534,2.557219,6.000000
17.785640,10.875120,51.883530,3334.242450,-0.960020,25.803830,6.864534,2.557219,6.000000
17.785640,10.875120,51.883530,3334.242450,-0.960020,25.803830,6.864534,2.557219,6.000000
17.785640,10.875120,51.883530,3334.242450,-0.960020,25.803830,6.864534,2.557219,6.000000
17.785640,10.875120,51.883530,3334.242450,-0.960020,25.803830,6.864534,2.557219,6.000000
17.785640,10.875120,51.883530,3334.242450,-0.960020,25.803830,6.864534,2.557219,6.000000
17.785640,10.875120,51.883530,3334.242450,-0.960020,25.803830,6.864534,2.557219,6.000000
17.785640,10.875120,51.883530,3334.242450,-0.960020,25.803830,6.864534,2.557219,6.000000
17.785640,10.875120,51.883530,3334.242450,-0.960020,25.803830,6.864534,2.557219,6.000000
17.785640,10.875120,51.883530,3334.242450,-0.960020,25.803830,6.864534,2.557219,6.000000
17.785640,10.875120,51.883530,3334.242450,-0.960020,25.803830,6.864534,2.557219,6.000000
17.785640,10.875120,51.883530,3334.242450,-0.960020,25.803830,6.864534,2.557219,6.000000
17.785640,10.875120,51.883530,3334.242450,-0.960020,25.803830,6.864534,2.557219,6.000000
17.785640,10.875120,51.883530,3334.242450,-0.960020,25.803830,6.864534,2.557219,6.000000
17.785640,10.875120,51.883530,3334.242450,-0.960020,25.803830,6.864534,2.557219,6.000000
17.785640,10.875120,51.883530,3334.242450,-0.960020,25.803830,6.864534,2.557219,6.000000
17.785640,10.875120,51.883530,3334.242450,-0.960020,25.803830,6.864534,2.557219,6.000000
17.785640,10.875120,51.883530,3334.242450,-0.960020,25.803830,6.864534,2.557219,6.000000
17.785640,10.875120,51.883530,3334.242450,-0.960020,25.803830,6.864534,2.557219,6.000000
17.785640,10.875120,51.883530,3334.242450,-0.960020,25.803830,6.864534,2.557219,6.000000
17.785640,10.875120,51.883530,3334.242450,-0.960020,25.803830,6.864534,2.557219,6.000000
17.785640,10.875120,51.883530,3334.242450,-0.960020,25.803830,6.864534,2.557219,6.000000
17.785640,10.875120,51.883530,3334.242450,-0.960020,25.803830,6.864534,2.557219,6.000000
17.785640,10.875120,51.883530,3334.242450,-0.960020,25.803830,6.864534,2.557219,6.000000
17.785640,10.875120,51.883530,3334.242450,-0.960020,25.803830,6.864534,2.557219,6.000000
17.785640,10.875120,51.883530,3334.242450,-0.960020,25.803830,6.864534,2.557219,6.000000
17.785640,10.875120,51.883530,3334.242450,-0.960020,25.803830,6.864534,2.557219,6.000000
17.785640,10.875120,51.883530,3334.242450,-0.960020,25.803830,6.864534,2.557219,6.000000
17.785640,10.875120,51.883530,3334.242450,-0.960020,25.803830,6.864534,2.557219,6.000000
17.785640,10.875120,51.883530,3334.242450,-0.960020,25.803830,6.864534,2.557219,6.000000
17.785640,10.875120,51.883530,3334.242450,-0.960020,25.803830,6.864534,2.557219,6.000000
17.785640,10.875120,51.883530,3334.242450,-0.960020,25.803830,6.864534,2.557219,6.000000
17.785640,10.875120,51.883530,3334.242450,-0.960020,25.803830,6.864534,2.557219,6.000000
17.785640,10.875120,51.883530,3334.242450,-0.960020,25.803830,6.864534,2.557219,6.000000
17.785640,10.875120,51.883530,3334.242450,-0.960020,25.803830,6.864534,2.557219,6.000000
17.785640,10.875120,51.883530,3334.242450,-0.960020,25.803830,6.864534,2.557219,6.000000
17.785640,10.875120,51.883530,3334.242450,-0.960020,25.803830,6.864534,2.557219,6.000000
17.785640,10.875120,51.883530,3334.242450,-0.960020,25.803830,6.864534,2.557219,6.000000
17.785640,10.875120,51.883530,3334.242450,-0.960020,25.803830,6.864534,2.557219,6.000000
17.785640,10.875120,51.883530,3334.242450,-0.960020,25.803830,6.864534,2.557219,6.000000
17.785640,10.875120,51.883530,3334.242450,-0.960020,25.803830,6.864534,2.557219,6.000000
17.785640,10.875120,51.883530,3334.242450,-0.960020,25.803830,6.864534,2.557219,6.000000
17.785640,10.875120,51.883530,3334.242450,-0.960020,25.803830,6.864534,2.557219,6.000000
17.785640,10.875120,51.883530,3334.242450,-0.960020,25.803830,6.864534,2.557219,6.000000
17.785640,10.875120,51.883530,3334.242450,-0.960020,25.803830,6.864534,2.557219,6.000000
17.785640,10.875120,51.883530,3334.242450,-0.960020,25.803830,6.864534,2.557219,6.000000
17.785640,10.875120,51.883530,3334.242450,-0.960020,25.803830,6.864534,2.557219,6.000000
17.785640,10.875120,51.883530,3334.242450,-0.960020,25.803830,6.864534,2.557219,6.000000
17.785640,10.875120,51.883530,3334.242450,-0.960020,25.803830,6.864534,2.557219,6.000000
17.785640,10.875120,51.883530,3334.242450,-0.960020,25.803830,6.864534,2.557219,6.000000
17.785640,10.875120,51.883530,3334.242450,-0.960020,25.803830,6.864534,2.557219,6.000000
17.785640,10.875120,51.883530,3334.242450,-0.960020,25.803830,6.864534,2.557219,6.000000
17.785640,10.875120,51.883530,3334.242450,-0.960020,25.803830,6.864534,2.557219,6.000000
17.785640,10.875120,51.883530,3334.242450,-0.960020,25.803830,6.864534,2.557219,6.000000
17.785640,10.875120,51.883530,3334.242450,-0.960020,25.803830,6.864534,2.557219,6.000000
17.785640,10.875120,51.883530,3334.242450,-0.960020,25.803830,6.864534,2.557219,6.000000
17.785640,10.875120,51.883530,3334.242450,-0.960020,25.803830,6.864534,2.557219,6.000000
17.785640,10.875120,51.883530,3334.242450,-0.960020,25.803830,6.864534,2.557219,6.000000
17.785640,10.875120,51.883530,3334.242450,-0.960020,25.803830,6.864534,2.557219,6.000000
17.785640,10.875120,51.883530,3334.242450,-0.960020,25.803830,6.864534,2.557219,6.000000
17.785640,10.875120,51.883530,3334.242450,-0.960020,25.803830,6.864534,2.557219,6.000000
17.785640,10.875120,51.883530,3334.242450,-0.960020,25.803830,6.864534,2.557219,6.000000
17.785640,10.875120,51.883530,3334.242450,-0.960020,25.803830,6.864534,2.557219,6.000000
17.785640,10.875120,51.883530,3334.242450,-0.960020,25.803830,6.864534,2.557219,6.000000
17.785640,10.875120,51.883530,3334.242450,-0.960020,25.803830,6.864534,2.557219,6.000000
17.785640,10.875120,51.883530,3334.242450,-0.960020,25.803830,6.864534,2.557219,6.000000
17.785640,10.875120,51.883530,3334.242450,-0.960020,25.803830,6.864534,2.557219,6.000000
17.785640,10.875120,51.883530,3334.242450,-0.960020,25.803830,6.864534,2.557219,6.000000
17.785640,10.875120,51.883530,3334.242450,-0.960020,25.803830,6.864534,2.557219,6.000000
17.785640,10.875120,51.883530,3334.242450,-0.960020,25.803830,6.864534,2.557219,6.000000
17.785640,10.875120,51.883530,3334.242450,-0.960020,25.803830,6.864534,2.557219,6.000000
17.785640,10.875120,51.883530,3334.242450,-0.960020,25.803830,6.864534,2.557219,6.000000
17.785640,10.875120,51.883530,3334.242450,-0.960020,25.803830,6.864534,2.557219,6.000000
17.785640,10.875120,51.883530,3334.242450,-0.960020,25.803830,6.864534,2.557219,6.000000
17.785640,10.875120,51.883530,3334.242450,-0.960020,25.803830,6.864534,2.557219,6.000000
17.785640,10.875120,51.883530,3334.242450,-0.960020,25.803830,6.864534,2.557219,6.000000
17.785640,10.875120,51.883530,3334.242450,-0.960020,25.803830,6.864534,2.557219,6.000000
17.785640,10.875120,51.883530,3334.242450,-0.960020,25.803830,6.864534,2.557219,6.000000
17.785640,10.875120,51.883530,3334.242450,-0.960020,25.803830,6.864534,2.557219,6.000000
17.785640,10.875120,51.883530,3334.242450,-0.960020,25.803830,6.864534,2.557219,6.000000
17.785640,10.875120,51.883530,3334.242450,-0.960020,25.803830,6.864534,2.557219,6.000000
17.785640,10.875120,51.883530,3334.242450,-0.960020,25.803830,6.864534,2.557219,6.000000
17.785640,10.875120,51.883530,3334.242450,-0.960020,25.803830,6.864534,2.557219,6.000000
17.785640,10.875120,51.883530,3334.242450,-0.960020,25.803830,6.864534,2.557219,6.000000
17.785640,10.875120,51.883530,3334.242450,-0.960020,25.803830,6.864534,2.557219,6.000000
17.785640,10.875120,51.883530,3334.242450,-0.960020,25.803830,6.864534,2.557219,6.000000
17.785640,10.875120,51.883530,3334.242450,-0.960020,25.803830,6.864534,2.557219,6.000000
17.785640,10.875120,51.883530,3334.242450,-0.960020,25.803830,6.864534,2.557219,6.000000
17.785640,10.875120,51.883530,3334.242450,-0.960020,25.803830,6.864534,2.557219,6.000000
17.785640,10.875120,51.883530,3334.242450,-0.960020,25.803830,6.864534,2.557219,6.000000
17.785640,10.875120,51.883530,3334.242450,-0.960020,25.803830,6.864534,2.557219,6.000000
17.785640,10.875120,51.883530,3334.242450,-0.960020,25.803830,6.864534,2.557219,6.000000
17.785640,10.875120,51.883530,3334.242450,-0.960020,25.803830,6.864534,2.557219,6.000000
17.785640,10.875120,51.883530,3334.242450,-0.960020,25.803830,6.864534,2.557219,6.000000
17.785640,10.875120,51.883530,3334.242450,-0.960020,25.803830,6.864534,2.557219,6.000000
17.785640,10.875120,51.883530,3334.242450,-0.960020,25.803830,6.864534,2.557219,6.000000
17.785640,10.875120,51.883530,3334.242450,-0.960020,25.803830,6.864534,2.557219,6.000000
17.785640,10.875120,51.883530,3334.242450,-0.960020,25.803830,6.864534,2.557219,6.000000
17.785640,10.875120,51.883530,3334.242450,-0.960020,25.803830,6.864534,2.557219,6.000000
17.785640,10.875120,51.883530,3334.242450,-0.960020,25.803830,6.864534,2.557219,6.000000
17.785640,10.875120,51.883530,3334.242450,-0.960020,25.803830,6.864534,2.557219,6.000000
17.785640,10.875120,51.883530,3334.242450,-0.960020,25.803830,6.864534,2.557219,6.000000
17.785640,10.875120,51.883530,3334.242450,-0.960020,25.803830,6.864534,2.557219,6.000000
17.785640,10.875120,51.883530,3334.242450,-0.960020,25.803830,6.864534,2.557219,6.000000
17.785640,10.875120,51.883530,3334.242450,-0.960020,25.803830,6.864534,2.557219,6.000000
17.785640,10.875120,51.883530,3334.242450,-0.960020,25.803830,6.864534,2.557219,6.000000
17.785640,10.875120,51.883530,3334.242450,-0.960020,25.803830,6.864534,2.557219,6.000000
17.785640,10.875120,51.883530,3334.242450,-0.960020,25.803830,6.864534,2.557219,6.000000
17.785640,10.875120,51.883530,3334.242450,-0.960020,25.803830,6.864534,2.557219,6.000000
17.785640,10.875120,51.883530,3334.242450,-0.960020,25.803830,6.864534,2.557219,6.000000
17.785640,10.875120,51.883530,3334.242450,-0.960020,25.803830,6.864534,2.557219,6.000000
17.785640,10.875120,51.883530,3334.242450,-0.960020,25.803830,6.864534,2.557219,6.000000
17.785640,10.875120,51.883530,3334.242450,-0.960020,25.803830,6.864534,2.557219,6.000000
17.785640,10.875120,51.883530,3334.242450,-0.960020,25.803830,6.864534,2.557219,6.000000
17.785640,10.875120,51.883530,3334.242450,-0.960020,25.803830,6.864534,2.557219,6.000000
17.785640,10.875120,51.883530,3334.242450,-0.960020,25.803830,6.864534,2.557219,6.000000
17.785640,10.875120,51.883530,3334.242450,-0.960020,25.803830,6.864534,2.557219,6.000000
17.785640,10.875120,51.883530,3334.242450,-0.960020,25.803830,6.864534,2.557219,6.000000
17.785640,10.875120,51.883530,3334.242450,-0.960020,25.803830,6.864534,2.557219,6.000000
