mse,average
0.080279,0.491631
0.078817,
0.171342,
0.100133,
0.121381,
0.104984,
0.091475,
0.108389,
0.101365,
0.100186,
0.094218,
0.103457,
0.110443,
0.090288,
0.096495,
0.094873,
0.097249,
0.071636,
0.098590,
0.087105,
0.058501,
0.082015,
0.083226,
0.086850,
0.092505,
0.098015,
0.100247,
0.104244,
0.108517,
0.113326,
0.118300,
0.123292,
0.127301,
0.126660,
0.117239,
0.109647,
0.105452,
0.102642,
0.102926,
0.105201,
0.107665,
0.111028,
0.116915,
0.128367,
0.148094,
0.168644,
0.187549,
0.203931,
0.225707,
0.253789,
0.274366,
0.287496,
0.290432,
0.290067,
0.285413,
0.269938,
0.245313,
0.230574,
0.227697,
0.233632,
0.236911,
0.240466,
0.246182,
0.259847,
0.280503,
0.289895,
0.286187,
0.271150,
0.258034,
0.249783,
0.239503,
0.229772,
0.057699,
0.076303,
0.060983,
0.051752,
0.046940,
0.044621,
0.038836,
0.039801,
0.034263,
0.024238,
0.026798,
0.030143,
0.025299,
0.023940,
0.029729,
0.034408,
0.039936,
0.045166,
0.070172,
0.124271,
0.127817,
0.149225,
0.177234,
0.199375,
0.225429,
0.250403,
0.280006,
0.293805,
0.313181,
0.335036,
0.334230,
0.357010,
0.345072,
0.393856,
0.418674,
0.433712,
0.425304,
0.424892,
0.417579,
0.420012,
0.431313,
0.489970,
0.517857,
0.525476,
0.536275,
0.547548,
0.561333,
0.550273,
0.554184,
0.604935,
0.639072,
0.706125,
0.697920,
0.735126,
0.741240,
0.739327,
0.713424,
0.713496,
0.695739,
0.694485,
0.777424,
0.906311,
0.970182,
1.021158,
1.083115,
1.152939,
1.208889,
1.234049,
1.257495,
1.334656,
1.405406,
1.483706,
1.505744,
1.588863,
1.638586,
1.678049,
1.708187,
1.745781,
1.732252,
1.640520,
1.975321,
2.094759,
2.179303,
2.242530,
2.295759,
2.413191,
2.509284,
2.544663,
2.566063,
2.565556,
2.657559,
2.716849,
2.686030,
2.691054,
2.640445,
2.635774,
2.613758,
2.701377,
2.976364,
2.998654,
3.073288,
3.149866,
3.232138,
3.331192,
3.436755,
3.514913,
3.557653,
3.582739,
3.610047,
3.646561,
3.678895,
3.694737,
3.721547,
3.777205,
3.845548,
3.914508,
3.989369,
4.065720,
2.241558,
2.244522,
2.338786,
2.419520,
2.533403,
2.625759,
2.743623,
2.837626,
2.867364,
2.834172,
2.734143,
2.599963,
2.446270,
2.251095,
2.022820,
1.701192,
1.410574,
1.165625,
1.020765,
1.017051,
0.748184,
0.651695,
0.583005,
0.551802,
0.543188,
0.537328,
0.530794,
0.507645,
0.460437,
0.392739,
0.331886,
0.322421,
0.324054,
0.310937,
0.321179,
0.347767,
0.349863,
0.335719,
0.339290,
0.455886,
0.319060,
0.255492,
0.226305,
0.192848,
0.169849,
0.146755,
0.136677,
0.139374,
0.153192,
0.176220,
0.196843,
0.224029,
0.263851,
0.304008,
0.380888,
0.457483,
0.519003,
0.600895,
0.707955,
0.851328,
0.819708,
0.823155,
0.815295,
0.791288,
0.777239,
0.797391,
0.824760,
0.850078,
0.871991,
0.840780,
0.797024,
0.752147,
0.720925,
0.673296,
0.607787,
0.541189,
0.482707,
0.399134,
0.307103,
0.283306,
0.217732,
0.212379,
0.241955,
0.275977,
0.274244,
0.286933,
0.283065,
0.287398,
0.317237,
0.361664,
0.354980,
0.350059,
0.355644,
0.374003,
0.411703,
0.445680,
0.436608,
0.376959,
0.357312,
0.501790,
0.519393,
0.543216,
0.569661,
0.564930,
0.537874,
0.517778,
0.511819,
0.515269,
0.519916,
0.518707,
0.532847,
0.558762,
0.570797,
0.596246,
0.652954,
0.796596,
0.904571,
0.893689,
0.893603,
0.915251,
0.922198,
0.912502,
0.881808,
0.877665,
0.876672,
0.917902,
0.953904,
0.994177,
1.087719,
1.152418,
1.164215,
1.181891,
1.181254,
1.165035,
1.154066,
1.128018,
1.092884,
1.056678,
1.060713,
0.518231,
0.651395,
0.557978,
0.573102,
0.552430,
0.535861,
0.520629,
0.543287,
0.546096,
0.547008,
0.560276,
0.538054,
0.495686,
0.453581,
0.396971,
0.322421,
0.251218,
0.229184,
0.207029,
0.198415,
0.174282,
0.205729,
0.203954,
0.206886,
0.208625,
0.198617,
0.200697,
0.209326,
0.229283,
0.273423,
0.324703,
0.340569,
0.334440,
0.327371,
0.291764,
0.278836,
0.256189,
0.242273,
0.215913,
0.215722,
0.184506,
0.173276,
0.141926,
0.116278,
0.089914,
0.066669,
0.049473,
0.039327,
0.033534,
0.033966,
0.031581,
0.023667,
0.023565,
0.021156,
0.020176,
0.027754,
0.032969,
0.039875,
0.042506,
0.101555,
0.067214,
0.063084,
0.055203,
0.065073,
0.068675,
0.074835,
0.083577,
0.090118,
0.093326,
0.097268,
0.094558,
0.098368,
0.108817,
0.109166,
0.105273,
0.113138,
0.103200,
0.091077,
0.093153,
0.194763,
0.073051,
0.045362,
0.039088,
0.037614,
0.029803,
0.027932,
0.025468,
0.027730,
0.028325,
0.039555,
0.032310,
0.054039,
0.049009,
0.041304,
0.033562,
0.035366,
0.043269,
0.046688,
0.029097,
0.016279,
0.015963,
0.015954,
0.016067,
0.016060,
0.016141,
0.016321,
0.016833,
0.017348,
0.017948,
0.018689,
0.019519,
0.020422,
0.021542,
0.022935,
0.024498,
0.025976,
0.027344,
0.028620,
0.030032,
0.031382,
0.032503,
0.033548,
0.034456,
0.035387,
0.036052,
0.036449,
0.036767,
0.036831,
0.036561,
0.036124,
0.035566,
0.035318,
0.035113,
0.035162,
0.035490,
0.036010,
0.036426,
0.037098,
0.037479,
0.037368,
0.037142,
0.037175,
0.037273,
0.037249,
0.037090,
0.036838,
0.036679,
0.036683,
0.036966,
0.037533,
0.038238,
0.038249,
0.037904,
0.037083,
0.035810,
0.034111,
0.031730,
0.028969,
0.025902,
0.022778,
0.020028,
0.017371,
0.015082,
0.013067,
0.011397,
0.010023,
0.008942,
0.008086,
0.007388,
0.006859,
0.006419,
0.006128,
0.005976,
0.006023,
0.006233,
0.006511,
0.006811,
0.007092,
0.007350,
0.007534,
0.007667,
0.007820,
0.007936,
0.008032,
0.008158,
0.008373,
0.008686,
0.009123,
0.009819,
0.010783,
0.011928,
0.013217,
0.014601,
0.016001,
0.017175,
0.018390,
0.019532,
0.020556,
0.021651,
0.022740,
0.023611,
0.024157,
0.024457,
0.024495,
0.024409,
0.024277,
0.023888,
0.023478,
0.022904,
0.022346,
0.021829,
0.021468,
0.020967,
0.020431,
0.019971,
0.019537,
0.019256,
0.019027,
0.019002,
0.019034,
0.019044,
0.019098,
0.019156,
0.019105,
0.018841,
0.018646,
0.018452,
0.018308,
0.018137,
0.017800,
0.017472,
0.017199,
0.016924,
0.016806,
0.016604,
0.016471,
0.016445,
0.016524,
0.016751,
0.017059,
0.017457,
0.017960,
0.018460,
0.018747,
0.019279,
0.019997,
0.020589,
0.021116,
0.021481,
0.021637,
0.021789,
0.021833,
0.021726,
0.021556,
0.021381,
0.021192,
0.020982,
0.020716,
0.020438,
0.020091,
0.019842,
0.019764,
0.019652,
0.019585,
0.019400,
0.019215,
0.019050,
0.018906,
0.018731,
0.018629,
0.018536,
0.018635,
0.018920,
0.019344,
0.020003,
0.020611,
0.021263,
0.022187,
0.023207,
0.024242,
0.024909,
0.025455,
0.025686,
0.025598,
0.025414,
0.025171,
0.024774,
0.024226,
0.023551,
0.022702,
0.021799,
0.020936,
0.020109,
0.019452,
0.018901,
0.018397,
0.017928,
0.017579,
0.017407,
0.017310,
0.017243,
0.017341,
0.017551,
0.017788,
0.017980,
0.018187,
0.018477,
0.018911,
0.019427,
0.020075,
0.020795,
0.021590,
0.022384,
0.023138,
0.023961,
0.025013,
0.026103,
0.027245,
0.028655,
0.030173,
0.031718,
0.033025,
0.034052,
0.034876,
0.035345,
0.035435,
0.034915,
0.034161,
0.033366,
0.032842,
0.032231,
0.031313,
0.030419,
0.029455,
0.028583,
0.027610,
0.026526,
0.025363,
0.024570,
0.024068,
0.023769,
0.023475,
0.023127,
0.022542,
0.021908,
0.021427,
0.020918,
0.020266,
0.019594,
0.018832,
0.018133,
0.017508,
0.017017,
0.016685,
0.016507,
0.016253,
0.015966,
0.015794,
0.015676,
0.015643,
0.015574,
0.015707,
0.015936,
0.016171,
0.016448,
0.016878,
0.017425,
0.017983,
0.018546,
0.019291,
0.020139,
0.020965,
0.021623,
0.022287,
0.022950,
0.023191,
0.023155,
0.023036,
0.022854,
0.022546,
0.022300,
0.022356,
0.022544,
0.022959,
0.023641,
0.024488,
0.025427,
0.026337,
0.027667,
0.029026,
0.030202,
0.031298,
0.032370,
0.033397,
0.034053,
0.034738,
0.035124,
0.035529,
0.035968,
0.036294,
0.036439,
0.036757,
0.037402,
0.038072,
0.038434,
0.038681,
0.038977,
0.039354,
0.039757,
0.040161,
0.040584,
0.040919,
0.041317,
0.041994,
0.042967,
0.044142,
0.045399,
0.046641,
0.047766,
0.048997,
0.050617,
0.052499,
0.054621,
0.057064,
0.059708,
0.062641,
0.065427,
0.068465,
0.071961,
0.075776,
0.079843,
0.083736,
0.087135,
0.090522,
0.094070,
0.097241,
0.100080,
0.102639,
0.104579,
0.106730,
0.108340,
0.110136,
0.112285,
0.114225,
0.116213,
0.118834,
0.122132,
0.126041,
0.129590,
0.134841,
0.141600,
0.149995,
0.159136,
0.168679,
0.177910,
0.187673,
0.197706,
0.206631,
0.213613,
0.217762,
0.220157,
0.219995,
0.218818,
0.217405,
0.214773,
0.211896,
0.208738,
0.205192,
0.201085,
0.197040,
0.193507,
0.190882,
0.189368,
0.189883,
0.191328,
0.192827,
0.194334,
0.194726,
0.195973,
0.196887,
0.198195,
0.199522,
0.199683,
0.199195,
0.197311,
0.195091,
0.193375,
0.192536,
0.191866,
0.191352,
0.190520,
0.189683,
0.188252,
0.187120,
0.186245,
0.185612,
0.183874,
0.181832,
0.178251,
0.173599,
0.167105,
0.160173,
0.153759,
0.147505,
0.140650,
0.133806,
0.127433,
0.121524,
0.116827,
0.112847,
0.108894,
0.105202,
0.102383,
0.100404,
0.099117,
0.098156,
0.097185,
0.111811,
0.126303,
0.140445,
0.154166,
0.167377,
0.179906,
0.191909,
0.203299,
0.214160,
0.224401,
0.234039,
0.243026,
0.251546,
0.259532,
0.267053,
0.274078,
0.280544,
0.286637,
0.292241,
0.296833,
0.300529,
0.316775,
0.332052,
0.346530,
0.360627,
0.374543,
0.387994,
0.401343,
0.414727,
0.428393,
0.441784,
0.454957,
0.468144,
0.481141,
0.494745,
0.508444,
0.522197,
0.536025,
0.549604,
0.562945,
0.576167,
0.588661,
0.600584,
0.612340,
0.623553,
0.634224,
0.645394,
0.656262,
0.667136,
0.678582,
0.690347,
0.702333,
0.714087,
0.726273,
0.738618,
0.750703,
0.762269,
0.774229,
0.786821,
0.801140,
0.817534,
0.835236,
0.853988,
0.874136,
0.896091,
0.920453,
0.946847,
0.974892,
1.004258,
1.035254,
1.067694,
1.102329,
1.139216,
1.178261,
1.219529,
1.263209,
1.308770,
1.356274,
1.405679,
1.456511,
1.509023,
1.562985,
1.618408,
1.675895,
1.735525,
1.796364,
1.858944,
1.923007,
1.987814,
2.052858,
2.118418,
2.186072,
2.255579,
2.325273,
2.394952,
2.466301,
2.539248,
2.612339,
2.686069,
2.758894,
1.195357,
1.177882,
1.152465,
1.175702,
1.178733,
1.200960,
1.228860,
1.227920,
1.244073,
1.298917,
1.292816,
1.351855,
1.364733,
1.404341,
1.458861,
1.441442,
1.435104,
1.444810,
1.497821,
1.957391,
1.609798,
0.231027,
0.173936,
0.176424,
0.162577,
0.182773,
0.175067,
0.102319,
0.107127,
0.116103,
0.110706,
0.099569,
0.092507,
0.092651,
0.097666,
0.086314,
0.099546,
0.103959,
0.110161,
0.289455,
0.285084,
0.116673,
0.089015,
0.088535,
0.081204,
0.091395,
0.081527,
0.081871,
0.073081,
0.064885,
0.058147,
0.038993,
0.041694,
0.031866,
0.027013,
0.027258,
0.027625,
0.027072,
0.018684,
0.134232,
0.175805,
0.093437,
0.080413,
0.078984,
0.075011,
0.073476,
0.069932,
0.072265,
0.066270,
0.055245,
0.059107,
0.064946,
0.078617,
0.074145,
0.071891,
0.073152,
0.083681,
0.084507,
0.072654,
0.092908,
0.169942,
0.153165,
0.134210,
0.141214,
0.139190,
0.143906,
0.124748,
0.125833,
0.132926,
0.091076,
0.081019,
0.078009,
0.087668,
0.093537,
0.085908,
0.075721,
0.090071,
0.096720,
0.179633,
0.059985,
0.133046,
0.135256,
0.132659,
0.122126,
0.125401,
0.118983,
0.120176,
0.122817,
0.122207,
0.126156,
0.124787,
0.122800,
0.122875,
0.116865,
0.112123,
0.108348,
0.107723,
0.105401,
0.108439,
0.128255,
0.245235,
0.245212,
0.245508,
0.246176,
0.247344,
0.249152,
0.251461,
0.254250,
0.257848,
0.262301,
0.267680,
0.273937,
0.281140,
0.289289,
0.298455,
0.308644,
0.319984,
0.332445,
0.346068,
0.360755,
0.376692,
0.393762,
0.411653,
0.430257,
0.449693,
0.469870,
0.490459,
0.511406,
0.532723,
0.554187,
0.575998,
0.597649,
0.619497,
0.640876,
0.662210,
0.683410,
0.703942,
0.724674,
0.744715,
0.763972,
0.782692,
0.801262,
0.819533,
0.837384,
0.855721,
0.874748,
0.894256,
0.913864,
0.933693,
0.953532,
0.973097,
0.451285,
0.557410,
0.504396,
0.517024,
0.495658,
0.487687,
0.471993,
0.462600,
0.439123,
0.398377,
0.384002,
0.350436,
0.321352,
0.299443,
0.274974,
0.245951,
0.217906,
0.198988,
0.190866,
0.204455,
0.134533,
0.134051,
0.116037,
0.106405,
0.092922,
0.082731,
0.071111,
0.061439,
0.054399,
0.056229,
0.059503,
0.061999,
0.051716,
0.050729,
0.045399,
0.047741,
0.041768,
0.043283,
0.030082,
0.043497,
0.020081,
0.022819,
0.020946,
0.019955,
0.018766,
0.017728,
0.015874,
0.014023,
0.011699,
0.013043,
0.014910,
0.017277,
0.010426,
0.009124,
0.010072,
0.015569,
0.018419,
0.022887,
0.019678,
0.051030,
0.023346,
0.021485,
0.019816,
0.020726,
0.021056,
0.023255,
0.026477,
0.032661,
0.042623,
0.054752,
0.070752,
0.091139,
0.109793,
0.128023,
0.145832,
0.164954,
0.175104,
0.181304,
0.189553,
0.243326,
0.179589,
0.195491,
0.195538,
0.206179,
0.201840,
0.218774,
0.235453,
0.244989,
0.263903,
0.290542,
0.326028,
0.356462,
0.391252,
0.424016,
0.465079,
0.495579,
0.527738,
0.546942,
0.546604,
0.546939,
0.535917,
0.520782,
0.510275,
0.516701,
0.544856,
0.585696,
0.619843,
0.639946,
0.644154,
0.638652,
0.626665,
0.608485,
0.588367,
0.565473,
0.543821,
0.524493,
0.505216,
0.490387,
0.468578,
0.487546,
0.495309,
0.502680,
0.511914,
0.510866,
0.519390,
0.518626,
0.516967,
0.519396,
0.532993,
0.544134,
0.554816,
0.550546,
0.545041,
0.547872,
0.543968,
0.528224,
0.477210,
0.420391,
0.354113,
0.298673,
0.251613,
0.216257,
0.188067,
0.162996,
0.140526,
0.120321,
0.103567,
0.090226,
0.078257,
0.068514,
0.061016,
0.055221,
0.050954,
0.047828,
0.044806,
0.041607,
0.038386,
0.036045,
0.032833,
0.030646,
0.027945,
0.024645,
0.022029,
0.019278,
0.016936,
0.014921,
0.013156,
0.012362,
0.011848,
0.011626,
0.011663,
0.012086,
0.012735,
0.012863,
0.013678,
0.013707,
0.013309,
0.011129,
0.019773,
0.024967,
0.025024,
0.026561,
0.028171,
0.027720,
0.027591,
0.026358,
0.025253,
0.023976,
0.022694,
0.021968,
0.022106,
0.022147,
0.022460,
0.020944,
0.022184,
0.020726,
0.019189,
0.012449,
0.037885,
0.051273,
0.054174,
0.056915,
0.061262,
0.060928,
0.062191,
0.060664,
0.059158,
0.056365,
0.054188,
0.052705,
0.053218,
0.052672,
0.053065,
0.048093,
0.048885,
0.042633,
0.036388,
0.020471,
0.018787,
0.017261,
0.016622,
0.017269,
0.019960,
0.025043,
0.032500,
0.041718,
0.052844,
0.065989,
0.081623,
0.101149,
0.121397,
0.145208,
0.174146,
0.206384,
0.245370,
0.290638,
0.341493,
0.398331,
0.461352,
0.528737,
0.604080,
0.691711,
0.789454,
0.896663,
1.009797,
1.134467,
1.258257,
1.386537,
1.513908,
1.634003,
1.756934,
1.884763,
2.026937,
2.173014,
2.330072,
2.489652,
2.648289,
2.793464,
2.970906,
3.108573,
3.214048,
3.296508,
3.341336,
3.366901,
3.358562,
3.313421,
3.244447,
3.167910,
3.066779,
2.962465,
2.843516,
2.707423,
2.546479,
2.349312,
2.115549,
1.840047,
1.526302,
1.169231,
0.840205,
0.573581,
0.361106,
0.210081,
0.119480,
0.068030,
0.038798,
0.022322,
0.013441,
0.009433,
0.006756,
0.006079,
0.005702,
0.005364,
0.005918,
0.006387,
0.007138,
0.007758,
0.010531,
0.007916,
0.008855,
0.010959,
0.011631,
0.012333,
0.012738,
0.013782,
0.015706,
0.016172,
0.016813,
0.017550,
0.016852,
0.017461,
0.017561,
0.017361,
0.017227,
0.017461,
0.017228,
0.017387,
0.019541,
0.019690,
0.022206,
0.025317,
0.024983,
0.024091,
0.022869,
0.023334,
0.026300,
0.024995,
0.024597,
0.025348,
0.022579,
0.023240,
0.022959,
0.022563,
0.021841,
0.022872,
0.022012,
0.021455,
0.023876,
0.028931,
0.034482,
0.043154,
0.043199,
0.042435,
0.042288,
0.045708,
0.052580,
0.052739,
0.053637,
0.054719,
0.046919,
0.048781,
0.046821,
0.044362,
0.042996,
0.044615,
0.040287,
0.036916,
0.039032,
0.040363,
0.042163,
0.044250,
0.046305,
0.047895,
0.049586,
0.050780,
0.050858,
0.050277,
0.049293,
0.048034,
0.046283,
0.044067,
0.041628,
0.039215,
0.036605,
0.034299,
0.032586,
0.030911,
0.028989,
0.026842,
0.024287,
0.021595,
0.018702,
0.015447,
0.012213,
0.009152,
0.006658,
0.004828,
0.003773,
0.003430,
0.003672,
0.004425,
0.005664,
0.007426,
0.009532,
0.011929,
0.014425,
0.017082,
0.019679,
0.021979,
0.023944,
0.025212,
0.025918,
0.025696,
0.024661,
0.022758,
0.020314,
0.017709,
0.015109,
0.012663,
0.010662,
0.008995,
0.007837,
0.007137,
0.006778,
0.006709,
0.006959,
0.007482,
0.008218,
0.009086,
0.009907,
0.010750,
0.011620,
0.012504,
0.013370,
0.014195,
0.015100,
0.015940,
0.016767,
0.017503,
0.018009,
0.018262,
0.018437,
0.018506,
0.018592,
0.018571,
0.018522,
0.018466,
0.018493,
0.018578,
0.018841,
0.019124,
0.019331,
0.019622,
0.019972,
0.020410,
0.020881,
0.021287,
0.021585,
0.021821,
0.021912,
0.022054,
0.022124,
0.022086,
0.021970,
0.021844,
0.021720,
0.021549,
0.021320,
0.020987,
0.020699,
0.020421,
0.020181,
0.019949,
0.019894,
0.019871,
0.019894,
0.020019,
0.020181,
0.020355,
0.020578,
0.020870,
0.021196,
0.021482,
0.021674,
0.021835,
0.021968,
0.022118,
0.022166,
0.022096,
0.021939,
0.021735,
0.021393,
0.020936,
0.020434,
0.020072,
0.019685,
0.019393,
0.019213,
0.019149,
0.019126,
0.019222,
0.019468,
0.019681,
0.019790,
0.019680,
0.019535,
0.019416,
0.018995,
0.018623,
0.018286,
0.017952,
0.017648,
0.017529,
0.017375,
0.017361,
0.017442,
0.017590,
0.017716,
0.017788,
0.017880,
0.017828,
0.017741,
0.017641,
0.017381,
0.016931,
0.016345,
0.015654,
0.014948,
0.014304,
0.013721,
0.013189,
0.012652,
0.012076,
0.011523,
0.011081,
0.010822,
0.010686,
0.010574,
0.010518,
0.010528,
0.010566,
0.010669,
0.010841,
0.011022,
0.011301,
0.011582,
0.011906,
0.012262,
0.012632,
0.013013,
0.013418,
0.013879,
0.014493,
0.015152,
0.015844,
0.016656,
0.017431,
0.018112,
0.018732,
0.019484,
0.020448,
0.021318,
0.022026,
0.022528,
0.022877,
0.023170,
0.023422,
0.023438,
0.023246,
0.023146,
0.023000,
0.022857,
0.022836,
0.022742,
0.022562,
0.022357,
0.022189,
0.022008,
0.021808,
0.021735,
0.021762,
0.021827,
0.021858,
0.021819,
0.021728,
0.021606,
0.021396,
0.021221,
0.021067,
0.020871,
0.020645,
0.020386,
0.020096,
0.019870,
0.019676,
0.019475,
0.019269,
0.019098,
0.018929,
0.018788,
0.018764,
0.018778,
0.018730,
0.018731,
0.018686,
0.018552,
0.018378,
0.018181,
0.017986,
0.017799,
0.017616,
0.017493,
0.017431,
0.017363,
0.017321,
0.017237,
0.017170,
0.017077,
0.017049,
0.016956,
0.016861,
0.016695,
0.016497,
0.016352,
0.016215,
0.016136,
0.016081,
0.016098,
0.016186,
0.016359,
0.016576,
0.016944,
0.017270,
0.017618,
0.018000,
0.018446,
0.018910,
0.019438,
0.020122,
0.020797,
0.021522,
0.022130,
0.022710,
0.023307,
0.023914,
0.024477,
0.024843,
0.025182,
0.025393,
0.025525,
0.025658,
0.025746,
0.025821,
0.025918,
0.025951,
0.025979,
0.025998,
0.026027,
0.026086,
0.026168,
0.026280,
0.026442,
0.026561,
0.026734,
0.026913,
0.027113,
0.027309,
0.027463,
0.027753,
0.028131,
0.028491,
0.028803,
0.029128,
0.029478,
0.029929,
0.030438,
0.031097,
0.031839,
0.032564,
0.033225,
0.033861,
0.034493,
0.035206,
0.035953,
0.036506,
0.037131,
0.037718,
0.038120,
0.038153,
0.037784,
0.037388,
0.036912,
0.036307,
0.035663,
0.035073,
0.034476,
0.034019,
0.033624,
0.033253,
0.033021,
0.032918,
0.032706,
0.032458,
0.032370,
0.032392,
0.032487,
0.032591,
0.032549,
0.032448,
0.032392,
0.032367,
0.032328,
0.032545,
0.032784,
0.033152,
0.033653,
0.034257,
0.035020,
0.035988,
0.037063,
0.038137,
0.039290,
0.040633,
0.042142,
0.043611,
0.045093,
0.046589,
0.048038,
0.049456,
0.050800,
0.052057,
0.052921,
0.053687,
0.054661,
0.055984,
0.057671,
0.059440,
0.061312,
0.063202,
0.065170,
0.066903,
0.068425,
0.069519,
0.070478,
0.071365,
0.072133,
0.072618,
0.072626,
0.072273,
0.071560,
0.070706,
0.069307,
0.067645,
0.066018,
0.064489,
0.063221,
0.062236,
0.061485,
0.061050,
0.061027,
0.061337,
0.061758,
0.062510,
0.063375,
0.064303,
0.065398,
0.066413,
0.067530,
0.069025,
0.070864,
0.072928,
0.075368,
0.078020,
0.080833,
0.083809,
0.087110,
0.090724,
0.094736,
0.098819,
0.103009,
0.107575,
0.113110,
0.118988,
0.125387,
0.132563,
0.140066,
0.147825,
0.155345,
0.163071,
0.171244,
0.179816,
0.188896,
0.198437,
0.208393,
0.218843,
0.229971,
0.241401,
0.252480,
0.263734,
0.275353,
0.287604,
0.300172,
0.314039,
0.327906,
0.342665,
0.358355,
0.376245,
0.395463,
0.414432,
0.434236,
0.455383,
0.475886,
0.495053,
0.514214,
0.532049,
0.549874,
0.566802,
0.582670,
0.594808,
0.606439,
0.617581,
0.627763,
0.678921,
0.727269,
0.771451,
0.813498,
0.853221,
0.890430,
0.924754,
0.958462,
0.990822,
1.020485,
1.049689,
1.078565,
1.107238,
1.135372,
1.163517,
1.191142,
1.218713,
1.245831,
1.272485,
1.298754,
1.325008,
1.354209,
1.383340,
1.412180,
1.440871,
1.469072,
1.497095,
1.524926,
1.552497,
1.580032,
1.607593,
1.634476,
1.661098,
1.688548,
1.716714,
1.744850,
1.772791,
1.800807,
1.828871,
1.855911,
1.883031,
1.908610,
1.933604,
1.956727,
1.978451,
1.998525,
2.018053,
2.040408,
2.063058,
2.085450,
2.107843,
2.128615,
2.148312,
2.167367,
2.185713,
2.203007,
2.218857,
2.233856,
2.248234,
2.261981,
2.275596,
2.287503,
2.299043,
2.310054,
2.319327,
2.327901,
2.335470,
2.341669,
2.346348,
2.350329,
2.352818,
2.354267,
2.355681,
2.356679,
2.356828,
2.356720,
2.356145,
2.355074,
2.354020,
2.351911,
2.349740,
2.347189,
2.344545,
2.342436,
2.340881,
2.339950,
2.339789,
2.340803,
2.343004,
2.346700,
2.351724,
2.358325,
2.367124,
2.377899,
2.390814,
2.405476,
2.421929,
2.440525,
2.461306,
2.484064,
0.367909,
0.245041,
0.266943,
0.267906,
0.294558,
0.373382,
0.347935,
0.329860,
0.412101,
0.349993,
0.403919,
0.363300,
0.393777,
0.412330,
0.472945,
0.416220,
0.463628,
0.505614,
0.429002,
0.535156,
0.334403,
0.066789,
0.154236,
0.179443,
0.191420,
0.138705,
0.143460,
0.154125,
0.106474,
0.146369,
0.199516,
0.179898,
0.170271,
0.176442,
0.244776,
0.201630,
0.206817,
0.214620,
0.224657,
0.229755,
0.133114,
0.139950,
0.092107,
0.121293,
0.106092,
0.120389,
0.136076,
0.197345,
0.223916,
0.249525,
0.279528,
0.312622,
0.430866,
0.418941,
0.426953,
0.375060,
0.430223,
0.408389,
0.358469,
0.342658,
0.117505,
0.099262,
0.052451,
0.092730,
0.065741,
0.055065,
0.041101,
0.063314,
0.075986,
0.073664,
0.071445,
0.095258,
0.055210,
0.035952,
0.054006,
0.052583,
0.042542,
0.036497,
0.048946,
0.184814,
0.049919,
0.112107,
0.088879,
0.107209,
0.132557,
0.103244,
0.105855,
0.111589,
0.065157,
0.088808,
0.097034,
0.145105,
0.145881,
0.219347,
0.273685,
0.206140,
0.115011,
0.092208,
0.105357,
0.088016,
0.080285,
0.117108,
0.144500,
0.157444,
0.174014,
0.181059,
0.193585,
0.179344,
0.171858,
0.188522,
0.204371,
0.222664,
0.192089,
0.203492,
0.187367,
0.194321,
0.180532,
0.230284,
0.233230,
0.202135,
0.114636,
0.116708,
0.123185,
0.133294,
0.143820,
0.147744,
0.152640,
0.158146,
0.162323,
0.166013,
0.168671,
0.171111,
0.170497,
0.163735,
0.153624,
0.150643,
0.150976,
0.150538,
0.151750,
0.154090,
0.156927,
0.160020,
0.165529,
0.179980,
0.200127,
0.215872,
0.227849,
0.240675,
0.256535,
0.271346,
0.280291,
0.283550,
0.285931,
0.287940,
0.289128,
0.285199,
0.281787,
0.285713,
0.298193,
0.304184,
0.302375,
0.298423,
0.297373,
0.309664,
0.328378,
0.337732,
0.330908,
0.320819,
0.314478,
0.310381,
0.303663,
0.102129,
0.108426,
0.094944,
0.082389,
0.079195,
0.072824,
0.074431,
0.068897,
0.066826,
0.056791,
0.056497,
0.056231,
0.061421,
0.069259,
0.084750,
0.107555,
0.157014,
0.162553,
0.189952,
0.202468,
0.216620,
0.229090,
0.259547,
0.285420,
0.310416,
0.338948,
0.372500,
0.400938,
0.436923,
0.456082,
0.484027,
0.496206,
0.465929,
0.412153,
0.346425,
0.322883,
0.324478,
0.320612,
0.343684,
0.359611,
0.312437,
0.248263,
0.227348,
0.206506,
0.192573,
0.198956,
0.220444,
0.230306,
0.240157,
0.219824,
0.220049,
0.211833,
0.200530,
0.171813,
0.148812,
0.125173,
0.122508,
0.108766,
0.144067,
0.173523,
0.091254,
0.050304,
0.057102,
0.062313,
0.080186,
0.110775,
0.148062,
0.158205,
0.159982,
0.139825,
0.145309,
0.135021,
0.145937,
0.151769,
0.157454,
0.164530,
0.198372,
0.224522,
0.306794,
0.403001,
0.266886,
0.222385,
0.216318,
0.197280,
0.198872,
0.217737,
0.256940,
0.273821,
0.299012,
0.304706,
0.331739,
0.348577,
0.380043,
0.394799,
0.384539,
0.359663,
0.328619,
0.302226,
0.354590,
0.508370,
0.512624,
0.518274,
0.525499,
0.546710,
0.573830,
0.602247,
0.626598,
0.649079,
0.659953,
0.660959,
0.657762,
0.650673,
0.641601,
0.634258,
0.643343,
0.654761,
0.666338,
0.674314,
0.355716,
0.366761,
0.388171,
0.418231,
0.453123,
0.484273,
0.524283,
0.556744,
0.600226,
0.614188,
0.653328,
0.677633,
0.683594,
0.657475,
0.608321,
0.564852,
0.514415,
0.427428,
0.333004,
0.314229,
0.244136,
0.154712,
0.123605,
0.102106,
0.095738,
0.093149,
0.100010,
0.103496,
0.110777,
0.080894,
0.071370,
0.046941,
0.034761,
0.026367,
0.019365,
0.016510,
0.016543,
0.017014,
0.040129,
0.063662,
0.114178,
0.070324,
0.090869,
0.098176,
0.112031,
0.122792,
0.140360,
0.161176,
0.197000,
0.206771,
0.222730,
0.222263,
0.223630,
0.231464,
0.244424,
0.259709,
0.274302,
0.287476,
0.310018,
0.313352,
0.328885,
0.236252,
0.189994,
0.146906,
0.125145,
0.117422,
0.131059,
0.177649,
0.218639,
0.208827,
0.196506,
0.167402,
0.139287,
0.120629,
0.102863,
0.091273,
0.084854,
0.074452,
0.071779,
0.072144,
0.136852,
0.062819,
0.066106,
0.054997,
0.048343,
0.068891,
0.054781,
0.042239,
0.039071,
0.037368,
0.042092,
0.035557,
0.042499,
0.044778,
0.046448,
0.044461,
0.047869,
0.053542,
0.060878,
0.095089,
0.097988,
0.101113,
0.104391,
0.107207,
0.109678,
0.111182,
0.115606,
0.122240,
0.129970,
0.138675,
0.147939,
0.157080,
0.165650,
0.174510,
0.181274,
0.184644,
0.185194,
0.188479,
0.196176,
0.200020,
0.203391,
0.209333,
0.217576,
0.225605,
0.232238,
0.238024,
0.245556,
0.251448,
0.257388,
0.261476,
0.263701,
0.266417,
0.268213,
0.269795,
0.271990,
0.281815,
0.297050,
0.313300,
0.326206,
0.201306,
0.234786,
0.232743,
0.229971,
0.223531,
0.215452,
0.210455,
0.220989,
0.222785,
0.218251,
0.227430,
0.234762,
0.238368,
0.243250,
0.251833,
0.256834,
0.262672,
0.266599,
0.269645,
0.301942,
0.261698,
0.213238,
0.165534,
0.109829,
0.074705,
0.062217,
0.067937,
0.093853,
0.105506,
0.105016,
0.124439,
0.145794,
0.177100,
0.199651,
0.222933,
0.237108,
0.248071,
0.248685,
0.239446,
0.228995,
0.194192,
0.143360,
0.104269,
0.067359,
0.041058,
0.024782,
0.016164,
0.019387,
0.019896,
0.012732,
0.016377,
0.023928,
0.069703,
0.200963,
0.490402,
0.780904,
1.000782,
1.203012,
1.372661,
1.438763,
1.383502,
1.265197,
1.084659,
0.853068,
0.595488,
0.336887,
0.209007,
0.138672,
0.102347,
0.081464,
0.069186,
0.055199,
0.043653,
0.024783,
0.011636,
0.007351,
0.009803,
0.013005,
0.017517,
0.037689,
0.016930,
0.018023,
0.018915,
0.017135,
0.014771,
0.014290,
0.013690,
0.014080,
0.015597,
0.019725,
0.019538,
0.019642,
0.026443,
0.022881,
0.024362,
0.027230,
0.035468,
0.033210,
0.027087,
0.028875,
0.030704,
0.032237,
0.033358,
0.034055,
0.034229,
0.034541,
0.034984,
0.035602,
0.037122,
0.039426,
0.042298,
0.045179,
0.047985,
0.050502,
0.052909,
0.054822,
0.056218,
0.057521,
0.058670,
0.059972,
0.061252,
0.062283,
0.063846,
0.065990,
0.069610,
0.075353,
0.082118,
0.088487,
0.094314,
0.099844,
0.103763,
0.105890,
0.106956,
0.107573,
0.107806,
0.106689,
0.104139,
0.100512,
0.094963,
0.088516,
0.081893,
0.076716,
0.073175,
0.071618,
0.071688,
0.072944,
0.075401,
0.078746,
0.082066,
0.085307,
0.087278,
0.089765,
0.092550,
0.096589,
0.100298,
0.105649,
0.112366,
0.117483,
0.118520,
0.114384,
0.107411,
0.097609,
0.086019,
0.074309,
0.063887,
0.054055,
0.045213,
0.037681,
0.030646,
0.024182,
0.018541,
0.013554,
0.009706,
0.006820,
0.004970,
0.004084,
0.003998,
0.004525,
0.005579,
0.007118,
0.009092,
0.011056,
0.013035,
0.014820,
0.015866,
0.016211,
0.016042,
0.015336,
0.015054,
0.015241,
0.014866,
0.013622,
0.011561,
0.009295,
0.007596,
0.006915,
0.006763,
0.006623,
0.006280,
0.005956,
0.006035,
0.006340,
0.006733,
0.007445,
0.008319,
0.009233,
0.009962,
0.010301,
0.010091,
0.010029,
0.010099,
0.010230,
0.010297,
0.010023,
0.009413,
0.008491,
0.007547,
0.006916,
0.006685,
0.006654,
0.006953,
0.007353,
0.007768,
0.008266,
0.008924,
0.009657,
0.010208,
0.010617,
0.010865,
0.010966,
0.011004,
0.011107,
0.011379,
0.011858,
0.012610,
0.013643,
0.014793,
0.016320,
0.017993,
0.019694,
0.021388,
0.023041,
0.024502,
0.025854,
0.026714,
0.027424,
0.028178,
0.028899,
0.029687,
0.030815,
0.032148,
0.033820,
0.035866,
0.038207,
0.040693,
0.043383,
0.045959,
0.047905,
0.049570,
0.050307,
0.050158,
0.048597,
0.046072,
0.042792,
0.039343,
0.036265,
0.033393,
0.030367,
0.027851,
0.026345,
0.025173,
0.024547,
0.024686,
0.025453,
0.026688,
0.028475,
0.030603,
0.033434,
0.036716,
0.040031,
0.043188,
0.047160,
0.050466,
0.052238,
0.052683,
0.051507,
0.049251,
0.045936,
0.042837,
0.040226,
0.037489,
0.034440,
0.031320,
0.028049,
0.024380,
0.020949,
0.017926,
0.015384,
0.013250,
0.011598,
0.010322,
0.009423,
0.008837,
0.008643,
0.008652,
0.008722,
0.008889,
0.009148,
0.009500,
0.009947,
0.010312,
0.010668,
0.011041,
0.011462,
0.011831,
0.012288,
0.012874,
0.013603,
0.014390,
0.015325,
0.016389,
0.017509,
0.018657,
0.019648,
0.020615,
0.021685,
0.022803,
0.023863,
0.024394,
0.024753,
0.024667,
0.024373,
0.023593,
0.022672,
0.021781,
0.020915,
0.020104,
0.018902,
0.017211,
0.015152,
0.013165,
0.011608,
0.010438,
0.009430,
0.008763,
0.008402,
0.008065,
0.007896,
0.007935,
0.007855,
0.007675,
0.007291,
0.006719,
0.006032,
0.005401,
0.005085,
0.005038,
0.005145,
0.005307,
0.005421,
0.005373,
0.005388,
0.005468,
0.005686,
0.006006,
0.006461,
0.007068,
0.007787,
0.008293,
0.008603,
0.009104,
0.009849,
0.010818,
0.012129,
0.013598,
0.015120,
0.016609,
0.018038,
0.019454,
0.020579,
0.021010,
0.020739,
0.020231,
0.019524,
0.018563,
0.017416,
0.016202,
0.015556,
0.015522,
0.016043,
0.017351,
0.018873,
0.021159,
0.023931,
0.027112,
0.029793,
0.032250,
0.034543,
0.037142,
0.039444,
0.040812,
0.041358,
0.041346,
0.041289,
0.041356,
0.041356,
0.040753,
0.040514,
0.040449,
0.040684,
0.041223,
0.041806,
0.042298,
0.042918,
0.043629,
0.044272,
0.045036,
0.046149,
0.047290,
0.048601,
0.049910,
0.051457,
0.052738,
0.053957,
0.055173,
0.056669,
0.057839,
0.059598,
0.061719,
0.063861,
0.066074,
0.068437,
0.070787,
0.073290,
0.076199,
0.079931,
0.084572,
0.089729,
0.095322,
0.100373,
0.105646,
0.110809,
0.115373,
0.120125,
0.124128,
0.127513,
0.130034,
0.131386,
0.130963,
0.130002,
0.128616,
0.126563,
0.124785,
0.122790,
0.120016,
0.117794,
0.116246,
0.115648,
0.117606,
0.121671,
0.125919,
0.129135,
0.128960,
0.128119,
0.127092,
0.125043,
0.122381,
0.118947,
0.115077,
0.111430,
0.108041,
0.103355,
0.098174,
0.092963,
0.087265,
0.081805,
0.076474,
0.072611,
0.071193,
0.071532,
0.071742,
0.071929,
0.072574,
0.073665,
0.074478,
0.075118,
0.075939,
0.076256,
0.076235,
0.075905,
0.075136,
0.074494,
0.073886,
0.073750,
0.074380,
0.076624,
0.080902,
0.086428,
0.094015,
0.104317,
0.116181,
0.127954,
0.139690,
0.150506,
0.159354,
0.164978,
0.168784,
0.169751,
0.167084,
0.161351,
0.153163,
0.143828,
0.134257,
0.123788,
0.113661,
0.103814,
0.095038,
0.088190,
0.082874,
0.079387,
0.077511,
0.076468,
0.076394,
0.077351,
0.079301,
0.081950,
0.086260,
0.091755,
0.097720,
0.104510,
0.112162,
0.120179,
0.129297,
0.138826,
0.148743,
0.160432,
0.173291,
0.186479,
0.201048,
0.219253,
0.241024,
0.265333,
0.292588,
0.321210,
0.353165,
0.388187,
0.427151,
0.471440,
0.512369,
0.552174,
0.590825,
0.628053,
0.661920,
0.692945,
0.719584,
0.741829,
0.761013,
0.778750,
0.794280,
0.807139,
0.818538,
0.826447,
0.833912,
0.841895,
0.849039,
0.854098,
0.859812,
0.866996,
0.876799,
0.888945,
0.899407,
0.907799,
0.915660,
0.923617,
0.929088,
0.932742,
0.933565,
0.932856,
0.929932,
0.925900,
0.920092,
0.911350,
0.899775,
0.886652,
0.871854,
0.854045,
0.836220,
0.817638,
0.798849,
0.781033,
0.763961,
0.748039,
0.733530,
0.720717,
0.710591,
0.703487,
0.698815,
0.696635,
0.696541,
0.699224,
0.704992,
0.713340,
0.722687,
0.733465,
0.745684,
0.759023,
0.773365,
0.789721,
0.808898,
0.830864,
0.854024,
0.881655,
0.912964,
0.947905,
0.985400,
1.023847,
1.064743,
1.108905,
1.158915,
1.212300,
1.267420,
1.323272,
1.380927,
1.439893,
1.499678,
1.561371,
1.623730,
1.685390,
1.744648,
1.802482,
1.858696,
1.912293,
1.964006,
2.011925,
2.057376,
2.100081,
2.141287,
2.180671,
2.218345,
2.256194,
2.293343,
2.330261,
2.367875,
2.405761,
2.442903,
2.478775,
2.512108,
2.543478,
0.317261,
0.514123,
0.275480,
0.352481,
0.314708,
0.248132,
0.246975,
0.271512,
0.238667,
0.301303,
0.303228,
0.334779,
0.362674,
0.422087,
0.543834,
0.501267,
0.414666,
0.368904,
0.407913,
0.584643,
0.424756,
0.302774,
0.340985,
0.424833,
0.422872,
0.388873,
0.387528,
0.389352,
0.375821,
0.424501,
0.496314,
0.405294,
0.459068,
0.433014,
0.413072,
0.372257,
0.410073,
0.384962,
0.313960,
0.459851,
0.221045,
0.222015,
0.191980,
0.235149,
0.257579,
0.288476,
0.241298,
0.282665,
0.257984,
0.281975,
0.324954,
0.261657,
0.298305,
0.247494,
0.199710,
0.211101,
0.239891,
0.185829,
0.193819,
0.509752,
0.128677,
0.123835,
0.099992,
0.089735,
0.100817,
0.088636,
0.063051,
0.075140,
0.051175,
0.064429,
0.064353,
0.066486,
0.059284,
0.068256,
0.085052,
0.083511,
0.080274,
0.049893,
0.087054,
0.079037,
0.037091,
0.043760,
0.068724,
0.085442,
0.114137,
0.076655,
0.085839,
0.111208,
0.067906,
0.072475,
0.080498,
0.106581,
0.091114,
0.094498,
0.085979,
0.086475,
0.074936,
0.088902,
0.084515,
0.405398,
0.381099,
0.397978,
0.394413,
0.399079,
0.390152,
0.383686,
0.389461,
0.387955,
0.383696,
0.376683,
0.388248,
0.401799,
0.357075,
0.371580,
0.343404,
0.330086,
0.318712,
0.348877,
0.337071,
0.303396,
0.242856,
0.236937,
0.225316,
0.209497,
0.190797,
0.171382,
0.152375,
0.135809,
0.124453,
0.116890,
0.111343,
0.107739,
0.104182,
0.099694,
0.095221,
0.089875,
0.083981,
0.078223,
0.073209,
0.069670,
0.067378,
0.066420,
0.066417,
0.067466,
0.069089,
0.071180,
0.072223,
0.073446,
0.075292,
0.078220,
0.083437,
0.092181,
0.100973,
0.107836,
0.111373,
0.112935,
0.113140,
0.110897,
0.106407,
0.099943,
0.093441,
0.090036,
0.089515,
0.090722,
0.092144,
0.093351,
0.094406,
0.095206,
0.096072,
0.097268,
0.098607,
0.012424,
0.054962,
0.057917,
0.050337,
0.057877,
0.039584,
0.050532,
0.044028,
0.034837,
0.033001,
0.043179,
0.052198,
0.057357,
0.067223,
0.086036,
0.096177,
0.111455,
0.111444,
0.120163,
0.149663,
0.183480,
0.223598,
0.261519,
0.303840,
0.342997,
0.369937,
0.399252,
0.429177,
0.453171,
0.488192,
0.522883,
0.559398,
0.598287,
0.644221,
0.667585,
0.707648,
0.703030,
0.740217,
0.754531,
0.754797,
0.813411,
0.944452,
0.970826,
1.045963,
1.095640,
1.078002,
1.094017,
1.132325,
1.136558,
1.210631,
1.256520,
1.330929,
1.381571,
1.468254,
1.488158,
1.548397,
1.520586,
1.568287,
1.568263,
1.555496,
1.749657,
1.966208,
2.007989,
2.149096,
2.234710,
2.215835,
2.220477,
2.281543,
2.298131,
2.429385,
2.459112,
2.588431,
2.645861,
2.753774,
2.769549,
2.820400,
2.816231,
2.864687,
2.830787,
2.732555,
3.158448,
3.485507,
3.523149,
3.675642,
3.793034,
3.749023,
3.731890,
3.786756,
3.801003,
3.910388,
3.959565,
4.109480,
4.132222,
4.208032,
4.226285,
4.210655,
4.140701,
4.139692,
4.036698,
3.713717,
3.744982,
3.775802,
3.802556,
3.822571,
3.832581,
3.841606,
3.848470,
3.863334,
3.889169,
3.930058,
3.977957,
4.024923,
4.069598,
4.116585,
4.151450,
4.176484,
4.188361,
4.185664,
1.155518,
0.932632,
0.920993,
0.846241,
1.013379,
0.864336,
1.072429,
0.926354,
0.846992,
0.918067,
0.860697,
1.073169,
1.083608,
1.560204,
1.446900,
1.287176,
1.011136,
0.704111,
0.696570,
1.170656,
0.474120,
0.465458,
0.597028,
0.594575,
0.753001,
0.584524,
0.724387,
0.626969,
0.663318,
0.673570,
0.624603,
0.688429,
0.567127,
0.622483,
0.526734,
0.552679,
0.464937,
0.362531,
0.325426,
0.990334,
0.315104,
0.267927,
0.518412,
0.499212,
0.856856,
0.700472,
0.816244,
0.631088,
0.547821,
0.499166,
0.442907,
0.517893,
0.453677,
0.528193,
0.523438,
0.497089,
0.488804,
0.462984,
0.460517,
1.002793,
0.532903,
0.541131,
0.919910,
0.888203,
1.042057,
0.932345,
1.039832,
0.951582,
0.839480,
0.746202,
0.673104,
0.615942,
0.570835,
0.586864,
0.612870,
0.617531,
0.632863,
0.609527,
0.589142,
0.867612,
1.285962,
0.976252,
0.893604,
0.864115,
0.891173,
0.951616,
0.987751,
0.876118,
0.885009,
0.991423,
1.060138,
1.168830,
1.074716,
1.099740,
1.076743,
0.950801,
1.194716,
1.250596,
1.426056,
1.792524,
1.742461,
1.710718,
1.779561,
1.840499,
1.889781,
1.838448,
1.680973,
1.511531,
1.395075,
1.372458,
1.412587,
1.353255,
1.300422,
1.244035,
1.209562,
1.206564,
1.254175,
1.272063,
1.324392,
1.297113,
1.250512,
1.247268,
1.083631,
1.054996,
1.111064,
1.121631,
1.111561,
1.131366,
1.193040,
1.085945,
1.011811,
0.968352,
0.921895,
0.892253,
0.916939,
0.920562,
0.941584,
0.985604,
1.085377,
0.896391,
0.708585,
0.688132,
0.688182,
0.596575,
0.541397,
0.541716,
0.528419,
0.614233,
0.639490,
0.585343,
0.496203,
0.438877,
0.367360,
0.334902,
0.307825,
0.325426,
0.310307,
0.312578,
0.282203,
0.250742,
0.270700,
0.274394,
0.295225,
0.329902,
0.319165,
0.310413,
0.335019,
0.382015,
0.420800,
0.418018,
0.410107,
0.390397,
0.404337,
0.374713,
0.377369,
0.346452,
0.352528,
0.297840,
0.239686,
0.327525,
0.364672,
0.343262,
0.316119,
0.326343,
0.310714,
0.269543,
0.281513,
0.246812,
0.242656,
0.229501,
0.254571,
0.225803,
0.269631,
0.232177,
0.232718,
0.202504,
0.214614,
0.167603,
0.075078,
0.242250,
0.314272,
0.319371,
0.282884,
0.305678,
0.309860,
0.277931,
0.309184,
0.288470,
0.316092,
0.328644,
0.432880,
0.404137,
0.490958,
0.477076,
0.462764,
0.421674,
0.395041,
0.281613,
0.134011,
0.444118,
0.457327,
0.458241,
0.357483,
0.395625,
0.387941,
0.465123,
0.407631,
0.389011,
0.380463,
0.373035,
0.371060,
0.438122,
0.529589,
0.494965,
0.484705,
0.536000,
0.508088,
0.480824,
0.029040,
0.028825,
0.028663,
0.028635,
0.028639,
0.028629,
0.028714,
0.028906,
0.029196,
0.029428,
0.029596,
0.030080,
0.030833,
0.031596,
0.032710,
0.033656,
0.034194,
0.034154,
0.033930,
0.033187,
0.031838,
0.030036,
0.027967,
0.025923,
0.024030,
0.022433,
0.020928,
0.019484,
0.018012,
0.016487,
0.015001,
0.013772,
0.012642,
0.011735,
0.011024,
0.010388,
0.009955,
0.009706,
0.009586,
0.009577,
0.009616,
0.009730,
0.009891,
0.010088,
0.010343,
0.010617,
0.010879,
0.011209,
0.011706,
0.012312,
0.013067,
0.013978,
0.015033,
0.016282,
0.017553,
0.018890,
0.020370,
0.021756,
0.022727,
0.023813,
0.024807,
0.025593,
0.026090,
0.026345,
0.026634,
0.026727,
0.026582,
0.026200,
0.025540,
0.024664,
0.023771,
0.023104,
0.022563,
0.021927,
0.021277,
0.020460,
0.019800,
0.019337,
0.019037,
0.018872,
0.018821,
0.018881,
0.018972,
0.018971,
0.019097,
0.019117,
0.019080,
0.018850,
0.018550,
0.018218,
0.017981,
0.017772,
0.017613,
0.017464,
0.017279,
0.016973,
0.016770,
0.016650,
0.016605,
0.016744,
0.016897,
0.017054,
0.017268,
0.017582,
0.017934,
0.018331,
0.018675,
0.018961,
0.019192,
0.019414,
0.019546,
0.019705,
0.019960,
0.020265,
0.020595,
0.020712,
0.020746,
0.020654,
0.020525,
0.020238,
0.019891,
0.019554,
0.019333,
0.019234,
0.019003,
0.018740,
0.018610,
0.018492,
0.018290,
0.018431,
0.018767,
0.019302,
0.019842,
0.020486,
0.021210,
0.021942,
0.022658,
0.023462,
0.024446,
0.025264,
0.025936,
0.026589,
0.026989,
0.027346,
0.027576,
0.027673,
0.027455,
0.027180,
0.026910,
0.026610,
0.026336,
0.025930,
0.025532,
0.025143,
0.024674,
0.024260,
0.023876,
0.023497,
0.023270,
0.023186,
0.023209,
0.023414,
0.023772,
0.024215,
0.024770,
0.025264,
0.025838,
0.026505,
0.027152,
0.027791,
0.028414,
0.028910,
0.029521,
0.030155,
0.030944,
0.031801,
0.032804,
0.034021,
0.035246,
0.036364,
0.037426,
0.038524,
0.039640,
0.040674,
0.041596,
0.042295,
0.042535,
0.042776,
0.042742,
0.042560,
0.042147,
0.041552,
0.040607,
0.039530,
0.038327,
0.037019,
0.035710,
0.034426,
0.033261,
0.032210,
0.031071,
0.030233,
0.029630,
0.029103,
0.028813,
0.028472,
0.028132,
0.027705,
0.027300,
0.026960,
0.026728,
0.026437,
0.026075,
0.025465,
0.024933,
0.024507,
0.024161,
0.023800,
0.023889,
0.024475,
0.025524,
0.026772,
0.028255,
0.029791,
0.031103,
0.032468,
0.033778,
0.035032,
0.036301,
0.037503,
0.038617,
0.039534,
0.040153,
0.040509,
0.040832,
0.041357,
0.042211,
0.043669,
0.045246,
0.047064,
0.048959,
0.050975,
0.053115,
0.055440,
0.057775,
0.059900,
0.061503,
0.061946,
0.062081,
0.061511,
0.060802,
0.059869,
0.058344,
0.056710,
0.055505,
0.054431,
0.053814,
0.053144,
0.052775,
0.052602,
0.052611,
0.052584,
0.052511,
0.052729,
0.053261,
0.054319,
0.055971,
0.057893,
0.060008,
0.062353,
0.065150,
0.068355,
0.072083,
0.076103,
0.080063,
0.084117,
0.088787,
0.094054,
0.099800,
0.106283,
0.113500,
0.122087,
0.131973,
0.142980,
0.155097,
0.168987,
0.183712,
0.199049,
0.214447,
0.228948,
0.242349,
0.255857,
0.270811,
0.287451,
0.304395,
0.321117,
0.339487,
0.358078,
0.376847,
0.393754,
0.409748,
0.425511,
0.441370,
0.455106,
0.471795,
0.491271,
0.513906,
0.538370,
0.563264,
0.590324,
0.619491,
0.648824,
0.675719,
0.703114,
0.727412,
0.749315,
0.769381,
0.786064,
0.801265,
0.813802,
0.823974,
0.828070,
0.827416,
0.822161,
0.815589,
0.809876,
0.802068,
0.791293,
0.778043,
0.761851,
0.748592,
0.733253,
0.716451,
0.701093,
0.683719,
0.665968,
0.646602,
0.627078,
0.604728,
0.582144,
0.560323,
0.540397,
0.521433,
0.503809,
0.486942,
0.470521,
0.453779,
0.437758,
0.421402,
0.406160,
0.391334,
0.376284,
0.360691,
0.345422,
0.329974,
0.314639,
0.300672,
0.287306,
0.273560,
0.257536,
0.241517,
0.225213,
0.210071,
0.196530,
0.183760,
0.172322,
0.162357,
0.178911,
0.196816,
0.215299,
0.233487,
0.251487,
0.269220,
0.287167,
0.305468,
0.323988,
0.342386,
0.360357,
0.377505,
0.394010,
0.409771,
0.424640,
0.439390,
0.454611,
0.469725,
0.484664,
0.499279,
0.513504,
0.539367,
0.564681,
0.588714,
0.611447,
0.632588,
0.652767,
0.670606,
0.685536,
0.698475,
0.710296,
0.719914,
0.727375,
0.733881,
0.740434,
0.746747,
0.752798,
0.758167,
0.762534,
0.766679,
0.770875,
0.775205,
0.779573,
0.784202,
0.789850,
0.796111,
0.802764,
0.810064,
0.817406,
0.824805,
0.832245,
0.841092,
0.849350,
0.857139,
0.865839,
0.874738,
0.882807,
0.890605,
0.899007,
0.908654,
0.919139,
0.930138,
0.941861,
0.954811,
0.968413,
0.983096,
0.999726,
1.018040,
1.037681,
1.059504,
1.083365,
1.108209,
1.135391,
1.164420,
1.195391,
1.227887,
1.262568,
1.299140,
1.337477,
1.377081,
1.418364,
1.462033,
1.507490,
1.555492,
1.605868,
1.657957,
1.712176,
1.768310,
1.826110,
1.884932,
1.945435,
2.007772,
2.072007,
2.137676,
2.204250,
2.272365,
2.341595,
2.411150,
2.480874,
2.551443,
0.988383,
0.992777,
0.975312,
0.990353,
1.002449,
1.015291,
1.026758,
1.031375,
1.052353,
1.091031,
1.096119,
1.133879,
1.135864,
1.187496,
1.233549,
1.239588,
1.198287,
1.200108,
1.252416,
1.474501,
1.253389,
0.086543,
0.084913,
0.109830,
0.094394,
0.129510,
0.125180,
0.147740,
0.151550,
0.194959,
0.219164,
0.234641,
0.241106,
0.229927,
0.223078,
0.183023,
0.248597,
0.215069,
0.185796,
0.190375,
0.160679,
0.087340,
0.103406,
0.115707,
0.122741,
0.130569,
0.113519,
0.119590,
0.116622,
0.136080,
0.141609,
0.132440,
0.146067,
0.123667,
0.105034,
0.074604,
0.093665,
0.077563,
0.089658,
0.163037,
0.113092,
0.072716,
0.061447,
0.062955,
0.060779,
0.076521,
0.049190,
0.058625,
0.031289,
0.043193,
0.050733,
0.049778,
0.067957,
0.064492,
0.059188,
0.059295,
0.068198,
0.063379,
0.093707,
0.124959,
0.080539,
0.087025,
0.097457,
0.100230,
0.102062,
0.086271,
0.084724,
0.086651,
0.092560,
0.091637,
0.098518,
0.121971,
0.118773,
0.125876,
0.134398,
0.135920,
0.139842,
0.139334,
0.176297,
0.270139,
0.201567,
0.274438,
0.282820,
0.296607,
0.309691,
0.320202,
0.335384,
0.346169,
0.360480,
0.362000,
0.361227,
0.366028,
0.364877,
0.372344,
0.371176,
0.373992,
0.366422,
0.352653,
0.356640,
0.346238,
0.317344,
0.300467,
0.282506,
0.264217,
0.245414,
0.225870,
0.206116,
0.187053,
0.169644,
0.155188,
0.143967,
0.135589,
0.129994,
0.125894,
0.123036,
0.121356,
0.120898,
0.121607,
0.123367,
0.126851,
0.132943,
0.142197,
0.155965,
0.175668,
0.202767,
0.238751,
0.284224,
0.342214,
0.413677,
0.494515,
0.579709,
0.670346,
0.765999,
0.865970,
0.969726,
1.077074,
1.190117,
1.303735,
1.412281,
1.517991,
1.620419,
1.715908,
1.804998,
1.893687,
1.979880,
2.073047,
2.171397,
2.269990,
2.367711,
2.459382,
2.538212,
2.378979,
2.387121,
2.386209,
2.361884,
2.298333,
2.198349,
2.064409,
1.899485,
1.726449,
1.545357,
1.359888,
1.185178,
1.018079,
0.851093,
0.713192,
0.593791,
0.500144,
0.421637,
0.367339,
0.382538,
0.289525,
0.247893,
0.212639,
0.187909,
0.161780,
0.138617,
0.115633,
0.102821,
0.089439,
0.090094,
0.075030,
0.076217,
0.067690,
0.066638,
0.055137,
0.053099,
0.040078,
0.041183,
0.037484,
0.040427,
0.062003,
0.087675,
0.080945,
0.078188,
0.071385,
0.068841,
0.052279,
0.057998,
0.059985,
0.089952,
0.076816,
0.102378,
0.091213,
0.113892,
0.116644,
0.120412,
0.101542,
0.105724,
0.029564,
0.013415,
0.132453,
0.182713,
0.176699,
0.158336,
0.151075,
0.160922,
0.148629,
0.149889,
0.167057,
0.202570,
0.196262,
0.234495,
0.238718,
0.287126,
0.324981,
0.331829,
0.347863,
0.339785,
0.210465,
0.135640,
0.383138,
0.401243,
0.404046,
0.369948,
0.384348,
0.400588,
0.424966,
0.420199,
0.438339,
0.430988,
0.416013,
0.414842,
0.414134,
0.475341,
0.514019,
0.509107,
0.514976,
0.450722,
0.359501,
0.194493,
0.202829,
0.214519,
0.234385,
0.266286,
0.305794,
0.358983,
0.422884,
0.498659,
0.583800,
0.676249,
0.780219,
0.885373,
0.994518,
1.114513,
1.225360,
1.334781,
1.438063,
1.534097,
1.592466,
1.716078,
1.811643,
1.903248,
2.000053,
2.085145,
2.189379,
2.277327,
2.374764,
2.469193,
2.557039,
2.633542,
2.708583,
2.772281,
2.837351,
2.896286,
2.943817,
2.977764,
2.989367,
2.994901,
2.965868,
2.908664,
2.827395,
2.713636,
2.576854,
2.427338,
2.265175,
2.090275,
1.883779,
1.662013,
1.420899,
1.187934,
0.968260,
0.766810,
0.597263,
0.467200,
0.372530,
0.298775,
0.241025,
0.198725,
0.163665,
0.135562,
0.114351,
0.097594,
0.085555,
0.074605,
0.065915,
0.058317,
0.052575,
0.046593,
0.041613,
0.037401,
0.033669,
0.030358,
0.027573,
0.025019,
0.023744,
0.022203,
0.020344,
0.015357,
0.027470,
0.031131,
0.031540,
0.034269,
0.038562,
0.038190,
0.042005,
0.039933,
0.040413,
0.038937,
0.036382,
0.036012,
0.036221,
0.036366,
0.037028,
0.035992,
0.038427,
0.038047,
0.036576,
0.023723,
0.063246,
0.068066,
0.071597,
0.074852,
0.082014,
0.081661,
0.087974,
0.087144,
0.090406,
0.085325,
0.079529,
0.076734,
0.075982,
0.072871,
0.074726,
0.069693,
0.075036,
0.070927,
0.065780,
0.042108,
0.044600,
0.047093,
0.049829,
0.052780,
0.056106,
0.059496,
0.062817,
0.066284,
0.070032,
0.073700,
0.077553,
0.081021,
0.084412,
0.087207,
0.089434,
0.091988,
0.094561,
0.097187,
0.098720,
0.099080,
0.098405,
0.096465,
0.092721,
0.087478,
0.081944,
0.076442,
0.070963,
0.065052,
0.059448,
0.054243,
0.049762,
0.046181,
0.043603,
0.042360,
0.042304,
0.043256,
0.045344,
0.048687,
0.053479,
0.034700,
0.087372,
0.112072,
0.124886,
0.141867,
0.151412,
0.169141,
0.184014,
0.192059,
0.199119,
0.218994,
0.232749,
0.252476,
0.272644,
0.287866,
0.301086,
0.311342,
0.321623,
0.326357,
0.336344,
0.317776,
0.306204,
0.287596,
0.261387,
0.230348,
0.195097,
0.156960,
0.120297,
0.089248,
0.064982,
0.045953,
0.032076,
0.021686,
0.014241,
0.009704,
0.007338,
0.006246,
0.006433,
0.006705,
0.011145,
0.005482,
0.005645,
0.005774,
0.006337,
0.006651,
0.007139,
0.007812,
0.008818,
0.009773,
0.010757,
0.011657,
0.011084,
0.011482,
0.011601,
0.011837,
0.011952,
0.012429,
0.013056,
0.012779,
0.015493,
0.015021,
0.014140,
0.017497,
0.016937,
0.017284,
0.016930,
0.018439,
0.021783,
0.022194,
0.021636,
0.022192,
0.018995,
0.019766,
0.019506,
0.019946,
0.019611,
0.020475,
0.021357,
0.019848,
0.020612,
0.026453,
0.024311,
0.029942,
0.027821,
0.026798,
0.026234,
0.028932,
0.032923,
0.033246,
0.030185,
0.030699,
0.024934,
0.025694,
0.025097,
0.025732,
0.025373,
0.027247,
0.030732,
0.027070,
0.026770,
0.027267,
0.027616,
0.027898,
0.028178,
0.028269,
0.028218,
0.028022,
0.027805,
0.027622,
0.027467,
0.027706,
0.028186,
0.028452,
0.028545,
0.028527,
0.028750,
0.028828,
0.028605,
0.028126,
0.027627,
0.027191,
0.026773,
0.026249,
0.025694,
0.025116,
0.024294,
0.023599,
0.022885,
0.022071,
0.021352,
0.020740,
0.020009,
0.019125,
0.018080,
0.016877,
0.015678,
0.014512,
0.013201,
0.011890,
0.010724,
0.009664,
0.008731,
0.007871,
0.007126,
0.006529,
0.006054,
0.005713,
0.005443,
0.005251,
0.005139,
0.005098,
0.005116,
0.005161,
0.005241,
0.005335,
0.005440,
0.005565,
0.005717,
0.005899,
0.006107,
0.006279,
0.006439,
0.006628,
0.006844,
0.007067,
0.007310,
0.007587,
0.007910,
0.008285,
0.008691,
0.009126,
0.009593,
0.010058,
0.010503,
0.010985,
0.011490,
0.012021,
0.012524,
0.012969,
0.013329,
0.013652,
0.013961,
0.014218,
0.014411,
0.014615,
0.014882,
0.015055,
0.015259,
0.015512,
0.015803,
0.016175,
0.016566,
0.016936,
0.017418,
0.017909,
0.018367,
0.018812,
0.019237,
0.019590,
0.019863,
0.020163,
0.020443,
0.020672,
0.020840,
0.020900,
0.020787,
0.020625,
0.020453,
0.020222,
0.019962,
0.019681,
0.019454,
0.019259,
0.019175,
0.019119,
0.019099,
0.019100,
0.019120,
0.019104,
0.019099,
0.019058,
0.018976,
0.018879,
0.018837,
0.018761,
0.018601,
0.018389,
0.018180,
0.017888,
0.017593,
0.017275,
0.016922,
0.016517,
0.016055,
0.015598,
0.015169,
0.014870,
0.014662,
0.014562,
0.014528,
0.014487,
0.014442,
0.014427,
0.014453,
0.014437,
0.014395,
0.014298,
0.014080,
0.013725,
0.013369,
0.012999,
0.012728,
0.012504,
0.012295,
0.012185,
0.012087,
0.012081,
0.012147,
0.012287,
0.012440,
0.012548,
0.012717,
0.012854,
0.012979,
0.013121,
0.013179,
0.013126,
0.012966,
0.012826,
0.012628,
0.012445,
0.012265,
0.012047,
0.011847,
0.011679,
0.011572,
0.011498,
0.011458,
0.011475,
0.011520,
0.011552,
0.011613,
0.011669,
0.011774,
0.011927,
0.012124,
0.012328,
0.012510,
0.012731,
0.012982,
0.013285,
0.013558,
0.013910,
0.014303,
0.014730,
0.015136,
0.015488,
0.015900,
0.016440,
0.016966,
0.017525,
0.018139,
0.018668,
0.019080,
0.019524,
0.019910,
0.020153,
0.020337,
0.020520,
0.020663,
0.020706,
0.020778,
0.020876,
0.021007,
0.021147,
0.021182,
0.021125,
0.021067,
0.020971,
0.020882,
0.020800,
0.020808,
0.020825,
0.020757,
0.020660,
0.020491,
0.020283,
0.020029,
0.019798,
0.019621,
0.019443,
0.019257,
0.019158,
0.019067,
0.018959,
0.018788,
0.018612,
0.018438,
0.018312,
0.018186,
0.018094,
0.018015,
0.017881,
0.017740,
0.017512,
0.017184,
0.016910,
0.016695,
0.016575,
0.016528,
0.016541,
0.016647,
0.016784,
0.016880,
0.017055,
0.017178,
0.017299,
0.017391,
0.017398,
0.017355,
0.017356,
0.017402,
0.017470,
0.017540,
0.017715,
0.017957,
0.018252,
0.018676,
0.019128,
0.019598,
0.020133,
0.020692,
0.021246,
0.021793,
0.022223,
0.022687,
0.023283,
0.023991,
0.024669,
0.025125,
0.025579,
0.026031,
0.026464,
0.026905,
0.027296,
0.027731,
0.028195,
0.028669,
0.029110,
0.029447,
0.029772,
0.030026,
0.030262,
0.030418,
0.030618,
0.030782,
0.030970,
0.031215,
0.031428,
0.031699,
0.031874,
0.032138,
0.032445,
0.032811,
0.033250,
0.033750,
0.034299,
0.034785,
0.035259,
0.035633,
0.035906,
0.036279,
0.036729,
0.037428,
0.038149,
0.038928,
0.039782,
0.040689,
0.041696,
0.042671,
0.043520,
0.044281,
0.045067,
0.045906,
0.046788,
0.047536,
0.048220,
0.048820,
0.049301,
0.049758,
0.049837,
0.049888,
0.049932,
0.050319,
0.051125,
0.052122,
0.053281,
0.054385,
0.055576,
0.056710,
0.057996,
0.059394,
0.060558,
0.061680,
0.062946,
0.063841,
0.064689,
0.065661,
0.066715,
0.067656,
0.068697,
0.069814,
0.071265,
0.073079,
0.075112,
0.077286,
0.079738,
0.082482,
0.085274,
0.088159,
0.091263,
0.094337,
0.097056,
0.099312,
0.101324,
0.102685,
0.103500,
0.104433,
0.105577,
0.106985,
0.108660,
0.110412,
0.112078,
0.113350,
0.114504,
0.115776,
0.116901,
0.117682,
0.117990,
0.117899,
0.116741,
0.115045,
0.113335,
0.111724,
0.109720,
0.107252,
0.104778,
0.102912,
0.100843,
0.098713,
0.096701,
0.094619,
0.092557,
0.090624,
0.089022,
0.087971,
0.087279,
0.086853,
0.086506,
0.086640,
0.087170,
0.087679,
0.088213,
0.088915,
0.090035,
0.091413,
0.092902,
0.094564,
0.096539,
0.098633,
0.100867,
0.103423,
0.106367,
0.109491,
0.112523,
0.115742,
0.119608,
0.123931,
0.128684,
0.134164,
0.140111,
0.146407,
0.152602,
0.159436,
0.166862,
0.174628,
0.182981,
0.191293,
0.199381,
0.207696,
0.216346,
0.225616,
0.235395,
0.245171,
0.255857,
0.267354,
0.279178,
0.291554,
0.305057,
0.319691,
0.335232,
0.351280,
0.367972,
0.385611,
0.403273,
0.446547,
0.487638,
0.525070,
0.560317,
0.593552,
0.625642,
0.656165,
0.685723,
0.714375,
0.741569,
0.766899,
0.790660,
0.812504,
0.831875,
0.849845,
0.865633,
0.879871,
0.892418,
0.903197,
0.912929,
0.921706,
0.936441,
0.950589,
0.964353,
0.977628,
0.990480,
1.002935,
1.015132,
1.027296,
1.039751,
1.052427,
1.065043,
1.077783,
1.090886,
1.104760,
1.119543,
1.134560,
1.149926,
1.165848,
1.183094,
1.201167,
1.219675,
1.238385,
1.257411,
1.276526,
1.296516,
1.317522,
1.339258,
1.361991,
1.385644,
1.409024,
1.432772,
1.457208,
1.481929,
1.506174,
1.531051,
1.555968,
1.580426,
1.604065,
1.627993,
1.652577,
1.678214,
1.703178,
1.727867,
1.752107,
1.775618,
1.798659,
1.821022,
1.842676,
1.864125,
1.884983,
1.905131,
1.924494,
1.943411,
1.961626,
1.979238,
1.996589,
2.013908,
2.030926,
2.047241,
2.062936,
2.078655,
2.093870,
2.108547,
2.122923,
2.136971,
2.150980,
2.164832,
2.178742,
2.192704,
2.206813,
2.221145,
2.235833,
2.251137,
2.267120,
2.283850,
2.300896,
2.318553,
2.337089,
2.356742,
0.599189,
0.584158,
0.578982,
0.589876,
0.599308,
0.637704,
0.628094,
0.638846,
0.685002,
0.656520,
0.681907,
0.676555,
0.686076,
0.711419,
0.746384,
0.717394,
0.713025,
0.739805,
0.760614,
0.890201,
0.702390,
0.039850,
0.060511,
0.102798,
0.140848,
0.125749,
0.089093,
0.119998,
0.090296,
0.119440,
0.168333,
0.139828,
0.155490,
0.145484,
0.179939,
0.125344,
0.159661,
0.169578,
0.156280,
0.243673,
0.086171,
0.036198,
0.044810,
0.066419,
0.067623,
0.080544,
0.086002,
0.099391,
0.126025,
0.135255,
0.176107,
0.157690,
0.160327,
0.127438,
0.117483,
0.091960,
0.171041,
0.137914,
0.165271,
0.241000,
0.039039,
0.050691,
0.045068,
0.055213,
0.070203,
0.056146,
0.037687,
0.052909,
0.026779,
0.029203,
0.044782,
0.052193,
0.050111,
0.039876,
0.043355,
0.042988,
0.034933,
0.034006,
0.042880,
0.054351,
0.057262,
0.094650,
0.102375,
0.108742,
0.135794,
0.100916,
0.105099,
0.122834,
0.096308,
0.094808,
0.125758,
0.125705,
0.131315,
0.137887,
0.132389,
0.148268,
0.114980,
0.125126,
0.160769,
0.128599,
0.111125,
0.174021,
0.152627,
0.161090,
0.165279,
0.166739,
0.181963,
0.187342,
0.180524,
0.182195,
0.179502,
0.184131,
0.206711,
0.225887,
0.225872,
0.224064,
0.213258,
0.236939,
0.240252,
0.237506,
0.189682,
0.192985,
0.195870,
0.198637,
0.201725,
0.206138,
0.211018,
0.215768,
0.220706,
0.224942,
0.228788,
0.233623,
0.239935,
0.247844,
0.257155,
0.266046,
0.273450,
0.278804,
0.282943,
0.285162,
0.286717,
0.287901,
0.289315,
0.292400,
0.297944,
0.305379,
0.316835,
0.330650,
0.345832,
0.358571,
0.368884,
0.378209,
0.382740,
0.379299,
0.377931,
0.376520,
0.367236,
0.359959,
0.362279,
0.370409,
0.380250,
0.390753,
0.398443,
0.402709,
0.406885,
0.411991,
0.417903,
0.424005,
0.430389,
0.436936,
0.442526,
0.033019,
0.027608,
0.023678,
0.024251,
0.021742,
0.017398,
0.026001,
0.017795,
0.020448,
0.014451,
0.022444,
0.020795,
0.037880,
0.040143,
0.043741,
0.045733,
0.115372,
0.108960,
0.217368,
0.198374,
0.167992,
0.155157,
0.177805,
0.202879,
0.232365,
0.266202,
0.330483,
0.356990,
0.391688,
0.390514,
0.441661,
0.430202,
0.477797,
0.479071,
0.486154,
0.496804,
0.576017,
0.599381,
0.870145,
0.830572,
0.658151,
0.557782,
0.580841,
0.594861,
0.633784,
0.680536,
0.800152,
0.801814,
0.849406,
0.793960,
0.886144,
0.849065,
0.948683,
0.949207,
0.945292,
0.960549,
1.112829,
1.164918,
1.613665,
1.821174,
1.258063,
1.202162,
1.270163,
1.350306,
1.456180,
1.539151,
1.770133,
1.818915,
1.956639,
1.919890,
2.086911,
2.110824,
2.297054,
2.350195,
2.357237,
2.418999,
2.639842,
2.756038,
3.299798,
4.114920,
3.012852,
3.095487,
3.217425,
3.369757,
3.477476,
3.576041,
3.833799,
3.918029,
4.157578,
4.206617,
4.412053,
4.470831,
4.663180,
4.682432,
4.652251,
4.685153,
4.865946,
4.912335,
5.357935,
6.738461,
6.748391,
6.708195,
6.652761,
6.599909,
6.551892,
6.550295,
6.551791,
6.585450,
6.640218,
6.680532,
6.700170,
6.697445,
6.673787,
6.646627,
6.603411,
6.559682,
6.513053,
6.472679,
2.983590,
2.696652,
2.562274,
2.425377,
2.342494,
2.205991,
2.138416,
2.073312,
2.042943,
1.979727,
1.892774,
1.857249,
1.865993,
1.712602,
1.592627,
1.617955,
1.605307,
1.661083,
1.921622,
2.189113,
1.944178,
2.029347,
2.209575,
2.368038,
2.551278,
2.645239,
2.642241,
2.550039,
2.498202,
2.394686,
2.222570,
2.038622,
1.903862,
1.735950,
1.605009,
1.544387,
1.493707,
1.429152,
1.427284,
1.655727,
1.325975,
1.161168,
1.009884,
0.889239,
0.900404,
0.865595,
0.793053,
0.701468,
0.653550,
0.649561,
0.630992,
0.598010,
0.564332,
0.489522,
0.414942,
0.390108,
0.384703,
0.353876,
0.358550,
0.518662,
0.289331,
0.225785,
0.225416,
0.224712,
0.243159,
0.259761,
0.263800,
0.286623,
0.280762,
0.292955,
0.347671,
0.395232,
0.485458,
0.552326,
0.566983,
0.482976,
0.389114,
0.388940,
0.426979,
0.515707,
0.570837,
0.522644,
0.525287,
0.544918,
0.529800,
0.578876,
0.637372,
0.633102,
0.742502,
0.853536,
0.999575,
0.912092,
0.800066,
0.717318,
0.774490,
0.672533,
0.760817,
0.916259,
0.891387,
0.991404,
0.889723,
0.889055,
0.843727,
0.652533,
0.884361,
0.935415,
0.601799,
0.502075,
0.472909,
0.448004,
0.450931,
0.527895,
0.625223,
0.659155,
0.611500,
0.597102,
0.710421,
0.790148,
0.883428,
0.881766,
0.866981,
0.796822,
0.765621,
0.737118,
0.765997,
0.883130,
0.881256,
1.054852,
1.125781,
1.088335,
1.085204,
1.061745,
0.984051,
0.941153,
0.982968,
1.020447,
1.029268,
1.116286,
1.291487,
0.759218,
1.006699,
1.027376,
1.054467,
0.847204,
0.854763,
0.772178,
0.693596,
0.669796,
0.906003,
0.947492,
0.853256,
0.799230,
0.587139,
0.466245,
0.360515,
0.307191,
0.432127,
0.298420,
0.231407,
0.193733,
0.193647,
0.164755,
0.178160,
0.211429,
0.291217,
0.333288,
0.325487,
0.367548,
0.359570,
0.322259,
0.316321,
0.336265,
0.330889,
0.330459,
0.360465,
0.357879,
0.371151,
0.319874,
0.276682,
0.248441,
0.255675,
0.245164,
0.260110,
0.241312,
0.242138,
0.221830,
0.218562,
0.194712,
0.192638,
0.179282,
0.174584,
0.165842,
0.153621,
0.143507,
0.133403,
0.109564,
0.105398,
0.086688,
0.116716,
0.094046,
0.101286,
0.075263,
0.076372,
0.073325,
0.063076,
0.059322,
0.071835,
0.082509,
0.097914,
0.108973,
0.130515,
0.144630,
0.161029,
0.181075,
0.204173,
0.198103,
0.199881,
0.194939,
0.307979,
0.182469,
0.116413,
0.091568,
0.074589,
0.067661,
0.062897,
0.063702,
0.062041,
0.059720,
0.095806,
0.087558,
0.109843,
0.094501,
0.079771,
0.077510,
0.060347,
0.072387,
0.073768,
0.048261,
0.032724,
0.032640,
0.032691,
0.032752,
0.032740,
0.032978,
0.033402,
0.033925,
0.034348,
0.034841,
0.035503,
0.036434,
0.037405,
0.038256,
0.038935,
0.039207,
0.039034,
0.038269,
0.036871,
0.034678,
0.032130,
0.029543,
0.026972,
0.024672,
0.022698,
0.020985,
0.019280,
0.017578,
0.016003,
0.014609,
0.013326,
0.012114,
0.011010,
0.010037,
0.009288,
0.008745,
0.008409,
0.008274,
0.008227,
0.008297,
0.008456,
0.008647,
0.008867,
0.009101,
0.009361,
0.009661,
0.010013,
0.010485,
0.011079,
0.011872,
0.012866,
0.014002,
0.015241,
0.016614,
0.017984,
0.019366,
0.020781,
0.021879,
0.022803,
0.023898,
0.024860,
0.025568,
0.025963,
0.026185,
0.026251,
0.026150,
0.025841,
0.025277,
0.024589,
0.023819,
0.023041,
0.022491,
0.021877,
0.021229,
0.020419,
0.019423,
0.018758,
0.018311,
0.018120,
0.017995,
0.017982,
0.018022,
0.018085,
0.018153,
0.018064,
0.018049,
0.017928,
0.017740,
0.017487,
0.017244,
0.016989,
0.016746,
0.016517,
0.016399,
0.016164,
0.015919,
0.015767,
0.015663,
0.015725,
0.015990,
0.016259,
0.016587,
0.016992,
0.017458,
0.017923,
0.018446,
0.018943,
0.019393,
0.019685,
0.019921,
0.020018,
0.020073,
0.020077,
0.020169,
0.020351,
0.020519,
0.020518,
0.020462,
0.020292,
0.020008,
0.019646,
0.019352,
0.019125,
0.019017,
0.018843,
0.018617,
0.018385,
0.018256,
0.018099,
0.018039,
0.018329,
0.018675,
0.019245,
0.019821,
0.020469,
0.021185,
0.021969,
0.022847,
0.024022,
0.025083,
0.025951,
0.026643,
0.027107,
0.027514,
0.027584,
0.027496,
0.027193,
0.026754,
0.026230,
0.025720,
0.025213,
0.024603,
0.023869,
0.023196,
0.022530,
0.021958,
0.021493,
0.021160,
0.020948,
0.020833,
0.020846,
0.020970,
0.021256,
0.021598,
0.022001,
0.022482,
0.022876,
0.023332,
0.023889,
0.024453,
0.025055,
0.025665,
0.026310,
0.027092,
0.028116,
0.029122,
0.030136,
0.031348,
0.032802,
0.034136,
0.035534,
0.036729,
0.037879,
0.039001,
0.039816,
0.040070,
0.039906,
0.039507,
0.038795,
0.038028,
0.037374,
0.036704,
0.035843,
0.034744,
0.033561,
0.032289,
0.030725,
0.029348,
0.028207,
0.027319,
0.026611,
0.025963,
0.025192,
0.024281,
0.023423,
0.022756,
0.022193,
0.021694,
0.021115,
0.020760,
0.020376,
0.020015,
0.019572,
0.019014,
0.018337,
0.017732,
0.017263,
0.016932,
0.016841,
0.016988,
0.017426,
0.018046,
0.018625,
0.019408,
0.020736,
0.022192,
0.023595,
0.024869,
0.026108,
0.027323,
0.028311,
0.029185,
0.029812,
0.030229,
0.030266,
0.030223,
0.030323,
0.030479,
0.030692,
0.031016,
0.031711,
0.032662,
0.033744,
0.035420,
0.037250,
0.039130,
0.041108,
0.042971,
0.044154,
0.044989,
0.045825,
0.046450,
0.046632,
0.046478,
0.046039,
0.045594,
0.045113,
0.044897,
0.044568,
0.044479,
0.044616,
0.044955,
0.045291,
0.045540,
0.045879,
0.046404,
0.047080,
0.048105,
0.049431,
0.050924,
0.052634,
0.054550,
0.056651,
0.058928,
0.061717,
0.064591,
0.067654,
0.070941,
0.074713,
0.079020,
0.083697,
0.088963,
0.094482,
0.100491,
0.107308,
0.115504,
0.124507,
0.133675,
0.142373,
0.151124,
0.159660,
0.168335,
0.177029,
0.185409,
0.193720,
0.201832,
0.209734,
0.217853,
0.226447,
0.234557,
0.242792,
0.251705,
0.261432,
0.271373,
0.281481,
0.289079,
0.299813,
0.312488,
0.327385,
0.345198,
0.365984,
0.388339,
0.411369,
0.433568,
0.454892,
0.474129,
0.490814,
0.502160,
0.508870,
0.512309,
0.512933,
0.508810,
0.503293,
0.497878,
0.492642,
0.487134,
0.480309,
0.472426,
0.465081,
0.459496,
0.453695,
0.447954,
0.442156,
0.434617,
0.427593,
0.421059,
0.414252,
0.408513,
0.402998,
0.395826,
0.386701,
0.376452,
0.365674,
0.355977,
0.346777,
0.336841,
0.327794,
0.318716,
0.310524,
0.323546,
0.335458,
0.348141,
0.359489,
0.370572,
0.381263,
0.388952,
0.396036,
0.402718,
0.409044,
0.415188,
0.420973,
0.425854,
0.431179,
0.436832,
0.443284,
0.450927,
0.459207,
0.467907,
0.477273,
0.487653,
0.530537,
0.573841,
0.617827,
0.661866,
0.706004,
0.750322,
0.794088,
0.836944,
0.879130,
0.921145,
0.962666,
1.003026,
1.041690,
1.079988,
1.118814,
1.157099,
1.195774,
1.234728,
1.273086,
1.310639,
1.347168,
1.382288,
1.415268,
1.446017,
1.474310,
1.501258,
1.526021,
1.549111,
1.570701,
1.590121,
1.609729,
1.628657,
1.647132,
1.666609,
1.686324,
1.705896,
1.725274,
1.744875,
1.765667,
1.786969,
1.809346,
1.832909,
1.857543,
1.883710,
1.910791,
1.938322,
1.965980,
1.994080,
2.022946,
2.052884,
2.083581,
2.114803,
2.147201,
2.180874,
2.214763,
2.249658,
2.284792,
2.320906,
2.358196,
2.396468,
2.436283,
2.476971,
2.518776,
2.561761,
2.605561,
2.650084,
2.695362,
2.741880,
2.789138,
2.836759,
2.885265,
2.934570,
2.984675,
3.035510,
3.086970,
3.139225,
3.192343,
3.245598,
3.299196,
2.802315,
3.022160,
2.993999,
3.045980,
3.022271,
3.088028,
3.107480,
3.154922,
3.229652,
3.198879,
3.284377,
3.248277,
3.277781,
3.273284,
3.245758,
3.371845,
3.398944,
3.448377,
3.420304,
3.321537,
3.470604,
0.621067,
0.447516,
0.406556,
0.397447,
0.409061,
0.405635,
0.447644,
0.454373,
0.454875,
0.435722,
0.342839,
0.359388,
0.388580,
0.345245,
0.330980,
0.326770,
0.348185,
0.368623,
0.403079,
0.740303,
0.444034,
0.382287,
0.355263,
0.308440,
0.317369,
0.305025,
0.292575,
0.251809,
0.241299,
0.224670,
0.178769,
0.189875,
0.227018,
0.219084,
0.214729,
0.184735,
0.202169,
0.170175,
0.210674,
0.565195,
0.368924,
0.371155,
0.365994,
0.351517,
0.356496,
0.349335,
0.329269,
0.295728,
0.260903,
0.251909,
0.248078,
0.255736,
0.261124,
0.252826,
0.229708,
0.222701,
0.223296,
0.208251,
0.304843,
0.494627,
0.424373,
0.396817,
0.364519,
0.348966,
0.347056,
0.323732,
0.288890,
0.242440,
0.211852,
0.210629,
0.209698,
0.223003,
0.235856,
0.213395,
0.202603,
0.194754,
0.191081,
0.191336,
0.299063,
0.519727,
0.704261,
0.662932,
0.627175,
0.617633,
0.575030,
0.559344,
0.567441,
0.593460,
0.592089,
0.592233,
0.579872,
0.559607,
0.550361,
0.543011,
0.539487,
0.526938,
0.548514,
0.584874,
0.622304,
0.751239,
0.760044,
0.770345,
0.781188,
0.792828,
0.805452,
0.818749,
0.832281,
0.845829,
0.858620,
0.871595,
0.884570,
0.897157,
0.910122,
0.923417,
0.936812,
0.950149,
0.963700,
0.976967,
0.989503,
1.002038,
1.014452,
1.026410,
1.037651,
1.048929,
1.060107,
1.071213,
1.083499,
1.096800,
1.111233,
1.127047,
1.143830,
1.160579,
1.177421,
1.194020,
1.209590,
1.221523,
1.231098,
1.240528,
1.250067,
1.259381,
1.268861,
1.279880,
1.294935,
1.312485,
1.333943,
1.356981,
1.381064,
1.406944,
1.433770,
1.461838,
0.905912,
1.067084,
0.984213,
1.006429,
0.874684,
0.906956,
0.782465,
0.798180,
0.634652,
0.724132,
0.701414,
0.602628,
0.576524,
0.489835,
0.485170,
0.437854,
0.399228,
0.445373,
0.359204,
0.291745,
0.246255,
0.258319,
0.244409,
0.244890,
0.245757,
0.223358,
0.186738,
0.179922,
0.158051,
0.168625,
0.147785,
0.122023,
0.125646,
0.117190,
0.113902,
0.118392,
0.100617,
0.116244,
0.083540,
0.052450,
0.042637,
0.052369,
0.049659,
0.055779,
0.052110,
0.055808,
0.035776,
0.036851,
0.031562,
0.035937,
0.032783,
0.032499,
0.036480,
0.041005,
0.043858,
0.048876,
0.044857,
0.051905,
0.044285,
0.063262,
0.048312,
0.056224,
0.049916,
0.054748,
0.049888,
0.048000,
0.042795,
0.045448,
0.045417,
0.050401,
0.050568,
0.055024,
0.054140,
0.058100,
0.059988,
0.068996,
0.064590,
0.065569,
0.067106,
0.151279,
0.075459,
0.075716,
0.075199,
0.099150,
0.101291,
0.116767,
0.125482,
0.137343,
0.150505,
0.185599,
0.207473,
0.246762,
0.251940,
0.250125,
0.253210,
0.263510,
0.263442,
0.254068,
0.221526,
0.206646,
0.201312,
0.209236,
0.224077,
0.250342,
0.272098,
0.287985,
0.292193,
0.297861,
0.300443,
0.300175,
0.288435,
0.270841,
0.249940,
0.224304,
0.198535,
0.180226,
0.168089,
0.161239,
0.158247,
0.180523,
0.195791,
0.209378,
0.225566,
0.234392,
0.243145,
0.244796,
0.243528,
0.247480,
0.254144,
0.258896,
0.263381,
0.261046,
0.257533,
0.257947,
0.265540,
0.281230,
0.295732,
0.298706,
0.273559,
0.237510,
0.201018,
0.170167,
0.146547,
0.124606,
0.104119,
0.085928,
0.070494,
0.057385,
0.046661,
0.038621,
0.033086,
0.029469,
0.027327,
0.026086,
0.025276,
0.024321,
0.022527,
0.020548,
0.018093,
0.015959,
0.013666,
0.011561,
0.010215,
0.009500,
0.009619,
0.010400,
0.011121,
0.012145,
0.013087,
0.014138,
0.015230,
0.016478,
0.017663,
0.017883,
0.018240,
0.017178,
0.015761,
0.013128,
0.017765,
0.020531,
0.020088,
0.020082,
0.020551,
0.020394,
0.020022,
0.019504,
0.018096,
0.017408,
0.016771,
0.016346,
0.016383,
0.016852,
0.017437,
0.015895,
0.016790,
0.015132,
0.013850,
0.009156,
0.025762,
0.036298,
0.040050,
0.041667,
0.044739,
0.045067,
0.046219,
0.046534,
0.044471,
0.043664,
0.043712,
0.043644,
0.044115,
0.043711,
0.043551,
0.039057,
0.038858,
0.033129,
0.029568,
0.024341,
0.032449,
0.046215,
0.067889,
0.097051,
0.132025,
0.168605,
0.211713,
0.257813,
0.306569,
0.358710,
0.419965,
0.482701,
0.551447,
0.617311,
0.691361,
0.767538,
0.855993,
0.952669,
1.055339,
1.162931,
1.269960,
1.390182,
1.522859,
1.658013,
1.783619,
1.902947,
2.020099,
2.127211,
2.227552,
2.328550,
2.437426,
2.559735,
2.695978,
2.837549,
2.993866,
3.168752,
3.351586,
3.519425,
3.681972,
3.820250,
3.988937,
4.121314,
4.208137,
4.261216,
4.275175,
4.264197,
4.210349,
4.114665,
4.008644,
3.898521,
3.776410,
3.660485,
3.541989,
3.415561,
3.280525,
3.120895,
2.903787,
2.624650,
2.292102,
1.879113,
1.392808,
0.932917,
0.567662,
0.318066,
0.168907,
0.091328,
0.050026,
0.027149,
0.015046,
0.009461,
0.006824,
0.005822,
0.005622,
0.005751,
0.006496,
0.007290,
0.008567,
0.009613,
0.012449,
0.011498,
0.013070,
0.015580,
0.016662,
0.017909,
0.018421,
0.019036,
0.020503,
0.020102,
0.020325,
0.020427,
0.019984,
0.019541,
0.019289,
0.018896,
0.018336,
0.018222,
0.018042,
0.018337,
0.019593,
0.018325,
0.020152,
0.022187,
0.021325,
0.020626,
0.019281,
0.019369,
0.021558,
0.020177,
0.020560,
0.021224,
0.020741,
0.021028,
0.021243,
0.021614,
0.020736,
0.021377,
0.020705,
0.021682,
0.024283,
0.026849,
0.033345,
0.041469,
0.043164,
0.045197,
0.044774,
0.047846,
0.054905,
0.053841,
0.054613,
0.055642,
0.052423,
0.052089,
0.049988,
0.047658,
0.043469,
0.042411,
0.037681,
0.037446,
0.040422,
0.041980,
0.043878,
0.046332,
0.048722,
0.050283,
0.051057,
0.050822,
0.049701,
0.048455,
0.046772,
0.045141,
0.043169,
0.041229,
0.039760,
0.037838,
0.036301,
0.034530,
0.032859,
0.030767,
0.027632,
0.024124,
0.020162,
0.015926,
0.011524,
0.007594,
0.004996,
0.003706,
0.003845,
0.005379,
0.007822,
0.010907,
0.013678,
0.016340,
0.018645,
0.020752,
0.023266,
0.025936,
0.028577,
0.031093,
0.033871,
0.036398,
0.038350,
0.039936,
0.040652,
0.040173,
0.038393,
0.034975,
0.030696,
0.025727,
0.021068,
0.017042,
0.013657,
0.010912,
0.008970,
0.007811,
0.007409,
0.007621,
0.008327,
0.009372,
0.010650,
0.011996,
0.013209,
0.014339,
0.015518,
0.016606,
0.017601,
0.018738,
0.019895,
0.020871,
0.021563,
0.021803,
0.021782,
0.021771,
0.021637,
0.021455,
0.021160,
0.020979,
0.020683,
0.020371,
0.020127,
0.020012,
0.019901,
0.019975,
0.020073,
0.020240,
0.020487,
0.020642,
0.020693,
0.020754,
0.020838,
0.020814,
0.020634,
0.020360,
0.020033,
0.019803,
0.019515,
0.019205,
0.018906,
0.018628,
0.018308,
0.018169,
0.018017,
0.017890,
0.017856,
0.017928,
0.018062,
0.018354,
0.018812,
0.019358,
0.019975,
0.020640,
0.021335,
0.022043,
0.022648,
0.023218,
0.023672,
0.024009,
0.024364,
0.024503,
0.024403,
0.024098,
0.023653,
0.023124,
0.022705,
0.022403,
0.022178,
0.021984,
0.021742,
0.021636,
0.021489,
0.021547,
0.021555,
0.021461,
0.021259,
0.021173,
0.021062,
0.020913,
0.020747,
0.020526,
0.020296,
0.020220,
0.020141,
0.020321,
0.020599,
0.021005,
0.021502,
0.022086,
0.022663,
0.023101,
0.023468,
0.023677,
0.023367,
0.022901,
0.022240,
0.021325,
0.020319,
0.019412,
0.018579,
0.017782,
0.017046,
0.016235,
0.015430,
0.014689,
0.014027,
0.013479,
0.013075,
0.012788,
0.012594,
0.012458,
0.012369,
0.012349,
0.012440,
0.012624,
0.012830,
0.013080,
0.013414,
0.013757,
0.014197,
0.014718,
0.015264,
0.015873,
0.016537,
0.017369,
0.018280,
0.019330,
0.020518,
0.021665,
0.022778,
0.023879,
0.024984,
0.026074,
0.026985,
0.027527,
0.027911,
0.028126,
0.028200,
0.028231,
0.028032,
0.027491,
0.026814,
0.026110,
0.025492,
0.024918,
0.024411,
0.023885,
0.023423,
0.022963,
0.022561,
0.022272,
0.022016,
0.021878,
0.021817,
0.021809,
0.021775,
0.021611,
0.021354,
0.021140,
0.020898,
0.020600,
0.020263,
0.019890,
0.019536,
0.019177,
0.018873,
0.018552,
0.018219,
0.017833,
0.017473,
0.017259,
0.017180,
0.017229,
0.017386,
0.017482,
0.017507,
0.017485,
0.017439,
0.017296,
0.017166,
0.017112,
0.017200,
0.017322,
0.017537,
0.017799,
0.018044,
0.018227,
0.018278,
0.018181,
0.018235,
0.018228,
0.018048,
0.017777,
0.017508,
0.017215,
0.017029,
0.017025,
0.017049,
0.017083,
0.017347,
0.017674,
0.018168,
0.018660,
0.019219,
0.019873,
0.020505,
0.021185,
0.021828,
0.022529,
0.023416,
0.024160,
0.024920,
0.025679,
0.026380,
0.026892,
0.027382,
0.027807,
0.028128,
0.028463,
0.028787,
0.028963,
0.029068,
0.029173,
0.029346,
0.029509,
0.029606,
0.029641,
0.029709,
0.029850,
0.029964,
0.030119,
0.030280,
0.030452,
0.030783,
0.031107,
0.031471,
0.032086,
0.032767,
0.033404,
0.034095,
0.034662,
0.035166,
0.035706,
0.036238,
0.036848,
0.037549,
0.038385,
0.039292,
0.040285,
0.041193,
0.042033,
0.042827,
0.043586,
0.044277,
0.045139,
0.045964,
0.046761,
0.047521,
0.048010,
0.048185,
0.048088,
0.047783,
0.047197,
0.046245,
0.045026,
0.043935,
0.043200,
0.042835,
0.042613,
0.042224,
0.042018,
0.041959,
0.042007,
0.041936,
0.042096,
0.042146,
0.042010,
0.041773,
0.041245,
0.040642,
0.040032,
0.039728,
0.039779,
0.039973,
0.040415,
0.040847,
0.041275,
0.041903,
0.042823,
0.043772,
0.044951,
0.046775,
0.048628,
0.050314,
0.052027,
0.053493,
0.054602,
0.055678,
0.057065,
0.058241,
0.059207,
0.060224,
0.061351,
0.063008,
0.064892,
0.067113,
0.069224,
0.071484,
0.073989,
0.075967,
0.077809,
0.079456,
0.080876,
0.082193,
0.083008,
0.083830,
0.084194,
0.083501,
0.082528,
0.081366,
0.079861,
0.077855,
0.075792,
0.073652,
0.071633,
0.069861,
0.068448,
0.067379,
0.066833,
0.066651,
0.066823,
0.067249,
0.067647,
0.068169,
0.068849,
0.069782,
0.071001,
0.072614,
0.074455,
0.076602,
0.079073,
0.081766,
0.084714,
0.088250,
0.092486,
0.096983,
0.101367,
0.106284,
0.112203,
0.118551,
0.125680,
0.133732,
0.142491,
0.151881,
0.161763,
0.172255,
0.183712,
0.196699,
0.210732,
0.225924,
0.241421,
0.256405,
0.270873,
0.286167,
0.302913,
0.321530,
0.339955,
0.357949,
0.373734,
0.388927,
0.404172,
0.419724,
0.436046,
0.452679,
0.472166,
0.494663,
0.516969,
0.539764,
0.563653,
0.578866,
0.593137,
0.605357,
0.616102,
0.625709,
0.634231,
0.642654,
0.650524,
0.657912,
0.662777,
0.664509,
0.662894,
0.660430,
0.656407,
0.651380,
0.644542,
0.633557,
0.619968,
0.603965,
0.586893,
0.569337,
0.556421,
0.542452,
0.526754,
0.511795,
0.497952,
0.485384,
0.474295,
0.464230,
0.455554,
0.448039,
0.442021,
0.437739,
0.434639,
0.433112,
0.433229,
0.434443,
0.437106,
0.441587,
0.448254,
0.456990,
0.467907,
0.480562,
0.494983,
0.511374,
0.529899,
0.550804,
0.574010,
0.599495,
0.627396,
0.657806,
0.691037,
0.726397,
0.763397,
0.801497,
0.841431,
0.881580,
0.923076,
0.965644,
1.009376,
1.054712,
1.102432,
1.151304,
1.201297,
1.251658,
1.301422,
1.351662,
1.402493,
1.453389,
1.504546,
1.555737,
1.606501,
1.656837,
1.706811,
1.756753,
1.807011,
1.855982,
1.904300,
1.951577,
1.997639,
2.042710,
2.085857,
2.126299,
2.164355,
2.200966,
2.236880,
2.272104,
2.305860,
2.337526,
2.367462,
2.395180,
2.420116,
2.443104,
2.463542,
2.481936,
2.499082,
2.516193,
2.532754,
2.549305,
2.567456,
1.325705,
1.178180,
1.201023,
1.241707,
1.299846,
1.281163,
1.411803,
1.439161,
1.384731,
1.516008,
1.572641,
1.542134,
1.626004,
1.664334,
1.730069,
1.847227,
1.790191,
1.653897,
1.465663,
1.926925,
1.294824,
0.581648,
0.654360,
0.563729,
0.589569,
0.527885,
0.690869,
0.714141,
0.576949,
0.486055,
0.508989,
0.333136,
0.394639,
0.345700,
0.346287,
0.339940,
0.318622,
0.264022,
0.298009,
0.137031,
0.268423,
0.214936,
0.187657,
0.227947,
0.254123,
0.262762,
0.312539,
0.355504,
0.308524,
0.282052,
0.295393,
0.210110,
0.307448,
0.280957,
0.270137,
0.303302,
0.283944,
0.161234,
0.146872,
0.040308,
0.169107,
0.175210,
0.053033,
0.066286,
0.053770,
0.064211,
0.090999,
0.081497,
0.086381,
0.102762,
0.083563,
0.045946,
0.092557,
0.047588,
0.050302,
0.108893,
0.203681,
0.076747,
0.068292,
0.063723,
0.221396,
0.119325,
0.097928,
0.086623,
0.083413,
0.100975,
0.236578,
0.292268,
0.370228,
0.611912,
0.649210,
0.533210,
0.742455,
0.576813,
0.504450,
0.556715,
0.450587,
0.250343,
0.154802,
0.473947,
0.487394,
0.541669,
0.510235,
0.506554,
0.501445,
0.486481,
0.487368,
0.478146,
0.466854,
0.483890,
0.508904,
0.538163,
0.549133,
0.547247,
0.526654,
0.498254,
0.455512,
0.444610,
0.415927,
0.374876,
0.323425,
0.313399,
0.304645,
0.297805,
0.292255,
0.288180,
0.284908,
0.282449,
0.282167,
0.281783,
0.282958,
0.284863,
0.287949,
0.291280,
0.294240,
0.297328,
0.300285,
0.302990,
0.305278,
0.306222,
0.304593,
0.302816,
0.300268,
0.297248,
0.306846,
0.327755,
0.351832,
0.376660,
0.401329,
0.427914,
0.454590,
0.478144,
0.497423,
0.514017,
0.525562,
0.534636,
0.545963,
0.559419,
0.575127,
0.592553,
0.609509,
0.622766,
0.637651,
0.652089,
0.665480,
0.668992,
0.658314,
0.642094,
0.624405,
0.601749,
0.579220,
0.182181,
0.144034,
0.109451,
0.077618,
0.054059,
0.032491,
0.029824,
0.013576,
0.015855,
0.008473,
0.021454,
0.021784,
0.042821,
0.043458,
0.043924,
0.046916,
0.118976,
0.109271,
0.205075,
0.173246,
0.144381,
0.119094,
0.141512,
0.160743,
0.183755,
0.210586,
0.263007,
0.286826,
0.318267,
0.333149,
0.387913,
0.390054,
0.441075,
0.447231,
0.456100,
0.472427,
0.547470,
0.576307,
0.832924,
0.818290,
0.693432,
0.596638,
0.635466,
0.651785,
0.706153,
0.780719,
0.914370,
0.948438,
1.010504,
0.994994,
1.092565,
1.091898,
1.204915,
1.235616,
1.279039,
1.345573,
1.515403,
1.612270,
2.058826,
2.304972,
1.886804,
1.860797,
1.969344,
2.076528,
2.233568,
2.406024,
2.719363,
2.885567,
3.130209,
3.224488,
3.478420,
3.569980,
3.805565,
3.884593,
3.877252,
3.844795,
3.879638,
3.803380,
4.073820,
4.570043,
3.446911,
3.322945,
3.323673,
3.315105,
3.285490,
3.241788,
3.382301,
3.380805,
3.582173,
3.644813,
3.836959,
3.885965,
4.068312,
4.085481,
4.064530,
4.098718,
4.261533,
4.259069,
4.554324,
5.652069,
5.612462,
5.588556,
5.569441,
5.536611,
5.488563,
5.480380,
5.529118,
5.565656,
5.593948,
5.655498,
5.764853,
5.889069,
6.008241,
6.095020,
6.150544,
6.185983,
6.211589,
6.231316,
3.317864,
3.150769,
3.113586,
3.054982,
3.016771,
2.907217,
2.810902,
2.696073,
2.579318,
2.393550,
2.138698,
1.943573,
1.855394,
1.670968,
1.520973,
1.469750,
1.356499,
1.252370,
1.224309,
1.267827,
0.823227,
0.660522,
0.554322,
0.436576,
0.381050,
0.320251,
0.266448,
0.217455,
0.195316,
0.195484,
0.175763,
0.166642,
0.184268,
0.154889,
0.129890,
0.148572,
0.161593,
0.155791,
0.222154,
0.469587,
0.274624,
0.229743,
0.232639,
0.218124,
0.232141,
0.226159,
0.211407,
0.193956,
0.189712,
0.213795,
0.234573,
0.281469,
0.351465,
0.394263,
0.436592,
0.504064,
0.539579,
0.544658,
0.556994,
0.673067,
0.475267,
0.425507,
0.396060,
0.391398,
0.430563,
0.514839,
0.577347,
0.609168,
0.641864,
0.674551,
0.685274,
0.667394,
0.633204,
0.574488,
0.521318,
0.489995,
0.468610,
0.464619,
0.497163,
0.587475,
0.585769,
0.525891,
0.499565,
0.517186,
0.526352,
0.549068,
0.541792,
0.547240,
0.552116,
0.550829,
0.544785,
0.526381,
0.508547,
0.496041,
0.476235,
0.467267,
0.470263,
0.488078,
0.501725,
0.624582,
0.631984,
0.640955,
0.647308,
0.650826,
0.649903,
0.646869,
0.642524,
0.639018,
0.642944,
0.650321,
0.657590,
0.659631,
0.650696,
0.648106,
0.656876,
0.671713,
0.680639,
0.690079,
0.698287,
0.701536,
0.701869,
0.704969,
0.719548,
0.737700,
0.756422,
0.777871,
0.801246,
0.825831,
0.857576,
0.899729,
0.950063,
0.994410,
1.029098,
1.079573,
1.125081,
1.164640,
1.191006,
1.193348,
1.181039,
0.593425,
0.746511,
0.664430,
0.698934,
0.589777,
0.653635,
0.566763,
0.627814,
0.515907,
0.662943,
0.696610,
0.642921,
0.656782,
0.611028,
0.644968,
0.634005,
0.624264,
0.685236,
0.587727,
0.472441,
0.375292,
0.332594,
0.274561,
0.236715,
0.210776,
0.176297,
0.142178,
0.144334,
0.138835,
0.170686,
0.172907,
0.170302,
0.192681,
0.195611,
0.199875,
0.205675,
0.186835,
0.190809,
0.139154,
0.099110,
0.072479,
0.071963,
0.058169,
0.064547,
0.062293,
0.068384,
0.062075,
0.073234,
0.076514,
0.088144,
0.096705,
0.107604,
0.117404,
0.119872,
0.118901,
0.116050,
0.103290,
0.102159,
0.087406,
0.125978,
0.101576,
0.111646,
0.097594,
0.106375,
0.108196,
0.109462,
0.120984,
0.140230,
0.156983,
0.169215,
0.170128,
0.179372,
0.184097,
0.198304,
0.208307,
0.223541,
0.209355,
0.204335,
0.191770,
0.297376,
0.183649,
0.146046,
0.143402,
0.146642,
0.151965,
0.159213,
0.168021,
0.180129,
0.187115,
0.223117,
0.223220,
0.248231,
0.236283,
0.233879,
0.242169,
0.249381,
0.269827,
0.273200,
0.248100,
0.234005,
0.234605,
0.222736,
0.209950,
0.202424,
0.193050,
0.180580,
0.162609,
0.138538,
0.112599,
0.087674,
0.068131,
0.053100,
0.043067,
0.036756,
0.030511,
0.024143,
0.019813,
0.019319,
0.022853,
0.028365,
0.032351,
0.034407,
0.037406,
0.043482,
0.050704,
0.057350,
0.062104,
0.065223,
0.069056,
0.073326,
0.074206,
0.071015,
0.065643,
0.060669,
0.055808,
0.048870,
0.040206,
0.032918,
0.027140,
0.022776,
0.018501,
0.013955,
0.012102,
0.012086,
0.013879,
0.016761,
0.019848,
0.021260,
0.019493,
0.014909,
0.012008,
0.010393,
0.008922,
0.008478,
0.008743,
0.009173,
0.009446,
0.009752,
0.010632,
0.011125,
0.011578,
0.012832,
0.015307,
0.017899,
0.020267,
0.022516,
0.026361,
0.029971,
0.033479,
0.037131,
0.039862,
0.040797,
0.041351,
0.042118,
0.044335,
0.048528,
0.054056,
0.059042,
0.063294,
0.067612,
0.074018,
0.081622,
0.088029,
0.093231,
0.098291,
0.100707,
0.098144,
0.094935,
0.093283,
0.092882,
0.092731,
0.090923,
0.088516,
0.088229,
0.091214,
0.094790,
0.097913,
0.100175,
0.102893,
0.103831,
0.103746,
0.101460,
0.098601,
0.096749,
0.092059,
0.086336,
0.077732,
0.069070,
0.061816,
0.056174,
0.051003,
0.046864,
0.043703,
0.042040,
0.040550,
0.038819,
0.036589,
0.035301,
0.034800,
0.036618,
0.043329,
0.054074,
0.066413,
0.073022,
0.072419,
0.068910,
0.063453,
0.057701,
0.051887,
0.045909,
0.040243,
0.036438,
0.033820,
0.031100,
0.028176,
0.024863,
0.022113,
0.019528,
0.016212,
0.013024,
0.010466,
0.008179,
0.006568,
0.005622,
0.005015,
0.004792,
0.004860,
0.005212,
0.005864,
0.006621,
0.007487,
0.008216,
0.008792,
0.008966,
0.009110,
0.009086,
0.008923,
0.008762,
0.008514,
0.008504,
0.008311,
0.007924,
0.007629,
0.007476,
0.007273,
0.007130,
0.006977,
0.006888,
0.006598,
0.006344,
0.006172,
0.006191,
0.007019,
0.008714,
0.010844,
0.012117,
0.013606,
0.015018,
0.015397,
0.014567,
0.013048,
0.011315,
0.008156,
0.005371,
0.004080,
0.004041,
0.004594,
0.005440,
0.006084,
0.006563,
0.006605,
0.006614,
0.006758,
0.006685,
0.006128,
0.005776,
0.005715,
0.005999,
0.006636,
0.007423,
0.008467,
0.009995,
0.011613,
0.013061,
0.014409,
0.015094,
0.015628,
0.016002,
0.016041,
0.016463,
0.016871,
0.016772,
0.016466,
0.016020,
0.015582,
0.015184,
0.014981,
0.015321,
0.016604,
0.019454,
0.023522,
0.028276,
0.033449,
0.038000,
0.041685,
0.043538,
0.042695,
0.039685,
0.036175,
0.034389,
0.033368,
0.031008,
0.028458,
0.025282,
0.022769,
0.021796,
0.022346,
0.024462,
0.029064,
0.034531,
0.039938,
0.044675,
0.048866,
0.053280,
0.056084,
0.056849,
0.055328,
0.052818,
0.050346,
0.049064,
0.049618,
0.051225,
0.053351,
0.055368,
0.057297,
0.059085,
0.060193,
0.061237,
0.061733,
0.061904,
0.062665,
0.063431,
0.064512,
0.066940,
0.070467,
0.074860,
0.080166,
0.085010,
0.087693,
0.087760,
0.084933,
0.079701,
0.072250,
0.065389,
0.060441,
0.058228,
0.058059,
0.059880,
0.063674,
0.067915,
0.073266,
0.077800,
0.081376,
0.082788,
0.081630,
0.077842,
0.072921,
0.067831,
0.061619,
0.057532,
0.055499,
0.054898,
0.054897,
0.055551,
0.056695,
0.058086,
0.059269,
0.060190,
0.060775,
0.061317,
0.061449,
0.061373,
0.060526,
0.059679,
0.056313,
0.051263,
0.045923,
0.040472,
0.035902,
0.032219,
0.029837,
0.028782,
0.029049,
0.029008,
0.027870,
0.025773,
0.023340,
0.020858,
0.018364,
0.015656,
0.013297,
0.011723,
0.010960,
0.010760,
0.010827,
0.011022,
0.011302,
0.011703,
0.012029,
0.012380,
0.012788,
0.013095,
0.013591,
0.014037,
0.014628,
0.015359,
0.016506,
0.018076,
0.019984,
0.022525,
0.026215,
0.029709,
0.033665,
0.038978,
0.045277,
0.054974,
0.066303,
0.080060,
0.095291,
0.111258,
0.127090,
0.141812,
0.152225,
0.155271,
0.152992,
0.146009,
0.136316,
0.127511,
0.116287,
0.106587,
0.099435,
0.095355,
0.093855,
0.094842,
0.098616,
0.105493,
0.115940,
0.129768,
0.148050,
0.171519,
0.198711,
0.226213,
0.244306,
0.261033,
0.273597,
0.285985,
0.297577,
0.308043,
0.319041,
0.331086,
0.347700,
0.369070,
0.392341,
0.420499,
0.449729,
0.485792,
0.523849,
0.562923,
0.602408,
0.645391,
0.681642,
0.718059,
0.754893,
0.812522,
0.866509,
0.920067,
0.977709,
1.030314,
1.081841,
1.131788,
1.178387,
1.222700,
1.251770,
1.272941,
1.292829,
1.309628,
1.329577,
1.348702,
1.369600,
1.397508,
1.428195,
1.456466,
1.483648,
1.512926,
1.544012,
1.573584,
1.597878,
1.621202,
1.644491,
1.665892,
1.681918,
1.694713,
1.704654,
1.710765,
1.713500,
1.713006,
1.711552,
1.711204,
1.713267,
1.716486,
1.722829,
1.730084,
1.738431,
1.749851,
1.764825,
1.782819,
1.803947,
1.829579,
1.860818,
1.898306,
1.940977,
1.987446,
2.039472,
2.096626,
2.154996,
2.215278,
2.276586,
2.337343,
2.399219,
2.462032,
2.527020,
2.591670,
2.655504,
2.716683,
2.779292,
2.847355,
2.928355,
3.015171,
3.102343,
3.196000,
3.295653,
3.400662,
3.515852,
3.630833,
3.749181,
3.873159,
4.002686,
4.131093,
4.258368,
4.382410,
4.501017,
4.614142,
4.278297,
4.022731,
4.184502,
4.277117,
4.330518,
4.399414,
4.470795,
4.772963,
4.942073,
5.078135,
5.080560,
5.029366,
5.048364,
5.015624,
5.046959,
5.105914,
5.075406,
4.797893,
4.369298,
4.150357,
4.616235,
2.384520,
2.340094,
2.250293,
2.188982,
2.194179,
2.027246,
2.191094,
1.891029,
1.708597,
1.728319,
1.580856,
1.696207,
1.603863,
1.767011,
1.551451,
1.461413,
1.176962,
0.806396,
0.576284,
1.201091,
0.959385,
0.983866,
0.962978,
0.926563,
0.924172,
0.727483,
0.763281,
0.637243,
0.526748,
0.527337,
0.433524,
0.467910,
0.435328,
0.468957,
0.374265,
0.323093,
0.196634,
0.105723,
0.084909,
0.580736,
0.214916,
0.195842,
0.229114,
0.232232,
0.343314,
0.140927,
0.237015,
0.248756,
0.283019,
0.267191,
0.230250,
0.270902,
0.231273,
0.276586,
0.254034,
0.242066,
0.321997,
0.394651,
0.562798,
0.620753,
0.258409,
0.280324,
0.314055,
0.329847,
0.433571,
0.329266,
0.446068,
0.475294,
0.453443,
0.486354,
0.536369,
0.556853,
0.561556,
0.644081,
0.588759,
0.475907,
0.424911,
0.489229,
0.711560,
0.880739,
1.079930,
0.714032,
0.780817,
0.671697,
0.724586,
0.734895,
0.735716,
0.537100,
0.579689,
0.537710,
0.507465,
0.563077,
0.552686,
0.596243,
0.575641,
0.617461,
0.770341,
0.757380,
0.808130,
1.202251,
1.186354,
1.174251,
1.170778,
1.171609,
1.188696,
1.241734,
1.301948,
1.320519,
1.334534,
1.364089,
1.408387,
1.451088,
1.478568,
1.507143,
1.536792,
1.561263,
1.591381,
1.654441,
1.775293,
1.851877,
1.847554,
1.825287,
1.821991,
1.835895,
1.863137,
1.895072,
1.840314,
1.680840,
1.582662,
1.515501,
1.463200,
1.421699,
1.393072,
1.397601,
1.431355,
1.473282,
1.468674,
1.457036,
1.446093,
1.384103,
1.252878,
1.206533,
1.192403,
1.167247,
1.124457,
1.070407,
1.027322,
1.025024,
1.045520,
1.074039,
0.935869,
0.902495,
0.882595,
0.795592,
0.632135,
0.581481,
0.570364,
0.547587,
0.518843,
0.485787,
0.459977,
0.457744,
0.442683,
0.419643,
0.403766,
0.409833,
0.417862,
0.430988,
0.462287,
0.534945,
0.596220,
0.630776,
0.635277,
0.651709,
0.671544,
0.659384,
0.617764,
0.613817,
0.651037,
0.737428,
0.802906,
0.868356,
0.854747,
0.841635,
0.800455,
0.824564,
0.838846,
0.877051,
0.909791,
0.935774,
1.044974,
1.086665,
1.014039,
0.948256,
0.920801,
0.918497,
0.929807,
0.965965,
0.963582,
0.969478,
0.918604,
0.774360,
0.633089,
0.627038,
0.587107,
0.568373,
0.510053,
0.450026,
0.345815,
0.218930,
0.316776,
0.387557,
0.382906,
0.392839,
0.441567,
0.491175,
0.513422,
0.579133,
0.564009,
0.553362,
0.497558,
0.491164,
0.420001,
0.476861,
0.459667,
0.450494,
0.432060,
0.388421,
0.294648,
0.188124,
0.532253,
0.598975,
0.596324,
0.515190,
0.502845,
0.438704,
0.478637,
0.467971,
0.494792,
0.480451,
0.509637,
0.517740,
0.564769,
0.628964,
0.604340,
0.585592,
0.621196,
0.612681,
0.607343,
0.283279,
0.294122,
0.258408,
0.183193,
0.136886,
0.154862,
0.205735,
0.249485,
0.309504,
0.426807,
0.519567,
0.575204,
0.651038,
0.732829,
0.831484,
0.915409,
0.983759,
1.055745,
1.150643,
1.362709,
1.482661,
1.446610,
1.485210,
1.575523,
1.633819,
1.644778,
1.674159,
1.722993,
1.833298,
1.987774,
2.003476,
1.815063,
1.433109,
1.173796,
1.001429,
0.810223,
0.630543,
0.471993,
0.297250,
0.194125,
0.146319,
0.132427,
0.162199,
0.191187,
0.168199,
0.145526,
0.114145,
0.104349,
0.102401,
0.106915,
0.083968,
0.045122,
0.041588,
0.039777,
0.046214,
0.058298,
0.080700,
0.113321,
0.125838,
0.140521,
0.149869,
0.156380,
0.177139,
0.193942,
0.212087,
0.235216,
0.261073,
0.297569,
0.313756,
0.316999,
0.341749,
0.375974,
0.416907,
0.457860,
0.489966,
0.511657,
0.510658,
0.519278,
0.520841,
0.503799,
0.501840,
0.501494,
0.501822,
0.506626,
0.523813,
0.569898,
0.616946,
0.655882,
0.688796,
0.737712,
0.782695,
0.797413,
0.803903,
0.829064,
0.829246,
0.800136,
0.788320,
0.804167,
0.842885,
0.886545,
0.916909,
0.938270,
0.936614,
0.940948,
0.973800,
1.038142,
1.073685,
1.127890,
1.193650,
1.266459,
1.312913,
1.328406,
1.361695,
1.384432,
1.407304,
1.448909,
1.458783,
1.416459,
1.348959,
1.289751,
1.235220,
1.224340,
1.230251,
1.180533,
1.090861,
0.976062,
0.907624,
0.822379,
0.674794,
0.513836,
0.420035,
0.392990,
0.412784,
0.498896,
0.615781,
0.753736,
0.889272,
0.998097,
1.070953,
1.083358,
1.082071,
1.020116,
0.929873,
0.807980,
0.654556,
0.493783,
0.364564,
0.264294,
0.178667,
0.123410,
0.087203,
0.065037,
0.050566,
0.040008,
0.037999,
0.043986,
0.058460,
0.080456,
0.109626,
0.179451,
0.265427,
0.340524,
0.395242,
0.439124,
0.517449,
0.709854,
0.812098,
0.647506,
0.429831,
0.416573,
0.417198,
0.430989,
0.483921,
0.524359,
0.544345,
0.533911,
0.484663,
0.406601,
0.304631,
0.251689,
0.227283,
0.220870,
0.198029,
0.174637,
0.167049,
0.174758,
0.166909,
0.152417,
0.148095,
0.185043,
0.229257,
0.238730,
0.199083,
0.182508,
0.181920,
0.176177,
0.176048,
0.182063,
0.187675,
0.192928,
0.189020,
0.179935,
0.167598,
0.173682,
0.190447,
0.217191,
0.244213,
0.262210,
0.267887,
0.274076,
0.280770,
0.294937,
0.312338,
0.319010,
0.331466,
0.338382,
0.352208,
0.369940,
0.371152,
0.363637,
0.361442,
0.371822,
0.388603,
0.404797,
0.425635,
0.442395,
0.447707,
0.446998,
0.444979,
0.451192,
0.465703,
0.474371,
0.480998,
0.465915,
0.448087,
0.434229,
0.414400,
0.396312,
0.362870,
0.328374,
0.306823,
0.298452,
0.308949,
0.332006,
0.350627,
0.363451,
0.356952,
0.345894,
0.338387,
0.334298,
0.331128,
0.325720,
0.320814,
0.316995,
0.330710,
0.353159,
0.387960,
0.396278,
0.368897,
0.343941,
0.348376,
0.358709,
0.362976,
0.356657,
0.346478,
0.340446,
0.331840,
0.309079,
0.281155,
0.256234,
0.219890,
0.182758,
0.153111,
0.129439,
0.110432,
0.093446,
0.073835,
0.052981,
0.039069,
0.032235,
0.028722,
0.028268,
0.030730,
0.033605,
0.036909,
0.042142,
0.047085,
0.051516,
0.056532,
0.059623,
0.060000,
0.059466,
0.060846,
0.060543,
0.056275,
0.051099,
0.048410,
0.046769,
0.044878,
0.043877,
0.043828,
0.041863,
0.035205,
0.023736,
0.018060,
0.016193,
0.016402,
0.020718,
0.028310,
0.038546,
0.043093,
0.034295,
0.024985,
0.017451,
0.011869,
0.012123,
0.014228,
0.016312,
0.017904,
0.018490,
0.017365,
0.015642,
0.015639,
0.018023,
0.020054,
0.021937,
0.024728,
0.028871,
0.034084,
0.040341,
0.048645,
0.055602,
0.062435,
0.070675,
0.077779,
0.083183,
0.088869,
0.094621,
0.105018,
0.114683,
0.121635,
0.129215,
0.138623,
0.146182,
0.151873,
0.158559,
0.164589,
0.167768,
0.164846,
0.159086,
0.155424,
0.154496,
0.156119,
0.156589,
0.153990,
0.151519,
0.155972,
0.160906,
0.165234,
0.168705,
0.169788,
0.167028,
0.158539,
0.144540,
0.133970,
0.128515,
0.124750,
0.117278,
0.108479,
0.096943,
0.087297,
0.082661,
0.077945,
0.072254,
0.068387,
0.068223,
0.066216,
0.063251,
0.061110,
0.058560,
0.054654,
0.052229,
0.054106,
0.061100,
0.072723,
0.083837,
0.091408,
0.091928,
0.088577,
0.082048,
0.072944,
0.063686,
0.054806,
0.046365,
0.040473,
0.035530,
0.030265,
0.025113,
0.020858,
0.017044,
0.013650,
0.010413,
0.007944,
0.006206,
0.005223,
0.004911,
0.005617,
0.007355,
0.009690,
0.012121,
0.013589,
0.013968,
0.014526,
0.015969,
0.017143,
0.017785,
0.017973,
0.017929,
0.018255,
0.019275,
0.020614,
0.021011,
0.019514,
0.016946,
0.014489,
0.012350,
0.011319,
0.011424,
0.011286,
0.011169,
0.011302,
0.011057,
0.010452,
0.009587,
0.008280,
0.006794,
0.005901,
0.006365,
0.007198,
0.007454,
0.007916,
0.009046,
0.009643,
0.008351,
0.007250,
0.006993,
0.005176,
0.004647,
0.005387,
0.006930,
0.008392,
0.009662,
0.011019,
0.012155,
0.013128,
0.013776,
0.014639,
0.015193,
0.014857,
0.014203,
0.013686,
0.013588,
0.014418,
0.016323,
0.019559,
0.024636,
0.028811,
0.032357,
0.035115,
0.037628,
0.039151,
0.039347,
0.038327,
0.037215,
0.035808,
0.034474,
0.033029,
0.031891,
0.030134,
0.028187,
0.026903,
0.026913,
0.028608,
0.032476,
0.037786,
0.044005,
0.050549,
0.056694,
0.060969,
0.061358,
0.057900,
0.053027,
0.048603,
0.044230,
0.039344,
0.034804,
0.030602,
0.025704,
0.020872,
0.017101,
0.014426,
0.013855,
0.014569,
0.017133,
0.022280,
0.029306,
0.036519,
0.042487,
0.046911,
0.048905,
0.048269,
0.046190,
0.042962,
0.041189,
0.040257,
0.040361,
0.040588,
0.040395,
0.041218,
0.042926,
0.045360,
0.047221,
0.048181,
0.048102,
0.047214,
0.046143,
0.045966,
0.045825,
0.045869,
0.046733,
0.048817,
0.050897,
0.052165,
0.051510,
0.048004,
0.043655,
0.039628,
0.037188,
0.036267,
0.036086,
0.036990,
0.038101,
0.039090,
0.039563,
0.039648,
0.039631,
0.039034,
0.038441,
0.038253,
0.037160,
0.035092,
0.031281,
0.027086,
0.025138,
0.025457,
0.027308,
0.029309,
0.031835,
0.034606,
0.037661,
0.040950,
0.044452,
0.046386,
0.046176,
0.044543,
0.042242,
0.039605,
0.036511,
0.032830,
0.028879,
0.025309,
0.022527,
0.020253,
0.018376,
0.016495,
0.014871,
0.013178,
0.011225,
0.009478,
0.008258,
0.007180,
0.005984,
0.004860,
0.004038,
0.003484,
0.003182,
0.003019,
0.003000,
0.003072,
0.003329,
0.003734,
0.004244,
0.004826,
0.005293,
0.005720,
0.006120,
0.006607,
0.007419,
0.008411,
0.009702,
0.011246,
0.012852,
0.014899,
0.017404,
0.020407,
0.023835,
0.028275,
0.034156,
0.041439,
0.046342,
0.050864,
0.055569,
0.062347,
0.070556,
0.081638,
0.094484,
0.106160,
0.119040,
0.130121,
0.134342,
0.131605,
0.124139,
0.114591,
0.103939,
0.096138,
0.092762,
0.092316,
0.094812,
0.097569,
0.100944,
0.105433,
0.112437,
0.123272,
0.136039,
0.151230,
0.169401,
0.190153,
0.212909,
0.232448,
0.248002,
0.259161,
0.269561,
0.279262,
0.288488,
0.300910,
0.320182,
0.343672,
0.371954,
0.407257,
0.449544,
0.499587,
0.545383,
0.581883,
0.605285,
0.617432,
0.623341,
0.633747,
0.651887,
0.673821,
0.703178,
0.734825,
0.769489,
0.810502,
0.858393,
0.911804,
0.968124,
1.018942,
1.066859,
1.102517,
1.133317,
1.152232,
1.148000,
1.134948,
1.112045,
1.092137,
1.073067,
1.080304,
1.092180,
1.107135,
1.134118,
1.170535,
1.209992,
1.244989,
1.276186,
1.304852,
1.334565,
1.332762,
1.315313,
1.275295,
1.211000,
1.144491,
1.086266,
1.029732,
0.987320,
0.959459,
0.936640,
0.926479,
0.920436,
0.910746,
0.904369,
0.897382,
0.889512,
0.878753,
0.867037,
0.854843,
0.840640,
0.825230,
0.832481,
0.836760,
0.841352,
0.846956,
0.853644,
0.858194,
0.863687,
0.871306,
0.881084,
0.894388,
0.909803,
0.927325,
0.946364,
0.965885,
0.984525,
1.001152,
1.016433,
1.032122,
1.050766,
1.070767,
1.094592,
1.121901,
1.153624,
1.189291,
1.229562,
1.274986,
1.322978,
1.374888,
1.430959,
1.488799,
1.546523,
1.604453,
1.664283,
1.723444,
1.779806,
1.830233,
1.881238,
1.931788,
1.980316,
2.027647,
2.073309,
2.121412,
2.170738,
2.220917,
2.267608,
2.312630,
2.356530,
2.398599,
2.439457,
2.475780,
2.506934,
2.534653,
2.559899,
2.583700,
2.605919,
2.627135,
2.648619,
2.668486,
2.684223,
2.699750,
2.715346,
2.731125,
2.748437,
2.764843,
2.782754,
2.802921,
2.824997,
2.850821,
2.879691,
2.910716,
2.944377,
2.979941,
3.017587,
3.057258,
3.097308,
3.137732,
3.178629,
3.219063,
3.259288,
2.644882,
2.721411,
2.747189,
2.775983,
2.797334,
2.873072,
2.862475,
2.889385,
2.940485,
2.939211,
2.966100,
3.036028,
3.054426,
3.101573,
3.125889,
3.205118,
3.247703,
3.338559,
3.405341,
3.313798,
3.292661,
0.415410,
0.288078,
0.329678,
0.266081,
0.351866,
0.292219,
0.380603,
0.375395,
0.517044,
0.530407,
0.497259,
0.448876,
0.463313,
0.454503,
0.393601,
0.431001,
0.504840,
0.583078,
0.365322,
0.580117,
0.311205,
0.260331,
0.250094,
0.220486,
0.234786,
0.195884,
0.219484,
0.192092,
0.218954,
0.264250,
0.259695,
0.230245,
0.257259,
0.272500,
0.214656,
0.210781,
0.241989,
0.259859,
0.206340,
0.487258,
0.353470,
0.317549,
0.318965,
0.306905,
0.323595,
0.300513,
0.300244,
0.283687,
0.262396,
0.260203,
0.259410,
0.265753,
0.269516,
0.266239,
0.232714,
0.235278,
0.237907,
0.212549,
0.241820,
0.509185,
0.423138,
0.403573,
0.365626,
0.364522,
0.354270,
0.335050,
0.294257,
0.250748,
0.202861,
0.186165,
0.180448,
0.195995,
0.204737,
0.183210,
0.170352,
0.174084,
0.171829,
0.183139,
0.223805,
0.449522,
0.638712,
0.602160,
0.571159,
0.565775,
0.527613,
0.516600,
0.528272,
0.557068,
0.558645,
0.562066,
0.552736,
0.534869,
0.527516,
0.522877,
0.523027,
0.514561,
0.539897,
0.580109,
0.621736,
0.755287,
0.769205,
0.784768,
0.801556,
0.819404,
0.838448,
0.858252,
0.878958,
0.900883,
0.923745,
0.947873,
0.973040,
0.999577,
1.026790,
1.054266,
1.082271,
1.111681,
1.141869,
1.172598,
1.203920,
1.236228,
1.269603,
1.303428,
1.337755,
1.372817,
1.408622,
1.445109,
1.481964,
1.519175,
1.556863,
1.594955,
1.633749,
1.673254,
1.712288,
1.751579,
1.791361,
1.831189,
1.870947,
1.910699,
1.950849,
1.990335,
2.029638,
2.069516,
2.109917,
2.149820,
2.189689,
2.229550,
2.269472,
2.309394,
2.348476,
2.387370,
1.842499,
2.013306,
1.936939,
1.961514,
1.830353,
1.859105,
1.727496,
1.728089,
1.535790,
1.579957,
1.503064,
1.341191,
1.238392,
1.069804,
0.980271,
0.847185,
0.736710,
0.733137,
0.618985,
0.556259,
0.519650,
0.538433,
0.529202,
0.547475,
0.548615,
0.536649,
0.536646,
0.545733,
0.540755,
0.577772,
0.583967,
0.584816,
0.614567,
0.614145,
0.636013,
0.641391,
0.642358,
0.642318,
0.616104,
0.775515,
0.784622,
0.816412,
0.740360,
0.769464,
0.768904,
0.744542,
0.814839,
0.860766,
0.916113,
0.963758,
1.004765,
1.046929,
1.072637,
1.076622,
1.118218,
1.127977,
1.106305,
1.127016,
1.178389,
1.576277,
1.509252,
1.601218,
1.537436,
1.600125,
1.661534,
1.636700,
1.753731,
1.862519,
1.998431,
2.116457,
2.211958,
2.315400,
2.372718,
2.428318,
2.472190,
2.536390,
2.477768,
2.468557,
2.569870,
3.254221,
2.891516,
2.552728,
2.697056,
2.652191,
2.924574,
3.045417,
3.229018,
3.384849,
3.436583,
3.688976,
3.638075,
3.743450,
3.657268,
3.614838,
3.652020,
3.719319,
4.007712,
4.106330,
4.066382,
3.932168,
3.982615,
3.990990,
3.966224,
3.919408,
3.878264,
3.828656,
3.776751,
3.741153,
3.727613,
3.739365,
3.752909,
3.752352,
3.764815,
3.787934,
3.817895,
3.856619,
3.898259,
3.942656,
1.652787,
1.522393,
1.500353,
1.433491,
1.531294,
1.402582,
1.511963,
1.362101,
1.267738,
1.262982,
1.147203,
1.258120,
1.180441,
1.309311,
1.230103,
1.086969,
0.912602,
0.604333,
0.526224,
0.739103,
0.353587,
0.312076,
0.305633,
0.255825,
0.348296,
0.197063,
0.244175,
0.213934,
0.169746,
0.130103,
0.094287,
0.106036,
0.081940,
0.093735,
0.081666,
0.083154,
0.072386,
0.054172,
0.058111,
0.482573,
0.094639,
0.088535,
0.133122,
0.150659,
0.272545,
0.169258,
0.247267,
0.306999,
0.331513,
0.346041,
0.381186,
0.456092,
0.517995,
0.634704,
0.752494,
0.895559,
1.002061,
1.121960,
1.208314,
1.493211,
1.232235,
1.186282,
1.131431,
1.013808,
0.983654,
0.799112,
0.736008,
0.687228,
0.552417,
0.470572,
0.417986,
0.390589,
0.372306,
0.362660,
0.351734,
0.367199,
0.336697,
0.358910,
0.390762,
0.497745,
0.717882,
0.462907,
0.512502,
0.462494,
0.486401,
0.499907,
0.508253,
0.412772,
0.426551,
0.413618,
0.408778,
0.434721,
0.418579,
0.448358,
0.430803,
0.444360,
0.537285,
0.559553,
0.619584,
0.880428,
0.862875,
0.847770,
0.833295,
0.816400,
0.799662,
0.786205,
0.770139,
0.748419,
0.724313,
0.694714,
0.654247,
0.624111,
0.608449,
0.598947,
0.594332,
0.592023,
0.589537,
0.587401,
0.587953,
0.593123,
0.602140,
0.609387,
0.611921,
0.614300,
0.617784,
0.621614,
0.619509,
0.611295,
0.603533,
0.592141,
0.583987,
0.583752,
0.592589,
0.607614,
0.625265,
0.644745,
0.665198,
0.687208,
0.712309,
0.548374,
0.527850,
0.535013,
0.550540,
0.536097,
0.527492,
0.527414,
0.510487,
0.501232,
0.494795,
0.485084,
0.476583,
0.454813,
0.435369,
0.416604,
0.398100,
0.376602,
0.351892,
0.334112,
0.330566,
0.312989,
0.306313,
0.266840,
0.243947,
0.234672,
0.201672,
0.167676,
0.161985,
0.154888,
0.158717,
0.150440,
0.151110,
0.146141,
0.167103,
0.137091,
0.140613,
0.127434,
0.136420,
0.120618,
0.095108,
0.186170,
0.249362,
0.231216,
0.228179,
0.230117,
0.218275,
0.197816,
0.221477,
0.222197,
0.234870,
0.235902,
0.261429,
0.248257,
0.307680,
0.276249,
0.290966,
0.275164,
0.268116,
0.222311,
0.135935,
0.313663,
0.431522,
0.413552,
0.386546,
0.381314,
0.372338,
0.338777,
0.373146,
0.362951,
0.385452,
0.367374,
0.448692,
0.428022,
0.505894,
0.491960,
0.493424,
0.494739,
0.456866,
0.354148,
0.196361,
0.575857,
0.609458,
0.602965,
0.523342,
0.544484,
0.543850,
0.603163,
0.565230,
0.567866,
0.525549,
0.535161,
0.526070,
0.565794,
0.640853,
0.633509,
0.636343,
0.677000,
0.642487,
0.596532,
0.145871,
0.153007,
0.158327,
0.161808,
0.162219,
0.160537,
0.157045,
0.153106,
0.143005,
0.131028,
0.120092,
0.107185,
0.094182,
0.081136,
0.068529,
0.055971,
0.045855,
0.037386,
0.029033,
0.021591,
0.014645,
0.009601,
0.007008,
0.006695,
0.007889,
0.009811,
0.012253,
0.015304,
0.018717,
0.022515,
0.026402,
0.029780,
0.032425,
0.034338,
0.035441,
0.034845,
0.032879,
0.030451,
0.027899,
0.024340,
0.019677,
0.015045,
0.011416,
0.009413,
0.007959,
0.006816,
0.006320,
0.005991,
0.005717,
0.005362,
0.004963,
0.004737,
0.004649,
0.004504,
0.004335,
0.004246,
0.004263,
0.004413,
0.004681,
0.005095,
0.005548,
0.005814,
0.006061,
0.006373,
0.006927,
0.008095,
0.009542,
0.010724,
0.011875,
0.013224,
0.015000,
0.017392,
0.019792,
0.021868,
0.023356,
0.024003,
0.024047,
0.024091,
0.024380,
0.024855,
0.025648,
0.026754,
0.028095,
0.029872,
0.032053,
0.035014,
0.039042,
0.043543,
0.047837,
0.051308,
0.053532,
0.054484,
0.054904,
0.055294,
0.055405,
0.054655,
0.053469,
0.052532,
0.051654,
0.051742,
0.052913,
0.054766,
0.057129,
0.060723,
0.065657,
0.070408,
0.074210,
0.076029,
0.073829,
0.070013,
0.065826,
0.060361,
0.053800,
0.047256,
0.041812,
0.036837,
0.032896,
0.029872,
0.027657,
0.026236,
0.025846,
0.025615,
0.026057,
0.028628,
0.033751,
0.040482,
0.047154,
0.053189,
0.057565,
0.060146,
0.061651,
0.062362,
0.060406,
0.057147,
0.053316,
0.049484,
0.046999,
0.044208,
0.040742,
0.037509,
0.033383,
0.029079,
0.024609,
0.020567,
0.017126,
0.014107,
0.011749,
0.010166,
0.009071,
0.008294,
0.007823,
0.007451,
0.007324,
0.007562,
0.008035,
0.008393,
0.008533,
0.008645,
0.008770,
0.008667,
0.008287,
0.008065,
0.007919,
0.007897,
0.007899,
0.007819,
0.007889,
0.008160,
0.008638,
0.009256,
0.009687,
0.009726,
0.009853,
0.010043,
0.010100,
0.010278,
0.010716,
0.011715,
0.012880,
0.014051,
0.015080,
0.015810,
0.016152,
0.015823,
0.014915,
0.013613,
0.012151,
0.010071,
0.007766,
0.005996,
0.004939,
0.004308,
0.004058,
0.004062,
0.004228,
0.004482,
0.004637,
0.004586,
0.004225,
0.003722,
0.003346,
0.003188,
0.003213,
0.003377,
0.003660,
0.004189,
0.004865,
0.005464,
0.005918,
0.006134,
0.006281,
0.006262,
0.006340,
0.006551,
0.006939,
0.007501,
0.007868,
0.008241,
0.008630,
0.009195,
0.009847,
0.010679,
0.011909,
0.013610,
0.015922,
0.018614,
0.021502,
0.023541,
0.024882,
0.025209,
0.024562,
0.023412,
0.022229,
0.021196,
0.021107,
0.021773,
0.023054,
0.024124,
0.025700,
0.028201,
0.031839,
0.036147,
0.040113,
0.043954,
0.047717,
0.051056,
0.053217,
0.055115,
0.056956,
0.057732,
0.058244,
0.057319,
0.055263,
0.053967,
0.052432,
0.051088,
0.050851,
0.051870,
0.053919,
0.055998,
0.057762,
0.059423,
0.060813,
0.062325,
0.063975,
0.066153,
0.068624,
0.071844,
0.075466,
0.079127,
0.081928,
0.084318,
0.085956,
0.086942,
0.088075,
0.089357,
0.090218,
0.090454,
0.089773,
0.088537,
0.087116,
0.086681,
0.088156,
0.091859,
0.096892,
0.102793,
0.109202,
0.115605,
0.120350,
0.123199,
0.124514,
0.126161,
0.127864,
0.129186,
0.129302,
0.128501,
0.126126,
0.123426,
0.119784,
0.117744,
0.115069,
0.111941,
0.110778,
0.110557,
0.109770,
0.111136,
0.112553,
0.115342,
0.119518,
0.121270,
0.120079,
0.115964,
0.111362,
0.106194,
0.101863,
0.098765,
0.097251,
0.096616,
0.094983,
0.091973,
0.085595,
0.079108,
0.074068,
0.068684,
0.063967,
0.060778,
0.058985,
0.057822,
0.056391,
0.055575,
0.054343,
0.053317,
0.052385,
0.052331,
0.053091,
0.053911,
0.054701,
0.055046,
0.054514,
0.053322,
0.053100,
0.052446,
0.052191,
0.053331,
0.056461,
0.063405,
0.074380,
0.089406,
0.105479,
0.121337,
0.136798,
0.151689,
0.164816,
0.174428,
0.182746,
0.188542,
0.188669,
0.182648,
0.174997,
0.166178,
0.155262,
0.141711,
0.125905,
0.111868,
0.100387,
0.092187,
0.087498,
0.084961,
0.084564,
0.086411,
0.090570,
0.097376,
0.105767,
0.117020,
0.131704,
0.148917,
0.166179,
0.183000,
0.199954,
0.215159,
0.229942,
0.247014,
0.280462,
0.312496,
0.343088,
0.373508,
0.403599,
0.432392,
0.459541,
0.485701,
0.511436,
0.536802,
0.561195,
0.583545,
0.604617,
0.625368,
0.645037,
0.663005,
0.679055,
0.693518,
0.706741,
0.720152,
0.732270,
0.746114,
0.760355,
0.773912,
0.786383,
0.797629,
0.806601,
0.815054,
0.823954,
0.832963,
0.840889,
0.848385,
0.854767,
0.860338,
0.864848,
0.868716,
0.871648,
0.872533,
0.872796,
0.872377,
0.871873,
0.869965,
0.866026,
0.860195,
0.853580,
0.845717,
0.836095,
0.825214,
0.814187,
0.802833,
0.792007,
0.782970,
0.775833,
0.770322,
0.766599,
0.764881,
0.765675,
0.769836,
0.777361,
0.790110,
0.806818,
0.826876,
0.848911,
0.874089,
0.900648,
0.930841,
0.965286,
1.001523,
1.038574,
1.078242,
1.119738,
1.160994,
1.203333,
1.247712,
1.294382,
1.343582,
1.395646,
1.451663,
1.512104,
1.576310,
1.640550,
1.707657,
1.775365,
1.847202,
1.918567,
1.992376,
2.065565,
2.138572,
2.211350,
2.283321,
2.355529,
2.428077,
2.501076,
2.570946,
2.638565,
2.707852,
2.775050,
2.837545,
2.893635,
2.945248,
0.360440,
0.496748,
0.391511,
0.463212,
0.416264,
0.351300,
0.379749,
0.408159,
0.366862,
0.443303,
0.418386,
0.433236,
0.508388,
0.558673,
0.671029,
0.682644,
0.569844,
0.564994,
0.539724,
0.535279,
0.418132,
0.102905,
0.131815,
0.181288,
0.160278,
0.162106,
0.133008,
0.146090,
0.147487,
0.234475,
0.264493,
0.204714,
0.224334,
0.221507,
0.237174,
0.220334,
0.336133,
0.389677,
0.332927,
0.123328,
0.152804,
0.120111,
0.029690,
0.065918,
0.072138,
0.111523,
0.100236,
0.158503,
0.189895,
0.196098,
0.244289,
0.219526,
0.250618,
0.256558,
0.358862,
0.376958,
0.539746,
0.240977,
0.265717,
0.448400,
0.112609,
0.152626,
0.051657,
0.119473,
0.112530,
0.107620,
0.093988,
0.131943,
0.138849,
0.178755,
0.148487,
0.166445,
0.087557,
0.059067,
0.080523,
0.053229,
0.038273,
0.034955,
0.044077,
0.217921,
0.063092,
0.209474,
0.090960,
0.127340,
0.151460,
0.121262,
0.107143,
0.174560,
0.128429,
0.179543,
0.138030,
0.158938,
0.134175,
0.161209,
0.188053,
0.187100,
0.095348,
0.045867,
0.055949,
0.094777,
0.082138,
0.214095,
0.115016,
0.116002,
0.082022,
0.061267,
0.101899,
0.086651,
0.072405,
0.072064,
0.071433,
0.078154,
0.060696,
0.060325,
0.055830,
0.055287,
0.043402,
0.053916,
0.048915,
0.061074,
0.060557,
0.061140,
0.062439,
0.064584,
0.066947,
0.070864,
0.075660,
0.082011,
0.089348,
0.096152,
0.100830,
0.098522,
0.093588,
0.092140,
0.090722,
0.088952,
0.087223,
0.087139,
0.088644,
0.091520,
0.097491,
0.105828,
0.117365,
0.134138,
0.157066,
0.184148,
0.217120,
0.255254,
0.295800,
0.332781,
0.362257,
0.383021,
0.392261,
0.390228,
0.374773,
0.350796,
0.329851,
0.317053,
0.300860,
0.281696,
0.271729,
0.283718,
0.293000,
0.295793,
0.291206,
0.285096,
0.278128,
0.278557,
0.278815,
0.287125,
0.293404,
0.159597,
0.184627,
0.174102,
0.166823,
0.158253,
0.144807,
0.124529,
0.107671,
0.080330,
0.053796,
0.050561,
0.049280,
0.042984,
0.038841,
0.037132,
0.034457,
0.034296,
0.034778,
0.036638,
0.071924,
0.053893,
0.038291,
0.038723,
0.036974,
0.034529,
0.031981,
0.028756,
0.038980,
0.041753,
0.031297,
0.035549,
0.026916,
0.037479,
0.039091,
0.046342,
0.055971,
0.074405,
0.088768,
0.101373,
0.121948,
0.119277,
0.094401,
0.093794,
0.095575,
0.100164,
0.103653,
0.109468,
0.130792,
0.141539,
0.137593,
0.146384,
0.130558,
0.127096,
0.108737,
0.094282,
0.084415,
0.087443,
0.084445,
0.084809,
0.105731,
0.092527,
0.073812,
0.080210,
0.093888,
0.111690,
0.127347,
0.145805,
0.170065,
0.189489,
0.197147,
0.203659,
0.208971,
0.224024,
0.217421,
0.211131,
0.209076,
0.214522,
0.203235,
0.181538,
0.202276,
0.108616,
0.090764,
0.087003,
0.091838,
0.100089,
0.102254,
0.113099,
0.138252,
0.168136,
0.205564,
0.209014,
0.201875,
0.198236,
0.156686,
0.143836,
0.147180,
0.170453,
0.161957,
0.112883,
0.137994,
0.146044,
0.155027,
0.165181,
0.176666,
0.187198,
0.191643,
0.185197,
0.181686,
0.185736,
0.193929,
0.198077,
0.197463,
0.201252,
0.210004,
0.223889,
0.241139,
0.259227,
0.277409,
0.208521,
0.296555,
0.328157,
0.350654,
0.346723,
0.344037,
0.337369,
0.342752,
0.359659,
0.376155,
0.391610,
0.365089,
0.337233,
0.308864,
0.260686,
0.189826,
0.127919,
0.087948,
0.064026,
0.077854,
0.031272,
0.028769,
0.026521,
0.030635,
0.030842,
0.037187,
0.043661,
0.051771,
0.077977,
0.081723,
0.066572,
0.058475,
0.054276,
0.045503,
0.038162,
0.033428,
0.027762,
0.021751,
0.018154,
0.027585,
0.014374,
0.028613,
0.030220,
0.039371,
0.036212,
0.042413,
0.044350,
0.047417,
0.057394,
0.049426,
0.047469,
0.050322,
0.052137,
0.055251,
0.054994,
0.052454,
0.054946,
0.054317,
0.050309,
0.048816,
0.053131,
0.050459,
0.050673,
0.047510,
0.044120,
0.038385,
0.036738,
0.036953,
0.034734,
0.050029,
0.063315,
0.054761,
0.061599,
0.059105,
0.059019,
0.057187,
0.066221,
0.060151,
0.042852,
0.021356,
0.051825,
0.043269,
0.060684,
0.061448,
0.063930,
0.067297,
0.076877,
0.089102,
0.085906,
0.111350,
0.146909,
0.126238,
0.145847,
0.124570,
0.112644,
0.118536,
0.146202,
0.131735,
0.099431,
0.064064,
0.066096,
0.067603,
0.067575,
0.067318,
0.067062,
0.066463,
0.065431,
0.064510,
0.062857,
0.061147,
0.059139,
0.056657,
0.055095,
0.053355,
0.052033,
0.052068,
0.052566,
0.053354,
0.054142,
0.055468,
0.057538,
0.060464,
0.063581,
0.066222,
0.067699,
0.068789,
0.070302,
0.072823,
0.075324,
0.078653,
0.082716,
0.087390,
0.091840,
0.096390,
0.101071,
0.105494,
0.108482,
0.109834,
0.110678,
0.071763,
0.113490,
0.122822,
0.112821,
0.106794,
0.077417,
0.075233,
0.062131,
0.058469,
0.057827,
0.058752,
0.063818,
0.071980,
0.084902,
0.111885,
0.146499,
0.183109,
0.207579,
0.209832,
0.229972,
0.260814,
0.300961,
0.380530,
0.484750,
0.642947,
0.865423,
1.095457,
1.300004,
1.441004,
1.488483,
1.489957,
1.458797,
1.385071,
1.308640,
1.225472,
1.164636,
1.151455,
1.161503,
1.192820,
1.269607,
1.373111,
1.514326,
1.696212,
1.899015,
2.093446,
2.237572,
2.426829,
2.641706,
2.822737,
2.965085,
3.070362,
3.147424,
3.210472,
3.257775,
3.261802,
3.210904,
3.094330,
2.940311,
2.737306,
2.497840,
2.236571,
1.967164,
1.642192,
1.206676,
0.791425,
0.451026,
0.247824,
0.144376,
0.089206,
0.059727,
0.036061,
0.022765,
0.016977,
0.016672,
0.014678,
0.016191,
0.016425,
0.017543,
0.017942,
0.016012,
0.036217,
0.055211,
0.054331,
0.061045,
0.067271,
0.056159,
0.052498,
0.050193,
0.043946,
0.043746,
0.042772,
0.044392,
0.043495,
0.044981,
0.041093,
0.038188,
0.034513,
0.030725,
0.026198,
0.014605,
0.015183,
0.015595,
0.015867,
0.015986,
0.016322,
0.016812,
0.017454,
0.018423,
0.020006,
0.021817,
0.023700,
0.025392,
0.026651,
0.027668,
0.028817,
0.030394,
0.032305,
0.034216,
0.036080,
0.037767,
0.039626,
0.042057,
0.044656,
0.047791,
0.051637,
0.055633,
0.059446,
0.062547,
0.065271,
0.067580,
0.069054,
0.069473,
0.068574,
0.066902,
0.065666,
0.064471,
0.062838,
0.060355,
0.057877,
0.054797,
0.052650,
0.051705,
0.052455,
0.054443,
0.057010,
0.059970,
0.063315,
0.065994,
0.067777,
0.069268,
0.071275,
0.072860,
0.073941,
0.074743,
0.075000,
0.075311,
0.074463,
0.072590,
0.068021,
0.060491,
0.052993,
0.045547,
0.038400,
0.032525,
0.027443,
0.022765,
0.018829,
0.015733,
0.013448,
0.011989,
0.010550,
0.009242,
0.008021,
0.006818,
0.005816,
0.005147,
0.005006,
0.005453,
0.006611,
0.008462,
0.010861,
0.013585,
0.016161,
0.018714,
0.021065,
0.022843,
0.023385,
0.022181,
0.019487,
0.016697,
0.014286,
0.011986,
0.009846,
0.008351,
0.007667,
0.007759,
0.008275,
0.008978,
0.009857,
0.010811,
0.011813,
0.012802,
0.013895,
0.015263,
0.016702,
0.017803,
0.018532,
0.018859,
0.018729,
0.018403,
0.018031,
0.017523,
0.017069,
0.016734,
0.016200,
0.015347,
0.014204,
0.013002,
0.011800,
0.010818,
0.010196,
0.009830,
0.009756,
0.010007,
0.010323,
0.010583,
0.010700,
0.010626,
0.010384,
0.010234,
0.010098,
0.010126,
0.010444,
0.010646,
0.010834,
0.011166,
0.011734,
0.012479,
0.013224,
0.013930,
0.014846,
0.015869,
0.016928,
0.018233,
0.019446,
0.020647,
0.021734,
0.022637,
0.023764,
0.024910,
0.026188,
0.027650,
0.029137,
0.030498,
0.031797,
0.032964,
0.033934,
0.034669,
0.035155,
0.035368,
0.035119,
0.034724,
0.034258,
0.033197,
0.031639,
0.029621,
0.027726,
0.026345,
0.025396,
0.024773,
0.024828,
0.024986,
0.025333,
0.025873,
0.026464,
0.027245,
0.028172,
0.029490,
0.031112,
0.032854,
0.034689,
0.036753,
0.039162,
0.041196,
0.042498,
0.042736,
0.042083,
0.040737,
0.038757,
0.036861,
0.034657,
0.032363,
0.029937,
0.027423,
0.024764,
0.022243,
0.020119,
0.018341,
0.016830,
0.015507,
0.014489,
0.013685,
0.013202,
0.012924,
0.012786,
0.012747,
0.012876,
0.013108,
0.013309,
0.013643,
0.014069,
0.014470,
0.014913,
0.015400,
0.015958,
0.016452,
0.017044,
0.017682,
0.018423,
0.019330,
0.020359,
0.021595,
0.022975,
0.024325,
0.025857,
0.027492,
0.029129,
0.030469,
0.031584,
0.032392,
0.032748,
0.032609,
0.031763,
0.030504,
0.029210,
0.027957,
0.026523,
0.024729,
0.023065,
0.021433,
0.019950,
0.018475,
0.017136,
0.015971,
0.015107,
0.014632,
0.014534,
0.014433,
0.014145,
0.013806,
0.013557,
0.013247,
0.012824,
0.012180,
0.011481,
0.010880,
0.010321,
0.009912,
0.009770,
0.009684,
0.009671,
0.009689,
0.009680,
0.009788,
0.009971,
0.010309,
0.010776,
0.011176,
0.011550,
0.011833,
0.012259,
0.012817,
0.013551,
0.014411,
0.015354,
0.016432,
0.017298,
0.018021,
0.018605,
0.019135,
0.019640,
0.019836,
0.019652,
0.019378,
0.019050,
0.018544,
0.018092,
0.017804,
0.017462,
0.017383,
0.017793,
0.018369,
0.019034,
0.019936,
0.021129,
0.022875,
0.025013,
0.026872,
0.028604,
0.030280,
0.031872,
0.033205,
0.033973,
0.034323,
0.034323,
0.034457,
0.034703,
0.035116,
0.035142,
0.035074,
0.035469,
0.035877,
0.036314,
0.036670,
0.036874,
0.036964,
0.036997,
0.037165,
0.037568,
0.038347,
0.039216,
0.040234,
0.041201,
0.042367,
0.043461,
0.044674,
0.045694,
0.046682,
0.047983,
0.049588,
0.051453,
0.053451,
0.055545,
0.057920,
0.060518,
0.063053,
0.065716,
0.068350,
0.071104,
0.073960,
0.077273,
0.080252,
0.082535,
0.085333,
0.088175,
0.089800,
0.091077,
0.092303,
0.092884,
0.093008,
0.093452,
0.093842,
0.093642,
0.093158,
0.092331,
0.091586,
0.091170,
0.091262,
0.091334,
0.092410,
0.094697,
0.097438,
0.099879,
0.101803,
0.102156,
0.102319,
0.101973,
0.100655,
0.099286,
0.097042,
0.094045,
0.090212,
0.086002,
0.081895,
0.078247,
0.075202,
0.072577,
0.070213,
0.069158,
0.068730,
0.068791,
0.069782,
0.071435,
0.072416,
0.073413,
0.074698,
0.075884,
0.076843,
0.077280,
0.077632,
0.078240,
0.078787,
0.079405,
0.080166,
0.081369,
0.083113,
0.085776,
0.089423,
0.094195,
0.099882,
0.105993,
0.112190,
0.117906,
0.122970,
0.127284,
0.130957,
0.133590,
0.135494,
0.134821,
0.132093,
0.127489,
0.121360,
0.115267,
0.109536,
0.103168,
0.097301,
0.091278,
0.086133,
0.081723,
0.078845,
0.077559,
0.077179,
0.076443,
0.076486,
0.076789,
0.076884,
0.077739,
0.079597,
0.082303,
0.085648,
0.089565,
0.094200,
0.099129,
0.104254,
0.110380,
0.116975,
0.124588,
0.132515,
0.141499,
0.152055,
0.164442,
0.179790,
0.197528,
0.216906,
0.239431,
0.264225,
0.290102,
0.317871,
0.347937,
0.379033,
0.413256,
0.451424,
0.490660,
0.531294,
0.572244,
0.612110,
0.649732,
0.686271,
0.703939,
0.718803,
0.730150,
0.739719,
0.746812,
0.754293,
0.761335,
0.769648,
0.778318,
0.786880,
0.796953,
0.807951,
0.822324,
0.837049,
0.852335,
0.865705,
0.875156,
0.881601,
0.886415,
0.889028,
0.891202,
0.937498,
0.982142,
1.023776,
1.062539,
1.098913,
1.133584,
1.167112,
1.196788,
1.222841,
1.246422,
1.268200,
1.288961,
1.310329,
1.332546,
1.354548,
1.377298,
1.400795,
1.425680,
1.452103,
1.479656,
1.509102,
1.540235,
1.573345,
1.608135,
1.644539,
1.682361,
1.721812,
1.761713,
1.802376,
1.843990,
1.887267,
1.932752,
1.979947,
2.029140,
2.079484,
2.132104,
2.186568,
2.243112,
2.302407,
2.363667,
2.426762,
2.491570,
2.557964,
2.626007,
2.695070,
2.766558,
2.839520,
2.913502,
2.987221,
3.059804,
3.132371,
3.203413,
3.274130,
3.343942,
3.413782,
3.482136,
3.549716,
3.616430,
3.682848,
3.748734,
3.814072,
3.878879,
3.943857,
4.008472,
4.072546,
4.136372,
4.200345,
4.264233,
4.327983,
4.391313,
4.454725,
4.518321,
4.582171,
4.646339,
4.710518,
4.775398,
4.841264,
4.908045,
4.976193,
4.403299,
4.674465,
4.861305,
4.965643,
5.012067,
5.114585,
5.160724,
5.287148,
5.398973,
5.369063,
5.522128,
5.558386,
5.597878,
5.646385,
5.674310,
5.863029,
6.013803,
6.203959,
6.144736,
5.542821,
6.048892,
1.986997,
1.851889,
1.964156,
1.990149,
2.023828,
2.101353,
2.298016,
2.374460,
2.528524,
2.428857,
2.621830,
2.310193,
2.367298,
2.250269,
1.999140,
1.939267,
1.932201,
1.951730,
1.352945,
2.099963,
1.573560,
1.552753,
1.480608,
1.296014,
1.271249,
1.264933,
1.155323,
1.012821,
1.015685,
0.945065,
0.956961,
0.918873,
0.995261,
1.033362,
1.067094,
0.960548,
0.949964,
0.831307,
0.547130,
1.439016,
1.066605,
1.082860,
1.127244,
1.106801,
1.184923,
1.183262,
1.090282,
1.019170,
0.920843,
0.852933,
0.846510,
0.837057,
0.860736,
0.836119,
0.823801,
0.786576,
0.775475,
0.598793,
0.474774,
0.981578,
0.803426,
0.733738,
0.712336,
0.720802,
0.729221,
0.684520,
0.633891,
0.530604,
0.477037,
0.496436,
0.531030,
0.520717,
0.598633,
0.528264,
0.574521,
0.463005,
0.419338,
0.338828,
0.454180,
0.773428,
1.175552,
1.043876,
0.964389,
0.920788,
0.854490,
0.854909,
0.879466,
0.821805,
0.849832,
0.875617,
0.842079,
0.812359,
0.810081,
0.793845,
0.766586,
0.719201,
0.779467,
0.891720,
0.918062,
1.043625,
1.051470,
1.080888,
1.131405,
1.190147,
1.260837,
1.341428,
1.426407,
1.525674,
1.634515,
1.718529,
1.788385,
1.854798,
1.906166,
1.941126,
1.972340,
2.014464,
2.094864,
2.194543,
2.238291,
2.249390,
2.257110,
2.296263,
2.414396,
2.518888,
2.600465,
2.684418,
2.770916,
2.854143,
2.931922,
3.013285,
3.099517,
3.190039,
3.275650,
3.354390,
3.413530,
3.461199,
3.505306,
3.548419,
3.570904,
3.597222,
3.656657,
3.711411,
3.773000,
3.825610,
3.878616,
3.931602,
3.978070,
4.012279,
4.052831,
4.094316,
3.506675,
3.763633,
3.664524,
3.675109,
3.514854,
3.547190,
3.426102,
3.235196,
3.059712,
3.187184,
3.129258,
2.934463,
2.871113,
2.710925,
2.705497,
2.518893,
2.512313,
2.639965,
2.496512,
2.368455,
2.260480,
2.255318,
2.174802,
2.149913,
2.069757,
2.076801,
2.030691,
2.061421,
2.071178,
2.138646,
2.174838,
2.211166,
2.276629,
2.340899,
2.392408,
2.450525,
2.500709,
2.572035,
2.568362,
2.513229,
2.475373,
2.473493,
2.455030,
2.478822,
2.426148,
2.430528,
2.402019,
2.389397,
2.346433,
2.308470,
2.237351,
2.168069,
2.122411,
2.092635,
2.057452,
2.026624,
1.990814,
1.943897,
1.856032,
1.680991,
1.533355,
1.408043,
1.283789,
1.185355,
1.051235,
0.950444,
0.869949,
0.806664,
0.747843,
0.710066,
0.671095,
0.637323,
0.601766,
0.561813,
0.510524,
0.457116,
0.405681,
0.363150,
0.318105,
0.254679,
0.173743,
0.181837,
0.153707,
0.170565,
0.122049,
0.110231,
0.101860,
0.119015,
0.126903,
0.122372,
0.133837,
0.140705,
0.143112,
0.148278,
0.143859,
0.159474,
0.125439,
0.123259,
0.134695,
0.169711,
0.164672,
0.161235,
0.154741,
0.149555,
0.142033,
0.131266,
0.121254,
0.115768,
0.113445,
0.112602,
0.114688,
0.123136,
0.139960,
0.157537,
0.171155,
0.185466,
0.197542,
0.191657,
0.071770,
0.096621,
0.090970,
0.093458,
0.106567,
0.113333,
0.127003,
0.130052,
0.127409,
0.128798,
0.132235,
0.132265,
0.125538,
0.117584,
0.111202,
0.090489,
0.075898,
0.064541,
0.046332,
0.059707,
0.051484,
0.037811,
0.034910,
0.034158,
0.036027,
0.036872,
0.038111,
0.034618,
0.027649,
0.018473,
0.012348,
0.009646,
0.009460,
0.008953,
0.008163,
0.005120,
0.009688,
0.010299,
0.012110,
0.023715,
0.027309,
0.025777,
0.028840,
0.036286,
0.045669,
0.054746,
0.065053,
0.074861,
0.083864,
0.086554,
0.091673,
0.096116,
0.100286,
0.104102,
0.109100,
0.113058,
0.116051,
0.117050,
0.114842,
0.110849,
0.116239,
0.110706,
0.120274,
0.133243,
0.148212,
0.153562,
0.154401,
0.153090,
0.155632,
0.146538,
0.140835,
0.137777,
0.137846,
0.140934,
0.151021,
0.159361,
0.168613,
0.172681,
0.171080,
0.157021,
0.170972,
0.129439,
0.136064,
0.140819,
0.155590,
0.165073,
0.180534,
0.205103,
0.229374,
0.219238,
0.213268,
0.212801,
0.215260,
0.212737,
0.220712,
0.217230,
0.225328,
0.212033,
0.192947,
0.157324,
0.144454,
0.136985,
0.135762,
0.142752,
0.156913,
0.179930,
0.199316,
0.194665,
0.177433,
0.149602,
0.117313,
0.089809,
0.075149,
0.075825,
0.088034,
0.102875,
0.117914,
0.133025,
0.145286,
0.162949,
0.194786,
0.216071,
0.207951,
0.180547,
0.140806,
0.111255,
0.097417,
0.093872,
0.092817,
0.093425,
0.099207,
0.111825,
0.137620,
0.174417,
0.214291,
0.254048,
0.282708,
0.303876,
0.310960,
0.272586,
0.367933,
0.503890,
0.683271,
0.899680,
1.095748,
1.259763,
1.407228,
1.456920,
1.391153,
1.288297,
1.234950,
1.187246,
1.153586,
1.093530,
1.006063,
0.905077,
0.814499,
0.766378,
0.653520,
0.418070,
0.303231,
0.244242,
0.198351,
0.163351,
0.132069,
0.094902,
0.059194,
0.028511,
0.013037,
0.007549,
0.005654,
0.013195,
0.015329,
0.019847,
0.023440,
0.024948,
0.021748,
0.019528,
0.026501,
0.016785,
0.015443,
0.014155,
0.014292,
0.014843,
0.016090,
0.018411,
0.022387,
0.024906,
0.029709,
0.034461,
0.036721,
0.041642,
0.042880,
0.045492,
0.048411,
0.050827,
0.050724,
0.051050,
0.056836,
0.053439,
0.054973,
0.057941,
0.060660,
0.064134,
0.067011,
0.070379,
0.074704,
0.077697,
0.078064,
0.079675,
0.080395,
0.083360,
0.085127,
0.086690,
0.088419,
0.089916,
0.092283,
0.097420,
0.103742,
0.110122,
0.115863,
0.124747,
0.130133,
0.132548,
0.134623,
0.138507,
0.142078,
0.143847,
0.145474,
0.146247,
0.148341,
0.144374,
0.136945,
0.129525,
0.121078,
0.111990,
0.104941,
0.106603,
0.104695,
0.110160,
0.117404,
0.122079,
0.124904,
0.125973,
0.126452,
0.126134,
0.126014,
0.127604,
0.131857,
0.137876,
0.147598,
0.150320,
0.148514,
0.140714,
0.127233,
0.111108,
0.096905,
0.083782,
0.073224,
0.063318,
0.054654,
0.047369,
0.038820,
0.029354,
0.020383,
0.013212,
0.008143,
0.004926,
0.003372,
0.003186,
0.004112,
0.006133,
0.009173,
0.013128,
0.017623,
0.022328,
0.026851,
0.030940,
0.034569,
0.037792,
0.040659,
0.043016,
0.045494,
0.046035,
0.042172,
0.034124,
0.025852,
0.018474,
0.012509,
0.008648,
0.006741,
0.005732,
0.004691,
0.003833,
0.003433,
0.003357,
0.003515,
0.003907,
0.004492,
0.005254,
0.006000,
0.006726,
0.007245,
0.007643,
0.008048,
0.008348,
0.008610,
0.008612,
0.008141,
0.007435,
0.006850,
0.006796,
0.007192,
0.007929,
0.008980,
0.010169,
0.011344,
0.012730,
0.014050,
0.015127,
0.016084,
0.016903,
0.017443,
0.017936,
0.018321,
0.018726,
0.019027,
0.019373,
0.019876,
0.020823,
0.022367,
0.024269,
0.026303,
0.028882,
0.031261,
0.033487,
0.035155,
0.036859,
0.038068,
0.038620,
0.038888,
0.039261,
0.039758,
0.041186,
0.043042,
0.045104,
0.047664,
0.050548,
0.054143,
0.058160,
0.062298,
0.065290,
0.067359,
0.068484,
0.067999,
0.065976,
0.063009,
0.058779,
0.054531,
0.050334,
0.046327,
0.042810,
0.039537,
0.036359,
0.033995,
0.032765,
0.032420,
0.032971,
0.033959,
0.035594,
0.038213,
0.041902,
0.045527,
0.048983,
0.052859,
0.057792,
0.062375,
0.064613,
0.065023,
0.063383,
0.060417,
0.056383,
0.051751,
0.047496,
0.043019,
0.038777,
0.034748,
0.030135,
0.025349,
0.020891,
0.016955,
0.013509,
0.010782,
0.008720,
0.007275,
0.006478,
0.006231,
0.006301,
0.006543,
0.006835,
0.007101,
0.007290,
0.007495,
0.007644,
0.007674,
0.007793,
0.007942,
0.008161,
0.008359,
0.008636,
0.009066,
0.009783,
0.010490,
0.011281,
0.012090,
0.012863,
0.013534,
0.014043,
0.014751,
0.015515,
0.016749,
0.017855,
0.018517,
0.018880,
0.018902,
0.018199,
0.017817,
0.017443,
0.017001,
0.016278,
0.015511,
0.014479,
0.013123,
0.011342,
0.009599,
0.008138,
0.007064,
0.006274,
0.005746,
0.005508,
0.005311,
0.005184,
0.005074,
0.005070,
0.005058,
0.004903,
0.004568,
0.004198,
0.003893,
0.003695,
0.003667,
0.003845,
0.004264,
0.004791,
0.005454,
0.005976,
0.006348,
0.006729,
0.007191,
0.007737,
0.008368,
0.008877,
0.009385,
0.009871,
0.010214,
0.010487,
0.011030,
0.011981,
0.013264,
0.014838,
0.016822,
0.019075,
0.021176,
0.023065,
0.024658,
0.025292,
0.025036,
0.024446,
0.023389,
0.021831,
0.019910,
0.017843,
0.016288,
0.015427,
0.014937,
0.014745,
0.014855,
0.015678,
0.017069,
0.019244,
0.021475,
0.024675,
0.028034,
0.031213,
0.034489,
0.037331,
0.039622,
0.040518,
0.040620,
0.040587,
0.040907,
0.040531,
0.040583,
0.040680,
0.040602,
0.040491,
0.040354,
0.040168,
0.039790,
0.039238,
0.038808,
0.038243,
0.037654,
0.037168,
0.036995,
0.037046,
0.037467,
0.037851,
0.038363,
0.039053,
0.039516,
0.039944,
0.040336,
0.041108,
0.041855,
0.042769,
0.043785,
0.044676,
0.045501,
0.046722,
0.048008,
0.049276,
0.050880,
0.052796,
0.054686,
0.056865,
0.059040,
0.061333,
0.063839,
0.065746,
0.067361,
0.069004,
0.070349,
0.071006,
0.071804,
0.073059,
0.073656,
0.073671,
0.072480,
0.070980,
0.068847,
0.066319,
0.063626,
0.060026,
0.056455,
0.053153,
0.049905,
0.047620,
0.046119,
0.046236,
0.046759,
0.046935,
0.046259,
0.044737,
0.043348,
0.042163,
0.041023,
0.039601,
0.037403,
0.034562,
0.031474,
0.028454,
0.025682,
0.023524,
0.021859,
0.021385,
0.021880,
0.022495,
0.022921,
0.023577,
0.024241,
0.025387,
0.026851,
0.028542,
0.030440,
0.032049,
0.033363,
0.034376,
0.034899,
0.035206,
0.035021,
0.034956,
0.034977,
0.035414,
0.036488,
0.039029,
0.045002,
0.053890,
0.065218,
0.077893,
0.090063,
0.101536,
0.110609,
0.116605,
0.120080,
0.119975,
0.117928,
0.112747,
0.106723,
0.100602,
0.093294,
0.084704,
0.077608,
0.072250,
0.068664,
0.066883,
0.065560,
0.064658,
0.065021,
0.066378,
0.068552,
0.071181,
0.075349,
0.080748,
0.086991,
0.094100,
0.101896,
0.109839,
0.118252,
0.127617,
0.138080,
0.150021,
0.163747,
0.178889,
0.196087,
0.215357,
0.237353,
0.262755,
0.290899,
0.320691,
0.352831,
0.387869,
0.426508,
0.467461,
0.510321,
0.556884,
0.606644,
0.659982,
0.715195,
0.767359,
0.816217,
0.859449,
0.898134,
0.934905,
0.956668,
0.974134,
0.990451,
1.006965,
1.022269,
1.036330,
1.051479,
1.068018,
1.086156,
1.105489,
1.126556,
1.151944,
1.176289,
1.199620,
1.220982,
1.239075,
1.255648,
1.270255,
1.284983,
1.297805,
1.306998,
1.314110,
1.316117,
1.315135,
1.309046,
1.301020,
1.290700,
1.279715,
1.266853,
1.254673,
1.242508,
1.229451,
1.216692,
1.204408,
1.193065,
1.183413,
1.175300,
1.169596,
1.166689,
1.164702,
1.163349,
1.163240,
1.164684,
1.169018,
1.174763,
1.181894,
1.188584,
1.194742,
1.200768,
1.207318,
1.215006,
1.223629,
1.233638,
1.244662,
1.258167,
1.273568,
1.290913,
1.313386,
1.341114,
1.373737,
1.409057,
1.447545,
1.487796,
1.533013,
1.581938,
1.635073,
1.690400,
1.746774,
1.803941,
1.861757,
1.918171,
1.971215,
2.023446,
2.073137,
2.122080,
2.165115,
2.204452,
2.241277,
2.274916,
2.305414,
2.334945,
2.363160,
2.390810,
2.416416,
2.443890,
2.471660,
2.497085,
2.520992,
2.542646,
2.559980,
2.574831,
2.588477,
2.598643,
2.605495,
2.609980,
2.613089,
2.615116,
2.614374,
2.611191,
2.604911,
0.326146,
0.414757,
0.251815,
0.286158,
0.284987,
0.223139,
0.231690,
0.251047,
0.211795,
0.241983,
0.242558,
0.260506,
0.299656,
0.345748,
0.468421,
0.413801,
0.318836,
0.299076,
0.333080,
0.454092,
0.289750,
0.175782,
0.278688,
0.352004,
0.377866,
0.337282,
0.332627,
0.376452,
0.307305,
0.351202,
0.438890,
0.316636,
0.261895,
0.263989,
0.349292,
0.267089,
0.465175,
0.456041,
0.308299,
0.407434,
0.134689,
0.112797,
0.067188,
0.108116,
0.110426,
0.142657,
0.113465,
0.197273,
0.226608,
0.269149,
0.301885,
0.290597,
0.246488,
0.229262,
0.215695,
0.185793,
0.327538,
0.253424,
0.263534,
0.446987,
0.140451,
0.119742,
0.065211,
0.088383,
0.096548,
0.091745,
0.060699,
0.074037,
0.043029,
0.058514,
0.068553,
0.087974,
0.069706,
0.051493,
0.053742,
0.038203,
0.022570,
0.019844,
0.018452,
0.066805,
0.033598,
0.077201,
0.069718,
0.099919,
0.147848,
0.105333,
0.130926,
0.186978,
0.135110,
0.143341,
0.129941,
0.137768,
0.124073,
0.127717,
0.115792,
0.132613,
0.077886,
0.075731,
0.085932,
0.079140,
0.049462,
0.068754,
0.084824,
0.121229,
0.133790,
0.120179,
0.116812,
0.116620,
0.117204,
0.126001,
0.147576,
0.161881,
0.114407,
0.124518,
0.103129,
0.110326,
0.116261,
0.166195,
0.165287,
0.139354,
0.076315,
0.072516,
0.068496,
0.066248,
0.066757,
0.070574,
0.074500,
0.076587,
0.077482,
0.079059,
0.081230,
0.083271,
0.083998,
0.085138,
0.086485,
0.087647,
0.089019,
0.091773,
0.095721,
0.100685,
0.106729,
0.117410,
0.133967,
0.159654,
0.194017,
0.232354,
0.272394,
0.305701,
0.328511,
0.338864,
0.340959,
0.332557,
0.321957,
0.313736,
0.305665,
0.301288,
0.304576,
0.307223,
0.299520,
0.294415,
0.286864,
0.271404,
0.257614,
0.256056,
0.264248,
0.282129,
0.274980,
0.253983,
0.232555,
0.214777,
0.203059,
0.078403,
0.107874,
0.102495,
0.091435,
0.092965,
0.074181,
0.074586,
0.063370,
0.048845,
0.036002,
0.031695,
0.028904,
0.025408,
0.026044,
0.039076,
0.044511,
0.064191,
0.060978,
0.047465,
0.048397,
0.053714,
0.059897,
0.073955,
0.085156,
0.086964,
0.084070,
0.088059,
0.097685,
0.111069,
0.126013,
0.143767,
0.164454,
0.181896,
0.202407,
0.212566,
0.227442,
0.214359,
0.228779,
0.221494,
0.217408,
0.247782,
0.314512,
0.322709,
0.361281,
0.381051,
0.362366,
0.360563,
0.370378,
0.352915,
0.375625,
0.371571,
0.400296,
0.395497,
0.421530,
0.409351,
0.414548,
0.373362,
0.385790,
0.353125,
0.327650,
0.427946,
0.559756,
0.571512,
0.654507,
0.689313,
0.671115,
0.648125,
0.675794,
0.679747,
0.740499,
0.721758,
0.769112,
0.750084,
0.775338,
0.759672,
0.751262,
0.697115,
0.697148,
0.620812,
0.531430,
0.755700,
0.943085,
0.935149,
0.995980,
1.027426,
0.979652,
0.919924,
0.921809,
0.909030,
0.965632,
0.971758,
1.074051,
1.071986,
1.114030,
1.126667,
1.103397,
1.020163,
1.026790,
0.944780,
0.749720,
0.764675,
0.769462,
0.768044,
0.769908,
0.778653,
0.792574,
0.808002,
0.817689,
0.829394,
0.850783,
0.881974,
0.914494,
0.944425,
0.966898,
0.982333,
0.985376,
0.980026,
0.973313,
0.213053,
0.200216,
0.165073,
0.137276,
0.107865,
0.091695,
0.087904,
0.083318,
0.079115,
0.077392,
0.064947,
0.064144,
0.054327,
0.054375,
0.055250,
0.062584,
0.056078,
0.040607,
0.057503,
0.133697,
0.086485,
0.117007,
0.136384,
0.151058,
0.155548,
0.153657,
0.153730,
0.145943,
0.132419,
0.113769,
0.094107,
0.075355,
0.063208,
0.056794,
0.056910,
0.061093,
0.067848,
0.074217,
0.079118,
0.099872,
0.096585,
0.110733,
0.121355,
0.131036,
0.131399,
0.134437,
0.132278,
0.137699,
0.139571,
0.142049,
0.149408,
0.159637,
0.171119,
0.188077,
0.203688,
0.209544,
0.227084,
0.248304,
0.244338,
0.239053,
0.249261,
0.243819,
0.211708,
0.184894,
0.149884,
0.155507,
0.142459,
0.146536,
0.141148,
0.137115,
0.139424,
0.152150,
0.155940,
0.169857,
0.176918,
0.171541,
0.187615,
0.206546,
0.204000,
0.163971,
0.235708,
0.194414,
0.185970,
0.178353,
0.177323,
0.198874,
0.209205,
0.206822,
0.210856,
0.210645,
0.209169,
0.225575,
0.241835,
0.245810,
0.256513,
0.251801,
0.275622,
0.280972,
0.277480,
0.209802,
0.215132,
0.220353,
0.225505,
0.230773,
0.236329,
0.242172,
0.248385,
0.254783,
0.261388,
0.268297,
0.275502,
0.282857,
0.290878,
0.299113,
0.307625,
0.315409,
0.322471,
0.329460,
0.336596,
0.344061,
0.351657,
0.358920,
0.365839,
0.372191,
0.378258,
0.383974,
0.389493,
0.395627,
0.402436,
0.410217,
0.418499,
0.426411,
0.434536,
0.442531,
0.449987,
0.457789,
0.466431,
0.474893,
0.481965,
0.062603,
0.057843,
0.054612,
0.056597,
0.051465,
0.045774,
0.051418,
0.045770,
0.053195,
0.055500,
0.065282,
0.069078,
0.085748,
0.088783,
0.088511,
0.078946,
0.120241,
0.109286,
0.159901,
0.127651,
0.063798,
0.065149,
0.069248,
0.077158,
0.073464,
0.071150,
0.064939,
0.068978,
0.073105,
0.085700,
0.082789,
0.094472,
0.087967,
0.093057,
0.099125,
0.105264,
0.079798,
0.078844,
0.071506,
0.074113,
0.092747,
0.140876,
0.142703,
0.144607,
0.127702,
0.114965,
0.067754,
0.074327,
0.067742,
0.121074,
0.102179,
0.154521,
0.142281,
0.173123,
0.202885,
0.216198,
0.147559,
0.144038,
0.035007,
0.019488,
0.204399,
0.268236,
0.270743,
0.261663,
0.249946,
0.265533,
0.203069,
0.233602,
0.226959,
0.313736,
0.283322,
0.342055,
0.301319,
0.339023,
0.402617,
0.436958,
0.362314,
0.357972,
0.161723,
0.033815,
0.439748,
0.453954,
0.449647,
0.405899,
0.408311,
0.429255,
0.383016,
0.430452,
0.395145,
0.475474,
0.460451,
0.514030,
0.483163,
0.537483,
0.607769,
0.630947,
0.539705,
0.521049,
0.305787,
0.015576,
0.015671,
0.015823,
0.016180,
0.016785,
0.017439,
0.018157,
0.018939,
0.019636,
0.020603,
0.021884,
0.023484,
0.025222,
0.026877,
0.028463,
0.029918,
0.031468,
0.032987,
0.034300,
0.035562,
0.036848,
0.037918,
0.038663,
0.039158,
0.039282,
0.039360,
0.039172,
0.038780,
0.038202,
0.037817,
0.037321,
0.037125,
0.037517,
0.037910,
0.038438,
0.039064,
0.039714,
0.039750,
0.039875,
0.040315,
0.040669,
0.040806,
0.040708,
0.040559,
0.040497,
0.040512,
0.040754,
0.041382,
0.041974,
0.042008,
0.041450,
0.040212,
0.038428,
0.036334,
0.033305,
0.030115,
0.026642,
0.023430,
0.020444,
0.017485,
0.014974,
0.012793,
0.011227,
0.009781,
0.008668,
0.007777,
0.007069,
0.006518,
0.006048,
0.005795,
0.005699,
0.005806,
0.006126,
0.006535,
0.006991,
0.007408,
0.007784,
0.008075,
0.008235,
0.008275,
0.008269,
0.008242,
0.008159,
0.008158,
0.008240,
0.008445,
0.008949,
0.009724,
0.010747,
0.011951,
0.013307,
0.014687,
0.015959,
0.017077,
0.018190,
0.019233,
0.020346,
0.021528,
0.022484,
0.023120,
0.023520,
0.023741,
0.023729,
0.023575,
0.023319,
0.022922,
0.022442,
0.021810,
0.021246,
0.020801,
0.020240,
0.019563,
0.019020,
0.018466,
0.018079,
0.017755,
0.017642,
0.017646,
0.017706,
0.017805,
0.017883,
0.017897,
0.017741,
0.017518,
0.017388,
0.017295,
0.017191,
0.016931,
0.016666,
0.016457,
0.016329,
0.016170,
0.015994,
0.015901,
0.015913,
0.016052,
0.016351,
0.016839,
0.017587,
0.018215,
0.018912,
0.019475,
0.020084,
0.020861,
0.021675,
0.022302,
0.022782,
0.023119,
0.023285,
0.023278,
0.023263,
0.023094,
0.022969,
0.022818,
0.022670,
0.022446,
0.022150,
0.021769,
0.021424,
0.021197,
0.021023,
0.020910,
0.020751,
0.020396,
0.020175,
0.020081,
0.019990,
0.019922,
0.019858,
0.019950,
0.020299,
0.020722,
0.021382,
0.022128,
0.022852,
0.023840,
0.024934,
0.025983,
0.026647,
0.027165,
0.027357,
0.027185,
0.026701,
0.026194,
0.025617,
0.024855,
0.024019,
0.022918,
0.021822,
0.020752,
0.019767,
0.018963,
0.018243,
0.017588,
0.017015,
0.016547,
0.016285,
0.016170,
0.016134,
0.016223,
0.016403,
0.016636,
0.016843,
0.017087,
0.017412,
0.017732,
0.018180,
0.018726,
0.019467,
0.020271,
0.021113,
0.021868,
0.022650,
0.023652,
0.024857,
0.026040,
0.027263,
0.028859,
0.030521,
0.032131,
0.033409,
0.034415,
0.035091,
0.035350,
0.035015,
0.034257,
0.033434,
0.032743,
0.032151,
0.031265,
0.030217,
0.029243,
0.028280,
0.027235,
0.026156,
0.024946,
0.023926,
0.023346,
0.023019,
0.022741,
0.022430,
0.021929,
0.021358,
0.020916,
0.020441,
0.019767,
0.019148,
0.018487,
0.017809,
0.017137,
0.016618,
0.016238,
0.015952,
0.015733,
0.015514,
0.015393,
0.015272,
0.015162,
0.015208,
0.015362,
0.015648,
0.015931,
0.016188,
0.016532,
0.017060,
0.017697,
0.018364,
0.019033,
0.019858,
0.020763,
0.021508,
0.022183,
0.022753,
0.023247,
0.023351,
0.023212,
0.023071,
0.022739,
0.022368,
0.022013,
0.022115,
0.022483,
0.022988,
0.023703,
0.024606,
0.025517,
0.026529,
0.028024,
0.029407,
0.030485,
0.031497,
0.032578,
0.033499,
0.034195,
0.034698,
0.035064,
0.035359,
0.035661,
0.035802,
0.036035,
0.036538,
0.037166,
0.037545,
0.037805,
0.038006,
0.038255,
0.038694,
0.039080,
0.039473,
0.039811,
0.040128,
0.040538,
0.041322,
0.042479,
0.043650,
0.044871,
0.046124,
0.047188,
0.048527,
0.050110,
0.052017,
0.054272,
0.056758,
0.059240,
0.062131,
0.065019,
0.068152,
0.071495,
0.074932,
0.078402,
0.081899,
0.084988,
0.088498,
0.092485,
0.095992,
0.099117,
0.101795,
0.103841,
0.105586,
0.107375,
0.109096,
0.111017,
0.113014,
0.115474,
0.117979,
0.120671,
0.124921,
0.128876,
0.134314,
0.141358,
0.150059,
0.158809,
0.167852,
0.176491,
0.185367,
0.194873,
0.202032,
0.207570,
0.211129,
0.212662,
0.212022,
0.210309,
0.206604,
0.202652,
0.199127,
0.194778,
0.190722,
0.186292,
0.182394,
0.179002,
0.176276,
0.175847,
0.176604,
0.179000,
0.180803,
0.182123,
0.183483,
0.185347,
0.187347,
0.189019,
0.190761,
0.191576,
0.190866,
0.189816,
0.188223,
0.186553,
0.185906,
0.185764,
0.185652,
0.185536,
0.185501,
0.184767,
0.184461,
0.184532,
0.184581,
0.184166,
0.182735,
0.180572,
0.176252,
0.170406,
0.163192,
0.156402,
0.149813,
0.142867,
0.135121,
0.128173,
0.121848,
0.116924,
0.112488,
0.107607,
0.103680,
0.100691,
0.098536,
0.097322,
0.096238,
0.095215,
0.094674,
0.094548,
0.094832,
0.095778,
0.097340,
0.099504,
0.102266,
0.105108,
0.108495,
0.112276,
0.116337,
0.120642,
0.125411,
0.130172,
0.135250,
0.141835,
0.149614,
0.158562,
0.169297,
0.182273,
0.196229,
0.211694,
0.228946,
0.247469,
0.268293,
0.317182,
0.364499,
0.410189,
0.453726,
0.494547,
0.533132,
0.569572,
0.604056,
0.636231,
0.666011,
0.694065,
0.720440,
0.745542,
0.769733,
0.792686,
0.813910,
0.833920,
0.852912,
0.870664,
0.887269,
0.902910,
0.920783,
0.938942,
0.955588,
0.970762,
0.984604,
0.996457,
1.006461,
1.015219,
1.022600,
1.028374,
1.032024,
1.034295,
1.035510,
1.035915,
1.035982,
1.035685,
1.035082,
1.034530,
1.034283,
1.035144,
1.036013,
1.037366,
1.040217,
1.043847,
1.048587,
1.055156,
1.062944,
1.071919,
1.082145,
1.094200,
1.108742,
1.125275,
1.142952,
1.162511,
1.183836,
1.206629,
1.230165,
1.254859,
1.281746,
1.311920,
1.344521,
1.377945,
1.413987,
1.451124,
1.489432,
1.529631,
1.570563,
1.613173,
1.656669,
1.700872,
1.745959,
1.793716,
1.842458,
1.891519,
1.940454,
1.988480,
2.035625,
2.081498,
2.125521,
2.168410,
2.209558,
2.251031,
2.293077,
2.332904,
2.369949,
2.405592,
2.440309,
2.474574,
2.506999,
2.538413,
2.569652,
2.600971,
2.631770,
2.662216,
2.691660,
2.720865,
2.750143,
2.778661,
2.806476,
0.365139,
0.471611,
0.345594,
0.405309,
0.378531,
0.325613,
0.358367,
0.371177,
0.334021,
0.367831,
0.378054,
0.378364,
0.442515,
0.483102,
0.593150,
0.572251,
0.475985,
0.452041,
0.488353,
0.551059,
0.389964,
0.148359,
0.229771,
0.290815,
0.313238,
0.250686,
0.256162,
0.276471,
0.215533,
0.286770,
0.360528,
0.254492,
0.218222,
0.219074,
0.302915,
0.239956,
0.360887,
0.396437,
0.237135,
0.258463,
0.158665,
0.055348,
0.041058,
0.095239,
0.095456,
0.110550,
0.106934,
0.153695,
0.204106,
0.200261,
0.241671,
0.228368,
0.216935,
0.214102,
0.200120,
0.181238,
0.350609,
0.246305,
0.291512,
0.430282,
0.093866,
0.074597,
0.042586,
0.074493,
0.088147,
0.074704,
0.057720,
0.081583,
0.045293,
0.046426,
0.063106,
0.085507,
0.068128,
0.050988,
0.059239,
0.045095,
0.031952,
0.026934,
0.026874,
0.086658,
0.042739,
0.074710,
0.079090,
0.100175,
0.150826,
0.105927,
0.123755,
0.177405,
0.108752,
0.149428,
0.135699,
0.148859,
0.142980,
0.155082,
0.157371,
0.183270,
0.117071,
0.102489,
0.109039,
0.109016,
0.097777,
0.133046,
0.139750,
0.137200,
0.152984,
0.150186,
0.157662,
0.151765,
0.144592,
0.157331,
0.173245,
0.192957,
0.173336,
0.183374,
0.169200,
0.174738,
0.155286,
0.201387,
0.202646,
0.173762,
0.128127,
0.128204,
0.128231,
0.128409,
0.129763,
0.134782,
0.142538,
0.149700,
0.153511,
0.153901,
0.154413,
0.156915,
0.159727,
0.161951,
0.163324,
0.165631,
0.168068,
0.171308,
0.176850,
0.184175,
0.192578,
0.202078,
0.216753,
0.239882,
0.272653,
0.313266,
0.359081,
0.404669,
0.441446,
0.469816,
0.483732,
0.481487,
0.471891,
0.450476,
0.438901,
0.429261,
0.418316,
0.413618,
0.418195,
0.409523,
0.402605,
0.397992,
0.389035,
0.377892,
0.380196,
0.386186,
0.403228,
0.417993,
0.406277,
0.380402,
0.356003,
0.116936,
0.122649,
0.111058,
0.100793,
0.093764,
0.084660,
0.078212,
0.063966,
0.055964,
0.041514,
0.037659,
0.029529,
0.030286,
0.030959,
0.035564,
0.042170,
0.079878,
0.070445,
0.092678,
0.072923,
0.045952,
0.022493,
0.025859,
0.031745,
0.036809,
0.036942,
0.035178,
0.030053,
0.039000,
0.036509,
0.047575,
0.052473,
0.064090,
0.072106,
0.080717,
0.085891,
0.095480,
0.097635,
0.142688,
0.171858,
0.132629,
0.088458,
0.090768,
0.091036,
0.088861,
0.097094,
0.113650,
0.118724,
0.127241,
0.109478,
0.105047,
0.084961,
0.077495,
0.066082,
0.059289,
0.053406,
0.066808,
0.070124,
0.139357,
0.201455,
0.113979,
0.081943,
0.092501,
0.096677,
0.108166,
0.128183,
0.160149,
0.170496,
0.182621,
0.171844,
0.174490,
0.144599,
0.126386,
0.104665,
0.086596,
0.079582,
0.091428,
0.096550,
0.175314,
0.292799,
0.121549,
0.083907,
0.087456,
0.083210,
0.080335,
0.084754,
0.102817,
0.090494,
0.087088,
0.061550,
0.059652,
0.048104,
0.054729,
0.057280,
0.063691,
0.074263,
0.098857,
0.114545,
0.190861,
0.394810,
0.408231,
0.416325,
0.415415,
0.411831,
0.413526,
0.421286,
0.432377,
0.442653,
0.450354,
0.462795,
0.483192,
0.508043,
0.534212,
0.556414,
0.574209,
0.583185,
0.581055,
0.572867,
0.187649,
0.175462,
0.156327,
0.135096,
0.110032,
0.091322,
0.084580,
0.084619,
0.094737,
0.075464,
0.067296,
0.046446,
0.036612,
0.030600,
0.027026,
0.028016,
0.033662,
0.035715,
0.046449,
0.113573,
0.100982,
0.095360,
0.122875,
0.138245,
0.149174,
0.149740,
0.156406,
0.162258,
0.180872,
0.150466,
0.133479,
0.100984,
0.081922,
0.069854,
0.063023,
0.060717,
0.065701,
0.073562,
0.103695,
0.132754,
0.164817,
0.108923,
0.115618,
0.114209,
0.115959,
0.113444,
0.114130,
0.114434,
0.126044,
0.107605,
0.098656,
0.085328,
0.080972,
0.086358,
0.090553,
0.093914,
0.096221,
0.097507,
0.108130,
0.109304,
0.120588,
0.073524,
0.080465,
0.071356,
0.064815,
0.058677,
0.054742,
0.054499,
0.056124,
0.048359,
0.043781,
0.031889,
0.028979,
0.028964,
0.025847,
0.026140,
0.033074,
0.038397,
0.044814,
0.063156,
0.103941,
0.060447,
0.065053,
0.054346,
0.053806,
0.065573,
0.058033,
0.053383,
0.046315,
0.051261,
0.055783,
0.040753,
0.043238,
0.043663,
0.048931,
0.033052,
0.046214,
0.042998,
0.040575,
0.092216,
0.092924,
0.093405,
0.094125,
0.094910,
0.096095,
0.097300,
0.098863,
0.100550,
0.102333,
0.104571,
0.107073,
0.109593,
0.112220,
0.115058,
0.117915,
0.120724,
0.123656,
0.126949,
0.130489,
0.134186,
0.137593,
0.140952,
0.144038,
0.146602,
0.148915,
0.151230,
0.154351,
0.158107,
0.162470,
0.167160,
0.172003,
0.176524,
0.180225,
0.183770,
0.187807,
0.192486,
0.198969,
0.206215,
0.212501,
0.054065,
0.083339,
0.076488,
0.071169,
0.066810,
0.066620,
0.068701,
0.079625,
0.081591,
0.073366,
0.070798,
0.060985,
0.039355,
0.024638,
0.014095,
0.008102,
0.008698,
0.010376,
0.013549,
0.049890,
0.030348,
0.014300,
0.012943,
0.011687,
0.010983,
0.012812,
0.013935,
0.020002,
0.021222,
0.010629,
0.009155,
0.003950,
0.004645,
0.002965,
0.003216,
0.004500,
0.010925,
0.015578,
0.021403,
0.034781,
0.033762,
0.032268,
0.076701,
0.171493,
0.328797,
0.523968,
0.742697,
0.991116,
1.242210,
1.443188,
1.571344,
1.603484,
1.565417,
1.485604,
1.373613,
1.223203,
1.065356,
0.888885,
0.674603,
0.469309,
0.265276,
0.128583,
0.059150,
0.029108,
0.016874,
0.011268,
0.010413,
0.014368,
0.018973,
0.016732,
0.017355,
0.017883,
0.022969,
0.022283,
0.024112,
0.027775,
0.032770,
0.035062,
0.040492,
0.060369,
0.027162,
0.024543,
0.023870,
0.022422,
0.020175,
0.019282,
0.018089,
0.018010,
0.019468,
0.023207,
0.022924,
0.022644,
0.027366,
0.022317,
0.022355,
0.022460,
0.027471,
0.023755,
0.015127,
0.014313,
0.014330,
0.014451,
0.014841,
0.015305,
0.015948,
0.016627,
0.017355,
0.018004,
0.018727,
0.019683,
0.020760,
0.022095,
0.023705,
0.025461,
0.027330,
0.029403,
0.031226,
0.033163,
0.035239,
0.037383,
0.039287,
0.040870,
0.042503,
0.043948,
0.044809,
0.045113,
0.044921,
0.044208,
0.043371,
0.042743,
0.042197,
0.041447,
0.040664,
0.040581,
0.041159,
0.042146,
0.043112,
0.043827,
0.044879,
0.046490,
0.047545,
0.048631,
0.049142,
0.049369,
0.049486,
0.049160,
0.049275,
0.049459,
0.049028,
0.048573,
0.047929,
0.047091,
0.045023,
0.042161,
0.038864,
0.034653,
0.029953,
0.025233,
0.020853,
0.016788,
0.013170,
0.010283,
0.008293,
0.006906,
0.005982,
0.005339,
0.004979,
0.004793,
0.004657,
0.004726,
0.005076,
0.005698,
0.006594,
0.007740,
0.009087,
0.010568,
0.012165,
0.013478,
0.014430,
0.014889,
0.014860,
0.014238,
0.012997,
0.011716,
0.010659,
0.009552,
0.008707,
0.008177,
0.008047,
0.008404,
0.009217,
0.010452,
0.011937,
0.013455,
0.014739,
0.015831,
0.017072,
0.018238,
0.019385,
0.020715,
0.021873,
0.022555,
0.023030,
0.023319,
0.023201,
0.023129,
0.022860,
0.022486,
0.022018,
0.021381,
0.020733,
0.020021,
0.019380,
0.018636,
0.017966,
0.017270,
0.016812,
0.016440,
0.016211,
0.016209,
0.016330,
0.016363,
0.016335,
0.016263,
0.016155,
0.015837,
0.015638,
0.015518,
0.015481,
0.015291,
0.015118,
0.014920,
0.014751,
0.014660,
0.014638,
0.014794,
0.015128,
0.015558,
0.016187,
0.017062,
0.017962,
0.018822,
0.019606,
0.020301,
0.020998,
0.021820,
0.022863,
0.023873,
0.024700,
0.025237,
0.025719,
0.026064,
0.026082,
0.025872,
0.025652,
0.025395,
0.024907,
0.024392,
0.024042,
0.023606,
0.023260,
0.022973,
0.022736,
0.022478,
0.022233,
0.021906,
0.021669,
0.021489,
0.021618,
0.021722,
0.021814,
0.022007,
0.022424,
0.022958,
0.023654,
0.024575,
0.025520,
0.026737,
0.028030,
0.029115,
0.029911,
0.030616,
0.030674,
0.030256,
0.029430,
0.028482,
0.027400,
0.026146,
0.024666,
0.023194,
0.021852,
0.020525,
0.019454,
0.018468,
0.017540,
0.016720,
0.016015,
0.015484,
0.015166,
0.014927,
0.014848,
0.014941,
0.015113,
0.015247,
0.015447,
0.015711,
0.016043,
0.016335,
0.016659,
0.017116,
0.017734,
0.018400,
0.019142,
0.019991,
0.020859,
0.021846,
0.023070,
0.024361,
0.025733,
0.027251,
0.029099,
0.030793,
0.032282,
0.033400,
0.034015,
0.034295,
0.034184,
0.033659,
0.032849,
0.031899,
0.030975,
0.029923,
0.028680,
0.027497,
0.026424,
0.025405,
0.024397,
0.023438,
0.022424,
0.021641,
0.021052,
0.020509,
0.020216,
0.020143,
0.020031,
0.019792,
0.019513,
0.019086,
0.018529,
0.017864,
0.017212,
0.016488,
0.015818,
0.015357,
0.014951,
0.014643,
0.014451,
0.014373,
0.014286,
0.014224,
0.014304,
0.014294,
0.014395,
0.014551,
0.014655,
0.014846,
0.015203,
0.015500,
0.015899,
0.016392,
0.017060,
0.017704,
0.018279,
0.018849,
0.019315,
0.019664,
0.019993,
0.020106,
0.020021,
0.019884,
0.019624,
0.019287,
0.018971,
0.018718,
0.018821,
0.019385,
0.019827,
0.020303,
0.020966,
0.021667,
0.022442,
0.023508,
0.024701,
0.025951,
0.027110,
0.028313,
0.029424,
0.030353,
0.031149,
0.031768,
0.032119,
0.032258,
0.032555,
0.033042,
0.033574,
0.033762,
0.034183,
0.034550,
0.034953,
0.035303,
0.035625,
0.035849,
0.036078,
0.036444,
0.036824,
0.037177,
0.037715,
0.038498,
0.039378,
0.040266,
0.041221,
0.042101,
0.043126,
0.044376,
0.045811,
0.047519,
0.049337,
0.051192,
0.052963,
0.054995,
0.057046,
0.058912,
0.060865,
0.062606,
0.064381,
0.066473,
0.068771,
0.070951,
0.072870,
0.074730,
0.076596,
0.078053,
0.078842,
0.079285,
0.080003,
0.080746,
0.081499,
0.082432,
0.083443,
0.084340,
0.085132,
0.086083,
0.086843,
0.088433,
0.090232,
0.093062,
0.096944,
0.100901,
0.104048,
0.105954,
0.107253,
0.108145,
0.108281,
0.108944,
0.108909,
0.107952,
0.106306,
0.103473,
0.100452,
0.096985,
0.093668,
0.091075,
0.089690,
0.088571,
0.088693,
0.089902,
0.091275,
0.093358,
0.095258,
0.097015,
0.099302,
0.101778,
0.104311,
0.106413,
0.107403,
0.108644,
0.109940,
0.111085,
0.111877,
0.112714,
0.114287,
0.116694,
0.119434,
0.121440,
0.123657,
0.125601,
0.127650,
0.129763,
0.131647,
0.133148,
0.134354,
0.135115,
0.133937,
0.131190,
0.127774,
0.123439,
0.119086,
0.114727,
0.109766,
0.104905,
0.100240,
0.095938,
0.091617,
0.088405,
0.085983,
0.084513,
0.083725,
0.083503,
0.083447,
0.082955,
0.082872,
0.083245,
0.084229,
0.085542,
0.087421,
0.089838,
0.092630,
0.095987,
0.099835,
0.103839,
0.108074,
0.112930,
0.118906,
0.125036,
0.131522,
0.139153,
0.148554,
0.159252,
0.172192,
0.187250,
0.205030,
0.223292,
0.242123,
0.262568,
0.284817,
0.309083,
0.333726,
0.360074,
0.386370,
0.414309,
0.430211,
0.444462,
0.457716,
0.469288,
0.478275,
0.486948,
0.494455,
0.501245,
0.508156,
0.514787,
0.522068,
0.529734,
0.537407,
0.545530,
0.554932,
0.565501,
0.577886,
0.589667,
0.600060,
0.609427,
0.617169,
0.628854,
0.638539,
0.647340,
0.655163,
0.660680,
0.663961,
0.666430,
0.666629,
0.665289,
0.661261,
0.656353,
0.650744,
0.643580,
0.634243,
0.624071,
0.613482,
0.602737,
0.592900,
0.584697,
0.577826,
0.573137,
0.570311,
0.569721,
0.571318,
0.575428,
0.581982,
0.590863,
0.602146,
0.616067,
0.632484,
0.650943,
0.671498,
0.694364,
0.719770,
0.748299,
0.779557,
0.812448,
0.848770,
0.888537,
0.930736,
0.975374,
1.023197,
1.074036,
1.126783,
1.181661,
1.238752,
1.299468,
1.362464,
1.428123,
1.495372,
1.562601,
1.628661,
1.694958,
1.761027,
1.827472,
1.893086,
1.959541,
2.026673,
2.092175,
2.155984,
2.219455,
2.282492,
2.345259,
2.407388,
2.467605,
2.525970,
2.584320,
2.643235,
2.700119,
2.755376,
2.809675,
2.861230,
2.911612,
2.958733,
3.003832,
3.047173,
3.088015,
3.127439,
3.163841,
1.391921,
1.130450,
1.089036,
1.141351,
1.225409,
1.244397,
1.305321,
1.384203,
1.369030,
1.447062,
1.427803,
1.460602,
1.506865,
1.518631,
1.562332,
1.667509,
1.655158,
1.536595,
1.518450,
2.111498,
1.506331,
0.704493,
0.655424,
0.578970,
0.583505,
0.479697,
0.540089,
0.534913,
0.514197,
0.490829,
0.461690,
0.400811,
0.433839,
0.353785,
0.310648,
0.320025,
0.306827,
0.241789,
0.232048,
0.199181,
0.274690,
0.120686,
0.121866,
0.151840,
0.126493,
0.117291,
0.163459,
0.154595,
0.098660,
0.087552,
0.090898,
0.046010,
0.067536,
0.067783,
0.096608,
0.098612,
0.137802,
0.068134,
0.038264,
0.049435,
0.063428,
0.049761,
0.027914,
0.015019,
0.023742,
0.016748,
0.028643,
0.035254,
0.017234,
0.021776,
0.038966,
0.044606,
0.048675,
0.043179,
0.031031,
0.025779,
0.102801,
0.036920,
0.046920,
0.121965,
0.132485,
0.151552,
0.283412,
0.277979,
0.272592,
0.178905,
0.149217,
0.103706,
0.083913,
0.113801,
0.110938,
0.126152,
0.192243,
0.171451,
0.165169,
0.275124,
0.516590,
0.314868,
0.173079,
0.320157,
0.317073,
0.377269,
0.358373,
0.351302,
0.361634,
0.378483,
0.396281,
0.395563,
0.384298,
0.372587,
0.351695,
0.341696,
0.357999,
0.391922,
0.392092,
0.369735,
0.338775,
0.347757,
0.336257,
0.310756,
0.273653,
0.270976,
0.269999,
0.269673,
0.269470,
0.269603,
0.269673,
0.269092,
0.269320,
0.269359,
0.269775,
0.270914,
0.272978,
0.275392,
0.278502,
0.283184,
0.288251,
0.291940,
0.294609,
0.297086,
0.297715,
0.296915,
0.295619,
0.292181,
0.293935,
0.303785,
0.319524,
0.341369,
0.368658,
0.397934,
0.426681,
0.453959,
0.480783,
0.505948,
0.527687,
0.547227,
0.565168,
0.580513,
0.595124,
0.608905,
0.620439,
0.630110,
0.638769,
0.646586,
0.656656,
0.668522,
0.680124,
0.687184,
0.684412,
0.673298,
0.660217,
0.271950,
0.237574,
0.206224,
0.177207,
0.148814,
0.116457,
0.098802,
0.063317,
0.047336,
0.024943,
0.025556,
0.017010,
0.031986,
0.030785,
0.031630,
0.035094,
0.109120,
0.102937,
0.150443,
0.107169,
0.058827,
0.052154,
0.050036,
0.054914,
0.052622,
0.054516,
0.045151,
0.050422,
0.054391,
0.067315,
0.063175,
0.085579,
0.081740,
0.103571,
0.122920,
0.135893,
0.106392,
0.114569,
0.064427,
0.085530,
0.131456,
0.235242,
0.241845,
0.272582,
0.266078,
0.256631,
0.210810,
0.237902,
0.249268,
0.315326,
0.294465,
0.357925,
0.337831,
0.392599,
0.453056,
0.496194,
0.447113,
0.467792,
0.295195,
0.263832,
0.558861,
0.713640,
0.732196,
0.770315,
0.775597,
0.793360,
0.705662,
0.771621,
0.783668,
0.930724,
0.913100,
1.006359,
0.924914,
0.972647,
1.094573,
1.179072,
1.106909,
1.131809,
0.864791,
0.615874,
1.265047,
1.332322,
1.281166,
1.206755,
1.168829,
1.155505,
1.007507,
1.047620,
0.963949,
1.075757,
1.048227,
1.175782,
1.107555,
1.188056,
1.325328,
1.385114,
1.240580,
1.271860,
0.944135,
0.380226,
0.364822,
0.345916,
0.326547,
0.310952,
0.296562,
0.282797,
0.272129,
0.266573,
0.263734,
0.261165,
0.260595,
0.261042,
0.263153,
0.267027,
0.271869,
0.277093,
0.282284,
0.286372,
0.072063,
0.134458,
0.122195,
0.120174,
0.077752,
0.082137,
0.070618,
0.049062,
0.047249,
0.039198,
0.044605,
0.031265,
0.030415,
0.023117,
0.015771,
0.011816,
0.010403,
0.012817,
0.009369,
0.072199,
0.032394,
0.001943,
0.001794,
0.001934,
0.003573,
0.003913,
0.004723,
0.007170,
0.011094,
0.013544,
0.012047,
0.012546,
0.012958,
0.009458,
0.008525,
0.012454,
0.022062,
0.027507,
0.024749,
0.046383,
0.065033,
0.029711,
0.032476,
0.035019,
0.036913,
0.038820,
0.042498,
0.047742,
0.054922,
0.062027,
0.068744,
0.073496,
0.079542,
0.087265,
0.089851,
0.085473,
0.083614,
0.079572,
0.081819,
0.075538,
0.074375,
0.081670,
0.078203,
0.075924,
0.071299,
0.073497,
0.074943,
0.075866,
0.084123,
0.096538,
0.107380,
0.097200,
0.101192,
0.107635,
0.116999,
0.110922,
0.128719,
0.120641,
0.114615,
0.087250,
0.116434,
0.147507,
0.160028,
0.161667,
0.160252,
0.176905,
0.191014,
0.193493,
0.213500,
0.238282,
0.254327,
0.203589,
0.211465,
0.183029,
0.185464,
0.166824,
0.216456,
0.225146,
0.225776,
0.204120,
0.261174,
0.304486,
0.330013,
0.349886,
0.370542,
0.401479,
0.440913,
0.483541,
0.526872,
0.558580,
0.591139,
0.643604,
0.719046,
0.829441,
0.978680,
1.177755,
1.409297,
1.633345,
1.845915,
2.041105,
2.210723,
2.324658,
2.395053,
2.438056,
2.442419,
2.408113,
2.360331,
2.319363,
2.314931,
2.358903,
2.442038,
2.545590,
2.665363,
2.808898,
2.979052,
3.157765,
3.316810,
3.398268,
3.416093,
3.320178,
3.429359,
3.499388,
3.564754,
3.620835,
3.652915,
3.689334,
3.691220,
3.638079,
3.507672,
3.345411,
3.136303,
2.875844,
2.587867,
2.276775,
1.908602,
1.410459,
0.874691,
0.493200,
0.273472,
0.161769,
0.092514,
0.058980,
0.036547,
0.023413,
0.014645,
0.010854,
0.008635,
0.013701,
0.008756,
0.009816,
0.012328,
0.015064,
0.019905,
0.022914,
0.024673,
0.017979,
0.018655,
0.017572,
0.023659,
0.020464,
0.027494,
0.028279,
0.038460,
0.038842,
0.027930,
0.022406,
0.023785,
0.021247,
0.030131,
0.029414,
0.044752,
0.043508,
0.054691,
0.052867,
0.052471,
0.033878,
0.034135,
0.023578,
0.023448,
0.033768,
0.073717,
0.073335,
0.097034,
0.100380,
0.086819,
0.067432,
0.070910,
0.070826,
0.092992,
0.086901,
0.114699,
0.113633,
0.126729,
0.131293,
0.131972,
0.107246,
0.108217,
0.082152,
0.072611,
0.116846,
0.185273,
0.178525,
0.197723,
0.203159,
0.185955,
0.156382,
0.157335,
0.152854,
0.174384,
0.168795,
0.203684,
0.193332,
0.199616,
0.199358,
0.190181,
0.149284,
0.147434,
0.111061,
0.076135,
0.077281,
0.077661,
0.078694,
0.079434,
0.080953,
0.082794,
0.084379,
0.085822,
0.086008,
0.083431,
0.077346,
0.067360,
0.055771,
0.045244,
0.036941,
0.030216,
0.024766,
0.019881,
0.015671,
0.012618,
0.010326,
0.008311,
0.006750,
0.005957,
0.005425,
0.004720,
0.004104,
0.003919,
0.004433,
0.005839,
0.008373,
0.012384,
0.018064,
0.025703,
0.034856,
0.044957,
0.054550,
0.063045,
0.067882,
0.070815,
0.069085,
0.061243,
0.049392,
0.038276,
0.028955,
0.021232,
0.014529,
0.009870,
0.007417,
0.006577,
0.006569,
0.006867,
0.007433,
0.008175,
0.008978,
0.009938,
0.011187,
0.012843,
0.014232,
0.015370,
0.016098,
0.016257,
0.016264,
0.015903,
0.015403,
0.014911,
0.014541,
0.014086,
0.013274,
0.012303,
0.011328,
0.010425,
0.009560,
0.008972,
0.008804,
0.008844,
0.009130,
0.009612,
0.010201,
0.010531,
0.010736,
0.010749,
0.010667,
0.010480,
0.010540,
0.010713,
0.011086,
0.011595,
0.012269,
0.013163,
0.014069,
0.015014,
0.016043,
0.017072,
0.018310,
0.019667,
0.021008,
0.022315,
0.023716,
0.025104,
0.026252,
0.027240,
0.028705,
0.030189,
0.031874,
0.033644,
0.035597,
0.037633,
0.039609,
0.041540,
0.043087,
0.044013,
0.044346,
0.044194,
0.043630,
0.042775,
0.041604,
0.039903,
0.037547,
0.034845,
0.032413,
0.030436,
0.029317,
0.028811,
0.029070,
0.029595,
0.030027,
0.030698,
0.031710,
0.032823,
0.034283,
0.036055,
0.037985,
0.040111,
0.042292,
0.045305,
0.048042,
0.050124,
0.050611,
0.049899,
0.048249,
0.045810,
0.043240,
0.040279,
0.037301,
0.034047,
0.030276,
0.026761,
0.023645,
0.020709,
0.018126,
0.015896,
0.014065,
0.012588,
0.011507,
0.010855,
0.010491,
0.010289,
0.010213,
0.010288,
0.010406,
0.010491,
0.010614,
0.010869,
0.011161,
0.011511,
0.011907,
0.012330,
0.012829,
0.013253,
0.013774,
0.014457,
0.015160,
0.016116,
0.017266,
0.018525,
0.019765,
0.020996,
0.022298,
0.023842,
0.025279,
0.026492,
0.026976,
0.027283,
0.027322,
0.027099,
0.026383,
0.025427,
0.024379,
0.023259,
0.021961,
0.020386,
0.018726,
0.017155,
0.015590,
0.014217,
0.013110,
0.012171,
0.011575,
0.011326,
0.011179,
0.011084,
0.011051,
0.010904,
0.010583,
0.010325,
0.010106,
0.009707,
0.009266,
0.008853,
0.008476,
0.008314,
0.008329,
0.008492,
0.008694,
0.008903,
0.009193,
0.009512,
0.009920,
0.010447,
0.010922,
0.011396,
0.011999,
0.012465,
0.012812,
0.013260,
0.013868,
0.014663,
0.015619,
0.016862,
0.018140,
0.019334,
0.020259,
0.021020,
0.021551,
0.021803,
0.021599,
0.020871,
0.020167,
0.019337,
0.018636,
0.018063,
0.017612,
0.017241,
0.016836,
0.016623,
0.017010,
0.017609,
0.018548,
0.019846,
0.021375,
0.023076,
0.025070,
0.027247,
0.029404,
0.031304,
0.032786,
0.033404,
0.033528,
0.033771,
0.033947,
0.034324,
0.034370,
0.034178,
0.034230,
0.034312,
0.034324,
0.033910,
0.033473,
0.033168,
0.032901,
0.032637,
0.032527,
0.032428,
0.032411,
0.032543,
0.032817,
0.033205,
0.033715,
0.034401,
0.035448,
0.036333,
0.037190,
0.038158,
0.039402,
0.040746,
0.042013,
0.043237,
0.044407,
0.045684,
0.046915,
0.048391,
0.049920,
0.051572,
0.053398,
0.055369,
0.057572,
0.059926,
0.062070,
0.063987,
0.065313,
0.066350,
0.067760,
0.069442,
0.070907,
0.071976,
0.072270,
0.072178,
0.071098,
0.069744,
0.067901,
0.065615,
0.063224,
0.060629,
0.057954,
0.055904,
0.054599,
0.054180,
0.055278,
0.055971,
0.056273,
0.056145,
0.055107,
0.053400,
0.051005,
0.049122,
0.047914,
0.046249,
0.043861,
0.041267,
0.038763,
0.036798,
0.035454,
0.034311,
0.033813,
0.034209,
0.035360,
0.036623,
0.037679,
0.038334,
0.039183,
0.040057,
0.041044,
0.042568,
0.044018,
0.045149,
0.046176,
0.046742,
0.047053,
0.047046,
0.047089,
0.047471,
0.048774,
0.050612,
0.054011,
0.058501,
0.064582,
0.072011,
0.079824,
0.087114,
0.093484,
0.098653,
0.102449,
0.104615,
0.105324,
0.103712,
0.100543,
0.096530,
0.091959,
0.087541,
0.082127,
0.076869,
0.072241,
0.069470,
0.067427,
0.066157,
0.065699,
0.065398,
0.065082,
0.065518,
0.066343,
0.067542,
0.069753,
0.072659,
0.076094,
0.080293,
0.085048,
0.090506,
0.096627,
0.103431,
0.110395,
0.117821,
0.125898,
0.136369,
0.147629,
0.160754,
0.176149,
0.193435,
0.213490,
0.236764,
0.261277,
0.287682,
0.316492,
0.347115,
0.379128,
0.414483,
0.450610,
0.488476,
0.530345,
0.571266,
0.610342,
0.648595,
0.684674,
0.718025,
0.748872,
0.776256,
0.803300,
0.831112,
0.857934,
0.881050,
0.903005,
0.928241,
0.958008,
0.987669,
1.020147,
1.057539,
1.096309,
1.134134,
1.170087,
1.202358,
1.230479,
1.255856,
1.280132,
1.304053,
1.328485,
1.349373,
1.364540,
1.370576,
1.372503,
1.369119,
1.403522,
1.434066,
1.463284,
1.491717,
1.516946,
1.540115,
1.566691,
1.592839,
1.612314,
1.629155,
1.644969,
1.663343,
1.683764,
1.704999,
1.727755,
1.750689,
1.773651,
1.798214,
1.823874,
1.852267,
1.881421,
1.914453,
1.947185,
1.979607,
2.011356,
2.042811,
2.072819,
2.102145,
2.131275,
2.160582,
2.190424,
2.220580,
2.250245,
2.281311,
2.314536,
2.350409,
2.389265,
2.429450,
2.471929,
2.516338,
2.559285,
2.603195,
2.648751,
2.692798,
2.734735,
2.772199,
2.808286,
2.843931,
2.877530,
2.909453,
2.939728,
2.968901,
2.995287,
3.021205,
3.047249,
3.071160,
3.094853,
3.119671,
3.143512,
3.168684,
3.194158,
3.219117,
3.241594,
3.262125,
3.280521,
3.296417,
3.309596,
3.319678,
3.327470,
3.332396,
3.336824,
3.340191,
3.341538,
3.342184,
3.340847,
3.338242,
3.336588,
3.335309,
3.334212,
3.334899,
3.336486,
3.339278,
3.342809,
3.347649,
3.353549,
3.360028,
3.366920,
3.374359,
3.382176,
3.390268,
3.398500,
3.407387,
3.417848,
3.429810,
3.442785,
3.457915,
3.474747,
3.493261,
3.513075,
3.534048,
0.844718,
0.534346,
0.617469,
0.605278,
0.655509,
0.844094,
0.801923,
0.683520,
0.859192,
0.722624,
0.828204,
0.754433,
0.715407,
0.708096,
0.663044,
0.630242,
0.880843,
0.973842,
0.826852,
1.092356,
0.671580,
0.092305,
0.217244,
0.208963,
0.225812,
0.185670,
0.191889,
0.175887,
0.171716,
0.121131,
0.109148,
0.133129,
0.090000,
0.054493,
0.075880,
0.065674,
0.054170,
0.036075,
0.072117,
0.292670,
0.124553,
0.033552,
0.050408,
0.068096,
0.080565,
0.060076,
0.033248,
0.091890,
0.070091,
0.113072,
0.306529,
0.282231,
0.248426,
0.164884,
0.175429,
0.230171,
0.224546,
0.207231,
0.226789,
0.426347,
0.146774,
0.120026,
0.150483,
0.161982,
0.142781,
0.129912,
0.145524,
0.196236,
0.232609,
0.252453,
0.303913,
0.286808,
0.244568,
0.154474,
0.200797,
0.107999,
0.191774,
0.129423,
0.161537,
0.731201,
0.130770,
0.119069,
0.117682,
0.136883,
0.120122,
0.142211,
0.156217,
0.151062,
0.106562,
0.155507,
0.206197,
0.242872,
0.211418,
0.172405,
0.210585,
0.136873,
0.126786,
0.131831,
0.119902,
0.115471,
0.135166,
0.197264,
0.201720,
0.190488,
0.198424,
0.199820,
0.222153,
0.238267,
0.265475,
0.289508,
0.322860,
0.362491,
0.371541,
0.400197,
0.421462,
0.448064,
0.443607,
0.490970,
0.495235,
0.457835,
0.442900,
0.473886,
0.559625,
0.656191,
0.724243,
0.732947,
0.713264,
0.698644,
0.714139,
0.738236,
0.743423,
0.726594,
0.710952,
0.724021,
0.764902,
0.793183,
0.856470,
0.912879,
0.932886,
0.964293,
0.891787,
0.764409,
0.771894,
0.740309,
0.652659,
0.501310,
0.394046,
0.397656,
0.440959,
0.471655,
0.493854,
0.528201,
0.556734,
0.569232,
0.600085,
0.616111,
0.631747,
0.665791,
0.641393,
0.571666,
0.521386,
0.453955,
0.444185,
0.449728,
0.520474,
0.670734,
0.901790,
1.091146,
1.181363,
1.253317,
1.322887,
1.111035,
1.162785,
1.227548,
1.383251,
1.596818,
1.585348,
1.492532,
1.326564,
1.174480,
1.030410,
0.968197,
0.916061,
0.910866,
1.104936,
1.227507,
1.203317,
1.151139,
0.884448,
0.706060,
0.600616,
0.540519,
0.553657,
0.592057,
0.665146,
0.764528,
0.825233,
0.959951,
1.129689,
1.346976,
1.533980,
1.645654,
1.854806,
1.908479,
1.997197,
2.100892,
2.187692,
2.222141,
2.295206,
2.217768,
2.234867,
2.292107,
2.495678,
2.465253,
2.509154,
2.494896,
2.395531,
2.286021,
2.280892,
2.204680,
2.175971,
2.075845,
2.042061,
1.851571,
1.768566,
1.734332,
1.675506,
1.498431,
1.413171,
1.076484,
0.938801,
1.185864,
1.414210,
1.326582,
1.333994,
1.328216,
1.316526,
1.187609,
1.192617,
1.182548,
1.328890,
1.288934,
1.457240,
1.420357,
1.510881,
1.651846,
1.713866,
1.623594,
1.644682,
1.282648,
0.962778,
1.720175,
2.084523,
2.130167,
2.222903,
2.306058,
2.328666,
2.213356,
2.374009,
2.427344,
2.704034,
2.746068,
3.005350,
2.987909,
3.098450,
3.270933,
3.349005,
3.185771,
3.167729,
2.759753,
2.105107,
2.145541,
2.202057,
2.332006,
2.434274,
2.518219,
2.560436,
2.535156,
2.522049,
2.570472,
2.611948,
2.626735,
2.647215,
2.673700,
2.696028,
2.747794,
2.872242,
2.984035,
3.077799,
2.018997,
2.055539,
2.063839,
2.060173,
2.074223,
2.003000,
1.918070,
1.821226,
1.862362,
1.958062,
2.004139,
2.094750,
2.144287,
2.248600,
2.383126,
2.507694,
2.593612,
2.523929,
2.381235,
2.248045,
2.073287,
2.098048,
1.970662,
1.828403,
1.707827,
1.474670,
1.183415,
0.924464,
0.661907,
0.510146,
0.460953,
0.443234,
0.419851,
0.428688,
0.502188,
0.613234,
0.751810,
0.904783,
1.008264,
1.031903,
0.894941,
0.823027,
0.730614,
0.618421,
0.511268,
0.478370,
0.470879,
0.425230,
0.348992,
0.287020,
0.242125,
0.218892,
0.229416,
0.261977,
0.308772,
0.346241,
0.392694,
0.477694,
0.600500,
0.659744,
0.904824,
1.028247,
1.068806,
1.119476,
1.190143,
1.270954,
1.216789,
1.146500,
1.021423,
0.917158,
0.881719,
0.832398,
0.789370,
0.763674,
0.770993,
0.735371,
0.687080,
0.648374,
0.597322,
0.351346,
0.370218,
0.325147,
0.311184,
0.274864,
0.211683,
0.194308,
0.198959,
0.252660,
0.278044,
0.245315,
0.236821,
0.210562,
0.215339,
0.226461,
0.269868,
0.371338,
0.386898,
0.340985,
0.335452,
0.259225,
0.253183,
0.230503,
0.210626,
0.175943,
0.170115,
0.183486,
0.177220,
0.155008,
0.138213,
0.133528,
0.129600,
0.133050,
0.154809,
0.169025,
0.186914,
0.209165,
0.226899,
0.219317,
0.224483,
0.261185,
0.272581,
0.272448,
0.274854,
0.301681,
0.298919,
0.296823,
0.310626,
0.328835,
0.330171,
0.329426,
0.342354,
0.397306,
0.421125,
0.443014,
0.485035,
0.501030,
0.495716,
0.511018,
0.497824,
0.248479,
0.187705,
0.142717,
0.119483,
0.105804,
0.093408,
0.092467,
0.089763,
0.090209,
0.090729,
0.094638,
0.109271,
0.123563,
0.120564,
0.125575,
0.123214,
0.124118,
0.113708,
0.109295,
0.161807,
0.098641,
0.084468,
0.083653,
0.084026,
0.072162,
0.070157,
0.050322,
0.041455,
0.036218,
0.049525,
0.037499,
0.050715,
0.051456,
0.069999,
0.073144,
0.084663,
0.068180,
0.072674,
0.049740,
0.051031,
0.105890,
0.154067,
0.157004,
0.161059,
0.163067,
0.167132,
0.139793,
0.142525,
0.142943,
0.183765,
0.165533,
0.202666,
0.187765,
0.221256,
0.226638,
0.234857,
0.212142,
0.220033,
0.095943,
0.037182,
0.263555,
0.338127,
0.334253,
0.309325,
0.299654,
0.315648,
0.299778,
0.300437,
0.322614,
0.370436,
0.355886,
0.399561,
0.394836,
0.451354,
0.491600,
0.491503,
0.501465,
0.474570,
0.261855,
0.019021,
0.463173,
0.473628,
0.466288,
0.411563,
0.428510,
0.447226,
0.478986,
0.473543,
0.506085,
0.505191,
0.490639,
0.497873,
0.505188,
0.603826,
0.666460,
0.665582,
0.681934,
0.604552,
0.484755,
0.062742,
0.072170,
0.081349,
0.090424,
0.097102,
0.105259,
0.112758,
0.119164,
0.125312,
0.133957,
0.142709,
0.149757,
0.155486,
0.160130,
0.167176,
0.174929,
0.179513,
0.183383,
0.184144,
0.182221,
0.179879,
0.180670,
0.185577,
0.190823,
0.194415,
0.193295,
0.189376,
0.185956,
0.185632,
0.188476,
0.194921,
0.201854,
0.205812,
0.204719,
0.202588,
0.199053,
0.194940,
0.191950,
0.188057,
0.182145,
0.176345,
0.173133,
0.169954,
0.165979,
0.159319,
0.148032,
0.136149,
0.125402,
0.118718,
0.115151,
0.114906,
0.114788,
0.117890,
0.125842,
0.138923,
0.150918,
0.158738,
0.163817,
0.164309,
0.160924,
0.157436,
0.149712,
0.136369,
0.124661,
0.114118,
0.102138,
0.088702,
0.073545,
0.057830,
0.044423,
0.034644,
0.027806,
0.022266,
0.017762,
0.013709,
0.010624,
0.009379,
0.010001,
0.011861,
0.014675,
0.017436,
0.020570,
0.024483,
0.028852,
0.033057,
0.036951,
0.040135,
0.043027,
0.045383,
0.046111,
0.045015,
0.042939,
0.040611,
0.037200,
0.031854,
0.025731,
0.020065,
0.015142,
0.011753,
0.009420,
0.008329,
0.007865,
0.007783,
0.007995,
0.008119,
0.008050,
0.007525,
0.006515,
0.005834,
0.005435,
0.005237,
0.005318,
0.005481,
0.005757,
0.005860,
0.006069,
0.006365,
0.007163,
0.008305,
0.009503,
0.010716,
0.011959,
0.013419,
0.014781,
0.016457,
0.018759,
0.021401,
0.023903,
0.025763,
0.026347,
0.026179,
0.025904,
0.025754,
0.026482,
0.027971,
0.030151,
0.032185,
0.034892,
0.038062,
0.042631,
0.048457,
0.053408,
0.057766,
0.060304,
0.061935,
0.061743,
0.060861,
0.059734,
0.058480,
0.057422,
0.055796,
0.055100,
0.054889,
0.055627,
0.058219,
0.060682,
0.063253,
0.066795,
0.070845,
0.076018,
0.079329,
0.078825,
0.075576,
0.070204,
0.064823,
0.057885,
0.050284,
0.043651,
0.038377,
0.033990,
0.030419,
0.027850,
0.026087,
0.025256,
0.024768,
0.025174,
0.026516,
0.030347,
0.036215,
0.043105,
0.050879,
0.057244,
0.059087,
0.059965,
0.058255,
0.055643,
0.052263,
0.048054,
0.043906,
0.040986,
0.039193,
0.037489,
0.035542,
0.033407,
0.030883,
0.028137,
0.024918,
0.021518,
0.018386,
0.015750,
0.013697,
0.012276,
0.011416,
0.010774,
0.010392,
0.010483,
0.010585,
0.010454,
0.009927,
0.009596,
0.009312,
0.009274,
0.009273,
0.009200,
0.008998,
0.008972,
0.008961,
0.009019,
0.008988,
0.009127,
0.009173,
0.009146,
0.009067,
0.008955,
0.008813,
0.008522,
0.008322,
0.008318,
0.008909,
0.009715,
0.010952,
0.012660,
0.014416,
0.016149,
0.017540,
0.018443,
0.018774,
0.018664,
0.018086,
0.016143,
0.013402,
0.009813,
0.007181,
0.005700,
0.005172,
0.005319,
0.005701,
0.005935,
0.005858,
0.005713,
0.005535,
0.005006,
0.004316,
0.003707,
0.003372,
0.003337,
0.003545,
0.003908,
0.004396,
0.004970,
0.005533,
0.006008,
0.006175,
0.006205,
0.006355,
0.006576,
0.007136,
0.007632,
0.008068,
0.008366,
0.008610,
0.008911,
0.009276,
0.009770,
0.010526,
0.011503,
0.012910,
0.014967,
0.017646,
0.020247,
0.022700,
0.025054,
0.026886,
0.028290,
0.029009,
0.029570,
0.031058,
0.033199,
0.034484,
0.034367,
0.034334,
0.035377,
0.037110,
0.040273,
0.043959,
0.048150,
0.052281,
0.055476,
0.057727,
0.059360,
0.060785,
0.062155,
0.064450,
0.064932,
0.063184,
0.061287,
0.059717,
0.058695,
0.058895,
0.060715,
0.063427,
0.066519,
0.069459,
0.072202,
0.074840,
0.077134,
0.079834,
0.082749,
0.086117,
0.089845,
0.093936,
0.098518,
0.103943,
0.110192,
0.115557,
0.120237,
0.123374,
0.125878,
0.126571,
0.126044,
0.125104,
0.123411,
0.120362,
0.116906,
0.114885,
0.115699,
0.120439,
0.127482,
0.135170,
0.143211,
0.151231,
0.156068,
0.157825,
0.159178,
0.160495,
0.159763,
0.155845,
0.151088,
0.146550,
0.143078,
0.140751,
0.138307,
0.135417,
0.132856,
0.132364,
0.133797,
0.135160,
0.137569,
0.141696,
0.149093,
0.158608,
0.163359,
0.164246,
0.158886,
0.150458,
0.140537,
0.131987,
0.125911,
0.123753,
0.121721,
0.118584,
0.114998,
0.110549,
0.106063,
0.101260,
0.096478,
0.091470,
0.087956,
0.084986,
0.082772,
0.080040,
0.077754,
0.074994,
0.072989,
0.070461,
0.068911,
0.068130,
0.068277,
0.068277,
0.068192,
0.067412,
0.064912,
0.063225,
0.062552,
0.062044,
0.062277,
0.065923,
0.071755,
0.080038,
0.092097,
0.106791,
0.122295,
0.137070,
0.151208,
0.166463,
0.182136,
0.195444,
0.204980,
0.206682,
0.201759,
0.194543,
0.185095,
0.174115,
0.161660,
0.145873,
0.130321,
0.118961,
0.110416,
0.103733,
0.100207,
0.099806,
0.101593,
0.106338,
0.114676,
0.127319,
0.142871,
0.163192,
0.185477,
0.207972,
0.220210,
0.229525,
0.235286,
0.241254,
0.248424,
0.256923,
0.267154,
0.278696,
0.293103,
0.308707,
0.327078,
0.347979,
0.370348,
0.398010,
0.428950,
0.464115,
0.497231,
0.529970,
0.561022,
0.595368,
0.632738,
0.692870,
0.753439,
0.817623,
0.882690,
0.946540,
1.007654,
1.064534,
1.119228,
1.168060,
1.211459,
1.250514,
1.281409,
1.311588,
1.341615,
1.370697,
1.400431,
1.431749,
1.464259,
1.492279,
1.516868,
1.538730,
1.564728,
1.588584,
1.604536,
1.617887,
1.633156,
1.645651,
1.659490,
1.673857,
1.685928,
1.698103,
1.706201,
1.711275,
1.715463,
1.715724,
1.713233,
1.711905,
1.709450,
1.708173,
1.708256,
1.710361,
1.714739,
1.722014,
1.732486,
1.748029,
1.768824,
1.794809,
1.826107,
1.860348,
1.898609,
1.940329,
1.986906,
2.036117,
2.086870,
2.139739,
2.194426,
2.250162,
2.307750,
2.368052,
2.434035,
2.503929,
2.578232,
2.656905,
2.745358,
2.836115,
2.933163,
3.037747,
3.141291,
3.248986,
3.363689,
3.477577,
3.593825,
3.707547,
3.816017,
3.923548,
4.027719,
4.130977,
4.230951,
4.328709,
3.858858,
3.573388,
3.718180,
3.779742,
3.820646,
3.880908,
3.937782,
4.236716,
4.399949,
4.524954,
4.518107,
4.398085,
4.465693,
4.409656,
4.443971,
4.561883,
4.580075,
4.419369,
4.004114,
3.804968,
4.183956,
1.749378,
1.735147,
1.638535,
1.573382,
1.494954,
1.415672,
1.450343,
1.318681,
1.221718,
1.227193,
1.084441,
1.013131,
0.936257,
0.858407,
0.648765,
0.696544,
0.566296,
0.495151,
0.417302,
0.883891,
0.698645,
0.688236,
0.658306,
0.619860,
0.571697,
0.510926,
0.498244,
0.378076,
0.288348,
0.315254,
0.225091,
0.241993,
0.216746,
0.185547,
0.115349,
0.149082,
0.108931,
0.098482,
0.197148,
0.365672,
0.264173,
0.242135,
0.253070,
0.236284,
0.222832,
0.199454,
0.196752,
0.180151,
0.175900,
0.184115,
0.218725,
0.201312,
0.192783,
0.173864,
0.169918,
0.210771,
0.379237,
0.600245,
0.947505,
0.475277,
0.348665,
0.296088,
0.279406,
0.262177,
0.271778,
0.247213,
0.226286,
0.204545,
0.220590,
0.258833,
0.364028,
0.324375,
0.310232,
0.301955,
0.223634,
0.184480,
0.216846,
0.367570,
0.620548,
0.708292,
0.768948,
0.685444,
0.638646,
0.600120,
0.557684,
0.551655,
0.569929,
0.601770,
0.593116,
0.547499,
0.492130,
0.424296,
0.368391,
0.329629,
0.300517,
0.271205,
0.258771,
0.250096,
0.258877,
0.358924,
0.339434,
0.324999,
0.315236,
0.313283,
0.321154,
0.329278,
0.340840,
0.357875,
0.386620,
0.428644,
0.487756,
0.564350,
0.623058,
0.639247,
0.629459,
0.621166,
0.620349,
0.624929,
0.632949,
0.643996,
0.660308,
0.683196,
0.717384,
0.763318,
0.811703,
0.802574,
0.739578,
0.725605,
0.748526,
0.777067,
0.821520,
0.880138,
0.955983,
1.050031,
1.162163,
1.268089,
1.308673,
1.265149,
1.223105,
1.183608,
1.156893,
1.149165,
1.146181,
1.159925,
1.225017,
1.333624,
1.411289,
1.492596,
1.599804,
1.694298,
1.231803,
1.470510,
1.401921,
1.297771,
1.240781,
1.201545,
1.151366,
1.155282,
1.061634,
1.093747,
1.065738,
0.990377,
1.008118,
0.988836,
1.003235,
1.004329,
1.003003,
1.052400,
1.065874,
1.045750,
1.005324,
1.025105,
1.019909,
0.983568,
1.032718,
1.064697,
1.083723,
1.150581,
1.181854,
1.178841,
1.189271,
1.143998,
1.165660,
1.238135,
1.257196,
1.348449,
1.410128,
1.499300,
1.523248,
1.318962,
1.273422,
1.289033,
1.331656,
1.324045,
1.370911,
1.401983,
1.393393,
1.372810,
1.245373,
1.135886,
1.081815,
1.022426,
0.995537,
1.001513,
0.971958,
0.966248,
0.971547,
0.972711,
0.955388,
0.708113,
0.804548,
0.837345,
0.957269,
1.008669,
1.075471,
1.168264,
1.160031,
1.170216,
1.091977,
1.064224,
1.115522,
1.080870,
1.080162,
1.092535,
1.103766,
1.085347,
1.134329,
1.180165,
1.130259,
0.791081,
1.092479,
1.486562,
1.483163,
1.675615,
1.571387,
1.651778,
1.735045,
1.680371,
1.660391,
1.492214,
1.503116,
1.396132,
1.480032,
1.577742,
1.769426,
1.809499,
1.784437,
1.928593,
2.193561,
2.553338,
2.705934,
2.799685,
2.776298,
2.652591,
2.530633,
2.385040,
2.251537,
2.174074,
2.169578,
2.168931,
2.142359,
2.107483,
2.089080,
2.083775,
2.090451,
2.102616,
2.119872,
2.138589,
0.158689,
0.084055,
0.087477,
0.079428,
0.118613,
0.133793,
0.147499,
0.164925,
0.204081,
0.241011,
0.275418,
0.281214,
0.296727,
0.259094,
0.244323,
0.273646,
0.293941,
0.300723,
0.347238,
0.488937,
0.272983,
0.234210,
0.232849,
0.226696,
0.229574,
0.221759,
0.212898,
0.196041,
0.180416,
0.158331,
0.128285,
0.109628,
0.099125,
0.081728,
0.063653,
0.069445,
0.071551,
0.071642,
0.100788,
0.251893,
0.139488,
0.109992,
0.123863,
0.131534,
0.153179,
0.167684,
0.187091,
0.218721,
0.262226,
0.286444,
0.299614,
0.307047,
0.319970,
0.326299,
0.367249,
0.494374,
0.528776,
0.522136,
0.523096,
0.572067,
0.442346,
0.409031,
0.405857,
0.363756,
0.311831,
0.263189,
0.235434,
0.221572,
0.230628,
0.258082,
0.245517,
0.231141,
0.218419,
0.205545,
0.206346,
0.194594,
0.178197,
0.173929,
0.185063,
0.218507,
0.176166,
0.161328,
0.163458,
0.161357,
0.151882,
0.152666,
0.158946,
0.162052,
0.160667,
0.156345,
0.157066,
0.157303,
0.152458,
0.155348,
0.158325,
0.171060,
0.185258,
0.205553,
0.226842,
0.359941,
0.375794,
0.395291,
0.422913,
0.445250,
0.458468,
0.465338,
0.471665,
0.487100,
0.508424,
0.531683,
0.556768,
0.587417,
0.619078,
0.649543,
0.679268,
0.701165,
0.714270,
0.759531,
0.820446,
0.860418,
0.887072,
0.915645,
0.947917,
0.976398,
0.998314,
1.026431,
1.051640,
1.079960,
1.121928,
1.165994,
1.182721,
1.186025,
1.172075,
1.157396,
1.159368,
1.188921,
1.225481,
1.264686,
1.298752,
0.778494,
0.962749,
0.902250,
0.925727,
0.907687,
0.859214,
0.828220,
0.842288,
0.835127,
0.844715,
0.857323,
0.828442,
0.820339,
0.801330,
0.756133,
0.679677,
0.620727,
0.605699,
0.572652,
0.565859,
0.514462,
0.522761,
0.530375,
0.576826,
0.576853,
0.532831,
0.475915,
0.417131,
0.350318,
0.324031,
0.318663,
0.270627,
0.246007,
0.237020,
0.202949,
0.194666,
0.175390,
0.171062,
0.152913,
0.163715,
0.161675,
0.173272,
0.167311,
0.187109,
0.186731,
0.197661,
0.236086,
0.279825,
0.290691,
0.300822,
0.307290,
0.295243,
0.292867,
0.290407,
0.287891,
0.291090,
0.294444,
0.306568,
0.303993,
0.340272,
0.283022,
0.253065,
0.224280,
0.221658,
0.211572,
0.216358,
0.235099,
0.247343,
0.253581,
0.271263,
0.304020,
0.326957,
0.342573,
0.360305,
0.391282,
0.436674,
0.432149,
0.397778,
0.370725,
0.436493,
0.275558,
0.217204,
0.193474,
0.187973,
0.191165,
0.228400,
0.258136,
0.266485,
0.278901,
0.308996,
0.311174,
0.329709,
0.318148,
0.305845,
0.292094,
0.322801,
0.379545,
0.435930,
0.419353,
0.358454,
0.304727,
0.289124,
0.281927,
0.290701,
0.316811,
0.355563,
0.385904,
0.396372,
0.367060,
0.295635,
0.235575,
0.209767,
0.196760,
0.178543,
0.149155,
0.120342,
0.102927,
0.088106,
0.063215,
0.040983,
0.029198,
0.023868,
0.022537,
0.026958,
0.037745,
0.042185,
0.036653,
0.036341,
0.039834,
0.044534,
0.044925,
0.041357,
0.040612,
0.042870,
0.043258,
0.039494,
0.037015,
0.037071,
0.032393,
0.028411,
0.025562,
0.024660,
0.026447,
0.026576,
0.018428,
0.016797,
0.014821,
0.012329,
0.013652,
0.020520,
0.032989,
0.041428,
0.031509,
0.018459,
0.013993,
0.019302,
0.023721,
0.025943,
0.026905,
0.026622,
0.025284,
0.022016,
0.024263,
0.027952,
0.030754,
0.031045,
0.031014,
0.033422,
0.040607,
0.054022,
0.068784,
0.081295,
0.092269,
0.108220,
0.122937,
0.126009,
0.121697,
0.120687,
0.124667,
0.133195,
0.142439,
0.153227,
0.168127,
0.172116,
0.178771,
0.187544,
0.194388,
0.191184,
0.184041,
0.169523,
0.156714,
0.150048,
0.154129,
0.162817,
0.163692,
0.161611,
0.158429,
0.159101,
0.161757,
0.170580,
0.186508,
0.189653,
0.171423,
0.155532,
0.137919,
0.120963,
0.107624,
0.102196,
0.095511,
0.084441,
0.073566,
0.068606,
0.068398,
0.066544,
0.063640,
0.059616,
0.055126,
0.050258,
0.047509,
0.045396,
0.044839,
0.042701,
0.040297,
0.042633,
0.051044,
0.057949,
0.060962,
0.065092,
0.065636,
0.057288,
0.046729,
0.041812,
0.038006,
0.032801,
0.027309,
0.022615,
0.020641,
0.017126,
0.013458,
0.011707,
0.010072,
0.008354,
0.007032,
0.005926,
0.006012,
0.006810,
0.008041,
0.010834,
0.014672,
0.016605,
0.016562,
0.014568,
0.013627,
0.014140,
0.015435,
0.016810,
0.017808,
0.018167,
0.018901,
0.019818,
0.021322,
0.022633,
0.022675,
0.020457,
0.017737,
0.015936,
0.015144,
0.015360,
0.014775,
0.014497,
0.014943,
0.014292,
0.012907,
0.012008,
0.010872,
0.009537,
0.007428,
0.006894,
0.007834,
0.008548,
0.009555,
0.011527,
0.014026,
0.015046,
0.016343,
0.013910,
0.008325,
0.005120,
0.005324,
0.006884,
0.009174,
0.012930,
0.015917,
0.017412,
0.017387,
0.017094,
0.017345,
0.018749,
0.019053,
0.018114,
0.016755,
0.015658,
0.015378,
0.017046,
0.022384,
0.026558,
0.029751,
0.033748,
0.037691,
0.040329,
0.042453,
0.041941,
0.039442,
0.038765,
0.038077,
0.037610,
0.037247,
0.036353,
0.034666,
0.032407,
0.030368,
0.029249,
0.029466,
0.031243,
0.033416,
0.037664,
0.043804,
0.050966,
0.057664,
0.058898,
0.060716,
0.061210,
0.058778,
0.052194,
0.044961,
0.039799,
0.035151,
0.029874,
0.024417,
0.019432,
0.015498,
0.012955,
0.011902,
0.013076,
0.016159,
0.021175,
0.027391,
0.033651,
0.039555,
0.043592,
0.044741,
0.043212,
0.041905,
0.040070,
0.038732,
0.038590,
0.038984,
0.039559,
0.040524,
0.043193,
0.046816,
0.049794,
0.052039,
0.054089,
0.055022,
0.054471,
0.053962,
0.053640,
0.054088,
0.056156,
0.058920,
0.061352,
0.061747,
0.059857,
0.055063,
0.050489,
0.048963,
0.049036,
0.049628,
0.050267,
0.051754,
0.053413,
0.054624,
0.054283,
0.053531,
0.052696,
0.050146,
0.047746,
0.045830,
0.044339,
0.042105,
0.036891,
0.031421,
0.029736,
0.030677,
0.033397,
0.036296,
0.039422,
0.042989,
0.047379,
0.053366,
0.058494,
0.060204,
0.059714,
0.058053,
0.055248,
0.051518,
0.047213,
0.041291,
0.035479,
0.031092,
0.028069,
0.025265,
0.022849,
0.020061,
0.018028,
0.015637,
0.012879,
0.010607,
0.009053,
0.007509,
0.005916,
0.004858,
0.004206,
0.003839,
0.003602,
0.003416,
0.003406,
0.003590,
0.003970,
0.004479,
0.005001,
0.005514,
0.005884,
0.006168,
0.006585,
0.007381,
0.008589,
0.009790,
0.011113,
0.012522,
0.014450,
0.017051,
0.020448,
0.024437,
0.029423,
0.036932,
0.045430,
0.051517,
0.056710,
0.062564,
0.070288,
0.079990,
0.091173,
0.103649,
0.117999,
0.132537,
0.146345,
0.155819,
0.159210,
0.156326,
0.142554,
0.128782,
0.116132,
0.106523,
0.103994,
0.105941,
0.110233,
0.114138,
0.120798,
0.129660,
0.141097,
0.154303,
0.171383,
0.192881,
0.217489,
0.244541,
0.268526,
0.285785,
0.298053,
0.306591,
0.312455,
0.319825,
0.329215,
0.345515,
0.369412,
0.403245,
0.440392,
0.482205,
0.531832,
0.579989,
0.614170,
0.640941,
0.658086,
0.667860,
0.675780,
0.688646,
0.704139,
0.721654,
0.744939,
0.770655,
0.799630,
0.831358,
0.865516,
0.897390,
0.925430,
0.946667,
0.972777,
0.997431,
1.025014,
1.048957,
1.071862,
1.091869,
1.113983,
1.139161,
1.167376,
1.197260,
1.228411,
1.260278,
1.288444,
1.312661,
1.334075,
1.355165,
1.374206,
1.393385,
1.411010,
1.423662,
1.434680,
1.468034,
1.503472,
1.542153,
1.585690,
1.628722,
1.664523,
1.696449,
1.721465,
1.740125,
1.757711,
1.771860,
1.788000,
1.805789,
1.829526,
1.855488,
1.882784,
1.916204,
1.954879,
2.009281,
2.070748,
2.128596,
2.179830,
2.228388,
2.282684,
2.343446,
2.404386,
2.470302,
2.539313,
2.600020,
2.660860,
2.719480,
2.765855,
2.806433,
2.841507,
2.865994,
2.891404,
2.925009,
2.964715,
3.020308,
3.083935,
3.158351,
3.239660,
3.323417,
3.414033,
3.505139,
3.595660,
3.688569,
3.783427,
3.875234,
3.967071,
4.064609,
4.167062,
4.267216,
4.356445,
4.442567,
4.529753,
4.610387,
4.686504,
4.757157,
4.823560,
4.886438,
4.940373,
4.985732,
5.028010,
1.740654,
1.982006,
1.909140,
1.934183,
1.873746,
1.881171,
1.849052,
1.938860,
1.941025,
1.986057,
1.968433,
1.979686,
1.986936,
1.971726,
1.937725,
1.947127,
2.006931,
1.984441,
2.008841,
2.538589,
2.337345,
2.126720,
2.304839,
2.370729,
2.480215,
2.602627,
2.684105,
2.610314,
2.909371,
2.792009,
2.796283,
2.755577,
2.647047,
2.660437,
2.566008,
2.708565,
0.562210,
0.484114,
0.506877,
0.852194,
0.504671,
0.343012,
0.514644,
0.379659,
0.314447,
0.342690,
0.272174,
0.361286,
0.303023,
0.431790,
0.422326,
0.508934,
0.508171,
0.251987,
0.204625,
0.515583,
0.181068,
0.181396,
0.066332,
0.088918,
0.115562,
0.046731,
0.145838,
0.123092,
0.111739,
0.077826,
0.051098,
0.055156,
0.048034,
0.052275,
0.044868,
0.048727,
0.038574,
0.034985,
0.057242,
0.431874,
0.064795,
0.084636,
0.075881,
0.222069,
0.242998,
0.161914,
0.207344,
0.244435,
0.267514,
0.242943,
0.175977,
0.225492,
0.166463,
0.180978,
0.186490,
0.195540,
0.203170,
0.177990,
0.230716,
0.600558,
0.262159,
0.260985,
0.213023,
0.306667,
0.353966,
0.290468,
0.320465,
0.339657,
0.332114,
0.312319,
0.277696,
0.279570,
0.255455,
0.253898,
0.244597,
0.248034,
0.236905,
0.242145,
0.264707,
0.443057,
0.582794,
0.333727,
0.428115,
0.406474,
0.470581,
0.504069,
0.480925,
0.345376,
0.364441,
0.355296,
0.327985,
0.359662,
0.337835,
0.347855,
0.335613,
0.353782,
0.481329,
0.492552,
0.522461,
0.874228,
0.856387,
0.836486,
0.812081,
0.784655,
0.758253,
0.732514,
0.707668,
0.683020,
0.658286,
0.636716,
0.617106,
0.595533,
0.571915,
0.547509,
0.522758,
0.497497,
0.472865,
0.449666,
0.426985,
0.403545,
0.381122,
0.359139,
0.337049,
0.314672,
0.292846,
0.271950,
0.251880,
0.232245,
0.213493,
0.196963,
0.182179,
0.168809,
0.156208,
0.145865,
0.138200,
0.131808,
0.123322,
0.117030,
0.117224,
0.126299,
0.148001,
0.185495,
0.234654,
0.283226,
0.332255,
0.397037,
0.484903,
0.614318,
0.763477,
0.867801,
0.745647,
0.728703,
0.685294,
0.633090,
0.552993,
0.478881,
0.390452,
0.303112,
0.229050,
0.167213,
0.124800,
0.104912,
0.077854,
0.065077,
0.067593,
0.090597,
0.124096,
0.161530,
0.180616,
0.207971,
0.232706,
0.298276,
0.391663,
0.562561,
0.744221,
0.837613,
0.853451,
0.948408,
0.998147,
1.021803,
0.997517,
0.979349,
0.950451,
0.910717,
0.742999,
0.619580,
0.496057,
0.431937,
0.359256,
0.253441,
0.390656,
0.475765,
0.442810,
0.436419,
0.435006,
0.417890,
0.389398,
0.420798,
0.425708,
0.468416,
0.458972,
0.496387,
0.484939,
0.581538,
0.534438,
0.558133,
0.532082,
0.516811,
0.439223,
0.198341,
0.586536,
0.787303,
0.769714,
0.746374,
0.753635,
0.764830,
0.718843,
0.786424,
0.798403,
0.848633,
0.822314,
0.929313,
0.899632,
1.014320,
0.981213,
0.983028,
0.970268,
0.918311,
0.733985,
0.225268,
1.049280,
1.113376,
1.113706,
1.010684,
1.054056,
1.079822,
1.157656,
1.121553,
1.145488,
1.095437,
1.132696,
1.147644,
1.211686,
1.335497,
1.356672,
1.376931,
1.435052,
1.382740,
1.300849,
0.319875,
0.348381,
0.383499,
0.417663,
0.454497,
0.485228,
0.513311,
0.538567,
0.550388,
0.565064,
0.582141,
0.607848,
0.639257,
0.680874,
0.730779,
0.789214,
0.856025,
0.920713,
0.988370,
0.804670,
0.951480,
1.046925,
1.153157,
1.212460,
1.306291,
1.364804,
1.406324,
1.446190,
1.468382,
1.481990,
1.474686,
1.497803,
1.572433,
1.670588,
1.795860,
1.937874,
2.085546,
2.195581,
2.326223,
2.289037,
2.256587,
2.207328,
2.154189,
2.104929,
2.053260,
2.000483,
1.944075,
1.903383,
1.868564,
1.833170,
1.816033,
1.828227,
1.842145,
1.863193,
1.914035,
1.967990,
2.006922,
2.027736,
2.058012,
2.078017,
2.052817,
2.038708,
2.013814,
1.981633,
1.950747,
1.905256,
1.834500,
1.755460,
1.635670,
1.478525,
1.240029,
0.957324,
0.718845,
0.545812,
0.421196,
0.334214,
0.263584,
0.206075,
0.159412,
0.125059,
0.119570,
0.099641,
0.089316,
0.076188,
0.075029,
0.069995,
0.066398,
0.074921,
0.087668,
0.101059,
0.099339,
0.103523,
0.113251,
0.123618,
0.116181,
0.128892,
0.118166,
0.102403,
0.085588,
0.118492,
0.147605,
0.151458,
0.152018,
0.143487,
0.156145,
0.162150,
0.155242,
0.174709,
0.194294,
0.215911,
0.177126,
0.186688,
0.165933,
0.174364,
0.156364,
0.203946,
0.202826,
0.177145,
0.120679,
0.122786,
0.125006,
0.127163,
0.129372,
0.131571,
0.133737,
0.135972,
0.138255,
0.140616,
0.143108,
0.145554,
0.148025,
0.150934,
0.154170,
0.157402,
0.160502,
0.163762,
0.167235,
0.171092,
0.175252,
0.179569,
0.183997,
0.187882,
0.191160,
0.193700,
0.195551,
0.197012,
0.198487,
0.199891,
0.200806,
0.201839,
0.202991,
0.204142,
0.205060,
0.205651,
0.205750,
0.206589,
0.207039,
0.207273,
0.021608,
0.044766,
0.045322,
0.042029,
0.043845,
0.038906,
0.038950,
0.031081,
0.027055,
0.019909,
0.023273,
0.026117,
0.037687,
0.055562,
0.086725,
0.122606,
0.196838,
0.227213,
0.256711,
0.273366,
0.279915,
0.276843,
0.293869,
0.308704,
0.310240,
0.313831,
0.312621,
0.305575,
0.306473,
0.309795,
0.328358,
0.359399,
0.389359,
0.423866,
0.454804,
0.484567,
0.500238,
0.504384,
0.492314,
0.474951,
0.432718,
0.401565,
0.346597,
0.284543,
0.202075,
0.127794,
0.074904,
0.047794,
0.027258,
0.036060,
0.028651,
0.050859,
0.048238,
0.061819,
0.063098,
0.065842,
0.041845,
0.042641,
0.023281,
0.023788,
0.038115,
0.094241,
0.093254,
0.117479,
0.116892,
0.101954,
0.072724,
0.076022,
0.073728,
0.102317,
0.088454,
0.121226,
0.113526,
0.124631,
0.131067,
0.130692,
0.095466,
0.087756,
0.037436,
0.019483,
0.076213,
0.158871,
0.149258,
0.166255,
0.171955,
0.156937,
0.113890,
0.121371,
0.117418,
0.153986,
0.147778,
0.195723,
0.185584,
0.197458,
0.203664,
0.195702,
0.142443,
0.134186,
0.070717,
0.022011,
0.023189,
0.024513,
0.025721,
0.026875,
0.028086,
0.029161,
0.030065,
0.031063,
0.032017,
0.032660,
0.033249,
0.033672,
0.033966,
0.034026,
0.033807,
0.033559,
0.033163,
0.032776,
0.032751,
0.032636,
0.032564,
0.032686,
0.033265,
0.033508,
0.033655,
0.033502,
0.032975,
0.032630,
0.032340,
0.032128,
0.032134,
0.032019,
0.031932,
0.031864,
0.031825,
0.032081,
0.032631,
0.033126,
0.033306,
0.033073,
0.032529,
0.031696,
0.030626,
0.028846,
0.026505,
0.023963,
0.021692,
0.019576,
0.017520,
0.015579,
0.013850,
0.012316,
0.011015,
0.009991,
0.009106,
0.008307,
0.007696,
0.007242,
0.006893,
0.006700,
0.006639,
0.006700,
0.006817,
0.006958,
0.007127,
0.007324,
0.007558,
0.007790,
0.008003,
0.008211,
0.008473,
0.008809,
0.009225,
0.009763,
0.010480,
0.011358,
0.012364,
0.013492,
0.014662,
0.015822,
0.016949,
0.018113,
0.019175,
0.020100,
0.020974,
0.021896,
0.022768,
0.023422,
0.023773,
0.023741,
0.023779,
0.023668,
0.023299,
0.022987,
0.022511,
0.021991,
0.021650,
0.021325,
0.020954,
0.020626,
0.020211,
0.019877,
0.019637,
0.019543,
0.019620,
0.019688,
0.019791,
0.019941,
0.019988,
0.020035,
0.019983,
0.019901,
0.019743,
0.019590,
0.019487,
0.019175,
0.018859,
0.018568,
0.018286,
0.018122,
0.017943,
0.017743,
0.017649,
0.017683,
0.017816,
0.017977,
0.018258,
0.018615,
0.018895,
0.019153,
0.019661,
0.020134,
0.020508,
0.020816,
0.021049,
0.021198,
0.021315,
0.021348,
0.021278,
0.021131,
0.020908,
0.020708,
0.020562,
0.020263,
0.019995,
0.019698,
0.019495,
0.019389,
0.019320,
0.019268,
0.019158,
0.018991,
0.018762,
0.018495,
0.018275,
0.018091,
0.017958,
0.018147,
0.018398,
0.018756,
0.019322,
0.019739,
0.020179,
0.020885,
0.021690,
0.022542,
0.023316,
0.023888,
0.024319,
0.024408,
0.024299,
0.024180,
0.023938,
0.023523,
0.023024,
0.022486,
0.021848,
0.021190,
0.020508,
0.019869,
0.019284,
0.018813,
0.018453,
0.018148,
0.017949,
0.017877,
0.017919,
0.017945,
0.018035,
0.018332,
0.018592,
0.018799,
0.019123,
0.019529,
0.020069,
0.020670,
0.021257,
0.021887,
0.022481,
0.023149,
0.024033,
0.024959,
0.025976,
0.027088,
0.028414,
0.029701,
0.031079,
0.032202,
0.033278,
0.034367,
0.035009,
0.035112,
0.034756,
0.034136,
0.033742,
0.033297,
0.032628,
0.031902,
0.031133,
0.030417,
0.029583,
0.028544,
0.027512,
0.026671,
0.026033,
0.025503,
0.025016,
0.024542,
0.024037,
0.023419,
0.022737,
0.022078,
0.021522,
0.020923,
0.020407,
0.019924,
0.019357,
0.018934,
0.018561,
0.018224,
0.017942,
0.017635,
0.017369,
0.017147,
0.017150,
0.017309,
0.017474,
0.017768,
0.018229,
0.018793,
0.019395,
0.020074,
0.020939,
0.022208,
0.023367,
0.024423,
0.025313,
0.026127,
0.026947,
0.027508,
0.027757,
0.027725,
0.027585,
0.027504,
0.027584,
0.027747,
0.027826,
0.028110,
0.028677,
0.029460,
0.030220,
0.031353,
0.033053,
0.034601,
0.035773,
0.036620,
0.037528,
0.038583,
0.039281,
0.039654,
0.039987,
0.040041,
0.039978,
0.040009,
0.040055,
0.039942,
0.040006,
0.040211,
0.040633,
0.041161,
0.041568,
0.041933,
0.042303,
0.042684,
0.043082,
0.043604,
0.044190,
0.044948,
0.045866,
0.046967,
0.048226,
0.049633,
0.051157,
0.052725,
0.054571,
0.056720,
0.059269,
0.062173,
0.065557,
0.069311,
0.073311,
0.077397,
0.081544,
0.086008,
0.091219,
0.096890,
0.102586,
0.107956,
0.113136,
0.117641,
0.122250,
0.126853,
0.131432,
0.135864,
0.140576,
0.144935,
0.149316,
0.153513,
0.158526,
0.164182,
0.169999,
0.176331,
0.183125,
0.190903,
0.200700,
0.211786,
0.224197,
0.238092,
0.253469,
0.269019,
0.286545,
0.304422,
0.319938,
0.331428,
0.340276,
0.345746,
0.347633,
0.347436,
0.344866,
0.341907,
0.337955,
0.334457,
0.331970,
0.328588,
0.323848,
0.318482,
0.314608,
0.311582,
0.310502,
0.310640,
0.309790,
0.307825,
0.306085,
0.304622,
0.303379,
0.302172,
0.300466,
0.297509,
0.293794,
0.288666,
0.282791,
0.276977,
0.271814,
0.267427,
0.263297,
0.258696,
0.254756,
0.249945,
0.245529,
0.241272,
0.236862,
0.232506,
0.227500,
0.220609,
0.212333,
0.204038,
0.195775,
0.187350,
0.177986,
0.167848,
0.158257,
0.149515,
0.142257,
0.136133,
0.130584,
0.125850,
0.121653,
0.118147,
0.115074,
0.112703,
0.110629,
0.108921,
0.107430,
0.106460,
0.106245,
0.106598,
0.107376,
0.108318,
0.110113,
0.112643,
0.116087,
0.119170,
0.121913,
0.125349,
0.128647,
0.131926,
0.135866,
0.140639,
0.214759,
0.288173,
0.360890,
0.433078,
0.502993,
0.570847,
0.636534,
0.699898,
0.760962,
0.819328,
0.874791,
0.927227,
0.976982,
1.024342,
1.069911,
1.112966,
1.153940,
1.192542,
1.228806,
1.263021,
1.296124,
1.331554,
1.365137,
1.396614,
1.426552,
1.453985,
1.478990,
1.501338,
1.520527,
1.538856,
1.557607,
1.575029,
1.590882,
1.603607,
1.615197,
1.625518,
1.633939,
1.640875,
1.645231,
1.648651,
1.650309,
1.651587,
1.653078,
1.655376,
1.658534,
1.663692,
1.669446,
1.675864,
1.683296,
1.691953,
1.703046,
1.716074,
1.731416,
1.748941,
1.768201,
1.788184,
1.810551,
1.835403,
1.862959,
1.893271,
1.926098,
1.961404,
1.998860,
2.038273,
2.080684,
2.125495,
2.171812,
2.219543,
2.268670,
2.319596,
2.372340,
2.426533,
2.482190,
2.537721,
2.594460,
2.651295,
2.708857,
2.766714,
2.823984,
2.880203,
2.935138,
2.989570,
3.043192,
3.095702,
3.146778,
3.196445,
3.245343,
3.291626,
3.335207,
3.376216,
3.416033,
3.455017,
3.493086,
3.528682,
3.562648,
3.595378,
3.627276,
3.658660,
3.689468,
3.719787,
0.614270,
0.383567,
0.409774,
0.396900,
0.435632,
0.481737,
0.451634,
0.460157,
0.505768,
0.453128,
0.522440,
0.515726,
0.512922,
0.510297,
0.556230,
0.565755,
0.628636,
0.656734,
0.537808,
0.913344,
0.480819,
0.078515,
0.139930,
0.153501,
0.185662,
0.142976,
0.141235,
0.124494,
0.098544,
0.099229,
0.083483,
0.114063,
0.078039,
0.066929,
0.098894,
0.100108,
0.054662,
0.054042,
0.070140,
0.239444,
0.123240,
0.033967,
0.041956,
0.053616,
0.067345,
0.055395,
0.035980,
0.076456,
0.048744,
0.083659,
0.261160,
0.313426,
0.264689,
0.190598,
0.228992,
0.260493,
0.273648,
0.226493,
0.247866,
0.467088,
0.154831,
0.129080,
0.175092,
0.174555,
0.143158,
0.141142,
0.121784,
0.174412,
0.259993,
0.281597,
0.254557,
0.265925,
0.231706,
0.171346,
0.165350,
0.111998,
0.219519,
0.124999,
0.136439,
0.779096,
0.136096,
0.115396,
0.109593,
0.131806,
0.127603,
0.155992,
0.159339,
0.130515,
0.099666,
0.155614,
0.196302,
0.269819,
0.199871,
0.177630,
0.219001,
0.137012,
0.119750,
0.122155,
0.105044,
0.115308,
0.121306,
0.186642,
0.197963,
0.188657,
0.190899,
0.184410,
0.200345,
0.211688,
0.233130,
0.260730,
0.287973,
0.323095,
0.323185,
0.361535,
0.371599,
0.397411,
0.392618,
0.445225,
0.456613,
0.425095,
0.393683,
0.415237,
0.479045,
0.575356,
0.599349,
0.596551,
0.583472,
0.573231,
0.587495,
0.608265,
0.614889,
0.600155,
0.588313,
0.595519,
0.605831,
0.613423,
0.639995,
0.676470,
0.702908,
0.698156,
0.595789,
0.539141,
0.526673,
0.484297,
0.428967,
0.348198,
0.296782,
0.307545,
0.338526,
0.357516,
0.371639,
0.390790,
0.407532,
0.417316,
0.426549,
0.416055,
0.398846,
0.405947,
0.421009,
0.415009,
0.392085,
0.382762,
0.406648,
0.469036,
0.608736,
0.796113,
1.055344,
1.234102,
1.297317,
1.362284,
1.426523,
1.276853,
1.369766,
1.467702,
1.684810,
1.897623,
2.012067,
1.898317,
1.726783,
1.563802,
1.348143,
1.178412,
1.166278,
1.363190,
1.411299,
1.386380,
1.365092,
1.250527,
1.009495,
0.806940,
0.595563,
0.489279,
0.459478,
0.482977,
0.535302,
0.585224,
0.643501,
0.730298,
0.913052,
1.159716,
1.299172,
1.374094,
1.458584,
1.557109,
1.639508,
1.705392,
1.785288,
1.843792,
1.897254,
1.946248,
1.935089,
1.880123,
1.882581,
1.858552,
1.886339,
1.855956,
1.796488,
1.720556,
1.658136,
1.566207,
1.445084,
1.361441,
1.310779,
1.171458,
1.052263,
0.964783,
0.885882,
0.785303,
0.693045,
0.617946,
0.579580,
0.478500,
0.443360,
0.358826,
0.278536,
0.235615,
0.206328,
0.188790,
0.149566,
0.097664,
0.079302,
0.046038,
0.059816,
0.053133,
0.067151,
0.086352,
0.088542,
0.069449,
0.079514,
0.071681,
0.113523,
0.095508,
0.154629,
0.165848,
0.192885,
0.219044,
0.227904,
0.221987,
0.253515,
0.266441,
0.327749,
0.356177,
0.416433,
0.429662,
0.459860,
0.494561,
0.512143,
0.494776,
0.505132,
0.453149,
0.487311,
0.490630,
0.504704,
0.534773,
0.603046,
0.647469,
0.673593,
0.663899,
0.626783,
0.605348,
0.615004,
0.616142,
0.617540,
0.625185,
0.629747,
0.643254,
0.668564,
0.719002,
0.775051,
0.768621,
0.843950,
0.859954,
0.850208,
0.848567,
0.805574,
0.737734,
0.669597,
0.648312,
0.690889,
0.712745,
0.739520,
0.762572,
0.799642,
0.853103,
0.903317,
0.958585,
0.981249,
0.946627,
0.881240,
0.776907,
0.720676,
0.675695,
0.576535,
0.485318,
0.381587,
0.252705,
0.179277,
0.123825,
0.093813,
0.091520,
0.094535,
0.089608,
0.090803,
0.102114,
0.103455,
0.090506,
0.068906,
0.053594,
0.055188,
0.062406,
0.082989,
0.121169,
0.129272,
0.101070,
0.068970,
0.069751,
0.079770,
0.091539,
0.106153,
0.122900,
0.137694,
0.156030,
0.179835,
0.219953,
0.266375,
0.313688,
0.383030,
0.463821,
0.530348,
0.602123,
0.642794,
0.651984,
0.690942,
0.727388,
0.753011,
0.806824,
0.873589,
0.903957,
0.851780,
0.784560,
0.708527,
0.626370,
0.493886,
0.316992,
0.238386,
0.176575,
0.125841,
0.096979,
0.070653,
0.105363,
0.088493,
0.096050,
0.086619,
0.082361,
0.078619,
0.086541,
0.093398,
0.107748,
0.105139,
0.106504,
0.120458,
0.105213,
0.085392,
0.088327,
0.088060,
0.107345,
0.122666,
0.135519,
0.115892,
0.126292,
0.138082,
0.147063,
0.158343,
0.170903,
0.186051,
0.198428,
0.207653,
0.219706,
0.224727,
0.228133,
0.246810,
0.269544,
0.294325,
0.321155,
0.341973,
0.364991,
0.381901,
0.386882,
0.391745,
0.393156,
0.389795,
0.397280,
0.413305,
0.431210,
0.433197,
0.438558,
0.460798,
0.486257,
0.507623,
0.529197,
0.541878,
0.549693,
0.557219,
0.571877,
0.579426,
0.576744,
0.558947,
0.553078,
0.531818,
0.601458,
0.652768,
0.688711,
0.712762,
0.715001,
0.721425,
0.735498,
0.746876,
0.767129,
0.778113,
0.774978,
0.762936,
0.775137,
0.806413,
0.831781,
0.851379,
0.861330,
0.842262,
0.825471,
0.766564,
0.729346,
0.718082,
0.744246,
0.768104,
0.736792,
0.652078,
0.583003,
0.532238,
0.453090,
0.378853,
0.340099,
0.345557,
0.350212,
0.355355,
0.411184,
0.490397,
0.580886,
0.675387,
0.743728,
0.769555,
0.758293,
0.701201,
0.624339,
0.530272,
0.432181,
0.342212,
0.261762,
0.194756,
0.144963,
0.112909,
0.090861,
0.070836,
0.054921,
0.044818,
0.038985,
0.033966,
0.030681,
0.030111,
0.037711,
0.048762,
0.069076,
0.118693,
0.148722,
0.184271,
0.234962,
0.330970,
0.465938,
0.549512,
0.612864,
0.534707,
0.346096,
0.204848,
0.132379,
0.094912,
0.062773,
0.038692,
0.023986,
0.016939,
0.016512,
0.028925,
0.037627,
0.070886,
0.094418,
0.101141,
0.102723,
0.110214,
0.110732,
0.103093,
0.097590,
0.094332,
0.086245,
0.079584,
0.072569,
0.065716,
0.061568,
0.059932,
0.061642,
0.062996,
0.067512,
0.079182,
0.091996,
0.101619,
0.110918,
0.120716,
0.130341,
0.141513,
0.152712,
0.160931,
0.166091,
0.174192,
0.183124,
0.197138,
0.208968,
0.215497,
0.220343,
0.226952,
0.231414,
0.237042,
0.241152,
0.239966,
0.237613,
0.238076,
0.246515,
0.257221,
0.266888,
0.270443,
0.269275,
0.266355,
0.264050,
0.265081,
0.266283,
0.272878,
0.281050,
0.283889,
0.276531,
0.268004,
0.265186,
0.262288,
0.259661,
0.254235,
0.248388,
0.249727,
0.253754,
0.255203,
0.252032,
0.240844,
0.225179,
0.209967,
0.198048,
0.191435,
0.189108,
0.189151,
0.192526,
0.200748,
0.210642,
0.222864,
0.234156,
0.239543,
0.241662,
0.239386,
0.237081,
0.229463,
0.217475,
0.201414,
0.191802,
0.181057,
0.167612,
0.151579,
0.131992,
0.107374,
0.085612,
0.069266,
0.056472,
0.046664,
0.037219,
0.028321,
0.020864,
0.016613,
0.015740,
0.018176,
0.021948,
0.025478,
0.028762,
0.033295,
0.039508,
0.045561,
0.050887,
0.054872,
0.058584,
0.061609,
0.064431,
0.064559,
0.062108,
0.057231,
0.051857,
0.045035,
0.037067,
0.029830,
0.023431,
0.019471,
0.017640,
0.014224,
0.011544,
0.010869,
0.011925,
0.013613,
0.015583,
0.017210,
0.017033,
0.014618,
0.011752,
0.009790,
0.008608,
0.007660,
0.007523,
0.007815,
0.008216,
0.008494,
0.009122,
0.009980,
0.010754,
0.011680,
0.013276,
0.015518,
0.018317,
0.020854,
0.023881,
0.027945,
0.031158,
0.034245,
0.037124,
0.038615,
0.038955,
0.039217,
0.040029,
0.041676,
0.044829,
0.048615,
0.052170,
0.055799,
0.059339,
0.064271,
0.071987,
0.079307,
0.084997,
0.089560,
0.092787,
0.092909,
0.090940,
0.089854,
0.089358,
0.088418,
0.087070,
0.085666,
0.085524,
0.087112,
0.088242,
0.089474,
0.092390,
0.095790,
0.098325,
0.101673,
0.102613,
0.101571,
0.098451,
0.094147,
0.088234,
0.081093,
0.072672,
0.065126,
0.059086,
0.053760,
0.048687,
0.044775,
0.042536,
0.040997,
0.039602,
0.038497,
0.037588,
0.038552,
0.042570,
0.050691,
0.060878,
0.070647,
0.076498,
0.077244,
0.074968,
0.069873,
0.065357,
0.059964,
0.052903,
0.046827,
0.042752,
0.039088,
0.035531,
0.031422,
0.027641,
0.023925,
0.020237,
0.016496,
0.012998,
0.009899,
0.007667,
0.006159,
0.005233,
0.004656,
0.004477,
0.004690,
0.005238,
0.006041,
0.007047,
0.008136,
0.009212,
0.009954,
0.010351,
0.010281,
0.009971,
0.009535,
0.009040,
0.008600,
0.008281,
0.007783,
0.007222,
0.006780,
0.006594,
0.006617,
0.006569,
0.006560,
0.006520,
0.006409,
0.006050,
0.005817,
0.006078,
0.006581,
0.007928,
0.009656,
0.010763,
0.011945,
0.012978,
0.013012,
0.011888,
0.010219,
0.008948,
0.007051,
0.005072,
0.003985,
0.003687,
0.003844,
0.004399,
0.005010,
0.005480,
0.005868,
0.006104,
0.006384,
0.006471,
0.006138,
0.006002,
0.006105,
0.006386,
0.006927,
0.007676,
0.008613,
0.009861,
0.011342,
0.012774,
0.014343,
0.014913,
0.015279,
0.015554,
0.015718,
0.015634,
0.016072,
0.016547,
0.016366,
0.015987,
0.015674,
0.015489,
0.015369,
0.015726,
0.016766,
0.019258,
0.023071,
0.028325,
0.033464,
0.037516,
0.040196,
0.041213,
0.040358,
0.037140,
0.033472,
0.029706,
0.027785,
0.027159,
0.026131,
0.024256,
0.022356,
0.021591,
0.022158,
0.024183,
0.028938,
0.033924,
0.039041,
0.043889,
0.048402,
0.052115,
0.055298,
0.056773,
0.055764,
0.053636,
0.050633,
0.048348,
0.047062,
0.047331,
0.048751,
0.050391,
0.051987,
0.053694,
0.054847,
0.055291,
0.055364,
0.055180,
0.055165,
0.055356,
0.056665,
0.058288,
0.060890,
0.063621,
0.066718,
0.069753,
0.072077,
0.073222,
0.072014,
0.068630,
0.063447,
0.057977,
0.053532,
0.050463,
0.049290,
0.049799,
0.052066,
0.055545,
0.059954,
0.064718,
0.068971,
0.071918,
0.072854,
0.071551,
0.068352,
0.064576,
0.059337,
0.054783,
0.052267,
0.050970,
0.050712,
0.051245,
0.051967,
0.053175,
0.054366,
0.055370,
0.055638,
0.055430,
0.055486,
0.055455,
0.054920,
0.053789,
0.052077,
0.048242,
0.043732,
0.039051,
0.034623,
0.031072,
0.028580,
0.027113,
0.027065,
0.027620,
0.027950,
0.027013,
0.025023,
0.022720,
0.020216,
0.017564,
0.014717,
0.012398,
0.011042,
0.010462,
0.010302,
0.010426,
0.010596,
0.010883,
0.011356,
0.011911,
0.012602,
0.013421,
0.014176,
0.014983,
0.015870,
0.016825,
0.017550,
0.018625,
0.020119,
0.021595,
0.023875,
0.027144,
0.030475,
0.034361,
0.040162,
0.047336,
0.057183,
0.069638,
0.083542,
0.097985,
0.113621,
0.128220,
0.141068,
0.147814,
0.147697,
0.142696,
0.136034,
0.127281,
0.117003,
0.106061,
0.097686,
0.091685,
0.088978,
0.087278,
0.087626,
0.090904,
0.097199,
0.106727,
0.119294,
0.135237,
0.155103,
0.179233,
0.204274,
0.228000,
0.251482,
0.272497,
0.292871,
0.311821,
0.331808,
0.353041,
0.376155,
0.403280,
0.435813,
0.471661,
0.514916,
0.561623,
0.613261,
0.671754,
0.734280,
0.799806,
0.867130,
0.934858,
1.002272,
