0.044363,0.049014,47.669160,4632.826100,-0.429749,44.492314,6.398278,2.360894,0.000000
0.088700,0.097984,47.618324,4629.745239,-0.415981,44.492176,6.442860,2.377483,0.000000
0.133004,0.146899,47.569399,4626.635955,-0.401586,44.492078,6.485810,2.393471,0.000000
0.177283,0.195771,47.522472,4623.499014,-0.386580,44.492030,6.527016,2.408817,0.000000
0.221537,0.244599,47.477618,4620.335235,-0.370999,44.492020,6.566371,2.423482,0.000000
0.265756,0.293383,47.434905,4617.145530,-0.354878,44.492051,6.603772,2.437427,0.000000
0.309951,0.342113,47.394401,4613.930846,-0.338243,44.492121,6.639120,2.450616,0.000000
0.354111,0.390799,47.356172,4610.692212,-0.321129,44.492240,6.672322,2.463015,0.000000
0.398247,0.439430,47.320276,4607.430703,-0.303571,44.492399,6.703291,2.474590,0.000000
0.442358,0.488017,47.286761,4604.147464,-0.285595,44.492588,6.731945,2.485312,0.000000
0.486424,0.536550,47.255676,4600.843670,-0.267264,44.492826,6.758211,2.495154,0.000000
0.530476,0.585040,47.227059,4597.520583,-0.248595,44.493103,6.782021,2.504090,0.000000
0.574483,0.633485,47.200959,4594.179486,-0.229632,44.493420,6.803316,2.512098,0.000000
0.618475,0.681876,47.177396,4590.821709,-0.210428,44.493777,6.822046,2.519160,0.000000
0.662423,0.730224,47.156398,4587.448605,-0.191010,44.494183,6.838167,2.525260,0.000000
0.706346,0.778517,47.137986,4584.061593,-0.171431,44.494619,6.851646,2.530384,0.000000
0.750235,0.826755,47.122170,4580.662103,-0.151735,44.495094,6.862458,2.534524,0.000000
0.794089,0.874950,47.108970,4577.251566,-0.131966,44.495619,6.870586,2.537673,0.000000
0.837918,0.923101,47.098377,4573.831472,-0.112161,44.496173,6.876024,2.539828,0.000000
0.881713,0.971198,47.090393,4570.403301,-0.092364,44.496777,6.878775,2.540992,0.000000
0.925483,1.019251,47.084999,4566.968552,-0.072627,44.497410,6.878849,2.541166,0.000000
0.969237,1.067218,47.081265,4563.530523,-0.067302,44.436701,6.877225,2.540713,-29.385127
1.013007,1.115086,47.078222,4560.091815,-0.062107,44.376004,6.874882,2.539995,-29.384899
1.056791,1.162857,47.075853,4556.652848,-0.057052,44.315326,6.871841,2.539018,-29.384670
1.100590,1.210530,47.074137,4553.214053,-0.052164,44.254679,6.868128,2.537793,-29.384441
1.144404,1.258094,47.073056,4549.775848,-0.047443,44.194053,6.863767,2.536328,-29.384212
1.188232,1.305561,47.072583,4546.338614,-0.042897,44.133467,6.858785,2.534634,-29.383984
1.232075,1.352930,47.072697,4542.902752,-0.038537,44.072921,6.853209,2.532720,-29.383755
1.275933,1.400190,47.073362,4539.468623,-0.034362,44.012425,6.847068,2.530597,-29.383526
1.319805,1.447353,47.074567,4536.036599,-0.030399,43.951980,6.840392,2.528276,-29.383297
1.363692,1.494419,47.076267,4532.607021,-0.026648,43.891595,6.833213,2.525768,-29.383069
1.407594,1.541387,47.078450,4529.180223,-0.023110,43.831269,6.825561,2.523085,-29.382840
1.451511,1.588246,47.081070,4525.756508,-0.019802,43.771004,6.817469,2.520240,-29.382611
1.495442,1.635019,47.084108,4522.336178,-0.016725,43.710809,6.808971,2.517244,-29.382382
1.539378,1.681684,47.087536,4518.919519,-0.013878,43.650693,6.800100,2.514109,-29.382154
1.583338,1.728240,47.091315,4515.506785,-0.011281,43.590648,6.790890,2.510849,-29.381925
1.627304,1.774710,47.095408,4512.098231,-0.008932,43.530682,6.781377,2.507476,-29.381696
1.671284,1.821071,47.099796,4508.694092,-0.006833,43.470786,6.771594,2.504004,-29.381467
1.715278,1.867346,47.104431,4505.294565,-0.005001,43.410990,6.761578,2.500444,-29.381239
1.759288,1.913513,47.109294,4501.899846,-0.003418,43.351273,6.751363,2.496811,-29.381010
1.803302,1.959583,47.114338,4498.510103,-0.002103,43.291637,6.740986,2.493117,-29.380781
1.847341,2.005555,47.119535,4495.125502,-0.001056,43.232100,6.730481,2.489375,-29.380552
1.891385,2.051431,47.124845,4491.746163,-0.000269,43.172642,6.719884,2.485599,-29.380324
1.935443,2.097209,47.130242,4488.372213,0.000242,43.113285,6.709230,2.481802,-29.380095
1.979507,2.142879,47.135695,4485.003753,0.000484,43.054007,6.698555,2.477995,-29.379866
2.023594,2.188463,47.141149,4481.640850,0.000448,42.994829,6.687892,2.474194,-29.379638
2.067687,2.233949,47.146583,4478.283566,0.000152,42.935740,6.677277,2.470409,-29.379409
2.111794,2.279339,47.151970,4474.931942,-0.000421,42.876741,6.666742,2.466653,-29.379180
2.155907,2.324621,47.157261,4471.585997,-0.001265,42.817832,6.656322,2.462940,-29.378951
2.200034,2.369816,47.162429,4468.245743,-0.002368,42.759003,6.646049,2.459280,-29.378723
2.244175,2.414915,47.167444,4464.911142,-0.003742,42.700273,6.635956,2.455687,-29.378494
2.288322,2.459917,47.172259,4461.582187,-0.005385,42.641623,6.626074,2.452171,-29.378265
2.332483,2.504822,47.176854,4458.258800,-0.007281,42.583053,6.616434,2.448744,-29.378036
2.376659,2.549640,47.181192,4454.940924,-0.009428,42.524562,6.607066,2.445418,-29.377808
2.420850,2.594351,47.185243,4451.628472,-0.011838,42.466162,6.598001,2.442203,-29.377579
2.465045,2.638976,47.188979,4448.321328,-0.014491,42.407831,6.589266,2.439110,-29.377350
2.509246,2.683494,47.192362,4445.019377,-0.017388,42.349570,6.580890,2.436150,-29.377121
2.553461,2.727925,47.195363,4441.722482,-0.020530,42.291379,6.572899,2.433332,-29.376893
2.597691,2.772260,47.197963,4438.430479,-0.023897,42.233248,6.565320,2.430665,-29.376664
2.641925,2.816509,47.200123,4435.143213,-0.027492,42.175187,6.558177,2.428161,-29.376435
2.686175,2.860651,47.201815,4431.860479,-0.031304,42.117186,6.551496,2.425826,-29.376206
2.730439,2.904706,47.203019,4428.582082,-0.035333,42.059225,6.545299,2.423671,-29.375978
2.774708,2.948665,47.203717,4425.307799,-0.039572,42.001324,6.539610,2.421703,-29.375749
2.818982,2.992527,47.203859,4422.037416,-0.044002,41.943464,6.534448,2.419931,-29.375520
2.863270,3.036304,47.203447,4418.770678,-0.048624,41.885643,6.529835,2.418361,-29.375291
2.907573,3.079984,47.202451,4415.507324,-0.053427,41.827853,6.525790,2.417002,-29.375063
2.951882,3.123568,47.200842,4412.247089,-0.058405,41.770094,6.522332,2.415860,-29.374834
2.996195,3.167066,47.198611,4408.989690,-0.063556,41.712355,6.519477,2.414941,-29.374605
3.040522,3.210467,47.195729,4405.734836,-0.068853,41.654636,6.517243,2.414252,-29.374376
3.084865,3.253772,47.192185,4402.482212,-0.074298,41.596928,6.515644,2.413798,-29.374148
3.129212,3.296981,47.187961,4399.231516,-0.079881,41.539221,6.514694,2.413585,-29.373919
3.173564,3.340104,47.183038,4395.982397,-0.085593,41.481514,6.514407,2.413617,-29.373690
3.217931,3.383142,47.177405,4392.734542,-0.091416,41.423808,6.514795,2.413899,-29.373462
3.262303,3.426072,47.171053,4389.487597,-0.097350,41.366083,6.515868,2.414435,-29.373233
3.306690,3.468917,47.163972,4386.241203,-0.103386,41.308329,6.517638,2.415229,-29.373004
3.351081,3.511677,47.156142,4382.995005,-0.109507,41.250556,6.520111,2.416284,-29.372775
3.395487,3.554340,47.147554,4379.748623,-0.115694,41.192755,6.523297,2.417603,-29.372547
3.439888,3.596907,47.138217,4376.501693,-0.121956,41.134904,6.527202,2.419189,-29.372318
3.484314,3.639378,47.128112,4373.253815,-0.128266,41.077005,6.531831,2.421043,-29.372089
3.528745,3.681764,47.117238,4370.004616,-0.134616,41.019057,6.537190,2.423168,-29.371860
3.573180,3.724064,47.105585,4366.753695,-0.140997,40.961040,6.543280,2.425565,-29.371632
3.617620,3.766268,47.093164,4363.500648,-0.147407,40.902956,6.550105,2.428234,-29.371403
3.662075,3.808377,47.079963,4360.245075,-0.153821,40.844802,6.557666,2.431176,-29.371174
3.706535,3.850389,47.065983,4356.986563,-0.160229,40.786561,6.565963,2.434391,-29.370945
3.751010,3.892316,47.051243,4353.724719,-0.166621,40.728221,6.574994,2.437879,-29.370717
3.795490,3.934147,47.035733,4350.459113,-0.172990,40.669793,6.584757,2.441638,-29.370488
3.839974,3.975893,47.019452,4347.189350,-0.179326,40.611257,6.595250,2.445669,-29.370259
3.884473,4.017543,47.002420,4343.914999,-0.185620,40.552614,6.606466,2.449968,-29.370030
3.928977,4.059097,46.984645,4340.635647,-0.191844,40.493842,6.618402,2.454535,-29.369802
3.973486,4.100566,46.966118,4337.350882,-0.197999,40.434953,6.631050,2.459366,-29.369573
4.018000,4.141940,46.946878,4334.060301,-0.204076,40.375926,6.644401,2.464459,-29.369344
4.062528,4.183217,46.926913,4330.763480,-0.210065,40.316751,6.658448,2.469810,-29.369115
4.107062,4.224410,46.906244,4327.460016,-0.215948,40.257439,6.673179,2.475415,-29.368887
4.151610,4.265506,46.884888,4324.149497,-0.221716,40.197969,6.688583,2.481271,-29.368658
4.196163,4.306508,46.862865,4320.831518,-0.227359,40.138333,6.704648,2.487373,-29.368429
4.240721,4.347424,46.840185,4317.505696,-0.232870,40.078539,6.721359,2.493715,-29.368200
4.285283,4.388244,46.816866,4314.171626,-0.238238,40.018557,6.738703,2.500292,-29.367972
4.329851,4.428969,46.792927,4310.828915,-0.243445,39.958399,6.756662,2.507099,-29.367743
4.374433,4.469599,46.768387,4307.477197,-0.248491,39.898054,6.775220,2.514128,-29.367514
4.419021,4.510133,46.743284,4304.116099,-0.253368,39.837512,6.794357,2.521373,-29.367285
4.463613,4.550582,46.717619,4300.745235,-0.258055,39.776773,6.814055,2.528827,-29.367057
4.508220,4.590935,46.691429,4297.364271,-0.262555,39.715827,6.834293,2.536483,-29.366828
4.552831,4.631193,46.664732,4293.972849,-0.266856,39.654675,6.855049,2.544331,-29.366599
4.597448,4.671356,46.637559,4290.570635,-0.270951,39.593306,6.876301,2.552364,-29.366371
4.642069,4.711423,46.609928,4287.157302,-0.274820,39.531700,6.898023,2.560573,-29.366142
4.686696,4.751395,46.581886,4283.732524,-0.278472,39.469878,6.920191,2.568948,-29.365913
4.731327,4.791283,46.553434,4280.296014,-0.281899,39.407820,6.942778,2.577480,-29.365684
4.775973,4.831064,46.524619,4276.847475,-0.285082,39.345525,6.965759,2.586159,-29.365456
4.820624,4.870761,46.495470,4273.386639,-0.288021,39.282994,6.989103,2.594974,-29.365227
4.865279,4.910352,46.466015,4269.913229,-0.290715,39.220206,7.012783,2.603914,-29.364998
4.909940,4.949858,46.436285,4266.427006,-0.293146,39.157183,7.036768,2.612968,-29.364769
4.954605,4.989258,46.406306,4262.927732,-0.295324,39.093893,7.061027,2.622126,-29.364541
4.999285,5.028563,46.376117,4259.415208,-0.297238,39.030347,7.085528,2.631374,-29.364312
5.043961,5.067773,46.345748,4255.889215,-0.298879,38.966545,7.110238,2.640701,-29.364083
5.088651,5.106899,46.315227,4252.349582,-0.300257,38.902487,7.135125,2.650094,-29.363854
5.133345,5.145908,46.284592,4248.796150,-0.301353,38.838154,7.160154,2.659542,-29.363626
5.178045,5.184833,46.253881,4245.228760,-0.302176,38.773564,7.185290,2.669030,-29.363397
5.222750,5.223663,46.223124,4241.647288,-0.302726,38.708698,7.210498,2.678546,-29.363168
5.267459,5.262387,46.192349,4238.051646,-0.302983,38.643557,7.235742,2.688076,-29.362939
5.312173,5.301016,46.161595,4234.441720,-0.302976,38.578159,7.260986,2.697608,-29.362711
5.356892,5.339550,46.130890,4230.817450,-0.302677,38.512476,7.286194,2.707127,-29.362482
5.401616,5.377979,46.100273,4227.178802,-0.302103,38.446526,7.311327,2.716619,-29.362253
5.446355,5.416313,46.069773,4223.525734,-0.301246,38.380301,7.336350,2.726071,-29.362024
5.491089,5.454551,46.039428,4219.858253,-0.300115,38.313800,7.361226,2.735470,-29.361796
5.535828,5.492685,46.009268,4216.176366,-0.298708,38.247033,7.385916,2.744801,-29.361567
5.580581,5.530723,45.979320,4212.480119,-0.297036,38.180001,7.410384,2.754050,-29.361338
5.625329,5.568657,45.949624,4208.769557,-0.295089,38.112692,7.434592,2.763204,-29.361109
5.670083,5.606495,45.920209,4205.044777,-0.292875,38.045108,7.458505,2.772249,-29.360881
5.714841,5.644228,45.891094,4201.305863,-0.290404,37.977268,7.482086,2.781171,-29.360652
5.759613,5.681866,45.862326,4197.552949,-0.287685,37.909161,7.505299,2.789958,-29.360423
5.804381,5.719399,45.833927,4193.786172,-0.284717,37.840799,7.528108,2.798596,-29.360195
5.849154,5.756838,45.805923,4190.005704,-0.281500,37.772181,7.550480,2.807071,-29.359966
5.893932,5.794171,45.778335,4186.211730,-0.278053,37.703297,7.572380,2.815373,-29.359737
5.938714,5.831399,45.751202,4182.404453,-0.274375,37.634176,7.593775,2.823488,-29.359508
5.983491,5.868532,45.724543,4178.584098,-0.270484,37.564800,7.614634,2.831404,-29.359280
6.028284,5.905561,45.698386,4174.750915,-0.266381,37.495187,7.634926,2.839110,-29.359051
6.073071,5.942484,45.672752,4170.905170,-0.262074,37.425338,7.654621,2.846595,-29.358822
6.117873,5.979313,45.647650,4167.047143,-0.257582,37.355253,7.673691,2.853848,-29.358593
6.162669,6.016036,45.623129,4163.177148,-0.252903,37.284942,7.692109,2.860860,-29.358365
6.207471,6.052655,45.599178,4159.295487,-0.248058,37.214414,7.709849,2.867620,-29.358136
6.252278,6.089169,45.575837,4155.402502,-0.243053,37.143669,7.726888,2.874120,-29.357907
6.297079,6.125577,45.553116,4151.498555,-0.237891,37.072719,7.743203,2.880352,-29.357678
6.341896,6.161892,45.531024,4147.584007,-0.232606,37.001561,7.758774,2.886307,-29.357450
6.386707,6.198090,45.509581,4143.659231,-0.227190,36.930217,7.773582,2.891979,-29.357221
6.431523,6.234195,45.488797,4139.724637,-0.221662,36.858676,7.787611,2.897362,-29.356992
6.476334,6.270195,45.468691,4135.780617,-0.216038,36.786948,7.800844,2.902450,-29.356763
6.521150,6.306090,45.449254,4131.827594,-0.210329,36.715053,7.813270,2.907237,-29.356535
6.565971,6.341880,45.430515,4127.866007,-0.204553,36.642991,7.824878,2.911721,-29.356306
6.610796,6.377565,45.412464,4123.896278,-0.198710,36.570772,7.835658,2.915897,-29.356077
6.655617,6.413157,45.395112,4119.918860,-0.192827,36.498396,7.845604,2.919763,-29.355848
6.700442,6.448633,45.378459,4115.934213,-0.186914,36.425873,7.854712,2.923318,-29.355620
6.745273,6.484004,45.362505,4111.942778,-0.180979,36.353212,7.862978,2.926560,-29.355391
6.790098,6.519282,45.347259,4107.945028,-0.175041,36.280433,7.870403,2.929489,-29.355162
6.834928,6.554444,45.332713,4103.941434,-0.169119,36.207518,7.876988,2.932105,-29.354933
6.879763,6.589501,45.318866,4099.932448,-0.163221,36.134494,7.882738,2.934411,-29.354705
6.924593,6.624465,45.305701,4095.918561,-0.157367,36.061372,7.887659,2.936409,-29.354476
6.969418,6.659314,45.293225,4091.900225,-0.151555,35.988143,7.891758,2.938100,-29.354247
7.014247,6.694058,45.281421,4087.877924,-0.145815,35.914826,7.895046,2.939490,-29.354019
7.059082,6.728698,45.270289,4083.852108,-0.140155,35.841431,7.897535,2.940583,-29.353790
7.103911,6.763244,45.259809,4079.823251,-0.134593,35.767947,7.899240,2.941384,-29.353561
7.148746,6.797675,45.249973,4075.791805,-0.129139,35.694406,7.900177,2.941898,-29.353332
7.193575,6.832002,45.240760,4071.758224,-0.123803,35.620806,7.900364,2.942134,-29.353104
7.238409,6.866235,45.232162,4067.722950,-0.118592,35.547147,7.899821,2.942098,-29.352875
7.283238,6.900353,45.224160,4063.686408,-0.113537,35.473440,7.898570,2.941797,-29.352646
7.328072,6.934368,45.216734,4059.649050,-0.108635,35.399695,7.896634,2.941242,-29.352417
7.372901,6.968277,45.209865,4055.611271,-0.103907,35.325921,7.894038,2.940441,-29.352189
7.417725,7.002094,45.203535,4051.573485,-0.099352,35.252108,7.890808,2.939403,-29.351960
7.462553,7.035795,45.197714,4047.536087,-0.094988,35.178286,7.886973,2.938140,-29.351731
7.507377,7.069393,45.192383,4043.499461,-0.090835,35.104446,7.882561,2.936662,-29.351502
7.552195,7.102887,45.187513,4039.463963,-0.086884,35.030586,7.877604,2.934980,-29.351274
7.597018,7.136287,45.183096,4035.429958,-0.083161,34.956728,7.872132,2.933107,-29.351045
7.641817,7.169604,45.180164,4031.395396,-0.060416,34.962397,7.864936,2.930590,0.000000
7.686570,7.202892,45.179763,4027.359160,-0.037929,34.968086,7.854823,2.926986,0.000000
7.731279,7.236141,45.181874,4023.322909,-0.015754,34.973795,7.841853,2.922318,0.000000
7.775942,7.269360,45.186430,4019.288320,0.006042,34.979543,7.826099,2.916611,0.000000
7.820551,7.302539,45.193393,4015.257002,0.027406,34.985301,7.807642,2.909896,0.000000
7.865125,7.335678,45.202707,4011.230563,0.048298,34.991098,7.786571,2.902206,0.000000
7.909644,7.368788,45.214303,4007.210575,0.068654,34.996915,7.762986,2.893578,0.000000
7.954118,7.401859,45.228126,4003.198528,0.088427,35.002762,7.736990,2.884050,0.000000
7.998547,7.434900,45.244088,3999.195906,0.107580,35.008638,7.708697,2.873665,0.000000
8.042931,7.467901,45.262132,3995.204122,0.126048,35.014534,7.678224,2.862466,0.000000
8.087271,7.500862,45.282153,3991.224540,0.143801,35.020459,7.645696,2.850500,0.000000
8.131565,7.533794,45.304083,3987.258467,0.160803,35.026405,7.611241,2.837813,0.000000
8.175805,7.566687,45.327827,3983.307150,0.176997,35.032389,7.574990,2.824456,0.000000
8.220009,7.599550,45.353288,3979.371768,0.192364,35.038393,7.537079,2.810478,0.000000
8.264169,7.632373,45.380370,3975.453419,0.206866,35.044417,7.497645,2.795930,0.000000
8.308273,7.665167,45.408967,3971.553165,0.220466,35.050480,7.456829,2.780866,0.000000
8.352343,7.697922,45.438993,3967.671977,0.233144,35.056563,7.414771,2.765336,0.000000
8.396357,7.730647,45.470322,3963.810749,0.244872,35.062676,7.371612,2.749394,0.000000
8.440337,7.763332,45.502857,3959.970324,0.255621,35.068808,7.327492,2.733092,0.000000
8.484271,7.795989,45.536483,3956.151469,0.265382,35.074979,7.282553,2.716482,0.000000
8.528161,7.828605,45.571094,3952.354850,0.274143,35.081171,7.236932,2.699617,0.000000
8.572005,7.861193,45.606573,3948.581105,0.281868,35.087392,7.190767,2.682546,0.000000
8.615804,7.893741,45.642806,3944.830772,0.288565,35.093642,7.144193,2.665321,0.000000
8.659559,7.926270,45.679675,3941.104320,0.294215,35.099912,7.097342,2.647990,0.000000
8.703278,7.958749,45.717074,3937.402151,0.298816,35.106221,7.050343,2.630602,0.000000
8.746952,7.991210,45.754888,3933.724597,0.302358,35.112550,7.003322,2.613204,0.000000
8.790581,8.023631,45.792981,3930.071929,0.304851,35.118909,6.956401,2.595841,0.000000
8.834165,8.056023,45.831265,3926.444342,0.306284,35.125297,6.909698,2.578558,0.000000
8.877704,8.088386,45.869605,3922.841959,0.306675,35.131715,6.863328,2.561397,0.000000
8.921208,8.120709,45.907904,3919.264866,0.306014,35.138162,6.817401,2.544399,0.000000
8.964677,8.153003,45.946046,3915.713058,0.304319,35.144639,6.772022,2.527604,0.000000
9.008090,8.185269,45.983904,3912.186492,0.301598,35.151146,6.727292,2.511050,0.000000
9.051469,8.217505,46.021391,3908.685054,0.297869,35.157681,6.683309,2.494772,0.000000
9.094812,8.249712,46.058391,3905.208573,0.293132,35.164247,6.640164,2.478806,0.000000
9.138110,8.281890,46.094797,3901.756837,0.287413,35.170832,6.597946,2.463183,0.000000
9.181373,8.314029,46.130501,3898.329574,0.280731,35.177457,6.556737,2.447935,0.000000
9.224591,8.346149,46.165417,3894.926445,0.273103,35.184111,6.516616,2.433092,0.000000
9.267764,8.378230,46.199427,3891.547097,0.264549,35.190794,6.477657,2.418681,0.000000
9.310901,8.410292,46.232444,3888.191112,0.255094,35.197507,6.439930,2.404729,0.000000
9.354004,8.442315,46.264389,3884.858020,0.244766,35.204250,6.403501,2.391260,0.000000
9.397071,8.474320,46.295147,3881.547321,0.233584,35.211022,6.368433,2.378297,0.000000
9.440092,8.506285,46.324648,3878.258487,0.221574,35.217824,6.334781,2.365862,0.000000
9.483079,8.538231,46.352796,3874.990908,0.208774,35.224665,6.302602,2.353975,0.000000
9.526021,8.570138,46.379530,3871.743987,0.195201,35.231526,6.271944,2.342655,0.000000
9.568927,8.602027,46.404755,3868.517065,0.180893,35.238426,6.242854,2.331920,0.000000
9.611798,8.633887,46.428401,3865.309463,0.165886,35.245356,6.215375,2.321785,0.000000
9.654633,8.665718,46.450399,3862.120444,0.150198,35.252305,6.189548,2.312266,0.000000
9.697434,8.697520,46.470692,3858.949270,0.133886,35.259304,6.165409,2.303377,0.000000
9.740189,8.729294,46.489200,3855.795172,0.116957,35.266322,6.142992,2.295130,0.000000
9.782909,8.761049,46.505884,3852.657333,0.099469,35.273370,6.122328,2.287537,0.000000
9.825594,8.792775,46.520666,3849.534924,0.081438,35.280458,6.103444,2.280608,0.000000
9.868243,8.824472,46.533516,3846.427089,0.062912,35.287574,6.086367,2.274354,0.000000
9.910857,8.856140,46.544385,3843.332949,0.043927,35.294721,6.071119,2.268782,0.000000
9.953436,8.887780,46.553213,3840.251616,0.024521,35.301897,6.057721,2.263902,0.000000
9.995979,8.919401,46.559981,3837.182152,0.004731,35.309102,6.046191,2.259719,0.000000
10.038478,8.950994,46.564649,3834.123619,-0.015396,35.316347,6.036546,2.256239,0.000000
10.080951,8.982557,46.567177,3831.075048,-0.035843,35.323621,6.028799,2.253469,0.000000
10.123378,9.014103,46.567556,3828.035483,-0.056553,35.330925,6.022962,2.251413,0.000000
10.165780,9.045619,46.565744,3825.003913,-0.077498,35.338258,6.019044,2.250074,0.000000
10.208137,9.077107,46.561733,3821.979330,-0.098621,35.345621,6.017055,2.249455,0.000000
10.250459,9.108566,46.555520,3818.960707,-0.119896,35.353024,6.017000,2.249560,0.000000
10.292755,9.140007,46.547077,3815.947013,-0.141274,35.360456,6.018882,2.250389,0.000000
10.335006,9.171419,46.536412,3812.937179,-0.162729,35.367917,6.022705,2.251943,0.000000
10.377221,9.202813,46.523524,3809.930156,-0.184204,35.375408,6.028468,2.254223,0.000000
10.419411,9.234178,46.508403,3806.924865,-0.205669,35.382938,6.036170,2.257229,0.000000
10.461556,9.265514,46.491068,3803.920226,-0.227071,35.390488,6.045807,2.260958,0.000000
10.503665,9.296822,46.471537,3800.915148,-0.248388,35.398077,6.057375,2.265410,0.000000
10.545749,9.328111,46.449810,3797.908522,-0.269556,35.405696,6.070864,2.270581,0.000000
10.587787,9.359383,46.425924,3794.899246,-0.290555,35.413344,6.086267,2.276469,0.000000
10.629790,9.390614,46.399890,3791.886210,-0.311330,35.421032,6.103571,2.283068,0.000000
10.671758,9.421828,46.371745,3788.868302,-0.331851,35.428740,6.122763,2.290374,0.000000
10.713700,9.453024,46.341527,3785.844401,-0.352072,35.436486,6.143827,2.298381,0.000000
10.755597,9.484180,46.309255,3782.813386,-0.371963,35.444253,6.166744,2.307082,0.000000
10.797459,9.515329,46.274987,3779.774144,-0.391469,35.452059,6.191493,2.316469,0.000000
10.839285,9.546438,46.238752,3776.725552,-0.410551,35.459894,6.218051,2.326535,0.000000
10.881075,9.577530,46.200616,3773.666507,-0.429181,35.467759,6.246393,2.337269,0.000000
10.922830,9.608592,46.160629,3770.595887,-0.447320,35.475653,6.276488,2.348660,0.000000
10.964550,9.639626,46.118839,3767.512598,-0.464931,35.483577,6.308306,2.360697,0.000000
11.006234,9.670642,46.075312,3764.415536,-0.481967,35.491531,6.341811,2.373367,0.000000
11.047883,9.701629,46.030107,3761.303635,-0.498397,35.499513,6.376965,2.386655,0.000000
11.089486,9.732598,45.983291,3758.175812,-0.514186,35.507526,6.413727,2.400547,0.000000
11.131064,9.763528,45.934943,3755.031012,-0.529293,35.515568,6.452052,2.415025,0.000000
11.172596,9.794440,45.885139,3751.868197,-0.543691,35.523639,6.491892,2.430072,0.000000
11.214093,9.825334,45.833947,3748.686343,-0.557350,35.531740,6.533194,2.445668,0.000000
11.255554,9.856188,45.781446,3745.484452,-0.570232,35.539871,6.575903,2.461792,0.000000
11.296980,9.887024,45.727731,3742.261548,-0.582309,35.548031,6.619958,2.478422,0.000000
11.338360,9.917832,45.672881,3739.016682,-0.593542,35.556210,6.665296,2.495534,0.000000
11.379714,9.948611,45.616993,3735.748927,-0.603921,35.564429,6.711848,2.513103,0.000000
11.421024,9.979362,45.560155,3732.457404,-0.613407,35.572668,6.759542,2.531101,0.000000
11.462287,10.010094,45.502453,3729.141254,-0.621972,35.580936,6.808303,2.549500,0.000000
11.503515,10.040798,45.443986,3725.799648,-0.629596,35.589234,6.858048,2.568270,0.000000
11.544708,10.071474,45.384870,3722.431824,-0.636260,35.597551,6.908692,2.587379,0.000000
11.585865,10.102120,45.325183,3719.037034,-0.641943,35.605898,6.960147,2.606794,0.000000
11.626976,10.132738,45.265042,3715.614594,-0.646617,35.614274,7.012318,2.626479,0.000000
11.668042,10.163328,45.204545,3712.163864,-0.650281,35.622670,7.065108,2.646397,0.000000
11.709082,10.193889,45.143788,3708.684252,-0.652916,35.631096,7.118414,2.666512,0.000000
11.750067,10.224432,45.082900,3705.175224,-0.654501,35.639551,7.172130,2.686782,0.000000
11.791016,10.254936,45.021968,3701.636297,-0.655036,35.648025,7.226147,2.707167,0.000000
11.831930,10.285411,44.961100,3698.067058,-0.654511,35.656529,7.280350,2.727624,0.000000
11.872798,10.315869,44.900412,3694.467152,-0.652925,35.665053,7.334624,2.748110,0.000000
11.913620,10.346287,44.840012,3690.836273,-0.650258,35.673606,7.388847,2.768579,0.000000
11.954397,10.376677,44.779999,3687.174208,-0.646538,35.682179,7.442896,2.788985,0.000000
11.995138,10.407038,44.720479,3683.480799,-0.641745,35.690772,7.496647,2.809281,0.000000
12.035833,10.437371,44.661561,3679.755971,-0.635898,35.699394,7.549972,2.829420,0.000000
12.076493,10.467675,44.603352,3675.999696,-0.628995,35.708035,7.602741,2.849353,0.000000
12.117097,10.497951,44.545960,3672.212048,-0.621055,35.716706,7.654823,2.869031,0.000000
12.157665,10.528188,44.489474,3668.393169,-0.612097,35.725387,7.706089,2.888404,0.000000
12.198188,10.558406,44.434001,3664.543280,-0.602128,35.734098,7.756405,2.907424,0.000000
12.238665,10.588586,44.379639,3660.662663,-0.591167,35.742828,7.805642,2.926042,0.000000
12.279096,10.618738,44.326487,3656.751699,-0.579252,35.751587,7.853669,2.944207,0.000000
12.319472,10.648850,44.274623,3652.810840,-0.566391,35.760356,7.900357,2.961873,0.000000
12.359812,10.678934,44.224146,3648.840605,-0.552621,35.769155,7.945579,2.978991,0.000000
12.400107,10.708989,44.175134,3644.841626,-0.537980,35.777973,7.989213,2.995516,0.000000
12.440355,10.739016,44.127686,3640.814561,-0.522487,35.786802,8.031137,3.011401,0.000000
12.480558,10.769005,44.081860,3636.760181,-0.506197,35.795659,8.071236,3.026603,0.000000
12.520715,10.798954,44.037737,3632.679326,-0.489139,35.804537,8.109398,3.041081,0.000000
12.560816,10.828885,43.995394,3628.572885,-0.471360,35.813433,8.145516,3.054793,0.000000
12.600872,10.858777,43.954892,3624.441848,-0.452896,35.822350,8.179491,3.067704,0.000000
12.640852,10.888673,43.913968,3620.292976,-0.480888,35.958612,8.213978,3.080808,42.468987
12.680716,10.918645,43.870389,3616.131081,-0.508436,36.095632,8.251671,3.095115,42.468656
12.720464,10.948674,43.824194,3611.954280,-0.535484,36.233459,8.292543,3.110617,42.468325
12.760097,10.978768,43.775451,3607.760678,-0.561982,36.372153,8.336559,3.127300,42.467994
12.799623,11.008918,43.724217,3603.548392,-0.587884,36.511744,8.383680,3.145150,42.467662
12.839024,11.039124,43.670561,3599.315524,-0.613121,36.652300,8.433865,3.164150,42.467331
12.878308,11.069407,43.614559,3595.060221,-0.637647,36.793861,8.487063,3.184284,42.467000
12.917477,11.099745,43.556280,3590.780624,-0.661422,36.936486,8.543224,3.205531,42.466668
12.956530,11.130150,43.495820,3586.474886,-0.684378,37.080214,8.602288,3.227870,42.466337
12.995457,11.160610,43.433258,3582.141211,-0.706468,37.225106,8.664191,3.251277,42.466006
13.034257,11.191136,43.368701,3577.777798,-0.727654,37.371199,8.728863,3.275725,42.465675
13.072952,11.221728,43.302217,3573.382880,-0.747886,37.518544,8.796227,3.301186,42.465343
13.111511,11.252376,43.233932,3568.954716,-0.767097,37.667190,8.866199,3.327629,42.465012
13.149953,11.283090,43.163944,3564.491627,-0.785267,37.817176,8.938688,3.355020,42.464681
13.188260,11.313869,43.092360,3559.991940,-0.802339,37.968552,9.013597,3.383322,42.464350
13.226450,11.344705,43.019298,3555.454053,-0.818273,38.121347,9.090818,3.412494,42.464018
13.264515,11.375616,42.944865,3550.876396,-0.833030,38.275620,9.170238,3.442496,42.463687
13.302443,11.406583,42.869188,3546.257474,-0.846562,38.431401,9.251735,3.473280,42.463356
13.340245,11.437617,42.792384,3541.595834,-0.858839,38.588720,9.335177,3.504798,42.463024
13.377911,11.468715,42.714590,3536.890091,-0.869822,38.747626,9.420424,3.536997,42.462693
13.415450,11.499870,42.635934,3532.138940,-0.879491,38.908138,9.507327,3.569822,42.462362
13.452853,11.531100,42.556533,3527.341156,-0.887797,39.070296,9.595730,3.603213,42.462031
13.490120,11.562386,42.476535,3522.495572,-0.894721,39.234130,9.685465,3.637108,42.461699
13.527241,11.593738,42.396065,3517.601131,-0.900232,39.399668,9.776358,3.671441,42.461368
13.564235,11.625155,42.315273,3512.656856,-0.904320,39.566922,9.868223,3.706143,42.461037
13.601083,11.656638,42.234285,3507.661888,-0.906965,39.735920,9.960867,3.741142,42.460705
13.637795,11.688187,42.153258,3502.615459,-0.908136,39.906683,10.054090,3.776362,42.460374
13.674360,11.719801,42.072310,3497.516910,-0.907834,40.079229,10.147682,3.811724,42.460043
13.710779,11.751481,41.991599,3492.365689,-0.906047,40.253550,10.241426,3.847147,42.459712
13.747051,11.783227,41.911262,3487.161398,-0.902765,40.429674,10.335098,3.882547,42.459380
13.783177,11.815038,41.831426,3481.903726,-0.897996,40.607602,10.428467,3.917837,42.459049
13.819156,11.846915,41.752250,3476.592520,-0.891739,40.787323,10.521298,3.952929,42.458718
13.854979,11.878847,41.673871,3471.227730,-0.883993,40.968838,10.613350,3.987732,42.458386
13.890655,11.910855,41.596407,3465.809484,-0.874786,41.152156,10.704377,4.022153,42.458055
13.926174,11.942928,41.520016,3460.338009,-0.864117,41.337249,10.794131,4.056100,42.457724
13.961527,11.975056,41.444807,3454.813703,-0.852013,41.524105,10.882364,4.089478,42.457393
13.996734,12.007261,41.370936,3449.237102,-0.838503,41.712705,10.968823,4.122194,42.457061
14.031783,12.039520,41.298504,3443.608875,-0.823614,41.903030,11.053259,4.154153,42.456730
14.066666,12.071855,41.227647,3437.929868,-0.807364,42.095050,11.135424,4.185262,42.456399
14.101392,12.104245,41.158485,3432.201028,-0.789811,42.288734,11.215072,4.215428,42.456068
14.135951,12.136700,41.091126,3426.423491,-0.770991,42.484045,11.291963,4.244561,42.455736
14.170343,12.169220,41.025690,3420.598516,-0.750951,42.680951,11.365862,4.272572,42.455405
14.204579,12.201806,40.962264,3414.727508,-0.729730,42.879394,11.436543,4.299377,42.455074
14.238638,12.234457,40.900959,3408.811996,-0.707403,43.079345,11.503785,4.324892,42.454742
14.272529,12.267163,40.841873,3402.853666,-0.684017,43.280733,11.567383,4.349039,42.454411
14.306254,12.299934,40.785075,3396.854317,-0.659630,43.483520,11.627138,4.371744,42.454080
14.339802,12.332770,40.730656,3390.815876,-0.634318,43.687636,11.682867,4.392937,42.453749
14.373183,12.365671,40.678695,3384.740382,-0.608157,43.893013,11.734402,4.412556,42.453417
14.406387,12.398627,40.629241,3378.629994,-0.581204,44.099611,11.781587,4.430541,42.453086
14.439423,12.431638,40.582365,3372.486952,-0.553555,44.307340,11.824285,4.446840,42.452755
14.472283,12.464714,40.538117,3366.313605,-0.525268,44.516143,11.862377,4.461409,42.452423
14.504955,12.497844,40.496537,3360.112394,-0.496447,44.725930,11.895761,4.474208,42.452092
14.537460,12.531039,40.457654,3353.885791,-0.467159,44.936651,11.924354,4.485207,42.451761
14.569789,12.564289,40.421511,3347.636387,-0.437502,45.148208,11.948092,4.494381,42.451430
14.601929,12.597594,40.388117,3341.366784,-0.407551,45.360532,11.966933,4.501713,42.451098
14.633893,12.630952,40.357483,3335.079647,-0.377403,45.573544,11.980853,4.507195,42.450767
14.665679,12.664366,40.329620,3328.777659,-0.347144,45.787166,11.989851,4.510826,42.450436
14.697288,12.697844,40.304509,3322.463535,-0.316871,46.001307,11.993944,4.512611,42.450104
14.728720,12.731366,40.282152,3316.139981,-0.286661,46.215900,11.993169,4.512565,42.449773
14.759964,12.764943,40.262518,3309.809724,-0.256610,46.430855,11.987585,4.510710,42.449442
14.791020,12.798574,40.245591,3303.475460,-0.226816,46.646093,11.977268,4.507073,42.449111
14.821910,12.832249,40.231311,3297.139858,-0.197345,46.861546,11.962314,4.501691,42.448779
14.852612,12.865978,40.219649,3290.805576,-0.168304,47.077124,11.942834,4.494604,42.448448
14.883126,12.899751,40.210558,3284.475205,-0.139771,47.292759,11.918960,4.485864,42.448117
14.913462,12.933579,40.203968,3278.151275,-0.111824,47.508371,11.890836,4.475522,42.447786
14.943622,12.967450,40.199823,3271.836287,-0.084540,47.723882,11.858624,4.463640,42.447454
14.973603,13.001365,40.198043,3265.532633,-0.058016,47.939243,11.822495,4.450283,42.447123
15.003397,13.035324,40.198560,3259.242645,-0.032301,48.154364,11.782637,4.435521,42.446792
15.033013,13.069327,40.201277,3252.968578,-0.007483,48.369186,11.739247,4.419427,42.446460
15.062442,13.103373,40.206115,3246.712565,0.016371,48.583651,11.692530,4.402079,42.446129
15.091703,13.137463,40.212966,3240.476661,0.039200,48.797698,11.642702,4.383557,42.445798
15.120776,13.171597,40.221752,3234.262810,0.060938,49.011269,11.589984,4.363945,42.445467
15.149671,13.205764,40.232346,3228.072849,0.081534,49.224325,11.534603,4.343329,42.445135
15.178389,13.239975,40.244659,3221.908494,0.100939,49.436806,11.476791,4.321794,42.444804
15.206939,13.274219,40.258563,3215.771371,0.119095,49.648663,11.416781,4.299430,42.444473
15.235300,13.308507,40.273950,3209.662948,0.135962,49.859875,11.354812,4.276325,42.444141
15.263494,13.342818,40.290703,3203.584602,0.151500,50.070375,11.291118,4.252568,42.443810
15.291511,13.377172,40.308703,3197.537591,0.165670,50.280162,11.225936,4.228248,42.443479
15.319349,13.411559,40.327822,3191.523032,0.178432,50.489187,11.159500,4.203453,42.443148
15.347019,13.445980,40.347932,3185.541934,0.189784,50.697430,11.092044,4.178271,42.442816
15.374511,13.480433,40.368925,3179.595176,0.199678,50.904872,11.023794,4.152787,42.442485
15.401835,13.514910,40.390652,3173.683515,0.208103,51.111482,10.954976,4.127086,42.442154
15.428982,13.549419,40.412996,3167.807611,0.215057,51.317271,10.885809,4.101251,42.441822
15.455970,13.583962,40.435829,3161.967982,0.220511,51.522209,10.816507,4.075362,42.441491
15.482780,13.618527,40.459031,3156.165047,0.224473,51.726296,10.747277,4.049497,42.441160
15.509422,13.653125,40.482455,3150.399095,0.226922,51.929532,10.678320,4.023733,42.440829
15.535896,13.687746,40.505991,3144.670324,0.227888,52.131917,10.609831,3.998142,42.440497
15.562212,13.722400,40.529512,3138.978822,0.227349,52.333452,10.541995,3.972794,42.440166
15.588359,13.757066,40.552880,3133.324568,0.225333,52.534145,10.474992,3.947757,42.439835
15.614339,13.791765,40.575994,3127.707441,0.221839,52.734008,10.408992,3.923096,42.439503
15.640160,13.826487,40.598716,3122.127218,0.216896,52.933069,10.344160,3.898872,42.439172
15.665813,13.861232,40.620939,3116.583596,0.210513,53.131319,10.280650,3.875144,42.438841
15.691308,13.895988,40.642531,3111.076185,0.202716,53.328797,10.218610,3.851967,42.438510
15.716635,13.930778,40.663396,3105.604489,0.193536,53.525522,10.158179,3.829394,42.438178
15.741813,13.965580,40.683423,3100.167938,0.182998,53.721516,10.099488,3.807475,42.437847
15.766823,14.000404,40.702494,3094.765897,0.171124,53.916806,10.042661,3.786256,42.437516
15.791674,14.035240,40.720508,3089.397642,0.157959,54.111424,9.987813,3.765781,42.437185
15.816368,14.070109,40.737368,3084.062369,0.143542,54.305408,9.935054,3.746091,42.436853
15.840912,14.104980,40.752973,3078.759235,0.127902,54.498787,9.884484,3.727225,42.436522
15.865299,14.139884,40.767234,3073.487303,0.111076,54.691593,9.836197,3.709218,42.436191
15.889527,14.174790,40.780062,3068.245599,0.093122,54.883873,9.790281,3.692102,42.435859
15.913597,14.209718,40.791356,3063.033057,0.074078,55.075667,9.746816,3.675909,42.435528
15.937518,14.244658,40.801058,3057.848600,0.053983,55.267015,9.705876,3.660667,42.435197
15.961280,14.279610,40.809087,3052.691062,0.032895,55.457966,9.667529,3.646401,42.434866
15.984895,14.314585,40.815353,3047.559246,0.010870,55.648550,9.631837,3.633135,42.434534
16.008350,14.349572,40.819806,3042.451904,-0.012062,55.838826,9.598857,3.620890,42.434203
16.031657,14.384560,40.822377,3037.367738,-0.035824,56.028843,9.568638,3.609685,42.433872
16.054816,14.419571,40.822996,3032.305429,-0.060378,56.218651,9.541227,3.599539,42.433540
16.077816,14.454594,40.821631,3027.263598,-0.085664,56.408288,9.516664,3.590466,42.433209
16.100677,14.489618,40.818214,3022.240856,-0.111627,56.597825,9.494984,3.582480,42.432878
16.123380,14.524665,40.812713,3017.235743,-0.138216,56.787290,9.476218,3.575592,42.432547
16.145924,14.559714,40.805089,3012.246787,-0.165355,56.976762,9.460393,3.569813,42.432215
16.168329,14.594774,40.795290,3007.272507,-0.192995,57.166272,9.447530,3.565151,42.431884
16.190586,14.629847,40.783307,3002.311373,-0.221077,57.355888,9.437646,3.561614,42.431553
16.212684,14.664931,40.769099,2997.361831,-0.249543,57.545669,9.430756,3.559205,42.431221
16.234643,14.700017,40.752655,2992.422298,-0.278326,57.735655,9.426868,3.557929,42.430890
16.256444,14.735105,40.733955,2987.491202,-0.307367,57.925914,9.425987,3.557789,42.430559
16.278095,14.770215,40.712998,2982.566918,-0.336606,58.116507,9.428115,3.558783,42.430228
16.299598,14.805316,40.689774,2977.647833,-0.365977,58.307482,9.433250,3.560913,42.429896
16.320952,14.840429,40.664281,2972.732290,-0.395420,58.498898,9.441384,3.564175,42.429565
16.342157,14.875554,40.636528,2967.818646,-0.424876,58.690815,9.452507,3.568566,42.429234
16.363213,14.910681,40.606516,2962.905243,-0.454287,58.883291,9.466604,3.574081,42.428903
16.384120,14.945809,40.574273,2957.990405,-0.483575,59.076387,9.483657,3.580712,42.428571
16.404869,14.980949,40.539808,2953.072466,-0.512680,59.270150,9.503644,3.588451,42.428240
16.425478,15.016081,40.503151,2948.149748,-0.541554,59.464651,9.526537,3.597289,42.427909
16.445928,15.051224,40.464330,2943.220572,-0.570128,59.659938,9.552306,3.607213,42.427577
16.466230,15.086369,40.423384,2938.283261,-0.598342,59.856072,9.580915,3.618211,42.427246
16.486372,15.121515,40.380343,2933.336155,-0.626129,60.053109,9.612324,3.630268,42.426915
16.506375,15.156663,40.335255,2928.377585,-0.653428,60.251111,9.646490,3.643367,42.426584
16.526219,15.191812,40.288160,2923.405902,-0.680191,60.450126,9.683362,3.657490,42.426252
16.545904,15.226963,40.239116,2918.419464,-0.706348,60.650224,9.722888,3.672616,42.425921
16.565439,15.262116,40.188193,2913.416662,-0.731850,60.851443,9.765007,3.688724,42.425590
16.584826,15.297270,40.135430,2908.395875,-0.756638,61.053843,9.809656,3.705789,42.425258
16.604053,15.332415,40.080894,2903.355530,-0.780642,61.257473,9.856765,3.723786,42.424927
16.623121,15.367562,40.024667,2898.294077,-0.803822,61.462402,9.906259,3.742685,42.424596
16.642030,15.402710,39.966815,2893.209982,-0.826129,61.668660,9.958058,3.762457,42.424265
16.660789,15.437860,39.907409,2888.101755,-0.847504,61.876306,10.012074,3.783069,42.423933
16.679389,15.473001,39.846528,2882.967942,-0.867897,62.085389,10.068216,3.804486,42.423602
16.697830,15.508133,39.784270,2877.807121,-0.887257,62.295958,10.126385,3.826672,42.423271
16.716161,15.543235,39.723579,2872.608841,-0.829535,62.309218,10.182266,3.847995,0.000000
16.734464,15.578267,39.667438,2867.365755,-0.770331,62.322468,10.231475,3.866799,0.000000
16.752729,15.613227,39.615929,2862.081262,-0.709842,62.335718,10.273804,3.883005,0.000000
16.770945,15.648117,39.569123,2856.758911,-0.648252,62.348947,10.309085,3.896548,0.000000
16.789123,15.682925,39.527081,2851.402406,-0.585788,62.362167,10.337188,3.907379,0.000000
16.807272,15.717673,39.489844,2846.015541,-0.522636,62.375377,10.358024,3.915465,0.000000
16.825373,15.752350,39.457434,2840.602222,-0.459013,62.388577,10.371541,3.920785,0.000000
16.843436,15.786946,39.429853,2835.166425,-0.395143,62.401776,10.377730,3.923335,0.000000
16.861449,15.821472,39.407112,2829.712159,-0.331234,62.414956,10.376621,3.923125,0.000000
16.879435,15.855926,39.389163,2824.243496,-0.267502,62.428126,10.368282,3.920182,0.000000
16.897371,15.890299,39.375977,2818.764475,-0.204165,62.441285,10.352822,3.914547,0.000000
16.915279,15.924602,39.367497,2813.279159,-0.141419,62.454435,10.330386,3.906272,0.000000
16.933139,15.958834,39.363654,2807.791532,-0.079492,62.467574,10.301155,3.895428,0.000000
16.950950,15.992995,39.364350,2802.305568,-0.018571,62.480694,10.265344,3.882093,0.000000
16.968733,16.027075,39.369497,2796.825141,0.041135,62.493813,10.223196,3.866360,0.000000
16.986467,16.061085,39.378977,2791.354028,0.099438,62.506923,10.174986,3.848333,0.000000
17.004172,16.095013,39.392663,2785.895903,0.156151,62.520012,10.121012,3.828124,0.000000
17.021829,16.128872,39.410415,2780.454324,0.211104,62.533102,10.061595,3.805854,0.000000
17.039447,16.162659,39.432075,2775.032695,0.264137,62.546171,9.997077,3.781652,0.000000
17.057017,16.196376,39.457487,2769.634274,0.315073,62.559241,9.927812,3.755652,0.000000
17.074558,16.230012,39.486471,2764.262166,0.363771,62.572290,9.854171,3.727993,0.000000
17.092050,16.263578,39.518849,2758.919286,0.410102,62.585330,9.776531,3.698818,0.000000
17.109514,16.297073,39.554433,2753.608392,0.453945,62.598369,9.695279,3.668273,0.000000
17.126929,16.330487,39.593034,2748.332046,0.495160,62.611388,9.610803,3.636505,0.000000
17.144316,16.363842,39.634425,2743.092614,0.533666,62.624408,9.523492,3.603661,0.000000
17.161654,16.397115,39.678416,2737.892300,0.569363,62.637417,9.433735,3.569888,0.000000
17.178954,16.430319,39.724790,2732.733095,0.602159,62.650416,9.341914,3.535330,0.000000
17.196224,16.463462,39.773317,2727.616803,0.632004,62.663405,9.248406,3.500130,0.000000
17.213447,16.496524,39.823789,2722.545025,0.658836,62.676394,9.153581,3.464427,0.000000
17.230640,16.529527,39.875966,2717.519200,0.682593,62.689363,9.057794,3.428357,0.000000
17.247785,16.562449,39.929641,2712.540559,0.703253,62.702332,8.961394,3.392051,0.000000
17.264901,16.595311,39.984574,2707.610169,0.720775,62.715301,8.864713,3.355634,0.000000
17.281979,16.628102,40.040536,2702.728908,0.735157,62.728260,8.768071,3.319228,0.000000
17.299028,16.660834,40.097307,2697.897503,0.746387,62.741208,8.671772,3.282949,0.000000
17.316028,16.693496,40.154669,2693.116478,0.754471,62.754157,8.576105,3.246904,0.000000
17.333000,16.726087,40.212391,2688.386238,0.759419,62.767095,8.481342,3.211198,0.000000
17.349933,16.758619,40.270246,2683.707026,0.761247,62.780034,8.387741,3.175928,0.000000
17.366838,16.791080,40.328032,2679.078923,0.759994,62.792972,8.295543,3.141186,0.000000
17.383704,16.823492,40.385520,2674.501881,0.755686,62.805900,8.204973,3.107056,0.000000
17.400531,16.855834,40.442510,2669.975750,0.748382,62.818828,8.116238,3.073618,0.000000
17.417329,16.888106,40.498803,2665.500208,0.738118,62.831746,8.029534,3.040944,0.000000
17.434099,16.920328,40.554178,2661.074833,0.724953,62.844674,7.945037,3.009104,0.000000
17.450820,16.952480,40.608455,2656.699121,0.708964,62.857591,7.862912,2.978158,0.000000
17.467523,16.984583,40.661434,2652.372418,0.690198,62.870509,7.783309,2.948165,0.000000
17.484186,17.016616,40.712946,2648.094000,0.668743,62.883426,7.706363,2.919174,0.000000
17.500822,17.048600,40.762798,2643.863048,0.644676,62.896343,7.632199,2.891235,0.000000
17.517418,17.080513,40.810832,2639.678647,0.618076,62.909260,7.560928,2.864388,0.000000
17.533996,17.112377,40.856875,2635.539808,0.589029,62.922177,7.492651,2.838673,0.000000
17.550525,17.144192,40.900769,2631.445471,0.557625,62.935094,7.427458,2.814124,0.000000
17.567036,17.175937,40.942362,2627.394486,0.523969,62.948010,7.365429,2.790770,0.000000
17.583517,17.207633,40.981523,2623.385652,0.488141,62.960936,7.306635,2.768640,0.000000
17.599960,17.239279,41.018102,2619.417717,0.450259,62.973853,7.251138,2.747757,0.000000
17.616375,17.270856,41.051978,2615.489338,0.410399,62.986769,7.198994,2.728143,0.000000
17.632761,17.302393,41.083020,2611.599131,0.368691,62.999694,7.150250,2.709814,0.000000
17.649118,17.333871,41.111126,2607.745682,0.325233,63.012620,7.104948,2.692789,0.000000
17.665446,17.365290,41.136186,2603.927484,0.280123,63.025545,7.063122,2.677079,0.000000
17.681736,17.396669,41.158100,2600.143022,0.233489,63.038480,7.024803,2.662696,0.000000
17.698007,17.427979,41.176775,2596.390727,0.185429,63.051405,6.990017,2.649651,0.000000
17.714249,17.459250,41.192140,2592.668973,0.136054,63.064340,6.958783,2.637952,0.000000
17.730453,17.490472,41.204115,2588.976099,0.085480,63.077284,6.931119,2.627604,0.000000
17.746637,17.521634,41.212629,2585.310435,0.033837,63.090219,6.907037,2.618614,0.000000
17.762794,17.552748,41.217629,2581.670232,-0.018786,63.103163,6.886548,2.610984,0.000000
17.778921,17.583812,41.219066,2578.053728,-0.072250,63.116116,6.869659,2.604719,0.000000
17.795010,17.614827,41.216897,2574.459140,-0.126447,63.129060,6.856373,2.599819,0.000000
17.811080,17.645783,41.211091,2570.884614,-0.181257,63.142014,6.846692,2.596286,0.000000
17.827121,17.676699,41.201608,2567.328318,-0.236570,63.154977,6.840615,2.594119,0.000000
17.843144,17.707567,41.188446,2563.788335,-0.292257,63.167940,6.838139,2.593318,0.000000
17.859128,17.738376,41.171584,2560.262771,-0.348200,63.180902,6.839259,2.593880,0.000000
17.875083,17.769146,41.151030,2556.749669,-0.404277,63.193875,6.843967,2.595803,0.000000
17.891019,17.799856,41.126784,2553.247050,-0.460380,63.206847,6.852252,2.599083,0.000000
17.906917,17.830528,41.098864,2549.752938,-0.516368,63.219819,6.864104,2.603716,0.000000
17.922796,17.861151,41.067279,2546.265293,-0.572142,63.232801,6.879507,2.609697,0.000000
17.938646,17.891715,41.032078,2542.782074,-0.627582,63.245783,6.898444,2.617019,0.000000
17.954468,17.922239,40.993280,2539.301233,-0.682557,63.258774,6.920895,2.625675,0.000000
17.970260,17.952715,40.950944,2535.820686,-0.736947,63.271765,6.946838,2.635657,0.000000
17.986034,17.983132,40.905118,2532.338322,-0.790631,63.284756,6.976247,2.646955,0.000000
18.001779,18.013510,40.855863,2528.852038,-0.843500,63.297757,7.009091,2.659557,0.000000
18.017486,18.043840,40.803246,2525.359689,-0.895443,63.310758,7.045338,2.673452,0.000000
18.033173,18.074110,40.747347,2521.859162,-0.946319,63.323758,7.084950,2.688626,0.000000
18.048832,18.104342,40.688246,2518.348302,-0.996026,63.336758,7.127885,2.705062,0.000000
18.064462,18.134514,40.626031,2514.824952,-1.044455,63.349768,7.174096,2.722743,0.000000
18.080074,18.164648,40.560802,2511.286956,-1.091474,63.362778,7.223530,2.741649,0.000000
18.095646,18.194733,40.492668,2507.732176,-1.136982,63.375787,7.276128,2.761758,0.000000
18.111200,18.224759,40.421739,2504.158466,-1.180858,63.388807,7.331826,2.783046,0.000000
18.126725,18.254736,40.348134,2500.563677,-1.223011,63.401816,7.390551,2.805486,0.000000
18.142211,18.284665,40.271972,2496.945700,-1.263318,63.414835,7.452224,2.829047,0.000000
18.157678,18.314545,40.193394,2493.302426,-1.301669,63.427854,7.516759,2.853696,0.000000
18.173117,18.344376,40.112530,2489.631787,-1.337983,63.440872,7.584059,2.879398,0.000000
18.188536,18.374148,40.029528,2485.931711,-1.372137,63.453891,7.654020,2.906113,0.000000
18.203917,18.403881,39.944539,2482.200211,-1.404059,63.466909,7.726528,2.933798,0.000000
18.219269,18.433546,39.857713,2478.435295,-1.433628,63.479927,7.801459,2.962406,0.000000
18.234592,18.463172,39.769220,2474.635055,-1.460782,63.492935,7.878679,2.991886,0.000000
18.249896,18.492739,39.679211,2470.797619,-1.485429,63.505953,7.958043,3.022184,0.000000
18.265162,18.522257,39.587875,2466.921180,-1.507478,63.518970,8.039396,3.053240,0.000000
18.280398,18.551717,39.495362,2463.003996,-1.526865,63.531978,8.122571,3.084991,0.000000
18.295606,18.581117,39.401875,2459.044431,-1.543519,63.544985,8.207390,3.117370,0.000000
18.310795,18.610470,39.307582,2455.040886,-1.557377,63.557993,8.293663,3.150304,0.000000
18.325945,18.639763,39.212675,2450.991892,-1.568378,63.570990,8.381189,3.183718,0.000000
18.341066,18.669008,39.117324,2446.896074,-1.576480,63.583997,8.469755,3.217531,0.000000
18.356147,18.698194,39.021741,2442.752166,-1.581640,63.596984,8.559139,3.251658,0.000000
18.371211,18.727321,38.926095,2438.559013,-1.583816,63.609971,8.649105,3.286009,0.000000
18.386245,18.756389,38.830589,2434.315592,-1.582996,63.622957,8.739409,3.320493,0.000000
18.401240,18.785399,38.735413,2430.021001,-1.579137,63.635934,8.829796,3.355012,0.000000
18.416206,18.814350,38.640759,2425.674489,-1.572248,63.648901,8.920004,3.389466,0.000000
18.431144,18.843243,38.546818,2421.275468,-1.562327,63.661867,9.009761,3.423752,0.000000
18.446052,18.872077,38.453780,2416.823461,-1.549382,63.674823,9.098788,3.457765,0.000000
18.460922,18.900852,38.361828,2412.318203,-1.533440,63.687770,9.186802,3.491396,0.000000
18.475762,18.929558,38.271153,2407.759541,-1.514511,63.700716,9.273513,3.524535,0.000000
18.490574,18.958206,38.181927,2403.147543,-1.492641,63.713643,9.358631,3.557073,0.000000
18.505346,18.986795,38.094330,2398.482413,-1.467891,63.726569,9.441863,3.588896,0.000000
18.520090,19.015315,38.008546,2393.764553,-1.440317,63.739475,9.522915,3.619895,0.000000
18.534794,19.043777,37.924725,2388.994530,-1.409990,63.752381,9.601498,3.649958,0.000000
18.549480,19.072170,37.843038,2384.173113,-1.376987,63.765268,9.677325,3.678976,0.000000
18.564116,19.100494,37.763649,2379.301223,-1.341408,63.778144,9.750116,3.706844,0.000000
18.578723,19.128760,37.686679,2374.379976,-1.303352,63.791010,9.819598,3.733456,0.000000
18.593302,19.156957,37.612298,2369.410668,-1.262939,63.803867,9.885511,3.758714,0.000000
18.607841,19.185085,37.540610,2364.394748,-1.220277,63.816713,9.947602,3.782521,0.000000
18.622341,19.213145,37.471756,2359.333860,-1.175516,63.829539,10.005637,3.804788,0.000000
18.636812,19.241136,37.405847,2354.229799,-1.128787,63.842355,10.059395,3.825431,0.000000
18.651244,19.269059,37.342976,2349.084502,-1.080240,63.855152,10.108674,3.844373,0.000000
18.665647,19.296913,37.283243,2343.900079,-1.030045,63.867938,10.153291,3.861543,0.000000
18.680011,19.324688,37.226721,2338.678745,-0.978363,63.880715,10.193083,3.876881,0.000000
18.694336,19.352405,37.173502,2333.422863,-0.925353,63.893471,10.227912,3.890331,0.000000
18.708631,19.380043,37.123626,2328.134913,-0.871219,63.906218,10.257660,3.901851,0.000000
18.722888,19.407613,37.077135,2322.817484,-0.816120,63.918945,10.282237,3.911405,0.000000
18.737105,19.435115,37.034091,2317.473237,-0.760258,63.931651,10.301576,3.918967,0.000000
18.751294,19.462537,36.994494,2312.104927,-0.703824,63.944348,10.315636,3.924521,0.000000
18.765432,19.489892,36.958377,2306.715370,-0.647012,63.957025,10.324402,3.928062,0.000000
18.779542,19.517168,36.925720,2301.307432,-0.590012,63.969682,10.327887,3.929594,0.000000
18.793623,19.544375,36.896524,2295.884023,-0.533027,63.982329,10.326126,3.929130,0.000000
18.807655,19.571514,36.870771,2290.448060,-0.476249,63.994956,10.319182,3.926693,0.000000
18.821657,19.598575,36.848410,2285.002477,-0.419872,64.007564,10.307142,3.922317,0.000000
18.835620,19.625557,36.829403,2279.550223,-0.364086,64.020161,10.290116,3.916043,0.000000
18.849554,19.652470,36.813700,2274.094180,-0.309086,64.032738,10.268238,3.907921,0.000000
18.863439,19.679316,36.801222,2268.637252,-0.255054,64.045306,10.241661,3.898011,0.000000
18.877295,19.706073,36.791909,2263.182260,-0.202174,64.057844,10.210560,3.886377,0.000000
18.891111,19.732772,36.785651,2257.731987,-0.150618,64.070371,10.175126,3.873092,0.000000
18.904888,19.759382,36.782358,2252.289145,-0.100549,64.082889,10.135568,3.858237,0.000000
18.918636,19.785925,36.781931,2246.856365,-0.052141,64.095377,10.092109,3.841894,0.000000
18.932345,19.812399,36.784249,2241.436200,-0.005538,64.107855,10.044985,3.824155,0.000000
18.946014,19.838795,36.789201,2236.031100,0.039108,64.120313,9.994441,3.805112,0.000000
18.959644,19.865112,36.796638,2230.643413,0.081654,64.132761,9.940735,3.784862,0.000000
18.973245,19.891362,36.806439,2225.275370,0.121985,64.145189,9.884127,3.763506,0.000000
18.986807,19.917544,36.818464,2219.929096,0.159979,64.157607,9.824887,3.741145,0.000000
19.000330,19.943647,36.832560,2214.606589,0.195513,64.170006,9.763285,3.717882,0.000000
19.013823,19.969672,36.848568,2209.309742,0.228503,64.182384,9.699595,3.693822,0.000000
19.027277,19.995640,36.866337,2204.040290,0.258856,64.194753,9.634088,3.669067,0.000000
19.040702,20.021519,36.885716,2198.799853,0.286490,64.207111,9.567038,3.643722,0.000000
19.054087,20.047340,36.906532,2193.589912,0.311331,64.219450,9.498713,3.617888,0.000000
19.067433,20.073084,36.928616,2188.411846,0.333327,64.231768,9.429377,3.591667,0.000000
19.080750,20.098759,36.951805,2183.266850,0.352424,64.244077,9.359291,3.565157,0.000000
19.094028,20.124367,36.975939,2178.156040,0.368581,64.256376,9.288706,3.538454,0.000000
19.107277,20.149897,37.000845,2173.080359,0.381775,64.268664,9.217870,3.511653,0.000000
19.120486,20.175369,37.026342,2168.040658,0.391983,64.280933,9.147021,3.484844,0.000000
19.133666,20.200763,37.052269,2163.037626,0.399194,64.293192,9.076387,3.458114,0.000000
19.146816,20.226089,37.078463,2158.071861,0.403405,64.305441,9.006189,3.431547,0.000000
19.159928,20.251358,37.104763,2153.143828,0.404625,64.317679,8.936637,3.405224,0.000000
19.173000,20.276549,37.130987,2148.253863,0.402872,64.329898,8.867933,3.379221,0.000000
19.186053,20.301672,37.156984,2143.402206,0.398164,64.342117,8.800268,3.353611,0.000000
19.199066,20.326738,37.182590,2138.588968,0.390540,64.354316,8.733820,3.328463,0.000000
19.212040,20.351736,37.207644,2133.814168,0.380039,64.366505,8.668762,3.303841,0.000000
19.224995,20.376666,37.232015,2129.077722,0.366700,64.378694,8.605252,3.279807,0.000000
19.237911,20.401529,37.255530,2124.379436,0.350582,64.390863,8.543441,3.256418,0.000000
19.250798,20.426335,37.278047,2119.719023,0.331745,64.403021,8.483468,3.233727,0.000000
19.263655,20.451073,37.299445,2115.096126,0.310258,64.415180,8.425465,3.211784,0.000000
19.276472,20.475743,37.319560,2110.510263,0.286190,64.427329,8.369551,3.190636,0.000000
19.289271,20.500356,37.338292,2105.960895,0.259612,64.439468,8.315839,3.170325,0.000000
19.302030,20.524901,37.355488,2101.447408,0.230613,64.451596,8.264431,3.150890,0.000000
19.314760,20.549390,37.371036,2096.969077,0.199284,64.463715,8.215421,3.132367,0.000000
19.327471,20.573820,37.384824,2092.525137,0.165716,64.475824,8.168895,3.114790,0.000000
19.340143,20.598184,37.396750,2088.114750,0.130008,64.487932,8.124932,3.098188,0.000000
19.352785,20.622490,37.406702,2083.736988,0.092241,64.500041,8.083602,3.082588,0.000000
19.365398,20.646739,37.414579,2079.390891,0.052537,64.512129,8.044969,3.068015,0.000000
19.377981,20.670921,37.420298,2075.075418,0.010996,64.524218,8.009089,3.054491,0.000000
19.390536,20.695055,37.423768,2070.789464,-0.032260,64.536296,7.976013,3.042035,0.000000
19.403061,20.719122,37.424917,2066.531897,-0.077140,64.548374,7.945786,3.030663,0.000000
19.415556,20.743132,37.423673,2062.301511,-0.123513,64.560442,7.918444,3.020392,0.000000
19.428023,20.767085,37.419965,2058.097060,-0.171257,64.572500,7.894022,3.011233,0.000000
19.440460,20.790971,37.413740,2053.917245,-0.220269,64.584559,7.872547,3.003197,0.000000
19.452878,20.814809,37.404948,2049.760719,-0.270419,64.596616,7.854041,2.996293,0.000000
19.465256,20.838591,37.393538,2045.626100,-0.321584,64.608664,7.838522,2.990527,0.000000
19.477615,20.862315,37.379477,2041.511968,-0.373632,64.620702,7.826003,2.985906,0.000000
19.489945,20.885972,37.362724,2037.416860,-0.426449,64.632740,7.816492,2.982432,0.000000
19.502236,20.909583,37.343268,2033.339283,-0.479895,64.644777,7.809993,2.980107,0.000000
19.514517,20.933136,37.321079,2029.277693,-0.533856,64.656805,7.806507,2.978931,0.000000
19.526759,20.956632,37.296155,2025.230544,-0.588189,64.668823,7.806029,2.978903,0.000000
19.538971,20.980072,37.268485,2021.196229,-0.642771,64.680840,7.808550,2.980019,0.000000
19.551165,21.003454,37.238078,2017.173131,-0.697480,64.692857,7.814057,2.982276,0.000000
19.563329,21.026779,37.204933,2013.159623,-0.752172,64.704864,7.822534,2.985666,0.000000
19.575463,21.050058,37.169071,2009.154024,-0.806734,64.716872,7.833960,2.990182,0.000000
19.587569,21.073270,37.130520,2005.154655,-0.861013,64.728869,7.848309,2.995814,0.000000
19.599655,21.096434,37.089300,2001.159805,-0.914905,64.740866,7.865552,3.002551,0.000000
19.611701,21.119542,37.045440,1997.167762,-0.968266,64.752852,7.885655,3.010381,0.000000
19.623728,21.142593,36.999001,1993.176794,-1.020964,64.764839,7.908580,3.019289,0.000000
19.635736,21.165588,36.950023,1989.185158,-1.072893,64.776816,7.934282,3.029258,0.000000
19.647705,21.188525,36.898544,1985.191110,-1.123901,64.788793,7.962714,3.040271,0.000000
19.659654,21.211416,36.844647,1981.192896,-1.173894,64.800759,7.993824,3.052307,0.000000
19.671574,21.234239,36.788390,1977.188772,-1.222717,64.812726,8.027552,3.065344,0.000000
19.683465,21.257017,36.729844,1973.176991,-1.270277,64.824682,8.063835,3.079358,0.000000
19.695326,21.279737,36.669080,1969.155810,-1.316449,64.836629,8.102603,3.094323,0.000000
19.707167,21.302401,36.606189,1965.123491,-1.361110,64.848575,8.143782,3.110209,0.000000
19.718980,21.325008,36.541250,1961.078329,-1.404145,64.860511,8.187291,3.126988,0.000000
19.730763,21.347558,36.474375,1957.018628,-1.445461,64.872447,8.233043,3.144624,0.000000
19.742516,21.370051,36.405646,1952.942712,-1.484933,64.884373,8.280943,3.163083,0.000000
19.754251,21.392488,36.335162,1948.848934,-1.522477,64.896290,8.330892,3.182327,0.000000
19.765945,21.414869,36.263046,1944.735690,-1.557979,64.908206,8.382785,3.202315,0.000000
19.777621,21.437192,36.189398,1940.601382,-1.591346,64.920102,8.436506,3.223003,0.000000
19.789267,21.459459,36.114340,1936.444497,-1.622492,64.931998,8.491937,3.244347,0.000000
19.800893,21.481660,36.037984,1932.263529,-1.651345,64.943893,8.548950,3.266297,0.000000
19.812480,21.503814,35.960451,1928.057055,-1.677800,64.955769,8.607411,3.288804,0.000000
19.824048,21.525911,35.881883,1923.823690,-1.701804,64.967635,8.667181,3.311812,0.000000
19.835576,21.547942,35.802392,1919.562113,-1.723284,64.979501,8.728111,3.335266,0.000000
19.847085,21.569916,35.722110,1915.271073,-1.742175,64.991347,8.790049,3.359108,0.000000
19.858565,21.591834,35.641179,1910.949408,-1.758425,65.003193,8.852833,3.383275,0.000000
19.870025,21.613695,35.559721,1906.596001,-1.771990,65.015019,8.916298,3.407705,0.000000
19.881445,21.635490,35.477878,1902.209842,-1.782827,65.026845,8.980271,3.432332,0.000000
19.892836,21.657228,35.395782,1897.789998,-1.790894,65.038651,9.044575,3.457088,0.000000
19.904207,21.678910,35.313577,1893.335652,-1.796188,65.050447,9.109029,3.481903,0.000000
19.915539,21.700526,35.231394,1888.846053,-1.798677,65.062233,9.173444,3.506706,0.000000
19.926852,21.722075,35.149376,1884.320559,-1.798349,65.074009,9.237632,3.531425,0.000000
19.938125,21.743568,35.067655,1879.758663,-1.795222,65.085765,9.301398,3.555985,0.000000
19.949378,21.765004,34.986354,1875.159928,-1.789295,65.097511,9.364547,3.580312,0.000000
19.960602,21.786364,34.905615,1870.524050,-1.780596,65.109247,9.426882,3.604330,0.000000
19.971787,21.807677,34.825571,1865.850836,-1.769134,65.120963,9.488205,3.627964,0.000000
19.982951,21.828915,34.746355,1861.140218,-1.754970,65.132670,9.548320,3.651137,0.000000
19.994077,21.850086,34.668069,1856.392250,-1.738143,65.144366,9.607031,3.673777,0.000000
20.005183,21.871200,34.590855,1851.607086,-1.718713,65.156042,9.664143,3.695807,0.000000
20.016249,21.892249,34.514827,1846.785035,-1.696741,65.167699,9.719468,3.717156,0.000000
20.027285,21.913231,34.440087,1841.926499,-1.672308,65.179346,9.772819,3.737752,0.000000
20.038302,21.934147,34.366757,1837.032022,-1.645494,65.190972,9.824018,3.757527,0.000000
20.049280,21.954996,34.294929,1832.102261,-1.616392,65.202579,9.872891,3.776414,0.000000
20.060228,21.975780,34.224696,1827.137985,-1.585113,65.214176,9.919273,3.794351,0.000000
20.071146,21.996497,34.156171,1822.140086,-1.551771,65.225753,9.963008,3.811276,0.000000
20.082025,22.017149,34.089415,1817.109581,-1.516467,65.237310,10.003951,3.827135,0.000000
20.092884,22.037724,34.024521,1812.047575,-1.479346,65.248848,10.041966,3.841876,0.000000
20.103703,22.058232,33.961560,1806.955291,-1.440540,65.260375,10.076929,3.855450,0.000000
20.114493,22.078675,33.900585,1801.834040,-1.400184,65.271883,10.108730,3.867816,0.000000
20.125253,22.099052,33.841656,1796.685259,-1.358431,65.283361,10.137272,3.878936,0.000000
20.135984,22.119353,33.784837,1791.510435,-1.315437,65.294829,10.162471,3.888778,0.000000
20.146674,22.139588,33.730158,1786.311159,-1.271366,65.306277,10.184260,3.897316,0.000000
20.157346,22.159756,33.677651,1781.089092,-1.226363,65.317705,10.202584,3.904529,0.000000
20.167977,22.179849,33.627346,1775.845949,-1.180604,65.329103,10.217407,3.910402,0.000000
20.178569,22.199876,33.579266,1770.583526,-1.134265,65.340492,10.228705,3.914927,0.000000
20.189141,22.219826,33.533410,1765.303660,-1.087511,65.351860,10.236472,3.918100,0.000000
20.199673,22.239701,33.489780,1760.008231,-1.040518,65.363209,10.240717,3.919926,0.000000
20.210176,22.259510,33.448386,1754.699149,-0.993463,65.374528,10.241466,3.920414,0.000000
20.220639,22.279253,33.409199,1749.378356,-0.946523,65.385838,10.238757,3.919578,0.000000
20.231083,22.298921,33.372198,1744.047804,-0.899874,65.397127,10.232646,3.917440,0.000000
20.241486,22.318512,33.337364,1738.709476,-0.853671,65.408387,10.223201,3.914025,0.000000
20.251860,22.338038,33.304658,1733.365338,-0.808104,65.419626,10.210507,3.909365,0.000000
20.262194,22.357488,33.274028,1728.017342,-0.763337,65.430846,10.194658,3.903496,0.000000
20.272498,22.376862,33.245424,1722.667434,-0.719528,65.442056,10.175762,3.896461,0.000000
20.282773,22.396170,33.218795,1717.317547,-0.676834,65.453237,10.153940,3.888304,0.000000
20.293018,22.415403,33.194071,1711.969567,-0.635431,65.464397,10.129321,3.879075,0.000000
20.303223,22.434570,33.171192,1706.625357,-0.595435,65.475528,10.102045,3.868828,0.000000
20.313409,22.453661,33.150075,1701.286731,-0.557024,65.486649,10.072259,3.857618,0.000000
20.323545,22.472677,33.130629,1695.955462,-0.520314,65.497750,10.040120,3.845506,0.000000
20.333661,22.491617,33.112794,1690.633242,-0.485440,65.508831,10.005789,3.832553,0.000000
20.343737,22.510492,33.096458,1685.321731,-0.452530,65.519882,9.969434,3.818823,0.000000
20.353793,22.529301,33.081528,1680.022511,-0.421698,65.530924,9.931226,3.804382,0.000000
20.363810,22.548024,33.067914,1674.737110,-0.393041,65.541945,9.891341,3.789297,0.000000
20.373787,22.566682,33.055514,1669.466966,-0.366663,65.552937,9.849956,3.773636,0.000000
20.383744,22.585274,33.044215,1664.213455,-0.342670,65.563919,9.807250,3.757467,0.000000
20.393661,22.603791,33.033915,1658.977851,-0.321117,65.574881,9.763403,3.740859,0.000000
20.403549,22.622243,33.024493,1653.761378,-0.302097,65.585824,9.718594,3.723881,0.000000
20.413406,22.640619,33.015856,1648.565167,-0.285656,65.596746,9.673001,3.706600,0.000000
20.423234,22.658920,33.007881,1643.390258,-0.271867,65.607649,9.626799,3.689084,0.000000
20.433033,22.677156,33.000457,1638.237609,-0.260763,65.618531,9.580163,3.671400,0.000000
20.442791,22.695326,32.993470,1633.108095,-0.252389,65.629404,9.533261,3.653613,0.000000
20.452530,22.713421,32.986788,1628.002502,-0.246766,65.640257,9.486262,3.635786,0.000000
20.462229,22.731450,32.980330,1622.921542,-0.243918,65.651090,9.439326,3.617982,0.000000
20.471898,22.749404,32.973951,1617.865826,-0.243856,65.661904,9.392611,3.600260,0.000000
20.481547,22.767303,32.967550,1612.835891,-0.246572,65.672697,9.346269,3.582680,0.000000
20.491156,22.785117,32.961023,1607.832174,-0.252057,65.683481,9.300447,3.565297,0.000000
20.500736,22.802876,32.954239,1602.855051,-0.260313,65.694254,9.255285,3.548165,0.000000
20.510286,22.820569,32.947114,1597.904804,-0.271301,65.704998,9.210918,3.531337,0.000000
20.519806,22.838188,32.939526,1592.981634,-0.285000,65.715732,9.167474,3.514860,0.000000
20.529307,22.855741,32.931371,1588.085670,-0.301371,65.726456,9.125077,3.498783,0.000000
20.538767,22.873229,32.922559,1583.216969,-0.320364,65.737160,9.083841,3.483150,0.000000
20.548198,22.890652,32.912975,1578.375486,-0.341917,65.747844,9.043876,3.468002,0.000000
20.557609,22.908010,32.902538,1573.561124,-0.365989,65.758518,9.005285,3.453380,0.000000
20.566980,22.925303,32.891155,1568.773726,-0.392500,65.769183,8.968165,3.439321,0.000000
20.576331,22.942531,32.878723,1564.013030,-0.421388,65.779827,8.932605,3.425858,0.000000
20.585642,22.959684,32.865170,1559.278745,-0.452581,65.790462,8.898690,3.413024,0.000000
20.594934,22.976782,32.850424,1554.570497,-0.485976,65.801086,8.866496,3.400850,0.000000
20.604196,22.993826,32.834393,1549.887839,-0.521490,65.811691,8.836094,3.389361,0.000000
20.613438,23.010794,32.817003,1545.230286,-0.559030,65.822276,8.807550,3.378584,0.000000
20.622641,23.027697,32.798193,1540.597278,-0.598515,65.832860,8.780923,3.368542,0.000000
20.631823,23.044546,32.777912,1535.988195,-0.639819,65.843425,8.756266,3.359254,0.000000
20.640966,23.061329,32.756076,1531.402374,-0.682849,65.853980,8.733626,3.350739,0.000000
20.650099,23.078048,32.732655,1526.839112,-0.727492,65.864525,8.713045,3.343013,0.000000
20.659192,23.094702,32.707577,1522.297614,-0.773643,65.875050,8.694559,3.336090,0.000000
20.668255,23.111301,32.680819,1517.777083,-0.821167,65.885575,8.678200,3.329982,0.000000
20.677298,23.127836,32.652331,1513.276661,-0.869949,65.896080,8.663994,3.324700,0.000000
20.686312,23.144305,32.622070,1508.795429,-0.919875,65.906575,8.651959,3.320251,0.000000
20.695306,23.160720,32.590026,1504.332446,-0.970819,65.917061,8.642112,3.316640,0.000000
20.704270,23.177071,32.556168,1499.886731,-1.022657,65.927526,8.634464,3.313874,0.000000
20.713204,23.193356,32.520463,1495.457259,-1.075252,65.937991,8.629019,3.311952,0.000000
20.722108,23.209587,32.482912,1491.042988,-1.128478,65.948437,8.625779,3.310877,0.000000
20.730993,23.225763,32.443504,1486.642830,-1.182200,65.958872,8.624739,3.310646,0.000000
20.739848,23.241875,32.402228,1482.255650,-1.236303,65.969307,8.625890,3.311256,0.000000
20.748683,23.257922,32.359093,1477.880330,-1.290639,65.979723,8.629219,3.312702,0.000000
20.757478,23.273915,32.314089,1473.515702,-1.345092,65.990128,8.634708,3.314977,0.000000
20.766263,23.289843,32.267245,1469.160565,-1.399506,66.000514,8.642334,3.318073,0.000000
20.775008,23.305716,32.218572,1464.813719,-1.453775,66.010900,8.652069,3.321980,0.000000
20.783734,23.321525,32.168080,1460.473955,-1.507752,66.021275,8.663883,3.326684,0.000000
20.792440,23.337279,32.115808,1456.140009,-1.561310,66.031631,8.677737,3.332173,0.000000
20.801105,23.352969,32.061766,1451.810669,-1.614322,66.041977,8.693592,3.338430,0.000000
20.809762,23.368605,32.006016,1447.484652,-1.666652,66.052322,8.711401,3.345439,0.000000
20.818378,23.384186,31.948568,1443.160705,-1.718194,66.062648,8.731115,3.353180,0.000000
20.826974,23.399702,31.889482,1438.837584,-1.768810,66.072964,8.752678,3.361632,0.000000
20.835551,23.415154,31.828789,1434.514014,-1.818384,66.083260,8.776032,3.370772,0.000000
20.844097,23.430552,31.766560,1430.188742,-1.866800,66.093556,8.801112,3.380576,0.000000
20.852614,23.445896,31.702836,1425.860522,-1.913940,66.103832,8.827851,3.391019,0.000000
20.861111,23.461175,31.637679,1421.528110,-1.959688,66.114108,8.856175,3.402071,0.000000
20.869578,23.476389,31.571148,1417.190302,-2.003948,66.124364,8.886008,3.413704,0.000000
20.878015,23.491550,31.503307,1412.845883,-2.046614,66.134600,8.917268,3.425886,0.000000
20.886432,23.506656,31.434226,1408.493680,-2.087579,66.144837,8.949868,3.438585,0.000000
20.894830,23.521698,31.363967,1404.132527,-2.126747,66.155053,8.983719,3.451766,0.000000
20.903187,23.536676,31.292622,1399.761292,-2.164043,66.165259,9.018726,3.465392,0.000000
20.911535,23.551609,31.220252,1395.378893,-2.199382,66.175456,9.054792,3.479426,0.000000
20.919843,23.566469,31.146940,1390.984268,-2.232668,66.185632,9.091814,3.493829,0.000000
20.928131,23.581274,31.072767,1386.576384,-2.263845,66.195799,9.129686,3.508560,0.000000
20.936399,23.596015,30.997816,1382.154262,-2.292850,66.205946,9.168300,3.523578,0.000000
20.944626,23.610702,30.922159,1377.716994,-2.319607,66.216092,9.207543,3.538838,0.000000
20.952845,23.625325,30.845898,1373.263670,-2.344083,66.226209,9.247299,3.554298,0.000000
20.961023,23.639883,30.769105,1368.793474,-2.366213,66.236317,9.287451,3.569911,0.000000
20.969181,23.654388,30.691862,1364.305641,-2.385985,66.246414,9.327879,3.585632,0.000000
20.977319,23.668829,30.614273,1359.799436,-2.403345,66.256491,9.368460,3.601414,0.000000
20.985428,23.683215,30.536409,1355.274227,-2.418281,66.266558,9.409071,3.617208,0.000000
20.993506,23.697528,30.458373,1350.729404,-2.430780,66.276606,9.449587,3.632967,0.000000
21.001554,23.711787,30.380227,1346.164478,-2.440840,66.286643,9.489881,3.648643,0.000000
21.009583,23.725981,30.302075,1341.578971,-2.448450,66.296661,9.529830,3.664187,0.000000
21.017592,23.740122,30.223998,1336.972519,-2.453630,66.306659,9.569306,3.679552,0.000000
21.025560,23.754189,30.146068,1332.344809,-2.456399,66.316637,9.608186,3.694688,0.000000
21.033509,23.768202,30.068380,1327.695619,-2.456786,66.326605,9.646345,3.709549,0.000000
21.041427,23.782151,29.991004,1323.024790,-2.454812,66.336553,9.683663,3.724088,0.000000
21.049326,23.796036,29.914023,1318.332247,-2.450550,66.346482,9.720020,3.738258,0.000000
21.057195,23.809858,29.837511,1313.617994,-2.444029,66.356400,9.755300,3.752016,0.000000
21.065033,23.823616,29.761538,1308.882111,-2.435323,66.366289,9.789390,3.765317,0.000000
21.072852,23.837310,29.686167,1304.124746,-2.424504,66.376168,9.822183,3.778121,0.000000
21.080641,23.850940,29.611471,1299.346132,-2.411634,66.386027,9.853574,3.790387,0.000000
21.088399,23.864506,29.537512,1294.546596,-2.396819,66.395866,9.883465,3.802077,0.000000
21.096128,23.878009,29.464342,1289.726523,-2.380141,66.405676,9.911763,3.813155,0.000000
21.103836,23.891438,29.392032,1284.886363,-2.361706,66.415476,9.938381,3.823588,0.000000
21.111515,23.904814,29.320614,1280.026649,-2.341608,66.425256,9.963240,3.833345,0.000000
21.119163,23.918126,29.250141,1275.147993,-2.319983,66.435016,9.986267,3.842398,0.000000
21.126792,23.931364,29.180664,1270.251074,-2.296938,66.444756,10.007397,3.850722,0.000000
21.134380,23.944539,29.112214,1265.336608,-2.272598,66.454476,10.026571,3.858294,0.000000
21.141948,23.957650,29.044823,1260.405397,-2.247101,66.464177,10.043742,3.865096,0.000000
21.149497,23.970698,28.978511,1255.458313,-2.220583,66.473848,10.058868,3.871112,0.000000
21.157005,23.983672,28.913321,1250.496260,-2.193184,66.483509,10.071917,3.876329,0.000000
21.164493,23.996593,28.849263,1245.520183,-2.165039,66.493140,10.082866,3.880738,0.000000
21.171951,24.009440,28.786347,1240.531113,-2.136308,66.502762,10.091700,3.884333,0.000000
21.179379,24.022214,28.724575,1235.530086,-2.107140,66.512354,10.098414,3.887113,0.000000
21.186787,24.034925,28.663977,1230.518205,-2.077672,66.521926,10.103010,3.889078,0.000000
21.194154,24.047572,28.604533,1225.496582,-2.048074,66.531468,10.105501,3.890233,0.000000
21.201502,24.060156,28.546233,1220.466369,-2.018496,66.541000,10.105908,3.890585,0.000000
21.208819,24.072666,28.489078,1215.428741,-1.989085,66.550503,10.104259,3.890146,0.000000
21.216107,24.085113,28.433057,1210.384904,-1.960002,66.559986,10.100593,3.888929,0.000000
21.223374,24.097497,28.378140,1205.336054,-1.931397,66.569449,10.094953,3.886953,0.000000
21.230611,24.109808,28.324317,1200.283417,-1.903417,66.578893,10.087392,3.884237,0.000000
21.237818,24.122045,28.271537,1195.228231,-1.876214,66.588316,10.077972,3.880805,0.000000
21.244995,24.134220,28.219789,1190.171703,-1.849936,66.597710,10.066757,3.876681,0.000000
21.252142,24.146331,28.169033,1185.115072,-1.824722,66.607084,10.053822,3.871894,0.000000
21.259268,24.158379,28.119217,1180.059555,-1.800712,66.616438,10.039245,3.866474,0.000000
21.266365,24.170354,28.070321,1175.006350,-1.778035,66.625773,10.023110,3.860454,0.000000
21.273431,24.182255,28.022272,1169.956656,-1.756818,66.635088,10.005507,3.853867,0.000000
21.280467,24.194094,27.975040,1164.911629,-1.737202,66.644373,9.986528,3.846750,0.000000
21.287483,24.205870,27.928564,1159.872417,-1.719284,66.653648,9.966271,3.839140,0.000000
21.294469,24.217582,27.882791,1154.840157,-1.703181,66.662893,9.944835,3.831075,0.000000
21.301425,24.229222,27.837659,1149.815913,-1.688992,66.672119,9.922325,3.822595,0.000000
21.308350,24.240789,27.793118,1144.800763,-1.676835,66.681325,9.898845,3.813740,0.000000
21.315256,24.252292,27.749095,1139.795719,-1.666775,66.690511,9.874501,3.804552,0.000000
21.322131,24.263733,27.705527,1134.801766,-1.658919,66.699667,9.849402,3.795071,0.000000
21.328976,24.275111,27.662364,1129.819836,-1.653324,66.708814,9.823655,3.785341,0.000000
21.335790,24.286416,27.619523,1124.850840,-1.650065,66.717940,9.797370,3.775402,0.000000
21.342585,24.297658,27.576941,1119.895628,-1.649208,66.727037,9.770655,3.765295,0.000000
21.349350,24.308827,27.534557,1114.955009,-1.650796,66.736125,9.743616,3.755064,0.000000
21.356094,24.319933,27.492298,1110.029730,-1.654865,66.745192,9.716361,3.744747,0.000000
21.362798,24.330977,27.450101,1105.120529,-1.661468,66.754230,9.688994,3.734387,0.000000
21.369482,24.341958,27.407885,1100.228039,-1.670628,66.763257,9.661617,3.724022,0.000000
21.376146,24.352866,27.365598,1095.352885,-1.682348,66.772265,9.634332,3.713691,0.000000
21.382769,24.363721,27.323166,1090.495627,-1.696650,66.781253,9.607235,3.703431,0.000000
21.389383,24.374504,27.280517,1085.656756,-1.713546,66.790222,9.580423,3.693280,0.000000
21.395956,24.385214,27.237600,1080.836740,-1.733007,66.799180,9.553987,3.683273,0.000000
21.402509,24.395871,27.194331,1076.035957,-1.755044,66.808109,9.528015,3.673444,0.000000
21.409032,24.406465,27.150658,1071.254783,-1.779616,66.817028,9.502594,3.663826,0.000000
21.415535,24.416987,27.106519,1066.493490,-1.806704,66.825927,9.477803,3.654451,0.000000
21.422007,24.427447,27.061852,1061.752321,-1.836266,66.834806,9.453722,3.645348,0.000000
21.428460,24.437853,27.016605,1057.031477,-1.868261,66.843665,9.430423,3.636546,0.000000
21.434882,24.448187,26.970715,1052.331086,-1.902636,66.852515,9.407976,3.628071,0.000000
21.441284,24.458459,26.924130,1047.651236,-1.939330,66.861345,9.386446,3.619949,0.000000
21.447655,24.468668,26.876799,1042.991962,-1.978290,66.870154,9.365895,3.612204,0.000000
21.453997,24.478824,26.828678,1038.353258,-2.019442,66.878954,9.346379,3.604857,0.000000
21.460318,24.488908,26.779718,1033.735046,-2.062702,66.887735,9.327951,3.597929,0.000000
0.050631,0.048491,51.953049,5372.408368,-0.482285,44.264825,8.308337,3.204809,0.000000
0.101237,0.096939,51.898675,5368.264198,-0.427564,44.264687,8.362414,3.225829,0.000000
0.151796,0.145327,51.851595,5364.078374,-0.372059,44.264598,8.408374,3.243720,0.000000
0.202320,0.193662,51.811883,5359.855286,-0.315929,44.264558,8.446004,3.258399,0.000000
0.252808,0.241947,51.779615,5355.599487,-0.259281,44.264557,8.475136,3.269802,0.000000
0.303249,0.290179,51.754813,5351.315627,-0.202298,44.264596,8.495650,3.277880,0.000000
0.353666,0.338360,51.737523,5347.008472,-0.145109,44.264684,8.507475,3.282606,0.000000
0.404035,0.386480,51.727724,5342.682829,-0.087864,44.264811,8.510588,3.283971,0.000000
0.454359,0.434548,51.725409,5338.343548,-0.030712,44.264977,8.505017,3.281985,0.000000
0.504657,0.482565,51.730550,5333.995482,0.026184,44.265193,8.490840,3.276677,0.000000
0.554909,0.530530,51.743087,5329.643472,0.082696,44.265448,8.468179,3.268095,0.000000
0.605114,0.578434,51.762938,5325.292301,0.138673,44.265752,8.437208,3.256304,0.000000
0.655284,0.626296,51.790012,5320.946691,0.193964,44.266096,8.398139,3.241388,0.000000
0.705418,0.674087,51.824208,5316.611270,0.248439,44.266479,8.351231,3.223443,0.000000
0.755505,0.721836,51.865383,5312.290545,0.301958,44.266911,8.296777,3.202585,0.000000
0.805557,0.769535,51.913404,5307.988859,0.354392,44.267382,8.235107,3.178938,0.000000
0.855573,0.817171,51.968106,5303.710429,0.405621,44.267893,8.166580,3.152642,0.000000
0.905542,0.864757,52.029315,5299.459281,0.455526,44.268453,8.091584,3.123846,0.000000
0.955475,0.912291,52.096825,5295.239231,0.503989,44.269052,8.010528,3.092707,0.000000
1.005373,0.959774,52.170461,5291.053911,0.550921,44.269700,7.923840,3.059391,0.000000
1.055224,1.007205,52.249976,5286.906727,0.596214,44.270388,7.831961,3.024067,0.000000
1.104998,1.054615,52.332709,5282.805011,0.601693,44.357243,7.737927,2.987907,44.298357
1.154664,1.102052,52.415989,5278.753922,0.605881,44.443182,7.644602,2.952018,44.298010
1.204211,1.149507,52.499671,5274.753336,0.608788,44.528206,7.552156,2.916464,44.297663
1.253650,1.196979,52.583576,5270.803036,0.610425,44.612323,7.460747,2.881307,44.297316
1.302981,1.244478,52.667550,5266.902702,0.610812,44.695545,7.370528,2.846606,44.296969
1.352193,1.291995,52.751426,5263.051961,0.609948,44.777880,7.281638,2.812416,44.296622
1.401307,1.339519,52.835048,5259.250336,0.607855,44.859349,7.194208,2.778785,44.296275
1.450314,1.387071,52.918260,5255.497267,0.604552,44.939961,7.108358,2.745762,44.295928
1.499222,1.434640,53.000925,5251.792155,0.600060,45.019736,7.024201,2.713389,44.295581
1.548011,1.482227,53.082868,5248.134304,0.594402,45.098684,6.941838,2.681706,44.295234
1.596713,1.529831,53.163963,5244.522998,0.587597,45.176835,6.861364,2.650750,44.294887
1.645306,1.577453,53.244064,5240.957419,0.579665,45.254197,6.782863,2.620553,44.294540
1.693792,1.625082,53.323015,5237.436726,0.570640,45.330802,6.706414,2.591145,44.294193
1.742189,1.672738,53.400700,5233.960036,0.560531,45.406668,6.632087,2.562555,44.293846
1.790478,1.720402,53.476984,5230.526396,0.549381,45.481815,6.559945,2.534806,44.293498
1.838679,1.768083,53.551730,5227.134828,0.537221,45.556262,6.490044,2.507920,44.293151
1.886782,1.815782,53.624815,5223.784337,0.524061,45.630041,6.422436,2.481918,44.292804
1.934787,1.863488,53.696111,5220.473852,0.509934,45.703179,6.357164,2.456816,44.292457
1.982704,1.911212,53.765514,5217.202293,0.494882,45.775686,6.294270,2.432630,44.292110
2.030523,1.958952,53.832909,5213.968578,0.478926,45.847603,6.233786,2.409373,44.291763
2.078244,2.006711,53.898181,5210.771545,0.462087,45.918949,6.175744,2.387058,44.291416
2.125877,2.054476,53.961235,5207.610059,0.444418,45.989752,6.120170,2.365695,44.291069
2.173422,2.102249,54.021945,5204.482924,0.425931,46.060034,6.067086,2.345292,44.290722
2.220879,2.150050,54.080249,5201.388955,0.406667,46.129833,6.016511,2.325857,44.290375
2.268238,2.197857,54.136031,5198.326944,0.386659,46.199159,5.968461,2.307396,44.290028
2.315520,2.245673,54.189205,5195.295643,0.365928,46.268061,5.922951,2.289915,44.289681
2.362703,2.293505,54.239690,5192.293824,0.344517,46.336550,5.879990,2.273418,44.289334
2.409808,2.341345,54.287409,5189.320215,0.322458,46.404654,5.839588,2.257909,44.288987
2.456826,2.389202,54.332280,5186.373548,0.299783,46.472413,5.801753,2.243391,44.288640
2.503745,2.437067,54.374238,5183.452539,0.276513,46.539846,5.766491,2.229866,44.288293
2.550586,2.484949,54.413211,5180.555886,0.252691,46.606984,5.733805,2.217337,44.287946
2.597350,2.532838,54.449133,5177.682308,0.228360,46.673865,5.703700,2.205804,44.287599
2.644015,2.580744,54.481952,5174.830459,0.203532,46.740500,5.676178,2.195269,44.287251
2.690614,2.628658,54.511605,5171.999046,0.178259,46.806917,5.651242,2.185733,44.286904
2.737113,2.676589,54.538048,5169.186704,0.152563,46.873167,5.628894,2.177197,44.286557
2.783535,2.724527,54.561240,5166.392116,0.126477,46.939258,5.609134,2.169661,44.286210
2.829869,2.772483,54.581126,5163.613917,0.100033,47.005231,5.591964,2.163127,44.285863
2.876125,2.820446,54.597675,5160.850748,0.073285,47.071104,5.577385,2.157594,44.285516
2.922293,2.868416,54.610864,5158.101243,0.046232,47.136917,5.565400,2.153064,44.285169
2.968383,2.916403,54.620640,5155.364011,0.018940,47.202691,5.556009,2.149537,44.284822
3.014395,2.964398,54.626992,5152.637675,-0.008581,47.268463,5.549215,2.147014,44.284475
3.060320,3.012410,54.629898,5149.920843,-0.036287,47.334245,5.545019,2.145497,44.284128
3.106156,3.060429,54.629346,5147.212096,-0.064146,47.400094,5.543425,2.144986,44.283781
3.151914,3.108465,54.625315,5144.510021,-0.092114,47.466012,5.544436,2.145483,44.283434
3.197594,3.156509,54.617792,5141.813185,-0.120181,47.532046,5.548055,2.146989,44.283087
3.243186,3.204569,54.606797,5139.120167,-0.148292,47.598228,5.554286,2.149507,44.282740
3.288700,3.252637,54.592299,5136.429501,-0.176415,47.664575,5.563135,2.153038,44.282393
3.334126,3.300713,54.574327,5133.739734,-0.204528,47.731119,5.574606,2.157584,44.282046
3.379474,3.348805,54.552880,5131.049388,-0.232587,47.797898,5.588704,2.163147,44.281699
3.424734,3.396904,54.527978,5128.356989,-0.260560,47.864931,5.605437,2.169730,44.281352
3.469916,3.445021,54.499631,5125.661049,-0.288414,47.932259,5.624809,2.177336,44.281004
3.515010,3.493154,54.467857,5122.960038,-0.316116,47.999900,5.646827,2.185967,44.280657
3.560025,3.541295,54.432689,5120.252460,-0.343623,48.067904,5.671499,2.195626,44.280310
3.604952,3.589443,54.394155,5117.536783,-0.370901,48.136281,5.698830,2.206315,44.279963
3.649791,3.637618,54.352287,5114.811446,-0.397930,48.205080,5.728827,2.218038,44.279616
3.694552,3.685790,54.307124,5112.074919,-0.424653,48.274321,5.761496,2.230797,44.279269
3.739225,3.733979,54.258719,5109.325608,-0.451050,48.344032,5.796844,2.244593,44.278922
3.783809,3.782185,54.207102,5106.561950,-0.477087,48.414254,5.834875,2.259431,44.278575
3.828305,3.830408,54.152344,5103.782361,-0.502721,48.485006,5.875594,2.275311,44.278228
3.872722,3.878639,54.094487,5100.985224,-0.527918,48.556338,5.919005,2.292234,44.277881
3.917041,3.926876,54.033593,5098.168936,-0.552646,48.628258,5.965111,2.310203,44.277534
3.961272,3.975140,53.969733,5095.331878,-0.576860,48.700826,6.013911,2.329217,44.277187
4.005424,4.023411,53.902971,5092.472413,-0.600538,48.774042,6.065406,2.349277,44.276840
4.049477,4.071699,53.833388,5089.588912,-0.623637,48.847965,6.119592,2.370381,44.276493
4.093432,4.119994,53.761046,5086.679717,-0.646123,48.922615,6.176465,2.392528,44.276146
4.137309,4.168307,53.686039,5083.743198,-0.667953,48.998021,6.236016,2.415715,44.275799
4.181086,4.216636,53.608451,5080.777685,-0.689103,49.074212,6.298235,2.439937,44.275452
4.224765,4.264981,53.528363,5077.781536,-0.709519,49.151238,6.363109,2.465191,44.275105
4.268355,4.313334,53.445890,5074.753091,-0.729190,49.229118,6.430619,2.491468,44.274757
4.311836,4.361714,53.361105,5071.690697,-0.748072,49.307873,6.500743,2.518760,44.274410
4.355239,4.410100,53.274133,5068.592704,-0.766119,49.387560,6.573456,2.547059,44.274063
4.398533,4.458504,53.185078,5065.457478,-0.783310,49.468190,6.648726,2.576351,44.273716
4.441727,4.506914,53.094033,5062.283389,-0.799601,49.549793,6.726518,2.606622,44.273369
4.484812,4.555351,53.001135,5059.068824,-0.814968,49.632416,6.806788,2.637858,44.273022
4.527809,4.603805,52.906487,5055.812170,-0.829369,49.716071,6.889489,2.670038,44.272675
4.570696,4.652265,52.810224,5052.511858,-0.842779,49.800807,6.974565,2.703143,44.272328
4.613484,4.700753,52.712463,5049.166346,-0.855156,49.886632,7.061956,2.737147,44.271981
4.656153,4.749247,52.613339,5045.774084,-0.866475,49.973587,7.151591,2.772025,44.271634
4.698722,4.797768,52.512987,5042.333604,-0.876716,50.061701,7.243394,2.807746,44.271287
4.741182,4.846295,52.411544,5038.843436,-0.885833,50.150993,7.337278,2.844278,44.270940
4.783533,4.894850,52.309134,5035.302186,-0.893803,50.241483,7.433150,2.881584,44.270593
4.825763,4.943411,52.205927,5031.708476,-0.900593,50.333221,7.530906,2.919624,44.270246
4.867895,4.991998,52.102046,5028.061005,-0.906203,50.426206,7.630434,2.958354,44.269899
4.909896,5.040593,51.997660,5024.358530,-0.910577,50.520468,7.731611,2.997728,44.269552
4.951788,5.089214,51.892895,5020.599854,-0.913714,50.616036,7.834306,3.037694,44.269205
4.993560,5.137851,51.787928,5016.783879,-0.915591,50.712911,7.938375,3.078197,44.268858
5.035212,5.186505,51.682907,5012.909563,-0.916174,50.811130,8.043665,3.119177,44.268510
5.076734,5.235176,51.577978,5008.975943,-0.915464,50.910706,8.150015,3.160572,44.268163
5.118136,5.283863,51.473310,5004.982186,-0.913437,51.011646,8.257250,3.202315,44.267816
5.159418,5.332577,51.369070,5000.927505,-0.910081,51.113961,8.365185,3.244333,44.267469
5.200569,5.381298,51.265395,4996.811253,-0.905396,51.217661,8.473628,3.286552,44.267122
5.241591,5.430045,51.162475,4992.632854,-0.899369,51.322765,8.582374,3.328893,44.266775
5.282481,5.478808,51.060446,4988.391898,-0.891989,51.429274,8.691209,3.371273,44.266428
5.323242,5.527588,50.959486,4984.088049,-0.883267,51.537187,8.799910,3.413604,44.266081
5.363861,5.576385,50.859754,4979.721127,-0.873189,51.646504,8.908246,3.455798,44.265734
5.404351,5.625208,50.761396,4975.291066,-0.861778,51.757225,9.015975,3.497761,44.265387
5.444699,5.674038,50.664583,4970.797948,-0.849033,51.869351,9.122853,3.539397,44.265040
5.484906,5.722893,50.569471,4966.241988,-0.834963,51.982861,9.228624,3.580608,44.264693
5.524973,5.771766,50.476208,4961.623570,-0.819579,52.097746,9.333029,3.621294,44.264346
5.564898,5.820665,50.384952,4956.943203,-0.802914,52.214005,9.435805,3.661351,44.263999
5.604673,5.869570,50.295841,4952.201551,-0.784987,52.331610,9.536686,3.700676,44.263652
5.644306,5.918501,50.209033,4947.399436,-0.765822,52.450540,9.635402,3.739165,44.263305
5.683788,5.967440,50.124676,4942.537859,-0.745438,52.570776,9.731683,3.776713,44.262958
5.723119,6.016404,50.042886,4937.617943,-0.723879,52.692298,9.825262,3.813216,44.262611
5.762298,6.065385,49.963811,4932.640982,-0.701177,52.815057,9.915872,3.848569,44.262263
5.801326,6.114383,49.887568,4927.608445,-0.677376,52.939033,10.003249,3.882672,44.261916
5.840193,6.163406,49.814283,4922.521928,-0.652519,53.064187,10.087138,3.915424,44.261569
5.878907,6.212436,49.744085,4917.383205,-0.626661,53.190479,10.167288,3.946728,44.261222
5.917460,6.261483,49.677057,4912.194176,-0.599844,53.317861,10.243458,3.976489,44.260875
5.955861,6.310546,49.613327,4906.956897,-0.572124,53.446303,10.315417,4.004619,44.260528
5.994101,6.359635,49.552970,4901.673571,-0.543566,53.575746,10.382946,4.031032,44.260181
6.032168,6.408730,49.496092,4896.346517,-0.514225,53.706131,10.445840,4.055647,44.259834
6.070083,6.457842,49.442758,4890.978191,-0.484166,53.837418,10.503908,4.078391,44.259487
6.107827,6.506971,49.393052,4885.571163,-0.453455,53.969539,10.556977,4.099196,44.259140
6.145408,6.556115,49.347028,4880.128109,-0.422169,54.102445,10.604889,4.118001,44.258793
6.182827,6.605276,49.304740,4874.651821,-0.390362,54.236076,10.647507,4.134752,44.258446
6.220074,6.654444,49.266253,4869.145143,-0.358135,54.370364,10.684713,4.149402,44.258099
6.257158,6.703637,49.231578,4863.611047,-0.325540,54.505250,10.716411,4.161915,44.257752
6.294070,6.752837,49.200758,4858.052524,-0.292657,54.640675,10.742525,4.172260,44.257405
6.330810,6.802044,49.173816,4852.472652,-0.259572,54.776550,10.763001,4.180416,44.257058
6.367387,6.851267,49.150752,4846.874540,-0.226363,54.912837,10.777808,4.186371,44.256711
6.403792,6.900506,49.131569,4841.261328,-0.193107,55.049446,10.786938,4.190122,44.256364
6.440025,6.949752,49.116256,4835.636160,-0.159882,55.186318,10.790404,4.191672,44.256016
6.476084,6.999014,49.104795,4830.002221,-0.126765,55.323386,10.788242,4.191036,44.255669
6.511982,7.048283,49.097174,4824.362664,-0.093844,55.460589,10.780512,4.188237,44.255322
6.547696,7.097558,49.093334,4818.720614,-0.061198,55.597849,10.767293,4.183305,44.254975
6.583248,7.146839,49.093242,4813.079174,-0.028891,55.735098,10.748684,4.176278,44.254628
6.618627,7.196137,49.096837,4807.441430,0.002986,55.872287,10.724808,4.167204,44.254281
6.653844,7.245441,49.104068,4801.810371,0.034367,56.009336,10.695803,4.156136,44.253934
6.688878,7.294752,49.114851,4796.188947,0.065186,56.146196,10.661826,4.143135,44.253587
6.723749,7.344069,49.129114,4790.580025,0.095354,56.282790,10.623052,4.128268,44.253240
6.758448,7.393403,49.146773,4784.986399,0.124815,56.419077,10.579667,4.111608,44.252893
6.792984,7.442733,49.167735,4779.410751,0.153501,56.554989,10.531876,4.093234,44.252546
6.827347,7.492070,49.191895,4773.855678,0.181347,56.690477,10.479893,4.073229,44.252199
6.861547,7.541403,49.219148,4768.323661,0.208285,56.825481,10.423944,4.051680,44.251852
6.895575,7.590753,49.249380,4762.817072,0.234281,56.959963,10.364263,4.028678,44.251505
6.929440,7.640099,49.282475,4757.338173,0.259258,57.093873,10.301092,4.004317,44.251158
6.963132,7.689452,49.318309,4751.889063,0.283180,57.227163,10.234682,3.978695,44.250811
6.996671,7.738811,49.356743,4746.471769,0.305993,57.359802,10.165284,3.951909,44.250464
7.030038,7.788167,49.397654,4741.088137,0.327652,57.491742,10.093155,3.924058,44.250117
7.063252,7.837530,49.440904,4735.739912,0.348121,57.622953,10.018554,3.895243,44.249769
7.096294,7.886889,49.486335,4730.428692,0.367368,57.753396,9.941739,3.865565,44.249422
7.129182,7.936255,49.533822,4725.155939,0.385358,57.883052,9.862968,3.835123,44.249075
7.161908,7.985617,49.583208,4719.922970,0.402058,58.011900,9.782496,3.804017,44.248728
7.194482,8.034976,49.634344,4714.730998,0.417443,58.139901,9.700576,3.772345,44.248381
7.226893,8.084342,49.687073,4709.581055,0.431492,58.267045,9.617458,3.740203,44.248034
7.259151,8.133694,49.741248,4704.474095,0.444180,58.393314,9.533383,3.707686,44.247687
7.291257,8.183053,49.796711,4699.410889,0.455508,58.518697,9.448589,3.674887,44.247340
7.323200,8.232418,49.853293,4694.392127,0.465464,58.643183,9.363307,3.641894,44.246993
7.355001,8.281771,49.910868,4689.418334,0.474024,58.766755,9.277762,3.608796,44.246646
7.386712,8.331091,49.972182,4684.484323,0.533798,58.774200,9.188559,3.574272,0.000000
7.418373,8.380350,50.039983,4679.587519,0.591607,58.781664,9.092500,3.537077,0.000000
7.449997,8.429548,50.114020,4674.732076,0.647316,58.789148,8.990128,3.497422,0.000000
7.481582,8.478684,50.194041,4669.921866,0.700791,58.796651,8.881997,3.455524,0.000000
7.513129,8.527760,50.279793,4665.160514,0.751931,58.804175,8.768673,3.411600,0.000000
7.544638,8.576774,50.370974,4660.451327,0.800611,58.811727,8.650723,3.365873,0.000000
7.576108,8.625728,50.467319,4655.797335,0.846752,58.819299,8.528713,3.318561,0.000000
7.607530,8.674620,50.568513,4651.201261,0.890263,58.826890,8.403205,3.269884,0.000000
7.638924,8.723451,50.674262,4646.665539,0.931077,58.834511,8.274751,3.220055,0.000000
7.670289,8.772231,50.784261,4642.192328,0.969135,58.842142,8.143888,3.169284,0.000000
7.701606,8.820950,50.898183,4637.783497,1.004381,58.849812,8.011137,3.117773,0.000000
7.732885,8.869608,51.015713,4633.440642,1.036791,58.857491,7.877000,3.065718,0.000000
7.764136,8.918214,51.136533,4629.165075,1.066317,58.865200,7.741956,3.013304,0.000000
7.795348,8.966760,51.260328,4624.957880,1.092948,58.872939,7.606460,2.960710,0.000000
7.826522,9.015254,51.386760,4620.819890,1.116670,58.880697,7.470943,2.908103,0.000000
7.857658,9.063697,51.515523,4616.751705,1.137493,58.888474,7.335808,2.855639,0.000000
7.888765,9.112079,51.646291,4612.753686,1.155414,58.896281,7.201433,2.803465,0.000000
7.919845,9.160419,51.778734,4608.826038,1.170444,58.904117,7.068165,2.751718,0.000000
7.950876,9.208699,51.912548,4604.968712,1.182625,58.911973,6.936328,2.700523,0.000000
7.981889,9.256927,52.047426,4601.181544,1.191956,58.919848,6.806214,2.649994,0.000000
8.012864,9.305114,52.183049,4597.464152,1.198501,58.927762,6.678093,2.600235,0.000000
8.043811,9.353250,52.319124,4593.816036,1.202270,58.935696,6.552206,2.551342,0.000000
8.074719,9.401334,52.455352,4590.236550,1.203340,58.943660,6.428770,2.503398,0.000000
8.105599,9.449367,52.591437,4586.724912,1.201731,58.951643,6.307978,2.456480,0.000000
8.136452,9.497359,52.727095,4583.280235,1.197508,58.959665,6.190000,2.410653,0.000000
8.167265,9.545309,52.862048,4579.901536,1.190738,58.967707,6.074985,2.365975,0.000000
8.198062,9.593208,52.996033,4576.587727,1.181473,58.975778,5.963061,2.322497,0.000000
8.228819,9.641056,53.128783,4573.337638,1.169770,58.983878,5.854338,2.280261,0.000000
8.259560,9.688872,53.260035,4570.150054,1.155692,58.992008,5.748908,2.239304,0.000000
8.290261,9.736636,53.389553,4567.023667,1.139318,59.000157,5.646846,2.199656,0.000000
8.320935,9.784369,53.517084,4563.957115,1.120712,59.008346,5.548215,2.161339,0.000000
8.351591,9.832051,53.642405,4560.949016,1.099940,59.016554,5.453061,2.124374,0.000000
8.382208,9.879701,53.765291,4557.997912,1.077080,59.024801,5.361421,2.088774,0.000000
8.412148,9.927503,53.879209,4554.916119,1.051988,59.033365,5.273270,2.054330,0.000000
8.441601,9.975410,53.986013,4551.764548,1.024807,59.042140,5.188642,2.021132,0.000000
8.471030,10.023280,54.089724,4548.665895,0.995778,59.050955,5.107576,1.989328,0.000000
8.500432,10.071111,54.190131,4545.618608,0.964969,59.059799,5.030072,1.958918,0.000000
8.529789,10.118913,54.287065,4542.621113,0.932459,59.068663,4.956122,1.929900,0.000000
8.559119,10.166678,54.380358,4539.671837,0.898327,59.077566,4.885713,1.902266,0.000000
8.588414,10.214414,54.469830,4536.769173,0.862641,59.086498,4.818827,1.876011,0.000000
8.617684,10.262112,54.555324,4533.911537,0.825468,59.095470,4.755444,1.851125,0.000000
8.646907,10.309782,54.636714,4531.097315,0.786899,59.104462,4.695539,1.827598,0.000000
8.676115,10.357423,54.713831,4528.324910,0.747000,59.113493,4.639084,1.805419,0.000000
8.705287,10.405026,54.786560,4525.592718,0.705852,59.122543,4.586053,1.784578,0.000000
8.734423,10.452601,54.854776,4522.899113,0.663510,59.131633,4.536415,1.765061,0.000000
8.763523,10.500148,54.918352,4520.242498,0.620063,59.140763,4.490140,1.746858,0.000000
8.792608,10.547665,54.977184,4517.621270,0.575570,59.149912,4.447198,1.729955,0.000000
8.821647,10.595145,55.031179,4515.033812,0.530118,59.159100,4.407560,1.714341,0.000000
8.850671,10.642607,55.080231,4512.478518,0.483753,59.168318,4.371196,1.700003,0.000000
8.879659,10.690039,55.124257,4509.953784,0.436566,59.177565,4.338079,1.686932,0.000000
8.908611,10.737434,55.163174,4507.457994,0.388622,59.186842,4.308183,1.675116,0.000000
8.937537,10.784810,55.196921,4504.989530,0.339979,59.196158,4.281482,1.664545,0.000000
8.966438,10.832157,55.225434,4502.546800,0.290714,59.205504,4.257954,1.655209,0.000000
8.995304,10.879477,55.248642,4500.128175,0.240896,59.214879,4.237579,1.647101,0.000000
9.024144,10.926767,55.266503,4497.732019,0.190579,59.224293,4.220337,1.640213,0.000000
9.052958,10.974030,55.278977,4495.356717,0.139853,59.233737,4.206214,1.634538,0.000000
9.081737,11.021264,55.286023,4493.000641,0.088763,59.243211,4.195196,1.630071,0.000000
9.110490,11.068479,55.287611,4490.662124,0.037388,59.252724,4.187273,1.626808,0.000000
9.139218,11.115666,55.283731,4488.339527,-0.014218,59.262256,4.182438,1.624744,0.000000
9.167910,11.162825,55.274354,4486.031173,-0.065975,59.271838,4.180684,1.623878,0.000000
9.196576,11.209955,55.259481,4483.735382,-0.117828,59.281439,4.182012,1.624209,0.000000
9.225217,11.257066,55.239102,4481.450464,-0.169711,59.291080,4.186421,1.625737,0.000000
9.253823,11.304149,55.213242,4479.174699,-0.221545,59.300750,4.193916,1.628462,0.000000
9.282403,11.351204,55.181900,4476.906366,-0.273275,59.310450,4.204503,1.632387,0.000000
9.310957,11.398240,55.145090,4474.643690,-0.324844,59.320179,4.218193,1.637516,0.000000
9.339486,11.445248,55.102854,4472.384931,-0.376165,59.329948,4.234997,1.643852,0.000000
9.367980,11.492228,55.055227,4470.128262,-0.427181,59.339746,4.254930,1.651402,0.000000
9.396458,11.539188,55.002231,4467.871877,-0.477826,59.349583,4.278010,1.660170,0.000000
9.424890,11.586121,54.943930,4465.613931,-0.528044,59.359450,4.304257,1.670166,0.000000
9.453308,11.633025,54.880379,4463.352543,-0.577747,59.369347,4.333692,1.681396,0.000000
9.481689,11.679910,54.811633,4461.085805,-0.626868,59.379273,4.366339,1.693870,0.000000
9.510046,11.726767,54.737766,4458.811796,-0.675351,59.389228,4.402224,1.707597,0.000000
9.538377,11.773596,54.658854,4456.528554,-0.723131,59.399223,4.441375,1.722587,0.000000
9.566672,11.820406,54.574983,4454.234062,-0.770118,59.409247,4.483818,1.738851,0.000000
9.594942,11.867188,54.486238,4451.926317,-0.816258,59.419301,4.529584,1.756400,0.000000
9.623186,11.913942,54.392728,4449.603230,-0.861473,59.429385,4.578702,1.775243,0.000000
9.651395,11.960677,54.294557,4447.262734,-0.905696,59.439497,4.631200,1.795394,0.000000
9.679578,12.007383,54.191834,4444.902688,-0.948851,59.449650,4.687108,1.816861,0.000000
9.707737,12.054062,54.084676,4442.520929,-0.990871,59.459821,4.746454,1.839656,0.000000
9.735859,12.100712,53.973231,4440.115275,-1.031678,59.470033,4.809264,1.863788,0.000000
9.763956,12.147343,53.857617,4437.683489,-1.071197,59.480273,4.875563,1.889266,0.000000
9.792028,12.193946,53.737983,4435.223327,-1.109349,59.490544,4.945370,1.916099,0.000000
9.820064,12.240521,53.614488,4432.732489,-1.146068,59.500843,5.018705,1.944291,0.000000
9.848065,12.287068,53.487281,4430.208687,-1.181278,59.511173,5.095581,1.973849,0.000000
9.876051,12.333586,53.356543,4427.649571,-1.214901,59.521532,5.176005,2.004774,0.000000
9.903990,12.380077,53.222442,4425.052799,-1.246872,59.531910,5.259981,2.037068,0.000000
9.931905,12.426539,53.085159,4422.415990,-1.277091,59.542328,5.347502,2.070727,0.000000
9.959794,12.472973,52.944885,4419.736761,-1.305504,59.552775,5.438557,2.105747,0.000000
9.987647,12.519378,52.801822,4417.012718,-1.332033,59.563252,5.533122,2.142118,0.000000
10.015476,12.565756,52.656180,4414.241457,-1.356592,59.573748,5.631167,2.179827,0.000000
10.043258,12.612105,52.508171,4411.420608,-1.379124,59.584275,5.732648,2.218858,0.000000
10.071025,12.658426,52.358007,4408.547766,-1.399544,59.594830,5.837508,2.259187,0.000000
10.098747,12.704710,52.205930,4405.620569,-1.417784,59.605415,5.945679,2.300789,0.000000
10.126443,12.750965,52.052163,4402.636687,-1.433780,59.616030,6.057075,2.343629,0.000000
10.154104,12.797192,51.896959,4399.593801,-1.447454,59.626664,6.171597,2.387668,0.000000
10.181729,12.843381,51.740561,4396.489664,-1.458742,59.637328,6.289126,2.432861,0.000000
10.209318,12.889533,51.583232,4393.322061,-1.467589,59.648011,6.409526,2.479154,0.000000
10.236883,12.935656,51.425226,4390.088862,-1.473918,59.658724,6.532641,2.526486,0.000000
10.264412,12.981751,51.266816,4386.787988,-1.477698,59.669467,6.658296,2.574790,0.000000
10.291894,13.027799,51.108277,4383.417487,-1.478852,59.680229,6.786291,2.623987,0.000000
10.319352,13.073819,50.949872,4379.975479,-1.477348,59.691011,6.916407,2.673994,0.000000
10.346774,13.119802,50.791895,4376.460211,-1.473132,59.701822,7.048400,2.724714,0.000000
10.374151,13.165746,50.634631,4372.870088,-1.466160,59.712653,7.182003,2.776045,0.000000
10.401502,13.211653,50.478365,4369.203608,-1.456424,59.723504,7.316924,2.827874,0.000000
10.428807,13.257523,50.323379,4365.459481,-1.443868,59.734384,7.452849,2.880079,0.000000
10.456077,13.303345,50.169979,4361.636561,-1.428495,59.745284,7.589439,2.932529,0.000000
10.483311,13.349129,50.018460,4357.733914,-1.410282,59.756204,7.726330,2.985083,0.000000
10.510500,13.394876,49.869104,4353.750794,-1.389233,59.767144,7.863138,3.037593,0.000000
10.537653,13.440585,49.722206,4349.686677,-1.365346,59.778103,7.999457,3.089902,0.000000
10.564770,13.486247,49.578060,4345.541288,-1.338636,59.789081,8.134858,3.141845,0.000000
10.591842,13.531862,49.436949,4341.314575,-1.309137,59.800080,8.268897,3.193250,0.000000
10.618878,13.577430,49.299157,4337.006769,-1.276860,59.811098,8.401113,3.243939,0.000000
10.645869,13.622961,49.164977,4332.618351,-1.241852,59.822136,8.531029,3.293729,0.000000
10.672824,13.668444,49.034660,4328.150077,-1.204179,59.833184,8.658161,3.342433,0.000000
10.699733,13.713870,48.908479,4323.603006,-1.163899,59.844261,8.782014,3.389859,0.000000
10.726596,13.759260,48.786696,4318.978482,-1.121089,59.855348,8.902092,3.435818,0.000000
10.753414,13.804592,48.669562,4314.278130,-1.075817,59.866445,9.017896,3.480117,0.000000
10.780197,13.849877,48.557306,4309.503892,-1.028207,59.877571,9.128933,3.522566,0.000000
10.806881,13.895144,48.447878,4304.662841,-1.023106,60.001261,9.237566,3.564079,38.966456
10.833417,13.940402,48.339185,4299.760299,-1.016296,60.126435,9.346304,3.605622,38.963630
10.859815,13.985661,48.231393,4294.795866,-1.007787,60.253103,9.454906,3.647103,38.960804
10.886063,14.030920,48.124672,4289.769279,-0.997580,60.381265,9.563111,3.688421,38.957978
10.912152,14.076180,48.019211,4284.680423,-0.985677,60.510901,9.670653,3.729475,38.955153
10.938102,14.121441,47.915166,4279.529350,-0.972089,60.642031,9.777258,3.770157,38.952327
10.963893,14.166692,47.812715,4274.316258,-0.956828,60.774636,9.882644,3.810361,38.949501
10.989535,14.211944,47.712017,4269.041494,-0.939939,60.908695,9.986526,3.849975,38.946675
11.015018,14.257197,47.613238,4263.705603,-0.921422,61.044209,10.088614,3.888889,38.943850
11.040342,14.302441,47.516536,4258.309256,-0.901322,61.181148,10.188614,3.926989,38.941024
11.065506,14.347685,47.422056,4252.853325,-0.879674,61.319493,10.286234,3.964163,38.938198
11.090522,14.392921,47.329968,4247.338859,-0.856521,61.459214,10.381181,4.000298,38.935372
11.115369,14.438157,47.240405,4241.767053,-0.831899,61.600282,10.473163,4.035283,38.932546
11.140057,14.483384,47.153505,4236.139282,-0.805872,61.742666,10.561894,4.069007,38.929721
11.164575,14.528602,47.069414,4230.457110,-0.778487,61.886329,10.647094,4.101363,38.926895
11.188924,14.573821,46.988245,4224.722247,-0.749821,62.031221,10.728488,4.132247,38.924069
11.213115,14.619031,46.910125,4218.936573,-0.719918,62.177312,10.805814,4.161556,38.921243
11.237146,14.664232,46.835157,4213.102132,-0.688867,62.324533,10.878820,4.189195,38.918417
11.260998,14.709424,46.763457,4207.221109,-0.656735,62.472856,10.947267,4.215072,38.915592
11.284681,14.754607,46.695117,4201.295864,-0.623600,62.622210,11.010931,4.239102,38.912766
11.308195,14.799781,46.630221,4195.328853,-0.589550,62.772538,11.069604,4.261205,38.909940
11.331540,14.844947,46.568840,4189.322689,-0.554673,62.923791,11.123099,4.281310,38.907114
11.354705,14.890103,46.511059,4183.280113,-0.519047,63.075899,11.171246,4.299352,38.904288
11.377712,14.935241,46.456939,4177.203956,-0.482782,63.228793,11.213896,4.315274,38.901463
11.400540,14.980370,46.406510,4171.097159,-0.445956,63.382415,11.250925,4.329030,38.898637
11.423189,15.025490,46.359835,4164.962733,-0.408690,63.536686,11.282230,4.340581,38.895811
11.445669,15.070601,46.316923,4158.803795,-0.371061,63.691548,11.307731,4.349896,38.892985
11.467969,15.115684,46.277793,4152.623484,-0.333190,63.846921,11.327376,4.356957,38.890159
11.490101,15.160768,46.242476,4146.425022,-0.295165,64.002726,11.341135,4.361752,38.887334
11.512055,15.205824,46.210951,4140.211631,-0.257086,64.158896,11.349004,4.364281,38.884508
11.533829,15.250871,46.183205,4133.986586,-0.219073,64.315362,11.351004,4.364553,38.881682
11.555434,15.295899,46.159238,4127.753140,-0.181225,64.472044,11.347182,4.362586,38.878856
11.576861,15.340918,46.138995,4121.514548,-0.143631,64.628874,11.337608,4.358409,38.876031
11.598119,15.385910,46.122445,4115.274052,-0.106399,64.785774,11.322376,4.352057,38.873205
11.619198,15.430893,46.109524,4109.034843,-0.069640,64.942674,11.301603,4.343577,38.870379
11.640099,15.475848,46.100189,4102.800092,-0.033431,65.099505,11.275427,4.333023,38.867553
11.660831,15.520784,46.094365,4096.572884,0.002109,65.256200,11.244007,4.320456,38.864727
11.681384,15.565702,46.091967,4090.356232,0.036913,65.412689,11.207521,4.305946,38.861902
11.701770,15.610601,46.092911,4084.153096,0.070873,65.568894,11.166166,4.289569,38.859076
11.721976,15.655482,46.097102,4077.966310,0.103899,65.724775,11.120153,4.271406,38.856250
11.742025,15.700345,46.104434,4071.798624,0.135928,65.880264,11.069710,4.251545,38.853424
11.761885,15.745180,46.114790,4065.652683,0.166872,66.035291,11.015075,4.230079,38.850598
11.781587,15.789987,46.128066,4059.530996,0.196654,66.189808,10.956499,4.207105,38.847773
11.801121,15.834775,46.144134,4053.435977,0.225198,66.343775,10.894241,4.182722,38.844947
11.820476,15.879546,46.162858,4047.369873,0.252450,66.497124,10.828569,4.157034,38.842121
11.839674,15.924288,46.184101,4041.334836,0.278345,66.649825,10.759756,4.130147,38.839295
11.858704,15.969012,46.207727,4035.332850,0.302827,66.801818,10.688079,4.102166,38.836469
11.877566,16.013708,46.233597,4029.365772,0.325833,66.953086,10.613818,4.073199,38.833644
11.896260,16.058376,46.261556,4023.435304,0.347341,67.103577,10.537253,4.043356,38.830818
11.914796,16.103026,46.291444,4017.543009,0.367286,67.253263,10.458665,4.012742,38.827992
11.933175,16.147638,46.323116,4011.690327,0.385646,67.402115,10.378331,3.981466,38.825166
11.951386,16.192232,46.356403,4005.878516,0.402378,67.550112,10.296527,3.949633,38.822340
11.969439,16.236808,46.391159,4000.108700,0.417462,67.697235,10.213524,3.917347,38.819515
11.987335,16.281347,46.427204,3994.381888,0.430887,67.843455,10.129586,3.884711,38.816689
12.005074,16.325867,46.464392,3988.698918,0.442610,67.988771,10.044973,3.851822,38.813863
12.022665,16.370350,46.502556,3983.060505,0.452642,68.133154,9.959936,3.818779,38.811037
12.040089,16.414814,46.541528,3977.467217,0.460963,68.276614,9.874720,3.785674,38.808212
12.057366,16.459251,46.581140,3971.919505,0.467574,68.419141,9.789560,3.752598,38.805386
12.074496,16.503659,46.621225,3966.417673,0.472463,68.560725,9.704682,3.719638,38.802560
12.091469,16.548040,46.661647,3960.961942,0.475654,68.701367,9.620304,3.686877,38.799734
12.108295,16.592394,46.702217,3955.552354,0.477148,68.841085,9.536633,3.654394,38.796908
12.124974,16.636719,46.742779,3950.188900,0.476956,68.979870,9.453866,3.622266,38.794083
12.141506,16.681017,46.783185,3944.871411,0.475090,69.117741,9.372192,3.590563,38.791257
12.157892,16.725287,46.823281,3939.599647,0.471583,69.254710,9.291788,3.559353,38.788431
12.174141,16.769529,46.862908,3934.373240,0.466448,69.390784,9.212822,3.528702,38.785605
12.190233,16.813743,46.901921,3929.191749,0.459706,69.525974,9.135451,3.498668,38.782779
12.206198,16.857920,46.940173,3924.054619,0.451392,69.660320,9.059824,3.469309,38.779954
12.222018,16.902079,46.977509,3918.961241,0.441539,69.793831,8.986079,3.440677,38.777128
12.237690,16.946210,47.013813,3913.910891,0.430169,69.926527,8.914347,3.412822,38.774302
12.253237,16.990304,47.048918,3908.902782,0.417338,70.058438,8.844746,3.385790,38.771476
12.268637,17.034379,47.082720,3903.936064,0.403079,70.189582,8.777390,3.359623,38.768650
12.283900,17.078417,47.115085,3899.009793,0.387425,70.319990,8.712382,3.334360,38.765825
12.299038,17.122437,47.145876,3894.122992,0.370422,70.449700,8.649817,3.310038,38.762999
12.314040,17.166420,47.174989,3889.274591,0.352124,70.578733,8.589784,3.286690,38.760173
12.328905,17.210375,47.202301,3884.463477,0.332564,70.707118,8.532363,3.264347,38.757347
12.343635,17.254303,47.227706,3879.688497,0.311798,70.834904,8.477628,3.243036,38.754521
12.358238,17.298203,47.251101,3874.948422,0.289870,70.962110,8.425647,3.222784,38.751696
12.372706,17.342065,47.272383,3870.241982,0.266846,71.088777,8.376482,3.203613,38.748870
12.387047,17.385909,47.291467,3865.567886,0.242759,71.214933,8.330188,3.185544,38.746044
12.401263,17.429717,47.308251,3860.924759,0.217664,71.340637,8.286817,3.168597,38.743218
12.415354,17.473505,47.322652,3856.311227,0.191628,71.465900,8.246413,3.152789,38.740393
12.429308,17.517257,47.334597,3851.725851,0.164694,71.590780,8.209018,3.138134,38.737567
12.443137,17.560972,47.344014,3847.167162,0.136928,71.715306,8.174669,3.124646,38.734741
12.456840,17.604668,47.350831,3842.633691,0.108374,71.839529,8.143399,3.112339,38.731915
12.470418,17.648337,47.354975,3838.123883,0.079109,71.963486,8.115235,3.101221,38.729089
12.483880,17.691969,47.356406,3833.636197,0.049177,72.087208,8.090205,3.091303,38.726264
12.497206,17.735573,47.355071,3829.169047,0.018632,72.210744,8.068330,3.082593,38.723438
12.510408,17.779149,47.350909,3824.720827,-0.012459,72.334143,8.049630,3.075098,38.720612
12.523493,17.822698,47.343901,3820.289900,-0.044032,72.457434,8.034121,3.068823,38.717786
12.536454,17.866210,47.333984,3815.874617,-0.076042,72.580676,8.021817,3.063773,38.714960
12.549279,17.909694,47.321159,3811.473299,-0.108412,72.703899,8.012729,3.059953,38.712135
12.561999,17.953150,47.305376,3807.084246,-0.141089,72.827162,8.006866,3.057365,38.709309
12.574583,17.996569,47.286633,3802.705747,-0.174006,72.950485,8.004234,3.056012,38.706483
12.587052,18.039970,47.264913,3798.336080,-0.207110,73.073935,8.004838,3.055894,38.703657
12.599396,18.083335,47.240204,3793.973481,-0.240345,73.197554,8.008680,3.057012,38.700831
12.611615,18.126662,47.212509,3789.616198,-0.273635,73.321379,8.015760,3.059365,38.698006
12.623709,18.169961,47.181827,3785.262436,-0.306926,73.445450,8.026075,3.062952,38.695180
12.635687,18.213233,47.148181,3780.910430,-0.340153,73.569826,8.039620,3.067771,38.692354
12.647541,18.256468,47.111571,3776.558345,-0.373271,73.694547,8.056389,3.073819,38.689528
12.659269,18.299675,47.072030,3772.204394,-0.406195,73.819651,8.076373,3.081092,38.686702
12.670883,18.342855,47.029579,3767.846753,-0.438869,73.945198,8.099559,3.089585,38.683877
12.682371,18.385998,46.984239,3763.483582,-0.471240,74.071227,8.125932,3.099292,38.681051
12.693735,18.429103,46.936064,3759.113047,-0.503253,74.197778,8.155477,3.110205,38.678225
12.704973,18.472182,46.885086,3754.733319,-0.534832,74.324899,8.188171,3.122317,38.675399
12.716086,18.515232,46.831357,3750.342551,-0.565923,74.452639,8.223993,3.135619,38.672574
12.727075,18.558246,46.774920,3745.938896,-0.596461,74.581039,8.262914,3.150099,38.669748
12.737938,18.601223,46.715848,3741.520516,-0.626392,74.710146,8.304905,3.165746,38.666922
12.748687,18.644162,46.654206,3737.085574,-0.655662,74.840011,8.349930,3.182546,38.664096
12.759301,18.687075,46.590044,3732.632244,-0.684206,74.970672,8.397952,3.200484,38.661270
12.769790,18.729950,46.523459,3728.158688,-0.711970,75.102169,8.448927,3.219543,38.658445
12.780154,18.772788,46.454513,3723.663110,-0.738889,75.234552,8.502808,3.239706,38.655619
12.790393,18.815590,46.383290,3719.143706,-0.764909,75.367858,8.559542,3.260950,38.652793
12.800497,18.858364,46.309884,3714.598701,-0.789987,75.502138,8.619070,3.283253,38.649967
12.810477,18.901091,46.234389,3710.026320,-0.814059,75.637431,8.681329,3.306592,38.647141
12.820332,18.943791,46.156890,3705.424842,-0.837070,75.773775,8.746248,3.330939,38.644316
12.830052,18.986445,46.077501,3700.792556,-0.858968,75.911211,8.813751,3.356264,38.641490
12.839647,19.029062,45.996327,3696.127771,-0.879719,76.049778,8.883756,3.382535,38.638664
12.849108,19.071652,45.913473,3691.428859,-0.899248,76.189515,8.956172,3.409719,38.635838
12.858434,19.114195,45.829062,3686.694225,-0.917524,76.330471,9.030902,3.437777,38.633012
12.867625,19.156692,45.743201,3681.922294,-0.934503,76.472666,9.107842,3.466670,38.630187
12.876681,19.199161,45.656014,3677.111565,-0.950143,76.616139,9.186878,3.496353,38.627361
12.885612,19.241584,45.567627,3672.260577,-0.964390,76.760929,9.267889,3.526782,38.624535
12.894399,19.283961,45.478163,3667.367957,-0.977223,76.907057,9.350749,3.557907,38.621709
12.903051,19.326302,45.387760,3662.432358,-0.988588,77.054571,9.435317,3.589675,38.618883
12.911569,19.368605,45.296541,3657.452512,-0.998465,77.203481,9.521450,3.622031,38.616058
12.919942,19.410853,45.204653,3652.427252,-1.006821,77.353827,9.608993,3.654916,38.613232
12.928180,19.453063,45.112231,3647.355455,-1.013615,77.505617,9.697783,3.688267,38.610406
12.936284,19.495228,45.019410,3642.236112,-1.018835,77.658893,9.787649,3.722020,38.607580
12.944232,19.537347,44.926325,3637.068290,-1.022461,77.813653,9.878411,3.756106,38.604755
12.952046,19.579428,44.833132,3631.851148,-1.024473,77.969937,9.969881,3.790453,38.601929
12.959716,19.621454,44.739966,3626.583961,-1.024848,78.127744,10.061863,3.824987,38.599103
12.967241,19.663434,44.646972,3621.266110,-1.023588,78.287096,10.154154,3.859630,38.596277
12.974611,19.705359,44.554297,3615.897069,-1.020682,78.447991,10.246544,3.894303,38.593451
12.981847,19.747247,44.462074,3610.476450,-1.016122,78.610440,10.338816,3.928924,38.590626
12.988928,19.789069,44.370450,3605.003979,-1.009917,78.774441,10.430747,3.963406,38.587800
12.995865,19.830855,44.279568,3599.479510,-1.002069,78.940007,10.522108,3.997665,38.584974
13.002647,19.872586,44.189575,3593.903010,-0.992601,79.107125,10.612668,4.031610,38.582148
13.009274,19.914261,44.100595,3588.274594,-0.981502,79.275788,10.702189,4.065154,38.579322
13.015757,19.955880,44.012772,3582.594514,-0.968827,79.445984,10.790433,4.098205,38.576497
13.022147,19.997435,43.928888,3576.856272,-0.892725,79.458899,10.873213,4.129173,0.000000
13.028515,20.038916,43.851723,3571.056361,-0.814743,79.471795,10.946249,4.156434,0.000000
13.034861,20.080331,43.781419,3565.199829,-0.735098,79.484681,11.009157,4.179844,0.000000
13.041186,20.121663,43.718059,3559.291968,-0.654072,79.497557,11.061623,4.199284,0.000000
13.047479,20.162911,43.661754,3553.338289,-0.571935,79.510433,11.103396,4.214660,0.000000
13.053761,20.204095,43.612564,3547.344514,-0.488948,79.523280,11.134291,4.225905,0.000000
13.060010,20.245195,43.570508,3541.316470,-0.405392,79.536127,11.154196,4.232976,0.000000
13.066239,20.286211,43.535616,3535.260149,-0.321549,79.548964,11.163063,4.235858,0.000000
13.072435,20.327154,43.507864,3529.181569,-0.237719,79.561782,11.160920,4.234561,0.000000
13.078620,20.368022,43.487219,3523.086818,-0.154164,79.574589,11.147862,4.229123,0.000000
13.084773,20.408797,43.473618,3516.981965,-0.071185,79.587387,11.124052,4.219609,0.000000
13.090905,20.449508,43.466985,3510.873035,0.010959,79.600165,11.089720,4.206105,0.000000
13.097015,20.490126,43.467216,3504.766002,0.091977,79.612944,11.045157,4.188725,0.000000
13.103093,20.530670,43.474172,3498.666704,0.171621,79.625702,10.990713,4.167601,0.000000
13.109160,20.571140,43.487708,3492.580840,0.249622,79.638441,10.926791,4.142889,0.000000
13.115195,20.611517,43.507655,3486.513946,0.325743,79.651181,10.853841,4.114760,0.000000
13.121208,20.651829,43.533826,3480.471332,0.399737,79.663900,10.772358,4.083403,0.000000
13.127200,20.692049,43.566011,3474.458122,0.471400,79.676610,10.682870,4.049019,0.000000
13.133160,20.732195,43.603980,3468.479146,0.540507,79.689310,10.585939,4.011822,0.000000
13.139109,20.772267,43.647494,3462.539013,0.606875,79.702000,10.482147,3.972033,0.000000
13.145026,20.812255,43.696313,3456.642008,0.670312,79.714671,10.372096,3.929882,0.000000
13.150922,20.852161,43.750166,3450.792160,0.730667,79.727341,10.256400,3.885602,0.000000
13.156796,20.892002,43.808762,3444.993178,0.787781,79.739992,10.135677,3.839428,0.000000
13.162649,20.931759,43.871830,3439.248474,0.841515,79.752633,10.010546,3.791595,0.000000
13.168480,20.971434,43.939058,3433.561123,0.891774,79.765265,9.881623,3.742336,0.000000
13.174289,21.011044,44.010145,3427.933940,0.938441,79.777877,9.749513,3.691882,0.000000
13.180067,21.050571,44.084800,3422.369393,0.981441,79.790489,9.614807,3.640456,0.000000
13.185833,21.090034,44.162690,3416.869656,1.020690,79.803091,9.478079,3.588277,0.000000
13.191568,21.129413,44.243493,3411.436618,1.056148,79.815673,9.339884,3.535554,0.000000
13.197292,21.168728,44.326910,3406.071875,1.087762,79.828256,9.200752,3.482489,0.000000
13.202984,21.207970,44.412597,3400.776752,1.115511,79.840829,9.061190,3.429272,0.000000
13.208664,21.247147,44.500254,3395.552298,1.139388,79.853392,8.921675,3.376086,0.000000
13.214323,21.286251,44.589538,3390.399312,1.159372,79.865945,8.782658,3.323100,0.000000
13.219951,21.325281,44.680160,3385.318361,1.175509,79.878488,8.644561,3.270475,0.000000
13.225567,21.364246,44.771778,3380.309761,1.187788,79.891022,8.507776,3.218357,0.000000
13.231161,21.403148,44.864092,3375.373637,1.196256,79.903546,8.372666,3.166885,0.000000
13.236735,21.441976,44.956801,3370.509896,1.200957,79.916069,8.239564,3.116185,0.000000
13.242286,21.480749,45.049585,3365.718287,1.201945,79.928584,8.108776,3.066370,0.000000
13.247817,21.519458,45.142164,3360.998337,1.199267,79.941088,7.980580,3.017547,0.000000
13.253325,21.558093,45.234249,3356.349469,1.193009,79.953582,7.855224,2.969810,0.000000
13.258823,21.596674,45.325551,3351.770906,1.183227,79.966077,7.732936,2.923242,0.000000
13.264289,21.635190,45.415791,3347.261779,1.170020,79.978562,7.613914,2.877920,0.000000
13.269744,21.673652,45.504721,3342.821057,1.153464,79.991047,7.498337,2.833910,0.000000
13.275177,21.712050,45.592051,3338.447619,1.133647,80.003522,7.386360,2.791271,0.000000
13.280599,21.750393,45.677556,3334.140236,1.110667,80.015997,7.278119,2.750052,0.000000
13.285990,21.788681,45.760977,3329.897585,1.084621,80.028462,7.173731,2.710299,0.000000
13.291369,21.826905,45.842087,3325.718271,1.055630,80.040918,7.073295,2.672048,0.000000
13.296727,21.865075,45.920660,3321.600792,1.023781,80.053373,6.976896,2.635331,0.000000
13.302073,21.903190,45.996480,3317.543606,0.989183,80.065829,6.884604,2.600172,0.000000
13.307399,21.941250,46.069351,3313.545117,0.951943,80.078275,6.796475,2.566595,0.000000
13.312703,21.979255,46.139067,3309.603634,0.912193,80.090711,6.712555,2.534614,0.000000
13.317985,22.017206,46.205433,3305.717447,0.870029,80.103157,6.632879,2.504242,0.000000
13.323256,22.055112,46.268285,3301.884803,0.825572,80.115593,6.557473,2.475490,0.000000
13.328516,22.092963,46.327448,3298.103896,0.778939,80.128019,6.486357,2.448363,0.000000
13.333745,22.130760,46.382758,3294.372889,0.730240,80.140456,6.419541,2.422865,0.000000
13.338962,22.168511,46.434082,3290.689913,0.679604,80.152882,6.357032,2.398999,0.000000
13.344168,22.206208,46.481276,3287.053058,0.627129,80.165299,6.298830,2.376763,0.000000
13.349353,22.243850,46.524197,3283.460413,0.572953,80.177725,6.244932,2.356156,0.000000
13.354516,22.281457,46.562733,3279.909994,0.517187,80.190142,6.195334,2.337176,0.000000
13.359669,22.319009,46.596783,3276.399847,0.459948,80.202559,6.150025,2.319818,0.000000
13.364799,22.356506,46.626222,3272.927948,0.401354,80.214976,6.108997,2.304078,0.000000
13.369909,22.393968,46.650981,3269.492280,0.341525,80.227383,6.072236,2.289952,0.000000
13.375007,22.431375,46.670977,3266.090796,0.280568,80.239800,6.039733,2.277434,0.000000
13.380094,22.468737,46.686121,3262.721418,0.218612,80.252207,6.011473,2.266518,0.000000
13.385160,22.506054,46.696351,3259.382055,0.155787,80.264614,5.987445,2.257201,0.000000
13.390215,22.543326,46.701627,3256.070588,0.092177,80.277012,5.967636,2.249476,0.000000
13.395248,22.580553,46.701899,3252.784895,0.027934,80.289419,5.952037,2.243339,0.000000
13.400260,22.617735,46.697117,3249.522792,-0.036847,80.301817,5.940637,2.238787,0.000000
13.405261,22.654871,46.687272,3246.282107,-0.102046,80.314214,5.933426,2.235814,0.000000
13.410251,22.691963,46.672335,3243.060624,-0.167535,80.326612,5.930399,2.234417,0.000000
13.415219,22.729009,46.652307,3239.856128,-0.233208,80.339009,5.931547,2.234594,0.000000
13.420166,22.766011,46.627180,3236.666340,-0.298946,80.351407,5.936867,2.236343,0.000000
13.425102,22.802968,46.596974,3233.488981,-0.364621,80.363805,5.946355,2.239660,0.000000
13.430027,22.839879,46.561692,3230.321743,-0.430126,80.376193,5.960007,2.244546,0.000000
13.434931,22.876755,46.521367,3227.162272,-0.495354,80.388581,5.977824,2.250998,0.000000
13.439823,22.913576,46.476040,3224.008218,-0.560167,80.400969,5.999803,2.259016,0.000000
13.444694,22.950362,46.425765,3220.857164,-0.624457,80.413357,6.025947,2.268600,0.000000
13.449554,22.987094,46.370574,3217.706697,-0.688108,80.425745,6.056254,2.279749,0.000000
13.454393,23.023790,46.310551,3214.554359,-0.750991,80.438134,6.090725,2.292463,0.000000
13.459221,23.060441,46.245769,3211.397661,-0.813010,80.450512,6.129361,2.306741,0.000000
13.464037,23.097047,46.176291,3208.234095,-0.874027,80.462890,6.172160,2.322582,0.000000
13.468832,23.133609,46.102223,3205.061107,-0.933936,80.475269,6.219120,2.339985,0.000000
13.473606,23.170134,46.023657,3201.876137,-0.992609,80.487647,6.270237,2.358949,0.000000
13.478369,23.206606,45.940709,3198.676581,-1.049940,80.500026,6.325505,2.379469,0.000000
13.483121,23.243032,45.853492,3195.459823,-1.105800,80.512395,6.384913,2.401542,0.000000
13.487852,23.279423,45.762142,3192.223228,-1.160075,80.524764,6.448447,2.425161,0.000000
13.492571,23.315760,45.666774,3188.964108,-1.212646,80.537133,6.516089,2.450320,0.000000
13.497269,23.352052,45.567543,3185.679806,-1.263397,80.549502,6.587815,2.477008,0.000000
13.501956,23.388308,45.464604,3182.367623,-1.312223,80.561861,6.663593,2.505214,0.000000
13.506622,23.424511,45.358123,3179.024840,-1.358985,80.574220,6.743385,2.534922,0.000000
13.511277,23.460668,45.248255,3175.648758,-1.403588,80.586579,6.827146,2.566115,0.000000
13.515910,23.496781,45.135188,3172.236658,-1.445906,80.598929,6.914817,2.598771,0.000000
13.520533,23.532839,45.019116,3168.785839,-1.485833,80.611278,7.006334,2.632864,0.000000
13.525134,23.568853,44.900216,3165.293615,-1.523263,80.623628,7.101617,2.668364,0.000000
13.529724,23.604822,44.778694,3161.757306,-1.558080,80.635968,7.200575,2.705238,0.000000
13.534304,23.640746,44.654778,3158.174257,-1.590189,80.648308,7.303104,2.743443,0.000000
13.538862,23.676616,44.528663,3154.541864,-1.619476,80.660638,7.409083,2.782936,0.000000
13.543398,23.712432,44.400586,3150.857573,-1.645844,80.672968,7.518377,2.823665,0.000000
13.547924,23.748204,44.270775,3147.118843,-1.669210,80.685298,7.630832,2.865572,0.000000
13.552429,23.783930,44.139466,3143.323260,-1.689458,80.697618,7.746276,2.908591,0.000000
13.556922,23.819593,44.006907,3139.468429,-1.706526,80.709929,7.864520,2.952652,0.000000
13.561394,23.855212,43.873344,3135.552092,-1.720330,80.722239,7.985352,2.997674,0.000000
13.565855,23.890777,43.739045,3131.572053,-1.730787,80.734540,8.108542,3.043570,0.000000
13.570296,23.926287,43.604247,3127.526255,-1.737822,80.746841,8.233836,3.090246,0.000000
13.574725,23.961744,43.469227,3123.412765,-1.741386,80.759132,8.360961,3.137599,0.000000
13.579132,23.997147,43.334252,3119.229776,-1.741436,80.771413,8.489620,3.185516,0.000000
13.583529,24.032495,43.199590,3114.975671,-1.737900,80.783685,8.619495,3.233878,0.000000
13.587905,24.067781,43.065508,3110.648969,-1.730759,80.795957,8.750246,3.282557,0.000000
13.592259,24.103013,42.932293,3106.248388,-1.719992,80.808218,8.881512,3.331419,0.000000
13.596603,24.138190,42.800201,3101.772846,-1.705570,80.820470,9.012910,3.380319,0.000000
13.600925,24.173305,42.669511,3097.221472,-1.687505,80.832713,9.144041,3.429107,0.000000
13.605237,24.208356,42.540497,3092.593603,-1.665776,80.844955,9.274484,3.477627,0.000000
13.609517,24.243354,42.413428,3087.888840,-1.640440,80.857177,9.403804,3.525714,0.000000
13.613796,24.278288,42.288558,3083.107025,-1.611498,80.869400,9.531552,3.573200,0.000000
13.618044,24.313159,42.166176,3078.248242,-1.579015,80.881603,9.657266,3.619914,0.000000
13.622281,24.347958,42.046516,3073.312856,-1.543035,80.893806,9.780475,3.665678,0.000000
13.626507,24.382703,41.929824,3068.301520,-1.503635,80.905990,9.900704,3.710314,0.000000
13.630701,24.417376,41.816366,3063.215147,-1.460900,80.918164,10.017473,3.753644,0.000000
13.634885,24.451995,41.706357,3058.054942,-1.414939,80.930337,10.130302,3.795488,0.000000
13.639048,24.486532,41.600042,3052.822409,-1.365849,80.942491,10.238720,3.835669,0.000000
13.643199,24.521007,41.497614,3047.519320,-1.313780,80.954626,10.342260,3.874014,0.000000
13.647330,24.555418,41.399278,3042.147744,-1.258861,80.966761,10.440470,3.910354,0.000000
13.651439,24.589757,41.305248,3036.710033,-1.201241,80.978875,10.532915,3.944526,0.000000
13.655528,24.624024,41.215677,3031.208802,-1.141102,80.990981,10.619179,3.976376,0.000000
13.659605,24.658218,41.130748,3025.646937,-1.078616,81.003076,10.698874,4.005760,0.000000
13.663661,24.692341,41.050604,3020.027578,-1.013985,81.015152,10.771639,4.032542,0.000000
13.667697,24.726391,40.975365,3014.354096,-0.947390,81.027218,10.837146,4.056601,0.000000
13.671721,24.760369,40.905175,3008.630081,-0.879076,81.039274,10.895103,4.077828,0.000000
13.675714,24.794274,40.840103,3002.859335,-0.809235,81.051311,10.945257,4.096131,0.000000
13.679696,24.828099,40.780261,2997.045848,-0.738122,81.063328,10.987399,4.111431,0.000000
13.683657,24.861860,40.725698,2991.193767,-0.665960,81.075345,11.021360,4.123667,0.000000
13.687607,24.895531,40.676455,2985.307357,-0.592994,81.087332,11.047020,4.132794,0.000000
13.691526,24.929139,40.632581,2979.391026,-0.519468,81.099320,11.064306,4.138787,0.000000
13.695434,24.962665,40.594074,2973.449259,-0.445635,81.111278,11.073190,4.141636,0.000000
13.699321,24.996111,40.560932,2967.486614,-0.371741,81.123236,11.073694,4.141350,0.000000
13.703187,25.029484,40.533124,2961.507668,-0.298040,81.135165,11.065887,4.137957,0.000000
13.707042,25.062776,40.510607,2955.517021,-0.224785,81.147084,11.049883,4.131499,0.000000
13.710876,25.095996,40.493318,2949.519273,-0.152209,81.158993,11.025842,4.122038,0.000000
13.714689,25.129135,40.481184,2943.518949,-0.080566,81.170883,10.993965,4.109650,0.000000
13.718481,25.162202,40.474111,2937.520555,-0.010089,81.182752,10.954494,4.094426,0.000000
13.722252,25.195178,40.471984,2931.528491,0.059001,81.194613,10.907709,4.076473,0.000000
13.726013,25.228092,40.474671,2925.547051,0.126471,81.206463,10.853923,4.055907,0.000000
13.729752,25.260915,40.482045,2919.580405,0.192111,81.218294,10.793479,4.032858,0.000000
13.733470,25.293666,40.493943,2913.632576,0.255720,81.230105,10.726747,4.007465,0.000000
13.737167,25.326337,40.510189,2907.707437,0.317098,81.241906,10.654122,3.979877,0.000000
13.740853,25.358935,40.530627,2901.808676,0.376078,81.253688,10.576017,3.950248,0.000000
13.744518,25.391452,40.555042,2895.939800,0.432491,81.265460,10.492858,3.918738,0.000000
13.748162,25.423898,40.583239,2890.104127,0.486158,81.277212,10.405087,3.885513,0.000000
13.751796,25.456263,40.615011,2884.304756,0.536954,81.288945,10.313149,3.850740,0.000000
13.755408,25.488555,40.650142,2878.544574,0.584753,81.300678,10.217495,3.814588,0.000000
13.759000,25.520776,40.688397,2872.826271,0.629420,81.312381,10.118578,3.777226,0.000000
13.762570,25.552917,40.729560,2867.152294,0.670861,81.324084,10.016847,3.738822,0.000000
13.766130,25.584985,40.773373,2861.524889,0.708992,81.335768,9.912746,3.699541,0.000000
13.769668,25.616982,40.819612,2855.946064,0.743721,81.347432,9.806709,3.659548,0.000000
13.773196,25.648898,40.868019,2850.417625,0.774995,81.359086,9.699163,3.619001,0.000000
13.776703,25.680751,40.918359,2844.941157,0.802764,81.370731,9.590519,3.578053,0.000000
13.780189,25.712533,40.970366,2839.518038,0.826988,81.382366,9.481176,3.536854,0.000000
13.783664,25.744234,41.023815,2834.149442,0.847646,81.393981,9.371517,3.495546,0.000000
13.787118,25.775873,41.078438,2828.836316,0.864708,81.405586,9.261907,3.454266,0.000000
13.790551,25.807440,41.133990,2823.579459,0.878188,81.417182,9.152692,3.413143,0.000000
13.793974,25.838936,41.190226,2818.379458,0.888076,81.428758,9.044203,3.372299,0.000000
13.797385,25.870369,41.246900,2813.236724,0.894415,81.440324,8.936749,3.331851,0.000000
13.800776,25.901731,41.303767,2808.151499,0.897209,81.451880,8.830619,3.291906,0.000000
13.804145,25.933031,41.360602,2803.123876,0.896510,81.463427,8.726087,3.252565,0.000000
13.807504,25.964259,41.417160,2798.153763,0.892363,81.474963,8.623403,3.213923,0.000000
13.810842,25.995425,41.473205,2793.240971,0.884811,81.486481,8.522802,3.176065,0.000000
13.814169,26.026529,41.528534,2788.385121,0.873931,81.497998,8.424498,3.139071,0.000000
13.817476,26.057570,41.582902,2783.585752,0.859775,81.509495,8.328688,3.103016,0.000000
13.820771,26.088541,41.636125,2778.842255,0.842431,81.520993,8.235554,3.067965,0.000000
13.824056,26.119458,41.687968,2774.153916,0.821984,81.532471,8.145258,3.033980,0.000000
13.827309,26.150304,41.738249,2769.519897,0.798498,81.543949,8.057950,3.001115,0.000000
13.830562,26.181098,41.786773,2764.939303,0.772081,81.555407,7.973763,2.969420,0.000000
13.833795,26.211829,41.833347,2760.411096,0.742828,81.566866,7.892818,2.938939,0.000000
13.837016,26.242498,41.877788,2755.934184,0.710846,81.578305,7.815221,2.909712,0.000000
13.840216,26.273105,41.919943,2751.507402,0.676220,81.589744,7.741067,2.881773,0.000000
13.843406,26.303659,41.959630,2747.129468,0.639069,81.601173,7.670440,2.855153,0.000000
13.846585,26.334161,41.996706,2742.799071,0.599508,81.612592,7.603415,2.829880,0.000000
13.849743,26.364601,42.031019,2738.514823,0.557644,81.624001,7.540054,2.805977,0.000000
13.852890,26.394978,42.062426,2734.275256,0.513593,81.635401,7.480415,2.783463,0.000000
13.856017,26.425303,42.090797,2730.078867,0.467474,81.646801,7.424544,2.762357,0.000000
13.859132,26.455575,42.116019,2725.924103,0.419402,81.658181,7.372482,2.742672,0.000000
13.862237,26.485795,42.137960,2721.809335,0.369504,81.669561,7.324265,2.724422,0.000000
13.865331,26.515953,42.156531,2717.732916,0.317897,81.680932,7.279919,2.707617,0.000000
13.868404,26.546057,42.171620,2713.693123,0.264718,81.692302,7.239469,2.692263,0.000000
13.871467,26.576110,42.183146,2709.688213,0.210074,81.703653,7.202934,2.678369,0.000000
13.874519,26.606119,42.191029,2705.716400,0.154112,81.715004,7.170329,2.665940,0.000000
13.877550,26.636066,42.195198,2701.775848,0.096938,81.726355,7.141664,2.654978,0.000000
13.880570,26.665960,42.195583,2697.864697,0.038700,81.737686,7.116949,2.645486,0.000000
13.883579,26.695802,42.192134,2693.981037,-0.020487,81.749017,7.096187,2.637466,0.000000
13.886568,26.725591,42.184802,2690.122934,-0.080495,81.760339,7.079381,2.630918,0.000000
13.889556,26.755337,42.173546,2686.288436,-0.141178,81.771651,7.066533,2.625842,0.000000
13.892523,26.785021,42.158338,2682.475516,-0.202431,81.782962,7.057640,2.622237,0.000000
13.895469,26.814662,42.139168,2678.682157,-0.264104,81.794264,7.052697,2.620100,0.000000
13.898415,26.844250,42.116016,2674.906291,-0.326074,81.805556,7.051700,2.619429,0.000000
13.901340,26.873786,42.088875,2671.145827,-0.388213,81.816849,7.054642,2.620221,0.000000
13.904254,26.903270,42.057755,2667.398645,-0.450385,81.828131,7.061511,2.622472,0.000000
13.907158,26.932710,42.022657,2663.662601,-0.512464,81.839404,7.072298,2.626177,0.000000
13.910040,26.962088,41.983623,2659.935512,-0.574314,81.850677,7.086989,2.631330,0.000000
13.912922,26.991423,41.940665,2656.215204,-0.635819,81.861939,7.105568,2.637926,0.000000
13.915784,27.020715,41.893835,2652.499428,-0.696822,81.873193,7.128018,2.645957,0.000000
13.918634,27.049945,41.843164,2648.785959,-0.757219,81.884446,7.154319,2.655415,0.000000
13.921464,27.079132,41.788715,2645.072517,-0.816874,81.895689,7.184447,2.666292,0.000000
13.924293,27.108267,41.730549,2641.356834,-0.875650,81.906923,7.218376,2.678576,0.000000
13.927101,27.137358,41.668749,2637.636600,-0.933433,81.918156,7.256075,2.692257,0.000000
13.929899,27.166388,41.603368,2633.909492,-0.990076,81.929370,7.297513,2.707321,0.000000
13.932686,27.195375,41.534507,2630.173201,-1.045476,81.940594,7.342649,2.723754,0.000000
13.935462,27.224309,41.462270,2626.425374,-1.099486,81.951798,7.391441,2.741539,0.000000
13.938218,27.253201,41.386740,2622.663669,-1.151991,81.963003,7.443840,2.760657,0.000000
13.940963,27.282030,41.308038,2618.885732,-1.202878,81.974197,7.499793,2.781089,0.000000
13.943697,27.310817,41.226279,2615.089233,-1.252010,81.985382,7.559238,2.802811,0.000000
13.946420,27.339551,41.141584,2611.271818,-1.299274,81.996567,7.622107,2.825797,0.000000
13.949123,27.368233,41.054077,2607.431146,-1.344554,82.007742,7.688324,2.850019,0.000000
13.951825,27.396863,40.963922,2603.564916,-1.387727,82.018907,7.757806,2.875446,0.000000
13.954507,27.425441,40.871241,2599.670806,-1.428699,82.030062,7.830459,2.902042,0.000000
13.957177,27.453966,40.776187,2595.746559,-1.467336,82.041208,7.906181,2.929769,0.000000
13.959837,27.482439,40.678924,2591.789927,-1.503554,82.052353,7.984860,2.958585,0.000000
13.962477,27.510860,40.579625,2587.798693,-1.537239,82.063489,8.066371,2.988444,0.000000
13.965105,27.539228,40.478434,2583.770715,-1.568289,82.074605,8.150580,3.019296,0.000000
13.967723,27.567535,40.375554,2579.703860,-1.596621,82.085722,8.237340,3.051085,0.000000
13.970331,27.595800,40.271147,2575.596091,-1.622142,82.096838,8.326493,3.083753,0.000000
13.972928,27.624003,40.165409,2571.445432,-1.644769,82.107935,8.417866,3.117236,0.000000
13.975504,27.652153,40.058522,2567.249973,-1.664421,82.119022,8.511274,3.151464,0.000000
13.978069,27.680252,39.950678,2563.007895,-1.681016,82.130099,8.606520,3.186365,0.000000
13.980624,27.708289,39.842083,2558.717465,-1.694512,82.141166,8.703391,3.221860,0.000000
13.983168,27.736265,39.732919,2554.377076,-1.704828,82.152233,8.801662,3.257864,0.000000
13.985691,27.764198,39.623410,2549.985195,-1.711924,82.163281,8.901094,3.294290,0.000000
13.988204,27.792061,39.513748,2545.540456,-1.715759,82.174319,9.001435,3.331044,0.000000
13.990706,27.819871,39.404147,2541.041597,-1.716293,82.185347,9.102421,3.368028,0.000000
13.993188,27.847621,39.294800,2536.487485,-1.713496,82.196365,9.203774,3.405139,0.000000
13.995668,27.875309,39.185920,2531.877173,-1.707370,82.207374,9.305204,3.442271,0.000000
13.998129,27.902945,39.077720,2527.209832,-1.697885,82.218373,9.406413,3.479311,0.000000
14.000578,27.930510,38.970404,2522.484831,-1.685074,82.229352,9.507090,3.516147,0.000000
14.003007,27.958024,38.864163,2517.701677,-1.668929,82.240321,9.606918,3.552660,0.000000
14.005425,27.985467,38.759211,2512.860105,-1.649481,82.251281,9.705571,3.588730,0.000000
14.007833,28.012849,38.655739,2507.959990,-1.626775,82.262231,9.802719,3.624236,0.000000
14.010230,28.040171,38.553941,2503.001426,-1.600853,82.273161,9.898028,3.659053,0.000000
14.012607,28.067430,38.454019,2497.984686,-1.571770,82.284091,9.991160,3.693058,0.000000
14.014973,28.094620,38.356145,2492.910274,-1.539609,82.294992,10.081781,3.726126,0.000000
14.017328,28.121749,38.260490,2487.778850,-1.504457,82.305892,10.169555,3.758135,0.000000
14.019662,28.148807,38.167247,2482.591319,-1.466398,82.316773,10.254155,3.788964,0.000000
14.021986,28.175804,38.076557,2477.348771,-1.425557,82.327635,10.335257,3.818493,0.000000
14.024300,28.202722,37.988602,2472.052498,-1.382031,82.338487,10.412550,3.846608,0.000000
14.026603,28.229588,37.903503,2466.703993,-1.335967,82.349329,10.485732,3.873199,0.000000
14.028885,28.256375,37.821421,2461.304944,-1.287490,82.360151,10.554516,3.898159,0.000000
14.031157,28.283091,37.742466,2455.857212,-1.236778,82.370963,10.618633,3.921389,0.000000
14.033408,28.309747,37.666761,2450.362876,-1.183969,82.381756,10.677832,3.942798,0.000000
14.035648,28.336323,37.594425,2444.824161,-1.129241,82.392529,10.731881,3.962301,0.000000
14.037878,28.362839,37.525528,2439.243453,-1.072781,82.403293,10.780574,3.979822,0.000000
14.040087,28.389275,37.460181,2433.623303,-1.014777,82.414047,10.823729,3.995294,0.000000
14.042286,28.415641,37.398434,2427.966411,-0.955408,82.424771,10.861189,4.008661,0.000000
14.044474,28.441937,37.340366,2422.275580,-0.894892,82.435485,10.892827,4.019877,0.000000
14.046642,28.468163,37.285996,2416.553751,-0.833428,82.446190,10.918544,4.028904,0.000000
14.048799,28.494310,37.235375,2410.803939,-0.771224,82.456875,10.938269,4.035719,0.000000
14.050945,28.520387,37.188532,2405.029275,-0.708499,82.467540,10.951964,4.040308,0.000000
14.053071,28.546384,37.145455,2399.232918,-0.645471,82.478186,10.959621,4.042669,0.000000
14.055186,28.572312,37.106143,2393.418115,-0.582349,82.488822,10.961260,4.042809,0.000000
14.057291,28.598170,37.070586,2387.588132,-0.519350,82.499438,10.956935,4.040750,0.000000
14.059375,28.623949,37.038741,2381.746257,-0.456705,82.510035,10.946726,4.036521,0.000000
14.061449,28.649648,37.010577,2375.895768,-0.394608,82.520612,10.930744,4.030165,0.000000
14.063512,28.675278,36.986022,2370.039950,-0.333280,82.531179,10.909124,4.021732,0.000000
14.065555,28.700838,36.965024,2364.182041,-0.272927,82.541727,10.882031,4.011283,0.000000
14.067587,28.726319,36.947502,2358.325253,-0.213745,82.552265,10.849651,3.998888,0.000000
14.069598,28.751721,36.933363,2352.472738,-0.155943,82.562773,10.812194,3.984625,0.000000
14.071599,28.777054,36.922506,2346.627553,-0.099695,82.573272,10.769889,3.968578,0.000000
14.073590,28.802307,36.914817,2340.792713,-0.045189,82.583751,10.722985,3.950841,0.000000
14.075570,28.827491,36.910185,2334.971105,0.007401,82.594220,10.671744,3.931510,0.000000
14.077529,28.852595,36.908467,2329.165524,0.057919,82.604669,10.616446,3.910689,0.000000
14.079478,28.877631,36.909551,2323.378660,0.106200,82.615099,10.557380,3.888484,0.000000
14.081407,28.902587,36.913274,2317.613064,0.152101,82.625509,10.494843,3.865007,0.000000
14.083335,28.927473,36.919494,2311.871164,0.195498,82.635910,10.429143,3.840369,0.000000
14.085242,28.952281,36.928049,2306.155260,0.236268,82.646291,10.360588,3.814687,0.000000
14.087129,28.977019,36.938775,2300.467504,0.274287,82.656652,10.289493,3.788075,0.000000
14.089015,29.001688,36.951512,2294.809915,0.309453,82.667004,10.216171,3.760650,0.000000
14.090881,29.026277,36.966095,2289.184363,0.341685,82.677335,10.140935,3.732526,0.000000
14.092736,29.050798,36.982332,2283.592558,0.370911,82.687647,10.064095,3.703818,0.000000
14.094581,29.075248,37.000052,2278.036068,0.397050,82.697950,9.985958,3.674640,0.000000
14.096406,29.099620,37.019082,2272.516310,0.420051,82.708233,9.906822,3.645100,0.000000
14.098220,29.123932,37.039239,2267.034575,0.439865,82.718506,9.826980,3.615308,0.000000
14.100023,29.148165,37.060342,2261.591969,0.456472,82.728759,9.746718,3.585368,0.000000
14.101816,29.172338,37.082208,2256.189488,0.469832,82.739002,9.666309,3.555381,0.000000
14.103589,29.196432,37.104655,2250.827962,0.479946,82.749226,9.586021,3.525445,0.000000
14.105351,29.220457,37.127511,2245.508097,0.486807,82.759431,9.506106,3.495653,0.000000
14.107102,29.244421,37.150574,2240.230437,0.490415,82.769635,9.426808,3.466095,0.000000
14.108843,29.268316,37.173693,2234.995446,0.490792,82.779810,9.348360,3.436855,0.000000
14.110574,29.292142,37.196685,2229.803397,0.487962,82.789975,9.270981,3.408016,0.000000
14.112294,29.315898,37.219359,2224.654490,0.481955,82.800130,9.194879,3.379652,0.000000
14.113994,29.339594,37.241574,2219.548777,0.472827,82.810276,9.120250,3.351837,0.000000
14.115683,29.363221,37.263158,2214.486207,0.460619,82.820401,9.047279,3.324636,0.000000
14.117362,29.386788,37.283939,2209.466611,0.445395,82.830508,8.976136,3.298114,0.000000
14.119030,29.410285,37.303766,2204.489717,0.427209,82.840614,8.906984,3.272330,0.000000
14.120688,29.433713,37.322488,2199.555168,0.406133,82.850701,8.839970,3.247336,0.000000
14.122326,29.457091,37.339955,2194.662469,0.382253,82.860768,8.775233,3.223185,0.000000
14.123963,29.480399,37.356025,2189.811076,0.355641,82.870835,8.712901,3.199922,0.000000
14.125579,29.503647,37.370577,2185.000338,0.326403,82.880882,8.653090,3.177590,0.000000
14.127195,29.526825,37.383451,2180.229518,0.294612,82.890920,8.595907,3.156229,0.000000
14.128791,29.549953,37.394546,2175.497809,0.260393,82.900937,8.541451,3.135873,0.000000
14.130376,29.573012,37.403741,2170.804308,0.223819,82.910955,8.489809,3.116556,0.000000
14.131951,29.596010,37.410917,2166.148068,0.185016,82.920954,8.441063,3.098305,0.000000
14.133515,29.618958,37.415962,2161.528041,0.144089,82.930942,8.395284,3.081147,0.000000
14.135069,29.641837,37.418787,2156.943144,0.101151,82.940911,8.352536,3.065106,0.000000
14.136613,29.664656,37.419290,2152.392200,0.056327,82.950880,8.312877,3.050202,0.000000
14.138146,29.687424,37.417394,2147.874014,0.009722,82.960840,8.276356,3.036453,0.000000
14.139669,29.710132,37.413027,2143.387281,-0.038530,82.970779,8.243019,3.023874,0.000000
14.141181,29.732780,37.406089,2138.930701,-0.088303,82.980709,8.212901,3.012479,0.000000
14.142683,29.755368,37.396540,2134.502875,-0.139474,82.990629,8.186035,3.002280,0.000000
14.144165,29.777897,37.384312,2130.102375,-0.191918,83.000539,8.162448,2.993285,0.000000
14.145646,29.800374,37.369355,2125.727742,-0.245489,83.010439,8.142160,2.985502,0.000000
14.147116,29.822792,37.351618,2121.377432,-0.300075,83.020330,8.125188,2.978936,0.000000
14.148576,29.845159,37.331072,2117.049910,-0.355530,83.030201,8.111543,2.973591,0.000000
14.150016,29.867467,37.307688,2112.743559,-0.411730,83.040072,8.101232,2.969470,0.000000
14.151456,29.889714,37.281437,2108.456740,-0.468530,83.049923,8.094258,2.966573,0.000000
14.152885,29.911911,37.252309,2104.187806,-0.525796,83.059774,8.090618,2.964898,0.000000
14.154294,29.934058,37.220286,2099.935031,-0.583394,83.069606,8.090307,2.964443,0.000000
14.155702,29.956135,37.185377,2095.696685,-0.641190,83.079438,8.093314,2.965204,0.000000
14.157100,29.978171,37.147574,2091.471011,-0.699040,83.089250,8.099625,2.967175,0.000000
14.158487,30.000147,37.106907,2087.256205,-0.756810,83.099052,8.109221,2.970348,0.000000
14.159864,30.022064,37.063378,2083.050478,-0.814375,83.108845,8.122079,2.974716,0.000000
14.161231,30.043930,37.017018,2078.851973,-0.871583,83.118628,8.138172,2.980267,0.000000
14.162577,30.065736,36.967868,2074.658852,-0.928309,83.128401,8.157468,2.986990,0.000000
14.163923,30.087492,36.915958,2070.469243,-0.984420,83.138164,8.179931,2.994871,0.000000
14.165259,30.109197,36.861340,2066.281257,-1.039772,83.147917,8.205520,3.003894,0.000000
14.166584,30.130842,36.804066,2062.093002,-1.094243,83.157661,8.234189,3.014043,0.000000
14.167909,30.152437,36.744195,2057.902577,-1.147698,83.167395,8.265887,3.025298,0.000000
14.169214,30.173973,36.681780,2053.708081,-1.200005,83.177109,8.300558,3.037638,0.000000
14.170508,30.195458,36.616911,2049.507601,-1.251050,83.186823,8.338139,3.051040,0.000000
14.171792,30.216884,36.549649,2045.299247,-1.300692,83.196517,8.378563,3.065479,0.000000
14.173065,30.238259,36.480087,2041.081096,-1.348817,83.206212,8.421756,3.080927,0.000000
14.174338,30.259574,36.408314,2036.851289,-1.395302,83.215887,8.467637,3.097356,0.000000
14.175591,30.280839,36.334423,2032.607934,-1.440026,83.225552,8.516121,3.114732,0.000000
14.176833,30.302054,36.258514,2028.349183,-1.482896,83.235207,8.567113,3.133022,0.000000
14.178075,30.323200,36.180688,2024.073218,-1.523780,83.244853,8.620513,3.152188,0.000000
14.179307,30.344305,36.101058,2019.778222,-1.562576,83.254489,8.676213,3.172190,0.000000
14.180518,30.365341,36.019733,2015.462430,-1.599193,83.264115,8.734097,3.192986,0.000000
14.181729,30.386327,35.936845,2011.124118,-1.633519,83.273721,8.794043,3.214532,0.000000
14.182919,30.407254,35.852494,2006.761595,-1.665482,83.283327,8.855921,3.236777,0.000000
14.184110,30.428130,35.766833,2002.373233,-1.694972,83.292914,8.919590,3.259673,0.000000
14.185289,30.448947,35.679972,1997.957456,-1.721918,83.302491,8.984905,3.283165,0.000000
14.186459,30.469705,35.592053,1993.512730,-1.746248,83.312058,9.051712,3.307196,0.000000
14.187618,30.490412,35.503205,1989.037615,-1.767882,83.321605,9.119847,3.331707,0.000000
14.188767,30.511051,35.413570,1984.530725,-1.786771,83.331143,9.189142,3.356636,0.000000
14.189906,30.531639,35.323289,1979.990766,-1.802854,83.340671,9.259418,3.381918,0.000000
14.191034,30.552169,35.232512,1975.416532,-1.816080,83.350189,9.330490,3.407484,0.000000
14.192152,30.572639,35.141361,1970.806876,-1.826411,83.359687,9.402168,3.433265,0.000000
14.193259,30.593050,35.050006,1966.160779,-1.833807,83.369176,9.474251,3.459189,0.000000
14.194357,30.613401,34.958568,1961.477317,-1.838258,83.378655,9.546537,3.485181,0.000000
14.195454,30.633684,34.867207,1956.755670,-1.839746,83.388124,9.618816,3.511164,0.000000
14.196530,30.653917,34.776064,1951.995123,-1.838263,83.397573,9.690873,3.537059,0.000000
14.197597,30.674091,34.685279,1947.195088,-1.833808,83.407003,9.762489,3.562789,0.000000
14.198663,30.694197,34.594993,1942.355092,-1.826395,83.416433,9.833444,3.588270,0.000000
14.199708,30.714243,34.505347,1937.474808,-1.816055,83.425833,9.903514,3.613423,0.000000
14.200754,30.734221,34.416480,1932.553985,-1.802810,83.435234,9.972473,3.638165,0.000000
14.201779,30.754149,34.328523,1927.592570,-1.786703,83.444614,10.040099,3.662415,0.000000
14.202804,30.774009,34.241615,1922.590594,-1.767796,83.453976,10.106166,3.686091,0.000000
14.203808,30.793801,34.155878,1917.548246,-1.746142,83.463327,10.170454,3.709112,0.000000
14.204812,30.813533,34.071441,1912.465841,-1.721813,83.472659,10.232746,3.731400,0.000000
14.205796,30.833198,33.988404,1907.343829,-1.694904,83.481980,10.292827,3.752877,0.000000
14.206780,30.852803,33.906907,1902.182811,-1.665487,83.491283,10.350492,3.773468,0.000000
14.207753,30.872340,33.827050,1896.983511,-1.633675,83.500575,10.405541,3.793100,0.000000
14.208706,30.891809,33.748923,1891.746789,-1.599583,83.509848,10.457784,3.811705,0.000000
14.209659,30.911220,33.672625,1886.473644,-1.563324,83.519111,10.507041,3.829218,0.000000
14.210602,30.930553,33.598256,1881.165168,-1.525021,83.528354,10.553143,3.845577,0.000000
14.211534,30.949827,33.525896,1875.822632,-1.484820,83.537578,10.595931,3.860724,0.000000
14.212446,30.969033,33.455614,1870.447370,-1.442873,83.546792,10.635265,3.874610,0.000000
14.213357,30.988171,33.387481,1865.040853,-1.399305,83.555986,10.671014,3.887187,0.000000
14.214259,31.007241,33.321544,1859.604657,-1.354300,83.565161,10.703067,3.898414,0.000000
14.215150,31.026243,33.257875,1854.140461,-1.308012,83.574316,10.731325,3.908256,0.000000
14.216031,31.045177,33.196502,1848.650032,-1.260605,83.583461,10.755709,3.916686,0.000000
14.216891,31.064043,33.137465,1843.135207,-1.212253,83.592587,10.776156,3.923680,0.000000
14.217752,31.082832,33.080793,1837.597910,-1.163151,83.601702,10.792623,3.929223,0.000000
14.218602,31.101563,33.026495,1832.040135,-1.113453,83.610789,10.805082,3.933306,0.000000
14.219442,31.120216,32.974591,1826.463921,-1.063362,83.619865,10.813525,3.935926,0.000000
14.220271,31.138802,32.925070,1820.871359,-1.013052,83.628922,10.817963,3.937088,0.000000
14.221091,31.157320,32.877941,1815.264581,-0.962708,83.637969,10.818424,3.936803,0.000000
14.221900,31.175761,32.833165,1809.645741,-0.912523,83.646987,10.814952,3.935086,0.000000
14.222698,31.194134,32.790739,1804.017014,-0.862670,83.655995,10.807613,3.931963,0.000000
14.223487,31.212439,32.750623,1798.380584,-0.813342,83.664983,10.796484,3.927462,0.000000
14.224265,31.230677,32.712767,1792.738648,-0.764704,83.673961,10.781662,3.921618,0.000000
14.225033,31.248838,32.677139,1787.093360,-0.716938,83.682910,10.763257,3.914473,0.000000
14.225791,31.266931,32.643680,1781.446883,-0.670217,83.691849,10.741394,3.906072,0.000000
14.226539,31.284947,32.612318,1775.801350,-0.624713,83.700768,10.716211,3.896465,0.000000
14.227276,31.302905,32.582993,1770.158853,-0.580569,83.709668,10.687858,3.885709,0.000000
14.228003,31.320777,32.555624,1764.521450,-0.537958,83.718548,10.656496,3.873860,0.000000
14.228730,31.338590,32.530140,1758.891127,-0.497031,83.727419,10.622295,3.860983,0.000000
14.229437,31.356327,32.506452,1753.269838,-0.457909,83.736269,10.585435,3.847142,0.000000
14.230134,31.373996,32.484457,1747.659454,-0.420746,83.745101,10.546101,3.832405,0.000000
14.230830,31.391598,32.464067,1742.061803,-0.385661,83.753912,10.504485,3.816842,0.000000
14.231506,31.409123,32.445180,1736.478628,-0.352777,83.762704,10.460786,3.800526,0.000000
14.232182,31.426580,32.427696,1730.911570,-0.322183,83.771486,10.415203,3.783530,0.000000
14.232837,31.443970,32.411495,1725.362224,-0.294001,83.780248,10.367940,3.765926,0.000000
14.233493,31.461283,32.396476,1719.832073,-0.268311,83.788991,10.319201,3.747791,0.000000
14.234128,31.478538,32.382519,1714.322534,-0.245193,83.797724,10.269191,3.729199,0.000000
14.234763,31.495717,32.369513,1708.834923,-0.224727,83.806437,10.218113,3.710223,0.000000
14.235387,31.512828,32.357339,1703.370456,-0.206974,83.815131,10.166171,3.690937,0.000000
14.236002,31.529871,32.345877,1697.930259,-0.191972,83.823815,10.113564,3.671415,0.000000
14.236606,31.546848,32.334995,1692.515383,-0.179790,83.832469,10.060489,3.651727,0.000000
14.237200,31.563747,32.324595,1687.126752,-0.170429,83.841114,10.007137,3.631943,0.000000
14.237794,31.580589,32.314545,1681.765217,-0.163947,83.849748,9.953698,3.612132,0.000000
14.238368,31.597363,32.304717,1676.431535,-0.160334,83.858363,9.900353,3.592359,0.000000
14.238942,31.614070,32.295010,1671.126357,-0.159606,83.866959,9.847280,3.572690,0.000000
14.239495,31.630709,32.285284,1665.850241,-0.161765,83.875545,9.794648,3.553185,0.000000
14.240048,31.647282,32.275440,1660.603671,-0.166787,83.884111,9.742622,3.533905,0.000000
14.240591,31.663787,32.265347,1655.387002,-0.174661,83.892657,9.691360,3.514905,0.000000
14.241124,31.680224,32.254907,1650.200552,-0.185356,83.901194,9.641012,3.496242,0.000000
14.241646,31.696604,32.244008,1645.044509,-0.198839,83.909711,9.591721,3.477966,0.000000
14.242159,31.712916,32.232522,1639.918988,-0.215059,83.918218,9.543623,3.460127,0.000000
14.242671,31.729161,32.220369,1634.824023,-0.233973,83.926705,9.496845,3.442771,0.000000
14.243163,31.745348,32.207429,1629.759580,-0.255519,83.935183,9.451510,3.425941,0.000000
14.243654,31.761468,32.193603,1624.725514,-0.279635,83.943641,9.407731,3.409679,0.000000
14.244136,31.777521,32.178811,1619.721625,-0.306249,83.952089,9.365613,3.394023,0.000000
14.244617,31.793515,32.162953,1614.747639,-0.335279,83.960518,9.325257,3.379009,0.000000
14.245079,31.809452,32.145931,1609.803211,-0.366642,83.968927,9.286753,3.364669,0.000000
14.245530,31.825321,32.127685,1604.887900,-0.400255,83.977336,9.250186,3.351035,0.000000
14.245981,31.841124,32.108115,1600.001242,-0.436018,83.985725,9.215635,3.338133,0.000000
14.246421,31.856877,32.087151,1595.142660,-0.473836,83.994095,9.183170,3.325990,0.000000
14.246852,31.872564,32.064726,1590.311546,-0.513618,84.002455,9.152855,3.314628,0.000000
14.247282,31.888183,32.040778,1585.507227,-0.555232,84.010795,9.124749,3.304069,0.000000
14.247692,31.903745,32.015249,1580.728957,-0.598585,84.019135,9.098902,3.294330,0.000000
14.248102,31.919257,31.988079,1575.975958,-0.643564,84.027446,9.075360,3.285428,0.000000
14.248502,31.934694,31.959210,1571.247380,-0.690038,84.035757,9.054162,3.277376,0.000000
14.248892,31.950081,31.928601,1566.542330,-0.737895,84.044048,9.035343,3.270187,0.000000
14.249281,31.965411,31.896223,1561.859862,-0.787001,84.052330,9.018929,3.263870,0.000000
14.249660,31.980674,31.862037,1557.198989,-0.837245,84.060592,9.004942,3.258433,0.000000
14.250030,31.995879,31.825994,1552.558681,-0.888496,84.068844,8.993400,3.253881,0.000000
14.250389,32.011035,31.788094,1547.937856,-0.940620,84.077076,8.984313,3.250218,0.000000
14.250737,32.026125,31.748308,1543.335400,-0.993496,84.085308,8.977688,3.247447,0.000000
14.251086,32.041156,31.706626,1538.750179,-1.046972,84.093521,8.973525,3.245567,0.000000
14.251425,32.056130,31.663030,1534.180995,-1.100926,84.101714,8.971820,3.244577,0.000000
14.251753,32.071046,31.617519,1529.626651,-1.155237,84.109907,8.972564,3.244471,0.000000
14.252081,32.085913,31.570094,1525.085885,-1.209742,84.118071,8.975742,3.245247,0.000000
14.252399,32.100714,31.520766,1520.557426,-1.264331,84.126234,8.981336,3.246895,0.000000
14.252707,32.115456,31.469545,1516.040003,-1.318862,84.134388,8.989320,3.249406,0.000000
14.253005,32.130141,31.416452,1511.532281,-1.373202,84.142522,8.999666,3.252771,0.000000
14.253302,32.144778,31.361497,1507.032938,-1.427222,84.150637,9.012339,3.256976,0.000000
14.253590,32.159347,31.304711,1502.540626,-1.480780,84.158752,9.027301,3.262007,0.000000
14.253867,32.173868,31.246124,1498.053993,-1.533755,84.166847,9.044508,3.267848,0.000000
14.254134,32.188332,31.185776,1493.571660,-1.586015,84.174932,9.063910,3.274480,0.000000
14.254401,32.202737,31.123708,1489.092262,-1.637440,84.182997,9.085454,3.281885,0.000000
14.254658,32.217085,31.059960,1484.614412,-1.687890,84.191053,9.109081,3.290040,0.000000
14.254905,32.231376,30.994572,1480.136755,-1.737262,84.199099,9.134727,3.298922,0.000000
14.255151,32.245609,30.927605,1475.657892,-1.785418,84.207135,9.162324,3.308507,0.000000
14.255387,32.259784,30.859129,1471.176480,-1.832266,84.215151,9.191797,3.318767,0.000000
14.255614,32.273911,30.789183,1466.691163,-1.877676,84.223158,9.223068,3.329674,0.000000
14.255840,32.287971,30.717838,1462.200595,-1.921537,84.231145,9.256054,3.341197,0.000000
14.256056,32.301983,30.645154,1457.703463,-1.963760,84.239132,9.290664,3.353303,0.000000
14.256262,32.315937,30.571222,1453.198454,-2.004245,84.247099,9.326807,3.365960,0.000000
14.256457,32.329825,30.496100,1448.684327,-2.042881,84.255047,9.364383,3.379131,0.000000
14.256653,32.343664,30.419868,1444.159812,-2.079589,84.262985,9.403289,3.392779,0.000000
14.256838,32.357446,30.342598,1439.623710,-2.114289,84.270913,9.443418,3.406865,0.000000
14.257014,32.371170,30.264378,1435.074865,-2.146892,84.278831,9.484657,3.421348,0.000000
14.257189,32.384837,30.185298,1430.512122,-2.177337,84.286730,9.526890,3.436186,0.000000
14.257354,32.398447,30.105428,1425.934419,-2.205545,84.294619,9.569997,3.451336,0.000000
14.257509,32.411999,30.024858,1421.340715,-2.231468,84.302488,9.613853,3.466752,0.000000
14.257664,32.425494,29.943688,1416.730034,-2.255055,84.310347,9.658330,3.482389,0.000000
14.257808,32.438922,29.861996,1412.101441,-2.276247,84.318187,9.703298,3.498199,0.000000
14.257943,32.452302,29.779862,1407.454083,-2.295017,84.326017,9.748621,3.514133,0.000000
14.258077,32.465625,29.697397,1402.787151,-2.311333,84.333837,9.794164,3.530143,0.000000
14.258202,32.478882,29.614679,1398.099932,-2.325168,84.341638,9.839788,3.546178,0.000000
14.258316,32.492090,29.531798,1393.391731,-2.336513,84.349429,9.885353,3.562188,0.000000
14.258420,32.505232,29.448854,1388.661992,-2.345358,84.357200,9.930717,3.578122,0.000000
14.258524,32.518316,29.365915,1383.910178,-2.351716,84.364961,9.975737,3.593929,0.000000
14.258618,32.531344,29.283092,1379.135869,-2.355586,84.372702,10.020273,3.609557,0.000000
14.258712,32.544314,29.200453,1374.338696,-2.356991,84.380434,10.064183,3.624956,0.000000
14.258785,32.557218,29.118087,1369.518398,-2.355963,84.388156,10.107325,3.640075,0.000000
14.258859,32.570065,29.036075,1364.674774,-2.352531,84.395849,10.149562,3.654865,0.000000
14.258932,32.582846,28.954515,1359.807730,-2.346738,84.403541,10.190757,3.669275,0.000000
14.258996,32.595578,28.873457,1354.917244,-2.338656,84.411204,10.230777,3.683260,0.000000
14.259049,32.608244,28.793000,1350.003380,-2.328335,84.418867,10.269492,3.696771,0.000000
14.259092,32.620845,28.713202,1345.066295,-2.315836,84.426501,10.306778,3.709765,0.000000
14.259135,32.633388,28.634135,1340.106219,-2.301263,84.434125,10.342514,3.722198,0.000000
14.259158,32.645874,28.555865,1335.123490,-2.284685,84.441739,10.376586,3.734030,0.000000
14.259191,32.658294,28.478464,1330.118505,-2.266195,84.449333,10.408886,3.745220,0.000000
14.259204,32.670648,28.401970,1325.091750,-2.245903,84.456908,10.439312,3.755735,0.000000
14.259217,32.682945,28.326453,1320.043810,-2.223910,84.464463,10.467771,3.765539,0.000000
14.259219,32.695185,28.251951,1314.975319,-2.200340,84.472008,10.494177,3.774602,0.000000
14.259222,32.707350,28.178504,1309.887009,-2.175311,84.479543,10.518452,3.782897,0.000000
14.259214,32.719467,28.106172,1304.779681,-2.148946,84.487059,10.540529,3.790399,0.000000
14.259197,32.731509,28.034973,1299.654185,-2.121395,84.494555,10.560348,3.797087,0.000000
14.259179,32.743494,27.964948,1294.511457,-2.092770,84.502032,10.577858,3.802944,0.000000
14.259141,32.755414,27.896115,1289.352483,-2.063232,84.509498,10.593022,3.807956,0.000000
14.259104,32.767267,27.828494,1284.178325,-2.032921,84.516945,10.605807,3.812112,0.000000
14.259065,32.779064,27.762105,1278.990077,-2.001988,84.524373,10.616196,3.815406,0.000000
14.259017,32.790794,27.696957,1273.788883,-1.970574,84.531790,10.624178,3.817834,0.000000
14.258959,32.802459,27.633049,1268.575930,-1.938850,84.539188,10.629755,3.819397,0.000000
14.258891,32.814058,27.570392,1263.352449,-1.906956,84.546566,10.632937,3.820099,0.000000
14.258823,32.825591,27.508965,1258.119710,-1.875051,84.553935,10.633745,3.819949,0.000000
14.258745,32.837068,27.448778,1252.878996,-1.843288,84.561284,10.632210,3.818956,0.000000
14.258656,32.848479,27.389800,1247.631609,-1.811825,84.568613,10.628372,3.817137,0.000000
14.258568,32.859824,27.332021,1242.378885,-1.780823,84.575922,10.622280,3.814508,0.000000
14.258469,32.871103,27.275412,1237.122157,-1.750422,84.583222,10.613992,3.811092,0.000000
14.258371,32.882316,27.219951,1231.862781,-1.720772,84.590502,10.603575,3.806912,0.000000
14.258252,32.893464,27.165590,1226.602103,-1.692022,84.597762,10.591104,3.801996,0.000000
14.258134,32.904555,27.112319,1221.341446,-1.664312,84.605013,10.576659,3.796372,0.000000
14.258015,32.915572,27.060066,1216.082166,-1.637792,84.612244,10.560330,3.790073,0.000000
14.257886,32.926532,27.008813,1210.825587,-1.612581,84.619455,10.542212,3.783134,0.000000
14.257747,32.937426,26.958499,1205.573001,-1.588809,84.626647,10.522403,3.775589,0.000000
14.257598,32.948255,26.909076,1200.325691,-1.566605,84.633829,10.501011,3.767478,0.000000
14.257449,32.959018,26.860483,1195.084919,-1.546088,84.640991,10.478145,3.758840,0.000000
14.257290,32.969716,26.812670,1189.851912,-1.527368,84.648143,10.453918,3.749716,0.000000
14.257121,32.980348,26.765579,1184.627870,-1.510542,84.655266,10.428447,3.740148,0.000000
14.256952,32.990924,26.719149,1179.413937,-1.495712,84.662379,10.401851,3.730179,0.000000
14.256773,33.001434,26.673311,1174.211240,-1.482964,84.669473,10.374251,3.719852,0.000000
14.256593,33.011879,26.628006,1169.020858,-1.472389,84.676556,10.345770,3.709211,0.000000
14.256404,33.022258,26.583154,1163.843824,-1.464055,84.683620,10.316531,3.698301,0.000000
14.256205,33.032572,26.538706,1158.681114,-1.458031,84.690665,10.286657,3.687166,0.000000
14.256005,33.042829,26.494582,1153.533653,-1.454365,84.697699,10.256271,3.675849,0.000000
14.255796,33.053021,26.450704,1148.402345,-1.453127,84.704714,10.225495,3.664396,0.000000
14.255577,33.063148,26.407022,1143.288009,-1.454346,84.711709,10.194449,3.652848,0.000000
14.255357,33.073209,26.363457,1138.191424,-1.458059,84.718695,10.163253,3.641250,0.000000
14.255128,33.083214,26.319929,1133.113304,-1.464286,84.725660,10.132023,3.629641,0.000000
14.254898,33.093153,26.276380,1128.054322,-1.473045,84.732607,10.100874,3.618064,0.000000
14.254658,33.103036,26.232731,1123.015088,-1.484356,84.739543,10.069915,3.606559,0.000000
14.254409,33.112854,26.188921,1117.996147,-1.498206,84.746459,10.039256,3.595163,0.000000
14.254159,33.122607,26.144893,1112.997995,-1.514604,84.753366,10.009001,3.583914,0.000000
14.253899,33.132303,26.100557,1108.021061,-1.533521,84.760253,9.979250,3.572848,0.000000
14.253639,33.141934,26.055863,1103.065725,-1.554933,84.767121,9.950100,3.562000,0.000000
14.253369,33.151509,26.010734,1098.132313,-1.578820,84.773979,9.921643,3.551403,0.000000
14.253090,33.161019,25.965129,1093.221076,-1.605141,84.780827,9.893968,3.541087,0.000000
14.252810,33.170472,25.918980,1088.332236,-1.633855,84.787655,9.867157,3.531084,0.000000
14.252520,33.179860,25.872218,1083.465919,-1.664901,84.794463,9.841291,3.521420,0.000000
14.252230,33.189192,25.824803,1078.622240,-1.698228,84.801262,9.816442,3.512123,0.000000
14.251930,33.198468,25.776667,1073.801232,-1.733765,84.808041,9.792681,3.503217,0.000000
14.251620,33.207679,25.727780,1069.002862,-1.771441,84.814811,9.770073,3.494725,0.000000
14.251310,33.216834,25.678073,1064.227090,-1.811196,84.821560,9.748675,3.486668,0.000000
14.250990,33.225923,25.627518,1059.473767,-1.852928,84.828300,9.728545,3.479066,0.000000
14.250669,33.234966,25.576064,1054.742747,-1.896558,84.835020,9.709731,3.471937,0.000000
14.250349,33.243943,25.523673,1050.033789,-1.941984,84.841731,9.692278,3.465296,0.000000
0.047926,0.043681,54.112223,5437.376080,-0.512814,44.270698,4.407617,1.575680,0.000000
0.095824,0.087336,54.037029,5435.139733,-0.527484,44.270938,4.448252,1.590023,0.000000
0.143694,0.130964,53.959936,5432.885038,-0.541591,44.271237,4.490456,1.604923,0.000000
0.191537,0.174565,53.881013,5430.610997,-0.555127,44.271586,4.534213,1.620375,0.000000
0.239343,0.218139,53.800360,5428.316633,-0.568042,44.271983,4.579506,1.636372,0.000000
0.287131,0.261686,53.718046,5426.000957,-0.580336,44.272439,4.626317,1.652908,0.000000
0.334891,0.305207,53.634170,5423.662992,-0.591970,44.272945,4.674621,1.669973,0.000000
0.382614,0.348701,53.548811,5421.301760,-0.602934,44.273500,4.724393,1.687559,0.000000
0.430319,0.392169,53.462069,5418.916306,-0.613208,44.274114,4.775606,1.705655,0.000000
0.477986,0.435609,53.374032,5416.505671,-0.622764,44.274787,4.828225,1.724249,0.000000
0.525626,0.479023,53.284819,5414.068922,-0.631582,44.275499,4.882214,1.743328,0.000000
0.573239,0.522410,53.194510,5411.605133,-0.639642,44.276270,4.937535,1.762878,0.000000
0.620824,0.565762,53.103222,5409.113389,-0.646924,44.277091,4.994142,1.782883,0.000000
0.668372,0.609095,53.011046,5406.592818,-0.653410,44.277970,5.051987,1.803325,0.000000
0.715892,0.652402,52.918108,5404.042547,-0.659080,44.278899,5.111018,1.824185,0.000000
0.763385,0.695674,52.824519,5401.461736,-0.663933,44.279877,5.171176,1.845443,0.000000
0.810840,0.738918,52.730375,5398.849575,-0.667932,44.280904,5.232400,1.867076,0.000000
0.858268,0.782136,52.635806,5396.205276,-0.671066,44.281990,5.294621,1.889060,0.000000
0.905658,0.825328,52.540931,5393.528113,-0.673326,44.283116,5.357768,1.911369,0.000000
0.953031,0.868492,52.445846,5390.817351,-0.674702,44.284300,5.421761,1.933975,0.000000
1.000357,0.911630,52.350701,5388.072338,-0.675176,44.285534,5.486520,1.956848,0.000000
1.047645,0.954742,52.255022,5385.293493,-0.683254,44.323416,5.552406,1.980118,24.685309
1.094857,0.997862,52.158387,5382.480975,-0.690487,44.361799,5.619802,2.003922,24.683425
1.142013,1.040982,52.060894,5379.633774,-0.696876,44.400714,5.688649,2.028237,24.681541
1.189102,1.084094,51.962652,5376.750902,-0.702389,44.440160,5.758884,2.053041,24.679657
1.236124,1.127214,51.863799,5373.831382,-0.707000,44.480147,5.830434,2.078308,24.677773
1.283079,1.170326,51.764443,5370.874298,-0.710717,44.520686,5.903225,2.104012,24.675889
1.329969,1.213437,51.664723,5367.878769,-0.713501,44.561775,5.977172,2.130121,24.674005
1.376791,1.256549,51.564735,5364.843931,-0.715344,44.603445,6.052186,2.156605,24.672122
1.423547,1.299670,51.464639,5361.768996,-0.716235,44.645676,6.128172,2.183429,24.670238
1.470227,1.342781,51.364533,5358.653219,-0.716156,44.688498,6.205026,2.210556,24.668354
1.516831,1.385893,51.264573,5355.495904,-0.715106,44.731900,6.282640,2.237947,24.666470
1.563368,1.429005,51.164867,5352.296401,-0.713067,44.775903,6.360896,2.265561,24.664586
1.609839,1.472117,51.065555,5349.054151,-0.710040,44.820496,6.439674,2.293354,24.662702
1.656234,1.515229,50.966782,5345.768630,-0.706013,44.865699,6.518842,2.321279,24.660818
1.702552,1.558341,50.868656,5342.439416,-0.700989,44.911503,6.598265,2.349289,24.658935
1.748795,1.601461,50.771326,5339.066120,-0.694948,44.957906,6.677800,2.377332,24.657051
1.794961,1.644573,50.674928,5335.648469,-0.687910,45.004920,6.757298,2.405356,24.655167
1.841051,1.687685,50.579580,5332.186253,-0.679865,45.052545,6.836606,2.433305,24.653283
1.887065,1.730797,50.485429,5328.679344,-0.670825,45.100779,6.915563,2.461123,24.651399
1.932994,1.773918,50.392592,5325.127733,-0.660789,45.149614,6.994005,2.488751,24.649515
1.978856,1.817030,50.301207,5321.531450,-0.649768,45.199049,7.071761,2.516129,24.647631
2.024632,1.860142,50.211402,5317.890663,-0.637773,45.249084,7.148658,2.543195,24.645748
2.070322,1.903263,50.123292,5314.205625,-0.624823,45.299700,7.224520,2.569886,24.643864
2.115936,1.946375,50.037016,5310.476693,-0.610919,45.350916,7.299165,2.596138,24.641980
2.161465,1.989496,49.952690,5306.704296,-0.596092,45.402694,7.372413,2.621887,24.640096
2.206908,2.032617,49.870422,5302.889013,-0.580361,45.455052,7.444081,2.647068,24.638212
2.252265,2.075729,49.790349,5299.031496,-0.563747,45.507961,7.513985,2.671617,24.636328
2.297547,2.118849,49.712559,5295.132511,-0.546269,45.561421,7.581943,2.695467,24.634444
2.342733,2.161970,49.637178,5291.192919,-0.527968,45.615403,7.647773,2.718556,24.632560
2.387843,2.205091,49.564294,5287.213710,-0.508874,45.669917,7.711297,2.740820,24.630677
2.432857,2.248203,49.494025,5283.195943,-0.489007,45.724932,7.772339,2.762196,24.628793
2.477786,2.291324,49.426447,5279.140806,-0.468416,45.780430,7.830729,2.782625,24.626909
2.522620,2.334444,49.361658,5275.049582,-0.447132,45.836401,7.886301,2.802048,24.625025
2.567378,2.377565,49.299746,5270.923648,-0.425194,45.892814,7.938897,2.820410,24.623141
2.612031,2.420686,49.240778,5266.764473,-0.402643,45.949670,7.988366,2.837656,24.621257
2.656598,2.463806,49.184842,5262.573614,-0.379537,46.006930,8.034564,2.853736,24.619373
2.701080,2.506927,49.131986,5258.352721,-0.355906,46.064574,8.077360,2.868605,24.617490
2.745467,2.550047,49.082288,5254.103527,-0.331810,46.122592,8.116630,2.882217,24.615606
2.789758,2.593168,49.035795,5249.827830,-0.307289,46.180944,8.152262,2.894535,24.613722
2.833954,2.636288,48.992546,5245.527511,-0.282401,46.239622,8.184157,2.905524,24.611838
2.878065,2.679409,48.952578,5241.204505,-0.257197,46.298585,8.212228,2.915152,24.609954
2.922081,2.722529,48.915941,5236.860817,-0.231735,46.357814,8.236402,2.923395,24.608070
2.966002,2.765640,48.882653,5232.498477,-0.206055,46.417289,8.256618,2.930231,24.606186
3.009827,2.808761,48.852722,5228.119586,-0.180236,46.476971,8.272832,2.935645,24.604303
3.053557,2.851881,48.826168,5223.726268,-0.154308,46.536840,8.285011,2.939627,24.602419
3.097193,2.894992,48.802988,5219.320678,-0.128348,46.596867,8.293141,2.942171,24.600535
3.140733,2.938112,48.783192,5214.904969,-0.102408,46.657032,8.297218,2.943276,24.598651
3.184179,2.981223,48.766750,5210.481350,-0.076535,46.717295,8.297257,2.942950,24.596767
3.227529,3.024334,48.753660,5206.051995,-0.050798,46.777637,8.293285,2.941200,24.594883
3.270784,3.067445,48.743882,5201.619102,-0.025237,46.838029,8.285346,2.938045,24.592999
3.313935,3.110556,48.737397,5197.184825,0.000069,46.898441,8.273495,2.933502,24.591116
3.357001,3.153658,48.734153,5192.751318,0.025082,46.958843,8.257802,2.927599,24.589232
3.399971,3.196769,48.734100,5188.320727,0.049752,47.019215,8.238352,2.920365,24.587348
3.442847,3.239870,48.737200,5183.895122,0.074011,47.079539,8.215238,2.911835,24.585464
3.485628,3.282972,48.743381,5179.476572,0.097819,47.139775,8.188570,2.902046,24.583580
3.528305,3.326065,48.752576,5175.067066,0.121128,47.199912,8.158465,2.891042,24.581696
3.570896,3.369166,48.764714,5170.668569,0.143890,47.259912,8.125051,2.878869,24.579812
3.613392,3.412259,48.779725,5166.282961,0.166044,47.319764,8.088467,2.865574,24.577929
3.655794,3.455352,48.797512,5161.912083,0.187562,47.379439,8.048858,2.851212,24.576045
3.698101,3.498444,48.817996,5157.557680,0.208406,47.438928,8.006379,2.835835,24.574161
3.740314,3.541527,48.841076,5153.221443,0.228526,47.498191,7.961188,2.819502,24.572277
3.782431,3.584611,48.866656,5148.904971,0.247883,47.557227,7.913451,2.802271,24.570393
3.824454,3.627685,48.894635,5144.609819,0.266439,47.616008,7.863338,2.784203,24.568509
3.866392,3.670768,48.924897,5140.337406,0.284184,47.674524,7.811021,2.765359,24.566625
3.908236,3.713842,48.957343,5136.089100,0.301060,47.732754,7.756677,2.745801,24.564741
3.949985,3.756908,48.991845,5131.866172,0.317057,47.790690,7.700483,2.725593,24.562858
3.991648,3.799973,49.028304,5127.669820,0.332147,47.848321,7.642616,2.704798,24.560974
4.033218,3.843038,49.066583,5123.501127,0.346300,47.905617,7.583255,2.683479,24.559090
4.074702,3.886094,49.106565,5119.361103,0.359497,47.962589,7.522577,2.661698,24.557206
4.116092,3.929150,49.148120,5115.250672,0.371729,48.019216,7.460756,2.639518,24.555322
4.157398,3.972205,49.191133,5111.170644,0.382967,48.075500,7.397966,2.617001,24.553438
4.198618,4.015252,49.235475,5107.121787,0.393221,48.131419,7.334376,2.594206,24.551554
4.239744,4.058299,49.281000,5103.104721,0.402453,48.186975,7.270154,2.571192,24.549671
4.280786,4.101337,49.327599,5099.120035,0.410673,48.242167,7.205462,2.548018,24.547787
4.321742,4.144374,49.375126,5095.168212,0.417871,48.296985,7.140458,2.524738,24.545903
4.362614,4.187403,49.423462,5091.249642,0.424048,48.351430,7.075294,2.501408,24.544019
4.403401,4.230432,49.472472,5087.364651,0.429196,48.405501,7.010120,2.478079,24.542135
4.444104,4.273460,49.522018,5083.513480,0.433314,48.459198,6.945076,2.454802,24.540251
4.484722,4.316479,49.571983,5079.696298,0.436412,48.512521,6.880301,2.431625,24.538367
4.525255,4.359490,49.622230,5075.913210,0.438482,48.565461,6.815925,2.408594,24.536484
4.565704,4.402500,49.672632,5072.164228,0.439553,48.618037,6.752073,2.385753,24.534600
4.606078,4.445510,49.723062,5068.449308,0.439606,48.670239,6.688863,2.363145,24.532716
4.646368,4.488512,49.773392,5064.768347,0.438672,48.722087,6.626410,2.340810,24.530832
4.686582,4.531513,49.823497,5061.121187,0.436759,48.773572,6.564819,2.318784,24.528948
4.726712,4.574505,49.873269,5057.507596,0.433870,48.824702,6.504192,2.297103,24.527064
4.766768,4.617497,49.922571,5053.927270,0.430033,48.875478,6.444623,2.275801,24.525180
4.806739,4.660480,49.971296,5050.379905,0.425259,48.925920,6.386202,2.254910,24.523297
4.846635,4.703462,50.019318,5046.865091,0.419559,48.976027,6.329012,2.234458,24.521413
4.886456,4.746436,50.066529,5043.382396,0.412951,49.025820,6.273132,2.214472,24.519529
4.926193,4.789410,50.112822,5039.931349,0.405467,49.075288,6.218633,2.194980,24.517645
4.965865,4.832383,50.158090,5036.511413,0.397115,49.124452,6.165584,2.176003,24.515761
5.005453,4.875348,50.202217,5033.122031,0.387927,49.173320,6.114047,2.157564,24.513877
5.044965,4.918303,50.245115,5029.762604,0.377911,49.221903,6.064080,2.139683,24.511993
5.084413,4.961259,50.286667,5026.432491,0.367098,49.270211,6.015737,2.122379,24.510110
5.123777,5.004214,50.326796,5023.131021,0.355518,49.318244,5.969066,2.105670,24.508226
5.163066,5.047160,50.365395,5019.857487,0.343190,49.366040,5.924114,2.089570,24.506342
5.202290,5.090106,50.402377,5016.611156,0.330145,49.413581,5.880921,2.074094,24.504458
5.241440,5.133043,50.437664,5013.391270,0.316391,49.460906,5.839525,2.059256,24.502574
5.280515,5.175980,50.471169,5010.197040,0.301979,49.508004,5.799961,2.045067,24.500690
5.319525,5.218908,50.502805,5007.027659,0.286918,49.554906,5.762260,2.031538,24.498806
5.358451,5.261836,50.532504,5003.882285,0.271238,49.601611,5.726451,2.018680,24.496922
5.397322,5.304764,50.560188,5000.760066,0.254968,49.648140,5.692560,2.006500,24.495039
5.436109,5.347682,50.585801,4997.660120,0.238149,49.694501,5.660610,1.995007,24.493155
5.474831,5.390600,50.609264,4994.581553,0.220789,49.740714,5.630623,1.984208,24.491271
5.513488,5.433510,50.630510,4991.523451,0.202928,49.786791,5.602616,1.974110,24.489387
5.552070,5.476419,50.649501,4988.484868,0.184586,49.832739,5.576609,1.964718,24.487503
5.590579,5.519328,50.666169,4985.464869,0.165812,49.878579,5.552615,1.956038,24.485619
5.629032,5.562228,50.680467,4982.462487,0.146616,49.924331,5.530650,1.948074,24.483735
5.667401,5.605128,50.692346,4979.476733,0.127027,49.969995,5.510724,1.940831,24.481852
5.705715,5.648028,50.701768,4976.506630,0.107094,50.015589,5.492851,1.934312,24.479968
5.743955,5.690918,50.708685,4973.551148,0.086827,50.061135,5.477039,1.928520,24.478084
5.782130,5.733809,50.713069,4970.609278,0.066265,50.106632,5.463299,1.923459,24.476200
5.820231,5.776690,50.714891,4967.679990,0.045438,50.152119,5.451637,1.919131,24.474316
5.858267,5.819571,50.714103,4964.762232,0.024374,50.197586,5.442061,1.915537,24.472432
5.896239,5.862452,50.710707,4961.854944,0.003103,50.243074,5.434578,1.912682,24.470548
5.934136,5.905324,50.704673,4958.957063,-0.018335,50.288571,5.429193,1.910565,24.468665
5.971978,5.948205,50.695974,4956.067496,-0.039922,50.334108,5.425912,1.909189,24.466781
6.009746,5.991076,50.684610,4953.185171,-0.061618,50.379695,5.424739,1.908555,24.464897
6.047440,6.033939,50.670563,4950.308985,-0.083404,50.425350,5.425678,1.908664,24.463013
6.085079,6.076801,50.653842,4947.437811,-0.105231,50.471074,5.428732,1.909517,24.461129
6.122644,6.119663,50.634420,4944.570538,-0.127090,50.516907,5.433905,1.911115,24.459245
6.160145,6.162525,50.612327,4941.706028,-0.148932,50.562848,5.441199,1.913458,24.457361
6.197571,6.205387,50.587554,4938.843136,-0.170737,50.608918,5.450615,1.916547,24.455478
6.234942,6.248240,50.560111,4935.980737,-0.192467,50.655125,5.462155,1.920382,24.453594
6.272239,6.291092,50.530019,4933.117644,-0.214102,50.701490,5.475819,1.924963,24.451710
6.309462,6.333936,50.497287,4930.252710,-0.235593,50.748032,5.491608,1.930289,24.449826
6.346631,6.376788,50.461947,4927.384749,-0.256923,50.794761,5.509520,1.936360,24.447942
6.383725,6.419631,50.424018,4924.512570,-0.278060,50.841688,5.529553,1.943176,24.446058
6.420755,6.462473,50.383521,4921.634999,-0.298967,50.888841,5.551706,1.950735,24.444174
6.457711,6.505316,50.340494,4918.750845,-0.319624,50.936220,5.575975,1.959035,24.442291
6.494602,6.548149,50.294988,4915.858880,-0.339983,50.983855,5.602354,1.968074,24.440407
6.531420,6.590982,50.247023,4912.957916,-0.360035,51.031747,5.630839,1.977851,24.438523
6.568173,6.633815,50.196648,4910.046733,-0.379731,51.079934,5.661421,1.988363,24.436639
6.604862,6.676648,50.143921,4907.124111,-0.399051,51.128406,5.694091,1.999605,24.434755
6.641476,6.719481,50.088884,4904.188841,-0.417958,51.177194,5.728840,2.011574,24.432871
6.678017,6.762304,50.031583,4901.239684,-0.436422,51.226306,5.765654,2.024266,24.430987
6.714494,6.805136,49.972090,4898.275429,-0.454424,51.275753,5.804520,2.037675,24.429103
6.750906,6.847959,49.910471,4895.294858,-0.471926,51.325565,5.845421,2.051795,24.427220
6.787235,6.890782,49.846777,4892.296740,-0.488889,51.375750,5.888336,2.066619,24.425336
6.823499,6.933595,49.781085,4889.279855,-0.505303,51.426320,5.933246,2.082139,24.423452
6.859690,6.976417,49.713474,4886.243006,-0.521131,51.477293,5.980124,2.098347,24.421568
6.895816,7.019230,49.644003,4883.184962,-0.536343,51.528680,6.028944,2.115231,24.419684
6.931859,7.062043,49.572759,4880.104546,-0.550912,51.580500,6.079673,2.132782,24.417800
6.967838,7.104856,49.499831,4877.000548,-0.564807,51.632773,6.132279,2.150987,24.415916
7.003733,7.147668,49.425305,4873.871802,-0.578010,51.685498,6.186722,2.169832,24.414033
7.039565,7.190471,49.349261,4870.717139,-0.590483,51.738687,6.242960,2.189302,24.412149
7.075312,7.233283,49.271786,4867.535426,-0.602207,51.792377,6.300946,2.209380,24.410265
7.110986,7.276086,49.192988,4864.325526,-0.613162,51.846560,6.360629,2.230049,24.408381
7.146596,7.318888,49.112962,4861.086325,-0.623311,51.901255,6.421954,2.251288,24.406497
7.182113,7.361690,49.031808,4857.816750,-0.632644,51.956481,6.484859,2.273076,24.404613
7.217585,7.404475,48.950281,4854.514383,-0.630322,51.964608,6.548654,2.295171,0.000000
7.253013,7.447232,48.869148,4851.177248,-0.627063,51.972765,6.612614,2.317319,0.000000
7.288405,7.489955,48.788525,4847.805039,-0.622848,51.980971,6.676619,2.339477,0.000000
7.323762,7.532650,48.708527,4844.397514,-0.617678,51.989197,6.740543,2.361602,0.000000
7.359085,7.575311,48.629262,4840.954475,-0.611553,51.997472,6.804259,2.383649,0.000000
7.394362,7.617945,48.550845,4837.475814,-0.604493,52.005776,6.867634,2.405571,0.000000
7.429605,7.660543,48.473403,4833.961491,-0.596489,52.014110,6.930534,2.427321,0.000000
7.464803,7.703115,48.397031,4830.411556,-0.587560,52.022494,6.992820,2.448852,0.000000
7.499965,7.745652,48.321856,4826.826095,-0.577708,52.030897,7.054353,2.470113,0.000000
7.535093,7.788162,48.247964,4823.205328,-0.566951,52.039339,7.114989,2.491056,0.000000
7.570176,7.830637,48.175490,4819.549506,-0.555309,52.047821,7.174587,2.511631,0.000000
7.605224,7.873076,48.104512,4815.858987,-0.542794,52.056333,7.233001,2.531786,0.000000
7.640228,7.915480,48.035155,4812.134213,-0.529423,52.064873,7.290087,2.551472,0.000000
7.675187,7.957858,47.967505,4808.375699,-0.515228,52.073454,7.345703,2.570638,0.000000
7.710111,8.000192,47.901649,4804.584042,-0.500237,52.082064,7.399706,2.589236,0.000000
7.744990,8.042499,47.837704,4800.759917,-0.484469,52.090713,7.451954,2.607216,0.000000
7.779834,8.084771,47.775735,4796.904111,-0.467955,52.099382,7.502312,2.624529,0.000000
7.814634,8.127007,47.715840,4793.017455,-0.450733,52.108090,7.550643,2.641130,0.000000
7.849389,8.169218,47.658095,4789.100884,-0.432832,52.116838,7.596819,2.656974,0.000000
7.884109,8.211384,47.602576,4785.155387,-0.414282,52.125606,7.640713,2.672015,0.000000
7.918775,8.253515,47.549362,4781.182055,-0.395141,52.134413,7.682206,2.686214,0.000000
7.953406,8.295611,47.498508,4777.182047,-0.375428,52.143249,7.721185,2.699530,0.000000
7.988003,8.337671,47.450072,4773.156570,-0.355202,52.152115,7.757543,2.711926,0.000000
8.022545,8.379697,47.404122,4769.106928,-0.334492,52.161021,7.791181,2.723370,0.000000
8.057042,8.421687,47.360704,4765.034457,-0.313355,52.169946,7.822009,2.733828,0.000000
8.091505,8.463642,47.319857,4760.940585,-0.291840,52.178910,7.849945,2.743273,0.000000
8.125923,8.505562,47.281629,4756.826764,-0.269986,52.187904,7.874918,2.751680,0.000000
8.160297,8.547438,47.246047,4752.694507,-0.247851,52.196918,7.896864,2.759028,0.000000
8.194626,8.589279,47.213139,4748.545382,-0.225483,52.205971,7.915731,2.765299,0.000000
8.228910,8.631084,47.182926,4744.380984,-0.202930,52.215054,7.931479,2.770479,0.000000
8.263151,8.672855,47.155414,4740.202935,-0.180249,52.224176,7.944075,2.774556,0.000000
8.297346,8.714590,47.130613,4736.012905,-0.157481,52.233318,7.953502,2.777526,0.000000
8.331498,8.756282,47.108542,4731.812565,-0.134701,52.242490,7.959749,2.779385,0.000000
8.365604,8.797939,47.089170,4727.603609,-0.111938,52.251691,7.962821,2.780134,0.000000
8.399667,8.839560,47.072507,4723.387750,-0.089260,52.260921,7.962730,2.779780,0.000000
8.433685,8.881146,47.058532,4719.166702,-0.066715,52.270182,7.959502,2.778330,0.000000
8.467659,8.922689,47.047206,4714.942168,-0.044360,52.279481,7.953173,2.775799,0.000000
8.501588,8.964196,47.038519,4710.715840,-0.022244,52.288800,7.943789,2.772201,0.000000
8.535473,9.005668,47.032421,4706.489412,-0.000403,52.298149,7.931407,2.767559,0.000000
8.569323,9.047097,47.028872,4702.264554,0.021083,52.307527,7.916093,2.761894,0.000000
8.603119,9.088490,47.027835,4698.042918,0.042188,52.316945,7.897923,2.755234,0.000000
8.636871,9.129849,47.029249,4693.826102,0.062864,52.326383,7.876982,2.747610,0.000000
8.670568,9.171163,47.033066,4689.615682,0.083061,52.335850,7.853364,2.739053,0.000000
8.704231,9.212452,47.039208,4685.413216,0.102724,52.345346,7.827168,2.729600,0.000000
8.737850,9.253697,47.047606,4681.220184,0.121824,52.354873,7.798503,2.719287,0.000000
8.771425,9.294897,47.058203,4677.038050,0.140322,52.364428,7.767484,2.708156,0.000000
8.804955,9.336072,47.070919,4672.868189,0.158161,52.374014,7.734230,2.696249,0.000000
8.838440,9.377203,47.085659,4668.711949,0.175333,52.383628,7.698867,2.683609,0.000000
8.871882,9.418299,47.102353,4664.570622,0.191769,52.393273,7.661523,2.670282,0.000000
8.905279,9.459360,47.120895,4660.445427,0.207462,52.402947,7.622333,2.656314,0.000000
8.938632,9.500377,47.141208,4656.337522,0.222373,52.412650,7.581431,2.641753,0.000000
8.971941,9.541368,47.163194,4652.248001,0.236473,52.422383,7.538956,2.626647,0.000000
9.005205,9.582316,47.186737,4648.177893,0.249735,52.432146,7.495048,2.611046,0.000000
9.038426,9.623228,47.211759,4644.128155,0.262149,52.441938,7.449847,2.594997,0.000000
9.071602,9.664106,47.238145,4640.099671,0.273667,52.451760,7.403494,2.578552,0.000000
9.104743,9.704949,47.265787,4636.093282,0.284301,52.461611,7.356130,2.561757,0.000000
9.137831,9.745756,47.294590,4632.109714,0.294011,52.471492,7.307894,2.544664,0.000000
9.170884,9.786529,47.324426,4628.149671,0.302799,52.481413,7.258925,2.527319,0.000000
9.203883,9.827267,47.355201,4624.213752,0.310636,52.491353,7.209360,2.509770,0.000000
9.236847,9.867970,47.386797,4620.302505,0.317532,52.501322,7.159332,2.492064,0.000000
9.269768,9.908638,47.419108,4616.416403,0.323469,52.511322,7.108973,2.474247,0.000000
9.302654,9.949272,47.452010,4612.555845,0.328447,52.521360,7.058412,2.456364,0.000000
9.335486,9.989870,47.485405,4608.721168,0.332456,52.531418,7.007773,2.438458,0.000000
9.368283,10.030434,47.519177,4604.912666,0.335499,52.541516,6.957179,2.420571,0.000000
9.401037,10.070962,47.553202,4601.130530,0.337583,52.551634,6.906747,2.402746,0.000000
9.433746,10.111465,47.587392,4597.374927,0.338701,52.561790,6.856590,2.385020,0.000000
9.466411,10.151924,47.621613,4593.645920,0.338873,52.571977,6.806818,2.367432,0.000000
9.499042,10.192357,47.655768,4589.943563,0.338097,52.582193,6.757537,2.350018,0.000000
9.531629,10.232764,47.689741,4586.267813,0.336376,52.592448,6.708847,2.332814,0.000000
9.564181,10.273127,47.723438,4582.618587,0.333729,52.602723,6.660843,2.315853,0.000000
9.596689,10.313465,47.756751,4578.995748,0.330174,52.613038,6.613619,2.299167,0.000000
9.629153,10.353767,47.789565,4575.399117,0.325714,52.623372,6.567261,2.282785,0.000000
9.661582,10.394044,47.821784,4571.828453,0.320367,52.633745,6.521853,2.266738,0.000000
9.693968,10.434285,47.853313,4568.283461,0.314152,52.644149,6.477473,2.251051,0.000000
9.726309,10.474501,47.884054,4564.763826,0.307081,52.654591,6.434194,2.235751,0.000000
9.758616,10.514682,47.913904,4561.269170,0.299181,52.665054,6.392088,2.220862,0.000000
9.790889,10.554828,47.942784,4557.799083,0.290473,52.675555,6.351219,2.206406,0.000000
9.823117,10.594948,47.970589,4554.353092,0.280985,52.686087,6.311650,2.192404,0.000000
9.855302,10.635042,47.997242,4550.930724,0.270718,52.696657,6.273439,2.178878,0.000000
9.887452,10.675101,48.022649,4547.531442,0.259711,52.707248,6.236640,2.165845,0.000000
9.919567,10.715134,48.046741,4544.154680,0.247992,52.717878,6.201303,2.153323,0.000000
9.951639,10.755133,48.069434,4540.799848,0.235571,52.728537,6.167475,2.141328,0.000000
9.983677,10.795105,48.090658,4537.466316,0.222487,52.739226,6.135201,2.129875,0.000000
10.015670,10.835052,48.110330,4534.153431,0.208769,52.749954,6.104521,2.118977,0.000000
10.047629,10.874972,48.128381,4530.860501,0.194436,52.760712,6.075473,2.108649,0.000000
10.079544,10.914858,48.144756,4527.586820,0.179527,52.771500,6.048091,2.098901,0.000000
10.111425,10.954718,48.159386,4524.331633,0.164061,52.782327,6.022407,2.089745,0.000000
10.143271,10.994551,48.172224,4521.094202,0.148076,52.793173,5.998451,2.081190,0.000000
10.175083,11.034351,48.183195,4517.873729,0.131592,52.804069,5.976249,2.073246,0.000000
10.206851,11.074132,48.192260,4514.669415,0.114638,52.814985,5.955827,2.065921,0.000000
10.238585,11.113880,48.199371,4511.480408,0.097260,52.825940,5.937207,2.059222,0.000000
10.270275,11.153601,48.204482,4508.305888,0.079489,52.836924,5.920409,2.053157,0.000000
10.301940,11.193296,48.207545,4505.144973,0.061334,52.847939,5.905452,2.047732,0.000000
10.333562,11.232966,48.208531,4501.996788,0.042852,52.858992,5.892352,2.042952,0.000000
10.365139,11.272609,48.207404,4498.860410,0.024063,52.870075,5.881124,2.038822,0.000000
10.396692,11.312218,48.204143,4495.734934,0.005004,52.881188,5.871781,2.035346,0.000000
10.428201,11.351809,48.198703,4492.619435,-0.014296,52.892340,5.864335,2.032529,0.000000
10.459676,11.391375,48.191084,4489.512945,-0.033798,52.903522,5.858796,2.030372,0.000000
10.491116,11.430906,48.181247,4486.414508,-0.053474,52.914733,5.855172,2.028881,0.000000
10.522513,11.470420,48.169194,4483.323146,-0.073295,52.925984,5.853471,2.028055,0.000000
10.553875,11.509899,48.154906,4480.237880,-0.093214,52.937264,5.853698,2.027897,0.000000
10.585203,11.549361,48.138374,4477.157692,-0.113212,52.948574,5.855856,2.028409,0.000000
10.616497,11.588788,48.119600,4474.081582,-0.133241,52.959923,5.859950,2.029591,0.000000
10.647757,11.628198,48.098573,4471.008530,-0.153282,52.971302,5.865980,2.031443,0.000000
10.678972,11.667574,48.075314,4467.937485,-0.173297,52.982711,5.873948,2.033966,0.000000
10.710154,11.706932,48.049833,4464.867426,-0.193238,52.994148,5.883850,2.037157,0.000000
10.741758,11.746513,48.022853,4461.798942,-0.213098,53.007600,5.895537,2.041022,0.000000
10.775153,11.787059,47.996596,4458.735921,-0.232876,53.028983,5.908558,2.045573,0.000000
10.808536,11.827597,47.968153,4455.670699,-0.252505,53.050399,5.923498,2.050789,0.000000
10.841890,11.868109,47.937544,4452.602195,-0.271948,53.071859,5.940348,2.056666,0.000000
10.875223,11.908612,47.904798,4449.529345,-0.291165,53.093352,5.959099,2.063202,0.000000
10.908525,11.949098,47.869933,4446.451077,-0.310129,53.114880,5.979740,2.070392,0.000000
10.941817,11.989557,47.832999,4443.366298,-0.328801,53.136442,6.002257,2.078232,0.000000
10.975078,12.030009,47.794033,4440.273924,-0.347163,53.158037,6.026634,2.086716,0.000000
11.008319,12.070434,47.753065,4437.172883,-0.365166,53.179676,6.052855,2.095840,0.000000
11.041530,12.110850,47.710143,4434.062080,-0.382783,53.201349,6.080900,2.105595,0.000000
11.074729,12.151250,47.665314,4430.940434,-0.399984,53.223057,6.110748,2.115975,0.000000
11.107898,12.191623,47.618637,4427.806871,-0.416731,53.244798,6.142373,2.126971,0.000000
11.141028,12.231997,47.569689,4424.661443,-0.441608,53.310554,6.176187,2.138725,21.434395
11.174098,12.272379,47.518040,4421.503898,-0.466013,53.376646,6.212606,2.151382,21.436336
11.207109,12.312761,47.463747,4418.332722,-0.489899,53.443106,6.251615,2.164936,21.438277
11.240061,12.353143,47.406887,4415.146369,-0.513227,53.509951,6.293197,2.179382,21.440218
11.272964,12.393534,47.347517,4411.943314,-0.535941,53.577193,6.337331,2.194712,21.442159
11.305798,12.433934,47.285725,4408.722020,-0.558022,53.644861,6.383993,2.210919,21.444100
11.338572,12.474342,47.221577,4405.480954,-0.579412,53.712966,6.433157,2.227993,21.446041
11.371288,12.514742,47.155151,4402.218579,-0.600073,53.781527,6.484792,2.245923,21.447983
11.403944,12.555159,47.086552,4398.933391,-0.619967,53.850565,6.538863,2.264697,21.449924
11.436541,12.595577,47.015856,4395.623855,-0.639046,53.920099,6.595330,2.284303,21.451865
11.469079,12.635994,46.943170,4392.288477,-0.657291,53.990150,6.654152,2.304725,21.453806
11.501548,12.676429,46.868580,4388.925774,-0.674635,54.060737,6.715278,2.325946,21.455747
11.533958,12.716855,46.792211,4385.534242,-0.691059,54.131861,6.778655,2.347947,21.457688
11.566308,12.757290,46.714139,4382.112461,-0.706516,54.203561,6.844224,2.370708,21.459629
11.598589,12.797733,46.634509,4378.658969,-0.720984,54.275839,6.911917,2.394207,21.461570
11.630802,12.838177,46.553416,4375.172377,-0.734409,54.348723,6.981664,2.418418,21.463511
11.662954,12.878629,46.470976,4371.651308,-0.746760,54.422225,7.053385,2.443313,21.465452
11.695038,12.919082,46.387323,4368.094404,-0.758019,54.496354,7.126994,2.468864,21.467393
11.727063,12.959543,46.302581,4364.500383,-0.768147,54.571121,7.202397,2.495037,21.469334
11.759008,13.000004,46.216876,4360.867981,-0.777105,54.646565,7.279494,2.521798,21.471275
11.790894,13.040465,46.130331,4357.195979,-0.784866,54.722668,7.358175,2.549110,21.473216
11.822711,13.080935,46.043101,4353.483218,-0.791419,54.799468,7.438324,2.576930,21.475157
11.854459,13.121405,45.955300,4349.728595,-0.796726,54.876968,7.519814,2.605217,21.477098
11.886128,13.161884,45.867072,4345.931069,-0.800767,54.955176,7.602512,2.633923,21.479039
11.917727,13.202363,45.778571,4342.089680,-0.803514,55.034103,7.686276,2.663000,21.480980
11.949267,13.242842,45.689931,4338.203525,-0.804966,55.113759,7.770954,2.692395,21.482921
11.980719,13.283330,45.601296,4334.271772,-0.805094,55.194156,7.856387,2.722053,21.484862
12.012110,13.323817,45.512808,4330.293684,-0.803890,55.275292,7.942407,2.751915,21.486803
12.043413,13.364314,45.424613,4326.268631,-0.801342,55.357189,8.028838,2.781921,21.488744
12.074647,13.404802,45.336862,4322.196032,-0.797441,55.439836,8.115496,2.812007,21.490685
12.105811,13.445298,45.249692,4318.075446,-0.792196,55.523235,8.202190,2.842107,21.492626
12.136887,13.485795,45.163263,4313.906515,-0.785588,55.607405,8.288721,2.872151,21.494567
12.167893,13.526291,45.077721,4309.688996,-0.777626,55.692328,8.374883,2.902069,21.496508
12.198820,13.566797,44.993198,4305.422763,-0.768310,55.778012,8.460464,2.931787,21.498449
12.229658,13.607293,44.909839,4301.107782,-0.757667,55.864460,8.545249,2.961230,21.500390
12.260426,13.647799,44.827797,4296.744170,-0.745689,55.951651,8.629016,2.990322,21.502331
12.291106,13.688296,44.747205,4292.332158,-0.732413,56.039585,8.711540,3.018984,21.504272
12.321706,13.728801,44.668199,4287.872102,-0.717839,56.128264,8.792593,3.047138,21.506213
12.352218,13.769307,44.590911,4283.364474,-0.702014,56.217668,8.871947,3.074704,21.508154
12.382650,13.809804,44.515486,4278.809885,-0.684937,56.307786,8.949371,3.101602,21.510095
12.413002,13.850310,44.442028,4274.209102,-0.666666,56.398610,9.024638,3.127754,21.512036
12.443266,13.890807,44.370682,4269.562987,-0.647229,56.490130,9.097519,3.153080,21.513977
12.473440,13.931313,44.301551,4264.872537,-0.626664,56.582317,9.167791,3.177503,21.515918
12.503526,13.971810,44.234762,4260.138921,-0.605018,56.675161,9.235235,3.200947,21.517859
12.533531,14.012308,44.170409,4255.363378,-0.582330,56.768632,9.299639,3.223338,21.519800
12.563439,14.052796,44.108598,4250.547317,-0.558665,56.862731,9.360797,3.244605,21.521741
12.593266,14.093294,44.049433,4245.692253,-0.534061,56.957408,9.418511,3.264679,21.523682
12.622994,14.133782,43.992991,4240.799826,-0.508586,57.052655,9.472596,3.283496,21.525623
12.652643,14.174271,43.939368,4235.871771,-0.482306,57.148440,9.522875,3.300994,21.527564
12.682193,14.214752,43.888630,4230.909969,-0.455277,57.244735,9.569186,3.317118,21.529505
12.711654,14.255232,43.840845,4225.916356,-0.427577,57.341519,9.611381,3.331816,21.531446
12.741025,14.295704,43.796088,4220.893014,-0.399261,57.438745,9.649325,3.345040,21.533387
12.770297,14.336175,43.754389,4215.842067,-0.370417,57.536401,9.682901,3.356751,21.535328
12.799479,14.376647,43.715813,4210.765755,-0.341110,57.634447,9.712007,3.366913,21.537269
12.828572,14.417110,43.680390,4205.666360,-0.311416,57.732846,9.736560,3.375497,21.539210
12.857566,14.457565,43.648138,4200.546259,-0.281413,57.831566,9.756495,3.382480,21.541151
12.886470,14.498020,43.619096,4195.407838,-0.251185,57.930567,9.771766,3.387847,21.543092
12.915275,14.538466,43.593253,4190.253571,-0.220810,58.029831,9.782344,3.391586,21.545033
12.943991,14.578903,43.570638,4185.085938,-0.190363,58.129308,9.788222,3.393697,21.546974
12.972606,14.619340,43.551223,4179.907442,-0.159940,58.228967,9.789410,3.394181,21.548915
13.001133,14.659761,43.534997,4174.720608,-0.129608,58.328778,9.785939,3.393050,21.550856
13.029569,14.700181,43.521950,4169.527961,-0.099443,58.428693,9.777857,3.390320,21.552797
13.057896,14.740592,43.512034,4164.332002,-0.069551,58.528680,9.765232,3.386014,21.554738
13.086143,14.781004,43.505230,4159.135247,-0.039978,58.628711,9.748148,3.380163,21.556679
13.114281,14.821398,43.501472,4153.940155,-0.010821,58.728754,9.726708,3.372800,21.558620
13.142338,14.861793,43.500709,4148.749158,0.017843,58.828771,9.701029,3.363968,21.560561
13.170296,14.902170,43.502886,4143.564653,0.045948,58.928721,9.671245,3.353712,21.562502
13.198155,14.942547,43.507934,4138.388953,0.073418,59.028584,9.637504,3.342082,21.564444
13.225923,14.982907,43.515767,4133.224343,0.100194,59.128321,9.599967,3.329136,21.566385
13.253591,15.023267,43.526300,4128.073009,0.126191,59.227910,9.558805,3.314933,21.568326
13.281179,15.063618,43.539454,4122.937087,0.151360,59.327312,9.514203,3.299535,21.570267
13.308667,15.103952,43.555135,4117.818608,0.175626,59.426517,9.466352,3.283011,21.572208
13.336055,15.144287,43.573227,4112.719537,0.198949,59.525475,9.415454,3.265429,21.574149
13.363363,15.184603,43.593634,4107.641707,0.221263,59.624185,9.361715,3.246860,21.576090
13.390571,15.224920,43.616242,4102.586894,0.242528,59.722608,9.305347,3.227380,21.578031
13.417688,15.265220,43.640925,4097.556761,0.262679,59.820723,9.246569,3.207062,21.579972
13.444715,15.305511,43.667578,4092.552844,0.281694,59.918530,9.185599,3.185983,21.581913
13.471652,15.345793,43.696077,4087.576615,0.299518,60.015989,9.122658,3.164220,21.583854
13.498498,15.386067,43.726278,4082.629401,0.316121,60.113089,9.057968,3.141850,21.585795
13.525254,15.426332,43.758066,4077.712422,0.331473,60.209821,8.991751,3.118948,21.587736
13.551919,15.466580,43.791307,4072.826825,0.345546,60.306163,8.924226,3.095592,21.589677
13.578504,15.506828,43.825856,4067.973598,0.358312,60.402117,8.855609,3.071856,21.591618
13.604998,15.547058,43.861591,4063.153647,0.369749,60.497651,8.786114,3.047815,21.593559
13.631401,15.587280,43.898357,4058.367783,0.379850,60.592786,8.715951,3.023541,21.595500
13.657724,15.627494,43.936040,4053.616667,0.388593,60.687490,8.645323,2.999104,21.597441
13.683955,15.667698,43.974467,4048.900891,0.395980,60.781775,8.574430,2.974575,21.599382
13.710096,15.707894,44.013533,4044.220948,0.401990,60.875628,8.503464,2.950019,21.601323
13.736166,15.748073,44.053076,4039.577186,0.406632,60.969052,8.432611,2.925501,21.603264
13.762145,15.788252,44.092960,4034.969910,0.409898,61.062044,8.362050,2.901084,21.605205
13.788033,15.828414,44.133063,4030.399300,0.411795,61.154615,8.291954,2.876827,21.607146
13.813849,15.868567,44.173231,4025.865441,0.412334,61.246745,8.222487,2.852787,21.609087
13.839575,15.908711,44.213329,4021.368343,0.411533,61.338453,8.153805,2.829018,21.611028
13.865229,15.948847,44.253224,4016.907911,0.409382,61.429749,8.086059,2.805573,21.612969
13.890792,15.988974,44.292802,4012.484000,0.405919,61.520633,8.019390,2.782501,21.614910
13.916284,16.029084,44.331909,4008.096358,0.401154,61.611104,7.953931,2.759848,21.616851
13.941685,16.069194,44.370430,4003.744668,0.395096,61.701183,7.889809,2.737657,21.618792
13.967014,16.109286,44.408241,3999.428521,0.387792,61.790869,7.827142,2.715971,21.620733
13.992271,16.149370,44.445218,3995.147486,0.379252,61.880182,7.766043,2.694828,21.622674
14.017437,16.189454,44.481236,3990.901017,0.369503,61.969122,7.706614,2.674263,21.624615
14.042531,16.229521,44.516191,3986.688536,0.358585,62.057719,7.648953,2.654311,21.626556
14.067554,16.269579,44.549958,3982.509390,0.346516,62.145972,7.593151,2.635003,21.628497
14.092495,16.309629,44.582442,3978.362875,0.333334,62.233892,7.539291,2.616369,21.630438
14.117365,16.349661,44.613527,3974.248245,0.319078,62.321508,7.487450,2.598434,21.632379
14.142152,16.389693,44.643109,3970.164680,0.303784,62.408831,7.437702,2.581225,21.634320
14.166868,16.429717,44.671112,3966.111338,0.287472,62.495869,7.390110,2.564763,21.636261
14.191502,16.469732,44.697420,3962.087315,0.270210,62.582644,7.344737,2.549071,21.638202
14.216074,16.509729,44.721949,3958.091674,0.252015,62.669164,7.301637,2.534167,21.640143
14.240564,16.549727,44.744620,3954.123429,0.232936,62.755461,7.260860,2.520069,21.642084
14.264983,16.589716,44.765350,3950.181557,0.213011,62.841554,7.222454,2.506793,21.644025
14.289338,16.629688,44.784070,3946.265009,0.192297,62.927452,7.186459,2.494353,21.645966
14.313613,16.669660,44.800694,3942.372689,0.170822,63.013167,7.152914,2.482763,21.647907
14.337815,16.709615,44.815157,3938.503483,0.148635,63.098737,7.121851,2.472035,21.649848
14.361944,16.749570,44.827411,3934.656246,0.125783,63.184174,7.093303,2.462178,21.651789
14.386002,16.789516,44.837388,3930.829776,0.102304,63.269496,7.067295,2.453203,21.653730
14.409988,16.829444,44.845032,3927.022898,0.078265,63.354725,7.043852,2.445118,21.655671
14.433911,16.869373,44.850304,3923.234358,0.053686,63.439880,7.022995,2.437930,21.657612
14.457752,16.909294,44.853147,3919.462906,0.028643,63.524982,7.004741,2.431646,21.659553
14.481530,16.949197,44.853533,3915.707257,0.003165,63.610050,6.989108,2.426271,21.661494
14.505236,16.989100,44.851424,3911.966119,-0.022701,63.695114,6.976107,2.421810,21.663435
14.528870,17.028994,44.846791,3908.238166,-0.048888,63.780196,6.965751,2.418267,21.665376
14.552432,17.068871,44.839615,3904.522051,-0.075366,63.865304,6.958048,2.415645,21.667317
14.575921,17.108748,44.829868,3900.816438,-0.102079,63.950470,6.953005,2.413946,21.669258
14.599347,17.148617,44.817541,3897.119929,-0.128968,64.035713,6.950626,2.413172,21.671199
14.622701,17.188477,44.802614,3893.431135,-0.156005,64.121054,6.950914,2.413324,21.673140
14.645982,17.228328,44.785098,3889.748656,-0.183114,64.206522,6.953870,2.414402,21.675081
14.669201,17.268170,44.764982,3886.071062,-0.210265,64.292139,6.959493,2.416406,21.677022
14.692347,17.308005,44.742268,3882.396922,-0.237392,64.377924,6.967779,2.419335,21.678963
14.715421,17.347830,44.716974,3878.724795,-0.264455,64.463899,6.978722,2.423187,21.680905
14.738422,17.387647,44.689120,3875.053230,-0.291398,64.550082,6.992316,2.427960,21.682846
14.761360,17.427455,44.658706,3871.380731,-0.318182,64.636504,7.008552,2.433650,21.684787
14.784216,17.467255,44.625770,3867.705848,-0.344749,64.723187,7.027417,2.440253,21.686728
14.807008,17.507037,44.590332,3864.027096,-0.371041,64.810139,7.048897,2.447764,21.688669
14.829729,17.546819,44.552440,3860.342972,-0.397021,64.897412,7.072976,2.456179,21.690610
14.852386,17.586593,44.512113,3856.651981,-0.422630,64.984996,7.099635,2.465490,21.692551
14.874960,17.626358,44.469408,3852.952650,-0.447821,65.072941,7.128853,2.475689,21.694492
14.897472,17.666114,44.424364,3849.243454,-0.472555,65.161258,7.160603,2.486769,21.696433
14.919910,17.705862,44.377048,3845.522920,-0.496764,65.249957,7.194859,2.498720,21.698374
14.942276,17.745593,44.327490,3841.789522,-0.520420,65.339079,7.231590,2.511530,21.700315
14.964569,17.785324,44.275774,3838.041797,-0.543455,65.428644,7.270761,2.525189,21.702256
14.986809,17.825028,44.222532,3834.276683,-0.553813,65.456296,7.311712,2.539466,0.000000
15.009024,17.864707,44.168394,3830.491593,-0.563405,65.483973,7.353768,2.554128,0.000000
15.031215,17.904360,44.113447,3826.685726,-0.572220,65.511666,7.396859,2.569150,0.000000
15.053373,17.943978,44.057758,3822.858325,-0.580228,65.539374,7.440913,2.584506,0.000000
15.075515,17.983561,44.001422,3819.008663,-0.587412,65.567099,7.485852,2.600172,0.000000
15.097624,18.023119,43.944506,3815.136046,-0.593751,65.594850,7.531599,2.616118,0.000000
15.119699,18.062641,43.887096,3811.239811,-0.599236,65.622606,7.578070,2.632317,0.000000
15.141759,18.102138,43.829278,3807.319347,-0.603838,65.650389,7.625179,2.648737,0.000000
15.163786,18.141601,43.771139,3803.374096,-0.607556,65.678187,7.672834,2.665349,0.000000
15.185788,18.181028,43.712754,3799.403521,-0.610370,65.705991,7.720945,2.682119,0.000000
15.207756,18.220430,43.654209,3795.407159,-0.612272,65.733821,7.769414,2.699015,0.000000
15.229699,18.259797,43.595601,3791.384569,-0.613252,65.761668,7.818141,2.716001,0.000000
15.251619,18.299129,43.537024,3787.335391,-0.613298,65.789530,7.867027,2.733043,0.000000
15.273504,18.338427,43.478546,3783.259299,-0.612422,65.817397,7.915964,2.750103,0.000000
15.295365,18.377699,43.420262,3779.156031,-0.610613,65.845291,7.964848,2.767146,0.000000
15.317202,18.416927,43.362257,3775.025386,-0.607870,65.873201,8.013569,2.784132,0.000000
15.339004,18.456129,43.304629,3770.867215,-0.604194,65.901117,8.062016,2.801025,0.000000
15.360782,18.495297,43.247452,3766.681436,-0.599595,65.929059,8.110078,2.817784,0.000000
15.382526,18.534430,43.190822,3762.468026,-0.594080,65.957006,8.157640,2.834371,0.000000
15.404246,18.573520,43.134806,3758.227027,-0.587661,65.984970,8.204591,2.850745,0.000000
15.425931,18.612584,43.079500,3753.958544,-0.580355,66.012950,8.250815,2.866868,0.000000
15.447592,18.651613,43.024980,3749.662766,-0.572154,66.040935,8.296198,2.882699,0.000000
15.469219,18.690599,42.971332,3745.339925,-0.563104,66.068946,8.340627,2.898200,0.000000
15.490821,18.729559,42.918622,3740.990314,-0.553207,66.096964,8.383990,2.913331,0.000000
15.512399,18.768476,42.866936,3736.614312,-0.542490,66.124987,8.426175,2.928053,0.000000
15.533933,18.807358,42.816333,3732.212361,-0.530981,66.153036,8.467075,2.942329,0.000000
15.555452,18.846205,42.766896,3727.784966,-0.518692,66.181091,8.506582,2.956122,0.000000
15.576928,18.885009,42.718685,3723.332694,-0.505679,66.209162,8.544594,2.969395,0.000000
15.598388,18.923787,42.671764,3718.856176,-0.491951,66.237239,8.581010,2.982115,0.000000
15.619804,18.962513,42.626193,3714.356097,-0.477547,66.265332,8.615734,2.994248,0.000000
15.641196,19.001213,42.582037,3709.833223,-0.462506,66.293431,8.648676,3.005761,0.000000
15.662564,19.039870,42.539334,3705.288365,-0.446866,66.321546,8.679749,3.016626,0.000000
15.683887,19.078484,42.498151,3700.722386,-0.430664,66.349677,8.708872,3.026813,0.000000
15.705185,19.117063,42.458517,3696.136211,-0.413950,66.377814,8.735969,3.036296,0.000000
15.726459,19.155607,42.420489,3691.530819,-0.396761,66.405956,8.760973,3.045052,0.000000
15.747699,19.194108,42.384086,3686.907240,-0.379136,66.434115,8.783820,3.053060,0.000000
15.768904,19.232574,42.349354,3682.266527,-0.361123,66.462289,8.804455,3.060298,0.000000
15.790085,19.270997,42.316324,3677.609784,-0.342780,66.490460,8.822831,3.066752,0.000000
15.811231,19.309376,42.285005,3672.938180,-0.324155,66.518656,8.838908,3.072407,0.000000
15.832343,19.347721,42.255433,3668.252870,-0.305286,66.546848,8.852651,3.077251,0.000000
15.853430,19.386023,42.227610,3663.555087,-0.286231,66.575067,8.864038,3.081276,0.000000
15.874483,19.424281,42.201554,3658.846041,-0.267038,66.603281,8.873051,3.084475,0.000000
15.895501,19.462505,42.177265,3654.127004,-0.247765,66.631511,8.879682,3.086848,0.000000
15.916495,19.500685,42.154743,3649.399250,-0.228460,66.659747,8.883932,3.088392,0.000000
15.937454,19.538831,42.133987,3644.664062,-0.209172,66.687989,8.885807,3.089111,0.000000
15.958378,19.576925,42.114989,3639.922734,-0.189958,66.716247,8.885325,3.089010,0.000000
15.979278,19.614984,42.097738,3635.176562,-0.170866,66.744521,8.882509,3.088098,0.000000
16.000143,19.653000,42.082206,3630.426838,-0.151955,66.772790,8.877393,3.086386,0.000000
16.020974,19.690981,42.068373,3625.674869,-0.133262,66.801076,8.870014,3.083888,0.000000
16.041780,19.728910,42.056211,3620.921926,-0.114846,66.829368,8.860422,3.080620,0.000000
16.062542,19.766804,42.045690,3616.169295,-0.096765,66.857665,8.848669,3.076601,0.000000
16.083288,19.804655,42.036783,3611.418206,-0.079048,66.885979,8.834818,3.071851,0.000000
16.103990,19.842472,42.029441,3606.669890,-0.061762,66.914298,8.818935,3.066395,0.000000
16.124668,19.880236,42.023617,3601.925578,-0.044926,66.942623,8.801094,3.060258,0.000000
16.145310,19.917966,42.019272,3597.186419,-0.028609,66.970965,8.781374,3.053468,0.000000
16.165928,19.955653,42.016358,3592.453568,-0.012849,66.999312,8.759860,3.046053,0.000000
16.186511,19.993305,42.014799,3587.728143,0.002325,67.027665,8.736640,3.038045,0.000000
16.207060,20.030905,42.014567,3583.011206,0.016874,67.056024,8.711808,3.029476,0.000000
16.227584,20.068470,42.015574,3578.303787,0.030750,67.084399,8.685462,3.020380,0.000000
16.248073,20.105992,42.017774,3573.606867,0.043924,67.112780,8.657700,3.010791,0.000000
16.268527,20.143479,42.021090,3568.921402,0.056366,67.141167,8.628627,3.000746,0.000000
16.288956,20.180914,42.025465,3564.248267,0.068038,67.169570,8.598348,2.990281,0.000000
16.309351,20.218315,42.030812,3559.588324,0.078931,67.197979,8.566971,2.979434,0.000000
16.329710,20.255672,42.037066,3554.942352,0.088994,67.226393,8.534604,2.968241,0.000000
16.350045,20.292995,42.044158,3550.311089,0.098220,67.254814,8.501356,2.956743,0.000000
16.370355,20.330275,42.052004,3545.695218,0.106587,67.283251,8.467339,2.944976,0.000000
16.390630,20.367511,42.060526,3541.095391,0.114078,67.311693,8.432662,2.932979,0.000000
16.410871,20.404712,42.069649,3536.512168,0.120671,67.340152,8.397436,2.920790,0.000000
16.431076,20.441870,42.079286,3531.946074,0.126348,67.368617,8.361770,2.908448,0.000000
16.451266,20.478985,42.089371,3527.397572,0.131119,67.397087,8.325773,2.895990,0.000000
16.471412,20.516065,42.099799,3522.867074,0.134953,67.425564,8.289550,2.883454,0.000000
16.491532,20.553102,42.110512,3518.354937,0.137851,67.454056,8.253209,2.870875,0.000000
16.511628,20.590104,42.121415,3513.861456,0.139822,67.482555,8.216851,2.858291,0.000000
16.531689,20.627063,42.132433,3509.386873,0.140847,67.511069,8.180579,2.845735,0.000000
16.551724,20.663987,42.143478,3504.931378,0.140935,67.539590,8.144491,2.833243,0.000000
16.571725,20.700868,42.154475,3500.495108,0.140086,67.568116,8.108683,2.820848,0.000000
16.591700,20.737714,42.165347,3496.078148,0.138319,67.596659,8.073250,2.808583,0.000000
16.611641,20.774517,42.175999,3491.680529,0.135624,67.625207,8.038281,2.796478,0.000000
16.631556,20.811285,42.186375,3487.302219,0.132010,67.653772,8.003864,2.784565,0.000000
16.651446,20.848019,42.196387,3482.943167,0.127507,67.682342,7.970083,2.772873,0.000000
16.671302,20.884709,42.205960,3478.603257,0.122114,67.710919,7.937019,2.761430,0.000000
16.691132,20.921365,42.215017,3474.282300,0.115851,67.739511,7.904751,2.750264,0.000000
16.710927,20.957977,42.223493,3469.980106,0.108735,67.768110,7.873352,2.739399,0.000000
16.730697,20.994555,42.231310,3465.696402,0.100788,67.796725,7.842894,2.728861,0.000000
16.750442,21.031098,42.238412,3461.430905,0.092027,67.825345,7.813443,2.718673,0.000000
16.770152,21.067606,42.244722,3457.183266,0.082472,67.853982,7.785065,2.708858,0.000000
16.789836,21.104071,42.250183,3452.953097,0.072151,67.882625,7.757819,2.699437,0.000000
16.809495,21.140502,42.254728,3448.739988,0.061094,67.911283,7.731763,2.690429,0.000000
16.829120,21.176897,42.258301,3444.543465,0.049330,67.939948,7.706952,2.681854,0.000000
16.848719,21.213259,42.260844,3440.363054,0.036877,67.968619,7.683435,2.673729,0.000000
16.868292,21.249585,42.262309,3436.198209,0.023764,67.997306,7.661260,2.666071,0.000000
16.887841,21.285868,42.262640,3432.048373,0.010031,68.026009,7.640471,2.658894,0.000000
16.907354,21.322117,42.261780,3427.912944,-0.004295,68.054718,7.621109,2.652214,0.000000
16.926842,21.358331,42.259699,3423.791303,-0.019184,68.083444,7.603211,2.646043,0.000000
16.946305,21.394510,42.256351,3419.682797,-0.034588,68.112175,7.586812,2.640394,0.000000
16.965732,21.430654,42.251697,3415.586742,-0.050488,68.140922,7.571943,2.635277,0.000000
16.985144,21.466764,42.245690,3411.502422,-0.066845,68.169676,7.558634,2.630702,0.000000
17.004521,21.502840,42.238311,3407.429102,-0.083621,68.198435,7.546909,2.626679,0.000000
17.023872,21.538871,42.229531,3403.366033,-0.100776,68.227221,7.536791,2.623215,0.000000
17.043199,21.574877,42.219302,3399.312437,-0.118273,68.256002,7.528301,2.620317,0.000000
17.062489,21.610840,42.207626,3395.267515,-0.136073,68.284810,7.521454,2.617991,0.000000
17.081765,21.646777,42.194473,3391.230434,-0.154147,68.313614,7.516265,2.616242,0.000000
17.101005,21.682670,42.179824,3387.200364,-0.172436,68.342444,7.512746,2.615074,0.000000
17.120219,21.718537,42.163681,3383.176463,-0.190921,68.371281,7.510904,2.614491,0.000000
17.139409,21.754362,42.146003,3379.157835,-0.209545,68.400123,7.510747,2.614493,0.000000
17.158563,21.790160,42.126812,3375.143619,-0.228279,68.428981,7.512278,2.615083,0.000000
17.177701,21.825914,42.106096,3371.132919,-0.247082,68.457845,7.515497,2.616261,0.000000
17.196804,21.861634,42.083848,3367.124809,-0.265908,68.486726,7.520402,2.618026,0.000000
17.215882,21.897329,42.060086,3363.118394,-0.284718,68.515613,7.526988,2.620376,0.000000
17.234934,21.932979,42.034810,3359.112738,-0.303472,68.544516,7.535248,2.623309,0.000000
17.253960,21.968596,42.008020,3355.106915,-0.322133,68.573424,7.545172,2.626821,0.000000
17.272961,22.004186,41.979746,3351.099988,-0.340650,68.602350,7.556748,2.630909,0.000000
17.291937,22.039733,41.949996,3347.091020,-0.358996,68.631281,7.569959,2.635566,0.000000
17.310877,22.075245,41.918790,3343.079063,-0.377123,68.660228,7.584788,2.640787,0.000000
17.329802,22.110731,41.886157,3339.063171,-0.394999,68.689181,7.601213,2.646564,0.000000
17.348691,22.146174,41.852115,3335.042406,-0.412569,68.718151,7.619211,2.652888,0.000000
17.367554,22.181582,41.816694,3331.015843,-0.429812,68.747127,7.638755,2.659751,0.000000
17.386392,22.216956,41.779941,3326.982522,-0.446679,68.776118,7.659815,2.667143,0.000000
17.405205,22.252295,41.741875,3322.941540,-0.463142,68.805106,7.682360,2.675052,0.000000
17.423982,22.287599,41.702544,3318.891970,-0.479151,68.834120,7.706353,2.683465,0.000000
17.442743,22.322869,41.661987,3314.832895,-0.494679,68.863130,7.731757,2.692370,0.000000
17.461469,22.358104,41.620241,3310.763421,-0.509694,68.892156,7.758529,2.701752,0.000000
17.480179,22.393295,41.577363,3306.682664,-0.524150,68.921199,7.786627,2.711596,0.000000
17.498853,22.428461,41.533402,3302.589750,-0.538026,68.950237,7.816001,2.721885,0.000000
17.517502,22.463584,41.488405,3298.483847,-0.551284,68.979291,7.846602,2.732602,0.000000
17.536115,22.498671,41.442420,3294.364091,-0.563884,69.008362,7.878376,2.743727,0.000000
17.554713,22.533724,41.395513,3290.229705,-0.575817,69.037429,7.911266,2.755242,0.000000
17.573274,22.568743,41.347743,3286.079877,-0.587034,69.066511,7.945213,2.767125,0.000000
17.591821,22.603727,41.299165,3281.913859,-0.597516,69.095610,7.980153,2.779355,0.000000
17.610331,22.638667,41.249846,3277.730916,-0.607242,69.124705,8.016020,2.791908,0.000000
17.628816,22.673573,41.199855,3273.530340,-0.616184,69.153816,8.052745,2.804761,0.000000
17.647265,22.708444,41.149237,3269.311469,-0.624322,69.182923,8.090257,2.817888,0.000000
17.665698,22.743272,41.098088,3265.073650,-0.631637,69.212046,8.128480,2.831264,0.000000
17.684096,22.778065,41.046457,3260.816303,-0.638098,69.241175,8.167336,2.844860,0.000000
17.702468,22.812824,40.994409,3256.538851,-0.643707,69.270320,8.206746,2.858650,0.000000
17.720814,22.847539,40.942040,3252.240775,-0.648434,69.299461,8.246626,2.872605,0.000000
17.739124,22.882219,40.889398,3247.921604,-0.652268,69.328619,8.286891,2.886694,0.000000
17.757419,22.916857,40.836559,3243.580883,-0.655200,69.357772,8.327452,2.900887,0.000000
17.775678,22.951459,40.783607,3239.218234,-0.657230,69.386941,8.368220,2.915153,0.000000
17.793911,22.986027,40.730602,3234.833309,-0.658337,69.416106,8.409103,2.929459,0.000000
17.812118,23.020543,40.677628,3230.425823,-0.658523,69.445287,8.450008,2.943774,0.000000
17.830289,23.055033,40.624751,3225.995513,-0.657796,69.474475,8.490839,2.958063,0.000000
17.848435,23.089471,40.572049,3221.542211,-0.656146,69.503658,8.531500,2.972294,0.000000
17.866555,23.123874,40.519587,3217.065778,-0.653574,69.532857,8.571894,2.986433,0.000000
17.884639,23.158243,40.467452,3212.566111,-0.650088,69.562052,8.611923,3.000445,0.000000
17.902697,23.192560,40.415691,3208.043197,-0.645708,69.591253,8.651490,3.014297,0.000000
17.920729,23.226842,40.364389,3203.497058,-0.640425,69.620470,8.690496,3.027954,0.000000
17.938735,23.261080,40.313613,3198.927789,-0.634266,69.649683,8.728843,3.041382,0.000000
17.956705,23.295284,40.263421,3194.335525,-0.627241,69.678902,8.766435,3.054547,0.000000
17.974650,23.329436,40.213887,3189.720466,-0.619371,69.708116,8.803176,3.067416,0.000000
17.992568,23.363554,40.165080,3185.082866,-0.610673,69.737347,8.838971,3.079957,0.000000
18.010451,23.397628,40.117056,3180.423049,-0.601177,69.766574,8.873729,3.092136,0.000000
18.028308,23.431658,40.069862,3175.741385,-0.590903,69.795806,8.907359,3.103924,0.000000
18.046128,23.465637,40.023574,3171.038293,-0.579868,69.825045,8.939774,3.115288,0.000000
18.063923,23.499581,39.978231,3166.314259,-0.568123,69.854279,8.970890,3.126200,0.000000
18.081692,23.533482,39.933900,3161.569829,-0.555686,69.883519,9.000625,3.136631,0.000000
18.099424,23.567339,39.890617,3156.805571,-0.542605,69.912764,9.028904,3.146555,0.000000
18.117131,23.601153,39.848430,3152.022138,-0.528900,69.942006,9.055653,3.155947,0.000000
18.134812,23.634924,39.807388,3147.220225,-0.514620,69.971253,9.080805,3.164782,0.000000
18.152457,23.668643,39.767528,3142.400547,-0.499802,70.000497,9.104295,3.173039,0.000000
18.170075,23.702327,39.728878,3137.563904,-0.484496,70.029756,9.126067,3.180697,0.000000
18.187658,23.735959,39.691477,3132.711117,-0.468741,70.059001,9.146068,3.187738,0.000000
18.205214,23.769548,39.655353,3127.843038,-0.452575,70.088251,9.164251,3.194146,0.000000
18.222735,23.803093,39.620533,3122.960574,-0.436046,70.117508,9.180576,3.199907,0.000000
18.240229,23.836595,39.587039,3118.064649,-0.419213,70.146770,9.195009,3.205008,0.000000
18.257697,23.870045,39.554887,3113.156232,-0.402116,70.176018,9.207522,3.209440,0.000000
18.275130,23.903452,39.524088,3108.236325,-0.384811,70.205282,9.218093,3.213196,0.000000
18.292536,23.936816,39.494651,3103.305925,-0.367339,70.234531,9.226708,3.216270,0.000000
18.309906,23.970136,39.466585,3098.366065,-0.349756,70.263796,9.233359,3.218660,0.000000
18.327249,24.003404,39.439900,3093.417820,-0.332123,70.293047,9.238045,3.220364,0.000000
18.344557,24.036629,39.414577,3088.462230,-0.314477,70.322303,9.240771,3.221386,0.000000
18.361838,24.069810,39.390615,3083.500380,-0.296877,70.351566,9.241551,3.221729,0.000000
18.379093,24.102940,39.368015,3078.533355,-0.279372,70.380824,9.240402,3.221399,0.000000
18.396312,24.136026,39.346747,3073.562228,-0.262019,70.410077,9.237350,3.220406,0.000000
18.413505,24.169060,39.326813,3068.588094,-0.244859,70.439337,9.232427,3.218761,0.000000
18.430662,24.202051,39.308173,3063.612017,-0.227950,70.468592,9.225670,3.216477,0.000000
18.447782,24.234998,39.290817,3058.635070,-0.211339,70.497853,9.217124,3.213568,0.000000
18.464886,24.267894,39.274709,3053.658306,-0.195067,70.527109,9.206838,3.210053,0.000000
18.481954,24.300746,39.259819,3048.682767,-0.179192,70.556361,9.194867,3.205950,0.000000
18.498986,24.333546,39.246118,3043.709476,-0.163752,70.585619,9.181270,3.201280,0.000000
18.515991,24.366303,39.233550,3038.739431,-0.148797,70.614872,9.166112,3.196066,0.000000
18.532970,24.399016,39.222095,3033.773612,-0.134366,70.644131,9.149463,3.190331,0.000000
18.549912,24.431677,39.211696,3028.812967,-0.120497,70.673386,9.131395,3.184101,0.000000
18.566829,24.464296,39.202315,3023.858421,-0.107240,70.702636,9.111985,3.177403,0.000000
18.583709,24.496862,39.193895,3018.910851,-0.094614,70.731892,9.091313,3.170265,0.000000
18.600562,24.529384,39.186379,3013.971107,-0.082668,70.761144,9.069463,3.162716,0.000000
18.617390,24.561864,39.179738,3009.040011,-0.071431,70.790391,9.046521,3.154785,0.000000
18.634180,24.594291,39.173887,3004.118333,-0.060943,70.819644,9.022573,3.146503,0.000000
18.650945,24.626676,39.168786,2999.206819,-0.051214,70.848903,8.997709,3.137902,0.000000
18.667673,24.659016,39.164371,2994.306154,-0.042282,70.878147,8.972022,3.129013,0.000000
18.684375,24.691305,39.160583,2989.416991,-0.034177,70.907396,8.945602,3.119868,0.000000
18.701050,24.723542,39.157357,2984.539941,-0.026899,70.936652,8.918543,3.110500,0.000000
18.717699,24.755744,39.154625,2979.675562,-0.020488,70.965903,8.890938,3.100941,0.000000
18.734311,24.787894,39.152330,2974.824360,-0.014953,70.995150,8.862879,3.091223,0.000000
18.750887,24.820001,39.150406,2969.986819,-0.010304,71.024402,8.834461,3.081380,0.000000
18.767446,24.852064,39.148777,2965.163338,-0.006551,71.053650,8.805774,3.071442,0.000000
18.783969,24.884076,39.147396,2960.354309,-0.003715,71.082904,8.776912,3.061443,0.000000
18.800466,24.916044,39.146185,2955.560047,-0.001794,71.112153,8.747963,3.051413,0.000000
18.816936,24.947969,39.145079,2950.780836,-0.000790,71.141397,8.719017,3.041383,0.000000
18.833369,24.979842,39.144011,2946.016898,-0.000702,71.170648,8.690161,3.031385,0.000000
18.849776,25.011680,39.142914,2941.268423,-0.001541,71.199904,8.661480,3.021447,0.000000
18.866156,25.043466,39.141722,2936.535536,-0.003287,71.229156,8.633058,3.011600,0.000000
18.882510,25.075209,39.140388,2931.818323,-0.005950,71.258403,8.604976,3.001870,0.000000
18.898827,25.106899,39.138816,2927.116847,-0.009511,71.287656,8.577313,2.992286,0.000000
18.915118,25.138555,39.136969,2922.431086,-0.013970,71.316904,8.550146,2.982875,0.000000
18.931392,25.170168,39.134779,2917.761000,-0.019308,71.346159,8.523547,2.973661,0.000000
18.947619,25.201729,39.132181,2913.106503,-0.025515,71.375419,8.497588,2.964670,0.000000
18.963830,25.233246,39.129117,2908.467459,-0.032562,71.404674,8.472337,2.955927,0.000000
18.980004,25.264729,39.125531,2903.843690,-0.040439,71.433925,8.447860,2.947452,0.000000
18.996161,25.296160,39.121375,2899.234974,-0.049128,71.463182,8.424219,2.939269,0.000000
19.012282,25.327548,39.116582,2894.641070,-0.058609,71.492444,8.401473,2.931398,0.000000
19.028376,25.358892,39.111105,2890.061671,-0.068852,71.521702,8.379679,2.923859,0.000000
19.044444,25.390192,39.104887,2885.496464,-0.079829,71.550966,8.358890,2.916670,0.000000
19.060485,25.421450,39.097900,2880.945067,-0.091511,71.580226,8.339156,2.909849,0.000000
19.076499,25.452664,39.090077,2876.407093,-0.103878,71.609480,8.320524,2.903412,0.000000
19.092476,25.483835,39.081380,2871.882089,-0.116900,71.638751,8.303039,2.897375,0.000000
19.108437,25.514962,39.071781,2867.369612,-0.130531,71.668017,8.286742,2.891752,0.000000
19.124361,25.546046,39.061222,2862.869146,-0.144758,71.697279,8.271669,2.886557,0.000000
19.140258,25.577096,39.049676,2858.380166,-0.159526,71.726547,8.257857,2.881801,0.000000
19.156138,25.608093,39.037114,2853.902124,-0.174812,71.755820,8.245337,2.877495,0.000000
19.171982,25.639047,39.023498,2849.434440,-0.190580,71.785089,8.234137,2.873651,0.000000
19.187799,25.669967,39.008800,2844.976505,-0.206790,71.814363,8.224283,2.870276,0.000000
19.203589,25.700834,38.993001,2840.527686,-0.223393,71.843633,8.215798,2.867378,0.000000
19.219362,25.731667,38.976081,2836.087331,-0.240370,71.872909,8.208702,2.864965,0.000000
19.235099,25.762457,38.958003,2831.654766,-0.257671,71.902190,8.203011,2.863043,0.000000
19.250808,25.793203,38.938767,2827.229295,-0.275249,71.931467,8.198739,2.861615,0.000000
19.266491,25.823906,38.918345,2822.810215,-0.293074,71.960750,8.195896,2.860687,0.000000
19.282147,25.854565,38.896746,2818.396797,-0.311106,71.990028,8.194492,2.860261,0.000000
19.297776,25.885181,38.873942,2813.988285,-0.329288,72.019312,8.194530,2.860338,0.000000
19.313379,25.915763,38.849932,2809.583930,-0.347590,72.048601,8.196013,2.860919,0.000000
19.328954,25.946301,38.824727,2805.182974,-0.365973,72.077886,8.198940,2.862004,0.000000
19.344503,25.976787,38.798308,2800.784617,-0.384378,72.107177,8.203308,2.863593,0.000000
19.360034,26.007238,38.770693,2796.388080,-0.402776,72.136463,8.209109,2.865682,0.000000
19.375529,26.037646,38.741883,2791.992573,-0.421119,72.165755,8.216336,2.868268,0.000000
19.390997,26.068020,38.711887,2787.597275,-0.439376,72.195043,8.224975,2.871348,0.000000
19.406438,26.098341,38.680715,2783.201396,-0.457479,72.224336,8.235011,2.874916,0.000000
19.421852,26.128619,38.648387,2778.804124,-0.475419,72.253624,8.246428,2.878966,0.000000
19.437249,26.158863,38.614910,2774.404650,-0.493126,72.282918,8.259203,2.883490,0.000000
19.452609,26.189063,38.580325,2770.002152,-0.510573,72.312218,8.273314,2.888481,0.000000
19.467942,26.219220,38.544630,2765.595839,-0.527718,72.341514,8.288735,2.893930,0.000000
19.483258,26.249333,38.507874,2761.184891,-0.544524,72.370815,8.305435,2.899825,0.000000
19.498537,26.279403,38.470065,2756.768518,-0.560951,72.400111,8.323384,2.906157,0.000000
19.513799,26.309430,38.431242,2752.345939,-0.576950,72.429403,8.342546,2.912912,0.000000
19.529024,26.339414,38.391444,2747.916367,-0.592491,72.458700,8.362885,2.920079,0.000000
19.544232,26.369363,38.350698,2743.479030,-0.607546,72.488003,8.384358,2.927642,0.000000
19.559413,26.399259,38.309042,2739.033172,-0.622064,72.517302,8.406925,2.935588,0.000000
19.574557,26.429121,38.266516,2734.578066,-0.636027,72.546596,8.430538,2.943899,0.000000
19.589684,26.458932,38.223165,2730.112963,-0.649385,72.575895,8.455150,2.952559,0.000000
19.604784,26.488707,38.179038,2725.637169,-0.662119,72.605190,8.480708,2.961550,0.000000
19.619847,26.518430,38.134164,2721.150010,-0.674199,72.634490,8.507160,2.970854,0.000000
19.634892,26.548119,38.088599,2716.650800,-0.685585,72.663786,8.534449,2.980450,0.000000
19.649911,26.577756,38.042390,2712.138918,-0.696268,72.693077,8.562517,2.990319,0.000000
19.664903,26.607358,37.995596,2707.613744,-0.706199,72.722374,8.591301,3.000439,0.000000
19.679867,26.636908,37.948253,2703.074686,-0.715378,72.751666,8.620739,3.010787,0.000000
19.694804,26.666415,37.900429,2698.521198,-0.723765,72.780964,8.650765,3.021341,0.000000
19.709714,26.695887,37.852170,2693.952752,-0.731359,72.810246,8.681311,3.032077,0.000000
19.724597,26.725307,37.803525,2689.368843,-0.738123,72.839535,8.712307,3.042971,0.000000
19.739453,26.754684,37.754569,2684.769028,-0.744055,72.868818,8.743681,3.053998,0.000000
19.754281,26.784009,37.705341,2680.152885,-0.749135,72.898107,8.775361,3.065131,0.000000
19.769083,26.813299,37.655896,2675.520016,-0.753355,72.927391,8.807271,3.076346,0.000000
19.783857,26.842537,37.606302,2670.870081,-0.756703,72.956660,8.839336,3.087615,0.000000
19.798604,26.871731,37.556616,2666.202787,-0.759169,72.985946,8.871477,3.098911,0.000000
19.813324,26.900883,37.506885,2661.517859,-0.760764,73.015216,8.903616,3.110208,0.000000
19.828016,26.929982,37.457176,2656.815066,-0.761468,73.044481,8.935676,3.121476,0.000000
19.842682,26.959047,37.407535,2652.094248,-0.761300,73.073751,8.967575,3.132690,0.000000
19.857320,26.988051,37.358040,2647.355259,-0.760239,73.103007,8.999234,3.143820,0.000000
19.871920,27.017020,37.308727,2642.598024,-0.758316,73.132268,9.030574,3.154839,0.000000
19.886504,27.045938,37.259654,2637.822481,-0.755521,73.161524,9.061515,3.165719,0.000000
19.901060,27.074812,37.210877,2633.028649,-0.751872,73.190776,9.091978,3.176433,0.000000
19.915589,27.103634,37.162464,2628.216582,-0.747379,73.220022,9.121885,3.186953,0.000000
19.930090,27.132404,37.114442,2623.386363,-0.742063,73.249253,9.151160,3.197252,0.000000
19.944565,27.161139,37.066878,2618.538151,-0.735941,73.278490,9.179726,3.207305,0.000000
19.959002,27.189814,37.019819,2613.672134,-0.729034,73.307722,9.207510,3.217084,0.000000
19.973421,27.218454,36.973304,2608.788545,-0.721361,73.336949,9.234439,3.226566,0.000000
19.987803,27.247033,36.927388,2603.887656,-0.712942,73.366171,9.260446,3.235725,0.000000
20.002168,27.275569,36.882111,2598.969825,-0.703825,73.395377,9.285462,3.244539,0.000000
20.016496,27.304053,36.837509,2594.035401,-0.694020,73.424590,9.309423,3.252984,0.000000
20.030806,27.332493,36.793631,2589.084804,-0.683567,73.453786,9.332269,3.261040,0.000000
20.045078,27.360882,36.750513,2584.118497,-0.672493,73.482989,9.353943,3.268687,0.000000
20.059324,27.389227,36.708186,2579.136976,-0.660849,73.512176,9.374389,3.275906,0.000000
20.073541,27.417512,36.666676,2574.140776,-0.648664,73.541357,9.393560,3.282678,0.000000
20.087732,27.445753,36.626022,2569.130478,-0.635977,73.570524,9.411408,3.288989,0.000000
20.101895,27.473942,36.586252,2564.106692,-0.622836,73.599696,9.427892,3.294824,0.000000
20.116030,27.502088,36.547385,2559.070050,-0.609271,73.628852,9.442977,3.300170,0.000000
20.130128,27.530173,36.509431,2554.021235,-0.595341,73.658014,9.456628,3.305015,0.000000
20.144209,27.558215,36.472427,2548.960944,-0.581085,73.687150,9.468821,3.309351,0.000000
20.158262,27.586205,36.436383,2543.889914,-0.566542,73.716292,9.479531,3.313168,0.000000
20.172277,27.614143,36.401308,2538.808902,-0.551772,73.745428,9.488742,3.316462,0.000000
20.186265,27.642028,36.367202,2533.718667,-0.536822,73.774549,9.496442,3.319228,0.000000
20.200236,27.669862,36.334084,2528.620019,-0.521742,73.803655,9.502624,3.321463,0.000000
20.214168,27.697652,36.301954,2523.513771,-0.506572,73.832766,9.507286,3.323168,0.000000
20.228074,27.725382,36.270812,2518.400721,-0.491361,73.861861,9.510432,3.324342,0.000000
20.241952,27.753069,36.240648,2513.281734,-0.476176,73.890951,9.512071,3.324990,0.000000
20.255792,27.780703,36.211472,2508.157631,-0.461048,73.920036,9.512216,3.325115,0.000000
20.269614,27.808277,36.183255,2503.029255,-0.446036,73.949106,9.510886,3.324725,0.000000
20.283409,27.835807,36.155988,2497.897469,-0.431189,73.978170,9.508105,3.323827,0.000000
20.297167,27.863285,36.129670,2492.763117,-0.416555,74.007219,9.503900,3.322432,0.000000
20.310907,27.890712,36.104273,2487.627029,-0.402175,74.036263,9.498306,3.320552,0.000000
20.324609,27.918086,36.079778,2482.490060,-0.388107,74.065302,9.491360,3.318198,0.000000
20.338283,27.945408,36.056157,2477.353030,-0.374390,74.094335,9.483103,3.315386,0.000000
20.351940,27.972670,36.033390,2472.216751,-0.361064,74.123353,9.473581,3.312131,0.000000
20.365559,27.999888,36.011449,2467.082024,-0.348189,74.152366,9.462842,3.308451,0.000000
20.379151,28.027054,35.990306,2461.949637,-0.335783,74.181363,9.450941,3.304365,0.000000
20.392715,28.054168,35.969922,2456.820372,-0.323916,74.210355,9.437934,3.299891,0.000000
20.406251,28.081231,35.950259,2451.694944,-0.312598,74.239342,9.423879,3.295051,0.000000
20.419759,28.108241,35.931280,2446.574111,-0.301887,74.268313,9.408838,3.289866,0.000000
20.433230,28.135199,35.912956,2441.458538,-0.291804,74.297279,9.392875,3.284359,0.000000
20.446683,28.162105,35.895239,2436.348919,-0.282388,74.326240,9.376058,3.278552,0.000000
20.460108,28.188968,35.878092,2431.245876,-0.273669,74.355185,9.358454,3.272470,0.000000
20.473506,28.215770,35.861468,2426.150042,-0.265675,74.384125,9.340133,3.266137,0.000000
20.486866,28.242520,35.845317,2421.061984,-0.258438,74.413060,9.321166,3.259578,0.000000
20.500208,28.269218,35.829595,2415.982261,-0.251967,74.441979,9.301626,3.252818,0.000000
20.513522,28.295864,35.814261,2410.911370,-0.246301,74.470893,9.281585,3.245883,0.000000
20.526798,28.322467,35.799260,2405.849803,-0.241451,74.499791,9.261117,3.238798,0.000000
20.540057,28.349009,35.784554,2400.797995,-0.237436,74.528683,9.240295,3.231590,0.000000
20.553288,28.375499,35.770076,2395.756366,-0.234267,74.557571,9.219194,3.224282,0.000000
20.566481,28.401945,35.755788,2390.725263,-0.231953,74.586453,9.197885,3.216903,0.000000
20.579656,28.428340,35.741633,2385.705046,-0.230514,74.615320,9.176442,3.209475,0.000000
20.592803,28.454674,35.727574,2380.695977,-0.229951,74.644181,9.154937,3.202026,0.000000
20.605923,28.480965,35.713544,2375.698342,-0.230263,74.673038,9.133440,3.194580,0.000000
20.619015,28.507203,35.699505,2370.712340,-0.231461,74.701878,9.112023,3.187160,0.000000
20.632078,28.533398,35.685391,2365.738151,-0.233535,74.730713,9.090752,3.179792,0.000000
20.645114,28.559533,35.671173,2360.775922,-0.236495,74.759543,9.069696,3.172499,0.000000
20.658122,28.585615,35.656795,2355.825758,-0.240322,74.788357,9.048920,3.165303,0.000000
20.671102,28.611655,35.642210,2350.887714,-0.245015,74.817165,9.028487,3.158227,0.000000
20.684055,28.637642,35.627359,2345.961830,-0.250566,74.845969,9.008459,3.151292,0.000000
20.696989,28.663577,35.612207,2341.048086,-0.256955,74.874767,8.988895,3.144520,0.000000
20.709885,28.689460,35.596704,2336.146450,-0.264181,74.903549,8.969854,3.137929,0.000000
20.722764,28.715300,35.580814,2331.256828,-0.272206,74.932326,8.951390,3.131541,0.000000
20.735614,28.741088,35.564480,2326.379115,-0.281039,74.961098,8.933556,3.125373,0.000000
20.748427,28.766823,35.547672,2321.513153,-0.290632,74.989864,8.916403,3.119442,0.000000
20.761232,28.792507,35.530354,2316.658762,-0.300975,75.018614,8.899979,3.113766,0.000000
20.773998,28.818147,35.512468,2311.815732,-0.312049,75.047370,8.884329,3.108361,0.000000
20.786737,28.843736,35.493996,2306.983800,-0.323813,75.076110,8.869495,3.103242,0.000000
20.799458,28.869272,35.474890,2302.162714,-0.336259,75.104834,8.855518,3.098422,0.000000
20.812150,28.894756,35.455132,2297.352146,-0.349338,75.133563,8.842436,3.093914,0.000000
20.824815,28.920197,35.434674,2292.551771,-0.363029,75.162276,8.830284,3.089732,0.000000
20.837452,28.945586,35.413497,2287.761219,-0.377303,75.190995,8.819092,3.085886,0.000000
20.850060,28.970932,35.391572,2282.980102,-0.392112,75.219698,8.808892,3.082386,0.000000
20.862651,28.996225,35.368873,2278.208018,-0.407435,75.248384,8.799709,3.079243,0.000000
20.875214,29.021467,35.345378,2273.444505,-0.423224,75.277076,8.791566,3.076463,0.000000
20.887748,29.046665,35.321062,2268.689120,-0.439449,75.305752,8.784487,3.074055,0.000000
20.900255,29.071811,35.295912,2263.941379,-0.456071,75.334422,8.778487,3.072026,0.000000
20.912733,29.096906,35.269903,2259.200775,-0.473050,75.363087,8.773584,3.070379,0.000000
20.925194,29.121956,35.243033,2254.466794,-0.490346,75.391747,8.769789,3.069121,0.000000
20.937626,29.146955,35.215274,2249.738887,-0.507922,75.420402,8.767113,3.068254,0.000000
20.950040,29.171911,35.186636,2245.016506,-0.525737,75.449040,8.765563,3.067781,0.000000
20.962416,29.196814,35.157100,2240.299082,-0.543731,75.477684,8.765144,3.067704,0.000000
20.974774,29.221665,35.126656,2235.586027,-0.561887,75.506311,8.765857,3.068023,0.000000
20.987104,29.246473,35.095315,2230.876749,-0.580153,75.534933,8.767702,3.068738,0.000000
20.999416,29.271230,35.063066,2226.170648,-0.598472,75.563539,8.770674,3.069848,0.000000
21.011689,29.295942,35.029910,2221.467103,-0.616832,75.592150,8.774768,3.071350,0.000000
21.023955,29.320603,34.995856,2216.765493,-0.635156,75.620746,8.779975,3.073243,0.000000
21.036182,29.345212,34.960913,2212.065195,-0.653433,75.649335,8.786283,3.075520,0.000000
21.048381,29.369777,34.925093,2207.365577,-0.671595,75.677920,8.793678,3.078179,0.000000
21.060562,29.394290,34.888393,2202.665998,-0.689621,75.706499,8.802143,3.081212,0.000000
21.072725,29.418760,34.850834,2197.965824,-0.707453,75.735061,8.811659,3.084613,0.000000
21.084849,29.443178,34.812425,2193.264425,-0.725050,75.763618,8.822203,3.088374,0.000000
21.096956,29.467552,34.773194,2188.561156,-0.742384,75.792170,8.833753,3.092487,0.000000
21.109034,29.491875,34.733161,2183.855386,-0.759414,75.820717,8.846280,3.096943,0.000000
21.121094,29.516146,34.692335,2179.146493,-0.776091,75.849247,8.859756,3.101731,0.000000
21.133126,29.540364,34.650744,2174.433856,-0.792386,75.877771,8.874149,3.106841,0.000000
21.145129,29.564548,34.608416,2169.716863,-0.808259,75.906290,8.889425,3.112259,0.000000
21.157104,29.588671,34.565372,2164.994914,-0.823670,75.934804,8.905547,3.117975,0.000000
21.169061,29.612751,34.521649,2160.267409,-0.838590,75.963302,8.922478,3.123973,0.000000
21.180990,29.636779,34.477265,2155.533767,-0.852978,75.991804,8.940177,3.130241,0.000000
21.192901,29.660754,34.432268,2150.793441,-0.866816,76.020280,8.958600,3.136763,0.000000
21.204773,29.684687,34.386677,2146.045863,-0.880064,76.048761,8.977704,3.143524,0.000000
21.216637,29.708567,34.340531,2141.290504,-0.892691,76.077225,8.997442,3.150506,0.000000
21.228462,29.732404,34.293856,2136.526870,-0.904678,76.105684,9.017765,3.157694,0.000000
21.240269,29.756180,34.246702,2131.754444,-0.915996,76.134127,9.038623,3.165070,0.000000
21.252048,29.779913,34.199105,2126.972763,-0.926623,76.162564,9.059964,3.172615,0.000000
21.263799,29.803603,34.151094,2122.181395,-0.936541,76.190996,9.081735,3.180311,0.000000
21.275531,29.827232,34.102726,2117.379896,-0.945719,76.219411,9.103882,3.188139,0.000000
21.287235,29.850817,34.054020,2112.567878,-0.954148,76.247821,9.126347,3.196079,0.000000
21.298921,29.874351,34.005024,2107.744971,-0.961807,76.276215,9.149075,3.204112,0.000000
21.310568,29.897832,33.955774,2102.910837,-0.968697,76.304602,9.172007,3.212216,0.000000
21.322196,29.921262,33.906328,2098.065162,-0.974787,76.332974,9.195085,3.220371,0.000000
21.333807,29.944648,33.856714,2093.207649,-0.980088,76.361340,9.218248,3.228557,0.000000
21.345379,29.967973,33.806971,2088.338066,-0.984578,76.389700,9.241437,3.236752,0.000000
21.356942,29.991256,33.757154,2083.456193,-0.988259,76.418044,9.264591,3.244936,0.000000
21.368467,30.014486,33.707292,2078.561839,-0.991140,76.446382,9.287650,3.253086,0.000000
21.379974,30.037664,33.657424,2073.654846,-0.993210,76.474693,9.310554,3.261183,0.000000
21.391452,30.060790,33.607605,2068.735110,-0.994470,76.503009,9.333242,3.269205,0.000000
21.402902,30.083864,33.557865,2063.802533,-0.994939,76.531309,9.355656,3.277130,0.000000
21.414323,30.106886,33.508241,2058.857076,-0.994618,76.559592,9.377735,3.284939,0.000000
21.425726,30.129864,33.458771,2053.898736,-0.993515,76.587870,9.399422,3.292611,0.000000
21.437111,30.152782,33.409502,2048.927525,-0.991650,76.616131,9.420661,3.300126,0.000000
21.448456,30.175648,33.360472,2043.943496,-0.989033,76.644375,9.441394,3.307464,0.000000
21.459784,30.198462,33.311699,2038.946753,-0.985684,76.672614,9.461568,3.314607,0.000000
21.471083,30.221224,33.263232,2033.937433,-0.981622,76.700837,9.481131,3.321536,0.000000
21.482363,30.243933,33.215108,2028.915673,-0.976877,76.729054,9.500032,3.328234,0.000000
21.493605,30.266591,33.167346,2023.881705,-0.971469,76.757243,9.518222,3.334682,0.000000
21.504828,30.289197,33.119984,2018.835740,-0.965426,76.785438,9.535654,3.340866,0.000000
21.516033,30.311751,33.073040,2013.778040,-0.958779,76.813605,9.552287,3.346770,0.000000
21.527199,30.334252,33.026562,2008.708911,-0.951557,76.841766,9.568077,3.352378,0.000000
21.538346,30.356693,32.980549,2003.628690,-0.943789,76.869900,9.582987,3.357679,0.000000
21.549465,30.379082,32.935050,1998.537715,-0.935526,76.898039,9.596982,3.362659,0.000000
21.560565,30.401419,32.890064,1993.436385,-0.926786,76.926151,9.610029,3.367308,0.000000
21.571637,30.423704,32.845628,1988.325111,-0.917620,76.954257,9.622099,3.371614,0.000000
21.582680,30.445937,32.801743,1983.204337,-0.908056,76.982335,9.633167,3.375569,0.000000
21.593695,30.468109,32.758438,1978.074524,-0.898144,77.010408,9.643210,3.379166,0.000000
21.604691,30.490229,32.715711,1972.936158,-0.887933,77.038475,9.652210,3.382397,0.000000
21.615658,30.512298,32.673591,1967.789756,-0.877444,77.066514,9.660151,3.385257,0.000000
21.626596,30.534314,32.632079,1962.635843,-0.866745,77.094548,9.667023,3.387742,0.000000
21.637516,30.556269,32.591174,1957.474958,-0.855877,77.122554,9.672817,3.389850,0.000000
21.648407,30.578172,32.550895,1952.307668,-0.844868,77.150554,9.677530,3.391580,0.000000
21.659270,30.600024,32.511233,1947.134555,-0.833788,77.178537,9.681161,3.392930,0.000000
21.670104,30.621814,32.472187,1941.956196,-0.822667,77.206504,9.683714,3.393902,0.000000
21.680919,30.643553,32.433767,1936.773183,-0.811554,77.234454,9.685196,3.394499,0.000000
21.691705,30.665240,32.395954,1931.586147,-0.800499,77.262399,9.685617,3.394724,0.000000
21.702473,30.686874,32.358748,1926.395668,-0.789551,77.290315,9.684991,3.394582,0.000000
21.713202,30.708448,32.322140,1921.202377,-0.778750,77.318226,9.683337,3.394080,0.000000
21.723912,30.729961,32.286129,1916.006898,-0.768146,77.346120,9.680675,3.393225,0.000000
21.734593,30.751431,32.250687,1910.809830,-0.757788,77.373997,9.677030,3.392025,0.000000
21.745256,30.772831,32.215804,1905.611795,-0.747706,77.401858,9.672429,3.390490,0.000000
21.755890,30.794188,32.181462,1900.413394,-0.737959,77.429702,9.666901,3.388630,0.000000
21.766495,30.815485,32.147651,1895.215249,-0.728578,77.457529,9.660482,3.386457,0.000000
21.777082,30.836729,32.114352,1890.017938,-0.719611,77.485339,9.653205,3.383983,0.000000
21.787639,30.857912,32.081527,1884.822063,-0.711099,77.513132,9.645110,3.381223,0.000000
21.798168,30.879044,32.049168,1879.628183,-0.703072,77.540919,9.636237,3.378190,0.000000
21.808668,30.900124,32.017244,1874.436876,-0.695569,77.568679,9.626628,3.374899,0.000000
21.819149,30.921142,31.985729,1869.248670,-0.688630,77.596433,9.616329,3.371365,0.000000
21.829601,30.942109,31.954602,1864.064113,-0.682285,77.624169,9.605386,3.367606,0.000000
21.840035,30.963024,31.923827,1858.883710,-0.676574,77.651878,9.593847,3.363637,0.000000
21.850440,30.983878,31.893374,1853.707958,-0.671507,77.679581,9.581761,3.359477,0.000000
21.860815,31.004680,31.863207,1848.537329,-0.667133,77.707268,9.569178,3.355142,0.000000
21.871172,31.025421,31.833315,1843.372279,-0.663462,77.734937,9.556150,3.350651,0.000000
21.881500,31.046111,31.803642,1838.213237,-0.660526,77.762600,9.542729,3.346022,0.000000
21.891799,31.066748,31.774169,1833.060606,-0.658332,77.790236,9.528968,3.341273,0.000000
21.902080,31.087325,31.744859,1827.914765,-0.656923,77.817854,9.514919,3.336424,0.000000
21.912331,31.107849,31.715672,1822.776092,-0.656286,77.845467,9.500636,3.331492,0.000000
21.922564,31.128313,31.686591,1817.644905,-0.656454,77.873062,9.486172,3.326496,0.000000
21.932767,31.148733,31.657558,1812.521498,-0.657445,77.900630,9.471580,3.321455,0.000000
21.942942,31.169093,31.628546,1807.406178,-0.659240,77.928191,9.456912,3.316388,0.000000
21.953097,31.189392,31.599526,1802.299175,-0.661869,77.955747,9.442221,3.311312,0.000000
21.963224,31.209648,31.570461,1797.200723,-0.665333,77.983274,9.427558,3.306246,0.000000
21.973332,31.229843,31.541321,1792.111010,-0.669630,78.010785,9.412974,3.301207,0.000000
21.983411,31.249977,31.512060,1787.030205,-0.674762,78.038289,9.398518,3.296213,0.000000
21.993461,31.270068,31.482649,1781.958468,-0.680719,78.065777,9.384238,3.291280,0.000000
22.003492,31.290098,31.453051,1776.895881,-0.687501,78.093236,9.370182,3.286426,0.000000
22.013504,31.310077,31.423246,1771.842552,-0.695098,78.120689,9.356397,3.281666,0.000000
22.023487,31.329994,31.393188,1766.798521,-0.703500,78.148136,9.342925,3.277016,0.000000
22.033441,31.349868,31.362848,1761.763831,-0.712699,78.175556,9.329810,3.272492,0.000000
22.043376,31.369682,31.332198,1756.738482,-0.722683,78.202969,9.317094,3.268106,0.000000
22.053282,31.389443,31.301210,1751.722443,-0.733423,78.230365,9.304816,3.263875,0.000000
22.063169,31.409152,31.269855,1746.715661,-0.744920,78.257743,9.293012,3.259809,0.000000
22.073037,31.428801,31.238095,1741.718063,-0.757134,78.285105,9.281721,3.255923,0.000000
22.082866,31.448398,31.205912,1736.729543,-0.770044,78.312450,9.270974,3.252228,0.000000
22.092686,31.467942,31.173287,1731.749975,-0.783643,78.339788,9.260803,3.248735,0.000000
22.102477,31.487435,31.140191,1726.779211,-0.797889,78.367109,9.251240,3.245455,0.000000
22.112239,31.506875,31.106587,1721.817072,-0.812763,78.394414,9.242310,3.242397,0.000000
22.121982,31.526264,31.072475,1716.863370,-0.828226,78.421700,9.234040,3.239570,0.000000
22.131706,31.545591,31.037826,1711.917860,-0.844268,78.448981,9.226453,3.236983,0.000000
22.141401,31.564867,31.002622,1706.980333,-0.860828,78.476245,9.219570,3.234642,0.000000
22.151066,31.584091,30.966835,1702.050505,-0.877898,78.503491,9.213409,3.232555,0.000000
22.160713,31.603262,30.930473,1697.128111,-0.895428,78.530720,9.207988,3.230728,0.000000
22.170341,31.622382,30.893499,1692.212836,-0.913388,78.557943,9.203320,3.229164,0.000000
22.179939,31.641450,30.855914,1687.304385,-0.931738,78.585138,9.199418,3.227870,0.000000
22.189518,31.660465,30.817707,1682.402399,-0.950449,78.612326,9.196292,3.226847,0.000000
22.199079,31.679420,30.778861,1677.506563,-0.969470,78.639508,9.193949,3.226099,0.000000
22.208610,31.698332,30.739384,1672.616497,-0.988773,78.666662,9.192394,3.225628,0.000000
22.218112,31.717182,30.699248,1667.731821,-1.008318,78.693810,9.191631,3.225434,0.000000
22.227605,31.735981,30.658463,1662.852167,-1.028054,78.720940,9.191660,3.225519,0.000000
22.237059,31.754728,30.617028,1657.977124,-1.047952,78.748053,9.192480,3.225881,0.000000
22.246503,31.773422,30.574944,1653.106291,-1.067963,78.775160,9.194087,3.226519,0.000000
22.255919,31.792065,30.532193,1648.239247,-1.088056,78.802249,9.196475,3.227432,0.000000
22.265315,31.810656,30.488801,1643.375571,-1.108182,78.829321,9.199636,3.228616,0.000000
22.274682,31.829194,30.444761,1638.514851,-1.128311,78.856376,9.203560,3.230067,0.000000
22.284030,31.847681,30.400081,1633.656633,-1.148393,78.883424,9.208236,3.231783,0.000000
22.293349,31.866107,30.354761,1628.800487,-1.168389,78.910456,9.213647,3.233757,0.000000
22.302659,31.884489,30.308812,1623.945980,-1.188258,78.937469,9.219780,3.235983,0.000000
22.311929,31.902811,30.262261,1619.092669,-1.207961,78.964466,9.226614,3.238457,0.000000
22.321191,31.921089,30.215098,1614.240111,-1.227468,78.991444,9.234129,3.241170,0.000000
22.330423,31.939307,30.167344,1609.387865,-1.246738,79.018417,9.242305,3.244114,0.000000
22.339636,31.957473,30.119017,1604.535518,-1.265733,79.045372,9.251116,3.247282,0.000000
22.348819,31.975595,30.070125,1599.682617,-1.284412,79.072310,9.260538,3.250664,0.000000
22.357983,31.993656,30.020689,1594.828742,-1.302755,79.099241,9.270542,3.254251,0.000000
22.367129,32.011666,29.970727,1589.973481,-1.320713,79.126144,9.281100,3.258032,0.000000
22.376244,32.029623,29.920268,1585.116412,-1.338255,79.153041,9.292182,3.261998,0.000000
22.385341,32.047520,29.869311,1580.257145,-1.355371,79.179919,9.303755,3.266136,0.000000
22.394419,32.065374,29.817894,1575.395280,-1.372002,79.206781,9.315786,3.270435,0.000000
22.403477,32.083175,29.766027,1570.530447,-1.388148,79.233625,9.328240,3.274883,0.000000
22.412506,32.100916,29.713738,1565.662268,-1.403757,79.260463,9.341083,3.279467,0.000000
22.421505,32.118613,29.661056,1560.790384,-1.418832,79.287283,9.354275,3.284175,0.000000
22.430496,32.136250,29.608008,1555.914478,-1.433331,79.314074,9.367781,3.288993,0.000000
22.439457,32.153834,29.554595,1551.034214,-1.447244,79.340859,9.381560,3.293907,0.000000
22.448398,32.171367,29.500874,1546.149285,-1.460551,79.367627,9.395573,3.298903,0.000000
22.457311,32.188847,29.446844,1541.259407,-1.473233,79.394388,9.409781,3.303968,0.000000
22.466204,32.206267,29.392552,1536.364306,-1.485278,79.421120,9.424142,3.309087,0.000000
22.475077,32.223643,29.338009,1531.463728,-1.496668,79.447835,9.438614,3.314245,0.000000
22.483922,32.240959,29.283242,1526.557464,-1.507402,79.474543,9.453157,3.319429,0.000000
22.492757,32.258231,29.228290,1521.645280,-1.517469,79.501234,9.467729,3.324622,0.000000
22.501552,32.275443,29.173170,1516.727009,-1.526870,79.527896,9.482287,3.329812,0.000000
22.510339,32.292594,29.117912,1511.802480,-1.535595,79.554552,9.496791,3.334982,0.000000
22.519096,32.309702,29.062543,1506.871548,-1.543643,79.581190,9.511198,3.340119,0.000000
22.527833,32.326748,29.007084,1501.934106,-1.551024,79.607810,9.525468,3.345208,0.000000
22.536552,32.343743,28.951560,1496.990049,-1.557729,79.634413,9.539561,3.350234,0.000000
22.545241,32.360686,28.896012,1492.039324,-1.563776,79.660987,9.553436,3.355185,0.000000
22.553910,32.377577,28.840438,1487.081868,-1.569176,79.687554,9.567054,3.360045,0.000000
22.562560,32.394407,28.784886,1482.117670,-1.573928,79.714104,9.580377,3.364803,0.000000
22.571181,32.411185,28.729365,1477.146730,-1.578053,79.740636,9.593369,3.369444,0.000000
22.579782,32.427911,28.673913,1472.169079,-1.581570,79.767150,9.605992,3.373955,0.000000
22.588363,32.444584,28.618529,1467.184771,-1.584499,79.793647,9.618213,3.378326,0.000000
22.596916,32.461198,28.563253,1462.193889,-1.586850,79.820126,9.629998,3.382544,0.000000
22.605448,32.477759,28.508102,1457.196529,-1.588643,79.846587,9.641317,3.386598,0.000000
22.613962,32.494268,28.453085,1452.192827,-1.589927,79.873020,9.652138,3.390478,0.000000
22.622446,32.510716,28.398232,1447.182909,-1.590702,79.899445,9.662434,3.394173,0.000000
22.630920,32.527113,28.343551,1442.166966,-1.591009,79.925853,9.672178,3.397675,0.000000
22.639365,32.543448,28.289062,1437.145197,-1.590876,79.952232,9.681347,3.400975,0.000000
22.647780,32.559740,28.234783,1432.117793,-1.590334,79.978594,9.689918,3.404065,0.000000
22.656176,32.575972,28.180724,1427.085016,-1.589413,80.004948,9.697872,3.406938,0.000000
22.664553,32.592143,28.126894,1422.047110,-1.588152,80.031274,9.705190,3.409588,0.000000
22.672910,32.608262,28.073302,1417.004347,-1.586592,80.057582,9.711857,3.412009,0.000000
22.681237,32.624328,28.019968,1411.957024,-1.584771,80.083872,9.717860,3.414198,0.000000
22.689545,32.640334,27.966881,1406.905467,-1.582711,80.110145,9.723187,3.416149,0.000000
22.697833,32.656288,27.914071,1401.849982,-1.580471,80.136399,9.727832,3.417860,0.000000
22.706102,32.672190,27.861527,1396.790916,-1.578091,80.162624,9.731787,3.419329,0.000000
22.714341,32.688031,27.809250,1391.728627,-1.575601,80.188843,9.735050,3.420555,0.000000
22.722561,32.703812,27.757259,1386.663486,-1.573040,80.215033,9.737618,3.421537,0.000000
22.730751,32.719549,27.705543,1381.595871,-1.570469,80.241205,9.739494,3.422275,0.000000
22.738932,32.735217,27.654104,1376.526172,-1.567917,80.267359,9.740681,3.422772,0.000000
22.747082,32.750841,27.602931,1371.454790,-1.565435,80.293495,9.741185,3.423029,0.000000
22.755204,32.766405,27.552043,1366.382126,-1.563053,80.319602,9.741014,3.423048,0.000000
22.763315,32.781908,27.501413,1361.308590,-1.560830,80.345702,9.740180,3.422835,0.000000
22.771397,32.797359,27.451040,1356.234615,-1.558796,80.371773,9.738695,3.422392,0.000000
22.779460,32.812758,27.400924,1351.160611,-1.557002,80.397826,9.736573,3.421726,0.000000
22.787503,32.828096,27.351046,1346.086991,-1.555477,80.423861,9.733832,3.420843,0.000000
22.795516,32.843373,27.301406,1341.014208,-1.554282,80.449878,9.730492,3.419748,0.000000
22.803510,32.858607,27.251995,1335.942661,-1.553437,80.475866,9.726571,3.418450,0.000000
22.811484,32.873772,27.202785,1330.872784,-1.552991,80.501847,9.722094,3.416956,0.000000
22.819438,32.888893,27.153784,1325.804997,-1.552985,80.527799,9.717085,3.415275,0.000000
22.827363,32.903945,27.104955,1320.739702,-1.553449,80.553733,9.711569,3.413416,0.000000
22.835268,32.918954,27.056299,1315.677331,-1.554422,80.579649,9.705573,3.411388,0.000000
22.843153,32.933901,27.007796,1310.618285,-1.555936,80.605547,9.699126,3.409201,0.000000
22.851008,32.948789,26.959427,1305.562953,-1.558030,80.631416,9.692258,3.406866,0.000000
22.858855,32.963624,26.911174,1300.511715,-1.560723,80.657277,9.684999,3.404394,0.000000
22.866671,32.978407,26.863027,1295.464972,-1.564048,80.683110,9.677382,3.401796,0.000000
22.874468,32.993129,26.814958,1290.423083,-1.568042,80.708924,9.669437,3.399082,0.000000
22.882245,33.007790,26.766938,1285.386395,-1.572728,80.734720,9.661199,3.396266,0.000000
22.889992,33.022409,26.718969,1280.355267,-1.578114,80.760498,9.652702,3.393358,0.000000
22.897719,33.036966,26.671020,1275.330025,-1.584241,80.786247,9.643978,3.390370,0.000000
22.905427,33.051463,26.623064,1270.310987,-1.591109,80.811989,9.635064,3.387315,0.000000
22.913115,33.065908,26.575083,1265.298457,-1.598759,80.837702,9.625992,3.384204,0.000000
22.920783,33.080292,26.527067,1260.292721,-1.607190,80.863396,9.616797,3.381051,0.000000
22.928422,33.094632,26.478977,1255.294053,-1.616413,80.889072,9.607514,3.377866,0.000000
22.936040,33.108904,26.430806,1250.302706,-1.626437,80.914730,9.598177,3.374662,0.000000
22.943650,33.123131,26.382524,1245.318933,-1.637294,80.940370,9.588820,3.371451,0.000000
22.951219,33.137299,26.334103,1240.342935,-1.648962,80.965991,9.579476,3.368244,0.000000
22.958778,33.151405,26.285543,1235.374932,-1.661453,80.991583,9.570178,3.365053,0.000000
22.966318,33.165468,26.236797,1230.415104,-1.674767,81.017168,9.560959,3.361890,0.000000
22.973828,33.179462,26.187866,1225.463632,-1.688913,81.042724,9.551848,3.358765,0.000000
22.981318,33.193412,26.138711,1220.520651,-1.703883,81.068272,9.542878,3.355689,0.000000
22.988789,33.207302,26.089333,1215.586299,-1.719665,81.093792,9.534077,3.352672,0.000000
22.996239,33.221139,26.039693,1210.660691,-1.736261,81.119292,9.525475,3.349726,0.000000
23.003670,33.234925,25.989774,1205.743935,-1.753660,81.144775,9.517099,3.346858,0.000000
23.011082,33.248649,25.939565,1200.836081,-1.771833,81.170239,9.508975,3.344079,0.000000
23.018463,33.262322,25.889048,1195.937216,-1.790789,81.195685,9.501128,3.341398,0.000000
23.025834,33.275934,25.838204,1191.047370,-1.810510,81.221112,9.493582,3.338822,0.000000
23.033176,33.289503,25.787005,1186.166575,-1.830964,81.246521,9.486361,3.336361,0.000000
23.040497,33.303011,25.735451,1181.294821,-1.852132,81.271912,9.479484,3.334020,0.000000
23.047810,33.316466,25.683522,1176.432119,-1.874015,81.297273,9.472971,3.331807,0.000000
23.055092,33.329862,25.631201,1171.578426,-1.896562,81.322627,9.466841,3.329729,0.000000
23.062354,33.343213,25.578478,1166.733700,-1.919764,81.347963,9.461111,3.327791,0.000000
23.069587,33.356504,25.525334,1161.897889,-1.943590,81.373280,9.455795,3.325999,0.000000
23.076809,33.369743,25.471769,1157.070909,-1.968021,81.398568,9.450906,3.324358,0.000000
23.084012,33.382922,25.417765,1152.252685,-1.993017,81.423848,9.446458,3.322871,0.000000
23.091195,33.396056,25.363301,1147.443102,-2.018557,81.449110,9.442459,3.321542,0.000000
23.098348,33.409131,25.308389,1142.642044,-2.044592,81.474343,9.438919,3.320374,0.000000
23.105492,33.422153,25.253019,1137.849374,-2.071112,81.499568,9.435845,3.319371,0.000000
23.112605,33.435123,25.197171,1133.064966,-2.098077,81.524774,9.433243,3.318533,0.000000
23.119709,33.448041,25.140846,1128.288650,-2.125437,81.549951,9.431115,3.317862,0.000000
23.126782,33.460898,25.084043,1123.520259,-2.153182,81.575121,9.429464,3.317359,0.000000
23.133836,33.473712,25.026755,1118.759635,-2.181262,81.600272,9.428290,3.317024,0.000000
23.140880,33.486465,24.968980,1114.006565,-2.209647,81.625404,9.427593,3.316856,0.000000
23.147894,33.499167,24.910718,1109.260883,-2.238296,81.650518,9.427370,3.316855,0.000000
23.154887,33.511816,24.851970,1104.522377,-2.267170,81.675614,9.427617,3.317020,0.000000
23.161872,33.524413,24.792726,1099.790825,-2.296239,81.700679,9.428327,3.317347,0.000000
23.168826,33.536958,24.733005,1095.066028,-2.325473,81.725738,9.429493,3.317835,0.000000
23.175760,33.549442,24.672789,1090.347764,-2.354831,81.750778,9.431107,3.318481,0.000000
23.182675,33.561883,24.612105,1085.635802,-2.384264,81.775799,9.433158,3.319281,0.000000
23.189579,33.574263,24.550944,1080.929919,-2.413761,81.800801,9.435635,3.320230,0.000000
23.196454,33.586600,24.489307,1076.229895,-2.443273,81.825785,9.438525,3.321325,0.000000
23.203308,33.598876,24.427212,1071.535476,-2.472758,81.850762,9.441813,3.322560,0.000000
23.210153,33.611100,24.364659,1066.846441,-2.502198,81.875709,9.445485,3.323930,0.000000
23.216968,33.623272,24.301657,1062.162570,-2.531552,81.900637,9.449522,3.325429,0.000000
23.223762,33.635392,24.238217,1057.483618,-2.560800,81.925546,9.453908,3.327050,0.000000
23.230547,33.647460,24.174337,1052.809355,-2.589901,81.950437,9.458623,3.328788,0.000000
0.054335,0.045063,53.311860,5791.273377,-0.515418,50.453160,3.673367,1.292804,0.000000
0.108672,0.090117,53.240105,5789.338065,-0.528545,50.461684,3.709371,1.305506,0.000000
0.163001,0.135153,53.166651,5787.385160,-0.541182,50.470263,3.746660,1.318661,0.000000
0.217322,0.180173,53.091572,5785.413797,-0.553289,50.478921,3.785225,1.332265,0.000000
0.271634,0.225183,53.014927,5783.423101,-0.564865,50.487647,3.825054,1.346315,0.000000
0.325948,0.270168,52.936789,5781.412227,-0.575891,50.496440,3.866134,1.360806,0.000000
0.380244,0.315153,52.857254,5779.380302,-0.586335,50.505300,3.908451,1.375733,0.000000
0.434541,0.360112,52.776396,5777.326469,-0.596189,50.514228,3.951985,1.391090,0.000000
0.488831,0.405062,52.694282,5775.249876,-0.605432,50.523213,3.996718,1.406869,0.000000
0.543112,0.449995,52.611016,5773.149688,-0.614043,50.532276,4.042627,1.423062,0.000000
0.597394,0.494911,52.526681,5771.025061,-0.622013,50.541407,4.089685,1.439661,0.000000
0.651659,0.539809,52.441363,5768.875173,-0.629311,50.550594,4.137864,1.456656,0.000000
0.705914,0.584699,52.355146,5766.699223,-0.635937,50.559860,4.187133,1.474034,0.000000
0.760162,0.629572,52.268134,5764.496397,-0.641860,50.569183,4.237455,1.491785,0.000000
0.814411,0.674427,52.180422,5762.265915,-0.647072,50.578573,4.288793,1.509894,0.000000
0.868641,0.719265,52.092112,5760.007029,-0.651550,50.588031,4.341103,1.528346,0.000000
0.922863,0.764094,52.003289,5757.718988,-0.655285,50.597557,4.394341,1.547125,0.000000
0.977077,0.808897,51.914066,5755.401087,-0.658267,50.607140,4.448454,1.566214,0.000000
1.031282,0.853692,51.824538,5753.052618,-0.660476,50.616801,4.503390,1.585593,0.000000
1.085479,0.898470,51.734826,5750.672917,-0.661901,50.626520,4.559090,1.605242,0.000000
1.139657,0.943230,51.645016,5748.261372,-0.662533,50.636306,4.615491,1.625139,0.000000
1.193847,0.987955,51.554702,5745.818330,-0.670110,50.610046,4.672889,1.645388,-26.866498
1.248060,1.032646,51.463490,5743.343917,-0.676975,50.583369,4.731596,1.666099,-26.868776
1.302275,1.077294,51.371456,5740.837205,-0.683097,50.556264,4.791572,1.687257,-26.871055
1.356524,1.121898,51.278702,5738.297288,-0.688465,50.528720,4.852773,1.708848,-26.873334
1.410786,1.166459,51.185342,5735.723267,-0.693071,50.500725,4.915148,1.730854,-26.875612
1.465070,1.210967,51.091469,5733.114279,-0.696882,50.472268,4.978643,1.753255,-26.877891
1.519377,1.255442,50.997207,5730.469499,-0.699900,50.443348,5.043200,1.776030,-26.880169
1.573697,1.299873,50.902639,5727.788095,-0.702113,50.413954,5.108753,1.799158,-26.882448
1.628040,1.344251,50.807897,5725.069317,-0.703492,50.384063,5.175233,1.822613,-26.884727
1.682395,1.388587,50.713085,5722.312416,-0.704026,50.353675,5.242565,1.846370,-26.887005
1.736774,1.432871,50.618316,5719.516706,-0.703715,50.322790,5.310670,1.870400,-26.889284
1.791175,1.477111,50.523692,5716.681534,-0.702549,50.291385,5.379460,1.894672,-26.891562
1.845589,1.521308,50.429356,5713.806307,-0.700507,50.259471,5.448846,1.919156,-26.893841
1.900026,1.565444,50.335391,5710.890477,-0.697600,50.227036,5.518730,1.943815,-26.896119
1.954476,1.609545,50.241939,5707.933527,-0.693797,50.194069,5.589009,1.968616,-26.898398
2.008959,1.653586,50.149111,5704.935045,-0.689108,50.160570,5.659575,1.993518,-26.900677
2.063444,1.697584,50.057013,5701.894641,-0.683532,50.126538,5.730316,2.018484,-26.902955
2.117962,1.741521,49.965775,5698.812018,-0.677070,50.091962,5.801112,2.043470,-26.905234
2.172494,1.785414,49.875509,5695.686923,-0.669701,50.056853,5.871841,2.068433,-26.907512
2.227048,1.829256,49.786339,5692.519187,-0.661445,50.021199,5.942373,2.093328,-26.909791
2.281615,1.873037,49.698376,5689.308725,-0.652302,49.985001,6.012575,2.118108,-26.912070
2.336204,1.916765,49.611734,5686.055526,-0.642282,49.948268,6.082311,2.142725,-26.914348
2.390807,1.960442,49.526534,5682.759642,-0.631384,49.911002,6.151439,2.167130,-26.916627
2.445432,2.004067,49.442880,5679.421231,-0.619609,49.873201,6.219815,2.191270,-26.918905
2.500081,2.047631,49.360893,5676.040524,-0.606986,49.834876,6.287291,2.215095,-26.921184
2.554742,2.091143,49.280678,5672.617848,-0.593525,49.796028,6.353718,2.238551,-26.923462
2.609426,2.134595,49.202347,5669.153614,-0.579237,49.756667,6.418945,2.261585,-26.925741
2.664133,2.177994,49.126002,5665.648327,-0.564130,49.716794,6.482819,2.284143,-26.928020
2.718853,2.221333,49.051747,5662.102589,-0.548236,49.676430,6.545186,2.306172,-26.930298
2.773585,2.264611,48.979677,5658.517083,-0.531574,49.635576,6.605895,2.327618,-26.932577
2.828340,2.307828,48.909893,5654.892591,-0.514174,49.594253,6.664793,2.348426,-26.934855
2.883119,2.350985,48.842490,5651.229987,-0.496046,49.552473,6.721729,2.368545,-26.937134
2.937910,2.394090,48.777553,5647.530252,-0.477230,49.510247,6.776558,2.387921,-26.939413
2.992724,2.437125,48.715175,5643.794439,-0.457747,49.467585,6.829134,2.406505,-26.941691
3.047550,2.480100,48.655421,5640.023688,-0.437646,49.424523,6.879318,2.424247,-26.943970
3.102390,2.523014,48.598376,5636.219243,-0.416937,49.381059,6.926975,2.441098,-26.946248
3.157252,2.565867,48.544115,5632.382431,-0.395681,49.337216,6.971975,2.457015,-26.948527
3.212137,2.608660,48.492704,5628.514646,-0.373898,49.293028,7.014196,2.471953,-26.950805
3.267035,2.651383,48.444198,5624.617373,-0.351628,49.248506,7.053523,2.485871,-26.953084
3.321946,2.694045,48.398663,5620.692173,-0.328921,49.203660,7.089849,2.498733,-26.955363
3.376879,2.736639,48.356137,5616.740671,-0.305817,49.158549,7.123076,2.510503,-26.957641
3.431826,2.779171,48.316665,5612.764554,-0.282358,49.113159,7.153115,2.521149,-26.959920
3.486795,2.821643,48.280296,5608.765582,-0.258582,49.067537,7.179887,2.530645,-26.962198
3.541777,2.864045,48.247057,5604.745558,-0.234551,49.021693,7.203324,2.538966,-26.964477
3.596771,2.906378,48.216966,5600.706340,-0.210294,48.975673,7.223369,2.546092,-26.966756
3.651789,2.948651,48.190051,5596.649826,-0.185873,48.929488,7.239977,2.552006,-26.969034
3.706819,2.990854,48.166331,5592.577944,-0.161337,48.883183,7.253113,2.556697,-26.971313
3.761861,3.032996,48.145796,5588.492657,-0.136726,48.836759,7.262756,2.560157,-26.973591
3.816927,3.075069,48.128465,5584.395969,-0.112093,48.790260,7.268895,2.562382,-26.975870
3.871995,3.117073,48.114329,5580.289863,-0.087495,48.743720,7.271534,2.563373,-26.978148
3.927086,3.159016,48.103357,5576.176352,-0.062965,48.697152,7.270686,2.563135,-26.980427
3.982190,3.200889,48.095552,5572.057462,-0.038563,48.650588,7.266378,2.561677,-26.982706
4.037316,3.242702,48.090883,5567.935187,-0.014339,48.604063,7.258648,2.559012,-26.984984
4.092445,3.284437,48.089313,5563.811530,0.009657,48.557600,7.247545,2.555159,-26.987263
4.147597,3.326120,48.090814,5559.688465,0.033384,48.511221,7.233130,2.550137,-26.989541
4.202761,3.367725,48.095330,5555.567962,0.056791,48.464961,7.215475,2.543973,-26.991820
4.257938,3.409269,48.102831,5551.451921,0.079839,48.418842,7.194660,2.536695,-26.994099
4.313127,3.450752,48.113242,5547.342230,0.102465,48.372887,7.170777,2.528334,-26.996377
4.368330,3.492166,48.126517,5543.240756,0.124651,48.327131,7.143926,2.518927,-26.998656
4.423544,3.533511,48.142579,5539.149261,0.146336,48.281595,7.114215,2.508510,-27.000934
4.478772,3.574795,48.161373,5535.069516,0.167488,48.236292,7.081759,2.497125,-27.003213
4.534011,3.616009,48.182814,5531.003200,0.188068,48.191256,7.046682,2.484816,-27.005492
4.589264,3.657163,48.206816,5526.951925,0.208035,48.146509,7.009111,2.471626,-27.007770
4.644529,3.698256,48.233305,5522.917253,0.227358,48.102064,6.969181,2.457604,-27.010049
4.699806,3.739280,48.262187,5518.900683,0.245997,48.057931,6.927030,2.442798,-27.012327
4.755096,3.780244,48.293367,5514.903638,0.263923,48.014157,6.882799,2.427258,-27.014606
4.810399,3.821146,48.326760,5510.927448,0.281113,47.970741,6.836634,2.411035,-27.016884
4.865714,3.861988,48.362255,5506.973400,0.297528,47.927706,6.788682,2.394181,-27.019163
4.921032,3.902760,48.399757,5503.042665,0.313157,47.885053,6.739091,2.376748,-27.021442
4.976372,3.943481,48.439152,5499.136371,0.327971,47.842816,6.688010,2.358789,-27.023720
5.031715,3.984132,48.480339,5495.255554,0.341938,47.800996,6.635588,2.340356,-27.025999
5.087070,4.024731,48.523212,5491.401172,0.355058,47.759603,6.581975,2.321502,-27.028277
5.142437,4.065260,48.567651,5487.574082,0.367301,47.718649,6.527317,2.302278,-27.030556
5.197817,4.105738,48.613533,5483.775094,0.378656,47.678158,6.471760,2.282737,-27.032835
5.253210,4.146155,48.660764,5480.004917,0.389103,47.638117,6.415447,2.262928,-27.035113
5.308605,4.186520,48.709222,5476.264194,0.398652,47.598540,6.358518,2.242901,-27.037392
5.364012,4.226816,48.758785,5472.553485,0.407273,47.559437,6.301111,2.222704,-27.039670
5.419432,4.267068,48.809330,5468.873275,0.414965,47.520809,6.243360,2.202385,-27.041949
5.474854,4.307259,48.860746,5465.223975,0.421738,47.482667,6.185393,2.181989,-27.044227
5.530288,4.347390,48.912909,5461.605925,0.427562,47.445001,6.127337,2.161560,-27.046506
5.585735,4.387469,48.965708,5458.019398,0.432466,47.407832,6.069313,2.141142,-27.048785
5.641195,4.427496,49.019020,5454.464595,0.436421,47.371139,6.011437,2.120775,-27.051063
5.696656,4.467471,49.072733,5450.941633,0.439456,47.334922,5.953821,2.100498,-27.053342
5.752130,4.507385,49.126724,5447.450606,0.441561,47.299193,5.896572,2.080350,-27.055620
5.807606,4.547256,49.180881,5443.991527,0.442736,47.263951,5.839791,2.060367,-27.057899
5.863106,4.587066,49.235082,5440.564331,0.443001,47.229186,5.783576,2.040582,-27.060178
5.918607,4.626833,49.289215,5437.168914,0.442365,47.194887,5.728018,2.021028,-27.062456
5.974110,4.666547,49.343176,5433.805128,0.440819,47.161064,5.673204,2.001736,-27.064735
6.029626,4.706210,49.396843,5430.472764,0.438393,47.127707,5.619217,1.982734,-27.067013
6.085154,4.745821,49.450113,5427.171557,0.435096,47.094806,5.566133,1.964050,-27.069292
6.140684,4.785388,49.502873,5423.901212,0.430938,47.062359,5.514025,1.945710,-27.071570
6.196227,4.824912,49.555031,5420.661361,0.425930,47.030344,5.462960,1.927737,-27.073849
6.251772,4.864376,49.606463,5417.451634,0.420092,46.998774,5.413003,1.910154,-27.076128
6.307329,4.903804,49.657085,5414.271579,0.413443,46.967636,5.364211,1.892982,-27.078406
6.362899,4.943181,49.706795,5411.120752,0.405993,46.936908,5.316640,1.876239,-27.080685
6.418471,4.982514,49.755489,5407.998638,0.397763,46.906591,5.270340,1.859944,-27.082963
6.474056,5.021796,49.803083,5404.904709,0.388772,46.876673,5.225359,1.844114,-27.085242
6.529642,5.061042,49.849474,5401.838385,0.379051,46.847142,5.181739,1.828763,-27.087521
6.585241,5.100237,49.894577,5398.799075,0.368600,46.817989,5.139520,1.813907,-27.089799
6.640852,5.139388,49.938318,5395.786168,0.357449,46.789212,5.098739,1.799557,-27.092078
6.696466,5.178505,49.980593,5392.798990,0.345618,46.760778,5.059430,1.785726,-27.094356
6.752081,5.217570,50.021337,5389.836897,0.333127,46.732698,5.021623,1.772424,-27.096635
6.807709,5.256600,50.060457,5386.899171,0.320006,46.704950,4.985345,1.759662,-27.098913
6.863349,5.295578,50.097895,5383.985097,0.306265,46.677511,4.950622,1.747447,-27.101192
6.918992,5.334521,50.133578,5381.093945,0.291946,46.650381,4.917478,1.735790,-27.103471
6.974647,5.373421,50.167420,5378.224947,0.277056,46.623549,4.885932,1.724696,-27.105749
7.030303,5.412286,50.199367,5375.377332,0.261618,46.597003,4.856005,1.714173,-27.108028
7.085973,5.451108,50.229361,5372.550320,0.245671,46.570710,4.827712,1.704226,-27.110306
7.141644,5.489887,50.257328,5369.743089,0.229225,46.544680,4.801069,1.694861,-27.112585
7.197328,5.528631,50.283231,5366.954815,0.212311,46.518892,4.776090,1.686084,-27.114864
7.253014,5.567340,50.306994,5364.184676,0.194948,46.493333,4.752787,1.677897,-27.117142
7.308712,5.605998,50.328580,5361.431807,0.177167,46.467981,4.731172,1.670306,-27.119421
7.364412,5.644629,50.347934,5358.695344,0.158989,46.442825,4.711254,1.663315,-27.121699
7.420125,5.683217,50.365027,5355.974420,0.140443,46.417865,4.693044,1.656925,-27.123978
7.475850,5.721770,50.379794,5353.268141,0.121560,46.393066,4.676548,1.651140,-27.126257
7.531577,5.760280,50.392226,5350.575619,0.102349,46.368428,4.661774,1.645964,-27.128535
7.587307,5.798756,50.402256,5347.895916,0.082842,46.343930,4.648730,1.641397,-27.130814
7.643048,5.837196,50.409887,5345.228146,0.063079,46.319558,4.637421,1.637444,-27.133092
7.698802,5.875602,50.415060,5342.571348,0.043070,46.295291,4.627852,1.634104,-27.135371
7.754558,5.913965,50.417768,5339.924596,0.022844,46.271128,4.620030,1.631381,-27.137649
7.810327,5.952293,50.417982,5337.286927,0.002434,46.247047,4.613958,1.629276,-27.139928
7.866097,5.990586,50.415692,5334.657394,-0.018142,46.223036,4.609642,1.627791,-27.142207
7.921880,6.028845,50.410873,5332.035016,-0.038853,46.199073,4.607085,1.626927,-27.144485
7.977665,6.067069,50.403522,5329.418810,-0.059678,46.175145,4.606291,1.626686,-27.146764
8.033463,6.105250,50.393622,5326.807785,-0.080588,46.151241,4.607264,1.627068,-27.149042
8.089262,6.143405,50.381164,5324.200951,-0.101551,46.127350,4.610006,1.628076,-27.151321
8.145074,6.181516,50.366157,5321.597293,-0.122548,46.103438,4.614522,1.629710,-27.153600
8.200887,6.219593,50.348601,5318.995799,-0.143537,46.079504,4.620814,1.631971,-27.155878
8.256714,6.257635,50.328497,5316.395435,-0.164520,46.055537,4.628885,1.634861,-27.158157
8.312552,6.295642,50.305845,5313.795167,-0.185444,46.031514,4.638736,1.638380,-27.160435
8.368393,6.333615,50.280673,5311.193951,-0.206291,46.007412,4.650371,1.642528,-27.162714
8.424235,6.371553,50.252981,5308.590742,-0.227028,45.983219,4.663791,1.647308,-27.164992
8.480090,6.409456,50.222788,5305.984464,-0.247648,45.958936,4.678997,1.652719,-27.167271
8.535958,6.447325,50.190114,5303.374072,-0.268107,45.934527,4.695991,1.658761,-27.169550
8.591827,6.485150,50.154995,5300.758459,-0.288377,45.909981,4.714772,1.665435,-27.171828
8.647709,6.522950,50.117442,5298.136569,-0.308436,45.885288,4.735341,1.672741,-27.174107
8.703593,6.560706,50.077492,5295.507305,-0.328255,45.860423,4.757696,1.680678,-27.176385
8.759489,6.598427,50.035183,5292.869549,-0.347812,45.835375,4.781837,1.689247,-27.178664
8.815398,6.636114,49.990543,5290.222223,-0.367078,45.810121,4.807761,1.698445,-27.180943
8.871308,6.673766,49.943619,5287.564211,-0.386022,45.784661,4.835464,1.708273,-27.183221
8.927221,6.711375,49.894449,5284.894381,-0.404623,45.758971,4.864942,1.718728,-27.185500
8.983146,6.748958,49.843089,5282.211638,-0.422851,45.733018,4.896189,1.729809,-27.187778
9.039083,6.786497,49.789576,5279.514852,-0.440666,45.706812,4.929199,1.741514,-27.190057
9.095022,6.823993,49.733978,5276.802883,-0.458066,45.680319,4.963963,1.753838,-27.192335
9.150974,6.861464,49.676330,5274.074613,-0.475012,45.653539,5.000470,1.766779,-27.194614
9.206928,6.898890,49.616709,5271.328923,-0.491473,45.626436,5.038709,1.780332,-27.196893
9.262894,6.936282,49.555171,5268.564674,-0.507428,45.599001,5.078665,1.794493,-27.199171
9.318872,6.973631,49.491781,5265.780746,-0.522857,45.571231,5.120323,1.809256,-27.201450
9.374853,7.010945,49.426605,5262.976010,-0.537719,45.543092,5.163663,1.824614,-27.203728
9.430835,7.048216,49.359718,5260.149349,-0.551995,45.514574,5.208665,1.840560,-27.206007
9.486819,7.085470,49.291786,5257.298460,-0.555896,45.531835,5.254838,1.856921,0.000000
9.542773,7.122714,49.223473,5254.421393,-0.559076,45.549168,5.301671,1.873516,0.000000
9.598707,7.159951,49.154864,5251.517587,-0.561515,45.566551,5.349101,1.890322,0.000000
9.654612,7.197170,49.086052,5248.586514,-0.563223,45.583994,5.397064,1.907318,0.000000
9.710496,7.234389,49.017132,5245.627690,-0.564178,45.601498,5.445491,1.924478,0.000000
9.766361,7.271599,48.948187,5242.640670,-0.564361,45.619052,5.494310,1.941778,0.000000
9.822185,7.308801,48.879311,5239.625032,-0.563792,45.636679,5.543448,1.959191,0.000000
9.878000,7.345994,48.810598,5236.580417,-0.562450,45.654354,5.592825,1.976690,0.000000
9.933774,7.383178,48.742142,5233.506497,-0.560325,45.672080,5.642362,1.994246,0.000000
9.989529,7.420354,48.674035,5230.402998,-0.557426,45.689878,5.691975,2.011830,0.000000
10.045253,7.457512,48.606363,5227.269677,-0.553754,45.707725,5.741577,2.029411,0.000000
10.100958,7.494671,48.539228,5224.106386,-0.549299,45.725622,5.791080,2.046957,0.000000
10.156632,7.531821,48.472724,5220.912966,-0.544060,45.743592,5.840391,2.064437,0.000000
10.212276,7.568954,48.406935,5217.689374,-0.538057,45.761600,5.889417,2.081817,0.000000
10.267889,7.606078,48.341955,5214.435568,-0.531290,45.779680,5.938062,2.099063,0.000000
10.323473,7.643202,48.277877,5211.151612,-0.523760,45.797811,5.986229,2.116141,0.000000
10.379036,7.680308,48.214785,5207.837609,-0.515475,45.815991,6.033820,2.133015,0.000000
10.434569,7.717398,48.152764,5204.493698,-0.506447,45.834232,6.080734,2.149652,0.000000
10.490061,7.754487,48.091917,5201.120109,-0.496684,45.852523,6.126870,2.166014,0.000000
10.545533,7.791560,48.032308,5197.717138,-0.486218,45.870875,6.172128,2.182067,0.000000
10.600975,7.828623,47.974032,5194.285122,-0.475048,45.889277,6.216407,2.197774,0.000000
10.656375,7.865678,47.917163,5190.824473,-0.463195,45.907740,6.259606,2.213100,0.000000
10.711756,7.902716,47.861786,5187.335654,-0.450668,45.926254,6.301625,2.228010,0.000000
10.767106,7.939745,47.807965,5183.819204,-0.437508,45.944817,6.342367,2.242469,0.000000
10.822415,7.976765,47.755786,5180.275723,-0.423726,45.963441,6.381733,2.256442,0.000000
10.877693,8.013777,47.705312,5176.705866,-0.409351,45.982116,6.419630,2.269896,0.000000
10.932941,8.050771,47.656601,5173.110349,-0.394393,46.000840,6.455965,2.282799,0.000000
10.988158,8.087749,47.609737,5169.489953,-0.378904,46.019626,6.490651,2.295119,0.000000
11.043345,8.124726,47.564756,5165.845523,-0.362894,46.038462,6.523600,2.306826,0.000000
11.098491,8.161677,47.521734,5162.177933,-0.346412,46.057348,6.554733,2.317891,0.000000
11.153606,8.198628,47.480707,5158.488155,-0.329470,46.076284,6.583973,2.328287,0.000000
11.208690,8.235562,47.441733,5154.777169,-0.312108,46.095281,6.611246,2.337989,0.000000
11.263733,8.272479,47.404856,5151.046031,-0.294367,46.114329,6.636487,2.346972,0.000000
11.318756,8.309387,47.370106,5147.295827,-0.276287,46.133427,6.659635,2.355215,0.000000
11.373726,8.346286,47.337529,5143.527719,-0.257888,46.152575,6.680633,2.362698,0.000000
11.428666,8.383168,47.307153,5139.742855,-0.239212,46.171773,6.699435,2.369405,0.000000
11.483576,8.420033,47.278996,5135.942470,-0.220309,46.191021,6.715996,2.375320,0.000000
11.538455,8.456889,47.253086,5132.127810,-0.201220,46.210331,6.730283,2.380430,0.000000
11.593292,8.493728,47.229443,5128.300162,-0.181965,46.229679,6.742266,2.384726,0.000000
11.648088,8.530558,47.208074,5124.460802,-0.162605,46.249089,6.751924,2.388200,0.000000
11.702853,8.567380,47.188980,5120.611081,-0.143171,46.268550,6.759244,2.390847,0.000000
11.757576,8.604176,47.172179,5116.752330,-0.123704,46.288061,6.764219,2.392665,0.000000
11.812269,8.640963,47.157653,5112.885908,-0.104254,46.307622,6.766850,2.393654,0.000000
11.866931,8.677741,47.145401,5109.013178,-0.084853,46.327233,6.767146,2.393816,0.000000
11.921541,8.714502,47.135413,5105.135500,-0.065540,46.346895,6.765122,2.393158,0.000000
11.976130,8.751254,47.127663,5101.254247,-0.046368,46.366607,6.760801,2.391688,0.000000
12.030668,8.787981,47.122139,5097.370780,-0.027376,46.386370,6.754214,2.389416,0.000000
12.085185,8.824707,47.118804,5093.486449,-0.008596,46.406195,6.745398,2.386354,0.000000
12.139649,8.861417,47.117631,5089.602616,0.009922,46.426058,6.734396,2.382520,0.000000
12.194083,8.898108,47.118590,5085.720580,0.028147,46.445972,6.721258,2.377930,0.000000
12.248486,8.934783,47.121636,5081.841659,0.046048,46.465936,6.706041,2.372604,0.000000
12.302847,8.971458,47.126729,5077.967140,0.063564,46.485962,6.688807,2.366564,0.000000
12.357167,9.008106,47.133815,5074.098270,0.080685,46.506028,6.669622,2.359833,0.000000
12.411456,9.044746,47.142837,5070.236262,0.097369,46.526155,6.648561,2.352438,0.000000
12.465702,9.081378,47.153747,5066.382319,0.113567,46.546322,6.625699,2.344406,0.000000
12.519908,9.117983,47.166490,5062.537581,0.129266,46.566550,6.601117,2.335765,0.000000
12.574082,9.154589,47.180991,5058.703167,0.144428,46.586818,6.574902,2.326545,0.000000
12.628225,9.191177,47.197193,5054.880143,0.159020,46.607148,6.547140,2.316778,0.000000
12.682326,9.227748,47.215021,5051.069533,0.173022,46.627528,6.517925,2.306496,0.000000
12.736385,9.264310,47.234410,5047.272318,0.186403,46.647948,6.487348,2.295731,0.000000
12.790414,9.300863,47.255267,5043.489427,0.199144,46.668430,6.455506,2.284519,0.000000
12.844400,9.337400,47.277534,5039.721737,0.211213,46.688963,6.422496,2.272892,0.000000
12.898356,9.373919,47.301119,5035.970091,0.222599,46.709546,6.388416,2.260886,0.000000
12.952280,9.410429,47.325946,5032.235251,0.233273,46.730180,6.353366,2.248537,0.000000
13.006163,9.446931,47.351931,5028.517944,0.243233,46.750865,6.317445,2.235878,0.000000
13.060003,9.483424,47.378990,5024.818856,0.252439,46.771601,6.280753,2.222946,0.000000
13.113812,9.519899,47.407029,5021.138591,0.260902,46.792399,6.243388,2.209775,0.000000
13.167591,9.556358,47.435965,5017.477716,0.268599,46.813236,6.205449,2.196401,0.000000
13.221327,9.592816,47.465702,5013.836751,0.275512,46.834136,6.167033,2.182857,0.000000
13.275032,9.629258,47.496159,5010.216148,0.281649,46.855075,6.128237,2.169177,0.000000
13.328695,9.665690,47.527249,5006.616300,0.286991,46.876077,6.089154,2.155396,0.000000
13.382326,9.702105,47.558861,5003.037574,0.291536,46.897130,6.049877,2.141545,0.000000
13.435927,9.738521,47.590920,4999.480268,0.295275,46.918234,6.010497,2.127657,0.000000
13.489485,9.774919,47.623333,4995.944624,0.298218,46.939400,5.971101,2.113762,0.000000
13.543012,9.811308,47.656005,4992.430832,0.300365,46.960606,5.931776,2.099893,0.000000
13.596508,9.847680,47.688844,4988.939062,0.301694,46.981874,5.892604,2.086076,0.000000
13.649973,9.884052,47.721766,4985.469398,0.302237,47.003194,5.853667,2.072343,0.000000
13.703395,9.920407,47.754676,4982.021893,0.301982,47.024564,5.815043,2.058719,0.000000
13.756786,9.956762,47.787482,4978.596569,0.300941,47.045986,5.776805,2.045231,0.000000
13.810146,9.993100,47.820099,4975.193372,0.299123,47.067470,5.739026,2.031905,0.000000
13.863474,10.029429,47.852433,4971.812241,0.296528,47.089006,5.701776,2.018766,0.000000
13.916760,10.065749,47.884411,4968.453038,0.293166,47.110593,5.665119,2.005836,0.000000
13.970025,10.102069,47.915947,4965.115604,0.289057,47.132242,5.629121,1.993139,0.000000
14.023248,10.138372,47.946940,4961.799751,0.284201,47.153932,5.593839,1.980695,0.000000
14.076440,10.174667,47.977333,4958.505225,0.278629,47.175684,5.559333,1.968525,0.000000
14.129600,10.210953,48.007024,4955.231752,0.272331,47.197499,5.525656,1.956647,0.000000
14.182729,10.247238,48.035946,4951.979036,0.265346,47.219353,5.492859,1.945081,0.000000
14.235826,10.283507,48.064026,4948.746719,0.257675,47.241271,5.460991,1.933844,0.000000
14.288892,10.319776,48.091179,4945.534443,0.249338,47.263252,5.430099,1.922951,0.000000
14.341926,10.356027,48.117349,4942.341785,0.240346,47.285272,5.400225,1.912419,0.000000
14.394929,10.392278,48.142443,4939.168335,0.230738,47.307356,5.371410,1.902261,0.000000
14.447900,10.428521,48.166424,4936.013595,0.220515,47.329502,5.343693,1.892491,0.000000
14.500840,10.464764,48.189198,4932.877113,0.209708,47.351689,5.317109,1.883122,0.000000
14.553759,10.500989,48.210719,4929.758339,0.198337,47.373950,5.291691,1.874166,0.000000
14.606635,10.537215,48.230921,4926.656757,0.186411,47.396251,5.267472,1.865634,0.000000
14.659480,10.573431,48.249739,4923.571797,0.173962,47.418615,5.244479,1.857536,0.000000
14.712293,10.609640,48.267136,4920.502869,0.161020,47.441031,5.222741,1.849881,0.000000
14.765086,10.645848,48.283046,4917.449370,0.147595,47.463510,5.202281,1.842680,0.000000
14.817835,10.682048,48.297433,4914.410678,0.133718,47.486040,5.183124,1.835939,0.000000
14.870564,10.718239,48.310230,4911.386128,0.119409,47.508634,5.165291,1.829667,0.000000
14.923262,10.754430,48.321411,4908.375066,0.104689,47.531279,5.148801,1.823870,0.000000
14.975927,10.790612,48.330919,4905.376816,0.089598,47.553977,5.133673,1.818556,0.000000
15.028572,10.826786,48.338726,4902.390672,0.074147,47.576737,5.119923,1.813730,0.000000
15.081174,10.862960,48.344795,4899.415905,0.058376,47.599549,5.107567,1.809397,0.000000
15.133756,10.899125,48.349099,4896.451798,0.042285,47.622425,5.096617,1.805562,0.000000
15.186305,10.935290,48.351590,4893.497601,0.025926,47.645352,5.087087,1.802230,0.000000
15.238823,10.971447,48.352259,4890.552554,0.009318,47.668343,5.078987,1.799404,0.000000
15.291309,11.007595,48.351079,4887.615877,-0.007517,47.691386,5.072327,1.797089,0.000000
15.343763,11.043743,48.348031,4884.686799,-0.024538,47.714480,5.067116,1.795286,0.000000
15.396196,11.079891,48.343086,4881.764506,-0.041747,47.737638,5.063361,1.794000,0.000000
15.448597,11.116031,48.336247,4878.848198,-0.059081,47.760848,5.061069,1.793231,0.000000
15.500967,11.152162,48.327483,4875.937050,-0.076540,47.784122,5.060243,1.792983,0.000000
15.553315,11.188293,48.316796,4873.030240,-0.094084,47.807459,5.060890,1.793256,0.000000
15.605632,11.224424,48.304186,4870.126923,-0.111681,47.830836,5.063011,1.794051,0.000000
15.657917,11.260546,48.289643,4867.226243,-0.129322,47.854277,5.066609,1.795370,0.000000
15.710169,11.296660,48.273168,4864.327347,-0.146956,47.877782,5.071685,1.797213,0.000000
15.762390,11.332782,48.254761,4861.429378,-0.164571,47.901339,5.078237,1.799579,0.000000
15.814590,11.368887,48.234440,4858.531461,-0.182137,47.924948,5.086266,1.802468,0.000000
15.865265,11.406578,48.215545,4855.476164,-0.214234,47.995229,5.096653,1.806285,32.560535
15.915497,11.444714,48.194167,4852.382866,-0.246241,48.062742,5.109821,1.811110,32.557003
15.965653,11.482881,48.169311,4849.289563,-0.278096,48.130514,5.125708,1.816900,32.553471
16.015733,11.521103,48.140976,4846.194638,-0.309780,48.198557,5.144319,1.823657,32.549939
16.065726,11.559364,48.109207,4843.096446,-0.341230,48.266918,5.165659,1.831382,32.546408
16.115643,11.597672,48.074023,4839.993320,-0.372407,48.335619,5.189731,1.840077,32.542876
16.165473,11.636027,48.035469,4836.883592,-0.403268,48.404696,5.216542,1.849746,32.539344
16.215227,11.674430,47.993572,4833.765575,-0.433774,48.474184,5.246096,1.860388,32.535812
16.264905,11.712872,47.948398,4830.637582,-0.463861,48.544105,5.278398,1.872007,32.532280
16.314496,11.751369,47.899973,4827.497882,-0.493511,48.614496,5.313450,1.884603,32.528748
16.364001,11.789905,47.848380,4824.344768,-0.522670,48.685379,5.351258,1.898179,32.525216
16.413440,11.828488,47.793647,4821.176480,-0.551279,48.756813,5.391822,1.912735,32.521684
16.462781,11.867119,47.735867,4817.991278,-0.579316,48.828809,5.435143,1.928272,32.518152
16.512046,11.905797,47.675095,4814.787391,-0.606719,48.901402,5.481222,1.944790,32.514620
16.561225,11.944523,47.611405,4811.563049,-0.633448,48.974627,5.530055,1.962288,32.511088
16.610316,11.983296,47.544890,4808.316472,-0.659462,49.048518,5.581637,1.980765,32.507556
16.659332,12.022116,47.475615,4805.045857,-0.684708,49.123100,5.635960,2.000218,32.504024
16.708260,12.060984,47.403681,4801.749425,-0.709146,49.198418,5.693015,2.020644,32.500492
16.757092,12.099891,47.329183,4798.425354,-0.732746,49.274495,5.752787,2.042037,32.496960
16.805846,12.138854,47.252202,4795.071854,-0.755434,49.351366,5.815259,2.064393,32.493428
16.854504,12.177864,47.172861,4791.687113,-0.777191,49.429067,5.880407,2.087703,32.489896
16.903085,12.216922,47.091271,4788.269342,-0.797955,49.507619,5.948206,2.111959,32.486364
16.951569,12.256028,47.007524,4784.816730,-0.817706,49.587070,6.018623,2.137148,32.482833
16.999955,12.295190,46.921743,4781.327500,-0.836370,49.667442,6.091620,2.163257,32.479301
17.048264,12.334390,46.834058,4777.799883,-0.853938,49.748759,6.167152,2.190272,32.475769
17.096466,12.373647,46.744589,4774.232111,-0.870339,49.831055,6.245168,2.218173,32.472237
17.144580,12.412943,46.653467,4770.622472,-0.885550,49.914376,6.325611,2.246942,32.468705
17.192597,12.452296,46.560833,4766.969238,-0.899532,49.998733,6.408413,2.276553,32.465173
17.240527,12.491704,46.466808,4763.270750,-0.912232,50.084162,6.493499,2.306981,32.461641
17.288349,12.531152,46.371550,4759.525347,-0.923620,50.170685,6.580786,2.338197,32.458109
17.336073,12.570656,46.275199,4755.731452,-0.933664,50.258336,6.670181,2.370167,32.454577
17.383699,12.610208,46.177906,4751.887498,-0.942335,50.347139,6.761581,2.402855,32.451045
17.431228,12.649816,46.079828,4747.992007,-0.949579,50.437116,6.854872,2.436220,32.447513
17.478648,12.689464,45.981107,4744.043527,-0.955387,50.528290,6.949930,2.470220,32.443981
17.525970,12.729176,45.881920,4740.040706,-0.959718,50.620684,7.046619,2.504805,32.440449
17.573184,12.768928,45.782417,4735.982231,-0.962551,50.714321,7.144794,2.539925,32.436917
17.620290,12.808736,45.682757,4731.866917,-0.963844,50.809223,7.244296,2.575522,32.433385
17.667287,12.848592,45.583127,4727.693633,-0.963598,50.905390,7.344954,2.611537,32.429853
17.714176,12.888505,45.483677,4723.461352,-0.961791,51.002856,7.446588,2.647905,32.426321
17.760956,12.928465,45.384576,4719.169162,-0.958393,51.101621,7.549002,2.684557,32.422789
17.807617,12.968483,45.286011,4714.816271,-0.953404,51.201708,7.651991,2.721420,32.419258
17.854169,13.008548,45.188142,4710.401968,-0.946813,51.303115,7.755339,2.758416,32.415726
17.900602,13.048669,45.091146,4705.925711,-0.938598,51.405843,7.858816,2.795465,32.412194
17.946927,13.088848,44.995184,4701.387076,-0.928782,51.509913,7.962184,2.832482,32.408662
17.993122,13.129066,44.900434,4696.785795,-0.917352,51.615303,8.065194,2.869377,32.405130
18.039208,13.169349,44.807074,4692.121718,-0.904320,51.722034,8.167586,2.906060,32.401598
18.085164,13.209671,44.715273,4687.394883,-0.889695,51.830071,8.269094,2.942434,32.398066
18.131001,13.250059,44.625181,4682.605477,-0.873487,51.939436,8.369444,2.978402,32.394534
18.176708,13.290495,44.536977,4677.753853,-0.855717,52.050095,8.468353,3.013864,32.391002
18.222295,13.330979,44.450821,4672.840525,-0.836416,52.162035,8.565537,3.048718,32.387470
18.267753,13.371520,44.366873,4667.866194,-0.815602,52.275243,8.660706,3.082861,32.383938
18.313080,13.412118,44.285283,4662.831743,-0.793319,52.389696,8.753568,3.116188,32.380406
18.358277,13.452764,44.206202,4657.738232,-0.769605,52.505358,8.843831,3.148596,32.376874
18.403344,13.493467,44.129780,4652.586868,-0.744493,52.622217,8.931204,3.179981,32.373342
18.448282,13.534218,44.056150,4647.379100,-0.718043,52.740226,9.015401,3.210240,32.369810
18.493078,13.575026,43.985463,4642.116506,-0.690307,52.859349,9.096139,3.239272,32.366278
18.537744,13.615882,43.917821,4636.800849,-0.661346,52.979551,9.173143,3.266980,32.362746
18.582270,13.656796,43.853367,4631.434096,-0.631211,53.100797,9.246146,3.293267,32.359214
18.626654,13.697757,43.792205,4626.018338,-0.599975,53.223015,9.314894,3.318043,32.355683
18.670898,13.738776,43.734438,4620.555875,-0.567718,53.346183,9.379144,3.341222,32.352151
18.715012,13.779842,43.680161,4615.049116,-0.534504,53.470230,9.438670,3.362721,32.348619
18.758974,13.820966,43.629479,4609.500655,-0.500423,53.595108,9.493261,3.382466,32.345087
18.802795,13.862138,43.582448,4603.913205,-0.465548,53.720761,9.542725,3.400387,32.341555
18.846475,13.903359,43.539163,4598.289623,-0.429982,53.847116,9.586891,3.416423,32.338023
18.890014,13.944637,43.499663,4592.632851,-0.393796,53.974128,9.625607,3.430519,32.334491
18.933402,13.985963,43.464015,4586.945969,-0.357093,54.101727,9.658747,3.442631,32.330959
18.976649,14.027337,43.432256,4581.232138,-0.319966,54.229842,9.686206,3.452720,32.327427
19.019744,14.068769,43.404407,4575.494584,-0.282507,54.358403,9.707906,3.460757,32.323895
19.062687,14.110249,43.380505,4569.736616,-0.244818,54.487340,9.723793,3.466723,32.320363
19.105501,14.151769,43.360543,4563.961573,-0.207003,54.616607,9.733839,3.470608,32.316831
19.148152,14.193346,43.344531,4558.172848,-0.169154,54.746099,9.738042,3.472410,32.313299
19.190662,14.234980,43.332452,4552.373843,-0.131373,54.875781,9.736426,3.472137,32.309767
19.233021,14.276654,43.324286,4546.567971,-0.093764,55.005549,9.729041,3.469806,32.306235
19.275228,14.318377,43.320007,4540.758610,-0.056419,55.135367,9.715961,3.465443,32.302703
19.317294,14.360148,43.319569,4534.949142,-0.019431,55.265142,9.697285,3.459084,32.299171
19.359208,14.401968,43.322926,4529.142891,0.017088,55.394817,9.673135,3.450771,32.295640
19.400982,14.443836,43.330004,4523.343154,0.053054,55.524310,9.643656,3.440555,32.292108
19.442593,14.485753,43.340747,4517.553117,0.088386,55.653586,9.609013,3.428495,32.288576
19.484063,14.527710,43.355072,4511.775939,0.122970,55.782565,9.569391,3.414655,32.285044
19.525392,14.569715,43.372884,4506.014638,0.156735,55.911176,9.524991,3.399109,32.281512
19.566570,14.611769,43.394092,4500.272180,0.189608,56.039374,9.476033,3.381933,32.277980
19.607596,14.653872,43.418593,4494.551373,0.221486,56.167112,9.422749,3.363209,32.274448
19.648482,14.696015,43.446274,4488.854942,0.252318,56.294322,9.365384,3.343026,32.270916
19.689226,14.738197,43.477014,4483.185460,0.282010,56.420944,9.304194,3.321474,32.267384
19.729819,14.780428,43.510692,4477.545399,0.310523,56.546957,9.239443,3.298647,32.263852
19.770271,14.822708,43.547167,4471.937049,0.337773,56.672302,9.171402,3.274641,32.260320
19.810582,14.865028,43.586318,4466.362584,0.363708,56.796945,9.100348,3.249554,32.256788
19.850742,14.907388,43.627995,4460.824022,0.388278,56.920829,9.026558,3.223487,32.253256
19.890771,14.949797,43.672048,4455.323240,0.411430,57.043942,8.950314,3.196538,32.249724
19.930649,14.992236,43.718327,4449.861941,0.433133,57.166249,8.871897,3.168808,32.246192
19.970397,15.034725,43.766683,4444.441708,0.453337,57.287706,8.791583,3.140396,32.242660
20.010004,15.077263,43.816955,4439.063935,0.472009,57.408311,8.709650,3.111401,32.239128
20.049470,15.119831,43.868985,4433.729902,0.489129,57.528031,8.626369,3.081918,32.235596
20.088807,15.162449,43.922612,4428.440708,0.504656,57.646843,8.542004,3.052044,32.232065
20.128002,15.205098,43.977668,4423.197326,0.518589,57.764736,8.456814,3.021869,32.228533
20.167068,15.247795,44.033993,4418.000573,0.530908,57.881711,8.371052,2.991485,32.225001
20.205992,15.290524,44.091418,4412.851126,0.541591,57.997743,8.284960,2.960977,32.221469
20.244798,15.333293,44.149784,4407.749537,0.550639,58.112835,8.198771,2.930430,32.217937
20.283463,15.376111,44.208921,4402.696202,0.558052,58.226986,8.112712,2.899923,32.214405
20.321997,15.418961,44.268660,4397.691430,0.563839,58.340185,8.026996,2.869533,32.210873
20.360413,15.461850,44.328840,4392.735353,0.567990,58.452445,7.941827,2.839334,32.207341
20.398688,15.504780,44.389303,4387.828028,0.570516,58.563765,7.857399,2.809395,32.203809
20.436843,15.547749,44.449888,4382.969386,0.571436,58.674157,7.773897,2.779781,32.200277
20.474869,15.590750,44.510425,4378.159245,0.570760,58.783634,7.691492,2.750555,32.196745
20.512775,15.633792,44.570765,4373.397314,0.568520,58.892208,7.610346,2.721774,32.193213
20.550562,15.676873,44.630746,4368.683241,0.564714,58.999879,7.530612,2.693492,32.189681
20.588219,15.719995,44.690228,4364.016548,0.559395,59.106670,7.452430,2.665761,32.186149
20.625758,15.763148,44.749050,4359.396672,0.552562,59.212616,7.375933,2.638628,32.182617
20.663187,15.806341,44.807070,4354.822988,0.544256,59.317718,7.301242,2.612136,32.179085
20.700487,15.849566,44.864158,4350.294786,0.534519,59.421988,7.228470,2.586326,32.175553
20.737667,15.892831,44.920151,4345.811272,0.523370,59.525484,7.157721,2.561236,32.172021
20.774729,15.936136,44.974928,4341.371612,0.510850,59.628195,7.089089,2.536898,32.168490
20.811682,15.979473,45.028366,4336.974886,0.496991,59.730155,7.022661,2.513346,32.164958
20.848516,16.022850,45.080323,4332.620132,0.481843,59.831400,6.958517,2.490606,32.161426
20.885241,16.066259,45.130676,4328.306317,0.465437,59.931953,6.896728,2.468706,32.157894
20.921847,16.109707,45.179321,4324.032373,0.447815,60.031849,6.837360,2.447668,32.154362
20.958345,16.153188,45.226126,4319.797171,0.429028,60.131099,6.780471,2.427514,32.150830
20.994724,16.196708,45.270996,4315.599562,0.409116,60.229739,6.726114,2.408263,32.147298
21.031005,16.240261,45.313817,4311.438323,0.388111,60.327816,6.674336,2.389932,32.143766
21.067168,16.283844,45.354495,4307.312230,0.366084,60.425340,6.625179,2.372537,32.140234
21.103221,16.327468,45.392935,4303.219987,0.343056,60.522358,6.578680,2.356091,32.136702
21.139167,16.371133,45.429033,4299.160298,0.319099,60.618894,6.534873,2.340606,32.133170
21.175004,16.414829,45.462722,4295.131813,0.294244,60.714993,6.493787,2.326093,32.129638
21.210733,16.458556,45.493906,4291.133174,0.268542,60.810668,6.455448,2.312561,32.126106
21.246353,16.502324,45.522521,4287.162970,0.242054,60.905965,6.419877,2.300018,32.122574
21.281865,16.546124,45.548489,4283.219790,0.214812,61.000930,6.387095,2.288473,32.119042
21.317279,16.589955,45.571743,4279.302191,0.186878,61.095574,6.357119,2.277931,32.115510
21.352586,16.633827,45.592227,4275.408699,0.158313,61.189945,6.329962,2.268398,32.111978
21.387783,16.677739,45.609884,4271.537830,0.129147,61.284087,6.305638,2.259878,32.108447
21.422884,16.721674,45.624655,4267.688081,0.099443,61.378013,6.284157,2.252376,32.104915
21.457865,16.765649,45.636513,4263.857914,0.069242,61.471780,6.265529,2.245894,32.101383
21.492759,16.809656,45.645399,4260.045794,0.038616,61.565412,6.249761,2.240437,32.097851
21.527535,16.853704,45.651284,4256.250164,0.007596,61.658943,6.236858,2.236007,32.094319
21.562212,16.897783,45.654141,4252.469436,-0.023747,61.752418,6.226828,2.232605,32.090787
21.596793,16.941894,45.653948,4248.702022,-0.055370,61.845873,6.219672,2.230234,32.087255
21.631264,16.986045,45.650677,4244.946305,-0.087223,61.939343,6.215395,2.228894,32.083723
21.665628,17.030228,45.644318,4241.200664,-0.119244,62.032860,6.213999,2.228588,32.080191
21.699894,17.074443,45.634861,4237.463451,-0.151391,62.126461,6.215486,2.229315,32.076659
21.734063,17.118698,45.622295,4233.733025,-0.183602,62.220191,6.219855,2.231076,32.073127
21.768144,17.162968,45.607630,4230.005238,-0.195229,62.233923,6.226176,2.233538,0.000000
21.802183,17.207233,45.591858,4226.276655,-0.206825,62.247682,6.233518,2.236366,0.000000
21.836178,17.251495,45.574977,4222.546669,-0.218351,62.261469,6.241875,2.239560,0.000000
21.870129,17.295762,45.557007,4218.814669,-0.229794,62.275272,6.251242,2.243116,0.000000
21.904037,17.340024,45.537956,4215.080048,-0.241136,62.289101,6.261610,2.247032,0.000000
21.937891,17.384283,45.517834,4211.342196,-0.252355,62.302946,6.272971,2.251305,0.000000
21.971712,17.428539,45.496660,4207.600516,-0.263420,62.316819,6.285314,2.255931,0.000000
22.005478,17.472790,45.474443,4203.854378,-0.274311,62.330718,6.298627,2.260906,0.000000
22.039191,17.517046,45.451220,4200.103183,-0.285017,62.344634,6.312895,2.266224,0.000000
22.072870,17.561289,45.426991,4196.346325,-0.295508,62.358564,6.328103,2.271882,0.000000
22.106496,17.605538,45.401793,4192.583215,-0.305762,62.372522,6.344233,2.277871,0.000000
22.140078,17.649782,45.375646,4188.813256,-0.315759,62.386496,6.361268,2.284186,0.000000
22.173616,17.694032,45.348568,4185.035851,-0.325489,62.400496,6.379185,2.290819,0.000000
22.207111,17.738268,45.320606,4181.250433,-0.334930,62.414512,6.397964,2.297763,0.000000
22.240552,17.782510,45.291778,4177.456426,-0.344053,62.428555,6.417580,2.305008,0.000000
22.273949,17.826738,45.262123,4173.653254,-0.352836,62.442614,6.438008,2.312546,0.000000
22.307303,17.870972,45.231669,4169.840383,-0.361280,62.456700,6.459221,2.320368,0.000000
22.340613,17.915202,45.200452,4166.017278,-0.369353,62.470801,6.481189,2.328462,0.000000
22.373869,17.959427,45.168511,4162.183385,-0.377044,62.484918,6.503883,2.336819,0.000000
22.407082,18.003649,45.135893,4158.338222,-0.384345,62.499061,6.527269,2.345425,0.000000
22.440251,18.047867,45.102617,4154.481265,-0.391223,62.513220,6.551315,2.354270,0.000000
22.473365,18.092080,45.068739,4150.612054,-0.397668,62.527395,6.575984,2.363341,0.000000
22.506437,18.136290,45.034306,4146.730119,-0.403670,62.541596,6.601239,2.372624,0.000000
22.539465,18.180495,44.999357,4142.835010,-0.409218,62.555813,6.627042,2.382105,0.000000
22.572438,18.224697,44.963928,4138.926297,-0.414292,62.570046,6.653352,2.391770,0.000000
22.605368,18.268895,44.928067,4135.003595,-0.418892,62.584294,6.680127,2.401604,0.000000
22.638255,18.313088,44.891841,4131.066506,-0.422997,62.598568,6.707323,2.411591,0.000000
22.671087,18.357277,44.855267,4127.114676,-0.426606,62.612858,6.734897,2.421716,0.000000
22.703887,18.401463,44.818422,4123.147769,-0.429700,62.627164,6.762801,2.431961,0.000000
22.736622,18.445644,44.781334,4119.165474,-0.432279,62.641485,6.790988,2.442310,0.000000
22.769313,18.489812,44.744060,4115.167508,-0.434330,62.655832,6.819409,2.452744,0.000000
22.801960,18.533985,44.706656,4111.153612,-0.435856,62.670184,6.848014,2.463247,0.000000
22.834565,18.578145,44.669170,4107.123577,-0.436855,62.684562,6.876752,2.473799,0.000000
22.867114,18.622301,44.631639,4103.077185,-0.437318,62.698956,6.905570,2.484382,0.000000
22.899621,18.666453,44.594131,4099.014270,-0.437233,62.713365,6.934417,2.494977,0.000000
22.932073,18.710601,44.556691,4094.934697,-0.436611,62.727789,6.963237,2.505564,0.000000
22.964471,18.754735,44.519368,4090.838353,-0.435463,62.742229,6.991977,2.516124,0.000000
22.996836,18.798875,44.482210,4086.725177,-0.433768,62.756684,7.020581,2.526638,0.000000
23.029147,18.842992,44.445272,4082.595118,-0.431545,62.771154,7.048996,2.537084,0.000000
23.061404,18.887114,44.408602,4078.448168,-0.428786,62.785628,7.077164,2.547444,0.000000
23.093617,18.931223,44.372248,4074.284361,-0.425510,62.800129,7.105030,2.557697,0.000000
23.125776,18.975328,44.336257,4070.103739,-0.421707,62.814645,7.132540,2.567823,0.000000
23.157892,19.019428,44.300686,4065.906411,-0.417407,62.829176,7.159637,2.577802,0.000000
23.189953,19.063516,44.265564,4061.692482,-0.412602,62.843711,7.186268,2.587616,0.000000
23.221971,19.107599,44.230947,4057.462143,-0.407300,62.858273,7.212377,2.597243,0.000000
23.253935,19.151669,44.196884,4053.215564,-0.401533,62.872838,7.237913,2.606665,0.000000
23.285844,19.195734,44.163411,4048.952988,-0.395290,62.887419,7.262822,2.615863,0.000000
23.317710,19.239787,44.130568,4044.674667,-0.388603,62.902014,7.287053,2.624818,0.000000
23.349532,19.283835,44.098392,4040.380909,-0.381481,62.916625,7.310556,2.633513,0.000000
23.381300,19.327870,44.066940,4036.072030,-0.373935,62.931240,7.333284,2.641930,0.000000
23.413014,19.371900,44.036232,4031.748407,-0.365996,62.945870,7.355190,2.650052,0.000000
23.444674,19.415918,44.006296,4027.410410,-0.357664,62.960515,7.376229,2.657863,0.000000
23.476290,19.459922,43.977189,4023.058471,-0.348979,62.975175,7.396358,2.665348,0.000000
23.507863,19.503922,43.948930,4018.693051,-0.339942,62.989839,7.415538,2.672492,0.000000
23.539381,19.547908,43.921538,4014.314614,-0.330595,63.004518,7.433730,2.679281,0.000000
23.570845,19.591890,43.895053,4009.923665,-0.320947,63.019212,7.450899,2.685702,0.000000
23.602255,19.635859,43.869501,4005.520749,-0.311020,63.033910,7.467012,2.691744,0.000000
23.633622,19.679815,43.844894,4001.106412,-0.300843,63.048623,7.482041,2.697396,0.000000
23.664934,19.723766,43.821249,3996.681234,-0.290449,63.063340,7.495957,2.702648,0.000000
23.696192,19.767704,43.798606,3992.245822,-0.279847,63.078072,7.508738,2.707491,0.000000
23.727406,19.811628,43.776955,3987.800785,-0.269068,63.092818,7.520363,2.711918,0.000000
23.758566,19.855539,43.756335,3983.346764,-0.258154,63.107569,7.530815,2.715923,0.000000
23.789672,19.899445,43.736726,3978.884409,-0.247116,63.122334,7.540079,2.719500,0.000000
23.820735,19.943330,43.718157,3974.414382,-0.235983,63.137103,7.548146,2.722646,0.000000
23.851743,19.987209,43.700629,3969.937385,-0.224787,63.151887,7.555009,2.725358,0.000000
23.882697,20.031076,43.684142,3965.454079,-0.213549,63.166675,7.560664,2.727635,0.000000
23.913597,20.074937,43.668695,3960.965177,-0.202310,63.181478,7.565112,2.729477,0.000000
23.944453,20.118777,43.654281,3956.471371,-0.191091,63.196284,7.568355,2.730884,0.000000
23.975255,20.162612,43.640907,3951.973374,-0.179912,63.211094,7.570401,2.731860,0.000000
24.006003,20.206433,43.628567,3947.471899,-0.168815,63.225931,7.571261,2.732407,0.000000
24.036708,20.250241,43.617230,3942.967648,-0.157820,63.240759,7.570948,2.732531,0.000000
24.067358,20.294035,43.606907,3938.461334,-0.146959,63.255603,7.569479,2.732238,0.000000
24.097954,20.337816,43.597570,3933.953658,-0.136242,63.270450,7.566876,2.731536,0.000000
24.128495,20.381583,43.589199,3929.445323,-0.125720,63.285312,7.563160,2.730431,0.000000
24.158993,20.425337,43.581786,3924.936998,-0.115404,63.300189,7.558360,2.728935,0.000000
24.189437,20.469086,43.575292,3920.429386,-0.105336,63.315058,7.552505,2.727058,0.000000
24.219827,20.512822,43.569709,3915.923136,-0.095515,63.329942,7.545626,2.724811,0.000000
24.250173,20.556534,43.565008,3911.418918,-0.085982,63.344841,7.537759,2.722206,0.000000
24.280465,20.600243,43.561152,3906.917360,-0.076759,63.359733,7.528942,2.719258,0.000000
24.310703,20.643938,43.558121,3902.419099,-0.067867,63.374650,7.519214,2.715980,0.000000
24.340887,20.687619,43.555877,3897.924724,-0.059325,63.389560,7.508617,2.712388,0.000000
24.371027,20.731286,43.554384,3893.434829,-0.051155,63.404484,7.497195,2.708497,0.000000
24.401112,20.774940,43.553612,3888.949969,-0.043378,63.419412,7.484995,2.704324,0.000000
24.431155,20.818580,43.553515,3884.470699,-0.036014,63.434355,7.472062,2.699886,0.000000
24.461132,20.862215,43.554063,3879.997530,-0.029083,63.449302,7.458448,2.695200,0.000000
24.491066,20.905828,43.555210,3875.530966,-0.022587,63.464263,7.444201,2.690285,0.000000
24.520957,20.949427,43.556927,3871.071454,-0.016555,63.479217,7.429373,2.685159,0.000000
24.550782,20.993021,43.559148,3866.619456,-0.010999,63.494196,7.414016,2.679841,0.000000
24.580564,21.036602,43.561843,3862.175367,-0.005929,63.509168,7.398184,2.674351,0.000000
24.610303,21.080168,43.564977,3857.739596,-0.001366,63.524154,7.381930,2.668707,0.000000
24.639987,21.123721,43.568481,3853.312497,0.002701,63.539144,7.365308,2.662929,0.000000
24.669617,21.167261,43.572327,3848.894384,0.006241,63.554149,7.348373,2.657036,0.000000
24.699193,21.210786,43.576469,3844.485558,0.009263,63.569157,7.331179,2.651049,0.000000
24.728725,21.254298,43.580848,3840.086312,0.011747,63.584169,7.313780,2.644987,0.000000
24.758203,21.297795,43.585418,3835.696854,0.013694,63.599196,7.296230,2.638869,0.000000
24.787638,21.341288,43.590140,3831.317424,0.015102,63.614226,7.278584,2.632715,0.000000
24.817019,21.384768,43.594957,3826.948178,0.015972,63.629259,7.260894,2.626544,0.000000
24.846345,21.428233,43.599832,3822.589271,0.016294,63.644307,7.243214,2.620376,0.000000
24.875628,21.471684,43.604707,3818.240828,0.016067,63.659358,7.225594,2.614228,0.000000
24.904867,21.515122,43.609535,3813.902932,0.015301,63.674425,7.208087,2.608120,0.000000
24.934041,21.558545,43.614268,3809.575644,0.013987,63.689494,7.190743,2.602070,0.000000
24.963183,21.601964,43.618867,3805.258983,0.012134,63.704567,7.173609,2.596095,0.000000
24.992260,21.645369,43.623277,3800.952960,0.009764,63.719655,7.156735,2.590213,0.000000
25.021304,21.688760,43.627449,3796.657542,0.006855,63.734746,7.140168,2.584441,0.000000
25.050283,21.732137,43.631354,3792.372674,0.003427,63.749840,7.123952,2.578795,0.000000
25.079229,21.775509,43.634935,3788.098263,-0.000507,63.764950,7.108131,2.573291,0.000000
25.108111,21.818858,43.638145,3783.834202,-0.004950,63.780062,7.092749,2.567945,0.000000
25.136949,21.862202,43.640955,3779.580354,-0.009880,63.795189,7.077847,2.562772,0.000000
25.165743,21.905532,43.643308,3775.336540,-0.015286,63.810320,7.063464,2.557786,0.000000
25.194484,21.948857,43.645175,3771.102582,-0.021170,63.825453,7.049638,2.553000,0.000000
25.223180,21.992159,43.646518,3766.878247,-0.027499,63.840602,7.036405,2.548429,0.000000
25.251834,22.035456,43.647288,3762.663306,-0.034264,63.855754,7.023802,2.544085,0.000000
25.280422,22.078739,43.647468,3758.457484,-0.041465,63.870920,7.011860,2.539980,0.000000
25.308978,22.122016,43.646999,3754.260510,-0.049060,63.886078,7.000612,2.536125,0.000000
25.337480,22.165280,43.645863,3750.072058,-0.057059,63.901263,6.990086,2.532531,0.000000
25.365938,22.208530,43.644030,3745.891803,-0.065432,63.916439,6.980312,2.529209,0.000000
25.394342,22.251766,43.641463,3741.719388,-0.074148,63.931641,6.971316,2.526169,0.000000
25.422702,22.294996,43.638132,3737.554447,-0.083206,63.946835,6.963122,2.523418,0.000000
25.451009,22.338213,43.634009,3733.396603,-0.092587,63.962044,6.955754,2.520966,0.000000
25.479272,22.381415,43.629084,3729.245415,-0.102258,63.977256,6.949231,2.518820,0.000000
25.507491,22.424612,43.623318,3725.100497,-0.112210,63.992483,6.943575,2.516988,0.000000
25.535656,22.467795,43.616703,3720.961377,-0.122411,64.007712,6.938802,2.515476,0.000000
25.563778,22.510964,43.609209,3716.827615,-0.132851,64.022946,6.934928,2.514289,0.000000
25.591846,22.554119,43.600827,3712.698740,-0.143500,64.038193,6.931968,2.513434,0.000000
25.619881,22.597269,43.591536,3708.574261,-0.154326,64.053444,6.929933,2.512914,0.000000
25.647851,22.640404,43.581319,3704.453686,-0.165329,64.068709,6.928835,2.512733,0.000000
25.675788,22.683534,43.570183,3700.336512,-0.176467,64.083978,6.928682,2.512896,0.000000
25.703671,22.726650,43.558092,3696.222217,-0.187721,64.099250,6.929482,2.513403,0.000000
25.731511,22.769752,43.545063,3692.110268,-0.199069,64.114525,6.931240,2.514259,0.000000
25.759296,22.812839,43.531078,3688.000130,-0.210490,64.129814,6.933959,2.515463,0.000000
25.787049,22.855922,43.516136,3683.891262,-0.221964,64.145118,6.937642,2.517017,0.000000
25.814737,22.898990,43.500237,3679.783118,-0.233449,64.160414,6.942288,2.518920,0.000000
25.842392,22.942052,43.483380,3675.675125,-0.244936,64.175724,6.947896,2.521174,0.000000
25.869993,22.985101,43.465576,3671.566738,-0.256392,64.191037,6.954463,2.523775,0.000000
25.897551,23.028135,43.446823,3667.457373,-0.267797,64.206365,6.961982,2.526723,0.000000
25.925054,23.071155,43.427131,3663.346487,-0.279131,64.221685,6.970449,2.530014,0.000000
25.952514,23.114169,43.406501,3659.233484,-0.290362,64.237031,6.979853,2.533647,0.000000
25.979931,23.157169,43.384960,3655.117821,-0.301469,64.252368,6.990185,2.537617,0.000000
26.007304,23.200155,43.362507,3650.998903,-0.312433,64.267708,7.001433,2.541921,0.000000
26.034623,23.243126,43.339173,3646.876177,-0.323231,64.283063,7.013582,2.546552,0.000000
26.061898,23.286092,43.314955,3642.749079,-0.333833,64.298421,7.026617,2.551506,0.000000
26.089120,23.329044,43.289894,3638.617045,-0.344208,64.313794,7.040520,2.556775,0.000000
26.116309,23.371981,43.263987,3634.479512,-0.354356,64.329158,7.055273,2.562355,0.000000
26.143443,23.414913,43.237273,3630.335927,-0.364245,64.344537,7.070855,2.568236,0.000000
26.170523,23.457830,43.209781,3626.185757,-0.373855,64.359918,7.087242,2.574411,0.000000
26.197560,23.500724,43.181520,3622.028472,-0.383154,64.375303,7.104411,2.580871,0.000000
26.224554,23.543622,43.152528,3617.863529,-0.392133,64.390691,7.122336,2.587606,0.000000
26.251504,23.586496,43.122833,3613.690426,-0.400770,64.406082,7.140988,2.594608,0.000000
26.278400,23.629355,43.092464,3609.508655,-0.409055,64.421488,7.160339,2.601864,0.000000
26.305252,23.672209,43.061460,3605.317723,-0.416957,64.436896,7.180357,2.609364,0.000000
26.332051,23.715049,43.029848,3601.117164,-0.424455,64.452296,7.201010,2.617095,0.000000
26.358816,23.757874,42.997666,3596.906497,-0.431549,64.467711,7.222263,2.625047,0.000000
26.385528,23.800684,42.964944,3592.685306,-0.438208,64.483128,7.244081,2.633204,0.000000
26.412185,23.843480,42.931728,3588.453133,-0.444432,64.498549,7.266425,2.641555,0.000000
26.438799,23.886261,42.898048,3584.209592,-0.450189,64.513962,7.289258,2.650085,0.000000
26.465369,23.929028,42.863961,3579.954278,-0.455480,64.529388,7.312538,2.658778,0.000000
26.491886,23.971780,42.829486,3575.686837,-0.460283,64.544818,7.336225,2.667621,0.000000
26.518358,24.014517,42.794679,3571.406916,-0.464599,64.560251,7.360274,2.676598,0.000000
26.544788,24.057249,42.759570,3567.114182,-0.468417,64.575676,7.384642,2.685692,0.000000
26.571163,24.099957,42.724216,3562.808344,-0.471717,64.591115,7.409284,2.694887,0.000000
26.597495,24.142650,42.688654,3558.489121,-0.474498,64.606557,7.434152,2.704166,0.000000
26.623773,24.185329,42.652915,3554.156276,-0.476749,64.621990,7.459199,2.713511,0.000000
26.650007,24.227993,42.617064,3549.809569,-0.478482,64.637427,7.484378,2.722906,0.000000
26.676187,24.270643,42.581131,3545.448805,-0.479675,64.652867,7.509638,2.732332,0.000000
26.702334,24.313277,42.545172,3541.073827,-0.480329,64.668310,7.534930,2.741772,0.000000
26.728417,24.355888,42.509217,3536.684481,-0.480443,64.683755,7.560204,2.751206,0.000000
26.754456,24.398493,42.473322,3532.280665,-0.480016,64.699193,7.585409,2.760617,0.000000
26.780452,24.441074,42.437517,3527.862296,-0.479061,64.714645,7.610493,2.769986,0.000000
26.806393,24.483641,42.401868,3523.429324,-0.477565,64.730077,7.635405,2.779293,0.000000
26.832291,24.526192,42.366395,3518.981730,-0.475550,64.745524,7.660095,2.788521,0.000000
26.858146,24.568720,42.331156,3514.519525,-0.473005,64.760962,7.684510,2.797651,0.000000
26.883936,24.611233,42.296187,3510.042744,-0.469941,64.776403,7.708601,2.806664,0.000000
26.909693,24.653731,42.261529,3505.551470,-0.466368,64.791847,7.732316,2.815543,0.000000
26.935396,24.696214,42.227219,3501.045800,-0.462296,64.807283,7.755607,2.824267,0.000000
26.961044,24.738674,42.193315,3496.525882,-0.457735,64.822722,7.778423,2.832821,0.000000
26.986650,24.781118,42.159826,3491.991862,-0.452697,64.838153,7.800717,2.841186,0.000000
27.012201,24.823538,42.126810,3487.443952,-0.447190,64.853587,7.822443,2.849345,0.000000
27.037708,24.865943,42.094305,3482.882382,-0.441236,64.869023,7.843554,2.857282,0.000000
27.063162,24.908334,42.062332,3478.307404,-0.434856,64.884452,7.864006,2.864980,0.000000
27.088572,24.950700,42.030936,3473.719313,-0.428050,64.899872,7.883757,2.872424,0.000000
27.113928,24.993052,42.000130,3469.118411,-0.420859,64.915295,7.902765,2.879598,0.000000
27.139241,25.035379,41.969969,3464.505056,-0.413282,64.930721,7.920993,2.886489,0.000000
27.164499,25.077682,41.940464,3459.879613,-0.405352,64.946138,7.938402,2.893083,0.000000
27.189714,25.119970,41.911653,3455.242490,-0.397078,64.961548,7.954959,2.899368,0.000000
27.214875,25.162243,41.883547,3450.594087,-0.388502,64.976960,7.970630,2.905331,0.000000
27.239982,25.204483,41.856173,3445.934872,-0.379625,64.992365,7.985387,2.910961,0.000000
27.265045,25.246717,41.829561,3441.265307,-0.370486,65.007761,7.999202,2.916250,0.000000
27.290054,25.288918,41.803711,3436.585882,-0.361108,65.023159,8.012051,2.921186,0.000000
27.315020,25.331103,41.778661,3431.897100,-0.351521,65.038550,8.023912,2.925763,0.000000
27.339931,25.373264,41.754413,3427.199492,-0.341736,65.053932,8.034765,2.929974,0.000000
27.364799,25.415410,41.730984,3422.493614,-0.331795,65.069318,8.044596,2.933812,0.000000
27.389602,25.457532,41.708376,3417.780018,-0.321717,65.084695,8.053392,2.937274,0.000000
27.414373,25.499629,41.686597,3413.059279,-0.311535,65.100063,8.061142,2.940355,0.000000
27.439089,25.541712,41.665668,3408.331971,-0.301268,65.115424,8.067841,2.943052,0.000000
27.463751,25.583761,41.645570,3403.598710,-0.290959,65.130787,8.073485,2.945365,0.000000
27.488359,25.625794,41.626321,3398.860091,-0.280629,65.146142,8.078074,2.947294,0.000000
27.512924,25.667803,41.607913,3394.116720,-0.270297,65.161489,8.081610,2.948839,0.000000
27.537445,25.709797,41.590335,3389.369211,-0.260017,65.176839,8.084100,2.950002,0.000000
27.561902,25.751758,41.573599,3384.618191,-0.249788,65.192169,8.085553,2.950787,0.000000
27.586325,25.793703,41.557675,3379.864276,-0.239651,65.207502,8.085981,2.951198,0.000000
27.610684,25.835624,41.542573,3375.108069,-0.229649,65.222827,8.085399,2.951241,0.000000
27.634999,25.877520,41.528264,3370.350209,-0.219781,65.238144,8.083826,2.950921,0.000000
27.659271,25.919392,41.514739,3365.591288,-0.210099,65.253453,8.081282,2.950247,0.000000
27.683478,25.961248,41.501989,3360.831921,-0.200615,65.268753,8.077791,2.949228,0.000000
27.707653,26.003071,41.489985,3356.072704,-0.191358,65.284056,8.073380,2.947872,0.000000
27.731762,26.044878,41.478718,3351.314219,-0.182360,65.299339,8.068078,2.946190,0.000000
27.755828,26.086661,41.468149,3346.557040,-0.173632,65.314626,8.061915,2.944194,0.000000
27.779851,26.128419,41.458259,3341.801740,-0.165215,65.329904,8.054925,2.941895,0.000000
27.803819,26.170153,41.449030,3337.048870,-0.157120,65.345163,8.047145,2.939307,0.000000
27.827734,26.211871,41.440432,3332.298942,-0.149378,65.360425,8.038611,2.936444,0.000000
27.851605,26.253556,41.432437,3327.552496,-0.142000,65.375689,8.029364,2.933319,0.000000
27.875421,26.295216,41.424998,3322.810023,-0.135016,65.390934,8.019444,2.929948,0.000000
27.899195,26.336860,41.418104,3318.072000,-0.128437,65.406171,8.008895,2.926346,0.000000
27.922914,26.378480,41.411708,3313.338886,-0.122284,65.421400,7.997760,2.922530,0.000000
27.946590,26.420075,41.405781,3308.611108,-0.116577,65.436631,7.986085,2.918516,0.000000
27.970212,26.461645,41.400294,3303.889102,-0.111329,65.451844,7.973916,2.914320,0.000000
27.993779,26.503191,41.395190,3299.173243,-0.106547,65.467059,7.961300,2.909960,0.000000
28.017303,26.544711,41.390450,3294.463895,-0.102255,65.482265,7.948285,2.905454,0.000000
28.040784,26.586207,41.386026,3289.761422,-0.098461,65.497453,7.934920,2.900819,0.000000
28.064211,26.627688,41.381888,3285.066115,-0.095177,65.512643,7.921254,2.896073,0.000000
28.087594,26.669134,41.377981,3280.378264,-0.092403,65.527825,7.907336,2.891233,0.000000
28.110923,26.710565,41.374283,3275.698160,-0.090159,65.542998,7.893215,2.886319,0.000000
28.134198,26.751971,41.370738,3271.026011,-0.088446,65.558163,7.878940,2.881348,0.000000
28.157429,26.793352,41.367317,3266.362035,-0.087263,65.573321,7.864560,2.876337,0.000000
28.180618,26.834709,41.363972,3261.706418,-0.086622,65.588480,7.850125,2.871305,0.000000
28.203752,26.876040,41.360664,3257.059326,-0.086521,65.603621,7.835681,2.866270,0.000000
28.226842,26.917356,41.357346,3252.420863,-0.086952,65.618753,7.821278,2.861248,0.000000
28.249890,26.958637,41.353988,3247.791141,-0.087934,65.633888,7.806962,2.856257,0.000000
28.272883,26.999903,41.350543,3243.170233,-0.089447,65.649004,7.792780,2.851314,0.000000
28.295822,27.041144,41.346971,3238.558179,-0.091501,65.664123,7.778776,2.846436,0.000000
28.318717,27.082360,41.343235,3233.954999,-0.094087,65.679233,7.764995,2.841638,0.000000
28.341570,27.123551,41.339296,3229.360693,-0.097193,65.694335,7.751481,2.836938,0.000000
28.364379,27.164726,41.335116,3224.775208,-0.100820,65.709417,7.738276,2.832349,0.000000
28.387133,27.205867,41.330645,3220.198500,-0.104958,65.724503,7.725420,2.827887,0.000000
28.409834,27.246992,41.325866,3215.630475,-0.109585,65.739580,7.712954,2.823567,0.000000
28.432502,27.288092,41.320730,3211.071018,-0.114713,65.754649,7.700915,2.819403,0.000000
28.455116,27.329167,41.315197,3206.520002,-0.120309,65.769721,7.689340,2.815408,0.000000
28.477675,27.370226,41.309250,3201.977251,-0.126375,65.784773,7.678265,2.811596,0.000000
28.500202,27.411251,41.302839,3197.442596,-0.132889,65.799817,7.667724,2.807978,0.000000
28.522675,27.452260,41.295946,3192.915818,-0.139840,65.814864,7.657748,2.804567,0.000000
28.545094,27.493244,41.288531,3188.396687,-0.147209,65.829891,7.648369,2.801373,0.000000
28.567481,27.534202,41.280576,3183.884974,-0.154985,65.844922,7.639615,2.798408,0.000000
28.589813,27.575145,41.272042,3179.380376,-0.163136,65.859944,7.631514,2.795682,0.000000
28.612101,27.616062,41.262909,3174.882621,-0.171653,65.874946,7.624091,2.793203,0.000000
28.634336,27.656945,41.253148,3170.391396,-0.180524,65.889952,7.617370,2.790982,0.000000
28.656527,27.697821,41.242731,3165.906369,-0.189709,65.904949,7.611374,2.789025,0.000000
28.678675,27.738663,41.231656,3161.427194,-0.199207,65.919938,7.606123,2.787341,0.000000
28.700780,27.779479,41.219877,3156.953508,-0.208987,65.934919,7.601635,2.785937,0.000000
28.722841,27.820280,41.207402,3152.484934,-0.219029,65.949891,7.597928,2.784818,0.000000
28.744848,27.861055,41.194202,3148.021077,-0.229310,65.964866,7.595015,2.783990,0.000000
28.766811,27.901814,41.180258,3143.561532,-0.239812,65.979822,7.592911,2.783459,0.000000
28.788732,27.942538,41.165560,3139.105859,-0.250491,65.994770,7.591627,2.783228,0.000000
28.810598,27.983247,41.150098,3134.653653,-0.261349,66.009709,7.591172,2.783301,0.000000
28.832421,28.023930,41.133873,3130.204457,-0.272343,66.024651,7.591555,2.783681,0.000000
28.854211,28.064587,41.116854,3125.757812,-0.283463,66.039574,7.592780,2.784370,0.000000
28.875947,28.105229,41.099061,3121.313260,-0.294667,66.054499,7.594853,2.785371,0.000000
28.897629,28.145835,41.080475,3116.870332,-0.305945,66.069405,7.597775,2.786682,0.000000
28.919279,28.186426,41.061096,3112.428541,-0.317266,66.084314,7.601548,2.788306,0.000000
28.940874,28.226991,41.040922,3107.987418,-0.328608,66.099204,7.606169,2.790242,0.000000
28.962426,28.267531,41.019965,3103.546452,-0.339931,66.114096,7.611635,2.792488,0.000000
28.983934,28.308054,40.998213,3099.105156,-0.351233,66.128969,7.617942,2.795042,0.000000
29.005400,28.348552,40.975695,3094.663040,-0.362464,66.143845,7.625083,2.797903,0.000000
29.026821,28.389015,40.952393,3090.219606,-0.373623,66.158701,7.633049,2.801068,0.000000
29.048189,28.429471,40.928325,3085.774344,-0.384668,66.173561,7.641830,2.804531,0.000000
29.069514,28.469892,40.903511,3081.326755,-0.395578,66.188400,7.651414,2.808291,0.000000
29.090795,28.510288,40.877959,3076.876351,-0.406333,66.203232,7.661787,2.812340,0.000000
29.112032,28.550667,40.851670,3072.422623,-0.416901,66.218067,7.672933,2.816674,0.000000
29.133227,28.591012,40.824682,3067.965093,-0.427272,66.232882,7.684834,2.821286,0.000000
29.154367,28.631340,40.796994,3063.503262,-0.437404,66.247688,7.697473,2.826169,0.000000
29.175475,28.671642,40.768627,3059.036663,-0.447297,66.262487,7.710828,2.831316,0.000000
29.196528,28.711919,40.739618,3054.564797,-0.456909,66.277277,7.724877,2.836719,0.000000
29.217538,28.752170,40.709968,3050.087218,-0.466220,66.292048,7.739595,2.842368,0.000000
29.238505,28.792405,40.679714,3045.603460,-0.475218,66.306822,7.754957,2.848255,0.000000
29.259429,28.832604,40.648886,3041.113085,-0.483884,66.321576,7.770935,2.854370,0.000000
29.280298,28.872778,40.617493,3036.615638,-0.492195,66.336322,7.787502,2.860701,0.000000
29.301124,28.912936,40.585573,3032.110714,-0.500132,66.351060,7.804626,2.867239,0.000000
29.321918,28.953058,40.553156,3027.597898,-0.507674,66.365790,7.822276,2.873970,0.000000
29.342657,28.993164,40.520269,3023.076786,-0.514819,66.380511,7.840419,2.880884,0.000000
29.363353,29.033235,40.486943,3018.547004,-0.521527,66.395213,7.859020,2.887967,0.000000
29.383995,29.073289,40.453206,3014.008180,-0.527798,66.409907,7.878044,2.895207,0.000000
29.404604,29.113308,40.419096,3009.459981,-0.533620,66.424593,7.897453,2.902590,0.000000
29.425159,29.153311,40.384643,3004.902067,-0.538973,66.439259,7.917209,2.910102,0.000000
29.445671,29.193278,40.349884,3000.334146,-0.543858,66.453917,7.937274,2.917728,0.000000
29.466140,29.233220,40.314859,2995.755910,-0.548252,66.468567,7.957606,2.925454,0.000000
29.486565,29.273135,40.279586,2991.167108,-0.552146,66.483197,7.978165,2.933264,0.000000
29.506936,29.313025,40.244124,2986.567484,-0.555540,66.497819,7.998909,2.941144,0.000000
29.527274,29.352888,40.208491,2981.956830,-0.558432,66.512433,8.019795,2.949078,0.000000
29.547559,29.392726,40.172727,2977.334930,-0.560804,66.527028,8.040780,2.957049,0.000000
29.567800,29.432528,40.136870,2972.701618,-0.562653,66.541603,8.061819,2.965041,0.000000
29.587998,29.472305,40.100969,2968.056750,-0.563982,66.556182,8.082870,2.973039,0.000000
29.608141,29.512055,40.065041,2963.400183,-0.564788,66.570730,8.103887,2.981026,0.000000
29.628241,29.551779,40.029128,2958.731845,-0.565073,66.585280,8.124825,2.988986,0.000000
29.648309,29.591468,39.993275,2954.051644,-0.564835,66.599801,8.145641,2.996901,0.000000
29.668312,29.631140,39.957504,2949.359539,-0.564087,66.614324,8.166288,3.004756,0.000000
29.688282,29.670777,39.921871,2944.655511,-0.562816,66.628817,8.186724,3.012534,0.000000
29.708209,29.710378,39.886387,2939.939563,-0.561044,66.643302,8.206904,3.020220,0.000000
29.728082,29.749953,39.851100,2935.211736,-0.558771,66.657778,8.226784,3.027796,0.000000
29.747911,29.789502,39.816049,2930.472094,-0.556007,66.672225,8.246321,3.035248,0.000000
29.767698,29.829015,39.781253,2925.720722,-0.552763,66.686674,8.265474,3.042560,0.000000
29.787430,29.868502,39.746751,2920.957735,-0.549049,66.701093,8.284201,3.049715,0.000000
29.807118,29.907963,39.712571,2916.183270,-0.544874,66.715503,8.302463,3.056701,0.000000
29.826764,29.947389,39.678744,2911.397504,-0.540261,66.729895,8.320219,3.063502,0.000000
29.846366,29.986778,39.645307,2906.600626,-0.535220,66.744267,8.337433,3.070104,0.000000
29.865924,30.026151,39.612280,2901.792856,-0.529771,66.758631,8.354069,3.076494,0.000000
29.885429,30.065479,39.579683,2896.974443,-0.523924,66.772976,8.370092,3.082660,0.000000
29.904890,30.104781,39.547555,2892.145658,-0.517701,66.787302,8.385469,3.088589,0.000000
29.924308,30.144046,39.515914,2887.306784,-0.511133,66.801608,8.400169,3.094270,0.000000
29.943672,30.183286,39.484771,2882.458133,-0.504220,66.815896,8.414164,3.099691,0.000000
29.962993,30.222499,39.454164,2877.600048,-0.497003,66.830175,8.427426,3.104844,0.000000
29.982270,30.261667,39.424104,2872.732895,-0.489504,66.844435,8.439930,3.109718,0.000000
30.001504,30.300809,39.394600,2867.857027,-0.481732,66.858676,8.451655,3.114306,0.000000
30.020694,30.339914,39.365680,2862.972860,-0.473720,66.872897,8.462581,3.118600,0.000000
30.039831,30.378994,39.337347,2858.080800,-0.465497,66.887100,8.472689,3.122593,0.000000
30.058924,30.418037,39.309618,2853.181273,-0.457097,66.901283,8.481964,3.126280,0.000000
30.077963,30.457045,39.282513,2848.274717,-0.448518,66.915448,8.490394,3.129657,0.000000
30.096969,30.496026,39.256024,2843.361589,-0.439814,66.929593,8.497969,3.132718,0.000000
30.115921,30.534962,39.230159,2838.442367,-0.431004,66.943730,8.504681,3.135462,0.000000
30.134830,30.573871,39.204928,2833.517519,-0.422120,66.957837,8.510527,3.137887,0.000000
30.153685,30.612754,39.180342,2828.587534,-0.413183,66.971925,8.515503,3.139991,0.000000
30.172497,30.651591,39.156381,2823.652919,-0.404214,66.986004,8.519610,3.141776,0.000000
30.191276,30.690402,39.133055,2818.714154,-0.395265,67.000054,8.522852,3.143242,0.000000
30.209990,30.729177,39.110364,2813.771757,-0.386347,67.014084,8.525235,3.144391,0.000000
30.228672,30.767916,39.088298,2808.826227,-0.377491,67.028107,8.526767,3.145226,0.000000
30.247299,30.806618,39.066849,2803.878084,-0.368718,67.042099,8.527460,3.145752,0.000000
30.265883,30.845285,39.046006,2798.927836,-0.360069,67.056072,8.527326,3.145973,0.000000
30.284424,30.883915,39.025769,2793.975980,-0.351576,67.070027,8.526383,3.145895,0.000000
30.302911,30.922519,39.006120,2789.023027,-0.343250,67.083962,8.524648,3.145525,0.000000
30.321365,30.961087,38.987039,2784.069484,-0.335122,67.097878,8.522143,3.144871,0.000000
30.339765,30.999618,38.968517,2779.115828,-0.327213,67.111775,8.518890,3.143941,0.000000
30.358112,31.038114,38.950534,2774.162558,-0.319564,67.125642,8.514914,3.142744,0.000000
30.376425,31.076573,38.933081,2769.210151,-0.312186,67.139501,8.510243,3.141289,0.000000
30.394684,31.114996,38.916119,2764.259062,-0.305111,67.153341,8.504906,3.139589,0.000000
30.412901,31.153382,38.899638,2759.309760,-0.298349,67.167151,8.498932,3.137653,0.000000
30.431073,31.191742,38.883620,2754.362678,-0.291942,67.180942,8.492355,3.135494,0.000000
30.449203,31.230056,38.868035,2749.418243,-0.285890,67.194714,8.485208,3.133125,0.000000
30.467278,31.268343,38.852854,2744.476878,-0.280225,67.208467,8.477527,3.130558,0.000000
30.485321,31.306585,38.838048,2739.538979,-0.274966,67.222200,8.469349,3.127806,0.000000
30.503310,31.344799,38.823609,2734.604928,-0.270126,67.235915,8.460710,3.124884,0.000000
30.521244,31.382977,38.809486,2729.675077,-0.265713,67.249611,8.451649,3.121806,0.000000
30.539147,31.421119,38.795662,2724.749778,-0.261761,67.263277,8.442207,3.118585,0.000000
30.557005,31.459224,38.782096,2719.829364,-0.258268,67.276924,8.432422,3.115239,0.000000
30.574810,31.497293,38.768771,2714.914123,-0.255257,67.290563,8.422336,3.111780,0.000000
30.592572,31.535325,38.755647,2710.004345,-0.252726,67.304172,8.411991,3.108224,0.000000
30.610290,31.573321,38.742695,2705.100289,-0.250697,67.317762,8.401426,3.104587,0.000000
30.627964,31.611280,38.729886,2700.202214,-0.249170,67.331323,8.390685,3.100884,0.000000
30.645596,31.649212,38.717172,2695.310306,-0.248165,67.344875,8.379809,3.097131,0.000000
30.663184,31.687098,38.704542,2690.424792,-0.247663,67.358397,8.368839,3.093342,0.000000
30.680718,31.724948,38.691949,2685.545826,-0.247694,67.371912,8.357817,3.089533,0.000000
30.698220,31.762770,38.679363,2680.673564,-0.248249,67.385396,8.346784,3.085720,0.000000
30.715667,31.800556,38.666756,2675.808129,-0.249326,67.398862,8.335781,3.081916,0.000000
30.733071,31.838296,38.654087,2670.949624,-0.250938,67.412297,8.324848,3.078138,0.000000
30.750432,31.876008,38.641329,2666.098143,-0.253062,67.425725,8.314024,3.074400,0.000000
30.767761,31.913684,38.628442,2661.253714,-0.255709,67.439134,8.303348,3.070716,0.000000
30.785035,31.951323,38.615408,2656.416389,-0.258880,67.452513,8.292858,3.067100,0.000000
30.802266,31.988925,38.602186,2651.586178,-0.262553,67.465873,8.282591,3.063565,0.000000
30.819454,32.026500,38.588748,2646.763069,-0.266740,67.479214,8.272583,3.060126,0.000000
30.836587,32.064029,38.575055,2641.947021,-0.271419,67.492536,8.262870,3.056796,0.000000
30.853688,32.101521,38.561097,2637.137981,-0.276579,67.505840,8.253485,3.053586,0.000000
30.870746,32.138986,38.546826,2632.335865,-0.282211,67.519124,8.244460,3.050508,0.000000
30.887761,32.176404,38.532222,2627.540579,-0.288314,67.532379,8.235827,3.047576,0.000000
30.904732,32.213795,38.517256,2622.751998,-0.294868,67.545615,8.227616,3.044799,0.000000
30.921660,32.251149,38.501908,2617.969976,-0.301852,67.558832,8.219856,3.042188,0.000000
30.938533,32.288466,38.486149,2613.194358,-0.309266,67.572031,8.212574,3.039754,0.000000
30.955375,32.325746,38.469960,2608.424966,-0.317078,67.585210,8.205796,3.037505,0.000000
30.972173,32.362989,38.453311,2603.661593,-0.325277,67.598371,8.199546,3.035452,0.000000
30.988927,32.400204,38.436173,2598.904030,-0.333844,67.611501,8.193846,3.033602,0.000000
31.005639,32.437374,38.418546,2594.152029,-0.342758,67.624624,8.188718,3.031964,0.000000
31.022307,32.474515,38.400401,2589.405340,-0.352007,67.637718,8.184181,3.030544,0.000000
31.038932,32.511620,38.381718,2584.663704,-0.361560,67.650792,8.180254,3.029350,0.000000
31.055513,32.548678,38.362488,2579.926841,-0.371408,67.663847,8.176952,3.028387,0.000000
31.072051,32.585708,38.342690,2575.194439,-0.381518,67.676884,8.174290,3.027660,0.000000
31.088557,32.622701,38.322305,2570.466197,-0.391869,67.689891,8.172280,3.027176,0.000000
31.105009,32.659667,38.301333,2565.741785,-0.402431,67.702880,8.170935,3.026937,0.000000
31.121428,32.696586,38.279764,2561.020879,-0.413204,67.715860,8.170264,3.026948,0.000000
31.137793,32.733467,38.257579,2556.303118,-0.424134,67.728811,8.170274,3.027211,0.000000
31.154125,32.770321,38.234787,2551.588160,-0.435223,67.741732,8.170971,3.027729,0.000000
31.170415,32.807138,38.211359,2546.875631,-0.446427,67.754645,8.172361,3.028504,0.000000
31.186650,32.843918,38.187314,2542.165148,-0.457727,67.767529,8.174444,3.029536,0.000000
31.202863,32.880660,38.162633,2537.456349,-0.469090,67.780394,8.177223,3.030826,0.000000
31.219023,32.917365,38.137315,2532.748840,-0.480507,67.793240,8.180697,3.032373,0.000000
31.235139,32.954033,38.111380,2528.042216,-0.491946,67.806067,8.184863,3.034177,0.000000
31.251212,32.990663,38.084807,2523.336085,-0.503386,67.818876,8.189716,3.036237,0.000000
31.267252,33.027256,38.057608,2518.630064,-0.514785,67.831655,8.195252,3.038550,0.000000
31.283249,33.063821,38.029790,2513.923717,-0.526121,67.844415,8.201462,3.041113,0.000000
31.299203,33.100339,38.001355,2509.216662,-0.537386,67.857157,8.208337,3.043923,0.000000
31.315113,33.136829,37.972322,2504.508485,-0.548547,67.869869,8.215866,3.046976,0.000000
31.330980,33.173273,37.942680,2499.798792,-0.559561,67.882562,8.224038,3.050268,0.000000
31.346804,33.209688,37.912468,2495.087160,-0.570431,67.895237,8.232838,3.053794,0.000000
31.362596,33.246066,37.881667,2490.373206,-0.581122,67.907893,8.242250,3.057547,0.000000
31.378333,33.282397,37.850315,2485.656516,-0.591605,67.920519,8.252257,3.061522,0.000000
31.394038,33.318699,37.818414,2480.936718,-0.601869,67.933127,8.262841,3.065711,0.000000
31.409699,33.354965,37.785980,2476.213398,-0.611883,67.945716,8.273982,3.070108,0.000000
31.425318,33.391192,37.753045,2471.486205,-0.621614,67.958276,8.285658,3.074704,0.000000
31.440903,33.427373,37.719608,2466.754736,-0.631073,67.970817,8.297846,3.079490,0.000000
31.456435,33.463525,37.685697,2462.018650,-0.640208,67.983339,8.310522,3.084459,0.000000
31.471934,33.499640,37.651333,2457.277584,-0.649019,67.995832,8.323661,3.089600,0.000000
31.487390,33.535707,37.616534,2452.531189,-0.657485,68.008306,8.337235,3.094904,0.000000
31.502803,33.571747,37.581331,2447.779134,-0.665574,68.020751,8.351218,3.100360,0.000000
31.518172,33.607749,37.545741,2443.021108,-0.673287,68.033177,8.365579,3.105958,0.000000
31.533509,33.643703,37.509785,2438.256782,-0.680601,68.045585,8.380290,3.111686,0.000000
31.548792,33.679620,37.473491,2433.485877,-0.687508,68.057963,8.395318,3.117533,0.000000
31.564042,33.715508,37.436890,2428.708114,-0.693985,68.070312,8.410632,3.123488,0.000000
31.579249,33.751349,37.399999,2423.923225,-0.700032,68.082642,8.426199,3.129537,0.000000
31.594413,33.787152,37.362850,2419.130964,-0.705619,68.094954,8.441985,3.135669,0.000000
31.609544,33.822918,37.325469,2414.331102,-0.710756,68.107236,8.457957,3.141870,0.000000
31.624632,33.858636,37.287888,2409.523424,-0.715431,68.119489,8.474080,3.148129,0.000000
31.639666,33.894325,37.250125,2404.707735,-0.719624,68.131723,8.490317,3.154431,0.000000
31.654667,33.929968,37.212219,2399.883859,-0.723346,68.143939,8.506634,3.160764,0.000000
31.669626,33.965572,37.174190,2395.051652,-0.726586,68.156125,8.522994,3.167115,0.000000
31.684551,34.001138,37.136067,2390.210961,-0.729332,68.168282,8.539362,3.173468,0.000000
31.699423,34.036657,37.097879,2385.361693,-0.731597,68.180410,8.555700,3.179813,0.000000
31.714262,34.072147,37.059655,2380.503725,-0.733379,68.192519,8.571973,3.186133,0.000000
31.729058,34.107590,37.021425,2375.637017,-0.734669,68.204610,8.588145,3.192418,0.000000
31.743810,34.142985,36.983218,2370.761488,-0.735476,68.216660,8.604179,3.198652,0.000000
31.758520,34.178352,36.945053,2365.877127,-0.735800,68.228693,8.620039,3.204822,0.000000
31.773196,34.213671,36.906960,2360.983915,-0.735663,68.240696,8.635692,3.210917,0.000000
31.787819,34.248942,36.868968,2356.081875,-0.735043,68.252680,8.651101,3.216921,0.000000
31.802410,34.284176,36.831107,2351.171027,-0.733972,68.264624,8.666233,3.222824,0.000000
31.816957,34.319371,36.793395,2346.251445,-0.732461,68.276550,8.681056,3.228613,0.000000
31.831471,34.354527,36.755852,2341.323203,-0.730497,68.288447,8.695535,3.234275,0.000000
31.845931,34.389627,36.718509,2336.386395,-0.728125,68.300325,8.709641,3.239799,0.000000
31.860349,34.424698,36.681393,2331.441134,-0.725333,68.312163,8.723344,3.245174,0.000000
31.874733,34.459721,36.644515,2326.487589,-0.722141,68.323983,8.736613,3.250388,0.000000
31.889075,34.494706,36.607905,2321.525893,-0.718572,68.335774,8.749422,3.255432,0.000000
31.903373,34.529642,36.571571,2316.556245,-0.714645,68.347535,8.761744,3.260296,0.000000
31.917639,34.564531,36.535544,2311.578831,-0.710372,68.359267,8.773555,3.264970,0.000000
31.931850,34.599382,36.499833,2306.593890,-0.705762,68.370971,8.784831,3.269446,0.000000
31.946029,34.634185,36.464458,2301.601640,-0.700858,68.382645,8.795551,3.273716,0.000000
31.960165,34.668949,36.429438,2296.602350,-0.695681,68.394300,8.805695,3.277772,0.000000
31.974258,34.703666,36.394774,2291.596280,-0.690230,68.405916,8.815245,3.281608,0.000000
31.988307,34.738343,36.360494,2286.583731,-0.684548,68.417503,8.824186,3.285218,0.000000
32.002313,34.772973,36.326600,2281.564981,-0.678645,68.429071,8.832503,3.288595,0.000000
32.016287,34.807565,36.293100,2276.540363,-0.672564,68.440599,8.840184,3.291737,0.000000
32.030217,34.842098,36.260006,2271.510207,-0.666313,68.452109,8.847218,3.294638,0.000000
32.044105,34.876593,36.227325,2266.474835,-0.659936,68.463580,8.853599,3.297296,0.000000
32.057948,34.911050,36.195060,2261.434609,-0.653433,68.475032,8.859320,3.299709,0.000000
32.071749,34.945449,36.163218,2256.389881,-0.646855,68.486444,8.864376,3.301875,0.000000
32.085517,34.979819,36.131802,2251.341023,-0.640225,68.497827,8.868767,3.303793,0.000000
32.099242,35.014131,36.100810,2246.288408,-0.633552,68.509192,8.872493,3.305464,0.000000
32.112923,35.048395,36.070234,2241.232418,-0.626889,68.520517,8.875556,3.306888,0.000000
32.126562,35.082620,36.040082,2236.173426,-0.620246,68.531813,8.877960,3.308066,0.000000
32.140157,35.116797,36.010355,2231.111845,-0.613655,68.543080,8.879712,3.309002,0.000000
32.153719,35.150935,35.981034,2226.048048,-0.607137,68.554319,8.880821,3.309699,0.000000
32.167239,35.185015,35.952128,2220.982427,-0.600735,68.565528,8.881297,3.310159,0.000000
32.180715,35.219056,35.923618,2215.915374,-0.594457,68.576708,8.881153,3.310388,0.000000
32.194147,35.253049,35.895495,2210.847294,-0.588337,68.587849,8.880403,3.310392,0.000000
32.207548,35.286994,35.867758,2205.778568,-0.582405,68.598971,8.879062,3.310175,0.000000
32.220894,35.320899,35.840388,2200.709568,-0.576683,68.610054,8.877150,3.309745,0.000000
32.234208,35.354747,35.813365,2195.640697,-0.571192,68.621118,8.874685,3.309109,0.000000
32.247489,35.388556,35.786699,2190.572316,-0.565963,68.632143,8.871688,3.308275,0.000000
32.260717,35.422316,35.760343,2185.504787,-0.561017,68.643139,8.868181,3.307250,0.000000
32.273911,35.456037,35.734314,2180.438492,-0.556364,68.654096,8.864190,3.306044,0.000000
32.287063,35.489700,35.708564,2175.373761,-0.552038,68.665034,8.859738,3.304666,0.000000
32.300171,35.523315,35.683094,2170.310955,-0.548068,68.675933,8.854853,3.303126,0.000000
32.313236,35.556890,35.657884,2165.250394,-0.544444,68.686813,8.849561,3.301435,0.000000
32.326269,35.590417,35.632904,2160.192388,-0.541220,68.697654,8.843892,3.299602,0.000000
32.339258,35.623895,35.608145,2155.137267,-0.538384,68.708466,8.837874,3.297638,0.000000
32.352215,35.657324,35.583578,2150.085310,-0.535968,68.719239,8.831537,3.295556,0.000000
32.365118,35.690714,35.559182,2145.036804,-0.533972,68.729994,8.824913,3.293365,0.000000
32.377988,35.724046,35.534929,2139.992018,-0.532429,68.740709,8.818033,3.291079,0.000000
32.390816,35.757339,35.510809,2134.951189,-0.531347,68.751395,8.810928,3.288708,0.000000
32.403610,35.790583,35.486793,2129.914565,-0.530718,68.762053,8.803630,3.286265,0.000000
32.416362,35.823778,35.462851,2124.882351,-0.530571,68.772682,8.796173,3.283762,0.000000
32.429070,35.856924,35.438973,2119.854774,-0.530909,68.783282,8.788587,3.281211,0.000000
32.441745,35.890021,35.415111,2114.831999,-0.531741,68.793843,8.780907,3.278623,0.000000
32.454378,35.923070,35.391264,2109.814200,-0.533066,68.804385,8.773164,3.276012,0.000000
32.466967,35.956079,35.367394,2104.801532,-0.534897,68.814889,8.765390,3.273389,0.000000
32.479524,35.989039,35.343480,2099.794128,-0.537222,68.825363,8.757618,3.270766,0.000000
32.492027,36.021950,35.319494,2094.792092,-0.540051,68.835798,8.749879,3.268155,0.000000
32.504508,36.054812,35.295425,2089.795535,-0.543386,68.846216,8.742205,3.265568,0.000000
32.516945,36.087625,35.271225,2084.804530,-0.547226,68.856594,8.734625,3.263015,0.000000
32.529340,36.120389,35.246893,2079.819139,-0.551560,68.866943,8.727171,3.260509,0.000000
32.541691,36.153113,35.222401,2074.839400,-0.556389,68.877263,8.719871,3.258060,0.000000
32.554010,36.185779,35.197708,2069.865346,-0.561712,68.887555,8.712754,3.255679,0.000000
32.566296,36.218405,35.172815,2064.896986,-0.567520,68.897808,8.705848,3.253376,0.000000
32.578529,36.250982,35.147692,2059.934298,-0.573791,68.908043,8.699179,3.251162,0.000000
32.590729,36.283509,35.122310,2054.977251,-0.580536,68.918238,8.692774,3.249045,0.000000
32.602896,36.315998,35.096650,2050.025813,-0.587723,68.928405,8.686656,3.247036,0.000000
32.615020,36.348427,35.070701,2045.079912,-0.595363,68.938544,8.680851,3.245143,0.000000
32.627112,36.380816,35.044433,2040.139475,-0.603425,68.948643,8.675381,3.243376,0.000000
32.639160,36.413156,35.017828,2035.204408,-0.611908,68.958724,8.670267,3.241740,0.000000
32.651166,36.445447,34.990885,2030.274597,-0.620781,68.968766,8.665529,3.240246,0.000000
32.663139,36.477689,34.963565,2025.349909,-0.630044,68.978780,8.661187,3.238899,0.000000
32.675068,36.509881,34.935868,2020.430217,-0.639665,68.988765,8.657258,3.237706,0.000000
32.686965,36.542033,34.907764,2015.515348,-0.649634,68.998721,8.653758,3.236673,0.000000
32.698830,36.574136,34.879253,2010.605155,-0.659931,69.008639,8.650703,3.235807,0.000000
32.710651,36.606190,34.850315,2005.699432,-0.670544,69.018527,8.648107,3.235112,0.000000
32.722429,36.638193,34.820942,2000.798003,-0.681431,69.028388,8.645980,3.234593,0.000000
32.734175,36.670148,34.791121,1995.900662,-0.692593,69.038220,8.644335,3.234253,0.000000
32.745878,36.702053,34.760835,1991.007181,-0.703998,69.048023,8.643181,3.234097,0.000000
32.757548,36.733917,34.730092,1986.117333,-0.715624,69.057788,8.642525,3.234128,0.000000
32.769185,36.765733,34.698873,1981.230881,-0.727452,69.067535,8.642375,3.234348,0.000000
32.780780,36.797498,34.667168,1976.347576,-0.739449,69.077242,8.642735,3.234759,0.000000
32.792341,36.829214,34.634987,1971.467172,-0.751605,69.086921,8.643609,3.235362,0.000000
32.803860,36.860881,34.602309,1966.589399,-0.763889,69.096562,8.644999,3.236159,0.000000
32.815335,36.892507,34.569145,1961.713980,-0.776268,69.106184,8.646906,3.237149,0.000000
32.826789,36.924083,34.535485,1956.840656,-0.788732,69.115768,8.649329,3.238332,0.000000
32.838200,36.955600,34.501329,1951.969127,-0.801250,69.125323,8.652266,3.239708,0.000000
32.849567,36.987077,34.466686,1947.099127,-0.813790,69.134839,8.655713,3.241276,0.000000
32.860902,37.018514,34.431556,1942.230346,-0.826342,69.144337,8.659666,3.243033,0.000000
32.872204,37.049891,34.395929,1937.362504,-0.838873,69.153797,8.664118,3.244977,0.000000
32.883463,37.081218,34.359825,1932.495304,-0.851364,69.163228,8.669061,3.247105,0.000000
32.894690,37.112506,34.323243,1927.628447,-0.863782,69.172631,8.674487,3.249415,0.000000
32.905874,37.143743,34.286185,1922.761653,-0.876116,69.181995,8.680384,3.251901,0.000000
32.917025,37.174920,34.248668,1917.894605,-0.888326,69.191331,8.686741,3.254561,0.000000
32.928143,37.206058,34.210693,1913.027023,-0.900399,69.200638,8.693546,3.257388,0.000000
32.939218,37.237155,34.172270,1908.158608,-0.912316,69.209907,8.700784,3.260378,0.000000
32.950261,37.268192,34.133419,1903.289074,-0.924044,69.219158,8.708439,3.263525,0.000000
32.961261,37.299179,34.094138,1898.418140,-0.935572,69.228370,8.716495,3.266823,0.000000
32.972228,37.330126,34.054448,1893.545531,-0.946881,69.237544,8.724935,3.270265,0.000000
32.983163,37.361013,34.014359,1888.670956,-0.957938,69.246689,8.733740,3.273845,0.000000
32.994065,37.391859,33.973880,1883.794160,-0.968732,69.255806,8.742890,3.277554,0.000000
33.004925,37.422646,33.933030,1878.914874,-0.979243,69.264895,8.752365,3.281386,0.000000
33.015740,37.453392,33.891830,1874.032851,-0.989459,69.273945,8.762143,3.285332,0.000000
33.026535,37.484088,33.850289,1869.147835,-0.999361,69.282967,8.772202,3.289384,0.000000
33.037275,37.514734,33.808427,1864.259599,-1.008926,69.291950,8.782519,3.293533,0.000000
33.047993,37.545329,33.766262,1859.367927,-1.018155,69.300916,8.793069,3.297771,0.000000
33.058669,37.575874,33.723806,1854.472582,-1.027016,69.309832,8.803829,3.302088,0.000000
33.069312,37.606369,33.681078,1849.573371,-1.035509,69.318720,8.814773,3.306475,0.000000
33.079922,37.636814,33.638106,1844.670107,-1.043623,69.327580,8.825876,3.310922,0.000000
33.090489,37.667208,33.594902,1839.762595,-1.051348,69.336412,8.837111,3.315420,0.000000
33.101024,37.697552,33.551474,1834.850682,-1.058673,69.345195,8.848453,3.319958,0.000000
33.111516,37.727835,33.507862,1829.934213,-1.065598,69.353961,8.859875,3.324527,0.000000
33.121986,37.758078,33.464076,1825.013035,-1.072103,69.362687,8.871349,3.329116,0.000000
33.132402,37.788270,33.420135,1820.087045,-1.078197,69.371376,8.882850,3.333716,0.000000
33.142796,37.818412,33.376059,1815.156110,-1.083870,69.380036,8.894349,3.338316,0.000000
33.153147,37.848503,33.331867,1810.220149,-1.089121,69.388668,8.905820,3.342907,0.000000
33.163465,37.878534,33.287580,1805.279079,-1.093952,69.397262,8.917235,3.347477,0.000000
33.173752,37.908524,33.243217,1800.332829,-1.098361,69.405817,8.928570,3.352017,0.000000
33.183995,37.938454,33.198788,1795.381358,-1.102360,69.414344,8.939796,3.356518,0.000000
33.194205,37.968343,33.154332,1790.424626,-1.105947,69.422832,8.950887,3.360969,0.000000
33.204372,37.998172,33.109849,1785.462614,-1.109114,69.431282,8.961819,3.365361,0.000000
33.214518,38.027949,33.065368,1780.495331,-1.111890,69.439715,8.972567,3.369684,0.000000
33.224620,38.057676,33.020891,1775.522789,-1.114267,69.448099,8.983105,3.373929,0.000000
33.234680,38.087343,32.976455,1770.545019,-1.116263,69.456455,8.993411,3.378088,0.000000
33.244717,38.116969,32.932071,1765.562074,-1.117881,69.464772,9.003461,3.382151,0.000000
33.254711,38.146534,32.887749,1760.574005,-1.119140,69.473051,9.013233,3.386110,0.000000
33.264673,38.176048,32.843508,1755.580886,-1.120051,69.481302,9.022707,3.389958,0.000000
33.274592,38.205511,32.799359,1750.582830,-1.120625,69.489515,9.031861,3.393687,0.000000
33.284478,38.234923,32.755321,1745.579940,-1.120882,69.497700,9.040678,3.397289,0.000000
33.294332,38.264275,32.711404,1740.572331,-1.120845,69.505846,9.049139,3.400758,0.000000
33.304143,38.293576,32.667627,1735.560146,-1.120511,69.513954,9.057227,3.404088,0.000000
33.313932,38.322826,32.623991,1730.543532,-1.119915,69.522024,9.064926,3.407272,0.000000
33.323677,38.352025,32.580516,1725.522662,-1.119075,69.530066,9.072224,3.410306,0.000000
33.333380,38.381163,32.537201,1720.497703,-1.118004,69.538070,9.079107,3.413183,0.000000
33.343061,38.410250,32.494056,1715.468860,-1.116731,69.546035,9.085563,3.415901,0.000000
33.352698,38.439286,32.451102,1710.436330,-1.115280,69.553962,9.091582,3.418456,0.000000
33.362293,38.468261,32.408337,1705.400308,-1.113660,69.561862,9.097156,3.420843,0.000000
33.371866,38.497185,32.365763,1700.361042,-1.111912,69.569713,9.102278,3.423061,0.000000
33.381395,38.526058,32.323389,1695.318738,-1.110049,69.577536,9.106942,3.425106,0.000000
33.390892,38.554870,32.281225,1690.273664,-1.108101,69.585331,9.111143,3.426978,0.000000
33.400357,38.583631,32.239261,1685.226046,-1.106090,69.593077,9.114881,3.428676,0.000000
33.409779,38.612340,32.197497,1680.176152,-1.104036,69.600796,9.118152,3.430199,0.000000
33.419168,38.640989,32.155954,1675.124251,-1.101971,69.608467,9.120958,3.431546,0.000000
33.428524,38.669586,32.114610,1670.070599,-1.099928,69.616109,9.123301,3.432720,0.000000
33.437849,38.698131,32.073477,1665.015474,-1.097916,69.623714,9.125183,3.433721,0.000000
33.447130,38.726616,32.032554,1659.959144,-1.095967,69.631280,9.126611,3.434550,0.000000
33.456378,38.755040,31.991822,1654.901908,-1.094113,69.638819,9.127589,3.435211,0.000000
33.465595,38.783422,31.951291,1649.844032,-1.092364,69.646309,9.128126,3.435706,0.000000
33.474778,38.811742,31.910950,1644.785806,-1.090773,69.653771,9.128232,3.436038,0.000000
33.483919,38.840002,31.870790,1639.727516,-1.089331,69.661196,9.127915,3.436211,0.000000
33.493027,38.868210,31.830811,1634.669451,-1.088088,69.668583,9.127188,3.436230,0.000000
33.502103,38.896366,31.791003,1629.611879,-1.087057,69.675931,9.126064,3.436099,0.000000
33.511146,38.924461,31.751346,1624.555086,-1.086268,69.683241,9.124556,3.435824,0.000000
33.520146,38.952495,31.711841,1619.499362,-1.085732,69.690514,9.122680,3.435410,0.000000
33.529124,38.980487,31.672488,1614.444973,-1.085471,69.697748,9.120452,3.434864,0.000000
33.538060,39.008418,31.633246,1609.392186,-1.085527,69.704955,9.117889,3.434191,0.000000
33.546952,39.036287,31.594136,1604.341269,-1.085899,69.712114,9.115009,3.433398,0.000000
33.555822,39.064104,31.555119,1599.292489,-1.086609,69.719245,9.111831,3.432493,0.000000
33.564649,39.091860,31.516194,1594.246092,-1.087689,69.726328,9.108374,3.431483,0.000000
33.573455,39.119564,31.477352,1589.202324,-1.089139,69.733383,9.104658,3.430375,0.000000
33.582217,39.147217,31.438572,1584.161433,-1.090989,69.740401,9.100706,3.429178,0.000000
33.590947,39.174807,31.399826,1579.123643,-1.093252,69.747380,9.096536,3.427898,0.000000
33.599634,39.202337,31.361123,1574.089171,-1.095938,69.754322,9.092173,3.426546,0.000000
33.608299,39.229814,31.322433,1569.058232,-1.099067,69.761226,9.087637,3.425128,0.000000
33.616921,39.257239,31.283747,1564.031031,-1.102640,69.768103,9.082952,3.423653,0.000000
33.625521,39.284603,31.245045,1559.007763,-1.106678,69.774931,9.078139,3.422130,0.000000
33.634078,39.311915,31.206306,1553.988613,-1.111181,69.781732,9.073223,3.420568,0.000000
33.642603,39.339165,31.167523,1548.973734,-1.116160,69.788485,9.068225,3.418974,0.000000
33.651084,39.366363,31.128673,1543.963300,-1.121625,69.795210,9.063168,3.417359,0.000000
33.659544,39.393509,31.089738,1538.957456,-1.127587,69.801898,9.058075,3.415729,0.000000
33.667971,39.420583,31.050708,1533.956343,-1.134036,69.808537,9.052970,3.414094,0.000000
33.676356,39.447615,31.011563,1528.960066,-1.140981,69.815150,9.047873,3.412462,0.000000
33.684707,39.474585,30.972283,1523.968756,-1.148424,69.821724,9.042807,3.410842,0.000000
33.693037,39.501494,30.932849,1518.982495,-1.156374,69.828261,9.037794,3.409241,0.000000
33.701324,39.528359,30.893260,1514.001386,-1.164811,69.834771,9.032855,3.407668,0.000000
33.709579,39.555154,30.853477,1509.025489,-1.173746,69.841233,9.028011,3.406130,0.000000
33.717801,39.581895,30.813509,1504.054866,-1.183167,69.847657,9.023281,3.404635,0.000000
33.725991,39.608585,30.773318,1499.089567,-1.193075,69.854053,9.018686,3.403191,0.000000
33.734148,39.635212,30.732903,1494.129644,-1.203460,69.860413,9.014244,3.401804,0.000000
33.742262,39.661787,30.692253,1489.175095,-1.214320,69.866724,9.009973,3.400481,0.000000
33.750355,39.688310,30.651340,1484.225941,-1.225647,69.873008,9.005891,3.399229,0.000000
33.758415,39.714771,30.610154,1479.282192,-1.237419,69.879254,9.002014,3.398055,0.000000
33.766431,39.741169,30.568684,1474.343815,-1.249624,69.885463,8.998358,3.396964,0.000000
33.774427,39.767515,30.526920,1469.410801,-1.262265,69.891635,8.994938,3.395961,0.000000
33.782389,39.793809,30.484844,1464.483096,-1.275329,69.897779,8.991768,3.395053,0.000000
33.790309,39.820040,30.442453,1459.560681,-1.288785,69.903876,8.988860,3.394244,0.000000
33.798207,39.846218,30.399730,1454.643462,-1.302623,69.909945,8.986227,3.393538,0.000000
33.806062,39.872345,30.356673,1449.731408,-1.316832,69.915967,8.983880,3.392940,0.000000
33.813895,39.898408,30.313253,1444.824405,-1.331401,69.921961,8.981828,3.392454,0.000000
33.821696,39.924410,30.269480,1439.922381,-1.346300,69.927918,8.980081,3.392082,0.000000
33.829453,39.950358,30.225344,1435.025243,-1.361517,69.933838,8.978646,3.391828,0.000000
33.837189,39.976254,30.180825,1430.132877,-1.377021,69.939720,8.977531,3.391695,0.000000
33.844882,40.002098,30.135932,1425.245171,-1.392811,69.945565,8.976740,3.391685,0.000000
33.852553,40.027879,30.090656,1420.361989,-1.408857,69.951383,8.976279,3.391799,0.000000
33.860192,40.053597,30.044986,1415.483220,-1.425136,69.957153,8.976150,3.392039,0.000000
33.867788,40.079262,29.998924,1410.608707,-1.441629,69.962897,8.976357,3.392405,0.000000
33.875361,40.104875,29.952458,1405.738318,-1.458313,69.968592,8.976901,3.392899,0.000000
33.882903,40.130425,29.905588,1400.871898,-1.475178,69.974261,8.977782,3.393520,0.000000
33.890412,40.155922,29.858325,1396.009303,-1.492182,69.979892,8.978999,3.394269,0.000000
33.897889,40.181367,29.810659,1391.150358,-1.509325,69.985486,8.980550,3.395143,0.000000
33.905333,40.206748,29.762579,1386.294909,-1.526565,69.991043,8.982432,3.396143,0.000000
33.912745,40.232077,29.714104,1381.442780,-1.543880,69.996563,8.984641,3.397267,0.000000
33.920135,40.257343,29.665226,1376.593808,-1.561271,70.002056,8.987173,3.398513,0.000000
33.927482,40.282555,29.615954,1371.747818,-1.578684,70.007501,8.990020,3.399879,0.000000
33.934797,40.307715,29.566278,1366.904634,-1.596130,70.012919,8.993177,3.401362,0.000000
33.942090,40.332812,29.516218,1362.064093,-1.613567,70.018290,8.996635,3.402959,0.000000
33.949340,40.357856,29.465763,1357.226009,-1.630974,70.023634,9.000385,3.404666,0.000000
33.956568,40.382837,29.414934,1352.390208,-1.648330,70.028941,9.004417,3.406481,0.000000
33.963764,40.407765,29.363720,1347.556505,-1.665634,70.034211,9.008722,3.408399,0.000000
33.970927,40.432639,29.312131,1342.724755,-1.682844,70.039444,9.013287,3.410416,0.000000
33.978058,40.457451,29.260187,1337.894755,-1.699950,70.044639,9.018100,3.412527,0.000000
33.985168,40.482209,29.207878,1333.066369,-1.716930,70.049798,9.023148,3.414727,0.000000
33.992234,40.506904,29.155234,1328.239404,-1.733774,70.054919,9.028418,3.417012,0.000000
33.999268,40.531546,29.102234,1323.413715,-1.750450,70.060014,9.033896,3.419375,0.000000
34.006280,40.556125,29.048909,1318.589138,-1.766969,70.065061,9.039565,3.421812,0.000000
34.013260,40.580660,28.995269,1313.765529,-1.783288,70.070072,9.045412,3.424316,0.000000
34.020207,40.605122,28.941302,1308.942745,-1.799407,70.075055,9.051419,3.426881,0.000000
34.027122,40.629531,28.887049,1304.120632,-1.815316,70.079992,9.057571,3.429501,0.000000
34.034016,40.653887,28.832490,1299.299057,-1.830993,70.084902,9.063850,3.432170,0.000000
34.040866,40.678189,28.777665,1294.477916,-1.846439,70.089764,9.070240,3.434882,0.000000
34.047695,40.702427,28.722554,1289.657067,-1.861632,70.094600,9.076723,3.437628,0.000000
34.054491,40.726603,28.667195,1284.836407,-1.876572,70.099399,9.083281,3.440404,0.000000
34.061255,40.750724,28.611590,1280.015832,-1.891249,70.104151,9.089897,3.443202,0.000000
34.067986,40.774792,28.555748,1275.195263,-1.905662,70.108876,9.096551,3.446016,0.000000
34.074685,40.798797,28.499679,1270.374594,-1.919791,70.113554,9.103227,3.448837,0.000000
34.081362,40.822748,28.443393,1265.553756,-1.933656,70.118205,9.109906,3.451661,0.000000
34.088007,40.846636,28.386919,1260.732687,-1.947236,70.122809,9.116570,3.454479,0.000000
34.094620,40.870470,28.330248,1255.911334,-1.960531,70.127387,9.123202,3.457285,0.000000
34.101200,40.894250,28.273399,1251.089649,-1.973553,70.131928,9.129783,3.460073,0.000000
34.107748,40.917967,28.216382,1246.267588,-1.986300,70.136422,9.136296,3.462835,0.000000
34.114274,40.941620,28.159208,1241.445142,-1.998772,70.140879,9.142724,3.465566,0.000000
34.120768,40.965219,28.101895,1236.622291,-2.010971,70.145310,9.149051,3.468258,0.000000
34.127230,40.988764,28.044445,1231.799035,-2.022916,70.149693,9.155259,3.470906,0.000000
34.133659,41.012246,27.986876,1226.975384,-2.034597,70.154050,9.161332,3.473503,0.000000
34.140066,41.035664,27.929189,1222.151349,-2.046025,70.158360,9.167256,3.476044,0.000000
34.146430,41.059028,27.871404,1217.326970,-2.057222,70.162634,9.173016,3.478523,0.000000
34.152773,41.082338,27.813520,1212.502278,-2.068196,70.166870,9.178596,3.480935,0.000000
34.159083,41.105584,27.755547,1207.677335,-2.078949,70.171070,9.183985,3.483274,0.000000
34.165372,41.128777,27.697506,1202.852203,-2.089502,70.175234,9.189168,3.485536,0.000000
34.171628,41.151905,27.639396,1198.026943,-2.099864,70.179361,9.194134,3.487715,0.000000
34.177852,41.174969,27.581218,1193.201657,-2.110058,70.183441,9.198871,3.489808,0.000000
34.184043,41.197980,27.522991,1188.376428,-2.120105,70.187494,9.203369,3.491811,0.000000
34.190202,41.220936,27.464714,1183.551368,-2.130004,70.191501,9.207618,3.493719,0.000000
34.196340,41.243828,27.406399,1178.726580,-2.139787,70.195481,9.211610,3.495530,0.000000
34.202445,41.266657,27.348045,1173.902197,-2.149465,70.199415,9.215336,3.497241,0.000000
34.208517,41.289431,27.289662,1169.078353,-2.159070,70.203312,9.218790,3.498849,0.000000
34.214569,41.312141,27.231249,1164.255180,-2.168612,70.207172,9.221967,3.500351,0.000000
34.220576,41.334796,27.172808,1159.432831,-2.178123,70.210996,9.224860,3.501746,0.000000
34.226573,41.357398,27.114348,1154.611472,-2.187614,70.214773,9.227466,3.503032,0.000000
34.232527,41.379925,27.055878,1149.791255,-2.197116,70.218525,9.229781,3.504209,0.000000
34.238460,41.402408,26.997380,1144.972355,-2.206650,70.222229,9.231805,3.505275,0.000000
34.244349,41.424817,26.938872,1140.154966,-2.216238,70.225897,9.233536,3.506229,0.000000
34.250227,41.447171,26.880345,1135.339251,-2.225902,70.229528,9.234974,3.507072,0.000000
34.256062,41.469471,26.821799,1130.525417,-2.235672,70.233123,9.236120,3.507805,0.000000
34.261876,41.491707,26.763244,1125.713656,-2.245570,70.236682,9.236975,3.508427,0.000000
34.267657,41.513888,26.704660,1120.904163,-2.255617,70.240194,9.237544,3.508941,0.000000
34.273416,41.536004,26.646056,1116.097153,-2.265845,70.243680,9.237829,3.509347,0.000000
34.279133,41.558057,26.587434,1111.292821,-2.276276,70.247119,9.237836,3.509647,0.000000
34.284838,41.580054,26.528782,1106.491382,-2.286930,70.250522,9.237569,3.509843,0.000000
34.290501,41.601988,26.470102,1101.693060,-2.297829,70.253889,9.237036,3.509938,0.000000
34.296141,41.623866,26.411382,1096.898049,-2.309004,70.257219,9.236244,3.509935,0.000000
34.301750,41.645680,26.352624,1092.106585,-2.320478,70.260503,9.235200,3.509836,0.000000
34.307326,41.667440,26.293816,1087.318882,-2.332270,70.263761,9.233915,3.509644,0.000000
34.312880,41.689134,26.234949,1082.535155,-2.344402,70.266973,9.232396,3.509365,0.000000
34.318402,41.710765,26.176034,1077.755619,-2.356907,70.270148,9.230655,3.509001,0.000000
34.323903,41.732350,26.117049,1072.980488,-2.369784,70.273287,9.228703,3.508556,0.000000
34.329371,41.753861,26.057986,1068.209987,-2.383076,70.276389,9.226550,3.508035,0.000000
34.334806,41.775316,25.998844,1063.444330,-2.396793,70.279446,9.224209,3.507442,0.000000
34.340220,41.796707,25.939603,1058.683722,-2.410957,70.282476,9.221692,3.506782,0.000000
34.345602,41.818044,25.880273,1053.928366,-2.425578,70.285460,9.219012,3.506060,0.000000
34.350951,41.839325,25.820834,1049.178478,-2.440677,70.288408,9.216183,3.505281,0.000000
34.356279,41.860541,25.761276,1044.434251,-2.456277,70.291320,9.213217,3.504450,0.000000
34.361574,41.881693,25.701590,1039.695889,-2.472386,70.294196,9.210128,3.503572,0.000000
34.366848,41.902790,25.641765,1034.963586,-2.489017,70.297036,9.206931,3.502652,0.000000
34.372089,41.923821,25.581791,1030.237526,-2.506191,70.299839,9.203640,3.501697,0.000000
34.377298,41.944798,25.521668,1025.517902,-2.523907,70.302597,9.200269,3.500711,0.000000
34.382486,41.965709,25.461376,1020.804867,-2.542186,70.305318,9.196833,3.499700,0.000000
0.049631,0.045666,53.187138,4979.123916,-0.550986,46.203882,4.364802,1.661093,0.000000
0.099229,0.091315,53.124086,4976.546879,-0.570852,46.196002,4.402003,1.675392,0.000000
0.148805,0.136959,53.058732,4973.952804,-0.590083,46.188183,4.440930,1.690351,0.000000
0.198359,0.182596,52.991136,4971.340545,-0.608636,46.180405,4.481571,1.705964,0.000000
0.247891,0.228228,52.921396,4968.708959,-0.626501,46.172678,4.523910,1.722227,0.000000
0.297391,0.273853,52.849603,4966.056903,-0.643624,46.165003,4.567930,1.739133,0.000000
0.346879,0.319462,52.775836,4963.383233,-0.659985,46.157379,4.613609,1.756673,0.000000
0.396324,0.365075,52.700203,4960.686795,-0.675551,46.149806,4.660924,1.774838,0.000000
0.445758,0.410673,52.622784,4957.966477,-0.690290,46.142284,4.709846,1.793620,0.000000
0.495159,0.456263,52.543698,4955.221147,-0.704171,46.134803,4.760346,1.813005,0.000000
0.544538,0.501838,52.463054,4952.449701,-0.717161,46.127383,4.812389,1.832981,0.000000
0.593895,0.547417,52.380942,4949.651050,-0.729239,46.120004,4.865935,1.853533,0.000000
0.643219,0.592979,52.297492,4946.824102,-0.740373,46.112676,4.920942,1.874645,0.000000
0.692511,0.638536,52.212811,4943.967816,-0.750543,46.105399,4.977362,1.896299,0.000000
0.741781,0.684076,52.127021,4941.081132,-0.759704,46.098172,5.035143,1.918475,0.000000
0.791029,0.729610,52.040239,4938.163052,-0.767847,46.090987,5.094226,1.941151,0.000000
0.840244,0.775138,51.952597,4935.212598,-0.774929,46.083852,5.154549,1.964303,0.000000
0.889437,0.820650,51.864222,4932.228811,-0.780950,46.076769,5.216043,1.987906,0.000000
0.938587,0.866155,51.775235,4929.210775,-0.785877,46.069736,5.278635,2.011931,0.000000
0.987726,0.911644,51.685775,4926.157615,-0.789690,46.062744,5.342245,2.036348,0.000000
1.036821,0.957127,51.595972,4923.068507,-0.792367,46.055792,5.406786,2.061124,0.000000
1.085916,1.002584,51.504917,4919.944662,-0.811654,45.992912,5.472983,2.086535,-31.413288
1.135032,1.047975,51.411684,4916.786747,-0.829997,45.929367,5.541599,2.112873,-31.409535
1.184158,1.093320,51.316390,4913.593131,-0.847332,45.865135,5.612607,2.140128,-31.405782
1.233295,1.138599,51.219165,4910.362223,-0.863650,45.800196,5.685976,2.168288,-31.402030
1.282464,1.183822,51.120118,4907.092403,-0.878885,45.734511,5.761665,2.197337,-31.398277
1.331643,1.228988,51.019400,4903.782099,-0.893017,45.668069,5.839630,2.227259,-31.394524
1.380844,1.274098,50.917128,4900.429733,-0.906013,45.600831,5.919818,2.258034,-31.390771
1.430055,1.319142,50.813454,4897.033765,-0.917821,45.532785,6.002169,2.289640,-31.387019
1.479287,1.364120,50.708525,4893.592678,-0.928429,45.463902,6.086616,2.322050,-31.383266
1.528540,1.409042,50.602471,4890.105014,-0.937785,45.394162,6.173082,2.355237,-31.379513
1.577814,1.453907,50.495463,4886.569298,-0.945877,45.323545,6.261483,2.389166,-31.375761
1.627099,1.498696,50.387639,4882.984156,-0.952652,45.252010,6.351723,2.423804,-31.372008
1.676405,1.543419,50.279169,4879.348232,-0.958089,45.179569,6.443700,2.459110,-31.368255
1.725733,1.588085,50.170202,4875.660236,-0.962177,45.106170,6.537299,2.495042,-31.364503
1.775070,1.632675,50.060910,4871.918937,-0.964862,45.031825,6.632395,2.531550,-31.360750
1.824440,1.677189,49.951450,4868.123176,-0.966145,44.956493,6.728854,2.568586,-31.356997
1.873820,1.721646,49.842003,4864.271866,-0.965994,44.880175,6.826530,2.606092,-31.353245
1.923221,1.766016,49.732729,4860.364012,-0.964397,44.802840,6.925266,2.644009,-31.349492
1.972644,1.810320,49.623798,4856.398690,-0.961323,44.724490,7.024893,2.682272,-31.345739
2.022087,1.854547,49.515399,4852.375080,-0.956771,44.645113,7.125233,2.720815,-31.341986
2.071541,1.898708,49.407683,4848.292483,-0.950731,44.564692,7.226095,2.759563,-31.338234
2.121027,1.942782,49.300849,4844.150283,-0.943181,44.483226,7.327279,2.798441,-31.334481
2.170524,1.986769,49.195058,4839.947996,-0.934142,44.400705,7.428573,2.837367,-31.330728
2.220041,2.030689,49.090489,4835.685272,-0.923582,44.317131,7.529756,2.876257,-31.326976
2.269591,2.074523,48.987314,4831.361863,-0.911534,44.232503,7.630596,2.915023,-31.323223
2.319140,2.118270,48.885711,4826.977693,-0.897985,44.146833,7.730854,2.953573,-31.319470
2.368721,2.161940,48.785842,4822.532789,-0.882946,44.060100,7.830281,2.991813,-31.315718
2.418323,2.205513,48.687897,4818.027354,-0.866440,43.972336,7.928624,3.029644,-31.311965
2.467947,2.249009,48.592026,4813.461731,-0.848475,43.883542,8.025619,3.066966,-31.308212
2.517581,2.292409,48.498410,4808.836448,-0.829084,43.793717,8.121001,3.103679,-31.304460
2.567247,2.335721,48.407189,4804.152134,-0.808288,43.702904,8.214501,3.139678,-31.300707
2.616923,2.378946,48.318543,4799.409655,-0.786118,43.611092,8.305845,3.174859,-31.296954
2.666631,2.422074,48.232614,4794.609977,-0.762618,43.518333,8.394761,3.209118,-31.293202
2.716350,2.465104,48.149552,4789.754261,-0.737818,43.424617,8.480977,3.242350,-31.289449
2.766090,2.508038,48.069507,4784.843851,-0.711771,43.329996,8.564222,3.274453,-31.285696
2.815851,2.550884,47.992600,4779.880223,-0.684510,43.234501,8.644232,3.305323,-31.281943
2.865633,2.593633,47.918973,4774.865039,-0.656109,43.138142,8.720746,3.334862,-31.278191
2.915426,2.636274,47.848755,4769.800110,-0.626621,43.040970,8.793514,3.362973,-31.274438
2.965251,2.678818,47.782049,4764.687404,-0.596098,42.943027,8.862293,3.389563,-31.270685
3.015086,2.721265,47.718973,4759.529049,-0.564616,42.844344,8.926853,3.414544,-31.266933
3.064942,2.763604,47.659620,4754.327318,-0.532237,42.744972,8.986975,3.437832,-31.263180
3.114819,2.805845,47.604091,4749.084613,-0.499037,42.644941,9.042458,3.459348,-31.259427
3.164707,2.847979,47.552466,4743.803473,-0.465089,42.544323,9.093115,3.479022,-31.255675
3.214627,2.890015,47.504806,4738.486554,-0.430489,42.443149,9.138779,3.496789,-31.251922
3.264557,2.931933,47.461192,4733.136618,-0.395302,42.341480,9.179301,3.512590,-31.248169
3.314498,2.973754,47.421675,4727.756547,-0.359611,42.239357,9.214553,3.526378,-31.244417
3.364470,3.015467,47.386286,4722.349285,-0.323524,42.136851,9.244428,3.538110,-31.240664
3.414453,3.057071,47.355067,4716.917864,-0.287104,42.034014,9.268843,3.547754,-31.236911
3.464447,3.098568,47.328037,4711.465392,-0.250468,41.930896,9.287737,3.555286,-31.233158
3.514472,3.139957,47.305219,4705.994993,-0.213680,41.827557,9.301073,3.560692,-31.229406
3.564497,3.181228,47.286602,4700.509864,-0.176847,41.724050,9.308838,3.563966,-31.225653
3.614543,3.222400,47.272189,4695.013211,-0.140064,41.620455,9.311043,3.565111,-31.221900
3.664610,3.263465,47.261949,4689.508229,-0.103416,41.516802,9.307724,3.564142,-31.218148
3.714688,3.304411,47.255854,4683.998155,-0.066999,41.413174,9.298938,3.561078,-31.214395
3.764787,3.345259,47.253875,4678.486151,-0.030909,41.309609,9.284767,3.555951,-31.210642
3.814886,3.385988,47.255952,4672.975393,0.004779,41.206180,9.265313,3.548801,-31.206890
3.865005,3.426609,47.262036,4667.468990,0.039970,41.102927,9.240702,3.539673,-31.203137
3.915146,3.467132,47.272038,4661.969994,0.074579,40.999920,9.211078,3.528624,-31.199384
3.965287,3.507536,47.285899,4656.481404,0.108519,40.897210,9.176603,3.515714,-31.195632
4.015449,3.547832,47.303519,4651.006135,0.141717,40.794838,9.137459,3.501013,-31.191879
4.065621,3.588019,47.324809,4645.546992,0.174088,40.692853,9.093840,3.484594,-31.188126
4.115803,3.628107,47.349670,4640.106707,0.205556,40.591327,9.045958,3.466540,-31.184374
4.165996,3.668077,47.377972,4634.687899,0.236047,40.490280,8.994035,3.446933,-31.180621
4.216200,3.707947,47.409606,4629.293066,0.265508,40.389772,8.938305,3.425864,-31.176868
4.266424,3.747709,47.444442,4623.924580,0.293864,40.289822,8.879010,3.403425,-31.173115
4.316648,3.787363,47.482350,4618.584704,0.321062,40.190502,8.816401,3.379712,-31.169363
4.366883,3.826917,47.523191,4613.275555,0.347037,40.091821,8.750733,3.354822,-31.165610
4.417128,3.866362,47.566815,4607.999108,0.371747,39.993820,8.682267,3.328854,-31.161857
4.467372,3.905708,47.613082,4602.757227,0.395139,39.896538,8.611263,3.301910,-31.158105
4.517638,3.944956,47.661833,4597.551610,0.417180,39.799996,8.537985,3.274088,-31.154352
4.567904,3.984104,47.712907,4592.383824,0.437816,39.704213,8.462696,3.245491,-31.150599
4.618179,4.023143,47.766145,4587.255281,0.457017,39.609228,8.385655,3.216217,-31.146847
4.668466,4.062082,47.821387,4582.167283,0.474771,39.515043,8.307121,3.186365,-31.143094
4.718751,4.100933,47.878462,4577.120957,0.491034,39.421687,8.227344,3.156031,-31.139341
4.769048,4.139684,47.937200,4572.117306,0.505787,39.329168,8.146574,3.125312,-31.135589
4.819354,4.178336,47.997431,4567.157205,0.519017,39.237508,8.065051,3.094298,-31.131836
4.869661,4.216889,48.058985,4562.241380,0.530715,39.146706,7.983008,3.063079,-31.128083
4.919977,4.255352,48.121692,4557.370440,0.540857,39.056761,7.900672,3.031743,-31.124330
4.970294,4.293726,48.185381,4552.544858,0.549467,38.967703,7.818260,3.000372,-31.120578
5.020620,4.332010,48.249872,4547.764995,0.556511,38.879511,7.735981,2.969047,-31.116825
5.070947,4.370195,48.315005,4543.031092,0.562010,38.792196,7.654035,2.937844,-31.113072
5.121273,4.408290,48.380598,4538.343276,0.565965,38.705746,7.572610,2.906836,-31.109320
5.171609,4.446306,48.446482,4533.701551,0.568386,38.620161,7.491888,2.876092,-31.105567
5.221956,4.484232,48.512505,4529.105852,0.569283,38.535441,7.412039,2.845679,-31.101814
5.272291,4.522068,48.578478,4524.555968,0.568678,38.451575,7.333222,2.815657,-31.098062
5.322637,4.559815,48.644259,4520.051651,0.566581,38.368553,7.255590,2.786084,-31.094309
5.372994,4.597482,48.709668,4515.592508,0.563012,38.286353,7.179283,2.757016,-31.090556
5.423339,4.635069,48.774564,4511.178105,0.557994,38.204977,7.104433,2.728502,-31.086804
5.473695,4.672576,48.838777,4506.807907,0.551547,38.124402,7.031163,2.700589,-31.083051
5.524050,4.709994,48.902164,4502.481309,0.543714,38.044609,6.959585,2.673323,-31.079298
5.574405,4.747332,48.964577,4498.197654,0.534516,37.965587,6.889806,2.646743,-31.075545
5.624770,4.784600,49.025873,4493.956181,0.523974,37.887315,6.821922,2.620886,-31.071793
5.675135,4.821787,49.085902,4489.756103,0.512131,37.809773,6.756022,2.595787,-31.068040
5.725500,4.858895,49.144522,4485.596557,0.499029,37.732941,6.692188,2.571477,-31.064287
5.775864,4.895923,49.201624,4481.476644,0.484678,37.656788,6.630492,2.547986,-31.060535
5.826228,4.932881,49.257056,4477.395391,0.469143,37.581313,6.571004,2.525339,-31.056782
5.876602,4.969759,49.310697,4473.351815,0.452444,37.506477,6.513784,2.503559,-31.053029
5.926965,5.006567,49.362436,4469.344843,0.434635,37.432247,6.458888,2.482669,-31.049277
5.977339,5.043305,49.412152,4465.373400,0.415737,37.358625,6.406366,2.462689,-31.045524
6.027712,5.079962,49.459734,4461.436363,0.395803,37.285560,6.356262,2.443634,-31.041771
6.078085,5.116560,49.505081,4457.532565,0.374875,37.213041,6.308616,2.425521,-31.038019
6.128457,5.153077,49.548082,4453.660822,0.352997,37.141038,6.263465,2.408365,-31.034266
6.178829,5.189534,49.588646,4449.819908,0.330210,37.069520,6.220840,2.392177,-31.030513
6.229201,5.225911,49.626682,4446.008577,0.306558,36.998467,6.180769,2.376968,-31.026761
6.279583,5.262227,49.662099,4442.225562,0.282082,36.927849,6.143278,2.362749,-31.023008
6.329954,5.298474,49.694826,4438.469547,0.256837,36.857625,6.108388,2.349529,-31.019255
6.380324,5.334649,49.724771,4434.739215,0.230864,36.787786,6.076120,2.337314,-31.015502
6.430705,5.370765,49.751874,4431.033239,0.204206,36.718300,6.046489,2.326112,-31.011750
6.481086,5.406800,49.776064,4427.350231,0.176907,36.649128,6.019512,2.315929,-31.007997
6.531455,5.442785,49.797270,4423.688825,0.149018,36.580239,5.995201,2.306770,-31.004244
6.581835,5.478699,49.815450,4420.047613,0.120582,36.511623,5.973568,2.298640,-31.000492
6.632214,5.514543,49.830554,4416.425177,0.091654,36.443229,5.954623,2.291543,-30.996739
6.682583,5.550326,49.842521,4412.820089,0.062286,36.375038,5.938375,2.285483,-30.992986
6.732961,5.586039,49.851320,4409.230883,0.032510,36.307020,5.924831,2.280463,-30.989234
6.783340,5.621691,49.856920,4405.656110,0.002379,36.239134,5.913999,2.276485,-30.985481
6.833718,5.657283,49.859279,4402.094272,-0.028063,36.171370,5.905885,2.273554,-30.981728
6.884095,5.692803,49.858378,4398.543872,-0.058753,36.103678,5.900493,2.271669,-30.977976
6.934472,5.728264,49.854195,4395.003411,-0.089649,36.036048,5.897829,2.270835,-30.974223
6.984849,5.763663,49.846710,4391.471352,-0.120718,35.968429,5.897897,2.271053,-30.970470
7.035226,5.798992,49.835921,4387.946167,-0.151886,35.900793,5.900700,2.272324,-30.966717
7.085602,5.834260,49.821828,4384.426288,-0.183120,35.833118,5.906241,2.274649,-30.962965
7.135977,5.869468,49.804411,4380.910157,-0.214367,35.765364,5.914523,2.278031,-30.959212
7.186353,5.904604,49.783697,4377.396195,-0.245585,35.697513,5.925548,2.282469,-30.955459
7.236738,5.939690,49.759688,4373.882816,-0.276709,35.629523,5.939316,2.287965,-30.951707
7.287113,5.974695,49.732401,4370.368402,-0.307708,35.561365,5.955828,2.294520,-30.947954
7.337487,6.009648,49.701858,4366.851353,-0.338518,35.493009,5.975085,2.302132,-30.944201
7.387861,6.044531,49.668076,4363.330024,-0.369105,35.424415,5.997085,2.310803,-30.940449
7.438245,6.079353,49.631106,4359.802795,-0.399407,35.355563,6.021826,2.320532,-30.936696
7.488618,6.114104,49.590977,4356.268010,-0.429370,35.286414,6.049305,2.331318,-30.932943
7.539002,6.148794,49.547718,4352.724010,-0.458961,35.216937,6.079518,2.343159,-30.929191
7.589374,6.183423,49.501390,4349.169139,-0.488128,35.147102,6.112458,2.356053,-30.925438
7.639746,6.217980,49.452042,4345.601708,-0.516806,35.076881,6.148117,2.369997,-30.921685
7.690128,6.252466,49.399734,4342.020042,-0.544964,35.006232,6.186486,2.384989,-30.917933
7.740500,6.286892,49.344526,4338.422452,-0.572547,34.935137,6.227553,2.401023,-30.914180
7.790881,6.321245,49.286487,4334.807262,-0.599502,34.863555,6.271304,2.418095,-30.910427
7.841263,6.355538,49.225688,4331.172765,-0.625786,34.791448,6.317721,2.436197,-30.906674
7.891633,6.389759,49.162208,4327.517265,-0.651336,34.718794,6.366784,2.455323,-30.902922
7.942013,6.423909,49.096128,4323.839086,-0.676130,34.645566,6.418470,2.475464,-30.899169
7.992393,6.457987,49.027537,4320.136521,-0.700103,34.571722,6.472750,2.496609,-30.895416
8.042762,6.492004,48.956536,4316.407906,-0.723213,34.497234,6.529594,2.518747,-30.891664
8.093142,6.525940,48.883205,4312.651545,-0.745407,34.422081,6.588966,2.541863,-30.887911
8.143521,6.559814,48.807655,4308.865784,-0.766651,34.346215,6.650825,2.565943,-30.884158
8.193899,6.593606,48.729996,4305.048979,-0.786883,34.269615,6.715124,2.590968,-30.880406
8.244278,6.627326,48.650337,4301.199485,-0.806080,34.192253,6.781813,2.616920,-30.876653
8.294645,6.660965,48.568781,4297.315690,-0.824178,34.114109,6.850834,2.643775,-30.872900
8.345022,6.694542,48.485467,4293.396022,-0.841145,34.035132,6.922122,2.671511,-30.869148
8.395399,6.728027,48.400516,4289.438909,-0.856927,33.955305,6.995606,2.700099,-30.865395
8.445776,6.761451,48.314049,4285.442829,-0.871504,33.874607,7.071210,2.729509,-30.861642
8.496153,6.794782,48.226197,4281.406304,-0.884832,33.793009,7.148847,2.759710,-30.857889
8.546529,6.828041,48.137100,4277.327874,-0.896867,33.710471,7.228423,2.790664,-30.854137
8.596872,6.861249,48.048322,4273.203120,-0.880138,33.710677,7.308375,2.821768,0.000000
8.647172,6.894446,47.961438,4269.028776,-0.861752,33.710910,7.387058,2.852388,0.000000
8.697417,6.927642,47.876618,4264.805254,-0.841750,33.711162,7.464238,2.882432,0.000000
8.747620,6.960817,47.794036,4260.533077,-0.820164,33.711450,7.539678,2.911810,0.000000
8.797767,6.993982,47.713843,4256.212963,-0.797027,33.711757,7.613144,2.940429,0.000000
8.847850,7.027135,47.636202,4251.845731,-0.772382,33.712091,7.684400,2.968200,0.000000
8.897890,7.060277,47.561243,4247.432372,-0.746281,33.712452,7.753213,2.995032,0.000000
8.947875,7.093399,47.489129,4242.974019,-0.718788,33.712842,7.819354,3.020837,0.000000
8.997817,7.126509,47.419992,4238.471928,-0.689945,33.713248,7.882599,3.045526,0.000000
9.047694,7.159608,47.353964,4233.927536,-0.659829,33.713692,7.942729,3.069016,0.000000
9.097505,7.192697,47.291157,4229.342374,-0.628502,33.714144,7.999536,3.091226,0.000000
9.147274,7.225764,47.231692,4224.718153,-0.596039,33.714634,8.052819,3.112078,0.000000
9.196988,7.258820,47.175682,4220.056666,-0.562537,33.715140,8.102391,3.131499,0.000000
9.246637,7.291866,47.123218,4215.359878,-0.528048,33.715665,8.148074,3.149420,0.000000
9.296232,7.324890,47.074391,4210.629827,-0.492690,33.716226,8.189709,3.165779,0.000000
9.345772,7.357903,47.029274,4205.868699,-0.456528,33.716795,8.227147,3.180519,0.000000
9.395248,7.390895,46.987947,4201.078755,-0.419678,33.717392,8.260261,3.193589,0.000000
9.444669,7.423876,46.950463,4196.262365,-0.382216,33.718016,8.288938,3.204945,0.000000
9.494036,7.456836,46.916862,4191.421971,-0.344259,33.718658,8.313084,3.214552,0.000000
9.543338,7.489784,46.887196,4186.560094,-0.305903,33.719327,8.332627,3.222380,0.000000
9.592586,7.522711,46.861497,4181.679297,-0.267244,33.720013,8.347513,3.228408,0.000000
9.641769,7.555617,46.839764,4176.782223,-0.228400,33.720717,8.357707,3.232623,0.000000
9.690887,7.588512,46.822009,4171.871536,-0.189468,33.721448,8.363199,3.235019,0.000000
9.739962,7.621396,46.808233,4166.949930,-0.150554,33.722196,8.363995,3.235599,0.000000
9.788960,7.654249,46.798417,4162.020106,-0.111775,33.722962,8.360125,3.234374,0.000000
9.837905,7.687100,46.792530,4157.084789,-0.073219,33.723755,8.351638,3.231362,0.000000
9.886784,7.719920,46.790535,4152.146659,-0.035001,33.724566,8.338602,3.226590,0.000000
9.935609,7.752729,46.792390,4147.208419,0.002771,33.725403,8.321106,3.220091,0.000000
9.984370,7.785526,46.798036,4142.272710,0.040010,33.726259,8.299257,3.211906,0.000000
10.032568,7.817702,46.806240,4137.442891,0.076601,33.729219,8.272357,3.201870,0.000000
10.079932,7.848973,46.816313,4132.771516,0.112469,33.735331,8.240147,3.189934,0.000000
10.127218,7.880221,46.829945,4128.109737,0.147506,33.741472,8.204019,3.176478,0.000000
10.174437,7.911436,46.847045,4123.459993,0.181628,33.747642,8.164145,3.161567,0.000000
10.221580,7.942617,46.867493,4118.824630,0.214736,33.753822,8.120709,3.145272,0.000000
10.268656,7.973776,46.891187,4114.205894,0.246768,33.760031,8.073907,3.127667,0.000000
10.315655,8.004901,46.918007,4109.605960,0.277637,33.766270,8.023941,3.108830,0.000000
10.362587,8.036002,46.947820,4105.026891,0.307278,33.772528,7.971023,3.088844,0.000000
10.409442,8.067071,46.980495,4100.470649,0.335607,33.778806,7.915372,3.067791,0.000000
10.456231,8.098117,47.015891,4095.939073,0.362568,33.785113,7.857209,3.045758,0.000000
10.502943,8.129129,47.053866,4091.433903,0.388099,33.791439,7.796762,3.022832,0.000000
10.549577,8.160108,47.094260,4086.956775,0.412155,33.797795,7.734257,2.999101,0.000000
10.596157,8.191074,47.136929,4082.509165,0.434683,33.804170,7.669923,2.974652,0.000000
10.642659,8.221996,47.181713,4078.092476,0.455639,33.810575,7.603989,2.949575,0.000000
10.689095,8.252906,47.228439,4073.707970,0.474992,33.816999,7.536680,2.923955,0.000000
10.735454,8.283783,47.276957,4069.356787,0.492688,33.823452,7.468219,2.897881,0.000000
10.781746,8.314626,47.327084,4065.039935,0.508725,33.829935,7.398826,2.871436,0.000000
10.827973,8.345446,47.378668,4060.758340,0.523062,33.836437,7.328714,2.844703,0.000000
10.874133,8.376243,47.431517,4056.512778,0.535687,33.842969,7.258093,2.817763,0.000000
10.920217,8.407017,47.485470,4052.303921,0.546589,33.849519,7.187164,2.790696,0.000000
10.966245,8.437768,47.540355,4048.132341,0.555757,33.856110,7.116124,2.763576,0.000000
11.012196,8.468486,47.595999,4043.998477,0.563191,33.862709,7.045161,2.736476,0.000000
11.058081,8.499181,47.652231,4039.902677,0.568891,33.869348,6.974454,2.709468,0.000000
11.103911,8.529852,47.708880,4035.845198,0.572844,33.876017,6.904176,2.682617,0.000000
11.149664,8.560501,47.765762,4031.826164,0.575085,33.882704,6.834491,2.655987,0.000000
11.195362,8.591116,47.822736,4027.845629,0.575611,33.889421,6.765554,2.629640,0.000000
11.240994,8.621719,47.879611,4023.903564,0.574433,33.896168,6.697512,2.603632,0.000000
11.286560,8.652298,47.936224,4019.999820,0.571595,33.902944,6.630504,2.578017,0.000000
11.332060,8.682845,47.992434,4016.134197,0.567095,33.909749,6.564660,2.552845,0.000000
11.377494,8.713378,48.048058,4012.306401,0.560966,33.916573,6.500100,2.528166,0.000000
11.422873,8.743889,48.102956,4008.516061,0.553240,33.923437,6.436939,2.504022,0.000000
11.468186,8.774376,48.156975,4004.762730,0.543947,33.930330,6.375282,2.480455,0.000000
11.513433,8.804841,48.209953,4001.045925,0.533121,33.937252,6.315226,2.457503,0.000000
11.558625,8.835282,48.261759,3997.365047,0.520793,33.944194,6.256863,2.435203,0.000000
11.603761,8.865701,48.312252,3993.719489,0.507016,33.951175,6.200274,2.413585,0.000000
11.648832,8.896106,48.361289,3990.108553,0.491823,33.958185,6.145536,2.392682,0.000000
11.693838,8.926489,48.408729,3986.531489,0.475256,33.965225,6.092719,2.372519,0.000000
11.738788,8.956848,48.454470,3982.987526,0.457357,33.972303,6.041886,2.353122,0.000000
11.783683,8.987185,48.498362,3979.475812,0.438180,33.979401,5.993096,2.334515,0.000000
11.828512,9.017509,48.540312,3975.995477,0.417768,33.986529,5.946400,2.316717,0.000000
11.873287,9.047810,48.580180,3972.545577,0.396163,33.993696,5.901846,2.299748,0.000000
11.918006,9.078098,48.617884,3969.125169,0.373430,34.000891,5.859477,2.283624,0.000000
11.962671,9.108353,48.653312,3965.733237,0.349611,34.008117,5.819329,2.268362,0.000000
12.007270,9.138605,48.686354,3962.368758,0.324759,34.015381,5.781437,2.253973,0.000000
12.051813,9.168834,48.716939,3959.030656,0.298929,34.022665,5.745832,2.240472,0.000000
12.096302,9.199040,48.744964,3955.717844,0.272173,34.029988,5.712539,2.227868,0.000000
12.140737,9.229234,48.770351,3952.429187,0.244556,34.037340,5.681582,2.216170,0.000000
12.185116,9.259404,48.793026,3949.163536,0.216120,34.044732,5.652982,2.205389,0.000000
12.229440,9.289562,48.812930,3945.919714,0.186930,34.052152,5.626756,2.195530,0.000000
12.273710,9.319707,48.829971,3942.696502,0.157050,34.059603,5.602919,2.186600,0.000000
12.317914,9.349829,48.844120,3939.492693,0.126523,34.067092,5.581485,2.178605,0.000000
12.362073,9.379928,48.855304,3936.307016,0.095402,34.074600,5.562464,2.171550,0.000000
12.406179,9.410025,48.863484,3933.138222,0.063762,34.082158,5.545866,2.165438,0.000000
12.450218,9.440098,48.868609,3929.985012,0.031658,34.089735,5.531698,2.160273,0.000000
12.494214,9.470149,48.870658,3926.846073,-0.000848,34.097351,5.519966,2.156058,0.000000
12.538155,9.500186,48.869591,3923.720076,-0.033711,34.104996,5.510674,2.152795,0.000000
12.582041,9.530211,48.865377,3920.605679,-0.066858,34.112681,5.503825,2.150486,0.000000
12.625872,9.560224,48.858007,3917.501510,-0.100233,34.120395,5.499421,2.149131,0.000000
12.669649,9.590213,48.847459,3914.406207,-0.133774,34.128138,5.497463,2.148732,0.000000
12.713371,9.620189,48.833724,3911.318357,-0.167426,34.135920,5.497950,2.149288,0.000000
12.757049,9.650153,48.816822,3908.236558,-0.201124,34.143732,5.500880,2.150800,0.000000
12.800661,9.680094,48.796732,3905.159386,-0.234816,34.151572,5.506249,2.153267,0.000000
12.844230,9.710022,48.773475,3902.085408,-0.268426,34.159452,5.514055,2.156687,0.000000
12.887734,9.739937,48.747060,3899.013159,-0.301900,34.167361,5.524290,2.161060,0.000000
12.931193,9.769839,48.717507,3895.941175,-0.335195,34.175300,5.536949,2.166382,0.000000
12.974598,9.799719,48.684858,3892.868002,-0.368215,34.183277,5.552023,2.172651,0.000000
13.017949,9.829586,48.649122,3889.792135,-0.400938,34.191284,5.569502,2.179863,0.000000
13.061255,9.859440,48.610359,3886.712088,-0.433279,34.199330,5.589375,2.188015,0.000000
13.104497,9.889281,48.568600,3883.626355,-0.465171,34.207395,5.611628,2.197102,0.000000
13.147683,9.919100,48.523896,3880.533432,-0.496585,34.215499,5.636247,2.207119,0.000000
13.190826,9.948905,48.476296,3877.431792,-0.527432,34.223633,5.663214,2.218059,0.000000
13.233915,9.978698,48.425872,3874.319908,-0.557671,34.231805,5.692510,2.229914,0.000000
13.276938,10.008468,48.372695,3871.196275,-0.587236,34.239997,5.724112,2.242678,0.000000
13.319918,10.038235,48.316814,3868.059356,-0.616064,34.248228,5.757996,2.256340,0.000000
13.362843,10.067970,48.258310,3864.907634,-0.644111,34.256489,5.794133,2.270890,0.000000
13.405714,10.097701,48.197286,3861.739562,-0.671301,34.264788,5.832493,2.286316,0.000000
13.448531,10.127410,48.133801,3858.553644,-0.697581,34.273107,5.873041,2.302606,0.000000
13.491293,10.157106,48.067967,3855.348352,-0.722907,34.281464,5.915738,2.319744,0.000000
13.534000,10.186790,47.999874,3852.122200,-0.747216,34.289842,5.960542,2.337714,0.000000
13.576654,10.216450,47.929624,3848.873681,-0.770463,34.298258,6.007405,2.356499,0.000000
13.619242,10.246098,47.857328,3845.601318,-0.792574,34.306703,6.056277,2.376078,0.000000
13.661787,10.275733,47.783087,3842.303665,-0.813515,34.315168,6.107101,2.396429,0.000000
13.704277,10.305345,47.707023,3838.979275,-0.833223,34.323672,6.159814,2.417530,0.000000
13.746703,10.334944,47.629257,3835.626743,-0.851654,34.332205,6.214351,2.439353,0.000000
13.789074,10.364521,47.549910,3832.244673,-0.868775,34.340767,6.270636,2.461871,0.000000
13.831391,10.394084,47.469124,3828.831730,-0.884512,34.349348,6.328592,2.485052,0.000000
13.873654,10.423625,47.387010,3825.386590,-0.898841,34.357969,6.388132,2.508864,0.000000
13.915862,10.453153,47.303720,3821.907987,-0.911721,34.366609,6.449164,2.533270,0.000000
13.958006,10.482658,47.219396,3818.394689,-0.923097,34.375278,6.511590,2.558232,0.000000
14.000085,10.512161,47.133967,3814.846002,-0.937227,34.418557,6.575486,2.583780,11.827851
14.042088,10.541681,47.047392,3811.261129,-0.949821,34.462259,6.640929,2.609946,11.828669
14.084006,10.571199,46.959822,3807.638807,-0.960846,34.506374,6.707810,2.636686,11.829487
14.125858,10.600725,46.871391,3803.977801,-0.970259,34.550931,6.776015,2.663955,11.830305
14.167625,10.630258,46.782259,3800.276959,-0.978017,34.595931,6.845421,2.691706,11.831124
14.209306,10.659799,46.692588,3796.535179,-0.984108,34.641374,6.915895,2.719887,11.831942
14.250911,10.689347,46.602531,3792.751450,-0.988478,34.687279,6.987298,2.748444,11.832760
14.292441,10.718914,46.512249,3788.924814,-0.991128,34.733637,7.059485,2.777319,11.833578
14.333885,10.748477,46.421894,3785.054413,-0.992025,34.780456,7.132300,2.806450,11.834397
14.375254,10.778049,46.331648,3781.139480,-0.991146,34.827758,7.205581,2.835776,11.835215
14.416527,10.807628,46.241653,3777.179320,-0.988481,34.875522,7.279157,2.865228,11.836033
14.457724,10.837214,46.152091,3773.173371,-0.984029,34.923768,7.352853,2.894737,11.836851
14.498836,10.866809,46.063114,3769.121140,-0.977780,34.972486,7.426485,2.924232,11.837670
14.539861,10.896411,45.974895,3765.022279,-0.969722,35.021676,7.499862,2.953636,11.838488
14.580812,10.926020,45.887594,3760.876530,-0.959877,35.071348,7.572791,2.982875,11.839306
14.621667,10.955637,45.801365,3756.683757,-0.948254,35.121492,7.645070,3.011867,11.840124
14.662435,10.985262,45.716378,3752.443958,-0.934854,35.172117,7.716496,3.040534,11.840943
14.703108,11.014894,45.632787,3748.157251,-0.919709,35.223204,7.786861,3.068792,11.841761
14.743705,11.044524,45.550743,3743.823878,-0.902839,35.274754,7.855954,3.096559,11.842579
14.784206,11.074172,45.470407,3739.444222,-0.884267,35.326755,7.923563,3.123751,11.843397
14.824622,11.103817,45.391933,3735.018790,-0.864045,35.379218,7.989478,3.150284,11.844216
14.864942,11.133470,45.315441,3730.548249,-0.842217,35.432113,8.053487,3.176075,11.845034
14.905165,11.163130,45.241093,3726.033371,-0.818814,35.485441,8.115380,3.201040,11.845852
14.945314,11.192798,45.169012,3721.475079,-0.793890,35.539190,8.174952,3.225099,11.846670
14.985356,11.222473,45.099338,3716.874440,-0.767509,35.593352,8.232002,3.248171,11.847489
15.025302,11.252146,45.032184,3712.232652,-0.739747,35.647906,8.286334,3.270178,11.848307
15.065163,11.281837,44.967660,3707.551015,-0.710646,35.702853,8.337759,3.291046,11.849125
15.104928,11.311525,44.905899,3702.831003,-0.680303,35.758153,8.386099,3.310703,11.849943
15.144597,11.341221,44.846982,3698.074182,-0.648783,35.813816,8.431182,3.329082,11.850762
15.184170,11.370914,44.791000,3693.282250,-0.616182,35.869801,8.472850,3.346118,11.851580
15.223647,11.400615,44.738063,3688.457005,-0.582564,35.926110,8.510956,3.361753,11.852398
15.263028,11.430324,44.688224,3683.600372,-0.548048,35.982713,8.545366,3.375934,11.853216
15.302314,11.460040,44.641563,3678.714374,-0.512710,36.039589,8.575961,3.388612,11.854035
15.341493,11.489753,44.598141,3673.801097,-0.476656,36.096719,8.602637,3.399746,11.854853
15.380587,11.519464,44.558009,3668.862738,-0.439984,36.154093,8.625306,3.409300,11.855671
15.419575,11.549193,44.521197,3663.901577,-0.402802,36.211671,8.643897,3.417245,11.856490
15.458468,11.578919,44.487756,3658.919915,-0.365216,36.269455,8.658355,3.423560,11.857308
15.497254,11.608643,44.457686,3653.920162,-0.327324,36.327393,8.668644,3.428228,11.858126
15.535944,11.638374,44.431018,3648.904722,-0.289256,36.385486,8.674747,3.431242,11.858944
15.574539,11.668112,44.407741,3643.876079,-0.251096,36.443695,8.676663,3.432600,11.859763
15.613039,11.697849,44.387856,3638.836706,-0.212976,36.502009,8.674410,3.432310,11.860581
15.651433,11.727592,44.371343,3633.789109,-0.174991,36.560400,8.668023,3.430383,11.861399
15.689731,11.757334,44.358181,3628.735782,-0.137261,36.618837,8.657556,3.426841,11.862217
15.727923,11.787072,44.348320,3623.679221,-0.099882,36.677320,8.643079,3.421711,11.863036
15.766020,11.816819,44.341719,3618.621889,-0.062973,36.735800,8.624678,3.415025,11.863854
15.804021,11.846573,44.338329,3613.566242,-0.026631,36.794277,8.602455,3.406823,11.864672
15.841917,11.876324,44.338088,3608.514695,0.009046,36.852712,8.576527,3.397151,11.865490
15.879706,11.906073,44.340915,3603.469579,0.043941,36.911094,8.547025,3.386060,11.866309
15.917412,11.935819,44.346740,3598.433219,0.077977,36.969404,8.514092,3.373605,11.867127
15.955011,11.965572,44.355472,3593.407845,0.111057,37.027613,8.477883,3.359848,11.867945
15.992515,11.995324,44.367009,3588.395618,0.143083,37.085709,8.438563,3.344853,11.868763
16.029914,12.025082,44.381251,3583.398627,0.173970,37.143675,8.396307,3.328689,11.869582
16.067217,12.054839,44.398096,3578.418880,0.203653,37.201499,8.351296,3.311427,11.870400
16.104426,12.084592,44.417422,3573.458274,0.232045,37.259152,8.303720,3.293142,11.871218
16.141529,12.114353,44.439108,3568.518623,0.259081,37.316624,8.253774,3.273910,11.872036
16.178547,12.144112,44.463024,3563.601640,0.284696,37.373906,8.201655,3.253810,11.872855
16.215460,12.173868,44.489056,3558.708947,0.308814,37.430987,8.147566,3.232921,11.873673
16.252278,12.203622,44.517044,3553.842032,0.331403,37.487848,8.091709,3.211323,11.874491
16.289002,12.233383,44.546866,3549.002294,0.352387,37.544479,8.034289,3.189097,11.875309
16.325641,12.263141,44.578360,3544.191018,0.371743,37.600871,7.975510,3.166324,11.876128
16.362174,12.292897,44.611404,3539.409388,0.389430,37.657012,7.915572,3.143083,11.876946
16.398613,12.322651,44.645836,3534.658455,0.405402,37.712914,7.854677,3.119454,11.877764
16.434957,12.352412,44.681505,3529.939160,0.419639,37.768546,7.793021,3.095514,11.878582
16.471217,12.382170,44.718269,3525.252369,0.432119,37.823908,7.730796,3.071339,11.879401
16.507372,12.411926,44.755955,3520.598790,0.442818,37.879011,7.668191,3.047006,11.880219
16.543443,12.441679,44.794432,3515.979065,0.451728,37.933845,7.605389,3.022585,11.881037
16.579429,12.471440,44.833538,3511.393697,0.458835,37.988400,7.542567,2.998148,11.881856
16.615311,12.501198,44.873101,3506.843106,0.464140,38.042685,7.479896,2.973763,11.882674
16.651108,12.530954,44.912999,3502.327609,0.467644,38.096690,7.417541,2.949494,11.883492
16.686822,12.560707,44.953060,3497.847424,0.469355,38.150427,7.355658,2.925406,11.884310
16.722441,12.590468,44.993132,3493.402655,0.469285,38.203894,7.294400,2.901557,11.885129
16.757976,12.620226,45.033073,3488.993355,0.467444,38.257092,7.233910,2.878005,11.885947
16.793417,12.649981,45.072742,3484.619444,0.463853,38.310031,7.174323,2.854805,11.886765
16.828774,12.679734,45.111976,3480.280783,0.458534,38.362700,7.115769,2.832007,11.887583
16.864047,12.709485,45.150644,3475.977150,0.451508,38.415120,7.058370,2.809661,11.888402
16.899236,12.739243,45.188613,3471.708231,0.442818,38.467300,7.002240,2.787813,11.889220
16.934332,12.768998,45.225733,3467.473651,0.432485,38.519231,6.947487,2.766505,11.890038
16.969354,12.798761,45.261871,3463.272943,0.420553,38.570922,6.894210,2.745778,11.890856
17.004281,12.828511,45.296915,3459.105602,0.407053,38.622403,6.842504,2.725669,11.891675
17.039136,12.858269,45.330724,3454.971036,0.392028,38.673655,6.792456,2.706214,11.892493
17.073896,12.888024,45.363177,3450.868587,0.375531,38.724706,6.744147,2.687444,11.893311
17.108584,12.917777,45.394161,3446.797562,0.357607,38.775558,6.697650,2.669391,11.894129
17.143188,12.947537,45.423565,3442.757190,0.338298,38.826219,6.653035,2.652081,11.894948
17.177708,12.977295,45.451278,3438.746656,0.317658,38.876700,6.610366,2.635541,11.895766
17.212145,13.007050,45.477199,3434.765097,0.295740,38.927021,6.569699,2.619794,11.896584
17.246509,13.036812,45.501226,3430.811597,0.272598,38.977191,6.531088,2.604861,11.897402
17.280779,13.066572,45.523257,3426.885188,0.248297,39.027211,6.494579,2.590762,11.898221
17.314986,13.096330,45.543222,3422.984874,0.222891,39.077099,6.460218,2.577514,11.899039
17.349100,13.126085,45.561029,3419.109617,0.196434,39.126877,6.428041,2.565134,11.899857
17.383141,13.155847,45.576597,3415.258347,0.168990,39.176543,6.398085,2.553636,11.900675
17.417109,13.185607,45.589856,3411.429924,0.140624,39.226118,6.370381,2.543032,11.901494
17.450993,13.215375,45.600734,3407.623219,0.111401,39.275621,6.344955,2.533335,11.902312
17.484805,13.245140,45.609170,3403.837038,0.081374,39.325043,6.321832,2.524554,11.903130
17.518534,13.274902,45.615104,3400.070182,0.050620,39.374423,6.301033,2.516697,11.903948
17.552190,13.304662,45.618504,3396.321396,0.019203,39.423770,6.282576,2.509774,11.904767
17.585763,13.334429,45.619301,3392.589418,-0.012813,39.473086,6.266474,2.503790,11.905585
17.619263,13.364194,45.617463,3388.872963,-0.045363,39.522389,6.252741,2.498750,11.906403
17.652690,13.393966,45.612960,3385.170697,-0.078370,39.571699,6.241386,2.494659,11.907221
17.686035,13.423735,45.605761,3381.481285,-0.111770,39.621027,6.232417,2.491520,11.908040
17.719306,13.453503,45.595837,3377.803381,-0.145499,39.670381,6.225837,2.489335,11.908858
17.752495,13.483277,45.583176,3374.135580,-0.179480,39.719792,6.221649,2.488107,11.909676
17.785622,13.513049,45.567769,3370.476494,-0.213650,39.769260,6.219854,2.487835,11.910495
17.818666,13.542819,45.549605,3366.824696,-0.247931,39.818814,6.220448,2.488519,11.911313
17.851637,13.572596,45.528684,3363.178770,-0.282259,39.868454,6.223428,2.490158,11.912131
17.884525,13.602370,45.505017,3359.537246,-0.316570,39.918190,6.228787,2.492750,11.912949
17.917341,13.632152,45.478613,3355.898678,-0.350777,39.968062,6.236516,2.496291,11.913768
17.950084,13.661932,45.449492,3352.261585,-0.384825,40.018059,6.246604,2.500778,11.914586
17.982756,13.691709,45.417655,3348.624480,-0.418639,40.068212,6.259036,2.506206,11.915404
18.015344,13.721493,45.383162,3344.985882,-0.452154,40.118529,6.273798,2.512568,11.916222
18.047860,13.751275,45.346022,3341.344283,-0.485294,40.169031,6.290870,2.519858,11.917041
18.080304,13.781064,45.306288,3337.698161,-0.517994,40.219728,6.310230,2.528068,11.917859
18.112665,13.810841,45.263999,3334.046028,-0.550178,40.270629,6.331856,2.537189,11.918677
18.144953,13.840635,45.219195,3330.386364,-0.581782,40.321755,6.355720,2.547210,11.919495
18.177170,13.870417,45.171948,3326.717657,-0.612740,40.373114,6.381791,2.558119,11.920314
18.209304,13.900206,45.122317,3323.038397,-0.642987,40.424737,6.410037,2.569905,11.921132
18.241365,13.930003,45.070355,3319.347074,-0.672447,40.476614,6.440421,2.582552,11.921950
18.273355,13.959797,45.016141,3315.642188,-0.701066,40.528783,6.472903,2.596045,11.922768
18.305262,13.989588,44.959747,3311.922247,-0.728779,40.581236,6.507438,2.610367,11.923587
18.337097,14.019377,44.901254,3308.185772,-0.755521,40.634002,6.543978,2.625498,11.924405
18.368849,14.049174,44.840753,3304.431312,-0.781226,40.687090,6.582472,2.641419,11.925223
18.400519,14.078978,44.778324,3300.657397,-0.805840,40.740511,6.622862,2.658107,11.926041
18.432127,14.108769,44.714069,3296.862629,-0.829299,40.794284,6.665087,2.675538,11.926860
18.463643,14.138568,44.648090,3293.045576,-0.851547,40.848408,6.709081,2.693685,11.927678
18.495086,14.168364,44.580477,3289.204881,-0.872531,40.902905,6.754774,2.712521,11.928496
18.526447,14.198168,44.511342,3285.339196,-0.892185,40.957783,6.802089,2.732016,11.929314
18.557736,14.227969,44.440797,3281.447211,-0.910488,41.013053,6.850946,2.752137,11.930133
18.588933,14.257768,44.368963,3277.527661,-0.927362,41.068734,6.901256,2.772849,11.930951
18.620057,14.287574,44.295941,3273.579308,-0.942766,41.124826,6.952929,2.794117,11.931769
18.651099,14.317367,44.221863,3269.600977,-0.956665,41.181339,7.005866,2.815901,11.932587
18.682070,14.347178,44.146850,3265.591534,-0.969016,41.238292,7.059963,2.838159,11.933406
18.712948,14.376977,44.071036,3261.549914,-0.979776,41.295676,7.115112,2.860848,11.934224
18.743743,14.406772,43.994540,3257.475086,-0.988913,41.353521,7.171196,2.883921,11.935042
18.774457,14.436576,43.917495,3253.366107,-0.996403,41.411815,7.228096,2.907332,11.935860
18.805099,14.466376,43.840033,3249.222088,-1.002203,41.470570,7.285686,2.931028,11.936679
18.835648,14.496175,43.762284,3245.042220,-1.006303,41.529795,7.343832,2.954957,11.937497
18.866115,14.525980,43.684393,3240.825777,-1.008680,41.589490,7.402399,2.979064,11.938315
18.896490,14.555773,43.606489,3236.572101,-1.009312,41.649664,7.461244,3.003292,11.939134
18.926793,14.585574,43.528715,3232.280620,-1.008200,41.710319,7.520221,3.027582,11.939952
18.957003,14.615372,43.451203,3227.950861,-1.005320,41.771453,7.579178,3.051872,11.940770
18.987143,14.645147,43.374338,3223.581739,-0.994494,41.783601,7.637702,3.075998,0.000000
19.017210,14.674899,43.298485,3219.172518,-0.981878,41.795758,7.695373,3.099789,0.000000
19.047227,14.704618,43.223775,3214.723296,-0.967483,41.807924,7.752016,3.123174,0.000000
19.077184,14.734294,43.150352,3210.234326,-0.951362,41.820100,7.807459,3.146084,0.000000
19.107079,14.763948,43.078346,3205.705974,-0.933537,41.832285,7.861529,3.168450,0.000000
19.136913,14.793568,43.007880,3201.138715,-0.914050,41.844469,7.914057,3.190202,0.000000
19.166686,14.823156,42.939074,3196.533129,-0.892946,41.856672,7.964873,3.211272,0.000000
19.196388,14.852710,42.872052,3191.889919,-0.870289,41.868884,8.013812,3.231593,0.000000
19.226030,14.882232,42.806924,3187.209919,-0.846122,41.881105,8.060712,3.251099,0.000000
19.255610,14.911721,42.743791,3182.494055,-0.820520,41.893326,8.105416,3.269727,0.000000
19.285129,14.941177,42.682766,3177.743377,-0.793548,41.905566,8.147776,3.287416,0.000000
19.314588,14.970590,42.623930,3172.959036,-0.765272,41.917805,8.187646,3.304106,0.000000
19.343976,14.999980,42.567384,3168.142286,-0.735778,41.930043,8.224893,3.319744,0.000000
19.373302,15.029327,42.513219,3163.294512,-0.705151,41.942301,8.259390,3.334278,0.000000
19.402558,15.058631,42.461497,3158.417144,-0.673480,41.954558,8.291021,3.347660,0.000000
19.431753,15.087912,42.412288,3153.511760,-0.640851,41.966814,8.319679,3.359846,0.000000
19.460887,15.117151,42.365654,3148.579983,-0.607350,41.979079,8.345270,3.370798,0.000000
19.489950,15.146346,42.321654,3143.623528,-0.573096,41.991353,8.367711,3.380482,0.000000
19.518942,15.175518,42.280331,3138.644188,-0.538176,42.003637,8.386932,3.388869,0.000000
19.547873,15.204638,42.241724,3133.643821,-0.502689,42.015910,8.402878,3.395934,0.000000
19.576743,15.233734,42.205854,3128.624347,-0.466762,42.028202,8.415503,3.401661,0.000000
19.605543,15.262788,42.172752,3123.587713,-0.430496,42.040484,8.424779,3.406035,0.000000
19.634272,15.291799,42.142428,3118.535941,-0.393986,42.052784,8.430691,3.409051,0.000000
19.662940,15.320777,42.114881,3113.471052,-0.357364,42.065074,8.433236,3.410707,0.000000
19.691537,15.349712,42.090112,3108.395128,-0.320726,42.077373,8.432427,3.411006,0.000000
19.720074,15.378614,42.068111,3103.310243,-0.284183,42.089682,8.428290,3.409960,0.000000
19.748540,15.407473,42.048858,3098.218488,-0.247852,42.101980,8.420867,3.407583,0.000000
19.776945,15.436299,42.032312,3093.121948,-0.211842,42.114296,8.410209,3.403897,0.000000
19.805269,15.465082,42.018442,3088.022706,-0.176252,42.126603,8.396384,3.398927,0.000000
19.833543,15.493823,42.007220,3082.922814,-0.141201,42.138918,8.379470,3.392704,0.000000
19.861736,15.522530,41.998563,3077.824325,-0.106786,42.151243,8.359557,3.385266,0.000000
19.889869,15.551195,41.992441,3072.729221,-0.073117,42.163557,8.336746,3.376650,0.000000
19.917941,15.579827,41.988773,3067.639485,-0.040280,42.175880,8.311149,3.366903,0.000000
19.945932,15.608415,41.987478,3062.557016,-0.008374,42.188213,8.282886,3.356073,0.000000
19.973863,15.636961,41.988496,3057.483684,0.022505,42.200544,8.252087,3.344210,0.000000
20.001734,15.665475,41.991725,3052.421277,0.052279,42.212875,8.218889,3.331371,0.000000
20.029533,15.693955,41.997083,3047.371554,0.080850,42.225215,8.183435,3.317613,0.000000
20.057263,15.722382,42.004460,3042.336171,0.108154,42.237555,8.145875,3.302996,0.000000
20.084932,15.750777,42.013774,3037.316700,0.134104,42.249894,8.106363,3.287582,0.000000
20.112541,15.779139,42.024894,3032.314677,0.158643,42.262242,8.065056,3.271435,0.000000
20.140069,15.807458,42.037729,3027.331522,0.181708,42.274599,8.022117,3.254619,0.000000
20.167547,15.835734,42.052156,3022.368574,0.203222,42.286955,7.977707,3.237201,0.000000
20.194955,15.863977,42.068054,3017.427103,0.223151,42.299311,7.931992,3.219247,0.000000
20.222292,15.892177,42.085311,3012.508254,0.241442,42.311676,7.885137,3.200822,0.000000
20.249569,15.920345,42.103786,3007.613111,0.258051,42.324050,7.837304,3.181995,0.000000
20.276786,15.948480,42.123368,3002.742658,0.272944,42.336424,7.788658,3.162831,0.000000
20.303933,15.976572,42.143933,2997.897784,0.286089,42.348806,7.739361,3.143394,0.000000
20.331020,16.004621,42.165331,2993.079288,0.297454,42.361188,7.689570,3.123751,0.000000
20.358036,16.032637,42.187439,2988.287877,0.307025,42.373579,7.639442,3.103963,0.000000
20.384993,16.060621,42.210136,2983.524157,0.314783,42.385979,7.589129,3.084093,0.000000
20.411889,16.088572,42.233290,2978.788649,0.320715,42.398379,7.538779,3.064201,0.000000
20.438726,16.116480,42.256759,2974.081796,0.324832,42.410787,7.488538,3.044345,0.000000
20.465502,16.144345,42.280422,2969.403925,0.327112,42.423205,7.438543,3.024583,0.000000
20.492209,16.172188,42.304135,2964.755306,0.327577,42.435632,7.388931,3.004968,0.000000
20.518855,16.199987,42.327789,2960.136123,0.326225,42.448058,7.339829,2.985554,0.000000
20.545442,16.227754,42.351240,2955.546441,0.323079,42.460504,7.291361,2.966392,0.000000
20.571969,16.255489,42.374367,2950.986291,0.318161,42.472948,7.243647,2.947528,0.000000
20.598436,16.283180,42.397058,2946.455595,0.311479,42.485402,7.196798,2.929010,0.000000
20.624844,16.310849,42.419181,2941.954220,0.303079,42.497865,7.150921,2.910881,0.000000
20.651191,16.338475,42.440616,2937.481935,0.292981,42.510337,7.106119,2.893183,0.000000
20.677479,16.366069,42.461249,2933.038474,0.281206,42.522818,7.062486,2.875954,0.000000
20.703708,16.393630,42.480980,2928.623483,0.267820,42.535298,7.020113,2.859233,0.000000
20.729876,16.421158,42.499676,2924.236524,0.252856,42.547798,6.979084,2.843052,0.000000
20.755996,16.448653,42.517257,2919.877128,0.236344,42.560306,6.939479,2.827446,0.000000
20.782045,16.476116,42.533601,2915.544767,0.218351,42.572824,6.901371,2.812444,0.000000
20.808045,16.503546,42.548626,2911.238827,0.198909,42.585351,6.864829,2.798075,0.000000
20.833975,16.530943,42.562220,2906.958657,0.178094,42.597887,6.829916,2.784365,0.000000
20.859856,16.558308,42.574314,2902.703554,0.155938,42.610432,6.796691,2.771339,0.000000
20.885688,16.585640,42.584805,2898.472762,0.132527,42.622996,6.765209,2.759018,0.000000
20.911449,16.612949,42.593622,2894.265485,0.107895,42.635560,6.735518,2.747423,0.000000
20.937162,16.640216,42.600683,2890.080868,0.082118,42.648142,6.707664,2.736574,0.000000
20.962815,16.667460,42.605929,2885.918020,0.055260,42.660733,6.681687,2.726486,0.000000
20.988419,16.694661,42.609277,2881.776005,0.027387,42.673334,6.657624,2.717176,0.000000
21.013964,16.721840,42.610668,2877.653861,-0.001448,42.685944,6.635508,2.708657,0.000000
21.039449,16.748986,42.610049,2873.550567,-0.031146,42.698573,6.615367,2.700942,0.000000
21.064885,16.776100,42.607370,2869.465083,-0.061663,42.711211,6.597227,2.694041,0.000000
21.090262,16.803191,42.602591,2865.396336,-0.092903,42.723858,6.581110,2.687964,0.000000
21.115579,16.830239,42.595650,2861.343212,-0.124821,42.736514,6.567034,2.682718,0.000000
21.140858,16.857265,42.586528,2857.304587,-0.157320,42.749179,6.555014,2.678311,0.000000
21.166067,16.884268,42.575183,2853.279287,-0.190335,42.761863,6.545062,2.674747,0.000000
21.191227,16.911228,42.561595,2849.266117,-0.223789,42.774557,6.537187,2.672031,0.000000
21.216338,16.938166,42.545744,2845.263870,-0.257606,42.787269,6.531394,2.670165,0.000000
21.241389,16.965071,42.527620,2841.271309,-0.291710,42.799981,6.527686,2.669151,0.000000
21.266382,16.991944,42.507202,2837.287168,-0.326015,42.812711,6.526063,2.668990,0.000000
21.291325,17.018794,42.484479,2833.310189,-0.360453,42.825451,6.526522,2.669680,0.000000
21.316220,17.045602,42.459473,2829.339064,-0.394951,42.838210,6.529057,2.671220,0.000000
21.341056,17.072397,42.432183,2825.372494,-0.429419,42.850978,6.533659,2.673607,0.000000
21.365842,17.099149,42.402609,2821.409149,-0.463793,42.863755,6.540316,2.676835,0.000000
21.390570,17.125879,42.370771,2817.447712,-0.497975,42.876541,6.549013,2.680900,0.000000
21.415249,17.152576,42.336700,2813.486821,-0.531911,42.889336,6.559733,2.685795,0.000000
21.439868,17.179241,42.300405,2809.525147,-0.565501,42.902150,6.572455,2.691512,0.000000
21.464439,17.205883,42.261938,2805.561320,-0.598693,42.914973,6.587155,2.698041,0.000000
21.488961,17.232493,42.221329,2801.593989,-0.631386,42.927805,6.603806,2.705372,0.000000
21.513424,17.259070,42.178607,2797.621794,-0.663528,42.940647,6.622378,2.713493,0.000000
21.537828,17.285624,42.133834,2793.643383,-0.695031,42.953507,6.642837,2.722390,0.000000
21.562194,17.312136,42.087061,2789.657397,-0.725817,42.966367,6.665147,2.732050,0.000000
21.586490,17.338625,42.038328,2785.662485,-0.755822,42.979246,6.689267,2.742455,0.000000
21.610737,17.365092,41.987717,2781.657305,-0.784981,42.992134,6.715153,2.753589,0.000000
21.634936,17.391517,41.935277,2777.640548,-0.813216,43.005030,6.742758,2.765433,0.000000
21.659087,17.417918,41.881080,2773.610873,-0.840462,43.017936,6.772031,2.777964,0.000000
21.683168,17.444288,41.825196,2769.566989,-0.866643,43.030852,6.802915,2.791162,0.000000
21.707211,17.470624,41.767708,2765.507639,-0.891715,43.043776,6.835353,2.805003,0.000000
21.731184,17.496928,41.708706,2761.431541,-0.915601,43.056709,6.869280,2.819460,0.000000
21.755120,17.523210,41.648262,2757.337478,-0.938236,43.069652,6.904628,2.834506,0.000000
21.778986,17.549449,41.586466,2753.224251,-0.959587,43.082603,6.941328,2.850113,0.000000
21.802803,17.575666,41.523420,2749.090692,-0.979566,43.095564,6.979302,2.866249,0.000000
21.826573,17.601850,41.459205,2744.935675,-0.998141,43.108524,7.018470,2.882882,0.000000
21.850283,17.627991,41.393923,2740.758093,-1.015256,43.121503,7.058748,2.899978,0.000000
21.873935,17.654110,41.327686,2736.556912,-1.030879,43.134481,7.100047,2.917499,0.000000
21.897538,17.680197,41.260583,2732.331126,-1.044943,43.147468,7.142275,2.935409,0.000000
21.921082,17.706251,41.192729,2728.079773,-1.057417,43.160464,7.185333,2.953668,0.000000
21.944568,17.732272,41.124233,2723.801970,-1.068277,43.173460,7.229121,2.972233,0.000000
21.968006,17.758251,41.055187,2719.496868,-1.077481,43.186475,7.273533,2.991063,0.000000
21.991374,17.784208,40.985723,2715.163685,-1.084994,43.199479,7.318461,3.010111,0.000000
22.014704,17.810132,40.915943,2710.801704,-1.090806,43.212502,7.363790,3.029333,0.000000
22.037966,17.836013,40.845969,2706.410279,-1.094883,43.225514,7.409405,3.048679,0.000000
22.061169,17.861862,40.775891,2701.988833,-1.097227,43.238545,7.455187,3.068101,0.000000
22.084323,17.887679,40.705853,2697.536865,-1.097813,43.251576,7.501013,3.087549,0.000000
22.107419,17.913463,40.635945,2693.053941,-1.096642,43.264606,7.546757,3.106972,0.000000
22.130457,17.939204,40.566299,2688.539723,-1.093714,43.277635,7.592294,3.126316,0.000000
22.153435,17.964913,40.497006,2683.993931,-1.089029,43.290673,7.637494,3.145529,0.000000
22.176356,17.990590,40.428200,2679.416401,-1.082596,43.303711,7.682226,3.164557,0.000000
22.199218,18.016224,40.359970,2674.807037,-1.074427,43.316757,7.726361,3.183346,0.000000
22.222032,18.041825,40.292450,2670.165827,-1.064554,43.329794,7.769766,3.201842,0.000000
22.244777,18.067394,40.225720,2665.492851,-1.052998,43.342839,7.812311,3.219990,0.000000
22.267463,18.092921,40.159902,2660.788302,-1.039782,43.355883,7.853866,3.237737,0.000000
22.290091,18.118405,40.095097,2656.052432,-1.024948,43.368917,7.894301,3.255030,0.000000
22.312661,18.143856,40.031388,2651.285610,-1.008541,43.381960,7.933491,3.271815,0.000000
22.335173,18.169265,39.968886,2646.488272,-0.990602,43.395002,7.971310,3.288043,0.000000
22.357626,18.194642,39.907681,2641.660970,-0.971187,43.408044,8.007640,3.303661,0.000000
22.380011,18.219976,39.847846,2636.804326,-0.950340,43.421085,8.042363,3.318623,0.000000
22.402347,18.245268,39.789482,2631.919065,-0.928136,43.434125,8.075368,3.332882,0.000000
22.424615,18.270527,39.732650,2627.005993,-0.904640,43.447155,8.106547,3.346392,0.000000
22.446825,18.295744,39.677440,2622.065990,-0.879929,43.460183,8.135800,3.359113,0.000000
22.468966,18.320918,39.623915,2617.100047,-0.854058,43.473221,8.163033,3.371005,0.000000
22.491060,18.346050,39.572136,2612.109185,-0.827134,43.486239,8.188159,3.382031,0.000000
22.513085,18.371139,39.522152,2607.094550,-0.799214,43.499266,8.211099,3.392158,0.000000
22.535041,18.396196,39.474035,2602.057328,-0.770406,43.512282,8.231780,3.401356,0.000000
22.556950,18.421201,39.427817,2596.998767,-0.740796,43.525297,8.250141,3.409599,0.000000
22.578790,18.446173,39.383536,2591.920205,-0.710473,43.538312,8.266127,3.416863,0.000000
22.600562,18.471102,39.341235,2586.823005,-0.679535,43.551316,8.279694,3.423130,0.000000
22.622276,18.495979,39.300933,2581.708599,-0.648079,43.564310,8.290806,3.428385,0.000000
22.643932,18.520824,39.262651,2576.578458,-0.616216,43.577312,8.299439,3.432617,0.000000
22.665529,18.545626,39.226409,2571.434089,-0.584032,43.590295,8.305577,3.435818,0.000000
22.687049,18.570386,39.192218,2566.277046,-0.551647,43.603286,8.309213,3.437985,0.000000
22.708520,18.595094,39.160067,2561.108875,-0.519150,43.616267,8.310354,3.439121,0.000000
22.729923,18.619769,39.129966,2555.931194,-0.486659,43.629237,8.309012,3.439229,0.000000
22.751259,18.644391,39.101896,2550.745578,-0.454275,43.642207,8.305213,3.438321,0.000000
22.772546,18.668982,39.075837,2545.553665,-0.422094,43.655166,8.298989,3.436408,0.000000
22.793755,18.693520,39.051766,2540.357054,-0.390227,43.668124,8.290384,3.433509,0.000000
22.814906,18.718015,39.029656,2535.157362,-0.358772,43.681072,8.279450,3.429643,0.000000
22.836000,18.742468,39.009474,2529.956175,-0.327827,43.694019,8.266246,3.424837,0.000000
22.857025,18.766879,38.991171,2524.755083,-0.297491,43.706956,8.250842,3.419116,0.000000
22.877993,18.791247,38.974706,2519.555640,-0.267873,43.719882,8.233313,3.412513,0.000000
22.898892,18.815563,38.960018,2514.359385,-0.239039,43.732817,8.213744,3.405061,0.000000
22.919734,18.839836,38.947055,2509.167802,-0.211098,43.745732,8.192223,3.396798,0.000000
22.940508,18.864078,38.935759,2503.982367,-0.184139,43.758646,8.168848,3.387762,0.000000
22.961224,18.888266,38.926056,2498.804493,-0.158238,43.771550,8.143719,3.377996,0.000000
22.981872,18.912413,38.917877,2493.635554,-0.133460,43.784452,8.116942,3.367543,0.000000
23.002462,18.936517,38.911139,2488.476851,-0.109905,43.797354,8.088629,3.356447,0.000000
23.022995,18.960569,38.905773,2483.329676,-0.087627,43.810246,8.058892,3.344757,0.000000
23.043460,18.984588,38.901687,2478.195218,-0.066692,43.823127,8.027850,3.332521,0.000000
23.063868,19.008555,38.898809,2473.074636,-0.047166,43.836007,7.995620,3.319787,0.000000
23.084207,19.032490,38.897038,2467.969005,-0.029105,43.848887,7.962325,3.306605,0.000000
23.104489,19.056372,38.896272,2462.879351,-0.012551,43.861756,7.928085,3.293027,0.000000
23.124714,19.080212,38.896441,2457.806629,0.002440,43.874624,7.893025,3.279102,0.000000
23.144870,19.104010,38.897433,2452.751700,0.015835,43.887482,7.857265,3.264881,0.000000
23.164970,19.127766,38.899156,2447.715406,0.027590,43.900339,7.820929,3.250416,0.000000
23.185011,19.151479,38.901509,2442.698464,0.037683,43.913196,7.784138,3.235756,0.000000
23.204996,19.175150,38.904401,2437.701562,0.046091,43.926042,7.747011,3.220950,0.000000
23.224913,19.198768,38.907719,2432.725297,0.052781,43.938887,7.709667,3.206049,0.000000
23.244772,19.222355,38.911362,2427.770192,0.057754,43.951731,7.672220,3.191099,0.000000
23.264574,19.245899,38.915239,2422.836700,0.060987,43.964565,7.634786,3.176149,0.000000
23.284308,19.269400,38.919238,2417.925211,0.062490,43.977398,7.597473,3.161244,0.000000
23.303995,19.292860,38.923278,2413.036034,0.062242,43.990231,7.560389,3.146428,0.000000
23.323615,19.316277,38.927236,2408.169416,0.060274,44.003063,7.523639,3.131745,0.000000
23.343188,19.339652,38.931032,2403.325544,0.056577,44.015894,7.487322,3.117237,0.000000
23.362693,19.362985,38.934564,2398.504512,0.051182,44.028714,7.451535,3.102945,0.000000
23.382141,19.386276,38.937731,2393.706362,0.044088,44.041544,7.416372,3.088906,0.000000
23.401531,19.409534,38.940440,2388.931084,0.035341,44.054363,7.381920,3.075159,0.000000
23.420865,19.432740,38.942600,2384.178589,0.024949,44.067181,7.348265,3.061738,0.000000
23.440141,19.455914,38.944141,2379.448725,0.012957,44.079999,7.315487,3.048678,0.000000
23.459360,19.479045,38.944941,2374.741287,-0.000602,44.092816,7.283662,3.036010,0.000000
23.478532,19.502135,38.944948,2370.056022,-0.015697,44.105632,7.252863,3.023765,0.000000
23.497637,19.525182,38.944061,2365.392592,-0.032272,44.118448,7.223158,3.011972,0.000000
23.516685,19.548197,38.942208,2360.750640,-0.050296,44.131272,7.194611,3.000657,0.000000
23.535685,19.571170,38.939319,2356.129727,-0.069701,44.144086,7.167281,2.989845,0.000000
23.554619,19.594101,38.935313,2351.529372,-0.090446,44.156900,7.141225,2.979561,0.000000
23.573506,19.616989,38.930128,2346.949054,-0.112475,44.169712,7.116492,2.969825,0.000000
23.592335,19.639845,38.923703,2342.388201,-0.135723,44.182534,7.093132,2.960658,0.000000
23.611108,19.662659,38.915967,2337.846189,-0.160135,44.195345,7.071187,2.952079,0.000000
23.629834,19.685441,38.906860,2333.322372,-0.185645,44.208166,7.050698,2.944104,0.000000
23.648503,19.708171,38.896340,2328.816025,-0.212189,44.220985,7.031699,2.936749,0.000000
23.667104,19.730879,38.884356,2324.326421,-0.239689,44.233804,7.014224,2.930027,0.000000
23.685670,19.753534,38.870849,2319.852781,-0.268091,44.246622,6.998300,2.923951,0.000000
23.704168,19.776158,38.855796,2315.394286,-0.297330,44.259449,6.983953,2.918531,0.000000
23.722619,19.798739,38.839158,2310.950088,-0.327306,44.272266,6.971204,2.913778,0.000000
23.741014,19.821288,38.820883,2306.519325,-0.357966,44.285092,6.960070,2.909698,0.000000
23.759362,19.843795,38.800962,2302.101065,-0.389220,44.297917,6.950566,2.906298,0.000000
23.777653,19.866270,38.779374,2297.694398,-0.421005,44.310741,6.942702,2.903583,0.000000
23.795887,19.888702,38.756078,2293.298338,-0.453243,44.323565,6.936488,2.901557,0.000000
23.814064,19.911103,38.731075,2288.911924,-0.485835,44.336398,6.931927,2.900222,0.000000
23.832195,19.933461,38.704353,2284.534130,-0.518727,44.349230,6.929021,2.899579,0.000000
23.850280,19.955778,38.675893,2280.163942,-0.551832,44.362061,6.927767,2.899627,0.000000
23.868307,19.978062,38.645716,2275.800315,-0.585060,44.374892,6.928160,2.900365,0.000000
23.886278,20.000314,38.613799,2271.442193,-0.618347,44.387722,6.930193,2.901790,0.000000
23.904202,20.022514,38.580165,2267.088499,-0.651595,44.400561,6.933853,2.903898,0.000000
23.922070,20.044692,38.544822,2262.738138,-0.684736,44.413399,6.939127,2.906682,0.000000
23.939881,20.066828,38.507772,2258.390041,-0.717694,44.426237,6.945997,2.910136,0.000000
23.957646,20.088922,38.469054,2254.043082,-0.750382,44.439073,6.954441,2.914251,0.000000
23.975354,20.110974,38.428678,2249.696173,-0.782712,44.451919,6.964437,2.919019,0.000000
23.993015,20.133003,38.386675,2245.348198,-0.814628,44.464755,6.975957,2.924427,0.000000
24.010620,20.154981,38.343086,2240.998037,-0.846043,44.477599,6.988971,2.930464,0.000000
24.028179,20.176926,38.297931,2236.644593,-0.876870,44.490443,7.003446,2.937116,0.000000
24.045681,20.198840,38.251250,2232.286769,-0.907052,44.503286,7.019345,2.944369,0.000000
24.063137,20.220711,38.203094,2227.923446,-0.936502,44.516128,7.036629,2.952205,0.000000
24.080536,20.242541,38.153515,2223.553558,-0.965155,44.528970,7.055255,2.960608,0.000000
24.097879,20.264338,38.102552,2219.176016,-0.992955,44.541811,7.075178,2.969559,0.000000
24.115175,20.286093,38.050256,2214.789764,-1.019803,44.554651,7.096347,2.979036,0.000000
24.132415,20.307816,37.996689,2210.393745,-1.045655,44.567491,7.118710,2.989019,0.000000
24.149609,20.329498,37.941910,2205.986942,-1.070446,44.580339,7.142213,2.999485,0.000000
24.166747,20.351137,37.885992,2201.568350,-1.094108,44.593177,7.166796,3.010408,0.000000
24.183838,20.372734,37.828986,2197.136983,-1.116588,44.606014,7.192398,3.021765,0.000000
24.200863,20.394299,37.770961,2192.691897,-1.137829,44.618851,7.218954,3.033526,0.000000
24.217851,20.415832,37.712000,2188.232156,-1.157778,44.631687,7.246396,3.045665,0.000000
24.234773,20.437313,37.652164,2183.756899,-1.176389,44.644522,7.274653,3.058152,0.000000
24.251650,20.458763,37.591533,2179.265242,-1.193607,44.657347,7.303652,3.070955,0.000000
24.268469,20.480170,37.530179,2174.756394,-1.209400,44.670180,7.333316,3.084044,0.000000
24.285243,20.501535,37.468183,2170.229574,-1.223723,44.683004,7.363567,3.097384,0.000000
24.301961,20.522868,37.405627,2165.684043,-1.236543,44.695826,7.394321,3.110943,0.000000
24.318622,20.544159,37.342592,2161.119141,-1.247827,44.708638,7.425497,3.124684,0.000000
24.335237,20.565408,37.279158,2156.534213,-1.257553,44.721449,7.457008,3.138571,0.000000
24.351796,20.586616,37.215408,2151.928701,-1.265697,44.734260,7.488765,3.152568,0.000000
24.368299,20.607781,37.151433,2147.302051,-1.272239,44.747070,7.520679,3.166637,0.000000
24.384746,20.628904,37.087304,2142.653810,-1.277156,44.759859,7.552659,3.180739,0.000000
24.401136,20.649985,37.023112,2137.983567,-1.280458,44.772658,7.584612,3.194836,0.000000
24.417481,20.671025,36.958949,2133.290949,-1.282135,44.785446,7.616446,3.208888,0.000000
24.433770,20.692032,36.894877,2128.575689,-1.282174,44.798223,7.648065,3.222856,0.000000
24.450002,20.712987,36.830996,2123.837539,-1.280599,44.811000,7.679375,3.236699,0.000000
24.466179,20.733901,36.767377,2119.076344,-1.277419,44.823767,7.710283,3.250378,0.000000
24.482310,20.754772,36.704103,2114.292019,-1.272634,44.836532,7.740694,3.263854,0.000000
24.498374,20.775612,36.641265,2109.484513,-1.266276,44.849278,7.770515,3.277086,0.000000
24.514393,20.796400,36.578923,2104.653875,-1.258369,44.862022,7.799653,3.290036,0.000000
24.530346,20.817135,36.517150,2099.800217,-1.248954,44.874766,7.828020,3.302665,0.000000
24.546253,20.837839,36.456035,2094.923700,-1.238055,44.887490,7.855525,3.314936,0.000000
24.562104,20.858491,36.395641,2090.024570,-1.225704,44.900213,7.882082,3.326812,0.000000
24.577899,20.879111,36.336039,2085.103144,-1.211965,44.912915,7.907609,3.338258,0.000000
24.593638,20.899679,36.277289,2080.159778,-1.196884,44.925617,7.932023,3.349239,0.000000
24.609312,20.920196,36.219453,2075.194925,-1.180516,44.938308,7.955250,3.359723,0.000000
24.624939,20.940680,36.162582,2070.209094,-1.162913,44.950989,7.977215,3.369679,0.000000
24.640511,20.961112,36.106746,2065.202850,-1.144143,44.963660,7.997850,3.379076,0.000000
24.656027,20.981493,36.051997,2060.176827,-1.124283,44.976310,8.017091,3.387889,0.000000
24.671477,21.001831,35.998365,2055.131702,-1.103386,44.988959,8.034878,3.396091,0.000000
24.686882,21.022128,35.945901,2050.068223,-1.081542,45.001598,8.051158,3.403659,0.000000
24.702221,21.042383,35.894656,2044.987189,-1.058826,45.014217,8.065883,3.410572,0.000000
24.717514,21.062586,35.844650,2039.889450,-1.035315,45.026835,8.079009,3.416813,0.000000
24.732741,21.082737,35.795914,2034.775890,-1.011109,45.039432,8.090501,3.422365,0.000000
24.747913,21.102847,35.748489,2029.647471,-0.986273,45.052019,8.100328,3.427215,0.000000
24.763029,21.122914,35.702385,2024.505148,-0.960917,45.064596,8.108467,3.431352,0.000000
24.778090,21.142920,35.657611,2019.349946,-0.935119,45.077152,8.114899,3.434769,0.000000
24.793085,21.162894,35.614199,2014.182912,-0.908987,45.089698,8.119614,3.437461,0.000000
24.808034,21.182816,35.572149,2009.005133,-0.882599,45.102233,8.122608,3.439425,0.000000
24.822918,21.202686,35.531460,2003.817697,-0.856055,45.114758,8.123882,3.440662,0.000000
24.837747,21.222504,35.492123,1998.621722,-0.829452,45.127263,8.123447,3.441175,0.000000
24.852519,21.242281,35.454158,1993.418368,-0.802890,45.139767,8.121316,3.440970,0.000000
24.867237,21.262005,35.417524,1988.208754,-0.776457,45.152241,8.117512,3.440057,0.000000
24.881889,21.281688,35.382232,1982.994060,-0.750264,45.164714,8.112062,3.438445,0.000000
24.896495,21.301319,35.348240,1977.775435,-0.724376,45.177167,8.105000,3.436149,0.000000
24.911036,21.320899,35.315549,1972.554041,-0.698914,45.189609,8.096365,3.433186,0.000000
24.925522,21.340436,35.284109,1967.331026,-0.673955,45.202031,8.086202,3.429573,0.000000
24.939942,21.359922,35.253898,1962.107531,-0.649588,45.214443,8.074562,3.425333,0.000000
24.954317,21.379356,35.224877,1956.884685,-0.625912,45.226844,8.061499,3.420487,0.000000
24.968626,21.398748,35.197004,1951.663608,-0.603004,45.239224,8.047072,3.415061,0.000000
24.982891,21.418089,35.170249,1946.445388,-0.580941,45.251595,8.031346,3.409081,0.000000
24.997079,21.437378,35.144561,1941.231093,-0.559800,45.263955,8.014388,3.402576,0.000000
25.011223,21.456615,35.119880,1936.021772,-0.539671,45.276294,7.996269,3.395575,0.000000
25.025312,21.475810,35.096154,1930.818411,-0.520607,45.288633,7.977064,3.388110,0.000000
25.039335,21.494953,35.073343,1925.622016,-0.502697,45.300942,7.956848,3.380213,0.000000
25.053313,21.514055,35.051375,1920.433503,-0.485985,45.313250,7.935701,3.371917,0.000000
25.067226,21.533095,35.030201,1915.253785,-0.470538,45.325538,7.913704,3.363257,0.000000
25.081083,21.552094,35.009748,1910.083727,-0.456411,45.337816,7.890940,3.354267,0.000000
25.094886,21.571050,34.989955,1904.924129,-0.443660,45.350083,7.867492,3.344983,0.000000
25.108633,21.589945,34.970762,1899.775785,-0.432328,45.362329,7.843445,3.335441,0.000000
25.122316,21.608798,34.952088,1894.639413,-0.422449,45.374566,7.818883,3.325676,0.000000
25.135953,21.627610,34.933881,1889.515682,-0.414078,45.386791,7.793893,3.315725,0.000000
25.149535,21.646360,34.916060,1884.405239,-0.407226,45.399007,7.768557,3.305623,0.000000
25.163052,21.665068,34.898554,1879.308652,-0.401928,45.411212,7.742961,3.295406,0.000000
25.176524,21.683735,34.881302,1874.226455,-0.398204,45.423396,7.717188,3.285109,0.000000
25.189932,21.702349,34.864232,1869.159132,-0.396078,45.435570,7.691320,3.274769,0.000000
25.203294,21.720913,34.847264,1864.107105,-0.395560,45.447744,7.665438,3.264418,0.000000
25.216591,21.739424,34.830326,1859.070744,-0.396651,45.459897,7.639621,3.254091,0.000000
25.229844,21.757894,34.813357,1854.050391,-0.399363,45.472040,7.613946,3.243820,0.000000
25.243031,21.776312,34.796286,1849.046292,-0.403684,45.484172,7.588489,3.233638,0.000000
25.256174,21.794689,34.779031,1844.058696,-0.409615,45.496294,7.563323,3.223576,0.000000
25.269252,21.813024,34.761542,1839.087747,-0.417144,45.508395,7.538519,3.213664,0.000000
25.282285,21.831297,34.743738,1834.133580,-0.426251,45.520496,7.514144,3.203932,0.000000
25.295263,21.849529,34.725566,1829.196258,-0.436914,45.532587,7.490265,3.194407,0.000000
25.308186,21.867719,34.706947,1824.275803,-0.449110,45.544666,7.466944,3.185116,0.000000
25.321055,21.885858,34.687828,1819.372194,-0.462818,45.556736,7.444242,3.176085,0.000000
25.333869,21.903955,34.668150,1814.485341,-0.477994,45.568795,7.422214,3.167339,0.000000
25.346638,21.922000,34.647840,1809.615122,-0.494605,45.580844,7.400916,3.158901,0.000000
25.359352,21.940004,34.626859,1804.761383,-0.512619,45.592891,7.380398,3.150793,0.000000
25.372012,21.957956,34.605134,1799.923910,-0.531980,45.604919,7.360708,3.143035,0.000000
25.384617,21.975866,34.582636,1795.102437,-0.552655,45.616936,7.341891,3.135646,0.000000
25.397168,21.993725,34.559303,1790.296676,-0.574568,45.628953,7.323989,3.128646,0.000000
25.409674,22.011543,34.535084,1785.506291,-0.597697,45.640959,7.307041,3.122050,0.000000
25.422125,22.029319,34.509938,1780.730912,-0.621965,45.652954,7.291081,3.115874,0.000000
25.434522,22.047043,34.483826,1775.970108,-0.647316,45.664940,7.276142,3.110132,0.000000
25.446874,22.064726,34.456705,1771.223449,-0.673686,45.676924,7.262253,3.104837,0.000000
25.459171,22.082357,34.428547,1766.490453,-0.701018,45.688898,7.249440,3.100000,0.000000
25.471414,22.099947,34.399319,1761.770596,-0.729246,45.700862,7.237727,3.095632,0.000000
25.483603,22.117495,34.368981,1757.063324,-0.758295,45.712815,7.227132,3.091740,0.000000
25.495747,22.134991,34.337524,1752.368073,-0.788086,45.724757,7.217674,3.088333,0.000000
25.507847,22.152446,34.304905,1747.684238,-0.818575,45.736699,7.209364,3.085416,0.000000
25.519882,22.169860,34.271116,1743.011181,-0.849664,45.748631,7.202216,3.082996,0.000000
25.531883,22.187222,34.236146,1738.348245,-0.881286,45.760552,7.196235,3.081074,0.000000
25.543819,22.204543,34.199964,1733.694753,-0.913365,45.772473,7.191427,3.079654,0.000000
25.555711,22.221822,34.162581,1729.050007,-0.945822,45.784383,7.187794,3.078737,0.000000
25.567549,22.239059,34.123965,1724.413297,-0.978591,45.796282,7.185335,3.078323,0.000000
25.579342,22.256245,34.084138,1719.783863,-1.011586,45.808171,7.184046,3.078409,0.000000
25.591091,22.273390,34.043078,1715.160967,-1.044716,45.820060,7.183920,3.078995,0.000000
25.602776,22.290483,34.000806,1710.543846,-1.077927,45.831938,7.184949,3.080076,0.000000
25.614426,22.307534,33.957323,1705.931701,-1.111120,45.843805,7.187118,3.081646,0.000000
25.626012,22.324544,33.912628,1701.323771,-1.144229,45.855672,7.190415,3.083701,0.000000
25.637554,22.341513,33.866740,1696.719243,-1.177164,45.867528,7.194820,3.086232,0.000000
25.649052,22.358430,33.819682,1692.117315,-1.209872,45.879374,7.200313,3.089232,0.000000
25.660495,22.375306,33.771462,1687.517177,-1.242251,45.891210,7.206872,3.092690,0.000000
25.671894,22.392140,33.722102,1682.918026,-1.274237,45.903045,7.214470,3.096596,0.000000
25.683239,22.408933,33.671630,1678.319059,-1.305763,45.914869,7.223080,3.100938,0.000000
25.694540,22.425675,33.620069,1673.719455,-1.336740,45.926683,7.232671,3.105702,0.000000
25.705787,22.442375,33.567448,1669.118422,-1.367112,45.938487,7.243208,3.110876,0.000000
25.716990,22.459023,33.513809,1664.515157,-1.396804,45.950280,7.254658,3.116444,0.000000
25.728138,22.475630,33.459181,1659.908879,-1.425747,45.962072,7.266981,3.122389,0.000000
25.739233,22.492196,33.403594,1655.298817,-1.453876,45.973854,7.280136,3.128696,0.000000
25.750293,22.508720,33.347091,1650.684188,-1.481125,45.985626,7.294082,3.135344,0.000000
25.761290,22.525193,33.289711,1646.064252,-1.507449,45.997387,7.308774,3.142316,0.000000
25.772242,22.541625,33.231505,1641.438289,-1.532781,46.009137,7.324164,3.149592,0.000000
25.783151,22.558005,33.172525,1636.805568,-1.557066,46.020878,7.340204,3.157150,0.000000
25.794005,22.574344,33.112789,1632.165400,-1.580249,46.032607,7.356841,3.164968,0.000000
25.804815,22.590641,33.052371,1627.517126,-1.602285,46.044327,7.374025,3.173025,0.000000
25.815572,22.606887,32.991320,1622.860107,-1.623130,46.056045,7.391700,3.181297,0.000000
25.826274,22.623092,32.929667,1618.193706,-1.642751,46.067744,7.409810,3.189760,0.000000
25.836933,22.639255,32.867483,1613.517367,-1.661092,46.079432,7.428298,3.198390,0.000000
25.847548,22.655367,32.804820,1608.830512,-1.678141,46.091110,7.447105,3.207160,0.000000
25.858109,22.671428,32.741727,1604.132627,-1.693855,46.102787,7.466171,3.216046,0.000000
25.868616,22.687457,32.678257,1599.423228,-1.708211,46.114434,7.485436,3.225021,0.000000
25.879079,22.703425,32.614459,1594.701861,-1.721186,46.126080,7.504836,3.234059,0.000000
25.889488,22.719351,32.550405,1589.968115,-1.732759,46.137716,7.524310,3.243132,0.000000
25.899854,22.735237,32.486136,1585.221628,-1.742929,46.149332,7.543796,3.252215,0.000000
25.910166,22.751070,32.421723,1580.462060,-1.751696,46.160947,7.563229,3.261279,0.000000
25.920434,22.766853,32.357207,1575.689121,-1.759026,46.172532,7.582548,3.270297,0.000000
25.930648,22.782594,32.292638,1570.902566,-1.764953,46.184116,7.601689,3.279243,0.000000
25.940809,22.798294,32.228088,1566.102196,-1.769465,46.195681,7.620589,3.288088,0.000000
25.950926,22.813943,32.163608,1561.287857,-1.772573,46.207235,7.639187,3.296808,0.000000
25.960989,22.829541,32.099228,1556.459434,-1.774298,46.218778,7.657422,3.305374,0.000000
25.971009,22.845087,32.035020,1551.616876,-1.774652,46.230301,7.675234,3.313761,0.000000
25.980965,22.860592,31.971034,1546.760150,-1.773679,46.241814,7.692564,3.321944,0.000000
25.990887,22.876045,31.907312,1541.889287,-1.771389,46.253307,7.709355,3.329898,0.000000
26.000746,22.891458,31.843893,1537.004368,-1.767816,46.264789,7.725553,3.337599,0.000000
26.010562,22.906809,31.780839,1532.105515,-1.763014,46.276251,7.741103,3.345024,0.000000
26.020323,22.922129,31.718181,1527.192902,-1.757017,46.287703,7.755956,3.352150,0.000000
26.030041,22.937387,31.655959,1522.266725,-1.749868,46.299134,7.770063,3.358957,0.000000
26.039706,22.952595,31.594225,1517.327259,-1.741635,46.310555,7.783378,3.365425,0.000000
26.049317,22.967761,31.533008,1512.374803,-1.732349,46.321946,7.795858,3.371535,0.000000
26.058875,22.982876,31.472339,1507.409705,-1.722088,46.333337,7.807463,3.377269,0.000000
26.068389,22.997940,31.412250,1502.432346,-1.710896,46.344697,7.818157,3.382611,0.000000
26.077850,23.012952,31.352770,1497.443156,-1.698862,46.356047,7.827908,3.387547,0.000000
26.087257,23.027924,31.293930,1492.442599,-1.686040,46.367377,7.836685,3.392065,0.000000
26.096612,23.042834,31.235750,1487.431177,-1.672509,46.378697,7.844462,3.396151,0.000000
26.105922,23.057703,31.178251,1482.409426,-1.658334,46.389996,7.851217,3.399797,0.000000
26.115179,23.072521,31.121453,1477.377920,-1.643604,46.401276,7.856933,3.402994,0.000000
26.124383,23.087287,31.065377,1472.337247,-1.628397,46.412535,7.861595,3.405737,0.000000
26.133544,23.101993,31.010013,1467.288052,-1.612777,46.423773,7.865192,3.408019,0.000000
26.142651,23.116657,30.955390,1462.230986,-1.596858,46.435002,7.867719,3.409839,0.000000
26.151696,23.131270,30.901509,1457.166715,-1.580693,46.446201,7.869174,3.411194,0.000000
26.160706,23.145832,30.848371,1452.095940,-1.564382,46.457389,7.869557,3.412086,0.000000
26.169654,23.160353,30.795984,1447.019391,-1.548014,46.468557,7.868875,3.412517,0.000000
26.178558,23.174813,30.744330,1441.937787,-1.531666,46.479705,7.867137,3.412490,0.000000
26.187400,23.189222,30.693408,1436.851881,-1.515427,46.490842,7.864358,3.412011,0.000000
26.196198,23.203579,30.643217,1431.762423,-1.499385,46.501950,7.860553,3.411087,0.000000
26.204953,23.217886,30.593738,1426.670186,-1.483619,46.513047,7.855745,3.409727,0.000000
26.213645,23.232141,30.544951,1421.575930,-1.468217,46.524114,7.849957,3.407942,0.000000
26.222293,23.246345,30.496854,1416.480438,-1.453266,46.535171,7.843218,3.405743,0.000000
26.230889,23.260499,30.449419,1411.384461,-1.438846,46.546208,7.835557,3.403143,0.000000
26.239431,23.274601,30.402624,1406.288783,-1.425034,46.557224,7.827009,3.400156,0.000000
26.247921,23.288652,30.356439,1401.194164,-1.411907,46.568221,7.817611,3.396799,0.000000
26.256358,23.302652,30.310843,1396.101357,-1.399543,46.579197,7.807401,3.393088,0.000000
26.264751,23.316591,30.265817,1391.011102,-1.388009,46.590163,7.796423,3.389042,0.000000
26.273091,23.330489,30.221309,1385.924141,-1.377382,46.601099,7.784718,3.384678,0.000000
26.281379,23.344335,30.177299,1380.841186,-1.367730,46.612024,7.772334,3.380017,0.000000
26.289624,23.358131,30.133746,1375.762946,-1.359117,46.622930,7.759318,3.375079,0.000000
26.297815,23.371866,30.090610,1370.690092,-1.351590,46.633815,7.745719,3.369886,0.000000
26.305954,23.385560,30.047870,1365.623282,-1.345215,46.644680,7.731588,3.364459,0.000000
26.314040,23.399192,30.005475,1360.563176,-1.340048,46.655526,7.716975,3.358820,0.000000
26.322073,23.412784,29.963374,1355.510372,-1.336132,46.666360,7.701934,3.352992,0.000000
26.330063,23.426315,29.921548,1350.465457,-1.333513,46.677165,7.686516,3.346999,0.000000
26.338000,23.439804,29.879934,1345.429009,-1.332236,46.687960,7.670776,3.340862,0.000000
26.345895,23.453233,29.838503,1340.401563,-1.332333,46.698734,7.654767,3.334606,0.000000
26.353727,23.466611,29.797214,1335.383604,-1.333838,46.709498,7.638542,3.328253,0.000000
26.361515,23.479947,29.756005,1330.375627,-1.336773,46.720232,7.622155,3.321827,0.000000
26.369262,23.493223,29.714835,1325.378076,-1.341162,46.730956,7.605658,3.315350,0.000000
26.376955,23.506448,29.673675,1320.391353,-1.347026,46.741669,7.589103,3.308846,0.000000
26.384596,23.519622,29.632463,1315.415850,-1.354387,46.752352,7.572543,3.302336,0.000000
26.392184,23.532754,29.591169,1310.451897,-1.363247,46.763026,7.556028,3.295844,0.000000
26.399729,23.545826,29.549741,1305.499815,-1.373605,46.773679,7.539607,3.289390,0.000000
26.407222,23.558847,29.508129,1300.559893,-1.385462,46.784321,7.523328,3.282995,0.000000
26.414672,23.571827,29.466302,1295.632367,-1.398829,46.794944,7.507238,3.276681,0.000000
26.422069,23.584746,29.424209,1290.717457,-1.413672,46.805546,7.491384,3.270466,0.000000
26.429414,23.597624,29.381810,1285.815326,-1.430004,46.816138,7.475807,3.264371,0.000000
26.436716,23.610442,29.339063,1280.926121,-1.447791,46.826710,7.460552,3.258413,0.000000
26.443966,23.623218,29.295928,1276.049955,-1.467023,46.837272,7.445658,3.252610,0.000000
26.451173,23.635933,29.252375,1271.186912,-1.487665,46.847813,7.431163,3.246980,0.000000
26.458337,23.648608,29.208362,1266.337024,-1.509686,46.858335,7.417104,3.241538,0.000000
26.465439,23.661231,29.163849,1261.500291,-1.533063,46.868846,7.403516,3.236299,0.000000
26.472508,23.673804,29.118805,1256.676714,-1.557753,46.879346,7.390431,3.231279,0.000000
26.479525,23.686326,29.073190,1251.866222,-1.583721,46.889827,7.377880,3.226489,0.000000
26.486490,23.698797,29.026982,1247.068734,-1.610913,46.900297,7.365890,3.221944,0.000000
26.493412,23.711227,28.980152,1242.284126,-1.639296,46.910747,7.354488,3.217653,0.000000
26.500282,23.723596,28.932670,1237.512277,-1.668803,46.921187,7.343697,3.213629,0.000000
26.507119,23.735924,28.884503,1232.752990,-1.699391,46.931606,7.333539,3.209880,0.000000
26.513893,23.748202,28.835632,1228.006072,-1.731014,46.942025,7.324033,3.206415,0.000000
26.520626,23.760428,28.786037,1223.271296,-1.763595,46.952415,7.315196,3.203241,0.000000
26.527316,23.772604,28.735707,1218.548406,-1.797079,46.962794,7.307042,3.200366,0.000000
26.533963,23.784729,28.684602,1213.837124,-1.831411,46.973162,7.299585,3.197794,0.000000
26.540559,23.796813,28.632732,1209.137142,-1.866524,46.983520,7.292834,3.195531,0.000000
26.547112,23.808846,28.580055,1204.448152,-1.902352,46.993858,7.286796,3.193580,0.000000
26.553612,23.820829,28.526582,1199.769793,-1.938816,47.004186,7.281478,3.191944,0.000000
26.560071,23.832760,28.472293,1195.101716,-1.975863,47.014503,7.276883,3.190624,0.000000
26.566487,23.844651,28.417188,1190.443519,-2.013413,47.024801,7.273012,3.189621,0.000000
26.572861,23.856481,28.361246,1185.794813,-2.051400,47.035088,7.269863,3.188934,0.000000
26.579182,23.868270,28.304488,1181.155174,-2.089747,47.045364,7.267433,3.188563,0.000000
26.585462,23.880019,28.246892,1176.524171,-2.128376,47.055621,7.265718,3.188506,0.000000
26.591689,23.891706,28.188470,1171.901362,-2.167243,47.065867,7.264709,3.188758,0.000000
26.597884,23.903353,28.129222,1167.286303,-2.206247,47.076103,7.264396,3.189317,0.000000
26.604027,23.914949,28.069146,1162.678510,-2.245323,47.086319,7.264768,3.190177,0.000000
26.610127,23.926494,28.008265,1158.077511,-2.284403,47.096524,7.265811,3.191332,0.000000
26.616176,23.937999,27.946576,1153.482841,-2.323409,47.106719,7.267510,3.192776,0.000000
26.622192,23.949453,27.884092,1148.893997,-2.362286,47.116904,7.269846,3.194500,0.000000
26.628156,23.960856,27.820822,1144.310493,-2.400946,47.127069,7.272801,3.196498,0.000000
26.634079,23.972208,27.756796,1139.731837,-2.439331,47.137223,7.276353,3.198759,0.000000
26.639949,23.983519,27.692014,1135.157543,-2.477377,47.147358,7.280480,3.201274,0.000000
26.645787,23.994780,27.626497,1130.587106,-2.515016,47.157482,7.285156,3.204031,0.000000
26.651573,24.005990,27.560276,1126.020043,-2.552192,47.167595,7.290355,3.207021,0.000000
26.657317,24.017159,27.493350,1121.455870,-2.588827,47.177699,7.296051,3.210230,0.000000
26.663019,24.028278,27.425770,1116.894101,-2.624878,47.187782,7.302213,3.213646,0.000000
26.668679,24.039346,27.357526,1112.334285,-2.660287,47.197855,7.308811,3.217255,0.000000
26.674287,24.050373,27.288680,1107.775925,-2.695012,47.207908,7.315814,3.221045,0.000000
26.679853,24.061339,27.219220,1103.218599,-2.728973,47.217950,7.323188,3.225000,0.000000
26.685387,24.072265,27.149208,1098.661854,-2.762159,47.227982,7.330900,3.229105,0.000000
26.690869,24.083150,27.078645,1094.105267,-2.794504,47.237995,7.338914,3.233346,0.000000
26.696300,24.093974,27.007570,1089.548426,-2.825963,47.247996,7.347195,3.237706,0.000000
26.701698,24.104758,26.936025,1084.990940,-2.856525,47.257978,7.355706,3.242170,0.000000
26.707045,24.115491,26.864019,1080.432425,-2.886134,47.267950,7.364410,3.246721,0.000000
26.712349,24.126184,26.791584,1075.872532,-2.914778,47.277901,7.373270,3.251342,0.000000
26.717622,24.136825,26.718770,1071.310921,-2.942414,47.287842,7.382246,3.256018,0.000000
26.722833,24.147406,26.645597,1066.747282,-2.969040,47.297763,7.391302,3.260730,0.000000
26.728013,24.157957,26.572087,1062.181316,-2.994624,47.307674,7.400397,3.265463,0.000000
26.733150,24.168447,26.498289,1057.612765,-3.019165,47.317565,7.409495,3.270198,0.000000
26.738236,24.178896,26.424215,1053.041381,-3.042652,47.327445,7.418555,3.274920,0.000000
26.743280,24.189294,26.349914,1048.466948,-3.065084,47.337305,7.427541,3.279611,0.000000
26.748282,24.199642,26.275419,1043.889280,-3.086451,47.347145,7.436415,3.284254,0.000000
26.753243,24.209949,26.200737,1039.308211,-3.106763,47.356975,7.445139,3.288834,0.000000
26.758161,24.220196,26.125922,1034.723618,-3.126042,47.366785,7.453677,3.293333,0.000000
26.763038,24.230402,26.050983,1030.135387,-3.144278,47.376585,7.461994,3.297737,0.000000
0.048162,0.048742,58.811335,5360.383868,-0.596533,43.816848,2.198375,0.971760,0.000000
0.096291,0.097460,58.735204,5359.060319,-0.636220,43.815873,2.219861,0.981475,0.000000
0.144396,0.146174,58.654188,5357.729353,-0.675455,43.814955,2.243064,0.991953,0.000000
0.192477,0.194864,58.568340,5356.389608,-0.714172,43.814106,2.268011,1.003208,0.000000
0.240535,0.243530,58.477728,5355.039669,-0.752336,43.813306,2.294732,1.015253,0.000000
0.288560,0.292191,58.382436,5353.678124,-0.789926,43.812554,2.323259,1.028101,0.000000
0.336561,0.340829,58.282535,5352.303476,-0.826874,43.811870,2.353623,1.041769,0.000000
0.384528,0.389452,58.178104,5350.914249,-0.863147,43.811235,2.385857,1.056272,0.000000
0.432473,0.438051,58.069248,5349.508884,-0.898712,43.810659,2.419997,1.071624,0.000000
0.480393,0.486646,57.956056,5348.085824,-0.933501,43.810141,2.456077,1.087842,0.000000
0.528280,0.535217,57.838631,5346.643446,-0.967493,43.809681,2.494132,1.104943,0.000000
0.576144,0.583774,57.717065,5345.180090,-1.000619,43.809270,2.534199,1.122943,0.000000
0.623975,0.632306,57.591489,5343.694082,-1.032848,43.808917,2.576314,1.141859,0.000000
0.671782,0.680825,57.462016,5342.183689,-1.064133,43.808622,2.620512,1.161707,0.000000
0.719555,0.729330,57.328768,5340.647143,-1.094408,43.808376,2.666829,1.182503,0.000000
0.767305,0.777820,57.191868,5339.082638,-1.123640,43.808189,2.715300,1.204264,0.000000
0.815022,0.826286,57.051467,5337.488337,-1.151783,43.808050,2.765957,1.227004,0.000000
0.862716,0.874738,56.907699,5335.862348,-1.178760,43.807979,2.818831,1.250738,0.000000
0.910376,0.923166,56.760706,5334.202761,-1.204536,43.807947,2.873953,1.275481,0.000000
0.958002,0.971580,56.610661,5332.507624,-1.229057,43.807984,2.931349,1.301244,0.000000
1.005596,1.019980,56.457717,5330.774964,-1.252277,43.808068,2.991042,1.328039,0.000000
1.053156,1.068376,56.301344,5329.004004,-1.285449,43.841640,3.053349,1.356006,31.320663
1.100644,1.116777,56.141001,5327.193700,-1.317444,43.875998,3.118612,1.385299,31.322740
1.148080,1.165184,55.976851,5325.341573,-1.348183,43.911172,3.186893,1.415946,31.324817
1.195452,1.213607,55.809048,5323.445071,-1.377611,43.947200,3.258252,1.447975,31.326894
1.242753,1.262045,55.637754,5321.501601,-1.405671,43.984122,3.332748,1.481413,31.328972
1.290001,1.310489,55.463162,5319.508509,-1.432296,44.021956,3.410434,1.516284,31.331049
1.337176,1.358949,55.285456,5317.463066,-1.457431,44.060761,3.491360,1.552611,31.333126
1.384290,1.407424,55.104821,5315.362524,-1.480997,44.100567,3.575571,1.590416,31.335203
1.431331,1.455915,54.921458,5313.204042,-1.502939,44.141401,3.663106,1.629717,31.337280
1.478300,1.504411,54.735593,5310.984787,-1.523188,44.183323,3.753995,1.670528,31.339357
1.525196,1.552923,54.547419,5308.701857,-1.541667,44.226352,3.848263,1.712862,31.341434
1.572031,1.601450,54.357182,5306.352305,-1.558331,44.270537,3.945921,1.756724,31.343511
1.618784,1.649984,54.165104,5303.933207,-1.573091,44.315916,4.046973,1.802117,31.345589
1.665464,1.698542,53.971421,5301.441574,-1.585889,44.362537,4.151408,1.849037,31.347666
1.712063,1.747107,53.776408,5298.874441,-1.596660,44.410421,4.259203,1.897475,31.349743
1.758590,1.795697,53.580299,5296.228829,-1.605324,44.459626,4.370317,1.947414,31.351820
1.805035,1.844302,53.383370,5293.501801,-1.611826,44.510189,4.484694,1.998831,31.353897
1.851389,1.892923,53.185896,5290.690412,-1.616098,44.562141,4.602260,2.051691,31.355974
1.897661,1.941550,52.988152,5287.791785,-1.618073,44.615520,4.722919,2.105955,31.358051
1.943852,1.990212,52.790424,5284.803117,-1.617695,44.670365,4.846554,2.161572,31.360128
1.989951,2.038879,52.593027,5281.721637,-1.614896,44.726725,4.973026,2.218478,31.362205
2.035969,2.087563,52.396249,5278.544716,-1.609620,44.784609,5.102168,2.276602,31.364283
2.081886,2.136271,52.200393,5275.269808,-1.601823,44.844075,5.233791,2.335859,31.366360
2.127702,2.184996,52.005798,5271.894511,-1.591437,44.905133,5.367675,2.396153,31.368437
2.173426,2.233745,51.812759,5268.416601,-1.578439,44.967821,5.503572,2.457373,31.370514
2.219060,2.282511,51.621601,5264.833983,-1.562773,45.032160,5.641207,2.519396,31.372591
2.264582,2.331291,51.432673,5261.144815,-1.544404,45.098168,5.780271,2.582087,31.374668
2.310004,2.380097,51.246290,5257.347467,-1.523300,45.165874,5.920427,2.645294,31.376745
2.355316,2.428919,51.062789,5253.440529,-1.499449,45.235289,6.061308,2.708853,31.378822
2.400527,2.477766,50.882516,5249.422920,-1.472838,45.306421,6.202515,2.772587,31.380899
2.445617,2.526639,50.705789,5245.293816,-1.443457,45.379280,6.343620,2.836304,31.382977
2.490598,2.575527,50.532953,5241.052726,-1.411293,45.453866,6.484167,2.899802,31.385054
2.535468,2.624431,50.364336,5236.699506,-1.376379,45.530169,6.623675,2.962862,31.387131
2.580218,2.673370,50.200264,5232.234388,-1.338728,45.608180,6.761636,3.025260,31.389208
2.624848,2.722314,50.041084,5227.657973,-1.298370,45.687888,6.897522,3.086758,31.391285
2.669348,2.771294,49.887091,5222.971266,-1.255340,45.769265,7.030788,3.147110,31.393362
2.713728,2.820290,49.738603,5218.175726,-1.209715,45.852299,7.160872,3.206066,31.395439
2.757979,2.869311,49.595935,5213.273184,-1.161528,45.936934,7.287203,3.263368,31.397516
2.802100,2.918357,49.459364,5208.265955,-1.110880,46.023149,7.409206,3.318758,31.399593
2.846092,2.967418,49.329195,5203.156802,-1.057858,46.110876,7.526304,3.371975,31.401671
2.889955,3.016506,49.205683,5197.948897,-1.002542,46.200076,7.637924,3.422762,31.403748
2.933678,3.065608,49.089085,5192.645891,-0.945064,46.290680,7.743508,3.470867,31.405825
2.977263,3.114746,48.979644,5187.251855,-0.885536,46.382622,7.842512,3.516044,31.407902
3.020699,3.163899,48.877596,5181.771309,-0.824102,46.475823,7.934416,3.558057,31.409979
3.064005,3.213068,48.783125,5176.209152,-0.760897,46.570214,8.018728,3.596685,31.412056
3.107163,3.262262,48.696434,5170.570697,-0.696077,46.665699,8.094993,3.631720,31.414133
3.150182,3.311482,48.617678,5164.861609,-0.629819,46.762190,8.162794,3.662974,31.416210
3.193044,3.360717,48.547010,5159.087886,-0.562292,46.859599,8.221761,3.690277,31.418288
3.235766,3.409978,48.484561,5153.255855,-0.493663,46.957810,8.271576,3.713483,31.420365
3.278340,3.459263,48.430415,5147.372080,-0.424143,47.056715,8.311972,3.732471,31.422442
3.320766,3.508555,48.384654,5141.443366,-0.353912,47.156228,8.342744,3.747145,31.424519
3.363034,3.557881,48.347337,5135.476683,-0.283170,47.256211,8.363744,3.757436,31.426596
3.405154,3.607213,48.318478,5129.479175,-0.212118,47.356578,8.374889,3.763304,31.428673
3.447126,3.656571,48.298105,5123.458051,-0.140958,47.457193,8.376157,3.764735,31.430750
3.488949,3.705944,48.286168,5117.420572,-0.069902,47.557948,8.367592,3.761746,31.432827
3.530615,3.755342,48.282648,5111.374020,0.000849,47.658736,8.349299,3.754382,31.434904
3.572133,3.804746,48.287473,5105.325605,0.071105,47.759442,8.321443,3.742713,31.436982
3.613494,3.854175,48.300531,5099.282476,0.140665,47.859938,8.284250,3.726839,31.439059
3.654707,3.903620,48.321731,5093.251628,0.209316,47.960137,8.237997,3.706881,31.441136
3.695772,3.953080,48.350919,5087.239880,0.276890,48.059914,8.183017,3.682987,31.443213
3.736680,4.002546,48.387954,5081.253866,0.343198,48.159180,8.119685,3.655321,31.445290
3.777440,4.052037,48.432642,5075.299943,0.408070,48.257828,8.048421,3.624071,31.447367
3.818062,4.101533,48.484789,5069.384218,0.471329,48.355762,7.969678,3.589439,31.449444
3.858527,4.151055,48.544191,5063.512480,0.532839,48.452904,7.883941,3.551641,31.451521
3.898845,4.200573,48.610605,5057.690199,0.592433,48.549167,7.791721,3.510904,31.453598
3.939025,4.250116,48.683774,5051.922481,0.649987,48.644462,7.693546,3.467464,31.455676
3.979048,4.299664,48.763464,5046.214094,0.705367,48.738733,7.589959,3.421565,31.457753
4.018943,4.349228,48.849381,5040.569413,0.758472,48.831900,7.481508,3.373452,31.459830
4.058691,4.398797,48.941238,5034.992462,0.809178,48.923917,7.368746,3.323373,31.461907
4.098302,4.448382,49.038749,5029.486841,0.857417,49.014724,7.252224,3.271574,31.463984
4.137775,4.497972,49.141610,5024.055822,0.903101,49.104273,7.132483,3.218299,31.466061
4.177110,4.547568,49.249493,5018.702239,0.946150,49.192526,7.010056,3.163788,31.468138
4.216319,4.597179,49.362093,5013.428600,0.986519,49.279443,6.885460,3.108272,31.470215
4.255389,4.646796,49.479094,5008.237028,1.024151,49.365005,6.759192,3.051976,31.472292
4.294333,4.696418,49.600158,5003.129295,1.059014,49.449194,6.631731,2.995116,31.474370
4.333149,4.746046,49.724961,4998.106845,1.091094,49.531969,6.503533,2.937896,31.476447
4.371847,4.795679,49.853163,4993.170799,1.120346,49.613352,6.375026,2.880510,31.478524
4.410408,4.845328,49.984451,4988.321958,1.146794,49.693312,6.246616,2.823142,31.480601
4.448861,4.894973,50.118497,4983.560835,1.170413,49.771849,6.118679,2.765961,31.482678
4.487186,4.944632,50.254954,4978.887684,1.191226,49.848975,5.991565,2.709126,31.484755
4.525395,4.994298,50.393507,4974.302489,1.209232,49.924698,5.865594,2.652782,31.486832
4.563485,5.043959,50.533838,4969.805020,1.224476,49.999018,5.741062,2.597063,31.488909
4.601468,5.093635,50.675632,4965.394816,1.236979,50.071966,5.618236,2.542090,31.490987
4.639343,5.143307,50.818562,4961.071221,1.246764,50.143540,5.497354,2.487971,31.493064
4.677101,5.192985,50.962332,4956.833395,1.253885,50.213770,5.378634,2.434806,31.495141
4.714751,5.242668,51.106636,4952.680339,1.258377,50.282686,5.262263,2.382680,31.497218
4.752303,5.292356,51.251189,4948.610913,1.260294,50.350307,5.148409,2.331670,31.499295
4.789748,5.342050,51.395683,4944.623849,1.259692,50.416662,5.037216,2.281842,31.501372
4.827084,5.391750,51.539844,4940.717748,1.256616,50.481780,4.928808,2.233253,31.503449
4.864333,5.441445,51.683396,4936.891126,1.251132,50.545691,4.823288,2.185950,31.505526
4.901474,5.491156,51.826074,4933.142407,1.243296,50.608423,4.720742,2.139973,31.507603
4.938527,5.540862,51.967612,4929.469941,1.233174,50.670026,4.621239,2.095355,31.509681
4.975473,5.590574,52.107765,4925.872008,1.220834,50.730519,4.524833,2.052121,31.511758
5.012340,5.640281,52.246278,4922.346843,1.206331,50.789941,4.431564,2.010289,31.513835
5.049109,5.690004,52.382926,4918.892643,1.189744,50.848331,4.341458,1.969874,31.515912
5.085781,5.739722,52.517475,4915.507561,1.171127,50.905718,4.254532,1.930882,31.517989
5.122374,5.789446,52.649701,4912.189710,1.150558,50.962150,4.170790,1.893319,31.520066
5.158880,5.839166,52.779397,4908.937233,1.128095,51.017657,4.090231,1.857183,31.522143
5.195298,5.888901,52.906351,4905.748190,1.103825,51.072278,4.012842,1.822470,31.524220
5.231627,5.938631,53.030369,4902.620704,1.077794,51.126041,3.938607,1.789173,31.526297
5.267879,5.988367,53.151276,4899.552835,1.050079,51.178997,3.867500,1.757282,31.528375
5.304042,6.038099,53.268868,4896.542683,1.020748,51.231182,3.799493,1.726786,31.530452
5.340128,6.087846,53.382993,4893.588340,0.989867,51.282618,3.734555,1.697670,31.532529
5.376135,6.137588,53.493466,4890.687906,0.957503,51.333361,3.672647,1.669919,31.534606
5.412065,6.187337,53.600144,4887.839482,0.923724,51.383423,3.613733,1.643516,31.536683
5.447916,6.237080,53.702875,4885.041200,0.888585,51.432861,3.557771,1.618444,31.538760
5.483689,6.286840,53.801514,4882.291201,0.852154,51.481694,3.504718,1.594684,31.540837
5.519384,6.336594,53.895919,4879.587617,0.814507,51.529971,3.454533,1.572218,31.542914
5.555011,6.386355,53.985978,4876.928630,0.775691,51.577722,3.407172,1.551027,31.544991
5.590560,6.436120,54.071548,4874.312423,0.735772,51.624966,3.362592,1.531092,31.547069
5.626031,6.485882,54.152525,4871.737179,0.694818,51.671761,3.320749,1.512395,31.549146
5.661443,6.535658,54.228808,4869.201121,0.652883,51.718117,3.281603,1.494918,31.551223
5.696768,6.585431,54.300295,4866.702462,0.610024,51.764092,3.245112,1.478642,31.553300
5.732034,6.635209,54.366884,4864.239467,0.566309,51.809685,3.211237,1.463551,31.555377
5.767222,6.684992,54.428492,4861.810370,0.521781,51.854957,3.179940,1.449628,31.557454
5.802342,6.734781,54.485028,4859.413456,0.476519,51.899935,3.151186,1.436858,31.559531
5.837395,6.784565,54.536440,4857.046989,0.430546,51.944629,3.124940,1.425226,31.561608
5.872378,6.834365,54.582636,4854.709253,0.383952,51.989097,3.101172,1.414719,31.563686
5.907294,6.884160,54.623576,4852.398565,0.336780,52.033350,3.079851,1.405324,31.565763
5.942142,6.933961,54.659187,4850.113199,0.289075,52.077425,3.060951,1.397030,31.567840
5.976922,6.983777,54.689418,4847.851480,0.240906,52.121353,3.044449,1.389826,31.569917
6.011633,7.033589,54.714239,4845.611713,0.192316,52.165162,3.030322,1.383704,31.571994
6.046277,7.083406,54.733609,4843.392193,0.143361,52.208881,3.018552,1.378655,31.574071
6.080853,7.133229,54.747486,4841.191255,0.094087,52.252540,3.009123,1.374673,31.576148
6.115361,7.183047,54.755850,4839.007184,0.044573,52.296177,3.002021,1.371753,31.578225
6.149810,7.232881,54.758680,4836.838272,-0.005161,52.339802,2.997237,1.369891,31.580302
6.184192,7.282720,54.755967,4834.682835,-0.055035,52.383464,2.994764,1.369084,31.582380
6.218496,7.332565,54.747698,4832.539135,-0.105015,52.427181,2.994596,1.369332,31.584457
6.252751,7.382415,54.733865,4830.405456,-0.155046,52.470984,2.996733,1.370634,31.586534
6.286929,7.432271,54.714487,4828.280049,-0.205071,52.514910,3.001175,1.372991,31.588611
6.321039,7.482122,54.689554,4826.161145,-0.255034,52.558979,3.007927,1.376406,31.590688
6.355091,7.531988,54.659096,4824.046965,-0.304890,52.603220,3.016997,1.380884,31.592765
6.389076,7.581860,54.623123,4821.935719,-0.354584,52.647663,3.028393,1.386429,31.594842
6.422992,7.631738,54.581667,4819.825587,-0.404047,52.692356,3.042129,1.393048,31.596919
6.456841,7.681630,54.534756,4817.714704,-0.453258,52.737298,3.058219,1.400748,31.598996
6.490622,7.731519,54.482443,4815.601209,-0.502126,52.782548,3.076682,1.409540,31.601074
6.524336,7.781412,54.424747,4813.483198,-0.550629,52.828116,3.097538,1.419432,31.603151
6.557991,7.831322,54.361749,4811.358723,-0.598689,52.874050,3.120809,1.430436,31.605228
6.591569,7.881226,54.293482,4809.225829,-0.646248,52.920369,3.146521,1.442565,31.607305
6.625080,7.931146,54.220014,4807.082498,-0.693274,52.967113,3.174701,1.455831,31.609382
6.658533,7.981072,54.141429,4804.926699,-0.739687,53.014309,3.205377,1.470248,31.611459
6.691909,8.031003,54.057787,4802.756362,-0.785432,53.061998,3.238580,1.485831,31.613536
6.725217,8.080939,53.969170,4800.569353,-0.830452,53.110208,3.274342,1.502597,31.615613
6.758448,8.130891,53.875679,4798.363509,-0.874702,53.158968,3.312697,1.520561,31.617691
6.791621,8.180848,53.777396,4796.136644,-0.918103,53.208317,3.353679,1.539739,31.619768
6.824717,8.230810,53.674424,4793.886511,-0.960588,53.258302,3.397323,1.560149,31.621845
6.857737,8.280778,53.566884,4791.610810,-1.002112,53.308935,3.443664,1.581808,31.623922
6.890688,8.330751,53.454889,4789.307210,-1.042607,53.360273,3.492738,1.604734,31.625999
6.923573,8.380740,53.338551,4786.973350,-1.082005,53.412336,3.544580,1.628942,31.628076
6.956371,8.430734,53.218003,4784.606794,-1.120251,53.465180,3.599224,1.654449,31.630153
6.989121,8.480724,53.094275,4782.203317,-1.141109,53.471743,3.656252,1.681066,0.000000
7.021842,8.530690,52.968400,4779.759085,-1.160430,53.478353,3.715212,1.708583,0.000000
7.054524,8.580631,52.840571,4777.272223,-1.178158,53.485002,3.776072,1.736988,0.000000
7.087168,8.630558,52.710951,4774.740896,-1.194236,53.491680,3.838795,1.766263,0.000000
7.119774,8.680452,52.579746,4772.163246,-1.208607,53.498396,3.903336,1.796390,0.000000
7.152350,8.730331,52.447138,4769.537480,-1.221238,53.505150,3.969644,1.827344,0.000000
7.184897,8.780186,52.313322,4766.861793,-1.232050,53.511942,4.037658,1.859099,0.000000
7.217396,8.830017,52.178512,4764.134453,-1.241031,53.518764,4.107309,1.891624,0.000000
7.249867,8.879824,52.042902,4761.353737,-1.248102,53.525623,4.178520,1.924882,0.000000
7.282298,8.929606,51.906717,4758.518017,-1.253230,53.532521,4.251201,1.958834,0.000000
7.314692,8.979355,51.770171,4755.625684,-1.256379,53.539448,4.325253,1.993435,0.000000
7.347047,9.029090,51.633479,4752.675223,-1.257505,53.546413,4.400569,2.028634,0.000000
7.379363,9.078790,51.496866,4749.665179,-1.256574,53.553416,4.477027,2.064377,0.000000
7.411641,9.128467,51.360576,4746.594213,-1.253541,53.560448,4.554495,2.100604,0.000000
7.443880,9.178110,51.224815,4743.461037,-1.248393,53.567508,4.632829,2.137248,0.000000
7.476082,9.227738,51.089836,4740.264529,-1.241108,53.574607,4.711876,2.174238,0.000000
7.508244,9.277323,50.955866,4737.003628,-1.231641,53.581735,4.791466,2.211497,0.000000
7.540359,9.326884,50.823150,4733.677449,-1.220002,53.588900,4.871423,2.248944,0.000000
7.572445,9.376420,50.691911,4730.285212,-1.206158,53.596095,4.951555,2.286489,0.000000
7.604483,9.425913,50.562396,4726.826301,-1.190119,53.603318,5.031660,2.324040,0.000000
7.636483,9.475382,50.434849,4723.300246,-1.171886,53.610570,5.111527,2.361500,0.000000
7.668434,9.524827,50.309496,4719.706773,-1.151456,53.617860,5.190933,2.398765,0.000000
7.700348,9.574228,50.186581,4716.045753,-1.128842,53.625178,5.269646,2.435728,0.000000
7.732214,9.623595,50.066330,4712.317254,-1.104078,53.632516,5.347427,2.472277,0.000000
7.764041,9.672938,49.948977,4708.521562,-1.077172,53.639891,5.424028,2.508299,0.000000
7.795830,9.722238,49.834748,4704.659118,-1.048160,53.647296,5.499196,2.543676,0.000000
7.827562,9.771504,49.723856,4700.730601,-1.017086,53.654729,5.572673,2.578288,0.000000
0.047874,0.049434,52.435241,5501.539648,-0.521432,43.592815,5.253535,2.431222,0.000000
0.095705,0.098834,52.372680,5497.705210,-0.479422,43.591829,5.289905,2.448647,0.000000
0.143484,0.148190,52.315523,5493.832613,-0.436608,43.590891,5.322491,2.464329,0.000000
0.191220,0.197513,52.263840,5489.924629,-0.393103,43.590002,5.351161,2.478205,0.000000
0.238904,0.246792,52.217725,5485.984168,-0.348985,43.589161,5.375800,2.490220,0.000000
0.286536,0.296037,52.177227,5482.014221,-0.304367,43.588369,5.396312,2.500329,0.000000
0.334126,0.345239,52.142399,5478.017915,-0.259339,43.587615,5.412618,2.508493,0.000000
0.381653,0.394397,52.113272,5473.998418,-0.214002,43.586919,5.424658,2.514685,0.000000
0.429139,0.443511,52.089865,5469.958993,-0.168469,43.586262,5.432394,2.518884,0.000000
0.476572,0.492591,52.072200,5465.902942,-0.122841,43.585654,5.435807,2.521080,0.000000
0.523962,0.541628,52.060277,5461.833591,-0.077230,43.585084,5.434899,2.521273,0.000000
0.571291,0.590631,52.054055,5457.754306,-0.031727,43.584572,5.429690,2.519470,0.000000
0.618578,0.639581,52.053524,5453.668443,0.013556,43.584099,5.420224,2.515691,0.000000
0.665803,0.688496,52.058634,5449.579360,0.058495,43.583675,5.406561,2.509961,0.000000
0.712986,0.737369,52.069332,5445.490371,0.103023,43.583299,5.388781,2.502318,0.000000
0.760116,0.786207,52.085539,5441.404760,0.147003,43.582961,5.366984,2.492805,0.000000
0.807186,0.834992,52.107182,5437.325742,0.190369,43.582681,5.341285,2.481474,0.000000
0.854213,0.883743,52.134169,5433.256486,0.232996,43.582441,5.311816,2.468386,0.000000
0.901187,0.932461,52.166389,5429.200062,0.274806,43.582239,5.278722,2.453607,0.000000
0.948110,0.981125,52.203740,5425.159432,0.315709,43.582094,5.242163,2.437210,0.000000
0.994981,1.029755,52.246068,5421.137480,0.355624,43.581989,5.202310,2.419273,0.000000
1.041820,1.078332,52.293056,5417.137305,0.391151,43.557001,5.159491,2.399948,-12.500458
1.088616,1.126856,52.344348,5413.161749,0.425554,43.532256,5.114036,2.379387,-12.501276
1.135388,1.175306,52.399800,5409.213071,0.458779,43.507745,5.066129,2.357676,-12.502095
1.182128,1.223703,52.459239,5405.293420,0.490746,43.483496,5.015961,2.334901,-12.502913
1.228844,1.272037,52.522512,5401.404828,0.521420,43.459510,4.963723,2.311151,-12.503731
1.275528,1.320318,52.589444,5397.549163,0.550734,43.435806,4.909609,2.286516,-12.504549
1.322178,1.368525,52.659873,5393.728158,0.578655,43.412393,4.853813,2.261086,-12.505368
1.368796,1.416690,52.733595,5389.943422,0.605135,43.389272,4.796528,2.234949,-12.506186
1.415391,1.464790,52.810455,5386.196419,0.630143,43.366452,4.737945,2.208194,-12.507004
1.461952,1.512828,52.890241,5382.488468,0.653643,43.343943,4.678251,2.180909,-12.507822
1.508481,1.560813,52.972767,5378.820742,0.675612,43.321755,4.617631,2.153179,-12.508641
1.554987,1.608744,53.057840,5375.194313,0.696018,43.299887,4.556264,2.125087,-12.509459
1.601460,1.656622,53.145275,5371.610083,0.714858,43.278340,4.494324,2.096714,-12.510277
1.647900,1.704446,53.234869,5368.068845,0.732111,43.257123,4.431978,2.068137,-12.511095
1.694316,1.752217,53.326418,5364.571254,0.747766,43.236235,4.369388,2.039432,-12.511914
1.740700,1.799925,53.419716,5361.117873,0.761810,43.215678,4.306706,2.010671,-12.512732
1.787052,1.847590,53.514590,5357.709098,0.774254,43.195461,4.244080,1.981922,-12.513550
1.833380,1.895201,53.610815,5354.345254,0.785087,43.175574,4.181648,1.953249,-12.514368
1.879675,1.942769,53.708208,5351.026561,0.794320,43.156016,4.119542,1.924714,-12.515187
1.925937,1.990274,53.806575,5347.753107,0.801965,43.136799,4.057883,1.896375,-12.516005
1.972177,2.037735,53.905710,5344.524913,0.808020,43.117901,3.996787,1.868284,-12.516823
2.018383,2.085153,54.005419,5341.341901,0.812508,43.099344,3.936362,1.840494,-12.517641
2.064567,2.132518,54.105530,5338.203886,0.815440,43.081106,3.876705,1.813049,-12.518460
2.110717,2.179839,54.205837,5335.110644,0.816838,43.063189,3.817910,1.785994,-12.519278
2.156835,2.227107,54.306157,5332.061846,0.816725,43.045592,3.760059,1.759367,-12.520096
2.202930,2.274342,54.406305,5329.057110,0.815124,43.028315,3.703229,1.733205,-12.520914
2.248992,2.321523,54.506118,5326.095985,0.812044,43.011348,3.647489,1.707541,-12.521733
2.295031,2.368661,54.605402,5323.177943,0.807531,42.994683,3.592904,1.682404,-12.522551
2.341046,2.415755,54.703994,5320.302438,0.801607,42.978318,3.539529,1.657822,-12.523369
2.387029,2.462816,54.801718,5317.468851,0.794306,42.962244,3.487414,1.633818,-12.524187
2.432979,2.509823,54.898423,5314.676520,0.785650,42.946470,3.436605,1.610415,-12.525006
2.478907,2.556797,54.993933,5311.924734,0.775673,42.930969,3.387139,1.587629,-12.525824
2.524801,2.603728,55.088107,5309.212757,0.764408,42.915758,3.339052,1.565479,-12.526642
2.570672,2.650615,55.180780,5306.539827,0.751890,42.900809,3.292372,1.543977,-12.527460
2.616520,2.697469,55.271810,5303.905125,0.738151,42.886122,3.247125,1.523137,-12.528279
2.662336,2.744279,55.361053,5301.307835,0.723237,42.871697,3.203331,1.502969,-12.529097
2.708128,2.791056,55.448365,5298.747078,0.707170,42.857524,3.161007,1.483480,-12.529915
2.753888,2.837789,55.533625,5296.221995,0.689995,42.843604,3.120168,1.464679,-12.530734
2.799625,2.884489,55.616698,5293.731677,0.671745,42.829916,3.080823,1.446570,-12.531552
2.845338,2.931156,55.697453,5291.275212,0.652467,42.816451,3.042980,1.429158,-12.532370
2.891019,2.977789,55.775777,5288.851670,0.632181,42.803219,3.006646,1.412446,-12.533188
2.936676,3.024378,55.851546,5286.460119,0.610933,42.790201,2.971822,1.396435,-12.534007
2.982311,3.070944,55.924659,5284.099586,0.588758,42.777386,2.938511,1.381127,-12.534825
3.027913,3.117466,55.995004,5281.769109,0.565699,42.764785,2.906711,1.366522,-12.535643
3.073492,3.163955,56.062486,5279.467714,0.541802,42.752367,2.876421,1.352620,-12.536461
3.119048,3.210420,56.126996,5277.194418,0.517077,42.740144,2.847637,1.339420,-12.537280
3.164571,3.256842,56.188449,5274.948238,0.491594,42.728106,2.820355,1.326920,-12.538098
3.210071,3.303240,56.246755,5272.728168,0.465362,42.716232,2.794571,1.315118,-12.538916
3.255548,3.349595,56.301842,5270.533204,0.438439,42.704533,2.770277,1.304012,-12.539734
3.301002,3.395926,56.353617,5268.362343,0.410857,42.692989,2.747468,1.293600,-12.540553
3.346423,3.442234,56.402009,5266.214578,0.382651,42.681600,2.726138,1.283878,-12.541371
3.391822,3.488498,56.446956,5264.088874,0.353854,42.670347,2.706279,1.274845,-12.542189
3.437197,3.534738,56.488387,5261.984226,0.324512,42.659240,2.687884,1.266498,-12.543007
3.482549,3.580945,56.526240,5259.899598,0.294659,42.648259,2.670947,1.258834,-12.543826
3.527869,3.627129,56.560464,5257.833964,0.264327,42.637404,2.655461,1.251849,-12.544644
3.573165,3.673279,56.591008,5255.786287,0.233563,42.626666,2.641419,1.245542,-12.545462
3.618448,3.719405,56.617820,5253.755522,0.202400,42.616034,2.628815,1.239911,-12.546280
3.663699,3.765497,56.640870,5251.740621,0.170872,42.605510,2.617644,1.234953,-12.547099
3.708917,3.811557,56.660106,5249.740548,0.139013,42.595073,2.607900,1.230665,-12.547917
3.754121,3.857602,56.675487,5247.754223,0.106868,42.584733,2.599578,1.227047,-12.548735
3.799293,3.903604,56.687013,5245.780601,0.074470,42.574471,2.592675,1.224098,-12.549553
3.844442,3.949592,56.694634,5243.818603,0.041854,42.564277,2.587188,1.221815,-12.550372
3.889577,3.995547,56.698338,5241.867161,0.009054,42.554151,2.583113,1.220198,-12.551190
3.934671,4.041468,56.698105,5239.925175,-0.023897,42.544083,2.580448,1.219247,-12.552008
3.979751,4.087376,56.693934,5237.991556,-0.056953,42.534065,2.579192,1.218961,-12.552826
4.024807,4.133250,56.685806,5236.065206,-0.090069,42.524095,2.579345,1.219341,-12.553645
4.069832,4.179091,56.673720,5234.145003,-0.123234,42.514164,2.580906,1.220388,-12.554463
4.114842,4.224917,56.657676,5232.229837,-0.156392,42.504263,2.583878,1.222101,-12.555281
4.159821,4.270711,56.637695,5230.318568,-0.189519,42.494382,2.588260,1.224484,-12.556099
4.204776,4.316480,56.613765,5228.410043,-0.222571,42.484520,2.594057,1.227537,-12.556918
4.249708,4.362216,56.585917,5226.503110,-0.255502,42.474669,2.601270,1.231262,-12.557736
4.294618,4.407939,56.554152,5224.596608,-0.288301,42.464808,2.609904,1.235662,-12.558554
4.339504,4.453628,56.518521,5222.689342,-0.320900,42.454948,2.619963,1.240739,-12.559373
4.384358,4.499293,56.479022,5220.780119,-0.353288,42.445078,2.631452,1.246495,-12.560191
4.429198,4.544925,56.435708,5218.867724,-0.385407,42.435180,2.644377,1.252936,-12.561009
4.474006,4.590533,56.388598,5216.950942,-0.417225,42.425253,2.658743,1.260062,-12.561827
4.518801,4.636128,56.337754,5215.028528,-0.448718,42.415289,2.674558,1.267879,-12.562646
4.563563,4.681679,56.283196,5213.099215,-0.479831,42.405286,2.691827,1.276390,-12.563464
4.608302,4.727217,56.224995,5211.161736,-0.510539,42.395225,2.710558,1.285598,-12.564282
4.653018,4.772721,56.163203,5209.214813,-0.540787,42.385107,2.730757,1.295508,-12.565100
4.697702,4.818201,56.097871,5207.257128,-0.570551,42.374922,2.752432,1.306123,-12.565919
4.742372,4.863658,56.029069,5205.287371,-0.599787,42.364660,2.775590,1.317448,-12.566737
4.787010,4.909082,55.956860,5203.304202,-0.628460,42.354312,2.800237,1.329485,-12.567555
4.831635,4.954491,55.881315,5201.306272,-0.656515,42.343877,2.826379,1.342239,-12.568373
4.876227,4.999858,55.802515,5199.292198,-0.683927,42.333336,2.854023,1.355712,-12.569192
4.920796,5.045211,55.720553,5197.260619,-0.710663,42.322690,2.883173,1.369908,-12.570010
4.965342,5.090530,55.635500,5195.210132,-0.736655,42.311928,2.913833,1.384830,-12.570828
5.009865,5.135826,55.547447,5193.139324,-0.761891,42.301032,2.946007,1.400478,-12.571646
5.054356,5.181088,55.456508,5191.046771,-0.786316,42.290010,2.979695,1.416855,-12.572465
5.098834,5.226327,55.362764,5188.931038,-0.809894,42.278853,3.014898,1.433960,-12.573283
5.143279,5.271532,55.266327,5186.790682,-0.832591,42.267533,3.051615,1.451795,-12.574101
5.187701,5.316714,55.167321,5184.624246,-0.854351,42.256059,3.089842,1.470357,-12.574919
5.232091,5.361862,55.065846,5182.430275,-0.875140,42.244422,3.129571,1.489644,-12.575738
5.276468,5.406987,54.962017,5180.207303,-0.894924,42.232611,3.170797,1.509654,-12.576556
5.320812,5.452079,54.855975,5177.953854,-0.913645,42.220607,3.213505,1.530380,-12.577374
5.365133,5.497137,54.747844,5175.668471,-0.931293,42.208411,3.257683,1.551816,-12.578192
5.409432,5.542172,54.637747,5173.349678,-0.947810,42.196022,3.303312,1.573955,-12.579011
5.453707,5.587173,54.525836,5170.996019,-0.963151,42.183421,3.350370,1.596787,-12.579829
5.497951,5.632141,54.412234,5168.606037,-0.977293,42.170599,3.398832,1.620300,-12.580647
5.542171,5.677086,54.297116,5166.178297,-0.990180,42.157555,3.448667,1.644480,-12.581465
5.586369,5.721987,54.180614,5163.711374,-1.001787,42.144280,3.499840,1.669310,-12.582284
5.630534,5.766865,54.062881,5161.203873,-1.012083,42.130764,3.552312,1.694773,-12.583102
5.674677,5.811709,53.944092,5158.654410,-1.021020,42.116998,3.606036,1.720847,-12.583920
5.718787,5.856511,53.824390,5156.061632,-1.028575,42.102972,3.660961,1.747507,-12.584738
5.762884,5.901288,53.703958,5153.424228,-1.034716,42.088686,3.717031,1.774728,-12.585557
5.806949,5.946023,53.582961,5150.740927,-1.039395,42.074130,3.774181,1.802479,-12.586375
5.850982,5.990725,53.461572,5148.010511,-1.042591,42.059295,3.832342,1.830728,-12.587193
5.894991,6.035393,53.339976,5145.231783,-1.044291,42.044181,3.891438,1.859437,-12.588012
5.938969,6.080028,53.218336,5142.403648,-1.044451,42.028777,3.951384,1.888568,-12.588830
5.982924,6.124620,53.096836,5139.525044,-1.043057,42.013075,4.012089,1.918077,-12.589648
6.026856,6.169178,52.975672,5136.594990,-1.040077,41.997085,4.073455,1.947918,-12.590466
6.070756,6.213693,52.855026,5133.612580,-1.035510,41.980776,4.135377,1.978039,-12.591285
6.114623,6.258176,52.735094,5130.577001,-1.029333,41.964169,4.197741,2.008389,-12.592103
6.158468,6.302615,52.616039,5127.487510,-1.021534,41.947254,4.260428,2.038908,-12.592921
6.202281,6.347011,52.498076,5124.343491,-1.012102,41.930021,4.323309,2.069536,-12.593739
6.246071,6.391364,52.381389,5121.144412,-1.001025,41.912470,4.386251,2.100209,-12.594558
6.289829,6.435684,52.266163,5117.889852,-0.988315,41.894612,4.449110,2.130859,-12.595376
