date,date1,date2,date3,date4,date5,OT,OT,OT
0.046278,0.047966,50.312178,4757.492252,-0.489525,45.001176,6.502118,2.417821,0.006110
0.090422,0.092189,50.251713,4753.971764,-0.476150,45.001595,6.545990,2.433750,0.006464
0.135170,0.137487,50.194496,4750.420880,-0.460560,45.001226,6.588158,2.450393,0.006858
0.180560,0.182287,50.138034,4746.843413,-0.441389,45.003289,6.628521,2.464869,0.006807
0.224776,0.228546,50.081901,4743.238109,-0.422565,45.003262,6.667235,2.479884,0.006402
0.271538,0.271952,50.029582,4739.606233,-0.403614,45.002738,6.703314,2.495266,0.005801
0.316622,0.317646,49.982370,4735.948979,-0.383779,45.001976,6.738069,2.509723,0.004522
0.360163,0.362797,49.935202,4732.267166,-0.363428,45.002920,6.770931,2.522558,0.005618
0.407308,0.407469,49.891485,4728.561869,-0.344202,45.001802,6.801486,2.535781,0.005707
0.450207,0.451824,49.849568,4724.836287,-0.323175,45.004075,6.832102,2.545579,0.004681
0.494648,0.498703,49.809956,4721.090500,-0.302463,45.004520,6.857016,2.554240,0.005092
0.539777,0.544270,49.773970,4717.324906,-0.280890,45.005744,6.882199,2.564299,0.005102
0.584882,0.588944,49.739524,4713.544360,-0.260102,45.006186,6.903120,2.571882,0.005697
0.630783,0.633387,49.707348,4709.745232,-0.239071,45.006399,6.921780,2.580713,0.004775
0.674464,0.676765,49.680726,4705.930391,-0.217635,45.007486,6.938233,2.586841,0.003111
0.718446,0.720419,49.655348,4702.100413,-0.196173,45.008694,6.951353,2.591983,0.002068
0.762332,0.765102,49.632928,4698.259600,-0.175294,45.010627,6.961715,2.597575,0.001867
0.807192,0.808644,49.613440,4694.407962,-0.152027,45.010125,6.969945,2.601338,0.002249
0.850384,0.851413,49.597031,4690.547155,-0.129634,45.010759,6.974564,2.601739,0.002980
0.894861,0.896172,49.582813,4686.677590,-0.105788,45.010308,6.978230,2.600544,0.005030
0.938560,0.939971,49.572147,4682.802279,-0.083781,45.011834,6.975121,2.601378,0.003429
0.982291,0.982422,49.561058,4678.925133,-0.077713,44.950277,6.972555,2.600099,-28.997723
1.028113,1.027549,49.550366,4675.045088,-0.072301,44.889163,6.970608,2.599601,-28.998629
1.071413,1.070701,49.541501,4671.167839,-0.067670,44.828922,6.966045,2.597225,-28.999759
1.115165,1.114553,49.533737,4667.290777,-0.059965,44.768542,6.961913,2.597864,-28.999794
1.159413,1.158396,49.526676,4663.414687,-0.055055,44.707934,6.956165,2.597266,-28.998830
1.204086,1.201342,49.520502,4659.538647,-0.049376,44.647089,6.950865,2.596460,-28.997023
1.246158,1.245335,49.514153,4655.667050,-0.043913,44.586349,6.944164,2.593105,-28.996445
1.291041,1.287798,49.509298,4651.795133,-0.039703,44.525240,6.939570,2.589412,-28.996594
1.337455,1.333160,49.505092,4647.927454,-0.034437,44.462789,6.933460,2.586352,-28.997360
1.382138,1.377216,49.500746,4644.062450,-0.030836,44.402074,6.924337,2.584328,-28.997009
1.426110,1.421886,49.496412,4640.201793,-0.026454,44.341851,6.915741,2.581652,-28.998109
1.470412,1.464499,49.495211,4636.343821,-0.023890,44.280163,6.907868,2.577058,-28.998167
1.517313,1.506521,49.493383,4632.491435,-0.020131,44.220084,6.897475,2.575466,-28.998679
1.561762,1.550934,49.492672,4628.643599,-0.016194,44.160822,6.887414,2.570350,-28.997378
1.605351,1.592824,49.489948,4624.798873,-0.013223,44.101534,6.877520,2.565946,-28.997033
1.649413,1.636137,49.486500,4620.960039,-0.009563,44.042468,6.869235,2.560086,-28.999027
1.694856,1.680194,49.485693,4617.126405,-0.006054,43.981108,6.857571,2.554377,-29.000367
1.739637,1.722273,49.484889,4613.298377,-0.004642,43.918975,6.847290,2.551682,-29.002392
1.784335,1.764551,49.483815,4609.474826,-0.004353,43.857900,6.838630,2.547581,-29.002459
1.829333,1.803735,49.484853,4605.656564,-0.001740,43.798684,6.828490,2.545493,-29.002172
1.871281,1.845250,49.485339,4601.843522,-0.000320,43.737551,6.818789,2.541260,-29.002579
1.914876,1.888150,49.486354,4598.036548,-0.000393,43.676987,6.808816,2.538448,-29.002236
1.959520,1.932527,49.485026,4594.235400,-0.000662,43.616060,6.797348,2.532682,-29.002378
2.003784,1.974659,49.484567,4590.441462,0.001461,43.556085,6.788204,2.526930,-29.000353
2.048951,2.016033,49.483630,4586.655672,0.003267,43.497190,6.776322,2.524046,-28.999678
2.092982,2.059703,49.483136,4582.874638,0.002268,43.438569,6.764584,2.521184,-29.000545
2.137349,2.102329,49.484248,4579.099981,0.002031,43.379655,6.752365,2.517813,-29.000424
2.181260,2.146320,49.484159,4575.332215,0.001920,43.318847,6.741288,2.512847,-29.000627
2.225773,2.189333,49.484017,4571.570374,0.000607,43.258504,6.729975,2.507989,-28.999647
2.272129,2.232437,49.483780,4567.813419,-0.001165,43.200047,6.717469,2.503195,-29.000672
2.317300,2.274784,49.483009,4564.064038,-0.004034,43.142289,6.706022,2.499553,-28.998998
2.364723,2.316119,49.483619,4560.319952,-0.007586,43.083348,6.696226,2.496003,-29.001167
2.407313,2.357960,49.482658,4556.583556,-0.009952,43.022407,6.687055,2.491361,-29.002470
2.450357,2.398751,49.480946,4552.852911,-0.013550,42.963408,6.677813,2.487629,-29.002087
2.495642,2.441740,49.480501,4549.127610,-0.016210,42.903560,6.670359,2.483227,-29.001336
2.538308,2.482806,49.478866,4545.410358,-0.019184,42.843230,6.663078,2.479151,-29.002246
2.583127,2.525521,49.475624,4541.699016,-0.021915,42.785236,6.655389,2.475295,-29.002903
2.625487,2.567590,49.472718,4537.991722,-0.025682,42.726732,6.646918,2.471923,-29.003333
2.670965,2.608034,49.468297,4534.289803,-0.030270,42.668515,6.638771,2.469878,-29.000675
2.714739,2.648465,49.464638,4530.591922,-0.035827,42.610384,6.630857,2.467548,-29.001142
2.757158,2.688865,49.460694,4526.899946,-0.041658,42.550271,6.623551,2.465464,-28.999851
2.802048,2.729638,49.454410,4523.211887,-0.044093,42.492831,6.617469,2.462823,-28.998354
2.848289,2.772292,49.449746,4519.529648,-0.048964,42.434419,6.612680,2.459975,-28.997399
2.893833,2.812546,49.443831,4515.851299,-0.055614,42.376513,6.606780,2.458500,-28.999316
2.938757,2.852447,49.438418,4512.176647,-0.060084,42.317913,6.602145,2.456519,-28.998237
2.984257,2.891818,49.430826,4508.506438,-0.064824,42.260974,6.598389,2.454346,-28.998613
3.027429,2.933192,49.422234,4504.839599,-0.072248,42.203309,6.594845,2.453412,-28.998857
3.072280,2.973819,49.412748,4501.176193,-0.080670,42.145053,6.590495,2.452896,-29.000544
3.117555,3.014544,49.401944,4497.514926,-0.086694,42.087554,6.587423,2.452907,-29.000386
3.161753,3.053890,49.391389,4493.856776,-0.090985,42.029837,6.586536,2.452232,-28.999079
3.205420,3.095827,49.379793,4490.198887,-0.096572,41.970492,6.586185,2.451671,-28.999176
3.250772,3.136045,49.370962,4486.544758,-0.102114,41.912357,6.585628,2.450612,-29.000931
3.294268,3.175637,49.357229,4482.892136,-0.109472,41.853935,6.584240,2.451251,-29.002482
3.339126,3.215746,49.343829,4479.241553,-0.115846,41.794859,6.584848,2.451899,-29.001892
3.385987,3.257229,49.328671,4475.591292,-0.121610,41.736692,6.586011,2.452549,-29.001900
3.429956,3.296169,49.315094,4471.940084,-0.128727,41.677727,6.589341,2.453540,-29.002447
3.474642,3.333839,49.300983,4468.289270,-0.134312,41.618986,6.593759,2.454729,-29.003031
3.519752,3.372506,49.283523,4464.639757,-0.141084,41.562334,6.599037,2.456851,-29.002017
3.564885,3.411945,49.266300,4460.987541,-0.148920,41.504030,6.602668,2.458369,-29.002492
3.610694,3.453688,49.248226,4457.333288,-0.154811,41.444378,6.607084,2.459852,-29.000722
3.655043,3.494469,49.228576,4453.678105,-0.162365,41.388170,6.614410,2.463418,-28.999583
3.699137,3.532830,49.211624,4450.020519,-0.169014,41.329469,6.620937,2.467563,-29.000763
3.742682,3.572208,49.190733,4446.359603,-0.177798,41.272327,6.630093,2.469425,-29.000371
3.788120,3.610490,49.169030,4442.697325,-0.185849,41.213204,6.639657,2.473348,-28.999326
3.833067,3.651385,49.146156,4439.031574,-0.193433,41.154125,6.648735,2.476713,-29.001167
3.878387,3.692223,49.123371,4435.362946,-0.200995,41.096079,6.658284,2.479491,-29.001566
3.923471,3.731575,49.100353,4431.690105,-0.207348,41.038657,6.670704,2.486913,-29.000103
3.968833,3.770745,49.076648,4428.010874,-0.211344,40.978271,6.683401,2.493417,-29.000994
4.012186,3.808436,49.053038,4424.328744,-0.218143,40.919144,6.694858,2.496215,-29.000312
4.056500,3.848707,49.027055,4420.639747,-0.223364,40.858641,6.708701,2.499827,-29.000463
4.102136,3.885814,49.000936,4416.944936,-0.230489,40.798210,6.721736,2.504669,-29.002078
4.145060,3.923900,48.974035,4413.245775,-0.234769,40.736876,6.734977,2.509444,-29.001706
4.191315,3.963354,48.945909,4409.537254,-0.242336,40.676480,6.748535,2.514687,-29.000656
4.236726,4.002101,48.917359,4405.824373,-0.249639,40.617704,6.764811,2.520813,-29.001406
4.281952,4.040173,48.887839,4402.102656,-0.256226,40.557293,6.783811,2.526960,-29.001520
4.325418,4.078046,48.857603,4398.372576,-0.261364,40.498816,6.800685,2.533049,-28.999326
4.369124,4.115903,48.827682,4394.633493,-0.267522,40.437405,6.820028,2.540160,-28.999160
4.414529,4.154065,48.796365,4390.887301,-0.271797,40.376935,6.838422,2.547940,-28.999666
4.457847,4.192676,48.763147,4387.133938,-0.276242,40.315697,6.856944,2.555992,-29.000565
4.500432,4.230730,48.730853,4383.369278,-0.282129,40.254136,6.876422,2.564953,-29.001113
4.548596,4.266009,48.698728,4379.594689,-0.289150,40.192103,6.895879,2.572808,-29.002413
4.592259,4.303268,48.667260,4375.811904,-0.293421,40.129519,6.916871,2.580194,-29.000879
4.636760,4.340782,48.634077,4372.015805,-0.299301,40.068481,6.938674,2.587870,-29.001338
4.683289,4.378637,48.599726,4368.211867,-0.304327,40.006043,6.961042,2.593965,-29.001193
4.728657,4.417345,48.564993,4364.393469,-0.308138,39.944043,6.982584,2.599509,-29.001711
4.773671,4.456632,48.529815,4360.565054,-0.311104,39.882723,7.003257,2.607271,-29.002679
4.818615,4.493209,48.493858,4356.724145,-0.313692,39.817971,7.026444,2.614816,-29.003223
4.861544,4.531897,48.457597,4352.873492,-0.317699,39.755732,7.048679,2.621731,-29.001826
4.907815,4.566420,48.421345,4349.009867,-0.318858,39.691920,7.071537,2.631240,-29.001145
4.952776,4.604650,48.384310,4345.134058,-0.321870,39.629940,7.093844,2.640200,-28.999371
4.998131,4.641875,48.348142,4341.246400,-0.323589,39.567296,7.117918,2.649448,-28.999543
5.041804,4.679820,48.310885,4337.343992,-0.326379,39.503428,7.141868,2.658231,-29.000677
5.087199,4.716136,48.273131,4333.430135,-0.327032,39.438999,7.166145,2.666706,-29.000279
5.133330,4.752368,48.236156,4329.501556,-0.329752,39.374433,7.191259,2.676715,-29.000684
5.177322,4.790728,48.199769,4325.559346,-0.329675,39.309000,7.215951,2.685577,-29.000254
5.223120,4.827394,48.160972,4321.602938,-0.330413,39.242928,7.239493,2.694908,-28.999926
5.268598,4.863979,48.124290,4317.632318,-0.331043,39.178668,7.264157,2.703543,-29.001026
5.311474,4.900890,48.086526,4313.647817,-0.331361,39.112444,7.290021,2.714789,-28.999682
5.356670,4.936613,48.049213,4309.650724,-0.330524,39.046244,7.315564,2.723038,-28.998514
5.401554,4.970495,48.010532,4305.641555,-0.330163,38.980393,7.338744,2.733858,-28.997655
5.446113,5.008377,47.973180,4301.617686,-0.329943,38.913721,7.361606,2.743098,-28.998477
5.489129,5.044348,47.935017,4297.579569,-0.329504,38.846647,7.386325,2.752057,-28.997413
5.534858,5.082217,47.899258,4293.527970,-0.328732,38.779343,7.412586,2.762048,-28.997463
5.579547,5.118241,47.862407,4289.461038,-0.326532,38.713368,7.436943,2.769737,-28.997321
5.626108,5.155004,47.827973,4285.377533,-0.326000,38.645923,7.460912,2.778771,-28.995328
5.672838,5.191417,47.790565,4281.281046,-0.324401,38.577193,7.483847,2.789352,-28.995340
5.716645,5.228709,47.754430,4277.172657,-0.321834,38.509513,7.509023,2.797532,-28.996873
5.762406,5.265151,47.717818,4273.049901,-0.317923,38.442800,7.532209,2.804959,-28.996969
5.807729,5.302168,47.682641,4268.915713,-0.316317,38.372821,7.555074,2.813826,-28.996412
5.851106,5.337797,47.647481,4264.764298,-0.312051,38.304573,7.576894,2.824180,-28.997155
5.897175,5.373191,47.613157,4260.599614,-0.307111,38.235431,7.598587,2.832239,-28.999270
5.943717,5.407869,47.579078,4256.422129,-0.302545,38.165305,7.619581,2.840996,-28.998575
5.989467,5.442747,47.546972,4252.233026,-0.298318,38.095355,7.641624,2.849408,-28.998677
6.034044,5.476247,47.514211,4248.029199,-0.293104,38.026461,7.662458,2.854450,-28.998209
6.077611,5.510983,47.481867,4243.815789,-0.285842,37.955887,7.682457,2.861813,-28.998202
6.121163,5.544727,47.449550,4239.589846,-0.282383,37.887769,7.703735,2.867558,-28.998215
6.165955,5.578563,47.418535,4235.355025,-0.277237,37.818052,7.721466,2.876153,-28.998163
6.209316,5.614543,47.388044,4231.105542,-0.272593,37.747301,7.738924,2.882854,-29.000976
6.254794,5.650757,47.356744,4226.844250,-0.266931,37.675160,7.757907,2.888175,-29.000046
6.298847,5.684012,47.326573,4222.572862,-0.260410,37.603008,7.775599,2.895358,-29.001569
6.342874,5.717725,47.297294,4218.290966,-0.254120,37.531264,7.790737,2.899461,-29.000412
6.386462,5.752681,47.269002,4213.997308,-0.249376,37.458588,7.806072,2.905687,-29.001390
6.430156,5.787777,47.241294,4209.693975,-0.244946,37.386026,7.818111,2.912692,-28.999397
6.476221,5.821457,47.215767,4205.383435,-0.240186,37.313820,7.833129,2.917422,-28.998244
6.521453,5.856163,47.190059,4201.061726,-0.234033,37.240155,7.847781,2.922043,-28.999024
6.567525,5.891166,47.164556,4196.731485,-0.229724,37.164850,7.859626,2.927101,-28.998980
6.612276,5.925034,47.139456,4192.392472,-0.224446,37.093104,7.870049,2.931145,-28.998777
6.656118,5.959189,47.114529,4188.048798,-0.216571,37.019986,7.881409,2.934933,-28.999189
6.700666,5.992369,47.090663,4183.695867,-0.208981,36.944865,7.890355,2.937804,-28.998441
6.745236,6.024676,47.069328,4179.337271,-0.202104,36.871678,7.899483,2.941644,-28.998875
6.791115,6.059879,47.046720,4174.972293,-0.197313,36.797883,7.907301,2.942318,-28.999042
6.835917,6.093281,47.026901,4170.602976,-0.190723,36.724598,7.912718,2.945559,-28.997338
6.880158,6.128872,47.005262,4166.227690,-0.184196,36.651011,7.918718,2.949219,-28.997749
6.924196,6.161562,46.984560,4161.847505,-0.177544,36.577387,7.924934,2.950773,-28.997500
6.967875,6.195433,46.965721,4157.463590,-0.172160,36.502892,7.927865,2.952591,-28.996513
7.014766,6.232295,46.947630,4153.075240,-0.165126,36.431015,7.932788,2.954651,-28.997389
7.059480,6.264381,46.928820,4148.683436,-0.160047,36.357893,7.935895,2.956321,-28.998836
7.103029,6.296854,46.912420,4144.287646,-0.153054,36.282760,7.939074,2.957018,-29.001149
7.148661,6.331971,46.895126,4139.891129,-0.146848,36.209745,7.940920,2.958596,-29.001875
7.193426,6.363910,46.879157,4135.489928,-0.141051,36.136428,7.941405,2.959665,-29.002335
7.237124,6.397463,46.862192,4131.088352,-0.136240,36.059516,7.941681,2.957927,-29.001107
7.281803,6.429944,46.849674,4126.686339,-0.128587,35.985312,7.942510,2.957745,-29.001939
7.325936,6.462833,46.834323,4122.282653,-0.121641,35.912925,7.940154,2.956686,-29.002040
7.371261,6.494998,46.822309,4117.880880,-0.116279,35.837735,7.935929,2.954678,-29.002893
7.415453,6.527542,46.811281,4113.476609,-0.110902,35.764030,7.931800,2.954652,-29.001577
7.461103,6.559392,46.799633,4109.074207,-0.105683,35.688426,7.928488,2.952996,-29.001344
7.505847,6.590759,46.789069,4104.675034,-0.100964,35.614331,7.924312,2.951797,-29.001256
7.550750,6.623349,46.778802,4100.275661,-0.095571,35.539738,7.919076,2.949519,-28.999720
7.594796,6.656833,46.768159,4095.878011,-0.092430,35.465971,7.912258,2.947500,-28.998306
7.640245,6.689306,46.757354,4091.481739,-0.087919,35.389737,7.907347,2.944902,-28.997543
7.685476,6.720474,46.750185,4087.086756,-0.064345,35.395865,7.899965,2.942728,0.000748
7.730539,6.753328,46.744853,4082.690893,-0.039799,35.401669,7.889787,2.939042,0.002661
7.775813,6.786357,46.742147,4078.295284,-0.016116,35.409804,7.876686,2.934222,0.004283
7.822587,6.817342,46.741336,4073.901698,0.005129,35.416899,7.861215,2.928555,0.004472
7.867565,6.849043,46.742295,4069.512620,0.028658,35.422101,7.842752,2.921927,0.005408
7.909412,6.882249,46.747685,4065.126996,0.050804,35.429528,7.821811,2.913773,0.006419
7.953728,6.914086,46.754612,4060.750908,0.073612,35.434563,7.796577,2.903990,0.006641
7.998884,6.947994,46.764093,4056.383269,0.094818,35.440971,7.769175,2.894396,0.007558
8.043714,6.979537,46.775925,4052.025567,0.114341,35.447218,7.739616,2.883252,0.007120
8.088682,7.011806,46.789569,4047.680751,0.133779,35.454262,7.708485,2.871751,0.005064
8.131380,7.042584,46.804630,4043.348008,0.151376,35.460473,7.675667,2.858049,0.004323
8.174454,7.074164,46.822271,4039.031546,0.169677,35.469164,7.639531,2.845289,0.003871
8.218969,7.105815,46.840909,4034.728762,0.186272,35.475142,7.603364,2.830318,0.002670
8.264389,7.136235,46.860992,4030.441304,0.203903,35.480313,7.563729,2.816769,0.002762
8.308538,7.166743,46.884291,4026.171677,0.220858,35.486619,7.522516,2.800084,0.001130
8.351355,7.197426,46.906257,4021.921988,0.237558,35.492887,7.480459,2.784985,0.000666
8.395890,7.227685,46.932895,4017.691039,0.249159,35.499737,7.436617,2.769182,0.000572
8.439512,7.260402,46.960235,4013.484229,0.262061,35.504488,7.392878,2.752319,0.000751
8.482645,7.290893,46.990296,4009.296086,0.272398,35.510581,7.349453,2.734473,0.000024
8.525822,7.322228,47.018830,4005.130529,0.282514,35.514563,7.303261,2.718026,0.001198
8.570748,7.353723,47.049261,4000.988440,0.292261,35.521148,7.258153,2.702705,-0.000404
8.614444,7.386039,47.078529,3996.869193,0.300088,35.527137,7.210178,2.685188,-0.000401
8.658665,7.418314,47.111091,3992.776430,0.307807,35.534702,7.164863,2.668180,0.000336
8.701140,7.449353,47.143089,3988.708180,0.312975,35.541116,7.119292,2.649409,0.000668
8.742650,7.482211,47.176461,3984.663333,0.317977,35.547768,7.070372,2.631564,0.001048
8.786757,7.514405,47.211009,3980.645616,0.322340,35.553722,7.023258,2.614793,-0.000309
8.831102,7.545409,47.245618,3976.654426,0.325707,35.559789,6.976182,2.598263,-0.000069
8.874237,7.575115,47.279531,3972.685927,0.328136,35.566832,6.929445,2.580695,-0.000834
8.917465,7.606405,47.312876,3968.745865,0.329070,35.573515,6.883855,2.563413,0.000227
8.959811,7.637831,47.347921,3964.833062,0.330109,35.580745,6.837493,2.546677,-0.000067
9.002970,7.669847,47.382079,3960.943790,0.328940,35.586087,6.790678,2.529216,-0.001464
9.042522,7.701089,47.415143,3957.081018,0.324969,35.592657,6.745090,2.514065,-0.000928
9.085912,7.730919,47.447666,3953.246740,0.320844,35.599424,6.701271,2.496640,-0.000630
9.128570,7.762948,47.480926,3949.436863,0.315878,35.609550,6.657083,2.477622,-0.000399
9.171750,7.794502,47.513534,3945.652902,0.308475,35.614928,6.613843,2.462648,-0.000071
9.214079,7.824422,47.546598,3941.894144,0.300638,35.623314,6.571539,2.447661,0.000633
9.258585,7.855441,47.576103,3938.159579,0.293491,35.629354,6.530960,2.434223,0.002569
9.302708,7.887474,47.604973,3934.449662,0.282179,35.636583,6.491231,2.418544,0.003566
9.343531,7.917195,47.632903,3930.762829,0.272171,35.643756,6.451389,2.404455,0.005609
9.386738,7.948997,47.659954,3927.101037,0.260506,35.651785,6.415310,2.389531,0.005672
9.429720,7.979300,47.687203,3923.462230,0.249176,35.658412,6.379080,2.376940,0.005404
9.471837,8.010955,47.713566,3919.847651,0.237456,35.666447,6.345492,2.365047,0.004807
9.514056,8.040485,47.737059,3916.253119,0.224401,35.673598,6.314038,2.351776,0.003670
9.558932,8.071270,47.757331,3912.680460,0.209955,35.680337,6.284015,2.339698,0.001545
9.600552,8.103611,47.776368,3909.129254,0.193183,35.684470,6.253592,2.328806,0.002954
9.642077,8.134527,47.795195,3905.598374,0.176251,35.690535,6.223746,2.319555,0.001373
9.686057,8.166378,47.814756,3902.087689,0.158503,35.698478,6.197865,2.308861,0.000147
9.728956,8.196717,47.830965,3898.594982,0.141096,35.707025,6.172927,2.300190,0.000929
9.770229,8.228333,47.847136,3895.117809,0.123018,35.712326,6.150060,2.290521,0.000287
9.812027,8.259103,47.858699,3891.659033,0.102759,35.720925,6.128394,2.282869,-0.000942
9.852661,8.290668,47.868778,3888.215206,0.084978,35.728617,6.110506,2.274815,-0.000267
9.896466,8.323451,47.874576,3884.787175,0.065983,35.735668,6.091554,2.267264,-0.001646
9.939569,8.352008,47.880973,3881.375030,0.046969,35.742777,6.076550,2.263177,-0.002678
9.983382,8.383121,47.884601,3877.973300,0.027735,35.752025,6.062006,2.256847,-0.001063
10.024542,8.412756,47.886693,3874.584581,0.004664,35.760571,6.050620,2.251552,-0.000944
10.066516,8.442485,47.885174,3871.207845,-0.015801,35.766056,6.039253,2.247501,0.000205
10.110081,8.472727,47.883362,3867.843304,-0.037429,35.774798,6.031563,2.244529,0.001844
10.150515,8.504503,47.878570,3864.487820,-0.058792,35.782760,6.025954,2.243311,-0.000108
10.192768,8.535589,47.869458,3861.138846,-0.080329,35.789147,6.022758,2.241720,0.000886
10.233538,8.568054,47.859718,3857.799779,-0.103904,35.798452,6.021874,2.240617,0.000743
10.274699,8.598380,47.848032,3854.465844,-0.126715,35.806863,6.020800,2.240750,0.001708
10.316507,8.628341,47.834948,3851.138784,-0.149358,35.814973,6.022004,2.242443,0.002717
10.358879,8.659117,47.818212,3847.815031,-0.172697,35.824308,6.024785,2.243477,0.003313
10.401192,8.689455,47.801111,3844.497315,-0.196527,35.832670,6.030883,2.245560,0.002431
10.441574,8.721654,47.779359,3841.179810,-0.219067,35.839361,6.036622,2.248416,0.002577
10.484212,8.750865,47.756255,3837.863344,-0.242102,35.846612,6.043693,2.251342,0.002372
10.524318,8.782389,47.731595,3834.545947,-0.266232,35.854417,6.054281,2.254713,0.001873
10.565290,8.813240,47.703951,3831.229311,-0.288712,35.861160,6.067016,2.259468,0.002280
10.608328,8.842083,47.673600,3827.908631,-0.310416,35.868761,6.082670,2.265439,0.002024
10.650941,8.873028,47.641749,3824.586183,-0.331945,35.877625,6.098973,2.270253,0.002067
10.693737,8.902921,47.607672,3821.258562,-0.353962,35.885852,6.117481,2.277426,0.002874
10.735689,8.933222,47.571375,3817.926466,-0.377295,35.892354,6.139921,2.286834,0.002467
10.777116,8.963804,47.533364,3814.587173,-0.398436,35.900120,6.161272,2.294426,0.003515
10.818369,8.994777,47.491144,3811.239002,-0.418209,35.908411,6.185381,2.303829,0.004102
10.857659,9.024175,47.448840,3807.882137,-0.438119,35.915875,6.211309,2.312072,0.002608
10.899405,9.054411,47.405670,3804.516159,-0.457430,35.924466,6.241404,2.321101,0.000644
10.940370,9.082059,47.360227,3801.140060,-0.475527,35.932216,6.271039,2.333986,0.001054
10.982639,9.112775,47.312327,3797.750870,-0.495615,35.939826,6.300836,2.346069,0.000253
11.022890,9.142680,47.261273,3794.346536,-0.513747,35.948636,6.334789,2.358195,-0.000439
11.064948,9.172945,47.210533,3790.927883,-0.530640,35.957365,6.369190,2.372305,-0.000519
11.106093,9.203810,47.158932,3787.493628,-0.546242,35.966184,6.404576,2.387001,-0.000790
11.147542,9.233044,47.103530,3784.045211,-0.562516,35.975021,6.443070,2.401558,-0.002063
11.190579,9.261422,47.047584,3780.575928,-0.579027,35.985078,6.483318,2.416533,-0.000709
11.232970,9.293566,46.987866,3777.088558,-0.593876,35.993211,6.523734,2.429665,-0.000712
11.275378,9.324767,46.928609,3773.584129,-0.606376,36.002293,6.565902,2.445998,-0.000896
11.317491,9.355204,46.866956,3770.057359,-0.619506,36.011090,6.609953,2.463112,-0.001446
11.355978,9.389040,46.807245,3766.507143,-0.630863,36.020228,6.653742,2.480510,-0.003886
11.397289,9.419549,46.745888,3762.935776,-0.641102,36.030348,6.700473,2.497103,-0.005077
11.438436,9.451178,46.682709,3759.340958,-0.652474,36.037764,6.747977,2.514358,-0.006553
11.477949,9.481234,46.617536,3755.726068,-0.661211,36.046098,6.795806,2.531626,-0.004262
11.518050,9.511165,46.552377,3752.082924,-0.668379,36.055301,6.843898,2.549496,-0.003008
11.557476,9.540215,46.487215,3748.413444,-0.674644,36.062610,6.895413,2.566042,-0.003224
11.598716,9.568342,46.420706,3744.716789,-0.681722,36.071336,6.946119,2.586881,-0.004162
11.639609,9.598920,46.354920,3740.992976,-0.686032,36.078994,6.997721,2.607386,-0.004505
11.679139,9.628613,46.287134,3737.241235,-0.690664,36.088081,7.049273,2.626466,-0.003098
11.720440,9.657531,46.220739,3733.460183,-0.693402,36.097807,7.102545,2.645654,-0.002553
11.761973,9.688152,46.153520,3729.652248,-0.694390,36.105743,7.156778,2.665256,-0.002572
11.801981,9.717951,46.084375,3725.814680,-0.693898,36.115426,7.210416,2.686565,-0.003752
11.843294,9.749301,46.016614,3721.945921,-0.692094,36.124107,7.264283,2.705454,-0.004712
11.882462,9.779172,45.948258,3718.046680,-0.691770,36.133785,7.318655,2.726121,-0.005191
11.921974,9.809228,45.880756,3714.117741,-0.689578,36.142957,7.372837,2.746309,-0.004114
11.961612,9.838808,45.813460,3710.160641,-0.687617,36.152394,7.426680,2.767023,-0.003926
12.001242,9.869148,45.747407,3706.169810,-0.680391,36.161621,7.478666,2.785527,-0.001850
12.041303,9.897994,45.681274,3702.147950,-0.674749,36.171424,7.531883,2.805719,-0.000257
12.081247,9.929443,45.617887,3698.094206,-0.668746,36.182648,7.584335,2.824132,-0.000085
12.121359,9.957845,45.555016,3694.011045,-0.659233,36.191594,7.636078,2.842329,0.000964
12.160992,9.989397,45.491226,3689.897651,-0.649236,36.198505,7.687559,2.860398,0.000514
12.200903,10.020388,45.428407,3685.754515,-0.638925,36.206982,7.736141,2.879762,0.000966
12.241097,10.049621,45.366754,3681.577461,-0.627341,36.216912,7.784786,2.895858,0.000440
12.279424,10.080731,45.306663,3677.371915,-0.614901,36.224977,7.831278,2.913562,-0.000810
12.317973,10.108369,45.248892,3673.138448,-0.601914,36.232467,7.876941,2.930663,0.000359
12.356127,10.138656,45.192184,3668.873716,-0.587512,36.241361,7.918971,2.948780,-0.000130
12.394545,10.168239,45.135754,3664.581496,-0.572985,36.252322,7.961003,2.965611,-0.001474
12.434629,10.198282,45.082301,3660.260046,-0.554057,36.260404,8.003034,2.979115,-0.001141
12.473451,10.227750,45.030195,3655.916936,-0.537039,36.269257,8.042890,2.992737,-0.001212
12.512066,10.255972,44.981255,3651.543186,-0.518991,36.277421,8.080054,3.007331,-0.002194
12.551166,10.286571,44.932764,3647.144331,-0.499025,36.284836,8.116142,3.021443,-0.000043
12.591901,10.316188,44.886934,3642.724472,-0.478597,36.295112,8.150785,3.032889,0.000757
12.629837,10.344242,44.840940,3638.285279,-0.508503,36.433496,8.183999,3.045734,42.001544
12.668603,10.374506,44.790448,3633.833776,-0.538861,36.572316,8.221098,3.060576,42.000154
12.705493,10.404770,44.739177,3629.367743,-0.568420,36.712546,8.260375,3.074985,42.000788
12.743305,10.433067,44.683365,3624.886608,-0.595960,36.853460,8.303035,3.091061,42.000520
12.782153,10.463391,44.626864,3620.385434,-0.622900,36.993307,8.348944,3.107536,42.000370
12.821238,10.492458,44.566481,3615.866238,-0.650917,37.136991,8.396947,3.126421,42.002254
12.859160,10.523494,44.504987,3611.323662,-0.675085,37.279931,8.452095,3.146505,42.001432
12.897182,10.554492,44.438984,3606.759551,-0.699844,37.424165,8.507235,3.167818,42.002426
12.936825,10.585514,44.374933,3602.168372,-0.723032,37.570113,8.564310,3.190776,42.003140
12.977012,10.614327,44.306372,3597.548992,-0.746380,37.715767,8.625209,3.213177,42.004131
13.014387,10.646705,44.236027,3592.902032,-0.769075,37.863848,8.690286,3.238391,42.003065
13.052462,10.676397,44.163431,3588.222201,-0.789504,38.014368,8.756396,3.263239,42.000880
13.091784,10.707643,44.089414,3583.512175,-0.810459,38.166661,8.825295,3.289747,41.998699
13.128697,10.738363,44.014559,3578.767283,-0.830239,38.316772,8.897233,3.315267,41.997610
13.167667,10.770288,43.936940,3573.987084,-0.848297,38.470503,8.972413,3.342531,41.997575
13.208122,10.801174,43.855678,3569.166359,-0.864755,38.625118,9.046025,3.371178,41.997138
13.244637,10.834217,43.774269,3564.305491,-0.878117,38.781253,9.125880,3.399784,41.999737
13.281960,10.863613,43.694698,3559.407812,-0.890869,38.938151,9.206367,3.430386,41.999670
13.318781,10.894369,43.611064,3554.467686,-0.903547,39.098086,9.287497,3.460378,41.999794
13.355616,10.924859,43.524840,3549.481569,-0.914776,39.261926,9.371057,3.492804,41.999188
13.392460,10.957471,43.438635,3544.450278,-0.923651,39.424910,9.455808,3.523794,41.999568
13.429812,10.987096,43.353977,3539.374614,-0.932230,39.590935,9.544614,3.556826,41.999500
13.465869,11.019550,43.268598,3534.250200,-0.939265,39.756550,9.634240,3.590526,41.998925
13.500645,11.050081,43.180702,3529.076997,-0.944209,39.924140,9.723704,3.624987,41.998976
13.538635,11.079097,43.092701,3523.857577,-0.948378,40.094740,9.814895,3.658378,41.999311
13.575426,11.110405,43.008232,3518.586972,-0.950271,40.264991,9.906754,3.694261,42.000361
13.610250,11.142573,42.920199,3513.266025,-0.950400,40.439312,9.999811,3.729256,41.999657
13.646910,11.172250,42.834463,3507.892896,-0.950267,40.614904,10.092028,3.762871,42.000908
13.682501,11.202209,42.748579,3502.467928,-0.946688,40.791628,10.184421,3.797246,42.002339
13.717228,11.233638,42.662621,3496.989655,-0.943544,40.971228,10.274822,3.830819,42.001381
13.753937,11.264399,42.576047,3491.458217,-0.939621,41.151292,10.367356,3.864195,42.000603
13.788280,11.298651,42.491975,3485.875119,-0.933992,41.334387,10.457963,3.899248,41.999738
13.822340,11.329288,42.407673,3480.239967,-0.924751,41.518029,10.550948,3.933828,41.999354
13.857066,11.362492,42.324007,3474.551513,-0.914033,41.704159,10.642731,3.966946,41.999463
13.889825,11.394661,42.242067,3468.811325,-0.901918,41.891250,10.730746,4.000811,41.999303
13.925036,11.427545,42.160172,3463.017846,-0.887936,42.083106,10.817685,4.031615,41.999921
13.958574,11.459952,42.080564,3457.173044,-0.872096,42.273898,10.903871,4.061534,41.999065
13.993936,11.492058,42.001832,3451.275649,-0.856719,42.467154,10.987298,4.092841,42.000468
14.029940,11.524095,41.925517,3445.331342,-0.841010,42.662257,11.068341,4.123315,41.999910
14.063849,11.555258,41.852173,3439.336628,-0.822163,42.859623,11.148134,4.152760,41.998381
14.097112,11.589453,41.778829,3433.295869,-0.802015,43.060121,11.222098,4.179609,42.000111
14.129430,11.619977,41.708075,3427.206796,-0.780744,43.258813,11.294883,4.208496,42.000775
14.163720,11.649602,41.637040,3421.072367,-0.758666,43.459697,11.364018,4.234311,41.999806
14.197481,11.684141,41.570140,3414.892024,-0.735464,43.662702,11.431883,4.259025,41.999733
14.230039,11.716136,41.504930,3408.671867,-0.710179,43.867287,11.493575,4.281735,42.000050
14.265424,11.746916,41.440139,3402.412291,-0.684322,44.072437,11.552896,4.304375,41.999893
14.296919,11.779634,41.380331,3396.115180,-0.657938,44.278653,11.608321,4.324956,42.000485
14.328547,11.813048,41.321566,3389.782525,-0.631618,44.488297,11.659677,4.342980,41.999439
14.360138,11.845539,41.266402,3383.414025,-0.601567,44.696028,11.704329,4.360600,41.999607
14.393823,11.879486,41.214906,3377.013347,-0.572448,44.907888,11.744161,4.376942,41.999088
14.423651,11.911758,41.168214,3370.582206,-0.543433,45.119578,11.781394,4.391546,41.999335
14.455512,11.944904,41.120803,3364.123622,-0.513180,45.331365,11.813222,4.402836,41.998839
14.487934,11.977223,41.077301,3357.642803,-0.483772,45.543907,11.839896,4.413622,41.999575
14.518717,12.011410,41.035775,3351.139762,-0.452620,45.759547,11.863844,4.422692,42.000116
14.549850,12.045126,40.997395,3344.617498,-0.421622,45.976584,11.880940,4.429405,42.000584
14.581616,12.078227,40.961584,3338.078341,-0.389402,46.191652,11.892789,4.435077,42.001402
14.613125,12.112706,40.928998,3331.525755,-0.357664,46.408685,11.901938,4.438054,42.000942
14.644284,12.144306,40.898915,3324.959887,-0.327002,46.625596,11.904019,4.436701,42.001703
14.673339,12.178076,40.873545,3318.389134,-0.296345,46.844912,11.902273,4.436042,42.004372
14.703328,12.212221,40.848241,3311.812417,-0.264911,47.063400,11.896379,4.434002,42.002680
14.735138,12.247759,40.825197,3305.230609,-0.233964,47.283067,11.883591,4.431085,42.001752
14.765528,12.282172,40.807972,3298.648046,-0.204450,47.500663,11.868862,4.425754,42.001648
14.794779,12.312804,40.791652,3292.068944,-0.175116,47.719245,11.848511,4.416179,42.001040
14.824176,12.347863,40.776813,3285.494229,-0.146106,47.939886,11.824775,4.407587,42.002686
14.852632,12.381959,40.765096,3278.926777,-0.116260,48.158573,11.796913,4.397785,42.002672
14.882949,12.416351,40.757298,3272.368967,-0.089094,48.379375,11.763863,4.385632,42.003657
14.908824,12.449645,40.749793,3265.823266,-0.061373,48.597133,11.724656,4.372164,42.001981
14.938994,12.484021,40.745000,3259.292688,-0.036129,48.814480,11.685193,4.355976,42.001439
14.968233,12.518263,40.743605,3252.779555,-0.009367,49.031552,11.641615,4.340588,42.000625
14.995156,12.550223,40.744173,3246.284484,0.015497,49.249356,11.594373,4.324129,42.001066
15.023395,12.582939,40.746217,3239.811654,0.040770,49.466861,11.545063,4.303947,42.001280
15.052384,12.614964,40.750785,3233.360442,0.062381,49.683996,11.492301,4.282487,42.003087
15.080411,12.650590,40.757275,3226.937008,0.084552,49.899255,11.436123,4.260856,42.001772
15.107308,12.684092,40.767164,3220.537155,0.105191,50.114201,11.376680,4.238819,42.001465
15.133720,12.717258,40.776832,3214.167224,0.123046,50.329676,11.316232,4.213960,42.001568
15.159813,12.753309,40.788131,3207.825697,0.140398,50.544345,11.255477,4.190477,42.000874
15.186962,12.785957,40.799034,3201.517108,0.157887,50.758906,11.192151,4.166792,42.000272
15.215221,12.821619,40.813656,3195.238048,0.172245,50.973760,11.127101,4.141540,42.000260
15.242318,12.856791,40.827732,3188.992406,0.185265,51.186442,11.060926,4.117662,41.999222
15.268489,12.891465,40.843196,3182.781636,0.196807,51.397019,10.991371,4.092018,41.999288
15.294211,12.927549,40.861168,3176.605932,0.207515,51.605728,10.923664,4.065669,41.999004
15.319875,12.962329,40.878488,3170.466447,0.216576,51.814892,10.854504,4.041077,42.000842
15.346552,12.997876,40.896849,3164.365290,0.223510,52.024164,10.784728,4.017165,42.001645
15.373182,13.032092,40.917348,3158.301069,0.229836,52.233788,10.715791,3.991624,42.002049
15.399143,13.066324,40.935175,3152.274111,0.233088,52.441810,10.646428,3.964544,42.001883
15.423266,13.102721,40.953489,3146.283345,0.235120,52.647524,10.577211,3.938015,42.001821
15.449356,13.139810,40.972969,3140.331813,0.237052,52.853043,10.509101,3.914379,42.001075
15.474290,13.173490,40.992400,3134.417464,0.237180,53.056737,10.441755,3.888807,42.000918
15.501018,13.208506,41.013419,3128.540854,0.233255,53.259968,10.375967,3.863348,42.002067
15.526778,13.243934,41.031463,3122.704024,0.230127,53.462167,10.310824,3.838276,42.001544
15.551510,13.278538,41.049350,3116.902278,0.225042,53.665277,10.245557,3.814065,42.000843
15.576263,13.313063,41.066871,3111.139943,0.217680,53.866873,10.182165,3.789588,42.000930
15.600190,13.347707,41.084236,3105.413066,0.208914,54.066187,10.119140,3.767879,42.001264
15.624599,13.381223,41.102952,3099.722431,0.199054,54.264530,10.059797,3.746583,42.002462
15.648371,13.417393,41.118346,3094.067959,0.187066,54.464842,10.000940,3.726077,42.004531
15.671841,13.453380,41.133370,3088.449196,0.176127,54.662991,9.944989,3.704725,42.005013
15.697176,13.488534,41.145216,3082.866072,0.162831,54.860264,9.891389,3.684304,42.005369
15.720158,13.523053,41.157685,3077.314601,0.146165,55.058360,9.837625,3.663135,42.004313
15.743896,13.558754,41.168299,3071.797949,0.130226,55.254154,9.787154,3.642459,42.004860
15.766853,13.593814,41.179769,3066.312473,0.112840,55.449945,9.737848,3.622768,42.003362
15.790216,13.629366,41.188810,3060.860478,0.095139,55.643999,9.690446,3.606425,42.004118
15.814918,13.665180,41.196858,3055.436332,0.076878,55.839126,9.646261,3.591086,42.004360
15.838878,13.701446,41.201345,3050.043491,0.057237,56.034583,9.603552,3.576443,42.003941
15.860606,13.737411,41.205957,3044.676267,0.035196,56.228892,9.565677,3.561707,42.002539
15.880788,13.771971,41.208638,3039.334687,0.012029,56.422163,9.527442,3.549125,42.003526
15.904519,13.805989,41.209267,3034.019847,-0.011340,56.616956,9.496034,3.536626,42.004996
15.927688,13.841597,41.205953,3028.727467,-0.037446,56.810535,9.464734,3.524871,42.006610
15.951134,13.877145,41.202856,3023.457286,-0.061902,57.002615,9.437658,3.514659,42.005365
15.970732,13.914017,41.196298,3018.208778,-0.086758,57.195751,9.411897,3.506844,42.006151
15.992968,13.946888,41.187472,3012.978332,-0.113923,57.387299,9.390349,3.498652,42.008630
16.016380,13.983119,41.175102,3007.768561,-0.141748,57.577834,9.373515,3.492532,42.007789
16.038191,14.018453,41.163768,3002.576230,-0.170813,57.770820,9.357382,3.485067,42.006605
16.059577,14.054855,41.148983,2997.397945,-0.196647,57.962934,9.343820,3.481616,42.005697
16.081923,14.090170,41.133195,2992.231963,-0.223881,58.155282,9.334046,3.476686,42.003262
16.102443,14.125790,41.115231,2987.080106,-0.252205,58.348242,9.325226,3.473423,42.003216
16.122176,14.159415,41.094501,2981.936551,-0.281689,58.542942,9.320773,3.469837,42.003015
16.142281,14.196450,41.070163,2976.805548,-0.313004,58.737242,9.318607,3.470320,42.002981
16.163642,14.232320,41.045113,2971.681620,-0.343264,58.929876,9.320115,3.469531,42.003477
16.184299,14.268267,41.015831,2966.563684,-0.374777,59.122321,9.324651,3.471436,42.001977
16.204557,14.304499,40.985134,2961.449287,-0.405955,59.316739,9.332294,3.477299,42.000576
16.224944,14.338906,40.953442,2956.338370,-0.436282,59.511119,9.343165,3.481484,42.001625
16.245033,14.374301,40.918630,2951.228634,-0.464452,59.706074,9.357467,3.486578,42.001085
16.264876,14.410867,40.881234,2946.116251,-0.494690,59.901412,9.372585,3.493945,42.000898
16.284468,14.446149,40.840822,2941.005383,-0.524564,60.098554,9.391913,3.500393,42.002538
16.302965,14.482140,40.797999,2935.886623,-0.554978,60.296632,9.413237,3.509309,42.002796
16.324147,14.517709,40.753341,2930.763402,-0.582184,60.495120,9.438562,3.517510,42.001367
16.344182,14.554126,40.705154,2925.631347,-0.611831,60.694635,9.467664,3.527360,42.001260
16.360105,14.591395,40.658599,2920.491857,-0.641042,60.893913,9.498030,3.539325,42.002250
16.381528,14.628001,40.609769,2915.341944,-0.669519,61.096650,9.530988,3.552481,42.002200
16.401334,14.662427,40.559744,2910.179496,-0.693997,61.300094,9.566471,3.566050,42.000846
16.420852,14.696096,40.507419,2905.002662,-0.719603,61.501330,9.605525,3.580794,42.001347
16.439236,14.731574,40.451657,2899.812334,-0.746123,61.704283,9.648179,3.596618,42.001677
16.457618,14.767401,40.392554,2894.602677,-0.771235,61.909967,9.692587,3.613003,42.000692
16.476005,14.800757,40.332968,2889.373534,-0.797250,62.116754,9.738410,3.629155,41.999799
16.493613,14.836096,40.270274,2884.127271,-0.820950,62.324783,9.786390,3.647224,42.001045
16.511137,14.871589,40.207025,2878.856220,-0.843127,62.535164,9.838525,3.665225,42.000045
16.527492,14.905287,40.142460,2873.562654,-0.862731,62.745761,9.892367,3.687443,42.000694
16.545703,14.940767,40.078145,2868.245084,-0.881884,62.958611,9.945774,3.706221,42.000616
16.562409,14.976741,40.012390,2862.899794,-0.902859,63.174359,10.003437,3.726455,41.998512
16.579206,15.012990,39.947523,2857.520146,-0.843473,63.189036,10.058491,3.744906,-0.000281
16.595934,15.047170,39.884904,2852.095689,-0.783755,63.201657,10.106243,3.761767,-0.000423
16.614511,15.081764,39.829707,2846.632102,-0.720766,63.215385,10.146576,3.776111,-0.001960
16.632216,15.118145,39.776051,2841.131002,-0.658631,63.229961,10.179580,3.790480,-0.002087
16.647644,15.153502,39.730419,2835.596691,-0.594054,63.243200,10.205973,3.800089,-0.001909
16.663503,15.190682,39.688598,2830.031897,-0.528905,63.257359,10.223702,3.809553,0.000820
16.678605,15.227428,39.654706,2824.442276,-0.463508,63.271282,10.237551,3.811993,0.002557
16.695208,15.264004,39.621273,2818.829736,-0.398625,63.284404,10.240298,3.813725,0.002362
16.711875,15.299350,39.592379,2813.202734,-0.334610,63.299510,10.239121,3.811051,0.001539
16.729405,15.334993,39.569154,2807.560740,-0.271839,63.312099,10.230275,3.808878,-0.000285
16.746730,15.370829,39.551174,2801.909415,-0.206138,63.325240,10.213568,3.802139,0.002621
16.763966,15.406708,39.538044,2796.253390,-0.142471,63.339388,10.190280,3.794717,0.002713
16.781173,15.444005,39.529905,2790.592459,-0.078321,63.354172,10.160074,3.782865,0.002034
16.798226,15.479609,39.525368,2784.936393,-0.017296,63.367885,10.124179,3.767269,0.001898
16.814529,15.512479,39.527036,2779.285623,0.044370,63.379160,10.081782,3.750936,0.001912
16.831976,15.549266,39.531697,2773.645326,0.102978,63.392724,10.032506,3.734914,0.001861
16.848518,15.585806,39.540304,2768.022066,0.160422,63.406399,9.978512,3.714676,0.003685
16.865994,15.620564,39.553253,2762.412925,0.216214,63.421033,9.918664,3.693945,0.003418
16.882924,15.654840,39.571666,2756.823810,0.269208,63.435332,9.855516,3.670548,0.004412
16.898190,15.688063,39.592489,2751.258996,0.320665,63.450101,9.788134,3.644874,0.002503
16.913409,15.722568,39.617806,2745.722195,0.369787,63.463076,9.715503,3.616708,0.002015
16.931114,15.756876,39.646400,2740.216014,0.416031,63.477778,9.640329,3.586698,0.003635
16.948072,15.790096,39.677764,2734.741026,0.461470,63.491025,9.557991,3.556878,0.003789
16.964168,15.824013,39.710726,2729.302644,0.502477,63.504105,9.473172,3.526546,0.003333
16.980671,15.856339,39.749709,2723.900018,0.541692,63.518721,9.386260,3.494820,0.002325
16.996822,15.891130,39.789258,2718.535344,0.577014,63.532175,9.296901,3.461355,0.003361
17.013033,15.925234,39.832449,2713.213339,0.610863,63.546651,9.205521,3.428096,0.002785
17.031517,15.958220,39.877834,2707.936025,0.639981,63.561949,9.111337,3.393836,0.002892
17.046002,15.992957,39.922877,2702.703448,0.666767,63.574949,9.017882,3.357737,0.002587
17.063360,16.025685,39.969932,2697.517576,0.690367,63.588178,8.922807,3.322892,0.002037
17.080053,16.058809,40.017108,2692.377632,0.711193,63.600798,8.826659,3.287603,0.002331
17.096443,16.092101,40.067943,2687.288866,0.729164,63.613603,8.732286,3.251554,0.001273
17.113841,16.126764,40.122630,2682.248544,0.742754,63.626744,8.637149,3.216637,0.001125
17.130840,16.161370,40.175055,2677.256673,0.754493,63.639816,8.541178,3.181517,0.001599
17.147369,16.193631,40.227515,2672.318303,0.763009,63.653982,8.445584,3.147821,0.003377
17.166908,16.225853,40.280354,2667.427678,0.767938,63.666338,8.351031,3.111267,0.003002
17.183329,16.257956,40.333348,2662.590126,0.768733,63.680338,8.259930,3.077930,0.004128
17.198897,16.292227,40.386142,2657.802689,0.767320,63.695896,8.168276,3.043068,0.003496
17.213111,16.326683,40.438249,2653.068345,0.763513,63.709842,8.079154,3.009484,0.001907
17.229416,16.360489,40.491309,2648.385334,0.756231,63.723129,7.991753,2.976884,0.002280
17.244259,16.393659,40.543797,2643.751034,0.744667,63.737639,7.904015,2.943537,0.002184
17.257895,16.426037,40.596577,2639.171876,0.730275,63.752451,7.821545,2.912257,0.002590
17.273417,16.460814,40.644835,2634.643416,0.713759,63.764974,7.740120,2.881090,0.001926
17.288217,16.493673,40.695344,2630.160911,0.694097,63.778510,7.661197,2.851190,0.002067
17.303629,16.526509,40.742812,2625.726561,0.672178,63.792182,7.585469,2.822862,0.000915
17.319520,16.559837,40.789210,2621.338869,0.647019,63.807185,7.511969,2.795831,-0.000566
17.335241,16.591554,40.833477,2617.000532,0.620163,63.820752,7.439937,2.770853,-0.000685
17.350807,16.625871,40.877449,2612.705650,0.590495,63.833078,7.373193,2.745963,-0.000502
17.367221,16.656638,40.916272,2608.457266,0.558125,63.845727,7.310241,2.720775,0.000278
17.381767,16.688625,40.953244,2604.251152,0.523718,63.858456,7.247891,2.697663,0.001820
17.396563,16.722818,40.988922,2600.088661,0.487553,63.872578,7.188824,2.676964,-0.001108
17.411423,16.756157,41.019595,2595.967236,0.449425,63.885147,7.132993,2.655851,-0.001238
17.426555,16.788395,41.050368,2591.884998,0.409698,63.897661,7.079822,2.637263,-0.000120
17.441732,16.816922,41.077047,2587.843480,0.367597,63.909665,7.031831,2.618582,-0.000570
17.456172,16.849807,41.100393,2583.835988,0.324385,63.924559,6.987198,2.602810,0.000062
17.472419,16.883697,41.121079,2579.863767,0.281249,63.937790,6.945571,2.585354,-0.000360
17.486950,16.916430,41.137604,2575.928069,0.235761,63.952288,6.906419,2.572095,-0.000315
17.501399,16.950537,41.151621,2572.024347,0.188200,63.965769,6.872273,2.559412,0.000337
17.516074,16.982454,41.163616,2568.149756,0.137244,63.979881,6.842082,2.548312,0.000308
17.532013,17.015417,41.171183,2564.304448,0.086140,63.993456,6.815122,2.536193,-0.001030
17.545270,17.046096,41.175749,2560.486623,0.033420,64.007818,6.789845,2.526006,-0.001033
17.560133,17.077853,41.174786,2556.696417,-0.018480,64.019920,6.768925,2.519540,-0.001273
17.574193,17.109529,41.170270,2552.929337,-0.071479,64.034042,6.753137,2.515106,-0.001258
17.590736,17.142639,41.164726,2549.182978,-0.125726,64.048672,6.737910,2.509365,-0.000922
17.606509,17.175984,41.154301,2545.459777,-0.181118,64.061896,6.728204,2.507003,0.000220
17.620612,17.207153,41.140699,2541.751938,-0.235127,64.075857,6.722262,2.504251,-0.000362
17.634897,17.239945,41.122167,2538.062500,-0.291063,64.088620,6.719946,2.503743,0.000111
17.647793,17.270690,41.101786,2534.388568,-0.347166,64.102508,6.722216,2.502794,0.001521
17.664674,17.302431,41.075896,2530.725294,-0.403346,64.117066,6.727507,2.503634,0.000052
17.680310,17.332968,41.044603,2527.075808,-0.459382,64.130143,6.736264,2.506493,-0.002203
17.694877,17.365251,41.010109,2523.434222,-0.516043,64.141527,6.746105,2.510532,-0.003421
17.709502,17.398771,40.977184,2519.798615,-0.573124,64.154234,6.762155,2.516569,-0.002223
17.725032,17.429724,40.937076,2516.169068,-0.629263,64.166812,6.780071,2.522900,-0.001095
17.739326,17.461657,40.893421,2512.539670,-0.684508,64.182924,6.802348,2.531431,-0.001661
17.752501,17.493943,40.849333,2508.913360,-0.739054,64.196658,6.827691,2.540313,-0.000736
17.767116,17.526580,40.799878,2505.286596,-0.788978,64.212199,6.856365,2.551511,-0.000555
17.782438,17.557728,40.744594,2501.654975,-0.842695,64.225407,6.886467,2.563734,0.000853
17.797777,17.589334,40.687736,2498.018886,-0.895111,64.239047,6.923702,2.577828,0.002276
17.811227,17.621463,40.626815,2494.375843,-0.944580,64.252879,6.960026,2.592545,0.003273
17.827281,17.653580,40.562669,2490.721513,-0.995093,64.264481,7.002329,2.607449,-0.000076
17.841091,17.684979,40.495236,2487.053988,-1.043107,64.277923,7.045640,2.624630,0.000632
17.855862,17.716296,40.426649,2483.374718,-1.091330,64.292992,7.092519,2.641960,-0.000485
17.869782,17.747852,40.355407,2479.679888,-1.137903,64.305024,7.144468,2.661097,-0.000151
17.884199,17.779873,40.280750,2475.964159,-1.181668,64.319809,7.198093,2.682115,-0.000920
17.900216,17.811540,40.205148,2472.228190,-1.224091,64.331962,7.255667,2.703886,-0.002297
17.914560,17.843466,40.125457,2468.472456,-1.261908,64.345179,7.315373,2.725011,-0.000196
17.930809,17.875684,40.043513,2464.690914,-1.299653,64.359358,7.380243,2.748763,0.000288
17.944973,17.908226,39.956816,2460.883849,-1.335306,64.373132,7.444796,2.772899,-0.000758
17.958618,17.939369,39.869347,2457.046621,-1.369815,64.386833,7.513938,2.796691,-0.001430
17.973077,17.968917,39.780278,2453.178800,-1.400398,64.398531,7.583347,2.822499,-0.000403
17.987108,18.000099,39.688849,2449.277753,-1.431103,64.415156,7.654642,2.850462,-0.002591
18.001087,18.031371,39.597008,2445.343905,-1.457346,64.429009,7.732044,2.877010,-0.003176
18.015047,18.061382,39.501434,2441.375846,-1.483228,64.441542,7.811380,2.908466,-0.002663
18.027984,18.092281,39.408674,2437.368270,-1.506356,64.454571,7.891069,2.937123,-0.001455
18.042827,18.123556,39.312642,2433.319968,-1.525425,64.468249,7.970778,2.967719,-0.000608
18.058089,18.154194,39.214249,2429.231146,-1.541077,64.481070,8.052164,2.997796,-0.001211
18.070651,18.184626,39.118017,2425.099508,-1.553972,64.495298,8.135892,3.029516,-0.002140
18.084949,18.213728,39.018963,2420.924431,-1.563994,64.508743,8.220376,3.062389,-0.000199
18.099320,18.244203,38.920600,2416.704140,-1.570683,64.522998,8.306424,3.095513,0.000028
18.114971,18.276399,38.817593,2412.436631,-1.575656,64.533501,8.394530,3.128529,-0.000447
18.129277,18.308106,38.718651,2408.118986,-1.576545,64.546163,8.483633,3.160479,-0.000456
18.141057,18.338676,38.621182,2403.753224,-1.575459,64.560014,8.572930,3.193472,-0.000518
18.155146,18.369613,38.522921,2399.338565,-1.572152,64.573548,8.661004,3.226859,-0.001437
18.169658,18.399739,38.423323,2394.872973,-1.564717,64.588331,8.746816,3.260056,-0.001450
18.183129,18.431719,38.323832,2390.357489,-1.555182,64.601901,8.834587,3.291666,-0.000893
18.196022,18.462977,38.227823,2385.790084,-1.542474,64.616083,8.922205,3.324407,-0.000529
18.211121,18.494395,38.135215,2381.170080,-1.526643,64.627845,9.008079,3.354914,-0.001307
18.224325,18.525310,38.039500,2376.496819,-1.509023,64.642257,9.091682,3.387229,-0.000825
18.236906,18.555029,37.945282,2371.771027,-1.486339,64.654410,9.173734,3.417799,-0.002245
18.247425,18.587335,37.853036,2366.995342,-1.460486,64.667995,9.255131,3.448584,-0.003193
18.261113,18.617562,37.762801,2362.167456,-1.432513,64.681138,9.334427,3.478316,-0.002982
18.274097,18.645635,37.674506,2357.290012,-1.402983,64.693615,9.410124,3.507059,-0.001750
18.286764,18.674057,37.588485,2352.363666,-1.368725,64.707747,9.482405,3.532743,-0.002239
18.300986,18.703441,37.506945,2347.385637,-1.332047,64.722214,9.551654,3.557837,-0.001501
18.314113,18.732159,37.427731,2342.360718,-1.292548,64.733597,9.619368,3.584133,-0.001900
18.326394,18.761652,37.350576,2337.287414,-1.250891,64.748083,9.684723,3.608059,-0.002638
18.340307,18.792663,37.276508,2332.169946,-1.207595,64.761324,9.744677,3.629584,-0.002071
18.355824,18.822085,37.204750,2327.009489,-1.163047,64.775886,9.800474,3.649807,-0.001650
18.366713,18.852066,37.132735,2321.806814,-1.117876,64.790224,9.852568,3.671225,-0.001347
18.380896,18.881297,37.067043,2316.564136,-1.069107,64.804095,9.899717,3.688602,-0.001286
18.393297,18.909997,37.002722,2311.282592,-1.020398,64.816341,9.942973,3.703624,-0.001078
18.406631,18.940485,36.943003,2305.966478,-0.968047,64.830547,9.982101,3.718531,-0.000210
18.421129,18.970131,36.887172,2300.618435,-0.914982,64.842488,10.013918,3.730888,0.001183
18.434669,18.999909,36.834138,2295.238962,-0.861548,64.856927,10.043119,3.739745,0.001056
18.446875,19.028417,36.783206,2289.831757,-0.805776,64.871049,10.067025,3.748515,0.000408
18.458901,19.056528,36.736432,2284.397649,-0.751316,64.884742,10.086404,3.756112,0.000615
18.474301,19.086206,36.694140,2278.941255,-0.694536,64.897332,10.100053,3.762797,0.001625
18.487331,19.114215,36.654862,2273.464866,-0.639294,64.910851,10.108204,3.766967,0.003773
18.501603,19.144234,36.617878,2267.971392,-0.582888,64.924374,10.110579,3.767127,0.004165
18.514812,19.173433,36.584102,2262.462869,-0.527907,64.937457,10.108299,3.768206,0.003333
18.527861,19.202724,36.552345,2256.942663,-0.472073,64.951813,10.100856,3.764162,0.003067
18.541254,19.231445,36.526120,2251.414066,-0.415702,64.965521,10.088959,3.760408,0.003011
18.554017,19.260337,36.502582,2245.878463,-0.358659,64.978315,10.070549,3.753190,0.001360
18.568617,19.291917,36.483475,2240.340595,-0.307052,64.990710,10.049581,3.746213,0.003781
18.580861,19.319849,36.466841,2234.802040,-0.252564,65.002869,10.023646,3.735648,0.006026
18.592792,19.350262,36.453610,2229.265409,-0.200045,65.016553,9.991791,3.724470,0.005617
18.603859,19.378752,36.444748,2223.734717,-0.148200,65.029475,9.956392,3.709600,0.005036
18.615001,19.407159,36.437202,2218.214996,-0.098701,65.046283,9.916139,3.694505,0.003567
18.626806,19.433552,36.433913,2212.703908,-0.050668,65.060152,9.874039,3.679709,-0.000181
18.640764,19.460832,36.430328,2207.207067,-0.003122,65.073129,9.827782,3.663217,-0.000406
18.651469,19.489738,36.430250,2201.725811,0.039322,65.088264,9.778150,3.644236,-0.001178
18.664434,19.518973,36.433630,2196.261454,0.081313,65.100949,9.727156,3.624221,-0.001533
18.676209,19.545802,36.440158,2190.818730,0.121363,65.112741,9.671510,3.602630,-0.002553
18.689386,19.574787,36.446635,2185.396197,0.156712,65.126094,9.613063,3.579721,-0.002703
18.702454,19.602485,36.454076,2179.998815,0.191063,65.139635,9.553522,3.557894,-0.004010
18.716211,19.627033,36.466728,2174.625422,0.223557,65.152124,9.490752,3.532364,-0.004968
18.728293,19.655013,36.481793,2169.282985,0.254051,65.166171,9.425961,3.509074,-0.003347
18.739906,19.685667,36.498974,2163.968377,0.281473,65.178573,9.360335,3.483504,-0.004074
18.750534,19.711592,36.516062,2158.686076,0.307116,65.190909,9.290485,3.458472,-0.004342
18.762059,19.739933,36.534345,2153.433932,0.327840,65.203041,9.222414,3.432515,-0.003552
18.773079,19.766691,36.552645,2148.219734,0.346603,65.216946,9.152145,3.407852,-0.002404
18.786349,19.794169,36.574981,2143.035579,0.362629,65.230550,9.083129,3.383796,-0.003039
18.797489,19.821351,36.594931,2137.885503,0.377045,65.243920,9.013425,3.359343,-0.002673
18.809436,19.846725,36.616752,2132.772696,0.387087,65.255099,8.944766,3.334109,-0.002169
18.821401,19.874779,36.638139,2127.696725,0.393985,65.267773,8.873437,3.307847,-0.000873
18.834264,19.902357,36.660814,2122.660167,0.398715,65.280315,8.804157,3.281962,-0.000799
18.845461,19.929302,36.681817,2117.659696,0.399426,65.293482,8.736526,3.255804,-0.000582
18.859619,19.957818,36.705898,2112.694934,0.396459,65.307164,8.666811,3.228589,-0.001815
18.870264,19.986640,36.726611,2107.772047,0.391163,65.320868,8.600179,3.204800,0.000380
18.882980,20.014037,36.748065,2102.887772,0.382006,65.334232,8.534408,3.179252,0.001566
18.894625,20.041496,36.768433,2098.037665,0.371796,65.344392,8.469996,3.155869,0.000354
18.904521,20.068235,36.788258,2093.229577,0.360251,65.357799,8.404972,3.134164,0.001887
18.916801,20.096814,36.806479,2088.459823,0.344721,65.371324,8.344968,3.110535,0.001704
18.929356,20.123374,36.825603,2083.728689,0.325399,65.382578,8.285674,3.087741,0.001543
18.940166,20.150197,36.841411,2079.033907,0.304849,65.394398,8.228807,3.066852,0.002739
18.952044,20.178277,36.855240,2074.376617,0.281059,65.406004,8.173424,3.046192,0.002824
18.964524,20.205090,36.870500,2069.754383,0.253443,65.416690,8.119958,3.025239,0.002162
18.975692,20.230781,36.884252,2065.167945,0.226073,65.427797,8.068538,3.006188,0.000513
18.987229,20.258365,36.895742,2060.615795,0.194094,65.441669,8.020259,2.989142,-0.000030
18.998441,20.281606,36.907635,2056.099017,0.159952,65.454089,7.974887,2.972195,0.000908
19.008944,20.308979,36.916704,2051.617872,0.125670,65.466073,7.931776,2.955480,0.000559
19.020945,20.335748,36.924034,2047.168386,0.087895,65.477049,7.890446,2.940298,-0.000576
19.034208,20.362140,36.928129,2042.750432,0.050112,65.490548,7.851905,2.926333,0.001750
19.045359,20.388363,36.928503,2038.364142,0.009952,65.503372,7.815744,2.913028,0.002048
19.056684,20.414476,36.928895,2034.006660,-0.032475,65.516333,7.782238,2.900590,0.001035
19.066393,20.442693,36.926361,2029.679906,-0.074399,65.526799,7.752448,2.889673,0.000703
19.077416,20.468325,36.922318,2025.379656,-0.119342,65.539880,7.724333,2.879565,0.002262
19.088512,20.493851,36.914576,2021.105048,-0.166710,65.549989,7.700058,2.871493,0.002164
19.099884,20.519834,36.904762,2016.855018,-0.213353,65.564688,7.677072,2.864712,0.003720
19.112214,20.546165,36.890849,2012.627961,-0.262420,65.577309,7.657011,2.858327,0.001437
19.123614,20.572826,36.874396,2008.422819,-0.312685,65.588713,7.641549,2.853156,0.000312
19.135620,20.599350,36.853832,2004.239961,-0.362520,65.601565,7.628839,2.848004,-0.000155
19.146893,20.626329,36.834962,2000.074424,-0.413551,65.615794,7.617824,2.845662,-0.000064
19.157626,20.650928,36.812942,1995.926829,-0.465490,65.628139,7.612083,2.842473,-0.000840
19.170562,20.676926,36.786524,1991.797410,-0.518327,65.641688,7.607699,2.840493,-0.000061
19.182695,20.701878,36.758245,1987.680517,-0.572671,65.654541,7.607117,2.840917,-0.000171
19.193432,20.726529,36.727286,1983.579188,-0.625891,65.666772,7.610772,2.841647,0.000174
19.202356,20.752975,36.692902,1979.487691,-0.680505,65.678190,7.614398,2.842585,0.000034
19.213865,20.779750,36.657305,1975.406332,-0.733657,65.690690,7.622382,2.845280,0.000410
19.224531,20.805152,36.619149,1971.331283,-0.785126,65.704412,7.632881,2.852080,0.000925
19.234791,20.831675,36.579090,1967.265427,-0.836694,65.717583,7.647083,2.856566,0.000024
19.245062,20.856676,36.534891,1963.205777,-0.889428,65.730985,7.663194,2.862519,0.000670
19.255129,20.882644,36.486626,1959.146927,-0.941065,65.745346,7.683830,2.869613,0.001365
19.265217,20.908374,36.437329,1955.092568,-0.992278,65.758805,7.705254,2.877756,0.001479
19.276991,20.936680,36.384977,1951.036835,-1.044192,65.770117,7.731518,2.887399,0.001372
19.286643,20.960369,36.329122,1946.979756,-1.093328,65.783759,7.759498,2.897407,0.000660
19.297667,20.983878,36.271165,1942.920203,-1.142495,65.797170,7.788783,2.907398,0.000382
19.305859,21.008660,36.210666,1938.854572,-1.189648,65.809581,7.821746,2.920068,0.000546
19.314622,21.032894,36.150068,1934.782446,-1.235722,65.822081,7.857393,2.934164,0.002014
19.324722,21.058512,36.086969,1930.698882,-1.278977,65.834691,7.894271,2.948920,0.001778
19.336744,21.084185,36.021501,1926.604757,-1.323118,65.846420,7.933434,2.963023,0.001523
19.347343,21.109178,35.954285,1922.499192,-1.364685,65.857060,7.975413,2.978669,0.001617
19.357380,21.133998,35.885178,1918.382117,-1.405722,65.870526,8.018383,2.991794,0.002000
19.368037,21.158283,35.812478,1914.249215,-1.442968,65.882218,8.064320,3.008842,0.002531
19.377046,21.182106,35.738429,1910.095726,-1.479540,65.894560,8.112752,3.027166,0.000717
19.389420,21.206236,35.664079,1905.926726,-1.511138,65.907220,8.163756,3.043877,0.000522
19.401107,21.230559,35.587461,1901.737832,-1.543334,65.919900,8.217060,3.064389,-0.001763
19.413186,21.255049,35.508985,1897.527681,-1.574392,65.933462,8.270154,3.082654,-0.001105
19.421519,21.277982,35.431158,1893.293197,-1.601265,65.945787,8.325141,3.104354,-0.001558
19.431680,21.303134,35.349560,1889.035116,-1.627157,65.959893,8.380235,3.124695,-0.003042
19.441073,21.329425,35.267741,1884.752681,-1.649126,65.972328,8.438689,3.146828,-0.000157
19.452184,21.352134,35.186022,1880.442711,-1.670129,65.984575,8.497231,3.167908,-0.000103
19.462256,21.376976,35.102980,1876.104018,-1.689634,65.998007,8.558133,3.190227,-0.000481
19.471645,21.402194,35.019056,1871.735583,-1.704640,66.010581,8.617786,3.213645,0.000495
19.482645,21.427971,34.937092,1867.337422,-1.719278,66.022420,8.679117,3.236499,0.001949
19.492950,21.450786,34.852481,1862.907910,-1.731659,66.034951,8.741353,3.259061,0.002949
19.502150,21.475065,34.767658,1858.445592,-1.740199,66.047962,8.802895,3.281950,0.002744
19.511691,21.498104,34.684551,1853.948604,-1.743529,66.059773,8.867230,3.305260,0.001274
19.520683,21.520456,34.601394,1849.419412,-1.745944,66.070628,8.929004,3.328586,0.000883
19.533115,21.544509,34.517746,1844.852998,-1.743182,66.083011,8.991867,3.351212,0.001219
19.542574,21.567254,34.435210,1840.254729,-1.740529,66.094247,9.052919,3.374721,-0.000348
19.553554,21.590590,34.352636,1835.620152,-1.734099,66.106658,9.114427,3.396536,-0.000020
19.562904,21.614677,34.270543,1830.949161,-1.723813,66.119138,9.174174,3.418920,0.001256
19.574223,21.638280,34.187846,1826.243406,-1.712478,66.131970,9.233036,3.440583,0.000449
19.583416,21.662050,34.107069,1821.500586,-1.699245,66.143290,9.292294,3.462602,0.000326
19.591990,21.686803,34.026794,1816.722920,-1.681589,66.156404,9.350041,3.483137,-0.000807
19.601323,21.712718,33.946379,1811.908354,-1.662460,66.167803,9.405230,3.503572,-0.000266
19.610001,21.736921,33.869264,1807.062157,-1.639751,66.180113,9.459074,3.523465,-0.000373
19.619719,21.760166,33.792797,1802.177746,-1.617008,66.194869,9.510173,3.542145,-0.001308
19.629901,21.782727,33.716782,1797.259865,-1.591462,66.205169,9.560555,3.559564,-0.001686
19.641960,21.807213,33.643488,1792.307877,-1.561237,66.216533,9.606638,3.578279,0.000184
19.651214,21.831589,33.569936,1787.323839,-1.530552,66.230401,9.650264,3.596182,-0.000552
19.661360,21.852522,33.497291,1782.308030,-1.499321,66.243414,9.691309,3.611589,-0.002056
19.671098,21.874490,33.428104,1777.259482,-1.466494,66.258422,9.728930,3.626292,0.000003
19.682910,21.899131,33.360133,1772.180404,-1.431323,66.268621,9.763593,3.638178,-0.000753
19.692632,21.922986,33.295521,1767.073775,-1.394571,66.280202,9.796881,3.649935,0.000725
19.700714,21.946519,33.232700,1761.939288,-1.354183,66.293637,9.827546,3.659834,0.001244
19.710580,21.970431,33.171578,1756.777889,-1.313179,66.304106,9.853812,3.670223,0.001628
19.721201,21.992603,33.112370,1751.590949,-1.270955,66.315307,9.879622,3.680031,0.000309
19.730806,22.016471,33.055701,1746.381925,-1.227883,66.328005,9.900251,3.687000,0.000440
19.740843,22.041014,33.001345,1741.151069,-1.183719,66.341142,9.918418,3.694180,0.001370
19.749283,22.063615,32.948714,1735.900716,-1.139508,66.351895,9.932523,3.699857,0.000771
19.758421,22.086881,32.897472,1730.630791,-1.093175,66.363594,9.943500,3.702901,0.000296
19.769354,22.109442,32.847257,1725.345553,-1.048661,66.374785,9.949656,3.704577,0.001500
19.776584,22.130835,32.800942,1720.046340,-1.004846,66.385990,9.953157,3.704855,0.002127
19.784758,22.153210,32.755860,1714.732873,-0.960834,66.400323,9.953156,3.705136,0.002933
19.794754,22.174776,32.714406,1709.411208,-0.915076,66.412350,9.949757,3.705337,0.002790
19.802479,22.195305,32.673793,1704.081240,-0.868839,66.423536,9.942287,3.704496,0.002182
19.813145,22.216676,32.635361,1698.742785,-0.822575,66.437135,9.933312,3.701163,0.000312
19.820832,22.235181,32.600827,1693.399459,-0.779682,66.448320,9.918861,3.694789,-0.000196
19.832057,22.256681,32.566416,1688.053407,-0.737257,66.458846,9.902766,3.689227,-0.001530
19.840458,22.279834,32.537837,1682.705293,-0.695484,66.470297,9.884042,3.679713,-0.000458
19.849155,22.301385,32.507306,1677.358862,-0.654085,66.481259,9.862941,3.671995,-0.000701
19.857487,22.323055,32.479862,1672.015579,-0.614149,66.491853,9.837682,3.663262,-0.000695
19.866454,22.347231,32.454498,1666.677195,-0.575462,66.502699,9.810550,3.653846,0.000686
19.873637,22.368146,32.430561,1661.345467,-0.536306,66.515536,9.781816,3.642950,0.000220
19.882559,22.388818,32.408131,1656.021567,-0.500754,66.527628,9.748952,3.631263,-0.000390
19.891171,22.409625,32.387982,1650.706078,-0.466441,66.540461,9.714628,3.617728,0.000029
19.900169,22.431019,32.367673,1645.402903,-0.435171,66.552461,9.679686,3.603558,-0.000888
19.910042,22.452810,32.351373,1640.111195,-0.405061,66.565292,9.641574,3.589097,0.000092
19.918105,22.474005,32.334280,1634.833082,-0.377510,66.576179,9.601460,3.575639,0.001451
19.927249,22.498189,32.319104,1629.570489,-0.351421,66.585366,9.560523,3.560460,0.000751
19.934719,22.519613,32.303294,1624.326184,-0.326517,66.595623,9.520135,3.545080,0.001101
19.942551,22.542161,32.288235,1619.100197,-0.306448,66.607836,9.478130,3.530319,0.002723
19.952002,22.562596,32.275992,1613.892703,-0.287079,66.619024,9.432308,3.513358,0.002655
19.957306,22.584073,32.263250,1608.705603,-0.272136,66.629717,9.388543,3.495766,0.003025
19.967578,22.606506,32.251016,1603.539454,-0.260312,66.640606,9.345043,3.478850,0.002244
19.975241,22.628859,32.240709,1598.397845,-0.249668,66.652975,9.300224,3.462466,0.002110
19.982929,22.648317,32.229819,1593.279569,-0.241044,66.663176,9.253701,3.445258,0.002581
19.990743,22.667874,32.219596,1588.183910,-0.235022,66.674083,9.206157,3.429226,0.000132
20.000792,22.688633,32.210880,1583.111328,-0.231970,66.686645,9.160760,3.413031,0.001306
20.008172,22.710332,32.200506,1578.066689,-0.234607,66.697167,9.114425,3.395106,0.001231
20.016176,22.729903,32.192054,1573.048317,-0.239727,66.707129,9.069572,3.378180,-0.000807
20.024538,22.751646,32.182561,1568.055303,-0.243606,66.720673,9.026413,3.362064,-0.002835
20.033017,22.773850,32.172621,1563.089537,-0.252942,66.733200,8.981387,3.344720,-0.002073
20.041437,22.794534,32.161472,1558.149054,-0.261385,66.745750,8.937672,3.328327,-0.003829
20.051337,22.814127,32.149697,1553.237007,-0.273761,66.758148,8.894543,3.312423,-0.002476
20.060983,22.835673,32.138890,1548.352426,-0.289730,66.769482,8.850756,3.295808,-0.002925
20.068829,22.857151,32.126857,1543.496410,-0.306222,66.781452,8.810031,3.279090,-0.002979
20.077938,22.876766,32.115445,1538.666003,-0.327681,66.792817,8.770735,3.265594,-0.002919
20.085970,22.897736,32.100155,1533.862361,-0.351808,66.806121,8.733099,3.252786,-0.003498
20.095107,22.916691,32.087252,1529.086488,-0.377216,66.817183,8.696978,3.239399,-0.004138
20.102688,22.936271,32.072093,1524.335673,-0.404827,66.826092,8.661010,3.227221,-0.004833
20.112455,22.957211,32.053989,1519.613232,-0.435056,66.837961,8.629019,3.213784,-0.003814
20.119908,22.978281,32.035845,1514.916657,-0.467884,66.849027,8.597861,3.201974,-0.003473
20.126249,22.998290,32.017347,1510.245631,-0.501472,66.859889,8.567825,3.191716,-0.004190
20.132903,23.017253,31.996750,1505.599975,-0.536891,66.869514,8.539036,3.179437,-0.006513
20.142832,23.037701,31.976090,1500.977050,-0.574275,66.881064,8.511743,3.169135,-0.005655
20.151842,23.057586,31.951399,1496.379833,-0.612796,66.891008,8.487955,3.161281,-0.004318
20.159213,23.076612,31.925685,1491.806196,-0.654759,66.901544,8.465452,3.153504,-0.002886
20.168208,23.097197,31.900279,1487.255536,-0.696776,66.912631,8.443302,3.146390,-0.003302
20.173432,23.117455,31.872135,1482.724594,-0.739981,66.923988,8.426536,3.138780,-0.001620
20.180823,23.136051,31.843153,1478.217464,-0.784645,66.936929,8.408486,3.132375,-0.001344
20.189787,23.155822,31.812776,1473.727773,-0.830688,66.946878,8.394413,3.126920,-0.001305
20.198322,23.174535,31.778024,1469.256344,-0.878477,66.958235,8.381502,3.121120,0.001302
20.204540,23.193833,31.745559,1464.806695,-0.924447,66.969061,8.372097,3.118310,0.000522
20.211346,23.213592,31.710988,1460.372325,-0.973263,66.979956,8.364111,3.114243,0.002299
20.219684,23.231945,31.671795,1455.954622,-1.023939,66.993291,8.357284,3.112360,0.002096
20.227171,23.249014,31.631388,1451.553718,-1.075427,67.004481,8.354705,3.110344,0.001873
20.234384,23.270636,31.588392,1447.166879,-1.125999,67.014034,8.354077,3.109336,0.001876
20.242217,23.288703,31.545788,1442.793806,-1.176592,67.026814,8.352240,3.109614,0.001570
20.251032,23.308372,31.500519,1438.433325,-1.227881,67.037893,8.355656,3.110399,-0.000522
20.257939,23.326389,31.452669,1434.082842,-1.279970,67.048437,8.361086,3.111608,-0.000878
20.265373,23.343242,31.403359,1429.742849,-1.333922,67.058267,8.367108,3.114567,-0.001573
20.272046,23.362125,31.354597,1425.410185,-1.385146,67.069213,8.375238,3.117051,-0.001060
20.278781,23.383086,31.302567,1421.085193,-1.436081,67.079171,8.387696,3.121853,-0.000418
20.285966,23.403048,31.249257,1416.766118,-1.487002,67.089538,8.401906,3.126525,-0.000288
20.292581,23.419549,31.194839,1412.453023,-1.535717,67.099926,8.416957,3.132591,0.001394
20.301739,23.436626,31.135917,1408.142488,-1.584037,67.110510,8.435352,3.139993,0.000226
20.309047,23.454859,31.076414,1403.836263,-1.632068,67.122814,8.451083,3.147218,-0.000102
20.314429,23.470725,31.016256,1399.530701,-1.679017,67.135648,8.470225,3.155218,-0.000876
20.320887,23.488987,30.954193,1395.223423,-1.726837,67.146744,8.492255,3.162838,-0.001107
20.329012,23.507095,30.891542,1390.915924,-1.772439,67.157713,8.513403,3.172550,-0.001215
20.337785,23.525124,30.825883,1386.607814,-1.816400,67.168677,8.539339,3.181236,-0.000803
20.345794,23.546191,30.757812,1382.296354,-1.858954,67.179824,8.563729,3.190517,0.000182
20.352276,23.564510,30.689395,1377.978282,-1.899006,67.189117,8.591519,3.202530,-0.000566
20.361174,23.584089,30.621041,1373.658349,-1.938153,67.200298,8.620151,3.212972,-0.001269
20.368339,23.602247,30.550818,1369.329752,-1.978389,67.212607,8.653232,3.225658,-0.000919
20.374806,23.620847,30.479739,1364.992807,-2.013317,67.222354,8.684838,3.237021,0.000743
20.380950,23.640263,30.407186,1360.644943,-2.050302,67.234766,8.718917,3.249724,0.001235
20.388422,23.658376,30.334840,1356.287186,-2.084191,67.245400,8.753986,3.263016,-0.000022
20.394952,23.675364,30.260473,1351.918777,-2.114300,67.255259,8.790028,3.277913,0.000729
20.402525,23.692463,30.185949,1347.537470,-2.145310,67.265170,8.827523,3.291037,0.001195
20.409367,23.710866,30.110396,1343.144278,-2.171383,67.275286,8.864358,3.304093,0.001154
20.414680,23.728415,30.033666,1338.736708,-2.195791,67.286000,8.903984,3.318791,0.001651
20.422743,23.745816,29.956579,1334.313322,-2.220074,67.297039,8.940919,3.332115,0.002506
20.428848,23.763596,29.876121,1329.876417,-2.241340,67.307066,8.978658,3.344526,0.005471
20.434723,23.781212,29.797360,1325.421739,-2.260844,67.317121,9.017645,3.359703,0.004539
20.441352,23.798079,29.717808,1320.948956,-2.275063,67.328337,9.055484,3.373201,0.005564
20.447910,23.814895,29.638463,1316.458938,-2.290058,67.337067,9.094309,3.386932,0.004611
20.455313,23.832592,29.559359,1311.951152,-2.299666,67.348791,9.134225,3.400766,0.005033
20.461923,23.848761,29.480027,1307.425319,-2.308479,67.360388,9.172584,3.415103,0.001841
20.469752,23.867474,29.402269,1302.877159,-2.314648,67.371037,9.209368,3.428399,0.001031
20.477269,23.887613,29.324828,1298.311368,-2.318600,67.381228,9.246642,3.442574,0.000592
20.482699,23.905759,29.247061,1293.725611,-2.320034,67.394670,9.283008,3.457483,0.000812
20.489017,23.919925,29.168446,1289.117318,-2.320794,67.404249,9.319491,3.469842,0.000884
20.495386,23.938583,29.089812,1284.490183,-2.318113,67.412215,9.355233,3.481729,0.000234
20.503271,23.955400,29.011356,1279.843233,-2.313990,67.420959,9.389847,3.495339,-0.000235
20.510366,23.972143,28.934337,1275.176328,-2.308172,67.430701,9.423381,3.508893,-0.001752
20.515623,23.988308,28.857119,1270.488917,-2.301413,67.440900,9.455884,3.519729,-0.001633
20.521953,24.005282,28.778976,1265.781211,-2.288554,67.451641,9.488863,3.530899,-0.000934
20.527469,24.022122,28.703051,1261.052797,-2.274607,67.461461,9.518245,3.542697,0.000325
20.534610,24.039618,28.627163,1256.304168,-2.259749,67.470893,9.545518,3.552748,0.000957
20.541918,24.055701,28.553097,1251.539099,-2.243778,67.481244,9.573059,3.563742,0.001866
20.549295,24.071692,28.479950,1246.752166,-2.226709,67.491816,9.598132,3.572200,0.000316
20.556406,24.088029,28.408391,1241.947262,-2.205989,67.503001,9.621874,3.579135,0.001655
20.562502,24.103518,28.336608,1237.125988,-2.183910,67.514177,9.642958,3.586825,0.002341
20.569142,24.120547,28.266650,1232.286664,-2.162842,67.525348,9.665339,3.593584,0.000563
20.575159,24.135353,28.197541,1227.431587,-2.138369,67.534758,9.681277,3.600543,0.000358
20.583536,24.151486,28.131463,1222.561799,-2.115418,67.543464,9.696305,3.606821,0.001700
20.589175,24.171207,28.065569,1217.675903,-2.090930,67.555505,9.709211,3.613114,0.000676
20.597040,24.187220,28.000750,1212.774436,-2.063699,67.565715,9.721146,3.618468,0.000843
20.604655,24.202834,27.934551,1207.861381,-2.037288,67.577230,9.730678,3.624458,-0.000661
20.609422,24.217660,27.870355,1202.935695,-2.011020,67.585429,9.738640,3.628798,-0.001947
20.616873,24.232987,27.805835,1198.001026,-1.982396,67.594732,9.743243,3.630663,-0.001307
20.623571,24.248531,27.745098,1193.057302,-1.954186,67.605589,9.746537,3.631290,-0.002290
20.628314,24.263857,27.684643,1188.103031,-1.924470,67.616095,9.749181,3.631838,-0.001390
20.635715,24.279230,27.624897,1183.141715,-1.894998,67.626759,9.748760,3.630948,0.000179
20.640061,24.294856,27.565487,1178.174709,-1.867862,67.637750,9.746562,3.627801,0.000444
20.644302,24.308988,27.508137,1173.203872,-1.840644,67.648126,9.741081,3.625114,0.001839
20.651777,24.324539,27.453959,1168.226576,-1.812210,67.658226,9.736874,3.621984,0.003118
20.654584,24.340365,27.399839,1163.246417,-1.784890,67.667966,9.729346,3.619226,0.002469
20.660581,24.357104,27.345900,1158.263834,-1.759711,67.678973,9.720137,3.618178,0.003309
20.664899,24.372141,27.293703,1153.281093,-1.734385,67.688834,9.707476,3.616647,0.002376
20.670662,24.388895,27.241935,1148.298887,-1.708634,67.699484,9.693690,3.611183,0.001121
20.676778,24.402954,27.190707,1143.318516,-1.687213,67.708987,9.679949,3.604960,0.002555
20.682668,24.417982,27.139993,1138.342412,-1.666597,67.718297,9.663393,3.598617,0.000974
20.688148,24.432598,27.090268,1133.369672,-1.647030,67.728280,9.644832,3.590852,0.000278
20.695064,24.447518,27.042019,1128.401277,-1.629007,67.736717,9.624712,3.582560,0.000059
20.699868,24.461780,26.992866,1123.438541,-1.610657,67.747805,9.605116,3.575758,-0.000658
20.705113,24.475429,26.946567,1118.484462,-1.594822,67.756943,9.584037,3.566082,-0.001982
20.711675,24.490774,26.900347,1113.538576,-1.582043,67.766475,9.561446,3.557782,-0.000483
20.718937,24.505942,26.853978,1108.602991,-1.570312,67.777132,9.538604,3.549222,0.001200
20.724113,24.520141,26.810073,1103.679736,-1.560792,67.785782,9.515662,3.541286,-0.000234
20.728239,24.535910,26.764330,1098.765133,-1.553812,67.795933,9.489936,3.533911,-0.000668
20.734951,24.552091,26.720871,1093.863948,-1.549805,67.804563,9.464761,3.524820,-0.001245
20.740690,24.565879,26.676203,1088.974575,-1.545988,67.814538,9.440223,3.514856,-0.001065
20.746170,24.581167,26.631415,1084.101004,-1.543111,67.826686,9.414982,3.504865,-0.000274
20.751181,24.595817,26.586993,1079.240676,-1.543814,67.836446,9.387838,3.493877,-0.001596
20.758854,24.610774,26.542973,1074.395545,-1.546820,67.845049,9.361177,3.485677,-0.002290
20.763161,24.624593,26.499506,1069.566779,-1.553433,67.854641,9.334151,3.475088,-0.003277
20.768962,24.636884,26.456089,1064.755809,-1.562652,67.864346,9.308252,3.464406,-0.004361
20.774985,24.649615,26.412531,1059.963143,-1.572997,67.873190,9.280786,3.453777,-0.003685
20.779186,24.663174,26.367363,1055.187116,-1.584961,67.883158,9.255660,3.443826,-0.003070
20.782703,24.677613,26.324502,1050.430432,-1.600056,67.893577,9.228423,3.433328,-0.001961
20.788000,24.691911,26.280303,1045.693919,-1.617566,67.904238,9.202413,3.423752,-0.003861
20.792946,24.705494,26.235830,1040.976496,-1.638279,67.913832,9.178437,3.415437,-0.002902
20.800309,24.721298,26.190784,1036.277914,-1.660936,67.922949,9.154304,3.405679,-0.003323
20.807463,24.733819,26.145312,1031.599545,-1.687340,67.933653,9.129452,3.397189,-0.003672
20.813007,24.747864,26.101267,1026.942034,-1.714492,67.944076,9.105074,3.387929,-0.002657
20.818894,24.760593,26.054453,1022.303559,-1.743467,67.954515,9.082216,3.378694,-0.001180
20.824375,24.773914,26.007497,1017.683710,-1.775311,67.964519,9.060454,3.370670,-0.003243
20.828752,24.786337,25.960858,1013.084122,-1.808426,67.974190,9.038147,3.361965,-0.002092
20.834414,24.799402,25.913031,1008.506569,-1.845586,67.982202,9.017710,3.352674,-0.001063
20.839120,24.814112,25.862881,1003.950288,-1.882711,67.991459,8.998195,3.346577,-0.002711
20.843910,24.829506,25.812453,999.412954,-1.923227,68.001175,8.979644,3.339325,-0.002739
0.051293,0.049058,50.071913,5193.666868,-0.448260,45.002891,7.996652,2.973458,-0.000723
0.099551,0.099697,50.014096,5189.291222,-0.397264,45.001545,8.046360,2.992219,-0.000527
0.149407,0.148571,49.961902,5184.876680,-0.347430,45.001815,8.090575,3.007936,0.001556
0.197097,0.198008,49.917022,5180.426754,-0.294150,45.001018,8.126100,3.020804,0.001095
0.244355,0.248001,49.879445,5175.944854,-0.240383,45.000213,8.154161,3.032586,0.000451
0.291823,0.295300,49.850835,5171.437510,-0.186616,45.002099,8.175636,3.039024,-0.000475
0.340358,0.345150,49.828088,5166.909510,-0.134348,45.002266,8.185658,3.044962,-0.001056
0.389584,0.393470,49.815330,5162.363031,-0.081271,45.000528,8.188969,3.046234,-0.001778
0.439803,0.440745,49.806812,5157.804261,-0.029396,45.001602,8.181146,3.044241,-0.001633
0.488546,0.490362,49.806211,5153.234573,0.024804,45.003940,8.165629,3.038739,-0.001003
0.535350,0.539049,49.814750,5148.663165,0.078119,45.005821,8.142346,3.031713,-0.003052
0.584868,0.588261,49.828319,5144.093962,0.131045,45.007773,8.112351,3.019986,-0.004102
0.635078,0.637583,49.851767,5139.531185,0.183435,45.007232,8.075126,3.007389,-0.003615
0.684021,0.684262,49.879608,5134.978032,0.233380,45.008145,8.029017,2.988539,-0.004211
0.732407,0.731353,49.913876,5130.442721,0.279859,45.010182,7.973533,2.971295,-0.004937
0.779751,0.779021,49.955844,5125.923845,0.328947,45.011652,7.915259,2.948522,-0.003429
0.828011,0.827596,50.002554,5121.427028,0.375563,45.010808,7.850316,2.924742,-0.003420
0.878331,0.874989,50.055212,5116.957406,0.423442,45.011004,7.777450,2.896781,-0.003773
0.929665,0.923057,50.116769,5112.519948,0.467844,45.011501,7.699118,2.867875,-0.000673
0.977730,0.970295,50.182345,5108.115995,0.511791,45.012575,7.614031,2.837774,-0.001264
1.024293,1.020059,50.253329,5103.749388,0.553061,45.013669,7.525629,2.803982,-0.001686
1.073480,1.068533,50.327544,5099.428326,0.557233,45.103134,7.434037,2.770537,43.997477
1.122030,1.116818,50.402150,5095.155591,0.562582,45.190734,7.344531,2.736813,43.996214
1.170168,1.165500,50.476798,5090.934710,0.564115,45.275608,7.254884,2.703719,43.995381
1.217109,1.213941,50.552599,5086.760554,0.566564,45.360172,7.166051,2.671358,43.995355
1.265418,1.265439,50.628641,5082.635223,0.566016,45.446488,7.079230,2.638949,43.996407
1.313224,1.313344,50.703477,5078.558417,0.566859,45.528827,6.995065,2.606336,43.994497
1.361075,1.363475,50.778808,5074.530242,0.565345,45.612716,6.911278,2.575544,43.994129
1.408416,1.412192,50.851815,5070.547681,0.562556,45.696846,6.828655,2.544901,43.995011
1.456679,1.461621,50.927423,5066.612981,0.560822,45.780217,6.747049,2.514432,43.995395
1.504400,1.509266,51.000413,5062.724855,0.554448,45.861957,6.668211,2.483086,43.994314
1.550935,1.558705,51.073227,5058.881245,0.547397,45.941268,6.589705,2.454692,43.996154
1.598930,1.605425,51.146307,5055.084726,0.538836,46.020709,6.514322,2.425778,43.995332
1.645534,1.654859,51.215930,5051.328793,0.530184,46.097792,6.440094,2.398422,43.996351
1.689430,1.703873,51.284761,5047.618290,0.522023,46.175434,6.368415,2.374496,43.995969
1.735809,1.753142,51.353187,5043.947294,0.510840,46.251852,6.298431,2.346785,43.997309
1.782000,1.801589,51.420312,5040.321627,0.498092,46.329021,6.230511,2.321038,43.997004
1.828817,1.852401,51.484009,5036.733596,0.485730,46.403316,6.166576,2.296205,43.999034
1.875420,1.900394,51.546026,5033.185041,0.473272,46.478339,6.102976,2.272743,43.999825
1.920500,1.948709,51.608782,5029.673154,0.458935,46.551697,6.042908,2.249757,44.000563
1.967094,1.997839,51.668331,5026.199400,0.442135,46.624983,5.983571,2.226732,44.000340
2.012574,2.046431,51.724973,5022.762982,0.426269,46.697629,5.926534,2.205373,43.999683
2.059236,2.094404,51.780046,5019.361597,0.409058,46.766916,5.874651,2.187191,43.999397
2.105434,2.142476,51.831806,5015.991533,0.392787,46.839195,5.825163,2.169893,43.998925
2.152095,2.192064,51.883230,5012.653577,0.375910,46.910778,5.776500,2.151571,43.999206
2.197510,2.241563,51.930256,5009.348238,0.356754,46.980528,5.730489,2.132516,43.999156
2.245011,2.291249,51.975561,5006.071083,0.336688,47.052584,5.685872,2.116404,43.997785
2.291462,2.338121,52.016476,5002.823352,0.317434,47.124177,5.645034,2.100281,43.999179
2.335892,2.387811,52.056980,4999.603949,0.296953,47.192726,5.606017,2.086084,43.998342
2.381797,2.437598,52.093608,4996.410894,0.274416,47.261467,5.568654,2.072427,43.999695
2.426993,2.485644,52.129165,4993.244690,0.254152,47.327949,5.534513,2.059728,44.001130
2.470541,2.535356,52.159697,4990.100221,0.233526,47.395955,5.502912,2.048522,43.999646
2.516319,2.583411,52.190588,4986.979329,0.210629,47.463420,5.474174,2.038956,44.001524
2.562000,2.631515,52.216745,4983.879496,0.188403,47.531146,5.447344,2.028624,44.002706
2.607537,2.680266,52.239739,4980.799129,0.165670,47.600325,5.423060,2.020001,44.001465
2.653234,2.729766,52.259890,4977.738009,0.142595,47.666541,5.402764,2.010792,44.000895
2.697826,2.778850,52.275160,4974.693789,0.118263,47.734915,5.382501,2.002382,43.999857
2.742849,2.828262,52.289630,4971.666678,0.091091,47.802673,5.365188,1.994721,43.998848
2.785744,2.877748,52.299498,4968.655589,0.066354,47.868571,5.349737,1.988518,43.998420
2.829797,2.927976,52.308504,4965.657083,0.041561,47.938111,5.336986,1.982635,43.999746
2.874745,2.977042,52.312265,4962.671646,0.017225,48.005867,5.328136,1.979689,43.999544
2.921175,3.026898,52.313642,4959.695602,-0.007363,48.072440,5.319606,1.977237,43.999533
2.965508,3.076547,52.312099,4956.730492,-0.033935,48.139211,5.314170,1.976859,43.997735
3.007748,3.125592,52.303782,4953.772485,-0.058805,48.205302,5.312082,1.976975,43.997989
3.052251,3.174568,52.295136,4950.821176,-0.083894,48.274109,5.312047,1.976711,43.997329
3.096904,3.224158,52.283157,4947.874353,-0.109403,48.341163,5.315826,1.978426,43.996591
3.141191,3.274250,52.268006,4944.933845,-0.135412,48.407458,5.322029,1.981304,43.996821
3.184984,3.324937,52.246915,4941.994207,-0.160334,48.475121,5.331820,1.984189,43.997705
3.227380,3.375241,52.224790,4939.056359,-0.185499,48.543612,5.342015,1.988701,43.998530
3.271008,3.423316,52.197151,4936.116525,-0.210598,48.610480,5.355400,1.991697,44.000162
3.316131,3.471184,52.168468,4933.178613,-0.236222,48.678063,5.370540,1.997480,44.000078
3.357453,3.520789,52.136283,4930.235250,-0.261397,48.745853,5.387445,2.004609,43.998721
3.400767,3.569351,52.100742,4927.287877,-0.286971,48.817234,5.409559,2.012683,43.998292
3.443788,3.616728,52.061948,4924.337132,-0.311748,48.885085,5.432937,2.020823,43.999177
3.486974,3.667505,52.019047,4921.375490,-0.337222,48.956129,5.458781,2.032116,43.999488
3.528822,3.718134,51.972455,4918.406122,-0.362597,49.025463,5.487094,2.042146,44.000888
3.572467,3.768980,51.923017,4915.427056,-0.386963,49.096294,5.516961,2.053475,44.001035
3.613696,3.818745,51.873130,4912.436975,-0.409769,49.168379,5.550152,2.066573,44.001968
3.657678,3.868245,51.817019,4909.432683,-0.433946,49.240727,5.587166,2.080254,44.001428
3.701085,3.917981,51.759803,4906.413162,-0.455477,49.313599,5.626420,2.093483,44.001679
3.745442,3.968363,51.700203,4903.377306,-0.479161,49.387352,5.669636,2.108946,44.001988
3.787734,4.019467,51.636174,4900.322251,-0.501804,49.460679,5.713721,2.126929,44.001966
3.829427,4.069717,51.570472,4897.247684,-0.524286,49.534864,5.758746,2.143605,44.001795
3.871898,4.120342,51.501196,4894.151395,-0.545884,49.609635,5.807699,2.159833,44.003679
3.912859,4.170809,51.428491,4891.035619,-0.564923,49.686259,5.859183,2.178078,44.004023
3.957311,4.220071,51.352872,4887.895232,-0.585436,49.763874,5.913090,2.198164,44.002909
4.000001,4.269126,51.276184,4884.728080,-0.604404,49.841947,5.970765,2.219516,44.002327
4.042968,4.319609,51.196466,4881.533295,-0.622704,49.919755,6.030070,2.243316,44.001390
4.085347,4.371933,51.114459,4878.310521,-0.643220,49.998680,6.092623,2.266029,44.001039
4.127508,4.422652,51.030385,4875.057394,-0.662020,50.079001,6.157743,2.288177,44.001783
4.169550,4.473052,50.945329,4871.771659,-0.682113,50.159884,6.224398,2.314253,44.000805
4.210713,4.522087,50.857983,4868.450520,-0.699254,50.242937,6.293099,2.339656,44.000698
4.251193,4.572278,50.767936,4865.095094,-0.716692,50.324810,6.364168,2.366244,44.000667
4.293745,4.623266,50.674489,4861.704182,-0.730348,50.406876,6.437075,2.394954,44.001087
4.335050,4.673911,50.579073,4858.274468,-0.743401,50.488851,6.513663,2.424249,44.002603
4.375697,4.723020,50.483161,4854.804791,-0.756701,50.574419,6.592560,2.453814,44.001969
4.416681,4.771943,50.386876,4851.293532,-0.769200,50.661376,6.672984,2.484728,44.001038
4.458444,4.823649,50.288761,4847.738945,-0.778223,50.748922,6.758066,2.513808,44.000892
4.500773,4.874277,50.187246,4844.140402,-0.788763,50.837026,6.841461,2.547770,43.999720
4.543185,4.924717,50.085846,4840.495687,-0.799213,50.925471,6.927550,2.579668,43.997681
4.583514,4.975481,49.985603,4836.803971,-0.809042,51.015996,7.015800,2.613378,43.997880
4.623234,5.026060,49.884194,4833.061527,-0.816240,51.107760,7.107381,2.648507,43.998436
4.663066,5.077861,49.779809,4829.271183,-0.820928,51.200509,7.200240,2.683421,43.998567
4.704275,5.128841,49.675499,4825.429032,-0.827394,51.296088,7.296955,2.718365,43.999418
4.742606,5.177762,49.570615,4821.535936,-0.832155,51.392576,7.394185,2.754526,44.000370
4.782974,5.228675,49.466230,4817.588366,-0.835032,51.489939,7.490642,2.791232,44.000311
4.823954,5.279914,49.361220,4813.588786,-0.833667,51.589954,7.591319,2.827558,44.001558
4.861770,5.329521,49.257698,4809.532407,-0.833288,51.691511,7.690811,2.863091,44.001228
4.901278,5.379656,49.152032,4805.418312,-0.832230,51.792407,7.791346,2.901134,44.000840
4.940880,5.430455,49.046061,4801.246477,-0.828929,51.893749,7.894957,2.936382,43.999166
4.980017,5.479227,48.942488,4797.019086,-0.826020,51.998301,7.996724,2.975963,43.999923
5.017320,5.530250,48.839233,4792.732155,-0.822553,52.105189,8.099059,3.015410,44.000284
5.058491,5.582707,48.736862,4788.387411,-0.815833,52.210484,8.204099,3.053809,44.000919
5.097870,5.633024,48.635632,4783.983457,-0.810513,52.319497,8.306380,3.091467,43.998902
5.138810,5.687189,48.534077,4779.517271,-0.804064,52.427250,8.409505,3.129680,43.999350
5.178584,5.739141,48.433928,4774.992750,-0.794663,52.539056,8.511941,3.168151,43.999108
5.216730,5.789852,48.333881,4770.408407,-0.785816,52.653002,8.613728,3.207141,43.999109
5.254474,5.839260,48.236507,4765.763284,-0.774280,52.767628,8.713350,3.245971,43.998672
5.293624,5.890163,48.141813,4761.057864,-0.761451,52.882729,8.813702,3.283071,43.997604
5.331593,5.941098,48.048395,4756.295101,-0.745230,53.000448,8.911377,3.320423,43.997435
5.370055,5.992246,47.957112,4751.474566,-0.731480,53.119215,9.007863,3.356490,43.998780
5.409255,6.042403,47.866650,4746.594646,-0.715730,53.239562,9.103998,3.391688,43.998686
5.447894,6.096113,47.778216,4741.655347,-0.698732,53.361389,9.198305,3.425966,43.998905
5.485270,6.147812,47.692424,4736.662299,-0.677772,53.484207,9.288828,3.460514,44.000689
5.522264,6.198070,47.610052,4731.615857,-0.659652,53.607407,9.378580,3.491072,44.000554
5.559159,6.249732,47.528621,4726.513108,-0.637545,53.732129,9.465481,3.522579,44.000494
5.595348,6.303080,47.450758,4721.356558,-0.616235,53.858459,9.548662,3.555405,44.000110
5.633633,6.353709,47.375932,4716.151876,-0.592282,53.987020,9.630079,3.584821,43.999380
5.671245,6.405832,47.304673,4710.899274,-0.568606,54.115572,9.705625,3.611779,43.999345
5.706898,6.455771,47.235807,4705.597600,-0.543863,54.245827,9.776866,3.639185,43.998441
5.743358,6.505061,47.171082,4700.249921,-0.520613,54.376745,9.844851,3.664214,43.999963
5.780791,6.555564,47.109917,4694.856293,-0.494738,54.509805,9.909460,3.688733,44.000154
5.817898,6.608431,47.050595,4689.423472,-0.467432,54.642990,9.970474,3.711420,44.000597
5.854925,6.658958,46.995855,4683.951666,-0.439545,54.775067,10.025340,3.732261,44.000793
5.891595,6.709960,46.943041,4678.444557,-0.412621,54.910715,10.074722,3.752741,44.002057
5.927832,6.762480,46.894418,4672.903032,-0.384872,55.047556,10.118412,3.768603,44.001202
5.964155,6.813779,46.848716,4667.331169,-0.356010,55.183212,10.158611,3.783673,44.002513
6.000575,6.865001,46.807792,4661.730775,-0.327495,55.319378,10.194489,3.798484,44.002586
6.035871,6.915237,46.771340,4656.103866,-0.297073,55.455685,10.225055,3.807708,44.002381
6.070909,6.967838,46.736199,4650.453115,-0.267372,55.595753,10.249917,3.817348,44.003085
6.106184,7.021687,46.705431,4644.784787,-0.238071,55.733269,10.268820,3.824441,44.004205
6.139043,7.073678,46.677083,4639.101444,-0.206240,55.870888,10.281007,3.828471,44.003731
6.173486,7.125138,46.656689,4633.402099,-0.176843,56.011249,10.289283,3.832005,44.002919
6.208090,7.176085,46.636407,4627.691944,-0.147656,56.150434,10.291563,3.833197,44.002631
6.241839,7.227494,46.618961,4621.973693,-0.117469,56.290580,10.289226,3.831597,44.003984
6.277549,7.279263,46.606639,4616.253049,-0.086996,56.432858,10.281604,3.829857,44.004134
6.311213,7.331831,46.599036,4610.528545,-0.056358,56.570789,10.270163,3.826408,44.004412
6.346125,7.383424,46.593999,4604.804914,-0.025749,56.711533,10.251575,3.818594,44.005218
6.377945,7.434145,46.593109,4599.088117,0.003588,56.850701,10.228278,3.810500,44.006235
6.411438,7.486790,46.595212,4593.378286,0.029929,56.989794,10.199965,3.799167,44.007420
6.444866,7.538391,46.601456,4587.677794,0.058317,57.129920,10.165702,3.787888,44.006903
6.478495,7.589977,46.611860,4581.989196,0.085744,57.269851,10.126589,3.774796,44.006545
6.511358,7.642887,46.623996,4576.316612,0.114113,57.407718,10.083070,3.758642,44.006227
6.543707,7.696115,46.638625,4570.662594,0.141266,57.546006,10.038120,3.741406,44.005351
6.576520,7.749294,46.655685,4565.029328,0.164561,57.684770,9.987930,3.723297,44.003340
6.608640,7.802364,46.677223,4559.419483,0.188660,57.822634,9.933555,3.702425,44.004111
6.640034,7.854185,46.699207,4553.832887,0.212187,57.959442,9.876237,3.681929,44.003811
6.672685,7.905650,46.725977,4548.275218,0.234534,58.095887,9.814341,3.659188,44.003722
6.705674,7.958444,46.754364,4542.744195,0.255666,58.233191,9.752148,3.636710,44.003074
6.738539,8.010783,46.784665,4537.244354,0.276535,58.369134,9.683016,3.612229,44.002215
6.769658,8.062302,46.819087,4531.777828,0.295767,58.502699,9.614761,3.584837,44.003155
6.801126,8.113395,46.856278,4526.347910,0.314646,58.636377,9.542305,3.556720,44.004469
6.833265,8.164849,46.894691,4520.954667,0.332624,58.769990,9.468442,3.529232,44.003840
6.864426,8.216261,46.936228,4515.598830,0.349113,58.900861,9.393978,3.499937,44.003744
6.897268,8.269678,46.978447,4510.280762,0.362659,59.031942,9.315984,3.470265,44.003049
6.926836,8.320861,47.022084,4505.004491,0.375502,59.161841,9.237142,3.441298,44.003263
6.958722,8.372964,47.067107,4499.765621,0.389128,59.291330,9.157610,3.411694,44.002007
6.988682,8.424128,47.112564,4494.570258,0.401301,59.418386,9.077396,3.381108,44.003513
7.020565,8.477082,47.160236,4489.417949,0.411260,59.546968,8.997471,3.349255,44.002693
7.051018,8.529677,47.208514,4484.307237,0.420211,59.676759,8.913131,3.318313,44.001687
7.082037,8.581757,47.258148,4479.240788,0.428557,59.801982,8.832246,3.287821,44.001105
7.112330,8.632969,47.312640,4474.214332,0.482192,59.809861,8.745832,3.255625,0.001650
7.142656,8.684882,47.373117,4469.222749,0.533464,59.818387,8.652042,3.221044,-0.000378
7.171593,8.737171,47.438864,4464.272952,0.582753,59.826431,8.553293,3.185400,-0.001782
7.201236,8.789736,47.509640,4459.367882,0.629371,59.836120,8.451217,3.146125,-0.001964
7.232536,8.842797,47.584588,4454.508336,0.674367,59.844645,8.342774,3.105087,-0.002854
7.262168,8.893390,47.666124,4449.698868,0.718654,59.850827,8.232189,3.063609,-0.003510
7.293194,8.945448,47.751253,4444.943764,0.758600,59.859281,8.114655,3.019295,-0.002322
7.323765,8.998566,47.842647,4440.244015,0.798758,59.868222,7.994368,2.976349,-0.003443
7.352817,9.049982,47.937100,4435.600597,0.835044,59.877086,7.872615,2.930806,-0.003243
7.383347,9.100301,48.035582,4431.020353,0.867902,59.884793,7.748611,2.883816,-0.003542
7.412132,9.151388,48.138379,4426.501247,0.899468,59.894583,7.621705,2.836415,-0.003661
7.442022,9.203152,48.245080,4422.045042,0.928669,59.904163,7.493172,2.788719,-0.002855
7.471474,9.254831,48.355647,4417.654677,0.954995,59.912273,7.362430,2.741209,-0.003074
7.501512,9.307733,48.465015,4413.329530,0.979712,59.920347,7.232680,2.693953,-0.002031
7.530939,9.360886,48.579598,4409.071173,1.000994,59.927205,7.103414,2.646608,-0.002766
7.559172,9.413257,48.694121,4404.880422,1.020472,59.936958,6.974283,2.598180,-0.003556
7.589599,9.465564,48.814700,4400.757611,1.035233,59.946750,6.846643,2.550109,-0.001919
7.619018,9.516513,48.933503,4396.702695,1.049111,59.956207,6.719663,2.502323,-0.002212
7.647627,9.567843,49.056261,4392.716137,1.060946,59.964851,6.592389,2.456298,-0.002346
7.678045,9.618689,49.178597,4388.795555,1.068830,59.974107,6.468770,2.409983,-0.002390
7.707855,9.669560,49.300645,4384.939946,1.073918,59.981156,6.347159,2.364013,-0.001883
7.737973,9.719362,49.426774,4381.150873,1.075799,59.987659,6.226754,2.320820,-0.002001
7.767673,9.770829,49.549616,4377.429134,1.076663,59.995595,6.109762,2.276557,-0.001686
7.795861,9.823386,49.673324,4373.775173,1.074039,60.005342,5.996072,2.232596,-0.000374
7.823679,9.874371,49.795233,4370.183685,1.070042,60.012650,5.881924,2.190079,-0.000701
7.852207,9.924307,49.918715,4366.655774,1.064389,60.021642,5.771916,2.149492,-0.000215
7.881308,9.976158,50.040691,4363.189842,1.056719,60.031506,5.664901,2.109831,-0.001219
7.910581,10.026968,50.160633,4359.786754,1.046204,60.039597,5.563277,2.070988,-0.000896
7.940566,10.076870,50.278756,4356.442511,1.032057,60.047219,5.463487,2.034756,0.000790
7.967954,10.127637,50.397066,4353.156186,1.017822,60.055833,5.367350,1.997159,-0.000148
7.997753,10.178936,50.511048,4349.929725,1.001566,60.066588,5.270403,1.962168,0.000285
8.028906,10.230961,50.624151,4346.757586,0.982110,60.075773,5.180684,1.928275,-0.000269
8.057845,10.280814,50.734960,4343.639359,0.963669,60.084345,5.093725,1.895887,0.000552
8.086361,10.332438,50.843951,4340.576837,0.941479,60.093321,5.010108,1.865945,0.000692
8.114011,10.384233,50.949510,4337.565332,0.917140,60.103893,4.926768,1.835349,0.000075
8.142284,10.435182,51.052259,4334.603551,0.887889,60.111715,4.849460,1.805813,-0.001417
8.171517,10.485384,51.151194,4331.690122,0.860764,60.118681,4.774505,1.778709,-0.002217
8.199612,10.536258,51.246713,4328.825919,0.832639,60.127231,4.704457,1.752524,-0.001512
8.228883,10.588895,51.338946,4326.008341,0.804455,60.134768,4.636992,1.727941,-0.002406
8.257370,10.639436,51.427525,4323.232772,0.772063,60.142543,4.575866,1.704593,-0.001643
8.284333,10.692343,51.512653,4320.500823,0.741527,60.151894,4.513788,1.682352,-0.002032
8.313783,10.742534,51.593918,4317.811809,0.706550,60.161272,4.456138,1.659149,-0.000973
8.342094,10.793034,51.671208,4315.162984,0.669962,60.169153,4.403672,1.637934,-0.000764
8.369802,10.843447,51.745156,4312.551772,0.632850,60.177908,4.354164,1.620028,-0.001313
8.400693,10.893062,51.814297,4309.975692,0.593717,60.186907,4.304642,1.601456,-0.001794
8.430595,10.942183,51.878542,4307.434473,0.555989,60.195895,4.260675,1.584753,-0.000827
8.458279,10.992285,51.938545,4304.927150,0.517341,60.204868,4.221176,1.569166,-0.000969
8.485283,11.042832,51.994018,4302.451212,0.475405,60.214276,4.184383,1.555898,-0.001190
8.513493,11.093301,52.047549,4300.008053,0.432869,60.223373,4.147582,1.543582,-0.001299
8.542993,11.143996,52.092832,4297.595132,0.390541,60.233460,4.116410,1.533694,-0.001892
8.571637,11.194511,52.135893,4295.206555,0.347522,60.243999,4.087758,1.522824,-0.001577
8.598953,11.244838,52.171637,4292.845050,0.305078,60.253026,4.063157,1.512380,-0.002045
8.627743,11.294070,52.204242,4290.508458,0.261733,60.262802,4.041035,1.505090,-0.002398
8.656938,11.344428,52.231386,4288.196350,0.215572,60.272981,4.020706,1.498085,-0.003021
8.684710,11.395106,52.251247,4285.905148,0.170148,60.283932,4.005437,1.490196,-0.003028
8.714429,11.443932,52.267980,4283.634832,0.124492,60.292765,3.991963,1.484123,-0.003017
8.741895,11.494699,52.278945,4281.380354,0.079811,60.302296,3.982290,1.481124,-0.002792
8.770639,11.543510,52.284007,4279.143419,0.034179,60.311376,3.973307,1.478186,-0.003847
8.798820,11.593356,52.283847,4276.921347,-0.010334,60.320126,3.968015,1.476903,-0.004150
8.827515,11.644725,52.280223,4274.713192,-0.059312,60.330395,3.965877,1.477252,-0.004340
8.854857,11.696589,52.271728,4272.517480,-0.104837,60.339882,3.966780,1.478296,-0.004682
8.883299,11.746843,52.257001,4270.332626,-0.151395,60.348478,3.970632,1.479065,-0.005635
8.910604,11.797612,52.237303,4268.157041,-0.197596,60.357918,3.976924,1.481744,-0.003068
8.939846,11.849161,52.213456,4265.986564,-0.242617,60.367044,3.986515,1.486263,-0.002580
8.967644,11.897369,52.182596,4263.823283,-0.289923,60.375932,3.999736,1.488874,-0.004132
8.997112,11.947262,52.147262,4261.660092,-0.335930,60.385259,4.016234,1.495090,-0.003093
9.024636,11.997910,52.108486,4259.503583,-0.380150,60.395681,4.033530,1.503588,-0.001548
9.052496,12.047854,52.064280,4257.345930,-0.425814,60.405808,4.056417,1.511882,-0.000517
9.083293,12.098858,52.012949,4255.184844,-0.472497,60.415766,4.081158,1.520037,-0.001431
9.111826,12.148667,51.957712,4253.022781,-0.516238,60.428189,4.108656,1.529894,-0.002716
9.140721,12.198010,51.897089,4250.854758,-0.561058,60.438262,4.140164,1.540569,-0.002983
9.168569,12.248747,51.830488,4248.680163,-0.606042,60.448933,4.173559,1.552061,-0.003116
9.196731,12.297888,51.761094,4246.494773,-0.649577,60.460872,4.210849,1.566346,-0.002354
9.226627,12.347030,51.686406,4244.301696,-0.690253,60.468902,4.250750,1.580530,-0.003713
9.253236,12.397782,51.607696,4242.095307,-0.732632,60.478621,4.293127,1.598559,-0.003552
9.281012,12.448089,51.524975,4239.872530,-0.773205,60.487142,4.339690,1.615131,-0.003304
9.310306,12.498253,51.436832,4237.634129,-0.813481,60.496632,4.387893,1.632355,-0.004259
9.336642,12.549475,51.345905,4235.377313,-0.854783,60.507467,4.440010,1.651344,-0.003828
9.364207,12.600783,51.248609,4233.098680,-0.892706,60.519534,4.496834,1.671191,-0.002414
9.391827,12.652513,51.147786,4230.797746,-0.929695,60.529587,4.558354,1.695974,-0.001686
9.418917,12.701717,51.044031,4228.472222,-0.966791,60.539387,4.621669,1.719636,-0.001073
9.445093,12.750508,50.934709,4226.119401,-1.001679,60.549820,4.687684,1.743870,-0.001618
9.472958,12.800848,50.822869,4223.737058,-1.033543,60.558787,4.757009,1.768791,-0.001209
9.501533,12.850977,50.705186,4221.321510,-1.065724,60.570171,4.831122,1.795112,-0.001405
9.528953,12.901218,50.585810,4218.876406,-1.094118,60.580043,4.905512,1.825346,-0.000627
9.557285,12.950303,50.463634,4216.393595,-1.124949,60.591667,4.986943,1.856124,0.001308
9.585074,12.999642,50.337387,4213.872046,-1.151373,60.601800,5.068222,1.887929,0.001865
9.612849,13.049087,50.210158,4211.310596,-1.177214,60.612201,5.154269,1.919419,0.002875
9.640041,13.099903,50.078407,4208.707697,-1.200660,60.620949,5.243752,1.953577,0.001071
9.666283,13.149602,49.944580,4206.060106,-1.223818,60.630793,5.337148,1.986975,0.001240
9.693311,13.199179,49.809665,4203.365092,-1.244300,60.640657,5.433750,2.023940,0.000464
9.721311,13.248451,49.671192,4200.619850,-1.262678,60.652694,5.532023,2.059090,0.000341
9.748041,13.296086,49.530487,4197.821355,-1.278115,60.664426,5.635009,2.097172,0.000483
9.774336,13.346077,49.389217,4194.971041,-1.292190,60.673691,5.742312,2.135978,0.001507
9.801768,13.395777,49.246499,4192.064160,-1.305491,60.685298,5.849872,2.177356,0.001499
9.828108,13.447296,49.104761,4189.099232,-1.315218,60.694085,5.961553,2.220284,0.000864
9.854937,13.495942,48.960211,4186.072268,-1.324709,60.705370,6.075459,2.262506,0.001496
9.882959,13.543807,48.814623,4182.981057,-1.329623,60.716261,6.191958,2.306038,0.000014
9.910615,13.593473,48.668669,4179.829155,-1.333075,60.727739,6.311699,2.349876,0.001380
9.936471,13.644324,48.523094,4176.611405,-1.335030,60.738028,6.432561,2.394966,0.002005
9.965454,13.692291,48.377340,4173.323302,-1.335233,60.749872,6.554058,2.441143,0.001529
9.990916,13.741734,48.229945,4169.964649,-1.330510,60.760291,6.679114,2.487699,0.000594
10.015736,13.792852,48.087543,4166.537034,-1.323460,60.770848,6.803703,2.534728,0.000561
10.044718,13.841597,47.943130,4163.035928,-1.314171,60.782173,6.930703,2.581745,0.000324
10.071476,13.891796,47.800207,4159.460781,-1.303286,60.791192,7.058506,2.629279,-0.001066
10.099905,13.941262,47.658676,4155.809541,-1.289218,60.801913,7.186347,2.677625,-0.001129
10.124925,13.991211,47.520340,4152.081187,-1.271830,60.814253,7.316506,2.725207,-0.001421
10.150524,14.039998,47.383219,4148.276977,-1.253218,60.825820,7.446570,2.772130,-0.002529
10.176176,14.089777,47.247385,4144.394275,-1.231366,60.837880,7.574301,2.821853,-0.003713
10.204072,14.137575,47.114386,4140.437047,-1.206944,60.850007,7.702277,2.866389,-0.004136
10.231602,14.187454,46.984277,4136.401023,-1.180491,60.861654,7.828865,2.913258,-0.002717
10.256843,14.235723,46.858809,4132.289506,-1.152097,60.873860,7.952263,2.959912,-0.001517
10.284291,14.285707,46.733459,4128.099373,-1.122702,60.883058,8.073614,3.006517,-0.001536
10.312445,14.334507,46.613343,4123.833116,-1.088784,60.894852,8.193240,3.051082,-0.001536
10.340330,14.384674,46.496504,4119.492164,-1.053187,60.906976,8.309933,3.094036,0.000021
10.366811,14.434900,46.384620,4115.077500,-1.013228,60.918963,8.422126,3.135962,0.001239
10.394056,14.484759,46.279176,4110.593095,-0.971802,60.930460,8.533233,3.176181,0.001685
10.422262,14.532829,46.176046,4106.037298,-0.928726,60.942604,8.636951,3.216558,0.000439
10.449829,14.581880,46.076458,4101.417934,-0.925911,61.067346,8.739200,3.254824,38.999636
10.477959,14.630674,45.977887,4096.739103,-0.919293,61.195997,8.841789,3.292916,38.999562
10.504200,14.677662,45.880282,4092.000154,-0.911636,61.322744,8.944403,3.330502,39.000211
10.529967,14.726055,45.783316,4087.200755,-0.902919,61.453591,9.046062,3.367687,38.999694
10.556209,14.773471,45.687651,4082.344651,-0.892182,61.584489,9.150165,3.405110,38.999720
10.584064,14.823812,45.592476,4077.429503,-0.878867,61.718524,9.250482,3.440643,38.998722
10.611537,14.871851,45.500192,4072.454416,-0.864824,61.854669,9.352663,3.478319,38.996411
10.637272,14.920159,45.407476,4067.418616,-0.849373,61.990844,9.449587,3.515089,38.995893
10.662968,14.969408,45.318121,4062.325681,-0.832553,62.127882,9.542389,3.552149,38.995864
10.689194,15.018109,45.229767,4057.176416,-0.814347,62.265662,9.636696,3.587599,38.995634
10.713588,15.066929,45.144138,4051.969479,-0.794612,62.406331,9.727824,3.622019,38.995272
10.738305,15.114624,45.058981,4046.709046,-0.773408,62.548094,9.817940,3.658162,38.995530
10.766511,15.163490,44.977266,4041.391134,-0.750076,62.692608,9.903698,3.690128,38.996035
10.791494,15.211118,44.899254,4036.020151,-0.726319,62.836466,9.986792,3.720278,38.997790
10.816971,15.260676,44.823550,4030.599770,-0.701634,62.981468,10.066205,3.749603,38.997839
10.837662,15.309684,44.749372,4025.127826,-0.674799,63.127609,10.141781,3.778642,38.998636
10.860844,15.359227,44.678564,4019.606366,-0.647509,63.277250,10.215746,3.806072,38.998974
10.884459,15.407339,44.610952,4014.037388,-0.619326,63.428963,10.286054,3.830324,38.999122
10.907680,15.457482,44.547578,4008.427939,-0.589371,63.579141,10.349285,3.854121,38.998073
10.933100,15.505303,44.485677,4002.776375,-0.557524,63.730707,10.409980,3.876061,38.997934
10.955863,15.554336,44.428449,3997.082677,-0.528180,63.884622,10.466157,3.896945,38.997851
10.978965,15.603240,44.374159,3991.352727,-0.496751,64.040439,10.514559,3.915899,38.997793
11.001915,15.653033,44.323593,3985.588089,-0.465945,64.196897,10.558949,3.933009,38.998133
11.027345,15.704719,44.276327,3979.790789,-0.434192,64.351038,10.598560,3.946881,38.999597
11.049221,15.754086,44.232483,3973.963203,-0.401607,64.506958,10.634874,3.960609,39.000566
11.071306,15.803812,44.192852,3968.111713,-0.369164,64.663731,10.665121,3.969600,38.999450
11.094275,15.852800,44.155699,3962.236905,-0.334139,64.820497,10.689695,3.978735,38.999825
11.117390,15.902833,44.123189,3956.342259,-0.300376,64.980316,10.707192,3.985737,39.000292
11.139399,15.951577,44.092327,3950.427879,-0.265861,65.138370,10.718281,3.990199,39.000568
11.160830,15.998975,44.066825,3944.499584,-0.231988,65.298283,10.724515,3.991305,39.001122
11.182022,16.048659,44.043739,3938.561550,-0.198100,65.457937,10.724179,3.992805,39.000991
11.203893,16.096837,44.023385,3932.616157,-0.164101,65.617011,10.721243,3.990102,39.001641
11.223894,16.143738,44.006828,3926.663605,-0.130990,65.777414,10.710862,3.987086,39.001762
11.245234,16.194070,43.996348,3920.709716,-0.096749,65.935905,10.696623,3.981548,39.003031
11.269405,16.242297,43.986878,3914.759359,-0.062049,66.095960,10.674227,3.974884,39.002583
11.291717,16.290908,43.981983,3908.812038,-0.028762,66.255826,10.650950,3.967308,39.002089
11.312419,16.338697,43.981771,3902.873348,0.003190,66.414185,10.620993,3.955183,39.002883
11.332521,16.386297,43.984422,3896.942472,0.034923,66.572864,10.586850,3.942765,39.001381
11.353549,16.434903,43.987801,3891.024360,0.064409,66.730608,10.547119,3.929111,39.001211
11.374133,16.483486,43.995974,3885.122351,0.093141,66.887330,10.505015,3.912417,39.000957
11.396190,16.533312,44.007041,3879.238578,0.123221,67.046098,10.456679,3.894858,39.000295
11.414528,16.581939,44.021002,3873.376021,0.151265,67.204505,10.406428,3.874275,38.998532
11.433820,16.629204,44.038107,3867.536289,0.179535,67.363194,10.348666,3.852301,38.997452
11.455484,16.677491,44.058952,3861.722892,0.205394,67.521406,10.290296,3.830208,38.997856
11.475972,16.727218,44.081663,3855.935063,0.230767,67.678580,10.227169,3.809421,38.998789
11.495965,16.777600,44.106089,3850.177405,0.255819,67.836516,10.163356,3.786246,38.998904
11.514436,16.826981,44.133572,3844.452433,0.277283,67.989680,10.094526,3.760769,38.998873
11.535910,16.875195,44.163193,3838.760267,0.299050,68.143862,10.024756,3.734953,38.998652
11.553958,16.924148,44.192969,3833.101918,0.318196,68.295736,9.950438,3.709413,38.999210
11.573911,16.972885,44.225958,3827.481652,0.337839,68.447737,9.875020,3.682125,38.998302
11.592977,17.022743,44.260604,3821.897963,0.354412,68.599887,9.799363,3.652293,38.998536
11.610197,17.069385,44.296573,3816.353346,0.371497,68.749651,9.721996,3.624070,38.997904
11.629187,17.119904,44.333876,3810.850836,0.383817,68.897617,9.642740,3.594636,38.997506
11.648072,17.170202,44.373950,3805.387129,0.397657,69.046014,9.563923,3.564583,38.997710
11.665588,17.218421,44.414527,3799.966082,0.408433,69.194106,9.483277,3.535277,38.996121
11.683375,17.265523,44.455608,3794.586743,0.416935,69.341152,9.400917,3.504735,38.993872
11.701338,17.313423,44.496456,3789.249984,0.424776,69.488008,9.320685,3.474548,38.993760
11.718598,17.361772,44.539438,3783.958752,0.429954,69.632086,9.238953,3.444213,38.993746
11.736355,17.412008,44.583070,3778.708399,0.433859,69.775565,9.156441,3.414272,38.993932
11.755103,17.460237,44.624108,3773.501958,0.437987,69.918965,9.075346,3.384043,38.993619
11.773072,17.509065,44.667918,3768.341498,0.439510,70.060639,8.997123,3.355451,38.994097
11.792425,17.556931,44.710521,3763.223326,0.438739,70.200761,8.916364,3.324733,38.995557
11.808238,17.604005,44.752378,3758.151936,0.436893,70.340006,8.840924,3.295531,38.995945
11.825962,17.653017,44.796050,3753.121844,0.433549,70.477262,8.763465,3.265974,38.995839
11.842567,17.701129,44.838679,3748.135418,0.428893,70.614580,8.688939,3.238520,38.997284
11.858535,17.749157,44.879534,3743.192539,0.422938,70.752267,8.616614,3.210818,38.995252
11.874660,17.797451,44.920391,3738.290994,0.413133,70.886915,8.545320,3.184185,38.996526
11.890570,17.845676,44.960962,3733.432337,0.403380,71.024017,8.473553,3.157690,38.997220
11.905083,17.890327,44.999896,3728.613141,0.392865,71.158243,8.405091,3.131376,38.996681
11.921831,17.937062,45.037808,3723.834241,0.379733,71.291860,8.340556,3.106315,38.998003
11.939085,17.985558,45.072797,3719.096596,0.366663,71.425200,8.276973,3.084207,38.999642
11.953786,18.034791,45.106515,3714.397792,0.350614,71.558271,8.215268,3.061804,39.000602
11.970245,18.084698,45.140636,3709.734787,0.336326,71.690264,8.156044,3.039327,39.001491
11.985190,18.132691,45.172222,3705.109017,0.321617,71.822021,8.098940,3.017933,38.999116
12.001277,18.183821,45.203761,3700.519044,0.304434,71.951853,8.045947,2.998664,38.996277
12.017059,18.231654,45.233136,3695.961797,0.284053,72.081496,7.994055,2.980577,38.997394
12.031063,18.279422,45.261802,3691.439140,0.264027,72.211060,7.945483,2.961356,38.998929
12.045775,18.328374,45.286006,3686.947350,0.244477,72.338262,7.899739,2.943713,39.000460
12.059572,18.375772,45.307717,3682.486543,0.222840,72.465653,7.855463,2.926702,39.000942
12.073086,18.424730,45.328562,3678.056896,0.198297,72.594581,7.812568,2.912149,39.001035
12.087060,18.470132,45.343742,3673.655209,0.174283,72.722521,7.775096,2.896613,38.999169
12.102580,18.519105,45.359309,3669.278836,0.148943,72.847958,7.739332,2.883828,39.000341
12.116757,18.567117,45.373115,3664.929019,0.124504,72.975946,7.704909,2.870390,39.001693
12.132353,18.615184,45.385154,3660.602628,0.098364,73.101278,7.676984,2.856476,39.001367
12.146970,18.662115,45.393736,3656.298206,0.070769,73.224049,7.651179,2.845159,39.000554
12.159925,18.710436,45.401459,3652.015597,0.042543,73.352463,7.628757,2.836985,39.000118
12.173533,18.758207,45.404713,3647.753103,0.014169,73.476319,7.607736,2.829874,39.000492
12.186218,18.807364,45.405628,3643.507043,-0.014578,73.602285,7.588865,2.822058,38.999948
12.199612,18.854741,45.404432,3639.277495,-0.042793,73.727860,7.573893,2.817258,38.999792
12.213141,18.902333,45.400726,3635.064159,-0.071920,73.854073,7.561447,2.813552,38.998913
12.224093,18.950394,45.391386,3630.863755,-0.099699,73.980016,7.552746,2.811885,38.999634
12.238742,18.998515,45.379306,3626.675629,-0.128736,74.104448,7.546618,2.807989,38.999581
12.254261,19.046974,45.367097,3622.498155,-0.158640,74.228980,7.541425,2.807964,38.997989
12.268077,19.092699,45.348840,3618.328371,-0.188317,74.355091,7.540200,2.808501,38.998457
12.281217,19.140241,45.327904,3614.165403,-0.222065,74.483151,7.543596,2.806815,38.998615
12.295761,19.189128,45.307656,3610.007465,-0.253928,74.608092,7.550290,2.810583,38.997915
12.308251,19.237609,45.282304,3605.854695,-0.283515,74.734860,7.560038,2.812794,38.997350
12.319961,19.285551,45.253197,3601.701960,-0.313857,74.861297,7.572896,2.818662,38.998137
12.332869,19.333093,45.222197,3597.548749,-0.343150,74.987546,7.588956,2.825021,39.000631
12.345620,19.380132,45.188032,3593.395983,-0.374893,75.113323,7.607724,2.833358,39.000464
12.356988,19.427368,45.150872,3589.237742,-0.404551,75.241868,7.629757,2.841349,39.001030
12.368239,19.474934,45.110639,3585.075904,-0.432758,75.370538,7.654782,2.849752,39.002264
12.380875,19.521793,45.068826,3580.906982,-0.463477,75.499163,7.681987,2.859976,39.002719
12.392022,19.569200,45.024097,3576.727367,-0.491819,75.629720,7.711307,2.870091,39.001705
12.402678,19.618478,44.975430,3572.537862,-0.520740,75.759005,7.746594,2.883672,39.002142
12.414693,19.665783,44.927082,3568.335159,-0.548111,75.891016,7.782135,2.897322,39.000947
12.426982,19.712564,44.874419,3564.119168,-0.575842,76.022981,7.821519,2.910906,39.001194
12.437985,19.758269,44.819279,3559.886685,-0.603773,76.154806,7.864565,2.925744,39.001664
12.449185,19.806104,44.760818,3555.638286,-0.631106,76.289225,7.910824,2.941475,39.000347
12.462343,19.853590,44.702492,3551.370709,-0.655347,76.424755,7.957282,2.959992,39.000705
12.474402,19.900031,44.639988,3547.081660,-0.679966,76.557984,8.008885,2.978508,38.999569
12.485351,19.949198,44.575176,3542.769150,-0.703584,76.693077,8.061872,2.999598,38.999496
12.496755,19.996958,44.507479,3538.432230,-0.727500,76.830575,8.117510,3.022449,39.003379
12.506506,20.044245,44.437832,3534.070364,-0.750780,76.967541,8.174742,3.044561,39.004625
12.517458,20.091211,44.366758,3529.680607,-0.774001,77.105890,8.235206,3.066924,39.004772
12.528067,20.139285,44.294276,3525.261479,-0.794162,77.245547,8.298198,3.090706,39.004475
12.539795,20.186141,44.219303,3520.811501,-0.811963,77.385498,8.362465,3.116771,39.004093
12.550384,20.233326,44.145415,3516.328411,-0.830882,77.527256,8.429685,3.141673,39.004006
12.562083,20.281730,44.069212,3511.811043,-0.845811,77.670111,8.500396,3.167854,39.003752
12.570453,20.327554,43.991296,3507.259131,-0.862520,77.814373,8.572501,3.194939,39.004717
12.579377,20.375427,43.909572,3502.668913,-0.877998,77.960099,8.646507,3.222236,39.003582
12.588198,20.422678,43.829612,3498.041912,-0.891644,78.106544,8.721779,3.249428,39.002359
12.596569,20.470600,43.748013,3493.374513,-0.902877,78.254374,8.800046,3.278330,39.003246
12.605672,20.516642,43.663491,3488.665002,-0.912232,78.403865,8.879552,3.308933,39.003265
12.614199,20.564725,43.578225,3483.916075,-0.921672,78.555178,8.961717,3.338173,39.003564
12.622635,20.612366,43.494026,3479.121952,-0.928953,78.707543,9.042836,3.368213,39.004449
12.631389,20.660063,43.409810,3474.284753,-0.935046,78.860823,9.124520,3.397163,39.003840
12.639792,20.706081,43.321961,3469.400088,-0.938378,79.016073,9.207698,3.427173,39.003872
12.650095,20.753289,43.238131,3464.470964,-0.942491,79.174151,9.293314,3.459423,39.003687
12.657895,20.799432,43.152064,3459.494992,-0.945152,79.331950,9.377806,3.491985,39.004106
12.666430,20.845584,43.066527,3454.470617,-0.946108,79.492780,9.464774,3.524670,39.004534
12.673377,20.891730,42.982837,3449.397315,-0.945031,79.655852,9.550871,3.556895,39.005129
12.682303,20.939146,42.897869,3444.275805,-0.941470,79.820777,9.637403,3.589259,39.006544
12.692432,20.984509,42.812828,3439.105565,-0.936534,79.985850,9.724153,3.621324,39.007080
12.698865,21.031463,42.726769,3433.886873,-0.930325,80.152276,9.810224,3.653119,39.005327
12.707156,21.079918,42.643000,3428.617963,-0.924168,80.320700,9.896844,3.683778,39.005680
12.715153,21.124029,42.559806,3423.300802,-0.916743,80.489486,9.980743,3.716288,39.004676
12.723113,21.170429,42.481081,3417.931897,-0.905145,80.660769,10.063550,3.747432,39.004170
12.729955,21.215863,42.401518,3412.515830,-0.894554,80.833082,10.143914,3.778576,39.002554
12.739015,21.262939,42.324224,3407.042389,-0.824936,80.848371,10.220357,3.807058,0.001438
12.745721,21.310859,42.253201,3401.510082,-0.753625,80.862110,10.289279,3.832857,0.004216
12.753410,21.355605,42.190049,3395.926653,-0.678540,80.874575,10.346544,3.854958,0.002944
12.760649,21.402485,42.133871,3390.293521,-0.604546,80.887908,10.394561,3.874662,0.002050
12.767418,21.447617,42.082713,3384.617011,-0.526549,80.898677,10.432442,3.889988,0.001668
12.774227,21.494326,42.039466,3378.903225,-0.449444,80.910034,10.461494,3.900130,0.002104
12.779091,21.541168,42.005229,3373.153767,-0.372645,80.923598,10.478403,3.905841,0.003590
12.786835,21.585922,41.973932,3367.378582,-0.295438,80.936034,10.485966,3.908942,0.004648
12.794666,21.630699,41.953860,3361.580981,-0.218627,80.949480,10.482624,3.907143,0.004814
12.802502,21.675613,41.938084,3355.766878,-0.140787,80.961966,10.471634,3.902494,0.004770
12.809549,21.721985,41.928782,3349.944679,-0.063704,80.974562,10.449496,3.894499,0.004150
12.815857,21.770412,41.926582,3344.118529,0.011873,80.986190,10.419490,3.882442,0.004132
12.822054,21.817078,41.929779,3338.295643,0.085246,80.998676,10.376941,3.866627,0.005548
12.828267,21.861088,41.941347,3332.479347,0.159144,81.012762,10.324784,3.847486,0.003724
12.836376,21.905232,41.957256,3326.673579,0.233108,81.025872,10.265368,3.822468,0.002950
12.843281,21.952530,41.980138,3320.889254,0.304171,81.039990,10.195913,3.796552,0.002138
12.848020,21.998785,42.008789,3315.129266,0.371713,81.052289,10.119237,3.767085,0.001997
12.856350,22.043830,42.045161,3309.395067,0.437940,81.065084,10.035371,3.737296,0.000182
12.864060,22.088489,42.085565,3303.692870,0.500607,81.078948,9.944028,3.704307,-0.001038
12.870478,22.133625,42.130831,3298.027120,0.562250,81.090916,9.848878,3.668836,-0.001597
12.877273,22.177461,42.181954,3292.404270,0.619394,81.104131,9.746141,3.629885,-0.001878
12.883811,22.222035,42.238758,3286.825528,0.676608,81.117315,9.636335,3.588499,-0.000237
12.890733,22.265088,42.298374,3281.294319,0.730628,81.129335,9.522547,3.544396,-0.000047
12.897274,22.309051,42.363415,3275.814790,0.779488,81.141684,9.405781,3.499538,0.000936
12.905007,22.351667,42.431387,3270.391260,0.826965,81.156886,9.283237,3.453710,0.002649
12.910888,22.398238,42.505532,3265.025336,0.869976,81.172361,9.158888,3.406697,0.002071
12.917473,22.441727,42.581500,3259.717568,0.908926,81.184375,9.030842,3.359568,0.002850
12.924713,22.485634,42.660132,3254.473251,0.947886,81.195923,8.901773,3.310806,0.002085
12.931682,22.530209,42.743883,3249.292093,0.980761,81.208443,8.770941,3.261201,0.002467
12.937780,22.575066,42.828485,3244.178021,1.008880,81.220324,8.638825,3.212853,0.000586
12.944441,22.619562,42.913417,3239.127250,1.034684,81.230574,8.509005,3.164778,0.000648
12.951965,22.663781,43.003015,3234.146193,1.058843,81.242871,8.377874,3.116487,0.001232
12.959356,22.706854,43.093149,3229.231636,1.076688,81.257075,8.246750,3.067982,0.001099
12.965363,22.749843,43.185584,3224.385513,1.092217,81.269162,8.116586,3.019535,0.001375
12.971983,22.792922,43.277458,3219.609600,1.104597,81.280980,7.986346,2.970208,0.001164
12.979325,22.837812,43.370023,3214.901674,1.112847,81.294187,7.858591,2.924606,0.001709
12.985903,22.880347,43.462974,3210.263163,1.116517,81.305933,7.732511,2.878085,0.002082
12.991121,22.923038,43.556290,3205.692394,1.118270,81.319189,7.609039,2.831121,0.003241
12.998554,22.966563,43.651366,3201.188409,1.114813,81.329533,7.488425,2.786529,0.002207
13.004501,23.009338,43.746697,3196.754041,1.108540,81.342422,7.371206,2.743844,0.001350
13.011538,23.050535,43.838097,3192.385358,1.100451,81.353895,7.256730,2.699968,0.000088
13.016863,23.095086,43.930284,3188.083090,1.087693,81.366052,7.144874,2.660770,-0.000338
13.023142,23.139776,44.020971,3183.847418,1.072550,81.380383,7.035567,2.619220,-0.000828
13.029720,23.182979,44.109988,3179.676442,1.055470,81.393122,6.932128,2.579383,-0.000532
13.036777,23.226144,44.197565,3175.568712,1.034021,81.406537,6.831351,2.541630,-0.000798
13.044074,23.268843,44.281551,3171.522139,1.010233,81.418980,6.732790,2.504718,-0.001588
13.048384,23.310924,44.363554,3167.536853,0.983887,81.429964,6.638880,2.471969,-0.000867
13.056579,23.353227,44.443950,3163.609231,0.954377,81.442691,6.548658,2.438246,-0.000792
13.063707,23.397434,44.521275,3159.737019,0.921607,81.454758,6.460267,2.405287,-0.000727
13.069460,23.439788,44.596577,3155.922374,0.887086,81.466959,6.376909,2.373404,-0.001284
13.077093,23.482071,44.668873,3152.163670,0.848555,81.477025,6.297990,2.343211,0.000003
13.082245,23.524280,44.735302,3148.456985,0.810135,81.490437,6.222520,2.314684,-0.000081
13.087614,23.566087,44.799562,3144.798985,0.767744,81.501893,6.149900,2.287773,0.000732
13.094601,23.611116,44.862655,3141.191386,0.725247,81.514211,6.083470,2.263394,0.000180
13.101364,23.653025,44.920508,3137.631887,0.680928,81.526681,6.020455,2.239698,-0.000687
13.107677,23.694240,44.974727,3134.117844,0.633140,81.539716,5.962640,2.219421,-0.001195
13.113315,23.738993,45.024937,3130.648578,0.584803,81.552067,5.905723,2.197818,-0.001002
13.118184,23.782642,45.070532,3127.219568,0.534487,81.566272,5.854666,2.181699,-0.001953
13.124880,23.826115,45.113703,3123.832270,0.482918,81.580455,5.809144,2.164412,-0.002828
13.131317,23.869003,45.151980,3120.482687,0.430294,81.593612,5.767854,2.147316,-0.003637
13.138211,23.910266,45.185636,3117.168886,0.375915,81.606100,5.727941,2.131730,-0.003040
13.144787,23.954417,45.214688,3113.891635,0.322198,81.619959,5.694313,2.116772,-0.001093
13.150928,23.998517,45.239839,3110.646373,0.264524,81.632032,5.662508,2.107166,-0.001752
13.155322,24.041424,45.256689,3107.431866,0.207407,81.644311,5.634025,2.096298,-0.000843
13.159021,24.082048,45.270899,3104.246834,0.149066,81.658227,5.610797,2.087337,-0.001000
13.166461,24.124041,45.277952,3101.087846,0.088827,81.669439,5.592759,2.080004,-0.001002
13.171990,24.165392,45.284685,3097.951712,0.028342,81.682253,5.577990,2.074800,-0.000818
13.179160,24.208539,45.283767,3094.839022,-0.031413,81.693422,5.567453,2.070045,-0.001259
13.186138,24.250739,45.278023,3091.744654,-0.092810,81.707706,5.559758,2.066587,-0.001241
13.191344,24.291919,45.267242,3088.670346,-0.153249,81.717744,5.557182,2.065623,-0.002390
13.197472,24.333415,45.251861,3085.612491,-0.214562,81.731370,5.558016,2.065917,-0.003863
13.204274,24.375226,45.230701,3082.569070,-0.275982,81.744844,5.562102,2.069454,-0.004086
13.209302,24.416117,45.204493,3079.536661,-0.338102,81.758287,5.570498,2.073672,-0.003264
13.216379,24.459384,45.174973,3076.516678,-0.399822,81.771388,5.582499,2.078821,-0.000951
13.220625,24.499263,45.139413,3073.501783,-0.461976,81.783563,5.599760,2.084602,-0.001170
13.225936,24.540155,45.100306,3070.492215,-0.522123,81.795197,5.621464,2.093851,-0.002459
13.230324,24.582052,45.057410,3067.484423,-0.583692,81.808019,5.645579,2.102285,-0.001344
13.236144,24.623435,45.007526,3064.478052,-0.643629,81.818495,5.675565,2.112796,-0.000150
13.242912,24.664249,44.954490,3061.469662,-0.701689,81.829667,5.707015,2.124791,0.001346
13.248043,24.706226,44.895341,3058.455809,-0.760423,81.842863,5.741863,2.138367,0.002198
13.253465,24.747590,44.831974,3055.436428,-0.818248,81.855680,5.782389,2.153086,0.002749
13.259849,24.789615,44.765715,3052.408572,-0.875515,81.868508,5.824962,2.168001,0.001251
13.264640,24.832357,44.693054,3049.370923,-0.931192,81.880808,5.872331,2.186758,0.000477
13.269637,24.874552,44.617229,3046.317296,-0.986053,81.895924,5.922454,2.204679,0.000776
13.275805,24.914546,44.537905,3043.248745,-1.040125,81.907669,5.977844,2.225872,0.000880
13.282352,24.955763,44.452384,3040.159279,-1.090805,81.921112,6.037762,2.249137,0.000932
13.288036,24.997416,44.363945,3037.049278,-1.139208,81.932778,6.099469,2.271307,0.000773
13.294542,25.039364,44.272880,3033.914901,-1.187521,81.944661,6.167184,2.297124,0.001522
13.300482,25.081355,44.175668,3030.754026,-1.232735,81.957018,6.237729,2.323524,0.000359
13.306276,25.120193,44.075380,3027.565762,-1.275797,81.970076,6.310935,2.351287,0.000921
13.312855,25.161558,43.973588,3024.344968,-1.318513,81.982050,6.390117,2.379526,0.001152
13.318192,25.201324,43.869292,3021.090918,-1.356811,81.993741,6.471189,2.410173,0.001364
13.325060,25.242631,43.759256,3017.798897,-1.394180,82.006923,6.556426,2.443757,0.000592
13.330167,25.283879,43.648096,3014.465889,-1.430024,82.018032,6.647634,2.475297,0.001357
13.336711,25.324527,43.534135,3011.093328,-1.464954,82.031255,6.738409,2.509756,0.000356
13.342903,25.366393,43.417867,3007.674062,-1.494358,82.042794,6.833712,2.545335,0.000453
13.349365,25.409013,43.298600,3004.209247,-1.521073,82.056376,6.934076,2.580889,-0.000479
13.354492,25.448882,43.177280,3000.696358,-1.546030,82.069523,7.039349,2.617657,0.000002
13.358566,25.489178,43.056380,2997.130808,-1.566634,82.081750,7.144597,2.657373,-0.000020
13.364084,25.529125,42.932448,2993.509348,-1.585445,82.093530,7.253854,2.698301,0.000442
13.370926,25.568771,42.809193,2989.831597,-1.600347,82.105464,7.364839,2.739732,-0.001132
13.375301,25.608502,42.681777,2986.095636,-1.613862,82.117480,7.475985,2.783169,-0.001346
13.382120,25.651223,42.554565,2982.301159,-1.625017,82.129887,7.589342,2.825608,-0.000553
13.387022,25.693227,42.428730,2978.443600,-1.633113,82.142761,7.705865,2.868846,-0.000988
13.392118,25.735944,42.302211,2974.518737,-1.636297,82.154995,7.823646,2.914800,-0.000101
13.398565,25.776725,42.173673,2970.530597,-1.635642,82.167461,7.944025,2.957680,0.000111
13.403672,25.816566,42.046544,2966.473437,-1.632026,82.179729,8.065787,3.002501,0.001656
13.407960,25.856134,41.921604,2962.347045,-1.626059,82.191081,8.188411,3.047292,0.002299
13.413732,25.898897,41.795817,2958.150593,-1.615372,82.203632,8.312489,3.094938,0.003369
13.417468,25.940421,41.670394,2953.879858,-1.602153,82.214831,8.433959,3.141489,0.003436
13.422343,25.981973,41.547692,2949.539392,-1.584856,82.226593,8.556135,3.187707,0.003439
13.429401,26.023734,41.426603,2945.125622,-1.566247,82.238011,8.678356,3.232092,0.005076
13.432888,26.063770,41.307269,2940.637193,-1.542864,82.248667,8.799791,3.277612,0.004236
13.438402,26.102668,41.189507,2936.077966,-1.517501,82.262338,8.917317,3.322917,0.003003
13.443013,26.142658,41.073821,2931.445458,-1.488378,82.275266,9.033952,3.366387,0.002686
13.447838,26.181282,40.961682,2926.739872,-1.455641,82.287740,9.148661,3.409027,0.001306
13.453493,26.222381,40.852811,2921.960060,-1.419143,82.298742,9.261539,3.450429,0.002295
13.458631,26.263618,40.744097,2917.109501,-1.379521,82.310968,9.370431,3.490686,0.001155
13.462916,26.302777,40.640145,2912.191057,-1.336800,82.323807,9.474683,3.530920,0.002613
13.467325,26.341662,40.540355,2907.201664,-1.290415,82.336517,9.574867,3.568114,0.001709
13.472489,26.382351,40.444573,2902.146607,-1.239163,82.349781,9.673439,3.603356,0.002996
13.478280,26.422933,40.351746,2897.026567,-1.188688,82.363318,9.765466,3.635641,0.000710
13.483644,26.462720,40.265527,2891.841619,-1.134466,82.375451,9.852469,3.667944,0.002041
13.489307,26.501673,40.181819,2886.596163,-1.076942,82.388640,9.932065,3.697741,0.000100
13.494283,26.540094,40.102317,2881.293957,-1.017048,82.400040,10.005410,3.723854,0.000938
13.498324,26.579387,40.025856,2875.936158,-0.954740,82.411725,10.072305,3.748061,0.000550
13.503624,26.617475,39.954769,2870.527966,-0.891849,82.424430,10.133388,3.771819,0.000434
13.509304,26.657160,39.889951,2865.069359,-0.826127,82.438457,10.187566,3.790706,0.000188
13.513290,26.694112,39.829108,2859.569923,-0.762317,82.452108,10.234329,3.808548,-0.000403
13.517460,26.733626,39.773962,2854.028881,-0.697062,82.463236,10.271552,3.821984,-0.000885
13.523924,26.774293,39.724043,2848.450390,-0.627877,82.475509,10.303238,3.834181,-0.000764
13.528632,26.813717,39.680126,2842.840509,-0.560712,82.486610,10.326328,3.841611,-0.001768
13.536460,26.852394,39.642720,2837.200495,-0.491892,82.499747,10.344050,3.846379,-0.004011
13.540575,26.891278,39.609393,2831.536694,-0.421684,82.510386,10.349972,3.850051,-0.004361
13.544807,26.930015,39.580893,2825.853903,-0.352093,82.521966,10.348920,3.848723,-0.004676
13.548530,26.968126,39.558212,2820.152211,-0.283695,82.532791,10.340621,3.845307,-0.003811
13.553528,27.007116,39.539456,2814.444806,-0.215686,82.545478,10.323549,3.838457,-0.003652
13.558026,27.045470,39.525874,2808.728472,-0.146797,82.555577,10.300943,3.830718,-0.003364
13.563169,27.084257,39.518722,2803.007700,-0.077637,82.567852,10.271479,3.819427,-0.004480
13.570697,27.122170,39.517318,2797.290151,-0.009553,82.579015,10.232369,3.807901,-0.002574
13.575664,27.159813,39.519674,2791.579053,0.054851,82.589559,10.187287,3.793881,-0.003140
13.580804,27.198159,39.526621,2785.877763,0.118847,82.601455,10.137013,3.773490,-0.002974
13.584583,27.234456,39.535890,2780.190939,0.182112,82.613535,10.079046,3.751494,-0.002657
13.589966,27.272245,39.550717,2774.521727,0.241369,82.624561,10.017397,3.728631,-0.002845
13.594581,27.309609,39.569003,2768.873806,0.300178,82.636352,9.948569,3.703108,-0.002952
13.599977,27.346597,39.591842,2763.250488,0.355895,82.647546,9.875316,3.676315,-0.004229
13.605221,27.384960,39.619324,2757.656257,0.408974,82.659727,9.797817,3.647182,-0.003047
13.609029,27.422114,39.651713,2752.094160,0.459458,82.673016,9.717033,3.615012,-0.001634
13.615623,27.458680,39.685105,2746.566172,0.507148,82.684779,9.632141,3.583759,0.000645
13.618782,27.494112,39.723247,2741.074790,0.552599,82.697254,9.542823,3.551677,0.000023
13.623417,27.530619,39.764407,2735.624564,0.594157,82.709373,9.449746,3.516682,0.001390
13.627589,27.567658,39.808419,2730.216480,0.633431,82.720875,9.355707,3.481745,-0.000351
13.632966,27.606044,39.854175,2724.854895,0.669905,82.732938,9.257882,3.444321,0.000832
13.637293,27.642779,39.902365,2719.538609,0.704808,82.744351,9.157378,3.408281,0.002215
13.641992,27.678968,39.952804,2714.269365,0.733674,82.755418,9.056421,3.371873,0.003616
13.646999,27.717605,40.007255,2709.050235,0.759805,82.767729,8.954246,3.333297,0.002275
13.651696,27.754569,40.062580,2703.881217,0.783952,82.780282,8.851434,3.294112,0.004203
13.654912,27.790219,40.118379,2698.762921,0.802126,82.791658,8.749182,3.255372,0.004166
13.659457,27.829006,40.174403,2693.698194,0.819533,82.804033,8.645962,3.217219,0.004544
13.662141,27.867539,40.233313,2688.686867,0.832626,82.816152,8.541822,3.178222,0.003635
13.666431,27.905925,40.292203,2683.731799,0.842024,82.826702,8.441610,3.140955,0.002714
13.671165,27.943090,40.352878,2678.827410,0.847292,82.839952,8.339333,3.103404,0.003214
13.675970,27.978536,40.414010,2673.979522,0.850070,82.851963,8.240770,3.068100,0.002004
13.681003,28.015827,40.473710,2669.186394,0.850544,82.865742,8.142562,3.031306,0.002121
13.684593,28.052342,40.534289,2664.446723,0.846841,82.876798,8.044706,2.995088,0.002344
13.689843,28.088120,40.592103,2659.764733,0.839804,82.888639,7.949992,2.959240,0.000608
13.693520,28.125315,40.649881,2655.136419,0.827687,82.899011,7.857775,2.925644,0.001082
13.698153,28.161289,40.708313,2650.559852,0.815719,82.909908,7.768916,2.891413,0.000070
13.702723,28.197936,40.763524,2646.039408,0.799651,82.922636,7.684343,2.860047,0.000894
13.706616,28.233603,40.819603,2641.569104,0.781084,82.934764,7.599064,2.829502,0.001369
13.711258,28.269912,40.872548,2637.152242,0.758145,82.944708,7.516832,2.799982,-0.000077
13.716364,28.305860,40.922862,2632.785575,0.732889,82.954086,7.438373,2.770377,0.000855
13.721115,28.342700,40.973648,2628.468373,0.707038,82.967013,7.360615,2.740560,0.001295
13.726365,28.378228,41.020486,2624.198393,0.676705,82.978342,7.287350,2.716024,0.000779
13.729400,28.417152,41.065788,2619.978061,0.643190,82.989950,7.216866,2.688609,-0.001060
13.732009,28.453289,41.108690,2615.805309,0.608161,83.002323,7.151594,2.663290,-0.000545
13.736294,28.488035,41.150065,2611.675187,0.570926,83.011996,7.089422,2.638561,0.000560
13.740042,28.522907,41.187855,2607.589620,0.530650,83.022969,7.030345,2.616692,-0.000711
13.745887,28.557897,41.222740,2603.548365,0.488308,83.035434,6.973794,2.594213,-0.000108
13.750566,28.594254,41.256163,2599.548263,0.443821,83.048259,6.920893,2.575895,0.001889
13.754251,28.629372,41.285168,2595.587464,0.399045,83.059930,6.872427,2.557598,0.001915
13.757786,28.665151,41.309133,2591.663588,0.351556,83.071666,6.828487,2.539288,0.003521
13.762235,28.700490,41.330639,2587.778155,0.303246,83.082683,6.787979,2.524536,0.003170
13.765305,28.735994,41.348620,2583.925637,0.254836,83.092640,6.751412,2.510608,0.003745
13.770856,28.772478,41.364380,2580.106830,0.203484,83.103556,6.716728,2.499133,0.002459
13.775404,28.806854,41.376129,2576.319859,0.151969,83.115639,6.684169,2.486255,0.003446
13.777849,28.842422,41.383771,2572.563892,0.097718,83.126428,6.657947,2.477375,0.004721
13.782073,28.878916,41.387872,2568.834989,0.041901,83.137359,6.635033,2.469563,0.004540
13.785152,28.913231,41.388360,2565.132815,-0.015185,83.149415,6.615357,2.461089,0.004110
13.788106,28.949268,41.386757,2561.453635,-0.073134,83.159647,6.600445,2.457030,0.003683
13.792248,28.982460,41.377604,2557.797293,-0.132076,83.168244,6.588240,2.450749,0.003420
13.796157,29.018527,41.365776,2554.160568,-0.190203,83.179045,6.578286,2.447714,0.004390
13.800731,29.053453,41.352489,2550.542796,-0.250040,83.189278,6.572165,2.445762,0.005279
13.805939,29.088963,41.333162,2546.942868,-0.308927,83.199191,6.571391,2.445537,0.005302
13.808767,29.124896,41.311213,2543.357742,-0.367856,83.211830,6.574705,2.445689,0.004562
13.812921,29.159196,41.284417,2539.785180,-0.428950,83.223276,6.580405,2.447270,0.004433
13.817040,29.192125,41.254726,2536.224200,-0.487496,83.234089,6.589842,2.450764,0.003283
13.820655,29.226138,41.220806,2532.671396,-0.544207,83.245060,6.603387,2.456331,0.003678
13.826314,29.261155,41.183045,2529.121952,-0.603154,83.257351,6.621276,2.461165,0.002756
13.829824,29.296072,41.141113,2525.577398,-0.661763,83.269116,6.642334,2.471088,0.001818
13.835092,29.331957,41.095524,2522.037209,-0.721446,83.281182,6.666990,2.479398,0.002636
13.840215,29.366233,41.046945,2518.497013,-0.777959,83.293238,6.692767,2.490508,0.002867
13.843954,29.401361,40.993175,2514.955027,-0.834825,83.305300,6.722205,2.501554,0.002738
13.847872,29.435320,40.936049,2511.409644,-0.889568,83.317187,6.757809,2.513694,0.001298
13.851346,29.471343,40.876378,2507.854223,-0.943037,83.328188,6.797896,2.529005,0.000540
13.854749,29.504003,40.813334,2504.292152,-0.996651,83.340103,6.840041,2.545072,0.000327
13.860225,29.536231,40.745426,2500.720677,-1.049453,83.352945,6.884097,2.562028,0.000866
13.863252,29.569569,40.673438,2497.134211,-1.099791,83.365173,6.931586,2.581482,-0.000211
13.865534,29.603432,40.599438,2493.532243,-1.147965,83.376592,6.983242,2.600906,-0.001126
13.869959,29.636870,40.522235,2489.911779,-1.196036,83.386861,7.039292,2.619979,-0.000311
13.874162,29.669284,40.440968,2486.273573,-1.240325,83.397436,7.099136,2.641832,0.000450
13.879053,29.701432,40.358963,2482.610637,-1.284927,83.407955,7.158871,2.666085,0.000271
13.881860,29.736651,40.273046,2478.924107,-1.326378,83.418909,7.224291,2.689638,0.000189
13.884540,29.770916,40.186642,2475.211128,-1.366789,83.429698,7.290774,2.715045,0.000076
13.890330,29.805096,40.098264,2471.468096,-1.404154,83.441602,7.360551,2.741790,-0.000173
13.893447,29.840101,40.005414,2467.696903,-1.437012,83.452055,7.433023,2.767917,-0.000842
13.898431,29.875411,39.912312,2463.891282,-1.470208,83.462910,7.508586,2.796986,-0.000260
13.903388,29.908314,39.819308,2460.051545,-1.500982,83.473785,7.587424,2.825100,0.000562
13.904968,29.942102,39.722521,2456.174066,-1.526461,83.484961,7.668038,2.856701,0.001491
13.907499,29.974448,39.623710,2452.258395,-1.550826,83.496426,7.749333,2.888421,0.001232
13.911742,30.008363,39.522558,2448.300759,-1.575525,83.508395,7.833957,2.919242,0.000810
13.914776,30.040368,39.420496,2444.301208,-1.593692,83.520005,7.920291,2.950932,0.000782
13.918114,30.075579,39.319356,2440.256205,-1.608560,83.530307,8.006513,2.985767,0.002081
13.919663,30.108508,39.216743,2436.167223,-1.621779,83.541574,8.094667,3.018647,0.001421
13.921340,30.142732,39.113308,2432.030015,-1.631299,83.553139,8.186959,3.051350,0.001944
13.925457,30.175196,39.010391,2427.844124,-1.638439,83.564537,8.280239,3.084184,0.001568
13.930528,30.206662,38.905969,2423.606417,-1.640624,83.575398,8.373819,3.120567,0.000101
13.935639,30.240527,38.801616,2419.318212,-1.642192,83.586229,8.465164,3.154839,-0.000371
13.939753,30.273883,38.697914,2414.977162,-1.639679,83.597496,8.559040,3.189728,-0.000422
13.942360,30.307341,38.593578,2410.583442,-1.634818,83.607374,8.654523,3.225530,0.000170
13.944317,30.340318,38.491708,2406.133212,-1.626092,83.618063,8.749728,3.260018,-0.000577
13.947846,30.374027,38.389786,2401.631334,-1.614481,83.628463,8.841233,3.294728,-0.001833
13.952411,30.408445,38.288415,2397.072796,-1.598791,83.638992,8.933205,3.329618,-0.001135
13.955693,30.441421,38.187656,2392.460678,-1.579559,83.650002,9.022917,3.364402,-0.000943
13.960572,30.472356,38.088706,2387.792122,-1.558920,83.662423,9.113869,3.396952,-0.000705
13.965483,30.506284,37.993590,2383.065048,-1.534584,83.673808,9.202890,3.429815,0.000599
13.968832,30.540625,37.899460,2378.285069,-1.505784,83.683126,9.288898,3.461120,0.001536
13.971984,30.573183,37.804999,2373.447135,-1.475031,83.695243,9.372777,3.494135,0.001932
13.975010,30.605134,37.713860,2368.556511,-1.441843,83.706780,9.453919,3.524159,0.000739
13.978607,30.638073,37.625401,2363.612614,-1.405189,83.715949,9.532946,3.553921,0.000287
13.983400,30.669963,37.537966,2358.616362,-1.367088,83.726836,9.607504,3.581703,0.001040
13.989159,30.703028,37.453746,2353.568399,-1.326298,83.737049,9.679339,3.609040,0.001318
13.992338,30.735991,37.374225,2348.471440,-1.281348,83.748229,9.747993,3.634087,-0.000809
13.994704,30.770032,37.297800,2343.325363,-1.235895,83.759299,9.812735,3.657157,-0.001634
13.997133,30.802630,37.223631,2338.135478,-1.188992,83.770020,9.873820,3.677384,-0.001961
14.000496,30.833677,37.153054,2332.901920,-1.137570,83.779688,9.927106,3.697212,-0.001538
14.004272,30.863811,37.085096,2327.624994,-1.085255,83.789795,9.976529,3.715901,-0.001428
14.007356,30.894935,37.020763,2322.307747,-1.031861,83.802873,10.021261,3.732033,-0.000976
14.010633,30.927049,36.958868,2316.952546,-0.973223,83.813836,10.060395,3.746371,-0.000739
14.014203,30.959498,36.900374,2311.559664,-0.916309,83.825829,10.095536,3.758124,0.000288
14.018000,30.991469,36.847810,2306.137505,-0.859239,83.836040,10.124981,3.768242,0.002665
14.020286,31.021349,36.796200,2300.685617,-0.801021,83.846309,10.148212,3.776758,0.002420
14.024345,31.052095,36.750578,2295.208551,-0.742007,83.857513,10.166158,3.782984,0.002133
14.028191,31.083968,36.708982,2289.707303,-0.682383,83.869769,10.177852,3.787439,0.001723
14.032424,31.115407,36.669950,2284.183817,-0.620501,83.880282,10.186613,3.792975,0.000879
14.035783,31.145087,36.634807,2278.644234,-0.559441,83.891158,10.187031,3.792333,0.002232
14.039588,31.179688,36.603531,2273.088676,-0.499677,83.900888,10.183022,3.790184,0.002241
14.042781,31.211943,36.576400,2267.521223,-0.441723,83.911505,10.171188,3.786440,0.002856
14.046008,31.240494,36.552878,2261.945568,-0.379204,83.920166,10.155951,3.782771,0.003030
14.048536,31.273620,36.531683,2256.366960,-0.322162,83.930024,10.136202,3.773151,0.002697
14.051466,31.304241,36.514200,2250.785838,-0.264664,83.937336,10.109350,3.763203,0.001518
14.054369,31.336280,36.499679,2245.205874,-0.207719,83.950041,10.079568,3.751359,0.003091
14.058409,31.366875,36.489658,2239.629869,-0.150505,83.961942,10.042991,3.738690,0.002945
14.062650,31.396057,36.482246,2234.062842,-0.096442,83.973040,10.002747,3.724886,0.003434
14.066813,31.426751,36.479777,2228.503471,-0.043208,83.983615,9.958574,3.707819,0.004859
14.068123,31.458214,36.479046,2222.955871,0.008371,83.994683,9.909809,3.690500,0.005097
14.072745,31.488249,36.481743,2217.423978,0.057390,84.005338,9.858100,3.671162,0.004239
14.075134,31.519340,36.487302,2211.910852,0.103129,84.014277,9.803594,3.651431,0.003776
14.078141,31.549548,36.492872,2206.419571,0.147394,84.024935,9.744432,3.629544,0.003775
14.082546,31.579153,36.503220,2200.948086,0.189155,84.034799,9.684151,3.606278,0.000851
14.084645,31.609643,36.514537,2195.501144,0.227272,84.046742,9.620588,3.583756,0.001289
14.086824,31.640895,36.528692,2190.081105,0.263994,84.055619,9.551283,3.557967,0.000291
14.089022,31.671150,36.543843,2184.690625,0.296872,84.066636,9.481563,3.531981,-0.000103
14.090951,31.701001,36.561453,2179.332800,0.328376,84.077847,9.412664,3.504284,-0.000419
14.095139,31.731288,36.583978,2174.005696,0.356606,84.088614,9.341136,3.477530,-0.001390
14.096733,31.760823,36.604203,2168.711497,0.381618,84.096314,9.267947,3.450379,-0.001310
14.098330,31.790263,36.626911,2163.451146,0.403391,84.106968,9.192426,3.421909,-0.004450
14.100826,31.820971,36.649017,2158.227081,0.423807,84.117062,9.117620,3.393386,-0.005401
14.102612,31.849677,36.673322,2153.041458,0.439220,84.127171,9.043515,3.365364,-0.005926
14.105048,31.880547,36.697213,2147.895611,0.452250,84.137393,8.969964,3.337614,-0.007286
14.107648,31.911175,36.724519,2142.786427,0.463715,84.148513,8.894995,3.309400,-0.005103
14.110841,31.939746,36.750585,2137.718703,0.469667,84.158698,8.821549,3.281952,-0.004854
14.114036,31.969623,36.777441,2132.690269,0.473742,84.169132,8.748220,3.253859,-0.002995
14.116287,31.999323,36.803243,2127.702109,0.475134,84.180372,8.673809,3.227217,-0.001842
14.117413,32.028334,36.829971,2122.755047,0.472751,84.189924,8.600713,3.200836,-0.003282
14.119983,32.059140,36.857131,2117.848295,0.466713,84.199924,8.529384,3.174287,-0.003205
14.124393,32.087704,36.882226,2112.983178,0.457401,84.209133,8.460444,3.148102,-0.003589
14.129426,32.116779,36.905716,2108.158601,0.445252,84.220459,8.392910,3.122779,-0.004377
14.134158,32.145612,36.931281,2103.376959,0.429720,84.229641,8.325471,3.097888,-0.001861
14.137576,32.173330,36.954454,2098.634393,0.412865,84.239333,8.260379,3.073738,-0.001291
14.139067,32.200486,36.975212,2093.931171,0.392646,84.249824,8.197830,3.053364,-0.000726
14.143249,32.229254,36.994117,2089.268545,0.369074,84.259591,8.137153,3.030584,0.002436
14.147584,32.259453,37.014102,2084.647728,0.346005,84.270695,8.080351,3.008038,0.003138
14.151314,32.286219,37.033289,2080.065887,0.317946,84.280868,8.025331,2.986566,0.003823
14.154068,32.313954,37.049218,2075.519947,0.286884,84.291876,7.973070,2.966415,0.004454
14.157643,32.343247,37.062295,2071.011945,0.255276,84.301728,7.923577,2.947359,0.005125
14.159808,32.371618,37.074544,2066.539602,0.219525,84.311615,7.873488,2.929868,0.004654
14.162248,32.399996,37.084492,2062.102416,0.181751,84.320918,7.828652,2.913410,0.004671
14.166470,32.426038,37.094047,2057.698921,0.142531,84.332080,7.787037,2.899251,0.004433
14.169834,32.453242,37.101882,2053.330733,0.101167,84.342130,7.746954,2.882789,0.004842
14.171985,32.483334,37.107247,2048.994511,0.057418,84.351894,7.708283,2.867725,0.003592
14.175854,32.510483,37.107748,2044.689451,0.013274,84.362278,7.673878,2.854333,0.003609
14.180424,32.538970,37.107797,2040.414176,-0.032850,84.373027,7.642238,2.842456,0.003437
14.181625,32.567403,37.105094,2036.167674,-0.081287,84.381215,7.614438,2.831927,0.003730
14.183549,32.593870,37.099235,2031.948693,-0.131118,84.390997,7.587906,2.821111,0.002270
14.185009,32.622021,37.089675,2027.753925,-0.182601,84.400182,7.565700,2.812600,0.002545
14.187558,32.650462,37.077664,2023.585857,-0.234344,84.410998,7.547997,2.806563,0.002720
14.188389,32.678335,37.063160,2019.441681,-0.286909,84.421094,7.531136,2.800896,0.001278
14.188921,32.706548,37.047159,2015.319085,-0.340290,84.431885,7.517979,2.796351,-0.000256
14.192609,32.734254,37.026514,2011.215269,-0.396412,84.442696,7.507067,2.792733,-0.000309
14.194766,32.762683,37.004146,2007.130762,-0.451846,84.451663,7.499871,2.790931,-0.000520
14.196521,32.791222,36.978793,2003.062472,-0.508144,84.460488,7.495671,2.789037,-0.002542
14.199140,32.820421,36.950617,1999.011085,-0.563428,84.470791,7.495003,2.790552,-0.001894
14.204147,32.845788,36.919896,1994.972446,-0.619635,84.480168,7.498145,2.792453,-0.003041
14.206158,32.873408,36.886254,1990.946514,-0.675378,84.488568,7.506287,2.794631,-0.003314
14.207272,32.900070,36.848419,1986.928765,-0.732542,84.498822,7.514858,2.799622,-0.002020
14.210706,32.928948,36.807158,1982.921363,-0.789962,84.508587,7.528151,2.806017,-0.002897
14.213881,32.957217,36.764273,1978.921717,-0.844205,84.517216,7.540827,2.812370,-0.004640
14.215216,32.984450,36.719329,1974.925963,-0.897992,84.528410,7.559285,2.819041,-0.004061
14.216549,33.009980,36.674113,1970.932676,-0.953201,84.539453,7.580605,2.826050,-0.003381
14.218719,33.038294,36.621618,1966.941003,-1.006822,84.548708,7.603326,2.835589,-0.001416
14.220769,33.065265,36.568390,1962.950469,-1.060001,84.557948,7.628573,2.844828,-0.000119
14.224818,33.093067,36.512413,1958.957480,-1.114103,84.567303,7.657927,2.854346,0.001354
14.225980,33.119970,36.456142,1954.960392,-1.167150,84.576564,7.688713,2.866292,-0.000100
14.230129,33.146504,36.394277,1950.958149,-1.216718,84.588258,7.723704,2.878072,0.000378
14.232499,33.173576,36.330398,1946.949044,-1.266410,84.597447,7.760711,2.892827,0.000484
14.234842,33.201376,36.264982,1942.930519,-1.313058,84.607227,7.799246,2.905794,0.001212
14.237697,33.228074,36.197458,1938.898724,-1.358645,84.617268,7.842191,2.921590,-0.000305
14.240511,33.252823,36.127278,1934.856077,-1.400891,84.628838,7.885504,2.938173,0.000349
14.245026,33.280959,36.055274,1930.799289,-1.444006,84.637917,7.931785,2.955228,0.001872
14.244520,33.308145,35.980753,1926.725915,-1.483227,84.648037,7.981342,2.975103,0.001377
14.248854,33.334289,35.903924,1922.633299,-1.521109,84.658030,8.032399,2.995637,0.001843
14.252596,33.362077,35.826939,1918.521338,-1.558826,84.665686,8.084756,3.016393,0.001843
14.253975,33.387456,35.747302,1914.389460,-1.592877,84.675889,8.140056,3.037031,0.002957
14.255952,33.415362,35.667549,1910.232805,-1.623145,84.686456,8.197561,3.056707,0.003229
14.257980,33.440015,35.586275,1906.050713,-1.651663,84.697095,8.258393,3.078680,0.001294
14.259229,33.464786,35.502649,1901.846360,-1.677363,84.706247,8.319118,3.099915,0.001516
14.262312,33.490969,35.418279,1897.611135,-1.700538,84.715693,8.381287,3.122759,0.002325
14.264944,33.515772,35.334002,1893.347219,-1.723654,84.725526,8.442205,3.146309,0.001277
14.267741,33.541703,35.247769,1889.052353,-1.744464,84.733654,8.504206,3.168840,-0.001295
14.271055,33.567114,35.162474,1884.727891,-1.760458,84.743407,8.567797,3.191783,0.000072
14.272302,33.592983,35.075734,1880.370357,-1.775507,84.751643,8.630717,3.214308,-0.000880
14.276661,33.620755,34.988148,1875.978938,-1.784901,84.761664,8.697344,3.238305,-0.001071
14.278058,33.646843,34.902020,1871.552929,-1.790992,84.770896,8.764559,3.264928,-0.000341
14.278515,33.672159,34.812467,1867.091211,-1.796770,84.779732,8.832037,3.289376,-0.000926
14.280346,33.698118,34.724937,1862.592086,-1.797676,84.788443,8.901273,3.314142,-0.000119
14.282652,33.722966,34.635955,1858.058502,-1.795434,84.798589,8.968344,3.340495,-0.000815
14.286322,33.748947,34.548811,1853.486816,-1.790487,84.807286,9.035979,3.364892,-0.000701
14.288191,33.776266,34.460557,1848.877389,-1.782488,84.817219,9.098400,3.389261,-0.001947
14.289818,33.800296,34.374121,1844.227767,-1.773180,84.826653,9.163258,3.411757,-0.001179
14.291464,33.824056,34.289347,1839.539003,-1.758089,84.837235,9.225540,3.435589,-0.000623
14.293396,33.850666,34.206655,1834.814242,-1.743093,84.844316,9.288606,3.458548,0.001211
14.296288,33.875883,34.124262,1830.049615,-1.727139,84.855681,9.348254,3.480782,0.001647
14.298328,33.902361,34.041303,1825.245753,-1.704422,84.866460,9.408693,3.502953,0.003634
14.300038,33.925831,33.959859,1820.403756,-1.680925,84.876893,9.465455,3.525659,0.003868
14.302010,33.950394,33.883244,1815.523379,-1.655102,84.883406,9.521420,3.547804,0.003121
14.304335,33.976574,33.805083,1810.606145,-1.626922,84.895410,9.575942,3.566830,0.001526
14.306929,34.000091,33.729208,1805.654278,-1.595998,84.904693,9.626348,3.582829,0.002630
14.310077,34.026203,33.656475,1800.667294,-1.563768,84.915397,9.674123,3.599374,0.002314
14.312440,34.050899,33.582588,1795.644323,-1.527298,84.922754,9.717617,3.617660,0.002776
14.313324,34.076025,33.511148,1790.589471,-1.489783,84.932263,9.759695,3.632300,0.001872
14.314553,34.101930,33.443714,1785.500711,-1.451157,84.941744,9.800784,3.647364,0.002308
14.315150,34.124914,33.377004,1780.381136,-1.409130,84.950579,9.837348,3.660337,0.002555
14.317537,34.150588,33.311696,1775.230274,-1.367268,84.959597,9.869531,3.672612,0.002185
14.319983,34.174862,33.249019,1770.052851,-1.323785,84.969107,9.898962,3.682897,0.001230
14.323014,34.200317,33.190266,1764.848510,-1.278427,84.978952,9.924659,3.691269,0.001543
14.324921,34.225583,33.133480,1759.618134,-1.232815,84.989091,9.946096,3.699428,0.002038
14.326056,34.248703,33.078832,1754.365605,-1.185563,84.997879,9.965050,3.707309,0.001915
14.328297,34.271747,33.026765,1749.090359,-1.138087,85.006713,9.979585,3.712672,0.003685
14.330995,34.297210,32.975308,1743.797457,-1.089637,85.016370,9.989343,3.716349,0.002469
14.334374,34.322055,32.925058,1738.486411,-1.040261,85.026305,9.997003,3.720009,0.003547
14.335952,34.344715,32.877729,1733.159145,-0.991264,85.034642,9.998998,3.721515,0.004422
14.338038,34.366547,32.833057,1727.819610,-0.941567,85.044202,9.998140,3.720086,0.004325
14.338824,34.389421,32.792332,1722.467901,-0.892339,85.055087,9.994081,3.720344,0.002607
14.342201,34.411347,32.752687,1717.106678,-0.843984,85.063107,9.984757,3.717824,0.002558
14.342583,34.435332,32.713426,1711.737845,-0.796865,85.071257,9.974728,3.715225,0.002129
14.343068,34.458796,32.676645,1706.363826,-0.749505,85.080513,9.959751,3.707886,0.000545
14.345157,34.483394,32.643608,1700.985881,-0.703064,85.089143,9.940910,3.700960,0.000685
14.348337,34.507651,32.615478,1695.608301,-0.657387,85.096514,9.919199,3.693864,0.000736
14.351604,34.530068,32.587999,1690.230391,-0.612360,85.106462,9.895848,3.683923,-0.000416
14.354240,34.551309,32.561557,1684.857457,-0.569259,85.114038,9.868845,3.676391,-0.000699
14.355797,34.573937,32.535927,1679.486986,-0.528737,85.122966,9.839822,3.666436,-0.002765
14.357279,34.598122,32.515106,1674.123922,-0.488017,85.131421,9.807008,3.654679,-0.002594
14.359487,34.621820,32.495452,1668.771419,-0.449813,85.140096,9.772473,3.642604,-0.002450
14.361227,34.644904,32.475284,1663.429129,-0.412298,85.147524,9.735828,3.627893,-0.002652
14.361714,34.667779,32.458063,1658.099468,-0.379173,85.157077,9.696685,3.611631,-0.002084
14.364202,34.690854,32.441666,1652.783224,-0.346059,85.167159,9.655748,3.597056,-0.001798
14.363529,34.713438,32.429191,1647.481259,-0.316551,85.174256,9.614183,3.582321,-0.001136
14.364913,34.736607,32.417013,1642.195718,-0.289853,85.181797,9.569566,3.567322,-0.001346
14.366593,34.758212,32.405628,1636.929988,-0.265311,85.190127,9.524225,3.550805,-0.000429
14.367372,34.782488,32.393856,1631.684144,-0.241012,85.199757,9.478017,3.534201,-0.000595
14.372259,34.805715,32.383847,1626.457048,-0.220351,85.208127,9.429485,3.516237,0.001371
14.374597,34.827091,32.373780,1621.251849,-0.200186,85.216562,9.381592,3.497858,0.001325
14.376195,34.849326,32.365339,1616.070185,-0.185927,85.224869,9.333436,3.479673,0.000841
14.378250,34.872486,32.357961,1610.912260,-0.174528,85.236122,9.283455,3.461054,0.001464
14.380309,34.893608,32.350862,1605.780285,-0.166043,85.245684,9.232546,3.442224,0.002567
14.381608,34.916300,32.344472,1600.674074,-0.160356,85.253912,9.182512,3.421868,0.000661
14.383077,34.937986,32.337626,1595.593108,-0.157371,85.261951,9.133035,3.404558,-0.000938
14.384870,34.960383,32.330540,1590.540806,-0.155911,85.269803,9.082428,3.385812,0.002074
14.388638,34.983244,32.325909,1585.515891,-0.158917,85.279702,9.034199,3.368244,0.002223
14.389218,35.004947,32.317385,1580.520955,-0.164950,85.286416,8.985376,3.349321,-0.000129
14.391870,35.027860,32.311815,1575.554047,-0.172234,85.295539,8.939418,3.331923,0.000210
14.393373,35.050301,32.303789,1570.614342,-0.180577,85.303973,8.893153,3.314119,-0.001020
14.397903,35.071656,32.295442,1565.701730,-0.194018,85.312199,8.848254,3.296837,0.000174
14.398190,35.093830,32.285099,1560.821110,-0.209162,85.319834,8.803622,3.279325,-0.000361
14.400363,35.115530,32.277271,1555.968366,-0.228417,85.328184,8.759883,3.264154,-0.000263
14.401385,35.134806,32.268465,1551.144877,-0.249841,85.335768,8.719664,3.248183,0.000049
14.403354,35.156462,32.257977,1546.349138,-0.272382,85.344632,8.678468,3.231306,-0.000191
14.406333,35.177708,32.246123,1541.583159,-0.297404,85.352733,8.640695,3.217238,-0.000208
14.407155,35.199437,32.233511,1536.846805,-0.325097,85.361476,8.604215,3.202169,-0.000581
14.408290,35.220778,32.220008,1532.137527,-0.356483,85.369456,8.569145,3.189584,-0.002667
14.411771,35.241650,32.204954,1527.458604,-0.390075,85.378062,8.534601,3.177114,-0.004359
14.413864,35.263978,32.189079,1522.804590,-0.428575,85.386772,8.499559,3.166252,-0.004471
14.414222,35.285161,32.171313,1518.177049,-0.465541,85.396275,8.470564,3.154301,-0.003819
14.414551,35.305147,32.150063,1513.575415,-0.506384,85.405257,8.440421,3.143730,-0.003745
14.415924,35.326664,32.128297,1508.999726,-0.550255,85.412668,8.416326,3.133848,-0.003423
14.417081,35.348099,32.105686,1504.450014,-0.593954,85.421694,8.391953,3.124122,-0.004674
14.417373,35.368759,32.083882,1499.924034,-0.638228,85.427820,8.370286,3.116856,-0.004020
14.418348,35.388155,32.057489,1495.420032,-0.683298,85.435897,8.349777,3.108303,-0.003973
14.421132,35.411738,32.029901,1490.938264,-0.732250,85.444317,8.330359,3.101370,-0.003308
14.423127,35.431128,32.001352,1486.481572,-0.780807,85.452890,8.315108,3.096468,-0.002259
14.424478,35.449075,31.970022,1482.043625,-0.828566,85.460012,8.300386,3.092109,-0.001257
14.426629,35.471161,31.935479,1477.623776,-0.880591,85.468507,8.289651,3.085571,-0.001439
14.426872,35.491805,31.902512,1473.224495,-0.930185,85.477121,8.283261,3.082920,-0.000630
14.429119,35.510412,31.867066,1468.839644,-0.981356,85.485701,8.276369,3.080369,0.000003
14.431270,35.530826,31.828098,1464.474438,-1.036427,85.494236,8.271988,3.080374,0.000662
14.431330,35.551296,31.787991,1460.123466,-1.090193,85.501937,8.271533,3.078660,0.001170
14.433907,35.570590,31.745744,1455.785965,-1.144775,85.510348,8.272372,3.078530,0.001518
14.435815,35.590647,31.700686,1451.460298,-1.199702,85.519530,8.275349,3.079635,0.001736
14.435668,35.611209,31.654164,1447.148470,-1.254144,85.527846,8.280426,3.080976,0.003149
14.438729,35.629626,31.606494,1442.846931,-1.307976,85.535735,8.286157,3.084509,0.003015
14.439904,35.649371,31.553848,1438.551890,-1.361011,85.544914,8.294747,3.088358,0.001836
14.442247,35.669643,31.501569,1434.266829,-1.414816,85.552454,8.305485,3.092618,0.002805
14.443015,35.690191,31.446140,1429.988942,-1.467528,85.560414,8.317697,3.097201,0.001899
14.444436,35.713297,31.390134,1425.717062,-1.519589,85.569299,8.333886,3.104308,-0.000409
14.446329,35.734674,31.333832,1421.450070,-1.570216,85.578173,8.351458,3.109224,-0.001925
14.449619,35.752877,31.275505,1417.184693,-1.621737,85.586480,8.370919,3.118406,-0.002261
14.449987,35.772312,31.214180,1412.919888,-1.673375,85.595362,8.392511,3.128328,0.000439
14.450918,35.791729,31.150948,1408.653514,-1.722707,85.602043,8.413870,3.137783,0.003499
14.452550,35.810820,31.087731,1404.389530,-1.772287,85.609201,8.439550,3.147210,0.002743
14.454713,35.830708,31.022425,1400.120854,-1.817889,85.617369,8.465488,3.155511,0.004976
14.454363,35.848707,30.956404,1395.850133,-1.862188,85.626436,8.493663,3.166668,0.004350
14.456486,35.868531,30.887147,1391.573452,-1.904906,85.635325,8.525118,3.177947,0.003972
14.457930,35.886214,30.816025,1387.291449,-1.948267,85.642644,8.556680,3.190191,0.003279
14.459422,35.906355,30.743777,1383.001651,-1.989799,85.648211,8.591262,3.200851,0.004004
14.460097,35.925765,30.672129,1378.700918,-2.029007,85.657281,8.624640,3.214183,0.004593
14.460892,35.945176,30.599457,1374.393075,-2.066072,85.665675,8.660176,3.227623,0.004232
14.462223,35.963272,30.524806,1370.072908,-2.100609,85.673814,8.696275,3.241454,0.003236
14.461995,35.980420,30.450002,1365.741568,-2.133734,85.680918,8.734507,3.254582,0.002453
14.465655,35.999476,30.372601,1361.396523,-2.164024,85.689171,8.773883,3.269424,0.003168
14.467195,36.018371,30.296057,1357.036206,-2.192807,85.695952,8.813129,3.285963,0.003198
14.467370,36.037184,30.217853,1352.660806,-2.218153,85.704879,8.853330,3.301369,0.003862
14.469047,36.055627,30.139786,1348.271299,-2.241838,85.715829,8.893420,3.315757,0.002269
14.470835,36.074197,30.059573,1343.862414,-2.263550,85.723066,8.934477,3.333069,0.001798
14.472317,36.091721,29.982225,1339.437892,-2.283532,85.729409,8.975296,3.347381,0.001048
14.475596,36.110976,29.904507,1334.993978,-2.300524,85.738709,9.015939,3.361380,0.000061
14.475202,36.131325,29.823017,1330.530001,-2.314631,85.746649,9.058689,3.377991,-0.001235
14.477046,36.148985,29.741049,1326.045995,-2.326194,85.754138,9.102672,3.393866,-0.001465
14.479449,36.166904,29.659115,1321.543089,-2.333344,85.762161,9.145465,3.410408,-0.002055
14.480039,36.185344,29.577498,1317.020148,-2.339946,85.770032,9.187484,3.425326,-0.000442
14.481381,36.203315,29.495471,1312.474667,-2.344088,85.777642,9.228118,3.439956,0.000951
14.481663,36.221872,29.412914,1307.906649,-2.345011,85.784449,9.267027,3.454005,-0.001143
14.482795,36.238896,29.333222,1303.318515,-2.344702,85.793207,9.303964,3.467900,0.000185
14.485890,36.258587,29.253118,1298.706442,-2.342059,85.800931,9.341679,3.481963,0.001900
14.485818,36.275930,29.174779,1294.070840,-2.334947,85.806826,9.379964,3.496598,0.001272
14.487881,36.293811,29.095410,1289.414041,-2.326945,85.814209,9.415326,3.511755,0.000386
14.488381,36.312697,29.017529,1284.734309,-2.317587,85.822789,9.449309,3.523561,0.000221
14.489330,36.328889,28.940284,1280.033455,-2.306436,85.829572,9.482429,3.536799,-0.000332
14.489269,36.346583,28.862830,1275.309200,-2.293203,85.836624,9.515162,3.550879,0.001647
14.489407,36.364720,28.787550,1270.565090,-2.277172,85.842439,9.545803,3.561777,0.001579
14.491481,36.381079,28.712674,1265.800643,-2.258404,85.849749,9.576448,3.570331,0.002019
14.494073,36.399634,28.638267,1261.015431,-2.237484,85.857463,9.603410,3.579645,0.000836
14.495254,36.416329,28.566262,1256.211137,-2.215897,85.865079,9.629245,3.589846,0.001265
14.498334,36.435040,28.492115,1251.385665,-2.193462,85.873178,9.652427,3.596898,0.000609
14.499252,36.453098,28.420762,1246.540348,-2.168675,85.880549,9.674709,3.607053,0.001151
14.499792,36.470223,28.351308,1241.675215,-2.141754,85.886551,9.695051,3.614697,-0.001459
14.501777,36.487694,28.283980,1236.794952,-2.114347,85.894418,9.713527,3.621501,-0.001869
14.502430,36.505004,28.214974,1231.897956,-2.086403,85.902814,9.729050,3.625885,-0.001551
14.503988,36.521892,28.147450,1226.986345,-2.058799,85.910395,9.741700,3.629611,-0.002100
14.505137,36.538991,28.082604,1222.059658,-2.029153,85.917946,9.751553,3.634053,-0.001978
14.506516,36.556100,28.020168,1217.120874,-2.000061,85.924675,9.761029,3.637008,-0.001094
14.506492,36.570563,27.957452,1212.165846,-1.967525,85.933168,9.766408,3.638283,-0.001276
14.506541,36.586159,27.892796,1207.206207,-1.935012,85.938968,9.773093,3.640776,-0.000056
14.505487,36.604227,27.831274,1202.233648,-1.904518,85.946207,9.773851,3.640421,-0.000244
14.507581,36.620882,27.772317,1197.251714,-1.874330,85.953706,9.774943,3.640317,-0.002546
14.508813,36.638491,27.714417,1192.263758,-1.840210,85.961468,9.774155,3.640863,-0.002638
14.511836,36.655680,27.658068,1187.267426,-1.809337,85.968721,9.769267,3.640673,-0.002397
14.513021,36.671922,27.603205,1182.266083,-1.777125,85.977031,9.763494,3.636030,-0.003141
14.513898,36.687154,27.549268,1177.261576,-1.746002,85.981899,9.755459,3.632528,-0.003366
14.515843,36.703621,27.496675,1172.255366,-1.717864,85.988176,9.746193,3.628639,-0.001696
14.515441,36.719445,27.446106,1167.246524,-1.689381,85.993942,9.733750,3.623248,-0.000080
14.516419,36.734321,27.396235,1162.238865,-1.663303,86.002043,9.720896,3.620642,0.000688
14.517967,36.748494,27.347294,1157.231305,-1.638256,86.009493,9.705327,3.615867,0.001308
14.519330,36.764102,27.298448,1152.226620,-1.614463,86.017229,9.688370,3.610560,0.002182
14.520703,36.780254,27.248347,1147.225669,-1.591862,86.024242,9.669980,3.603055,0.000253
14.521860,36.796096,27.200756,1142.228327,-1.570212,86.032100,9.649598,3.596860,-0.001252
14.523272,36.812110,27.153520,1137.236882,-1.549659,86.041442,9.627183,3.590012,-0.002067
14.524535,36.828323,27.106410,1132.255547,-1.532068,86.048647,9.605025,3.580090,-0.001645
14.526310,36.844126,27.061018,1127.281966,-1.514956,86.056558,9.581722,3.570074,-0.001450
14.526450,36.860561,27.016540,1122.318268,-1.499789,86.065284,9.556962,3.560927,-0.000982
14.526125,36.876410,26.973441,1117.366041,-1.486019,86.071721,9.531449,3.550461,-0.000995
14.526380,36.892897,26.929946,1112.424163,-1.476663,86.080438,9.504420,3.540042,-0.001643
14.526137,36.906834,26.887853,1107.495634,-1.468240,86.086002,9.476338,3.528373,-0.003150
14.527454,36.920296,26.845601,1102.580842,-1.462087,86.093067,9.446385,3.516681,-0.002795
14.528524,36.935480,26.806572,1097.681134,-1.459224,86.098600,9.418566,3.507830,-0.003415
14.528004,36.952336,26.764085,1092.796259,-1.457610,86.105237,9.390422,3.494718,-0.003233
14.528784,36.968667,26.722236,1087.928080,-1.457869,86.112006,9.360632,3.485742,-0.002487
14.530721,36.982810,26.679459,1083.076660,-1.462052,86.117267,9.331133,3.474650,-0.003726
14.531431,36.997776,26.639036,1078.242562,-1.467991,86.124749,9.304215,3.463814,-0.001449
14.531945,37.011554,26.597425,1073.425534,-1.477114,86.131401,9.275532,3.452994,0.000493
14.532619,37.027785,26.554403,1068.628333,-1.488897,86.138220,9.246738,3.442724,-0.000350
14.533833,37.044153,26.512702,1063.851973,-1.502583,86.146292,9.217537,3.433109,-0.000214
14.534049,37.058609,26.470376,1059.094385,-1.520132,86.152670,9.189778,3.422302,-0.001415
14.533318,37.075255,26.428783,1054.356314,-1.539416,86.158823,9.161358,3.412242,-0.000506
14.533385,37.088675,26.385263,1049.639278,-1.561597,86.165763,9.132207,3.402643,0.000094
14.535228,37.103312,26.341059,1044.941781,-1.584970,86.171216,9.105363,3.392681,0.000384
14.537998,37.116661,26.297527,1040.265232,-1.612138,86.178674,9.079381,3.381379,0.000617
14.538985,37.131357,26.254566,1035.610221,-1.640639,86.184318,9.054944,3.371491,-0.000322
14.541688,37.145759,26.208687,1030.977429,-1.671304,86.192322,9.031484,3.364163,-0.000052
14.544177,37.160552,26.163945,1026.364790,-1.703487,86.198960,9.008753,3.353911,-0.000348
14.546811,37.174188,26.116606,1021.775552,-1.738985,86.206570,8.986658,3.345562,-0.000987
14.548912,37.188669,26.069603,1017.207716,-1.776892,86.211387,8.966952,3.338264,0.000076
14.549218,37.201873,26.022946,1012.660983,-1.816939,86.217655,8.948199,3.332078,-0.000693
14.551396,37.215315,25.974578,1008.135593,-1.857639,86.226427,8.931145,3.324992,-0.001833
14.551952,37.229527,25.923779,1003.631406,-1.903016,86.234392,8.911444,3.317870,-0.001307
14.553099,37.241531,25.872070,999.150300,-1.948727,86.241263,8.893921,3.312333,-0.001252
0.049565,0.047689,54.859173,5173.876509,-0.513455,45.000909,4.044710,1.506401,-0.000785
0.096951,0.097866,54.788450,5171.737933,-0.527328,45.002715,4.081965,1.520202,-0.000633
0.145731,0.146481,54.713647,5169.582319,-0.540686,45.004025,4.120030,1.534826,-0.002205
0.194303,0.197698,54.639210,5167.408594,-0.556114,45.004170,4.158177,1.549671,-0.002518
0.242694,0.245392,54.562792,5165.216074,-0.569538,45.002928,4.199760,1.566035,-0.002276
0.292538,0.294879,54.485191,5163.001865,-0.581793,45.001855,4.242562,1.580464,-0.001805
0.338626,0.343797,54.406676,5160.767870,-0.593419,45.000685,4.286887,1.597276,-0.003230
0.387851,0.392088,54.325441,5158.510883,-0.605223,45.002797,4.332534,1.612267,-0.004888
0.436777,0.441725,54.245213,5156.229854,-0.614106,45.003721,4.378257,1.629554,-0.004879
0.486749,0.488800,54.161699,5153.926212,-0.624288,45.002744,4.427038,1.649819,-0.004118
0.535441,0.538357,54.076330,5151.596194,-0.633707,45.002956,4.476143,1.668727,-0.003328
0.585046,0.587151,53.989490,5149.241685,-0.644195,45.003637,4.525717,1.686766,-0.003146
0.633521,0.636088,53.901588,5146.860691,-0.651374,45.004213,4.577290,1.706593,-0.001274
0.682827,0.684643,53.814835,5144.450181,-0.658577,45.006036,4.630955,1.726813,-0.000716
0.730223,0.731483,53.726387,5142.014764,-0.666211,45.007816,4.685876,1.748080,-0.002366
0.779461,0.779560,53.637084,5139.548494,-0.671503,45.007624,4.740619,1.767751,-0.003520
0.825633,0.829043,53.547608,5137.051527,-0.675895,45.008512,4.797311,1.786742,-0.002597
0.874028,0.876166,53.456679,5134.524322,-0.678467,45.009425,4.852446,1.806287,-0.003844
0.924365,0.924057,53.364199,5131.967458,-0.681486,45.011122,4.910657,1.828061,-0.004108
0.974594,0.972969,53.274137,5129.379947,-0.683751,45.012583,4.969075,1.849941,-0.001872
1.022450,1.021582,53.182512,5126.757283,-0.684355,45.012737,5.029002,1.871726,-0.000694
1.069369,1.071461,53.089150,5124.104104,-0.694132,45.051369,5.089241,1.894083,25.999272
1.119235,1.119285,52.997073,5121.418460,-0.701803,45.088746,5.150058,1.918195,25.997914
1.167619,1.168573,52.902946,5118.698866,-0.707883,45.127809,5.213607,1.942682,25.997285
1.216854,1.218369,52.809325,5115.946460,-0.712937,45.167316,5.276325,1.965882,25.997138
1.265043,1.266974,52.716218,5113.157585,-0.716209,45.206682,5.342661,1.990247,25.998150
1.313383,1.315930,52.619908,5110.333764,-0.719023,45.248293,5.411614,2.014793,25.998554
1.362654,1.364540,52.525520,5107.473340,-0.722398,45.291339,5.478142,2.041152,25.999809
1.410024,1.411439,52.427448,5104.578131,-0.724209,45.331787,5.545755,2.065537,25.998358
1.457912,1.459534,52.329968,5101.643808,-0.725529,45.375781,5.614943,2.092590,25.998660
1.505140,1.507214,52.233908,5098.668541,-0.724918,45.418768,5.685400,2.117476,25.996568
1.551864,1.556540,52.137390,5095.653955,-0.723527,45.464245,5.756177,2.143814,25.997582
1.600509,1.604728,52.040922,5092.599800,-0.721867,45.509450,5.827119,2.170114,25.996820
1.648265,1.653786,51.945561,5089.507798,-0.718525,45.554641,5.900848,2.196047,25.997747
1.695674,1.703468,51.851526,5086.370403,-0.716058,45.599793,5.973535,2.223146,25.997299
1.742352,1.751021,51.755538,5083.191394,-0.709822,45.647067,6.046696,2.251728,25.998213
1.789546,1.800773,51.660393,5079.971563,-0.705823,45.692640,6.119633,2.278996,25.997361
1.838292,1.848509,51.567396,5076.709433,-0.696520,45.739989,6.192070,2.307377,25.998871
1.886488,1.897504,51.475956,5073.406900,-0.687596,45.789146,6.264007,2.333447,25.999825
1.935686,1.945690,51.385506,5070.060237,-0.680832,45.838038,6.336088,2.360984,26.000700
1.983367,1.995119,51.297532,5066.671777,-0.670998,45.889266,6.407511,2.387524,26.002250
2.029747,2.044003,51.208128,5063.239423,-0.659920,45.939680,6.477694,2.415072,26.002161
2.075672,2.094725,51.122727,5059.762942,-0.647960,45.992170,6.547394,2.441173,26.000776
2.122987,2.143343,51.038012,5056.248175,-0.636266,46.043734,6.615477,2.466440,25.998815
2.169933,2.192134,50.954089,5052.690019,-0.621749,46.094636,6.684886,2.492735,25.999515
2.217201,2.239775,50.874537,5049.089831,-0.607878,46.147111,6.750773,2.516543,25.998474
2.265457,2.289234,50.794628,5045.448103,-0.592010,46.199693,6.815409,2.540329,25.998376
2.312975,2.337300,50.718447,5041.768565,-0.576579,46.252291,6.879764,2.564769,25.999251
2.358574,2.386770,50.641973,5038.049724,-0.559527,46.308063,6.940144,2.587133,25.998622
2.404735,2.436182,50.570448,5034.290801,-0.538901,46.362587,6.997594,2.609593,25.998846
2.450702,2.485148,50.500538,5030.495512,-0.517408,46.415177,7.057517,2.631828,25.997071
2.497304,2.534597,50.433768,5026.663495,-0.495487,46.471588,7.113327,2.651590,25.997671
2.542622,2.583713,50.370462,5022.796161,-0.472290,46.529126,7.168292,2.670339,25.999889
2.587224,2.631324,50.308051,5018.895646,-0.453185,46.585711,7.217215,2.689518,26.001288
2.632295,2.680310,50.248561,5014.961858,-0.431258,46.642936,7.265654,2.708921,26.001779
2.676175,2.728131,50.193514,5010.994964,-0.408878,46.700361,7.311726,2.724093,26.001990
2.722960,2.778140,50.140739,5006.996722,-0.386221,46.758770,7.352573,2.737525,26.002150
2.768617,2.826702,50.091121,5002.970299,-0.361604,46.818211,7.391602,2.751865,26.001939
2.813331,2.874560,50.046871,4998.918078,-0.336880,46.877673,7.427507,2.764515,26.002660
2.860227,2.922662,50.005279,4994.839665,-0.312135,46.937580,7.458400,2.776946,26.001872
2.906059,2.972758,49.966286,4990.737844,-0.286686,46.997036,7.487469,2.788687,26.000379
2.952341,3.020591,49.931062,4986.616007,-0.262618,47.057883,7.512383,2.798942,26.002520
2.998542,3.069827,49.898814,4982.474179,-0.236828,47.117862,7.534743,2.806822,26.000112
3.045660,3.118295,49.870696,4978.315436,-0.211396,47.180547,7.552088,2.812683,26.000149
3.090463,3.166025,49.845567,4974.138262,-0.185425,47.240272,7.568364,2.817934,26.000910
3.135352,3.214818,49.824030,4969.946865,-0.157753,47.302289,7.578758,2.821814,26.001114
3.179907,3.263616,49.805814,4965.745067,-0.131034,47.366464,7.586124,2.824172,26.000613
3.224938,3.312725,49.791633,4961.532168,-0.104242,47.425954,7.589300,2.824757,26.000247
3.270075,3.361076,49.778220,4957.314057,-0.079494,47.486147,7.589280,2.824282,26.001148
3.315930,3.410524,49.769357,4953.092778,-0.053066,47.548268,7.584401,2.822439,25.999463
3.360606,3.460196,49.766198,4948.866985,-0.026763,47.610319,7.576896,2.819175,25.999816
3.403063,3.510897,49.763401,4944.638265,0.001046,47.670637,7.564961,2.815538,25.999698
3.446886,3.560666,49.768190,4940.412006,0.026559,47.732379,7.551697,2.810910,25.998994
3.492207,3.612114,49.771607,4936.186573,0.050123,47.792699,7.535534,2.805383,26.000330
3.537693,3.660468,49.778314,4931.965370,0.075675,47.854345,7.513320,2.798739,26.001459
3.580536,3.707709,49.789276,4927.751761,0.100407,47.914879,7.488700,2.791326,25.999804
3.624039,3.756566,49.804113,4923.547902,0.123388,47.974865,7.461016,2.781067,25.999547
3.666953,3.806147,49.819846,4919.353782,0.147132,48.037092,7.430780,2.770326,26.000073
3.711153,3.855684,49.841965,4915.170552,0.170374,48.096773,7.395452,2.757181,26.000284
3.754641,3.904117,49.867611,4911.003423,0.192089,48.157299,7.358960,2.743563,25.998268
3.797439,3.952964,49.893960,4906.849826,0.213622,48.215516,7.320030,2.727384,25.997826
3.841836,4.001215,49.921844,4902.716779,0.233931,48.275711,7.279180,2.712821,25.999280
3.885094,4.051147,49.952627,4898.599374,0.254155,48.336391,7.234494,2.696831,25.999032
3.927536,4.099616,49.986743,4894.505425,0.272908,48.394094,7.189200,2.678460,25.999203
3.973251,4.148227,50.023382,4890.429762,0.290805,48.454230,7.140668,2.660785,26.000109
4.015722,4.198459,50.061285,4886.379189,0.308216,48.512395,7.090600,2.640737,26.000347
4.057813,4.248319,50.100573,4882.351457,0.325002,48.572007,7.038963,2.621642,25.998421
4.100949,4.296487,50.144057,4878.348647,0.340371,48.629190,6.985061,2.602073,25.998498
4.142531,4.347246,50.188974,4874.371041,0.354770,48.686673,6.930297,2.579017,25.999062
4.186156,4.395562,50.236511,4870.423361,0.367984,48.743131,6.875700,2.559025,25.999913
4.229373,4.445474,50.284974,4866.503337,0.379330,48.800178,6.818374,2.538483,26.000336
4.271199,4.494183,50.333622,4862.610233,0.391027,48.858775,6.760336,2.516873,26.000144
4.314473,4.542022,50.383154,4858.749617,0.402068,48.917109,6.701753,2.495185,25.999503
4.357997,4.588950,50.434446,4854.918004,0.411170,48.973552,6.641908,2.473427,25.999287
4.402008,4.636606,50.487177,4851.118304,0.419873,49.029859,6.583054,2.449523,25.998347
4.445552,4.685744,50.539601,4847.348465,0.426203,49.084807,6.523093,2.428423,25.998959
4.488436,4.736374,50.593933,4843.612187,0.432988,49.141179,6.460989,2.407872,25.998098
4.529921,4.785115,50.649398,4839.906993,0.438765,49.194659,6.400627,2.386466,25.999194
4.572301,4.833382,50.704500,4836.234959,0.442181,49.249576,6.340445,2.364846,26.000969
4.615126,4.882719,50.760105,4832.592662,0.444089,49.304187,6.282444,2.342634,25.999237
4.657376,4.933170,50.816694,4828.984462,0.446177,49.360120,6.223135,2.320560,25.998915
4.699904,4.981995,50.873067,4825.408914,0.449309,49.414481,6.166637,2.298463,25.998381
4.741473,5.033215,50.930780,4821.864837,0.448789,49.466430,6.107546,2.275798,25.998014
4.782249,5.080854,50.986387,4818.353866,0.447531,49.517631,6.051164,2.254536,25.997360
4.824923,5.130458,51.042211,4814.874152,0.445771,49.569999,5.993885,2.231924,25.998326
4.866102,5.180054,51.099464,4811.427611,0.442220,49.621518,5.939816,2.212127,25.998819
4.907657,5.229950,51.154475,4808.011561,0.435870,49.673304,5.886997,2.191889,25.997791
4.948001,5.280210,51.209139,4804.627289,0.431410,49.725299,5.831499,2.172000,25.998900
4.989399,5.330468,51.262618,4801.273546,0.425937,49.774778,5.780313,2.154034,25.999362
5.032413,5.381635,51.316480,4797.952112,0.419874,49.826352,5.729663,2.135373,25.998468
5.073792,5.429521,51.368566,4794.658687,0.414536,49.875540,5.680413,2.115950,25.998983
5.115708,5.478972,51.419926,4791.396461,0.405489,49.924028,5.630651,2.098056,25.999191
5.158887,5.528611,51.470908,4788.161478,0.396920,49.973868,5.583003,2.080133,25.998794
5.198223,5.575026,51.520502,4784.955324,0.387020,50.022216,5.535873,2.063476,25.999612
5.239720,5.624866,51.568207,4781.777562,0.375985,50.069868,5.492741,2.047822,25.997764
5.280817,5.672477,51.613620,4778.627574,0.364617,50.119485,5.449506,2.028816,25.998304
5.321553,5.723143,51.658975,4775.505526,0.352199,50.167506,5.407926,2.013191,25.998442
5.364967,5.773649,51.702589,4772.406814,0.338309,50.216716,5.369607,1.997760,26.000284
5.406618,5.821611,51.743972,4769.334116,0.324514,50.266545,5.331159,1.986633,26.001679
5.445808,5.869782,51.782554,4766.286132,0.310097,50.313605,5.295011,1.973174,26.000560
5.488008,5.919428,51.818417,4763.262633,0.294595,50.361398,5.259890,1.957834,26.000600
5.529140,5.967599,51.855326,4760.260661,0.277430,50.409474,5.226494,1.945739,26.001315
5.568612,6.017142,51.889162,4757.279729,0.260542,50.456943,5.195728,1.933168,26.002297
5.608087,6.066905,51.919940,4754.320410,0.243823,50.506223,5.166060,1.921193,26.002780
5.650376,6.116012,51.948728,4751.383423,0.226528,50.555595,5.137840,1.909978,26.003872
5.690461,6.164789,51.976176,4748.464542,0.208557,50.601695,5.115947,1.901969,26.004813
5.731485,6.213343,52.001168,4745.562981,0.189639,50.647757,5.093092,1.893901,26.003904
5.774230,6.263203,52.022839,4742.681086,0.170122,50.693432,5.070123,1.887715,26.004467
5.815070,6.313785,52.043608,4739.815544,0.149757,50.739287,5.050755,1.881997,26.004047
5.854516,6.361550,52.061046,4736.967119,0.130501,50.783375,5.031691,1.874146,26.002826
5.894715,6.410849,52.077343,4734.132600,0.111942,50.830682,5.013201,1.867265,26.002013
5.936097,6.459964,52.090332,4731.311504,0.089912,50.875954,4.995870,1.860149,26.003361
5.975839,6.511297,52.099980,4728.504149,0.067802,50.921999,4.984505,1.854721,26.002768
6.016739,6.560479,52.106538,4725.708721,0.044650,50.967849,4.974125,1.850311,26.004016
6.056510,6.610561,52.111062,4722.925230,0.022850,51.014501,4.964969,1.846222,26.002365
6.095236,6.660233,52.112020,4720.149948,0.001669,51.062010,4.956381,1.840814,26.003753
6.135668,6.710292,52.110433,4717.384304,-0.020150,51.108139,4.950406,1.838704,26.003807
6.174147,6.760799,52.106375,4714.628507,-0.042180,51.154694,4.947192,1.837042,26.001979
6.212254,6.810290,52.098504,4711.877313,-0.065468,51.202763,4.944964,1.836465,26.002442
6.252029,6.859418,52.087928,4709.131279,-0.087698,51.247485,4.946785,1.836849,26.002442
6.292993,6.909030,52.077665,4706.390233,-0.110627,51.293644,4.948104,1.837753,26.004568
6.331669,6.956779,52.064803,4703.652204,-0.132677,51.339458,4.953477,1.839135,26.002887
6.368735,7.005617,52.047304,4700.918201,-0.155220,51.385581,4.959558,1.842904,26.000632
6.408105,7.054996,52.027583,4698.185582,-0.178314,51.432991,4.969711,1.845526,26.002546
6.448584,7.105721,52.005058,4695.451388,-0.200732,51.478703,4.979664,1.849627,26.003179
6.487718,7.156502,51.979175,4692.717855,-0.222920,51.524357,4.991935,1.854656,26.004154
6.526713,7.204450,51.950094,4689.981798,-0.244681,51.570941,5.006913,1.860700,26.004456
6.564440,7.253130,51.917460,4687.246570,-0.267142,51.618079,5.023829,1.867806,26.004143
6.602785,7.303076,51.883129,4684.503452,-0.291214,51.664954,5.041887,1.876002,26.004641
6.640818,7.352789,51.846089,4681.757405,-0.311976,51.713115,5.061763,1.880477,26.003744
6.680765,7.400827,51.807136,4679.004130,-0.333284,51.761043,5.083020,1.889085,26.002766
6.719372,7.450124,51.765053,4676.242527,-0.354974,51.811620,5.107132,1.898194,26.003188
6.757548,7.500261,51.721251,4673.474042,-0.374830,51.859679,5.133352,1.906557,26.002936
6.795457,7.548675,51.674240,4670.694372,-0.394507,51.909524,5.160913,1.916998,26.002812
6.834727,7.598847,51.624966,4667.908473,-0.413293,51.959210,5.190421,1.926394,26.001725
6.873425,7.648415,51.574199,4665.106347,-0.431440,52.008097,5.222226,1.939481,25.999171
6.910170,7.697169,51.522356,4662.292444,-0.449952,52.058568,5.256147,1.951051,26.000519
6.948819,7.747492,51.468287,4659.462915,-0.469355,52.109106,5.289544,1.965657,26.000785
6.986896,7.797250,51.410072,4656.621299,-0.486426,52.160132,5.326899,1.979631,26.002044
7.025767,7.847134,51.347819,4653.760458,-0.502450,52.210268,5.366466,1.994599,26.001726
7.064220,7.897789,51.285148,4650.880821,-0.519010,52.260004,5.406315,2.008942,25.998388
7.102445,7.946093,51.220347,4647.981857,-0.539338,52.313331,5.448882,2.026444,25.998323
7.139648,7.997112,51.154440,4645.064653,-0.554150,52.366847,5.492247,2.041705,25.995930
7.178479,8.047075,51.086292,4642.126743,-0.569794,52.418239,5.537338,2.059502,25.997391
7.215814,8.096910,51.014762,4639.165683,-0.584941,52.472496,5.583896,2.076587,25.997356
7.250454,8.147063,50.942554,4636.180002,-0.597657,52.524032,5.632622,2.094860,25.998127
7.290005,8.196144,50.869205,4633.168796,-0.610191,52.577756,5.683172,2.113924,25.998408
7.327022,8.245197,50.794835,4630.134133,-0.621886,52.631403,5.735467,2.134218,25.999355
7.362830,8.294289,50.717040,4627.071321,-0.632983,52.684212,5.790079,2.154214,25.999784
7.400639,8.342873,50.639597,4623.979006,-0.643557,52.738144,5.845817,2.175665,26.000435
7.437734,8.392998,50.561366,4620.859224,-0.654103,52.794052,5.902632,2.197198,26.001433
7.476126,8.442252,50.482025,4617.710264,-0.652522,52.802049,5.961162,2.218635,0.001177
7.515158,8.493523,50.402745,4614.525071,-0.648216,52.808476,6.017557,2.240279,0.003672
7.552723,8.541830,50.324290,4611.309239,-0.643186,52.817513,6.075390,2.262404,0.002730
7.590140,8.593092,50.247095,4608.058555,-0.638006,52.825837,6.133558,2.282880,0.000427
7.627485,8.644681,50.170583,4604.774773,-0.633152,52.834631,6.193607,2.303536,0.000229
7.664794,8.694021,50.093760,4601.456514,-0.623706,52.843021,6.252454,2.325417,0.001161
7.703384,8.744237,50.020839,4598.105434,-0.615306,52.850385,6.309089,2.347926,0.001697
7.738839,8.791972,49.947916,4594.719864,-0.606925,52.859074,6.365522,2.369038,0.001083
7.776632,8.839656,49.873825,4591.299750,-0.597551,52.867013,6.420819,2.389555,-0.000742
7.811376,8.889322,49.804763,4587.846765,-0.587408,52.877164,6.475793,2.410615,-0.000208
7.848840,8.938313,49.737048,4584.360131,-0.575278,52.885331,6.528808,2.431804,0.000126
7.885174,8.987941,49.666525,4580.840321,-0.562631,52.892896,6.582480,2.451219,-0.001731
7.922026,9.035812,49.601178,4577.288207,-0.547816,52.903278,6.633024,2.469196,0.000791
7.958418,9.086002,49.536225,4573.704633,-0.533700,52.912730,6.682918,2.490029,0.001614
7.995596,9.134650,49.472719,4570.087655,-0.518891,52.922532,6.732881,2.508193,0.001736
8.033156,9.185389,49.410301,4566.440738,-0.502882,52.930383,6.778939,2.525823,0.000147
8.069886,9.233464,49.350562,4562.763590,-0.483622,52.939298,6.824297,2.543251,0.000210
8.107555,9.282588,49.295716,4559.056946,-0.467222,52.948386,6.867423,2.557864,0.000460
8.144179,9.330725,49.241486,4555.325499,-0.448671,52.957537,6.910214,2.572739,0.000096
8.182809,9.379516,49.189664,4551.562548,-0.428038,52.967280,6.948384,2.588137,0.002070
8.218413,9.428712,49.139844,4547.775600,-0.408701,52.975503,6.986305,2.603057,0.000159
8.255797,9.477649,49.092353,4543.961508,-0.389067,52.984523,7.020819,2.615794,0.001393
8.293195,9.525565,49.045768,4540.126774,-0.367318,52.991800,7.052704,2.628270,0.002019
8.330124,9.574302,49.004231,4536.265294,-0.345948,52.998868,7.082522,2.638364,0.002758
8.365153,9.624575,48.964289,4532.383754,-0.323259,53.007712,7.109847,2.648672,0.003193
8.401523,9.672300,48.927594,4528.480868,-0.301137,53.015309,7.134194,2.656904,0.002857
8.437420,9.720847,48.894168,4524.560331,-0.280440,53.024845,7.157011,2.666774,0.001308
8.474189,9.768668,48.860161,4520.621172,-0.257620,53.033477,7.177425,2.674934,0.000950
8.511644,9.819176,48.832582,4516.665087,-0.235100,53.041957,7.195006,2.681358,0.001054
8.546491,9.866284,48.805856,4512.694798,-0.212075,53.053104,7.208221,2.686920,0.000107
8.583786,9.916538,48.781658,4508.711389,-0.185818,53.063327,7.220135,2.692096,-0.000565
8.621712,9.966326,48.761125,4504.716496,-0.162391,53.072393,7.226814,2.693448,-0.000830
8.657496,10.016289,48.743533,4500.713736,-0.138070,53.081459,7.232308,2.695727,-0.000116
8.693448,10.067655,48.728130,4496.700711,-0.113600,53.092275,7.236292,2.698071,0.001589
8.730108,10.116902,48.716315,4492.681424,-0.090021,53.100988,7.234762,2.696216,0.000825
8.767160,10.165513,48.708150,4488.657002,-0.066814,53.111192,7.232446,2.694689,-0.000043
8.802859,10.213805,48.703635,4484.629519,-0.043402,53.119591,7.224237,2.694341,0.000600
8.837854,10.263862,48.699808,4480.602036,-0.022714,53.128225,7.216780,2.691696,0.000638
8.874308,10.314278,48.697331,4476.572090,0.000280,53.137132,7.206959,2.688019,0.001383
8.908829,10.362368,48.697780,4472.544735,0.022769,53.146620,7.192066,2.680862,0.001231
8.945483,10.411138,48.701724,4468.521558,0.045959,53.157865,7.175637,2.674153,0.002783
8.981089,10.459089,48.705774,4464.501521,0.069105,53.166680,7.156568,2.665613,0.001850
9.015481,10.507266,48.712808,4460.486340,0.089069,53.175771,7.134287,2.655437,0.003455
9.052126,10.557128,48.723234,4456.480669,0.109858,53.184152,7.110230,2.647527,0.003256
9.086291,10.607384,48.738137,4452.483844,0.129729,53.194057,7.083278,2.637666,0.002420
9.121583,10.655282,48.755378,4448.498968,0.148600,53.203968,7.055232,2.626469,0.001170
9.155661,10.702397,48.774800,4444.526935,0.166607,53.213472,7.025519,2.615990,0.002494
9.190973,10.751015,48.795827,4440.567612,0.184374,53.221802,6.992050,2.604934,0.002588
9.226014,10.799625,48.817483,4436.619887,0.202344,53.233016,6.959745,2.594596,0.003715
9.260238,10.847036,48.841883,4432.687988,0.217878,53.243258,6.923964,2.582054,0.003374
9.295831,10.895254,48.867572,4428.770653,0.232840,53.252227,6.886733,2.569701,0.002160
9.330404,10.942960,48.894690,4424.871639,0.244935,53.260899,6.847348,2.553736,0.002992
9.368205,10.989071,48.923814,4420.990198,0.258472,53.270631,6.809229,2.537976,0.005255
9.404080,11.038368,48.953976,4417.129697,0.270200,53.280610,6.769927,2.522741,0.002411
9.437991,11.086133,48.986586,4413.290250,0.283528,53.290370,6.726448,2.507303,0.001313
9.474012,11.133278,49.019562,4409.470368,0.294585,53.299492,6.680992,2.491220,0.000506
9.508972,11.182727,49.054459,4405.672220,0.305424,53.311313,6.636660,2.474218,0.001178
9.544859,11.230383,49.091078,4401.897879,0.315110,53.321726,6.592332,2.457792,0.002060
9.580419,11.276041,49.127046,4398.144982,0.323185,53.331015,6.548617,2.439987,0.001335
9.618004,11.324833,49.163511,4394.417281,0.331808,53.340495,6.503717,2.422833,0.001603
9.652769,11.372284,49.201860,4390.712112,0.339459,53.351375,6.455763,2.403818,0.001363
9.688479,11.420585,49.241196,4387.032100,0.343969,53.361669,6.411874,2.387232,0.001545
9.723144,11.467590,49.280414,4383.377041,0.347604,53.371899,6.365511,2.367806,-0.000613
9.758512,11.515237,49.319619,4379.745486,0.351432,53.382815,6.317562,2.350980,0.000227
9.792172,11.562643,49.360611,4376.138064,0.353192,53.392688,6.270593,2.334366,0.000935
9.827608,11.611051,49.400997,4372.558485,0.353553,53.404275,6.225761,2.316065,0.000629
9.863388,11.658460,49.441397,4369.003676,0.353639,53.414504,6.180057,2.298791,-0.000172
9.898468,11.704246,49.483016,4365.473556,0.354044,53.425437,6.136188,2.281797,0.000491
9.934573,11.751643,49.523757,4361.969087,0.352541,53.435941,6.091465,2.265274,-0.002406
9.969700,11.799913,49.565854,4358.490007,0.350328,53.445737,6.047463,2.248890,-0.003213
10.003235,11.848539,49.603933,4355.035260,0.347856,53.455045,6.005026,2.233998,-0.002559
10.037022,11.895034,49.640617,4351.606430,0.345021,53.465805,5.962519,2.219670,-0.002225
10.070102,11.943715,49.678961,4348.201122,0.339637,53.475332,5.919701,2.203688,-0.003329
10.103070,11.989555,49.715152,4344.822563,0.332010,53.484825,5.879067,2.188524,-0.004018
10.138005,12.034317,49.751849,4341.465952,0.324699,53.496610,5.840938,2.174473,-0.003122
10.173600,12.081251,49.788551,4338.132084,0.316965,53.505223,5.803495,2.159945,-0.002864
10.208025,12.128638,49.824273,4334.824312,0.307451,53.516115,5.765076,2.145603,-0.002212
10.243585,12.174524,49.859676,4331.537817,0.297265,53.527492,5.728652,2.132055,-0.003606
10.276901,12.223051,49.892210,4328.273894,0.287086,53.537064,5.693938,2.118714,-0.003979
10.312168,12.269260,49.924498,4325.035295,0.276041,53.548671,5.659694,2.107129,-0.004094
10.348375,12.315750,49.955016,4321.813848,0.265288,53.559608,5.626211,2.094989,-0.002886
10.383826,12.362021,49.983931,4318.613263,0.251263,53.570851,5.595543,2.083340,-0.002338
10.419250,12.407918,50.012213,4315.434082,0.236970,53.582008,5.566235,2.072572,-0.001055
10.452863,12.457266,50.036832,4312.274102,0.220922,53.591993,5.538321,2.061695,-0.000777
10.487017,12.505758,50.061809,4309.134001,0.206015,53.600793,5.512046,2.052561,-0.001899
10.519426,12.553927,50.085278,4306.012988,0.189272,53.611841,5.486818,2.043185,-0.001936
10.552722,12.601181,50.105240,4302.907680,0.172972,53.623628,5.462889,2.033145,-0.001924
10.586462,12.647184,50.122046,4299.821420,0.155874,53.634311,5.439489,2.025350,-0.002340
10.619850,12.693201,50.139220,4296.750546,0.138119,53.645371,5.418424,2.018705,-0.003709
10.654767,12.739178,50.155110,4293.691886,0.121032,53.655994,5.399791,2.011299,-0.001057
10.689484,12.785263,50.168323,4290.650455,0.101712,53.666881,5.383399,2.006162,0.000299
10.722992,12.831463,50.179052,4287.622684,0.082169,53.678605,5.367181,2.000816,0.000563
10.757598,12.878325,50.187347,4284.607354,0.063522,53.689130,5.352662,1.995319,0.000286
10.792280,12.924085,50.195589,4281.606891,0.045152,53.700746,5.340163,1.992048,0.001091
10.825362,12.973016,50.198401,4278.615973,0.024871,53.713164,5.330860,1.988132,0.001586
10.860460,13.021852,50.199221,4275.634824,0.005487,53.724905,5.321449,1.984074,0.001125
10.893834,13.068377,50.199005,4272.663372,-0.015572,53.736966,5.313164,1.981860,0.001851
10.925525,13.115883,50.198035,4269.699358,-0.034760,53.749230,5.306883,1.980640,0.000940
10.959677,13.163913,50.191852,4266.745204,-0.055858,53.760474,5.303742,1.977852,0.001069
10.993357,13.211732,50.183010,4263.798165,-0.077206,53.770658,5.302013,1.975173,0.002043
11.025474,13.260223,50.172809,4260.855812,-0.098926,53.782698,5.302037,1.975905,0.001616
11.058394,13.306742,50.159031,4257.918835,-0.119797,53.795639,5.302774,1.975951,0.001941
11.092271,13.352515,50.146009,4254.985053,-0.139541,53.806225,5.306871,1.977651,0.002746
11.125784,13.399714,50.129329,4252.054701,-0.161673,53.817817,5.310628,1.978400,0.002704
11.159485,13.447426,50.111420,4249.124818,-0.185785,53.829003,5.317028,1.978901,0.001964
11.192289,13.494776,50.089842,4246.196346,-0.206427,53.839821,5.324682,1.982158,0.000905
11.227090,13.540043,50.064867,4243.269799,-0.226898,53.851677,5.336101,1.987461,0.000172
11.260991,13.587646,50.038179,4240.339351,-0.248190,53.863787,5.348352,1.992407,-0.000743
11.293127,13.634106,50.008640,4237.407471,-0.269739,53.875073,5.362467,1.997563,-0.001189
11.326186,13.678184,49.978566,4234.473522,-0.288577,53.887806,5.379108,2.004114,-0.002152
11.358409,13.725361,49.947447,4231.536783,-0.309306,53.900057,5.396429,2.010317,-0.002448
11.391557,13.772430,49.913378,4228.592915,-0.329444,53.911576,5.418375,2.016284,-0.003463
11.425919,13.820247,49.876530,4225.642540,-0.349807,53.923884,5.439624,2.024890,-0.003379
11.459409,13.864111,49.836615,4222.685298,-0.370044,53.936629,5.462492,2.032691,-0.003000
11.492296,13.912716,49.795063,4219.720120,-0.387702,53.948756,5.486428,2.043799,-0.002067
11.523355,13.959366,49.752057,4216.745548,-0.406158,53.958524,5.511514,2.053316,-0.002423
11.556728,14.005385,49.704592,4213.758973,-0.422408,53.969612,5.539244,2.063601,-0.003288
11.591128,14.051412,49.657977,4210.763381,-0.440286,53.981030,5.568687,2.075013,-0.003384
11.625731,14.098059,49.608834,4207.756328,-0.467832,54.038947,5.598592,2.086310,22.996196
11.659548,14.144996,49.557060,4204.737228,-0.494457,54.094997,5.632691,2.097883,22.997380
11.692393,14.189285,49.500351,4201.705405,-0.516882,54.152694,5.669939,2.111551,22.997524
11.723896,14.235039,49.443447,4198.659822,-0.542517,54.209000,5.707164,2.124823,22.999391
11.756637,14.281854,49.380277,4195.597429,-0.566264,54.266326,5.747028,2.140610,22.999524
11.789969,14.330404,49.316436,4192.519867,-0.590098,54.323503,5.791402,2.156780,22.999726
11.825210,14.378141,49.251588,4189.422665,-0.611562,54.383470,5.839802,2.174790,23.000298
11.860720,14.424217,49.182879,4186.303677,-0.632992,54.444013,5.887284,2.192312,22.998449
11.892079,14.471834,49.112097,4183.163099,-0.653642,54.503398,5.936350,2.210235,22.999844
11.925030,14.517827,49.038103,4179.999295,-0.673115,54.562321,5.988921,2.229891,23.000409
11.958500,14.565119,48.962340,4176.810475,-0.689837,54.623329,6.041783,2.250754,23.000004
11.992610,14.611316,48.888291,4173.597140,-0.708728,54.683828,6.097092,2.270758,22.999716
12.023275,14.660660,48.809956,4170.355630,-0.726499,54.745491,6.154047,2.291903,22.999504
12.054572,14.708068,48.728759,4167.087066,-0.742604,54.808727,6.215374,2.314547,23.000301
12.087530,14.754015,48.648983,4163.787867,-0.756203,54.872134,6.276427,2.337509,22.998709
12.121841,14.800514,48.565376,4160.457684,-0.770286,54.933439,6.339963,2.360383,22.998916
12.151817,14.847414,48.480549,4157.092482,-0.782844,54.997499,6.406983,2.383722,22.999453
12.184484,14.894498,48.393405,4153.693640,-0.794495,55.063190,6.474437,2.408867,22.998964
12.215511,14.940664,48.308148,4150.259958,-0.804294,55.127604,6.545392,2.436124,22.997849
12.244504,14.986776,48.219839,4146.789926,-0.814325,55.192186,6.616481,2.460958,22.999061
12.276066,15.032928,48.129447,4143.282228,-0.821282,55.258029,6.688145,2.486781,22.998189
12.307820,15.077207,48.039315,4139.735942,-0.828251,55.327468,6.762916,2.515219,22.998294
12.338227,15.123359,47.950087,4136.151773,-0.836426,55.394389,6.836093,2.542231,22.998927
12.368528,15.168631,47.858459,4132.526603,-0.841730,55.463434,6.911968,2.571396,22.999608
12.399714,15.215599,47.765371,4128.857957,-0.843798,55.532536,6.989954,2.599861,22.998871
12.431511,15.264064,47.674990,4125.144834,-0.844827,55.602457,7.066534,2.628483,22.999348
12.463217,15.311409,47.585819,4121.391882,-0.844633,55.672511,7.142523,2.658773,22.998125
12.495697,15.357452,47.494364,4117.595053,-0.844498,55.744186,7.223088,2.688638,22.997892
12.525744,15.404344,47.402945,4113.752492,-0.842499,55.816032,7.301303,2.717257,22.999491
12.557366,15.451302,47.311795,4109.862077,-0.837502,55.888721,7.379554,2.745934,23.000644
12.588613,15.498187,47.220721,4105.930326,-0.834231,55.963317,7.457909,2.777813,23.001716
12.618283,15.546764,47.133268,4101.951366,-0.828910,56.037588,7.538370,2.807060,23.001766
12.648125,15.593876,47.045172,4097.924263,-0.821122,56.113252,7.616383,2.835071,23.001628
12.677432,15.642766,46.957823,4093.852172,-0.811556,56.188377,7.692883,2.864418,23.001398
12.708521,15.687730,46.873907,4089.733416,-0.799955,56.265552,7.770845,2.891955,23.001099
12.738971,15.734289,46.790327,4085.569800,-0.785496,56.342930,7.848252,2.920034,23.001646
12.769654,15.780778,46.708030,4081.356927,-0.772046,56.421098,7.922712,2.950033,23.002156
12.800560,15.827241,46.626755,4077.101396,-0.756385,56.499227,7.997449,2.977507,23.003774
12.830786,15.873953,46.547282,4072.801041,-0.740459,56.579520,8.069197,3.005658,23.003286
12.859356,15.921774,46.470581,4068.454622,-0.721704,56.660664,8.139465,3.032367,23.001894
12.889723,15.967620,46.394442,4064.064267,-0.702009,56.739772,8.208189,3.059312,23.000953
12.920562,16.012806,46.322359,4059.632089,-0.681129,56.820884,8.274173,3.084869,23.000930
12.949922,16.061341,46.251544,4055.156682,-0.658825,56.903594,8.339461,3.108331,22.999443
12.978132,16.108803,46.182797,4050.640903,-0.635594,56.986906,8.402587,3.131234,22.998185
13.007142,16.157436,46.115507,4046.083356,-0.612051,57.071205,8.463803,3.154776,22.997052
13.036915,16.204071,46.050469,4041.488922,-0.587358,57.154236,8.520327,3.175623,22.997581
13.065901,16.250398,45.988525,4036.858012,-0.561831,57.237344,8.574950,3.196863,22.997205
13.094217,16.296906,45.928957,4032.189362,-0.535207,57.324589,8.625173,3.213872,22.997866
13.123381,16.344009,45.874970,4027.487760,-0.507562,57.410349,8.671999,3.230782,22.996788
13.151274,16.390559,45.822416,4022.755812,-0.479048,57.495633,8.713821,3.245332,22.997440
13.179015,16.438411,45.772693,4017.990721,-0.451489,57.581853,8.752709,3.260115,22.997331
13.209763,16.484510,45.727232,4013.199146,-0.420641,57.670027,8.785392,3.272712,22.996311
13.239767,16.530832,45.684964,4008.380231,-0.390238,57.756698,8.818064,3.283755,22.997156
13.268787,16.576524,45.646782,4003.540090,-0.360277,57.843693,8.845560,3.294555,22.994140
13.296884,16.624944,45.608948,3998.674842,-0.329021,57.932422,8.868140,3.301906,22.995093
13.326724,16.671330,45.577327,3993.792362,-0.298231,58.021210,8.887233,3.310190,22.997356
13.354493,16.718641,45.546890,3988.890491,-0.265159,58.109855,8.901964,3.314974,22.997994
13.383440,16.764625,45.521774,3983.973052,-0.234030,58.199129,8.913536,3.319029,22.998243
13.410966,16.812013,45.498162,3979.043472,-0.200765,58.286877,8.920548,3.321745,22.998117
13.437029,16.860134,45.478723,3974.106555,-0.168012,58.376202,8.922017,3.322398,22.998668
13.465700,16.905049,45.462491,3969.159702,-0.135476,58.464881,8.920339,3.322141,22.999362
13.492643,16.951096,45.451419,3964.207943,-0.103908,58.553472,8.913472,3.318012,22.999086
13.519902,16.995434,45.443330,3959.252932,-0.071649,58.642891,8.902434,3.314954,22.997510
13.547254,17.041380,45.438294,3954.297232,-0.041769,58.734243,8.886767,3.308815,22.997142
13.574051,17.088183,45.434188,3949.342372,-0.010526,58.822132,8.867023,3.300870,22.999216
13.600679,17.133637,45.434891,3944.391753,0.019025,58.912038,8.842311,3.293773,22.999598
13.628031,17.178800,45.439178,3939.447564,0.048249,59.000911,8.816301,3.282696,22.997956
13.656388,17.226071,45.445306,3934.513068,0.077558,59.089619,8.787054,3.273651,22.997581
13.682121,17.273442,45.456129,3929.586786,0.105134,59.179987,8.753799,3.260874,22.999060
13.711524,17.319583,45.469468,3924.675389,0.131998,59.268472,8.717861,3.248042,22.998267
13.737789,17.366526,45.484618,3919.777266,0.157938,59.356855,8.679579,3.233712,22.999268
13.764873,17.413061,45.503576,3914.896033,0.182273,59.444267,8.636695,3.217651,23.001234
13.790592,17.461658,45.524343,3910.034472,0.208375,59.533679,8.591106,3.201080,23.001697
13.818499,17.508601,45.547471,3905.193514,0.231934,59.621604,8.544626,3.180969,23.002071
13.845249,17.554920,45.571772,3900.372974,0.253915,59.708115,8.492494,3.163625,23.000699
13.871180,17.601718,45.596791,3895.576502,0.274818,59.794357,8.439853,3.144810,23.000874
13.898475,17.650487,45.625922,3890.804610,0.294986,59.880051,8.385787,3.124911,23.000650
13.926606,17.694432,45.656489,3886.058843,0.312360,59.965814,8.330964,3.101954,23.000431
13.951396,17.739625,45.691199,3881.341030,0.329043,60.052051,8.273848,3.081221,23.000662
13.976859,17.785815,45.725049,3876.650655,0.343598,60.140049,8.212984,3.058379,23.001422
14.003651,17.831646,45.761681,3871.989729,0.357821,60.224048,8.152404,3.035123,23.001779
14.028437,17.878220,45.800228,3867.361266,0.370914,60.306808,8.090893,3.010762,23.003051
14.054233,17.923368,45.839045,3862.764007,0.383402,60.390752,8.027441,2.987059,23.003383
14.079528,17.969231,45.880083,3858.200436,0.394364,60.475529,7.962794,2.964597,23.001992
14.105738,18.016019,45.921750,3853.669859,0.405757,60.560127,7.899350,2.940395,23.000372
14.131259,18.063798,45.962084,3849.172472,0.414994,60.645546,7.833700,2.917371,23.000594
14.157898,18.111186,46.004568,3844.710992,0.419912,60.728732,7.768523,2.893475,23.000509
14.181557,18.156775,46.046939,3840.282925,0.424446,60.809739,7.704343,2.870720,23.001248
14.204161,18.202660,46.090128,3835.889155,0.425669,60.890923,7.641214,2.847263,22.999427
14.227157,18.249325,46.130590,3831.529391,0.427921,60.971417,7.577364,2.823451,22.999999
14.251103,18.295562,46.173697,3827.203009,0.427809,61.051224,7.514622,2.798527,23.000859
14.275967,18.340318,46.216859,3822.913234,0.426885,61.129716,7.452630,2.774213,23.000497
14.300633,18.385396,46.259858,3818.659708,0.425897,61.211246,7.391924,2.750625,22.999041
14.325142,18.431094,46.302269,3814.439021,0.424445,61.288996,7.330044,2.729638,22.999794
14.348310,18.478578,46.346086,3810.254088,0.420308,61.368977,7.271135,2.708301,22.998638
14.373524,18.526316,46.386332,3806.102348,0.413340,61.446643,7.213239,2.685871,22.998520
14.398277,18.571889,46.429764,3801.984400,0.406186,61.525821,7.156945,2.663987,22.998467
14.423065,18.619020,46.468998,3797.897146,0.397575,61.603345,7.101271,2.643118,22.998749
14.447148,18.665886,46.507754,3793.844607,0.388789,61.681247,7.047653,2.622810,23.000532
14.470122,18.708743,46.544876,3789.824579,0.376670,61.758443,6.996065,2.603783,22.999467
14.494906,18.757403,46.580614,3785.838227,0.363376,61.832171,6.945239,2.585455,22.999822
14.519611,18.802615,46.615609,3781.881239,0.350660,61.910141,6.895040,2.566303,22.999049
14.543800,18.848498,46.648285,3777.955547,0.336013,61.986867,6.847607,2.549176,22.999290
14.568207,18.894030,46.679822,3774.060394,0.320338,62.063711,6.804402,2.532111,22.999564
14.591606,18.939660,46.709864,3770.192687,0.303319,62.137303,6.760432,2.516831,22.999229
14.614901,18.985930,46.739719,3766.353743,0.284357,62.210822,6.719987,2.501226,22.998481
14.639500,19.031096,46.765756,3762.541555,0.264490,62.284967,6.680510,2.486649,22.998725
14.661483,19.079190,46.789156,3758.755952,0.244027,62.359289,6.643527,2.473124,22.999181
14.686242,19.123981,46.809952,3754.993676,0.225072,62.432383,6.608047,2.460158,22.999006
14.710153,19.170217,46.830418,3751.255271,0.202648,62.505715,6.576640,2.449979,22.998278
14.735350,19.216642,46.851207,3747.540958,0.179136,62.579950,6.547230,2.439281,22.999176
14.759464,19.261312,46.867515,3743.847820,0.155847,62.653945,6.520298,2.428340,22.999810
14.782065,19.306383,46.881255,3740.174949,0.131993,62.726279,6.493632,2.420196,23.000518
14.804782,19.352662,46.892751,3736.523838,0.107012,62.800120,6.469306,2.411938,22.999440
14.827902,19.398274,46.902541,3732.889782,0.082069,62.872171,6.448086,2.404500,22.997612
14.851101,19.443650,46.909136,3729.274334,0.057478,62.946226,6.428782,2.398369,22.995985
14.874473,19.490490,46.914096,3725.674450,0.032024,63.020640,6.411215,2.393105,22.996582
14.898350,19.538093,46.915488,3722.091049,0.005094,63.094187,6.395829,2.386839,22.998097
14.920305,19.584612,46.914822,3718.520597,-0.022505,63.166031,6.384672,2.383302,22.999189
14.942826,19.630466,46.910372,3714.962216,-0.049916,63.239135,6.377204,2.379469,22.998567
14.964622,19.675040,46.902009,3711.416456,-0.077312,63.311321,6.370572,2.377986,22.999531
14.987501,19.719536,46.893112,3707.880275,-0.105789,63.383991,6.366976,2.375846,23.001305
15.010451,19.766195,46.882134,3704.351926,-0.133178,63.455605,6.366385,2.373793,23.002264
15.031409,19.813273,46.867049,3700.831793,-0.160537,63.527076,6.366688,2.374376,23.002083
15.055113,19.858171,46.848802,3697.316906,-0.188423,63.601004,6.370202,2.375704,23.000323
15.078378,19.906638,46.828666,3693.807352,-0.216149,63.674444,6.376021,2.378847,23.001148
15.099344,19.952868,46.806810,3690.301158,-0.244685,63.747507,6.383487,2.380395,23.001138
15.119957,19.998880,46.781081,3686.798477,-0.273048,63.820763,6.395815,2.384119,23.000667
15.142825,20.044678,46.754023,3683.294483,-0.301599,63.894960,6.409897,2.388993,22.999660
15.164536,20.089837,46.723966,3679.788946,-0.329578,63.968430,6.424396,2.395919,22.998803
15.186694,20.137894,46.690923,3676.282684,-0.356182,64.042391,6.441195,2.401000,23.000445
15.208634,20.182169,46.654621,3672.771824,-0.386200,64.115570,6.461186,2.407655,23.001205
15.228179,20.229252,46.615520,3669.256468,-0.411226,64.191210,6.484746,2.417403,23.000387
15.248353,20.274485,46.575565,3665.734706,-0.436811,64.266626,6.509498,2.426271,23.000557
15.269803,20.320498,46.531687,3662.206314,-0.462693,64.342159,6.535168,2.437742,22.999496
15.291221,20.365795,46.485296,3658.668637,-0.489559,64.417952,6.564402,2.449292,22.999624
15.311563,20.411306,46.436396,3655.119179,-0.516233,64.494307,6.594773,2.459078,22.999067
15.332605,20.455698,46.387731,3651.556285,-0.542062,64.570504,6.626989,2.470111,22.997954
15.353740,20.500558,46.334035,3647.980521,-0.563649,64.648125,6.664575,2.483567,22.997520
15.374545,20.547045,46.279629,3644.384469,-0.574828,64.664610,6.701772,2.497269,-0.000445
15.394792,20.592899,46.223978,3640.773028,-0.584323,64.679653,6.741021,2.512498,0.000878
15.414560,20.639666,46.167500,3637.140551,-0.592863,64.694927,6.780714,2.525663,0.002328
15.435183,20.685014,46.110095,3633.489676,-0.600564,64.710688,6.822050,2.542466,0.001347
15.456257,20.730834,46.052751,3629.815784,-0.608481,64.727547,6.863468,2.556846,0.001778
15.476374,20.777212,45.994066,3626.120972,-0.616507,64.744811,6.906924,2.572427,0.001067
15.497228,20.822290,45.934948,3622.402943,-0.621918,64.759823,6.949456,2.587438,0.002583
15.516823,20.867643,45.877544,3618.664291,-0.626861,64.775751,6.993090,2.604726,0.001767
15.537604,20.913914,45.816130,3614.901460,-0.630333,64.790881,7.038453,2.621683,0.001314
15.558568,20.961405,45.759067,3611.114096,-0.634573,64.805354,7.083680,2.638064,0.000786
15.578033,21.007008,45.699739,3607.302751,-0.635362,64.820753,7.128492,2.655969,-0.000190
15.597692,21.051312,45.639004,3603.465899,-0.636679,64.836957,7.173382,2.672178,0.000417
15.618432,21.095138,45.579129,3599.603574,-0.636511,64.852694,7.218851,2.689238,0.000110
15.641232,21.140632,45.518336,3595.715249,-0.634694,64.868266,7.264130,2.705205,-0.001059
15.661700,21.186322,45.456896,3591.801603,-0.633836,64.883930,7.311650,2.723682,-0.000282
15.681287,21.231152,45.396637,3587.861023,-0.630816,64.899144,7.357783,2.740528,0.000853
15.703005,21.276625,45.337562,3583.894691,-0.627328,64.913707,7.404600,2.757569,0.001456
15.723639,21.322796,45.279572,3579.901333,-0.624184,64.928504,7.450315,2.773677,0.001723
15.742283,21.367465,45.221649,3575.882708,-0.619725,64.943001,7.494378,2.791309,0.000742
15.763410,21.411521,45.165594,3571.838271,-0.613826,64.957829,7.538898,2.807750,-0.000261
15.781939,21.456018,45.109395,3567.768805,-0.606364,64.973865,7.583528,2.824003,0.001536
15.799812,21.501572,45.054337,3563.673774,-0.597059,64.989626,7.626551,2.840112,0.001456
15.821856,21.547561,44.998160,3559.552566,-0.587198,65.004732,7.668388,2.855446,0.000336
15.840500,21.591397,44.945939,3555.405602,-0.576886,65.020495,7.708161,2.869675,0.002187
15.862678,21.634512,44.891634,3551.232966,-0.565692,65.037329,7.749036,2.884424,0.001043
15.882134,21.681521,44.840485,3547.035545,-0.554211,65.053707,7.786556,2.901055,0.000901
15.902338,21.726443,44.789402,3542.814985,-0.540408,65.071409,7.823123,2.915597,0.000340
15.922968,21.770685,44.739094,3538.571014,-0.525842,65.085269,7.859669,2.929289,0.001464
15.943937,21.814811,44.689099,3534.302720,-0.511369,65.099257,7.893750,2.941895,0.001018
15.964162,21.859195,44.640329,3530.012428,-0.495495,65.113154,7.925891,2.953563,0.003450
15.984319,21.903529,44.594009,3525.701622,-0.479154,65.129982,7.955920,2.964560,0.005737
16.003903,21.949190,44.550664,3521.369421,-0.465201,65.145354,7.985279,2.975598,0.006599
16.022803,21.993561,44.508933,3517.017616,-0.446110,65.160281,8.012606,2.986363,0.006876
16.042858,22.038616,44.469627,3512.644997,-0.429507,65.176472,8.038573,2.996372,0.005419
16.061280,22.082204,44.430459,3508.254439,-0.409784,65.192828,8.062098,3.003667,0.006400
16.079969,22.126956,44.395209,3503.847150,-0.391982,65.207999,8.083936,3.010529,0.006065
16.099308,22.170383,44.360700,3499.423184,-0.372426,65.223774,8.102486,3.017610,0.004424
16.117928,22.215105,44.328054,3494.985756,-0.352227,65.241112,8.119291,3.023233,0.003501
16.139012,22.259463,44.296440,3490.532069,-0.334282,65.258524,8.136703,3.028397,0.002410
16.158969,22.303123,44.267020,3486.063913,-0.314380,65.273845,8.150152,3.031656,0.000805
16.178310,22.348157,44.239426,3481.586465,-0.293605,65.288687,8.161628,3.038469,0.001184
16.197365,22.392547,44.211972,3477.099192,-0.272534,65.302542,8.171130,3.041711,0.001550
16.216979,22.437248,44.187819,3472.602345,-0.253528,65.319476,8.176776,3.043093,0.001709
16.238347,22.480389,44.165792,3468.094912,-0.231953,65.334647,8.181140,3.043536,0.001981
16.258458,22.524318,44.143409,3463.581362,-0.212400,65.349829,8.182940,3.044557,0.001313
16.277744,22.568610,44.125579,3459.062277,-0.193176,65.367119,8.181776,3.043032,0.001288
16.296275,22.612124,44.108170,3454.539213,-0.174448,65.383151,8.180158,3.041992,0.002376
16.315817,22.656604,44.094431,3450.012076,-0.155999,65.399240,8.176312,3.038346,0.001732
16.334238,22.699513,44.082050,3445.482604,-0.137285,65.415007,8.170907,3.036421,0.002428
16.353503,22.741785,44.069586,3440.953299,-0.119043,65.429025,8.162075,3.033946,0.002423
16.372756,22.786029,44.058896,3436.424935,-0.100373,65.444043,8.152360,3.030269,0.002289
16.390807,22.830386,44.051253,3431.897012,-0.080666,65.462173,8.141818,3.028119,0.001204
16.409104,22.874166,44.044895,3427.371611,-0.064778,65.479700,8.125929,3.022930,0.001709
16.428681,22.917465,44.041545,3422.849429,-0.048751,65.494513,8.111730,3.016903,0.000608
16.448527,22.960440,44.039549,3418.333158,-0.030555,65.510192,8.094535,3.010201,-0.000640
16.466459,23.005188,44.037407,3413.821074,-0.013064,65.526133,8.074906,3.004191,-0.001482
16.486370,23.048130,44.035913,3409.316002,0.001561,65.541532,8.054190,2.998269,-0.003084
16.506884,23.090557,44.036688,3404.820169,0.017726,65.558654,8.031187,2.989959,-0.003208
16.524825,23.134850,44.038407,3400.334531,0.031825,65.575620,8.007138,2.983184,-0.001041
16.543781,23.179984,44.041869,3395.858164,0.044532,65.590412,7.981825,2.974421,0.000239
16.564458,23.221714,44.047677,3391.393268,0.058438,65.606437,7.957830,2.963578,0.000099
16.582799,23.263114,44.051641,3386.938686,0.070351,65.623077,7.932379,2.952595,0.001144
16.600794,23.305955,44.057304,3382.497634,0.081089,65.638225,7.902951,2.943184,0.001429
16.619195,23.348380,44.064107,3378.069665,0.090621,65.652622,7.872625,2.932457,0.000876
16.638980,23.390840,44.071787,3373.656218,0.100522,65.669164,7.843927,2.921168,-0.000876
16.656650,23.435973,44.080604,3369.256938,0.109673,65.685016,7.810459,2.908742,-0.002883
16.673668,23.478943,44.093087,3364.874815,0.117294,65.700282,7.780961,2.896706,-0.002120
16.692243,23.521050,44.103996,3360.508109,0.123684,65.716411,7.749285,2.885654,-0.001194
16.712044,23.563850,44.115791,3356.154029,0.128772,65.731329,7.716406,2.872484,0.000856
16.731207,23.607563,44.126807,3351.821521,0.135008,65.746158,7.684338,2.859754,-0.000521
16.748636,23.650342,44.139695,3347.504128,0.138390,65.762702,7.648814,2.848177,-0.000737
16.766698,23.695397,44.152207,3343.204582,0.141214,65.777170,7.616652,2.834902,0.000084
16.787149,23.739922,44.164061,3338.922146,0.142906,65.793903,7.582681,2.822892,0.000747
16.805493,23.781544,44.176736,3334.657743,0.146072,65.808842,7.551149,2.812746,-0.000197
16.823644,23.823000,44.189937,3330.412075,0.145398,65.823981,7.517722,2.802050,-0.000388
16.841558,23.864741,44.204468,3326.184452,0.145139,65.838962,7.485223,2.790345,-0.000003
16.859224,23.906446,44.216261,3321.975561,0.143165,65.856098,7.452989,2.779451,-0.001035
16.877094,23.947231,44.228434,3317.784159,0.141388,65.872587,7.419929,2.766758,-0.001642
16.894959,23.991226,44.241932,3313.612528,0.138148,65.889064,7.388608,2.755269,-0.002305
16.912560,24.035265,44.252182,3309.457767,0.132290,65.905484,7.356304,2.742620,-0.002634
16.928586,24.078680,44.264838,3305.320456,0.126625,65.920891,7.326779,2.732107,-0.003054
16.946246,24.121343,44.276602,3301.201062,0.119090,65.936146,7.297963,2.720148,-0.002063
16.964700,24.161869,44.287585,3297.100424,0.112627,65.952164,7.268284,2.709928,-0.002004
16.982262,24.203477,44.297082,3293.018865,0.105179,65.967952,7.242113,2.700546,-0.001495
16.998244,24.245595,44.305015,3288.953577,0.095889,65.984048,7.217120,2.690216,-0.002131
17.016918,24.288590,44.312282,3284.904106,0.084921,66.000963,7.190099,2.681149,-0.003050
17.035692,24.331167,44.318816,3280.871295,0.074563,66.016395,7.165765,2.671871,0.000450
17.053325,24.374238,44.326665,3276.855807,0.062339,66.032843,7.143258,2.662764,0.000221
17.071525,24.413686,44.330846,3272.854569,0.049662,66.049293,7.120680,2.653436,0.000531
17.090621,24.456891,44.335025,3268.869269,0.037746,66.065488,7.096871,2.646169,-0.000531
17.110405,24.498527,44.339274,3264.899469,0.024849,66.081052,7.077236,2.637030,0.000263
17.127467,24.539694,44.338299,3260.944172,0.012311,66.097723,7.056990,2.630603,0.000830
17.143295,24.579662,44.337386,3257.001182,-0.002558,66.114767,7.038994,2.625588,0.001414
17.161793,24.621315,44.337262,3253.073444,-0.019336,66.131163,7.024159,2.621007,0.000923
17.178824,24.664102,44.335420,3249.155003,-0.035582,66.147926,7.009989,2.615557,0.000156
17.198119,24.706153,44.333190,3245.250558,-0.053247,66.164239,6.996926,2.610995,-0.000707
17.216284,24.748209,44.326377,3241.357468,-0.069478,66.179658,6.983057,2.608241,0.000366
17.234047,24.789801,44.320188,3237.475807,-0.087147,66.195387,6.974209,2.603707,0.000962
17.250416,24.830896,44.313613,3233.603451,-0.107218,66.211713,6.966892,2.599293,-0.000903
17.267432,24.873764,44.304152,3229.740212,-0.125573,66.226667,6.960604,2.597489,-0.001551
17.284786,24.916120,44.294076,3225.886529,-0.142524,66.242052,6.955977,2.593863,-0.002732
17.301007,24.958214,44.282725,3222.036155,-0.159040,66.259247,6.952901,2.590896,-0.001974
17.317166,24.999328,44.268815,3218.194548,-0.179639,66.274844,6.949797,2.590700,-0.003000
17.335845,25.040355,44.253732,3214.359894,-0.199671,66.292414,6.947675,2.590758,-0.003016
17.354472,25.081189,44.236117,3210.528035,-0.217333,66.309307,6.947963,2.590870,-0.003366
17.371811,25.122022,44.217833,3206.704271,-0.235075,66.325455,6.950763,2.592766,-0.002746
17.388653,25.163925,44.197282,3202.882581,-0.252495,66.340141,6.954774,2.594991,-0.001540
17.406252,25.206800,44.173983,3199.062034,-0.271840,66.356054,6.960816,2.597636,-0.002918
17.424411,25.247057,44.149575,3195.243482,-0.292086,66.370483,6.965053,2.599543,-0.003248
17.440318,25.287886,44.123586,3191.425330,-0.311610,66.386466,6.974299,2.602987,-0.002661
17.457240,25.328489,44.095020,3187.606663,-0.331759,66.403207,6.983952,2.606152,-0.003532
17.473489,25.367468,44.067416,3183.788116,-0.350078,66.420361,6.995360,2.609887,-0.004015
17.490659,25.407505,44.037685,3179.967558,-0.368713,66.436845,7.009034,2.615063,-0.002686
17.509790,25.447492,44.006439,3176.145022,-0.386481,66.452556,7.023121,2.619919,-0.003460
17.528640,25.487726,43.972649,3172.318718,-0.403985,66.469567,7.040316,2.623984,-0.004688
17.545035,25.528868,43.937545,3168.486768,-0.423163,66.486210,7.058127,2.629244,-0.005754
17.563293,25.567646,43.900053,3164.648756,-0.441593,66.502621,7.077591,2.636079,-0.004491
17.580578,25.609324,43.862438,3160.805548,-0.458506,66.517245,7.096321,2.642118,-0.003655
17.595747,25.648464,43.822910,3156.955685,-0.477368,66.533172,7.117208,2.650668,-0.001960
17.613211,25.691208,43.783516,3153.093845,-0.493037,66.548324,7.140201,2.658980,-0.003366
17.630544,25.732060,43.741583,3149.224718,-0.508121,66.565156,7.163456,2.668106,-0.003693
17.647974,25.771998,43.697397,3145.346913,-0.523363,66.581182,7.189185,2.679009,-0.005585
17.665273,25.812424,43.653975,3141.457899,-0.538647,66.596755,7.216132,2.688565,-0.004686
17.682772,25.852753,43.608386,3137.557362,-0.552747,66.612035,7.243688,2.697432,-0.003112
17.698928,25.893670,43.560334,3133.643299,-0.566987,66.629456,7.274146,2.707908,-0.001800
17.715330,25.934557,43.512968,3129.717950,-0.578947,66.646405,7.304979,2.718811,-0.001873
17.729817,25.975052,43.465055,3125.777994,-0.590503,66.663573,7.334811,2.730115,-0.001911
17.746059,26.015766,43.414573,3121.823915,-0.602525,66.679520,7.367278,2.740901,-0.001545
17.762710,26.057072,43.364651,3117.854565,-0.614408,66.696189,7.397899,2.754411,-0.002744
17.779900,26.094905,43.311677,3113.868726,-0.625265,66.711545,7.432075,2.767341,-0.000090
17.796586,26.134548,43.261622,3109.866587,-0.633290,66.727793,7.465786,2.779424,-0.001087
17.813259,26.177067,43.208947,3105.847442,-0.642266,66.743496,7.499693,2.793877,-0.001574
17.829569,26.217546,43.156550,3101.809312,-0.651020,66.759978,7.535288,2.807516,-0.001215
17.845459,26.257438,43.103571,3097.751004,-0.657331,66.774973,7.573164,2.819929,-0.000685
17.860347,26.297512,43.050583,3093.675617,-0.663955,66.792211,7.607993,2.833324,-0.000906
17.875074,26.337411,42.996822,3089.581815,-0.668081,66.809097,7.645430,2.847385,-0.000183
17.892354,26.378023,42.942264,3085.467688,-0.671734,66.825822,7.683397,2.860928,-0.000602
17.910926,26.416676,42.888368,3081.331689,-0.675453,66.843294,7.721154,2.874725,-0.000437
17.927714,26.456358,42.834388,3077.176844,-0.677434,66.859069,7.759804,2.889155,-0.001765
17.943930,26.496956,42.779308,3072.998838,-0.679408,66.873408,7.799099,2.901483,-0.002441
17.960570,26.536656,42.724879,3068.802093,-0.680524,66.891101,7.837214,2.915941,-0.000269
17.974623,26.576186,42.669860,3064.582183,-0.677644,66.906662,7.877682,2.931038,0.000287
17.991088,26.614970,42.614569,3060.340162,-0.675485,66.923875,7.916030,2.945091,0.000737
18.006722,26.652924,42.560062,3056.075588,-0.674904,66.939815,7.955114,2.959937,0.000088
18.022826,26.692167,42.504668,3051.789320,-0.670567,66.956614,7.993366,2.973493,-0.000738
18.037077,26.732480,42.452586,3047.482698,-0.666572,66.972550,8.032628,2.987614,0.000116
18.052776,26.773113,42.400706,3043.154585,-0.660218,66.987287,8.068655,3.001524,0.001066
18.067511,26.812489,42.347301,3038.801927,-0.653820,67.002428,8.104076,3.015315,-0.000140
18.081858,26.853892,42.295731,3034.428068,-0.643972,67.017648,8.139983,3.030702,0.000246
18.097442,26.894262,42.244955,3030.032426,-0.637040,67.033553,8.174311,3.043766,0.000473
18.113288,26.933625,42.195155,3025.617658,-0.627927,67.050836,8.208077,3.056754,0.000798
18.131003,26.972857,42.145567,3021.178719,-0.618432,67.068495,8.240233,3.069324,-0.000464
18.146355,27.011589,42.097916,3016.719957,-0.607946,67.084751,8.271716,3.080231,-0.000746
18.162976,27.051423,42.049595,3012.239788,-0.596747,67.099840,8.301542,3.093616,-0.001231
18.177032,27.092494,42.004872,3007.740461,-0.585241,67.115856,8.330762,3.104275,-0.000086
18.191846,27.130517,41.958958,3003.222807,-0.572231,67.130522,8.357190,3.114781,-0.001094
18.208412,27.170735,41.915159,2998.685434,-0.558402,67.146914,8.384837,3.124911,-0.000852
18.224646,27.209104,41.873133,2994.128349,-0.544374,67.162746,8.408629,3.134216,0.000269
18.239751,27.246682,41.830437,2989.553451,-0.529261,67.178445,8.432437,3.145101,-0.000251
18.256560,27.285277,41.788978,2984.964616,-0.513042,67.194641,8.457122,3.155667,-0.001014
18.271785,27.324613,41.748746,2980.358850,-0.495819,67.210378,8.478391,3.162166,-0.000275
18.286042,27.362294,41.711468,2975.738531,-0.477668,67.225903,8.497750,3.169280,-0.001040
18.302208,27.401598,41.675082,2971.103907,-0.462821,67.242281,8.516708,3.174476,-0.000371
18.318036,27.440228,41.639606,2966.454287,-0.446171,67.258531,8.534477,3.181281,0.000719
18.332597,27.480637,41.606588,2961.794565,-0.429511,67.273354,8.549503,3.187536,0.000264
18.347267,27.520542,41.572729,2957.120409,-0.411647,67.289697,8.563128,3.192427,0.001344
18.362820,27.559150,41.541201,2952.435958,-0.396007,67.305783,8.574239,3.195183,0.000267
18.380459,27.596059,41.511462,2947.741045,-0.377485,67.321306,8.582156,3.199049,-0.001640
18.395731,27.633258,41.483706,2943.039096,-0.359833,67.336724,8.588947,3.201953,-0.000660
18.412119,27.670036,41.456090,2938.328335,-0.342210,67.353941,8.595819,3.203381,-0.000566
18.426361,27.710902,41.430795,2933.610425,-0.324580,67.369822,8.598678,3.205877,-0.000823
18.440282,27.750559,41.408292,2928.887573,-0.307213,67.386636,8.598749,3.206135,-0.001476
18.454163,27.788717,41.385299,2924.156102,-0.289193,67.402619,8.599516,3.206426,-0.001307
18.469177,27.825186,41.364924,2919.423452,-0.270758,67.418110,8.596199,3.204457,-0.000225
18.486868,27.862506,41.345161,2914.686992,-0.252250,67.436026,8.591499,3.202938,-0.000833
18.500729,27.902648,41.326781,2909.949829,-0.234701,67.451568,8.586435,3.201206,-0.000620
18.516468,27.940687,41.310409,2905.212033,-0.217903,67.467432,8.579305,3.196925,-0.002318
18.530866,27.978962,41.294642,2900.472341,-0.199843,67.482829,8.570385,3.194168,-0.002317
18.548751,28.015011,41.280054,2895.734275,-0.182860,67.498292,8.558966,3.190081,-0.003041
18.565950,28.053304,41.265423,2891.000385,-0.168457,67.514480,8.545024,3.185480,-0.005135
18.580166,28.091118,41.252210,2886.266938,-0.154765,67.531967,8.532395,3.179070,-0.005138
18.595916,28.127850,41.239066,2881.538396,-0.140855,67.548048,8.518018,3.170999,-0.004725
18.610367,28.166444,41.229416,2876.815386,-0.126632,67.564141,8.503179,3.166361,-0.002835
18.624405,28.202859,41.221371,2872.097077,-0.113254,67.578697,8.484698,3.159125,-0.002738
18.639644,28.240845,41.213131,2867.387635,-0.100127,67.592980,8.466050,3.153828,-0.003344
18.653432,28.278054,41.206420,2862.685535,-0.087315,67.609869,8.446183,3.146872,-0.004813
18.666751,28.316978,41.201404,2857.992106,-0.075826,67.626997,8.425847,3.140337,-0.003239
18.680279,28.353372,41.195506,2853.305867,-0.063939,67.643122,8.402724,3.132566,-0.003223
18.695098,28.391688,41.192683,2848.630114,-0.053163,67.660130,8.379597,3.124006,-0.003153
18.708903,28.430083,41.190141,2843.963418,-0.044796,67.676653,8.356464,3.114462,-0.001007
18.722548,28.465436,41.185963,2839.309150,-0.035014,67.692211,8.333643,3.104772,-0.002295
18.737111,28.502072,41.184099,2834.666919,-0.028843,67.708458,8.310260,3.094872,-0.001173
18.751837,28.539541,41.183165,2830.035927,-0.022823,67.723553,8.285453,3.085767,-0.000913
18.765238,28.577532,41.181544,2825.418036,-0.016754,67.740056,8.261440,3.076024,-0.000104
18.778809,28.614072,41.180471,2820.814942,-0.012853,67.755396,8.234254,3.066210,-0.001085
18.793510,28.651726,41.180413,2816.222996,-0.009206,67.769784,8.207906,3.057230,-0.001210
18.808174,28.686261,41.180766,2811.645681,-0.005655,67.785262,8.183541,3.047085,0.000082
18.821556,28.722175,41.180926,2807.081974,-0.004012,67.801964,8.154976,3.036629,0.000093
18.833962,28.760555,41.179452,2802.531393,-0.002603,67.817833,8.128994,3.026746,0.001177
18.850497,28.795977,41.180607,2797.996960,-0.002186,67.832369,8.103051,3.016804,0.000982
18.865280,28.831027,41.180724,2793.476813,-0.004549,67.848885,8.076631,3.006963,0.000264
18.880416,28.867483,41.180967,2788.971751,-0.006612,67.863682,8.049679,2.996180,-0.000647
18.893877,28.902595,41.181043,2784.481380,-0.009511,67.880725,8.025906,2.986616,-0.000438
18.907945,28.939590,41.180560,2780.004296,-0.012055,67.897050,8.002710,2.978257,-0.000982
18.922283,28.975978,41.178228,2775.542783,-0.018625,67.912763,7.977680,2.969799,-0.000151
18.936520,29.013926,41.179907,2771.095220,-0.023857,67.929964,7.952437,2.960793,0.000268
18.949326,29.047821,41.177978,2766.664505,-0.029276,67.945909,7.928667,2.951902,0.000047
18.961863,29.084114,41.176850,2762.247452,-0.035722,67.961994,7.904894,2.943784,-0.000954
18.976755,29.117507,41.173587,2757.846085,-0.043979,67.978983,7.881417,2.935112,-0.000604
18.990974,29.154552,41.170858,2753.457356,-0.053461,67.994344,7.860274,2.927863,-0.001311
19.004660,29.191256,41.166280,2749.084676,-0.060733,68.010568,7.840261,2.919405,0.001301
19.017364,29.226641,41.159327,2744.724702,-0.073720,68.026837,7.821955,2.913043,0.001334
19.031358,29.262806,41.154259,2740.378222,-0.084814,68.042008,7.803502,2.905809,0.001793
19.044285,29.298738,41.146453,2736.046714,-0.097215,68.058465,7.785834,2.899248,0.001867
19.058522,29.335422,41.141298,2731.726567,-0.109614,68.075367,7.769366,2.893604,0.003212
19.071692,29.372730,41.130692,2727.417722,-0.123056,68.092620,7.753777,2.887081,0.003610
19.084570,29.407123,41.122206,2723.121736,-0.139259,68.108224,7.741377,2.881833,0.003476
19.096857,29.442859,41.110538,2718.838579,-0.153775,68.123996,7.728622,2.875850,0.003715
19.110613,29.479648,41.096965,2714.563857,-0.169249,68.139266,7.716179,2.873266,0.005009
19.124223,29.517669,41.084312,2710.300161,-0.185058,68.155032,7.705323,2.868584,0.004236
19.138310,29.552164,41.072824,2706.046322,-0.200888,68.170259,7.695206,2.865401,0.002960
19.152285,29.588035,41.057704,2701.804588,-0.215792,68.187494,7.685558,2.861243,0.002495
19.164636,29.625272,41.041972,2697.569048,-0.231802,68.203960,7.677923,2.859182,0.002058
19.178701,29.660677,41.025838,2693.340648,-0.248464,68.218474,7.671143,2.857573,0.001164
19.193069,29.697506,41.007245,2689.120232,-0.268688,68.235808,7.667348,2.856600,-0.000609
19.205058,29.733061,40.987359,2684.905273,-0.285330,68.249516,7.663772,2.854926,0.000402
19.217439,29.767744,40.967261,2680.698544,-0.303305,68.265588,7.662127,2.852866,0.001164
19.233385,29.802887,40.945445,2676.498430,-0.322937,68.281347,7.662115,2.851381,0.000929
19.245487,29.837418,40.923086,2672.302849,-0.340540,68.295538,7.662969,2.852001,0.001380
19.258211,29.872908,40.900589,2668.110023,-0.358327,68.311418,7.663855,2.854140,0.000825
19.271769,29.907364,40.875860,2663.921259,-0.377204,68.327868,7.667184,2.854801,0.001657
19.286710,29.941751,40.849499,2659.734806,-0.395088,68.342305,7.671381,2.854355,0.000747
19.300989,29.978503,40.822217,2655.548352,-0.412709,68.357484,7.676739,2.856264,0.000182
19.314009,30.013876,40.791943,2651.364876,-0.430493,68.373920,7.685700,2.859143,0.000810
19.328215,30.048651,40.762070,2647.180864,-0.448020,68.390239,7.694810,2.864050,0.001158
19.343135,30.084948,40.728172,2642.996467,-0.466763,68.406305,7.704089,2.866766,0.002168
19.357191,30.117600,40.694929,2638.810053,-0.485466,68.422018,7.716624,2.871158,0.003107
19.369545,30.153581,40.661193,2634.622568,-0.503430,68.437036,7.728019,2.875401,0.000743
19.383003,30.187976,40.626770,2630.431468,-0.520427,68.453362,7.740237,2.881714,-0.000406
19.393797,30.223348,40.589549,2626.237705,-0.539044,68.468632,7.755025,2.887622,0.000544
19.406780,30.258662,40.551396,2622.039698,-0.554999,68.483537,7.770480,2.893148,0.001286
19.419591,30.290933,40.514220,2617.835616,-0.571480,68.497178,7.786869,2.899559,0.001012
19.432586,30.325489,40.474952,2613.624523,-0.588951,68.513694,7.806667,2.908133,0.000677
19.444423,30.360611,40.433615,2609.408365,-0.604820,68.529881,7.826790,2.915063,-0.001445
19.455609,30.394852,40.390797,2605.184129,-0.621187,68.544961,7.847294,2.921848,-0.001223
19.468035,30.429598,40.348675,2600.954342,-0.636792,68.561465,7.868896,2.929554,-0.000416
19.481248,30.464879,40.304606,2596.712592,-0.651613,68.577870,7.892751,2.936790,0.000754
19.493235,30.498430,40.260588,2592.463605,-0.668207,68.591929,7.916695,2.945864,0.002053
19.506981,30.532164,40.217537,2588.203407,-0.680797,68.607280,7.941772,2.954956,0.002472
19.521788,30.567429,40.171378,2583.933021,-0.692920,68.624954,7.966948,2.963196,0.003058
19.533435,30.602033,40.124236,2579.650499,-0.702884,68.639835,7.992704,2.972348,0.004665
19.546251,30.636034,40.076513,2575.355776,-0.714671,68.657209,8.018206,2.982930,0.005391
19.556482,30.670323,40.027950,2571.048294,-0.723605,68.671395,8.046394,2.995240,0.006277
19.568823,30.704949,39.978626,2566.728356,-0.730528,68.686877,8.075492,3.006011,0.006082
19.581390,30.739337,39.929554,2562.394968,-0.741019,68.701478,8.104425,3.016891,0.005350
19.592667,30.773706,39.881642,2558.048095,-0.748247,68.716561,8.134040,3.026898,0.004960
19.604833,30.807499,39.831273,2553.685867,-0.754125,68.733923,8.163360,3.038003,0.003663
19.616915,30.841301,39.780578,2549.307901,-0.760927,68.747725,8.194463,3.049522,0.006282
19.631243,30.874084,39.729025,2544.914140,-0.767373,68.764380,8.224386,3.061284,0.006259
19.643264,30.907840,39.677394,2540.504399,-0.772650,68.781654,8.254137,3.073034,0.004573
19.655843,30.940077,39.624093,2536.080339,-0.775509,68.796760,8.284511,3.084596,0.005203
19.668479,30.972574,39.572896,2531.638158,-0.777671,68.812183,8.315130,3.097118,0.003933
19.681849,31.006241,39.521808,2527.179570,-0.780031,68.827009,8.345012,3.108025,0.002706
19.694396,31.040007,39.470022,2522.705636,-0.780175,68.842398,8.376161,3.121810,0.003864
19.704973,31.074320,39.419772,2518.214108,-0.780498,68.858581,8.407106,3.131408,0.002470
19.717397,31.108822,39.369130,2513.705244,-0.780624,68.875058,8.436872,3.140747,0.003143
19.727681,31.144142,39.319759,2509.179420,-0.778199,68.891498,8.467291,3.151103,0.002314
19.741891,31.175292,39.268125,2504.635487,-0.774686,68.904821,8.495992,3.161841,0.001793
19.754641,31.209594,39.218598,2500.075450,-0.770519,68.920655,8.524595,3.175273,0.002065
19.766912,31.243024,39.165667,2495.494601,-0.765025,68.936002,8.553891,3.185762,0.002350
19.777155,31.275651,39.116705,2490.898134,-0.759178,68.952071,8.583109,3.196615,0.001170
19.790113,31.308053,39.067164,2486.285120,-0.753906,68.968680,8.610547,3.206196,0.002882
19.798902,31.341559,39.018724,2481.654835,-0.746866,68.982830,8.638183,3.214720,0.002556
19.810774,31.376061,38.970520,2477.009322,-0.738577,68.998028,8.662852,3.224851,0.001998
19.823958,31.409206,38.921957,2472.346093,-0.730832,69.015531,8.687775,3.232753,-0.000284
19.834928,31.441597,38.873405,2467.667025,-0.721762,69.031330,8.713615,3.242892,0.000541
19.847700,31.474180,38.827613,2462.973282,-0.711963,69.046952,8.736074,3.253701,-0.001607
19.860100,31.507902,38.783576,2458.264748,-0.700973,69.061593,8.758033,3.261927,-0.001471
19.871735,31.539396,38.740771,2453.540010,-0.689465,69.078359,8.778286,3.270811,-0.003071
19.884377,31.572258,38.699080,2448.800825,-0.678471,69.095253,8.796750,3.277795,-0.004207
19.895809,31.604724,38.658804,2444.047064,-0.665549,69.110890,8.816433,3.283903,-0.004869
19.907367,31.637253,38.618131,2439.281517,-0.652318,69.126832,8.834825,3.289100,-0.004931
19.918944,31.669409,38.576799,2434.501843,-0.636735,69.143462,8.850226,3.298559,-0.004184
19.930915,31.701481,38.536609,2429.712242,-0.623997,69.156973,8.863515,3.302707,-0.003560
19.941569,31.733902,38.499344,2424.910622,-0.609640,69.172595,8.876468,3.308609,-0.003508
19.953004,31.767366,38.460990,2420.097798,-0.593779,69.188132,8.888078,3.313701,-0.002102
19.964176,31.798824,38.423570,2415.275351,-0.578195,69.202804,8.899950,3.318100,-0.002397
19.975032,31.831185,38.387373,2410.440343,-0.562854,69.216733,8.907758,3.322385,-0.002430
19.986747,31.863675,38.352135,2405.597492,-0.546509,69.230822,8.915107,3.325151,-0.003297
19.996851,31.895591,38.317995,2400.747696,-0.530837,69.247115,8.922853,3.328495,-0.003611
20.007823,31.926080,38.284031,2395.890742,-0.514540,69.263674,8.927911,3.328006,-0.002686
20.019418,31.957025,38.250779,2391.025238,-0.497483,69.279731,8.931047,3.329204,-0.002258
20.029983,31.988990,38.219887,2386.156199,-0.482533,69.294563,8.933462,3.328561,-0.002763
20.040567,32.019826,38.192554,2381.282086,-0.467560,69.308563,8.936301,3.329899,-0.002079
20.053245,32.049782,38.160776,2376.402904,-0.452494,69.323039,8.935147,3.330524,-0.002995
20.060842,32.082566,38.132803,2371.522995,-0.439170,69.338902,8.933176,3.331757,-0.003850
20.074398,32.114101,38.106064,2366.637719,-0.424998,69.356048,8.929032,3.330930,-0.004229
20.085655,32.145378,38.080693,2361.754114,-0.409261,69.371547,8.925948,3.329050,-0.001956
20.097081,32.176290,38.055198,2356.867296,-0.393725,69.385533,8.920164,3.326784,-0.000726
20.107382,32.207529,38.030751,2351.981353,-0.380372,69.399375,8.914955,3.323214,-0.002348
20.117656,32.238956,38.005804,2347.095994,-0.366566,69.413443,8.906323,3.320224,-0.000664
20.130138,32.271399,37.985326,2342.211558,-0.351514,69.429313,8.898417,3.316611,0.000792
20.140771,32.302896,37.965588,2337.331775,-0.339921,69.444282,8.890074,3.312928,0.000422
20.151764,32.334625,37.944048,2332.454264,-0.327526,69.459331,8.879677,3.309813,0.001975
20.162367,32.367032,37.924614,2327.579221,-0.315823,69.473384,8.866307,3.304314,0.002351
20.172308,32.399804,37.904578,2322.709397,-0.305179,69.488779,8.853480,3.297424,0.001274
20.183035,32.430959,37.886636,2317.843432,-0.294702,69.505655,8.838242,3.291857,0.002472
20.194065,32.461131,37.867362,2312.984111,-0.284442,69.519779,8.823159,3.285376,0.001688
20.202802,32.493246,37.852070,2308.130290,-0.274570,69.534894,8.807521,3.279197,0.000662
20.216485,32.522628,37.837614,2303.283090,-0.267341,69.548883,8.790932,3.273024,0.000448
20.228056,32.554654,37.820886,2298.441673,-0.259790,69.564065,8.774131,3.265843,0.001978
20.239405,32.585235,37.805975,2293.612215,-0.253993,69.579483,8.757438,3.257808,0.001998
20.252265,32.614885,37.792182,2288.791358,-0.247705,69.595930,8.736777,3.251129,0.000437
20.264884,32.645844,37.776281,2283.978373,-0.243086,69.610782,8.718308,3.243860,-0.000388
20.276043,32.675683,37.760462,2279.173008,-0.239258,69.624361,8.700373,3.237539,-0.000083
20.288106,32.705026,37.745349,2274.377490,-0.235233,69.640121,8.681544,3.230115,0.000313
20.297319,32.736823,37.730355,2269.591893,-0.233048,69.656322,8.660109,3.221697,0.000540
20.307300,32.767696,37.715193,2264.814649,-0.230453,69.669984,8.642807,3.213577,-0.000458
20.319532,32.798560,37.702265,2260.051979,-0.230140,69.685304,8.623581,3.206995,0.001040
20.329038,32.829376,37.689949,2255.300255,-0.229478,69.699918,8.606882,3.199464,0.000536
20.338684,32.860027,37.674039,2250.558304,-0.229692,69.713381,8.587819,3.190996,0.001095
20.348054,32.889490,37.660545,2245.828074,-0.233131,69.727949,8.566041,3.185359,0.000317
20.359592,32.917329,37.645873,2241.109534,-0.235661,69.741726,8.546248,3.177468,0.000546
20.371836,32.946649,37.632503,2236.401640,-0.239278,69.756516,8.527801,3.172018,0.000813
20.383124,32.978230,37.619096,2231.704034,-0.245499,69.769681,8.507689,3.165356,0.000203
20.392669,33.009506,37.604169,2227.021277,-0.251624,69.783873,8.489152,3.160816,-0.000080
20.402916,33.039406,37.588136,2222.348467,-0.257747,69.800063,8.471959,3.154364,-0.000634
20.411414,33.070699,37.572679,2217.686855,-0.266558,69.814994,8.453144,3.146739,-0.001195
20.421237,33.100359,37.557701,2213.037893,-0.275313,69.830026,8.434056,3.139874,-0.000721
20.431437,33.130652,37.540837,2208.401104,-0.285091,69.845284,8.417274,3.134107,-0.001789
20.441779,33.158254,37.523582,2203.774420,-0.295608,69.860629,8.402396,3.128707,-0.002955
20.453548,33.186144,37.508283,2199.158151,-0.305653,69.873578,8.387205,3.126299,-0.002661
20.462594,33.214995,37.489700,2194.552015,-0.317263,69.884848,8.372047,3.119587,-0.002588
20.473306,33.244106,37.471819,2189.958170,-0.328882,69.900272,8.360234,3.114825,-0.001728
20.483086,33.272969,37.452589,2185.373527,-0.341490,69.914597,8.348520,3.110876,-0.001854
20.492906,33.302092,37.432582,2180.799283,-0.352831,69.930082,8.339041,3.107195,-0.001981
20.502243,33.331428,37.409408,2176.234668,-0.367432,69.944915,8.327705,3.104348,-0.002220
20.511583,33.361104,37.389578,2171.677194,-0.380721,69.959961,8.318170,3.101295,-0.001405
20.522230,33.390454,37.366177,2167.129294,-0.394327,69.975158,8.308598,3.096720,-0.000707
20.533172,33.419709,37.343305,2162.589630,-0.410046,69.990231,8.299663,3.094185,-0.000258
20.541636,33.447532,37.320112,2158.059332,-0.425922,70.006256,8.293265,3.090432,-0.000031
20.550460,33.476673,37.295310,2153.534886,-0.442755,70.020522,8.286142,3.089065,0.000205
20.558662,33.506172,37.269301,2149.019301,-0.460439,70.036011,8.282977,3.086696,0.000120
20.566695,33.535800,37.241133,2144.509192,-0.478425,70.049547,8.279380,3.086882,0.000718
20.576269,33.564804,37.215277,2140.007381,-0.496314,70.063829,8.277314,3.086810,0.000420
20.585606,33.595005,37.188690,2135.511661,-0.514358,70.078567,8.273825,3.085194,0.000040
20.595165,33.622575,37.158893,2131.020184,-0.531467,70.092110,8.274279,3.086253,-0.002682
20.605789,33.652173,37.129431,2126.532299,-0.549708,70.107405,8.275397,3.085499,-0.003090
20.616419,33.681654,37.098250,2122.053186,-0.566744,70.123452,8.277886,3.085584,-0.003333
20.626011,33.711495,37.063383,2117.576601,-0.584111,70.137472,8.279345,3.086236,-0.001327
20.637150,33.740893,37.030294,2113.101236,-0.603454,70.150775,8.282333,3.088594,-0.002089
20.648066,33.767992,36.997374,2108.628585,-0.622258,70.164803,8.289572,3.090306,-0.002124
20.657925,33.797175,36.962347,2104.158366,-0.641279,70.180305,8.295553,3.092934,-0.001522
20.667098,33.822968,36.927922,2099.688338,-0.661064,70.195197,8.302449,3.095560,-0.002658
20.676408,33.851934,36.891292,2095.219140,-0.677876,70.210736,8.309358,3.097118,-0.002077
20.686445,33.878449,36.852873,2090.751928,-0.696640,70.224792,8.319614,3.099585,-0.001809
20.696503,33.906712,36.815854,2086.282805,-0.715819,70.239096,8.328529,3.104658,-0.001440
20.707668,33.935149,36.777101,2081.812002,-0.733632,70.254040,8.338487,3.108635,-0.001351
20.717478,33.964989,36.736502,2077.338403,-0.750800,70.267575,8.349345,3.113049,-0.001493
20.725691,33.992656,36.693901,2072.864625,-0.766790,70.281630,8.357975,3.118427,-0.000030
20.734643,34.019484,36.651029,2068.386890,-0.784347,70.295286,8.371928,3.124264,-0.001115
20.742764,34.047868,36.607326,2063.904603,-0.800270,70.310415,8.386126,3.129068,-0.001480
20.750894,34.076473,36.564641,2059.419755,-0.814652,70.326212,8.399045,3.133375,0.000035
20.760960,34.104684,36.521988,2054.930799,-0.830748,70.341775,8.415329,3.136958,-0.000275
20.770652,34.130965,36.476790,2050.435161,-0.846054,70.354399,8.432273,3.143149,0.000875
20.781482,34.158302,36.429827,2045.934251,-0.859905,70.370819,8.450363,3.148334,0.000718
20.790983,34.186385,36.382928,2041.427380,-0.874525,70.384002,8.468593,3.156069,0.000580
20.802274,34.213795,36.335043,2036.914659,-0.888318,70.398895,8.489197,3.163689,0.000493
20.810422,34.240721,36.284944,2032.393331,-0.902869,70.414542,8.509456,3.170606,0.001207
20.819972,34.266775,36.238427,2027.866316,-0.914136,70.426446,8.530884,3.178743,0.000188
20.828828,34.293306,36.188466,2023.328722,-0.925021,70.441655,8.550891,3.185871,-0.000074
20.836539,34.321795,36.138518,2018.784168,-0.938768,70.457486,8.570943,3.194048,0.000279
20.845764,34.349359,36.090882,2014.228802,-0.946574,70.471093,8.590763,3.203681,0.000458
20.853195,34.377170,36.039516,2009.664751,-0.957059,70.484831,8.612008,3.210197,0.001325
20.862396,34.405306,35.988738,2005.091680,-0.965862,70.498603,8.635311,3.217315,0.002285
20.870413,34.432459,35.937691,2000.506484,-0.974524,70.512458,8.656369,3.225586,0.003254
20.880025,34.459517,35.888597,1995.909227,-0.982661,70.525784,8.679499,3.233291,0.001872
20.888209,34.486085,35.837570,1991.301626,-0.986999,70.538661,8.701763,3.239664,0.001246
20.896254,34.512483,35.784784,1986.684544,-0.991920,70.553015,8.725741,3.248276,0.003484
20.906271,34.540318,35.733276,1982.054773,-0.994168,70.567259,8.747793,3.257889,0.001891
20.917099,34.565522,35.680000,1977.413023,-0.998776,70.583789,8.770239,3.266950,0.002420
20.926632,34.590301,35.627789,1972.759595,-1.002460,70.597733,8.793433,3.275683,0.001670
20.934231,34.618783,35.577873,1968.095490,-1.004858,70.611316,8.817080,3.284077,-0.000091
20.943344,34.645429,35.524166,1963.417863,-1.006200,70.624920,8.838212,3.291614,0.001332
20.952215,34.672080,35.472567,1958.727664,-1.006209,70.640141,8.859099,3.297717,0.001072
20.960599,34.698526,35.422256,1954.024385,-1.005624,70.657148,8.880515,3.306507,-0.000008
20.967963,34.724709,35.368929,1949.310884,-1.005530,70.669356,8.902117,3.315907,0.001128
20.976252,34.752311,35.316607,1944.586259,-1.003156,70.684947,8.922387,3.323385,-0.000458
20.985999,34.779134,35.267000,1939.849322,-1.000133,70.699545,8.943406,3.332257,0.000144
20.995667,34.806084,35.215963,1935.100772,-0.995050,70.713222,8.963140,3.340476,0.001132
21.004535,34.831988,35.165623,1930.336980,-0.990992,70.725639,8.982226,3.347784,0.000455
21.010359,34.856183,35.116060,1925.563481,-0.985120,70.739221,9.002473,3.355525,-0.000065
21.019788,34.881384,35.065502,1920.778267,-0.978804,70.754273,9.018960,3.360656,0.000672
21.026796,34.908278,35.016888,1915.981213,-0.973211,70.769300,9.036603,3.368273,0.001814
21.034249,34.933403,34.967409,1911.172996,-0.966424,70.782628,9.053662,3.375060,0.001038
21.040303,34.959642,34.918552,1906.354790,-0.959829,70.796564,9.070596,3.382028,0.001676
21.047538,34.985462,34.870658,1901.525545,-0.952405,70.810513,9.084599,3.389692,0.000785
21.057277,35.010549,34.821107,1896.687861,-0.944971,70.825085,9.098082,3.393188,0.000075
21.067599,35.036906,34.775316,1891.837755,-0.936838,70.839047,9.114579,3.397903,0.000167
21.077231,35.060023,34.729179,1886.980035,-0.927731,70.853610,9.126595,3.402129,0.000318
21.084217,35.085356,34.684807,1882.112578,-0.916270,70.867434,9.137490,3.407395,0.000805
21.093208,35.112230,34.640675,1877.237802,-0.907671,70.879916,9.145162,3.409853,0.000638
21.103500,35.137322,34.595698,1872.354919,-0.896617,70.893442,9.154110,3.413949,0.000406
21.110999,35.161044,34.552136,1867.466650,-0.886367,70.907839,9.161923,3.416312,0.000188
21.120196,35.187357,34.509743,1862.567670,-0.875597,70.921768,9.169311,3.416915,-0.001327
21.129948,35.213174,34.466860,1857.663872,-0.865288,70.934440,9.175179,3.418590,-0.001124
21.136302,35.237674,34.424918,1852.754115,-0.853543,70.948504,9.179914,3.421816,-0.001009
21.145915,35.263345,34.382814,1847.838978,-0.842384,70.962266,9.183367,3.421531,-0.001703
21.154324,35.287329,34.342795,1842.917362,-0.831420,70.975692,9.187124,3.422112,-0.002204
21.162229,35.313861,34.302973,1837.991942,-0.820466,70.989921,9.189148,3.420077,-0.001279
21.170019,35.337687,34.264643,1833.062376,-0.807672,71.002666,9.189691,3.422730,-0.000313
21.177427,35.364223,34.228077,1828.130957,-0.797171,71.015497,9.191452,3.423230,-0.002528
21.185548,35.389626,34.189341,1823.195059,-0.787681,71.030001,9.192362,3.421642,-0.000620
21.191622,35.413620,34.151576,1818.256425,-0.776036,71.043935,9.189212,3.422244,0.000452
21.199746,35.437976,34.115333,1813.318397,-0.764961,71.057252,9.185504,3.421501,-0.000081
21.207138,35.462570,34.080028,1808.377100,-0.755780,71.070089,9.183824,3.419902,0.000350
21.215409,35.488387,34.045897,1803.435482,-0.745022,71.082151,9.177979,3.417852,-0.001067
21.223061,35.512955,34.010779,1798.495333,-0.736409,71.096440,9.174197,3.417117,0.000717
21.230758,35.537371,33.976831,1793.555928,-0.728575,71.110257,9.169608,3.414554,0.000564
21.238030,35.562835,33.945875,1788.617637,-0.720571,71.124315,9.161939,3.412539,0.000241
21.245962,35.587727,33.911144,1783.682884,-0.713892,71.138309,9.155886,3.409761,0.000682
21.254553,35.613234,33.878365,1778.748716,-0.705942,71.150031,9.146948,3.405042,0.000321
21.261591,35.638824,33.844575,1773.820344,-0.699169,71.163096,9.137943,3.403369,-0.000250
21.270235,35.662304,33.812815,1768.892919,-0.691130,71.177015,9.130377,3.399990,-0.001170
21.278774,35.685941,33.782301,1763.969815,-0.685359,71.191522,9.120617,3.395275,0.000233
21.286254,35.709167,33.751192,1759.051479,-0.681265,71.203995,9.109531,3.390823,-0.000458
21.293264,35.733482,33.719844,1754.138501,-0.674952,71.218055,9.098149,3.386537,-0.001364
21.300219,35.757420,33.690728,1749.231327,-0.672130,71.230512,9.087264,3.384354,-0.002000
21.307587,35.781844,33.660111,1744.330945,-0.669396,71.242234,9.073271,3.379864,-0.002133
21.314222,35.805909,33.629221,1739.433885,-0.667034,71.255235,9.060904,3.374502,-0.001360
21.322685,35.828252,33.599050,1734.544046,-0.664888,71.268479,9.048977,3.370414,-0.000058
21.330088,35.850861,33.570642,1729.662728,-0.665206,71.281266,9.036264,3.365486,0.000321
21.337297,35.875172,33.540617,1724.785780,-0.664761,71.294107,9.022236,3.360497,-0.000991
21.346298,35.898577,33.510855,1719.918587,-0.665379,71.305989,9.008355,3.355249,-0.001359
21.354562,35.921914,33.480155,1715.058067,-0.667382,71.317775,8.994871,3.351565,-0.000723
21.361858,35.946039,33.449282,1710.205329,-0.670036,71.329218,8.980052,3.345590,-0.000567
21.368906,35.969541,33.418857,1705.361143,-0.673935,71.341413,8.967116,3.339345,-0.002553
21.376099,35.993649,33.388983,1700.527357,-0.678081,71.354822,8.955510,3.336056,-0.002789
21.381763,36.016665,33.357179,1695.700294,-0.681262,71.367788,8.942720,3.330923,-0.002554
21.388876,36.039619,33.325189,1690.882890,-0.686605,71.381170,8.929442,3.327037,-0.001838
21.396243,36.063018,33.294504,1686.073114,-0.696109,71.394964,8.916133,3.322661,-0.002046
21.403078,36.087030,33.265257,1681.270472,-0.704264,71.408433,8.904571,3.317706,0.000048
21.408619,36.109987,33.235472,1676.475259,-0.711521,71.418200,8.892022,3.315306,0.001021
21.417210,36.133904,33.204741,1671.689852,-0.720795,71.431878,8.878801,3.310206,0.001511
21.425227,36.156473,33.173965,1666.914872,-0.731080,71.446349,8.867383,3.307267,0.000898
21.432621,36.177188,33.142408,1662.151014,-0.742705,71.459953,8.856898,3.304015,0.000462
21.437599,36.200420,33.110792,1657.395777,-0.754191,71.473326,8.846226,3.298518,-0.000942
21.448319,36.222293,33.078056,1652.647656,-0.766065,71.487079,8.835783,3.295153,-0.000816
21.456270,36.244290,33.045416,1647.909641,-0.779116,71.500594,8.826912,3.289555,0.000245
21.464435,36.265906,33.010656,1643.178279,-0.792300,71.514232,8.816668,3.285455,-0.000710
21.468495,36.289546,32.975970,1638.455543,-0.804827,71.528942,8.809970,3.283282,0.000682
21.476268,36.311508,32.942369,1633.739757,-0.818721,71.541041,8.801380,3.281416,0.000503
21.483237,36.334015,32.907178,1629.033386,-0.832304,71.554023,8.793846,3.278879,-0.000377
21.489929,36.356584,32.871130,1624.335230,-0.848212,71.566369,8.787226,3.276294,0.000473
21.496704,36.376827,32.834409,1619.643588,-0.865362,71.579681,8.779175,3.273014,0.002583
21.504895,36.397502,32.796737,1614.959779,-0.881960,71.593810,8.776949,3.271216,0.001369
21.509918,36.417540,32.757530,1610.281036,-0.898713,71.605270,8.770752,3.268675,0.001873
21.516830,36.440195,32.719028,1605.611723,-0.916753,71.615166,8.766751,3.267182,0.001391
21.524065,36.461891,32.680130,1600.947688,-0.935236,71.627541,8.764933,3.266041,0.001402
21.530965,36.485696,32.639799,1596.290911,-0.952869,71.640615,8.763022,3.266033,0.000557
21.537328,36.508260,32.601605,1591.640936,-0.971893,71.655548,8.762243,3.264921,0.001077
21.543920,36.531603,32.561125,1586.997066,-0.991859,71.668172,8.762478,3.265712,0.000495
21.550371,36.552428,32.517909,1582.355572,-1.012242,71.680107,8.760803,3.265688,0.000104
21.556927,36.573865,32.475693,1577.718207,-1.032225,71.691630,8.760401,3.265819,-0.001533
21.563986,36.597410,32.433380,1573.086796,-1.051664,71.704775,8.761589,3.266207,-0.000891
21.570369,36.619714,32.389602,1568.461104,-1.072678,71.716580,8.765322,3.266864,-0.002875
21.575150,36.639691,32.344971,1563.837785,-1.093400,71.729581,8.768318,3.268671,-0.001531
21.580410,36.661741,32.301263,1559.217475,-1.113130,71.741577,8.770978,3.268693,-0.000745
21.585805,36.680914,32.256886,1554.597630,-1.133653,71.754207,8.775822,3.269711,-0.000878
21.593350,36.701437,32.210645,1549.983547,-1.154060,71.766639,8.784426,3.272103,0.001092
21.600373,36.721750,32.162891,1545.369797,-1.173919,71.778034,8.789811,3.273954,0.000448
21.605354,36.743873,32.115476,1540.757694,-1.194355,71.790608,8.797217,3.276160,-0.001230
21.611885,36.765043,32.066220,1536.147155,-1.213307,71.802900,8.803474,3.278591,0.000797
21.620016,36.788016,32.017180,1531.536893,-1.231662,71.813924,8.811704,3.280221,-0.000215
21.625745,36.809122,31.965174,1526.928689,-1.250179,71.826367,8.820086,3.282483,0.000265
21.633055,36.830305,31.914644,1522.319261,-1.268682,71.839718,8.829485,3.285948,0.000032
21.639617,36.851758,31.865243,1517.708996,-1.285930,71.852103,8.839032,3.292189,-0.000501
21.645877,36.871893,31.814504,1513.098734,-1.304258,71.864472,8.849392,3.297047,-0.000551
21.650590,36.892729,31.760864,1508.485882,-1.321376,71.879220,8.859490,3.300736,-0.001372
21.658409,36.912177,31.707786,1503.872661,-1.339890,71.891727,8.872358,3.304380,-0.001768
21.663899,36.932376,31.656264,1499.256636,-1.356307,71.904716,8.882458,3.307781,-0.000526
21.670486,36.952565,31.600506,1494.639041,-1.374764,71.917237,8.895592,3.311297,0.000111
21.677750,36.973839,31.544668,1490.017621,-1.392070,71.931044,8.908275,3.316121,-0.000328
21.681745,36.994748,31.490661,1485.394974,-1.406964,71.943363,8.921000,3.323756,-0.000578
21.689624,37.015404,31.437333,1480.766072,-1.421092,71.954927,8.934988,3.328668,-0.000498
21.697354,37.034842,31.380437,1476.133640,-1.435068,71.968127,8.950072,3.333301,-0.000328
21.703599,37.054260,31.323729,1471.495095,-1.448919,71.980270,8.964913,3.337809,-0.001701
21.709212,37.073402,31.267442,1466.853571,-1.461546,71.991924,8.978962,3.342602,-0.001091
21.714156,37.093118,31.211741,1462.208943,-1.475757,72.005156,8.992413,3.348332,0.000551
21.720381,37.113755,31.155705,1457.560308,-1.488165,72.015794,9.006422,3.354172,0.001174
21.725649,37.133661,31.098103,1452.906732,-1.500674,72.027209,9.021380,3.359807,0.000736
21.732292,37.154529,31.040802,1448.245440,-1.510342,72.040868,9.036076,3.366239,0.001612
21.737822,37.174219,30.982260,1443.581323,-1.521599,72.053761,9.050347,3.372249,-0.000107
21.744759,37.194293,30.925937,1438.909294,-1.533528,72.062103,9.065071,3.377380,-0.000911
21.748668,37.212452,30.867194,1434.231952,-1.543510,72.072719,9.077926,3.382910,-0.001798
21.754773,37.232772,30.810633,1429.547628,-1.550087,72.083912,9.092447,3.388582,-0.001689
21.760933,37.251439,30.753984,1424.857580,-1.557964,72.096792,9.106655,3.395185,-0.003464
21.767039,37.270564,30.695677,1420.162452,-1.564053,72.109452,9.120315,3.399710,-0.004022
21.774012,37.291098,30.637700,1415.460716,-1.568737,72.122489,9.134677,3.403394,-0.005089
21.779168,37.310780,30.579030,1410.751862,-1.573528,72.133469,9.150222,3.408874,-0.005513
21.785115,37.330818,30.520582,1406.036982,-1.579898,72.144307,9.163319,3.415655,-0.003492
21.791070,37.350676,30.463161,1401.315476,-1.584247,72.156899,9.174897,3.420479,-0.003113
21.796425,37.369496,30.403760,1396.588044,-1.587344,72.170188,9.186049,3.426763,-0.004301
21.801080,37.389860,30.345262,1391.853400,-1.590645,72.181377,9.198664,3.432457,-0.005610
21.808700,37.408507,30.288931,1387.114158,-1.592883,72.192904,9.211629,3.435233,-0.006027
21.816713,37.426575,30.232050,1382.365936,-1.595517,72.203616,9.223554,3.438650,-0.005040
21.823299,37.446862,30.175225,1377.615622,-1.596005,72.215884,9.233913,3.443168,-0.004139
21.828808,37.462868,30.115945,1372.856566,-1.596057,72.227722,9.244807,3.445596,-0.004197
21.833120,37.482902,30.058967,1368.093778,-1.596218,72.240530,9.254572,3.450473,-0.003752
21.838449,37.502008,30.001757,1363.322958,-1.597226,72.252727,9.262144,3.453425,-0.001814
21.844907,37.519699,29.945119,1358.549262,-1.597242,72.265518,9.271473,3.456802,-0.000759
21.849896,37.538489,29.888835,1353.771006,-1.596782,72.277956,9.280804,3.459129,0.000494
21.856627,37.558476,29.831148,1348.988164,-1.595079,72.290939,9.289214,3.460165,0.001098
21.861790,37.577650,29.777072,1344.198686,-1.593781,72.303147,9.295248,3.463981,0.000165
21.866427,37.596830,29.719898,1339.405839,-1.592210,72.314815,9.303343,3.465951,-0.000400
21.871112,37.615963,29.663081,1334.608916,-1.589442,72.327849,9.308915,3.467314,-0.001398
21.876458,37.634732,29.606545,1329.809807,-1.584958,72.338715,9.312659,3.469803,-0.000201
21.880744,37.653400,29.550749,1325.004937,-1.583120,72.350906,9.317741,3.470039,-0.002474
21.885346,37.671178,29.497191,1320.196500,-1.579526,72.363932,9.323355,3.471146,-0.001729
21.891384,37.689915,29.442367,1315.386733,-1.576723,72.375432,9.327987,3.474379,-0.001570
21.897411,37.707389,29.387178,1310.574674,-1.573447,72.387018,9.330008,3.475077,-0.001825
21.903455,37.724319,29.335606,1305.759986,-1.569668,72.398506,9.330305,3.477236,-0.000083
21.909119,37.741651,29.280654,1300.945539,-1.566867,72.408995,9.333256,3.478613,0.001147
21.915278,37.758140,29.227212,1296.129120,-1.567095,72.419515,9.334649,3.477925,0.001442
21.919285,37.775834,29.175165,1291.311347,-1.565365,72.429650,9.334044,3.478213,0.000736
21.922536,37.795355,29.121457,1286.493791,-1.563622,72.442055,9.332921,3.476935,-0.000172
21.927512,37.812983,29.069993,1281.676876,-1.562201,72.452739,9.332262,3.476974,0.000483
21.932983,37.830468,29.018212,1276.860677,-1.560356,72.462793,9.329413,3.474997,-0.000168
21.936724,37.849573,28.966610,1272.044565,-1.559886,72.472797,9.325727,3.474254,-0.000294
21.941260,37.866991,28.914924,1267.229157,-1.559798,72.483628,9.322489,3.472907,-0.000903
21.945965,37.884753,28.862413,1262.413648,-1.559609,72.494700,9.319092,3.469770,-0.002515
21.950627,37.900887,28.812470,1257.601468,-1.559505,72.507998,9.315734,3.469237,-0.001670
21.954181,37.919227,28.760343,1252.792313,-1.559995,72.520121,9.312052,3.466676,-0.002028
21.960889,37.937581,28.707408,1247.986419,-1.560904,72.533401,9.306853,3.465297,-0.000693
21.967817,37.954951,28.655417,1243.184268,-1.561547,72.545013,9.301780,3.465259,-0.000215
21.972160,37.972211,28.604649,1238.381953,-1.560360,72.556010,9.296766,3.462112,0.000295
21.977021,37.988137,28.556415,1233.586529,-1.562598,72.565849,9.290157,3.459440,0.000801
21.982926,38.005436,28.506156,1228.795189,-1.565703,72.574878,9.283712,3.456877,0.001559
21.988263,38.022318,28.455826,1224.007889,-1.570109,72.585763,9.276190,3.453656,0.000926
21.992687,38.039620,28.405902,1219.225770,-1.575243,72.598672,9.267797,3.452275,0.001062
21.997619,38.057916,28.354408,1214.451754,-1.580375,72.609598,9.261455,3.448780,0.000577
22.002618,38.074372,28.305070,1209.679588,-1.587111,72.622004,9.253269,3.445065,0.000047
22.008616,38.092265,28.255171,1204.914457,-1.592175,72.632687,9.243239,3.442167,-0.000318
22.013883,38.109722,28.206231,1200.157129,-1.598720,72.641505,9.236483,3.439200,-0.000198
22.018712,38.126085,28.157198,1195.404127,-1.605820,72.652654,9.229559,3.437585,0.000404
22.022639,38.141308,28.107369,1190.657867,-1.616118,72.663539,9.221324,3.434716,0.000312
22.027497,38.157854,28.058094,1185.918202,-1.624170,72.674188,9.210915,3.430499,-0.001427
22.032176,38.173442,28.008089,1181.188427,-1.634464,72.685756,9.202953,3.426288,-0.002044
22.037490,38.188752,27.958087,1176.462264,-1.645169,72.696274,9.194392,3.422619,-0.000302
22.043640,38.205244,27.908050,1171.744676,-1.659466,72.707830,9.186280,3.418290,0.000031
22.049149,38.222042,27.856527,1167.035813,-1.672610,72.720012,9.179942,3.416889,-0.000113
22.053188,38.237742,27.804927,1162.333792,-1.685370,72.731070,9.171405,3.413586,0.000494
22.057690,38.252365,27.754691,1157.642519,-1.700820,72.741684,9.162997,3.410761,0.001004
22.063602,38.268985,27.703367,1152.957031,-1.716598,72.751495,9.156416,3.408183,0.000543
22.067956,38.283724,27.652150,1148.281344,-1.732162,72.762270,9.148527,3.405852,-0.000457
22.073230,38.300391,27.601333,1143.611838,-1.751267,72.774444,9.142915,3.404171,-0.000233
22.078076,38.315929,27.547966,1138.952180,-1.769310,72.785924,9.135746,3.401656,0.002719
22.081742,38.333033,27.496072,1134.301460,-1.787714,72.797827,9.129525,3.399093,0.001866
22.086793,38.348758,27.441380,1129.658676,-1.806909,72.808224,9.122402,3.397153,0.001939
22.092041,38.364784,27.388006,1125.026188,-1.827735,72.819305,9.119231,3.395709,0.003279
22.096287,38.381310,27.333540,1120.401572,-1.849425,72.829467,9.113194,3.394553,0.004010
22.100123,38.396380,27.279882,1115.786299,-1.870393,72.839509,9.106649,3.391760,0.003216
22.104188,38.412978,27.224661,1111.180678,-1.893778,72.850351,9.100979,3.391829,0.001947
22.107830,38.428020,27.168744,1106.581803,-1.917594,72.860001,9.095882,3.390743,0.004337
22.113442,38.441762,27.113328,1101.990154,-1.942034,72.870134,9.091956,3.386074,0.003941
22.115820,38.455939,27.056929,1097.407044,-1.966496,72.880845,9.087912,3.385175,0.002600
22.120533,38.472270,27.000762,1092.832647,-1.992575,72.890877,9.084369,3.384686,0.002098
22.125603,38.488701,26.941640,1088.267208,-2.017087,72.899833,9.082173,3.384234,0.003023
22.129582,38.503328,26.884346,1083.711895,-2.042784,72.909879,9.079893,3.381710,0.003516
22.133654,38.517990,26.825923,1079.161045,-2.070317,72.920067,9.078412,3.379497,0.002890
22.138892,38.533913,26.766878,1074.619003,-2.096677,72.931284,9.076161,3.378096,0.001452
22.144268,38.548074,26.706674,1070.083394,-2.123855,72.940660,9.073971,3.378720,-0.000131
22.147405,38.562629,26.646244,1065.556605,-2.151156,72.950942,9.073138,3.379854,-0.002102
22.151128,38.576800,26.585474,1061.037263,-2.179284,72.961157,9.072402,3.381396,-0.001348
22.154887,38.593243,26.525206,1056.524851,-2.208847,72.971398,9.071970,3.381036,-0.001165
22.157339,38.607282,26.463256,1052.019475,-2.237423,72.980625,9.073277,3.381130,-0.000526
22.162460,38.621019,26.402321,1047.520538,-2.264479,72.991402,9.074367,3.381952,-0.000039
22.166405,38.636263,26.339939,1043.029935,-2.293058,73.001744,9.076032,3.381609,-0.000437
22.168688,38.649999,26.277412,1038.544737,-2.321659,73.012157,9.076493,3.382036,0.000689
22.173559,38.663960,26.212895,1034.065299,-2.351054,73.023485,9.079142,3.383495,0.000654
22.176315,38.678035,26.147902,1029.593110,-2.378515,73.034137,9.081501,3.383941,0.001107
22.179485,38.692005,26.085464,1025.124651,-2.406700,73.044895,9.085282,3.385963,-0.000197
22.183370,38.704502,26.020461,1020.663260,-2.436247,73.057093,9.089801,3.386363,0.001290
22.187836,38.719339,25.955758,1016.206842,-2.464836,73.066388,9.094526,3.387206,0.000342
22.191763,38.732925,25.892307,1011.756351,-2.493799,73.077909,9.097104,3.387341,-0.001407
22.195735,38.744670,25.823310,1007.310152,-2.523378,73.087576,9.098900,3.389447,-0.001399
22.199028,38.757776,25.757506,1002.869917,-2.552237,73.098437,9.104220,3.392386,-0.003437
22.202319,38.772082,25.689937,998.434151,-2.580461,73.107549,9.110024,3.393407,-0.002261
0.049256,0.049789,56.657232,5492.155768,-0.512589,45.003409,3.535961,1.317427,-0.002553
0.100550,0.101874,56.582320,5490.300226,-0.525201,45.003147,3.571243,1.330068,-0.001216
0.152955,0.154769,56.507265,5488.427247,-0.536557,45.003381,3.607960,1.346004,0.000592
0.206094,0.206733,56.428431,5486.535824,-0.549356,45.003216,3.647221,1.359373,-0.001467
0.259255,0.259969,56.347609,5484.628024,-0.560489,45.004243,3.685782,1.372447,-0.001583
0.310021,0.310748,56.265648,5482.701432,-0.571186,45.004906,3.726106,1.389371,-0.002008
0.363264,0.361740,56.182056,5480.753921,-0.583104,45.004692,3.768514,1.405086,-0.002192
0.415019,0.413758,56.098170,5478.784077,-0.594366,45.003871,3.809038,1.421978,-0.002627
0.465146,0.466533,56.012965,5476.794140,-0.602899,45.004247,3.851373,1.437842,-0.004723
0.517426,0.519361,55.925558,5474.781640,-0.612015,45.005705,3.897422,1.455495,-0.005001
0.567885,0.573078,55.835794,5472.745296,-0.618874,45.006119,3.942988,1.472979,-0.005729
0.620006,0.622430,55.747820,5470.685781,-0.624581,45.006079,3.990853,1.491407,-0.003143
0.670719,0.672867,55.658468,5468.602344,-0.631557,45.006839,4.039178,1.509310,-0.002124
0.720202,0.723404,55.567881,5466.493545,-0.638222,45.005976,4.087717,1.525301,-0.001097
0.772863,0.775792,55.477880,5464.357930,-0.644019,45.007963,4.136300,1.544975,-0.000495
0.825921,0.826371,55.385828,5462.194802,-0.649124,45.007763,4.186869,1.563946,-0.001467
0.876446,0.877655,55.291768,5460.003577,-0.652064,45.007962,4.239112,1.584426,-0.000799
0.927911,0.928393,55.199018,5457.784443,-0.655929,45.008493,4.293702,1.604348,-0.001517
0.979230,0.980340,55.104913,5455.537249,-0.659119,45.009152,4.347175,1.622176,-0.002303
1.032188,1.032858,55.010857,5453.258971,-0.660286,45.010053,4.401535,1.642308,-0.002706
1.085522,1.084531,54.916864,5450.949718,-0.661351,45.011127,4.455306,1.662089,-0.001701
1.136241,1.136391,54.822812,5448.612229,-0.671474,44.979167,4.508865,1.681924,-27.002711
1.189121,1.187031,54.727063,5446.244465,-0.676906,44.948589,4.566084,1.702994,-27.000403
1.241550,1.239599,54.630332,5443.847090,-0.682708,44.916666,4.623259,1.724252,-27.001139
1.293082,1.291637,54.533251,5441.417217,-0.688133,44.885017,4.684986,1.747348,-27.000313
1.346207,1.343922,54.435167,5438.957924,-0.692755,44.851830,4.744508,1.770375,-26.999106
1.398678,1.395756,54.336118,5436.464247,-0.693764,44.820350,4.806037,1.793459,-26.999394
1.450090,1.447112,54.238665,5433.934579,-0.696892,44.789597,4.870406,1.816083,-26.999803
1.501767,1.499035,54.139056,5431.370465,-0.699406,44.756193,4.933426,1.839886,-26.999459
1.553262,1.549789,54.038384,5428.772577,-0.700996,44.723194,4.998566,1.863820,-26.998437
1.603450,1.601353,53.940070,5426.138706,-0.701389,44.689574,5.064327,1.888887,-26.999437
1.654844,1.651086,53.840221,5423.469050,-0.700141,44.655090,5.130422,1.911200,-26.998399
1.707187,1.702879,53.740807,5420.758942,-0.699850,44.619025,5.198827,1.936038,-26.998309
1.759189,1.754216,53.642049,5418.012062,-0.698403,44.583355,5.265694,1.960230,-26.999006
1.810428,1.802811,53.543896,5415.226041,-0.695143,44.547392,5.335101,1.986113,-26.998030
1.861552,1.854868,53.445789,5412.400774,-0.691664,44.511924,5.402667,2.009430,-26.998086
1.913205,1.906794,53.349822,5409.537273,-0.686191,44.475955,5.470827,2.035755,-26.996903
1.964780,1.956631,53.253046,5406.635500,-0.679520,44.438924,5.538922,2.060871,-26.997850
2.016857,2.007108,53.158780,5403.692637,-0.673347,44.402928,5.607057,2.087513,-26.999435
2.067517,2.057959,53.065272,5400.707481,-0.665906,44.365496,5.673971,2.112926,-26.996972
2.118630,2.107883,52.973079,5397.683839,-0.657252,44.325968,5.741457,2.139499,-26.995872
2.171984,2.157158,52.880912,5394.619605,-0.648486,44.287019,5.811219,2.163913,-26.996352
2.224659,2.208738,52.789048,5391.516149,-0.637804,44.247079,5.878037,2.190370,-26.997787
2.276053,2.259361,52.701451,5388.371946,-0.627479,44.206218,5.945110,2.215310,-26.998326
2.328126,2.310204,52.613955,5385.185870,-0.615506,44.166264,6.010718,2.239124,-26.997548
2.380563,2.360834,52.527911,5381.960314,-0.601564,44.124894,6.078011,2.261343,-26.999037
2.432393,2.410832,52.443111,5378.695097,-0.587848,44.082894,6.142170,2.285492,-27.001074
2.484784,2.460356,52.360821,5375.389637,-0.573421,44.041863,6.205398,2.310496,-27.002949
2.534785,2.509420,52.280108,5372.046039,-0.558039,44.000738,6.269601,2.335431,-27.003120
2.585770,2.558975,52.202677,5368.663896,-0.541349,43.957247,6.330134,2.359260,-27.003532
2.637471,2.607867,52.127623,5365.245661,-0.524230,43.912530,6.390966,2.381891,-27.003554
2.689779,2.658398,52.055914,5361.788171,-0.506866,43.869651,6.449912,2.403698,-27.003241
2.741029,2.709260,51.985155,5358.295085,-0.489521,43.825446,6.507034,2.424213,-27.003888
2.791800,2.757906,51.916162,5354.767121,-0.471567,43.780672,6.559964,2.445812,-27.003980
2.843075,2.806056,51.850877,5351.202107,-0.452247,43.733863,6.609951,2.464090,-27.003141
2.895505,2.856016,51.786823,5347.605967,-0.432450,43.689528,6.658658,2.480367,-27.003043
2.946785,2.905705,51.727632,5343.978889,-0.411507,43.642314,6.703893,2.497510,-27.003900
2.997481,2.956356,51.670809,5340.320665,-0.390806,43.595897,6.745750,2.513466,-27.003588
3.048717,3.004289,51.616241,5336.632981,-0.371021,43.549122,6.786744,2.527759,-27.004750
3.101446,3.053652,51.564844,5332.916586,-0.350132,43.502576,6.825455,2.544599,-27.002932
3.152851,3.103816,51.517342,5329.176420,-0.326074,43.454491,6.863312,2.558867,-27.000533
3.205750,3.152796,51.474119,5325.410241,-0.303138,43.409117,6.896326,2.572187,-26.999185
3.258557,3.201369,51.435432,5321.617283,-0.280564,43.361514,6.924817,2.581971,-26.998153
3.310656,3.249802,51.398494,5317.805604,-0.254654,43.314566,6.951377,2.592042,-26.997911
3.362989,3.300318,51.363042,5313.972856,-0.232746,43.266463,6.975279,2.599722,-26.999552
3.414841,3.350520,51.332533,5310.124759,-0.205811,43.217408,6.993754,2.607981,-26.999625
3.465362,3.398408,51.303595,5306.258449,-0.182671,43.172774,7.011254,2.616147,-26.999219
3.515793,3.446352,51.279009,5302.378238,-0.157730,43.125348,7.024107,2.621507,-27.000601
3.567153,3.494497,51.258743,5298.484031,-0.134577,43.076866,7.035018,2.625343,-27.002060
3.619623,3.543496,51.243246,5294.579958,-0.111736,43.029321,7.043547,2.628264,-27.001914
3.672174,3.591220,51.227257,5290.668912,-0.087349,42.980926,7.048018,2.628500,-27.001364
3.723957,3.639641,51.217795,5286.748531,-0.061915,42.932986,7.047796,2.628671,-27.002842
3.774233,3.688095,51.210679,5282.822583,-0.036353,42.886310,7.047178,2.626084,-27.000810
3.825820,3.736706,51.207151,5278.895333,-0.012746,42.839763,7.040999,2.623724,-27.001611
3.878769,3.785024,51.208643,5274.966189,0.009773,42.792345,7.030610,2.620548,-27.002051
3.930475,3.832834,51.208980,5271.037259,0.032025,42.743352,7.016411,2.614494,-27.001716
3.980739,3.880497,51.217022,5267.110390,0.054246,42.693542,6.998625,2.609494,-27.000635
4.033327,3.927264,51.227290,5263.187333,0.077799,42.645230,6.979176,2.603821,-26.999810
4.085020,3.974707,51.238297,5259.269587,0.099095,42.597935,6.956998,2.595206,-27.000624
4.137176,4.022476,51.255826,5255.359444,0.120749,42.550501,6.931075,2.584670,-27.002024
4.187140,4.069411,51.273453,5251.461581,0.142107,42.503153,6.901487,2.573680,-27.002005
4.237858,4.118745,51.295627,5247.574537,0.163206,42.457163,6.868715,2.563600,-27.001109
4.290351,4.166336,51.320043,5243.700060,0.182909,42.409825,6.837307,2.550762,-27.002590
4.344056,4.213859,51.347820,5239.838289,0.202094,42.363144,6.802306,2.536208,-27.002239
4.395981,4.261413,51.377086,5235.993128,0.222605,42.316943,6.765524,2.520140,-27.000012
4.448588,4.310068,51.410613,5232.163353,0.241993,42.271550,6.726544,2.504416,-26.999590
4.500512,4.355500,51.444057,5228.354374,0.259503,42.225296,6.683709,2.488439,-27.000848
4.551726,4.401435,51.479180,5224.564604,0.277863,42.180172,6.638727,2.471753,-27.000094
4.604963,4.448531,51.518037,5220.796568,0.293460,42.134397,6.594294,2.455789,-26.998476
4.657058,4.494338,51.559626,5217.051179,0.308862,42.090326,6.547421,2.437567,-26.999484
4.707678,4.541712,51.603731,5213.327931,0.321851,42.045635,6.498654,2.419193,-27.001044
4.759756,4.589615,51.649486,5209.629760,0.336755,42.000862,6.446164,2.400170,-27.000665
4.812478,4.638647,51.696817,5205.956808,0.352393,41.958051,6.394385,2.379282,-26.997949
4.864582,4.683827,51.744976,5202.306571,0.364430,41.915648,6.341018,2.359651,-26.998434
4.915218,4.730520,51.795218,5198.684345,0.374701,41.873831,6.287288,2.338436,-26.998855
4.964620,4.777052,51.846450,5195.091484,0.384139,41.831505,6.233021,2.318773,-26.997738
5.016575,4.823280,51.897904,5191.525140,0.393473,41.790266,6.177245,2.298517,-26.997085
5.066124,4.871087,51.952855,5187.988500,0.403981,41.749230,6.123601,2.278291,-26.996343
5.116762,4.917100,52.008395,5184.479806,0.410108,41.710001,6.066928,2.258825,-26.994727
5.169913,4.964520,52.066001,5180.999553,0.417120,41.668961,6.009292,2.238986,-26.992764
5.222544,5.010970,52.124222,5177.548795,0.423660,41.629046,5.953560,2.219602,-26.995163
5.276067,5.055973,52.180869,5174.127408,0.427808,41.589705,5.898532,2.198268,-26.996396
5.328070,5.100483,52.237901,5170.738681,0.433297,41.550643,5.843533,2.179320,-26.997238
5.379705,5.147228,52.295635,5167.379608,0.434260,41.511559,5.788666,2.157509,-26.998251
5.431566,5.191971,52.354345,5164.051297,0.436642,41.472338,5.732059,2.136044,-26.999861
5.483734,5.238140,52.413066,5160.753033,0.437076,41.436301,5.676695,2.115850,-26.999681
5.534601,5.283053,52.472842,5157.483915,0.435827,41.397828,5.623460,2.098372,-26.999766
5.586067,5.329082,52.533451,5154.244831,0.435885,41.359354,5.570397,2.078923,-27.000061
5.636722,5.375816,52.592231,5151.036132,0.434532,41.323359,5.517323,2.058872,-26.999303
5.689159,5.420039,52.652199,5147.855871,0.432484,41.287459,5.464441,2.039980,-26.996751
5.739885,5.467560,52.708134,5144.707838,0.430057,41.255435,5.413592,2.019343,-26.996943
5.792461,5.512018,52.764958,5141.589565,0.428763,41.221715,5.363571,2.000301,-26.998699
5.844881,5.558589,52.822791,5138.498707,0.422413,41.188135,5.313892,1.980636,-26.999400
5.897401,5.604338,52.877786,5135.436118,0.417084,41.152867,5.265707,1.962455,-26.999146
5.947631,5.649455,52.932948,5132.401497,0.410991,41.116512,5.220595,1.945986,-26.999552
5.998646,5.694718,52.986512,5129.395938,0.404007,41.082827,5.176464,1.928157,-27.000273
6.050235,5.739048,53.040614,5126.416178,0.395311,41.048162,5.131014,1.912300,-27.000129
6.103995,5.782569,53.093730,5123.462166,0.385180,41.015474,5.088699,1.896402,-27.001066
6.155501,5.827040,53.143549,5120.536180,0.375832,40.983369,5.046106,1.880267,-27.000765
6.207586,5.872326,53.193690,5117.637159,0.365718,40.950701,5.006122,1.863349,-27.000777
6.256213,5.918350,53.241841,5114.760655,0.352862,40.918944,4.967890,1.847821,-27.000670
6.309346,5.963698,53.287994,5111.910674,0.341987,40.888061,4.928013,1.833959,-27.002232
6.360375,6.008575,53.334531,5109.083273,0.329500,40.855004,4.891847,1.821769,-27.002006
6.410012,6.053624,53.377087,5106.282200,0.319048,40.825732,4.856039,1.809532,-27.000605
6.462769,6.099558,53.420988,5103.499535,0.304513,40.794782,4.823289,1.795748,-26.999704
6.515975,6.145376,53.460109,5100.739867,0.290281,40.765050,4.788363,1.783446,-26.999286
6.568260,6.190505,53.498404,5098.000202,0.276505,40.735254,4.758312,1.773287,-26.998887
6.620114,6.235908,53.532733,5095.282770,0.260685,40.706445,4.729378,1.762645,-26.998880
6.674169,6.281984,53.565155,5092.581432,0.243933,40.676341,4.701463,1.752749,-26.998727
6.726924,6.326503,53.596919,5089.902017,0.228011,40.647177,4.676060,1.745408,-26.998979
6.780000,6.368929,53.627328,5087.238247,0.211748,40.618168,4.650384,1.735490,-26.998975
6.833631,6.412371,53.653269,5084.594124,0.194131,40.589291,4.629350,1.728149,-26.998447
6.884240,6.456304,53.678643,5081.965349,0.177007,40.561943,4.610818,1.719944,-26.998562
6.935355,6.501559,53.700884,5079.353137,0.159306,40.533186,4.591611,1.712143,-26.998872
6.985078,6.545384,53.720503,5076.755832,0.140770,40.504177,4.574855,1.705373,-26.997782
7.035978,6.591667,53.736845,5074.172802,0.122322,40.476952,4.560122,1.699822,-26.999408
7.088601,6.637673,53.750862,5071.601454,0.104197,40.448848,4.545637,1.694710,-26.999098
7.140361,6.683626,53.762057,5069.042276,0.085255,40.421524,4.533718,1.688757,-26.998764
7.192071,6.726790,53.772050,5066.492684,0.065814,40.394507,4.523944,1.687252,-27.001963
7.243026,6.771613,53.777637,5063.957258,0.045362,40.366394,4.515386,1.684048,-27.000850
7.295831,6.816436,53.782363,5061.430571,0.024160,40.338644,4.508065,1.681610,-27.000337
7.347044,6.861145,53.784290,5058.912002,0.002029,40.310080,4.502171,1.678955,-26.998948
7.399690,6.904451,53.782724,5056.400643,-0.017062,40.280102,4.497957,1.678995,-26.999106
7.451985,6.946464,53.778695,5053.895835,-0.036638,40.252441,4.495194,1.677169,-27.000304
7.504556,6.989128,53.772020,5051.396027,-0.058355,40.224884,4.494831,1.676496,-27.001956
7.552958,7.033373,53.762171,5048.901816,-0.079662,40.197848,4.496791,1.675832,-27.003136
7.601649,7.077676,53.749062,5046.410839,-0.100302,40.172448,4.501099,1.676450,-27.003103
7.655195,7.120988,53.732946,5043.924976,-0.120372,40.145093,4.504526,1.679616,-27.003539
7.706119,7.165713,53.717427,5041.439874,-0.140468,40.117997,4.511153,1.683861,-27.003733
7.758280,7.209205,53.696043,5038.955486,-0.163243,40.090770,4.518710,1.686426,-27.004086
7.812588,7.251914,53.673247,5036.471424,-0.183922,40.061625,4.527183,1.689331,-27.004192
7.863145,7.293711,53.648704,5033.987552,-0.203822,40.035312,4.540080,1.693334,-27.003094
7.914372,7.336311,53.620161,5031.499143,-0.222343,40.006862,4.553678,1.697309,-27.002701
7.964272,7.381305,53.589111,5029.008795,-0.243074,39.979688,4.568283,1.703560,-27.003745
8.015425,7.426315,53.556703,5026.516988,-0.263671,39.951664,4.583764,1.710133,-27.003754
8.065945,7.470535,53.520598,5024.018211,-0.280968,39.923939,4.603491,1.716395,-27.003796
8.117126,7.515018,53.483204,5021.515267,-0.301071,39.895977,4.624728,1.724051,-27.002524
8.169701,7.558765,53.441344,5019.007005,-0.320635,39.869358,4.648361,1.732636,-27.002499
8.222071,7.602169,53.398539,5016.487444,-0.340823,39.842558,4.671729,1.742071,-27.002480
8.273160,7.645547,53.352070,5013.958665,-0.359208,39.813341,4.696437,1.750698,-27.003865
8.326842,7.687121,53.304612,5011.420900,-0.378041,39.783678,4.725134,1.762103,-27.003183
8.376391,7.732296,53.253267,5008.868632,-0.396248,39.755115,4.756167,1.771316,-27.002978
8.426444,7.775023,53.199017,5006.308705,-0.416511,39.728281,4.786255,1.783299,-27.002430
8.477576,7.818416,53.144043,5003.734488,-0.432378,39.699842,4.819614,1.795141,-27.002022
8.530220,7.861558,53.086146,5001.143986,-0.450556,39.669798,4.854142,1.806102,-27.003545
8.580331,7.904574,53.025998,4998.538238,-0.469298,39.641604,4.890340,1.820092,-27.003880
8.634915,7.950904,52.962615,4995.918254,-0.486107,39.611196,4.927039,1.835190,-27.001384
8.685480,7.993453,52.897314,4993.278638,-0.503734,39.580823,4.966259,1.849876,-27.000099
8.738675,8.034637,52.832190,4990.619044,-0.517454,39.551700,5.006979,1.864511,-26.999785
8.789210,8.077700,52.764069,4987.942878,-0.532810,39.520770,5.048999,1.879691,-26.999231
8.839581,8.118755,52.694869,4985.245890,-0.547876,39.489798,5.093929,1.897713,-26.999637
8.892116,8.162136,52.624417,4982.525170,-0.551344,39.498188,5.140125,1.914979,-0.001003
8.944641,8.203810,52.550426,4979.780514,-0.553400,39.505490,5.186217,1.930630,-0.000858
8.995771,8.248512,52.477856,4977.007742,-0.555005,39.515692,5.233567,1.949627,-0.002410
9.046606,8.291681,52.405914,4974.211834,-0.557157,39.523859,5.279616,1.965818,-0.002871
9.096607,8.335479,52.333801,4971.389104,-0.558260,39.532190,5.327065,1.985207,-0.002139
9.146861,8.377355,52.260420,4968.538680,-0.559674,39.540818,5.375366,2.003684,-0.001628
9.197266,8.421084,52.188639,4965.661086,-0.558882,39.549987,5.423389,2.022598,-0.001157
9.247634,8.464625,52.116833,4962.756696,-0.558102,39.558900,5.471697,2.043051,-0.000375
9.299941,8.506637,52.044838,4959.825698,-0.557759,39.565657,5.520411,2.061411,0.000490
9.351324,8.548493,51.973268,4956.867304,-0.553104,39.575504,5.567868,2.080562,0.002009
9.403478,8.590350,51.901631,4953.878979,-0.549553,39.584394,5.617688,2.097698,0.001102
9.454228,8.632857,51.832005,4950.862370,-0.544628,39.592184,5.666057,2.116803,0.000360
9.506618,8.674339,51.763224,4947.816914,-0.539491,39.601154,5.715510,2.135076,0.000235
9.558038,8.718648,51.694154,4944.741953,-0.532282,39.610209,5.765190,2.152062,0.001932
9.607851,8.762524,51.625827,4941.639192,-0.524638,39.618420,5.812087,2.168549,0.002201
9.659450,8.805880,51.559682,4938.509329,-0.516132,39.627364,5.860728,2.185921,0.000491
9.710282,8.847838,51.493742,4935.349401,-0.506888,39.636449,5.906570,2.204305,0.002879
9.761424,8.888489,51.429611,4932.162296,-0.497698,39.646228,5.953401,2.221909,0.001281
9.813307,8.931490,51.366683,4928.947441,-0.487642,39.656650,5.999693,2.237518,0.001322
9.863213,8.976188,51.303219,4925.703222,-0.477580,39.664298,6.045258,2.253805,0.001957
9.913951,9.020372,51.241723,4922.432648,-0.466398,39.674427,6.088862,2.271174,0.002126
9.963582,9.064288,51.182447,4919.132176,-0.452827,39.684504,6.131649,2.287656,0.000102
10.013863,9.106166,51.126107,4915.807507,-0.441280,39.696115,6.172601,2.303834,0.000795
10.063477,9.149157,51.070341,4912.455769,-0.426894,39.705086,6.213445,2.319244,0.001432
10.112979,9.194493,51.016482,4909.080319,-0.414350,39.717328,6.250892,2.333647,0.002064
10.165924,9.237488,50.963584,4905.678765,-0.402100,39.727058,6.287864,2.347364,0.001055
10.216620,9.278081,50.915657,4902.254117,-0.387711,39.737148,6.325264,2.360049,-0.000500
10.267718,9.321223,50.866737,4898.803170,-0.372443,39.747027,6.360931,2.372184,-0.001071
10.318720,9.363696,50.818057,4895.330936,-0.356820,39.758282,6.393837,2.384807,-0.000182
10.369097,9.404358,50.773079,4891.836478,-0.339290,39.767186,6.424140,2.396663,-0.000394
10.418626,9.447502,50.730882,4888.322156,-0.322480,39.777534,6.454279,2.405665,0.001193
10.469775,9.489653,50.691463,4884.785549,-0.305343,39.785834,6.481871,2.415484,0.002265
10.519421,9.533068,50.651705,4881.231086,-0.287063,39.794448,6.506312,2.426143,0.001289
10.571097,9.574679,50.616556,4877.658893,-0.270249,39.804821,6.530511,2.434341,0.002544
10.621931,9.617930,50.583193,4874.071477,-0.250952,39.815396,6.550971,2.441956,0.001994
10.671561,9.660491,50.551631,4870.464321,-0.233400,39.825816,6.570607,2.448825,0.001443
10.722462,9.702501,50.522970,4866.844874,-0.215375,39.836231,6.587767,2.453809,0.001432
10.769869,9.746185,50.497668,4863.212782,-0.198328,39.846873,6.601167,2.458378,0.002260
10.819053,9.789426,50.473770,4859.567473,-0.180633,39.857428,6.613203,2.462740,0.002518
10.867148,9.832081,50.453842,4855.908915,-0.161611,39.867782,6.624900,2.466477,0.001897
10.917843,9.873031,50.432304,4852.244315,-0.142230,39.877642,6.631430,2.468196,0.001438
10.967192,9.916250,50.415429,4848.570219,-0.122263,39.888927,6.638097,2.471428,0.002320
11.016085,9.958985,50.401462,4844.890079,-0.103624,39.899032,6.639782,2.473020,0.001262
11.066095,10.002771,50.391345,4841.202720,-0.085998,39.909712,6.640952,2.473270,-0.000544
11.115592,10.044388,50.381498,4837.508926,-0.064919,39.921314,6.639930,2.473875,-0.002160
11.167122,10.086304,50.375621,4833.813045,-0.046715,39.931334,6.635907,2.473024,-0.003205
11.216184,10.128122,50.370657,4830.113718,-0.028056,39.943352,6.630649,2.470856,-0.003328
11.264532,10.169237,50.369412,4826.414729,-0.010753,39.953826,6.621288,2.468829,-0.001925
11.314459,10.212168,50.367138,4822.715085,0.007137,39.963754,6.610259,2.463732,-0.003243
11.362802,10.255138,50.369172,4819.018485,0.026324,39.973185,6.597796,2.459889,-0.003603
11.411657,10.297225,50.374372,4815.325269,0.044247,39.984942,6.582868,2.453629,-0.006168
11.459740,10.339526,50.380321,4811.637523,0.061395,39.996736,6.565989,2.446791,-0.005664
11.507584,10.381979,50.388600,4807.952838,0.077689,40.008796,6.548735,2.439748,-0.004065
11.555855,10.423510,50.399532,4804.275877,0.093186,40.018802,6.528299,2.433625,-0.004051
11.604202,10.465640,50.413870,4800.606138,0.109970,40.029589,6.507326,2.427227,-0.003130
11.654920,10.508595,50.429295,4796.943559,0.125966,40.040856,6.482857,2.416779,-0.003245
11.703727,10.551738,50.446608,4793.293251,0.140059,40.053410,6.460121,2.407174,-0.003570
11.754615,10.592614,50.465059,4789.651922,0.155458,40.064642,6.434646,2.396099,-0.001366
11.803153,10.635617,50.485131,4786.022288,0.170190,40.076326,6.405864,2.385793,-0.001304
11.853724,10.677742,50.506554,4782.404079,0.183979,40.087934,6.376594,2.376517,-0.002739
11.902650,10.718871,50.530290,4778.802182,0.194698,40.098247,6.345281,2.364751,-0.001982
11.950657,10.761838,50.555706,4775.214634,0.208947,40.110435,6.314191,2.351802,-0.001972
12.000557,10.801755,50.582839,4771.641245,0.218632,40.120671,6.280765,2.339785,-0.002502
12.050001,10.843297,50.612076,4768.084170,0.227445,40.132403,6.247310,2.325788,-0.002824
12.098418,10.885657,50.641183,4764.544853,0.239332,40.144325,6.212054,2.313174,-0.002833
12.145980,10.928204,50.671131,4761.021415,0.248287,40.154694,6.176926,2.301128,-0.003520
12.193855,10.970625,50.701702,4757.515711,0.255478,40.165446,6.140835,2.286880,-0.002356
12.242222,11.012303,50.734203,4754.029682,0.262369,40.176128,6.103495,2.272727,-0.003088
12.291683,11.055626,50.766368,4750.562277,0.266804,40.187470,6.066112,2.259913,-0.002606
12.340590,11.097247,50.801241,4747.113223,0.274191,40.199232,6.027979,2.245657,-0.001606
12.390403,11.138506,50.836745,4743.685214,0.279367,40.212360,5.989411,2.232084,-0.001664
12.438539,11.180547,50.871492,4740.276797,0.281961,40.225515,5.951110,2.217087,-0.001330
12.487956,11.222416,50.905684,4736.887244,0.286918,40.237014,5.910844,2.203079,-0.002879
12.537462,11.265318,50.941379,4733.519427,0.289998,40.248401,5.874171,2.189791,-0.002277
12.585202,11.307235,50.978971,4730.172257,0.292021,40.261789,5.835867,2.173294,-0.001583
12.633442,11.347884,51.013309,4726.847715,0.293408,40.270843,5.796467,2.159111,-0.000198
12.682292,11.389614,51.051113,4723.542799,0.294557,40.284905,5.760094,2.145221,0.002073
12.729998,11.430668,51.086937,4720.258258,0.293121,40.296677,5.724959,2.129353,0.000544
12.777881,11.472423,51.126370,4716.995497,0.291154,40.309664,5.688212,2.115770,0.000304
12.825143,11.514140,51.163331,4713.752434,0.289965,40.320703,5.652707,2.102335,-0.000225
12.873946,11.557462,51.198853,4710.531322,0.286572,40.330966,5.616857,2.089046,-0.000768
12.922284,11.597701,51.236130,4707.330965,0.282389,40.344157,5.582046,2.076860,-0.000521
12.970056,11.640263,51.269896,4704.150398,0.278948,40.355028,5.546444,2.063017,-0.000602
13.018241,11.681396,51.303627,4700.991099,0.272406,40.366392,5.512036,2.051702,0.001220
13.067643,11.722555,51.337082,4697.849700,0.265937,40.379362,5.478559,2.039096,-0.000013
13.116603,11.764415,51.371168,4694.731672,0.261046,40.390395,5.443579,2.028407,0.000193
13.163197,11.805040,51.403103,4691.631845,0.254092,40.402443,5.411248,2.015659,-0.000553
13.212964,11.847881,51.434355,4688.550308,0.247950,40.413870,5.381317,2.004148,0.000319
13.258635,11.887912,51.464199,4685.488696,0.240481,40.426849,5.352132,1.992905,0.000102
13.303678,11.929771,51.492068,4682.448364,0.232553,40.439220,5.323257,1.983521,0.001670
13.351887,11.970469,51.519740,4679.425055,0.221957,40.452323,5.296024,1.973379,0.002306
13.398660,12.010360,51.544665,4676.418968,0.214454,40.464005,5.270122,1.963139,0.001421
13.445285,12.052375,51.570795,4673.428409,0.203126,40.476716,5.242592,1.951990,0.000042
13.491621,12.094334,51.596325,4670.456221,0.193052,40.488924,5.217102,1.941636,-0.000494
13.538797,12.137219,51.619284,4667.501402,0.181017,40.500668,5.193622,1.933183,-0.000071
13.586740,12.179000,51.641277,4664.559121,0.169632,40.513051,5.170663,1.924908,0.000638
13.635254,12.223629,51.662594,4661.635794,0.157061,40.526760,5.149383,1.917754,0.001348
13.682283,12.263675,51.681575,4658.726054,0.143866,40.537945,5.129834,1.910477,0.000810
13.730650,12.305364,51.700070,4655.831758,0.129358,40.549218,5.109801,1.903316,0.001017
13.776889,12.347371,51.714919,4652.949001,0.116551,40.563998,5.092240,1.897492,0.002007
13.824793,12.388600,51.728690,4650.077045,0.102328,40.578927,5.076687,1.890012,0.001791
13.872560,12.430051,51.739671,4647.220004,0.087117,40.593821,5.062589,1.885604,0.001830
13.921575,12.472404,51.751506,4644.374114,0.071396,40.606361,5.048379,1.880693,0.001063
13.967335,12.515750,51.760707,4641.538644,0.054976,40.619681,5.036679,1.874984,0.000842
14.016037,12.556664,51.766283,4638.711767,0.038388,40.633409,5.025869,1.870056,0.000235
14.062713,12.598596,51.770196,4635.894781,0.023484,40.645454,5.014826,1.867162,-0.001043
14.108731,12.639093,51.771195,4633.086165,0.007532,40.658160,5.005311,1.866287,-0.001763
14.156676,12.681959,51.770183,4630.285311,-0.007325,40.670295,4.999772,1.862838,-0.003100
14.202752,12.723648,51.766939,4627.492278,-0.022302,40.683771,4.995831,1.860901,-0.002362
14.249851,12.765402,51.763715,4624.707791,-0.038966,40.696916,4.993340,1.858802,-0.001571
14.297099,12.807695,51.756256,4621.927712,-0.056021,40.710027,4.991694,1.860103,-0.002294
14.345239,12.850123,51.749062,4619.152228,-0.072583,40.722847,4.991388,1.860598,-0.001072
14.393699,12.891078,51.738399,4616.380144,-0.090915,40.738026,4.993297,1.860333,-0.001881
14.442202,12.931601,51.725845,4613.613730,-0.107887,40.750668,4.995851,1.861731,-0.001090
14.487460,12.972860,51.712133,4610.847193,-0.125302,40.763497,5.002433,1.862159,-0.002079
14.533073,13.013827,51.695234,4608.083444,-0.142577,40.777766,5.008233,1.864121,-0.002623
14.580106,13.055486,51.676181,4605.320707,-0.160315,40.792106,5.015271,1.866897,-0.003278
14.626708,13.095466,51.654480,4602.557606,-0.176402,40.805302,5.022228,1.869232,-0.003346
14.673874,13.137133,51.631026,4599.795849,-0.205964,40.867786,5.032519,1.875231,31.997798
14.720004,13.179789,51.602925,4597.035879,-0.237373,40.929941,5.045152,1.881928,31.997475
14.765627,13.222085,51.572408,4594.275389,-0.268362,40.992818,5.060935,1.886532,31.998482
14.812726,13.265013,51.538896,4591.513559,-0.299149,41.058268,5.079204,1.896780,31.999818
14.859085,13.306556,51.501095,4588.746191,-0.330423,41.123423,5.100218,1.902236,32.000984
14.903888,13.348825,51.459366,4585.976596,-0.361009,41.188027,5.125524,1.910580,31.999946
14.950541,13.392408,51.411936,4583.198897,-0.392727,41.254424,5.154310,1.921364,32.001706
14.997388,13.435799,51.365621,4580.410873,-0.421292,41.322983,5.184200,1.931519,32.000067
15.042815,13.476732,51.314321,4577.616289,-0.450773,41.387944,5.214991,1.943260,32.000857
15.087972,13.517346,51.257265,4574.810779,-0.479228,41.454684,5.248679,1.955980,32.000978
15.130168,13.558337,51.198772,4571.991962,-0.507193,41.520158,5.286010,1.969484,32.000469
15.176499,13.599584,51.135717,4569.156914,-0.534698,41.587051,5.326087,1.984654,32.000995
15.221870,13.642853,51.070786,4566.305357,-0.561455,41.655838,5.369163,2.000004,32.001058
15.267543,13.686209,50.998627,4563.437201,-0.588247,41.722198,5.414381,2.017675,31.998665
15.314146,13.727601,50.928069,4560.551683,-0.614326,41.788830,5.463310,2.035033,31.999181
15.361448,13.770699,50.853441,4557.644424,-0.640925,41.857576,5.514361,2.054300,31.998152
15.406620,13.811813,50.775118,4554.714623,-0.667066,41.929023,5.569615,2.073381,31.997408
15.451006,13.854680,50.691937,4551.757733,-0.691322,42.001789,5.625709,2.094411,31.997500
15.496744,13.896166,50.607869,4548.775773,-0.714439,42.073359,5.685579,2.117657,31.997662
15.542988,13.937894,50.521523,4545.765492,-0.736182,42.144226,5.747546,2.140915,31.998169
15.588591,13.981092,50.432845,4542.724551,-0.756525,42.217638,5.812341,2.164528,31.997661
15.634246,14.022695,50.340626,4539.650826,-0.776426,42.291222,5.879089,2.190223,31.996315
15.679279,14.066585,50.247617,4536.545763,-0.796476,42.366921,5.950848,2.215735,31.995519
15.724303,14.108608,50.150810,4533.406332,-0.814761,42.444415,6.024769,2.242137,31.995725
15.768963,14.148779,50.053403,4530.230401,-0.832599,42.519692,6.098568,2.272344,31.996006
15.814083,14.192693,49.954285,4527.014808,-0.847258,42.596631,6.175686,2.300398,31.994088
15.859050,14.236014,49.854737,4523.757455,-0.864131,42.675108,6.255302,2.328306,31.995222
15.905886,14.278874,49.751698,4520.460560,-0.878093,42.754341,6.337441,2.358937,31.995883
15.950201,14.320316,49.646704,4517.119819,-0.888368,42.834090,6.421423,2.388961,31.995093
15.995742,14.364223,49.540911,4513.735926,-0.898915,42.914759,6.508579,2.422377,31.994485
16.040380,14.407246,49.434263,4510.304827,-0.906699,42.995780,6.597731,2.455157,31.995441
16.084742,14.449679,49.325738,4506.826481,-0.914612,43.076646,6.688084,2.489551,31.994539
16.128758,14.491715,49.216773,4503.297152,-0.923956,43.161126,6.781258,2.522800,31.994709
16.171262,14.534089,49.108219,4499.720262,-0.929139,43.245896,6.875365,2.558909,31.996692
16.217321,14.576680,48.999877,4496.089722,-0.934216,43.331601,6.972075,2.592700,31.995782
16.260222,14.620521,48.890057,4492.406062,-0.936825,43.418115,7.069217,2.629461,31.996392
16.304582,14.664171,48.779618,4488.669656,-0.937630,43.504891,7.165842,2.665037,31.998284
16.347300,14.708278,48.668588,4484.879895,-0.939082,43.595560,7.266474,2.703153,31.997639
16.389064,14.749279,48.558584,4481.030856,-0.936350,43.685387,7.366341,2.741236,31.998152
16.431947,14.789762,48.448625,4477.123990,-0.933817,43.773605,7.466928,2.780081,31.997972
16.474039,14.834773,48.339886,4473.159585,-0.929350,43.864977,7.570855,2.817610,31.998604
16.517027,14.877133,48.230159,4469.135561,-0.923816,43.958356,7.673005,2.854587,32.000366
16.559523,14.919515,48.123640,4465.052483,-0.915663,44.052803,7.776918,2.892636,32.001292
16.602709,14.963903,48.015764,4460.912633,-0.906096,44.146385,7.878797,2.929929,32.001095
16.644489,15.007660,47.912487,4456.710679,-0.892516,44.243497,7.978925,2.968576,32.001450
16.687907,15.050568,47.809016,4452.451423,-0.879798,44.342063,8.078782,3.006391,32.002295
16.730746,15.095337,47.706165,4448.132267,-0.865766,44.441310,8.177553,3.044651,32.001312
16.772592,15.138228,47.605709,4443.751331,-0.848834,44.543812,8.277443,3.083000,32.001801
16.814327,15.182543,47.507637,4439.311561,-0.831622,44.645872,8.374976,3.118885,32.001411
16.856299,15.224537,47.411931,4434.812392,-0.814999,44.747027,8.471682,3.153759,32.004262
16.899382,15.268399,47.317693,4430.256304,-0.795482,44.852261,8.567698,3.188242,32.004114
16.942210,15.311353,47.226462,4425.641212,-0.772884,44.958919,8.658303,3.223358,32.004205
16.983166,15.355442,47.138769,4420.969284,-0.749599,45.066242,8.747932,3.255133,32.001943
17.024729,15.401451,47.053020,4416.243873,-0.724885,45.172188,8.833154,3.288237,32.002283
17.065140,15.445906,46.971776,4411.465906,-0.699613,45.279051,8.916790,3.317920,32.001413
17.107473,15.490553,46.892979,4406.634545,-0.670576,45.388888,8.997957,3.349047,31.999979
17.148982,15.533513,46.817441,4401.751548,-0.642770,45.499711,9.073740,3.377637,32.000109
17.191373,15.576713,46.745901,4396.816949,-0.611039,45.612541,9.146824,3.405505,32.002028
17.233641,15.620138,46.676589,4391.836421,-0.580759,45.724413,9.214785,3.431259,32.004321
17.276020,15.665595,46.611037,4386.813501,-0.550907,45.835416,9.278841,3.453433,32.003048
17.315861,15.710239,46.549215,4381.748854,-0.518450,45.949378,9.337051,3.476218,32.003598
17.356577,15.755599,46.490352,4376.641524,-0.486158,46.063049,9.390988,3.496709,32.001060
17.396471,15.799256,46.437581,4371.497725,-0.453637,46.178399,9.439291,3.515175,31.997932
17.436562,15.843903,46.388492,4366.321316,-0.418389,46.296374,9.481960,3.531883,32.000026
17.476004,15.888206,46.344789,4361.110598,-0.382798,46.414336,9.518944,3.547786,32.000647
17.516871,15.934180,46.303370,4355.872213,-0.344640,46.530040,9.552391,3.559000,32.000890
17.557673,15.979517,46.264008,4350.606419,-0.306495,46.645377,9.580164,3.568530,32.001787
17.597640,16.024504,46.230348,4345.319528,-0.270748,46.763002,9.602079,3.576795,32.001419
17.636616,16.067953,46.198745,4340.011810,-0.234041,46.881056,9.618417,3.583494,32.002761
17.674976,16.112749,46.173258,4334.688261,-0.198229,46.999988,9.628468,3.586146,32.002837
17.715182,16.157968,46.153694,4329.350481,-0.161181,47.117541,9.631108,3.587525,32.002152
17.754077,16.202668,46.136883,4324.003401,-0.127520,47.237447,9.629406,3.587254,32.001253
17.795043,16.248128,46.125475,4318.648044,-0.089144,47.355217,9.624004,3.584831,32.001811
17.834437,16.291872,46.117413,4313.288867,-0.053203,47.473911,9.612167,3.580096,32.002208
17.874192,16.335598,46.112066,4307.930017,-0.018198,47.591502,9.593992,3.575356,32.002322
17.911549,16.379584,46.112805,4302.574057,0.017541,47.710465,9.569516,3.566335,32.001276
17.949490,16.423410,46.118307,4297.223003,0.052683,47.827899,9.541009,3.554309,32.000249
17.987589,16.468649,46.125214,4291.882045,0.086755,47.946403,9.507834,3.540476,31.999884
18.026800,16.513728,46.135739,4286.550708,0.120075,48.064930,9.468989,3.526721,31.999550
18.065236,16.560213,46.151121,4281.234471,0.154319,48.182138,9.427010,3.510427,32.000471
18.101996,16.603364,46.169507,4275.935398,0.185834,48.301092,9.380390,3.492053,31.999475
18.139786,16.647846,46.191513,4270.660188,0.218037,48.418169,9.329213,3.473169,31.999374
18.177326,16.693320,46.217394,4265.405558,0.248154,48.537084,9.270171,3.452548,31.998601
18.212824,16.738521,46.245796,4260.177197,0.277598,48.654583,9.209650,3.430769,31.998987
18.249661,16.782754,46.277916,4254.976338,0.304837,48.770912,9.146448,3.406783,31.998785
18.287042,16.828771,46.313102,4249.804508,0.330064,48.887427,9.079338,3.381240,31.997648
18.323034,16.875347,46.351434,4244.662589,0.354392,49.004445,9.007888,3.352927,31.998908
18.359831,16.920165,46.392005,4239.557817,0.378287,49.117315,8.935517,3.326703,31.998996
18.399134,16.963975,46.433461,4234.485963,0.398894,49.231471,8.860537,3.297373,31.999804
18.437871,17.009381,46.480913,4229.452181,0.420386,49.344816,8.782520,3.269195,31.999775
18.474238,17.054995,46.528660,4224.457999,0.439643,49.456752,8.703643,3.239892,32.000470
18.512397,17.100713,46.578923,4219.503541,0.460021,49.569607,8.623968,3.209755,32.000746
18.548549,17.146259,46.630782,4214.590243,0.476363,49.679505,8.541038,3.181281,32.001537
18.585239,17.192684,46.682656,4209.718202,0.490550,49.790675,8.458578,3.149602,32.001705
18.621445,17.239602,46.738581,4204.888383,0.505139,49.900228,8.372744,3.118063,32.002654
18.657435,17.285775,46.794378,4200.105115,0.516560,50.006326,8.288976,3.087064,32.002763
18.692649,17.330374,46.851099,4195.365334,0.527437,50.114837,8.205864,3.054691,32.002320
18.726276,17.375319,46.909255,4190.669997,0.536449,50.221040,8.121285,3.023265,31.999810
18.763960,17.420640,46.966431,4186.019709,0.545150,50.329485,8.035819,2.992564,31.999259
18.801457,17.466616,47.025078,4181.416448,0.550614,50.434859,7.953399,2.960060,32.000398
18.838187,17.513429,47.087626,4176.860334,0.551732,50.539789,7.869554,2.928088,32.003109
18.872633,17.560611,47.148637,4172.349159,0.554103,50.643206,7.786568,2.895963,32.002945
18.908115,17.606379,47.207586,4167.885099,0.556542,50.745848,7.703065,2.864819,32.003370
18.944279,17.653352,47.268061,4163.463857,0.555159,50.848079,7.621931,2.833522,32.002478
18.978526,17.699057,47.328973,4159.089163,0.553785,50.950730,7.541085,2.805466,32.001745
19.013170,17.743585,47.387985,4154.758773,0.548981,51.052582,7.462066,2.776970,32.002747
19.048663,17.788906,47.445372,4150.475169,0.544577,51.152823,7.384674,2.748738,32.002558
19.083643,17.833566,47.504475,4146.235132,0.537255,51.251326,7.308935,2.721167,32.002561
19.115899,17.879699,47.561843,4142.038820,0.528631,51.351694,7.235215,2.694703,32.004283
19.148984,17.922270,47.619493,4137.884533,0.519379,51.451741,7.160677,2.666755,32.004058
19.184943,17.968623,47.675730,4133.773422,0.508023,51.546117,7.091414,2.643388,32.003086
19.220186,18.012970,47.730091,4129.703315,0.495422,51.643208,7.022316,2.618429,32.001520
19.255183,18.057467,47.784966,4125.674900,0.481540,51.739094,6.957590,2.593578,32.000688
19.288935,18.102621,47.837221,4121.685260,0.467430,51.836275,6.893810,2.568745,31.999500
19.321657,18.147310,47.885795,4117.734093,0.451677,51.930961,6.833384,2.545657,31.999507
19.355273,18.192911,47.935045,4113.821366,0.434970,52.025558,6.773859,2.523956,31.999182
19.389559,18.239842,47.979320,4109.945141,0.414521,52.119298,6.717838,2.503816,31.998517
19.425100,18.287154,48.023592,4106.103966,0.395569,52.213815,6.662657,2.483154,31.999093
19.459913,18.334498,48.065087,4102.296556,0.374487,52.307791,6.612110,2.463987,31.999905
19.494138,18.380953,48.103704,4098.523188,0.352449,52.399653,6.562318,2.447642,32.000178
19.526359,18.425835,48.139503,4094.782062,0.330342,52.490694,6.516483,2.429836,31.999744
19.558367,18.471304,48.174099,4091.070111,0.307624,52.582712,6.473457,2.412951,31.997508
19.591991,18.517825,48.207933,4087.389187,0.284924,52.675035,6.433829,2.397762,31.996713
19.626014,18.564586,48.235889,4083.734879,0.259368,52.767161,6.395980,2.382775,31.997831
19.658486,18.609381,48.262239,4080.106956,0.233945,52.856574,6.360786,2.371336,31.998301
19.691341,18.655044,48.285833,4076.506439,0.206009,52.947827,6.326993,2.359405,31.998858
19.722735,18.699698,48.306744,4072.929416,0.178698,53.037558,6.299454,2.347770,31.997505
19.755847,18.745645,48.325273,4069.374610,0.151335,53.127389,6.270564,2.336230,31.996948
19.788177,18.792481,48.339052,4065.840597,0.123283,53.218327,6.246965,2.328326,31.998246
19.819969,18.840057,48.351596,4062.327379,0.095373,53.308062,6.224920,2.321131,31.997827
19.852547,18.888695,48.360328,4058.831755,0.067056,53.398854,6.207211,2.313530,31.998933
19.883821,18.934063,48.365469,4055.354767,0.034931,53.490508,6.192891,2.307686,31.999775
19.916077,18.981200,48.369526,4051.892661,0.005055,53.580733,6.179634,2.302597,31.998765
19.947554,19.028102,48.368778,4048.444756,-0.027553,53.669191,6.170566,2.300772,32.000080
19.979148,19.075303,48.364085,4045.009442,-0.057572,53.758824,6.162992,2.298433,32.001778
20.011938,19.120109,48.356919,4041.584216,-0.087283,53.848146,6.157503,2.297830,32.002464
20.043220,19.167700,48.345312,4038.167489,-0.118191,53.937067,6.156872,2.298023,32.003052
20.073356,19.212710,48.330298,4034.759652,-0.149132,54.026183,6.158517,2.299346,32.002764
20.104021,19.260703,48.313599,4031.358514,-0.180513,54.116694,6.164567,2.298733,32.002357
20.135605,19.308395,48.295312,4027.959658,-0.191537,54.135186,6.169027,2.302940,0.001742
20.167152,19.354630,48.277321,4024.558062,-0.203748,54.152749,6.177128,2.305046,0.001632
20.199521,19.400406,48.256918,4021.155688,-0.214926,54.174115,6.185241,2.309287,0.000435
20.231237,19.448126,48.234532,4017.750108,-0.226335,54.195712,6.194424,2.311760,0.003108
20.263440,19.493772,48.209725,4014.343469,-0.235367,54.215945,6.204671,2.315068,0.002923
20.295633,19.541043,48.184526,4010.929848,-0.244984,54.235772,6.215739,2.318962,0.002554
20.328296,19.588642,48.157335,4007.515280,-0.254871,54.256001,6.230371,2.323926,0.001056
20.360663,19.636632,48.131010,4004.095305,-0.263984,54.276101,6.244864,2.329130,0.001424
20.392455,19.682034,48.102581,4000.671953,-0.275999,54.295687,6.256267,2.334512,0.001165
20.423928,19.729572,48.072501,3997.239899,-0.285443,54.316873,6.270303,2.341027,0.002076
20.454360,19.774799,48.041566,3993.803823,-0.295150,54.339152,6.286219,2.345761,0.000895
20.485476,19.819649,48.011572,3990.359059,-0.304623,54.359376,6.303628,2.352775,-0.000283
20.516348,19.866653,47.981026,3986.910281,-0.313327,54.380085,6.324894,2.359852,0.000221
20.547782,19.912585,47.946767,3983.454281,-0.322620,54.401085,6.344852,2.365878,0.000435
20.577640,19.957113,47.912696,3979.987217,-0.331795,54.422108,6.363612,2.373377,-0.001130
20.607345,20.003171,47.878396,3976.510484,-0.340679,54.444764,6.383065,2.381573,-0.000569
20.637100,20.049757,47.842172,3973.024287,-0.348766,54.463476,6.405659,2.390456,-0.000990
20.667419,20.095841,47.805696,3969.529629,-0.357519,54.482738,6.427655,2.400547,0.000618
20.699727,20.139983,47.767197,3966.024730,-0.364440,54.504528,6.449086,2.408160,0.000804
20.731715,20.187063,47.728812,3962.509006,-0.371595,54.523065,6.474097,2.416459,0.001129
20.764321,20.235558,47.687910,3958.982038,-0.378962,54.544577,6.498257,2.423716,0.000076
20.794563,20.280792,47.646870,3955.442541,-0.386168,54.565354,6.522413,2.432372,0.000091
20.825473,20.326451,47.605802,3951.891032,-0.392351,54.586753,6.545626,2.441801,0.000664
20.858719,20.372134,47.564850,3948.326602,-0.397253,54.607300,6.572621,2.452781,-0.000255
20.889908,20.418120,47.524930,3944.747869,-0.400729,54.628772,6.598516,2.461879,-0.000786
20.919893,20.464548,47.483549,3941.156209,-0.406297,54.647746,6.624029,2.472401,-0.000547
20.949478,20.510460,47.441733,3937.548162,-0.409810,54.668589,6.650336,2.482357,-0.001804
20.981601,20.556788,47.399209,3933.927616,-0.413942,54.689461,6.677280,2.492841,-0.001978
21.011684,20.603678,47.357300,3930.291513,-0.415144,54.709676,6.705768,2.502675,-0.001656
21.043252,20.649270,47.314122,3926.639944,-0.417341,54.731678,6.734789,2.512241,-0.001103
21.074500,20.696249,47.269922,3922.976254,-0.419628,54.753142,6.762563,2.523109,-0.001080
21.103593,20.742594,47.226655,3919.294130,-0.421371,54.774097,6.791788,2.533033,-0.001753
21.134030,20.787320,47.183517,3915.597382,-0.421292,54.796003,6.819982,2.543427,-0.000803
21.164433,20.833768,47.138942,3911.885684,-0.421249,54.817620,6.847746,2.554445,0.000952
21.193736,20.880450,47.095158,3908.159877,-0.422266,54.838324,6.878854,2.565252,0.002124
21.223683,20.928079,47.053056,3904.414726,-0.422175,54.859156,6.907716,2.575622,0.002114
21.254647,20.974927,47.008910,3900.654485,-0.420933,54.881583,6.937008,2.586666,0.001768
21.284864,21.021184,46.967654,3896.878106,-0.420147,54.901177,6.964518,2.595766,0.002417
21.313186,21.066429,46.925748,3893.084932,-0.417109,54.924165,6.992629,2.605706,0.001807
21.341314,21.112079,46.883385,3889.277329,-0.412968,54.945000,7.021592,2.616205,0.000121
21.371990,21.157135,46.841569,3885.451398,-0.408603,54.966838,7.048073,2.625846,0.000650
21.398904,21.201809,46.799281,3881.607670,-0.407345,54.989231,7.075676,2.636535,0.000770
21.428185,21.246386,46.757935,3877.747486,-0.402933,55.010806,7.103219,2.646482,0.002331
21.458691,21.292414,46.717460,3873.872141,-0.399215,55.030404,7.131198,2.657261,0.001763
21.488141,21.340095,46.676387,3869.981962,-0.394704,55.050759,7.155130,2.666830,0.001008
21.516604,21.386236,46.636829,3866.075834,-0.389090,55.074663,7.179838,2.676552,-0.000410
21.545260,21.431298,46.597689,3862.155271,-0.383693,55.096078,7.206145,2.685259,-0.000807
21.577451,21.476361,46.557108,3858.215668,-0.376180,55.118956,7.230455,2.695137,-0.001014
21.606404,21.521478,46.519938,3854.264068,-0.369669,55.138924,7.255109,2.705017,-0.000573
21.635150,21.568473,46.484164,3850.298359,-0.363982,55.160228,7.276575,2.712421,-0.000251
21.663635,21.611980,46.448166,3846.314889,-0.356046,55.182308,7.297082,2.721313,-0.000437
21.692236,21.656721,46.413433,3842.320257,-0.348048,55.203842,7.318081,2.730640,0.000045
21.720345,21.702762,46.378478,3838.312520,-0.339173,55.225565,7.338055,2.736623,-0.000086
21.748551,21.748649,46.345628,3834.291486,-0.330794,55.247219,7.359722,2.742606,0.002398
21.779554,21.793727,46.314499,3830.254896,-0.321788,55.266776,7.376474,2.749467,0.003351
21.808949,21.837783,46.284099,3826.207952,-0.312696,55.287272,7.394387,2.756489,0.001615
21.837993,21.881243,46.252363,3822.148764,-0.303563,55.307269,7.413135,2.763109,0.001045
21.867809,21.926340,46.222412,3818.077592,-0.292587,55.329354,7.428334,2.767723,0.000739
21.897059,21.973229,46.192836,3813.997313,-0.282628,55.352269,7.441563,2.771351,0.000771
21.928211,22.018604,46.166227,3809.907770,-0.272164,55.374356,7.454546,2.775963,-0.000404
21.956967,22.063566,46.140575,3805.808042,-0.260399,55.394283,7.466397,2.779168,0.001207
21.985838,22.109440,46.115514,3801.699165,-0.249422,55.415668,7.477262,2.783010,0.000537
22.013686,22.156294,46.090491,3797.580840,-0.239498,55.440173,7.485446,2.786805,0.000543
22.042897,22.201076,46.064545,3793.455378,-0.229524,55.463140,7.494509,2.789875,0.000203
22.073093,22.245849,46.042680,3789.320732,-0.219344,55.486988,7.500992,2.793330,0.000950
22.102030,22.292076,46.023198,3785.182921,-0.208285,55.507781,7.505838,2.795097,0.000024
22.130291,22.337322,46.002077,3781.039163,-0.198712,55.528014,7.510916,2.798183,0.001542
22.159280,22.381340,45.982197,3776.889905,-0.187998,55.551858,7.512605,2.800189,0.001746
22.188989,22.426991,45.965331,3772.736124,-0.176032,55.573167,7.513408,2.800587,0.002404
22.216782,22.472827,45.947796,3768.579276,-0.165931,55.594209,7.514263,2.801133,0.001625
22.245248,22.517982,45.931550,3764.417435,-0.156616,55.616212,7.515284,2.798927,0.001332
22.274924,22.561371,45.916770,3760.256626,-0.145989,55.638179,7.513397,2.797786,0.001609
22.304599,22.607630,45.903171,3756.092505,-0.135663,55.661953,7.511436,2.795363,-0.000363
22.331616,22.652196,45.889461,3751.927141,-0.125589,55.682481,7.508599,2.794872,-0.001134
22.360827,22.697682,45.875920,3747.762600,-0.113953,55.704265,7.505155,2.793000,-0.001628
22.387134,22.743183,45.866345,3743.598205,-0.103560,55.726691,7.500111,2.789810,-0.001206
22.413200,22.786459,45.857747,3739.435833,-0.093454,55.748160,7.492161,2.788770,-0.000123
22.441042,22.829645,45.849138,3735.273882,-0.082956,55.769996,7.483587,2.786347,-0.000653
22.470498,22.873528,45.842012,3731.113034,-0.074660,55.792470,7.475669,2.784433,-0.000377
22.499230,22.919396,45.835490,3726.955932,-0.065580,55.813397,7.466906,2.780715,-0.001610
22.527441,22.963107,45.830219,3722.801590,-0.056008,55.836363,7.455221,2.776859,-0.002345
22.556609,23.008091,45.825657,3718.652935,-0.046716,55.857689,7.443947,2.774690,-0.000665
22.585159,23.052473,45.822041,3714.507477,-0.038347,55.879711,7.429884,2.770843,-0.001733
22.613700,23.095693,45.817090,3710.366914,-0.031585,55.900753,7.418274,2.766175,-0.002230
22.640068,23.138932,45.813546,3706.234014,-0.026947,55.923741,7.405019,2.761737,-0.002785
22.668077,23.183256,45.812166,3702.105531,-0.019821,55.945683,7.390411,2.756755,-0.003978
22.695905,23.226679,45.810269,3697.984396,-0.013908,55.967105,7.374891,2.752196,-0.003285
22.722588,23.270957,45.809077,3693.870543,-0.009172,55.990109,7.359774,2.745374,-0.002197
22.749813,23.314873,45.807341,3689.763437,-0.005220,56.010567,7.343685,2.738535,-0.001495
22.777655,23.361074,45.805885,3685.663382,-0.001048,56.031137,7.329059,2.732190,-0.001402
22.806439,23.404851,45.805545,3681.569542,0.002059,56.053919,7.312943,2.724682,-0.001999
22.833889,23.446633,45.807282,3677.485656,0.006441,56.074312,7.294546,2.718945,-0.001969
22.861257,23.493694,45.808586,3673.411250,0.009122,56.097536,7.276804,2.712667,-0.001578
22.889522,23.539562,45.809688,3669.345391,0.010802,56.119803,7.259779,2.705525,-0.002992
22.916100,23.583925,45.810487,3665.286400,0.014371,56.142484,7.243214,2.698878,-0.002931
22.943545,23.628400,45.812041,3661.238007,0.016032,56.165405,7.225268,2.692851,-0.003249
22.971400,23.671677,45.812440,3657.197873,0.017888,56.186248,7.209662,2.686154,-0.002039
22.999843,23.717596,45.812457,3653.169985,0.017637,56.209062,7.192385,2.680302,-0.003062
23.028950,23.763394,45.813243,3649.150411,0.017932,56.230021,7.175042,2.672729,-0.002777
23.056741,23.808535,45.814437,3645.140759,0.017313,56.252460,7.157599,2.666414,-0.002218
23.083454,23.851725,45.814019,3641.140444,0.016375,56.275387,7.140263,2.661464,-0.001309
23.109166,23.896975,45.815770,3637.149974,0.011825,56.296466,7.122874,2.654863,-0.000403
23.136683,23.940248,45.816971,3633.169198,0.009601,56.318705,7.106235,2.649669,-0.001610
23.164584,23.985726,45.817906,3629.198327,0.006518,56.340282,7.090605,2.643837,-0.000471
23.189781,24.029669,45.818218,3625.237729,0.004366,56.363735,7.076269,2.637668,-0.000320
23.215844,24.073344,45.818269,3621.287163,0.000674,56.387766,7.062035,2.631408,-0.000447
23.240979,24.116413,45.817737,3617.344801,-0.003703,56.407206,7.046267,2.625515,-0.000153
23.265697,24.159814,45.817012,3613.412618,-0.008657,56.429628,7.031235,2.620344,-0.001621
23.291517,24.200895,45.816356,3609.488662,-0.014566,56.451836,7.019087,2.615036,-0.002176
23.317554,24.244078,45.816504,3605.575931,-0.019811,56.474433,7.004901,2.608973,-0.001356
23.344363,24.288366,45.816212,3601.673863,-0.026452,56.498993,6.989568,2.604710,-0.001693
23.370461,24.333864,45.814394,3597.777543,-0.034869,56.522078,6.978320,2.600789,-0.002605
23.397483,24.377682,45.812169,3593.890548,-0.040933,56.542716,6.967165,2.595135,-0.002347
23.425279,24.420702,45.807852,3590.011475,-0.048447,56.564035,6.956639,2.592537,-0.002846
23.451230,24.464041,45.803189,3586.139625,-0.057652,56.586906,6.948398,2.587583,-0.003361
23.476276,24.507507,45.796841,3582.276625,-0.064615,56.611173,6.938868,2.585696,-0.003278
23.502463,24.552057,45.789791,3578.420275,-0.072079,56.634624,6.929854,2.582590,-0.001030
23.528663,24.596608,45.782456,3574.570257,-0.080883,56.656348,6.921539,2.579454,-0.003300
23.554378,24.640261,45.774629,3570.727426,-0.089189,56.677768,6.914178,2.576037,-0.003856
23.581219,24.685130,45.766724,3566.889749,-0.096438,56.701037,6.909341,2.574503,-0.004070
23.606424,24.728173,45.757946,3563.057584,-0.105824,56.723851,6.903712,2.571632,-0.002634
23.632263,24.769866,45.747143,3559.231348,-0.116212,56.746096,6.898254,2.568669,-0.002599
23.659800,24.812809,45.734692,3555.409707,-0.126788,56.768323,6.892755,2.567731,-0.002835
23.687553,24.856942,45.721470,3551.592267,-0.137322,56.791336,6.890238,2.567230,-0.002554
23.712820,24.899867,45.709910,3547.779377,-0.146406,56.815364,6.889225,2.566699,-0.002646
23.740690,24.944223,45.696462,3543.969679,-0.156526,56.837380,6.887504,2.567299,-0.001250
23.768726,24.987705,45.680653,3540.163373,-0.166106,56.859456,6.887838,2.567093,-0.001987
23.795540,25.029356,45.664464,3536.358733,-0.177066,56.881341,6.889353,2.567057,-0.002286
23.820916,25.073686,45.646673,3532.555505,-0.187222,56.904542,6.892829,2.568046,-0.001511
23.846860,25.117135,45.630298,3528.757008,-0.197938,56.926147,6.893876,2.567693,0.000265
23.875484,25.162072,45.610862,3524.956996,-0.211425,56.948378,6.898150,2.569988,-0.000340
23.900314,25.205748,45.590321,3521.158660,-0.222243,56.968836,6.902304,2.570638,-0.000280
23.925883,25.248648,45.569453,3517.359670,-0.233471,56.992258,6.909140,2.572637,-0.000555
23.950300,25.291567,45.548183,3513.558768,-0.244003,57.014392,6.915390,2.575525,-0.000819
23.976066,25.334708,45.526709,3509.755492,-0.253934,57.037772,6.923228,2.578138,-0.002704
23.998363,25.380240,45.502489,3505.951835,-0.265653,57.060071,6.932849,2.581860,-0.000989
24.025173,25.423116,45.476559,3502.145377,-0.275856,57.083131,6.941457,2.585674,-0.001964
24.051403,25.467283,45.450868,3498.337103,-0.286177,57.106552,6.950983,2.590122,-0.001826
24.076805,25.509016,45.423647,3494.526958,-0.298298,57.132077,6.964038,2.594856,0.000126
24.102691,25.551191,45.394332,3490.709771,-0.309671,57.153717,6.976758,2.600096,0.001256
24.129481,25.594657,45.363846,3486.887554,-0.318747,57.176441,6.990344,2.604402,0.001525
24.155195,25.638155,45.333276,3483.061425,-0.329649,57.199443,7.004077,2.608319,0.001557
24.179277,25.681243,45.303142,3479.231385,-0.339931,57.223230,7.018840,2.614790,0.001503
24.203888,25.723023,45.272422,3475.395033,-0.349360,57.245929,7.034755,2.618981,0.001384
24.227011,25.765026,45.240091,3471.552142,-0.358528,57.269057,7.049612,2.625731,-0.000183
24.251827,25.807076,45.208196,3467.699955,-0.368689,57.292194,7.068061,2.632043,0.000710
24.275475,25.851153,45.174589,3463.839718,-0.376438,57.315045,7.084578,2.639543,0.002361
24.300194,25.895300,45.138174,3459.975029,-0.383987,57.338647,7.103405,2.645609,0.001489
24.325987,25.938145,45.102277,3456.100467,-0.392000,57.361653,7.120893,2.654453,0.003403
24.349955,25.980667,45.065627,3452.216907,-0.399420,57.383774,7.138908,2.660558,0.002508
24.374332,26.023032,45.030259,3448.322677,-0.407798,57.409129,7.161466,2.668949,0.001808
24.399456,26.064725,44.991950,3444.420707,-0.413421,57.432592,7.183763,2.675471,-0.000083
24.423584,26.107715,44.955489,3440.507943,-0.421179,57.452735,7.206455,2.683932,-0.001141
24.448506,26.149883,44.916056,3436.582826,-0.426335,57.475075,7.229080,2.692169,-0.000059
24.473320,26.192038,44.877794,3432.646652,-0.430672,57.497404,7.250665,2.701545,0.001396
24.499965,26.234364,44.840418,3428.698404,-0.434797,57.520375,7.274892,2.710150,0.001830
24.525414,26.278122,44.801348,3424.737809,-0.440683,57.544930,7.298665,2.720170,0.002421
24.551626,26.320765,44.760685,3420.767195,-0.444708,57.566431,7.322208,2.730979,0.001608
24.577071,26.363246,44.719442,3416.784216,-0.448750,57.587879,7.346954,2.741541,0.001440
24.602102,26.406146,44.680343,3412.788588,-0.450899,57.611402,7.370652,2.749738,0.000616
24.627291,26.449516,44.637269,3408.778345,-0.453616,57.633644,7.395396,2.758095,0.001627
24.651549,26.492121,44.597369,3404.756788,-0.456017,57.656221,7.420063,2.765433,0.000985
24.675698,26.535348,44.557185,3400.721912,-0.459120,57.676919,7.444604,2.773882,0.002309
24.699377,26.578504,44.515577,3396.670437,-0.460364,57.700031,7.468537,2.785162,0.001939
24.724657,26.621336,44.475980,3392.607017,-0.459480,57.723249,7.495068,2.794304,0.002356
24.748726,26.662438,44.433123,3388.528130,-0.459996,57.745555,7.521469,2.801703,0.001712
24.772200,26.705438,44.392513,3384.434197,-0.461177,57.768193,7.549262,2.812003,0.001099
24.796685,26.747161,44.351502,3380.326382,-0.460694,57.790935,7.572538,2.820790,0.002478
24.819258,26.788668,44.311382,3376.202725,-0.461120,57.813475,7.596170,2.828357,0.001016
24.842507,26.828933,44.270143,3372.068448,-0.459218,57.836669,7.620182,2.838148,0.000052
24.867726,26.870399,44.227930,3367.918985,-0.456974,57.859567,7.645331,2.848954,-0.000765
24.892151,26.912814,44.188770,3363.753882,-0.455515,57.883797,7.670750,2.857872,-0.001334
24.914870,26.954467,44.148478,3359.575403,-0.450472,57.906448,7.693614,2.865870,-0.000465
24.938362,26.996571,44.108212,3355.382119,-0.447777,57.928607,7.717894,2.876010,-0.000939
24.960879,27.038434,44.067258,3351.174416,-0.443779,57.951436,7.741281,2.884232,-0.001909
24.984555,27.080282,44.030310,3346.954502,-0.440474,57.973988,7.762353,2.893631,-0.001973
25.010643,27.122241,43.992119,3342.720596,-0.434158,57.998901,7.783866,2.901951,-0.002453
25.036274,27.163850,43.954771,3338.473326,-0.427699,58.023499,7.805928,2.909850,-0.003741
25.059008,27.205861,43.917314,3334.212825,-0.419810,58.046706,7.827138,2.917444,-0.002324
25.082347,27.249499,43.880972,3329.939227,-0.414049,58.069001,7.848436,2.924035,-0.002599
25.104644,27.290427,43.846616,3325.652544,-0.405703,58.091334,7.867492,2.931661,-0.001445
25.127676,27.330915,43.812915,3321.354419,-0.399835,58.115770,7.886963,2.938198,-0.001904
25.151624,27.372603,43.778028,3317.043457,-0.392923,58.137482,7.904801,2.946592,-0.001638
25.175310,27.414870,43.744966,3312.722658,-0.385338,58.159742,7.922784,2.952498,-0.003086
25.197781,27.459564,43.714906,3308.391211,-0.376150,58.182689,7.937382,2.957877,-0.003281
25.219633,27.499271,43.683832,3304.047716,-0.368062,58.205763,7.952550,2.961915,-0.001630
25.241580,27.542785,43.653043,3299.694382,-0.359898,58.227671,7.964741,2.966561,-0.001374
25.265610,27.584657,43.622985,3295.332083,-0.349679,58.250409,7.979229,2.971795,-0.002260
25.288983,27.625048,43.593751,3290.959292,-0.340607,58.274059,7.991197,2.977827,-0.002080
25.311899,27.665225,43.563362,3286.578415,-0.331069,58.297943,8.001840,2.981774,-0.002208
25.336462,27.707403,43.535472,3282.189905,-0.319509,58.318412,8.010170,2.986294,-0.003641
25.359522,27.750314,43.507757,3277.793504,-0.307172,58.342294,8.019823,2.990386,-0.003953
25.383961,27.792807,43.481962,3273.387379,-0.299516,58.366786,8.027999,2.992307,-0.005627
25.407885,27.834259,43.455113,3268.976686,-0.289307,58.389687,8.034054,2.995192,-0.004574
25.431070,27.875245,43.430609,3264.558364,-0.278961,58.412412,8.039591,2.998305,-0.003688
25.454322,27.915641,43.409009,3260.135835,-0.268952,58.437020,8.043822,3.000769,-0.003773
25.477976,27.957778,43.385145,3255.706674,-0.258360,58.461697,8.046982,3.002139,-0.003539
25.501189,27.997454,43.364107,3251.275694,-0.247444,58.482806,8.049238,3.001582,-0.002300
25.523094,28.038190,43.342529,3246.839453,-0.237944,58.505932,8.050459,3.002519,-0.001745
25.546058,28.078540,43.322952,3242.400123,-0.228785,58.529822,8.050396,3.002204,-0.001910
25.568537,28.118513,43.302411,3237.959416,-0.220271,58.553625,8.050268,3.001630,-0.002620
25.590939,28.158776,43.284670,3233.515749,-0.211609,58.576614,8.048542,3.000000,-0.003397
25.613473,28.200613,43.267606,3229.070214,-0.203155,58.598818,8.046736,2.999095,-0.002502
25.637063,28.241106,43.251626,3224.623639,-0.193490,58.622532,8.043390,2.998087,-0.001458
25.659388,28.282049,43.234097,3220.180163,-0.184233,58.645879,8.038787,2.996462,0.000602
25.682669,28.323042,43.218243,3215.734752,-0.174770,58.669465,8.033670,2.993464,-0.000233
25.703286,28.363575,43.204481,3211.289495,-0.167525,58.693271,8.029473,2.990142,-0.000712
25.725111,28.403361,43.192049,3206.847691,-0.159024,58.715463,8.023101,2.988844,-0.001186
25.746396,28.445348,43.178327,3202.407394,-0.149974,58.737198,8.015097,2.986350,-0.001290
25.770133,28.487015,43.164987,3197.967290,-0.141622,58.760612,8.005945,2.983310,-0.001434
25.793255,28.527264,43.150443,3193.530710,-0.134530,58.784832,7.998207,2.979074,-0.002379
25.816197,28.568907,43.140295,3189.096464,-0.128279,58.808971,7.988646,2.976629,-0.003055
25.836784,28.610142,43.131269,3184.668330,-0.123739,58.831686,7.975851,2.971227,-0.000915
25.859017,28.651327,43.121401,3180.243930,-0.117120,58.854794,7.964862,2.967362,-0.000665
25.880808,28.692714,43.111056,3175.823512,-0.111092,58.877571,7.955002,2.963065,-0.001169
25.902037,28.733569,43.101627,3171.410576,-0.105373,58.901117,7.942391,2.960017,0.000827
25.922286,28.773585,43.093283,3167.001615,-0.101248,58.925236,7.928935,2.954190,0.001168
25.943259,28.812000,43.086772,3162.601857,-0.096188,58.948451,7.918339,2.949344,0.000687
25.963593,28.850902,43.079441,3158.205612,-0.092158,58.972782,7.907044,2.943557,0.000197
25.986972,28.891090,43.071754,3153.815618,-0.089618,58.996296,7.895262,2.936800,-0.000168
26.007856,28.931162,43.063100,3149.432339,-0.087414,59.019677,7.882027,2.930728,-0.001012
26.029720,28.972789,43.055683,3145.055622,-0.083229,59.041960,7.868072,2.924882,-0.000022
26.052784,29.013357,43.048580,3140.687236,-0.082597,59.063926,7.850908,2.921237,0.000544
26.074755,29.052549,43.043325,3136.325953,-0.080822,59.088999,7.836091,2.916607,0.002168
26.097905,29.091619,43.037576,3131.974152,-0.080006,59.113396,7.823413,2.911839,0.000777
26.120054,29.132135,43.029511,3127.628460,-0.078861,59.136347,7.807197,2.907808,-0.000117
26.142176,29.172443,43.023839,3123.292157,-0.079539,59.159050,7.792389,2.902912,0.000071
26.163079,29.211352,43.017724,3118.961660,-0.082419,59.182215,7.777756,2.896011,-0.000956
26.185646,29.249894,43.009074,3114.643167,-0.085973,59.204074,7.763651,2.891390,-0.001888
26.207303,29.290502,43.001032,3110.330847,-0.086656,59.228881,7.751093,2.886363,-0.002814
26.228533,29.329713,42.992309,3106.025895,-0.087835,59.251212,7.737439,2.881349,-0.000694
26.248837,29.370408,42.984894,3101.729886,-0.090717,59.273267,7.723842,2.875856,-0.000208
26.268167,29.410820,42.976286,3097.443535,-0.094571,59.293032,7.710351,2.872358,-0.000054
26.290322,29.450775,42.968353,3093.165495,-0.099550,59.316871,7.697847,2.866749,-0.000021
26.310737,29.493306,42.958562,3088.893152,-0.103466,59.341009,7.685643,2.862149,-0.001448
26.330489,29.533307,42.951854,3084.628653,-0.109521,59.363794,7.672678,2.857990,-0.000618
26.350940,29.571791,42.942277,3080.371781,-0.114501,59.383546,7.661348,2.852709,-0.000750
26.372534,29.611945,42.934291,3076.122521,-0.120079,59.406343,7.650521,2.847274,-0.000423
26.393648,29.652724,42.922986,3071.880716,-0.125585,59.430402,7.639846,2.843368,-0.000426
26.414274,29.691785,42.913420,3067.647581,-0.133253,59.454636,7.629110,2.838628,0.000090
26.437686,29.731537,42.902003,3063.420712,-0.139624,59.479204,7.620264,2.836978,-0.001360
26.458948,29.769388,42.890472,3059.202600,-0.147809,59.502601,7.613146,2.833622,-0.000631
26.479760,29.808389,42.877805,3054.988748,-0.156999,59.524999,7.604121,2.831054,0.000624
26.500397,29.847744,42.863130,3050.779945,-0.165080,59.548912,7.596803,2.828663,0.002563
26.519167,29.886980,42.850260,3046.577171,-0.174454,59.573446,7.590745,2.827870,0.002871
26.541035,29.926063,42.835460,3042.381959,-0.183574,59.597029,7.582375,2.824471,0.004013
26.561896,29.964689,42.819580,3038.191857,-0.193060,59.620333,7.576957,2.822493,0.002821
26.582210,30.005838,42.803721,3034.003769,-0.202574,59.643488,7.573497,2.818536,0.002480
26.603208,30.044055,42.789231,3029.822698,-0.212558,59.665156,7.571197,2.816938,0.002001
26.622682,30.084236,42.772456,3025.646610,-0.220797,59.687980,7.568448,2.815956,-0.000088
26.644238,30.123037,42.754122,3021.475681,-0.229661,59.710454,7.565889,2.815437,0.000764
26.665188,30.160875,42.735333,3017.307277,-0.240467,59.734296,7.564886,2.817399,-0.000346
26.685609,30.199582,42.716489,3013.141068,-0.250042,59.757252,7.565112,2.817681,0.001246
26.707478,30.238920,42.696645,3008.975736,-0.259797,59.780838,7.564936,2.818396,0.001493
26.728279,30.277793,42.676612,3004.814727,-0.270027,59.804181,7.567088,2.818399,0.002043
26.748274,30.316840,42.653908,3000.652011,-0.280950,59.827072,7.569244,2.820942,0.001226
26.766924,30.356555,42.630577,2996.494848,-0.290693,59.851434,7.572654,2.823709,0.001453
26.785540,30.394369,42.607387,2992.335979,-0.301218,59.876341,7.576266,2.825876,0.002636
26.807439,30.433023,42.584317,2988.178869,-0.313114,59.898628,7.581210,2.826944,0.001737
26.824708,30.470591,42.557681,2984.021705,-0.324875,59.922380,7.587653,2.828504,0.002199
26.844842,30.509347,42.532301,2979.863328,-0.335628,59.947036,7.594488,2.832249,0.002309
26.863943,30.547806,42.506046,2975.704722,-0.345916,59.971325,7.601923,2.834542,0.002436
26.884769,30.586975,42.479818,2971.544145,-0.357958,59.993841,7.611294,2.839099,0.003845
26.903607,30.624816,42.452644,2967.380582,-0.368774,60.016601,7.619911,2.841342,0.003646
26.923808,30.663262,42.422184,2963.213450,-0.378751,60.041959,7.629760,2.845908,0.003769
26.943179,30.700801,42.393047,2959.044327,-0.387406,60.065796,7.640494,2.851101,0.002642
26.963754,30.740100,42.360596,2954.873382,-0.397671,60.088221,7.652617,2.854723,0.002876
26.984583,30.779620,42.330779,2950.698478,-0.409000,60.111468,7.664823,2.860170,0.002016
27.004224,30.819789,42.296878,2946.516780,-0.417001,60.133438,7.678156,2.863439,0.001228
27.024970,30.857282,42.265295,2942.329144,-0.427333,60.155208,7.690026,2.869908,-0.001554
27.044639,30.895707,42.231785,2938.138172,-0.437753,60.177828,7.702532,2.875028,-0.002251
27.064855,30.933189,42.199171,2933.939739,-0.446950,60.201584,7.718980,2.881391,-0.002344
27.085567,30.971524,42.163824,2929.736938,-0.455065,60.223580,7.734893,2.886659,-0.003146
27.104303,31.008798,42.129755,2925.526713,-0.462885,60.245796,7.752707,2.892706,-0.003465
27.121273,31.048615,42.095209,2921.310848,-0.469649,60.267204,7.768649,2.898938,-0.003863
27.139945,31.085632,42.058861,2917.086831,-0.476750,60.290691,7.784176,2.905039,-0.005824
27.158361,31.123237,42.021849,2912.855452,-0.483944,60.315438,7.801514,2.910637,-0.003571
27.177583,31.162477,41.984109,2908.615135,-0.491793,60.338250,7.818734,2.917316,-0.001531
27.197708,31.198289,41.945845,2904.365326,-0.499423,60.360137,7.837941,2.922450,-0.001896
27.215822,31.235426,41.909009,2900.108210,-0.504965,60.383283,7.857707,2.929183,-0.000541
27.236518,31.275664,41.869485,2895.840737,-0.508095,60.406315,7.877409,2.937719,-0.001283
27.253554,31.313846,41.829615,2891.562245,-0.513290,60.428733,7.897735,2.944886,0.000589
27.272833,31.351168,41.791246,2887.275230,-0.518117,60.452345,7.915747,2.952658,0.001243
27.294011,31.389378,41.751079,2882.978764,-0.521318,60.475911,7.937568,2.960306,0.001297
27.315068,31.428654,41.710237,2878.671074,-0.524789,60.500264,7.958121,2.966748,0.000621
27.334572,31.465167,41.671454,2874.352517,-0.528705,60.524300,7.978391,2.973930,-0.000106
27.355473,31.503062,41.630124,2870.023513,-0.531927,60.548422,7.998990,2.980427,-0.000175
27.373525,31.541037,41.589087,2865.682654,-0.534213,60.570109,8.020434,2.987814,-0.000060
27.390750,31.578566,41.549210,2861.333721,-0.537670,60.592570,8.042410,2.995043,0.000627
27.408709,31.614191,41.506057,2856.970643,-0.539497,60.614750,8.064251,3.004718,0.000511
27.427033,31.653635,41.467278,2852.594262,-0.538200,60.637516,8.085008,3.012985,-0.001585
27.445567,31.690798,41.427696,2848.207030,-0.539954,60.659629,8.106623,3.019646,-0.001534
27.464913,31.728193,41.386305,2843.808574,-0.541003,60.683587,8.127798,3.025896,-0.003879
27.482925,31.765758,41.345364,2839.398417,-0.540277,60.706185,8.149458,3.033786,-0.005158
27.501413,31.803640,41.304780,2834.975063,-0.539892,60.729250,8.170281,3.041412,-0.005769
27.517862,31.841508,41.263382,2830.541527,-0.537810,60.752508,8.188591,3.049270,-0.006745
27.535782,31.878927,41.223786,2826.094814,-0.536499,60.775900,8.208664,3.057934,-0.006010
27.553386,31.916481,41.185987,2821.638745,-0.536357,60.801514,8.227090,3.067103,-0.005104
27.574287,31.954270,41.145929,2817.171699,-0.532190,60.824986,8.245461,3.072756,-0.005554
27.593641,31.991738,41.106568,2812.689889,-0.527264,60.850205,8.265963,3.081397,-0.005440
27.612144,32.030152,41.068103,2808.196139,-0.523192,60.871562,8.285524,3.087917,-0.003546
27.630879,32.067224,41.028951,2803.691985,-0.518795,60.895451,8.304079,3.094061,-0.001586
27.648637,32.104798,40.992456,2799.178907,-0.513684,60.919536,8.321615,3.101373,-0.002653
27.666288,32.141232,40.954445,2794.653916,-0.507738,60.941144,8.339369,3.107100,-0.002916
27.683137,32.177953,40.917377,2790.118150,-0.502368,60.962824,8.357164,3.113595,-0.001485
27.701168,32.213050,40.882167,2785.570815,-0.497137,60.985958,8.373842,3.119136,-0.000743
27.719236,32.249364,40.845713,2781.015648,-0.489438,61.009556,8.386162,3.123865,-0.000186
27.737265,32.286869,40.811184,2776.449979,-0.482347,61.033186,8.399383,3.129218,-0.000299
27.755658,32.324663,40.778202,2771.875059,-0.474964,61.055373,8.411830,3.135722,-0.000017
27.774307,32.362859,40.743890,2767.289028,-0.468098,61.078778,8.424611,3.140090,0.001771
27.792636,32.398430,40.712677,2762.695731,-0.461380,61.100163,8.438675,3.144121,0.002335
27.810748,32.433370,40.680099,2758.093305,-0.454013,61.120827,8.449366,3.146063,0.001939
27.827598,32.471451,40.647611,2753.483897,-0.447783,61.145500,8.457685,3.150513,0.000091
27.844109,32.507652,40.615193,2748.868018,-0.438813,61.168967,8.468298,3.154187,-0.000989
27.861414,32.544239,40.581971,2744.243906,-0.429587,61.192027,8.477941,3.156314,-0.001461
27.879443,32.579928,40.551945,2739.613988,-0.422587,61.214158,8.486441,3.158604,-0.002397
27.896883,32.614151,40.521463,2734.976156,-0.412420,61.237390,8.492593,3.160892,-0.001454
27.913313,32.649200,40.493057,2730.333350,-0.404463,61.261113,8.497750,3.163466,-0.001013
27.931983,32.685798,40.465685,2725.686441,-0.395333,61.283916,8.503333,3.165005,-0.001794
27.948496,32.723240,40.438355,2721.033868,-0.384863,61.308732,8.507180,3.166201,-0.002854
27.966724,32.759172,40.411222,2716.378713,-0.377595,61.332153,8.512107,3.169707,-0.004841
27.984422,32.796133,40.384199,2711.716810,-0.368271,61.355221,8.513104,3.169821,-0.004705
28.004163,32.832219,40.359671,2707.050809,-0.360409,61.378455,8.514493,3.171809,-0.005317
28.023292,32.868479,40.333710,2702.382216,-0.352593,61.402365,8.514055,3.173688,-0.003715
28.040654,32.906528,40.311397,2697.712503,-0.342795,61.424832,8.513844,3.171809,-0.003007
28.058253,32.941668,40.287317,2693.041548,-0.334705,61.446721,8.513774,3.173027,-0.002945
28.075161,32.978278,40.264471,2688.368159,-0.327388,61.470045,8.511937,3.172323,-0.002355
28.091880,33.013639,40.242049,2683.694207,-0.319053,61.492725,8.509174,3.170909,-0.001185
28.108516,33.050150,40.220498,2679.020132,-0.312552,61.515346,8.506781,3.168759,-0.000954
28.126266,33.087809,40.199278,2674.346691,-0.303400,61.538452,8.502691,3.167589,-0.002784
28.142708,33.123880,40.179825,2669.673756,-0.298510,61.560948,8.500170,3.166141,-0.001148
28.160059,33.159156,40.157017,2665.001154,-0.291851,61.581260,8.494842,3.163751,-0.000247
28.177232,33.193747,40.137581,2660.331057,-0.284986,61.603985,8.490319,3.161047,0.001065
28.192095,33.227569,40.117659,2655.659787,-0.278918,61.626595,8.484716,3.160721,0.002951
28.208423,33.264648,40.096865,2650.992969,-0.272428,61.649896,8.476559,3.157891,0.001592
28.226124,33.300624,40.078582,2646.329544,-0.264716,61.673344,8.470404,3.155005,0.003334
28.243884,33.334697,40.059248,2641.667242,-0.261203,61.696098,8.462408,3.151909,0.003050
28.258045,33.370528,40.039668,2637.008516,-0.255381,61.718048,8.454584,3.148399,0.003464
28.273096,33.405332,40.021627,2632.352715,-0.252298,61.740642,8.444468,3.145904,0.003260
28.290093,33.442269,40.004650,2627.701632,-0.248452,61.764253,8.434473,3.142717,0.004281
28.307525,33.475380,39.986761,2623.054336,-0.244243,61.787543,8.425726,3.138827,0.004782
28.325622,33.510542,39.970469,2618.413557,-0.242270,61.811710,8.416031,3.133379,0.005898
28.342694,33.545143,39.954587,2613.776079,-0.240080,61.833171,8.404805,3.128861,0.006610
28.360469,33.581488,39.938915,2609.143764,-0.236776,61.854988,8.393097,3.125790,0.006962
28.376623,33.618381,39.922557,2604.519516,-0.234647,61.877326,8.382023,3.120963,0.004720
28.393170,33.654494,39.906720,2599.899173,-0.234400,61.900340,8.372280,3.115808,0.004649
28.409436,33.687952,39.891575,2595.282978,-0.233401,61.923201,8.361661,3.111337,0.004080
28.425081,33.722954,39.875538,2590.674031,-0.233878,61.946621,8.352414,3.105830,0.004901
28.442218,33.757227,39.859454,2586.070938,-0.234234,61.969170,8.340650,3.102986,0.006217
28.459215,33.789946,39.844349,2581.475506,-0.234779,61.991002,8.328597,3.098868,0.006992
28.472281,33.825167,39.828213,2576.884828,-0.234749,62.013789,8.318016,3.094933,0.006831
28.487841,33.861091,39.812490,2572.301296,-0.236784,62.037792,8.308208,3.092565,0.005662
28.503158,33.894419,39.794995,2567.725472,-0.241867,62.059758,8.297605,3.088423,0.004920
28.519077,33.927059,39.778402,2563.154154,-0.244832,62.081561,8.286476,3.084700,0.002442
28.535618,33.962616,39.762216,2558.589957,-0.247224,62.103506,8.276535,3.080720,0.001564
28.552764,33.997248,39.744187,2554.031192,-0.250303,62.125518,8.266932,3.076800,0.001870
28.568107,34.032854,39.725890,2549.477417,-0.255835,62.146671,8.257699,3.073521,0.001905
28.584948,34.067401,39.708442,2544.932365,-0.262665,62.169287,8.247220,3.070509,0.002122
28.600914,34.101589,39.689791,2540.394501,-0.268574,62.190818,8.238511,3.067577,0.002515
28.616805,34.135367,39.670053,2535.863316,-0.275380,62.212287,8.230961,3.064378,0.004372
28.633694,34.170462,39.653031,2531.337430,-0.283285,62.231847,8.223145,3.063218,0.002338
28.650023,34.204294,39.634033,2526.814862,-0.290551,62.254258,8.214991,3.062718,0.003008
28.665786,34.239031,39.614624,2522.301268,-0.297991,62.277070,8.207052,3.061861,0.002872
28.681661,34.274247,39.595032,2517.794267,-0.304755,62.300282,8.202396,3.056549,0.003550
28.697980,34.306471,39.575307,2513.291090,-0.310723,62.322392,8.196767,3.054684,0.002149
28.712517,34.341247,39.555022,2508.792534,-0.321402,62.344141,8.190980,3.052917,0.001134
28.725062,34.375000,39.533083,2504.299358,-0.331206,62.366811,8.186505,3.050645,0.001291
28.739523,34.408120,39.510345,2499.810987,-0.340534,62.390035,8.183525,3.049363,0.001469
28.753751,34.443912,39.488787,2495.326060,-0.350045,62.413038,8.180023,3.048245,0.000480
28.769540,34.477877,39.466365,2490.847714,-0.358141,62.435044,8.177739,3.046117,-0.000615
28.784571,34.512354,39.442177,2486.372531,-0.368534,62.457825,8.175275,3.043837,0.000323
28.800376,34.545778,39.416680,2481.901740,-0.378652,62.481117,8.172537,3.042757,0.000478
28.816741,34.580048,39.391636,2477.432561,-0.388476,62.503545,8.173052,3.043454,0.002076
28.832830,34.614224,39.366432,2472.967999,-0.398962,62.527323,8.171630,3.042398,0.001249
28.849636,34.645669,39.339868,2468.504856,-0.408118,62.549232,8.171896,3.042456,0.000632
28.865221,34.679340,39.313764,2464.045830,-0.417344,62.571465,8.171791,3.044220,0.000130
28.879813,34.714653,39.287354,2459.587264,-0.427024,62.593140,8.173629,3.045617,0.000501
28.894441,34.746848,39.259140,2455.130762,-0.439943,62.613724,8.175201,3.045697,0.001372
28.910278,34.780341,39.230145,2450.675590,-0.451556,62.636507,8.177256,3.047256,0.000167
28.925776,34.814033,39.200763,2446.221266,-0.461940,62.660138,8.181847,3.048588,-0.000175
28.939251,34.847897,39.171416,2441.768540,-0.472442,62.681889,8.185079,3.049905,-0.001119
28.954620,34.879903,39.141229,2437.314086,-0.484091,62.704035,8.191516,3.053963,-0.001478
28.969438,34.913185,39.110171,2432.861227,-0.496078,62.724036,8.197468,3.056307,-0.002056
28.985708,34.946038,39.078648,2428.405839,-0.505796,62.746940,8.202577,3.058256,-0.002976
29.001307,34.980816,39.048247,2423.949562,-0.518170,62.769521,8.209094,3.062905,-0.002012
29.014225,35.012732,39.016074,2419.492580,-0.528787,62.794369,8.217317,3.063809,-0.000461
29.027549,35.046286,38.982734,2415.033175,-0.541148,62.815511,8.226767,3.068185,-0.000369
29.043778,35.077771,38.948807,2410.572630,-0.548695,62.835781,8.235418,3.071552,0.000706
29.058665,35.111367,38.914272,2406.108301,-0.557244,62.858809,8.245289,3.073039,-0.000827
29.073553,35.143200,38.878941,2401.641932,-0.569094,62.882072,8.254202,3.076469,-0.000471
29.088734,35.175431,38.841549,2397.173285,-0.578050,62.904907,8.264164,3.080130,0.000430
29.104798,35.208109,38.805829,2392.700545,-0.586531,62.928705,8.275361,3.084485,-0.000275
29.119168,35.240009,38.767490,2388.223345,-0.595766,62.950015,8.288620,3.088010,-0.000043
29.135462,35.272691,38.731480,2383.740679,-0.604902,62.972985,8.301290,3.092350,0.001066
29.150307,35.306456,38.694856,2379.253283,-0.613246,62.993866,8.311862,3.097112,0.001996
29.162855,35.338118,38.655399,2374.758429,-0.622421,63.016558,8.324862,3.099944,0.002704
29.178821,35.368850,38.616788,2370.259590,-0.629930,63.039431,8.338725,3.104803,0.002842
29.194084,35.400470,38.577635,2365.756471,-0.635995,63.061296,8.353281,3.109612,0.002157
29.207474,35.432866,38.537359,2361.248123,-0.643866,63.082015,8.368430,3.115972,0.004070
29.222544,35.466965,38.498715,2356.731865,-0.650511,63.103472,8.383673,3.120583,0.003406
29.236847,35.498465,38.458298,2352.207293,-0.656215,63.124241,8.398468,3.127987,0.002663
29.250522,35.530335,38.416863,2347.678400,-0.664375,63.145292,8.415107,3.131191,0.004049
29.265142,35.561491,38.376698,2343.141896,-0.669811,63.168389,8.430082,3.136406,0.005803
29.279274,35.594414,38.334442,2338.598430,-0.675357,63.190920,8.446146,3.142689,0.005412
29.292311,35.625651,38.293731,2334.047697,-0.679501,63.211842,8.462048,3.149132,0.004907
29.305948,35.656865,38.253275,2329.488289,-0.684869,63.233532,8.477772,3.154102,0.004707
29.319777,35.689127,38.210896,2324.920322,-0.688395,63.255316,8.496248,3.162283,0.003273
29.334650,35.720355,38.169585,2320.345138,-0.692594,63.276685,8.512005,3.168404,0.001878
29.349829,35.750607,38.127033,2315.760424,-0.696264,63.299451,8.528377,3.174460,0.003898
29.362327,35.784634,38.084243,2311.167394,-0.698141,63.322091,8.544342,3.181568,0.002420
29.377344,35.815484,38.043638,2306.562779,-0.698580,63.342842,8.560983,3.189264,0.002314
29.390096,35.846353,38.001736,2301.952186,-0.700273,63.365915,8.576366,3.195511,0.004403
29.402174,35.878687,37.959482,2297.332738,-0.701274,63.387185,8.593152,3.202176,0.003524
29.414669,35.911612,37.919021,2292.702496,-0.703012,63.409796,8.610626,3.206779,0.003199
29.429443,35.943817,37.877898,2288.066006,-0.702931,63.427691,8.625399,3.212251,0.003300
29.441845,35.974831,37.833618,2283.419854,-0.701004,63.449020,8.640226,3.217972,0.003156
29.456673,36.005184,37.792488,2278.764998,-0.699883,63.470673,8.655720,3.224481,0.003126
29.470951,36.036759,37.749486,2274.100934,-0.698765,63.491178,8.672536,3.229059,0.003548
29.483092,36.069237,37.707555,2269.429455,-0.698575,63.514222,8.687147,3.235428,0.001329
29.496899,36.102059,37.667511,2264.749051,-0.696711,63.536118,8.702580,3.241264,0.001325
29.510338,36.134633,37.627627,2260.060124,-0.694414,63.557846,8.717019,3.246644,0.000950
29.523592,36.165641,37.586825,2255.360452,-0.692113,63.578495,8.730593,3.251968,0.002001
29.538483,36.196397,37.546338,2250.651467,-0.689074,63.600957,8.743072,3.259159,0.002657
29.550493,36.226232,37.505344,2245.935541,-0.685473,63.623947,8.755048,3.263053,0.003444
29.564889,36.258654,37.465551,2241.212306,-0.682327,63.645004,8.768233,3.267597,0.004330
29.579117,36.288718,37.425214,2236.480685,-0.677533,63.664824,8.780816,3.272443,0.003443
29.590582,36.318779,37.386015,2231.741491,-0.673237,63.686023,8.792924,3.277781,0.002328
29.602893,36.351462,37.346004,2226.995999,-0.668881,63.708345,8.804381,3.282048,0.001661
29.616504,36.381609,37.307862,2222.244817,-0.663180,63.729813,8.813318,3.285113,0.000514
29.629694,36.414827,37.269315,2217.483177,-0.658699,63.750811,8.821361,3.287875,-0.001315
29.642151,36.444658,37.231272,2212.717430,-0.652847,63.772735,8.831107,3.289373,-0.002320
29.657148,36.475512,37.194034,2207.942182,-0.646582,63.795571,8.839877,3.293575,-0.002426
29.668550,36.505949,37.157575,2203.163067,-0.639876,63.816785,8.846694,3.295852,-0.002169
29.681257,36.537481,37.119430,2198.378653,-0.634571,63.837976,8.856662,3.297780,-0.000926
29.693724,36.567927,37.084096,2193.587819,-0.627904,63.859013,8.862490,3.298199,-0.002545
29.708636,36.595850,37.047236,2188.790979,-0.620991,63.879734,8.870017,3.300945,-0.002500
29.723522,36.625585,37.011495,2183.991309,-0.615869,63.900045,8.875529,3.302949,-0.001558
29.734966,36.657745,36.979342,2179.188440,-0.608698,63.920331,8.879786,3.303577,-0.002020
29.748707,36.688840,36.943821,2174.380941,-0.602944,63.942208,8.883064,3.305091,-0.002081
29.762410,36.719776,36.908803,2169.570331,-0.597235,63.963435,8.886358,3.305705,-0.002457
29.773224,36.748496,36.874662,2164.754677,-0.590783,63.984775,8.889730,3.307778,-0.005385
29.787690,36.777756,36.841025,2159.935029,-0.583932,64.006116,8.892089,3.310148,-0.003970
29.800977,36.807253,36.809997,2155.116131,-0.576025,64.026193,8.892436,3.311108,-0.004487
29.814236,36.836474,36.777754,2150.293130,-0.569418,64.047991,8.891508,3.312169,-0.003131
29.826618,36.865689,36.744387,2145.469277,-0.564432,64.068786,8.891462,3.312053,-0.003632
29.841450,36.894754,36.712331,2140.642317,-0.558816,64.091468,8.890585,3.312224,-0.004041
29.851499,36.921983,36.681047,2135.816172,-0.554305,64.113335,8.889207,3.311822,-0.002862
29.865062,36.951276,36.650276,2130.987500,-0.547916,64.134464,8.887556,3.311212,-0.002565
29.876844,36.981608,36.619112,2126.158937,-0.543297,64.155790,8.887647,3.309854,-0.002575
29.888593,37.010393,36.588726,2121.332987,-0.537594,64.177037,8.886123,3.308190,-0.000715
29.899916,37.039074,36.558854,2116.505528,-0.534957,64.196938,8.882593,3.307029,-0.001573
29.911750,37.069074,36.528157,2111.676624,-0.529930,64.218206,8.878732,3.304471,-0.000094
29.925583,37.098461,36.499316,2106.851798,-0.526065,64.240727,8.873137,3.304541,0.000910
29.937323,37.128622,36.470533,2102.028569,-0.521523,64.261373,8.868473,3.301946,0.001623
29.949584,37.159201,36.440962,2097.205036,-0.518931,64.282886,8.861492,3.299925,0.001288
29.962510,37.188266,36.413047,2092.385348,-0.515465,64.303409,8.856425,3.298458,0.000600
29.973729,37.217117,36.385944,2087.568051,-0.511727,64.324268,8.851140,3.298134,0.001434
29.985738,37.247574,36.357499,2082.753659,-0.508659,64.345372,8.844914,3.296839,0.002290
29.999255,37.276748,36.329272,2077.941848,-0.506786,64.364334,8.838347,3.294711,0.001376
30.011429,37.306252,36.301771,2073.132900,-0.505566,64.385589,8.832393,3.291895,0.001453
30.023158,37.335197,36.273730,2068.327319,-0.503342,64.406102,8.824975,3.290844,-0.001143
30.034130,37.364220,36.247327,2063.525762,-0.503111,64.427235,8.818412,3.285815,-0.000554
30.045202,37.394007,36.218880,2058.728194,-0.501833,64.449119,8.808833,3.284666,-0.000164
30.057095,37.423298,36.191407,2053.934534,-0.501578,64.468946,8.800818,3.281322,-0.001310
30.069294,37.451541,36.164628,2049.144509,-0.502045,64.491321,8.794855,3.278868,-0.001745
30.081966,37.479337,36.137003,2044.361075,-0.503598,64.510210,8.787116,3.273895,-0.000204
30.094128,37.507382,36.109906,2039.580323,-0.506256,64.531339,8.780117,3.270304,-0.001077
30.107462,37.536557,36.082304,2034.805797,-0.508764,64.551631,8.771660,3.268294,-0.001269
30.119915,37.567061,36.057013,2030.036818,-0.512051,64.571488,8.764647,3.264515,-0.002043
30.131103,37.596137,36.029415,2025.270492,-0.514990,64.592823,8.757511,3.261840,-0.002431
30.142691,37.623399,36.003782,2020.509377,-0.518940,64.614450,8.751209,3.260008,-0.003026
30.154139,37.652478,35.976946,2015.752595,-0.524519,64.636293,8.743068,3.257049,-0.003696
30.162342,37.679086,35.947858,2011.001389,-0.526999,64.655659,8.735009,3.254458,-0.002125
30.173041,37.708026,35.919602,2006.255407,-0.531190,64.674854,8.729103,3.251555,-0.000568
30.184702,37.736023,35.892292,2001.514726,-0.537290,64.695649,8.722640,3.250503,-0.001324
30.195578,37.764085,35.865220,1996.780527,-0.541762,64.714212,8.716720,3.246749,-0.000274
30.208592,37.791580,35.837242,1992.051253,-0.548523,64.735130,8.710204,3.244831,0.001219
30.219432,37.819939,35.808428,1987.328380,-0.556473,64.755287,8.703462,3.242724,0.000841
30.230038,37.848161,35.779437,1982.609083,-0.565343,64.776792,8.697719,3.241063,0.002085
30.240838,37.875984,35.748959,1977.894895,-0.572564,64.798033,8.691544,3.238540,0.000144
30.252741,37.902973,35.719214,1973.182655,-0.580746,64.818965,8.686761,3.237454,0.000068
30.264847,37.929511,35.688145,1968.477441,-0.589643,64.839619,8.681674,3.236428,-0.000284
30.275910,37.955811,35.659020,1963.778078,-0.598359,64.860043,8.677365,3.236384,-0.000965
30.286757,37.984133,35.628255,1959.082069,-0.607828,64.880852,8.673254,3.234780,-0.001230
30.298846,38.012027,35.595730,1954.390529,-0.616665,64.902177,8.671166,3.234075,0.000040
30.310982,38.040998,35.563402,1949.702015,-0.626825,64.923575,8.667857,3.232819,-0.000288
30.321505,38.069060,35.528635,1945.017728,-0.637414,64.942676,8.666038,3.229874,0.000413
30.333437,38.096823,35.496069,1940.339234,-0.648892,64.964621,8.663337,3.228508,-0.000386
30.342957,38.124945,35.461370,1935.662996,-0.659214,64.983022,8.662531,3.228401,-0.000427
30.354374,38.151176,35.428720,1930.991057,-0.670127,65.003378,8.662287,3.229036,0.000486
30.364359,38.178817,35.394965,1926.321516,-0.682008,65.022979,8.662199,3.228370,0.001184
30.376529,38.205140,35.359609,1921.655739,-0.692160,65.042310,8.662539,3.228634,-0.000489
30.386892,38.231676,35.323566,1916.992835,-0.704596,65.062340,8.663314,3.228513,-0.000597
30.397634,38.258298,35.286411,1912.330514,-0.716209,65.081607,8.666732,3.227610,-0.001641
30.408687,38.284957,35.251152,1907.672280,-0.728528,65.102208,8.667937,3.226212,-0.002550
30.418106,38.313369,35.216974,1903.016777,-0.739981,65.121549,8.668662,3.227865,-0.002135
30.428859,38.340675,35.179318,1898.363082,-0.751508,65.142236,8.671560,3.229751,-0.001114
30.440738,38.367108,35.141166,1893.707935,-0.762888,65.161481,8.675319,3.230256,-0.000426
30.451287,38.393353,35.104601,1889.053595,-0.776315,65.181685,8.678447,3.231251,-0.001931
30.463150,38.420741,35.066142,1884.401650,-0.787306,65.200876,8.682958,3.231946,-0.002182
30.471412,38.447429,35.025514,1879.751049,-0.798820,65.219620,8.687651,3.234563,-0.001975
30.482269,38.473760,34.986085,1875.099761,-0.812255,65.239629,8.690469,3.236449,-0.000974
30.492096,38.500864,34.947220,1870.447910,-0.822269,65.260275,8.696009,3.241017,-0.002068
30.500673,38.526614,34.907442,1865.796303,-0.834098,65.278559,8.703349,3.243557,-0.000826
30.511366,38.552425,34.868498,1861.144340,-0.846329,65.298891,8.711226,3.247179,-0.000563
30.523444,38.577278,34.825172,1856.489703,-0.857945,65.319386,8.718894,3.249604,-0.000996
30.533538,38.603007,34.782378,1851.837554,-0.869652,65.339456,8.726418,3.252412,-0.001138
30.543709,38.628436,34.739067,1847.179372,-0.879996,65.358884,8.734123,3.255868,-0.001119
30.555196,38.654831,34.698096,1842.520579,-0.888947,65.380890,8.743299,3.257783,-0.003066
30.566733,38.680613,34.654880,1837.860408,-0.899841,65.401049,8.752351,3.259827,-0.002043
30.576093,38.707133,34.611077,1833.199004,-0.908197,65.420410,8.761239,3.264049,-0.002300
30.586185,38.733495,34.566598,1828.536541,-0.918232,65.440926,8.769741,3.267796,-0.001236
30.595536,38.760575,34.524013,1823.869561,-0.928939,65.461175,8.779194,3.272137,-0.001521
30.605541,38.788377,34.479365,1819.199611,-0.939647,65.480503,8.788688,3.276190,-0.001218
30.613321,38.812225,34.435341,1814.527034,-0.951279,65.501766,8.797725,3.277689,-0.000394
30.624758,38.837226,34.390961,1809.848932,-0.959768,65.520107,8.808789,3.280759,-0.001560
30.634579,38.864508,34.344287,1805.169377,-0.968416,65.539889,8.820055,3.284541,-0.002236
30.645474,38.890359,34.299455,1800.485244,-0.976632,65.558906,8.831634,3.287252,-0.001909
30.655967,38.913588,34.254742,1795.797051,-0.985055,65.578109,8.843308,3.290713,-0.002246
30.666489,38.937702,34.207358,1791.105459,-0.992652,65.597631,8.856673,3.293968,0.000144
30.675354,38.963165,34.161603,1786.404989,-1.000266,65.614995,8.867397,3.297993,0.000897
30.684565,38.989592,34.113522,1781.701974,-1.006733,65.634338,8.880115,3.301592,0.001266
30.693621,39.013742,34.065724,1776.994510,-1.014093,65.653570,8.890699,3.307759,-0.000219
30.701937,39.038560,34.017824,1772.284289,-1.019733,65.673239,8.903140,3.313841,-0.000413
30.712256,39.063359,33.971513,1767.566712,-1.024944,65.692059,8.913035,3.319581,0.000674
30.723532,39.088717,33.926358,1762.845158,-1.027722,65.712261,8.924888,3.323052,-0.000014
30.733761,39.115289,33.878649,1758.118535,-1.032067,65.731487,8.937449,3.326494,0.000714
30.745518,39.140516,33.831900,1753.385389,-1.037052,65.751603,8.949054,3.331215,0.001117
30.753869,39.164235,33.784095,1748.647249,-1.042387,65.772234,8.962823,3.335596,0.001328
30.764463,39.189577,33.735450,1743.905400,-1.047622,65.790838,8.973690,3.340213,0.002284
30.774139,39.213422,33.688139,1739.158045,-1.051658,65.808768,8.985134,3.342866,0.002450
30.783433,39.239710,33.640267,1734.402304,-1.055081,65.828950,8.995481,3.347775,0.002760
30.793585,39.264971,33.593441,1729.642543,-1.057503,65.848076,9.006633,3.352938,0.004556
30.801715,39.290583,33.545636,1724.878701,-1.059552,65.867814,9.015517,3.357935,0.004148
30.812653,39.314492,33.498954,1720.109189,-1.060228,65.886773,9.024365,3.362332,0.002791
30.822391,39.339355,33.450222,1715.332146,-1.062859,65.904971,9.032451,3.365754,0.004342
30.832865,39.363617,33.403258,1710.551763,-1.061798,65.923763,9.042436,3.365504,0.004606
30.842064,39.388573,33.354368,1705.764933,-1.062590,65.942126,9.054408,3.369477,0.005842
30.849855,39.413085,33.307940,1700.971557,-1.061533,65.960220,9.063506,3.374171,0.006080
30.861003,39.436869,33.260397,1696.175789,-1.062491,65.978146,9.073147,3.378569,0.005787
30.870231,39.461242,33.211594,1691.372910,-1.062263,65.997757,9.083715,3.382934,0.005648
30.880226,39.484368,33.166332,1686.565544,-1.061361,66.015330,9.091560,3.387222,0.005021
30.890481,39.509107,33.119450,1681.753681,-1.062675,66.035614,9.098084,3.390667,0.006238
30.899280,39.531486,33.074297,1676.938280,-1.060943,66.055100,9.105216,3.393395,0.005475
30.908741,39.554476,33.028547,1672.117411,-1.059124,66.073374,9.111568,3.396070,0.005503
30.916551,39.577691,32.980555,1667.293518,-1.057207,66.092260,9.117646,3.400359,0.004565
30.927038,39.602272,32.934030,1662.465865,-1.056441,66.110878,9.124621,3.404837,0.004852
30.933303,39.627453,32.887446,1657.632562,-1.055547,66.128230,9.131806,3.408326,0.004394
30.940837,39.650641,32.842164,1652.798293,-1.054149,66.148059,9.136054,3.409049,0.005889
30.949427,39.672799,32.795544,1647.957739,-1.051668,66.167307,9.142781,3.410102,0.006846
30.959554,39.697456,32.750726,1643.115160,-1.048309,66.186715,9.146319,3.412903,0.004915
30.968546,39.719925,32.705600,1638.269923,-1.045066,66.206291,9.151866,3.415624,0.002820
30.977063,39.741802,32.659853,1633.424194,-1.042466,66.224947,9.156517,3.415781,0.002369
30.986536,39.764185,32.614829,1628.574013,-1.041414,66.242945,9.159052,3.415140,0.002788
30.997549,39.788190,32.570760,1623.723297,-1.038382,66.261880,9.160288,3.416140,0.002599
31.005822,39.812139,32.527793,1618.869228,-1.035818,66.279640,9.161391,3.415030,0.001582
31.013820,39.836175,32.483412,1614.017287,-1.034732,66.299305,9.164374,3.414988,0.002151
31.020582,39.861241,32.438879,1609.161777,-1.033880,66.317455,9.163641,3.416148,-0.001034
31.028870,39.884837,32.394772,1604.303021,-1.033872,66.336053,9.164077,3.414053,-0.002052
31.038276,39.907248,32.352192,1599.444050,-1.032090,66.353490,9.165576,3.413264,-0.001556
31.046318,39.931428,32.309974,1594.585323,-1.031029,66.371692,9.166395,3.413210,-0.002501
31.054923,39.956530,32.266568,1589.727311,-1.030756,66.389133,9.167984,3.414240,-0.001902
31.062309,39.978828,32.223520,1584.869422,-1.030095,66.409231,9.167552,3.412393,-0.000921
31.068712,40.001700,32.182423,1580.011829,-1.027357,66.427545,9.165149,3.413160,0.000631
31.077320,40.023509,32.138974,1575.154230,-1.026805,66.445049,9.164062,3.413288,0.001239
31.085662,40.044506,32.096801,1570.297821,-1.027284,66.463218,9.162112,3.412111,-0.001330
31.093519,40.068365,32.053791,1565.443684,-1.027578,66.482125,9.158898,3.410864,-0.000863
31.102162,40.090040,32.010711,1560.588800,-1.028549,66.499841,9.155488,3.409937,0.001915
31.111835,40.110971,31.967981,1555.738501,-1.031041,66.516917,9.152568,3.407910,0.002355
31.122948,40.132676,31.926996,1550.889787,-1.031879,66.535208,9.149484,3.406356,0.002126
31.130769,40.155244,31.886040,1546.041490,-1.032637,66.553479,9.144728,3.405352,0.002063
31.140738,40.179013,31.845333,1541.194442,-1.034235,66.570821,9.141146,3.405747,0.001471
31.147620,40.199334,31.804143,1536.351288,-1.035283,66.589618,9.136167,3.406209,0.001178
31.155970,40.220419,31.763308,1531.510506,-1.036847,66.606636,9.131571,3.405286,0.001893
31.164374,40.242943,31.720414,1526.674655,-1.040559,66.623833,9.128034,3.404163,0.001100
31.172623,40.264419,31.679712,1521.840468,-1.044997,66.641861,9.122741,3.403402,0.001217
31.181158,40.286172,31.637924,1517.009497,-1.048020,66.659026,9.118970,3.399551,0.000038
31.186978,40.306639,31.595759,1512.184588,-1.052722,66.676400,9.113721,3.396321,-0.001265
31.194458,40.329081,31.554807,1507.359668,-1.057744,66.692709,9.107661,3.395360,-0.001339
31.202542,40.352203,31.512428,1502.540815,-1.063543,66.711470,9.100918,3.393055,-0.001117
31.211421,40.372887,31.472629,1497.726877,-1.068470,66.730765,9.096743,3.390919,-0.000963
31.222104,40.396388,31.430109,1492.916047,-1.074546,66.749178,9.091131,3.385879,-0.000705
31.228467,40.417766,31.387892,1488.109986,-1.080661,66.766656,9.085040,3.385404,-0.000388
31.234662,40.438948,31.344592,1483.305992,-1.087597,66.784654,9.081022,3.382912,-0.000677
31.241643,40.461099,31.302522,1478.509774,-1.095659,66.801761,9.076863,3.380947,-0.002039
31.248205,40.481531,31.261644,1473.716899,-1.104198,66.818603,9.070658,3.378304,-0.001331
31.258281,40.502948,31.217916,1468.928272,-1.111241,66.836664,9.066563,3.376076,-0.001985
31.266596,40.524469,31.175723,1464.146920,-1.119500,66.854223,9.062154,3.372508,-0.001142
31.274512,40.545723,31.132920,1459.368096,-1.128248,66.870028,9.057926,3.370483,0.000381
31.284087,40.566047,31.089616,1454.594996,-1.137664,66.887334,9.053473,3.368740,-0.000072
31.292176,40.587776,31.044987,1449.827405,-1.148094,66.904899,9.050174,3.367688,-0.000224
31.297874,40.607197,31.000983,1445.064525,-1.159378,66.922981,9.046777,3.366785,0.001252
31.304897,40.628918,30.955774,1440.307086,-1.170432,66.941581,9.043120,3.366429,0.002511
31.313293,40.649204,30.912040,1435.553200,-1.181141,66.958404,9.039287,3.366763,0.001113
31.319626,40.670247,30.867015,1430.803788,-1.193557,66.975133,9.034050,3.365519,0.000299
31.327180,40.690504,30.823193,1426.059504,-1.207178,66.992861,9.032001,3.364310,0.000512
31.334826,40.710068,30.776991,1421.320807,-1.220517,67.011061,9.029039,3.363241,0.001140
31.341127,40.733501,30.730906,1416.585590,-1.232601,67.026648,9.027449,3.363435,0.000227
31.350704,40.753763,30.684702,1411.856018,-1.245282,67.043615,9.024974,3.363936,-0.000147
31.357982,40.772662,30.635205,1407.130395,-1.259858,67.060291,9.020959,3.363678,-0.001540
31.364952,40.793182,30.589021,1402.410650,-1.273363,67.078330,9.022489,3.364495,-0.001418
31.372545,40.815328,30.542078,1397.694350,-1.287430,67.095450,9.020534,3.363818,-0.000700
31.379250,40.836291,30.495120,1392.981795,-1.302727,67.110801,9.020018,3.362525,0.001576
31.387049,40.854845,30.447858,1388.275051,-1.316388,67.129434,9.018864,3.362234,0.002079
31.394958,40.874690,30.401478,1383.571418,-1.332773,67.145816,9.019262,3.362960,0.003194
31.402646,40.895512,30.353086,1378.870107,-1.348020,67.163430,9.019183,3.360878,0.002444
31.408972,40.913885,30.302400,1374.173808,-1.363253,67.179547,9.021129,3.359642,0.003362
31.416543,40.933617,30.253666,1369.481158,-1.379352,67.195961,9.022068,3.359324,0.002591
31.423298,40.953001,30.203203,1364.792775,-1.394868,67.212916,9.024114,3.359908,0.002292
31.431699,40.972513,30.152829,1360.106929,-1.411444,67.229117,9.025357,3.360126,0.002098
31.440333,40.992581,30.103754,1355.423466,-1.426902,67.245902,9.027278,3.363359,0.002010
31.445834,41.013662,30.052456,1350.743575,-1.442255,67.263633,9.029895,3.364775,0.000328
31.451459,41.031256,29.999807,1346.064817,-1.458913,67.280591,9.031903,3.362920,-0.000526
31.456120,41.051448,29.948834,1341.392357,-1.474874,67.296818,9.034252,3.365866,-0.001118
31.463866,41.071687,29.896020,1336.719255,-1.492045,67.314465,9.036604,3.366333,-0.001435
31.474055,41.090872,29.844003,1332.051761,-1.509906,67.331143,9.041472,3.366369,-0.000697
31.480494,41.109859,29.792802,1327.384282,-1.525506,67.348320,9.044684,3.366936,-0.000587
31.488054,41.128012,29.741095,1322.721055,-1.542153,67.364852,9.047846,3.369037,-0.000282
31.493953,41.147896,29.686267,1318.058468,-1.558608,67.380836,9.050771,3.370004,-0.001224
31.500500,41.166059,29.633311,1313.397274,-1.575782,67.396690,9.055055,3.371575,-0.001506
31.507372,41.184960,29.577468,1308.738457,-1.592509,67.413703,9.059584,3.375011,-0.001358
31.513840,41.205245,29.522301,1304.079541,-1.608538,67.431627,9.065831,3.375604,-0.002378
31.521385,41.223740,29.467573,1299.423183,-1.624329,67.447506,9.071283,3.377307,-0.001115
31.526963,41.242958,29.413430,1294.767751,-1.640075,67.461792,9.077296,3.379832,-0.000760
31.533058,41.261678,29.356412,1290.112583,-1.656736,67.478906,9.082121,3.381786,0.000206
31.540532,41.279016,29.302225,1285.458409,-1.671270,67.495925,9.089335,3.382611,-0.000940
31.546604,41.295783,29.246674,1280.805009,-1.685372,67.512040,9.094789,3.386116,-0.001057
31.552621,41.315586,29.190557,1276.152134,-1.701339,67.529633,9.100639,3.389538,-0.001811
31.559450,41.334148,29.132754,1271.497719,-1.715837,67.547254,9.107156,3.390768,-0.001566
31.566905,41.353970,29.074326,1266.845823,-1.730565,67.562760,9.114001,3.392355,0.000796
31.572159,41.371215,29.016653,1262.194178,-1.744282,67.579352,9.120643,3.393178,0.001629
31.580594,41.390046,28.957727,1257.541804,-1.758089,67.596931,9.126933,3.395954,0.001667
31.585358,41.407724,28.899818,1252.888108,-1.771202,67.614542,9.133556,3.398548,-0.001339
31.591388,41.428052,28.841653,1248.235798,-1.785031,67.630627,9.138092,3.401474,-0.002357
31.596681,41.445684,28.784109,1243.582266,-1.798080,67.648094,9.145870,3.403413,-0.003472
31.603096,41.463734,28.726244,1238.929140,-1.811556,67.664387,9.154778,3.406003,-0.003192
31.609292,41.481191,28.665654,1234.275164,-1.825717,67.679841,9.162365,3.408650,-0.002609
31.616448,41.500957,28.607957,1229.621165,-1.836294,67.696019,9.169304,3.412977,-0.000372
31.624044,41.520131,28.548218,1224.966459,-1.849275,67.711933,9.177191,3.416206,-0.001178
31.630368,41.537192,28.489141,1220.309285,-1.861402,67.727643,9.182577,3.417749,-0.000498
31.635700,41.555148,28.429738,1215.652126,-1.873900,67.744322,9.188331,3.422654,0.000352
31.639911,41.572161,28.371286,1210.994720,-1.886221,67.759999,9.193873,3.424657,-0.001757
31.646343,41.588363,28.311168,1206.335861,-1.898578,67.776059,9.202515,3.426476,-0.001129
31.651673,41.606105,28.249224,1201.677154,-1.910510,67.791392,9.210532,3.430555,-0.001674
31.659652,41.622888,28.189201,1197.016545,-1.921825,67.806719,9.216719,3.433267,-0.000550
31.664753,41.641992,28.129026,1192.354717,-1.932808,67.823727,9.224035,3.435081,0.000737
31.671071,41.658905,28.069373,1187.692110,-1.944896,67.837895,9.231319,3.435912,0.000851
31.675726,41.678080,28.008878,1183.030036,-1.956779,67.854697,9.236025,3.438876,0.000563
31.679227,41.695546,27.948643,1178.369070,-1.964763,67.871640,9.241276,3.441145,0.001438
31.684219,41.713659,27.887206,1173.706816,-1.974258,67.886830,9.247256,3.442499,0.000457
31.690076,41.732902,27.828199,1169.043161,-1.983315,67.902777,9.251876,3.443706,0.000015
31.696138,41.751068,27.767271,1164.377576,-1.991300,67.917762,9.256802,3.446203,-0.000523
31.700943,41.766082,27.706808,1159.712401,-2.000972,67.932668,9.262057,3.448337,-0.000493
31.707315,41.782659,27.646099,1155.047110,-2.008429,67.949445,9.266394,3.449390,-0.000297
31.713575,41.799366,27.586053,1150.381304,-2.016447,67.965271,9.270791,3.449739,-0.001416
31.719364,41.816120,27.523594,1145.715129,-2.025783,67.979916,9.274292,3.453391,-0.001445
31.727238,41.833632,27.463720,1141.049684,-2.034250,67.995201,9.275546,3.455056,-0.001546
31.734723,41.850410,27.402939,1136.385836,-2.042815,68.011693,9.279284,3.455342,-0.000872
31.741294,41.865589,27.340988,1131.721233,-2.053720,68.027489,9.281628,3.457565,-0.001103
31.746916,41.881670,27.279887,1127.058529,-2.064412,68.042208,9.284608,3.457749,-0.000855
31.752531,41.898132,27.219274,1122.394634,-2.074069,68.058172,9.286192,3.457819,-0.002170
31.756840,41.914020,27.159414,1117.731084,-2.083102,68.072702,9.289844,3.458773,-0.002846
31.763360,41.931132,27.101154,1113.071986,-2.093484,68.089982,9.292365,3.460547,-0.001491
31.768337,41.947086,27.040109,1108.412794,-2.102505,68.105075,9.294711,3.461465,0.000100
31.774986,41.963520,26.980254,1103.755669,-2.110685,68.122456,9.296421,3.460423,0.001403
31.780854,41.979375,26.919410,1099.100886,-2.120722,68.136828,9.296443,3.462563,0.000296
31.786658,41.995271,26.857110,1094.447620,-2.129055,68.152567,9.297673,3.464281,-0.000857
31.792202,42.010891,26.796799,1089.795131,-2.136505,68.167629,9.298023,3.462150,-0.000957
31.799105,42.026009,26.736872,1085.147505,-2.146350,68.181061,9.296503,3.462778,-0.001951
31.804214,42.043188,26.674292,1080.500818,-2.157700,68.197132,9.297712,3.462506,-0.000096
31.811514,42.058380,26.612125,1075.854697,-2.166729,68.212877,9.295819,3.461649,0.001041
31.815616,42.073080,26.552037,1071.213958,-2.177832,68.228171,9.295056,3.461141,0.000730
31.820443,42.091071,26.491204,1066.573954,-2.188051,68.243601,9.294665,3.459813,0.000906
31.825999,42.107542,26.430586,1061.938038,-2.198910,68.258641,9.293272,3.460221,-0.000432
31.831146,42.122543,26.369995,1057.304902,-2.209775,68.273315,9.292224,3.460194,0.000004
31.836411,42.137905,26.308410,1052.677005,-2.220935,68.288164,9.293308,3.460929,-0.000196
31.841535,42.153581,26.247685,1048.052759,-2.233501,68.302728,9.292157,3.460248,-0.001109
31.847027,42.169210,26.185028,1043.432578,-2.246483,68.316502,9.290486,3.460413,-0.000903
31.852023,42.183613,26.123460,1038.818577,-2.257190,68.330366,9.288093,3.459486,-0.001393
31.857043,42.197677,26.061035,1034.206473,-2.271927,68.344365,9.286559,3.458862,-0.002007
31.862269,42.211826,25.999532,1029.599857,-2.286111,68.359371,9.284725,3.457082,-0.002462
31.869036,42.227354,25.937802,1024.998881,-2.299831,68.373472,9.281592,3.457716,-0.000567
31.873310,42.241691,25.875771,1020.403006,-2.313015,68.387849,9.278171,3.456873,0.000241
31.876821,42.257385,25.814650,1015.811815,-2.327806,68.400586,9.274255,3.456023,-0.000411
31.879862,42.272917,25.751267,1011.227556,-2.345322,68.414312,9.271699,3.454585,-0.000317
31.886858,42.287259,25.688830,1006.649249,-2.361061,68.429948,9.267435,3.455812,-0.002544
31.891430,42.303643,25.626017,1002.076813,-2.376386,68.444596,9.263623,3.453316,-0.001158
31.897482,42.320439,25.565985,997.510741,-2.394765,68.458608,9.260366,3.452521,-0.000974
0.047505,0.048703,53.397785,4865.683534,-0.517482,44.998641,4.394413,1.638820,-0.001276
0.094026,0.095444,53.332225,4863.349790,-0.536523,45.000493,4.430626,1.652449,-0.001489
0.139808,0.140742,53.262283,4861.000456,-0.554023,45.000313,4.471244,1.667421,-0.001705
0.184684,0.185911,53.189352,4858.631783,-0.570793,45.000025,4.512460,1.684589,-0.002614
0.229834,0.231094,53.114947,4856.244118,-0.589402,44.998719,4.555645,1.699658,-0.003440
0.276002,0.277525,53.038608,4853.838802,-0.604925,44.997865,4.599694,1.717142,-0.003030
0.321632,0.323684,52.960268,4851.410941,-0.619930,44.998481,4.645565,1.733689,-0.002209
0.365671,0.368246,52.879226,4848.959933,-0.635350,44.998010,4.693593,1.752230,-0.000660
0.411262,0.414890,52.797406,4846.485988,-0.648612,44.999801,4.743473,1.770816,0.000472
0.457717,0.460268,52.714105,4843.987653,-0.660920,45.002604,4.794861,1.786769,0.002223
0.505263,0.506154,52.629765,4841.463083,-0.672300,45.003330,4.846924,1.805752,-0.000197
0.550598,0.552019,52.542952,4838.912313,-0.682402,45.004292,4.900776,1.826300,0.001864
0.597134,0.597170,52.454999,4836.332434,-0.694005,45.004386,4.958149,1.847854,0.000335
0.641562,0.642002,52.365641,4833.723696,-0.704130,45.004743,5.013658,1.869085,-0.000836
0.689951,0.688455,52.276988,4831.083945,-0.712229,45.004230,5.072842,1.891137,-0.000674
0.736067,0.731709,52.186737,4828.415576,-0.719652,45.005323,5.134288,1.912698,-0.001774
0.779483,0.777744,52.095028,4825.714746,-0.725981,45.009034,5.195084,1.935794,-0.001291
0.825274,0.821739,52.003132,4822.980041,-0.728517,45.008993,5.258301,1.958741,-0.001027
0.870206,0.868555,51.908603,4820.210076,-0.733859,45.010875,5.321698,1.981934,-0.000274
0.917043,0.914757,51.815485,4817.409418,-0.738054,45.009463,5.386145,2.004393,-0.000168
0.963097,0.961103,51.723098,4814.572906,-0.739988,45.011075,5.451064,2.028627,-0.000665
1.009133,1.006001,51.628505,4811.701988,-0.759480,44.957365,5.518893,2.055975,-33.999739
1.054556,1.051529,51.528746,4808.798130,-0.779055,44.903650,5.588947,2.080241,-33.999549
1.100190,1.096274,51.430333,4805.858046,-0.797052,44.849591,5.659850,2.106418,-34.000560
1.145235,1.141582,51.329949,4802.881288,-0.813502,44.793118,5.732332,2.132447,-34.001619
1.188681,1.185065,51.226802,4799.865682,-0.827303,44.736283,5.809953,2.162394,-33.998958
1.233421,1.230028,51.121045,4796.812434,-0.840569,44.678305,5.886143,2.192531,-33.997289
1.278971,1.273981,51.014214,4793.718459,-0.853188,44.620430,5.967546,2.222562,-33.997625
1.323856,1.319376,50.906832,4790.579682,-0.863960,44.560116,6.048662,2.253557,-33.998725
1.368909,1.365280,50.797318,4787.397173,-0.873107,44.500126,6.133634,2.285025,-33.999382
1.413465,1.408693,50.685474,4784.168390,-0.882259,44.441003,6.221002,2.317264,-34.000661
1.458890,1.455383,50.574321,4780.891087,-0.890946,44.380887,6.310883,2.351508,-34.000367
1.505519,1.501230,50.462980,4777.565710,-0.898491,44.315697,6.401017,2.384790,-34.000310
1.553185,1.546775,50.349050,4774.190671,-0.902350,44.252442,6.494532,2.419132,-34.001115
1.600488,1.592017,50.238389,4770.763477,-0.907169,44.189209,6.587115,2.454730,-34.000745
1.648469,1.637411,50.124830,4767.283702,-0.909008,44.122878,6.682689,2.490444,-34.000420
1.694408,1.681506,50.011653,4763.751227,-0.909935,44.058321,6.779317,2.526343,-34.001350
1.739416,1.726714,49.898986,4760.163749,-0.911286,43.990732,6.878248,2.563338,-33.998859
1.782883,1.771215,49.784222,4756.522250,-0.909226,43.923136,6.977244,2.600625,-33.998851
1.828760,1.813405,49.670443,4752.822845,-0.905788,43.854956,7.078187,2.638288,-34.000107
1.875052,1.858171,49.556050,4749.067261,-0.903295,43.784986,7.179003,2.677298,-34.001385
1.918989,1.902406,49.444113,4745.252820,-0.896385,43.712997,7.278376,2.714433,-34.001261
1.965258,1.946201,49.334668,4741.380406,-0.890067,43.640692,7.381625,2.752341,-34.001887
2.012333,1.991748,49.226037,4737.447461,-0.882908,43.567646,7.484156,2.789696,-34.000730
2.057577,2.036009,49.116881,4733.455674,-0.872119,43.493686,7.587105,2.828292,-33.999976
2.103229,2.079293,49.011171,4729.402226,-0.861115,43.420409,7.689090,2.864596,-33.997941
2.148703,2.123050,48.906082,4725.290579,-0.848475,43.344116,7.790165,2.901699,-33.998343
2.197017,2.165420,48.804168,4721.119196,-0.834969,43.265932,7.889139,2.938655,-33.999173
2.243656,2.207513,48.701510,4716.888772,-0.819645,43.187715,7.989970,2.977455,-33.999607
2.291368,2.251438,48.602934,4712.599406,-0.802228,43.107064,8.086876,3.014499,-33.999903
2.336354,2.295215,48.504290,4708.251885,-0.785055,43.026241,8.183814,3.050852,-33.999878
2.382532,2.337238,48.408745,4703.845238,-0.766846,42.944252,8.279193,3.086313,-34.000100
2.429172,2.380727,48.318914,4699.380565,-0.744866,42.861610,8.370183,3.120530,-33.999309
2.473258,2.423862,48.228127,4694.860342,-0.721667,42.778410,8.461383,3.154716,-33.999932
2.518214,2.466814,48.141095,4690.284713,-0.697076,42.693830,8.547300,3.186810,-33.999340
2.564069,2.510911,48.057954,4685.654894,-0.671509,42.607894,8.630662,3.217577,-34.000555
2.610384,2.553282,47.976788,4680.973819,-0.645022,42.522848,8.710060,3.246059,-34.000611
2.658659,2.596298,47.899096,4676.240315,-0.617888,42.435029,8.787677,3.275657,-34.001104
2.705522,2.636382,47.825688,4671.459336,-0.591020,42.345391,8.861527,3.303318,-34.000871
2.749936,2.678183,47.754078,4666.630488,-0.563459,42.255842,8.930465,3.330142,-33.999915
2.797033,2.719840,47.688593,4661.756569,-0.533540,42.166001,8.994453,3.352306,-34.000056
2.844086,2.761361,47.624956,4656.840473,-0.500428,42.074874,9.057097,3.374482,-33.999938
2.889694,2.802683,47.566253,4651.882163,-0.469840,41.987332,9.116444,3.395352,-34.001190
2.935962,2.846327,47.508553,4646.886188,-0.437876,41.896460,9.167227,3.414731,-34.001710
2.982029,2.888148,47.456184,4641.854773,-0.405939,41.803426,9.212828,3.430293,-34.002704
3.029506,2.929960,47.409678,4636.791786,-0.371694,41.710929,9.253330,3.445496,-34.001938
3.077177,2.972731,47.367057,4631.700160,-0.339173,41.616296,9.289483,3.458595,-34.000748
3.122824,3.012764,47.326861,4626.579966,-0.303142,41.522769,9.321234,3.469883,-34.000604
3.168463,3.055855,47.291064,4621.435554,-0.269905,41.428427,9.346858,3.477611,-34.001652
3.215224,3.096207,47.262513,4616.268031,-0.235070,41.335255,9.365458,3.485068,-34.000161
3.262345,3.135904,47.237733,4611.085834,-0.200940,41.241533,9.379558,3.489372,-34.000831
3.308749,3.175825,47.216940,4605.887648,-0.166286,41.144180,9.388568,3.493993,-34.001701
3.354738,3.215497,47.199779,4600.679501,-0.133506,41.050874,9.389933,3.494740,-34.000625
3.401136,3.255599,47.186262,4595.460303,-0.097355,40.955191,9.387257,3.493247,-34.000771
3.447131,3.295037,47.176336,4590.237584,-0.062466,40.859192,9.380504,3.490170,-34.001521
3.495326,3.336242,47.172165,4585.009216,-0.028500,40.763351,9.366410,3.485681,-34.001008
3.539694,3.375210,47.171944,4579.783003,0.005476,40.668745,9.348251,3.478746,-34.002316
3.585474,3.414836,47.172977,4574.561463,0.037843,40.573798,9.323361,3.471249,-34.002343
3.631804,3.454238,47.177498,4569.346265,0.070673,40.479812,9.292076,3.460419,-34.002040
3.681365,3.493445,47.186467,4564.140706,0.101573,40.387110,9.257748,3.447171,-34.001729
3.724375,3.532336,47.202256,4558.946110,0.130740,40.292642,9.218028,3.433537,-34.001238
3.770515,3.571160,47.219133,4553.768840,0.161856,40.198066,9.176252,3.415765,-34.002014
3.817581,3.611692,47.238373,4548.610308,0.190097,40.103756,9.126094,3.397143,-34.002208
3.862787,3.651691,47.262768,4543.471921,0.219158,40.011036,9.074490,3.377259,-34.002658
3.911180,3.690622,47.290599,4538.355435,0.246039,39.919095,9.017933,3.357820,-34.002409
3.958312,3.731635,47.322951,4533.265573,0.273784,39.826451,8.959541,3.334551,-34.002129
4.003516,3.770580,47.356065,4528.202202,0.299450,39.735274,8.896481,3.311580,-34.001630
4.050930,3.808828,47.394174,4523.169805,0.324488,39.645340,8.829906,3.287348,-34.001340
4.097426,3.846922,47.435543,4518.170719,0.348092,39.556003,8.761379,3.261843,-33.999703
4.143600,3.885302,47.478545,4513.204644,0.369091,39.467860,8.689575,3.235773,-33.998104
4.189079,3.924847,47.523194,4508.274905,0.390151,39.378106,8.615784,3.208667,-33.997722
4.235193,3.963211,47.571793,4503.379722,0.409510,39.290405,8.538458,3.182009,-33.998113
4.282784,4.002167,47.620037,4498.524041,0.426906,39.202616,8.461138,3.152143,-33.997680
4.329849,4.039618,47.672154,4493.706463,0.443741,39.115302,8.379817,3.123875,-33.997863
4.376854,4.077826,47.725438,4488.930722,0.458687,39.029053,8.300673,3.094212,-33.999593
4.425100,4.117319,47.782011,4484.194320,0.472463,38.945777,8.219236,3.063721,-33.999395
4.472682,4.154352,47.837886,4479.500304,0.486010,38.861503,8.138525,3.033044,-33.999171
4.518974,4.193258,47.896277,4474.850478,0.498417,38.777904,8.055864,3.002056,-34.000050
4.565228,4.229914,47.956176,4470.242863,0.509056,38.693352,7.973326,2.970154,-33.999671
4.610026,4.267710,48.015710,4465.679710,0.516228,38.613246,7.890535,2.937750,-34.001029
4.656184,4.304189,48.076818,4461.160482,0.522775,38.534391,7.809077,2.905911,-34.001072
4.703067,4.341002,48.137789,4456.686895,0.527610,38.455112,7.726474,2.873894,-33.999837
4.751327,4.378924,48.200184,4452.260364,0.530923,38.376496,7.644509,2.841664,-34.000522
4.798282,4.416259,48.262993,4447.877079,0.531785,38.298947,7.563420,2.811777,-34.000187
4.846300,4.453098,48.323659,4443.539208,0.531970,38.219864,7.483066,2.782128,-33.999990
4.893262,4.488612,48.386938,4439.245801,0.531101,38.143977,7.403841,2.751516,-34.002281
4.938274,4.523771,48.449993,4434.996600,0.530186,38.067632,7.325902,2.723687,-34.002380
4.986403,4.561961,48.511440,4430.790686,0.526753,37.991201,7.250217,2.696867,-34.003542
5.032175,4.599132,48.571195,4426.628346,0.521535,37.917940,7.175434,2.669685,-34.003722
5.078476,4.635697,48.631420,4422.508194,0.514857,37.847314,7.100290,2.641889,-34.003522
5.126963,4.672046,48.689167,4418.431241,0.506298,37.774633,7.028159,2.615597,-34.004915
5.175188,4.707143,48.747480,4414.398258,0.497243,37.701568,6.958728,2.588504,-34.005100
5.221092,4.744101,48.805928,4410.406142,0.488236,37.630910,6.889028,2.564640,-34.003903
5.266665,4.779502,48.862654,4406.451588,0.477804,37.560039,6.821761,2.543007,-34.003920
5.312381,4.814646,48.918246,4402.537845,0.466255,37.489221,6.758143,2.519266,-34.005276
5.358053,4.849972,48.971708,4398.663460,0.451977,37.419614,6.696342,2.494867,-34.003555
5.405314,4.887304,49.024441,4394.826219,0.437498,37.351025,6.635537,2.472849,-34.002230
5.452177,4.923149,49.072094,4391.025813,0.421045,37.283626,6.577496,2.450667,-34.003834
5.498403,4.959870,49.118574,4387.260745,0.404169,37.218512,6.523292,2.429071,-34.003669
5.545565,4.994499,49.164694,4383.527510,0.386694,37.151398,6.470638,2.410115,-34.002783
5.592036,5.028589,49.208517,4379.829915,0.369411,37.084339,6.418735,2.390485,-34.003052
5.637908,5.063517,49.249196,4376.164899,0.350627,37.019484,6.370882,2.371937,-34.002825
5.686071,5.098350,49.288600,4372.532714,0.328856,36.953085,6.324909,2.355901,-34.002021
5.733644,5.136195,49.324143,4368.928822,0.309462,36.888414,6.280748,2.341126,-33.999712
5.779351,5.171275,49.358451,4365.354129,0.286816,36.826509,6.239126,2.326024,-33.999527
5.826463,5.207537,49.391064,4361.807383,0.263269,36.763103,6.201877,2.310339,-33.999417
5.873776,5.242687,49.420349,4358.285885,0.238714,36.700747,6.168616,2.297518,-34.000643
5.919627,5.276854,49.447734,4354.791164,0.215315,36.637842,6.136604,2.287739,-34.000793
5.965895,5.312398,49.470332,4351.318563,0.191502,36.576095,6.106831,2.275411,-34.000177
6.013829,5.349656,49.489442,4347.865450,0.164115,36.513462,6.080156,2.264054,-33.998547
6.061123,5.386280,49.506535,4344.436516,0.137027,36.450481,6.056122,2.255576,-33.997876
6.107941,5.419842,49.521938,4341.025639,0.111504,36.388404,6.034433,2.248175,-33.997077
6.153002,5.452970,49.533960,4337.632930,0.081862,36.327272,6.014698,2.241181,-33.996070
6.200239,5.488027,49.543789,4334.259777,0.053510,36.265972,5.998567,2.235016,-33.996052
6.247673,5.522488,49.549268,4330.899143,0.026338,36.206618,5.986927,2.229471,-33.994384
6.294062,5.556452,49.550243,4327.555350,-0.003039,36.144907,5.976057,2.227095,-33.997125
6.339943,5.590302,49.547329,4324.223400,-0.031245,36.084471,5.968197,2.222928,-33.995624
6.386246,5.625836,49.542953,4320.902004,-0.058253,36.022920,5.962919,2.221757,-33.994067
6.433305,5.658703,49.535133,4317.589790,-0.088045,35.962040,5.959887,2.219911,-33.994226
6.479292,5.692469,49.524581,4314.285191,-0.114658,35.899573,5.959528,2.221336,-33.995237
6.525725,5.725609,49.509599,4310.987348,-0.144662,35.837615,5.961679,2.222847,-33.995833
6.573165,5.760487,49.491594,4307.694286,-0.173318,35.775811,5.965738,2.226284,-33.997880
6.619643,5.794424,49.469166,4304.403388,-0.202088,35.714289,5.974495,2.228811,-33.999550
6.667150,5.829359,49.443992,4301.116822,-0.230982,35.654554,5.987630,2.234107,-33.998160
6.713860,5.863513,49.417285,4297.829324,-0.260858,35.591463,6.004309,2.240493,-33.999465
6.759790,5.896568,49.385514,4294.541864,-0.289307,35.527836,6.020930,2.245685,-33.999745
6.807134,5.930105,49.350985,4291.251562,-0.317696,35.464379,6.041057,2.252540,-33.999622
6.855359,5.961114,49.314366,4287.956620,-0.346193,35.401317,6.061732,2.259987,-33.998348
6.901772,5.995162,49.274116,4284.655568,-0.376369,35.337565,6.086692,2.269254,-33.998349
6.950094,6.028624,49.230552,4281.346946,-0.404743,35.274301,6.114462,2.279995,-33.998143
6.996217,6.059391,49.184430,4278.026952,-0.432971,35.212999,6.145629,2.290005,-33.999236
7.043092,6.093510,49.134936,4274.697680,-0.458948,35.150190,6.177748,2.303601,-33.998151
7.090976,6.125667,49.082140,4271.355578,-0.484677,35.087448,6.213096,2.315563,-33.999753
7.135597,6.158690,49.025156,4268.000103,-0.510694,35.021467,6.251391,2.329740,-34.001945
7.183041,6.191224,48.966469,4264.626593,-0.533931,34.954869,6.294223,2.345270,-34.000560
7.229974,6.226167,48.906210,4261.236414,-0.560068,34.889945,6.338513,2.362486,-34.000691
7.274159,6.258507,48.841530,4257.825622,-0.585623,34.823746,6.385373,2.378980,-34.001567
7.320957,6.290732,48.774029,4254.393356,-0.611345,34.756206,6.434332,2.398188,-34.003323
7.368481,6.321854,48.703909,4250.938756,-0.635978,34.688717,6.489503,2.416335,-34.003713
7.415578,6.353616,48.632255,4247.461540,-0.659671,34.621376,6.545843,2.436509,-34.002179
7.462898,6.386920,48.559015,4243.961279,-0.680640,34.551679,6.604097,2.457679,-34.000696
7.509596,6.420222,48.483152,4240.431135,-0.699949,34.483694,6.662427,2.480798,-33.999605
7.555501,6.451680,48.404764,4236.870967,-0.720438,34.413421,6.726662,2.501495,-34.000701
7.600784,6.485086,48.325034,4233.280126,-0.735688,34.344009,6.790646,2.526579,-34.002095
7.647755,6.517423,48.241893,4229.656938,-0.752830,34.273284,6.858664,2.552765,-34.000255
7.696500,6.548936,48.157960,4225.999060,-0.769449,34.200629,6.928734,2.581599,-34.002679
7.742470,6.579981,48.073903,4222.306083,-0.787719,34.127530,7.000308,2.607545,-34.003133
7.790083,6.612214,47.985918,4218.576465,-0.803587,34.054595,7.075460,2.632287,-34.004341
7.835471,6.645470,47.897331,4214.808056,-0.817437,33.979800,7.150378,2.660358,-34.005502
7.880836,6.677665,47.806472,4211.000121,-0.830241,33.904435,7.227814,2.688930,-34.005573
7.929032,6.707887,47.715132,4207.150393,-0.842399,33.828521,7.307838,2.718707,-34.004143
7.977018,6.738912,47.622861,4203.256206,-0.826594,33.834094,7.388777,2.749184,-0.002174
8.024756,6.773075,47.532842,4199.312013,-0.809440,33.841842,7.469353,2.779700,-0.003270
8.072560,6.805992,47.445646,4195.316301,-0.791410,33.849201,7.547933,2.810411,-0.001341
8.122062,6.837583,47.360807,4191.274082,-0.769495,33.856201,7.623815,2.839307,-0.000045
8.168838,6.866543,47.277482,4187.184565,-0.747951,33.862932,7.698302,2.869256,0.000472
8.216084,6.898920,47.197997,4183.049685,-0.725036,33.868246,7.770084,2.895379,0.000659
8.262021,6.930791,47.120171,4178.868210,-0.700106,33.875544,7.840448,2.921502,-0.000672
8.308448,6.963456,47.044027,4174.640540,-0.674192,33.882287,7.906684,2.946386,0.000424
8.356071,6.995897,46.970825,4170.372096,-0.647561,33.888200,7.970739,2.970569,-0.000486
8.401799,7.027739,46.900399,4166.060280,-0.619744,33.894068,8.031971,2.992670,-0.000594
8.448911,7.056328,46.834520,4161.708676,-0.589238,33.898554,8.088840,3.013672,0.000323
8.495158,7.089341,46.772323,4157.316767,-0.558162,33.905064,8.142758,3.034611,-0.000870
8.540362,7.120315,46.714805,4152.888200,-0.526708,33.912826,8.194062,3.053145,0.000524
8.586229,7.151321,46.659588,4148.426650,-0.493896,33.919872,8.240522,3.069964,0.000330
8.630903,7.183501,46.607475,4143.930065,-0.462216,33.924590,8.282570,3.084439,0.000974
8.678227,7.214812,46.558339,4139.403362,-0.429463,33.931332,8.320725,3.097937,0.000991
8.722816,7.246568,46.516357,4134.847215,-0.394865,33.938804,8.354587,3.110113,0.001161
8.769165,7.277519,46.475125,4130.267042,-0.360128,33.943127,8.385557,3.119389,0.000909
8.815237,7.307895,46.436902,4125.661352,-0.323890,33.950547,8.409379,3.128339,0.002660
8.858769,7.339157,46.403050,4121.036393,-0.287349,33.959166,8.430108,3.135756,0.003002
8.904598,7.370302,46.375210,4116.389744,-0.250829,33.966077,8.446969,3.141444,0.003579
8.951263,7.399823,46.350227,4111.727467,-0.213808,33.972819,8.456485,3.145950,0.004546
8.998501,7.429981,46.330265,4107.049998,-0.177956,33.979952,8.462923,3.148994,0.004133
9.042889,7.461227,46.313600,4102.361679,-0.142268,33.988395,8.463005,3.150142,0.002891
9.089063,7.494636,46.300463,4097.663802,-0.107061,33.995291,8.459790,3.148666,0.002831
9.133512,7.525802,46.290592,4092.961622,-0.070429,34.001093,8.450537,3.145738,0.002067
9.179588,7.555208,46.286788,4088.258672,-0.034629,34.007285,8.437295,3.143041,0.002686
9.225218,7.586106,46.283960,4083.553261,0.001426,34.015919,8.419340,3.136919,0.003191
9.269012,7.618411,46.287200,4078.849972,0.038167,34.023000,8.397286,3.129519,0.001614
9.313588,7.650413,46.293677,4074.152189,0.072180,34.031179,8.369850,3.119526,0.002149
9.359128,7.683775,46.301821,4069.460386,0.106394,34.038159,8.341608,3.108060,0.000473
9.404796,7.714432,46.316420,4064.779284,0.139297,34.045699,8.305514,3.095516,-0.000232
9.448646,7.747098,46.332054,4060.109702,0.169744,34.052973,8.269025,3.080281,0.000235
9.493752,7.778296,46.351865,4055.454072,0.199616,34.061182,8.226813,3.066931,0.001725
9.539457,7.809838,46.374998,4050.815416,0.229898,34.067852,8.180739,3.049006,0.001190
9.584462,7.840692,46.400313,4046.198938,0.259174,34.074598,8.131651,3.029569,0.002169
9.628357,7.872797,46.427772,4041.598732,0.287075,34.080972,8.079906,3.010154,0.001008
9.672860,7.903537,46.460844,4037.022396,0.312559,34.089418,8.025851,2.991206,0.001293
9.718060,7.934382,46.494957,4032.469811,0.337976,34.097569,7.968793,2.970400,-0.000166
9.761559,7.963026,46.532678,4027.943401,0.362153,34.105887,7.910721,2.949144,-0.001130
9.806933,7.991753,46.573694,4023.445484,0.384285,34.113277,7.850674,2.924669,0.001011
9.851144,8.022558,46.615910,4018.977030,0.404276,34.121611,7.786015,2.898821,0.002807
9.896878,8.052727,46.660587,4014.537863,0.424963,34.130701,7.721891,2.874380,0.001781
9.942780,8.081512,46.705530,4010.130777,0.441888,34.137446,7.655914,2.850265,0.000605
9.988149,8.111055,46.751769,4005.756800,0.460123,34.141736,7.588818,2.823396,0.002135
10.031643,8.141422,46.798669,4001.417922,0.475848,34.149432,7.520297,2.797404,0.002472
10.076414,8.174149,46.849675,3997.114909,0.489589,34.157723,7.451998,2.771941,0.002907
10.121146,8.203817,46.902111,3992.845501,0.501350,34.165553,7.381377,2.746503,0.002475
10.165083,8.235096,46.954814,3988.615276,0.512580,34.173018,7.310167,2.720940,0.002514
10.209542,8.265180,47.007942,3984.418156,0.519512,34.180283,7.240170,2.694736,0.002012
10.253028,8.296524,47.062196,3980.261283,0.526365,34.187624,7.171253,2.668294,0.001280
10.296967,8.326705,47.117998,3976.140221,0.531768,34.195842,7.100980,2.643851,0.000934
10.340178,8.356851,47.174401,3972.056187,0.536208,34.202807,7.031588,2.618650,0.002452
10.383349,8.387282,47.231664,3968.012992,0.537413,34.208759,6.962563,2.594023,0.002227
10.427401,8.417730,47.285842,3964.007615,0.537135,34.215019,6.894799,2.569142,-0.000261
10.470423,8.447327,47.341813,3960.040771,0.538149,34.224347,6.828156,2.542866,0.000993
10.514817,8.477590,47.396316,3956.110427,0.535010,34.231235,6.762188,2.518680,-0.000294
10.559281,8.509217,47.450998,3952.217829,0.532147,34.238247,6.696351,2.494163,0.000079
10.602345,8.537365,47.506918,3948.361777,0.527026,34.246914,6.632097,2.470492,0.000072
10.646249,8.568846,47.560765,3944.543821,0.518991,34.254392,6.567561,2.447344,-0.000703
10.690606,8.599457,47.613589,3940.761718,0.509532,34.262120,6.507997,2.425349,-0.002771
10.734015,8.628548,47.667186,3937.016633,0.499603,34.269492,6.449758,2.404269,-0.001638
10.777211,8.658643,47.714865,3933.305162,0.487757,34.276728,6.391639,2.382615,-0.002194
10.818908,8.687402,47.763716,3929.629110,0.476155,34.284517,6.335494,2.360435,-0.002642
10.863149,8.717493,47.811342,3925.987177,0.462592,34.292162,6.281576,2.339651,-0.002030
10.906910,8.750082,47.857177,3922.379475,0.446217,34.301969,6.229789,2.318746,-0.001417
10.952437,8.780565,47.901950,3918.804247,0.428077,34.310587,6.178886,2.300143,-0.001309
10.997902,8.812218,47.945172,3915.260254,0.409683,34.319419,6.131606,2.282090,-0.002362
11.041669,8.844766,47.984820,3911.749110,0.390326,34.329270,6.083812,2.265049,-0.002341
11.086766,8.874419,48.024075,3908.267626,0.369931,34.337344,6.040133,2.248290,-0.000706
11.127853,8.903792,48.062001,3904.815594,0.349587,34.346479,5.998368,2.232711,-0.001587
11.170697,8.933255,48.097350,3901.390427,0.327591,34.355442,5.958401,2.217422,-0.001275
11.213440,8.963840,48.130266,3897.993621,0.305189,34.362297,5.920785,2.204425,0.000062
11.256537,8.993149,48.160401,3894.622744,0.281656,34.367998,5.886296,2.189689,0.000736
11.299101,9.021138,48.187851,3891.276309,0.256217,34.375715,5.854439,2.177816,0.000539
11.341437,9.051322,48.212458,3887.955676,0.230460,34.382991,5.822848,2.165541,-0.000190
11.382565,9.081119,48.234156,3884.653720,0.201740,34.392192,5.794602,2.155651,-0.000556
11.426466,9.109383,48.251951,3881.375715,0.175108,34.400075,5.769602,2.147606,-0.000223
11.467994,9.139114,48.268407,3878.117330,0.147672,34.409497,5.745684,2.137696,0.000971
11.512518,9.169739,48.282130,3874.879213,0.117748,34.417658,5.724203,2.130096,-0.000459
11.555048,9.198319,48.291111,3871.658600,0.088849,34.424693,5.706895,2.124931,-0.000473
11.597351,9.227474,48.299525,3868.456169,0.060375,34.434613,5.693064,2.118750,0.000482
11.640590,9.256418,48.300905,3865.268215,0.030566,34.441700,5.678897,2.113861,0.000232
11.683123,9.286833,48.301893,3862.095825,0.001310,34.452582,5.669427,2.110776,0.000272
11.723775,9.318708,48.301871,3858.933817,-0.029226,34.461456,5.660147,2.108441,0.000096
11.766206,9.349480,48.297962,3855.782616,-0.060101,34.471977,5.653841,2.107423,-0.001323
11.808126,9.377889,48.291210,3852.644287,-0.089697,34.478857,5.651836,2.106407,-0.000840
11.852238,9.406938,48.280180,3849.514849,-0.121154,34.486028,5.650586,2.105421,-0.000604
11.895394,9.439110,48.265670,3846.392236,-0.153836,34.494994,5.652030,2.107115,-0.002256
11.937896,9.467751,48.247582,3843.274636,-0.183641,34.504655,5.656564,2.108715,-0.001996
11.979208,9.498290,48.227128,3840.162679,-0.215967,34.513229,5.663841,2.111081,-0.002171
12.024856,9.528781,48.204642,3837.053973,-0.247536,34.522027,5.675408,2.115633,-0.002134
12.066845,9.557032,48.175072,3833.946798,-0.278938,34.532191,5.686374,2.121874,-0.001302
12.110239,9.587480,48.146229,3830.841848,-0.309681,34.541928,5.700503,2.126733,-0.001687
12.152471,9.617981,48.114012,3827.734891,-0.340123,34.551338,5.718619,2.133588,-0.002592
12.195098,9.646179,48.077768,3824.625170,-0.369970,34.558795,5.737005,2.141015,-0.002272
12.235230,9.675656,48.037857,3821.510754,-0.399770,34.566627,5.760542,2.149878,-0.001572
12.277445,9.706162,47.996448,3818.390401,-0.431321,34.576066,5.784322,2.158392,-0.002554
12.319868,9.736735,47.951739,3815.261209,-0.461620,34.585970,5.810187,2.167554,-0.002321
12.361803,9.765608,47.904884,3812.124342,-0.490033,34.594295,5.838803,2.176887,-0.002915
12.402201,9.793861,47.854602,3808.979049,-0.517212,34.601532,5.869326,2.187370,-0.003177
12.445161,9.823488,47.801866,3805.823122,-0.544686,34.611702,5.903288,2.197675,-0.003651
12.485781,9.855158,47.745988,3802.654159,-0.570398,34.620869,5.942017,2.210681,-0.004322
12.528081,9.885612,47.686152,3799.469860,-0.597430,34.630641,5.981868,2.228453,-0.003756
12.569282,9.915600,47.624593,3796.271442,-0.622015,34.638604,6.023555,2.244719,-0.004102
12.611951,9.944551,47.561904,3793.053682,-0.645153,34.649692,6.067996,2.261484,-0.003519
12.654498,9.974974,47.497257,3789.817874,-0.669583,34.658811,6.113017,2.278154,-0.002633
12.697430,10.005002,47.428891,3786.561967,-0.693012,34.670710,6.163233,2.297407,-0.002278
12.738501,10.034875,47.358593,3783.284624,-0.715937,34.679189,6.212076,2.315281,-0.001463
12.777946,10.063440,47.287064,3779.984467,-0.735971,34.687722,6.262861,2.333782,-0.000463
12.819135,10.092101,47.212716,3776.660257,-0.754966,34.696702,6.317282,2.354862,0.001364
12.860426,10.121398,47.137448,3773.308522,-0.773321,34.705805,6.372091,2.377330,0.001559
12.901058,10.149579,47.061297,3769.928489,-0.792549,34.715468,6.432326,2.399664,0.000477
12.942741,10.179513,46.983781,3766.517336,-0.808436,34.723565,6.491532,2.421857,0.000136
12.983590,10.209994,46.904396,3763.079612,-0.822059,34.734018,6.552804,2.445004,0.000800
13.024871,10.240189,46.821779,3759.609128,-0.837835,34.743686,6.615423,2.469604,-0.001119
13.064568,10.269520,46.739515,3756.106002,-0.849272,34.753567,6.681257,2.492795,0.001697
13.105585,10.300110,46.655358,3752.569067,-0.862947,34.764204,6.747895,2.517478,0.002763
13.147548,10.328107,46.570550,3748.996323,-0.877438,34.810192,6.817209,2.543847,13.002150
13.187253,10.356629,46.486455,3745.390529,-0.887187,34.854815,6.886446,2.570409,13.002388
13.227527,10.385295,46.399647,3741.748144,-0.896733,34.899265,6.957031,2.594556,13.002366
13.269842,10.414058,46.310164,3738.065427,-0.904086,34.946107,7.029089,2.621688,13.002394
13.311695,10.443110,46.220663,3734.346229,-0.911743,34.992093,7.104223,2.647583,13.000788
13.350758,10.474143,46.132898,3730.587027,-0.917283,35.036593,7.178617,2.673997,13.001675
13.393406,10.503001,46.042295,3726.785689,-0.921786,35.084109,7.255750,2.702695,13.003574
13.436345,10.533021,45.952467,3722.941270,-0.925280,35.133342,7.330430,2.730514,13.001301
13.477947,10.562628,45.862499,3719.054559,-0.925934,35.181456,7.407314,2.760560,12.999222
13.517562,10.590214,45.772998,3715.124217,-0.924864,35.229340,7.485881,2.791255,13.001034
13.557115,10.621872,45.684397,3711.149532,-0.922206,35.278102,7.564037,2.820703,13.002574
13.597151,10.650274,45.595666,3707.130237,-0.916715,35.328110,7.641722,2.849738,13.001242
13.637254,10.679895,45.507470,3703.065553,-0.910422,35.377185,7.720580,2.878963,12.999987
13.678323,10.707872,45.420674,3698.955674,-0.902691,35.428584,7.800082,2.908044,12.999421
13.714628,10.738205,45.334114,3694.799129,-0.893024,35.478787,7.879045,2.938515,12.998645
13.757630,10.766848,45.247812,3690.597926,-0.881721,35.530870,7.957732,2.965848,12.998531
13.800248,10.798416,45.162399,3686.350390,-0.870405,35.583789,8.034687,2.994619,12.999461
13.841779,10.827560,45.077811,3682.056610,-0.857195,35.636766,8.111320,3.023863,13.000352
13.882496,10.857365,44.997329,3677.718815,-0.843076,35.690158,8.187182,3.050407,12.999625
13.922631,10.887460,44.917872,3673.334049,-0.824408,35.743206,8.260505,3.077160,13.000775
13.961352,10.914902,44.840437,3668.905253,-0.805192,35.798015,8.331637,3.103874,12.998960
14.001263,10.942863,44.764447,3664.430342,-0.784720,35.851971,8.400324,3.131265,12.999060
14.040654,10.973851,44.690855,3659.913953,-0.763490,35.905901,8.468566,3.155972,12.999773
14.080393,11.004525,44.617824,3655.353020,-0.740791,35.960512,8.532608,3.180155,13.000823
14.119518,11.035430,44.547655,3650.750690,-0.716918,36.016055,8.593134,3.204057,13.002278
14.158738,11.064359,44.481032,3646.110662,-0.689531,36.073091,8.653544,3.223978,13.001503
14.199390,11.093486,44.416924,3641.431474,-0.663874,36.130649,8.709890,3.244442,13.000770
14.237374,11.124280,44.354209,3636.714830,-0.636457,36.185613,8.763967,3.263417,13.002508
14.276433,11.154222,44.294368,3631.962200,-0.607960,36.242915,8.814803,3.282132,13.003135
14.316494,11.183308,44.236854,3627.174915,-0.576091,36.301285,8.861331,3.298634,13.002678
14.355648,11.213084,44.183774,3622.355670,-0.545243,36.359731,8.903667,3.315759,13.003063
14.394725,11.243470,44.134314,3617.505747,-0.510851,36.418239,8.942095,3.332285,13.002655
14.432828,11.273171,44.087826,3612.625904,-0.478110,36.475942,8.977380,3.345981,13.002028
14.472069,11.301214,44.044132,3607.719956,-0.444600,36.535086,9.005767,3.357431,13.000138
14.510848,11.330710,44.004158,3602.789669,-0.409820,36.592179,9.031464,3.368007,12.999775
14.553248,11.361896,43.968390,3597.836514,-0.375800,36.651821,9.053089,3.374920,13.000396
14.593030,11.391073,43.934510,3592.865554,-0.340257,36.711974,9.071237,3.381589,12.999896
14.631493,11.418947,43.902912,3587.875815,-0.304470,36.771982,9.083885,3.388467,12.999436
14.669605,11.450071,43.875640,3582.870594,-0.268239,36.832753,9.094781,3.390645,12.997154
14.708056,11.479960,43.852658,3577.852462,-0.232604,36.892095,9.100999,3.393529,12.996647
14.744868,11.506381,43.833493,3572.825220,-0.196722,36.952335,9.100337,3.392374,12.997254
14.784257,11.536079,43.818694,3567.788231,-0.160900,37.011690,9.096202,3.390141,12.998171
14.820612,11.566256,43.807234,3562.747011,-0.127677,37.072022,9.088123,3.386232,12.999080
14.859360,11.596020,43.796070,3557.703073,-0.092026,37.131972,9.075699,3.381759,12.999249
14.896341,11.625261,43.789528,3552.657457,-0.058113,37.193104,9.059631,3.376907,13.000195
14.934125,11.655301,43.785028,3547.614095,-0.025722,37.251640,9.037721,3.368349,13.000135
14.972779,11.685601,43.785465,3542.574943,0.007869,37.312730,9.012423,3.360327,13.000248
15.009962,11.714473,43.788899,3537.543477,0.040995,37.372125,8.983309,3.351126,12.999456
15.048063,11.743158,43.794381,3532.519842,0.072239,37.431290,8.951100,3.337115,12.997916
15.084779,11.773711,43.800356,3527.508384,0.102593,37.491652,8.915059,3.323343,12.997358
15.121859,11.803628,43.810950,3522.509215,0.132684,37.551244,8.873656,3.308282,12.994667
15.158609,11.833760,43.824588,3517.524355,0.161527,37.611287,8.831792,3.290755,12.993413
15.194599,11.862246,43.839486,3512.558902,0.188968,37.672181,8.786160,3.273707,12.994569
15.232419,11.892953,43.855467,3507.608639,0.215502,37.729706,8.736728,3.254944,12.995589
15.269005,11.923818,43.876382,3502.680598,0.240139,37.788221,8.687169,3.235901,12.998231
15.305858,11.954540,43.900577,3497.774887,0.264452,37.847390,8.634660,3.214944,12.997255
15.343917,11.985012,43.925539,3492.893377,0.287234,37.906988,8.579702,3.194366,12.997976
15.382405,12.016118,43.953127,3488.039244,0.306833,37.964798,8.522603,3.173911,12.997746
15.418997,12.046230,43.982909,3483.210343,0.325677,38.021238,8.465624,3.151012,12.999391
15.456836,12.075811,44.012915,3478.409342,0.345137,38.082502,8.405453,3.129061,12.999903
15.496110,12.106190,44.046158,3473.637731,0.362252,38.138699,8.345355,3.107891,13.001087
15.532466,12.136010,44.080128,3468.898158,0.375575,38.196264,8.283145,3.084755,13.000195
15.567918,12.167089,44.115332,3464.190672,0.388608,38.253404,8.220966,3.061124,13.001439
15.604433,12.196980,44.148987,3459.513412,0.399498,38.310744,8.158816,3.037877,13.001029
15.640878,12.224067,44.186546,3454.869748,0.410979,38.366344,8.094228,3.013481,13.001657
15.676196,12.255381,44.222910,3450.259857,0.418737,38.423202,8.028502,2.989202,13.002694
15.713151,12.287346,44.260232,3445.682526,0.424701,38.480135,7.966855,2.965887,13.002084
15.748609,12.317370,44.298834,3441.141677,0.430405,38.537313,7.901979,2.941466,13.002028
15.784989,12.348407,44.338332,3436.635784,0.433910,38.592279,7.839198,2.917968,13.001715
15.821800,12.376390,44.375403,3432.163002,0.435775,38.648602,7.778322,2.896933,13.000623
15.858904,12.406290,44.415578,3427.724764,0.435440,38.704895,7.714748,2.873991,13.001688
15.895919,12.437245,44.454132,3423.323729,0.432251,38.757712,7.653592,2.849085,13.002580
15.931797,12.466199,44.492347,3418.954209,0.429878,38.813801,7.591738,2.826081,13.002821
15.966593,12.493615,44.531951,3414.620448,0.423067,38.868438,7.531037,2.805427,13.001477
16.002794,12.524046,44.568585,3410.322053,0.417290,38.922429,7.472203,2.783654,13.001841
16.036255,12.554123,44.603147,3406.056706,0.409703,38.977329,7.413908,2.764021,13.002663
16.073035,12.585306,44.639372,3401.825868,0.399220,39.029898,7.359141,2.742840,13.001575
16.108516,12.614350,44.674998,3397.631012,0.387927,39.082565,7.303260,2.721964,13.001313
16.143773,12.645793,44.708130,3393.465333,0.374637,39.135753,7.248755,2.701404,13.003126
16.179211,12.674310,44.740259,3389.332608,0.361671,39.188461,7.197673,2.684490,13.004833
16.211545,12.705550,44.771697,3385.232703,0.345368,39.240125,7.147521,2.665728,13.006052
16.244793,12.734280,44.801241,3381.163918,0.329082,39.290722,7.099138,2.646889,13.004758
16.279161,12.764867,44.831225,3377.124389,0.311398,39.341296,7.054225,2.631668,13.004101
16.313224,12.794497,44.856845,3373.116649,0.291667,39.392156,7.010680,2.615407,13.003565
16.347403,12.824822,44.882849,3369.134533,0.271150,39.444979,6.971102,2.600324,13.003056
16.380074,12.855992,44.907110,3365.181476,0.248399,39.497292,6.933577,2.585096,13.002406
16.415740,12.886111,44.929720,3361.255367,0.227237,39.548550,6.896555,2.571756,13.001856
16.450307,12.916167,44.947730,3357.353494,0.204750,39.599836,6.862545,2.558467,13.002863
16.486191,12.944574,44.965640,3353.477138,0.179979,39.652138,6.829021,2.546633,13.002029
16.522892,12.974522,44.981226,3349.625035,0.154580,39.704103,6.797976,2.536489,13.002646
16.557905,13.003858,44.993353,3345.796549,0.127943,39.755724,6.771879,2.525172,13.001122
16.590578,13.033694,45.003697,3341.987479,0.101873,39.807736,6.747776,2.517338,13.001474
16.626711,13.062772,45.011673,3338.199183,0.074529,39.860143,6.725096,2.509081,13.001355
16.661383,13.092960,45.018125,3334.429663,0.048278,39.911452,6.706803,2.500353,13.002282
16.696637,13.125176,45.021613,3330.678241,0.020191,39.962818,6.686916,2.494563,13.003100
16.730899,13.154334,45.023044,3326.944617,-0.010154,40.012323,6.671010,2.489282,13.002523
16.763804,13.184198,45.019267,3323.224858,-0.040636,40.062065,6.657606,2.484544,13.000139
16.797621,13.213942,45.013272,3319.520373,-0.072520,40.115181,6.644554,2.480691,13.000050
16.829588,13.243054,45.006702,3315.828399,-0.103068,40.165856,6.637082,2.476302,13.001119
16.862602,13.271631,44.994612,3312.148156,-0.133464,40.217161,6.631011,2.475231,13.001760
16.896228,13.302156,44.981175,3308.476625,-0.165031,40.269462,6.627556,2.474359,13.000824
16.929699,13.334887,44.964135,3304.815957,-0.196148,40.320383,6.629456,2.473430,13.000359
16.962540,13.366675,44.947324,3301.161956,-0.227440,40.372441,6.632577,2.474013,13.000246
16.995605,13.396502,44.926663,3297.513238,-0.259861,40.423435,6.638496,2.476474,13.000476
17.029442,13.425287,44.902080,3293.871646,-0.291520,40.475055,6.645712,2.481002,13.000617
17.062612,13.455196,44.874591,3290.230351,-0.323916,40.524526,6.655017,2.484262,13.001893
17.097091,13.484792,44.844890,3286.590975,-0.355354,40.576269,6.668382,2.487782,13.002052
17.130430,13.515341,44.814767,3282.950014,-0.385854,40.627390,6.683558,2.492360,12.999947
17.164199,13.545548,44.780688,3279.309418,-0.417446,40.680804,6.703108,2.498660,13.000862
17.198933,13.575295,44.744232,3275.665008,-0.447213,40.733208,6.724350,2.505929,12.999958
17.230533,13.604811,44.703954,3272.017283,-0.476460,40.787728,6.746904,2.514111,13.001179
17.262269,13.633979,44.661305,3268.363279,-0.506352,40.839792,6.773173,2.522659,12.999948
17.296129,13.665217,44.615706,3264.702530,-0.534983,40.890991,6.800285,2.533008,13.001557
17.329341,13.693990,44.568800,3261.033168,-0.562493,40.945365,6.829848,2.542457,13.000634
17.361826,13.723229,44.520376,3257.354848,-0.591663,40.998456,6.862769,2.555138,13.000340
17.394304,13.754213,44.469766,3253.664095,-0.620116,41.051769,6.895967,2.568233,13.000427
17.427231,13.784397,44.416110,3249.958576,-0.644787,41.105443,6.933229,2.582284,13.000918
17.459045,13.813683,44.359558,3246.238967,-0.670439,41.159108,6.972858,2.596231,13.000803
17.492923,13.843962,44.300940,3242.504337,-0.694990,41.214752,7.014598,2.612945,13.000501
17.523891,13.873483,44.239163,3238.752770,-0.719224,41.270043,7.057376,2.629582,12.999849
17.556359,13.903381,44.178134,3234.981509,-0.741971,41.324624,7.102684,2.647282,12.999835
17.589029,13.934836,44.114257,3231.190562,-0.764185,41.379430,7.149721,2.665020,13.001744
17.621002,13.964467,44.048468,3227.376460,-0.785320,41.434826,7.198454,2.682744,13.002495
17.653812,13.992290,43.984051,3223.539884,-0.803625,41.489398,7.248972,2.701640,13.002358
17.685417,14.021397,43.914815,3219.681506,-0.818874,41.546206,7.303279,2.721257,13.001551
17.720638,14.050897,43.844305,3215.794049,-0.836123,41.604469,7.357322,2.741044,13.001530
17.752442,14.080823,43.772364,3211.880875,-0.852945,41.663860,7.414104,2.762332,13.001557
17.785283,14.111419,43.699764,3207.941395,-0.867284,41.722488,7.470863,2.783542,13.002327
17.817408,14.141644,43.626107,3203.970450,-0.878408,41.780855,7.529913,2.806116,13.001970
17.849251,14.169447,43.551148,3199.969890,-0.890892,41.840143,7.590237,2.828542,13.000134
17.881907,14.200701,43.476138,3195.940335,-0.900245,41.898698,7.653203,2.851813,13.000326
17.912875,14.231320,43.399009,3191.875769,-0.907214,41.958884,7.716619,2.877455,13.001270
17.943223,14.262422,43.324879,3187.778979,-0.913474,42.018599,7.780253,2.901377,12.999957
17.976441,14.293842,43.248759,3183.646899,-0.919215,42.079057,7.844614,2.926437,12.998312
18.009418,14.323916,43.171041,3179.480726,-0.922208,42.140215,7.911106,2.950828,12.999224
18.041057,14.354834,43.094043,3175.278390,-0.923609,42.201292,7.974311,2.975020,12.998139
18.073084,14.384839,43.017139,3171.039829,-0.923202,42.264628,8.040855,2.997682,12.997443
18.103882,14.415944,42.937707,3166.763548,-0.922919,42.326133,8.107477,3.022323,12.997263
18.135352,14.445520,42.860526,3162.451742,-0.920967,42.390792,8.174413,3.047751,12.997112
18.166483,14.474310,42.784745,3158.101769,-0.910551,42.404426,8.238689,3.071876,-0.003579
18.196399,14.505929,42.710991,3153.713558,-0.898898,42.417388,8.301270,3.096892,-0.004562
18.228131,14.537246,42.637264,3149.281515,-0.884365,42.431300,8.366611,3.120906,-0.006234
18.259984,14.566920,42.562559,3144.813908,-0.870212,42.444019,8.429690,3.142806,-0.005529
18.290702,14.596061,42.492091,3140.306519,-0.854812,42.457472,8.489158,3.164093,-0.004825
18.320836,14.625688,42.424010,3135.761491,-0.836393,42.471932,8.550300,3.184804,-0.005062
18.351403,14.655727,42.354559,3131.181494,-0.818720,42.484071,8.607854,3.207336,-0.003316
18.383563,14.684340,42.287837,3126.564243,-0.797034,42.497840,8.661397,3.227895,-0.002830
18.414429,14.713238,42.222710,3121.910350,-0.774505,42.512583,8.715785,3.247098,-0.003419
18.445528,14.742985,42.160149,3117.220801,-0.751542,42.524965,8.766485,3.267338,-0.001330
18.476207,14.771862,42.097074,3112.498291,-0.727236,42.538849,8.814440,3.285050,-0.000455
18.505295,14.801175,42.039273,3107.743135,-0.701361,42.550673,8.858912,3.300973,0.000389
18.535206,14.831735,41.982950,3102.956281,-0.674341,42.564616,8.900098,3.316737,-0.000987
18.566283,14.859935,41.927680,3098.138332,-0.645678,42.578241,8.939380,3.330918,-0.000620
18.597006,14.887778,41.876700,3093.292557,-0.617316,42.591880,8.976586,3.344581,-0.000560
18.627672,14.916667,41.828030,3088.418703,-0.587865,42.605524,9.010978,3.357472,0.000032
18.658547,14.947688,41.781448,3083.517523,-0.558621,42.616389,9.040505,3.367443,-0.000072
18.688434,14.976536,41.737601,3078.594509,-0.528031,42.629950,9.068266,3.378613,0.000361
18.718152,15.006920,41.696881,3073.649996,-0.495291,42.644617,9.092147,3.387935,0.000430
18.748066,15.036980,41.658949,3068.683301,-0.462016,42.657798,9.112808,3.395565,0.000184
18.778137,15.067752,41.624450,3063.699467,-0.429453,42.671384,9.131244,3.399934,0.000763
18.808559,15.098322,41.590215,3058.699059,-0.395617,42.684886,9.143978,3.404772,0.000949
18.839651,15.129633,41.558456,3053.683118,-0.362738,42.698708,9.153720,3.408999,-0.000248
18.870859,15.159361,41.530865,3048.652875,-0.328964,42.713880,9.157364,3.412839,0.000090
18.902446,15.186809,41.503718,3043.615403,-0.295455,42.727333,9.159448,3.413627,0.001146
18.930866,15.215259,41.483500,3038.570532,-0.262387,42.741674,9.158494,3.412971,0.001586
18.961589,15.243330,41.466031,3033.518682,-0.228237,42.754800,9.152635,3.410353,0.001706
18.990475,15.273089,41.449602,3028.460554,-0.194003,42.766968,9.144062,3.406399,0.001432
19.020211,15.302284,41.432898,3023.400324,-0.160945,42.779635,9.131633,3.401034,-0.000904
19.050344,15.331028,41.419699,3018.338417,-0.127397,42.794610,9.114009,3.394839,-0.000733
19.080202,15.359585,41.410834,3013.279971,-0.095600,42.807358,9.093284,3.386612,-0.000398
19.110291,15.388883,41.404753,3008.223789,-0.064618,42.820581,9.071102,3.380075,-0.000174
19.139490,15.416516,41.400749,3003.174932,-0.035532,42.837305,9.045544,3.369816,0.001561
19.169161,15.444068,41.398558,2998.133572,-0.005638,42.850453,9.017706,3.358639,0.002099
19.198213,15.473334,41.400235,2993.099498,0.021261,42.864108,8.988562,3.348863,0.000570
19.225570,15.501018,41.402961,2988.076584,0.046977,42.878835,8.954835,3.336549,0.001020
19.255274,15.529922,41.407319,2983.066732,0.073601,42.892061,8.918652,3.322037,0.000022
19.284783,15.558188,41.414245,2978.070768,0.098649,42.907410,8.881008,3.308452,-0.002241
19.315394,15.586987,41.420430,2973.092284,0.121519,42.920267,8.838658,3.293711,-0.001637
19.345020,15.617769,41.431893,2968.129815,0.146379,42.933572,8.795894,3.278354,-0.001426
19.373602,15.648022,41.443687,2963.186110,0.167104,42.946580,8.750053,3.260106,-0.001263
19.401439,15.676845,41.458099,2958.261866,0.187224,42.959335,8.705125,3.243144,-0.002273
19.429885,15.705251,41.474673,2953.358215,0.207303,42.971665,8.658656,3.225327,-0.003015
19.458227,15.733317,41.490789,2948.478912,0.222000,42.985421,8.609724,3.208076,-0.005340
19.490047,15.761263,41.509920,2943.622677,0.238117,42.999662,8.560137,3.190441,-0.006220
19.519024,15.789548,41.529181,2938.789712,0.250942,43.013300,8.509676,3.172408,-0.004783
19.549188,15.817714,41.549567,2933.981578,0.263585,43.027821,8.456833,3.153901,-0.003446
19.579960,15.846482,41.567638,2929.200107,0.273890,43.042691,8.404892,3.133483,-0.004881
19.608377,15.875238,41.587724,2924.444792,0.283745,43.056398,8.352377,3.113482,-0.002696
19.636664,15.903089,41.610251,2919.718500,0.288542,43.069271,8.300013,3.093434,-0.002301
19.666395,15.932284,41.632592,2915.019356,0.295202,43.083568,8.246578,3.072857,-0.001074
19.693837,15.959870,41.656121,2910.349269,0.300835,43.096365,8.192795,3.055683,-0.001494
19.722913,15.987002,41.677187,2905.707926,0.303180,43.111085,8.140818,3.035911,-0.000838
19.751108,16.013224,41.702264,2901.094696,0.303537,43.123668,8.088715,3.016954,0.000079
19.779947,16.041043,41.724630,2896.508937,0.301430,43.137660,8.037048,2.996118,-0.000323
19.806417,16.070786,41.746067,2891.951778,0.296697,43.151672,7.986345,2.976304,-0.002323
19.833533,16.099682,41.767187,2887.424181,0.290532,43.165011,7.935746,2.958584,-0.001398
19.862236,16.126786,41.788117,2882.927121,0.283863,43.179809,7.887155,2.940447,-0.001578
19.890280,16.154529,41.809732,2878.457700,0.277102,43.193679,7.839388,2.922075,-0.001122
19.919981,16.182937,41.831274,2874.017951,0.267254,43.206836,7.795249,2.905011,-0.001901
19.946817,16.210644,41.854073,2869.609433,0.258455,43.221276,7.750542,2.888396,-0.001032
19.975308,16.239250,41.874365,2865.226638,0.247200,43.235088,7.706472,2.871314,-0.001700
20.002264,16.266138,41.890716,2860.870680,0.231489,43.248536,7.663264,2.856146,-0.001535
20.030554,16.294307,41.907374,2856.541857,0.214865,43.263541,7.621366,2.840386,-0.001921
20.059422,16.323629,41.921914,2852.240226,0.196586,43.277631,7.583790,2.827069,-0.002892
20.087261,16.352315,41.935433,2847.964545,0.179063,43.290259,7.546780,2.812669,-0.003485
20.114792,16.379637,41.946801,2843.715048,0.159974,43.304067,7.511508,2.798842,-0.004630
20.142669,16.408354,41.958768,2839.490055,0.140008,43.318406,7.475200,2.786527,-0.003712
20.170900,16.436722,41.970236,2835.288117,0.119480,43.332230,7.441600,2.775481,-0.002909
20.197736,16.465642,41.980552,2831.109876,0.098139,43.346359,7.411822,2.763166,-0.002270
20.223452,16.492653,41.985943,2826.954836,0.074259,43.359217,7.383715,2.751469,-0.002346
20.249973,16.521007,41.990304,2822.819267,0.049771,43.373726,7.357510,2.741023,-0.002363
20.277995,16.549948,41.993483,2818.706400,0.023097,43.386142,7.333062,2.730140,-0.001823
20.303481,16.576952,41.995439,2814.610897,-0.001382,43.400789,7.309845,2.722343,-0.002560
20.330665,16.604514,41.993292,2810.533712,-0.028499,43.414850,7.289583,2.716258,-0.000778
20.357776,16.631513,41.992216,2806.476449,-0.057182,43.430576,7.274430,2.709463,-0.001323
20.383978,16.660025,41.987097,2802.432496,-0.087156,43.443659,7.259519,2.702275,-0.001272
20.412128,16.687338,41.980564,2798.404046,-0.116815,43.457640,7.245949,2.695890,-0.001059
20.440461,16.712558,41.972171,2794.392417,-0.148730,43.471644,7.235291,2.692136,-0.002776
20.467155,16.737608,41.961406,2790.392497,-0.180091,43.484458,7.225422,2.690442,-0.002137
20.493467,16.765049,41.945625,2786.405052,-0.209918,43.499823,7.218616,2.688673,-0.002765
20.521001,16.793564,41.931096,2782.427020,-0.240057,43.513043,7.213327,2.684977,-0.002899
20.545363,16.821510,41.912991,2778.460608,-0.271822,43.526776,7.211624,2.685046,-0.003396
20.571600,16.849067,41.892813,2774.502934,-0.303832,43.539284,7.210094,2.685643,-0.001640
20.599518,16.878125,41.869689,2770.551134,-0.334636,43.555748,7.213166,2.685612,-0.004232
20.627617,16.906806,41.843683,2766.607717,-0.366436,43.567526,7.217810,2.687893,-0.005259
20.654450,16.934565,41.815702,2762.666304,-0.399338,43.580568,7.224453,2.690181,-0.005146
20.680006,16.963566,41.784900,2758.730247,-0.431155,43.595000,7.234982,2.694243,-0.003166
20.707278,16.990312,41.753336,2754.795836,-0.461649,43.611962,7.246592,2.699257,-0.003177
20.735782,17.016835,41.718807,2750.861846,-0.492237,43.627181,7.260653,2.703451,-0.002986
20.762007,17.043661,41.681806,2746.925300,-0.522995,43.643944,7.277256,2.708563,-0.001280
20.788533,17.070442,41.643399,2742.990148,-0.552567,43.656666,7.295116,2.715257,-0.001486
20.814773,17.097533,41.602072,2739.049165,-0.582468,43.671224,7.317390,2.724368,-0.002613
20.843576,17.122677,41.559312,2735.104579,-0.613005,43.685666,7.342164,2.734650,-0.002757
20.871538,17.148786,41.514745,2731.153128,-0.642300,43.699684,7.365393,2.744417,-0.004220
20.899673,17.176475,41.468584,2727.196676,-0.669369,43.713127,7.393330,2.753176,-0.002571
20.926840,17.203104,41.421690,2723.231848,-0.697916,43.727874,7.421184,2.765086,-0.005145
20.951899,17.229355,41.371197,2719.255416,-0.725913,43.740747,7.453080,2.776765,-0.004247
20.976248,17.258054,41.318570,2715.268295,-0.751606,43.754072,7.486077,2.789248,-0.003214
21.002857,17.286299,41.263565,2711.268692,-0.774914,43.768492,7.518819,2.803388,-0.003219
21.028758,17.311786,41.209546,2707.253975,-0.799951,43.782370,7.554309,2.817624,-0.003280
21.056761,17.338731,41.151551,2703.225414,-0.822451,43.797456,7.593850,2.832303,-0.001610
21.082135,17.366584,41.093728,2699.179811,-0.842687,43.812400,7.634216,2.847330,-0.001026
21.110279,17.392264,41.032173,2695.117969,-0.863139,43.825850,7.675937,2.863128,-0.000643
21.136577,17.419667,40.971629,2691.036360,-0.882554,43.838833,7.718723,2.880459,0.000167
21.161625,17.445853,40.908624,2686.937694,-0.901123,43.853135,7.762751,2.897496,-0.000293
21.187270,17.472674,40.844308,2682.816666,-0.917160,43.868583,7.808689,2.914808,-0.002742
21.213756,17.498367,40.778683,2678.673680,-0.932479,43.881546,7.856928,2.933748,-0.002079
21.239253,17.524462,40.713608,2674.508599,-0.945699,43.896184,7.905973,2.951272,-0.003056
21.263914,17.551259,40.646449,2670.319939,-0.959000,43.908087,7.955990,2.968974,-0.003478
21.289680,17.578873,40.578143,2666.107292,-0.970486,43.922159,8.006527,2.984874,-0.002136
21.315253,17.606178,40.509995,2661.867395,-0.980101,43.935554,8.056311,3.002185,-0.000671
21.341046,17.632424,40.443547,2657.602006,-0.987457,43.949030,8.108373,3.021086,-0.001679
21.366252,17.658725,40.373154,2653.308969,-0.994584,43.962916,8.158730,3.040812,0.000808
21.391944,17.685707,40.304125,2648.988141,-0.998731,43.977927,8.210773,3.059482,0.002629
21.417488,17.712244,40.236033,2644.639437,-1.002267,43.992824,8.264414,3.079115,0.002852
21.443751,17.739454,40.165750,2640.258668,-1.004347,44.007803,8.317982,3.097732,0.003479
21.469604,17.766320,40.096662,2635.849415,-1.004291,44.021607,8.372638,3.117557,0.002425
21.493881,17.791613,40.026643,2631.408890,-1.002130,44.036856,8.426537,3.137592,0.002209
21.520303,17.818576,39.958313,2626.939782,-1.001281,44.050987,8.480303,3.157489,0.002739
21.544802,17.845333,39.891482,2622.438685,-0.996693,44.066667,8.532405,3.177834,0.003354
21.570752,17.872120,39.823447,2617.908592,-0.991222,44.081230,8.586304,3.197666,0.003879
21.595208,17.896322,39.754386,2613.348437,-0.984499,44.094778,8.639099,3.217330,0.003733
21.620312,17.922580,39.686832,2608.756721,-0.975813,44.109259,8.691000,3.236380,0.003570
21.645609,17.948227,39.620166,2604.132429,-0.963634,44.124913,8.741129,3.254838,0.001026
21.671123,17.972679,39.554603,2599.477932,-0.951775,44.139014,8.791590,3.272710,0.000591
21.695978,17.999665,39.489964,2594.792986,-0.938756,44.152137,8.837969,3.291322,0.000567
21.722380,18.023988,39.425803,2590.079154,-0.925084,44.167671,8.884538,3.306964,-0.000586
21.748243,18.049999,39.364440,2585.334841,-0.907714,44.182952,8.931351,3.321905,0.000453
21.771622,18.078255,39.303292,2580.561040,-0.888671,44.197172,8.976176,3.338051,-0.000111
21.795277,18.104551,39.243674,2575.760350,-0.869040,44.211038,9.014514,3.355225,-0.001050
21.819276,18.130918,39.185245,2570.930340,-0.848093,44.225037,9.054562,3.371162,-0.000074
21.844525,18.155119,39.130220,2566.073991,-0.826981,44.240333,9.090055,3.385125,0.001023
21.869251,18.181103,39.077118,2561.192883,-0.805671,44.255212,9.124831,3.399069,0.001356
21.893676,18.208216,39.024002,2556.285545,-0.781858,44.269471,9.158400,3.411239,0.002664
21.917642,18.235122,38.972290,2551.353026,-0.758901,44.284528,9.189377,3.423547,0.002217
21.941551,18.261129,38.922284,2546.399328,-0.731416,44.299208,9.217185,3.434233,0.001666
21.966387,18.288334,38.875799,2541.421352,-0.704603,44.313118,9.243360,3.443597,0.001288
21.990706,18.313539,38.827923,2536.424430,-0.676982,44.327680,9.267028,3.453333,0.001559
22.014714,18.339076,38.784373,2531.410125,-0.649110,44.342497,9.288865,3.461481,0.002162
22.039546,18.362411,38.742166,2526.374809,-0.619157,44.355242,9.306505,3.467044,0.001413
22.062715,18.387413,38.701579,2521.323984,-0.591612,44.369338,9.322916,3.471479,-0.000973
22.087402,18.413819,38.664855,2516.257961,-0.561605,44.384531,9.337756,3.477414,-0.001169
22.110597,18.439520,38.628211,2511.178599,-0.531748,44.399048,9.346664,3.480709,-0.001387
22.134280,18.464878,38.594503,2506.085508,-0.502250,44.414880,9.354609,3.484233,-0.002313
22.157197,18.491330,38.563945,2500.981662,-0.473415,44.429083,9.359084,3.485276,-0.002368
22.183234,18.517790,38.534340,2495.871364,-0.444300,44.444753,9.358579,3.486032,-0.000431
22.206768,18.543628,38.505431,2490.752157,-0.416582,44.458972,9.358234,3.485657,-0.000087
22.230041,18.568722,38.479710,2485.627129,-0.387843,44.474378,9.353876,3.483575,-0.000537
22.255495,18.594597,38.453656,2480.496541,-0.357714,44.488840,9.346817,3.480788,-0.001225
22.277937,18.619758,38.432271,2475.362824,-0.328060,44.502049,9.338384,3.477555,-0.001935
22.301301,18.645076,38.411672,2470.229123,-0.299439,44.516376,9.325919,3.471624,-0.001389
22.326006,18.671834,38.393132,2465.095015,-0.272348,44.531195,9.311329,3.465648,-0.001692
22.348576,18.697712,38.375676,2459.964358,-0.245600,44.545396,9.294311,3.459200,-0.000110
22.371029,18.719662,38.361825,2454.838364,-0.218419,44.557318,9.275112,3.450538,-0.000188
22.394082,18.745599,38.347709,2449.714692,-0.193465,44.571153,9.253644,3.443306,0.001466
22.417217,18.770961,38.336506,2444.597292,-0.168275,44.584877,9.230378,3.435142,0.000604
22.440223,18.795853,38.326186,2439.486062,-0.145819,44.599950,9.205006,3.425594,0.000008
22.465252,18.819587,38.314739,2434.386883,-0.124780,44.615296,9.176191,3.415873,-0.000889
22.490278,18.843840,38.307088,2429.298430,-0.101551,44.628685,9.148576,3.406391,-0.000277
22.512533,18.868916,38.301883,2424.219841,-0.081985,44.643475,9.117568,3.393623,-0.000781
22.535147,18.892211,38.298512,2419.155273,-0.063521,44.656683,9.085471,3.381962,-0.003089
22.556819,18.915033,38.297341,2414.102270,-0.044308,44.671603,9.050199,3.369101,-0.003973
22.581016,18.939463,38.297061,2409.065167,-0.028979,44.684640,9.012341,3.356868,-0.003132
22.604977,18.962957,38.296174,2404.043711,-0.013925,44.698740,8.975471,3.344000,-0.000559
22.626121,18.985911,38.294931,2399.037688,-0.000746,44.714164,8.937956,3.329740,-0.001114
22.648667,19.011164,38.295371,2394.049912,0.009920,44.727931,8.899396,3.316429,-0.002112
22.670391,19.036074,38.296176,2389.080207,0.020387,44.743390,8.862770,3.301988,-0.001262
22.693206,19.061194,38.296910,2384.130892,0.030947,44.757230,8.823534,3.287023,-0.000280
22.716167,19.085180,38.297918,2379.200095,0.039050,44.770995,8.784878,3.271509,-0.001493
22.737221,19.109522,38.300850,2374.290579,0.048047,44.784461,8.742930,3.257617,-0.002090
22.759936,19.133710,38.304649,2369.399084,0.051394,44.799812,8.703361,3.243443,-0.000883
22.782294,19.156160,38.307523,2364.531485,0.053889,44.814692,8.664224,3.226840,-0.001385
22.805676,19.179951,38.310116,2359.687418,0.056765,44.828763,8.624207,3.212106,-0.000274
22.827866,19.203276,38.313236,2354.862646,0.056960,44.843155,8.585631,3.197904,-0.000147
22.850291,19.227417,38.318509,2350.061739,0.056111,44.858310,8.547049,3.182588,-0.000016
22.874190,19.253188,38.323076,2345.282237,0.053616,44.873088,8.509710,3.168058,-0.000293
22.896931,19.278126,38.327634,2340.525938,0.048288,44.885732,8.472615,3.154364,-0.000096
22.919721,19.301784,38.329900,2335.791568,0.042639,44.899352,8.435875,3.143022,-0.000142
22.942585,19.326115,38.330627,2331.080173,0.034241,44.914783,8.398734,3.130027,-0.000298
22.962400,19.348727,38.333369,2326.390660,0.025009,44.929046,8.363377,3.116775,-0.001088
22.984661,19.372951,38.333002,2321.721385,0.014762,44.942346,8.328445,3.103228,-0.000064
23.006463,19.396866,38.332689,2317.075854,0.002668,44.956326,8.295833,3.092502,-0.001300
23.029415,19.420754,38.331714,2312.455025,-0.011997,44.970216,8.263229,3.079992,-0.001724
23.050094,19.445603,38.331444,2307.853568,-0.026239,44.985577,8.233233,3.069271,-0.001244
23.072084,19.468766,38.328956,2303.272314,-0.043247,45.001379,8.201738,3.057008,-0.001061
23.095032,19.491569,38.323892,2298.712991,-0.061517,45.015326,8.172514,3.045244,-0.001859
23.116220,19.516151,38.322320,2294.174847,-0.080814,45.030095,8.142459,3.033512,-0.001955
23.138065,19.539586,38.316230,2289.655485,-0.101177,45.043810,8.116927,3.023534,-0.002206
23.158649,19.563779,38.308107,2285.154477,-0.122686,45.058336,8.092116,3.013103,-0.002325
23.182188,19.588280,38.299324,2280.671785,-0.143904,45.071899,8.069592,3.006903,-0.001763
23.202609,19.613175,38.291149,2276.206040,-0.168452,45.086601,8.049054,2.999962,-0.000588
23.226109,19.636164,38.280543,2271.762729,-0.193339,45.099796,8.031206,2.990392,-0.001646
23.246536,19.660039,38.269616,2267.332704,-0.217592,45.114317,8.013160,2.982700,-0.003045
23.267821,19.683526,38.256066,2262.917103,-0.242282,45.130757,7.995497,2.978479,-0.003262
23.290079,19.707260,38.241867,2258.517736,-0.269323,45.143745,7.980120,2.972593,-0.002531
23.311703,19.730093,38.224593,2254.131793,-0.294765,45.159249,7.968059,2.968258,-0.003328
23.333140,19.753971,38.204711,2249.760954,-0.322170,45.172596,7.958987,2.964893,-0.002978
23.355927,19.778634,38.184396,2245.401475,-0.351141,45.185842,7.949959,2.961018,-0.004035
23.378716,19.801050,38.163323,2241.053090,-0.380450,45.200319,7.944197,2.956784,-0.005984
23.399229,19.824547,38.141957,2236.716877,-0.410615,45.213808,7.937678,2.956772,-0.007729
23.421549,19.848484,38.116590,2232.387944,-0.440697,45.227219,7.933097,2.956101,-0.007749
23.442885,19.871228,38.091766,2228.069184,-0.471241,45.241887,7.932173,2.955665,-0.007044
23.463188,19.896265,38.065073,2223.756533,-0.500916,45.256379,7.934368,2.953497,-0.006575
23.483775,19.918443,38.034580,2219.451330,-0.532158,45.271718,7.936957,2.954121,-0.007049
23.503043,19.943318,38.003305,2215.152911,-0.562331,45.285698,7.940335,2.956257,-0.007960
23.521921,19.966298,37.968981,2210.859140,-0.593375,45.298289,7.948751,2.957932,-0.005331
23.543787,19.987177,37.933230,2206.566069,-0.624265,45.310619,7.958361,2.960872,-0.003323
23.564715,20.010751,37.894812,2202.276873,-0.653825,45.323479,7.969478,2.963833,-0.003062
23.585074,20.031971,37.855767,2197.989119,-0.682085,45.339291,7.981497,2.968258,-0.002376
23.605142,20.054802,37.816260,2193.702379,-0.710520,45.352630,7.994969,2.974849,-0.003779
23.626121,20.076997,37.773690,2189.414247,-0.738143,45.369702,8.013356,2.983021,-0.004341
23.647189,20.099217,37.729513,2185.123562,-0.766798,45.385149,8.032245,2.989533,-0.003768
23.668090,20.124121,37.685017,2180.829259,-0.794232,45.398433,8.051938,2.997075,-0.002784
23.688474,20.148593,37.638391,2176.532244,-0.822173,45.414008,8.069810,3.002347,-0.002415
23.710086,20.172001,37.589731,2172.227887,-0.848315,45.426824,8.093155,3.012514,-0.003741
23.729251,20.194839,37.539113,2167.922834,-0.874362,45.441466,8.116519,3.023148,-0.003840
23.748406,20.217083,37.488385,2163.606670,-0.901593,45.456152,8.142109,3.030661,-0.003115
23.768695,20.238443,37.436409,2159.283182,-0.925763,45.470518,8.170054,3.042005,-0.004000
23.788291,20.260037,37.382464,2154.948673,-0.948988,45.483955,8.197282,3.052366,-0.003759
23.808843,20.283381,37.327369,2150.604673,-0.973334,45.498498,8.228412,3.064688,-0.004268
23.828507,20.304506,37.270029,2146.247189,-0.995526,45.510463,8.259028,3.076135,-0.004312
23.847006,20.323747,37.214334,2141.880474,-1.016434,45.523963,8.291188,3.087119,-0.005423
23.865783,20.346264,37.156849,2137.497625,-1.034827,45.538537,8.323606,3.099886,-0.005880
23.885013,20.368425,37.099287,2133.104648,-1.052558,45.551687,8.358532,3.113039,-0.005455
23.907017,20.390709,37.039589,2128.695593,-1.068453,45.566736,8.395987,3.124867,-0.004472
23.928002,20.413665,36.979025,2124.269221,-1.085388,45.580847,8.430469,3.139351,-0.002734
23.947257,20.435645,36.917882,2119.824269,-1.099330,45.595359,8.467021,3.153365,-0.002218
23.969724,20.458307,36.856555,2115.364964,-1.112718,45.608336,8.504279,3.169488,-0.002769
23.988551,20.480275,36.795329,2110.886596,-1.124978,45.620946,8.541052,3.184196,-0.003053
24.007169,20.502554,36.733076,2106.390002,-1.135135,45.635685,8.579782,3.197035,-0.002465
24.025087,20.524637,36.672466,2101.873757,-1.143483,45.648959,8.619233,3.209189,-0.001572
24.042882,20.548097,36.610216,2097.338763,-1.151768,45.663629,8.660052,3.222159,-0.001862
24.062107,20.568764,36.546121,2092.782114,-1.157099,45.678118,8.700176,3.235783,-0.000816
24.081112,20.589365,36.482452,2088.204563,-1.161119,45.691653,8.739801,3.251353,-0.000376
24.099715,20.611061,36.418441,2083.607053,-1.165979,45.705015,8.779869,3.265807,0.000217
24.121184,20.633024,36.355516,2078.985969,-1.168010,45.720928,8.818817,3.279857,0.002793
24.140684,20.654752,36.291607,2074.345422,-1.167048,45.735568,8.859340,3.296420,0.002426
24.161525,20.676142,36.229097,2069.682808,-1.165533,45.750401,8.897186,3.311500,0.001264
24.180128,20.699319,36.165868,2064.997284,-1.162879,45.764690,8.935085,3.325792,0.001033
24.199719,20.720361,36.103540,2060.288688,-1.158617,45.778968,8.972362,3.340450,0.002478
24.218256,20.741663,36.040483,2055.559750,-1.154498,45.793943,9.009213,3.355669,0.004134
24.238737,20.763968,35.977970,2050.806700,-1.147454,45.806719,9.046784,3.369012,0.002332
24.257217,20.784937,35.917803,2046.032597,-1.137527,45.820660,9.079945,3.382909,0.003935
24.277155,20.807987,35.858048,2041.235145,-1.129286,45.835931,9.116067,3.396538,0.004087
24.297556,20.829267,35.799437,2036.416331,-1.117405,45.851692,9.150737,3.409109,0.001837
24.315829,20.852254,35.739327,2031.575937,-1.104224,45.866382,9.181183,3.423366,0.002940
24.334521,20.875591,35.680393,2026.716862,-1.090924,45.879406,9.210700,3.434687,0.003677
24.354410,20.897035,35.622725,2021.835409,-1.074287,45.892407,9.239703,3.444646,0.002688
24.373569,20.917836,35.566959,2016.932763,-1.056074,45.907670,9.268040,3.455088,0.004237
24.393362,20.939549,35.510510,2012.009453,-1.039715,45.921325,9.297306,3.466073,0.004151
24.411317,20.960132,35.456446,2007.069460,-1.021983,45.935810,9.322488,3.475869,0.003384
24.430931,20.981970,35.401932,2002.110397,-1.002612,45.949389,9.345763,3.484062,0.002441
24.450824,21.003494,35.349777,1997.132241,-0.984555,45.962869,9.367404,3.493692,0.004107
24.468370,21.024588,35.301176,1992.137594,-0.963058,45.977810,9.386859,3.499969,0.002999
24.484896,21.045863,35.252097,1987.126234,-0.940426,45.991505,9.407507,3.506220,0.002522
24.502423,21.064933,35.202275,1982.101573,-0.920698,46.005910,9.423298,3.513965,0.002387
24.522112,21.086274,35.156857,1977.062853,-0.898211,46.020712,9.438773,3.520000,0.002067
24.539431,21.106665,35.109893,1972.010065,-0.873089,46.035436,9.451688,3.524982,0.002001
24.558630,21.128501,35.067097,1966.945710,-0.850217,46.049001,9.461983,3.529027,0.002949
24.579312,21.149314,35.023441,1961.866104,-0.826918,46.062918,9.470813,3.531741,0.002577
24.595712,21.169717,34.982744,1956.779291,-0.801165,46.075719,9.479032,3.535181,0.003921
24.613232,21.189697,34.941181,1951.683854,-0.777571,46.090858,9.481593,3.537079,0.001826
24.632169,21.211248,34.902094,1946.578854,-0.752452,46.104131,9.482070,3.536212,0.001439
24.650372,21.232943,34.864448,1941.468946,-0.729085,46.119631,9.482314,3.536201,0.001043
24.669058,21.254683,34.827908,1936.353035,-0.704642,46.133739,9.482491,3.535577,0.001238
24.686196,21.275371,34.793215,1931.232857,-0.680329,46.147523,9.478072,3.533965,0.001513
24.704749,21.294871,34.760525,1926.108489,-0.655878,46.162453,9.471655,3.532816,0.000867
24.723009,21.316605,34.727601,1920.980337,-0.633128,46.176375,9.466393,3.530008,0.002013
24.741005,21.337443,34.695827,1915.851423,-0.610769,46.189873,9.457526,3.527703,0.001396
24.759123,21.357120,34.665681,1910.722887,-0.589086,46.203405,9.446650,3.520822,0.000808
24.777379,21.377115,34.635044,1905.594861,-0.566944,46.216796,9.435201,3.514856,-0.000877
24.796553,21.397091,34.609987,1900.468266,-0.546622,46.232359,9.421251,3.510824,0.000520
24.813272,21.417003,34.582317,1895.344231,-0.527225,46.244789,9.405339,3.506228,0.000579
24.831682,21.435834,34.555765,1890.225182,-0.507747,46.257409,9.386711,3.499922,-0.001172
24.848284,21.458582,34.529824,1885.112096,-0.491313,46.269815,9.367233,3.493397,0.000155
24.865402,21.480845,34.506422,1880.003768,-0.473529,46.285028,9.346421,3.487380,0.000088
24.882758,21.500976,34.482675,1874.903589,-0.455568,46.300432,9.327061,3.479539,0.000636
24.900766,21.521227,34.459600,1869.811057,-0.439632,46.315097,9.306677,3.470718,-0.000395
24.917911,21.539668,34.438810,1864.727731,-0.426820,46.328612,9.282216,3.461694,0.002040
24.934247,21.559189,34.417342,1859.652758,-0.414769,46.343042,9.258922,3.452247,0.001686
24.951689,21.580149,34.399495,1854.588436,-0.403020,46.357347,9.233411,3.442565,0.000687
24.968343,21.598282,34.377936,1849.535266,-0.392173,46.372632,9.208323,3.433040,0.004024
24.983975,21.617084,34.360223,1844.493413,-0.383501,46.384986,9.181186,3.423085,0.004746
25.000549,21.637286,34.342222,1839.464508,-0.374959,46.398834,9.154925,3.411795,0.002765
25.017430,21.654042,34.324130,1834.448164,-0.368586,46.413485,9.128872,3.401823,0.003259
25.034869,21.673932,34.305086,1829.446001,-0.363622,46.426345,9.100191,3.392059,0.002301
25.052509,21.693717,34.288168,1824.457721,-0.359274,46.438835,9.073337,3.381197,0.003743
25.067834,21.712548,34.270765,1819.483604,-0.356755,46.452872,9.045160,3.372773,0.004117
25.083975,21.731796,34.255108,1814.526246,-0.356935,46.466199,9.018885,3.362229,0.003135
25.100067,21.749639,34.237203,1809.583160,-0.356377,46.479283,8.991501,3.351535,0.002147
25.116615,21.770649,34.221355,1804.657285,-0.358467,46.493009,8.963343,3.341517,0.002480
25.133703,21.788657,34.204727,1799.747163,-0.364369,46.506288,8.937377,3.332814,0.002801
25.148765,21.807214,34.187563,1794.851223,-0.369296,46.519766,8.909755,3.322006,0.000937
25.166784,21.826282,34.170619,1789.972810,-0.375924,46.532521,8.884052,3.311527,-0.000765
25.183447,21.845936,34.153664,1785.110712,-0.383771,46.547221,8.858699,3.299851,-0.000347
25.200494,21.864908,34.135459,1780.263843,-0.392549,46.559614,8.832606,3.290402,-0.000433
25.217628,21.884152,34.117523,1775.434552,-0.403553,46.572670,8.808078,3.281149,-0.001147
25.233409,21.904514,34.096061,1770.622304,-0.416853,46.587251,8.784975,3.271043,-0.000090
25.249848,21.923589,34.077244,1765.826061,-0.432429,46.599156,8.761886,3.260622,-0.002838
25.266888,21.943529,34.056275,1761.046799,-0.446134,46.612573,8.741827,3.252614,-0.001218
25.282287,21.962972,34.035424,1756.284145,-0.461652,46.627487,8.719680,3.245052,-0.000288
25.299647,21.982251,34.013471,1751.538520,-0.480754,46.642068,8.699470,3.236147,0.001334
25.315011,22.001419,33.989566,1746.808790,-0.501239,46.654204,8.678605,3.230831,0.001927
25.332165,22.018868,33.968800,1742.093198,-0.522794,46.666956,8.660473,3.223375,0.001551
25.346995,22.038669,33.943264,1737.391989,-0.543109,46.678061,8.644234,3.217803,0.000986
25.362086,22.057506,33.917318,1732.707634,-0.564002,46.692412,8.628921,3.212342,0.002484
25.378952,22.076332,33.892325,1728.036813,-0.587075,46.707039,8.613801,3.206744,0.003679
25.394592,22.095175,33.864273,1723.382248,-0.612694,46.719598,8.599490,3.201139,0.000990
25.410001,22.113270,33.833984,1718.738699,-0.635783,46.732787,8.585951,3.197757,-0.000747
25.426012,22.130612,33.802940,1714.108505,-0.660215,46.745869,8.574714,3.192885,-0.000263
25.443181,22.148576,33.774183,1709.491306,-0.686437,46.760181,8.564074,3.189427,0.000921
25.458263,22.167101,33.741803,1704.885064,-0.712767,46.773926,8.556308,3.187221,-0.000913
25.473793,22.185040,33.710784,1700.291296,-0.741537,46.787677,8.548667,3.186361,0.000825
25.490413,22.203048,33.677246,1695.707800,-0.769172,46.799624,8.543861,3.182491,-0.000266
25.506633,22.221046,33.642671,1691.134791,-0.797278,46.813364,8.538818,3.180347,-0.000750
25.522004,22.241091,33.605322,1686.570697,-0.825443,46.827016,8.537432,3.177629,-0.001884
25.537451,22.260694,33.567865,1682.014403,-0.855447,46.840184,8.535989,3.176830,-0.002680
25.553279,22.279177,33.530695,1677.464520,-0.886000,46.855652,8.535432,3.176660,-0.002238
25.569388,22.297647,33.490885,1672.924941,-0.915261,46.867978,8.537375,3.177065,-0.000928
25.584316,22.315801,33.450947,1668.391794,-0.945376,46.882442,8.540256,3.176278,0.000937
25.600994,22.332641,33.408295,1663.863577,-0.974592,46.897961,8.543688,3.177348,0.000573
25.616901,22.350813,33.366491,1659.341833,-1.004229,46.910867,8.549592,3.180463,0.001237
25.631865,22.368588,33.321836,1654.822998,-1.034153,46.925877,8.555497,3.183949,0.001829
25.647964,22.385307,33.276899,1650.308012,-1.064219,46.938223,8.563356,3.187313,0.001737
25.663158,22.404519,33.230447,1645.794120,-1.094884,46.950566,8.572828,3.190426,0.001552
25.678100,22.422642,33.182403,1641.283744,-1.123908,46.965944,8.583553,3.194985,0.000164
25.691617,22.441435,33.133722,1636.772776,-1.153251,46.977897,8.595183,3.200700,0.000432
25.706213,22.457705,33.083713,1632.263131,-1.182370,46.991407,8.607673,3.205970,-0.000606
25.721745,22.475623,33.032199,1627.753140,-1.209862,47.004426,8.621014,3.210952,0.000811
25.735902,22.492987,32.979511,1623.243316,-1.237992,47.015816,8.635022,3.215577,0.003143
25.749267,22.511536,32.928303,1618.731132,-1.262870,47.029596,8.653011,3.221074,0.003482
25.765627,22.530159,32.874354,1614.215419,-1.291401,47.044336,8.670198,3.225427,0.003672
25.781737,22.547768,32.819132,1609.698538,-1.317258,47.057045,8.690624,3.231707,0.003281
25.796118,22.565948,32.763670,1605.176209,-1.341271,47.071676,8.709456,3.238883,0.004201
25.810476,22.582629,32.708393,1600.649016,-1.363655,47.085036,8.729189,3.247140,0.003270
25.824834,22.600020,32.650679,1596.114769,-1.387019,47.097168,8.752480,3.255293,0.002096
25.839252,22.617307,32.591508,1591.574889,-1.408005,47.110602,8.772962,3.264615,0.001477
25.852096,22.632702,32.533434,1587.025521,-1.428769,47.124016,8.796899,3.275077,0.000036
25.865937,22.650746,32.475145,1582.470004,-1.448008,47.136421,8.819125,3.284711,-0.000649
25.881168,22.667704,32.414621,1577.907475,-1.467412,47.150206,8.843869,3.293890,0.000155
25.893949,22.683386,32.353414,1573.335144,-1.487577,47.162381,8.868241,3.302506,0.000006
25.907513,22.701020,32.290288,1568.753906,-1.504847,47.177007,8.895479,3.312215,0.000490
25.922506,22.717924,32.226664,1564.163232,-1.521685,47.190385,8.921890,3.321838,0.000994
25.936408,22.735862,32.165484,1559.561850,-1.535274,47.203648,8.947255,3.329808,0.000491
25.948901,22.751235,32.104592,1554.947458,-1.549447,47.216364,8.972615,3.339165,0.001369
25.964478,22.770152,32.041323,1550.322500,-1.561234,47.229381,8.997930,3.349430,0.001968
25.978812,22.787292,31.977876,1545.685218,-1.570562,47.242414,9.024407,3.358166,0.001649
25.993570,22.804263,31.914195,1541.036878,-1.578328,47.254749,9.050560,3.367015,-0.000792
26.008401,22.822435,31.851209,1536.375510,-1.588344,47.267716,9.076431,3.376899,-0.001709
26.020785,22.839296,31.788690,1531.701457,-1.594984,47.279751,9.103627,3.387873,-0.002093
26.034822,22.855786,31.724022,1527.013655,-1.601307,47.292956,9.129767,3.398098,-0.001852
26.048230,22.872034,31.662625,1522.313111,-1.605202,47.305799,9.156017,3.408079,-0.001437
26.062529,22.887512,31.598581,1517.599706,-1.607848,47.319104,9.180536,3.418260,-0.003330
26.078203,22.904632,31.535463,1512.874778,-1.608428,47.332826,9.204491,3.426296,-0.004689
26.091969,22.921141,31.472091,1508.134899,-1.607497,47.348413,9.229079,3.435713,-0.003473
26.105781,22.937192,31.407771,1503.382004,-1.607311,47.360485,9.252938,3.444379,-0.003199
26.118430,22.952934,31.343766,1498.615419,-1.604549,47.374453,9.274898,3.452553,-0.004551
26.131057,22.969467,31.279392,1493.832922,-1.603174,47.385766,9.298616,3.461715,-0.006121
26.144639,22.987334,31.217808,1489.039458,-1.597777,47.398864,9.319119,3.470931,-0.007803
26.157267,23.003725,31.156071,1484.231095,-1.591229,47.412892,9.338449,3.478466,-0.007052
26.171255,23.022201,31.093909,1479.412004,-1.585306,47.426573,9.358998,3.485438,-0.007139
26.184283,23.039570,31.031772,1474.580225,-1.577719,47.439612,9.377095,3.493666,-0.007589
26.198408,23.056769,30.971886,1469.733868,-1.567978,47.450992,9.395800,3.501912,-0.005090
26.213414,23.073682,30.913596,1464.877028,-1.558794,47.465097,9.413061,3.507947,-0.004435
26.226060,23.088676,30.853793,1460.009287,-1.548582,47.475756,9.428915,3.511672,-0.003679
26.238646,23.103779,30.794607,1455.127690,-1.537535,47.489110,9.444537,3.516546,-0.005936
26.252718,23.121335,30.737248,1450.237769,-1.526297,47.501742,9.457041,3.520118,-0.005498
26.264628,23.139621,30.679244,1445.336306,-1.513409,47.513393,9.470655,3.526032,-0.004814
26.278726,23.154482,30.620973,1440.424471,-1.501172,47.526461,9.481931,3.531386,-0.004854
26.293116,23.170880,30.564266,1435.503887,-1.487794,47.539111,9.491924,3.536660,-0.004916
26.306023,23.187766,30.509575,1430.573396,-1.472964,47.552990,9.500486,3.539450,-0.005158
26.317695,23.201776,30.452963,1425.636268,-1.459376,47.566392,9.509307,3.542581,-0.004458
26.329126,23.217218,30.400822,1420.690290,-1.444905,47.580432,9.516672,3.543180,-0.004917
26.340912,23.230941,30.347313,1415.737108,-1.429575,47.591040,9.521356,3.545718,-0.004558
26.353681,23.248337,30.294350,1410.779406,-1.414468,47.602538,9.526208,3.548056,-0.005787
26.366052,23.264284,30.243589,1405.814505,-1.400634,47.614343,9.530064,3.547899,-0.005653
26.376917,23.279040,30.191921,1400.845545,-1.383778,47.627904,9.531190,3.548344,-0.005264
26.387203,23.293940,30.142409,1395.873399,-1.367289,47.639896,9.529229,3.547667,-0.005192
26.399815,23.309753,30.093775,1390.897290,-1.353005,47.652192,9.527552,3.545831,-0.005825
26.412436,23.323555,30.042978,1385.919413,-1.339344,47.664375,9.522395,3.545057,-0.005748
26.425492,23.338770,29.995417,1380.939874,-1.325339,47.676569,9.518171,3.544750,-0.006377
26.436988,23.354783,29.948131,1375.961673,-1.312004,47.689533,9.513716,3.542433,-0.005980
26.450507,23.370246,29.899433,1370.980057,-1.299078,47.702587,9.507404,3.540952,-0.005035
26.463034,23.384882,29.854099,1365.999869,-1.284750,47.714861,9.498456,3.538053,-0.004612
26.475366,23.400129,29.808883,1361.021926,-1.273584,47.726827,9.488105,3.534248,-0.004053
26.488293,23.416524,29.763585,1356.045901,-1.263239,47.738308,9.478921,3.531037,-0.003091
26.500716,23.430527,29.719660,1351.071630,-1.252243,47.753501,9.470520,3.528304,-0.003913
26.513195,23.444020,29.676092,1346.101652,-1.242678,47.765243,9.460415,3.524779,-0.002040
26.523919,23.458217,29.632376,1341.135698,-1.234960,47.777785,9.449026,3.520927,-0.004465
26.538149,23.473982,29.587661,1336.174536,-1.226806,47.790982,9.435294,3.515330,-0.003207
26.548514,23.486948,29.547130,1331.216189,-1.220427,47.801973,9.420371,3.509569,-0.002530
26.560590,23.502517,29.505467,1326.266107,-1.216259,47.816225,9.408174,3.502962,-0.001118
26.575066,23.517885,29.464332,1321.322678,-1.210111,47.829035,9.392639,3.499245,0.000008
26.586550,23.532081,29.421139,1316.387256,-1.204488,47.841000,9.377806,3.491901,0.001986
26.599026,23.545872,29.380826,1311.459165,-1.201131,47.853280,9.361484,3.486722,0.001133
26.610643,23.559227,29.338536,1306.539154,-1.200727,47.865689,9.345364,3.481595,0.002422
26.622750,23.573058,29.296426,1301.628777,-1.201818,47.878023,9.328026,3.474958,0.002030
26.634644,23.588519,29.256718,1296.726142,-1.204333,47.889554,9.312617,3.468828,0.000600
26.646727,23.603714,29.214871,1291.833764,-1.206933,47.903569,9.296074,3.462579,0.000983
26.657659,23.617304,29.172058,1286.953222,-1.211677,47.914339,9.278474,3.457073,0.001595
26.670520,23.630200,29.131005,1282.082817,-1.215256,47.926379,9.262595,3.450183,0.001637
26.681723,23.643821,29.089986,1277.223108,-1.222229,47.939254,9.244851,3.445540,0.001623
26.694010,23.657878,29.048404,1272.375284,-1.231066,47.951155,9.226965,3.438948,0.001647
26.705697,23.671923,29.007561,1267.539461,-1.241349,47.964545,9.210532,3.433395,0.002673
26.717561,23.687289,28.967001,1262.714111,-1.253614,47.976991,9.192803,3.426783,0.001597
26.729127,23.701443,28.926322,1257.902946,-1.265804,47.987320,9.174410,3.418939,0.000837
26.742013,23.716404,28.884704,1253.103758,-1.278718,47.999205,9.157500,3.412926,-0.000187
26.752945,23.732310,28.841054,1248.317136,-1.292703,48.010579,9.141563,3.406311,-0.000179
26.764463,23.747025,28.798742,1243.541446,-1.307349,48.022901,9.127501,3.401295,0.000113
26.774131,23.758954,28.756772,1238.781191,-1.323651,48.033486,9.112445,3.395691,0.000629
26.784454,23.771898,28.714075,1234.033131,-1.342140,48.045704,9.096969,3.390320,0.000886
26.795621,23.786945,28.668635,1229.298266,-1.362188,48.057644,9.082541,3.384706,-0.000064
26.806913,23.800757,28.626661,1224.575881,-1.383414,48.068326,9.069868,3.380921,0.002274
26.818785,23.811816,28.583450,1219.867265,-1.404316,48.080485,9.057688,3.376371,0.002253
26.828955,23.824954,28.540487,1215.170492,-1.428438,48.093953,9.044415,3.370642,0.001442
26.839280,23.838811,28.494836,1210.485632,-1.453437,48.105833,9.033187,3.367557,0.000233
26.849984,23.852406,28.449106,1205.815719,-1.477648,48.117640,9.022438,3.362315,-0.000220
26.861169,23.865031,28.400731,1201.156889,-1.505127,48.129709,9.010762,3.357271,-0.000611
26.872303,23.879040,28.352427,1196.510241,-1.534836,48.141349,9.001948,3.353048,0.000475
26.883447,23.892813,28.304816,1191.876623,-1.562619,48.153429,8.993359,3.350637,0.000384
26.893736,23.906299,28.256183,1187.255508,-1.591912,48.167376,8.985231,3.346162,0.001483
26.904315,23.919932,28.206824,1182.643582,-1.622605,48.178753,8.979367,3.342645,0.001310
26.917222,23.932394,28.156721,1178.043798,-1.652442,48.192158,8.973043,3.339841,0.000594
26.927605,23.947476,28.105121,1173.457153,-1.683867,48.202249,8.967028,3.338212,0.000812
26.936724,23.961628,28.053365,1168.880641,-1.716314,48.213446,8.962912,3.337771,-0.000727
26.946601,23.975934,28.001553,1164.315248,-1.749316,48.224856,8.958968,3.337568,-0.001648
26.956755,23.987353,27.947727,1159.759624,-1.782352,48.238326,8.956383,3.335135,-0.000803
26.967056,24.000598,27.893025,1155.214117,-1.817124,48.249187,8.954511,3.335506,0.000247
26.977588,24.013636,27.837440,1150.676716,-1.851142,48.261651,8.952739,3.334084,-0.000113
26.988816,24.027696,27.781321,1146.147779,-1.885401,48.273893,8.954296,3.334392,-0.000879
26.999872,24.043144,27.724714,1141.628336,-1.917653,48.285059,8.953737,3.332880,0.002611
27.008981,24.055840,27.665625,1137.117551,-1.952664,48.296361,8.954995,3.333837,0.004482
27.018702,24.069060,27.606831,1132.614427,-1.986418,48.308326,8.956268,3.334888,0.003056
27.029593,24.081385,27.547083,1128.118047,-2.021296,48.319869,8.959016,3.334350,0.002885
27.041052,24.094798,27.485293,1123.629659,-2.056860,48.332120,8.963785,3.336178,0.001884
27.051303,24.105380,27.424804,1119.147925,-2.091709,48.345199,8.967563,3.337507,0.000890
27.061642,24.120153,27.361199,1114.670689,-2.128163,48.356719,8.973293,3.340574,0.001216
27.071699,24.132543,27.299922,1110.198716,-2.163485,48.368719,8.982156,3.343695,0.002411
27.082413,24.145908,27.237106,1105.732442,-2.197449,48.381424,8.989505,3.346487,0.000647
27.092292,24.156451,27.171541,1101.270162,-2.231781,48.390619,8.999607,3.348940,0.000150
27.102028,24.167799,27.106755,1096.812265,-2.265607,48.400248,9.007332,3.352241,-0.000268
27.112269,24.179898,27.041763,1092.357006,-2.299531,48.412217,9.017282,3.356039,-0.000857
27.122492,24.193824,26.976305,1087.903730,-2.330790,48.424638,9.029155,3.362403,-0.000991
27.133359,24.205344,26.909453,1083.454928,-2.363835,48.434458,9.039857,3.368244,-0.000678
27.142484,24.215864,26.842708,1079.007629,-2.396054,48.446753,9.052090,3.370577,-0.001144
27.151081,24.229597,26.775081,1074.561047,-2.427705,48.460051,9.063361,3.373827,-0.000982
27.161612,24.241725,26.708287,1070.118203,-2.458144,48.470185,9.076609,3.378242,-0.000977
27.171153,24.252718,26.641334,1065.674730,-2.487002,48.481722,9.088870,3.383094,-0.001607
27.180073,24.265068,26.570264,1061.232235,-2.515808,48.491701,9.102288,3.387724,-0.002280
27.188566,24.277383,26.500366,1056.789390,-2.544093,48.503414,9.116842,3.393317,-0.002552
27.197567,24.288326,26.430506,1052.346522,-2.571471,48.516281,9.130537,3.398120,-0.001406
27.204735,24.300178,26.360136,1047.902956,-2.597550,48.527919,9.143304,3.403781,-0.001596
27.214260,24.311067,26.288824,1043.457109,-2.623878,48.539731,9.156039,3.408978,0.000368
27.223515,24.324317,26.215767,1039.009836,-2.649504,48.552156,9.168302,3.414813,0.000138
27.233581,24.333680,26.142478,1034.558583,-2.671130,48.562470,9.182593,3.421023,-0.000214
27.243505,24.346080,26.069984,1030.109860,-2.692821,48.573657,9.195384,3.425594,-0.001368
27.251583,24.357270,25.997257,1025.654713,-2.717415,48.588531,9.209952,3.432285,-0.000467
27.261874,24.369244,25.925876,1021.198519,-2.738754,48.599796,9.224850,3.437703,-0.000111
27.271432,24.381477,25.853174,1016.739836,-2.757264,48.610010,9.240432,3.443388,0.000268
27.280247,24.392375,25.779708,1012.278274,-2.774488,48.620267,9.254876,3.449164,-0.000002
27.286814,24.405142,25.706571,1007.812457,-2.793015,48.630205,9.270766,3.456358,0.000610
27.294920,24.415108,25.633184,1003.344568,-2.809799,48.641918,9.285955,3.463613,-0.000270
27.303200,24.425546,25.560258,998.870422,-2.825311,48.652910,9.299109,3.467659,0.000989
0.048416,0.047366,57.699841,5197.601554,-0.534634,44.997291,2.744832,1.025726,0.001612
0.096658,0.097153,57.623337,5196.204028,-0.571964,44.997404,2.773443,1.033189,0.000608
0.146949,0.145269,57.540307,5194.800775,-0.605939,44.999433,2.801799,1.044121,-0.000183
0.196137,0.192404,57.454526,5193.388034,-0.641520,45.000502,2.833727,1.056111,-0.001929
0.245290,0.243132,57.365829,5191.962863,-0.676183,45.001718,2.868844,1.068099,-0.004597
0.294677,0.293451,57.269636,5190.526965,-0.712552,45.002823,2.904587,1.082077,-0.002389
0.343723,0.340928,57.173121,5189.077857,-0.744542,45.003234,2.943748,1.094744,-0.002593
0.393289,0.390522,57.069957,5187.617179,-0.775980,45.002773,2.985546,1.110575,-0.001578
0.442327,0.439687,56.963107,5186.140317,-0.809056,45.002963,3.030787,1.127115,-0.001333
0.491226,0.489074,56.851520,5184.646315,-0.838889,45.005686,3.076500,1.143447,-0.003209
0.540307,0.538601,56.735648,5183.134004,-0.869537,45.004546,3.125018,1.162482,-0.003300
0.590654,0.587039,56.615424,5181.602518,-0.899047,45.005258,3.175416,1.181623,-0.001706
0.640238,0.636013,56.491329,5180.048411,-0.928007,45.005324,3.227982,1.202706,-0.002109
0.688672,0.684527,56.364325,5178.470710,-0.955269,45.008431,3.285295,1.222594,-0.001114
0.737319,0.734597,56.231646,5176.866164,-0.982498,45.010820,3.345200,1.245429,-0.001625
0.787005,0.783729,56.096712,5175.236828,-1.009567,45.010872,3.407548,1.267905,-0.000167
0.836934,0.834291,55.957401,5173.576075,-1.035917,45.011899,3.472983,1.292106,0.000149
0.884966,0.883612,55.815589,5171.886054,-1.060419,45.013073,3.540636,1.317560,-0.000004
0.933073,0.931620,55.672049,5170.163554,-1.084298,45.013407,3.610776,1.343400,-0.001335
0.982709,0.981883,55.524790,5168.404752,-1.105711,45.014590,3.682344,1.370106,0.000623
1.029952,1.031361,55.376719,5166.610128,-1.125073,45.014835,3.759146,1.397855,0.001212
1.077553,1.080301,55.220602,5164.780420,-1.156350,45.049375,3.839323,1.427617,33.000437
1.124970,1.131164,55.062950,5162.911037,-1.184270,45.084084,3.922019,1.459665,33.001087
1.173405,1.181022,54.901526,5161.001826,-1.210223,45.121873,4.010109,1.490170,33.002129
1.222233,1.229282,54.736372,5159.051686,-1.236884,45.158762,4.101256,1.523374,33.002828
1.271393,1.277917,54.566109,5157.054392,-1.260419,45.198891,4.195670,1.558371,33.002551
1.321392,1.324725,54.395361,5155.009500,-1.284044,45.238643,4.293977,1.594748,33.003051
1.369290,1.370692,54.219443,5152.913171,-1.306665,45.278039,4.396644,1.633444,33.002876
1.416691,1.419142,54.042088,5150.764164,-1.327950,45.320241,4.503744,1.674596,33.000992
1.466100,1.468485,53.862936,5148.559547,-1.347524,45.364005,4.614481,1.715241,33.000783
1.514925,1.518121,53.678327,5146.296006,-1.367083,45.408329,4.727890,1.758025,33.001282
1.563748,1.566692,53.492147,5143.969114,-1.382507,45.453643,4.848534,1.802955,33.000808
1.612472,1.617574,53.305147,5141.580003,-1.397472,45.500866,4.973717,1.852105,33.000655
1.661614,1.665962,53.116796,5139.121885,-1.408873,45.549589,5.102700,1.900182,32.999312
1.709279,1.715875,52.926676,5136.592817,-1.418969,45.599541,5.236569,1.949807,32.998154
1.757468,1.765176,52.734410,5133.992738,-1.431294,45.649228,5.374353,2.002335,32.998086
1.805577,1.814782,52.540972,5131.316441,-1.438406,45.700711,5.515389,2.056100,32.999266
1.854728,1.864853,52.346822,5128.560920,-1.443838,45.756918,5.660399,2.109886,32.997479
1.902388,1.912599,52.151743,5125.725877,-1.448032,45.811519,5.810953,2.166946,32.997676
1.947635,1.960970,51.957712,5122.803522,-1.450205,45.866514,5.963809,2.224230,32.998667
1.995714,2.010904,51.763509,5119.795718,-1.451044,45.924721,6.121381,2.282776,32.999121
2.042879,2.060849,51.570308,5116.698692,-1.450050,45.983357,6.281926,2.344182,32.999487
2.090103,2.110219,51.376407,5113.508106,-1.443065,46.045862,6.447873,2.405192,32.999502
2.137883,2.160769,51.183095,5110.221949,-1.437107,46.107773,6.614467,2.466594,32.999091
2.185826,2.208800,50.994074,5106.837682,-1.428711,46.171356,6.787008,2.530905,32.998958
2.232330,2.256645,50.804243,5103.355981,-1.417183,46.235958,6.960746,2.596663,32.998988
2.279565,2.308245,50.616527,5099.774263,-1.405872,46.302520,7.136425,2.662922,32.999847
2.325838,2.356732,50.431981,5096.087598,-1.389732,46.371057,7.315095,2.729288,33.001183
2.373280,2.405639,50.248569,5092.295271,-1.370288,46.442221,7.495617,2.795784,33.001382
2.418611,2.452745,50.067478,5088.398159,-1.346826,46.516304,7.677357,2.861982,33.000739
2.465824,2.500742,49.891068,5084.393806,-1.322256,46.589761,7.860342,2.929858,32.999028
2.511164,2.551262,49.718365,5080.283230,-1.295682,46.666800,8.041416,2.997973,32.997998
2.558309,2.601063,49.547422,5076.061804,-1.267433,46.744993,8.223759,3.066325,32.998408
2.605072,2.651711,49.380557,5071.734665,-1.235210,46.825587,8.403832,3.134203,32.998669
2.651036,2.701137,49.220730,5067.297620,-1.200503,46.907959,8.581745,3.198955,32.998940
2.696983,2.750060,49.062636,5062.752415,-1.163477,46.991353,8.756265,3.263343,32.998207
2.742597,2.799108,48.912962,5058.102462,-1.123883,47.076491,8.928568,3.326825,32.998206
2.788578,2.849195,48.767191,5053.345338,-1.083185,47.160639,9.097049,3.390922,32.998372
2.834636,2.898810,48.627217,5048.485539,-1.040587,47.249364,9.260089,3.451386,32.999801
2.878590,2.948442,48.492712,5043.525708,-0.994555,47.339804,9.417936,3.510050,32.997676
2.922705,2.999646,48.364841,5038.468726,-0.947081,47.432115,9.570982,3.565965,32.998550
2.969200,3.050312,48.244380,5033.314409,-0.896721,47.526532,9.715779,3.620446,32.998412
3.013621,3.100372,48.130229,5028.067704,-0.846268,47.617924,9.852285,3.671386,32.998914
3.059827,3.149360,48.022297,5022.733913,-0.792110,47.714732,9.982805,3.718938,33.002938
3.104745,3.198562,47.921906,5017.314689,-0.736700,47.811375,10.103379,3.762684,33.003765
3.151026,3.247048,47.830006,5011.818761,-0.680165,47.910039,10.214761,3.803485,33.003303
3.197806,3.297404,47.742653,5006.249336,-0.622107,48.006924,10.314247,3.840804,33.001801
3.242625,3.346004,47.663704,5000.611162,-0.562856,48.109022,10.403090,3.875192,33.000317
3.286395,3.397146,47.592963,4994.910750,-0.501821,48.210124,10.483047,3.904776,33.000864
3.331927,3.445489,47.531459,4989.155299,-0.441509,48.311185,10.548012,3.931874,33.001751
3.374401,3.493944,47.479259,4983.348820,-0.379669,48.415761,10.602798,3.952460,33.002429
3.419758,3.545182,47.434939,4977.499532,-0.316838,48.519229,10.645327,3.968218,33.002506
3.465659,3.596783,47.396302,4971.612215,-0.252856,48.625866,10.675840,3.978156,33.002325
3.508862,3.645581,47.368790,4965.695248,-0.188915,48.730666,10.693933,3.983882,33.000836
3.553631,3.694769,47.345691,4959.758075,-0.126484,48.834911,10.698917,3.986402,32.999881
3.597602,3.745895,47.334310,4953.805721,-0.061795,48.939595,10.693570,3.984754,32.999218
3.641240,3.796051,47.331104,4947.843473,0.002171,49.044398,10.674804,3.978431,33.000022
3.684019,3.846140,47.333617,4941.879612,0.064159,49.148662,10.642934,3.965278,32.999394
3.727867,3.894900,47.345916,4935.921480,0.125802,49.253252,10.598501,3.948561,32.999388
3.771825,3.945485,47.364810,4929.975312,0.187244,49.357085,10.544086,3.928275,32.998960
3.814201,3.996677,47.391449,4924.048175,0.247627,49.461617,10.476238,3.902654,33.000549
3.857170,4.047618,47.426245,4918.145336,0.305045,49.564397,10.398658,3.873197,33.000168
3.901277,4.097530,47.470270,4912.275110,0.363273,49.666813,10.310713,3.841028,32.999419
3.943022,4.148686,47.520108,4906.440124,0.419553,49.769574,10.212851,3.804896,33.000617
3.987107,4.199631,47.579763,4900.648049,0.474358,49.870114,10.107183,3.765182,33.000613
4.028821,4.250696,47.645005,4894.903202,0.526290,49.969652,9.993516,3.722191,32.999905
4.071049,4.302321,47.715796,4889.212122,0.579787,50.069306,9.869408,3.675850,33.000185
4.112345,4.354369,47.793330,4883.578487,0.629936,50.167460,9.740220,3.626684,33.000948
4.153352,4.405411,47.877731,4878.008050,0.677452,50.263999,9.604273,3.576723,33.001227
4.194586,4.454511,47.966666,4872.505369,0.724034,50.360654,9.462444,3.523367,33.001035
4.236268,4.503988,48.060519,4867.069846,0.767118,50.455343,9.315522,3.467104,32.999960
4.278358,4.553614,48.160977,4861.706233,0.808048,50.549994,9.165932,3.413901,32.999248
4.318393,4.603066,48.264968,4856.417787,0.845429,50.642576,9.011197,3.355384,33.000403
4.360040,4.653187,48.374174,4851.207719,0.881364,50.731754,8.853738,3.297613,33.000049
4.400692,4.701611,48.488481,4846.077606,0.915135,50.819399,8.693111,3.237951,33.000937
4.440882,4.751096,48.606585,4841.028471,0.945240,50.906398,8.531323,3.176739,33.000104
4.484090,4.800362,48.726687,4836.061335,0.974844,50.994581,8.369721,3.116624,32.998727
4.524496,4.852007,48.851553,4831.176849,1.003614,51.078743,8.207023,3.056847,32.999725
4.564991,4.902685,48.982014,4826.380358,1.028905,51.162076,8.044737,2.995976,32.999505
4.604643,4.954669,49.111239,4821.669198,1.050398,51.245790,7.880798,2.935125,32.999498
4.644969,5.003963,49.244684,4817.040775,1.067379,51.326021,7.719265,2.875635,32.998289
4.685744,5.056644,49.380644,4812.498817,1.082236,51.404045,7.560462,2.817429,32.997205
4.726102,5.106545,49.517299,4808.040570,1.095455,51.482344,7.403120,2.756001,32.997110
4.766201,5.155284,49.656396,4803.667537,1.105917,51.559298,7.248864,2.698487,32.997889
4.804159,5.205373,49.794357,4799.381059,1.115570,51.634767,7.094938,2.643429,32.999306
4.844572,5.255517,49.935424,4795.176091,1.121857,51.707429,6.943602,2.587483,32.997611
4.885392,5.306507,50.077180,4791.052846,1.125353,51.778960,6.797100,2.533903,32.997402
4.925252,5.358265,50.217155,4787.011638,1.128206,51.849778,6.653761,2.480317,32.996822
4.965664,5.410156,50.358440,4783.049265,1.128531,51.920945,6.511523,2.427754,32.996978
5.004990,5.459716,50.501814,4779.164354,1.124966,51.990306,6.374324,2.375777,32.995362
5.043721,5.509767,50.643120,4775.357069,1.119965,52.058742,6.238635,2.325115,32.994969
5.083835,5.560054,50.781974,4771.626855,1.112313,52.122535,6.107173,2.276516,32.993750
5.123076,5.610070,50.918135,4767.967644,1.102655,52.187389,5.981119,2.228076,32.994768
5.161877,5.660882,51.055797,4764.382694,1.092296,52.250708,5.858018,2.182256,32.996373
5.201330,5.711861,51.190396,4760.867537,1.079307,52.313324,5.738800,2.138685,32.997585
5.240109,5.764160,51.321740,4757.420417,1.066824,52.373616,5.625859,2.096914,32.997899
5.279105,5.813499,51.451168,4754.042780,1.048678,52.433054,5.515829,2.053658,32.999812
5.316080,5.864756,51.580026,4750.729458,1.031030,52.494249,5.412545,2.014290,32.999399
5.353999,5.915943,51.707316,4747.481259,1.009981,52.552575,5.310655,1.977093,32.998612
5.393053,5.967197,51.832160,4744.292007,0.986959,52.610572,5.212040,1.939931,32.998070
5.432319,6.018771,51.953437,4741.161492,0.963193,52.666487,5.116733,1.903648,32.997871
5.470094,6.068102,52.071536,4738.091489,0.938534,52.722320,5.024454,1.869739,32.997272
5.507259,6.119841,52.185767,4735.077235,0.911343,52.778136,4.937494,1.837541,32.996579
5.546054,6.169979,52.297419,4732.114861,0.883767,52.833192,4.855286,1.807006,32.996212
5.583182,6.218301,52.405213,4729.205632,0.853883,52.888171,4.776723,1.777851,32.996760
5.620814,6.268614,52.510167,4726.347279,0.824826,52.940944,4.701289,1.750124,32.998459
5.659608,6.318463,52.610282,4723.536665,0.792340,52.991456,4.630014,1.724045,32.999955
5.696694,6.370407,52.706047,4720.772925,0.760110,53.042718,4.563473,1.698463,33.000275
5.735386,6.422899,52.796451,4718.055179,0.725716,53.094178,4.499828,1.673901,32.998282
5.771855,6.473406,52.884226,4715.381093,0.691545,53.144996,4.439183,1.650659,32.998383
5.808799,6.523983,52.967370,4712.747284,0.655512,53.195829,4.382798,1.629651,32.999598
5.848936,6.576072,53.047365,4710.153738,0.620159,53.244293,4.329345,1.608801,32.999998
5.886911,6.625867,53.119803,4707.598652,0.582289,53.295765,4.277648,1.591461,33.000682
5.923829,6.677893,53.189273,4705.078767,0.544384,53.344188,4.232277,1.575474,32.999794
5.961449,6.728734,53.254132,4702.595660,0.505539,53.393834,4.188033,1.557991,32.999613
5.999021,6.779414,53.313365,4700.141351,0.464886,53.440547,4.148143,1.542908,33.000816
6.035722,6.829037,53.367617,4697.720481,0.425375,53.487114,4.111273,1.530759,32.999891
6.072759,6.882313,53.417309,4695.329138,0.384090,53.534101,4.078301,1.519526,32.999823
6.110278,6.931820,53.462335,4692.966551,0.343594,53.579126,4.050139,1.508516,32.998582
6.146105,6.981804,53.501909,4690.629107,0.300086,53.626870,4.022513,1.499761,32.999134
6.184193,7.032498,53.534033,4688.317122,0.258017,53.673552,3.999215,1.490058,33.000166
6.221810,7.084088,53.563320,4686.028076,0.215147,53.719745,3.980427,1.481629,33.000101
6.260564,7.136954,53.586885,4683.761474,0.172666,53.764533,3.962487,1.475336,33.000218
6.297497,7.187243,53.607231,4681.512386,0.129391,53.811452,3.947434,1.470535,33.000123
6.335167,7.237982,53.620596,4679.281601,0.086484,53.858056,3.938038,1.467586,32.999623
6.371653,7.287749,53.628925,4677.067787,0.043036,53.902876,3.931582,1.462910,32.999442
6.408193,7.338470,53.631338,4674.869646,-0.001200,53.951233,3.926080,1.460132,32.999194
6.444347,7.387451,53.629487,4672.684189,-0.045691,53.998631,3.924000,1.459647,32.997815
6.482330,7.437405,53.621822,4670.509168,-0.090274,54.043242,3.925910,1.460663,32.997557
6.518484,7.490280,53.607066,4668.343308,-0.135952,54.090525,3.931370,1.459823,32.998131
6.554358,7.541208,53.587234,4666.186290,-0.180507,54.137978,3.938672,1.462329,32.998075
6.589671,7.592338,53.560947,4664.036157,-0.224448,54.184318,3.949609,1.465964,32.996967
6.624344,7.641955,53.531399,4661.889331,-0.268869,54.231953,3.960012,1.470794,32.997979
6.662466,7.692058,53.495575,4659.745771,-0.312765,54.278306,3.975345,1.477150,32.997763
6.698989,7.743150,53.453162,4657.603798,-0.356158,54.324289,3.995346,1.485744,32.997858
6.735385,7.794592,53.407141,4655.460285,-0.400878,54.371874,4.019093,1.495071,32.998232
6.772294,7.845126,53.354946,4653.318424,-0.444400,54.421383,4.045360,1.503256,32.999023
6.809967,7.896471,53.297254,4651.169578,-0.486923,54.468662,4.073652,1.514567,32.998331
6.846474,7.947998,53.234964,4649.013576,-0.529791,54.516596,4.105266,1.527254,32.999945
6.883522,7.997950,53.168801,4646.849709,-0.572291,54.567498,4.142054,1.539903,32.998911
6.920442,8.049955,53.096039,4644.676530,-0.613057,54.614942,4.179458,1.556099,32.999738
6.955779,8.102256,53.017537,4642.491756,-0.654206,54.665631,4.219157,1.571806,32.999766
6.991361,8.153343,52.934012,4640.289354,-0.693365,54.714457,4.263906,1.588041,33.001597
7.025606,8.205470,52.846155,4638.074367,-0.734511,54.767037,4.313502,1.605189,33.001338
7.061431,8.256613,52.753852,4635.840848,-0.774880,54.819189,4.364415,1.623931,33.001329
7.097222,8.307004,52.658373,4633.585787,-0.813201,54.872534,4.418670,1.645100,33.002989
7.131997,8.359404,52.557052,4631.310734,-0.851559,54.927220,4.477849,1.667668,33.002700
7.166958,8.409173,52.448489,4629.010509,-0.888628,54.981575,4.542852,1.691629,33.001789
7.203039,8.460765,52.337509,4626.683573,-0.926416,55.035909,4.609631,1.716512,33.002220
7.240201,8.512912,52.224921,4624.325542,-0.963098,55.090570,4.678927,1.744782,33.001911
7.275110,8.566296,52.106846,4621.936630,-0.996247,55.146831,4.751454,1.771874,33.002117
7.310883,8.618065,51.984461,4619.514308,-1.014556,55.155556,4.828076,1.801697,0.002002
7.344834,8.667870,51.861858,4617.051419,-1.032300,55.162693,4.907586,1.831318,0.001616
7.382455,8.721469,51.736849,4614.548639,-1.049794,55.171862,4.990348,1.859414,0.002545
7.418464,8.771361,51.611033,4612.003173,-1.062988,55.180319,5.076020,1.891566,0.002887
7.452989,8.821559,51.480757,4609.412031,-1.075790,55.189994,5.163291,1.924092,0.002054
7.489399,8.870681,51.349140,4606.773582,-1.086628,55.197927,5.255468,1.958667,0.002580
7.523757,8.920605,51.217148,4604.088495,-1.096484,55.206732,5.346680,1.994423,0.003383
7.559306,8.973034,51.083958,4601.350929,-1.104064,55.216134,5.439329,2.030501,0.004801
7.594566,9.022880,50.951296,4598.565738,-1.110903,55.223854,5.535815,2.065521,0.003439
7.629036,9.074953,50.816257,4595.725807,-1.115961,55.231539,5.634049,2.099811,0.003489
7.663570,9.126730,50.682612,4592.831559,-1.118639,55.243020,5.732383,2.137207,0.004933
7.698430,9.178778,50.548778,4589.882220,-1.119544,55.252041,5.834411,2.174784,0.004434
7.733330,9.229931,50.415080,4586.871839,-1.119222,55.260637,5.938108,2.213570,0.002877
7.767868,9.279443,50.281293,4583.804646,-1.116200,55.269561,6.045266,2.254610,0.002699
7.802143,9.330304,50.147490,4580.678686,-1.112816,55.279173,6.152029,2.294665,0.001882
7.837047,9.379890,50.015449,4577.491340,-1.106976,55.286205,6.257683,2.335036,0.001598
7.871636,9.428403,49.884707,4574.241300,-1.098234,55.296408,6.364564,2.375056,0.000783
7.908562,9.481980,49.754349,4570.927976,-1.087299,55.304917,6.470894,2.414500,-0.000041
7.943199,9.532160,49.624703,4567.551148,-1.074730,55.312442,6.579012,2.454260,-0.000211
7.977614,9.582810,49.497767,4564.112046,-1.061309,55.321137,6.689253,2.494723,0.000789
8.011767,9.634512,49.371943,4560.609682,-1.044682,55.329612,6.798917,2.534988,-0.000530
8.046643,9.684958,49.247936,4557.038967,-1.027378,55.339300,6.907132,2.574915,0.000114
8.081415,9.737239,49.126304,4553.404832,-1.006595,55.347784,7.015108,2.613869,-0.000266
8.115654,9.788459,49.009576,4549.704367,-0.985469,55.358468,7.120784,2.652815,0.000389
8.151312,9.839567,48.892728,4545.940024,-0.960731,55.368998,7.225629,2.691776,0.000057
8.186438,9.887059,48.780410,4542.110003,-0.933770,55.378463,7.329468,2.729183,-0.000150
8.222120,9.936711,48.670608,4538.216397,-0.906027,55.387076,7.430408,2.769862,-0.001261
0.052686,0.050050,51.322379,5311.224249,-0.465862,45.003261,7.008000,2.611452,0.000362
0.102276,0.099098,51.260728,5307.402930,-0.429494,45.003386,7.057418,2.631066,0.000679
0.154520,0.149499,51.204245,5303.547475,-0.392050,45.003154,7.105682,2.649208,0.000690
0.203658,0.200505,51.152702,5299.658468,-0.354575,45.003226,7.146951,2.663516,0.001348
0.253402,0.249180,51.108668,5295.736546,-0.314429,45.002923,7.183194,2.677877,-0.000915
0.303992,0.300909,51.068865,5291.786935,-0.273892,45.001382,7.211833,2.690514,-0.000474
0.354347,0.353155,51.035211,5287.813065,-0.234401,45.002503,7.236631,2.700555,-0.000588
0.405730,0.402478,51.006161,5283.816419,-0.193171,45.003709,7.256051,2.707769,-0.000936
0.456420,0.453595,50.981596,5279.804502,-0.154245,45.005094,7.269969,2.713886,-0.000172
0.506085,0.501778,50.963530,5275.772526,-0.112504,45.006076,7.277506,2.714602,-0.001240
0.555001,0.551833,50.950661,5271.728508,-0.072454,45.004872,7.277043,2.715367,-0.001679
0.603049,0.602630,50.944319,5267.673655,-0.032098,45.005570,7.271787,2.712857,-0.001179
0.652506,0.651906,50.942987,5263.613379,0.007841,45.005175,7.262077,2.709113,-0.001018
0.701830,0.701148,50.947595,5259.551168,0.048988,45.006570,7.246705,2.703088,-0.001853
0.750967,0.750493,50.957172,5255.490922,0.088147,45.008170,7.226775,2.695623,-0.001299
0.800913,0.801482,50.972168,5251.432689,0.127188,45.009068,7.199297,2.684557,-0.000722
0.850884,0.849808,50.992064,5247.380867,0.164697,45.009627,7.166428,2.672829,0.000954
0.901769,0.900460,51.018222,5243.338955,0.202838,45.009455,7.130519,2.659423,0.000430
0.950631,0.950009,51.049029,5239.309322,0.241497,45.009591,7.089054,2.643756,-0.000030
0.998873,0.999332,51.084408,5235.293803,0.278031,45.011197,7.042545,2.627409,-0.000117
1.046459,1.047220,51.124957,5231.299452,0.312960,45.011667,6.992859,2.607346,-0.000898
1.096629,1.097877,51.169541,5227.324420,0.345849,44.987748,6.936861,2.585802,-12.999244
1.146825,1.145378,51.219511,5223.372566,0.376463,44.964388,6.876693,2.565097,-12.999531
1.197379,1.194546,51.273630,5219.448209,0.405934,44.938974,6.813711,2.540235,-12.999616
1.246153,1.245016,51.331497,5215.549542,0.434461,44.914456,6.749834,2.516389,-12.998484
1.295299,1.292799,51.392627,5211.682651,0.461179,44.890753,6.683095,2.490561,-12.997747
1.345078,1.342716,51.456966,5207.848839,0.488048,44.868316,6.611883,2.464848,-12.999959
1.394268,1.391009,51.525878,5204.045936,0.513852,44.846774,6.537912,2.438231,-13.000006
1.442126,1.439695,51.597191,5200.279958,0.536882,44.823189,6.463243,2.410234,-12.999690
1.490242,1.488707,51.670834,5196.549356,0.559829,44.800441,6.386115,2.380591,-12.997828
1.539053,1.538542,51.746967,5192.857201,0.581196,44.779916,6.307475,2.351178,-12.997869
1.588318,1.587203,51.830245,5189.205046,0.600633,44.756683,6.228229,2.321092,-12.998816
1.638022,1.635145,51.913226,5185.593892,0.617549,44.733692,6.149105,2.291943,-12.997933
1.688964,1.684041,51.996713,5182.021583,0.635592,44.712280,6.067504,2.259916,-13.001181
1.738542,1.732852,52.082158,5178.490604,0.652039,44.690737,5.985146,2.230298,-13.002126
1.787399,1.780970,52.171257,5175.003815,0.666100,44.670757,5.902583,2.202246,-13.002367
1.837297,1.830045,52.262056,5171.558190,0.678664,44.651157,5.818494,2.173223,-13.002345
1.886179,1.880543,52.355938,5168.154974,0.689340,44.632022,5.735007,2.141596,-13.002045
1.935419,1.928190,52.450602,5164.794429,0.698128,44.611375,5.654163,2.110323,-13.001611
1.984224,1.976616,52.545747,5161.478760,0.705625,44.593064,5.573191,2.079379,-13.000360
2.033079,2.026166,52.641084,5158.209027,0.711364,44.573250,5.493121,2.047566,-13.000275
2.083016,2.074553,52.738375,5154.980994,0.718458,44.554568,5.411987,2.017867,-12.999082
2.134668,2.122208,52.833307,5151.796637,0.722574,44.536120,5.330085,1.988118,-12.999352
2.182807,2.170374,52.931048,5148.657401,0.724922,44.519961,5.250246,1.958877,-12.999588
2.232943,2.220706,53.028574,5145.562322,0.726187,44.502401,5.174564,1.930642,-13.000651
2.281751,2.270245,53.126655,5142.508827,0.725619,44.485972,5.098223,1.902164,-12.999676
2.330333,2.320134,53.225193,5139.498389,0.724979,44.470390,5.022557,1.876096,-13.001035
2.378507,2.367100,53.321436,5136.531231,0.721790,44.455034,4.950856,1.848780,-13.002362
2.427901,2.413621,53.418904,5133.607306,0.718012,44.438092,4.879012,1.821282,-13.000710
2.476899,2.462377,53.512997,5130.719716,0.712785,44.420817,4.807709,1.792458,-13.000586
2.525601,2.510400,53.608351,5127.874199,0.705129,44.406854,4.740241,1.767761,-12.999749
2.572539,2.558886,53.702480,5125.068554,0.698991,44.391399,4.673467,1.741449,-12.999682
2.621429,2.607239,53.793679,5122.302702,0.690031,44.374093,4.607465,1.717583,-12.999483
2.670292,2.655815,53.885743,5119.575498,0.678983,44.361879,4.544127,1.693614,-12.997470
2.719832,2.704605,53.975618,5116.885330,0.668077,44.347725,4.481831,1.671991,-12.998146
2.766595,2.751728,54.064662,5114.233818,0.654548,44.336079,4.419989,1.648433,-13.000129
2.816648,2.798933,54.149493,5111.617477,0.639643,44.322733,4.360491,1.625934,-12.999470
2.865162,2.846854,54.233073,5109.035175,0.626612,44.308933,4.304874,1.605568,-13.000784
2.914049,2.895842,54.318128,5106.488264,0.609093,44.295135,4.249817,1.584295,-13.001695
2.963468,2.940560,54.399158,5103.975814,0.591927,44.282470,4.198192,1.565808,-13.002581
3.012853,2.988239,54.478135,5101.496442,0.575692,44.269251,4.149459,1.548095,-13.001733
3.061483,3.035902,54.555963,5099.047170,0.557748,44.256526,4.101822,1.529620,-13.001327
3.110033,3.083952,54.631244,5096.630529,0.539765,44.246173,4.055293,1.513268,-13.001271
3.157724,3.130893,54.702331,5094.243178,0.520513,44.235558,4.010524,1.496464,-12.999486
3.206178,3.178735,54.771096,5091.884465,0.500586,44.223469,3.968358,1.480820,-12.998258
3.253809,3.226333,54.834490,5089.553714,0.479775,44.209309,3.928305,1.464960,-12.998162
3.304947,3.271685,54.895981,5087.249819,0.460061,44.198186,3.891139,1.450571,-12.997820
3.354646,3.318139,54.954466,5084.972424,0.438788,44.185430,3.856886,1.435169,-12.996613
3.403000,3.366226,55.010717,5082.720666,0.416529,44.173596,3.822236,1.422833,-12.997571
3.451740,3.413273,55.065204,5080.491517,0.393072,44.161532,3.789348,1.411197,-12.998424
3.499363,3.460588,55.116592,5078.286983,0.367184,44.148363,3.759921,1.398903,-12.997106
3.548348,3.508457,55.165300,5076.103881,0.340704,44.138116,3.732018,1.389111,-12.996797
3.597669,3.555358,55.207799,5073.940883,0.314758,44.128834,3.707344,1.380477,-12.997705
3.646460,3.600666,55.247946,5071.801262,0.286652,44.118523,3.681685,1.370873,-12.997975
3.693041,3.649539,55.286029,5069.679876,0.260906,44.110567,3.660486,1.364011,-12.999896
3.742962,3.696039,55.316512,5067.577846,0.235368,44.100642,3.639958,1.355114,-13.001095
3.793362,3.743901,55.344042,5065.494388,0.208499,44.090777,3.622129,1.347288,-13.000769
3.842414,3.790204,55.367764,5063.427597,0.181144,44.079689,3.607511,1.341094,-13.000325
3.889400,3.837269,55.391225,5061.374101,0.155380,44.071128,3.592701,1.337085,-13.001689
3.937540,3.883326,55.411053,5059.333826,0.127791,44.060253,3.580400,1.332396,-13.001080
3.986791,3.929922,55.426575,5057.308605,0.096882,44.050376,3.570711,1.328210,-13.001133
4.036695,3.977291,55.437043,5055.295334,0.066109,44.040539,3.561040,1.326059,-13.001067
4.085617,4.024614,55.443646,5053.294099,0.038174,44.030518,3.554384,1.324139,-12.999798
4.133454,4.072028,55.445377,5051.303629,0.009577,44.021986,3.550171,1.322462,-12.999071
4.183009,4.121011,55.445828,5049.321121,-0.020587,44.013979,3.548483,1.322392,-12.999685
4.230391,4.169749,55.440353,5047.346747,-0.049023,44.005213,3.548093,1.320570,-13.000563
4.279009,4.217140,55.432083,5045.379451,-0.078869,43.995521,3.549714,1.320603,-13.000746
4.327600,4.265720,55.420057,5043.419220,-0.107619,43.984434,3.553765,1.320881,-13.002194
4.375870,4.314144,55.405358,5041.463343,-0.135784,43.974415,3.558637,1.323960,-13.002190
4.425559,4.359341,55.385101,5039.511238,-0.164804,43.964515,3.566144,1.325781,-13.002281
4.472543,4.405545,55.360635,5037.560727,-0.194406,43.955557,3.576605,1.330474,-13.002983
4.520993,4.453371,55.332332,5035.614030,-0.223639,43.946858,3.587946,1.333836,-13.002947
4.571201,4.499583,55.300147,5033.665568,-0.253811,43.938262,3.601397,1.340615,-13.002676
4.619824,4.546161,55.263947,5031.715179,-0.283801,43.929447,3.616719,1.346333,-13.001282
4.667629,4.594410,55.223682,5029.765871,-0.311014,43.922356,3.635037,1.352595,-13.001104
4.715505,4.641146,55.180632,5027.814946,-0.339217,43.915023,3.653386,1.358589,-12.999907
4.763623,4.686935,55.134349,5025.857489,-0.365868,43.906766,3.671719,1.368837,-12.999425
4.812566,4.733738,55.084983,5023.895877,-0.391273,43.898576,3.695766,1.377869,-12.999231
4.860473,4.781833,55.030659,5021.925959,-0.419535,43.889283,3.721606,1.388035,-12.999218
4.909155,4.827289,54.971674,5019.948497,-0.445997,43.879115,3.750046,1.396655,-13.000400
4.960081,4.874594,54.911038,5017.961246,-0.473920,43.868742,3.779078,1.405997,-12.999531
5.009586,4.921308,54.846372,5015.963314,-0.500704,43.860068,3.812418,1.418753,-12.999932
5.056050,4.968248,54.776420,5013.956242,-0.527105,43.849980,3.843648,1.432870,-13.000809
5.105324,5.014006,54.704419,5011.936237,-0.553514,43.840065,3.877444,1.444463,-13.001892
5.152566,5.060272,54.631867,5009.901778,-0.578673,43.828318,3.915736,1.458173,-13.002979
5.201125,5.106865,54.556118,5007.852440,-0.603115,43.819559,3.955118,1.473314,-13.002031
5.248432,5.154030,54.475797,5005.785770,-0.627760,43.810516,3.996146,1.489013,-13.004000
5.296837,5.201352,54.392845,5003.700009,-0.649787,43.800285,4.041282,1.503371,-13.005314
5.344349,5.248474,54.307837,5001.596094,-0.673168,43.789697,4.088660,1.518856,-13.003202
5.393235,5.294573,54.217068,4999.469636,-0.695879,43.777966,4.135912,1.535784,-13.003519
5.440863,5.340220,54.123977,4997.321124,-0.716164,43.767335,4.186023,1.555276,-13.003114
5.488696,5.385731,54.029251,4995.149805,-0.734084,43.757821,4.238712,1.573532,-13.002992
5.536557,5.432262,53.932214,4992.953590,-0.752099,43.747241,4.294765,1.594828,-13.004328
5.585322,5.479505,53.831795,4990.730719,-0.770135,43.736384,4.352531,1.614710,-13.004679
5.633807,5.525404,53.729040,4988.479698,-0.787892,43.725150,4.411105,1.637934,-13.005443
5.681804,5.570866,53.625024,4986.201672,-0.803489,43.712639,4.472738,1.661236,-13.004461
5.730327,5.618069,53.517771,4983.893920,-0.819382,43.701116,4.536631,1.685870,-13.005403
5.778185,5.663661,53.409722,4981.551370,-0.835203,43.689582,4.600090,1.709987,-13.004904
5.825720,5.708996,53.299762,4979.176579,-0.848018,43.679535,4.668533,1.735728,-13.004481
5.874622,5.757564,53.187446,4976.766276,-0.861963,43.666896,4.737250,1.761923,-13.004088
5.924042,5.803772,53.074889,4974.319031,-0.873854,43.654002,4.809195,1.787416,-13.004665
5.970703,5.848367,52.961455,4971.834303,-0.883079,43.641748,4.883357,1.813825,-13.004217
6.020069,5.892260,52.846381,4969.311972,-0.894456,43.629043,4.957298,1.841709,-13.004888
6.066541,5.937355,52.727261,4966.747148,-0.900693,43.615792,5.033512,1.871516,-13.004914
6.113291,5.984286,52.609145,4964.142893,-0.907470,43.600986,5.113635,1.902247,-13.004455
6.161918,6.029753,52.490164,4961.492023,-0.912867,43.587589,5.194036,1.932432,-13.005023
6.211243,6.074963,52.369998,4958.799739,-0.918182,43.573767,5.275933,1.962470,-13.003699
6.258362,6.122909,52.251511,4956.060421,-0.920553,43.557590,5.359076,1.994342,-13.003810
6.305544,6.169117,52.133650,4953.276550,-0.923505,43.542267,5.442887,2.026593,-13.002511
6.353533,6.216137,52.013748,4950.445005,-0.924020,43.528003,5.529656,2.057051,-13.001020
6.402016,6.263223,51.893538,4947.564190,-0.921401,43.513991,5.616427,2.090692,-13.000075
6.452003,6.308713,51.773667,4944.634168,-0.917709,43.496893,5.705035,2.122285,-12.999468
6.501339,6.354262,51.656238,4941.654923,-0.913554,43.479597,5.792571,2.156752,-12.999754
6.550040,6.402894,51.539862,4938.625820,-0.907179,43.464262,5.882967,2.188219,-13.000731
6.599990,6.447365,51.423518,4935.542708,-0.902326,43.446780,5.973729,2.222086,-13.001497
6.647925,6.493360,51.307223,4932.407277,-0.894773,43.430797,6.065119,2.254236,-13.001677
6.696113,6.537410,51.193414,4929.220464,-0.887330,43.414361,6.154896,2.287392,-13.000939
6.742936,6.584908,51.078351,4925.978318,-0.875349,43.397921,6.246173,2.320111,-13.000808
0.04504,0.04504,50.29762,4757.50642,-0.48507,45.0001,6.498212217589833,2.4207550293058353,0
0.09005,0.09005,50.2382,4753.98348,-0.46941,45.00024,6.543051621664003,2.4374588871191905,0
0.13502,0.13502,50.18081,4750.43189,-0.45305,45.00042,6.586226996883396,2.4535428504009063,0
0.17996,0.17996,50.12554,4746.85244,-0.43601,45.00065,6.627626100242739,2.4689651056782274,0
0.22487,0.22487,50.07247,4743.24598,-0.41833,45.00092,6.667140294985725,2.483685182901026,0
0.26974,0.26975,50.02167,4739.61345,-0.40005,45.00123,6.7046651526897385,2.4976641797342,0
0.31458,0.31459,49.97321,4735.95583,-0.3812,45.00158,6.740101047103977,2.510864982777999,0
0.35938,0.3594,49.92716,4732.27418,-0.36182,45.00198,6.773353733918143,2.5232524835471235,0
0.40415,0.40417,49.88358,4728.56961,-0.34195,45.00242,6.804334910576505,2.5347937870161807,0
0.44889,0.44891,49.84252,4724.8433,-0.32162,45.00289,6.8329627502976775,2.545458410556114,0
0.49358,0.49361,49.80403,4721.09646,-0.3009,45.00341,6.85916240459238,2.555218471135283,0
0.53825,0.53828,49.76815,4717.33039,-0.27981,45.00397,6.882866468799434,2.564048858743877,0
0.58287,0.58292,49.73493,4713.54641,-0.2584,45.00457,6.9040154054871445,2.5719273941220635,0
0.62747,0.62752,49.70439,4709.74589,-0.23673,45.00521,6.922557920941851,2.5788349690118855,0
0.67202,0.67209,49.67656,4705.93022,-0.21483,45.0059,6.938451290507749,2.584755667354904,0
0.71654,0.71662,49.65146,4702.10086,-0.19276,45.00662,6.951661629039098,2.5896768660427574,0
0.76102,0.76111,49.6291,4698.25928,-0.17057,45.00738,6.962164103411898,2.5935893140833572,0
0.80546,0.80557,49.6095,4694.40695,-0.14831,45.00819,6.9699430846956165,2.5964871892888577,0
0.84987,0.85,49.59265,4690.5454,-0.12602,45.00903,6.9749922383209215,2.598368131865511,0
0.89424,0.89439,49.57855,4686.67615,-0.10375,45.00992,6.977314551335432,2.59923325456715,0
0.93858,0.93875,49.56718,4682.80074,-0.08156,45.01084,6.976922296602426,2.5990871293582622,0
0.9829,0.98304,49.55756,4678.92255,-0.07556,44.94971,6.974807689549029,2.598299382592211,-28.99999951
1.02723,1.02725,49.54867,4675.04425,-0.06971,44.88859,6.971963481303543,2.597239840185144,-28.99999951
1.07157,1.07138,49.54049,4671.16627,-0.06402,44.82749,6.9684130924630665,2.5959172269257142,-28.99999951
1.11592,1.11543,49.533,4667.28905,-0.05852,44.76642,6.964180799913707,2.5943405865927596,-28.99999951
1.16028,1.15939,49.52618,4663.41302,-0.05321,44.70537,6.9592922785031055,2.592519483742571,-28.99999951
1.20465,1.20327,49.52,4659.53857,-0.0481,44.64436,6.953774518422537,2.5904639729315537,-28.99999951
1.24903,1.24707,49.51444,4655.66611,-0.0432,44.58339,6.947655739718094,2.588184566869392,-28.99999951
1.29342,1.29078,49.50946,4651.79601,-0.03851,44.52247,6.940965304396645,2.585692203676204,-28.99999951
1.33782,1.33441,49.50505,4647.92865,-0.03406,44.4616,6.933733626617901,2.5829982134267273,-28.99999951
1.38223,1.37796,49.50116,4644.06438,-0.02985,44.40079,6.925992081429476,2.5801142841517266,-28.99999951
1.42665,1.42143,49.49778,4640.20354,-0.02588,44.34004,6.917772912511689,2.5770524274705013,-28.99999951
1.47108,1.46481,49.49486,4636.34644,-0.02217,44.27935,6.909109139383368,2.5738249440226113,-28.99999951
1.51552,1.50812,49.49238,4632.49339,-0.01872,44.21873,6.90003446450762,2.5704443888623287,-28.99999951
1.55996,1.55134,49.49031,4628.64468,-0.01553,44.15819,6.890583180705664,2.566923536967857,-28.99999951
1.60442,1.59447,49.48861,4624.80057,-0.01262,44.09772,6.8807900792903,2.5632753490186286,-28.99999951
1.64888,1.63753,49.48724,4620.96132,-0.00999,44.03733,6.870690359290121,2.5595129375789347,-28.99999951
1.69335,1.6805,49.48618,4617.12717,-0.00764,43.97701,6.860319538107818,2.5556495338158,-28.99999951
1.73783,1.7234,49.48538,4613.29832,-0.00559,43.91679,6.849713363950384,2.551698454876917,-28.99999951
1.78232,1.76621,49.48482,4609.47497,-0.00382,43.85665,6.838907730317781,2.547673072035441,-28.99999951
1.82681,1.80894,49.48445,4605.65729,-0.00235,43.79659,6.827938592823349,2.543586779703387,-28.99999951
1.87132,1.85159,49.48424,4601.84545,-0.00118,43.73663,6.816841888589186,2.539452965404301,-28.99999951
1.91583,1.89416,49.48415,4598.03957,-0.0003,43.67675,6.805653458414562,2.535284980778939,-28.99999951
1.96035,1.93665,49.48415,4594.23978,0.00027,43.61697,6.7944089719057335,2.531096113694154,-28.99999951
2.00487,1.97905,49.48421,4590.44618,0.00054,43.55727,6.783143855711879,2.5268995615088974,-28.99999951
2.04941,2.02138,49.48427,4586.65884,0.0005,43.49767,6.7718932249988395,2.5227084055463798,-28.99999951
2.09395,2.06363,49.48431,4582.87782,0.00017,43.43816,6.760691818228269,2.518535586797592,-28.99999951
2.1385,2.1058,49.4843,4579.10316,-0.00047,43.37874,6.749573935346584,2.5143938828950607,-28.99999951
2.18305,2.14788,49.48419,4575.33488,-0.00141,43.31941,6.738573379368718,2.5102958863512588,-28.99999951
2.22761,2.18989,49.48395,4571.57299,-0.00264,43.26016,6.727723401421586,2.5062539840858507,-28.99999951
2.27218,2.23182,49.48355,4567.81745,-0.00417,43.20101,6.717056649206407,2.5022803382265546,-28.99999951
2.31675,2.27367,49.48294,4564.06825,-0.006,43.14194,6.706605118849063,2.4983868681721293,-28.99999951
2.36133,2.31544,49.4821,4560.32531,-0.00811,43.08295,6.696400110097877,2.4945852339023724,-28.99999951
2.40592,2.35714,49.48099,4556.58857,-0.0105,43.02404,6.6864721847849236,2.490886820503861,-28.99999951
2.45052,2.39875,49.47958,4552.85794,-0.01318,42.96522,6.676851128463793,2.487302723879013,-28.99999951
2.49512,2.44029,49.47784,4549.1333,-0.01613,42.90647,6.667565915117838,2.4838437375989777,-28.99999951
2.53972,2.48174,49.47573,4545.41453,-0.01935,42.84779,6.658644674834796,2.4805203408615855,-28.99999951
2.58433,2.52312,49.47322,4541.70149,-0.02284,42.78918,6.650114664287457,2.477342687494617,-28.99999951
2.62895,2.56442,49.47029,4537.99401,-0.02658,42.73063,6.642002239918424,2.4743205959664203,-28.99999951
2.67357,2.60565,49.4669,4534.29193,-0.03057,42.67215,6.634332833646064,2.4714635403357423,-28.99999951
2.7182,2.64679,49.46302,4530.59504,-0.0348,42.61373,6.627130930960989,2.468780642092088,-28.99999951
2.76284,2.68786,49.45863,4526.90314,-0.03927,42.55535,6.620420051242815,2.4662806628231957,-28.99999951
2.80748,2.72885,49.45371,4523.216,-0.04397,42.49703,6.614222730145041,2.4639719976529433,-28.99999951
2.85212,2.76976,49.44821,4519.5334,-0.04888,42.43875,6.608560503858316,2.4618626693789984,-28.99999951
2.89677,2.8106,49.44213,4515.85508,-0.054,42.38051,6.603453895135362,2.459960323266736,-28.99999951
2.94143,2.85136,49.43544,4512.18077,-0.05932,42.3223,6.598922400857152,2.4582722224173126,-28.99999951
2.98609,2.89204,49.42811,4508.5102,-0.06483,42.26412,6.594984481027987,2.456805243668042,-28.99999951
3.03075,2.93265,49.42013,4504.84308,-0.07053,42.20596,6.591657549011219,2.455565873954946,-28.99999951
3.07542,2.97318,49.41147,4501.17911,-0.07639,42.14782,6.58895796287855,2.454560207090141,-28.99999951
3.1201,3.01363,49.40212,4497.51797,-0.08241,42.08969,6.586901017699566,2.4537939408894847,-28.99999951
3.16478,3.054,49.39206,4493.85935,-0.08858,42.03156,6.58550093865547,2.4532723746072618,-28.99999951
3.20946,3.0943,49.38127,4490.20289,-0.09489,41.97343,6.584770874833146,2.4530004066243114,-28.99999951
3.25415,3.13453,49.36974,4486.54827,-0.10132,41.9153,6.584722893579133,2.4529825323447287,-28.99999951
3.29884,3.17467,49.35746,4482.89513,-0.10787,41.85715,6.585367975304898,2.453222842260697,-28.99999951
3.34354,3.21474,49.34442,4479.2431,-0.11453,41.79897,6.586716008627426,2.4537250201422305,-28.99999951
3.38824,3.25474,49.3306,4475.59182,-0.12128,41.74077,6.588775785764361,2.4544923413217377,-28.99999951
3.43295,3.29466,49.31599,4471.9409,-0.1281,41.68254,6.591554998094471,2.4555276710401803,-28.99999951
3.47765,3.3345,49.3006,4468.28997,-0.135,41.62426,6.595060231812856,2.4568334628285284,-28.99999951
3.52237,3.37426,49.28441,4464.63862,-0.14195,41.56593,6.5992969636234315,2.458411756903091,-28.99999951
3.56709,3.41395,49.26742,4460.98647,-0.14894,41.50755,6.6042695564250185,2.4602641785584725,-28.99999951
3.61181,3.45357,49.24962,4457.33311,-0.15596,41.4491,6.6099812549548265,2.462391936544659,-28.99999951
3.65653,3.49311,49.23102,4453.67813,-0.16301,41.39058,6.616434181353137,2.464795821414742,-28.99999951
3.70126,3.53257,49.21161,4450.02112,-0.17006,41.33199,6.623629330682394,2.4674762038556635,-28.99999951
3.74599,3.57195,49.19139,4446.36166,-0.1771,41.27331,6.63156656635251,2.470433032984021,-28.99999951
3.79073,3.61126,49.17038,4442.69935,-0.18412,41.21453,6.640244615514547,2.473665834630095,-28.99999951
3.83547,3.65049,49.14857,4439.03375,-0.19111,41.15566,6.649661064431766,2.4771737096134414,-28.99999951
3.88021,3.68965,49.12596,4435.36446,-0.19806,41.09668,6.6598123538754,2.480955332027695,-28.99999951
3.92496,3.72873,49.10257,4431.69104,-0.20496,41.03759,6.670693774610825,2.4850089475590518,-28.99999951
3.96971,3.76773,49.07841,4428.01307,-0.21178,40.97837,6.682299463044626,2.4893323718646836,-28.99999951
4.01446,3.80666,49.05347,4424.33013,-0.21852,40.91903,6.694622397100174,2.493922989036284,-28.99999951
4.05921,3.84551,49.02779,4420.64181,-0.22517,40.85955,6.707654392450666,2.4987777501967767,-28.99999951
4.10397,3.88428,49.00136,4416.94768,-0.23172,40.79992,6.721386099179632,2.503893172256265,-28.99999951
4.14873,3.92298,48.9742,4413.24733,-0.23815,40.74015,6.735806999023271,2.5092653368847317,-28.99999951
4.1935,3.9616,48.94633,4409.54034,-0.24445,40.68022,6.750905403301875,2.5148898897414367,-28.99999951
4.23827,4.00014,48.91777,4405.8263,-0.25061,40.62012,6.766668451703475,2.520762040021798,-28.99999951
4.28304,4.03861,48.88853,4402.10482,-0.25662,40.55986,6.783082112049425,2.5268765603700594,-28.99999951
4.32781,4.077,48.85863,4398.37549,-0.26247,40.49941,6.8001311812269565,2.5332277872266977,-28.99999951
4.37258,4.11531,48.82809,4394.63791,-0.26814,40.43878,6.817799287432862,2.5398096216642503,-28.99999951
4.41736,4.15354,48.79693,4390.89171,-0.27363,40.37796,6.836068893931207,2.546615530787162,-28.99999951
4.46214,4.19169,48.76519,4387.13651,-0.27893,40.31694,6.854921304491429,2.5536385497576193,-28.99999951
4.50692,4.22977,48.73287,4383.37192,-0.28402,40.25572,6.874336670695148,2.5608712845175345,-28.99999951
4.55171,4.26777,48.70001,4379.5976,-0.2889,40.19429,6.894294001309491,2.5683059152803493,-28.99999951
4.5965,4.30569,48.66663,4375.81319,-0.29356,40.13265,6.914771173922388,2.5759342008654915,-28.99999951
4.64129,4.34353,48.63276,4372.01835,-0.29799,40.07079,6.935744949015691,2.583747483940982,-28.99999951
4.68608,4.38129,48.59842,4368.21275,-0.30217,40.00869,6.95719098669918,2.5917366972572937,-28.99999951
4.73087,4.41897,48.56366,4364.39606,-0.30611,39.94637,6.9790838662685,2.5998923709331954,-28.99999951
4.77566,4.45658,48.52848,4360.56799,-0.3098,39.88381,7.001397108785224,2.6082046408674198,-28.99999951
4.82046,4.4941,48.49293,4356.72824,-0.31322,39.82101,7.024103202856831,2.6166632583423843,-28.99999951
4.86526,4.53155,48.45704,4352.87654,-0.31637,39.75797,7.047173633786169,2.6252576008831334,-28.99999951
4.91006,4.56891,48.42084,4349.01261,-0.31925,39.69467,7.070578916249067,2.633976684430608,-28.99999951
4.95486,4.6062,48.38436,4345.13621,-0.32184,39.63113,7.094288630643909,2.6428091768828175,-28.99999951
4.99966,4.6434,48.34763,4341.2471,-0.32415,39.56732,7.118271463257302,2.6517434130576096,-28.99999951
5.04447,4.68052,48.31069,4337.34508,-0.32617,39.50325,7.142495250340819,2.6607674111124173,-28.99999951
5.08927,4.71756,48.27357,4333.42993,-0.32789,39.43892,7.166927026206532,2.6698688904611068,-28.99999951
5.13408,4.75453,48.2363,4329.50148,-0.32932,39.37433,7.191533075420622,2.679035291217475,-28.99999951
5.17889,4.7914,48.19892,4325.55957,-0.33044,39.30946,7.216278989123242,2.6882537951758767,-28.99999951
5.2237,4.8282,48.16147,4321.60404,-0.33126,39.24433,7.241129725522733,2.697511348346914,-28.99999951
5.26851,4.86492,48.12398,4317.63477,-0.33178,39.17892,7.266049674545326,2.706794685041151,-28.99999951
5.31332,4.90155,48.08648,4313.65167,-0.33198,39.11323,7.291002726613465,2.7160903534908463,-28.99999951
5.35813,4.9381,48.04901,4309.65463,-0.33189,39.04728,7.315952345494846,2.7253847429881426,-28.99999951
5.40294,4.97457,48.0116,4305.64359,-0.33148,38.98104,7.340861645112479,2.734664112498829,-28.99999951
5.44775,5.01095,47.97429,4301.61852,-0.33077,38.91453,7.365693470199585,2.7439146207084155,-28.99999951
5.49257,5.04725,47.93711,4297.57938,-0.32975,38.84774,7.390410480635693,2.7531223574395507,-28.99999951
5.53738,5.08347,47.9001,4293.52618,-0.32843,38.78067,7.414975239255349,2.762273376363071,-28.99999951
5.58219,5.1196,47.86329,4289.45893,-0.32681,38.71333,7.439350302913832,2.7713537289223797,-28.99999951
5.62701,5.15565,47.82671,4285.37768,-0.3249,38.64572,7.463498316528117,2.780349499366179,-28.99999951
5.67182,5.19161,47.7904,4281.28248,-0.32269,38.57783,7.487382109797881,2.789246840779587,-28.99999951
5.71663,5.22749,47.75439,4277.17343,-0.32019,38.50966,7.510964796267459,2.7980320119873303,-28.99999951
5.76144,5.26328,47.7187,4273.05062,-0.31741,38.44123,7.534209874365351,2.80669141519361,-28.99999951
5.80626,5.29899,47.68338,4268.91419,-0.31436,38.37253,7.557081330021064,2.8152116342095783,-28.99999951
5.85107,5.33461,47.64845,4264.76428,-0.31104,38.30357,7.579543740430901,2.8235794731088304,-28.99999951
5.89588,5.37015,47.61394,4260.60107,-0.30745,38.23435,7.601562378515971,2.8317819951407546,-28.99999951
5.94069,5.4056,47.57987,4256.42475,-0.30361,38.16486,7.623103317599624,2.839806561725634,-28.99999951
5.9855,5.44096,47.54628,4252.23553,-0.29952,38.09513,7.644133535808231,2.8476408713466834,-28.99999951
6.0303,5.47624,47.51319,4248.03364,-0.2952,38.02514,7.664621019670043,2.855272998143351,-28.99999951
6.07511,5.51143,47.48063,4243.81934,-0.29065,37.95491,7.684534866403193,2.862691430016292,-28.99999951
6.11991,5.54653,47.44862,4239.5929,-0.28588,37.88444,7.7038453843316885,2.869885106034962,-28.99999951
6.16472,5.58155,47.41717,4235.35461,-0.28091,37.81373,7.722524190909888,2.8768434529543208,-28.99999951
6.20952,5.61648,47.38633,4231.10479,-0.27574,37.74279,7.7405443078009215,2.8835564206340423,-28.99999951
6.25432,5.65132,47.35609,4226.84375,-0.27039,37.67163,7.757880252476544,2.8900145161618678,-28.99999951
6.29912,5.68607,47.32649,4222.57184,-0.26487,37.60025,7.774508125816939,2.8962088364868435,-28.99999951
6.34391,5.72073,47.29754,4218.28943,-0.25918,37.52866,7.7904056951831055,2.902131099365965,-28.99999951
6.38871,5.75531,47.26925,4213.99689,-0.25336,37.45686,7.805552472476064,2.907773672443288,-28.99999951
6.4335,5.78979,47.24164,4209.6946,-0.2474,37.38487,7.819929786722084,2.9131296002898353,-28.99999951
6.47829,5.82419,47.21472,4205.38298,-0.24132,37.31268,7.833520850724242,2.9181926292330553,-28.99999951
6.52307,5.8585,47.18851,4201.06243,-0.23514,37.2403,7.846310821371318,2.922957229823472,-28.99999951
6.56785,5.89272,47.163,4196.73338,-0.22887,37.16775,7.858286853258539,2.9274186168098257,-28.99999951
6.61263,5.92685,47.13822,4192.39628,-0.22253,37.09503,7.869438145241139,2.9315727664814943,-28.99999951
6.65741,5.96089,47.11416,4188.05156,-0.21612,37.02215,7.87975597967524,2.9354164312867597,-28.99999951
6.70218,5.99485,47.09083,4183.69968,-0.20967,36.94911,7.889233754068135,2.9389471516233656,-28.99999951
6.74695,6.02871,47.06823,4179.34111,-0.20319,36.87592,7.897867004984456,2.942163264744198,-28.99999951
6.79172,6.06248,47.04636,4174.9763,-0.19669,36.80259,7.905653424008892,2.9450639107038152,-28.99999951
6.83648,6.09617,47.02523,4170.60573,-0.19019,36.72914,7.912592865730873,2.947649035332954,-28.99999951
6.88124,6.12976,47.00483,4166.22988,-0.18371,36.65555,7.918687347676163,2.9499193902130454,-28.99999951
6.926,6.16326,46.98516,4161.84921,-0.17726,36.58185,7.923941042212172,2.9518765296607308,-28.99999951
6.97075,6.19668,46.9662,4157.46422,-0.17086,36.50805,7.928360260497293,2.9535228047485695,-28.99999951
7.01549,6.23,46.94796,4153.07537,-0.16451,36.43414,7.931953428594282,2.9548613544066407,-28.99999951
7.06023,6.26323,46.93042,4148.68315,-0.15824,36.36014,7.934731055897267,2.955896093660775,-28.99999951
7.10497,6.29637,46.91358,4144.28802,-0.15206,36.28606,7.936705696131467,2.9566316991039265,-28.99999951
7.1497,6.32943,46.89742,4139.89046,-0.14599,36.21189,7.937891901147104,2.9570735916831836,-28.99999951
7.19443,6.36239,46.88193,4135.49093,-0.14004,36.13766,7.938306167844022,2.9572279169277986,-28.99999951
7.23915,6.39526,46.86709,4131.08989,-0.13422,36.06337,7.937966878557075,2.957101522741172,-28.99999951
7.28387,6.42805,46.85289,4126.68779,-0.12854,35.98902,7.93689423530388,2.9567019349064148,-28.99999951
7.32858,6.46074,46.83931,4122.28506,-0.12303,35.91462,7.935110188294258,2.9560373304542287,-28.99999951
7.37329,6.49334,46.82633,4117.88216,-0.11769,35.84018,7.9326383591502365,2.9551165090603413,-28.99999951
7.41799,6.52585,46.81393,4113.47949,-0.11254,35.76571,7.92950395930373,2.9539488626464947,-28.99999951
7.46268,6.55828,46.80209,4109.07747,-0.10758,35.6912,7.925733704066945,2.9525443433694063,-28.99999951
7.50737,6.59061,46.79078,4104.6765,-0.10283,35.61668,7.921355722849626,2.9509134301743356,-28.99999951
7.55205,6.62285,46.77998,4100.27697,-0.09831,35.54214,7.916399466073181,2.9490670941181465,-28.99999951
7.59672,6.655,46.76966,4095.87924,-0.09401,35.46758,7.910895609252042,2.947016762637083,-28.99999951
7.64139,6.68707,46.75981,4091.48368,-0.08996,35.39302,7.904875954796973,2.9447742829659296,-28.99999951
7.68603,6.71907,46.7515,4087.08821,-0.06534,35.39898,7.89712601005289,2.94188722463544,0
7.73062,6.75105,46.74581,4082.6917,-0.04101,35.40496,7.8864477219436475,2.937909281352077,0
7.77516,6.783,46.74272,4078.29583,-0.01703,35.41096,7.87290328847853,2.9328636235108285,0
7.81965,6.81493,46.74216,4073.9023,0.00653,35.417,7.856565485101019,2.9267773618792274,0
7.86408,6.84683,46.74409,4069.51274,0.02961,35.42305,7.83751636854785,2.9196810647507503,0
7.90847,6.8787,46.74845,4065.12878,0.05217,35.42914,7.815846709840204,2.9116085467191164,0
7.9528,6.91055,46.75517,4060.75201,0.07414,35.43525,7.791655381115469,2.9025966402569865,0
7.99708,6.94237,46.76419,4056.38394,0.09547,35.44139,7.765048703614518,2.8926849528240637,0
8.04131,6.97417,46.77542,4052.02607,0.11612,35.44756,7.736139764343226,2.881915612305537,0
8.08549,7.00594,46.7888,4047.67983,0.13602,35.45375,7.705047709028957,2.8703330036197614,0
8.12962,7.03768,46.80422,4043.3466,0.15514,35.45997,7.671897018995652,2.8579834993352047,0
8.1737,7.0694,46.82161,4039.0277,0.17344,35.46621,7.636816779410243,2.844915187072985,0
8.21772,7.10109,46.84087,4034.72439,0.19086,35.47249,7.599939946132729,2.831177596389232,0
8.2617,7.13276,46.8619,4030.43786,0.20738,35.47879,7.5614026180522185,2.816821427701115,0
8.30563,7.1644,46.8846,4026.16922,0.22296,35.48511,7.521343321354677,2.8018982856577486,0
8.3495,7.19602,46.90886,4021.91954,0.23756,35.49147,7.47990231168771,2.7864604191782156,0
8.39333,7.22761,46.93459,4017.6898,0.25116,35.49785,7.4372208995900415,2.7705604701562945,0
8.4371,7.25918,46.96166,4013.4809,0.26373,35.50426,7.393440804008031,2.754251232628353,0
8.48083,7.29072,46.98997,4009.29369,0.27524,35.51069,7.348703538030352,2.7375854239433575,0
8.52451,7.32224,47.0194,4005.12894,0.28568,35.51716,7.303149830382365,2.7206154692542968,0
8.56814,7.35373,47.04984,4000.98732,0.29504,35.52365,7.2569190855056975,2.703393300383633,0
8.61172,7.3852,47.08117,3996.86947,0.30328,35.53017,7.210148884463424,2.685970169897333,0
8.65525,7.41664,47.11327,3992.77593,0.31041,35.53672,7.1629745282523,2.668396480976676,0
8.69873,7.44807,47.14602,3988.70717,0.31641,35.54329,7.115528624523363,2.6507216334607877,0
8.74217,7.47946,47.17931,3984.66359,0.32128,35.5499,7.0679407181188365,2.6329938862119264,0
8.78556,7.51084,47.21302,3980.64552,0.32501,35.55653,7.0203369653613965,2.615260235779662,0
8.8289,7.54219,47.24701,3976.65323,0.32761,35.56319,6.972839851516548,2.5975663111481775,0
8.87219,7.57352,47.28119,3972.68691,0.32907,35.56988,6.925567950434692,2.5799562841966113,0
8.91543,7.60483,47.31542,3968.74668,0.32941,35.5766,6.878635725006572,2.562472795363467,0
8.95863,7.63611,47.3496,3964.83262,0.32862,35.58335,6.8321533667529,2.545156893889522,0
9.00179,7.66737,47.38361,3960.94472,0.32672,35.59013,6.7862266725639095,2.528047991900072,0
9.04489,7.69861,47.41732,3957.08293,0.32372,35.59694,6.740956956439845,2.51118383152594,0
9.08795,7.72983,47.45064,3953.24713,0.31964,35.60378,6.69644099383512,2.4946004641702113,0
9.13097,7.76103,47.48345,3949.43714,0.31448,35.61065,6.65277099616495,2.478332241011281,0
9.17394,7.79221,47.51564,3945.65274,0.30827,35.61754,6.610034612875792,2.46241181377415,0
9.21687,7.82336,47.5471,3941.89365,0.30103,35.62447,6.568314958480841,2.44687014480186,0
9.25975,7.8545,47.57774,3938.15952,0.29278,35.63143,6.527690661919968,2.431736525443362,0
9.30258,7.88561,47.60744,3934.44999,0.28354,35.63842,6.488235935645504,2.4170386017897965,0
9.34537,7.91671,47.63611,3930.76463,0.27334,35.64544,6.450020661868113,2.402802406803351,0
9.38812,7.94778,47.66367,3927.10296,0.26221,35.65249,6.413110493463969,2.3890523979078275,0
9.43083,7.97884,47.69,3923.46447,0.25017,35.65957,6.377566967129947,2.3758114991419417,0
9.47349,8.00987,47.71503,3919.84862,0.23725,35.66668,6.343447626483435,2.3631011470172347,0
9.51611,8.04089,47.73866,3916.25479,0.22349,35.67383,6.310806152919766,2.3509413392659093,0
9.55868,8.07188,47.76083,3912.68237,0.20891,35.681,6.279692502142331,2.339350685701893,0
9.60121,8.10286,47.78144,3909.13069,0.19355,35.68821,6.2501530444313795,2.328346460474654,0
9.6437,8.13382,47.80042,3905.59906,0.17745,35.69545,6.2222307068481255,2.317944655043975,0
9.68615,8.16476,47.8177,3902.08673,0.16063,35.70271,6.195965115678899,2.308160031244141,0
9.72856,8.19568,47.83322,3898.59295,0.14315,35.71002,6.171392737600562,2.299006173871782,0
9.77092,8.22658,47.8469,3895.11694,0.12502,35.71735,6.148547018135372,2.2904955422639426,0
9.81324,8.25747,47.8587,3891.65787,0.1063,35.72471,6.127458516120047,2.282639520391351,0
9.85552,8.28834,47.86854,3888.2149,0.08701,35.73211,6.1081550330275505,2.2754484650341884,0
9.89776,8.31919,47.87639,3884.78716,0.0672,35.73954,6.090661736093628,2.268931751649959,0
9.93996,8.35002,47.8822,3881.37376,0.04691,35.747,6.075001274327078,2.2630978175903707,0
9.98212,8.38083,47.88591,3877.9738,0.02618,35.75449,6.061193886567559,2.2579542023557133,0
10.02424,8.41163,47.8875,3874.58633,0.00505,35.76201,6.049257500876918,2.2535075846207397,0
10.06631,8.44241,47.88693,3871.2104,-0.01643,35.76957,6.039207824628033,2.2497638157951343,0
10.10835,8.47317,47.88416,3867.84503,-0.03824,35.77716,6.031058424760795,2.246727949920973,0
10.15034,8.50392,47.87918,3864.48925,-0.06032,35.78478,6.024820797735565,2.24440426973223,0
10.1923,8.53465,47.87195,3861.14204,-0.08264,35.79243,6.020504428813027,2.2427963087380833,0
10.23421,8.56536,47.86246,3857.80238,-0.10514,35.80011,6.018116840363545,2.241906869219418,0
10.27608,8.59605,47.85071,3854.46923,-0.12779,35.80783,6.017663628949429,2.2417380360429506,0
10.31792,8.62673,47.83667,3851.14155,-0.15054,35.81558,6.019148491043077,2.2422911862419066,0
10.35971,8.65739,47.82035,3847.81826,-0.17336,35.82336,6.022573237249462,2.2435669943142815,0
10.40146,8.68804,47.80175,3844.4983,-0.19619,35.83117,6.027937795020077,2.2455654332338453,0
10.44318,8.71867,47.78086,3841.18058,-0.219,35.83902,6.035240199860888,2.2482857711748827,0
10.48485,8.74928,47.7577,3837.86401,-0.24173,35.84689,6.044476575133463,2.2517265639875763,0
10.52648,8.77987,47.73229,3834.54749,-0.26436,35.8548,6.0556411005941015,2.2558856434780084,0
10.56808,8.81045,47.70463,3831.2299,-0.28682,35.86274,6.068725969879725,2.2607601015705345,0
10.60963,8.84102,47.67476,3827.91013,-0.30909,35.87071,6.083721337234267,2.2663462704619626,0
10.65114,8.87156,47.64269,3824.58706,-0.33111,35.87872,6.100615253804393,2.2726396988900315,0
10.69261,8.90209,47.60846,3821.25957,-0.35285,35.88675,6.119393593950855,2.279635124682454,0
10.73405,8.93261,47.57211,3817.92653,-0.37426,35.89482,6.140039972058024,2.287326443766277,0
10.77544,8.9631,47.53366,3814.58681,-0.39531,35.90291,6.162535650432006,2.295706675857506,0
10.81679,8.99359,47.49317,3811.23929,-0.41594,35.91104,6.186859438951056,2.3047679270782457,0
10.8581,9.02405,47.45067,3807.88284,-0.43611,35.9192,6.212987587233934,2.314501349786574,0
10.89937,9.0545,47.40623,3804.51635,-0.45579,35.92739,6.240893670171551,2.324897099934069,0
10.9406,9.08493,47.3599,3801.13869,-0.47494,35.93561,6.270548467794793,2.3359442923134117,0
10.98179,9.11534,47.31173,3797.74876,-0.49352,35.94386,6.301919840526593,2.3476309540865015,0
11.02294,9.14574,47.26179,3794.34545,-0.51148,35.95214,6.334972600996382,2.3599439770319663,0
11.06405,9.17612,47.21014,3790.92769,-0.52879,35.96045,6.369668383713494,2.3728690689950755,0
11.10511,9.20649,47.15685,3787.49439,-0.54541,35.96879,6.405965513987733,2.386390705057206,0
11.14614,9.23683,47.102,3784.04449,-0.5613,35.97716,6.443818877635355,2.4004920789978845,0
11.18712,9.26716,47.04567,3780.57695,-0.57643,35.98556,6.483179793092942,2.4151550556538512,0
11.22806,9.29748,46.98793,3777.09074,-0.59077,35.99399,6.523995887712804,2.4303601248358326,0
11.26896,9.32777,46.92886,3773.58486,-0.60428,36.00245,6.566210980096143,2.446086357494556,0
11.30982,9.35805,46.86856,3770.05833,-0.61693,36.01094,6.609764970439258,2.4623113648718222,0
11.35063,9.38831,46.80711,3766.5102,-0.62868,36.01945,6.654593740975748,2.479011261412605,0
11.39141,9.41855,46.74461,3762.93954,-0.63952,36.028,6.700629068672466,2.4961606322420034,0
11.43214,9.44877,46.68115,3759.34547,-0.64941,36.03657,6.747798552410581,2.513732506038264,0
11.47282,9.47898,46.61682,3755.72713,-0.65832,36.04517,6.796025556942478,2.5316983341552532,0
11.51346,9.50917,46.55172,3752.08369,-0.66623,36.0538,6.845229175966305,2.550027976866762,0
11.55406,9.53934,46.48597,3748.41439,-0.67312,36.06245,6.895324216645158,2.5686896975994817,0
11.59462,9.56949,46.41965,3744.71848,-0.67897,36.07113,6.946221207902609,2.5876501660233195,0
11.63513,9.59962,46.35288,3740.99528,-0.68375,36.07984,6.997826434775065,2.6068744708485476,0
11.67559,9.62973,46.28576,3737.24415,-0.68746,36.08857,7.050042001034986,2.6263261431546017,0
11.71602,9.65982,46.21839,3733.4645,-0.69008,36.09733,7.102765922160648,2.6459671910237663,0
11.75639,9.6899,46.1509,3729.6558,-0.69159,36.10612,7.155892250607995,2.665758146208233,0
11.79672,9.71995,46.08338,3725.81757,-0.69199,36.11493,7.209311235112087,2.68565812347408,0
11.83701,9.74998,46.01594,3721.9494,-0.69127,36.12377,7.262909515535238,2.705624893187337,0
11.87725,9.78,45.9487,3718.05094,-0.68943,36.13263,7.31657035449838,2.725614967602754,0
11.91744,9.80999,45.88177,3714.12189,-0.68645,36.14152,7.370173906693313,2.7455837011897084,0
11.95758,9.83996,45.81525,3710.16204,-0.68236,36.15043,7.423597526430946,2.76548540520201,0
11.99768,9.86991,45.74925,3706.17124,-0.67714,36.15936,7.476716113550729,2.785273476538272,0
12.03773,9.89984,45.68388,3702.14942,-0.67081,36.16832,7.52940249742481,2.804900540793558,0
12.07774,9.92975,45.61925,3698.09656,-0.66337,36.1773,7.581527858244745,2.824318609199769,0
12.11769,9.95964,45.55547,3694.01274,-0.65484,36.18631,7.632962184359022,2.843479248995907,0
12.1576,9.9895,45.49263,3689.89811,-0.64524,36.19533,7.683574763846354,2.8623337665520507,0
12.19746,10.01935,45.43084,3685.7529,-0.63458,36.20438,7.7332347080021115,2.8808334023818394,0
12.23727,10.04917,45.3702,3681.5774,-0.62288,36.21345,7.781811503884827,2.8989295369805737,0
12.27703,10.07897,45.31081,3677.372,-0.61018,36.22255,7.8291755925127475,2.9165739062186495,0
12.31673,10.10874,45.25275,3673.13716,-0.59649,36.23166,7.8751989688168615,2.933718824839842,0
12.35639,10.13849,45.19612,3668.87341,-0.58185,36.2408,7.919755798911305,2.950317416410779,0
12.396,10.16822,45.141,3664.58139,-0.5663,36.24996,7.962723049852943,2.9663238479229523,0
12.43556,10.19793,45.08749,3660.26177,-0.54986,36.25913,8.003981126608938,2.9816935670798936,0
12.47507,10.22761,45.03565,3655.91533,-0.53259,36.26833,8.043414510607136,2.99638354,0
12.51453,10.25726,44.98556,3651.54292,-0.51452,36.27755,8.080912393989884,3.010352488362764,0
12.55393,10.2869,44.9373,3647.14544,-0.4957,36.28679,8.116369303454386,3.0235611200657266,0
12.59328,10.31651,44.89093,3642.72389,-0.47617,36.29605,8.149685707485506,3.0359723571746664,0
12.63255,10.34613,44.84414,3638.28507,-0.50548,36.43434,8.183508118586504,3.048572095230984,41.999999283557244
12.6717,10.37583,44.79465,3633.83382,-0.53431,36.5734,8.220520073588835,3.0623600223124985,41.999999283557244
12.71073,10.40559,44.7425,3629.36825,-0.5626,36.71328,8.260693594458939,3.0773257158655616,41.999999283557244
12.74964,10.43542,44.68776,3624.88646,-0.5903,36.85404,8.303993770441853,3.0934561707153954,41.999999283557244
12.78844,10.46531,44.63049,3620.38656,-0.61736,36.99571,8.35038154398217,3.1107368368949424,41.999999283557244
12.82711,10.49526,44.57076,3615.86665,-0.64371,37.13836,8.399813413092035,3.1291515087691213,41.999999283557244
12.86566,10.52529,44.50865,3611.32487,-0.6693,37.28203,8.452241119397183,3.1486822088237623,41.999999283557244
12.90409,10.55538,44.44423,3606.75936,-0.69409,37.42678,8.507611324144323,3.1693090669698396,41.999999283557244
12.9424,10.58554,44.3776,3602.16827,-0.71801,37.57265,8.565865274757625,3.1910101963269835,41.999999283557244
12.98058,10.61576,44.30884,3597.5498,-0.74101,37.7197,8.626938464808692,3.213761566553348,41.999999283557244
13.01863,10.64605,44.23806,3592.90215,-0.76305,37.86797,8.690760290603496,3.237536875915213,41.999999283557244
13.05657,10.67641,44.16533,3588.22355,-0.78408,38.01751,8.757253707879745,3.2623074233977203,41.999999283557244
13.09437,10.70683,44.09078,3583.51226,-0.80403,38.16837,8.82633489249021,3.2880419823004785,41.999999283557244
13.13205,10.73732,44.01451,3578.7666,-0.82288,38.32059,8.897912909250685,3.314706676874723,41.999999283557244
13.16959,10.76788,43.93663,3573.9849,-0.84057,38.47422,8.97188939347323,3.3422648636860655,41.999999283557244
13.20701,10.7985,43.85726,3569.16556,-0.85706,38.62929,9.048158250027017,3.3706770195067413,41.999999283557244
13.2443,10.8292,43.77651,3564.30701,-0.87231,38.78586,9.126605375096105,3.399900637663061,41.999999283557244
13.28145,10.85996,43.69451,3559.40776,-0.88627,38.94396,9.207108406040387,3.4298901348520308,41.999999283557244
13.31847,10.89079,43.61138,3554.46636,-0.89891,39.10362,9.289536505067904,3.4605967705535936,41.999999283557244
13.35535,10.92169,43.52726,3549.48143,-0.91019,39.26489,9.37375018254774,3.4919685812100427,41.999999283557244
13.3921,10.95265,43.44228,3544.45167,-0.92009,39.42779,9.459601166020708,3.523950331429046,41.999999283557244
13.42871,10.98369,43.35656,3539.37586,-0.92856,39.59236,9.546932320936019,3.5564834844559785,41.999999283557244
13.46518,11.01479,43.27025,3534.25284,-0.93558,39.75863,9.635577629246676,3.589506194200133,41.999999283557244
13.5015,11.04596,43.18348,3529.08156,-0.94112,39.92663,9.725362231782526,3.6229533210198075,41.999999283557244
13.53769,11.0772,43.0964,3523.86105,-0.94517,40.09637,9.81610254018909,3.6567564734224587,41.999999283557244
13.57373,11.10851,43.00914,3518.59046,-0.94771,40.26788,9.907606423904012,3.690844077718347,41.999999283557244
13.60963,11.13989,42.92186,3513.26903,-0.94871,40.44118,9.999673477166693,3.725141477488659,41.999999283557244
13.64538,11.17134,42.83468,3507.89611,-0.94817,40.61629,10.092095370531911,3.7595710645335707,41.999999283557244
13.68098,11.20286,42.74776,3502.47116,-0.94608,40.7932,10.18465629067164,3.794052442710003,41.999999283557244
13.71643,11.23445,42.66124,3496.99379,-0.94243,40.97194,10.277133471387303,3.8285026257476527,41.999999283557244
13.75173,11.26611,42.57525,3491.4637,-0.93723,41.15251,10.369297817832933,3.862836269788552,41.999999283557244
13.78688,11.29784,42.48995,3485.88075,-0.93048,41.3349,10.460914624870457,3.8969659409933013,41.999999283557244
13.82187,11.32963,42.40548,3480.2449,-0.92218,41.51911,10.551744389223503,3.930802418089743,41.999999283557244
13.85671,11.3615,42.32196,3474.55629,-0.91236,41.70515,10.641543713866728,3.964255029281776,41.999999283557244
13.89139,11.39344,42.23955,3468.81516,-0.90102,41.89299,10.73006630162809,3.997232022392347,41.999999283557244
13.9259,11.42544,42.15836,3463.02192,-0.88819,42.08262,10.817064033536216,4.029640966576215,41.999999283557244
13.96026,11.45752,42.07855,3457.17712,-0.8739,42.27402,10.902288125966452,4.0613891833873055,41.999999283557244
13.99446,11.48966,42.00022,3451.28144,-0.85818,42.46717,10.985490359045889,4.092384204391901,41.999999283557244
14.02849,11.52188,41.92351,3445.33574,-0.84105,42.66204,11.066424367359188,4.122534251990526,41.999999283557244
14.06236,11.55416,41.84854,3439.34098,-0.82257,42.8586,11.144846982457423,4.151748739537808,41.999999283557244
14.09606,11.58651,41.77542,3433.29831,-0.80278,43.05681,11.220519615370069,4.179938786364571,41.999999283557244
14.12959,11.61893,41.70427,3427.209,-0.78173,43.25664,11.293209666018514,4.207017742821457,41.999999283557244
14.16296,11.65142,41.63518,3421.07447,-0.75946,43.45803,11.362691945402315,4.232901720080721,41.999999283557244
14.19615,11.68398,41.56826,3414.89626,-0.73605,43.66095,11.428750095457467,4.257510119070799,41.999999283557244
14.22917,11.7166,41.50361,3408.67607,-0.71155,43.86533,11.49117799089767,4.280766152699061,41.999999283557244
14.26202,11.74929,41.4413,3402.41571,-0.68602,44.07113,11.549781106888936,4.30259735534659,41.999999283557244
14.29469,11.78205,41.38142,3396.11712,-0.65954,44.27828,11.604377836250181,4.322936073560059,41.999999283557244
14.32719,11.81488,41.32405,3389.78235,-0.63219,44.48671,11.65480074007966,4.341719931942987,41.999999283557244
14.35951,11.84777,41.26924,3383.41357,-0.60403,44.69638,11.70089771610655,4.3588922683974385,41.999999283557244
14.39166,11.88072,41.21706,3377.01303,-0.57516,44.9072,11.742533069818489,4.374402533147223,41.999999283557244
14.42363,11.91374,41.16756,3370.58309,-0.54564,45.11911,11.779588474503315,4.388206646378697,41.999999283557244
14.45541,11.94682,41.12078,3364.1262,-0.51558,45.33202,11.811963807635173,4.400267309816596,41.999999283557244
14.48702,11.97997,41.07675,3357.64484,-0.48505,45.54588,11.839577852587595,4.410554268130625,41.999999283557244
14.51845,12.01318,41.03551,3351.14161,-0.45415,45.76059,11.862368856559716,4.419044516777643,41.999999283557244
14.54969,12.04645,40.99707,3344.61912,-0.42296,45.97608,11.880294937460723,4.425722453576845,41.999999283557244
14.58075,12.07978,40.96144,3338.08004,-0.39158,46.19227,11.89333433477037,4.43057997216188,41.999999283557244
14.61163,12.11317,40.92863,3331.52706,-0.3601,46.40908,11.901485501551404,4.43361649625792,41.999999283557244
14.64233,12.14663,40.89862,3324.9629,-0.32862,46.62642,11.904767037073249,4.434838954582204,41.999999283557244
14.67285,12.18014,40.87141,3318.39027,-0.29722,46.84422,11.903217461885164,4.434261697052865,41.999999283557244
14.70318,12.21371,40.84697,3311.8119,-0.266,47.06239,11.896894839275536,4.431906353772566,41.999999283557244
14.73332,12.24734,40.82528,3305.23049,-0.23506,47.28085,11.885876249281392,4.427801639083195,41.999999283557244
14.76329,12.28102,40.80628,3298.64871,-0.20447,47.49953,11.870257123387969,4.421983103723961,41.999999283557244
14.79307,12.31476,40.78994,3292.06922,-0.17434,47.71834,11.850150449792482,4.41449283877122,41.999999283557244
14.82266,12.34855,40.77621,3285.49461,-0.14475,47.93721,11.82568586075723,4.40537913565351,41.999999283557244
14.85207,12.3824,40.76502,3278.92741,-0.11578,48.15606,11.797008614849123,4.394696107008988,41.999999283557244
14.8813,12.4163,40.75631,3272.37012,-0.08751,48.37481,11.764278487950689,4.382503273557854,41.999999283557244
14.91035,12.45025,40.75,3265.82513,-0.06004,48.59341,11.727668587677547,4.368865122441658,41.999999283557244
14.93921,12.48425,40.74602,3259.29477,-0.03342,48.81177,11.68736410636198,4.353850642676882,41.999999283557244
14.96789,12.5183,40.74427,3252.78129,-0.00774,49.02983,11.643561027914833,4.337532843426963,41.999999283557244
14.99638,12.5524,40.74467,3246.28682,0.01693,49.24753,11.596464803884162,4.319988260799305,41.999999283557244
15.0247,12.58655,40.74711,3239.81341,0.04053,49.46481,11.546289013619345,4.301296458721164,41.999999283557244
15.05283,12.62075,40.75151,3233.363,0.06299,49.68161,11.493254022979748,4.281539529273327,41.999999283557244
15.08078,12.65499,40.75774,3226.93742,0.08426,49.89789,11.437585655190997,4.260801597549108,41.999999283557244
15.10855,12.68928,40.76571,3220.53838,0.10429,50.11359,11.379513886545906,4.2391683357686185,41.999999283557244
15.13615,12.72361,40.77529,3214.1675,0.12302,50.32866,11.319271578544187,4.216726490967459,41.999999283557244
15.16356,12.75799,40.78637,3207.82624,0.14041,50.54308,11.25709325683824,4.1935634301218885,41.999999283557244
15.1908,12.7924,40.79883,3201.51597,0.15642,50.75678,11.193213946091321,4.1697667061028385,41.999999283557244
15.21786,12.82686,40.81255,3195.23794,0.17101,50.96976,11.12786806849916,4.145423647346242,41.999999283557244
15.24474,12.86136,40.8274,3188.99326,0.18414,51.18197,11.061288412332662,4.120620973608036,41.999999283557244
15.27145,12.8959,40.84325,3182.78293,0.19581,51.39339,10.993705175572378,4.095444439692851,41.999999283557244
15.29798,12.93048,40.85999,3176.60782,0.20597,51.604,10.925345088292328,4.069978508518885,41.999999283557244
15.32434,12.96509,40.87747,3170.46868,0.21461,51.81377,10.856430616290435,4.044306054449293,41.999999283557244
15.35052,12.99974,40.89557,3164.36616,0.22173,52.02271,10.787179247146591,4.018508097330026,41.999999283557244
15.37654,13.03443,40.91416,3158.30077,0.2273,52.23079,10.717802858871561,3.9926635672949415,41.999999283557244
15.40238,13.06915,40.93312,3152.27292,0.23133,52.43801,10.64850717026481,3.9668491000096275,41.999999283557244
15.42805,13.10391,40.9523,3146.28289,0.2338,52.64437,10.579491271186352,3.941138861685307,41.999999283557244
15.45355,13.1387,40.97159,3140.33087,0.23474,52.84987,10.510947230166993,3.915604402903335,41.999999283557244
15.47889,13.17353,40.99086,3134.41694,0.23413,53.05451,10.443059776095795,3.8903145400353942,41.999999283557244
15.50406,13.20838,41.00997,3128.54107,0.232,53.2583,10.376006050156409,3.865335262833262,41.999999283557244
15.52906,13.24327,41.02882,3122.70313,0.22835,53.46125,10.309955423734491,3.8407296665945223,41.999999283557244
15.5539,13.27819,41.04727,3116.90289,0.22321,53.66339,10.24506937762996,3.816557907165962,41.999999283557244
15.57857,13.31314,41.06521,3111.14004,0.21659,53.86471,10.18150143769377,3.7928771769665683,41.999999283557244
15.60308,13.34811,41.08251,3105.41418,0.20852,54.06525,10.119397161814108,3.769741700139551,41.999999283557244
15.62742,13.38312,41.09907,3099.72481,0.19903,54.26503,10.058894173082871,3.7472027449077228,41.999999283557244
15.65161,13.41815,41.11478,3094.07135,0.18815,54.46407,10.000122234009881,3.725308651220249,41.999999283557244
15.67563,13.45321,41.12952,3088.45316,0.1759,54.6624,9.94320335663144,3.7041048717709826,41.999999283557244
15.69949,13.48829,41.14319,3082.86951,0.16233,54.86005,9.888251943537345,3.6836340245347357,41.999999283557244
15.72319,13.52341,41.15569,3077.31959,0.14748,55.05706,9.83537495495293,3.6639359550097397,41.999999283557244
15.74674,13.55854,41.16692,3071.80255,0.13138,55.25346,9.784672097220774,3.6450478064320344,41.999999283557244
15.77013,13.59371,41.17679,3066.31745,0.11407,55.44928,9.736236028229632,3.627004096303158,41.999999283557244
15.79336,13.62889,41.18521,3060.86331,0.09561,55.64457,9.690152575638018,3.6098367976841708,41.999999283557244
15.81643,13.6641,41.19208,3055.43906,0.07604,55.83937,9.646500963914084,3.5935754237739754,41.999999283557244
15.83935,13.69933,41.19734,3050.04362,0.0554,56.03372,9.605354046595394,3.578247114432212,41.999999283557244
15.86211,13.73458,41.20091,3044.67582,0.03375,56.22767,9.566778540342352,3.5638767233702966,41.999999283557244
15.88472,13.76986,41.2027,3039.33446,0.01115,56.42125,9.530835257730146,3.5504869048725682,41.999999283557244
15.90717,13.80516,41.20266,3034.01829,-0.01237,56.61452,9.497579335952437,3.538098198994408,41.999999283557244
15.92947,13.84047,41.20072,3028.72601,-0.03673,56.80753,9.467060458888092,3.5267291142879555,41.999999283557244
15.95162,13.87581,41.19681,3023.4563,-0.06189,57.00033,9.439323070275691,3.516396207215218,41.999999283557244
15.97361,13.91117,41.1909,3018.20778,-0.08779,57.19296,9.41440657596192,3.507114157490917,41.999999283557244
15.99546,13.94654,41.18292,3012.97906,-0.11437,57.38549,9.392345533475218,3.498895838703658,41.999999283557244
16.01715,13.98194,41.17284,3007.76868,-0.14158,57.57795,9.373169827357325,3.4917523836315487,41.999999283557244
16.03868,14.01735,41.16062,3002.57517,-0.16934,57.77042,9.356904828996036,3.485693243784106,41.999999283557244
16.06007,14.05278,41.14621,2997.39705,-0.1976,57.96293,9.343571539802008,3.4807262427393786,41.999999283557244
16.08131,14.08823,41.1296,2992.23279,-0.2263,58.15555,9.333186716890616,3.476857622963749,41.999999283557244
16.10239,14.1237,41.11075,2987.08084,-0.25538,58.34834,9.325762980539087,3.4740920858425453,41.999999283557244
16.12333,14.15918,41.08965,2981.93962,-0.28477,58.54134,9.321308902911143,3.472432824732301,41.999999283557244
16.14411,14.19467,41.06628,2976.80756,-0.31441,58.73462,9.31982907772176,3.4718815509127112,41.999999283557244
16.16474,14.23019,41.04064,2971.68304,-0.34424,58.92824,9.321324170648419,3.472438512366154,41.999999283557244
16.18522,14.26571,41.01272,2966.56445,-0.37419,59.12225,9.325790950508269,3.474102505,41.999999283557244
16.20555,14.30125,40.98252,2961.45014,-0.4042,59.31671,9.333222301340774,3.4768708791077163,41.999999283557244
16.22573,14.33681,40.95005,2956.33847,-0.43421,59.51168,9.34360721571289,3.4807395329548707,41.999999283557244
16.24576,14.37238,40.91531,2951.22779,-0.46416,59.70722,9.356930769721085,3.4857029073867283,41.999999283557244
16.26564,14.40796,40.87833,2946.11643,-0.49397,59.90339,9.37317408029529,3.491753967962843,41.999999283557244
16.28536,14.44356,40.83912,2941.00273,-0.52358,60.10024,9.392314245614498,3.4988841831523065,41.999999283557244
16.30494,14.47916,40.79771,2935.88502,-0.55294,60.29784,9.414324269555939,3.507083496189077,41.999999283557244
16.32436,14.51478,40.75413,2930.76163,-0.58198,60.49624,9.439172971284243,3.516340291391561,41.999999283557244
16.34363,14.55041,40.70842,2925.63089,-0.61064,60.6955,9.466824881246636,3.526641355418092,41.999999283557244
16.36274,14.58605,40.66061,2920.49115,-0.63885,60.89568,9.49724012502078,3.537971833997187,41.999999283557244
16.38171,14.6217,40.61075,2915.34075,-0.66655,61.09684,9.530374296610686,3.550315184726951,41.999999283557244
16.40052,14.65736,40.55888,2910.17805,-0.69369,61.29903,9.566178322986131,3.563653126612436,41.999999283557244
16.41917,14.69303,40.50506,2905.00142,-0.7202,61.50232,9.60459832182525,3.5779655870710174,41.999999283557244
16.43767,14.72871,40.44936,2899.80926,-0.74603,61.70675,9.645575454602485,3.5932306472037894,41.999999283557244
16.45602,14.7644,40.39182,2894.59996,-0.77112,61.91238,9.689045777354226,3.609424486201841,41.999999283557244
16.47421,14.80009,40.33251,2889.37196,-0.7954,62.11926,9.73494009161366,3.6265213258155646,41.999999283557244
16.49224,14.83579,40.27151,2884.12372,-0.81883,62.32746,9.783183798200357,3.644493375887425,41.999999283557244
16.51011,14.8715,40.20889,2878.85372,-0.84136,62.53701,9.83369675671809,3.663310782011209,41.999999283557244
16.52783,14.90722,40.14472,2873.56048,-0.86293,62.74797,9.886393153763745,3.6829415764363675,41.999999283557244
16.54539,14.94294,40.07908,2868.24256,-0.88349,62.96039,9.941181382990333,3.7033516333883423,41.999999283557244
16.56279,14.97866,40.01207,2862.89855,-0.90299,63.17432,9.997963940325212,3.724504630034586,41.999999283557244
16.58008,15.01436,39.94665,2857.51806,-0.84405,63.18816,10.052480028004409,3.744813307099682,0
16.59734,15.05,39.88582,2852.09379,-0.78363,63.20199,10.100403425388542,3.7626660335657456,0
16.61456,15.08558,39.82966,2846.62913,-0.72193,63.21582,10.141528154142728,3.7779860770834155,0
16.63173,15.1211,39.77824,2841.12762,-0.65914,63.22963,10.175690671691065,3.790712513740105,0
16.64886,15.15655,39.73162,2835.59295,-0.59549,63.24343,10.202764718998928,3.8007983087233432,0
16.66596,15.19195,39.68984,2830.0289,-0.53117,63.25722,10.22266255297739,3.8082107754238406,0
16.68301,15.22729,39.65292,2824.43936,-0.4664,63.271,10.23533574893639,3.8129318743704217,0
16.70002,15.26256,39.62086,2818.82829,-0.40141,63.28478,10.240775559482337,3.814958346928817,0
16.71698,15.29777,39.59367,2813.19968,-0.33641,63.29854,10.239012825256372,3.8143016820493156,0
16.73391,15.33292,39.5713,2807.55758,-0.27162,63.31229,10.230117441997145,3.8109879177336334,0
16.75079,15.368,39.55372,2801.90601,-0.20726,63.32603,10.214197397268746,3.805057282190719,0
16.76764,15.40302,39.54087,2796.24901,-0.14353,63.33976,10.19139739863706,3.7965636827963474,0
16.78444,15.43798,39.53268,2790.59054,-0.08066,63.35348,10.161897122698635,3.785574053810308,0
16.80119,15.47288,39.52905,2784.93455,-0.01884,63.36718,10.125909121162778,3.772167576336893,0
16.81791,15.50771,39.52989,2779.28489,0.04172,63.38088,10.083676425767413,3.7564347860930267,0
16.83458,15.54248,39.53508,2773.64531,0.10083,63.39457,10.035469898206637,3.7384765861865605,0
16.85122,15.57718,39.54449,2768.01946,0.1583,63.40824,9.981585374337152,3.7184031832580255,0
16.86781,15.61182,39.55798,2762.41087,0.21396,63.42191,9.922340653588636,3.6963329659567847,0
16.88436,15.6464,39.57539,2756.82292,0.26765,63.43556,9.858072384971845,3.6723913448971106,0
16.90086,15.68092,39.59656,2751.25884,0.31919,63.44921,9.789132900214163,3.6467095729178625,0
16.91733,15.71537,39.62131,2745.72171,0.36844,63.46284,9.71588704254264,3.6194235637207166,0
16.93375,15.74976,39.64946,2740.21442,0.41527,63.47646,9.638709036683556,3.59067272586266,0
16.95014,15.78409,39.68082,2734.7397,0.45956,63.49008,9.557979441809113,3.5605988276484504,0
16.96648,15.81835,39.7152,2729.30009,0.50117,63.50368,9.474082224680735,3.529344906799492,0
16.98279,15.85256,39.75237,2723.89793,0.54002,63.51728,9.387401985269447,3.497054236924426,0
16.99905,15.8867,39.79214,2718.5354,0.57601,63.53087,9.29832136188736,3.463869360862335,0
17.01527,15.92078,39.83429,2713.21447,0.60905,63.54445,9.207218637456572,3.429931198954922,0
17.03146,15.95481,39.87859,2707.93692,0.63909,63.55802,9.114465563187228,3.3953782383093296,0
17.0476,15.98877,39.92483,2702.70433,0.66607,63.57159,9.020425410762186,3.360345807185675,0
17.06371,16.02268,39.97277,2697.51812,0.68993,63.58514,8.9254512592085,3.3249654368116035,0
17.07977,16.05652,40.0222,2692.3795,0.71065,63.59869,8.82988451811623,3.289364311242442,0
17.0958,16.09031,40.07288,2687.28952,0.72819,63.61224,8.734053684773446,3.253664804361277,0
17.11179,16.12404,40.12458,2682.24904,0.74255,63.62578,8.638273329273176,3.2179841018046007,0
17.12775,16.15772,40.17708,2677.25877,0.75372,63.63931,8.542843298519017,3.1824339044334504,0
17.14366,16.19134,40.23016,2672.31922,0.76171,63.65284,8.448048127615413,3.1471202090607995,0
17.15954,16.2249,40.28359,2667.43078,0.76653,63.66636,8.354156645076692,3.1121431613815402,0
17.17538,16.25841,40.33714,2662.59368,0.7682,63.67988,8.261421756860436,3.0775969755192256,0
17.19119,16.29186,40.39061,2657.80799,0.76676,63.6934,8.17008039314802,3.0435699142004284,0
17.20696,16.32527,40.44377,2653.07365,0.76224,63.70691,8.080353601246038,3.01014432336296,0
17.22269,16.35862,40.49642,2648.3905,0.7547,63.72042,7.99244676773829,2.9773967149133305,0
17.23839,16.39191,40.54836,2643.75821,0.74418,63.73392,7.906549953145448,2.9453978913962833,0
17.25406,16.42516,40.59937,2639.17635,0.73074,63.74743,7.822838322713319,2.9142131064747585,0
17.26968,16.45835,40.64927,2634.64441,0.71446,63.76093,7.741472657613366,2.8839022553655314,0
17.28528,16.4915,40.69786,2630.16173,0.69539,63.77443,7.662599931570604,2.854520089648282,0
17.30084,16.52459,40.74497,2625.72758,0.67362,63.78793,7.586353938927927,2.82611645123608,0
17.31637,16.55764,40.79041,2621.34114,0.64923,63.80143,7.512855961150499,2.798736520665805,0
17.33186,16.59063,40.83402,2617.00149,0.6223,63.81493,7.442215459841571,2.772421075264778,0
17.34733,16.62358,40.87563,2612.70764,0.59292,63.82843,7.374530785495075,2.747206753179745,0
17.36275,16.65649,40.91508,2608.45853,0.56118,63.84193,7.309889892288294,2.7231263196559574,0
17.37815,16.68934,40.95222,2604.25301,0.52719,63.85543,7.248371050304072,2.7002089323586844,0
17.39352,16.72215,40.98692,2600.08988,0.49103,63.86894,7.190043547639843,2.678480402927301,0
17.40885,16.75492,41.01903,2595.96789,0.45282,63.88244,7.134968375837441,2.6579634523159217,0
17.42415,16.78763,41.04843,2591.8857,0.41264,63.89594,7.083198892998652,2.6386779578214004,0
17.43942,16.82031,41.07499,2587.84193,0.37062,63.90945,7.034781459815554,2.6206411900213586,0
17.45466,16.85294,41.09861,2583.83517,0.32686,63.92296,6.989756044520334,2.603868038133913,0
17.46987,16.88552,41.11918,2579.86392,0.28146,63.93647,6.948156793457984,2.588371222571018,0
17.48504,16.91807,41.1366,2575.92667,0.23455,63.94999,6.910012564641236,2.5741614937017165,0
17.50019,16.95056,41.15078,2572.02186,0.18623,63.9635,6.875347422154397,2.5612478160305767,0
17.51531,16.98302,41.16165,2568.14787,0.13661,63.97702,6.844181089805551,2.5496375371950735,0
17.53039,17.01544,41.16913,2564.30305,0.08581,63.99055,6.816529362799882,2.5393365413247366,0
17.54545,17.04781,41.17315,2560.48574,0.03396,64.00407,6.7924044765866025,2.530349386446331,0
17.56048,17.08014,41.17366,2556.6942,-0.01885,64.0176,6.7718154323196815,2.522679425726545,0
17.57548,17.11243,41.17061,2552.92668,-0.07248,64.03114,6.754768278610644,2.51632891243232,0
17.59044,17.14468,41.16396,2549.18141,-0.12682,64.04467,6.741266349477713,2.511299088573167,0
17.60538,17.17688,41.15368,2545.45655,-0.18175,64.05821,6.731310458531245,2.5075902572403512,0
17.62029,17.20905,41.13973,2541.75028,-0.23716,64.07176,6.724899049597199,2.505201838718097,0
17.63518,17.24118,41.12211,2538.0607,-0.29292,64.08531,6.722028304078238,2.504132410478424,0
17.65003,17.27326,41.1008,2534.38593,-0.34891,64.09886,6.7226922054355915,2.5043797312023344,0
17.66485,17.30531,41.07581,2530.72403,-0.40501,64.11242,6.72688256128027,2.5059407490093752,0
17.67965,17.33731,41.04714,2527.07304,-0.46111,64.12598,6.7345889836042545,2.5088115940932334,0
17.69441,17.36928,41.01481,2523.431,-0.51707,64.13954,6.745798827796104,2.5129875560034494,0
17.70915,17.40121,40.97883,2519.79589,-0.57279,64.15311,6.760497091127969,2.5184630458291526,0
17.72386,17.43309,40.93925,2516.16569,-0.62815,64.16668,6.778666271512427,2.525231543582271,0
17.73854,17.46494,40.89609,2512.53837,-0.68302,64.18026,6.800286187452645,2.5332855311242266,0
17.75319,17.49675,40.84941,2508.91187,-0.73728,64.19384,6.825333760204889,2.5426164110157403,0
17.76782,17.52851,40.79926,2505.2841,-0.79081,64.20742,6.853782759358962,2.55321441173885,0
17.78242,17.56024,40.7457,2501.65298,-0.8435,64.22101,6.8856035132205875,2.5650684798067287,0
17.79698,17.59193,40.6888,2498.01639,-0.89524,64.2346,6.920762585607261,2.578166159361635,0
17.81152,17.62357,40.62864,2494.37224,-0.94589,64.24819,6.959222420926342,2.5924934599571636,0
17.82603,17.65518,40.5653,2490.7184,-0.99535,64.26178,7.000940959714436,2.6080347133365462,0
17.84051,17.68674,40.49887,2487.05274,-1.04351,64.27538,7.045871227160457,2.624772420146675,0
17.85497,17.71827,40.42945,2483.37313,-1.09024,64.28898,7.093960897517001,2.6426870876698665,0
17.86939,17.74976,40.35715,2479.67746,-1.13544,64.30258,7.1451518377659715,2.661757059827308,0
17.88379,17.7812,40.28208,2475.96361,-1.17899,64.31619,7.1993796343538525,2.681958340875495,0
17.89816,17.8126,40.20436,2472.22946,-1.2208,64.32979,7.256573107343537,2.7032644144149947,0
17.91249,17.84396,40.12411,2468.47293,-1.26075,64.3434,7.316653816887208,2.72564605953862,0
17.9268,17.87528,40.04147,2464.69194,-1.29873,64.35701,7.37953556751091,2.749071166164384,0
17.94108,17.90656,39.95657,2460.88445,-1.33466,64.37062,7.445123916303027,2.7735045518227657,0
17.95534,17.93779,39.86956,2457.04842,-1.36842,64.38423,7.513315691724173,2.7989077824007387,0
17.96956,17.96899,39.78059,2453.18189,-1.39994,64.39784,7.583998530377819,2.8252389995766354,0
17.98375,18.00013,39.68981,2449.2829,-1.4291,64.41145,7.6570504396832595,2.852452757904327,0
17.99791,18.03124,39.59739,2445.34957,-1.45584,64.42505,7.732339394971306,2.8804998747207606,0
18.01205,18.0623,39.50348,2441.38006,-1.48007,64.43866,7.809722980049378,2.9093272962470063,0
18.02615,18.09332,39.40827,2437.37259,-1.5017,64.45227,7.889048080725634,2.9388779834179246,0
18.04022,18.12429,39.31191,2433.32545,-1.52067,64.46587,7.970150641142123,2.9690908211098606,0
18.05426,18.15521,39.2146,2429.23703,-1.53691,64.47947,8.052855493023124,2.9999005545311532,0
18.06828,18.18609,39.11651,2425.10576,-1.55036,64.49307,8.13697626801585,3.031237756566741,0
18.08226,18.21692,39.01783,2420.9302,-1.56096,64.50666,8.222315403228244,3.063028829841144,0
18.09621,18.24771,38.91873,2416.709,-1.56867,64.52026,8.308664249813067,3.095196047168881,0
18.11012,18.27845,38.81942,2412.44092,-1.57345,64.53384,8.395803293963786,3.127657633881263,0
18.12401,18.30914,38.72007,2408.12483,-1.57526,64.54742,8.483502498926796,3.1603278952349427,0
18.13787,18.33978,38.62088,2403.75973,-1.57409,64.561,8.571521775713132,3.193117391764407,0
18.15169,18.37037,38.52204,2399.34474,-1.5699,64.57457,8.659611588901909,3.225933164959705,0
18.16548,18.40091,38.42374,2394.87913,-1.5627,64.58813,8.747513702440482,3.258679015096627,0
18.17924,18.4314,38.32617,2390.36233,-1.55249,64.60169,8.834962068570725,3.2912558323851333,0
18.19297,18.46184,38.22952,2385.79388,-1.53928,64.61524,8.921683860957863,3.323561981837028,0
18.20666,18.49223,38.13397,2381.17353,-1.5231,64.62878,9.007400650845058,3.355493741414486,0
18.22032,18.52256,38.03971,2376.50114,-1.50396,64.64232,9.09182972257613,3.386945792096883,0
18.23395,18.55284,37.94691,2371.77679,-1.48191,64.65584,9.1746855221862,3.4178117575189293,0
18.24754,18.58307,37.85575,2367.00069,-1.45701,64.66936,9.255681230020283,3.4479847898124576,0
18.2611,18.61324,37.76641,2362.17325,-1.42932,64.68286,9.334530445531056,3.4773581972379417,0
18.27462,18.64336,37.67904,2357.29504,-1.39891,64.69636,9.410948969598069,3.5058261081452837,0
18.28812,18.67342,37.59381,2352.36683,-1.36586,64.70984,9.484656667060761,3.5332841648163757,0
18.30157,18.70342,37.51088,2347.38954,-1.33027,64.72331,9.555379389553378,3.5596302397716966,0
18.31499,18.73337,37.43037,2342.36428,-1.29224,64.73677,9.622850936528604,3.584765166303213,0
18.32838,18.76326,37.35245,2337.29234,-1.25189,64.75022,9.6868150303583,3.6085934742513737,0
18.34173,18.79309,37.27722,2332.17516,-1.20933,64.76366,9.747027279862237,3.6310241214712224,0
18.35504,18.82286,37.20482,2327.01437,-1.16471,64.77708,9.803257105551012,3.6519712110360474,0
18.36832,18.85257,37.13536,2321.81175,-1.11816,64.79049,9.855289599347513,3.671354684032551,0
18.38156,18.88222,37.06893,2316.56922,-1.06983,64.80388,9.902927291552265,3.6891009778019397,0
18.39477,18.91181,37.00563,2311.28887,-1.01989,64.81726,9.945991798492795,3.705143639732659,0
18.40794,18.94133,36.94553,2305.97289,-0.9685,64.83063,9.984325325497496,3.719423887157708,0
18.42107,18.9708,36.88872,2300.62362,-0.91582,64.84398,10.017792001740368,3.7318911046194256,0
18.43417,19.0002,36.83524,2295.24351,-0.86205,64.85732,10.046279025876457,3.742503270648834,0
18.44723,19.02954,36.78513,2289.83512,-0.80735,64.87064,10.06969760431363,3.751227307296564,0
18.46025,19.05882,36.73845,2284.40108,-0.75192,64.88394,10.087983667400827,3.7580393469318207,0
18.47324,19.08803,36.6952,2278.94411,-0.69595,64.89723,10.10109835249197,3.7629249121964046,0
18.48618,19.11718,36.65541,2273.46699,-0.63963,64.9105,10.109028246914074,3.7658790065167183,0
18.49909,19.14626,36.61906,2267.97255,-0.58315,64.92375,10.111785387998832,3.766906114115538,0
18.51197,19.17528,36.58615,2262.46366,-0.52671,64.93699,10.109407021575478,3.766020110044252,0
18.5248,19.20424,36.55666,2256.9432,-0.4705,64.95021,10.101955124472129,3.7632440823020414,0
18.5376,19.23313,36.53054,2251.41406,-0.41471,64.96341,10.08951570055114,3.758610069590531,0
18.55036,19.26195,36.50775,2245.87915,-0.35953,64.9766,10.072197863464204,3.752158719615931,0
18.56309,19.29071,36.48824,2240.34131,-0.30515,64.98977,10.05013272271127,3.7439388741166684,0
18.57577,19.31941,36.47193,2234.8034,-0.25175,65.00293,10.023472092378285,3.7340070878342297,0
18.58842,19.34803,36.45876,2229.2682,-0.19951,65.01606,9.9923870443724,3.7224270895552,0
18.60103,19.3766,36.44862,2223.73845,-0.1486,65.02918,9.957066329747057,3.7092691940133258,0
18.6136,19.40509,36.44142,2218.21682,-0.09918,65.04229,9.917714692999887,3.694609673921127,0
18.62614,19.43352,36.43706,2212.7059,-0.05142,65.05537,9.874551104848404,3.678530101632344,0
18.63864,19.46189,36.43542,2207.2082,-0.00546,65.06844,9.82780693916821,3.6611166700034516,0
18.6511,19.49019,36.43639,2201.72613,0.03855,65.08149,9.777724119286065,3.642459501839053,0
18.66352,19.51842,36.43982,2196.262,0.08047,65.09453,9.724553257993481,3.622651956998007,0
18.67591,19.54659,36.44559,2190.818,0.12019,65.10755,9.66855181421615,3.601789945704285,0
18.68826,19.5747,36.45356,2185.39622,0.15759,65.12056,9.609982287661838,3.5799712560058135,0
18.70057,19.60274,36.46358,2179.99862,0.19255,65.13355,9.549110470666879,3.5572949025412934,0
18.71285,19.63071,36.47549,2174.62706,0.22499,65.14652,9.486203774319497,3.533860502977097,0
18.72509,19.65863,36.48914,2169.28324,0.25482,65.15948,9.42152964345814,3.509767687552444,0
18.7373,19.68647,36.50438,2163.96875,0.28196,65.17243,9.355354072756736,3.4851155462821146,0
18.74947,19.71426,36.52104,2158.68504,0.30634,65.18536,9.287940233539684,3.4600021174089,0
18.7616,19.74198,36.53895,2153.43346,0.32791,65.19827,9.219547218556572,3.434523919799164,0
18.7737,19.76964,36.55795,2148.21518,0.34662,65.21117,9.150428909576902,3.4087755310920755,0
18.78576,19.79724,36.57788,2143.03129,0.36243,65.22406,9.08083297041969,3.382849212576647,0
18.79779,19.82477,36.59857,2137.88271,0.37532,65.23694,9.010999965986972,3.35683458100853,0
18.80978,19.85225,36.61984,2132.77027,0.38527,65.2498,8.941162605979285,3.3308183268741343,0
18.82174,19.87966,36.64153,2127.69464,0.39227,65.26265,8.871545110362353,3.3048839780102757,0
18.83367,19.90701,36.66348,2122.6564,0.39632,65.27549,8.80236269216656,3.279111706933367,0
18.84556,19.93431,36.68553,2117.656,0.39743,65.28832,8.733821152061232,3.2535781798076737,0
18.85741,19.96154,36.7075,2112.69376,0.39562,65.30113,8.666116578093852,3.2283564445902715,0
18.86924,19.98871,36.72924,2107.76991,0.39091,65.31394,8.599435143295189,3.2035158556336265,0
18.88103,20.01583,36.75059,2102.88455,0.38334,65.32673,8.533952993233909,3.1791220317967377,0
18.89278,20.04289,36.77139,2098.03769,0.37295,65.33951,8.469836215272085,3.1552368449919985,0
18.90451,20.06989,36.79151,2093.22924,0.35978,65.35229,8.40724088104637,3.1319184360105536,0
18.9162,20.09683,36.81078,2088.459,0.34389,65.36505,8.346313153666502,3.1092212544565645,0
18.92786,20.12372,36.82906,2083.72668,0.32534,65.3778,8.287189451195864,3.087196119648015,0
18.93949,20.15055,36.84623,2079.03192,0.3042,65.39055,8.22999665820404,3.0658902994256105,0
18.95108,20.17732,36.86213,2074.37424,0.28054,65.40329,8.174852377402585,3.0453476038937173,0
18.96265,20.20404,36.87666,2069.7531,0.25443,65.41602,8.121865213821502,3.025608491283583,0
18.97418,20.2307,36.88967,2065.16789,0.22596,65.42874,8.071135084336918,3.0067101832605347,0
18.98568,20.25731,36.90105,2060.61789,0.19522,65.44145,8.022753545866493,2.9886867871854106,0
18.99716,20.28387,36.91069,2056.10234,0.1623,65.45415,7.976804135998335,2.9715694230077854,0
19.0086,20.31037,36.91849,2051.62041,0.1273,65.46685,7.933362720371341,2.9553863526742936,0
19.02001,20.33682,36.92434,2047.17118,0.0903,65.47955,7.892497841569884,2.940163110101078,0
19.03139,20.36322,36.92814,2042.7537,0.05142,65.49223,7.854271064879832,2.9259226299770065,0
19.04274,20.38956,36.92981,2038.36694,0.01076,65.50491,7.818737316672436,2.9126853738205667,0
19.05406,20.41586,36.92926,2034.00981,-0.03156,65.51758,7.785945211711788,2.9004694519105154,0
19.06535,20.4421,36.92642,2029.68119,-0.07545,65.53025,7.755937366114175,2.8892907398714684,0
19.07661,20.46829,36.92122,2025.37989,-0.12078,65.54291,7.728750693118831,2.879162988856285,0
19.08784,20.49443,36.91359,2021.10468,-0.16743,65.55556,7.704416679271239,2.8700979284316195,0
19.09904,20.52051,36.90348,2016.85428,-0.2153,65.56821,7.682961638943807,2.862105361393565,0
19.11022,20.54655,36.89084,2012.62736,-0.26426,65.58086,7.664406945533287,2.8551932498947807,0
19.12136,20.57254,36.87562,2008.42256,-0.31419,65.5935,7.648769237972318,2.84936779237547,0
19.13248,20.59848,36.85779,2004.23848,-0.36496,65.60613,7.636060601511593,2.8446334909095,0
19.14357,20.62436,36.83731,2000.07368,-0.41646,65.61876,7.6262887220039115,2.8409932086792646,0
19.15462,20.6502,36.81417,1995.92669,-0.46855,65.63139,7.61945701321478,2.838448217402237,0
19.16566,20.67599,36.78834,1991.79599,-0.52112,65.64401,7.615564716905432,2.836998234614525,0
19.17666,20.70173,36.75982,1987.68006,-0.57403,65.65662,7.614606975691632,2.836641450812697,0
19.18763,20.72742,36.7286,1983.57732,-0.62716,65.66923,7.61657487888973,2.837374546532638,0
19.19858,20.75306,36.69469,1979.48618,-0.68039,65.68184,7.621455481817284,2.8391926995395433,0
19.2095,20.77865,36.65809,1975.40504,-0.73358,65.69444,7.629231799163433,2.8420895823582075,0
19.22039,20.8042,36.61882,1971.33225,-0.78662,65.70704,7.639882773325572,2.8460573504776,0
19.23125,20.82969,36.57691,1967.26616,-0.83936,65.71963,7.6533832187766695,2.8510866216262327,0
19.24209,20.85514,36.53238,1963.20509,-0.8917,65.73222,7.66970374374279,2.857166446594969,0
19.25289,20.88054,36.48526,1959.14736,-0.9435,65.7448,7.688810650699706,2.8642842721693986,0
19.26367,20.90589,36.43561,1955.09127,-0.99463,65.75738,7.710665817428809,2.8724258968200345,0
19.27443,20.93119,36.38347,1951.03511,-1.04499,65.76995,7.735226560557461,2.881575419867502,0
19.28515,20.95644,36.32888,1946.97717,-1.09443,65.78252,7.762445483796695,2.8917151849470892,0
19.29585,20.98165,36.27192,1942.91573,-1.14286,65.79508,7.79227031329977,2.9028257186754782,0
19.30652,21.0068,36.21265,1938.84908,-1.19013,65.80764,7.824643722828321,2.914885665520532,0
19.31716,21.03191,36.15114,1934.77551,-1.23615,65.82019,7.859503151640515,2.9278717199598487,0
19.32777,21.05697,36.08746,1930.69331,-1.2808,65.83273,7.896780618320504,2.9417585571273226,0
19.33836,21.08198,36.0217,1926.60078,-1.32396,65.84527,7.93640253397229,2.9565187632229564,0
19.34892,21.10694,35.95394,1922.49625,-1.36552,65.8578,7.978289518483836,2.9721227670664,0
19.35945,21.13185,35.88429,1918.37806,-1.40539,65.87033,8.022356223804895,2.9885387742632923,0
19.36995,21.15671,35.81283,1914.24457,-1.44345,65.88285,8.068511168414133,3.005732705539914,0
19.38043,21.18152,35.73966,1910.09417,-1.47962,65.89536,8.116656587336955,3.023668140870878,0
19.39087,21.20628,35.6649,1905.92529,-1.51379,65.90787,8.166688302315453,3.042306271114017,0
19.40129,21.23099,35.58865,1901.73637,-1.54587,65.92036,8.218495616807433,3.0616058588947617,0
19.41168,21.25565,35.51103,1897.52593,-1.57578,65.93285,8.271961240669825,3.081523210548732,0
19.42205,21.28025,35.43215,1893.2925,-1.60345,65.94534,8.32696124938779,3.102012160933498,0
19.43238,21.30481,35.35213,1889.03469,-1.62878,65.95781,8.38336508273132,3.1230240729281364,0
19.44269,21.32932,35.27111,1884.75115,-1.65172,65.97027,8.44103558765618,3.144507853414954,0
19.45296,21.35377,35.1892,1880.44059,-1.6722,65.98273,8.499829110101993,3.166409987476698,0
19.46321,21.37817,35.10653,1876.10179,-1.69016,65.99517,8.55959564013178,3.1886745924648405,0
19.47343,21.40252,35.02324,1871.73362,-1.70555,66.00761,8.62017901451038,3.2112434934653855,0
19.48363,21.42682,34.93945,1867.33499,-1.71833,66.02003,8.68141718044989,3.234056321550971,0
19.49379,21.45106,34.8553,1862.90492,-1.72846,66.03245,8.743142523670164,3.257050635992048,0
19.50392,21.47525,34.77092,1858.4425,-1.7359,66.04485,8.80518226336595,3.280162071392523,0
19.51403,21.49939,34.68645,1853.94694,-1.74065,66.05724,8.867358915918043,3.3033245104343645,0
19.5241,21.52347,34.60202,1849.41751,-1.74268,66.06962,8.92949082835993,3.326470282607972,0
19.53415,21.54749,34.51777,1844.85359,-1.74198,66.08199,8.991392781758632,3.3495303889874073,0
19.54416,21.57146,34.43383,1840.25469,-1.73857,66.09434,9.052876663581344,3.3724347527046605,0
19.55415,21.59538,34.35032,1835.62039,-1.73245,66.10668,9.113752207141983,3.395112494412949,0
19.56411,21.61923,34.26738,1830.9504,-1.72365,66.11901,9.173827795049208,3.4174922315922394,0
19.57403,21.64304,34.18514,1826.24454,-1.71218,66.13132,9.232911322430315,3.4395024001228687,0
19.58393,21.66678,34.10373,1821.50275,-1.6981,66.14362,9.290811114539961,3.4610715961189293,0
19.59379,21.69046,34.02325,1816.72509,-1.68145,66.15591,9.347336892176918,3.4821289355714153,0
19.60363,21.71409,33.94384,1811.91172,-1.66229,66.16818,9.402300777234778,3.502604428942323,0
19.61343,21.73766,33.86561,1807.06295,-1.64068,66.18043,9.45551832959415,3.522429367434263,0
19.6232,21.76117,33.78866,1802.17918,-1.6167,66.19267,9.506809605638235,3.5415367173153793,0
19.63295,21.78462,33.71311,1797.26095,-1.59043,66.20489,9.556000227770745,3.5598615183429025,0
19.64266,21.80801,33.63905,1792.30891,-1.56196,66.21709,9.602922453624997,3.5773412820716763,0
19.65234,21.83134,33.56657,1787.32382,-1.5314,66.22928,9.647416233118035,3.5939163856346292,0
19.66199,21.85461,33.49578,1782.30656,-1.49886,66.24145,9.68933024110532,3.6095304564338155,0
19.6716,21.87782,33.42674,1777.25813,-1.46444,66.2536,9.728522873313997,3.624130743151764,0
19.68119,21.90096,33.35954,1772.17962,-1.42828,66.26573,9.764863193273232,3.6376684685079446,0
19.69074,21.92404,33.29425,1767.07223,-1.39051,66.27785,9.798231818282764,3.6500991593053587,0
19.70026,21.94706,33.23092,1761.93725,-1.35126,66.28995,9.828521733011648,3.66138294951749,0
19.70975,21.97002,33.16961,1756.77609,-1.31068,66.30202,9.855639020090079,3.671484852452971,0
19.71921,21.99291,33.11038,1751.59021,-1.26892,66.31408,9.879503498050328,3.6803749984053686,0
19.72863,22.01574,33.05326,1746.38117,-1.22614,66.32612,9.900049258156233,3.6880288346363006,0
19.73803,22.03851,32.99828,1741.1506,-1.18248,66.33814,9.917225093038976,3.6944272850535373,0
19.74739,22.06121,32.94547,1735.90018,-1.13811,66.35013,9.93099481154082,3.6995568674985737,0
19.75671,22.08385,32.89485,1730.63167,-1.0932,66.36211,9.94133743585045,3.703409767184734,0
19.76601,22.10642,32.84642,1725.34687,-1.04791,66.37407,9.948247278631321,3.7059838654295136,0
19.77527,22.12892,32.80018,1720.04762,-1.00241,66.38601,9.951733899697762,3.7072827235152843,0
19.7845,22.15136,32.75614,1714.73579,-0.95687,66.39792,9.95182194342338,3.707315522119647,0
19.79369,22.17374,32.71427,1709.41328,-0.91146,66.40982,9.948550859859251,3.7060969574246205,0
19.80286,22.19605,32.67455,1704.082,-0.86635,66.4217,9.941974514111775,3.7036470955996146,0
19.81199,22.21829,32.63696,1698.74389,-0.82169,66.43355,9.932160690060728,3.699991187923349,0
19.82109,22.24047,32.60146,1693.40087,-0.77766,66.44538,9.919190495868298,3.695159449320321,0
19.83015,22.26258,32.568,1688.05485,-0.73442,66.45719,9.903157679922664,3.6891868035317956,0
19.83918,22.28462,32.53653,1682.70773,-0.69212,66.46899,9.884167866858775,3.682112598513444,0
19.84818,22.3066,32.507,1677.3614,-0.65091,66.48076,9.862337724139005,3.6739802959647068,0
19.85715,22.32851,32.47934,1672.0177,-0.61096,66.49251,9.837794070190164,3.664837139086362,0
19.86608,22.35036,32.45349,1666.67845,-0.57238,66.50423,9.81067293553442,3.654733802827097,0
19.87499,22.37214,32.42937,1661.34542,-0.53534,66.51594,9.781118588451871,3.643724030917176,0
19.88385,22.39385,32.40689,1656.02034,-0.49995,66.52763,9.749282536652892,3.631864263965119,0
19.89269,22.41549,32.38599,1650.70486,-0.46634,66.5393,9.715322516248639,3.61921326282262,0
19.90149,22.43707,32.36656,1645.4006,-0.43463,66.55094,9.679401478765838,3.6058317312208983,0
19.91027,22.45859,32.34851,1640.1091,-0.40493,66.56257,9.641686586468662,3.5917819415016607,0
19.91901,22.48003,32.33175,1634.83185,-0.37733,66.57418,9.602348225452083,3.5771273669684134,0
19.92771,22.50141,32.31618,1629.57025,-0.35193,66.58576,9.561559045182824,3.5619323240901903,0
19.93639,22.52273,32.30169,1624.32564,-0.32883,66.59733,9.519493032209674,3.5462616274342778,0
19.94503,22.54398,32.28818,1619.09926,-0.30808,66.60888,9.476324624788772,3.5301802598408334,0
19.95364,22.56517,32.27553,1613.8923,-0.28977,66.62041,9.43222787417077,3.51375305998029,0
19.96222,22.58629,32.26365,1608.70586,-0.27394,66.63192,9.3873756572516,3.497044429045047,0
19.97077,22.60734,32.25242,1603.54095,-0.26066,66.64341,9.341938944245054,3.4801180579382387,0
19.97929,22.62833,32.24173,1598.3985,-0.24996,66.65488,9.296086124080523,3.4630366759666424,0
19.98777,22.64926,32.23147,1593.27936,-0.24188,66.66634,9.249982389247279,3.4458618216789882,0
19.99623,22.67012,32.22151,1588.18429,-0.23644,66.67778,9.203789180902337,3.428653636154037,0
20.00465,22.69092,32.21177,1583.11398,-0.23366,66.6892,9.157663694266002,3.4114706787474076,0
20.01304,22.71165,32.20211,1578.06902,-0.23355,66.7006,9.111758443532464,3.3943697650093254,0
20.02141,22.73233,32.19243,1573.04993,-0.2361,66.71198,9.066220884889534,3.3774058262495545,0
20.02974,22.75293,32.18263,1568.05713,-0.2413,66.72335,9.021193095633146,3.360631789999112,0
20.03804,22.77348,32.17258,1563.09098,-0.24915,66.73471,8.97681150685591,3.3440984804297114,0
20.04631,22.79397,32.1622,1558.15175,-0.25961,66.74604,8.933206686814767,3.3278545376525193,0
20.05455,22.81439,32.15137,1553.23963,-0.27266,66.75736,8.890503171690309,3.3119463546715533,0
20.06277,22.83475,32.13999,1548.35474,-0.28826,66.76867,8.848819340258961,3.296418030695764,0
20.07095,22.85505,32.12797,1543.49713,-0.30636,66.77996,8.808267328771597,3.281311339429083,0
20.0791,22.87529,32.1152,1538.66675,-0.3269,66.79123,8.768952982245212,3.2666657109252903,0
20.08723,22.89547,32.1016,1533.8635,-0.34984,66.80249,8.730975838338018,3.252518225581067,0
20.09532,22.91559,32.08708,1529.08722,-0.3751,66.81374,8.694429139951282,3.2389036188305003,0
20.10339,22.93565,32.07154,1524.33765,-0.40262,66.82497,8.65939987279203,3.2258542951381886,0
20.11142,22.95564,32.05491,1519.6145,-0.43233,66.83619,8.62596882420853,3.2134003499170074,0
20.11943,22.97558,32.03712,1514.9174,-0.46413,66.8474,8.594210659761881,3.201569598053034,0
20.12741,22.99547,32.01808,1510.24591,-0.49794,66.85859,8.564194014142304,3.190387607774263,0
20.13537,23.01529,31.99772,1505.59955,-0.53367,66.86976,8.535981593256999,3.179877738681018,0
20.14329,23.03505,31.97598,1500.97777,-0.57124,66.88093,8.509630284495323,3.170061182822632,0
20.15119,23.05476,31.95281,1496.37996,-0.61053,66.89208,8.48519127241502,3.160957007793611,0
20.15905,23.07441,31.92813,1491.80547,-0.65145,66.90322,8.462710157343386,3.1525822009156905,0
20.1669,23.094,31.90191,1487.25361,-0.69389,66.91435,8.442227074587416,3.144951713646748,0
20.17471,23.11353,31.87408,1482.7236,-0.73775,66.92546,8.423776812240137,3.138078505466767,0
20.18249,23.13301,31.84462,1478.21466,-0.7829,66.93657,8.407388925772425,3.1319735865663003,0
20.19025,23.15243,31.81348,1473.72595,-0.82923,66.94766,8.393087847873737,3.1266460587650338,0
20.19798,23.17179,31.78062,1469.25657,-0.87663,66.95874,8.380892992243341,3.1221031541767488,0
20.20569,23.1911,31.74603,1464.8056,-0.92498,66.96981,8.370818850244891,3.118350271215697,0
20.21337,23.21035,31.70968,1460.37208,-0.97416,66.98086,8.36287507962646,3.115391007647148,0
20.22102,23.22954,31.67154,1455.95501,-1.02404,66.99191,8.3570665846675,3.1132271904442343,0
20.22864,23.24868,31.63161,1451.55337,-1.0745,67.00294,8.353393587394748,3.11185890231776,0
20.23624,23.26777,31.58988,1447.1661,-1.12541,67.01396,8.351851689688273,3.1112845048523274,0
20.24381,23.2868,31.54634,1442.79209,-1.17666,67.02498,8.352431926330086,3.1115006582683473,0
20.25136,23.30577,31.501,1438.43025,-1.22811,67.03598,8.355120809229831,3.112502337897269,0
20.25887,23.32469,31.45385,1434.07944,-1.27965,67.04697,8.359900363268151,3.1142828475341795,0
20.26637,23.34355,31.40492,1429.73849,-1.33113,67.05794,8.366748154403934,3.1168338299084866,0
20.27383,23.36236,31.35422,1425.40623,-1.38245,67.06891,8.375637310827711,3.120145274564125,0
20.28127,23.38111,31.30176,1421.08148,-1.43347,67.07987,8.386536538166125,3.124205523523616,0
20.28869,23.39981,31.24758,1416.76301,-1.48407,67.09081,8.399410129880462,3.1290012751617895,0
20.29607,23.41845,31.19169,1412.44964,-1.53413,67.10174,8.414217974160163,3.13451758677381,0
20.30344,23.43704,31.13415,1408.14012,-1.58352,67.11267,8.430915558774087,3.14073787638239,0
20.31077,23.45558,31.07497,1403.83323,-1.63214,67.12358,8.449453975463017,3.1476439243741154,0
20.31808,23.47406,31.01421,1399.52776,-1.67986,67.13448,8.469779925599475,3.1552158756078814,0
20.32537,23.49248,30.9519,1395.22247,-1.72657,67.14536,8.491835728931074,3.1634322426720143,0
20.33263,23.51085,30.88811,1390.91614,-1.77216,67.15624,8.515559337347296,3.172269911012761,0
20.33986,23.52917,30.82288,1386.60756,-1.81652,67.1671,8.540884355673086,3.181704146680453,0
20.34707,23.54743,30.75627,1382.29552,-1.85954,67.17796,8.567740071552391,3.191708607461906,0
20.35425,23.56563,30.68834,1377.97885,-1.90113,67.1888,8.596051496549295,3.2022553581916764,0
20.3614,23.58378,30.61915,1373.65637,-1.94119,67.19962,8.625739420579194,3.213314891029107,0
20.36853,23.60188,30.54877,1369.32694,-1.97962,67.21044,8.656720481818677,3.224856151501596,0
20.37564,23.61992,30.47726,1364.98943,-2.01633,67.22124,8.68890725414966,3.2368465710798358,0
20.38271,23.6379,30.40471,1360.64274,-2.05125,67.23203,8.722208354196795,3.2492521070520692,0
20.38977,23.65584,30.33118,1356.28582,-2.0843,67.24281,8.756528569877817,3.2620372904124717,0
20.39679,23.67371,30.25675,1351.91764,-2.11539,67.25357,8.791769012259559,3.2751652824315145,0
20.40379,23.69153,30.1815,1347.5372,-2.14447,67.26432,8.827827292374776,3.288597940524883,0
20.41077,23.70929,30.10551,1343.14355,-2.17148,67.27505,8.864597724427052,3.30229589395265,0
20.41771,23.727,30.02885,1338.73581,-2.19635,67.28578,8.901971556599719,3.3162186298016767,0
20.42464,23.74465,29.95162,1334.3131,-2.21905,67.29648,8.939837230394824,3.3303245895961924,0
20.43153,23.76224,29.87389,1329.87463,-2.23952,67.30717,8.978080669148856,3.3445712767775024,0
20.4384,23.77978,29.79574,1325.41966,-2.25775,67.31785,9.016585595992305,3.3589153751522876,0
20.44525,23.79726,29.71727,1320.94748,-2.27369,67.32851,9.055233881213166,3.373312878294642,0
20.45207,23.81469,29.63855,1316.45748,-2.28733,67.33916,9.093905918526778,3.3877192297165037,0
20.45886,23.83205,29.55968,1311.94907,-2.29866,67.34979,9.13248102938614,3.402089473483868,0
20.46562,23.84936,29.48072,1307.42178,-2.30768,67.36041,9.170837894006672,3.4163784147848646,0
20.47236,23.86661,29.40177,1302.87515,-2.31438,67.37101,9.208855007357045,3.4305407897983327,0
20.47908,23.88381,29.32291,1298.30883,-2.31878,67.38159,9.246411157888518,3.444531444033098,0
20.48576,23.90094,29.24421,1293.72252,-2.3209,67.39215,9.2833859263888,3.4583055181641624,0
20.49242,23.91802,29.16576,1289.11601,-2.32077,67.4027,9.319660201841574,3.47181864020395,0
20.49905,23.93504,29.08763,1284.48915,-2.31841,67.41323,9.355116710828751,3.4850271227185723,0
20.50566,23.952,29.0099,1279.84187,-2.31389,67.42374,9.389640556608754,3.4978881636486747,0
20.51224,23.9689,28.93264,1275.17418,-2.30724,67.43424,9.423119763648215,3.5103600491618274,0
20.51879,23.98574,28.85592,1270.48616,-2.29853,67.44471,9.45544582311273,3.522402356862173,0
20.52532,24.00252,28.7798,1265.77796,-2.28783,67.45517,9.486514234574262,3.533976157590698,0
20.53182,24.01924,28.70435,1261.04981,-2.2752,67.46561,9.516225039035364,3.545044213990772,0
20.53829,24.0359,28.62963,1256.30203,-2.26074,67.47603,9.544483338203548,3.555571173951519,0
20.54473,24.0525,28.55569,1251.535,-2.24453,67.48642,9.571199795016499,3.565523757066629,0
20.55115,24.06903,28.4826,1246.74916,-2.22667,67.4968,9.596291110340394,3.5748709322170193,0
20.55754,24.08551,28.41039,1241.94503,-2.20725,67.50716,9.619680471009795,3.583584084477488,0
20.5639,24.10193,28.33911,1237.12321,-2.1864,67.5175,9.641297964458992,3.591637169577799,0
20.57024,24.11828,28.26881,1232.28436,-2.16422,67.52782,9.661080955594285,3.599006854297519,0
20.57654,24.13457,28.19952,1227.42918,-2.14083,67.53812,9.67897442180594,3.605672641266792,0
20.58282,24.1508,28.13127,1222.55845,-2.11636,67.5484,9.69493124250541,3.611616976826565,0
20.58908,24.16697,28.06408,1217.67302,-2.09094,67.55865,9.708912440055247,3.6168253407813284,0
20.5953,24.18307,27.99799,1212.77377,-2.0647,67.56889,9.72088736947519,3.621286317069612,0
20.6015,24.19912,27.93301,1207.86162,-2.03777,67.5791,9.73083385492584,3.6249916446077624,0
20.60767,24.2151,27.86915,1202.93757,-2.0103,67.5893,9.738738271552398,3.627936247778873,0
20.61381,24.23101,27.80641,1198.00263,-1.98243,67.59947,9.74459557196729,3.6301182462982697,0
20.61993,24.24686,27.74482,1193.05787,-1.95429,67.60962,9.748409257251136,3.631538944410602,0
20.62601,24.26265,27.68436,1188.10437,-1.92604,67.61974,9.75019129303901,3.6322027996297677,0
20.63207,24.27838,27.62502,1183.14325,-1.89782,67.62985,9.749961971868734,3.6321173714600365,0
20.6381,24.29404,27.5668,1178.17565,-1.86977,67.63993,9.747749723612163,3.6312932507767086,0
20.6441,24.30964,27.50969,1173.20274,-1.84204,67.64999,9.7435908763356,3.6297439707403325,0
20.65008,24.32518,27.45366,1168.22568,-1.81477,67.66003,9.737529370518919,3.6274859003358015,0
20.65603,24.34065,27.3987,1163.24566,-1.7881,67.67005,9.72961642997602,3.6245381217815758,0
20.66195,24.35605,27.34476,1158.26388,-1.76217,67.68005,9.719910193279949,3.6209222932258314,0
20.66784,24.37139,27.29183,1153.28151,-1.73712,67.69002,9.708475309800495,3.616662498259843,0
20.6737,24.38667,27.23987,1148.29975,-1.71308,67.69997,9.695382504738328,3.611785083881751,0
20.67954,24.40189,27.18883,1143.31978,-1.69018,67.7099,9.68070811774758,3.6063184886213384,0
20.68535,24.41704,27.13869,1138.34276,-1.66854,67.71981,9.66453361984504,3.60029306257599,0
20.69113,24.43212,27.08938,1133.36985,-1.64828,67.7297,9.646945113352615,3.593740881126103,0
20.69688,24.44714,27.04087,1128.40217,-1.62953,67.73956,9.628032819583975,3.586695554084888,0
20.70261,24.4621,26.9931,1123.44083,-1.61238,67.74941,9.607890558939092,3.579192032019895,0
20.70831,24.477,26.94602,1118.48693,-1.59694,67.75923,9.586615227849979,3.571266411401549,0
20.71398,24.49183,26.89957,1113.5415,-1.5833,67.76903,9.564306276881933,3.5629557401821255,0
20.71962,24.50659,26.8537,1108.60558,-1.57157,67.77881,9.541065193988922,3.554297825294784,0
20.72524,24.52129,26.80834,1103.68015,-1.56181,67.78857,9.516994996649363,3.5453310434607905,0
20.73083,24.53593,26.76343,1098.76616,-1.55412,67.7983,9.492199736292973,3.5360941565754707,0
20.73639,24.55051,26.71892,1093.86451,-1.54855,67.80802,9.4667840180205,3.526626132791181,0
20.74192,24.56502,26.67473,1088.97608,-1.54517,67.81772,9.440852538344222,3.516965974313473,0
20.74743,24.57947,26.6308,1084.10169,-1.54404,67.82739,9.414509643176148,3.507152552740078,0
20.75291,24.59385,26.58707,1079.24212,-1.5452,67.83705,9.387858908019268,3.497224452671096,0
20.75837,24.60817,26.54347,1074.39809,-1.54868,67.84669,9.361002741856655,3.4872198241472634,0
20.76379,24.62243,26.49994,1069.57031,-1.55453,67.8563,9.334042015914266,3.4771762443543306,0
20.76919,24.63663,26.4564,1064.75939,-1.56277,67.8659,9.307075718095682,3.46713058889091,0
20.77457,24.65076,26.4128,1059.96593,-1.5734,67.87548,9.28020063354606,3.457118912770143,0
20.77991,24.66484,26.36907,1055.19047,-1.58644,67.88504,9.25351105151617,3.4471763412188428,0
20.78524,24.67885,26.32514,1050.43348,-1.6019,67.89458,9.22709849838035,3.4373369702196515,0
20.79053,24.69279,26.28096,1045.69541,-1.61975,67.90411,9.201051496429672,3.427633776655155,0
20.7958,24.70668,26.23645,1040.97662,-1.64,67.91361,9.175455347806075,3.418098537817664,0
20.80104,24.72051,26.19156,1036.27747,-1.66261,67.9231,9.150391942770979,3.408761759984214,0
20.80626,24.73427,26.14623,1031.59822,-1.68756,67.93257,9.12593959132401,3.399652615690131,0
20.81145,24.74797,26.1004,1026.9391,-1.71481,67.94202,9.102172877017031,3.390798889270892,0
20.81662,24.76162,26.05402,1022.3003,-1.74432,67.95145,9.079162531772537,3.382226930228697,0
20.82176,24.7752,26.00703,1017.68194,-1.77604,67.96087,9.056975330349728,3.3739616139182966,0
20.82688,24.78872,25.95938,1013.0841,-1.80991,67.97027,9.035674003106973,3.3660263090487184,0
20.83197,24.80218,25.91102,1008.50681,-1.84588,67.97965,9.015317165663662,3.358442851480457,0
20.83703,24.81559,25.86191,1003.95006,-1.88388,67.98902,8.995959264036147,3.351231523787162,0
20.84207,24.82893,25.812,999.41377,-1.92383,67.99837,8.977650533883084,3.3444110400734623,0
0.04917,0.04917,50.0704,5193.66838,-0.44972,45.0001,7.995818885624115,2.9786529175515617,0
0.09831,0.09831,50.01274,5189.29301,-0.39861,45.00024,8.047349713195135,2.9978495066794415,0
0.1474,0.1474,49.96212,5184.878,-0.34679,45.00043,8.091063499906044,3.014134042408206,0
0.19645,0.19645,49.91861,5180.4276,-0.29441,45.00067,8.126756517054957,3.0274306304359784,0
0.24546,0.24546,49.88228,5175.94622,-0.24157,45.00095,8.154268927280327,3.037679727140009,0
0.29442,0.29443,49.85315,5171.43836,-0.18844,45.00127,8.173486597756456,3.044838815039709,0
0.34335,0.34336,49.83126,5166.90863,-0.13514,45.00164,8.184342356870284,3.048882870941822,0
0.39223,0.39224,49.81659,5162.36168,-0.08181,45.00205,8.18681666945653,3.0498046174832814,0
0.44106,0.44108,49.80913,5157.8022,-0.02859,45.0025,8.180937718404202,3.047614553531777,0
0.48986,0.48988,49.80885,5153.23488,0.02437,45.003,8.166780893332628,3.042340763704131,0
0.53861,0.53864,49.81569,5148.6644,0.07695,45.00354,8.144467699964924,3.0340285120792094,0
0.58731,0.58735,49.82957,5144.09538,0.12901,45.00413,8.11416411619007,3.0227396297878,0
0.63597,0.63603,49.8504,5139.53238,0.18041,45.00476,8.076078432248195,3.008551710424797,0
0.68459,0.68465,49.87808,5134.97987,0.23103,45.00543,8.030458622649336,2.9915571310197904,0
0.73316,0.73324,49.91247,5130.4422,0.28074,45.00615,7.977589306056586,2.9718619195135516,0
0.78169,0.78179,49.95344,5125.92356,0.32942,45.00691,7.91778835615897,2.949584492,0
0.83018,0.83029,50.00083,5121.42802,0.37696,45.00771,7.851403231423329,2.924854286557219,0
0.87862,0.87875,50.05447,5116.95946,0.42325,45.00856,7.778807094507666,2.897810315436813,0
0.92702,0.92717,50.11416,5112.52156,0.46818,45.00945,7.700394792943946,2.8685996699525043,0
0.97538,0.97555,50.17973,5108.11782,0.51167,45.01039,7.616578771726585,2.8373759967167933,0
1.02369,1.02389,50.25094,5103.75152,0.55362,45.01137,7.527784985657828,2.804297975101061,0
1.07192,1.07222,50.32523,5099.42973,0.55859,45.09996,7.436929986600458,2.7704520974132936,43.99999924944092
1.12004,1.12059,50.40003,5095.15742,0.56236,45.18762,7.346769033928065,2.7368647702653885,43.99999924944092
1.16804,1.16899,50.4752,5090.93446,0.56494,45.27435,7.257462896325819,2.703595884222651,43.99999924944092
1.21593,1.21742,50.55057,5086.76063,0.56634,45.36016,7.169165989422371,2.670702963169675,43.99999924944092
1.26371,1.26589,50.62599,5082.63561,0.56658,45.44506,7.082022776712991,2.63823982355951,43.99999924944092
1.31137,1.31439,50.7013,5078.55903,0.56566,45.52906,6.99616793116964,2.60625663461767,43.99999924944092
1.35893,1.36291,50.77635,5074.53042,0.5636,45.61218,6.911726549048174,2.5747999979909446,43.99999924944092
1.40638,1.41147,50.85099,5070.54923,0.56042,45.69443,6.828814409108778,2.543913044313824,43.99999924944092
1.45373,1.46006,50.92509,5066.61487,0.55614,45.77583,6.747538270732179,2.5136355442646354,43.99999924944092
1.50096,1.50868,50.99848,5062.72666,0.55078,45.85639,6.667996204676664,2.4840040317812395,43.99999924944092
1.5481,1.55733,51.07104,5058.8839,0.54436,45.93614,6.590277950582734,2.4550519372409156,43.99999924944092
1.59513,1.60601,51.14263,5055.08579,0.5369,46.01509,6.514465295734614,2.4268097285589896,43.99999924944092
1.64205,1.65471,51.2131,5051.33151,0.52843,46.09327,6.440632469946094,2.3993050582942024,43.99999924944092
1.68888,1.70345,51.28234,5047.6202,0.51896,46.1707,6.368846551889265,2.372562915016854,43.99999924944092
1.7356,1.75221,51.35022,5043.95093,0.50853,46.2474,6.2991678826058495,2.3466057773526536,43.99999924944092
1.78223,1.801,51.41661,5040.32275,0.49717,46.32339,6.2316504823238965,2.321453769257908,43.99999924944092
1.82876,1.84982,51.48139,5036.73469,0.48489,46.3987,6.166342467162469,2.29712481525298,43.99999924944092
1.87519,1.89866,51.54444,5033.18571,0.47172,46.47336,6.103286462662318,2.2736347944733435,43.99999924944092
1.92153,1.94753,51.60566,5029.67476,0.4577,46.54738,6.0425200114970545,2.2509976925527266,43.99999924944092
1.96777,1.99643,51.66494,5026.20079,0.44285,46.6208,5.9840759730374184,2.2292257504713118,43.99999924944092
2.01391,2.04536,51.72217,5022.76267,0.42719,46.69364,5.9279829128186075,2.208329609642565,43.99999924944092
2.05996,2.09431,51.77726,5019.3593,0.41077,46.76593,5.874265480236562,2.1883184526150377,43.99999924944092
2.10592,2.14328,51.83009,5015.98952,0.3936,46.83769,5.8229447731154425,2.169200138883348,43.99999924944092
2.15179,2.19229,51.8806,5012.65218,0.37572,46.90896,5.774038688023547,2.1509813353900733,43.99999924944092
2.19756,2.24132,51.92868,5009.34611,0.35716,46.97975,5.72756225547202,2.133667641396092,43.99999924944092
2.24325,2.29037,51.97425,5006.0701,0.33794,47.05011,5.683527959314925,2.1172637074655123,43.99999924944092
2.28884,2.33945,52.01723,5002.82296,0.3181,47.12005,5.641946039870152,2.101773348386187,43.99999924944092
2.33435,2.38855,52.05755,4999.60346,0.29767,47.1896,5.602824780451483,2.0871996499104477,43.99999924944092
2.37977,2.43768,52.09513,4996.41037,0.27668,47.2588,5.566170777102484,2.073545069238074,43.99999924944092
2.42509,2.48683,52.12991,4993.24245,0.25515,47.32767,5.5319891914839205,2.0608115292235136,43.99999924944092
2.47033,2.53601,52.16182,4990.09844,0.23312,47.39624,5.500283986931577,2.049000506313628,43.99999924944092
2.51549,2.58521,52.1908,4986.9771,0.21063,47.46455,5.4710581478038645,2.038113112260447,43.99999924944092
2.56055,2.63444,52.2168,4983.87713,0.18769,47.53261,5.444313882277116,2.028150169667757,43.99999924944092
2.60554,2.68369,52.23976,4980.79728,0.16435,47.60045,5.420052808810412,2.019112281454148,43.99999924944092
2.65043,2.73297,52.25964,4977.73623,0.14063,47.66812,5.398276126530356,2.010999894325832,43.99999924944092
2.69524,2.78227,52.2764,4974.69271,0.11656,47.73563,5.378984769811074,2.0038133563617557,43.99999924944092
2.73996,2.8316,52.28999,4971.6654,0.09217,47.80302,5.362179547312536,1.9975529688090345,43.99999924944092
2.7846,2.88095,52.30038,4968.65299,0.06751,47.87031,5.347861265771784,1.9922190321984432,43.99999924944092
2.82915,2.93032,52.30755,4965.65416,0.04258,47.93754,5.336030838802897,1.9878118868752654,43.99999924944092
2.87362,2.97972,52.31145,4962.66757,0.01744,48.00473,5.326689380958723,1.9843319480397623,43.99999924944092
2.91801,3.02914,52.31207,4959.69189,-0.0079,48.07192,5.3198382872864185,1.9817797353837054,43.99999924944092
2.96231,3.07859,52.30939,4956.72578,-0.0334,48.13912,5.315479298564746,1.9801558973929863,43.99999924944092
3.00652,3.12806,52.3034,4953.76787,-0.05903,48.20639,5.313614552389079,1.9794612303781258,43.99999924944092
3.05065,3.17756,52.29408,4950.8168,-0.08475,48.27373,5.314246620232339,1.9796966922804458,43.99999924944092
3.0947,3.22708,52.28142,4947.87119,-0.11055,48.34119,5.317378530553799,1.98086341128071,43.99999924944092
3.13866,3.27663,52.26544,4944.92967,-0.13638,48.4088,5.323013778014342,1.9829626892320467,43.99999924944092
3.18254,3.3262,52.24611,4941.99083,-0.16221,48.47658,5.331156318778838,1.9859959999099628,43.99999924944092
3.22633,3.37579,52.22346,4939.05327,-0.18802,48.54456,5.34181055187092,1.9899649820665077,43.99999924944092
3.27004,3.42541,52.19749,4936.11557,-0.21377,48.61278,5.354981286488746,1.9948714272545316,43.99999924944092
3.31366,3.47505,52.16822,4933.17631,-0.23943,48.68126,5.37067369514479,2.000717262371029,43.99999924944092
3.3572,3.52472,52.13566,4930.23406,-0.26497,48.75004,5.388893252471468,2.0075045268606218,43.99999924944092
3.40065,3.57442,52.09983,4927.28735,-0.29036,48.81914,5.409645659467393,2.0152353444952937,43.99999924944092
3.44402,3.62414,52.06076,4924.33474,-0.31556,48.88861,5.432936752966455,2.0239118896492467,43.99999924944092
3.4873,3.67388,52.01848,4921.37476,-0.34054,48.95846,5.45877240004919,2.0335363479643527,43.99999924944092
3.53049,3.72366,51.97302,4918.40591,-0.36528,49.02874,5.487158377112238,2.044110871300344,43.99999924944092
3.5736,3.77345,51.92442,4915.42672,-0.38973,49.09947,5.518100233298667,2.0556375268590235,43.99999924944092
3.61662,3.82327,51.87273,4912.43566,-0.41387,49.17068,5.551603137984443,2.0681182403689498,43.99999924944092
3.65955,3.87312,51.81798,4909.43123,-0.43767,49.24241,5.587671712005052,2.081554733212925,43.99999924944092
3.70239,3.923,51.76024,4906.41191,-0.46109,49.31468,5.6263098423557345,2.0959484533989494,43.99999924944092
3.74515,3.9729,51.69955,4903.37615,-0.4841,49.38754,5.667520480092201,2.111300500272921,43.99999924944092
3.78781,4.02282,51.63597,4900.32241,-0.50667,49.461,5.711305421210298,2.127611542890548,43.99999924944092
3.83038,4.07278,51.56957,4897.24914,-0.52876,49.53512,5.757665070346628,2.144881731989612,43.99999924944092
3.87287,4.12276,51.50041,4894.15477,-0.55035,49.6099,5.806598187206115,2.163110605527563,43.99999924944092
3.91526,4.17277,51.42857,4891.03774,-0.5714,49.6854,5.858101615721679,2.1822969877863727,43.99999924944092
3.95755,4.2228,51.35411,4887.89646,-0.59188,49.76164,5.912169996030111,2.202438882075969,43.99999924944092
3.99976,4.27286,51.27712,4884.72937,-0.61175,49.83865,5.968795459530843,2.223533357135605,43.99999924944092
4.04187,4.32295,51.19768,4881.53487,-0.63099,49.91646,6.027967307393151,2.2455764273693326,43.99999924944092
4.08388,4.37307,51.11587,4878.31139,-0.64955,49.99512,6.0896716730840685,2.2685629271287726,43.99999924944092
4.1258,4.42321,51.0318,4875.05734,-0.66742,50.07465,6.153891169684257,2.292486379328992,43.99999924944092
4.16761,4.47339,50.94554,4871.77114,-0.68456,50.15507,6.2206045229676175,2.317338858761012,43.99999924944092
4.20934,4.52359,50.85721,4868.45121,-0.70093,50.23644,6.2897861914855335,2.3431108505631864,43.99999924944092
4.25096,4.57382,50.76691,4865.09599,-0.71651,50.31877,6.361405975168984,2.369791104415193,43.99999924944092
4.29248,4.62407,50.67473,4861.70392,-0.73126,50.40209,6.435428614255831,2.3973664851278955,43.99999924944092
4.33389,4.67436,50.5808,4858.27346,-0.74516,50.48645,6.51181338066018,2.425821820417678,43.99999924944092
4.37521,4.72468,50.48522,4854.80307,-0.75817,50.57186,6.590513664297835,2.455139746801792,43.99999924944092
4.41642,4.77502,50.38812,4851.29125,-0.77027,50.65837,6.671476557161177,2.485300554655306,43.99999924944092
4.45753,4.8254,50.28961,4847.73653,-0.78142,50.74599,6.7546424384108565,2.5162820336468434,43.99999924944092
4.49852,4.8758,50.18982,4844.13743,-0.7916,50.83476,6.839944564066975,2.5480593198877544,43.99999924944092
4.53941,4.92624,50.08888,4840.49255,-0.80079,50.92471,6.92730866535348,2.5806047463048256,43.99999924944092
4.58019,4.9767,49.98692,4836.80049,-0.80895,51.01586,7.016652560072603,2.613887697867049,43.99999924944092
4.62086,5.0272,49.88406,4833.05992,-0.81606,51.10823,7.107885781883293,2.647874473482068,43.99999924944092
4.66141,5.07772,49.78046,4829.26953,-0.82209,51.20187,7.200909232628659,2.682528156479013,43.99999924944092
4.70186,5.12828,49.67624,4825.42808,-0.82704,51.29678,7.295614863332443,2.7178084957712856,43.99999924944092
4.74218,5.17886,49.57156,4821.53439,-0.83086,51.39299,7.391885389702843,2.753671799874257,43.99999924944092
4.78239,5.22948,49.46654,4817.58732,-0.83355,51.49053,7.489594048356544,2.790070846092296,43.99999924944092
4.82248,5.28013,49.36135,4813.58583,-0.83509,51.5894,7.588604400145678,2.82695480725289,43.99999924944092
4.86245,5.33081,49.25613,4809.52893,-0.83545,51.68964,7.688770187130351,2.864269198425153,43.99999924944092
4.90229,5.38152,49.15102,4805.41571,-0.83463,51.79126,7.789935249864831,2.901955846106747,43.99999924944092
4.94201,5.43226,49.04618,4801.24538,-0.83261,51.89427,7.891933511567656,2.9399528823268324,43.99999924944092
4.98161,5.48304,48.94177,4797.0172,-0.82938,51.99868,7.9945890356932825,2.978194766093027,43.99999924944092
5.02108,5.53384,48.83792,4792.73056,-0.82494,52.1045,8.097716163118065,3.0166123344967875,43.99999924944092
5.06042,5.58468,48.73481,4788.38492,-0.81928,52.21175,8.20111973480904,3.0551328856633906,43.99999924944092
5.09963,5.63555,48.63257,4783.9799,-0.81239,52.32043,8.30459540532324,3.0936802955386793,43.99999924944092
5.13871,5.68645,48.53137,4779.51519,-0.80428,52.43054,8.407930051798276,3.132175170248813,43.99999924944092
5.17765,5.73738,48.43136,4774.99063,-0.79494,52.54208,8.510902282322265,3.170535035481445,43.99999924944092
5.21646,5.78835,48.33268,4770.40617,-0.78439,52.65505,8.613283046535892,3.2086745639510514,43.99999924944092
5.25513,5.83934,48.23549,4765.7619,-0.77263,52.76945,8.71483635030392,3.2465058416328776,43.99999924944092
5.29366,5.89037,48.13994,4761.05804,-0.75967,52.88526,8.815320074916286,3.2839386729368987,43.99999924944092
5.33205,5.94143,48.04617,4756.29497,-0.74552,53.00247,8.914486899983183,3.3208809245105195,43.99999924944092
5.3703,5.99253,47.95433,4751.47319,-0.73021,53.12108,9.01208532765125,3.3572389067860566,43.99999924944092
5.4084,6.04365,47.86455,4746.59335,-0.71376,53.24106,9.10786080412489,3.3929177917769384,43.99999924944092
5.44636,6.09481,47.77698,4741.65625,-0.69619,53.36239,9.20155693291189,3.4278220650436158,43.99999924944092
5.48417,6.14599,47.69176,4736.66286,-0.67752,53.48505,9.292916772362728,3.4618560090611012,43.99999924944092
5.52183,6.19721,47.609,4731.61427,-0.65779,53.60902,9.381684208509474,3.494924214637576,43.99999924944092
5.55934,6.24846,47.52884,4726.51173,-0.63703,53.73425,9.467605392405753,3.5269321163613476,43.99999924944092
5.5967,6.29974,47.45139,4721.35666,-0.61528,53.86072,9.550430229649459,3.557786547487253,43.99999924944092
5.6339,6.35106,47.37677,4716.1506,-0.59258,53.98839,9.629913908226143,3.5873963090985166,43.99999924944092
5.67095,6.4024,47.3051,4710.89526,-0.56898,54.11722,9.705818449492613,3.6156727478889557,43.99999924944092
5.70784,6.45377,47.23646,4705.59247,-0.54452,54.24716,9.777914265988306,3.6425303364886985,43.99999924944092
5.74458,6.50517,47.17097,4700.24421,-0.51925,54.37818,9.845981708855694,3.6678872499190103,43.99999924944092
5.78116,6.55661,47.1087,4694.8526,-0.49323,54.51022,9.909812586995617,3.6916659315176132,43.99999924944092
5.81757,6.60807,47.04975,4689.41987,-0.46651,54.64322,9.96921163979068,3.7137936415669155,43.99999924944092
5.85383,6.65956,46.99418,4683.94838,-0.43915,54.77714,10.02399794517616,3.7342029818374574,43.99999924944092
5.88992,6.71108,46.94207,4678.4406,-0.41121,54.91191,10.074006245209608,3.752832389397481,43.99999924944092
5.92585,6.76263,46.89347,4672.8991,-0.38276,55.04748,10.119088171905176,3.7696265932684607,43.99999924944092
5.96162,6.81421,46.84843,4667.32656,-0.35385,55.18379,10.159113357189243,3.7845370279127817,43.99999924944092
5.99722,6.86581,46.80701,4661.72571,-0.32457,55.32077,10.193970412086285,3.7975221980062424,43.99999924944092
6.03266,6.91745,46.76922,4656.0994,-0.29497,55.45836,10.22356776196329,3.808547989588569,43.99999924944092
6.06793,6.96911,46.7351,4650.4505,-0.26512,55.5965,10.247834326562012,3.817587923393335,43.99999924944092
6.10303,7.02079,46.70467,4644.78196,-0.2351,55.7351,10.266720035709971,3.8246233469638646,43.99999924944092
6.13797,7.0725,46.67793,4639.09676,-0.20498,55.87412,10.280196173970811,3.8296435630445647,43.99999924944092
6.17274,7.12424,46.65488,4633.39791,-0.17483,56.01347,10.288255549973426,3.832645892660484,43.99999924944092
6.20734,7.176,46.63551,4627.68842,-0.14472,56.15309,10.290912488766615,3.8336356722692133,43.99999924944092
6.24177,7.22779,46.6198,4621.97134,-0.11472,56.29291,10.28820264811209,3.8326261853252044,43.99999924944092
6.27604,7.2796,46.60774,4616.24969,-0.08491,56.43287,10.280182662253516,3.8296385295743574,43.99999924944092
6.31013,7.33143,46.59927,4610.52646,-0.05536,56.57289,10.26692961912104,3.824701422298959,43.99999924944092
6.34406,7.38328,46.59436,4604.80462,-0.02613,56.7129,10.248540379293036,3.817850946613007,43.99999924944092
6.37782,7.43516,46.59295,4599.08712,0.0027,56.85285,10.225130747184778,3.8091302427081906,43.99999924944092
6.41142,7.48706,46.59499,4593.37682,0.03107,56.99266,10.196834506797185,3.798589148644919,43.99999924944092
6.44484,7.53898,46.6004,4587.67654,0.05892,57.13228,10.163802336007686,3.7862837958971096,43.99999924944092
6.4781,7.59092,46.60911,4581.98902,0.08617,57.27163,10.126200614712904,3.772276165353972,43.99999924944092
6.51119,7.64289,46.62104,4576.31693,0.11277,57.41067,10.084210143101508,3.7566336098429263,43.99999924944092
6.54412,7.69487,46.6361,4570.66283,0.13866,57.54933,10.038024787046718,3.739428349502662,43.99999924944092
6.57688,7.74687,46.65419,4565.0292,0.16378,57.68756,9.98785006793409,3.7207369464568947,43.99999924944092
6.60948,7.79888,46.67521,4559.41841,0.18807,57.8253,9.933901714284206,3.7006397652556986,43.99999924944092
6.64191,7.85092,46.69905,4553.83272,0.2115,57.96251,9.876404192212378,3.6792204254330874,43.99999924944092
6.67418,7.90297,46.7256,4548.27429,0.234,58.09914,9.815589231295156,3.656565252353498,43.99999924944092
6.70628,7.95504,46.75474,4542.74512,0.25554,58.23514,9.751694361480897,3.632762732172482,43.99999924944092
6.73823,8.00713,46.78634,4537.24714,0.27607,58.37048,9.684961475806116,3.6079029764107293,43.99999924944092
6.77001,8.05923,46.82028,4531.78211,0.29555,58.50511,9.615635432322078,3.5820772011349407,43.99999924944092
6.80164,8.11135,46.85643,4526.35169,0.31395,58.639,9.543962707413147,3.5553772252834746,43.99999924944092
6.8331,8.16348,46.89464,4520.9574,0.33124,58.77211,9.470190111125001,3.52789499209231,43.99999924944092
6.86441,8.21563,46.93479,4515.60063,0.34739,58.90442,9.394563573687895,3.49972211704303,43.99999924944092
6.89556,8.26779,46.97673,4510.28263,0.36237,59.03591,9.317327010770441,3.4709494651400012,43.99999924944092
6.92656,8.31996,47.02032,4505.00455,0.37616,59.16654,9.238721273525192,3.4416667597747237,43.99999924944092
6.9574,8.37215,47.06541,4499.76737,0.38874,59.2963,9.158983187895101,3.411962224842214,43.99999924944092
6.98809,8.42434,47.11186,4494.57199,0.40009,59.42517,9.078344686234345,3.3819222612469084,43.99999924944092
7.01863,8.47655,47.15952,4489.41914,0.41021,59.55314,8.997032032859618,3.35163115840015,43.99999924944092
7.04901,8.52878,47.20823,4484.30947,0.41909,59.6802,8.915265143913805,3.3211708408515066,43.99999924944092
7.07925,8.58101,47.25787,4479.24347,0.42671,59.80633,8.833257000686796,3.290620649735334,43.99999924944092
7.1094,8.63322,47.31104,4474.21618,0.48042,59.81428,8.747777805287422,3.2587774003560765,0
7.1395,8.68538,47.37034,4469.22513,0.53234,59.82225,8.655781918276826,3.224506511887163,0
7.16956,8.73749,47.43553,4464.27428,0.58235,59.83024,8.557788128737084,3.1880012469118295,0
7.19958,8.78955,47.50637,4459.36732,0.63033,59.83825,8.454325878605761,3.149458836482274,0
7.22956,8.84156,47.58262,4454.5077,0.67619,59.84628,8.345933084920501,3.1090796688484685,0
7.2595,8.89352,47.66399,4449.69857,0.71982,59.85434,8.2331511760963,3.0670654403408375,0
7.2894,8.94543,47.75023,4444.94281,0.76115,59.86242,8.116520413863144,3.0236174126689432,0
7.31925,8.99729,47.84104,4440.24301,0.8001,59.87052,7.996575554375123,2.978934796570465,0
7.34907,9.0491,47.93614,4435.60148,0.83661,59.87865,7.873841890359648,2.933213277407647,0
7.37886,9.10087,48.03524,4431.02027,0.87063,59.88679,7.748831704609221,2.8866436939996665,0
7.4086,9.15259,48.13803,4426.50115,0.90211,59.89497,7.622041154018077,2.8394108778443017,0
7.4383,9.20426,48.24421,4422.04563,0.93103,59.90316,7.49394759295005,2.7916926560020285,0
7.46797,9.25589,48.35348,4417.65495,0.95735,59.91138,7.3650073352941,2.7436590174028272,0
7.4976,9.30747,48.46554,4413.33013,0.98106,59.91963,7.235653846217318,2.695471439226591,0
7.52719,9.35901,48.58007,4409.07195,1.00215,59.9279,7.106296347470622,2.6472823673428123,0
7.55674,9.41051,48.69678,4404.88097,1.02063,59.93619,6.977318814270278,2.5992348426225442,0
7.58626,9.46196,48.81536,4400.75752,1.0365,59.94451,6.8490793371099405,2.551462263196602,0
7.61575,9.51338,48.9355,4396.70178,1.04977,59.95286,6.7219098184483705,2.5040882714637536,0
7.64519,9.56475,49.05691,4392.71369,1.06048,59.96123,6.596115971932864,2.4572267538014265,0
7.67461,9.61608,49.1793,4388.79308,1.06863,59.96962,6.471977590524406,2.4109819404493824,0
7.70399,9.66738,49.30237,4384.93957,1.07428,59.97805,6.349749049509517,2.365448592894868,0
7.73334,9.71864,49.42584,4381.15267,1.07744,59.9865,6.229660010838363,2.3207122662570905,0
7.76265,9.76986,49.54943,4377.43175,1.07818,59.99498,6.111916296215629,2.2768496345365383,0
7.79193,9.82104,49.67286,4373.77605,1.07652,60.00348,5.996700897977146,2.2339288671931277,0
7.82118,9.87219,49.79586,4370.18471,1.07252,60.01202,5.884175098748088,2.1920100462483365,0
7.85039,9.92331,49.91817,4366.65678,1.06624,60.02058,5.774479673119862,2.151145613941467,0
7.87958,9.97439,50.03954,4363.19121,1.05773,60.02917,5.6677361470005145,2.111380841870805,0
7.90873,10.02543,50.15972,4359.78687,1.04704,60.03779,5.564048092855076,2.0727543135047313,0
7.93786,10.07645,50.27846,4356.44259,1.03423,60.04644,5.463502441566687,2.035298412884502,0
7.96695,10.12743,50.39554,4353.15711,1.01937,60.05511,5.366170794181951,1.9990398132839169,0
7.99601,10.17839,50.51072,4349.92912,1.00252,60.06382,5.272110719207063,1.9639999604862508,0
8.02505,10.22931,50.62379,4346.75729,0.98374,60.07255,5.181367023410358,1.9301955461916458,0
8.05405,10.28021,50.73454,4343.64022,0.9631,60.08132,5.093972986241053,1.8976389678705696,0
8.08303,10.33107,50.84276,4340.57651,0.94067,60.09012,5.009951549905863,1.86633877209867,0
8.11197,10.38191,50.94825,4337.56471,0.9165,60.09894,4.929316458947023,1.8363000790795696,0
8.14089,10.43272,51.05084,4334.60335,0.89067,60.1078,4.852073344738444,1.8075249866482224,0
8.16979,10.4835,51.15033,4331.69095,0.86324,60.11669,4.778220751727117,1.780012952572832,0
8.19865,10.53426,51.24656,4328.82601,0.83428,60.1256,4.707751103455991,1.7537611544238005,0
8.22749,10.58499,51.33937,4326.00703,0.80386,60.13455,4.640651607464871,1.7287648266731142,0
8.2563,10.6357,51.42859,4323.23248,0.77204,60.14353,4.576905099033056,1.7050175750106806,0
8.28509,10.68638,51.51407,4320.50085,0.73888,60.15255,4.516490824474241,1.6825116681422898,0
8.31384,10.73704,51.59569,4317.8106,0.70446,60.16159,4.459385165277644,1.6612383075512351,0
8.34258,10.78768,51.67329,4315.16021,0.66884,60.17067,4.405562304870936,1.6411878758850482,0
8.37129,10.83829,51.74676,4312.54815,0.63209,60.17977,4.354994840131267,1.622350164759449,0
8.39997,10.88888,51.81598,4309.97287,0.59426,60.18891,4.307654340043495,1.6047145828732308,0
8.42862,10.93945,51.88083,4307.43285,0.55543,60.19809,4.263511854077642,1.5882703453922433,0
8.45726,10.99,51.94121,4304.92656,0.51565,60.20729,4.222538372952807,1.5730066455960712,0
8.48586,11.04052,51.99703,4302.45246,0.475,60.21653,4.184705244515373,1.5589128098036074,0
8.51445,11.09103,52.04819,4300.00902,0.43352,60.2258,4.149984547421769,1.5459784365797176,0
8.54301,11.14152,52.09461,4297.59471,0.39129,60.2351,4.1183494252756505,1.5341935212101294,0
8.57154,11.19198,52.13621,4295.20799,0.34837,60.24443,4.089774383763468,1.5235485663922494,0
8.60005,11.24243,52.17293,4292.84732,0.30481,60.2538,4.064235553207274,1.5140346800429934,0
8.62854,11.29286,52.20471,4290.51118,0.26068,60.2632,4.041710918805957,1.505643661069703,0
8.657,11.34327,52.23148,4288.19802,0.21604,60.27263,4.022180520659006,1.4983680738842615,0
8.68544,11.39366,52.2532,4285.90628,0.17094,60.2821,4.00562662547751,1.4922013123699582,0
8.71386,11.44403,52.26983,4283.63442,0.12546,60.2916,3.99203387169579,1.487137653939391,0
8.74225,11.49438,52.28133,4281.38089,0.07964,60.30113,3.9813893894833225,1.4831723042420637,0
8.77062,11.54472,52.28767,4279.1441,0.03355,60.3107,3.973682896937333,1.4803014329986601,0
8.79897,11.59504,52.28884,4276.92249,-0.01276,60.32029,3.9689067735188943,1.4785222013579213,0
8.82729,11.64534,52.28481,4274.71446,-0.05922,60.32993,3.9670561115786724,1.4778327810913423,0
8.85559,11.69562,52.27558,4272.51841,-0.10578,60.33959,3.9681287465766464,1.4782323658508132,0
8.88387,11.74589,52.26114,4270.33273,-0.15238,60.34929,3.9721252663932414,1.4797211746372598,0
8.91212,11.79614,52.24151,4268.15578,-0.19895,60.35902,3.9790489998811878,1.482300447535912,0
8.94035,11.84637,52.21669,4265.98592,-0.24544,60.36878,3.9889059846037505,1.4859724336979434,0
8.96856,11.89659,52.18669,4263.82146,-0.2918,60.37857,4.0017049134675995,1.4907403714598133,0
8.99675,11.94679,52.15155,4261.66074,-0.33795,60.3884,4.017457059740215,1.4966084604102752,0
9.02491,11.99697,52.1113,4259.50202,-0.38384,60.39826,4.036176179724387,1.5035818251340682,0
9.05306,12.04714,52.06596,4257.34358,-0.42941,60.40816,4.0578783921564625,1.5116664702845921,0
9.08117,12.09729,52.01559,4255.18366,-0.47461,60.41809,4.082582033171685,1.5208692265546766,0
9.10927,12.14742,51.96024,4253.02047,-0.51936,60.42805,4.110307485509044,1.5311976870508985,0
9.13734,12.19754,51.89996,4250.85219,-0.5636,60.43804,4.141076980405616,1.542660133494007,0
9.16539,12.24764,51.83482,4248.67699,-0.60728,60.44806,4.174914370483484,1.5552654516133286,0
9.19342,12.29772,51.76489,4246.493,-0.65034,60.45812,4.211844871759907,1.5690230350387657,0
9.22142,12.34779,51.69025,4244.2983,-0.6927,60.46821,4.2518947727692336,1.5839426769410556,0
9.2494,12.39784,51.61098,4242.09098,-0.73431,60.47833,4.295091108660934,1.6000344486247144,0
9.27736,12.44787,51.52718,4239.86905,-0.7751,60.48848,4.3414612980824865,1.6173085642573557,0
9.30529,12.49789,51.43895,4237.63054,-0.81501,60.49866,4.3910327405506155,1.6357752308798836,0
9.3332,12.54789,51.34639,4235.37341,-0.85397,60.50888,4.443832372040768,1.6554444828518802,0
9.36109,12.59787,51.24961,4233.0956,-0.89192,60.51912,4.499886176547292,1.6763259998949203,0
9.38895,12.64783,51.14875,4230.79503,-0.92879,60.5294,4.559218651447093,1.698428907926466,0
9.41679,12.69778,51.04392,4228.46957,-0.96451,60.53971,4.621852224666395,1.7217615619391506,0
9.44461,12.74771,50.93526,4226.11708,-0.99901,60.55005,4.687806621878905,1.7463313102654423,0
9.4724,12.79762,50.82292,4223.73537,-1.03223,60.56042,4.757098182268812,1.7721442396813623,0
9.50016,12.84751,50.70704,4221.32226,-1.0641,60.57082,4.829739121807525,1.7992049009576825,0
9.52791,12.89738,50.58779,4218.87551,-1.09455,60.58125,4.9057367435068375,1.8275160146584484,0
9.55562,12.94723,50.46533,4216.39289,-1.12352,60.5917,4.985092594735714,1.8570781572193136,0
9.58331,12.99706,50.33983,4213.87213,-1.15092,60.60219,5.0678015724464185,1.8878894276207274,0
9.61098,13.04687,50.21147,4211.31096,-1.1767,60.61271,5.153850978038749,1.9199450952999946,0
9.63862,13.09666,50.08044,4208.7071,-1.20079,60.62326,5.243219524634986,1.9532372303350727,0
9.66624,13.14643,49.94694,4206.05826,-1.22311,60.63383,5.335876300697288,1.9877543173647838,0
9.69382,13.19618,49.81117,4203.36218,-1.24361,60.64443,5.431779695268997,2.0234808552129233,0
9.72139,13.24591,49.67333,4200.61657,-1.26221,60.65506,5.530876291571246,2.060396944723884,0
9.74892,13.29561,49.53365,4197.81918,-1.27885,60.66572,5.633099737330324,2.0984778679298723,0
9.77643,13.34529,49.39234,4194.96779,-1.29347,60.67641,5.738369601943692,2.1376936623151894,0
9.80391,13.39495,49.24964,4192.06019,-1.306,60.68712,5.846590232458491,2.178008694638112,0
9.83136,13.44458,49.10578,4189.09424,-1.31638,60.69786,5.957649622285841,2.219381239497214,0
9.85878,13.49418,48.96101,4186.06783,-1.32456,60.70862,6.071418308587578,2.261763068578905,0
9.88618,13.54376,48.81557,4182.97893,-1.33047,60.71941,6.187748316271576,2.3050990572679098,0
9.91355,13.59332,48.66972,4179.82556,-1.33408,60.73023,6.306472168523253,2.349326816044216,0
9.94088,13.64284,48.52372,4176.60586,-1.33532,60.74107,6.427401985675497,2.394376354788413,0
9.96819,13.69234,48.37782,4173.31804,-1.33416,60.75193,6.5503286959099345,2.4401697887471463,0
9.99547,13.74181,48.2323,4169.96043,-1.33055,60.76282,6.675021382765828,2.4866210954630144,0
10.02271,13.79125,48.08743,4166.53151,-1.32445,60.77373,6.801226795508171,2.533635932373797,0
10.04993,13.84066,47.94348,4163.02985,-1.31585,60.78466,6.928669049149895,2.5811115250628425,0
10.07711,13.89004,47.80072,4159.45422,-1.3047,60.79562,7.057049541016592,2.6289366361772237,0
10.10426,13.93938,47.65944,4155.80353,-1.291,60.8066,7.186047110372338,2.6769916248925614,0
10.13138,13.98869,47.51992,4152.07689,-1.27473,60.8176,7.315318466387605,2.7251486063423327,0
10.15846,14.03797,47.38243,4148.27359,-1.25589,60.82862,7.444498907832678,2.7732717197225987,0
10.18551,14.08722,47.24725,4144.39313,-1.23448,60.83966,7.573203355080327,2.821217512740163,0
10.21253,14.13643,47.11466,4140.43525,-1.21051,60.85072,7.701027711268548,2.868835448681502,0
10.23951,14.1856,46.98493,4136.3999,-1.18401,60.8618,7.827550564917597,2.915968540682406,0
10.26646,14.23473,46.85833,4132.2873,-1.15499,60.8729,7.952335240766802,2.9624541157186575,0
10.29337,14.28383,46.73514,4128.09791,-1.12349,60.88402,8.074932199217713,3.008124708461737,0
10.32025,14.33289,46.6156,4123.83245,-1.08957,60.89515,8.194881777696487,3.052809082508435,0
10.34709,14.3819,46.49997,4119.49193,-1.05328,60.90631,8.311717259460147,3.0963333735919365,0
10.37389,14.43088,46.3885,4115.07763,-1.01469,60.91748,8.424968247175226,3.1385223463286276,0
10.40065,14.47981,46.28143,4110.5911,-0.97386,60.92866,8.534164310176488,3.1792007529179314,0
10.42738,14.5287,46.17898,4106.03419,-0.9309,60.93987,8.638838865849724,3.218194779059528,0
10.45402,14.57758,46.0792,4101.41364,-0.92642,61.06564,8.741229396801776,3.256337945896176,38.99999933473172
10.48052,14.62646,45.9801,4096.73452,-0.92039,61.19292,8.843709567480662,3.2945145058896337,38.99999933473172
10.50689,14.67535,45.88184,4091.99645,-0.91282,61.32172,8.946050184639851,3.3326390785251294,38.99999933473172
10.53312,14.72425,45.78458,4087.19918,-0.90371,61.45204,9.04800656335099,3.370620512228804,38.99999933473172
10.5592,14.77316,45.6885,4082.3426,-0.89306,61.58386,9.149326145000158,3.408364722271757,38.99999933473172
10.58515,14.82208,45.59375,4077.42676,-0.88088,61.7172,9.24974936731559,3.4457750148782575,38.99999933473172
10.61095,14.871,45.5005,4072.45185,-0.86718,61.85204,9.349010655300443,3.482752456374287,38.99999933473172
10.63661,14.91993,45.4089,4067.4182,-0.852,61.98836,9.446839531017504,3.5191962866115283,38.99999933473172
10.66212,14.96887,45.31911,4062.32633,-0.83534,62.12616,9.542961838273122,3.555004375194364,38.99999933473172
10.68748,15.01781,45.23128,4057.17688,-0.81724,62.26541,9.637101076191565,3.5900737182714058,38.99999933473172
10.71269,15.06676,45.14555,4051.97068,-0.79773,62.40609,9.72897983363359,3.6243009728941624,38.99999933473172
10.73776,15.11571,45.06208,4046.70873,-0.77685,62.54817,9.818321314281953,3.6575830251515087,38.99999933473172
10.76267,15.16467,44.981,4041.39217,-0.75463,62.69162,9.904850940139406,3.6898175875148898,38.99999933473172
10.78743,15.21363,44.90244,4036.02231,-0.73113,62.83641,9.988298019203414,3.720903820091026,38.99999933473172
10.81203,15.26259,44.82654,4030.60064,-0.70639,62.9825,10.068397461197613,3.750742969777024,38.99999933473172
10.83647,15.31156,44.75341,4025.12879,-0.68048,63.12984,10.144891523569171,3.7792390206903415,38.99999933473172
10.86076,15.36053,44.68317,4019.60855,-0.65344,63.2784,10.217531568496934,3.806299348700543,38.99999933473172
10.8849,15.4095,44.61592,4014.04187,-0.62535,63.42811,10.286079810536254,3.831835372472987,38.99999933473172
10.90887,15.45847,44.55177,4008.43083,-0.59627,63.57894,10.350311033676206,3.8557631931178125,38.99999933473172
10.93268,15.50744,44.49081,4002.77768,-0.56627,63.73082,10.41001425614871,3.878004214375146,38.99999933473172
10.95633,15.55641,44.43312,3997.08476,-0.53543,63.88369,10.464994321300072,3.8984857352566062,38.99999933473172
10.97982,15.60538,44.37877,3991.35456,-0.50383,64.0375,10.515073393201082,3.9171415071994153,38.99999933473172
11.00314,15.65435,44.32784,3985.58969,-0.47154,64.19218,10.560092336510207,3.933912248101753,38.99999933473172
11.02631,15.70331,44.28039,3979.79285,-0.43866,64.34766,10.599911961329367,3.9487461060642746,38.99999933473172
11.04931,15.75227,44.23645,3973.96684,-0.40526,64.50388,10.634414115487939,3.961599066294654,38.99999933473172
11.07214,15.80123,44.19608,3968.11453,-0.37145,64.66076,10.663502608693367,3.972435295377995,38.99999933473172
11.09481,15.85019,44.15929,3962.23889,-0.3373,64.81824,10.68710395541385,3.981227418020181,38.99999933473172
11.11731,15.89913,44.1261,3956.34291,-0.30292,64.97624,10.705167926046276,3.987956722372432,38.99999933473172
11.13965,15.94808,44.09654,3950.42966,-0.26839,65.13468,10.717667898810621,3.9926132911212284,38.99999933473172
11.16182,15.99701,44.07059,3944.50221,-0.2338,65.29349,10.724601007903088,3.9951960566792506,38.99999933473172
11.18382,16.04594,44.04824,3938.56368,-0.19926,65.4526,10.725988086655557,3.9957127800107846,38.99999933473172
11.20566,16.09486,44.02949,3932.61717,-0.16486,65.61193,10.721873407539126,3.994179953776191,38.99999933473172
11.22733,16.14378,44.01429,3926.66578,-0.13068,65.77141,10.712324224071631,3.9906226316804094,38.99999933473172
11.24884,16.19268,44.00261,3920.7126,-0.09682,65.93096,10.69743012258973,3.9850741869910054,38.99999933473172
11.27018,16.24158,43.99439,3914.76067,-0.06338,66.09051,10.677302194692835,3.977576004251757,38.99999933473172
11.29135,16.29046,43.98959,3908.81301,-0.03043,66.24999,10.65207204363365,3.9681771091369833,38.99999933473172
11.31236,16.33933,43.98814,3902.87256,0.00192,66.40933,10.621890640136693,3.9569337422138466,38.99999933473172
11.3332,16.38819,43.98996,3896.94219,0.03361,66.56846,10.586927044970949,3.943908883067053,38.99999933473172
11.35388,16.43704,43.99497,3891.02472,0.06454,66.7273,10.547367017035251,3.929171731774025,38.99999933473172
11.37439,16.48588,44.00308,3885.12285,0.09463,66.88581,10.503411526771488,3.9127971551122194,38.99999933473172
11.39475,16.53471,44.01419,3879.2392,0.12382,67.04392,10.455275195299174,3.8948651050956755,38.99999933473172
11.41493,16.58352,44.02819,3873.37629,0.15203,67.20156,10.403184679956668,3.8754600175466463,38.99999933473172
11.43496,16.63231,44.04498,3867.53651,0.17919,67.35868,10.347377026659515,3.8546701983057248,38.99999933473172
11.45483,16.68109,44.06444,3861.72216,0.20523,67.51524,10.288098009043644,3.832587204518988,38.99999933473172
11.47453,16.72986,44.08644,3855.93538,0.2301,67.67117,10.225600473440087,3.809305228097534,38.99999933473172
11.49408,16.77861,44.11085,3850.17822,0.25374,67.82644,10.160142707545182,3.784920488004207,38.99999933473172
11.51347,16.82735,44.13754,3844.45257,0.2761,67.98099,10.09198684931253,3.7595306375239868,38.99999933473172
11.5327,16.87607,44.16638,3838.7602,0.29712,68.1348,10.021397350934572,3.7332341920567136,38.99999933473172
11.55177,16.92477,44.19722,3833.10273,0.31678,68.28782,9.948639511055033,3.706129982327603,38.99999933473172
11.57069,16.97346,44.22991,3827.48165,0.33502,68.44002,9.873978086521504,3.6783166372285545,38.99999933473172
11.58946,17.02212,44.26431,3821.89833,0.35182,68.59137,9.797675993061631,3.6498920997858457,38.99999933473172
11.60807,17.07077,44.30026,3816.35397,0.36714,68.74185,9.719993102378162,3.620953179046386,38.99999933473172
11.62653,17.11941,44.33762,3810.84964,0.38096,68.89144,9.641185141313235,3.591595139987449,38.99999933473172
11.64484,17.16802,44.37622,3805.3863,0.39327,69.04011,9.561502696881824,3.5619113328654555,38.99999933473172
11.663,17.21662,44.41592,3799.96475,0.40403,69.18786,9.481190329303873,3.531992862797099,38.99999933473172
11.68102,17.26519,44.45656,3794.58567,0.41325,69.33466,9.400485793566242,3.5019282997706975,38.99999933473172
11.69888,17.31375,44.49798,3789.2496,0.42091,69.48052,9.319619368616001,3.4718034287530375,38.99999933473172
11.7166,17.36229,44.54002,3783.95697,0.42701,69.62543,9.238813291997259,3.44170103907672,38.99999933473172
11.73418,17.41081,44.58252,3778.70807,0.43154,69.76938,9.158281296581325,3.4117007518599602,38.99999933473172
11.75161,17.45931,44.62535,3773.50311,0.43452,69.91237,9.078228245137781,3.381878883874689,38.99999933473172
11.7689,17.50779,44.66833,3768.34213,0.43595,70.05442,8.998849857642822,3.3523083459617435,38.99999933473172
11.78605,17.55625,44.71131,3763.22512,0.43584,70.19552,8.920332525610888,3.323058573864506,38.99999933473172
11.80306,17.60469,44.75415,3758.15192,0.4342,70.33569,8.842853207230585,3.294195489164286,38.99999933473172
11.81993,17.65311,44.7967,3753.1223,0.43106,70.47494,8.766579396768048,3.265781487882254,38.99999933473172
11.83667,17.70151,44.83881,3748.13591,0.42643,70.61328,8.691669161457195,3.2378754542220483,38.99999933473172
11.85326,17.74989,44.88034,3743.19233,0.42033,70.75072,8.618271239030959,3.2105327969027067,38.99999933473172
11.86973,17.79824,44.92115,3738.29103,0.41279,70.8873,8.546525189025585,3.1838055055235173,38.99999933473172
11.88606,17.84658,44.96109,3733.43143,0.40384,71.02303,8.476561591134134,3.157742224455901,38.99999933473172
11.90225,17.8949,45.00005,3728.61284,0.3935,71.15793,8.408502284019924,3.132388341807713,38.99999933473172
11.91832,17.94319,45.03787,3723.83451,0.38182,71.29203,8.342460638260492,3.1077860911020445,38.99999933473172
11.93425,17.99147,45.07445,3719.09563,0.36883,71.42535,8.27854185740357,3.083974663428499,38.99999933473172
11.95005,18.03972,45.10966,3714.3953,0.35456,71.55792,8.216843301423792,3.0609903279393214,38.99999933473172
11.96573,18.08796,45.14337,3709.73259,0.33905,71.68978,8.157454827218505,3.038866558693052,38.99999933473172
11.98128,18.13617,45.17548,3705.10648,0.32235,71.82095,8.100459141207399,3.017634166007161,38.99999933473172
11.9967,18.18436,45.20587,3700.51591,0.30449,71.95146,8.045932159441827,2.99732143060825,38.99999933473172
12.01199,18.23253,45.23444,3695.95978,0.28552,72.08136,7.993943371021123,2.9779542390141875,38.99999933473172
12.02716,18.28068,45.26109,3691.43692,0.26548,72.21067,7.944556201048559,2.9595562187447593,38.99999933473172
12.0422,18.3288,45.28572,3686.94612,0.24443,72.33943,7.897828369652116,2.9421488720663453,38.99999933473172
12.05712,18.37691,45.30825,3682.48615,0.2224,72.46767,7.85381224404856,2.925751707145054,38.99999933473172
12.07192,18.42499,45.32858,3678.0557,0.19944,72.59545,7.812555180886946,2.910382365578689,38.99999933473172
12.0866,18.47306,45.34663,3673.65346,0.17561,72.72278,7.774099856493539,2.896056745421665,38.99999933473172
12.10115,18.5211,45.36233,3669.27806,0.15095,72.84972,7.73848458291216,2.8827891189183545,38.99999933473172
12.11558,18.56911,45.37561,3664.9281,0.12552,72.9763,7.7057436079119,2.870592244263859,38.99999933473172
12.12989,18.61711,45.3864,3660.60218,0.09936,73.10257,7.675907397405982,2.8594774708124593,38.99999933473172
12.14408,18.66509,45.39463,3656.29882,0.07254,73.22857,7.649002898934549,2.849454837231892,38.99999933473172
12.15816,18.71304,45.40026,3652.01655,0.0451,73.35433,7.625053785093142,2.840533162186858,38.99999933473172
12.17211,18.76097,45.40324,3647.75386,0.01709,73.4799,7.604080675972648,2.8327201272037614,38.99999933473172
12.18594,18.80888,45.40351,3643.50922,-0.01143,73.60533,7.586101339821523,2.8260223514226617,38.99999933473172
12.19966,18.85677,45.40105,3639.28107,-0.0404,73.73065,7.571130871331925,2.8204454580135545,38.99999933473172
12.21326,18.90463,45.3958,3635.06784,-0.06978,73.85592,7.559181847032493,2.8159941320642647,38.99999933473172
12.22673,18.95247,45.38776,3630.86793,-0.0995,73.98117,7.550264457424512,2.8126721698046504,38.99999933473172
12.2401,19.00029,45.37688,3626.67972,-0.12951,74.10646,7.544386615591443,2.8104825190665057,38.99999933473172
12.25334,19.04808,45.36316,3622.50158,-0.15975,74.23181,7.541554042071572,2.8094273109008587,38.99999933473172
12.26647,19.09586,45.34658,3618.33187,-0.19017,74.35729,7.541770325924281,2.8095078823267636,38.99999933473172
12.27948,19.14361,45.32713,3614.16891,-0.22072,74.48294,7.545036961933289,2.8107247901904855,38.99999933473172
12.29237,19.19133,45.30481,3610.01103,-0.25133,74.6088,7.5513533640082064,2.8130778161579326,38.99999933473172
12.30514,19.23903,45.27962,3605.85652,-0.28195,74.73491,7.560716854883455,2.816565962877236,38.99999933473172
12.3178,19.28671,45.25158,3601.7037,-0.31252,74.86133,7.573122632285652,2.8211874413752023,38.99999933473172
12.33034,19.33436,45.22069,3597.55082,-0.343,74.9881,7.58856371183006,2.826939649784749,38.99999933473172
12.34276,19.38199,45.18698,3593.39618,-0.37331,75.11526,7.607030846950811,2.833819143516797,38.99999933473172
12.35507,19.4296,45.15047,3589.23804,-0.4034,75.24287,7.628512426264349,2.8418215970254583,38.99999933473172
12.36726,19.47718,45.11118,3585.07465,-0.43322,75.37097,7.652994348855143,2.850941757348681,38.99999933473172
12.37933,19.52473,45.06916,3580.90426,-0.46272,75.4996,7.680459878051984,2.861173389636069,38.99999933473172
12.39128,19.57226,45.02444,3576.72513,-0.49183,75.62881,7.710889474396674,2.872509214925334,38.99999933473172
12.40311,19.61977,44.97707,3572.5355,-0.5205,75.75865,7.7442606086084815,2.884940840466617,38.99999933473172
12.41482,19.66725,44.92709,3568.33361,-0.54867,75.88916,7.7805475554837376,2.8984586829446846,38.99999933473172
12.42641,19.7147,44.87457,3564.11771,-0.57629,76.02039,7.819721169835926,2.913051885010701,38.99999933473172
12.43789,19.76212,44.81957,3559.88605,-0.60331,76.15239,7.861748645741913,2.9287082255951242,38.99999933473172
12.44924,19.80952,44.76214,3555.63689,-0.62967,76.2852,7.906593260536448,2.945414024538917,38.99999933473172
12.46047,19.85689,44.70237,3551.36848,-0.65532,76.41886,7.954214105213985,2.963154042161132,38.99999933473172
12.47158,19.90423,44.64032,3547.07911,-0.6802,76.55342,8.004565803115613,2.981911374462395,38.99999933473172
12.48257,19.95154,44.57607,3542.76706,-0.70426,76.68892,8.057598219003568,3.001667344747499,38.99999933473172
12.49343,19.99883,44.50971,3538.43064,-0.72746,76.82541,8.113256160890156,3.022401392548841,38.99999933473172
12.50417,20.04608,44.44133,3534.06816,-0.74974,76.96293,8.171479077250037,3.0440909608300237,38.99999933473172
12.51479,20.09331,44.37101,3529.67798,-0.77105,77.10152,8.232200752536569,3.0667113825576893,38.99999933473172
12.52528,20.1405,44.29886,3525.25847,-0.79134,77.24122,8.29534900416214,3.090235767818713,38.99999933473172
12.53565,20.18766,44.22498,3520.80802,-0.81058,77.38207,8.360845384478749,3.1146348928001313,38.99999933473172
12.54589,20.2348,44.14947,3516.32508,-0.8287,77.52411,8.428604891484142,3.139877092019569,38.99999933473172
12.556,20.2819,44.07245,3511.80813,-0.84567,77.66739,8.498535692356104,3.1659281553344845,38.99999933473172
12.56598,20.32896,43.99402,3507.25567,-0.86145,77.81193,8.570538864132976,3.1927512313388386,38.99999933473172
12.57583,20.376,43.9143,3502.66627,-0.876,77.95777,8.644508156137272,3.220306738859645,38.99999933473172
12.58556,20.423,43.83341,3498.03854,-0.88927,78.10495,8.720329778967876,3.2485522883510076,38.99999933473172
12.59515,20.46996,43.75147,3493.37117,-0.90124,78.25349,8.797882225095654,3.2774426150612705,38.99999933473172
12.60461,20.51689,43.66861,3488.66288,-0.91186,78.40344,8.877036126214904,3.3069295258926727,38.99999933473172
12.61394,20.56379,43.58495,3483.91246,-0.92111,78.55481,8.95765415265028,3.336961861927788,38.99999933473172
12.62313,20.61064,43.50063,3479.1188,-0.92896,78.70764,9.039590960118819,3.3674854785969734,38.99999933473172
12.63219,20.65746,43.41578,3474.28083,-0.93537,78.86194,9.122693189132068,3.3984432454556504,38.99999933473172
12.64112,20.70424,43.33053,3469.39759,-0.94033,79.01775,9.206799522234185,3.4297750675069976,38.99999933473172
12.6499,20.75098,43.24501,3464.46819,-0.94382,79.17507,9.2917408039996,3.4614179299042465,38.99999933473172
12.65855,20.79769,43.15937,3459.49183,-0.94582,79.33394,9.377340228497033,3.493305967785949,38.99999933473172
12.66706,20.84435,43.07374,3454.46782,-0.94631,79.49436,9.46341359847392,3.5253705628290044,38.99999933473172
12.67543,20.89097,42.98826,3449.39557,-0.94529,79.65635,9.549769659997851,3.557540467911395,38.99999933473172
12.68365,20.93754,42.90307,3444.27458,-0.94275,79.81991,9.636210515678968,3.5897419610484063,38.99999933473172
12.69174,20.98408,42.8183,3439.10448,-0.93868,79.98505,9.722532118891621,3.6218990295031936,38.99999933473172
12.69968,21.03056,42.73409,3433.88501,-0.93309,80.15177,9.808524850462465,3.6539335846182746,38.99999933473172
12.70748,21.07701,42.65058,3428.61603,-0.92598,80.32008,9.89397417844429,3.685765707598635,38.99999933473172
12.71513,21.12341,42.56791,3423.29751,-0.91737,80.48997,9.978661400474287,3.7173139260597265,38.99999933473172
12.72263,21.16976,42.4862,3417.92956,-0.90725,80.66143,10.062364467070024,3.7484955207268684,38.99999933473172
12.72999,21.21606,42.40559,3412.51242,-0.89567,80.83445,10.144858883008085,3.779226861222512,38.99999933473172
12.73726,21.2623,42.32876,3407.0399,-0.82544,80.84744,10.222209716783347,3.808042082026722,0
12.74451,21.30847,42.25839,3401.50866,-0.75345,80.86041,10.290392135396408,3.83344182694749,0
12.75174,21.35458,42.19462,3395.92351,-0.6799,80.87337,10.349047649460774,3.8552925492559242,0
12.75895,21.40061,42.13753,3390.28949,-0.60505,80.88632,10.397882002911237,3.8734846308253927,0
12.76613,21.44656,42.08723,3384.61185,-0.52915,80.89927,10.436660923960911,3.8879307992512175,0
12.7733,21.49245,42.04378,3378.89604,-0.45244,80.91219,10.46521298333254,3.8985671926170444,0
12.78044,21.53826,42.0072,3373.14761,-0.37518,80.92511,10.483431613129952,3.90535411157758,0
12.78756,21.58399,41.97752,3367.37227,-0.29763,80.93802,10.491276243067782,3.908276442634058,0
12.79465,21.62965,41.95472,3361.57575,-0.22007,80.95091,10.48877253214883,3.90734374444015,0
12.80173,21.67524,41.93877,3355.76385,-0.14274,80.96379,10.47601169580528,3.9025899971443656,0
12.80878,21.72074,41.92961,3349.94235,-0.06592,80.97666,10.453148950373238,3.8940730229158937,0
12.81581,21.76618,41.92717,3344.11699,0.01015,80.98951,10.420401117614537,3.8818735935659405,0
12.82282,21.81153,41.93135,3338.29346,0.0852,81.00236,10.378043451139643,3.866094248306762,0
12.8298,21.85681,41.94202,3332.47732,0.159,81.01519,10.32640576332802,3.8468578509275964,0
12.83677,21.90202,41.95904,3326.674,0.2313,81.028,10.265867945259865,3.8243059208513506,0
12.84371,21.94714,41.98225,3320.88877,0.30188,81.04081,10.196854982688908,3.7985967764533384,0
12.85063,21.9922,42.01147,3315.12669,0.37051,81.0536,10.119831578235697,3.769903531686777,0
12.85753,22.03717,42.0465,3309.39264,0.437,81.06638,10.03529649345922,3.738411988355594,0
12.8644,22.08207,42.08712,3303.69122,0.50114,81.07915,9.94377672453781,3.704318466402324,0
12.87126,22.1269,42.1331,3298.02682,0.56276,81.09191,9.845821622140635,3.667827613405516,0
12.87809,22.17165,42.18421,3292.40352,0.62168,81.10465,9.741997059993595,3.6291502322171034,0
12.8849,22.21632,42.24019,3286.82516,0.67776,81.11739,9.632879748193917,3.5885011625224577,0
12.89169,22.26093,42.30076,3281.29527,0.73085,81.13011,9.519051776895108,3.5460972482194757,0
12.89846,22.30546,42.36566,3275.8171,0.78082,81.14282,9.401095464114187,3.502155418091205,0
12.90521,22.34991,42.43459,3270.39358,0.82758,81.15552,9.279588568751077,3.456890902529618,0
12.91194,22.3943,42.50726,3265.02739,0.87102,81.1682,9.155099916732821,3.4105156041592513,0
12.91864,22.43861,42.58339,3259.72088,0.91107,81.18088,9.02818547523363,3.3632366353808716,0
12.92533,22.48286,42.66266,3254.47612,0.94765,81.19355,8.899384897325653,3.3152550311629856,0
12.93199,22.52703,42.74476,3249.29491,0.98072,81.2062,8.769218547695607,3.2667646410430105,0
12.93864,22.57114,42.8294,3244.17877,1.01023,81.21885,8.638185009431332,3.2179512003396793,0
12.94526,22.61518,42.91625,3239.12896,1.03616,81.23149,8.506759062441382,3.16899157706114,0
12.95187,22.65916,43.00502,3234.14648,1.0585,81.24412,8.37539011606823,3.120053188012134,0
12.95846,22.70307,43.09538,3229.23209,1.07723,81.25674,8.24450107185989,3.0712935751465054,0
12.96502,22.74691,43.18705,3224.38633,1.09239,81.26935,8.114487587254748,3.022860131270429,0
12.97157,22.79069,43.2797,3219.6095,1.10397,81.28195,7.985717707112795,2.974889962778093,0
12.9781,22.83441,43.37304,3214.90172,1.11201,81.29454,7.858531827473886,2.9275098761507015,0
12.98461,22.87806,43.46678,3210.2629,1.11655,81.30713,7.733242954506493,2.8808364744217,0
12.9911,22.92166,43.56061,3205.6928,1.11764,81.31971,7.610137221209058,2.8349763496616194,0
12.99757,22.9652,43.65426,3201.19097,1.11532,81.33228,7.489474624877136,2.790026357703995,0
13.00402,23.00867,43.74745,3196.75686,1.10967,81.34484,7.371489949565625,2.7460739617868164,0
13.01046,23.05209,43.8399,3192.38973,1.10074,81.3574,7.256393839481091,2.7031976324194122,0
13.01687,23.09545,43.93134,3188.08875,1.08862,81.36995,7.1443739914623,2.6614672916128224,0
13.02327,23.13876,44.02153,3183.85294,1.07338,81.3825,7.035596437161534,2.6209447905260808,0
13.02965,23.18201,44.11019,3179.68123,1.0551,81.39504,6.930206888266836,2.581684410596885,0
13.03602,23.22521,44.1971,3175.57245,1.03387,81.40758,6.828332120841785,2.5437333792446,0
13.04236,23.26836,44.28201,3171.52534,1.00978,81.42011,6.730081377678307,2.5071323922835678,0
13.04869,23.31145,44.3647,3167.53857,0.98294,81.43263,6.635547770312769,2.471916136210998,0
13.055,23.35449,44.44495,3163.61071,0.95343,81.44515,6.544809664956822,2.438113804502668,0
13.0613,23.39748,44.52255,3159.74029,0.92135,81.45767,6.4579320391031,2.4057496029842462,0
13.06758,23.44042,44.59731,3155.92579,0.8868,81.47018,6.374967797865413,2.374843240202644,0
13.07384,23.48331,44.66903,3152.1656,0.8499,81.48268,6.295959041224412,2.34541039950837,0
13.08008,23.52615,44.73752,3148.45809,0.81074,81.49519,6.220938275264049,2.3174631902729836,0
13.08631,23.56895,44.80262,3144.80159,0.76943,81.50769,6.149929562142269,2.291010576283434,0
13.09253,23.6117,44.86416,3141.19438,0.72608,81.52018,6.082949605055365,2.2660587799198257,0
13.09872,23.6544,44.92198,3137.63471,0.68079,81.53268,6.020008765731944,2.2426116611986995,0
13.1049,23.69706,44.97595,3134.1208,0.63368,81.54517,5.961112013044721,2.22067107115588,0
13.11107,23.73967,45.02593,3130.65083,0.58484,81.55765,5.9062598022763675,2.2002371793961424,0
13.11722,23.78223,45.07178,3127.22298,0.5344,81.57014,5.855448885294932,2.181308775904871,0
13.12335,23.82476,45.11339,3123.83536,0.48246,81.58262,5.808673052469126,2.1638835474310247,0
13.12947,23.86724,45.15066,3120.48611,0.42913,81.5951,5.765923807639161,2.1479583289315367,0
13.13557,23.90967,45.18347,3117.1733,0.37452,81.60758,5.727190977745653,2.1335293306741154,0
13.14165,23.95207,45.21175,3113.89501,0.31874,81.62005,5.692463258978102,2.1205923416919292,0
13.14772,23.99442,45.23542,3110.64929,0.26189,81.63253,5.661728701396773,2.1091429103180044,0
13.15378,24.03673,45.25439,3107.43416,0.20409,81.645,5.634975134050355,2.0991765025527416,0
13.15982,24.079,45.2686,3104.24763,0.14546,81.65747,5.61219053259474,2.0906886390115806,0
13.16585,24.12123,45.27801,3101.08768,0.08608,81.66993,5.593363331304098,2.0836750111573368,0
13.17186,24.16342,45.28257,3097.95229,0.02609,81.6824,5.578482681272943,2.078131577487265,0
13.17785,24.20557,45.28223,3094.83938,-0.03442,81.69486,5.5675386564226175,2.074054640275895,0
13.18383,24.24768,45.27698,3091.74688,-0.09534,81.70732,5.560522408734001,2.0714409034032983,0
13.1898,24.28975,45.26679,3088.67268,-0.15655,81.71978,5.557426273907599,2.0702875117162534,0
13.19575,24.33178,45.25166,3085.61467,-0.21795,81.73224,5.558243828423021,2.0705920722844016,0
13.20168,24.37377,45.23158,3082.57068,-0.27943,81.7447,5.56296989872401,2.0723526578219134,0
13.2076,24.41572,45.20657,3079.53854,-0.34087,81.75716,5.5716005230114,2.075567792454358,0
13.21351,24.45763,45.17663,3076.51605,-0.40217,81.76961,5.584132865899714,2.0802364199260426,0
13.2194,24.49951,45.14179,3073.50097,-0.46323,81.78206,5.600565085938602,2.0863578542482584,0
13.22528,24.54134,45.10209,3070.49106,-0.52392,81.79451,5.6208961558222095,2.093931712722546,0
13.23114,24.58314,45.05758,3067.48402,-0.58414,81.80696,5.645125634886192,2.102957831189842,0
13.23699,24.62489,45.00829,3064.47755,-0.64378,81.81941,5.673253393360323,2.1134361613073227,0
13.24282,24.66661,44.9543,3061.46931,-0.70272,81.83186,5.70527928769197,2.125366649597855,0
13.24864,24.70829,44.89568,3058.45693,-0.76087,81.8443,5.741202786202967,2.138749097997334,0
13.25445,24.74993,44.83249,3055.43802,-0.8181,81.85674,5.781022544276739,2.153583005600705,0
13.26024,24.79153,44.76483,3052.41015,-0.87431,81.86918,5.824735928326855,2.1698673913277298,0
13.26601,24.8331,44.69279,3049.37088,-0.92938,81.88162,5.872338487868192,2.1876005972555994,0
13.27177,24.87462,44.61648,3046.31773,-0.98321,81.89406,5.923823375180941,2.206780072428512,0
13.27752,24.9161,44.53601,3043.24821,-1.03568,81.90649,5.979180712323636,2.2274021370533665,0
13.28325,24.95755,44.45151,3040.15981,-1.08668,81.91892,6.0383969055627755,2.249461727106761,0
13.28897,24.99895,44.36309,3037.04997,-1.1361,81.93135,6.101453907749063,2.272952119550734,0
13.29467,25.04031,44.2709,3033.91616,-1.18383,81.94378,6.168328429727257,2.2978646385621833,0
13.30036,25.08164,44.17509,3030.75581,-1.22977,81.9562,6.238991102512485,2.3241883434214987,0
13.30603,25.12292,44.07582,3027.56633,-1.27379,81.96862,6.313405592782603,2.351909699010195,0
13.31169,25.16416,43.97324,3024.34515,-1.3158,81.98104,6.391527675153053,2.3810122302088845,0
13.31733,25.20536,43.86753,3021.08968,-1.35568,81.99345,6.473304265748623,2.4114761618773297,0
13.32296,25.24651,43.75888,3017.79735,-1.39333,82.00586,6.558672422795056,2.4432780465485213,0
13.32857,25.28762,43.64746,3014.4656,-1.42865,82.01827,6.64755832124022,2.4763903824480877,0
13.33417,25.32869,43.53347,3011.09188,-1.46153,82.03067,6.739876209895221,2.5107812250019146,0
13.33976,25.36972,43.41713,3007.67366,-1.49188,82.04307,6.835527361095849,2.546413795557404,0
13.34533,25.4107,43.29863,3004.20846,-1.51959,82.05546,6.9343990245475435,2.583246091663194,0
13.35088,25.45163,43.1782,3000.69385,-1.54457,82.06785,7.0363633987133465,2.621230503884103,0
13.35642,25.49252,43.05606,2997.12741,-1.56674,82.08024,7.141276634843119,2.660313444775821,0
13.36194,25.53337,42.93244,2993.50684,-1.58599,82.09262,7.2489778904629,2.7004349962847742,0
13.36745,25.57416,42.80758,2989.82986,-1.60226,82.10499,7.359288450847113,2.741528582473418,0
13.37294,25.61491,42.68172,2986.09432,-1.61547,82.11736,7.472010938508927,2.783520675034594,0
13.37842,25.65561,42.55512,2982.29813,-1.62554,82.12972,7.58692863218605,2.8263305395958205,0
13.38388,25.69626,42.42801,2978.43933,-1.6324,82.14208,7.703804917896042,2.869870031222948,0
13.38933,25.73686,42.30066,2974.51608,-1.636,82.15443,7.822382895501802,2.9140434478554575,0
13.39476,25.77741,42.17333,2970.52666,-1.6363,82.16677,7.942385164588322,2.9587474505399136,0
13.40018,25.81791,42.04628,2966.46953,-1.63323,82.1791,8.06351381344608,3.003871059325992,0
13.40558,25.85835,41.91977,2962.34328,-1.62677,82.19143,8.18545063428171,3.049295733438112,0
13.41096,25.89874,41.79408,2958.14669,-1.6169,82.20375,8.307857586574373,3.0948955438878802,0
13.41633,25.93908,41.66946,2953.87873,-1.60359,82.21606,8.430377528437837,3.1405374459257067,0
13.42168,25.97936,41.54618,2949.53857,-1.58685,82.22836,8.552635233283155,3.1860816577744018,0
13.42702,26.01958,41.42451,2945.12558,-1.56666,82.24066,8.674238705435252,3.2313821507309743,0
13.43233,26.05975,41.30471,2940.63938,-1.54307,82.25294,8.794780804209646,3.2762872541779373,0
13.43764,26.09986,41.18703,2936.07982,-1.51608,82.26522,8.913841180831913,3.320640377136779,0
13.44292,26.13991,41.07175,2931.44698,-1.48575,82.27748,9.030988526892777,3.364280845876633,0
13.44819,26.17989,40.9591,2926.74121,-1.45212,82.28974,9.145783126623616,3.407044854704071,0
13.45345,26.21982,40.84932,2921.96313,-1.41526,82.30198,9.257779698396197,3.4487665244965116,0
13.45868,26.25968,40.74267,2917.11361,-1.37525,82.31421,9.366530503673204,3.489279060868095,0
13.4639,26.29949,40.63936,2912.1938,-1.33219,82.32644,9.471588694213711,3.52841600109179,0
13.4691,26.33922,40.53963,2907.20513,-1.28617,82.33865,9.5725118610686,3.566012536193573,0
13.47429,26.37889,40.44367,2902.14929,-1.23733,82.35084,9.668865741916091,3.601906892032449,0
13.47946,26.4185,40.35168,2897.02825,-1.18579,82.36303,9.760228036818715,3.6359417507703293,0
13.48461,26.45804,40.26387,2891.84425,-1.13169,82.3752,9.84619227691935,3.6679656920631007,0
13.48974,26.49751,40.18039,2886.59978,-1.0752,82.38736,9.926371686086044,3.697834631624918,0
13.49486,26.53691,40.10142,2881.29759,-1.01648,82.39951,10.000402972211155,3.7254132335868917,0
13.49996,26.57624,40.0271,2875.94067,-0.95572,82.41164,10.067949983286056,3.7505762724811165,0
13.50504,26.6155,39.95755,2870.53223,-0.89309,82.42376,10.128707163129992,3.773209920590595,0
13.51011,26.65469,39.89291,2865.07569,-0.82882,82.43587,10.182402743464397,3.7932129370809093,0
13.51515,26.69381,39.83325,2859.57467,-0.76309,82.44796,10.228801612403725,3.8104977365885255,0
13.52018,26.73285,39.77868,2854.03297,-0.69614,82.46003,10.267707804544845,3.824991316844618,0
13.52519,26.77183,39.72925,2848.45454,-0.62818,82.4721,10.298966564734497,3.8366360274827427,0
13.53019,26.81072,39.685,2842.84344,-0.55944,82.48414,10.322465945725348,3.84539016520776,0
13.53516,26.84955,39.64598,2837.20387,-0.49015,82.49618,10.338137909380194,3.851228384023372,0
13.54012,26.8883,39.61219,2831.5401,-0.42055,82.50819,10.345958911425726,3.85414191306828,0
13.54506,26.92697,39.58363,2825.85647,-0.35087,82.5202,10.34594996064513,3.854138579,0
13.54998,26.96557,39.56027,2820.15734,-0.28135,82.53218,10.338176154503985,3.8512426313382737,0
13.55489,27.00409,39.54207,2814.44709,-0.21223,82.54415,10.32274570420896,3.845494382603795,0
13.55978,27.04254,39.52897,2808.7301,-0.14373,82.55611,10.299808472645537,3.8369496603315345,0
13.56465,27.08091,39.5209,2803.01068,-0.07609,82.56805,10.269554058306477,3.8256790949486854,0
13.5695,27.11921,39.51777,2797.29312,-0.00953,82.57997,10.232209466857256,3.811767252038513,0
13.57433,27.15742,39.51947,2791.58161,0.05574,82.59188,10.188036419166794,3.795311629510981,0
13.57915,27.19557,39.52587,2785.88024,0.1195,82.60378,10.13732835031676,3.7764215396547534,0
13.58395,27.23363,39.53685,2780.19298,0.18155,82.61566,10.080407158087548,3.755216897862667,0
13.58873,27.27162,39.55225,2774.52366,0.2417,82.62752,10.017619761851693,3.7318269407289897,0
13.59349,27.30953,39.5719,2768.87597,0.29976,82.63937,9.949334533415911,3.7063888964441682,0
13.59824,27.34737,39.59565,2763.25342,0.35557,82.6512,9.875937660559398,3.679046630117166,0
13.60297,27.38513,39.62329,2757.65935,0.40897,82.66302,9.79782950165622,3.649949285776384,0
13.60768,27.42282,39.65463,2752.09692,0.45979,82.67482,9.715420986236124,3.6192499454838605,0
13.61238,27.46043,39.68947,2746.56908,0.50791,82.6866,9.629130111675735,3.587104324260561,0
13.61706,27.49797,39.7276,2741.07858,0.55321,82.69838,9.539378580753038,3.5536695174869517,0
13.62172,27.53544,39.76879,2735.62798,0.59556,82.71013,9.446588618740625,3.5191028151864914,0
13.62636,27.57283,39.81283,2730.21961,0.63487,82.72188,9.351180002273384,3.483560595200662,0
13.63099,27.61015,39.85947,2724.85561,0.67106,82.73361,9.253567325614892,3.4471973048012763,0
13.6356,27.6474,39.90849,2719.53789,0.70404,82.74532,9.154157523423278,3.4101645378555854,0
13.6402,27.68457,39.95964,2714.26817,0.73376,82.75702,9.053347662793513,3.3726102123039285,0
13.64478,27.72168,40.01269,2709.04796,0.76017,82.76871,8.951523011366785,3.33467785047965,0
13.64934,27.75872,40.06738,2703.87857,0.78323,82.78039,8.849055382862144,3.296505962776103,0
13.65389,27.79568,40.12349,2698.76112,0.80292,82.79205,8.746301756506426,3.258227533347975,0
13.65842,27.83258,40.18076,2693.69651,0.81921,82.8037,8.64360316250357,3.219969604919276,0
13.66293,27.86941,40.23895,2688.6855,0.83211,82.81534,8.541283822151915,3.181852958454413,0
13.66743,27.90617,40.29782,2683.72865,0.84161,82.82696,8.439650528244222,3.143991882340894,0
13.67192,27.94287,40.35713,2678.82635,0.84775,82.83857,8.338992249081237,3.1064940248739603,0
13.67639,27.9795,40.41664,2673.97883,0.85053,82.85017,8.239579937789614,3.069460323222497,0
13.68084,28.01607,40.47613,2669.18618,0.85,82.86176,8.141666527510461,3.0329850016366393,0
13.68528,28.05257,40.53536,2664.44831,0.8462,82.87334,8.045487092425756,2.9971556314343446,0
13.6897,28.08901,40.5941,2659.76504,0.83917,82.8849,7.951259154499083,2.9620532452703987,0
13.69411,28.12539,40.65215,2655.13601,0.82898,82.89646,7.859183116020985,2.927752498270929,0
13.6985,28.16171,40.70927,2650.56078,0.81568,82.908,7.769442799,2.8943218688478303,0
13.70288,28.19796,40.76528,2646.03877,0.79935,82.91954,7.682206070616513,2.861823892311449,0
13.70725,28.23416,40.81995,2641.5693,0.78007,82.93106,7.597625544286019,2.8303154208057553,0
13.71159,28.27029,40.8731,2637.15157,0.7579,82.94258,7.5158393285422,2.7998479035163344,0
13.71593,28.30637,40.92454,2632.78473,0.73294,82.95408,7.436971820415142,2.7704676816099765,0
13.72025,28.34239,40.97408,2628.46779,0.70528,82.96558,7.361134522780679,2.7422162928417477,0
13.72456,28.37835,41.02154,2624.19971,0.67502,82.97706,7.288426875820773,2.715130781295855,0
13.72885,28.41425,41.06677,2619.97938,0.64224,82.98854,7.218937091415407,2.6892440082185884,0
13.73313,28.4501,41.10959,2615.80558,0.60705,83.00001,7.1527429809517376,2.6645849603990044,0
13.7374,28.4859,41.14986,2611.67706,0.56956,83.01147,7.089912768259414,2.6411790530087242,0
13.74165,28.52164,41.18743,2607.5925,0.52987,83.02292,7.03050588060309,2.619048424267456,0
13.74589,28.55732,41.22216,2603.5505,0.48809,83.03436,6.974573711705735,2.5982122196892563,0
13.75011,28.59295,41.25392,2599.54963,0.44433,83.0458,6.922160351824809,2.5786868640551144,0
13.75432,28.62853,41.2826,2595.58841,0.3987,83.05722,6.873303280755153,2.5604863195747605,0
13.75852,28.66406,41.30807,2591.66529,0.35132,83.06864,6.8280340204755605,2.5436223290146884,0
13.76271,28.69953,41.33024,2587.7787,0.3023,83.08005,6.786378744856965,2.5281046428304976,0
13.76688,28.73495,41.349,2583.927,0.25177,83.09146,6.748358844443358,2.513941229562643,0
13.77104,28.77032,41.36427,2580.10853,0.19983,83.10285,6.713991444885283,2.501138468966556,0
13.77519,28.80565,41.37597,2576.32159,0.14662,83.11424,6.683289878011519,2.489701327499237,0
13.77932,28.84092,41.38403,2572.56443,0.09224,83.12563,6.656264104927554,2.479633515934574,0
13.78344,28.87614,41.38838,2568.83528,0.03683,83.137,6.632921090825965,2.470937628990066,0
13.78755,28.91131,41.38897,2565.13232,-0.0195,83.14837,6.613265131421505,2.463615266932487,0
13.79164,28.94643,41.38575,2561.45371,-0.07663,83.15973,6.597298131137794,2.457667139209743,0
13.79573,28.98151,41.37868,2557.79759,-0.13442,83.17108,6.585019833309976,2.4530931502074216,0
13.7998,29.01653,41.36773,2554.16203,-0.19277,83.18243,6.576428002766625,2.449892467265357,0
13.80385,29.05151,41.35289,2550.54511,-0.25154,83.19377,6.571518561246533,2.4480635711239414,0
13.8079,29.08644,41.33414,2546.94486,-0.31061,83.2051,6.570285676153375,2.4476042889875815,0
13.81193,29.12132,41.31147,2543.35929,-0.36986,83.21643,6.572721803201516,2.448511810411374,0
13.81595,29.15615,41.28489,2539.78638,-0.42916,83.22775,6.5788176835174825,2.4507826862213355,0
13.81996,29.19094,41.2544,2536.22409,-0.48839,83.23906,6.588562295813358,2.4544128106977303,0
13.82395,29.22567,41.22004,2532.67034,-0.54742,83.25037,6.6019427642691335,2.4593973872588197,0
13.82794,29.26036,41.18182,2529.12306,-0.60614,83.26167,6.618944222821853,2.4657308779050044,0
13.83191,29.29501,41.13979,2525.58011,-0.6644,83.27296,6.639549636584288,2.473406936692577,0
13.83587,29.3296,41.09398,2522.03937,-0.7221,83.28425,6.663739581261178,2.482418327560469,0
13.83981,29.36415,41.04445,2518.49867,-0.77911,83.29553,6.6914919814758616,2.492756826850036,0
13.84375,29.39865,40.99126,2514.95585,-0.8353,83.3068,6.722781809129312,2.5044131109358605,0
13.84767,29.43311,40.93449,2511.40871,-0.89056,83.31807,6.757580743062041,2.517376629440858,0
13.85158,29.46751,40.87419,2507.85504,-0.94475,83.32932,6.795856791518993,2.53163546459452,0
13.85548,29.50187,40.81046,2504.29264,-0.99777,83.34058,6.837573879245942,2.5471761774154467,0
13.85937,29.53618,40.7434,2500.71927,-1.04948,83.35182,6.882691401283998,2.563983641488073,0
13.86324,29.57045,40.67309,2497.1327,-1.09977,83.36306,6.931163746016952,2.5820408652852462,0
13.8671,29.60466,40.59965,2493.53069,-1.14853,83.37429,6.9829397903826,2.601328804121167,0
13.87095,29.63883,40.52319,2489.91102,-1.19563,83.38551,7.037962370699065,2.621826163020269,0
13.87479,29.67295,40.44383,2486.27145,-1.24096,83.39673,7.0961677330925745,2.643509191987106,0
13.87861,29.70702,40.36169,2482.60975,-1.28441,83.40794,7.157484968132415,2.666351475392999,0
13.88243,29.74104,40.27693,2478.92373,-1.32586,83.41914,7.221835434910434,2.690323717430493,0
13.88623,29.77501,40.18967,2475.21118,-1.36522,83.43033,7.289132180515304,2.7153935258522517,0
13.89002,29.80893,40.10006,2471.46995,-1.40236,83.44151,7.359279361584336,2.7415251964838805,0
13.8938,29.8428,40.00826,2467.6979,-1.4372,83.45269,7.4321716753486395,2.7686795012732865,0
13.89756,29.87662,39.91444,2463.89292,-1.46963,83.46386,7.507693808375604,2.796813482932743,0
13.90131,29.91039,39.81874,2460.05297,-1.49955,83.47501,7.5857199119543575,2.8258802595061714,0
13.90505,29.9441,39.72136,2456.17602,-1.52688,83.48616,7.666113113766999,2.8558288424538256,0
13.90878,29.97777,39.62246,2452.26013,-1.55153,83.49731,7.748725076235761,2.8866039721249916,0
13.9125,30.01138,39.52223,2448.30342,-1.57342,83.50844,7.833395612433326,2.9181459746744705,0
13.9162,30.04494,39.42085,2444.30407,-1.59247,83.51956,7.919952371028653,2.9503906446966153,0
13.91989,30.07845,39.31851,2440.26035,-1.6086,83.53067,8.008210602045148,2.983269157964078,0
13.92357,30.1119,39.21541,2436.17061,-1.62177,83.54177,8.09797301541282,3.016708018734774,0
13.92724,30.14529,39.11173,2432.03332,-1.6319,83.55287,8.18902974428813,3.0506290460875554,0
13.93089,30.17864,39.00769,2427.84702,-1.63895,83.56395,8.281158424899983,3.084949403666948,0
13.93453,30.21192,38.90348,2423.61041,-1.64288,83.57502,8.37412440415688,3.119581677022271,0
13.93816,30.24515,38.79931,2419.32229,-1.64365,83.58608,8.467681085480248,3.1544340024396615,0
13.94177,30.27832,38.69537,2414.98158,-1.64123,83.59713,8.561570422281505,3.1894102507752593,0
13.94538,30.31143,38.59187,2410.58738,-1.63562,83.60817,8.655523567000765,3.224410269239199,0
13.94897,30.34449,38.48902,2406.1389,-1.62679,83.6192,8.749261682001006,3.259330183475033,0
13.95255,30.37748,38.38702,2401.63554,-1.61477,83.63021,8.842496916428615,3.294062761465977,0
13.95611,30.41042,38.28606,2397.07683,-1.59955,83.64121,8.934933550833787,3.3284978399361314,0
13.95966,30.44329,38.18635,2392.46252,-1.58116,83.6522,9.026269308620936,3.362522812900266,0
13.9632,30.4761,38.08808,2387.79249,-1.55964,83.66318,9.11619683046362,3.3960231809221693,0
13.96673,30.50885,37.99144,2383.06683,-1.53503,83.67414,9.204405304657124,3.428883158463886,0
13.97024,30.54154,37.89663,2378.2858,-1.50738,83.6851,9.290582243071603,3.460986335474995,0
13.97374,30.57416,37.80382,2373.44988,-1.47677,83.69603,9.374415388998608,3.4922163881156263,0
13.97723,30.60672,37.71318,2368.5597,-1.44328,83.70696,9.455594739790541,3.522457832242891,0
13.9807,30.63921,37.6249,2363.61612,-1.40699,83.71787,9.533814663949512,3.551596812082177,0
13.98416,30.67164,37.53912,2358.62018,-1.36802,83.72876,9.608776089224845,3.5795219153510414,0
13.98761,30.70399,37.45602,2353.57311,-1.32646,83.73964,9.680188735564697,3.6061250050924465,0
13.99105,30.73629,37.37572,2348.47633,-1.28245,83.75051,9.747773364339247,3.631302057569572,0
13.99447,30.76851,37.29838,2343.33145,-1.23611,83.76136,9.811264013480292,3.654953994914131,0
13.99788,30.80066,37.22411,2338.14024,-1.18761,83.7722,9.87041018682009,3.6769875007126864,0
14.00127,30.83275,37.15303,2332.90468,-1.13708,83.78302,9.924978965385987,3.6973158065194602,0
14.00465,30.86476,37.08526,2327.62689,-1.08469,83.79382,9.974757008414999,3.7158594372869045,0
14.00802,30.89671,37.02087,2322.30914,-1.03062,83.80461,10.01955241275673,3.7325469040422226,0
14.01137,30.92858,36.95997,2316.95386,-0.97505,83.81539,10.059196400872864,3.747315332711587,0
14.01471,30.96038,36.90261,2311.56362,-0.91815,83.82614,10.093544809991636,3.760111018869366,0
14.01804,30.99211,36.84887,2306.14109,-0.86013,83.83688,10.122479357973264,3.7708898993062987,0
14.02135,31.02377,36.79877,2300.68907,-0.80118,83.84761,10.14590866506013,3.779617932658327,0
14.02465,31.05535,36.75236,2295.21043,-0.7415,83.85832,10.163769014923714,3.7862713829165995,0
14.02794,31.08686,36.70967,2289.70815,-0.6813,83.86901,10.17602484292858,3.7908370013186548,0
14.03121,31.11829,36.67069,2284.18524,-0.62079,83.87968,10.182668944502149,3.7933121039716426,0
14.03447,31.14965,36.63542,2278.64479,-0.56017,83.89034,10.183722401537091,3.7937045444352813,0
14.03772,31.18094,36.60385,2273.08991,-0.49965,83.90098,10.179234229804472,3.7920325823739747,0
14.04095,31.21215,36.57594,2267.52373,-0.43945,83.9116,10.169280755382472,3.7883246512601065,0
14.04417,31.24328,36.55166,2261.94937,-0.37976,83.9222,10.153964732744855,3.782619029838785,0
14.04738,31.27434,36.53094,2256.36996,-0.32079,83.93279,10.133414221535565,3.774963423696832,0
14.05057,31.30533,36.51373,2250.78858,-0.26274,83.94336,10.10778124283383,3.7654144646861756,0
14.05375,31.33624,36.49995,2245.20829,-0.2058,83.95392,10.077240239060002,3.754037137198252,0
14.05691,31.36707,36.48951,2239.63209,-0.15017,83.96445,10.041986364164146,3.740904141214271,0
14.06006,31.39783,36.48231,2234.06289,-0.09602,83.97497,10.002233632799594,3.7260952028236636,0
14.0632,31.42851,36.47824,2228.50356,-0.04353,83.98547,9.95821295828067,3.70969634331171,0
14.06633,31.45912,36.47719,2222.95685,0.00713,83.99596,9.910170109725614,3.6917991181415273,0
14.06944,31.48965,36.47902,2217.42542,0.05581,84.00643,9.858363618549207,3.6724998370674955,0
14.07254,31.52011,36.48362,2211.91183,0.10235,84.01688,9.803062663759933,3.6518987763527977,0
14.07562,31.55049,36.49083,2206.41851,0.14661,84.02731,9.744544964060891,3.630099393521563,0
14.0787,31.5808,36.50051,2200.94777,0.18847,84.03773,9.683094702960268,3.607207554407901,0
14.08176,31.61103,36.5125,2195.5018,0.22781,84.04813,9.619000510836834,3.583330781422232,0
14.0848,31.64119,36.52664,2190.08265,0.26451,84.05851,9.552553525265889,3.5585775309716428,0
14.08784,31.67128,36.54277,2184.69224,0.29847,84.06888,9.484045548162337,3.5330565069472066,0
14.09086,31.70129,36.56073,2179.33235,0.32961,84.07923,9.413767315314228,3.506876016079692,0
14.09387,31.73123,36.58033,2174.00461,0.35786,84.08956,9.342006890880645,3.48014336984778,0
14.09687,31.7611,36.6014,2168.71051,0.38314,84.09988,9.26904819643194,3.4529643365068536,0
14.09985,31.79089,36.62377,2163.4514,0.4054,84.11018,9.195169681237624,3.425442645736246,0
14.10282,31.82062,36.64726,2158.22851,0.42459,84.12047,9.120643137743015,3.3976795473731287,0
14.10578,31.85027,36.67169,2153.04289,0.44069,84.13074,9.04573266362773,3.3697734247519877,0
14.10873,31.87986,36.69688,2147.89549,0.45366,84.141,8.970693769535687,3.3418194623105717,0
14.11166,31.90937,36.72265,2142.7871,0.4635,84.15124,8.89577262945743,3.313909366337584,0
14.11458,31.93881,36.74883,2137.71839,0.4702,84.16146,8.821205469024145,3.286131137096114,0
14.11749,31.96819,36.77522,2132.68988,0.47376,84.17168,8.747218085403489,3.258568889972196,0
14.12039,31.9975,36.80167,2127.70201,0.4742,84.18187,8.674025491270836,3.231302722844727,0
14.12328,32.02674,36.828,2122.75504,0.47154,84.19205,8.601831674368393,3.2044086265149225,0
14.12616,32.05591,36.85402,2117.84916,0.46581,84.20222,8.53082946345756,3.177958434770033,0
14.12902,32.08502,36.87959,2112.98442,0.45706,84.21238,8.461200490953047,3.152019810463575,0
14.13187,32.11406,36.90454,2108.16077,0.44533,84.22252,8.393115242323287,3.126656263918282,0
14.13471,32.14304,36.9287,2103.37805,0.43068,84.23264,8.326733182192372,3.101927199902396,0
14.13754,32.17195,36.95192,2098.636,0.41316,84.24276,8.262202947241052,3.0778879894903617,0
14.14036,32.20079,36.97405,2093.93428,0.39284,84.25286,8.199662596171382,3.054590063181238,0
14.14316,32.22958,36.99494,2089.27242,0.3698,84.26294,8.139239907368946,3.032081021785706,0
14.14596,32.2583,37.01445,2084.6499,0.34411,84.27302,8.081052715345574,3.0104047617598364,0
14.14874,32.28696,37.03246,2080.0661,0.31587,84.28308,8.02520927750268,2.9896016118340785,0
14.15152,32.31555,37.04881,2075.52032,0.28515,84.29313,7.971808663380239,2.9697084780187493,0
14.15428,32.34409,37.0634,2071.01179,0.25207,84.30316,7.92094115906803,2.9507589942578627,0
14.15703,32.37256,37.07611,2066.53965,0.2167,84.31319,7.872688680120058,2.932783676250612,0
14.15977,32.40097,37.08682,2062.103,0.17916,84.3232,7.827125186904032,2.9158100761799837,0
14.1625,32.42933,37.09542,2057.70084,0.13955,84.3332,7.784317096914129,2.899862936310109,0
14.16522,32.45762,37.10182,2053.33214,0.09798,84.34318,7.744323689168713,2.884964339635053,0
14.16793,32.48585,37.10592,2048.99578,0.05457,84.35316,7.707197496384775,2.871133855974113,0
14.17063,32.51403,37.10764,2044.69062,0.00942,84.36313,7.672984681156785,2.8583886821083406,0
14.17332,32.54215,37.10691,2040.41542,-0.03734,84.37308,7.641725392873617,2.8467437747414857,0
14.176,32.57021,37.10363,2036.16894,-0.08559,84.38302,7.613454102572824,2.836211975242024,0
14.17867,32.59821,37.09776,2031.94985,-0.13521,84.39295,7.588199913390296,2.8268041252938234,0
14.18132,32.62615,37.08923,2027.75679,-0.18608,84.40287,7.565986844650675,2.818529172727301,0
14.18397,32.65404,37.07799,2023.58837,-0.23806,84.41278,7.546834088018383,2.811394266942416,0
14.18661,32.68187,37.06399,2019.44312,-0.29104,84.42268,7.530756234488304,2.805404843468675,0
14.18924,32.70965,37.0472,2015.31958,-0.34488,84.43256,7.51776347127395,2.800564697311153,0
14.19185,32.73737,37.02759,2011.21621,-0.39946,84.44244,7.507861747975931,2.7968760448526218,0
14.19446,32.76503,37.00513,2007.13145,-0.45464,84.4523,7.501052911662394,2.794339574174564,0
14.19706,32.79264,36.97981,2003.06373,-0.51029,84.46216,7.497334810710477,2.7929544837408513,0
14.19964,32.8202,36.95161,1999.01141,-0.56628,84.472,7.496701367547352,2.792718509495694,0
14.20222,32.84769,36.92054,1994.97284,-0.62248,84.48184,7.499142620597015,2.793627940489927,0
14.20479,32.87514,36.88659,1990.94635,-0.67875,84.49166,7.504644735972636,2.795677623236714,0
14.20735,32.90253,36.84979,1986.93022,-0.73496,84.50147,7.513189989652639,2.798860955071671,0
14.2099,32.92986,36.81014,1982.92275,-0.79099,84.51127,7.524756721095998,2.803169866873344,0
14.21244,32.95714,36.76767,1978.92217,-0.84669,84.52106,7.539319259437727,2.8085947955690815,0
14.21496,32.98436,36.72242,1974.92673,-0.90194,84.53084,7.556847823640386,2.8151246469388536,0
14.21748,33.01153,36.67442,1970.93465,-0.95661,84.54061,7.577308398183876,2.82274674930642,0
14.21999,33.03865,36.62372,1966.94413,-1.01056,84.55037,7.600662586104582,2.8314467987925487,0
14.22249,33.06571,36.57037,1962.95337,-1.06367,84.56012,7.626867441436167,2.841208796894805,0
14.22499,33.09272,36.51443,1958.96056,-1.11581,84.56986,7.655875283357765,2.852014981252856,0
14.22747,33.11967,36.45595,1954.96389,-1.16685,84.57958,7.687633494618859,2.863845750556442,0
14.22994,33.14657,36.39502,1950.96154,-1.21668,84.5893,7.7220843070766385,2.876679584652395,0
14.2324,33.17341,36.3317,1946.95171,-1.26516,84.599,7.759164577459816,2.890492961010761,0
14.23485,33.2002,36.26608,1942.93257,-1.31218,84.6087,7.798805556808664,2.905260268835146,0
14.2373,33.22693,36.19825,1938.90235,-1.35762,84.61838,7.840932657270038,2.9209537221877317,0
14.23973,33.25361,36.1283,1934.85925,-1.40136,84.62805,7.885465220286988,2.9375432736337967,0
14.24215,33.28024,36.05633,1930.80151,-1.44331,84.63771,7.932316290473745,2.9549965300042116,0
14.24457,33.3068,35.98244,1926.7274,-1.48334,84.64736,7.98139239979822,2.973278671997728,0
14.24698,33.33332,35.90674,1922.63519,-1.52135,84.657,8.032593366895478,2.9923523794199807,0
14.24937,33.35977,35.82934,1918.5232,-1.55725,84.66663,8.085812116657346,3.0121777639758567,0
14.25176,33.38617,35.75037,1914.38979,-1.59093,84.67624,8.140934525407893,3.0327123115932983,0
14.25413,33.41251,35.66993,1910.23335,-1.62232,84.68585,8.197839297129986,3.053910836314433,0
14.2565,33.4388,35.58817,1906.05233,-1.65131,84.69544,8.256397876371905,3.075725447850997,0
14.25886,33.46503,35.5052,1901.84523,-1.67783,84.70502,8.316474403488916,3.0981055349106463,0
14.26121,33.4912,35.42116,1897.61059,-1.70181,84.71459,8.377925717817563,3.1209977663794572,0
14.26355,33.51732,35.33618,1893.34704,-1.72317,84.72414,8.440601414340346,3.144346112431019,0
14.26588,33.54337,35.2504,1889.05326,-1.74186,84.73368,8.504343959154303,3.1680918875415105,0
14.2682,33.56937,35.16396,1884.72802,-1.75782,84.74321,8.568988868733141,3.1921738172695675,0
14.27051,33.59531,35.07701,1880.37017,-1.771,84.75273,8.634364957603756,3.216528130522294,0
14.27281,33.62119,34.98967,1875.97862,-1.78136,84.76223,8.700294658475336,3.2410886788117907,0
14.2751,33.64701,34.90211,1871.5524,-1.78886,84.77172,8.766594418213726,3.2657870837660083,0
14.27738,33.67277,34.81445,1867.09063,-1.79349,84.7812,8.833075172282548,3.2905529138705583,0
14.27966,33.69846,34.72685,1862.59253,-1.79523,84.79067,8.89954289932226,3.3153138910640036,0
14.28192,33.7241,34.63945,1858.05742,-1.79407,84.80012,8.965799256583354,3.33999612745344,0
14.28417,33.74968,34.55239,1853.48474,-1.79001,84.80955,9.03164229571694,3.3645243919653267,0
14.28642,33.77519,34.46581,1848.87404,-1.78306,84.81898,9.096867257282861,3.3888224063206565,0
14.28865,33.80064,34.37985,1844.22501,-1.77325,84.82838,9.161267440945347,3.412813169205745,0
14.29088,33.82602,34.29465,1839.53741,-1.7606,84.83778,9.224635147050256,3.436419307034516,0
14.29309,33.85135,34.21034,1834.81119,-1.74515,84.84716,9.286762683810736,3.4595634491516685,0
14.2953,33.87661,34.12706,1830.04638,-1.72696,84.85652,9.347443432988465,3.4821686248269743,0
14.29749,33.9018,34.04493,1825.24316,-1.70608,84.86587,9.406472965574284,3.5041586788756702,0
14.29968,33.92693,33.96408,1820.40183,-1.68258,84.8752,9.46365019765062,3.525458702247623,0
14.30185,33.95199,33.88461,1815.52282,-1.65655,84.88452,9.518778575423987,3.54599547348312,0
14.30402,33.97699,33.80666,1810.6067,-1.62806,84.89382,9.57166727736621,3.5656979065420975,0
14.30618,34.00192,33.73033,1805.65416,-1.59722,84.90311,9.622132420433077,3.584497500152333,0
14.30832,34.02678,33.65571,1800.66602,-1.56414,84.91238,9.669998256682227,3.6023287835810898,0
14.31046,34.05158,33.5829,1795.64323,-1.52893,84.92164,9.715098346076386,3.619129753535184,0
14.31259,34.0763,33.512,1790.58683,-1.49171,84.93088,9.757276691044781,3.6348422968149596,0
14.31471,34.10096,33.44309,1785.49803,-1.45262,84.9401,9.796388818390856,3.649412593353378,0
14.31681,34.12555,33.37624,1780.3781,-1.41181,84.94931,9.832302794465798,3.662791494394875,0
14.31891,34.15007,33.31152,1775.22844,-1.3694,84.9585,9.864900160066261,3.6749348707693574,0
14.321,34.17452,33.24898,1770.05055,-1.32557,84.96767,9.894076772456208,3.6858039265674862,0
14.32308,34.1989,33.18869,1764.84603,-1.28047,84.97682,9.91974354296497,3.6953654739153756,0
14.32515,34.22321,33.13068,1759.61656,-1.23426,84.98596,9.941827060069272,3.7035921650890335,0
14.3272,34.24745,33.07499,1754.36389,-1.18711,84.99508,9.96027008938499,3.7104626787744457,0
14.32925,34.27161,33.02165,1749.08985,-1.13921,85.00419,9.97503194383956,3.7159618579665397,0
14.33129,34.29571,32.97067,1743.79634,-1.09071,85.01327,9.986088719196342,3.7200807977082087,0
14.33332,34.31973,32.92207,1738.4853,-1.04181,85.02234,9.993433392100323,3.7228168816149165,0
14.33534,34.34368,32.87584,1733.15872,-0.99268,85.03139,9.99707577993138,3.7241737669189767,0
14.33735,34.36756,32.83199,1727.81863,-0.9435,85.04043,9.99704236378554,3.7241613185254203,0
14.33935,34.39136,32.79048,1722.46708,-0.89446,85.04944,9.993375977970345,3.7227954933408434,0
14.34134,34.41509,32.75131,1717.10614,-0.84573,85.05844,9.986135371306657,3.720098176846792,0
14.34332,34.43875,32.71444,1711.73789,-0.7975,85.06742,9.975394647352514,3.716096974568419,0
14.34529,34.46234,32.67982,1706.36442,-0.74993,85.07639,9.961242592282437,3.710824961691835,0
14.34725,34.48585,32.64742,1700.98778,-0.7032,85.08533,9.943781900576393,3.704320394612886,0
14.3492,34.50929,32.61718,1695.61003,-0.65748,85.09426,9.923128309862708,3.696626388643361,0
14.35114,34.53265,32.58903,1690.2332,-0.61294,85.10317,9.899409657176648,3.6877905664424913,0
14.35307,34.55595,32.56291,1684.85928,-0.56972,85.11206,9.87276486962723,3.67786468201378,0
14.35499,34.57916,32.53874,1679.49023,-0.52799,85.12093,9.843342902785714,3.6669042252267765,0
14.35691,34.60231,32.51645,1674.12794,-0.4879,85.12979,9.811301640353404,3.6549680119143884,0
14.35881,34.62538,32.49595,1668.77427,-0.44957,85.13863,9.776806768474167,3.642117764524669,0
14.3607,34.64838,32.47714,1663.431,-0.41315,85.14745,9.74003063779344,3.6284176882078634,0
14.36259,34.67131,32.45993,1658.09987,-0.37876,85.15625,9.701151125779544,3.6139340470011585,0
14.36446,34.69416,32.44422,1652.78254,-0.34652,85.16503,9.660350511102791,3.598734744505286,0
14.36633,34.71694,32.42991,1647.48057,-0.31652,85.1738,9.617814370944767,3.5828889131032176,0
14.36818,34.73965,32.41688,1642.19548,-0.28888,85.18255,9.573730511156032,3.566466515415754,0
14.37003,34.76228,32.40503,1636.92868,-0.26368,85.19128,9.528287937995763,3.5495379612474935,0
14.37186,34.78485,32.39424,1631.68152,-0.241,85.2,9.481675879037342,3.5321737428483986,0
14.37369,34.80734,32.3844,1626.45525,-0.22092,85.2087,9.434082859611399,3.51444409086453,0
14.37551,34.82976,32.37539,1621.25103,-0.2035,85.21738,9.385695839918382,3.496418652889769,0
14.37732,34.85211,32.36709,1616.06993,-0.18878,85.22605,9.336699416729337,3.4781661960783685,0
14.37912,34.87439,32.35937,1610.91295,-0.17683,85.23469,9.287275092446805,3.459754334850887,0
14.38091,34.89659,32.35213,1605.78097,-0.16765,85.24332,9.237600613156213,3.4412492843009295,0
14.3827,34.91873,32.34524,1600.6748,-0.1613,85.25194,9.18784937628348,3.422715639532013,0
14.38447,34.9408,32.33857,1595.59516,-0.15777,85.26054,9.138189907509954,3.404216180794613,0
14.38624,34.9628,32.33202,1590.54267,-0.15708,85.26912,9.08878540574795,3.3858117039775903,0
14.38799,34.98473,32.32545,1585.51786,-0.15923,85.27769,9.039793354205537,3.367560875719585,0
14.38974,35.00659,32.31876,1580.52119,-0.1642,85.28624,8.99136519495028,3.3495201121754428,0
14.39148,35.02838,32.31182,1575.553,-0.17198,85.29477,8.943646063800877,3.3317434802563852,0
14.39321,35.0501,32.30453,1570.61359,-0.18254,85.30329,8.89677458192719,3.314282619995526,0
14.39493,35.07176,32.29678,1565.70314,-0.19585,85.31179,8.850882700243995,3.297186686580457,0
14.39664,35.09335,32.28844,1560.82176,-0.21186,85.32028,8.806095592340473,3.2805023104666633,0
14.39835,35.11487,32.27943,1555.96948,-0.23053,85.32875,8.762531591588925,3.2642735739488673,0
14.40004,35.13633,32.26963,1551.14627,-0.2518,85.33721,8.720302167953935,3.2485420025218255,0
14.40173,35.15772,32.25894,1546.35199,-0.27561,85.34565,8.679511940010855,3.233346569357538,0
14.40341,35.17904,32.24728,1541.58645,-0.30189,85.35408,8.640258717700204,3.2187237112323825,0
14.40509,35.2003,32.23455,1536.84939,-0.33056,85.36249,8.602633571469182,3.204707354284149,0
14.40675,35.2215,32.22065,1532.14048,-0.36154,85.37088,8.566720923575689,3.1913289480251876,0
14.4084,35.24263,32.20552,1527.4593,-0.39475,85.37927,8.532598657519893,3.1786175061085493,0
14.41005,35.26369,32.18906,1522.80541,-0.43009,85.38764,8.500338241745563,3.1665996524099875,0
14.41169,35.2847,32.1712,1518.17826,-0.46747,85.39599,8.470004864039957,3.155299671095447,0
14.41332,35.30564,32.15187,1513.57727,-0.5068,85.40433,8.441657573278725,3.14473955942478,0
14.41495,35.32651,32.13101,1509.0018,-0.54795,85.41265,8.415349425412488,3.134939082135576,0
14.41656,35.34732,32.10856,1504.45114,-0.59083,85.42097,8.391127630925727,3.125915826375488,0
14.41817,35.36808,32.08446,1499.92455,-0.63533,85.42926,8.369033701218795,3.1176852562333788,0
14.41977,35.38876,32.05865,1495.42122,-0.68132,85.43755,8.349103591658775,3.1102607660295285,0
14.42136,35.40939,32.03109,1490.9403,-0.72869,85.44582,8.331367839364647,3.103653731644238,0
14.42295,35.42996,32.00175,1486.48089,-0.77731,85.45408,8.315851694001337,3.0978735592420494,0
14.42453,35.45046,31.97059,1482.04205,-0.82707,85.46232,8.302575240174253,3.0929277308669376,0
14.4261,35.4709,31.93756,1477.6228,-0.87784,85.47055,8.29155351027372,3.088821846479821,0
14.42766,35.49129,31.90266,1473.22211,-0.92949,85.47876,8.282796586861373,3.0855596621002004,0
14.42921,35.51161,31.86586,1468.83892,-0.9819,85.48697,8.27630969394648,3.083143123808978,0
14.43076,35.53187,31.82715,1464.47215,-1.03492,85.49516,8.272093276753974,3.081572397464156,0
14.4323,35.55207,31.78651,1460.12066,-1.08843,85.50333,8.27014306979422,3.080845894058614,0
14.43383,35.57221,31.74394,1455.78331,-1.14231,85.5115,8.270450153300345,3.080960290744499,0
14.43536,35.5923,31.69944,1451.4589,-1.1964,85.51964,8.273000998294775,3.0819105476216957,0
14.43688,35.61232,31.65302,1447.14622,-1.25059,85.52778,8.277777500778928,3.0836899204743866,0
14.43839,35.63228,31.60469,1442.84406,-1.30474,85.53591,8.284757005707633,3.0862899697021566,0
14.43989,35.65218,31.55447,1438.55115,-1.35872,85.54402,8.293912321671845,3.0897005657896863,0
14.44139,35.67203,31.50237,1434.26623,-1.4124,85.55211,8.305211727323258,3.093909891700093,0
14.44288,35.69181,31.44842,1429.98802,-1.46564,85.5602,8.31861897082621,3.0989044426707504,0
14.44436,35.71154,31.39265,1425.71523,-1.51832,85.56827,8.334093263762012,3.1046690239424874,0
14.44583,35.73121,31.3351,1421.44655,-1.57031,85.57633,8.351589271083817,3.1111867470175185,0
14.4473,35.75082,31.27581,1417.18068,-1.62149,85.58437,8.371057098878408,3.118439025100381,0
14.44876,35.77037,31.21482,1412.9163,-1.67172,85.5924,8.392442281832926,3.1264055684289667,0
14.45021,35.78986,31.15217,1408.65212,-1.7209,85.60042,8.41568577245806,3.135064380259874,0
14.45166,35.80929,31.08792,1404.38681,-1.76889,85.60843,8.44072393420724,3.144391754305128,0
14.4531,35.82866,31.02214,1400.11909,-1.8156,85.61642,8.467488540769464,3.1543622744687387,0
14.45453,35.84798,30.95487,1395.84767,-1.8609,85.6244,8.49590678387468,3.164948817754409,0
14.45596,35.86723,30.88618,1391.57127,-1.90468,85.63236,8.525901292008212,3.1761225612371566,0
14.45738,35.88643,30.81613,1387.28864,-1.94685,85.64032,8.55739016251722,3.1878529940238094,0
14.45879,35.90557,30.74481,1382.99853,-1.98731,85.64826,8.590287009560148,3.2001079351154385,0
14.46019,35.92464,30.67228,1378.69976,-2.02595,85.65618,8.624501030341797,3.212853558081669,0
14.46159,35.94366,30.59862,1374.39112,-2.06269,85.66409,8.659937092061073,3.226054423450998,0
14.46298,35.96262,30.5239,1370.07147,-2.09745,85.67199,8.696495841883387,3.239673519678409,0
14.46436,35.98152,30.44821,1365.73971,-2.13014,85.67988,8.734073842139495,3.2536723135105023,0
14.46574,36.00036,30.37164,1361.39474,-2.1607,85.68775,8.772563732821208,3.2680108105194146,0
14.46711,36.01914,30.29426,1357.03555,-2.18905,85.69561,8.811854423203286,3.2826476264870217,0
14.46847,36.03786,30.21616,1352.66115,-2.21514,85.70345,8.85183131420059,3.2975400702388242,0
14.46983,36.05652,30.13744,1348.27061,-2.23892,85.71128,8.892376552814579,3.312644238431968,0
14.47118,36.07511,30.05818,1343.86304,-2.26033,85.71909,8.933369319635375,3.327915122657324,0
14.47252,36.09365,29.97846,1339.43763,-2.27934,85.72689,8.974686150062388,3.3433067291026206,0
14.47386,36.11213,29.89839,1334.99361,-2.29592,85.73468,9.01620128947341,3.3587722108622855,0
14.47519,36.13054,29.81805,1330.5303,-2.31004,85.74245,9.057787082128115,3.3742640128142205,0
14.47651,36.1489,29.73753,1326.04704,-2.32169,85.75021,9.099314393143777,3.3897340288168674,0
14.47782,36.16719,29.65693,1321.5433,-2.33086,85.75795,9.140653062370394,3.405133770789631,0
14.47913,36.18542,29.57632,1317.01857,-2.33756,85.76568,9.181672388508511,3.420414549059507,0
14.48043,36.20359,29.49581,1312.47245,-2.34179,85.77339,9.222241641230303,3.435527663139655,0
14.48173,36.2217,29.41547,1307.90459,-2.34357,85.78109,9.262230598632726,3.4504246019448517,0
14.48301,36.23974,29.33539,1303.31474,-2.34293,85.78878,9.301510106763212,3.4650572522295175,0
14.48429,36.25772,29.25565,1298.70271,-2.3399,85.79644,9.339952657470269,3.47937811385228,0
14.48557,36.27563,29.17635,1294.06841,-2.33452,85.8041,9.377432980421172,3.493340520318141,0
14.48684,36.29349,29.09754,1289.41182,-2.32686,85.81173,9.413828644626381,3.5068988628621396,0
14.4881,36.31128,29.01932,1284.733,-2.31697,85.81936,9.449020664470535,3.520008816211857,0
14.48935,36.329,28.94175,1280.0321,-2.30491,85.82696,9.482894104932358,3.5326275640477456,0
14.4906,36.34666,28.8649,1275.30934,-2.29078,85.83455,9.515338680417422,3.5447140220840896,0
14.49183,36.36426,28.78884,1270.56504,-2.27465,85.84213,9.54624934145339,3.556229056628428,0
14.49307,36.38179,28.71364,1265.79958,-2.25661,85.84969,9.575526843413373,3.5671356964459595,0
14.49429,36.39925,28.63934,1261.01342,-2.23677,85.85723,9.603078291445616,3.5773993357601968,0
14.49551,36.41665,28.56601,1256.20712,-2.21523,85.86475,9.628817655862235,3.5869879262488253,0
14.49672,36.43399,28.49369,1251.38128,-2.19211,85.87226,9.652666252454212,3.5958721559736775,0
14.49793,36.45125,28.42242,1246.5366,-2.16753,85.87976,9.674553182474604,3.604025613286061,0
14.49913,36.46846,28.35226,1241.67384,-2.14161,85.88724,9.694415727398752,3.611424933885317,0
14.50032,36.48559,28.28323,1236.79381,-2.1145,85.8947,9.712199694049445,3.6180499293870234,0
14.50151,36.50266,28.21537,1231.8974,-2.08631,85.90214,9.72785970621286,3.623883695957613,0
14.50268,36.51966,28.1487,1226.98555,-2.0572,85.90957,9.741359439461641,3.628912701792144,0
14.50385,36.53659,28.08324,1222.05927,-2.02731,85.91698,9.752671796608086,3.633126852475226,0
14.50502,36.55346,28.01901,1217.1196,-1.99679,85.92437,9.761779021873465,3.6365195335120974,0
14.50618,36.57026,27.95602,1212.16763,-1.96578,85.93175,9.76867275267038,3.639087629618921,0
14.50733,36.58699,27.89427,1207.20449,-1.93445,85.93911,9.773354008582631,3.6408315206174917,0
14.50847,36.60365,27.83377,1202.23135,-1.90294,85.94645,9.775833117963415,3.6417550540911274,0
14.50961,36.62024,27.7745,1197.24942,-1.87141,85.95378,9.776129583271585,3.641865495218892,0
14.51074,36.63677,27.71647,1192.25992,-1.84001,85.96109,9.774271887029533,3.641173454489797,0
14.51186,36.65323,27.65965,1187.26409,-1.8089,85.96838,9.770297240954099,3.639692794247466,0
14.51298,36.66962,27.60403,1182.2632,-1.77824,85.97565,9.764251281439384,3.637440515249466,0
14.51409,36.68594,27.54958,1177.25852,-1.74817,85.98291,9.756187715151855,3.6344366246421638,0
14.5152,36.70219,27.49628,1172.25134,-1.71884,85.99015,9.746167919014802,3.630703986944409,0
14.51629,36.71837,27.44408,1167.24294,-1.6904,85.99737,9.734260499200326,3.6262681597604454,0
14.51738,36.73449,27.39297,1162.23458,-1.66299,86.00458,9.72054081419324,3.6211572161086676,0
14.51847,36.75053,27.34288,1157.22755,-1.63676,86.01177,9.70509046712778,3.6154015553036856,0
14.51955,36.76651,27.29379,1152.22311,-1.61183,86.01894,9.687996772813113,3.609033704409307,0
14.52062,36.78242,27.24564,1147.22249,-1.58833,86.02609,9.669352204928368,3.6020881123041333,0
14.52168,36.79826,27.19838,1142.22691,-1.56639,86.03323,9.649253828820754,3.5946009383839446,0
14.52274,36.81403,27.15195,1137.23757,-1.54613,86.04035,9.62780272526691,3.586609837897635,0
14.52379,36.82973,27.1063,1132.25564,-1.52766,86.04746,9.605103410394483,3.5781537458527364,0
14.52483,36.84536,27.06137,1127.28226,-1.51108,86.05454,9.581263256691978,3.5692726613263575,0
14.52587,36.86093,27.0171,1122.31852,-1.49649,86.06161,9.556391919768114,3.5600074339179586,0
14.5269,36.87643,26.97342,1117.36549,-1.48398,86.06866,9.530600775171086,3.5503995539497106,0
14.52793,36.89186,26.93027,1112.4242,-1.47364,86.0757,9.50400236918083,3.540490947872159,0
14.52895,36.90722,26.88757,1107.49563,-1.46554,86.08272,9.476709887097613,3.530323780187739,0
14.52996,36.92251,26.84527,1102.58071,-1.45975,86.08972,9.448836642095241,3.51994026303514,0
14.53097,36.93774,26.80329,1097.68032,-1.45632,86.09671,9.420495587263522,3.509382474412293,0
14.53197,36.9529,26.76155,1092.79532,-1.45532,86.10368,9.391798853024236,3.498692185851638,0
14.53296,36.96799,26.72,1087.92649,-1.45678,86.11063,9.362857311662534,3.487910700196622,0
14.53395,36.98301,26.67856,1083.07457,-1.46074,86.11757,9.333780170252977,3.4770786999559258,0
14.53493,36.99797,26.63715,1078.24024,-1.46722,86.12449,9.304674592898055,3.466236106577388,0
14.53591,37.01286,26.59571,1073.42414,-1.47624,86.13139,9.275645352736223,3.455421950811828,0
14.53688,37.02769,26.55416,1068.62685,-1.48782,86.13828,9.246794513879525,3.4446742542264506,0
14.53784,37.04245,26.51244,1063.84889,-1.50195,86.14515,9.218221143055985,3.4340299217840484,0
14.5388,37.05714,26.47049,1059.09073,-1.51864,86.15201,9.190021050466756,3.4235246453054686,0
14.53975,37.07177,26.42822,1054.35278,-1.53786,86.15885,9.162286559069072,3.4131928175214443,0
14.5407,37.08633,26.38558,1049.6354,-1.55959,86.16567,9.135106301302397,3.403067456347735,0
14.54164,37.10083,26.34249,1044.9389,-1.58381,86.17248,9.108565042055945,3.393180138935872,0
14.54257,37.11526,26.29891,1040.26352,-1.61048,86.17928,9.08274352650887,3.3835609449896227,0
14.5435,37.12963,26.25477,1035.60947,-1.63956,86.18606,9.05771835140787,3.3742384088125146,0
14.54442,37.14393,26.21,1030.97687,-1.67099,86.19282,9.033561858167849,3.365239479485018,0
14.54534,37.15817,26.16456,1026.36583,-1.70472,86.19957,9.010342046189683,3.356589488573128,0
14.54625,37.17235,26.11838,1021.77638,-1.74068,86.2063,8.98812250474651,3.3483121247542242,0
14.54715,37.18646,26.07143,1017.20849,-1.7788,86.21302,8.966962361746877,3.3404294147299907,0
14.54805,37.20051,26.02364,1012.66212,-1.81902,86.21972,8.946916247765769,3.332961709827025,0
14.54894,37.21449,25.97498,1008.13713,-1.86124,86.22641,8.92803427370763,3.3259276776757316,0
14.54983,37.22842,25.9254,1003.63338,-1.90538,86.23308,8.910362020585971,3.319344298402949,0
14.55072,37.24228,25.87486,999.15064,-1.95134,86.23974,8.893940539953993,3.3132268647923775,0
0.04894,0.04894,54.86221,5173.87838,-0.51537,45.0001,4.044384836423176,1.506639765737124,0
0.09786,0.09786,54.79141,5171.74025,-0.5302,45.00026,4.081485034983905,1.5204605658659693,0
0.14676,0.14676,54.71867,5169.58467,-0.54447,45.00048,4.120020846498774,1.5348161695934819,0
0.19564,0.19564,54.64406,5167.41069,-0.55817,45.00075,4.159978581310465,1.5497014771621147,0
0.24449,0.2445,54.56768,5165.21738,-0.57125,45.00107,4.20134230942844,1.565110554231248,0
0.29333,0.29334,54.4896,5163.0038,-0.58371,45.00145,4.244093677170955,1.5810365635715184,0
0.34215,0.34216,54.40992,5160.76902,-0.59551,45.00188,4.288211719868883,1.597471695292063,0
0.39094,0.39096,54.32872,5158.51211,-0.60664,45.00236,4.3336726715647815,1.6144070959484134,0
0.43972,0.43974,54.2461,5156.23216,-0.61708,45.0029,4.380449772794834,1.631832796936215,0
0.48847,0.4885,54.16215,5153.92826,-0.6268,45.0035,4.428513077656667,1.6497376426189083,0
0.5372,0.53724,54.07699,5151.59952,-0.63578,45.00414,4.477829261526088,1.6681092186971593,0
0.58591,0.58596,53.9907,5149.24506,-0.644,45.00484,4.528361430942467,1.6869337813861578,0
0.6346,0.63465,53.9034,5146.86401,-0.65144,45.00559,4.580068937324417,1.706196188019808,0
0.68326,0.68333,53.81518,5144.45554,-0.65808,45.0064,4.632907196348898,1.725879829764694,0
0.7319,0.73199,53.72617,5142.01882,-0.6639,45.00726,4.686827514962389,1.745966567177187,0
0.78052,0.78062,53.63648,5139.55305,-0.6689,45.00817,4.741776928156028,1.766436669397893,0
0.82911,0.82923,53.54621,5137.05746,-0.67304,45.00913,4.797698047770607,1.7872687578275337,0
0.87768,0.87782,53.45549,5134.5313,-0.67631,45.01015,4.854528925728781,1.808439755177347,0
0.92622,0.92639,53.36444,5131.97388,-0.6787,45.01121,4.9122029342060864,1.8299248408296356,0
0.97475,0.97494,53.27316,5129.3845,-0.6802,45.01233,4.970648665360269,1.8516974134843056,0
1.02324,1.02347,53.1818,5126.76254,-0.68079,45.0135,5.029789853285084,1.8737290620846065,0
1.0717,1.07198,53.08988,5124.1084,-0.68905,45.05192,5.089959470400781,1.8961438276181108,25.999999556487815
1.12009,1.12051,52.99697,5121.42223,-0.69646,45.09085,5.151507527733337,1.9190720984013399,25.999999556487815
1.16843,1.16905,52.90317,5118.70307,-0.70302,45.13032,5.21438058307641,1.9424939658062823,25.999999556487815
1.21671,1.21759,52.80859,5115.94998,-0.7087,45.17033,5.2785191330853785,1.9663872632714403,25.999999556487815
1.26493,1.26615,52.71337,5113.16203,-0.71347,45.21089,5.343858299495018,1.9907278219359668,25.999999556487815
1.31309,1.31471,52.61762,5110.33835,-0.71734,45.25201,5.41032763919454,2.015489399887622,25.999999556487815
1.36119,1.36328,52.52148,5107.4781,-0.72027,45.29369,5.477850973753776,2.040643618656796,25.999999556487815
1.40923,1.41186,52.42505,5104.58046,-0.72225,45.33596,5.546346241732444,2.0661599081978155,25.999999556487815
1.45721,1.46046,52.32849,5101.64468,-0.72327,45.3788,5.615725377263853,2.0920054616581867,25.999999556487815
1.50512,1.50906,52.2319,5098.67005,-0.72331,45.42224,5.685894218498994,2.1181452012716044,25.999999556487815
1.55296,1.55767,52.13544,5095.65591,-0.72237,45.46627,5.756752449507021,2.1445417567143585,25.999999556487815
1.60074,1.60629,52.03922,5092.60164,-0.72043,45.51091,5.828193579299111,2.171155457291167,25.999999556487815
1.64846,1.65492,51.94338,5089.50671,-0.71749,45.55615,5.900104961519228,2.1979443392705016,25.999999556487815
1.69611,1.70356,51.84807,5086.37062,-0.71354,45.60201,5.972367858313991,2.2248641696777964,25.999999556487815
1.74369,1.75221,51.7534,5083.19297,-0.70858,45.64848,6.044857551676052,2.2518684877737867,25.999999556487815
1.7912,1.80088,51.65952,5079.97339,-0.70259,45.69556,6.117443505345206,2.278908665366931,25.999999556487815
1.83864,1.84955,51.56657,5076.71162,-0.69559,45.74326,6.189989580027032,2.3059339869880158,25.999999556487815
1.88601,1.89823,51.47467,5073.40746,-0.68757,45.79158,6.262354304331934,2.33289175082208,25.999999556487815
1.93331,1.94692,51.38397,5070.06079,-0.67854,45.84052,6.33439120334157,2.359727391108056,25.999999556487815
1.98053,1.99563,51.29459,5066.6716,-0.6685,45.89007,6.405949186209099,2.3863846225300547,25.999999556487815
2.02769,2.04434,51.20667,5063.23992,-0.65746,45.94023,6.476872993574277,2.412805606891266,25.999999556487815
2.07477,2.09306,51.12034,5059.76591,-0.64543,45.991,6.5470037048894385,2.4389311421062327,25.999999556487815
2.12177,2.1418,51.03572,5056.24981,-0.63243,46.04236,6.616179305012729,2.4647008732717404,25.999999556487815
2.1687,2.19054,50.95295,5052.69196,-0.61846,46.09433,6.684235308627499,2.490053525279466,25.999999556487815
2.21555,2.2393,50.87215,5049.09277,-0.60355,46.14687,6.751005440187297,2.514927156113386,25.999999556487815
2.26232,2.28807,50.79343,5045.45279,-0.58772,46.2,6.816322366219984,2.5392594296523177,25.999999556487815
2.30901,2.33684,50.71693,5041.77264,-0.57099,46.25369,6.880018475896166,2.562987906452206,25.999999556487815
2.35563,2.38563,50.64274,5038.05305,-0.55338,46.30794,6.941926704895779,2.5860503506581014,25.999999556487815
2.40216,2.43443,50.57099,5034.29484,-0.53493,46.36272,7.0018813966906714,2.6083850508545803,25.999999556487815
2.44862,2.48324,50.50177,5030.49895,-0.51567,46.41804,7.059719194525647,2.6299311523521585,25.999999556487815
2.49499,2.53205,50.4352,5026.66639,-0.49562,46.47387,7.115279956562168,2.6506289981023943,25.999999556487815
2.54128,2.58088,50.37136,5022.79829,-0.47483,46.53019,7.168407685953693,2.670420475175428,25.999999556487815
2.58748,2.62972,50.31035,5018.89587,-0.45333,46.58699,7.218951466949582,2.6892493634833117,25.999999556487815
2.63361,2.67857,50.25226,5014.96044,-0.43116,46.64424,7.266766397663647,2.707061683260845,25.999999556487815
2.67964,2.72743,50.19716,5010.9934,-0.40836,46.70194,7.311714509711617,2.7238060376547195,25.999999556487815
2.72559,2.7763,50.14514,5006.99623,-0.38499,46.76005,7.353665664712562,2.7394339466938904,25.999999556487815
2.77146,2.82518,50.09625,5002.9705,-0.36108,46.81855,7.392498417569996,2.7539001688845057,25.999999556487815
2.81724,2.87407,50.05057,4998.91786,-0.33669,46.87743,7.428100836530822,2.767163006703434,25.999999556487815
2.86293,2.92297,50.00815,4994.84002,-0.31186,46.93665,7.460371270303022,2.779184592369793,25.999999556487815
2.90853,2.97188,49.96903,4990.73877,-0.28665,46.9962,7.489219052937223,2.789931150431875,25.999999556487815
2.95405,3.0208,49.93325,4986.61595,-0.26111,47.05604,7.514565137801466,2.799373233939435,25.999999556487815
2.99948,3.06973,49.90086,4982.47347,-0.2353,47.11615,7.536342652760105,2.8074859312624323,25.999999556487815
3.04482,3.11866,49.87188,4978.31326,-0.20926,47.17651,7.55449736957744,2.814249040956238,25.999999556487815
3.09007,3.16761,49.84632,4974.13732,-0.18307,47.23708,7.568988081656788,2.819647212479376,25.999999556487815
3.13523,3.21657,49.8242,4969.94767,-0.15676,47.29784,7.579786885398015,2.82367005100661,25.999999556487815
3.1803,3.26553,49.80552,4965.74636,-0.13041,47.35876,7.586879361726209,2.8263121850531454,25.999999556487815
3.22528,3.31451,49.79029,4961.53544,-0.10407,47.41982,7.590264655685021,2.827573296125248,25.999999556487815
3.27017,3.36349,49.77848,4957.31701,-0.07779,47.48098,7.5899554533707185,2.827458110127568,25.999999556487815
3.31497,3.41248,49.77009,4953.09314,-0.05164,47.54222,7.585977856883964,2.82597635077939,25.999999556487815
3.35968,3.46148,49.76508,4948.86592,-0.02566,47.60351,7.578371159319919,2.823142655792524,25.999999556487815
3.40429,3.51049,49.76343,4944.6374,7e-05,47.66482,7.567187523170358,2.8189764570676363,25.999999556487815
3.44882,3.5595,49.76509,4940.40963,0.02551,47.72612,7.552491566727408,2.8135018266187513,25.999999556487815
3.49326,3.60853,49.77001,4936.18465,0.05061,47.78739,7.534359864282473,2.8067472903842097,25.999999556487815
3.53761,3.65756,49.77815,4931.96443,0.0753,47.84861,7.512880366863934,2.798745612436213,25.999999556487815
3.58187,3.7066,49.78944,4927.75094,0.09954,47.90974,7.488151751246712,2.789533552469762,25.999999556487815
3.62603,3.75564,49.80381,4923.54607,0.12328,47.97077,7.4602827056110845,2.779151599691769,25.999999556487815
3.67011,3.8047,49.82119,4919.35169,0.14647,48.03166,7.429391160884104,2.767643686475509,25.999999556487815
3.7141,3.85376,49.84151,4915.16959,0.16905,48.0924,7.395603477156669,2.755056885279576,25.999999556487815
3.758,3.90283,49.86467,4911.00152,0.19099,48.15296,7.3590535948313205,2.741441092428101,25.999999556487815
3.80181,3.95191,49.89059,4906.84914,0.21225,48.21333,7.3198821602282,2.726848702375965,25.999999556487815
3.84553,4.00099,49.91917,4902.71406,0.23278,48.27347,7.278235635286277,2.711334276049079,25.999999556487815
3.88916,4.05008,49.95031,4898.5978,0.25254,48.33338,7.234265400751564,2.694954206758399,25.999999556487815
3.9327,4.09917,49.98391,4894.50184,0.27149,48.39303,7.188126861906436,2.677766387060569,25.999999556487815
3.97616,4.14828,50.01985,4890.42753,0.28962,48.45241,7.139978565344937,2.659829879733484,25.999999556487815
4.01953,4.19739,50.05803,4886.37617,0.30687,48.5115,7.089981334755707,2.6412045958326864,25.999999556487815
4.06281,4.2465,50.09832,4882.34897,0.32323,48.57029,7.0382974329467265,2.6219509825235408,25.999999556487815
4.10601,4.29562,50.14062,4878.34707,0.33867,48.62877,6.985089756619581,2.6021297231134586,25.999999556487815
4.14912,4.34475,50.18479,4874.3715,0.35316,48.68691,6.930521069578949,2.581801451402256,25.999999556487815
4.19215,4.39388,50.23071,4870.42322,0.36668,48.74472,6.874753279255091,2.5610264821677444,25.999999556487815
4.23509,4.44302,50.27825,4866.50311,0.37922,48.80218,6.817946760546634,2.5398645592793816,25.999999556487815
4.27795,4.49217,50.32729,4862.61194,0.39075,48.85929,6.760259730190073,2.5183746226344446,25.999999556487815
4.32073,4.54132,50.3777,4858.75044,0.40128,48.91603,6.701847673994099,2.496614594787747,25.999999556487815
4.36342,4.59048,50.42933,4854.9192,0.41077,48.9724,6.642862828533767,2.474641187869085,25.999999556487815
4.40603,4.63964,50.48207,4851.11878,0.41923,49.0284,6.58345371812356,2.4525097310935116,25.999999556487815
4.44856,4.68881,50.53577,4847.34964,0.42665,49.08402,6.523764747206909,2.430274018915714,25.999999556487815
4.49101,4.73798,50.59031,4843.61215,0.43303,49.13926,6.463935847680179,2.407986179648919,25.999999556487815
4.53338,4.78716,50.64555,4839.90662,0.43836,49.19412,6.404102180062758,2.3856965641428864,25.999999556487815
4.57567,4.83635,50.70135,4836.23328,0.44264,49.2486,6.344393886953998,2.3634536539401303,25.999999556487815
4.61788,4.88554,50.75759,4832.59229,0.44588,49.3027,6.2849358967748765,2.3413039881645323,25.999999556487815
4.66001,4.93473,50.81413,4828.98375,0.44807,49.35641,6.225847775424825,2.3192921082595963,25.999999556487815
4.70206,4.98393,50.87084,4825.40767,0.44924,49.40975,6.167243623176936,2.2974605195792104,25.999999556487815
4.74404,5.03314,50.92759,4821.86401,0.44937,49.46271,6.1092320139251575,2.27584966875562,25.999999556487815
4.78594,5.08235,50.98425,4818.35267,0.44849,49.51531,6.0519159736983665,2.2544979356953596,25.999999556487815
4.82777,5.13157,51.04069,4814.8735,0.44661,49.56754,5.995392995259927,2.2334416390179714,25.999999556487815
4.86952,5.18079,51.0968,4811.42628,0.44373,49.61941,5.939755085535415,2.2127150537240814,25.999999556487815
4.9112,5.23002,51.15244,4808.01072,0.43988,49.67092,5.88508884260933,2.1923504398786973,25.999999556487815
4.9528,5.27925,51.2075,4804.62653,0.43507,49.72209,5.831475559041115,2.1723780810991475,25.999999556487815
4.99433,5.32849,51.26185,4801.27332,0.42931,49.77292,5.778991348318786,2.1528263316623852,25.999999556487815
5.03579,5.37773,51.31538,4797.95068,0.42262,49.82343,5.727707291364659,2.1337216710822244,25.999999556487815
5.07717,5.42698,51.36798,4794.65816,0.41503,49.87361,5.677689600127109,2.115088765051575,25.999999556487815
5.11849,5.47624,51.41954,4791.39525,0.40655,49.92348,5.628999795414594,2.0969505316903,25.999999556487815
5.15973,5.5255,51.46994,4788.16142,0.39721,49.97305,5.581694896292324,2.079328212100448,25.999999556487815
5.2009,5.57476,51.51909,4784.9561,0.38702,50.02233,5.5358276185422035,2.0622414442978187,25.999999556487815
5.24201,5.62403,51.56687,4781.77868,0.37601,50.07133,5.491446579825627,2.045708339640486,25.999999556487815
5.28304,5.67331,51.6132,4778.62852,0.36421,50.12005,5.448596509400479,2.0297455609539106,25.999999556487815
5.324,5.72259,51.65797,4775.50495,0.35164,50.16853,5.40731846039725,2.014368401609373,25.999999556487815
5.3649,5.77188,51.70109,4772.40727,0.33833,50.21675,5.367650022845401,1.9995908648819007,25.999999556487815
5.40573,5.82117,51.74248,4769.33476,0.32429,50.26475,5.329625535820374,1.985425742980611,25.999999556487815
5.44649,5.87047,51.78205,4766.28667,0.30957,50.31252,5.293276297231291,1.9718846952001496,25.999999556487815
5.48719,5.91977,51.81971,4763.26223,0.29418,50.36009,5.258630769944021,1.9589783247069563,25.999999556487815
5.52781,5.96908,51.85539,4760.26064,0.27815,50.40746,5.22571478307881,1.946716253527927,25.999999556487815
5.56838,6.0184,51.88901,4757.28109,0.26151,50.45465,5.19455172746616,1.935107195362874,25.999999556487815
5.60887,6.06772,51.92051,4754.32274,0.2443,50.50167,5.165162744364392,1.9241590258867813,25.999999556487815
5.6493,6.11705,51.94981,4751.38474,0.22653,50.54854,5.137566906694198,1.9138788502644457,25.999999556487815
5.68967,6.16638,51.97684,4748.46622,0.20824,50.59527,5.111781392105306,1.9042730676223627,25.999999556487815
5.72997,6.21572,52.00156,4745.56628,0.18945,50.64187,5.087821647349747,1.8953474322820913,25.999999556487815
5.7702,6.26507,52.0239,4742.68403,0.17021,50.68836,5.065701543474878,1.887107111573741,25.999999556487815
5.81038,6.31442,52.04381,4739.81855,0.15053,50.73476,5.045433521463378,1.8795567400907032,25.999999556487815
5.85048,6.36378,52.06124,4736.9689,0.13044,50.78107,5.027028727991424,1.8727004702631396,25.999999556487815
5.89053,6.41315,52.07615,4734.13415,0.10999,50.82731,5.010497141065818,1.8665420191611204,25.999999556487815
5.93051,6.46252,52.08849,4731.31332,0.08919,50.8735,4.995847685312629,1.8610847114426785,25.999999556487815
5.97043,6.5119,52.09823,4728.50545,0.06808,50.91964,4.983088336783058,1.8563315183967488,25.999999556487815
6.01028,6.56128,52.10534,4725.70956,0.04669,50.96577,4.972226217137461,1.8522850930291952,25.999999556487815
6.05007,6.61067,52.10977,4722.92465,0.02505,51.01188,4.963267677106534,1.8489478011543008,25.999999556487815
6.0898,6.66007,52.11152,4720.14971,0.00319,51.05801,4.956218369179025,1.8463217484728491,25.999999556487815
6.12946,6.70947,52.11056,4717.38373,-0.01885,51.10415,4.951083309442454,1.8444088036094228,25.999999556487815
6.16907,6.75889,52.10686,4714.62567,-0.04105,51.15033,4.947866928553022,1.8432106171000358,25.999999556487815
6.20861,6.80831,52.10042,4711.87451,-0.06337,51.19656,4.946573111798307,1.8427286363165365,25.999999556487815
6.24808,6.85773,52.09122,4709.1292,-0.08579,51.24286,4.947205228221641,1.8429641163162125,25.999999556487815
6.2875,6.90716,52.07927,4706.38867,-0.10826,51.28923,4.949766148808394,1.8439181266166542,25.999999556487815
6.32685,6.9566,52.06454,4703.65186,-0.13077,51.33571,4.9542582536990265,1.8455915538828078,25.999999556487815
6.36614,7.00605,52.04706,4700.91769,-0.15327,51.3823,4.960683428423087,1.8479851005240413,25.999999556487815
6.40536,7.05551,52.02682,4698.18507,-0.17574,51.42902,4.969043049131756,1.8510992791928795,25.999999556487815
6.44453,7.10497,52.00383,4695.45293,-0.19814,51.47588,4.979337956828874,1.85493440318538,25.999999556487815
6.48363,7.15444,51.97811,4692.72014,-0.22045,51.5229,4.991568420573924,1.8594905727332796,25.999999556487815
6.52266,7.20391,51.94967,4689.98561,-0.24262,51.5701,5.005734089664043,1.8647676571905345,25.999999556487815
6.56164,7.2534,51.91854,4687.24821,-0.26463,51.61749,5.02183393478968,1.8707652731122546,25.999999556487815
6.60055,7.30289,51.88474,4684.50681,-0.28645,51.66508,5.039866178175825,1.877482758230472,25.999999556487815
6.6394,7.35239,51.84829,4681.76029,-0.30804,51.7129,5.059828212738623,1.8849191413378534,25.999999556487815
6.67818,7.4019,51.80923,4679.00752,-0.32938,51.76095,5.0817165103054425,1.8930731080972645,25.999999556487815
6.7169,7.45141,51.76761,4676.24733,-0.35042,51.80926,5.10552651896413,1.901942962801657,25.999999556487815
6.75555,7.50093,51.72345,4673.47859,-0.37115,51.85783,5.131252549644682,1.911526586122768,25.999999556487815
6.79414,7.55046,51.6768,4670.70014,-0.39152,51.9067,5.158887652084048,1.9218213889047386,25.999999556487815
6.83267,7.6,51.62772,4667.91082,-0.41151,51.95586,5.188423480351435,1.9328242620687532,25.999999556487815
6.87113,7.64955,51.57625,4665.10948,-0.43108,52.00534,5.219850148181325,1.944531522720783,25.999999556487815
6.90952,7.6991,51.52244,4662.29494,-0.4502,52.05515,5.253156074420926,1.9569388565766952,25.999999556487815
6.94785,7.74867,51.46636,4659.46605,-0.46885,52.1053,5.288327818966383,1.970041256844173,25.999999556487815
6.98612,7.79824,51.40808,4656.62165,-0.48699,52.15582,5.325349909657622,1.9838329597364912,25.999999556487815
7.02431,7.84782,51.34765,4653.76057,-0.50458,52.20672,5.364204660675633,1.9983073768207278,25.999999556487815
7.06244,7.8974,51.28515,4650.88165,-0.52161,52.25801,5.404871983107751,2.0134570244483427,25.999999556487815
7.1005,7.947,51.22066,4647.98375,-0.53804,52.30971,5.447329188454164,2.0292734505561874,25.999999556487815
7.1385,7.9966,51.15424,4645.0657,-0.55384,52.36183,5.491550785965747,2.0457471591695096,25.999999556487815
7.17642,8.04621,51.08598,4642.12638,-0.56898,52.41439,5.537508274855497,2.0628675329952495,25.999999556487815
7.21428,8.09583,51.01597,4639.16464,-0.58343,52.46741,5.5851699325507616,2.080622754540423,25.999999556487815
7.25206,8.14546,50.9443,4636.17937,-0.59717,52.52089,5.634500600321632,2.098999726253058,25.999999556487815
7.28978,8.19509,50.87105,4633.16946,-0.61016,52.57484,5.685461467775126,2.117983990240606,25.999999556487815
7.32742,8.24474,50.79631,4630.13383,-0.62238,52.6293,5.738009857876545,2.137559648184741,25.999999556487815
7.36499,8.29439,50.72019,4627.0714,-0.63381,52.68426,5.792099014332074,2.157709282135784,25.999999556487815
7.4025,8.34405,50.64279,4623.98111,-0.64441,52.73974,5.8476778933341835,2.178413876932388,25.999999556487815
7.43992,8.39372,50.56421,4620.86194,-0.65417,52.79576,5.904690961859399,2.199652745062146,25.999999556487815
7.4773,8.44338,50.48523,4617.71159,-0.65188,52.80392,5.962508380342257,2.221191254714847,0
7.51464,8.49302,50.40664,4614.52818,-0.64862,52.81211,6.020471574512834,2.242784069646813,0
7.55195,8.54263,50.32856,4611.31142,-0.64437,52.82035,6.078469873390588,2.264389962005863,0
7.58923,8.59222,50.25111,4608.06108,-0.63913,52.82861,6.136389933227111,2.28596670826346,0
7.62648,8.64178,50.1744,4604.77697,-0.6329,52.83692,6.194114897922895,2.3074707764478704,0
7.66369,8.69132,50.09855,4601.45899,-0.6257,52.84526,6.251524691831455,2.3288574352213978,0
7.70087,8.74083,50.02369,4598.1071,-0.61752,52.85363,6.308496353796271,2.3500808783179354,0
7.73801,8.79032,49.94992,4594.72135,-0.60838,52.86205,6.364904412343676,2.371094364312188,0
7.77512,8.83978,49.87737,4591.30182,-0.59828,52.87049,6.420621301490299,2.3918503715188884,0
7.8122,8.88922,49.80613,4587.84872,-0.58724,52.87897,6.475517816095217,2.4123007676234502,0
7.84924,8.93863,49.73634,4584.36229,-0.57528,52.88749,6.529463605125822,2.4323969934364853,0
7.88625,8.98801,49.66808,4580.84287,-0.56241,52.89604,6.582327700650801,2.452090259957606,0
7.92322,9.03736,49.60148,4577.29088,-0.54865,52.90462,6.6339790797903895,2.47133175771668,0
7.96015,9.08669,49.53663,4573.70681,-0.53403,52.91324,6.684287256273225,2.490072877144324,0
7.99705,9.13598,49.47362,4570.09123,-0.51858,52.92189,6.733122897661501,2.508265438504515,0
8.03391,9.18525,49.41257,4566.44478,-0.50232,52.93058,6.780358463800946,2.5258619297340026,0
8.07074,9.23449,49.35355,4562.76821,-0.48528,52.93929,6.825868861478692,2.5428157503195936,0
8.10753,9.2837,49.29666,4559.06231,-0.4675,52.94804,6.869532109857409,2.5590814591898736,0
8.14428,9.33289,49.24198,4555.32797,-0.44901,52.95683,6.911230010801146,2.5746150244292196,0
8.181,9.38204,49.18959,4551.56613,-0.42984,52.96564,6.9508488178992796,2.5893740725068266,0
8.21767,9.43116,49.13957,4547.77783,-0.41005,52.97449,6.9882798977064615,2.6033181346059853,0
8.25431,9.48025,49.09198,4543.96417,-0.38966,52.98337,7.023420376555932,2.616408887579058,0
8.29092,9.52931,49.04688,4540.1263,-0.36873,52.99228,7.056173766243475,2.6286103870312165,0
8.32748,9.57834,49.00434,4536.26546,-0.34729,53.00123,7.086450561873807,2.639889290033953,0
8.364,9.62734,48.96441,4532.38292,-0.3254,53.0102,7.114168805329332,2.650215065032014,0
8.40049,9.67631,48.92713,4528.48004,-0.30311,53.01921,7.139254608054824,2.659560186594454,0
8.43694,9.72525,48.89255,4524.5582,-0.28046,53.02825,7.161642627190516,2.6679003127867356,0
8.47335,9.77415,48.8607,4520.61884,-0.25751,53.03731,7.181276489568611,2.675214443120585,0
8.50972,9.82302,48.83161,4516.66345,-0.23431,53.04641,7.198109158631494,2.6814850552406875,0
8.54605,9.87186,48.8053,4512.69355,-0.21091,53.05554,7.212103239953065,2.6866982187394126,0
8.58234,9.92067,48.78178,4508.71068,-0.18737,53.06471,7.22323122180986,2.690843684775894,0
8.61859,9.96945,48.76106,4504.71643,-0.16373,53.0739,7.231475648006826,2.6939149504581716,0
8.6548,10.01819,48.74316,4500.71239,-0.14007,53.08312,7.236829221008808,2.6959092972623937,0
8.69097,10.0669,48.72805,4496.70017,-0.11642,53.09237,7.239294834296298,2.6968278030861725,0
8.7271,10.11558,48.71574,4492.6814,-0.09285,53.10165,7.238885533785703,2.6966753278766324,0
8.76319,10.16423,48.70621,4488.65771,-0.06941,53.11096,7.235624409004408,2.6954604730902427,0
8.79924,10.21284,48.69942,4484.63072,-0.04616,53.12031,7.2295444156163855,2.69319551557895,0
8.83525,10.26142,48.69536,4480.60204,-0.02315,53.12968,7.220688131725096,2.6898963168065912,0
8.87122,10.30997,48.69398,4476.57328,-0.00042,53.13908,7.2091074511696265,2.685582208593635,0
8.90716,10.35848,48.69524,4472.54603,0.02195,53.14851,7.194863217786608,2.6802758568701237,0
8.94305,10.40696,48.6991,4468.52186,0.04393,53.15798,7.178024805203849,2.674003105137747,0
8.9789,10.45541,48.7055,4464.50229,0.06547,53.16747,7.158669647359965,2.6667927995760476,0
9.0147,10.50382,48.71439,4460.48882,0.08652,53.17699,7.136882725387461,2.6586765978928724,0
9.05047,10.55221,48.72569,4456.48293,0.10702,53.18654,7.1127560168439325,2.6496887641485007,0
9.0862,10.60056,48.73933,4452.48603,0.12694,53.19612,7.0863879135831285,2.6398659518972996,0
9.12189,10.64887,48.75525,4448.49951,0.14624,53.20573,7.057882614689575,2.629246978039898,0
9.15754,10.69716,48.77337,4444.52468,0.16486,53.21537,7.027349500946595,2.6178725897960646,0
9.19315,10.74541,48.79359,4440.56282,0.18279,53.22504,6.99490249730294,2.6057852272067556,0
9.22872,10.79363,48.81584,4436.61516,0.19996,53.23474,6.960659429622576,2.5930287835064845,0
9.26425,10.84182,48.84001,4432.68286,0.21636,53.24447,6.924741381786156,2.579648365626701,0
9.29974,10.88997,48.86602,4428.76702,0.23195,53.25423,6.887272058936967,2.565690056988161,0
9.33519,10.9381,48.89377,4424.86868,0.2467,53.26402,6.848377162254458,2.551200684587603,0
9.3706,10.98619,48.92314,4420.98882,0.26058,53.27384,6.808183780237518,2.5362275922347637,0
9.40597,11.03425,48.95405,4417.12835,0.27358,53.28369,6.766819800999496,2.5208184216168052,0
9.4413,11.08228,48.98638,4413.28811,0.28565,53.29357,6.724413349560712,2.5050209026749686,0
9.4766,11.13028,49.02002,4409.4689,0.2968,53.30348,6.681092253607828,2.4888826545858835,0
9.51185,11.17825,49.05487,4405.67141,0.30699,53.31342,6.6369835406459705,2.4724509984375067,0
9.54707,11.22619,49.0908,4401.89631,0.31622,53.3234,6.592212968911502,2.4557727824817785,0
9.58224,11.2741,49.12771,4398.14417,0.32446,53.3334,6.546904593898219,2.438894220654236,0
9.61738,11.32198,49.16548,4394.41551,0.33172,53.34343,6.501180371807419,2.4218607448487237,0
9.65248,11.36983,49.204,4390.71078,0.33798,53.35349,6.455159800759664,2.4047168712593354,0
9.68755,11.41765,49.24314,4387.03036,0.34324,53.36359,6.408959600113449,2.3875060809181816,0
9.72257,11.46544,49.2828,4383.37457,0.34749,53.37371,6.362693427821214,2.370270714403067,0
9.75756,11.5132,49.32286,4379.74369,0.35073,53.38387,6.31647163533843,2.3530518805346756,0
9.79251,11.56093,49.36319,4376.1379,0.35297,53.39405,6.270401059268551,2.3358893787588344,0
9.82742,11.60864,49.4037,4372.55736,0.3542,53.40427,6.224584848590329,2.318821634784142,0
9.86229,11.65631,49.44425,4369.00213,0.35444,53.41452,6.179122326058575,2.3018856489501043,0
9.89713,11.70396,49.48474,4365.47226,0.35369,53.4248,6.134108882133315,2.285116956712954,0
9.93193,11.75159,49.52505,4361.96771,0.35195,53.43512,6.0896358996041915,2.2685496005662613,0
9.9667,11.79918,49.56508,4358.4884,0.34924,53.44546,6.045790706937703,2.2522161126615448,0
10.00143,11.84675,49.60472,4355.0342,0.34558,53.45584,6.002656558256058,2.236147507349875,0
10.03612,11.89429,49.64385,4351.60494,0.34097,53.46624,5.960312637788085,2.220373282839954,0
10.07078,11.94181,49.68237,4348.20039,0.33543,53.47668,5.918834086581441,2.2049214311491143,0
10.1054,11.9893,49.72018,4344.82027,0.32898,53.48715,5.878292049270666,2.189818455525649,0
10.13998,12.03677,49.75718,4341.46428,0.32163,53.49766,5.83875373867749,2.1750893945141287,0
10.17453,12.08421,49.79326,4338.13206,0.31341,53.50819,5.800282516089783,2.160757851861421,0
10.20905,12.13162,49.82834,4334.82322,0.30434,53.51876,5.762937985083628,2.146846031467881,0
10.24353,12.17901,49.86231,4331.53731,0.29445,53.52936,5.726776096859128,2.133374776627712,0
10.27797,12.22638,49.89509,4328.27388,0.28374,53.54,5.691849265111473,2.1203636128214587,0
10.31238,12.27372,49.92658,4325.03242,0.27225,53.55066,5.658206488582721,2.1078307933697733,0
10.34676,12.32104,49.95671,4321.81239,0.26001,53.56136,5.625893479502737,2.095793347281042,0
10.3811,12.36833,49.98539,4318.61323,0.24703,53.57209,5.594952796284605,2.084267128683916,0
10.41541,12.4156,50.01255,4315.43434,0.23335,53.58285,5.5654239789025555,2.073266867259157,0
10.44968,12.46285,50.0381,4312.2751,0.219,53.59365,5.53734368551696,2.0628062191360383,0
10.48392,12.51008,50.06197,4309.13485,0.204,53.60448,5.510745829026523,2.0528978177616275,0
10.51812,12.55728,50.0841,4306.01292,0.18839,53.61534,5.4856617123138225,2.0435533242833137,0
10.55229,12.60446,50.10442,4302.90859,0.17219,53.62624,5.462120161077223,2.0347834770321884,0
10.58643,12.65162,50.12288,4299.82116,0.15544,53.63716,5.440147653247906,2.0265981397342925,0
10.62054,12.69875,50.1394,4296.74987,0.13816,53.64813,5.419768444060574,2.019006348102746,0
10.65461,12.74587,50.15394,4293.69396,0.12038,53.65912,5.4010046859744465,2.0120163545114753,0
10.68865,12.79296,50.16645,4290.65262,0.10215,53.67015,5.383876542707912,2.005635670476119,0
10.72265,12.84003,50.17688,4287.62507,0.0835,53.68121,5.368402296737298,1.9998711067001498,0
10.75663,12.88708,50.18518,4284.61047,0.06444,53.6923,5.3545984496850245,1.9947288104721026,0
10.79057,12.93411,50.19132,4281.60799,0.04503,53.70343,5.342479815100057,1.990214300228736,0
10.82447,12.98112,50.19526,4278.61675,0.02529,53.71459,5.332059603184771,1.9863324971180158,0
10.85835,13.0281,50.19698,4275.63589,0.00526,53.72578,5.323349497097662,1.983087753423884,0
10.89219,13.07507,50.19643,4272.66453,-0.01503,53.73701,5.316359720503072,1.980483877730308,0
10.926,13.12202,50.19361,4269.70175,-0.03554,53.74827,5.31109909610224,1.97852415672564,0
10.95978,13.16894,50.18848,4266.74664,-0.05624,53.75956,5.3075750949048075,1.9772113735575445,0
10.99352,13.21585,50.18104,4263.79827,-0.0771,53.77089,5.305793876073865,1.976547822676331,0
11.02723,13.26273,50.17127,4260.85571,-0.09807,53.78225,5.305760317185801,1.9765353211075392,0
11.06091,13.3096,50.15916,4257.91799,-0.11913,53.79364,5.307478034800746,1.9771752161149765,0
11.09456,13.35644,50.14471,4254.98416,-0.14023,53.80507,5.310949395275189,1.978468389228698,0
11.12818,13.40327,50.12791,4252.05325,-0.16135,53.81653,5.316175515767019,1.98041525661941,0
11.16176,13.45007,50.10878,4249.12426,-0.18245,53.82802,5.323156255443276,1.983015765823131,0
11.19531,13.49686,50.08733,4246.19622,-0.20348,53.83954,5.331890196909825,1.9862693888232508,0
11.22883,13.54363,50.06355,4243.26812,-0.22442,53.8511,5.342374617918448,1.9901751115106825,0
11.26231,13.59037,50.03747,4240.33896,-0.24523,53.86269,5.354605453466213,1.9947314195648767,0
11.29577,13.6371,50.00911,4237.40773,-0.26588,53.87431,5.368577248415005,1.9999362808033512,0
11.32919,13.6838,49.97849,4234.4734,-0.28633,53.88597,5.384283100797383,2.005787124061634,0
11.36258,13.73049,49.94564,4231.53496,-0.30654,53.89766,5.401714596053171,2.0122808146946585,0
11.39593,13.77716,49.91058,4228.59139,-0.32648,53.90938,5.420861732440218,2.0194136267903127,0
11.42926,13.8238,49.87336,4225.64165,-0.34611,53.92113,5.44171283794535,2.0271812122165787,0
11.46255,13.87043,49.83402,4222.68471,-0.36541,53.93291,5.464254479080559,2.0355785666457176,0
11.49581,13.91703,49.79259,4219.71955,-0.38433,53.94473,5.4884713619787355,2.044599992709826,0
11.52903,13.96362,49.74912,4216.74513,-0.40284,53.95658,5.514346226309975,2.054239060481867,0
11.56223,14.01019,49.70366,4213.76042,-0.42091,53.96846,5.541859732581355,2.0644885654918745,0
11.59539,14.05673,49.65627,4210.7644,-0.4385,53.98037,5.570990343465519,2.0753404845187275,0
11.6285,14.10327,49.60651,4207.75712,-0.46464,54.03689,5.602110432342808,2.0869335364443358,22.999999607662296
11.66154,14.14982,49.55393,4204.73834,-0.49028,54.09373,5.635598871835426,2.0994088612892097,22.999999607662296
11.69451,14.19637,49.49859,4201.70662,-0.51537,54.15092,5.671442770200022,2.112761656539748,22.999999607662296
11.72741,14.24292,49.44057,4198.66049,-0.53987,54.20848,5.709626524938262,2.126986109854794,22.999999607662296
11.76025,14.28948,49.37993,4195.5985,-0.56372,54.26642,5.750132020073708,2.1420754725564675,22.999999607662296
11.79301,14.33605,49.31676,4192.51919,-0.5869,54.32477,5.792938366740432,2.158021962992589,22.999999607662296
11.8257,14.38263,49.25113,4189.4211,-0.60935,54.38354,5.838021630261207,2.174816664866132,22.999999607662296
11.85832,14.4292,49.18312,4186.30277,-0.63103,54.44275,5.885354544826726,2.192449420945723,22.999999607662296
11.89087,14.47579,49.11284,4183.16277,-0.6519,54.50242,5.934906217065673,2.2109087226376944,22.999999607662296
11.92335,14.52238,49.04037,4179.99964,-0.67191,54.56257,5.98664182005008,2.230181595995026,22.999999607662296
11.95576,14.56897,48.96582,4176.81196,-0.69104,54.62322,6.040522279508595,2.250253484823533,22.999999607662296
11.98809,14.61558,48.88928,4173.59832,-0.70922,54.68439,6.096503954277241,2.271108131641366,22.999999607662296
12.02035,14.66218,48.81088,4170.35729,-0.72643,54.74608,6.154538313314901,2.2927274573587804,22.999999607662296
12.05254,14.70879,48.7307,4167.08752,-0.74262,54.80833,6.214571611885757,2.315091440647575,22.999999607662296
12.08465,14.75541,48.64889,4163.78762,-0.75777,54.87114,6.276544569830297,2.3381779980885766,22.999999607662296
12.11668,14.80203,48.56555,4160.45627,-0.77182,54.93454,6.3403920551482695,2.361962866297965,22.999999607662296
12.14864,14.84866,48.4808,4157.09216,-0.78474,54.99854,6.4060427764362835,2.3864194873521876,22.999999607662296
12.18052,14.89529,48.39478,4153.694,-0.79651,55.06315,6.473418988051198,2.4115188989535636,22.999999607662296
12.21233,14.94193,48.30762,4150.26057,-0.80709,55.12838,6.542436212142064,2.437229630879869,22.999999607662296
12.24405,14.98857,48.21945,4146.79067,-0.81644,55.19427,6.613002982026823,2.4635176093854025,22.999999607662296
12.2757,15.03521,48.1304,4143.28314,-0.82453,55.2608,6.685020611613782,2.4903460713044216,22.999999607662296
12.30727,15.08186,48.04063,4139.73688,-0.83135,55.32801,6.758382995827879,2.517675489704674,22.999999607662296
12.33876,15.12851,47.95026,4136.15084,-0.83686,55.3959,6.832976447178776,2.5454635130047096,22.999999607662296
12.37016,15.17517,47.85944,4132.52403,-0.84104,55.46448,6.908679573766107,2.5736649195276295,22.999999607662296
12.40148,15.22183,47.76833,4128.85554,-0.84386,55.53376,6.985363204052315,2.602231589476987,22.999999607662296
12.43273,15.26849,47.67707,4125.14451,-0.84532,55.60375,7.062890363784955,2.6311124963397354,22.999999607662296
12.46388,15.31516,47.58581,4121.39015,-0.84539,55.67446,7.141116310347311,2.6602537196827405,22.999999607662296
12.49496,15.36183,47.4947,4117.59176,-0.84406,55.74589,7.219888629627932,2.6895984812392313,22.999999607662296
12.52594,15.40851,47.40389,4113.74874,-0.84132,55.81806,7.299047400251243,2.7190872060890205,22.999999607662296
12.55684,15.45518,47.31354,4109.86054,-0.83716,55.89096,7.378425429611759,2.7486576105874643,22.999999607662296
12.58766,15.50186,47.22379,4105.92674,-0.83159,55.96459,7.457848565650707,2.778244818510451,22.999999607662296
12.61838,15.54854,47.13481,4101.947,-0.82459,56.03897,7.537136087681737,2.8077815066472693,22.999999607662296
12.64902,15.59522,47.04675,4097.92109,-0.81617,56.11408,7.616101178858281,2.837198080807125,22.999999607662296
12.67957,15.64191,46.95975,4093.84889,-0.80633,56.18993,7.694551481951243,2.866422882860957,22.999999607662296
12.71002,15.68859,46.87396,4089.73037,-0.7951,56.26652,7.772289739187801,2.8953824290982246,22.999999607662296
12.74039,15.73528,46.78954,4085.56564,-0.78247,56.34383,7.849114515737049,2.924001679744345,22.999999607662296
12.77066,15.78196,46.70663,4081.35492,-0.76848,56.42186,7.924821005302216,2.9522043390649952,22.999999607662296
12.80084,15.82865,46.62537,4077.09855,-0.75313,56.50061,7.999201914956281,2.979913184990652,22.999999607662296
12.83092,15.87534,46.5459,4072.79698,-0.73647,56.58006,8.072048425039247,3.007050426703593,22.999999607662296
12.86091,15.92202,46.46837,4068.45079,-0.7185,56.6602,8.143151218573182,3.0335380881220755,22.999999607662296
12.89081,15.96871,46.39289,4064.06071,-0.69928,56.74102,8.212301573236346,3.0592984146894375,22.999999607662296
12.92061,16.01539,46.31961,4059.62756,-0.67884,56.82251,8.279292507585874,3.084254300372202,22.999999607662296
12.95031,16.06208,46.24864,4055.15229,-0.65722,56.90464,8.343919971907798,3.1083297312830456,22.999999607662296
12.97991,16.10876,46.18011,4050.63601,-0.63447,56.9874,8.405984072788616,3.1314502418659256,22.999999607662296
13.00942,16.15544,46.11412,4046.0799,-0.61063,57.07076,8.465290319448236,3.153543379187897,22.999999607662296
13.03882,16.20211,46.05078,4041.4853,-0.58577,57.15472,8.521650878849234,3.174539170500336,22.999999607662296
13.06813,16.24879,45.9902,4036.85365,-0.55993,57.23923,8.574885825822271,3.194370588943547,22.999999607662296
13.09733,16.29546,45.93246,4032.18651,-0.53318,57.32428,8.624824373898791,3.2129740120643304,22.999999607662296
13.12644,16.34213,45.87766,4027.48553,-0.50559,57.40984,8.671306072148685,3.230289667669502,22.999999607662296
13.15544,16.38879,45.82587,4022.7525,-0.47722,57.49588,8.714181953310499,3.2462620615346065,22.999999607662296
13.18434,16.43545,45.77716,4017.98926,-0.44815,57.58238,8.753315618601784,3.2608403815243143,22.999999607662296
13.21314,16.4821,45.73161,4013.19779,-0.41844,57.66929,8.788584245157814,3.273978872889849,22.999999607662296
13.24183,16.52875,45.68925,4008.38011,-0.38818,57.7566,8.819879502720962,3.2856371797599064,22.999999607662296
13.27042,16.5754,45.65015,4003.53835,-0.35744,57.84427,8.847108367267278,3.295780648237953,22.999999607662296
13.29891,16.62204,45.61434,3998.67468,-0.3263,57.93226,8.870193820505914,3.304380586984176,22.999999607662296
13.32729,16.66867,45.58184,3993.79136,-0.29484,58.02054,8.889075425716099,3.3114144817299023,22.999999607662296
13.35557,16.7153,45.55269,3988.89066,-0.26315,58.10907,8.903709772085243,3.316866160805235,22.999999607662296
13.38374,16.76192,45.52688,3983.97493,-0.23131,58.19783,8.914070781582225,3.3207259094574284,22.999999607662296
13.41181,16.80853,45.50444,3979.04653,-0.1994,58.28677,8.92014987444068,3.3229905314977626,22.999999607662296
13.43977,16.85514,45.48534,3974.10784,-0.16752,58.37586,8.921955991346286,3.3236633575668963,22.999999607662296
13.46763,16.90173,45.46957,3969.16126,-0.13574,58.46507,8.919515472637718,3.322754200134043,22.999999607662296
13.49539,16.94832,45.45712,3964.20919,-0.10414,58.55435,8.912871796808389,3.3202792560819865,22.999999607662296
13.52303,16.9949,45.44794,3959.25401,-0.07283,58.64367,8.902085182770008,3.3162609585397935,22.999999607662296
13.55058,17.04148,45.44201,3954.29811,-0.04186,58.733,8.887232062145353,3.3107277802979858,22.999999607662296
13.57801,17.08804,45.43926,3949.34383,-0.01133,58.82231,8.86840442974218,3.3037139918429803,22.999999607662296
13.60535,17.1346,45.43964,3944.39348,0.01868,58.91156,8.845709081883488,3.2952593776150763,22.999999607662296
13.63258,17.18114,45.44309,3939.44934,0.0481,59.00071,8.819266753685609,3.285408914621839,22.999999607662296
13.6597,17.22768,45.44954,3934.51361,0.07685,59.08974,8.78921116749629,3.2742124179562513,22.999999607662296
13.68672,17.2742,45.4589,3929.58846,0.10487,59.17861,8.755688005580929,3.2617241580953036,22.999999607662296
13.71363,17.32072,45.47108,3924.67597,0.13207,59.2673,8.718853820781364,3.248002455091736,22.999999607662296
13.74045,17.36723,45.486,3919.77817,0.1584,59.35577,8.678874899162452,3.233109254879954,22.999999607662296
13.76716,17.41372,45.50356,3914.89699,0.18378,59.44401,8.635926088811539,3.217109692973028,22.999999607662296
13.79376,17.46021,45.52364,3910.0343,0.20817,59.53197,8.590189608711123,3.2000716507364064,22.999999607662296
13.82027,17.50668,45.54614,3905.19184,0.2315,59.61965,8.541853851249261,3.1820653092915423,22.999999607662296
13.84667,17.55315,45.57094,3900.3713,0.25373,59.70701,8.491112191303545,3.1631627058683383,22.999999607662296
13.87297,17.5996,45.59791,3895.57426,0.27479,59.79403,8.43816181400671,3.1434372971169915,22.999999607662296
13.89917,17.64604,45.62694,3890.80218,0.29466,59.88071,8.383202572388086,3.122963533549377,22.999999607662296
13.92527,17.69247,45.6579,3886.05646,0.31328,59.96701,8.32643588495816,3.101816448860291,22.999999607662296
13.95127,17.73889,45.69064,3881.33836,0.33062,60.05292,8.268063682157926,3.080071267452113,22.999999607662296
13.97717,17.7853,45.72504,3876.64904,0.34665,60.13843,8.208287409337267,3.057803033018022,22.999999607662296
14.00297,17.83169,45.76096,3871.98959,0.36134,60.22352,8.147307092670458,3.0350862605709397,22.999999607662296
14.02868,17.87808,45.79825,3867.36095,0.37466,60.30819,8.085320473125599,3.0119946138243607,22.999999607662296
14.05429,17.92445,45.83678,3862.76398,0.38659,60.39241,8.022522212353506,2.988600609365072,22.999999607662296
14.0798,17.97081,45.87639,3858.19945,0.39712,60.4762,7.959103173170016,2.9649753486138746,22.999999607662296
14.10522,18.01716,45.91696,3853.66799,0.40623,60.55953,7.895249776117186,2.9411882781277043,22.999999607662296
14.13054,18.0635,45.95831,3849.17016,0.41392,60.64241,7.831143432554112,2.9173069784110446,22.999999607662296
14.15576,18.10983,46.00033,3844.70643,0.42017,60.72483,7.766960053730578,2.893396981032945,22.999999607662296
14.1809,18.15614,46.04285,3840.27713,0.42499,60.80679,7.702869634420271,2.8695216135194337,22.999999607662296
14.20594,18.20245,46.08573,3835.88255,0.42837,60.88829,7.639035908915012,2.845741871202324,22.999999607662296
14.23088,18.24874,46.12884,3831.52286,0.43032,60.96934,7.57561607651669,2.82211631495773,22.999999607662296
14.25574,18.29502,46.17202,3827.19814,0.43085,61.04992,7.5127605930886645,2.7987009935534877,22.999999607662296
14.2805,18.34129,46.21513,3822.9084,0.42998,61.13005,7.450613024808846,2.7755493891683205,22.999999607662296
14.30518,18.38755,46.25803,3818.65355,0.4277,61.20974,7.389309959874552,2.7527123844995818,22.999999607662296
14.32976,18.4338,46.3006,3814.43345,0.42405,61.28899,7.3289809736753995,2.7302382497892372,22.999999607662296
14.35426,18.48003,46.34268,3810.24786,0.41904,61.3678,7.269748642782821,2.708172648035329,22.999999607662296
14.37866,18.52626,46.38415,3806.09648,0.41268,61.44619,7.211728603006147,2.6865586566193946,22.999999607662296
14.40298,18.57247,46.42488,3801.97892,0.40502,61.52416,7.155029646756641,2.66543680357713,22.999999607662296
14.42722,18.61867,46.46474,3797.89477,0.39607,61.60173,7.0997538550023265,2.6448451167550355,22.999999607662296
14.45136,18.66487,46.5036,3793.84351,0.38586,61.6789,7.045996759204152,2.6248191841358977,22.999999607662296
14.47542,18.71105,46.54135,3789.82459,0.37443,61.7557,6.993847528761563,2.6053922236672005,22.999999607662296
14.4994,18.75722,46.57786,3785.83739,0.3618,61.83213,6.9433891796906755,2.586595160999228,22.999999607662296
14.52329,18.80338,46.61303,3781.88124,0.34801,61.9082,6.894698800462329,2.568456713615688,22.999999607662296
14.5471,18.84952,46.64674,3777.95543,0.3331,61.98394,6.8478477911509446,2.551003479922952,22.999999607662296
14.57082,18.89566,46.67888,3774.05918,0.31711,62.05936,6.802902112316264,2.5342600319650503,22.999999607662296
14.59446,18.94179,46.70937,3770.19169,0.30006,62.13447,6.759922540300396,2.5182490105285393,22.999999607662296
14.61801,18.98791,46.73809,3766.3521,0.28202,62.20929,6.718964925843631,2.5029912214837005,22.999999607662296
14.64149,19.03401,46.76495,3762.53952,0.26301,62.28383,6.680080453229262,2.488505732322798,22.999999607662296
14.66488,19.08011,46.78987,3758.75301,0.24308,62.35812,6.643315897409182,2.4748099679461366,22.999999607662296
14.68819,19.1262,46.81276,3754.9916,0.22227,62.43218,6.608713876804172,2.461919804836815,22.999999607662296
14.71143,19.17227,46.83355,3751.25429,0.20064,62.50602,6.57631309971556,2.4498496628555535,22.999999607662296
14.73458,19.21834,46.85215,3747.54004,0.17822,62.57965,6.5461486025217015,2.4386125939751535,22.999999607662296
14.75765,19.26439,46.86849,3743.84779,0.15506,62.65311,6.518251978017808,2.428220367343087,22.999999607662296
14.78064,19.31044,46.88252,3740.17645,0.13121,62.72641,6.492651592507321,2.4186835501537485,22.999999607662296
14.80355,19.35648,46.89417,3736.52488,0.10671,62.79957,6.469372790374912,2.4100115838572793,22.999999607662296
14.82638,19.4025,46.90338,3732.89196,0.08163,62.87261,6.448438085089942,2.4022128553133806,22.999999607662296
14.84914,19.44852,46.91011,3729.2765,0.05599,62.94555,6.4298673357154135,2.3952947625455456,22.999999607662296
14.87181,19.49453,46.9143,3725.67731,0.02987,63.01841,6.413677908143429,2.3892637748055052,22.999999607662296
14.89441,19.54052,46.91592,3722.09317,0.0033,63.09121,6.399884820420556,2.384125486710755,22.999999607662296
14.91693,19.58651,46.91493,3718.52285,-0.02367,63.16398,6.388500871605273,2.379884666247342,22.999999607662296
14.93937,19.63249,46.9113,3714.96509,-0.05097,63.23674,6.379536753737265,2.3765452964813734,22.999999607662296
14.96173,19.67845,46.90501,3711.41861,-0.07857,63.3095,6.373001146568762,2.3741106108489314,22.999999607662296
14.98401,19.72441,46.89603,3707.88214,-0.10641,63.38229,6.368900794789592,2.3725831219244427,22.999999607662296
15.00622,19.77036,46.88435,3704.35435,-0.13443,63.45513,6.3672405675692625,2.371964643601662,22.999999607662296
15.02835,19.8163,46.86995,3700.83392,-0.1626,63.52804,6.368023500295482,2.3722563066423787,22.999999607662296
15.0504,19.86223,46.85284,3697.31952,-0.19084,63.60105,6.371250818437249,2.373458567566038,22.999999607662296
15.07238,19.90815,46.83301,3693.80979,-0.21912,63.67418,6.376921943567342,2.37557121089328,22.999999607662296
15.09428,19.95406,46.81046,3690.30337,-0.24737,63.74745,6.385034481583105,2.3785933447578738,22.999999607662296
15.1161,19.99996,46.78521,3686.79889,-0.27555,63.82088,6.395584193265536,2.3825233899391995,22.999999607662296
15.13784,20.04585,46.75728,3683.29497,-0.3036,63.89449,6.4085649473512225,2.3873590623803134,22.999999607662296
15.15951,20.09173,46.72667,3679.79019,-0.33148,63.96831,6.423968656380455,2.3930973492896794,22.999999607662296
15.18109,20.1376,46.69342,3676.28317,-0.35913,64.04236,6.441785195614902,2.399734478935871,22.999999607662296
15.2026,20.18345,46.65755,3672.7725,-0.38649,64.11665,6.462002305445585,2.407265884291975,22.999999607662296
15.22403,20.2293,46.61911,3669.25675,-0.41352,64.19123,6.4846054777282855,2.4156861606925357,22.999999607662296
15.24539,20.27514,46.57812,3665.7345,-0.44016,64.26609,6.509577826638217,2.4249890177235307,22.999999607662296
15.26666,20.32097,46.53464,3662.20435,-0.46636,64.34128,6.536899944684657,2.435167225584021,22.999999607662296
15.28786,20.36679,46.48871,3658.66485,-0.49208,64.41681,6.566549744661514,2.44621255620859,22.999999607662296
15.30898,20.4126,46.4404,3655.1146,-0.51725,64.49269,6.598502288409988,2.45811571947692,22.999999607662296
15.33002,20.45839,46.38974,3651.55215,-0.54184,64.56896,6.632729603430136,2.4708662948967834,22.999999607662296
15.35098,20.50418,46.33682,3647.97611,-0.56578,64.64564,6.66920048849192,2.484452659189037,22.999999607662296
15.37188,20.54994,46.2823,3644.38357,-0.57652,64.66113,6.707310929224267,2.4986498011078813,0
15.39275,20.59567,46.22684,3640.77207,-0.58646,64.67664,6.746440982181296,2.513226775408033,0
15.41359,20.64137,46.17053,3637.14085,-0.59559,64.69216,6.78652697335377,2.5281598618456846,0
15.43439,20.68703,46.11344,3633.48919,-0.60388,64.70769,6.827502672403554,2.5434243878772573,0
15.45517,20.73265,46.05567,3629.8164,-0.61131,64.72323,6.86929855739246,2.558994454751544,0
15.47591,20.77824,45.99729,3626.12182,-0.61786,64.73879,6.911841832929756,2.5748429442701357,0
15.49661,20.82379,45.93839,3622.40482,-0.62352,64.75435,6.955056466041352,2.590941532149634,0
15.51729,20.86931,45.87906,3618.66482,-0.62826,64.76993,6.998863241223978,2.607260708530787,0
15.53793,20.91479,45.81939,3614.90129,-0.63208,64.78552,7.043179836063428,2.6237698061482697,0
15.55854,20.96023,45.75946,3611.11372,-0.63496,64.80111,7.087920918689552,2.640437036635234,0
15.57911,21.00564,45.69936,3607.30167,-0.63689,64.81672,7.1329982682150535,2.657229535389931,0
15.59965,21.05101,45.63919,3603.46472,-0.63786,64.83234,7.178320919169868,2.6741134153813166,0
15.62016,21.09634,45.57905,3599.60253,-0.63786,64.84797,7.223795330774604,2.691053830207861,0
15.64063,21.14163,45.51901,3595.71479,-0.6369,64.8636,7.269325581661554,2.7080150466362496,0
15.66107,21.18689,45.45917,3591.80125,-0.63497,64.87925,7.314813590480094,2.7249605267826995,0
15.68148,21.2321,45.39962,3587.86172,-0.63207,64.89491,7.360159362527742,2.741853019989518,0
15.70185,21.27728,45.34046,3583.89606,-0.6282,64.91057,7.405261262308833,2.7586546643603773,0
15.72219,21.32242,45.28177,3579.90419,-0.62337,64.92625,7.4500163116276426,2.7753270978078532,0
15.74249,21.36752,45.22365,3575.88609,-0.61759,64.94193,7.49432051249873,2.791831578346016,0
15.76276,21.41257,45.16617,3571.8418,-0.61087,64.95762,7.5380691938608,2.8081291132504713,0
15.78299,21.45759,45.10943,3567.77142,-0.60323,64.97332,7.581157380732687,2.8241805965786777,0
15.80319,21.50257,45.05351,3563.67513,-0.59466,64.98902,7.623480184125282,2.8399469544223965,0
15.82335,21.5475,44.9985,3559.55315,-0.58521,65.00474,7.664933209680809,2.8553892971365746,0
15.84348,21.5924,44.94447,3555.40576,-0.57488,65.02046,7.705412982691851,2.870469077670118,0
15.86358,21.63725,44.89151,3551.23332,-0.5637,65.03618,7.744817386824021,2.885148255001622,0
15.88363,21.68206,44.83968,3547.03625,-0.5517,65.05192,7.783046113561375,2.8993894615696236,0
15.90366,21.72683,44.78907,3542.81503,-0.53889,65.06766,7.8200011191645205,2.9131561735015126,0
15.92364,21.77155,44.73974,3538.5702,-0.52533,65.08341,7.855587085596858,2.9264128823206867,0
15.9436,21.81624,44.69176,3534.30236,-0.51103,65.09916,7.889711881769469,2.9391252667724097,0
15.96351,21.86087,44.64519,3530.01216,-0.49603,65.11492,7.922287021208615,2.9512603633169943,0
15.98339,21.90547,44.6001,3525.70033,-0.48037,65.13068,7.953228112164269,2.9627867338070746,0
16.00324,21.95002,44.55653,3521.36764,-0.46409,65.14645,7.982455296105381,2.973674628838631,0
16.02304,21.99452,44.51455,3517.01491,-0.44723,65.16223,8.009893671,2.9838961452573933,0
16.04281,22.03898,44.47419,3512.64302,-0.42984,65.17801,8.035473692040002,2.9934253763222314,0
16.06255,22.0834,44.43551,3508.2529,-0.41196,65.19379,8.059131555820649,3.0022385530563813,0
16.08225,22.12777,44.39853,3503.84553,-0.39363,65.20958,8.080809547638337,3.010314175390763,0
16.10191,22.1721,44.3633,3499.42191,-0.3749,65.22538,8.100456364922403,3.0176331317679517,0
16.12154,22.21638,44.32985,3494.98309,-0.35583,65.24117,8.118027403575637,3.0241788059881327,0
16.14113,22.26061,44.29819,3490.53018,-0.33647,65.25698,8.133485007598953,3.0299371702008577,0
16.16068,22.3048,44.26836,3486.06428,-0.31686,65.27278,8.146798678933218,3.0348968630766464,0
16.1802,22.34894,44.24036,3481.58656,-0.29706,65.2886,8.15794524535406,3.0390492523522243,0
16.19968,22.39303,44.21421,3477.09817,-0.27712,65.30441,8.16690898470688,3.042388481111326,0
16.21912,22.43708,44.18991,3472.60032,-0.2571,65.32023,8.173681704251443,3.0449114973426523,0
16.23853,22.48108,44.16746,3468.09422,-0.23705,65.33605,8.178262774353598,3.046618066490913,0
16.2579,22.52504,44.14686,3463.58109,-0.21702,65.35187,8.180659116315438,3.047510766923251,0
16.27723,22.56894,44.1281,3459.06216,-0.19707,65.3677,8.180885144606886,3.047594968408977,0
16.29653,22.6128,44.11117,3454.53866,-0.17725,65.38354,8.17896266428607,3.046878793905972,0
16.31579,22.65661,44.09604,3450.01182,-0.15762,65.39937,8.17492072486919,3.045373065123357,0
16.33501,22.70038,44.08269,3445.48288,-0.13822,65.41521,8.168795432389793,3.0430912325086372,0
16.3542,22.74409,44.07109,3440.95305,-0.11911,65.43105,8.160629721812374,3.040049290465772,0
16.37334,22.78776,44.06121,3436.42355,-0.10035,65.44689,8.150473092360187,3.0362656787578275,0
16.39246,22.83138,44.05302,3431.89555,-0.08197,65.46274,8.13838130866584,3.031761171177708,0
16.41153,22.87496,44.04647,3427.37022,-0.06404,65.47859,8.124416070968604,3.026558752687969,0
16.43057,22.91848,44.04151,3422.84873,-0.04658,65.49444,8.108644657801637,3.0206834863124183,0
16.44957,22.96196,44.0381,3418.33217,-0.02966,65.5103,8.091139544856194,3.0141623711529992,0
16.46854,23.00539,44.03619,3413.82164,-0.01332,65.52616,8.071978003784821,3.0070241929334243,0
16.48747,23.04878,44.0357,3409.3182,0.00241,65.54202,8.051241684847543,2.999299368523901,0
16.50636,23.09211,44.0366,3404.82286,0.01749,65.55788,8.029016187292234,2.9910197858965115,0
16.52522,23.1354,44.0388,3400.3366,0.03187,65.57375,8.005390621333111,2.9822186409506863,0
16.54404,23.17864,44.04225,3395.86035,0.04552,65.58962,7.980457165546424,2.9729302726314404,0
16.56282,23.22184,44.04687,3391.39502,0.05841,65.60549,7.9543106233305965,2.9631899976991143,0
16.58157,23.26498,44.0526,3386.94144,0.0705,65.62137,7.927047981951843,2.9530339464622632,0
16.60028,23.30808,44.05935,3382.50043,0.08178,65.63725,7.898767977454927,2.942498900695461,0
16.61895,23.35113,44.06705,3378.07273,0.0922,65.65313,7.869570668521858,2.9316221348904596,0
16.63759,23.39414,44.07563,3373.65904,0.10175,65.66901,7.839557022055518,2.920441261875182,0
16.6562,23.4371,44.085,3369.26001,0.11041,65.6849,7.808828513021208,2.9089940837441683,0
16.67477,23.48001,44.09508,3364.87626,0.11816,65.70079,7.777486740750095,2.89731844892152,0
16.6933,23.52288,44.10579,3360.50832,0.12498,65.71669,7.745633063634468,2.885452116075262,0
16.71179,23.5657,44.11704,3356.15669,0.13085,65.73259,7.713368253789053,2.8734326254696057,0
16.73026,23.60847,44.12876,3351.82181,0.13578,65.74849,7.680792172992011,2.861297178244436,0
16.74868,23.6512,44.14084,3347.50407,0.13974,65.76439,7.648003470895239,2.8490825239907145,0
16.76707,23.69388,44.15322,3343.20381,0.14273,65.7803,7.615099306172777,2.836824856870918,0
16.78543,23.73652,44.1658,3338.92131,0.14476,65.79621,7.582175091054709,2.8245597204512016,0
16.80375,23.77911,44.1785,3334.6568,0.14581,65.81213,7.549324259367866,2.8123219212904504,0
16.82204,23.82166,44.19123,3330.41046,0.14589,65.82805,7.516638058004237,2.8001454512567805,0
16.84029,23.86416,44.20391,3326.18242,0.145,65.84397,7.484205361492558,2.7880634184505766,0
16.85851,23.90662,44.21646,3321.97276,0.14316,65.8599,7.4521125091354365,2.776107986533783,0
16.87669,23.94903,44.22878,3317.78151,0.14036,65.87583,7.420443164027173,2.764310322210335,0
16.89484,23.9914,44.24081,3313.60864,0.13661,65.89177,7.389278193059445,2.7527005505251196,0
16.91296,24.03373,44.25246,3309.4541,0.13194,65.90771,7.358695566936942,2.741307717617165,0
16.93104,24.07601,44.26365,3305.31778,0.12635,65.92365,7.328770279078776,2.730159760508286,0
16.94909,24.11825,44.2743,3301.1995,0.11986,65.9396,7.299574282190373,2.7192834834744457,0
16.9671,24.16044,44.28434,3297.09908,0.11249,65.95555,7.27117644125279,2.7087045405330312,0
16.98508,24.20259,44.29369,3293.01626,0.10426,65.97151,7.2436425015763,2.6984474235419853,0
17.00303,24.2447,44.30229,3288.95077,0.09519,65.98747,7.217035070570089,2.6885354554085277,0
17.02094,24.28677,44.31006,3284.90228,0.0853,66.00344,7.191413611848205,2.6789907878934742,0
17.03882,24.32879,44.31694,3280.87042,0.07462,66.01941,7.166834450292406,2.6698344034972763,0
17.05667,24.37077,44.32286,3276.8548,0.06318,66.03539,7.143350786700191,2.6610861209167993,0
17.07448,24.41271,44.32776,3272.85497,0.05101,66.05137,7.121012720691078,2.6527646035785146,0
17.09226,24.45461,44.33158,3268.87048,0.03813,66.06735,7.099867280546088,2.6448873707544918,0
17.11001,24.49647,44.33427,3264.90081,0.02457,66.08334,7.0799584587269955,2.6374708107942513,0
17.12773,24.53828,44.33577,3260.94543,0.01037,66.09934,7.061327251873383,2.6305301960247247,0
17.14541,24.58005,44.33602,3257.00377,-0.00444,66.11534,7.0440117041080255,2.624079698882648,0
17.16306,24.62178,44.33499,3253.07524,-0.01983,66.13135,7.028046952580222,2.6181324088806477,0
17.18068,24.66347,44.33263,3249.15922,-0.03575,66.14736,7.01346527421857,2.6127003500238835,0
17.19826,24.70512,44.3289,3245.25506,-0.05218,66.16338,7.000296132746929,2.607794498324731,0
17.21582,24.74673,44.32375,3241.36208,-0.06908,66.1794,6.988566225095009,2.603424799091946,0
17.23334,24.7883,44.31716,3237.47958,-0.08641,66.19542,6.978299526398073,2.5996001836942373,0
17.25083,24.82982,44.3091,3233.60685,-0.10413,66.21146,6.9695173328692,2.596328585531313,0
17.26829,24.87131,44.29952,3229.74315,-0.1222,66.22749,6.962238301895427,2.5936169549707517,0
17.28571,24.91275,44.28842,3225.88772,-0.14058,66.24354,6.956478488801736,2.591471273043548,0
17.30311,24.95416,44.27577,3222.03977,-0.15924,66.25958,6.9522513797791445,2.5898965637107003,0
17.32047,24.99552,44.26155,3218.19851,-0.17812,66.27564,6.949567920573755,2.588896904550632,0
17.3378,25.03685,44.24576,3214.36314,-0.1972,66.2917,6.948436540604858,2.588475435743819,0
17.3551,25.07813,44.22836,3210.53281,-0.21642,66.30776,6.948863172249164,2.5886343672566774,0
17.37236,25.11938,44.20937,3206.7067,-0.23575,66.32383,6.950851265093016,2.5893749841508833,0
17.3896,25.16058,44.18878,3202.88396,-0.25515,66.3399,6.954401795081003,2.590697649991475,0
17.4068,25.20174,44.16658,3199.06371,-0.27457,66.35598,6.959513268485609,2.5926018083256497,0
17.42397,25.24287,44.14279,3195.2451,-0.29397,66.37206,6.966181720761382,2.5950859822559145,0
17.44111,25.28395,44.11741,3191.42724,-0.31331,66.38815,6.974400710396295,2.598147772149552,0
17.45822,25.32499,44.09044,3187.60925,-0.33255,66.40424,6.984161307939578,2.6017838515512026,0
17.4753,25.366,44.06191,3183.79024,-0.35164,66.42034,6.995452080461675,2.6059899613937882,0
17.49235,25.40696,44.03183,3179.96932,-0.37055,66.43644,7.008259071792008,2.6107609026365592,0
17.50936,25.44788,44.00022,3176.14559,-0.38923,66.45255,7.022565778920464,2.6160905274740296,0
17.52635,25.48877,43.96711,3172.31815,-0.40765,66.46866,7.038353125050574,2.621971729297572,0
17.5433,25.52961,43.93252,3168.48611,-0.42575,66.48478,7.055599429842466,2.6283964316101405,0
17.56022,25.57041,43.89648,3164.64859,-0.44351,66.5009,7.074280377455368,2.6353555761212606,0
17.57711,25.61117,43.85904,3160.80468,-0.46088,66.51703,7.094368983084259,2.642839110281047,0
17.59397,25.65189,43.82022,3156.95352,-0.47783,66.53315,7.115835558731233,2.650835974529144,0
17.61079,25.69257,43.78007,3153.09423,-0.49431,66.54929,7.13864767902492,2.6593340895615505,0
17.62759,25.73321,43.73863,3149.22594,-0.51029,66.56542,7.162770147968975,2.6683203439435683,0
17.64435,25.77381,43.69594,3145.3478,-0.52574,66.58156,7.188164967552215,2.677780582416242,0
17.66109,25.81436,43.65206,3141.45897,-0.54061,66.59771,7.214791309212912,2.6876995952660647,0
17.67779,25.85488,43.60704,3137.55862,-0.55488,66.61385,7.242605489186468,2.6980611091413342,0
17.69446,25.89535,43.56093,3133.64596,-0.56851,66.63,7.271560948834561,2.7088477797242443,0
17.71109,25.93578,43.51378,3129.72017,-0.58146,66.64616,7.301608241060439,2.7200411866702234,0
17.7277,25.97617,43.46566,3125.78051,-0.59372,66.66231,7.332695023977298,2.731621831249239,0
17.74427,26.01652,43.41663,3121.82621,-0.60524,66.67847,7.364766062979914,2.743569137117536,0
17.76082,26.05683,43.36675,3117.85656,-0.616,66.69464,7.397763242415643,2.7558614546653875,0
17.77733,26.09709,43.31609,3113.87086,-0.62598,66.7108,7.431625588017625,2.7684760693740613,0
17.79381,26.13731,43.26472,3109.86844,-0.63515,66.72697,7.4662893012892715,2.7813892146249373,0
17.81025,26.17749,43.21269,3105.84867,-0.64349,66.74313,7.501687806943036,2.7945760893717035,0
17.82667,26.21762,43.1601,3101.81093,-0.65098,66.7593,7.5377518145158025,2.8080108810937063,0
17.84305,26.25771,43.107,3097.75467,-0.65759,66.77547,7.574409395181864,2.8216667944108114,0
17.8594,26.29776,43.05346,3093.67934,-0.66332,66.79165,7.61158607472915,2.8355160857194845,0
17.87572,26.33776,42.99958,3089.58445,-0.66814,66.80782,7.649204943581281,2.849530104178914,0
17.892,26.37772,42.94541,3085.46955,-0.67204,66.824,7.687186784594514,2.8636793393187263,0
17.90826,26.41763,42.89103,3081.33421,-0.67501,66.84017,7.725450219301212,2.87793347551853,0
17.92448,26.4575,42.83653,3077.17807,-0.67705,66.85635,7.763911873057387,2.8922614535297204,0
17.94067,26.49733,42.78197,3073.0008,-0.67814,66.87252,7.802486559443416,2.9066315391696005,0
17.95683,26.5371,42.72744,3068.80213,-0.67828,66.8887,7.841087484046179,2.9210113992355815,0
17.97295,26.57684,42.67301,3064.58181,-0.67748,66.90488,7.879626467599624,2.9353681846309256,0
17.98904,26.61652,42.61876,3060.33968,-0.67573,66.92105,7.918014188201808,2.949668620596956,0
18.0051,26.65616,42.56476,3056.07561,-0.67303,66.93723,7.956160442158386,2.9638791038841292,0
18.02112,26.69576,42.5111,3051.7895,-0.66939,66.9534,7.993974422733941,2.9779658065942325,0
18.03711,26.7353,42.45783,3047.48134,-0.66483,66.96957,8.031365015882788,2.9918947863478924,0
18.05307,26.7748,42.40504,3043.15115,-0.65934,66.98575,8.068241111747913,3.005632102326129,0
18.069,26.81425,42.3528,3038.79902,-0.65295,67.00192,8.104511930565218,3.0191439366782546,0
18.08489,26.85366,42.30117,3034.42508,-0.64567,67.01809,8.140087361234798,3.032396720648589,0
18.10075,26.89301,42.25023,3030.02952,-0.63752,67.03425,8.174878310741418,3.0453572647447795,0
18.11658,26.93232,42.20005,3025.61258,-0.62852,67.05042,8.20879706225606,3.057992892140048,0
18.13237,26.97158,42.15069,3021.17457,-0.6187,67.06658,8.241757639637669,3.070271574459682,0
18.14813,27.01079,42.1022,3016.71584,-0.60808,67.08274,8.273676175826845,3.0821620690173814,0
18.16385,27.04994,42.05466,3012.23679,-0.59668,67.0989,8.304471282448732,3.0936340565020544,0
18.17954,27.08905,42.00811,3007.73788,-0.58455,67.11505,8.334064417861844,3.104658278085694,0
18.1952,27.12811,41.96262,3003.21963,-0.57171,67.1312,8.362380250726437,3.1152066708621566,0
18.21082,27.16712,41.91823,2998.68258,-0.55821,67.14735,8.389347016123976,3.1252525005110408,0
18.22641,27.20608,41.87499,2994.12735,-0.54407,67.16349,8.41489686124047,3.134770490073819,0
18.24197,27.24499,41.83295,2989.5546,-0.52934,67.17963,8.438966177605115,3.143736943721477,0
18.25749,27.28384,41.79215,2984.96501,-0.51406,67.19576,8.461495916922068,3.1521298644101607,0
18.27298,27.32265,41.75262,2980.35934,-0.49828,67.2119,8.482431887656777,3.1599290643673825,0
18.28843,27.3614,41.7144,2975.73837,-0.48204,67.22802,8.501725029609833,3.167116267378013,0
18.30385,27.4001,41.67752,2971.10291,-0.46538,67.24414,8.519331663913238,3.1736752019144605,0
18.31923,27.43875,41.64201,2966.45382,-0.44835,67.26026,8.535213716098742,3.179591684235503,0
18.33458,27.47735,41.60789,2961.79198,-0.43101,67.27638,8.549338910076095,3.1848536906482887,0
18.3499,27.51589,41.57518,2957.11831,-0.4134,67.29248,8.561680931196117,3.1894514182536158,0
18.36518,27.55438,41.54389,2952.43376,-0.39558,67.30859,8.572219556823182,3.1933773335876268,0
18.38043,27.59282,41.51403,2947.73928,-0.37759,67.32468,8.580940753173845,3.196626208696735,0
18.39564,27.63121,41.48561,2943.03585,-0.35949,67.34078,8.58783673755849,3.1991951443242845,0
18.41082,27.66954,41.45864,2938.32449,-0.34134,67.35686,8.592906005459316,3.2010835799978077,0
18.42596,27.70782,41.4331,2933.60619,-0.32318,67.37294,8.59615332228984,3.2022932909592265,0
18.44107,27.74605,41.40899,2928.88198,-0.30507,67.38902,8.597589680003326,3.202828372000346,0
18.45615,27.78422,41.38631,2924.15289,-0.28706,67.40509,8.59723221912539,3.2026952084179525,0
18.47119,27.82234,41.36503,2919.41994,-0.26921,67.42115,8.595104117074026,3.201902434410085,0
18.4862,27.8604,41.34515,2914.68417,-0.25156,67.43721,8.591234444025064,3.2004608793821205,0
18.50117,27.89841,41.32663,2909.94659,-0.23417,67.45326,8.58565798784371,3.198383502729174,0
18.5161,27.93637,41.30946,2905.20822,-0.21709,67.46931,8.578415049921633,3.1956853177800335,0
18.53101,27.97427,41.2936,2900.47006,-0.20036,67.48535,8.569551213997046,3.1923833056765663,0
18.54588,28.01212,41.27902,2895.7331,-0.18404,67.50138,8.559117090268138,3.1884963200492296,0
18.56071,28.04991,41.26569,2890.99831,-0.16817,67.51741,8.547168037296005,3.1840449834186044,0
18.57551,28.08765,41.25355,2886.26664,-0.1528,67.53343,8.53376386433668,3.179051576306239,0
18.59028,28.12534,41.24258,2881.53902,-0.13797,67.54945,8.518968516879239,3.1735399200893215,0
18.60501,28.16297,41.23272,2876.81635,-0.12372,67.56546,8.50284974819798,3.167535254645224,0
18.61971,28.20055,41.22393,2872.09951,-0.1101,67.58146,8.485478779803234,3.161064111860495,0
18.63437,28.23807,41.21615,2867.38933,-0.09713,67.59746,8.466929953639092,3.1541541860653632,0
18.649,28.27554,41.20932,2862.68662,-0.08486,67.61345,8.447280378865399,3.146834202450734,0
18.6636,28.31296,41.20341,2857.99216,-0.07332,67.62943,8.426609575962216,3.139133784487741,0
18.67816,28.35032,41.19833,2853.30668,-0.06255,67.64541,8.404999120808224,3.131083321337583,0
18.69269,28.38763,41.19404,2848.63089,-0.05256,67.66139,8.382532291257013,3.122713836191894,0
18.70718,28.42489,41.19047,2843.96544,-0.04339,67.67735,8.359293718561679,3.1140568564192357,0
18.72164,28.46209,41.18756,2839.31095,-0.03507,67.69331,8.33536904583922,3.1051442863340952,0
18.73607,28.49923,41.18524,2834.668,-0.0276,67.70927,8.31084459556283,3.0960082833290175,0
18.75047,28.53633,41.18344,2830.03712,-0.02102,67.72522,8.28580704788823,3.0866811380427013,0
18.76483,28.57337,41.1821,2825.41879,-0.01534,67.74116,8.260343131367534,3.0771951591427755,0
18.77915,28.61036,41.18115,2820.81347,-0.01057,67.7571,8.234539327420563,3.067582563233586,0
18.79345,28.6473,41.18051,2816.22154,-0.00672,67.77303,8.208481589693124,3.057875370309771,0
18.80771,28.68418,41.18013,2811.64337,-0.00381,67.78896,8.182255079226293,3.0481053050998557,0
18.82194,28.72101,41.17993,2807.07926,-0.00184,67.80488,8.15594391613639,3.0383037045605015,0
18.83614,28.75779,41.17984,2802.52948,-0.00081,67.82079,8.129630948288996,3.0285014317014958,0
18.8503,28.79451,41.17979,2797.99424,-0.00072,67.8367,8.103397537273084,3.0187287958554823,0
18.86443,28.83119,41.17971,2793.47372,-0.00158,67.85261,8.077323361784444,3.0090154794331174,0
18.87853,28.86781,41.17953,2788.96804,-0.00337,67.86851,8.051486238344852,2.999390471136238,0
18.8926,28.90438,41.1792,2784.47728,-0.0061,67.8844,8.02596195912847,2.9898820055439304,0
18.90663,28.94089,41.17862,2780.0015,-0.00975,67.90029,8.000824146543383,2.98051750894033,0
18.92063,28.97736,41.17775,2775.54068,-0.01432,67.91617,7.976144124035087,2.9713235511855154,0
18.93461,29.01378,41.17652,2771.09478,-0.01979,67.93205,7.951990802527111,2.9623258034116575,0
18.94854,29.05014,41.17486,2766.66372,-0.02615,67.94793,7.928430581769873,2.9535490012728705,0
18.96245,29.08645,41.17271,2762.24737,-0.03337,67.9638,7.905527265798315,2.945016913450953,0
18.97632,29.12272,41.17001,2757.84556,-0.04144,67.97966,7.88334199166598,2.9367523151069643,0
18.99017,29.15893,41.16671,2753.45808,-0.05034,67.99552,7.861933170505601,2.928776965924737,0
19.00398,29.19509,41.16274,2749.0847,-0.06005,68.01138,7.841356439994301,2.921111592402913,0
19.01776,29.2312,41.15805,2744.72513,-0.07054,68.02723,7.82166462723804,2.91377587402843,0
19.03151,29.26726,41.15258,2740.37907,-0.08178,68.04308,7.802907721094422,2.90678843296603,0
19.04523,29.30327,41.1463,2736.04616,-0.09374,68.05892,7.785132852940528,2.9001668268937757,0
19.05892,29.33923,41.13914,2731.72603,-0.1064,68.07475,7.76838428492361,2.8939275446261274,0
19.07257,29.37514,41.13106,2727.41825,-0.11973,68.09059,7.752703404723231,2.888086004162697,0
19.0862,29.411,41.12203,2723.1224,-0.13368,68.10642,7.73812872591569,2.8826565528240087,0
19.09979,29.44681,41.11199,2718.83799,-0.14824,68.12224,7.7246958930278655,2.8776524691341896,0
19.11335,29.48258,41.10091,2714.56452,-0.16335,68.13806,7.712437690445807,2.8730859661396515,0
19.12689,29.51829,41.08876,2710.30147,-0.17899,68.15388,7.7013840543806715,2.8689681958667195,0
19.14039,29.55395,41.0755,2706.04829,-0.19512,68.16969,7.691562087121221,2.8653092546310623,0
19.15386,29.58957,41.0611,2701.8044,-0.2117,68.1855,7.682996072912547,2.8621181889529326,0
19.1673,29.62513,41.04554,2697.5692,-0.22868,68.2013,7.6757074947977895,2.8594030018311534,0
19.18072,29.66065,41.0288,2693.34207,-0.24604,68.2171,7.6697150518855945,2.857170659175698,0
19.1941,29.69612,41.01084,2689.12237,-0.26373,68.2329,7.665034676526509,2.855427096206352,0
19.20745,29.73154,40.99166,2684.90944,-0.2817,68.24869,7.661679550956867,2.854177223652994,0
19.22077,29.76691,40.97123,2680.70261,-0.29992,68.26448,7.659660123070076,2.8534249336308184,0
19.23406,29.80223,40.94956,2676.50119,-0.31835,68.28026,7.658984120986086,2.8531731050678473,0
19.24732,29.8375,40.92662,2672.30446,-0.33693,68.29604,7.6596565662210985,2.8534236086109876,0
19.26055,29.87273,40.90241,2668.11171,-0.35563,68.31182,7.661679785293708,2.8541773109496322,0
19.27375,29.90791,40.87694,2663.92222,-0.37441,68.32759,7.6650534196705244,2.855434078520659,0
19.28692,29.94303,40.85019,2659.73523,-0.39321,68.34336,7.66977443404843,2.8571927805937936,0
19.30007,29.97811,40.82218,2655.55,-0.412,68.35912,7.675837123024209,2.8594512917562187,0
19.31318,30.01314,40.79291,2651.36578,-0.43073,68.37488,7.683233116260961,2.8622064938372027,0
19.32626,30.04813,40.76239,2647.18179,-0.44937,68.39063,7.691951382356886,2.865454277349322,0
19.33931,30.08306,40.73063,2642.99728,-0.46785,68.40638,7.701978231649589,2.869189542533136,0
19.35233,30.11794,40.69765,2638.81148,-0.48616,68.42212,7.713297318288422,2.873406200129195,0
19.36533,30.15278,40.66346,2634.62362,-0.50423,68.43786,7.7258896419364,2.878097172012042,0
19.37829,30.18757,40.6281,2630.43292,-0.52203,68.4536,7.739733549542574,2.883254391850474,0
19.39122,30.22231,40.59157,2626.23863,-0.53952,68.46933,7.754804737686234,2.888868805980813,0
19.40413,30.257,40.55392,2622.03997,-0.55666,68.48506,7.771076256020119,2.894930374689599,0
19.417,30.29164,40.51516,2617.83619,-0.57341,68.50078,7.788518512403031,2.90142807412562,0
19.42985,30.32623,40.47533,2613.62655,-0.58972,68.51649,7.8070992803838095,2.908349899087889,0
19.44266,30.36077,40.43447,2609.4103,-0.60556,68.5322,7.826783709678667,2.915682866928729,0
19.45545,30.39527,40.39261,2605.18671,-0.6209,68.54791,7.847534340378429,2.923413022846343,0
19.46821,30.42971,40.34979,2600.95506,-0.63569,68.56361,7.86931112159898,2.9315254468325973,0
19.48093,30.46411,40.30605,2596.71466,-0.64991,68.5793,7.892071435366391,2.9400042625708545,0
19.49363,30.49845,40.26144,2592.4648,-0.66351,68.59499,7.915770126479338,2.9488326485605185,0
19.5063,30.53275,40.21601,2588.20482,-0.67647,68.61067,7.94035953914905,2.9579928517663716,0
19.51893,30.56699,40.16979,2583.93408,-0.68876,68.62635,7.965789561189635,2.967466204080639,0
19.53154,30.60119,40.12284,2579.65193,-0.70034,68.64202,7.9920076765179155,2.977233141880555,0
19.54412,30.63533,40.07521,2575.35778,-0.7112,68.65768,8.018959026728083,2.9872732289665462,0
19.55667,30.66943,40.02696,2571.05104,-0.72129,68.67334,8.046586482438206,2.9975651831406753,0
19.56919,30.70347,39.97813,2566.73115,-0.73061,68.68899,8.074830725085025,3.0080869066773652,0
19.58168,30.73746,39.92879,2562.39759,-0.73912,68.70464,8.103630339799652,3.018815520922032,0
19.59414,30.77141,39.87899,2558.04986,-0.74682,68.72027,8.132921919910126,3.0297274052210414,0
19.60657,30.8053,39.82878,2553.68748,-0.75367,68.7359,8.162640183537905,3.040798240356964,0
19.61897,30.83914,39.77824,2549.31003,-0.75967,68.75152,8.192718102714759,3.0520030566480254,0
19.63134,30.87292,39.72741,2544.91711,-0.7648,68.76714,8.22308704528395,3.0633162868100183,0
19.64368,30.90666,39.67635,2540.50834,-0.76905,68.78275,8.253676929777594,3.074711823652202,0
19.65599,30.94034,39.62513,2536.0834,-0.77241,68.79834,8.28441639335579,3.086163082639045,0
19.66827,30.97397,39.57381,2531.64201,-0.77487,68.81394,8.31523297270496,3.097643069279612,0
19.68052,31.00755,39.52244,2527.18391,-0.77644,68.82952,8.346053297741042,3.10912445128711,0
19.69274,31.04107,39.47109,2522.70888,-0.7771,68.84509,8.376803297730266,3.120579635364289,0
19.70493,31.07455,39.41981,2518.21677,-0.77687,68.86066,8.40740841936651,3.1319808484430047,0
19.71709,31.10796,39.36868,2513.70744,-0.77573,68.87621,8.437793856127774,3.1433002231255336,0
19.72921,31.14133,39.31774,2509.18082,-0.77371,68.89176,8.46788478811744,3.1545098870317547,0
19.74131,31.17464,39.26705,2504.63685,-0.7708,68.9073,8.49760663143841,3.1655820556975796,0
19.75338,31.2079,39.21667,2500.07555,-0.76702,68.92283,8.526885295962801,3.1764891286009425,0
19.76542,31.2411,39.16667,2495.49697,-0.76238,68.93835,8.555647450244042,3.18720378784853,0
19.77743,31.27424,39.11708,2490.90119,-0.7569,68.95385,8.583820792156622,3.197699098996206,0
19.78941,31.30734,39.06797,2486.28836,-0.7506,68.96935,8.611334323730402,3.2079486134320234,0
19.80135,31.34037,39.01939,2481.65866,-0.7435,68.98484,8.638118628490602,3.2179264716926697,0
19.81327,31.37336,38.97138,2477.01231,-0.73562,69.00032,8.664106149571651,3.2276075070681927,0
19.82515,31.40628,38.924,2472.34957,-0.72698,69.01579,8.689231466706845,3.2369673487879336,0
19.83701,31.43915,38.87729,2467.67078,-0.71763,69.03124,8.713431570174494,3.245982524072676,0
19.84883,31.47196,38.83129,2462.97627,-0.70758,69.04669,8.736646129719702,3.254630558315089,0
19.86063,31.50472,38.78605,2458.26644,-0.69687,69.06212,8.758817756433867,3.2628900726367234,0
19.87239,31.53742,38.74161,2453.54173,-0.68553,69.07755,8.779892255572205,3.2707408780691996,0
19.88412,31.57007,38.698,2448.80261,-0.67361,69.09296,8.79981886830532,3.27816406561302,0
19.89582,31.60265,38.65525,2444.04959,-0.66114,69.10836,8.818550500460807,3.285142091449844,0
19.90749,31.63518,38.6134,2439.28322,-0.64816,69.12374,8.836043936358175,3.291658856601613,0
19.91913,31.66765,38.57248,2434.50408,-0.63472,69.13912,8.852260035946971,3.297699780369699,0
19.93074,31.70007,38.53251,2429.71277,-0.62085,69.15448,8.867163913578631,3.303251866932114,0
19.94231,31.73242,38.4935,2424.90994,-0.60661,69.16984,8.880725096874714,3.3083037645261117,0
19.95386,31.76472,38.45549,2420.09625,-0.59204,69.18517,8.892917664321777,3.312845816705899,0
19.96538,31.79696,38.41849,2415.2724,-0.57718,69.2005,8.90372036040857,3.316870105234271,0
19.97686,31.82914,38.38251,2410.43911,-0.56209,69.21582,8.913116687309488,3.3203704842371033,0
19.98831,31.86126,38.34755,2405.5971,-0.54682,69.23112,8.921094972331696,3.323342605329188,0
19.99974,31.89332,38.31363,2400.74714,-0.53142,69.2464,8.927648410569354,3.325783933504053,0
20.01113,31.92533,38.28075,2395.89,-0.51593,69.26168,8.932775082453123,3.327693753671613,0
20.02249,31.95727,38.24891,2391.02644,-0.5004,69.27694,8.936477946064862,3.329073167795191,0
20.03382,31.98916,38.2181,2386.15728,-0.4849,69.29219,8.93876480439368,3.32992508269354,0
20.04511,32.02099,38.18833,2381.2833,-0.46946,69.30743,8.939648247883941,3.330254188638459,0
20.05638,32.05275,38.15957,2376.4053,-0.45414,69.32265,8.939145572868423,3.330066928969003,0
20.06762,32.08446,38.13181,2371.5241,-0.43899,69.33786,8.93727867670302,3.3293714610263963,0
20.07882,32.11611,38.10505,2366.6405,-0.42406,69.35305,8.934073930618744,3.3281776087880597,0
20.09,32.1477,38.07926,2361.75529,-0.40939,69.36823,8.929562031474534,3.3264968076416292,0
20.10114,32.17923,38.05442,2356.86928,-0.39504,69.3834,8.92377783378347,3.3243420418103073,0
20.11225,32.2107,38.0305,2351.98325,-0.38105,69.39856,8.916760163546074,3.321727775000861,0
20.12334,32.2421,38.00748,2347.09797,-0.36746,69.4137,8.9085516155009,3.3186698748741352,0
20.13439,32.27345,37.98533,2342.2142,-0.35433,69.42883,8.899198335559882,3.3151855319965,0
20.14541,32.30474,37.96402,2337.33269,-0.34168,69.44394,8.888749790260686,3.311293173954777,0
20.1564,32.33597,37.94351,2332.45418,-0.32958,69.45904,8.877258525104041,3.307012375330544,0
20.16736,32.36714,37.92376,2327.57935,-0.31804,69.47413,8.864779913700698,3.3023637642507717,0
20.17829,32.39825,37.90473,2322.70892,-0.30712,69.4892,8.851371899651587,3.297368926231396,0
20.18918,32.4293,37.88639,2317.84352,-0.29684,69.50426,8.83709473308697,3.2920503060312156,0
20.20005,32.46029,37.86869,2312.98381,-0.28724,69.51931,8.822010703720412,3.286431108207474,0
20.21089,32.49123,37.85159,2308.13038,-0.27835,69.53434,8.806183872257922,3.2805351970586982,0
20.2217,32.5221,37.83504,2303.28383,-0.2702,69.54936,8.789679801909681,3.274386996605753,0
20.23247,32.55291,37.81899,2298.4447,-0.26282,69.56437,8.772565291659923,3.2680113912278514,0
20.24322,32.58366,37.80339,2293.61352,-0.25622,69.57936,8.75490811286684,3.261433627539094,0
20.25394,32.61435,37.7882,2288.79076,-0.25044,69.59434,8.736776750618512,3.254679218036739,0
20.26462,32.64499,37.77336,2283.97689,-0.24549,69.6093,8.718240151185519,3.2477738470206643,0
20.27528,32.67556,37.75883,2279.17232,-0.24139,69.62425,8.699367476744653,3.240743279221492,0
20.28591,32.70607,37.74454,2274.37745,-0.23815,69.63919,8.68022786842101,3.233613271527531,0
20.2965,32.73653,37.73045,2269.59261,-0.23578,69.65412,8.66089021858518,3.226409488159496,0
20.30707,32.76693,37.7165,2264.81814,-0.2343,69.66903,8.641422953143202,3.219157419567777,0
20.31761,32.79726,37.70265,2260.05429,-0.23371,69.68393,8.62189382447952,3.211882305298256,0
20.32812,32.82754,37.68883,2255.30133,-0.23401,69.69882,8.602369715524693,3.204609061002359,0
20.3386,32.85776,37.675,2250.55945,-0.23521,69.71369,8.58291645533349,3.1973622097350547,0
20.34905,32.88793,37.66109,2245.82882,-0.2373,69.72855,8.56359864639416,3.1901658176230114,0
20.35947,32.91803,37.64707,2241.10958,-0.24029,69.7434,8.54447950378468,3.183043433946062,0
20.36986,32.94807,37.63288,2236.40183,-0.24416,69.75823,8.52562070619173,3.17601803563786,0
20.38022,32.97806,37.61847,2231.70562,-0.24891,69.77305,8.507082258688225,3.169111976166894,0
20.39055,33.00799,37.60378,2227.02099,-0.25453,69.78786,8.488922367079473,3.1623469387271284,0
20.40086,33.03786,37.58877,2222.34792,-0.261,69.80266,8.471197323539307,3.1557438936344524,0
20.41113,33.06767,37.57339,2217.68638,-0.26832,69.81744,8.453961403201067,3.1493230598041,0
20.42138,33.09743,37.5576,2213.03628,-0.27645,69.83221,8.437266771267792,3.1431038701467533,0
20.4316,33.12713,37.54134,2208.39752,-0.2854,69.84697,8.421163400209606,3.1371049407223857,0
20.44178,33.15677,37.52458,2203.76995,-0.29512,69.86172,8.40569899650532,3.1313440434495887,0
20.45195,33.18635,37.50728,2199.1534,-0.3056,69.87645,8.390918936416872,3.125838082179856,0
20.46208,33.21588,37.48938,2194.54767,-0.31682,69.89118,8.376866210203362,3.1206030719158444,0
20.47218,33.24535,37.47086,2189.95251,-0.32874,69.90589,8.363581374226905,3.115654120969542,0
20.48226,33.27476,37.45167,2185.36768,-0.34135,69.92058,8.351102510314021,3.111005415823323,0
20.49231,33.30411,37.43179,2180.79287,-0.3546,69.93527,8.339465191840622,3.1066702084957045,0
20.50233,33.33341,37.41117,2176.22777,-0.36847,69.94994,8.328702455916781,3.1026608061794483,0
20.51232,33.36265,37.38979,2171.67203,-0.38293,69.96461,8.318844781125053,3.098988562948496,0
20.52228,33.39184,37.36762,2167.12528,-0.39793,69.97926,8.309920070274053,3.0956638733332236,0
20.53222,33.42097,37.34463,2162.58714,-0.41345,69.99389,8.301953637630643,3.092696167564095,0
20.54213,33.45004,37.3208,2158.05717,-0.42944,70.00852,8.294968200166057,3.0900939083106156,0
20.55201,33.47906,37.2961,2153.53495,-0.44587,70.02313,8.288983872349846,3.0878645887419354,0
20.56186,33.50802,37.27052,2149.02002,-0.4627,70.03773,8.28401816407594,3.086014731754258,0
20.57168,33.53692,37.24403,2144.5119,-0.47989,70.05232,8.2800859813738,3.0845498902357567,0
20.58148,33.56577,37.21663,2140.0101,-0.4974,70.0669,8.277199629547106,3.0834746482358257,0
20.59125,33.59456,37.18829,2135.5141,-0.51519,70.08147,8.275368818488612,3.0827926229449982,0
20.601,33.6233,37.15902,2131.02338,-0.53322,70.09602,8.274600669913164,3.0825064673894396,0
20.61071,33.65198,37.1288,2126.5374,-0.55143,70.11057,8.274899726353286,3.0826178737820333,0
20.6204,33.6806,37.09762,2122.0556,-0.5698,70.1251,8.276267961767457,3.0831275774742517,0
20.63006,33.70917,37.06549,2117.57742,-0.58828,70.13962,8.278704793680113,3.084035361478623,0
20.6397,33.73768,37.0324,2113.10229,-0.60681,70.15412,8.282207096830598,3.085340061553321,0
20.6493,33.76614,36.99835,2108.62962,-0.62538,70.16862,8.286769218325166,3.087039571846687,0
20.65889,33.79454,36.96335,2104.15882,-0.64391,70.1831,8.292382994371636,3.0891308511313347,0
20.66844,33.82288,36.92741,2099.6893,-0.66239,70.19757,8.29903776871037,3.091609929670165,0
20.67796,33.85117,36.89054,2095.22046,-0.68075,70.21203,8.306720412873284,3.094471916763384,0
20.68746,33.8794,36.85274,2090.75169,-0.69897,70.22648,8.31541534847153,3.0977110090512547,0
20.69694,33.90758,36.81403,2086.28239,-0.71699,70.24091,8.325104571766163,3.101320499667314,0
20.70638,33.9357,36.77442,2081.81196,-0.73477,70.25533,8.335767680755714,3.105292788329205,0
20.7158,33.96377,36.73394,2077.33979,-0.75228,70.26974,8.34738190511078,3.1096193924901008,0
20.72519,33.99178,36.69261,2072.86528,-0.76948,70.28414,8.359922139266008,3.114290959666342,0
20.73456,34.01973,36.65044,2068.38784,-0.78632,70.29852,8.373360979039722,3.119297281079206,0
20.7439,34.04762,36.60746,2063.90688,-0.80277,70.31289,8.387668762135126,3.1246273067426746,0
20.75321,34.07547,36.5637,2059.42182,-0.81879,70.32725,8.402813612930395,3.1302691621489176,0
20.76249,34.10325,36.51918,2054.93209,-0.83434,70.3416,8.418761491927565,3.136210166689315,0
20.77175,34.13098,36.47394,2050.43712,-0.84939,70.35593,8.435476250304172,3.142436853976362,0
20.78098,34.15865,36.428,2045.93636,-0.8639,70.37026,8.452919689905036,3.1489349941922025,0
20.79019,34.18626,36.38141,2041.42929,-0.87785,70.38456,8.471051629118866,3.1556896186293875,0
20.79936,34.21382,36.33419,2036.91537,-0.8912,70.39886,8.489829974976931,3.162685046549533,0
20.80852,34.24132,36.28638,2032.3941,-0.90392,70.41314,8.509210801843217,3.1699049144974696,0
20.81764,34.26877,36.23801,2027.86501,-0.91599,70.42741,8.529148437000545,3.177332208184328,0
20.82674,34.29615,36.18913,2023.32761,-0.92738,70.44166,8.549595553438639,3.1849492970535294,0
20.83581,34.32348,36.13978,2018.78146,-0.93807,70.4559,8.570503270074287,3.1927379716154407,0
20.84485,34.35076,36.08999,2014.22615,-0.94804,70.47013,8.591821259608466,3.200679483626985,0
20.85387,34.37797,36.03982,2009.66126,-0.95726,70.48434,8.613497864140253,3.208754589160867,0
20.86286,34.40513,35.98929,2005.08642,-0.96572,70.49854,8.635480218629207,3.216943594598558,0
20.87183,34.43223,35.93845,2000.50128,-0.9734,70.51272,8.657714382224608,3.2252264055538986,0
20.88076,34.45927,35.88734,1995.90552,-0.9803,70.52689,8.680145477363991,3.233582578690952,0
20.88967,34.48625,35.83602,1991.29884,-0.98639,70.54104,8.70271783652151,3.2419913763916415,0
20.89856,34.51318,35.78452,1986.68096,-0.99168,70.55518,8.72537515637657,3.250431824187616,0
20.90741,34.54004,35.73288,1982.05166,-0.99615,70.56931,8.748060659084162,3.258882770837694,0
20.91625,34.56685,35.68116,1977.41073,-0.9998,70.58342,8.77071726024672,3.2673229509018005,0
20.92505,34.5936,35.62939,1972.75799,-1.00264,70.59752,8.793287743115233,3.2757310496354677,0
20.93383,34.62029,35.57761,1968.09329,-1.00466,70.61159,8.815714938407837,3.2840857699769845,0
20.94258,34.64692,35.52588,1963.41653,-1.00586,70.62566,8.837941909112914,3.2923659013914235,0
20.9513,34.67349,35.47423,1958.72762,-1.00626,70.63971,8.859912139495686,3.3005503902805575,0
20.95999,34.7,35.4227,1954.02652,-1.00586,70.65374,8.881569727489094,3.3086184116535375,0
20.96866,34.72646,35.37133,1949.31323,-1.00467,70.66776,8.902859579542833,3.316549441713276,0
20.97731,34.75285,35.32017,1944.58776,-1.00271,70.68176,8.923727606945627,3.324323330991663,0
20.98592,34.77918,35.26926,1939.85016,-0.99999,70.69574,8.944120922573433,3.3319203776434483,0
20.99451,34.80545,35.21862,1935.10053,-0.99653,70.70971,8.963988036947656,3.339321400483086,0
21.00307,34.83166,35.1683,1930.339,-0.99235,70.72366,8.98327905245807,3.346507811337881,0
21.01161,34.85781,35.11834,1925.5657,-0.98748,70.7376,9.001945854546511,3.353461686268948,0
21.02011,34.8839,35.06876,1920.78085,-0.98194,70.75151,9.019942298653975,3.360165835213922,0
21.02859,34.90993,35.0196,1915.98465,-0.97576,70.76542,9.037224391693211,3.3666038695902722,0
21.03705,34.9359,34.97088,1911.17735,-0.96897,70.7793,9.053750466827868,3.3727602674051385,0
21.04547,34.96181,34.92265,1906.35924,-0.9616,70.79317,9.069481350348257,3.3786204354209377,0
21.05387,34.98765,34.87491,1901.53064,-0.95368,70.80701,9.084380519485562,3.3841707679453186,0
21.06224,35.01343,34.82771,1896.69187,-0.94526,70.82085,9.098414249981529,3.3893987018047373,0
21.07059,35.03915,34.78105,1891.84331,-0.93636,70.83466,9.111551752391035,3.394292767120772,0
21.07891,35.06481,34.73497,1886.98535,-0.92703,70.84846,9.123765296072479,3.3988426334997834,0
21.0872,35.09041,34.68947,1882.11841,-0.9173,70.86223,9.135030319939235,3.4030391512907676,0
21.09546,35.11594,34.64458,1877.24293,-0.90722,70.87599,9.145325529165026,3.406874387610632,0
21.1037,35.14141,34.6003,1872.35937,-0.89684,70.88974,9.15463297708844,3.4103416568557967,0
21.11191,35.16682,34.55666,1867.46822,-0.88618,70.90346,9.16293813171088,3.4134355454744254,0
21.12009,35.19217,34.51366,1862.56998,-0.87531,70.91717,9.170229926286215,3.4161519308124,0
21.12825,35.21745,34.4713,1857.66516,-0.86427,70.93085,9.176500793653407,3.4184879939031307,0
21.13638,35.24267,34.4296,1852.7543,-0.85309,70.94452,9.181746684042336,3.4204422261006897,0
21.14448,35.26783,34.38855,1847.83795,-0.84184,70.95817,9.185967066289981,3.422014429532877,0
21.15255,35.29292,34.34815,1842.91666,-0.83055,70.9718,9.189164912468142,3.4232057113746386,0
21.1606,35.31795,34.30841,1837.99099,-0.81927,70.98541,9.191346666109656,3.4240184720114955,0
21.16862,35.34292,34.26931,1833.06154,-0.80805,70.99901,9.192522194321057,3.4244563872002516,0
21.17662,35.36783,34.23085,1828.12886,-0.79694,71.01258,9.192704724216945,3.424524384389121,0
21.18458,35.39267,34.19302,1823.19355,-0.78598,71.02614,9.191910764205502,3.4242286133945123,0
21.19252,35.41744,34.15582,1818.2562,-0.77522,71.03968,9.190160010819463,3.4235764116931184,0
21.20043,35.44216,34.11922,1813.31738,-0.76471,71.0532,9.18747524181573,3.4225762645987046,0
21.20832,35.4668,34.08321,1808.37768,-0.75448,71.0667,9.183882196441449,3.421237760658071,0
21.21618,35.49139,34.04777,1803.43767,-0.74459,71.08018,9.179409443771474,3.419571542603301,0
21.22401,35.51591,34.01289,1798.49794,-0.73507,71.09364,9.174088240170722,3.4175892542527273,0
21.23182,35.54037,33.97855,1793.55904,-0.72597,71.10708,9.167952376921718,3.4153034837481946,0
21.2396,35.56476,33.94471,1788.62154,-0.71733,71.1205,9.161038019151205,3.4127277035509764,0
21.24735,35.58909,33.91136,1783.68597,-0.70918,71.13391,9.153383537206736,3.4098762076251203,0
21.25507,35.61336,33.87847,1778.75288,-0.70156,71.14729,9.145029331638867,3.406764046238712,0
21.26277,35.63756,33.84601,1773.82277,-0.69451,71.16066,9.136017653002993,3.4034069588353133,0
21.27044,35.6617,33.81396,1768.89616,-0.68806,71.17401,9.126392417601457,3.399821305393056,0
21.27809,35.68578,33.78228,1763.97353,-0.68225,71.18733,9.116199020369828,3.396023996719851,0
21.28571,35.70979,33.75094,1759.05535,-0.67709,71.20064,9.105484146009315,3.392032424095249,0
21.2933,35.73374,33.7199,1754.14207,-0.67263,71.21393,9.094295579456125,3.3878643886652826,0
21.30087,35.75762,33.68915,1749.23412,-0.66888,71.2272,9.08268201674057,3.3835380309825123,0
21.30841,35.78144,33.65863,1744.33191,-0.66587,71.24046,9.070692877216388,3.379071761056508,0
21.31592,35.8052,33.62832,1739.43582,-0.66361,71.25369,9.058378118089124,3.3744841892607877,0
21.32341,35.82889,33.59818,1734.54621,-0.66214,71.2669,9.04578805209872,3.369794058414789,0
21.33087,35.85252,33.56817,1729.66344,-0.66145,71.2801,9.032973169143037,3.365020177333934,0
21.33831,35.87608,33.53827,1724.78781,-0.66157,71.29328,9.019983962558783,3.3601813561147056,0
21.34572,35.89959,33.50842,1719.9196,-0.66252,71.30643,9.006870760686745,3.3552963433882654,0
21.3531,35.92303,33.47859,1715.0591,-0.66428,71.31957,8.993683564277987,3.3503837657499824,0
21.36046,35.9464,33.44875,1710.20653,-0.66688,71.3327,8.980471890219663,3.3454620695431916,0
21.36779,35.96972,33.41886,1705.36211,-0.67032,71.3458,8.96728462197277,3.3405494651433134,0
21.3751,35.99297,33.38889,1700.52602,-0.6746,71.35888,8.954169867054553,3.335663873866308,0
21.38238,36.01615,33.35879,1695.69842,-0.67972,71.37195,8.9411748218081,3.3308228775917863,0
21.38963,36.03928,33.32853,1690.87946,-0.68567,71.385,8.928345643636476,3.3260436711668624,0
21.39686,36.06234,33.29807,1686.06922,-0.69245,71.39802,8.91572733081415,3.321343017632754,0
21.40407,36.08534,33.26739,1681.2678,-0.70005,71.41103,8.90336360995797,3.316737206304753,0
21.41125,36.10827,33.23644,1676.47524,-0.70846,71.42403,8.891296831105503,3.3122420136861495,0
21.4184,36.13115,33.20519,1671.69158,-0.71767,71.437,8.879567870377198,3.307872667207325,0
21.42553,36.15396,33.17361,1666.91682,-0.72767,71.44996,8.868216040127988,3.303643811754865,0
21.43263,36.17671,33.14167,1662.15093,-0.73843,71.4629,8.857279006422262,3.299569478928806,0
21.43971,36.1994,33.10934,1657.39386,-0.74995,71.47582,8.846792713674477,3.2956630589692884,0
21.44677,36.22202,33.07658,1652.64554,-0.76219,71.48872,8.836791316259031,3.2919372752794316,0
21.45379,36.24458,33.04337,1647.90587,-0.77513,71.5016,8.827307116845288,3.2884041614535064,0
21.4608,36.26708,33.00969,1643.17473,-0.78876,71.51447,8.818370511217033,3.2850750407207365,0
21.46778,36.28952,32.97551,1638.45198,-0.80304,71.52732,8.810009939340869,3.2819605077169793,0
21.47473,36.3119,32.94079,1633.73745,-0.81795,71.54015,8.802251842379128,3.279070412470915,0
21.48166,36.33422,32.90553,1629.03096,-0.83345,71.55296,8.795120625422108,3.2764138465208146,0
21.48857,36.35647,32.8697,1624.33228,-0.84953,71.56576,8.788638625647986,3.2739991310532757,0
21.49545,36.37866,32.83328,1619.64121,-0.86613,71.57854,8.782826085648633,3.2718338069663844,0
21.5023,36.40079,32.79624,1614.95748,-0.88324,71.5913,8.777701131693732,3.2699246267725295,0
21.50913,36.42286,32.75859,1610.28084,-0.90081,71.60404,8.773279756656303,3.268277548237709,0
21.51594,36.44487,32.72029,1605.61099,-0.91881,71.61677,8.769575807419823,3.26689772969035,0
21.52272,36.46682,32.68134,1600.94765,-0.9372,71.62947,8.766600976522012,3.265789526908404,0
21.52948,36.48871,32.64173,1596.29048,-0.95595,71.64216,8.764364797862182,3.2649564915202154,0
21.53622,36.51053,32.60144,1591.63918,-0.97501,71.65484,8.762874646323827,3.264401370863932,0
21.54293,36.5323,32.56048,1586.99339,-0.99435,71.66749,8.762135741140247,3.2641261092412823,0
21.54961,36.554,32.51882,1582.35275,-1.01393,71.68013,8.762151152908011,3.2641318505302825,0
21.55628,36.57564,32.47647,1577.71691,-1.0337,71.69275,8.762921814139828,3.264418942116452,0
21.56291,36.59722,32.43343,1573.08548,-1.05363,71.70535,8.764446533297003,3.2649869401202753,0
21.56953,36.61874,32.3897,1568.45808,-1.07367,71.71794,8.766722012235732,3.2658346158964067,0
21.57612,36.6402,32.34526,1563.83431,-1.09379,71.73051,8.769742867063103,3.266959963803076,0
21.58269,36.6616,32.30014,1559.21377,-1.11394,71.74306,8.773501652398613,3.268360210240147,0
21.58923,36.68294,32.25433,1554.59607,-1.13409,71.75559,8.777988889048485,3.270031823958526,0
21.59575,36.70422,32.20784,1549.98078,-1.15419,71.76811,8.7831930951386,3.2719705276579982,0
21.60224,36.72543,32.16067,1545.36749,-1.1742,71.78061,8.789100820768834,3.2741713108968766,0
21.60872,36.74659,32.11283,1540.75579,-1.19408,71.79309,8.79569668624777,3.276628444335446,0
21.61516,36.76768,32.06435,1536.14526,-1.21379,71.80555,8.802963424004561,3.2793354953492284,0
21.62159,36.78872,32.01522,1531.53548,-1.2333,71.81799,8.81088192425451,3.2822853450406146,0
21.62799,36.80969,31.96546,1526.92603,-1.25257,71.83042,8.819431284541734,3.2854702066948134,0
21.63437,36.8306,31.91509,1522.31652,-1.27156,71.84283,8.828588863241437,3.2888816457108496,0
21.64072,36.85146,31.86412,1517.70652,-1.29023,71.85522,8.838330337143194,3.2925106010528578,0
21.64705,36.87225,31.81257,1513.09563,-1.30856,71.8676,8.848629763214579,3.2963474082586584,0
21.65336,36.89298,31.76046,1508.48346,-1.3265,71.87995,8.859459644622023,3.3003818240342606,0
21.65964,36.91365,31.70782,1503.86961,-1.34402,71.89229,8.870791001129712,3.304603052479308,0
21.6659,36.93425,31.65465,1499.25371,-1.36111,71.90461,8.8825934439145,3.3089997729576015,0
21.67214,36.9548,31.60099,1494.63538,-1.37771,71.91691,8.894835254867921,3.3135601696391825,0
21.67836,36.97529,31.54685,1490.01427,-1.39382,71.92919,8.907483470419189,3.3182719627266097,0
21.68455,36.99571,31.49226,1485.39002,-1.40939,71.94146,8.920503969874808,3.3231224413637874,0
21.69071,37.01608,31.43725,1480.76229,-1.42442,71.95371,8.933861568263076,3.3280984982229826,0
21.69686,37.03638,31.38185,1476.13078,-1.43887,71.96593,8.947520113640017,3.333186665753851,0
21.70298,37.05662,31.32606,1471.49517,-1.45273,71.97814,8.961442588750533,3.338373154054885,0
21.70908,37.0768,31.26994,1466.85517,-1.46598,71.99033,8.975591216947114,3.3436438903309242,0
21.71515,37.09692,31.21349,1462.21051,-1.4786,72.00251,8.989927572178106,3.3489845598666763,0
21.7212,37.11697,31.15676,1457.56093,-1.49058,72.01466,9.004412692871453,3.354380648451412,0
21.72723,37.13697,31.09976,1452.90619,-1.5019,72.02679,9.019007199441445,3.3598174861533128,0
21.73323,37.1569,31.04252,1448.24609,-1.51256,72.03891,9.033671415153359,3.365280292344738,0
21.73922,37.17678,30.98508,1443.58041,-1.52255,72.05101,9.048365489991467,3.37075422184631,0
21.74517,37.19659,30.92746,1438.90899,-1.53187,72.06308,9.063049527176181,3.3762244120578884,0
21.75111,37.21633,30.86969,1434.23167,-1.54051,72.07514,9.077683711896777,3.381676030914884,0
21.75702,37.23602,30.8118,1429.54831,-1.54847,72.08718,9.092228441802567,3.3870943254996657,0
21.76291,37.25564,30.75381,1424.85881,-1.55576,72.0992,9.106644458747093,3.3924646711197357,0
21.76878,37.2752,30.69575,1420.16307,-1.56237,72.1112,9.120892981262617,3.3977726206579595,0
21.77462,37.2947,30.63766,1415.46104,-1.56832,72.12317,9.13493583716422,3.403003953971083,0
21.78044,37.31414,30.57954,1410.75266,-1.57362,72.13513,9.148735595715406,3.4081447271248995,0
21.78624,37.33351,30.52144,1406.03792,-1.57827,72.14707,9.162255698700397,3.4131813212221283,0
21.79201,37.35282,30.46337,1401.31682,-1.58229,72.15899,9.175460589757908,3.418100490582645,0
21.79776,37.37207,30.40537,1396.58939,-1.5857,72.17089,9.188315841319412,3.4228894100313307,0
21.80349,37.39126,30.34744,1391.85568,-1.58852,72.18277,9.200788278470284,3.4275357210396025,0
21.80919,37.41038,30.28962,1387.11577,-1.59076,72.19463,9.212846099042121,3.432027576462965,0
21.81487,37.42944,30.23193,1382.36975,-1.59244,72.20647,9.224458989286745,3.43635368363262,0
21.82053,37.44844,30.17438,1377.61775,-1.59361,72.21828,9.23559823443949,3.4405033455431964,0
21.82616,37.46737,30.117,1372.85989,-1.59427,72.23008,9.24623682351402,3.4444664998915835,0
21.83178,37.48624,30.0598,1368.09635,-1.59446,72.24186,9.256349547718798,3.448233755739652,0
21.83737,37.50504,30.0028,1363.32732,-1.59421,72.25361,9.265913091893037,3.4517964275765474,0
21.84293,37.52379,29.94602,1358.55298,-1.59355,72.26534,9.274906118364527,3.4551465665579437,0
21.84847,37.54247,29.88947,1353.77358,-1.59251,72.27706,9.28330934274319,3.458276988741136,0
21.85399,37.56108,29.83316,1348.98935,-1.59113,72.28875,9.291105601147546,3.461181300128664,0
21.85949,37.57963,29.7771,1344.20055,-1.58945,72.30042,9.298279908451471,3.4638539183667607,0
21.86496,37.59812,29.72131,1339.40746,-1.58751,72.31207,9.304819507181838,3.4662900909610213,0
21.87041,37.61654,29.66578,1334.61039,-1.58533,72.3237,9.31071390675942,3.4684859098946568,0
21.87584,37.6349,29.61054,1329.80963,-1.58297,72.33531,9.315954912841308,3.4704383225593296,0
21.88125,37.6532,29.55558,1325.00551,-1.58047,72.34689,9.320536646588243,3.4721451389327336,0
21.88663,37.67143,29.5009,1320.19837,-1.57786,72.35846,9.324455553770848,3.4736050349709076,0
21.89199,37.68959,29.44652,1315.38856,-1.57518,72.37,9.327710403663202,3.4748175521960643,0
21.89732,37.7077,29.39243,1310.57644,-1.57249,72.38152,9.330302277759076,3.475783093493089,0
21.90264,37.72573,29.33863,1305.76238,-1.56982,72.39302,9.33223454844665,3.476502915165311,0
21.90793,37.74371,29.28511,1300.94676,-1.56722,72.4045,9.333512847777877,3.476979115300274,0
21.91319,37.76162,29.23189,1296.12996,-1.56472,72.41595,9.334145026620213,3.4772146185526704,0
21.91844,37.77946,29.17894,1291.31237,-1.56238,72.42739,9.33414110445603,3.4772131574433143,0
21.92366,37.79724,29.12626,1286.4944,-1.56023,72.4388,9.33351321022723,3.476979250322194,0
21.92886,37.81496,29.07385,1281.67644,-1.55832,72.45019,9.33227551463763,3.476518176149337,0
21.93404,37.83261,29.02169,1276.85888,-1.55668,72.46156,9.330444154386422,3.4758359462697745,0
21.93919,37.85019,28.96978,1272.04215,-1.55537,72.47291,9.328037148851061,3.4749392733757256,0
21.94432,37.86772,28.91811,1267.22663,-1.55441,72.48423,9.325074309781177,3.4738355378652064,0
21.94943,37.88517,28.86665,1262.41273,-1.55385,72.49554,9.321577144605278,3.4725327518212294,0
21.95452,37.90257,28.81541,1257.60085,-1.55373,72.50682,9.31756875395323,3.4710395208362366,0
21.95958,37.91989,28.76435,1252.79137,-1.55408,72.51808,9.313073724054503,3.469365003927606,0
21.96462,37.93716,28.71347,1247.9847,-1.55494,72.52932,9.308118014665848,3.4675188717877705,0
21.96964,37.95436,28.66275,1243.18122,-1.55634,72.54054,9.302728843188046,3.4655112636146534,0
21.97463,37.97149,28.61217,1238.3813,-1.55832,72.55173,9.296934565640425,3.463352742771547,0
21.97961,37.98856,28.56171,1233.5853,-1.5609,72.56291,9.290764555184845,3.4610542515340974,0
21.98456,38.00557,28.51136,1228.7936,-1.56411,72.57406,9.284249078812515,3.4586270651529047,0
21.98949,38.02251,28.46109,1224.00654,-1.56799,72.58519,9.277419172883311,3.456082745488635,0
21.9944,38.03938,28.41087,1219.22445,-1.57256,72.5963,9.270306518109008,3.453433094439997,0
21.99928,38.0562,28.3607,1214.44767,-1.57783,72.60739,9.262943314595539,3.4506901073936853,0
22.00414,38.07295,28.31055,1209.67651,-1.58384,72.61845,9.255362157521136,3.447865926911222,0
22.00898,38.08963,28.26039,1204.91127,-1.59059,72.6295,9.247595913993807,3.4449727968551276,0
22.0138,38.10625,28.2102,1200.15224,-1.59812,72.64052,9.239677601596416,3.442023017143761,0
22.0186,38.1228,28.15997,1195.39969,-1.60643,72.65152,9.231640269092571,3.439028899311133,0
22.02337,38.1393,28.10966,1190.65388,-1.61553,72.6625,9.223516879750775,3.436002723042076,0
22.02812,38.15572,28.05926,1185.91505,-1.62543,72.67346,9.215340197663792,3.432956693823222,0
22.03286,38.17209,28.00874,1181.18344,-1.63616,72.6844,9.207142677446068,3.429902901852382,0
22.03756,38.18839,27.95807,1176.45924,-1.6477,72.69532,9.19895635762827,3.426853282325213,0
22.04225,38.20462,27.90725,1171.74266,-1.66006,72.70621,9.190812758020272,3.423819577200233,0
22.04692,38.2208,27.85623,1167.03387,-1.67324,72.71709,9.182742781319266,3.4208132985452417,0
22.05156,38.2369,27.80501,1162.33304,-1.68725,72.72794,9.174776619139582,3.417845693530968,0
22.05618,38.25295,27.75355,1157.6403,-1.70208,72.73878,9.16694366267138,3.4149277111490752,0
22.06078,38.26893,27.70185,1152.95578,-1.71772,72.74959,9.159272418086887,3.412069970698759,0
22.06536,38.28485,27.64987,1148.27959,-1.73417,72.76038,9.151790426815163,3.409282732087003,0
22.06992,38.30071,27.59759,1143.61183,-1.75142,72.77115,9.144524190774263,3.406575867975591,0
22.07446,38.3165,27.545,1138.95255,-1.76944,72.7819,9.137499102584865,3.4039588377838452,0
22.07897,38.33223,27.49208,1134.30183,-1.78824,72.79263,9.130739380839241,3.401440663574617,0
22.08347,38.34789,27.43881,1129.6597,-1.8078,72.80334,9.124268010393774,3.399029907811676,0
22.08794,38.3635,27.38516,1125.02619,-1.82809,72.81403,9.118106687689199,3.3967346529900655,0
22.09239,38.37904,27.33113,1120.40129,-1.84909,72.8247,9.11227577106802,3.394562483128026,0
22.09683,38.39452,27.2767,1115.78501,-1.8708,72.83534,9.106794236053169,3.392520467107128,0
22.10124,38.40993,27.22185,1111.17731,-1.89317,72.84597,9.101679635512966,3.3906151438326626,0
22.10563,38.42529,27.16657,1106.57815,-1.91619,72.85658,9.096948064666124,3.3888525091970925,0
22.10999,38.44058,27.11084,1101.98748,-1.93983,72.86717,9.092614130841833,3.3872380048148822,0
22.11434,38.45581,27.05466,1097.40522,-1.96407,72.87773,9.088690927925898,3.385776508503015,0
22.11867,38.47097,26.99801,1092.8313,-1.98887,72.88828,9.085190015406436,3.3844723264749628,0
22.12298,38.48608,26.94087,1088.26561,-2.01421,72.89881,9.082121401927749,3.3833291872140725,0
22.12726,38.50112,26.88325,1083.70804,-2.04004,72.90931,9.079493533297558,3.3823502370059413,0
22.13153,38.5161,26.82514,1079.15846,-2.06635,72.9198,9.077313284829083,3.3815380370856447,0
22.13577,38.53102,26.76652,1074.61675,-2.0931,72.93027,9.075585957959687,3.380894562378089,0
22.14,38.54588,26.70739,1070.08275,-2.12024,72.94071,9.074315281062253,3.380421201800274,0
22.1442,38.56067,26.64775,1065.5563,-2.14776,72.95114,9.073503414383524,3.38011876010095,0
22.14838,38.57541,26.58759,1061.03725,-2.17561,72.96155,9.073150959026176,3.379987461206679,0
22.15255,38.59008,26.52691,1056.5254,-2.20376,72.97194,9.073256969915528,3.3800269530522766,0
22.15669,38.60469,26.46571,1052.02059,-2.23217,72.98231,9.0738189726987,3.380236313876191,0
22.16081,38.61924,26.40399,1047.52262,-2.2608,72.99266,9.074832984500212,3.3806140599525105,0
22.16492,38.63373,26.34174,1043.03128,-2.28962,73.00298,9.076293538498286,3.381158154746282,0
22.169,38.64816,26.27898,1038.54638,-2.3186,73.01329,9.078193712251233,3.3818660194658356,0
22.17306,38.66252,26.21569,1034.06771,-2.3477,73.02358,9.08052515974445,3.382734545001134,0
22.1771,38.67683,26.1519,1029.59505,-2.37687,73.03385,9.083278147098483,3.383760105225968,0
22.18113,38.69107,26.0876,1025.12819,-2.4061,73.0441,9.086441591878064,3.3849385716416034,0
22.18513,38.70526,26.02279,1020.66692,-2.43534,73.05433,9.090003105988213,3.3862653293567093,0
22.18911,38.71938,25.95749,1016.211,-2.46455,73.06455,9.093949042044581,3.3877352943615335,0
22.19308,38.73344,25.8917,1011.76022,-2.49371,73.07474,9.098264543238654,3.389342932103996,0
22.19702,38.74744,25.82543,1007.31437,-2.52278,73.08491,9.102933596551098,3.391082277313068,0
22.20094,38.76138,25.75869,1002.87322,-2.55174,73.09506,9.107939089307331,3.3929469550672047,0
22.20485,38.77526,25.69148,998.43655,-2.58055,73.10519,9.113262868973226,3.394930203069825,0
0.05193,0.05193,56.65912,5492.15963,-0.51352,45.00011,3.5395451822793627,1.3185737114378193,0
0.10385,0.10385,56.58435,5490.30341,-0.52656,45.00028,3.574544482068575,1.331611871496301,0
0.15575,0.15575,56.50777,5488.43052,-0.53911,45.0005,3.6107878434650935,1.3451134772367352,0
0.20763,0.20763,56.42946,5486.54014,-0.55113,45.00079,3.6482667118316687,1.3590753418316606,0
0.25949,0.2595,56.34948,5484.63144,-0.56262,45.00114,3.6869707338471485,1.3734936083965354,0
0.31134,0.31134,56.26791,5482.70362,-0.57356,45.00155,3.726887604944935,1.3883636931565495,0
0.36316,0.36318,56.18485,5480.75585,-0.58392,45.00202,3.768002912904513,1.4036802271803523,0
0.41497,0.41499,56.10038,5478.78732,-0.59369,45.00255,3.810299978241065,1.419436996920986,0
0.46676,0.46679,56.01457,5476.79722,-0.60285,45.00313,3.853759692118815,1.4356268838343402,0
0.51853,0.51857,55.92753,5474.78476,-0.61138,45.00378,3.898360352631971,1.452241803389496,0
0.57029,0.57033,55.83935,5472.74914,-0.61927,45.00449,3.944077500416057,1.4692726438296213,0
0.62202,0.62207,55.75012,5470.68958,-0.62649,45.00525,3.990883754647392,1.4867092050774615,0
0.67373,0.6738,55.65993,5468.60532,-0.63304,45.00608,4.038748650635943,1.5045401382344068,0
0.72542,0.72551,55.56889,5466.49559,-0.63889,45.00696,4.087638480322942,1.522752886161652,0
0.7771,0.7772,55.4771,5464.35965,-0.64403,45.0079,4.137516137120637,1.5413336256789265,0
0.82875,0.82887,55.38467,5462.19679,-0.64844,45.0089,4.188340966662359,1.5602672119649665,0
0.88038,0.88053,55.29169,5460.0063,-0.65211,45.00996,4.240068625142081,1.5795371257852702,0
0.93199,0.93216,55.19828,5457.78751,-0.65503,45.01107,4.292650947041642,1.599125424217012,0
0.98358,0.98378,55.10454,5455.53975,-0.65718,45.01225,4.346035824153323,1.619012695581767,0
1.03515,1.03538,55.0106,5453.26239,-0.65855,45.01348,4.400167097896633,1.6391780193306815,0
1.08669,1.08696,54.91655,5450.95485,-0.65913,45.01477,4.454984467008798,1.6595989316567499,0
1.13823,1.1385,54.82196,5448.61746,-0.66662,44.98402,4.510773655624827,1.6803818723181174,-26.99999954
1.18978,1.19,54.72641,5446.25034,-0.6734,44.95291,4.567836268836323,1.701639197147114,-26.99999954
1.24132,1.24145,54.62998,5443.85261,-0.67944,44.92143,4.626134136803907,1.7233566868742627,-26.99999954
1.29288,1.29285,54.53278,5441.42341,-0.68473,44.88957,4.685624044007096,1.7455182425811138,-26.99999954
1.34444,1.3442,54.43493,5438.96189,-0.68926,44.85732,4.746258379931097,1.768106128098199,-26.99999954
1.39601,1.39549,54.33653,5436.46723,-0.693,44.82467,4.807984955228885,1.7911009015205672,-26.99999954
1.44759,1.44674,54.23771,5433.93865,-0.69595,44.79162,4.87074682941729,1.8144813510200442,-26.99999954
1.49917,1.49794,54.13856,5431.37536,-0.6981,44.75816,4.934482152578007,1.8382244358746909,-26.99999954
1.55076,1.54908,54.03922,5428.77665,-0.69942,44.72427,4.999124023690214,1.8623052336939803,-26.99999954
1.60235,1.60017,53.9398,5426.14181,-0.6999,44.68995,5.064600368318189,1.8866968948542122,-26.99999954
1.65395,1.6512,53.84042,5423.47019,-0.69954,44.6552,5.130833838484761,1.9113706051987438,-26.99999954
1.70556,1.70218,53.74119,5420.76117,-0.69833,44.62,5.197741737619627,1.9362955580792591,-26.99999954
1.75717,1.75311,53.64226,5418.01419,-0.69625,44.58436,5.265235973527402,1.9614389368351322,-26.99999954
1.80879,1.80397,53.54372,5415.22873,-0.69331,44.54827,5.3332230422901405,1.9867659087966913,-26.99999954
1.86041,1.85479,53.44572,5412.4043,-0.68948,44.51172,5.401604046016265,2.012239631897165,-26.99999954
1.91205,1.90554,53.34838,5409.54051,-0.68477,44.47471,5.47027474723163,2.03782127493478,-26.99999954
1.96368,1.95624,53.25181,5406.63699,-0.67918,44.43724,5.539125662596586,2.0634700524848375,-26.99999954
2.01533,2.00687,53.15615,5403.69346,-0.67271,44.3993,5.6080421984423925,2.0891432753905907,-26.99999954
2.06698,2.05745,53.06152,5400.70968,-0.66534,44.3609,5.676904830372692,2.11479641766952,-26.99999954
2.11864,2.10797,52.96805,5397.68549,-0.65709,44.32203,5.745589328885131,2.140383200563324,-26.99999954
2.1703,2.15842,52.87586,5394.62081,-0.64796,44.28269,5.813967032608736,2.1658556943260305,-26.99999954
2.22197,2.20881,52.78507,5391.51563,-0.63796,44.24289,5.881905170333115,2.191164438188348,-26.99999954
2.27364,2.25914,52.69581,5388.37,-0.62709,44.20263,5.949267232535965,2.216258578761437,-26.99999954
2.32532,2.30941,52.60819,5385.18407,-0.61535,44.16191,6.015913392578286,2.2410860269432087,-26.99999954
2.37701,2.35961,52.52234,5381.95806,-0.60277,44.12074,6.081700977175775,2.2655936331813016,-26.99999954
2.4287,2.40975,52.43837,5378.69228,-0.58936,44.07912,6.146484985104858,2.289727380704722,-26.99999954
2.4804,2.45982,52.3564,5375.38712,-0.57513,44.03706,6.210118652450775,2.31343259609363,-26.99999954
2.53211,2.50983,52.27654,5372.04306,-0.56009,43.99456,6.272454062029003,2.3366541763048563,-26.99999954
2.58382,2.55977,52.1989,5368.66067,-0.54427,43.95164,6.333342793879085,2.359336830997967,-26.99999954
2.63553,2.60964,52.12358,5365.2406,-0.52769,43.9083,6.392636613018988,2.381425338741857,-26.99999954
2.68725,2.65944,52.05069,5361.78359,-0.51038,43.86456,6.450188189963876,2.402864815426952,-26.99999954
2.73898,2.70917,51.98033,5358.29047,-0.49235,43.82043,6.505851848804535,2.4236009929441065,-26.99999954
2.79071,2.75884,51.91259,5354.76217,-0.47364,43.77592,6.559484336989524,2.4435805059487086,-26.99999954
2.84245,2.80843,51.84757,5351.19969,-0.45427,43.73104,6.610945610387654,2.462751184317106,-26.99999954
2.89419,2.85795,51.78534,5347.60411,-0.43429,43.68582,6.6600996266359624,2.4810623486896057,-26.99999954
2.94593,2.9074,51.72599,5343.97661,-0.41371,43.64026,6.70681513937901,2.4984651063455074,-26.99999954
2.99768,2.95678,51.6696,5340.31845,-0.39259,43.59438,6.750966485600883,2.514912644504989,-26.99999954
3.04944,3.00609,51.61624,5336.63095,-0.37095,43.54821,6.792434358053439,2.5303605180789566,-26.99999954
3.1012,3.05532,51.56597,5332.91552,-0.34883,43.50176,6.831106554632162,2.544766928831262,-26.99999954
3.15296,3.10448,51.51886,5329.17364,-0.32628,43.45504,6.866878696558021,2.558092992920345,-26.99999954
3.20473,3.15356,51.47495,5325.40685,-0.30334,43.4081,6.899654907356457,2.5703029938367714,-26.99999954
3.2565,3.20257,51.43429,5321.61675,-0.28005,43.36093,6.929348444899956,2.5813646178557184,-26.99999954
3.30828,3.25151,51.39693,5317.80501,-0.25645,43.31357,6.955882279165892,2.5912491692669763,-26.99999954
3.36006,3.30037,51.3629,5313.97334,-0.2326,43.26603,6.979189608920083,2.5999317628531666,-26.99999954
3.41184,3.34915,51.33222,5310.1235,-0.20853,43.21835,6.999214311166059,2.607391491321419,-26.99999954
3.46363,3.39786,51.30492,5306.25729,-0.1843,43.17054,7.015911317981669,2.613611565684923,-26.99999954
3.51542,3.44649,51.28102,5302.37654,-0.15996,43.12264,7.029246916248198,2.6185794269199123,-26.99999954
3.56721,3.49505,51.26051,5298.48311,-0.13555,43.07465,7.039198966702875,2.622286827568487,-26.99999954
3.61901,3.54353,51.24341,5294.5789,-0.11112,43.02661,7.045757039793865,2.6247298823481686,-26.99999954
3.6708,3.59193,51.22971,5290.66579,-0.08673,42.97855,7.048922466869549,2.6259090872212605,-26.99999954
3.7226,3.64026,51.21938,5286.74569,-0.06241,42.93048,7.048708306329868,2.6258293067853264,-26.99999954
3.7744,3.68851,51.21242,5282.82052,-0.03822,42.88243,7.045139225461659,2.6244997302537483,-26.99999954
3.82621,3.73669,51.2088,5278.89217,-0.01421,42.83443,7.038251299774315,2.6219337967029808,-26.99999954
3.87801,3.78478,51.20848,5274.96254,0.00957,42.7865,7.028091732647862,2.618149090634078,-26.99999954
3.92982,3.83281,51.21143,5271.0335,0.03308,42.73866,7.014718499153646,2.613167209286533,-26.99999954
3.98163,3.88075,51.21759,5267.10692,0.05627,42.69094,6.998199918733203,2.6070136034499085,-26.99999954
4.03344,3.92862,51.22693,5263.1846,0.0791,42.64336,6.97861416229425,2.599717393844132,-26.99999954
4.08525,3.97642,51.23937,5259.26833,0.10151,42.59594,6.956048699938623,2.5913111653836127,-26.99999954
4.13706,4.02414,51.25486,5255.35988,0.12348,42.54871,6.930599696146142,2.581830741867324,-26.99999954
4.18887,4.07178,51.27332,5251.46092,0.14495,42.50169,6.902371359685677,2.5713149438035683,-26.99999954
4.24068,4.11935,51.29469,5247.57313,0.16589,42.45489,6.871475255856355,2.559805332201729,-26.99999954
4.29249,4.16684,51.31888,5243.6981,0.18626,42.40834,6.838029588865139,2.54734594123904,-26.99999954
4.3443,4.21426,51.3458,5239.83736,0.20602,42.36206,6.802158462201451,2.53398300273067,-26.99999954
4.39611,4.26161,51.37537,5235.99239,0.22514,42.31606,6.7639911248302775,2.519764665316823,-26.99999954
4.44792,4.30888,51.40749,5232.16461,0.24358,42.27035,6.723661210860199,2.504740711219068,-26.99999954
4.49973,4.35608,51.44206,5228.35537,0.26131,42.22497,6.681305980031671,2.4889622733022465,-26.99999954
4.55154,4.40321,51.47899,5224.56593,0.27831,42.17992,6.6370655660252424,2.4724815550495025,-26.99999954
4.60335,4.45027,51.51816,5220.79751,0.29454,42.13522,6.5910822391461545,2.455351555892896,-26.99999954
4.65515,4.49725,51.55947,5217.05122,0.30999,42.09087,6.543499689349888,2.4376258041215526,-26.99999954
4.70696,4.54417,51.6028,5213.32813,0.32463,42.0469,6.494462335072157,2.419358099402654,-26.99999954
4.75876,4.59101,51.64804,5209.62922,0.33843,42.00331,6.444114662639788,2.400602266694608,-26.99999954
4.81056,4.63779,51.69508,5205.9554,0.35139,41.96011,6.392600600414513,2.3814119230991406,-26.99999954
4.86236,4.68449,51.74379,5202.30748,0.36348,41.91731,6.340062931160247,2.3618402589526526,-26.99999954
4.91416,4.73113,51.79404,5198.68623,0.37469,41.87493,6.286642745450039,2.3419398342059217,-26.99999954
4.96596,4.7777,51.84573,5195.09232,0.385,41.83296,6.23247893825614,2.3217623908906564,-26.99999954
5.01775,4.82421,51.89873,5191.52636,0.39442,41.79141,6.1777077502870945,2.3013586822554997,-26.99999954
5.06954,4.87064,51.95291,5187.98888,0.40292,41.75029,6.122462354961898,2.280778318903029,-26.99999954
5.12133,4.91702,52.00814,5184.48034,0.4105,41.7096,6.066872491398834,2.2600696320684484,-26.99999954
5.17311,4.96333,52.0643,5181.00113,0.41717,41.66935,6.0110641432457905,2.2392795539754253,-26.99999954
5.22489,5.00957,52.12126,5177.55157,0.4229,41.62953,5.955159262706473,2.218453515028595,-26.99999954
5.27667,5.05575,52.1789,5174.13192,0.42772,41.59016,5.899275538708141,2.197635357449944,-26.99999954
5.32845,5.10187,52.23709,5170.74237,0.4316,41.55122,5.8435262077598145,2.176867264818514,-26.99999954
5.38022,5.14793,52.29571,5167.38303,0.43457,41.51271,5.788019905747904,2.1561897068603746,-26.99999954
5.43199,5.19392,52.35463,5164.05399,0.43662,41.47464,5.732860558648615,2.1356413987361207,-26.99999954
5.48375,5.23986,52.41373,5160.75526,0.43775,41.43701,5.67814730991551,2.115259273990824,-26.99999954
5.53552,5.28573,52.47288,5157.48678,0.43798,41.39981,5.623974482136425,2.095078470270231,-26.99999954
5.58728,5.33155,52.53196,5154.24845,0.43732,41.36303,5.570431570446626,2.075132326866987,-26.99999954
5.63903,5.37731,52.59086,5151.04013,0.43576,41.32668,5.517603265080371,2.055452393121687,-26.99999954
5.69078,5.42301,52.64945,5147.86162,0.43333,41.29075,5.465569500444309,2.0360684467040087,-26.99999954
5.74253,5.46865,52.70762,5144.71267,0.43004,41.25523,5.414405528059767,2.0170085207856334,-26.99999954
5.79427,5.51424,52.76525,5141.593,0.4259,41.22012,5.364182010760338,1.998298939131325,-26.99999954
5.84601,5.55978,52.82224,5138.50226,0.42092,41.1854,5.314965135596333,1.9799643581588109,-26.99999954
5.89774,5.60525,52.87846,5135.4401,0.41512,41.15108,5.2668167429683,1.9620278150444135,-26.99999954
5.94947,5.65068,52.93382,5132.40609,0.40852,41.11715,5.21979446960501,1.9445107809861142,-26.99999954
6.0012,5.69605,52.98821,5129.39981,0.40113,41.08359,5.173951903118762,1.9274332187794687,-26.99999954
6.05292,5.74137,53.04152,5126.42077,0.39297,41.0504,5.129338745990361,1.9108136439063288,-26.99999954
6.10464,5.78663,53.09366,5123.46847,0.38406,41.01757,5.0860009869846765,1.8946691883916449,-26.99999954
6.15635,5.83185,53.14452,5120.54236,0.37443,40.98509,5.0439810781122905,1.8790156667263382,-26.99999954
6.20806,5.87701,53.19401,5117.64188,0.36408,40.95295,5.003318115401294,1.8638676432095518,-26.99999954
6.25977,5.92212,53.24205,5114.76645,0.35304,40.92115,4.964048021907537,1.849238500124782,-26.99999954
6.31147,5.96719,53.28853,5111.91543,0.34133,40.88966,4.926203731488989,1.8351405062006634,-26.99999954
6.36316,6.0122,53.33338,5109.08821,0.32897,40.85849,4.8898153720579876,1.8215848848772567,-26.99999954
6.41485,6.05717,53.3765,5106.28411,0.31599,40.82762,4.854910447104552,1.8085818819282533,-26.99999954
6.46654,6.10208,53.41783,5103.50245,0.3024,40.79703,4.821514014461783,1.7961408320557941,-26.99999954
6.51822,6.14695,53.45729,5100.74254,0.28824,40.76672,4.7896488613659045,1.7842702241049415,-26.99999954
6.5699,6.19177,53.49479,5098.00365,0.27352,40.73668,4.7593356750013065,1.7729777645961935,-26.99999954
6.62157,6.23655,53.53027,5095.28505,0.25826,40.7069,4.730593207813001,1.7622704393087236,-26.99999954
6.67324,6.28128,53.56367,5092.586,0.2425,40.67735,4.703438436976478,1.7521545726870975,-26.99999954
6.7249,6.32596,53.59491,5089.90572,0.22625,40.64804,4.677886717491208,1.7426358848726322,-26.99999954
6.77656,6.3706,53.62395,5087.24343,0.20954,40.61895,4.653951928456105,1.7337195461948554,-26.99999954
6.82821,6.4152,53.65071,5084.59835,0.19239,40.59007,4.6316466121652855,1.7254102289883315,-26.99999954
6.87986,6.45974,53.67515,5081.96966,0.17483,40.56138,4.610982105695475,1.7177121566124396,-26.99999954
6.9315,6.50425,53.69721,5079.35654,0.15688,40.53287,4.591968664755091,1.7106291495884065,-26.99999954
6.98314,6.54871,53.71686,5076.75817,0.13857,40.50454,4.574615579579627,1.7041646687733958,-26.99999954
7.03478,6.59313,53.73403,5074.1737,0.11993,40.47636,4.558931282725665,1.698321855516608,-26.99999954
7.08641,6.6375,53.74871,5071.60229,0.10097,40.44833,4.54492344863124,1.693103568748138,-26.99999954
7.13803,6.68183,53.76083,5069.04305,0.08172,40.42043,4.532599084862134,1.6885124189706184,-26.99999954
7.18965,6.72612,53.77039,5066.49514,0.06222,40.39265,4.521964614960044,1.6845507991223476,-26.99999954
7.24127,6.77037,53.77733,5063.95765,0.04248,40.36497,4.513025952859929,1.6812209122997,-26.99999954
7.29288,6.81457,53.78164,5061.4297,0.02253,40.33739,4.505788568823173,1.6785247963189736,-26.99999954
7.34449,6.85873,53.78329,5058.91038,0.0024,40.30989,4.500257546877689,1.6764643451143348,-26.99999954
7.39609,6.90285,53.78227,5056.39879,-0.01789,40.28246,4.496437633733564,1.6750413269601843,-26.99999954
7.44769,6.94693,53.77855,5053.894,-0.03831,40.25508,4.4943332791613715,1.6742573995131416,-26.99999954
7.49928,6.99097,53.77213,5051.39508,-0.05884,40.22774,4.493948667815911,1.674114121667224,-26.99999954
7.55087,7.03496,53.76299,5048.90109,-0.07945,40.20043,4.4952877424894275,1.6746129622162842,-26.99999954
7.60245,7.07892,53.75112,5046.41109,-0.10011,40.17314,4.498354218769378,1.675755305314412,-26.99999954
7.65403,7.12283,53.73653,5043.92412,-0.1208,40.14584,4.503151591068697,1.6775424527223708,-26.99999954
7.7056,7.1667,53.71922,5041.43922,-0.14148,40.11853,4.509683130009251,1.6799756228328597,-26.99999954
7.75717,7.21053,53.69919,5038.95541,-0.16215,40.0912,4.517951871103177,1.6830559464540191,-26.99999954
7.80874,7.25432,53.67644,5036.47171,-0.18276,40.06383,4.527960594693522,1.6867844593367893,-26.99999954
7.8603,7.29807,53.651,5033.98713,-0.20329,40.0364,4.5397117971137515,1.6911620914310688,-26.99999954
7.91185,7.34178,53.62287,5031.50068,-0.22371,40.0089,4.553207652992838,1.696189652843368,-26.99999954
7.9634,7.38545,53.59207,5029.01134,-0.24401,39.98133,4.5684499686631375,1.701867816480017,-26.99999954
8.01495,7.42908,53.55862,5026.51812,-0.26415,39.95366,4.585440126624597,1.7081970973586211,-26.99999954
8.06649,7.47266,53.52256,5024.01997,-0.2841,39.92588,4.604179020979239,1.7151778285557095,-26.99999954
8.11803,7.51621,53.4839,5021.51589,-0.30384,39.89798,4.624666983836367,1.7228101337907358,-26.99999954
8.16956,7.55971,53.44268,5019.00484,-0.32334,39.86994,4.646903702610036,1.731093896617211,-26.99999954
8.22109,7.60317,53.39894,5016.48576,-0.34258,39.84175,4.670888128219839,1.740028726225081,-26.99999954
8.27262,7.64659,53.35271,5013.95763,-0.36153,39.81339,4.6966183741774,1.7496139198477887,-26.99999954
8.32414,7.68997,53.30404,5011.41939,-0.38016,39.78486,4.724091606590246,1.7598484217858237,-26.99999954
8.37565,7.7333,53.25297,5008.86997,-0.39845,39.75614,4.753303925139982,1.77073077906796,-26.99999954
8.42716,7.7766,53.19956,5006.30833,-0.41637,39.7272,4.784250235131378,1.7822590937861758,-26.99999954
8.47867,7.81985,53.14385,5003.7334,-0.43388,39.69805,4.816924110748792,1.79443097215507,-26.99999954
8.53017,7.86305,53.08591,5001.1441,-0.45098,39.66866,4.851317649728989,1.8072434703736675,-26.99999954
8.58167,7.90622,53.02578,4998.53937,-0.46763,39.63903,4.887421319689108,1.82069303737854,-26.99999954
8.63316,7.94934,52.96354,4995.91815,-0.4838,39.60913,4.925223796461232,1.8347754546191817,-26.99999954
8.68465,7.99242,52.89925,4993.27936,-0.49947,39.57895,4.964711794816755,1.849485772998382,-26.99999954
8.73614,8.03545,52.83298,4990.62194,-0.51462,39.54849,5.005869892096586,1.864818247169834,-26.99999954
8.78762,8.07844,52.7648,4987.94482,-0.52921,39.51772,5.048680345339106,1.8807662674134893,-26.99999954
8.83909,8.12138,52.69479,4985.24694,-0.54322,39.48663,5.093122902599441,1.8973222893470225,-26.99999954
8.89055,8.1643,52.62366,4982.52612,-0.54702,39.49526,5.138718833426208,1.9143079732811357,0
8.94197,8.20721,52.55212,4979.78051,-0.55011,39.50395,5.184968104397814,1.9315370436096158,0
8.99336,8.25011,52.48026,4977.00958,-0.55247,39.51268,5.231809625618544,1.9489867427389365,0
9.04471,8.29299,52.40818,4974.21283,-0.55411,39.52146,5.27917997255369,1.966633443361119,0
9.09603,8.33587,52.33598,4971.3898,-0.55501,39.53029,5.327012525999883,1.9844523280700521,0
9.14732,8.37874,52.26375,4968.54007,-0.55515,39.53916,5.3752374936021825,2.002417397377173,0
9.19856,8.4216,52.19159,4965.66324,-0.55455,39.54809,5.423781951139877,2.0205014850915135,0
9.24978,8.46445,52.1196,4962.75897,-0.55319,39.55706,5.472569904863767,2.0386762815419828,0
9.30095,8.50729,52.04788,4959.82695,-0.55106,39.56607,5.5215223761021655,2.0569123650953225,0
9.35209,8.55012,51.97653,4956.86692,-0.54817,39.57514,5.570557509209045,2.0751792423696362,0
9.40319,8.59293,51.90564,4953.87865,-0.54452,39.58425,5.6195907038248825,2.093445397505032,0
9.45426,8.63574,51.83532,4950.862,-0.5401,39.5934,5.6685347722047315,2.11167835077247,0
9.50529,8.67854,51.76567,4947.81682,-0.53491,39.60261,5.717300122220809,2.1298447267470397,0
9.55628,8.72132,51.69678,4944.74307,-0.52897,39.61185,5.7657949663979435,2.147910332179166,0
9.60723,8.76409,51.62875,4941.64071,-0.52228,39.62115,5.813925557120412,2.165840243615344,0
9.65814,8.80686,51.56168,4938.5098,-0.51484,39.63049,5.861596447869938,2.1835989047161672,0
9.70902,8.84961,51.49566,4935.35044,-0.50666,39.63987,5.908710780082552,2.2011502331180535,0
9.75986,8.89234,51.43078,4932.16276,-0.49775,39.6493,5.955170594915012,2.218457736574444,0
9.81065,8.93507,51.36715,4928.94698,-0.48812,39.65877,6.000877168873026,2.235484637986143,0
9.86141,8.97778,51.30484,4925.70338,-0.4778,39.66829,6.04573137197272,2.252194008825892,0
9.91213,9.02048,51.24395,4922.43228,-0.46679,39.67785,6.089634046738913,2.2685489103251935,0
9.9628,9.06317,51.18456,4919.13407,-0.45511,39.68746,6.132486406034636,2.2845125416762815,0
10.01344,9.10584,51.12676,4915.80919,-0.44277,39.69711,6.174190447392738,2.300048394381543,0
10.06404,9.1485,51.07062,4912.45815,-0.42981,39.7068,6.21464938119159,2.3151204117602315,0
10.11459,9.19115,51.01623,4909.08152,-0.41624,39.71654,6.253768069761859,2.3296931525272995,0
10.1651,9.23379,50.96366,4905.67992,-0.40209,39.72632,6.291453474180579,2.3437319572359385,0
10.21557,9.27641,50.91297,4902.25403,-0.38737,39.73614,6.327615105326927,2.3572031163077325,0
10.266,9.31901,50.86425,4898.80459,-0.37213,39.74601,6.362165475522183,2.3700740382804164,0
10.31639,9.36161,50.81754,4895.3324,-0.35638,39.75592,6.395020546933092,2.3823134168499367,0
10.36673,9.40418,50.77292,4891.83829,-0.34017,39.76587,6.426100172800221,2.3938913952396144,0
10.41703,9.44675,50.73043,4888.32318,-0.32351,39.77586,6.455328527461767,2.4047797263953354,0
10.46729,9.4893,50.69013,4884.788,-0.30644,39.7859,6.482634521157877,2.414951927511071,0
10.5175,9.53183,50.65207,4881.23375,-0.289,39.79598,6.507952195610813,2.4243834273928964,0
10.56768,9.57435,50.61628,4877.66146,-0.27123,39.8061,6.531221096497364,2.433051705214766,0
10.6178,9.61686,50.58281,4874.07223,-0.25315,39.81626,6.552386619073679,2.440936419272859,0
10.66788,9.65935,50.55169,4870.46715,-0.2348,39.82646,6.571400323431623,2.448019524426863,0
10.71792,9.70182,50.52294,4866.84739,-0.21623,39.8367,6.5882202161336885,2.4542853770163946,0
10.76792,9.74428,50.49659,4863.21413,-0.19748,39.84699,6.602810995294436,2.4597208261602788,0
10.81787,9.78672,50.47266,4859.56859,-0.17857,39.85731,6.6151442565444905,2.464315290483557,0
10.86777,9.82915,50.45116,4855.91198,-0.15956,39.86768,6.625198657725237,2.468060819470602,0
10.91763,9.87157,50.43209,4852.24558,-0.14048,39.87809,6.632960040605289,2.470952138807695,0
10.96744,9.91396,50.41547,4848.57065,-0.12137,39.88854,6.638421508383893,2.472986679255091,0
11.01721,9.95634,50.40128,4844.88848,-0.10228,39.89903,6.6415834582428666,2.4741645887734665,0
11.06694,9.99871,50.38952,4841.20036,-0.08324,39.90956,6.64245356871002,2.4744887278164653,0
11.11661,10.04106,50.38018,4837.50758,-0.06429,39.92013,6.641046742100758,2.473964647888679,0
11.16625,10.0834,50.37323,4833.81144,-0.04548,39.93074,6.637385002820842,2.4726005536607514,0
11.21583,10.12571,50.36866,4830.11323,-0.02685,39.94139,6.631497352775509,2.4704072491054694,0
11.26538,10.16802,50.36643,4826.41423,-0.00843,39.95209,6.623419585613757,2.4673980682988708,0
11.31487,10.21031,50.36651,4822.71573,0.00973,39.96282,6.613194061967962,2.463588791691093,0
11.36432,10.25258,50.36887,4819.01896,0.0276,39.97359,6.600869448215914,2.4589975487883504,0
11.41373,10.29483,50.37346,4815.32517,0.04515,39.9844,6.586500421696804,2.4536447083381403,0
11.46309,10.33708,50.38024,4811.63558,0.06232,39.99526,6.570147345560818,2.4475527572021565,0
11.5124,10.3793,50.38915,4807.95137,0.0791,40.00615,6.5518759167050415,2.440746169203153,0
11.56167,10.42151,50.40013,4804.27369,0.09545,40.01709,6.531756790474989,2.4332512653163882,0
11.61089,10.46371,50.41313,4800.60368,0.11132,40.02806,6.50986518588044,2.425096066602135,0
11.66006,10.50588,50.42809,4796.94242,0.1267,40.03908,6.486280475230743,2.416310141334039,0
11.70919,10.54805,50.44493,4793.29097,0.14155,40.05013,6.461085762078008,2.406924447771845,0
11.75828,10.5902,50.46359,4789.65034,0.15584,40.06123,6.434367451341063,2.3969711740212682,0
11.80732,10.63233,50.48399,4786.0215,0.16955,40.07237,6.406214815412084,2.386483576397291,0
11.85631,10.67445,50.50606,4782.40538,0.18265,40.08354,6.376719559925554,2.3754958176616805,0
11.90526,10.71656,50.5297,4778.80286,0.19512,40.09476,6.345975392686131,2.3640428064372703,0
11.95416,10.75865,50.55485,4775.21477,0.20693,40.10602,6.314077599077086,2.35216003903644,0
12.00302,10.80072,50.58141,4771.64191,0.21807,40.11732,6.281122627006356,2.339883444842592,0
12.05184,10.84278,50.6093,4768.085,0.22851,40.12866,6.24720768421464,2.3272492362968276,0
12.10061,10.88483,50.63843,4764.54473,0.23825,40.14004,6.212430350452925,2.3142937644238657,0
12.14933,10.92687,50.66871,4761.02175,0.24725,40.15146,6.176888206784084,2.30105338073714,0
12.19801,10.96889,50.70004,4757.51663,0.25552,40.16293,6.14067848391323,2.287564306232599,0
12.24665,11.01089,50.73233,4754.02991,0.26304,40.17443,6.103897731180933,2.2738625080799695,0
12.29524,11.05289,50.76548,4750.56208,0.26979,40.18598,6.066641507503238,2.2599835844897873,0
12.34379,11.09487,50.7994,4747.11357,0.27578,40.19756,6.029004095293623,2.24596265814179,0
12.39229,11.13684,50.834,4743.68475,0.28099,40.20919,5.991078238044451,2.231834278427112,0
12.44075,11.17879,50.86916,4740.27597,0.28542,40.22086,5.952954902031036,2.217632332676774,0
12.48917,11.22074,50.9048,4736.88751,0.28906,40.23257,5.914723062281813,2.2033899664299437,0
12.53754,11.26267,50.94082,4733.5196,0.29192,40.24433,5.876469512753394,2.1891395127191435,0
12.58587,11.30459,50.97712,4730.17242,0.294,40.25612,5.838278700408249,2.1749124302598273,0
12.63416,11.34649,51.0136,4726.84613,0.29528,40.26796,5.8002325826749965,2.160739250350586,0
12.68241,11.38839,51.05017,4723.54081,0.29579,40.27984,5.762410507635806,2.1466495322398003,0
12.73061,11.43027,51.08673,4720.25651,0.29552,40.29176,5.724889116077153,2.1326718266369737,0
12.77877,11.47215,51.12318,4716.99325,0.29448,40.30372,5.687742264434488,2.1188336470075906,0
12.82689,11.51401,51.15943,4713.75098,0.29268,40.31573,5.6510409675558195,2.1051614482510477,0
12.87497,11.55586,51.19538,4710.52964,0.29012,40.32778,5.614853360090102,2.0916806123168104,0
12.923,11.5977,51.23095,4707.3291,0.28681,40.33987,5.5792446752595835,2.0784154402965567,0
12.971,11.63954,51.26605,4704.14921,0.28277,40.35201,5.544277239736516,2.0653891505156134,0
13.01895,11.68136,51.30057,4700.98979,0.278,40.36418,5.510010483263691,2.0526238821168605,0
13.06686,11.72317,51.33445,4697.8506,0.27253,40.3764,5.476500961700311,2.0401407036459256,0
13.11473,11.76497,51.36758,4694.73138,0.26635,40.38867,5.443802392138156,2.027959626132878,0
13.16256,11.80677,51.39989,4691.63185,0.2595,40.40097,5.411965698743203,2.0160996201694403,0
13.21035,11.84855,51.4313,4688.55167,0.25198,40.41332,5.381039068038269,2.0045786365032248,0
13.2581,11.89033,51.46172,4685.4905,0.24381,40.42572,5.35106801231708,1.9934136296611462,0
13.30581,11.93209,51.49109,4682.44794,0.235,40.43815,5.322095439977834,1.9826205841505193,0
13.35348,11.97385,51.51931,4679.4236,0.22559,40.45063,5.294161731575667,1.9722145427906095,0
13.40111,12.0156,51.54634,4676.41701,0.21558,40.46316,5.267304820467449,1.962209636754938,0
13.4487,12.05735,51.57208,4673.42774,0.205,40.47572,5.241560276964994,1.9526191169205667,0
13.49626,12.09908,51.59648,4670.45527,0.19387,40.48834,5.2169613949869005,1.9434553861481887,0
13.54377,12.14081,51.61947,4667.49911,0.1822,40.50099,5.193539280246844,1.9347300321345888,0
13.59124,12.18253,51.64098,4664.55872,0.17002,40.51369,5.171322939104395,1.926453860511911,0
13.63867,12.22424,51.66097,4661.63354,0.15736,40.52643,5.150339367221413,1.918636927874496,0
13.68607,12.26595,51.67937,4658.723,0.14423,40.53922,5.13061363729265,1.9112885744608408,0
13.73342,12.30765,51.69614,4655.82651,0.13066,40.55205,5.1121689851234455,1.9044174562198053,0
13.78074,12.34934,51.71121,4652.94344,0.11667,40.56493,5.095026893411985,1.8980315760217086,0
13.82802,12.39103,51.72455,4650.07317,0.10228,40.57785,5.079207172659072,1.8921383137993437,0
13.87526,12.43271,51.7361,4647.21506,0.08753,40.59081,5.064728038658748,1.8867444554152795,0
13.92247,12.47438,51.74583,4644.36844,0.07243,40.60382,5.051606186096961,1.8818562200792943,0
13.96963,12.51605,51.7537,4641.53262,0.05702,40.61687,5.039856857820434,1.877479286152855,0
14.01676,12.55771,51.75968,4638.70692,0.0413,40.62997,5.029493909389788,1.873618815196856,0
14.06385,12.59937,51.76372,4635.89063,0.02532,40.64311,5.020529868576661,1.8702794741358577,0
14.1109,12.64102,51.76581,4633.08303,0.0091,40.6563,5.012975989490698,1.8674654554218157,0
14.15791,12.68266,51.76592,4630.28338,-0.00734,40.66953,5.006842301087192,1.8651804951044553,0
14.20488,12.7243,51.76403,4627.49095,-0.02396,40.6828,5.002137649809025,1.8634278887165123,0
14.25182,12.76594,51.76011,4624.70497,-0.04076,40.69612,4.99886973617467,1.8622105049037323,0
14.29872,12.80757,51.75416,4621.92468,-0.05768,40.70948,4.997045145134446,1.8615307967333696,0
14.34558,12.84919,51.74615,4619.1493,-0.07472,40.72289,4.996669370076055,1.8613908106368824,0
14.39241,12.89081,51.73608,4616.37805,-0.09184,40.73635,4.997746830341687,1.8617921929355157,0
14.4392,12.93243,51.72395,4613.61013,-0.10901,40.74984,5.000280882200452,1.8627361939278233,0
14.48595,12.97404,51.70975,4610.84473,-0.12622,40.76338,5.004273823194737,1.8642236695087944,0
14.53266,13.01564,51.69348,4608.08104,-0.14342,40.77697,5.009726889834383,1.8662550803108815,0
14.57933,13.05725,51.67514,4605.31825,-0.1606,40.7906,5.016640248639669,1.868830488367268,0
14.62597,13.09884,51.65475,4602.55553,-0.17773,40.80427,5.025012980527101,1.8719495512951712,0
14.67255,13.14045,51.63146,4599.79374,-0.20904,40.86779,5.035455344733112,1.8758396067170484,31.999999454138848
14.71906,13.18211,51.60441,4597.03327,-0.24026,40.9315,5.048580632292225,1.8807291216799182,31.999999454138848
14.7655,13.22379,51.57364,4594.27259,-0.27133,40.99545,5.064393269287975,1.8866197450163542,31.999999454138848
14.81187,13.26552,51.53915,4591.51017,-0.30223,41.05965,5.082897796685553,1.8935131683553705,31.999999454138848
14.85816,13.30728,51.50099,4588.74445,-0.3329,41.12414,5.1040990555229735,1.9014111951110026,31.999999454138848
14.90438,13.34908,51.45918,4585.97385,-0.3633,41.18894,5.128002062842795,1.9103156942636106,31.999999454138848
14.95052,13.39092,51.41377,4583.19679,-0.39339,41.25408,5.154611867536451,1.9202285466580957,31.999999454138848
14.99659,13.4328,51.36479,4580.41167,-0.42313,41.31959,5.183933385688652,1.9311515836653657,31.999999454138848
15.04259,13.47471,51.31231,4577.61689,-0.45246,41.38549,5.215971215006228,1.9430865180521848,31.999999454138848
15.08851,13.51667,51.25636,4574.81081,-0.48136,41.45181,5.250729427913659,1.9560348669038259,31.999999454138848
15.13435,13.55866,51.19703,4571.99181,-0.50978,41.51857,5.288211342896965,1.9699978664436446,31.999999454138848
15.18013,13.60069,51.13435,4569.15822,-0.53766,41.58582,5.328419273730119,1.9849763786133252,31.999999454138848
15.22582,13.64276,51.06842,4566.30839,-0.56498,41.65357,5.37135425625115,2.0009707892897888,31.999999454138848
15.27144,13.68487,50.9993,4563.44064,-0.59168,41.72185,5.4170157524400935,2.0179808980464418,31.999999454138848
15.31698,13.72702,50.92707,4560.55329,-0.61772,41.79069,5.465401331660975,2.0360057994074303,31.999999454138848
15.36244,13.76921,50.85183,4557.64465,-0.64306,41.86012,5.5165063290268685,2.0550437555796326,31.999999454138848
15.40783,13.81144,50.77365,4554.71301,-0.66765,41.93016,5.570323481055132,2.0750920607246526,31.999999454138848
15.45314,13.85371,50.69264,4551.75668,-0.69145,42.00085,5.626842538920223,2.0961468968853114,31.999999454138848
15.49836,13.89601,50.6089,4548.77393,-0.71443,42.07221,5.686049859882751,2.118203181782225,31.999999454138848
15.54351,13.93836,50.52252,4545.76306,-0.73652,42.14427,5.747927977705318,2.1412544087823977,31.999999454138848
15.58857,13.98075,50.43363,4542.72235,-0.7577,42.21706,5.812455153177174,2.1652924794578317,31.999999454138848
15.63356,14.02318,50.34235,4539.6501,-0.77791,42.2906,5.879604906218575,2.1903075292820904,31.999999454138848
15.67846,14.06565,50.24878,4536.54459,-0.79713,42.36493,5.949345531411731,2.2162877471528266,31.999999454138848
15.72327,14.10817,50.15305,4533.40413,-0.81529,42.44007,6.02163959921357,2.2432191895804166,31.999999454138848
15.76801,14.15072,50.0553,4530.22704,-0.83238,42.51604,6.096443445588017,2.271085590562551,31.999999454138848
15.81265,14.19332,49.95566,4527.01164,-0.84833,42.59287,6.173706653266067,2.2998681683399678,31.999999454138848
15.85721,14.23595,49.85427,4523.7563,-0.86312,42.6706,6.253371528396062,2.329545430434908,31.999999454138848
15.90168,14.27863,49.75128,4520.45938,-0.87671,42.74924,6.335372576885518,2.360092978574668,31.999999454138848
15.94607,14.32136,49.64682,4517.1193,-0.88905,42.82882,6.419635985325517,2.3914833153222785,31.999999454138848
15.99036,14.36412,49.54106,4513.73448,-0.90011,42.90936,6.506079111991967,2.42368565446108,31.999999454138848
16.03456,14.40693,49.43415,4510.30342,-0.90986,42.99089,6.594609993993316,2.45666573739428,31.999999454138848
16.07867,14.44978,49.32625,4506.82463,-0.91827,43.07343,6.685126877270434,2.490385658057543,31.999999454138848
16.12269,14.49268,49.21753,4503.2967,-0.92529,43.157,6.777517776693098,2.524803699043353,31.999999454138848
16.16661,14.53561,49.10814,4499.71825,-0.93091,43.24162,6.871660074060971,2.5598741818458075,31.999999454138848
16.21044,14.5786,48.99827,4496.08799,-0.93509,43.32731,6.967420162305424,2.5955473343164286,31.999999454138848
16.25417,14.62162,48.88808,4492.40467,-0.93781,43.41409,7.064653144605705,2.631769178577019,31.999999454138848
16.2978,14.66469,48.77774,4488.66716,-0.93903,43.50198,7.163202597471104,2.668481442761542,31.999999454138848
16.34133,14.7078,48.66745,4484.87438,-0.93875,43.59098,7.262900407046638,2.7056215000356745,31.999999454138848
16.38476,14.75096,48.55737,4481.02535,-0.93695,43.68112,7.363566688011294,2.7431223383842696,31.999999454138848
16.42809,14.79416,48.44768,4477.1192,-0.9336,43.7724,7.465009794347098,2.7809125646231236,31.999999454138848
16.47131,14.83741,48.33858,4473.15517,-0.9287,43.86484,7.567026431043659,2.818916446011852,31.999999454138848
16.51443,14.8807,48.23024,4469.13258,-0.92224,43.95844,7.669401875326149,2.8570539926671334,31.999999454138848
16.55744,14.92404,48.12285,4465.05091,-0.9142,44.0532,7.771910315398056,2.895241083753304,31.999999454138848
16.60035,14.96743,48.01658,4460.90975,-0.9046,44.14914,7.874315313755766,2.93338964007922,31.999999454138848
16.64314,15.01085,47.91162,4456.70884,-0.89343,44.24624,7.976370401085894,2.9714078453406483,31.999999454138848
16.68583,15.05433,47.80816,4452.44803,-0.8807,44.34452,8.077819805346573,3.0092004177222265,31.999999454138848
16.7284,15.09784,47.70638,4448.12735,-0.86642,44.44395,8.178399319092247,3.046668932998768,31.999999454138848
16.77086,15.14141,47.60644,4443.74697,-0.8506,44.54455,8.277837306219446,3.0837121995745553,31.999999454138848
16.8132,15.18502,47.50853,4439.30722,-0.83326,44.64629,8.375855847377846,3.120226685179093,31.999999454138848
16.85543,15.22867,47.41282,4434.80858,-0.81443,44.74916,8.472172020955792,3.156106994067926,31.999999454138848
16.89754,15.27237,47.31948,4430.25171,-0.79413,44.85315,8.56649931425058,3.1912463927206915,31.999999454138848
16.93953,15.31612,47.22867,4425.63744,-0.7724,44.95824,8.658549156927366,3.2255373810949206,31.999999454138848
16.9814,15.35991,47.14055,4420.96677,-0.74928,45.0644,8.748032566279145,3.258872305528658,31.999999454138848
17.02315,15.40375,47.05528,4416.24084,-0.7248,45.17162,8.834661891305375,3.2911440084556514,31.999999454138848
17.06478,15.44763,46.973,4411.46102,-0.69902,45.27986,8.918152640061582,3.3222465091411495,31.999999454138848
17.10628,15.49156,46.89387,4406.6288,-0.67199,45.38909,8.998225372383956,3.3520757087716193,31.999999454138848
17.14766,15.53553,46.818,4401.74585,-0.64377,45.49928,9.074607637910864,3.3805301124187523,31.999999454138848
17.18891,15.57955,46.74554,4396.81403,-0.61441,45.6104,9.147035937381245,3.407511559674722,31.999999454138848
17.23003,15.62361,46.6766,4391.83532,-0.58398,45.72239,9.21525768360597,3.4329259551656075,31.999999454138848
17.27102,15.66772,46.61129,4386.8119,-0.55256,45.83523,9.279033137330323,3.456683989711108,31.999999454138848
17.31189,15.71187,46.54971,4381.74605,-0.52021,45.94886,9.33813729243428,3.4787018426112453,31.999999454138848
17.35262,15.75607,46.49197,4376.64023,-0.48702,46.06324,9.392361684652807,3.498901855442272,31.999999454138848
17.39322,15.80031,46.43813,4371.49701,-0.45306,46.17832,9.441516098346018,3.517213167873456,31.999999454138848
17.43369,15.84459,46.38829,4366.3191,-0.41843,46.29404,9.485430146544283,3.5335723062754583,31.999999454138848
17.47403,15.88892,46.34249,4361.10929,-0.3832,46.41036,9.523954700967549,3.5479237164401565,31.999999454138848
17.51423,15.93329,46.3008,4355.8705,-0.34747,46.52722,9.556963150525839,3.560220232405197,31.999999454138848
17.5543,15.9777,46.26326,4350.60573,-0.31133,46.64456,9.584352469264468,3.5704234742916854,31.999999454138848
17.59423,16.02216,46.22989,4345.31804,-0.27487,46.76232,9.60604407747589,3.578504169091001,31.999999454138848
17.63402,16.06666,46.20073,4340.01057,-0.23819,46.88044,9.621984483013652,3.5844423895711284,31.999999454138848
17.67369,16.11119,46.17577,4334.68649,-0.20139,46.99888,9.632145693265047,3.5882277077473055,31.999999454138848
17.71321,16.15577,46.15502,4329.34902,-0.16456,47.11755,9.636525392109597,3.589859260803713,31.999999454138848
17.7526,16.2004,46.13846,4324.00139,-0.1278,47.23642,9.635146879959748,3.589345728757057,31.999999454138848
17.79185,16.24506,46.12607,4318.64684,-0.09121,47.3554,9.628058778954044,3.5867052246332705,31.999999454138848
17.83096,16.28976,46.11782,4313.28858,-0.05488,47.47446,9.615334509192254,3.5819650993513172,31.999999454138848
17.86994,16.3345,46.11366,4307.92982,-0.0189,47.59352,9.597071545537835,3.5751616648625526,31.999999454138848
17.90878,16.37928,46.11354,4302.57372,0.01662,47.71253,9.573390467974667,3.5663398403836215,31.999999454138848
17.94749,16.4241,46.11738,4297.22341,0.0516,47.83142,9.54443382153451,3.555552727689441,31.999999454138848
17.98605,16.46896,46.12512,4291.88192,0.08596,47.95016,9.510364804493754,3.542861122431971,31.999999454138848
18.02448,16.51385,46.13667,4286.55225,0.11959,48.06868,9.47136580575422,3.528332969276081,31.999999454138848
18.06278,16.55878,46.15193,4281.23727,0.15242,48.18692,9.427636814049837,3.5120427692871807,31.999999454138848
18.10094,16.60375,46.1708,4275.9398,0.18438,48.30484,9.379393722756586,3.494070948428318,31.999999454138848
18.13896,16.64876,46.19317,4270.66251,0.21537,48.4224,9.326866554858407,3.47450319631328,31.999999454138848
18.17685,16.6938,46.21892,4265.40799,0.24534,48.53954,9.270297632671808,3.4534297843808504,31.999999454138848
18.21461,16.73887,46.24792,4260.17869,0.2742,48.65621,9.209939716693992,3.4309448725667644,31.999999454138848
18.25223,16.78398,46.28004,4254.97696,0.30191,48.77239,9.14605413708551,3.40714581323184,31.999999454138848
18.28972,16.82913,46.31513,4249.80498,0.32839,48.88803,9.078908940179078,3.3821324606877368,31.999999454138848
18.32708,16.87431,46.35306,4244.66482,0.35359,49.0031,9.008777070808064,3.356006494066494,31.999999454138848
18.3643,16.91952,46.39367,4239.5584,0.37746,49.11755,8.935934609463395,3.3288707606150982,31.999999454138848
18.4014,16.96477,46.4368,4234.48751,0.39995,49.23137,8.86065908121605,3.300828645724613,31.999999454138848
18.43836,17.01004,46.48229,4229.45377,0.42103,49.34453,8.783227851130736,3.271983475179553,31.999999454138848
18.4752,17.05535,46.52998,4224.45869,0.44065,49.45699,8.70391661859365,3.2424379542553687,31.999999454138848
18.51191,17.1007,46.5797,4219.5036,0.45878,49.56875,8.622998020615961,3.21229364741223,31.999999454138848
18.54849,17.14607,46.63128,4214.58972,0.4754,49.67978,8.540740351855035,3.1816505014692607,31.999999454138848
18.58495,17.19148,46.68455,4209.7181,0.49047,49.79006,8.457406406806138,3.1506064142904897,31.999999454138848
18.62128,17.23691,46.73933,4204.88967,0.50399,49.89958,8.373252447498885,3.119256850224607,31.999999454138848
18.65749,17.28238,46.79545,4200.10521,0.51594,50.00834,8.288527297973031,3.087694502773377,31.999999454138848
18.69357,17.32787,46.85273,4195.36537,0.5263,50.11632,8.203471565004653,3.056009004291633,31.999999454138848
18.72954,17.37339,46.911,4190.67068,0.53507,50.22352,8.118316982858449,3.0242866818902696,31.999999454138848
18.76538,17.41895,46.97008,4186.02152,0.54225,50.32994,8.033285878450503,2.992610358195303,31.999999454138848
18.8011,17.46453,47.02979,4181.41819,0.54785,50.43557,7.948590752003374,2.961059195130852,31.999999454138848
18.83671,17.51014,47.08996,4176.86082,0.55186,50.54042,7.864433967302998,2.9297085785316908,31.999999454138848
18.87219,17.55578,47.15042,4172.34947,0.55429,50.64449,7.781007544798996,2.898630041067665,31.999999454138848
18.90756,17.60145,47.211,4167.88408,0.55516,50.74779,7.698493050195839,2.867891220740971,31.999999454138848
18.94281,17.64714,47.27152,4163.46448,0.55448,50.85033,7.617061570730196,2.837555852048845,31.999999454138848
18.97795,17.69286,47.33182,4159.0904,0.55228,50.95212,7.53687377106446,2.807683786805368,31.999999454138848
19.01298,17.73861,47.39173,4154.76151,0.54856,51.05316,7.458080020584433,2.7783310415632094,31.999999454138848
19.04789,17.78439,47.4511,4150.47736,0.54337,51.15347,7.380820583957897,2.7495498686017044,31.999999454138848
19.08269,17.83019,47.50976,4146.23742,0.53671,51.25308,7.305225866891476,2.7213888474777486,31.999999454138848
19.11739,17.87602,47.56756,4142.0411,0.52862,51.35199,7.231416709285671,2.69389299423377,31.999999454138848
19.15197,17.92187,47.62436,4137.88773,0.51914,51.45021,7.159504718304395,2.6671038854748867,31.999999454138848
19.18644,17.96775,47.67999,4133.77656,0.50829,51.54779,7.089592634239076,2.641059794662915,31.999999454138848
19.2208,18.01366,47.73432,4129.7068,0.49611,51.64472,7.021774722493682,2.6157958381411053,31.999999454138848
19.25506,18.05959,47.78722,4125.67758,0.48263,51.74103,6.9561371854525795,2.5913441285657552,31.999999454138848
19.28921,18.10555,47.83854,4121.68799,0.4679,51.83675,6.892758588509781,2.5677339336133147,31.999999454138848
19.32326,18.15153,47.88815,4117.73705,0.45195,51.9319,6.831710295003294,2.544991838004874,31.999999454138848
19.3572,18.19754,47.93594,4113.82375,0.43482,52.02651,6.773056905301696,2.523141907077466,31.999999454138848
19.39104,18.24357,47.98177,4109.94702,0.41656,52.12059,6.716856695782068,2.5022058503148967,31.999999454138848
19.42477,18.28963,48.02554,4106.10577,0.39721,52.21417,6.663162053892905,2.482203183420128,31.999999454138848
19.45841,18.33571,48.06713,4102.29884,0.3768,52.30729,6.612019905956276,2.463151387682836,31.999999454138848
19.49194,18.38181,48.10644,4098.52507,0.3554,52.39996,6.5634721347939164,2.44506606555612,31.999999454138848
19.52537,18.42794,48.14337,4094.78323,0.33303,52.49222,6.517555984625795,2.4279610914918743,31.999999454138848
19.5587,18.4741,48.17781,4091.07209,0.30976,52.58409,6.474304451116856,2.4118487572434573,31.999999454138848
19.59193,18.52028,48.20969,4087.39037,0.28562,52.67561,6.4337466546991156,2.396739911,31.999999454138848
19.62506,18.56648,48.23891,4083.73678,0.26066,52.76679,6.395908195694609,2.382644089369046,31.999999454138848
19.65809,18.61271,48.2654,4080.10998,0.23494,52.85767,6.36081148994891,2.3695696430288677,31.999999454138848
19.69102,18.65896,48.28908,4076.50863,0.20849,52.94829,6.328476083985535,2.3575238535117755,31.999999454138848
19.72386,18.70523,48.30988,4072.93136,0.18137,53.03866,6.298918948870429,2.3465130429863694,31.999999454138848
19.7566,18.75153,48.32774,4069.37677,0.15364,53.12882,6.272154752171608,2.3365426755076606,31.999999454138848
19.78924,18.79786,48.3426,4065.84345,0.12533,53.21881,6.248196107550009,2.327617449996236,31.999999454138848
19.82179,18.8442,48.3544,4062.32997,0.0965,53.30864,6.2270538016402375,2.3197413847572976,31.999999454138848
19.85423,18.89057,48.36311,4058.83487,0.06719,53.39836,6.208736998006033,2.3129178934594474,31.999999454138848
19.88659,18.93696,48.36867,4055.35669,0.03747,53.48799,6.193253418008996,2.3071498525130423,31.999999454138848
19.91884,18.98338,48.37105,4051.89395,0.00737,53.57756,6.180609498550636,2.30243965983326,31.999999454138848
19.951,19.02982,48.37022,4048.44514,-0.02304,53.66711,6.170810526625983,2.298789284964859,31.999999454138848
19.98307,19.07628,48.36616,4045.00875,-0.05372,53.75667,6.163860750733718,2.2962003105853817,31.999999454138848
20.01504,19.12277,48.35884,4041.58324,-0.08462,53.84627,6.159763469175224,2.294673965398876,31.999999454138848
20.04691,19.16928,48.34825,4038.16707,-0.11568,53.93594,6.158521095298756,2.2942111484410677,31.999999454138848
20.07869,19.21581,48.33438,4034.75867,-0.14686,54.02571,6.160135199755067,2.2948124448206872,31.999999454138848
20.11038,19.26237,48.31722,4031.35648,-0.1781,54.11562,6.164606529838066,2.2964781329243795,31.999999454138848
20.14199,19.30893,48.29784,4027.95655,-0.18937,54.13597,6.171013089201538,2.2988647448539954,0
20.17356,19.35547,48.27729,4024.55561,-0.20061,54.15635,6.178431423233781,2.3016282694691217,0
20.20509,19.40199,48.25557,4021.15308,-0.21178,54.17676,6.18685667928075,2.304766899028445,0
20.23658,19.4485,48.2327,4017.74838,-0.22287,54.19719,6.196282897696318,2.308278413406978,0
20.26803,19.49499,48.20869,4014.34093,-0.23386,54.21765,6.206702576297297,2.312160017844086,0
20.29943,19.54146,48.18355,4010.93015,-0.24473,54.23813,6.218106659907953,2.316408339048554,0
20.3308,19.58791,48.1573,4007.51547,-0.25545,54.25864,6.23048452898803,2.32101942096222,0
20.36212,19.63434,48.12995,4004.09629,-0.266,54.27918,6.243823987561618,2.3259887202631595,0
20.39339,19.68076,48.10154,4000.67204,-0.27637,54.29974,6.258111250673901,2.331311101693002,0
20.42463,19.72715,48.07207,3997.24214,-0.28653,54.32032,6.27333093163297,2.336980833304162,0
20.45582,19.77353,48.04158,3993.80603,-0.29646,54.34093,6.289466029329568,2.3429915817361158,0
20.48697,19.81989,48.01009,3990.36314,-0.30614,54.36156,6.306497915962203,2.3493364076426806,0
20.51808,19.86624,47.97762,3986.9129,-0.31556,54.38222,6.32440632546751,2.3560077613820196,0
20.54915,19.91256,47.94422,3983.45477,-0.3247,54.4029,6.343169343054136,2.362997479117743,0
20.58017,19.95887,47.90991,3979.9882,-0.33353,54.42361,6.362763396199479,2.370296779464949,0
20.61115,20.00515,47.87473,3976.51264,-0.34203,54.44434,6.3831632475125755,2.3778962608314695,0
20.64209,20.05142,47.83871,3973.02758,-0.3502,54.4651,6.404341989882692,2.3857858996105876,0
20.67299,20.09767,47.80189,3969.53251,-0.35801,54.48588,6.426271044345547,2.39395504938615,0
20.70384,20.1439,47.76431,3966.0269,-0.36545,54.50668,6.448920161111188,2.4023924413154782,0
20.73465,20.19011,47.72602,3962.51029,-0.37251,54.52751,6.472257424199907,2.411086185856373,0
20.76542,20.2363,47.68704,3958.98218,-0.37916,54.54836,6.496249260162219,2.4200237760155305,0
20.79614,20.28247,47.64743,3955.44213,-0.38539,54.56923,6.520860451320515,2.4291920922814083,0
20.82682,20.32862,47.60724,3951.88969,-0.39119,54.59013,6.546054154009966,2.438577409419442,0
20.85746,20.37475,47.56651,3948.32443,-0.39655,54.61105,6.571791922264839,2.4481654052958217,0
20.88805,20.42086,47.52528,3944.74594,-0.40145,54.63199,6.598033737391917,2.4579411718943693,0
20.9186,20.46695,47.4836,3941.15385,-0.40589,54.65295,6.624738043850398,2.4678892286827434,0
20.94911,20.51302,47.44154,3937.54778,-0.40985,54.67394,6.651861791858376,2.477993538484477,0
20.97957,20.55907,47.39912,3933.92739,-0.41333,54.69495,6.6793604870803875,2.488237525988893,0
21.01,20.6051,47.35642,3930.29236,-0.41631,54.71598,6.707188247770561,2.498604099038433,0
21.04037,20.65111,47.31347,3926.64239,-0.41879,54.73703,6.7352978696489485,2.5090756727967967,0
21.0707,20.69709,47.27033,3922.97721,-0.42076,54.75811,6.76364089879881,2.5196341969050993,0
21.10099,20.74306,47.22706,3919.29657,-0.42222,54.7792,6.792167712777117,2.530261185697668,0
21.13124,20.789,47.18371,3915.60027,-0.42317,54.80032,6.820827610116349,2.540937751543814,0
21.16144,20.83492,47.14032,3911.8881,-0.4236,54.82146,6.849568908301697,2.5516446413469245,0
21.1916,20.88082,47.09696,3908.1599,-0.4235,54.84262,6.878339050257026,2.5623622762132783,0
21.22171,20.9267,47.05368,3904.41554,-0.42288,54.8638,6.9070847193120395,2.5730707942803437,0
21.25177,20.97255,47.01053,3900.65491,-0.42175,54.885,6.935751962503336,2.583750096649666,0
21.2818,21.01839,46.96756,3896.87795,-0.42009,54.90622,6.964286322057914,2.5943798963679314,0
21.31178,21.06419,46.92483,3893.08461,-0.41792,54.92746,6.992632974747494,2.60493977034012,0
21.34171,21.10998,46.88239,3889.27488,-0.41523,54.94871,7.020736878764426,2.6154092140446457,0
21.3716,21.15574,46.84029,3885.44879,-0.41204,54.96999,7.048542927668938,2.625767698882755,0
21.40144,21.20148,46.79858,3881.60638,-0.40834,54.99129,7.075996110876722,2.6359947319643777,0
21.43124,21.2472,46.75732,3877.74775,-0.40416,55.01261,7.103041680057388,2.646069918095929,0
21.46099,21.29289,46.71654,3873.873,-0.39949,55.03394,7.129625320742436,2.6559730237087917,0
21.4907,21.33856,46.6763,3869.98231,-0.39434,55.0553,7.155693328354198,2.6656840424347337,0
21.52036,21.3842,46.63665,3866.07584,-0.38874,55.07667,7.181192787781119,2.675183262002418,0
21.54997,21.42982,46.59763,3862.15382,-0.38268,55.09806,7.206071755583069,2.6844513321136847,0
21.57954,21.47541,46.55928,3858.21649,-0.37619,55.11947,7.230279443787547,2.6934693329124633,0
21.60907,21.52098,46.52164,3854.26414,-0.36928,55.1409,7.25376640424883,2.7022188436634127,0
21.63855,21.56652,46.48477,3850.29707,-0.36196,55.16234,7.276484712436236,2.7106820112178855,0
21.66798,21.61204,46.44869,3846.31564,-0.35426,55.1838,7.298388149489732,2.7188416178344266,0
21.69736,21.65753,46.41343,3842.3202,-0.34618,55.20528,7.319432381400958,2.7266811479284243,0
21.7267,21.70299,46.37905,3838.31116,-0.33776,55.22678,7.339575134064383,2.7341848532832693,0
21.756,21.74843,46.34557,3834.28896,-0.329,55.24829,7.35877636303936,2.741337816291189,0
21.78525,21.79384,46.31301,3830.25404,-0.31994,55.26982,7.376998416803391,2.74812601076938,0
21.81445,21.83923,46.28141,3826.20688,-0.31059,55.29137,7.39420619231767,2.7545363599122723,0
21.8436,21.88459,46.2508,3822.148,-0.30097,55.31293,7.410367281775473,2.760556790959159,0
21.87271,21.92992,46.22119,3818.07792,-0.29111,55.33451,7.425452109421745,2.7661762861630983,0
21.90177,21.97523,46.1926,3813.99719,-0.28104,55.3561,7.439434057415975,2.7713849296781423,0
21.93078,22.02051,46.16507,3809.90639,-0.27077,55.37771,7.452289579774821,2.776173950005963,0
21.95975,22.06576,46.13859,3805.8061,-0.26033,55.39934,7.463998303506095,2.780535757670924,0
21.98867,22.11098,46.1132,3801.69693,-0.24976,55.42098,7.47454311615075,2.7844639778317775,0
22.01754,22.15618,46.08888,3797.5795,-0.23907,55.44264,7.4839102390599885,2.7879534775793053,0
22.04637,22.20134,46.06566,3793.45444,-0.22829,55.46431,7.492089285827084,2.791000387703721,0
22.07515,22.24648,46.04354,3789.32242,-0.21745,55.486,7.499073305430676,2.793602118766674,0
22.10388,22.29159,46.02252,3785.18407,-0.20657,55.5077,7.504858809763622,2.795757371356477,0
22.13256,22.33668,46.0026,3781.04007,-0.19569,55.52942,7.509445785365466,2.7974661404587557,0
22.1612,22.38173,45.98377,3776.89108,-0.18483,55.55115,7.512837689265907,2.7987297139080325,0
22.18979,22.42676,45.96604,3772.73778,-0.17401,55.57289,7.515041429052451,2.7995506649624042,0
22.21833,22.47176,45.9494,3768.58085,-0.16327,55.59466,7.516067327314289,2.7999328390579468,0
22.24683,22.51673,45.93382,3764.42096,-0.15263,55.61643,7.51592907082867,2.7998813348793066,0
22.27528,22.56167,45.91931,3760.25879,-0.14212,55.63822,7.514643644914213,2.7994024799045802,0
22.30368,22.60658,45.90584,3756.09501,-0.13175,55.66002,7.512231253530974,2.7985038006404857,0
22.33203,22.65146,45.89339,3751.93029,-0.12157,55.68184,7.508715225797427,2.7971939877974816,0
22.36034,22.69631,45.88195,3747.76527,-0.11159,55.70368,7.504121909695126,2.7954828566919545,0
22.3886,22.74114,45.87148,3743.60062,-0.10185,55.72552,7.498480553839392,2.7933813032026875,0
22.41681,22.78594,45.86197,3739.43696,-0.09235,55.74738,7.491823178242406,2.7909012556267165,0
22.44498,22.8307,45.85339,3735.27493,-0.08313,55.76926,7.4841844350974975,2.7880556228178093,0
22.4731,22.87544,45.8457,3731.11513,-0.07421,55.79114,7.47560146063312,2.784858238998179,0
22.50117,22.92015,45.83888,3726.95817,-0.06561,55.81305,7.466113719149886,2.7813238056581717,0
22.52919,22.96483,45.83289,3722.80461,-0.05735,55.83496,7.455762840386157,2.777467830970672,0
22.55717,23.00948,45.82769,3718.65502,-0.04945,55.85689,7.444592451351037,2.7733065671444654,0
22.5851,23.0541,45.82325,3714.50993,-0.04193,55.87883,7.432648003790354,2.768856946150781,0
22.61299,23.09869,45.81952,3710.36987,-0.03481,55.90079,7.419976598431848,2.764136514249997,0
22.64082,23.14326,45.81647,3706.23533,-0.02811,55.92276,7.406626807133569,2.7591633657372387,0
22.66861,23.18779,45.81405,3702.10679,-0.02183,55.94475,7.392648494048493,2.753956076321496,0
22.69636,23.23229,45.81223,3697.98468,-0.016,55.96674,7.378092636845776,2.748533636525831,0
22.72405,23.27677,45.81094,3693.86944,-0.01063,55.98876,7.363011149009307,2.742915385488919,0
22.7517,23.32122,45.81015,3689.76145,-0.00573,56.01078,7.347456704167748,2.7371209455233636,0
22.77931,23.36564,45.80982,3685.6611,-0.00132,56.03282,7.331482563325627,2.731170157754732,0
22.80687,23.41003,45.80988,3681.56873,0.00261,56.05487,7.315142405846991,2.725083019158522,0
22.83438,23.45439,45.8103,3677.48464,0.00603,56.07694,7.298490164907931,2.7188796212618933,0
22.86184,23.49872,45.81103,3673.40912,0.00895,56.09902,7.281579868092738,2.712580090761546,0
22.88926,23.54302,45.81201,3669.34245,0.01135,56.12111,7.264465483740949,2.706204532283951,0
22.91663,23.58729,45.81319,3665.28483,0.01323,56.14322,7.2472007735199,2.699772973464745,0
22.94396,23.63154,45.81453,3661.23649,0.01459,56.16534,7.229839151677165,2.6933053125165634,0
22.97124,23.67576,45.81597,3657.19758,0.01543,56.18747,7.212433551315185,2.6868212684128174,0
22.99847,23.71995,45.81747,3653.16825,0.01574,56.20962,7.195036297935015,2.6803403337794185,0
23.02566,23.76411,45.81897,3649.14862,0.01552,56.23178,7.177698990471453,2.6738817305772273,0
23.05281,23.80824,45.82042,3645.13877,0.01478,56.25396,7.160472389921147,2.6674643686130994,0
23.0799,23.85234,45.82177,3641.13876,0.01351,56.27615,7.143406315614964,2.6611068068986063,0
23.10696,23.89642,45.82298,3637.14861,0.01172,56.29835,7.126549549124609,2.6548272178527292,0
23.13396,23.94047,45.82399,3633.16833,0.00943,56.32057,7.109949745729016,2.648643354320757,0
23.16093,23.98449,45.82475,3629.19789,0.00662,56.3428,7.09365335330092,2.642572519357401,0
23.18784,24.02848,45.82523,3625.23724,0.00331,56.36504,7.0777055384471135,2.6366315387120953,0
23.21472,24.07245,45.82537,3621.28629,-0.00049,56.3873,7.0621501196618715,2.6308367359268914,0
23.24154,24.11638,45.82512,3617.34494,-0.00478,56.40957,7.047029507243042,2.625203909953621,0
23.26832,24.16029,45.82445,3613.41306,-0.00954,56.43186,7.032384649659642,2.6197483151744105,0
23.29506,24.20417,45.8233,3609.49048,-0.01476,56.45416,7.018254986050973,2.6144846437063567,0
23.32175,24.24803,45.82164,3605.57703,-0.02044,56.47647,7.004678404497571,2.609427009856355,0
23.3484,24.29185,45.81943,3601.67249,-0.02655,56.4988,6.991691205706965,2.6045889365930877,0
23.37501,24.33565,45.81662,3597.77664,-0.03308,56.52114,6.979328071720331,2.599983343889434,0
23.40156,24.37942,45.81319,3593.88922,-0.04003,56.5435,6.967622039250006,2.595622538789987,0
23.42808,24.42317,45.80908,3590.00997,-0.04736,56.56586,6.956604477252238,2.591518207056316,0
23.45455,24.46689,45.80427,3586.13858,-0.05508,56.58825,6.946305068340067,2.587681406242773,0
23.48098,24.51058,45.79873,3582.27474,-0.06316,56.61064,6.936751793640794,2.5841225600555093,0
23.50736,24.55424,45.79242,3578.41811,-0.07157,56.63306,6.927970920712294,2.580851453850972,0
23.5337,24.59788,45.78531,3574.56834,-0.08031,56.65548,6.919986994140897,2.5778772311333755,0
23.55999,24.64149,45.77737,3570.72507,-0.08936,56.67792,6.912822828449745,2.5752083909128767,0
23.58624,24.68507,45.76859,3566.88788,-0.09869,56.70037,6.9064995029987815,2.572852785805687,0
23.61245,24.72863,45.75893,3563.0564,-0.10829,56.72284,6.901036358512048,2.5708176207403963,0
23.63861,24.77216,45.74838,3559.23018,-0.11813,56.74532,6.896450994942537,2.569109452162577,0
23.66473,24.81566,45.73691,3555.4088,-0.1282,56.76781,6.892759270401605,2.567734187635961,0
23.6908,24.85913,45.72451,3551.59181,-0.13847,56.79032,6.889975300854772,2.566697085729119,0
23.71684,24.90258,45.71116,3547.77874,-0.14891,56.81284,6.888111460391968,2.56600275611613,0
23.74282,24.946,45.69684,3543.96912,-0.15952,56.83538,6.887178381832517,2.5656551598019606,0
23.76877,24.9894,45.68156,3540.16247,-0.17026,56.85793,6.887184957492972,2.5656576094084955,0
23.79467,25.03277,45.66528,3536.35829,-0.18111,56.88049,6.888138339974981,2.5660127694680464,0
23.82053,25.07611,45.64802,3532.55607,-0.19205,56.90306,6.890043942829704,2.56672265667086,0
23.84634,25.11942,45.62976,3528.7553,-0.20306,56.92565,6.892905441032718,2.567788640042031,0
23.87212,25.16271,45.6105,3524.95546,-0.21412,56.94826,6.896724771177189,2.569211441013471,0
23.89784,25.20597,45.59024,3521.15603,-0.22519,56.97087,6.901502131385014,2.570991133390798,0
23.92353,25.24921,45.56898,3517.35646,-0.23626,56.9935,6.907235980907119,2.5731271432044425,0
23.94917,25.29242,45.54673,3513.55623,-0.2473,57.01614,6.913923039457993,2.5756182484617427,0
23.97477,25.3356,45.52349,3509.75478,-0.25829,57.0388,6.921558286339411,2.5784625788205076,0
24.00032,25.37875,45.49927,3505.95159,-0.26921,57.06146,6.930134959445262,2.5816576152182877,0
24.02583,25.42188,45.47407,3502.14609,-0.28003,57.08415,6.939644554262936,2.58520018950037,0
24.0513,25.46498,45.44792,3498.33776,-0.29073,57.10684,6.950076823021392,2.5890864841024057,0
24.07673,25.50805,45.42082,3494.52603,-0.30129,57.12954,6.9614197741624375,2.5933120318534515,0
24.10211,25.55109,45.3928,3490.71037,-0.31169,57.15226,6.9736596723405135,2.5978717159758893,0
24.12745,25.59411,45.36386,3486.89024,-0.3219,57.17499,6.986781039169167,2.602759770363501,0
24.15274,25.6371,45.33404,3483.0651,-0.33189,57.19774,7.000766654988379,2.6079697802398565,0
24.178,25.68006,45.30334,3479.23441,-0.34166,57.22049,7.015597561902466,2.613494683290001,0
24.20321,25.723,45.2718,3475.39764,-0.35118,57.24326,7.0312530684106,2.619326771385448,0
24.22837,25.76591,45.23945,3471.55428,-0.36043,57.26604,7.047710755930238,2.6254576930143325,0
24.25349,25.80878,45.2063,3467.70382,-0.36938,57.28883,7.064946487553173,2.631878456543268,0
24.27857,25.85164,45.17239,3463.84574,-0.37802,57.31163,7.082934419385459,2.638579434441766,0
24.30361,25.89446,45.13775,3459.97956,-0.38633,57.33444,7.101647014812221,2.645550368596253,0
24.3286,25.93725,45.10241,3456.10479,-0.3943,57.35727,7.121055062089069,2.652780376863337,0
24.35355,25.98002,45.06641,3452.22096,-0.4019,57.38011,7.14112769559163,2.6602579609858132,0
24.37845,26.02276,45.02978,3448.32762,-0.40911,57.40295,7.161832421135232,2.667971016024921,0
24.40332,26.06547,44.99256,3444.42431,-0.41593,57.42581,7.1831351457098656,2.675906841437389,0
24.42814,26.10815,44.95478,3440.51063,-0.42233,57.44868,7.2050002120056575,2.684052153937091,0
24.45291,26.1508,44.91649,3436.58614,-0.42831,57.47156,7.227390438094543,2.692393102277504,0
24.47764,26.19342,44.87772,3432.65047,-0.43384,57.49444,7.250267162588652,2.7009152840744077,0
24.50233,26.23601,44.83853,3428.70323,-0.43892,57.51734,7.273590295615455,2.7096037647954545,0
24.52697,26.27857,44.79894,3424.74408,-0.44353,57.54025,7.297318375889693,2.7184430990209747,0
24.55157,26.3211,44.75901,3420.77268,-0.44767,57.56317,7.321408634163256,2.7274173540807203,0
24.57613,26.36361,44.71877,3416.78871,-0.45133,57.58609,7.3458170632748,2.7365101361491924,0
24.60064,26.40608,44.67828,3412.79189,-0.45449,57.60903,7.370498494995361,2.745704618872653,0
24.62511,26.44852,44.63758,3408.78195,-0.45715,57.63198,7.395406683829299,2.7549835745871865,0
24.64953,26.49093,44.5967,3404.75866,-0.4593,57.65493,7.420494397849754,2.7643294081572893,0
24.67391,26.53331,44.55571,3400.72179,-0.46095,57.67789,7.4457135166413,2.7737241934620913,0
24.69824,26.57566,44.51464,3396.67115,-0.46208,57.70086,7.471015136318439,2.783149712517505,0
24.72254,26.61798,44.47355,3392.60659,-0.46269,57.72384,7.496349681561684,2.792587497212618,0
24.74678,26.66026,44.43247,3388.52796,-0.46278,57.74683,7.521667024527047,2.8020188736065994,0
24.77098,26.70252,44.39146,3384.43516,-0.46235,57.76982,7.546916610432961,2.8114250087131416,0
24.79514,26.74474,44.35055,3380.32811,-0.46141,57.79283,7.572047589544165,2.820786959667921,0
24.81925,26.78693,44.30981,3376.20676,-0.45995,57.81583,7.5970089552043305,2.830085725149391,0
24.84332,26.82909,44.26926,3372.07109,-0.45799,57.83885,7.62174968751622,2.839302298903415,0
24.86735,26.87121,44.22896,3367.92111,-0.45552,57.86187,7.646218902160202,2.848417725182083,0
24.89132,26.9133,44.18895,3363.75685,-0.45255,57.8849,7.670366003799035,2.857413155891031,0
24.91526,26.95536,44.14927,3359.57839,-0.44909,57.90794,7.694140843438973,2.866269909210587,0
24.93915,26.99739,44.10996,3355.38582,-0.44515,57.93098,7.717493879052845,2.8749695294321023,0
24.96299,27.03938,44.07108,3351.17928,-0.44074,57.95403,7.740376338694156,2.8834938477222383,0
24.98679,27.08134,44.03264,3346.95891,-0.43587,57.97708,7.7627403852924175,2.8918250435135713,0
25.01054,27.12326,43.9947,3342.72491,-0.43055,58.00014,7.784539282256906,2.899945706196342,0
25.03425,27.16515,43.9573,3338.4775,-0.4248,58.02321,7.805727558968262,2.907838896768435,0
25.05791,27.20701,43.92046,3334.21692,-0.41864,58.04628,7.826261175207073,2.915488209089351,0
25.08153,27.24883,43.88423,3329.94345,-0.41207,58.06935,7.8460976835339205,2.9228778303710476,0
25.1051,27.29062,43.84862,3325.65738,-0.40513,58.09243,7.865196388602379,2.929992600526222,0
25.12863,27.33237,43.81369,3321.35905,-0.39782,58.11552,7.88351850241053,2.9368180700035866,0
25.15211,27.37408,43.77945,3317.04881,-0.39017,58.13861,7.90102729444528,2.943340555720575,0
25.17555,27.41576,43.74594,3312.72705,-0.38219,58.1617,7.917688235730344,2.9495471947250103,0
25.19894,27.45741,43.71317,3308.39415,-0.37392,58.1848,7.933469135778969,2.955425995213593,0
25.22228,27.49901,43.68117,3304.05056,-0.36536,58.2079,7.948340271481579,2.960965884545945,0
25.24558,27.54059,43.64997,3299.69672,-0.35655,58.231,7.962274507051112,2.966156753927399,0
25.26883,27.58212,43.61957,3295.3331,-0.34751,58.25411,7.975247404099413,2.9709894994153556,0
25.29204,27.62362,43.59001,3290.96018,-0.33827,58.27722,7.987237321107265,2.975456058974483,0
25.3152,27.66508,43.56129,3286.57847,-0.32884,58.30033,7.998225501503281,2.979549445288426,0
25.33832,27.70651,43.53343,3282.1885,-0.31926,58.32345,8.008196149738442,2.983263774099567,0
25.36138,27.7479,43.50643,3277.7908,-0.30955,58.34657,8.017136494763388,2.986594287855994,0
25.38441,27.78925,43.4803,3273.38592,-0.29974,58.36969,8.025036840474499,2.98953737450399,0
25.40739,27.83057,43.45506,3268.97441,-0.28985,58.39281,8.031890602716988,2.992090581272654,0
25.43032,27.87184,43.43069,3264.55686,-0.27992,58.41594,8.037694332626955,2.9942526233694413,0
25.4532,27.91308,43.40721,3260.13384,-0.26997,58.43907,8.042447726119914,2.9960233875148785,0
25.47604,27.95428,43.38461,3255.70593,-0.26002,58.4622,8.046153619501883,2.9974039303075855,0
25.49884,27.99545,43.36288,3251.27372,-0.25012,58.48534,8.048817971248353,2.9983964714364584,0
25.52158,28.03657,43.34203,3246.83781,-0.24027,58.50847,8.050449830151488,2.9990043818146686,0
25.54429,28.07766,43.32203,3242.39879,-0.23051,58.53161,8.051061290059796,2.999232166718992,0
25.56694,28.11871,43.30289,3237.95724,-0.22088,58.55475,8.050667431649613,2.99908544409816,0
25.58955,28.15972,43.28458,3233.51377,-0.21138,58.57789,8.049286251658275,2.9985709182103544,0
25.61212,28.20069,43.26709,3229.06895,-0.20206,58.60103,8.046938580169067,2.99769634880967,0
25.63463,28.24163,43.25041,3224.62337,-0.19293,58.62417,8.04364798658755,2.9964705161198264,0
25.65711,28.28252,43.23451,3220.1776,-0.18402,58.64732,8.039440675031505,2.9949031818641707,0
25.67953,28.32338,43.21938,3215.7322,-0.17536,58.67046,8.034345369938354,2.9930050466514264,0
25.70191,28.3642,43.20498,3211.28772,-0.16696,58.69361,8.028393192722264,2.9907877040272246,0
25.72425,28.40498,43.19129,3206.84471,-0.15886,58.71676,8.021617530387827,2.988263591529241,0
25.74654,28.44572,43.17829,3202.4037,-0.15107,58.7399,8.014053897017074,2.9854459390874646,0
25.76878,28.48643,43.16595,3197.96518,-0.14362,58.76305,8.005739789103934,2.982348715132475,0
25.79098,28.52709,43.15424,3193.52967,-0.13652,58.78621,7.996714535691986,2.978986570767815,0
25.81313,28.56771,43.14311,3189.09764,-0.1298,58.80936,7.987019144304616,2.9753747823749195,0
25.83524,28.6083,43.13255,3184.66955,-0.12347,58.83251,7.976696143638035,2.971529193012123,0
25.8573,28.64885,43.12251,3180.24584,-0.11755,58.85566,7.9657894239667115,2.9674661529614896,0
25.87932,28.68936,43.11296,3175.82692,-0.11206,58.87882,7.954344076223915,2.9632024597820745,0
25.90129,28.72983,43.10387,3171.41321,-0.10701,58.90197,7.942406230621943,2.9587552981917185,0
25.92321,28.77026,43.09518,3167.00507,-0.10241,58.92513,7.93002289572565,2.954142180117699,0
25.94509,28.81065,43.08687,3162.60285,-0.09828,58.94829,7.917241798766646,2.9493808852095693,0
25.96693,28.851,43.07889,3158.2069,-0.09463,58.97144,7.904111227984265,2.944489402107022,0
25.98872,28.89132,43.07121,3153.8175,-0.09147,58.9946,7.890679877708344,2.9394858707291465,0
26.01047,28.93159,43.06377,3149.43493,-0.0888,59.01776,7.876996696831782,2.9343885258264706,0
26.03217,28.97183,43.05655,3145.05947,-0.08664,59.04092,7.863110741293837,2.9292156420271067,0
26.05382,29.01203,43.04949,3140.69132,-0.08499,59.06408,7.849071031048517,2.923985480553717,0
26.07543,29.05219,43.04256,3136.33069,-0.08385,59.08724,7.83492641204314,2.9187162378068887,0
26.097,29.09231,43.03571,3131.97776,-0.08323,59.11041,7.820725423566356,2.9134259959487916,0
26.11852,29.13239,43.0289,3127.63269,-0.08313,59.13357,7.80651617129945,2.9081326756114416,0
26.14,29.17244,43.02208,3123.29558,-0.08354,59.15673,7.7923462063441535,2.902853990831377,0
26.16144,29.21244,43.01522,3118.96654,-0.08448,59.1799,7.778262410435127,2.8976074062882917,0
26.18283,29.25241,43.00827,3114.64564,-0.08593,59.20306,7.764310887451518,2.8924100968902353,0
26.20417,29.29234,43.00119,3110.33292,-0.0879,59.22623,7.7505368613539725,2.887278909752461,0
26.22547,29.33223,42.99394,3106.0284,-0.09038,59.2494,7.7369845805293345,2.8822303285633137,0
26.24673,29.37208,42.98648,3101.73208,-0.09336,59.27257,7.7236972285556735,2.877280440341854,0
26.26795,29.4119,42.97877,3097.44391,-0.09684,59.29573,7.7107168413082805,2.8724449045576566,0
26.28912,29.45167,42.97076,3093.16385,-0.10081,59.3189,7.698084230291356,2.8677389245698524,0
26.31024,29.49141,42.96243,3088.89181,-0.10525,59.34207,7.685838912044166,2.86317722132906,0
26.33133,29.53111,42.95373,3084.62768,-0.11017,59.36524,7.674019043449484,2.8587740092780813,0
26.35237,29.57077,42.94462,3080.37134,-0.11554,59.38842,7.662661362721005,2.854542974368157,0
26.37336,29.6104,42.93508,3076.12262,-0.12136,59.41159,7.651801135840665,2.8504972541054636,0
26.39432,29.64998,42.92506,3071.88136,-0.12761,59.43476,7.6414721081825245,2.8466494195297325,0
26.41523,29.68953,42.91454,3067.64735,-0.13428,59.45794,7.631706461048621,2.843011459022713,0
26.43609,29.72904,42.90348,3063.42037,-0.14135,59.48111,7.622534772847316,2.8395947638460863,0
26.45692,29.76851,42.89186,3059.2002,-0.14881,59.50429,7.613985984603205,2.836410115292999,0
26.4777,29.80795,42.87964,3054.98655,-0.15663,59.52747,7.606087369511315,2.833467673346199,0
26.49844,29.84735,42.8668,3050.77916,-0.1648,59.55064,7.598864506244083,2.8307769667341853,0
26.51913,29.8867,42.85331,3046.57773,-0.17331,59.57382,7.592341255710895,2.828346884273521,0
26.53978,29.92603,42.83914,3042.38194,-0.18212,59.597,7.586539741006695,2.826185667399168,0
26.56039,29.96531,42.82429,3038.19146,-0.19123,59.62018,7.581480330232849,2.824300903764801,0
26.58096,30.00455,42.80871,3034.00594,-0.20061,59.64336,7.577181621975919,2.822699521833273,0
26.60149,30.04376,42.79241,3029.82502,-0.21024,59.66654,7.573660433168712,2.821387786354535,0
26.62197,30.08293,42.77536,3025.64832,-0.2201,59.68973,7.570931789106249,2.8203712946463213,0
26.64241,30.12207,42.75754,3021.47545,-0.23017,59.71291,7.569008915413574,2.8196549736019483,0
26.66281,30.16116,42.73894,3017.30599,-0.24041,59.73609,7.5679032317695905,2.8192430773522767,0
26.68316,30.20022,42.71955,3013.13955,-0.25082,59.75927,7.567624347221324,2.8191391855201533,0
26.70347,30.23924,42.69937,3008.97569,-0.26136,59.78246,7.568180056947488,2.8193462020147524,0
26.72375,30.27822,42.67837,3004.81397,-0.27202,59.80564,7.5695763403478376,2.81986635431981,0
26.74398,30.31717,42.65657,3000.65395,-0.28276,59.82883,7.571817360363386,2.820701193240387,0
26.76416,30.35607,42.63395,2996.49518,-0.29357,59.85201,7.574905463962138,2.821851593083818,0
26.78431,30.39494,42.61051,2992.33719,-0.30442,59.8752,7.578841183748109,2.823317752259112,0
26.80441,30.43377,42.58625,2988.17953,-0.31529,59.89838,7.583623240685133,2.8250991942916444,0
26.82447,30.47256,42.56118,2984.02171,-0.32614,59.92157,7.589248547924254,2.8271947692489583,0
26.84449,30.51132,42.53529,2979.86326,-0.33697,59.94475,7.5957122158077235,2.8296026556048886,0
26.86447,30.55004,42.50861,2975.70371,-0.34773,59.96794,7.603007558074221,2.8323203625511657,0
26.88441,30.58871,42.48112,2971.54258,-0.35842,59.99112,7.611126099375468,2.8353447327975583,0
26.9043,30.62736,42.45284,2967.37938,-0.369,60.01431,7.620057584213453,2.8386719459012166,0
26.92415,30.66596,42.42379,2963.21363,-0.37945,60.03749,7.629789987423837,2.842297522172025,0
26.94396,30.70452,42.39398,2959.04486,-0.38975,60.06067,7.640309526363095,2.8462163272126264,0
26.96373,30.74305,42.36341,2954.87258,-0.39987,60.08386,7.6516006749821575,2.850422577161227,0
26.98346,30.78153,42.33212,2950.69633,-0.4098,60.10704,7.663646179973004,2.8549098447066283,0
27.00314,30.81998,42.30011,2946.51563,-0.4195,60.13022,7.676427079186852,2.8596710659494837,0
27.02279,30.85839,42.2674,2942.33003,-0.42897,60.1534,7.689922722577168,2.8646985482041254,0
27.04239,30.89676,42.23403,2938.13905,-0.43817,60.17658,7.704110795858376,2.8699839788120505,0
27.06195,30.93509,42.2,2933.94226,-0.44708,60.19975,7.7189673471669,2.8755184350738667,0
27.08147,30.97339,42.16535,2929.73921,-0.45569,60.22293,7.734466816944521,2.881292395381624,0
27.10095,31.01164,42.13011,2925.52948,-0.46398,60.2461,7.75058207129803,2.887295751646168,0
27.12038,31.04985,42.09429,2921.31263,-0.47193,60.26927,7.7672844391109095,2.8935178231222114,0
27.13977,31.08803,42.05793,2917.08827,-0.47952,60.29244,7.784543753110877,2.899947371707081,0
27.15913,31.12616,42.02106,2912.856,-0.48673,60.31561,7.80232839518983,2.906572618823587,0
27.17844,31.16426,41.98371,2908.61543,-0.49356,60.33878,7.82060534615346,2.913381263953062,0
27.19771,31.20231,41.94591,2904.3662,-0.49997,60.36194,7.8393402401469485,2.920360504910364,0
27.21693,31.24033,41.90769,2900.10795,-0.50596,60.3851,7.858497423951496,2.9274970599334007,0
27.23612,31.2783,41.86909,2895.84036,-0.51152,60.40826,7.8780400213095385,2.934777191645954,0
27.25526,31.31624,41.83014,2891.5631,-0.51663,60.43141,7.897930002444667,2.9421867329556894,0
27.27436,31.35413,41.79088,2887.27589,-0.52129,60.45456,7.9181282588897695,2.949711114929602,0
27.29342,31.39198,41.75135,2882.97843,-0.52548,60.47771,7.938594683707327,2.957335396678189,0
27.31244,31.42979,41.71157,2878.67048,-0.52919,60.50085,7.959288257143735,2.9650442972639364,0
27.33141,31.46756,41.6716,2874.35179,-0.53242,60.52399,7.980167137749019,2.972822229645817,0
27.35035,31.50529,41.63146,2870.02216,-0.53517,60.54713,8.00118875888584,2.980653336631423,0
27.36924,31.54298,41.59119,2865.68138,-0.53742,60.57026,8.022309930587122,2.988521528821624,0
27.38809,31.58062,41.55083,2861.32929,-0.53917,60.59338,8.043486946607944,2.9964105244902064,0
27.4069,31.61822,41.51043,2856.96575,-0.54042,60.61651,8.064675696481244,3.0043038913275733,0
27.42566,31.65578,41.47001,2852.59062,-0.54117,60.63962,8.085831782369842,3.0121850899711977,0
27.44438,31.6933,41.42961,2848.20383,-0.54142,60.66274,8.10691064040025,3.020037519205658,0
27.46307,31.73077,41.38928,2843.80529,-0.54117,60.68584,8.127867666145844,3.0278445627084256,0
27.4817,31.76821,41.34904,2839.39496,-0.54043,60.70895,8.148658343860887,3.0355896371929325,0
27.5003,31.8056,41.30895,2834.97282,-0.53919,60.73204,8.169238379018317,3.04325624178239,0
27.51886,31.84294,41.26902,2830.53887,-0.53747,60.75513,8.189563833639061,3.050828008423514,0
27.53737,31.88024,41.2293,2826.09315,-0.53527,60.77822,8.209591263874312,3.058288753139549,0
27.55584,31.9175,41.18983,2821.63572,-0.5326,60.80129,8.229277859225288,3.0656225278932854,0
27.57427,31.95471,41.15063,2817.16666,-0.52947,60.82437,8.248581582780234,3.0728136728290383,0
27.59265,31.99188,41.11174,2812.68608,-0.52589,60.84743,8.267461311765127,3.079846868631477,0
27.61099,32.02901,41.07319,2808.19411,-0.52187,60.87049,8.285876977706579,3.0867071887400006,0
27.62929,32.06609,41.03501,2803.69092,-0.51743,60.89354,8.303789705459996,3.093380151140382,0
27.64755,32.10312,40.99724,2799.17669,-0.51258,60.91658,8.321161950341178,3.0998517694498937,0
27.66577,32.14012,40.9599,2794.65163,-0.50734,60.93962,8.337957632568106,3.1061086030004206,0
27.68394,32.17706,40.92301,2790.11598,-0.50172,60.96265,8.354142268234144,3.112137805629413,0
27.70207,32.21396,40.88661,2785.57,-0.49574,60.98567,8.369683096027748,3.11792717288632,0
27.72016,32.25081,40.85072,2781.01396,-0.48943,61.00868,8.38454919889052,3.1234651873534096,0
27.7382,32.28762,40.81535,2776.44816,-0.48279,61.03168,8.398711619863102,3.128741061801418,0
27.7562,32.32439,40.78054,2771.87293,-0.47586,61.05468,8.412143471374046,3.133744779902528,0
27.77416,32.3611,40.7463,2767.28862,-0.46866,61.07767,8.42482003723985,3.138467134228063,0
27.79208,32.39777,40.71264,2762.69557,-0.4612,61.10065,8.436718866711939,3.1428997612834615,0
27.80996,32.43439,40.67959,2758.09418,-0.45351,61.12362,8.447819859924154,3.147035173339721,0
27.82779,32.47097,40.64715,2753.48484,-0.44562,61.14658,8.45810534417781,3.150866786851586,0
27.84558,32.5075,40.61534,2748.86796,-0.43756,61.16953,8.46756014052577,3.154388947261865,0
27.86332,32.54398,40.58418,2744.24396,-0.42933,61.19247,8.476171620209195,3.157596950025609,0
27.88103,32.58042,40.55366,2739.61328,-0.42098,61.2154,8.483929750556873,3.1604870577088136,0
27.89869,32.6168,40.52379,2734.97638,-0.41253,61.23833,8.490827130035244,3.1630565130454835,0
27.91631,32.65314,40.49458,2730.33371,-0.40401,61.26124,8.496859012228002,3.165303547870658,0
27.93388,32.68944,40.46604,2725.68574,-0.39544,61.28414,8.502023318563438,3.167227387861685,0
27.95141,32.72568,40.43815,2721.03296,-0.38684,61.30704,8.506320639743903,3.1688282530707337,0
27.96891,32.76188,40.41092,2716.37583,-0.37826,61.32992,8.5097542258802,3.1701073542495926,0
27.98635,32.79803,40.38435,2711.71485,-0.36971,61.35279,8.512329965431869,3.1710668850043753,0
28.00376,32.83413,40.35843,2707.0505,-0.36122,61.37566,8.514056353102713,3.1717100098357585,0
28.02112,32.87018,40.33315,2702.38328,-0.35281,61.39851,8.514944446979106,3.1720408481718714,0
28.03844,32.90618,40.3085,2697.71368,-0.34452,61.42135,8.51500781521677,3.172064454507719,0
28.05572,32.94213,40.28448,2693.04218,-0.33638,61.44418,8.514262472684448,3.1717867948032876,0
28.07295,32.97804,40.26107,2688.36927,-0.3284,61.467,8.512726808021306,3.1712147193104974,0
28.09015,33.0139,40.23825,2683.69544,-0.32061,61.48981,8.510421501652774,3.170355932031958,0
28.1073,33.04971,40.21601,2679.02115,-0.31303,61.51261,8.507369435322513,3.169218957019238,0
28.1244,33.08547,40.19433,2674.34688,-0.3057,61.53539,8.503595593796337,3.1678131017549904,0
28.14147,33.12118,40.1732,2669.67309,-0.29863,61.55817,8.499126959375584,3.166148417856412,0
28.15849,33.15684,40.15258,2665.00022,-0.29185,61.58094,8.493992399960426,3.164235659375877,0
28.17547,33.19245,40.13246,2660.32872,-0.28537,61.60369,8.48822255135828,3.1620862389577242,0
28.19241,33.22802,40.11282,2655.65901,-0.27923,61.62643,8.48184969460144,3.1597121821358485,0
28.20931,33.26353,40.09363,2650.9915,-0.27343,61.64916,8.474907629035973,3.1571260800559746,0
28.22616,33.299,40.07486,2646.3266,-0.268,61.67188,8.46743154192401,3.1543410408990766,0
28.24298,33.33441,40.05648,2641.66469,-0.26296,61.69459,8.459457875343968,3.151370640298217,0
28.25975,33.36978,40.03848,2637.00614,-0.25832,61.71729,8.451024191102057,3.148228871014518,0
28.27647,33.4051,40.02081,2632.35129,-0.25409,61.73998,8.442169034409696,3.1449300921534182,0
28.29316,33.44037,40.00345,2627.70048,-0.2503,61.76265,8.432931797029385,3.141488978182909,0
28.30981,33.47559,39.98636,2623.05403,-0.24695,61.78531,8.423352580547968,3.1379204679992267,0
28.32641,33.51076,39.96952,2618.41222,-0.24406,61.80797,8.413472060445322,3.1342397142888614,0
28.34297,33.54588,39.95289,2613.77533,-0.24163,61.83061,8.403331351548418,3.130462033406655,0
28.35949,33.58095,39.93644,2609.14361,-0.23968,61.85324,8.39297187544773,3.126602855984928,0
28.37597,33.61597,39.92014,2604.51731,-0.23821,61.87585,8.382435230384006,3.122677678462874,0
28.39241,33.65095,39.90394,2599.89661,-0.23724,61.89846,8.371763064098765,3.1187020157200274,0
28.40881,33.68587,39.88783,2595.28173,-0.23675,61.92105,8.360996950064319,3.114691354968687,0
28.42516,33.72074,39.87176,2590.67282,-0.23677,61.94364,8.35017826747126,3.110661111046102,0
28.44148,33.75557,39.8557,2586.07003,-0.23729,61.96621,8.33934808532021,3.106626583235593,0
28.45775,33.79035,39.83962,2581.47348,-0.23831,61.98877,8.328547050876404,3.1026029137129547,0
28.47398,33.82507,39.82348,2576.88327,-0.23984,62.01131,8.317815282744826,3.0986050477141283,0
28.49017,33.85975,39.80725,2572.29949,-0.24186,62.03385,8.307192268741467,3.0946476954895576,0
28.50633,33.89438,39.79089,2567.72217,-0.24438,62.05638,8.296716768697385,3.090745296096142,0
28.52244,33.92896,39.77438,2563.15136,-0.2474,62.07889,8.286426722318017,3.0869119830724125,0
28.53851,33.96349,39.75768,2558.58707,-0.2509,62.10139,8.276359162133058,3.0831615520100644,0
28.55454,33.99798,39.74076,2554.02929,-0.25489,62.12388,8.266550131575066,3.079507430036086,0
28.57052,34.03241,39.72358,2549.47798,-0.25935,62.14636,8.25703460816791,3.0759626471984305,0
28.58647,34.06679,39.70613,2544.93309,-0.26427,62.16883,8.247846431783941,3.0725398097399323,0
28.60238,34.10113,39.68836,2540.39454,-0.26964,62.19129,8.23901823789696,3.0692510752332707,0
28.61825,34.13541,39.67025,2535.86224,-0.27546,62.21373,8.230581395730797,3.0661081295396975,0
28.63408,34.16965,39.65177,2531.33607,-0.28171,62.23616,8.222565951195865,3.0631221655513965,0
28.64987,34.20384,39.6329,2526.81589,-0.28837,62.25858,8.21500057446291,3.0603038636613293,0
28.66561,34.23798,39.61361,2522.30155,-0.29544,62.28099,8.207912512026565,3.057663373905644,0
28.68132,34.27207,39.59388,2517.79288,-0.30289,62.30339,8.201327543105373,3.0552102997215393,0
28.69699,34.30611,39.57368,2513.28968,-0.31071,62.32578,8.195269940196447,3.0529536832528397,0
28.71262,34.34011,39.55298,2508.79175,-0.31888,62.34815,8.189762433613932,3.050901992139634,0
28.72821,34.37405,39.53178,2504.29885,-0.32738,62.37052,8.184826179831242,3.0490631077249275,0
28.74376,34.40795,39.51005,2499.81074,-0.3362,62.39287,8.18048073344972,3.0474443146122345,0
28.75927,34.4418,39.48777,2495.32717,-0.34531,62.41521,8.176744022619136,3.046052291509063,0
28.77474,34.47559,39.46493,2490.84787,-0.3547,62.43754,8.173632327733682,3.044893103290611,0
28.79017,34.50934,39.44151,2486.37254,-0.36434,62.45986,8.171160263269961,3.0439721942339446,0
28.80557,34.54304,39.41749,2481.90089,-0.37421,62.48216,8.169340762572745,3.0432943823502874,0
28.82092,34.5767,39.39287,2477.4326,-0.38428,62.50445,8.168185065484389,3.0428638547766544,0
28.83624,34.6103,39.36764,2472.96736,-0.39455,62.52674,8.167702708673394,3.0426841641729867,0
28.85151,34.64385,39.34178,2468.50482,-0.40497,62.54901,8.16790151855328,3.0427582260842474,0
28.86675,34.67736,39.3153,2464.04465,-0.41554,62.57126,8.168787606700379,3.043088317233423,0
28.88195,34.71082,39.28817,2459.58649,-0.42622,62.59351,8.170365367686559,3.0436760747141665,0
28.8971,34.74423,39.26041,2455.12997,-0.43699,62.61574,8.172637479251655,3.0445224960550172,0
28.91223,34.77759,39.232,2450.67474,-0.44782,62.63796,8.17560490479387,3.0456279401471584,0
28.92731,34.8109,39.20294,2446.22042,-0.4587,62.66017,8.179266898124768,3.0469921290157607,0
28.94235,34.84416,39.17325,2441.76662,-0.4696,62.68237,8.183621010496143,3.048614150437689,0
28.95735,34.87737,39.14291,2437.31296,-0.4805,62.70456,8.18866309989128,3.050492461402734,0
28.97232,34.91053,39.11193,2432.85907,-0.49136,62.72673,8.194387342617613,3.0526248924321835,0
28.98725,34.94365,39.08032,2428.40453,-0.50216,62.74889,8.200786247220874,3.055008652762211,0
29.00214,34.97671,39.04808,2423.94897,-0.51289,62.77104,8.207850670794425,3.057640336419531,0
29.01699,35.00973,39.01523,2419.49199,-0.52352,62.79317,8.21556983773899,3.060515929209887,0
29.0318,35.04269,38.98176,2415.03321,-0.53401,62.81529,8.223931361061412,3.0636308166524087,0
29.04657,35.07561,38.94771,2410.57222,-0.54436,62.8374,8.232921266294012,3.0669797928901947,0
29.06131,35.10848,38.91306,2406.10865,-0.55454,62.8595,8.24252401815677,3.0705570706226797,0
29.076,35.14129,38.87785,2401.6421,-0.56452,62.88158,8.25272255003998,3.074356292088699,0
29.09066,35.17406,38.84208,2397.17221,-0.57429,62.90365,8.263498296460138,3.0783705411571596,0
29.10528,35.20678,38.80577,2392.69858,-0.58382,62.92571,8.274831228583082,3.082592356560347,0
29.11986,35.23945,38.76895,2388.22087,-0.59308,62.94775,8.28669989293427,3.0870137463145184,0
29.13441,35.27206,38.73162,2383.73869,-0.60208,62.96978,8.299081453439708,3.091626203381258,0
29.14891,35.30463,38.69381,2379.25171,-0.61077,62.9918,8.31195173688064,3.0964207226005427,0
29.16338,35.33715,38.65554,2374.75958,-0.61915,63.0138,8.32528528190097,3.1013878189472988,0
29.17781,35.36961,38.61683,2370.26196,-0.6272,63.03579,8.339055391651991,3.106517547142947,0
29.1922,35.40203,38.57771,2365.75853,-0.63489,63.05776,8.353234190163912,3.111799522655279,0
29.20655,35.4344,38.5382,2361.24899,-0.64222,63.07972,8.367792682529116,3.117222944118306,0
29.22087,35.46671,38.49832,2356.73302,-0.64917,63.10167,8.382700818957721,3.1227766171946385,0
29.23514,35.49897,38.4581,2352.21035,-0.65573,63.1236,8.397927562725444,3.128448979887856,0
29.24938,35.53119,38.41757,2347.68071,-0.66188,63.14551,8.413440962051341,3.134228129318855,0
29.26358,35.56335,38.37675,2343.14384,-0.66762,63.16741,8.42920822589158,3.140101849961024,0
29.27774,35.59546,38.33567,2338.5995,-0.67292,63.1893,8.445195803611176,3.14605764332006,0
29.29187,35.62752,38.29436,2334.04747,-0.67779,63.21117,8.461369468485286,3.1520827590404004,0
29.30596,35.65952,38.25285,2329.48754,-0.68222,63.23302,8.47769440491106,3.15816422739393,0
29.32,35.69148,38.21116,2324.91952,-0.68619,63.25486,8.494135299234152,3.164288893115246,0
29.33401,35.72338,38.16933,2320.34324,-0.68971,63.27669,8.510656434006236,3.170443450515066,0
29.34798,35.75523,38.12738,2315.75856,-0.69277,63.2985,8.52722178549692,3.1766144798059743,0
29.36192,35.78703,38.08534,2311.16533,-0.69536,63.32029,8.543795124216944,3.1827884845499694,0
29.37581,35.81877,38.04324,2306.56346,-0.69749,63.34206,8.560340118198855,3.188951930133223,0
29.38967,35.85047,38.00111,2301.95283,-0.69916,63.36382,8.576820438727971,3.1950912831536495,0
29.40349,35.88211,37.95898,2297.3334,-0.70036,63.38557,8.593199868180742,3.2011930515935325,0
29.41727,35.91369,37.91688,2292.70509,-0.7011,63.40729,8.609442409620183,3.2072438256467097,0
29.43101,35.94523,37.87483,2288.06789,-0.70138,63.429,8.625512397730313,3.2132303190445684,0
29.44472,35.97671,37.83286,2283.42178,-0.70122,63.45069,8.641374610658099,3.219139410720109,0
29.45838,36.00813,37.791,2278.76678,-0.7006,63.47237,8.656994382296993,3.224958186636524,0
29.47201,36.0395,37.74928,2274.10291,-0.69955,63.49402,8.672337714550311,3.2306739816082537,0
29.4856,36.07082,37.70772,2269.43024,-0.69808,63.51566,8.687371389022516,3.2362744209089316,0
29.49916,36.10209,37.66634,2264.74884,-0.69618,63.53728,8.702063077650314,3.241747461484379,0
29.51267,36.13329,37.62517,2260.0588,-0.69389,63.55889,8.71638145170067,3.2470814325572315,0
29.52614,36.16445,37.58424,2255.36023,-0.6912,63.58047,8.730296288605235,3.252265075425575,0
29.53958,36.19555,37.54356,2250.65329,-0.68813,63.60204,8.74377857605445,3.2572875822407403,0
29.55298,36.2266,37.50316,2245.93811,-0.6847,63.62359,8.756800612793505,3.2621386335564457,0
29.56634,36.25759,37.46305,2241.21488,-0.68093,63.64512,8.76933610558609,3.2668084344503505,0
29.57967,36.28852,37.42326,2236.48378,-0.67683,63.66663,8.781360261753875,3.271287748997439,0
29.59295,36.3194,37.3838,2231.74504,-0.67241,63.68812,8.792849876813303,3.275567932917043,0
29.6062,36.35022,37.34469,2226.99887,-0.66771,63.70959,8.803783416652347,3.279640964185833,0
29.61941,36.38099,37.30595,2222.24553,-0.66275,63.73105,8.81414109378381,3.28349947144419,0
29.63258,36.4117,37.26758,2217.48527,-0.65753,63.75248,8.823904937201469,3.28713676001945,0
29.64571,36.44236,37.22961,2212.71838,-0.65209,63.77389,8.833058855443408,3.290546835418658,0
29.6588,36.47296,37.19204,2207.94513,-0.64644,63.79529,8.841588692424605,3.293724424127671,0
29.67186,36.50351,37.15488,2203.16584,-0.64062,63.81666,8.84948227576105,3.2966649916131736,0
29.68488,36.53399,37.11814,2198.38083,-0.63464,63.83802,8.85672945722515,3.299364757393372,0
29.69786,36.56442,37.08183,2193.59041,-0.62854,63.85935,8.863322145142746,3.301820707106736,0
29.7108,36.5948,37.04595,2188.79493,-0.62232,63.88067,8.8692543284912,3.3040306014891723,0
29.7237,36.62511,37.01051,2183.99473,-0.61603,63.90196,8.874522092579076,3.305992982215121,0
29.73657,36.65538,36.97551,2179.19017,-0.60969,63.92323,8.879123626230173,3.307707174573792,0
29.7494,36.68558,36.94095,2174.38161,-0.60331,63.94449,8.883059220415266,3.309173286959454,0
29.76219,36.71572,36.90682,2169.56942,-0.59694,63.96572,8.886331258387953,3.3103922071967804,0
29.77494,36.74581,36.87313,2164.75396,-0.59059,63.98693,8.888944197383886,3.3113655957233283,0
29.78765,36.77584,36.83988,2159.93563,-0.58429,64.00812,8.890904542042108,3.312095875688288,0
29.80033,36.80582,36.80705,2155.11479,-0.57806,64.02929,8.892220809715168,3.3125862200295897,0
29.81297,36.83573,36.77465,2150.29182,-0.57194,64.05044,8.892903487940888,3.3128405356310155,0
29.82557,36.86559,36.74266,2145.4671,-0.56594,64.07157,8.892964984339782,3.3128634446576717,0
29.83813,36.89539,36.71107,2140.64102,-0.56009,64.09267,8.89241956928384,3.312660263198599,0
29.85066,36.92513,36.67988,2135.81395,-0.55442,64.11376,8.891283311729746,3.3122369773629634,0
29.86314,36.95482,36.64907,2130.98625,-0.54895,64.13482,8.889574008585877,3.3116002169673995,0
29.87559,36.98444,36.61862,2126.15831,-0.5437,64.15587,8.887311108114673,3.310757227001382,0
29.88801,37.01401,36.58854,2121.33048,-0.5387,64.17689,8.88451562782086,3.3097158370384228,0
29.90038,37.04352,36.55878,2116.50311,-0.53397,64.19789,8.881210067303916,3.3084844287713295,0
29.91272,37.07298,36.52936,2111.67657,-0.52952,64.21886,8.877418316638241,3.307071901881401,0
29.92502,37.10237,36.50023,2106.85118,-0.52538,64.23982,8.873165560773064,3.3054876384248817,0
29.93728,37.1317,36.47139,2102.02729,-0.52158,64.26075,8.868478180512227,3.3037414659453224,0
29.9495,37.16098,36.44282,2097.20521,-0.51811,64.28167,8.863383650617086,3.301843619514234,0
29.96169,37.1902,36.41449,2092.38524,-0.51502,64.30256,8.857910435562957,3.2998047028976147,0
29.97384,37.21936,36.38639,2087.5677,-0.5123,64.32343,8.852087883507473,3.2976356490563825,0
29.98596,37.24846,36.35849,2082.75286,-0.50998,64.34427,8.845946118985516,3.2953476801724038,0
29.99803,37.27751,36.33077,2077.941,-0.50806,64.3651,8.839515934842415,3.2929522673907714,0
30.01007,37.30649,36.3032,2073.13238,-0.50657,64.3859,8.832828683927033,3.2904610904726304,0
30.02207,37.33542,36.27577,2068.32723,-0.50552,64.40668,8.825916170986142,3.287885997522986,0
30.03404,37.36429,36.24845,2063.52579,-0.5049,64.42744,8.818810545257794,3.2852389649789124,0
30.04597,37.3931,36.22121,2058.72826,-0.50474,64.44818,8.811544194154417,3.2825320580036994,0
30.05786,37.42185,36.19404,2053.93486,-0.50504,64.4689,8.804149638459357,3.27977739144482,0
30.06972,37.45054,36.16689,2049.14575,-0.50581,64.48959,8.796659429408011,3.2769870914939334,0
30.08154,37.47917,36.13976,2044.3611,-0.50705,64.51027,8.789106047978201,3.274173258169902,0
30.09332,37.50775,36.11261,2039.58106,-0.50877,64.53092,8.781521806735428,3.271347928753572,0
30.10507,37.53627,36.08542,2034.80576,-0.51096,64.55155,8.77393875446386,3.2685230422602993,0
30.11677,37.56473,36.05816,2030.0353,-0.51363,64.57215,8.766388583872395,3.2657104050580346,0
30.12845,37.59313,36.03082,2025.26979,-0.51678,64.59274,8.758902542567174,3.2629216577022384,0
30.14009,37.62147,36.00335,2020.5093,-0.52041,64.6133,8.751511347485902,3.2601682430604177,0
30.15169,37.64975,35.97575,2015.75389,-0.52451,64.63384,8.744245102945758,3.2574613757828135,0
30.16325,37.67798,35.94799,2011.0036,-0.52908,64.65436,8.737133222413101,3.254812013159561,0
30.17478,37.70614,35.92003,2006.25846,-0.53412,64.67486,8.730204354142918,3.252230827419421,0
30.18628,37.73425,35.89187,2001.51848,-0.53962,64.69533,8.72348631068488,3.24972817946894,0
30.19773,37.7623,35.86348,1996.78364,-0.54556,64.71579,8.717006002382348,3.2473140941190737,0
30.20915,37.79029,35.83483,1992.05391,-0.55195,64.73622,8.710789374831913,3.244998236787221,0
30.22054,37.81823,35.8059,1987.32926,-0.55876,64.75663,8.704861350344927,3.242789891690108,0
30.23189,37.8461,35.77668,1982.60962,-0.566,64.77702,8.69924577337851,3.240697941515394,0
30.24321,37.87392,35.74714,1977.89492,-0.57364,64.79738,8.693965359925798,3.23873084856822,0
30.25449,37.90168,35.71726,1973.18507,-0.58168,64.81773,8.689041650803018,3.236896637369401,0
30.26573,37.92938,35.68704,1968.47996,-0.59009,64.83805,8.684494968805303,3.235202878694848,0
30.27694,37.95702,35.65644,1963.77946,-0.59887,64.85835,8.680344379654375,3.233656675027555,0
30.28811,37.9846,35.62546,1959.08345,-0.60799,64.87863,8.676607656658888,3.232264647392637,0
30.29925,38.01213,35.59407,1954.39176,-0.61744,64.89889,8.673301249045865,3.2310329235599657,0
30.31036,38.0396,35.56227,1949.70425,-0.6272,64.91912,8.670440253845257,3.229967127570425,0
30.32143,38.06701,35.53004,1945.02072,-0.63726,64.93933,8.66803839127693,3.2290723705669158,0
30.33246,38.09436,35.49737,1940.341,-0.64758,64.95952,8.666107983547283,3.2283532428955373,0
30.34346,38.12165,35.46425,1935.66489,-0.65816,64.97969,8.664659936976317,3.227813807447454,0
30.35442,38.14888,35.43066,1930.99217,-0.66897,64.99984,8.663703727383579,3.2274575942147705,0
30.36535,38.17606,35.39661,1926.32262,-0.67999,65.01996,8.663247388661206,3.2272875960336926,0
30.37625,38.20318,35.36208,1921.65601,-0.6912,65.04007,8.663297504456203,3.227306265485955,0
30.38711,38.23024,35.32706,1916.9921,-0.70257,65.06015,8.663859202919921,3.227515512942866,0
30.39794,38.25724,35.29156,1912.33065,-0.71409,65.08021,8.66493615445115,3.2279167057245486,0
30.40873,38.28418,35.25556,1907.6714,-0.72573,65.10024,8.666530572393262,3.228510668359646,0
30.41948,38.31107,35.21907,1903.01408,-0.73746,65.12026,8.668643216644497,3.2292976839302474,0
30.43021,38.3379,35.18208,1898.35844,-0.74927,65.14025,8.671273400149836,3.2302774964902787,0
30.4409,38.36466,35.14459,1893.70419,-0.76113,65.16022,8.674418998242395,3.231449314545424,0
30.45155,38.39137,35.10661,1889.05107,-0.77301,65.18016,8.678076460815182,3.2328118155874197,0
30.46217,38.41803,35.06814,1884.39878,-0.7849,65.20009,8.682240827325014,3.2343631516834095,0
30.47276,38.44462,35.02917,1879.74705,-0.79677,65.21999,8.686905744607364,3.2361009561124456,0
30.48331,38.47115,34.98972,1875.09559,-0.8086,65.23987,8.692063488,3.238022351048335,0
30.49383,38.49763,34.94979,1870.44411,-0.82036,65.25973,8.697704982308203,3.240123956301052,0
30.50431,38.52405,34.90938,1865.79234,-0.83204,65.27956,8.70381983308044,3.2424018991051184,0
30.51476,38.5504,34.86851,1861.13997,-0.8436,65.29937,8.710396350736033,3.2448518249704197,0
30.52518,38.5767,34.82718,1856.48673,-0.85503,65.31916,8.717421585048626,3.2474689095969,0
30.53556,38.60295,34.7854,1851.83233,-0.86631,65.33892,8.724881359492526,3.2502478718557306,0
30.54591,38.62913,34.74319,1847.17649,-0.87741,65.35867,8.732760308978742,3.253182987846985,0
30.55622,38.65525,34.70055,1842.51894,-0.88832,65.37839,8.741041920479004,3.2562681060331453,0
30.5665,38.68132,34.6575,1837.85941,-0.89902,65.39808,8.749708576548947,3.259496663452644,0
30.57675,38.70732,34.61405,1833.19762,-0.90948,65.41775,8.758741601752192,3.2628617030140497,0
30.58697,38.73327,34.57021,1828.53332,-0.91969,65.4374,8.768121311976047,3.266355891867465,0
30.59715,38.75915,34.526,1823.86625,-0.92963,65.45703,8.777827066626301,3.269971540848459,0
30.60729,38.78498,34.48144,1819.19617,-0.93929,65.47663,8.787837323674342,3.2737006249845697,0
30.61741,38.81075,34.43654,1814.52283,-0.94865,65.49621,8.798129697533593,3.277534805055795,0
30.62748,38.83646,34.39132,1809.84601,-0.95769,65.51576,8.808681019684887,3.2814654501791454,0
30.63753,38.86211,34.3458,1805.1655,-0.96641,65.5353,8.819467402018036,3.2854836614050433,0
30.64754,38.8877,34.29999,1800.48107,-0.97478,65.5548,8.830464302801067,3.289580296292596,0
30.65752,38.91323,34.25391,1795.79253,-0.9828,65.57428,8.841646595164441,3.2937459944217724,0
30.66747,38.9387,34.20759,1791.0997,-0.99046,65.59374,8.85298863801193,3.29797120380957,0
30.67738,38.96411,34.16104,1786.40239,-0.99775,65.61318,8.864464349206123,3.302246208173541,0
30.68726,38.98946,34.11427,1781.70045,-1.00466,65.63258,8.87604728088051,3.3065611549875245,0
30.6971,39.01474,34.06732,1776.99373,-1.01119,65.65197,8.887710696712714,3.310906084267961,0
30.70692,39.03997,34.0202,1772.28208,-1.01732,65.67133,8.899427650956174,3.3152709580152697,0
30.71669,39.06514,33.97293,1767.5654,-1.02306,65.69066,8.911171069024183,3.3196456902335294,0
30.72644,39.09025,33.92553,1762.84356,-1.0284,65.70997,8.922913829400647,3.3240201774443827,0
30.73615,39.1153,33.87802,1758.11648,-1.03334,65.72926,8.934628846598365,3.3283843295911852,0
30.74583,39.14028,33.83042,1753.38408,-1.03788,65.74852,8.946289154942074,3.3327281012503938,0
30.75548,39.16521,33.78275,1748.64629,-1.04202,65.76775,8.957867992835974,3.337041523023433,0
30.76509,39.19007,33.73502,1743.90307,-1.04577,65.78696,8.969338887249553,3.341314733009888,0
30.77467,39.21488,33.68727,1739.15438,-1.04913,65.80614,8.980675738089548,3.345538008238284,0
30.78421,39.23962,33.6395,1734.4002,-1.05209,65.82529,8.99185290210771,3.349701795923933,0
30.79373,39.2643,33.59174,1729.64054,-1.05468,65.84443,9.0028452760433,3.353796744441706,0
30.80321,39.28892,33.54399,1724.87541,-1.05689,65.86353,9.013628378599067,3.357813733864233,0
30.81265,39.31347,33.49629,1720.10484,-1.05874,65.88261,9.024178430936207,3.3617439059484013,0
30.82207,39.33797,33.44865,1715.32888,-1.06023,65.90166,9.034472435281515,3.365578693418583,0
30.83145,39.3624,33.40108,1710.54758,-1.06138,65.92068,9.04448825132229,3.3693098484257535,0
30.8408,39.38677,33.3536,1705.76101,-1.0622,65.93968,9.054204669999836,3.3729294700375,0
30.85011,39.41108,33.30622,1700.96928,-1.0627,65.95865,9.0636014843474,3.3764300306270343,0
30.85939,39.43533,33.25896,1696.17249,-1.0629,65.9776,9.072659557034084,3.3798044010350594,0
30.86864,39.45951,33.21183,1691.37075,-1.06282,65.99652,9.081360884257547,3.383045874371497,0
30.87785,39.48363,33.16485,1686.5642,-1.06246,66.01541,9.089688655677529,3.3861481883422946,0
30.88704,39.50769,33.11802,1681.75298,-1.06185,66.03427,9.097627310059126,3.3891055459780075,0
30.89619,39.53169,33.07136,1676.93726,-1.06101,66.05311,9.105162586337135,3.391912634656617,0
30.9053,39.55562,33.02487,1672.1172,-1.05995,66.07192,9.112281569854348,3.3945646433285077,0
30.91439,39.57949,32.97856,1667.293,-1.0587,66.0907,9.118972733502137,3.3970572778424217,0
30.92344,39.6033,32.93245,1662.46485,-1.05728,66.10945,9.125225973564664,3.399386774298361,0
30.93245,39.62704,32.88654,1657.63294,-1.0557,66.12818,9.131032640049435,3.4015499103465285,0
30.94144,39.65072,32.84083,1652.79751,-1.054,66.14687,9.136385561383577,3.4035440143873332,0
30.95039,39.67434,32.79533,1647.95876,-1.05219,66.16554,9.141279063318429,3.405366972613851,0
30.95931,39.69789,32.75005,1643.11695,-1.0503,66.18419,9.145708981960063,3.407017233866033,0
30.9682,39.72138,32.70498,1638.2723,-1.04835,66.2028,9.149672670867677,3.408493812275052,0
30.97705,39.74481,32.66012,1633.42507,-1.04636,66.22139,9.153169002190314,3.409796287686748,0
30.98587,39.76817,32.61549,1628.57552,-1.04436,66.23994,9.156198361859845,3.4109248038708975,0
30.99466,39.79147,32.57107,1623.7239,-1.04238,66.25847,9.158762638875066,3.4118800645292566,0
31.00342,39.81471,32.52687,1618.87048,-1.04043,66.27697,9.16086520876385,3.4126633271347724,0
31.01214,39.83788,32.48289,1614.01552,-1.03854,66.29544,9.162510911343672,3.4132763946467963,0
31.02083,39.86098,32.43911,1609.15931,-1.03674,66.31389,9.163706022895203,3.413721605145019,0
31.02949,39.88403,32.39554,1604.30211,-1.03504,66.3323,9.164458222970108,3.4140018194644965,0
31.03812,39.90701,32.35217,1599.4442,-1.03349,66.35069,9.164776556002224,3.414120406894806,0
31.04671,39.92992,32.30899,1594.58586,-1.03208,66.36905,9.164671387966902,3.4140812290345104,0
31.05527,39.95277,32.266,1589.72737,-1.03086,66.38738,9.164154358347727,3.4138886218975,0
31.0638,39.97556,32.22319,1584.86899,-1.02984,66.40568,9.163238327697039,3.4135473763779016,0
31.0723,39.99828,32.18054,1580.011,-1.02905,66.42395,9.161937321064922,3.413062717175894,0
31.08076,40.02093,32.13805,1575.15368,-1.0285,66.44219,9.160266467645632,3.412440280314409,0
31.0892,40.04353,32.09572,1570.29729,-1.02821,66.4604,9.158241936951008,3.4116860893620524,0
31.0976,40.06606,32.05351,1565.44209,-1.02822,66.47859,9.155880871859935,3.4108065304922666,0
31.10596,40.08852,32.01144,1560.58834,-1.02853,66.49674,9.153201318901656,3.4098083265120263,0
31.1143,40.11092,31.96947,1555.7363,-1.02916,66.51487,9.15022215611479,3.408698509987428,0
31.1226,40.13325,31.9276,1550.88621,-1.03014,66.53296,9.146963018866533,3.40748439560939,0
31.13088,40.15552,31.88582,1546.03831,-1.03147,66.55103,9.143444223969688,3.4061735519252503,0
31.13912,40.17773,31.84411,1541.19284,-1.03318,66.56907,9.139686692467484,3.4047737725740737,0
31.14733,40.19987,31.80244,1536.35002,-1.03528,66.58708,9.135711871445748,3.4032930471596425,0
31.1555,40.22194,31.76082,1531.51006,-1.03778,66.60506,9.131541655203199,3.4017395318842993,0
31.16365,40.24395,31.71922,1526.67317,-1.0407,66.62301,9.127198306136094,3.4001215200764117,0
31.17176,40.2659,31.67763,1521.83955,-1.04404,66.64094,9.122704375650729,3.398447412728185,0
31.17985,40.28778,31.63603,1517.00939,-1.04782,66.65883,9.118082625422838,3.396725689162729,0
31.1879,40.3096,31.5944,1512.18287,-1.05204,66.6767,9.113355949310343,3.394964877944492,0
31.19592,40.33135,31.55273,1507.36014,-1.05671,66.69453,9.108547296193283,3.3931735281351085,0
31.2039,40.35304,31.511,1502.54137,-1.06184,66.71234,9.103679594009408,3.3913601809946616,0
31.21186,40.37467,31.46919,1497.7267,-1.06744,66.73012,9.098775675251535,3.389533342227486,0
31.21979,40.39622,31.42729,1492.91627,-1.0735,66.74786,9.09385820413222,3.3877014548490885,0
31.22768,40.41772,31.38528,1488.11018,-1.08003,66.76558,9.088949606,3.3858728727659346,0
31.23554,40.43915,31.34314,1483.30856,-1.08703,66.78327,9.08407199680781,3.3840558351301353,0
31.24338,40.46051,31.30085,1478.51149,-1.09451,66.80093,9.079247119929882,3.3822584415429557,0
31.25118,40.48182,31.25841,1473.71907,-1.10245,66.81857,9.074496278642158,3.380488628161121,0
31.25895,40.50305,31.21578,1468.93136,-1.11086,66.83617,9.069840276243644,3.378754144760879,0
31.26669,40.52422,31.17297,1464.14842,-1.11973,66.85374,9.065299356843546,3.377062532805562,0
31.2744,40.54533,31.12994,1459.3703,-1.12906,66.87129,9.06089314928968,3.3754211045574483,0
31.28208,40.56637,31.08669,1454.59705,-1.13884,66.88881,9.056640613988117,3.373836923266679,0
31.28972,40.58735,31.04321,1449.82867,-1.14907,66.90629,9.0525599926755,3.372316784460121,0
31.29734,40.60827,30.99947,1445.06518,-1.15974,66.92375,9.04866876124533,3.3708671983679204,0
31.30493,40.62912,30.95546,1440.30659,-1.17083,66.94118,9.044983585623562,3.3694943734860066,0
31.31248,40.6499,30.91117,1435.55287,-1.18233,66.95858,9.04152028077568,3.368204201305135,0
31.32001,40.67062,30.86659,1430.80401,-1.19424,66.97595,9.038293772848014,3.3670022422075467,0
31.32751,40.69128,30.8217,1426.05996,-1.20655,66.9933,9.03531806445065,3.3658937125339286,0
31.33497,40.71187,30.7765,1421.3207,-1.21923,67.01061,9.032606203111632,3.3648834728317785,0
31.34241,40.7324,30.73097,1416.58614,-1.23227,67.0279,9.030170252885567,3.363976017278861,0
31.34981,40.75287,30.68511,1411.85625,-1.24566,67.04515,9.028021269108791,3.363175464278847,0
31.35719,40.77327,30.63889,1407.13092,-1.25939,67.06238,9.026169276290064,3.362485548225007,0
31.36454,40.7936,30.59232,1402.41008,-1.27343,67.07958,9.024623249117383,3.3619096124247596,0
31.37185,40.81387,30.54539,1397.69364,-1.28777,67.09675,9.023391096555438,3.361450603175551,0
31.37914,40.83408,30.49808,1392.98149,-1.30238,67.11389,9.022479649010801,3.361111064983545,0
31.38639,40.85423,30.4504,1388.27352,-1.31726,67.131,9.02189464852742,3.360893136911196,0
31.39362,40.87431,30.40234,1383.5696,-1.33238,67.14809,9.021640741997599,3.360798550048155,0
31.40082,40.89432,30.35389,1378.86962,-1.34772,67.16514,9.021721477332198,3.3608286260845683,0
31.40798,40.91427,30.30505,1374.17343,-1.36326,67.18217,9.02213930257518,3.3609842769812226,0
31.41512,40.93416,30.25581,1369.4809,-1.37898,67.19916,9.022895567929604,3.3612660057242842,0
31.42223,40.95398,30.20617,1364.79188,-1.39487,67.21613,9.023990530629463,3.361673908140185,0
31.42931,40.97374,30.15614,1360.10623,-1.41089,67.23307,9.025423362663497,3.362207675772942,0
31.43636,40.99344,30.10571,1355.42378,-1.42704,67.24998,9.02719216128761,3.3628665998003178,0
31.44338,41.01307,30.05487,1350.74438,-1.44328,67.26686,9.02929396229028,3.363649575975524,0
31.45037,41.03264,30.00364,1346.06786,-1.45959,67.28371,9.031724755983676,3.3645551105843454,0
31.45734,41.05214,29.95201,1341.39406,-1.47597,67.30054,9.034479505883294,3.3655813274037856,0
31.46427,41.07158,29.89999,1336.72281,-1.49237,67.31733,9.037552170009674,3.366725975637519,0
31.47117,41.09096,29.84757,1332.05394,-1.5088,67.3341,9.04093572481238,3.367986438828214,0
31.47805,41.11027,29.79477,1327.38729,-1.52522,67.35083,9.044622191628664,3.369359744714059,0
31.48489,41.12952,29.74158,1322.72268,-1.54161,67.36754,9.04860266567378,3.3708425760284397,0
31.49171,41.1487,29.68802,1318.05994,-1.55795,67.38422,9.052867347467217,3.372431282207026,0
31.4985,41.16782,29.63408,1313.39889,-1.57424,67.40087,9.057405576679823,3.3741218919967193,0
31.50526,41.18688,29.57977,1308.73939,-1.59044,67.41749,9.062205868321152,3.3759101269363887,0
31.51199,41.20587,29.52511,1304.08124,-1.60654,67.43408,9.067255951209294,3.3777914156878985,0
31.5187,41.2248,29.47009,1299.42431,-1.62252,67.45064,9.072542808650987,3.379760909190522,0
31.52537,41.24366,29.41474,1294.76841,-1.63837,67.46717,9.078052721271005,3.3818134966160045,0
31.53201,41.26246,29.35904,1290.1134,-1.65406,67.48368,9.083771311879381,3.383943822082798,0
31.53863,41.28119,29.30302,1285.45912,-1.6696,67.50015,9.089683592314172,3.386146302106219,0
31.54522,41.29987,29.24669,1280.80543,-1.68495,67.51659,9.095774012138797,3.388415143739482,0
31.55178,41.31847,29.19004,1276.15219,-1.70011,67.53301,9.102026509111338,3.39074436337485,0
31.55831,41.33701,29.13311,1271.49925,-1.71507,67.54939,9.108424561276149,3.393127806149126,0
31.56482,41.35549,29.07588,1266.84648,-1.72981,67.56575,9.114951240589626,3.395559165920664,0
31.57129,41.37391,29.01839,1262.19378,-1.74433,67.58207,9.121589267907076,3.398032005753424,0
31.57774,41.39226,28.96062,1257.54101,-1.75861,67.59837,9.128321069219467,3.4005397788666425,0
31.58416,41.41054,28.90261,1252.88807,-1.77265,67.61464,9.135128832966325,3.4030758499853926,0
31.59055,41.42876,28.84436,1248.23486,-1.78644,67.63087,9.1419945682574,3.405633517029685,0
31.59691,41.44692,28.78588,1243.5813,-1.79998,67.64708,9.148900163841791,3.4082060330820263,0
31.60324,41.46501,28.72718,1238.92729,-1.81325,67.66325,9.155827447640263,3.4107866285647637,0
31.60955,41.48304,28.66827,1234.27276,-1.82627,67.6794,9.162758246638402,3.4133685335518673,0
31.61583,41.501,28.60918,1229.61765,-1.83902,67.69551,9.169674446952506,3.4159450001450535,0
31.62208,41.5189,28.5499,1224.96191,-1.8515,67.7116,9.176558053853352,3.4185093248342158,0
31.6283,41.53674,28.49045,1220.30549,-1.86372,67.72766,9.183391251544231,3.4210548707663206,0
31.63449,41.55451,28.43084,1215.64835,-1.87568,67.74368,9.190156462462308,3.4235750898367168,0
31.64066,41.57221,28.37108,1210.99048,-1.88738,67.75967,9.196836405894748,3.4260635445251904,0
31.6468,41.58985,28.31119,1206.33186,-1.89882,67.77564,9.203414155673912,3.428513929388941,0
31.65291,41.60743,28.25117,1201.67249,-1.91002,67.79157,9.209873196713788,3.430920092123893,0
31.65899,41.62494,28.19104,1197.01238,-1.92097,67.80748,9.216197480192744,3.433276054121716,0
31.66505,41.64238,28.1308,1192.35154,-1.93168,67.82335,9.222371477115955,3.435576030423249,0
31.67107,41.65976,28.07047,1187.69001,-1.94217,67.83919,9.228380230056738,3.4378144489934956,0
31.67707,41.67708,28.01005,1183.02782,-1.95245,67.855,9.234209402842666,3.43998596923102,0
31.68304,41.69433,27.94955,1178.36503,-1.96252,67.87078,9.239845327982176,3.4420854996356023,0
31.68899,41.71152,27.88899,1173.7017,-1.9724,67.88653,9.245275051621096,3.4441082145557282,0
31.69491,41.72864,27.82837,1169.03789,-1.9821,67.90225,9.250486375806128,3.4460495699328435,0
31.7008,41.74569,27.76769,1164.3737,-1.99164,67.91793,9.25546789791081,3.447905317988573,0
31.70666,41.76268,27.70697,1159.70921,-2.00104,67.93359,9.260209046995236,3.4496715207696615,0
31.71249,41.77961,27.64621,1155.04453,-2.0103,67.94921,9.264700116974534,3.451344562504114,0
31.7183,41.79647,27.58542,1150.37976,-2.01945,67.96481,9.268932296423111,3.4529211607040518,0
31.72408,41.81326,27.5246,1145.71503,-2.0285,67.98037,9.272897694888398,3.4543983759682835,0
31.72983,41.82999,27.46376,1141.05047,-2.03748,67.9959,9.276589365586965,3.4557736204372023,0
31.73556,41.84665,27.4029,1136.38621,-2.0464,68.0114,9.280001324400459,3.457044664869268,0
31.74125,41.86325,27.34202,1131.7224,-2.05529,68.02687,9.283128565071351,3.4582096443018293,0
31.74693,41.87979,27.28113,1127.0592,-2.06416,68.0423,9.285967070543627,3.459267062275825,0
31.75257,41.89625,27.22024,1122.39676,-2.07304,68.05771,9.288513820408925,3.460215793609671,0
31.75819,41.91266,27.15933,1117.73525,-2.08195,68.07308,9.290766794425537,3.461055085710173,0
31.76377,41.92899,27.09842,1113.07486,-2.09091,68.08842,9.292724972121288,3.461784558424596,0
31.76934,41.94526,27.0375,1108.41575,-2.09994,68.10373,9.294388328490095,3.4624042024375172,0
31.77487,41.96147,26.97657,1103.75812,-2.10907,68.11901,9.29575782582471,3.4629143762283046,0
31.78038,41.97761,26.91564,1099.10216,-2.11832,68.13426,9.296835401745907,3.46331580161168,0
31.78586,41.99369,26.85469,1094.44806,-2.12771,68.14947,9.297623953488355,3.4636095578837853,0
31.79132,42.0097,26.79373,1089.79603,-2.13727,68.16466,9.298127318573625,3.463797074622382,0
31.79674,42.02564,26.73276,1085.14626,-2.14702,68.17981,9.298350251957332,3.463880123173543,0
31.80215,42.04152,26.67177,1080.49896,-2.15698,68.19493,9.298298399792305,3.4638608068777588,0
31.80752,42.05733,26.61076,1075.85435,-2.16717,68.21002,9.297978269954768,3.463741550090153,0
31.81287,42.07308,26.54972,1071.21262,-2.17762,68.22508,9.297397199497684,3.463525086056005,0
31.81819,42.08876,26.48865,1066.574,-2.18835,68.2401,9.296563319200073,3.4632144437044343,0
31.82348,42.10438,26.42754,1061.9387,-2.19938,68.2551,9.295485515406764,3.462812933432702,0
31.82875,42.11993,26.36638,1057.30693,-2.21073,68.27006,9.29417338936674,3.462324131958679,0
31.83399,42.13541,26.30518,1052.6789,-2.22243,68.28499,9.292637214251254,3.4617518663089606,0
31.83921,42.15084,26.24392,1048.05482,-2.23448,68.29989,9.290887890090202,3.46110019703148,0
31.8444,42.16619,26.18259,1043.43491,-2.24692,68.31476,9.288936896838361,3.4603734007114473,0
31.84956,42.18148,26.12119,1038.81938,-2.25976,68.32959,9.286796245803941,3.4595759518772073,0
31.8547,42.1967,26.0597,1034.20843,-2.27302,68.3444,9.284478429659053,3.4587125043778233,0
31.85981,42.21186,25.99813,1029.60226,-2.28671,68.35917,9.281996371266189,3.4577878723195954,0
31.86489,42.22696,25.93646,1025.00108,-2.30085,68.37391,9.27936337155619,3.4568070106492286,0
31.86995,42.24199,25.87468,1020.40508,-2.31546,68.38862,9.276593056691498,3.455774995470759,0
31.87498,42.25695,25.81278,1015.81446,-2.33055,68.4033,9.273699324709344,3.4546970041687373,0
31.87999,42.27185,25.75075,1011.22941,-2.34613,68.41795,9.270696291917057,3.453578295439061,0
31.88497,42.28668,25.68858,1006.65011,-2.36222,68.43257,9.26759823921989,3.4524241892946943,0
31.88992,42.30145,25.62627,1002.07675,-2.37882,68.44715,9.26441955860954,3.451240047131218,0
31.89485,42.31615,25.5638,997.50948,-2.39595,68.4617,9.261174700008201,3.4500312519248517,0
0.04604,0.04604,53.39706,4865.68282,-0.51927,45.0001,4.395440926765409,1.6374173962312542,0
0.09205,0.09205,53.32973,4863.34995,-0.53797,45.00025,4.4330058945257305,1.6514113351157609,0
0.13804,0.13804,53.2601,4861.00025,-0.55607,45.00046,4.472311557621272,1.6660537288130883,0
0.18401,0.18401,53.18823,4858.6326,-0.57353,45.00071,4.5133449216102735,1.6813397365517764,0
0.22996,0.22996,53.11422,4856.24588,-0.59034,45.00101,4.556090587955578,1.6972636219715727,0
0.27588,0.27589,53.03816,4853.83897,-0.60645,45.00136,4.600530525041744,1.7138186678212872,0
0.32179,0.32179,52.96013,4851.41075,-0.62184,45.00176,4.6466438317466245,1.7309970878829766,0
0.36766,0.36768,52.88024,4848.96009,-0.63648,45.00221,4.694406494586074,1.7487899365019652,0
0.41352,0.41354,52.79857,4846.4859,-0.65034,45.00271,4.743791139655586,1.7671870161785723,0
0.45935,0.45938,52.71524,4843.98707,-0.66339,45.00325,4.794766780758234,1.786176783739148,0
0.50516,0.50519,52.63036,4841.46252,-0.6756,45.00385,4.847298565323183,1.8057462556840298,0
0.55095,0.55099,52.54402,4838.91118,-0.68695,45.00449,4.901347519931102,1.8258809133890639,0
0.59671,0.59676,52.45635,4836.33198,-0.69741,45.00518,4.956870297487518,1.8465646089210284,0
0.64244,0.64251,52.36746,4833.7239,-0.70696,45.00592,5.013818928301924,1.8677794723080523,0
0.68815,0.68823,52.27747,4831.0859,-0.71556,45.00671,5.072140577573266,1.889505821196574,0
0.73384,0.73393,52.1865,4828.417,-0.7232,45.00754,5.131777312006243,1.911722073909778,0
0.7795,0.77961,52.09468,4825.71624,-0.72984,45.00842,5.192665878507032,1.9344046670059263,0
0.82514,0.82526,52.00214,4822.98268,-0.73548,45.00935,5.254737498116374,1.957527978513011,0
0.87074,0.87089,51.909,4820.21542,-0.74009,45.01033,5.317917678559236,1.9810642580985727,0
0.91633,0.91649,51.8154,4817.4136,-0.74365,45.01135,5.382126048942676,2.004983565490306,0
0.96188,0.96207,51.72147,4814.57641,-0.74614,45.01241,5.447276220299083,2.029253718524744,0
1.00743,1.00761,51.6263,4811.70503,-0.76427,44.9588,5.514097519116595,2.054146410508453,-33.99999942
1.053,1.05307,51.52896,4808.80011,-0.78151,44.90452,5.583358611363835,2.0799479897395643,-33.99999942
1.09858,1.09847,51.42957,4805.86005,-0.7978,44.84955,5.655033944895871,2.106648937371774,-33.99999942
1.14417,1.14379,51.32826,4802.88329,-0.81313,44.79387,5.729090457518964,2.1342369368679943,-33.99999942
1.18979,1.18904,51.22514,4799.86824,-0.82744,44.73744,5.8054890453677634,2.162697421009499,-33.99999942
1.23542,1.23422,51.12036,4796.81336,-0.84071,44.68025,5.884184077790459,2.1920133911778725,-33.99999942
1.28107,1.27933,51.01404,4793.7171,-0.85291,44.62226,5.965122908605469,2.222165235285272,-33.99999942
1.32673,1.32436,50.90633,4790.57795,-0.86399,44.56346,6.0482453876333695,2.253130545807216,-33.99999942
1.37241,1.36931,50.79738,4787.39442,-0.87394,44.50382,6.133483377047884,2.2848839396106024,-33.99999942
1.41811,1.41419,50.68732,4784.16508,-0.88271,44.44332,6.220760277526332,2.317396881432282,-33.99999942
1.46383,1.459,50.57632,4780.88848,-0.89029,44.38194,6.309990569786023,2.350637513089306,-33.99999942
1.50956,1.50372,50.46452,4777.56327,-0.89663,44.31964,6.401079377605351,2.384570490692782,-33.99999942
1.55531,1.54836,50.35209,4774.18812,-0.90171,44.25643,6.493922058950297,2.419156832331741,-33.99999942
1.60108,1.59293,50.23918,4770.76176,-0.90552,44.19226,6.588403832306169,2.454353778871876,-33.99999942
1.64686,1.63741,50.12596,4767.28298,-0.90801,44.12714,6.684399445774287,2.4901146706853527,-33.99999942
1.69267,1.6818,50.01259,4763.75064,-0.90918,44.06103,6.7817728968550774,2.526388843262641,-33.99999942
1.73849,1.72612,49.89925,4760.16367,-0.909,43.99393,6.880377211134233,2.5631215447672786,-33.99999942
1.78433,1.77034,49.7861,4756.52109,-0.90746,43.92581,6.980054288302534,2.6002538786742133,-33.99999942
1.83019,1.81448,49.67331,4752.82199,-0.90453,43.85667,7.0806348240099455,2.6377227746583918,-33.99999942
1.87607,1.85853,49.56107,4749.06556,-0.90021,43.7865,7.181938315998771,2.6754609908795217,-33.99999942
1.92196,1.9025,49.44953,4745.25111,-0.89449,43.71528,7.28377316276581,2.713397150736322,-33.99999942
1.96788,1.94637,49.33889,4741.37803,-0.88735,43.64301,7.385936862582743,2.751455817006852,-33.99999942
2.01381,1.99014,49.22931,4737.44584,-0.87881,43.56968,7.488216320217274,2.7895576061102085,-33.99999942
2.05976,2.03383,49.12097,4733.45419,-0.86884,43.49529,7.590388267804255,2.8276193448920934,-33.99999942
2.10574,2.07742,49.01404,4729.40283,-0.85747,43.41984,7.692219805461845,2.865554272018556,-33.99999942
2.15172,2.12091,48.9087,4725.29168,-0.84469,43.34334,7.793469065983989,2.903272285591431,-33.99999942
2.19773,2.16431,48.80511,4721.12076,-0.83051,43.26577,7.8938860065691,2.940680238088106,-33.99999942
2.24376,2.2076,48.70346,4716.89026,-0.81495,43.18716,7.993213328912051,2.977682279119995,-33.99999942
2.28981,2.2508,48.6039,4712.60051,-0.79802,43.10751,8.091187527225044,3.014180245847888,-33.99999942
2.33587,2.29389,48.50661,4708.25202,-0.77975,43.02682,8.187540061762464,3.050074100150839,-33.99999942
2.38196,2.33688,48.41173,4703.8454,-0.76016,42.94513,8.281998653306447,3.085262410856095,-33.99999942
2.42806,2.37977,48.31944,4699.38149,-0.73928,42.86243,8.374288691868275,3.1196428785174355,-33.99999942
2.47419,2.42255,48.22988,4694.86123,-0.71715,42.77877,8.464134750581277,3.1531128993801074,-33.99999942
2.52033,2.46522,48.1432,4690.28575,-0.6938,42.69414,8.551262193432924,3.1855701643033383,-33.99999942
2.56649,2.50778,48.05955,4685.65636,-0.66928,42.60859,8.635398863260587,3.2169132875831594,-33.99999942
2.61267,2.55024,47.97905,4680.9745,-0.64362,42.52215,8.716276834221214,3.2470424597934815,-33.99999942
2.65887,2.59259,47.90184,4676.24179,-0.61689,42.43483,8.793634210992055,3.275860118035702,-33.99999942
2.70508,2.63482,47.82805,4671.46,-0.58914,42.34668,8.867216955130608,3.303271626305832,-33.99999942
2.75132,2.67694,47.75778,4666.63105,-0.56042,42.25774,8.9367807175052,3.329185958123114,-33.99999942
2.79757,2.71895,47.69115,4661.75702,-0.5308,42.16804,9.002092654559537,3.3535163731363418,-33.99999942
2.84384,2.76084,47.62825,4656.84013,-0.50034,42.07763,9.062933205349006,3.376181079116654,-33.99999942
2.89013,2.80262,47.56918,4651.88273,-0.46911,41.98654,9.119097805929128,3.3971038706123284,-33.99999942
2.93643,2.84428,47.51402,4646.8873,-0.43718,41.89484,9.170398517772066,3.4162147355767885,-33.99999942
2.98276,2.88583,47.46283,4641.85644,-0.40464,41.80256,9.216665547445869,3.433450421489097,-33.99999942
3.0291,2.92725,47.41569,4636.79285,-0.37155,41.70976,9.257748635829014,3.4487549528729304,-33.99999942
3.07545,2.96856,47.37265,4631.69935,-0.33799,41.61648,9.293518296685857,3.4620800926985242,-33.99999942
3.12183,3.00975,47.33374,4626.57882,-0.30406,41.52279,9.323866886379442,3.4733857408788373,-33.99999942
3.16822,3.05082,47.299,4621.43423,-0.26982,41.42874,9.348709488892325,3.4826402639630984,-33.99999942
3.21462,3.09177,47.26845,4616.26862,-0.23538,41.33438,9.367984603117408,3.4898207511707198,-33.99999942
3.26105,3.1326,47.24211,4611.08505,-0.2008,41.23977,9.381654622,3.494913193029614,-33.99999942
3.30748,3.1733,47.21997,4605.88665,-0.16618,41.14496,9.389706099553967,3.497912580120306,-33.99999942
3.35393,3.21389,47.20203,4600.67656,-0.13161,41.05003,9.392149794286778,3.4988229207057566,-33.99999942
3.4004,3.25436,47.18826,4595.45791,-0.09717,40.95501,9.38902050292562,3.4976571773371137,-33.99999942
3.44688,3.2947,47.17863,4590.23387,-0.06295,40.85998,9.38037667446339,3.4944371238021184,-33.99999942
3.49338,3.33493,47.17311,4585.00754,-0.02904,40.76498,9.36629981983397,3.489193125068322,-33.99999942
3.53988,3.37503,47.17164,4579.78203,0.00449,40.67008,9.346893724726819,3.4819638440358167,-33.99999942
3.5864,3.41501,47.17417,4574.56039,0.03755,40.57532,9.32228347910827,3.4727958800083742,-33.99999942
3.63294,3.45488,47.18061,4569.34561,0.07006,40.48077,9.292614339228859,3.4617433447612407,-33.99999942
3.67948,3.49462,47.1909,4564.14063,0.10194,40.38648,9.258050440085803,3.4488673828995324,-33.99999942
3.72604,3.53424,47.20494,4558.94831,0.13312,40.29249,9.218773378111083,3.4342356438722517,-33.99999942
3.77261,3.57374,47.22264,4553.7714,0.16352,40.19885,9.174980685159024,3.4179217134925106,-33.99999942
3.81919,3.61313,47.2439,4548.61258,0.19307,40.10563,9.126884215798807,3.4000045131615573,-33.99999942
3.86578,3.65239,47.26859,4543.47442,0.2217,40.01285,9.074708470247362,3.3805676751171583,-33.99999942
3.91238,3.69154,47.2966,4538.35937,0.24936,39.92057,9.01868887532077,3.3596989020427492,-33.99999942
3.959,3.73057,47.3278,4533.26976,0.27598,39.82881,8.959070045285937,3.3374893191889483,-33.99999942
4.00562,3.76948,47.36206,4528.20781,0.30151,39.73764,8.896104043628677,3.314032826836405,-33.99999942
4.05225,3.80828,47.39924,4523.1756,0.32589,39.64707,8.830048665633802,3.2894254605117177,-33.99999942
4.09889,3.84696,47.43919,4518.17507,0.34908,39.55714,8.761165760131565,3.263764765793812,-33.99999942
4.14553,3.88553,47.48177,4513.20805,0.37103,39.46789,8.689719607080301,3.237149193920792,-33.99999942
4.19219,3.92399,47.52682,4508.27621,0.39171,39.37934,8.615975365766511,3.209677523703639,-33.99999942
4.23885,3.96234,47.57418,4503.38109,0.41107,39.29151,8.54019760636299,3.1814483144929806,-33.99999942
4.28552,4.00057,47.62369,4498.52408,0.42908,39.20444,8.462648935510687,3.1525593941721657,-33.99999942
4.3322,4.03869,47.67519,4493.70646,0.44573,39.11813,8.383588724474548,3.1231073853618567,-33.99999942
4.37888,4.07671,47.72851,4488.92934,0.46098,39.03261,8.303271946331012,3.093187272241772,-33.99999942
4.42557,4.11462,47.78348,4484.19371,0.47481,38.94789,8.221948126671988,3.062892009660311,-33.99999942
4.47227,4.15242,47.83993,4479.50043,0.48721,38.86399,8.13986041034064,3.032312175469078,-33.99999942
4.51897,4.19011,47.89769,4474.85022,0.49817,38.78091,8.057244745008083,3.0015356663837203,-33.99999942
4.56568,4.2277,47.95659,4470.24368,0.50767,38.69865,7.974329180716574,2.970647437045337,-33.99999942
4.61239,4.26519,48.01646,4465.68128,0.51573,38.61724,7.891333283136574,2.939729281443294,-33.99999942
4.65911,4.30258,48.07712,4461.16338,0.52232,38.53666,7.808467656955548,2.9088596553650152,-33.99999942
4.70583,4.33986,48.13841,4456.69022,0.52746,38.45692,7.725933574792428,2.878113538156856,-33.99999942
4.75255,4.37704,48.20015,4452.26193,0.53115,38.37801,7.643922706116475,2.8475623317392413,-33.99999942
4.79928,4.41413,48.26217,4447.87852,0.5334,38.29993,7.5626169399374685,2.8172737945541027,-33.99999942
4.84602,4.45112,48.32432,4443.53993,0.53422,38.22268,7.482188294516349,2.787312007929712,-33.99999942
4.89275,4.48801,48.38641,4439.24596,0.53363,38.14625,7.4027989069627615,2.757737372205498,-33.99999942
4.93949,4.5248,48.4483,4434.99637,0.53164,38.07063,7.324601095347399,2.7286066298705225,-33.99999942
4.98624,4.5615,48.50981,4430.79078,0.52827,37.9958,7.247737485900826,2.6999729129483927,-33.99999942
5.03298,4.59811,48.5708,4426.62877,0.52354,37.92176,7.172341197867532,2.67188581186026,-33.99999942
5.07973,4.63463,48.6311,4422.50982,0.51747,37.84849,7.098536078723892,2.644391463049696,-33.99999942
5.12648,4.67105,48.69057,4418.43334,0.5101,37.77597,7.026436982694741,2.6175326527374487,-33.99999942
5.17323,4.70738,48.74906,4414.39869,0.50145,37.70419,6.956150085779822,2.591348934277082,-33.99999942
5.21999,4.74363,48.80643,4410.40513,0.49154,37.63313,6.887773230860016,2.5658767567161234,-33.99999942
5.26675,4.77979,48.86253,4406.45189,0.48041,37.56277,6.82139629680427,2.541149602298112,-33.99999942
5.31351,4.81586,48.91722,4402.53813,0.4681,37.49309,6.757101585971351,2.5171981308171945,-33.99999942
5.36027,4.85184,48.97039,4398.66297,0.45462,37.42406,6.694964224881758,2.4940503288789544,-33.99999942
5.40703,4.88774,49.02189,4394.82546,0.44003,37.35568,6.6350525733099746,2.471731662298039,-33.99999942
5.4538,4.92355,49.0716,4391.02464,0.42435,37.28791,6.5774286374888735,2.4502652300276777,-33.99999942
5.50056,4.95928,49.11941,4387.25946,0.40763,37.22072,6.522148483526183,2.4296719181681867,-33.99999942
5.54733,4.99493,49.1652,4383.52887,0.38989,37.15411,6.469262647610913,2.4099705527796584,-33.99999942
5.5941,5.03049,49.20886,4379.83177,0.37118,37.08803,6.41881653993354,2.3911780503528615,-33.99999942
5.64087,5.06598,49.25029,4376.16702,0.35154,37.02247,6.370850839665024,2.373309564949309,-33.99999942
5.68764,5.10138,49.28938,4372.53346,0.33101,36.9574,6.325401878690955,2.3563786311523347,-33.99999942
5.73441,5.13671,49.32604,4368.92989,0.30963,36.89279,6.2825020121197825,2.34039730209115,-33.99999942
5.78118,5.17195,49.36018,4365.35509,0.28744,36.82862,6.24217997388836,2.3253762819132677,-33.99999942
5.82796,5.20712,49.39171,4361.80782,0.26448,36.76486,6.204461216087501,2.3113250521922013,-33.99999942
5.87473,5.24221,49.42056,4358.28679,0.2408,36.70147,6.169368230826512,2.2982519918304694,-33.99999942
5.9215,5.27722,49.44664,4354.79071,0.21644,36.63844,6.136920853743542,2.2861644901251896,-33.99999942
5.96828,5.31216,49.46989,4351.31828,0.19144,36.57574,6.107136548385116,2.2750690527069373,-33.99999942
6.01506,5.34701,49.49024,4347.86814,0.16584,36.51333,6.080030670909179,2.264971400148591,-33.99999942
6.06183,5.3818,49.50762,4344.43895,0.13969,36.45118,6.055616714664537,2.2558765590776133,-33.99999942
6.10861,5.41651,49.52199,4341.02933,0.11303,36.38928,6.033906534338836,2.2477889456770663,-33.99999942
6.15539,5.45114,49.5333,4337.63789,0.08591,36.32758,6.0149105494545205,2.2407124414932156,-33.99999942
6.20216,5.4857,49.54149,4334.26323,0.05838,36.26606,5.99863792707738,2.2346504614992675,-33.99999942
6.24894,5.52018,49.54653,4330.90391,0.03047,36.20469,5.985096743657793,2.2296060143854923,-33.99999942
6.29572,5.55459,49.54839,4327.55851,0.00223,36.14343,5.974294125969753,2.2255817550627204,-33.99999942
6.3425,5.58893,49.54703,4324.22556,-0.0263,36.08227,5.966236371145443,2.222580029378375,-33.99999942
6.38928,5.62319,49.54243,4320.90359,-0.05506,36.02116,5.9609290458312305,2.220602911054698,-33.99999942
6.43606,5.65738,49.53457,4317.59113,-0.08401,35.96009,5.958377064468432,2.219652230850385,-33.99999942
6.48284,5.6915,49.52343,4314.28667,-0.11312,35.89901,5.9585847467575315,2.2197295979675244,-33.99999942
6.52962,5.72554,49.50901,4310.98871,-0.14232,35.83789,5.961555854302578,2.220836413702598,-33.99999942
6.5764,5.75951,49.49131,4307.69571,-0.17158,35.77671,5.967293606470017,2.222973877354315,-33.99999942
6.62318,5.79341,49.47031,4304.40614,-0.20085,35.71543,5.975800675447114,2.226142984382739,-33.99999942
6.66996,5.82723,49.44604,4301.11845,-0.23009,35.65403,5.98707916050524,2.2303445168216935,-33.99999942
6.71675,5.86099,49.4185,4297.83108,-0.25924,35.59247,6.001130541445245,2.2355790259359285,-33.99999942
6.76353,5.89466,49.38771,4294.54244,-0.28827,35.53072,6.017955611185547,2.241846807108419,-33.99999942
6.81031,5.92827,49.35369,4291.25096,-0.31712,35.46875,6.03755438747771,2.24914786695209,-33.99999942
6.85709,5.9618,49.31646,4287.95502,-0.34576,35.40652,6.059926003710174,2.2574818826313314,-33.99999942
6.90388,5.99526,49.27607,4284.65303,-0.37413,35.34401,6.085068578789036,2.2668481533891724,-33.99999942
6.95066,6.02864,49.23255,4281.34336,-0.40218,35.28118,6.112979066091451,2.2772455442784403,-33.99999942
6.99745,6.06195,49.18593,4278.02438,-0.42988,35.218,6.143653081548613,2.2886724221181534,-33.99999942
7.04423,6.09519,49.13627,4274.69446,-0.45718,35.15444,6.177084710924893,2.301126583699927,-33.99999942
7.09101,6.12835,49.08362,4271.35194,-0.48402,35.09047,6.21326629646019,2.3146051763066353,-33.99999942
7.1378,6.16143,49.02804,4267.99517,-0.51037,35.02605,6.252188203097746,2.329104610626123,-33.99999942
7.18458,6.19444,48.96959,4264.62249,-0.53618,34.96116,6.293838564630853,2.344620466184173,-33.99999942
7.23137,6.22737,48.90834,4261.23225,-0.5614,34.89576,6.3382030102309885,2.3611473894690396,-33.99999942
7.27816,6.26023,48.84436,4257.82277,-0.58599,34.82981,6.385264371946051,2.3786789849668506,-33.99999942
7.32494,6.29301,48.77773,4254.39238,-0.60989,34.76329,6.435002373941843,2.3972076993958775,-33.99999942
7.37173,6.32571,48.70853,4250.93943,-0.63308,34.69617,6.4873933044456695,2.416724699496898,-33.99999942
7.41852,6.35833,48.63685,4247.46224,-0.6555,34.62841,6.542409671572764,2.4372197438194796,-33.99999942
7.4653,6.39088,48.56279,4243.95917,-0.67711,34.55998,6.600019844463412,2.458681049036123,-33.99999942
7.51209,6.42334,48.48643,4240.42855,-0.69786,34.49086,6.660187681426904,2.481095151416093,-33.99999942
7.55888,6.45573,48.40788,4236.86875,-0.71772,34.421,6.722872147094901,2.504446764204977,-33.99999942
7.60567,6.48803,48.32725,4233.27815,-0.73663,34.35038,6.788026920906707,2.5287186317751487,-33.99999942
7.65246,6.52025,48.24465,4229.65513,-0.75457,34.27897,6.855599999594197,2.553891381540944,-33.99999942
7.69924,6.55238,48.16018,4225.9981,-0.77148,34.20675,6.92553329670449,2.579943374770317,-33.99999942
7.74603,6.58444,48.07398,4222.30551,-0.78733,34.13367,6.997762242598899,2.606850557573928,-33.99999942
7.79282,6.6164,47.98617,4218.57581,-0.80207,34.05971,7.072215388728878,2.63458631348752,-33.99999942
7.83961,6.64829,47.89687,4214.8075,-0.81568,33.98485,7.148814020456444,2.6631213192373355,-33.99999942
7.8864,6.68008,47.80621,4210.99912,-0.82812,33.90906,7.2274717830113415,2.692423405399325,-33.99999942
7.93319,6.71179,47.71433,4207.14923,-0.83935,33.8323,7.308094325687784,2.7224574238530677,-33.99999942
7.97995,6.74344,47.62278,4203.25348,-0.82366,33.83857,7.389099605816269,2.752634022078123,0
8.02667,6.77507,47.53312,4199.30865,-0.80642,33.84487,7.468826969249073,2.782334562710026,0
8.07334,6.80669,47.44552,4195.31514,-0.78767,33.85119,7.547037224804236,2.811469940739997,0
8.11997,6.83828,47.36015,4191.27346,-0.76744,33.85755,7.62349272680733,2.8399516269014775,0
8.16655,6.86985,47.27716,4187.18431,-0.74576,33.86393,7.697955074167953,2.8676908105155823,0
8.21307,6.9014,47.19671,4183.04849,-0.72267,33.87034,7.770186483038885,2.894598910842754,0
8.25955,6.93293,47.11893,4178.86697,-0.69822,33.87678,7.839951231237383,2.920588115167694,0
8.30598,6.96443,47.04398,4174.64086,-0.67247,33.88325,7.907017161084759,2.945571938646658,0
8.35237,6.99591,46.97199,4170.37139,-0.64546,33.88974,7.971157225553097,2.969465800287778,0
8.3987,7.02737,46.90309,4166.05997,-0.61726,33.89627,8.032151060978618,2.992187608828181,0
8.44497,7.05881,46.83739,4161.7081,-0.58793,33.90281,8.089786568268682,3.013658351775195,0
8.4912,7.09022,46.77501,4157.31746,-0.55754,33.90939,8.143861483388624,3.03380268045402,0
8.53738,7.12161,46.71606,4152.88981,-0.52618,33.91599,8.194184917187899,3.052549483633482,0
8.5835,7.15298,46.66063,4148.42708,-0.4939,33.92261,8.240578844194001,3.0698324421409415,0
8.62957,7.18432,46.60881,4143.93127,-0.46081,33.92927,8.282879520050084,3.0855905568950983,0
8.67559,7.21564,46.56067,4139.40453,-0.42697,33.93594,8.320938807634164,3.099768642920293,0
8.72155,7.24693,46.51629,4134.84908,-0.39249,33.94264,8.35462539278668,3.112317782237005,0
8.76746,7.2782,46.47572,4130.26725,-0.35744,33.94937,8.383825871801973,3.1231957289810444,0
8.81332,7.30944,46.439,4125.66144,-0.32193,33.95612,8.408445694502388,3.1323672607234703,0
8.85912,7.34066,46.40618,4121.03413,-0.28605,33.9629,8.428409948784529,3.139804470734713,0
8.90487,7.37185,46.37729,4116.38784,-0.24989,33.9697,8.443663974841389,3.1454869967984744,0
8.95056,7.40301,46.35233,4111.72517,-0.21356,33.97652,8.4541737999425,3.1494021831787795,0
8.99619,7.43415,46.33131,4107.04874,-0.17715,33.98337,8.4599263874742,3.1515451733940245,0
9.04178,7.46527,46.31423,4102.3612,-0.14076,33.99024,8.46092969697415,3.151918932581417,0
9.0873,7.49635,46.30107,4097.66521,-0.1045,33.99713,8.457212554931191,3.150534199366522,0
9.13277,7.52742,46.2918,4092.96345,-0.06845,34.00405,8.448824339185686,3.1474093682940825,0
9.17818,7.55845,46.28638,4088.25856,-0.03272,34.01099,8.435834482743424,3.1425703049856457,0
9.22354,7.58946,46.28477,4083.5532,0.00259,34.01796,8.418331805626755,3.136050097236536,0
9.26884,7.62045,46.28691,4078.84997,0.0374,34.02495,8.396423685977512,3.127888746229873,0
9.31409,7.6514,46.29274,4074.15143,0.0716,34.03196,8.370235083941237,3.1181328029077706,0
9.35928,7.68233,46.30216,4069.46012,0.10512,34.03899,8.339907433841903,3.1068349552772694,0
9.40441,7.71324,46.3151,4064.77847,0.13786,34.04605,8.305597421761469,3.094053573026559,0
9.44949,7.74412,46.33147,4060.10888,0.16974,34.05314,8.267475666843533,3.0798522162758872,0
9.49451,7.77497,46.35115,4055.45366,0.20067,34.06024,8.22572532549477,3.0642991156058788,0
9.53948,7.8058,46.37404,4050.81502,0.23059,34.06737,8.180540637998218,3.047466630632734,0
9.58439,7.8366,46.40002,4046.1951,0.25942,34.07453,8.132125437108627,3.0294306944207583,0
9.62925,7.86738,46.42896,4041.59593,0.2871,34.08171,8.080691637802243,3.0102702508744232,0
9.67405,7.89813,46.46073,4037.01944,0.31355,34.08891,8.026457726657815,2.9900666919930403,0
9.7188,7.92886,46.49519,4032.46744,0.33872,34.09614,7.9696472683144925,2.9689033014870323,0
9.76349,7.95956,46.5322,4027.94164,0.36255,34.10339,7.910487445181233,2.946864710781264,0
9.80812,7.99023,46.5716,4023.44365,0.385,34.11067,7.849207645082457,2.9240363728758902,0
9.85271,8.02089,46.61325,4018.97492,0.40602,34.11797,7.786038109852313,2.9005040589121585,0
9.89724,8.05151,46.65699,4014.53683,0.42557,34.1253,7.721208656130159,2.876353381635069,0
9.94172,8.08212,46.70265,4010.13062,0.44362,34.13265,7.654947477786051,2.8516693492653586,0
9.98614,8.1127,46.75008,4005.75741,0.46012,34.14003,7.587480037508676,2.826535952586846,0
10.03051,8.14325,46.7991,4001.41819,0.47507,34.14744,7.5190280533108504,2.8010357873930545,0
10.07483,8.17378,46.84956,3997.11387,0.48843,34.15487,7.4498085838762105,2.775249713754799,0
10.1191,8.20429,46.90127,3992.84521,0.50019,34.16233,7.380033215033637,2.749256552960494,0
10.16331,8.23478,46.95407,3988.61287,0.51034,34.16981,7.309907348049233,2.7231328223861957,0
10.20748,8.26525,47.00779,3984.41741,0.51887,34.17733,7.239629589014523,2.696952508026639,0
10.25159,8.29569,47.06226,3980.25926,0.52578,34.18486,7.169391237322334,2.6707868739390404,0
10.29565,8.32611,47.11731,3976.13876,0.53107,34.19243,7.099375870097196,2.6447043074324927,0
10.33967,8.35651,47.17277,3972.05616,0.53473,34.20003,7.0297590185352705,2.61877019849607,0
10.38363,8.38689,47.22846,3968.01158,0.53679,34.20765,6.960707931256866,2.5930468516414122,0
10.42755,8.41724,47.28424,3964.00507,0.53725,34.2153,6.892381419206847,2.56759342812405,0
10.47142,8.44758,47.33992,3960.0366,0.53612,34.22298,6.824929776140832,2.5424659163224184,0
10.51524,8.4779,47.39534,3956.10602,0.53344,34.23069,6.758494768390705,2.5177171279252395,0
10.55901,8.50819,47.45036,3952.21313,0.52921,34.23843,6.693209687434091,2.493396717515039,0
10.60273,8.53847,47.5048,3948.35764,0.52346,34.24619,6.6291994586980945,2.4695512231004,0
10.64641,8.56873,47.55852,3944.53918,0.51622,34.25399,6.566580800033537,2.446224125151784,0
10.69004,8.59897,47.61137,3940.75731,0.50752,34.26182,6.505462423444457,2.4234559217510805,0
10.73362,8.62919,47.66319,3937.01155,0.49739,34.26968,6.4459452738316125,2.401284217529842,0
10.77716,8.65939,47.71385,3933.30131,0.48586,34.27756,6.388122798745776,2.3797438241594837,0
10.82066,8.68957,47.76321,3929.62599,0.47298,34.28548,6.332081243470715,2.3588668702774607,0
10.86411,8.71974,47.81113,3925.9849,0.45878,34.29343,6.277899966086614,2.3386829188566765,0
10.90751,8.74989,47.85747,3922.3773,0.4433,34.30141,6.225651767524785,2.319219090159554,0
10.95087,8.78002,47.90213,3918.80243,0.42658,34.30943,6.175403232016347,2.3005001885641208,0
10.99419,8.81013,47.94496,3915.25945,0.40867,34.31747,6.127215073693284,2.282548831682026,0
11.03746,8.84023,47.98587,3911.7475,0.38961,34.32554,6.0811424855368745,2.2653855803510123,0
11.08069,8.87031,48.02472,3908.26565,0.36944,34.33365,6.037235487209308,2.2490290682113385,0
11.12388,8.90038,48.06143,3904.81297,0.34822,34.34179,5.995539268682446,2.2334961297165457,0
11.16703,8.93042,48.09589,3901.38846,0.32599,34.34996,5.956094526935265,2.2188019255621034,0
11.21013,8.96046,48.12799,3897.99111,0.3028,34.35817,5.918937793319936,2.204960064637892,0
11.25319,8.99048,48.15766,3894.61986,0.2787,34.3664,5.884101749508913,2.1919827217268093,0
11.29621,9.02048,48.1848,3891.27364,0.25374,34.37467,5.851615530213123,2.1798807502752546,0
11.33919,9.05047,48.20933,3887.95133,0.22798,34.38297,5.821505011138438,2.1686637896644965,0
11.38213,9.08044,48.23118,3884.6518,0.20146,34.39131,5.7937930808741065,2.158340366496265,0
11.42503,9.1104,48.25029,3881.37389,0.17424,34.39968,5.768499895622995,2.1489179894864683,0
11.46789,9.14035,48.26657,3878.1164,0.14638,34.40808,5.745643115875274,2.1404032376323734,0
11.5107,9.17028,48.27999,3874.87814,0.11792,34.41652,5.725238124281115,2.1328018413759082,0
11.55348,9.20019,48.29048,3871.65786,0.08891,34.42498,5.707298224153557,2.1261187565512114,0
11.59622,9.2301,48.298,3868.45433,0.05942,34.43349,5.691834818113185,2.1203582309344733,0
11.63891,9.25999,48.3025,3865.26627,0.0295,34.44202,5.678857566527062,2.1155238632666036,0
11.68157,9.28986,48.30396,3862.09239,-0.00079,34.45059,5.668374525473169,2.1116186546486175,0
11.72419,9.31972,48.30234,3858.93138,-0.03141,34.45919,5.660392264032043,2.1086450522358593,0
11.76677,9.34957,48.29761,3855.78192,-0.06229,34.46783,5.654915960769652,2.106604985180408,0
11.80931,9.37941,48.28976,3852.64266,-0.09338,34.4765,5.651949479330887,2.1054998927916433,0
11.85181,9.40923,48.27877,3849.51226,-0.12462,34.4852,5.651495423106842,2.105330744901248,0
11.89427,9.43904,48.26463,3846.38933,-0.15596,34.49394,5.653555168967998,2.1060980544297045,0
11.9367,9.46884,48.24736,3843.27249,-0.18734,34.50271,5.658128880090224,2.1078018821643165,0
11.97908,9.49862,48.22694,3840.16034,-0.21871,34.51151,5.6652154979222455,2.1104418337668815,0
12.02143,9.52839,48.20339,3837.05147,-0.25,34.52035,5.674812713390872,2.1140170490468813,0
12.06373,9.55815,48.17672,3833.94444,-0.28116,34.52922,5.68691691744705,2.1185261835385836,0
12.106,9.5879,48.14695,3830.83781,-0.31215,34.53812,5.701523131093956,2.123967382434667,0
12.14823,9.61763,48.11412,3827.73015,-0.34288,34.54706,5.718624915088247,2.1303382469475585,0
12.19042,9.64735,48.07824,3824.61998,-0.37333,34.55603,5.7382142595430174,2.1376357931836334,0
12.23258,9.67706,48.03937,3821.50584,-0.40342,34.56504,5.760281453708505,2.145856403633101,0
12.27469,9.70676,47.99754,3818.38625,-0.43309,34.57407,5.7848149362933,2.154995771410713,0
12.31676,9.73644,47.9528,3815.25973,-0.46231,34.58314,5.811801126744054,2.165048837403024,0
12.3588,9.76611,47.9052,3812.12478,-0.491,34.59224,5.841224238014887,2.176009720520059,0
12.4008,9.79577,47.85481,3808.9799,-0.51912,34.60138,5.873066071459613,2.18787164128728,0
12.44275,9.82541,47.8017,3805.82361,-0.54661,34.61054,5.9073057945964,2.200626839057069,0
12.48467,9.85505,47.74592,3802.6544,-0.57341,34.61974,5.943919702672135,2.2142664831851815,0
12.52655,9.88466,47.68755,3799.47078,-0.59948,34.62897,5.982880965078741,2.2287805785641526,0
12.56839,9.91427,47.62669,3796.27123,-0.62475,34.63824,6.024159357893983,2.2441578659877113,0
12.61019,9.94386,47.5634,3793.05428,-0.64917,34.64753,6.0677209839977095,2.2603857178867135,0
12.65195,9.97344,47.49779,3789.81843,-0.6727,34.65686,6.113527982472507,2.277450030073243,0
12.69367,10.00301,47.42995,3786.56222,-0.69528,34.66621,6.1615382292140115,2.295335110210071,0
12.73535,10.03256,47.35998,3783.28417,-0.71687,34.6756,6.211705030960497,2.314023563828632,0
12.77698,10.0621,47.28799,3779.98283,-0.7374,34.68502,6.263976815223982,2.3334961788201993,0
12.81858,10.09163,47.21408,3776.65678,-0.75684,34.69446,6.318296818914116,2.353731809440089,0
12.86014,10.12114,47.13837,3773.3046,-0.77513,34.70394,6.374602778743428,2.3747072609754736,0
12.90165,10.15064,47.06098,3769.92491,-0.79223,34.71345,6.43282662681503,2.3963971763437875,0
12.94312,10.18012,46.98203,3766.51634,-0.80811,34.72299,6.492894195132104,2.4187739260147394,0
12.98455,10.20959,46.90166,3763.07758,-0.8227,34.73255,6.554724933053957,2.441807502755256,0
13.02594,10.23904,46.81998,3759.60733,-0.83598,34.74215,6.61823164205465,2.465465422820093,0
13.06729,10.26848,46.73714,3756.10435,-0.84791,34.75177,6.68332023240938,2.489712635311113,0
13.10859,10.2979,46.65328,3752.56743,-0.85844,34.76142,6.749889506705537,2.5145114415294527,0
13.14984,10.32732,46.56833,3748.99589,-0.87153,34.80607,6.81802001681815,2.5398918491680096,12.999999778243907
13.19103,10.35676,46.48225,3745.38895,-0.88319,34.85115,6.887792636403955,2.565883985791831,12.999999778243907
13.23215,10.3862,46.39519,3741.74537,-0.89339,34.89665,6.95909705846081,2.592446759140268,12.999999778243907
13.27322,10.41565,46.30728,3738.06394,-0.90209,34.9426,7.031814595818336,2.6195359551195048,12.999999778243907
13.31422,10.44511,46.21868,3734.34353,-0.90925,34.989,7.105818375654501,2.6471043102651115,12.999999778243907
13.35515,10.47458,46.12955,3730.58306,-0.91486,35.03585,7.180973234544887,2.675101472645129,12.999999778243907
13.39602,10.50406,46.04004,3726.78154,-0.91887,35.08317,7.257135669179063,2.7034739835006207,12.999999778243907
13.43683,10.53356,45.95031,3722.93803,-0.92128,35.13095,7.334153848887962,2.732165281912455,12.999999778243907
13.47757,10.56306,45.86051,3719.05169,-0.92206,35.1792,7.411867695974141,2.761115734726437,12.999999778243907
13.51825,10.59257,45.77082,3715.12177,-0.92119,35.22794,7.490109039546769,2.7902626938608877,12.999999778243907
13.55885,10.62209,45.68138,3711.14759,-0.91866,35.27715,7.568701848156766,2.819540582969361,12.999999778243907
13.59939,10.65162,45.59237,3707.1286,-0.91447,35.32685,7.647462546008572,2.84888101523784,12.999999778243907
13.63986,10.68116,45.50394,3703.06432,-0.90861,35.37703,7.726200416799417,2.8782129438254946,12.999999778243907
13.68026,10.71071,45.41626,3698.95441,-0.90107,35.42769,7.804718098445043,2.9074628461630305,12.999999778243907
13.7206,10.74027,45.32949,3694.79862,-0.89187,35.47884,7.8828121709341685,2.9365549429439426,12.999999778243907
13.76086,10.76984,45.24378,3690.59682,-0.88102,35.53047,7.96027383846865,2.9654114522396737,12.999999778243907
13.80105,10.79942,45.1593,3686.34901,-0.86852,35.58259,8.036889705762887,2.9939528786915686,12.999999778243907
13.84116,10.82901,45.0762,3682.05531,-0.8544,35.63518,8.112442647003599,3.022098337221259,12.999999778243907
13.88121,10.8586,44.99463,3677.71596,-0.83868,35.68824,8.186712764520786,3.0497659101608137,12.999999778243907
13.92118,10.88821,44.91475,3673.33134,-0.82138,35.74176,8.259478432611505,3.0768730361045615,12.999999778243907
13.96108,10.91782,44.83671,3668.90195,-0.80255,35.79575,8.330517420415969,3.1033369282099863,12.999999778243907
14.0009,10.94744,44.76063,3664.42845,-0.78223,35.85018,8.399608086040754,3.1290750190400387,12.999999778243907
14.04064,10.97707,44.68667,3659.9116,-0.76045,35.90505,8.466530633,3.1540054284644543,12.999999778243907
14.08032,11.00671,44.61495,3655.35231,-0.73726,35.96035,8.531068415088003,3.1780474505395686,12.999999778243907
14.11991,11.03636,44.54561,3650.75163,-0.71272,36.01607,8.593009286082507,3.201122054747424,12.999999778243907
14.15942,11.06601,44.47876,3646.11074,-0.6869,36.07219,8.652146965904619,3.2231523964871625,12.999999778243907
14.19886,11.09568,44.41451,3641.43092,-0.65984,36.12871,8.70828242302124,3.2440643312758737,12.999999778243907
14.23822,11.12535,44.35299,3636.71362,-0.63163,36.18559,8.761225248499004,3.263786926775916,12.999999778243907
14.2775,11.15503,44.29428,3631.96038,-0.60233,36.24284,8.810795008179252,3.282252966515681,12.999999778243907
14.3167,11.18471,44.23847,3627.17287,-0.57203,36.30042,8.856822555700898,3.299399439025156,12.999999778243907
14.35582,11.2144,44.18567,3622.35286,-0.54079,36.35833,8.899151289445289,3.315168006080956,12.999999778243907
14.39486,11.2441,44.13593,3617.50224,-0.50872,36.41654,8.937638336704007,3.3295054438399876,12.999999778243907
14.43382,11.27381,44.08933,3612.623,-0.47589,36.47503,8.972155648991695,3.342364050872298,12.999999778243907
14.47269,11.30352,44.04593,3607.71719,-0.4424,36.53378,9.002590993304636,3.3537020174309724,12.999999778243907
14.51149,11.33323,44.00578,3602.78697,-0.40834,36.59278,9.028848825402461,3.3634837507725557,12.999999778243907
14.5502,11.36296,43.96891,3597.83458,-0.37381,36.65199,9.050851032703571,3.3716801519051334,12.999999778243907
14.58883,11.39269,43.93537,3592.86228,-0.33891,36.71141,9.06853753622126,3.378268839825388,12.999999778243907
14.62737,11.42242,43.90516,3587.87244,-0.30373,36.77099,9.08186674302414,3.3832343200719985,12.999999778243907
14.66583,11.45216,43.87831,3582.86742,-0.26839,36.83073,9.090815842919579,3.3865680952480397,12.999999778243907
14.70421,11.48191,43.85481,3577.84966,-0.23297,36.89059,9.09538094548995,3.3882687160705802,12.999999778243907
14.74251,11.51166,43.83466,3572.82159,-0.19759,36.95056,9.095577055989239,3.388341772391544,12.999999778243907
14.78072,11.54142,43.81784,3567.78567,-0.16234,37.01061,9.091437891206754,3.3867998246020874,12.999999778243907
14.81885,11.57118,43.80433,3562.74435,-0.12733,37.07071,9.08301553870467,3.3836622766896296,12.999999778243907
14.85689,11.60094,43.79408,3557.70008,-0.09265,37.13086,9.070379965356617,3.378955193155537,12.999999778243907
14.89485,11.63071,43.78705,3552.65528,-0.05841,37.19101,9.053618383156724,3.3727110627623063,12.999999778243907
14.93273,11.66049,43.78319,3547.61236,-0.0247,37.25116,9.032834482382246,3.3649685128664713,12.999999778243907
14.97052,11.69027,43.78244,3542.57369,0.00839,37.31127,9.00814754394281,3.3557719787453384,12.999999778243907
15.00822,11.72005,43.78472,3537.54156,0.04075,37.37133,8.97969144418301,3.3451713328597665,12.999999778243907
15.04585,11.74983,43.78996,3532.51825,0.07231,37.43132,8.947613566692674,3.333221479474863,12.999999778243907
15.08339,11.77962,43.79807,3527.50595,0.10298,37.49121,8.912073636482338,3.3199819203596705,12.999999778243907
15.12085,11.80941,43.80895,3522.50678,0.13267,37.55099,8.873242492474384,3.3055162975078187,12.999999778243907
15.15822,11.83921,43.8225,3517.52279,0.1613,37.61064,8.831300814500072,3.2898919189104223,12.999999778243907
15.19551,11.86901,43.83862,3512.55595,0.18881,37.67015,8.786437820920858,3.273179273385762,12.999999778243907
15.23272,11.89881,43.85719,3507.60812,0.21512,37.72949,8.73884995262248,3.2554515403324444,12.999999778243907
15.26984,11.92862,43.87809,3502.68108,0.24017,37.78865,8.688739558510164,3.236784100041786,12.999999778243907
15.30689,11.95843,43.90119,3497.77651,0.2639,37.84762,8.636313596791164,3.217254049891387,12.999999778243907
15.34385,11.98824,43.92638,3492.896,0.28624,37.90639,8.581782365248493,3.196939731338688,12.999999778243907
15.38073,12.01805,43.9535,3488.04101,0.30716,37.96494,8.525358272515424,3.17592027218839,12.999999778243907
15.41753,12.04787,43.98243,3483.21291,0.32659,38.02326,8.467254660973548,3.1542751480910125,12.999999778243907
15.45426,12.07769,44.01301,3478.41296,0.34451,38.08134,8.407684690516765,3.132083766715606,12.999999778243907
15.4909,12.10751,44.04512,3473.64232,0.36088,38.13917,8.346860290916569,3.1094250774782615,12.999999778243907
15.52746,12.13733,44.0786,3468.90202,0.37566,38.19676,8.284991189001984,3.086377209141035,12.999999778243907
15.56394,12.16716,44.1133,3464.19298,0.38883,38.25408,8.222284015455891,3.063017137070081,12.999999778243907
15.60035,12.19699,44.14908,3459.51605,0.40037,38.31113,8.158941494528218,3.039420381382491,12.999999778243907
15.63667,12.22682,44.18577,3454.87192,0.41026,38.36792,8.095161718658183,3.0156607367240027,12.999999778243907
15.67292,12.25665,44.22324,3450.26122,0.41849,38.42444,8.031137508688715,2.9918100339320266,12.999999778243907
15.7091,12.28649,44.26133,3445.68444,0.42505,38.48068,7.967055859221533,2.9679379334158282,12.999999778243907
15.74519,12.31633,44.29987,3441.14199,0.42994,38.53665,7.903097467594846,2.944111749688323,12.999999778243907
15.78121,12.34617,44.33874,3436.63418,0.43316,38.59234,7.839436344042138,2.920396306139968,12.999999778243907
15.81716,12.37601,44.37777,3432.16122,0.43472,38.64776,7.7762394998192885,2.8968538188579096,12.999999778243907
15.85303,12.40586,44.41681,3427.72321,0.43463,38.70291,7.713666709389128,2.8735438080334728,12.999999778243907
15.88883,12.43571,44.45572,3423.3202,0.4329,38.75779,7.651870342254732,2.850523035315634,12.999999778243907
15.92455,12.46556,44.49436,3418.95211,0.42955,38.81241,7.590995259562529,2.8278454652929645,12.999999778243907
15.9602,12.49541,44.53257,3414.6188,0.4246,38.86676,7.531178770350457,2.8055622491949146,12.999999778243907
15.99578,12.52526,44.57022,3410.32005,0.41807,38.92086,7.4725506420796215,2.783721728815134,12.999999778243907
16.03129,12.55512,44.60718,3406.05555,0.41,38.97472,7.41523316000573,2.7623694586288914,12.999999778243907
16.06672,12.58498,44.6433,3401.82493,0.40041,39.02833,7.3593412299008545,2.741548244059637,12.999999778243907
16.10209,12.61485,44.67845,3397.62773,0.38934,39.0817,7.304982518756556,2.7212981938946164,12.999999778243907
16.13738,12.64471,44.71252,3393.46345,0.37682,39.13486,7.252257628133402,2.7016567848621276,12.999999778243907
16.17261,12.67458,44.74537,3389.33151,0.36289,39.18779,7.20126029508095,2.6826589364794997,12.999999778243907
16.20776,12.70445,44.77688,3385.23126,0.3476,39.24052,7.152077615706926,2.6643370943384994,12.999999778243907
16.24285,12.73432,44.80694,3381.16202,0.33099,39.29305,7.104790286776889,2.6467213201075546,12.999999778243907
16.27787,12.7642,44.83544,3377.12303,0.3131,39.34539,7.059472860941206,2.629839386610527,12.999999778243907
16.31282,12.79408,44.86227,3373.11349,0.29398,39.39755,7.016194011548482,2.6137168764766763,12.999999778243907
16.3477,12.82396,44.88733,3369.13255,0.27368,39.44955,6.975016803252676,2.5983772829489333,12.999999778243907
16.38252,12.85385,44.91052,3365.17931,0.25225,39.5014,6.935998964950386,2.5838421115602177,12.999999778243907
16.41726,12.88374,44.93174,3361.25282,0.22975,39.5531,6.899193161887857,2.5701309815004634,12.999999778243907
16.45195,12.91363,44.95092,3357.3521,0.20623,39.60467,6.864647264075207,2.557261725607975,12.999999778243907
16.48656,12.94352,44.96797,3353.47613,0.18174,39.65613,6.832404608421852,2.5452504880217726,12.999999778243907
16.52111,12.97342,44.98281,3349.62386,0.15634,39.70748,6.80250425232204,2.5341118186488747,12.999999778243907
16.5556,13.00332,44.99537,3345.79417,0.13009,39.75874,6.774981216622173,2.5238587636760217,12.999999778243907
16.59002,13.03323,45.00558,3341.98595,0.10305,39.80993,6.749866716202528,2.5145029514674277,12.999999778243907
16.62438,13.06314,45.01338,3338.19803,0.07527,39.86104,6.727188376602291,2.506054673263313,12.999999778243907
16.65867,13.09305,45.01871,3334.42923,0.04682,39.91211,6.706970435361421,2.4985229581850383,12.999999778243907
16.6929,13.12296,45.02154,3330.67832,0.01776,39.96315,6.689233926906687,2.491915642110026,12.999999778243907
16.72706,13.15288,45.0218,3326.94406,-0.01185,40.01416,6.6739968500245626,2.486239430059814,12.999999778243907
16.76116,13.1828,45.01946,3323.22519,-0.04195,40.06516,6.661274317118068,2.481499951802157,12.999999778243907
16.7952,13.21273,45.01449,3319.5204,-0.07247,40.11617,6.651078684595419,2.477701810424233,12.999999778243907
16.82917,13.24266,45.00686,3315.82838,-0.10335,40.1672,6.643419663862953,2.474848623680426,12.999999778243907
16.86308,13.27259,44.99654,3312.14781,-0.13453,40.21826,6.638304412549022,2.4729430579756246,12.999999778243907
16.89692,13.30253,44.98352,3308.47731,-0.16594,40.26938,6.635737605664878,2.471986854874527,12.999999778243907
16.93071,13.33247,44.96779,3304.81552,-0.19752,40.32056,6.635721486564769,2.4719808500856177,12.999999778243907
16.96443,13.36241,44.94934,3301.16104,-0.2292,40.37183,6.638255897619121,2.472924984887732,12.999999778243907
16.99809,13.39236,44.92817,3297.51248,-0.26092,40.42319,6.643338290646473,2.474818310016229,12.999999778243907
17.03168,13.42231,44.90429,3293.8684,-0.29262,40.47465,6.6509637172348866,2.4776589820574624,12.999999778243907
17.06521,13.45227,44.87771,3290.22738,-0.32422,40.52625,6.661124799182931,2.481444252437265,12.999999778243907
17.09868,13.48223,44.84845,3286.58797,-0.35567,40.57798,6.6738116793768,2.486170449121389,12.999999778243907
17.13209,13.51219,44.81651,3282.94871,-0.3869,40.62987,6.6890119535230355,2.4918329511841453,12.999999778243907
17.16543,13.54216,44.78195,3279.30815,-0.41785,40.68193,6.706710583283747,2.498426156448985,12.999999778243907
17.19871,13.57213,44.74478,3275.66481,-0.44845,40.73418,6.726889791434608,2.5059434424321023,12.999999778243907
17.23193,13.60211,44.70505,3272.0172,-0.47864,40.78663,6.749528939797301,2.514377120869049,12.999999778243907
17.26508,13.63208,44.6628,3268.36386,-0.50835,40.83929,6.774604390854893,2.5237183861628276,12.999999778243907
17.29817,13.66207,44.61807,3264.7033,-0.53752,40.89218,6.802089354051964,2.5339572581266414,12.999999778243907
17.3312,13.69205,44.57093,3261.03404,-0.56609,40.94531,6.831953717945312,2.5450825194556184,12.999999778243907
17.36416,13.72204,44.52144,3257.3546,-0.594,40.99871,6.8641638695703096,2.557081648436025,12.999999778243907
17.39706,13.75204,44.46965,3253.6635,-0.62118,41.05237,6.898682502476252,2.5699407474333826,12.999999778243907
17.4299,13.78204,44.41564,3249.95927,-0.64758,41.10633,6.93546841515598,2.583644467802196,12.999999778243907
17.46267,13.81204,44.35948,3246.24045,-0.67314,41.16058,6.974476301725323,2.5981759319085427,12.999999778243907
17.49538,13.84204,44.30125,3242.50559,-0.6978,41.21515,7.015656536949044,2.613516653046578,12.999999778243907
17.52802,13.87205,44.24104,3238.75327,-0.7215,41.27005,7.058954957900218,2.6296464541009095,12.999999778243907
17.56059,13.90207,44.17893,3234.98205,-0.74419,41.32529,7.104312644771744,2.6465433858931213,12.999999778243907
17.59311,13.93208,44.11502,3231.19056,-0.76581,41.38089,7.151665703573312,2.664183646230668,12.999999778243907
17.62555,13.9621,44.04941,3227.3774,-0.78631,41.43685,7.200945053675281,2.682541500761388,12.999999778243907
17.65793,13.99212,43.98219,3223.54124,-0.80564,41.49319,7.252076223384973,2.7015892068202914,12.999999778243907
17.69024,14.02215,43.91347,3219.68076,-0.82374,41.54992,7.3049791569315214,2.7212969415263366,12.999999778243907
17.72249,14.05218,43.84336,3215.79468,-0.84059,41.60705,7.359568036469681,2.7416327354741648,12.999999778243907
17.75466,14.08221,43.77198,3211.88176,-0.85612,41.6646,7.415751122865794,2.762562413422688,12.999999778243907
17.78677,14.11225,43.69943,3207.94079,-0.87029,41.72257,7.473430619197184,2.784049543445017,12.999999778243907
17.81881,14.14228,43.62584,3203.97062,-0.88307,41.78097,7.532502561025893,2.806055396052544,12.999999778243907
17.85079,14.17233,43.55133,3199.97014,-0.89442,41.83982,7.592856737582525,2.828538914833848,12.999999778243907
17.88269,14.20237,43.47603,3195.93831,-0.9043,41.89911,7.654376648064495,2.8514567001746456,12.999999778243907
17.91452,14.23241,43.40006,3191.87412,-0.91268,41.95887,7.716939497210164,2.8747630076090385,12.999999778243907
17.94628,14.26246,43.32355,3187.77665,-0.91954,42.01909,7.7804162342572925,2.898409762332564,12.999999778243907
17.97798,14.29251,43.24663,3183.64503,-0.92484,42.07978,7.844671639279028,2.922346591364618,12.999999778243907
18.0096,14.32256,43.16943,3179.47847,-0.92857,42.14095,7.909564460630256,2.9465208747508402,12.999999778243907
18.04115,14.35262,43.09209,3175.27626,-0.93071,42.2026,7.974947607005724,2.9708778171098196,12.999999778243907
18.07262,14.38267,43.01474,3171.03776,-0.93124,42.26474,8.040668397190425,2.995360540671682,12.999999778243907
18.10403,14.41273,42.93752,3166.76241,-0.93016,42.32737,8.106568870168338,3.019910200801755,12.999999778243907
18.13536,14.44279,42.86056,3162.44975,-0.92745,42.39049,8.17248615766825,3.044466124783688,12.999999778243907
18.16663,14.47283,42.78424,3158.09872,-0.91741,42.4039,8.23797562520709,3.0688626745735035,0
18.19784,14.50285,42.70892,3153.7086,-0.90572,42.41732,8.302580980995668,3.092929869473964,0
18.22901,14.53284,42.63473,3149.27949,-0.89239,42.43075,8.366115110171785,3.1165980042756147,0
18.26013,14.56279,42.56181,3144.81164,-0.87747,42.44419,8.428390705175277,3.1397973019839363,0
18.2912,14.59272,42.49029,3140.30541,-0.86098,42.45764,8.489220688046558,3.162458071136665,0
18.32222,14.62262,42.42029,3135.76127,-0.84296,42.47109,8.548419163259295,3.184511060759035,0
18.35319,14.65249,42.35193,3131.17979,-0.82345,42.48456,8.605802411790576,3.2058878306810743,0
18.3841,14.68233,42.28533,3126.56166,-0.80251,42.49804,8.661189917968775,3.226521134065449,0
18.41496,14.71214,42.2206,3121.9077,-0.78018,42.51153,8.714405419684434,3.246345308638652,0
18.44577,14.74192,42.15784,3117.21882,-0.75653,42.52502,8.765277971644807,3.2652966727812918,0
18.47653,14.77167,42.09716,3112.49605,-0.73162,42.53853,8.813643010714031,3.283313922395344,0
18.50724,14.80138,42.03864,3107.74052,-0.70551,42.55204,8.859343411698328,3.300338524211912,0
18.53789,14.83107,41.98238,3102.95346,-0.67828,42.56555,8.902230521657524,3.316315101099489,0
18.56849,14.86072,41.92847,3098.13623,-0.65001,42.57908,8.942165160558528,3.3311918048337006,0
18.59903,14.89033,41.87697,3093.29023,-0.62078,42.59261,8.979018576143952,3.3449206718109936,0
18.62952,14.91992,41.82795,3088.41701,-0.59067,42.60614,9.01267334114039,3.3574579572823278,0
18.65996,14.94947,41.78147,3083.51816,-0.55976,42.61968,9.043024181371482,3.3687644438470787,0
18.69034,14.97898,41.73759,3078.59536,-0.52816,42.63323,9.069978724077385,3.378805720221729,0
18.72066,15.00847,41.69635,3073.65037,-0.49595,42.64679,9.093458156603527,3.3875524266187678,0
18.75093,15.03791,41.65779,3068.68501,-0.46322,42.66034,9.113397786768255,3.394980463498374,0
18.78115,15.06733,41.62193,3063.70116,-0.43009,42.67391,9.129747497494915,3.4010711609308344,0
18.81131,15.09671,41.5888,3058.70073,-0.39665,42.68747,9.142472089706404,3.4058114063337843,0
18.84141,15.12605,41.55841,3053.6857,-0.36299,42.70105,9.15155150911007,3.4091937289555516,0
18.87146,15.15536,41.53076,3048.65805,-0.32923,42.71462,9.156980954060812,3.411216340056998,0
18.90145,15.18463,41.50585,3043.61982,-0.29546,42.7282,9.15877086350764,3.411883128421293,0
18.93139,15.21387,41.48367,3038.57304,-0.26178,42.74179,9.15694678564073,3.4112036114214925,0
18.96127,15.24307,41.4642,3033.51976,-0.2283,42.75537,9.151549129645469,3.4091928425423803,0
18.9911,15.27224,41.4474,3028.46202,-0.19512,42.76897,9.14263280453098,3.4058712768346004,0
19.02086,15.30137,41.43324,3023.40186,-0.16233,42.78256,9.13026675061429,3.4012645963801726,0
19.05058,15.33046,41.42169,3018.34129,-0.13004,42.79616,9.114533370590076,3.39540349835101,0
19.08023,15.35952,41.41267,3013.28232,-0.09834,42.80977,9.095527868416296,3.388323448726419,0
19.10983,15.38854,41.40615,3008.22689,-0.06733,42.82337,9.073357505296041,3.3800644051267623,0
19.13938,15.41753,41.40205,3003.17694,-0.03709,42.83698,9.048140782945314,3.37067051255922,0
19.16886,15.44648,41.40029,2998.13433,-0.00771,42.8506,9.020006564975668,3.3601897761097,0
19.19829,15.47539,41.40081,2993.10089,0.02072,42.86422,8.989093147724997,3.348673714802865,0
19.22767,15.50427,41.40351,2988.07837,0.04813,42.87784,8.955547292041533,3.336177000916191,0
19.25699,15.53312,41.40831,2983.06849,0.07443,42.89147,8.91952322763954,3.3227570890762688,0
19.28625,15.56192,41.4151,2978.07287,0.09956,42.9051,8.88118164143551,3.308473839387419,0
19.31546,15.59069,41.4238,2973.09305,0.12344,42.91873,8.840688660907274,3.2933891387062104,0
19.34462,15.61943,41.43428,2968.13053,0.14602,42.93237,8.798214843054392,3.277566524002606,0
19.37371,15.64813,41.44645,2963.1867,0.16724,42.94602,8.753934178812184,3.261070811477986,0
19.40276,15.67679,41.46019,2958.26287,0.18703,42.95967,8.70802312204406,3.2439677348392544,0
19.43175,15.70542,41.47538,2953.36028,0.20536,42.97332,8.66065965132079,3.22632359578692,0
19.46068,15.73401,41.49191,2948.48005,0.22218,42.98698,8.6120223717237,3.208204929413159,0
19.48956,15.76257,41.50964,2943.62324,0.23745,43.00065,8.56228966294813,3.189678186847938,0
19.51839,15.7911,41.52846,2938.79081,0.25114,43.01432,8.511638878939339,3.170809437102328,0
19.54716,15.81959,41.54825,2933.98363,0.26322,43.028,8.460245603207053,3.1516640896535835,0
19.57588,15.84804,41.56886,2929.20248,0.27366,43.04168,8.40828296303438,3.132306638969914,0
19.60454,15.87646,41.59017,2924.44805,0.28245,43.05537,8.355921004748705,3.112800431782462,0
19.63315,15.90485,41.61206,2919.72093,0.28957,43.06907,8.303326131309776,3.0932074575720536,0
19.66171,15.93321,41.6344,2915.02163,0.29501,43.08277,8.25066060260695,3.0735881624167933,0
19.69022,15.96153,41.65705,2910.35058,0.29878,43.09648,8.198082098046145,3.054001286044178,0
19.71868,15.98981,41.67989,2905.7081,0.30086,43.1102,8.145743340288288,3.0345037216637794,0
19.74708,16.01807,41.70278,2901.09445,0.30127,43.12393,8.093791778371866,3.0151503979220506,0
19.77543,16.04629,41.72561,2896.50981,0.30001,43.13766,8.04236932788074,2.995994182108004,0
19.80373,16.07448,41.74824,2891.95424,0.2971,43.15141,7.991612165381723,2.9770858035757994,0
19.83198,16.10264,41.77055,2887.42777,0.29256,43.16516,7.941650573937911,2.9584737961943923,0
19.86018,16.13076,41.79243,2882.93032,0.2864,43.17892,7.892608836239654,2.9402044585360128,0
19.88833,16.15886,41.81375,2878.46176,0.27866,43.19269,7.84460517164725,2.922321830422912,0
19.91643,16.18692,41.83439,2874.02186,0.26936,43.20647,7.797751713279235,2.9048676843921415,0
19.94448,16.21495,41.85424,2869.61036,0.25852,43.22026,7.752154521232954,2.8878815306205747,0
19.97248,16.24295,41.8732,2865.22691,0.2462,43.23405,7.707913627950393,2.8714006338248614,0
20.00043,16.27092,41.89114,2860.87108,0.23243,43.24786,7.665123111776742,2.8554600406639348,0
20.02834,16.29886,41.90798,2856.54241,0.21724,43.26168,7.623871194852445,2.840092616206376,0
20.05619,16.32677,41.9236,2852.24038,0.20069,43.27551,7.5842403615595515,2.825329088054793,0
20.084,16.35465,41.93792,2847.96439,0.18281,43.28935,7.546307493876242,2.8111980967689427,0
20.11175,16.3825,41.95083,2843.7138,0.16367,43.3032,7.510144020192287,2.7977262513034113,0
20.13946,16.41032,41.96226,2839.48792,0.1433,43.31706,7.475816074268046,2.784938188224014,0
20.16713,16.43811,41.97211,2835.28601,0.12178,43.33094,7.443384661289087,2.7728566335675198,0
20.19474,16.46588,41.98031,2831.10729,0.09914,43.34482,7.412905828094336,2.761502466256109,0
20.22231,16.49361,41.98678,2826.95092,0.07545,43.35872,7.384430834948804,2.750894782087238,0
20.24983,16.52132,41.99146,2822.81603,0.05077,43.37263,7.358006326381481,2.741050957375245,0
20.27731,16.54899,41.99427,2818.7017,0.02516,43.38655,7.33367449889042,2.7319867114259133,0
20.30474,16.57664,41.99515,2814.60699,-0.00133,43.40048,7.311473263464004,2.7237161670799126,0
20.33212,16.60426,41.99405,2810.5309,-0.02861,43.41443,7.291436401144256,2.7162519086642294,0
20.35946,16.63185,41.99092,2806.47241,-0.05664,43.42839,7.273593709998791,2.7096050367430857,0
20.38675,16.65942,41.98572,2802.43047,-0.08533,43.44236,7.257971142116503,2.7037852191524325,0
20.41399,16.68695,41.97839,2798.40399,-0.11464,43.45634,7.244590929400984,2.6988007378613177,0
20.4412,16.71446,41.96891,2794.39187,-0.14448,43.47033,7.233471697108697,2.694658531267831,0
20.46835,16.74195,41.95724,2790.39296,-0.17479,43.48434,7.224628564298543,2.6913642316192203,0
20.49546,16.7694,41.94336,2786.40609,-0.2055,43.49836,7.218073230464754,2.688922197284922,0
20.52253,16.79683,41.92725,2782.43008,-0.23654,43.5124,7.213814047827097,2.687335539686554,0
20.54955,16.82423,41.9089,2778.46372,-0.26784,43.52644,7.211856078887774,2.6866061447393927,0
20.57652,16.8516,41.88829,2774.50577,-0.29932,43.5405,7.212201139013443,2.686734688715283,0
20.60345,16.87895,41.86541,2770.555,-0.33092,43.55457,7.214847823941424,2.6877206484894276,0
20.63034,16.90626,41.84028,2766.61013,-0.36257,43.56866,7.219791522259472,2.6895623061894316,0
20.65718,16.93356,41.8129,2762.66989,-0.39419,43.58276,7.227024413026828,2.6922567483090813,0
20.68398,16.96082,41.78327,2758.73298,-0.42572,43.59687,7.236535448858334,2.695799859406731,0
20.71073,16.98806,41.75141,2754.79811,-0.45707,43.61099,7.248310324917946,2.700186310554572,0
20.73744,17.01527,41.71735,2750.86395,-0.48819,43.62512,7.262331434400101,2.7054095427542686,0
20.7641,17.04245,41.6811,2746.9292,-0.51899,43.63927,7.2785778112254285,2.7114617455896037,0
20.79072,17.06961,41.64271,2742.99252,-0.54942,43.65343,7.297025060822399,2.718333831440824,0
20.8173,17.09674,41.60221,2739.05259,-0.57939,43.6676,7.31764527997895,2.7260154056272583,0
20.84383,17.12384,41.55963,2735.10808,-0.60885,43.68178,7.340406966910232,2.734494732905188,0
20.87031,17.15092,41.51503,2731.15767,-0.63772,43.69598,7.365274922858473,2.743758700811208,0
20.89676,17.17796,41.46846,2727.20003,-0.66593,43.71018,7.3922101466394015,2.7537927803779945,0
20.92315,17.20498,41.41996,2723.23384,-0.69342,43.7244,7.421169723745843,2.764580984822475,0
20.9495,17.23198,41.36961,2719.25779,-0.72013,43.73863,7.452106711750911,2.7761058268555083,0
20.97581,17.25894,41.31746,2715.2706,-0.74599,43.75287,7.484970023907429,2.7883482753195947,0
21.00208,17.28588,41.26358,2711.27096,-0.77094,43.76712,7.519704312999319,2.801287711920473,0
21.02829,17.31279,41.20804,2707.25761,-0.79491,43.78138,7.556249857625476,2.814901888864867,0
21.05447,17.33967,41.15092,2703.22932,-0.81786,43.79565,7.594542453282186,2.8291668882858207,0
21.08059,17.36652,41.09231,2699.18484,-0.83972,43.80993,7.634513310689348,2.844057084366543,0
21.10668,17.39335,41.03228,2695.12298,-0.86043,43.82422,7.676088963974331,2.859545109136473,0
21.13271,17.42014,40.97092,2691.04257,-0.87996,43.83852,7.719191191407494,2.875601822943184,0
21.1587,17.44691,40.90833,2686.94247,-0.89823,43.85283,7.763736951475892,2.8921962906381498,0
21.18465,17.47365,40.84459,2682.82158,-0.91521,43.86714,7.809638337170989,2.909295764547718,0
21.21055,17.50035,40.7798,2678.67882,-0.93085,43.88147,7.8568025513653375,2.926865675300274,0
21.2364,17.52703,40.71407,2674.51318,-0.94512,43.8958,7.90513190621847,2.944869631604924,0
21.26221,17.55368,40.64749,2670.32368,-0.95796,43.91014,7.954523849460923,2.963269430042978,0
21.28797,17.5803,40.58017,2666.10938,-0.96934,43.92449,8.004871020418332,2.982025075938408,0
21.31368,17.60689,40.51222,2661.86942,-0.97924,43.93884,8.056061338470705,3.001094816311247,0
21.33935,17.63344,40.44373,2657.60297,-0.98762,43.95321,8.107978126513204,3.0204351858699834,0
21.36496,17.65997,40.37483,2653.30927,-0.99445,43.96757,8.160500271795751,3.0400010669285455,0
21.39054,17.68647,40.30562,2648.98762,-0.99972,43.98195,8.21350242625152,3.0597457640339334,0
21.41606,17.71293,40.23622,2644.63739,-1.0034,43.99632,8.266855248102132,3.0796210939705166,0
21.44153,17.73936,40.16672,2640.25802,-1.00549,44.01071,8.320425686227273,3.099577491695189,0
21.46696,17.76576,40.09726,2635.84902,-1.00597,44.0251,8.374077308286571,3.1195641325714143,0
21.49234,17.79213,40.02793,2631.40997,-1.00484,44.03949,8.427670673200701,3.1395290711282255,0
21.51767,17.81846,39.95886,2626.94054,-1.0021,44.05388,8.4810637480234,3.1594193963560295,0
21.54295,17.84476,39.89014,2622.44046,-0.99775,44.06828,8.534112368703138,3.1791814033524464,0
21.56818,17.87103,39.8219,2617.90957,-0.9918,44.08268,8.58667074364854,3.198760780913682,0
21.59336,17.89726,39.75423,2613.34778,-0.98426,44.09709,8.638591998344436,3.2181028144183337,0
21.6185,17.92346,39.68726,2608.75508,-0.97516,44.11149,8.689728758666078,3.2371526031272864,0
21.64358,17.94963,39.62107,2604.13155,-0.96452,44.1259,8.7399337698308,3.2558552907594907,0
21.66861,17.97576,39.55578,2599.47738,-0.95236,44.14031,8.789060547306098,3.2741563079723486,0
21.69359,18.00185,39.49149,2594.79282,-0.93872,44.15471,8.836964055311395,3.2920016251214745,0
21.71852,18.02791,39.42828,2590.07823,-0.92364,44.16912,8.883501407943236,3.3093380134482766,0
21.7434,18.05393,39.36626,2585.33404,-0.90716,44.18353,8.928532587398118,3.3261133126368603,0
21.76823,18.07992,39.30552,2580.56079,-0.88933,44.19794,8.971921173172058,3.3422767024600524,0
21.793,18.10587,39.24613,2575.75909,-0.87019,44.21235,9.01353507574417,3.3577789760958376,0
21.81773,18.13178,39.18819,2570.92965,-0.84981,44.22676,9.053247267789471,3.372572812523372,0
21.8424,18.15766,39.13176,2566.07326,-0.82825,44.24116,9.090936505750987,3.3866130453275693,0
21.86702,18.1835,39.07693,2561.19078,-0.80558,44.25556,9.126488034374754,3.3998569251569375,0
21.89158,18.2093,39.02376,2556.28318,-0.78185,44.26997,9.159794266771424,3.4122643730644135,0
21.9161,18.23506,38.97231,2551.35146,-0.75716,44.28436,9.19075543259182,3.4237982219698115,0
21.94056,18.26078,38.92263,2546.39674,-0.73156,44.29876,9.219280187110774,3.4344244435595837,0
21.96496,18.28647,38.87479,2541.42018,-0.70515,44.31315,9.245286174281214,3.4441123580392765,0
21.98932,18.31211,38.82882,2536.423,-0.67801,44.32754,9.268700537268757,3.4528348243211044,0
22.01362,18.33772,38.78476,2531.40651,-0.65022,44.34193,9.289460370476133,3.4605684084149377,0
22.03786,18.36329,38.74265,2526.37204,-0.62187,44.35631,9.307513107766141,3.4672935280515707,0
22.06205,18.38881,38.70251,2521.32099,-0.59305,44.37068,9.322816842264423,3.47299457181767,0
22.08619,18.4143,38.66436,2516.2548,-0.56386,44.38506,9.335340574031735,3.4776599914202073,0
22.11028,18.43975,38.62822,2511.17494,-0.53438,44.39942,9.345064382725356,3.4812823660073864,0
22.1343,18.46516,38.5941,2506.08293,-0.50472,44.41379,9.351979523363271,3.4838584378433106,0
22.15828,18.49052,38.56199,2500.98028,-0.47496,44.42815,9.35608844426531,3.4853891189915354,0
22.1822,18.51585,38.5319,2495.86857,-0.44521,44.4425,9.357404727241159,3.4858794690335295,0
22.20606,18.54113,38.50381,2490.74934,-0.41556,44.45685,9.355952951105525,3.4853386442244756,0
22.22988,18.56638,38.4777,2485.62419,-0.3861,44.47119,9.351768480526223,3.483779818833639,0
22.25363,18.59158,38.45355,2480.49468,-0.35693,44.48553,9.34489718318001,3.4812200797774606,0
22.27733,18.61674,38.43133,2475.36239,-0.32814,44.49986,9.335395078981392,3.4776802959480664,0
22.30098,18.64186,38.41101,2470.22887,-0.29982,44.51419,9.323327926004248,3.4731849639581776,0
22.32457,18.66694,38.39254,2465.09567,-0.27206,44.52851,9.308770748305742,3.4677620322430864,0
22.34811,18.69198,38.37588,2459.96431,-0.24496,44.54282,9.291807311562986,3.461442705721527,0
22.37159,18.71697,38.36097,2454.83629,-0.21858,44.55714,9.272529552787729,3.4542612333493827,0
22.39502,18.74192,38.34776,2449.71306,-0.19302,44.57144,9.251036970830128,3.446254681066312,0
22.41839,18.76684,38.33619,2444.59606,-0.16836,44.58574,9.227435984588816,3.437462692712101,0
22.44171,18.79171,38.32619,2439.48667,-0.14467,44.60003,9.2018392659372,3.4279272415241726,0
22.46497,18.81654,38.31769,2434.38623,-0.12201,44.61432,9.174365054471863,3.4176923748633254,0
22.48818,18.84133,38.31061,2429.29601,-0.10047,44.62861,9.145136460963574,3.4068039547309072,0
22.51134,18.86607,38.30488,2424.21727,-0.0801,44.64289,9.114280766336291,3.395309396620058,0
22.53444,18.89078,38.30041,2419.15117,-0.06096,44.65716,9.081928722558226,3.383257409079225,0
22.55749,18.91544,38.29713,2414.09884,-0.04311,44.67143,9.048213861572702,3.3706977362707367,0
22.58048,18.94007,38.29494,2409.06133,-0.0266,44.6857,9.013271817894939,3.3576809056202688,0
22.60342,18.96465,38.29374,2404.03964,-0.01147,44.69996,8.977239670016667,3.3442579824727434,0
22.62631,18.98919,38.29346,2399.0347,0.00223,44.71422,8.940255305215056,3.3304803334669386,0
22.64914,19.01369,38.29399,2394.04735,0.01447,44.72847,8.902456811806488,3.3163994001340305,0
22.67192,19.03815,38.29524,2389.07841,0.02521,44.74272,8.86398190225774,3.302066483991325,0
22.69465,19.06257,38.29711,2384.12858,0.03443,44.75697,8.824967370019559,3.2875325441984784,0
22.71733,19.08695,38.29951,2379.19853,0.04211,44.77121,8.785548582306108,3.272848008604492,0
22.73995,19.11128,38.30233,2374.28884,0.04822,44.78545,8.74585901050161,3.2580625988118324,0
22.76252,19.13558,38.30547,2369.40002,0.05276,44.79969,8.706029799283218,3.2432251696633636,0
22.78504,19.15984,38.30884,2364.53251,0.05571,44.81392,8.66618937506751,3.2283835633783617,0
22.8075,19.18406,38.31233,2359.68669,0.05708,44.82815,8.62646309384194,3.2135844783604703,0
22.82992,19.20824,38.31586,2354.86286,0.05685,44.84238,8.586972928029837,3.1988733525466646,0
22.85228,19.23238,38.31931,2350.06126,0.05505,44.85661,8.547837191621941,3.184294261011526,0
22.8746,19.25648,38.3226,2345.28207,0.05167,44.87084,8.509170302437644,3.16988982740329,0
22.89686,19.28054,38.32563,2340.52538,0.04674,44.88506,8.471082580052256,3.1557011486664432,0
22.91907,19.30456,38.3283,2335.79123,0.04026,44.89929,8.433680077710838,3.1417677324252002,0
22.94123,19.32855,38.33052,2331.07961,0.03227,44.91351,8.397064446241338,3.128127446287565,0
22.96334,19.35249,38.3322,2326.39043,0.02278,44.92773,8.36133282789971,3.1148164782998475,0
22.9854,19.3764,38.33327,2321.72354,0.01183,44.94195,8.326577777864369,3.101869307701281,0
23.00741,19.40027,38.33361,2317.07874,-0.00055,44.95617,8.292887211042498,3.0893186851079704,0
23.02938,19.4241,38.33317,2312.45578,-0.01433,44.97039,8.260344371806909,3.07719562123908,0
23.05129,19.44789,38.33185,2307.85433,-0.02946,44.98461,8.229027824210638,3.065529383271511,0
23.07315,19.47165,38.32958,2303.27404,-0.04591,44.99884,8.199011460285778,3.0543474979314342,0
23.09497,19.49537,38.32629,2298.71448,-0.06362,45.01306,8.17036452402663,3.0436757604286444,0
23.11673,19.51905,38.3219,2294.17518,-0.08255,45.02728,8.143151648746354,3.0335382483729005,0
23.13845,19.54269,38.31635,2289.65563,-0.10265,45.0415,8.117432905556681,3.023957339833888,0
23.16012,19.5663,38.30958,2285.15527,-0.12386,45.05573,8.093263860811156,3.0149537347403395,0
23.18174,19.58987,38.30152,2280.67349,-0.14613,45.06995,8.070695640488037,3.0065464788643625,0
23.20332,19.61341,38.29211,2276.20966,-0.1694,45.08418,8.049774999583128,2.9987529896720937,0
23.22485,19.6369,38.28131,2271.76307,-0.19361,45.09841,8.030544394725329,2.991589083374897,0
23.24632,19.66037,38.26907,2267.33301,-0.21869,45.11264,8.01304205837445,2.9850690025700106,0
23.26776,19.68379,38.25533,2262.91872,-0.24459,45.12687,7.997302073088744,2.9792054439071465,0
23.28914,19.70718,38.24007,2258.5194,-0.27125,45.14111,7.98335444449962,2.9740095852735036,0
23.31048,19.73053,38.22325,2254.13422,-0.29858,45.15534,7.971225171796306,2.969491112051147,0
23.33177,19.75385,38.20482,2249.76234,-0.32653,45.16958,7.960936314637277,2.9656582420432835,0
23.35302,19.77713,38.18477,2245.40285,-0.35502,45.18382,7.9525060555977545,2.9625177487375964,0
23.37422,19.80038,38.16308,2241.05486,-0.38399,45.19806,7.945948757384426,2.960074982620232,0
23.39537,19.82359,38.13971,2236.71741,-0.41337,45.2123,7.941275014189269,2.9583338903064518,0
23.41647,19.84677,38.11466,2232.38956,-0.44307,45.22655,7.938491696721028,2.9572970313160414,0
23.43753,19.86991,38.08792,2228.07031,-0.47304,45.2408,7.937601990590436,2.956965592372819,0
23.45855,19.89301,38.05947,2223.75867,-0.5032,45.25505,7.93860542785898,2.957339399157375,0
23.47952,19.91608,38.02933,2219.45362,-0.53347,45.2693,7.941497911683455,2.958416925487822,0
23.50044,19.93912,37.99748,2215.15413,-0.56379,45.28355,7.946271734183946,2.960195299976084,0
23.52132,19.96211,37.96394,2210.85915,-0.59407,45.29781,7.952915587707572,2.9626703102239422,0
23.54215,19.98508,37.92872,2206.56761,-0.62425,45.31207,7.9614145698790395,2.965836404704493,0
23.56293,20.00801,37.89182,2202.27847,-0.65426,45.32633,7.971750182887707,2.9696866924965675,0
23.58367,20.0309,37.85328,2197.99063,-0.68402,45.34059,7.983900327625256,2.9742129411008524,0
23.60436,20.05375,37.81311,2193.70303,-0.71345,45.35486,7.9978392934010545,2.979405572608599,0
23.62501,20.07658,37.77134,2189.41458,-0.7425,45.36912,8.013537744067463,2.985253658532933,0
23.64561,20.09936,37.72801,2185.12419,-0.77109,45.38339,8.030962701515843,2.991744913660678,0
23.66617,20.12211,37.68314,2180.83079,-0.79914,45.39766,8.050077527607593,2.998865689321198,0
23.68668,20.14483,37.63677,2176.53331,-0.8266,45.41193,8.070841905698265,3.006600966503642,0
23.70715,20.16751,37.58895,2172.23066,-0.85339,45.4262,8.093211823046774,3.0149343493039114,0
23.72757,20.19015,37.53973,2167.9218,-0.87945,45.44047,8.11713955542637,3.0238480591918404,0
23.74794,20.21276,37.48915,2163.60567,-0.90473,45.45474,8.142573655404732,3.0333229306452263,0
23.76827,20.23533,37.43726,2159.28124,-0.92914,45.46901,8.169458945795736,3.0433384087104396,0
23.78855,20.25787,37.38412,2154.94748,-0.95264,45.48328,8.197736519840793,3.0538725490699754,0
23.80879,20.28037,37.32979,2150.6034,-0.97517,45.49756,8.227343749759545,3.0649020212278133,0
23.82898,20.30283,37.27434,2146.24802,-0.99667,45.51183,8.258214305292125,3.0764021154169,0
23.84913,20.32525,37.21782,2141.88038,-1.01709,45.5261,8.29027818394353,3.0883467538659697,0
23.86922,20.34764,37.1603,2137.49956,-1.03638,45.54037,8.32346175455461,3.1007085070308884,0
23.88928,20.37,37.10186,2133.10465,-1.05449,45.55464,8.35768781588324,3.1134586154176747,0
23.90928,20.39231,37.04256,2128.69481,-1.07138,45.56891,8.39287567178326,3.126567017588642,0
23.92924,20.41459,36.98248,2124.26918,-1.087,45.58317,8.428941224544511,3.140002384934012,0
23.94915,20.43683,36.92169,2119.82699,-1.10132,45.59744,8.465797087822732,3.153732163741276,0
23.96902,20.45903,36.86027,2115.36748,-1.1143,45.6117,8.503352720533494,3.1677226250742017,0
23.98884,20.4812,36.7983,2110.88993,-1.12591,45.62596,8.54151458289444,3.1819389229026838,0
24.00861,20.50333,36.73586,2106.3937,-1.13612,45.64021,8.580186315637922,3.1963451608641567,0
24.02834,20.52542,36.67303,2101.87815,-1.14491,45.65446,8.619268943283895,3.210904467988105,0
24.04802,20.54747,36.60989,2097.34274,-1.15226,45.66871,8.658661102033877,3.225579083592548,0
24.06765,20.56948,36.54653,2092.78693,-1.15815,45.68296,8.698259292715056,3.24033045151239,0
24.08723,20.59145,36.48302,2088.21028,-1.16256,45.69719,8.737958158847942,3.2551193236869227,0
24.10676,20.61338,36.41945,2083.61239,-1.1655,45.71143,8.777650789668986,3.269905873043734,0
24.12625,20.63527,36.35591,2078.9929,-1.16696,45.72566,8.817229047612159,3.284649815494205,0
24.14569,20.65713,36.29246,2074.35155,-1.16693,45.73988,8.856583919417274,3.2993105407306076,0
24.16508,20.67894,36.2292,2069.6881,-1.16543,45.7541,8.895605889709028,3.313847251394118,0
24.18442,20.70071,36.1662,2065.0024,-1.16247,45.76831,8.934185335556656,3.3282191100586713,0
24.20372,20.72244,36.10354,2060.29437,-1.15805,45.78252,8.972212940121036,3.3423853933253964,0
24.22296,20.74414,36.04131,2055.56396,-1.1522,45.79671,9.009580123233802,3.356305652224663,0
24.24216,20.76579,35.97957,2050.81122,-1.14494,45.8109,9.046179486349347,3.3699398779724032,0
24.2613,20.78739,35.91839,2046.03626,-1.13631,45.82509,9.081905269022766,3.3832486720201675,0
24.2804,20.80896,35.85786,2041.23924,-1.12633,45.83926,9.116653813773768,3.3961934192291543,0
24.29945,20.83048,35.79804,2036.4204,-1.11503,45.85343,9.150324035910778,3.408736462892052,0
24.31845,20.85197,35.739,2031.58005,-1.10247,45.86758,9.182817894682836,3.420841280249524,0
24.3374,20.87341,35.6808,2026.71854,-1.08869,45.88173,9.21404086190607,3.4324726570658894,0
24.35629,20.8948,35.6235,2021.83631,-1.07374,45.89587,9.243902384094186,3.4435968597848983,0
24.37514,20.91616,35.56715,2016.93386,-1.05767,45.91,9.272316334011897,3.454181803745262,0
24.39394,20.93747,35.51182,2012.01174,-1.04054,45.92412,9.29920144754004,3.464197215924405,0
24.41269,20.95873,35.45756,2007.07057,-1.02242,45.93822,9.324481741754079,3.473614790683708,0
24.43138,20.97995,35.4044,2002.11101,-1.00336,45.95232,9.348086910219623,3.4824083370264862,0
24.45003,21.00113,35.35239,1997.13379,-0.98344,45.96641,9.369952691587882,3.490553915909496,0
24.46862,21.02227,35.30158,1992.13969,-0.96273,45.98048,9.390021207869331,3.498029966258778,0
24.48717,21.04336,35.25199,1987.12954,-0.9413,45.99455,9.408241268945746,3.504817418408401,0
24.50566,21.0644,35.20365,1982.1042,-0.91924,46.0086,9.424568640203491,3.5108997938009034,0
24.5241,21.0854,35.1566,1977.06461,-0.89661,46.02264,9.438966270566043,3.516263289935409,0
24.54249,21.10636,35.11085,1972.0117,-0.87351,46.03667,9.451404478596444,3.5208968496956827,0
24.56083,21.12726,35.06641,1966.94647,-0.85001,46.05068,9.461861094759925,3.5247922143467085,0
24.57911,21.14813,35.02331,1961.86994,-0.82621,46.06468,9.470321558463164,3.5279439596843627,0
24.59735,21.16895,34.98155,1956.78317,-0.80218,46.07867,9.476778968927022,3.530349514986846,0
24.61553,21.18972,34.94113,1951.68722,-0.77801,46.09265,9.481234089531267,3.532009164633204,0
24.63366,21.21044,34.90204,1946.58318,-0.75379,46.10661,9.48369530569264,3.532926032411811,0
24.65174,21.23112,34.8643,1941.47218,-0.72961,46.12057,9.484178536953893,3.533106048771207,0
24.66977,21.25175,34.82787,1936.35531,-0.70555,46.1345,9.482707104377745,3.5325579014208706,0
24.68774,21.27234,34.79276,1931.23372,-0.68171,46.14843,9.479311554851176,3.531292969879939,0
24.70567,21.29288,34.75893,1926.10853,-0.65815,46.16234,9.474029444347256,3.5293252447365373,0
24.72354,21.31337,34.72638,1920.98087,-0.63498,46.17624,9.466905082606981,3.5266712325350453,0
24.74136,21.33382,34.69506,1915.85186,-0.61227,46.19012,9.457989242035966,3.5233498473324585,0
24.75912,21.35422,34.66495,1910.72261,-0.5901,46.20399,9.447338833977152,3.5193822901014484,0
24.77684,21.37457,34.63601,1905.59422,-0.56856,46.21785,9.435016555740765,3.514791917239742,0
24.7945,21.39488,34.6082,1900.46778,-0.54772,46.23169,9.421090512002408,3.50960409953094,0
24.81212,21.41514,34.58149,1895.34435,-0.52765,46.24552,9.405633814344963,3.5038460729633503,0
24.82967,21.43535,34.55583,1890.22497,-0.50842,46.25934,9.388724162754565,3.4975467828262166,0
24.84718,21.45551,34.53116,1885.11066,-0.49011,46.27314,9.370443413021556,3.490736722555197,0
24.86464,21.47563,34.50743,1880.00238,-0.47277,46.28694,9.350877133863978,3.483447768749211,0
24.88204,21.4957,34.4846,1874.90111,-0.45648,46.30071,9.33011415761666,3.4757130137903,0
24.8994,21.51573,34.4626,1869.80774,-0.44128,46.31448,9.308246128169111,3.4675665974386045,0
24.9167,21.5357,34.44138,1864.72316,-0.42723,46.32823,9.285367049662357,3.459043538710053,0
24.93395,21.55563,34.42087,1859.64821,-0.41438,46.34197,9.26157283931115,3.450179569290875,0
24.95115,21.57552,34.40101,1854.58367,-0.40278,46.3557,9.236960887442772,3.441010969640476,0
24.9683,21.59535,34.38174,1849.53031,-0.39247,46.36941,9.211629627586754,3.4315744088385505,0
24.98539,21.61514,34.36298,1844.48883,-0.38348,46.38311,9.185678119201105,3.4219067891396153,0
25.00244,21.63489,34.34468,1839.45988,-0.37586,46.3968,9.159205645306983,3.4120450960813464,0
25.01944,21.65458,34.32676,1834.44409,-0.36962,46.41048,9.13231132700537,3.402026254881893,0
25.03638,21.67423,34.30915,1829.44201,-0.36479,46.42415,9.105093756533488,3.3918869937437375,0
25.05328,21.69384,34.29179,1824.45416,-0.36139,46.4378,9.077650650222921,3.381663714571467,0
25.07012,21.7134,34.27461,1819.48101,-0.35944,46.45144,9.050078522425775,3.3713923715006864,0
25.08692,21.73291,34.25753,1814.52297,-0.35895,46.46508,9.022472381155918,3.361108357516372,0
25.10366,21.75237,34.24048,1809.5804,-0.35992,46.4787,8.994925445951983,3.35084639934942,0
25.12036,21.77179,34.2234,1804.65363,-0.36236,46.49231,8.967528888167857,3.3406404607280136,0
25.137,21.79116,34.20622,1799.7429,-0.36626,46.50591,8.940371593679417,3.3305236539796472,0
25.1536,21.81049,34.18886,1794.84845,-0.37162,46.5195,8.913539947758709,3.32052815989109,0
25.17014,21.82978,34.17127,1789.97042,-0.37843,46.53307,8.887117641686372,3.310685155666431,0
25.18664,21.84901,34.15337,1785.10894,-0.38667,46.54664,8.861185500447169,3.3010247507391277,0
25.20309,21.8682,34.13511,1780.26407,-0.39632,46.5602,8.83582133076027,3.291575930159288,0
25.21949,21.88735,34.11641,1775.43583,-0.40736,46.57375,8.811099788508606,3.282366505207619,0
25.23584,21.90645,34.09722,1770.6242,-0.41977,46.58729,8.787092264565956,3.2734230708630103,0
25.25214,21.92551,34.07748,1765.82909,-0.43351,46.60082,8.763866787904728,3.2647709697076333,0
25.2684,21.94452,34.05712,1761.05038,-0.44855,46.61434,8.74148794480801,3.2564342618313065,0
25.28461,21.96349,34.0361,1756.28792,-0.46486,46.62786,8.720016812980345,3.2484357002860222,0
25.30077,21.98241,34.01435,1751.5415,-0.48239,46.64136,8.69951090931429,3.240796711627619,0
25.31688,22.00129,33.99184,1746.81086,-0.50111,46.65485,8.680024150049693,3.2335373810740626,0
25.33294,22.02012,33.96851,1742.09572,-0.52095,46.66834,8.661606822102401,3.2266764418246345,0
25.34896,22.03891,33.94431,1737.39575,-0.54189,46.68182,8.644305564330082,3.2202312680809557,0
25.36493,22.05766,33.9192,1732.71059,-0.56386,46.69529,8.628163357575028,3.214217871337676,0
25.38085,22.07636,33.89314,1728.03982,-0.58681,46.70875,8.613219522320772,3.2086508995094962,0
25.39673,22.09502,33.86609,1723.38302,-0.61068,46.72221,8.599509722918636,3.203543638505668,0
25.41256,22.11363,33.83802,1718.73972,-0.63542,46.73566,8.587065977366112,3.1989080158727026,0
25.42834,22.1322,33.8089,1714.10941,-0.66097,46.7491,8.575916671697213,3.1947546061551493,0
25.44407,22.15073,33.77869,1709.49155,-0.68726,46.76253,8.566086578155787,3.191092637665641,0
25.45976,22.16921,33.74738,1704.88559,-0.71422,46.77595,8.557596876361453,3.1879300003697537,0
25.47541,22.18765,33.71493,1700.29094,-0.74181,46.78937,8.550465176826135,3.18527325464654,0
25.491,22.20605,33.68133,1695.70698,-0.76994,46.80278,8.544705546208396,3.1831276406964295,0
25.50656,22.2244,33.64657,1691.13307,-0.79855,46.81618,8.540328533843159,3.1814970884242526,0
25.52206,22.24271,33.61062,1686.56855,-0.82757,46.82958,8.537341199151824,3.1803842276502245,0
25.53752,22.26098,33.57349,1682.01274,-0.85693,46.84297,8.535747139630816,3.179790398536418,0
25.55293,22.27921,33.53515,1677.46495,-0.88657,46.85635,8.53554651922902,3.1797156621581086,0
25.5683,22.29739,33.49562,1672.92444,-0.91641,46.86972,8.53673609701282,3.1801588111822494,0
25.58363,22.31553,33.45488,1668.39049,-0.94637,46.88309,8.539309256108695,3.1811173806493533,0
25.5989,22.33362,33.41295,1663.86236,-0.9764,46.89645,8.543256032986223,3.1825876588821815,0
25.61414,22.35167,33.36983,1659.33927,-1.00641,46.9098,8.548563147287526,3.1845646985979994,0
25.62932,22.36968,33.32552,1654.82048,-1.03634,46.92315,8.555214032401583,3.187042328298304,0
25.64446,22.38765,33.28004,1650.3052,-1.06611,46.93649,8.563188867172492,3.1900131640809994,0
25.65956,22.40557,33.23341,1645.79265,-1.09567,46.94982,8.572464609095528,3.1934686220067885,0
25.67461,22.42345,33.18564,1641.28204,-1.12493,46.96314,8.58301502950883,3.1973989312090123,0
25.68962,22.44129,33.13675,1636.77259,-1.15383,46.97646,8.594810751293455,3.2017931479379036,0
25.70458,22.45909,33.08677,1632.26352,-1.18231,46.98977,8.607819289704379,3.2066391707712176,0
25.7195,22.47684,33.03572,1627.75403,-1.21029,47.00307,8.622005096937821,3.211923757216727,0
25.73437,22.49455,32.98363,1623.24335,-1.23772,47.01636,8.637329611146386,3.2176325419716543,0
25.7492,22.51221,32.93054,1618.7307,-1.26453,47.02964,8.653751310596848,3.2237500570978677,0
25.76398,22.52983,32.87648,1614.21532,-1.29066,47.04292,8.671225773730903,3.2302597543961,0
25.77871,22.54741,32.82148,1609.69646,-1.31605,47.05619,8.689705745843682,3.2371440302454406,0
25.79341,22.56495,32.76558,1605.17336,-1.34064,47.06945,8.70914121316537,3.244384253200691,0
25.80805,22.58244,32.70882,1600.6453,-1.36439,47.0827,8.729479485070822,3.251960794617612,0
25.82265,22.59989,32.65125,1596.11158,-1.38724,47.09594,8.750665285139636,3.2598530625751936,0
25.83721,22.61729,32.59292,1591.57149,-1.40914,47.10917,8.772640851758617,3.2680395393527206,0
25.85172,22.63465,32.53385,1587.02436,-1.43004,47.12239,8.795346048914318,3.2764978227029116,0
25.86619,22.65197,32.47411,1582.46955,-1.4499,47.1356,8.81871848774604,3.285204671133605,0
25.88061,22.66924,32.41375,1577.90644,-1.46868,47.14881,8.84269365939415,3.2941360533972577,0
25.89498,22.68647,32.3528,1573.33441,-1.48635,47.162,8.86720507955365,3.3032672023409497,0
25.90931,22.70366,32.29133,1568.75292,-1.50286,47.17518,8.89218444508799,3.3125726732491545,0
25.9236,22.7208,32.22939,1564.16141,-1.5182,47.18835,8.917561802903757,3.322026406753998,0
25.93784,22.73789,32.16703,1559.55938,-1.53233,47.20152,8.943265731219027,3.3316017963624938,0
25.95203,22.75495,32.1043,1554.94636,-1.54523,47.21466,8.969223533194175,3.341271760589111,0
25.96618,22.77195,32.04125,1550.32191,-1.55688,47.2278,8.995361442750198,3.351008819628521,0
25.98028,22.78891,31.97795,1545.68563,-1.56726,47.24093,9.02160484228216,3.360785176459576,0
25.99434,22.80583,31.91444,1541.03717,-1.57637,47.25404,9.047878491790863,3.3705728022028922,0
26.00835,22.8227,31.85079,1536.3762,-1.58421,47.26715,9.074106768821089,3.380343525504153,0
26.02232,22.83952,31.78704,1531.70244,-1.59075,47.28023,9.100213918421192,3.3900691256506392,0
26.03624,22.8563,31.72324,1527.01565,-1.59602,47.29331,9.126124312158206,3.399721429061166,0
26.05011,22.87304,31.65946,1522.31564,-1.60001,47.30637,9.151762715123692,3.4092724087527913,0
26.06394,22.88973,31.59575,1517.60226,-1.60273,47.31942,9.177054559632516,3.4186942863008074,0
26.07772,22.90637,31.53214,1512.8754,-1.6042,47.33246,9.201926224221141,3.427959635772951,0
26.09146,22.92296,31.4687,1508.13501,-1.60443,47.34548,9.22630531640768,3.437041489064957,0
26.10514,22.93951,31.40548,1503.38106,-1.60346,47.35849,9.250120957519965,3.445913442006514,0
26.11879,22.95601,31.34252,1498.61358,-1.6013,47.37148,9.273304067818485,3.4545497605770565,0
26.13238,22.97247,31.27986,1493.83265,-1.59798,47.38446,9.295787650033242,3.4629254865307053,0
26.14593,22.98887,31.21756,1489.03839,-1.59355,47.39742,9.317507069368075,3.4710165417052465,0
26.15943,23.00524,31.15565,1484.23097,-1.58804,47.41037,9.338400327939414,3.4787998302577896,0
26.17289,23.02155,31.09417,1479.41058,-1.58149,47.4233,9.358408331637692,3.486253338077659,0
26.1863,23.03781,31.03317,1474.57749,-1.57396,47.43622,9.377475147359446,3.493356228612126,0
26.19966,23.05403,30.97268,1469.73199,-1.56548,47.44911,9.39554824858165,3.5000889343493107,0
26.21297,23.0702,30.91273,1464.87442,-1.55612,47.462,9.412578747303526,3.5064332432225993,0
26.22624,23.08632,30.85335,1460.00515,-1.54592,47.47486,9.428521610459196,3.512372379230062,0
26.23946,23.10239,30.79457,1455.1246,-1.53496,47.48771,9.443335858967838,3.5178910765858675,0
26.25263,23.11842,30.73642,1450.23322,-1.52329,47.50054,9.456984747780796,3.5229756467925726,0
26.26575,23.13439,30.67892,1445.3315,-1.51098,47.51336,9.469435925347797,3.5276140380464795,0
26.27883,23.15032,30.62209,1440.41996,-1.49809,47.52616,9.480661571142488,3.53179588646952,0
26.29186,23.1662,30.56595,1435.49916,-1.4847,47.53894,9.490638510088285,3.53551255873589,0
26.30484,23.18203,30.51052,1430.56967,-1.47088,47.5517,9.499348302868443,3.53875718571494,0
26.31778,23.1978,30.45579,1425.63212,-1.45669,47.56444,9.506777311392296,3.5415246868590544,0
26.33067,23.21353,30.40179,1420.68714,-1.44223,47.57717,9.51291673887862,3.5438117851357687,0
26.3435,23.22921,30.34852,1415.73538,-1.42755,47.58987,9.517762644245472,3.545617012388365,0
26.3563,23.24484,30.29598,1410.77752,-1.41274,47.60256,9.52131593076792,3.546940705110572,0
26.36904,23.26043,30.24418,1405.81427,-1.39788,47.61523,9.523582309186247,3.5477849907034043,0
26.38174,23.27596,30.1931,1400.84633,-1.38304,47.62788,9.524572235674073,3.548153764366652,0
26.39438,23.29144,30.14274,1395.87443,-1.3683,47.64052,9.524300825303085,3.548052656862222,0
26.40698,23.30687,30.0931,1390.8993,-1.35374,47.65313,9.522787741906319,3.5474889934853078,0
26.41954,23.32225,30.04416,1385.92169,-1.33943,47.66573,9.520057065362554,3.546471744624331,0
26.43204,23.33758,29.9959,1380.94234,-1.32545,47.6783,9.516137137566275,3.545011468380708,0
26.4445,23.35286,29.94832,1375.96201,-1.31188,47.69086,9.511060388537373,3.5431202457901376,0
26.45691,23.36809,29.90139,1370.98143,-1.29879,47.7034,9.504863144186288,3.5408116092100452,0
26.46927,23.38327,29.85509,1366.00136,-1.28625,47.71592,9.497585417470303,3.5381004645198257,0
26.48158,23.3984,29.80939,1361.02254,-1.27433,47.72842,9.489270684707082,3.5350030077917407,0
26.49384,23.41348,29.76427,1356.0457,-1.2631,47.7409,9.479965648932462,3.531536637135469,0
26.50606,23.4285,29.71971,1351.07156,-1.25262,47.75337,9.469719992214293,3.527719860428498,0
26.51823,23.44348,29.67566,1346.10084,-1.24296,47.76581,9.458586118860294,3.523572199654295,0
26.53035,23.45841,29.6321,1341.13423,-1.23418,47.77824,9.446618891500057,3.5191140925859044,0
26.54243,23.47329,29.58899,1336.17242,-1.22634,47.79065,9.433875361936654,3.5143667925210935,0
26.55446,23.48811,29.54629,1331.21606,-1.21948,47.80304,9.420414498698781,3.509352266788359,0
26.56644,23.50289,29.50398,1326.26579,-1.21366,47.81541,9.406296913089207,3.504093094692759,0
26.57837,23.51761,29.46201,1321.32225,-1.20893,47.82776,9.391584585494492,3.4986123655590915,0
26.59025,23.53229,29.42033,1316.38602,-1.20533,47.8401,9.376340593642789,3.4929335775007666,0
26.60209,23.54691,29.37892,1311.45767,-1.2029,47.85241,9.360628844305847,3.487080537471751,0
26.61388,23.56149,29.33772,1306.53776,-1.20168,47.86471,9.34451380993911,3.4810772631580673,0
26.62563,23.57601,29.2967,1301.62681,-1.2017,47.87699,9.328060271536668,3.4749478871845088,0
26.63732,23.59048,29.25582,1296.72529,-1.20299,47.88926,9.311333068859872,3.468716564068211,0
26.64897,23.60491,29.21502,1291.83368,-1.20557,47.9015,9.294396859126968,3.4624073803242075,0
26.66058,23.61928,29.17426,1286.95241,-1.20946,47.91373,9.277315885008129,3.456044268037461,0
26.67214,23.6336,29.13351,1282.08187,-1.21468,47.92595,9.260153752719756,3.449650922197165,0
26.68365,23.64787,29.09271,1277.22244,-1.22125,47.93814,9.242973220822723,3.443250722018521,0
26.69511,23.6621,29.05183,1272.37444,-1.22917,47.95032,9.225836000217338,3.4368666564356034,0
26.70653,23.67627,29.01082,1267.53818,-1.23844,47.96248,9.208802565700434,3.430521253901422,0
26.7179,23.69039,28.96963,1262.71394,-1.24906,47.97463,9.191931979312455,3.4242365165800557,0
26.72923,23.70447,28.92823,1257.90195,-1.26104,47.98676,9.175281725611622,3.418033858981954,0
26.74051,23.71849,28.88657,1253.10242,-1.27435,47.99887,9.158907558895953,3.4119340510501117,0
26.75174,23.73247,28.84461,1248.31551,-1.289,48.01097,9.142863362272813,3.4059571656597734,0
26.76293,23.74639,28.80231,1243.54136,-1.30496,48.02305,9.127201018467115,3.400122530491083,0
26.77407,23.76027,28.75963,1238.78008,-1.32222,48.03512,9.111970292072323,3.3944486841644936,0
26.78517,23.77409,28.71654,1234.03175,-1.34075,48.04717,9.097218722999829,3.3889533365478464,0
26.79623,23.78787,28.673,1229.2964,-1.36052,48.0592,9.082991530720156,3.38365333308371,0
26.80723,23.8016,28.62897,1224.57403,-1.38151,48.07122,9.069331528947625,3.378564623007165,0
26.8182,23.81528,28.58442,1219.86464,-1.40368,48.08323,9.05627905029517,3.3737022312777434,0
26.82912,23.82891,28.53931,1215.16816,-1.427,48.09522,9.043871880457614,3.3690802340609682,0
26.83999,23.84249,28.49362,1210.48451,-1.45142,48.1072,9.032145201456133,3.364711737585422,0
26.85082,23.85603,28.44732,1205.81357,-1.47691,48.11916,9.021131543451263,3.360608860191825,0
26.8616,23.86951,28.40038,1201.15522,-1.50341,48.13111,9.010860744654224,3.3567827173989473,0
26.87235,23.88295,28.35277,1196.50927,-1.53088,48.14304,9.001359918860537,3.353243409809027,0
26.88304,23.89634,28.30447,1191.87553,-1.55928,48.15497,8.992653430147557,3.3500000136819383,0
26.89369,23.90968,28.25546,1187.25378,-1.58854,48.16687,8.984762874319319,3.3470605740229,0
26.9043,23.92297,28.20573,1182.64377,-1.61861,48.17876,8.977707066651865,3.3444321000173005,0
26.91487,23.93621,28.15524,1178.04523,-1.64944,48.19064,8.971502035606514,3.3421205626887143,0
26.92539,23.94941,28.104,1173.45786,-1.68097,48.20251,8.966161022126137,3.340130894636751,0
26.93587,23.96256,28.05197,1168.88136,-1.71314,48.21436,8.961694484236642,3.33846699175123,0
26.9463,23.97566,27.99916,1164.31538,-1.74588,48.2262,8.958110106659717,3.3371317167931744,0
26.95669,23.98871,27.94555,1159.75958,-1.77914,48.23803,8.95541281522972,3.336126904765492,0
26.96704,24.00172,27.89114,1155.21357,-1.81285,48.24984,8.953604795915004,3.3354533699989095,0
26.97735,24.01467,27.83591,1150.67697,-1.84695,48.26164,8.952685518300392,3.335110914899816,0
26.98761,24.02758,27.77988,1146.14937,-1.88137,48.27343,8.952651763441455,3.335098340326719,0
26.99783,24.04045,27.72303,1141.63035,-1.91604,48.2852,8.953497656002039,3.3354134575623093,0
27.008,24.05326,27.66537,1137.11948,-1.95092,48.29696,8.955214700670448,3.336053101879456,0
27.01814,24.06603,27.6069,1132.61633,-1.98592,48.30871,8.95779182286122,3.3370131477036837,0
27.02823,24.07875,27.54762,1128.12043,-2.02098,48.32044,8.961215413736094,3.338288525384672,0
27.03828,24.09142,27.48755,1123.63132,-2.05604,48.33216,8.965469379638966,3.3398732396120714,0
27.04828,24.10405,27.42669,1119.14855,-2.09103,48.34387,8.970535196020993,3.341760389504027,0
27.05825,24.11663,27.36505,1114.67163,-2.1259,48.35557,8.976391966004625,3.3439421904238227,0
27.06817,24.12916,27.30264,1110.20009,-2.16057,48.36725,8.983016483711399,3.346409997571147,0
27.07805,24.14164,27.23949,1105.73345,-2.19499,48.37892,8.990383302513091,3.3491543314074463,0
27.08788,24.15408,27.1756,1101.27124,-2.2291,48.39057,8.998464808365565,3.3521649049747095,0
27.09768,24.16647,27.11099,1096.81297,-2.26284,48.40221,9.007231298396698,3.3554306531715405,0
27.10743,24.17881,27.04569,1092.35817,-2.29616,48.41384,9.016651064895456,3.3589397640413012,0
27.11714,24.19111,26.9797,1087.90637,-2.32899,48.42546,9.026690484861268,3.3626797121316025,0
27.12681,24.20336,26.91307,1083.4571,-2.36129,48.43706,9.037314115256299,3.36663729397829,0
27.13644,24.21556,26.84579,1079.00992,-2.39301,48.44865,9.048484794046818,3.370798665746007,0
27.14602,24.22772,26.77792,1074.56435,-2.42411,48.46022,9.060163747156595,3.3751493830711503,0
27.15556,24.23982,26.70945,1070.11998,-2.45452,48.47178,9.07231070136081,3.3796744431178194,0
27.16507,24.25188,26.64044,1065.67637,-2.48423,48.48333,9.084884003127105,3.384358328849244,0
27.17453,24.2639,26.57089,1061.23311,-2.51318,48.49486,9.097840743404683,3.389185055514998,0
27.18394,24.27586,26.50084,1056.7898,-2.54133,48.50638,9.111136888252677,3.3941382193135,0
27.19332,24.28778,26.43033,1052.34606,-2.56867,48.51788,9.12472741518579,3.39920104818437,0
27.20265,24.29965,26.35937,1047.90152,-2.59515,48.52937,9.138566455047846,3.404356454660039,0
27.21194,24.31148,26.28799,1043.45584,-2.62076,48.54084,9.152607439151216,3.409587090679071,0
27.2212,24.32326,26.21624,1039.00869,-2.64546,48.5523,9.166803251373086,3.414875404246016,0
27.2304,24.33498,26.14414,1034.55977,-2.66925,48.56374,9.181106384832637,3.420203697797789,0
27.23957,24.34667,26.07171,1030.10879,-2.6921,48.57517,9.195469102682164,3.42555418810259,0
27.2487,24.3583,25.999,1025.6555,-2.71401,48.58658,9.209843602511725,3.4309090675049534,0
27.25778,24.36989,25.92602,1021.19966,-2.73497,48.59798,9.224182183783403,3.4362505662994325,0
27.26682,24.38143,25.85282,1016.74106,-2.75498,48.60936,9.238437417642741,3.441561015989813,0
27.27582,24.39292,25.77943,1012.27952,-2.77403,48.62072,9.252562318408716,3.4468229131736456,0
27.28478,24.40437,25.70586,1007.81488,-2.79213,48.63207,9.266510515972872,3.4520189837654587,0
27.2937,24.41576,25.63216,1003.34702,-2.8093,48.6434,9.280236428292206,3.4571322472548993,0
27.30258,24.42711,25.55834,998.87583,-2.82553,48.65472,9.293695433129516,3.4621460806845272,0
0.04914,0.04914,57.6985,5197.60756,-0.53603,45.00011,2.738927547158184,1.0203225768373902,0
0.09826,0.09826,57.62314,5196.20929,-0.57166,45.00027,2.7666215508502163,1.030639321885764,0
0.14737,0.14738,57.54299,5194.80389,-0.60688,45.00049,2.7964740902269636,1.0417601782711858,0
0.19647,0.19648,57.4581,5193.39004,-0.64163,45.00078,2.8285223554212644,1.05369900029667,0
0.24556,0.24556,57.36854,5191.96637,-0.67588,45.00112,2.8628054558980707,1.0664703572669425,0
0.29463,0.29464,57.27439,5190.53151,-0.70961,45.00151,2.8993642846598733,1.0800894829013914,0
0.34369,0.3437,57.17572,5189.08401,-0.74276,45.00197,2.9382413628266164,1.0945722174359929,0
0.39273,0.39275,57.07261,5187.62244,-0.7753,45.00248,2.979480662496124,1.1099349416341628,0
0.44176,0.44178,56.96516,5186.14529,-0.8072,45.00305,3.023127405660354,1.1261945018777675,0
0.49078,0.49081,56.85346,5184.65105,-0.8384,45.00368,3.0692278368228783,1.1433681254611536,0
0.53978,0.53982,56.73761,5183.13815,-0.86888,45.00437,3.1178289668598196,1.1614733251726073,0
0.58877,0.58882,56.6177,5181.60498,-0.89858,45.00511,3.1689782855637834,1.180527792209406,0
0.63774,0.6378,56.49386,5180.04992,-0.92747,45.00591,3.2227234402364284,1.200549276445093,0
0.6867,0.68677,56.3662,5178.47129,-0.95551,45.00677,3.279111877648834,1.2215554530502961,0
0.73564,0.73573,56.23484,5176.86738,-0.98264,45.00768,3.3381904466618626,1.2435637744583532,0
0.78457,0.78468,56.0999,5175.23644,-1.00883,45.00865,3.4000049588347534,1.266591306680456,0
0.83348,0.83361,55.96153,5173.57669,-1.03404,45.00967,3.4645997043947654,1.2906545489916044,0
0.88238,0.88253,55.81986,5171.8863,-1.0582,45.01076,3.5320169210974477,1.315769236067083,0
0.93126,0.93143,55.67503,5170.16342,-1.08128,45.01189,3.602296213666705,1.341950121708609,0
0.98012,0.98032,55.52721,5168.40616,-1.10323,45.01309,3.6754739217847945,1.3692107434039775,0
1.02896,1.0292,55.37655,5166.61261,-1.12401,45.01434,3.7515824349581686,1.3975631670965623,0
1.07778,1.07808,55.22253,5164.78202,-1.15372,45.05,3.8310217202863255,1.4271563910546925,32.99999943708069
1.12654,1.12697,55.06462,5162.91338,-1.18237,45.08647,3.914223908066095,1.458151395183971,32.99999943708069
1.17526,1.17587,54.90298,5161.00429,-1.20989,45.12378,4.0012719231137766,1.4905790711603524,32.99999943708069
1.22393,1.22479,54.73776,5159.05228,-1.23623,45.16197,4.0922451760269345,1.5244690015208477,32.99999943708069
1.27254,1.27373,54.56912,5157.05484,-1.26134,45.20108,4.187219920054864,1.5598495926071634,32.99999943708069
1.32111,1.32268,54.39725,5155.0094,-1.28516,45.24113,4.286268270272575,1.5967477091822015,32.99999943708069
1.36962,1.37165,54.22233,5152.91332,-1.30764,45.28218,4.389457126175974,1.6351882730684204,32.99999943708069
1.41808,1.42064,54.04454,5150.76394,-1.32871,45.32426,4.4968469939938025,1.6751938244280398,32.99999943708069
1.46648,1.46965,53.86408,5148.55851,-1.34832,45.3674,4.608490705920146,1.7167840446434557,32.99999943708069
1.51482,1.51867,53.68117,5146.29429,-1.36641,45.41166,4.724432034602156,1.7599752401774595,32.99999943708069
1.5631,1.56771,53.496,5143.96847,-1.38291,45.45706,4.844704202612091,1.804779787312357,32.99999943708069
1.61133,1.61677,53.30881,5141.5782,-1.39778,45.50365,4.969328288334643,1.85120553830105,32.99999943708069
1.65949,1.66584,53.11982,5139.12065,-1.41094,45.55147,5.09831153168439,1.8992551902022132,32.99999943708069
1.70759,1.71494,52.92926,5136.59293,-1.42234,45.60057,5.231645545433641,1.948925618552851,32.99999943708069
1.75562,1.76405,52.7374,5133.99217,-1.43192,45.65097,5.369304440609238,2.000207179029281,32.99999943708069
1.80359,1.81319,52.54447,5131.31549,-1.43961,45.70273,5.511242877434546,2.0530829813717464,32.99999943708069
1.85149,1.86235,52.35074,5128.56005,-1.44536,45.75589,5.657394056718159,2.1075281411238556,32.99999943708069
1.89931,1.91153,52.15648,5125.723,-1.44911,45.81048,5.807667670252736,2.163509016102222,32.99999943708069
1.94706,1.96072,51.96196,5122.80156,-1.4508,45.86654,5.961947832831603,2.220982436018236,32.99999943708069
1.99474,2.00995,51.76746,5119.79302,-1.45038,45.92411,6.120091022708479,2.279894935245124,32.99999943708069
2.04234,2.05919,51.57329,5116.6947,-1.44779,45.98324,6.28192406173292,2.340182000365254,32.99999943708069
2.08987,2.10845,51.37973,5113.50406,-1.44298,46.04394,6.447242170892261,2.4017673458083486,32.99999943708069
2.13731,2.15774,51.18708,5110.21864,-1.43591,46.10627,6.615807141381166,2.464562232526768,32.99999943708069
2.18466,2.20705,50.99567,5106.83612,-1.42652,46.17024,6.78734566558059,2.5284648462412638,32.99999943708069
2.23193,2.25639,50.80579,5103.35435,-1.41479,46.23589,6.96154787613849,2.593359753210097,32.99999943708069
2.27912,2.30575,50.61776,5099.77131,-1.40067,46.30324,7.138066144684117,2.6591174527185126,32.99999943708069
2.32621,2.35513,50.43192,5096.08522,-1.38413,46.37231,7.31651419414509,2.7255940463934856,32.99999943708069
2.37321,2.40454,50.24858,5092.29451,-1.36514,46.44313,7.496466580210134,2.792631045034954,32.99999943708069
2.42011,2.45397,50.06807,5088.39782,-1.34369,46.51571,7.677458597627718,2.86005533370959,32.99999943708069
2.46692,2.50343,49.89073,5084.39411,-1.31977,46.59006,7.858986665909737,2.9276793154355762,32.99999943708069
2.51362,2.55292,49.71687,5080.28259,-1.29337,46.66619,8.04050924594998,2.9953012526470952,32.99999943708069
2.56022,2.60243,49.54683,5076.06279,-1.26448,46.7441,8.221448334358845,3.0627058238733382,32.99999943708069
2.60672,2.65196,49.38093,5071.73458,-1.23313,46.82378,8.401191575354144,3.129664910473388,32.99999943708069
2.65311,2.70153,49.21949,5067.29819,-1.19933,46.90522,8.579095021139176,3.1959386249496884,32.99999943708069
2.69939,2.75111,49.06285,5062.75421,-1.16311,46.98841,8.754486560528418,3.261276588201322,32.99999943708069
2.74555,2.80073,48.9113,5058.10362,-1.1245,47.07332,8.926670022438365,3.325419458182319,32.99999943708069
2.7916,2.85037,48.76515,5053.34784,-1.08357,47.15994,9.094929945806552,3.388100706821999,32.99999943708069
2.83753,2.90004,48.62471,5048.48865,-1.04035,47.24821,9.258536990867507,3.449048635867638,32.99999943708069
2.88334,2.94974,48.49025,5043.5283,-0.99493,47.33811,9.416753948928765,3.5079886156841673,32.99999943708069
2.92903,2.99946,48.36207,5038.46947,-0.94739,47.42957,9.568842289289535,3.5646455241536255,32.99999943708069
2.9746,3.04921,48.24042,5033.31524,-0.8978,47.52255,9.714069163464817,3.6187463559329505,32.99999943708069
3.02004,3.09898,48.12555,5028.06915,-0.84628,47.61698,9.851714768940264,3.6700229656464014,32.99999943708069
3.06535,3.14879,48.0177,5022.73515,-0.79293,47.71279,9.981079958204475,3.718214902450305,32.99999943708069
3.11052,3.19862,47.9171,5017.31762,-0.73788,47.8099,10.10149396439342,3.763072288038871,32.99999943708069
3.15557,3.24847,47.82393,5011.82131,-0.68125,47.90824,10.21232210339151,3.8043586858794964,32.99999943708069
3.20048,3.29835,47.73839,5006.25137,-0.62318,48.00771,10.312973304230956,3.8418539064846695,32.99999943708069
3.24526,3.34826,47.66063,5000.61329,-0.56383,48.10822,10.402907315800778,3.8753566921006875,32.99999943708069
3.28989,3.39819,47.5908,4994.91288,-0.50335,48.20968,10.48164143851973,3.9046872244329442,32.99999943708069
3.33439,3.44815,47.52903,4989.15627,-0.44189,48.31197,10.54875663505257,3.9296894010485266,32.99999943708069
3.37875,3.49814,47.4754,4983.34982,-0.37964,48.41498,10.603902884419888,3.9502328299230003,32.99999943708069
3.42297,3.54814,47.42999,4977.50012,-0.31676,48.51862,10.646803658670937,3.9662144971188216,32.99999943708069
3.46704,3.59818,47.39286,4971.61392,-0.25343,48.62275,10.677259420352392,3.9775600696844813,32.99999943708069
3.51097,3.64823,47.36402,4965.69814,-0.18983,48.72728,10.69515006163766,3.984224804294347,32.99999943708069
3.55476,3.69831,47.3435,4959.75976,-0.12614,48.83207,10.700436231452361,3.9861940416378214,32.99999943708069
3.59841,3.74841,47.33125,4953.80581,-0.06255,48.93701,10.693159524178878,3.983483276716757,32.99999943708069
3.64191,3.79854,47.32725,4947.84334,0.00076,49.04199,10.673441531644738,3.9761378056861827,32.99999943708069
3.68527,3.84868,47.33143,4941.87933,0.06362,49.14689,10.641481788009214,3.964231960270485,32.99999943708069
3.72848,3.89885,47.34368,4935.9207,0.12585,49.25158,10.597554663656918,3.9478679506570526,32.99999943708069
3.77155,3.94904,47.36391,4929.97422,0.18726,49.35597,10.542005288640222,3.9271743468713125,32.99999943708069
3.81448,3.99925,47.39197,4924.04649,0.2477,49.45993,10.475244607335041,3.9023042365058886,32.99999943708069
3.85726,4.04947,47.42772,4918.14393,0.307,49.56337,10.397743683447539,3.873433103185761,32.99999943708069
3.8999,4.09972,47.47097,4912.27269,0.36501,49.66618,10.310027387708667,3.8407564750683876,32.99999943708069
3.94241,4.14998,47.52153,4906.43868,0.42157,49.76826,10.212667609175746,3.8044873958749283,32.99999943708069
3.98477,4.20027,47.5792,4900.6475,0.47656,49.86953,10.106276135158533,3.76485377247536,32.99999943708069
4.02699,4.25056,47.64374,4894.90444,0.52983,49.9699,9.991497344311467,3.722095652873085,32.99999943708069
4.06908,4.30088,47.7149,4889.21444,0.58127,50.06928,9.869000852922545,3.676462486754043,32.99999943708069
4.11102,4.35121,47.79245,4883.58211,0.63076,50.16761,9.739474246185166,3.6282104176942362,32.99999943708069
4.15284,4.40156,47.8761,4878.01168,0.67821,50.26481,9.603616014943857,3.5775996519116484,32.99999943708069
4.19452,4.45192,47.96557,4872.50704,0.72351,50.36083,9.462128804642091,3.524891943321687,32.99999943708069
4.23607,4.5023,48.06058,4867.07167,0.7666,50.45561,9.315713067748487,3.470348228898927,32.99999943708069
4.27749,4.55269,48.16083,4861.70873,0.8074,50.5491,9.16506119440038,3.414226442187406,32.99999943708069
4.31878,4.60309,48.266,4856.42096,0.84584,50.64126,9.01085217902706,3.356779526477453,32.99999943708069
4.35995,4.65351,48.37579,4851.21078,0.88188,50.73205,8.853746864055003,3.298253662960743,32.99999943708069
4.40099,4.70394,48.48989,4846.08024,0.91547,50.82145,8.694383785694125,3.2388867231763663,32.99999943708069
4.44191,4.75438,48.60797,4841.03105,0.94658,50.90944,8.533375631944176,3.1789069495250226,32.99999943708069
4.48271,4.80483,48.72971,4836.0646,0.9752,50.99598,8.37130630950676,3.118531862616568,32.99999943708069
4.5234,4.85529,48.85478,4831.18197,1.00129,51.08109,8.208728604526577,3.057967389834584,32.99999943708069
4.56396,4.90577,48.98287,4826.38393,1.02487,51.16474,8.04616241213205,2.9974072057936705,32.99999943708069
4.60442,4.95625,49.11366,4821.67097,1.04592,51.24693,7.884093501660295,2.937032272353265,32.99999943708069
4.64476,5.00675,49.24681,4817.04333,1.06446,51.32767,7.722972778228427,2.8770105635335192,32.99999943708069
4.68499,5.05726,49.38201,4812.50099,1.08049,51.40697,7.5632159967861075,2.8174969589923538,32.99999943708069
4.72511,5.10777,49.51895,4808.04372,1.09405,51.48483,7.405203881945272,2.758633288665183,32.99999943708069
4.76513,5.1583,49.65732,4803.67107,1.10516,51.56128,7.249282605487584,2.700548510649003,32.99999943708069
4.80505,5.20883,49.7968,4799.3824,1.11384,51.63632,7.095764573300216,2.64335900435668,32.99999943708069
4.84486,5.25937,49.9371,4795.17689,1.12014,51.70998,6.94492947446205,2.5871689613291595,32.99999943708069
4.88457,5.30992,50.07792,4791.05357,1.12409,51.78229,6.797025547036822,2.53207085677672,32.99999943708069
4.92419,5.36048,50.21898,4787.01133,1.12574,51.85327,6.652271017655277,2.478145985861201,32.99999943708069
4.96371,5.41105,50.35998,4783.04894,1.12514,51.92295,6.510855675020712,2.4254650498682238,32.99999943708069
5.00313,5.46163,50.50065,4779.16504,1.12233,51.99136,6.372942540872448,2.374088778685046,32.99999943708069
5.04247,5.51221,50.64072,4775.35819,1.11737,52.05853,6.238669605552544,2.324068577344826,32.99999943708069
5.08171,5.56281,50.77993,4771.62686,1.11031,52.12449,6.108151598996827,2.275447185767389,32.99999943708069
5.12087,5.61341,50.91802,4767.96945,1.10121,52.18929,5.981481771695283,2.228259342213821,32.99999943708069
5.15993,5.66402,51.05475,4764.38429,1.09013,52.25295,5.858733663703363,2.182532442289733,32.99999943708069
5.19892,5.71463,51.18987,4760.86967,1.07712,52.31551,5.739962843213317,2.1382871866088258,32.99999943708069
5.23782,5.76526,51.32316,4757.42384,1.06225,52.37701,5.625208599422392,2.0955382114308336,32.99999943708069
5.27663,5.81589,51.45439,4754.04501,1.04557,52.43748,5.514495577347867,2.054294697673144,32.99999943708069
5.31537,5.86653,51.58334,4750.73135,1.02715,52.49697,5.407835344976769,2.014560954715296,32.99999943708069
5.35403,5.91717,51.70981,4747.48106,1.00704,52.55551,5.3052278854988,1.9763369762950105,32.99999943708069
5.39261,5.96783,51.83359,4744.29226,0.98532,52.61314,5.206663009564913,1.9396189666116705,32.99999943708069
5.43111,6.01849,51.95449,4741.16313,0.96203,52.66989,5.112121684322268,1.9043998354268081,32.99999943708069
5.46954,6.06916,52.07234,4738.09179,0.93724,52.72581,5.0215772776316365,1.8706696615678269,32.99999943708069
5.50789,6.11983,52.18694,4735.0764,0.91101,52.78094,4.934996717186393,1.8384161247303246,32.99999943708069
5.54617,6.17052,52.29814,4732.11511,0.8834,52.8353,4.8523415654328215,1.807624905914189,32.99999943708069
5.58438,6.22121,52.40576,4729.20608,0.85447,52.88895,4.773569012086485,1.7782800571620603,32.99999943708069
5.62252,6.27191,52.50966,4726.34747,0.82428,52.9419,4.698632786792538,1.750364341549313,32.99999943708069
5.66059,6.32261,52.60969,4723.53747,0.79288,52.99421,4.6274839950489195,1.7238595445874378,32.99999943708069
5.69859,6.37333,52.70571,4720.77428,0.76033,53.0459,4.560071880950206,1.6987467583661953,32.99999943708069
5.73652,6.42405,52.79758,4718.05609,0.7267,53.09702,4.496344520600269,1.675006639868078,32.99999943708069
5.77439,6.47478,52.88519,4715.38114,0.69203,53.1476,4.436249450234139,1.6526196449602302,32.99999943708069
5.81219,6.52552,52.9684,4712.74767,0.65638,53.19766,4.3797342331978895,1.6315662396093729,32.99999943708069
5.84992,6.57626,53.04711,4710.15392,0.61981,53.24726,4.326746969947043,1.611827089869629,32.99999943708069
5.8876,6.62702,53.12122,4707.59817,0.58237,53.29641,4.27723675518568,1.5933832321788695,32.99999943708069
5.9252,6.67778,53.19063,4705.07869,0.54411,53.34517,4.231154086162463,1.5762162254597258,32.99999943708069
5.96275,6.72855,53.25524,4702.5938,0.50509,53.39354,4.188451226010886,1.5603082864733908,32.99999943708069
6.00023,6.77933,53.31497,4700.14179,0.46535,53.44158,4.149082525844402,1.5456424098085322,32.99999943708069
6.03765,6.83012,53.36973,4697.721,0.42496,53.48932,4.1130047091080435,1.53220247380975,32.99999943708069
6.07501,6.88091,53.41947,4695.32975,0.38394,53.53677,4.080177121488967,1.51997333367583,32.99999943708069
6.11231,6.93172,53.4641,4692.96638,0.34237,53.58399,4.050561949435121,1.508940902863698,32.99999943708069
6.14955,6.98253,53.50358,4690.62926,0.30029,53.63099,4.024124410110558,1.4990922238517743,32.99999943708069
6.18673,7.03335,53.53784,4688.31672,0.25774,53.67781,4.000832915347679,1.4904155292164916,32.99999943708069
6.22385,7.08419,53.56683,4686.02714,0.21478,53.72448,3.9806592119247126,1.4829002938893536,32.99999943708069
6.26091,7.13503,53.59052,4683.75888,0.17145,53.77103,3.9635785002335977,1.4765372793638405,32.99999943708069
6.29791,7.18588,53.60887,4681.51029,0.1278,53.81749,3.9495695331582765,1.4713185705301761,32.99999943708069
6.33485,7.23674,53.62184,4679.27976,0.08387,53.86389,3.938614696733115,1.4672376057227097,32.99999943708069
6.37173,7.2876,53.62941,4677.06563,0.03973,53.91027,3.9307000739061553,1.4642892004734076,32.99999943708069
6.40856,7.33848,53.63156,4674.86625,-0.0046,53.95664,3.9258154924859916,1.4624695653733242,32.99999943708069
6.44533,7.38937,53.62828,4672.67999,-0.04905,54.00305,3.9239545581112356,1.4617763183545978,32.99999943708069
6.48203,7.44027,53.61956,4670.50517,-0.09359,54.04952,3.9251146728442574,1.4622084916171039,32.99999943708069
6.51869,7.49118,53.60539,4668.34013,-0.13817,54.09608,3.9292970397564972,1.4637665333366097,32.99999943708069
6.55528,7.5421,53.58579,4666.18318,-0.18274,54.14277,3.936506653624835,1.466452304198923,32.99999943708069
6.59181,7.59302,53.56075,4664.03261,-0.22725,54.18961,3.9467522776549764,1.470269068728743,32.99999943708069
6.62829,7.64396,53.5303,4661.8867,-0.27166,54.23663,3.9600464058778186,1.4752214812813174,32.99999943708069
6.66471,7.69491,53.49445,4659.74372,-0.31592,54.28386,3.976405210655786,1.4813155664871689,32.99999943708069
6.70107,7.74587,53.45323,4657.60191,-0.35997,54.33135,3.995848474510528,1.4885586938561215,32.99999943708069
6.73737,7.79685,53.40667,4655.45947,-0.40379,54.3791,4.018399505225013,1.4969595461505958,32.99999943708069
6.77361,7.84783,53.35482,4653.3146,-0.4473,54.42717,4.044085032954792,1.5065280810568467,32.99999943708069
6.80979,7.89882,53.2977,4651.16546,-0.49048,54.47557,4.0729350878650745,1.5172754856015571,32.99999943708069
6.84592,7.94983,53.23539,4649.01017,-0.53326,54.52435,4.104982856544016,1.5292141226620055,32.99999943708069
6.88198,8.00084,53.16792,4646.84684,-0.57559,54.57353,4.14026451523826,1.5423574688419217,32.99999943708069
6.91798,8.05187,53.09536,4644.67352,-0.61744,54.62315,4.178819037719488,1.556720042896718,32.99999943708069
6.95393,8.10291,53.01779,4642.48825,-0.65874,54.67324,4.2206879753679525,1.572317323808822,32.99999943708069
6.98981,8.15396,52.93527,4640.28903,-0.69944,54.72384,4.265915206837715,1.5891656575313873,32.99999943708069
7.02563,8.20502,52.84788,4638.0738,-0.73949,54.77498,4.314546654471551,1.6072821513453883,32.99999943708069
7.06138,8.2561,52.75572,4635.84047,-0.77885,54.82669,4.366629964434203,1.626684554700838,32.99999943708069
7.09708,8.30719,52.65887,4633.58693,-0.81745,54.87901,4.422214147362471,1.6473911253494897,32.99999943708069
7.13271,8.35829,52.55743,4631.31101,-0.85523,54.93199,4.481349176186436,1.6694204795226681,32.99999943708069
7.16827,8.4094,52.45152,4629.01049,-0.89215,54.98564,4.544085537659206,1.6927914248642908,32.99999943708069
7.20377,8.46052,52.34125,4626.68312,-0.92815,55.04002,4.610473734049041,1.7175227747980792,32.99999943708069
7.23921,8.51166,52.22673,4624.32662,-0.96317,55.09515,4.680563731430965,1.7436331430016676,32.99999943708069
7.27457,8.56281,52.10809,4621.93864,-0.99716,55.15109,4.754404351053406,1.7711407166746587,32.99999943708069
7.30989,8.61396,51.98634,4619.5151,-1.01567,55.15929,4.8314482557281755,1.7998415983131442,0
7.34519,8.66509,51.86249,4617.0523,-1.03281,55.16754,4.9111002296672375,1.8295140543750112,0
7.38046,8.7162,51.73673,4614.54843,-1.04853,55.17583,4.993321114912753,1.8601434974906568,0
7.4157,8.7673,51.60922,4612.00172,-1.06278,55.18415,5.078064577971722,1.8917126672148306,0
7.45091,8.81837,51.48016,4609.41038,-1.07551,55.19251,5.165274743759956,1.92420074860851,0
7.4861,8.86943,51.34973,4606.77268,-1.08669,55.20091,5.25488543752945,1.957583089836902,0
7.52127,8.92047,51.21812,4604.08688,-1.09625,55.20935,5.34681943006806,1.9918309209864589,0
7.5564,8.97149,51.08554,4601.35131,-1.10418,55.21782,5.440987694906753,2.0269110773550394,0
7.59151,9.02249,50.95218,4598.56431,-1.11041,55.22633,5.537288687344845,2.0627857308698365,0
7.62659,9.07347,50.81826,4595.72431,-1.11491,55.23488,5.63560765621404,2.099412133701374,0
7.66164,9.12442,50.68399,4592.82976,-1.11765,55.24346,5.735816000419859,2.1367423785582615,0
7.69666,9.17536,50.54958,4589.8792,-1.11859,55.25208,5.837770683265124,2.174723180507278,0
7.73165,9.22627,50.41525,4586.87123,-1.1177,55.26074,5.941313718536852,2.213295685527219,0
7.76661,9.27716,50.28124,4583.80456,-1.11494,55.26943,6.046271743094915,2.2523953112869295,0
7.80154,9.32802,50.14775,4580.67795,-1.1103,55.27815,6.152455691308504,2.291951625864315,0
7.83644,9.37887,50.01503,4577.49032,-1.10376,55.28691,6.259660587088564,2.3318882702729584,0
7.87131,9.42968,49.8833,4574.24065,-1.09528,55.2957,6.367665469369284,2.372122930702009,0
7.90614,9.48047,49.7528,4570.92809,-1.08487,55.30453,6.476233466677336,2.41256736629519,0
7.94095,9.53124,49.62375,4567.55189,-1.0725,55.31339,6.585112035879175,2.453127498090444,0
7.97572,9.58197,49.49639,4564.11146,-1.05818,55.32228,6.694033379224289,2.493703564379524,0
8.01046,9.63268,49.37096,4560.60635,-1.04191,55.3312,6.802715052391874,2.534190347221372,0
8.04516,9.68337,49.24768,4557.0363,-1.02369,55.34016,6.910860774390364,2.574477474151008,0
8.07983,9.73402,49.12679,4553.40119,-1.00353,55.34915,7.018161447824717,2.6144497982559374,0
8.11446,9.78464,49.00851,4549.70109,-0.98146,55.35816,7.124296395213419,2.653987858736764,0
8.14906,9.83524,48.89307,4545.93628,-0.95749,55.36721,7.2289348137815725,2.6929684228558926,0
8.18363,9.8858,48.78069,4542.10719,-0.93165,55.37629,7.331737447438208,2.7312651087930724,0
8.21815,9.93633,48.67158,4538.21448,-0.90398,55.3854,7.432358470553471,2.768749087401964,0
0.05027,0.05027,51.32499,5311.22059,-0.46342,45.0001,7.009226878880036,2.611121436241387,0
0.10051,0.10051,51.26316,5307.40194,-0.42606,45.00025,7.060279763704672,2.6301399791208078,0
0.15071,0.15071,51.20662,5303.54662,-0.38799,45.00045,7.1063159741199255,2.647289678786086,0
0.20088,0.20088,51.15544,5299.65731,-0.34931,45.0007,7.147154854668619,2.6625032363260916,0
0.25101,0.25101,51.10971,5295.73682,-0.31009,45.001,7.182637635379767,2.6757215057491432,0
0.3011,0.30111,51.06948,5291.78804,-0.27043,45.00135,7.212628927044525,2.6868940510126413,0
0.35116,0.35117,51.0348,5287.81399,-0.23041,45.00174,7.237018001305005,2.695979622889835,0
0.40117,0.40119,51.0057,5283.81773,-0.19012,45.00219,7.2557198341343785,2.702946547693614,0
0.45115,0.45117,50.9822,5279.80241,-0.14966,45.00268,7.268675895163786,2.7077730213215503,0
0.50109,0.50112,50.96432,5275.77122,-0.10912,45.00322,7.275854669741392,2.7104473037366352,0
0.551,0.55103,50.95206,5271.72737,-0.0686,45.0038,7.277251905357434,2.7109678107670923,0
0.60086,0.60091,50.94538,5267.67411,-0.02818,45.00444,7.272890578993573,2.709343101943152,0
0.65069,0.65074,50.94427,5263.61468,0.01204,45.00512,7.262820586998566,2.705591764967576,0
0.70047,0.70054,50.94868,5259.55232,0.05195,45.00585,7.247118164076683,2.699742199273562,0
0.75022,0.7503,50.95856,5255.49023,0.09149,45.00663,7.225885042694158,2.691832302881524,0
0.79993,0.80003,50.97383,5251.43158,0.13054,45.00745,7.199247368676365,2.6819090684305107,0
0.84959,0.84971,50.99442,5247.37947,0.16904,45.00833,7.167354392758628,2.6700280957464537,0
0.89922,0.89936,51.02024,5243.33696,0.20688,45.00925,7.130376961287533,2.6562530295886937,0
0.94881,0.94898,51.05118,5239.30701,0.24399,45.01021,7.088505832128566,2.6406549322812656,0
0.99836,0.99855,51.08714,5235.29248,0.28029,45.01123,7.041949843984525,2.6233116017358387,0
1.04787,1.04809,51.12797,5231.29615,0.31571,45.01229,6.990933968807378,2.6043068459238907,0
1.09736,1.09758,51.17336,5227.32101,0.34723,44.98765,6.9358941346580885,2.5838030595180856,-12.99999978
1.14682,1.14702,51.22296,5223.3698,0.37775,44.96326,6.877269228466244,2.5619637394475068,-12.99999978
1.19627,1.19639,51.27663,5219.4447,0.40722,44.93911,6.81530446472939,2.538880234564471,-12.99999978
1.2457,1.24571,51.3342,5215.54778,0.43557,44.91523,6.750251066001191,2.5146461318802817,-12.99999978
1.29512,1.29497,51.39552,5211.681,0.46277,44.89162,6.682364389236502,2.4893565585794684,-12.99999978
1.34452,1.34418,51.46042,5207.84616,0.48876,44.8683,6.611902175413821,2.4631075299580942,-12.99999978
1.3939,1.39332,51.52874,5204.04493,0.51351,44.84528,6.539122874912691,2.435995325582778,-12.99999978
1.44326,1.44242,51.60028,5200.27886,0.53698,44.82256,6.464284063795579,2.4081158993140237,-12.99999978
1.49261,1.49146,51.67489,5196.54936,0.55914,44.80015,6.387640963690253,2.379564327923458,-12.99999978
1.54194,1.54044,51.75236,5192.8577,0.57996,44.77806,6.309445075434803,2.3504343020906564,-12.99999978
1.59125,1.58937,51.83251,5189.20501,0.59942,44.7563,6.229942934149145,2.320817662634517,-12.99999978
1.64055,1.63825,51.91515,5185.59232,0.61749,44.73487,6.149374990991256,2.2908039839380367,-12.99999978
1.68983,1.68708,52.0001,5182.0205,0.63417,44.71377,6.067974624558671,2.260480205669357,-12.99999978
1.73909,1.73586,52.08716,5178.49031,0.64944,44.69301,5.985967282765794,2.2299303131084858,-12.99999978
1.78834,1.78459,52.17613,5175.00238,0.66329,44.67259,5.9035697541153,2.199235065676718,-12.99999978
1.83757,1.83326,52.26681,5171.55725,0.67571,44.65251,5.82098956552592,2.1684717726116434,-12.99999978
1.88678,1.88189,52.35903,5168.1553,0.68671,44.63278,5.738424502416507,2.137714114185831,-12.99999978
1.93598,1.93047,52.45257,5164.79684,0.69628,44.61339,5.656062245484701,2.1070320063973296,-12.99999978
1.98516,1.97901,52.54725,5161.48208,0.70443,44.59434,5.574080117575705,2.0764915066716214,-12.99999978
2.03432,2.02749,52.64288,5158.2111,0.71117,44.57564,5.492644933238834,2.0461547578174812,-12.99999978
2.08347,2.07593,52.73926,5154.98392,0.7165,44.55727,5.411912942993788,2.0160799672646963,-12.99999978
2.1326,2.12433,52.8362,5151.80046,0.72044,44.53925,5.332029863932413,1.9863214184640257,-12.99999978
2.18172,2.17268,52.93353,5148.66054,0.723,44.52156,5.253130988053083,1.9569295112446112,-12.99999978
2.23082,2.22099,53.03105,5145.56394,0.7242,44.5042,5.175341359724043,1.9279508279237394,-12.99999978
2.2799,2.26925,53.12858,5142.51034,0.72406,44.48717,5.098776013720297,1.899428221981847,-12.99999978
2.32897,2.31748,53.22594,5139.49937,0.7226,44.47047,5.02354026552324,1.8714009262067692,-12.99999978
2.37802,2.36566,53.32297,5136.53059,0.71983,44.45409,4.949730045885039,1.8439046773277787,-12.99999978
2.42706,2.4138,53.41948,5133.60349,0.71579,44.43802,4.877432272039133,1.8169718543012632,-12.99999978
2.47609,2.4619,53.51531,5130.71754,0.7105,44.42226,4.8067252484336,1.7906316275944436,-12.99999978
2.5251,2.50997,53.61029,5127.87214,0.70399,44.4068,4.7376790903175285,1.7649101169824493,-12.99999978
2.57409,2.55799,53.70427,5125.06665,0.69628,44.39165,4.670356164090439,1.739830555590061,-12.99999978
2.62307,2.60598,53.79708,5122.30038,0.6874,44.37678,4.604811538854979,1.7154134581069695,-12.99999978
2.67203,2.65393,53.88858,5119.57262,0.67738,44.36221,4.54109344415769,1.6916767913082582,-12.99999978
2.72098,2.70184,53.97861,5116.88263,0.66625,44.34791,4.479243729469439,1.6686361452229492,-12.99999978
2.76992,2.74972,54.06703,5114.22962,0.65404,44.33388,4.419298321481358,1.6463049034887793,-12.99999978
2.81884,2.79756,54.1537,5111.6128,0.64079,44.32012,4.361287675791741,1.624694411617446,-12.99999978
2.86775,2.84537,54.23848,5109.03132,0.62652,44.30662,4.305237220084429,1.6038141420902248,-12.99999978
2.91664,2.89314,54.32125,5106.48435,0.61127,44.29338,4.2511677862957375,1.5836718553515134,-12.99999978
2.96552,2.94088,54.40188,5103.97101,0.59507,44.28038,4.199096029757629,1.5642737559506956,-12.99999978
3.01439,2.98859,54.48024,5101.49042,0.57796,44.26761,4.149034833630747,1.545624643204088,-12.99999978
3.06324,3.03627,54.55622,5099.04168,0.55996,44.25508,4.1009936973439745,1.5277280558988948,-12.99999978
3.11208,3.08391,54.6297,5096.62389,0.54111,44.24277,4.054979108031852,1.5105864106634184,-12.99999978
3.16091,3.13153,54.70058,5094.23611,0.52144,44.23067,4.010994894291253,1.4942011337507308,-12.99999978
3.20972,3.17911,54.76875,5091.87741,0.50099,44.21879,3.969042561777654,1.4785727860571138,-12.99999978
3.25852,3.22666,54.83412,5089.54685,0.4798,44.2071,3.9291216104137794,1.4637011812906233,-12.99999978
3.30731,3.27419,54.89658,5087.24348,0.45788,44.19561,3.8912298331706903,1.44958549727491,-12.99999978
3.35608,3.32168,54.95605,5084.96635,0.43529,44.18431,3.855363596494951,1.4362243804157149,-12.99999978
3.40484,3.36915,55.01244,5082.71449,0.41204,44.17318,3.821518102661835,1.4236160434343408,-12.99999978
3.45359,3.41658,55.06568,5080.48693,0.38818,44.16223,3.7896876343587573,1.4117583564814185,-12.99999978
3.50233,3.46399,55.11568,5078.2827,0.36374,44.15144,3.759865781961926,1.4006489318034383,-12.99999978
3.55105,3.51138,55.16237,5076.10083,0.33875,44.14081,3.732045653977472,1.3902852021376075,-12.99999978
3.59976,3.55873,55.20569,5073.94032,0.31324,44.13032,3.706220071202786,1.3806644930420584,-12.99999978
3.64846,3.60606,55.24557,5071.8002,0.28725,44.11998,3.682381745169905,1.3717840893707036,-12.99999978
3.69715,3.65336,55.28195,5069.67947,0.26081,44.10977,3.660523441463641,1.3636412961135358,-12.99999978
3.74582,3.70064,55.31478,5067.57714,0.23395,44.09969,3.640638128504557,1.3562334938222043,-12.99999978
3.79448,3.74789,55.34401,5065.49221,0.20671,44.08973,3.62271911237748,1.3495581888371782,-12.99999978
3.84314,3.79512,55.36959,5063.42367,0.17912,44.07988,3.60676015827277,1.3436130585278194,-12.99999978
3.89178,3.84232,55.39149,5061.37051,0.15121,44.07014,3.5927555990772766,1.338395991745369,-12.99999978
3.9404,3.88949,55.40966,5059.33173,0.12301,44.06049,3.5807004316254893,1.3339051246790326,-12.99999978
3.98902,3.93665,55.42406,5057.30629,0.09456,44.05094,3.570590401072319,1.330138872287063,-12.99999978
4.03762,3.98377,55.43469,5055.29318,0.06589,44.04147,3.5624220738107573,1.3270959554605062,-12.99999978
4.08621,4.03088,55.4415,5053.29136,0.03703,44.03207,3.5561928993099223,1.3247754240595,-12.99999978
4.1348,4.07796,55.44448,5051.2998,0.00801,44.02274,3.5519012611912606,1.323176675940504,-12.99999978
4.18336,4.12501,55.44361,5049.31744,-0.02114,44.01347,3.549546517809593,1.3222994720738055,-12.99999978
4.23192,4.17205,55.43889,5047.34323,-0.05038,44.00425,3.5491290325409044,1.3221439478265204,-12.99999978
4.28047,4.21906,55.4303,5045.37611,-0.07967,43.99508,3.5506501939310002,1.322710620468496,-12.99999978
4.329,4.26604,55.41784,5043.415,-0.109,43.98595,3.5541124257841346,1.324000392930591,-12.99999978
4.37753,4.31301,55.40151,5041.45883,-0.13832,43.97685,3.559519187220492,1.3260145538260895,-12.99999978
4.42604,4.35995,55.38133,5039.5065,-0.16761,43.96777,3.5668749626591953,1.3287547737191066,-12.99999978
4.47454,4.40687,55.35729,5037.5569,-0.19683,43.95871,3.576185241631292,1.3322230976043956,-12.99999978
4.52303,4.45376,55.32942,5035.60892,-0.22594,43.94966,3.5874564882550253,1.3364219335360832,-12.99999978
4.57151,4.50064,55.29772,5033.66144,-0.25493,43.9406,3.60069610015237,1.3413540373229986,-12.99999978
4.61998,4.54749,55.26224,5031.71331,-0.28374,43.93154,3.615912356530193,1.3470224931875387,-12.99999978
4.66843,4.59432,55.22298,5029.76338,-0.31236,43.92247,3.6331143550724376,1.3534306902563464,-12.99999978
4.71688,4.64112,55.17999,5027.81048,-0.34074,43.91337,3.6523119372614974,1.3605822947405586,-12.99999978
4.76531,4.6879,55.13329,5025.85344,-0.36885,43.90424,3.673515601682538,1.3684812176393841,-12.99999978
4.81374,4.73467,55.08294,5023.89106,-0.39667,43.89507,3.696736404811699,1.377131577781098,-12.99999978
4.86215,4.7814,55.02896,5021.92212,-0.42415,43.88586,3.721985848760138,1.3865376600047452,-12.99999978
4.91055,4.82812,54.97142,5019.9454,-0.45127,43.87659,3.749275755405635,1.3967038682708512,-12.99999978
4.95894,4.87481,54.91037,5017.95967,-0.47798,43.86726,3.7786181263057346,1.4076346734753815,-12.99999978
5.00731,4.92148,54.84586,5015.96366,-0.50426,43.85786,3.8100249877868664,1.4193345557413628,-12.99999978
5.05568,4.96813,54.77796,5013.95611,-0.53007,43.84838,3.84350822056585,1.4318079409484106,-12.99999978
5.10403,5.01475,54.70673,5011.93573,-0.55538,43.83881,3.8790793732874422,1.4450591312705603,-12.99999978
5.15238,5.06136,54.63224,5009.90122,-0.58014,43.82915,3.916749459356539,1.4590922294909154,-12.99999978
5.20071,5.10793,54.55457,5007.85125,-0.60433,43.81938,3.9565287364807458,1.4739110568754556,-12.99999978
5.24903,5.15449,54.47381,5005.78451,-0.62792,43.8095,3.9984264683819046,1.4895190644043101,-12.99999978
5.29734,5.20102,54.39003,5003.69965,-0.65085,43.7995,4.042450668196079,1.5059192371815011,-12.99999978
5.34564,5.24753,54.30332,5001.59531,-0.67311,43.78936,4.0886078231688945,1.523113991876714,-12.99999978
5.39392,5.29401,54.21379,4999.47012,-0.69465,43.77909,4.136902600354143,1.5411050670902837,-12.99999978
5.4422,5.34047,54.12152,4997.3227,-0.71544,43.76868,4.1873375331621325,1.5598934065842078,-12.99999978
5.49046,5.3869,54.02662,4995.15166,-0.73545,43.7581,4.2399126887569105,1.5794790353788613,-12.99999978
5.53871,5.43331,53.92921,4992.9556,-0.75463,43.74736,4.2946253164886645,1.5998609287848145,-12.99999978
5.58694,5.47969,53.82939,4990.73312,-0.77295,43.73645,4.351469477774425,1.6210368745236587,-12.99999978
5.63517,5.52605,53.72727,4988.48281,-0.79038,43.72536,4.410435658075733,1.6430033281794751,-12.99999978
5.68338,5.57238,53.62299,4986.20325,-0.80687,43.71407,4.471510361925322,1.6657552623356193,-12.99999978
5.73158,5.61868,53.51667,4983.89304,-0.82241,43.70258,4.534675692267887,1.689286009868091,-12.99999978
5.77977,5.66496,53.40843,4981.55076,-0.83695,43.69089,4.599908915731731,1.7135871019977822,-12.99999978
5.82795,5.71121,53.29842,4979.17501,-0.85045,43.67898,4.667182015843217,1.7386481018511037,-12.99999978
5.87611,5.75743,53.18676,4976.76439,-0.86289,43.66684,4.736461236631324,1.7644564344406788,-12.99999978
5.92426,5.80363,53.07362,4974.31752,-0.87422,43.65447,4.807706619518507,1.7909972141449984,-12.99999978
5.9724,5.84979,52.95913,4971.83303,-0.88442,43.64186,4.880871536876969,1.8182530709458604,-12.99999978
6.02052,5.89593,52.84344,4969.30958,-0.89346,43.629,4.955902226163983,1.8462039768815224,-12.99999978
6.06863,5.94204,52.72672,4966.74584,-0.9013,43.61588,5.032737329057619,1.874827074362631,-12.99999978
6.11672,5.98811,52.60911,4964.14051,-0.90792,43.60249,5.111307440579942,1.9040965082087489,-12.99999978
6.16481,6.03416,52.49079,4961.49233,-0.91329,43.58883,5.191534673726296,1.9339832634613128,-12.99999978
6.21288,6.08017,52.37192,4958.80008,-0.91737,43.57489,5.273332245682655,1.9644550112387045,-12.99999978
6.26093,6.12615,52.25267,4956.06259,-0.92014,43.56066,5.356604092194853,1.9954759650786444,-12.99999978
6.30897,6.1721,52.13322,4953.27871,-0.92159,43.54614,5.4412445171969575,2.027006750415542,-12.99999978
6.35699,6.21802,52.01373,4950.44739,-0.92168,43.53132,5.527137885189973,2.0590042899834673,-12.99999978
6.405,6.2639,51.89438,4947.56761,-0.9204,43.51619,5.614158364279235,2.091421708090823,-12.99999978
6.453,6.30975,51.77536,4944.63843,-0.91772,43.50076,5.702169728018865,2.1242082568021847,-12.99999978
6.50098,6.35556,51.65685,4941.65898,-0.91364,43.485,5.7910252244590055,2.1573092671549543,-12.99999978
6.54894,6.40134,51.53904,4938.62848,-0.90814,43.46893,5.880567520777858,2.190666128533337,-12.99999978
6.59689,6.44708,51.42209,4935.54622,-0.90121,43.45254,5.970628731856609,2.224216299313251,-12.99999978
6.64482,6.49278,51.30621,4932.41161,-0.89284,43.43582,6.061030540879913,2.2578933517891815,-12.99999978
6.69274,6.53844,51.19158,4929.22414,-0.88302,43.41877,6.1515844196109235,2.2916270542324275,-12.99999978
6.74064,6.58407,51.07838,4925.98341,-0.87176,43.4014,6.242091955399885,2.3253434927104046,-12.99999978