0.048644,0.047287,54.014419,4758.181636,-0.559989,43.739877,3.206864,1.196024,0.000000
0.097268,0.094555,53.945404,4756.648107,-0.598862,43.740033,3.237636,1.207500,0.000000
0.145870,0.141802,53.871809,4755.106967,-0.637235,43.740246,3.270903,1.219908,0.000000
0.194463,0.189039,53.793701,4753.556801,-0.675077,43.740509,3.306701,1.233259,0.000000
0.243034,0.236267,53.711146,4751.996147,-0.712326,43.740820,3.345070,1.247569,0.000000
0.291596,0.283474,53.624230,4750.423521,-0.748960,43.741189,3.386050,1.262853,0.000000
0.340147,0.330671,53.533029,4748.837432,-0.784907,43.741607,3.429682,1.279126,0.000000
0.388667,0.377848,53.437629,4747.236313,-0.820135,43.742074,3.476011,1.296404,0.000000
0.437187,0.425005,53.338115,4745.618595,-0.854604,43.742599,3.525078,1.314704,0.000000
0.485676,0.472162,53.234583,4743.982673,-0.888249,43.743182,3.576928,1.334042,0.000000
0.534155,0.519288,53.127157,4742.326891,-0.921030,43.743804,3.631606,1.354435,0.000000
0.582613,0.566415,53.015922,4740.649566,-0.952906,43.744484,3.689155,1.375898,0.000000
0.631060,0.613512,52.901002,4738.948979,-0.983812,43.745213,3.749619,1.398448,0.000000
0.679487,0.660598,52.782521,4737.223408,-1.013699,43.746001,3.813040,1.422102,0.000000
0.727894,0.707675,52.660592,4735.471036,-1.042523,43.746836,3.879458,1.446873,0.000000
0.776279,0.754731,52.535370,4733.690075,-1.070233,43.747721,3.948912,1.472776,0.000000
0.824655,0.801767,52.406976,4731.878670,-1.096766,43.748654,4.021436,1.499825,0.000000
0.872999,0.848793,52.275564,4730.034937,-1.122071,43.749646,4.097063,1.528030,0.000000
0.921333,0.895800,52.141286,4728.156994,-1.146094,43.750676,4.175819,1.557403,0.000000
0.969646,0.942796,52.004294,4726.242889,-1.168785,43.751764,4.257728,1.587951,0.000000
1.017939,0.989772,51.864750,4724.290692,-1.190091,43.752902,4.342804,1.619681,0.000000
1.066211,1.036728,51.722845,4722.298412,-1.209949,43.754088,4.431059,1.652596,0.000000
1.114462,1.083663,51.578731,4720.264072,-1.228297,43.755322,4.522492,1.686697,0.000000
1.162693,1.130589,51.432607,4718.185672,-1.245104,43.756615,4.617098,1.721981,0.000000
1.210903,1.177485,51.284655,4716.061205,-1.260287,43.757946,4.714859,1.758442,0.000000
1.259092,1.224370,51.135076,4713.888672,-1.273804,43.759327,4.815747,1.796069,0.000000
1.307261,1.271236,50.984077,4711.666066,-1.285612,43.760755,4.919723,1.834847,0.000000
1.355398,1.318081,50.831860,4709.391397,-1.295630,43.762233,5.026732,1.874757,0.000000
1.403515,1.364916,50.678642,4707.062687,-1.303836,43.763769,5.136707,1.915773,0.000000
1.451612,1.411722,50.524644,4704.678004,-1.310146,43.765334,5.249564,1.957864,0.000000
1.499677,1.458507,50.370094,4702.235426,-1.314541,43.766957,5.365203,2.000993,0.000000
1.547721,1.505272,50.215229,4699.733108,-1.316946,43.768629,5.483506,2.045115,0.000000
1.595735,1.552017,50.060279,4697.169224,-1.317342,43.770339,5.604335,2.090179,0.000000
1.643728,1.598731,49.905500,4694.542042,-1.315665,43.772099,5.727533,2.136126,0.000000
1.691679,1.645436,49.751112,4691.849890,-1.311885,43.773897,5.852921,2.182890,0.000000
1.739621,1.692111,49.597399,4689.091191,-1.305950,43.775753,5.980297,2.230396,0.000000
1.787520,1.738755,49.444592,4686.264480,-1.297848,43.777649,6.109438,2.278561,0.000000
1.835400,1.785389,49.292955,4683.368391,-1.287529,43.779583,6.240098,2.327291,0.000000
1.883248,1.831983,49.142756,4680.401691,-1.274980,43.781566,6.372004,2.376487,0.000000
1.931055,1.878568,48.994262,4677.363289,-1.260183,43.783588,6.504863,2.426037,0.000000
1.978841,1.925112,48.847719,4674.252239,-1.243116,43.785658,6.638356,2.475824,0.000000
2.026586,1.971635,48.703415,4671.067785,-1.223768,43.787767,6.772140,2.525720,0.000000
2.074310,2.018129,48.561595,4667.809335,-1.202139,43.789925,6.905850,2.575588,0.000000
2.121993,2.064603,48.422537,4664.476487,-1.178230,43.792122,7.039099,2.625285,0.000000
2.169634,2.111036,48.286507,4661.069078,-1.152061,43.794357,7.171480,2.674657,0.000000
2.217244,2.157449,48.153752,4657.587119,-1.123643,43.796632,7.302564,2.723546,0.000000
2.264824,2.203822,48.024549,4654.030886,-1.092986,43.798955,7.431910,2.771786,0.000000
2.312362,2.250175,47.899136,4650.400876,-1.060153,43.801307,7.559057,2.819207,0.000000
2.359859,2.296488,47.777779,4646.697855,-1.025164,43.803708,7.683535,2.865632,0.000000
2.407324,2.342771,47.660697,4642.922817,-0.988082,43.806148,7.804867,2.910883,0.000000
2.454749,2.389023,47.548148,4639.077043,-0.948949,43.808616,7.922566,2.954780,0.000000
2.502121,2.435236,47.440351,4635.162082,-0.907847,43.811134,8.036147,2.997141,0.000000
2.549463,2.481418,47.337514,4631.179722,-0.864850,43.813681,8.145126,3.037786,0.000000
2.596732,2.527600,47.238153,4627.135107,-0.849584,43.898769,8.251124,3.077318,37.838832
2.643878,2.573812,47.140734,4623.032234,-0.832913,43.985024,8.355881,3.116388,37.838832
2.690909,2.620055,47.045400,4618.871486,-0.814856,44.072455,8.459125,3.154894,37.838832
2.737827,2.666337,46.952333,4614.653387,-0.795435,44.161033,8.560568,3.192728,37.838832
2.784631,2.712650,46.861656,4610.378647,-0.774681,44.250748,8.659924,3.229783,37.838832
2.831311,2.758993,46.773540,4606.048105,-0.752626,44.341581,8.756900,3.265951,37.838832
2.877868,2.805376,46.688128,4601.662767,-0.729289,44.433512,8.851206,3.301123,37.838832
2.924300,2.851780,46.605545,4597.223798,-0.704724,44.526503,8.942550,3.335191,37.838832
2.970608,2.898233,46.525951,4592.732537,-0.678972,44.620534,9.030646,3.368047,37.838832
3.016792,2.944707,46.449452,4588.190457,-0.652085,44.715575,9.115211,3.399586,37.838832
3.062852,2.991220,46.376181,4583.599193,-0.624104,44.811589,9.195968,3.429705,37.838832
3.108777,3.037764,46.306252,4578.960552,-0.595082,44.908536,9.272651,3.458304,37.838832
3.154579,3.084338,46.239770,4574.276474,-0.565091,45.006387,9.345002,3.485288,37.838832
3.200246,3.130953,46.176849,4569.549035,-0.534195,45.105083,9.412777,3.510565,37.838832
3.245789,3.177597,46.117575,4564.780463,-0.502455,45.204586,9.475746,3.534050,37.838832
3.291187,3.224272,46.062024,4559.973119,-0.469934,45.304847,9.533695,3.555663,37.838832
3.336462,3.270986,46.010291,4555.129479,-0.436715,45.405818,9.586429,3.575330,37.838832
3.381591,3.317731,45.962444,4550.252135,-0.402872,45.507450,9.633770,3.592986,37.838832
3.426597,3.364506,45.918519,4545.343774,-0.368487,45.609685,9.675563,3.608573,37.838832
3.471458,3.411311,45.878584,4540.407206,-0.333634,45.712463,9.711675,3.622042,37.838832
3.516184,3.458157,45.842677,4535.445281,-0.298405,45.815728,9.741994,3.633350,37.838832
3.560766,3.505022,45.810826,4530.460953,-0.262875,45.919420,9.766436,3.642465,37.838832
3.605214,3.551928,45.783051,4525.457226,-0.227126,46.023492,9.784939,3.649366,37.838832
3.649527,3.598864,45.759360,4520.437138,-0.191262,46.127875,9.797468,3.654039,37.838832
3.693695,3.645830,45.739754,4515.403761,-0.155357,46.232500,9.804011,3.656479,37.838832
3.737729,3.692826,45.724224,4510.360209,-0.119504,46.337320,9.804584,3.656693,37.838832
3.781618,3.739862,45.712760,4505.309573,-0.083786,46.442266,9.799228,3.654695,37.838832
3.825363,3.786918,45.705314,4500.254940,-0.048297,46.547281,9.788009,3.650511,37.838832
3.868973,3.834005,45.701857,4495.199408,-0.013121,46.652305,9.771016,3.644173,37.838832
3.912449,3.881122,45.702343,4490.145999,0.021670,46.757271,9.748362,3.635724,37.838832
3.955780,3.928268,45.706713,4485.097724,0.055972,46.862129,9.720184,3.625215,37.838832
3.998966,3.975435,45.714893,4480.057510,0.089722,46.966823,9.686639,3.612704,37.838832
4.042018,4.022642,45.726814,4475.028253,0.122836,47.071293,9.647902,3.598257,37.838832
4.084925,4.069870,45.742392,4470.012717,0.155232,47.175481,9.604168,3.581946,37.838832
4.127698,4.117127,45.761521,4465.013636,0.186836,47.279339,9.555650,3.563851,37.838832
4.170337,4.164415,45.784127,4460.033611,0.217587,47.382827,9.502572,3.544055,37.838832
4.212831,4.211722,45.810083,4455.075138,0.247401,47.485878,9.445175,3.522649,37.838832
4.255190,4.259060,45.839278,4450.140626,0.276235,47.588462,9.383709,3.499724,37.838832
4.297415,4.306418,45.871595,4445.232351,0.304018,47.690532,9.318434,3.475379,37.838832
4.339506,4.353806,45.906902,4440.352463,0.330697,47.792037,9.249617,3.449714,37.838832
4.381462,4.401214,45.945076,4435.502982,0.356220,47.892959,9.177531,3.422829,37.838832
4.423274,4.448652,45.985972,4430.685808,0.380535,47.993250,9.102455,3.394829,37.838832
4.464961,4.496110,46.029459,4425.902712,0.403601,48.092879,9.024668,3.365817,37.838832
4.506514,4.543599,46.075374,4421.155309,0.425375,48.191819,8.944449,3.335899,37.838832
4.547943,4.591097,46.123574,4416.445090,0.445817,48.290049,8.862078,3.305178,37.838832
4.589238,4.638626,46.173906,4411.773414,0.464904,48.387530,8.777833,3.273758,37.838832
4.630399,4.686175,46.226220,4407.141503,0.482607,48.484253,8.691985,3.241741,37.838832
4.671435,4.733744,46.280362,4402.550431,0.498904,48.580199,8.604805,3.209226,37.838832
4.712347,4.781343,46.336150,4398.001160,0.513764,48.675357,8.516554,3.176312,37.838832
4.753125,4.828952,46.393444,4393.494515,0.527176,48.769699,8.427488,3.143095,37.838832
4.793789,4.876591,46.452070,4389.031184,0.539131,48.863224,8.337854,3.109665,37.838832
4.834330,4.924240,46.511878,4384.611740,0.549627,48.955933,8.247892,3.076113,37.838832
4.874735,4.971919,46.572694,4380.236632,0.558645,49.047816,8.157832,3.042524,37.838832
4.915038,5.019609,46.634349,4375.906196,0.566185,49.138863,8.067894,3.008981,37.838832
4.955206,5.067318,46.696698,4371.620670,0.572266,49.229083,7.978288,2.975562,37.838832
4.995260,5.115048,46.759562,4367.380149,0.576869,49.318468,7.889215,2.942342,37.838832
5.035201,5.162798,46.822797,4363.184674,0.580024,49.407036,7.800864,2.909391,37.838832
5.075028,5.210567,46.886232,4359.034137,0.581721,49.494778,7.713415,2.876776,37.838832
5.114731,5.258357,46.949715,4354.928367,0.581992,49.581713,7.627035,2.844560,37.838832
5.154320,5.306157,47.013093,4350.867115,0.580847,49.667852,7.541884,2.812802,37.838832
5.193806,5.353977,47.076204,4346.850027,0.578295,49.753193,7.458108,2.781557,37.838832
5.233178,5.401818,47.138915,4342.876665,0.574370,49.837766,7.375846,2.750877,37.838832
5.272437,5.449668,47.201065,4338.946549,0.569090,49.921581,7.295226,2.720809,37.838832
5.311581,5.497538,47.262510,4335.059106,0.562478,50.004648,7.216364,2.691397,37.838832
5.350623,5.545428,47.323107,4331.213686,0.554553,50.086986,7.139372,2.662682,37.838832
5.389561,5.593329,47.382734,4327.409609,0.545368,50.168614,7.064348,2.634701,37.838832
5.428395,5.641249,47.441236,4323.646131,0.534924,50.249552,6.991385,2.607489,37.838832
5.467116,5.689180,47.498501,4319.922438,0.523271,50.329829,6.920567,2.581077,37.838832
5.505734,5.737131,47.554385,4316.237679,0.510432,50.409455,6.851968,2.555493,37.838832
5.544258,5.785101,47.608774,4312.590966,0.496446,50.488449,6.785659,2.530762,37.838832
5.582669,5.833082,47.661554,4308.981351,0.481358,50.566850,6.721701,2.506909,37.838832
5.620987,5.881073,47.712592,4305.407850,0.465175,50.644678,6.660151,2.483953,37.838832
5.659202,5.929084,47.761801,4301.869468,0.447962,50.721951,6.601058,2.461914,37.838832
5.697313,5.977115,47.809059,4298.365154,0.429738,50.798700,6.544467,2.440808,37.838832
5.735331,6.025156,47.854259,4294.893817,0.410557,50.874943,6.490417,2.420650,37.838832
5.773245,6.073218,47.897317,4291.454368,0.390449,50.950710,6.438945,2.401452,37.838832
5.811067,6.121279,47.938128,4288.045659,0.369445,51.026040,6.390080,2.383228,37.838832
5.848796,6.169370,47.976616,4284.666553,0.347608,51.100942,6.343849,2.365986,37.838832
5.886421,6.217472,48.012685,4281.315863,0.324959,51.175445,6.300277,2.349735,37.838832
5.923953,6.265583,48.046250,4277.992385,0.301540,51.249589,6.259383,2.334484,37.838832
5.961392,6.313715,48.077253,4274.694905,0.277401,51.323402,6.221186,2.320238,37.838832
5.998739,6.361856,48.105609,4271.422189,0.252586,51.396905,6.185701,2.307003,37.838832
6.035992,6.410008,48.131252,4268.172976,0.227126,51.470125,6.152940,2.294785,37.838832
6.073152,6.458180,48.154133,4264.946002,0.201061,51.543093,6.122916,2.283587,37.838832
6.110209,6.506361,48.174177,4261.739978,0.174455,51.615846,6.095638,2.273414,37.838832
6.147183,6.554563,48.191345,4258.553612,0.147328,51.688406,6.071114,2.264267,37.838832
6.184074,6.602775,48.205580,4255.385575,0.119722,51.760800,6.049351,2.256151,37.838832
6.220862,6.651007,48.216835,4252.234558,0.091700,51.833058,6.030355,2.249066,37.838832
6.257557,6.699249,48.225090,4249.099221,0.063292,51.905219,6.014131,2.243015,37.838832
6.294169,6.747501,48.230289,4245.978199,0.034541,51.977312,6.000684,2.238000,37.838832
6.330688,6.795774,48.232422,4242.870132,0.005488,52.049347,5.990018,2.234022,37.838832
6.367115,6.844056,48.231451,4239.773644,-0.023815,52.121381,5.982136,2.231082,37.838832
6.403448,6.892348,48.227357,4236.687358,-0.053337,52.193435,5.977040,2.229182,37.838832
6.439729,6.940641,48.221377,4233.607315,-0.059471,52.199811,5.973626,2.227908,0.000000
6.475970,6.988903,48.214750,4230.530333,-0.065781,52.206227,5.970794,2.226852,0.000000
6.512179,7.037145,48.207446,4227.456152,-0.072227,52.212671,5.968556,2.226017,0.000000
6.548357,7.085347,48.199448,4224.384485,-0.078829,52.219154,5.966923,2.225409,0.000000
6.584504,7.133529,48.190764,4221.315056,-0.085546,52.225666,5.965906,2.225029,0.000000
6.620620,7.181680,48.181366,4218.247568,-0.092387,52.232218,5.965515,2.224883,0.000000
6.656705,7.229802,48.171244,4215.181725,-0.099333,52.238798,5.965757,2.224973,0.000000
6.692759,7.277903,48.160398,4212.117201,-0.106362,52.245417,5.966639,2.225303,0.000000
6.728782,7.325974,48.148810,4209.053710,-0.113474,52.252066,5.968169,2.225873,0.000000
6.764764,7.374016,48.136479,4205.990916,-0.120660,52.258743,5.970352,2.226687,0.000000
6.800725,7.422027,48.123396,4202.928496,-0.127886,52.265460,5.973191,2.227746,0.000000
6.836645,7.470017,48.109561,4199.866114,-0.135165,52.272206,5.976691,2.229051,0.000000
6.872534,7.517978,48.094973,4196.803454,-0.142465,52.278990,5.980853,2.230604,0.000000
6.908391,7.565909,48.079624,4193.740154,-0.149775,52.285804,5.985679,2.232404,0.000000
6.944218,7.613819,48.063522,4190.675898,-0.157096,52.292647,5.991169,2.234451,0.000000
6.980014,7.661700,48.046659,4187.610312,-0.164396,52.299528,5.997323,2.236747,0.000000
7.015778,7.709550,48.029053,4184.543073,-0.171675,52.306439,6.004139,2.239288,0.000000
7.051512,7.757380,48.010695,4181.473816,-0.178912,52.313389,6.011614,2.242076,0.000000
7.087204,7.805170,47.991594,4178.402197,-0.186097,52.320368,6.019744,2.245108,0.000000
7.122876,7.852940,47.971760,4175.327873,-0.193220,52.327376,6.028524,2.248383,0.000000
7.158506,7.900689,47.951202,4172.250470,-0.200259,52.334423,6.037949,2.251898,0.000000
7.194116,7.948399,47.929920,4169.169662,-0.207215,52.341499,6.048012,2.255651,0.000000
7.229684,7.996088,47.907944,4166.085078,-0.214067,52.348604,6.058705,2.259639,0.000000
7.265221,8.043758,47.885272,4162.996383,-0.220805,52.355749,6.070019,2.263859,0.000000
7.300717,8.091387,47.861915,4159.903222,-0.227417,52.362922,6.081944,2.268306,0.000000
7.336193,8.138996,47.837900,4156.805243,-0.233894,52.370124,6.094468,2.272977,0.000000
7.371637,8.186575,47.813239,4153.702129,-0.240205,52.377366,6.107581,2.277868,0.000000
7.407040,8.234134,47.787948,4150.593517,-0.246359,52.384636,6.121268,2.282973,0.000000
7.442412,8.281652,47.762049,4147.479091,-0.252347,52.391936,6.135516,2.288287,0.000000
7.477753,8.329151,47.735549,4144.358518,-0.258137,52.399265,6.150310,2.293804,0.000000
7.513062,8.376629,47.708479,4141.231471,-0.263739,52.406632,6.165632,2.299519,0.000000
7.548331,8.424067,47.680865,4138.097636,-0.269123,52.414029,6.181467,2.305424,0.000000
7.583579,8.471485,47.652728,4134.956697,-0.274298,52.421455,6.197796,2.311514,0.000000
7.618785,8.518873,47.624086,4131.808366,-0.279245,52.428911,6.214600,2.317781,0.000000
7.653961,8.566231,47.594958,4128.652339,-0.283951,52.436405,6.231858,2.324218,0.000000
7.689105,8.613559,47.565393,4125.488328,-0.288408,52.443928,6.249549,2.330816,0.000000
7.724219,8.660866,47.535389,4122.316065,-0.292626,52.451480,6.267652,2.337568,0.000000
7.759291,8.708144,47.504995,4119.135273,-0.296562,52.459062,6.286142,2.344464,0.000000
7.794332,8.755391,47.474230,4115.945704,-0.300238,52.466682,6.304997,2.351496,0.000000
7.829342,8.802618,47.443122,4112.747109,-0.303633,52.474322,6.324191,2.358654,0.000000
7.864311,8.849805,47.411709,4109.539249,-0.306746,52.482001,6.343698,2.365930,0.000000
7.899259,8.896972,47.380010,4106.321903,-0.309568,52.489709,6.363492,2.373312,0.000000
7.934166,8.944109,47.348064,4103.094872,-0.312099,52.497446,6.383545,2.380791,0.000000
7.969031,8.991216,47.315899,4099.857955,-0.314317,52.505212,6.403830,2.388356,0.000000
8.003876,9.038292,47.283553,4096.610959,-0.316233,52.513017,6.424317,2.395997,0.000000
8.038679,9.085349,47.251045,4093.353724,-0.317837,52.520842,6.444976,2.403702,0.000000
8.073451,9.132375,47.218414,4090.086085,-0.319138,52.528696,6.465778,2.411460,0.000000
8.108182,9.179361,47.185696,4086.807919,-0.320107,52.536588,6.486692,2.419260,0.000000
8.142893,9.226327,47.152922,4083.519102,-0.320763,52.544510,6.507686,2.427090,0.000000
8.177551,9.273263,47.120119,4080.219509,-0.321106,52.552451,6.528729,2.434938,0.000000
8.212189,9.320168,47.087325,4076.909063,-0.321117,52.560431,6.549788,2.442792,0.000000
8.246786,9.367044,47.054570,4073.587689,-0.320815,52.568440,6.570831,2.450640,0.000000
8.281352,9.413899,47.021900,4070.255319,-0.320190,52.576469,6.591825,2.458470,0.000000
8.315876,9.460714,46.989326,4066.911925,-0.319242,52.584537,6.612736,2.466269,0.000000
8.350369,9.507500,46.956894,4063.557477,-0.317972,52.592633,6.633533,2.474026,0.000000
8.384821,9.554265,46.924634,4060.191977,-0.316399,52.600750,6.654181,2.481726,0.000000
8.419242,9.600989,46.892583,4056.815423,-0.314504,52.608905,6.674647,2.489359,0.000000
8.453632,9.647694,46.860761,4053.427855,-0.312297,52.617079,6.694899,2.496912,0.000000
8.487981,9.694369,46.829205,4050.029319,-0.309797,52.625292,6.714903,2.504373,0.000000
8.522298,9.741003,46.797945,4046.619884,-0.306986,52.633525,6.734626,2.511729,0.000000
8.556574,9.787617,46.767008,4043.199624,-0.303893,52.641797,6.754038,2.518969,0.000000
8.590819,9.834191,46.736433,4039.768656,-0.300498,52.650088,6.773105,2.526080,0.000000
8.625023,9.880745,46.706230,4036.327104,-0.296833,52.658408,6.791796,2.533051,0.000000
8.659196,9.927259,46.676445,4032.875081,-0.292897,52.666758,6.810082,2.539871,0.000000
8.693338,9.973753,46.647089,4029.412771,-0.288700,52.675136,6.827932,2.546528,0.000000
8.727428,10.020206,46.618199,4025.940325,-0.284243,52.683544,6.845317,2.553012,0.000000
8.761498,10.066629,46.589805,4022.457945,-0.279536,52.691971,6.862209,2.559312,0.000000
8.795515,10.113023,46.561906,4018.965841,-0.274600,52.700428,6.878581,2.565418,0.000000
8.829513,10.159396,46.534549,4015.464213,-0.269446,52.708923,6.894408,2.571321,0.000000
8.863458,10.205729,46.507736,4011.953330,-0.264072,52.717438,6.909664,2.577011,0.000000
8.897372,10.252021,46.481503,4008.433421,-0.258491,52.725972,6.924325,2.582479,0.000000
8.931256,10.298294,46.455860,4004.904773,-0.252732,52.734545,6.938370,2.587717,0.000000
8.965098,10.344536,46.430827,4001.367654,-0.246797,52.743137,6.951778,2.592718,0.000000
8.998899,10.390739,46.406422,3997.822359,-0.240694,52.751759,6.964529,2.597473,0.000000
9.032668,10.436921,46.382646,3994.269205,-0.234446,52.760410,6.976606,2.601977,0.000000
9.066397,10.483063,46.359536,3990.708506,-0.228053,52.769089,6.987993,2.606224,0.000000
9.100094,10.529175,46.337084,3987.140599,-0.221555,52.777789,6.998675,2.610208,0.000000
9.133750,10.575256,46.315307,3983.565826,-0.214942,52.786517,7.008640,2.613925,0.000000
9.167365,10.621308,46.294206,3979.984532,-0.208236,52.795275,7.017876,2.617369,0.000000
9.200948,10.667319,46.273810,3976.397081,-0.201457,52.804052,7.026374,2.620539,0.000000
9.234491,10.713311,46.254100,3972.803845,-0.194615,52.812858,7.034128,2.623430,0.000000
9.268002,10.759262,46.235094,3969.205187,-0.187732,52.821694,7.041131,2.626042,0.000000
9.301461,10.805183,46.216784,3965.601501,-0.180818,52.830549,7.047380,2.628373,0.000000
9.334900,10.851063,46.199187,3961.993157,-0.173893,52.839433,7.052873,2.630422,0.000000
9.368288,10.896924,46.182286,3958.380559,-0.166968,52.848346,7.057612,2.632189,0.000000
9.401644,10.942744,46.166089,3954.764098,-0.160064,52.857279,7.061597,2.633675,0.000000
9.434959,10.988535,46.150587,3951.144167,-0.153191,52.866250,7.064833,2.634882,0.000000
9.468243,11.034295,46.135781,3947.521156,-0.146370,52.875231,7.067326,2.635812,0.000000
9.501475,11.080025,46.121650,3943.895469,-0.139612,52.884242,7.069083,2.636467,0.000000
9.534686,11.125715,46.108205,3940.267505,-0.132937,52.893281,7.070115,2.636852,0.000000
9.567846,11.171374,46.095417,3936.637649,-0.126356,52.902350,7.070432,2.636970,0.000000
9.600975,11.217004,46.083296,3933.006281,-0.119879,52.911438,7.070048,2.636827,0.000000
9.634063,11.262603,46.071812,3929.373815,-0.113537,52.920555,7.068977,2.636428,0.000000
9.667109,11.308162,46.060948,3925.740611,-0.107330,52.929692,7.067236,2.635779,0.000000
9.700124,11.353691,46.050702,3922.107055,-0.101280,52.938858,7.064844,2.634886,0.000000
9.733098,11.399190,46.041057,3918.473507,-0.095397,52.948043,7.061820,2.633758,0.000000
9.766040,11.444659,46.031982,3914.840343,-0.089690,52.957258,7.058184,2.632402,0.000000
9.798932,11.490098,46.023460,3911.207914,-0.084182,52.966502,7.053959,2.630827,0.000000
9.831792,11.535496,46.015481,3907.576556,-0.078881,52.975765,7.049170,2.629041,0.000000
9.864621,11.580864,46.008025,3903.946614,-0.073799,52.985057,7.043841,2.627053,0.000000
9.897398,11.626202,46.001055,3900.318411,-0.068947,52.994369,7.037997,2.624874,0.000000
9.930145,11.671500,45.994551,3896.692255,-0.064334,53.003710,7.031667,2.622513,0.000000
9.962850,11.716778,45.988486,3893.068461,-0.059971,53.013070,7.024879,2.619981,0.000000
9.995524,11.762016,45.982849,3889.447295,-0.055868,53.022459,7.017662,2.617289,0.000000
10.028156,11.807223,45.977602,3885.829056,-0.052036,53.031878,7.010045,2.614448,0.000000
10.060748,11.852391,45.972708,3882.214001,-0.048485,53.041316,7.002059,2.611470,0.000000
10.093308,11.897538,45.968166,3878.602368,-0.045225,53.050774,6.993735,2.608366,0.000000
10.125817,11.942645,45.963919,3874.994408,-0.042247,53.060260,6.985106,2.605147,0.000000
10.158294,11.987722,45.959958,3871.390319,-0.039571,53.069776,6.976202,2.601827,0.000000
10.190741,12.032768,45.956235,3867.790323,-0.037207,53.079311,6.967058,2.598416,0.000000
10.223146,12.077785,45.952741,3864.194611,-0.035145,53.088866,6.957705,2.594928,0.000000
10.255510,12.122761,45.949427,3860.603335,-0.033406,53.098460,6.948177,2.591375,0.000000
10.287833,12.167708,45.946275,3857.016658,-0.031979,53.108063,6.938507,2.587768,0.000000
10.320124,12.212624,45.943238,3853.434733,-0.030886,53.117695,6.928727,2.584121,0.000000
10.352374,12.257510,45.940305,3849.857666,-0.030105,53.127357,6.918872,2.580445,0.000000
10.384594,12.302365,45.937429,3846.285570,-0.029657,53.137038,6.908973,2.576753,0.000000
10.416803,12.347161,45.933059,3842.721936,-0.061095,53.061174,6.900624,2.573639,-38.861503
10.449042,12.391876,45.925660,3839.169165,-0.092804,52.985339,6.895400,2.571691,-38.861503
10.481324,12.436521,45.915215,3835.625687,-0.124721,52.909484,6.893306,2.570910,-38.861503
10.513626,12.481075,45.901703,3832.089915,-0.156804,52.833581,6.894347,2.571298,-38.861503
10.545969,12.525549,45.885126,3828.560273,-0.189002,52.757591,6.898527,2.572857,-38.861503
10.578333,12.569943,45.865472,3825.035143,-0.221253,52.681454,6.905847,2.575587,-38.861503
10.610738,12.614266,45.842753,3821.512920,-0.253513,52.605162,6.916308,2.579489,-38.861503
10.643164,12.658499,45.816968,3817.991959,-0.285711,52.528657,6.929912,2.584562,-38.861503
10.675631,12.702651,45.788135,3814.470616,-0.317805,52.451898,6.946656,2.590807,-38.861503
10.708130,12.746723,45.756275,3810.947246,-0.349743,52.374848,6.966538,2.598223,-38.861503
10.740659,12.790725,45.721396,3807.420175,-0.381473,52.297468,6.989556,2.606807,-38.861503
10.773219,12.834636,45.683556,3803.887722,-0.412931,52.219728,7.015703,2.616559,-38.861503
10.805811,12.878467,45.642764,3800.348212,-0.444067,52.141569,7.044974,2.627476,-38.861503
10.838433,12.922217,45.599058,3796.799943,-0.474839,52.062964,7.077359,2.639554,-38.861503
10.871086,12.965887,45.552506,3793.241205,-0.505173,51.983863,7.112847,2.652789,-38.861503
10.903781,13.009467,45.503125,3789.670305,-0.535028,51.904237,7.151426,2.667178,-38.861503
10.936496,13.052976,45.450993,3786.085521,-0.564342,51.824038,7.193080,2.682713,-38.861503
10.969253,13.096395,45.396165,3782.485133,-0.593072,51.743226,7.237791,2.699388,-38.861503
11.002041,13.139724,45.338691,3778.867420,-0.621167,51.661763,7.285538,2.717196,-38.861503
11.034859,13.182982,45.278646,3775.230669,-0.648565,51.579610,7.336295,2.736126,-38.861503
11.067709,13.226140,45.216115,3771.573161,-0.675213,51.496719,7.390033,2.756168,-38.861503
11.100600,13.269227,45.151166,3767.893173,-0.701059,51.413059,7.446721,2.777310,-38.861503
11.133512,13.312214,45.083875,3764.189005,-0.726061,51.328593,7.506320,2.799538,-38.861503
11.166465,13.355120,45.014346,3760.458954,-0.750158,51.243271,7.568788,2.822836,-38.861503
11.199460,13.397946,44.942655,3756.701336,-0.773317,51.157065,7.634078,2.847187,-38.861503
11.232475,13.440672,44.868908,3752.914471,-0.795466,51.069925,7.702137,2.872569,-38.861503
11.265531,13.483307,44.793209,3749.096712,-0.816564,50.981824,7.772904,2.898963,-38.861503
11.298629,13.525861,44.715662,3745.246415,-0.836578,50.892721,7.846314,2.926341,-38.861503
11.331758,13.568316,44.636364,3741.361974,-0.855437,50.802578,7.922294,2.954679,-38.861503
11.364918,13.610679,44.555446,3737.441812,-0.873118,50.711366,8.000764,2.983945,-38.861503
11.398109,13.652953,44.473005,3733.484379,-0.889561,50.619036,8.081635,3.014106,-38.861503
11.431341,13.695126,44.389184,3729.488164,-0.904744,50.525569,8.164811,3.045127,-38.861503
11.464614,13.737208,44.304096,3725.451706,-0.918604,50.430926,8.250187,3.076969,-38.861503
11.497919,13.779190,44.217875,3721.373568,-0.931110,50.335068,8.337649,3.109588,-38.861503
11.531265,13.821072,44.130645,3717.252414,-0.942232,50.237975,8.427074,3.142940,-38.861503
11.564652,13.862863,44.042548,3713.086903,-0.951927,50.139619,8.518330,3.176975,-38.861503
11.598070,13.904543,43.953708,3708.875804,-0.960164,50.039960,8.611275,3.211639,-38.861503
11.631520,13.946123,43.864288,3704.617949,-0.966912,49.938990,8.705755,3.246876,-38.861503
11.665021,13.987603,43.774401,3700.312210,-0.972150,49.836677,8.801610,3.282626,-38.861503
11.698553,14.028972,43.684209,3695.957593,-0.975846,49.732995,8.898666,3.318824,-38.861503
11.732126,14.070240,43.593856,3691.553131,-0.977991,49.627932,8.996742,3.355402,-38.861503
11.765730,14.111408,43.503493,3687.098013,-0.978554,49.521459,9.095644,3.392289,-38.861503
11.799386,14.152456,43.413254,3682.591473,-0.977512,49.413578,9.195173,3.429408,-38.861503
11.833073,14.193403,43.323290,3678.032871,-0.974878,49.304257,9.295114,3.466682,-38.861503
11.866802,14.234229,43.233765,3673.421690,-0.970629,49.193508,9.395249,3.504028,-38.861503
11.900571,14.274945,43.144811,3668.757491,-0.964766,49.081311,9.495348,3.541361,-38.861503
11.934382,14.315551,43.056591,3664.039996,-0.957279,48.967655,9.595174,3.578592,-38.861503
11.968235,14.356035,42.969237,3659.269024,-0.948188,48.852562,9.694483,3.615630,-38.861503
12.002129,14.396400,42.882901,3654.444536,-0.937494,48.736010,9.793023,3.652381,-38.861503
12.036064,14.436653,42.797737,3649.566618,-0.925206,48.618019,9.890539,3.688750,-38.861503
12.070040,14.476786,42.713878,3644.635510,-0.911356,48.498590,9.986769,3.724640,-38.861503
12.104058,14.516789,42.631466,3639.651584,-0.895945,48.377742,10.081450,3.759952,-38.861503
12.138117,14.556671,42.550644,3634.615338,-0.879023,48.255484,10.174314,3.794586,-38.861503
12.172207,14.596432,42.471535,3629.527440,-0.860612,48.131847,10.265094,3.828444,-38.861503
12.206349,14.636063,42.394284,3624.388704,-0.840743,48.006838,10.353525,3.861424,-38.861503
12.240532,14.675573,42.319004,3619.200067,-0.819469,47.880498,10.439341,3.893430,-38.861503
12.274757,14.714952,42.245818,3613.962628,-0.796830,47.752837,10.522282,3.924363,-38.861503
12.309023,14.754191,42.174851,3608.677639,-0.772879,47.623911,10.602091,3.954129,-38.861503
12.343340,14.793309,42.106198,3603.346488,-0.747679,47.493751,10.678521,3.982634,-38.861503
12.377689,14.832297,42.039983,3597.970685,-0.721271,47.362386,10.751331,4.009789,-38.861503
12.412079,14.871143,41.976291,3592.551912,-0.693748,47.229864,10.820291,4.035508,-38.861503
12.446510,14.909860,41.915217,3587.091948,-0.665153,47.096244,10.885183,4.059710,-38.861503
12.480993,14.948435,41.856848,3581.592725,-0.635579,46.961564,10.945800,4.082318,-38.861503
12.515507,14.986870,41.801259,3576.056279,-0.605089,46.825884,11.001954,4.103261,-38.861503
12.550062,15.025174,41.748517,3570.484761,-0.573776,46.689250,11.053470,4.122474,-38.861503
12.584659,15.063338,41.698689,3564.880438,-0.541713,46.551723,11.100191,4.139899,-38.861503
12.619307,15.101361,41.651831,3559.245662,-0.509005,46.413379,11.141979,4.155484,-38.861503
12.653986,15.139243,41.607992,3553.582871,-0.475724,46.274257,11.178715,4.169185,-38.861503
12.688707,15.176985,41.567200,3547.894588,-0.441964,46.134436,11.210303,4.180966,-38.861503
12.723459,15.214586,41.529484,3542.183396,-0.407829,45.993982,11.236665,4.190798,-38.861503
12.758262,15.252036,41.494872,3536.451944,-0.373402,45.852955,11.257746,4.198661,-38.861503
12.793107,15.289355,41.463364,3530.702917,-0.338799,45.711433,11.273515,4.204542,-38.861503
12.827982,15.326524,41.434969,3524.939032,-0.304101,45.569473,11.283962,4.208438,-38.861503
12.862899,15.363542,41.409689,3519.163032,-0.269404,45.427154,11.289099,4.210354,-38.861503
12.897848,15.400420,41.387493,3513.377682,-0.234821,45.284542,11.288961,4.210302,-38.861503
12.932837,15.437156,41.368364,3507.585715,-0.200436,45.141708,11.283605,4.208305,-38.861503
12.967868,15.473742,41.352272,3501.789894,-0.166364,44.998727,11.273108,4.204390,-38.861503
13.002930,15.510188,41.339179,3495.992917,-0.132677,44.855659,11.257571,4.198595,-38.861503
13.038033,15.546492,41.329028,3490.197479,-0.099489,44.712572,11.237111,4.190964,-38.861503
13.073167,15.582646,41.321773,3484.406209,-0.066875,44.569543,11.211866,4.181549,-38.861503
13.108332,15.618650,41.317336,3478.621700,-0.034937,44.426621,11.181991,4.170407,-38.861503
13.143538,15.654512,41.315660,3472.846465,-0.003759,44.283873,11.147657,4.157602,-38.861503
13.178776,15.690234,41.316660,3467.082953,0.026575,44.141369,11.109051,4.143204,-38.861503
13.214045,15.725815,41.320240,3461.333525,0.055993,43.999166,11.066374,4.127287,-38.861503
13.249354,15.761246,41.326334,3455.600476,0.084400,43.857313,11.019837,4.109930,-38.861503
13.284685,15.796535,41.334818,3449.885966,0.111735,43.715869,10.969663,4.091218,-38.861503
13.320046,15.831674,41.345597,3444.192090,0.137935,43.574881,10.916086,4.071236,-38.861503
13.355449,15.866683,41.358565,3438.520818,0.162917,43.434398,10.859344,4.050073,-38.861503
13.390873,15.901541,41.373610,3432.874013,0.186639,43.294470,10.799683,4.027822,-38.861503
13.426327,15.936258,41.390607,3427.253426,0.209027,43.155134,10.737354,4.004576,-38.861503
13.461803,15.970844,41.409441,3421.660682,0.230052,43.016431,10.672611,3.980430,-38.861503
13.497319,16.005280,41.429980,3416.097291,0.249639,42.878398,10.605707,3.955478,-38.861503
13.532857,16.039585,41.452099,3410.564651,0.267769,42.741055,10.536900,3.929816,-38.861503
13.568425,16.073749,41.475666,3405.064013,0.284389,42.604451,10.466444,3.903539,-38.861503
13.604014,16.107773,41.500547,3399.596534,0.299478,42.468595,10.394592,3.876741,-38.861503
13.639623,16.141656,41.526599,3394.163227,0.313005,42.333517,10.321592,3.849515,-38.861503
13.675264,16.175418,41.553698,3388.764983,0.324938,42.199236,10.247691,3.821953,-38.861503
13.710936,16.209030,41.581693,3383.402585,0.335269,42.065761,10.173130,3.794145,-38.861503
13.746628,16.242521,41.610449,3378.076692,0.343974,41.933113,10.098141,3.766177,-38.861503
13.782341,16.275871,41.639824,3372.787841,0.351055,41.801291,10.022955,3.738136,-38.861503
13.818075,16.309091,41.669694,3367.536452,0.356501,41.670305,9.947792,3.710103,-38.861503
13.853829,16.342190,41.699898,3362.322849,0.360313,41.540155,9.872865,3.682159,-38.861503
13.889604,16.375149,41.730311,3357.147225,0.362489,41.410850,9.798381,3.654379,-38.861503
13.925410,16.407977,41.760791,3352.009685,0.363041,41.282382,9.724536,3.626838,-38.861503
13.961226,16.440684,41.791194,3346.910227,0.361979,41.154739,9.651518,3.599606,-38.861503
13.997063,16.473261,41.821407,3341.848748,0.359313,41.027923,9.579508,3.572749,-38.861503
14.032921,16.505717,41.851277,3336.825047,0.355064,40.901914,9.508677,3.546332,-38.861503
14.068810,16.538043,41.880691,3331.838855,0.349264,40.776701,9.439187,3.520415,-38.861503
14.104699,16.570248,41.909504,3326.889780,0.341923,40.652266,9.371192,3.495056,-38.861503
14.140618,16.602332,41.937613,3321.977374,0.333071,40.528590,9.304835,3.470308,-38.861503
14.176548,16.634286,41.964874,3317.101092,0.322741,40.405662,9.240254,3.446222,-38.861503
14.212499,16.666129,41.991173,3312.260330,0.310964,40.283453,9.177576,3.422845,-38.861503
14.248471,16.697841,42.016407,3307.454411,0.297780,40.161934,9.116919,3.400223,-38.861503
14.284452,16.729433,42.040459,3302.682559,0.283233,40.041086,9.058397,3.378397,-38.861503
14.320455,16.760915,42.063216,3297.943981,0.267353,39.920879,9.002112,3.357405,-38.861503
14.356467,16.792276,42.084574,3293.237778,0.250191,39.801285,8.948161,3.337283,-38.861503
14.392501,16.823516,42.104437,3288.563023,0.231781,39.682264,8.896633,3.318066,-38.861503
14.428555,16.854646,42.122709,3283.918730,0.212183,39.563797,8.847610,3.299782,-38.861503
14.464609,16.885655,42.139296,3279.303840,0.191439,39.445836,8.801168,3.282461,-38.861503
14.500694,16.916554,42.154113,3274.717270,0.169602,39.328351,8.757376,3.266129,-38.861503
14.536779,16.947332,42.167081,3270.157874,0.146714,39.211313,8.716299,3.250809,-38.861503
14.572885,16.977999,42.178117,3265.624467,0.122836,39.094673,8.677993,3.236522,-38.861503
14.609012,17.008556,42.187144,3261.115833,0.098031,38.978403,8.642513,3.223290,-38.861503
14.645138,17.038993,42.194105,3256.630701,0.072342,38.862454,8.609905,3.211128,-38.861503
14.681285,17.069329,42.198923,3252.167781,0.045819,38.746796,8.580212,3.200054,-38.861503
14.717443,17.099544,42.201541,3247.725724,0.018546,38.631382,8.553473,3.190081,-38.861503
14.753621,17.129649,42.201922,3243.303172,-0.009445,38.516161,8.529721,3.181223,-38.861503
14.789799,17.159643,42.199999,3238.898730,-0.038082,38.401097,8.508987,3.173490,-38.861503
14.825998,17.189527,42.195733,3234.510972,-0.067302,38.286158,8.491296,3.166892,-38.861503
14.862207,17.219300,42.189087,3230.138437,-0.097053,38.171288,8.476672,3.161438,-38.861503
14.898437,17.248953,42.180022,3225.779660,-0.127272,38.056437,8.465132,3.157134,-38.861503
14.934666,17.278505,42.168519,3221.433141,-0.157887,37.941567,8.456693,3.153987,-38.861503
14.970917,17.307947,42.154541,3217.097351,-0.188846,37.826638,8.451366,3.152000,-38.861503
15.007167,17.337278,42.138087,3212.770748,-0.220086,37.711602,8.449161,3.151178,-38.861503
15.043439,17.366498,42.119139,3208.451786,-0.251535,37.596401,8.450082,3.151521,-38.861503
15.079720,17.395618,42.097676,3204.138876,-0.283139,37.480996,8.454134,3.153032,-38.861503
15.116012,17.424618,42.073709,3199.830421,-0.314827,37.365348,8.461315,3.155711,-38.861503
15.152314,17.453507,42.047239,3195.524826,-0.346536,37.249389,8.471622,3.159555,-38.861503
15.188627,17.482285,42.018263,3191.220463,-0.378213,37.133100,8.485048,3.164562,-38.861503
15.224949,17.510953,41.986803,3186.915719,-0.409776,37.016402,8.501584,3.170729,-38.861503
15.261283,17.539521,41.952876,3182.608937,-0.441183,36.899277,8.521217,3.178051,-38.861503
15.297637,17.567968,41.916503,3178.298485,-0.472350,36.781656,8.543929,3.186522,-38.861503
15.333990,17.596304,41.877720,3173.982696,-0.503226,36.663500,8.569702,3.196134,-38.861503
15.370355,17.624530,41.836537,3169.659938,-0.533737,36.544751,8.598511,3.206879,-38.861503
15.406729,17.652645,41.793022,3165.328545,-0.563831,36.425381,8.630330,3.218746,-38.861503
15.443124,17.680650,41.747193,3160.986855,-0.593436,36.305329,8.665127,3.231724,-38.861503
15.479520,17.708534,41.699108,3156.633232,-0.622500,36.184540,8.702867,3.245799,-38.861503
15.515925,17.736307,41.648813,3152.266003,-0.650949,36.062992,8.743510,3.260957,-38.861503
15.552341,17.763971,41.596376,3147.883562,-0.678732,35.940608,8.787012,3.277182,-38.861503
15.588767,17.791513,41.541853,3143.484245,-0.705786,35.817368,8.833323,3.294454,-38.861503
15.625204,17.818945,41.485312,3139.066455,-0.732059,35.693206,8.882391,3.312754,-38.861503
15.661651,17.846266,41.426819,3134.628595,-0.757478,35.568091,8.934154,3.332060,-38.861503
15.698108,17.873457,41.366440,3130.169069,-0.782002,35.441974,8.988549,3.352346,-38.861503
15.734575,17.900538,41.304271,3125.686318,-0.805567,35.314808,9.045504,3.373588,-38.861503
15.771043,17.927507,41.240398,3121.178812,-0.828112,35.186553,9.104942,3.395756,-38.861503
15.807531,17.954346,41.174888,3116.645042,-0.849595,35.057171,9.166781,3.418819,-38.861503
15.844019,17.981065,41.107844,3112.083542,-0.869953,34.926613,9.230931,3.442745,-38.861503
15.880528,18.007673,41.039353,3107.492871,-0.889155,34.794839,9.297294,3.467495,-38.861503
15.917037,18.034150,40.969528,3102.871622,-0.907139,34.661812,9.365769,3.493033,-38.861503
15.953557,18.060507,40.898447,3098.218447,-0.923863,34.527502,9.436244,3.519318,-38.861503
15.990086,18.086733,40.826242,3093.532056,-0.939275,34.391860,9.508601,3.546304,-38.861503
16.026616,18.112849,40.753000,3088.811185,-0.953353,34.254867,9.582715,3.573945,-38.861503
16.063156,18.138824,40.678834,3084.054641,-0.966037,34.116484,9.658454,3.602192,-38.861503
16.099716,18.164678,40.603858,3079.261305,-0.977315,33.976672,9.735676,3.630993,-38.861503
16.136266,18.190402,40.528187,3074.430095,-0.987134,33.835412,9.814235,3.660292,-38.861503
16.172837,18.215995,40.451936,3069.560027,-0.995465,33.692665,9.893974,3.690032,-38.861503
16.209408,18.241458,40.375227,3064.650184,-1.002296,33.548431,9.974732,3.720151,-38.861503
16.245990,18.266790,40.298176,3059.699733,-1.007597,33.402670,10.056337,3.750586,-38.861503
16.282581,18.291981,40.220896,3054.707909,-1.011335,33.255355,10.138614,3.781272,-38.861503
16.319173,18.317051,40.143530,3049.674063,-1.013511,33.106494,10.221378,3.812139,-38.861503
16.355775,18.341971,40.066174,3044.597610,-1.014115,32.956048,10.304439,3.843117,-38.861503
16.392377,18.366760,39.988970,3039.478093,-1.013126,32.804018,10.387601,3.874133,-38.861503
16.428989,18.391409,39.912033,3034.315128,-1.010544,32.650404,10.470664,3.905112,-38.861503
16.465612,18.415917,39.835477,3029.108458,-1.006368,32.495177,10.553421,3.935977,-38.861503
16.502234,18.440294,39.759435,3023.857920,-1.000609,32.338355,10.635663,3.966650,-38.861503
16.538857,18.464521,39.684021,3018.563465,-0.993278,32.179939,10.717175,3.997050,-38.861503
16.575490,18.488597,39.609350,3013.225162,-0.984375,32.019920,10.797741,4.027098,-38.861503
16.612123,18.512532,39.535536,3007.843211,-0.973930,31.858316,10.877144,4.056712,-38.861503
16.648766,18.536326,39.462703,3002.417888,-0.961965,31.695137,10.955166,4.085811,-38.861503
16.685409,18.559970,39.390955,2996.949625,-0.948501,31.530394,11.031589,4.114313,-38.861503
16.722053,18.583463,39.320408,2991.438957,-0.933578,31.364115,11.106194,4.142138,-38.861503
16.758696,18.606805,39.251155,2985.886553,-0.917240,31.196309,11.178769,4.169205,-38.861503
16.795349,18.630007,39.183311,2980.293187,-0.899516,31.027007,11.249103,4.195437,-38.861503
16.832003,18.653048,39.116953,2974.659749,-0.880460,30.856237,11.316988,4.220755,-38.861503
16.868646,18.675928,39.052194,2968.987272,-0.860123,30.684039,11.382226,4.245086,-38.861503
16.905300,18.698667,38.989121,2963.276864,-0.838557,30.510431,11.444623,4.268357,-38.861503
16.941954,18.721246,38.927800,2957.529769,-0.815824,30.335472,11.503994,4.290500,-38.861503
16.978597,18.743664,38.868326,2951.747354,-0.791998,30.159200,11.560163,4.311449,-38.861503
17.015251,18.765931,38.810766,2945.931043,-0.767142,29.981646,11.612967,4.331143,-38.861503
17.051894,18.788037,38.755186,2940.082405,-0.741327,29.802877,11.662252,4.349524,-38.861503
17.088537,18.809983,38.701654,2934.203074,-0.714627,29.622931,11.707876,4.366540,-38.861503
17.125180,18.831768,38.650217,2928.294792,-0.687125,29.441858,11.749713,4.382143,-38.861503
17.161813,18.853392,38.600912,2922.359373,-0.658916,29.259726,11.787649,4.396292,-38.861503
17.198446,18.874855,38.553807,2916.398684,-0.630060,29.076592,11.821588,4.408950,-38.861503
17.235079,18.896157,38.508921,2910.414703,-0.600663,28.892506,11.851447,4.420086,-38.861503
17.271702,18.917299,38.466282,2904.409429,-0.570808,28.707545,11.877160,4.429675,-38.861503
17.308314,18.938270,38.425909,2898.384926,-0.540599,28.521758,11.898678,4.437701,-38.861503
17.344916,18.959080,38.387821,2892.343299,-0.510119,28.335213,11.915970,4.444150,-38.861503
17.381518,18.979729,38.352028,2886.286698,-0.479462,28.147977,11.929021,4.449017,-38.861503
17.418110,19.000218,38.318530,2880.217285,-0.448722,27.960110,11.937833,4.452304,-38.861503
17.454691,19.020536,38.287317,2874.137240,-0.417992,27.771698,11.942425,4.454017,-38.861503
17.491272,19.040693,38.258370,2868.048752,-0.387387,27.582781,11.942836,4.454170,-38.861503
17.527833,19.060679,38.231671,2861.954011,-0.356970,27.393446,11.939117,4.452783,-38.861503
17.564383,19.080504,38.207200,2855.855196,-0.326865,27.203742,11.931338,4.449882,-38.861503
17.600923,19.100159,38.184918,2849.754460,-0.297145,27.013746,11.919585,4.445498,-38.861503
17.637453,19.119663,38.164789,2843.653943,-0.267915,26.823527,11.903957,4.439670,-38.861503
17.673972,19.138986,38.146754,2837.555750,-0.239257,26.633132,11.884568,4.432438,-38.861503
17.710470,19.158158,38.130767,2831.461936,-0.211245,26.442641,11.861545,4.423852,-38.861503
17.746959,19.177159,38.116779,2825.374510,-0.183994,26.252101,11.835029,4.413963,-38.861503
17.783436,19.195990,38.104715,2819.295420,-0.157554,26.061570,11.805171,4.402827,-38.861503
17.819894,19.214670,38.094517,2813.226552,-0.132021,25.871108,11.772132,4.390505,-38.861503
17.856330,19.233179,38.086100,2807.169742,-0.107466,25.680772,11.736084,4.377060,-38.861503
17.892756,19.251527,38.079377,2801.126728,-0.083963,25.490601,11.697205,4.362560,-38.861503
17.929162,19.269704,38.074293,2795.099185,-0.061574,25.300663,11.655681,4.347073,-38.861503
17.965557,19.287731,38.070731,2789.088690,-0.040373,25.110988,11.611706,4.330672,-38.861503
18.001921,19.305587,38.068617,2783.096763,-0.020400,24.921624,11.565476,4.313431,-38.861503
18.038275,19.323292,38.067856,2777.124791,-0.001729,24.732610,11.517193,4.295423,-38.861503
18.074608,19.340837,38.068351,2771.174103,0.015610,24.543985,11.467059,4.276725,-38.861503
18.110921,19.358220,38.069989,2765.245933,0.031552,24.355787,11.415282,4.257415,-38.861503
18.147223,19.375443,38.072683,2759.341388,0.046058,24.168036,11.362066,4.237567,-38.861503
18.183494,19.392505,38.076321,2753.461503,0.059106,23.980762,11.307619,4.217261,-38.861503
18.219745,19.409417,38.080796,2747.607214,0.070644,23.793993,11.252145,4.196572,-38.861503
18.255975,19.426167,38.086005,2741.779353,0.080662,23.607749,11.195848,4.175575,-38.861503
18.292173,19.442757,38.091832,2735.978647,0.089128,23.422040,11.138928,4.154346,-38.861503
18.328362,19.459206,38.098174,2730.205736,0.096032,23.236894,11.081582,4.132959,-38.861503
18.364519,19.475494,38.104925,2724.461155,0.101353,23.052312,11.024004,4.111485,-38.861503
18.400656,19.491622,38.111971,2718.745336,0.105092,22.868294,10.966383,4.089994,-38.861503
18.436772,19.507609,38.119198,2713.058631,0.107237,22.684859,10.908902,4.068556,-38.861503
18.472868,19.523435,38.126501,2707.401299,0.107789,22.501998,10.851740,4.047237,-38.861503
18.508932,19.539121,38.133776,2701.773493,0.106747,22.319720,10.795070,4.026102,-38.861503
18.544966,19.554645,38.140908,2696.175280,0.104144,22.138005,10.739058,4.005212,-38.861503
18.580978,19.570029,38.147802,2690.606650,0.099958,21.956845,10.683864,3.984627,-38.861503
18.616970,19.585263,38.154343,2685.067507,0.094230,21.776248,10.629641,3.964404,-38.861503
18.652932,19.600355,38.160437,2679.557652,0.086983,21.596186,10.576537,3.944599,-38.861503
18.688872,19.615287,38.165979,2674.076844,0.078215,21.416639,10.524692,3.925263,-38.861503
18.724781,19.630088,38.170873,2668.624730,0.067989,21.237597,10.474239,3.906446,-38.861503
18.760639,19.644799,38.177329,2663.193489,0.125179,21.245801,10.421707,3.886854,0.000000
18.796424,19.659490,38.187527,2657.777728,0.180599,21.253995,10.363749,3.865238,0.000000
18.832127,19.674150,38.201315,2652.380612,0.234082,21.262199,10.300694,3.841721,0.000000
18.867757,19.688801,38.218559,2647.005153,0.285461,21.270392,10.232888,3.816432,0.000000
18.903326,19.703421,38.239098,2641.654238,0.334581,21.278596,10.160690,3.789505,0.000000
18.938801,19.718031,38.262760,2636.330574,0.381306,21.286790,10.084470,3.761078,0.000000
18.974214,19.732611,38.289374,2631.036731,0.425511,21.294994,10.004605,3.731292,0.000000
19.009555,19.747171,38.318758,2625.775092,0.467081,21.303197,9.921477,3.700289,0.000000
19.044823,19.761711,38.350723,2620.547874,0.505891,21.311391,9.835467,3.668211,0.000000
19.080009,19.776231,38.385079,2615.357133,0.541870,21.319595,9.746959,3.635201,0.000000
19.115133,19.790721,38.421624,2610.204724,0.574911,21.327799,9.656331,3.601401,0.000000
19.150185,19.805201,38.460149,2605.092350,0.604964,21.336012,9.563956,3.566949,0.000000
19.185153,19.819660,38.500465,2600.021519,0.631945,21.344215,9.470200,3.531982,0.000000
19.220070,19.834100,38.542352,2594.993572,0.655833,21.352439,9.375418,3.496632,0.000000
19.254905,19.848519,38.585610,2590.009694,0.676566,21.360652,9.279957,3.461029,0.000000
19.289667,19.862908,38.630030,2585.070860,0.694123,21.368875,9.184149,3.425297,0.000000
19.324367,19.877287,38.675392,2580.177931,0.708494,21.377108,9.088314,3.389555,0.000000
19.359005,19.891647,38.721488,2575.331576,0.719678,21.385341,8.992758,3.353916,0.000000
19.393570,19.905996,38.768126,2570.532321,0.727654,21.393583,8.897773,3.318491,0.000000
19.428064,19.920314,38.815079,2565.780538,0.732455,21.401835,8.803633,3.283381,0.000000
19.462505,19.934613,38.862155,2561.076468,0.734100,21.410097,8.710600,3.248683,0.000000
19.496864,19.948902,38.909156,2556.420205,0.732611,21.418369,8.618917,3.214489,0.000000
19.531171,19.963171,38.955870,2551.811711,0.728029,21.426641,8.528814,3.180885,0.000000
19.565406,19.977419,39.002109,2547.250823,0.720396,21.434932,8.440503,3.147949,0.000000
19.599589,19.991648,39.047690,2542.737275,0.709775,21.443223,8.354184,3.115755,0.000000
19.633700,20.005866,39.092424,2538.270683,0.696216,21.451533,8.270039,3.084373,0.000000
19.667749,20.020064,39.136120,2533.850541,0.679794,21.459854,8.188238,3.053864,0.000000
19.701746,20.034243,39.178617,2529.476265,0.660561,21.468184,8.108934,3.024287,0.000000
19.735671,20.048411,39.219732,2525.147167,0.638620,21.476523,8.032270,2.995695,0.000000
19.769544,20.062559,39.259305,2520.862463,0.614024,21.484883,7.958375,2.968136,0.000000
19.803355,20.076687,39.297184,2516.621303,0.586876,21.493252,7.887366,2.941652,0.000000
19.837104,20.090805,39.333214,2512.422748,0.557260,21.501640,7.819348,2.916284,0.000000
19.870791,20.104913,39.367246,2508.265786,0.525281,21.510038,7.754417,2.892068,0.000000
19.904437,20.119000,39.399135,2504.149345,0.491021,21.518455,7.692656,2.869034,0.000000
19.938010,20.133068,39.428767,2500.072269,0.454585,21.526883,7.634143,2.847210,0.000000
19.971532,20.147126,39.456009,2496.033362,0.416087,21.535329,7.578942,2.826623,0.000000
20.005002,20.161163,39.480728,2492.031363,0.375620,21.543786,7.527115,2.807294,0.000000
20.038410,20.175201,39.502838,2488.064961,0.333290,21.552271,7.478711,2.789241,0.000000
20.071766,20.189208,39.522225,2484.132790,0.289231,21.560766,7.433777,2.772483,0.000000
20.105070,20.203205,39.538783,2480.233423,0.243527,21.569271,7.392349,2.757032,0.000000
20.138313,20.217193,39.552438,2476.365419,0.196313,21.577805,7.354463,2.742902,0.000000
20.171504,20.231170,39.563102,2472.527275,0.147693,21.586349,7.320143,2.730102,0.000000
20.204643,20.245127,39.570701,2468.717442,0.097792,21.594912,7.289415,2.718642,0.000000
20.237730,20.259074,39.575167,2464.934353,0.046725,21.603495,7.262295,2.708527,0.000000
20.270766,20.273001,39.576452,2461.176383,-0.005394,21.612097,7.238799,2.699764,0.000000
20.303750,20.286918,39.574490,2457.441895,-0.058440,21.620719,7.218937,2.692357,0.000000
20.336683,20.300825,39.569244,2453.729197,-0.112277,21.629360,7.202717,2.686307,0.000000
20.369564,20.314722,39.560684,2450.036589,-0.166812,21.638020,7.190142,2.681617,0.000000
20.402382,20.328599,39.548772,2446.362310,-0.221898,21.646691,7.181214,2.678287,0.000000
20.435160,20.342465,39.533499,2442.704600,-0.277422,21.655390,7.175930,2.676317,0.000000
20.467885,20.356322,39.514836,2439.061664,-0.333259,21.664099,7.174286,2.675704,0.000000
20.500559,20.370159,39.492792,2435.431673,-0.389293,21.672837,7.176276,2.676446,0.000000
20.533182,20.383995,39.467369,2431.812784,-0.445390,21.681595,7.181888,2.678539,0.000000
20.565752,20.397812,39.438565,2428.203121,-0.501424,21.690362,7.191110,2.681978,0.000000
20.598271,20.411608,39.406410,2424.600783,-0.557281,21.699149,7.203926,2.686758,0.000000
20.630749,20.425404,39.370912,2421.003875,-0.612837,21.707965,7.220319,2.692872,0.000000
20.663165,20.439181,39.332129,2417.410457,-0.667965,21.716791,7.240265,2.700311,0.000000
20.695539,20.452947,39.290080,2413.818589,-0.722541,21.725636,7.263741,2.709066,0.000000
20.727851,20.466703,39.244813,2410.226299,-0.776441,21.734501,7.290717,2.719128,0.000000
20.760122,20.480439,39.196394,2406.631619,-0.829539,21.743385,7.321163,2.730482,0.000000
20.792341,20.494175,39.144871,2403.032560,-0.881730,21.752288,7.355040,2.743117,0.000000
20.824509,20.507891,39.090320,2399.427133,-0.932881,21.761211,7.392308,2.757017,0.000000
20.856635,20.521597,39.032817,2395.813340,-0.982875,21.770153,7.432923,2.772164,0.000000
20.888699,20.535283,38.972448,2392.189163,-1.031599,21.779106,7.476833,2.788541,0.000000
20.920712,20.548959,38.909289,2388.552623,-1.078928,21.788077,7.523982,2.806125,0.000000
20.952683,20.562625,38.843445,2384.901703,-1.124747,21.797068,7.574307,2.824894,0.000000
20.984592,20.576280,38.775011,2381.234422,-1.168952,21.806069,7.627741,2.844823,0.000000
21.016460,20.589926,38.704111,2377.548813,-1.211428,21.815099,7.684206,2.865882,0.000000
21.048265,20.603551,38.630839,2373.842885,-1.252061,21.824128,7.743621,2.888041,0.000000
21.080030,20.617167,38.555331,2370.114717,-1.290757,21.833187,7.805894,2.911266,0.000000
21.111732,20.630762,38.477708,2366.362378,-1.327401,21.842256,7.870926,2.935520,0.000000
21.143383,20.644348,38.398105,2362.583984,-1.361901,21.851335,7.938608,2.960763,0.000000
21.174992,20.657923,38.316654,2358.777670,-1.394151,21.860432,8.008825,2.986951,0.000000
21.206540,20.671478,38.233499,2354.941649,-1.424058,21.869540,8.081448,3.014036,0.000000
21.238025,20.685023,38.148792,2351.074132,-1.451549,21.878667,8.156341,3.041968,0.000000
21.269469,20.698559,38.062685,2347.173417,-1.476531,21.887794,8.233357,3.070692,0.000000
21.300861,20.712074,37.975322,2343.237842,-1.498920,21.896941,8.312339,3.100149,0.000000
21.332191,20.725568,37.886882,2339.265837,-1.518653,21.906097,8.393117,3.130276,0.000000
21.363460,20.739053,37.797509,2335.255883,-1.535648,21.915272,8.475512,3.161005,0.000000
21.394687,20.752528,37.707384,2331.206544,-1.549862,21.924448,8.559334,3.192267,0.000000
21.425841,20.765983,37.616669,2327.116474,-1.561223,21.933633,8.644381,3.223987,0.000000
21.456954,20.779428,37.525544,2322.984429,-1.569689,21.942828,8.730442,3.256084,0.000000
21.488006,20.792852,37.434162,2318.809272,-1.575218,21.952033,8.817294,3.288476,0.000000
21.518995,20.806257,37.342723,2314.589949,-1.577780,21.961248,8.904703,3.321076,0.000000
21.549932,20.819651,37.251379,2310.325545,-1.577343,21.970462,8.992428,3.353793,0.000000
21.580797,20.833025,37.160321,2306.015264,-1.573896,21.979686,9.080217,3.386535,0.000000
21.611611,20.846380,37.069720,2301.658428,-1.567440,21.988920,9.167810,3.419203,0.000000
21.642372,20.859724,36.979757,2297.254512,-1.557963,21.998154,9.254940,3.451699,0.000000
21.673062,20.873048,36.890584,2292.803132,-1.545478,22.007388,9.341333,3.483920,0.000000
21.703700,20.886352,36.802392,2288.304022,-1.530014,22.016632,9.426710,3.515762,0.000000
21.734265,20.899646,36.715343,2283.757104,-1.511603,22.025876,9.510790,3.547120,0.000000
21.764779,20.912910,36.629607,2279.162435,-1.490277,22.035119,9.593286,3.577888,0.000000
21.795220,20.926163,36.545338,2274.520237,-1.466097,22.044373,9.673914,3.607959,0.000000
21.825599,20.939397,36.462698,2269.830891,-1.439116,22.053616,9.752388,3.637226,0.000000
21.855917,20.952611,36.381837,2265.094933,-1.409417,22.062870,9.828426,3.665585,0.000000
21.886172,20.965804,36.302901,2260.313089,-1.377083,22.072123,9.901749,3.692931,0.000000
21.916355,20.978978,36.226040,2255.486211,-1.342199,22.081367,9.972085,3.719164,0.000000
21.946476,20.992121,36.151369,2250.615340,-1.304877,22.090611,10.039172,3.744184,0.000000
21.976524,21.005254,36.079040,2245.701672,-1.265223,22.099854,10.102755,3.767898,0.000000
22.006511,21.018367,36.009149,2240.746545,-1.223372,22.109098,10.162593,3.790215,0.000000
22.036435,21.031460,35.941820,2235.751471,-1.179459,22.118332,10.218458,3.811050,0.000000
22.066277,21.044533,35.877147,2230.718083,-1.133609,22.127566,10.270137,3.830324,0.000000
22.096067,21.057576,35.815226,2225.648171,-1.085988,22.136800,10.317438,3.847965,0.000000
22.125774,21.070608,35.756152,2220.543646,-1.036754,22.146024,10.360182,3.863907,0.000000
22.155420,21.083611,35.699982,2215.406564,-0.986062,22.155248,10.398216,3.878092,0.000000
22.184983,21.096593,35.646783,2210.239058,-0.934089,22.164463,10.431406,3.890471,0.000000
22.214494,21.109556,35.596622,2205.043403,-0.881012,22.173668,10.459641,3.901001,0.000000
22.243922,21.122488,35.549526,2199.821950,-0.827019,22.182872,10.482833,3.909651,0.000000
22.273278,21.135400,35.505535,2194.577120,-0.772286,22.192067,10.500921,3.916397,0.000000
22.302561,21.148292,35.464667,2189.311427,-0.717012,22.201262,10.513866,3.921225,0.000000
22.331783,21.161164,35.426931,2184.027423,-0.661384,22.210448,10.521656,3.924130,0.000000
22.360922,21.174006,35.392338,2178.727729,-0.605599,22.219623,10.524303,3.925117,0.000000
22.389989,21.186828,35.360859,2173.414974,-0.549846,22.228789,10.521844,3.924200,0.000000
22.418993,21.199619,35.332493,2168.091807,-0.494312,22.237955,10.514340,3.921402,0.000000
22.447915,21.212401,35.307184,2162.760914,-0.439204,22.247111,10.501878,3.916754,0.000000
22.476764,21.225142,35.284912,2157.424934,-0.384701,22.256258,10.484564,3.910297,0.000000
22.505542,21.237873,35.265611,2152.086525,-0.330999,22.265404,10.462530,3.902079,0.000000
22.534246,21.250574,35.249214,2146.748289,-0.278266,22.274541,10.435924,3.892156,0.000000
22.562879,21.263255,35.235674,2141.412797,-0.226688,22.283668,10.404916,3.880591,0.000000
22.591439,21.275906,35.224886,2136.082582,-0.176434,22.292786,10.369694,3.867455,0.000000
22.619926,21.288537,35.216764,2130.760084,-0.127678,22.301903,10.330459,3.852822,0.000000
22.648342,21.301137,35.211231,2125.447702,-0.080558,22.311010,10.287428,3.836773,0.000000
22.676685,21.313718,35.208156,2120.147750,-0.035249,22.320118,10.240830,3.819394,0.000000
22.704955,21.326278,35.207451,2114.862437,0.008122,22.329216,10.190906,3.800774,0.000000
22.733143,21.338809,35.208975,2109.593894,0.049411,22.338304,10.137903,3.781007,0.000000
22.761269,21.351319,35.212622,2104.344149,0.088493,22.347392,10.082078,3.760186,0.000000
22.789323,21.363799,35.218259,2099.115134,0.125262,22.356471,10.023690,3.738410,0.000000
22.817304,21.376259,35.225743,2093.908635,0.159606,22.365549,9.963004,3.715777,0.000000
22.845213,21.388699,35.234950,2088.726385,0.191429,22.374628,9.900287,3.692386,0.000000
22.873049,21.401108,35.245720,2083.569941,0.220638,22.383696,9.835803,3.668336,0.000000
22.900814,21.413508,35.257917,2078.440767,0.247161,22.392765,9.769818,3.643727,0.000000
22.928516,21.425868,35.271391,2073.340220,0.270924,22.401834,9.702596,3.618655,0.000000
22.956135,21.438217,35.285998,2068.269523,0.291886,22.410893,9.634393,3.593219,0.000000
22.983692,21.450536,35.301566,2063.229768,0.309985,22.419961,9.565465,3.567512,0.000000
23.011188,21.462825,35.317972,2058.221938,0.325199,22.429020,9.496059,3.541626,0.000000
23.038601,21.475104,35.335035,2053.246905,0.337476,22.438079,9.426416,3.515652,0.000000
23.065962,21.487353,35.352613,2048.305403,0.346827,22.447138,9.356769,3.489677,0.000000
23.093240,21.499582,35.370552,2043.398084,0.353221,22.456207,9.287344,3.463784,0.000000
23.120456,21.511791,35.388701,2038.525444,0.356668,22.465266,9.218358,3.438055,0.000000
23.147610,21.523980,35.406916,2033.687886,0.357178,22.474335,9.150017,3.412567,0.000000
23.174692,21.536138,35.425027,2028.885733,0.354773,22.483394,9.082519,3.387393,0.000000
23.201712,21.548276,35.442909,2024.119150,0.349472,22.492462,9.016053,3.362604,0.000000
23.228660,21.560405,35.460401,2019.388250,0.341308,22.501541,8.950797,3.338266,0.000000
23.255556,21.572503,35.477369,2014.693014,0.330322,22.510619,8.886918,3.314442,0.000000
23.282379,21.584571,35.493680,2010.033337,0.316566,22.519698,8.824575,3.291191,0.000000
23.309130,21.596629,35.509191,2005.409028,0.300092,22.528786,8.763917,3.268568,0.000000
23.335830,21.608667,35.523769,2000.819810,0.280963,22.537874,8.705082,3.246625,0.000000
23.362467,21.620685,35.537300,1996.265320,0.259251,22.546972,8.648200,3.225411,0.000000
23.389043,21.632672,35.549641,1991.745097,0.235019,22.556080,8.593391,3.204969,0.000000
23.415546,21.644650,35.560695,1987.258627,0.208361,22.565187,8.540766,3.185342,0.000000
23.441997,21.656598,35.570341,1982.805316,0.179349,22.574304,8.490426,3.166568,0.000000
23.468386,21.668535,35.578473,1978.384476,0.148078,22.583432,8.442466,3.148681,0.000000
23.494714,21.680452,35.584976,1973.995380,0.114630,22.592559,8.396971,3.131713,0.000000
23.520979,21.692339,35.589766,1969.637224,0.079121,22.601705,8.354020,3.115694,0.000000
23.547182,21.704217,35.592746,1965.309150,0.041643,22.610851,8.313682,3.100650,0.000000
23.573334,21.716074,35.593841,1961.010228,0.002291,22.620008,8.276021,3.086604,0.000000
23.599424,21.727911,35.592946,1956.739484,-0.038811,22.629174,8.241093,3.073577,0.000000
23.625451,21.739727,35.590013,1952.495885,-0.081557,22.638359,8.208949,3.061589,0.000000
23.651427,21.751524,35.584957,1948.278360,-0.125845,22.647544,8.179631,3.050654,0.000000
23.677341,21.763301,35.577711,1944.085763,-0.171550,22.656739,8.153178,3.040788,0.000000
23.703193,21.775067,35.568237,1939.916925,-0.218545,22.665944,8.129621,3.032003,0.000000
23.728993,21.786804,35.556468,1935.770633,-0.266717,22.675168,8.108987,3.024307,0.000000
23.754731,21.798530,35.542366,1931.645625,-0.315941,22.684402,8.091298,3.017710,0.000000
23.780418,21.810237,35.525902,1927.540611,-0.366102,22.693636,8.076569,3.012217,0.000000
23.806053,21.821923,35.507020,1923.454251,-0.417076,22.702890,8.064813,3.007832,0.000000
23.831625,21.833599,35.485720,1919.385177,-0.468716,22.712153,8.056035,3.004559,0.000000
23.857146,21.845245,35.461972,1915.331996,-0.520918,22.721426,8.050239,3.002397,0.000000
23.882606,21.856881,35.435758,1911.293271,-0.573547,22.730718,8.047421,3.001346,0.000000
23.908013,21.868497,35.407078,1907.267549,-0.626468,22.740010,8.047575,3.001403,0.000000
23.933358,21.880093,35.375932,1903.253359,-0.679555,22.749322,8.050689,3.002565,0.000000
23.958652,21.891668,35.342320,1899.249180,-0.732674,22.758643,8.056749,3.004825,0.000000
23.983894,21.903234,35.306260,1895.253501,-0.785709,22.767974,8.065732,3.008175,0.000000
24.009084,21.914780,35.267763,1891.264773,-0.838525,22.777325,8.077616,3.012607,0.000000
24.034213,21.926305,35.226857,1887.281428,-0.890998,22.786676,8.092372,3.018110,0.000000
24.059289,21.937810,35.183580,1883.301908,-0.942992,22.796046,8.109964,3.024672,0.000000
24.084304,21.949306,35.137951,1879.324625,-0.994382,22.805425,8.130356,3.032277,0.000000
24.109267,21.960771,35.090017,1875.347974,-1.045053,22.814805,8.153504,3.040910,0.000000
24.134178,21.972226,35.039837,1871.370366,-1.094871,22.824204,8.179360,3.050553,0.000000
24.159037,21.983661,34.987447,1867.390205,-1.143710,22.833623,8.207870,3.061187,0.000000
24.183835,21.995086,34.932915,1863.405885,-1.191455,22.843042,8.238978,3.072788,0.000000
24.208581,22.006481,34.876307,1859.415809,-1.237992,22.852470,8.272618,3.085335,0.000000
24.233275,22.017866,34.817681,1855.418390,-1.283197,22.861908,8.308722,3.098800,0.000000
24.257907,22.029230,34.757121,1851.412040,-1.326964,22.871356,8.347215,3.113156,0.000000
24.282488,22.040575,34.694705,1847.395201,-1.369169,22.880813,8.388015,3.128373,0.000000
24.307016,22.051909,34.630508,1843.366334,-1.409719,22.890281,8.431036,3.144418,0.000000
24.331483,22.063214,34.564626,1839.323899,-1.448498,22.899758,8.476186,3.161257,0.000000
24.355898,22.074508,34.497144,1835.266405,-1.485414,22.909244,8.523364,3.178852,0.000000
24.380251,22.085782,34.428168,1831.192379,-1.520361,22.918741,8.572465,3.197165,0.000000
24.404553,22.097036,34.357781,1827.100387,-1.553257,22.928237,8.623376,3.216153,0.000000
24.428802,22.108270,34.286110,1822.989034,-1.584007,22.937743,8.675980,3.235771,0.000000
24.452990,22.119484,34.213248,1818.856960,-1.612529,22.947249,8.730150,3.255974,0.000000
24.477116,22.130688,34.139301,1814.702866,-1.638750,22.956775,8.785754,3.276713,0.000000
24.501190,22.141862,34.064392,1810.525499,-1.662597,22.966291,8.842655,3.297934,0.000000
24.525212,22.153026,33.988626,1806.323665,-1.683996,22.975816,8.900707,3.319585,0.000000
24.549172,22.164159,33.912136,1802.096225,-1.702897,22.985351,8.959760,3.341609,0.000000
24.573070,22.175283,33.835028,1797.842109,-1.719246,22.994887,9.019656,3.363948,0.000000
24.596917,22.186376,33.757424,1793.560331,-1.733002,23.004432,9.080233,3.386541,0.000000
24.620702,22.197460,33.679449,1789.249964,-1.744102,23.013967,9.141322,3.409324,0.000000
24.644424,22.208513,33.601227,1784.910176,-1.752547,23.023512,9.202751,3.432235,0.000000
24.668085,22.219556,33.522871,1780.540203,-1.758296,23.033057,9.264341,3.455205,0.000000
24.691693,22.230569,33.444524,1776.139375,-1.761336,23.042602,9.325912,3.478168,0.000000
24.715240,22.241562,33.366292,1771.707128,-1.761659,23.052147,9.387277,3.501055,0.000000
24.738725,22.252545,33.288298,1767.242984,-1.759275,23.061692,9.448249,3.523795,0.000000
24.762148,22.263497,33.210675,1762.746551,-1.754193,23.071237,9.508638,3.546318,0.000000
24.785519,22.274420,33.133529,1758.217560,-1.746414,23.080782,9.568254,3.568552,0.000000
24.808818,22.285332,33.056973,1753.655841,-1.735990,23.090327,9.626903,3.590426,0.000000
24.832054,22.296225,32.981140,1749.061316,-1.722942,23.099862,9.684397,3.611868,0.000000
24.855229,22.307087,32.906136,1744.434034,-1.707322,23.109397,9.740545,3.632809,0.000000
24.878352,22.317929,32.832065,1739.774147,-1.689193,23.118933,9.795160,3.653178,0.000000
24.901403,22.328751,32.759032,1735.081914,-1.668616,23.128458,9.848059,3.672907,0.000000
24.924381,22.339543,32.687151,1730.357707,-1.645654,23.137984,9.899062,3.691929,0.000000
24.947307,22.350325,32.616498,1725.602004,-1.620402,23.147500,9.947997,3.710180,0.000000
24.970172,22.361067,32.547178,1720.815398,-1.592942,23.157006,9.994696,3.727596,0.000000
24.992964,22.371798,32.479278,1715.998579,-1.563389,23.166512,10.039000,3.744120,0.000000
25.015694,22.382500,32.412891,1711.152357,-1.531836,23.176018,10.080759,3.759694,0.000000
25.038352,22.393181,32.348065,1706.277614,-1.498399,23.185505,10.119831,3.774266,0.000000
25.060948,22.403832,32.284897,1701.375372,-1.463202,23.194991,10.156086,3.787788,0.000000
25.083482,22.414464,32.223443,1696.446712,-1.426391,23.204459,10.189405,3.800215,0.000000
25.105943,22.425065,32.163759,1691.492828,-1.388080,23.213926,10.219680,3.811506,0.000000
25.128343,22.435645,32.105904,1686.514974,-1.348426,23.223383,10.246819,3.821628,0.000000
25.150670,22.446206,32.049915,1681.514507,-1.307574,23.232831,10.270739,3.830549,0.000000
25.172935,22.456727,31.995831,1676.492842,-1.265671,23.242269,10.291375,3.838245,0.000000
25.195128,22.467237,31.943679,1671.451470,-1.222882,23.251707,10.308675,3.844697,0.000000
25.217258,22.477718,31.893489,1666.391942,-1.179365,23.261126,10.322601,3.849891,0.000000
25.239306,22.488168,31.845279,1661.315853,-1.135285,23.270535,10.333130,3.853818,0.000000
25.261303,22.498588,31.799060,1656.224857,-1.090799,23.279934,10.340257,3.856476,0.000000
25.283216,22.508988,31.754821,1651.120629,-1.046084,23.289314,10.343988,3.857867,0.000000
25.305068,22.519368,31.712572,1646.004898,-1.001307,23.298694,10.344346,3.858001,0.000000
25.326857,22.529718,31.672295,1640.879395,-0.956634,23.308064,10.341368,3.856891,0.000000
25.348564,22.540038,31.633969,1635.745880,-0.912221,23.317414,10.335107,3.854555,0.000000
25.370209,22.550327,31.597567,1630.606130,-0.868255,23.326765,10.325627,3.851020,0.000000
25.391782,22.560597,31.563069,1625.461897,-0.824884,23.336096,10.313007,3.846313,0.000000
25.413292,22.570836,31.530418,1620.314947,-0.782283,23.345417,10.297337,3.840469,0.000000
25.434730,22.581055,31.499576,1615.167032,-0.740588,23.354729,10.278722,3.833526,0.000000
25.456096,22.591244,31.470506,1610.019873,-0.699976,23.364031,10.257275,3.825527,0.000000
25.477390,22.601403,31.443131,1604.875180,-0.660582,23.373323,10.233119,3.816518,0.000000
25.498621,22.611532,31.417402,1599.734618,-0.622542,23.382606,10.206389,3.806549,0.000000
25.519770,22.621640,31.393236,1594.599812,-0.586012,23.391879,10.177226,3.795673,0.000000
25.540867,22.631719,31.370583,1589.472358,-0.551117,23.401142,10.145779,3.783944,0.000000
25.561881,22.641777,31.349349,1584.353797,-0.517971,23.410385,10.112204,3.771422,0.000000
25.582833,22.651795,31.329467,1579.245601,-0.486710,23.419629,10.076661,3.758166,0.000000
25.603713,22.661793,31.310833,1574.149203,-0.457428,23.428863,10.039315,3.744238,0.000000
25.624521,22.671771,31.293379,1569.065972,-0.430228,23.438087,10.000336,3.729700,0.000000
25.645266,22.681719,31.277002,1563.997207,-0.405215,23.447302,9.959893,3.714616,0.000000
25.665940,22.691637,31.261614,1558.944132,-0.382472,23.456516,9.918159,3.699051,0.000000
25.686551,22.701525,31.247112,1553.907924,-0.362083,23.465711,9.875308,3.683070,0.000000
25.707090,22.711392,31.233410,1548.889663,-0.344099,23.474907,9.831513,3.666736,0.000000
25.727556,22.721229,31.220394,1543.890372,-0.328594,23.484092,9.786945,3.650114,0.000000
25.747961,22.731037,31.207968,1538.910988,-0.315618,23.493277,9.741776,3.633268,0.000000
25.768303,22.740824,31.196037,1533.952362,-0.305205,23.502443,9.696172,3.616260,0.000000
25.788573,22.750581,31.184496,1529.015297,-0.297406,23.511619,9.650300,3.599152,0.000000
25.808771,22.760317,31.173232,1524.100500,-0.292230,23.520775,9.604321,3.582003,0.000000
25.828907,22.770024,31.162158,1519.208604,-0.289710,23.529941,9.558392,3.564874,0.000000
25.848980,22.779701,31.151160,1514.340152,-0.289845,23.539087,9.512667,3.547820,0.000000
25.868982,22.789357,31.140143,1509.495623,-0.292636,23.548244,9.467292,3.530897,0.000000
25.888921,22.798983,31.129012,1504.675428,-0.298082,23.557390,9.422412,3.514159,0.000000
25.908798,22.808590,31.117652,1499.879883,-0.306153,23.566537,9.378164,3.497656,0.000000
25.928614,22.818166,31.105978,1495.109255,-0.316847,23.575673,9.334678,3.481438,0.000000
25.948357,22.827722,31.093904,1490.363706,-0.330114,23.584820,9.292081,3.465551,0.000000
25.968037,22.837248,31.081317,1485.643343,-0.345921,23.593956,9.250493,3.450040,0.000000
25.987656,22.846743,31.068138,1480.948222,-0.364228,23.603093,9.210026,3.434948,0.000000
26.007203,22.856219,31.054274,1476.278295,-0.384982,23.612230,9.170788,3.420314,0.000000
26.026698,22.865674,31.039649,1471.633468,-0.408120,23.621367,9.132880,3.406176,0.000000
26.046131,22.875100,31.024175,1467.013576,-0.433591,23.630504,9.096397,3.392569,0.000000
26.065491,22.884505,31.007779,1462.418401,-0.461301,23.639640,9.061426,3.379526,0.000000
26.084800,22.893880,30.990373,1457.847656,-0.491198,23.648777,9.028049,3.367078,0.000000
26.104036,22.903235,30.971900,1453.300987,-0.523188,23.657914,8.996343,3.355253,0.000000
26.123221,22.912560,30.952275,1448.778001,-0.557188,23.667060,8.966378,3.344078,0.000000
26.142344,22.921865,30.931451,1444.278231,-0.593114,23.676207,8.938216,3.333575,0.000000
26.161394,22.931149,30.909370,1439.801169,-0.630852,23.685343,8.911917,3.323766,0.000000
26.180393,22.940404,30.885955,1435.346242,-0.670329,23.694500,8.887532,3.314671,0.000000
26.199340,22.949638,30.861170,1430.912857,-0.711409,23.703646,8.865107,3.306308,0.000000
26.218214,22.958842,30.834965,1426.500345,-0.754021,23.712802,8.844684,3.298691,0.000000
26.237027,22.968027,30.807304,1422.107998,-0.798028,23.721959,8.826297,3.291833,0.000000
26.255788,22.977191,30.778129,1417.735070,-0.843326,23.731124,8.809976,3.285746,0.000000
26.274487,22.986325,30.747421,1413.380778,-0.889801,23.740290,8.795747,3.280439,0.000000
26.293134,22.995439,30.715151,1409.044299,-0.937327,23.749456,8.783628,3.275920,0.000000
26.311719,23.004532,30.681282,1404.724763,-0.985801,23.758632,8.773634,3.272192,0.000000
26.330243,23.013596,30.645803,1400.421271,-1.035077,23.767808,8.765775,3.269261,0.000000
26.348704,23.022639,30.608696,1396.132895,-1.085062,23.776993,8.760054,3.267127,0.000000
26.367113,23.031663,30.569951,1391.858680,-1.135608,23.786188,8.756471,3.265791,0.000000
26.385461,23.040666,30.529559,1387.597632,-1.186592,23.795373,8.755022,3.265251,0.000000
26.403757,23.049639,30.487510,1383.348736,-1.237898,23.804578,8.755696,3.265502,0.000000
26.421990,23.058592,30.443814,1379.110969,-1.289393,23.813773,8.758478,3.266540,0.000000
26.440162,23.067515,30.398480,1374.883262,-1.340949,23.822978,8.763350,3.268357,0.000000
26.458282,23.076428,30.351509,1370.664542,-1.392443,23.832192,8.770288,3.270944,0.000000
26.476351,23.085311,30.302928,1366.453720,-1.443739,23.841407,8.779262,3.274291,0.000000
26.494357,23.094164,30.252747,1362.249686,-1.494734,23.850631,8.790241,3.278386,0.000000
26.512301,23.103006,30.200986,1358.051332,-1.545290,23.859855,8.803186,3.283214,0.000000
26.530194,23.111818,30.147682,1353.857539,-1.595285,23.869089,8.818056,3.288760,0.000000
26.548025,23.120611,30.092865,1349.667159,-1.644603,23.878323,8.834803,3.295006,0.000000
26.565804,23.129383,30.036562,1345.479084,-1.693108,23.887557,8.853377,3.301933,0.000000
26.583521,23.138125,29.978821,1341.292166,-1.740707,23.896801,8.873722,3.309521,0.000000
26.601186,23.146847,29.919680,1337.105276,-1.787276,23.906045,8.895778,3.317747,0.000000
26.618799,23.155549,29.859187,1332.917306,-1.832710,23.915298,8.919481,3.326587,0.000000
26.636341,23.164221,29.797400,1328.727127,-1.876893,23.924551,8.944762,3.336016,0.000000
26.653841,23.172872,29.734355,1324.533649,-1.919724,23.933805,8.971548,3.346006,0.000000
26.671278,23.181504,29.670110,1320.335773,-1.961096,23.943068,8.999761,3.356528,0.000000
26.688654,23.190115,29.604742,1316.132447,-2.000927,23.952331,9.029320,3.367552,0.000000
26.705978,23.198696,29.538289,1311.922610,-2.039113,23.961594,9.060138,3.379046,0.000000
26.723241,23.207258,29.470836,1307.705248,-2.075570,23.970857,9.092127,3.390977,0.000000
26.740451,23.215799,29.402430,1303.479366,-2.110226,23.980120,9.125193,3.403309,0.000000
26.757599,23.224310,29.333149,1299.243990,-2.142996,23.989384,9.159238,3.416006,0.000000
26.774696,23.232800,29.263067,1294.998202,-2.173809,23.998656,9.194161,3.429031,0.000000
26.791731,23.241271,29.192243,1290.741112,-2.202592,24.007919,9.229859,3.442345,0.000000
26.808714,23.249712,29.120762,1286.471859,-2.229302,24.017192,9.266224,3.455908,0.000000
26.825635,23.258132,29.048700,1282.189632,-2.253888,24.026455,9.303146,3.469678,0.000000
26.842494,23.266523,28.976115,1277.893684,-2.276287,24.035728,9.340512,3.483614,0.000000
26.859301,23.274893,28.903101,1273.583279,-2.296479,24.044991,9.378207,3.497672,0.000000
26.876047,23.283243,28.829725,1269.257776,-2.314411,24.054254,9.416114,3.511810,0.000000
26.892740,23.291563,28.756073,1264.916564,-2.330083,24.063508,9.454114,3.525983,0.000000
26.909372,23.299863,28.682211,1260.559088,-2.343454,24.072771,9.492088,3.540145,0.000000
26.925942,23.308143,28.608216,1256.184850,-2.354544,24.082024,9.529916,3.554253,0.000000
26.942449,23.316383,28.534164,1251.793440,-2.363322,24.091268,9.567475,3.568261,0.000000
26.958905,23.324612,28.460141,1247.384476,-2.369820,24.100521,9.604646,3.582125,0.000000
26.975299,23.332812,28.386213,1242.957659,-2.374038,24.109755,9.641309,3.595798,0.000000
26.991641,23.340981,28.312446,1238.512753,-2.375995,24.118989,9.677344,3.609238,0.000000
27.007911,23.349130,28.238918,1234.049603,-2.375735,24.128223,9.712633,3.622399,0.000000
27.024129,23.357259,28.165704,1229.568095,-2.373298,24.137448,9.747063,3.635240,0.000000
27.040285,23.365358,28.092861,1225.068201,-2.368716,24.146662,9.780519,3.647718,0.000000
27.056379,23.373427,28.020456,1220.549957,-2.362052,24.155877,9.812894,3.659792,0.000000
27.072411,23.381476,27.948556,1216.013490,-2.353367,24.165072,9.844080,3.671423,0.000000
27.088381,23.389494,27.877218,1211.458952,-2.342745,24.174267,9.873977,3.682573,0.000000
27.104300,23.397493,27.806499,1206.886600,-2.330239,24.183462,9.902488,3.693207,0.000000
27.120146,23.405461,27.736446,1202.296761,-2.315962,24.192637,9.929523,3.703290,0.000000
27.135940,23.413399,27.667117,1197.689787,-2.299978,24.201803,9.954994,3.712789,0.000000
27.151672,23.421317,27.598559,1193.066147,-2.282400,24.210960,9.978824,3.721677,0.000000
27.167332,23.429205,27.530811,1188.426340,-2.263333,24.220106,10.000939,3.729925,0.000000
27.182941,23.437063,27.463919,1183.770927,-2.242892,24.229252,10.021273,3.737509,0.000000
27.198477,23.444901,27.397913,1179.100551,-2.221180,24.238380,10.039769,3.744407,0.000000
27.213961,23.452708,27.332821,1174.415881,-2.198323,24.247497,10.056375,3.750600,0.000000
27.229383,23.460486,27.268672,1169.717662,-2.174455,24.256604,10.071050,3.756073,0.000000
27.244733,23.468243,27.205494,1165.006678,-2.149692,24.265693,10.083757,3.760812,0.000000
27.260031,23.475970,27.143297,1160.283772,-2.124179,24.274781,10.094471,3.764808,0.000000
27.275257,23.483667,27.082109,1155.549793,-2.098052,24.283849,10.103174,3.768054,0.000000
27.290421,23.491334,27.021931,1150.805688,-2.071446,24.292918,10.109856,3.770546,0.000000
27.305523,23.498981,26.962771,1146.052385,-2.044507,24.301958,10.114516,3.772284,0.000000
27.320562,23.506598,26.904620,1141.290879,-2.017370,24.310997,10.117162,3.773271,0.000000
27.335540,23.514184,26.847498,1136.522173,-1.990191,24.320027,10.117808,3.773512,0.000000
27.350456,23.521741,26.791386,1131.747309,-1.963095,24.329038,10.116479,3.773016,0.000000
27.365299,23.529277,26.736263,1126.967339,-1.936250,24.338038,10.113206,3.771796,0.000000
27.380091,23.536773,26.682131,1122.183325,-1.909779,24.347019,10.108029,3.769865,0.000000
27.394810,23.544249,26.628961,1117.396356,-1.883829,24.356001,10.100993,3.767241,0.000000
27.409468,23.551695,26.576733,1112.607504,-1.858545,24.364962,10.092153,3.763944,0.000000
27.424063,23.559120,26.525429,1107.817877,-1.834063,24.373915,10.081568,3.759996,0.000000
27.438596,23.566506,26.475001,1103.028546,-1.810519,24.382847,10.069306,3.755423,0.000000
27.453057,23.573871,26.425430,1098.240602,-1.788026,24.391780,10.055438,3.750251,0.000000
27.467466,23.581197,26.376677,1093.455125,-1.766730,24.400693,10.040042,3.744509,0.000000
27.481803,23.588502,26.328696,1088.673167,-1.746747,24.409596,10.023200,3.738227,0.000000
27.496078,23.595777,26.281449,1083.895778,-1.728191,24.418481,10.005000,3.731440,0.000000
27.510291,23.603032,26.234896,1079.123993,-1.711186,24.427365,9.985532,3.724179,0.000000
27.524442,23.610246,26.188981,1074.358806,-1.695815,24.436239,9.964890,3.716480,0.000000
27.538520,23.617431,26.143666,1069.601200,-1.682195,24.445094,9.943171,3.708380,0.000000
27.552547,23.624595,26.098885,1064.852133,-1.670428,24.453939,9.920473,3.699915,0.000000
27.566501,23.631730,26.054589,1060.112523,-1.660577,24.462784,9.896899,3.691122,0.000000
27.580404,23.638834,26.010731,1055.383257,-1.652735,24.471610,9.872550,3.682041,0.000000
27.594234,23.645908,25.967244,1050.665179,-1.646987,24.480426,9.847530,3.672710,0.000000
27.608003,23.652962,25.924072,1045.959120,-1.643374,24.489242,9.821941,3.663166,0.000000
27.621709,23.659976,25.881157,1041.265854,-1.641978,24.498038,9.795889,3.653450,0.000000
27.635354,23.666969,25.838451,1036.586107,-1.642832,24.506835,9.769475,3.643599,0.000000
27.648936,23.673933,25.795878,1031.920589,-1.645998,24.515612,9.742802,3.633651,0.000000
27.662456,23.680866,25.753391,1027.269928,-1.651496,24.524389,9.715970,3.623644,0.000000
27.675914,23.687769,25.710914,1022.634758,-1.659348,24.533156,9.689079,3.613614,0.000000
27.689311,23.694652,25.668408,1018.015612,-1.669595,24.541924,9.662227,3.603600,0.000000
27.702645,23.701505,25.625798,1013.413027,-1.682236,24.550682,9.635507,3.593634,0.000000
27.715917,23.708328,25.583035,1008.827462,-1.697284,24.559430,9.609012,3.583753,0.000000
27.729138,23.715121,25.540053,1004.259346,-1.714726,24.568168,9.582833,3.573989,0.000000
27.742286,23.721883,25.496804,999.709043,-1.734564,24.576906,9.557055,3.564375,0.000000
27.755382,23.728626,25.453222,995.176888,-1.756765,24.585644,9.531762,3.554942,0.000000
27.768406,23.735338,25.409250,990.663158,-1.781320,24.594373,9.507033,3.545719,0.000000
27.781379,23.742020,25.364849,986.168092,-1.808186,24.603092,9.482945,3.536735,0.000000
27.794289,23.748672,25.319963,981.691872,-1.837323,24.611820,9.459570,3.528017,0.000000
27.807138,23.755304,25.274534,977.234631,-1.868698,24.620529,9.436977,3.519591,0.000000
27.819934,23.761906,25.228515,972.796484,-1.902250,24.629248,9.415230,3.511480,0.000000
27.832669,23.768478,25.181867,968.377470,-1.937926,24.637957,9.394390,3.503708,0.000000
27.845342,23.775029,25.134552,963.977589,-1.975654,24.646666,9.374513,3.496295,0.000000
27.857952,23.781550,25.086514,959.596802,-2.015370,24.655375,9.355652,3.489260,0.000000
27.870511,23.788042,25.037714,955.235042,-2.057003,24.664084,9.337854,3.482622,0.000000
0.051755,0.050312,48.213912,5056.609822,-0.461895,43.739877,8.531275,3.181803,0.000000
0.103459,0.100574,48.159227,5052.279452,-0.402237,43.740023,8.585743,3.202117,0.000000
0.155132,0.150806,48.112179,5047.909393,-0.341850,43.740207,8.630668,3.218872,0.000000
0.206753,0.200987,48.072844,5043.504501,-0.280890,43.740441,8.665824,3.231984,0.000000
0.258322,0.251128,48.041260,5039.069768,-0.219524,43.740713,8.691045,3.241390,0.000000
0.309850,0.301219,48.017455,5034.610281,-0.157898,43.741034,8.706224,3.247051,0.000000
0.361337,0.351270,48.001449,5030.131220,-0.096199,43.741393,8.711316,3.248950,0.000000
0.412782,0.401281,47.993222,5025.637799,-0.034583,43.741792,8.706339,3.247094,0.000000
0.464176,0.451251,47.992727,5021.135256,0.026783,43.742249,8.691375,3.241513,0.000000
0.515518,0.501171,47.999935,5016.628802,0.087733,43.742735,8.666562,3.232259,0.000000
0.566818,0.551041,48.014742,5012.123591,0.148120,43.743269,8.632099,3.219406,0.000000
0.618067,0.600881,48.037071,5007.624729,0.207757,43.743852,8.588243,3.203049,0.000000
0.669275,0.650660,48.066798,5003.137169,0.266520,43.744475,8.535298,3.183303,0.000000
0.720431,0.700410,48.103791,4998.665768,0.324241,43.745135,8.473620,3.160300,0.000000
0.771545,0.750109,48.147896,4994.215191,0.380796,43.745845,8.403608,3.134188,0.000000
0.822608,0.799768,48.198962,4989.789924,0.436028,43.746593,8.325697,3.105131,0.000000
0.873630,0.849376,48.256779,4985.394278,0.489813,43.747391,8.240357,3.073303,0.000000
0.924600,0.898945,48.321167,4981.032308,0.542047,43.748226,8.148086,3.038890,0.000000
0.975528,0.948473,48.391895,4976.707838,0.592593,43.749111,8.049403,3.002085,0.000000
1.026405,0.997961,48.468756,4972.424463,0.641359,43.750034,7.944844,2.963089,0.000000
1.077240,1.047409,48.551502,4968.185511,0.688261,43.751006,7.834955,2.922105,0.000000
1.128034,1.096807,48.639894,4963.994042,0.733194,43.752017,7.720290,2.879340,0.000000
1.178777,1.146174,48.733656,4959.852846,0.776087,43.753077,7.601401,2.834999,0.000000
1.229478,1.195491,48.832541,4955.764459,0.816876,43.754185,7.478839,2.789289,0.000000
1.280127,1.244768,48.936264,4951.731127,0.855499,43.755332,7.353143,2.742410,0.000000
1.330746,1.294015,49.044557,4947.754858,0.891904,43.756518,7.224844,2.694559,0.000000
1.381312,1.343212,49.157134,4943.837372,0.926050,43.757762,7.094454,2.645930,0.000000
1.431838,1.392379,49.273702,4939.980163,0.957914,43.759045,6.962469,2.596705,0.000000
1.482322,1.441505,49.393983,4936.184462,0.987457,43.760367,6.829362,2.547062,0.000000
1.532775,1.490601,49.517663,4932.451284,1.014678,43.761747,6.695584,2.497168,0.000000
1.583176,1.539657,49.644476,4928.781384,1.039545,43.763166,6.561562,2.447183,0.000000
1.633536,1.588673,49.774117,4925.175355,1.062079,43.764634,6.427694,2.397256,0.000000
1.683865,1.637659,49.906300,4921.633550,1.082271,43.766140,6.294354,2.347526,0.000000
1.734153,1.686614,50.040721,4918.156151,1.100140,43.767705,6.161887,2.298122,0.000000
1.784399,1.735529,50.177113,4914.743159,1.115698,43.769309,6.030613,2.249162,0.000000
1.834614,1.784425,50.315181,4911.394420,1.128954,43.770971,5.900821,2.200755,0.000000
1.884788,1.833280,50.454649,4908.109618,1.139950,43.772672,5.772776,2.153000,0.000000
1.934921,1.882105,50.595240,4904.888315,1.148718,43.774422,5.646716,2.105985,0.000000
1.985022,1.930899,50.736669,4901.729945,1.155279,43.776220,5.522853,2.059789,0.000000
2.035093,1.979664,50.878688,4898.633820,1.159684,43.778067,5.401375,2.014483,0.000000
2.085132,2.028398,51.021032,4895.599166,1.161954,43.779962,5.282448,1.970129,0.000000
2.135130,2.077103,51.163432,4892.625113,1.162162,43.781906,5.166215,1.926778,0.000000
2.185098,2.125787,51.305642,4889.710704,1.160329,43.783899,5.052797,1.884479,0.000000
2.235034,2.174441,51.447433,4886.854917,1.156518,43.785940,4.942298,1.843267,0.000000
2.284929,2.223075,51.588548,4884.056681,1.150770,43.788039,4.834803,1.803176,0.000000
2.334803,2.271679,51.728777,4881.314866,1.143137,43.790178,4.730379,1.764230,0.000000
2.384646,2.320252,51.867873,4878.628298,1.133682,43.792374,4.629080,1.726450,0.000000
2.434458,2.368806,52.005627,4875.995763,1.122446,43.794620,4.530944,1.689849,0.000000
2.484239,2.417340,52.141838,4873.416016,1.109481,43.796914,4.435997,1.654438,0.000000
2.533989,2.465853,52.276297,4870.887805,1.094861,43.799256,4.344256,1.620223,0.000000
2.583719,2.514336,52.408795,4868.409850,1.078616,43.801647,4.255724,1.587204,0.000000
2.633407,2.562809,52.539159,4865.980859,1.060809,43.804097,4.170396,1.555380,0.000000
2.683074,2.611252,52.667201,4863.599522,1.041503,43.806595,4.088261,1.524747,0.000000
2.732742,2.659655,52.791976,4861.265907,1.008263,43.772176,4.009751,1.495467,-35.793489
2.782399,2.708018,52.912571,4858.979755,0.973857,43.738497,3.935251,1.467681,-35.793489
2.832066,2.756330,53.028862,4856.739269,0.938358,43.705517,3.864664,1.441355,-35.793489
2.881744,2.804583,53.140726,4854.542689,0.901807,43.673198,3.797897,1.416454,-35.793489
2.931432,2.852794,53.248028,4852.388314,0.864257,43.641511,3.734856,1.392943,-35.793489
2.981120,2.900966,53.350675,4850.274450,0.825769,43.610417,3.675454,1.370788,-35.793489
3.030808,2.949078,53.448541,4848.199445,0.786396,43.579887,3.619603,1.349958,-35.793489
3.080506,2.997159,53.541542,4846.161691,0.746180,43.549901,3.567219,1.330421,-35.793489
3.130215,3.045190,53.629581,4844.159601,0.705172,43.520410,3.518224,1.312148,-35.793489
3.179924,3.093171,53.712565,4842.191608,0.663414,43.491396,3.472541,1.295110,-35.793489
3.229633,3.141112,53.790407,4840.256200,0.620959,43.462829,3.430098,1.279281,-35.793489
3.279352,3.189022,53.863030,4838.351858,0.577858,43.434680,3.390826,1.264634,-35.793489
3.329081,3.236882,53.930379,4836.477108,0.534143,43.406910,3.354662,1.251146,-35.793489
3.378811,3.284702,53.992366,4834.630498,0.489876,43.379500,3.321547,1.238796,-35.793489
3.428540,3.332482,54.048946,4832.810583,0.445077,43.352430,3.291424,1.227561,-35.793489
3.478280,3.380222,54.100059,4831.015939,0.399800,43.325661,3.264244,1.217424,-35.793489
3.528030,3.427931,54.145650,4829.245171,0.354085,43.299165,3.239961,1.208368,-35.793489
3.577780,3.475591,54.185671,4827.496881,0.307986,43.272931,3.218532,1.200376,-35.793489
3.627530,3.523220,54.220083,4825.769685,0.261521,43.246920,3.199922,1.193435,-35.793489
3.677291,3.570819,54.248849,4824.062213,0.214734,43.221104,3.184099,1.187533,-35.793489
3.727051,3.618368,54.271940,4822.373100,0.167686,43.195472,3.171034,1.182661,-35.793489
3.776822,3.665886,54.289336,4820.700987,0.120389,43.169987,3.160706,1.178809,-35.793489
3.826593,3.713375,54.301001,4819.044497,0.072894,43.144637,3.153097,1.175971,-35.793489
3.876374,3.760813,54.306914,4817.402283,0.025242,43.119375,3.148194,1.174142,-35.793489
3.926165,3.808231,54.307085,4815.772967,-0.022524,43.094200,3.145988,1.173320,-35.793489
3.975946,3.855599,54.301486,4814.155192,-0.070384,43.069064,3.146476,1.173502,-35.793489
4.025748,3.902947,54.290117,4812.547561,-0.118285,43.043967,3.149659,1.174689,-35.793489
4.075550,3.950254,54.272978,4810.948699,-0.166197,43.018870,3.155543,1.176883,-35.793489
4.125352,3.997522,54.250077,4809.357198,-0.214067,42.993744,3.164139,1.180089,-35.793489
4.175164,4.044759,54.221435,4807.771636,-0.261875,42.968570,3.175463,1.184313,-35.793489
4.224976,4.091956,54.187042,4806.190577,-0.309579,42.943327,3.189535,1.189561,-35.793489
4.274799,4.139123,54.146936,4804.612568,-0.357126,42.917987,3.206380,1.195843,-35.793489
4.324631,4.186260,54.101135,4803.036118,-0.404497,42.892511,3.226028,1.203171,-35.793489
4.374464,4.233356,54.049660,4801.459715,-0.451627,42.866889,3.248513,1.211557,-35.793489
4.424307,4.280423,53.992566,4799.881840,-0.498498,42.841093,3.273875,1.221016,-35.793489
4.474150,4.327449,53.929865,4798.300924,-0.545056,42.815092,3.302158,1.231564,-35.793489
4.524004,4.374435,53.861621,4796.715352,-0.591271,42.788848,3.333410,1.243220,-35.793489
4.573857,4.421401,53.787864,4795.123508,-0.637089,42.762351,3.367684,1.256003,-35.793489
4.623732,4.468317,53.708670,4793.523699,-0.682481,42.735563,3.405039,1.269935,-35.793489
4.673606,4.515202,53.624078,4791.914223,-0.727384,42.708454,3.445536,1.285038,-35.793489
4.723480,4.562058,53.534162,4790.293312,-0.771765,42.680995,3.489241,1.301338,-35.793489
4.773364,4.608863,53.438990,4788.659167,-0.815585,42.653157,3.536225,1.318862,-35.793489
4.823259,4.655648,53.338629,4787.009935,-0.858779,42.624911,3.586563,1.337636,-35.793489
4.873164,4.702383,53.233174,4785.343702,-0.901318,42.596218,3.640333,1.357690,-35.793489
4.923069,4.749077,53.122701,4783.658528,-0.943138,42.567058,3.697618,1.379054,-35.793489
4.972995,4.795742,53.007295,4781.952395,-0.984198,42.537383,3.758502,1.401761,-35.793489
5.022921,4.842366,52.887081,4780.223228,-1.024445,42.507164,3.823075,1.425844,-35.793489
5.072847,4.888950,52.762134,4778.468906,-1.063829,42.476361,3.891427,1.451337,-35.793489
5.122793,4.935494,52.632579,4776.687247,-1.102296,42.444946,3.963653,1.478274,-35.793489
5.172750,4.981988,52.498539,4774.875995,-1.139784,42.412870,4.039848,1.506691,-35.793489
5.222707,5.028451,52.360128,4773.032846,-1.176241,42.380114,4.120108,1.536625,-35.793489
5.272674,5.074865,52.217480,4771.155419,-1.211615,42.346619,4.204532,1.568111,-35.793489
5.322652,5.121238,52.070728,4769.241285,-1.245833,42.312356,4.293216,1.601187,-35.793489
5.372650,5.167561,51.920025,4767.287921,-1.278844,42.277277,4.386259,1.635888,-35.793489
5.422648,5.213843,51.765522,4765.292783,-1.310594,42.241342,4.483754,1.672250,-35.793489
5.472657,5.260076,51.607382,4763.253231,-1.341001,42.204504,4.585796,1.710307,-35.793489
5.522676,5.306258,51.445766,4761.166570,-1.370013,42.166732,4.692472,1.750092,-35.793489
5.572705,5.352390,51.280847,4759.030046,-1.397566,42.127959,4.803867,1.791638,-35.793489
5.622755,5.398471,51.112813,4756.840857,-1.423579,42.088166,4.920060,1.834973,-35.793489
5.672805,5.444503,50.941857,4754.596126,-1.447998,42.047274,5.041120,1.880123,-35.793489
5.722875,5.490484,50.768177,4752.292954,-1.470752,42.005264,5.167109,1.927112,-35.793489
5.772956,5.536405,50.591983,4749.928379,-1.491766,41.962069,5.298077,1.975957,-35.793489
5.823047,5.582276,50.413476,4747.499398,-1.510968,41.917649,5.434061,2.026674,-35.793489
5.873159,5.628076,50.232902,4745.002979,-1.528296,41.871955,5.575086,2.079270,-35.793489
5.923271,5.673826,50.050472,4742.436073,-1.543676,41.824930,5.721157,2.133748,-35.793489
5.973403,5.719506,49.866451,4739.795592,-1.557026,41.776525,5.872261,2.190104,-35.793489
6.023557,5.765125,49.681059,4737.078484,-1.568283,41.726700,6.028364,2.248323,-35.793489
6.073710,5.810685,49.494582,4734.281673,-1.577374,41.675389,6.189410,2.308387,-35.793489
6.123894,5.856173,49.307257,4731.402106,-1.584226,41.622561,6.355313,2.370261,-35.793489
6.174078,5.901592,49.119380,4728.436773,-1.588787,41.568148,6.525962,2.433906,-35.793489
6.224294,5.946930,48.931227,4725.382709,-1.590974,41.512123,6.701213,2.499267,-35.793489
6.274509,5.992198,48.743073,4722.237018,-1.590724,41.454425,6.880889,2.566279,-35.793489
6.324755,6.037395,48.555235,4718.996897,-1.587975,41.395007,7.064777,2.634861,-35.793489
6.375012,6.082512,48.367986,4715.659632,-1.582664,41.333839,7.252625,2.704921,-35.793489
6.425279,6.127539,48.181661,4712.222649,-1.574750,41.270873,7.444140,2.776348,-35.793489
6.475566,6.172495,47.996564,4708.683531,-1.564180,41.206070,7.638988,2.849018,-35.793489
6.525875,6.217351,47.813010,4705.040011,-1.550893,41.139392,7.836789,2.922789,-35.793489
6.576204,6.262126,47.631332,4701.290044,-1.534856,41.070817,8.037118,2.997503,-35.793489
6.626543,6.306811,47.451844,4697.431792,-1.516029,41.000318,8.239505,3.072985,-35.793489
6.676913,6.351396,47.274879,4693.463678,-1.494400,40.927866,8.443429,3.149040,-35.793489
6.727294,6.395880,47.100780,4689.384384,-1.469939,40.853440,8.648328,3.225458,-35.793489
6.777685,6.440273,46.929871,4685.192905,-1.442635,40.777042,8.853588,3.302012,-35.793489
6.828107,6.484556,46.762476,4680.888562,-1.412489,40.698650,9.058555,3.378456,-35.793489
6.878550,6.528739,46.598936,4676.471020,-1.379499,40.618266,9.262531,3.454530,-35.793489
6.929003,6.572811,46.439578,4671.940338,-1.343688,40.535899,9.464777,3.529959,-35.793489
6.979487,6.616773,46.284732,4667.296935,-1.305096,40.451569,9.664520,3.604455,-35.793489
7.029981,6.660624,46.134705,4662.541672,-1.263734,40.365285,9.860956,3.677717,-35.793489
7.080496,6.704354,45.989810,4657.675850,-1.219685,40.277086,10.053256,3.749437,-35.793489
7.131042,6.747974,45.850361,4652.701189,-1.172982,40.187002,10.240571,3.819297,-35.793489
7.181598,6.791463,45.716645,4647.619898,-1.123726,40.095070,10.422039,3.886977,-35.793489
7.232175,6.834832,45.588956,4642.434646,-1.071993,40.001360,10.596796,3.952154,-35.793489
7.282773,6.878070,45.467551,4637.148548,-1.017875,39.905920,10.763980,4.014507,-35.793489
7.333391,6.921177,45.352698,4631.765220,-0.961507,39.808827,10.922742,4.073718,-35.793489
7.383989,6.964204,45.246700,4626.285167,-0.867391,39.815641,11.068864,4.128216,0.000000
7.434514,7.007191,45.151852,4620.711652,-0.770870,39.822474,11.197990,4.176374,0.000000
7.484988,7.050137,45.068411,4615.053220,-0.672255,39.829337,11.309117,4.217820,0.000000
7.535389,7.093044,44.996568,4609.318976,-0.571870,39.836218,11.401393,4.252235,0.000000
7.585718,7.135910,44.936475,4603.518479,-0.470049,39.843129,11.474120,4.279359,0.000000
7.635985,7.178736,44.888247,4597.661704,-0.367165,39.850059,11.526767,4.298994,0.000000
7.686180,7.221512,44.851959,4591.758929,-0.263562,39.857019,11.558979,4.311008,0.000000
7.736313,7.264248,44.827649,4585.820681,-0.159616,39.863998,11.570585,4.315336,0.000000
7.786373,7.306933,44.815299,4579.857572,-0.055701,39.871006,11.561594,4.311983,0.000000
7.836350,7.349588,44.814852,4573.880275,0.047818,39.878034,11.532204,4.301022,0.000000
7.886266,7.392183,44.826212,4567.899411,0.150567,39.885080,11.482788,4.282592,0.000000
7.936119,7.434738,44.849236,4561.925422,0.252191,39.892157,11.413891,4.256896,0.000000
7.985890,7.477252,44.883753,4555.968519,0.352346,39.899252,11.326216,4.224197,0.000000
8.035588,7.519717,44.929534,4550.038589,0.450690,39.906377,11.220613,4.184812,0.000000
8.085225,7.562141,44.986342,4544.145136,0.546899,39.913521,11.098060,4.139104,0.000000
8.134779,7.604514,45.053871,4538.297177,0.640671,39.920694,10.959646,4.087482,0.000000
8.184270,7.646848,45.131818,4532.503230,0.731715,39.927887,10.806552,4.030384,0.000000
8.233690,7.689142,45.219819,4526.771242,0.819781,39.935099,10.640032,3.968279,0.000000
8.283047,7.731385,45.317505,4521.108537,0.904629,39.942341,10.461393,3.901654,0.000000
8.332322,7.773588,45.424474,4515.521835,0.986031,39.949611,10.271972,3.831009,0.000000
8.381534,7.815741,45.540299,4510.017181,1.063798,39.956901,10.073124,3.756847,0.000000
8.430685,7.857863,45.664550,4504.599986,1.137774,39.964220,9.866199,3.679673,0.000000
8.479763,7.899946,45.796762,4499.274973,1.207793,39.971569,9.652526,3.599982,0.000000
8.528779,7.941978,45.936477,4494.046235,1.273752,39.978936,9.433404,3.518258,0.000000
8.577733,7.983980,46.083220,4488.917233,1.335555,39.986343,9.210083,3.434969,0.000000
8.626615,8.025942,46.236494,4483.890806,1.393120,39.993769,8.983757,3.350559,0.000000
8.675435,8.067864,46.395815,4478.969193,1.446405,40.001234,8.755557,3.265450,0.000000
8.724203,8.109755,46.560696,4474.154103,1.495369,40.008718,8.526540,3.180037,0.000000
8.772909,8.151606,46.730634,4469.446705,1.540000,40.016241,8.297686,3.094684,0.000000
8.821553,8.193418,46.905142,4464.847696,1.580300,40.023794,8.069899,3.009729,0.000000
8.870135,8.235209,47.083736,4460.357296,1.616309,40.031375,7.843996,2.925477,0.000000
8.918666,8.276960,47.265938,4455.975333,1.648039,40.038996,7.620719,2.842204,0.000000
8.967144,8.318690,47.451253,4451.701281,1.675551,40.046646,7.400725,2.760156,0.000000
9.015572,8.360381,47.639226,4447.534241,1.698908,40.054334,7.184595,2.679548,0.000000
9.063937,8.402051,47.829407,4443.473046,1.718183,40.062052,6.972834,2.600571,0.000000
9.112260,8.443682,48.021321,4439.516254,1.733449,40.069808,6.765875,2.523384,0.000000
9.160522,8.485302,48.214550,4435.662219,1.744790,40.077604,6.564084,2.448124,0.000000
9.208742,8.526882,48.408664,4431.909067,1.752318,40.085438,6.367763,2.374905,0.000000
9.256911,8.568442,48.603235,4428.254781,1.756130,40.093301,6.177156,2.303816,0.000000
9.305038,8.609982,48.797872,4424.697199,1.756328,40.101213,5.992453,2.234930,0.000000
9.353114,8.651501,48.992186,4421.234067,1.753016,40.109155,5.813794,2.168298,0.000000
9.401148,8.693001,49.185786,4417.863020,1.746320,40.117135,5.641278,2.103957,0.000000
9.449141,8.734471,49.378329,4414.581642,1.736334,40.125163,5.474961,2.041928,0.000000
9.497092,8.775930,49.569443,4411.387455,1.723192,40.133231,5.314865,1.982219,0.000000
9.544992,8.817369,49.758806,4408.277972,1.706999,40.141337,5.160983,1.924827,0.000000
9.592861,8.858789,49.946083,4405.250662,1.687870,40.149483,5.013279,1.869740,0.000000
9.640688,8.900198,50.130970,4402.303027,1.665919,40.157677,4.871694,1.816935,0.000000
9.688475,8.941587,50.313172,4399.432553,1.641260,40.165909,4.736151,1.766383,0.000000
9.736230,8.982956,50.492393,4396.636736,1.614008,40.174181,4.606556,1.718049,0.000000
9.783933,9.024315,50.668368,4393.913136,1.584268,40.182501,4.482800,1.671894,0.000000
9.831616,9.065664,50.840839,4391.259307,1.552153,40.190870,4.364766,1.627872,0.000000
9.879257,9.107003,51.009548,4388.672867,1.517778,40.199278,4.252326,1.585937,0.000000
9.926868,9.148322,51.174258,4386.151455,1.481227,40.207734,4.145347,1.546038,0.000000
9.974437,9.189630,51.334760,4383.692785,1.442615,40.216229,4.043692,1.508125,0.000000
10.021975,9.230929,51.490824,4381.294601,1.402044,40.224773,3.947219,1.472145,0.000000
10.069482,9.272218,51.642251,4378.954685,1.359599,40.233366,3.855788,1.438045,0.000000
10.116958,9.313506,51.788851,4376.670895,1.315384,40.242007,3.769256,1.405772,0.000000
10.164403,9.354775,51.930442,4374.441137,1.269482,40.250687,3.687484,1.375275,0.000000
10.211817,9.396043,52.066853,4372.263355,1.221997,40.259415,3.610333,1.346501,0.000000
10.259200,9.437302,52.197913,4370.135551,1.173002,40.268192,3.537668,1.319400,0.000000
10.306552,9.478550,52.323469,4368.055774,1.122581,40.277018,3.469358,1.293923,0.000000
10.353873,9.519789,52.443378,4366.022122,1.070827,40.285892,3.405275,1.270023,0.000000
10.401174,9.561027,52.557518,4364.032739,1.017812,40.294815,3.345296,1.247653,0.000000
10.448433,9.602265,52.665744,4362.085810,0.963611,40.303777,3.289306,1.226771,0.000000
10.495681,9.643494,52.767942,4360.179574,0.908305,40.312797,3.237192,1.207335,0.000000
10.542888,9.684712,52.864009,4358.312292,0.851969,40.321866,3.188849,1.189305,0.000000
10.590075,9.725930,52.953839,4356.482261,0.794664,40.330974,3.144176,1.172644,0.000000
10.637231,9.767149,53.037327,4354.687838,0.736464,40.340139,3.103082,1.157317,0.000000
10.684366,9.808367,53.114398,4352.927376,0.677441,40.349354,3.065478,1.143293,0.000000
10.731470,9.849575,53.184955,4351.199281,0.617668,40.358617,3.031284,1.130540,0.000000
10.778553,9.890783,53.248942,4349.501973,0.557188,40.367929,3.000427,1.119032,0.000000
10.825605,9.931982,53.306283,4347.833886,0.496082,40.377289,2.972839,1.108742,0.000000
10.872637,9.973190,53.356931,4346.193497,0.434414,40.386698,2.948459,1.099650,0.000000
10.919648,10.014388,53.400808,4344.579279,0.372236,40.396156,2.927233,1.091733,0.000000
10.966628,10.055596,53.437886,4342.989710,0.309610,40.405662,2.909114,1.084976,0.000000
11.013587,10.096795,53.468128,4341.423309,0.246588,40.415226,2.894061,1.079362,0.000000
11.060525,10.137993,53.491485,4339.878565,0.183254,40.424829,2.882041,1.074879,0.000000
11.107433,10.179191,53.507939,4338.353985,0.119639,40.434491,2.873024,1.071516,0.000000
11.154320,10.220389,53.517470,4336.848089,0.055816,40.444201,2.866992,1.069266,0.000000
11.201186,10.261587,53.520060,4335.359365,-0.008164,40.453960,2.863929,1.068124,0.000000
11.248021,10.302786,53.515699,4333.886313,-0.072237,40.463767,2.863827,1.068086,0.000000
11.294836,10.343984,53.504377,4332.427411,-0.136353,40.473624,2.866686,1.069152,0.000000
11.341629,10.385182,53.486114,4330.981141,-0.200457,40.483538,2.872511,1.071325,0.000000
11.388403,10.426390,53.460910,4329.545942,-0.264489,40.493501,2.881314,1.074608,0.000000
11.435145,10.467588,53.428783,4328.120248,-0.328385,40.503503,2.893114,1.079009,0.000000
11.481877,10.508797,53.389753,4326.702461,-0.392084,40.513563,2.907935,1.084536,0.000000
11.528577,10.549995,53.343847,4325.290975,-0.455543,40.523681,2.925810,1.091203,0.000000
11.575258,10.591203,53.291105,4323.884116,-0.518700,40.533839,2.946775,1.099022,0.000000
11.621907,10.632411,53.231555,4322.480213,-0.581492,40.544045,2.970876,1.108011,0.000000
11.668545,10.673620,53.165264,4321.077523,-0.643848,40.554309,2.998164,1.118188,0.000000
11.715153,10.714828,53.092269,4319.674289,-0.705713,40.564612,3.028696,1.129575,0.000000
11.761740,10.756046,53.012637,4318.268683,-0.767038,40.574973,3.062535,1.142195,0.000000
11.808307,10.797254,52.926444,4316.858851,-0.827737,40.585384,3.099752,1.156076,0.000000
11.854853,10.838473,52.833748,4315.442871,-0.887760,40.595842,3.140423,1.171244,0.000000
11.901367,10.879691,52.734644,4314.018764,-0.947033,40.606349,3.184630,1.187732,0.000000
11.947861,10.920909,52.629218,4312.584512,-1.005483,40.616905,3.232461,1.205570,0.000000
11.994335,10.962128,52.517554,4311.138002,-1.063048,40.627510,3.284010,1.224796,0.000000
12.040787,11.003356,52.399777,4309.677083,-1.119655,40.638163,3.339377,1.245446,0.000000
12.087209,11.044574,52.275992,4308.199518,-1.175231,40.648865,3.398667,1.267558,0.000000
12.133610,11.085803,52.146313,4306.702992,-1.229693,40.659615,3.461988,1.291174,0.000000
12.179991,11.127031,52.010873,4305.185134,-1.282957,40.670414,3.529456,1.316337,0.000000
12.226340,11.168259,51.869806,4303.643478,-1.334961,40.681261,3.601188,1.343090,0.000000
12.272669,11.209488,51.723264,4302.075480,-1.385612,40.692157,3.677306,1.371479,0.000000
12.318977,11.250716,51.571399,4300.478530,-1.434825,40.703102,3.757935,1.401550,0.000000
12.365254,11.291944,51.414373,4298.849902,-1.482508,40.714085,3.843201,1.433351,0.000000
12.411500,11.333183,51.252367,4297.186806,-1.528587,40.725118,3.933232,1.466928,0.000000
12.457725,11.374411,51.085562,4295.486352,-1.572948,40.736208,4.028155,1.502331,0.000000
12.503930,11.415639,50.914148,4293.745578,-1.615508,40.747337,4.128098,1.539605,0.000000
12.550103,11.456868,50.738335,4291.961423,-1.656161,40.758506,4.233185,1.578798,0.000000
12.596246,11.498106,50.558333,4290.130733,-1.694826,40.769722,4.343535,1.619954,0.000000
12.642368,11.539334,50.374379,4288.250285,-1.731377,40.780988,4.459265,1.663116,0.000000
12.688459,11.580563,50.186692,4286.316770,-1.765720,40.792302,4.580481,1.708325,0.000000
12.734519,11.621781,49.995540,4284.326795,-1.797752,40.803655,4.707281,1.755616,0.000000
12.780548,11.663009,49.801169,4282.276898,-1.827357,40.815047,4.839751,1.805021,0.000000
12.826546,11.704228,49.603855,4280.163551,-1.854432,40.826487,4.977963,1.856568,0.000000
12.872523,11.745446,49.403885,4277.983168,-1.878862,40.837966,5.121970,1.910277,0.000000
12.918479,11.786624,49.200230,4275.734784,-1.925243,40.787772,5.272844,1.966546,-41.929516
12.964457,11.827762,48.991843,4273.416783,-1.969468,40.735722,5.431776,2.025822,-41.929516
13.010444,11.868830,48.778952,4271.024403,-2.011413,40.681737,5.599016,2.088195,-41.929516
13.056453,11.909837,48.561843,4268.552748,-2.050974,40.625712,5.774797,2.153754,-41.929516
13.102471,11.950784,48.340753,4265.996762,-2.088014,40.567528,5.959344,2.222582,-41.929516
13.148510,11.991671,48.115998,4263.351261,-2.122399,40.507070,6.152868,2.294758,-41.929516
13.194570,12.032487,47.887862,4260.610919,-2.154014,40.444250,6.355559,2.370353,-41.929516
13.240641,12.073223,47.656660,4257.770287,-2.182703,40.378922,6.567585,2.449430,-41.929516
13.286732,12.113889,47.422726,4254.823799,-2.208340,40.310989,6.789084,2.532040,-41.929516
13.332843,12.154484,47.186391,4251.765796,-2.230791,40.240316,7.020162,2.618222,-41.929516
13.378965,12.194989,46.948020,4248.590550,-2.249900,40.166784,7.260882,2.708000,-41.929516
13.425118,12.235413,46.707982,4245.292277,-2.265530,40.090278,7.511260,2.801380,-41.929516
13.471292,12.275747,46.466667,4241.865152,-2.277547,40.010672,7.771258,2.898349,-41.929516
13.517486,12.315991,46.224477,4238.303364,-2.285795,39.927829,8.040777,2.998868,-41.929516
13.563701,12.356134,45.981821,4234.601137,-2.290148,39.841642,8.319647,3.102875,-41.929516
13.609947,12.396187,45.739135,4230.752762,-2.290460,39.751975,8.607622,3.210277,-41.929516
13.656214,12.436129,45.496860,4226.752665,-2.286597,39.658722,8.904369,3.320951,-41.929516
13.702501,12.475960,45.255460,4222.595416,-2.278433,39.561756,9.209464,3.434738,-41.929516
13.748819,12.515692,45.015384,4218.275813,-2.265843,39.460980,9.522380,3.551443,-41.929516
13.795169,12.555292,44.777136,4213.788931,-2.248713,39.356286,9.842485,3.670828,-41.929516
13.841539,12.594772,44.541192,4209.130154,-2.226938,39.247568,10.169030,3.792616,-41.929516
13.887940,12.634131,44.308048,4204.295291,-2.200416,39.134739,10.501149,3.916482,-41.929516
13.934372,12.673360,44.078227,4199.280578,-2.169082,39.017740,10.837852,4.042058,-41.929516
13.980835,12.712438,43.852224,4194.082799,-2.132843,38.896474,11.178024,4.168927,-41.929516
14.027329,12.751386,43.630572,4188.699337,-2.091679,38.770921,11.520422,4.296628,-41.929516
14.073854,12.790182,43.413777,4183.128231,-2.045538,38.641024,11.863682,4.424649,-41.929516
14.120410,12.828828,43.202362,4177.368247,-1.994419,38.506762,12.206319,4.552438,-41.929516
14.166997,12.867313,42.996841,4171.418955,-1.938322,38.368136,12.546732,4.679397,-41.929516
14.213615,12.905628,42.797728,4165.280795,-1.877300,38.225156,12.883222,4.804894,-41.929516
14.260265,12.943781,42.605528,4158.955115,-1.811404,38.077879,13.213996,4.928258,-41.929516
14.306955,12.981764,42.420717,4152.444219,-1.740718,37.926335,13.537188,5.048795,-41.929516
14.353666,13.019566,42.243790,4145.751426,-1.665367,37.770631,13.850877,5.165788,-41.929516
14.400419,13.057177,42.075195,4138.881095,-1.585496,37.610865,14.153106,5.278507,-41.929516
14.447213,13.094597,41.915379,4131.838619,-1.501273,37.447161,14.441912,5.386219,-41.929516
14.494027,13.131826,41.764761,4124.630461,-1.412905,37.279686,14.715347,5.488199,-41.929516
14.540873,13.168864,41.623722,4117.264147,-1.320643,37.108606,14.971507,5.583735,-41.929516
14.587759,13.205691,41.492625,4109.748196,-1.224726,36.934132,15.208563,5.672147,-41.929516
14.634677,13.242317,41.371810,4102.092140,-1.125455,36.756481,15.424787,5.752790,-41.929516
14.681616,13.278722,41.261556,4094.306440,-1.023154,36.575923,15.618585,5.825068,-41.929516
14.728596,13.314917,41.162138,4086.402397,-0.918167,36.392702,15.788518,5.888446,-41.929516
14.775607,13.350900,41.073755,4078.392126,-0.810847,36.207119,15.933334,5.942456,-41.929516
14.822638,13.386662,40.996599,4070.288411,-0.701590,36.019475,16.051983,5.986707,-41.929516
14.869701,13.422193,40.930803,4062.104609,-0.590781,35.830082,16.143643,6.020892,-41.929516
14.916794,13.457503,40.876461,4053.854526,-0.478858,35.639279,16.207728,6.044793,-41.929516
14.963909,13.492591,40.833612,4045.552343,-0.366217,35.447408,16.243900,6.058284,-41.929516
15.011044,13.527449,40.802266,4037.212412,-0.253315,35.254797,16.252077,6.061334,-41.929516
15.058210,13.562076,40.782384,4028.849169,-0.140560,35.061798,16.232427,6.054005,-41.929516
15.105386,13.596481,40.773872,4020.477034,-0.028387,34.868760,16.185367,6.036453,-41.929516
15.152593,13.630646,40.776614,4012.110187,0.082786,34.676023,16.111550,6.008923,-41.929516
15.199811,13.664589,40.790440,4003.762577,0.192533,34.483927,16.011854,5.971741,-41.929516
15.247049,13.698311,40.815140,3995.447687,0.300457,34.292784,15.887361,5.925310,-41.929516
15.294308,13.731802,40.850466,3987.178500,0.406173,34.102915,15.739336,5.870103,-41.929516
15.341577,13.765072,40.896133,3978.967400,0.509328,33.914620,15.569203,5.806651,-41.929516
15.388857,13.798111,40.951837,3970.826080,0.609556,33.728182,15.378521,5.735534,-41.929516
15.436147,13.830939,41.017214,3962.765458,0.706557,33.543862,15.168955,5.657375,-41.929516
15.483447,13.863546,41.091904,3954.795661,0.800027,33.361905,14.942247,5.572823,-41.929516
15.530758,13.895942,41.175497,3946.925944,0.889697,33.182542,14.700197,5.482548,-41.929516
15.578079,13.928137,41.267584,3939.164693,0.975326,33.005960,14.444626,5.387231,-41.929516
15.625400,13.960111,41.367726,3931.519413,1.056696,32.832352,14.177363,5.287553,-41.929516
15.672731,13.991883,41.475447,3923.996692,1.133619,32.661884,13.900214,5.184189,-41.929516
15.720063,14.023465,41.590291,3916.602248,1.205950,32.494671,13.614948,5.077797,-41.929516
15.767394,14.054846,41.711781,3909.340919,1.273554,32.330832,13.323277,4.969016,-41.929516
15.814736,14.086036,41.839413,3902.216721,1.336326,32.170472,13.026840,4.858457,-41.929516
15.862067,14.117036,41.972710,3895.232837,1.394193,32.013660,12.727193,4.746702,-41.929516
15.909399,14.147854,42.111159,3888.391707,1.447082,31.860435,12.425801,4.634295,-41.929516
15.956740,14.178501,42.254264,3881.695032,1.494983,31.710854,12.124025,4.521745,-41.929516
16.004072,14.208968,42.401540,3875.143854,1.537886,31.564909,11.823123,4.409522,-41.929516
16.051393,14.239274,42.552481,3868.738574,1.575781,31.422629,11.524245,4.298053,-41.929516
16.098714,14.269409,42.706603,3862.479031,1.608729,31.283983,11.228433,4.187728,-41.929516
16.146035,14.299383,42.863420,3856.364555,1.636741,31.148944,10.936623,4.078895,-41.929516
16.193356,14.329206,43.022464,3850.393979,1.659900,31.017482,10.649643,3.971864,-41.929516
16.240656,14.358879,43.183261,3844.565736,1.678279,30.889528,10.368222,3.866906,-41.929516
16.287967,14.388401,43.345362,3838.877893,1.691952,30.765045,10.092991,3.764257,-41.929516
16.335257,14.417782,43.508311,3833.328176,1.701033,30.643954,9.824493,3.664118,-41.929516
16.382547,14.447023,43.671679,3827.914050,1.705604,30.526187,9.563179,3.566659,-41.929516
16.429826,14.476133,43.835056,3822.632714,1.705802,30.411647,9.309427,3.472020,-41.929516
16.477106,14.505102,43.998014,3817.481175,1.701720,30.300256,9.063538,3.380314,-41.929516
16.524375,14.533961,44.160172,3812.456297,1.693504,30.191918,8.825747,3.291628,-41.929516
16.571634,14.562679,44.321140,3807.554782,1.681268,30.086544,8.596228,3.206027,-41.929516
16.618883,14.591287,44.480556,3802.773215,1.665159,29.984027,8.375102,3.123557,-41.929516
16.666121,14.619784,44.638058,3798.108146,1.645290,29.884271,8.162442,3.044244,-41.929516
16.713359,14.648161,44.793313,3793.556017,1.621818,29.787179,7.958277,2.968099,-41.929516
16.760587,14.676427,44.945988,3789.113262,1.594858,29.692633,7.762599,2.895119,-41.929516
16.807805,14.704592,45.095768,3784.776286,1.564555,29.600556,7.575370,2.825291,-41.929516
16.855012,14.732647,45.242367,3780.541493,1.531055,29.510811,7.396521,2.758588,-41.929516
16.902209,14.760602,45.385482,3776.405308,1.494473,29.423322,7.225965,2.694978,-41.929516
16.949406,14.788466,45.524845,3772.364145,1.454965,29.337981,7.063592,2.634419,-41.929516
16.996583,14.816229,45.660199,3768.414475,1.412645,29.254681,6.909277,2.576867,-41.929516
17.043759,14.843892,45.791306,3764.552791,1.367649,29.173315,6.762887,2.522269,-41.929516
17.090925,14.871475,45.917910,3760.775649,1.320112,29.093806,6.624274,2.470572,-41.929516
17.138080,14.898967,46.039809,3757.079618,1.270159,29.016037,6.493288,2.421720,-41.929516
17.185226,14.926369,46.156776,3753.461340,1.217905,28.939910,6.369774,2.375655,-41.929516
17.232371,14.953691,46.268631,3749.917518,1.163485,28.865348,6.253575,2.332318,-41.929516
17.279496,14.980932,46.375171,3746.444890,1.107013,28.792254,6.144533,2.291650,-41.929516
17.326620,15.008092,46.476237,3743.040245,1.048615,28.720521,6.042493,2.253593,-41.929516
17.373735,15.035163,46.571647,3739.700446,0.988394,28.650071,5.947303,2.218091,-41.929516
17.420849,15.062172,46.661267,3736.422376,0.926466,28.580826,5.858813,2.185088,-41.929516
17.467942,15.089092,46.744936,3733.203003,0.862945,28.512679,5.776882,2.154531,-41.929516
17.515036,15.115941,46.822530,3730.039317,0.797944,28.445563,5.701372,2.126369,-41.929516
17.562119,15.142720,46.893926,3726.928363,0.731559,28.379380,5.632154,2.100554,-41.929516
17.609192,15.169428,46.959008,3723.867223,0.663904,28.314062,5.569106,2.077040,-41.929516
17.656255,15.196067,47.017682,3720.853012,0.595082,28.249512,5.512114,2.055784,-41.929516
17.703317,15.222624,47.069853,3717.882889,0.525187,28.185671,5.461074,2.036748,-41.929516
17.750370,15.249122,47.115434,3714.954023,0.454324,28.122443,5.415889,2.019896,-41.929516
17.797412,15.275549,47.154341,3712.063623,0.382597,28.059759,5.376473,2.005196,-41.929516
17.844443,15.301906,47.186525,3709.208917,0.310089,27.997541,5.342748,1.992618,-41.929516
17.891475,15.328202,47.211920,3706.387149,0.236904,27.935713,5.314650,1.982138,-41.929516
17.938496,15.354428,47.230478,3703.595558,0.163146,27.874195,5.292119,1.973735,-41.929516
17.985517,15.380584,47.242161,3700.831399,0.088888,27.812921,5.275110,1.967392,-41.929516
18.032528,15.406680,47.246941,3698.091937,0.014245,27.751811,5.263586,1.963094,-41.929516
18.079529,15.432715,47.244789,3695.374409,-0.060710,27.690790,5.257520,1.960831,-41.929516
18.126529,15.458680,47.235706,3692.676061,-0.135863,27.629777,5.256896,1.960599,-41.929516
18.173519,15.484575,47.219671,3689.994111,-0.211141,27.568707,5.261709,1.962394,-41.929516
18.220499,15.510409,47.196694,3687.325758,-0.286430,27.507510,5.271963,1.966218,-41.929516
18.267479,15.536183,47.166795,3684.668181,-0.361656,27.446099,5.287671,1.972076,-41.929516
18.314449,15.561887,47.129974,3682.018530,-0.436726,27.384397,5.308858,1.979978,-41.929516
18.361408,15.587530,47.086288,3679.373898,-0.511535,27.322345,5.335559,1.989936,-41.929516
18.408378,15.613103,47.035745,3676.731371,-0.585991,27.259846,5.367815,2.001967,-41.929516
18.455327,15.638606,46.978423,3674.087944,-0.659999,27.196831,5.405682,2.016089,-41.929516
18.502275,15.664048,46.914350,3671.440598,-0.733455,27.133214,5.449220,2.032327,-41.929516
18.549214,15.689430,46.843602,3668.786233,-0.806286,27.068926,5.498501,2.050707,-41.929516
18.596153,15.714732,46.766256,3666.121704,-0.878367,27.003881,5.553603,2.071258,-41.929516
18.643091,15.739973,46.682396,3663.443789,-0.949615,26.937999,5.614615,2.094013,-41.929516
18.690009,15.765144,46.592100,3660.749209,-1.019916,26.871184,5.681632,2.119007,-41.929516
18.736937,15.790245,46.495481,3658.034578,-1.089175,26.803348,5.754753,2.146278,-41.929516
18.783855,15.815266,46.392644,3655.296474,-1.157278,26.734424,5.834089,2.175867,-41.929516
18.830763,15.840226,46.283713,3652.531358,-1.224132,26.664295,5.919751,2.207815,-41.929516
18.877670,15.865105,46.168822,3649.735636,-1.289611,26.592892,6.011858,2.242167,-41.929516
18.924567,15.889915,46.048103,3646.905598,-1.353612,26.520109,6.110531,2.278968,-41.929516
18.971465,15.914644,45.921709,3644.037458,-1.416019,26.445858,6.215894,2.318264,-41.929516
19.018362,15.939292,45.789802,3641.127352,-1.476718,26.370023,6.328070,2.360101,-41.929516
19.065249,15.963870,45.652553,3638.171293,-1.535585,26.292526,6.447183,2.404525,-41.929516
19.112125,15.988358,45.510143,3635.165238,-1.592505,26.213240,6.573356,2.451582,-41.929516
19.159002,16.012776,45.362781,3632.105017,-1.647362,26.132088,6.706705,2.501316,-41.929516
19.205878,16.037093,45.210650,3628.986413,-1.700012,26.048944,6.847342,2.553767,-41.929516
19.252744,16.061329,45.053976,3625.805086,-1.750340,25.963700,6.995369,2.608975,-41.929516
19.299611,16.085475,44.892989,3622.556637,-1.798220,25.876250,7.150878,2.666973,-41.929516
19.346466,16.109531,44.727917,3619.236592,-1.843519,25.786476,7.313945,2.727790,-41.929516
19.393322,16.133496,44.559026,3615.840408,-1.886099,25.694273,7.484631,2.791449,-41.929516
19.440168,16.157361,44.386575,3612.363488,-1.925836,25.599513,7.662977,2.857965,-41.929516
19.487013,16.181126,44.210829,3608.801174,-1.962585,25.502090,7.848998,2.927342,-41.929516
19.533849,16.204789,44.032083,3605.148790,-1.996220,25.401887,8.042683,2.999579,-41.929516
19.580673,16.228343,43.850634,3601.401643,-2.026606,25.298778,8.243989,3.074657,-41.929516
19.627498,16.251786,43.666794,3597.555028,-2.053608,25.192645,8.452836,3.152548,-41.929516
19.674323,16.275128,43.480878,3593.604287,-2.077090,25.083374,8.669106,3.233208,-41.929516
19.721138,16.298350,43.293220,3589.544766,-2.096928,24.970856,8.892634,3.316574,-41.929516
19.767942,16.321451,43.104172,3585.371903,-2.112975,24.854965,9.123208,3.402569,-41.929516
19.814746,16.344431,42.914076,3581.081233,-2.125137,24.735604,9.360561,3.491091,-41.929516
19.861529,16.367291,42.723295,3576.668405,-2.133270,24.612646,9.604368,3.582021,-41.929516
19.908323,16.390011,42.532219,3572.129213,-2.137269,24.485995,9.854241,3.675213,-41.929516
19.955096,16.412599,42.341218,3567.459679,-2.137019,24.355563,10.109728,3.770499,-41.929516
20.001859,16.435057,42.150685,3562.656016,-2.132437,24.221234,10.370306,3.867683,-41.929516
20.048622,16.457375,41.961018,3557.714715,-2.123409,24.082938,10.635377,3.966543,-41.929516
20.095375,16.479541,41.772626,3552.632583,-2.109871,23.940589,10.904272,4.066830,-41.929516
20.142106,16.501557,41.585901,3547.406771,-2.091742,23.794129,11.176242,4.168263,-41.929516
20.188838,16.523422,41.401281,3542.034830,-2.068978,23.643489,11.450463,4.270536,-41.929516
20.235560,16.545127,41.219165,3536.514734,-2.041539,23.488621,11.726033,4.373312,-41.929516
20.282261,16.566670,41.039962,3530.844934,-2.009383,23.329496,12.001976,4.476227,-41.929516
20.328951,16.588043,40.864102,3525.024416,-1.972509,23.166094,12.277245,4.578890,-41.929516
20.375621,16.609245,40.691993,3519.052702,-1.930928,22.998396,12.550723,4.680886,-41.929516
20.422280,16.630266,40.524045,3512.929946,-1.884672,22.826430,12.821237,4.781776,-41.929516
20.468929,16.651117,40.360658,3506.656892,-1.833792,22.650217,13.087557,4.881102,-41.929516
20.515558,16.671776,40.202233,3500.234986,-1.778362,22.469805,13.348411,4.978390,-41.929516
20.562166,16.692245,40.049149,3493.666329,-1.718465,22.285243,13.602494,5.073152,-41.929516
20.608753,16.712522,39.901768,3486.953753,-1.654225,22.096627,13.848481,5.164894,-41.929516
20.655309,16.732609,39.760463,3480.100786,-1.585798,21.904056,14.085039,5.253121,-41.929516
20.701855,16.752484,39.625566,3473.111701,-1.513332,21.707654,14.310845,5.337337,-41.929516
20.748380,16.772159,39.497411,3465.991471,-1.437033,21.507559,14.524598,5.417057,-41.929516
20.794874,16.791633,39.376292,3458.745794,-1.357100,21.303936,14.725038,5.491813,-41.929516
20.841337,16.810885,39.262486,3451.381067,-1.273783,21.096959,14.910961,5.561154,-41.929516
20.887779,16.829927,39.156250,3443.904318,-1.187342,20.886833,15.081237,5.624660,-41.929516
20.934180,16.848747,39.057812,3436.323243,-1.098047,20.673772,15.234822,5.681941,-41.929516
20.980561,16.867347,38.967382,3428.646085,-1.006201,20.458009,15.370781,5.732647,-41.929516
21.026910,16.885725,38.885122,3420.881631,-0.912127,20.239796,15.488291,5.776474,-41.929516
21.073218,16.903883,38.811185,3413.039135,-0.816147,20.019396,15.586663,5.813162,-41.929516
21.119485,16.921809,38.745683,3405.128237,-0.718626,19.797071,15.665346,5.842508,-41.929516
21.165720,16.939514,38.688685,3397.158928,-0.619907,19.573104,15.723939,5.864360,-41.929516
21.211925,16.956978,38.640238,3389.141448,-0.520366,19.347796,15.762191,5.878627,-41.929516
21.258078,16.974221,38.600369,3381.086190,-0.420366,19.121438,15.780013,5.885274,-41.929516
21.304190,16.991233,38.569061,3373.003663,-0.320284,18.894321,15.777468,5.884324,-41.929516
21.350260,17.008014,38.546256,3364.904394,-0.220503,18.666758,15.754776,5.875861,-41.929516
21.396289,17.024553,38.531878,3356.798814,-0.121378,18.439039,15.712308,5.860023,-41.929516
21.442266,17.040872,38.525813,3348.697241,-0.023284,18.211456,15.650576,5.836999,-41.929516
21.488202,17.056969,38.527917,3340.609771,0.073425,17.984310,15.570227,5.807032,-41.929516
21.534076,17.072826,38.538029,3332.546204,0.168394,17.757865,15.472030,5.770409,-41.929516
21.579919,17.088461,38.555949,3324.515997,0.261302,17.532410,15.356863,5.727457,-41.929516
21.625700,17.103865,38.581449,3316.528215,0.351815,17.308190,15.225701,5.678539,-41.929516
21.671429,17.119048,38.614290,3308.591463,0.439642,17.085458,15.079600,5.624049,-41.929516
21.717106,17.134010,38.654197,3300.713839,0.524500,16.864446,14.919681,5.564407,-41.929516
21.762732,17.148761,38.700873,3292.902915,0.606120,16.645377,14.747118,5.500048,-41.929516
21.808306,17.163281,38.754025,3285.165711,0.684262,16.428447,14.563117,5.431423,-41.929516
21.853829,17.177600,38.813327,3277.508680,0.758707,16.213841,14.368908,5.358992,-41.929516
21.899289,17.191697,38.878428,3269.937654,0.829268,16.001722,14.165728,5.283214,-41.929516
21.944698,17.205594,38.948986,3262.457903,0.895747,15.792247,13.954805,5.204549,-41.929516
21.990055,17.219290,39.024628,3255.074072,0.958008,15.585543,13.737352,5.123448,-41.929516
22.035350,17.232775,39.105003,3247.790254,1.015906,15.381716,13.514554,5.040354,-41.929516
22.080593,17.246069,39.189710,3240.609940,1.069348,15.180882,13.287557,4.955694,-41.929516
22.125774,17.259162,39.278387,3233.536054,1.118239,14.983110,13.057464,4.869879,-41.929516
22.170904,17.272074,39.370626,3226.571007,1.162516,14.788458,12.825325,4.783301,-41.929516
22.215982,17.284785,39.466064,3219.716682,1.202118,14.596975,12.592132,4.696330,-41.929516
22.261008,17.297326,39.564293,3212.974465,1.237034,14.408700,12.358819,4.609314,-41.929516
22.305973,17.309675,39.664939,3206.345285,1.267254,14.223642,12.126256,4.522578,-41.929516
22.350885,17.321854,39.767614,3199.829647,1.292777,14.041811,11.895247,4.436421,-41.929516
22.395736,17.333861,39.871936,3193.427637,1.313624,13.863197,11.666533,4.351120,-41.929516
22.440545,17.345698,39.977525,3187.138970,1.329838,13.687781,11.440787,4.266927,-41.929516
22.485292,17.357364,40.084028,3180.963032,1.341459,13.515524,11.218621,4.184069,-41.929516
22.529988,17.368880,40.191064,3174.898888,1.348561,13.346397,11.000584,4.102750,-41.929516
22.574631,17.380224,40.298280,3168.945312,1.351206,13.180351,10.787166,4.023154,-41.929516
22.619224,17.391418,40.405335,3163.100824,1.349488,13.017318,10.578797,3.945441,-41.929516
22.663764,17.402461,40.511895,3157.363720,1.343500,12.857240,10.375856,3.869753,-41.929516
22.708253,17.413344,40.617617,3151.732090,1.333326,12.700049,10.178672,3.796212,-41.929516
22.752690,17.424095,40.722196,3146.203838,1.319081,12.545657,9.987523,3.724921,-41.929516
22.797086,17.434696,40.825309,3140.776708,1.300878,12.393987,9.802648,3.655971,-41.929516
22.841419,17.445157,40.926670,3135.448311,1.278833,12.244951,9.624241,3.589433,-41.929516
22.885712,17.455476,41.025984,3130.216140,1.253071,12.098462,9.452463,3.525367,-41.929516
22.929952,17.465665,41.122965,3125.077567,1.223715,11.954412,9.287442,3.463821,-41.929516
22.974152,17.475714,41.217374,3120.029904,1.190893,11.812734,9.129274,3.404831,-41.929516
23.018299,17.485642,41.308928,3115.070370,1.154737,11.673302,8.978031,3.348424,-41.929516
23.062406,17.495439,41.397396,3110.196114,1.115375,11.536027,8.833760,3.294617,-41.929516
23.106460,17.505115,41.482550,3105.404269,1.072961,11.400803,8.696488,3.243420,-41.929516
23.150474,17.514661,41.564163,3100.691889,1.027601,11.267523,8.566226,3.194838,-41.929516
23.194435,17.524086,41.642024,3096.056030,0.979460,11.136090,8.442968,3.148868,-41.929516
23.238356,17.533391,41.715933,3091.493680,0.928653,11.006406,8.326696,3.105503,-41.929516
23.282234,17.542585,41.785709,3087.001855,0.875337,10.878346,8.217383,3.064734,-41.929516
23.326072,17.551659,41.851182,3082.577516,0.819625,10.751821,8.114992,3.026547,-41.929516
23.369858,17.560622,41.912170,3078.217639,0.761675,10.626716,8.019480,2.990925,-41.929516
23.413613,17.569465,41.968530,3073.919177,0.701610,10.502932,7.930800,2.957851,-41.929516
23.457316,17.578197,42.020111,3069.679077,0.639578,10.380354,7.848900,2.927306,-41.929516
23.500978,17.586828,42.066797,3065.494291,0.575703,10.258893,7.773729,2.899270,-41.929516
23.544609,17.595339,42.108445,3061.361768,0.510130,10.138424,7.705233,2.873724,-41.929516
23.588188,17.603750,42.144953,3057.278429,0.442984,10.018859,7.643358,2.850647,-41.929516
23.631726,17.612060,42.176222,3053.241225,0.374402,9.900081,7.588053,2.830021,-41.929516
23.675232,17.620249,42.202170,3049.247075,0.304518,9.781994,7.539269,2.811827,-41.929516
23.718698,17.628338,42.222699,3045.292922,0.233457,9.664479,7.496959,2.796047,-41.929516
23.762112,17.636326,42.237744,3041.375656,0.161365,9.547451,7.461080,2.782666,-41.929516
23.805494,17.644214,42.247256,3037.492210,0.088368,9.430802,7.431593,2.771668,-41.929516
23.848825,17.652042,42.253064,3033.634035,0.064292,9.438520,7.406371,2.762261,0.000000
23.892105,17.659870,42.256997,3029.794055,0.039415,9.446257,7.383333,2.753669,0.000000
23.935322,17.667697,42.259025,3025.971305,0.013787,9.454013,7.362515,2.745905,0.000000
23.978498,17.675525,42.259073,3022.164800,-0.012517,9.461789,7.343946,2.738979,0.000000
24.021602,17.683353,42.257111,3018.373517,-0.039456,9.469585,7.327653,2.732903,0.000000
24.064664,17.691180,42.253103,3014.596413,-0.066947,9.477390,7.313661,2.727684,0.000000
24.107665,17.699008,42.246999,3010.832409,-0.094949,9.485224,7.301987,2.723331,0.000000
24.150603,17.706826,42.238772,3007.080414,-0.123377,9.493068,7.292649,2.719848,0.000000
24.193500,17.714653,42.228412,3003.339310,-0.152181,9.500931,7.285659,2.717241,0.000000
24.236335,17.722471,42.215881,2999.607958,-0.181297,9.508814,7.281027,2.715514,0.000000
24.279118,17.730299,42.201179,2995.885192,-0.210641,9.516717,7.278760,2.714668,0.000000
24.321849,17.738116,42.184278,2992.169856,-0.240174,9.524638,7.278860,2.714705,0.000000
24.364519,17.745934,42.165196,2988.460735,-0.269821,9.532570,7.281328,2.715626,0.000000
24.407147,17.753751,42.143905,2984.756633,-0.299509,9.540530,7.286161,2.717428,0.000000
24.449713,17.761569,42.120434,2981.056337,-0.329177,9.548501,7.293353,2.720110,0.000000
24.492228,17.769387,42.094772,2977.358604,-0.358771,9.556491,7.302894,2.723669,0.000000
24.534680,17.777204,42.066949,2973.662199,-0.388200,9.564500,7.314773,2.728099,0.000000
24.577091,17.785022,42.036974,2969.965871,-0.417419,9.572529,7.328973,2.733395,0.000000
24.619440,17.792829,42.004885,2966.268367,-0.446358,9.580577,7.345477,2.739550,0.000000
24.661738,17.800647,41.970692,2962.568425,-0.474943,9.588635,7.364261,2.746556,0.000000
24.703984,17.808465,41.934442,2958.864792,-0.503132,9.596722,7.385301,2.754403,0.000000
24.746178,17.816272,41.896164,2955.156197,-0.530831,9.604818,7.408567,2.763080,0.000000
24.788320,17.824080,41.855905,2951.441377,-0.558010,9.612934,7.434027,2.772576,0.000000
24.830400,17.831897,41.813713,2947.719080,-0.584575,9.621070,7.461643,2.782876,0.000000
24.872429,17.839705,41.769636,2943.988044,-0.610483,9.629225,7.491377,2.793965,0.000000
24.914406,17.847512,41.723741,2940.247035,-0.635673,9.637390,7.523183,2.805827,0.000000
24.956321,17.855320,41.676074,2936.494810,-0.660082,9.645574,7.557014,2.818445,0.000000
24.998184,17.863128,41.626703,2932.730146,-0.683658,9.653778,7.592816,2.831797,0.000000
25.039996,17.870935,41.575703,2928.951838,-0.706328,9.661991,7.630532,2.845864,0.000000
25.081756,17.878743,41.523133,2925.158700,-0.728060,9.670234,7.670101,2.860621,0.000000
25.123454,17.886550,41.469086,2921.349566,-0.748783,9.678476,7.711457,2.876045,0.000000
25.165100,17.894348,41.413631,2917.523278,-0.768443,9.686748,7.754528,2.892109,0.000000
25.206694,17.902155,41.356861,2913.678718,-0.787010,9.695029,7.799238,2.908784,0.000000
25.248227,17.909953,41.298844,2909.814796,-0.804422,9.703330,7.845507,2.926041,0.000000
25.289708,17.917750,41.239684,2905.930461,-0.820635,9.711641,7.893250,2.943846,0.000000
25.331126,17.925548,41.179468,2902.024688,-0.835599,9.719971,7.942373,2.962167,0.000000
25.372494,17.933345,41.118299,2898.096485,-0.849293,9.728310,7.992783,2.980968,0.000000
25.413799,17.941143,41.056263,2894.144922,-0.861653,9.736669,8.044377,3.000210,0.000000
25.455052,17.948940,40.993466,2890.169083,-0.872671,9.745038,8.097049,3.019855,0.000000
25.496244,17.956728,40.930003,2886.168136,-0.882293,9.753427,8.150687,3.039859,0.000000
25.537373,17.964515,40.865996,2882.141286,-0.890498,9.761815,8.205174,3.060181,0.000000
25.578451,17.972313,40.801533,2878.087770,-0.897267,9.770232,8.260391,3.080774,0.000000
25.619466,17.980100,40.736727,2874.006926,-0.902567,9.778650,8.316209,3.101592,0.000000
25.660430,17.987878,40.671683,2869.898135,-0.906379,9.787087,8.372499,3.122586,0.000000
25.701332,17.995665,40.606515,2865.760822,-0.908691,9.795533,8.429125,3.143705,0.000000
25.742172,18.003443,40.541327,2861.594499,-0.909503,9.803999,8.485949,3.164898,0.000000
25.782950,18.011230,40.476236,2857.398764,-0.908784,9.812466,8.542829,3.186112,0.000000
25.823666,18.019007,40.411334,2853.173265,-0.906556,9.820951,8.599617,3.207291,0.000000
25.864320,18.026775,40.346756,2848.917724,-0.902797,9.829446,8.656167,3.228382,0.000000
25.904922,18.034552,40.282588,2844.631969,-0.897538,9.837942,8.712325,3.249327,0.000000
25.945452,18.042320,40.218953,2840.315875,-0.890759,9.846456,8.767941,3.270069,0.000000
25.985920,18.050087,40.155947,2835.969413,-0.882501,9.854981,8.822859,3.290551,0.000000
26.026336,18.057854,40.093673,2831.592651,-0.872764,9.863515,8.876926,3.310716,0.000000
26.066680,18.065612,40.032238,2827.185714,-0.861580,9.872059,8.929986,3.330505,0.000000
26.106962,18.073369,39.971736,2822.748839,-0.848980,9.880602,8.981885,3.349861,0.000000
26.147181,18.081126,39.912271,2818.282342,-0.834985,9.889166,9.032471,3.368727,0.000000
26.187329,18.088884,39.853940,2813.786617,-0.819635,9.897729,9.081593,3.387048,0.000000
26.227414,18.096631,39.796818,2809.262139,-0.802985,9.906302,9.129104,3.404768,0.000000
26.267437,18.104378,39.741010,2804.709504,-0.785074,9.914885,9.174861,3.421833,0.000000
26.307399,18.112115,39.686592,2800.129350,-0.765944,9.923477,9.218723,3.438191,0.000000
26.347288,18.119853,39.633650,2795.522414,-0.745649,9.932070,9.260557,3.453794,0.000000
26.387115,18.127590,39.582241,2790.889529,-0.724260,9.940672,9.300234,3.468592,0.000000
26.426869,18.135327,39.532461,2786.231583,-0.701840,9.949284,9.337634,3.482540,0.000000
26.466562,18.143054,39.484346,2781.549552,-0.678441,9.957895,9.372642,3.495597,0.000000
26.506182,18.150781,39.437984,2776.844496,-0.654136,9.966517,9.405154,3.507722,0.000000
26.545740,18.158499,39.393412,2772.117507,-0.629009,9.975148,9.435072,3.518880,0.000000
26.585226,18.166216,39.350687,2767.369788,-0.603121,9.983780,9.462309,3.529039,0.000000
26.624650,18.173923,39.309857,2762.602563,-0.576567,9.992411,9.486787,3.538168,0.000000
26.664001,18.181630,39.270941,2757.817144,-0.549419,10.001052,9.508441,3.546244,0.000000
26.703281,18.189337,39.233996,2753.014877,-0.521761,10.009703,9.527214,3.553245,0.000000
26.742487,18.197034,39.199022,2748.197149,-0.493687,10.018354,9.543061,3.559156,0.000000
26.781632,18.204731,39.166067,2743.365394,-0.465269,10.027014,9.555949,3.563963,0.000000
26.820705,18.212428,39.135120,2738.521094,-0.436611,10.035675,9.565858,3.567658,0.000000
26.859705,18.220105,39.106193,2733.665742,-0.407787,10.044335,9.572778,3.570239,0.000000
26.898643,18.227792,39.079293,2728.800857,-0.378900,10.053005,9.576710,3.571705,0.000000
26.937498,18.235469,39.054413,2723.927978,-0.350035,10.061685,9.577669,3.572063,0.000000
26.976291,18.243136,39.031550,2719.048645,-0.321283,10.070365,9.575682,3.571322,0.000000
27.015012,18.250813,39.010669,2714.164426,-0.292740,10.079045,9.570784,3.569495,0.000000
27.053661,18.258470,38.991749,2709.276861,-0.264478,10.087735,9.563026,3.566602,0.000000
27.092247,18.266126,38.974781,2704.387499,-0.236592,10.096424,9.552465,3.562663,0.000000
27.130751,18.273783,38.959698,2699.497859,-0.209173,10.105124,9.539171,3.557705,0.000000
27.169193,18.281430,38.946491,2694.609471,-0.182296,10.113823,9.523225,3.551758,0.000000
27.207563,18.289077,38.935084,2689.723818,-0.156055,10.122532,9.504714,3.544854,0.000000
27.245860,18.296713,38.925448,2684.842353,-0.130521,10.131241,9.483736,3.537030,0.000000
27.284084,18.304350,38.917525,2679.966501,-0.105768,10.139950,9.460397,3.528326,0.000000
27.322247,18.311977,38.911231,2675.097648,-0.081880,10.148669,9.434809,3.518783,0.000000
27.360327,18.319594,38.906528,2670.237132,-0.058919,10.157397,9.407092,3.508445,0.000000
27.398345,18.327220,38.903338,2665.386264,-0.036957,10.166126,9.377371,3.497361,0.000000
27.436291,18.334827,38.901576,2660.546267,-0.016047,10.174864,9.345777,3.485577,0.000000
27.474164,18.342443,38.901167,2655.718337,0.003738,10.183602,9.312445,3.473146,0.000000
27.511976,18.350040,38.902043,2650.903611,0.022347,10.192350,9.277513,3.460118,0.000000
27.549715,18.357647,38.904109,2646.103151,0.039737,10.201098,9.241123,3.446546,0.000000
27.587381,18.365233,38.907280,2641.317970,0.055847,10.209856,9.203420,3.432484,0.000000
27.624976,18.372830,38.911460,2636.549015,0.070644,10.218623,9.164548,3.417986,0.000000
27.662508,18.380406,38.916573,2631.797156,0.084088,10.227391,9.124653,3.403108,0.000000
27.699968,18.387993,38.922515,2627.063216,0.096147,10.236168,9.083883,3.387902,0.000000
27.737355,18.395569,38.929190,2622.347929,0.106779,10.244945,9.042383,3.372424,0.000000
27.774681,18.403135,38.936503,2617.651977,0.115974,10.253742,9.000299,3.356729,0.000000
27.811934,18.410702,38.944358,2612.975950,0.123700,10.262538,8.957773,3.340868,0.000000
27.849125,18.418258,38.952661,2608.320394,0.129959,10.271344,8.914948,3.324896,0.000000
27.886244,18.425815,38.961298,2603.685778,0.134707,10.280160,8.871962,3.308865,0.000000
27.923300,18.433371,38.970191,2599.072484,0.137967,10.288976,8.828953,3.292824,0.000000
27.960285,18.440917,38.979218,2594.480847,0.139726,10.297812,8.786051,3.276823,0.000000
27.997207,18.448454,38.988311,2589.911135,0.139976,10.306647,8.743388,3.260912,0.000000
28.034057,18.456000,38.997348,2585.363528,0.138737,10.315492,8.701088,3.245136,0.000000
28.070845,18.463526,39.006232,2580.838162,0.136009,10.324347,8.659273,3.229541,0.000000
28.107571,18.471062,39.014887,2576.335102,0.131812,10.333222,8.618060,3.214170,0.000000
28.144235,18.478578,39.023209,2571.854340,0.126147,10.342096,8.577561,3.199065,0.000000
28.180827,18.486105,39.031103,2567.395818,0.119056,10.350980,8.537884,3.184268,0.000000
28.217356,18.493621,39.038482,2562.959431,0.110548,10.359874,8.499132,3.169815,0.000000
28.253814,18.501127,39.045262,2558.544978,0.100666,10.368787,8.461404,3.155744,0.000000
28.290219,18.508643,39.051356,2554.152229,0.089420,10.377700,8.424792,3.142089,0.000000
28.326552,18.516139,39.056669,2549.780908,0.076851,10.386633,8.389385,3.128884,0.000000
28.362834,18.523645,39.061135,2545.430660,0.063011,10.395565,8.355268,3.116159,0.000000
28.399043,18.531141,39.064677,2541.101094,0.047922,10.404517,8.322517,3.103945,0.000000
28.435190,18.538627,39.067210,2536.791769,0.031636,10.413479,8.291209,3.092268,0.000000
28.471275,18.546113,39.068676,2532.502199,0.014183,10.422451,8.261410,3.081155,0.000000
28.507298,18.553599,39.068991,2528.231837,-0.004363,10.431442,8.233187,3.070628,0.000000
28.543270,18.561075,39.068096,2523.980121,-0.023972,10.440442,8.206598,3.060712,0.000000
28.579169,18.568551,39.065944,2519.746418,-0.044590,10.449453,8.181698,3.051425,0.000000
28.615006,18.576027,39.062459,2515.530069,-0.066156,10.458473,8.158538,3.042788,0.000000
28.650781,18.583493,39.057593,2511.330377,-0.088618,10.467503,8.137164,3.034816,0.000000
28.686504,18.590959,39.051299,2507.146623,-0.111923,10.476552,8.117619,3.027527,0.000000
28.722165,18.598425,39.043520,2502.978015,-0.136009,10.485611,8.099938,3.020933,0.000000
28.757754,18.605881,39.034236,2498.823778,-0.160814,10.494689,8.084157,3.015047,0.000000
28.793292,18.613337,39.023390,2494.683070,-0.186264,10.503778,8.070304,3.009880,0.000000
28.828777,18.620783,39.010955,2490.555021,-0.212318,10.512876,8.058404,3.005442,0.000000
28.864190,18.628228,38.996900,2486.438772,-0.238903,10.521993,8.048479,3.001740,0.000000
28.899552,18.635674,38.981208,2482.333384,-0.265957,10.531120,8.040546,2.998782,0.000000
28.934852,18.643110,38.963840,2478.237950,-0.293407,10.540257,8.034619,2.996571,0.000000
28.970089,18.650546,38.944787,2474.151485,-0.321190,10.549413,8.030708,2.995113,0.000000
29.005265,18.657982,38.924038,2470.073042,-0.349243,10.558579,8.028819,2.994408,0.000000
29.040388,18.665407,38.901595,2466.001607,-0.377495,10.567764,8.028955,2.994459,0.000000
29.075450,18.672833,38.877429,2461.936177,-0.405871,10.576949,8.031115,2.995264,0.000000
29.110450,18.680259,38.851558,2457.875738,-0.434310,10.586164,8.035293,2.996823,0.000000
29.145398,18.687674,38.823982,2453.819238,-0.462749,10.595378,8.041482,2.999131,0.000000
29.180284,18.695090,38.794702,2449.765645,-0.491115,10.604622,8.049669,3.002184,0.000000
29.215108,18.702506,38.763737,2445.713888,-0.519335,10.613866,8.059840,3.005978,0.000000
29.249880,18.709911,38.731105,2441.662915,-0.547347,10.623129,8.071974,3.010503,0.000000
29.284580,18.717317,38.696826,2437.611655,-0.575078,10.632402,8.086050,3.015753,0.000000
29.319239,18.724713,38.660929,2433.559037,-0.602475,10.641694,8.102039,3.021716,0.000000
29.353825,18.732108,38.623422,2429.504000,-0.629467,10.650986,8.119913,3.028382,0.000000
29.388360,18.739504,38.584363,2425.445464,-0.655979,10.660308,8.139637,3.035738,0.000000
29.422833,18.746889,38.543771,2421.382367,-0.681950,10.669629,8.161173,3.043771,0.000000
29.457254,18.754275,38.501694,2417.313647,-0.707327,10.678970,8.184480,3.052463,0.000000
29.491602,18.761660,38.458169,2413.238254,-0.732038,10.688321,8.209512,3.061799,0.000000
29.525909,18.769036,38.413254,2409.155154,-0.756031,10.697691,8.236220,3.071760,0.000000
29.560144,18.776411,38.366987,2405.063306,-0.779232,10.707061,8.264551,3.082326,0.000000
29.594317,18.783787,38.319434,2400.961695,-0.801600,10.716450,8.294447,3.093476,0.000000
29.628438,18.791152,38.270635,2396.849327,-0.823072,10.725849,8.325847,3.105187,0.000000
29.662497,18.798518,38.220673,2392.725238,-0.843597,10.735258,8.358685,3.117434,0.000000
29.696505,18.805873,38.169588,2388.588460,-0.863122,10.744687,8.392894,3.130192,0.000000
29.730440,18.813228,38.117465,2384.438066,-0.881595,10.754115,8.428398,3.143434,0.000000
29.764323,18.820584,38.064361,2380.273149,-0.898975,10.763563,8.465122,3.157131,0.000000
29.798145,18.827929,38.010343,2376.092856,-0.915209,10.773020,8.502984,3.171251,0.000000
29.831904,18.835274,37.955497,2371.896338,-0.930267,10.782488,8.541899,3.185765,0.000000
29.865601,18.842610,37.899889,2367.682791,-0.944106,10.791964,8.581778,3.200638,0.000000
29.899237,18.849945,37.843595,2363.451459,-0.956675,10.801451,8.622529,3.215836,0.000000
29.932810,18.857270,37.786702,2359.201607,-0.967963,10.810948,8.664055,3.231324,0.000000
29.966321,18.864596,37.729275,2354.932565,-0.977929,10.820444,8.706258,3.247064,0.000000
29.999781,18.871921,37.671410,2350.643693,-0.986551,10.829960,8.749033,3.263017,0.000000
30.033168,18.879236,37.613193,2346.334397,-0.993799,10.839485,8.792277,3.279145,0.000000
30.066504,18.886541,37.554691,2342.004161,-0.999662,10.849011,8.835878,3.295407,0.000000
30.099767,18.893846,37.495988,2337.652498,-1.004119,10.858556,8.879727,3.311761,0.000000
30.132968,18.901151,37.437181,2333.278968,-1.007170,10.868101,8.923710,3.328164,0.000000
30.166107,18.908446,37.378354,2328.883218,-1.008794,10.877656,8.967710,3.344575,0.000000
30.199184,18.915742,37.319575,2324.464921,-1.008992,10.887210,9.011612,3.360948,0.000000
30.232200,18.923027,37.260939,2320.023839,-1.007763,10.896784,9.055295,3.377240,0.000000
30.265142,18.930302,37.202532,2315.559771,-1.005118,10.906359,9.098640,3.393406,0.000000
30.298034,18.937577,37.144439,2311.072612,-1.001067,10.915933,9.141529,3.409401,0.000000
30.330852,18.944852,37.086726,2306.562286,-0.995611,10.925526,9.183839,3.425181,0.000000
30.363609,18.952107,37.029481,2302.028802,-0.988780,10.935110,9.225452,3.440701,0.000000
30.396293,18.959371,36.972778,2297.472246,-0.980595,10.944713,9.266250,3.455917,0.000000
30.428916,18.966626,36.916693,2292.892742,-0.971077,10.954307,9.306114,3.470785,0.000000
30.461476,18.973871,36.861314,2288.290502,-0.960268,10.963920,9.344930,3.485262,0.000000
30.493964,18.981106,36.806696,2283.665791,-0.948188,10.973523,9.382585,3.499305,0.000000
30.526390,18.988341,36.752916,2279.018965,-0.934891,10.983136,9.418969,3.512875,0.000000
30.558754,18.995576,36.700032,2274.350416,-0.920406,10.992759,9.453975,3.525930,0.000000
30.591045,19.002790,36.648118,2269.660620,-0.904786,11.002382,9.487501,3.538434,0.000000
30.623265,19.010005,36.597223,2264.950105,-0.888093,11.012005,9.519450,3.550350,0.000000
30.655422,19.017220,36.547414,2260.219473,-0.870369,11.021627,9.549729,3.561643,0.000000
30.687507,19.024414,36.498748,2255.469373,-0.851677,11.031260,9.578250,3.572280,0.000000
30.719529,19.031619,36.451252,2250.700514,-0.832079,11.040892,9.604933,3.582232,0.000000
30.751480,19.038804,36.404985,2245.913679,-0.811638,11.050525,9.629704,3.591470,0.000000
30.783358,19.045988,36.359985,2241.109662,-0.790426,11.060167,9.652494,3.599970,0.000000
30.815174,19.053163,36.316298,2236.289352,-0.768516,11.069800,9.673242,3.607708,0.000000
30.846918,19.060327,36.273945,2231.453658,-0.745982,11.079442,9.691897,3.614665,0.000000
30.878589,19.067492,36.232953,2226.603546,-0.722885,11.089084,9.708413,3.620825,0.000000
30.910188,19.074646,36.193361,2221.739999,-0.699320,11.098726,9.722752,3.626173,0.000000
30.941725,19.081790,36.155159,2216.864060,-0.675369,11.108368,9.734887,3.630699,0.000000
30.973190,19.088925,36.118394,2211.976782,-0.651095,11.118020,9.744797,3.634395,0.000000
31.004582,19.096059,36.083049,2207.079273,-0.626593,11.127662,9.752471,3.637257,0.000000
31.035902,19.103183,36.049142,2202.172642,-0.601944,11.137305,9.757904,3.639283,0.000000
31.067160,19.110298,36.016672,2197.258018,-0.577233,11.146957,9.761103,3.640476,0.000000
31.098335,19.117412,35.985630,2192.336548,-0.552533,11.156608,9.762082,3.640841,0.000000
31.129448,19.124516,35.956017,2187.409389,-0.527936,11.166251,9.760863,3.640387,0.000000
31.160489,19.131610,35.927804,2182.477707,-0.503528,11.175903,9.757475,3.639123,0.000000
31.191458,19.138694,35.900980,2177.542678,-0.479389,11.185554,9.751958,3.637066,0.000000
31.222354,19.145768,35.875528,2172.605441,-0.455595,11.195206,9.744358,3.634231,0.000000
31.253178,19.152842,35.851409,2167.667181,-0.432227,11.204858,9.734727,3.630639,0.000000
31.283939,19.159906,35.828604,2162.729016,-0.409360,11.214510,9.723127,3.626313,0.000000
31.314619,19.166960,35.807066,2157.792085,-0.387085,11.224162,9.709625,3.621277,0.000000
31.345236,19.174004,35.786765,2152.857497,-0.365457,11.233814,9.694294,3.615559,0.000000
31.375780,19.181038,35.767654,2147.926350,-0.344557,11.243466,9.677213,3.609189,0.000000
31.406253,19.188072,35.749687,2142.999688,-0.324459,11.253118,9.658466,3.602197,0.000000
31.436653,19.195096,35.732823,2138.078553,-0.305216,11.262779,9.638144,3.594618,0.000000
31.466980,19.202109,35.716998,2133.163948,-0.286898,11.272431,9.616340,3.586486,0.000000
31.497246,19.209113,35.702153,2128.256829,-0.269571,11.282093,9.593151,3.577837,0.000000
31.527429,19.216107,35.688242,2123.358135,-0.253274,11.291755,9.568679,3.568710,0.000000
31.557550,19.223100,35.675206,2118.468734,-0.238070,11.301416,9.543027,3.559143,0.000000
31.587598,19.230084,35.662970,2113.589487,-0.224012,11.311078,9.516302,3.549176,0.000000
31.617574,19.237057,35.651477,2108.721179,-0.211131,11.320749,9.488612,3.538849,0.000000
31.647488,19.244021,35.640651,2103.864573,-0.199478,11.330411,9.460065,3.528202,0.000000
31.677320,19.250984,35.630434,2099.020379,-0.189096,11.340082,9.430772,3.517277,0.000000
31.707089,19.257928,35.620760,2094.189236,-0.179995,11.349754,9.400844,3.506115,0.000000
31.736786,19.264871,35.611543,2089.371757,-0.172227,11.359435,9.370392,3.494758,0.000000
31.766421,19.271805,35.602716,2084.568505,-0.165802,11.369106,9.339525,3.483245,0.000000
31.795984,19.278728,35.594213,2079.779968,-0.160741,11.378787,9.308352,3.471620,0.000000
31.825475,19.285651,35.585948,2075.006605,-0.157054,11.388478,9.276983,3.459920,0.000000
31.854893,19.292554,35.577863,2070.248809,-0.154774,11.398159,9.245524,3.448187,0.000000
31.884248,19.299458,35.569884,2065.506932,-0.153889,11.407859,9.214079,3.436459,0.000000
31.913532,19.306351,35.561924,2060.781262,-0.154399,11.417550,9.182750,3.424775,0.000000
31.942754,19.313234,35.553925,2056.072047,-0.156325,11.427251,9.151639,3.413172,0.000000
31.971903,19.320117,35.545803,2051.379470,-0.159637,11.436951,9.120842,3.401686,0.000000
32.000990,19.326980,35.537500,2046.703663,-0.164344,11.446661,9.090454,3.390353,0.000000
32.030005,19.333843,35.528940,2042.044722,-0.170415,11.456381,9.060566,3.379206,0.000000
32.058948,19.340696,35.520056,2037.402677,-0.177860,11.466101,9.031266,3.368278,0.000000
32.087838,19.347539,35.510772,2032.777527,-0.186628,11.475821,9.002640,3.357602,0.000000
32.116647,19.354382,35.501041,2028.169205,-0.196719,11.485551,8.974768,3.347207,0.000000
32.145403,19.361215,35.490776,2023.577597,-0.208090,11.495290,8.947729,3.337122,0.000000
32.174077,19.368038,35.479931,2019.002558,-0.220722,11.505030,8.921595,3.327375,0.000000
32.202699,19.374850,35.468438,2014.443889,-0.234571,11.514779,8.896437,3.317993,0.000000
32.231249,19.381653,35.456249,2009.901350,-0.249608,11.524538,8.872321,3.308999,0.000000
32.259736,19.388456,35.443300,2005.374655,-0.265791,11.534297,8.849310,3.300416,0.000000
32.288162,19.395248,35.429541,2000.863468,-0.283066,11.544065,8.827462,3.292268,0.000000
32.316515,19.402031,35.414924,1996.367446,-0.301415,11.553843,8.806831,3.284573,0.000000
32.344807,19.408804,35.399394,1991.886167,-0.320763,11.563622,8.787469,3.277352,0.000000
32.373036,19.415576,35.382921,1987.419203,-0.341069,11.573410,8.769420,3.270621,0.000000
32.401193,19.422339,35.365439,1982.966083,-0.362291,11.583207,8.752730,3.264396,0.000000
32.429298,19.429091,35.346938,1978.526292,-0.384357,11.593005,8.737435,3.258692,0.000000
32.457331,19.435834,35.327351,1974.099294,-0.407225,11.602822,8.723572,3.253521,0.000000
32.485302,19.442576,35.306670,1969.684516,-0.430821,11.612639,8.711170,3.248896,0.000000
32.513211,19.449309,35.284855,1965.281364,-0.455105,11.622466,8.700259,3.244826,0.000000
32.541047,19.456031,35.261878,1960.889208,-0.480004,11.632303,8.690860,3.241321,0.000000
32.568832,19.462743,35.237712,1956.507398,-0.505464,11.642139,8.682994,3.238387,0.000000
32.596544,19.469455,35.212345,1952.135255,-0.531404,11.651995,8.676676,3.236031,0.000000
32.624205,19.476158,35.185760,1947.772089,-0.557781,11.661851,8.671920,3.234257,0.000000
32.651794,19.482850,35.157947,1943.417175,-0.584523,11.671717,8.668733,3.233069,0.000000
32.679320,19.489532,35.128886,1939.069787,-0.611545,11.681593,8.667120,3.232467,0.000000
32.706795,19.496214,35.098568,1934.729158,-0.638808,11.691478,8.667084,3.232454,0.000000
32.734197,19.502886,35.066993,1930.394514,-0.666236,11.701373,8.668621,3.233027,0.000000
32.761537,19.509548,35.034171,1926.065091,-0.693748,11.711268,8.671726,3.234185,0.000000
32.788816,19.516210,35.000092,1921.740076,-0.721292,11.721172,8.676389,3.235924,0.000000
32.816032,19.522852,34.964766,1917.418685,-0.748793,11.731096,8.682598,3.238240,0.000000
32.843186,19.529494,34.928202,1913.100076,-0.776191,11.741020,8.690337,3.241126,0.000000
32.870278,19.536126,34.890419,1908.783456,-0.803422,11.750945,8.699584,3.244575,0.000000
32.897309,19.542758,34.851417,1904.467993,-0.830403,11.760888,8.710318,3.248578,0.000000
32.924277,19.549370,34.811234,1900.152855,-0.857082,11.770832,8.722512,3.253126,0.000000
32.951183,19.555982,34.769881,1895.837211,-0.883386,11.780795,8.736135,3.258207,0.000000
32.978027,19.562583,34.727384,1891.520256,-0.909263,11.790757,8.751153,3.263808,0.000000
33.004809,19.569185,34.683774,1887.201160,-0.934641,11.800720,8.767531,3.269916,0.000000
33.031530,19.575767,34.639078,1882.879090,-0.959466,11.810703,8.785227,3.276516,0.000000
33.058177,19.582349,34.593335,1878.553262,-0.983667,11.820685,8.804199,3.283592,0.000000
33.084774,19.588920,34.546563,1874.222864,-1.007190,11.830677,8.824399,3.291126,0.000000
33.111308,19.595482,34.498820,1869.887111,-1.029985,11.840679,8.845778,3.299099,0.000000
33.137780,19.602043,34.450144,1865.545239,-1.051999,11.850681,8.868282,3.307492,0.000000
33.164179,19.608595,34.400573,1861.196474,-1.073170,11.860693,8.891856,3.316284,0.000000
33.190527,19.615126,34.350154,1856.840078,-1.093455,11.870714,8.916440,3.325453,0.000000
33.216813,19.621658,34.298926,1852.475344,-1.112803,11.880735,8.941972,3.334975,0.000000
33.243027,19.628189,34.246946,1848.101566,-1.131162,11.890766,8.968387,3.344827,0.000000
33.269179,19.634700,34.194271,1843.718073,-1.148510,11.900807,8.995618,3.354983,0.000000
33.295279,19.641212,34.140939,1839.324215,-1.164786,11.910847,9.023593,3.365417,0.000000
33.321306,19.647713,34.087016,1834.919381,-1.179959,11.920888,9.052241,3.376101,0.000000
33.347272,19.654204,34.032551,1830.502967,-1.194006,11.930939,9.081486,3.387008,0.000000
33.373175,19.660685,33.977600,1826.074421,-1.206887,11.940999,9.111250,3.398109,0.000000
33.399006,19.667157,33.922220,1821.633234,-1.218571,11.951059,9.141455,3.409374,0.000000
33.424786,19.673618,33.866479,1817.178890,-1.229047,11.961129,9.172019,3.420773,0.000000
33.450493,19.680079,33.810423,1812.710969,-1.238273,11.971189,9.202860,3.432275,0.000000
33.476138,19.686530,33.754111,1808.229040,-1.246260,11.981269,9.233893,3.443849,0.000000
33.501721,19.692961,33.697608,1803.732731,-1.252977,11.991338,9.265033,3.455463,0.000000
33.527242,19.699392,33.640971,1799.221726,-1.258423,12.001418,9.296193,3.467085,0.000000
33.552691,19.705813,33.584259,1794.695729,-1.262599,12.011498,9.327288,3.478682,0.000000
33.578078,19.712223,33.527527,1790.154500,-1.265483,12.021587,9.358229,3.490221,0.000000
33.603403,19.718624,33.470852,1785.597839,-1.267098,12.031666,9.388930,3.501671,0.000000
33.628665,19.725025,33.414264,1781.025602,-1.267441,12.041756,9.419303,3.512999,0.000000
33.653856,19.731406,33.357846,1776.437684,-1.266525,12.051845,9.449262,3.524173,0.000000
33.678974,19.737776,33.301638,1771.834028,-1.264359,12.061934,9.478723,3.535160,0.000000
33.704040,19.744147,33.245697,1767.214634,-1.260974,12.072033,9.507599,3.545930,0.000000
33.729034,19.750497,33.190080,1762.579530,-1.256393,12.082123,9.535810,3.556451,0.000000
33.753955,19.756848,33.134833,1757.928813,-1.250634,12.092212,9.563273,3.566694,0.000000
33.778815,19.763179,33.080016,1753.262615,-1.243740,12.102311,9.589910,3.576629,0.000000
33.803612,19.769509,33.025665,1748.581129,-1.235732,12.112400,9.615646,3.586227,0.000000
33.828338,19.775819,32.971837,1743.884574,-1.226652,12.122499,9.640407,3.595462,0.000000
33.852990,19.782130,32.918571,1739.173236,-1.216551,12.132589,9.664124,3.604307,0.000000
33.877581,19.788430,32.865915,1734.447432,-1.205471,12.142678,9.686729,3.612738,0.000000
33.902110,19.794710,32.813897,1729.707535,-1.193454,12.152767,9.708160,3.620731,0.000000
33.926566,19.800990,32.762564,1724.953964,-1.180562,12.162857,9.728360,3.628265,0.000000
33.950951,19.807251,32.711946,1720.187161,-1.166848,12.172946,9.747274,3.635319,0.000000
33.975273,19.813501,32.662070,1715.407621,-1.152363,12.183035,9.764853,3.641875,0.000000
33.999522,19.819751,32.612975,1710.615881,-1.137191,12.193115,9.781052,3.647916,0.000000
34.023700,19.825981,32.564680,1705.812505,-1.121363,12.203204,9.795832,3.653429,0.000000
34.047815,19.832201,32.517203,1700.998085,-1.104972,12.213284,9.809159,3.658399,0.000000
34.071858,19.838410,32.470575,1696.173272,-1.088071,12.223363,9.821005,3.662817,0.000000
34.095839,19.844610,32.424803,1691.338726,-1.070743,12.233433,9.831345,3.666674,0.000000
34.119737,19.850800,32.379907,1686.495124,-1.053041,12.243503,9.840164,3.669962,0.000000
34.143573,19.856980,32.335887,1681.643195,-1.035057,12.253583,9.847448,3.672679,0.000000
34.167347,19.863149,32.292753,1676.783673,-1.016854,12.263643,9.853192,3.674821,0.000000
34.191039,19.869299,32.250513,1671.917306,-0.998506,12.273713,9.857395,3.676389,0.000000
34.214668,19.875449,32.209160,1667.044867,-0.980095,12.283773,9.860064,3.677384,0.000000
34.238236,19.881578,32.168701,1662.167150,-0.961695,12.293833,9.861208,3.677811,0.000000
34.261721,19.887708,32.129118,1657.284949,-0.943377,12.303883,9.860845,3.677676,0.000000
34.285143,19.893817,32.090412,1652.399057,-0.925217,12.313934,9.858996,3.676986,0.000000
34.308494,19.899916,32.052562,1647.510287,-0.907285,12.323984,9.855689,3.675753,0.000000
34.331772,19.905996,32.015560,1642.619452,-0.889665,12.334035,9.850956,3.673988,0.000000
34.354978,19.912075,31.979386,1637.727355,-0.872431,12.344075,9.844834,3.671705,0.000000
34.378121,19.918134,31.944012,1632.834808,-0.855634,12.354116,9.837366,3.668919,0.000000
34.401193,19.924193,31.909419,1627.942606,-0.839358,12.364147,9.828597,3.665649,0.000000
34.424192,19.930232,31.875578,1623.051541,-0.823676,12.374178,9.818579,3.661912,0.000000
34.447118,19.936261,31.842470,1618.162379,-0.808649,12.384209,9.807365,3.657730,0.000000
34.469972,19.942280,31.810048,1613.275894,-0.794331,12.394240,9.795014,3.653124,0.000000
34.492765,19.948279,31.778293,1608.392833,-0.780783,12.404261,9.781587,3.648116,0.000000
34.515485,19.954278,31.747156,1603.513930,-0.768079,12.414283,9.767149,3.642731,0.000000
34.538142,19.960257,31.716610,1598.639875,-0.756260,12.424304,9.751766,3.636994,0.000000
34.560718,19.966225,31.686606,1593.771366,-0.745388,12.434325,9.735508,3.630930,0.000000
34.583231,19.972184,31.657107,1588.909053,-0.735496,12.444337,9.718447,3.624567,0.000000
34.605671,19.978133,31.628075,1584.053586,-0.726644,12.454348,9.700654,3.617931,0.000000
34.628050,19.984061,31.599461,1579.205557,-0.718865,12.464360,9.682206,3.611051,0.000000
34.650346,19.989980,31.571219,1574.365541,-0.712201,12.474362,9.663177,3.603954,0.000000
34.672580,19.995898,31.543301,1569.534102,-0.706692,12.484373,9.643643,3.596669,0.000000
34.694752,20.001786,31.515659,1564.711727,-0.702360,12.494375,9.623682,3.589224,0.000000
34.716842,20.007675,31.488255,1559.898914,-0.699247,12.504377,9.603370,3.581648,0.000000
34.738869,20.013553,31.461032,1555.096111,-0.697351,12.514379,9.582784,3.573971,0.000000
34.760824,20.019411,31.433942,1550.303721,-0.696716,12.524381,9.562000,3.566219,0.000000
34.782717,20.025259,31.406928,1545.522126,-0.697341,12.534373,9.541093,3.558422,0.000000
34.804538,20.031097,31.379953,1540.751660,-0.699236,12.544374,9.520140,3.550607,0.000000
34.826296,20.036925,31.352967,1535.992630,-0.702423,12.554376,9.499212,3.542802,0.000000
34.847982,20.042733,31.325916,1531.245313,-0.706900,12.564368,9.478382,3.535033,0.000000
34.869596,20.048541,31.298750,1526.509938,-0.712669,12.574370,9.457721,3.527328,0.000000
34.891148,20.054329,31.271431,1521.786697,-0.719719,12.584362,9.437298,3.519711,0.000000
34.912627,20.060107,31.243894,1517.075751,-0.728040,12.594364,9.417179,3.512207,0.000000
34.934045,20.065875,31.216109,1512.377217,-0.737630,12.604356,9.397429,3.504841,0.000000
34.955390,20.071622,31.188019,1507.691189,-0.748471,12.614358,9.378111,3.497636,0.000000
34.976673,20.077370,31.159587,1503.017715,-0.760550,12.624360,9.359284,3.490615,0.000000
34.997884,20.083098,31.130764,1498.356814,-0.773827,12.634352,9.341008,3.483799,0.000000
35.019033,20.088815,31.101522,1493.708458,-0.788291,12.644354,9.323335,3.477207,0.000000
35.040119,20.094523,31.071795,1489.072599,-0.803911,12.654356,9.306319,3.470861,0.000000
35.061134,20.100210,31.041562,1484.449161,-0.820656,12.664358,9.290010,3.464779,0.000000
35.082076,20.105897,31.010788,1479.837999,-0.838484,12.674369,9.274454,3.458977,0.000000
35.102966,20.111565,30.979422,1475.238990,-0.857373,12.684371,9.259694,3.453472,0.000000
35.123784,20.117222,30.947438,1470.651933,-0.877263,12.694382,9.245771,3.448279,0.000000
35.144529,20.122869,30.914816,1466.076627,-0.898121,12.704394,9.232724,3.443413,0.000000
35.165213,20.128506,30.881499,1461.512814,-0.919906,12.714406,9.220587,3.438887,0.000000
35.185834,20.134123,30.847487,1456.960245,-0.942565,12.724417,9.209391,3.434711,0.000000
35.206394,20.139740,30.812732,1452.418614,-0.966037,12.734438,9.199165,3.430897,0.000000
35.226881,20.145337,30.777224,1447.887597,-0.990290,12.744460,9.189935,3.427455,0.000000
35.247306,20.150924,30.740936,1443.366858,-1.015261,12.754481,9.181723,3.424392,0.000000
35.267669,20.156501,30.703839,1438.856006,-1.040888,12.764502,9.174547,3.421716,0.000000
35.287970,20.162057,30.665932,1434.354668,-1.067130,12.774533,9.168425,3.419432,0.000000
35.308199,20.167614,30.627197,1429.862423,-1.093913,12.784564,9.163368,3.417547,0.000000
35.328366,20.173151,30.587614,1425.378830,-1.121186,12.794595,9.159388,3.416062,0.000000
35.348471,20.178677,30.547175,1420.903442,-1.148875,12.804636,9.156490,3.414981,0.000000
35.368513,20.184194,30.505878,1416.435798,-1.176939,12.814677,9.154679,3.414306,0.000000
35.388484,20.189700,30.463706,1411.975411,-1.205305,12.824717,9.153955,3.414036,0.000000
35.408392,20.195187,30.420666,1407.521766,-1.233910,12.834768,9.154315,3.414170,0.000000
35.428238,20.200673,30.376742,1403.074373,-1.262693,12.844818,9.155755,3.414707,0.000000
35.448023,20.206140,30.331960,1398.632699,-1.291590,12.854869,9.158267,3.415644,0.000000
35.467745,20.211596,30.286303,1394.196216,-1.320528,12.864919,9.161839,3.416976,0.000000
35.487405,20.217042,30.239779,1389.764380,-1.349457,12.874979,9.166456,3.418698,0.000000
35.507003,20.222468,30.192397,1385.336636,-1.378323,12.885039,9.172103,3.420804,0.000000
35.526529,20.227894,30.144178,1380.912449,-1.407032,12.895109,9.178760,3.423287,0.000000
35.545993,20.233300,30.095121,1376.491246,-1.435554,12.905169,9.186404,3.426138,0.000000
35.565395,20.238696,30.045246,1372.072481,-1.463816,12.915239,9.195010,3.429348,0.000000
35.584745,20.244082,29.994570,1367.655589,-1.491755,12.925309,9.204550,3.432906,0.000000
35.604012,20.249448,29.943104,1363.240017,-1.519319,12.935389,9.214995,3.436801,0.000000
35.623228,20.254814,29.890876,1358.825201,-1.546446,12.945468,9.226311,3.441022,0.000000
35.642382,20.260159,29.837896,1354.410604,-1.573094,12.955548,9.238464,3.445554,0.000000
35.661474,20.265495,29.784202,1349.995683,-1.599190,12.965627,9.251416,3.450385,0.000000
35.680493,20.270821,29.729822,1345.579881,-1.624692,12.975707,9.265127,3.455498,0.000000
35.699450,20.276126,29.674757,1341.162694,-1.649549,12.985796,9.279555,3.460879,0.000000
35.718356,20.281432,29.619063,1336.743603,-1.673708,12.995886,9.294657,3.466512,0.000000
35.737189,20.286717,29.562760,1332.322084,-1.697138,13.005975,9.310387,3.472378,0.000000
35.755961,20.291993,29.505867,1327.897677,-1.719787,13.016064,9.326696,3.478461,0.000000
35.774670,20.297248,29.448431,1323.469886,-1.741613,13.026154,9.343536,3.484742,0.000000
35.793317,20.302503,29.390480,1319.038260,-1.762586,13.036243,9.360856,3.491201,0.000000
35.811892,20.307738,29.332044,1314.602361,-1.782663,13.046342,9.378603,3.497820,0.000000
35.830415,20.312963,29.273161,1310.161766,-1.801823,13.056431,9.396723,3.504578,0.000000
35.848866,20.318179,29.213868,1305.716085,-1.820036,13.066530,9.415162,3.511455,0.000000
35.867255,20.323374,29.154194,1301.264935,-1.837260,13.076629,9.433864,3.518430,0.000000
35.885582,20.328558,29.094177,1296.807972,-1.853505,13.086719,9.452772,3.525482,0.000000
35.903846,20.333733,29.033865,1292.344860,-1.868719,13.096818,9.471828,3.532589,0.000000
35.922049,20.338898,28.973287,1287.875304,-1.882912,13.106907,9.490976,3.539730,0.000000
35.940180,20.344043,28.912470,1283.399036,-1.896064,13.117006,9.510156,3.546884,0.000000
35.958258,20.349178,28.851473,1278.915798,-1.908165,13.127095,9.529311,3.554028,0.000000
35.976265,20.354302,28.790304,1274.425378,-1.919224,13.137185,9.548383,3.561141,0.000000
35.994209,20.359407,28.729030,1269.927587,-1.929221,13.147284,9.567314,3.568201,0.000000
36.012091,20.364511,28.667662,1265.422271,-1.938176,13.157373,9.586046,3.575188,0.000000
36.029901,20.369586,28.606255,1260.909306,-1.946090,13.167452,9.604524,3.582079,0.000000
36.047660,20.374660,28.544829,1256.388587,-1.952973,13.177542,9.622691,3.588854,0.000000
36.065346,20.379715,28.483422,1251.860055,-1.958847,13.187621,9.640493,3.595494,0.000000
36.082959,20.384759,28.422063,1247.323684,-1.963720,13.197701,9.657877,3.601977,0.000000
36.100521,20.389783,28.360799,1242.779462,-1.967635,13.207781,9.674791,3.608286,0.000000
36.118011,20.394797,28.299649,1238.227429,-1.970593,13.217860,9.691185,3.614400,0.000000
36.135438,20.399801,28.238651,1233.667650,-1.972634,13.227930,9.707012,3.620303,0.000000
36.152804,20.404795,28.177825,1229.100223,-1.973800,13.238000,9.722225,3.625976,0.000000
36.170107,20.409769,28.117209,1224.525261,-1.974113,13.248060,9.736781,3.631405,0.000000
36.187338,20.414723,28.056811,1219.942937,-1.973613,13.258130,9.750639,3.636574,0.000000
36.204507,20.419677,27.996671,1215.353432,-1.972353,13.268180,9.763760,3.641467,0.000000
36.221604,20.424611,27.936806,1210.756957,-1.970385,13.278240,9.776109,3.646073,0.000000
36.238639,20.429524,27.877247,1206.153769,-1.967729,13.288281,9.787653,3.650378,0.000000
36.255612,20.434428,27.817992,1201.544138,-1.964470,13.298332,9.798362,3.654372,0.000000
36.272522,20.439321,27.759080,1196.928367,-1.960638,13.308372,9.808211,3.658045,0.000000
36.289361,20.444195,27.700510,1192.306774,-1.956295,13.318403,9.817175,3.661389,0.000000
36.306137,20.449058,27.642303,1187.679712,-1.951505,13.328434,9.825235,3.664395,0.000000
36.322841,20.453912,27.584476,1183.047553,-1.946319,13.338465,9.832374,3.667057,0.000000
36.339483,20.458745,27.527030,1178.410709,-1.940811,13.348487,9.838580,3.669372,0.000000
36.356063,20.463558,27.469975,1173.769572,-1.935031,13.358498,9.843844,3.671335,0.000000
36.372570,20.468361,27.413320,1169.124592,-1.929054,13.368510,9.848159,3.672944,0.000000
36.389016,20.473154,27.357064,1164.476226,-1.922941,13.378511,9.851523,3.674199,0.000000
36.405399,20.477927,27.301218,1159.824925,-1.916756,13.388513,9.853937,3.675099,0.000000
36.421711,20.482690,27.245772,1155.171177,-1.910560,13.398505,9.855407,3.675648,0.000000
36.437949,20.487443,27.190726,1150.515487,-1.904437,13.408498,9.855940,3.675846,0.000000
36.454137,20.492166,27.136070,1145.858344,-1.898439,13.418480,9.855548,3.675700,0.000000
36.470251,20.496888,27.081814,1141.200265,-1.892638,13.428462,9.854246,3.675214,0.000000
36.486294,20.501591,27.027929,1136.541783,-1.887109,13.438435,9.852051,3.674396,0.000000
36.502274,20.506273,26.974426,1131.883407,-1.881902,13.448398,9.848986,3.673253,0.000000
36.518193,20.510946,26.921284,1127.225671,-1.877091,13.458361,9.845073,3.671794,0.000000
36.534049,20.515608,26.868494,1122.569121,-1.872749,13.468314,9.840341,3.670029,0.000000
36.549833,20.520251,26.816028,1117.914273,-1.868917,13.478267,9.834818,3.667969,0.000000
36.565545,20.524873,26.763886,1113.261653,-1.865678,13.488211,9.828537,3.665626,0.000000
36.581194,20.529485,26.712040,1108.611805,-1.863075,13.498145,9.821532,3.663014,0.000000
36.596782,20.534087,26.660469,1103.965237,-1.861169,13.508078,9.813841,3.660145,0.000000
36.612297,20.538669,26.609165,1099.322466,-1.860013,13.518012,9.805501,3.657035,0.000000
36.627750,20.543231,26.558089,1094.684015,-1.859670,13.527936,9.796553,3.653697,0.000000
36.643142,20.547783,26.507233,1090.050356,-1.860190,13.537851,9.787039,3.650149,0.000000
36.658460,20.552315,26.456566,1085.422002,-1.861607,13.547765,9.777003,3.646406,0.000000
36.673717,20.556837,26.406062,1080.799415,-1.863970,13.557670,9.766489,3.642485,0.000000
36.688912,20.561348,26.355701,1076.183061,-1.867334,13.567574,9.755544,3.638403,0.000000
36.704035,20.565840,26.305444,1071.573391,-1.871728,13.577479,9.744213,3.634177,0.000000
36.719095,20.570312,26.255273,1066.970825,-1.877185,13.587374,9.732545,3.629825,0.000000
36.734093,20.574773,26.205159,1062.375794,-1.883745,13.597259,9.720587,3.625365,0.000000
36.749019,20.579214,26.155074,1057.788698,-1.891430,13.607154,9.708386,3.620815,0.000000
36.763883,20.583646,26.104979,1053.209902,-1.900261,13.617029,9.695991,3.616192,0.000000
36.778686,20.588067,26.054865,1048.639769,-1.910279,13.626915,9.683450,3.611515,0.000000
36.793415,20.592458,26.004685,1044.078652,-1.921483,13.636790,9.670811,3.606801,0.000000
36.808083,20.596849,25.954418,1039.526858,-1.933896,13.646656,9.658120,3.602068,0.000000
36.822688,20.601210,25.904028,1034.984692,-1.947527,13.656531,9.645424,3.597333,0.000000
36.837232,20.605571,25.853495,1030.452432,-1.962397,13.666397,9.632769,3.592613,0.000000
36.851703,20.609902,25.802782,1025.930335,-1.978486,13.676253,9.620201,3.587926,0.000000
36.866113,20.614233,25.751858,1021.418623,-1.995814,13.686119,9.607762,3.583287,0.000000
36.880460,20.618534,25.700716,1016.917514,-2.014371,13.695975,9.595496,3.578712,0.000000
36.894745,20.622834,25.649298,1012.427190,-2.034156,13.705831,9.583443,3.574217,0.000000
36.908968,20.627105,25.597603,1007.947824,-2.055149,13.715677,9.571645,3.569816,0.000000
36.923119,20.631365,25.545585,1003.479549,-2.077340,13.725533,9.560138,3.565525,0.000000
36.937208,20.635616,25.493233,999.022490,-2.100708,13.735379,9.548961,3.561356,0.000000
36.951245,20.639846,25.440511,994.576733,-2.125242,13.745226,9.538148,3.557323,0.000000
36.965210,20.644066,25.387407,990.142353,-2.150921,13.755072,9.527732,3.553439,0.000000
36.979112,20.648267,25.333884,985.719400,-2.177715,13.764918,9.517745,3.549714,0.000000
36.992943,20.652447,25.279933,981.307911,-2.205581,13.774765,9.508216,3.546160,0.000000
37.006721,20.656627,25.225525,976.907877,-2.234509,13.784601,9.499172,3.542787,0.000000
37.020438,20.660777,25.170650,972.519287,-2.264447,13.794448,9.490639,3.539605,0.000000
37.034093,20.664917,25.115280,968.142114,-2.295365,13.804284,9.482641,3.536622,0.000000
37.047685,20.669047,25.059396,963.776291,-2.327230,13.814121,9.475197,3.533846,0.000000
37.061206,20.673156,25.002988,959.421740,-2.359980,13.823967,9.468328,3.531284,0.000000
37.074674,20.677246,24.946047,955.078358,-2.393594,13.833804,9.462050,3.528942,0.000000
0.046494,0.045197,50.256640,4544.938185,-0.534414,43.739877,5.096972,1.900954,0.000000
0.092957,0.090365,50.195100,4542.414822,-0.547524,43.740023,5.137809,1.916184,0.000000
0.139400,0.135512,50.132132,4539.872929,-0.559958,43.740207,5.180012,1.931924,0.000000
0.185821,0.180639,50.067830,4537.311655,-0.571704,43.740450,5.223547,1.948161,0.000000
0.232212,0.225736,50.002272,4534.730149,-0.582732,43.740723,5.268375,1.964880,0.000000
0.278572,0.270813,49.935542,4532.127597,-0.593010,43.741053,5.314455,1.982066,0.000000
0.324911,0.315860,49.867727,4529.503170,-0.602538,43.741422,5.361741,1.999702,0.000000
0.371219,0.360876,49.798921,4526.856091,-0.611264,43.741840,5.410187,2.017770,0.000000
0.417506,0.405873,49.729202,4524.185586,-0.619199,43.742297,5.459738,2.036250,0.000000
0.463762,0.450849,49.658682,4521.490910,-0.626301,43.742803,5.510340,2.055122,0.000000
0.509988,0.495795,49.587439,4518.771326,-0.632559,43.743347,5.561932,2.074364,0.000000
0.556192,0.540711,49.515587,4516.026147,-0.637954,43.743940,5.614450,2.093951,0.000000
0.602356,0.585607,49.443211,4513.254720,-0.642463,43.744581,5.667826,2.113858,0.000000
0.648498,0.630473,49.370425,4510.456398,-0.646076,43.745262,5.721987,2.134058,0.000000
0.694620,0.675319,49.297335,4507.630596,-0.648794,43.745981,5.776857,2.154522,0.000000
0.740701,0.720134,49.224026,4504.776740,-0.650575,43.746749,5.832356,2.175221,0.000000
0.786761,0.764920,49.150621,4501.894334,-0.651439,43.747556,5.888397,2.196121,0.000000
0.832790,0.809675,49.077217,4498.982879,-0.651345,43.748411,5.944891,2.217192,0.000000
0.878788,0.854410,49.003927,4496.041957,-0.650314,43.749305,6.001746,2.238396,0.000000
0.924744,0.899116,48.930846,4493.071193,-0.648315,43.750248,6.058863,2.259698,0.000000
0.970680,0.943790,48.858098,4490.070234,-0.645368,43.751220,6.116141,2.281060,0.000000
1.016585,0.988445,48.785789,4487.038812,-0.641452,43.752250,6.173474,2.302443,0.000000
1.062459,1.033060,48.714022,4483.976707,-0.636569,43.753310,6.230754,2.323806,0.000000
1.108302,1.077654,48.642903,4480.883747,-0.630727,43.754418,6.287869,2.345108,0.000000
1.154114,1.122219,48.572536,4477.759817,-0.623927,43.755565,6.344703,2.366304,0.000000
1.199884,1.166753,48.503045,4474.604889,-0.616179,43.756751,6.401138,2.387352,0.000000
1.245634,1.211257,48.434516,4471.418954,-0.607474,43.757976,6.457054,2.408207,0.000000
1.291342,1.255731,48.367062,4468.202125,-0.597852,43.759249,6.512328,2.428821,0.000000
1.337020,1.300185,48.300790,4464.954517,-0.587293,43.760561,6.566835,2.449150,0.000000
1.382656,1.344599,48.235793,4461.676380,-0.575838,43.761902,6.620451,2.469147,0.000000
1.428272,1.388982,48.172177,4458.367971,-0.563488,43.763292,6.673049,2.488764,0.000000
1.473846,1.433336,48.110037,4455.029664,-0.550273,43.764731,6.724503,2.507954,0.000000
1.519378,1.477659,48.049459,4451.661878,-0.536205,43.766199,6.774688,2.526670,0.000000
1.564880,1.521952,47.990537,4448.265102,-0.521314,43.767705,6.823477,2.544867,0.000000
1.610351,1.566215,47.933377,4444.839909,-0.505621,43.769251,6.870748,2.562497,0.000000
1.655780,1.610448,47.878035,4441.386930,-0.489168,43.770845,6.916380,2.579516,0.000000
1.701179,1.654640,47.824608,4437.906874,-0.471975,43.772468,6.960254,2.595879,0.000000
1.746536,1.698813,47.773180,4434.400504,-0.454075,43.774130,7.002255,2.611543,0.000000
1.791862,1.742945,47.723809,4430.868672,-0.435507,43.775831,7.042271,2.626468,0.000000
1.837147,1.787047,47.676580,4427.312276,-0.416305,43.777581,7.080197,2.640612,0.000000
1.882400,1.831119,47.631541,4423.732273,-0.396520,43.779359,7.115931,2.653939,0.000000
1.927602,1.875151,47.588769,4420.129705,-0.376172,43.781177,7.149377,2.666414,0.000000
1.972773,1.919153,47.548301,4416.505643,-0.355325,43.783034,7.180448,2.678002,0.000000
2.017913,1.963124,47.510204,4412.861234,-0.334019,43.784919,7.209060,2.688673,0.000000
2.063012,2.007056,47.474506,4409.197673,-0.312297,43.786854,7.235139,2.698399,0.000000
2.108059,2.050967,47.441265,4405.516184,-0.290199,43.788817,7.258619,2.707156,0.000000
2.153085,2.094828,47.410499,4401.818059,-0.267790,43.790829,7.279441,2.714922,0.000000
2.198060,2.138669,47.382248,4398.104606,-0.245120,43.792870,7.297556,2.721678,0.000000
2.242993,2.182470,47.356529,4394.377194,-0.222221,43.794941,7.312923,2.727409,0.000000
2.287895,2.226240,47.333353,4390.637208,-0.199155,43.797059,7.325511,2.732104,0.000000
2.332756,2.269971,47.312738,4386.886054,-0.175986,43.799208,7.335297,2.735754,0.000000
2.377576,2.313671,47.294694,4383.125167,-0.152754,43.801404,7.342271,2.738355,0.000000
2.422354,2.357331,47.279211,4379.356000,-0.129511,43.803630,7.346429,2.739906,0.000000
2.467091,2.400961,47.266290,4375.580005,-0.106341,43.808150,7.347779,2.740409,1.022671
2.511786,2.444561,47.255911,4371.798666,-0.083265,43.812718,7.346341,2.739873,1.022671
2.556440,2.488130,47.248055,4368.013445,-0.060345,43.817326,7.342139,2.738305,1.022671
2.601053,2.531660,47.242704,4364.225805,-0.037623,43.821962,7.335209,2.735721,1.022671
2.645625,2.575159,47.239829,4360.437189,-0.015162,43.826637,7.325595,2.732136,1.022671
2.690155,2.618628,47.239381,4356.649052,0.006987,43.831351,7.313352,2.727569,1.022671
2.734633,2.662067,47.241333,4352.862808,0.028783,43.836095,7.298540,2.722045,1.022671
2.779081,2.705466,47.245637,4349.079862,0.050182,43.840877,7.281229,2.715589,1.022671
2.823476,2.748834,47.252245,4345.301592,0.071123,43.845688,7.261495,2.708229,1.022671
2.867831,2.792173,47.261091,4341.529336,0.091565,43.850529,7.239423,2.699997,1.022671
2.912144,2.835481,47.272127,4337.764395,0.111465,43.855399,7.215104,2.690927,1.022671
2.956415,2.878749,47.285286,4334.008050,0.130781,43.860297,7.188633,2.681054,1.022671
3.000646,2.921997,47.300483,4330.261533,0.149473,43.865235,7.160112,2.670417,1.022671
3.044835,2.965205,47.317670,4326.526013,0.167499,43.870192,7.129648,2.659056,1.022671
3.088983,3.008383,47.336752,4322.802635,0.184816,43.875179,7.097352,2.647010,1.022671
3.133078,3.051521,47.357643,4319.092482,0.201405,43.880194,7.063338,2.634325,1.022671
3.177143,3.094638,47.380277,4315.396593,0.217223,43.885239,7.027722,2.621042,1.022671
3.221157,3.137725,47.404558,4311.715946,0.232249,43.890313,6.990626,2.607206,1.022671
3.265139,3.180772,47.430391,4308.051458,0.246443,43.895406,6.952169,2.592863,1.022671
3.309070,3.223789,47.457690,4304.404008,0.259782,43.900528,6.912476,2.578059,1.022671
3.352969,3.266776,47.486351,4300.774410,0.272247,43.905680,6.871668,2.562840,1.022671
3.396817,3.309743,47.516278,4297.163390,0.283806,43.910851,6.829870,2.547251,1.022671
3.440634,3.352669,47.547387,4293.571664,0.294459,43.916051,6.787205,2.531339,1.022671
3.484399,3.395566,47.579552,4289.999855,0.304174,43.921271,6.743795,2.515149,1.022671
3.528133,3.438432,47.612688,4286.448537,0.312953,43.926519,6.699762,2.498726,1.022671
3.571826,3.481268,47.646691,4282.918225,0.320763,43.931788,6.655225,2.482116,1.022671
3.615467,3.524074,47.681446,4279.409360,0.327604,43.937085,6.610301,2.465361,1.022671
3.659078,3.566860,47.716858,4275.922352,0.333477,43.942402,6.565105,2.448505,1.022671
3.702646,3.609605,47.752813,4272.457546,0.338372,43.947748,6.519751,2.431590,1.022671
3.746184,3.652331,47.789215,4269.015199,0.342277,43.953123,6.474348,2.414657,1.022671
3.789670,3.695026,47.825941,4265.595562,0.345203,43.958508,6.429003,2.397745,1.022671
3.833125,3.737682,47.862905,4262.198795,0.347140,43.963932,6.383818,2.380892,1.022671
3.876529,3.780327,47.899993,4258.825024,0.348108,43.969375,6.338893,2.364137,1.022671
3.919901,3.822932,47.937109,4255.474306,0.348098,43.974837,6.294325,2.347515,1.022671
3.963243,3.865517,47.974140,4252.146659,0.347119,43.980329,6.250206,2.331061,1.022671
4.006532,3.908071,48.010980,4248.842056,0.345182,43.985840,6.206624,2.314807,1.022671
4.049791,3.950596,48.047545,4245.560419,0.342298,43.991390,6.163665,2.298785,1.022671
4.093019,3.993090,48.083718,4242.301615,0.338486,43.996950,6.121409,2.283025,1.022671
4.136195,4.035565,48.119416,4239.065491,0.333748,44.002549,6.079933,2.267556,1.022671
4.179340,4.078019,48.154533,4235.851817,0.328104,44.008167,6.039310,2.252406,1.022671
4.222444,4.120443,48.188974,4232.660355,0.321575,44.013814,5.999611,2.237600,1.022671
4.265516,4.162837,48.222653,4229.490808,0.314171,44.019481,5.960900,2.223162,1.022671
4.308558,4.205211,48.255475,4226.342860,0.305913,44.025177,5.923240,2.209117,1.022671
4.351548,4.247555,48.287364,4223.216129,0.296833,44.030912,5.886689,2.195485,1.022671
4.394507,4.289878,48.318224,4220.110223,0.286940,44.036666,5.851302,2.182287,1.022671
4.437435,4.332172,48.347971,4217.024721,0.276266,44.042449,5.817131,2.169543,1.022671
4.480321,4.374445,48.376527,4213.959145,0.264822,44.048252,5.784224,2.157269,1.022671
4.523177,4.416688,48.403826,4210.913017,0.252638,44.054094,5.752626,2.145485,1.022671
4.565991,4.458921,48.429774,4207.885812,0.239757,44.059965,5.722379,2.134204,1.022671
4.608774,4.501114,48.454321,4204.876984,0.226178,44.065865,5.693522,2.123442,1.022671
4.651527,4.543297,48.477383,4201.885949,0.211954,44.071804,5.666093,2.113212,1.022671
4.694238,4.585450,48.498893,4198.912116,0.197094,44.077762,5.640124,2.103526,1.022671
4.736907,4.627583,48.518794,4195.954872,0.181630,44.083759,5.615647,2.094397,1.022671
4.779556,4.669685,48.537038,4193.013557,0.165604,44.089786,5.592690,2.085836,1.022671
4.822163,4.711778,48.553549,4190.087522,0.149026,44.095841,5.571281,2.077851,1.022671
4.864730,4.753840,48.568289,4187.176068,0.131948,44.101935,5.551443,2.070452,1.022671
4.907275,4.795882,48.581201,4184.278497,0.114391,44.108059,5.533200,2.063648,1.022671
4.949779,4.837895,48.592237,4181.394083,0.096376,44.114221,5.516570,2.057446,1.022671
4.992242,4.879897,48.601359,4178.522089,0.077954,44.120413,5.501574,2.051853,1.022671
5.034684,4.921869,48.608538,4175.661760,0.059148,44.126644,5.488226,2.046875,1.022671
5.077085,4.963820,48.613718,4172.812322,0.039998,44.132913,5.476544,2.042518,1.022671
5.119455,5.005762,48.616879,4169.972980,0.020525,44.139211,5.466539,2.038786,1.022671
5.161793,5.047674,48.617993,4167.142942,0.000760,44.145549,5.458224,2.035685,1.022671
5.204091,5.089555,48.617032,4164.321395,-0.019244,44.151925,5.451609,2.033218,1.022671
5.246357,5.131427,48.613975,4161.507487,-0.039467,44.158340,5.446703,2.031389,1.022671
5.288593,5.173278,48.608805,4158.700406,-0.059877,44.164794,5.443514,2.030199,1.022671
5.330797,5.215109,48.601502,4155.899292,-0.080433,44.171287,5.442049,2.029653,1.022671
5.372960,5.256910,48.592065,4153.103274,-0.101093,44.177819,5.442312,2.029751,1.022671
5.415092,5.298701,48.580477,4150.311481,-0.121847,44.184390,5.444306,2.030495,1.022671
5.457193,5.340462,48.566737,4147.523036,-0.142632,44.190999,5.448035,2.031885,1.022671
5.499263,5.382213,48.550854,4144.737038,-0.163438,44.197658,5.453500,2.033924,1.022671
5.541302,5.423934,48.532820,4141.952599,-0.184212,44.204345,5.460700,2.036609,1.022671
5.583300,5.465645,48.512652,4139.168800,-0.204924,44.211081,5.469634,2.039941,1.022671
5.625266,5.507325,48.490352,4136.384734,-0.225553,44.217865,5.480299,2.043918,1.022671
5.667202,5.548996,48.465938,4133.599472,-0.246047,44.224689,5.492692,2.048540,1.022671
5.709107,5.590636,48.439429,4130.812098,-0.266374,44.231551,5.506805,2.053804,1.022671
5.750970,5.632266,48.410854,4128.021673,-0.286503,44.238462,5.522634,2.059708,1.022671
5.792802,5.673866,48.380222,4125.227261,-0.306403,44.245412,5.540169,2.066247,1.022671
5.834603,5.715456,48.347571,4122.427925,-0.326032,44.252410,5.559399,2.073419,1.022671
5.876374,5.757016,48.312930,4119.622727,-0.345359,44.259457,5.580314,2.081220,1.022671
5.918103,5.798566,48.276337,4116.810732,-0.364353,44.266553,5.602899,2.089643,1.022671
5.959811,5.840086,48.237840,4113.990972,-0.382983,44.273687,5.627139,2.098683,1.022671
6.001467,5.881596,48.197458,4111.162531,-0.401206,44.280870,5.653016,2.108335,1.022671
6.043103,5.923075,48.155266,4108.324462,-0.418992,44.288102,5.680512,2.118589,1.022671
6.084698,5.964545,48.111284,4105.475826,-0.436309,44.295382,5.709604,2.129440,1.022671
6.126261,6.005984,48.065589,4102.615689,-0.453127,44.302701,5.740269,2.140876,1.022671
6.167794,6.047413,48.018217,4099.743121,-0.469413,44.310078,5.772480,2.152890,1.022671
6.209285,6.088813,47.969246,4096.857206,-0.485138,44.317505,5.806208,2.165469,1.022671
6.250745,6.130192,47.918713,4093.957034,-0.500268,44.324979,5.841422,2.178602,1.022671
6.292174,6.171561,47.866714,4091.041708,-0.514784,44.332502,5.878088,2.192277,1.022671
6.333562,6.212900,47.813286,4088.110328,-0.528634,44.340074,5.916167,2.206479,1.022671
6.374919,6.254218,47.758526,4085.162024,-0.541807,44.347695,5.955620,2.221193,1.022671
6.416234,6.295517,47.702480,4082.195926,-0.554272,44.355364,5.996404,2.236403,1.022671
6.457519,6.336796,47.645253,4079.211192,-0.565976,44.361098,6.038470,2.252092,0.000000
6.498772,6.378054,47.586903,4076.207001,-0.576921,44.366872,6.081767,2.268240,0.000000
6.539984,6.419282,47.527524,4073.182540,-0.587074,44.372675,6.126243,2.284828,0.000000
6.581165,6.460491,47.467193,4070.137034,-0.596425,44.378507,6.171839,2.301833,0.000000
6.622315,6.501679,47.406005,4067.069727,-0.604933,44.384378,6.218495,2.319234,0.000000
6.663424,6.542847,47.344036,4063.979894,-0.612597,44.390288,6.266146,2.337006,0.000000
6.704491,6.583985,47.281373,4060.866826,-0.619376,44.396226,6.314723,2.355123,0.000000
6.745538,6.625093,47.218119,4057.729865,-0.625260,44.402204,6.364155,2.373559,0.000000
6.786533,6.666190,47.154369,4054.568378,-0.630237,44.408211,6.414364,2.392285,0.000000
6.827507,6.707258,47.090201,4051.381773,-0.634288,44.414257,6.465271,2.411271,0.000000
6.868440,6.748295,47.025728,4048.169476,-0.637391,44.420332,6.516792,2.430486,0.000000
6.909332,6.789323,46.961036,4044.930990,-0.639547,44.426436,6.568839,2.449898,0.000000
6.950182,6.830310,46.896220,4041.665837,-0.640734,44.432579,6.621321,2.469471,0.000000
6.991002,6.871277,46.831395,4038.373587,-0.640953,44.438761,6.674141,2.489171,0.000000
7.031790,6.912224,46.766646,4035.053867,-0.640182,44.444962,6.727203,2.508960,0.000000
7.072526,6.953141,46.702087,4031.706352,-0.638433,44.451202,6.780403,2.528802,0.000000
7.113232,6.994038,46.637795,4028.330774,-0.635704,44.457472,6.833636,2.548656,0.000000
7.153907,7.034894,46.573894,4024.926893,-0.631976,44.463780,6.886795,2.568481,0.000000
7.194529,7.075741,46.510459,4021.494568,-0.627269,44.470117,6.939768,2.588238,0.000000
7.235121,7.116547,46.447614,4018.033682,-0.621573,44.476484,6.992442,2.607883,0.000000
7.275672,7.157333,46.385436,4014.544207,-0.614909,44.482880,7.044702,2.627374,0.000000
7.316181,7.198099,46.324039,4011.026143,-0.607276,44.489305,7.096431,2.646667,0.000000
7.356649,7.238825,46.263508,4007.479587,-0.598685,44.495768,7.147510,2.665717,0.000000
7.397075,7.279531,46.203929,4003.904670,-0.589157,44.502252,7.197821,2.684481,0.000000
7.437471,7.320207,46.145417,4000.301624,-0.578702,44.508774,7.247243,2.702913,0.000000
7.477815,7.360852,46.088047,3996.670716,-0.567341,44.515325,7.295657,2.720970,0.000000
7.518127,7.401478,46.031906,3993.012280,-0.555095,44.521905,7.342944,2.738606,0.000000
7.558388,7.442063,45.977088,3989.326747,-0.541984,44.528515,7.388985,2.755777,0.000000
7.598608,7.482628,45.923670,3985.614585,-0.528041,44.535144,7.433664,2.772440,0.000000
7.638797,7.523163,45.871728,3981.876330,-0.513285,44.541812,7.476866,2.788553,0.000000
7.678934,7.563668,45.821357,3978.112603,-0.497759,44.548509,7.518479,2.804073,0.000000
7.719030,7.604143,45.772605,3974.324074,-0.481493,44.555235,7.558395,2.818960,0.000000
7.759084,7.644577,45.725557,3970.511478,-0.464509,44.561981,7.596509,2.833175,0.000000
7.799097,7.684992,45.680271,3966.675619,-0.446858,44.568765,7.632720,2.846680,0.000000
7.839058,7.725376,45.636822,3962.817348,-0.428583,44.575569,7.666934,2.859440,0.000000
7.878989,7.765730,45.595250,3958.937583,-0.409724,44.582412,7.699059,2.871422,0.000000
7.918867,7.806054,45.555610,3955.037308,-0.390314,44.589274,7.729012,2.882593,0.000000
7.958694,7.846338,45.517970,3951.117528,-0.370403,44.596166,7.756715,2.892925,0.000000
7.998490,7.886602,45.482348,3947.179323,-0.350045,44.603077,7.782098,2.902391,0.000000
8.038235,7.926825,45.448793,3943.223812,-0.329281,44.610026,7.805096,2.910969,0.000000
8.077938,7.967029,45.417342,3939.252152,-0.308173,44.616996,7.825655,2.918636,0.000000
8.117599,8.007192,45.388015,3935.265556,-0.286753,44.623994,7.843726,2.925376,0.000000
8.157209,8.047325,45.360839,3931.265240,-0.265093,44.631022,7.859270,2.931173,0.000000
8.196778,8.087428,45.335834,3927.252484,-0.243235,44.638069,7.872256,2.936017,0.000000
8.236294,8.127490,45.313010,3923.228560,-0.221232,44.645145,7.882663,2.939898,0.000000
8.275770,8.167533,45.292376,3919.194807,-0.199145,44.652250,7.890477,2.942812,0.000000
8.315194,8.207536,45.273932,3915.152535,-0.177027,44.659384,7.895694,2.944758,0.000000
8.354587,8.247508,45.257669,3911.103091,-0.154940,44.666538,7.898318,2.945737,0.000000
8.393917,8.287440,45.243586,3907.047825,-0.132916,44.673721,7.898364,2.945754,0.000000
8.433217,8.327352,45.231655,3902.988094,-0.111027,44.680924,7.895854,2.944818,0.000000
8.472455,8.367224,45.221876,3898.925245,-0.089336,44.688155,7.890819,2.942940,0.000000
8.511662,8.407065,45.214211,3894.860637,-0.067874,44.695416,7.883298,2.940135,0.000000
8.550817,8.446877,45.208631,3890.795590,-0.046704,44.702706,7.873340,2.936421,0.000000
8.589920,8.486648,45.205098,3886.731431,-0.025877,44.710016,7.860999,2.931818,0.000000
8.628982,8.526390,45.203575,3882.669472,-0.005457,44.717344,7.846339,2.926351,0.000000
8.667993,8.566101,45.204022,3878.610983,0.014537,44.724712,7.829431,2.920045,0.000000
8.706962,8.605781,45.206384,3874.557218,0.034031,44.732099,7.810350,2.912928,0.000000
8.745889,8.645422,45.210602,3870.509410,0.052983,44.739506,7.789180,2.905033,0.000000
8.784765,8.685043,45.216629,3866.468734,0.071352,44.746951,7.766010,2.896392,0.000000
8.823600,8.724623,45.224399,3862.436349,0.089107,44.754416,7.740934,2.887039,0.000000
8.862383,8.764163,45.233836,3858.413372,0.106185,44.761901,7.714051,2.877013,0.000000
8.901125,8.803684,45.244891,3854.400864,0.122565,44.769414,7.685463,2.866351,0.000000
8.939814,8.843163,45.257469,3850.399840,0.138196,44.776957,7.655276,2.855092,0.000000
8.978463,8.882613,45.271504,3846.411294,0.153056,44.784529,7.623601,2.843279,0.000000
9.017060,8.922033,45.286920,3842.436144,0.167114,44.792120,7.590550,2.830952,0.000000
9.055616,8.961422,45.303631,3838.475268,0.180328,44.799740,7.556235,2.818154,0.000000
9.094130,9.000782,45.321552,3834.529471,0.192678,44.807380,7.520774,2.804929,0.000000
9.132603,9.040111,45.340595,3830.599547,0.204143,44.815049,7.484282,2.791319,0.000000
9.171024,9.079400,45.360677,3826.686183,0.214692,44.822748,7.446877,2.777368,0.000000
9.209393,9.118669,45.381711,3822.790058,0.224314,44.830465,7.408675,2.763120,0.000000
9.247732,9.157898,45.403583,3818.911755,0.232988,44.838212,7.369792,2.748619,0.000000
9.286019,9.197096,45.426226,3815.051821,0.240705,44.845988,7.330346,2.733907,0.000000
9.324254,9.236275,45.449536,3811.210761,0.247442,44.853793,7.290449,2.719027,0.000000
9.362458,9.275413,45.473417,3807.388986,0.253190,44.861618,7.250216,2.704022,0.000000
9.400610,9.314521,45.497774,3803.586879,0.257949,44.869471,7.209757,2.688933,0.000000
9.438721,9.353599,45.522512,3799.804765,0.261709,44.877354,7.169180,2.673799,0.000000
9.476791,9.392657,45.547535,3796.042903,0.264478,44.885266,7.128594,2.658662,0.000000
9.514809,9.431675,45.572759,3792.301502,0.266238,44.893198,7.088100,2.643560,0.000000
9.552796,9.470672,45.598068,3788.580725,0.266999,44.901158,7.047801,2.628530,0.000000
9.590732,9.509630,45.623377,3784.880678,0.266769,44.909148,7.007793,2.613609,0.000000
9.628626,9.548567,45.648591,3781.201408,0.265551,44.917157,6.968172,2.598832,0.000000
9.666478,9.587474,45.673625,3777.542934,0.263354,44.925206,6.929028,2.584233,0.000000
9.704290,9.626351,45.698372,3773.905198,0.260188,44.933273,6.890450,2.569845,0.000000
9.742049,9.665208,45.722758,3770.288125,0.256064,44.941370,6.852521,2.555699,0.000000
9.779778,9.704025,45.746686,3766.691562,0.251004,44.949496,6.815322,2.541825,0.000000
9.817465,9.742822,45.770072,3763.115336,0.245006,44.957651,6.778932,2.528253,0.000000
9.855101,9.781588,45.792830,3759.559227,0.238101,44.965825,6.743422,2.515010,0.000000
9.892705,9.820335,45.814873,3756.022968,0.230312,44.974039,6.708864,2.502121,0.000000
9.930269,9.859051,45.836116,3752.506243,0.221648,44.982271,6.675323,2.489612,0.000000
9.967780,9.897737,45.856493,3749.008717,0.212141,44.990533,6.642864,2.477506,0.000000
10.005261,9.936393,45.875918,3745.530018,0.201811,44.998824,6.611544,2.465825,0.000000
10.042700,9.975029,45.894324,3742.069716,0.190679,45.007145,6.581421,2.454590,0.000000
10.080098,10.013635,45.911625,3738.627360,0.178777,45.015494,6.552548,2.443822,0.000000
10.117454,10.052220,45.927765,3735.202483,0.166124,45.023873,6.524973,2.433537,0.000000
10.154769,10.090776,45.942676,3731.794548,0.152764,45.032281,6.498744,2.423755,0.000000
10.192043,10.129311,45.956292,3728.403021,0.138716,45.040708,6.473903,2.414491,0.000000
10.229286,10.167816,45.968547,3725.027328,0.124013,45.049174,6.450492,2.405759,0.000000
10.266477,10.206301,45.979402,3721.666876,0.108684,45.057669,6.428547,2.397575,0.000000
10.303637,10.244756,45.988791,3718.321025,0.092762,45.066184,6.408104,2.389950,0.000000
10.340756,10.283191,45.996656,3714.989133,0.076278,45.074728,6.389194,2.382898,0.000000
10.377833,10.321596,46.002959,3711.670512,0.059273,45.083310,6.371847,2.376428,0.000000
10.414870,10.359981,46.007663,3708.364484,0.041778,45.091912,6.356089,2.370551,0.000000
10.451875,10.398335,46.010710,3705.070312,0.023836,45.100544,6.341945,2.365276,0.000000
10.488838,10.436670,46.012072,3701.787251,0.005467,45.109204,6.329438,2.360611,0.000000
10.525761,10.474984,46.011710,3698.514564,-0.013277,45.117904,6.318586,2.356564,0.000000
10.562642,10.513268,46.009596,3695.251457,-0.032365,45.126622,6.309407,2.353140,0.000000
10.599492,10.551532,46.005711,3691.997148,-0.051765,45.135370,6.301916,2.350347,0.000000
10.636300,10.589776,46.000027,3688.750812,-0.071436,45.144147,6.296127,2.348188,0.000000
10.673068,10.627990,45.992514,3685.511628,-0.091336,45.152954,6.292051,2.346667,0.000000
10.709794,10.666184,45.983163,3682.278765,-0.111423,45.161789,6.289697,2.345789,0.000000
10.746489,10.704347,45.971965,3679.051361,-0.131667,45.170654,6.289071,2.345556,0.000000
10.783142,10.742501,45.958901,3675.828556,-0.152025,45.179538,6.290179,2.345969,0.000000
10.819765,10.780624,45.943981,3672.609470,-0.172466,45.188461,6.293024,2.347030,0.000000
10.856336,10.818718,45.927193,3669.393215,-0.192939,45.197413,6.297606,2.348739,0.000000
10.892876,10.856801,45.908530,3666.178901,-0.213401,45.206384,6.303926,2.351096,0.000000
10.929374,10.894854,45.888011,3662.965619,-0.233832,45.215395,6.311980,2.354100,0.000000
10.965832,10.932897,45.865396,3659.753074,-0.259709,45.261234,6.322002,2.357838,16.362738
11.002216,10.970940,45.840430,3656.540768,-0.285472,45.307200,6.334225,2.362397,16.362738
11.038539,11.008983,45.813130,3653.327543,-0.311057,45.353311,6.348642,2.367773,16.362738
11.074800,11.047026,45.783527,3650.112206,-0.336435,45.399588,6.365241,2.373964,16.362738
11.110999,11.085069,45.751647,3646.893599,-0.361531,45.446020,6.384012,2.380965,16.362738
11.147125,11.123112,45.717521,3643.670507,-0.386325,45.492647,6.404940,2.388770,16.362738
11.183190,11.161165,45.681176,3640.441755,-0.410755,45.539458,6.428008,2.397373,16.362738
11.219203,11.199208,45.642659,3637.206147,-0.434768,45.586483,6.453197,2.406768,16.362738
11.255133,11.237261,45.602010,3633.962489,-0.458334,45.633722,6.480486,2.416946,16.362738
11.291011,11.275304,45.559276,3630.709584,-0.481399,45.681204,6.509851,2.427898,16.362738
11.326817,11.313357,45.514513,3627.446258,-0.503913,45.728919,6.541265,2.439614,16.362738
11.362561,11.351410,45.467761,3624.171314,-0.525833,45.776897,6.574697,2.452082,16.362738
11.398243,11.389463,45.419104,3620.883577,-0.547128,45.825147,6.610114,2.465291,16.362738
11.433863,11.427517,45.368590,3617.581871,-0.567726,45.873678,6.647479,2.479227,16.362738
11.469400,11.465570,45.316286,3614.265029,-0.587605,45.922502,6.686754,2.493875,16.362738
11.504886,11.503623,45.262268,3610.931923,-0.606724,45.971636,6.727893,2.509218,16.362738
11.540299,11.541676,45.206612,3607.581396,-0.625031,46.021081,6.770849,2.525239,16.362738
11.575650,11.579729,45.149395,3604.212338,-0.642483,46.070857,6.815570,2.541918,16.362738
11.610929,11.617782,45.090693,3600.823642,-0.659051,46.120964,6.862002,2.559235,16.362738
11.646146,11.655835,45.030590,3597.414225,-0.674692,46.171430,6.910082,2.577167,16.362738
11.681290,11.693898,44.969183,3593.983047,-0.689375,46.222246,6.959747,2.595690,16.362738
11.716363,11.731951,44.906567,3590.529064,-0.703058,46.273441,7.010927,2.614778,16.362738
11.751373,11.770004,44.842818,3587.051274,-0.715710,46.325015,7.063548,2.634403,16.362738
11.786310,11.808067,44.778050,3583.548709,-0.727290,46.376968,7.117531,2.654536,16.362738
11.821176,11.846120,44.712348,3580.020434,-0.737776,46.429319,7.172791,2.675146,16.362738
11.855969,11.884173,44.645828,3576.465559,-0.747148,46.482079,7.229239,2.696199,16.362738
11.890700,11.922237,44.578584,3572.883232,-0.755364,46.535247,7.286780,2.717659,16.362738
11.925348,11.960290,44.510731,3569.272623,-0.762404,46.588843,7.345315,2.739490,16.362738
11.959934,11.998343,44.442364,3565.632985,-0.768235,46.642857,7.404737,2.761652,16.362738
11.994448,12.036396,44.373606,3561.963601,-0.772859,46.697308,7.464939,2.784105,16.362738
12.028890,12.074449,44.304563,3558.263822,-0.776253,46.752187,7.525802,2.806804,16.362738
12.063249,12.112502,44.235338,3554.533024,-0.778388,46.807523,7.587209,2.829706,16.362738
12.097535,12.150555,44.166057,3550.770684,-0.779263,46.863286,7.649032,2.852764,16.362738
12.131760,12.188598,44.096832,3546.976322,-0.778857,46.919516,7.711143,2.875928,16.362738
12.165891,12.226651,44.027770,3543.149527,-0.777180,46.976183,7.773406,2.899150,16.362738
12.199961,12.264694,43.958983,3539.289946,-0.774212,47.033307,7.835684,2.922377,16.362738
12.233948,12.302737,43.890597,3535.397331,-0.769964,47.090888,7.897834,2.945556,16.362738
12.267862,12.340780,43.822725,3531.471460,-0.764434,47.148917,7.959710,2.968633,16.362738
12.301694,12.378823,43.755462,3527.512239,-0.757624,47.207401,8.021164,2.991553,16.362738
12.335453,12.416866,43.688942,3523.519620,-0.749554,47.266334,8.082045,3.014259,16.362738
12.369130,12.454899,43.623260,3519.493640,-0.740223,47.325713,8.142198,3.036694,16.362738
12.402724,12.492932,43.558530,3515.434434,-0.729654,47.385539,8.201470,3.058800,16.362738
12.436246,12.530955,43.494856,3511.342213,-0.717876,47.445803,8.259706,3.080519,16.362738
12.469684,12.568988,43.432345,3507.217272,-0.704891,47.506504,8.316748,3.101793,16.362738
12.503041,12.607011,43.371100,3503.059985,-0.690749,47.567623,8.372444,3.122566,16.362738
12.536314,12.645024,43.311217,3498.870829,-0.675463,47.629170,8.426639,3.142778,16.362738
12.569515,12.683047,43.252790,3494.650359,-0.659072,47.691125,8.479181,3.162374,16.362738
12.602624,12.721050,43.195916,3490.399216,-0.641619,47.753478,8.529922,3.181298,16.362738
12.635649,12.759062,43.140679,3486.118117,-0.623135,47.816230,8.578717,3.199496,16.362738
12.668602,12.797065,43.087175,3481.807884,-0.603673,47.879351,8.625424,3.216916,16.362738
12.701462,12.835058,43.035462,3477.469407,-0.583273,47.942852,8.669909,3.233507,16.362738
12.734240,12.873051,42.985634,3473.103650,-0.561988,48.006702,8.712042,3.249221,16.362738
12.766934,12.911034,42.937748,3468.711676,-0.539881,48.070893,8.751701,3.264012,16.362738
12.799536,12.949016,42.891881,3464.294603,-0.516992,48.135404,8.788770,3.277837,16.362738
12.832055,12.986989,42.848089,3459.853617,-0.493385,48.200236,8.823142,3.290657,16.362738
12.864491,13.024962,42.806421,3455.389999,-0.469132,48.265360,8.854719,3.302434,16.362738
12.896845,13.062924,42.766934,3450.905058,-0.444286,48.330756,8.883414,3.313135,16.362738
12.929105,13.100877,42.729665,3446.400182,-0.418919,48.396424,8.909147,3.322733,16.362738
12.961283,13.138819,42.694653,3441.876814,-0.393104,48.462325,8.931851,3.331200,16.362738
12.993368,13.176762,42.661926,3437.336436,-0.366894,48.528459,8.951469,3.338517,16.362738
13.025370,13.214694,42.631513,3432.780568,-0.340381,48.594788,8.967956,3.344666,16.362738
13.057290,13.252627,42.603424,3428.210779,-0.313619,48.661312,8.981279,3.349635,16.362738
13.089106,13.290539,42.577676,3423.628675,-0.286690,48.728010,8.991416,3.353416,16.362738
13.120850,13.328452,42.554281,3419.035871,-0.259668,48.794844,8.998358,3.356005,16.362738
13.152500,13.366354,42.533218,3414.434004,-0.232624,48.861815,9.002107,3.357403,16.362738
13.184058,13.404246,42.514498,3409.824726,-0.205633,48.928892,9.002677,3.357616,16.362738
13.215533,13.442139,42.498102,3405.209711,-0.178766,48.996057,9.000096,3.356653,16.362738
13.246915,13.480011,42.484009,3400.590603,-0.152108,49.063300,8.994400,3.354529,16.362738
13.278214,13.517873,42.472192,3395.969067,-0.125720,49.130591,8.985641,3.351262,16.362738
13.309420,13.555735,42.462623,3391.346738,-0.099687,49.197911,8.973878,3.346875,16.362738
13.340544,13.593587,42.455253,3386.725250,-0.074060,49.265241,8.959182,3.341394,16.362738
13.371574,13.631419,42.450044,3382.106200,-0.048922,49.332572,8.941636,3.334850,16.362738
13.402512,13.669251,42.446950,3377.491156,-0.024336,49.399882,8.921328,3.327276,16.362738
13.433367,13.707073,42.445912,3372.881678,-0.000364,49.467144,8.898360,3.318710,16.362738
13.464139,13.744885,42.446874,3368.279246,0.022930,49.534358,8.872839,3.309192,16.362738
13.494818,13.782677,42.449759,3363.685323,0.045475,49.601493,8.844880,3.298764,16.362738
13.525404,13.820469,42.454501,3359.101326,0.067218,49.668542,8.814606,3.287473,16.362738
13.555918,13.858251,42.461042,3354.528601,0.088118,49.735483,8.782145,3.275366,16.362738
13.586328,13.896012,42.469279,3349.968469,0.108111,49.802317,8.747630,3.262494,16.362738
13.616666,13.933774,42.479143,3345.422154,0.127147,49.869016,8.711200,3.248907,16.362738
13.646911,13.971525,42.490551,3340.890850,0.145183,49.935568,8.672996,3.234659,16.362738
13.677063,14.009257,42.503405,3336.375666,0.162167,50.001965,8.633164,3.219803,16.362738
13.707142,14.046989,42.517612,3331.877674,0.178079,50.068197,8.591851,3.204395,16.362738
13.737129,14.084700,42.533076,3327.397840,0.192866,50.134254,8.549206,3.188490,16.362738
13.767033,14.122401,42.549710,3322.937080,0.206507,50.200136,8.505378,3.172144,16.362738
13.796843,14.160093,42.567402,3318.496247,0.218972,50.265813,8.460517,3.155413,16.362738
13.826582,14.197774,42.586065,3314.076114,0.230219,50.331297,8.414774,3.138353,16.362738
13.856227,14.235445,42.605576,3309.677380,0.240247,50.396576,8.368297,3.121019,16.362738
13.885800,14.273106,42.625838,3305.300676,0.249025,50.461651,8.321232,3.103466,16.362738
13.915280,14.310757,42.646758,3300.946556,0.256544,50.526502,8.273725,3.085747,16.362738
13.944678,14.348399,42.668211,3296.615507,0.262792,50.591150,8.225918,3.067917,16.362738
13.974002,14.386030,42.690102,3292.307952,0.267759,50.655564,8.177951,3.050028,16.362738
14.003234,14.423641,42.712316,3288.024233,0.271445,50.719764,8.129960,3.032129,16.362738
14.032394,14.461241,42.734759,3283.764628,0.273840,50.783741,8.082078,3.014271,16.362738
14.061471,14.498842,42.757307,3279.529338,0.274944,50.847494,8.034434,2.996502,16.362738
14.090465,14.536423,42.779874,3275.318525,0.274777,50.911024,7.987152,2.978868,16.362738
14.119377,14.573994,42.802337,3271.132247,0.273340,50.974339,7.940352,2.961413,16.362738
14.148205,14.611555,42.824608,3266.970533,0.270633,51.037432,7.894150,2.944182,16.362738
14.176962,14.649115,42.846575,3262.833334,0.266686,51.100320,7.848658,2.927216,16.362738
14.205636,14.686646,42.868152,3258.720537,0.261511,51.162994,7.803981,2.910553,16.362738
14.234237,14.724176,42.889215,3254.631987,0.255117,51.225464,7.760222,2.894233,16.362738
14.262756,14.761697,42.909696,3250.567446,0.247536,51.287740,7.717476,2.878290,16.362738
14.291202,14.799207,42.929473,3246.526665,0.238778,51.349811,7.675837,2.862761,16.362738
14.319566,14.836708,42.948479,3242.509301,0.228886,51.411708,7.635390,2.847676,16.362738
14.347857,14.874188,42.966609,3238.514970,0.217889,51.473420,7.596219,2.833067,16.362738
14.376076,14.911668,42.983786,3234.543271,0.205799,51.534967,7.558401,2.818962,16.362738
14.404212,14.949139,42.999916,3230.593707,0.192668,51.596348,7.522009,2.805389,16.362738
14.432266,14.986589,43.014923,3226.665781,0.178516,51.657584,7.487111,2.792374,16.362738
14.460257,15.024039,43.028730,3222.758928,0.163386,51.718664,7.453773,2.779940,16.362738
14.488166,15.061469,43.041270,3218.872546,0.147318,51.779618,7.422053,2.768110,16.362738
14.516003,15.098899,43.052458,3215.005995,0.130344,51.840445,7.392007,2.756904,16.362738
14.543767,15.136319,43.062228,3211.158605,0.112506,51.901156,7.363686,2.746342,16.362738
14.571459,15.173719,43.070521,3207.329669,0.093856,51.961770,7.337139,2.736441,16.362738
14.599078,15.211119,43.077282,3203.518440,0.074424,52.022296,7.312409,2.727218,16.362738
14.626615,15.248499,43.082443,3199.724136,0.054264,52.082735,7.289536,2.718687,16.362738
14.654089,15.285879,43.085956,3195.945961,0.033427,52.143105,7.268556,2.710862,16.362738
14.681481,15.323238,43.087775,3192.183076,0.011934,52.203427,7.249503,2.703756,16.362738
14.708811,15.360598,43.087851,3188.434619,-0.010143,52.263710,7.232406,2.697380,16.362738
14.736059,15.397938,43.086147,3184.699700,-0.032760,52.323964,7.217292,2.691743,16.362738
14.763244,15.435277,43.082614,3180.977403,-0.055878,52.384199,7.204184,2.686854,16.362738
14.790347,15.472607,43.077234,3177.266810,-0.079433,52.444424,7.193102,2.682721,16.362738
14.817387,15.509917,43.069969,3173.566953,-0.103384,52.504668,7.184063,2.679350,16.362738
14.844345,15.547226,43.060800,3169.876859,-0.127678,52.564932,7.177083,2.676747,16.362738
14.871241,15.584525,43.049697,3166.195533,-0.152264,52.625234,7.172172,2.674915,16.362738
14.898065,15.621805,43.036652,3162.521962,-0.177090,52.685595,7.169339,2.673858,16.362738
14.924816,15.659084,43.021655,3158.855112,-0.202102,52.746014,7.168590,2.673579,16.362738
14.951494,15.696353,43.004687,3155.193961,-0.227240,52.806511,7.169929,2.674078,16.362738
14.978101,15.733613,42.985748,3151.537427,-0.252472,52.867115,7.173356,2.675357,16.362738
15.004635,15.770862,42.964847,3147.884461,-0.277735,52.927816,7.178869,2.677413,16.362738
15.031107,15.808101,42.941976,3144.233980,-0.302966,52.988644,7.186463,2.680245,16.362738
15.057496,15.845320,42.917152,3140.584895,-0.328125,53.049598,7.196132,2.683851,16.362738
15.083824,15.882539,42.890376,3136.936107,-0.353148,53.110717,7.207864,2.688227,16.362738
15.110068,15.919748,42.861687,3133.286525,-0.377995,53.171991,7.221646,2.693367,16.362738
15.136251,15.956947,42.831083,3129.635041,-0.402601,53.233450,7.237464,2.699266,16.362738
15.162361,15.994136,42.798604,3125.980535,-0.426927,53.295104,7.255297,2.705917,16.362738
15.188399,16.031315,42.764268,3122.321917,-0.450919,53.356952,7.275125,2.713312,16.362738
15.214365,16.068484,42.728113,3118.658050,-0.474516,53.419033,7.296923,2.721442,16.362738
15.240258,16.105642,42.690178,3114.987844,-0.497675,53.481348,7.320663,2.730296,16.362738
15.266089,16.142791,42.650509,3111.310199,-0.520335,53.543915,7.346314,2.739863,16.362738
15.291838,16.179930,42.609127,3107.623988,-0.542463,53.606735,7.373842,2.750129,16.362738
15.317514,16.217059,42.566107,3103.928147,-0.564008,53.669837,7.403209,2.761082,16.362738
15.343118,16.254177,42.521487,3100.221569,-0.584908,53.733221,7.434375,2.772705,16.362738
15.368649,16.291276,42.475325,3096.503202,-0.605131,53.796916,7.467293,2.784983,16.362738
15.394108,16.328374,42.427687,3092.771965,-0.624625,53.860922,7.501918,2.797896,16.362738
15.419505,16.365452,42.378620,3089.026835,-0.643348,53.925248,7.538195,2.811426,16.362738
15.444820,16.402531,42.328192,3085.266770,-0.661259,53.989925,7.576069,2.825552,16.362738
15.470051,16.439589,42.276488,3081.490766,-0.678305,54.054942,7.615481,2.840251,16.362738
15.495221,16.476637,42.223565,3077.697858,-0.694446,54.120318,7.656366,2.855499,16.362738
15.520318,16.513675,42.169490,3073.887060,-0.709660,54.186074,7.698657,2.871272,16.362738
15.545333,16.550704,42.114359,3070.057454,-0.723895,54.252208,7.742281,2.887541,16.362738
15.570275,16.587722,42.058236,3066.208133,-0.737120,54.318741,7.787161,2.904280,16.362738
15.595145,16.624730,42.001219,3062.338245,-0.749304,54.385673,7.833218,2.921457,16.362738
15.619932,16.661718,41.943373,3058.446929,-0.760404,54.453013,7.880367,2.939042,16.362738
15.644647,16.698696,41.884795,3054.533412,-0.770412,54.520780,7.928518,2.957000,16.362738
15.669289,16.735663,41.825568,3050.596938,-0.779284,54.588975,7.977578,2.975297,16.362738
15.693849,16.772611,41.765790,3046.636779,-0.787000,54.657598,8.027451,2.993898,16.362738
15.718337,16.809549,41.705544,3042.652278,-0.793540,54.726668,8.078034,3.012763,16.362738
15.742752,16.846477,41.644918,3038.642820,-0.798871,54.796176,8.129222,3.031854,16.362738
15.767074,16.883384,41.584026,3034.607834,-0.803005,54.866149,8.180906,3.051130,16.362738
15.791334,16.920282,41.522942,3030.546812,-0.805900,54.936570,8.232974,3.070549,16.362738
15.815501,16.957169,41.461764,3026.459295,-0.807556,55.007458,8.285310,3.090068,16.362738
15.839595,16.994036,41.400595,3022.344891,-0.807962,55.078803,8.337793,3.109642,16.362738
15.863607,17.030894,41.339522,3018.203255,-0.807119,55.150623,8.390303,3.129226,16.362738
15.887547,17.067731,41.278648,3014.034121,-0.805015,55.222901,8.442715,3.148773,16.362738
15.911404,17.104558,41.218060,3009.837269,-0.801672,55.295655,8.494901,3.168237,16.362738
15.935178,17.141365,41.157862,3005.612573,-0.797070,55.368865,8.546733,3.187568,16.362738
15.958870,17.178162,41.098141,3001.359957,-0.791228,55.442552,8.598081,3.206719,16.362738
15.982478,17.214939,41.038981,2997.079413,-0.784168,55.516696,8.648815,3.225640,16.362738
16.006005,17.251696,40.980488,2992.771006,-0.775879,55.591297,8.698802,3.244283,16.362738
16.029448,17.288443,40.922747,2988.434890,-0.766413,55.666364,8.747911,3.262599,16.362738
16.052809,17.325170,40.865835,2984.071256,-0.755770,55.741868,8.796012,3.280539,16.362738
16.076087,17.361876,40.809846,2979.680411,-0.743972,55.817820,8.842976,3.298054,16.362738
16.099282,17.398573,40.754866,2975.262697,-0.731070,55.894219,8.888673,3.315097,16.362738
16.122395,17.435239,40.700962,2970.818555,-0.717074,55.971036,8.932979,3.331621,16.362738
16.145425,17.471895,40.648221,2966.348483,-0.702037,56.048280,8.975771,3.347581,16.362738
16.168362,17.508532,40.596707,2961.853063,-0.685990,56.125923,9.016931,3.362932,16.362738
16.191216,17.545148,40.546498,2957.332936,-0.668985,56.203974,9.056342,3.377630,16.362738
16.213987,17.581754,40.497669,2952.788820,-0.651054,56.282414,9.093896,3.391636,16.362738
16.236676,17.618330,40.450260,2948.221488,-0.632257,56.361233,9.129487,3.404910,16.362738
16.259272,17.654886,40.404345,2943.631782,-0.612639,56.440412,9.163017,3.417415,16.362738
16.281785,17.691422,40.359982,2939.020621,-0.592260,56.519931,9.194392,3.429117,16.362738
16.304205,17.727937,40.317200,2934.388969,-0.571173,56.599790,9.223529,3.439984,16.362738
16.326543,17.764433,40.276066,2929.737850,-0.549450,56.679970,9.250349,3.449987,16.362738
16.348798,17.800908,40.236616,2925.068325,-0.527135,56.760451,9.274781,3.459099,16.362738
16.370959,17.837364,40.198872,2920.381522,-0.504298,56.841224,9.296766,3.467298,16.362738
16.393028,17.873799,40.162879,2915.678618,-0.481014,56.922259,9.316249,3.474565,16.362738
16.415014,17.910204,40.128657,2910.960817,-0.457344,57.003547,9.333187,3.480882,16.362738
16.436917,17.946589,40.096225,2906.229372,-0.433362,57.085068,9.347545,3.486237,16.362738
16.458727,17.982954,40.065593,2901.485535,-0.409120,57.166804,9.359299,3.490620,16.362738
16.480455,18.019299,40.036780,2896.730636,-0.384711,57.248743,9.368433,3.494027,16.362738
16.502079,18.055614,40.009795,2891.965983,-0.360198,57.330857,9.374941,3.496454,16.362738
16.523631,18.091908,39.984619,2887.192927,-0.335654,57.413127,9.378827,3.497903,16.362738
16.545090,18.128183,39.961261,2882.412823,-0.311151,57.495542,9.380104,3.498380,16.362738
16.566456,18.164427,39.939704,2877.627021,-0.286753,57.578084,9.378796,3.497892,16.362738
16.587739,18.200641,39.919936,2872.836906,-0.262542,57.660723,9.374935,3.496452,16.362738
16.608929,18.236845,39.901930,2868.043828,-0.238580,57.743449,9.368562,3.494075,16.362738
16.630026,18.273009,39.885667,2863.249143,-0.214942,57.826244,9.359728,3.490780,16.362738
16.651040,18.309163,39.871108,2858.454190,-0.191700,57.909077,9.348491,3.486590,16.362738
16.671972,18.345287,39.858215,2853.660299,-0.168915,57.991950,9.334919,3.481528,16.362738
16.692810,18.381381,39.846951,2848.868779,-0.146662,58.074841,9.319085,3.475622,16.362738
16.713556,18.417454,39.837277,2844.080902,-0.124981,58.157723,9.301072,3.468904,16.362738
16.734219,18.453498,39.829135,2839.297920,-0.103957,58.240586,9.280968,3.461406,16.362738
16.754799,18.489511,39.822479,2834.521048,-0.083640,58.323419,9.258867,3.453164,16.362738
16.775286,18.525504,39.817242,2829.751463,-0.064094,58.406204,9.234870,3.444214,16.362738
16.795691,18.561477,39.813376,2824.990319,-0.045361,58.488921,9.209082,3.434596,16.362738
16.816002,18.597410,39.810806,2820.238690,-0.027491,58.571560,9.181613,3.424351,16.362738
16.836231,18.633333,39.809472,2815.497635,-0.010549,58.654112,9.152576,3.413522,16.362738
16.856366,18.669216,39.809292,2810.768160,0.005425,58.736556,9.122089,3.402151,16.362738
16.876420,18.705078,39.810206,2806.051210,0.020400,58.818884,9.090271,3.390284,16.362738
16.896390,18.740910,39.812139,2801.347684,0.034333,58.901096,9.057243,3.377967,16.362738
16.916267,18.776723,39.814995,2796.658415,0.047183,58.983171,9.023131,3.365244,16.362738
16.936072,18.812495,39.818718,2791.984195,0.058919,59.065110,8.988057,3.352163,16.362738
16.955784,18.848257,39.823213,2787.325752,0.069520,59.146894,8.952147,3.338770,16.362738
16.975413,18.883979,39.828393,2782.683754,0.078954,59.228522,8.915526,3.325112,16.362738
16.994949,18.919681,39.834182,2778.058805,0.087191,59.309985,8.878319,3.311235,16.362738
17.014413,18.955352,39.840495,2773.451468,0.094230,59.391282,8.840649,3.297186,16.362738
17.033784,18.991004,39.847236,2768.862231,0.100052,59.472405,8.802640,3.283010,16.362738
17.053083,19.026615,39.854340,2764.291505,0.104633,59.553353,8.764411,3.268753,16.362738
17.072288,19.062206,39.861691,2759.739691,0.107976,59.634126,8.726082,3.254457,16.362738
17.091421,19.097777,39.869232,2755.207077,0.110069,59.714723,8.687768,3.240168,16.362738
17.110461,19.133308,39.876850,2750.693930,0.110923,59.795137,8.649585,3.225927,16.362738
17.129429,19.168819,39.884477,2746.200432,0.110538,59.875375,8.611641,3.211776,16.362738
17.148314,19.204310,39.892028,2741.726727,0.108903,59.955438,8.574046,3.197754,16.362738
17.167116,19.239760,39.899398,2737.272890,0.106050,60.035317,8.536903,3.183902,16.362738
17.185836,19.275191,39.906529,2732.838960,0.101968,60.115030,8.500313,3.170255,16.362738
17.204473,19.310601,39.913328,2728.424889,0.096688,60.194578,8.464373,3.156851,16.362738
17.223037,19.345971,39.919717,2724.030601,0.090211,60.273951,8.429176,3.143724,16.362738
17.241519,19.381321,39.925611,2719.655972,0.082578,60.353178,8.394813,3.130908,16.362738
17.259928,19.416641,39.930934,2715.300809,0.073799,60.432241,8.361367,3.118434,16.362738
17.278245,19.451941,39.935619,2710.964885,0.063896,60.511167,8.328922,3.106333,16.362738
17.296489,19.487211,39.939580,2706.647911,0.052900,60.589947,8.297553,3.094634,16.362738
17.314661,19.522450,39.942760,2702.349563,0.040852,60.668591,8.267335,3.083364,16.362738
17.332750,19.557670,39.945084,2698.069477,0.027772,60.747118,8.238338,3.072550,16.362738
17.350767,19.592859,39.946493,2693.807234,0.013694,60.825529,8.210625,3.062214,16.362738
17.368701,19.628018,39.946912,2689.562382,-0.001343,60.903843,8.184259,3.052381,16.362738
17.386562,19.663157,39.946293,2685.334426,-0.017297,60.982059,8.159297,3.043071,16.362738
17.404362,19.698246,39.944893,2681.121777,-0.024378,60.995415,8.135393,3.034156,0.000000
17.422131,19.733305,39.942998,2676.923060,-0.032344,61.008779,8.112206,3.025508,0.000000
17.439858,19.768303,39.940542,2672.738111,-0.041174,61.022135,8.089796,3.017150,0.000000
17.457554,19.803261,39.937476,2668.566711,-0.050838,61.035500,8.068223,3.009104,0.000000
17.475209,19.838169,39.933734,2664.408582,-0.061303,61.048855,8.047542,3.001391,0.000000
17.492833,19.873037,39.929277,2660.263457,-0.072560,61.062220,8.027805,2.994030,0.000000
17.510416,19.907844,39.924050,2656.131001,-0.084577,61.075585,8.009062,2.987039,0.000000
17.527967,19.942622,39.918013,2652.010860,-0.097313,61.088950,7.991359,2.980437,0.000000
17.545488,19.977339,39.911109,2647.902661,-0.110746,61.102315,7.974741,2.974239,0.000000
17.562967,20.012016,39.903311,2643.805984,-0.124846,61.115679,7.959248,2.968461,0.000000
17.580415,20.046642,39.894570,2639.720379,-0.139560,61.129044,7.944918,2.963116,0.000000
17.597822,20.081229,39.884858,2635.645388,-0.154878,61.142409,7.931785,2.958219,0.000000
17.615198,20.115765,39.874126,2631.580503,-0.170737,61.155784,7.919883,2.953779,0.000000
17.632532,20.150261,39.862348,2627.525217,-0.187128,61.169159,7.909239,2.949810,0.000000
17.649846,20.184706,39.849493,2623.478987,-0.203987,61.182524,7.899881,2.946319,0.000000
17.667108,20.219102,39.835544,2619.441237,-0.221284,61.195898,7.891830,2.943317,0.000000
17.684350,20.253457,39.820461,2615.411395,-0.238976,61.209273,7.885109,2.940810,0.000000
17.701550,20.287772,39.804235,2611.388838,-0.257023,61.222648,7.879734,2.938806,0.000000
17.718719,20.322037,39.786848,2607.372965,-0.275392,61.236022,7.875721,2.937309,0.000000
17.735847,20.356252,39.768281,2603.363126,-0.294021,61.249407,7.873080,2.936324,0.000000
17.752943,20.390426,39.748513,2599.358660,-0.312869,61.262781,7.871823,2.935855,0.000000
17.770009,20.424550,39.727555,2595.358898,-0.331915,61.276166,7.871954,2.935904,0.000000
17.787044,20.458634,39.705379,2591.363171,-0.351086,61.289550,7.873477,2.936472,0.000000
17.804037,20.492678,39.681993,2587.370762,-0.370362,61.302925,7.876394,2.937560,0.000000
17.821000,20.526672,39.657398,2583.380992,-0.389678,61.316309,7.880703,2.939167,0.000000
17.837921,20.560615,39.631584,2579.393134,-0.409005,61.329693,7.886398,2.941291,0.000000
17.854821,20.594518,39.604570,2575.406462,-0.428291,61.343087,7.893474,2.943930,0.000000
17.871680,20.628371,39.576357,2571.420268,-0.447483,61.356472,7.901918,2.947079,0.000000
17.888498,20.662184,39.546963,2567.433796,-0.466560,61.369856,7.911720,2.950735,0.000000
17.905295,20.695946,39.516388,2563.446340,-0.485450,61.383250,7.922864,2.954891,0.000000
17.922050,20.729668,39.484651,2559.457144,-0.504132,61.396635,7.935330,2.959541,0.000000
17.938775,20.763350,39.451781,2555.465490,-0.522553,61.410029,7.949099,2.964676,0.000000
17.955458,20.796972,39.417798,2551.470624,-0.540672,61.423413,7.964147,2.970288,0.000000
17.972111,20.830564,39.382719,2547.471837,-0.558437,61.436807,7.980447,2.976367,0.000000
17.988732,20.864095,39.346574,2543.468385,-0.575828,61.450201,7.997970,2.982903,0.000000
18.005322,20.897596,39.309391,2539.459558,-0.592791,61.463586,8.016684,2.989882,0.000000
18.021871,20.931037,39.271208,2535.444642,-0.609275,61.476980,8.036556,2.997294,0.000000
18.038399,20.964438,39.232054,2531.422936,-0.625270,61.490374,8.057547,3.005122,0.000000
18.054876,20.997798,39.191966,2527.393754,-0.640713,61.503758,8.079618,3.013354,0.000000
18.071332,21.031108,39.150984,2523.356396,-0.655583,61.517152,8.102727,3.021972,0.000000
18.087746,21.064368,39.109145,2519.310223,-0.669829,61.530546,8.126828,3.030961,0.000000
18.104130,21.097588,39.066496,2515.254574,-0.683439,61.543931,8.151873,3.040302,0.000000
18.120472,21.130758,39.023085,2511.188819,-0.696362,61.557325,8.177812,3.049976,0.000000
18.136794,21.163877,38.978951,2507.112355,-0.708587,61.570709,8.204593,3.059964,0.000000
18.153074,21.196956,38.934151,2503.024579,-0.720063,61.584094,8.232160,3.070246,0.000000
18.169312,21.229985,38.888722,2498.924929,-0.730778,61.597478,8.260456,3.080799,0.000000
18.185531,21.262964,38.842721,2494.812867,-0.740692,61.610862,8.289420,3.091601,0.000000
18.201707,21.295902,38.796207,2490.687869,-0.749803,61.624247,8.318991,3.102630,0.000000
18.217843,21.328790,38.749235,2486.549456,-0.758072,61.637631,8.349104,3.113861,0.000000
18.233947,21.361628,38.701844,2482.397150,-0.765486,61.651006,8.379693,3.125269,0.000000
18.250021,21.394426,38.654101,2478.230540,-0.772036,61.664390,8.410689,3.136829,0.000000
18.266063,21.427164,38.606063,2474.049206,-0.777690,61.677765,8.442024,3.148516,0.000000
18.282064,21.459861,38.557778,2469.852802,-0.782439,61.691130,8.473625,3.160302,0.000000
18.298034,21.492508,38.509311,2465.640995,-0.786281,61.704504,8.505419,3.172160,0.000000
18.313973,21.525105,38.460721,2461.413479,-0.789208,61.717869,8.537333,3.184062,0.000000
18.329871,21.557652,38.412064,2457.170014,-0.791207,61.731234,8.569290,3.195981,0.000000
18.345738,21.590148,38.363397,2452.910371,-0.792280,61.744589,8.601216,3.207888,0.000000
18.361563,21.622604,38.314778,2448.634368,-0.792425,61.757945,8.633033,3.219754,0.000000
18.377357,21.655000,38.266264,2444.341862,-0.791644,61.771300,8.664664,3.231551,0.000000
18.393110,21.687345,38.217902,2440.032767,-0.789947,61.784655,8.696032,3.243250,0.000000
18.408832,21.719651,38.169769,2435.707016,-0.787323,61.798001,8.727060,3.254822,0.000000
18.424523,21.751896,38.121902,2431.364599,-0.783814,61.811336,8.757670,3.266239,0.000000
18.440173,21.784091,38.074359,2427.005535,-0.779398,61.824672,8.787788,3.277471,0.000000
18.455792,21.816246,38.027197,2422.629902,-0.774119,61.838008,8.817337,3.288492,0.000000
18.471379,21.848340,37.980473,2418.237803,-0.767975,61.851334,8.846243,3.299272,0.000000
18.486926,21.880384,37.934225,2413.829403,-0.760998,61.864650,8.874434,3.309786,0.000000
18.502430,21.912378,37.888510,2409.404881,-0.753198,61.877967,8.901838,3.320007,0.000000
18.517904,21.944312,37.843376,2404.964488,-0.744618,61.891283,8.928387,3.329909,0.000000
18.533347,21.976205,37.798861,2400.508499,-0.735277,61.904580,8.954015,3.339467,0.000000
18.548749,22.008038,37.755003,2396.037241,-0.725197,61.917886,8.978656,3.348657,0.000000
18.564109,22.039821,37.711869,2391.551058,-0.714429,61.931174,9.002251,3.357457,0.000000
18.579438,22.071554,37.669468,2387.050360,-0.702995,61.944461,9.024741,3.365845,0.000000
18.594736,22.103226,37.627848,2382.535588,-0.690937,61.957738,9.046072,3.373800,0.000000
18.609993,22.134848,37.587046,2378.007200,-0.678295,61.971016,9.066192,3.381304,0.000000
18.625209,22.166420,37.547092,2373.465713,-0.665101,61.984283,9.085055,3.388339,0.000000
18.640404,22.197932,37.508014,2368.911662,-0.651408,61.997541,9.102619,3.394890,0.000000
18.655547,22.229393,37.469831,2364.345621,-0.637245,62.010799,9.118843,3.400940,0.000000
18.670659,22.260804,37.432582,2359.768183,-0.622677,62.024048,9.133694,3.406479,0.000000
18.685730,22.292155,37.396265,2355.179988,-0.607744,62.037286,9.147143,3.411495,0.000000
18.700769,22.323456,37.360910,2350.581677,-0.592499,62.050515,9.159164,3.415979,0.000000
18.715778,22.354696,37.326536,2345.973929,-0.576983,62.063734,9.169738,3.419922,0.000000
18.730746,22.385886,37.293143,2341.357441,-0.561238,62.076953,9.178849,3.423320,0.000000
18.745672,22.417016,37.260740,2336.732932,-0.545337,62.090163,9.186489,3.426170,0.000000
18.760567,22.448095,37.229336,2332.101127,-0.529321,62.103363,9.192651,3.428468,0.000000
18.775420,22.479125,37.198923,2327.462772,-0.513233,62.116553,9.197335,3.430215,0.000000
18.790243,22.510094,37.169519,2322.818624,-0.497144,62.129743,9.200548,3.431413,0.000000
18.805024,22.541002,37.141097,2318.169445,-0.481087,62.142913,9.202299,3.432066,0.000000
18.819764,22.571861,37.113673,2313.516003,-0.465134,62.156084,9.202602,3.432179,0.000000
18.834473,22.602659,37.087212,2308.859070,-0.449316,62.169244,9.201479,3.431760,0.000000
18.849151,22.633407,37.061722,2304.199413,-0.433696,62.182395,9.198953,3.430818,0.000000
18.863788,22.664094,37.037165,2299.537814,-0.418325,62.195537,9.195054,3.429364,0.000000
18.878383,22.694732,37.013541,2294.875030,-0.403247,62.208669,9.189814,3.427410,0.000000
18.892948,22.725309,36.990822,2290.211816,-0.388512,62.221800,9.183273,3.424970,0.000000
18.907471,22.755826,36.968978,2285.548927,-0.374173,62.234912,9.175471,3.422060,0.000000
18.921962,22.786292,36.947992,2280.887099,-0.360261,62.248025,9.166454,3.418697,0.000000
18.936413,22.816699,36.927825,2276.227059,-0.346848,62.261127,9.156271,3.414900,0.000000
18.950833,22.847055,36.908447,2271.569514,-0.333946,62.274220,9.144975,3.410687,0.000000
18.965211,22.877350,36.889832,2266.915144,-0.321617,62.287303,9.132622,3.406079,0.000000
18.979558,22.907586,36.871931,2262.264627,-0.309891,62.300376,9.119269,3.401099,0.000000
18.993864,22.937771,36.854715,2257.618614,-0.298822,62.313440,9.104977,3.395769,0.000000
19.008139,22.967906,36.838138,2252.977716,-0.288419,62.326494,9.089811,3.390113,0.000000
19.022372,22.997971,36.822160,2248.342546,-0.278734,62.339548,9.073835,3.384154,0.000000
19.036575,23.027995,36.806744,2243.713667,-0.269789,62.352592,9.057115,3.377919,0.000000
19.050736,23.057949,36.791832,2239.091624,-0.261615,62.365617,9.039721,3.371431,0.000000
19.064866,23.087853,36.777397,2234.476934,-0.254242,62.378641,9.021722,3.364718,0.000000
19.078955,23.117707,36.763371,2229.870075,-0.247703,62.391656,9.003188,3.357806,0.000000
19.093013,23.147500,36.749717,2225.271506,-0.241996,62.404662,8.984190,3.350721,0.000000
19.107029,23.177233,36.736386,2220.681657,-0.237154,62.417667,8.964800,3.343489,0.000000
19.121015,23.206916,36.723332,2216.100891,-0.233186,62.430653,8.945089,3.336138,0.000000
19.134959,23.236538,36.710496,2211.529582,-0.230125,62.443639,8.925130,3.328694,0.000000
19.148872,23.266111,36.697832,2206.968044,-0.227959,62.456605,8.904992,3.321183,0.000000
19.162754,23.295633,36.685292,2202.416556,-0.226699,62.469571,8.884747,3.313633,0.000000
19.176595,23.325084,36.672818,2197.875384,-0.226366,62.482538,8.864464,3.306068,0.000000
19.190404,23.354496,36.660363,2193.344730,-0.226959,62.495485,8.844212,3.298515,0.000000
19.204173,23.383847,36.647870,2188.824785,-0.228469,62.508422,8.824059,3.290999,0.000000
19.217910,23.413138,36.635302,2184.315692,-0.230895,62.521359,8.804071,3.283544,0.000000
19.231616,23.442379,36.622599,2179.817567,-0.234238,62.534287,8.784313,3.276175,0.000000
19.245281,23.471569,36.609716,2175.330475,-0.238497,62.547205,8.764848,3.268915,0.000000
19.258915,23.500699,36.596604,2170.854475,-0.243652,62.560113,8.745737,3.261788,0.000000
19.272518,23.529779,36.583217,2166.389565,-0.249692,62.573021,8.727040,3.254815,0.000000
19.286080,23.558799,36.569505,2161.935728,-0.256606,62.585919,8.708815,3.248018,0.000000
19.299611,23.587768,36.555422,2157.492906,-0.264385,62.598808,8.691117,3.241417,0.000000
19.313100,23.616687,36.540930,2153.061013,-0.272997,62.611687,8.673999,3.235033,0.000000
19.326558,23.645546,36.525980,2148.639915,-0.282431,62.624556,8.657512,3.228884,0.000000
19.339985,23.674355,36.510526,2144.229477,-0.292667,62.637425,8.641704,3.222988,0.000000
19.353382,23.703103,36.494539,2139.829519,-0.303674,62.650285,8.626621,3.217363,0.000000
19.366737,23.731801,36.477980,2135.439821,-0.315421,62.663135,8.612308,3.212025,0.000000
19.380071,23.760449,36.460803,2131.060152,-0.327885,62.675984,8.598805,3.206989,0.000000
19.393353,23.789047,36.442978,2126.690237,-0.341038,62.688824,8.586151,3.202269,0.000000
19.406615,23.817584,36.424477,2122.329796,-0.354846,62.701655,8.574382,3.197880,0.000000
19.419836,23.846071,36.405261,2117.978506,-0.369279,62.714475,8.563530,3.193832,0.000000
19.433025,23.874498,36.385303,2113.636023,-0.384295,62.727296,8.553627,3.190139,0.000000
19.446184,23.902884,36.364574,2109.301982,-0.399863,62.740107,8.544701,3.186810,0.000000
19.459311,23.931210,36.343064,2104.975991,-0.415951,62.752908,8.536777,3.183855,0.000000
19.472397,23.959486,36.320726,2100.657660,-0.432508,62.765699,8.529877,3.181281,0.000000
19.485463,23.987702,36.297559,2096.346538,-0.449513,62.778491,8.524022,3.179098,0.000000
19.498487,24.015878,36.273535,2092.042185,-0.466904,62.791273,8.519230,3.177310,0.000000
19.511480,24.043993,36.248645,2087.744133,-0.484659,62.804054,8.515513,3.175924,0.000000
19.524432,24.072058,36.222869,2083.451905,-0.502715,62.816817,8.512885,3.174944,0.000000
19.537363,24.100073,36.196198,2079.165002,-0.521053,62.829579,8.511356,3.174374,0.000000
19.550253,24.128027,36.168623,2074.882908,-0.539610,62.842341,8.510930,3.174215,0.000000
19.563111,24.155932,36.140133,2070.605108,-0.558354,62.855084,8.511613,3.174470,0.000000
19.575939,24.183786,36.110729,2066.331046,-0.577244,62.867827,8.513406,3.175138,0.000000
19.588736,24.211589,36.080402,2062.060197,-0.596217,62.880560,8.516307,3.176220,0.000000
19.601502,24.239343,36.049170,2057.791987,-0.615252,62.893293,8.520312,3.177714,0.000000
19.614226,24.267036,36.017015,2053.525871,-0.634288,62.906007,8.525415,3.179617,0.000000
19.626919,24.294679,35.983945,2049.261256,-0.653282,62.918721,8.531608,3.181927,0.000000
19.639592,24.322272,35.949980,2044.997587,-0.672193,62.931434,8.538877,3.184638,0.000000
19.652223,24.349814,35.915120,2040.734282,-0.690989,62.944129,8.547210,3.187746,0.000000
19.664824,24.377297,35.879375,2036.470757,-0.709598,62.956823,8.556588,3.191243,0.000000
19.677393,24.404739,35.842763,2032.206429,-0.728008,62.969507,8.566994,3.195124,0.000000
19.689921,24.432120,35.805304,2027.940724,-0.746159,62.982182,8.578405,3.199380,0.000000
19.702428,24.459442,35.767007,2023.673049,-0.764007,62.994857,8.590797,3.204002,0.000000
19.714894,24.486723,35.727891,2019.402850,-0.781523,63.007522,8.604144,3.208980,0.000000
19.727329,24.513944,35.687994,2015.129534,-0.798653,63.020178,8.618417,3.214303,0.000000
19.739743,24.541115,35.647316,2010.852556,-0.815366,63.032823,8.633584,3.219960,0.000000
19.752116,24.568235,35.605906,2006.571352,-0.831632,63.045459,8.649612,3.225937,0.000000
19.764458,24.595305,35.563771,2002.285367,-0.847397,63.058095,8.666466,3.232223,0.000000
19.776759,24.622315,35.520951,1997.994085,-0.862632,63.070721,8.684106,3.238802,0.000000
19.789039,24.649275,35.477483,1993.696960,-0.877315,63.083328,8.702495,3.245660,0.000000
19.801277,24.676184,35.433387,1989.393487,-0.891394,63.095945,8.721588,3.252781,0.000000
19.813495,24.703034,35.388701,1985.083188,-0.904848,63.108542,8.741343,3.260149,0.000000
19.825672,24.729833,35.343453,1980.765554,-0.917656,63.121129,8.761714,3.267746,0.000000
19.837817,24.756581,35.297700,1976.440137,-0.929778,63.133707,8.782652,3.275555,0.000000
19.849932,24.783270,35.251452,1972.106498,-0.941180,63.146284,8.804108,3.283558,0.000000
19.862015,24.809918,35.204776,1967.764215,-0.951864,63.158852,8.826032,3.291734,0.000000
19.874068,24.836496,35.157680,1963.412868,-0.961788,63.171401,8.848370,3.300066,0.000000
19.886079,24.863033,35.110232,1959.052102,-0.970942,63.183949,8.871070,3.308532,0.000000
19.898069,24.889501,35.062451,1954.681546,-0.979304,63.196488,8.894076,3.317112,0.000000
19.910018,24.915928,35.014394,1950.300873,-0.986864,63.209017,8.917331,3.325785,0.000000
19.921937,24.942295,34.966099,1945.909789,-0.993601,63.221526,8.940779,3.334530,0.000000
19.933824,24.968611,34.917604,1941.508004,-0.999505,63.234036,8.964362,3.343326,0.000000
19.945680,24.994868,34.868947,1937.095272,-1.004577,63.246536,8.988022,3.352150,0.000000
19.957505,25.021064,34.820176,1932.671372,-1.008815,63.259016,9.011698,3.360980,0.000000
19.969289,25.047219,34.771338,1928.236123,-1.012199,63.271497,9.035332,3.369795,0.000000
19.981052,25.073305,34.722471,1923.789352,-1.014740,63.283967,9.058865,3.378571,0.000000
19.992773,25.099340,34.673605,1919.330945,-1.016427,63.296419,9.082237,3.387288,0.000000
20.004464,25.125325,34.624795,1914.860786,-1.017291,63.308860,9.105389,3.395923,0.000000
20.016124,25.151250,34.576081,1910.378829,-1.017312,63.321302,9.128262,3.404453,0.000000
20.027752,25.177114,34.527500,1905.885016,-1.016510,63.333724,9.150799,3.412859,0.000000
20.039340,25.202929,34.479091,1901.379365,-1.014907,63.346126,9.172942,3.421117,0.000000
20.050896,25.228682,34.430891,1896.861906,-1.012491,63.358529,9.194635,3.429208,0.000000
20.062421,25.254386,34.382938,1892.332686,-1.009315,63.370922,9.215824,3.437110,0.000000
20.073916,25.280029,34.335272,1887.791821,-1.005368,63.383295,9.236454,3.444805,0.000000
20.085379,25.305613,34.287919,1883.239424,-1.000693,63.395659,9.256476,3.452272,0.000000
20.096811,25.331135,34.240919,1878.675658,-0.995298,63.408013,9.275838,3.459493,0.000000
20.108202,25.356608,34.194309,1874.100716,-0.989217,63.420348,9.294494,3.466451,0.000000
20.119562,25.382020,34.148099,1869.514816,-0.982480,63.432673,9.312397,3.473128,0.000000
20.130891,25.407372,34.102346,1864.918216,-0.975128,63.444988,9.329505,3.479509,0.000000
20.142189,25.432674,34.057060,1860.311185,-0.967172,63.457293,9.345778,3.485578,0.000000
20.153446,25.457915,34.012259,1855.694038,-0.958664,63.469579,9.361178,3.491321,0.000000
20.164671,25.483096,33.967992,1851.067109,-0.949636,63.481856,9.375669,3.496726,0.000000
20.175866,25.508217,33.924248,1846.430763,-0.940128,63.494122,9.389222,3.501780,0.000000
20.187029,25.533278,33.881076,1841.785371,-0.930173,63.506369,9.401807,3.506474,0.000000
20.198162,25.558278,33.838475,1837.131364,-0.919833,63.518607,9.413399,3.510797,0.000000
20.209253,25.583228,33.796464,1832.469163,-0.909128,63.530825,9.423976,3.514742,0.000000
20.220313,25.608118,33.755063,1827.799218,-0.898111,63.543033,9.433521,3.518302,0.000000
20.231342,25.632937,33.714280,1823.121996,-0.886822,63.555232,9.442019,3.521471,0.000000
20.242341,25.657706,33.674107,1818.438004,-0.875326,63.567411,9.449458,3.524246,0.000000
20.253297,25.682415,33.634582,1813.747721,-0.863653,63.579580,9.455832,3.526623,0.000000
20.264223,25.707064,33.595675,1809.051682,-0.851854,63.591730,9.461137,3.528602,0.000000
20.275118,25.731662,33.557416,1804.350413,-0.839983,63.603870,9.465372,3.530181,0.000000
20.285982,25.756190,33.519786,1799.644459,-0.828070,63.616001,9.468542,3.531363,0.000000
20.296804,25.780658,33.482793,1794.934355,-0.816189,63.628112,9.470653,3.532151,0.000000
20.307606,25.805065,33.446429,1790.220665,-0.804380,63.640203,9.471716,3.532547,0.000000
20.318366,25.829412,33.410683,1785.503954,-0.792686,63.652285,9.471745,3.532558,0.000000
20.329085,25.853709,33.375557,1780.784786,-0.781148,63.664358,9.470759,3.532190,0.000000
20.339784,25.877936,33.341031,1776.063715,-0.769828,63.676410,9.468778,3.531451,0.000000
20.350441,25.902102,33.307094,1771.341315,-0.758769,63.688444,9.465826,3.530351,0.000000
20.361067,25.926218,33.273730,1766.618141,-0.748023,63.700467,9.461931,3.528898,0.000000
20.371662,25.950264,33.240917,1761.894746,-0.737609,63.712481,9.457122,3.527104,0.000000
20.382226,25.974249,33.208647,1757.171696,-0.727602,63.724475,9.451433,3.524982,0.000000
20.392749,25.998184,33.176892,1752.449526,-0.718022,63.736460,9.444898,3.522545,0.000000
20.403240,26.022049,33.145631,1747.728761,-0.708921,63.748425,9.437557,3.519807,0.000000
20.413701,26.045854,33.114847,1743.009946,-0.700340,63.760371,9.429449,3.516783,0.000000
20.424130,26.069608,33.084500,1738.293570,-0.692311,63.772307,9.420617,3.513489,0.000000
20.434529,26.093292,33.054573,1733.580138,-0.684866,63.784234,9.411104,3.509942,0.000000
20.444886,26.116916,33.025046,1728.870130,-0.678055,63.796141,9.400958,3.506157,0.000000
20.455213,26.140489,32.995870,1724.164023,-0.671891,63.808038,9.390224,3.502154,0.000000
20.465508,26.163992,32.967029,1719.462257,-0.666413,63.819916,9.378953,3.497951,0.000000
20.475772,26.187435,32.938482,1714.765252,-0.661654,63.831774,9.367194,3.493565,0.000000
20.486005,26.210817,32.910202,1710.073430,-0.657635,63.843623,9.354998,3.489016,0.000000
20.496197,26.234150,32.882160,1705.387172,-0.654375,63.855462,9.342417,3.484324,0.000000
20.506369,26.257412,32.854308,1700.706852,-0.651897,63.867281,9.329501,3.479507,0.000000
20.516498,26.280613,32.826628,1696.032804,-0.650231,63.879091,9.316305,3.474586,0.000000
20.526597,26.303765,32.799081,1691.365354,-0.649377,63.890881,9.302881,3.469579,0.000000
20.536665,26.326846,32.771620,1686.704808,-0.649356,63.902662,9.289281,3.464507,0.000000
20.546692,26.349866,32.744225,1682.051422,-0.650179,63.914423,9.275557,3.459388,0.000000
20.556698,26.372837,32.716850,1677.405457,-0.651855,63.926174,9.261763,3.454244,0.000000
20.566672,26.395737,32.689464,1672.767131,-0.654386,63.937906,9.247948,3.449091,0.000000
20.576606,26.418587,32.662032,1668.136646,-0.657781,63.949628,9.234165,3.443951,0.000000
20.586508,26.441367,32.634504,1663.514173,-0.662050,63.961341,9.220463,3.438841,0.000000
20.596380,26.464096,32.606871,1658.899856,-0.667163,63.973034,9.206892,3.433779,0.000000
20.606220,26.486765,32.579077,1654.293829,-0.673151,63.984708,9.193498,3.428784,0.000000
20.616030,26.509374,32.551101,1649.696168,-0.679982,63.996381,9.180330,3.423873,0.000000
20.625808,26.531922,32.522897,1645.106950,-0.687667,64.008026,9.167432,3.419062,0.000000
20.635556,26.554410,32.494446,1640.526222,-0.696175,64.019670,9.154849,3.414369,0.000000
20.645272,26.576838,32.465699,1635.954005,-0.705505,64.031295,9.142622,3.409809,0.000000
20.654957,26.599206,32.436638,1631.390297,-0.715648,64.042901,9.130794,3.405398,0.000000
20.664601,26.621523,32.407235,1626.835051,-0.726571,64.054497,9.119402,3.401149,0.000000
20.674225,26.643770,32.377441,1622.288228,-0.738265,64.066083,9.108485,3.397078,0.000000
20.683817,26.665967,32.347247,1617.749753,-0.750709,64.077660,9.098078,3.393196,0.000000
20.693368,26.688104,32.316624,1613.219510,-0.763862,64.089217,9.088213,3.389517,0.000000
20.702899,26.710180,32.285535,1608.697385,-0.777722,64.100754,9.078924,3.386052,0.000000
20.712388,26.732196,32.253970,1604.183234,-0.792259,64.112292,9.070239,3.382813,0.000000
20.721856,26.754151,32.221890,1599.676876,-0.807421,64.123810,9.062186,3.379810,0.000000
20.731283,26.776057,32.189287,1595.178148,-0.823207,64.135309,9.054790,3.377051,0.000000
20.740689,26.797902,32.156132,1590.686820,-0.839567,64.146807,9.048074,3.374547,0.000000
20.750065,26.819687,32.122415,1586.202683,-0.856468,64.158287,9.042060,3.372304,0.000000
20.759398,26.841411,32.088107,1581.725478,-0.873879,64.169746,9.036765,3.370329,0.000000
20.768712,26.863075,32.053200,1577.254956,-0.891769,64.181197,9.032208,3.368629,0.000000
20.777994,26.884689,32.017674,1572.790822,-0.910096,64.192637,9.028402,3.367210,0.000000
20.787235,26.906243,31.981519,1568.332797,-0.928820,64.204068,9.025359,3.366075,0.000000
20.796455,26.927736,31.944736,1563.880566,-0.947897,64.215479,9.023089,3.365228,0.000000
20.805644,26.949170,31.907296,1559.433805,-0.967297,64.226880,9.021600,3.364673,0.000000
20.814803,26.970552,31.869198,1554.992178,-0.986978,64.238262,9.020898,3.364411,0.000000
20.823930,26.991875,31.830444,1550.555332,-1.006899,64.249644,9.020985,3.364444,0.000000
20.833026,27.013137,31.791023,1546.122922,-1.027018,64.260997,9.021862,3.364771,0.000000
20.842091,27.034339,31.750936,1541.694576,-1.047282,64.272350,9.023529,3.365393,0.000000
20.851126,27.055491,31.710182,1537.269911,-1.067671,64.283684,9.025982,3.366307,0.000000
20.860129,27.076572,31.668762,1532.848555,-1.088123,64.295007,9.029215,3.367513,0.000000
20.869111,27.097614,31.626666,1528.430105,-1.108606,64.306312,9.033221,3.369007,0.000000
20.878052,27.118585,31.583922,1524.014170,-1.129068,64.317616,9.037989,3.370786,0.000000
20.886973,27.139505,31.540511,1519.600348,-1.149489,64.328891,9.043509,3.372844,0.000000
20.895862,27.160356,31.496463,1515.188237,-1.169795,64.340166,9.049765,3.375178,0.000000
20.904711,27.181166,31.451767,1510.777436,-1.189976,64.351422,9.056743,3.377780,0.000000
20.913538,27.201905,31.406452,1506.367544,-1.209980,64.362668,9.064423,3.380644,0.000000
20.922334,27.222595,31.360509,1501.958139,-1.229755,64.373895,9.072787,3.383764,0.000000
20.931100,27.243224,31.313975,1497.548840,-1.249280,64.385111,9.081813,3.387130,0.000000
20.939845,27.263793,31.266842,1493.139225,-1.268514,64.396318,9.091476,3.390734,0.000000
20.948548,27.284302,31.219146,1488.728912,-1.287414,64.407506,9.101753,3.394567,0.000000
20.957231,27.304760,31.170889,1484.317499,-1.305950,64.418684,9.112615,3.398618,0.000000
20.965872,27.325158,31.122089,1479.904604,-1.324090,64.429843,9.124034,3.402877,0.000000
20.974493,27.345496,31.072785,1475.489864,-1.341782,64.440991,9.135981,3.407332,0.000000
20.983083,27.365784,31.022976,1471.072887,-1.359016,64.452130,9.148423,3.411973,0.000000
20.991641,27.386011,30.972690,1466.653319,-1.375761,64.463250,9.161328,3.416786,0.000000
21.000169,27.406168,30.921958,1462.230815,-1.391975,64.474360,9.174661,3.421758,0.000000
21.008666,27.426285,30.870787,1457.805041,-1.407636,64.485450,9.188386,3.426877,0.000000
21.017142,27.446331,30.819216,1453.375662,-1.422725,64.496531,9.202468,3.432129,0.000000
21.025577,27.466328,30.767264,1448.942373,-1.437221,64.507592,9.216868,3.437500,0.000000
21.033991,27.486253,30.714961,1444.504867,-1.451091,64.518644,9.231547,3.442974,0.000000
21.042374,27.506129,30.662323,1440.062877,-1.464327,64.529676,9.246467,3.448539,0.000000
21.050726,27.525944,30.609391,1435.616134,-1.476906,64.540699,9.261587,3.454178,0.000000
21.059046,27.545709,30.556173,1431.164382,-1.488819,64.551711,9.276867,3.459877,0.000000
21.067336,27.565404,30.502717,1426.707409,-1.500044,64.562695,9.292265,3.465620,0.000000
21.075606,27.585049,30.449032,1422.244986,-1.510593,64.573678,9.307740,3.471391,0.000000
21.083834,27.604633,30.395157,1417.776931,-1.520434,64.584643,9.323250,3.477176,0.000000
21.092041,27.624157,30.341111,1413.303062,-1.529577,64.595587,9.338754,3.482958,0.000000
21.100217,27.643620,30.286931,1408.823247,-1.538001,64.606512,9.354209,3.488722,0.000000
21.108362,27.663024,30.232637,1404.337341,-1.545728,64.617438,9.369575,3.494453,0.000000
21.116477,27.682367,30.178257,1399.845248,-1.552757,64.628334,9.384810,3.500135,0.000000
21.124560,27.701660,30.123821,1395.346874,-1.559078,64.639220,9.399874,3.505753,0.000000
21.132612,27.720882,30.069346,1390.842151,-1.564701,64.650087,9.414726,3.511292,0.000000
21.140644,27.740054,30.014871,1386.331050,-1.569647,64.660944,9.429327,3.516738,0.000000
21.148644,27.759156,29.960405,1381.813553,-1.573917,64.671782,9.443638,3.522075,0.000000
21.156603,27.778208,29.905988,1377.289649,-1.577530,64.682600,9.457624,3.527291,0.000000
21.164542,27.797199,29.851627,1372.759378,-1.580498,64.693409,9.471246,3.532372,0.000000
21.172449,27.816130,29.797361,1368.222786,-1.582851,64.704198,9.484470,3.537304,0.000000
21.180326,27.835001,29.743210,1363.679941,-1.584601,64.714968,9.497263,3.542075,0.000000
21.188182,27.853802,29.689183,1359.130939,-1.585767,64.725728,9.509592,3.546673,0.000000
21.195996,27.872552,29.635308,1354.575894,-1.586382,64.736468,9.521427,3.551087,0.000000
21.203790,27.891242,29.581595,1350.014949,-1.586465,64.747189,9.532740,3.555307,0.000000
21.211543,27.909871,29.528081,1345.448248,-1.586059,64.757891,9.543504,3.559321,0.000000
21.219274,27.928441,29.474759,1340.875983,-1.585184,64.768583,9.553694,3.563121,0.000000
21.226975,27.946940,29.421664,1336.298353,-1.583872,64.779255,9.563287,3.566699,0.000000
21.234645,27.965388,29.368799,1331.715570,-1.582175,64.789908,9.572263,3.570047,0.000000
21.242284,27.983777,29.316171,1327.127863,-1.580102,64.800542,9.580603,3.573157,0.000000
21.249902,28.002095,29.263810,1322.535489,-1.577707,64.811166,9.588292,3.576025,0.000000
21.257478,28.020363,29.211706,1317.938727,-1.575031,64.821770,9.595315,3.578644,0.000000
21.265034,28.038560,29.159878,1313.337854,-1.572105,64.832355,9.601661,3.581011,0.000000
21.272549,28.056708,29.108336,1308.733165,-1.568981,64.842921,9.607321,3.583122,0.000000
21.280043,28.074785,29.057070,1304.124987,-1.565690,64.853477,9.612288,3.584975,0.000000
21.287506,28.092801,29.006109,1299.513644,-1.562275,64.864004,9.616559,3.586568,0.000000
21.294938,28.110758,28.955424,1294.899460,-1.558786,64.874521,9.620132,3.587900,0.000000
21.302350,28.128654,28.905043,1290.282801,-1.555266,64.885018,9.623006,3.588972,0.000000
21.309720,28.146490,28.854958,1285.664009,-1.551757,64.895496,9.625187,3.589785,0.000000
21.317059,28.164265,28.805158,1281.043468,-1.548310,64.905955,9.626678,3.590341,0.000000
21.324377,28.181970,28.755644,1276.421530,-1.544957,64.916404,9.627488,3.590643,0.000000
21.331664,28.199625,28.706425,1271.798598,-1.541739,64.926824,9.627626,3.590695,0.000000
21.338921,28.217210,28.657473,1267.175036,-1.538720,64.937234,9.627106,3.590501,0.000000
21.346146,28.234734,28.608797,1262.551234,-1.535929,64.947624,9.625941,3.590067,0.000000
21.353340,28.252198,28.560378,1257.927585,-1.533419,64.957996,9.624149,3.589398,0.000000
21.360514,28.269602,28.512216,1253.304471,-1.531212,64.968347,9.621747,3.588502,0.000000
21.367646,28.286945,28.464292,1248.682295,-1.529379,64.978689,9.618757,3.587387,0.000000
21.374758,28.304229,28.416597,1244.061428,-1.527931,64.989002,9.615199,3.586060,0.000000
21.381838,28.321441,28.369111,1239.442273,-1.526932,64.999305,9.611100,3.584531,0.000000
21.388888,28.338594,28.321835,1234.825193,-1.526401,65.009589,9.606483,3.582810,0.000000
21.395906,28.355686,28.274739,1230.210570,-1.526380,65.019853,9.601376,3.580905,0.000000
21.402894,28.372718,28.227815,1225.598787,-1.526911,65.030098,9.595807,3.578828,0.000000
21.409861,28.389690,28.181034,1220.990188,-1.528025,65.040324,9.589806,3.576590,0.000000
21.416786,28.406601,28.134396,1216.385136,-1.529754,65.050529,9.583404,3.574202,0.000000
21.423691,28.423452,28.087862,1211.783985,-1.532128,65.060726,9.576631,3.571676,0.000000
21.430565,28.440233,28.041433,1207.187070,-1.535169,65.070903,9.569521,3.569024,0.000000
21.437418,28.456953,27.995071,1202.594706,-1.538907,65.081050,9.562107,3.566259,0.000000
21.444230,28.473624,27.948766,1198.007219,-1.543364,65.091188,9.554421,3.563393,0.000000
21.451021,28.490223,27.902489,1193.424904,-1.548571,65.101316,9.546500,3.560438,0.000000
21.457781,28.506763,27.856222,1188.848059,-1.554537,65.111415,9.538376,3.557408,0.000000
21.464510,28.523232,27.809955,1184.276960,-1.561296,65.121505,9.530085,3.554316,0.000000
21.471209,28.539651,27.763641,1179.711856,-1.568845,65.131574,9.521661,3.551175,0.000000
21.477886,28.556010,27.717278,1175.153014,-1.577207,65.141615,9.513139,3.547996,0.000000
21.484522,28.572298,27.670840,1170.600656,-1.586392,65.151656,9.504554,3.544794,0.000000
21.491138,28.588536,27.624297,1166.055000,-1.596399,65.161667,9.495939,3.541581,0.000000
21.497732,28.604704,27.577630,1161.516247,-1.607250,65.171669,9.487329,3.538370,0.000000
21.504286,28.620812,27.530820,1156.984590,-1.618944,65.181642,9.478757,3.535173,0.000000
21.510818,28.636859,27.483839,1152.460189,-1.631482,65.191615,9.470255,3.532002,0.000000
21.517320,28.652856,27.436677,1147.943198,-1.644853,65.201558,9.461855,3.528869,0.000000
21.523791,28.668782,27.389296,1143.433761,-1.659067,65.211482,9.453589,3.525787,0.000000
21.530241,28.684649,27.341686,1138.931983,-1.674114,65.221397,9.445486,3.522765,0.000000
21.536660,28.700455,27.293829,1134.437969,-1.689994,65.231291,9.437576,3.519814,0.000000
21.543048,28.716201,27.245696,1129.951814,-1.706677,65.241167,9.429887,3.516947,0.000000
21.549405,28.731886,27.197267,1125.473576,-1.724171,65.251033,9.422446,3.514172,0.000000
21.555741,28.747501,27.148534,1121.003313,-1.742457,65.260879,9.415279,3.511499,0.000000
21.562047,28.763066,27.099468,1116.541062,-1.761513,65.270706,9.408410,3.508937,0.000000
21.568321,28.778571,27.050058,1112.086823,-1.781330,65.280513,9.401863,3.506495,0.000000
21.574575,28.794015,27.000287,1107.640626,-1.801876,65.290311,9.395659,3.504181,0.000000
21.580797,28.809399,26.950135,1103.202431,-1.823140,65.300089,9.389819,3.502003,0.000000
21.586989,28.824723,26.899583,1098.772231,-1.845091,65.309848,9.384362,3.499968,0.000000
21.593160,28.839986,26.848632,1094.349966,-1.867709,65.319597,9.379304,3.498082,0.000000
21.599300,28.855189,26.797251,1089.935589,-1.890962,65.329317,9.374663,3.496350,0.000000
21.605409,28.870332,26.745442,1085.529024,-1.914819,65.339037,9.370451,3.494780,0.000000
21.611497,28.885415,26.693186,1081.130175,-1.939269,65.348728,9.366683,3.493374,0.000000
21.617554,28.900447,26.640473,1076.738957,-1.964261,65.358409,9.363368,3.492138,0.000000
21.623591,28.915409,26.587293,1072.355244,-1.989774,65.368071,9.360517,3.491075,0.000000
21.629586,28.930311,26.533646,1067.978912,-2.015766,65.377722,9.358137,3.490187,0.000000
21.635571,28.945162,26.479514,1063.609838,-2.042205,65.387355,9.356235,3.489478,0.000000
21.641515,28.959943,26.424896,1059.247858,-2.069062,65.396968,9.354814,3.488948,0.000000
21.647437,28.974674,26.369793,1054.892830,-2.096303,65.406562,9.353878,3.488599,0.000000
21.653340,28.989345,26.314185,1050.544580,-2.123877,65.416145,9.353428,3.488431,0.000000
21.659211,29.003955,26.258091,1046.202928,-2.151764,65.425720,9.353464,3.488444,0.000000
21.665051,29.018505,26.201493,1041.867701,-2.179912,65.435265,9.353983,3.488638,0.000000
21.670860,29.032995,26.144390,1037.538699,-2.208299,65.444800,9.354982,3.489010,0.000000
21.676659,29.047434,26.086792,1033.215731,-2.236873,65.454325,9.356457,3.489560,0.000000
21.682416,29.061803,26.028689,1028.898585,-2.265614,65.463822,9.358399,3.490285,0.000000
21.688153,29.076122,25.970091,1024.587061,-2.294459,65.473308,9.360802,3.491181,0.000000
21.693859,29.090381,25.910998,1020.280949,-2.323397,65.482785,9.363655,3.492245,0.000000
21.699544,29.104579,25.851420,1015.980019,-2.352378,65.492233,9.366948,3.493473,0.000000
21.705209,29.118717,25.791365,1011.684071,-2.381369,65.501681,9.370668,3.494860,0.000000
21.710832,29.132795,25.730824,1007.392885,-2.410339,65.511100,9.374801,3.496402,0.000000
21.716445,29.146822,25.669808,1003.106231,-2.439246,65.520509,9.379332,3.498092,0.000000
21.722016,29.160779,25.608334,998.823888,-2.468060,65.529898,9.384245,3.499924,0.000000
21.727567,29.174686,25.546413,994.545648,-2.496738,65.539278,9.389522,3.501892,0.000000
21.733097,29.188533,25.484035,990.271290,-2.525271,65.548638,9.395145,3.503990,0.000000
21.738596,29.202329,25.421229,986.000603,-2.553606,65.557979,9.401094,3.506208,0.000000
21.744074,29.216055,25.358003,981.733359,-2.581732,65.567310,9.407349,3.508541,0.000000
21.749522,29.229731,25.294359,977.469375,-2.609609,65.576622,9.413888,3.510980,0.000000
21.754938,29.243347,25.230324,973.208431,-2.637214,65.585914,9.420688,3.513516,0.000000
21.760334,29.256902,25.165889,968.950347,-2.664518,65.595197,9.427726,3.516141,0.000000
21.765709,29.270397,25.101092,964.694920,-2.691510,65.604460,9.434979,3.518846,0.000000
21.771053,29.283841,25.035924,960.441980,-2.718168,65.613703,9.442422,3.521622,0.000000
21.776366,29.297226,24.970413,956.191353,-2.744462,65.622937,9.450030,3.524459,0.000000
21.781658,29.310550,24.904569,951.942869,-2.770380,65.632152,9.457777,3.527348,0.000000
0.047610,0.046283,53.116045,4656.674618,-0.558739,43.739877,3.507359,1.308096,0.000000
0.095200,0.092545,53.048725,4654.984702,-0.596331,43.740033,3.539841,1.320210,0.000000
0.142780,0.138798,52.977072,4653.285969,-0.633382,43.740237,3.574893,1.333283,0.000000
0.190338,0.185030,52.901164,4651.576949,-0.669860,43.740489,3.612545,1.347325,0.000000
0.237876,0.231242,52.821075,4649.856158,-0.705713,43.740791,3.652830,1.362350,0.000000
0.285394,0.277445,52.736882,4648.122068,-0.740890,43.741150,3.695782,1.378370,0.000000
0.332901,0.323627,52.648671,4646.373118,-0.775347,43.741559,3.741436,1.395396,0.000000
0.380387,0.369789,52.556527,4644.607752,-0.809045,43.742015,3.789825,1.413443,0.000000
0.427853,0.415941,52.460546,4642.824353,-0.841920,43.742521,3.840983,1.432523,0.000000
0.475308,0.462073,52.360833,4641.021266,-0.873931,43.743075,3.894945,1.452649,0.000000
0.522743,0.508195,52.257501,4639.196848,-0.905015,43.743687,3.951745,1.473833,0.000000
0.570147,0.554297,52.150646,4637.349397,-0.935140,43.744338,4.011412,1.496086,0.000000
0.617540,0.600378,52.040401,4635.477190,-0.964246,43.745048,4.073978,1.519421,0.000000
0.664923,0.646440,51.926881,4633.578480,-0.992289,43.745806,4.139471,1.543847,0.000000
0.712275,0.692492,51.810228,4631.651486,-1.019197,43.746603,4.207915,1.569373,0.000000
0.759607,0.738513,51.690566,4629.694412,-1.044928,43.747459,4.279331,1.596008,0.000000
0.806917,0.784524,51.568047,4627.705431,-1.069442,43.748363,4.353737,1.623759,0.000000
0.854218,0.830526,51.442815,4625.682717,-1.092663,43.749315,4.431144,1.652628,0.000000
0.901487,0.876497,51.315021,4623.624387,-1.114552,43.750316,4.511561,1.682620,0.000000
0.948736,0.922458,51.184837,4621.528595,-1.135056,43.751356,4.594986,1.713734,0.000000
0.995963,0.968399,51.052425,4619.393428,-1.154113,43.752455,4.681413,1.745968,0.000000
1.043171,1.014310,50.917957,4617.217023,-1.171680,43.753602,4.770826,1.779315,0.000000
1.090357,1.060211,50.781612,4614.997467,-1.187685,43.754787,4.863202,1.813767,0.000000
1.137523,1.106091,50.643583,4612.732876,-1.202097,43.756022,4.958505,1.849311,0.000000
1.184658,1.151952,50.504048,4610.421367,-1.214843,43.757305,5.056691,1.885931,0.000000
1.231773,1.197792,50.363210,4608.061076,-1.225892,43.758636,5.157701,1.923603,0.000000
1.278856,1.243613,50.221266,4605.650146,-1.235181,43.760007,5.261466,1.962303,0.000000
1.325918,1.289403,50.078437,4603.186782,-1.242668,43.761436,5.367901,2.001999,0.000000
1.372960,1.335183,49.934933,4600.669175,-1.248301,43.762894,5.476905,2.042653,0.000000
1.419971,1.380934,49.790961,4598.095614,-1.252040,43.764410,5.588363,2.084222,0.000000
1.466962,1.426664,49.646752,4595.464398,-1.253831,43.765965,5.702143,2.126657,0.000000
1.513921,1.472373,49.502542,4592.773910,-1.253633,43.767569,5.818093,2.169901,0.000000
1.560849,1.518053,49.358551,4590.022620,-1.251425,43.769212,5.936044,2.213892,0.000000
1.607746,1.563713,49.215018,4587.209047,-1.247156,43.770893,6.055806,2.258558,0.000000
1.654623,1.609342,49.072180,4584.331842,-1.240804,43.772624,6.177172,2.303822,0.000000
1.701458,1.654952,48.930284,4581.389734,-1.232338,43.774402,6.299912,2.349599,0.000000
1.748272,1.700541,48.789579,4578.381585,-1.221737,43.776220,6.423775,2.395795,0.000000
1.795046,1.746090,48.650301,4575.306390,-1.208970,43.778076,6.548490,2.442308,0.000000
1.841798,1.791619,48.512700,4572.163261,-1.194037,43.779972,6.673766,2.489031,0.000000
1.888509,1.837128,48.377032,4568.951500,-1.176918,43.781916,6.799291,2.535846,0.000000
1.935189,1.882597,48.243544,4565.670551,-1.157622,43.783899,6.924732,2.582630,0.000000
1.981838,1.928046,48.112475,4562.320043,-1.136150,43.785920,7.049738,2.629253,0.000000
2.028446,1.973454,47.984081,4558.899784,-1.112511,43.787981,7.173942,2.675575,0.000000
2.075023,2.018842,47.858611,4555.409784,-1.086707,43.790081,7.296956,2.721454,0.000000
2.121569,2.064191,47.736292,4551.850271,-1.058789,43.792219,7.418382,2.766741,0.000000
2.168073,2.109519,47.617373,4548.221676,-1.028767,43.794396,7.537808,2.811282,0.000000
2.214536,2.154807,47.502091,4544.524660,-0.996683,43.796612,7.654809,2.854918,0.000000
2.260958,2.200064,47.390656,4540.760120,-0.962580,43.798867,7.768957,2.897491,0.000000
2.307349,2.245292,47.283306,4536.929176,-0.926529,43.801161,7.879817,2.938837,0.000000
2.353688,2.290479,47.180250,4533.033195,-0.888572,43.803494,7.986951,2.978793,0.000000
2.399996,2.335636,47.081688,4529.073792,-0.848793,43.805856,8.089926,3.017198,0.000000
2.446262,2.380754,46.987821,4525.052804,-0.807264,43.808267,8.188312,3.053892,0.000000
2.492477,2.425840,46.898839,4520.972324,-0.764070,43.810706,8.281691,3.088718,0.000000
2.538661,2.470877,46.814884,4516.834723,-0.719886,43.800753,8.369695,3.121540,-5.113356
2.584814,2.515874,46.736081,4512.642603,-0.674244,43.790693,8.451978,3.152228,-5.113356
2.630936,2.560820,46.662581,4508.398679,-0.627238,43.780536,8.528174,3.180646,-5.113356
2.677017,2.605726,46.594528,4504.105906,-0.579004,43.770300,8.597939,3.206666,-5.113356
2.723066,2.650572,46.532035,4499.767390,-0.529634,43.759978,8.660959,3.230169,-5.113356
2.769075,2.695377,46.475228,4495.386479,-0.479275,43.749597,8.716948,3.251051,-5.113356
2.815052,2.740122,46.424181,4490.966652,-0.428041,43.739148,8.765655,3.269216,-5.113356
2.860988,2.784828,46.378990,4486.511543,-0.376068,43.728660,8.806864,3.284586,-5.113356
2.906893,2.829482,46.339721,4482.024930,-0.323501,43.718133,8.840398,3.297093,-5.113356
2.952767,2.874077,46.306404,4477.510702,-0.270487,43.707578,8.866123,3.306687,-5.113356
2.998589,2.918621,46.279086,4472.972829,-0.217160,43.697012,8.883943,3.313333,-5.113356
3.044380,2.963125,46.257766,4468.415375,-0.163667,43.686446,8.893807,3.317012,-5.113356
3.090140,3.007569,46.242455,4463.842440,-0.110153,43.675891,8.895708,3.317721,-5.113356
3.135859,3.051963,46.233133,4459.258136,-0.056774,43.665354,8.889680,3.315472,-5.113356
3.181537,3.096296,46.229762,4454.666614,-0.003676,43.654847,8.875801,3.310296,-5.113356
3.227173,3.140589,46.232295,4450.071984,0.049016,43.644388,8.854192,3.302237,-5.113356
3.272767,3.184822,46.240665,4445.478330,0.101135,43.633988,8.825012,3.291354,-5.113356
3.318331,3.229004,46.254776,4440.889647,0.152556,43.623656,8.788460,3.277722,-5.113356
3.363854,3.273137,46.274553,4436.309895,0.203133,43.613401,8.744769,3.261427,-5.113356
3.409345,3.317219,46.299862,4431.742888,0.252743,43.603244,8.694206,3.242569,-5.113356
3.454785,3.361241,46.330590,4427.192375,0.301258,43.593174,8.637069,3.221259,-5.113356
3.500194,3.405222,46.366602,4422.661931,0.348556,43.583221,8.573682,3.197619,-5.113356
3.545561,3.449143,46.407736,4418.155000,0.394521,43.573394,8.504393,3.171777,-5.113356
3.590887,3.493015,46.453822,4413.674859,0.439048,43.563683,8.429568,3.143870,-5.113356
3.636182,3.536845,46.504708,4409.224636,0.482034,43.554119,8.349593,3.114043,-5.113356
3.681436,3.580616,46.560182,4404.807267,0.523375,43.544700,8.264863,3.082442,-5.113356
3.726648,3.624336,46.620075,4400.425485,0.562988,43.535428,8.175785,3.049220,-5.113356
3.771819,3.668016,46.684167,4396.081854,0.600799,43.526320,8.082770,3.014529,-5.113356
3.816959,3.711636,46.752249,4391.778725,0.636735,43.517378,7.986233,2.978525,-5.113356
3.862058,3.755216,46.824120,4387.518279,0.670724,43.508610,7.886586,2.941361,-5.113356
3.907115,3.798745,46.899534,4383.302466,0.702725,43.500018,7.784239,2.903190,-5.113356
3.952141,3.842235,46.978271,4379.133045,0.732663,43.491600,7.679597,2.864163,-5.113356
3.997126,3.885664,47.060102,4375.011594,0.760519,43.483377,7.573054,2.824427,-5.113356
4.042080,3.929062,47.144800,4370.939471,0.786240,43.475339,7.464994,2.784125,-5.113356
4.087003,3.972401,47.232106,4366.917890,0.809816,43.467495,7.355789,2.743396,-5.113356
4.131874,4.015709,47.321793,4362.947826,0.831205,43.459845,7.245795,2.702373,-5.113356
4.176725,4.058967,47.413613,4359.030121,0.850417,43.452380,7.135355,2.661184,-5.113356
4.221534,4.102185,47.507328,4355.165434,0.867433,43.445119,7.024792,2.619949,-5.113356
4.266302,4.145353,47.602690,4351.354253,0.882241,43.438063,6.914415,2.578783,-5.113356
4.311049,4.188490,47.699471,4347.596914,0.894862,43.431191,6.804511,2.537793,-5.113356
4.355755,4.231578,47.797413,4343.893606,0.905306,43.424523,6.695353,2.497082,-5.113356
4.400430,4.274625,47.896298,4340.244397,0.913574,43.418049,6.587192,2.456743,-5.113356
4.445063,4.317642,47.995879,4336.649210,0.919687,43.411770,6.480262,2.416862,-5.113356
4.489676,4.360608,48.095926,4333.107836,0.923675,43.405686,6.374779,2.377521,-5.113356
4.534247,4.403545,48.196210,4329.619977,0.925571,43.399795,6.270938,2.338793,-5.113356
4.578798,4.446441,48.296505,4326.185213,0.925394,43.394090,6.168922,2.300745,-5.113356
4.623308,4.489308,48.396590,4322.803037,0.923186,43.388579,6.068891,2.263438,-5.113356
4.667786,4.532134,48.496256,4319.472847,0.918989,43.383252,5.970994,2.226927,-5.113356
4.712234,4.574929,48.595284,4316.193964,0.912825,43.378100,5.875361,2.191260,-5.113356
4.756660,4.617685,48.693464,4312.965642,0.904765,43.373134,5.782108,2.156480,-5.113356
4.801046,4.660411,48.790607,4309.787040,0.894830,43.368342,5.691339,2.122627,-5.113356
4.845410,4.703096,48.886502,4306.657297,0.883074,43.363715,5.603142,2.089734,-5.113356
4.889744,4.745761,48.980969,4303.575467,0.869557,43.359263,5.517596,2.057828,-5.113356
4.934047,4.788386,49.073817,4300.540565,0.854312,43.354986,5.434766,2.026936,-5.113356
4.978319,4.830981,49.164876,4297.551567,0.837411,43.350855,5.354708,1.997078,-5.113356
5.022570,4.873546,49.253963,4294.607403,0.818896,43.346890,5.277468,1.968271,-5.113356
5.066790,4.916081,49.340917,4291.706973,0.798809,43.343079,5.203085,1.940529,-5.113356
5.110989,4.958585,49.425567,4288.849149,0.777232,43.339415,5.131587,1.913864,-5.113356
5.155147,5.001070,49.507770,4286.032765,0.754198,43.335896,5.062998,1.888283,-5.113356
5.199295,5.043514,49.587382,4283.256654,0.729768,43.332514,4.997334,1.863793,-5.113356
5.243401,5.085938,49.664243,4280.519601,0.704006,43.329277,4.934606,1.840398,-5.113356
5.287497,5.128342,49.738229,4277.820403,0.676952,43.326167,4.874819,1.818100,-5.113356
5.331552,5.170706,49.809205,4275.157815,0.648679,43.323192,4.817975,1.796900,-5.113356
5.375596,5.213049,49.877049,4272.530595,0.619241,43.320335,4.764073,1.776797,-5.113356
5.419609,5.255373,49.941645,4269.937491,0.588688,43.317594,4.713107,1.757789,-5.113356
5.463592,5.297666,50.002881,4267.377230,0.557083,43.314979,4.665070,1.739873,-5.113356
5.507553,5.339930,50.060650,4264.848542,0.524479,43.312471,4.619953,1.723046,-5.113356
5.551494,5.382173,50.114849,4262.350134,0.490927,43.310061,4.577744,1.707304,-5.113356
5.595404,5.424396,50.165392,4259.880727,0.456490,43.307767,4.538430,1.692641,-5.113356
5.639304,5.466599,50.212192,4257.439019,0.421231,43.305560,4.502000,1.679055,-5.113356
5.683172,5.508772,50.255164,4255.023701,0.385190,43.303451,4.468440,1.666538,-5.113356
5.727010,5.550925,50.294242,4252.633473,0.348431,43.301429,4.437735,1.655086,-5.113356
5.770837,5.593058,50.329340,4250.267023,0.311005,43.299495,4.409873,1.644695,-5.113356
5.814633,5.635170,50.360410,4247.923015,0.272976,43.297639,4.384842,1.635360,-5.113356
5.858409,5.677253,50.387386,4245.600128,0.234394,43.295860,4.362628,1.627075,-5.113356
5.902164,5.719315,50.410219,4243.297043,0.195313,43.294159,4.343221,1.619837,-5.113356
5.945887,5.761367,50.428873,4241.012401,0.155794,43.292516,4.326610,1.613642,-5.113356
5.989601,5.803389,50.443298,4238.744856,0.115880,43.290942,4.312787,1.608486,-5.113356
6.033283,5.845392,50.453458,4236.493049,0.075632,43.289425,4.301744,1.604368,-5.113356
6.076956,5.887374,50.459333,4234.255632,0.035103,43.287958,4.293475,1.601283,-5.113356
6.120597,5.929345,50.460895,4232.031209,-0.005654,43.286548,4.287975,1.599232,-5.113356
6.164217,5.971287,50.458124,4229.818394,-0.046579,43.285178,4.285242,1.598213,-5.113356
6.207817,6.013209,50.451021,4227.615809,-0.087628,43.283856,4.285274,1.598225,-5.113356
6.251386,6.055110,50.439575,4225.422022,-0.128740,43.282563,4.288072,1.599268,-5.113356
6.294944,6.097002,50.423788,4223.235615,-0.169852,43.281309,4.293637,1.601344,-5.113356
6.338482,6.138863,50.403659,4221.055156,-0.210933,43.280075,4.301975,1.604454,-5.113356
6.381989,6.180715,50.379206,4218.879191,-0.251910,43.278869,4.313089,1.608599,-5.113356
6.425486,6.222536,50.350450,4216.706247,-0.292730,43.277684,4.326988,1.613783,-5.113356
6.468951,6.264347,50.317409,4214.534842,-0.333342,43.276507,4.343680,1.620008,-5.113356
6.512406,6.306138,50.280112,4212.363476,-0.373683,43.275351,4.363174,1.627278,-5.113356
6.555830,6.347909,50.238606,4210.190618,-0.413712,43.274184,4.385483,1.635599,-5.113356
6.599234,6.389660,50.192910,4208.014739,-0.453377,43.273028,4.410617,1.644973,-5.113356
6.642616,6.431391,50.143091,4205.834270,-0.492604,43.271871,4.438592,1.655406,-5.113356
6.685978,6.473111,50.089207,4203.647606,-0.531008,43.277839,4.469408,1.666899,0.000000
6.729310,6.514812,50.031342,4201.453110,-0.568871,43.283856,4.503068,1.679453,0.000000
6.772620,6.556503,49.969554,4199.249178,-0.606130,43.289911,4.539587,1.693073,0.000000
6.815899,6.598183,49.903910,4197.034173,-0.642723,43.296015,4.578978,1.707764,0.000000
6.859148,6.639844,49.834505,4194.806461,-0.678618,43.302158,4.621255,1.723531,0.000000
6.902375,6.681494,49.761405,4192.564349,-0.713721,43.308340,4.666430,1.740380,0.000000
6.945572,6.723124,49.684706,4190.306174,-0.748012,43.314561,4.714517,1.758314,0.000000
6.988738,6.764744,49.604493,4188.030205,-0.781408,43.320830,4.765524,1.777338,0.000000
7.031872,6.806355,49.520872,4185.734731,-0.813856,43.327139,4.819460,1.797454,0.000000
7.074986,6.847945,49.433956,4183.417992,-0.845294,43.333486,4.876332,1.818664,0.000000
7.118069,6.889525,49.343850,4181.078248,-0.875680,43.339872,4.936142,1.840971,0.000000
7.161121,6.931085,49.250668,4178.713711,-0.904942,43.346297,4.998889,1.864373,0.000000
7.204153,6.972635,49.154544,4176.322602,-0.933016,43.352770,5.064570,1.888869,0.000000
7.247143,7.014164,49.055612,4173.903125,-0.959862,43.359283,5.133175,1.914456,0.000000
7.290112,7.055684,48.953984,4171.453472,-0.985416,43.365824,5.204690,1.941128,0.000000
7.333050,7.097184,48.849833,4168.971826,-1.009606,43.372414,5.279094,1.968877,0.000000
7.375958,7.138673,48.743292,4166.456399,-1.032391,43.379043,5.356361,1.997695,0.000000
7.418834,7.180143,48.634514,4163.905365,-1.053707,43.385711,5.436456,2.027567,0.000000
7.461679,7.221602,48.523660,4161.316927,-1.073492,43.392408,5.519336,2.058478,0.000000
7.504493,7.263042,48.410892,4158.689305,-1.091705,43.399154,5.604952,2.090409,0.000000
7.547266,7.304461,48.296391,4156.020713,-1.108283,43.405938,5.693240,2.123336,0.000000
7.590018,7.345870,48.180328,4153.309410,-1.123174,43.412752,5.784131,2.157235,0.000000
7.632740,7.387249,48.062875,4150.553664,-1.136316,43.419605,5.877540,2.192072,0.000000
7.675420,7.428618,47.944241,4147.751795,-1.147677,43.426496,5.973374,2.227814,0.000000
7.718068,7.469967,47.824598,4144.902146,-1.157205,43.433426,6.071525,2.264420,0.000000
7.760686,7.511306,47.704146,4142.003122,-1.164838,43.440396,6.171871,2.301845,0.000000
7.803263,7.552615,47.583084,4139.053183,-1.170555,43.447394,6.274278,2.340039,0.000000
7.845808,7.593903,47.461623,4136.050827,-1.174294,43.454431,6.378596,2.378945,0.000000
7.888323,7.635182,47.339971,4132.994670,-1.176033,43.461498,6.484660,2.418502,0.000000
7.930796,7.676430,47.218328,4129.883371,-1.175731,43.468603,6.592289,2.458643,0.000000
7.973228,7.717659,47.096914,4126.715688,-1.173367,43.475747,6.701285,2.499294,0.000000
8.015628,7.758867,46.975957,4123.490493,-1.168889,43.482911,6.811435,2.540376,0.000000
8.057998,7.800055,46.855657,4120.206762,-1.162308,43.490123,6.922511,2.581802,0.000000
8.100316,7.841213,46.736243,4116.863569,-1.153571,43.497354,7.034264,2.623481,0.000000
8.142603,7.882361,46.617942,4113.460138,-1.142700,43.504625,7.146434,2.665316,0.000000
8.184849,7.923469,46.500965,4109.995829,-1.129662,43.511934,7.258742,2.707202,0.000000
8.227053,7.964567,46.385541,4106.470135,-1.114469,43.519263,7.370895,2.749030,0.000000
8.269206,8.005634,46.271887,4102.882722,-1.097110,43.526631,7.482586,2.790686,0.000000
8.311328,8.046672,46.160233,4099.233398,-1.077616,43.534028,7.593494,2.832050,0.000000
8.353408,8.087689,46.050778,4095.522174,-1.055987,43.541454,7.703287,2.872998,0.000000
8.395447,8.128676,45.943752,4091.749201,-1.032255,43.548899,7.811620,2.913402,0.000000
8.437435,8.169633,45.839363,4087.914862,-1.006451,43.556384,7.918143,2.953131,0.000000
8.479391,8.210570,45.737821,4084.019693,-0.978606,43.563897,8.022496,2.992050,0.000000
8.521285,8.251477,45.639317,4080.064440,-0.948772,43.571440,8.124316,3.030024,0.000000
8.563148,8.292344,45.544050,4076.050068,-0.917000,43.579012,8.223236,3.066917,0.000000
8.604960,8.333190,45.452221,4071.977716,-0.883355,43.586603,8.318890,3.102592,0.000000
8.646720,8.374006,45.364010,4067.848740,-0.847887,43.594224,8.410915,3.136913,0.000000
8.688438,8.414793,45.279579,4063.664700,-0.810690,43.601873,8.498952,3.169748,0.000000
8.730105,8.455539,45.199100,4059.427344,-0.771838,43.609552,8.582653,3.200964,0.000000
8.771731,8.496265,45.122743,4055.138653,-0.731424,43.617250,8.661678,3.230437,0.000000
8.813305,8.536950,45.050634,4050.800769,-0.689531,43.624977,8.735704,3.258046,0.000000
8.854827,8.577606,44.982923,4046.416023,-0.646284,43.632724,8.804423,3.283675,0.000000
8.896297,8.618221,44.919726,4041.986931,-0.601778,43.640500,8.867548,3.307218,0.000000
8.937716,8.658817,44.861167,4037.516190,-0.556125,43.648296,8.924816,3.328577,0.000000
8.979083,8.699362,44.807330,4033.006638,-0.509463,43.656120,8.975986,3.347661,0.000000
9.020399,8.739887,44.758311,4028.461259,-0.461895,43.663964,9.020848,3.364392,0.000000
9.061673,8.780371,44.714177,4023.883180,-0.413577,43.671837,9.059218,3.378703,0.000000
9.102885,8.820816,44.674994,4019.275633,-0.364613,43.679730,9.090947,3.390536,0.000000
9.144045,8.861220,44.640810,4014.641964,-0.315171,43.687652,9.115916,3.399849,0.000000
9.185154,8.901605,44.611645,4009.985595,-0.265364,43.695583,9.134043,3.406610,0.000000
9.226211,8.941939,44.587526,4005.310008,-0.215348,43.703544,9.145279,3.410800,0.000000
9.267206,8.982243,44.568453,4000.618740,-0.165260,43.711534,9.149610,3.412415,0.000000
9.308149,9.022506,44.554418,3995.915377,-0.115234,43.719533,9.147058,3.411464,0.000000
9.349051,9.062730,44.545391,3991.203495,-0.065438,43.727562,9.137681,3.407966,0.000000
9.389891,9.102923,44.541325,3986.486660,-0.015985,43.735610,9.121570,3.401957,0.000000
9.430669,9.143076,44.542173,3981.768438,0.032969,43.743687,9.098848,3.393483,0.000000
9.471406,9.183189,44.547876,3977.052339,0.081287,43.751784,9.069673,3.382602,0.000000
9.512080,9.223272,44.558331,3972.341815,0.128844,43.759900,9.034231,3.369384,0.000000
9.552703,9.263315,44.573471,3967.640259,0.175517,43.768036,8.992735,3.353908,0.000000
9.593274,9.303317,44.593172,3962.950960,0.221159,43.776191,8.945426,3.336263,0.000000
9.633784,9.343280,44.617310,3958.277114,0.265666,43.784375,8.892567,3.316549,0.000000
9.674241,9.383212,44.645781,3953.621787,0.308912,43.792579,8.834441,3.294871,0.000000
9.714647,9.423104,44.678422,3948.987956,0.350795,43.800811,8.771351,3.271341,0.000000
9.755001,9.462965,44.715091,3944.378429,0.391209,43.809054,8.703615,3.246078,0.000000
9.795303,9.502777,44.755635,3939.795875,0.430061,43.817326,8.631561,3.219205,0.000000
9.835544,9.542568,44.799874,3935.242819,0.467258,43.825626,8.555528,3.190848,0.000000
9.875743,9.582309,44.847645,3930.721631,0.502715,43.833947,8.475864,3.161137,0.000000
9.915880,9.622020,44.898759,3926.234501,0.536361,43.842286,8.392919,3.130202,0.000000
9.955965,9.661701,44.953034,3921.783484,0.568122,43.850646,8.307044,3.098174,0.000000
9.996009,9.701342,45.010261,3917.370446,0.597935,43.859034,8.218591,3.065185,0.000000
10.035991,9.740953,45.070249,3912.997079,0.625760,43.867451,8.127909,3.031364,0.000000
10.075922,9.780523,45.132798,3908.664931,0.651533,43.875888,8.035340,2.996840,0.000000
10.115811,9.820063,45.197700,3904.375370,0.675223,43.884345,7.941223,2.961738,0.000000
10.155638,9.859573,45.264734,3900.129601,0.696799,43.892830,7.845883,2.926181,0.000000
10.195423,9.899043,45.333702,3895.928655,0.716231,43.901345,7.749641,2.890286,0.000000
10.235157,9.938483,45.404383,3891.773443,0.733507,43.909879,7.652802,2.854170,0.000000
10.274839,9.977893,45.476568,3887.664690,0.748596,43.918442,7.555661,2.817940,0.000000
10.314480,10.017272,45.550040,3883.602979,0.761519,43.927035,7.458500,2.781703,0.000000
10.354070,10.056621,45.624587,3879.588779,0.772244,43.935647,7.361586,2.745558,0.000000
10.393607,10.095940,45.699981,3875.622378,0.780804,43.944288,7.265172,2.709600,0.000000
10.433103,10.135229,45.776033,3871.703974,0.787198,43.952958,7.169498,2.673918,0.000000
10.472548,10.174488,45.852523,3867.833627,0.791436,43.961647,7.074787,2.638595,0.000000
10.511951,10.213717,45.929241,3864.011288,0.793540,43.970366,6.981248,2.603709,0.000000
10.551302,10.252916,46.005987,3860.236776,0.793540,43.979124,6.889077,2.569333,0.000000
10.590613,10.292084,46.082563,3856.509832,0.791467,43.987901,6.798452,2.535534,0.000000
10.629881,10.331232,46.158757,3852.830084,0.787344,43.996707,6.709542,2.502374,0.000000
10.669109,10.370351,46.234390,3849.197091,0.781210,44.005543,6.622497,2.469910,0.000000
10.708285,10.409449,46.309261,3845.610300,0.773109,44.014407,6.537457,2.438193,0.000000
10.747419,10.448517,46.383198,3842.069088,0.763091,44.023301,6.454549,2.407272,0.000000
10.786512,10.487554,46.456003,3838.572776,0.751178,44.032224,6.373887,2.377189,0.000000
10.825564,10.526572,46.527522,3835.120611,0.737443,44.041176,6.295575,2.347982,0.000000
10.864574,10.565570,46.597565,3831.711749,0.721917,44.050167,6.219704,2.319685,0.000000
10.903543,10.604537,46.665971,3828.345330,0.704651,44.059177,6.146358,2.292330,0.000000
10.942471,10.643485,46.732586,3825.020428,0.685720,44.068227,6.075608,2.265943,0.000000
10.981368,10.682402,46.797259,3821.736057,0.665164,44.077295,6.007520,2.240549,0.000000
11.020213,10.721309,46.859828,3818.491184,0.643046,44.086403,5.942148,2.216169,0.000000
11.059016,10.760186,46.920159,3815.284767,0.619407,44.095540,5.879543,2.192819,0.000000
11.097789,10.799043,46.978118,3812.115698,0.594332,44.104715,5.819744,2.170517,0.000000
11.136520,10.837880,47.033565,3808.982848,0.567872,44.113920,5.762789,2.149275,0.000000
11.175210,10.876687,47.086383,3805.885040,0.540078,44.123154,5.708708,2.129105,0.000000
11.213869,10.915483,47.136449,3802.821090,0.511025,44.132417,5.657525,2.110016,0.000000
11.252486,10.954260,47.183659,3799.789773,0.480774,44.141719,5.609261,2.092016,0.000000
11.291063,10.993016,47.227888,3796.789846,0.449378,44.151050,5.563933,2.075110,0.000000
11.329608,11.031753,47.269061,3793.820048,0.416909,44.160411,5.521556,2.059305,0.000000
11.368112,11.070469,47.307063,3790.879087,0.383430,44.169810,5.482138,2.044604,0.000000
11.406585,11.109165,47.341808,3787.965654,0.349004,44.179238,5.445689,2.031010,0.000000
11.445016,11.147841,47.373202,3785.078496,0.313046,44.177100,5.412239,2.018535,-6.136027
11.483427,11.186497,47.401120,3782.216331,0.276277,44.175059,5.381816,2.007189,-6.136027
11.521807,11.225113,47.425506,3779.377754,0.238757,44.173095,5.354422,1.996972,-6.136027
11.560166,11.263719,47.446283,3776.561380,0.200551,44.171219,5.330058,1.987885,-6.136027
11.598494,11.302294,47.463413,3773.765792,0.161730,44.169411,5.308723,1.979928,-6.136027
11.636791,11.340840,47.476829,3770.989537,0.122357,44.167671,5.290418,1.973101,-6.136027
11.675068,11.379365,47.486503,3768.231191,0.082505,44.165990,5.275139,1.967403,-6.136027
11.713313,11.417860,47.492388,3765.489291,0.042226,44.164367,5.262888,1.962833,-6.136027
11.751538,11.456345,47.494454,3762.762335,0.001604,44.162782,5.253662,1.959393,-6.136027
11.789732,11.494790,47.492683,3760.048861,-0.039310,44.161247,5.247462,1.957080,-6.136027
11.827895,11.533225,47.487046,3757.347349,-0.080443,44.159740,5.244285,1.955895,-6.136027
11.866037,11.571630,47.477543,3754.656268,-0.121722,44.158263,5.244132,1.955838,-6.136027
11.904148,11.610015,47.464165,3751.974089,-0.163094,44.156805,5.247003,1.956909,-6.136027
11.942238,11.648369,47.446902,3749.299272,-0.204487,44.155366,5.252897,1.959107,-6.136027
11.980298,11.686703,47.425773,3746.630230,-0.245828,44.153937,5.261816,1.962434,-6.136027
12.018336,11.725018,47.400797,3743.965377,-0.287055,44.152499,5.273760,1.966888,-6.136027
12.056344,11.763302,47.371974,3741.303133,-0.328104,44.151070,5.288730,1.972472,-6.136027
12.094331,11.801566,47.339333,3738.641865,-0.368914,44.149622,5.306728,1.979184,-6.136027
12.132287,11.839810,47.302921,3735.979946,-0.409401,44.148154,5.327754,1.987026,-6.136027
12.170223,11.878034,47.262757,3733.315724,-0.449503,44.146667,5.351808,1.995997,-6.136027
12.208127,11.916228,47.218909,3730.647543,-0.489157,44.145141,5.378892,2.006098,-6.136027
12.246011,11.954401,47.171404,3727.973711,-0.528301,44.143576,5.409005,2.017329,-6.136027
12.283863,11.992555,47.120309,3725.292545,-0.566862,44.141972,5.442145,2.029688,-6.136027
12.321685,12.030678,47.065682,3722.602334,-0.604766,44.140310,5.478310,2.043176,-6.136027
12.359496,12.068782,47.007598,3719.901348,-0.641963,44.138589,5.517496,2.057791,-6.136027
12.397266,12.106865,46.946134,3717.187845,-0.678368,44.136811,5.559697,2.073531,-6.136027
12.435015,12.144918,46.881366,3714.460096,-0.713919,44.134954,5.604905,2.090391,-6.136027
12.472744,12.182951,46.813389,3711.716321,-0.748543,44.133010,5.653110,2.108370,-6.136027
12.510442,12.220964,46.742280,3708.954763,-0.782189,44.130988,5.704298,2.127461,-6.136027
12.548108,12.258946,46.668151,3706.173641,-0.814783,44.128869,5.758452,2.147658,-6.136027
12.585754,12.296899,46.591109,3703.371179,-0.846252,44.126644,5.815549,2.168953,-6.136027
12.623369,12.334832,46.511268,3700.545587,-0.876534,44.124311,5.875566,2.191336,-6.136027
12.660953,12.372744,46.428742,3697.695078,-0.905567,44.121871,5.938470,2.214797,-6.136027
12.698516,12.410626,46.343644,3694.817863,-0.933287,44.119305,6.004226,2.239321,-6.136027
12.736059,12.448478,46.256119,3691.912175,-0.959622,44.116613,6.072791,2.264893,-6.136027
12.773560,12.486310,46.166298,3688.976243,-0.984521,44.113774,6.144115,2.291494,-6.136027
12.811041,12.524112,46.074317,3686.008300,-1.007909,44.110810,6.218143,2.319103,-6.136027
12.848490,12.561894,45.980326,3683.006614,-1.029725,44.107680,6.294808,2.347696,-6.136027
12.885919,12.599646,45.884478,3679.969474,-1.049916,44.104404,6.374037,2.377245,-6.136027
12.923317,12.637367,45.786926,3676.895178,-1.068431,44.100963,6.455749,2.407720,-6.136027
12.960684,12.675058,45.687831,3673.782072,-1.085207,44.097357,6.539849,2.439086,-6.136027
12.998020,12.712720,45.587356,3670.628531,-1.100192,44.093576,6.626236,2.471304,-6.136027
13.035324,12.750361,45.485681,3667.432986,-1.113323,44.089620,6.714795,2.504333,-6.136027
13.072609,12.787961,45.382977,3664.193907,-1.124559,44.085470,6.805401,2.538125,-6.136027
13.109862,12.825532,45.279417,3660.909823,-1.133869,44.081135,6.897915,2.572629,-6.136027
13.147074,12.863083,45.175200,3657.579327,-1.141179,44.076605,6.992188,2.607789,-6.136027
13.184265,12.900593,45.070487,3654.201081,-1.146480,44.071872,7.088057,2.643544,-6.136027
13.221425,12.938074,44.965489,3650.773842,-1.149708,44.066934,7.185346,2.679829,-6.136027
13.258554,12.975514,44.860395,3647.296424,-1.150853,44.061782,7.283866,2.716572,-6.136027
13.295652,13.012934,44.755388,3643.767766,-1.149874,44.056427,7.383415,2.753700,-6.136027
13.332709,13.050314,44.650665,3640.186893,-1.146761,44.050847,7.483775,2.791130,-6.136027
13.369745,13.087653,44.546438,3636.552935,-1.141481,44.045054,7.584720,2.828778,-6.136027
13.406740,13.124963,44.442888,3632.865145,-1.134025,44.039038,7.686006,2.866553,-6.136027
13.443703,13.162242,44.340222,3629.122922,-1.124393,44.032797,7.787380,2.904362,-6.136027
13.480636,13.199471,44.238642,3625.325759,-1.112574,44.026334,7.888576,2.942103,-6.136027
13.517538,13.236670,44.138338,3621.473330,-1.098578,44.019646,7.989318,2.979676,-6.136027
13.554408,13.273829,44.039501,3617.565425,-1.082406,44.012726,8.089318,3.016971,-6.136027
13.591238,13.310958,43.942339,3613.602007,-1.064089,44.005591,8.188280,3.053880,-6.136027
13.628026,13.348036,43.847034,3609.583198,-1.043637,43.998233,8.285903,3.090289,-6.136027
13.664793,13.385074,43.753777,3605.509268,-1.021092,43.990652,8.381875,3.126083,-6.136027
13.701509,13.422082,43.662756,3601.380665,-0.996486,43.982856,8.475885,3.161144,-6.136027
13.738204,13.459040,43.574145,3597.198030,-0.969859,43.974847,8.567613,3.195355,-6.136027
13.774847,13.495958,43.488124,3592.962147,-0.941274,43.966624,8.656745,3.228598,-6.136027
13.811470,13.532825,43.404865,3588.674002,-0.910784,43.958197,8.742963,3.260753,-6.136027
13.848041,13.569662,43.324519,3584.334750,-0.878461,43.949565,8.825955,3.291706,-6.136027
13.884580,13.606449,43.247258,3579.945701,-0.844378,43.940740,8.905414,3.321340,-6.136027
13.921079,13.643186,43.173215,3575.508387,-0.808608,43.931739,8.981040,3.349546,-6.136027
13.957536,13.679882,43.102534,3571.024469,-0.771255,43.922554,9.052546,3.376215,-6.136027
13.993962,13.716529,43.035347,3566.495795,-0.732403,43.913193,9.119656,3.401244,-6.136027
14.030347,13.753135,42.971779,3561.924370,-0.692145,43.903678,9.182107,3.424535,-6.136027
14.066691,13.789691,42.911934,3557.312367,-0.650606,43.894006,9.239657,3.445999,-6.136027
14.102993,13.826196,42.855926,3552.662080,-0.607901,43.884199,9.292081,3.465551,-6.136027
14.139254,13.862652,42.803822,3547.975966,-0.564123,43.874265,9.339175,3.483115,-6.136027
14.175473,13.899067,42.755727,3543.256597,-0.519429,43.864205,9.380760,3.498624,-6.136027
14.211652,13.935422,42.711688,3538.506660,-0.473922,43.854048,9.416680,3.512021,-6.136027
14.247788,13.971737,42.671772,3533.728956,-0.427739,43.843783,9.446806,3.523257,-6.136027
14.283884,14.007991,42.636017,3528.926364,-0.381014,43.833451,9.471036,3.532293,-6.136027
14.319938,14.044205,42.604452,3524.101857,-0.333904,43.823041,9.489297,3.539104,-6.136027
14.355951,14.080369,42.577095,3519.258437,-0.286513,43.812582,9.501544,3.543672,-6.136027
14.391922,14.116473,42.553957,3514.399203,-0.239007,43.802075,9.507763,3.545991,-6.136027
14.427842,14.152536,42.535037,3509.527251,-0.191522,43.791539,9.507967,3.546067,-6.136027
14.463730,14.188540,42.520297,3504.645700,-0.144194,43.780992,9.502200,3.543916,-6.136027
14.499567,14.224492,42.509718,3499.757676,-0.097167,43.770446,9.490533,3.539565,-6.136027
14.535363,14.260395,42.503253,3494.866306,-0.050578,43.759910,9.473067,3.533051,-6.136027
14.571117,14.296248,42.500844,3489.974667,-0.004561,43.749393,9.449927,3.524421,-6.136027
14.606830,14.332050,42.502434,3485.085821,0.040758,43.738924,9.421265,3.513731,-6.136027
14.642492,14.367802,42.507928,3480.202740,0.085233,43.728505,9.387256,3.501047,-6.136027
14.678122,14.403494,42.517250,3475.328360,0.128740,43.718143,9.348099,3.486443,-6.136027
14.713701,14.439145,42.530295,3470.465540,0.171164,43.707859,9.304011,3.470001,-6.136027
14.749238,14.474736,42.546959,3465.617024,0.212391,43.697663,9.255229,3.451807,-6.136027
14.784734,14.510287,42.567116,3460.785480,0.252316,43.687564,9.202005,3.431956,-6.136027
14.820178,14.545778,42.590636,3455.973450,0.290803,43.677572,9.144605,3.410549,-6.136027
14.855591,14.581219,42.617392,3451.183374,0.327792,43.667697,9.083307,3.387687,-6.136027
14.890953,14.616619,42.647234,3446.417555,0.363155,43.657957,9.018399,3.363479,-6.136027
14.926273,14.651959,42.680008,3441.678164,0.396832,43.648354,8.950175,3.338035,-6.136027
14.961552,14.687249,42.715573,3436.967257,0.428728,43.638896,8.878936,3.311466,-6.136027
14.996789,14.722498,42.753737,3432.286727,0.458771,43.629585,8.804985,3.283885,-6.136027
15.031975,14.757698,42.794357,3427.638352,0.486908,43.620438,8.728627,3.255406,-6.136027
15.067130,14.792837,42.837253,3423.023739,0.513066,43.611457,8.650163,3.226143,-6.136027
15.102244,14.827946,42.882235,3418.444369,0.537204,43.602641,8.569896,3.196207,-6.136027
15.137305,14.862994,42.929140,3413.901582,0.559281,43.594010,8.488123,3.165709,-6.136027
15.172336,14.898003,42.977778,3409.396562,0.579243,43.585553,8.405133,3.134757,-6.136027
15.207315,14.932961,43.027968,3404.930353,0.597071,43.577282,8.321213,3.103459,-6.136027
15.242263,14.967869,43.079520,3400.503871,0.612743,43.569204,8.236638,3.071916,-6.136027
15.277170,15.002747,43.132233,3396.117892,0.626239,43.561312,8.151676,3.040228,-6.136027
15.312025,15.037564,43.185946,3391.773056,0.637547,43.553604,8.066583,3.008492,-6.136027
15.346849,15.072351,43.240450,3387.469870,0.646670,43.546090,7.981608,2.976800,-6.136027
15.381632,15.107079,43.295572,3383.208735,0.653594,43.538781,7.896985,2.945240,-6.136027
15.416373,15.141775,43.351113,3378.989901,0.658343,43.531646,7.812940,2.913894,-6.136027
15.451084,15.176432,43.406893,3374.813528,0.660925,43.524716,7.729685,2.882844,-6.136027
15.485742,15.211039,43.462739,3370.679657,0.661352,43.517971,7.647421,2.852163,-6.136027
15.520370,15.245605,43.518461,3366.588229,0.659655,43.511419,7.566336,2.821922,-6.136027
15.554966,15.280131,43.573879,3362.539073,0.655854,43.505053,7.486608,2.792186,-6.136027
15.589511,15.314617,43.628830,3358.531930,0.649981,43.498871,7.408402,2.763019,-6.136027
15.624025,15.349063,43.683133,3354.566455,0.642077,43.492874,7.331872,2.734476,-6.136027
15.658508,15.383478,43.736618,3350.642191,0.632185,43.487051,7.257160,2.706612,-6.136027
15.692940,15.417844,43.789141,3346.758649,0.620334,43.481404,7.184398,2.679475,-6.136027
15.727350,15.452179,43.840531,3342.915217,0.606578,43.475932,7.113707,2.653110,-6.136027
15.761709,15.486474,43.890626,3339.111237,0.590979,43.470625,7.045198,2.627559,-6.136027
15.796047,15.520729,43.939283,3335.345980,0.573568,43.465473,6.978974,2.602860,-6.136027
15.830344,15.554953,43.986369,3331.618654,0.554407,43.460487,6.915126,2.579048,-6.136027
15.864600,15.589138,44.031731,3327.928388,0.533570,43.455646,6.853739,2.556153,-6.136027
15.898824,15.623292,44.075237,3324.274302,0.511088,43.450961,6.794888,2.534204,-6.136027
15.933018,15.657406,44.116762,3320.655413,0.487054,43.446412,6.738643,2.513227,-6.136027
15.967170,15.691490,44.156182,3317.070734,0.461499,43.441999,6.685064,2.493245,-6.136027
16.001291,15.725534,44.193375,3313.519196,0.434508,43.437723,6.634206,2.474277,-6.136027
16.035381,15.759547,44.228235,3309.999708,0.406152,43.433562,6.586119,2.456342,-6.136027
16.069430,15.793531,44.260657,3306.511141,0.376485,43.429519,6.540845,2.439457,-6.136027
16.103458,15.827474,44.290537,3303.052320,0.345578,43.425592,6.498422,2.423635,-6.136027
16.137445,15.861387,44.317789,3299.622041,0.313515,43.421762,6.458885,2.408889,-6.136027
16.171401,15.895270,44.342308,3296.219069,0.280348,43.418040,6.422262,2.395231,-6.136027
16.205315,15.929123,44.364027,3292.842133,0.246161,43.414404,6.388579,2.382668,-6.136027
16.239209,15.962946,44.382871,3289.489923,0.211027,43.410847,6.357858,2.371211,-6.136027
16.273061,15.996729,44.398773,3286.161129,0.175007,43.407377,6.330118,2.360865,-6.136027
16.306893,16.030491,44.411656,3282.854393,0.138196,43.403975,6.305374,2.351636,-6.136027
16.340683,16.064223,44.421463,3279.568339,0.100656,43.400631,6.283639,2.343530,-6.136027
16.374443,16.097915,44.428167,3276.301571,0.062459,43.397356,6.264926,2.336551,-6.136027
16.408171,16.131587,44.431699,3273.052653,0.023690,43.394119,6.249242,2.330702,-6.136027
16.441868,16.165219,44.432033,3269.820144,-0.015589,43.390931,6.236596,2.325985,-6.136027
16.475535,16.198831,44.429138,3266.602588,-0.055285,43.387772,6.226991,2.322403,-6.136027
16.509170,16.232412,44.422987,3263.398495,-0.095324,43.384642,6.220432,2.319957,-6.136027
16.542774,16.265954,44.413560,3260.206344,-0.135644,43.381532,6.216921,2.318647,-6.136027
16.576348,16.299475,44.400839,3257.024635,-0.176152,43.378431,6.216458,2.318475,-6.136027
16.609890,16.332966,44.384823,3253.851817,-0.216775,43.375330,6.219044,2.319439,-6.136027
16.643401,16.366427,44.365522,3250.686324,-0.257439,43.372239,6.224674,2.321539,-6.136027
16.676882,16.399858,44.342926,3247.526587,-0.298062,43.369129,6.233347,2.324773,-6.136027
16.710331,16.433269,44.317055,3244.371018,-0.338580,43.365999,6.245057,2.329141,-6.136027
16.743759,16.466639,44.287928,3241.218003,-0.378890,43.362850,6.259797,2.334638,-6.136027
16.777147,16.499990,44.255572,3238.065924,-0.418940,43.359662,6.277560,2.341263,-6.136027
16.810503,16.533300,44.220017,3234.913157,-0.458646,43.356425,6.298334,2.349011,-6.136027
16.843828,16.566590,44.181292,3231.758038,-0.497915,43.353149,6.322108,2.357878,-6.136027
16.877133,16.599850,44.139452,3228.598932,-0.536684,43.349815,6.348869,2.367858,-6.136027
16.910396,16.633080,44.094547,3225.434146,-0.574880,43.346413,6.378598,2.378946,-6.136027
16.943628,16.666280,44.046633,3222.262027,-0.612420,43.342943,6.411277,2.391134,-6.136027
16.976840,16.699459,43.995757,3219.080891,-0.649231,43.339386,6.446884,2.404414,-6.136027
17.010010,16.732599,43.942006,3215.889037,-0.685230,43.335741,6.485394,2.418776,-6.136027
17.043159,16.765708,43.885446,3212.684771,-0.720344,43.331999,6.526778,2.434210,-6.136027
17.076268,16.798797,43.826153,3209.466422,-0.754510,43.328159,6.571002,2.450704,-6.136027
17.109355,16.831846,43.764222,3206.232287,-0.787635,43.324203,6.618032,2.468244,-6.136027
17.142401,16.864865,43.699740,3202.980664,-0.819667,43.320131,6.667824,2.486815,-6.136027
17.175427,16.897864,43.632801,3199.709889,-0.850522,43.315932,6.720332,2.506398,-6.136027
17.208411,16.930822,43.563509,3196.418280,-0.880127,43.311597,6.775505,2.526975,-6.136027
17.241374,16.963751,43.491971,3193.104172,-0.908420,43.307116,6.833285,2.548525,-6.136027
17.274296,16.996649,43.418300,3189.765922,-0.935328,43.302489,6.893608,2.571023,-6.136027
17.307187,17.029517,43.342620,3186.401903,-0.960778,43.297707,6.956404,2.594443,-6.136027
17.340058,17.062355,43.265054,3183.010501,-0.984718,43.292759,7.021594,2.618756,-6.136027
17.372887,17.095153,43.185727,3179.590146,-1.007086,43.287647,7.089095,2.643931,-6.136027
17.405685,17.127931,43.104772,3176.139300,-1.027809,43.282349,7.158812,2.669932,-6.136027
17.438452,17.160658,43.022321,3172.656442,-1.046834,43.276867,7.230644,2.696723,-6.136027
17.471188,17.193365,42.938519,3169.140099,-1.064110,43.271200,7.304482,2.724261,-6.136027
17.503883,17.226033,42.853517,3165.588867,-1.079574,43.265339,7.380207,2.752503,-6.136027
17.536557,17.258670,42.767448,3162.001358,-1.093184,43.259274,7.457690,2.781401,-6.136027
17.569190,17.291266,42.680484,3158.376273,-1.104889,43.253005,7.536793,2.810903,-6.136027
17.601791,17.323833,42.592778,3154.712348,-1.114646,43.246512,7.617369,2.840954,-6.136027
17.634352,17.356360,42.504472,3151.008419,-1.122414,43.239815,7.699260,2.871497,-6.136027
17.666891,17.388846,42.415746,3147.263375,-1.128162,43.232884,7.782300,2.902467,-6.136027
17.699389,17.421302,42.326745,3143.476194,-1.131859,43.225740,7.866312,2.933800,-6.136027
17.731846,17.453718,42.237648,3139.645938,-1.133473,43.218363,7.951108,2.965425,-6.136027
17.764283,17.486094,42.148618,3135.771757,-1.132984,43.210752,8.036492,2.997270,-6.136027
17.796667,17.518439,42.059817,3131.852924,-1.130381,43.202898,8.122258,3.029257,-6.136027
17.829031,17.550735,41.971415,3127.888797,-1.125642,43.194821,8.208193,3.061307,-6.136027
17.861354,17.583000,41.883585,3123.878843,-1.118770,43.186491,8.294072,3.093336,-6.136027
17.893635,17.615215,41.796479,3119.822649,-1.109772,43.177928,8.379667,3.125259,-6.136027
17.925885,17.647390,41.710277,3115.719948,-1.098641,43.169121,8.464738,3.156987,-6.136027
17.958094,17.679534,41.625141,3111.570559,-1.085384,43.160082,8.549042,3.188429,-6.136027
17.990272,17.711629,41.541234,3107.374452,-1.070046,43.150799,8.632332,3.219493,-6.136027
18.022409,17.743673,41.458708,3103.131752,-1.052634,43.141274,8.714354,3.250083,-6.136027
18.054504,17.775677,41.377733,3098.842688,-1.033182,43.131525,8.794852,3.280106,-6.136027
18.086558,17.807641,41.298454,3094.507643,-1.011731,43.121533,8.873570,3.309464,-6.136027
18.118580,17.839564,41.221021,3090.127152,-0.988321,43.111307,8.950251,3.338063,-6.136027
18.150562,17.871438,41.145579,3085.701875,-0.963027,43.100868,9.024639,3.365807,-6.136027
18.182502,17.903261,41.072270,3081.232644,-0.935880,43.090195,9.096482,3.392601,-6.136027
18.214411,17.935044,41.001236,3076.720416,-0.906972,43.079319,9.165532,3.418354,-6.136027
18.246269,17.966776,40.932593,3072.166288,-0.876357,43.068228,9.231547,3.442974,-6.136027
18.278095,17.998459,40.866463,3067.571515,-0.844128,43.056934,9.294294,3.466376,-6.136027
18.309870,18.030101,40.802971,3062.937463,-0.810368,43.045445,9.353548,3.488476,-6.136027
18.341613,18.061683,40.742211,3058.265662,-0.775170,43.033771,9.409098,3.509193,-6.136027
18.373306,18.093225,40.684299,3053.557758,-0.738630,43.021923,9.460742,3.528455,-6.136027
18.404967,18.124716,40.629310,3048.815518,-0.700850,43.009909,9.508297,3.546190,-6.136027
18.436576,18.156147,40.577330,3044.040826,-0.661946,42.997730,9.551593,3.562338,-6.136027
18.468144,18.187538,40.528435,3039.235681,-0.622032,42.985405,9.590477,3.576840,-6.136027
18.499681,18.218879,40.482682,3034.402176,-0.581222,42.972944,9.624817,3.589647,-6.136027
18.531166,18.250160,40.440138,3029.542502,-0.539641,42.960356,9.654497,3.600717,-6.136027
18.562600,18.281400,40.400841,3024.658933,-0.497415,42.947652,9.679426,3.610014,-6.136027
18.594002,18.312580,40.364810,3019.753804,-0.454668,42.934851,9.699532,3.617513,-6.136027
18.625353,18.343710,40.332093,3014.829513,-0.411536,42.921953,9.714763,3.623193,-6.136027
18.656673,18.374779,40.302689,3009.888537,-0.368143,42.908986,9.725092,3.627046,-6.136027
18.687931,18.405808,40.276608,3004.933363,-0.324636,42.895952,9.730515,3.629068,-6.136027
18.719158,18.436777,40.253842,2999.966514,-0.281140,42.882859,9.731046,3.629266,-6.136027
18.750333,18.467696,40.234369,2994.990524,-0.237789,42.869737,9.726727,3.627655,-6.136027
18.781467,18.498555,40.218172,2990.007946,-0.194709,42.856586,9.717617,3.624258,-6.136027
18.812560,18.529373,40.205204,2985.021324,-0.152045,42.843416,9.703799,3.619104,-6.136027
18.843601,18.560131,40.195425,2980.033172,-0.109923,42.830245,9.685374,3.612233,-6.136027
18.874600,18.590828,40.188778,2975.045986,-0.068468,42.817094,9.662465,3.603688,-6.136027
18.905558,18.621476,40.185208,2970.062222,-0.027804,42.803953,9.635211,3.593524,-6.136027
18.936475,18.652073,40.184617,2965.084282,0.011944,42.790860,9.603769,3.581797,-6.136027
18.967340,18.682620,40.186950,2960.114526,0.050671,42.777806,9.568311,3.568573,-6.136027
18.998154,18.713107,40.192101,2955.155240,0.088264,42.764810,9.529025,3.553921,-6.136027
19.028936,18.743543,40.199976,2950.208624,0.124596,42.751883,9.486110,3.537916,-6.136027
19.059667,18.773929,40.210469,2945.276808,0.159585,42.739033,9.439777,3.520635,-6.136027
19.090346,18.804255,40.223476,2940.361820,0.193137,42.726271,9.390246,3.502163,-6.136027
19.120994,18.834541,40.238864,2935.465621,0.225137,42.713606,9.337746,3.482582,-6.136027
19.151590,18.864766,40.256527,2930.590046,0.255533,42.701047,9.282511,3.461982,-6.136027
19.182145,18.894931,40.276323,2925.736845,0.284222,42.688596,9.224780,3.440451,-6.136027
19.212649,18.925056,40.298119,2920.907643,0.311141,42.676271,9.164798,3.418080,-6.136027
19.243121,18.955131,40.321780,2916.103961,0.336227,42.664073,9.102807,3.394960,-6.136027
19.273542,18.985145,40.347166,2911.327204,0.359417,42.652010,9.039055,3.371183,-6.136027
19.303921,19.015120,40.374122,2906.578691,0.380660,42.640094,8.973784,3.346840,-6.136027
19.334249,19.045034,40.402517,2901.859580,0.399915,42.628313,8.907237,3.322021,-6.136027
19.364545,19.074897,40.432187,2897.170942,0.417149,42.616678,8.839653,3.296815,-6.136027
19.394790,19.104721,40.462981,2892.513742,0.432311,42.605199,8.771268,3.271310,-6.136027
19.424994,19.134484,40.494746,2887.888812,0.445400,42.593875,8.702310,3.245591,-6.136027
19.455156,19.164207,40.527330,2883.296869,0.456376,42.582707,8.633003,3.219743,-6.136027
19.485277,19.193880,40.560590,2878.738544,0.465248,42.571704,8.563565,3.193846,-6.136027
19.515356,19.223502,40.594346,2874.214334,0.471985,42.560857,8.494205,3.167977,-6.136027
19.545395,19.253084,40.628463,2869.724642,0.476609,42.550174,8.425125,3.142213,-6.136027
19.575381,19.282617,40.662827,2865.269619,0.480441,42.563326,8.356459,3.116604,0.000000
19.605316,19.312118,40.697344,2860.849362,0.482159,42.576486,8.288336,3.091197,0.000000
19.635199,19.341590,40.731852,2856.464043,0.481784,42.589647,8.220936,3.066059,0.000000
19.665030,19.371022,40.766207,2852.113719,0.479316,42.602827,8.154432,3.041256,0.000000
19.694810,19.400433,40.800257,2847.798370,0.474797,42.616017,8.088987,3.016848,0.000000
19.724538,19.429805,40.833860,2843.517874,0.468237,42.629207,8.024756,2.992893,0.000000
19.754215,19.459146,40.866872,2839.272056,0.459687,42.642417,7.961885,2.969444,0.000000
19.783839,19.488447,40.899171,2835.060613,0.449170,42.655636,7.900510,2.946554,0.000000
19.813412,19.517728,40.930593,2830.883208,0.436736,42.668865,7.840761,2.924270,0.000000
19.842934,19.546978,40.961035,2826.739402,0.422428,42.682103,7.782756,2.902637,0.000000
19.872404,19.576189,40.990343,2822.628689,0.406288,42.695352,7.726608,2.881696,0.000000
19.901832,19.605379,41.018414,2818.550504,0.388377,42.708610,7.672421,2.861487,0.000000
19.931198,19.634540,41.045123,2814.504225,0.368747,42.721887,7.620290,2.842044,0.000000
19.960523,19.663660,41.070346,2810.489137,0.347452,42.735174,7.570303,2.823401,0.000000
19.989807,19.692760,41.093980,2806.504501,0.324564,42.748471,7.522544,2.805589,0.000000
20.019028,19.721830,41.115918,2802.549506,0.300134,42.761787,7.477085,2.788635,0.000000
20.048209,19.750869,41.136067,2798.623301,0.274236,42.775114,7.433996,2.772564,0.000000
20.077348,19.779879,41.154320,2794.724967,0.246932,42.788449,7.393338,2.757400,0.000000
20.106435,19.808858,41.170593,2790.853549,0.218306,42.801805,7.355167,2.743165,0.000000
20.135470,19.837818,41.184800,2787.008052,0.188409,42.815169,7.319536,2.729875,0.000000
20.164464,19.866747,41.196864,2783.187444,0.157335,42.828544,7.286488,2.717550,0.000000
20.193407,19.895646,41.206700,2779.390625,0.125148,42.841938,7.256065,2.706204,0.000000
20.222308,19.924525,41.214261,2775.616485,0.091929,42.855352,7.228302,2.695849,0.000000
20.251168,19.953363,41.219460,2771.863869,0.057752,42.868775,7.203232,2.686499,0.000000
20.279976,19.982182,41.222250,2768.131590,0.022691,42.882208,7.180882,2.678164,0.000000
20.308733,20.010981,41.222592,2764.418434,-0.013152,42.895660,7.161275,2.670851,0.000000
20.337458,20.039749,41.220421,2760.723148,-0.049713,42.909122,7.144432,2.664569,0.000000
20.366121,20.068487,41.215708,2757.044442,-0.086910,42.922604,7.130368,2.659324,0.000000
20.394754,20.097205,41.208414,2753.381034,-0.124648,42.936105,7.119096,2.655120,0.000000
20.423335,20.125893,41.198511,2749.731567,-0.162855,42.949616,7.110627,2.651962,0.000000
20.451874,20.154551,41.185981,2746.094711,-0.201446,42.963136,7.104967,2.649851,0.000000
20.480372,20.183189,41.170803,2742.469081,-0.240340,42.976676,7.102119,2.648788,0.000000
20.508818,20.211797,41.152978,2738.853270,-0.279432,42.990235,7.102085,2.648776,0.000000
20.537223,20.240384,41.132486,2735.245883,-0.318659,43.003805,7.104861,2.649811,0.000000
20.565587,20.268942,41.109329,2731.645466,-0.357928,43.017393,7.110442,2.651892,0.000000
20.593899,20.297479,41.083525,2728.050586,-0.397155,43.030991,7.118820,2.655017,0.000000
20.622180,20.325986,41.055083,2724.459769,-0.436247,43.044609,7.129983,2.659181,0.000000
20.650409,20.354473,41.024022,2720.871533,-0.475130,43.058236,7.143918,2.664378,0.000000
20.678587,20.382930,40.990362,2717.284388,-0.513712,43.071883,7.160607,2.670602,0.000000
20.706733,20.411367,40.954131,2713.696851,-0.551918,43.085540,7.180028,2.677845,0.000000
20.734828,20.439774,40.915377,2710.107401,-0.589646,43.099216,7.202158,2.686099,0.000000
20.762882,20.468150,40.874128,2706.514528,-0.626832,43.112901,7.226969,2.695352,0.000000
20.790894,20.496506,40.830442,2702.916703,-0.663383,43.126597,7.254429,2.705594,0.000000
20.818855,20.524843,40.784365,2699.312433,-0.699215,43.140321,7.284504,2.716810,0.000000
20.846784,20.553139,40.735956,2695.700169,-0.734246,43.154046,7.317155,2.728987,0.000000
20.874652,20.581425,40.685280,2692.078411,-0.768402,43.167790,7.352336,2.742109,0.000000
20.902488,20.609671,40.632405,2688.445648,-0.801610,43.181544,7.390001,2.756156,0.000000
20.930283,20.637897,40.577396,2684.800378,-0.833777,43.195317,7.430097,2.771110,0.000000
20.958027,20.666102,40.520341,2681.141092,-0.864829,43.209100,7.472566,2.786949,0.000000
20.985719,20.694278,40.461324,2677.466325,-0.894695,43.222892,7.517345,2.803650,0.000000
21.013379,20.722423,40.400422,2673.774605,-0.923311,43.236704,7.564366,2.821187,0.000000
21.040988,20.750539,40.337739,2670.064509,-0.950583,43.250516,7.613555,2.839532,0.000000
21.068556,20.778634,40.273371,2666.334591,-0.976471,43.264348,7.664831,2.858656,0.000000
21.096072,20.806699,40.207413,2662.583466,-1.000880,43.278189,7.718110,2.878527,0.000000
21.123547,20.834734,40.139969,2658.809786,-1.023769,43.292040,7.773298,2.899109,0.000000
21.150980,20.862748,40.071154,2655.012221,-1.045064,43.305910,7.830296,2.920367,0.000000
21.178362,20.890733,40.001082,2651.189471,-1.064703,43.319781,7.889000,2.942262,0.000000
21.205692,20.918677,39.929858,2647.340302,-1.082646,43.333671,7.949297,2.964750,0.000000
21.232981,20.946602,39.857615,2643.463511,-1.098828,43.347560,8.011068,2.987788,0.000000
21.260228,20.974506,39.784458,2639.557958,-1.113209,43.361460,8.074187,3.011328,0.000000
21.287424,21.002370,39.710530,2635.622555,-1.125736,43.375369,8.138520,3.035322,0.000000
21.314578,21.030204,39.635945,2631.656268,-1.136368,43.389288,8.203929,3.059717,0.000000
21.341680,21.058008,39.560836,2627.658132,-1.145084,43.403217,8.270266,3.084457,0.000000
21.368731,21.085791,39.485327,2623.627266,-1.151842,43.417155,8.337377,3.109487,0.000000
21.395741,21.113535,39.409571,2619.562830,-1.156612,43.431094,8.405103,3.134746,0.000000
21.422699,21.141248,39.333672,2615.464107,-1.159371,43.445042,8.473278,3.160172,0.000000
21.449605,21.168931,39.257782,2611.330427,-1.160111,43.459000,8.541729,3.185702,0.000000
21.476460,21.196584,39.182035,2607.161217,-1.158819,43.472957,8.610279,3.211268,0.000000
21.503273,21.224207,39.106555,2602.956007,-1.155487,43.486915,8.678746,3.236803,0.000000
21.530034,21.251790,39.031484,2598.714406,-1.150114,43.500883,8.746942,3.262237,0.000000
21.556744,21.279343,38.956946,2594.436138,-1.142700,43.514860,8.814677,3.287500,0.000000
21.583402,21.306865,38.883085,2590.121009,-1.133275,43.528837,8.881757,3.312518,0.000000
21.610019,21.334347,38.810023,2585.768935,-1.121842,43.542815,8.947985,3.337218,0.000000
21.636574,21.361799,38.737875,2581.379963,-1.108429,43.556802,9.013165,3.361527,0.000000
21.663077,21.389211,38.666794,2576.954209,-1.093080,43.570779,9.077098,3.385371,0.000000
21.689538,21.416593,38.596884,2572.491938,-1.075804,43.584766,9.139585,3.408676,0.000000
21.715938,21.443944,38.528260,2567.993497,-1.056675,43.598753,9.200431,3.431369,0.000000
21.742286,21.471256,38.461054,2563.459353,-1.035723,43.612740,9.259441,3.453377,0.000000
21.768582,21.498527,38.395362,2558.890100,-1.013012,43.626737,9.316424,3.474630,0.000000
21.794827,21.525768,38.331289,2554.286425,-0.988613,43.640724,9.371196,3.495058,0.000000
21.821020,21.552959,38.268949,2549.649141,-0.962580,43.654711,9.423576,3.514593,0.000000
21.847151,21.580120,38.208437,2544.979147,-0.934995,43.668698,9.473390,3.533171,0.000000
21.873241,21.607250,38.149830,2540.277467,-0.905941,43.682685,9.520473,3.550731,0.000000
21.899268,21.634330,38.093232,2535.545228,-0.875503,43.696662,9.564669,3.567215,0.000000
21.925244,21.661381,38.038709,2530.783645,-0.843774,43.710649,9.605833,3.582567,0.000000
21.951158,21.688390,37.986329,2525.994038,-0.810847,43.724626,9.643829,3.596738,0.000000
21.977020,21.715350,37.936168,2521.177801,-0.776826,43.738604,9.678534,3.609682,0.000000
22.002831,21.742280,37.888282,2516.336428,-0.741816,43.752581,9.709839,3.621357,0.000000
22.028579,21.769169,37.842719,2511.471495,-0.705932,43.766549,9.737648,3.631728,0.000000
22.054276,21.796018,37.799518,2506.584637,-0.669277,43.780516,9.761878,3.640765,0.000000
22.079911,21.822827,37.758727,2501.677547,-0.631987,43.794474,9.782464,3.648443,0.000000
22.105494,21.849586,37.720363,2496.752004,-0.594155,43.808432,9.799353,3.654742,0.000000
22.131025,21.876315,37.684456,2491.809814,-0.555917,43.822390,9.812510,3.659649,0.000000
22.156495,21.902993,37.651005,2486.852842,-0.517398,43.836338,9.821916,3.663157,0.000000
22.181902,21.929641,37.620021,2481.882962,-0.478713,43.850276,9.827567,3.665264,0.000000
22.207258,21.956239,37.591512,2476.902115,-0.439996,43.864215,9.829476,3.665976,0.000000
22.232562,21.982787,37.565451,2471.912213,-0.401362,43.878153,9.827670,3.665303,0.000000
22.257804,22.009304,37.541827,2466.915217,-0.362947,43.892082,9.822195,3.663261,0.000000
22.282984,22.035782,37.520602,2461.913076,-0.324855,43.906010,9.813110,3.659872,0.000000
22.308112,22.062209,37.501768,2456.907723,-0.287221,43.919920,9.800487,3.655165,0.000000
22.333179,22.088596,37.485257,2451.901098,-0.250160,43.933839,9.784416,3.649171,0.000000
22.358193,22.114933,37.471031,2446.895095,-0.213797,43.947748,9.764997,3.641929,0.000000
22.383146,22.141239,37.459043,2441.891597,-0.178235,43.961647,9.742345,3.633480,0.000000
22.408047,22.167495,37.449216,2436.892458,-0.143590,43.975547,9.716584,3.623873,0.000000
22.432885,22.193712,37.441494,2431.899459,-0.109955,43.989437,9.687852,3.613157,0.000000
22.457673,22.219887,37.435800,2426.914366,-0.077455,44.003327,9.656294,3.601387,0.000000
22.482398,22.246013,37.432058,2421.938864,-0.046173,44.017207,9.622064,3.588621,0.000000
22.507071,22.272099,37.430173,2416.974597,-0.016214,44.031087,9.585326,3.574919,0.000000
22.531683,22.298144,37.430068,2412.023142,0.012350,44.044957,9.546248,3.560345,0.000000
22.556232,22.324149,37.431629,2407.085981,0.039425,44.058818,9.505005,3.544963,0.000000
22.580740,22.350104,37.434781,2402.164578,0.064948,44.072688,9.461776,3.528840,0.000000
22.605176,22.376019,37.439409,2397.260251,0.088826,44.086549,9.416742,3.512044,0.000000
22.629571,22.401893,37.445408,2392.374302,0.111017,44.100400,9.370089,3.494645,0.000000
22.653903,22.427727,37.452673,2387.507906,0.131437,44.114251,9.322003,3.476711,0.000000
22.678173,22.453521,37.461081,2382.662182,0.150057,44.128102,9.272671,3.458312,0.000000
22.702392,22.479265,37.470536,2377.838163,0.166822,44.141943,9.222278,3.439518,0.000000
22.726559,22.504979,37.480905,2373.036766,0.181682,44.155784,9.171011,3.420397,0.000000
22.750674,22.530642,37.492084,2368.258852,0.194615,44.169615,9.119051,3.401018,0.000000
22.774728,22.556266,37.503948,2363.505195,0.205591,44.183457,9.066580,3.381449,0.000000
22.798729,22.581849,37.516375,2358.776465,0.214578,44.197288,9.013773,3.361754,0.000000
22.822679,22.607392,37.529248,2354.073246,0.221575,44.211120,8.960805,3.341999,0.000000
22.846567,22.632894,37.542455,2349.396062,0.226574,44.224951,8.907844,3.322247,0.000000
22.870414,22.658357,37.555871,2344.745325,0.229552,44.238773,8.855052,3.302558,0.000000
22.894198,22.683779,37.569364,2340.121380,0.230531,44.252604,8.802590,3.282992,0.000000
22.917931,22.709161,37.582838,2335.524484,0.229500,44.266426,8.750609,3.263605,0.000000
22.941612,22.734503,37.596168,2330.954800,0.226491,44.280258,8.699256,3.244453,0.000000
22.965242,22.759805,37.609242,2326.412452,0.221513,44.294079,8.648673,3.225587,0.000000
22.988819,22.785066,37.621935,2321.897441,0.214578,44.307911,8.598992,3.207058,0.000000
23.012346,22.810298,37.634151,2317.409718,0.205737,44.321733,8.550344,3.188915,0.000000
23.035820,22.835479,37.645777,2312.949179,0.195011,44.335554,8.502849,3.171201,0.000000
23.059243,22.860630,37.656699,2308.515622,0.182432,44.349386,8.456622,3.153960,0.000000
23.082614,22.885741,37.666830,2304.108780,0.168051,44.363217,8.411774,3.137234,0.000000
23.105944,22.910811,37.676057,2299.728327,0.151910,44.377049,8.368405,3.121059,0.000000
23.129211,22.935852,37.684294,2295.373891,0.134062,44.390880,8.326612,3.105472,0.000000
23.152438,22.960852,37.691435,2291.045023,0.114547,44.404712,8.286485,3.090506,0.000000
23.175612,22.985812,37.697405,2286.741206,0.093439,44.418543,8.248108,3.076193,0.000000
23.198735,23.010732,37.702109,2282.461895,0.070790,44.432385,8.211558,3.062562,0.000000
23.221807,23.035622,37.705470,2278.206468,0.046673,44.446226,8.176907,3.049639,0.000000
23.244826,23.060471,37.707403,2273.974257,0.021129,44.460067,8.144222,3.037448,0.000000
23.267805,23.085291,37.707851,2269.764563,-0.005748,44.473918,8.113563,3.026014,0.000000
23.290731,23.110070,37.706727,2265.576612,-0.033895,44.487769,8.084986,3.015356,0.000000
23.313616,23.134819,37.703985,2261.409610,-0.063240,44.501620,8.058541,3.005493,0.000000
23.336450,23.159528,37.699548,2257.262707,-0.093710,44.515480,8.034272,2.996442,0.000000
23.359232,23.184197,37.693378,2253.135031,-0.125221,44.529341,8.012221,2.988218,0.000000
23.381972,23.208835,37.685408,2249.025637,-0.157689,44.543202,7.992422,2.980833,0.000000
23.404661,23.233444,37.675600,2244.933588,-0.191054,44.557072,7.974906,2.974301,0.000000
23.427309,23.258012,37.663917,2240.857879,-0.225210,44.570943,7.959699,2.968629,0.000000
23.449905,23.282540,37.650319,2236.797488,-0.260084,44.584823,7.946825,2.963828,0.000000
23.472449,23.307038,37.634780,2232.751363,-0.295594,44.598703,7.936299,2.959902,0.000000
23.494952,23.331505,37.617269,2228.718422,-0.331645,44.612593,7.928137,2.956858,0.000000
23.517413,23.355933,37.597758,2224.697549,-0.368164,44.626482,7.922347,2.954698,0.000000
23.539823,23.380330,37.576248,2220.687614,-0.405048,44.640382,7.918935,2.953426,0.000000
23.562181,23.404697,37.552720,2216.687469,-0.442214,44.654281,7.917903,2.953041,0.000000
23.584508,23.429024,37.527163,2212.695930,-0.479566,44.668181,7.919249,2.953543,0.000000
23.606773,23.453321,37.499587,2208.711811,-0.517034,44.682090,7.922966,2.954929,0.000000
23.629007,23.477578,37.469984,2204.733888,-0.554511,44.695999,7.929044,2.957196,0.000000
23.651179,23.501805,37.438371,2200.760946,-0.591927,44.709918,7.937470,2.960339,0.000000
23.673320,23.525991,37.404759,2196.791752,-0.629165,44.723837,7.948226,2.964350,0.000000
23.695409,23.550147,37.369166,2192.825044,-0.666163,44.737766,7.961290,2.969222,0.000000
23.717447,23.574273,37.331621,2188.859570,-0.702829,44.751695,7.976636,2.974946,0.000000
23.739443,23.598359,37.292152,2184.894076,-0.739057,44.765633,7.994236,2.981510,0.000000
23.761398,23.622415,37.250780,2180.927283,-0.774775,44.779572,8.014055,2.988902,0.000000
23.783302,23.646440,37.207560,2176.957926,-0.809899,44.793510,8.036055,2.997107,0.000000
23.805164,23.670426,37.162511,2172.984745,-0.844346,44.807458,8.060195,3.006110,0.000000
23.826984,23.694381,37.115702,2169.006459,-0.878023,44.821406,8.086429,3.015894,0.000000
23.848753,23.718296,37.067168,2165.021833,-0.910857,44.835354,8.114705,3.026440,0.000000
23.870481,23.742181,37.016978,2161.029596,-0.942763,44.849312,8.144969,3.037727,0.000000
23.892157,23.766026,36.965179,2157.028524,-0.973659,44.863270,8.177161,3.049733,0.000000
23.913791,23.789840,36.911837,2153.017384,-1.003473,44.877228,8.211217,3.062435,0.000000
23.935374,23.813625,36.857029,2148.994971,-1.032141,44.891195,8.247069,3.075806,0.000000
23.956915,23.837369,36.800802,2144.960099,-1.059580,44.905153,8.284642,3.089819,0.000000
23.978405,23.861073,36.743252,2140.911593,-1.085718,44.919121,8.323858,3.104445,0.000000
23.999854,23.884747,36.684444,2136.848333,-1.110491,44.933088,8.364635,3.119653,0.000000
24.021261,23.908381,36.624466,2132.769182,-1.133838,44.947056,8.406883,3.135410,0.000000
24.042616,23.931984,36.563392,2128.673089,-1.155706,44.961024,8.450510,3.151681,0.000000
24.063920,23.955548,36.501319,2124.559000,-1.176033,44.975001,8.495419,3.168430,0.000000
24.085182,23.979081,36.438322,2120.425913,-1.194756,44.988968,8.541506,3.185619,0.000000
24.106393,24.002574,36.374496,2116.272871,-1.211834,45.002936,8.588665,3.203207,0.000000
24.127563,24.026027,36.309947,2112.098956,-1.227225,45.016904,8.636783,3.221153,0.000000
24.148680,24.049449,36.244750,2107.903298,-1.240887,45.030871,8.685744,3.239413,0.000000
24.169757,24.072832,36.179011,2103.685085,-1.252769,45.044839,8.735427,3.257943,0.000000
24.190781,24.096174,36.112824,2099.443571,-1.262859,45.058806,8.785708,3.276695,0.000000
24.211754,24.119476,36.046294,2095.178047,-1.271117,45.072774,8.836458,3.295623,0.000000
24.232686,24.142748,35.979508,2090.887874,-1.277521,45.086732,8.887543,3.314676,0.000000
24.253566,24.165980,35.912578,2086.572478,-1.282062,45.100690,8.938830,3.333803,0.000000
24.274404,24.189161,35.845601,2082.231362,-1.284717,45.114647,8.990178,3.352954,0.000000
24.295181,24.212313,35.778671,2077.864085,-1.285488,45.128596,9.041448,3.372076,0.000000
24.315916,24.235424,35.711894,2073.470285,-1.284373,45.142544,9.092496,3.391114,0.000000
24.336600,24.258495,35.645364,2069.049674,-1.281374,45.156482,9.143177,3.410016,0.000000
24.357242,24.281536,35.579187,2064.602042,-1.276501,45.170421,9.193347,3.428727,0.000000
24.377822,24.304526,35.513438,2060.127256,-1.269774,45.184349,9.242858,3.447193,0.000000
24.398361,24.327477,35.448242,2055.625268,-1.261204,45.198278,9.291564,3.465358,0.000000
24.418848,24.350387,35.383664,2051.096105,-1.250832,45.212197,9.339322,3.483170,0.000000
24.439284,24.373247,35.319810,2046.539865,-1.238690,45.226106,9.385986,3.500574,0.000000
24.459667,24.396077,35.256765,2041.956757,-1.224809,45.240006,9.431416,3.517517,0.000000
24.480000,24.418856,35.194616,2037.347058,-1.209241,45.253905,9.475471,3.533948,0.000000
24.500280,24.441606,35.133437,2032.711113,-1.192038,45.267795,9.518018,3.549816,0.000000
24.520509,24.464305,35.073316,2028.049371,-1.173263,45.281675,9.558924,3.565072,0.000000
24.540696,24.486954,35.014328,2023.362358,-1.152967,45.295555,9.598063,3.579669,0.000000
24.560822,24.509563,34.956529,2018.650657,-1.131224,45.309416,9.635315,3.593563,0.000000
24.580895,24.532131,34.900007,2013.914967,-1.108106,45.323267,9.670565,3.606709,0.000000
24.600917,24.554660,34.844809,2009.156023,-1.083697,45.337108,9.703705,3.619069,0.000000
24.620888,24.577138,34.791010,2004.374657,-1.058070,45.350949,9.734636,3.630605,0.000000
24.640806,24.599576,34.738639,1999.571759,-1.031318,45.364771,9.763265,3.641283,0.000000
24.660673,24.621964,34.687764,1994.748303,-1.003535,45.378583,9.789510,3.651071,0.000000
24.680489,24.644311,34.638421,1989.905304,-0.974815,45.392385,9.813296,3.659942,0.000000
24.700252,24.666608,34.590650,1985.043842,-0.945262,45.406178,9.834559,3.667872,0.000000
24.719954,24.688865,34.544478,1980.165054,-0.914959,45.419951,9.853245,3.674841,0.000000
24.739614,24.711072,34.499944,1975.270136,-0.884042,45.433724,9.869309,3.680832,0.000000
24.759212,24.733229,34.457048,1970.360302,-0.852594,45.447478,9.882717,3.685833,0.000000
24.778759,24.755345,34.415827,1965.436844,-0.820729,45.461222,9.893448,3.689835,0.000000
24.798243,24.777411,34.376283,1960.501050,-0.788572,45.474947,9.901489,3.692834,0.000000
24.817686,24.799427,34.338414,1955.554261,-0.756218,45.488671,9.906838,3.694829,0.000000
24.837067,24.821403,34.302231,1950.597834,-0.723781,45.502376,9.909507,3.695825,0.000000
24.856397,24.843329,34.267723,1945.633156,-0.691385,45.516062,9.909514,3.695827,0.000000
24.875675,24.865214,34.234872,1940.661612,-0.659134,45.529748,9.906892,3.694849,0.000000
24.894901,24.887039,34.203669,1935.684599,-0.627145,45.543414,9.901680,3.692906,0.000000
24.914065,24.908824,34.174075,1930.703522,-0.595519,45.557061,9.893931,3.690015,0.000000
24.933177,24.930558,34.146081,1925.719769,-0.564373,45.570708,9.883705,3.686202,0.000000
24.952238,24.952243,34.119648,1920.734734,-0.533820,45.584335,9.871072,3.681490,0.000000
24.971247,24.973887,34.094729,1915.749794,-0.503944,45.597943,9.856110,3.675910,0.000000
24.990194,24.995481,34.071286,1910.766308,-0.474870,45.611551,9.838906,3.669493,0.000000
25.009089,25.017024,34.049281,1905.785595,-0.446691,45.625130,9.819554,3.662276,0.000000
25.027933,25.038518,34.028647,1900.808974,-0.419492,45.638708,9.798154,3.654295,0.000000
25.046725,25.059961,34.009336,1895.837717,-0.393365,45.652268,9.774814,3.645590,0.000000
25.065455,25.081364,33.991283,1890.873048,-0.368414,45.665817,9.749647,3.636204,0.000000
25.084133,25.102716,33.974429,1885.916182,-0.344703,45.679357,9.722771,3.626180,0.000000
25.102760,25.124019,33.958708,1880.968264,-0.322325,45.692878,9.694307,3.615564,0.000000
25.121335,25.145271,33.944044,1876.030406,-0.301342,45.706388,9.664381,3.604403,0.000000
25.139858,25.166483,33.930371,1871.103658,-0.281827,45.719889,9.633122,3.592745,0.000000
25.158319,25.187645,33.917612,1866.189024,-0.263843,45.733381,9.600660,3.580638,0.000000
25.176739,25.208757,33.905690,1861.287470,-0.247453,45.746852,9.567129,3.568132,0.000000
25.195097,25.229818,33.894521,1856.399896,-0.232707,45.760315,9.532660,3.555277,0.000000
25.213403,25.250839,33.884037,1851.527122,-0.219639,45.773767,9.497390,3.542122,0.000000
25.231657,25.271800,33.874134,1846.669934,-0.208309,45.787210,9.461450,3.528718,0.000000
25.249860,25.292721,33.864746,1841.829057,-0.198739,45.800633,9.424975,3.515115,0.000000
25.268011,25.313601,33.855776,1837.005143,-0.190960,45.814056,9.388095,3.501360,0.000000
25.286111,25.334431,33.847149,1832.198803,-0.185004,45.827460,9.350942,3.487504,0.000000
25.304148,25.355211,33.838780,1827.410553,-0.180880,45.840854,9.313644,3.473593,0.000000
25.322144,25.375941,33.830572,1822.640881,-0.178600,45.854239,9.276325,3.459675,0.000000
25.340088,25.396630,33.822449,1817.890188,-0.178183,45.867623,9.239109,3.445795,0.000000
25.357981,25.417270,33.814327,1813.158819,-0.179610,45.880988,9.202116,3.431998,0.000000
25.375822,25.437869,33.806110,1808.447071,-0.182900,45.894343,9.165461,3.418327,0.000000
25.393611,25.458418,33.797731,1803.755172,-0.188024,45.907689,9.129256,3.404824,0.000000
25.411349,25.478916,33.789104,1799.083285,-0.194980,45.921034,9.093611,3.391530,0.000000
25.429035,25.499375,33.780144,1794.431516,-0.203737,45.934360,9.058629,3.378483,0.000000
25.446669,25.519783,33.770774,1789.799922,-0.214286,45.947686,9.024410,3.365721,0.000000
25.464262,25.540151,33.760909,1785.188483,-0.226584,45.960993,8.991050,3.353279,0.000000
25.481793,25.560469,33.750492,1780.597151,-0.240601,45.974299,8.958639,3.341191,0.000000
25.499282,25.580746,33.739437,1776.025794,-0.256294,45.987596,8.927265,3.329490,0.000000
25.516720,25.600973,33.727678,1771.474249,-0.273632,46.000893,8.897008,3.318205,0.000000
25.534107,25.621161,33.715147,1766.942294,-0.292553,46.014171,8.867945,3.307366,0.000000
25.551451,25.641308,33.701769,1762.429664,-0.313015,46.027448,8.840150,3.297000,0.000000
25.568745,25.661404,33.687495,1757.936022,-0.334967,46.040716,8.813689,3.287131,0.000000
25.585986,25.681461,33.672270,1753.461016,-0.358345,46.053983,8.788625,3.277783,0.000000
25.603186,25.701467,33.656016,1749.004225,-0.383076,46.067242,8.765017,3.268978,0.000000
25.620324,25.721433,33.638695,1744.565199,-0.409120,46.080490,8.742917,3.260736,0.000000
25.637431,25.741359,33.620261,1740.143441,-0.436393,46.093728,8.722375,3.253075,0.000000
25.654476,25.761234,33.600655,1735.738405,-0.464832,46.106967,8.703435,3.246011,0.000000
25.671480,25.781070,33.579850,1731.349520,-0.494364,46.120206,8.686136,3.239559,0.000000
25.688442,25.800865,33.557788,1726.976171,-0.524906,46.133425,8.670515,3.233733,0.000000
25.705343,25.820610,33.534449,1722.617710,-0.556386,46.146644,8.656601,3.228544,0.000000
25.722212,25.840315,33.509788,1718.273448,-0.588730,46.159863,8.644422,3.224002,0.000000
25.739020,25.859980,33.483783,1713.942687,-0.621844,46.173072,8.634000,3.220115,0.000000
25.755796,25.879604,33.456408,1709.624680,-0.655656,46.186282,8.625353,3.216890,0.000000
25.772510,25.899178,33.427652,1705.318654,-0.690072,46.199481,8.618495,3.214332,0.000000
25.789193,25.918712,33.397486,1701.023815,-0.725020,46.212671,8.613435,3.212445,0.000000
25.805815,25.938206,33.365892,1696.739332,-0.760415,46.225861,8.610179,3.211231,0.000000
25.822405,25.957659,33.332880,1692.464380,-0.796153,46.239051,8.608730,3.210690,0.000000
25.838944,25.977063,33.298420,1688.198092,-0.832152,46.252232,8.609083,3.210822,0.000000
25.855430,25.996436,33.262532,1683.939587,-0.868339,46.265402,8.611234,3.211624,0.000000
25.871876,26.015759,33.225206,1679.687966,-0.904608,46.278573,8.615171,3.213093,0.000000
25.888270,26.035042,33.186452,1675.442311,-0.940878,46.291733,8.620882,3.215222,0.000000
25.904622,26.054274,33.146279,1671.201715,-0.977065,46.304894,8.628346,3.218006,0.000000
25.920934,26.073477,33.104696,1666.965239,-1.013074,46.318045,8.637543,3.221436,0.000000
25.937193,26.092629,33.061724,1662.731938,-1.048813,46.331197,8.648447,3.225503,0.000000
25.953411,26.111741,33.017390,1658.500864,-1.084218,46.344338,8.661028,3.230195,0.000000
25.969578,26.130812,32.971704,1654.271072,-1.119186,46.357479,8.675253,3.235500,0.000000
25.985703,26.149844,32.924694,1650.041615,-1.153634,46.370611,8.691084,3.241405,0.000000
26.001786,26.168825,32.876399,1645.811526,-1.187477,46.383743,8.708480,3.247893,0.000000
26.017819,26.187766,32.826856,1641.579870,-1.220644,46.396864,8.727397,3.254948,0.000000
26.033809,26.206667,32.776085,1637.345698,-1.253060,46.409977,8.747785,3.262552,0.000000
26.049748,26.225528,32.724134,1633.108075,-1.284623,46.423089,8.769594,3.270685,0.000000
26.065646,26.244349,32.671059,1628.866083,-1.315291,46.436191,8.792766,3.279328,0.000000
26.081502,26.263119,32.616888,1624.618803,-1.344958,46.449284,8.817243,3.288456,0.000000
26.097307,26.281849,32.561671,1620.365336,-1.373574,46.462377,8.842960,3.298048,0.000000
26.113070,26.300539,32.505463,1616.104814,-1.401076,46.475460,8.869853,3.308078,0.000000
26.128782,26.319189,32.448322,1611.836364,-1.427380,46.488533,8.897850,3.318519,0.000000
26.144452,26.337788,32.390286,1607.559166,-1.452445,46.501607,8.926878,3.329346,0.000000
26.160081,26.356348,32.331431,1603.272388,-1.476208,46.514661,8.956861,3.340528,0.000000
26.175659,26.374857,32.271804,1598.975264,-1.498607,46.527714,8.987719,3.352037,0.000000
26.191195,26.393335,32.211483,1594.667020,-1.519601,46.540759,9.019369,3.363841,0.000000
26.206679,26.411764,32.150505,1590.346948,-1.539136,46.553793,9.051726,3.375909,0.000000
26.222111,26.430143,32.088945,1586.014360,-1.557172,46.566818,9.084702,3.388207,0.000000
26.237513,26.448491,32.026872,1581.668606,-1.573677,46.579843,9.118206,3.400703,0.000000
26.252863,26.466779,31.964351,1577.309065,-1.588620,46.592848,9.152145,3.413361,0.000000
26.268161,26.485037,31.901440,1572.935181,-1.601960,46.605843,9.186424,3.426145,0.000000
26.283418,26.503244,31.838214,1568.546410,-1.613685,46.618829,9.220947,3.439021,0.000000
26.298623,26.521402,31.774731,1564.142283,-1.623765,46.631815,9.255616,3.451951,0.000000
26.313787,26.539519,31.711077,1559.722370,-1.632200,46.644782,9.290331,3.464898,0.000000
26.328899,26.557596,31.647300,1555.286270,-1.638979,46.657738,9.324992,3.477826,0.000000
26.343970,26.575622,31.583474,1550.833667,-1.644082,46.670676,9.359499,3.490695,0.000000
26.358989,26.593599,31.519658,1546.364264,-1.647529,46.683613,9.393750,3.503469,0.000000
26.373967,26.611535,31.455938,1541.877841,-1.649330,46.696531,9.427645,3.516111,0.000000
26.388893,26.629421,31.392360,1537.374227,-1.649486,46.709439,9.461084,3.528582,0.000000
26.403767,26.647267,31.328991,1532.853288,-1.648018,46.722337,9.493967,3.540846,0.000000
26.418600,26.665063,31.265899,1528.314975,-1.644946,46.735216,9.526197,3.552866,0.000000
26.433381,26.682808,31.203150,1523.759270,-1.640312,46.748085,9.557677,3.564607,0.000000
26.448121,26.700513,31.140781,1519.186239,-1.634137,46.760945,9.588313,3.576033,0.000000
26.462810,26.718168,31.078869,1514.595970,-1.626463,46.773785,9.618014,3.587110,0.000000
26.477446,26.735773,31.017463,1509.988633,-1.617351,46.786605,9.646691,3.597805,0.000000
26.492042,26.753327,30.956617,1505.364448,-1.606823,46.799426,9.674259,3.608087,0.000000
26.506585,26.770842,30.896372,1500.723694,-1.594962,46.812217,9.700638,3.617925,0.000000
26.521077,26.788306,30.836794,1496.066685,-1.581810,46.824999,9.725749,3.627291,0.000000
26.535528,26.805719,30.777900,1491.393823,-1.567440,46.837761,9.749521,3.636157,0.000000
26.549927,26.823083,30.719760,1486.705519,-1.551913,46.850514,9.771885,3.644498,0.000000
26.564274,26.840406,30.662400,1482.002280,-1.535314,46.863247,9.792780,3.652290,0.000000
26.578580,26.857669,30.605849,1477.284623,-1.517716,46.875961,9.812148,3.659514,0.000000
26.592824,26.874892,30.550155,1472.553130,-1.499190,46.888665,9.829938,3.666149,0.000000
26.607026,26.892055,30.495328,1467.808423,-1.479822,46.901349,9.846105,3.672178,0.000000
26.621177,26.909177,30.441405,1463.051171,-1.459713,46.914014,9.860611,3.677588,0.000000
26.635286,26.926249,30.388406,1458.282082,-1.438949,46.926660,9.873423,3.682367,0.000000
26.649334,26.943261,30.336350,1453.501883,-1.417612,46.939296,9.884515,3.686504,0.000000
26.663340,26.960233,30.285246,1448.711358,-1.395796,46.951903,9.893869,3.689992,0.000000
26.677294,26.977154,30.235103,1443.911309,-1.373616,46.964500,9.901473,3.692828,0.000000
26.691197,26.994015,30.185942,1439.102559,-1.351154,46.977078,9.907321,3.695009,0.000000
26.705059,27.010836,30.137751,1434.285978,-1.328515,46.989636,9.911415,3.696536,0.000000
26.718858,27.027597,30.090532,1429.462427,-1.305794,47.002174,9.913762,3.697412,0.000000
26.732616,27.044317,30.044284,1424.632814,-1.283092,47.014703,9.914378,3.697641,0.000000
26.746322,27.060977,29.999007,1419.798029,-1.260516,47.027203,9.913284,3.697233,0.000000
26.759977,27.077597,29.954673,1414.959007,-1.238159,47.039693,9.910509,3.696198,0.000000
26.773590,27.094157,29.911282,1410.116658,-1.216124,47.052154,9.906085,3.694548,0.000000
26.787142,27.110666,29.868804,1405.271919,-1.194496,47.064606,9.900052,3.692298,0.000000
26.800651,27.127126,29.827222,1400.425726,-1.173388,47.077038,9.892457,3.689466,0.000000
26.814110,27.143525,29.786516,1395.578989,-1.152884,47.089450,9.883351,3.686069,0.000000
26.827516,27.159883,29.746657,1390.732643,-1.133078,47.101833,9.872788,3.682130,0.000000
26.840871,27.176192,29.707608,1385.887588,-1.114052,47.114207,9.860831,3.677671,0.000000
26.854174,27.192440,29.669339,1381.044723,-1.095902,47.126570,9.847544,3.672715,0.000000
26.867436,27.208638,29.631813,1376.204946,-1.078709,47.138905,9.832996,3.667289,0.000000
26.880647,27.224785,29.594992,1371.369109,-1.062558,47.151220,9.817261,3.661421,0.000000
26.893805,27.240883,29.558837,1366.538071,-1.047511,47.163516,9.800414,3.655138,0.000000
26.906912,27.256930,29.523301,1361.712636,-1.033651,47.175802,9.782535,3.648469,0.000000
26.919967,27.272917,29.488346,1356.893627,-1.021040,47.188069,9.763704,3.641446,0.000000
26.932981,27.288864,29.453915,1352.081799,-1.009752,47.200306,9.744005,3.634099,0.000000
26.945943,27.304750,29.419970,1347.277887,-0.999828,47.212534,9.723523,3.626461,0.000000
26.958853,27.320586,29.386452,1342.482619,-0.991341,47.224752,9.702346,3.618562,0.000000
26.971712,27.336372,29.353316,1337.696673,-0.984323,47.236940,9.680559,3.610437,0.000000
26.984529,27.352108,29.320504,1332.920671,-0.978835,47.249120,9.658251,3.602117,0.000000
26.997285,27.367793,29.287967,1328.155245,-0.974909,47.261269,9.635511,3.593636,0.000000
27.010009,27.383429,29.255650,1323.400948,-0.972576,47.273410,9.612425,3.585026,0.000000
27.022672,27.399004,29.223504,1318.658315,-0.971879,47.285540,9.589082,3.576320,0.000000
27.035293,27.414538,29.191462,1313.927846,-0.972816,47.297642,9.565567,3.567550,0.000000
27.047862,27.430013,29.159488,1309.209997,-0.975430,47.309733,9.541967,3.558748,0.000000
27.060380,27.445447,29.127504,1304.505180,-0.979730,47.321805,9.518365,3.549945,0.000000
27.072856,27.460821,29.095472,1299.813760,-0.985708,47.333868,9.494844,3.541173,0.000000
27.085280,27.476145,29.063335,1295.136079,-0.993393,47.345911,9.471485,3.532461,0.000000
27.097664,27.491418,29.031037,1290.472434,-1.002765,47.357934,9.448365,3.523838,0.000000
27.109995,27.506641,28.998520,1285.823055,-1.013813,47.369948,9.425562,3.515334,0.000000
27.122275,27.521825,28.965745,1281.188181,-1.026549,47.381943,9.403148,3.506974,0.000000
27.134514,27.536947,28.932647,1276.567955,-1.040930,47.393927,9.381196,3.498787,0.000000
27.146701,27.552020,28.899197,1271.962521,-1.056946,47.405893,9.359772,3.490797,0.000000
27.158846,27.567042,28.865318,1267.371954,-1.074575,47.417848,9.338942,3.483028,0.000000
27.170940,27.582014,28.830991,1262.796323,-1.093778,47.429784,9.318769,3.475505,0.000000
27.182982,27.596936,28.796150,1258.235618,-1.114521,47.441711,9.299312,3.468248,0.000000
27.194983,27.611817,28.760757,1253.689809,-1.136764,47.453618,9.280626,3.461279,0.000000
27.206942,27.626639,28.724774,1249.158849,-1.160465,47.465515,9.262764,3.454617,0.000000
27.218850,27.641420,28.688162,1244.642623,-1.185582,47.477402,9.245775,3.448281,0.000000
27.230717,27.656141,28.650884,1240.140979,-1.212052,47.489270,9.229704,3.442287,0.000000
27.242531,27.670821,28.612891,1235.653763,-1.239835,47.501129,9.214594,3.436652,0.000000
27.254305,27.685452,28.574166,1231.180755,-1.268868,47.512968,9.200484,3.431389,0.000000
27.266037,27.700022,28.534659,1226.721717,-1.299077,47.524806,9.187408,3.426513,0.000000
27.277717,27.714562,28.494363,1222.276380,-1.330421,47.536616,9.175399,3.422034,0.000000
27.289346,27.729041,28.453237,1217.844420,-1.362807,47.548426,9.164484,3.417963,0.000000
27.300943,27.743471,28.411255,1213.425520,-1.396192,47.560216,9.154689,3.414309,0.000000
27.312489,27.757860,28.368397,1209.019319,-1.430483,47.571997,9.146033,3.411081,0.000000
27.323984,27.772199,28.324653,1204.625413,-1.465618,47.583768,9.138535,3.408285,0.000000
27.335447,27.786478,28.279995,1200.243402,-1.501513,47.595529,9.132208,3.405925,0.000000
27.346859,27.800726,28.234424,1195.872846,-1.538095,47.607271,9.127063,3.404006,0.000000
27.358219,27.814915,28.187899,1191.513266,-1.575291,47.619003,9.123108,3.402531,0.000000
27.369548,27.829063,28.140442,1187.164194,-1.613019,47.630725,9.120344,3.401501,0.000000
27.380825,27.843160,28.092023,1182.825124,-1.651184,47.642437,9.118774,3.400915,0.000000
27.392061,27.857208,28.042652,1178.495529,-1.689724,47.654130,9.118394,3.400773,0.000000
27.403255,27.871205,27.992329,1174.174884,-1.728545,47.665814,9.119196,3.401072,0.000000
27.414398,27.885162,27.941044,1169.862624,-1.767564,47.677497,9.121172,3.401809,0.000000
27.425500,27.899059,27.888797,1165.558185,-1.806707,47.689151,9.124308,3.402979,0.000000
27.436560,27.912926,27.835617,1161.260984,-1.845882,47.700806,9.128588,3.404575,0.000000
27.447579,27.926732,27.781485,1156.970448,-1.885016,47.712450,9.133992,3.406591,0.000000
27.458546,27.940499,27.726429,1152.685964,-1.924024,47.724075,9.140499,3.409017,0.000000
27.469482,27.954215,27.670459,1148.406940,-1.962814,47.735691,9.148082,3.411846,0.000000
27.480366,27.967880,27.613585,1144.132764,-2.001333,47.747296,9.156714,3.415065,0.000000
27.491209,27.981496,27.555825,1139.862832,-2.039477,47.758882,9.166362,3.418663,0.000000
27.502001,27.995071,27.497208,1135.596525,-2.077184,47.770469,9.176992,3.422628,0.000000
27.512761,28.008596,27.437743,1131.333229,-2.114380,47.782035,9.188568,3.426945,0.000000
27.523470,28.022081,27.377460,1127.072353,-2.150983,47.793592,9.201050,3.431600,0.000000
27.534148,28.035506,27.316386,1122.813274,-2.186930,47.805140,9.214395,3.436577,0.000000
27.544774,28.048890,27.254542,1118.555400,-2.222148,47.816667,9.228559,3.441860,0.000000
27.555348,28.062224,27.191963,1114.298156,-2.256585,47.828186,9.243495,3.447430,0.000000
27.565891,28.075518,27.128671,1110.040951,-2.290168,47.839694,9.259153,3.453270,0.000000
27.576393,28.088762,27.064713,1105.783221,-2.322835,47.851193,9.275483,3.459361,0.000000
27.586844,28.101955,27.000097,1101.524409,-2.354544,47.862672,9.292430,3.465681,0.000000
27.597253,28.115099,26.934881,1097.263992,-2.385232,47.874142,9.309940,3.472212,0.000000
27.607631,28.128202,26.869094,1093.001432,-2.414848,47.885592,9.327955,3.478930,0.000000
27.617947,28.141244,26.802764,1088.736234,-2.443359,47.897032,9.346417,3.485816,0.000000
27.628232,28.154257,26.735940,1084.467928,-2.470715,47.908463,9.365266,3.492846,0.000000
27.638475,28.167209,26.668648,1080.196047,-2.496894,47.919874,9.384440,3.499997,0.000000
27.648667,28.180111,26.600938,1075.920158,-2.521845,47.931275,9.403878,3.507247,0.000000
27.658828,28.192973,26.532837,1071.639853,-2.545556,47.942657,9.423517,3.514571,0.000000
27.668937,28.205785,26.464393,1067.354748,-2.567986,47.954030,9.443293,3.521947,0.000000
27.679005,28.218556,26.395645,1063.064498,-2.589146,47.965383,9.463142,3.529350,0.000000
27.689032,28.231268,26.326630,1058.768780,-2.608994,47.976726,9.483000,3.536756,0.000000
27.699017,28.243939,26.257387,1054.467295,-2.627540,47.988050,9.502803,3.544141,0.000000
27.708950,28.256549,26.187953,1050.159778,-2.644774,47.999364,9.522486,3.551482,0.000000
27.718842,28.269120,26.118367,1045.846007,-2.660707,48.010658,9.541987,3.558755,0.000000
27.728703,28.281650,26.048676,1041.525792,-2.675327,48.021933,9.561242,3.565937,0.000000
27.738513,28.294120,25.978899,1037.198970,-2.688656,48.033199,9.580190,3.573003,0.000000
27.748281,28.306540,25.909094,1032.865407,-2.700715,48.044445,9.598770,3.579933,0.000000
27.757997,28.318919,25.839279,1028.525027,-2.711524,48.055681,9.616923,3.586703,0.000000
27.767683,28.331249,25.769503,1024.177772,-2.721104,48.066888,9.634591,3.593293,0.000000
27.777317,28.343528,25.699793,1019.823623,-2.729487,48.078086,9.651719,3.599681,0.000000
27.786909,28.355756,25.630178,1015.462599,-2.736714,48.089263,9.668254,3.605847,0.000000
27.796460,28.367935,25.560696,1011.094749,-2.742837,48.100432,9.684143,3.611773,0.000000
27.805970,28.380063,25.491367,1006.720167,-2.747877,48.111571,9.699339,3.617441,0.000000
27.815428,28.392142,25.422238,1002.338988,-2.751897,48.122700,9.713796,3.622833,0.000000
27.824855,28.404169,25.353309,997.951374,-2.754958,48.133810,9.727470,3.627933,0.000000
27.834230,28.416157,25.284627,993.557507,-2.757103,48.144900,9.740322,3.632726,0.000000
27.843564,28.428084,25.216193,989.157625,-2.758415,48.155972,9.752316,3.637199,0.000000
27.852846,28.439962,25.148054,984.751988,-2.758936,48.167023,9.763419,3.641340,0.000000
27.862097,28.451799,25.080211,980.340900,-2.758759,48.178055,9.773600,3.645137,0.000000
27.871297,28.463575,25.012681,975.924678,-2.757936,48.189068,9.782835,3.648581,0.000000
27.880455,28.475312,24.945485,971.503685,-2.756562,48.200071,9.791101,3.651664,0.000000
27.889572,28.486988,24.878641,967.078303,-2.754698,48.211045,9.798381,3.654379,0.000000
27.898648,28.498624,24.812140,962.648934,-2.752438,48.222009,9.804659,3.656721,0.000000
27.907672,28.510199,24.746010,958.216027,-2.749856,48.232944,9.809927,3.658686,0.000000
27.916654,28.521735,24.680252,953.780042,-2.747044,48.243859,9.814178,3.660271,0.000000
0.048189,0.046845,49.159248,4709.657589,-0.505444,43.739877,6.436235,2.400442,0.000000
0.096348,0.093661,49.100603,4706.429133,-0.489470,43.740023,6.483332,2.418007,0.000000
0.144475,0.140446,49.043919,4703.172930,-0.472777,43.740207,6.528795,2.434963,0.000000
0.192561,0.187201,48.989291,4699.889677,-0.455387,43.740431,6.572509,2.451266,0.000000
0.240626,0.233915,48.936778,4696.580160,-0.437340,43.740713,6.614361,2.466875,0.000000
0.288650,0.280600,48.886464,4693.245218,-0.418659,43.741024,6.654242,2.481749,0.000000
0.336643,0.327254,48.838416,4689.885750,-0.399384,43.741393,6.692047,2.495849,0.000000
0.384594,0.373879,48.792692,4686.502733,-0.379557,43.741792,6.727677,2.509137,0.000000
0.432515,0.420473,48.749358,4683.097199,-0.359209,43.742239,6.761037,2.521579,0.000000
0.480404,0.467027,48.708480,4679.670208,-0.338393,43.742735,6.792041,2.533142,0.000000
0.528253,0.513551,48.670088,4676.222919,-0.317128,43.743269,6.820607,2.543796,0.000000
0.576070,0.560044,48.634228,4672.756506,-0.295489,43.743843,6.846661,2.553513,0.000000
0.623845,0.606498,48.600959,4669.272195,-0.273496,43.744465,6.870137,2.562269,0.000000
0.671590,0.652921,48.570298,4665.771265,-0.251201,43.745126,6.890976,2.570041,0.000000
0.719304,0.699314,48.542275,4662.255038,-0.228657,43.745835,6.909130,2.576811,0.000000
0.766977,0.745677,48.516928,4658.724860,-0.205903,43.746584,6.924556,2.582565,0.000000
0.814608,0.792000,48.494256,4655.182099,-0.183004,43.747371,6.937223,2.587289,0.000000
0.862208,0.838283,48.474270,4651.628170,-0.159991,43.748197,6.947109,2.590976,0.000000
0.909766,0.884535,48.456987,4648.064488,-0.136915,43.749072,6.954199,2.593620,0.000000
0.957294,0.930758,48.442400,4644.492498,-0.113839,43.749986,6.958490,2.595221,0.000000
1.004781,0.976950,48.430507,4640.913662,-0.090804,43.750948,6.959987,2.595779,0.000000
1.052236,1.023102,48.421299,4637.329423,-0.067864,43.751939,6.958705,2.595301,0.000000
1.099640,1.069224,48.414748,4633.741245,-0.045069,43.752979,6.954668,2.593795,0.000000
1.147023,1.115306,48.410835,4630.150590,-0.022451,43.754068,6.947909,2.591275,0.000000
1.194354,1.161357,48.409530,4626.558913,-0.000083,43.755186,6.938470,2.587754,0.000000
1.241654,1.207369,48.410796,4622.967627,0.021993,43.756352,6.926402,2.583254,0.000000
1.288913,1.253350,48.414605,4619.378168,0.043747,43.757558,6.911764,2.577794,0.000000
1.336141,1.299301,48.420899,4615.791931,0.065115,43.758802,6.894622,2.571401,0.000000
1.383328,1.345212,48.429640,4612.210284,0.086056,43.760094,6.875050,2.564101,0.000000
1.430473,1.391102,48.440752,4608.634564,0.106529,43.761426,6.853130,2.555926,0.000000
1.477588,1.436943,48.454197,4605.066083,0.126491,43.762797,6.828948,2.546907,0.000000
1.524660,1.482763,48.469899,4601.506111,0.145912,43.764206,6.802597,2.537079,0.000000
1.571692,1.528544,48.487791,4597.955873,0.164739,43.765654,6.774177,2.526480,0.000000
1.618693,1.574284,48.507806,4594.416564,0.182942,43.767151,6.743791,2.515147,0.000000
1.665652,1.620004,48.529859,4590.889321,0.200478,43.768687,6.711545,2.503121,0.000000
1.712570,1.665683,48.553863,4587.375226,0.217327,43.770271,6.677552,2.490443,0.000000
1.759457,1.711333,48.579744,4583.875329,0.233447,43.771885,6.641925,2.477156,0.000000
1.806302,1.756942,48.607415,4580.390616,0.248817,43.773547,6.604781,2.463302,0.000000
1.853117,1.802532,48.636780,4576.922014,0.263406,43.775248,6.566238,2.448927,0.000000
1.899890,1.848081,48.667755,4573.470403,0.277193,43.776988,6.526415,2.434075,0.000000
1.946622,1.893600,48.700234,4570.036614,0.290147,43.778776,6.485432,2.418790,0.000000
1.993322,1.939089,48.734113,4566.621403,0.302248,43.780604,6.443412,2.403118,0.000000
2.039992,1.984537,48.769306,4563.225468,0.313484,43.782470,6.400472,2.387104,0.000000
2.086610,2.029966,48.805709,4559.849469,0.323845,43.784375,6.356734,2.370791,0.000000
2.133208,2.075354,48.843216,4556.493999,0.333300,43.786329,6.312315,2.354225,0.000000
2.179754,2.120723,48.881722,4553.159573,0.341850,43.788321,6.267333,2.337449,0.000000
2.226279,2.166051,48.921124,4549.846680,0.349483,43.790353,6.221902,2.320505,0.000000
2.272752,2.211359,48.961306,4546.555730,0.356189,43.792433,6.176135,2.303436,0.000000
2.319205,2.256626,49.002174,4543.287088,0.361958,43.794542,6.130141,2.286282,0.000000
2.365616,2.301874,49.043614,4540.041058,0.366790,43.796710,6.084029,2.269084,0.000000
2.411986,2.347082,49.085520,4536.817890,0.370695,43.798906,6.037902,2.251881,0.000000
2.458325,2.392269,49.127788,4533.617794,0.373652,43.801152,5.991862,2.234710,0.000000
2.504633,2.437426,49.170313,4530.440913,0.375672,43.803436,5.946005,2.217607,0.000000
2.550890,2.482563,49.212209,4527.288796,0.363176,43.854835,5.901102,2.200860,29.657463
2.597063,2.527731,49.252611,4524.162486,0.349878,43.905952,5.857889,2.184744,29.657463
2.643164,2.572898,49.291441,4521.061284,0.335800,43.956797,5.816408,2.169273,29.657463
2.689193,2.618075,49.328605,4517.984454,0.320981,44.007389,5.776694,2.154461,29.657463
2.735140,2.663273,49.364027,4514.931241,0.305434,44.057729,5.738783,2.140322,29.657463
2.781024,2.708470,49.397629,4511.900881,0.289200,44.107845,5.702706,2.126867,29.657463
2.826836,2.753688,49.429347,4508.892549,0.272309,44.157747,5.668490,2.114106,29.657463
2.872565,2.798915,49.459093,4505.905454,0.254784,44.207446,5.636162,2.102049,29.657463
2.918232,2.844153,49.486812,4502.938735,0.236664,44.256959,5.605745,2.090704,29.657463
2.963827,2.889401,49.512435,4499.991540,0.217972,44.306307,5.577260,2.080081,29.657463
3.009349,2.934658,49.535907,4497.062990,0.198739,44.355500,5.550725,2.070184,29.657463
3.054799,2.979926,49.557169,4494.152186,0.178995,44.404556,5.526158,2.061022,29.657463
3.100177,3.025204,49.576166,4491.258239,0.158783,44.453496,5.503575,2.052599,29.657463
3.145493,3.070502,49.592857,4488.380212,0.138123,44.502329,5.482989,2.044922,29.657463
3.190736,3.115810,49.607197,4485.517158,0.117057,44.551075,5.464411,2.037993,29.657463
3.235907,3.161128,49.619138,4482.668150,0.095605,44.599743,5.447855,2.031818,29.657463
3.281006,3.206456,49.628641,4479.832203,0.073810,44.648362,5.433328,2.026400,29.657463
3.326042,3.251794,49.635687,4477.008342,0.051702,44.696942,5.420841,2.021743,29.657463
3.371007,3.297142,49.640229,4474.195591,0.029314,44.745503,5.410400,2.017849,29.657463
3.415899,3.342500,49.642248,4471.392937,0.006685,44.794054,5.402013,2.014721,29.657463
3.460728,3.387879,49.641714,4468.599376,-0.016162,44.842625,5.395687,2.012362,29.657463
3.505486,3.433267,49.638620,4465.813885,-0.039196,44.891215,5.391425,2.010772,29.657463
3.550171,3.478665,49.632945,4463.035431,-0.062366,44.939863,5.389233,2.009955,29.657463
3.594794,3.524074,49.624680,4460.262963,-0.085650,44.988570,5.389116,2.009911,29.657463
3.639345,3.569492,49.613815,4457.495447,-0.109017,45.037364,5.391075,2.010642,29.657463
3.683834,3.614931,49.600351,4454.731804,-0.132427,45.086255,5.395114,2.012148,29.657463
3.728250,3.660370,49.584278,4451.970972,-0.155846,45.135263,5.401235,2.014431,29.657463
3.772594,3.705828,49.565606,4449.211861,-0.179256,45.184408,5.409439,2.017491,29.657463
3.816876,3.751297,49.544343,4446.453410,-0.202592,45.233697,5.419728,2.021328,29.657463
3.861076,3.796786,49.520500,4443.694491,-0.225845,45.283162,5.432100,2.025942,29.657463
3.905223,3.842275,49.494096,4440.934022,-0.248973,45.332821,5.446555,2.031333,29.657463
3.949288,3.887784,49.465149,4438.170886,-0.271945,45.382675,5.463092,2.037501,29.657463
3.993291,3.933303,49.433670,4435.403963,-0.294719,45.432762,5.481708,2.044444,29.657463
4.037232,3.978842,49.399696,4432.632135,-0.317274,45.483082,5.502400,2.052161,29.657463
4.081090,4.024381,49.363265,4429.854255,-0.339559,45.533655,5.525163,2.060651,29.657463
4.124887,4.069940,49.324387,4427.069213,-0.361552,45.584520,5.549991,2.069911,29.657463
4.168611,4.115509,49.283128,4424.275853,-0.383222,45.635666,5.576878,2.079938,29.657463
4.212262,4.161099,49.239508,4421.473037,-0.404528,45.687133,5.605815,2.090731,29.657463
4.255841,4.206688,49.193584,4418.659626,-0.425438,45.738921,5.636792,2.102284,29.657463
4.299358,4.252297,49.145394,4415.834445,-0.445910,45.791059,5.669797,2.114593,29.657463
4.342793,4.297927,49.095004,4412.996376,-0.465925,45.843566,5.704818,2.127654,29.657463
4.386165,4.343566,49.042452,4410.144251,-0.485450,45.896452,5.741837,2.141461,29.657463
4.429455,4.389216,48.987825,4407.276923,-0.504444,45.949747,5.780838,2.156007,29.657463
4.472672,4.434876,48.931160,4404.393245,-0.522876,46.003449,5.821800,2.171284,29.657463
4.515828,4.480555,48.872524,4401.492079,-0.540714,46.057590,5.864700,2.187284,29.657463
4.558900,4.526245,48.812012,4398.572278,-0.557927,46.112177,5.909512,2.203997,29.657463
4.601901,4.571945,48.749672,4395.632722,-0.574484,46.167231,5.956208,2.221412,29.657463
4.644829,4.617665,48.685590,4392.672275,-0.590354,46.222780,6.004755,2.239518,29.657463
4.687674,4.663395,48.619850,4389.689837,-0.605495,46.278825,6.055118,2.258301,29.657463
4.730447,4.709145,48.552530,4386.684307,-0.619897,46.335386,6.107258,2.277747,29.657463
4.773147,4.754905,48.483715,4383.654587,-0.633528,46.392481,6.161130,2.297840,29.657463
4.815765,4.800676,48.413501,4380.599624,-0.646347,46.450120,6.216689,2.318561,29.657463
4.858300,4.846466,48.341972,4377.518358,-0.658333,46.508323,6.273882,2.339891,29.657463
4.900763,4.892276,48.269234,4374.409765,-0.669454,46.567109,6.332652,2.361810,29.657463
4.943143,4.938087,48.195372,4371.272832,-0.679701,46.626489,6.392940,2.384295,29.657463
4.985441,4.983917,48.120492,4368.106593,-0.689021,46.686470,6.454677,2.407320,29.657463
5.027666,5.029768,48.044698,4364.910101,-0.697414,46.747074,6.517794,2.430860,29.657463
5.069808,5.075628,47.968103,4361.682439,-0.704849,46.808300,6.582213,2.454886,29.657463
5.111857,5.121509,47.890804,4358.422727,-0.711305,46.870178,6.647853,2.479366,29.657463
5.153834,5.167400,47.812905,4355.130123,-0.716762,46.932716,6.714624,2.504269,29.657463
5.195718,5.213301,47.734530,4351.803844,-0.721198,46.995915,6.782435,2.529560,29.657463
5.237519,5.259222,47.655794,4348.443124,-0.724593,47.059785,6.851185,2.555201,29.657463
5.279238,5.305153,47.576800,4345.047266,-0.726946,47.124345,6.920769,2.581153,29.657463
5.320864,5.351104,47.497673,4341.615629,-0.728237,47.189595,6.991077,2.607374,29.657463
5.362406,5.397065,47.418526,4338.147610,-0.728446,47.255544,7.061991,2.633822,29.657463
5.403856,5.443046,47.339475,4334.642674,-0.727571,47.322194,7.133388,2.660450,29.657463
5.445213,5.489037,47.260653,4331.100353,-0.725603,47.389563,7.205142,2.687211,29.657463
5.486487,5.535049,47.182164,4327.520255,-0.722531,47.457642,7.277117,2.714055,29.657463
5.527668,5.581070,47.104132,4323.902025,-0.718355,47.526430,7.349175,2.740930,29.657463
5.568756,5.627111,47.026671,4320.245415,-0.713086,47.595947,7.421172,2.767782,29.657463
5.609751,5.673163,46.949905,4316.550235,-0.706713,47.666183,7.492960,2.794555,29.657463
5.650643,5.719225,46.873958,4312.816368,-0.699236,47.737129,7.564386,2.821194,29.657463
5.691452,5.765316,46.798944,4309.043797,-0.690666,47.808794,7.635293,2.847640,29.657463
5.732157,5.811408,46.724978,4305.232569,-0.681013,47.881169,7.705522,2.873832,29.657463
5.772770,5.857520,46.652174,4301.382846,-0.670297,47.954253,7.774909,2.899710,29.657463
5.813279,5.903642,46.580645,4297.494839,-0.658520,48.028038,7.843290,2.925214,29.657463
5.853695,5.949784,46.510506,4293.568872,-0.645701,48.102522,7.910498,2.950279,29.657463
5.894008,5.995936,46.441863,4289.605358,-0.631872,48.177676,7.976367,2.974845,29.657463
5.934217,6.042108,46.374819,4285.604812,-0.617044,48.253511,8.040727,2.998849,29.657463
5.974323,6.088290,46.309489,4281.567808,-0.601236,48.330007,8.103413,3.022228,29.657463
6.014336,6.134492,46.245959,4277.495044,-0.584502,48.407145,8.164259,3.044921,29.657463
6.054236,6.180695,46.184333,4273.387305,-0.566841,48.484914,8.223102,3.066867,29.657463
6.094042,6.226927,46.124697,4269.245450,-0.548315,48.563296,8.279783,3.088007,29.657463
6.133735,6.273159,46.067137,4265.070445,-0.528957,48.642270,8.334145,3.108282,29.657463
6.173324,6.319412,46.011758,4260.863333,-0.508786,48.721818,8.386038,3.127636,29.657463
6.212799,6.365675,45.958616,4256.625260,-0.487866,48.801930,8.435317,3.146014,29.657463
6.252182,6.411957,45.907797,4252.357442,-0.466237,48.882567,8.481843,3.163367,29.657463
6.291440,6.458250,45.859359,4248.061169,-0.443942,48.963719,8.525485,3.179643,29.657463
6.330606,6.504553,45.813387,4243.737818,-0.421033,49.045357,8.566122,3.194799,29.657463
6.369657,6.550866,45.769910,4239.388851,-0.397551,49.127442,8.603640,3.208792,29.657463
6.408595,6.597198,45.729004,4235.015770,-0.373569,49.209964,8.637936,3.221583,29.657463
6.447420,6.643541,45.690707,4230.620153,-0.349129,49.292895,8.668916,3.233137,29.657463
6.486141,6.689894,45.655057,4226.203654,-0.324293,49.376195,8.696500,3.243425,29.657463
6.524779,6.736227,45.623225,4221.765718,-0.277703,49.382484,8.719149,3.251872,0.000000
6.563376,6.782530,45.596364,4217.306861,-0.230823,49.388802,8.735335,3.257908,0.000000
6.601921,6.828783,45.574482,4212.830383,-0.183775,49.395139,8.745015,3.261519,0.000000
6.640425,6.875005,45.557590,4208.339629,-0.136696,49.401505,8.748183,3.262700,0.000000
6.678877,6.921177,45.545669,4203.837985,-0.089711,49.407901,8.744862,3.261462,0.000000
6.717288,6.967309,45.538699,4199.328815,-0.042955,49.414316,8.735110,3.257824,0.000000
6.755658,7.013401,45.536623,4194.815515,0.003468,49.420770,8.719012,3.251821,0.000000
6.793965,7.059452,45.539404,4190.301422,0.049411,49.427234,8.696687,3.243495,0.000000
6.832242,7.105454,45.546964,4185.789843,0.094751,49.433737,8.668283,3.232901,0.000000
6.870466,7.151425,45.559238,4181.284049,0.139383,49.440259,8.633972,3.220104,0.000000
6.908639,7.197346,45.576120,4176.787214,0.183192,49.446810,8.593955,3.205180,0.000000
6.946771,7.243226,45.597516,4172.302446,0.226043,49.453381,8.548454,3.188210,0.000000
6.984851,7.289067,45.623301,4167.832756,0.267852,49.459990,8.497714,3.169286,0.000000
7.022880,7.334867,45.653371,4163.381032,0.308506,49.466610,8.441998,3.148506,0.000000
7.060877,7.380617,45.687574,4158.950085,0.347910,49.473268,8.381586,3.125975,0.000000
7.098812,7.426337,45.725776,4154.542545,0.385971,49.479945,8.316772,3.101802,0.000000
7.136717,7.472017,45.767815,4150.160945,0.422595,49.486652,8.247862,3.076102,0.000000
7.174559,7.517647,45.813540,4145.807676,0.457709,49.493388,8.175168,3.048990,0.000000
7.212370,7.563246,45.862778,4141.484966,0.491240,49.500144,8.099014,3.020588,0.000000
7.250130,7.608795,45.915348,4137.194898,0.523115,49.506928,8.019722,2.991015,0.000000
7.287848,7.654314,45.971080,4132.939404,0.553272,49.513742,7.937619,2.960394,0.000000
7.325515,7.699793,46.029783,4128.720264,0.581659,49.520585,7.853033,2.928847,0.000000
7.363140,7.745231,46.091266,4124.539101,0.608223,49.527457,7.766286,2.896494,0.000000
7.400724,7.790630,46.155329,4120.397380,0.632924,49.534348,7.677697,2.863455,0.000000
7.438256,7.835988,46.221783,4116.296400,0.655719,49.541269,7.587581,2.829845,0.000000
7.475747,7.881306,46.290417,4112.237329,0.676587,49.548218,7.496242,2.795780,0.000000
7.513197,7.926594,46.361031,4108.221169,0.695498,49.555197,7.403978,2.761369,0.000000
7.550605,7.971852,46.433417,4104.248791,0.712440,49.562205,7.311076,2.726720,0.000000
7.587972,8.017059,46.507374,4100.320903,0.727394,49.569243,7.217809,2.691936,0.000000
7.625297,8.062237,46.582692,4096.438088,0.740359,49.576309,7.124443,2.657114,0.000000
7.662581,8.107384,46.659163,4092.600795,0.751324,49.583405,7.031229,2.622349,0.000000
7.699814,8.152491,46.736585,4088.809358,0.760300,49.590520,6.938403,2.587729,0.000000
7.737015,8.197568,46.814760,4085.063970,0.767298,49.597674,6.846192,2.553338,0.000000
7.774176,8.242614,46.893469,4081.364717,0.772317,49.604857,6.754806,2.519255,0.000000
7.811294,8.287621,46.972529,4077.711578,0.775389,49.612069,6.664442,2.485553,0.000000
7.848382,8.332597,47.051723,4074.104430,0.776524,49.619310,6.575286,2.452302,0.000000
7.885418,8.377543,47.130869,4070.543043,0.775743,49.626581,6.487507,2.419564,0.000000
7.922423,8.422460,47.209768,4067.027121,0.773088,49.633890,6.401264,2.387399,0.000000
7.959387,8.467345,47.288238,4063.556244,0.768589,49.641219,6.316701,2.355861,0.000000
7.996309,8.512201,47.366099,4060.129932,0.762268,49.648587,6.233952,2.324999,0.000000
8.033201,8.557027,47.443150,4056.747651,0.754167,49.655984,6.153136,2.294858,0.000000
8.070051,8.601822,47.519230,4053.408770,0.744316,49.663419,6.074365,2.265480,0.000000
8.106870,8.646588,47.594158,4050.112600,0.732778,49.670874,5.997737,2.236901,0.000000
8.143647,8.691323,47.667782,4046.858404,0.719584,49.678369,5.923340,2.209154,0.000000
8.180394,8.736038,47.739920,4043.645381,0.704776,49.685892,5.851254,2.182269,0.000000
8.217099,8.780723,47.810430,4040.472688,0.688406,49.693454,5.781549,2.156272,0.000000
8.253774,8.825378,47.879149,4037.339436,0.670527,49.701045,5.714288,2.131186,0.000000
8.290407,8.870013,47.945936,4034.244688,0.651179,49.708666,5.649523,2.107032,0.000000
8.327008,8.914617,48.010638,4031.187469,0.630414,49.716325,5.587304,2.083827,0.000000
8.363579,8.959202,48.073140,4028.166775,0.608286,49.724013,5.527670,2.061586,0.000000
8.400119,9.003756,48.133290,4025.181573,0.584856,49.731731,5.470655,2.040322,0.000000
8.436618,9.048290,48.190973,4022.230802,0.560166,49.739488,5.416291,2.020046,0.000000
8.473085,9.092804,48.246067,4019.313353,0.534268,49.747273,5.364600,2.000768,0.000000
8.509522,9.137289,48.298466,4016.428117,0.507235,49.755098,5.315603,1.982494,0.000000
8.545928,9.181752,48.348047,4013.573964,0.479108,49.762961,5.269318,1.965231,0.000000
8.582302,9.226196,48.394714,4010.749711,0.449940,49.770854,5.225756,1.948985,0.000000
8.618635,9.270610,48.438381,4007.954209,0.419794,49.778776,5.184928,1.933757,0.000000
8.654948,9.315003,48.478935,4005.186235,0.388731,49.786736,5.146841,1.919553,0.000000
8.691219,9.359377,48.516309,4002.444593,0.356793,49.794726,5.111502,1.906373,0.000000
8.727469,9.403730,48.550416,3999.728040,0.324043,49.802755,5.078913,1.894219,0.000000
8.763679,9.448064,48.581182,3997.035343,0.290543,49.810822,5.049077,1.883091,0.000000
8.799867,9.492377,48.608548,3994.365250,0.256356,49.818919,5.021996,1.872991,0.000000
8.836014,9.536670,48.632438,3991.716478,0.221523,49.827055,4.997669,1.863918,0.000000
8.872141,9.580943,48.652806,3989.087748,0.186097,49.835219,4.976096,1.855872,0.000000
8.908226,9.625196,48.669593,3986.477758,0.150161,49.843423,4.957277,1.848853,0.000000
8.944290,9.669429,48.682771,3983.885208,0.113756,49.851656,4.941209,1.842861,0.000000
8.980324,9.713641,48.692274,3981.308770,0.076934,49.859928,4.927893,1.837894,0.000000
9.016326,9.757834,48.698092,3978.747113,0.039758,49.868238,4.917326,1.833954,0.000000
9.052297,9.802006,48.700187,3976.198881,0.002291,49.876578,4.909509,1.831038,0.000000
9.088238,9.846159,48.698539,3973.662715,-0.035416,49.884956,4.904440,1.829148,0.000000
9.124147,9.890301,48.693141,3971.137249,-0.073310,49.893364,4.902120,1.828282,0.000000
9.160026,9.934413,48.683961,3968.621086,-0.111319,49.901811,4.902549,1.828442,0.000000
9.195883,9.978516,48.671012,3966.112830,-0.149400,49.910296,4.905727,1.829628,0.000000
9.231700,10.022598,48.654291,3963.611066,-0.187493,49.918811,4.911656,1.831839,0.000000
9.267495,10.066660,48.633809,3961.114371,-0.225522,49.927365,4.920337,1.835076,0.000000
9.303260,10.110712,48.609567,3958.621289,-0.263458,49.935947,4.931771,1.839341,0.000000
9.338994,10.154733,48.581591,3956.130368,-0.301227,49.944569,4.945962,1.844633,0.000000
9.374707,10.198745,48.549902,3953.640146,-0.338767,49.953220,4.962911,1.850955,0.000000
9.410378,10.242737,48.514538,3951.149120,-0.376037,49.961909,4.982622,1.858306,0.000000
9.446029,10.286718,48.475517,3948.655799,-0.412963,49.970638,5.005096,1.866688,0.000000
9.481649,10.330670,48.432897,3946.158654,-0.449482,49.979395,5.030336,1.876101,0.000000
9.517228,10.374611,48.386716,3943.656173,-0.485554,49.988192,5.058343,1.886547,0.000000
9.552796,10.418532,48.337030,3941.146799,-0.521116,49.997018,5.089120,1.898025,0.000000
9.588323,10.462434,48.283898,3938.628972,-0.556105,50.005873,5.122666,1.910536,0.000000
9.623819,10.506315,48.227385,3936.101125,-0.590458,50.014766,5.158980,1.924080,0.000000
9.659284,10.550186,48.167549,3933.561660,-0.624125,50.023699,5.198062,1.938656,0.000000
9.694728,10.594027,48.104486,3931.009001,-0.657041,50.032661,5.239906,1.954262,0.000000
9.730141,10.637858,48.038251,3928.441512,-0.689146,50.041652,5.284507,1.970896,0.000000
9.765513,10.681668,47.968951,3925.857596,-0.720396,50.050682,5.331858,1.988556,0.000000
9.800865,10.725459,47.896670,3923.255619,-0.750720,50.059741,5.381946,2.007237,0.000000
9.836185,10.769230,47.821513,3920.633935,-0.780054,50.068838,5.434758,2.026934,0.000000
9.871474,10.812990,47.743567,3917.990920,-0.808358,50.077965,5.490276,2.047639,0.000000
9.906722,10.856721,47.662964,3915.324928,-0.835558,50.087122,5.548477,2.069346,0.000000
9.941949,10.900441,47.579799,3912.634306,-0.861612,50.096317,5.609336,2.092044,0.000000
9.977145,10.944131,47.494207,3909.917429,-0.886458,50.105541,5.672821,2.115721,0.000000
10.012310,10.987811,47.406300,3907.172641,-0.910023,50.114794,5.738894,2.140363,0.000000
10.047434,11.031461,47.316213,3904.398318,-0.932277,50.124077,5.807511,2.165955,0.000000
10.082537,11.075101,47.224079,3901.592843,-0.953156,50.133398,5.878623,2.192476,0.000000
10.117599,11.118711,47.130050,3898.754630,-0.972608,50.142749,5.952172,2.219907,0.000000
10.152640,11.162311,47.034269,3895.882072,-0.990571,50.152129,6.028093,2.248222,0.000000
10.187640,11.205880,46.936870,3892.973620,-1.007013,50.161538,6.106311,2.277394,0.000000
10.222598,11.249430,46.838022,3890.027754,-1.021873,50.170976,6.186745,2.307393,0.000000
10.257536,11.292959,46.737890,3887.042964,-1.035098,50.180443,6.269302,2.338183,0.000000
10.292432,11.336458,46.636624,3884.017804,-1.046657,50.189939,6.353881,2.369727,0.000000
10.327298,11.379938,46.534397,3880.950852,-1.056498,50.199465,6.440368,2.401983,0.000000
10.362132,11.423397,46.431379,3877.840758,-1.064589,50.209020,6.528640,2.434905,0.000000
10.396925,11.466836,46.327752,3874.686212,-1.070879,50.218603,6.618562,2.468442,0.000000
10.431677,11.510245,46.223678,3871.485982,-1.075336,50.228216,6.709988,2.502540,0.000000
10.466408,11.553623,46.119355,3868.238901,-1.077939,50.237849,6.802761,2.537140,0.000000
10.501087,11.596982,46.014957,3864.943878,-1.078647,50.247520,6.896709,2.572179,0.000000
10.535736,11.640320,45.910682,3861.599900,-1.077439,50.257211,6.991649,2.607588,0.000000
10.570353,11.683619,45.806693,3858.206079,-1.074305,50.266931,7.087389,2.643295,0.000000
10.604929,11.726897,45.703209,3854.761571,-1.069212,50.276670,7.183720,2.679222,0.000000
10.639463,11.770155,45.600392,3851.265700,-1.062152,50.286439,7.280424,2.715288,0.000000
10.673967,11.813373,45.498450,3847.717852,-1.053124,50.296237,7.377271,2.751408,0.000000
10.708419,11.856571,45.397565,3844.117560,-1.042106,50.306054,7.474020,2.787492,0.000000
10.742850,11.899728,45.297699,3840.465004,-1.033953,50.279237,7.570682,2.823542,-14.317396
10.777281,11.942826,45.198795,3836.760310,-1.023894,50.251933,7.667271,2.859566,-14.317396
10.811692,11.985873,45.101052,3833.003123,-1.011929,50.224144,7.763542,2.895471,-14.317396
10.846092,12.028870,45.004652,3829.193253,-0.998058,50.195868,7.859241,2.931163,-14.317396
10.880482,12.071806,44.909757,3825.330612,-0.982313,50.167107,7.954104,2.966543,-14.317396
10.914851,12.114692,44.816556,3821.415259,-0.964704,50.137870,8.047861,3.001510,-14.317396
10.949221,12.157518,44.725222,3817.447423,-0.945252,50.108146,8.140236,3.035962,-14.317396
10.983569,12.200284,44.635935,3813.427448,-0.923988,50.077956,8.230948,3.069793,-14.317396
11.017918,12.243000,44.548848,3809.355870,-0.900953,50.047289,8.319712,3.102899,-14.317396
11.052246,12.285645,44.464141,3805.233348,-0.876180,50.016176,8.406242,3.135171,-14.317396
11.086563,12.328240,44.381957,3801.060715,-0.849709,49.984605,8.490253,3.166503,-14.317396
11.120860,12.370774,44.302468,3796.838964,-0.821614,49.952607,8.571460,3.196790,-14.317396
11.155157,12.413239,44.225807,3792.569252,-0.791946,49.920172,8.649583,3.225926,-14.317396
11.189433,12.455643,44.152126,3788.252881,-0.760769,49.887338,8.724347,3.253810,-14.317396
11.223699,12.497986,44.081550,3783.891322,-0.728154,49.854105,8.795485,3.280342,-14.317396
11.257944,12.540270,44.014201,3779.486182,-0.694175,49.820494,8.862741,3.305425,-14.317396
11.292179,12.582483,43.950214,3775.039239,-0.658926,49.786522,8.925867,3.328969,-14.317396
11.326404,12.624636,43.889683,3770.552395,-0.622479,49.752211,8.984632,3.350886,-14.317396
11.360618,12.666718,43.832723,3766.027708,-0.584950,49.717579,9.038819,3.371095,-14.317396
11.394811,12.708740,43.779410,3761.467346,-0.546420,49.682645,9.088229,3.389523,-14.317396
11.428994,12.750682,43.729829,3756.873615,-0.506985,49.647440,9.132681,3.406101,-14.317396
11.463157,12.792564,43.684057,3752.248924,-0.466768,49.611981,9.172015,3.420771,-14.317396
11.497309,12.834385,43.642142,3747.595788,-0.425875,49.576299,9.206093,3.433481,-14.317396
11.531451,12.876126,43.604149,3742.916816,-0.384409,49.540413,9.234802,3.444188,-14.317396
11.565572,12.917806,43.570108,3738.214686,-0.342495,49.504343,9.258049,3.452859,-14.317396
11.599673,12.959416,43.540047,3733.492162,-0.300248,49.468136,9.275770,3.459468,-14.317396
11.633763,13.000946,43.513986,3728.752044,-0.257783,49.431793,9.287923,3.464000,-14.317396
11.667843,13.042416,43.491924,3723.997193,-0.215213,49.395362,9.294495,3.466451,-14.317396
11.701902,13.083815,43.473851,3719.230466,-0.172674,49.358864,9.295496,3.466825,-14.317396
11.735940,13.125144,43.459749,3714.454780,-0.130282,49.322327,9.290964,3.465134,-14.317396
11.769968,13.166402,43.449608,3709.673022,-0.088149,49.285770,9.280961,3.461404,-14.317396
11.803976,13.207590,43.443362,3704.888071,-0.046392,49.249233,9.265572,3.455664,-14.317396
11.837973,13.248708,43.440981,3700.102804,-0.005134,49.212744,9.244910,3.447958,-14.317396
11.871949,13.289756,43.442391,3695.320032,0.035510,49.176314,9.219106,3.438334,-14.317396
11.905905,13.330733,43.447523,3690.542549,0.075424,49.139971,9.188314,3.426850,-14.317396
11.939850,13.371629,43.456302,3685.773049,0.114516,49.103754,9.152710,3.413571,-14.317396
11.973775,13.412466,43.468624,3681.014210,0.152670,49.067683,9.112484,3.398569,-14.317396
12.007679,13.453232,43.484401,3676.268576,0.189794,49.031778,9.067846,3.381921,-14.317396
12.041573,13.493928,43.503531,3671.538641,0.225772,48.996057,9.019019,3.363711,-14.317396
12.075436,13.534553,43.525869,3666.826787,0.260542,48.960550,8.966241,3.344027,-14.317396
12.109299,13.575118,43.551321,3662.135271,0.294000,48.925276,8.909759,3.322961,-14.317396
12.143130,13.615603,43.579744,3657.466281,0.326063,48.890246,8.849829,3.300610,-14.317396
12.176952,13.656028,43.610986,3652.821865,0.356658,48.855497,8.786716,3.277072,-14.317396
12.210752,13.696382,43.644931,3648.203934,0.385721,48.821020,8.720690,3.252446,-14.317396
12.244532,13.736666,43.681400,3643.614305,0.413181,48.786845,8.652023,3.226837,-14.317396
12.278302,13.776889,43.720259,3639.054641,0.438986,48.752990,8.580990,3.200344,-14.317396
12.312051,13.817042,43.761337,3634.526511,0.463082,48.719466,8.507867,3.173072,-14.317396
12.345780,13.857135,43.804481,3630.031302,0.485419,48.686273,8.432926,3.145123,-14.317396
12.379487,13.897158,43.849519,3625.570313,0.505954,48.653439,8.356439,3.116596,-14.317396
12.413185,13.937120,43.896272,3621.144702,0.524667,48.620955,8.278673,3.087593,-14.317396
12.446861,13.977012,43.944586,3616.755481,0.541515,48.588840,8.199888,3.058210,-14.317396
12.480517,14.016844,43.994291,3612.403560,0.556479,48.557094,8.120340,3.028542,-14.317396
12.514153,14.056615,44.045185,3608.089694,0.569538,48.525728,8.040277,2.998681,-14.317396
12.547778,14.096326,44.097128,3603.814542,0.580691,48.494741,7.959937,2.968718,-14.317396
12.581382,14.135977,44.149917,3599.578640,0.589917,48.464143,7.879551,2.938737,-14.317396
12.614966,14.175557,44.203392,3595.382380,0.597227,48.433923,7.799340,2.908822,-14.317396
12.648529,14.215087,44.257381,3591.226087,0.602611,48.404083,7.719517,2.879051,-14.317396
12.682081,14.254557,44.311704,3587.109933,0.606099,48.374632,7.640281,2.849500,-14.317396
12.715613,14.293977,44.366188,3583.034024,0.607672,48.345569,7.561825,2.820239,-14.317396
12.749124,14.333326,44.420663,3578.998339,0.607380,48.316876,7.484327,2.791336,-14.317396
12.782625,14.372625,44.474976,3575.002775,0.605214,48.288561,7.407959,2.762854,-14.317396
12.816106,14.411864,44.528956,3571.047140,0.601215,48.260617,7.332880,2.734852,-14.317396
12.849565,14.451052,44.582431,3567.131136,0.595415,48.233031,7.259238,2.707387,-14.317396
12.883004,14.490181,44.635249,3563.254421,0.587834,48.205806,7.187174,2.680510,-14.317396
12.916433,14.529259,44.687258,3559.416535,0.578504,48.178940,7.116816,2.654270,-14.317396
12.949841,14.568286,44.738305,3555.616982,0.567476,48.152404,7.048284,2.628710,-14.317396
12.983238,14.607264,44.788248,3551.855167,0.554782,48.126209,6.981689,2.603873,-14.317396
13.016605,14.646181,44.836924,3548.130441,0.540474,48.100344,6.917133,2.579796,-14.317396
13.049971,14.685048,44.884219,3544.442107,0.524583,48.074781,6.854708,2.556514,-14.317396
13.083307,14.723865,44.929991,3540.789389,0.507162,48.049538,6.794500,2.534059,-14.317396
13.116632,14.762641,44.974097,3537.171465,0.488262,48.024577,6.736586,2.512460,-14.317396
13.149937,14.801358,45.016422,3533.587484,0.467945,47.999908,6.681038,2.491743,-14.317396
13.183231,14.840024,45.056852,3530.036520,0.446244,47.975511,6.627919,2.471932,-14.317396
13.216505,14.878650,45.095263,3526.517615,0.423220,47.951367,6.577287,2.453048,-14.317396
13.249757,14.917225,45.131551,3523.029775,0.398936,47.927475,6.529194,2.435112,-14.317396
13.283000,14.955750,45.165611,3519.571939,0.373454,47.903817,6.483686,2.418139,-14.317396
13.316232,14.994226,45.197338,3516.143055,0.346807,47.880382,6.440804,2.402146,-14.317396
13.349433,15.032660,45.226637,3512.742005,0.319086,47.857151,6.400585,2.387146,-14.317396
13.382635,15.071045,45.253432,3509.367651,0.290324,47.834124,6.363062,2.373151,-14.317396
13.415805,15.109390,45.277627,3506.018816,0.260605,47.811273,6.328263,2.360173,-14.317396
13.448965,15.147684,45.299156,3502.694306,0.229969,47.788587,6.296215,2.348220,-14.317396
13.482114,15.185938,45.317943,3499.392886,0.198499,47.766056,6.266939,2.337302,-14.317396
13.515243,15.224142,45.333921,3496.113315,0.166249,47.743661,6.240453,2.327424,-14.317396
13.548362,15.262305,45.347023,3492.854320,0.133281,47.721393,6.216775,2.318593,-14.317396
13.581459,15.300429,45.357211,3489.614591,0.099656,47.699241,6.195920,2.310814,-14.317396
13.614537,15.338502,45.364429,3486.392809,0.065448,47.677176,6.177898,2.304093,-14.317396
13.647603,15.376535,45.368628,3483.187645,0.030719,47.655200,6.162720,2.298432,-14.317396
13.680660,15.414528,45.369771,3479.997723,-0.004457,47.633281,6.150394,2.293835,-14.317396
13.713696,15.452470,45.367838,3476.821673,-0.040039,47.611411,6.140927,2.290304,-14.317396
13.746711,15.490383,45.362791,3473.658102,-0.075934,47.589580,6.134324,2.287842,-14.317396
13.779716,15.528245,45.354621,3470.505584,-0.112089,47.567769,6.130588,2.286449,-14.317396
13.812710,15.566067,45.343309,3467.362684,-0.148442,47.545957,6.129723,2.286126,-14.317396
13.845684,15.603838,45.328845,3464.227969,-0.184920,47.524136,6.131729,2.286874,-14.317396
13.878647,15.641580,45.311230,3461.099957,-0.221450,47.502295,6.136606,2.288693,-14.317396
13.911600,15.679271,45.290472,3457.977175,-0.257970,47.480406,6.144351,2.291582,-14.317396
13.944522,15.716922,45.266572,3454.858122,-0.294417,47.458458,6.154963,2.295540,-14.317396
13.977445,15.754533,45.239539,3451.741306,-0.330728,47.436433,6.168437,2.300565,-14.317396
14.010346,15.792104,45.209412,3448.625198,-0.366821,47.414330,6.184768,2.306655,-14.317396
14.043237,15.829625,45.176209,3445.508258,-0.402643,47.392110,6.203947,2.313808,-14.317396
14.076108,15.867115,45.139959,3442.388946,-0.438121,47.369773,6.225966,2.322020,-14.317396
14.108957,15.904555,45.100700,3439.265715,-0.473193,47.347301,6.250813,2.331287,-14.317396
14.141807,15.941955,45.058480,3436.136995,-0.507787,47.324673,6.278476,2.341605,-14.317396
14.174636,15.979315,45.013355,3433.001219,-0.541838,47.301870,6.308939,2.352966,-14.317396
14.207445,16.016634,44.965365,3429.856799,-0.575276,47.278892,6.342185,2.365365,-14.317396
14.240243,16.053904,44.914575,3426.702158,-0.608046,47.255710,6.378193,2.378795,-14.317396
14.273030,16.091133,44.861052,3423.535699,-0.640078,47.232314,6.416938,2.393245,-14.317396
14.305797,16.128322,44.804873,3420.355854,-0.671297,47.208685,6.458395,2.408706,-14.317396
14.338554,16.165460,44.746113,3417.161007,-0.701652,47.184803,6.502532,2.425168,-14.317396
14.371300,16.202559,44.684849,3413.949590,-0.731080,47.160668,6.549315,2.442616,-14.317396
14.404026,16.239617,44.621167,3410.720015,-0.759509,47.136242,6.598705,2.461036,-14.317396
14.436731,16.276625,44.555170,3407.470697,-0.786885,47.111534,6.650658,2.480413,-14.317396
14.469436,16.313593,44.486946,3404.200075,-0.813138,47.086514,6.705126,2.500727,-14.317396
14.502110,16.350521,44.416598,3400.906591,-0.838213,47.061165,6.762055,2.521959,-14.317396
14.534784,16.387398,44.344240,3397.588707,-0.862060,47.035485,6.821385,2.544087,-14.317396
14.567438,16.424225,44.269979,3394.244911,-0.884604,47.009445,6.883051,2.567085,-14.317396
14.600070,16.461002,44.193937,3390.873693,-0.905796,46.983046,6.946979,2.590928,-14.317396
14.632693,16.497739,44.116229,3387.473589,-0.925591,46.956267,7.013090,2.615584,-14.317396
14.665305,16.534435,44.036987,3384.043157,-0.943929,46.929090,7.081297,2.641023,-14.317396
14.697896,16.571072,43.956336,3380.580990,-0.960757,46.901505,7.151506,2.667208,-14.317396
14.730477,16.607668,43.874400,3377.085721,-0.976034,46.873502,7.223616,2.694101,-14.317396
14.763037,16.644203,43.791341,3373.556040,-0.989706,46.845071,7.297514,2.721662,-14.317396
14.795587,16.680699,43.707271,3369.990656,-1.001734,46.816193,7.373083,2.749846,-14.317396
14.828127,16.717144,43.622355,3366.388356,-1.012074,46.786858,7.450194,2.778605,-14.317396
14.860636,16.753539,43.536724,3362.747991,-1.020697,46.757066,7.528710,2.807889,-14.317396
14.893144,16.789874,43.450541,3359.068453,-1.027559,46.726808,7.608486,2.837642,-14.317396
14.925632,16.826169,43.363949,3355.348719,-1.032630,46.696054,7.689368,2.867807,-14.317396
14.958100,16.862403,43.277109,3351.587841,-1.035900,46.664824,7.771190,2.898323,-14.317396
14.990557,16.898587,43.190164,3347.784960,-1.037316,46.633088,7.853781,2.929126,-14.317396
15.022993,16.934711,43.103277,3343.939282,-1.036889,46.600857,7.936958,2.960148,-14.317396
15.055419,16.970785,43.016608,3340.050127,-1.034588,46.568120,8.020532,2.991317,-14.317396
15.087824,17.006798,42.930302,3336.116904,-1.030402,46.534868,8.104304,3.022561,-14.317396
15.120219,17.042761,42.844538,3332.139124,-1.024331,46.501101,8.188068,3.053801,-14.317396
15.152593,17.078664,42.759459,3328.116395,-1.016365,46.466829,8.271611,3.084959,-14.317396
15.184947,17.114506,42.675219,3324.048469,-1.006524,46.432031,8.354712,3.115952,-14.317396
15.217290,17.150288,42.591988,3319.935174,-0.994809,46.396719,8.437145,3.146696,-14.317396
15.249613,17.186020,42.509899,3315.776501,-0.981240,46.360891,8.518681,3.177106,-14.317396
15.281915,17.221682,42.429125,3311.572534,-0.965829,46.324558,8.599084,3.207093,-14.317396
15.314206,17.257283,42.349798,3307.323504,-0.948615,46.287719,8.678117,3.236568,-14.317396
15.346477,17.292834,42.272080,3303.029755,-0.929621,46.250385,8.755539,3.265444,-14.317396
15.378727,17.328315,42.196104,3298.691775,-0.908899,46.212555,8.831113,3.293629,-14.317396
15.410967,17.363725,42.122005,3294.310194,-0.886468,46.174239,8.904597,3.321036,-14.317396
15.443186,17.399075,42.049914,3289.885749,-0.862403,46.135456,8.975755,3.347575,-14.317396
15.475385,17.434365,41.979976,3285.419349,-0.836755,46.096207,9.044353,3.373159,-14.317396
15.507563,17.469594,41.912303,3280.911996,-0.809576,46.056511,9.110164,3.397704,-14.317396
15.539730,17.504743,41.847021,3276.364849,-0.780939,46.016377,9.172965,3.421126,-14.317396
15.571867,17.539842,41.784224,3271.779197,-0.750928,45.975825,9.232543,3.443346,-14.317396
15.603993,17.574861,41.724036,3267.156447,-0.719605,45.934875,9.288693,3.464288,-14.317396
15.636099,17.609819,41.666533,3262.498118,-0.687053,45.893546,9.341223,3.483879,-14.317396
15.668183,17.644707,41.611820,3257.805875,-0.653376,45.851838,9.389952,3.502053,-14.317396
15.700248,17.679524,41.559983,3253.081458,-0.618658,45.809799,9.434713,3.518747,-14.317396
15.732291,17.714271,41.511069,3248.326740,-0.583002,45.767430,9.475356,3.533905,-14.317396
15.764314,17.748948,41.465173,3243.543672,-0.546493,45.724759,9.511743,3.547476,-14.317396
15.796316,17.783555,41.422334,3238.734320,-0.509255,45.681816,9.543759,3.559416,-14.317396
15.828297,17.818091,41.382599,3233.900796,-0.471392,45.638611,9.571304,3.569689,-14.317396
15.860269,17.852557,41.346016,3229.045310,-0.432998,45.595182,9.594296,3.578264,-14.317396
15.892209,17.886952,41.312594,3224.170127,-0.394208,45.551559,9.612676,3.585119,-14.317396
15.924128,17.921277,41.282371,3219.277571,-0.355116,45.507751,9.626404,3.590239,-14.317396
15.956027,17.955522,41.255357,3214.369984,-0.315858,45.463788,9.635458,3.593616,-14.317396
15.987895,17.989696,41.231534,3209.449776,-0.276537,45.419698,9.639841,3.595251,-14.317396
16.019752,18.023801,41.210909,3204.519346,-0.237279,45.375521,9.639572,3.595150,-14.317396
16.051589,18.057834,41.193455,3199.581124,-0.198187,45.331257,9.634694,3.593331,-14.317396
16.083395,18.091798,41.179144,3194.637548,-0.159376,45.286963,9.625267,3.589815,-14.317396
16.115190,18.125681,41.167946,3189.691008,-0.120982,45.242640,9.611372,3.584633,-14.317396
16.146955,18.159493,41.159805,3184.743922,-0.083088,45.198326,9.593108,3.577821,-14.317396
16.178698,18.193236,41.154673,3179.798634,-0.045829,45.154042,9.570591,3.569423,-14.317396
16.210411,18.226908,41.152483,3174.857487,-0.009299,45.109807,9.543955,3.559489,-14.317396
16.242113,18.260499,41.153168,3169.922745,0.026398,45.065669,9.513349,3.548074,-14.317396
16.273785,18.294021,41.156644,3164.996638,0.061158,45.021618,9.478935,3.535239,-14.317396
16.305435,18.327471,41.162833,3160.081315,0.094876,44.977703,9.440889,3.521050,-14.317396
16.337065,18.360852,41.171631,3155.178873,0.127480,44.933934,9.399399,3.505576,-14.317396
16.368675,18.394162,41.182934,3150.291288,0.158856,44.890340,9.354662,3.488891,-14.317396
16.400253,18.427392,41.196655,3145.420513,0.188950,44.846921,9.306886,3.471073,-14.317396
16.431811,18.460562,41.212661,3140.568354,0.217660,44.803726,9.256284,3.452200,-14.317396
16.463348,18.493651,41.230838,3135.736561,0.244922,44.760744,9.203076,3.432356,-14.317396
16.494854,18.526670,41.251073,3130.926760,0.270664,44.718005,9.147487,3.411623,-14.317396
16.526350,18.559628,41.273230,3126.140489,0.294833,44.675519,9.089743,3.390087,-14.317396
16.557814,18.592507,41.297178,3121.379183,0.317368,44.633306,9.030074,3.367833,-14.317396
16.589248,18.625324,41.322792,3116.644162,0.338215,44.591374,8.968710,3.344947,-14.317396
16.620671,18.658062,41.349920,3111.936649,0.357334,44.549734,8.905879,3.321514,-14.317396
16.652063,18.690739,41.378419,3107.257735,0.374693,44.508395,8.841810,3.297619,-14.317396
16.683435,18.723356,41.408165,3102.608432,0.390241,44.467367,8.776727,3.273346,-14.317396
16.714776,18.755893,41.438997,3097.989621,0.403955,44.426660,8.710851,3.248777,-14.317396
16.746106,18.788369,41.470781,3093.402096,0.415816,44.386273,8.644398,3.223993,-14.317396
16.777405,18.820775,41.503356,3088.846534,0.425813,44.346217,8.577579,3.199072,-14.317396
16.808684,18.853120,41.536587,3084.323501,0.433935,44.306492,8.510600,3.174092,-14.317396
16.839931,18.885396,41.570324,3079.833464,0.440162,44.267107,8.443657,3.149125,-14.317396
16.871169,18.917611,41.604422,3075.376806,0.444505,44.228052,8.376944,3.124244,-14.317396
16.902375,18.949765,41.638729,3070.953786,0.446973,44.189337,8.310645,3.099517,-14.317396
16.933560,18.981850,41.673103,3066.564595,0.447566,44.150953,8.244934,3.075010,-14.317396
16.964715,19.013874,41.707411,3062.209308,0.446296,44.112900,8.179982,3.050785,-14.317396
16.995859,19.045837,41.741490,3057.887926,0.443182,44.075176,8.115948,3.026903,-14.317396
17.026972,19.077741,41.775216,3053.600354,0.438246,44.037774,8.052985,3.003421,-14.317396
17.058065,19.109584,41.808457,3049.346429,0.431519,44.000702,7.991236,2.980391,-14.317396
17.089137,19.141367,41.841070,3045.125892,0.423043,43.963932,7.930838,2.957865,-14.317396
17.120188,19.173080,41.872921,3040.938429,0.412817,43.927472,7.871918,2.935890,-14.317396
17.151208,19.204742,41.903886,3036.783627,0.400914,43.891304,7.814596,2.914512,-14.317396
17.182218,19.236344,41.933842,3032.661029,0.387356,43.855437,7.758984,2.893771,-14.317396
17.213197,19.267896,41.962665,3028.570098,0.372194,43.819843,7.705188,2.873707,-14.317396
17.244155,19.299377,41.990240,3024.510243,0.355460,43.784521,7.653304,2.854357,-14.317396
17.275092,19.330808,42.016464,3020.480802,0.337226,43.749461,7.603422,2.835753,-14.317396
17.306009,19.362179,42.041211,3016.481059,0.317524,43.714644,7.555626,2.817927,-14.317396
17.336905,19.393500,42.064388,3012.510259,0.296416,43.680060,7.509993,2.800908,-14.317396
17.367781,19.424760,42.085888,3008.567579,0.273965,43.645710,7.466593,2.784722,-14.317396
17.398635,19.455971,42.105627,3004.652150,0.250212,43.611564,7.425492,2.769393,-14.317396
17.429459,19.487120,42.123509,3000.763062,0.225231,43.577622,7.386748,2.754943,-14.317396
17.460273,19.518210,42.139449,2996.899360,0.199083,43.543864,7.350415,2.741392,-14.317396
17.491055,19.549259,42.153360,2993.060050,0.171831,43.510272,7.316541,2.728759,-14.317396
17.521827,19.580248,42.165177,2989.244098,0.143538,43.476836,7.285171,2.717059,-14.317396
17.552568,19.611187,42.174823,2985.450434,0.114266,43.443545,7.256344,2.706308,-14.317396
17.583299,19.642066,42.182231,2981.677949,0.084088,43.410371,7.230095,2.696518,-14.317396
17.613999,19.672894,42.187354,2977.925495,0.053066,43.377313,7.206454,2.687701,-14.317396
17.644688,19.703672,42.190134,2974.191915,0.021285,43.344343,7.185449,2.679867,-14.317396
17.675347,19.734400,42.190505,2970.475996,-0.011205,43.311451,7.167103,2.673025,-14.317396
17.705995,19.765078,42.188449,2966.776532,-0.044319,43.278626,7.151437,2.667182,-14.317396
17.736612,19.795705,42.183916,2963.092242,-0.077986,43.245841,7.138466,2.662344,-14.317396
17.767218,19.826272,42.176870,2959.421873,-0.112131,43.213095,7.128206,2.658517,-14.317396
17.797794,19.856789,42.167291,2955.764107,-0.146693,43.180348,7.120665,2.655705,-14.317396
17.828359,19.887265,42.155150,2952.117623,-0.181588,43.147601,7.115852,2.653910,-14.317396
17.858904,19.917682,42.140439,2948.481073,-0.216744,43.114826,7.113771,2.653134,-14.317396
17.889428,19.948048,42.123147,2944.853110,-0.252087,43.082011,7.114424,2.653377,-14.317396
17.919921,19.978364,42.103266,2941.232346,-0.287544,43.049138,7.117810,2.654640,-14.317396
17.950404,20.008629,42.080803,2937.617377,-0.323043,43.016197,7.123926,2.656922,-14.317396
17.980866,20.038845,42.055751,2934.006796,-0.358501,42.983159,7.132765,2.660218,-14.317396
18.011307,20.069010,42.028138,2930.399189,-0.393844,42.950005,7.144318,2.664527,-14.317396
18.041738,20.099125,41.997972,2926.793103,-0.428999,42.916723,7.158573,2.669843,-14.317396
18.072138,20.129189,41.965274,2923.187111,-0.463894,42.883306,7.175514,2.676161,-14.317396
18.102517,20.159204,41.930081,2919.579734,-0.498456,42.849714,7.195122,2.683475,-14.317396
18.132886,20.189158,41.892422,2915.969526,-0.532612,42.815947,7.217378,2.691775,-14.317396
18.163224,20.219072,41.852325,2912.355016,-0.566278,42.781976,7.242256,2.701053,-14.317396
18.193552,20.248935,41.809857,2908.734730,-0.599393,42.747791,7.269727,2.711299,-14.317396
18.223859,20.278739,41.765047,2905.107207,-0.631872,42.713372,7.299760,2.722500,-14.317396
18.254135,20.308492,41.717951,2901.470954,-0.663664,42.678701,7.332320,2.734643,-14.317396
18.284400,20.338205,41.668647,2897.824527,-0.694675,42.643768,7.367366,2.747714,-14.317396
18.314645,20.367858,41.617181,2894.166445,-0.724843,42.608543,7.404854,2.761696,-14.317396
18.344869,20.397450,41.563630,2890.495254,-0.754104,42.573016,7.444737,2.776570,-14.317396
18.375083,20.427002,41.508060,2886.809520,-0.782387,42.537169,7.486961,2.792318,-14.317396
18.405256,20.456514,41.450795,2883.107102,-0.803224,42.549727,7.531206,2.808820,0.000000
18.435377,20.485996,41.392140,2879.386057,-0.822905,42.562295,7.577144,2.825952,0.000000
18.465467,20.515448,41.332180,2875.645259,-0.841379,42.574883,7.624695,2.843687,0.000000
18.495495,20.544879,41.271021,2871.883607,-0.858623,42.587480,7.673774,2.861991,0.000000
18.525491,20.574281,41.208748,2868.100049,-0.874566,42.600096,7.724294,2.880833,0.000000
18.555437,20.603662,41.145455,2864.293544,-0.889186,42.612722,7.776160,2.900177,0.000000
18.585330,20.633013,41.081249,2860.463107,-0.902422,42.625358,7.829272,2.919985,0.000000
18.615182,20.662334,41.016233,2856.607809,-0.914251,42.638014,7.883525,2.940220,0.000000
18.644993,20.691625,40.950513,2852.726744,-0.924633,42.650679,7.938810,2.960838,0.000000
18.674752,20.720896,40.884202,2848.819059,-0.933537,42.663354,7.995011,2.981799,0.000000
18.704460,20.750127,40.817387,2844.883990,-0.940930,42.676048,8.052007,3.003056,0.000000
18.734126,20.779337,40.750200,2840.920773,-0.946803,42.688752,8.109672,3.024563,0.000000
18.763740,20.808518,40.682747,2836.928756,-0.951125,42.701465,8.167876,3.046270,0.000000
18.793313,20.837668,40.615132,2832.907337,-0.953874,42.714189,8.226484,3.068128,0.000000
18.822834,20.866788,40.547479,2828.855953,-0.955040,42.726922,8.285355,3.090085,0.000000
18.852304,20.895878,40.479892,2824.774153,-0.954624,42.739665,8.344347,3.112087,0.000000
18.881722,20.924948,40.412496,2820.661537,-0.952604,42.752417,8.403312,3.134078,0.000000
18.911099,20.953977,40.345395,2816.517789,-0.948990,42.765180,8.462099,3.156003,0.000000
18.940424,20.982977,40.278703,2812.342669,-0.943784,42.777952,8.520555,3.177805,0.000000
18.969697,21.011946,40.212526,2808.136006,-0.936994,42.790733,8.578523,3.199424,0.000000
18.998919,21.040885,40.146987,2803.897743,-0.928632,42.803525,8.635847,3.220803,0.000000
19.028099,21.069784,40.082190,2799.627878,-0.918719,42.816316,8.692366,3.241883,0.000000
19.057217,21.098663,40.018241,2795.326519,-0.907264,42.829118,8.747923,3.262603,0.000000
19.086294,21.127502,39.955234,2790.993835,-0.894310,42.841928,8.802358,3.282905,0.000000
19.115309,21.156311,39.893294,2786.630125,-0.879887,42.854749,8.855513,3.302730,0.000000
19.144282,21.185079,39.832496,2782.235732,-0.864017,42.867570,8.907231,3.322018,0.000000
19.173194,21.213827,39.772956,2777.811115,-0.846762,42.880400,8.957359,3.340714,0.000000
19.202064,21.242525,39.714748,2773.356819,-0.828154,42.893240,9.005746,3.358760,0.000000
19.230872,21.271203,39.657979,2768.873475,-0.808243,42.906080,9.052245,3.376102,0.000000
19.259639,21.299841,39.602723,2764.361791,-0.787083,42.918920,9.096714,3.392688,0.000000
19.288344,21.328439,39.549057,2759.822589,-0.764747,42.931770,9.139019,3.408465,0.000000
19.316997,21.357006,39.497068,2755.256740,-0.741285,42.944620,9.179028,3.423387,0.000000
19.345598,21.385544,39.446811,2750.665208,-0.716772,42.957479,9.216621,3.437408,0.000000
19.374138,21.414041,39.398363,2746.049045,-0.691270,42.970339,9.251684,3.450485,0.000000
19.402636,21.442498,39.351782,2741.409362,-0.664862,42.983208,9.284110,3.462578,0.000000
19.431072,21.470924,39.307115,2736.747343,-0.637631,42.996077,9.313805,3.473653,0.000000
19.459456,21.499311,39.264419,2732.064250,-0.609640,43.008946,9.340682,3.483677,0.000000
19.487778,21.527657,39.223731,2727.361384,-0.580993,43.021816,9.364667,3.492622,0.000000
19.516049,21.555973,39.185091,2722.640131,-0.551762,43.034685,9.385695,3.500465,0.000000
19.544268,21.584239,39.148518,2717.901898,-0.522053,43.047564,9.403714,3.507185,0.000000
19.572435,21.612485,39.114048,2713.148155,-0.491937,43.060443,9.418684,3.512768,0.000000
19.600540,21.640681,39.081693,2708.380405,-0.461520,43.073322,9.430575,3.517203,0.000000
19.628594,21.668836,39.051461,2703.600186,-0.430884,43.086201,9.439371,3.520484,0.000000
19.656585,21.696962,39.023362,2698.809068,-0.400133,43.099089,9.445069,3.522609,0.000000
19.684525,21.725047,38.997386,2694.008627,-0.369362,43.111968,9.447676,3.523581,0.000000
19.712413,21.753092,38.973533,2689.200470,-0.338653,43.124857,9.447214,3.523409,0.000000
19.740240,21.781096,38.951776,2684.386194,-0.308110,43.137736,9.443714,3.522104,0.000000
19.768014,21.809071,38.932104,2679.567424,-0.277839,43.150624,9.437221,3.519682,0.000000
19.795727,21.836995,38.914488,2674.745766,-0.247900,43.163513,9.427791,3.516165,0.000000
19.823387,21.864890,38.898891,2669.922798,-0.218410,43.176402,9.415490,3.511577,0.000000
19.850996,21.892734,38.885275,2665.100127,-0.189450,43.189290,9.400395,3.505948,0.000000
19.878543,21.920547,38.873591,2660.279282,-0.161115,43.202179,9.382594,3.499309,0.000000
19.906029,21.948321,38.863793,2655.461812,-0.133478,43.215068,9.362183,3.491696,0.000000
19.933472,21.976054,38.855823,2650.649209,-0.106622,43.227956,9.339267,3.483149,0.000000
19.960844,22.003748,38.849625,2645.842935,-0.080631,43.240855,9.313959,3.473711,0.000000
19.988174,22.031401,38.845121,2641.044407,-0.055576,43.253743,9.286380,3.463425,0.000000
20.015442,22.059014,38.842255,2636.254990,-0.031532,43.266642,9.256655,3.452339,0.000000
20.042658,22.086596,38.840931,2631.476015,-0.008560,43.279530,9.224919,3.440502,0.000000
20.069812,22.114129,38.841093,2626.708733,0.013256,43.292429,9.191307,3.427966,0.000000
20.096915,22.141631,38.842645,2621.954359,0.033875,43.305327,9.155962,3.414784,0.000000
20.123955,22.169083,38.845511,2617.214041,0.053233,43.318226,9.119028,3.401010,0.000000
20.150955,22.196505,38.849596,2612.488868,0.071269,43.331124,9.080653,3.386697,0.000000
20.177892,22.223887,38.854805,2607.779845,0.087962,43.344032,9.040987,3.371904,0.000000
20.204767,22.251228,38.861051,2603.087936,0.103238,43.356930,9.000179,3.356684,0.000000
20.231601,22.278540,38.868230,2598.414013,0.117077,43.369838,8.958382,3.341095,0.000000
20.258373,22.305801,38.876248,2593.758907,0.129448,43.382747,8.915745,3.325194,0.000000
20.285093,22.333032,38.885008,2589.123344,0.140310,43.395664,8.872418,3.309035,0.000000
20.311761,22.360223,38.894406,2584.508004,0.149650,43.408572,8.828551,3.292674,0.000000
20.338368,22.387373,38.904338,2579.913480,0.157440,43.421490,8.784290,3.276166,0.000000
20.364922,22.414494,38.914707,2575.340306,0.163667,43.434408,8.739778,3.259566,0.000000
20.391436,22.441574,38.925410,2570.788942,0.168322,43.447336,8.695158,3.242924,0.000000
20.417887,22.468614,38.936341,2566.259770,0.171404,43.460263,8.650568,3.226294,0.000000
20.444287,22.495614,38.947405,2561.753106,0.172903,43.473191,8.606141,3.209725,0.000000
20.470635,22.522584,38.958489,2557.269217,0.172820,43.486128,8.562009,3.193265,0.000000
20.496931,22.549513,38.969506,2552.808257,0.171175,43.499065,8.518298,3.176963,0.000000
20.523176,22.576413,38.980342,2548.370368,0.167967,43.512002,8.475130,3.160863,0.000000
20.549359,22.603272,38.990901,2543.955581,0.163219,43.524949,8.432622,3.145009,0.000000
20.575500,22.630091,39.001099,2539.563884,0.156940,43.537906,8.390886,3.129444,0.000000
20.601589,22.656880,39.010831,2535.195211,0.149171,43.550863,8.350031,3.114207,0.000000
20.627627,22.683628,39.020000,2530.849419,0.139914,43.563829,8.310160,3.099336,0.000000
20.653624,22.710347,39.028532,2526.526316,0.129219,43.576796,8.271369,3.084869,0.000000
20.679558,22.737025,39.036321,2522.225654,0.117109,43.589762,8.233752,3.070839,0.000000
20.705441,22.763674,39.043291,2517.947127,0.103623,43.602748,8.197397,3.057280,0.000000
20.731283,22.790282,39.049356,2513.690372,0.088795,43.615734,8.162385,3.044223,0.000000
20.757073,22.816859,39.054441,2509.454977,0.072675,43.628720,8.128796,3.031695,0.000000
20.782811,22.843397,39.058469,2505.240492,0.055305,43.641715,8.096701,3.019725,0.000000
20.808497,22.869915,39.061354,2501.046412,0.036738,43.654720,8.066169,3.008338,0.000000
20.834143,22.896382,39.063049,2496.872182,0.017015,43.667736,8.037263,2.997557,0.000000
20.859726,22.922829,39.063458,2492.717209,-0.003811,43.680751,8.010041,2.987405,0.000000
20.885278,22.949236,39.062544,2488.580851,-0.025690,43.693775,7.984558,2.977900,0.000000
20.910768,22.975603,39.060240,2484.462441,-0.048547,43.706810,7.960862,2.969063,0.000000
20.936217,23.001950,39.056488,2480.361270,-0.072352,43.719844,7.939000,2.960909,0.000000
20.961614,23.028256,39.051242,2476.276574,-0.097021,43.732898,7.919012,2.953454,0.000000
20.986969,23.054533,39.044443,2472.207577,-0.122503,43.745952,7.900934,2.946712,0.000000
21.012273,23.080769,39.036064,2468.153458,-0.148734,43.759006,7.884799,2.940695,0.000000
21.037526,23.106975,39.026056,2464.113385,-0.175642,43.772079,7.870636,2.935412,0.000000
21.062737,23.133161,39.014382,2460.086469,-0.203175,43.785153,7.858469,2.930875,0.000000
21.087896,23.159297,39.001014,2456.071810,-0.231270,43.798236,7.848320,2.927089,0.000000
21.113014,23.185412,38.985931,2452.068491,-0.259845,43.811328,7.840205,2.924063,0.000000
21.138080,23.211488,38.969106,2448.075547,-0.288835,43.824431,7.834137,2.921800,0.000000
21.163105,23.237543,38.950519,2444.092011,-0.318170,43.837543,7.830128,2.920305,0.000000
21.188078,23.263558,38.930161,2440.116889,-0.347796,43.850655,7.828182,2.919579,0.000000
21.213010,23.289533,38.908023,2436.149177,-0.377630,43.863777,7.828303,2.919624,0.000000
21.237891,23.315488,38.884094,2432.187824,-0.407600,43.876909,7.830489,2.920439,0.000000
21.262719,23.341403,38.858385,2428.231815,-0.437632,43.890050,7.834737,2.922024,0.000000
21.287517,23.367298,38.830885,2424.280071,-0.467674,43.903201,7.841038,2.924374,0.000000
21.312252,23.393152,38.801615,2420.331530,-0.497644,43.916352,7.849381,2.927485,0.000000
21.336957,23.418966,38.770583,2416.385112,-0.527468,43.929513,7.859751,2.931353,0.000000
21.361609,23.444760,38.737799,2412.439736,-0.557094,43.942684,7.872131,2.935970,0.000000
21.386211,23.470524,38.703292,2408.494312,-0.586428,43.955864,7.886497,2.941328,0.000000
21.410770,23.496248,38.667080,2404.547741,-0.615409,43.969044,7.902824,2.947417,0.000000
21.435278,23.521941,38.629202,2400.598932,-0.643983,43.982244,7.921084,2.954227,0.000000
21.459745,23.547605,38.589686,2396.646777,-0.672068,43.995444,7.941243,2.961746,0.000000
21.484171,23.573238,38.548570,2392.690185,-0.699590,44.008643,7.963265,2.969959,0.000000
21.508544,23.598831,38.505883,2388.728067,-0.726509,44.021862,7.987110,2.978852,0.000000
21.532866,23.624394,38.461682,2384.759342,-0.752740,44.035082,8.012733,2.988408,0.000000
21.557157,23.649927,38.416015,2380.782938,-0.778222,44.048301,8.040086,2.998610,0.000000
21.581386,23.675430,38.368929,2376.797787,-0.802901,44.061539,8.069118,3.009438,0.000000
21.605574,23.700892,38.320482,2372.802834,-0.826717,44.074778,8.099773,3.020871,0.000000
21.629720,23.726335,38.270730,2368.797058,-0.849605,44.088016,8.131991,3.032887,0.000000
21.653815,23.751737,38.219730,2364.779435,-0.871515,44.101265,8.165708,3.045462,0.000000
21.677868,23.777099,38.167560,2360.748972,-0.892383,44.114523,8.200856,3.058570,0.000000
21.701870,23.802441,38.114266,2356.704701,-0.912169,44.127781,8.237362,3.072186,0.000000
21.725820,23.827743,38.059943,2352.645687,-0.930808,44.141049,8.275152,3.086280,0.000000
21.749729,23.853004,38.004640,2348.571011,-0.948272,44.154316,8.314144,3.100822,0.000000
21.773596,23.878236,37.948451,2344.479784,-0.964506,44.167584,8.354255,3.115782,0.000000
21.797411,23.903437,37.891443,2340.371164,-0.979470,44.180861,8.395396,3.131126,0.000000
21.821175,23.928608,37.833702,2336.244340,-0.993122,44.194149,8.437475,3.146819,0.000000
21.844887,23.953739,37.775295,2332.098545,-1.005431,44.207426,8.480397,3.162827,0.000000
21.868558,23.978830,37.716325,2327.933045,-1.016365,44.220713,8.524062,3.179112,0.000000
21.892188,24.003890,37.656861,2323.747159,-1.025893,44.234000,8.568366,3.195636,0.000000
21.915765,24.028921,37.596987,2319.540257,-1.033984,44.247297,8.613203,3.212359,0.000000
21.939292,24.053911,37.536799,2315.311756,-1.040628,44.260594,8.658465,3.229239,0.000000
21.962766,24.078861,37.476373,2311.061119,-1.045793,44.273881,8.704037,3.246236,0.000000
21.986189,24.103781,37.415814,2306.787870,-1.049479,44.287178,8.749806,3.263306,0.000000
22.009570,24.128660,37.355187,2302.491597,-1.051676,44.300475,8.795654,3.280405,0.000000
22.032900,24.153510,37.294599,2298.171937,-1.052364,44.313782,8.841461,3.297489,0.000000
22.056188,24.178309,37.234116,2293.828592,-1.051551,44.327079,8.887106,3.314512,0.000000
22.079415,24.203088,37.173852,2289.461325,-1.049250,44.340376,8.932466,3.331430,0.000000
22.102600,24.227817,37.113864,2285.069972,-1.045449,44.353672,8.977419,3.348195,0.000000
22.125733,24.252516,37.054266,2280.654429,-1.040170,44.366969,9.021841,3.364763,0.000000
22.148815,24.277175,36.995116,2276.214657,-1.033432,44.380266,9.065607,3.381086,0.000000
22.171845,24.301793,36.936509,2271.750695,-1.025258,44.393563,9.108596,3.397119,0.000000
22.194823,24.326372,36.878520,2267.262637,-1.015657,44.406850,9.150685,3.412816,0.000000
22.217760,24.350910,36.821227,2262.750647,-1.004681,44.420137,9.191754,3.428133,0.000000
22.240635,24.375417,36.764714,2258.214983,-0.992351,44.433425,9.231684,3.443025,0.000000
22.263468,24.399875,36.709049,2253.655941,-0.978700,44.446712,9.270360,3.457450,0.000000
22.286240,24.424303,36.654298,2249.073894,-0.963788,44.459989,9.307670,3.471365,0.000000
22.308960,24.448680,36.600537,2244.469301,-0.947657,44.473267,9.343505,3.484730,0.000000
22.331638,24.473027,36.547814,2239.842660,-0.930350,44.486544,9.377761,3.497506,0.000000
22.354255,24.497324,36.496215,2235.194562,-0.911929,44.499812,9.410338,3.509656,0.000000
22.376820,24.521591,36.445777,2230.525630,-0.892456,44.513080,9.441144,3.521145,0.000000
22.399343,24.545807,36.396558,2225.836580,-0.871994,44.526338,9.470090,3.531941,0.000000
22.421805,24.569984,36.348606,2221.128159,-0.850605,44.539596,9.497095,3.542013,0.000000
22.444214,24.594120,36.301968,2216.401198,-0.828362,44.552844,9.522084,3.551332,0.000000
22.466572,24.618216,36.256691,2211.656558,-0.805348,44.566092,9.544990,3.559875,0.000000
22.488869,24.642261,36.212795,2206.895167,-0.781616,44.579331,9.565752,3.567619,0.000000
22.511123,24.666277,36.170327,2202.117989,-0.757259,44.592560,9.584320,3.574544,0.000000
22.533316,24.690242,36.129307,2197.326029,-0.732361,44.605789,9.600650,3.580634,0.000000
22.555467,24.714167,36.089753,2192.520339,-0.707005,44.619008,9.614707,3.585877,0.000000
22.577557,24.738042,36.051693,2187.702008,-0.681263,44.632217,9.626464,3.590262,0.000000
22.599584,24.761877,36.015129,2182.872156,-0.655219,44.645427,9.635905,3.593783,0.000000
22.621570,24.785671,35.980079,2178.031921,-0.628977,44.658616,9.643019,3.596436,0.000000
22.643494,24.809425,35.946533,2173.182467,-0.602621,44.671816,9.647809,3.598222,0.000000
22.665377,24.833129,35.914502,2168.324983,-0.576234,44.684996,9.650283,3.599145,0.000000
22.687187,24.856793,35.883965,2163.460662,-0.549898,44.698177,9.650459,3.599211,0.000000
22.708956,24.880407,35.854923,2158.590718,-0.523698,44.711347,9.648363,3.598429,0.000000
22.730673,24.903990,35.827357,2153.716348,-0.497738,44.724508,9.644031,3.596813,0.000000
22.752328,24.927514,35.801238,2148.838774,-0.472100,44.737659,9.637505,3.594379,0.000000
22.773932,24.950997,35.776548,2143.959203,-0.446858,44.750810,9.628837,3.591147,0.000000
22.795473,24.974439,35.753257,2139.078818,-0.422095,44.763942,9.618085,3.587136,0.000000
22.816973,24.997842,35.731328,2134.198826,-0.397905,44.777074,9.605314,3.582374,0.000000
22.838411,25.021194,35.710723,2129.320373,-0.374360,44.790205,9.590598,3.576885,0.000000
22.859798,25.044496,35.691393,2124.444616,-0.351534,44.803317,9.574015,3.570701,0.000000
22.881133,25.067758,35.673311,2119.572674,-0.329500,44.816430,9.555650,3.563851,0.000000
22.902405,25.090980,35.656410,2114.705647,-0.308340,44.829532,9.535592,3.556370,0.000000
22.923626,25.114151,35.640642,2109.844596,-0.288106,44.842625,9.513935,3.548293,0.000000
22.944806,25.137283,35.625949,2104.990534,-0.268873,44.855708,9.490780,3.539657,0.000000
22.965913,25.160364,35.612285,2100.144466,-0.250712,44.868791,9.466228,3.530500,0.000000
22.986980,25.183405,35.599564,2095.307328,-0.233655,44.881855,9.440385,3.520862,0.000000
23.007994,25.206395,35.587747,2090.480048,-0.217775,44.894918,9.413361,3.510783,0.000000
23.028946,25.229346,35.576749,2085.663468,-0.203113,44.907982,9.385265,3.500305,0.000000
23.049847,25.252256,35.566513,2080.858418,-0.189721,44.921026,9.356210,3.489468,0.000000
23.070696,25.275116,35.556953,2076.065655,-0.177631,44.934070,9.326310,3.478317,0.000000
23.091493,25.297936,35.548022,2071.285896,-0.166884,44.947114,9.295679,3.466893,0.000000
23.112239,25.320715,35.539623,2066.519809,-0.157512,44.960139,9.264431,3.455239,0.000000
23.132922,25.343445,35.531692,2061.768017,-0.149546,44.973164,9.232680,3.443397,0.000000
23.153564,25.366124,35.524160,2057.031074,-0.143007,44.986189,9.200540,3.431410,0.000000
23.174145,25.388773,35.516942,2052.309487,-0.137915,44.999194,9.168123,3.419320,0.000000
23.194683,25.411371,35.509963,2047.603714,-0.134280,45.012209,9.135540,3.407168,0.000000
23.215160,25.433920,35.503145,2042.914139,-0.132125,45.025204,9.102900,3.394995,0.000000
23.235585,25.456438,35.496422,2038.241133,-0.131437,45.038200,9.070311,3.382840,0.000000
23.255969,25.478906,35.489710,2033.584966,-0.132239,45.051196,9.037876,3.370743,0.000000
23.276291,25.501324,35.482930,2028.945894,-0.134509,45.064181,9.005698,3.358742,0.000000
23.296571,25.523712,35.476017,2024.324091,-0.138258,45.077158,8.973876,3.346874,0.000000
23.316790,25.546049,35.468895,2019.719689,-0.143465,45.090134,8.942505,3.335174,0.000000
23.336967,25.568347,35.461487,2015.132775,-0.150109,45.103110,8.911679,3.323677,0.000000
23.357082,25.590604,35.453717,2010.563378,-0.158179,45.116076,8.881487,3.312417,0.000000
23.377156,25.612810,35.445537,2006.011469,-0.167665,45.129043,8.852013,3.301425,0.000000
23.397178,25.634987,35.436853,2001.476991,-0.178516,45.141999,8.823342,3.290731,0.000000
23.417148,25.657114,35.427627,1996.959818,-0.190721,45.154956,8.795549,3.280366,0.000000
23.437067,25.679200,35.417762,1992.459790,-0.204237,45.167903,8.768710,3.270356,0.000000
23.456944,25.701246,35.407221,1987.976704,-0.219035,45.180860,8.742896,3.260728,0.000000
23.476769,25.723242,35.395947,1983.510294,-0.235071,45.193797,8.718172,3.251507,0.000000
23.496533,25.745207,35.383864,1979.060272,-0.252305,45.206744,8.694601,3.242716,0.000000
23.516266,25.767123,35.370924,1974.626294,-0.270695,45.219681,8.672242,3.234377,0.000000
23.535936,25.789008,35.357079,1970.207988,-0.290179,45.232618,8.651148,3.226510,0.000000
23.555565,25.810843,35.342282,1965.804932,-0.310724,45.245556,8.631371,3.219134,0.000000
23.575143,25.832638,35.326475,1961.416668,-0.332269,45.258493,8.612958,3.212267,0.000000
23.594669,25.854393,35.309631,1957.042727,-0.354762,45.271421,8.595950,3.205924,0.000000
23.614153,25.876107,35.291701,1952.682564,-0.378140,45.284348,8.580386,3.200119,0.000000
23.633586,25.897781,35.272648,1948.335624,-0.402351,45.297276,8.566301,3.194866,0.000000
23.652967,25.919426,35.252433,1944.001335,-0.427333,45.310193,8.553727,3.190176,0.000000
23.672297,25.941009,35.231037,1939.679064,-0.453023,45.323121,8.542689,3.186060,0.000000
23.691595,25.962563,35.208422,1935.368181,-0.479348,45.336039,8.533211,3.182525,0.000000
23.710832,25.984077,35.184580,1931.068006,-0.506256,45.348957,8.525313,3.179579,0.000000
23.730027,26.005550,35.159470,1926.777853,-0.533674,45.361865,8.519011,3.177229,0.000000
23.749170,26.026983,35.133085,1922.496993,-0.561530,45.374782,8.514316,3.175478,0.000000
23.768272,26.048376,35.105405,1918.224690,-0.589771,45.387700,8.511237,3.174329,0.000000
23.787323,26.069729,35.076430,1913.960190,-0.618314,45.400608,8.509779,3.173786,0.000000
23.806332,26.091051,35.046150,1909.702717,-0.647097,45.413516,8.509943,3.173847,0.000000
23.825289,26.112324,35.014556,1905.451479,-0.676046,45.426425,8.511727,3.174512,0.000000
23.844195,26.133556,34.981648,1901.205671,-0.705089,45.439333,8.515124,3.175779,0.000000
23.863059,26.154748,34.947436,1896.964462,-0.734163,45.452231,8.520126,3.177644,0.000000
23.881882,26.175899,34.911919,1892.727040,-0.763195,45.465129,8.526719,3.180103,0.000000
23.900653,26.197011,34.875108,1888.492563,-0.792103,45.478038,8.534887,3.183150,0.000000
23.919373,26.218092,34.837020,1884.260180,-0.820843,45.490936,8.544610,3.186776,0.000000
23.938051,26.239124,34.797666,1880.029049,-0.849324,45.503825,8.555865,3.190974,0.000000
23.956678,26.260115,34.757074,1875.798310,-0.877482,45.516723,8.568625,3.195733,0.000000
23.975263,26.281065,34.715263,1871.567113,-0.905254,45.529612,8.582859,3.201041,0.000000
23.993807,26.301986,34.672252,1867.334605,-0.932568,45.542500,8.598535,3.206888,0.000000
24.012299,26.322856,34.628071,1863.099936,-0.959362,45.555389,8.615615,3.213258,0.000000
24.030739,26.343697,34.582765,1858.862256,-0.985572,45.568268,8.634058,3.220137,0.000000
24.049139,26.364487,34.536356,1854.620742,-1.011137,45.581156,8.653822,3.227508,0.000000
24.067486,26.385237,34.488879,1850.374542,-1.036004,45.594035,8.674859,3.235353,0.000000
24.085792,26.405956,34.440384,1846.122854,-1.060090,45.606905,8.697119,3.243655,0.000000
24.104057,26.426626,34.390908,1841.864875,-1.083364,45.619774,8.720548,3.252393,0.000000
24.122270,26.447255,34.340490,1837.599801,-1.105753,45.632643,8.745090,3.261546,0.000000
24.140432,26.467854,34.289176,1833.326867,-1.127204,45.645512,8.770684,3.271092,0.000000
24.158552,26.488403,34.237034,1829.045328,-1.147677,45.658372,8.797269,3.281007,0.000000
24.176620,26.508911,34.184092,1824.754448,-1.167129,45.671222,8.824779,3.291267,0.000000
24.194647,26.529380,34.130417,1820.453528,-1.185498,45.684081,8.853144,3.301846,0.000000
24.212622,26.549808,34.076047,1816.141870,-1.202753,45.696921,8.882295,3.312718,0.000000
24.230557,26.570196,34.021058,1811.818834,-1.218852,45.709761,8.912155,3.323855,0.000000
24.248439,26.590544,33.965497,1807.483808,-1.233754,45.722601,8.942650,3.335228,0.000000
24.266269,26.610842,33.909423,1803.136180,-1.247437,45.735432,8.973701,3.346809,0.000000
24.284059,26.631099,33.852901,1798.775405,-1.259871,45.748262,9.005226,3.358566,0.000000
24.301807,26.651327,33.795979,1794.400967,-1.271023,45.761073,9.037143,3.370470,0.000000
24.319493,26.671504,33.738723,1790.012378,-1.280874,45.773893,9.069367,3.382488,0.000000
24.337137,26.691631,33.681201,1785.609207,-1.289403,45.786695,9.101812,3.394589,0.000000
24.354741,26.711727,33.623470,1781.191035,-1.296599,45.799496,9.134390,3.406739,0.000000
24.372292,26.731774,33.565586,1776.757516,-1.302451,45.812287,9.167013,3.418906,0.000000
24.389792,26.751780,33.507617,1772.308326,-1.306949,45.825069,9.199592,3.431056,0.000000
24.407251,26.771746,33.449628,1767.843206,-1.310105,45.837851,9.232036,3.443157,0.000000
24.424657,26.791662,33.391678,1763.361918,-1.311906,45.850623,9.264256,3.455173,0.000000
24.442013,26.811537,33.333822,1758.864309,-1.312354,45.863375,9.296162,3.467073,0.000000
24.459316,26.831373,33.276120,1754.350244,-1.311479,45.876128,9.327664,3.478822,0.000000
24.476578,26.851158,33.218636,1749.819629,-1.309292,45.888871,9.358673,3.490387,0.000000
24.493789,26.870903,33.161428,1745.272462,-1.305794,45.901604,9.389102,3.501736,0.000000
24.510958,26.890598,33.104554,1740.708744,-1.301024,45.914327,9.418865,3.512836,0.000000
24.528065,26.910252,33.048060,1736.128562,-1.295005,45.927041,9.447877,3.523656,0.000000
24.545131,26.929857,32.991995,1731.532029,-1.287768,45.939745,9.476056,3.534166,0.000000
24.562145,26.949421,32.936425,1726.919319,-1.279354,45.952439,9.503322,3.544335,0.000000
24.579117,26.968945,32.881398,1722.290660,-1.269795,45.965124,9.529599,3.554135,0.000000
24.596028,26.988418,32.826942,1717.646310,-1.259131,45.977799,9.554813,3.563539,0.000000
24.612897,27.007842,32.773124,1712.986586,-1.247427,45.990454,9.578893,3.572520,0.000000
24.629715,27.027225,32.719963,1708.311869,-1.234712,46.003100,9.601774,3.581053,0.000000
24.646481,27.046558,32.667526,1703.622551,-1.221060,46.015735,9.623393,3.589116,0.000000
24.663195,27.065841,32.615822,1698.919093,-1.206513,46.028362,9.643693,3.596687,0.000000
24.679858,27.085083,32.564899,1694.201990,-1.191142,46.040978,9.662620,3.603746,0.000000
24.696479,27.104276,32.514785,1689.471778,-1.175012,46.053575,9.680128,3.610276,0.000000
24.713049,27.123418,32.465509,1684.729041,-1.158184,46.066163,9.696172,3.616260,0.000000
24.729556,27.142520,32.417099,1679.974380,-1.140721,46.078740,9.710717,3.621684,0.000000
24.746023,27.161571,32.369566,1675.208447,-1.122706,46.091298,9.723730,3.626538,0.000000
24.762437,27.180573,32.322937,1670.431919,-1.104201,46.103847,9.735185,3.630810,0.000000
24.778800,27.199534,32.277213,1665.645505,-1.085301,46.116386,9.745061,3.634493,0.000000
24.795111,27.218445,32.232422,1660.849940,-1.066057,46.128905,9.753346,3.637583,0.000000
24.811381,27.237306,32.188564,1656.045981,-1.046563,46.141405,9.760030,3.640076,0.000000
24.827589,27.256116,32.145639,1651.234401,-1.026893,46.153905,9.765110,3.641971,0.000000
24.843745,27.274876,32.103657,1646.416004,-1.007128,46.166385,9.768592,3.643269,0.000000
24.859860,27.293597,32.062617,1641.591602,-0.987332,46.178846,9.770483,3.643975,0.000000
24.875912,27.312256,32.022501,1636.762008,-0.967609,46.191297,9.770799,3.644093,0.000000
24.891924,27.330876,31.983309,1631.928073,-0.948032,46.203729,9.769562,3.643631,0.000000
24.907884,27.349445,31.945031,1627.090629,-0.928663,46.216151,9.766798,3.642600,0.000000
24.923781,27.367964,31.907648,1622.250518,-0.909596,46.228564,9.762539,3.641012,0.000000
24.939638,27.386433,31.871141,1617.408580,-0.890905,46.240956,9.756821,3.638879,0.000000
24.955442,27.404862,31.835491,1612.565657,-0.872660,46.253330,9.749687,3.636218,0.000000
24.971195,27.423230,31.800669,1607.722582,-0.854947,46.265694,9.741183,3.633047,0.000000
24.986897,27.441558,31.766657,1602.880185,-0.837817,46.278048,9.731362,3.629384,0.000000
25.002546,27.459826,31.733416,1598.039290,-0.821364,46.290382,9.720277,3.625250,0.000000
25.018144,27.478054,31.700927,1593.200679,-0.805630,46.302707,9.707988,3.620667,0.000000
25.033691,27.496231,31.669133,1588.365148,-0.790707,46.315013,9.694558,3.615658,0.000000
25.049185,27.514359,31.638025,1583.533469,-0.776639,46.327299,9.680053,3.610248,0.000000
25.064628,27.532436,31.607546,1578.706381,-0.763487,46.339585,9.664541,3.604463,0.000000
25.080030,27.550462,31.577656,1573.884618,-0.751313,46.351842,9.648093,3.598328,0.000000
25.095369,27.568439,31.548319,1569.068859,-0.740161,46.364099,9.630784,3.591873,0.000000
25.110667,27.586365,31.519487,1564.259794,-0.730091,46.376336,9.612688,3.585124,0.000000
25.125903,27.604251,31.491121,1559.458072,-0.721136,46.388554,9.593882,3.578110,0.000000
25.141098,27.622077,31.463165,1554.664286,-0.713346,46.400762,9.574445,3.570861,0.000000
25.156241,27.639862,31.435570,1549.879038,-0.706765,46.412961,9.554454,3.563405,0.000000
25.171333,27.657598,31.408299,1545.102864,-0.701413,46.425140,9.533991,3.555773,0.000000
25.186383,27.675283,31.381295,1540.336290,-0.697320,46.437309,9.513133,3.547994,0.000000
25.201371,27.692918,31.354500,1535.579794,-0.694529,46.449459,9.491961,3.540098,0.000000
25.216318,27.710502,31.327868,1530.833825,-0.693051,46.461599,9.470554,3.532114,0.000000
25.231202,27.728037,31.301359,1526.098794,-0.692905,46.473730,9.448991,3.524072,0.000000
25.246046,27.745521,31.274907,1521.375065,-0.694092,46.485841,9.427349,3.516000,0.000000
25.260848,27.762965,31.248464,1516.662991,-0.696643,46.497952,9.405704,3.507928,0.000000
25.275588,27.780358,31.221984,1511.962860,-0.700559,46.510034,9.384133,3.499882,0.000000
25.290287,27.797702,31.195408,1507.274929,-0.705828,46.522116,9.362708,3.491892,0.000000
25.304934,27.814995,31.168699,1502.599438,-0.712461,46.534178,9.341501,3.483983,0.000000
25.319529,27.832238,31.141790,1497.936549,-0.720448,46.546241,9.320583,3.476181,0.000000
25.334083,27.849431,31.114643,1493.286433,-0.729768,46.558274,9.300021,3.468512,0.000000
25.348575,27.866583,31.087211,1488.649188,-0.740421,46.570307,9.279880,3.461000,0.000000
25.363025,27.883685,31.059435,1484.024889,-0.752386,46.582331,9.260223,3.453669,0.000000
25.377435,27.900737,31.031288,1479.413574,-0.765632,46.594335,9.241112,3.446542,0.000000
25.391792,27.917749,31.002704,1474.815244,-0.780148,46.606329,9.222603,3.439639,0.000000
25.406098,27.934701,30.973662,1470.229860,-0.795893,46.618314,9.204752,3.432981,0.000000
25.420352,27.951612,30.944106,1465.657356,-0.812836,46.630289,9.187611,3.426588,0.000000
25.434565,27.968473,30.913997,1461.097635,-0.830955,46.642254,9.171230,3.420479,0.000000
25.448726,27.985294,30.883299,1456.550554,-0.850188,46.654210,9.155654,3.414669,0.000000
25.462846,28.002065,30.851971,1452.015942,-0.870515,46.666156,9.140927,3.409177,0.000000
25.476914,28.018785,30.819997,1447.493597,-0.891894,46.678082,9.127089,3.404016,0.000000
25.490941,28.035456,30.787318,1442.983299,-0.914262,46.690008,9.114178,3.399201,0.000000
25.504916,28.052086,30.753924,1438.484772,-0.937577,46.701915,9.102226,3.394743,0.000000
25.518839,28.068665,30.719779,1433.997728,-0.961788,46.713822,9.091266,3.390656,0.000000
25.532721,28.085195,30.684862,1429.521861,-0.986832,46.725710,9.081325,3.386948,0.000000
25.546562,28.101684,30.649135,1425.056809,-1.012678,46.737597,9.072427,3.383629,0.000000
25.560351,28.118123,30.612600,1420.602226,-1.039243,46.749465,9.064593,3.380708,0.000000
25.574089,28.134522,30.575207,1416.157702,-1.066474,46.761333,9.057842,3.378190,0.000000
25.587785,28.150871,30.536967,1411.722835,-1.094319,46.773192,9.052188,3.376081,0.000000
25.601429,28.167169,30.497851,1407.297176,-1.122716,46.785031,9.047644,3.374386,0.000000
25.615032,28.183417,30.457859,1402.880285,-1.151593,46.796870,9.044218,3.373109,0.000000
25.628593,28.199635,30.416962,1398.471664,-1.180885,46.808689,9.041915,3.372250,0.000000
25.642103,28.215793,30.375161,1394.070846,-1.210532,46.820509,9.040738,3.371811,0.000000
25.655572,28.231911,30.332465,1389.677303,-1.240471,46.832318,9.040686,3.371792,0.000000
25.668989,28.247978,30.288855,1385.290531,-1.270628,46.844109,9.041756,3.372191,0.000000
25.682365,28.264005,30.244330,1380.909983,-1.300941,46.855899,9.043941,3.373005,0.000000
25.695699,28.279982,30.198901,1376.535114,-1.331338,46.867679,9.047231,3.374232,0.000000
25.708981,28.295909,30.152577,1372.165380,-1.361765,46.879450,9.051613,3.375867,0.000000
25.722212,28.311795,30.105348,1367.800207,-1.392152,46.891202,9.057073,3.377903,0.000000
25.735412,28.327631,30.057234,1363.439021,-1.422423,46.902953,9.063590,3.380334,0.000000
25.748560,28.343427,30.008253,1359.081258,-1.452528,46.914695,9.071145,3.383151,0.000000
25.761657,28.359173,29.958406,1354.726325,-1.482383,46.926427,9.079713,3.386347,0.000000
25.774712,28.374878,29.907711,1350.373658,-1.511947,46.938149,9.089268,3.389910,0.000000
25.787726,28.390534,29.856188,1346.022664,-1.541146,46.949862,9.099779,3.393831,0.000000
25.800698,28.406139,29.803855,1341.672761,-1.569918,46.961564,9.111216,3.398096,0.000000
25.813619,28.421704,29.750733,1337.323393,-1.598201,46.973258,9.123543,3.402693,0.000000
25.826488,28.437218,29.696848,1332.973967,-1.625952,46.984941,9.136724,3.407609,0.000000
25.839326,28.452693,29.642230,1328.623930,-1.653100,46.996605,9.150719,3.412829,0.000000
25.852112,28.468117,29.586898,1324.272716,-1.679591,47.008269,9.165486,3.418337,0.000000
25.864847,28.483491,29.530881,1319.919791,-1.705385,47.019923,9.180983,3.424116,0.000000
25.877551,28.498825,29.474206,1315.564619,-1.730429,47.031558,9.197163,3.430150,0.000000
25.890203,28.514108,29.416913,1311.206665,-1.754682,47.043193,9.213977,3.436422,0.000000
25.902803,28.529352,29.359029,1306.845431,-1.778081,47.054808,9.231378,3.442911,0.000000
25.915372,28.544545,29.300593,1302.480420,-1.800605,47.066414,9.249312,3.449600,0.000000
25.927880,28.559688,29.241624,1298.111174,-1.822202,47.078010,9.267728,3.456468,0.000000
25.940356,28.574790,29.182179,1293.737214,-1.842842,47.089596,9.286569,3.463495,0.000000
25.952781,28.589843,29.122276,1289.358129,-1.862492,47.101172,9.305782,3.470661,0.000000
25.965164,28.604845,29.061955,1284.973488,-1.881132,47.112729,9.325308,3.477943,0.000000
25.977495,28.619807,29.001272,1280.582920,-1.898730,47.124276,9.345090,3.485321,0.000000
25.989796,28.634719,28.940236,1276.186050,-1.915256,47.135814,9.365070,3.492773,0.000000
26.002035,28.649580,28.878915,1271.782545,-1.930710,47.147342,9.385186,3.500275,0.000000
26.014242,28.664401,28.817318,1267.372107,-1.945059,47.158850,9.405380,3.507807,0.000000
26.026398,28.679172,28.755511,1262.954432,-1.958305,47.170349,9.425592,3.515345,0.000000
26.038502,28.693893,28.693514,1258.529280,-1.970437,47.181838,9.445761,3.522867,0.000000
26.050565,28.708564,28.631373,1254.096421,-1.981454,47.193308,9.465827,3.530351,0.000000
26.062586,28.723194,28.569119,1249.655673,-1.991357,47.204767,9.485730,3.537774,0.000000
26.074567,28.737774,28.506798,1245.206875,-2.000146,47.216208,9.505411,3.545114,0.000000
26.086495,28.752304,28.444439,1240.749893,-2.007841,47.227638,9.524812,3.552350,0.000000
26.098372,28.766794,28.382090,1236.284630,-2.014443,47.239050,9.543876,3.559460,0.000000
26.110218,28.781223,28.319778,1231.811029,-2.019983,47.250451,9.562545,3.566423,0.000000
26.122001,28.795613,28.257533,1227.329053,-2.024461,47.261843,9.580766,3.573218,0.000000
26.133754,28.809952,28.195393,1222.838720,-2.027929,47.273215,9.598485,3.579826,0.000000
26.145455,28.824240,28.133396,1218.340049,-2.030386,47.284568,9.615650,3.586228,0.000000
26.157104,28.838479,28.071561,1213.833117,-2.031886,47.295911,9.632212,3.592405,0.000000
26.168723,28.852677,28.009925,1209.318039,-2.032459,47.307235,9.648125,3.598340,0.000000
26.180279,28.866815,27.948518,1204.794929,-2.032146,47.318549,9.663343,3.604016,0.000000
26.191804,28.880913,27.887359,1200.263969,-2.030980,47.329844,9.677824,3.609417,0.000000
26.203268,28.894961,27.826485,1195.725360,-2.029022,47.341119,9.691529,3.614528,0.000000
26.214700,28.908958,27.765907,1191.179322,-2.026304,47.352384,9.704422,3.619337,0.000000
26.226081,28.922905,27.705652,1186.626122,-2.022889,47.363630,9.716470,3.623830,0.000000
26.237410,28.936802,27.645740,1182.066047,-2.018838,47.374857,9.727641,3.627996,0.000000
26.248697,28.950648,27.586190,1177.499413,-2.014194,47.386074,9.737910,3.631826,0.000000
26.259933,28.964445,27.527011,1172.926564,-2.009018,47.397261,9.747254,3.635311,0.000000
26.271138,28.978191,27.468214,1168.347864,-2.003384,47.408439,9.755651,3.638443,0.000000
26.282281,28.991887,27.409825,1163.763714,-1.997355,47.419607,9.763087,3.641216,0.000000
26.293382,29.005532,27.351846,1159.174515,-1.990982,47.430747,9.769549,3.643626,0.000000
26.304442,29.019128,27.294286,1154.580717,-1.984338,47.441876,9.775027,3.645669,0.000000
26.315451,29.032683,27.237155,1149.982769,-1.977507,47.452986,9.779517,3.647344,0.000000
26.326418,29.046178,27.180442,1145.381150,-1.970530,47.464076,9.783018,3.648649,0.000000
26.337334,29.059623,27.124158,1140.776337,-1.963501,47.475147,9.785530,3.649586,0.000000
26.348208,29.073017,27.068302,1136.168847,-1.956483,47.486199,9.787060,3.650157,0.000000
26.359030,29.086361,27.012866,1131.559196,-1.949547,47.497241,9.787618,3.650365,0.000000
26.369801,29.099655,26.957848,1126.947910,-1.942758,47.508253,9.787216,3.650215,0.000000
26.380541,29.112899,26.903249,1122.335515,-1.936197,47.519256,9.785871,3.649714,0.000000
26.391229,29.126092,26.849051,1117.722565,-1.929929,47.530240,9.783602,3.648867,0.000000
26.401865,29.139236,26.795252,1113.109606,-1.924024,47.541214,9.780432,3.647685,0.000000
26.412460,29.152329,26.741834,1108.497201,-1.918557,47.552158,9.776387,3.646177,0.000000
26.423003,29.165371,26.688778,1103.885887,-1.913580,47.563084,9.771496,3.644352,0.000000
26.433505,29.178354,26.636064,1099.276226,-1.909164,47.573999,9.765789,3.642224,0.000000
26.443956,29.191296,26.583694,1094.668774,-1.905384,47.584895,9.759302,3.639805,0.000000
26.454365,29.204188,26.531637,1090.064076,-1.902292,47.595772,9.752071,3.637108,0.000000
26.464732,29.217020,26.479876,1085.462677,-1.899959,47.606629,9.744134,3.634148,0.000000
26.475048,29.229811,26.428381,1080.865121,-1.898428,47.617467,9.735533,3.630940,0.000000
26.485312,29.242543,26.377135,1076.271916,-1.897762,47.628295,9.726309,3.627500,0.000000
26.495546,29.255224,26.326116,1071.683606,-1.898012,47.639103,9.716508,3.623844,0.000000
26.505717,29.267865,26.275288,1067.100689,-1.899220,47.649883,9.706174,3.619990,0.000000
26.515857,29.280445,26.224641,1062.523653,-1.901448,47.660662,9.695354,3.615955,0.000000
26.525935,29.292975,26.174137,1057.952984,-1.904739,47.671413,9.684097,3.611756,0.000000
26.535983,29.305455,26.123747,1053.389152,-1.909123,47.682143,9.672452,3.607413,0.000000
26.545978,29.317885,26.073442,1048.832596,-1.914631,47.692864,9.660466,3.602943,0.000000
26.555932,29.330265,26.023195,1044.283765,-1.921317,47.703566,9.648191,3.598365,0.000000
26.565835,29.342594,25.972986,1039.743053,-1.929200,47.714258,9.635676,3.593697,0.000000
26.575696,29.354873,25.922767,1035.210869,-1.938301,47.724921,9.622972,3.588959,0.000000
26.585505,29.367102,25.872511,1030.687577,-1.948652,47.735574,9.610127,3.584169,0.000000
26.595273,29.379281,25.822206,1026.173541,-1.960263,47.746217,9.597191,3.579344,0.000000
26.605000,29.391399,25.771797,1021.669086,-1.973154,47.756831,9.584214,3.574504,0.000000
26.614686,29.403477,25.721264,1017.174527,-1.987327,47.767436,9.571243,3.569667,0.000000
26.624319,29.415505,25.670579,1012.690141,-2.002812,47.778021,9.558327,3.564849,0.000000
26.633912,29.427482,25.619713,1008.216205,-2.019588,47.788596,9.545510,3.560069,0.000000
26.643452,29.439410,25.568638,1003.752950,-2.037665,47.799152,9.532840,3.555344,0.000000
26.652952,29.451287,25.517314,999.300596,-2.057045,47.809698,9.520359,3.550689,0.000000
26.662410,29.463104,25.465715,994.859342,-2.077715,47.820215,9.508110,3.546121,0.000000
26.671826,29.474880,25.413821,990.429341,-2.099656,47.830732,9.496135,3.541655,0.000000
26.681191,29.486607,25.361593,986.010758,-2.122857,47.841230,9.484473,3.537305,0.000000
26.690515,29.498283,25.309022,981.603705,-2.147307,47.851708,9.473162,3.533086,0.000000
26.699797,29.509919,25.256061,977.208279,-2.172976,47.862176,9.462237,3.529012,0.000000
26.709038,29.521495,25.202710,972.824547,-2.199843,47.872625,9.451734,3.525095,0.000000
26.718227,29.533020,25.148921,968.452576,-2.227865,47.883064,9.441683,3.521346,0.000000
26.727386,29.544495,25.094684,964.092384,-2.257043,47.893484,9.432115,3.517778,0.000000
26.736492,29.555930,25.039980,959.743982,-2.287305,47.903894,9.423059,3.514400,0.000000
26.745557,29.567315,24.984782,955.407340,-2.318638,47.914295,9.414539,3.511222,0.000000
0.048975,0.047609,49.912965,4787.357791,-0.511671,43.739877,5.949695,2.218983,0.000000
0.097929,0.095198,49.852225,4784.383614,-0.501966,43.740023,5.995853,2.236198,0.000000
0.146842,0.142747,49.792742,4781.383429,-0.491552,43.740217,6.041190,2.253107,0.000000
0.195734,0.190275,49.734572,4778.357505,-0.480452,43.740450,6.085609,2.269673,0.000000
0.244585,0.237764,49.677812,4775.306195,-0.468684,43.740742,6.129012,2.285861,0.000000
0.293415,0.285232,49.622528,4772.229891,-0.456251,43.741073,6.171303,2.301634,0.000000
0.342204,0.332670,49.568805,4769.129043,-0.443193,43.741442,6.212387,2.316956,0.000000
0.390962,0.380079,49.516720,4766.004157,-0.429520,43.741870,6.252170,2.331794,0.000000
0.439699,0.427456,49.466330,4762.855789,-0.415254,43.742336,6.290560,2.346111,0.000000
0.488395,0.474794,49.417702,4759.684558,-0.400425,43.742851,6.327467,2.359876,0.000000
0.537059,0.522112,49.370911,4756.491117,-0.385065,43.743405,6.362804,2.373055,0.000000
0.585693,0.569399,49.326015,4753.276181,-0.369185,43.744008,6.396488,2.385618,0.000000
0.634296,0.616657,49.283062,4750.040507,-0.352825,43.744659,6.428438,2.397534,0.000000
0.682857,0.663874,49.242108,4746.784915,-0.336018,43.745349,6.458578,2.408775,0.000000
0.731388,0.711071,49.203211,4743.510249,-0.318795,43.746088,6.486837,2.419314,0.000000
0.779887,0.758228,49.166399,4740.217406,-0.301186,43.746875,6.513147,2.429127,0.000000
0.828355,0.805365,49.131730,4736.907343,-0.283223,43.747702,6.537448,2.438190,0.000000
0.876782,0.852461,49.099231,4733.581016,-0.264947,43.748567,6.559681,2.446482,0.000000
0.925178,0.899528,49.068942,4730.239448,-0.246390,43.749480,6.579799,2.453985,0.000000
0.973543,0.946564,49.040881,4726.883681,-0.227594,43.750443,6.597755,2.460682,0.000000
1.021867,0.993560,49.015077,4723.514805,-0.208600,43.751444,6.613513,2.466559,0.000000
1.070160,1.040536,48.991548,4720.133911,-0.189429,43.752493,6.627041,2.471604,0.000000
1.118411,1.087472,48.970314,4716.742136,-0.170144,43.753582,6.638314,2.475809,0.000000
1.166631,1.134387,48.951366,4713.340607,-0.150765,43.754719,6.647316,2.479166,0.000000
1.214810,1.181263,48.934731,4709.930512,-0.131344,43.755895,6.654036,2.481672,0.000000
1.262958,1.228098,48.920391,4706.513026,-0.111923,43.757110,6.658470,2.483326,0.000000
1.311075,1.274913,48.908355,4703.089315,-0.092533,43.758374,6.660623,2.484129,0.000000
1.359151,1.321699,48.898595,4699.660584,-0.073216,43.759686,6.660504,2.484085,0.000000
1.407195,1.368443,48.891120,4696.228019,-0.054014,43.761037,6.658132,2.483200,0.000000
1.455198,1.415158,48.885893,4692.792825,-0.034968,43.762427,6.653530,2.481484,0.000000
1.503160,1.461843,48.882893,4689.356178,-0.016109,43.763866,6.646732,2.478948,0.000000
1.551091,1.508497,48.882094,4685.919262,0.002510,43.765343,6.637773,2.475607,0.000000
1.598991,1.555111,48.883465,4682.483236,0.020858,43.766860,6.626699,2.471477,0.000000
1.646850,1.601696,48.886969,4679.049247,0.038894,43.768424,6.613560,2.466577,0.000000
1.694667,1.648260,48.892568,4675.618441,0.056586,43.770028,6.598411,2.460926,0.000000
1.742453,1.694783,48.900204,4672.191910,0.073904,43.771681,6.581313,2.454550,0.000000
1.790198,1.741277,48.909840,4668.770743,0.090815,43.773372,6.562333,2.447471,0.000000
1.837911,1.787731,48.921419,4665.356000,0.107268,43.775112,6.541541,2.439717,0.000000
1.885594,1.834164,48.934883,4661.948707,0.123242,43.776891,6.519014,2.431315,0.000000
1.933225,1.880557,48.950166,4658.549856,0.138716,43.778708,6.494830,2.422295,0.000000
1.980836,1.926930,48.967220,4655.160404,0.153649,43.780574,6.469071,2.412688,0.000000
2.028395,1.973263,48.985959,4651.781268,0.168009,43.782480,6.441824,2.402526,0.000000
2.075933,2.019566,49.006326,4648.413339,0.181786,43.784424,6.413176,2.391842,0.000000
2.123419,2.065839,49.028246,4645.057458,0.194938,43.786416,6.383219,2.380669,0.000000
2.170885,2.112091,49.051641,4641.714407,0.207455,43.788448,6.352045,2.369043,0.000000
2.218299,2.158303,49.076436,4638.384973,0.219316,43.790528,6.319747,2.356997,0.000000
2.265692,2.204486,49.102555,4635.069852,0.230489,43.792647,6.286421,2.344568,0.000000
2.313034,2.250638,49.129902,4631.769704,0.240965,43.794814,6.252162,2.331790,0.000000
2.360355,2.296759,49.158410,4628.485170,0.250722,43.797011,6.217065,2.318701,0.000000
2.407634,2.342851,49.187985,4625.216815,0.259761,43.799266,6.181227,2.305335,0.000000
2.454873,2.388923,49.218541,4621.965172,0.268050,43.801550,6.144742,2.291727,0.000000
2.502080,2.434954,49.249992,4618.730722,0.275590,43.803883,6.107705,2.277914,0.000000
2.549256,2.480956,49.282252,4615.513902,0.282358,43.806264,6.070210,2.263930,0.000000
2.596412,2.526927,49.314808,4612.315890,0.281140,43.772312,6.032723,2.249949,-21.476094
2.643557,2.572828,49.347154,4609.137537,0.279193,43.738594,5.995694,2.236139,-21.476094
2.690703,2.618668,49.379214,4605.978746,0.276527,43.705118,5.959192,2.222525,-21.476094
2.737838,2.664458,49.410903,4602.839413,0.273132,43.671886,5.923281,2.209132,-21.476094
2.784972,2.710198,49.442135,4599.719375,0.269050,43.638877,5.888024,2.195982,-21.476094
2.832107,2.755868,49.472843,4596.618431,0.264270,43.606101,5.853479,2.183099,-21.476094
2.879232,2.801488,49.502942,4593.536362,0.258814,43.573559,5.819704,2.170502,-21.476094
2.926357,2.847057,49.532346,4590.472909,0.252691,43.541230,5.786752,2.158212,-21.476094
2.973471,2.892566,49.560997,4587.427795,0.245911,43.509116,5.754673,2.146248,-21.476094
3.020585,2.938014,49.588811,4584.400694,0.238497,43.477215,5.723518,2.134629,-21.476094
3.067699,2.983413,49.615720,4581.391273,0.230458,43.445518,5.693331,2.123370,-21.476094
3.114803,3.028761,49.641657,4578.399149,0.221815,43.414016,5.664156,2.112489,-21.476094
3.161897,3.074049,49.666548,4575.423939,0.212589,43.382717,5.636033,2.102001,-21.476094
3.209001,3.119297,49.690343,4572.465203,0.202790,43.351604,5.609002,2.091919,-21.476094
3.256084,3.164474,49.712967,4569.522521,0.192449,43.320675,5.583098,2.082258,-21.476094
3.303178,3.209611,49.734353,4566.595415,0.181567,43.289921,5.558356,2.073030,-21.476094
3.350251,3.254688,49.754464,4563.683397,0.170175,43.259332,5.534808,2.064248,-21.476094
3.397334,3.299725,49.773222,4560.785950,0.158293,43.228899,5.512482,2.055921,-21.476094
3.444407,3.344701,49.790590,4557.902559,0.145933,43.198631,5.491408,2.048062,-21.476094
3.491469,3.389627,49.806510,4555.032659,0.133135,43.168499,5.471612,2.040678,-21.476094
3.538532,3.434503,49.820946,4552.175706,0.119899,43.138513,5.453117,2.033781,-21.476094
3.585584,3.479329,49.833829,4549.331096,0.106258,43.108654,5.435945,2.027376,-21.476094
3.632637,3.524094,49.845131,4546.498247,0.092242,43.078920,5.420119,2.021474,-21.476094
3.679689,3.568819,49.854815,4543.676537,0.077861,43.049304,5.405657,2.016080,-21.476094
3.726731,3.613494,49.862842,4540.865325,0.063147,43.019784,5.392577,2.011202,-21.476094
3.773773,3.658119,49.869165,4538.063991,0.048120,42.990372,5.380895,2.006845,-21.476094
3.820804,3.702693,49.873764,4535.271855,0.032802,42.961046,5.370626,2.003015,-21.476094
3.867825,3.747228,49.876601,4532.488247,0.017224,42.931809,5.361784,1.999717,-21.476094
3.914857,3.791701,49.877668,4529.712499,0.001406,42.902639,5.354381,1.996956,-21.476094
3.961868,3.836125,49.876915,4526.943913,-0.014631,42.873528,5.348429,1.994736,-21.476094
4.008889,3.880509,49.874335,4524.181771,-0.030865,42.844475,5.343937,1.993061,-21.476094
4.055890,3.924842,49.869917,4521.425366,-0.047256,42.815471,5.340914,1.991934,-21.476094
4.102901,3.969125,49.863632,4518.673962,-0.063792,42.786505,5.339368,1.991357,-21.476094
4.149891,4.013358,49.855482,4515.926831,-0.080443,42.757559,5.339305,1.991334,-21.476094
4.196892,4.057540,49.845445,4513.183220,-0.097177,42.728633,5.340732,1.991866,-21.476094
4.243882,4.101683,49.833515,4510.442390,-0.113985,42.699726,5.343651,1.992955,-21.476094
4.290862,4.145775,49.819698,4507.703559,-0.130823,42.670809,5.348068,1.994602,-21.476094
4.337842,4.189817,49.803987,4504.965971,-0.147682,42.641882,5.353984,1.996808,-21.476094
4.384811,4.233808,49.786391,4502.228842,-0.164521,42.612946,5.361401,1.999574,-21.476094
4.431781,4.277750,49.766899,4499.491398,-0.181328,42.583971,5.370318,2.002900,-21.476094
4.478750,4.321651,49.745541,4496.752844,-0.198062,42.554966,5.380735,2.006785,-21.476094
4.525709,4.365502,49.722308,4494.012387,-0.214713,42.525913,5.392650,2.011229,-21.476094
4.572658,4.409303,49.697227,4491.269225,-0.231239,42.496802,5.406060,2.016230,-21.476094
4.619607,4.453063,49.670309,4488.522563,-0.247630,42.467623,5.420960,2.021787,-21.476094
4.666546,4.496763,49.641581,4485.771589,-0.263854,42.438376,5.437345,2.027898,-21.476094
4.713484,4.540423,49.611054,4483.015500,-0.279890,42.409041,5.455207,2.034560,-21.476094
4.760423,4.584033,49.578755,4480.253473,-0.295698,42.379609,5.474538,2.041770,-21.476094
4.807351,4.627603,49.544724,4477.484714,-0.311266,42.350070,5.495330,2.049524,-21.476094
4.854269,4.671112,49.508979,4474.708402,-0.326563,42.320424,5.517570,2.057819,-21.476094
4.901187,4.714581,49.471567,4471.923724,-0.341569,42.290652,5.541245,2.066649,-21.476094
4.948105,4.758000,49.432508,4469.129876,-0.356262,42.260753,5.566343,2.076009,-21.476094
4.995012,4.801369,49.391850,4466.326036,-0.370601,42.230709,5.592845,2.085893,-21.476094
5.041909,4.844687,49.349639,4463.511412,-0.384576,42.200519,5.620735,2.096295,-21.476094
5.088807,4.887955,49.305914,4460.685198,-0.398165,42.170163,5.649993,2.107207,-21.476094
5.135704,4.931183,49.260723,4457.846603,-0.411328,42.139643,5.680597,2.118621,-21.476094
5.182591,4.974351,49.214113,4454.994822,-0.424063,42.108947,5.712523,2.130528,-21.476094
5.229467,5.017479,49.166142,4452.129091,-0.436330,42.078067,5.745746,2.142919,-21.476094
5.276344,5.060546,49.116866,4449.248625,-0.448118,42.046992,5.780237,2.155783,-21.476094
5.323220,5.103573,49.066324,4446.352661,-0.459406,42.015713,5.815966,2.169108,-21.476094
5.370087,5.146539,49.014601,4443.440451,-0.470163,41.984230,5.852899,2.182882,-21.476094
5.416942,5.189466,48.961735,4440.511261,-0.480368,41.952524,5.891002,2.197093,-21.476094
5.463798,5.232332,48.907812,4437.564362,-0.490011,41.920584,5.930236,2.211726,-21.476094
5.510644,5.275148,48.852880,4434.599029,-0.499071,41.888421,5.970560,2.226765,-21.476094
5.557489,5.317914,48.797015,4431.614602,-0.507516,41.856005,6.011932,2.242195,-21.476094
5.604324,5.360629,48.740284,4428.610372,-0.515336,41.823346,6.054304,2.257998,-21.476094
5.651149,5.403295,48.682762,4425.585720,-0.522522,41.790434,6.097627,2.274155,-21.476094
5.697974,5.445900,48.624516,4422.539994,-0.529051,41.757260,6.141849,2.290648,-21.476094
5.744799,5.488464,48.565632,4419.472601,-0.534903,41.723813,6.186914,2.307456,-21.476094
5.791614,5.530959,48.506168,4416.382950,-0.540068,41.690085,6.232765,2.324556,-21.476094
5.838418,5.573413,48.446228,4413.270504,-0.544535,41.656085,6.279341,2.341927,-21.476094
5.885222,5.615807,48.385868,4410.134727,-0.548295,41.621802,6.326575,2.359543,-21.476094
5.932016,5.658151,48.325175,4406.975134,-0.551325,41.587229,6.374402,2.377381,-21.476094
5.978810,5.700434,48.264235,4403.791263,-0.553616,41.552353,6.422749,2.395412,-21.476094
6.025593,5.742657,48.203123,4400.582695,-0.555167,41.517187,6.471545,2.413611,-21.476094
6.072366,5.784830,48.141926,4397.349048,-0.555969,41.481719,6.520712,2.431948,-21.476094
6.119139,5.826953,48.080738,4394.089976,-0.556011,41.445939,6.570170,2.450394,-21.476094
6.165902,5.869005,48.019617,4390.805156,-0.555292,41.409849,6.619838,2.468918,-21.476094
6.212655,5.911007,47.958677,4387.494347,-0.553814,41.373458,6.669631,2.487489,-21.476094
6.259407,5.952959,47.897984,4384.157311,-0.551564,41.336745,6.719462,2.506073,-21.476094
6.306149,5.994841,47.837624,4380.793885,-0.548555,41.299732,6.769240,2.524638,-21.476094
6.352881,6.036672,47.777674,4377.403936,-0.544775,41.262398,6.818874,2.543150,-21.476094
6.399613,6.078433,47.718238,4373.987387,-0.540224,41.224752,6.868270,2.561573,-21.476094
6.446334,6.120143,47.659383,4370.544209,-0.534924,41.186796,6.917334,2.579871,-21.476094
6.493046,6.161794,47.601205,4367.074421,-0.528874,41.148528,6.965967,2.598009,-21.476094
6.539757,6.203374,47.543768,4363.578091,-0.522074,41.109950,7.014073,2.615951,-21.476094
6.586458,6.244904,47.487160,4360.055361,-0.514545,41.071070,7.061552,2.633658,-21.476094
6.633148,6.286373,47.431457,4356.506414,-0.506298,41.031889,7.108305,2.651095,-21.476094
6.679828,6.327772,47.376735,4352.931459,-0.497332,40.992406,7.154233,2.668225,-21.476094
6.726508,6.369111,47.323079,4349.330813,-0.487678,40.952623,7.199236,2.685009,-21.476094
6.773178,6.410390,47.270556,4345.704810,-0.477348,40.912557,7.243216,2.701412,-21.476094
6.819838,6.451598,47.219233,4342.053851,-0.466352,40.872200,7.286076,2.717396,-21.476094
6.866487,6.492756,47.169185,4338.378386,-0.454720,40.831570,7.327718,2.732927,-21.476094
6.913136,6.533834,47.120471,4334.678922,-0.442474,40.790679,7.368050,2.747969,-21.476094
6.959744,6.574881,47.073671,4330.955038,-0.420252,40.796802,7.406417,2.762279,0.000000
7.006320,6.615888,47.029356,4327.206734,-0.397415,40.802965,7.442160,2.775609,0.000000
7.052845,6.656876,46.987583,4323.435252,-0.374017,40.809166,7.475177,2.787923,0.000000
7.099329,6.697843,46.948401,4319.641913,-0.350118,40.815387,7.505374,2.799185,0.000000
7.145772,6.738780,46.911865,4315.828075,-0.325761,40.821656,7.532669,2.809365,0.000000
7.192162,6.779686,46.878015,4311.995170,-0.301009,40.827955,7.556987,2.818435,0.000000
7.238512,6.820563,46.846887,4308.144663,-0.275912,40.834282,7.578264,2.826370,0.000000
7.284809,6.861420,46.818502,4304.278084,-0.250545,40.840639,7.596447,2.833152,0.000000
7.331066,6.902246,46.792889,4300.396970,-0.224949,40.847035,7.611494,2.838764,0.000000
7.377270,6.943042,46.770064,4296.502920,-0.199197,40.853469,7.623375,2.843194,0.000000
7.423434,6.983808,46.750040,4292.597549,-0.173341,40.859933,7.632068,2.846437,0.000000
7.469545,7.024554,46.732805,4288.682483,-0.147453,40.866426,7.637568,2.848488,0.000000
7.515616,7.065270,46.718370,4284.759385,-0.121586,40.872948,7.639876,2.849349,0.000000
7.561634,7.105956,46.706715,4280.829910,-0.095803,40.879509,7.639009,2.849026,0.000000
7.607611,7.146622,46.697831,4276.895721,-0.070176,40.886099,7.634994,2.847528,0.000000
7.653537,7.187247,46.691680,4272.958482,-0.044746,40.892728,7.627867,2.844870,0.000000
7.699421,7.227852,46.688243,4269.019846,-0.019588,40.899387,7.617678,2.841070,0.000000
7.745254,7.268428,46.687481,4265.081460,0.005248,40.906074,7.604486,2.836150,0.000000
7.791035,7.308983,46.689347,4261.144928,0.029699,40.912790,7.588362,2.830136,0.000000
7.836774,7.349498,46.693803,4257.211857,0.053702,40.919546,7.569383,2.823058,0.000000
7.882462,7.389992,46.700773,4253.283807,0.077215,40.926330,7.547638,2.814948,0.000000
7.928108,7.430457,46.710219,4249.362296,0.100166,40.933144,7.523224,2.805843,0.000000
7.973703,7.470892,46.722064,4245.448836,0.122524,40.939996,7.496245,2.795781,0.000000
8.019257,7.511306,46.736243,4241.544852,0.144235,40.946878,7.466814,2.784804,0.000000
8.064758,7.551680,46.752677,4237.651758,0.165239,40.953789,7.435047,2.772956,0.000000
8.110208,7.592034,46.771283,4233.770884,0.185504,40.960739,7.401069,2.760284,0.000000
8.155617,7.632368,46.791974,4229.903520,0.204977,40.967718,7.365009,2.746835,0.000000
8.200985,7.672662,46.814665,4226.050900,0.223627,40.974726,7.327000,2.732659,0.000000
8.246300,7.712936,46.839260,4222.214209,0.241402,40.981773,7.287177,2.717807,0.000000
8.291564,7.753180,46.865674,4218.394528,0.258283,40.988849,7.245681,2.702331,0.000000
8.336787,7.793403,46.893783,4214.592928,0.274236,40.995954,7.202652,2.686283,0.000000
8.381958,7.833597,46.923510,4210.810365,0.289221,41.003098,7.158234,2.669717,0.000000
8.427088,7.873760,46.954733,4207.047757,0.303216,41.010272,7.112569,2.652686,0.000000
8.472176,7.913903,46.987345,4203.305945,0.316202,41.017474,7.065800,2.635243,0.000000
8.517212,7.954026,47.021243,4199.585704,0.328146,41.024716,7.018070,2.617442,0.000000
8.562208,7.994109,47.056313,4195.887731,0.339038,41.031996,6.969521,2.599335,0.000000
8.607151,8.034172,47.092439,4192.212668,0.348858,41.039296,6.920292,2.580974,0.000000
8.652054,8.074214,47.129508,4188.561078,0.357595,41.046634,6.870521,2.562412,0.000000
8.696914,8.114227,47.167405,4184.933469,0.365249,41.054012,6.820342,2.543698,0.000000
8.741734,8.154219,47.206007,4181.330250,0.371788,41.061418,6.769889,2.524881,0.000000
8.786502,8.194191,47.245208,4177.751806,0.377224,41.068854,6.719289,2.506009,0.000000
8.831228,8.234134,47.284886,4174.198432,0.381556,41.076329,6.668668,2.487130,0.000000
8.875903,8.274046,47.324916,4170.670367,0.384774,41.083842,6.618146,2.468287,0.000000
8.920547,8.313937,47.365194,4167.167783,0.386888,41.091385,6.567841,2.449525,0.000000
8.965139,8.353809,47.405605,4163.690796,0.387898,41.098957,6.517865,2.430886,0.000000
9.009690,8.393661,47.446035,4160.239471,0.387804,41.106567,6.468326,2.412411,0.000000
9.054199,8.433493,47.486361,4156.813800,0.386638,41.114217,6.419329,2.394137,0.000000
9.098668,8.473294,47.526467,4153.413726,0.384378,41.121896,6.370971,2.376101,0.000000
9.143094,8.513075,47.566259,4150.039151,0.381066,41.129613,6.323347,2.358340,0.000000
9.187480,8.552837,47.605623,4146.689915,0.376703,41.137360,6.276548,2.340885,0.000000
9.231824,8.592578,47.644444,4143.365806,0.371309,41.145146,6.230657,2.323770,0.000000
9.276116,8.632289,47.682626,4140.066576,0.364895,41.152961,6.185757,2.307024,0.000000
9.320377,8.671990,47.720057,4136.791919,0.357491,41.160814,6.141922,2.290676,0.000000
9.364598,8.711661,47.756640,4133.541501,0.349108,41.168707,6.099224,2.274751,0.000000
9.408776,8.751322,47.792281,4130.314929,0.339777,41.176638,6.057731,2.259276,0.000000
9.452914,8.790952,47.826884,4127.111792,0.329531,41.184599,6.017506,2.244274,0.000000
9.497010,8.830573,47.860353,4123.931631,0.318368,41.192599,5.978607,2.229766,0.000000
9.541064,8.870163,47.892594,4120.773940,0.306340,41.200627,5.941090,2.215774,0.000000
9.585088,8.909744,47.923531,4117.638193,0.293459,41.208695,5.905007,2.202316,0.000000
9.629070,8.949304,47.953078,4114.523834,0.279765,41.216801,5.870404,2.189411,0.000000
9.673001,8.988844,47.981148,4111.430272,0.265291,41.224937,5.837327,2.177075,0.000000
9.716911,9.028364,48.007667,4108.356885,0.250046,41.233121,5.805815,2.165322,0.000000
9.760769,9.067865,48.032557,4105.303022,0.234082,41.241334,5.775908,2.154168,0.000000
9.804596,9.107344,48.055762,4102.268004,0.217421,41.249587,5.747640,2.143625,0.000000
9.848372,9.146814,48.077205,4099.251144,0.200103,41.257868,5.721043,2.133706,0.000000
9.892126,9.186264,48.096811,4096.251706,0.182161,41.266188,5.696147,2.124421,0.000000
9.935830,9.225694,48.114541,4093.268942,0.163625,41.274547,5.672978,2.115780,0.000000
9.979502,9.265103,48.130338,4090.302098,0.144527,41.282946,5.651561,2.107792,0.000000
10.023133,9.304503,48.144135,4087.350390,0.124919,41.291382,5.631919,2.100466,0.000000
10.066732,9.343882,48.155885,4084.412986,0.104810,41.299849,5.614071,2.093810,0.000000
10.110291,9.383242,48.165550,4081.489083,0.084265,41.308353,5.598035,2.087829,0.000000
10.153808,9.422591,48.173091,4078.577830,0.063303,41.316897,5.583829,2.082531,0.000000
10.197294,9.461920,48.178471,4075.678375,0.041966,41.325480,5.571467,2.077920,0.000000
10.240739,9.501229,48.181642,4072.789830,0.020285,41.334092,5.560962,2.074002,0.000000
10.284153,9.540528,48.182594,4069.911316,-0.001687,41.342743,5.552324,2.070781,0.000000
10.327525,9.579807,48.181299,4067.041923,-0.023930,41.351432,5.545564,2.068260,0.000000
10.370856,9.619066,48.177719,4064.180733,-0.046392,41.360161,5.540691,2.066442,0.000000
10.414156,9.658325,48.171853,4061.326820,-0.069041,41.368928,5.537710,2.065330,0.000000
10.457425,9.697554,48.163674,4058.479246,-0.091835,41.377725,5.536628,2.064927,0.000000
10.500643,9.736773,48.153181,4055.637036,-0.114734,41.386560,5.537450,2.065233,0.000000
10.543839,9.775971,48.140374,4052.799244,-0.137706,41.395435,5.540176,2.066250,0.000000
10.586995,9.815160,48.125244,4049.964894,-0.160699,41.404348,5.544811,2.067979,0.000000
10.630109,9.854328,48.107780,4047.132982,-0.183692,41.413290,5.551353,2.070418,0.000000
10.673192,9.893486,48.088013,4044.302542,-0.206632,41.422281,5.559802,2.073569,0.000000
10.716233,9.932625,48.065941,4041.472552,-0.229490,41.431301,5.570154,2.077431,0.000000
10.759244,9.971753,48.041574,4038.641998,-0.252222,41.440360,5.582408,2.082001,0.000000
10.802213,10.010861,48.014942,4035.809885,-0.274788,41.449448,5.596556,2.087277,0.000000
10.845141,10.049959,47.986062,4032.975171,-0.297145,41.458575,5.612593,2.093259,0.000000
10.888038,10.089037,47.954944,4030.136843,-0.319253,41.467741,5.630510,2.099941,0.000000
10.930904,10.128105,47.921646,4027.293859,-0.341090,41.476946,5.650297,2.107320,0.000000
10.973729,10.167153,47.886177,4024.445195,-0.362604,41.486180,5.671942,2.115393,0.000000
11.016522,10.206191,47.848584,4021.589800,-0.383753,41.495453,5.695432,2.124154,0.000000
11.059264,10.245209,47.808916,4018.726651,-0.404507,41.504765,5.720751,2.133597,0.000000
11.101985,10.284216,47.767200,4015.854685,-0.424823,41.514115,5.747880,2.143715,0.000000
11.144655,10.323204,47.723504,4012.972891,-0.444671,41.523495,5.776802,2.154501,0.000000
11.187304,10.362181,47.677866,4010.080225,-0.464019,41.532913,5.807492,2.165948,0.000000
11.229901,10.401139,47.630351,4007.175646,-0.482805,41.542361,5.839927,2.178044,0.000000
11.272467,10.440076,47.581009,4004.258130,-0.501018,41.551848,5.874079,2.190782,0.000000
11.314992,10.479003,47.529914,4001.326664,-0.518606,41.561364,5.909917,2.204148,0.000000
11.357486,10.517921,47.477124,3998.380233,-0.535549,41.570928,5.947410,2.218131,0.000000
11.399938,10.556808,47.422716,3995.417826,-0.551804,41.580512,5.986520,2.232717,0.000000
11.442349,10.595695,47.366756,3992.438466,-0.567330,41.590145,6.027208,2.247892,0.000000
11.484729,10.634552,47.309329,3989.441169,-0.582107,41.599796,6.069432,2.263640,0.000000
11.527068,10.673399,47.250503,3986.424969,-0.596102,41.609497,6.113144,2.279943,0.000000
11.569366,10.712235,47.190362,3983.388929,-0.609286,41.619217,6.158295,2.296782,0.000000
11.611622,10.751042,47.129003,3980.332130,-0.621615,41.628976,6.204831,2.314138,0.000000
11.653847,10.789839,47.066501,3977.253656,-0.633070,41.638773,6.252694,2.331989,0.000000
11.696030,10.828625,47.002961,3974.152636,-0.643618,41.648600,6.301821,2.350311,0.000000
11.738173,10.867392,46.938460,3971.028219,-0.653240,41.658456,6.352146,2.369080,0.000000
11.780274,10.906128,46.873101,3967.879592,-0.661915,41.668351,6.403599,2.388270,0.000000
11.822334,10.944865,46.806981,3964.705952,-0.669600,41.678275,6.456105,2.407853,0.000000
11.864362,10.983571,46.740204,3961.506554,-0.676296,41.688238,6.509583,2.427798,0.000000
11.906339,11.022267,46.672865,3958.280680,-0.681971,41.698221,6.563950,2.448074,0.000000
11.948275,11.060943,46.605069,3955.027661,-0.686605,41.708242,6.619117,2.468649,0.000000
11.990179,11.099599,46.536930,3951.746847,-0.690187,41.718302,6.674990,2.489487,0.000000
12.032032,11.138235,46.468534,3948.437663,-0.692697,41.728382,6.731472,2.510553,0.000000
12.073885,11.176820,46.397957,3945.104041,-0.735714,41.644751,6.790537,2.532581,-46.020201
12.115759,11.215306,46.323229,3941.748561,-0.777982,41.560207,6.854231,2.556336,-46.020201
12.157653,11.253710,46.244435,3938.368641,-0.819427,41.474691,6.922582,2.581829,-46.020201
12.199568,11.292025,46.161671,3934.961663,-0.859977,41.388135,6.995612,2.609066,-46.020201
12.241514,11.330239,46.075031,3931.524996,-0.899568,41.300461,7.073342,2.638056,-46.020201
12.283481,11.368372,45.984620,3928.055955,-0.938129,41.211611,7.155790,2.668805,-46.020201
12.325468,11.406395,45.890553,3924.551860,-0.975586,41.121507,7.242968,2.701319,-46.020201
12.367486,11.444337,45.792953,3921.009989,-1.011866,41.030081,7.334886,2.735600,-46.020201
12.409525,11.482169,45.691935,3917.427605,-1.046907,40.937265,7.431548,2.771651,-46.020201
12.451595,11.519911,45.587651,3913.801965,-1.080625,40.842991,7.532951,2.809470,-46.020201
12.493686,11.557542,45.480225,3910.130296,-1.112969,40.747182,7.639084,2.849053,-46.020201
12.535808,11.595083,45.369799,3906.409816,-1.143845,40.649778,7.749929,2.890394,-46.020201
12.577950,11.632513,45.256545,3902.637770,-1.173190,40.550693,7.865457,2.933481,-46.020201
12.620124,11.669832,45.140606,3898.811358,-1.200941,40.449858,7.985628,2.978300,-46.020201
12.662328,11.707051,45.022163,3894.927816,-1.227016,40.347216,8.110389,3.024830,-46.020201
12.704553,11.744160,44.901378,3890.984400,-1.251363,40.242687,8.239675,3.073048,-46.020201
12.746809,11.781158,44.778431,3886.978357,-1.273897,40.136205,8.373404,3.122924,-46.020201
12.789086,11.818045,44.653513,3882.906998,-1.294547,40.027701,8.511480,3.174420,-46.020201
12.831404,11.854812,44.526814,3878.767658,-1.313270,39.917098,8.653786,3.227494,-46.020201
12.873743,11.891469,44.398534,3874.557715,-1.329984,39.804347,8.800189,3.282096,-46.020201
12.916112,11.927994,44.268874,3870.274618,-1.344625,39.689369,8.950532,3.338168,-46.020201
12.958513,11.964409,44.138043,3865.915889,-1.357142,39.572108,9.104640,3.395644,-46.020201
13.000945,12.000694,44.006250,3861.479129,-1.367472,39.452494,9.262313,3.454449,-46.020201
13.043397,12.036848,43.873724,3856.962024,-1.375573,39.330480,9.423326,3.514500,-46.020201
13.085891,12.072871,43.740684,3852.362393,-1.381374,39.206006,9.587428,3.575703,-46.020201
13.128416,12.108764,43.607358,3847.678163,-1.384841,39.079024,9.754346,3.637956,-46.020201
13.170972,12.144526,43.473975,3842.907410,-1.385935,38.949487,9.923775,3.701146,-46.020201
13.213548,12.180147,43.340773,3838.048348,-1.384602,38.817344,10.095385,3.765149,-46.020201
13.256166,12.215628,43.207980,3833.099398,-1.380811,38.682557,10.268819,3.829833,-46.020201
13.298815,12.250968,43.075844,3828.059117,-1.374553,38.545088,10.443689,3.895052,-46.020201
13.341505,12.286157,42.944604,3822.926290,-1.365785,38.404926,10.619582,3.960652,-46.020201
13.384216,12.321206,42.814496,3817.699923,-1.354497,38.262024,10.796057,4.026470,-46.020201
13.426968,12.356094,42.685779,3812.379251,-1.340678,38.116380,10.972648,4.092331,-46.020201
13.469741,12.390831,42.558671,3806.963739,-1.324340,37.967976,11.148861,4.158051,-46.020201
13.512555,12.425407,42.433419,3801.453137,-1.305460,37.816821,11.324181,4.223438,-46.020201
13.555401,12.459823,42.310272,3795.847447,-1.284082,37.662896,11.498073,4.288292,-46.020201
13.598287,12.494078,42.189448,3790.146983,-1.260214,37.506229,11.669980,4.352406,-46.020201
13.641205,12.528162,42.071196,3784.352329,-1.233879,37.346832,11.839332,4.415567,-46.020201
13.684143,12.562075,41.955723,3778.464393,-1.205128,37.184742,12.005543,4.477557,-46.020201
13.727123,12.595827,41.843269,3772.484399,-1.174002,37.019979,12.168023,4.538155,-46.020201
13.770144,12.629399,41.734043,3766.413887,-1.140565,36.852602,12.326171,4.597137,-46.020201
13.813185,12.662789,41.628245,3760.254720,-1.104868,36.682668,12.479390,4.654282,-46.020201
13.856268,12.695999,41.526085,3754.009089,-1.067005,36.510216,12.627084,4.709365,-46.020201
13.899372,12.729028,41.427752,3747.679508,-1.027059,36.335345,12.768668,4.762170,-46.020201
13.942517,12.761866,41.333418,3741.268817,-0.985114,36.158121,12.903569,4.812483,-46.020201
13.985693,12.794523,41.243265,3734.780152,-0.941284,35.978632,13.031233,4.860096,-46.020201
14.028900,12.826989,41.157443,3728.216993,-0.895674,35.796976,13.151130,4.904812,-46.020201
14.072138,12.859254,41.076107,3721.583070,-0.848418,35.613269,13.262759,4.946445,-46.020201
14.115407,12.891339,40.999389,3714.882427,-0.799631,35.427608,13.365652,4.984820,-46.020201
14.158697,12.923212,40.927403,3708.119347,-0.749449,35.240130,13.459380,5.019776,-46.020201
14.202028,12.954895,40.860264,3701.298391,-0.698028,35.050950,13.543556,5.051170,-46.020201
14.245380,12.986386,40.798067,3694.424293,-0.645503,34.860206,13.617841,5.078875,-46.020201
14.288763,13.017667,40.740878,3687.502024,-0.592052,34.668033,13.681945,5.102784,-46.020201
14.332176,13.048736,40.688765,3680.536719,-0.537808,34.474586,13.735632,5.122806,-46.020201
14.375611,13.079615,40.641774,3673.533665,-0.482961,34.280003,13.778719,5.138876,-46.020201
14.419066,13.110282,40.599935,3666.498236,-0.427656,34.084447,13.811085,5.150947,-46.020201
14.462552,13.140739,40.563266,3659.435938,-0.372080,33.888065,13.832662,5.158995,-46.020201
14.506059,13.170994,40.531758,3652.352300,-0.316399,33.691012,13.843446,5.163016,-46.020201
14.549586,13.201049,40.505392,3645.252905,-0.260782,33.493445,13.843487,5.163032,-46.020201
14.593145,13.230892,40.484139,3638.143316,-0.205414,33.295527,13.832896,5.159082,-46.020201
14.636714,13.260525,40.467952,3631.029072,-0.150442,33.097415,13.811839,5.151228,-46.020201
14.680303,13.289946,40.456763,3623.915650,-0.096053,32.899264,13.780535,5.139554,-46.020201
14.723913,13.319167,40.450488,3616.808452,-0.042414,32.701220,13.739257,5.124158,-46.020201
14.767544,13.348177,40.449051,3609.712737,0.010330,32.503439,13.688323,5.105162,-46.020201
14.811185,13.376975,40.452317,3602.633650,0.062012,32.306065,13.628098,5.082701,-46.020201
14.854847,13.405573,40.460191,3595.576153,0.112485,32.109236,13.558986,5.056925,-46.020201
14.898530,13.433969,40.472522,3588.545036,0.161595,31.913097,13.481427,5.027999,-46.020201
14.942212,13.462155,40.489176,3581.544889,0.209225,31.717765,13.395892,4.996098,-46.020201
14.985915,13.490140,40.509991,3574.580071,0.255221,31.523366,13.302882,4.961409,-46.020201
15.029629,13.517923,40.534805,3567.654704,0.299467,31.330027,13.202915,4.924126,-46.020201
15.073353,13.545506,40.563428,3560.772689,0.341850,31.137844,13.096532,4.884449,-46.020201
15.117077,13.572898,40.595688,3553.937640,0.382274,30.946925,12.984282,4.842585,-46.020201
15.160821,13.600078,40.631395,3547.152923,0.420616,30.757376,12.866726,4.798741,-46.020201
15.204566,13.627068,40.670330,3540.421625,0.456813,30.569256,12.744425,4.753128,-46.020201
15.248331,13.653867,40.712303,3533.746578,0.490771,30.382672,12.617942,4.705956,-46.020201
15.292086,13.680475,40.757104,3527.130324,0.522428,30.197672,12.487838,4.657432,-46.020201
15.335851,13.706892,40.804504,3520.575140,0.551700,30.014334,12.354663,4.607764,-46.020201
15.379627,13.733119,40.854284,3514.083042,0.578566,29.832707,12.218957,4.557151,-46.020201
15.423392,13.759154,40.906227,3507.655772,0.602954,29.652830,12.081249,4.505792,-46.020201
15.467167,13.785018,40.960111,3501.294800,0.624843,29.474741,11.942049,4.453876,-46.020201
15.510953,13.810692,41.015700,3495.001362,0.644202,29.298489,11.801852,4.401589,-46.020201
15.554729,13.836184,41.072775,3488.776450,0.661009,29.124074,11.661131,4.349106,-46.020201
15.598504,13.861496,41.131096,3482.620802,0.675265,28.951516,11.520338,4.296596,-46.020201
15.642290,13.886647,41.190446,3476.534943,0.686948,28.780843,11.379904,4.244220,-46.020201
15.686066,13.911607,41.250606,3470.519190,0.696071,28.612037,11.240237,4.192130,-46.020201
15.729841,13.936407,41.311337,3464.573627,0.702641,28.445097,11.101720,4.140469,-46.020201
15.773617,13.961035,41.372420,3458.698149,0.706671,28.280013,10.964713,4.089371,-46.020201
15.817382,13.985503,41.433646,3452.892500,0.708202,28.116776,10.829552,4.038962,-46.020201
15.861158,14.009800,41.494796,3447.156199,0.707234,27.955367,10.696551,3.989359,-46.020201
15.904923,14.033926,41.555650,3441.488646,0.703829,27.795746,10.565999,3.940668,-46.020201
15.948678,14.057901,41.616010,3435.889056,0.698007,27.637894,10.438164,3.892991,-46.020201
15.992443,14.081716,41.675674,3430.356521,0.689812,27.481772,10.313290,3.846418,-46.020201
16.036187,14.105379,41.734434,3424.889998,0.679305,27.327331,10.191601,3.801034,-46.020201
16.079942,14.128883,41.792108,3419.488312,0.666528,27.174543,10.073303,3.756914,-46.020201
16.123676,14.152235,41.848497,3414.150180,0.651533,27.023359,9.958580,3.714127,-46.020201
16.167411,14.175436,41.903429,3408.874218,0.634382,26.873711,9.847598,3.672735,-46.020201
16.211145,14.198487,41.956723,3403.658942,0.615138,26.725569,9.740508,3.632795,-46.020201
16.254869,14.221398,42.008208,3398.502785,0.593874,26.578866,9.637443,3.594356,-46.020201
16.298582,14.244157,42.057732,3393.404103,0.570642,26.433553,9.538523,3.557463,-46.020201
16.342285,14.266776,42.105122,3388.361154,0.545514,26.289552,9.443853,3.522155,-46.020201
16.385989,14.289244,42.150237,3383.372160,0.518575,26.146814,9.353525,3.488467,-46.020201
16.429682,14.311581,42.192924,3378.435267,0.489876,26.005272,9.267620,3.456428,-46.020201
16.473364,14.333768,42.233059,3373.548553,0.459510,25.864858,9.186210,3.426065,-46.020201
16.517047,14.355824,42.270509,3368.710067,0.427552,25.725513,9.109354,3.397401,-46.020201
16.560708,14.377740,42.305140,3363.917792,0.394062,25.587149,9.037104,3.370455,-46.020201
16.604370,14.399525,42.336848,3359.169690,0.359136,25.449719,8.969506,3.345244,-46.020201
16.648022,14.421169,42.365509,3354.463650,0.322845,25.313134,8.906597,3.321782,-46.020201
16.691663,14.442682,42.391037,3349.797558,0.285274,25.177337,8.848408,3.300080,-46.020201
16.735304,14.464065,42.413337,3345.169243,0.246505,25.042239,8.794964,3.280148,-46.020201
16.778925,14.485317,42.432305,3340.576525,0.206622,24.907773,8.746289,3.261994,-46.020201
16.822545,14.506439,42.447873,3336.017168,0.165697,24.773861,8.702398,3.245624,-46.020201
16.866145,14.527420,42.459957,3331.488933,0.123815,24.640436,8.663305,3.231044,-46.020201
16.909745,14.548280,42.468507,3326.989545,0.081068,24.507408,8.629021,3.218258,-46.020201
16.953324,14.569010,42.473449,3322.516700,0.037530,24.374721,8.599554,3.207268,-46.020201
16.996903,14.589609,42.474735,3318.068074,-0.006706,24.242277,8.574911,3.198077,-46.020201
17.040472,14.610088,42.472316,3313.641325,-0.051557,24.110008,8.555095,3.190687,-46.020201
17.084030,14.630435,42.466165,3309.234090,-0.096938,23.977827,8.540109,3.185097,-46.020201
17.127568,14.650653,42.456243,3304.843981,-0.142767,23.845674,8.529954,3.181310,-46.020201
17.171106,14.670739,42.442532,3300.468586,-0.188961,23.713444,8.524631,3.179325,-46.020201
17.214633,14.690705,42.425011,3296.105488,-0.235436,23.581078,8.524138,3.179141,-46.020201
17.258140,14.710541,42.403673,3291.752238,-0.282087,23.448488,8.528474,3.180758,-46.020201
17.301647,14.730256,42.378516,3287.406369,-0.328854,23.315587,8.537637,3.184175,-46.020201
17.345133,14.749840,42.349541,3283.065406,-0.375641,23.182307,8.551621,3.189391,-46.020201
17.388619,14.769293,42.316766,3278.726833,-0.422355,23.048560,8.570423,3.196403,-46.020201
17.432085,14.788626,42.280211,3274.388135,-0.468914,22.914260,8.594037,3.205210,-46.020201
17.475540,14.807829,42.239896,3270.046799,-0.515232,22.779327,8.622455,3.215809,-46.020201
17.518985,14.826901,42.195857,3265.700242,-0.561228,22.643676,8.655668,3.228196,-46.020201
17.562419,14.845842,42.148142,3261.345930,-0.606807,22.507237,8.693664,3.242367,-46.020201
17.605833,14.864652,42.096781,3256.981264,-0.651887,22.369904,8.736431,3.258317,-46.020201
17.649247,14.883342,42.041849,3252.603661,-0.696373,22.231618,8.783951,3.276040,-46.020201
17.692640,14.901891,41.983394,3248.210510,-0.740192,22.092282,8.836207,3.295529,-46.020201
17.736022,14.920310,41.921483,3243.799213,-0.783251,21.951810,8.893174,3.316776,-46.020201
17.779385,14.938598,41.856200,3239.367138,-0.825467,21.810122,8.954825,3.339769,-46.020201
17.822736,14.956755,41.787614,3234.911675,-0.866756,21.667141,9.021128,3.364497,-46.020201
17.866078,14.974772,41.715838,3230.430186,-0.907024,21.522771,9.092046,3.390946,-46.020201
17.909409,14.992658,41.640938,3225.920061,-0.946189,21.376933,9.167533,3.419100,-46.020201
17.952719,15.010403,41.563030,3221.378670,-0.984167,21.229549,9.247541,3.448940,-46.020201
17.996019,15.028018,41.482227,3216.803411,-1.020884,21.080533,9.332010,3.480443,-46.020201
18.039299,15.045482,41.398643,3212.191685,-1.056248,20.929796,9.420874,3.513585,-46.020201
18.082557,15.062816,41.312384,3207.540911,-1.090175,20.777260,9.514056,3.548338,-46.020201
18.125806,15.079998,41.223602,3202.848534,-1.122591,20.622849,9.611470,3.584670,-46.020201
18.169044,15.097040,41.132410,3198.112021,-1.153415,20.466475,9.713020,3.622543,-46.020201
18.212261,15.113942,41.038953,3193.328886,-1.182572,20.308059,9.818595,3.661918,-46.020201
18.255458,15.130682,40.943372,3188.496682,-1.209980,20.147534,9.928075,3.702750,-46.020201
18.298634,15.147282,40.845829,3183.613008,-1.235566,19.984812,10.041323,3.744987,-46.020201
18.341800,15.163731,40.746477,3178.675513,-1.259267,19.819826,10.158192,3.788573,-46.020201
18.384934,15.180029,40.645469,3173.681921,-1.281010,19.652497,10.278515,3.833449,-46.020201
18.428059,15.196167,40.542975,3168.630022,-1.300733,19.482767,10.402113,3.879546,-46.020201
18.471162,15.212154,40.439157,3163.517695,-1.318362,19.310559,10.528787,3.926790,-46.020201
18.514245,15.227970,40.334207,3158.342912,-1.333847,19.135804,10.658325,3.975102,-46.020201
18.557297,15.243635,40.228294,3153.103743,-1.347124,18.958463,10.790494,4.024395,-46.020201
18.600339,15.259140,40.121592,3147.798379,-1.358162,18.778459,10.925043,4.074576,-46.020201
18.643349,15.274474,40.014299,3142.425109,-1.366889,18.595744,11.061706,4.125546,-46.020201
18.686339,15.289637,39.906596,3136.982385,-1.373272,18.410268,11.200195,4.177196,-46.020201
18.729298,15.304629,39.798665,3131.468781,-1.377281,18.221992,11.340204,4.229414,-46.020201
18.772237,15.319460,39.690715,3125.883046,-1.378885,18.030879,11.481412,4.282078,-46.020201
18.815154,15.334101,39.582917,3120.224079,-1.378052,17.836878,11.623477,4.335062,-46.020201
18.858041,15.348580,39.475491,3114.490953,-1.374761,17.639981,11.766041,4.388233,-46.020201
18.900896,15.362869,39.368607,3108.682942,-1.369003,17.440149,11.908730,4.441450,-46.020201
18.943721,15.376977,39.262467,3102.799500,-1.360776,17.237381,12.051154,4.494568,-46.020201
18.986515,15.390914,39.157268,3096.840292,-1.350082,17.031658,12.192911,4.547437,-46.020201
19.029277,15.404650,39.053194,3090.805196,-1.336929,16.822980,12.333584,4.599902,-46.020201
19.072009,15.418205,38.950433,3084.694305,-1.321330,16.611357,12.472749,4.651805,-46.020201
19.114709,15.431570,38.849177,3078.507964,-1.303305,16.396799,12.609969,4.702982,-46.020201
19.157368,15.444733,38.749606,3072.246710,-1.282905,16.179325,12.744805,4.753270,-46.020201
19.199997,15.457705,38.651892,3065.911363,-1.260162,15.958954,12.876812,4.802503,-46.020201
19.242583,15.470487,38.556216,3059.502938,-1.235118,15.735736,13.005544,4.850515,-46.020201
19.285129,15.483067,38.462739,3053.022745,-1.207845,15.509708,13.130558,4.897140,-46.020201
19.327643,15.495437,38.371634,3046.472284,-1.178417,15.280929,13.251414,4.942214,-46.020201
19.370106,15.507615,38.283042,3039.853334,-1.146886,15.049449,13.367682,4.985577,-46.020201
19.412538,15.519583,38.197116,3033.167903,-1.113355,14.815354,13.478941,5.027072,-46.020201
19.454918,15.531340,38.113999,3026.418238,-1.077918,14.578702,13.584785,5.066547,-46.020201
19.497247,15.542885,38.033815,3019.606796,-1.040669,14.339581,13.684826,5.103858,-46.020201
19.539544,15.554230,37.956697,3012.736264,-1.001713,14.098089,13.778696,5.138867,-46.020201
19.581779,15.565363,37.882740,3005.809558,-0.961184,13.854323,13.866050,5.171447,-46.020201
19.623973,15.576276,37.812059,2998.829777,-0.919187,13.608379,13.946572,5.201478,-46.020201
19.666116,15.586977,37.744748,2991.800199,-0.875857,13.360384,14.019973,5.228854,-46.020201
19.708196,15.597458,37.680885,2984.724287,-0.831330,13.110455,14.085997,5.253478,-46.020201
19.750235,15.607727,37.620525,2977.605654,-0.785761,12.858708,14.144422,5.275268,-46.020201
19.792212,15.617775,37.563746,2970.448057,-0.739276,12.605280,14.195062,5.294154,-46.020201
19.834137,15.627613,37.510585,2963.255361,-0.692041,12.350296,14.237768,5.310082,-46.020201
19.876001,15.637219,37.461071,2956.031560,-0.644202,12.093894,14.272432,5.323010,-46.020201
19.917812,15.646614,37.415233,2948.780711,-0.595915,11.836218,14.298985,5.332913,-46.020201
19.959552,15.655788,37.373089,2941.506923,-0.547347,11.577405,14.317396,5.339780,-46.020201
20.001239,15.664741,37.334620,2934.214376,-0.498654,11.317610,14.327677,5.343614,-46.020201
20.042854,15.673473,37.299817,2926.907248,-0.449992,11.056959,14.329880,5.344436,-46.020201
20.084418,15.681994,37.268652,2919.589726,-0.401529,10.795619,14.324096,5.342278,-46.020201
20.125909,15.690284,37.241096,2912.265979,-0.353419,10.533715,14.310452,5.337190,-46.020201
20.167328,15.698353,37.217101,2904.940130,-0.305820,10.271403,14.289115,5.329232,-46.020201
20.208685,15.706211,37.196590,2897.616259,-0.258897,10.008818,14.260285,5.318480,-46.020201
20.249979,15.713848,37.179508,2890.298355,-0.212787,9.746098,14.224196,5.305020,-46.020201
20.291191,15.721263,37.165768,2882.990308,-0.167645,9.483387,14.181113,5.288952,-46.020201
20.332341,15.728468,37.155275,2875.695906,-0.123607,9.220802,14.131327,5.270384,-46.020201
20.373419,15.735452,37.147933,2868.418829,-0.080828,8.958490,14.075158,5.249435,-46.020201
20.414424,15.742214,37.143629,2861.162587,-0.039425,8.696557,14.012944,5.226232,-46.020201
20.455347,15.748776,37.142249,2853.930554,0.000479,8.435119,13.945046,5.200909,-46.020201
20.496208,15.755116,37.143658,2846.725944,0.038759,8.174294,13.871841,5.173607,-46.020201
20.536986,15.761246,37.147724,2839.551797,0.075299,7.914198,13.793718,5.144470,-46.020201
20.577691,15.767164,37.154313,2832.410962,0.109996,7.654909,13.711079,5.113649,-46.020201
20.618324,15.772882,37.163273,2825.306116,0.142767,7.396523,13.624333,5.081297,-46.020201
20.658875,15.778378,37.174461,2818.239756,0.173497,7.139129,13.533893,5.047566,-46.020201
20.699353,15.783684,37.187706,2811.214146,0.202134,6.882814,13.440175,5.012613,-46.020201
20.739749,15.788778,37.202856,2804.231391,0.228584,6.627626,13.343594,4.976593,-46.020201
20.780061,15.793672,37.219748,2797.293374,0.252795,6.373644,13.244565,4.939659,-46.020201
20.820302,15.798364,37.238211,2790.401788,0.274704,6.120916,13.143495,4.901964,-46.020201
20.860470,15.802856,37.258073,2783.558124,0.294261,5.869499,13.040785,4.863658,-46.020201
20.900545,15.807157,37.279164,2776.763692,0.311432,5.619424,12.936830,4.824887,-46.020201
20.940548,15.811256,37.301322,2770.019582,0.326188,5.370730,12.832012,4.785795,-46.020201
20.980478,15.815165,37.324355,2763.326722,0.338507,5.123435,12.726703,4.746519,-46.020201
21.020315,15.818883,37.348103,2756.685848,0.348358,4.877559,12.621261,4.707193,-46.020201
21.060080,15.822420,37.372384,2750.097504,0.355741,4.633122,12.516032,4.667948,-46.020201
21.099762,15.825756,37.397027,2743.562064,0.360656,4.390133,12.411347,4.628905,-46.020201
21.139362,15.828911,37.421869,2737.079748,0.363114,4.148572,12.307522,4.590182,-46.020201
21.178879,15.831885,37.446741,2730.650613,0.363124,3.908441,12.204858,4.551893,-46.020201
21.218323,15.834669,37.471469,2724.274534,0.360688,3.669738,12.103640,4.514143,-46.020201
21.257675,15.837281,37.495893,2717.951273,0.355856,3.432426,12.004136,4.477032,-46.020201
21.296954,15.839713,37.519841,2711.680419,0.348650,3.196493,11.906601,4.440656,-46.020201
21.336150,15.841964,37.543179,2705.461454,0.339111,2.961893,11.811273,4.405103,-46.020201
21.375264,15.844044,37.565736,2699.293711,0.327261,2.728614,11.718374,4.370455,-46.020201
21.414305,15.845943,37.587360,2693.176405,0.313171,2.496599,11.628111,4.336791,-46.020201
21.453254,15.847681,37.607918,2687.108646,0.296885,2.265808,11.540678,4.304182,-46.020201
21.492130,15.849239,37.627267,2681.089421,0.278453,2.036184,11.456252,4.272695,-46.020201
21.530923,15.850636,37.645254,2675.117631,0.257949,1.807697,11.374998,4.242391,-46.020201
21.569634,15.851862,37.661774,2669.192061,0.235425,1.580260,11.297069,4.213326,-46.020201
21.608262,15.852917,37.676686,2663.311421,0.210954,1.353843,11.222602,4.185553,-46.020201
21.646807,15.853811,37.689864,2657.474333,0.184608,1.128360,11.151724,4.159119,-46.020201
21.685280,15.854544,37.701214,2651.679335,0.156461,0.903761,11.084552,4.134067,-46.020201
21.723660,15.855107,37.710603,2645.924896,0.126585,0.679959,11.021190,4.110435,-46.020201
21.761967,15.855519,37.717944,2640.209402,0.095064,0.456896,10.961731,4.088259,-46.020201
21.800192,15.855770,37.723143,2634.531197,0.061991,0.234494,10.906260,4.067571,-46.020201
21.838334,15.855851,37.726095,2628.888542,0.027439,0.012665,10.854853,4.048398,-46.020201
21.876393,15.855780,37.726723,2623.279649,-0.008508,-0.208658,10.807577,4.030766,-46.020201
21.914370,15.855559,37.724952,2617.702681,-0.045746,-0.429554,10.764490,4.014697,-46.020201
21.952264,15.855178,37.720705,2612.155737,-0.084192,-0.650119,10.725643,4.000209,-46.020201
21.990086,15.854635,37.713916,2606.636903,-0.123763,-0.870422,10.691080,3.987318,-46.020201
22.027814,15.853942,37.704537,2601.144181,-0.164344,-1.090569,10.660840,3.976040,-46.020201
22.065471,15.853178,37.695729,2595.664865,-0.106383,-1.086379,10.629783,3.964457,0.000000
22.103044,15.852414,37.690673,2590.189747,-0.049557,-1.082190,10.592896,3.950700,0.000000
22.140535,15.851651,37.689274,2584.722086,0.005977,-1.078011,10.550412,3.934855,0.000000
22.177943,15.850897,37.691416,2579.265039,0.060002,-1.073831,10.502590,3.917019,0.000000
22.215279,15.850143,37.696986,2573.821664,0.112371,-1.069651,10.449709,3.897297,0.000000
22.252543,15.849400,37.705851,2568.394898,0.162917,-1.065482,10.392067,3.875799,0.000000
22.289723,15.848656,37.717887,2562.987589,0.211474,-1.061302,10.329977,3.852642,0.000000
22.326821,15.847923,37.732941,2557.602425,0.257897,-1.057132,10.263766,3.827948,0.000000
22.363837,15.847189,37.750861,2552.241978,0.302060,-1.052953,10.193769,3.801842,0.000000
22.400790,15.846456,37.771486,2546.908646,0.343828,-1.048783,10.120330,3.774452,0.000000
22.437651,15.845732,37.794653,2541.604697,0.383087,-1.044603,10.043798,3.745909,0.000000
22.474439,15.845009,37.820191,2536.332244,0.419731,-1.040433,9.964523,3.716343,0.000000
22.511154,15.844295,37.847899,2531.093227,0.453679,-1.036254,9.882858,3.685886,0.000000
22.547798,15.843582,37.877627,2525.889445,0.484825,-1.032074,9.799151,3.654667,0.000000
22.584358,15.842878,37.909163,2520.722512,0.513118,-1.027895,9.713747,3.622815,0.000000
22.620846,15.842165,37.942328,2515.593911,0.538485,-1.023715,9.626986,3.590456,0.000000
22.657262,15.841472,37.976921,2510.504933,0.560884,-1.019526,9.539198,3.557715,0.000000
22.693595,15.840778,38.012771,2505.456716,0.580274,-1.015336,9.450706,3.524711,0.000000
22.729867,15.840085,38.049659,2500.450273,0.596613,-1.011137,9.361823,3.491562,0.000000
22.766055,15.839392,38.087404,2495.486417,0.609900,-1.006929,9.272849,3.458378,0.000000
22.802182,15.838708,38.125806,2490.565836,0.620116,-1.002730,9.184074,3.425269,0.000000
22.838225,15.838035,38.164675,2485.689084,0.627269,-0.998511,9.095773,3.392336,0.000000
22.874207,15.837352,38.203810,2480.856555,0.631352,-0.994293,9.008209,3.359679,0.000000
22.910116,15.836689,38.243040,2476.068506,0.632403,-0.990064,8.921630,3.327389,0.000000
22.945964,15.836015,38.282156,2471.325090,0.630446,-0.985827,8.836272,3.295554,0.000000
22.981739,15.835352,38.320987,2466.626288,0.625499,-0.981579,8.752356,3.264256,0.000000
23.017441,15.834689,38.359350,2461.972013,0.617616,-0.977331,8.670088,3.233574,0.000000
23.053072,15.834036,38.397067,2457.362037,0.606849,-0.973064,8.589662,3.203579,0.000000
23.088650,15.833383,38.433964,2452.796015,0.593249,-0.968788,8.511257,3.174337,0.000000
23.124157,15.832740,38.469871,2448.273508,0.576879,-0.964501,8.435040,3.145911,0.000000
23.159591,15.832096,38.504636,2443.793998,0.557812,-0.960205,8.361165,3.118359,0.000000
23.194962,15.831453,38.538077,2439.356846,0.536111,-0.955899,8.289772,3.091732,0.000000
23.230272,15.830820,38.570070,2434.961344,0.511858,-0.951583,8.220992,3.066080,0.000000
23.265520,15.830187,38.600445,2430.606679,0.485148,-0.947248,8.154942,3.041446,0.000000
23.300706,15.829554,38.629068,2426.291980,0.456053,-0.942903,8.091729,3.017871,0.000000
23.335830,15.828931,38.655806,2422.016293,0.424678,-0.938539,8.031452,2.995390,0.000000
23.370892,15.828308,38.680525,2417.778613,0.391105,-0.934175,7.974197,2.974036,0.000000
23.405891,15.827695,38.703111,2413.577830,0.355450,-0.929781,7.920044,2.953840,0.000000
23.440829,15.827082,38.723450,2409.412817,0.317805,-0.925378,7.869062,2.934825,0.000000
23.475715,15.826469,38.741417,2405.282350,0.278266,-0.920965,7.821314,2.917017,0.000000
23.510529,15.825867,38.756929,2401.185176,0.236966,-0.916533,7.776854,2.900436,0.000000
23.545291,15.825264,38.769879,2397.119984,0.193990,-0.912081,7.735730,2.885098,0.000000
23.579991,15.824671,38.780191,2393.085400,0.149453,-0.907620,7.697985,2.871021,0.000000
23.614639,15.824078,38.787770,2389.080025,0.103488,-0.903139,7.663654,2.858217,0.000000
23.649225,15.823485,38.792541,2385.102398,0.056190,-0.898648,7.632766,2.846697,0.000000
23.683750,15.822892,38.794455,2381.151037,0.007695,-0.894129,7.605348,2.836471,0.000000
23.718222,15.822309,38.793445,2377.224392,-0.041893,-0.889599,7.581419,2.827547,0.000000
23.752643,15.821737,38.789456,2373.320904,-0.092460,-0.885050,7.560996,2.819930,0.000000
23.787002,15.821164,38.782438,2369.438959,-0.143861,-0.880491,7.544090,2.813625,0.000000
23.821299,15.820591,38.772373,2365.576921,-0.196000,-0.875904,7.530708,2.808634,0.000000
23.855544,15.820018,38.759214,2361.733126,-0.248733,-0.871306,7.520855,2.804959,0.000000
