date,date,date,date,date,date,OT,OT,OT
0.04803,0.04803,57.69662,5079.20693,-0.46783,45.0001,7.032860194,2.619925468,0
0.09603,0.09603,57.63662,5075.37715,-0.43488,45.00025,7.081772333,2.638146527,0
0.14398,0.14399,57.58108,5071.51282,-0.40122,45.00044,7.12643814,2.654785715,0
0.19191,0.19191,57.5301,5067.61618,-0.36693,45.00067,7.166696183,2.669782895,0
0.23979,0.2398,57.48375,5063.68957,-0.33209,45.00096,7.202401959,2.683084236,0
0.28764,0.28765,57.44207,5059.73546,-0.29676,45.00128,7.233429137,2.694642677,0
0.33545,0.33546,57.40514,5055.75637,-0.26104,45.00165,7.259670661,2.704418335,0
0.38323,0.38324,57.37299,5051.75492,-0.22499,45.00207,7.281039681,2.712378857,0
0.43096,0.43098,57.34564,5047.73376,-0.18872,45.00253,7.297470308,2.718499698,0
0.47866,0.47869,57.32311,5043.69564,-0.15229,45.00303,7.308918173,2.722764328,0
0.52632,0.52635,57.30542,5039.64331,-0.1158,45.00358,7.315360789,2.725164373,0
0.57394,0.57398,57.29255,5035.57957,-0.07933,45.00418,7.316797707,2.725699662,0
0.62152,0.62158,57.2845,5031.50721,-0.04296,45.00481,7.313250461,2.72437822,0
0.6691,0.6691,57.27957,5027.43192,-0.03193,44.93032,7.306472134,2.721853115,-36.99999937
0.7167,0.71652,57.27608,5023.35808,-0.02112,44.85589,7.298214842,2.718777056,-36.99999937
0.76432,0.76385,57.274,5019.28655,-0.01056,44.78154,7.288520758,2.715165755,-36.99999937
0.81196,0.81107,57.27329,5015.2182,-0.00025,44.70728,7.277434278,2.711035749,-36.99999937
0.85963,0.8582,57.27392,5011.15385,0.00977,44.63313,7.265002818,2.706404704,-36.99999937
0.90731,0.90522,57.27584,5007.09432,0.01949,44.5591,7.251276611,2.70129133,-36.99999937
0.95502,0.95215,57.27902,5003.04039,0.0289,44.48521,7.2363085,2.695715315,-36.99999937
1.00275,0.99898,57.2834,4998.99283,0.03798,44.41146,7.220153724,2.689697236,-36.99999937
1.05051,1.0457,57.28894,4994.95236,0.0467,44.33787,7.202869702,2.683258483,-36.99999937
1.09828,1.09234,57.2956,4990.9197,0.05507,44.26445,7.184515809,2.676421175,-36.99999937
1.14608,1.13887,57.30332,4986.89551,0.06305,44.19121,7.165153154,2.669208076,-36.99999937
1.19389,1.1853,57.31204,4982.88045,0.07064,44.11817,7.144844356,2.661642515,-36.99999937
1.24173,1.23164,57.32173,4978.87511,0.07783,44.04532,7.123653325,2.653748298,-36.99999937
1.28958,1.27788,57.33231,4974.88009,0.08459,43.97269,7.10164504,2.645549633,-36.99999937
1.33746,1.32402,57.34374,4970.89592,0.09093,43.90027,7.078885336,2.637071044,-36.99999937
1.38536,1.37007,57.35596,4966.92312,0.09683,43.82809,7.055440689,2.628337296,-36.99999937
1.43327,1.41602,57.36891,4962.96216,0.10229,43.75613,7.031378017,2.619373318,-36.99999937
1.48121,1.46188,57.38252,4959.01348,0.10728,43.68442,7.006764478,2.610204127,-36.99999937
1.52916,1.50764,57.39674,4955.0775,0.11182,43.61296,6.981667283,2.600854762,-36.99999937
1.57713,1.5533,57.41151,4951.15457,0.11588,43.54174,6.956153512,2.591350211,-36.99999937
1.62512,1.59887,57.42676,4947.24503,0.11947,43.47079,6.930289942,2.58171535,-36.99999937
1.67313,1.64434,57.44244,4943.34919,0.12258,43.40009,6.904142886,2.571974884,-36.99999937
1.72116,1.68973,57.45847,4939.46729,0.1252,43.32966,6.877778037,2.562153284,-36.99999937
1.76921,1.73501,57.4748,4935.59957,0.12734,43.25949,6.851260327,2.552274739,-36.99999937
1.81727,1.78021,57.49135,4931.74622,0.12898,43.18959,6.824653796,2.542363106,-36.99999937
1.86535,1.82531,57.50808,4927.90739,0.13014,43.11996,6.798021467,2.532441863,-36.99999937
1.91345,1.87032,57.52491,4924.08321,0.13081,43.0506,6.77142524,2.522534069,-36.99999937
1.96156,1.91524,57.54179,4920.27376,0.13099,42.9815,6.744925787,2.512662325,-36.99999937
2.00969,1.96007,57.55864,4916.47909,0.13069,42.91268,6.718582463,2.502848744,-36.99999937
2.05784,2.0048,57.57541,4912.69922,0.12989,42.84412,6.692453229,2.493114917,-36.99999937
2.106,2.04945,57.59203,4908.93414,0.12862,42.77583,6.666594579,2.483481889,-36.99999937
2.15418,2.094,57.60845,4905.1838,0.12687,42.70779,6.641061481,2.473970139,-36.99999937
2.20238,2.13846,57.62459,4901.44814,0.12464,42.64002,6.615907327,2.464599554,-36.99999937
2.25059,2.18284,57.64041,4897.72703,0.12195,42.5725,6.591183889,2.455389423,-36.99999937
2.29881,2.22713,57.65585,4894.02034,0.11879,42.50523,6.566941287,2.446358416,-36.99999937
2.34706,2.27132,57.67083,4890.32791,0.11518,42.43821,6.543227961,2.437524578,-36.99999937
2.39531,2.31543,57.68532,4886.64953,0.11112,42.37143,6.520090655,2.428905323,-36.99999937
2.44358,2.35946,57.69925,4882.985,0.10663,42.30488,6.497574402,2.420517426,-36.99999937
2.49187,2.40339,57.71256,4879.33405,0.1017,42.23856,6.475722521,2.412377026,-36.99999937
2.54017,2.44724,57.72521,4875.69642,0.09636,42.17246,6.454576617,2.40449962,-36.99999937
2.58848,2.491,57.73715,4872.07179,0.0906,42.10658,6.434176586,2.396900072,-36.99999937
2.63681,2.53467,57.74831,4868.45986,0.08444,42.0409,6.414560623,2.389592609,-36.99999937
2.68516,2.57826,57.75865,4864.86026,0.0779,41.97542,6.395765238,2.382590834,-36.99999937
2.73351,2.62176,57.76814,4861.27262,0.07097,41.91013,6.377825276,2.375907726,-36.99999937
2.78189,2.66518,57.77671,4857.69656,0.06369,41.84502,6.360773933,2.369555652,-36.99999937
2.83027,2.70851,57.78432,4854.13166,0.05605,41.78008,6.34464278,2.363546373,-36.99999937
2.87867,2.75176,57.79094,4850.57748,0.04807,41.7153,6.329461792,2.357891056,-36.99999937
2.92708,2.79492,57.79652,4847.03356,0.03977,41.65068,6.315259369,2.35260028,-36.99999937
2.9755,2.838,57.80102,4843.49944,0.03115,41.58619,6.302062369,2.34768405,-36.99999937
3.02394,2.88099,57.8044,4839.97461,0.02224,41.52184,6.289896132,2.343151806,-36.99999937
3.07239,2.9239,57.80664,4836.45858,0.01304,41.4576,6.278784512,2.339012435,-36.99999937
3.12085,2.96673,57.8077,4832.95081,0.00358,41.39348,6.268749901,2.335274279,-36.99999937
3.16933,3.00947,57.80754,4829.45077,-0.00614,41.32945,6.259813263,2.331945146,-36.99999937
3.21782,3.05213,57.80613,4825.95789,-0.01609,41.2655,6.251994155,2.329032323,-36.99999937
3.26632,3.09471,57.80346,4822.47161,-0.02626,41.20163,6.245310757,2.326542581,-36.99999937
3.31483,3.1372,57.7995,4818.99133,-0.03664,41.13781,6.239779892,2.324482188,-36.99999937
3.36335,3.17961,57.79421,4815.51646,-0.0472,41.07405,6.235417055,2.322856917,-36.99999937
3.41189,3.22194,57.78759,4812.04639,-0.05794,41.01032,6.232236426,2.321672049,-36.99999937
3.46044,3.26419,57.77961,4808.58049,-0.06883,40.94662,6.230250893,2.320932385,-36.99999937
3.509,3.30635,57.77025,4805.11814,-0.07986,40.88292,6.229472065,2.320642252,-36.99999937
3.55757,3.34844,57.75951,4801.65868,-0.091,40.81922,6.229910289,2.320805501,-36.99999937
3.60616,3.39044,57.74737,4798.20146,-0.10226,40.75551,6.231574656,2.321425522,-36.99999937
3.65475,3.43235,57.73382,4794.74582,-0.11359,40.69176,6.234473011,2.322505235,-36.99999937
3.70336,3.47419,57.71885,4791.29108,-0.125,40.62797,6.238611956,2.324047101,-36.99999937
3.75198,3.51595,57.70246,4787.83657,-0.13645,40.56412,6.243996851,2.326053117,-36.99999937
3.80061,3.55762,57.68464,4784.3816,-0.14794,40.5002,6.250631816,2.328524815,-36.99999937
3.84925,3.59921,57.6654,4780.92547,-0.15944,40.4362,6.25851972,2.331463267,-36.99999937
3.89791,3.64072,57.64473,4777.46749,-0.17093,40.3721,6.267662176,2.334869073,-36.99999937
3.94657,3.68214,57.62264,4774.00695,-0.18241,40.30788,6.278059529,2.33874236,-36.99999937
3.99525,3.72349,57.59914,4770.54314,-0.19384,40.24354,6.289710841,2.34308278,-36.99999937
4.04393,3.76475,57.57423,4767.07536,-0.20522,40.17906,6.302613872,2.347889499,-36.99999937
4.09263,3.80593,57.54792,4763.60288,-0.21652,40.11442,6.316765062,2.35316119,-36.99999937
4.14134,3.84702,57.52023,4760.12498,-0.22773,40.04961,6.332159501,2.358896023,-36.99999937
4.19006,3.88804,57.49117,4756.64096,-0.23883,39.98462,6.348790909,2.36509166,-36.99999937
4.23879,3.92897,57.46075,4753.15008,-0.2498,39.91944,6.366651602,2.371745238,-36.99999937
4.28753,3.96981,57.429,4749.65164,-0.26062,39.85404,6.38573246,2.37885336,-36.99999937
4.33628,4.01058,57.39595,4746.1449,-0.27128,39.78842,6.406022893,2.38641208,-36.99999937
4.38504,4.05126,57.3616,4742.62917,-0.28175,39.72255,6.427510807,2.394416894,-36.99999937
4.43382,4.09186,57.32599,4739.10371,-0.29203,39.65644,6.450182561,2.402862719,-36.99999937
4.4826,4.13237,57.28914,4735.56783,-0.30209,39.59006,6.474022931,2.411743883,-36.99999937
4.5314,4.1728,57.2511,4732.02082,-0.31192,39.5234,6.499015064,2.421054111,-36.99999937
4.5802,4.21315,57.21187,4728.46198,-0.3215,39.45645,6.525140444,2.430786502,-36.99999937
4.62902,4.25341,57.17151,4724.89061,-0.33081,39.38919,6.55237884,2.440933521,-36.99999937
4.67785,4.29358,57.13004,4721.30603,-0.33985,39.32162,6.58070827,2.451486979,-36.99999937
4.72668,4.33367,57.08751,4717.70757,-0.34858,39.25371,6.610104957,2.462438019,-36.99999937
4.77553,4.37368,57.04395,4714.09456,-0.35701,39.18545,6.640543287,2.473777098,-36.99999937
4.82439,4.41359,56.99941,4710.46634,-0.3651,39.11684,6.671995771,2.485493975,-36.99999937
4.87325,4.45343,56.95392,4706.82228,-0.37286,39.04786,6.704433003,2.497577698,-36.99999937
4.92213,4.49317,56.90753,4703.16173,-0.38025,38.9785,6.737823629,2.510016585,-36.99999937
4.97102,4.53283,56.86029,4699.4841,-0.38728,38.90875,6.772134312,2.522798217,-36.99999937
5.01992,4.5724,56.81225,4695.78876,-0.39393,38.8386,6.807329703,2.535909426,-36.99999937
5.06883,4.61188,56.76346,4692.07516,-0.40018,38.76803,6.843372416,2.549336285,-36.99999937
5.11775,4.65127,56.71396,4688.34271,-0.40602,38.69704,6.880223011,2.563064101,-36.99999937
5.16667,4.69057,56.6638,4684.59088,-0.41144,38.62561,6.917839976,2.57707741,-36.99999937
5.21561,4.72979,56.61305,4680.81915,-0.41643,38.55374,6.956179722,2.591359974,-36.99999937
5.26456,4.76891,56.56176,4677.027,-0.42098,38.48142,6.995196578,2.60589478,-36.99999937
5.31352,4.80794,56.50998,4673.21397,-0.42508,38.40863,7.034842804,2.620664042,-36.99999937
5.36249,4.84688,56.45777,4669.3796,-0.42872,38.33538,7.075068597,2.635649209,-36.99999937
5.41147,4.88573,56.40518,4665.52347,-0.4319,38.26165,7.115822122,2.650830969,-36.99999937
5.46045,4.92449,56.35228,4661.64517,-0.4346,38.18743,7.157049539,2.666189267,-36.99999937
5.50945,4.96316,56.29913,4657.74434,-0.43681,38.11272,7.19869505,2.681703315,-36.99999937
5.55846,5.00173,56.24577,4653.82063,-0.43854,38.03752,7.24070095,2.697351618,-36.99999937
5.60747,5.04021,56.19229,4649.87374,-0.43977,37.96181,7.283007692,2.713111993,-36.99999937
5.6565,5.07859,56.13872,4645.90339,-0.44051,37.8856,7.325553962,2.728961598,-36.99999937
5.70553,5.11688,56.08515,4641.90934,-0.44075,37.80888,7.368276768,2.744876967,-36.99999937
5.75458,5.15507,56.03162,4637.89137,-0.44049,37.73164,7.411111539,2.760834046,-36.99999937
5.80363,5.19317,55.9782,4633.84933,-0.43972,37.65389,7.453992239,2.776808235,-36.99999937
5.85269,5.23117,55.92496,4629.78308,-0.43845,37.57561,7.496851487,2.792774433,-36.99999937
5.90176,5.26907,55.87194,4625.69251,-0.43667,37.49682,7.539620703,2.808707091,-36.99999937
5.95084,5.30687,55.81922,4621.57758,-0.43439,37.41751,7.582230249,2.824580268,-36.99999937
5.99993,5.34458,55.76684,4617.43826,-0.43161,37.33768,7.624609597,2.840367691,-36.99999937
6.04903,5.38218,55.71489,4613.27458,-0.42834,37.25734,7.666687502,2.856042817,-36.99999937
6.09813,5.41969,55.6634,4609.0866,-0.42457,37.17647,7.708392187,2.87157891,-36.99999937
6.14725,5.4571,55.61244,4604.87442,-0.42032,37.0951,7.749651542,2.886949105,-36.99999937
6.19637,5.4944,55.56207,4600.6382,-0.4156,37.01321,7.790393332,2.902126494,-36.99999937
6.2455,5.53161,55.51235,4596.37812,-0.4104,36.93082,7.830545412,2.9170842,-36.99999937
6.29464,5.56871,55.46332,4592.09441,-0.40474,36.84793,7.870035957,2.931795467,-36.99999937
6.34378,5.60571,55.41505,4587.78736,-0.39863,36.76455,7.908793694,2.946233744,-36.99999937
6.39294,5.6426,55.36759,4583.45727,-0.39208,36.68068,7.946748141,2.960372774,-36.99999937
6.4421,5.6794,55.32097,4579.1045,-0.3851,36.59633,7.98382986,2.97418669,-36.99999937
6.49127,5.71608,55.27527,4574.72946,-0.37771,36.51151,8.019970696,2.987650102,-36.99999937
6.54044,5.75267,55.23052,4570.33259,-0.36992,36.42623,8.055104042,3.000738198,-36.99999937
6.58963,5.78915,55.18676,4565.91436,-0.36174,36.3405,8.089165083,3.013426832,-36.99999937
6.63882,5.82552,55.14405,4561.4753,-0.3532,36.25433,8.122091053,3.025692622,-36.99999937
6.68802,5.86179,55.10242,4557.01598,-0.3443,36.16773,8.153821487,3.037513044,-36.99999937
6.73722,5.89794,55.06191,4552.53698,-0.33508,36.08071,8.184298465,3.04886652,-36.99999937
6.78643,5.934,55.02256,4548.03894,-0.32554,35.99329,8.213466852,3.059732512,-36.99999937
6.83565,5.96994,54.9844,4543.52254,-0.3157,35.90548,8.241274535,3.070091605,-36.99999937
6.88487,6.00578,54.94746,4538.98846,-0.30559,35.8173,8.267672643,3.079925595,-36.99999937
6.9341,6.04151,54.91178,4534.43746,-0.29523,35.72875,8.292615761,3.089217563,-36.99999937
6.98333,6.07713,54.87738,4529.87029,-0.28465,35.63987,8.316062134,3.097951954,-36.99999937
7.03257,6.11264,54.84428,4525.28774,-0.27385,35.55065,8.337973846,3.106114643,-36.99999937
7.08182,6.14804,54.8125,4520.69064,-0.26287,35.46112,8.358316998,3.113693002,-36.99999937
7.13107,6.18333,54.78206,4516.07981,-0.25173,35.37129,8.377061855,3.120675955,-36.99999937
7.18032,6.21852,54.75298,4511.45614,-0.24046,35.28119,8.394182986,3.127054026,-36.99999937
7.22958,6.25359,54.72526,4506.82049,-0.22908,35.19082,8.409659377,3.132819389,-36.99999937
7.27884,6.28855,54.69892,4502.17377,-0.21761,35.10022,8.423474527,3.137965896,-36.99999937
7.32811,6.3234,54.67396,4497.51689,-0.20608,35.00938,8.435616525,3.14248911,-36.99999937
7.37738,6.35814,54.65039,4492.85078,-0.19452,34.91835,8.4460781,3.146386322,-36.99999937
7.42666,6.39277,54.6282,4488.17637,-0.18295,34.82712,8.454856652,3.149656563,-36.99999937
7.47594,6.42729,54.6074,4483.49461,-0.1714,34.73573,8.461954262,3.15230061,-36.99999937
7.52522,6.46169,54.58796,4478.80643,-0.15989,34.64418,8.467377679,3.154320976,-36.99999937
7.5745,6.49599,54.5699,4474.11278,-0.14845,34.5525,8.471138284,3.1557219,-36.99999937
7.62379,6.53017,54.55318,4469.41461,-0.1371,34.46071,8.47325203,3.156509326,-36.99999937
7.67308,6.56424,54.53781,4464.71287,-0.12587,34.36882,8.473739369,3.156690872,-36.99999937
7.72237,6.5982,54.52375,4460.00848,-0.11479,34.27686,8.472625149,3.156275796,-36.99999937
7.77167,6.63205,54.51099,4455.30238,-0.10387,34.18484,8.469938497,3.155274948,-36.99999937
7.82096,6.66579,54.49951,4450.59547,-0.09315,34.09278,8.465712686,3.153700722,-36.99999937
7.87026,6.69941,54.48928,4445.88866,-0.08265,34.00069,8.459984974,3.151566998,-36.99999937
7.91956,6.73293,54.48026,4441.18284,-0.07238,33.9086,8.452796442,3.148889081,-36.99999937
7.96886,6.76633,54.47243,4436.47887,-0.06238,33.81651,8.444191805,3.145683628,-36.99999937
8.01816,6.79962,54.46576,4431.77761,-0.05266,33.72445,8.434219218,3.141968577,-36.99999937
8.06747,6.8328,54.4602,4427.07986,-0.04325,33.63244,8.422930066,3.13776307,-36.99999937
8.11677,6.86587,54.45572,4422.38645,-0.03416,33.54048,8.410378744,3.133087372,-36.99999937
8.16607,6.89883,54.45228,4417.69813,-0.02542,33.44859,8.396622434,3.127962785,-36.99999937
8.21537,6.93167,54.44983,4413.01566,-0.01704,33.35678,8.381720873,3.122411561,-36.99999937
8.26468,6.96441,54.44832,4408.33975,-0.00905,33.26508,8.365736109,3.116456816,-36.99999937
8.31398,6.99704,54.44772,4403.67109,-0.00145,33.17348,8.348732269,3.110122439,-36.99999937
8.36328,7.02955,54.44797,4399.01033,0.00574,33.08201,8.33077531,3.103432999,-36.99999937
8.41258,7.06196,54.44903,4394.3581,0.01249,32.99067,8.31193278,3.096413661,-36.99999937
8.46188,7.09426,54.45083,4389.71497,0.0188,32.89948,8.292273576,3.08909009,-36.99999937
8.51118,7.12645,54.45333,4385.0815,0.02466,32.80844,8.271867706,3.081488367,-36.99999937
8.56047,7.15853,54.45647,4380.45821,0.03005,32.71756,8.250786058,3.073634898,-36.99999937
8.60977,7.1905,54.46021,4375.84556,0.03496,32.62685,8.229100165,3.065556332,-36.99999937
8.65906,7.22236,54.46447,4371.24401,0.03939,32.53632,8.206881992,3.057279478,-36.99999937
8.70835,7.25411,54.4692,4366.65395,0.04332,32.44598,8.184203712,3.048831222,-36.99999937
8.75763,7.28576,54.47435,4362.07574,0.04675,32.35582,8.161137508,3.040238454,-36.99999937
8.80692,7.3173,54.47986,4357.50971,0.04967,32.26586,8.137755371,3.031527993,-36.99999937
8.8562,7.34873,54.48566,4352.95614,0.05207,32.1761,8.114128911,3.022726515,-36.99999937
8.90548,7.38006,54.49171,4348.41529,0.05396,32.08654,8.090329186,3.013860491,-36.99999937
8.95476,7.41128,54.49793,4343.88735,0.05533,31.99719,8.066426528,3.004956122,-36.99999937
9.00403,7.44239,54.50427,4339.37251,0.05618,31.90803,8.042490392,2.996039282,-36.99999937
9.0533,7.4734,54.51067,4334.87088,0.0565,31.81909,8.018589208,2.987135462,-36.99999937
9.10256,7.5043,54.51708,4330.38257,0.05631,31.73035,7.994790248,2.978269723,-36.99999937
9.15182,7.5351,54.52342,4325.90763,0.05559,31.64182,7.971159504,2.969466649,-36.99999937
9.20108,7.56579,54.52965,4321.44608,0.05436,31.55348,7.947761577,2.960750306,-36.99999937
9.25033,7.59638,54.5357,4316.9979,0.05261,31.46535,7.924659572,2.952144201,-36.99999937
9.29958,7.62687,54.54152,4312.56303,0.05035,31.37742,7.901915011,2.943671253,-36.99999937
9.34883,7.65725,54.54705,4308.1414,0.04759,31.28968,7.879587752,2.935353762,-36.99999937
9.39807,7.68753,54.55224,4303.73287,0.04434,31.20213,7.857735916,2.927213378,-36.99999937
9.4473,7.7177,54.55702,4299.3373,0.04059,31.11476,7.836415832,2.919271086,-36.99999937
9.49653,7.74778,54.56136,4294.95448,0.03637,31.02756,7.815681975,2.911547179,-36.99999937
9.54575,7.77775,54.56519,4290.5842,0.03167,30.94054,7.79558693,2.904061246,-36.99999937
9.59497,7.80762,54.56846,4286.2262,0.02651,30.85368,7.776181354,2.896832158,-36.99999937
9.64419,7.83738,54.57112,4281.88021,0.0209,30.76698,7.757513944,2.889878057,-36.99999937
9.69339,7.86705,54.57313,4277.5459,0.01486,30.68042,7.739631417,2.883216345,-36.99999937
9.74257,7.89666,54.57618,4273.21934,0.03967,30.68753,7.720663635,2.876150347,0
9.7917,7.92624,54.58198,4268.89799,0.06398,30.69466,7.698774015,2.867995887,0
9.84077,7.95581,54.59046,4264.58359,0.08773,30.70183,7.674064116,2.8587908,0
9.88979,7.98536,54.60155,4260.27783,0.11085,30.70902,7.646644807,2.848576386,0
9.93875,8.01489,54.61516,4255.98237,0.13329,30.71624,7.616634911,2.83739691,0
9.98766,8.0444,54.63122,4251.69879,0.15501,30.72348,7.584160415,2.825299306,0
10.03652,8.07389,54.64964,4247.42863,0.17595,30.73076,7.549353659,2.812332873,0
10.08533,8.10336,54.67032,4243.17334,0.19606,30.73806,7.512352502,2.798548969,0
10.13408,8.13281,54.69316,4238.93434,0.2153,30.7454,7.473299493,2.784000695,0
10.18278,8.16225,54.71807,4234.71295,0.23364,30.75276,7.432341032,2.768742591,0
10.23143,8.19166,54.74493,4230.51043,0.25102,30.76014,7.389626555,2.752830325,0
10.28002,8.22106,54.77364,4226.32797,0.26742,30.76756,7.345307724,2.736320394,0
10.32857,8.25044,54.80407,4222.16667,0.28281,30.77501,7.299537646,2.719269836,0
10.37706,8.2798,54.83612,4218.02756,0.29715,30.78248,7.252470131,2.701735948,0
10.4255,8.30914,54.86966,4213.91158,0.31042,30.78999,7.204258967,2.683776021,0
10.47389,8.33847,54.90457,4209.81962,0.32259,30.79752,7.155057255,2.665447088,0
10.52223,8.36777,54.94072,4205.75245,0.33365,30.80508,7.105016775,2.646805693,0
10.57052,8.39706,54.978,4201.7108,0.34357,30.81268,7.054287403,2.627907667,0
10.61875,8.42634,55.01627,4197.69529,0.35236,30.8203,7.003016578,2.608807936,0
10.66694,8.45559,55.0554,4193.70647,0.35998,30.82795,6.951348818,2.589560336,0
10.71508,8.48483,55.09527,4189.74483,0.36644,30.83563,6.899425286,2.570217454,0
10.76316,8.51405,55.13574,4185.81075,0.37173,30.84335,6.84738341,2.550830486,0
10.8112,8.54326,55.17669,4181.90458,0.37584,30.85109,6.795356555,2.531449113,0
10.85919,8.57245,55.218,4178.02654,0.37879,30.85886,6.743473735,2.512121398,0
10.90713,8.60163,55.25952,4174.17684,0.38057,30.86667,6.69185939,2.492893696,0
10.95503,8.63078,55.30113,4170.35557,0.38118,30.87451,6.640633189,2.473810589,0
11.00287,8.65993,55.34271,4166.56278,0.38063,30.88237,6.589909898,2.454914828,0
11.05067,8.68906,55.38413,4162.79846,0.37895,30.89027,6.539799272,2.436247301,0
11.09842,8.71817,55.42526,4159.06251,0.37612,30.8982,6.490405994,2.417847006,0
11.14612,8.74727,55.46599,4155.3548,0.37219,30.90616,6.441829653,2.39975104,0
11.19378,8.77635,55.5062,4151.67511,0.36714,30.91416,6.394164745,2.381994608,0
11.24139,8.80542,55.54576,4148.02319,0.36102,30.92218,6.347500714,2.364611029,0
11.28895,8.83448,55.58457,4144.39874,0.35384,30.93024,6.301922012,2.347631763,0
11.33647,8.86352,55.62251,4140.80138,0.34561,30.93833,6.257508188,2.331086445,0
11.38394,8.89255,55.65947,4137.2307,0.33637,30.94646,6.214333993,2.315002921,0
11.43137,8.92156,55.69534,4133.68624,0.32614,30.95462,6.172469507,2.299407299,0
11.47875,8.95057,55.73002,4130.16751,0.31495,30.96281,6.131980277,2.284323995,0
11.52609,8.97955,55.76342,4126.67394,0.30282,30.97103,6.092927473,2.269775798,0
11.57339,9.00853,55.79542,4123.20497,0.28979,30.97929,6.055368043,2.255783922,0
11.62064,9.03749,55.82595,4119.75996,0.27588,30.98758,6.019354886,2.242368074,0
11.66784,9.06645,55.8549,4116.33825,0.26113,30.9959,5.984937027,2.229546516,0
11.71501,9.09538,55.8822,4112.93914,0.24557,31.00426,5.95215979,2.217336133,0
11.76213,9.12431,55.90776,4109.56192,0.22924,31.01265,5.921064977,2.205752496,0
11.80921,9.15323,55.9315,4106.2058,0.21217,31.02107,5.891691044,2.194809934,0
11.85624,9.18213,55.95335,4102.87002,0.19439,31.02953,5.864073277,2.184521589,0
11.90323,9.21102,55.97324,4099.55375,0.17595,31.03803,5.838243959,2.174899488,0
11.95018,9.23991,55.9911,4096.25614,0.15688,31.04656,5.814232539,2.165954602,0
11.99709,9.26878,56.00687,4092.97633,0.13721,31.05512,5.792065786,2.157696904,0
12.04396,9.29763,56.02048,4089.71342,0.117,31.06372,5.771767943,2.150135423,0
12.09078,9.32648,56.0319,4086.46651,0.09626,31.07235,5.753360868,2.143278304,0
12.13757,9.35532,56.04107,4083.23464,0.07506,31.08102,5.736864172,2.13713285,0
12.18431,9.38415,56.04793,4080.01687,0.05342,31.08972,5.722295333,2.131705574,0
12.23101,9.41297,56.05247,4076.81221,0.03138,31.09845,5.70966982,2.127002238,0
12.27767,9.44177,56.05462,4073.61967,0.009,31.10722,5.699001187,2.123027892,0
12.32429,9.47057,56.05437,4070.43824,-0.0137,31.11603,5.690301167,2.119786906,0
12.37087,9.49936,56.05169,4067.26689,-0.03667,31.12487,5.683579752,2.117283002,0
12.41741,9.52813,56.04656,4064.10457,-0.05987,31.13375,5.678845254,2.115519276,0
12.46391,9.5569,56.03895,4060.95022,-0.08325,31.14266,5.676104365,2.114498223,0
12.51036,9.58566,56.02885,4057.80278,-0.10678,31.1516,5.675362196,2.114221746,0
12.55678,9.6144,56.01626,4054.66115,-0.13041,31.16058,5.676622304,2.114691169,0
12.60314,9.64318,55.99905,4051.52894,-0.19391,31.25909,5.681587715,2.116540915,47.99999918
12.64941,9.67202,55.97513,4048.4085,-0.25744,31.35785,5.691961953,2.120405592,47.99999918
12.69559,9.70092,55.94449,4045.29678,-0.32089,31.45695,5.707755964,2.126289277,47.99999918
12.7417,9.72989,55.90717,4042.19074,-0.38421,31.55646,5.728988961,2.134199127,47.99999918
12.78771,9.75893,55.86319,4039.08728,-0.4473,31.65649,5.755688613,2.14414545,47.99999918
12.83365,9.78803,55.81258,4035.98326,-0.51009,31.7571,5.787890856,2.156141633,47.99999918
12.87949,9.8172,55.75541,4032.87553,-0.57251,31.8584,5.825639645,2.17020405,47.99999918
12.92525,9.84643,55.69171,4029.76085,-0.63447,31.96048,5.868986675,2.186351959,47.99999918
12.97093,9.87573,55.62156,4026.63597,-0.69589,32.06341,5.917991048,2.204607377,47.99999918
13.01652,9.90509,55.54502,4023.49755,-0.7567,32.1673,5.972718887,2.224994937,47.99999918
13.06201,9.93453,55.46218,4020.34222,-0.81679,32.27224,6.03324289,2.247541721,47.99999918
13.10743,9.96403,55.37312,4017.16652,-0.87611,32.37833,6.099641817,2.272277068,47.99999918
13.15275,9.9936,55.27794,4013.96693,-0.93455,32.48565,6.171999903,2.299232359,47.99999918
13.19798,10.02324,55.17675,4010.73988,-0.99203,32.59431,6.25040619,2.328440764,47.99999918
13.24312,10.05295,55.06967,4007.48171,-1.04847,32.70441,6.334953762,2.359936959,47.99999918
13.28816,10.08273,54.95681,4004.18869,-1.10378,32.81605,6.425738888,2.393756807,47.99999918
13.33311,10.11258,54.83831,4000.857,-1.15786,32.92933,6.522860047,2.429936994,47.99999918
13.37797,10.1425,54.71432,3997.48275,-1.21062,33.04437,6.626416839,2.468514624,47.99999918
13.42273,10.1725,54.58499,3994.06199,-1.26197,33.16126,6.736508759,2.509526761,47.99999918
13.46739,10.20257,54.45048,3990.59066,-1.31182,33.28012,6.853233836,2.553009923,47.99999918
13.51195,10.23272,54.31097,3987.06463,-1.36006,33.40105,6.976687115,2.598999518,47.99999918
13.55641,10.26294,54.16664,3983.47972,-1.4066,33.52418,7.106958987,2.647529218,47.99999918
13.60076,10.29324,54.01769,3979.83163,-1.45133,33.64962,7.244133337,2.698630273,47.99999918
13.64501,10.32362,53.86431,3976.11603,-1.49417,33.77748,7.38828553,2.752330757,47.99999918
13.68915,10.35408,53.70673,3972.3285,-1.535,33.90789,7.539480197,2.808654749,47.99999918
13.73318,10.38462,53.54516,3968.46459,-1.57372,34.04097,7.697768847,2.867621436,47.99999918
13.7771,10.41524,53.37985,3964.51976,-1.61022,34.17683,7.863187283,2.929244156,47.99999918
13.8209,10.44595,53.21104,3960.48945,-1.64441,34.3156,8.035752833,2.993529364,47.99999918
13.86458,10.47674,53.03898,3956.36908,-1.67618,34.45741,8.215461397,3.060475532,47.99999918
13.90815,10.50762,52.86395,3952.15403,-1.70541,34.60238,8.402284326,3.130071989,47.99999918
13.95159,10.53858,52.68622,3947.8397,-1.73201,34.75063,8.59616514,3.202297693,47.99999918
13.9949,10.56963,52.50608,3943.42147,-1.75587,34.90229,8.797016119,3.277119968,47.99999918
14.03809,10.60078,52.32383,3938.8948,-1.77689,35.05748,9.004714776,3.354493182,47.99999918
14.08114,10.63201,52.13978,3934.25515,-1.79497,35.21632,9.21910027,3.43435742,47.99999918
14.12406,10.66334,51.95424,3929.4981,-1.80999,35.37893,9.439969788,3.516637127,47.99999918
14.16684,10.69476,51.76755,3924.6193,-1.82188,35.54543,9.667074949,3.601239775,47.99999918
14.20947,10.72628,51.58003,3919.61455,-1.83053,35.71594,9.900118301,3.688054555,47.99999918
14.25196,10.7579,51.39205,3914.47979,-1.83585,35.89056,10.13874997,3.77695113,47.99999918
14.2943,10.78962,51.20394,3909.21116,-1.83777,36.06939,10.38256454,3.867778474,47.99999918
14.33649,10.82144,51.01607,3903.80502,-1.8362,36.25253,10.63109828,3.960363832,47.99999918
14.37852,10.85336,50.8288,3898.25799,-1.83107,36.44008,10.88382675,4.054511837,47.99999918
14.42039,10.88539,50.64251,3892.56696,-1.82231,36.63211,11.14016296,4.150003817,47.99999918
14.46209,10.91752,50.45758,3886.72919,-1.80987,36.8287,11.39945611,4.246597338,47.99999918
14.50362,10.94976,50.27438,3880.74227,-1.79371,37.02991,11.66099112,4.34402601,47.99999918
14.54498,10.98211,50.09329,3874.60423,-1.77378,37.23579,11.92398893,4.441999616,47.99999918
14.58616,11.01457,49.91471,3868.31351,-1.75006,37.44639,12.18760778,4.540204574,47.99999918
14.62715,11.04714,49.73901,3861.86907,-1.72255,37.66172,12.45094547,4.63830479,47.99999918
14.66796,11.07982,49.56658,3855.27036,-1.69124,37.8818,12.71304273,4.735942919,47.99999918
14.70858,11.11262,49.39779,3848.51739,-1.65614,38.10662,12.97288783,4.832742055,47.99999918
14.749,11.14553,49.23302,3841.61076,-1.61729,38.33616,13.22942226,4.92830788,47.99999918
14.78922,11.17856,49.07264,3834.55168,-1.57474,38.57038,13.48154773,5.022231249,47.99999918
14.82923,11.21171,48.91701,3827.342,-1.52854,38.80922,13.72813431,5.11409124,47.99999918
14.86904,11.24498,48.76647,3819.98422,-1.47878,39.0526,13.96802979,5.203458618,47.99999918
14.90863,11.27836,48.62137,3812.48151,-1.42555,39.30044,14.20007,5.289899703,47.99999918
14.94801,11.31186,48.48204,3804.83772,-1.36897,39.55261,14.42309019,5.37298059,47.99999918
14.98716,11.34549,48.34877,3797.05738,-1.30917,39.80898,14.63593708,5.452271658,47.99999918
15.02609,11.37923,48.22187,3789.14569,-1.24631,40.06938,14.83748163,5.527352303,47.99999918
15.06478,11.4131,48.10161,3781.10852,-1.18054,40.33366,15.02663203,5.597815806,47.99999918
15.10325,11.44708,47.98825,3772.95237,-1.11205,40.6016,15.20234698,5.66327425,47.99999918
15.14148,11.48119,47.88201,3764.68436,-1.04105,40.873,15.36364869,5.723363377,47.99999918
15.17947,11.51541,47.78312,3756.3122,-0.96775,41.14763,15.50963546,5.777747291,47.99999918
15.21721,11.54976,47.69174,3747.84411,-0.89239,41.42524,15.63949365,5.826122886,47.99999918
15.25471,11.58422,47.60805,3739.28881,-0.81519,41.70557,15.75250856,5.86822391,47.99999918
15.29196,11.61881,47.53218,3730.65547,-0.73643,41.98834,15.84807404,5.903824568,47.99999918
15.32896,11.65351,47.46424,3721.95361,-0.65636,42.27327,15.92570075,5.932742561,47.99999918
15.36571,11.68832,47.40429,3713.19306,-0.57527,42.56006,15.98502258,5.954841503,47.99999918
15.4022,11.72325,47.35241,3704.38389,-0.49342,42.8484,16.02580132,5.970032656,47.99999918
15.43844,11.7583,47.30859,3695.53635,-0.4111,43.13798,16.04792937,5.978275935,47.99999918
15.47442,11.79345,47.27285,3686.66079,-0.32861,43.42849,16.05143041,5.979580166,47.99999918
15.51014,11.82872,47.24515,3677.76755,-0.24623,43.71962,16.03645813,5.9740026,47.99999918
15.5456,11.8641,47.22541,3668.86695,-0.16424,44.01105,16.00329297,5.961647702,47.99999918
15.58081,11.89958,47.21356,3659.9692,-0.08293,44.30246,15.95233696,5.942665248,47.99999918
15.61575,11.93517,47.20948,3651.08429,-0.00258,44.59355,15.884107,5.917247795,47.99999918
15.65044,11.97086,47.21302,3642.22199,0.07654,44.88402,15.79922653,5.885627585,47.99999918
15.68487,12.00665,47.22401,3633.39175,0.15417,45.17358,15.6984159,5.848072973,47.99999918
15.71904,12.04254,47.24228,3624.60266,0.23005,45.46194,15.58248181,5.804884473,47.99999918
15.75295,12.07853,47.2676,3615.86339,0.30395,45.74884,15.45230584,5.756390499,47.99999918
15.78661,12.11461,47.29974,3607.18219,0.37564,46.03403,15.30883257,5.702942934,47.99999918
15.82001,12.15078,47.33846,3598.56679,0.4449,46.31726,15.15305741,5.644912585,47.99999918
15.85317,12.18705,47.38348,3590.02442,0.51154,46.5983,14.98601435,5.582684652,47.99999918
15.88607,12.22339,47.43452,3581.56177,0.57537,46.87696,14.80876409,5.516654264,47.99999918
15.91873,12.25983,47.49128,3573.18498,0.63622,47.15305,14.62238243,5.447222192,47.99999918
15.95114,12.29634,47.55344,3564.89962,0.69394,47.42638,14.42794941,5.374790776,47.99999918
15.98331,12.33294,47.62069,3556.7107,0.7484,47.6968,14.22653911,5.299760142,47.99999918
16.01524,12.36961,47.6927,3548.62267,0.79948,47.96418,14.01921041,5.222524744,47.99999918
16.04694,12.40636,47.76912,3540.63941,0.84708,48.2284,13.8069986,5.143470262,47.99999918
16.0784,12.44319,47.84962,3532.76426,0.89111,48.48935,13.59090813,5.062970877,47.99999918
16.10963,12.48008,47.93383,3525.00003,0.93151,48.74696,13.37190632,4.98138694,47.99999918
16.14063,12.51704,48.02142,3517.34902,0.96822,49.00115,13.15091812,4.899063023,47.99999918
16.17141,12.55407,48.11202,3509.81302,1.00119,49.25187,12.92882195,4.816326356,47.99999918
16.20197,12.59116,48.20528,3502.39338,1.03042,49.4991,12.70644643,4.733485622,47.99999918
16.23231,12.62832,48.30086,3495.09098,1.05587,49.74279,12.4845681,4.650830106,47.99999918
16.26244,12.66554,48.39838,3487.90629,1.07756,49.98296,12.26390998,4.568629152,47.99999918
16.29236,12.70281,48.49752,3480.8394,1.09549,50.21961,12.04514092,4.487131921,47.99999918
16.32207,12.74014,48.59792,3473.89003,1.1097,50.45274,11.8288756,4.406567398,47.99999918
16.35157,12.77753,48.69924,3467.05754,1.1202,50.6824,11.61567521,4.327144641,47.99999918
16.38087,12.81497,48.80115,3460.34103,1.12706,50.90862,11.4060486,4.249053214,47.99999918
16.40998,12.85247,48.90332,3453.73928,1.13031,51.13145,11.20045394,4.172463793,47.99999918
16.43889,12.89001,49.00543,3447.25083,1.13002,51.35096,10.99930067,4.09752891,47.99999918
16.46761,12.92761,49.10717,3440.87398,1.12625,51.56719,10.80295183,4.024383801,47.99999918
16.49615,12.96525,49.20823,3434.60682,1.11908,51.78024,10.61172653,3.953147344,47.99999918
16.52449,13.00294,49.30831,3428.44726,1.10859,51.99018,10.42590263,3.883923052,47.99999918
16.55266,13.04067,49.40713,3422.39304,1.09486,52.19709,10.24571952,3.816800104,47.99999918
16.58065,13.07845,49.5044,3416.44178,1.07797,52.40106,10.07138097,3.751854405,47.99999918
16.60846,13.11627,49.59986,3410.59092,1.05803,52.60219,9.903057921,3.689149641,47.99999918
16.63609,13.15413,49.69325,3404.83785,1.03512,52.80058,9.740891368,3.628738333,47.99999918
16.66356,13.19203,49.78431,3399.17981,1.00934,52.99633,9.584995087,3.570662866,47.99999918
16.69085,13.22997,49.8728,3393.61399,0.9808,53.18955,9.435458336,3.514956492,47.99999918
16.71798,13.26795,49.9585,3388.13751,0.94959,53.38033,9.292348442,3.461644291,47.99999918
16.74495,13.30597,50.04118,3382.74742,0.91582,53.5688,9.155713273,3.410744096,47.99999918
16.77175,13.34403,50.12063,3377.44073,0.87959,53.75506,9.025583589,3.362267364,47.99999918
16.7984,13.38212,50.19666,3372.21441,0.84102,53.93922,8.901975252,3.316220006,47.99999918
16.82488,13.42024,50.26906,3367.06538,0.8002,54.1214,8.784891302,3.272603154,47.99999918
16.85121,13.4584,50.33767,3361.99057,0.75724,54.30171,8.674323893,3.231413885,47.99999918
16.87739,13.4966,50.4023,3356.98685,0.71226,54.48026,8.570256079,3.192645886,47.99999918
16.90342,13.53483,50.46281,3352.0511,0.66536,54.65717,8.472663473,3.156290073,47.99999918
16.92929,13.57309,50.51903,3347.18019,0.61665,54.83255,8.381515756,3.12233515,47.99999918
16.95502,13.61138,50.57084,3342.37097,0.56623,55.00653,8.296778063,3.09076813,47.99999918
16.9806,13.64971,50.61808,3337.62028,0.51422,55.17921,8.218412234,3.061574797,47.99999918
17.00603,13.68806,50.66066,3332.92496,0.46071,55.35071,8.146377948,3.03474013,47.99999918
17.03132,13.72645,50.69845,3328.28185,0.40582,55.52114,8.080633729,3.010248678,47.99999918
17.05646,13.76487,50.73135,3323.68778,0.34966,55.69062,8.021137857,2.988084901,47.99999918
17.08146,13.80331,50.75927,3319.13959,0.29232,55.85927,7.967849154,2.968233456,47.99999918
17.10632,13.84179,50.78212,3314.63409,0.23393,56.0272,7.920727683,2.950679469,47.99999918
17.13104,13.8803,50.79984,3310.16811,0.17457,56.19452,7.879735347,2.935408745,47.99999918
17.15562,13.91883,50.81236,3305.73846,0.11436,56.36135,7.844836397,2.922407968,47.99999918
17.18005,13.95739,50.81962,3301.34195,0.0534,56.5278,7.815997855,2.911664852,47.99999918
17.20435,13.99598,50.82158,3296.97538,-0.0082,56.69399,7.793189851,2.903168271,47.99999918
17.22851,14.0346,50.81819,3292.63553,-0.07035,56.86003,7.776385894,2.896908355,47.99999918
17.25253,14.07324,50.80944,3288.31918,-0.13292,57.02603,7.76556305,2.892876561,47.99999918
17.27642,14.11191,50.7953,3284.02309,-0.19583,57.19212,7.760702064,2.891065715,47.99999918
17.30016,14.15061,50.77577,3279.74401,-0.25896,57.3584,7.761787398,2.891470031,47.99999918
17.32377,14.18934,50.75083,3275.47865,-0.32222,57.525,7.768807208,2.894085095,47.99999918
17.34723,14.22809,50.72051,3271.22372,-0.38549,57.69202,7.78175325,2.898907836,47.99999918
17.37056,14.26687,50.68481,3266.97591,-0.44867,57.85959,7.800620714,2.905936462,47.99999918
17.39375,14.30567,50.64377,3262.73186,-0.51167,58.02782,7.825407997,2.915170378,47.99999918
17.4168,14.3445,50.59742,3258.48822,-0.57436,58.19682,7.8561164,2.926610066,47.99999918
17.43972,14.38335,50.54579,3254.24158,-0.63666,58.36672,7.892749758,2.940256956,47.99999918
17.46249,14.42223,50.48896,3249.98852,-0.69844,58.53764,7.935313999,2.956113255,47.99999918
17.48512,14.46114,50.42697,3245.72558,-0.75962,58.70969,7.983816627,2.97418176,47.99999918
17.50761,14.50007,50.35989,3241.44926,-0.82007,58.883,8.038266131,2.994465633,47.99999918
17.52995,14.53902,50.28782,3237.15606,-0.87969,59.05768,8.098671321,3.016968156,47.99999918
17.55216,14.578,50.21082,3232.84241,-0.93839,59.23386,8.165040572,3.041692448,47.99999918
17.57421,14.617,50.12901,3228.50474,-0.99604,59.41166,8.237381,3.068641161,47.99999918
17.59613,14.65603,50.0425,3224.13943,-1.05254,59.59121,8.315697546,3.097816135,47.99999918
17.61789,14.69508,49.95138,3219.74283,-1.10778,59.77262,8.399991974,3.129218027,47.99999918
17.63951,14.73415,49.85579,3215.31127,-1.16165,59.95603,8.490261782,3.162845906,47.99999918
17.66098,14.77324,49.75587,3210.84107,-1.21405,60.14156,8.586499027,3.198696812,47.99999918
17.68235,14.81233,49.65496,3206.31957,-1.18837,60.15736,8.684716335,3.235285343,0
17.70368,14.85137,49.55645,3201.73697,-1.16018,60.17315,8.780729335,3.271052712,0
17.72497,14.89037,49.46054,3197.09399,-1.12956,60.18895,8.874180971,3.305865905,0
17.74622,14.92932,49.36744,3192.39155,-1.09657,60.20475,8.964723954,3.339595549,0
17.76743,14.96823,49.27732,3187.63077,-1.06129,60.22055,9.052013895,3.372113349,0
17.7886,15.00709,49.19037,3182.81299,-1.02379,60.23635,9.135711849,3.403293039,0
17.80973,15.04591,49.10677,3177.93977,-0.98419,60.25215,9.215486943,3.43301136,0
17.83081,15.08467,49.02667,3173.01288,-0.94257,60.26795,9.291019046,3.461149056,0
17.85186,15.12339,48.95023,3168.03426,-0.89907,60.28375,9.362001454,3.487591871,0
17.87285,15.16205,48.87758,3163.00608,-0.85379,60.29954,9.428143543,3.512231539,0
17.89381,15.20067,48.80887,3157.93069,-0.80686,60.31534,9.489173354,3.53496675,0
17.91472,15.23923,48.74421,3152.81061,-0.75843,60.33113,9.544840072,3.555704067,0
17.93559,15.27775,48.68371,3147.64855,-0.70864,60.34691,9.594916351,3.574358798,0
17.95642,15.31621,48.62745,3142.44736,-0.65765,60.3627,9.63920046,3.590855794,0
17.9772,15.35462,48.57553,3137.21004,-0.6056,60.37848,9.677518196,3.605130159,0
17.99793,15.39298,48.528,3131.93971,-0.55266,60.39425,9.709724542,3.61712787,0
18.01862,15.43128,48.48491,3126.63963,-0.49899,60.41002,9.735705049,3.626806292,0
18.03927,15.46953,48.44632,3121.31312,-0.44477,60.42579,9.755376892,3.634134572,0
18.05987,15.50772,48.41223,3115.96362,-0.39017,60.44155,9.768689614,3.639093911,0
18.08043,15.54586,48.38266,3110.59461,-0.33536,60.4573,9.77562552,3.641677718,0
18.10094,15.58395,48.35761,3105.20961,-0.28051,60.47305,9.776199728,3.641891626,0
18.1214,15.62198,48.33705,3099.81219,-0.22581,60.4888,9.77045988,3.639753381,0
18.14182,15.65995,48.32094,3094.40591,-0.17142,60.50453,9.758485506,3.635292612,0
18.1622,15.69787,48.30925,3088.99432,-0.11752,60.52027,9.740387077,3.628550471,0
18.18253,15.73573,48.30191,3083.58096,-0.06428,60.53599,9.71630474,3.619579167,0
18.20281,15.77353,48.29885,3078.1693,-0.01186,60.55171,9.686406783,3.608441392,0
18.22305,15.81128,48.29997,3072.76278,0.03958,60.56743,9.650887849,3.595209654,0
18.24324,15.84898,48.30518,3067.36474,0.08987,60.58314,9.609966921,3.579965532,0
18.26339,15.88661,48.31437,3061.97844,0.13887,60.59884,9.563885142,3.562798857,0
18.28349,15.92419,48.3274,3056.60706,0.18643,60.61454,9.512903476,3.543806844,0
18.30355,15.96172,48.34416,3051.25361,0.23241,60.63023,9.457300267,3.523093186,0
18.32356,15.99919,48.36448,3045.92103,0.27669,60.64592,9.397368732,3.500767112,0
18.34353,16.0366,48.38823,3040.6121,0.31913,60.6616,9.333414419,3.476942448,0
18.36346,16.07396,48.41523,3035.32945,0.35963,60.67727,9.265752675,3.451736668,0
18.38333,16.11126,48.44533,3030.07558,0.39808,60.69294,9.194706147,3.425269967,0
18.40317,16.14851,48.47833,3024.8528,0.43438,60.70861,9.120602355,3.397664355,0
18.42296,16.18571,48.51406,3019.66331,0.46844,60.72427,9.043771364,3.369042789,0
18.44271,16.22285,48.55233,3014.5091,0.50019,60.73993,8.964543575,3.339528353,0
18.46241,16.25993,48.59295,3009.39202,0.52955,60.75558,8.883247651,3.309243482,0
18.48207,16.29697,48.63571,3004.31375,0.55646,60.77123,8.800208608,3.278309254,0
18.50169,16.33395,48.68041,2999.2758,0.58086,60.78688,8.715746073,3.246844737,0
18.52126,16.37088,48.72686,2994.27951,0.60272,60.80252,8.630172712,3.214966409,0
18.54079,16.40775,48.77483,2989.32607,0.62201,60.81816,8.543792847,3.182787636,0
18.56028,16.44458,48.82414,2984.4165,0.63868,60.8338,8.456901258,3.150418233,0
18.57973,16.48135,48.87457,2979.55168,0.65274,60.84944,8.369782156,3.117964075,0
18.59914,16.51807,48.9259,2974.73231,0.66416,60.86508,8.282708349,3.085526791,0
18.61851,16.55475,48.97794,2969.95898,0.67294,60.88071,8.195940566,3.053203509,0
18.63783,16.59137,49.03048,2965.23209,0.6791,60.89635,8.109726954,3.02108667,0
18.65712,16.62795,49.08331,2960.55195,0.68263,60.91198,8.024302719,2.989263895,0
18.67637,16.66448,49.13623,2955.91871,0.68357,60.92761,7.939889919,2.957817906,0
18.69557,16.70096,49.18904,2951.3324,0.68193,60.94325,7.85669738,2.926826496,0
18.71474,16.73739,49.24154,2946.79292,0.67776,60.95888,7.774920732,2.896362543,0
18.73387,16.77378,49.29354,2942.30008,0.67108,60.97452,7.694742553,2.866494062,0
18.75296,16.81012,49.34486,2937.85356,0.66194,60.99016,7.616332599,2.837284291,0
18.77201,16.84641,49.3953,2933.45295,0.65039,61.0058,7.539848124,2.808791811,0
18.79102,16.88266,49.4447,2929.09773,0.63649,61.02144,7.465434256,2.781070688,0
18.81,16.91887,49.49286,2924.78729,0.62028,61.03709,7.39322444,2.754170631,0
18.82894,16.95503,49.53963,2920.52095,0.60183,61.05273,7.323340921,2.728137182,0
18.84784,16.99115,49.58484,2916.29794,0.58121,61.06838,7.25589526,2.703011898,0
18.8667,17.02723,49.62832,2912.11739,0.55848,61.08404,7.190988883,2.678832565,0
18.88553,17.06326,49.66994,2907.9784,0.53371,61.0997,7.12871364,2.655633399,0
18.90433,17.09926,49.70954,2903.87997,0.50699,61.11536,7.069152376,2.633445261,0
18.92308,17.13521,49.74698,2899.82106,0.47838,61.13103,7.012379502,2.612295871,0
18.9418,17.17112,49.78213,2895.80054,0.44798,61.1467,6.958461568,2.592210022,0
18.96049,17.20699,49.81486,2891.81726,0.41585,61.16238,6.907457816,2.573209783,0
18.97914,17.24283,49.84506,2887.86999,0.38209,61.17806,6.859420726,2.555314703,0
18.99776,17.27862,49.8726,2883.95747,0.34678,61.19375,6.814396542,2.53854201,0
19.01634,17.31437,49.89739,2880.07838,0.31001,61.20944,6.772425772,2.522906793,0
19.03489,17.35009,49.91932,2876.23137,0.27186,61.22514,6.733543665,2.508422185,0
19.05341,17.38576,49.9383,2872.41503,0.23244,61.24085,6.697780662,2.495099526,0
19.07189,17.4214,49.95425,2868.62793,0.19182,61.25656,6.665162813,2.482948519,0
19.09034,17.457,49.96709,2864.86859,0.1501,61.27228,6.635712166,2.471977378,0
19.10875,17.49257,49.97674,2861.13551,0.10738,61.288,6.609447118,2.462192956,0
19.12713,17.5281,49.98315,2857.42714,0.06376,61.30374,6.58638274,2.453600869,0
19.14548,17.56359,49.98626,2853.74191,0.01931,61.31948,6.56653106,2.446205596,0
19.16379,17.59904,49.98602,2850.07821,-0.02585,61.33522,6.549901315,2.440010578,0
19.18208,17.63446,49.98239,2846.43442,-0.07163,61.35098,6.536500163,2.435018296,0
19.20033,17.66984,49.97534,2842.80886,-0.11794,61.36674,6.526331868,2.431230339,0
19.21854,17.70519,49.96483,2839.19986,-0.16467,61.3825,6.519398439,2.428647454,0
19.23673,17.7405,49.95085,2835.60571,-0.21174,61.39828,6.515699743,2.427269593,0
19.25488,17.77577,49.93339,2832.02466,-0.25903,61.41406,6.515233572,2.427095932,0
19.273,17.81101,49.91244,2828.45496,-0.30647,61.42985,6.517995685,2.428124891,0
19.29109,17.84622,49.88801,2824.89483,-0.35393,61.44565,6.52397981,2.430354135,0
19.30915,17.88139,49.8601,2821.34246,-0.40134,61.46145,6.53317761,2.433780558,0
19.32717,17.91652,49.82873,2817.79604,-0.44858,61.47726,6.545578619,2.43840026,0
19.34517,17.95162,49.79392,2814.25373,-0.49557,61.49308,6.561170144,2.444208513,0
19.36313,17.98668,49.75572,2810.71367,-0.54219,61.50891,6.579937127,2.451199708,0
19.38106,18.02171,49.71414,2807.17398,-0.58837,61.52474,6.601861986,2.459367295,0
19.39896,18.05671,49.66925,2803.63279,-0.63399,61.54058,6.626924416,2.46870371,0
19.41682,18.09167,49.6211,2800.08819,-0.67896,61.55643,6.655101166,2.47920029,0
19.43466,18.12659,49.56973,2796.53827,-0.72318,61.57228,6.686365776,2.49084718,0
19.45246,18.16148,49.51523,2792.98112,-0.76657,61.58814,6.720688302,2.503633225,0
19.47023,18.19633,49.45766,2789.41482,-0.80901,61.604,6.758035002,2.517545853,0
19.48797,18.23115,49.3971,2785.83742,-0.85042,61.61987,6.798367999,2.532570955,0
19.50568,18.26593,49.33365,2782.24701,-0.89071,61.63575,6.841644931,2.548692751,0
19.52336,18.30068,49.26738,2778.64166,-0.92978,61.65163,6.887818568,2.565893646,0
19.541,18.33539,49.19841,2775.01943,-0.96754,61.66752,6.936836423,2.584154087,0
19.55861,18.37006,49.12684,2771.37842,-1.0039,61.68341,6.988640339,2.603452408,0
19.57619,18.40469,49.05279,2767.71673,-1.03877,61.69931,7.043166076,2.62376468,0
19.59374,18.43929,48.97636,2764.03245,-1.07207,61.71522,7.100342886,2.645064546,0
19.61125,18.47386,48.89768,2760.32374,-1.10371,61.73112,7.160093085,2.667323067,0
19.62873,18.50838,48.81689,2756.58873,-1.13361,61.74703,7.222331629,2.690508563,0
19.64618,18.54287,48.73412,2752.82562,-1.16169,61.76295,7.286965707,2.714586458,0
19.6636,18.57731,48.64951,2749.03262,-1.18787,61.77886,7.353894337,2.739519133,0
19.68098,18.61172,48.5632,2745.208,-1.21208,61.79478,7.423007989,2.765265787,0
19.69833,18.64609,48.47535,2741.35005,-1.23426,61.81071,7.49418824,2.791782303,0
19.71564,18.68043,48.38611,2737.45714,-1.25432,61.82663,7.56730746,2.819021137,0
19.73293,18.71472,48.29563,2733.52767,-1.27221,61.84256,7.642228541,2.846931211,0
19.75018,18.74897,48.20409,2729.56012,-1.28787,61.85848,7.718804685,2.875457839,0
19.76739,18.78318,48.11164,2725.55305,-1.30124,61.87441,7.796879243,2.904542666,0
19.78457,18.81734,48.01846,2721.50506,-1.31228,61.89034,7.876285632,2.934123635,0
19.80172,18.85147,47.92472,2717.41488,-1.32093,61.90627,7.95684732,2.964134984,0
19.81883,18.88555,47.83059,2713.2813,-1.32717,61.9222,8.038377904,2.994507272,0
19.83591,18.91959,47.73625,2709.10321,-1.33096,61.93812,8.120681276,3.025167443,0
19.85295,18.95359,47.64187,2704.87962,-1.33226,61.95405,8.203551894,3.056038929,0
19.86996,18.98754,47.54764,2700.60964,-1.33106,61.96997,8.286775155,3.087041783,0
19.88693,19.02145,47.45373,2696.29249,-1.32735,61.98589,8.370127885,3.118092868,0
19.90386,19.05532,47.36032,2691.92754,-1.32112,62.00181,8.453378944,3.149106079,0
19.92076,19.08913,47.2676,2687.51426,-1.31236,62.01772,8.536289954,3.179992611,0
19.93762,19.1229,47.17573,2683.05227,-1.30109,62.03363,8.618616144,3.210661283,0
19.95445,19.15663,47.08489,2678.54135,-1.28732,62.04953,8.700107324,3.241018892,0
19.97124,19.1903,46.99525,2673.98138,-1.27108,62.06543,8.780508973,3.270970622,0
19.98799,19.22393,46.90699,2669.37244,-1.25239,62.08133,8.859563444,3.300420492,0
20.0047,19.25751,46.82028,2664.71473,-1.2313,62.09722,8.93701128,3.329271849,0
20.02138,19.29103,46.73526,2660.00862,-1.20786,62.1131,9.012592629,3.35742789,0
20.03802,19.32451,46.65211,2655.25464,-1.18212,62.12897,9.086048748,3.384792227,0
20.05462,19.35794,46.57098,2650.45346,-1.15415,62.14484,9.157123588,3.411269475,0
20.07118,19.39131,46.492,2645.60594,-1.12402,62.1607,9.22556543,3.436765862,0
20.0877,19.42463,46.41533,2640.71308,-1.09181,62.17655,9.291128577,3.461189859,0
20.10419,19.4579,46.34109,2635.77604,-1.05762,62.19239,9.353575062,3.484452818,0
20.12063,19.49112,46.26942,2630.79613,-1.02154,62.20822,9.412676366,3.506469609,0
20.13704,19.52428,46.20042,2625.77482,-0.98369,62.22404,9.468215113,3.527159253,0
20.1534,19.55739,46.13422,2620.71371,-0.94416,62.23985,9.519986732,3.546445543,0
20.16973,19.59044,46.0709,2615.61457,-0.90309,62.25565,9.567801048,3.564257635,0
20.18601,19.62344,46.01057,2610.47927,-0.8606,62.27144,9.6114838,3.580530609,0
20.20226,19.65638,45.9533,2605.30983,-0.81683,62.28722,9.650878039,3.595205999,0
20.21847,19.68927,45.89917,2600.10837,-0.77191,62.30299,9.685845407,3.608232264,0
20.23463,19.72209,45.84824,2594.87712,-0.72598,62.31874,9.716267266,3.619565207,0
20.25075,19.75486,45.80055,2589.61842,-0.6792,62.33448,9.742045666,3.629168339,0
20.26684,19.78757,45.75616,2584.33468,-0.63171,62.35021,9.763104131,3.637013172,0
20.28288,19.82023,45.71508,2579.02841,-0.58367,62.36593,9.779388256,3.643079437,0
20.29888,19.85282,45.67734,2573.70215,-0.53525,62.38163,9.790866103,3.647355237,0
20.31484,19.88536,45.64295,2568.35853,-0.48658,62.39732,9.797528397,3.649837116,0
20.33075,19.91783,45.61191,2563.00018,-0.43785,62.413,9.799388509,3.650530057,0
20.34663,19.95025,45.58419,2557.62978,-0.3892,62.42866,9.796482237,3.649447394,0
20.36246,19.9826,45.55978,2552.25002,-0.34079,62.44431,9.788867388,3.646610662,0
20.37826,20.0149,45.53863,2546.86359,-0.29279,62.45995,9.776623158,3.642049365,0
20.39401,20.04714,45.52072,2541.47318,-0.24534,62.47557,9.759849344,3.635800678,0
20.40972,20.07931,45.50597,2536.08144,-0.19861,62.49117,9.738665373,3.627909091,0
20.42539,20.11143,45.49432,2530.69101,-0.15273,62.50677,9.71320919,3.618425993,0
20.44102,20.14348,45.4857,2525.30445,-0.10787,62.52235,9.683636004,3.607409203,0
20.4566,20.17548,45.48003,2519.9243,-0.06415,62.53791,9.650116925,3.594922465,0
20.47215,20.20741,45.47721,2514.55302,-0.02171,62.55346,9.612837503,3.581034899,0
20.48765,20.23929,45.47713,2509.19299,0.01932,62.569,9.571996194,3.565820437,0
20.50311,20.2711,45.47971,2503.84653,0.05881,62.58452,9.52780278,3.549357227,0
20.51853,20.30286,45.4848,2498.51585,0.09664,62.60003,9.480476749,3.531727035,0
20.53391,20.33455,45.49231,2493.20306,0.13272,62.61553,9.430245678,3.51301464,0
20.54925,20.36618,45.50209,2487.9102,0.16692,62.63102,9.377343613,3.493307229,0
20.56455,20.39776,45.51401,2482.63916,0.19917,62.64649,9.322009487,3.472693811,0
20.57981,20.42927,45.52793,2477.39175,0.22937,62.66195,9.264485575,3.45126464,0
20.59503,20.46073,45.54371,2472.16965,0.25744,62.67739,9.205016016,3.429110664,0
20.61021,20.49213,45.5612,2466.97444,0.28331,62.69282,9.143845398,3.406323,0
20.62535,20.52347,45.58025,2461.80755,0.30691,62.70825,9.081217438,3.382992437,0
20.64045,20.55475,45.60071,2456.67033,0.3282,62.72365,9.017373744,3.359208981,0
20.65551,20.58597,45.62242,2451.56396,0.34712,62.73905,8.952552677,3.335061428,0
20.67053,20.61713,45.64522,2446.48955,0.36364,62.75444,8.886988326,3.310636982,0
20.68551,20.64824,45.66895,2441.44804,0.37773,62.76982,8.820909579,3.28602091,0
20.70045,20.67929,45.69345,2436.4403,0.38935,62.78518,8.754539303,3.261296236,0
20.71536,20.71029,45.71856,2431.46704,0.3985,62.80054,8.688093644,3.23654348,0
20.73022,20.74122,45.74413,2426.52888,0.40517,62.81588,8.621781414,3.211840429,0
20.74505,20.77211,45.76999,2421.62631,0.40936,62.83122,8.555803594,3.187261956,0
20.75984,20.80294,45.79598,2416.75972,0.41108,62.84654,8.490352933,3.162879862,0
20.77459,20.83371,45.82195,2411.9294,0.41033,62.86186,8.425613636,3.138762771,0
20.78931,20.86443,45.84775,2407.13551,0.40714,62.87717,8.361761143,3.114976037,0
20.80399,20.89509,45.87322,2402.37814,0.40153,62.89247,8.298961989,3.0915817,0
20.81863,20.9257,45.89821,2397.65724,0.39354,62.90776,8.23737374,3.068638457,0
20.83324,20.95626,45.92257,2392.97272,0.3832,62.92305,8.177144989,3.046201662,0
20.84781,20.98677,45.94617,2388.32434,0.37056,62.93832,8.118415421,3.024323353,0
20.86234,21.01722,45.96887,2383.71183,0.35567,62.95359,8.061315925,3.003052288,0
20.87684,21.04763,45.99052,2379.13479,0.33858,62.96886,8.005968758,2.982434012,0
20.89131,21.07798,46.011,2374.59277,0.31935,62.98411,7.952487739,2.962510926,0
20.90573,21.10828,46.03019,2370.08522,0.29804,62.99937,7.900978486,2.943322373,0
20.92013,21.13853,46.04795,2365.61154,0.27472,63.01461,7.851538667,2.92490474,0
20.93449,21.16873,46.06418,2361.17104,0.24946,63.02985,7.804258284,2.907291553,0
20.94881,21.19888,46.07875,2356.76298,0.22233,63.04509,7.759219965,2.890513594,0
20.9631,21.22898,46.09158,2352.38655,0.19342,63.06031,7.716499261,2.874599008,0
20.97736,21.25904,46.10254,2348.04087,0.1628,63.07554,7.676164958,2.859573419,0
20.99158,21.28904,46.11156,2343.72501,0.13055,63.09076,7.63827938,2.845460044,0
21.00577,21.319,46.11854,2339.438,0.09677,63.10598,7.602898694,2.832279808,0
21.01993,21.3489,46.12339,2335.17879,0.06153,63.12119,7.570073208,2.82005145,0
21.03405,21.37876,46.12603,2330.94629,0.02494,63.13639,7.539847652,2.808791636,0
21.04814,21.40858,46.12641,2326.73939,-0.01291,63.1516,7.512261455,2.798515052,0
21.0622,21.43835,46.12444,2322.5569,-0.05194,63.1668,7.487349003,2.789234508,0
21.07622,21.46807,46.12007,2318.39761,-0.09204,63.182,7.465139875,2.780961023,0
21.09021,21.49774,46.11325,2314.26025,-0.13311,63.19719,7.445659066,2.773703909,0
21.10417,21.52737,46.10393,2310.14353,-0.17506,63.21238,7.428927189,2.767470845,0
21.1181,21.55695,46.09206,2306.04611,-0.21778,63.22757,7.41496065,2.762267942,0
21.132,21.58649,46.07762,2301.96664,-0.26118,63.24275,7.403771808,2.758099803,0
21.14586,21.61598,46.06058,2297.90372,-0.30515,63.25793,7.395369101,2.754969574,0
21.15969,21.64542,46.0409,2293.85592,-0.34958,63.27311,7.389757159,2.752878978,0
21.1735,21.67482,46.01858,2289.82178,-0.39438,63.28829,7.386936885,2.751828352,0
21.18726,21.70418,45.99362,2285.79982,-0.43944,63.30346,7.386905518,2.751816667,0
21.201,21.73349,45.96599,2281.78855,-0.48465,63.31863,7.389656663,2.752841541,0
21.21471,21.76275,45.93572,2277.78643,-0.52991,63.3338,7.395180308,2.754899244,0
21.22838,21.79197,45.9028,2273.79191,-0.57512,63.34896,7.403462808,2.757984693,0
21.24203,21.82115,45.86725,2269.80344,-0.62016,63.36412,7.414486854,2.76209144,0
21.25564,21.85028,45.8291,2265.81944,-0.66495,63.37928,7.428231414,2.76721165,0
21.26922,21.87936,45.78838,2261.83831,-0.70936,63.39444,7.444671653,2.773336072,0
21.28277,21.90841,45.74511,2257.85844,-0.7533,63.40959,7.463778844,2.780454003,0
21.29629,21.9374,45.69934,2253.87823,-0.79667,63.42474,7.485520245,2.788553247,0
21.30978,21.96635,45.65111,2249.89604,-0.83936,63.43989,7.50985897,2.797620063,0
21.32324,21.99526,45.60048,2245.91027,-0.88127,63.45503,7.536753841,2.80763911,0
21.33666,22.02412,45.5475,2241.91929,-0.92231,63.47017,7.566159232,2.818593391,0
21.35006,22.05294,45.49224,2237.92146,-0.96237,63.48531,7.598024891,2.830464188,0
21.36342,22.08171,45.43476,2233.91517,-1.00136,63.50044,7.632295771,2.843230992,0
21.37676,22.11044,45.37514,2229.89882,-1.03919,63.51557,7.668911837,2.856871441,0
21.39006,22.13912,45.31346,2225.8708,-1.07575,63.53069,7.707807887,2.871361242,0
21.40333,22.16776,45.2498,2221.82952,-1.11097,63.54581,7.748913359,2.886674113,0
21.41657,22.19635,45.18426,2217.77343,-1.14474,63.56092,7.792152156,2.902781702,0
21.42978,22.22489,45.11691,2213.70097,-1.17699,63.57603,7.837442468,2.919653535,0
21.44295,22.25339,45.04788,2209.61063,-1.20764,63.59114,7.884696607,2.937256945,0
21.4561,22.28184,44.97724,2205.50091,-1.2366,63.60624,7.933820865,2.955557024,0
21.46921,22.31024,44.90512,2201.37038,-1.26379,63.62133,7.984715386,2.974516572,0
21.4823,22.3386,44.83162,2197.2176,-1.28915,63.63641,8.037274057,2.99409606,0
21.49535,22.36691,44.75686,2193.0412,-1.31261,63.65149,8.09138444,3.014253601,0
21.50837,22.39517,44.68095,2188.83987,-1.33409,63.66657,8.146927727,3.034944937,0
21.52136,22.42338,44.60402,2184.61233,-1.35355,63.68163,8.203778734,3.056123433,0
21.53431,22.45155,44.52618,2180.35736,-1.37092,63.69669,8.261805943,3.077740095,0
21.54723,22.47967,44.44757,2176.07382,-1.38616,63.71174,8.320871584,3.0997436,0
21.56012,22.50773,44.3683,2171.7606,-1.39922,63.72678,8.380831766,3.122080346,0
21.57298,22.53575,44.28852,2167.41671,-1.41005,63.74181,8.441536671,3.14469452,0
21.58581,22.56372,44.20834,2163.04119,-1.41863,63.75684,8.502830798,3.167528195,0
21.5986,22.59164,44.12791,2158.63318,-1.42493,63.77185,8.564553268,3.190521439,0
21.61136,22.6195,44.04735,2154.19192,-1.42892,63.78685,8.626538195,3.213612456,0
21.62409,22.64732,43.96679,2149.71672,-1.4306,63.80185,8.688615121,3.236737744,0
21.63678,22.67508,43.88638,2145.20698,-1.42994,63.81683,8.750609516,3.259832287,0
21.64944,22.70279,43.80624,2140.66222,-1.42696,63.8318,8.812343342,3.282829762,0
21.66207,22.73045,43.7265,2136.08203,-1.42165,63.84676,8.873635689,3.305662774,0
21.67467,22.75806,43.6473,2131.46612,-1.41402,63.86171,8.934303465,3.328263117,0
21.68723,22.78561,43.56875,2126.81432,-1.40411,63.87665,8.994162155,3.350562054,0
21.69975,22.81311,43.49099,2122.12654,-1.39193,63.89157,9.053026633,3.37249062,0
21.71224,22.84055,43.41414,2117.40283,-1.37752,63.90648,9.110712025,3.393979946,0
21.7247,22.86794,43.33832,2112.64333,-1.36092,63.92137,9.167034624,3.414961597,0
21.73712,22.89528,43.26365,2107.84831,-1.34218,63.93626,9.221812839,3.435367923,0
21.74951,22.92255,43.19024,2103.01815,-1.32137,63.95112,9.274868174,3.455132431,0
21.76187,22.94977,43.1182,2098.15334,-1.29854,63.96598,9.326026237,3.474190156,0
21.77418,22.97694,43.04763,2093.25448,-1.27376,63.98081,9.375117754,3.492478038,0
21.78647,23.00404,42.97864,2088.32228,-1.24713,63.99563,9.421979587,3.509935303,0
21.79872,23.03109,42.91131,2083.35759,-1.21872,64.01044,9.466455747,3.526503843,0
21.81093,23.05808,42.84573,2078.36133,-1.18862,64.02523,9.508398381,3.542128578,0
21.8231,23.08501,42.78199,2073.33455,-1.15694,64.04,9.547668733,3.556757818,0
21.83525,23.11189,42.72017,2068.27838,-1.12379,64.05475,9.584138061,3.570343602,0
21.84735,23.1387,42.66032,2063.19407,-1.08927,64.06949,9.617688493,3.58284202,0
21.85942,23.16545,42.60252,2058.08293,-1.0535,64.08421,9.648213826,3.59421351,0
21.87145,23.19214,42.54682,2052.94639,-1.0166,64.09891,9.675620248,3.604423123,0
21.88345,23.21877,42.49327,2047.78595,-0.97871,64.11359,9.69982697,3.613440764,0
21.89541,23.24535,42.4419,2042.60317,-0.93995,64.12825,9.720766772,3.621241391,0
21.90734,23.27185,42.39275,2037.39969,-0.90045,64.1429,9.738386446,3.627805184,0
21.91922,23.2983,42.34585,2032.1772,-0.86035,64.15753,9.752647131,3.633117664,0
21.93107,23.32469,42.30122,2026.93747,-0.8198,64.17213,9.763524541,3.637169785,0
21.94289,23.35101,42.25885,2021.68227,-0.77892,64.18672,9.771009079,3.639957973,0
21.95467,23.37727,42.21876,2016.41345,-0.73788,64.20129,9.775105841,3.641484124,0
21.96641,23.40347,42.18095,2011.13286,-0.69679,64.21583,9.775834498,3.641755568,0
21.97811,23.4296,42.14539,2005.84238,-0.65582,64.23036,9.773229077,3.64078498,0
21.98978,23.45567,42.11206,2000.54392,-0.6151,64.24487,9.767337628,3.638590261,0
22.00141,23.48168,42.08095,1995.23938,-0.57477,64.25936,9.758221791,3.635194372,0
22.013,23.50762,42.052,1989.93064,-0.53497,64.27383,9.745956268,3.630625141,0
22.02456,23.5335,42.02519,1984.61961,-0.49583,64.28827,9.730628201,3.624915033,0
22.03608,23.55932,42.00046,1979.30814,-0.4575,64.3027,9.712336482,3.618100886,0
22.04756,23.58507,41.97776,1973.99809,-0.4201,64.31711,9.69119098,3.610223631,0
22.05901,23.61076,41.95702,1968.69126,-0.38375,64.33149,9.667311718,3.601327977,0
22.07042,23.63639,41.93818,1963.38944,-0.34858,64.34586,9.640827994,3.591462093,0
22.08179,23.66195,41.92116,1958.09435,-0.31471,64.36021,9.611877465,3.58067726,0
22.09313,23.68745,41.90589,1952.80768,-0.28224,64.37454,9.580605208,3.569027521,0
22.10443,23.71288,41.89227,1947.53105,-0.25128,64.38884,9.547162756,3.556569328,0
22.11569,23.73825,41.88023,1942.26602,-0.22194,64.40313,9.511707132,3.543361175,0
22.12692,23.76356,41.86967,1937.01409,-0.19429,64.4174,9.474399887,3.529463244,0
22.13811,23.78881,41.86049,1931.77671,-0.16844,64.43165,9.435406146,3.51493705,0
22.14927,23.81399,41.8526,1926.55522,-0.14446,64.44588,9.39489368,3.49984509,0
22.16039,23.83911,41.84589,1921.35091,-0.12243,64.46009,9.353032003,3.484250514,0
22.17147,23.86416,41.84025,1916.165,-0.10241,64.47428,9.309991506,3.468216797,0
22.18252,23.88915,41.83558,1910.99861,-0.08445,64.48845,9.265942633,3.451807433,0
22.19353,23.91408,41.83176,1905.85279,-0.06862,64.50261,9.221055104,3.435085647,0
22.20451,23.93895,41.82869,1900.7285,-0.05495,64.51675,9.175497185,3.418114123,0
22.21545,23.96376,41.82625,1895.62663,-0.04349,64.53086,9.129435016,3.400954753,0
22.22636,23.9885,41.82434,1890.54797,-0.03426,64.54497,9.083031992,3.383668406,0
22.23723,24.01318,41.82282,1885.49325,-0.02729,64.55905,9.036448203,3.366314719,0
22.24807,24.03781,41.8216,1880.46309,-0.02259,64.57312,8.98983993,3.348951911,0
22.25887,24.06237,41.82056,1875.45804,-0.02017,64.58717,8.943359199,3.331636616,0
22.26964,24.08687,41.81959,1870.47857,-0.02003,64.6012,8.89715339,3.314423736,0
22.28038,24.11131,41.81856,1865.52506,-0.02217,64.61522,8.851364902,3.297366319,0
22.29108,24.13569,41.81738,1860.59783,-0.02658,64.62922,8.806130871,3.280515453,0
22.30174,24.16001,41.81594,1855.69708,-0.03323,64.6432,8.761582939,3.263920176,0
22.31238,24.18427,41.81412,1850.82298,-0.04211,64.65717,8.717847067,3.247627413,0
22.32298,24.20847,41.81182,1845.97559,-0.05318,64.67113,8.675043392,3.231681918,0
22.33355,24.23261,41.80895,1841.15492,-0.0664,64.68507,8.633286134,3.21612624,0
22.34408,24.2567,41.80539,1836.36089,-0.08175,64.69899,8.592683523,3.2010007,0
22.35458,24.28073,41.80105,1831.59336,-0.09916,64.7129,8.553337779,3.186343375,0
22.36505,24.3047,41.79585,1826.85212,-0.11859,64.7268,8.515345106,3.172190104,0
22.37549,24.32861,41.78968,1822.13688,-0.13998,64.74068,8.478795722,3.158574497,0
22.38589,24.35246,41.78246,1817.44732,-0.16327,64.75455,8.443773907,3.14552795,0
22.39626,24.37626,41.77412,1812.78303,-0.18839,64.7684,8.410358074,3.133079672,0
22.4066,24.4,41.76456,1808.14354,-0.21528,64.78224,8.37862085,3.121256721,0
22.41691,24.42369,41.75371,1803.52834,-0.24386,64.79607,8.348629176,3.110084034,0
22.42719,24.44732,41.74151,1798.93685,-0.27404,64.80989,8.320444416,3.099584469,0
22.43744,24.47089,41.72788,1794.36846,-0.30576,64.82369,8.294122467,3.08977885,0
22.44765,24.49441,41.71276,1789.82247,-0.33892,64.83748,8.269713878,3.080686009,0
22.45783,24.51787,41.6961,1785.29817,-0.37345,64.85126,8.247263973,3.072322829,0
22.46799,24.54128,41.67783,1780.79477,-0.40924,64.86503,8.226812969,3.064704291,0
22.47811,24.56463,41.65792,1776.31148,-0.44621,64.87878,8.208396093,3.05784352,0
22.4882,24.58793,41.63632,1771.84742,-0.48426,64.89253,8.192043696,3.051751822,0
22.49826,24.61118,41.61298,1767.4017,-0.5233,64.90626,8.177781363,3.046438728,0
22.50829,24.63437,41.58788,1762.97338,-0.56322,64.91998,8.165630013,3.04191203,0
22.51829,24.6575,41.56098,1758.56149,-0.60394,64.93369,8.155605992,3.038177819,0
22.52826,24.68059,41.53227,1754.16502,-0.64533,64.94738,8.14772116,3.035240512,0
22.5382,24.70362,41.50171,1749.78295,-0.68731,64.96107,8.141982965,3.033102883,0
22.54811,24.72659,41.46929,1745.4142,-0.72977,64.97474,8.138394509,3.031766089,0
22.55799,24.74952,41.43501,1741.05767,-0.7726,64.98841,8.136954605,3.031229686,0
22.56784,24.77239,41.39886,1736.71226,-0.81569,65.00206,8.13765782,3.031491653,0
22.57766,24.7952,41.36084,1732.37682,-0.85895,65.0157,8.140494516,3.032548397,0
22.58745,24.81797,41.32096,1728.05019,-0.90227,65.02933,8.145450871,3.034394769,0
22.59721,24.84068,41.27921,1723.7312,-0.94554,65.04295,8.152508897,3.03702407,0
22.60694,24.86334,41.23563,1719.41864,-0.98866,65.05656,8.161646452,3.040428049,0
22.61665,24.88594,41.19022,1715.11132,-1.03152,65.07015,8.172837237,3.044596911,0
22.62632,24.90849,41.14301,1710.80802,-1.07401,65.08374,8.186050791,3.049519307,0
22.63596,24.93099,41.09402,1706.5075,-1.11604,65.09731,8.201252479,3.055182337,0
22.64558,24.95344,41.0433,1702.20854,-1.1575,65.11088,8.21840348,3.061571536,0
22.65516,24.97583,40.99088,1697.90991,-1.1983,65.12443,8.237460763,3.068670875,0
22.66472,24.99818,40.93679,1693.61037,-1.23832,65.13797,8.258377068,3.076462749,0
22.67425,25.02047,40.88109,1689.30868,-1.27749,65.1515,8.281100891,3.084927971,0
22.68375,25.0427,40.82382,1685.00363,-1.31569,65.16501,8.305576461,3.094045765,0
22.69322,25.06488,40.76504,1680.694,-1.35284,65.17852,8.331743729,3.103793761,0
22.70266,25.08701,40.7048,1676.37858,-1.38885,65.19201,8.359538362,3.114147993,0
22.71207,25.10909,40.64317,1672.05617,-1.42363,65.20549,8.388891742,3.125082899,0
22.72145,25.13111,40.5802,1667.72562,-1.45709,65.21896,8.419730976,3.136571325,0
22.7308,25.15309,40.51597,1663.38576,-1.48916,65.23241,8.451978924,3.148584534,0
22.74012,25.175,40.45054,1659.03546,-1.51976,65.24585,8.485554234,3.161092221,0
22.74942,25.19686,40.38399,1654.67363,-1.54881,65.25928,8.520371398,3.17406253,0
22.75868,25.21867,40.3164,1650.2992,-1.57625,65.2727,8.556340824,3.187462088,0
22.76792,25.24043,40.24783,1645.91112,-1.602,65.2861,8.593368938,3.201256035,0
22.77712,25.26213,40.17838,1641.5084,-1.62601,65.29948,8.631358294,3.215408069,0
22.7863,25.28378,40.10813,1637.09009,-1.64823,65.31286,8.670207722,3.229880503,0
22.79545,25.30537,40.03715,1632.65526,-1.66859,65.32622,8.709812497,3.244634324,0
22.80457,25.3269,39.96553,1628.20306,-1.68706,65.33956,8.750064535,3.259629267,0
22.81366,25.34839,39.89337,1623.73266,-1.70359,65.35289,8.790852623,3.274823903,0
22.82271,25.36981,39.82075,1619.2433,-1.71814,65.3662,8.832062673,3.290175731,0
22.83174,25.39118,39.74775,1614.73427,-1.7307,65.3795,8.873578012,3.305641287,0
22.84074,25.4125,39.67447,1610.20493,-1.74124,65.39279,8.9152797,3.321176263,0
22.84971,25.43376,39.601,1605.65468,-1.74973,65.40605,8.957046883,3.336735638,0
22.85865,25.45496,39.52742,1601.08302,-1.75617,65.4193,8.998757171,3.352273818,0
22.86756,25.4761,39.45383,1596.48947,-1.76055,65.43253,9.040287049,3.36774479,0
22.87644,25.49719,39.38031,1591.87366,-1.76288,65.44575,9.081512317,3.383102287,0
22.88529,25.51822,39.30695,1587.23526,-1.76317,65.45895,9.122308555,3.398299959,0
22.89411,25.53919,39.23383,1582.57405,-1.76142,65.47213,9.162551614,3.413291557,0
22.9029,25.56011,39.16104,1577.88984,-1.75767,65.48529,9.202118124,3.428031124,0
22.91166,25.58097,39.08866,1573.18254,-1.75193,65.49843,9.240886027,3.442473187,0
22.92039,25.60176,39.01678,1568.45215,-1.74426,65.51156,9.27873512,3.45657297,0
22.92908,25.6225,38.94547,1563.6987,-1.73469,65.52467,9.315547607,3.470286591,0
22.93775,25.64318,38.8748,1558.92235,-1.72326,65.53775,9.351208668,3.483571274,0
22.94639,25.6638,38.80485,1554.12329,-1.71004,65.55082,9.385607013,3.496385563,0
22.95499,25.68436,38.73569,1549.30183,-1.69509,65.56387,9.418635448,3.508689524,0
22.96357,25.70486,38.66738,1544.45831,-1.67848,65.57689,9.450191425,3.520444955,0
22.97211,25.7253,38.59999,1539.59319,-1.66028,65.5899,9.480177578,3.531615586,0
22.98062,25.74568,38.53358,1534.70696,-1.64057,65.60288,9.508502245,3.54216727,0
22.9891,25.766,38.4682,1529.80022,-1.61943,65.61585,9.535079962,3.552068169,0
22.99755,25.78625,38.4039,1524.87359,-1.59697,65.62879,9.55983193,3.561288928,0
23.00597,25.80645,38.34072,1519.92781,-1.57327,65.64171,9.582686444,3.569802836,0
23.01436,25.82658,38.27872,1514.96365,-1.54844,65.65461,9.603579291,3.577585971,0
23.02271,25.84665,38.21792,1509.98195,-1.52258,65.66749,9.622454096,3.584617333,0
23.03104,25.86666,38.15837,1504.98359,-1.4958,65.68034,9.639262631,3.590878954,0
23.03933,25.8866,38.10007,1499.96954,-1.46822,65.69317,9.653965064,3.596355998,0
23.04759,25.90649,38.04307,1494.94077,-1.43995,65.70598,9.666530164,3.601036828,0
23.05582,25.9263,37.98738,1489.89834,-1.41111,65.71877,9.676935444,3.604913068,0
23.06402,25.94606,37.93301,1484.84332,-1.38182,65.73153,9.685167253,3.607979634,0
23.07218,25.96575,37.87996,1479.77684,-1.35221,65.74427,9.691220809,3.610234743,0
23.08032,25.98538,37.82824,1474.70004,-1.32239,65.75699,9.695100173,3.611679908,0
23.08842,26.00494,37.77786,1469.61409,-1.29249,65.76968,9.696818167,3.612319906,0
23.09649,26.02444,37.72879,1464.52019,-1.26264,65.78235,9.69639624,3.612162727,0
23.10453,26.04388,37.68104,1459.41957,-1.23296,65.795,9.693864272,3.611219502,0
23.11254,26.06325,37.63458,1454.31344,-1.20358,65.80762,9.689260335,3.609504415,0
23.12051,26.08255,37.58939,1449.20304,-1.17461,65.82022,9.6826304,3.607034589,0
23.12845,26.1018,37.54545,1444.08961,-1.14618,65.83279,9.674028002,3.60382997,0
23.13636,26.12097,37.50272,1438.97439,-1.11841,65.84534,9.663513862,3.599913176,0
23.14424,26.14009,37.46117,1433.85861,-1.09141,65.85787,9.651155473,3.595309351,0
23.15209,26.15913,37.42077,1428.74348,-1.06529,65.87037,9.637026655,3.590045994,0
23.15991,26.17812,37.38147,1423.63022,-1.04018,65.88285,9.621207078,3.584152786,0
23.16769,26.19703,37.34322,1418.52002,-1.01616,65.89531,9.603781767,3.577661399,0
23.17544,26.21589,37.30598,1413.41402,-0.99335,65.90774,9.584840591,3.570605312,0
23.18316,26.23467,37.2697,1408.31339,-0.97183,65.92015,9.564477728,3.56301961,0
23.19085,26.2534,37.23431,1403.21922,-0.95171,65.93254,9.542791137,3.554940784,0
23.19851,26.27206,37.19975,1398.13259,-0.93307,65.9449,9.519882015,3.546406534,0
23.20614,26.29065,37.16598,1393.05455,-0.91599,65.95724,9.495854263,3.537455564,0
23.21373,26.30918,37.13292,1387.98609,-0.90055,65.96956,9.47081395,3.528127389,0
23.2213,26.32765,37.10051,1382.92817,-0.88682,65.98185,9.444868796,3.518462136,0
23.22883,26.34605,37.06869,1377.88172,-0.87486,65.99412,9.418127654,3.508500357,0
23.23633,26.36438,37.03738,1372.8476,-0.86473,66.00637,9.390700025,3.498282843,0
23.2438,26.38265,37.00651,1367.82663,-0.85648,66.0186,9.362695574,3.487850449,0
23.25124,26.40086,36.97601,1362.81961,-0.85016,66.0308,9.334223685,3.477243921,0
23.25865,26.41901,36.94582,1357.82724,-0.84581,66.04298,9.305393023,3.466503741,0
23.26603,26.43709,36.91586,1352.85021,-0.84345,66.05514,9.276311132,3.455669971,0
23.27338,26.4551,36.88605,1347.88913,-0.84312,66.06728,9.247084055,3.444782116,0
23.2807,26.47306,36.85633,1342.94458,-0.84484,66.0794,9.21781598,3.433878988,0
23.28798,26.49095,36.82663,1338.01708,-0.84861,66.09149,9.188608913,3.422998587,0
23.29524,26.50878,36.79686,1333.10707,-0.85445,66.10357,9.159562387,3.412177992,0
23.30247,26.52654,36.76696,1328.21498,-0.86235,66.11562,9.130773182,3.401453255,0
23.30966,26.54424,36.73687,1323.34115,-0.87231,66.12766,9.102335089,3.390859317,0
23.31683,26.56188,36.7065,1318.48589,-0.88432,66.13967,9.074338689,3.380429922,0
23.32397,26.57946,36.6758,1313.64943,-0.89835,66.15166,9.046871164,3.370197546,0
23.33108,26.59698,36.64469,1308.83199,-0.91439,66.16364,9.020016127,3.360193338,0
23.33816,26.61443,36.61311,1304.03369,-0.9324,66.17559,8.993853479,3.350447064,0
23.34521,26.63183,36.58101,1299.25462,-0.95235,66.18752,8.96845929,3.34098706,0
23.35223,26.64916,36.54831,1294.49483,-0.9742,66.19944,8.94390569,3.331840198,0
23.35922,26.66643,36.51496,1289.7543,-0.9979,66.21133,8.920260795,3.323031852,0
23.36618,26.68364,36.4809,1285.03296,-1.02341,66.22321,8.897588633,3.314585876,0
23.37311,26.70079,36.44609,1280.33072,-1.05065,66.23507,8.875949102,3.306524581,0
23.38002,26.71788,36.41046,1275.64741,-1.07958,66.24691,8.85539793,3.298868729,0
23.3869,26.73491,36.37397,1270.98283,-1.11013,66.25873,8.835986653,3.291637517,0
23.39374,26.75187,36.33657,1266.33673,-1.14224,66.27053,8.817762606,3.28484858,0
23.40056,26.76878,36.29822,1261.70883,-1.17582,66.28232,8.800768919,3.278517985,0
23.40736,26.78563,36.25888,1257.09878,-1.2108,66.29409,8.785044529,3.272660235,0
23.41412,26.80242,36.21852,1252.50623,-1.24711,66.30584,8.770624189,3.267288279,0
23.42086,26.81916,36.17709,1247.93075,-1.28465,66.31757,8.757538493,3.262413513,0
23.42756,26.83583,36.13458,1243.37189,-1.32335,66.32929,8.745813902,3.258045795,0
23.43424,26.85244,36.09094,1238.82918,-1.36311,66.34099,8.735472772,3.254193452,0
23.4409,26.869,36.04616,1234.30209,-1.40385,66.35267,8.726533391,3.250863297,0
23.44752,26.88549,36.00021,1229.79007,-1.44546,66.36433,8.719010012,3.248060641,0
23.45412,26.90193,35.95309,1225.29254,-1.48787,66.37598,8.712912897,3.245789305,0
23.46069,26.91831,35.90476,1220.80889,-1.53096,66.38761,8.70824835,3.244051638,0
23.46723,26.93464,35.85523,1216.33848,-1.57465,66.39923,8.705018767,3.242848533,0
23.47375,26.9509,35.80449,1211.88065,-1.61883,66.41082,8.70322267,3.24217944,0
23.48024,26.96711,35.75253,1207.43471,-1.6634,66.42241,8.70285476,3.242042384,0
23.4867,26.98326,35.69934,1202.99995,-1.70827,66.43397,8.703905954,3.242433982,0
23.49314,26.99935,35.64494,1198.57564,-1.75333,66.44552,8.706363435,3.243349458,0
23.49955,27.01538,35.58933,1194.16104,-1.79848,66.45705,8.710210698,3.244782665,0
23.50593,27.03136,35.53251,1189.75539,-1.84362,66.46857,8.715427599,3.246726097,0
23.51229,27.04728,35.4745,1185.35792,-1.88866,66.48007,8.721990405,3.249170915,0
23.51861,27.06315,35.41532,1180.96784,-1.93349,66.49155,8.729871849,3.25210696,0
23.52492,27.07895,35.35497,1176.58436,-1.97802,66.50302,8.739041184,3.255522779,0
23.53119,27.0947,35.29349,1172.20668,-2.02214,66.51447,8.749464248,3.259405645,0
23.53744,27.1104,35.2309,1167.83399,-2.06578,66.52591,8.761103522,3.26374158,0
23.54367,27.12603,35.16721,1163.4655,-2.10882,66.53732,8.773918202,3.268515386,0
23.54986,27.14161,35.10247,1159.10039,-2.15119,66.54873,8.787864279,3.273710667,0
23.55604,27.15713,35.0367,1154.73787,-2.1928,66.56011,8.802894614,3.279309862,0
23.56218,27.1726,34.96993,1150.37713,-2.23355,66.57148,8.818959032,3.28529428,0
23.5683,27.18801,34.90221,1146.01739,-2.27337,66.58283,8.836004421,3.291644136,0
23.57439,27.20336,34.83357,1141.65787,-2.31218,66.59416,8.853974833,3.298338587,0
23.58046,27.21866,34.76404,1137.29779,-2.34991,66.60548,8.872811609,3.305355782,0
23.5865,27.2339,34.69369,1132.93642,-2.38647,66.61678,8.892453498,3.312672903,0
23.59251,27.24908,34.62253,1128.57301,-2.42181,66.62806,8.912836804,3.32026622,0
23.5985,27.2642,34.55063,1124.20685,-2.45586,66.63933,8.933895526,3.328111149,0
23.60446,27.27927,34.47803,1119.83725,-2.48856,66.65058,8.955561531,3.336182305,0
23.6104,27.29428,34.40478,1115.46353,-2.51987,66.66181,8.97776472,3.344453578,0
23.61631,27.30924,34.33092,1111.08506,-2.54972,66.67302,9.000433221,3.35289819,0
23.6222,27.32414,34.25651,1106.70122,-2.57807,66.68422,9.023493586,3.361488783,0
23.62805,27.33898,34.1816,1102.31142,-2.60489,66.69539,9.046871007,3.370197488,0
23.63389,27.35376,34.10624,1097.91513,-2.63014,66.70655,9.070489542,3.378996013,0
23.63969,27.36848,34.03047,1093.51182,-2.6538,66.71769,9.094272349,3.387855735,0
23.64547,27.38315,33.95436,1089.10101,-2.67584,66.72881,9.118141944,3.396747787,0
23.65123,27.39776,33.87795,1084.68226,-2.69625,66.73991,9.142020454,3.40564316,0
23.65696,27.41232,33.8013,1080.25519,-2.71502,66.75099,9.165829895,3.414512803,0
23.66266,27.42681,33.72446,1075.81942,-2.73214,66.76205,9.189492448,3.423327727,0
23.66833,27.44125,33.64748,1071.37465,-2.74761,66.7731,9.21293075,3.432059111,0
23.67398,27.45563,33.5704,1066.9206,-2.76145,66.78412,9.23606819,3.440678416,0
23.67961,27.46995,33.49329,1062.45705,-2.77367,66.79512,9.258829207,3.449157494,0
23.68521,27.48421,33.41618,1057.98382,-2.78429,66.80611,9.281139592,3.457468699,0
23.69078,27.49842,33.33913,1053.50079,-2.79333,66.81707,9.302926797,3.465585006,0
23.69632,27.51256,33.26217,1049.00786,-2.80084,66.82801,9.324120234,3.47348012,0
23.70184,27.52665,33.18536,1044.505,-2.80684,66.83893,9.344651582,3.481128587,0
23.70734,27.54068,33.10874,1039.99223,-2.81139,66.84983,9.364455076,3.48850591,0
23.71281,27.55465,33.03235,1035.46961,-2.81453,66.86071,9.383467803,3.495588651,0
23.71825,27.56856,32.95622,1030.93723,-2.81633,66.87157,9.401629977,3.502354538,0
23.72366,27.58241,32.8804,1026.39527,-2.81684,66.8824,9.418885209,3.508782566,0
23.72905,27.5962,32.80491,1021.84392,-2.81613,66.89322,9.435180764,3.514853089,0
23.73441,27.60993,32.72979,1017.28344,-2.81428,66.90401,9.450467796,3.520547911,0
23.73975,27.6236,32.65508,1012.71412,-2.81135,66.91478,9.46470157,3.525850366,0
23.74506,27.63722,32.58079,1008.13629,-2.80745,66.92553,9.477841665,3.530745397,0
23.75034,27.65077,32.50695,1003.55034,-2.80264,66.93626,9.489852151,3.535219619,0
23.7556,27.66426,32.43359,998.95669,-2.79702,66.94696,9.500701744,3.539261378,0
0.0499,0.0499,50.02358,5266.66677,-0.21575,45.00008,22.24831004,8.288080878,0
0.09969,0.09969,50.01345,5254.2679,0.06863,45.00018,22.17531655,8.260888883,0
0.14936,0.14936,50.04231,5241.87203,0.35114,45.00028,21.98146771,8.188675088,0
0.19891,0.19891,50.10959,5229.54602,0.62983,45.00039,21.67223977,8.073479547,0
0.24834,0.24834,50.21445,5217.35344,0.90284,45.00051,21.2555607,7.918255628,0
0.29765,0.29766,50.35582,5205.35328,1.16846,45.00065,20.74140504,7.726719117,0
0.34685,0.34685,50.53243,5193.59894,1.42514,45.00079,20.14131842,7.503171062,0
0.39592,0.39593,50.74282,5182.13739,1.67152,45.00095,19.46790794,7.252307939,0
0.44488,0.4449,50.98535,5171.00872,1.90643,45.00113,18.73433385,6.979032288,0
0.49373,0.49375,51.25829,5160.24589,2.12893,45.00132,17.95383305,6.688275205,0
0.54247,0.54249,51.55981,5149.87472,2.3383,45.00153,17.13929836,6.384839601,0
0.59111,0.59113,51.88799,5139.91421,2.53401,45.00176,16.30292942,6.073270163,0
0.63964,0.63967,52.2409,5130.37688,2.71575,45.002,15.45596335,5.75775302,0
0.68816,0.68803,52.61004,5121.27913,2.78652,44.80339,14.62188467,5.447036763,-51.99999911
0.73676,0.73614,52.98743,5112.62204,2.84869,44.6153,13.81916865,5.148003927,-51.99999911
0.78542,0.78401,53.37194,5104.38976,2.90256,44.43737,13.04953703,4.861295896,-51.99999911
0.83415,0.83165,53.7625,5096.56549,2.94848,44.26919,12.31420054,4.587363709,-51.99999911
0.88293,0.87907,54.15808,5089.13182,2.98679,44.11036,11.61382678,4.326456052,-51.99999911
0.93176,0.9263,54.5577,5082.07103,3.01783,43.96043,10.94861873,4.078648553,-51.99999911
0.98065,0.97333,54.96044,5075.3653,3.04197,43.81899,10.31838889,3.843871353,-51.99999911
1.02958,1.02018,55.36543,5068.9969,3.05956,43.68561,9.722627503,3.621934563,-51.99999911
1.07855,1.06686,55.77183,5062.94839,3.07094,43.55985,9.160564519,3.412551312,-51.99999911
1.12756,1.11338,56.17888,5057.20273,3.07646,43.4413,8.631224773,3.215358329,-51.99999911
1.17661,1.15974,56.58583,5051.74339,3.07646,43.32955,8.133476537,3.029934015,-51.99999911
1.22569,1.20597,56.99201,5046.5544,3.07124,43.22421,7.666073598,2.855814122,-51.99999911
1.2748,1.25205,57.39677,5041.62045,3.06112,43.12491,7.227691258,2.692505165,-51.99999911
1.32394,1.29801,57.79951,5036.92691,3.04641,43.03127,6.816956719,2.539495743,-51.99999911
1.37311,1.34385,58.19965,5032.45983,3.02737,42.94294,6.432474385,2.396265957,-51.99999911
1.42229,1.38958,58.59667,5028.206,3.00427,42.85961,6.072846612,2.262295149,-51.99999911
1.4715,1.43519,58.99008,5024.1529,2.97739,42.78095,5.736690463,2.137068139,-51.99999911
1.52074,1.4807,59.37942,5020.28872,2.94694,42.70668,5.422650969,2.020080164,-51.99999911
1.56998,1.52612,59.76424,5016.60233,2.91317,42.6365,5.129411395,1.910840707,-51.99999911
1.61925,1.57145,60.14415,5013.08328,2.87628,42.57015,4.855700951,1.808876366,-51.99999911
1.66853,1.61669,60.51878,5009.72176,2.83647,42.5074,4.600300351,1.713732922,-51.99999911
1.71783,1.66184,60.88777,5006.50857,2.79394,42.44799,4.362045579,1.624976751,-51.99999911
1.76714,1.70692,61.25079,5003.4351,2.74887,42.39173,4.13983018,1.542195668,-51.99999911
1.81647,1.75193,61.60754,5000.4933,2.70141,42.33839,3.932606352,1.464999339,-51.99999911
1.8658,1.79686,61.95773,4997.67565,2.65173,42.28779,3.739385067,1.393019327,-51.99999911
1.91515,1.84173,62.3011,4994.97513,2.59997,42.23976,3.55923544,1.325908851,-51.99999911
1.9645,1.88653,62.63741,4992.38517,2.54626,42.19412,3.391283496,1.263342332,-51.99999911
2.01387,1.93128,62.96641,4989.89968,2.49074,42.15071,3.234710501,1.205014772,-51.99999911
2.06324,1.97597,63.28789,4987.51294,2.43352,42.1094,3.088750955,1.150641001,-51.99999911
2.11262,2.0206,63.60165,4985.21963,2.37471,42.07004,2.952690369,1.099954852,-51.99999911
2.16201,2.06518,63.90751,4983.0148,2.31442,42.03251,2.825862881,1.052708276,-51.99999911
2.21141,2.10971,64.20529,4980.89382,2.25275,41.99668,2.707648798,1.00867042,-51.99999911
2.26081,2.1542,64.49482,4978.85237,2.18978,41.96245,2.597472102,0.967626702,-51.99999911
2.31022,2.19863,64.77596,4976.88642,2.12559,41.92972,2.494797973,0.929377887,-51.99999911
2.35963,2.24303,65.04856,4974.99221,2.06028,41.89838,2.399130344,0.893739178,-51.99999911
2.40905,2.28738,65.31248,4973.16624,1.9939,41.86834,2.310009531,0.86053933,-51.99999911
2.45848,2.3317,65.56761,4971.40521,1.92654,41.83953,2.227009943,0.8296198,-51.99999911
2.5079,2.37597,65.81383,4969.70605,1.85825,41.81185,2.149737887,0.800833926,-51.99999911
2.55734,2.42021,66.05104,4968.06589,1.78911,41.78524,2.07782949,0.774046156,-51.99999911
2.60677,2.46442,66.27912,4966.48204,1.71915,41.75963,2.010948712,0.749131307,-51.99999911
2.65622,2.50859,66.49799,4964.95196,1.64844,41.73495,1.948785495,0.725973872,-51.99999911
2.70566,2.55272,66.70757,4963.47328,1.57703,41.71114,1.891054006,0.704467374,-51.99999911
2.75511,2.59683,66.90777,4962.04377,1.50497,41.68814,1.837491013,0.684513749,-51.99999911
2.80456,2.64091,67.09851,4960.66131,1.4323,41.6659,1.78785435,0.666022787,-51.99999911
2.85402,2.68495,67.27973,4959.32393,1.35906,41.64437,1.741921512,0.648911596,-51.99999911
2.90348,2.72897,67.45136,4958.02976,1.28529,41.62349,1.699488337,0.633104122,-51.99999911
2.95294,2.77297,67.61335,4956.777,1.21103,41.60322,1.6603678,0.618530692,-51.99999911
3.0024,2.81693,67.76563,4955.56397,1.13632,41.58352,1.624388893,0.605127603,-51.99999911
3.05187,2.86087,67.90816,4954.38908,1.06119,41.56434,1.591395603,0.592836734,-51.99999911
3.10134,2.90479,68.04088,4953.2508,0.98567,41.54566,1.561245976,0.581605205,-51.99999911
3.15082,2.94868,68.16376,4952.14765,0.90979,41.52742,1.53381126,0.571385051,-51.99999911
3.20029,2.99255,68.27676,4951.07825,0.83359,41.50959,1.508975129,0.562132939,-51.99999911
3.24978,3.0364,68.37984,4950.04125,0.75709,41.49214,1.486632979,0.5538099,-51.99999911
3.29926,3.08023,68.47297,4949.03535,0.68031,41.47504,1.466691298,0.5463811,-51.99999911
3.34875,3.12403,68.55612,4948.0593,0.60329,41.45825,1.449067099,0.539815622,-51.99999911
3.39824,3.16781,68.62926,4947.11187,0.52605,41.44175,1.433687416,0.534086285,-51.99999911
3.44773,3.21158,68.69238,4946.1919,0.44862,41.42549,1.420488864,0.529169477,-51.99999911
3.49723,3.25532,68.74544,4945.29821,0.37101,41.40946,1.409417255,0.525045011,-51.99999911
3.54673,3.29905,68.78844,4944.42967,0.29326,41.39362,1.400427268,0.521696005,-51.99999911
3.59623,3.34275,68.82136,4943.58516,0.21538,41.37795,1.393482174,0.519108775,-51.99999911
3.64574,3.38644,68.84418,4942.76358,0.1374,41.36241,1.388553614,0.517272756,-51.99999911
3.69525,3.43011,68.85691,4941.96383,0.05934,41.34699,1.385621423,0.516180438,-51.99999911
3.74476,3.47376,68.85954,4941.18482,-0.01878,41.33165,1.384673504,0.515827313,-51.99999911
3.79428,3.5174,68.85205,4940.42544,-0.09694,41.31637,1.385705754,0.516211854,-51.99999911
3.8438,3.56101,68.83446,4939.6846,-0.17511,41.30112,1.388722035,0.517335497,-51.99999911
3.89333,3.60461,68.80676,4938.96119,-0.25328,41.28587,1.393734186,0.519202656,-51.99999911
3.94286,3.6482,68.76896,4938.25408,-0.33141,41.27059,1.400762097,0.521820737,-51.99999911
3.9924,3.69176,68.72107,4937.56213,-0.4095,41.25526,1.409833811,0.525200189,-51.99999911
4.04194,3.73531,68.6631,4936.88417,-0.48751,41.23985,1.420985692,0.529354559,-51.99999911
4.09148,3.77884,68.59506,4936.21901,-0.56542,41.22433,1.434262631,0.534300568,-51.99999911
4.14103,3.82236,68.51697,4935.56542,-0.64322,41.20867,1.449718305,0.540058213,-51.99999911
4.19059,3.86586,68.42885,4934.92213,-0.72087,41.19283,1.467415485,0.546650878,-51.99999911
4.24015,3.90934,68.33072,4934.28784,-0.79835,41.1768,1.487426403,0.554105472,-51.99999911
4.28972,3.95281,68.2226,4933.66118,-0.87564,41.16053,1.509833167,0.562452581,-51.99999911
4.33929,3.99625,68.10454,4933.04073,-0.9527,41.144,1.534728235,0.571726649,-51.99999911
4.38887,4.03968,67.97655,4932.42503,-1.02952,41.12716,1.562214949,0.581966173,-51.99999911
4.43845,4.0831,67.83868,4931.81253,-1.10607,41.10998,1.592408131,0.593213928,-51.99999911
4.48805,4.12649,67.69096,4931.2016,-1.1823,41.09242,1.625434739,0.605517208,-51.99999911
4.53765,4.16987,67.53345,4930.59056,-1.25821,41.07445,1.661434597,0.618928102,-51.99999911
4.58725,4.21323,67.36618,4929.97761,-1.33374,41.05602,1.700561184,0.633503785,-51.99999911
4.63687,4.25657,67.18922,4929.36086,-1.40887,41.03708,1.742982509,0.649306845,-51.99999911
4.68649,4.29989,67.00261,4928.73831,-1.48356,41.01759,1.78888205,0.666405632,-51.99999911
4.73612,4.34319,66.80642,4928.10786,-1.55777,40.9975,1.838459774,0.684874639,-51.99999911
4.78576,4.38648,66.60072,4927.46727,-1.63147,40.97675,1.891933239,0.704794911,-51.99999911
4.83541,4.42974,66.38558,4926.81416,-1.70461,40.9553,1.949538774,0.726254489,-51.99999911
4.88507,4.47297,66.16108,4926.14601,-1.77714,40.93308,2.011532745,0.749348874,-51.99999911
4.93474,4.51619,65.9273,4925.46014,-1.84903,40.91002,2.078192902,0.774181537,-51.99999911
4.98442,4.55938,65.68434,4924.75369,-1.92021,40.88607,2.149819807,0.800864443,-51.99999911
5.03411,4.60255,65.43228,4924.02362,-1.99063,40.86115,2.226738341,0.829518621,-51.99999911
5.08381,4.64569,65.17125,4923.26667,-2.06024,40.83519,2.30929929,0.860274747,-51.99999911
5.13352,4.68881,64.90134,4922.47938,-2.12898,40.80809,2.397880994,0.893273762,-51.99999911
5.18325,4.7319,64.62269,4921.65804,-2.19678,40.77979,2.492891058,0.928667511,-51.99999911
5.23299,4.77495,64.33542,4920.79872,-2.26356,40.75018,2.594768103,0.966619391,-51.99999911
5.28274,4.81798,64.03968,4919.89717,-2.32926,40.71916,2.703983554,1.00730502,-51.99999911
5.33251,4.86098,63.73561,4918.94887,-2.3938,40.68663,2.821043425,1.050912902,-51.99999911
5.38229,4.90394,63.42338,4917.949,-2.45709,40.65248,2.946490077,1.097645081,-51.99999911
5.43209,4.94686,63.10316,4916.89239,-2.51904,40.61659,3.080903928,1.147717776,-51.99999911
5.4819,4.98975,62.77513,4915.7735,-2.57955,40.57881,3.22490504,1.20136198,-51.99999911
5.53174,5.0326,62.4395,4914.58643,-2.63852,40.53903,3.379154558,1.258823984,-51.99999911
5.58159,5.07541,62.09648,4913.32486,-2.69583,40.49708,3.544355915,1.320365836,-51.99999911
5.63146,5.11817,61.7463,4911.98203,-2.75138,40.45281,3.721255719,1.386265667,-51.99999911
5.68135,5.16088,61.38921,4910.55072,-2.80502,40.40605,3.910644249,1.456817878,-51.99999911
5.73126,5.20354,61.02547,4909.02325,-2.85663,40.35661,4.113355417,1.532333122,-51.99999911
5.78119,5.24615,60.65536,4907.39139,-2.90606,40.30431,4.330266083,1.613138052,-51.99999911
5.83115,5.2887,60.27918,4905.64638,-2.95316,40.24894,4.562294564,1.699574766,-51.99999911
5.88113,5.33119,59.89726,4903.77892,-2.99775,40.19027,4.810398148,1.791999879,-51.99999911
5.93114,5.37361,59.50994,4901.7791,-3.03968,40.12807,5.075569437,1.890783161,-51.99999911
5.98117,5.41596,59.1176,4899.63639,-3.07874,40.0621,5.358831264,1.996305645,-51.99999911
6.03123,5.45824,58.72062,4897.33966,-3.11475,39.99208,5.661229959,2.108957116,-51.99999911
6.08133,5.50045,58.31944,4894.87712,-3.1475,39.91774,5.983826677,2.229132881,-51.99999911
6.13145,5.54256,57.9145,4892.23635,-3.17675,39.83879,6.327686497,2.357229712,-51.99999911
6.18161,5.58459,57.50627,4889.40425,-3.20229,39.7549,6.693864999,2.493640838,-51.99999911
6.2318,5.62652,57.09528,4886.36711,-3.22387,39.66576,7.08339199,2.638749892,-51.99999911
6.28203,5.66836,56.68207,4883.11057,-3.24124,39.57102,7.497252088,2.792923667,-51.99999911
6.3323,5.71008,56.26721,4879.61967,-3.25412,39.47031,7.936361878,2.956503618,-51.99999911
6.38261,5.75168,55.85131,4875.87891,-3.26225,39.36328,8.401543397,3.129795973,-51.99999911
6.43296,5.79316,55.43503,4871.87229,-3.26533,39.24953,8.893493779,3.313060435,-51.99999911
6.48335,5.83451,55.01904,4867.58337,-3.26308,39.12868,9.412750977,3.506497403,-51.99999911
6.5338,5.87572,54.60407,4862.99542,-3.25519,39.0003,9.959655638,3.710233779,-51.99999911
6.58429,5.91678,54.19089,4858.09147,-3.24137,38.864,10.53430934,3.924307403,-51.99999911
6.63483,5.95768,53.78028,4852.85453,-3.22131,38.71935,11.13652966,4.148650319,-51.99999911
6.68543,5.9984,53.37308,4847.2677,-3.19471,38.56595,11.7658028,4.383071118,-51.99999911
6.73608,6.03895,52.97017,4841.3144,-3.16127,38.40339,12.42123469,4.627236745,-51.99999911
6.78679,6.07931,52.57245,4834.97859,-3.12071,38.23128,13.10150213,4.880654264,-51.99999911
6.83756,6.11946,52.18084,4828.24505,-3.07275,38.04923,13.80480541,5.14265324,-51.99999911
6.88839,6.15939,51.79633,4821.09961,-3.01715,37.8569,14.52882474,5.412369491,-51.99999911
6.93928,6.1991,51.41991,4813.52951,-2.95367,37.65397,15.27068279,5.688731135,-51.99999911
6.99025,6.23856,51.05257,4805.5237,-2.88212,37.44015,16.0269161,5.970447942,-51.99999911
7.04128,6.27777,50.69537,4797.0732,-2.80236,37.21521,16.79345828,6.256005072,-51.99999911
7.09238,6.31671,50.34932,4788.17141,-2.71426,36.97897,17.56563797,6.543662324,-51.99999911
7.14355,6.35537,50.01548,4778.81451,-2.61776,36.73133,18.33819452,6.831459966,-51.99999911
7.1948,6.39373,49.69488,4769.00175,-2.51288,36.47226,19.1053138,7.11723208,-51.99999911
7.24612,6.43179,49.38854,4758.73578,-2.39967,36.2018,19.8606862,7.398628175,-51.99999911
7.29752,6.46952,49.09747,4748.02294,-2.27826,35.92008,20.59758795,7.673143467,-51.99999911
7.34899,6.50691,48.82262,4736.87345,-2.14887,35.62735,21.30898572,7.938157854,-51.99999911
7.40053,6.54395,48.56492,4725.30156,-2.01179,35.32394,21.98766332,8.190983119,-51.99999911
7.45215,6.58063,48.32525,4713.32568,-1.86739,35.01029,22.62636784,8.428917356,-51.99999911
7.50385,6.61693,48.10441,4700.96835,-1.71611,34.68694,23.217971,8.649305099,-51.99999911
7.55561,6.65285,47.90314,4688.25612,-1.55849,34.35455,23.75564034,8.849601075,-51.99999911
7.60745,6.68837,47.72209,4675.21939,-1.39514,34.01387,24.23301348,9.02743513,-51.99999911
7.65936,6.72348,47.56183,4661.89213,-1.22674,33.66573,24.64436804,9.180675526,-51.99999911
7.71133,6.75818,47.42281,4648.31143,-1.05403,33.31108,24.98477941,9.30748772,-51.99999911
7.76337,6.79246,47.30541,4634.51712,-0.87783,32.95091,25.25025881,9.406385782,-51.99999911
7.81547,6.8263,47.20987,4620.55115,-0.69897,32.5863,25.43786472,9.476273917,-51.99999911
7.86763,6.85972,47.13634,4606.45702,-0.51835,32.21834,25.54578219,9.516476014,-51.99999911
7.91984,6.8927,47.08484,4592.27918,-0.33687,31.84821,25.57336618,9.526751778,-51.99999911
7.9721,6.92524,47.05529,4578.06229,-0.15544,31.47704,25.52114705,9.507298778,-51.99999911
8.0244,6.95734,47.04749,4563.85069,0.02502,31.10601,25.39079847,9.458740503,-51.99999911
8.07675,6.98901,47.06115,4549.68765,0.20361,30.73624,25.18507019,9.382101303,-51.99999911
8.12913,7.02024,47.09585,4535.61488,0.37948,30.36886,24.90768971,9.278769778,-51.99999911
8.18155,7.05105,47.15109,4521.67198,0.55179,30.00492,24.56323866,9.150452698,-51.99999911
8.23399,7.08142,47.22627,4507.89598,0.71977,29.64541,24.15701029,8.999121941,-51.99999911
8.28646,7.11138,47.32073,4494.32097,0.88271,29.29128,23.69485537,8.826957076,-51.99999911
8.33895,7.14093,47.43373,4480.97784,1.03995,28.94335,23.18302347,8.636286223,-51.99999911
8.39146,7.17007,47.56444,4467.89407,1.19092,28.60239,22.62800613,8.429527663,-51.99999911
8.44397,7.19882,47.71201,4455.09361,1.3351,28.26907,22.03638796,8.209134328,-51.99999911
8.4965,7.22718,47.87554,4442.59685,1.47207,27.94397,21.41471003,7.977542942,-51.99999911
8.54903,7.25517,48.05408,4430.42068,1.60146,27.62757,20.76934933,7.737129101,-51.99999911
8.60157,7.28279,48.24667,4418.57858,1.72299,27.32025,20.10641644,7.490169154,-51.99999911
8.6541,7.31007,48.45231,4407.08076,1.83645,27.02233,19.43167253,7.238809296,-51.99999911
8.70664,7.337,48.67003,4395.93437,1.94169,26.73401,18.75046589,6.985041899,-51.99999911
8.75916,7.36361,48.89882,4385.14374,2.03863,26.45544,18.06768705,6.730688817,-51.99999911
8.81168,7.38989,49.13768,4374.7106,2.12723,26.18668,17.38774123,6.477391108,-51.99999911
8.86419,7.41588,49.38564,4364.63437,2.20752,25.92773,16.71453616,6.226604505,-51.99999911
8.91669,7.44157,49.64172,4354.9124,2.27958,25.67853,16.05148313,5.979599807,-51.99999911
8.96918,7.46698,49.90499,4345.54025,2.34351,25.43897,15.40150906,5.737467364,-51.99999911
9.02166,7.49212,50.17449,4336.51195,2.39946,25.20889,14.76707722,5.50112481,-51.99999911
9.07412,7.517,50.44935,4327.82023,2.4476,24.98809,14.15021459,5.271327248,-51.99999911
9.12656,7.54163,50.72868,4319.45675,2.48815,24.77634,13.55254385,5.048679172,-51.99999911
9.17899,7.56603,51.01163,4311.41231,2.52132,24.5734,12.97531833,4.83364748,-51.99999911
9.2314,7.5902,51.2974,4303.67707,2.54734,24.37898,12.4194584,4.626575031,-51.99999911
9.2838,7.61415,51.5852,4296.24066,2.56647,24.19278,11.88558813,4.427694306,-51.99999911
9.33618,7.6379,51.87429,4289.0924,2.57897,24.01451,11.37407124,4.237140808,-51.99999911
9.38854,7.66145,52.16395,4282.2214,2.5851,23.84384,10.88504571,4.054965931,-51.99999911
9.44089,7.68481,52.4535,4275.61666,2.58512,23.68047,10.41845628,3.88114909,-51.99999911
9.49321,7.70799,52.74228,4269.26723,2.5793,23.52407,9.97408473,3.715608996,-51.99999911
9.54552,7.73099,53.02967,4263.16221,2.56791,23.37433,9.551577594,3.558213971,-51.99999911
9.59782,7.75383,53.3151,4257.29088,2.5512,23.23094,9.150471208,3.408791288,-51.99999911
9.65009,7.77652,53.598,4251.64276,2.52944,23.09357,8.770214135,3.267135523,-51.99999911
9.70235,7.79905,53.87784,4246.2076,2.50287,22.96194,8.410187001,3.133015943,-51.99999911
9.75459,7.82144,54.15412,4240.97546,2.47174,22.83575,8.069719872,3.00618298,-51.99999911
9.80682,7.84369,54.42638,4235.93674,2.43628,22.7147,7.748107322,2.886373842,-51.99999911
9.85903,7.8658,54.69416,4231.08216,2.39672,22.59854,7.444621365,2.773317338,-51.99999911
9.91122,7.8878,54.95705,4226.40281,2.35328,22.48698,7.158522447,2.666737964,-51.99999911
9.96339,7.90966,55.21466,4221.89011,2.30617,22.37977,6.889068685,2.566359347,-51.99999911
10.01555,7.93142,55.46659,4217.53589,2.2556,22.27666,6.635523536,2.471907108,-51.99999911
10.06768,7.9531,55.71535,4213.3263,2.25281,22.28218,6.39461268,2.382161476,0
10.11975,7.97478,55.96328,4209.24996,2.24509,22.28773,6.1635266,2.296075831,0
10.17176,7.99644,56.20986,4205.30259,2.23265,22.29331,5.942270471,2.213652101,0
10.22373,8.01809,56.4546,4201.47989,2.21568,22.29891,5.730775059,2.134864495,0
10.27564,8.03973,56.69701,4197.77754,2.19437,22.30456,5.52892169,2.059668804,0
10.32751,8.06136,56.93664,4194.19127,2.16891,22.31023,5.33655051,1.988005478,0
10.37933,8.08298,57.17306,4190.71686,2.1395,22.31594,5.153467999,1.919802425,0
10.4311,8.10459,57.40586,4187.35015,2.10631,22.32168,4.979453725,1.85497753,0
10.48283,8.12619,57.63464,4184.08707,2.06953,22.32746,4.814266371,1.793440894,0
10.53452,8.14778,57.85903,4180.92364,2.02934,22.33328,4.657649073,1.73509683,0
10.58617,8.16937,58.07868,4177.85598,1.98591,22.33913,4.509334091,1.679845596,0
10.63778,8.19094,58.29326,4174.88033,1.93939,22.34502,4.369046886,1.627584922,0
10.68934,8.21252,58.50244,4171.99303,1.88997,22.35095,4.236509637,1.578211309,0
10.74087,8.23408,58.70594,4169.19054,1.83778,22.35692,4.111444239,1.531621158,0
10.79237,8.25565,58.90347,4166.46943,1.78298,22.36293,3.993574858,1.487711712,0
10.84383,8.2772,59.09476,4163.82641,1.72572,22.36898,3.882630069,1.446381859,0
10.89525,8.29876,59.27957,4161.25828,1.66614,22.37507,3.77834463,1.407532789,0
10.94664,8.32031,59.45765,4158.76195,1.60437,22.38121,3.68046094,1.371068539,0
10.998,8.34185,59.6288,4156.33446,1.54054,22.38738,3.588730213,1.33689643,0
11.04933,8.3634,59.79281,4153.97292,1.47477,22.3936,3.502913418,1.304927415,0
11.10063,8.38494,59.94947,4151.67459,1.40719,22.39986,3.422781996,1.275076352,0
11.15189,8.40647,60.09862,4149.43677,1.33791,22.40616,3.348118419,1.247262205,0
11.20313,8.42801,60.24007,4147.25688,1.26705,22.41251,3.278716579,1.221408194,0
11.25434,8.44955,60.37368,4145.13243,1.19471,22.4189,3.214382064,1.197441895,0
11.30552,8.47108,60.4993,4143.06099,1.12099,22.42533,3.154932329,1.175295304,0
11.35667,8.49261,60.6168,4141.04021,1.046,22.43181,3.100196775,1.15490487,0
11.4078,8.51415,60.72605,4139.06781,0.96983,22.43833,3.050016765,1.136211496,0
11.4589,8.53568,60.82694,4137.14157,0.89258,22.4449,3.004245591,1.119160529,0
11.50998,8.55721,60.91936,4135.25933,0.81433,22.45151,2.96274839,1.10370173,0
11.56103,8.57875,61.00322,4133.41896,0.73518,22.45817,2.925402042,1.089789233,0
11.61205,8.60028,61.07844,4131.6184,0.65522,22.46488,2.892095036,1.077381496,0
11.66305,8.62182,61.14494,4129.85562,0.57451,22.47163,2.862727335,1.066441255,0
11.71403,8.64335,61.20265,4128.12861,0.49316,22.47843,2.83721023,1.056935462,0
11.76498,8.66489,61.25152,4126.43539,0.41124,22.48527,2.815466191,1.048835236,0
11.81591,8.68643,61.29149,4124.77401,0.32882,22.49216,2.797428733,1.042115808,0
11.86682,8.70797,61.32252,4123.14253,0.24599,22.49909,2.783042281,1.036756476,0
11.91771,8.72951,61.34458,4121.53902,0.16281,22.50607,2.772262051,1.032740557,0
11.96857,8.75105,61.35765,4119.96154,0.07938,22.5131,2.765053951,1.03005535,0
12.01941,8.7726,61.3617,4118.40817,-0.00424,22.52018,2.761394484,1.028692102,0
12.07023,8.79415,61.35673,4116.87696,-0.08798,22.5273,2.761270684,1.028645983,0
12.12103,8.8157,61.34274,4115.36595,-0.17175,22.53447,2.764680059,1.029916065,0
12.17181,8.83726,61.31972,4113.87318,-0.25549,22.54168,2.771630558,1.032505309,0
12.22256,8.85882,61.28771,4112.39664,-0.33912,22.54894,2.782140551,1.036420558,0
12.2733,8.88038,61.24671,4110.9343,-0.42256,22.55625,2.79623883,1.041672538,0
12.32401,8.90194,61.19677,4109.48408,-0.50574,22.56361,2.813964621,1.048275861,0
12.3747,8.92351,61.13791,4108.04388,-0.58858,22.57101,2.835367611,1.056249038,0
12.42538,8.94508,61.07018,4106.61152,-0.67101,22.57846,2.860507988,1.06561449,0
12.47603,8.96665,60.99365,4105.18478,-0.75293,22.58595,2.88945648,1.076398565,0
12.52666,8.98823,60.90837,4103.76138,-0.83428,22.59349,2.922294406,1.088631556,0
12.57727,9.00981,60.81442,4102.33896,-0.91497,22.60108,2.959113721,1.10234772,0
12.62786,9.03139,60.71187,4100.9151,-0.99492,22.60871,3.000017051,1.117585287,0
12.67843,9.05298,60.60083,4099.48729,-1.07403,22.61639,3.04511772,1.134386472,0
12.72898,9.07457,60.48138,4098.05292,-1.15222,22.62411,3.094539746,1.152797478,0
12.77951,9.09616,60.35364,4096.6093,-1.2294,22.63188,3.148417819,1.172868478,0
12.83001,9.11776,60.21774,4095.15364,-1.30547,22.63969,3.206897223,1.194653594,0
12.8805,9.13936,60.07379,4093.68303,-1.38033,22.64755,3.270133716,1.218210852,0
12.93096,9.16097,59.92195,4092.19446,-1.45388,22.65546,3.338293337,1.243602104,0
12.9814,9.18257,59.76236,4090.68478,-1.52603,22.6634,3.411552138,1.270892935,0
13.03182,9.20419,59.59519,4089.15072,-1.59664,22.6714,3.490095806,1.300152518,0
13.08222,9.2258,59.42061,4087.58888,-1.66563,22.67943,3.574119183,1.331453436,0
13.1326,9.24739,59.23737,4085.99899,-1.76004,22.62919,3.664580508,1.36515266,-49.99999915
13.18298,9.26893,59.04417,4084.38017,-1.85328,22.57743,3.762540547,1.401645352,-49.99999915
13.23337,9.29042,58.84115,4082.72782,-1.94524,22.52404,3.86839246,1.441077975,-49.99999915
13.28374,9.31186,58.62847,4081.03707,-2.03581,22.46888,3.982556128,1.483606945,-49.99999915
13.33412,9.33324,58.40628,4079.3028,-2.12487,22.41181,4.105481825,1.529400002,-49.99999915
13.3845,9.35456,58.17478,4077.51958,-2.21231,22.35269,4.237650907,1.578636462,-49.99999915
13.43487,9.37582,57.93414,4075.68169,-2.298,22.29135,4.379576325,1.631507415,-49.99999915
13.48524,9.39702,57.68458,4073.78306,-2.38181,22.22762,4.531802924,1.688215828,-49.99999915
13.53561,9.41816,57.42631,4071.8173,-2.46359,22.16134,4.694907457,1.748976558,-49.99999915
13.58598,9.43922,57.15958,4069.77763,-2.5432,22.09231,4.869498247,1.814016221,-49.99999915
13.63635,9.46022,56.88464,4067.65689,-2.62047,22.02034,5.056214396,1.8835729,-49.99999915
13.68671,9.48115,56.60176,4065.44751,-2.69525,21.94522,5.255724464,1.957895649,-49.99999915
13.73707,9.50199,56.31123,4063.1415,-2.76734,21.86673,5.468724489,2.037243763,-49.99999915
13.78744,9.52276,56.01335,4060.73044,-2.83658,21.78464,5.69593523,2.121885742,-49.99999915
13.8378,9.54344,55.70848,4058.20542,-2.90276,21.69869,5.938098499,2.212097932,-49.99999915
13.88816,9.56403,55.39694,4055.55709,-2.96568,21.60865,6.195972416,2.308162751,-49.99999915
13.93851,9.58453,55.07913,4052.77561,-3.02512,21.51422,6.470325429,2.410366467,-49.99999915
13.98887,9.60494,54.75544,4049.85065,-3.08085,21.41512,6.761928922,2.51899644,-49.99999915
14.03922,9.62524,54.4263,4046.77139,-3.13263,21.31106,7.071548222,2.634337776,-49.99999915
14.08957,9.64543,54.09215,4043.52654,-3.18023,21.20172,7.399931818,2.756669306,-49.99999915
14.13992,9.66551,53.75349,4040.10432,-3.22336,21.08677,7.747798597,2.886258834,-49.99999915
14.19026,9.68547,53.41082,4036.4925,-3.26178,20.96587,8.115822941,3.023357586,-49.99999915
14.2406,9.7053,53.06467,4032.67841,-3.29519,20.83867,8.504617504,3.16819379,-49.99999915
14.29094,9.725,52.71562,4028.64899,-3.32331,20.7048,8.914713572,3.320965366,-49.99999915
14.34127,9.74456,52.36425,4024.39086,-3.34584,20.56388,9.346538919,3.48183167,-49.99999915
14.3916,9.76397,52.01121,4019.89032,-3.36249,20.41553,9.800393171,3.65090432,-49.99999915
14.44191,9.78323,51.65714,4015.13349,-3.37293,20.25936,10.27642076,3.828237121,-49.99999915
14.49223,9.80233,51.30275,4010.10639,-3.37688,20.09496,10.77458167,4.01381517,-49.99999915
14.54253,9.82125,50.94876,4004.79503,-3.374,19.92195,11.29462036,4.207543265,-49.99999915
14.59283,9.83999,50.59592,3999.18553,-3.364,19.73993,11.83603327,4.409233819,-49.99999915
14.64311,9.85854,50.24502,3993.26434,-3.34658,19.5485,12.39803571,4.618594516,-49.99999915
14.69339,9.87689,49.89687,3987.01832,-3.32145,19.34729,12.979529,4.835216063,-49.99999915
14.74365,9.89503,49.55231,3980.43498,-3.28833,19.13595,13.57906887,5.05856044,-49.99999915
14.7939,9.91295,49.2122,3973.50267,-3.24697,18.91412,14.19483664,5.287950137,-49.99999915
14.84413,9.93064,48.87743,3966.21081,-3.19714,18.68149,14.8246145,5.52255896,-49.99999915
14.89434,9.94808,48.5489,3958.55012,-3.13863,18.4378,15.46576668,5.761405019,-49.99999915
14.94453,9.96527,48.22752,3950.51285,-3.07128,18.18281,16.11522834,6.003346572,-49.99999915
14.99469,9.98219,47.91422,3942.09305,-2.99497,17.91634,16.76950386,6.247081421,-49.99999915
15.04483,9.99884,47.60993,3933.28684,-2.90963,17.63825,17.42467658,6.491150496,-49.99999915
15.09494,10.0152,47.31556,3924.0926,-2.81524,17.3485,18.07643119,6.733946238,-49.99999915
15.14502,10.03125,47.03203,3914.51125,-2.71184,17.04708,18.72009044,6.973726244,-49.99999915
15.19506,10.047,46.76023,3904.54639,-2.59953,16.73409,19.35066662,7.208632461,-49.99999915
15.24506,10.06242,46.50104,3894.20457,-2.4785,16.4097,19.96292821,7.436716014,-49.99999915
15.29502,10.07751,46.2553,3883.49533,-2.34899,16.07417,20.55148113,7.655967461,-49.99999915
15.34493,10.09225,46.02379,3872.43132,-2.21134,15.72786,21.11086311,7.864351969,-49.99999915
15.39479,10.10664,45.80728,3861.02834,-2.06595,15.37121,21.63564918,8.059848588,-49.99999915
15.44459,10.12066,45.60645,3849.30531,-1.9133,15.00477,22.12056502,8.240492497,-49.99999915
15.49433,10.13432,45.42192,3837.28412,-1.75396,14.62916,22.56060456,8.404418803,-49.99999915
15.544,10.14759,45.25427,3824.98956,-1.58856,14.24511,22.95114737,8.549906278,-49.99999915
15.59361,10.16048,45.10396,3812.44899,-1.4178,13.85343,23.28807123,8.675419278,-49.99999915
15.64314,10.17297,44.9714,3799.69213,-1.24245,13.45499,23.56785491,8.779646062,-49.99999915
15.69258,10.18507,44.85688,3786.75065,-1.06332,13.05074,23.78766695,8.861531829,-49.99999915
15.74195,10.19676,44.76064,3773.65783,-0.88127,12.64169,23.94543607,8.920304977,-49.99999915
15.79122,10.20805,44.68279,3760.44809,-0.69719,12.22887,24.03990037,8.955495415,-49.99999915
15.8404,10.21894,44.62336,3747.15657,-0.51201,11.81336,24.07063302,8.966944137,-49.99999915
15.88948,10.22941,44.58229,3733.81863,-0.32664,11.39625,24.03804358,8.954803712,-49.99999915
15.93846,10.23949,44.55943,3720.46942,-0.14202,10.97863,23.94335524,8.919529815,-49.99999915
15.98734,10.24916,44.55453,3707.14343,0.04096,10.56158,23.78855957,8.861864354,-49.99999915
16.0361,10.25843,44.56726,3693.87404,0.22139,10.14614,23.57635123,8.782811162,-49.99999915
16.08476,10.2673,44.5972,3680.69318,0.39844,9.73334,23.31004617,8.683605523,-49.99999915
16.13329,10.27578,44.64387,3667.63101,0.5713,9.32413,22.9934873,8.565679015,-49.99999915
16.18171,10.28387,44.70671,3654.71559,0.7392,8.91943,22.63094186,8.430621299,-49.99999915
16.23002,10.29159,44.78511,3641.97269,0.90146,8.52007,22.22699493,8.280140438,-49.99999915
16.2782,10.29893,44.87838,3629.42563,1.05745,8.12681,21.78644314,8.116023305,-49.99999915
16.32626,10.30591,44.9858,3617.09517,1.20661,7.74035,21.31419226,7.940097428,-49.99999915
16.3742,10.31253,45.10662,3604.99943,1.34844,7.3613,20.81516172,7.754195421,-49.99999915
16.42201,10.3188,45.24004,3593.15395,1.48251,6.99017,20.2941985,7.560122915,-49.99999915
16.46971,10.32474,45.38523,3581.57166,1.60849,6.62742,19.7560021,7.359630594,-49.99999915
16.51728,10.33035,45.54135,3570.26304,1.72609,6.2734,19.20506153,7.154390736,-49.99999915
16.56473,10.33564,45.70756,3559.23616,1.83509,5.9284,18.64560476,6.945978369,-49.99999915
16.61207,10.34062,45.883,3548.49687,1.93534,5.59263,18.08156039,6.735856999,-49.99999915
16.65928,10.3453,46.06679,3538.04896,2.02675,5.26623,17.51653094,6.525368664,-49.99999915
16.70638,10.3497,46.25809,3527.89428,2.10929,4.94928,16.95377684,6.315727954,-49.99999915
16.75336,10.35381,46.45605,3518.033,2.18295,4.6418,16.3962098,6.108019561,-49.99999915
16.80023,10.35766,46.65983,3508.46372,2.24781,4.34375,15.84639442,5.903198866,-49.99999915
16.84699,10.36125,46.8686,3499.18369,2.30395,4.05505,15.30655654,5.70209505,-49.99999915
16.89364,10.36458,47.08157,3490.189,2.35151,3.77557,14.77859697,5.505416221,-49.99999915
16.94018,10.36768,47.29795,3481.47469,2.39065,3.50514,14.26410951,5.313756104,-49.99999915
16.98662,10.37054,47.51699,3473.03498,2.42156,3.24359,13.76440178,5.127601827,-49.99999915
17.03296,10.37318,47.73794,3464.86335,2.44446,2.99067,13.28051818,4.947342454,-49.99999915
17.07919,10.3756,47.96009,3456.95273,2.45956,2.74616,12.81326378,4.773277897,-49.99999915
17.12534,10.37781,48.18277,3449.2956,2.46712,2.50978,12.36322864,4.605627965,-49.99999915
17.17138,10.37983,48.40532,3441.88409,2.46739,2.28127,11.93081175,4.444541297,-49.99999915
17.21734,10.38165,48.62709,3434.7101,2.46062,2.06034,11.51624431,4.290104016,-49.99999915
17.26321,10.38329,48.8475,3427.76536,2.44708,1.8467,11.11961182,4.142347977,-49.99999915
17.30898,10.38475,49.06597,3421.04155,2.42705,1.64004,10.74087488,4.001258502,-49.99999915
17.35468,10.38604,49.28194,3414.5303,2.4008,1.44008,10.37988842,3.866781548,-49.99999915
17.40029,10.38716,49.4949,3408.22329,2.36859,1.24651,10.03641934,3.738830278,-49.99999915
17.44582,10.38812,49.70434,3402.1123,2.33069,1.05904,9.710162493,3.617291018,-49.99999915
17.49128,10.38892,49.90981,3396.1892,2.28736,0.87736,9.400755055,3.502028607,-49.99999915
17.53666,10.38958,50.11084,3390.44604,2.23888,0.70119,9.107789302,3.392891155,-49.99999915
17.58196,10.39009,50.30702,3384.875,2.18548,0.53025,8.830823894,3.289714254,-49.99999915
17.6272,10.39046,50.49795,3379.4685,2.12743,0.36426,8.569393749,3.192324646,-49.99999915
17.67236,10.39069,50.68326,3374.21913,2.06496,0.20293,8.323018614,3.100543426,-49.99999915
17.71745,10.39079,50.86258,3369.1197,1.99831,0.04602,8.091210452,3.014188786,-49.99999915
17.76248,10.39077,51.0356,3364.16323,1.92771,-0.10675,7.873479737,2.933078366,-49.99999915
17.80745,10.39062,51.20198,3359.34295,1.85339,-0.25562,7.669340796,2.857031239,-49.99999915
17.85235,10.39035,51.36144,3354.65233,1.77555,-0.40083,7.478316279,2.78586958,-49.99999915
17.89718,10.38996,51.51372,3350.08502,1.69441,-0.54262,7.299940875,2.719420049,-49.99999915
17.94196,10.38946,51.65854,3345.63489,1.61017,-0.68122,7.133764359,2.657514924,-49.99999915
17.98668,10.38884,51.79567,3341.296,1.52303,-0.81686,6.979354069,2.599993029,-49.99999915
18.03134,10.38812,51.92489,3337.0626,1.43317,-0.94974,6.836296875,2.54670046,-49.99999915
18.07595,10.38729,52.04599,3332.92911,1.34079,-1.08007,6.704200727,2.497491169,-49.99999915
18.1205,10.38635,52.15879,3328.89014,1.24605,-1.20807,6.582695845,2.452227404,-49.99999915
18.16499,10.38531,52.2631,3324.94044,1.14914,-1.33391,6.471435603,2.410780036,-49.99999915
18.20943,10.38417,52.35878,3321.07489,1.05021,-1.4578,6.370097153,2.373028797,-49.99999915
18.25382,10.38293,52.44567,3317.28852,0.94944,-1.57992,6.278381856,2.338862436,-49.99999915
18.29815,10.3816,52.52364,3313.57649,0.84697,-1.70045,6.196015534,2.308178813,-49.99999915
18.34244,10.38016,52.59257,3309.93403,0.74298,-1.81957,6.122748586,2.280884947,-49.99999915
18.38667,10.37863,52.65237,3306.35652,0.6376,-1.93745,6.058356005,2.256897017,-49.99999915
18.43085,10.37701,52.70292,3302.83936,0.53098,-2.05426,6.002637308,2.236140336,-49.99999915
18.47499,10.37529,52.74417,3299.37805,0.42327,-2.17017,5.955416407,2.218549308,-49.99999915
18.51907,10.37349,52.77603,3295.96816,0.31462,-2.28535,5.916541431,2.204067357,-49.99999915
18.56311,10.37159,52.79845,3292.60527,0.20515,-2.39994,5.88588453,2.192646854,-49.99999915
18.6071,10.36959,52.81138,3289.28501,0.09502,-2.51412,5.863341642,2.184249036,-49.99999915
18.65104,10.36751,52.8148,3286.00302,-0.01565,-2.62805,5.848832267,2.178843911,-49.99999915
18.69493,10.36534,52.80868,3282.75495,-0.12672,-2.74188,5.842299218,2.176410179,-49.99999915
18.73878,10.36308,52.79302,3279.53643,-0.23804,-2.85578,5.843708387,2.176935131,-49.99999915
18.78258,10.36072,52.76781,3276.34307,-0.3495,-2.96989,5.853048494,2.180414567,-49.99999915
18.82633,10.35828,52.73307,3273.17047,-0.46094,-3.08439,5.870330842,2.186852696,-49.99999915
18.87003,10.35574,52.68882,3270.01415,-0.57224,-3.19943,5.895589067,2.19626205,-49.99999915
18.91369,10.35312,52.63511,3266.86959,-0.68327,-3.31518,5.928878873,2.208663378,-49.99999915
18.95729,10.3504,52.57197,3263.7322,-0.79387,-3.4318,5.970277752,2.22408555,-49.99999915
19.00085,10.34759,52.49947,3260.59728,-0.90391,-3.54945,6.019884673,2.242565434,-49.99999915
19.04437,10.34469,52.41768,3257.46008,-1.01326,-3.66831,6.077819734,2.264147768,-49.99999915
19.08783,10.34169,52.32669,3254.3157,-1.12176,-3.78855,6.144223757,2.288885014,-49.99999915
19.13124,10.3386,52.22658,3251.15913,-1.22928,-3.91035,6.219257816,2.316837175,-49.99999915
19.17461,10.33541,52.11748,3247.98523,-1.33566,-4.03389,6.303102666,2.348071588,-49.99999915
19.21792,10.33213,51.9995,3244.78873,-1.44074,-4.15935,6.395958071,2.382662669,-49.99999915
19.26119,10.32874,51.87278,3241.56419,-1.54439,-4.28693,6.498041982,2.420691612,-49.99999915
19.3044,10.32526,51.73746,3238.30598,-1.64642,-4.41683,6.609589553,2.462246017,-49.99999915
19.34756,10.32167,51.59371,3235.00835,-1.74669,-4.54924,6.730851958,2.507419454,-49.99999915
19.39066,10.31799,51.4417,3231.66531,-1.84502,-4.68438,6.86209497,2.556310929,-49.99999915
19.43372,10.31419,51.28163,3228.2707,-1.94123,-4.82246,7.003597275,2.609024261,-49.99999915
19.47671,10.31029,51.11371,3224.81815,-2.03516,-4.9637,7.15564846,2.665667328,-49.99999915
19.51965,10.30627,50.93815,3221.30109,-2.1266,-5.10834,7.31854665,2.72635119,-49.99999915
19.56253,10.30215,50.75518,3217.71272,-2.21538,-5.25661,7.492595734,2.791189053,-49.99999915
19.60535,10.2979,50.56508,3214.04603,-2.30131,-5.40876,7.678102135,2.860295068,-49.99999915
19.64811,10.29354,50.3681,3210.29379,-2.38417,-5.56504,7.875371073,2.933782938,-49.99999915
19.6908,10.28906,50.16454,3206.44854,-2.46376,-5.72571,8.084702262,3.011764314,-49.99999915
19.73343,10.28446,49.9547,3202.5026,-2.53987,-5.89104,8.306385005,3.094346968,-49.99999915
19.776,10.27972,49.7389,3198.44811,-2.61229,-6.06131,8.540692621,3.18163272,-49.99999915
19.81849,10.27486,49.51748,3194.27696,-2.68079,-6.2368,8.78787618,3.2737151,-49.99999915
19.86091,10.26986,49.29082,3189.98088,-2.74514,-6.4178,9.048157493,3.370676738,-49.99999915
19.90326,10.26472,49.05928,3185.55143,-2.80511,-6.60462,9.321721343,3.472586469,-49.99999915
19.94553,10.25943,48.82326,3180.98001,-2.86046,-6.79754,9.608706941,3.579496156,-49.99999915
19.98772,10.254,48.58319,3176.25789,-2.91096,-6.99689,9.909198617,3.691437212,-49.99999915
20.02983,10.24842,48.3395,3171.37627,-2.95636,-7.20298,10.22321578,3.808416867,-49.99999915
20.07187,10.24277,48.09679,3166.31477,-2.89585,-7.20002,10.5444445,3.928083018,0
20.11384,10.23712,47.85985,3161.05736,-2.82668,-7.19707,10.86559666,4.047720647,0
20.15575,10.23149,47.62937,3155.60239,-2.74884,-7.19413,11.18488168,4.166662719,0
20.19759,10.22586,47.40607,3149.94922,-2.66239,-7.19119,11.50041546,4.284207353,0
20.23935,10.22025,47.19065,3144.09834,-2.56742,-7.18827,11.81020188,4.399610947,0
20.28104,10.21465,46.98378,3138.05138,-2.46408,-7.18536,12.11215352,4.512095875,0
20.32266,10.20905,46.78612,3131.81124,-2.35259,-7.18246,12.40411658,4.620859799,0
20.36419,10.20347,46.59831,3125.38206,-2.23322,-7.17957,12.68389999,4.725086482,0
20.40565,10.1979,46.42095,3118.7693,-2.10629,-7.1767,12.94930798,4.823957938,0
20.44701,10.19234,46.25462,3111.97972,-1.97219,-7.17385,13.19817556,4.916667661,0
20.4883,10.1868,46.09983,3105.02141,-1.83138,-7.17102,13.42840611,5.0024346,0
20.52949,10.18127,45.95708,3097.90367,-1.68437,-7.16821,13.63800988,5.080517518,0
20.57059,10.17575,45.82679,3090.63707,-1.53172,-7.16542,13.82514229,5.150229263,0
20.6116,10.17024,45.70936,3083.23326,-1.37405,-7.16266,13.98814086,5.210950521,0
20.65252,10.16475,45.60509,3075.70496,-1.21202,-7.15991,14.1255594,5.262142542,0
20.69333,10.15927,45.51426,3068.06578,-1.04634,-7.15719,14.2361982,5.303358407,0
20.73405,10.1538,45.43707,3060.33012,-0.87775,-7.1545,14.31912924,5.334252402,0
20.77467,10.14835,45.37365,3052.51302,-0.70701,-7.15183,14.37371533,5.354587155,0
20.81518,10.14292,45.32408,3044.62996,-0.53492,-7.14918,14.39962253,5.364238269,0
20.85559,10.13749,45.28837,3036.69676,-0.36227,-7.14656,14.39682547,5.363196293,0
20.8959,10.13209,45.26645,3028.72934,-0.18987,-7.14396,14.36560531,5.35156596,0
20.9361,10.12669,45.25821,3020.7436,-0.01851,-7.14139,14.30654054,5.329562778,0
20.97619,10.12132,45.26345,3012.75523,0.15102,-7.13885,14.22049116,5.297507119,0
21.01618,10.11595,45.28194,3004.77958,0.31796,-7.13633,14.1085768,5.255816076,0
21.05607,10.1106,45.31337,2996.83148,0.48159,-7.13383,13.97214981,5.204993434,0
21.09584,10.10527,45.35738,2988.92513,0.6412,-7.13135,13.81276432,5.145618147,0
21.13551,10.09995,45.41357,2981.074,0.79613,-7.1289,13.63214248,5.078331758,0
21.17508,10.09464,45.48148,2973.29069,0.94578,-7.12647,13.43213902,5.003825204,0
21.21453,10.08935,45.56063,2965.58692,1.08959,-7.12405,13.21470535,4.922825444,0
21.25389,10.08408,45.65048,2957.97342,1.22705,-7.12166,12.98185429,4.836082295,0
21.29314,10.07882,45.75047,2950.45989,1.35771,-7.11928,12.73562622,4.74435586,0
21.33229,10.07357,45.86,2943.05503,1.48117,-7.11692,12.47805771,4.648404815,0
21.37135,10.06833,45.97848,2935.76648,1.5971,-7.11457,12.21115306,4.548975809,0
21.4103,10.06311,46.10526,2928.60086,1.70521,-7.11224,11.93685923,4.446794143,0
21.44915,10.05791,46.2397,2921.56379,1.80528,-7.10992,11.65704457,4.342555816,0
21.48791,10.05271,46.38115,2914.65991,1.89713,-7.10761,11.37348121,4.236921004,0
21.52658,10.04753,46.52895,2907.89296,1.98064,-7.1053,11.08783142,4.130508941,0
21.56515,10.04236,46.68244,2901.26579,2.05572,-7.10301,10.80163746,4.023894163,0
21.60364,10.0372,46.84095,2894.78044,2.12235,-7.10071,10.51631495,3.917604019,0
21.64204,10.03206,47.00383,2888.43822,2.18052,-7.09843,10.23314922,3.812117334,0
21.68035,10.02693,47.17043,2882.23971,2.2303,-7.09614,9.953294518,3.707864095,0
21.71858,10.02181,47.34012,2876.18489,2.27175,-7.09385,9.67777552,3.605226019,0
21.75673,10.0167,47.51226,2870.27319,2.30499,-7.09156,9.407490816,3.504537855,0
21.7948,10.0116,47.68623,2864.50352,2.33015,-7.08927,9.143218021,3.406089285,0
21.83279,10.00651,47.86145,2858.87435,2.3474,-7.08698,8.885620124,3.310127291,0
21.8707,10.00143,48.03733,2853.38378,2.3569,-7.08468,8.635252753,3.216858858,0
21.90855,9.99636,48.21329,2848.02956,2.35887,-7.08237,8.392572064,3.126453916,0
21.94632,9.9913,48.38881,2842.80919,2.3535,-7.08005,8.157943005,3.039048418,0
21.98402,9.98626,48.56334,2837.71989,2.34103,-7.07773,7.931647715,2.954747468,0
22.02166,9.98122,48.73638,2832.75873,2.32169,-7.07539,7.7138939,2.873628442,0
22.05923,9.97619,48.90745,2827.9226,2.29572,-7.07304,7.504823012,2.795744036,0
22.09674,9.97116,49.07606,2823.20826,2.26336,-7.07067,7.304518147,2.721125203,0
22.13419,9.96615,49.24179,2818.61238,2.22486,-7.06829,7.113011535,2.649783952,0
22.17157,9.96115,49.40419,2814.13158,2.18049,-7.0659,6.930291601,2.581715968,0
22.2089,9.95615,49.56287,2809.7624,2.13048,-7.06348,6.756309526,2.516903067,0
22.24617,9.95116,49.71743,2805.50137,2.0751,-7.06105,6.5909853,2.455315444,0
22.28339,9.94618,49.86751,2801.34503,2.01459,-7.0586,6.434213268,2.396913737,0
22.32055,9.94121,50.01275,2797.28987,1.9492,-7.05613,6.285867149,2.341650904,0
22.35766,9.93625,50.15284,2793.33244,1.87919,-7.05364,6.145804567,2.289473907,0
22.39472,9.93129,50.28745,2789.46928,1.80478,-7.05112,6.013871108,2.240325222,0
22.43173,9.92634,50.4163,2785.69699,1.72624,-7.04858,5.889903919,2.194144183,0
22.46869,9.92139,50.53911,2782.01216,1.64378,-7.04602,5.773734895,2.150868164,0
22.5056,9.91646,50.65563,2778.41145,1.55765,-7.04344,5.665193469,2.110433627,0
22.54247,9.91153,50.76561,2774.89154,1.46807,-7.04083,5.564109057,2.072777024,0
22.57929,9.9066,50.86883,2771.44915,1.37527,-7.0382,5.470313167,2.037835587,0
22.61607,9.90168,50.96509,2768.08105,1.27947,-7.03554,5.383641217,2.005548006,0
22.65281,9.89677,51.0542,2764.78403,1.18087,-7.03285,5.3039341,1.975855007,0
22.6895,9.89187,51.13597,2761.55492,1.0797,-7.03013,5.231039499,1.94869985,0
22.72615,9.88697,51.21026,2758.39057,0.97617,-7.02739,5.164813004,1.924028738,0
22.76276,9.88208,51.2769,2755.28787,0.87047,-7.02462,5.105119039,1.901791166,0
22.79933,9.87719,51.33579,2752.24373,0.7628,-7.02182,5.051831631,1.881940204,0
22.83586,9.87231,51.38679,2749.25507,0.65338,-7.019,5.004835031,1.864432734,0
22.87236,9.86743,51.42981,2746.31883,0.54238,-7.01614,4.964024217,1.849229632,0
22.90881,9.86257,51.46475,2743.43194,0.43,-7.01326,4.929305277,1.836295913,0
22.94523,9.8577,51.49155,2740.59136,0.31644,-7.01035,4.900595706,1.825600843,0
22.98161,9.85284,51.51015,2737.79401,0.20189,-7.0074,4.877824614,1.817118012,0
23.01795,9.84799,51.52048,2735.03683,0.08652,-7.00443,4.860932855,1.810825387,0
23.05426,9.84315,51.52253,2732.31673,-0.02948,-7.00143,4.849873092,1.806705335,0
23.09053,9.83831,51.51626,2729.63059,-0.14592,-6.99839,4.8446098,1.80474462,0
23.12677,9.83347,51.50167,2726.97527,-0.26261,-6.99533,4.845119202,1.804934385,0
23.16297,9.82864,51.47876,2724.3476,-0.37938,-6.99224,4.85138916,1.80727011,0
23.19914,9.82382,51.44756,2721.74434,-0.49604,-6.98912,4.863419002,1.811751543,0
23.23527,9.819,51.40809,2719.16223,-0.6124,-6.98597,4.881219295,1.81838262,0
23.27137,9.81418,51.36039,2716.59793,-0.72829,-6.98278,4.904811553,1.827171357,0
23.30743,9.80938,51.30452,2714.04807,-0.84351,-6.97957,4.934227893,1.838129718,0
23.34346,9.80457,51.24055,2711.50918,-0.95787,-6.97633,4.969510606,1.851273457,0
23.37946,9.79978,51.16856,2708.97773,-1.07119,-6.97306,5.010711666,1.866621935,0
23.41542,9.79499,51.08865,2706.45011,-1.18328,-6.96976,5.057892143,1.884197904,0
23.45134,9.7902,51.00093,2703.92262,-1.29394,-6.96643,5.111121525,1.90402725,0
23.48724,9.78542,50.90552,2701.39149,-1.40297,-6.96308,5.170476937,1.926138703,0
23.52309,9.78065,50.80256,2698.85282,-1.51019,-6.95969,5.236042236,1.950563501,0
23.55892,9.77588,50.69219,2696.30263,-1.61537,-6.95628,5.307906971,1.977335006,0
23.59471,9.77111,50.57459,2693.73685,-1.71832,-6.95284,5.386165202,2.006488256,0
23.63046,9.76636,50.44993,2691.15129,-1.81884,-6.94937,5.470914151,2.03805947,0
23.66618,9.76161,50.31841,2688.54164,-1.9167,-6.94588,5.56225267,2.072085471,0
23.70186,9.75686,50.18024,2685.90351,-2.0117,-6.94236,5.660279519,2.108603052,0
23.7375,9.75212,50.03563,2683.23237,-2.1036,-6.93881,5.765091419,2.147648242,0
23.77311,9.74739,49.88484,2680.5236,-2.1922,-6.93524,5.876780882,2.189255506,0
23.80868,9.74266,49.72812,2677.77247,-2.27726,-6.93165,5.995433794,2.233456838,0
23.84422,9.73794,49.56573,2674.97415,-2.35856,-6.92803,6.121126735,2.280280765,0
23.87971,9.73322,49.39796,2672.1237,-2.43586,-6.92439,6.253924023,2.329751249,0
23.91517,9.72852,49.22513,2669.2161,-2.50893,-6.92073,6.393874495,2.381886482,0
23.95059,9.72381,49.04754,2666.24625,-2.57754,-6.91705,6.541007982,2.436697578,0
23.98596,9.71912,48.86553,2663.20897,-2.64144,-6.91335,6.69533153,2.49418716,0
24.0213,9.71443,48.67945,2660.09902,-2.70039,-6.90962,6.856825329,2.554347849,0
24.05659,9.70975,48.48968,2656.91115,-2.75417,-6.90588,7.025438405,2.617160656,0
24.09184,9.70507,48.29658,2653.64005,-2.80253,-6.90213,7.201084085,2.682593294,0
24.12705,9.7004,48.10057,2650.28043,-2.84524,-6.89835,7.38363528,2.750598417,0
24.16221,9.69574,47.90206,2646.82701,-2.88207,-6.89456,7.572919634,2.821111819,0
24.19732,9.69109,47.70147,2643.27459,-2.91279,-6.89076,7.768714624,2.894050605,0
24.23239,9.68645,47.49925,2639.61802,-2.93718,-6.88695,7.970742671,2.969311368,0
24.26741,9.68181,47.29585,2635.8523,-2.95504,-6.88312,8.178666373,3.046768417,0
24.30238,9.67718,47.09175,2631.97254,-2.96616,-6.87928,8.392083985,3.126272093,0
24.3373,9.67256,46.88743,2627.9741,-2.97036,-6.87543,8.610525262,3.207647217,0
24.37216,9.66794,46.68338,2623.85253,-2.96747,-6.87158,8.83344782,3.290691735,0
24.40697,9.66334,46.4801,2619.60368,-2.95733,-6.86772,9.060234176,3.37517562,0
24.44173,9.65874,46.27809,2615.22373,-2.93981,-6.86385,9.290189641,3.460840081,0
24.47643,9.65415,46.07789,2610.70925,-2.91479,-6.85998,9.522541228,3.547397161,0
24.51107,9.64958,45.88,2606.05721,-2.88219,-6.85611,9.756437765,3.634529775,0
24.54565,9.64501,45.68495,2601.26508,-2.84195,-6.85224,9.990951381,3.721892267,0
24.58017,9.64045,45.49325,2596.33085,-2.79403,-6.84837,10.2250805,3.809111525,0
24.61462,9.6359,45.30544,2591.25309,-2.73845,-6.8445,10.45775452,3.895788719,0
24.64901,9.63136,45.12202,2586.03098,-2.67523,-6.84063,10.68784021,3.981501693,0
24.68333,9.62683,44.9435,2580.66437,-2.60447,-6.83677,10.91414996,4.065808028,0
24.71758,9.62231,44.77038,2575.15382,-2.52626,-6.83291,11.13545182,4.148248795,0
24.75177,9.6178,44.60314,2569.50059,-2.44077,-6.82906,11.35048137,4.228352958,0
24.78588,9.6133,44.44225,2563.70674,-2.3482,-6.82522,11.55795518,4.305642413,0
24.81991,9.60882,44.28816,2557.77507,-2.24879,-6.82139,11.75658586,4.379637566,0
24.85387,9.60434,44.1413,2551.70918,-2.14282,-6.81757,11.94509825,4.449863391,0
24.88775,9.59988,44.00206,2545.51344,-2.03062,-6.81377,12.12224662,4.515855823,0
24.92155,9.59543,43.87083,2539.19301,-1.91256,-6.80998,12.28683243,4.577168367,0
24.95527,9.59099,43.74794,2532.75379,-1.78905,-6.8062,12.43772217,4.633378766,0
24.9889,9.58656,43.63371,2526.2024,-1.66055,-6.80244,12.57386499,4.684095546,0
25.02246,9.58215,43.52841,2519.54613,-1.52755,-6.79869,12.69430947,4.728964283,0
25.05592,9.57774,43.43229,2512.79293,-1.39056,-6.79496,12.79821919,4.767673391,0
25.0893,9.57336,43.34554,2505.95128,-1.25013,-6.79125,12.88488662,4.799959286,0
25.12259,9.56898,43.26832,2499.03018,-1.10686,-6.78756,12.95374479,4.825610766,0
25.15578,9.56462,43.20075,2492.03906,-0.96133,-6.78388,13.00437663,4.844472459,0
25.18889,9.56026,43.14291,2484.98769,-0.81416,-6.78023,13.03652149,4.856447268,0
25.2219,9.55593,43.09482,2477.88608,-0.66598,-6.77659,13.05007877,4.861497711,0
25.25482,9.5516,43.05649,2470.74445,-0.51743,-6.77297,13.04510848,4.859646145,0
25.28765,9.54729,43.02786,2463.57307,-0.36914,-6.76937,13.02182884,4.850973867,0
25.32038,9.543,43.00884,2456.38222,-0.22174,-6.76579,12.98061099,4.835619135,0
25.35302,9.53871,42.99929,2449.18209,-0.07585,-6.76223,12.92197097,4.813774185,0
25.38556,9.53445,42.99905,2441.9827,0.06792,-6.75869,12.84655928,4.785681345,0
25.41801,9.53019,43.0079,2434.79382,0.20899,-6.75517,12.7551484,4.751628387,0
25.45036,9.52595,43.0256,2427.62491,0.34679,-6.75166,12.64861864,4.71194325,0
25.48261,9.52172,43.05188,2420.48506,0.48078,-6.74817,12.52794276,4.666988307,0
25.51477,9.5175,43.08643,2413.3829,0.61046,-6.7447,12.39416972,4.617154331,0
25.54684,9.5133,43.12891,2406.3266,0.73537,-6.74124,12.2484082,4.562854331,0
25.57881,9.50912,43.17895,2399.32381,0.85505,-6.73779,12.09181006,4.504517403,0
25.61068,9.50494,43.23619,2392.38163,0.96913,-6.73436,11.92555426,4.442582741,0
25.64247,9.50078,43.30021,2385.50661,1.07723,-6.73094,11.75083154,4.377493933,0
25.67416,9.49663,43.37059,2378.70469,1.17904,-6.72753,11.56883018,4.309693636,0
25.70576,9.4925,43.4469,2371.98125,1.27429,-6.72413,11.3807229,4.239618725,0
25.73727,9.48837,43.52869,2365.34107,1.36273,-6.72074,11.1876553,4.167695963,0
25.76869,9.48426,43.6155,2358.78838,1.44417,-6.71735,10.99073572,4.094338239,0
25.80002,9.48017,43.70688,2352.32682,1.51844,-6.71397,10.79102674,4.01994139,0
25.83126,9.47608,43.80235,2345.9595,1.58543,-6.7106,10.58953819,3.944881602,0
25.86243,9.47201,43.90144,2339.68901,1.64504,-6.70722,10.3872217,3.869513386,0
25.8935,9.46795,44.00369,2333.51743,1.69723,-6.70385,10.18496674,3.794168094,0
25.9245,9.4639,44.10863,2327.44639,1.74197,-6.70048,9.983597994,3.719152937,0
25.95541,9.45986,44.21579,2321.47707,1.77927,-6.69711,9.78387392,3.644750464,0
25.98624,9.45583,44.32472,2315.61022,1.80917,-6.69373,9.586486495,3.571218455,0
26.017,9.45182,44.43496,2309.84625,1.83172,-6.69035,9.392061863,3.498790164,0
26.04768,9.44782,44.54607,2304.18518,1.84702,-6.68697,9.201161822,3.427674876,0
26.07828,9.44382,44.65761,2298.62672,1.85517,-6.68358,9.014285994,3.358058713,0
26.10881,9.43984,44.76917,2293.17031,1.85629,-6.68018,8.83187454,3.290105647,0
26.13927,9.43587,44.88032,2287.81509,1.85054,-6.67677,8.654311308,3.223958671,0
26.16966,9.43191,44.99067,2282.55999,1.83806,-6.67335,8.481927289,3.159741088,0
26.19998,9.42795,45.09983,2277.40371,1.81903,-6.66992,8.315004289,3.097557879,0
26.23023,9.42401,45.20742,2272.34478,1.79363,-6.66648,8.153778728,3.037497115,0
26.26041,9.42008,45.31308,2267.38153,1.76206,-6.66302,7.998445477,2.979631392,0
26.29053,9.41616,45.41647,2262.51216,1.72452,-6.65955,7.849161686,2.924019252,0
26.32059,9.41224,45.51724,2257.73476,1.68121,-6.65606,7.706050539,2.870706584,0
26.35058,9.40834,45.61508,2253.04727,1.63237,-6.65255,7.56920489,2.819727979,0
26.38051,9.40444,45.70968,2248.44754,1.57819,-6.64903,7.438690757,2.771108031,0
26.41038,9.40056,45.80076,2243.93335,1.51892,-6.64549,7.314550636,2.724862569,0
26.44019,9.39668,45.88803,2239.50239,1.45478,-6.64193,7.19680663,2.680999829,0
26.46995,9.39281,45.97124,2235.15229,1.386,-6.63834,7.08546337,2.639521535,0
26.49965,9.38895,46.05014,2230.88062,1.31281,-6.63474,6.980510723,2.600423913,0
26.52929,9.3851,46.1245,2226.68489,1.23544,-6.63111,6.881926297,2.56369862,0
26.55888,9.38125,46.1941,2222.5626,1.15413,-6.62746,6.78967773,2.529333602,0
26.58841,9.37742,46.25874,2218.51117,1.06912,-6.62378,6.70372477,2.497313862,0
26.61789,9.37359,46.31822,2214.528,0.98063,-6.62008,6.624021162,2.467622171,0
26.64732,9.36977,46.37238,2210.61048,0.88891,-6.61636,6.550516338,2.440239691,0
26.6767,9.36596,46.42106,2206.75595,0.79418,-6.61261,6.483156929,2.415146538,0
26.70603,9.36215,46.4641,2202.9617,0.69667,-6.60883,6.421888095,2.392322285,0
26.73531,9.35836,46.50137,2199.22504,0.59663,-6.60503,6.366654704,2.371746394,0
26.76454,9.35457,46.53276,2195.54321,0.49427,-6.6012,6.317402347,2.353398595,0
26.79373,9.35078,46.55816,2191.91345,0.38984,-6.59734,6.274078211,2.337259215,0
26.82286,9.34701,46.57747,2188.33296,0.28355,-6.59345,6.236631824,2.32330945,0
26.85195,9.34324,46.59062,2184.79889,0.17564,-6.58954,6.205015657,2.311531596,0
26.88099,9.33948,46.59755,2181.3084,0.06633,-6.5856,6.179185625,2.301909229,0
26.90999,9.33573,46.59818,2177.85859,-0.04414,-6.58163,6.159101462,2.29442735,0
26.93894,9.33199,46.5925,2174.44651,-0.15556,-6.57763,6.144726994,2.289072483,0
26.96784,9.32825,46.58047,2171.06921,-0.2677,-6.5736,6.136030307,2.285832738,0
26.9967,9.32452,46.56207,2167.72366,-0.38033,-6.56954,6.13298382,2.284697842,0
27.02552,9.32079,46.5373,2164.40682,-0.49322,-6.56546,6.135564263,2.285659124,0
27.05429,9.31708,46.50618,2161.11559,-0.60616,-6.56134,6.143752554,2.288709478,0
27.08302,9.31337,46.46872,2157.84681,-0.71891,-6.5572,6.157533594,2.293843278,0
27.11171,9.30966,46.42497,2154.59729,-0.83125,-6.55303,6.176895965,2.301056271,0
27.14035,9.30597,46.37496,2151.36379,-0.94296,-6.54883,6.201831537,2.310345428,0
27.16895,9.30228,46.31877,2148.143,-1.0538,-6.54459,6.232334979,2.321708762,0
27.1975,9.2986,46.25647,2144.93156,-1.16356,-6.54034,6.26840318,2.335145116,0
27.22601,9.29492,46.18814,2141.72606,-1.27199,-6.53605,6.310034569,2.350653904,0
27.25448,9.29126,46.11387,2138.52303,-1.37888,-6.53173,6.357228339,2.368234825,0
27.28291,9.2876,46.03379,2135.31895,-1.484,-6.52739,6.409983564,2.387887534,0
27.31129,9.28394,45.94802,2132.11022,-1.58712,-6.52302,6.468298213,2.409611276,0
27.33963,9.2803,45.85668,2128.89321,-1.688,-6.51863,6.532168061,2.433404475,0
27.36792,9.27666,45.75994,2125.66421,-1.78641,-6.5142,6.60158548,2.45926429,0
27.39617,9.27303,45.65794,2122.41949,-1.88214,-6.50975,6.676538127,2.487186122,0
27.42438,9.2694,45.55087,2119.15524,-1.97493,-6.50528,6.757007515,2.517163087,0
27.45254,9.26579,45.43891,2115.86762,-2.06457,-6.50078,6.842967476,2.549185434,0
27.48066,9.26218,45.32226,2112.55273,-2.15082,-6.49626,6.934382513,2.583239941,0
27.50873,9.25857,45.20113,2109.20667,-2.23346,-6.49171,7.031206041,2.619309252,0
27.53676,9.25498,45.07574,2105.82547,-2.31225,-6.48714,7.133378539,2.657371196,0
27.56474,9.25139,44.94633,2102.40517,-2.38697,-6.48255,7.240825607,2.697398056,0
27.59268,9.24781,44.81314,2098.94179,-2.4574,-6.47794,7.35345594,2.739355819,0
27.62056,9.24424,44.67643,2095.43134,-2.52331,-6.47331,7.471159254,2.7832034,0
27.6484,9.24067,44.53647,2091.86986,-2.58449,-6.46865,7.593804155,2.828891853,0
27.6762,9.23712,44.39355,2088.25341,-2.64072,-6.46398,7.721236002,2.876363569,0
27.70394,9.23357,44.24794,2084.57808,-2.6918,-6.45929,7.853274775,2.925551486,0
27.73163,9.23003,44.09995,2080.84001,-2.73754,-6.45459,7.989712992,2.976378311,0
27.75928,9.2265,43.94989,2077.03546,-2.77773,-6.44986,8.130313703,3.028755776,0
27.78687,9.22297,43.79809,2073.16072,-2.81219,-6.44513,8.274808618,3.082583934,0
27.81441,9.21946,43.64486,2069.21224,-2.84076,-6.44038,8.422896403,3.13775053,0
27.8419,9.21595,43.49055,2065.18659,-2.86327,-6.43562,8.574241205,3.194130451,0
27.86933,9.21245,43.33549,2061.0805,-2.87958,-6.43084,8.728471458,3.251585278,0
27.89671,9.20896,43.18004,2056.89089,-2.88955,-6.42606,8.885179031,3.309962972,0
27.92404,9.20548,43.02454,2052.61486,-2.89306,-6.42126,9.043918766,3.3690977,0
27.9513,9.20201,42.86936,2048.24977,-2.89003,-6.41646,9.204208486,3.428809838,0
27.97851,9.19854,42.71485,2043.79323,-2.88037,-6.41165,9.365529507,3.488906163,0
28.00567,9.19509,42.56137,2039.24312,-2.86403,-6.40684,9.527327724,3.549180256,0
28.03276,9.19165,42.40929,2034.59765,-2.84097,-6.40202,9.689015309,3.609413136,0
28.05979,9.18821,42.25897,2029.85535,-2.81118,-6.3972,9.849973061,3.669374134,0
28.08676,9.18478,42.11075,2025.01508,-2.77467,-6.39238,10.00955344,3.728822024,0
28.11366,9.18137,41.965,2020.07612,-2.7315,-6.38755,10.1670843,3.787506414,0
28.1405,9.17796,41.82206,2015.03812,-2.68172,-6.38273,10.32187329,3.845169387,0
28.16728,9.17457,41.68227,2009.90114,-2.62545,-6.37791,10.47321298,3.901547403,0
28.19399,9.17118,41.54597,2004.66568,-2.56281,-6.37309,10.62038656,3.956373434,0
28.22063,9.16781,41.41347,1999.33267,-2.49396,-6.36828,10.76267418,4.009379313,0
28.2472,9.16444,41.28507,1993.90349,-2.4191,-6.36347,10.89935972,4.060298275,0
28.2737,9.16109,41.16108,1988.37995,-2.33845,-6.35867,11.02973806,4.108867638,0
28.30013,9.15774,41.04177,1982.76435,-2.25226,-6.35387,11.15312254,4.154831603,0
28.32648,9.15441,40.9274,1977.05941,-2.16082,-6.34909,11.26885262,4.197944104,0
28.35277,9.15109,40.81822,1971.26827,-2.06444,-6.34431,11.37630156,4.237971659,0
28.37897,9.14778,40.71444,1965.39452,-1.96346,-6.33954,11.4748839,4.274696177,0
28.4051,9.14448,40.61626,1959.44215,-1.85826,-6.33478,11.56406273,4.307917637,0
28.43115,9.14119,40.52387,1953.41551,-1.74922,-6.33004,11.64335638,4.337456609,0
28.45713,9.13792,40.43743,1947.31933,-1.63678,-6.3253,11.71234459,4.363156529,0
28.48302,9.13465,40.35705,1941.15866,-1.52135,-6.32058,11.77067383,4.384885705,0
28.50883,9.1314,40.28285,1934.93883,-1.40341,-6.31587,11.81806184,4.402538987,0
28.53457,9.12816,40.2149,1928.66543,-1.28341,-6.31118,11.8543011,4.416039065,0
28.56022,9.12493,40.15327,1922.34427,-1.16185,-6.3065,11.87926123,4.425337371,0
28.58578,9.12172,40.09797,1915.98133,-1.03922,-6.30183,11.89289032,4.430414564,0
28.61127,9.11851,40.04901,1909.58274,-0.916,-6.29718,11.89521504,4.431280583,0
28.63667,9.11532,40.00638,1903.15468,-0.79271,-6.29254,11.88633968,4.42797428,0
28.66198,9.11214,39.97,1896.70342,-0.66983,-6.28792,11.86644406,4.420562636,0
28.68721,9.10898,39.93983,1890.23521,-0.54787,-6.2833,11.83578033,4.409139591,0
28.71235,9.10582,39.91574,1883.75628,-0.42731,-6.27871,11.79466895,4.393824522,0
28.73741,9.10268,39.89764,1877.27277,-0.30862,-6.27412,11.74349372,4.374760402,0
28.76238,9.09955,39.88536,1870.79072,-0.19227,-6.26955,11.68269613,4.3521117,0
28.78727,9.09643,39.87874,1864.31602,-0.07869,-6.26499,11.61276915,4.326062057,0
28.81207,9.09332,39.87761,1857.85439,0.03168,-6.26045,11.53425053,4.296811807,0
28.83679,9.09023,39.88175,1851.41133,0.13844,-6.25591,11.44771593,4.264575393,0
28.86141,9.08715,39.89095,1844.99211,0.24121,-6.25139,11.3537718,4.229578732,0
28.88596,9.08408,39.90497,1838.60177,0.33963,-6.24687,11.25304829,4.192056575,0
28.91042,9.08102,39.92356,1832.24505,0.43337,-6.24237,11.14619235,4.152249925,0
28.93479,9.07798,39.94646,1825.92643,0.52212,-6.23787,11.03386099,4.110403537,0
28.95908,9.07494,39.97339,1819.65009,0.60562,-6.23338,10.91671495,4.066763555,0
28.98329,9.07192,40.00406,1813.4199,0.6836,-6.22889,10.79541277,4.0215753,0
29.00741,9.06891,40.0382,1807.23942,0.75586,-6.22441,10.67060534,3.975081251,0
29.03145,9.06592,40.07549,1801.11192,0.8222,-6.21994,10.54293105,3.927519218,0
29.05541,9.06293,40.11563,1795.04036,0.88246,-6.21546,10.41301143,3.87912074,0
29.07929,9.05996,40.15832,1789.02736,0.93651,-6.21099,10.28144744,3.830109691,0
29.10309,9.05699,40.20325,1783.0753,0.98424,-6.20652,10.14881634,3.780701116,0
29.12681,9.05404,40.2501,1777.18621,1.02556,-6.20205,10.01566912,3.731100275,0
29.15045,9.0511,40.29857,1771.36188,1.06043,-6.19758,9.882528527,3.681501901,0
29.17401,9.04817,40.34835,1765.60381,1.08882,-6.1931,9.749887564,3.632089653,0
29.1975,9.04525,40.39912,1759.91322,1.11071,-6.18862,9.618208534,3.583035749,0
29.22091,9.04235,40.45059,1754.29112,1.12613,-6.18413,9.487922503,3.534500775,0
29.24425,9.03945,40.50246,1748.73825,1.13512,-6.17964,9.359429182,3.486633632,0
29.26751,9.03656,40.55442,1743.25512,1.13772,-6.17514,9.233097161,3.43957163,0
29.2907,9.03369,40.6062,1737.84205,1.13402,-6.17063,9.109264454,3.393440688,0
29.31382,9.03082,40.65751,1732.49914,1.12411,-6.16612,8.98823931,3.348355638,0
29.33687,9.02797,40.70808,1727.2263,1.1081,-6.16159,8.870301248,3.304420607,0
29.35985,9.02512,40.75763,1722.02327,1.08612,-6.15705,8.755702261,3.261729469,0
29.38276,9.02229,40.80592,1716.88962,1.0583,-6.15249,8.644668166,3.220366347,0
29.40561,9.01946,40.85268,1711.82476,1.02479,-6.14792,8.537400053,3.180406152,0
29.42838,9.01665,40.89769,1706.82795,0.98576,-6.14334,8.434075801,3.14191515,0
29.45109,9.01384,40.9407,1701.89833,0.94139,-6.13874,8.334851641,3.10495154,0
29.47374,9.01105,40.9815,1697.0349,0.89184,-6.13413,8.239863728,3.069566042,0
29.49632,9.00826,41.01987,1692.23655,0.83733,-6.12949,8.149229702,3.035802483,0
29.51884,9.00548,41.05562,1687.50206,0.77803,-6.12484,8.063050232,3.003698363,0
29.54129,9.00271,41.08855,1682.83009,0.71417,-6.12017,7.981410508,2.973285418,0
29.56369,8.99995,41.11849,1678.21921,0.64596,-6.11548,7.904381684,2.944590154,0
29.58602,8.9972,41.14526,1673.66793,0.5736,-6.11076,7.832022245,2.917634359,0
29.6083,8.99446,41.1687,1669.17462,0.49733,-6.10603,7.764379312,2.892435587,0
29.63051,8.99173,41.18868,1664.73762,0.41738,-6.10127,7.701489849,2.869007607,0
29.65267,8.989,41.20504,1660.35516,0.33396,-6.09649,7.643381801,2.84736083,0
29.67477,8.98629,41.21767,1656.02541,0.24733,-6.09168,7.590075128,2.827502692,0
29.69681,8.98358,41.22645,1651.74648,0.15771,-6.08686,7.541582758,2.809438008,0
29.7188,8.98088,41.23128,1647.51639,0.06535,-6.082,7.497911437,2.793169292,0
29.74073,8.9782,41.23206,1643.33312,-0.02951,-6.07712,7.459062497,2.77869704,0
29.7626,8.97551,41.22871,1639.19458,-0.12662,-6.07222,7.425032525,2.76601998,0
29.78442,8.97284,41.22117,1635.09862,-0.22575,-6.06729,7.39581394,2.755135288,0
29.80619,8.97018,41.20937,1631.04303,-0.32664,-6.06233,7.371395489,2.746038773,0
29.8279,8.96752,41.19326,1627.02555,-0.42904,-6.05735,7.351762639,2.738725019,0
29.84956,8.96487,41.17281,1623.04386,-0.5327,-6.05234,7.3368979,2.733187513,0
29.87116,8.96223,41.14798,1619.09559,-0.63738,-6.0473,7.326781052,2.729418721,0
29.89271,8.9596,41.11877,1615.17832,-0.74282,-6.04224,7.321389293,2.727410149,0
29.91421,8.95697,41.08516,1611.28958,-0.84877,-6.03715,7.320697309,2.727152367,0
29.93566,8.95436,41.04717,1607.42685,-0.95498,-6.03203,7.324677262,2.728635004,0
29.95706,8.95175,41.0048,1603.58756,-1.0612,-6.02689,7.333298705,2.731846718,0
29.97841,8.94915,40.95808,1599.7691,-1.16717,-6.02172,7.346528421,2.736775136,0
29.9997,8.94656,40.90705,1595.9688,-1.27265,-6.01652,7.364330194,2.743406764,0
30.02094,8.94397,40.85176,1592.18397,-1.37739,-6.01129,7.386664508,2.751726884,0
30.04214,8.9414,40.79226,1588.41187,-1.48112,-6.00604,7.413488179,2.761719407,0
30.06328,8.93883,40.72861,1584.64971,-1.58362,-6.00076,7.444753928,2.773366722,0
30.08437,8.93627,40.6609,1580.89468,-1.68462,-5.99545,7.480409889,2.786649505,0
30.10541,8.93371,40.58922,1577.14393,-1.78389,-5.99012,7.520399061,2.801546524,0
30.1264,8.93117,40.51365,1573.3946,-1.88117,-5.98476,7.564658711,2.818034408,0
30.14734,8.92863,40.43431,1569.64377,-1.97624,-5.97938,7.613119722,2.83608741,0
30.16823,8.9261,40.3513,1565.88853,-2.06884,-5.97397,7.665705907,2.855677147,0
30.18906,8.92358,40.26476,1562.12594,-2.15874,-5.96854,7.72233328,2.876772334,0
30.20985,8.92107,40.17482,1558.35305,-2.24572,-5.96309,7.782909299,2.899338495,0
30.23059,8.91856,40.08162,1554.56692,-2.32953,-5.95761,7.847332088,2.923337678,0
30.25127,8.91606,39.98531,1550.7646,-2.40997,-5.95211,7.915489646,2.948728162,0
30.2719,8.91358,39.88605,1546.94315,-2.4868,-5.94659,7.987259055,2.975464155,0
30.29248,8.91109,39.784,1543.09964,-2.55982,-5.94104,8.062505697,3.00349551,0
30.31301,8.90862,39.67935,1539.23119,-2.62882,-5.93548,8.141082489,3.032767432,0
30.33349,8.90616,39.57227,1535.33493,-2.6936,-5.92989,8.222829157,3.063220217,0
30.35392,8.9037,39.46296,1531.40804,-2.75398,-5.92429,8.307571558,3.094788991,0
30.37429,8.90125,39.3516,1527.44777,-2.80976,-5.91867,8.395121071,3.127403488,0
30.3946,8.89881,39.2384,1523.45141,-2.86077,-5.91303,8.485274068,3.160987851,0
30.41487,8.89638,39.12356,1519.41634,-2.90687,-5.90738,8.577811487,3.195460475,0
30.43508,8.89395,39.00731,1515.34002,-2.94788,-5.90171,8.672498519,3.230733886,0
30.45523,8.89154,38.88985,1511.22003,-2.98368,-5.89602,8.769084444,3.266714684,0
30.47533,8.88913,38.7714,1507.05402,-3.01414,-5.89033,8.867302606,3.303303534,0
30.49538,8.88673,38.65219,1502.83981,-3.03915,-5.88462,8.966870575,3.340395222,0
30.51537,8.88434,38.53244,1498.57532,-3.05861,-5.87889,9.067490491,3.377878788,0
30.5353,8.88196,38.41238,1494.25864,-3.07246,-5.87316,9.168849615,3.415637728,0
30.55517,8.87959,38.29224,1489.88801,-3.08061,-5.86742,9.270621097,3.453550283,0
30.57499,8.87722,38.17226,1485.46185,-3.08304,-5.86167,9.372464977,3.491489808,0
30.59474,8.87487,38.05264,1480.97875,-3.07972,-5.85591,9.474029416,3.529325234,0
30.61444,8.87252,37.93363,1476.43752,-3.07065,-5.85015,9.574952175,3.566921617,0
30.63408,8.87019,37.81545,1471.83716,-3.05583,-5.84438,9.674862323,3.604140776,0
30.65366,8.86786,37.69832,1467.17689,-3.03531,-5.83861,9.773382191,3.640842019,0
30.67317,8.86554,37.58246,1462.45615,-3.00914,-5.83283,9.870129546,3.676882955,0
30.69262,8.86323,37.46807,1457.67461,-2.97742,-5.82705,9.964719971,3.712120377,0
30.71201,8.86093,37.35538,1452.83219,-2.94024,-5.82127,10.05676944,3.746411226,0
30.73134,8.85864,37.24457,1447.92904,-2.89773,-5.81549,10.14589705,3.779613606,0
30.7506,8.85636,37.13585,1442.96557,-2.85004,-5.80972,10.23172789,3.811587853,0
30.7698,8.85409,37.02939,1437.94243,-2.79735,-5.80394,10.31389601,3.842197638,0
30.78893,8.85182,36.92537,1432.86051,-2.73984,-5.79816,10.3920474,3.871311089,0
30.80799,8.84957,36.82397,1427.72096,-2.67774,-5.79239,10.46584308,3.898801921,0
30.82699,8.84733,36.72532,1422.52517,-2.61129,-5.78663,10.53496204,3.92455055,0
30.84592,8.8451,36.62958,1417.27475,-2.54074,-5.78086,10.59910415,3.948445175,0
30.86478,8.84287,36.53688,1411.97156,-2.46637,-5.77511,10.65799297,3.970382811,0
30.88357,8.84066,36.44734,1406.61767,-2.38849,-5.76936,10.71137832,3.990270259,0
30.90229,8.83846,36.36105,1401.21537,-2.3074,-5.76361,10.75903865,4.008024985,0
30.92094,8.83626,36.27812,1395.76713,-2.22344,-5.75788,10.80078314,4.023575905,0
30.93952,8.83408,36.19862,1390.27561,-2.13695,-5.75215,10.83645349,4.03686405,0
30.95802,8.83191,36.12262,1384.74365,-2.04828,-5.74643,10.86592541,4.047843114,0
30.97645,8.82975,36.05016,1379.17423,-1.95782,-5.74072,10.88910964,4.056479852,0
30.99481,8.82759,35.98127,1373.57046,-1.86593,-5.73502,10.90595274,4.062754349,0
31.0131,8.82545,35.91599,1367.93557,-1.77299,-5.72932,10.91643733,4.066660135,0
31.03131,8.82332,35.8543,1362.27291,-1.6794,-5.72364,10.92058204,4.068204148,0
31.04945,8.8212,35.79621,1356.58587,-1.58554,-5.71797,10.91844101,4.067406559,0
31.06751,8.81909,35.74169,1350.87793,-1.4918,-5.7123,10.91010305,4.064300449,0
31.0855,8.81699,35.69069,1345.15259,-1.39858,-5.70665,10.8956904,4.058931356,0
31.10341,8.8149,35.64317,1339.41338,-1.30625,-5.701,10.87535717,4.051356692,0
31.12125,8.81282,35.59906,1333.66385,-1.2152,-5.69536,10.84928749,4.041645051,0
31.13901,8.81075,35.55829,1327.90749,-1.12579,-5.68973,10.81769339,4.02987542,0
31.1567,8.8087,35.52076,1322.14781,-1.0384,-5.68411,10.78081246,4.016136302,0
31.1743,8.80665,35.48637,1316.38823,-0.95336,-5.6785,10.73890529,4.000524777,0
31.19184,8.80461,35.45502,1310.63213,-0.87102,-5.6729,10.69225282,3.983145505,0
31.20929,8.80259,35.42656,1304.8828,-0.7917,-5.6673,10.64115361,3.964109706,0
31.22667,8.80057,35.40088,1299.14344,-0.71571,-5.66171,10.58592102,3.943534112,0
31.24398,8.79857,35.37783,1293.41717,-0.64333,-5.65612,10.52688037,3.921539918,0
31.2612,8.79657,35.35726,1287.70696,-0.57484,-5.65054,10.46436624,3.898251758,0
31.27836,8.79459,35.33902,1282.01569,-0.5105,-5.64496,10.39871968,3.873796688,0
31.29543,8.79261,35.32294,1276.34608,-0.45053,-5.63939,10.33028568,3.848303223,0
31.31244,8.79065,35.30885,1270.70075,-0.39516,-5.63382,10.25941067,3.821900416,0
31.32936,8.78869,35.29659,1265.08215,-0.34457,-5.62825,10.18644019,3.794716992,0
31.34621,8.78675,35.28597,1259.4926,-0.29893,-5.62268,10.11171677,3.766880551,0
31.36299,8.78482,35.27681,1253.93425,-0.2584,-5.61711,10.03557795,3.738516838,0
31.3797,8.78289,35.26894,1248.40912,-0.22311,-5.61154,9.958354525,3.709749081,0
31.39633,8.78098,35.26217,1242.91908,-0.19316,-5.60597,9.880368978,3.680697413,0
31.41289,8.77908,35.25631,1237.46583,-0.16865,-5.6004,9.801934111,3.651478361,0
31.42937,8.77718,35.25118,1232.05093,-0.14963,-5.59482,9.723351884,3.622204414,0
31.44579,8.7753,35.2466,1226.67578,-0.13617,-5.58924,9.644912446,3.592983659,0
31.46213,8.77343,35.24237,1221.34164,-0.12827,-5.58365,9.566893349,3.563919493,0
31.4784,8.77156,35.23833,1216.04962,-0.12597,-5.57806,9.489558947,3.535110393,0
31.4946,8.76971,35.23429,1210.80069,-0.12923,-5.57246,9.413159947,3.506649756,0
31.51074,8.76786,35.23008,1205.59567,-0.13804,-5.56685,9.337933129,3.478625786,0
31.5268,8.76603,35.22552,1200.43524,-0.15234,-5.56123,9.26410119,3.451121446,0
31.54279,8.7642,35.22045,1195.31997,-0.17209,-5.5556,9.191872719,3.424214441,0
31.55872,8.76238,35.2147,1190.25026,-0.19718,-5.54996,9.121442288,3.397977252,0
31.57458,8.76058,35.20811,1185.22641,-0.22754,-5.5443,9.052990625,3.372477206,0
31.59037,8.75878,35.20053,1180.2486,-0.26306,-5.53863,8.986684882,3.347776572,0
31.6061,8.75699,35.19181,1175.31688,-0.3036,-5.53295,8.92267896,3.323932682,0
31.62176,8.75521,35.1818,1170.43118,-0.34905,-5.52725,8.8611139,3.300998078,0
31.63736,8.75344,35.17037,1165.59133,-0.39924,-5.52154,8.80211831,3.279020668,0
31.65289,8.75167,35.15739,1160.79706,-0.45402,-5.51581,8.745808823,3.258043903,0
31.66836,8.74992,35.14273,1156.04797,-0.51323,-5.51006,8.69229058,3.238106949,0
31.68376,8.74817,35.12629,1151.34358,-0.57667,-5.5043,8.641657724,3.219244878,0
31.69911,8.74644,35.10794,1146.68331,-0.64417,-5.49851,8.593993898,3.201488849,0
31.71439,8.74471,35.08758,1142.06648,-0.71551,-5.49271,8.549372734,3.184866291,0
31.72961,8.74299,35.06512,1137.49233,-0.79051,-5.48688,8.507858338,3.169401086,0
31.74477,8.74128,35.04047,1132.96001,-0.86894,-5.48103,8.469505751,3.155113738,0
31.75986,8.73957,35.01355,1128.46858,-0.95058,-5.47517,8.434361397,3.142021542,0
31.7749,8.73788,34.98428,1124.01703,-1.03521,-5.46927,8.402463495,3.130138734,0
31.78988,8.73619,34.95261,1119.60426,-1.12259,-5.46336,8.37384245,3.119476642,0
31.8048,8.73452,34.91846,1115.22911,-1.21249,-5.45742,8.348521206,3.110043812,0
31.81967,8.73285,34.88179,1110.89033,-1.30466,-5.45146,8.32651557,3.101846134,0
31.83447,8.73118,34.84257,1106.58662,-1.39886,-5.44548,8.307834495,3.094886942,0
31.84922,8.72953,34.80074,1102.31661,-1.49484,-5.43947,8.292480331,3.089167112,0
31.8639,8.72788,34.75629,1098.07885,-1.59234,-5.43344,8.280449033,3.084685136,0
31.87854,8.72625,34.7092,1093.87184,-1.69112,-5.42738,8.27173034,3.081437194,0
31.89311,8.72462,34.65944,1089.69404,-1.79092,-5.4213,8.266307908,3.079417195,0
31.90763,8.72299,34.60703,1085.54383,-1.89147,-5.4152,8.264159417,3.078616826,0
31.9221,8.72138,34.55196,1081.41954,-1.99252,-5.40906,8.265256633,3.079025568,0
31.9365,8.71977,34.49423,1077.31947,-2.09382,-5.40291,8.269565446,3.080630714,0
31.95086,8.71817,34.43388,1073.24187,-2.1951,-5.39672,8.277045875,3.083417371,0
31.96516,8.71658,34.37092,1069.18493,-2.2961,-5.39052,8.287652038,3.087368445,0
31.9794,8.715,34.30539,1065.14682,-2.39658,-5.38428,8.301332107,3.092464631,0
31.99359,8.71342,34.23731,1061.12567,-2.49627,-5.37803,8.318028234,3.098684378,0
32.00772,8.71186,34.16675,1057.11959,-2.59492,-5.37175,8.337676458,3.106003858,0
32.0218,8.71029,34.09375,1053.12664,-2.69229,-5.36544,8.360206601,3.114396929,0
32.03583,8.70874,34.01837,1049.14488,-2.78813,-5.35911,8.385542147,3.123835086,0
32.0498,8.7072,33.94067,1045.17234,-2.8822,-5.35275,8.413600117,3.134287419,0
32.06372,8.70566,33.86073,1041.20705,-2.97426,-5.34638,8.444290948,3.145720561,0
32.07759,8.70413,33.77862,1037.24702,-3.06409,-5.33998,8.477518364,3.158098648,0
32.0914,8.70261,33.69443,1033.29028,-3.15145,-5.33355,8.513179263,3.171383271,0
32.10516,8.70109,33.60824,1029.33483,-3.23614,-5.32711,8.551163616,3.185533442,0
32.11886,8.69958,33.52014,1025.3787,-3.31794,-5.32064,8.591354388,3.200505562,0
32.13251,8.69808,33.43023,1021.41993,-3.39665,-5.31415,8.63362748,3.216253401,0
32.14611,8.69659,33.33862,1017.4566,-3.47208,-5.30765,8.677851706,3.232728089,0
32.15965,8.6951,33.24541,1013.48679,-3.54405,-5.30112,8.723888807,3.24987812,0
32.17314,8.69363,33.15071,1009.50862,-3.61238,-5.29457,8.77159351,3.267649377,0
32.18658,8.69216,33.05463,1005.52026,-3.67691,-5.28801,8.820813632,3.285985168,0
32.19996,8.69069,32.9573,1001.51993,-3.73749,-5.28142,8.871390243,3.304826286,0
32.21329,8.68924,32.85882,997.50589,-3.79399,-5.27482,8.92315789,3.324111096,0
0.04684,0.04684,53.17333,4948.08117,-0.37419,45.00009,12.60974249,4.697460859,0
0.09361,0.09361,53.13308,4941.1022,-0.24752,45.00021,12.64558757,4.710814094,0
0.14032,0.14032,53.10929,4934.07935,-0.12051,45.00036,12.65193782,4.713179729,0
0.18696,0.18697,53.10192,4927.02908,0.00634,45.00054,12.62889384,4.70459524,0
0.23354,0.23354,53.11088,4919.96782,0.13251,45.00075,12.57687818,4.685218039,0
0.28005,0.28005,53.13599,4912.91179,0.2575,45.00098,12.49662326,4.655320971,0
0.32649,0.32649,53.17703,4905.87687,0.38082,45.00124,12.38915216,4.615285157,0
0.37286,0.37287,53.23371,4898.8784,0.50202,45.00153,12.25575311,4.565590503,0
0.41916,0.41918,53.30567,4891.93104,0.62063,45.00185,12.09794884,4.50680426,0
0.4654,0.46542,53.39253,4885.04868,0.73624,45.0022,11.9174618,4.439568088,0
0.51157,0.5116,53.49383,4878.24427,0.84846,45.00258,11.71617674,4.364584108,0
0.55768,0.55771,53.60907,4871.52979,0.95693,45.00299,11.49610192,4.282600444,0
0.60372,0.60376,53.73772,4864.91615,1.06134,45.00343,11.25933008,4.194396705,0
0.64963,0.6498,53.87403,4858.42193,1.08029,45.16321,11.01603358,4.103762358,53.99999908
0.69535,0.69592,54.0124,4852.05848,1.09659,45.31979,10.77543657,4.014133639,53.99999908
0.74089,0.74209,54.15249,4845.82482,1.11027,45.47319,10.53806821,3.925707682,53.99999908
0.78624,0.78833,54.29398,4839.71966,1.12137,45.62345,10.30442411,3.838669108,53.99999908
0.83142,0.83462,54.43653,4833.74144,1.12992,45.77061,10.07494562,3.753182331,53.99999908
0.87642,0.88097,54.57983,4827.88837,1.13596,45.91473,9.850022102,3.669392403,53.99999908
0.92125,0.92738,54.72357,4822.15842,1.13955,46.05585,9.629993519,3.587425966,53.99999908
0.96592,0.97384,54.86743,4816.5494,1.14072,46.19406,9.415153175,3.507392285,53.99999908
1.01042,1.02036,55.01113,4811.05894,1.13953,46.3294,9.205750635,3.429384329,53.99999908
1.05476,1.06692,55.15437,4805.68452,1.13605,46.46196,9.001994722,3.353479891,53.99999908
1.09895,1.11354,55.29688,4800.42352,1.13032,46.5918,8.804056568,3.27974272,53.99999908
1.14298,1.1602,55.43837,4795.2732,1.12241,46.719,8.612072644,3.208223657,53.99999908
1.18687,1.20691,55.57859,4790.23075,1.11238,46.84364,8.426147771,3.13896175,53.99999908
1.2306,1.25366,55.71727,4785.29329,1.10028,46.96581,8.246358044,3.071985346,53.99999908
1.27419,1.30046,55.85417,4780.45789,1.0862,47.08557,8.072753676,3.007313151,53.99999908
1.31764,1.34731,55.98906,4775.72157,1.07018,47.20302,7.905361718,2.944955243,53.99999908
1.36095,1.39419,56.12169,4771.08135,1.0523,47.31824,7.744188665,2.88491404,53.99999908
1.40413,1.44112,56.25185,4766.53421,1.03261,47.43131,7.589222908,2.827185218,53.99999908
1.44717,1.48809,56.37932,4762.07714,1.01119,47.54232,7.440437053,2.771758572,53.99999908
1.49009,1.53509,56.5039,4757.70712,0.98809,47.65135,7.297790088,2.718618824,53.99999908
1.53287,1.58214,56.62539,4753.42116,0.96339,47.75849,7.161229399,2.667746374,53.99999908
1.57553,1.62922,56.7436,4749.21626,0.93714,47.86382,7.030692639,2.619117997,53.99999908
1.61806,1.67634,56.85836,4745.08946,0.90942,47.96741,6.906109451,2.572707481,53.99999908
1.66048,1.72349,56.96948,4741.03782,0.88027,48.06936,6.78740305,2.528486223,53.99999908
1.70277,1.77068,57.07681,4737.05843,0.84977,48.16975,6.674491667,2.486423762,53.99999908
1.74495,1.81791,57.1802,4733.14841,0.81798,48.26865,6.56728987,2.446488273,53.99999908
1.78701,1.86517,57.27948,4729.30491,0.78495,48.36614,6.465709755,2.408647007,53.99999908
1.82896,1.91246,57.37452,4725.52511,0.75075,48.46231,6.369662024,2.3728667,53.99999908
1.87079,1.95978,57.46518,4721.80625,0.71543,48.55723,6.279056958,2.339113929,53.99999908
1.91251,2.00714,57.55135,4718.14557,0.67905,48.65097,6.19380529,2.30735544,53.99999908
1.95413,2.05453,57.63289,4714.54037,0.64167,48.74362,6.113818979,2.277558434,53.99999908
1.99563,2.10196,57.70971,4710.98797,0.60335,48.83524,6.039011904,2.24969083,53.99999908
2.03703,2.14941,57.78168,4707.48575,0.56413,48.92592,5.969300481,2.223721491,53.99999908
2.07833,2.1969,57.84872,4704.03108,0.52409,49.01571,5.904604203,2.199620425,53.99999908
2.11952,2.24441,57.91074,4700.62139,0.48326,49.1047,5.844846118,2.177358966,53.99999908
2.1606,2.29196,57.96764,4697.25414,0.4417,49.19296,5.789953249,2.156909928,53.99999908
2.20159,2.33954,58.01934,4693.9268,0.39946,49.28055,5.739856957,2.138247741,53.99999908
2.24247,2.38714,58.06579,4690.63687,0.3566,49.36754,5.69449326,2.121348571,53.99999908
2.28325,2.43478,58.1069,4687.38187,0.31317,49.454,5.653803103,2.106190416,53.99999908
2.32394,2.48245,58.14263,4684.15936,0.26921,49.54,5.61773259,2.092753201,53.99999908
2.36452,2.53014,58.17291,4680.96688,0.22478,49.6256,5.586233188,2.081018845,53.99999908
2.405,2.57787,58.19771,4677.802,0.17992,49.71088,5.559261889,2.070971327,53.99999908
2.44539,2.62562,58.21697,4674.66232,0.13469,49.7959,5.536781347,2.062596733,53.99999908
2.48568,2.67341,58.23066,4671.54541,0.08913,49.88072,5.518759989,2.055883303,53.99999908
2.52587,2.72122,58.23876,4668.44886,0.04329,49.96541,5.505172105,2.050821459,53.99999908
2.56597,2.76906,58.24124,4665.37028,-0.00278,50.05003,5.495997907,2.047403829,53.99999908
2.60596,2.81694,58.23808,4662.30725,-0.04903,50.13465,5.491223578,2.045625265,53.99999908
2.64586,2.86484,58.22927,4659.25735,-0.09541,50.21934,5.490841294,2.045482855,53.99999908
2.68567,2.91277,58.2148,4656.21817,-0.14189,50.30416,5.494849229,2.046975916,53.99999908
2.72537,2.96073,58.19468,4653.18725,-0.1884,50.38918,5.503251544,2.050105999,53.99999908
2.76498,3.00872,58.1689,4650.16216,-0.2349,50.47446,5.51605835,2.054876871,53.99999908
2.8045,3.05674,58.13749,4647.1404,-0.28135,50.56006,5.533285661,2.061294498,53.99999908
2.84391,3.10478,58.10045,4644.1195,-0.32769,50.64606,5.554955323,2.069367017,53.99999908
2.88323,3.15286,58.05781,4641.09692,-0.37388,50.73252,5.581094918,2.079104705,53.99999908
2.92245,3.20097,58.00961,4638.07011,-0.41987,50.81952,5.611737656,2.09051993,53.99999908
2.96157,3.24911,57.95586,4635.0365,-0.46561,50.90711,5.646922228,2.103627109,53.99999908
3.00059,3.29728,57.89662,4631.99346,-0.51104,50.99536,5.686692648,2.118442637,53.99999908
3.03951,3.34547,57.83194,4628.93833,-0.55613,51.08436,5.731098055,2.13498482,53.99999908
3.07833,3.3937,57.76186,4625.86842,-0.60081,51.17416,5.780192488,2.153273788,53.99999908
3.11705,3.44196,57.68644,4622.78098,-0.64504,51.26484,5.834034621,2.173331399,53.99999908
3.15566,3.49026,57.60575,4619.67322,-0.68876,51.35648,5.892687467,2.195181128,53.99999908
3.19418,3.53858,57.51987,4616.5423,-0.73193,51.44915,5.956218031,2.218847934,53.99999908
3.23259,3.58693,57.42886,4613.38533,-0.77448,51.54292,6.024696919,2.244358122,53.99999908
3.27089,3.63532,57.33282,4610.19937,-0.81637,51.63787,6.098197895,2.271739169,53.99999908
3.30908,3.68374,57.23183,4606.9814,-0.85754,51.73408,6.176797379,2.301019545,53.99999908
3.34717,3.73219,57.126,4603.72837,-0.89793,51.83163,6.260573888,2.332228499,53.99999908
3.38515,3.78068,57.01543,4600.43717,-0.93749,51.9306,6.349607398,2.365395824,53.99999908
3.42301,3.8292,56.90023,4597.10462,-0.97615,52.03108,6.443978647,2.400551597,53.99999908
3.46077,3.87775,56.78052,4593.72747,-1.01386,52.13314,6.543768346,2.437725886,53.99999908
3.49841,3.92633,56.65643,4590.30244,-1.05056,52.23688,6.649056311,2.476948423,53.99999908
3.53593,3.97495,56.52808,4586.82616,-1.08619,52.34238,6.759920504,2.518248252,53.99999908
3.57333,4.02361,56.39562,4583.29523,-1.12069,52.44972,6.876435974,2.56165333,53.99999908
3.61061,4.0723,56.2592,4579.70616,-1.15399,52.55901,6.998673703,2.607190101,53.99999908
3.64778,4.12103,56.11898,4576.05544,-1.18603,52.67033,7.126699337,2.654883018,53.99999908
3.68481,4.16979,55.9751,4572.3395,-1.21675,52.78377,7.260571811,2.704754037,53.99999908
3.72172,4.21859,55.82776,4568.55469,-1.24608,52.89943,7.400341866,2.75682206,53.99999908
3.7585,4.26743,55.67711,4564.69737,-1.27396,53.0174,7.546050439,2.811102337,53.99999908
3.79514,4.3163,55.52336,4560.76383,-1.30032,53.13779,7.697726946,2.867605827,53.99999908
3.83166,4.36522,55.36669,4556.75034,-1.3251,53.26068,7.855387448,2.926338512,53.99999908
3.86803,4.41417,55.2073,4552.65314,-1.34822,53.38617,8.019032706,2.987300676,53.99999908
3.90426,4.46316,55.04541,4548.46847,-1.36962,53.51437,8.188646127,3.050486139,53.99999908
3.94035,4.51219,54.88122,4544.19256,-1.38924,53.64536,8.364191619,3.115881453,53.99999908
3.9763,4.56125,54.71497,4539.82166,-1.40701,53.77926,8.545611356,3.183465079,53.99999908
4.01209,4.61036,54.54688,4535.35203,-1.42286,53.91615,8.732823468,3.253206516,53.99999908
4.04773,4.65951,54.3772,4530.77996,-1.43673,54.05613,8.925719693,3.325065435,53.99999908
4.08321,4.7087,54.20616,4526.10182,-1.44855,54.19929,9.12416298,3.398990781,53.99999908
4.11853,4.75794,54.03403,4521.31402,-1.45827,54.34574,9.32798511,3.474919888,53.99999908
4.15369,4.80721,53.86106,4516.41307,-1.46582,54.49556,9.53698433,3.552777596,53.99999908
4.18868,4.85653,53.68752,4511.39558,-1.47115,54.64884,9.750923062,3.632475403,53.99999908
4.2235,4.90589,53.51368,4506.25832,-1.47419,54.80566,9.969525718,3.713910644,53.99999908
4.25815,4.95529,53.33982,4500.99816,-1.4749,54.96611,10.19247667,3.796965738,53.99999908
4.29261,5.00473,53.16623,4495.61219,-1.47323,55.13026,10.4194184,3.881507505,53.99999908
4.32689,5.05422,52.99318,4490.09767,-1.46913,55.29819,10.64994996,3.967386577,53.99999908
4.36098,5.10376,52.82097,4484.45211,-1.46256,55.46995,10.88362568,4.054436931,53.99999908
4.39488,5.15333,52.6499,4478.67324,-1.45348,55.64561,11.11995428,4.142475554,53.99999908
4.42859,5.20295,52.48026,4472.75911,-1.44188,55.82523,11.35839843,4.231302273,53.99999908
4.46209,5.25262,52.31235,4466.70804,-1.42771,56.00883,11.59837476,4.320699769,53.99999908
4.49539,5.30233,52.14649,4460.5187,-1.41097,56.19647,11.83925444,4.410433788,53.99999908
4.52848,5.35208,51.98295,4454.19013,-1.39164,56.38815,12.08036437,4.500253583,53.99999908
4.56135,5.40188,51.82206,4447.72172,-1.36972,56.58391,12.32098903,4.589892597,53.99999908
4.59401,5.45172,51.6641,4441.11332,-1.34522,56.78373,12.56037293,4.679069401,53.99999908
4.62644,5.50161,51.50937,4434.36517,-1.31814,56.98762,12.79772395,4.767488901,53.99999908
4.65865,5.55154,51.35817,4427.478,-1.28852,57.19555,13.03221725,4.854843824,53.99999908
4.69063,5.60151,51.21079,4420.453,-1.25638,57.40748,13.26300001,4.940816474,53.99999908
4.72236,5.65153,51.0675,4413.29185,-1.22176,57.62338,13.4891969,5.025080768,53.99999908
4.75386,5.70159,50.92857,4405.99674,-1.18473,57.84318,13.70991624,5.107304529,53.99999908
4.78512,5.75169,50.79429,4398.57038,-1.14533,58.06681,13.92425679,5.187152023,53.99999908
4.81612,5.80183,50.6649,4391.01599,-1.10364,58.29417,14.13131518,5.264286721,53.99999908
4.84687,5.85202,50.54064,4383.33733,-1.05975,58.52516,14.3301938,5.338374242,53.99999908
4.87737,5.90224,50.42176,4375.53867,-1.01374,58.75967,14.52000913,5.409085445,53.99999908
4.90761,5.95251,50.30848,4367.62478,-0.96573,58.99756,14.69990027,5.476099628,53.99999908
4.93758,6.00281,50.20099,4359.60096,-0.91582,59.23868,14.86903773,5.539107781,53.99999908
4.96729,6.05315,50.09949,4351.47297,-0.86415,59.48287,15.0266321,5.597815832,53.99999908
4.99672,6.10352,50.00416,4343.24703,-0.81083,59.72996,15.17194265,5.651947833,53.99999908
5.02589,6.15394,49.91516,4334.92981,-0.75602,59.97976,15.30428552,5.701249036,53.99999908
5.05477,6.20438,49.83261,4326.52837,-0.69986,60.23208,15.42304153,5.745488774,53.99999908
5.08339,6.25486,49.75665,4318.05013,-0.64251,60.4867,15.52766326,5.784463122,53.99999908
5.11172,6.30537,49.68738,4309.50285,-0.58413,60.7434,15.61768141,5.817997249,53.99999908
5.13977,6.35591,49.62487,4300.89455,-0.5249,61.00196,15.69271019,5.845947448,53.99999908
5.16753,6.40648,49.56919,4292.23351,-0.46499,61.26215,15.75245179,5.868202764,53.99999908
5.19501,6.45707,49.52038,4283.52818,-0.40457,61.52371,15.79669957,5.884686226,53.99999908
5.22221,6.50769,49.47846,4274.78715,-0.34384,61.78642,15.82534022,5.895355621,53.99999908
5.24911,6.55834,49.44342,4266.01909,-0.28297,62.05001,15.83835462,5.900203826,53.99999908
5.27574,6.609,49.41524,4257.23271,-0.22214,62.31424,15.83581747,5.899258672,53.99999908
5.30207,6.65969,49.39388,4248.43668,-0.16155,62.57887,15.81789575,5.892582362,53.99999908
5.32812,6.7104,49.37928,4239.63961,-0.10137,62.84363,15.78484597,5.880270449,53.99999908
5.35387,6.76112,49.37135,4230.85,-0.04177,63.1083,15.73701033,5.862450413,53.99999908
5.37935,6.81186,49.36999,4222.07617,0.01705,63.37261,15.67481189,5.839279859,53.99999908
5.40454,6.86261,49.37508,4213.32621,0.07494,63.63635,15.59874886,5.81094438,53.99999908
5.42944,6.91338,49.38647,4204.60799,0.13172,63.89928,15.50938812,5.77765515,53.99999908
5.45406,6.96415,49.40402,4195.92905,0.18723,64.16118,15.40735808,5.739646275,53.99999908
5.4784,7.01494,49.42754,4187.29663,0.24133,64.42184,15.29334116,5.697171974,53.99999908
5.50246,7.06573,49.45686,4178.71761,0.29386,64.68105,15.16806588,5.650503637,53.99999908
5.52624,7.11653,49.49177,4170.19847,0.3447,64.93864,15.03229879,5.599926824,53.99999908
5.54975,7.16733,49.53206,4161.74531,0.39371,65.19441,14.88683637,5.545738245,53.99999908
5.57298,7.21814,49.57749,4153.36379,0.44078,65.4482,14.73249705,5.488242786,53.99999908
5.59595,7.26895,49.62783,4145.05914,0.48579,65.69986,14.57011342,5.427750613,53.99999908
5.61865,7.31976,49.68283,4136.83617,0.52864,65.94924,14.40052484,5.364574402,53.99999908
5.64108,7.37056,49.74225,4128.69921,0.56925,66.19622,14.22457035,5.299026727,53.99999908
5.66326,7.42137,49.8058,4120.65218,0.60754,66.44068,14.04308225,5.231417635,53.99999908
5.68517,7.47217,49.87323,4112.69853,0.64344,66.68252,13.85688008,5.162052426,53.99999908
5.70684,7.52297,49.94427,4104.84129,0.67688,66.92165,13.66676528,5.091229662,53.99999908
5.72825,7.57376,50.01862,4097.08305,0.70781,67.15799,13.47351651,5.019239411,53.99999908
5.74941,7.62454,50.09601,4089.42599,0.7362,67.39149,13.27788553,4.946361721,53.99999908
5.77033,7.67532,50.17616,4081.87189,0.76201,67.62209,13.08059375,4.872865342,53.99999908
5.79101,7.72608,50.25877,4074.42213,0.78522,67.84975,12.88232947,4.799006681,53.99999908
5.81145,7.77684,50.34357,4067.07775,0.80582,68.07444,12.68374563,4.725028976,53.99999908
5.83165,7.82759,50.43027,4059.8394,0.82379,68.29615,12.4854582,4.651161692,53.99999908
5.85163,7.87833,50.51859,4052.70743,0.83914,68.51486,12.28804507,4.577620108,53.99999908
5.87138,7.92905,50.60824,4045.68185,0.85187,68.7306,12.09204547,4.504605098,53.99999908
5.89091,7.97976,50.69894,4038.7624,0.862,68.94335,11.89795977,4.43230307,53.99999908
5.91022,8.03046,50.79042,4031.94852,0.86955,69.15316,11.7062498,4.360886062,53.99999908
5.92931,8.08114,50.88242,4025.23942,0.87455,69.36004,11.51733939,4.290511962,53.99999908
5.9482,8.13181,50.97465,4018.63408,0.87702,69.56403,11.3316153,4.221324851,53.99999908
5.96687,8.18247,51.06686,4012.13123,0.87702,69.76518,11.14942837,4.153455428,53.99999908
5.98533,8.23311,51.1588,4005.72945,0.87456,69.96353,10.97109495,4.087021534,53.99999908
6.0036,8.28373,51.2502,3999.4271,0.86971,70.15915,10.79689835,4.02212872,53.99999908
6.02166,8.33434,51.34083,3993.22241,0.86251,70.35209,10.62709065,3.958870883,53.99999908
6.03953,8.38493,51.43046,3987.11344,0.85302,70.54241,10.46189437,3.897330921,53.99999908
6.0572,8.4355,51.51883,3981.09815,0.84128,70.73019,10.30150438,3.837581431,53.99999908
6.07469,8.48606,51.60574,3975.17434,0.82736,70.9155,10.14608979,3.779685406,53.99999908
6.09199,8.5366,51.69096,3969.33975,0.81131,71.09842,9.995795801,3.723696941,53.99999908
6.1091,8.58712,51.77428,3963.59201,0.79321,71.27902,9.85074565,3.669661943,53.99999908
6.12603,8.63763,51.85551,3957.92867,0.77311,71.45739,9.711042438,3.617618821,53.99999908
6.14278,8.68811,51.93443,3952.34721,0.75108,71.63362,9.576770959,3.567599162,53.99999908
6.15935,8.73858,52.01087,3946.84506,0.72719,71.80778,9.447999465,3.519628392,53.99999908
6.17575,8.78903,52.08465,3941.4196,0.70151,71.97997,9.32478136,3.473726406,53.99999908
6.19198,8.83946,52.15558,3936.06814,0.6741,72.15028,9.207156827,3.429908173,53.99999908
6.20804,8.88987,52.22352,3930.78799,0.64503,72.3188,9.095154369,3.38818431,53.99999908
6.22393,8.94027,52.28829,3925.5764,0.61437,72.48562,8.988792272,3.348561631,53.99999908
6.23965,8.99064,52.34975,3920.43062,0.58221,72.65083,8.888079976,3.31104365,53.99999908
6.25521,9.04099,52.40775,3915.34786,0.54859,72.81453,8.793019359,3.275631069,53.99999908
6.27061,9.09133,52.46217,3910.32532,0.51361,72.97681,8.703605939,3.242322218,53.99999908
6.28584,9.14165,52.51287,3905.36018,0.47733,73.13776,8.619829984,3.21111347,53.99999908
6.30092,9.19194,52.55973,3900.44961,0.43981,73.29748,8.541677532,3.181999626,53.99999908
6.31584,9.24222,52.60265,3895.59079,0.40114,73.45606,8.469131336,3.154974259,53.99999908
6.3306,9.29247,52.64152,3890.78086,0.36138,73.61361,8.402171724,3.130030042,53.99999908
6.34521,9.34271,52.67624,3886.01698,0.32061,73.7702,8.340777377,3.107159032,53.99999908
6.35967,9.39293,52.70672,3881.29628,0.27889,73.92595,8.284926034,3.086352937,53.99999908
6.37397,9.44312,52.73289,3876.61592,0.2363,74.08094,8.234595129,3.067603351,53.99999908
6.38812,9.4933,52.75467,3871.97301,0.19291,74.23527,8.189762349,3.05090196,53.99999908
6.40212,9.54346,52.77198,3867.36469,0.14879,74.38903,8.150406129,3.036240733,53.99999908
6.41596,9.59359,52.78478,3862.78808,0.10401,74.54232,8.11650609,3.023612077,53.99999908
6.42966,9.64371,52.793,3858.24029,0.05864,74.69525,8.088043402,3.013008977,53.99999908
6.44321,9.6938,52.79661,3853.71843,0.01276,74.84789,8.065001099,3.004425112,53.99999908
6.45662,9.74387,52.79556,3849.2196,-0.03357,75.00035,8.047364334,2.997854953,53.99999908
6.46993,9.7939,52.79356,3844.73231,-0.00627,75.0074,8.030874209,2.991711948,0
6.48323,9.84388,52.79428,3840.24825,0.02053,75.01445,8.011339943,2.98443492,0
6.49651,9.89381,52.79767,3835.76922,0.04676,75.02151,7.988858869,2.976060128,0
6.50976,9.94367,52.80365,3831.29701,0.07234,75.02857,7.963538561,2.966627647,0
6.52299,9.99349,52.81216,3826.83333,0.09723,75.03564,7.935495446,2.956180849,0
6.5362,10.04324,52.82311,3822.37985,0.12135,75.04272,7.904854003,2.944766105,0
6.54939,10.09294,52.83641,3817.93819,0.14465,75.0498,7.871745935,2.932432479,0
6.56255,10.14259,52.85199,3813.50991,0.16708,75.05689,7.836309317,2.919231406,0
6.5757,10.19218,52.86974,3809.09649,0.18857,75.06399,7.798687725,2.905216373,0
6.58882,10.24172,52.88957,3804.69936,0.20909,75.07109,7.759029375,2.890442594,0
6.60193,10.29121,52.91136,3800.31986,0.22858,75.0782,7.71748625,2.874966687,0
6.61501,10.34063,52.93501,3795.95928,0.247,75.08532,7.674213257,2.858846359,0
6.62807,10.39001,52.96041,3791.6188,0.26432,75.09245,7.629367391,2.842140094,0
6.64111,10.43933,52.98745,3787.29955,0.2805,75.09958,7.583106934,2.824906857,0
6.65413,10.4886,53.016,3783.00256,0.29551,75.10672,7.535590686,2.807205804,0
6.66712,10.53782,53.04594,3778.7288,0.30931,75.11386,7.486977233,2.789096014,0
6.6801,10.58698,53.07715,3774.47914,0.32188,75.12101,7.437424263,2.770636228,0
6.69305,10.63609,53.10951,3770.25437,0.33321,75.12817,7.387087921,2.751884617,0
6.70599,10.68515,53.14289,3766.05521,0.34327,75.13534,7.336122223,2.732898553,0
6.7189,10.73415,53.17716,3761.88229,0.35205,75.14251,7.284678515,2.713734418,0
6.7318,10.78311,53.21219,3757.73616,0.35953,75.1497,7.232904988,2.694447417,0
6.74467,10.83201,53.24786,3753.61729,0.36572,75.15688,7.180946242,2.675091417,0
6.75753,10.88086,53.28403,3749.52607,0.3706,75.16408,7.128942911,2.655718808,0
6.77036,10.92966,53.32057,3745.46283,0.37417,75.17128,7.077031335,2.63638038,0
6.78317,10.97841,53.35736,3741.4278,0.37644,75.17849,7.025343284,2.617125221,0
6.79597,11.02712,53.39427,3737.42115,0.37741,75.18571,6.97400573,2.598000631,0
6.80874,11.07577,53.43118,3733.44298,0.37709,75.19294,6.92314067,2.579052058,0
6.82149,11.12437,53.46795,3729.49332,0.37548,75.20017,6.872864992,2.560323045,0
6.83423,11.17293,53.50446,3725.57213,0.37261,75.20741,6.823290382,2.541855199,0
6.84694,11.22143,53.54059,3721.67931,0.36848,75.21466,6.774523271,2.523688167,0
6.85964,11.26989,53.57622,3717.81469,0.36312,75.22192,6.72666482,2.505859635,0
6.87232,11.3183,53.61124,3713.97805,0.35655,75.22919,6.679810931,2.488405328,0
6.88497,11.36667,53.64552,3710.1691,0.34878,75.23646,6.634052296,2.471359033,0
6.89761,11.41498,53.67896,3706.3875,0.33984,75.24374,6.589474468,2.454752619,0
6.91023,11.46326,53.71144,3702.63287,0.32977,75.25104,6.546157952,2.438616077,0
6.92283,11.51148,53.74285,3698.90477,0.31859,75.25833,6.504178326,2.422977562,0
6.93541,11.55966,53.7731,3695.2027,0.30632,75.26564,6.463606363,2.407863438,0
6.94797,11.60779,53.80209,3691.52612,0.293,75.27296,6.424508185,2.393298338,0
6.96052,11.65588,53.82971,3687.87447,0.27868,75.28028,6.386945414,2.379305217,0
6.97304,11.70393,53.85587,3684.2471,0.26337,75.28761,6.350975338,2.365905418,0
6.98555,11.75193,53.88048,3680.64337,0.24712,75.29496,6.316651081,2.353118729,0
6.99804,11.79988,53.90346,3677.06257,0.22996,75.30231,6.28402178,2.340963455,0
7.01051,11.8478,53.92473,3673.50397,0.21194,75.30966,6.253132758,2.329456482,0
7.02296,11.89566,53.9442,3669.96679,0.19309,75.31703,6.224025702,2.318613338,0
7.03539,11.94349,53.96181,3666.45024,0.17346,75.32441,6.196738838,2.308448263,0
7.04781,11.99127,53.97748,3662.95347,0.15309,75.33179,6.171307097,2.29897427,0
7.06021,12.03901,53.99115,3659.47563,0.13202,75.33919,6.147762282,2.290203207,0
7.07259,12.08671,54.00276,3656.01582,0.1103,75.34659,6.126133227,2.282145815,0
7.08495,12.13436,54.01225,3652.57312,0.08797,75.354,6.106445947,2.274811785,0
7.0973,12.18198,54.01957,3649.14659,0.06507,75.36142,6.088723778,2.268209811,0
7.10962,12.22955,54.02466,3645.73527,0.04165,75.36885,6.072987514,2.262347639,0
7.12193,12.27708,54.0275,3642.33816,0.01777,75.37629,6.05925552,2.25723211,0
7.13422,12.32457,54.02804,3638.95425,-0.00654,75.38374,6.047543852,2.252869205,0
7.1465,12.37202,54.02625,3635.58252,-0.03123,75.3912,6.037866349,2.249264081,0
7.15876,12.41942,54.02209,3632.2219,-0.05625,75.39866,6.030234724,2.2464211,0
7.171,12.46679,54.01554,3628.87133,-0.08154,75.40614,6.024658634,2.24434386,0
7.18322,12.51411,54.00659,3625.52973,-0.10707,75.41362,6.021145744,2.243035216,0
7.19542,12.5614,53.99521,3622.19599,-0.13279,75.42111,6.019701773,2.242497298,0
7.20761,12.60864,53.9814,3618.869,-0.15863,75.42862,6.020330528,2.242731526,0
7.21978,12.65585,53.96515,3615.54762,-0.18456,75.43613,6.023033928,2.243738614,0
7.2319,12.70302,53.94524,3612.23379,-0.23644,75.52584,6.028861174,2.245909416,34.9999994
7.24393,12.75017,53.92044,3608.92866,-0.2883,75.61575,6.038860171,2.249634306,34.9999994
7.25588,12.79729,53.89077,3605.62987,-0.34006,75.70591,6.053032467,2.254913859,34.9999994
7.26775,12.8444,53.85624,3602.33506,-0.39166,75.79639,6.071381032,2.261749182,34.9999994
7.27953,12.89148,53.8169,3599.04184,-0.44299,75.88723,6.093910498,2.270142001,34.9999994
7.29123,12.93853,53.77278,3595.7478,-0.49399,75.9785,6.120626949,2.280094582,34.9999994
7.30284,12.98557,53.72392,3592.4505,-0.54457,76.07025,6.151537668,2.291609638,34.9999994
7.31436,13.03258,53.67037,3589.14748,-0.59464,76.16254,6.186650843,2.30469022,34.9999994
7.3258,13.07957,53.61219,3585.83626,-0.64413,76.25544,6.225975223,2.319339586,34.9999994
7.33716,13.12653,53.54946,3582.51431,-0.69294,76.349,6.269519728,2.33556106,34.9999994
7.34842,13.17347,53.48224,3579.17909,-0.741,76.44327,6.317293006,2.353357863,34.9999994
7.3596,13.22039,53.41062,3575.82805,-0.78822,76.53833,6.369302944,2.372732933,34.9999994
7.37069,13.26728,53.33469,3572.45859,-0.83452,76.63423,6.425556128,2.393688724,34.9999994
7.38169,13.31414,53.25456,3569.06809,-0.87982,76.73103,6.486057243,2.416226982,34.9999994
7.39261,13.36099,53.17032,3565.65392,-0.92402,76.82879,6.550808426,2.440348501,34.9999994
7.40343,13.4078,53.08209,3562.21341,-0.96704,76.92757,6.619808561,2.466052866,34.9999994
7.41416,13.4546,52.99,3558.74389,-1.00881,77.02744,6.693052516,2.493338167,34.9999994
7.4248,13.50136,52.89417,3555.24265,-1.04923,77.12845,6.770530335,2.522200693,34.9999994
7.43535,13.5481,52.79474,3551.70699,-1.08821,77.23067,6.85222636,2.552634612,34.9999994
7.4458,13.59482,52.69186,3548.13418,-1.12568,77.33415,6.938118312,2.584631624,34.9999994
7.45616,13.64151,52.58568,3544.52149,-1.16155,77.43897,7.028176315,2.6181806,34.9999994
7.46643,13.68817,52.47636,3540.86619,-1.19574,77.54518,7.122361878,2.6532672,34.9999994
7.47659,13.7348,52.36406,3537.16555,-1.22816,77.65284,7.220626821,2.689873477,34.9999994
7.48666,13.7814,52.24897,3533.41685,-1.25873,77.76201,7.32291218,2.727977465,34.9999994
7.49663,13.82798,52.13127,3529.61738,-1.28736,77.87276,7.429147064,2.767552754,34.9999994
7.5065,13.87452,52.01114,3525.76447,-1.31399,77.98514,7.539247501,2.808568064,34.9999994
7.51627,13.92104,51.88878,3521.85546,-1.33853,78.0992,7.653115262,2.850986801,34.9999994
7.52593,13.96752,51.7644,3517.88774,-1.3609,78.21502,7.770636693,2.894766626,34.9999994
7.53549,14.01397,51.63821,3513.85875,-1.38103,78.33264,7.891681552,2.939859021,34.9999994
7.54494,14.06039,51.51041,3509.76599,-1.39884,78.45211,8.016101876,2.986208865,34.9999994
7.55429,14.10678,51.38124,3505.60701,-1.41428,78.57349,8.143730893,3.033754032,34.9999994
7.56352,14.15313,51.25092,3501.37947,-1.42727,78.69684,8.274382,3.082425007,34.9999994
7.57265,14.19945,51.11968,3497.08112,-1.43774,78.82219,8.407847824,3.132144538,34.9999994
7.58166,14.24573,50.98777,3492.70979,-1.44565,78.94959,8.543899391,3.182827327,34.9999994
7.59056,14.29198,50.85541,3488.26345,-1.45094,79.07909,8.682285426,3.234379766,34.9999994
7.59934,14.33819,50.72287,3483.74022,-1.45356,79.21072,8.822731813,3.286699741,34.9999994
7.60801,14.38436,50.59038,3479.13833,-1.45347,79.34452,8.964941233,3.339676491,34.9999994
7.61656,14.43049,50.45821,3474.4562,-1.45062,79.48051,9.108593011,3.393190558,34.9999994
7.62498,14.47658,50.3266,3469.69242,-1.445,79.61873,9.253343202,3.447113813,34.9999994
7.63329,14.52264,50.19581,3464.84578,-1.43656,79.7592,9.398824924,3.501309582,34.9999994
7.64147,14.56864,50.06609,3459.91524,-1.42531,79.90193,9.54464899,3.555632883,34.9999994
7.64952,14.61461,49.93771,3454.90004,-1.41123,80.04693,9.69040482,3.609930765,34.9999994
7.65745,14.66053,49.81091,3449.79959,-1.39431,80.19422,9.835661696,3.664042774,34.9999994
7.66524,14.7064,49.68596,3444.6136,-1.37458,80.34378,9.979970332,3.717801537,34.9999994
7.67291,14.75223,49.5631,3439.34201,-1.35204,80.49562,10.12286479,3.771033483,34.9999994
7.68044,14.79801,49.44259,3433.98503,-1.32672,80.64971,10.26386475,3.823559678,34.9999994
7.68784,14.84374,49.32466,3428.54316,-1.29866,80.80604,10.40247811,3.875196801,34.9999994
7.6951,14.88942,49.20955,3423.01719,-1.26791,80.96458,10.5382039,3.925758231,34.9999994
7.70223,14.93505,49.0975,3417.4082,-1.23452,81.1253,10.67053558,3.975055261,34.9999994
7.70922,14.98062,48.98874,3411.71756,-1.19857,81.28814,10.79896449,4.022898409,34.9999994
7.71606,15.02614,48.88348,3405.94695,-1.16013,81.45307,10.92298371,4.069098831,34.9999994
7.72277,15.0716,48.78193,3400.09837,-1.11928,81.62003,11.042092,4.113469805,34.9999994
7.72933,15.11701,48.68429,3394.1741,-1.07614,81.78894,11.155798,4.155828283,34.9999994
7.73574,15.16236,48.59076,3388.17671,-1.03081,81.95975,11.26362446,4.195996474,34.9999994
7.74201,15.20765,48.50149,3382.10909,-0.9834,82.13236,11.36511254,4.233803454,34.9999994
7.74814,15.25288,48.41667,3375.97439,-0.93406,82.3067,11.45982612,4.269086756,34.9999994
7.75411,15.29804,48.33644,3369.77603,-0.88291,82.48266,11.547356,4.301693941,34.9999994
7.75994,15.34315,48.26094,3363.5177,-0.83011,82.66016,11.62732392,4.331484093,34.9999994
7.76562,15.38818,48.19029,3357.20333,-0.77581,82.83908,11.69938634,4.358329242,34.9999994
7.77114,15.43316,48.1246,3350.83705,-0.72018,83.01932,11.76323801,4.382115668,34.9999994
7.77652,15.47806,48.06396,3344.42321,-0.66339,83.20076,11.81861505,4.402745073,34.9999994
7.78175,15.5229,48.00846,3337.96634,-0.60561,83.38327,11.86529771,4.420135594,34.9999994
7.78682,15.56767,47.95814,3331.47112,-0.54703,83.56675,11.90311261,4.434222638,34.9999994
7.79174,15.61237,47.91305,3324.94237,-0.48782,83.75105,11.93193447,4.444959537,34.9999994
7.79651,15.657,47.87322,3318.38499,-0.42818,83.93605,11.95168728,4.45231798,34.9999994
7.80113,15.70156,47.83865,3311.80398,-0.36831,84.12162,11.96234498,4.456288254,34.9999994
7.80559,15.74604,47.80935,3305.20437,-0.30838,84.30763,11.96393145,4.456879256,34.9999994
7.80991,15.79045,47.78527,3298.59124,-0.2486,84.49395,11.95652001,4.4541183,34.9999994
7.81407,15.83479,47.76639,3291.96963,-0.18916,84.68043,11.94023233,4.44805071,34.9999994
7.81808,15.87905,47.75265,3285.34458,-0.13023,84.86696,11.91523681,4.438739221,34.9999994
7.82194,15.92324,47.74396,3278.72104,-0.07202,85.0534,11.88174647,4.426263189,34.9999994
7.82565,15.96734,47.74025,3272.10389,-0.01469,85.23963,11.84001639,4.410717635,34.9999994
7.82921,16.01138,47.74141,3265.49791,0.04156,85.42553,11.79034072,4.392212142,34.9999994
7.83262,16.05533,47.74732,3258.90774,0.09658,85.61096,11.73304942,4.370869623,34.9999994
7.83589,16.09921,47.75784,3252.33786,0.15019,85.79583,11.66850461,4.346824985,34.9999994
7.83901,16.14301,47.77284,3245.79261,0.20224,85.98001,11.59709686,4.320223717,34.9999994
7.84198,16.18673,47.79216,3239.27611,0.25258,86.1634,11.51924115,4.291220419,34.9999994
7.84481,16.23038,47.81562,3232.79231,0.30106,86.34591,11.43537296,4.259977309,34.9999994
7.8475,16.27394,47.84306,3226.34491,0.34756,86.52744,11.34594413,4.226662717,34.9999994
7.85005,16.31743,47.87427,3219.93742,0.39195,86.7079,11.25141893,4.191449595,34.9999994
7.85245,16.36084,47.90907,3213.5731,0.43412,86.88721,11.15227016,4.15451407,34.9999994
7.85472,16.40417,47.94725,3207.25497,0.47396,87.06529,11.04897538,4.116034044,34.9999994
7.85685,16.44742,47.98859,3200.98584,0.51138,87.24209,10.94201334,4.076187871,34.9999994
7.85885,16.49059,48.03288,3194.76822,0.5463,87.41753,10.8318607,4.035153114,34.9999994
7.86071,16.53369,48.0799,3188.60442,0.57865,87.59157,10.7189889,3.993105399,34.9999994
7.86243,16.5767,48.12941,3182.49649,0.60835,87.76416,10.60386138,3.950217368,34.9999994
7.86403,16.61964,48.18119,3176.44624,0.63536,87.93525,10.48693106,3.906657749,34.9999994
7.8655,16.66251,48.235,3170.45524,0.65963,88.10482,10.36863815,3.862590528,34.9999994
7.86684,16.70529,48.29061,3164.52482,0.68113,88.27283,10.24940822,3.81817424,34.9999994
7.86805,16.748,48.34778,3158.65611,0.69983,88.43928,10.12965059,3.773561372,34.9999994
7.86914,16.79063,48.40627,3152.84999,0.71573,88.60414,10.00975704,3.72889787,34.9999994
7.87011,16.83319,48.46585,3147.10716,0.7288,88.7674,9.890100763,3.684322758,34.9999994
7.87096,16.87568,48.52628,3141.42809,0.73905,88.92906,9.771035599,3.639967852,34.9999994
7.87168,16.91809,48.58733,3135.81308,0.74649,89.08913,9.652895527,3.595957567,34.9999994
7.87229,16.96042,48.64877,3130.26222,0.75114,89.24761,9.535994377,3.552408812,34.9999994
7.87278,17.00268,48.71037,3124.77544,0.75302,89.40452,9.420625757,3.509430966,34.9999994
7.87316,17.04487,48.7719,3119.35252,0.75215,89.55987,9.307063172,3.467125915,34.9999994
7.87343,17.08699,48.83314,3113.99306,0.74858,89.71369,9.195560302,3.425588162,34.9999994
7.87358,17.12903,48.89388,3108.69651,0.74235,89.866,9.086351436,3.384904986,34.9999994
7.87362,17.171,48.9539,3103.46222,0.7335,90.01684,8.979652022,3.345156647,34.9999994
7.87355,17.21291,49.013,3098.28936,0.72209,90.16623,8.875659328,3.306416632,34.9999994
7.87338,17.25474,49.07097,3093.17703,0.70818,90.31421,8.774553182,3.268751933,34.9999994
7.8731,17.2965,49.12762,3088.12419,0.69181,90.46082,8.676496788,3.232223346,34.9999994
7.87272,17.3382,49.18277,3083.1297,0.67307,90.60612,8.581637587,3.196885798,34.9999994
7.87223,17.37982,49.23622,3078.19233,0.65202,90.75013,8.490108153,3.162788675,34.9999994
7.87164,17.42138,49.2878,3073.31077,0.62873,90.89291,8.402027115,3.129976171,34.9999994
7.87095,17.46287,49.33734,3068.48361,0.60328,91.0345,8.317500086,3.098487628,34.9999994
7.87015,17.50429,49.38467,3063.70937,0.57575,91.17497,8.236620592,3.068357889,34.9999994
7.86926,17.54565,49.42964,3058.98653,0.5462,91.31436,8.159470991,3.039617633,34.9999994
7.86828,17.58694,49.4721,3054.31345,0.51474,91.45273,8.086123372,3.012293715,34.9999994
7.86719,17.62817,49.51191,3049.68849,0.48144,91.59014,8.016640425,2.986409489,34.9999994
7.86601,17.66933,49.54894,3045.10991,0.44639,91.72664,7.951076289,2.961985123,34.9999994
7.86474,17.71042,49.58304,3040.57595,0.40967,91.86229,7.889477351,2.939037898,34.9999994
7.86337,17.75146,49.61412,3036.08479,0.37139,91.99715,7.831883014,2.917582492,34.9999994
7.8619,17.79242,49.64205,3031.63457,0.33161,92.13129,7.778326419,2.897631251,34.9999994
7.86035,17.83333,49.66672,3027.22339,0.29045,92.26477,7.728835116,2.879194439,34.9999994
7.8587,17.87417,49.68805,3022.84931,0.24798,92.39764,7.683431694,2.862280469,34.9999994
7.85696,17.91495,49.70594,3018.51035,0.20431,92.52998,7.64213436,2.846896126,34.9999994
7.85513,17.95566,49.72032,3014.20452,0.15952,92.66184,7.604957463,2.833046754,34.9999994
7.85322,17.99632,49.7311,3009.92978,0.11372,92.7933,7.571911976,2.82073644,34.9999994
7.85121,18.03691,49.73822,3005.68406,0.067,92.92441,7.543005921,2.809968174,34.9999994
7.84911,18.07744,49.74162,3001.46526,0.01945,93.05525,7.518244744,2.800743984,34.9999994
7.84693,18.1179,49.74126,2997.27127,-0.02884,93.18587,7.497631645,2.793065062,34.9999994
7.84465,18.15831,49.73708,2993.09995,-0.07775,93.31636,7.481167849,2.786931865,34.9999994
7.84229,18.19865,49.72906,2988.94912,-0.12721,93.44676,7.468852838,2.7823442,34.9999994
7.83984,18.23893,49.71717,2984.81658,-0.1771,93.57716,7.460684527,2.779301289,34.9999994
7.83731,18.27915,49.70138,2980.70013,-0.22734,93.70761,7.456659389,2.777801819,34.9999994
7.83468,18.31931,49.68169,2976.59752,-0.27782,93.83819,7.456772544,2.777843972,34.9999994
7.83197,18.35941,49.65808,2972.50649,-0.32845,93.96897,7.461017786,2.779425437,34.9999994
7.82917,18.39944,49.63057,2968.42476,-0.37912,94.10001,7.469387574,2.782543403,34.9999994
7.82629,18.43942,49.59916,2964.35003,-0.42975,94.23138,7.481872972,2.787194542,34.9999994
7.82332,18.47933,49.56387,2960.27997,-0.48023,94.36316,7.49846354,2.793374965,34.9999994
7.82026,18.51918,49.52474,2956.21225,-0.53047,94.4954,7.519147191,2.801080169,34.9999994
7.81712,18.55896,49.48178,2952.1445,-0.58037,94.62818,7.543909987,2.810304962,34.9999994
7.81388,18.59869,49.43504,2948.07437,-0.62982,94.76158,7.572735908,2.821043376,34.9999994
7.81056,18.63835,49.38458,2943.99944,-0.67874,94.89565,7.605606559,2.833288559,34.9999994
7.80716,18.67795,49.33044,2939.91733,-0.72702,95.03047,7.642500854,2.847032654,34.9999994
7.80366,18.71748,49.27269,2935.82562,-0.77456,95.16611,7.683394641,2.862266666,34.9999994
7.80008,18.75695,49.2114,2931.72188,-0.82127,95.30264,7.728260295,2.878980303,34.9999994
7.79641,18.79636,49.14665,2927.60369,-0.86706,95.44013,7.777066273,2.897161814,34.9999994
7.79265,18.8357,49.07853,2923.46859,-0.91182,95.57865,7.829776625,2.916797807,34.9999994
7.7888,18.87497,49.00712,2919.31416,-0.95547,95.71826,7.886350472,2.937873053,34.9999994
7.78486,18.91418,48.93252,2915.13795,-0.9979,95.85903,7.946741456,2.960370284,34.9999994
7.78084,18.95333,48.85484,2910.93752,-1.03902,96.00105,8.010897149,2.984269967,34.9999994
7.77672,18.9924,48.7742,2906.71044,-1.07874,96.14436,8.078758445,3.009550086,34.9999994
7.77251,19.03141,48.69072,2902.4543,-1.11697,96.28904,8.150258924,3.036185895,34.9999994
7.76821,19.07035,48.60451,2898.16669,-1.15361,96.43516,8.2253242,3.064149686,34.9999994
7.76381,19.10922,48.51572,2893.84523,-1.18859,96.58278,8.303871255,3.093410531,34.9999994
7.75937,19.14802,48.42617,2889.48228,-1.17697,96.58969,8.383776409,3.123177303,0
7.75493,19.18677,48.33772,2885.07169,-1.16311,96.59658,8.462829211,3.152626552,0
7.7505,19.22546,48.25053,2880.61344,-1.14704,96.60346,8.540785039,3.181667149,0
7.74607,19.26408,48.16478,2876.10766,-1.12879,96.61033,8.617400787,3.210208531,0
7.74164,19.30265,48.08061,2871.55461,-1.10838,96.61719,8.692431764,3.238159544,0
7.73721,19.34115,47.99819,2866.9547,-1.08588,96.62403,8.765633007,3.265428933,0
7.73278,19.37959,47.91766,2862.3085,-1.06132,96.63087,8.836760674,3.29192586,0
7.72836,19.41797,47.83918,2857.61674,-1.03478,96.63769,8.905573507,3.317560451,0
7.72394,19.45629,47.76289,2852.88026,-1.00631,96.6445,8.971834354,3.34224436,0
7.71952,19.49454,47.68892,2848.10008,-0.976,96.6513,9.03531172,3.365891349,0
7.7151,19.53273,47.61739,2843.27737,-0.94392,96.65808,9.095781353,3.388417878,0
7.71069,19.57085,47.54844,2838.41342,-0.91016,96.66486,9.153027825,3.409743695,0
7.70628,19.6089,47.48217,2833.50969,-0.87483,96.67162,9.206846098,3.429792418,0
7.70188,19.64689,47.41869,2828.56776,-0.83801,96.67837,9.257043061,3.448492108,0
7.69747,19.68482,47.35809,2823.58933,-0.79982,96.68511,9.303439001,3.465775816,0
7.69308,19.72267,47.30047,2818.57625,-0.76038,96.69184,9.345869006,3.481582109,0
7.68868,19.76046,47.2459,2813.53047,-0.71979,96.69856,9.384184264,3.495855551,0
7.68429,19.79818,47.19446,2808.45405,-0.6782,96.70526,9.418253254,3.508547146,0
7.6799,19.83583,47.14619,2803.34915,-0.63571,96.71195,9.447962801,3.519614734,0
7.67551,19.87341,47.10116,2798.21804,-0.59247,96.71863,9.47321898,3.529023325,0
7.67113,19.91092,47.0594,2793.06305,-0.54861,96.7253,9.493947864,3.53674538,0
7.66675,19.94837,47.02094,2787.88657,-0.50427,96.73196,9.510096096,3.542761021,0
7.66238,19.98574,46.9858,2782.69109,-0.45958,96.7386,9.52163128,3.547058181,0
7.65801,20.02304,46.95398,2777.4791,-0.41469,96.74523,9.528542189,3.549632676,0
7.65364,20.06028,46.92549,2772.25316,-0.36975,96.75185,9.530838775,3.550488215,0
7.64928,20.09744,46.9003,2767.01584,-0.32488,96.75846,9.528552006,3.549636334,0
7.64492,20.13453,46.87841,2761.76973,-0.28024,96.76506,9.521733502,3.547096261,0
7.64057,20.17155,46.85977,2756.51742,-0.23596,96.77164,9.510455004,3.542894724,0
7.63622,20.2085,46.84434,2751.26147,-0.19219,96.77821,9.494807673,3.537065682,0
7.63187,20.24537,46.83206,2746.00446,-0.14905,96.78477,9.474901229,3.529650007,0
7.62753,20.28218,46.82288,2740.74889,-0.10669,96.79132,9.450862946,3.520695115,0
7.62319,20.31891,46.81672,2735.49726,-0.06523,96.79786,9.422836531,3.510254537,0
7.61886,20.35558,46.81351,2730.25199,-0.0248,96.80438,9.390980876,3.498387468,0
7.61453,20.39217,46.81315,2725.01545,0.01449,96.81089,9.355468738,3.485158262,0
7.6102,20.42869,46.81554,2719.78994,0.05251,96.81739,9.31648533,3.470635917,0
7.60588,20.46514,46.82059,2714.57767,0.08915,96.82388,9.274226874,3.45489353,0
7.60156,20.50152,46.82818,2709.38079,0.12431,96.83035,9.228899109,3.438007745,0
7.59725,20.53783,46.83819,2704.20134,0.1579,96.83681,9.180715792,3.420058192,0
7.59294,20.57407,46.85049,2699.04126,0.18981,96.84327,9.129897198,3.401126928,0
7.58864,20.61024,46.86497,2693.90239,0.21997,96.8497,9.076668645,3.381297892,0
7.58433,20.64633,46.88147,2688.78648,0.24828,96.85613,9.02125905,3.36065636,0
7.58004,20.68236,46.89987,2683.69516,0.27469,96.86255,8.963899537,3.339288432,0
7.57575,20.71832,46.92002,2678.62993,0.29913,96.86895,8.904822109,3.317280535,0
7.57146,20.75422,46.94178,2673.59222,0.32153,96.87534,8.844258386,3.294718955,0
7.56717,20.79004,46.96498,2668.58329,0.34185,96.88172,8.782438437,3.271689397,0
7.5629,20.82579,46.98949,2663.60432,0.36004,96.88808,8.719589683,3.248276583,0
7.55862,20.86148,47.01514,2658.65638,0.37608,96.89444,8.655935914,3.224563879,0
7.55435,20.8971,47.04179,2653.7404,0.38992,96.90078,8.591696381,3.200632963,0
7.55008,20.93265,47.06927,2648.8572,0.40154,96.90711,8.527085009,3.176563527,0
7.54582,20.96814,47.09743,2644.00749,0.41093,96.91343,8.462309687,3.152433015,0
7.54156,21.00356,47.12611,2639.19189,0.41809,96.91974,8.397571677,3.128316403,0
7.5373,21.03892,47.15515,2634.41088,0.423,96.92603,8.333065099,3.104286005,0
7.53305,21.07421,47.1844,2629.66485,0.42568,96.93231,8.268976525,3.080411325,0
7.5288,21.10944,47.21371,2624.95407,0.42612,96.93858,8.205484649,3.056758931,0
7.52456,21.1446,47.24292,2620.27874,0.42435,96.94484,8.142760049,3.033392367,0
7.52032,21.1797,47.27188,2615.63893,0.4204,96.95109,8.080965018,3.010372092,0
7.51608,21.21474,47.30044,2611.03463,0.41427,96.95733,8.020253474,2.987755445,0
7.51185,21.24971,47.32847,2606.46575,0.40602,96.96355,7.960770931,2.965596632,0
7.50762,21.28462,47.35581,2601.93208,0.39566,96.96976,7.90265453,2.943946744,0
7.50339,21.31947,47.38233,2597.43336,0.38325,96.97596,7.846033123,2.92285378,0
7.49917,21.35426,47.40789,2592.96924,0.36883,96.98215,7.791027401,2.902362701,0
7.49495,21.38899,47.43236,2588.53928,0.35246,96.98832,7.737750067,2.882515492,0
7.49074,21.42366,47.45561,2584.14297,0.33417,96.99449,7.686306032,2.863351236,0
7.48652,21.45827,47.47753,2579.77974,0.31404,97.00064,7.636792649,2.844906198,0
7.48231,21.49282,47.498,2575.44894,0.29212,97.00678,7.589299964,2.827213923,0
7.47811,21.52731,47.51689,2571.14987,0.26848,97.01291,7.543910983,2.810305333,0
7.47391,21.56175,47.5341,2566.88176,0.24318,97.01903,7.500701954,2.794208833,0
7.46971,21.59612,47.54954,2562.64378,0.2163,97.02514,7.459742653,2.778950416,0
7.46551,21.63044,47.5631,2558.43504,0.1879,97.03123,7.421096671,2.764553771,0
7.46132,21.6647,47.57468,2554.25461,0.15807,97.03731,7.384821708,2.751040393,0
7.45713,21.69891,47.58421,2550.10152,0.12687,97.04339,7.350969856,2.738429687,0
7.45295,21.73306,47.59159,2545.97471,0.09439,97.04945,7.319587873,2.726739073,0
7.44877,21.76715,47.59677,2541.87312,0.06071,97.05549,7.290717455,2.715984082,0
7.44459,21.80119,47.59965,2537.79563,0.02592,97.06153,7.264395488,2.706178457,0
7.44041,21.83517,47.60019,2533.74107,-0.00991,97.06756,7.240654285,2.697334234,0
7.43624,21.86909,47.59832,2529.70825,-0.04669,97.07357,7.219521816,2.689461833,0
7.43207,21.90297,47.59399,2525.69592,-0.08432,97.07957,7.201021905,2.68257013,0
7.4279,21.93678,47.58715,2521.70283,-0.12273,97.08556,7.18517442,2.676666525,0
7.42374,21.97055,47.57777,2517.72766,-0.16182,97.09154,7.171995441,2.671757008,0
7.41958,22.00426,47.56581,2513.76909,-0.2015,97.09751,7.161497396,2.66784621,0
7.41542,22.03791,47.55124,2509.82575,-0.24168,97.10347,7.153689188,2.664937447,0
7.41127,22.07152,47.53404,2505.89625,-0.28228,97.10942,7.148576295,2.66303276,0
7.40712,22.10507,47.5142,2501.97918,-0.32319,97.11535,7.146160844,2.662132941,0
7.40297,22.13856,47.4917,2498.07309,-0.36432,97.12127,7.146441667,2.662237555,0
7.39882,22.172,47.46655,2494.17654,-0.40559,97.12719,7.14941433,2.66334495,0
7.39468,22.20539,47.43874,2490.28804,-0.4469,97.13309,7.155071144,2.665452262,0
7.39054,22.23873,47.40828,2486.40609,-0.48816,97.13898,7.163401149,2.668555408,0
7.38641,22.27202,47.37519,2482.52917,-0.52927,97.14485,7.174390082,2.672649075,0
7.38227,22.30525,47.33949,2478.65577,-0.57015,97.15072,7.188020319,2.677726697,0
7.37814,22.33843,47.30121,2474.78433,-0.61069,97.15658,7.204270797,2.683780428,0
7.37402,22.37155,47.26037,2470.9133,-0.65082,97.16242,7.223116922,2.690801105,0
7.36989,22.40463,47.21702,2467.04112,-0.69043,97.16826,7.244530454,2.698778209,0
7.36577,22.43765,47.1712,2463.16623,-0.72943,97.17408,7.268479376,2.707699813,0
7.36166,22.47062,47.12297,2459.28706,-0.76775,97.17989,7.29492775,2.717552528,0
7.35754,22.50353,47.07237,2455.40203,-0.80528,97.18569,7.323835557,2.728321447,0
7.35343,22.5364,47.01946,2451.50956,-0.84194,97.19148,7.355158529,2.739990078,0
7.34932,22.56921,46.96432,2447.60811,-0.87765,97.19726,7.388847966,2.75254028,0
7.34522,22.60196,46.90701,2443.6961,-0.91232,97.20303,7.424850553,2.765952191,0
7.34112,22.63467,46.84762,2439.77198,-0.94586,97.20878,7.463108166,2.780204158,0
7.33702,22.66732,46.78622,2435.83422,-0.9782,97.21453,7.503557677,2.795272665,0
7.33293,22.69991,46.7229,2431.88129,-1.00925,97.22026,7.54613077,2.811132263,0
7.32884,22.73246,46.65775,2427.9117,-1.03894,97.22599,7.590753745,2.827755495,0
7.32475,22.76495,46.59086,2423.92397,-1.06719,97.2317,7.637347343,2.845112836,0
7.32067,22.79738,46.52234,2419.91664,-1.09394,97.2374,7.685826577,2.863172626,0
7.31659,22.82976,46.45229,2415.8883,-1.11911,97.24309,7.736100583,2.881901016,0
7.31251,22.86209,46.38083,2411.83757,-1.14263,97.24877,7.788072481,2.901261916,0
7.30844,22.89436,46.30805,2407.76309,-1.16445,97.25444,7.841639272,2.921216955,0
7.30437,22.92657,46.23407,2403.66357,-1.18449,97.2601,7.896691754,2.941725453,0
7.3003,22.95873,46.15902,2399.53776,-1.20272,97.26575,7.953114472,2.9627444,0
7.29624,22.99084,46.08302,2395.38445,-1.21906,97.27139,8.010785709,2.984228453,0
7.29218,23.02288,46.00618,2391.2025,-1.23349,97.27702,8.069577511,3.006129946,0
7.28813,23.05487,45.92863,2386.99083,-1.24594,97.28263,8.129355763,3.028398918,0
7.28408,23.08681,45.85051,2382.74842,-1.25639,97.28824,8.18998031,3.050983157,0
7.28003,23.11869,45.77194,2378.47433,-1.2648,97.29383,8.251305133,3.073828267,0
7.27599,23.1505,45.69305,2374.16769,-1.27115,97.29941,8.313178578,3.096877753,0
7.27196,23.18226,45.61398,2369.82771,-1.2754,97.30499,8.375443653,3.120073132,0
7.26792,23.21397,45.53486,2365.45368,-1.27754,97.31055,8.437938368,3.143354058,0
7.26389,23.24561,45.45581,2361.04499,-1.27756,97.3161,8.500496163,3.166658482,0
7.25987,23.27719,45.37698,2356.60111,-1.27545,97.32164,8.562946377,3.18992283,0
7.25585,23.30871,45.29849,2352.1216,-1.27121,97.32717,8.625114795,3.213082202,0
7.25184,23.34018,45.22047,2347.60614,-1.26485,97.33269,8.686824258,3.2360706,0
7.24783,23.37158,45.14307,2343.0545,-1.25639,97.3382,8.747895329,3.258821181,0
7.24382,23.40292,45.06639,2338.46655,-1.24584,97.3437,8.808147027,3.281266524,0
7.23982,23.4342,44.99058,2333.84227,-1.23322,97.34919,8.867397609,3.303338925,0
7.23582,23.46541,44.91575,2329.18176,-1.21858,97.35467,8.925465412,3.324970709,0
7.23183,23.49657,44.84202,2324.48522,-1.20194,97.36014,8.982169738,3.346094563,0
7.22785,23.52766,44.76951,2319.75296,-1.18337,97.36559,9.037331776,3.366643873,0
7.22387,23.55868,44.69833,2314.9854,-1.1629,97.37104,9.090775561,3.386553089,0
7.21989,23.58965,44.62859,2310.18308,-1.1406,97.37648,9.142328952,3.405758084,0
7.21592,23.62054,44.5604,2305.34666,-1.11654,97.3819,9.191824632,3.424196527,0
7.21196,23.65138,44.49386,2300.47688,-1.09079,97.38732,9.239101101,3.441808255,0
7.208,23.68214,44.42905,2295.57461,-1.06343,97.39272,9.284003671,3.458535644,0
7.20405,23.71285,44.36608,2290.64082,-1.03454,97.39812,9.326385444,3.47432397,0
7.2001,23.74348,44.30501,2285.67659,-1.00422,97.4035,9.366108259,3.489121764,0
7.19616,23.77405,44.24592,2280.68308,-0.97255,97.40887,9.403043595,3.502881148,0
7.19222,23.80455,44.1889,2275.66155,-0.93965,97.41424,9.437073434,3.515558159,0
7.18829,23.83498,44.13399,2270.61336,-0.90562,97.41959,9.468091057,3.527113039,0
7.18436,23.86535,44.08125,2265.53995,-0.87057,97.42493,9.496001764,3.537510512,0
7.18045,23.89565,44.03073,2260.44282,-0.83461,97.43026,9.520723522,3.546720017,0
7.17653,23.92588,43.98248,2255.32358,-0.79786,97.43558,9.54218752,3.554715921,0
7.17263,23.95604,43.93653,2250.18386,-0.76045,97.44089,9.560338628,3.561477687,0
7.16873,23.98613,43.8929,2245.02539,-0.7225,97.44619,9.575135753,3.566990005,0
7.16483,24.01615,43.85161,2239.84991,-0.68414,97.45148,9.586552091,3.571242891,0
7.16094,24.0461,43.81267,2234.65923,-0.64548,97.45676,9.594575268,3.574231736,0
7.15706,24.07599,43.77608,2229.4552,-0.60667,97.46203,9.599207371,3.575957316,0
7.15318,24.1058,43.74185,2224.23968,-0.56783,97.46729,9.600464865,3.576425766,0
7.14932,24.13554,43.70995,2219.01455,-0.52909,97.47253,9.598378404,3.575648504,0
7.14545,24.16521,43.68037,2213.78172,-0.49057,97.47777,9.592992537,3.573642127,0
7.1416,24.19481,43.65307,2208.54308,-0.45242,97.483,9.584365306,3.570428256,0
7.13775,24.22435,43.62804,2203.30054,-0.41474,97.48821,9.572567756,3.566033359,0
7.1339,24.25381,43.60521,2198.05597,-0.37767,97.49342,9.557683353,3.560488527,0
7.13006,24.2832,43.58455,2192.81126,-0.34133,97.49861,9.53980732,3.553829234,0
7.12623,24.31252,43.566,2187.56823,-0.30584,97.5038,9.519045905,3.546095061,0
7.12241,24.34177,43.5495,2182.3287,-0.2713,97.50897,9.495515586,3.537329398,0
7.11859,24.37094,43.53498,2177.09444,-0.23783,97.51414,9.46934222,3.52757913,0
7.11478,24.40005,43.52237,2171.86718,-0.20554,97.51929,9.440660164,3.51689431,0
7.11098,24.42909,43.51158,2166.64858,-0.17453,97.52443,9.409611349,3.505327809,0
7.10718,24.45806,43.50254,2161.44026,-0.1449,97.52956,9.376344344,3.492934975,0
7.10339,24.48695,43.49515,2156.24379,-0.11672,97.53468,9.341013412,3.479773273,0
7.0996,24.51578,43.48933,2151.06064,-0.0901,97.53979,9.303777557,3.465901937,0
7.09582,24.54454,43.48497,2145.89226,-0.06511,97.54489,9.264799589,3.451381618,0
7.09205,24.57323,43.48198,2140.73997,-0.04182,97.54998,9.224245204,3.436274043,0
7.08829,24.60184,43.48025,2135.60507,-0.02031,97.55506,9.182282088,3.420641678,0
7.08453,24.63039,43.47967,2130.48875,-0.00062,97.56013,9.139079056,3.404547412,0
7.08077,24.65887,43.48014,2125.39212,0.01717,97.56519,9.094805233,3.388054248,0
7.07703,24.68729,43.48154,2120.31622,0.03304,97.57023,9.049629269,3.371225013,0
7.07329,24.71563,43.48377,2115.262,0.04692,97.57527,9.003718614,3.354122086,0
7.06956,24.7439,43.4867,2110.23034,0.0588,97.58029,8.957238843,3.336807148,0
7.06583,24.77211,43.49023,2105.22202,0.06864,97.58531,8.910353022,3.319340946,0
7.06211,24.80025,43.49423,2100.23774,0.07641,97.59031,8.863221152,3.301783085,0
7.0584,24.82832,43.49859,2095.27812,0.08211,97.59531,8.81599965,3.284191832,0
7.05469,24.85633,43.5032,2090.34369,0.08572,97.60029,8.768840895,3.266623955,0
7.05099,24.88427,43.50794,2085.43492,0.08724,97.60526,8.721892831,3.249134566,0
7.04729,24.91214,43.51269,2080.55216,0.08668,97.61022,8.675298624,3.231776998,0
7.0436,24.93995,43.51734,2075.69571,0.08404,97.61517,8.629196364,3.214602693,0
7.03992,24.96769,43.52178,2070.8658,0.07933,97.62011,8.583718829,3.197661115,0
7.03625,24.99537,43.52591,2066.06254,0.07259,97.62504,8.538993292,3.180999676,0
7.03258,25.02298,43.5296,2061.286,0.06382,97.62996,8.495141367,3.16466368,0
7.02891,25.05053,43.53276,2056.53617,0.05307,97.63487,8.452278906,3.148696285,0
7.02525,25.07802,43.53528,2051.81296,0.04037,97.63977,8.410515926,3.133138476,0
7.0216,25.10544,43.53706,2047.11623,0.02576,97.64465,8.369956579,3.118029052,0
7.01796,25.1328,43.53801,2042.44574,0.00928,97.64953,8.330699143,3.103404625,0
7.01432,25.16009,43.53803,2037.80121,-0.00901,97.65439,8.292836048,3.089299626,0
7.01068,25.18732,43.53702,2033.1823,-0.02907,97.65925,8.256453923,3.075746327,0
7.00705,25.21449,43.5349,2028.58858,-0.05083,97.66409,8.221633664,3.062774864,0
7.00343,25.2416,43.53159,2024.01959,-0.07423,97.66893,8.188450516,3.050413268,0
6.99982,25.26865,43.52701,2019.47481,-0.0992,97.67375,8.156974175,3.038687503,0
6.99621,25.29564,43.52108,2014.95366,-0.12569,97.67856,8.127268896,3.027621505,0
6.9926,25.32256,43.51373,2010.45549,-0.15362,97.68336,8.099393609,3.017237227,0
6.989,25.34943,43.50489,2005.97964,-0.18291,97.68815,8.07340204,3.007554684,0
6.98541,25.37623,43.49449,2001.52536,-0.21348,97.69293,8.049342841,2.998591999,0
6.98182,25.40297,43.48249,1997.09189,-0.24527,97.6977,8.02725971,2.990365452,0
6.97824,25.42966,43.46883,1992.6784,-0.27817,97.70246,8.007191516,2.982889521,0
6.97467,25.45628,43.45346,1988.28403,-0.31212,97.70721,7.989172421,2.976176935,0
6.9711,25.48285,43.43632,1983.90789,-0.34703,97.71194,7.973231995,2.970238706,0
6.96753,25.50936,43.41739,1979.54903,-0.3828,97.71667,7.959395321,2.965084181,0
6.96398,25.53581,43.39664,1975.20649,-0.41935,97.72139,7.947683101,2.960721071,0
6.96042,25.5622,43.37402,1970.87925,-0.45659,97.72609,7.938111745,2.957155489,0
6.95688,25.58853,43.34951,1966.56628,-0.49443,97.73079,7.930693452,2.95439198,0
6.95333,25.6148,43.3231,1962.26652,-0.53277,97.73547,7.925436287,2.952433548,0
6.9498,25.64102,43.29477,1957.97886,-0.57152,97.74014,7.922344238,2.951281678,0
6.94627,25.66717,43.26451,1953.70221,-0.61059,97.74481,7.921417268,2.950936357,0
6.94274,25.69327,43.23231,1949.4354,-0.64987,97.74946,7.922651357,2.951396088,0
6.93922,25.71932,43.19817,1945.17729,-0.68929,97.7541,7.926038529,2.952657899,0
6.93571,25.7453,43.16211,1940.92669,-0.72873,97.75873,7.931566867,2.95471735,0
6.9322,25.77123,43.12412,1936.6824,-0.76811,97.76336,7.939220527,2.95756854,0
6.9287,25.7971,43.08423,1932.44323,-0.80734,97.76797,7.948979731,2.9612041,0
6.9252,25.82291,43.04244,1928.20793,-0.84631,97.77257,7.960820762,2.965615196,0
6.92171,25.84867,42.99879,1923.97529,-0.88493,97.77716,7.974715938,2.970791514,0
6.91823,25.87437,42.95331,1919.74406,-0.92312,97.78174,7.990633593,2.97672126,0
6.91475,25.90001,42.90602,1915.51301,-0.96077,97.78631,8.008538042,2.983391138,0
6.91127,25.92559,42.85697,1911.28088,-0.9978,97.79087,8.028389548,2.990786346,0
6.90781,25.95112,42.80619,1907.04643,-1.03412,97.79541,8.05014428,2.998890556,0
6.90434,25.97659,42.75373,1902.80842,-1.06964,97.79995,8.073754278,3.007685902,0
6.90089,26.002,42.69964,1898.56561,-1.10428,97.80448,8.099167407,3.017152961,0
6.89743,26.02736,42.64398,1894.31679,-1.13794,97.809,8.126327328,3.027270746,0
6.89399,26.05266,42.5868,1890.06072,-1.17056,97.81351,8.155173459,3.038016689,0
6.89055,26.0779,42.52816,1885.79621,-1.20204,97.81801,8.18564095,3.049366631,0
6.88712,26.10308,42.46814,1881.52208,-1.23231,97.82249,8.217660666,3.061294818,0
6.88369,26.12821,42.40679,1877.23716,-1.2613,97.82697,8.251159179,3.073773895,0
6.88027,26.15328,42.3442,1872.94032,-1.28894,97.83144,8.286058775,3.086774913,0
6.87685,26.17829,42.28043,1868.63044,-1.31515,97.8359,8.322277472,3.10026733,0
6.87344,26.20324,42.21556,1864.30644,-1.33987,97.84035,8.359729059,3.114219032,0
6.87004,26.22813,42.14968,1859.96727,-1.36305,97.84478,8.398323157,3.128596349,0
6.86664,26.25297,42.08286,1855.61192,-1.38462,97.84921,8.437965294,3.143364088,0
6.86325,26.27774,42.01519,1851.23943,-1.40454,97.85363,8.478557013,3.158485572,0
6.85986,26.30246,41.94676,1846.84885,-1.42275,97.85804,8.519995998,3.173922684,0
6.85648,26.32712,41.87765,1842.4393,-1.4392,97.86244,8.562176233,3.189635931,0
6.85311,26.35171,41.80796,1838.00997,-1.45387,97.86683,8.60498819,3.205584512,0
6.84974,26.37625,41.73778,1833.56005,-1.46671,97.87121,8.648319045,3.221726395,0
6.84638,26.40073,41.6672,1829.08884,-1.47769,97.87558,8.692052925,3.238018416,0
6.84302,26.42515,41.59631,1824.59566,-1.48679,97.87994,8.736071196,3.25441638,0
6.83968,26.44951,41.5252,1820.07991,-1.494,97.88429,8.780252769,3.270875179,0
6.83633,26.47381,41.45398,1815.54105,-1.4993,97.88863,8.824474456,3.287348921,0
6.833,26.49804,41.38272,1810.9786,-1.50267,97.89296,8.868611345,3.303791073,0
6.82967,26.52222,41.31154,1806.39217,-1.50413,97.89728,8.912537215,3.320154616,0
6.82635,26.54633,41.24051,1801.78141,-1.50367,97.90159,8.956124977,3.336392204,0
6.82303,26.57038,41.16973,1797.14607,-1.5013,97.90589,8.999247148,3.352456347,0
6.81972,26.59437,41.09928,1792.48596,-1.49704,97.91019,9.041776346,3.368299592,0
6.81642,26.6183,41.02927,1787.80097,-1.49092,97.91447,9.083585815,3.383874719,0
6.81313,26.64216,40.95976,1783.09107,-1.48296,97.91875,9.124549964,3.399134943,0
6.80984,26.66596,40.89086,1778.35631,-1.47319,97.92301,9.164544933,3.414034121,0
6.80656,26.6897,40.82263,1773.59679,-1.46166,97.92727,9.20344916,3.428526969,0
6.80328,26.71337,40.75516,1768.81274,-1.44841,97.93151,9.241143963,3.442569275,0
6.80002,26.73698,40.68853,1764.00442,-1.4335,97.93575,9.277514127,3.456118118,0
6.79676,26.76053,40.6228,1759.17219,-1.41698,97.93998,9.312448487,3.469132087,0
6.7935,26.78401,40.55804,1754.31649,-1.39892,97.9442,9.345840503,3.481571491,0
6.79026,26.80742,40.49433,1749.43782,-1.3794,97.94841,9.377588825,3.493398577,0
6.78702,26.83077,40.43172,1744.53676,-1.35848,97.95261,9.407597843,3.504577725,0
6.78379,26.85406,40.37027,1739.61397,-1.33624,97.9568,9.435778204,3.515075651,0
6.78057,26.87728,40.31004,1734.67016,-1.31277,97.96098,9.462047316,3.524861587,0
6.77735,26.90043,40.25106,1729.70614,-1.28816,97.96515,9.486329799,3.53390745,0
6.77414,26.92351,40.1934,1724.72274,-1.26251,97.96932,9.508557916,3.542188009,0
6.77094,26.94653,40.13707,1719.72088,-1.23591,97.97347,9.528671947,3.549681015,0
6.76775,26.96949,40.08213,1714.70153,-1.20846,97.97762,9.546620523,3.556367332,0
6.76456,26.99237,40.02859,1709.66571,-1.18027,97.98176,9.562360904,3.562231037,0
6.76138,27.01519,39.97649,1704.61448,-1.15144,97.98588,9.575859205,3.56725951,0
6.75821,27.03794,39.92583,1699.54896,-1.12209,97.99,9.587090569,3.571443488,0
6.75505,27.06062,39.87664,1694.4703,-1.09233,97.99411,9.596039272,3.574777116,0
6.7519,27.08323,39.82893,1689.37969,-1.06227,97.99821,9.60269878,3.577257958,0
6.74875,27.10578,39.78269,1684.27834,-1.03202,98.00231,9.607071735,3.578886999,0
6.74561,27.12826,39.73792,1679.1675,-1.00169,98.00639,9.609169891,3.579668617,0
6.74248,27.15067,39.69462,1674.04842,-0.97142,98.01046,9.609013982,3.579610537,0
6.73936,27.17301,39.65277,1668.9224,-0.9413,98.01453,9.606633542,3.57872376,0
6.73624,27.19528,39.61236,1663.7907,-0.91145,98.01858,9.602066669,3.57702248,0
6.73313,27.21749,39.57336,1658.65462,-0.88199,98.02263,9.595359726,3.574523967,0
6.73004,27.23962,39.53575,1653.51547,-0.85303,98.02667,9.586567015,3.571248451,0
6.72694,27.26169,39.4995,1648.37452,-0.82467,98.0307,9.575750386,3.567218972,0
6.72386,27.28368,39.46457,1643.23305,-0.79703,98.03472,9.56297882,3.562461227,0
6.72079,27.30561,39.43091,1638.09233,-0.7702,98.03873,9.548327972,3.557003401,0
6.71772,27.32747,39.39849,1632.95361,-0.74429,98.04273,9.531879684,3.550875981,0
6.71466,27.34926,39.36726,1627.81812,-0.7194,98.04672,9.513721478,3.544111572,0
6.71161,27.37099,39.33716,1622.68705,-0.69562,98.0507,9.493946019,3.536744693,0
6.70857,27.39264,39.30814,1617.56157,-0.67303,98.05468,9.472650574,3.528811579,0
6.70553,27.41423,39.28014,1612.44282,-0.65173,98.05864,9.44993646,3.520349974,0
6.70251,27.43574,39.2531,1607.33189,-0.63179,98.0626,9.425908478,3.511398919,0
6.69949,27.45719,39.22695,1602.22986,-0.61329,98.06654,9.400674362,3.501998547,0
6.69648,27.47857,39.20163,1597.13773,-0.5963,98.07048,9.374344224,3.492189877,0
6.69348,27.49988,39.17706,1592.05648,-0.58088,98.07441,9.347030005,3.482014612,0
6.69048,27.52113,39.15318,1586.98703,-0.5671,98.07833,9.318844951,3.471514938,0
6.6875,27.5423,39.12991,1581.93026,-0.555,98.08224,9.289903093,3.460733334,0
6.68452,27.56341,39.10719,1576.887,-0.54463,98.08614,9.260318751,3.449712388,0
6.68155,27.58445,39.08492,1571.85802,-0.53604,98.09003,9.230206064,3.43849462,0
6.67859,27.60542,39.06304,1566.84403,-0.52926,98.09391,9.19967854,3.427122314,0
6.67563,27.62633,39.04148,1561.8457,-0.52433,98.09778,9.168848629,3.415637361,0
6.67269,27.64717,39.02014,1556.86364,-0.52126,98.10164,9.137827331,3.404081111,0
6.66975,27.66794,38.99896,1551.89841,-0.52008,98.1055,9.106723825,3.392494237,0
6.66682,27.68865,38.97785,1546.9505,-0.52079,98.10934,9.075645133,3.380916607,0
6.6639,27.70929,38.95675,1542.02034,-0.52341,98.11317,9.04469581,3.369387169,0
6.66098,27.72986,38.93557,1537.10833,-0.52793,98.117,9.013977659,3.35794385,0
6.65808,27.75037,38.91424,1532.21478,-0.53435,98.12082,8.983589485,3.346623456,0
6.65518,27.77081,38.89268,1527.33998,-0.54267,98.12462,8.953626866,3.335461592,0
6.65229,27.79119,38.87081,1522.48412,-0.55285,98.12842,8.924181958,3.324492589,0
6.64941,27.8115,38.84858,1517.64738,-0.56489,98.1322,8.895343322,3.313749438,0
6.64653,27.83175,38.8259,1512.82985,-0.57876,98.13598,8.867195779,3.303263737,0
6.64367,27.85193,38.80271,1508.0316,-0.59442,98.13975,8.839820283,3.293065645,0
6.64081,27.87205,38.77895,1503.2526,-0.61184,98.14351,8.813293823,3.283183841,0
6.63796,27.8921,38.75454,1498.49282,-0.63098,98.14726,8.787689338,3.273645496,0
6.63511,27.91209,38.72942,1493.75215,-0.65179,98.151,8.763075655,3.264476252,0
6.63228,27.93202,38.70354,1489.03044,-0.67422,98.15473,8.73951744,3.255700197,0
6.62945,27.95188,38.67684,1484.32748,-0.69822,98.15845,8.717075167,3.24733986,0
6.62663,27.97168,38.64926,1479.64302,-0.72373,98.16216,8.695805102,3.239416201,0
6.62382,27.99142,38.62075,1474.97678,-0.75069,98.16586,8.67575929,3.231948608,0
6.62101,28.0111,38.59127,1470.32841,-0.77903,98.16955,8.656985565,3.224954902,0
6.61822,28.03071,38.56076,1465.69753,-0.80869,98.17323,8.639527558,3.218451335,0
6.61543,28.05026,38.5292,1461.08373,-0.8396,98.1769,8.623424716,3.212452603,0
6.61264,28.06975,38.49652,1456.48654,-0.87167,98.18056,8.608712331,3.206971852,0
6.60987,28.08918,38.46271,1451.90547,-0.90484,98.18422,8.595421566,3.202020692,0
6.6071,28.10854,38.42773,1447.33997,-0.93901,98.18786,8.583579491,3.197609208,0
6.60434,28.12785,38.39155,1442.78948,-0.97412,98.19149,8.573209121,3.193745972,0
6.60159,28.14709,38.35414,1438.2534,-1.01007,98.19511,8.564329451,3.190438061,0
6.59884,28.16627,38.31548,1433.7311,-1.04679,98.19873,8.556955497,3.18769107,0
6.59611,28.1854,38.27555,1429.22191,-1.08418,98.20233,8.551098338,3.185509124,0
6.59338,28.20446,38.23434,1424.72514,-1.12215,98.20593,8.546765156,3.1838949,0
6.59065,28.22346,38.19184,1420.24007,-1.16062,98.20951,8.543959272,3.182849634,0
6.58794,28.2424,38.14804,1415.76598,-1.19949,98.21309,8.542680191,3.182373143,0
6.58523,28.26128,38.10293,1411.3021,-1.23868,98.21665,8.542923637,3.182463833,0
6.58253,28.2801,38.05651,1406.84764,-1.27809,98.22021,8.544681593,3.183118718,0
6.57984,28.29886,38.00879,1402.40181,-1.31762,98.22375,8.547942339,3.184333431,0
6.57715,28.31756,37.95977,1397.9638,-1.3572,98.22729,8.552690489,3.186102242,0
6.57447,28.3362,37.90946,1393.53278,-1.39672,98.23082,8.558907026,3.188418066,0
6.5718,28.35479,37.85788,1389.1079,-1.4361,98.23434,8.566569346,3.191272482,0
6.56914,28.37331,37.80503,1384.68832,-1.47524,98.23784,8.575651292,3.194655745,0
6.56648,28.39177,37.75094,1380.27319,-1.51405,98.24134,8.586123195,3.198556805,0
6.56383,28.41018,37.69563,1375.86163,-1.55245,98.24483,8.59795192,3.202963316,0
6.56119,28.42852,37.63912,1371.4528,-1.59035,98.24831,8.61110091,3.207861661,0
6.55856,28.44681,37.58145,1367.04581,-1.62767,98.25178,8.625530237,3.213236965,0
6.55593,28.46503,37.52264,1362.63982,-1.66431,98.25525,8.641196654,3.219073117,0
6.55331,28.4832,37.46273,1358.23396,-1.70021,98.2587,8.658053661,3.225352796,0
6.5507,28.5013,37.40176,1353.82739,-1.73528,98.26214,8.676051565,3.232057489,0
6.5481,28.51935,37.33976,1349.41924,-1.76944,98.26557,8.695137561,3.239167524,0
6.5455,28.53734,37.27677,1345.00871,-1.80262,98.269,8.715255811,3.246662102,0
6.54291,28.55527,37.21284,1340.59496,-1.83475,98.27241,8.736347539,3.254519325,0
6.54033,28.57314,37.14802,1336.1772,-1.86576,98.27582,8.75835113,3.262716242,0
6.53776,28.59095,37.08235,1331.75464,-1.8956,98.27922,8.781202251,3.271228886,0
6.53519,28.6087,37.01588,1327.32653,-1.92419,98.2826,8.804833968,3.280032322,0
6.53263,28.62639,36.94866,1322.89211,-1.95148,98.28598,8.829176893,3.289100702,0
6.53008,28.64403,36.88075,1318.45068,-1.97743,98.28935,8.854159329,3.298407317,0
6.52753,28.6616,36.8122,1314.00156,-2.00198,98.29271,8.879707442,3.307924661,0
6.525,28.67911,36.74306,1309.54408,-2.02508,98.29606,8.905745438,3.3176245,0
6.52247,28.69656,36.67339,1305.07762,-2.04671,98.29941,8.932195757,3.32747794,0
6.51995,28.71396,36.60325,1300.6016,-2.06682,98.30274,8.958979285,3.337455508,0
6.51743,28.73129,36.53269,1296.11547,-2.08539,98.30607,8.986015574,3.347527237,0
6.51493,28.74856,36.46178,1291.61871,-2.1024,98.30938,9.013223085,3.357662751,0
6.51243,28.76578,36.39056,1287.11084,-2.11781,98.31269,9.040519438,3.367831361,0
6.50994,28.78293,36.3191,1282.59144,-2.13163,98.31599,9.067821675,3.378002163,0
6.50746,28.80002,36.24746,1278.06012,-2.14384,98.31928,9.095046544,3.388144143,0
6.50498,28.81705,36.17569,1273.51654,-2.15444,98.32256,9.122110781,3.398226283,0
6.50251,28.83402,36.10385,1268.96039,-2.16343,98.32584,9.148931416,3.408217675,0
6.50006,28.85093,36.032,1264.39144,-2.17082,98.3291,9.175426079,3.418087634,0
6.4976,28.86777,35.96019,1259.80949,-2.17663,98.33236,9.201513315,3.427805816,0
6.49516,28.88456,35.88848,1255.21438,-2.18088,98.33561,9.227112908,3.437342338,0
6.49273,28.90129,35.81691,1250.60601,-2.18358,98.33885,9.252146201,3.446667899,0
6.4903,28.91795,35.74554,1245.98434,-2.18478,98.34208,9.276536429,3.4557539,0
6.48788,28.93455,35.67443,1241.34937,-2.1845,98.34531,9.300209037,3.464572569,0
6.48547,28.95109,35.60361,1236.70114,-2.18279,98.34852,9.323092007,3.473097078,0
6.48307,28.96757,35.53313,1232.03977,-2.17971,98.35173,9.345116173,3.481301659,0
6.48067,28.98398,35.46304,1227.3654,-2.17529,98.35493,9.366215531,3.489161725,0
6.47828,29.00033,35.39338,1222.67824,-2.16959,98.35812,9.386327535,3.496653976,0
6.47591,29.01662,35.32419,1217.97854,-2.16269,98.3613,9.405393381,3.503756505,0
6.47354,29.03285,35.25551,1213.26661,-2.15464,98.36448,9.423358283,3.510448904,0
6.47117,29.04901,35.18736,1208.54279,-2.14553,98.36764,9.440171717,3.51671235,0
6.46882,29.06511,35.11978,1203.80747,-2.13541,98.3708,9.455787657,3.522529699,0
6.46647,29.08115,35.0528,1199.06109,-2.12437,98.37395,9.470164789,3.527885559,0
6.46414,29.09713,34.98645,1194.30413,-2.11251,98.3771,9.483266688,3.532766361,0
6.46181,29.11304,34.92074,1189.53711,-2.09989,98.38023,9.495061987,3.53716042,0
6.45949,29.12888,34.85569,1184.76059,-2.08661,98.38336,9.505524507,3.541057984,0
6.45718,29.14467,34.79133,1179.97517,-2.07277,98.38648,9.514633364,3.544451273,0
6.45487,29.16039,34.72766,1175.18147,-2.05845,98.38959,9.522373043,3.547334507,0
6.45258,29.17604,34.6647,1170.38015,-2.04376,98.39269,9.528733447,3.549703925,0
6.45029,29.19163,34.60245,1165.5719,-2.02879,98.39579,9.53370991,3.551557788,0
6.44802,29.20716,34.54091,1160.75744,-2.01365,98.39888,9.537303187,3.552896379,0
6.44575,29.22263,34.48009,1155.9375,-1.99843,98.40196,9.539519409,3.55372198,0
6.44349,29.23802,34.41998,1151.11285,-1.98323,98.40503,9.540370005,3.554038849,0
6.44123,29.25336,34.36058,1146.28427,-1.96815,98.40809,9.539871608,3.553853183,0
6.43899,29.26863,34.30187,1141.45253,-1.9533,98.41115,9.538045916,3.553173065,0
6.43676,29.28384,34.24385,1136.61846,-1.93878,98.4142,9.534919545,3.552008409,0
6.43453,29.29898,34.1865,1131.78286,-1.92468,98.41724,9.53052384,3.550370894,0
6.43231,29.31405,34.12981,1126.94654,-1.9111,98.42027,9.524894677,3.548273882,0
6.4301,29.32907,34.07375,1122.11035,-1.89815,98.4233,9.518072236,3.545732343,0
6.4279,29.34401,34.0183,1117.27509,-1.8859,98.42631,9.510100754,3.542762757,0
6.42571,29.3589,33.96344,1112.4416,-1.87446,98.42932,9.501028271,3.539383018,0
6.42353,29.37372,33.90913,1107.61068,-1.86392,98.43232,9.490906349,3.535612336,0
6.42136,29.38847,33.85535,1102.78315,-1.85436,98.43532,9.479789786,3.531471124,0
6.41919,29.40316,33.80206,1097.9598,-1.84586,98.4383,9.467736322,3.526980891,0
6.41703,29.41779,33.74924,1093.14143,-1.8385,98.44128,9.454806328,3.522164128,0
6.41489,29.43235,33.69684,1088.32881,-1.83237,98.44425,9.441062502,3.517044191,0
6.41275,29.44685,33.64482,1083.52268,-1.82752,98.44721,9.426569551,3.511645186,0
6.41062,29.46128,33.59316,1078.7238,-1.82402,98.45016,9.411393882,3.50599185,0
6.4085,29.47565,33.5418,1073.93287,-1.82195,98.45311,9.395603287,3.500109438,0
6.40638,29.48995,33.49071,1069.15058,-1.82135,98.45604,9.379266633,3.494023604,0
6.40428,29.50419,33.43985,1064.37761,-1.82228,98.45897,9.362453559,3.487760292,0
6.40218,29.51837,33.38916,1059.61459,-1.82479,98.46189,9.345234181,3.48134562,0
6.40009,29.53249,33.33861,1054.86215,-1.82892,98.46481,9.327678798,3.474805778,0
6.39802,29.54654,33.28815,1050.12086,-1.83471,98.46771,9.309857614,3.468166918,0
6.39595,29.56052,33.23773,1045.39127,-1.84218,98.47061,9.291840471,3.461455058,0
6.39389,29.57445,33.18731,1040.67392,-1.85137,98.47349,9.273696587,3.454695984,0
6.39183,29.58831,33.13685,1035.96929,-1.8623,98.47637,9.255494316,3.44791516,0
6.38979,29.60211,33.0863,1031.27785,-1.87498,98.47924,9.237300911,3.441137637,0
6.38775,29.61584,33.03561,1026.6,-1.88942,98.48211,9.219182307,3.434387981,0
6.38573,29.62952,32.98474,1021.93616,-1.90563,98.48496,9.201202916,3.427690184,0
6.38371,29.64313,32.93365,1017.28666,-1.92361,98.48781,9.183425437,3.421067606,0
6.3817,29.65667,32.88229,1012.65182,-1.94335,98.49065,9.165910678,3.414542897,0
6.3797,29.67016,32.83061,1008.03194,-1.96484,98.49347,9.148717391,3.408137946,0
6.37771,29.68359,32.77859,1003.42726,-1.98807,98.49629,9.131902129,3.401873818,0
6.37572,29.69695,32.72617,998.83799,-2.01301,98.49911,9.115519102,3.395770709,0
0.04542,0.04542,58.92577,4804.18059,-0.50503,45.0001,5.29297231,1.971771452,0
0.09081,0.09081,58.86199,4801.33944,-0.5094,45.00025,5.334352082,1.987186506,0
0.13617,0.13617,58.79774,4798.476,-0.51312,45.00044,5.376357743,2.00283472,0
0.18151,0.18151,58.7331,4795.5898,-0.51617,45.00068,5.418933368,2.01869526,0
0.22682,0.22682,58.66816,4792.68034,-0.51854,45.00097,5.462020297,2.034746275,0
0.2721,0.27211,58.60301,4789.74719,-0.52021,45.0013,5.505557146,2.050964897,0
0.31736,0.31737,58.53773,4786.78994,-0.52119,45.00168,5.549479835,2.067327254,0
0.36258,0.3626,58.47241,4783.80821,-0.52147,45.0021,5.593721632,2.083808488,0
0.40778,0.4078,58.40714,4780.80167,-0.52104,45.00257,5.638213216,2.100382773,0
0.45295,0.45298,58.34201,4777.77002,-0.5199,45.00308,5.682882757,2.117023353,0
0.49809,0.49812,58.27711,4774.71301,-0.51804,45.00364,5.727656014,2.133702569,0
0.54321,0.54325,58.21253,4771.6304,-0.51546,45.00425,5.772456455,2.150391912,0
0.58829,0.58834,58.14836,4768.52203,-0.51216,45.0049,5.817205401,2.167062072,0
0.63336,0.63339,58.08437,4765.38837,-0.51331,44.97305,5.862088814,2.183782324,-17.99999969
0.67842,0.67839,58.02032,4762.22975,-0.51378,44.94098,5.907299524,2.200624503,-17.99999969
0.72348,0.72333,57.95629,4759.04582,-0.51357,44.90868,5.952768252,2.217562801,-17.99999969
0.76853,0.76822,57.89237,4755.83629,-0.51267,44.87615,5.998422773,2.234570311,-17.99999969
0.81358,0.81305,57.82866,4752.6009,-0.51109,44.84338,6.044188506,2.251619251,-17.99999969
0.85863,0.85783,57.76522,4749.33944,-0.50882,44.81038,6.089988645,2.268681007,-17.99999969
0.90367,0.90255,57.70215,4746.05175,-0.50587,44.77715,6.135744288,2.285726188,-17.99999969
0.9487,0.94722,57.63954,4742.73768,-0.50223,44.74367,6.181374607,2.302724683,-17.99999969
0.99373,0.99183,57.57747,4739.39717,-0.4979,44.70996,6.226797025,2.319645729,-17.99999969
1.03876,1.03638,57.51601,4736.03018,-0.49289,44.67602,6.271927417,2.336457987,-17.99999969
1.08377,1.08087,57.45527,4732.63672,-0.48721,44.64184,6.316680332,2.353129625,-17.99999969
1.12879,1.12531,57.39531,4729.21687,-0.48086,44.60743,6.360969236,2.369628408,-17.99999969
1.1738,1.16969,57.33623,4725.77073,-0.47385,44.57279,6.40470677,2.38592179,-17.99999969
1.2188,1.21401,57.27809,4722.29848,-0.46619,44.53792,6.447805032,2.401977026,-17.99999969
1.2638,1.25827,57.22098,4718.80033,-0.4579,44.50283,6.490175869,2.417761278,-17.99999969
1.30879,1.30247,57.16498,4715.27656,-0.44898,44.46751,6.531731192,2.433241729,-17.99999969
1.35378,1.34661,57.11016,4711.72748,-0.43944,44.43198,6.572383303,2.44838571,-17.99999969
1.39876,1.3907,57.05659,4708.15348,-0.42932,44.39623,6.612045229,2.463160821,-17.99999969
1.44373,1.43472,57.00435,4704.55499,-0.41862,44.36028,6.650631081,2.477535066,-17.99999969
1.4887,1.47868,56.9535,4700.93249,-0.40736,44.32413,6.688056401,2.491476983,-17.99999969
1.53366,1.52258,56.9041,4697.2865,-0.39557,44.28777,6.724238536,2.50495578,-17.99999969
1.57861,1.56642,56.85623,4693.61763,-0.38326,44.25123,6.759096997,2.517941474,-17.99999969
1.62356,1.61019,56.80994,4689.92649,-0.37045,44.21451,6.792553833,2.530405026,-17.99999969
1.6685,1.65391,56.76528,4686.21377,-0.35719,44.17761,6.824533996,2.542318478,-17.99999969
1.71343,1.69756,56.72231,4682.48021,-0.34348,44.14054,6.854965696,2.553655087,-17.99999969
1.75836,1.74115,56.68108,4678.72657,-0.32936,44.10332,6.883780763,2.564389457,-17.99999969
1.80327,1.78467,56.64164,4674.95369,-0.31485,44.06594,6.910914978,2.574497667,-17.99999969
1.84818,1.82814,56.60403,4671.16242,-0.29999,44.02842,6.936308409,2.583957388,-17.99999969
1.89309,1.87154,56.56828,4667.35367,-0.28481,43.99077,6.959905713,2.592748004,-17.99999969
1.93798,1.91487,56.53444,4663.52837,-0.26933,43.953,6.981656432,2.600850719,-17.99999969
1.98287,1.95814,56.50253,4659.6875,-0.25359,43.91512,7.001515255,2.608248654,-17.99999969
2.02775,2.00135,56.47257,4655.83207,-0.23763,43.87713,7.019442265,2.614926936,-17.99999969
2.07262,2.0445,56.44461,4651.96312,-0.22147,43.83906,7.035403146,2.620872785,-17.99999969
2.11748,2.08758,56.41864,4648.0817,-0.20515,43.8009,7.049369376,2.626075573,-17.99999969
2.16233,2.13059,56.39468,4644.1889,-0.18872,43.76268,7.061318372,2.630526888,-17.99999969
2.20718,2.17354,56.37275,4640.28582,-0.17219,43.72439,7.071233617,2.634220578,-17.99999969
2.25201,2.21643,56.35284,4636.3736,-0.15562,43.68606,7.07910474,2.637152778,-17.99999969
2.29684,2.25925,56.33497,4632.45336,-0.13902,43.6477,7.084927572,2.639321936,-17.99999969
2.34165,2.30201,56.31912,4628.52626,-0.12245,43.60931,7.088704162,2.640728815,-17.99999969
2.38646,2.3447,56.30529,4624.59343,-0.10594,43.57091,7.090442753,2.641376486,-17.99999969
2.43126,2.38732,56.29346,4620.65603,-0.08952,43.5325,7.090157734,2.641270309,-17.99999969
2.47605,2.42989,56.28363,4616.71523,-0.07322,43.49411,7.087869548,2.6404179,-17.99999969
2.52083,2.47238,56.27576,4612.77216,-0.05709,43.45574,7.083604569,2.638829083,-17.99999969
2.5656,2.51481,56.26983,4608.82797,-0.04116,43.4174,7.077394952,2.636515837,-17.99999969
2.61036,2.55718,56.26581,4604.88378,-0.02547,43.37911,7.069278446,2.633492225,-17.99999969
2.65511,2.59949,56.26368,4600.94073,-0.01004,43.34087,7.059298182,2.629774314,-17.99999969
2.69985,2.64172,56.26338,4596.9999,0.0051,43.3027,7.047502437,2.625380089,-17.99999969
2.74458,2.6839,56.26489,4593.06237,0.0199,43.2646,7.033944364,2.62032935,-17.99999969
2.78929,2.72601,56.26815,4589.12921,0.03433,43.22659,7.018681717,2.614643612,-17.99999969
2.834,2.76805,56.27312,4585.20144,0.04838,43.18867,7.001776543,2.60834599,-17.99999969
2.8787,2.81003,56.27975,4581.28006,0.062,43.15086,6.983294865,2.601461079,-17.99999969
2.92339,2.85195,56.28797,4577.36606,0.07517,43.11316,6.963306353,2.594014832,-17.99999969
2.96806,2.89381,56.29774,4573.46035,0.08786,43.07558,6.941883982,2.586034435,-17.99999969
3.01273,2.9356,56.30899,4569.56386,0.10006,43.03814,6.919103682,2.577548174,-17.99999969
3.05738,2.97732,56.32166,4565.67745,0.11172,43.00084,6.895043991,2.568585306,-17.99999969
3.10203,3.01899,56.33568,4561.80194,0.12284,42.96368,6.869785697,2.559175927,-17.99999969
3.14666,3.06059,56.35098,4557.93812,0.13339,42.92667,6.843411491,2.549350841,-17.99999969
3.19128,3.10213,56.36749,4554.08674,0.14335,42.88983,6.816005614,2.539141431,-17.99999969
3.23589,3.14361,56.38514,4550.24851,0.1527,42.85315,6.787653519,2.52857953,-17.99999969
3.28049,3.18503,56.40385,4546.42408,0.16143,42.81664,6.758441536,2.517697298,-17.99999969
3.32507,3.22638,56.42354,4542.61407,0.16952,42.78031,6.728456552,2.506527102,-17.99999969
3.36965,3.26767,56.44414,4538.81905,0.17695,42.74416,6.697785697,2.495101401,-17.99999969
3.41421,3.30891,56.46556,4535.03954,0.18372,42.70819,6.666516047,2.483452634,-17.99999969
3.45877,3.35008,56.48774,4531.27604,0.18981,42.67242,6.634734346,2.471613114,-17.99999969
3.50331,3.39119,56.51057,4527.52896,0.19522,42.63684,6.602526739,2.459614933,-17.99999969
3.54784,3.43224,56.53399,4523.7987,0.19993,42.60145,6.569978521,2.447489866,-17.99999969
3.59236,3.47324,56.5579,4520.0856,0.20395,42.56626,6.537173911,2.435269285,-17.99999969
3.63686,3.51417,56.58223,4516.38996,0.20726,42.53127,6.504195838,2.422984086,-17.99999969
3.68136,3.55505,56.60689,4512.71203,0.20987,42.49648,6.471125747,2.410664606,-17.99999969
3.72584,3.59586,56.63179,4509.05201,0.21177,42.46189,6.438043424,2.398340571,-17.99999969
3.77031,3.63662,56.65686,4505.41008,0.21297,42.4275,6.405026841,2.386041025,-17.99999969
3.81477,3.67732,56.682,4501.78635,0.21346,42.39331,6.372152019,2.373794288,-17.99999969
3.85922,3.71797,56.70714,4498.1809,0.21324,42.35933,6.339492904,2.361627909,-17.99999969
3.90366,3.75855,56.7322,4494.59376,0.21233,42.32554,6.30712127,2.349568623,-17.99999969
3.94808,3.79909,56.75708,4491.02493,0.21072,42.29195,6.275106627,2.337642327,-17.99999969
3.9925,3.83956,56.78172,4487.47437,0.20842,42.25856,6.243516159,2.325874046,-17.99999969
4.0369,3.87998,56.80603,4483.942,0.20545,42.22536,6.212414661,2.31428792,-17.99999969
4.08129,3.92034,56.82993,4480.42769,0.20181,42.19235,6.181864506,2.302907183,-17.99999969
4.12566,3.96065,56.85335,4476.93129,0.1975,42.15953,6.151925612,2.291754158,-17.99999969
4.17003,4.00091,56.8762,4473.4526,0.19255,42.1269,6.122655435,2.280850246,-17.99999969
4.21438,4.0411,56.89842,4469.9914,0.18696,42.09444,6.094108957,2.270215932,-17.99999969
4.25873,4.08125,56.91994,4466.54743,0.18075,42.06217,6.066338702,2.259870781,-17.99999969
4.30306,4.12134,56.94067,4463.12039,0.17393,42.03006,6.039394746,2.249833449,-17.99999969
4.34738,4.16138,56.96056,4459.70996,0.16651,41.99812,6.013324745,2.240121688,-17.99999969
4.39168,4.20137,56.97953,4456.3158,0.15852,41.96635,5.988173969,2.230752362,-17.99999969
4.43598,4.2413,56.99752,4452.93751,0.14997,41.93474,5.963985336,2.22174146,-17.99999969
4.48026,4.28118,57.01448,4449.57469,0.14088,41.90327,5.940799461,2.213104111,-17.99999969
4.52453,4.32101,57.03033,4446.22689,0.13126,41.87196,5.918654698,2.204854604,-17.99999969
4.56879,4.36079,57.04501,4442.89367,0.12113,41.84078,5.897587199,2.197006406,-17.99999969
4.61304,4.40051,57.05849,4439.57453,0.11052,41.80974,5.877630963,2.189572183,-17.99999969
4.65728,4.44019,57.07069,4436.26896,0.09945,41.77882,5.858817895,2.182563821,-17.99999969
4.70151,4.47981,57.08157,4432.97643,0.08793,41.74803,5.841177863,2.175992445,-17.99999969
4.74572,4.51938,57.09108,4429.69638,0.07599,41.71735,5.824738755,2.169868444,-17.99999969
4.78992,4.5589,57.09918,4426.42825,0.06365,41.68677,5.809526535,2.164201492,-17.99999969
4.83411,4.59838,57.10582,4423.17143,0.05093,41.6563,5.795565304,2.159000566,-17.99999969
4.87829,4.6378,57.11096,4419.92532,0.03786,41.62592,5.782877347,2.154273969,-17.99999969
4.92246,4.67717,57.11457,4416.68928,0.02446,41.59562,5.771483196,2.150029347,-17.99999969
4.96661,4.71649,57.11661,4413.46266,0.01075,41.5654,5.76140167,2.146273713,-17.99999969
5.01076,4.75576,57.11705,4410.2448,-0.00324,41.53525,5.752649927,2.143013459,-17.99999969
5.05489,4.79499,57.11585,4407.03503,-0.01749,41.50516,5.74524351,2.140254374,-17.99999969
5.09901,4.83416,57.113,4403.83264,-0.03197,41.47513,5.73919638,2.138001659,-17.99999969
5.14312,4.87329,57.10848,4400.63693,-0.04665,41.44514,5.734520957,2.136259941,-17.99999969
5.18721,4.91237,57.10225,4397.44718,-0.06152,41.41518,5.731228149,2.135033283,-17.99999969
5.2313,4.95139,57.0943,4394.26266,-0.07655,41.38525,5.72932738,2.134325197,-17.99999969
5.27537,4.99037,57.08463,4391.08262,-0.0917,41.35535,5.728826608,2.134138646,-17.99999969
5.31944,5.02931,57.07322,4387.90631,-0.10696,41.32545,5.729732347,2.134476058,-17.99999969
5.36349,5.06819,57.06005,4384.73297,-0.1223,41.29556,5.732049674,2.135339323,-17.99999969
5.40753,5.10702,57.04514,4381.56181,-0.13769,41.26566,5.735782235,2.1367298,-17.99999969
5.45156,5.14581,57.02847,4378.39206,-0.15311,41.23574,5.740932251,2.138648316,-17.99999969
5.49557,5.18455,57.01004,4375.22294,-0.16852,41.20581,5.747500505,2.141095164,-17.99999969
5.53958,5.22324,56.98986,4372.05363,-0.1839,41.17584,5.755486342,2.144070098,-17.99999969
5.58357,5.26188,56.96794,4368.88335,-0.19924,41.14583,5.764887642,2.14757233,-17.99999969
5.62755,5.30047,56.94429,4365.71128,-0.21449,41.11576,5.775700811,2.15160052,-17.99999969
5.67152,5.33902,56.91892,4362.53662,-0.22963,41.08564,5.787920747,2.156152768,-17.99999969
5.71548,5.37751,56.89184,4359.35854,-0.24464,41.05546,5.801540813,2.161226601,-17.99999969
5.75942,5.41596,56.86309,4356.17624,-0.25949,41.02519,5.816552799,2.16681896,-17.99999969
5.80336,5.45436,56.83267,4352.98888,-0.27415,40.99484,5.832946885,2.172926189,-17.99999969
5.84728,5.49271,56.80061,4349.79567,-0.28861,40.9644,5.850711593,2.17954401,-17.99999969
5.89119,5.53102,56.76694,4346.59576,-0.30282,40.93385,5.869833743,2.186667514,-17.99999969
5.93509,5.56927,56.7317,4343.38836,-0.31678,40.9032,5.890298396,2.194291136,-17.99999969
5.97898,5.60748,56.69491,4340.17263,-0.33044,40.87242,5.9120888,2.202408634,-17.99999969
6.02285,5.64564,56.65662,4336.94778,-0.34379,40.84151,5.935186335,2.211013074,-17.99999969
6.06671,5.68374,56.61686,4333.71299,-0.3568,40.81047,5.959570447,2.220096797,-17.99999969
6.11057,5.7218,56.57567,4330.46747,-0.36946,40.77928,5.985218591,2.229651406,-17.99999969
6.1544,5.75981,56.5331,4327.21041,-0.38172,40.74794,6.012106163,2.239667734,-17.99999969
6.19823,5.79777,56.4892,4323.94104,-0.39358,40.71644,6.04020644,2.250135826,-17.99999969
6.24205,5.83568,56.44402,4320.65857,-0.405,40.68476,6.069490512,2.261044913,-17.99999969
6.28585,5.87355,56.3976,4317.36225,-0.41597,40.65291,6.099927222,2.272383389,-17.99999969
6.32964,5.91136,56.35,4314.05132,-0.42647,40.62088,6.131483103,2.284138785,-17.99999969
6.37342,5.94912,56.30129,4310.72504,-0.43647,40.58865,6.164122321,2.296297752,-17.99999969
6.41718,5.98683,56.25151,4307.38269,-0.44595,40.55623,6.197806617,2.308846039,-17.99999969
6.46094,6.02448,56.20073,4304.02357,-0.45489,40.52359,6.232495258,2.32176847,-17.99999969
6.50468,6.06209,56.14902,4300.64698,-0.46328,40.49075,6.268144988,2.335048933,-17.99999969
6.5484,6.09965,56.09643,4297.25226,-0.47109,40.45768,6.304709995,2.34867036,-17.99999969
6.59212,6.13715,56.04304,4293.83877,-0.47831,40.42439,6.34214187,2.362614718,-17.99999969
6.63582,6.17461,55.98892,4290.40588,-0.48492,40.39086,6.380389591,2.376863001,-17.99999969
6.67951,6.21201,55.93413,4286.95299,-0.49091,40.3571,6.419399503,2.391395219,-17.99999969
6.72319,6.24936,55.87875,4283.47954,-0.49626,40.32309,6.459115318,2.406190406,-17.99999969
6.76685,6.28665,55.82286,4279.98499,-0.50096,40.28884,6.499478122,2.421226612,-17.99999969
6.8105,6.32389,55.76652,4276.46882,-0.505,40.25433,6.540426391,2.436480919,-17.99999969
6.85414,6.36108,55.70981,4272.93056,-0.50836,40.21956,6.581896031,2.451929452,-17.99999969
6.89776,6.39821,55.65281,4269.36976,-0.51104,40.18454,6.623820423,2.467547391,-17.99999969
6.94137,6.43529,55.59559,4265.78602,-0.51303,40.14925,6.666130489,2.483309004,-17.99999969
6.98497,6.47232,55.53825,4262.17895,-0.51431,40.11368,6.70875477,2.49918767,-17.99999969
7.02855,6.50929,55.48084,4258.54824,-0.51489,40.07785,6.751619525,2.515155919,-17.99999969
7.07212,6.54621,55.42347,4254.89358,-0.51476,40.04175,6.794648847,2.531185473,-17.99999969
7.11567,6.58307,55.36619,4251.21473,-0.51392,40.00537,6.837764795,2.547247299,-17.99999969
7.15921,6.61987,55.3091,4247.51148,-0.51236,39.96871,6.880887547,2.563311658,-17.99999969
7.20274,6.65662,55.25227,4243.78367,-0.51008,39.93178,6.923935572,2.57934818,-17.99999969
7.24625,6.69331,55.19579,4240.03119,-0.5071,39.89457,6.96682582,2.595325926,-17.99999969
7.28975,6.72994,55.13972,4236.25395,-0.5034,39.85708,7.009473929,2.611213469,-17.99999969
7.33323,6.76651,55.08415,4232.45196,-0.499,39.81931,7.051794455,2.626978978,-17.99999969
7.3767,6.80303,55.02916,4228.62522,-0.4939,39.78127,7.093701119,2.642590313,-17.99999969
7.42015,6.83949,54.97483,4224.77383,-0.48811,39.74296,7.135107069,2.658015119,-17.99999969
7.46359,6.87589,54.92122,4220.89792,-0.48164,39.70437,7.175925156,2.673220931,-17.99999969
7.50701,6.91223,54.86841,4216.99767,-0.4745,39.66552,7.216068238,2.688175285,-17.99999969
7.55042,6.94851,54.81647,4213.07331,-0.4667,39.6264,7.255449481,2.702845834,-17.99999969
7.59381,6.98473,54.76548,4209.12512,-0.45827,39.58702,7.293982683,2.717200466,-17.99999969
7.63719,7.02089,54.7155,4205.15345,-0.44921,39.54739,7.33158261,2.731207428,-17.99999969
7.68055,7.05699,54.66659,4201.15869,-0.43955,39.5075,7.368165329,2.744835453,-17.99999969
7.72389,7.09303,54.61883,4197.14127,-0.42929,39.46737,7.403648562,2.758053891,-17.99999969
7.76722,7.12901,54.57227,4193.10169,-0.41848,39.427,7.437952035,2.770832837,-17.99999969
7.81053,7.16493,54.52697,4189.04049,-0.40712,39.38639,7.470997828,2.783143265,-17.99999969
7.85383,7.20078,54.48299,4184.95826,-0.39525,39.34556,7.502710728,2.794957154,-17.99999969
7.8971,7.23657,54.44038,4180.85563,-0.38289,39.30452,7.533018579,2.806247626,-17.99999969
7.94037,7.2723,54.39919,4176.7333,-0.37006,39.26326,7.56185262,2.816989065,-17.99999969
7.98361,7.30797,54.35947,4172.59198,-0.3568,39.2218,7.589147815,2.827157244,-17.99999969
8.02684,7.34357,54.32125,4168.43246,-0.34314,39.18015,7.614843176,2.836729442,-17.99999969
8.07005,7.37911,54.28459,4164.25553,-0.32911,39.13832,7.638882065,2.84568456,-17.99999969
8.11324,7.41459,54.24951,4160.06206,-0.31473,39.09632,7.661212479,2.854003227,-17.99999969
8.15642,7.45,54.21604,4155.85293,-0.30005,39.05415,7.681787315,2.861667895,-17.99999969
8.19958,7.48535,54.18422,4151.62906,-0.2851,39.01184,7.700564618,2.868662934,-17.99999969
8.24272,7.52064,54.15408,4147.39139,-0.26991,38.96938,7.717507792,2.874974713,-17.99999969
8.28584,7.55586,54.12562,4143.14091,-0.25452,38.92679,7.732585794,2.880591665,-17.99999969
8.32894,7.59102,54.09887,4138.87863,-0.23897,38.88409,7.745773295,2.885504356,-17.99999969
8.37203,7.62611,54.07383,4134.60556,-0.22329,38.84128,7.757050809,2.889705527,-17.99999969
8.41509,7.66113,54.05053,4130.32275,-0.20753,38.79837,7.766404796,2.893190133,-17.99999969
8.45814,7.6961,54.02895,4126.03126,-0.19171,38.75539,7.773827725,2.895955369,-17.99999969
8.50117,7.73099,54.00911,4121.73217,-0.17589,38.71233,7.77931811,2.898000682,-17.99999969
8.54418,7.76582,53.99099,4117.42655,-0.16008,38.66921,7.782880507,2.899327769,-17.99999969
8.58718,7.80059,53.97459,4113.11548,-0.14435,38.62605,7.784525483,2.899940566,-17.99999969
8.63015,7.83529,53.9599,4108.80007,-0.12871,38.58285,7.78426955,2.899845224,-17.99999969
8.6731,7.86993,53.9469,4104.48139,-0.11322,38.53963,7.782135064,2.899050072,-17.99999969
8.71604,7.9045,53.93556,4100.16052,-0.0979,38.4964,7.778150099,2.897565567,-17.99999969
8.75895,7.93901,53.92587,4095.83855,-0.0828,38.45317,7.772348282,2.895404238,-17.99999969
8.80185,7.97345,53.91779,4091.51653,-0.06795,38.40996,7.764768615,2.892580612,-17.99999969
8.84471,8.00784,53.91173,4087.19459,-0.0454,38.41716,7.754985586,2.888936177,0
8.88752,8.04221,53.90807,4082.87319,-0.02318,38.4244,7.742585189,2.884316702,0
8.93029,8.07655,53.90676,4078.55387,-0.00135,38.43166,7.727632913,2.878746586,0
8.973,8.11087,53.90776,4074.23814,0.02003,38.43895,7.710202779,2.872253403,0
9.01566,8.14515,53.91101,4069.92747,0.04093,38.44626,7.690376529,2.864867603,0
9.05828,8.17941,53.91646,4065.62332,0.06127,38.4536,7.668243104,2.85662232,0
9.10084,8.21365,53.92403,4061.32709,0.08103,38.46097,7.643898082,2.847553159,0
9.14335,8.24786,53.93367,4057.04015,0.10015,38.46837,7.617443092,2.837697979,0
9.18582,8.28204,53.94528,4052.76381,0.11858,38.47579,7.588985203,2.827096666,0
9.22824,8.31619,53.9588,4048.49933,0.13629,38.48324,7.558636305,2.815790903,0
9.2706,8.35032,53.97414,4044.24793,0.15323,38.49071,7.526512478,2.803823933,0
9.31292,8.38442,53.99122,4040.01077,0.16936,38.49822,7.492733355,2.791240321,0
9.35519,8.4185,54.00994,4035.78895,0.18466,38.50575,7.457421499,2.778085725,0
9.39741,8.45255,54.03021,4031.5835,0.19909,38.5133,7.420701776,2.764406662,0
9.43958,8.48657,54.05193,4027.39539,0.21262,38.52089,7.382700755,2.750250282,0
9.48171,8.52057,54.07501,4023.22555,0.22522,38.5285,7.343546115,2.735664148,0
9.52378,8.55455,54.09934,4019.07482,0.23687,38.53614,7.303366081,2.720696028,0
9.56581,8.58849,54.12482,4014.94397,0.24754,38.54381,7.262288884,2.705393692,0
9.60779,8.62242,54.15135,4010.83373,0.25722,38.5515,7.220442253,2.68980472,0
9.64972,8.65632,54.1788,4006.74474,0.26589,38.55922,7.177952934,2.673976331,0
9.69161,8.69019,54.20709,4002.67757,0.27353,38.56697,7.134946247,2.657955209,0
9.73345,8.72404,54.23609,3998.63276,0.28014,38.57475,7.091545676,2.641787354,0
9.77524,8.75786,54.26571,3994.61074,0.28571,38.58256,7.047872492,2.625517944,0
9.81698,8.79166,54.29582,3990.6119,0.29023,38.59039,7.004045425,2.609191209,0
9.85868,8.82544,54.32631,3986.63655,0.29369,38.59826,6.960180357,2.592850316,0
9.90033,8.85919,54.35708,3982.68496,0.2961,38.60615,6.91639006,2.576537278,0
9.94194,8.89292,54.38802,3978.75732,0.29746,38.61407,6.872783972,2.560292863,0
9.98349,8.92663,54.41902,3974.85375,0.29777,38.62202,6.829468003,2.544156525,0
10.02501,8.96031,54.44996,3970.97434,0.29704,38.63,6.786544376,2.528166345,0
10.06648,8.99397,54.48074,3967.1191,0.29528,38.63801,6.744111501,2.512358983,0
10.1079,9.02761,54.51126,3963.28799,0.29249,38.64604,6.702263881,2.496769643,0
10.14928,9.06123,54.5414,3959.48091,0.28869,38.65411,6.661092041,2.481432049,0
10.19062,9.09482,54.57107,3955.69772,0.28389,38.66221,6.62068249,2.466378428,0
10.23191,9.12839,54.60017,3951.93821,0.27811,38.67033,6.581117705,2.451639505,0
10.27315,9.16194,54.62859,3948.20213,0.27138,38.67849,6.542476133,2.437244503,0
10.31436,9.19547,54.65624,3944.4892,0.26369,38.68668,6.504832225,2.423221156,0
10.35552,9.22898,54.68302,3940.79907,0.25509,38.69489,6.468256471,2.409595726,0
10.39663,9.26247,54.70884,3937.13134,0.24559,38.70314,6.432815467,2.396393019,0
10.4377,9.29593,54.73362,3933.48561,0.23522,38.71142,6.398571984,2.383636421,0
10.47873,9.32938,54.75726,3929.86139,0.224,38.71972,6.365585058,2.371347923,0
10.51972,9.3628,54.77968,3926.25817,0.21196,38.72806,6.333910081,2.35954816,0
10.56067,9.39621,54.80081,3922.67542,0.19913,38.73643,6.303598903,2.348256449,0
10.60157,9.42959,54.82056,3919.11256,0.18554,38.74483,6.274699947,2.337490828,0
10.64243,9.46296,54.83886,3915.56897,0.17121,38.75326,6.247258314,2.327268097,0
10.68325,9.4963,54.85563,3912.044,0.15619,38.76172,6.221315903,2.317603867,0
10.72403,9.52963,54.87083,3908.53699,0.1405,38.77022,6.196911529,2.308512595,0
10.76476,9.56294,54.88437,3905.04722,0.12417,38.77874,6.174081033,2.300007635,0
10.80546,9.59622,54.8962,3901.57396,0.10725,38.78729,6.152857404,2.292101274,0
10.84611,9.62949,54.90626,3898.11646,0.08976,38.79588,6.133270887,2.284804781,0
10.88673,9.66274,54.9145,3894.67392,0.07175,38.8045,6.115349093,2.278128442,0
10.9273,9.69597,54.92087,3891.24554,0.05325,38.81315,6.099117101,2.272081598,0
10.96783,9.72919,54.92533,3887.83048,0.03429,38.82183,6.084597559,2.266672686,0
11.00832,9.76238,54.92784,3884.4279,0.01491,38.83054,6.071810773,2.261909272,0
11.04877,9.79556,54.92836,3881.03692,-0.00484,38.83928,6.06077479,2.257798078,0
11.08918,9.82872,54.92685,3877.65666,-0.02493,38.84806,6.05150548,2.254345016,0
11.12955,9.86186,54.92329,3874.28619,-0.04532,38.85687,6.0440166,2.251555211,0
11.16988,9.89498,54.91765,3870.92459,-0.06597,38.8657,6.038319858,2.249433025,0
11.21018,9.92809,54.90991,3867.57092,-0.08684,38.87457,6.03442496,2.247982073,0
11.25043,9.96117,54.90006,3864.22421,-0.1079,38.88347,6.032339653,2.247205241,0
11.29064,9.99424,54.88807,3860.88351,-0.12909,38.89241,6.03206976,2.247104699,0
11.33079,10.02731,54.87346,3857.54897,-0.16016,38.9517,6.03404188,2.247839365,21.99999962
11.37088,10.0604,54.85573,3854.22045,-0.19128,39.01111,6.038679238,2.249566904,21.99999962
11.4109,10.09351,54.83487,3850.89646,-0.22238,39.07065,6.045980465,2.252286803,21.99999962
11.45085,10.12663,54.81089,3847.57549,-0.25343,39.13035,6.055942787,2.25599803,21.99999962
11.49074,10.15978,54.78382,3844.25605,-0.28435,39.19023,6.068562081,2.260699049,21.99999962
11.53055,10.19294,54.75366,3840.93661,-0.3151,39.2503,6.083832801,2.266387794,21.99999962
11.5703,10.22612,54.72046,3837.61564,-0.34562,39.3106,6.101747884,2.273061634,21.99999962
11.60998,10.25932,54.68423,3834.29161,-0.37585,39.37115,6.12229864,2.280717331,21.99999962
11.64959,10.29254,54.64501,3830.96295,-0.40575,39.43196,6.145474609,2.289350989,21.99999962
11.68913,10.32578,54.60285,3827.62813,-0.43525,39.49307,6.171263415,2.298957998,21.99999962
11.7286,10.35904,54.5578,3824.28556,-0.4643,39.55449,6.199650582,2.309532965,21.99999962
11.768,10.39232,54.5099,3820.9337,-0.49285,39.61624,6.230619349,2.321069645,21.99999962
11.80734,10.42561,54.45922,3817.57096,-0.52083,39.67835,6.264150449,2.333560862,21.99999962
11.8466,10.45893,54.40582,3814.19577,-0.54821,39.74084,6.300221884,2.346998421,21.99999962
11.88579,10.49226,54.34976,3810.80656,-0.57492,39.80373,6.338808674,2.361373015,21.99999962
11.92491,10.52561,54.29113,3807.40175,-0.60092,39.86704,6.379882598,2.376674133,21.99999962
11.96396,10.55899,54.23,3803.97978,-0.62614,39.9308,6.423411912,2.392889947,21.99999962
12.00294,10.59238,54.16645,3800.53909,-0.65054,39.99503,6.46936106,2.410007214,21.99999962
12.04185,10.62579,54.10058,3797.07811,-0.67407,40.05974,6.517690376,2.428011156,21.99999962
12.08069,10.65922,54.03247,3793.59531,-0.69667,40.12496,6.568355766,2.446885347,21.99999962
12.11945,10.69267,53.96223,3790.08915,-0.7183,40.19072,6.621308398,2.466611595,21.99999962
12.15814,10.72614,53.88996,3786.55812,-0.73891,40.25702,6.676494374,2.487169823,21.99999962
12.19675,10.75963,53.81577,3783.00072,-0.75845,40.32389,6.733854409,2.508537946,21.99999962
12.23529,10.79314,53.73977,3779.41548,-0.77687,40.39135,6.793323507,2.530691749,21.99999962
12.27376,10.82667,53.66208,3775.80094,-0.79413,40.45942,6.854830647,2.553604778,21.99999962
12.31214,10.86022,53.58282,3772.15571,-0.81019,40.52811,6.918298474,2.577248213,21.99999962
12.35046,10.89379,53.50211,3768.47839,-0.825,40.59745,6.983643001,2.601590768,21.99999962
12.38869,10.92738,53.42008,3764.76764,-0.83853,40.66745,7.050773335,2.626598584,21.99999962
12.42685,10.96099,53.33687,3761.02216,-0.85073,40.73813,7.119591421,2.652235132,21.99999962
12.46493,10.99462,53.2526,3757.2407,-0.86157,40.8095,7.189991814,2.678461131,21.99999962
12.50293,11.02827,53.16743,3753.42205,-0.87102,40.88158,7.261861484,2.705234474,21.99999962
12.54085,11.06194,53.08148,3749.56507,-0.87904,40.95438,7.335079656,2.732510169,21.99999962
12.57869,11.09563,52.9949,3745.66869,-0.8856,41.02791,7.409517699,2.760240299,21.99999962
12.61645,11.12934,52.90785,3741.73187,-0.89068,41.10219,7.485039063,2.788373994,21.99999962
12.65413,11.16307,52.82046,3737.75369,-0.89426,41.17723,7.561499261,2.81685743,21.99999962
12.69172,11.19682,52.73289,3733.73328,-0.89631,41.25303,7.638745929,2.845633846,21.99999962
12.72923,11.23059,52.64529,3729.66985,-0.89682,41.32961,7.716618934,2.874643589,21.99999962
12.76665,11.26438,52.55781,3725.56271,-0.89577,41.40697,7.794950564,2.903824182,21.99999962
12.80399,11.29819,52.47061,3721.41125,-0.89316,41.48512,7.873565787,2.933110422,21.99999962
12.84124,11.33201,52.38384,3717.21497,-0.88897,41.56405,7.952282594,2.962434503,21.99999962
12.87841,11.36586,52.29765,3712.97346,-0.88321,41.64378,8.030912417,2.991726181,21.99999962
12.91548,11.39973,52.21219,3708.68644,-0.87587,41.7243,8.109260642,3.020912957,21.99999962
12.95247,11.43362,52.12762,3704.35371,-0.86696,41.80562,8.187127198,3.049920297,21.99999962
12.98937,11.46753,52.04409,3699.97521,-0.85649,41.88772,8.264307238,3.078671893,21.99999962
13.02617,11.50146,51.96175,3695.55099,-0.84447,41.97061,8.340591909,3.10708994,21.99999962
13.06289,11.53541,51.88074,3691.08121,-0.83093,42.05428,8.415769198,3.135095459,21.99999962
13.09951,11.56938,51.80121,3686.56617,-0.81589,42.13871,8.489624871,3.16260864,21.99999962
13.13604,11.60337,51.7233,3682.00629,-0.79937,42.22391,8.561943471,3.189549221,21.99999962
13.17247,11.63737,51.64715,3677.40213,-0.78141,42.30986,8.632509407,3.215836889,21.99999962
13.20881,11.6714,51.57289,3672.75436,-0.76205,42.39653,8.701108087,3.241391702,21.99999962
13.24506,11.70544,51.50065,3668.06379,-0.74132,42.48393,8.767527115,3.266134538,21.99999962
13.2812,11.73951,51.43056,3663.33136,-0.71928,42.57203,8.831557529,3.289987552,21.99999962
13.31725,11.77359,51.36273,3658.55812,-0.69598,42.66081,8.892995067,3.312874651,21.99999962
13.3532,11.80769,51.29728,3653.74529,-0.67146,42.75025,8.951641457,3.334721975,21.99999962
13.38906,11.84181,51.23431,3648.89416,-0.6458,42.84032,9.007305708,3.355458373,21.99999962
13.42481,11.87594,51.17393,3644.00618,-0.61906,42.93101,9.059805393,3.375015887,21.99999962
13.46046,11.9101,51.11623,3639.08289,-0.5913,43.02228,9.108967905,3.393330216,21.99999962
13.49601,11.94427,51.06129,3634.12596,-0.5626,43.11411,9.154631678,3.410341173,21.99999962
13.53146,11.97846,51.0092,3629.13716,-0.53304,43.20646,9.196647349,3.425993116,21.99999962
13.56681,12.01267,50.96002,3624.11835,-0.50269,43.29931,9.234878849,3.440235355,21.99999962
13.60206,12.04689,50.91383,3619.0715,-0.47163,43.39262,9.269204413,3.453022531,21.99999962
13.6372,12.08113,50.87067,3613.99864,-0.43996,43.48636,9.29951749,3.46431495,21.99999962
13.67224,12.11539,50.83059,3608.90191,-0.40775,43.5805,9.32572754,3.474078883,21.99999962
13.70717,12.14967,50.79363,3603.7835,-0.37511,43.67499,9.347760715,3.482286821,21.99999962
13.742,12.18395,50.75982,3598.64564,-0.34212,43.76981,9.365560403,3.488917673,21.99999962
13.77673,12.21826,50.72917,3593.49066,-0.30887,43.86492,9.379087641,3.493956925,21.99999962
13.81135,12.25258,50.70171,3588.32087,-0.27547,43.96027,9.388321375,3.497396734,21.99999962
13.84586,12.28692,50.67742,3583.13867,-0.24199,44.05583,9.393258579,3.499235972,21.99999962
13.88027,12.32127,50.6563,3577.94644,-0.20855,44.15157,9.393914231,3.49948022,21.99999962
13.91458,12.35563,50.63834,3572.74658,-0.17523,44.24744,9.390321125,3.498141693,21.99999962
13.94878,12.39001,50.62351,3567.5415,-0.14213,44.34341,9.382529558,3.49523913,21.99999962
13.98287,12.4244,50.61178,3562.33359,-0.10934,44.43944,9.370606869,3.490797614,21.99999962
14.01686,12.45881,50.6031,3557.12524,-0.07695,44.53549,9.354636844,3.48484836,21.99999962
14.05074,12.49323,50.59743,3551.91878,-0.04506,44.63152,9.334719006,3.477428441,21.99999962
14.08452,12.52767,50.5947,3546.71653,-0.01375,44.72751,9.310967792,3.468580489,21.99999962
14.11819,12.56211,50.59485,3541.52075,0.01689,44.82342,9.283511623,3.458352343,21.99999962
14.15175,12.59657,50.59781,3536.33366,0.04678,44.91921,9.252491898,3.44679668,21.99999962
14.18521,12.63104,50.60349,3531.1574,0.07583,45.01485,9.21806191,3.433970603,21.99999962
14.21857,12.66553,50.6118,3525.99406,0.10398,45.11031,9.180385702,3.419935224,21.99999962
14.25182,12.70002,50.62265,3520.84563,0.13114,45.20555,9.139636883,3.404755217,21.99999962
14.28497,12.73453,50.63594,3515.71406,0.15725,45.30056,9.095997415,3.388498367,21.99999962
14.31801,12.76904,50.65156,3510.60116,0.18224,45.39531,9.049656382,3.371235113,21.99999962
14.35096,12.80357,50.6694,3505.5087,0.20606,45.48976,9.00080876,3.353038089,21.99999962
14.38379,12.83811,50.68934,3500.43831,0.22863,45.5839,8.949654198,3.333981668,21.99999962
14.41653,12.87266,50.71126,3495.39156,0.24991,45.67771,8.896395827,3.314141524,21.99999962
14.44916,12.90722,50.73504,3490.36988,0.26986,45.77116,8.841239099,3.293594192,21.99999962
14.48169,12.94179,50.76054,3485.37465,0.28842,45.86423,8.784390673,3.272416657,21.99999962
14.51413,12.97637,50.78763,3480.40708,0.30556,45.95691,8.726057356,3.250685962,21.99999962
14.54646,13.01096,50.81617,3475.46833,0.32124,46.04919,8.666445105,3.22847883,21.99999962
14.57869,13.04556,50.84604,3470.55941,0.33543,46.14106,8.605758094,3.205871321,21.99999962
14.61082,13.08017,50.87708,3465.68127,0.34811,46.23249,8.544197855,3.182938512,21.99999962
14.64285,13.11479,50.90916,3460.8347,0.35925,46.32349,8.481962492,3.159754202,21.99999962
14.67479,13.14941,50.94213,3456.02044,0.36884,46.41404,8.419245977,3.13639065,21.99999962
14.70663,13.18405,50.97585,3451.23908,0.37687,46.50414,8.356237517,3.112918341,21.99999962
14.73837,13.21869,51.01019,3446.49113,0.38333,46.59378,8.293121007,3.08940578,21.99999962
14.77002,13.25334,51.04498,3441.77701,0.38821,46.68297,8.230074555,3.065919318,21.99999962
14.80157,13.288,51.0801,3437.09703,0.39151,46.77171,8.167270084,3.042523,21.99999962
14.83302,13.32267,51.11539,3432.4514,0.39325,46.85999,8.104873007,3.019278447,21.99999962
14.86438,13.35735,51.15072,3427.84024,0.39342,46.94781,8.043041973,2.99624476,21.99999962
14.89565,13.39203,51.18596,3423.2636,0.39204,47.03519,7.981928673,2.973478448,21.99999962
14.92683,13.42673,51.22095,3418.72141,0.38913,47.12212,7.921677718,2.951033382,21.99999962
14.95791,13.46142,51.25557,3414.21355,0.38469,47.20861,7.862426562,2.928960767,21.99999962
14.9889,13.49613,51.28967,3409.7398,0.37876,47.29468,7.804305483,2.907309136,21.99999962
15.0198,13.53085,51.32314,3405.29987,0.37137,47.38033,7.747437616,2.886124359,21.99999962
15.05061,13.56557,51.35585,3400.8934,0.36253,47.46557,7.691939016,2.86544967,21.99999962
15.08134,13.6003,51.38766,3396.51994,0.35227,47.55041,7.63791877,2.845325708,21.99999962
15.11197,13.63504,51.41846,3392.17901,0.34064,47.63487,7.585479139,2.825790565,21.99999962
15.14251,13.66978,51.44812,3387.87002,0.32767,47.71895,7.534715718,2.806879855,21.99999962
15.17297,13.70453,51.47654,3383.59237,0.31339,47.80269,7.485717638,2.788626781,21.99999962
15.20334,13.73929,51.50361,3379.34535,0.29785,47.88608,7.438567767,2.771062214,21.99999962
15.23362,13.77405,51.52921,3375.12823,0.28109,47.96915,7.393342938,2.754214775,21.99999962
15.26381,13.80883,51.55325,3370.94022,0.26314,48.05192,7.350114187,2.738110928,21.99999962
15.29392,13.84361,51.57562,3366.78048,0.24407,48.13439,7.308946994,2.722775065,21.99999962
15.32395,13.87839,51.59624,3362.64811,0.22391,48.2166,7.269901527,2.708229602,21.99999962
15.35389,13.91319,51.61502,3358.54219,0.20272,48.29856,7.233032898,2.694495067,21.99999962
15.38374,13.94799,51.63187,3354.46174,0.18055,48.38029,7.198391401,2.681590198,21.99999962
15.41352,13.98279,51.6467,3350.40573,0.15744,48.46181,7.166022757,2.669532026,21.99999962
15.4432,14.01761,51.65946,3346.37313,0.13345,48.54314,7.135968348,2.658335968,21.99999962
15.47281,14.05243,51.67006,3342.36285,0.10864,48.6243,7.108265447,2.648015909,21.99999962
15.50233,14.08725,51.67845,3338.37375,0.08305,48.70532,7.082947426,2.63858428,21.99999962
15.53177,14.12209,51.68456,3334.40469,0.05676,48.78622,7.060043968,2.630052139,21.99999962
15.56112,14.15693,51.68834,3330.45448,0.02981,48.86702,7.03958125,2.622429238,21.99999962
15.5904,14.19177,51.68974,3326.52192,0.00226,48.94774,7.021582122,2.615724089,21.99999962
15.61959,14.22663,51.68872,3322.60576,-0.02584,49.02841,7.006066265,2.609944025,21.99999962
15.6487,14.26149,51.68524,3318.70474,-0.05441,49.10905,6.993050338,2.605095249,21.99999962
15.67773,14.29635,51.67926,3314.81757,-0.0834,49.18968,6.982548095,2.601182887,21.99999962
15.70668,14.33122,51.67075,3310.94295,-0.11276,49.27034,6.974570503,2.598211025,21.99999962
15.73555,14.3661,51.6597,3307.07954,-0.14241,49.35103,6.969125825,2.596182739,21.99999962
15.76434,14.40099,51.64609,3303.226,-0.17231,49.4318,6.966219692,2.595100128,21.99999962
15.79304,14.43588,51.6299,3299.38096,-0.20238,49.51265,6.965855158,2.594964329,21.99999962
15.82167,14.47078,51.61113,3295.54304,-0.23257,49.59362,6.968032729,2.595775532,21.99999962
15.85021,14.50569,51.58977,3291.71084,-0.26282,49.67473,6.972750384,2.597532982,21.99999962
15.87868,14.5406,51.56583,3287.88295,-0.29307,49.75601,6.980003561,2.600234982,21.99999962
15.90706,14.57552,51.53932,3284.05794,-0.32324,49.83748,6.989785146,2.603878879,21.99999962
15.93536,14.61044,51.51025,3280.23438,-0.35329,49.91917,7.002085421,2.608461055,21.99999962
15.96358,14.64537,51.47865,3276.41083,-0.38315,50.0011,7.016892012,2.6139769,21.99999962
15.99172,14.68031,51.44453,3272.58583,-0.41276,50.0833,7.034189809,2.620420785,21.99999962
16.01978,14.71525,51.40793,3268.75793,-0.44206,50.16579,7.053960877,2.627786027,21.99999962
16.04776,14.7502,51.36889,3264.92566,-0.47098,50.24859,7.07618434,2.636064852,21.99999962
16.07566,14.78515,51.32743,3261.08755,-0.49947,50.33173,7.100836266,2.645248343,21.99999962
16.10347,14.82011,51.28362,3257.24215,-0.52747,50.41524,7.127889522,2.655326393,21.99999962
16.13121,14.85508,51.23749,3253.38798,-0.55492,50.49914,7.157313624,2.666287645,21.99999962
16.15886,14.89005,51.18911,3249.52359,-0.58176,50.58346,7.189074577,2.678119436,21.99999962
16.18643,14.92503,51.13853,3245.64751,-0.60793,50.66821,7.223134698,2.690807727,21.99999962
16.21391,14.96001,51.08582,3241.7583,-0.63337,50.75343,7.259452439,2.704337041,21.99999962
16.24132,14.995,51.03105,3237.85452,-0.65803,50.83913,7.297982193,2.718690388,21.99999962
16.26864,15.03,50.97429,3233.93474,-0.68186,50.92534,7.338674104,2.733849196,21.99999962
16.29587,15.065,50.91562,3229.99755,-0.70479,51.01208,7.381473872,2.749793236,21.99999962
16.32305,15.09998,50.85573,3226.03986,-0.71244,51.02551,7.425681849,2.76626187,0
16.35018,15.13494,50.79531,3222.05908,-0.71903,51.03897,7.470580032,2.782987625,0
16.37727,15.16986,50.73446,3218.05457,-0.72455,51.05243,7.516076338,2.799936196,0
16.40432,15.20476,50.67326,3214.02575,-0.72897,51.06591,7.562076203,2.817072356,0
16.43133,15.23962,50.61182,3209.97209,-0.73228,51.0794,7.608481845,2.834359679,0
16.4583,15.27445,50.55022,3205.89312,-0.73448,51.09291,7.655192428,2.8517606,0
16.48522,15.30924,50.48857,3201.7884,-0.73555,51.10643,7.702104264,2.869236493,0
16.5121,15.344,50.42695,3197.65756,-0.73548,51.11995,7.749111039,2.886747753,0
16.53894,15.37873,50.36546,3193.5003,-0.73428,51.1335,7.796104067,2.904253893,0
16.56574,15.41343,50.3042,3189.31636,-0.73194,51.14705,7.84297258,2.921713647,0
16.5925,15.44809,50.24327,3185.10557,-0.72846,51.16061,7.889604043,2.939085094,0
16.61921,15.48272,50.18275,3180.86778,-0.72386,51.17418,7.935884501,2.956325782,0
16.64588,15.51731,50.12274,3176.60296,-0.71814,51.18777,7.981698951,2.97339287,0
16.6725,15.55187,50.06334,3172.31111,-0.7113,51.20136,8.026931745,2.990243276,0
16.69908,15.58639,50.00463,3167.99231,-0.70337,51.21497,8.071467018,3.006833837,0
16.72562,15.62088,49.9467,3163.64671,-0.69437,51.22858,8.115189135,3.023121476,0
16.75211,15.65533,49.88964,3159.27452,-0.68431,51.2422,8.157983166,3.039063379,0
16.77856,15.68975,49.83353,3154.87603,-0.67322,51.25584,8.19973537,3.054617173,0
16.80496,15.72413,49.77846,3150.45159,-0.66113,51.26948,8.240333703,3.069741121,0
16.83132,15.75847,49.7245,3146.00163,-0.64807,51.28313,8.279668333,3.084394305,0
16.85764,15.79278,49.67173,3141.52665,-0.63406,51.29678,8.317632157,3.098536829,0
16.88391,15.82705,49.62023,3137.02721,-0.61916,51.31045,8.354121332,3.112130006,0
16.91013,15.86128,49.57006,3132.50393,-0.60339,51.32412,8.389035792,3.125136561,0
16.93631,15.89547,49.52128,3127.95751,-0.58681,51.3378,8.422279772,3.137520819,0
16.96244,15.92963,49.47397,3123.38871,-0.56945,51.35149,8.453762309,3.149248892,0
16.98853,15.96375,49.42818,3118.79834,-0.55136,51.36518,8.483397736,3.160288868,0
17.01457,15.99782,49.38395,3114.18729,-0.5326,51.37888,8.511106148,3.170610981,0
17.04057,16.03186,49.34135,3109.55648,-0.51321,51.39259,8.536813852,3.180187777,0
17.06652,16.06586,49.30041,3104.9069,-0.49325,51.4063,8.560453779,3.188994272,0
17.09242,16.09982,49.26117,3100.23958,-0.47278,51.42002,8.581965866,3.19700809,0
17.11828,16.13375,49.22367,3095.55561,-0.45185,51.43374,8.6012974,3.204209595,0
17.14409,16.16763,49.18794,3090.85612,-0.43053,51.44747,8.618403318,3.210582,0
17.16985,16.20147,49.15401,3086.14225,-0.40888,51.46121,8.633246465,3.216111463,0
17.19556,16.23527,49.12188,3081.41521,-0.38695,51.47495,8.645797804,3.220787167,0
17.22123,16.26903,49.09158,3076.67623,-0.36481,51.48869,8.65603657,3.224601377,0
17.24685,16.30275,49.06311,3071.92655,-0.34253,51.50244,8.663950385,3.227549481,0
17.27243,16.33643,49.03649,3067.16745,-0.32018,51.5162,8.669535307,3.229630011,0
17.29795,16.37006,49.01169,3062.40022,-0.2978,51.52995,8.672795834,3.230844643,0
17.32343,16.40366,48.98873,3057.62615,-0.27548,51.54372,8.673744855,3.231198179,0
17.34887,16.43721,48.96758,3052.84655,-0.25327,51.55749,8.672403543,3.230698504,0
17.37425,16.47073,48.94824,3048.06274,-0.23125,51.57126,8.668801204,3.229356539,0
17.39959,16.5042,48.93067,3043.27602,-0.20946,51.58503,8.662975075,3.227186152,0
17.42488,16.53763,48.91485,3038.48768,-0.18798,51.59882,8.654970069,3.224204077,0
17.45012,16.57102,48.90075,3033.69903,-0.16687,51.6126,8.644838492,3.220429798,0
17.47532,16.60437,48.88833,3028.91132,-0.14618,51.62639,8.6326397,3.215885427,0
17.50047,16.63768,48.87755,3024.12581,-0.12598,51.64018,8.618439737,3.210595567,0
17.52557,16.67094,48.86837,3019.34374,-0.10633,51.65398,8.602310931,3.204587162,0
17.55062,16.70416,48.86073,3014.56629,-0.08727,51.66778,8.584331461,3.197889337,0
17.57563,16.73734,48.85458,3009.79465,-0.06886,51.68158,8.56458491,3.190533227,0
17.60059,16.77048,48.84986,3005.02994,-0.05116,51.69539,8.543159785,3.182551804,0
17.6255,16.80358,48.84651,3000.27326,-0.0342,51.70921,8.520149038,3.173979695,0
17.65036,16.83664,48.84446,2995.52567,-0.01804,51.72302,8.495649561,3.164852995,0
17.67518,16.86965,48.84365,2990.78818,-0.00272,51.73685,8.469761688,3.155209081,0
17.69995,16.90263,48.84401,2986.06175,0.01171,51.75067,8.442588689,3.145086425,0
17.72468,16.93556,48.84546,2981.34729,0.02524,51.7645,8.414236272,3.134524403,0
17.74935,16.96845,48.84792,2976.64568,0.0378,51.77834,8.384812085,3.12356312,0
17.77399,17.0013,48.85132,2971.95773,0.04939,51.79218,8.354425234,3.112243218,0
17.79857,17.03411,48.85558,2967.2842,0.05996,51.80602,8.323185812,3.100605711,0
17.82311,17.06688,48.86061,2962.62579,0.06949,51.81987,8.291204445,3.088691811,0
17.8476,17.09961,48.86633,2957.98315,0.07796,51.83372,8.258591859,3.076542764,0
17.87205,17.1323,48.87266,2953.35688,0.08535,51.84758,8.225458465,3.064199703,0
17.89645,17.16494,48.8795,2948.74751,0.09164,51.86144,8.191913967,3.051703495,0
17.92081,17.19755,48.88678,2944.15552,0.09682,51.87531,8.158067,3.039094609,0
17.94512,17.23012,48.8944,2939.58133,0.10089,51.88919,8.124024787,3.026412989,0
17.96938,17.26264,48.90228,2935.02531,0.10382,51.90307,8.089892827,3.013697936,0
17.9936,17.29513,48.91033,2930.48777,0.10563,51.91695,8.055774606,3.000988001,0
18.01778,17.32758,48.91846,2925.96894,0.1063,51.93084,8.021771337,2.988320889,0
18.04191,17.35998,48.92658,2921.46904,0.10584,51.94474,7.987981732,2.975733372,0
18.06599,17.39235,48.93462,2916.98819,0.10426,51.95864,7.954501788,2.963261211,0
18.09004,17.42468,48.94248,2912.52649,0.10156,51.97255,7.921424608,2.950939092,0
18.11403,17.45697,48.95008,2908.08396,0.09776,51.98646,7.888840249,2.938800561,0
18.13799,17.48922,48.95734,2903.66058,0.09286,52.00039,7.856835582,2.92687798,0
18.16189,17.52144,48.96417,2899.25628,0.08688,52.01431,7.825494188,2.915202486,0
18.18576,17.55361,48.9705,2894.87094,0.07985,52.02825,7.794896264,2.903803954,0
18.20958,17.58575,48.97625,2890.50438,0.07178,52.04219,7.765118557,2.892710975,0
18.23336,17.61785,48.98134,2886.15639,0.06269,52.05614,7.736234311,2.881950833,0
18.2571,17.64991,48.9857,2881.82669,0.05261,52.07009,7.708313233,2.871549497,0
18.28079,17.68193,48.98925,2877.51499,0.04157,52.08405,7.681421472,2.861531609,0
18.30444,17.71392,48.99194,2873.22093,0.0296,52.09802,7.655621616,2.851920483,0
18.32805,17.74587,48.99368,2868.94411,0.01672,52.112,7.630972693,2.842738111,0
18.35161,17.77778,48.99443,2864.6841,0.00298,52.12598,7.607530193,2.834005163,0
18.37513,17.80966,48.99411,2860.44043,-0.01159,52.13997,7.585346085,2.825740999,0
18.39861,17.84149,48.99267,2856.21258,-0.02696,52.15397,7.564468857,2.817963682,0
18.42205,17.8733,48.99006,2852.00001,-0.04309,52.16798,7.544943545,2.81068999,0
18.44545,17.90506,48.98622,2847.80214,-0.05994,52.18199,7.526811785,2.803935432,0
18.4688,17.93679,48.98111,2843.61835,-0.07746,52.19602,7.510111847,2.797714266,0
18.49212,17.96848,48.97467,2839.44801,-0.09562,52.21005,7.494878695,2.792039516,0
18.51539,18.00014,48.96688,2835.29043,-0.11437,52.22408,7.481144022,2.786922989,0
18.53862,18.03176,48.95768,2831.14492,-0.13366,52.23813,7.468936308,2.782375294,0
18.56181,18.06334,48.94705,2827.01074,-0.15346,52.25218,7.458280863,2.778405861,0
18.58495,18.09489,48.93496,2822.88715,-0.1737,52.26625,7.449199871,2.775022952,0
18.60806,18.12641,48.92137,2818.77337,-0.19436,52.28032,7.441712434,2.772233685,0
18.63113,18.15788,48.90626,2814.66861,-0.21537,52.29439,7.435834612,2.770044041,0
18.65415,18.18932,48.88962,2810.57203,-0.2367,52.30848,7.431579455,2.768458884,0
18.67714,18.22073,48.87143,2806.48281,-0.25828,52.32257,7.428957037,2.767481964,0
18.70008,18.2521,48.85167,2802.40009,-0.28007,52.33668,7.427974483,2.767115937,0
18.72298,18.28344,48.83033,2798.32299,-0.30203,52.35079,7.428635984,2.767362363,0
18.74584,18.31474,48.80741,2794.25065,-0.32409,52.36491,7.430942824,2.768221722,0
18.76866,18.346,48.78291,2790.18215,-0.34621,52.37903,7.434893383,2.769693409,0
18.79145,18.37723,48.75683,2786.11658,-0.36835,52.39317,7.440483145,2.771775742,0
18.81419,18.40843,48.72918,2782.05304,-0.39044,52.40731,7.447704703,2.774465963,0
18.83689,18.43958,48.69996,2777.99059,-0.41243,52.42146,7.456547751,2.777760231,0
18.85955,18.47071,48.6692,2773.92831,-0.43429,52.43562,7.466999081,2.781653626,0
18.88217,18.5018,48.63689,2769.86525,-0.45595,52.44978,7.479042565,2.786140141,0
18.90474,18.53285,48.60308,2765.80048,-0.47738,52.46395,7.492659145,2.791212675,0
18.92728,18.56387,48.56777,2761.73305,-0.4985,52.47813,7.507826814,2.796863031,0
18.94978,18.59485,48.531,2757.66203,-0.51929,52.49232,7.524520592,2.803081902,0
18.97224,18.62579,48.4928,2753.58648,-0.53969,52.50652,7.542712505,2.809858869,0
18.99466,18.6567,48.4532,2749.50547,-0.55966,52.52072,7.562371563,2.817182385,0
19.01703,18.68758,48.41225,2745.41806,-0.57914,52.53493,7.583463737,2.825039775,0
19.03937,18.71842,48.36997,2741.32335,-0.5981,52.54914,7.605951933,2.833417219,0
19.06166,18.74922,48.32641,2737.22041,-0.61648,52.56336,7.629795974,2.842299752,0
19.08392,18.77999,48.28163,2733.10837,-0.63425,52.57759,7.654952585,2.851671252,0
19.10613,18.81072,48.23567,2728.98633,-0.65136,52.59182,7.681375376,2.861514437,0
19.12831,18.84141,48.18858,2724.85343,-0.66777,52.60606,7.709014836,2.871810863,0
19.15044,18.87207,48.14042,2720.70883,-0.68344,52.62031,7.737818331,2.882540922,0
19.17253,18.90269,48.09124,2716.55169,-0.69834,52.63456,7.767730111,2.893683848,0
19.19459,18.93327,48.04111,2712.38121,-0.71242,52.64882,7.798691329,2.905217716,0
19.2166,18.96382,47.99009,2708.19662,-0.72566,52.66308,7.830640058,2.917119458,0
19.23857,18.99433,47.93824,2703.99716,-0.73802,52.67735,7.86351134,2.929364875,0
19.26049,19.0248,47.88562,2699.7821,-0.74947,52.69162,7.897237227,2.941928656,0
19.28238,19.05524,47.83232,2695.55077,-0.75998,52.7059,7.931746851,2.954784399,0
19.30423,19.08563,47.77839,2691.30249,-0.76953,52.72018,7.966966503,2.967904646,0
19.32603,19.11599,47.7239,2687.03665,-0.77809,52.73446,8.002819727,2.981260915,0
19.34779,19.14631,47.66894,2682.75266,-0.78564,52.74875,8.039227434,2.994823744,0
19.36951,19.17659,47.61357,2678.44997,-0.79217,52.76304,8.076108033,3.008562738,0
19.39119,19.20684,47.55788,2674.12809,-0.79764,52.77733,8.113377585,3.022446626,0
19.41283,19.23704,47.50192,2669.78655,-0.80206,52.79163,8.150949968,3.036443327,0
19.43442,19.26721,47.44578,2665.42493,-0.80541,52.80593,8.188737067,3.050520016,0
19.45597,19.29733,47.38955,2661.04288,-0.80767,52.82023,8.226648987,3.064643204,0
19.47748,19.32742,47.33328,2656.64007,-0.80886,52.83454,8.264594283,3.078778825,0
19.49895,19.35746,47.27706,2652.21623,-0.80895,52.84884,8.302480205,3.092892328,0
19.52038,19.38747,47.22097,2647.77115,-0.80796,52.86315,8.340212973,3.106948777,0
19.54176,19.41744,47.16508,2643.30467,-0.80589,52.87746,8.377698065,3.12091296,0
19.5631,19.44736,47.10946,2638.81667,-0.80273,52.89177,8.41484052,3.134749502,0
19.58439,19.47724,47.05419,2634.30711,-0.79851,52.90608,8.451545268,3.148422986,0
19.60564,19.50708,46.99935,2629.77598,-0.79324,52.92039,8.487717463,3.16189808,0
19.62685,19.53688,46.94499,2625.22334,-0.78692,52.9347,8.523262839,3.175139668,0
19.64802,19.56664,46.89121,2620.64932,-0.77959,52.94901,8.558088077,3.188112986,0
19.66914,19.59636,46.83805,2616.05407,-0.77126,52.96332,8.592101175,3.200783759,0
19.69021,19.62603,46.78559,2611.43783,-0.76195,52.97763,8.625211832,3.213118351,0
19.71125,19.65566,46.73389,2606.80089,-0.7517,52.99194,8.657331838,3.225083898,0
19.73224,19.68525,46.68301,2602.14359,-0.74053,53.00624,8.688375456,3.236648462,0
19.75318,19.7148,46.63301,2597.46632,-0.72848,53.02055,8.718259816,3.247781173,0
19.77408,19.7443,46.58395,2592.76954,-0.71559,53.03485,8.746905295,3.258452367,0
19.79494,19.77375,46.53589,2588.05375,-0.7019,53.04915,8.774235894,3.268633734,0
19.81575,19.80317,46.48886,2583.31951,-0.68744,53.06345,8.800179604,3.278298449,0
19.83651,19.83254,46.44292,2578.56742,-0.67227,53.07775,8.824668761,3.287421305,0
19.85723,19.86186,46.39811,2573.79815,-0.65643,53.09204,8.847640378,3.295978836,0
19.87791,19.89114,46.35447,2569.01238,-0.63996,53.10633,8.869036463,3.303949441,0
19.89854,19.92037,46.31204,2564.21086,-0.62293,53.12062,8.888804312,3.311313485,0
19.91912,19.94956,46.27085,2559.39439,-0.60538,53.1349,8.906896777,3.318053404,0
19.93966,19.97871,46.23092,2554.56378,-0.58737,53.14918,8.923272505,3.324153794,0
19.96016,20.0078,46.19229,2549.71989,-0.56895,53.16346,8.937896149,3.329601486,0
19.98061,20.03686,46.15497,2544.86362,-0.55019,53.17773,8.950738543,3.334385616,0
20.00101,20.06586,46.11899,2539.99589,-0.53114,53.192,8.961776848,3.338497674,0
20.02137,20.09482,46.08434,2535.11764,-0.51186,53.20626,8.970994654,3.34193155,0
20.04168,20.12374,46.05104,2530.22984,-0.49242,53.22052,8.978382057,3.344683552,0
20.06195,20.1526,46.0191,2525.33349,-0.47288,53.23478,8.98393569,3.346752426,0
20.08217,20.18143,45.98852,2520.42959,-0.45329,53.24903,8.98765872,3.348139353,0
20.10234,20.2102,45.95928,2515.51915,-0.43372,53.26327,8.989560807,3.34884793,0
20.12247,20.23893,45.93139,2510.60321,-0.41423,53.27751,8.989658027,3.348884147,0
20.14255,20.26761,45.90483,2505.6828,-0.39488,53.29175,8.987972759,3.348256341,0
20.16259,20.29624,45.87958,2500.75893,-0.37573,53.30598,8.98453354,3.346975141,0
20.18258,20.32482,45.85562,2495.83266,-0.35685,53.3202,8.979374879,3.345053404,0
20.20252,20.35336,45.83293,2490.90499,-0.33829,53.33442,8.972537053,3.342506134,0
20.22242,20.38185,45.81149,2485.97695,-0.32012,53.34864,8.964065859,3.339350391,0
20.24227,20.4103,45.79126,2481.04953,-0.30238,53.36285,8.954012357,3.335605197,0
20.26208,20.43869,45.7722,2476.12373,-0.28513,53.37705,8.94243257,3.331291422,0
20.28184,20.46704,45.75428,2471.20051,-0.26843,53.39125,8.929387182,3.326431671,0
20.30156,20.49534,45.73745,2466.28081,-0.25233,53.40544,8.9149412,3.321050163,0
20.32123,20.52359,45.72168,2461.36556,-0.23687,53.41963,8.899163619,3.315172599,0
20.34085,20.5518,45.70691,2456.45566,-0.22211,53.43381,8.882127062,3.308826033,0
20.36043,20.57996,45.69309,2451.55196,-0.20809,53.44799,8.863907411,3.302038734,0
20.37996,20.60807,45.68018,2446.6553,-0.19485,53.46217,8.844583443,3.294840048,0
20.39945,20.63613,45.66811,2441.76647,-0.18243,53.47633,8.824236455,3.287260259,0
20.41889,20.66415,45.65683,2436.88624,-0.17088,53.4905,8.802949884,3.279330451,0
20.43828,20.69212,45.64629,2432.01534,-0.16021,53.50465,8.780808943,3.271082368,0
20.45763,20.72004,45.63641,2427.15444,-0.15048,53.51881,8.757900249,3.262548277,0
20.47694,20.74792,45.62714,2422.30418,-0.14169,53.53295,8.734311466,3.253760834,0
20.4962,20.77574,45.61842,2417.46518,-0.13389,53.5471,8.710130952,3.244752957,0
20.51542,20.80353,45.61017,2412.63798,-0.12709,53.56123,8.685447427,3.235557694,0
20.53459,20.83126,45.60234,2407.8231,-0.12132,53.57537,8.660349636,3.226208107,0
20.55372,20.85895,45.59486,2403.02101,-0.11658,53.5895,8.634926048,3.216737152,0
20.5728,20.88659,45.58765,2398.23213,-0.1129,53.60362,8.609264555,3.20717757,0
20.59184,20.91418,45.58066,2393.45683,-0.11027,53.61774,8.583452189,3.197561785,0
20.61083,20.94173,45.57381,2388.69545,-0.10872,53.63186,8.557574867,3.187921801,0
20.62978,20.96923,45.56704,2383.94827,-0.10825,53.64597,8.531717141,3.178289118,0
20.64868,20.99668,45.56027,2379.21554,-0.10885,53.66008,8.505961971,3.16869464,0
20.66755,21.02409,45.55345,2374.49743,-0.11053,53.67419,8.480390521,3.159168602,0
20.68636,21.05146,45.54651,2369.79411,-0.11328,53.68829,8.455081963,3.149740498,0
20.70514,21.07877,45.53938,2365.10567,-0.11709,53.70238,8.430113308,3.140439017,0
20.72387,21.10604,45.53199,2360.43216,-0.12195,53.71648,8.405559249,3.131291984,0
20.74256,21.13327,45.52428,2355.77361,-0.12785,53.73057,8.381492023,3.122326309,0
20.7612,21.16045,45.5162,2351.12999,-0.13478,53.74466,8.357981289,3.113567942,0
20.77981,21.18758,45.50767,2346.50121,-0.14272,53.75874,8.335094022,3.105041833,0
20.79836,21.21467,45.49864,2341.88717,-0.15163,53.77282,8.312894418,3.096771896,0
20.81688,21.24172,45.48906,2337.28771,-0.16151,53.7869,8.29144382,3.088780984,0
20.83536,21.26872,45.47886,2332.70263,-0.17233,53.80098,8.270800651,3.08109086,0
20.85379,21.29567,45.46799,2328.13172,-0.18406,53.81505,8.251020357,3.07372218,0
20.87218,21.32259,45.45641,2323.57468,-0.19666,53.82912,8.23215537,3.066694477,0
20.89052,21.34945,45.44405,2319.03122,-0.21011,53.84319,8.214255072,3.060026145,0
20.90883,21.37627,45.43088,2314.501,-0.22437,53.85725,8.197365771,3.053734435,0
20.92709,21.40305,45.41684,2309.98364,-0.23941,53.87132,8.181530683,3.047835449,0
20.94531,21.42978,45.40191,2305.47872,-0.25519,53.88538,8.166789929,3.04234413,0
20.96349,21.45647,45.38603,2300.98582,-0.27167,53.89944,8.153180522,3.037274267,0
20.98163,21.48312,45.36916,2296.50446,-0.28881,53.9135,8.140736377,3.032638496,0
20.99973,21.50972,45.35129,2292.03415,-0.30656,53.92755,8.129488313,3.028448296,0
21.01779,21.53628,45.33236,2287.57435,-0.32489,53.9416,8.119464062,3.024713999,0
21.0358,21.56279,45.31237,2283.12452,-0.34374,53.95565,8.110688282,3.02144479,0
21.05377,21.58926,45.29126,2278.68408,-0.36308,53.9697,8.103182571,3.018648715,0
21.07171,21.61569,45.26904,2274.25244,-0.38285,53.98375,8.096965481,3.016332686,0
21.0896,21.64207,45.24567,2269.82896,-0.40301,53.99779,8.092052536,3.014502485,0
21.10745,21.66841,45.22114,2265.41302,-0.42351,54.01184,8.088456249,3.013162773,0
21.12526,21.69471,45.19543,2261.00396,-0.44429,54.02588,8.086186135,3.012317096,0
21.14303,21.72096,45.16854,2256.60109,-0.46532,54.03992,8.085248735,3.01196789,0
21.16076,21.74717,45.14045,2252.20372,-0.48654,54.05396,8.085647626,3.012116487,0
21.17845,21.77334,45.11116,2247.81116,-0.50789,54.06799,8.087383439,3.012763123,0
21.19609,21.79946,45.08067,2243.42268,-0.52934,54.08202,8.090453877,3.013906942,0
21.2137,21.82554,45.04898,2239.03756,-0.55081,54.09606,8.094853724,3.015546,0
21.23127,21.85158,45.0161,2234.65505,-0.57228,54.11009,8.100574865,3.017677276,0
21.2488,21.87757,44.98203,2230.27442,-0.59368,54.12411,8.107606296,3.020296669,0
21.26628,21.90352,44.94678,2225.8949,-0.61496,54.13814,8.115934141,3.023399011,0
21.28373,21.92943,44.91036,2221.51575,-0.63608,54.15216,8.125541662,3.026978065,0
21.30114,21.95529,44.8728,2217.1362,-0.65698,54.16618,8.136409278,3.031026538,0
21.3185,21.98111,44.8341,2212.75551,-0.67761,54.1802,8.148514575,3.03553608,0
21.33583,22.00689,44.7943,2208.3729,-0.69793,54.19421,8.16183233,3.040497294,0
21.35311,22.03262,44.75341,2203.98763,-0.71789,54.20823,8.176334522,3.045899742,0
21.37036,22.05831,44.71147,2199.59893,-0.73743,54.22224,8.191990358,3.051731953,0
21.38756,22.08396,44.66849,2195.20608,-0.75652,54.23624,8.208766299,3.057981432,0
21.40473,22.10956,44.62453,2190.80833,-0.77511,54.25025,8.226626083,3.064634671,0
21.42185,22.13512,44.57959,2186.40495,-0.79316,54.26425,8.245530761,3.071677161,0
21.43894,22.16063,44.53374,2181.99523,-0.81062,54.27825,8.265438735,3.079093406,0
21.45598,22.1861,44.487,2177.57846,-0.82745,54.29224,8.286305801,3.086866937,0
21.47299,22.21153,44.43941,2173.15396,-0.84361,54.30623,8.308085199,3.094980336,0
21.48995,22.23691,44.39103,2168.72106,-0.85907,54.32022,8.330727672,3.103415252,0
21.50687,22.26225,44.34188,2164.27911,-0.87378,54.3342,8.354181529,3.112152431,0
21.52376,22.28754,44.29203,2159.82748,-0.88773,54.34818,8.378392723,3.121171738,0
21.5406,22.31279,44.24151,2155.36555,-0.90086,54.36215,8.403304933,3.130452192,0
21.5574,22.33799,44.19038,2150.89275,-0.91316,54.37612,8.428859658,3.139971999,0
21.57416,22.36315,44.13869,2146.40852,-0.9246,54.39008,8.454996321,3.149708594,0
21.59088,22.38827,44.08649,2141.91232,-0.93514,54.40404,8.481652384,3.159638679,0
21.60756,22.41333,44.03384,2137.40366,-0.94478,54.41799,8.508763478,3.169738275,0
21.6242,22.43836,43.98078,2132.88207,-0.95348,54.43194,8.536263536,3.17998277,0
21.6408,22.46333,43.92738,2128.34711,-0.96122,54.44588,8.564084949,3.190346978,0
21.65736,22.48826,43.87369,2123.79838,-0.96801,54.45982,8.592158727,3.200805199,0
21.67387,22.51315,43.81976,2119.2355,-0.97381,54.47375,8.62041467,3.211331281,0
21.69035,22.53799,43.76565,2114.65815,-0.97862,54.48767,8.648781562,3.221898695,0
21.70678,22.56278,43.71143,2110.06603,-0.98244,54.50159,8.677187364,3.232480604,0
21.72318,22.58753,43.65714,2105.4589,-0.98526,54.5155,8.705559425,3.243049943,0
21.73953,22.61222,43.60283,2100.83652,-0.98708,54.5294,8.733824706,3.253579504,0
21.75584,22.63688,43.54858,2096.19874,-0.9879,54.54329,8.761910004,3.264042016,0
21.77211,22.66148,43.49443,2091.54542,-0.98772,54.55718,8.7897422,3.274410241,0
21.78833,22.68604,43.44044,2086.87646,-0.98656,54.57106,8.8172485,3.284657062,0
21.80452,22.71055,43.38665,2082.19183,-0.98442,54.58493,8.844356697,3.294755579,0
21.82066,22.73501,43.33313,2077.49152,-0.98132,54.59879,8.870995426,3.304679206,0
21.83677,22.75942,43.27993,2072.77557,-0.97727,54.61264,8.897094434,3.314401773,0
21.85283,22.78378,43.22709,2068.04406,-0.9723,54.62649,8.922584848,3.323897623,0
21.86884,22.8081,43.17467,2063.29712,-0.96642,54.64032,8.947399442,3.333141712,0
21.88482,22.83237,43.12271,2058.53493,-0.95967,54.65415,8.97147291,3.342109712,0
21.90075,22.85658,43.07125,2053.75768,-0.95207,54.66796,8.994742131,3.35077811,0
21.91664,22.88075,43.02035,2048.96565,-0.94365,54.68177,9.017146434,3.359124302,0
21.93249,22.90487,42.97003,2044.15912,-0.93445,54.69557,9.038627852,3.367126695,0
21.9483,22.92894,42.92035,2039.33843,-0.9245,54.70935,9.059131374,3.374764797,0
21.96406,22.95296,42.87133,2034.50395,-0.91384,54.72313,9.078605183,3.382019303,0
21.97978,22.97693,42.82301,2029.65611,-0.90252,54.73689,9.097000883,3.388872185,0
21.99546,23.00085,42.77543,2024.79536,-0.89057,54.75064,9.114273715,3.39530677,0
22.0111,23.02472,42.72861,2019.92217,-0.87804,54.76439,9.130382753,3.40130781,0
22.02669,23.04853,42.68258,2015.03707,-0.86499,54.77812,9.145291089,3.406861558,0
22.04224,23.0723,42.63736,2010.14062,-0.85145,54.79184,9.158965992,3.411955819,0
22.05775,23.09602,42.59297,2005.23339,-0.83748,54.80554,9.171379057,3.416580012,0
22.07321,23.11968,42.54944,2000.31599,-0.82313,54.81924,9.182506323,3.420725211,0
22.08863,23.14329,42.50677,1995.38906,-0.80846,54.83292,9.192328372,3.424384183,0
22.10401,23.16686,42.46498,1990.45325,-0.79352,54.8466,9.200830414,3.427551418,0
22.11934,23.19037,42.42407,1985.50925,-0.77836,54.86025,9.208002331,3.430223146,0
22.13463,23.21382,42.38406,1980.55775,-0.76305,54.8739,9.213838716,3.432397352,0
22.14988,23.23723,42.34495,1975.59947,-0.74764,54.88754,9.21833887,3.434073778,0
22.16509,23.26059,42.30673,1970.63513,-0.73218,54.90116,9.22150679,3.435253912,0
22.18025,23.28389,42.2694,1965.66547,-0.71674,54.91477,9.223351122,3.435940974,0
22.19537,23.30714,42.23296,1960.69124,-0.70137,54.92836,9.223885099,3.436139894,0
22.21044,23.33033,42.19739,1955.7132,-0.68613,54.94195,9.223126448,3.435857277,0
22.22547,23.35348,42.16269,1950.73209,-0.67108,54.95552,9.221097281,3.435101359,0
22.24046,23.37657,42.12884,1945.74868,-0.65627,54.96907,9.217823964,3.433881962,0
22.25541,23.39961,42.09583,1940.76371,-0.64175,54.98262,9.213336963,3.432210436,0
22.27031,23.4226,42.06362,1935.77795,-0.62759,54.99615,9.207670677,3.430099596,0
22.28517,23.44553,42.03221,1930.79213,-0.61383,55.00967,9.200863248,3.427563649,0
22.29998,23.46842,42.00156,1925.807,-0.60052,55.02317,9.192956363,3.424618126,0
22.31476,23.49125,41.97165,1920.82326,-0.58772,55.03666,9.183995033,3.421279795,0
22.32948,23.51402,41.94244,1915.84165,-0.57547,55.05014,9.174027371,3.417566579,0
22.34417,23.53674,41.91391,1910.86284,-0.56383,55.06361,9.16310435,3.413497466,0
22.35881,23.55941,41.88602,1905.88751,-0.55283,55.07706,9.151279562,3.409092421,0
22.37341,23.58203,41.85873,1900.91633,-0.54251,55.0905,9.13860896,3.404372289,0
22.38797,23.6046,41.83201,1895.94992,-0.53292,55.10393,9.12515061,3.399358699,0
22.40248,23.62711,41.80581,1890.98891,-0.5241,55.11734,9.110964422,3.394073971,0
22.41696,23.64957,41.7801,1886.03388,-0.51607,55.13074,9.096111898,3.388541015,0
22.43139,23.67197,41.75484,1881.08538,-0.50888,55.14413,9.080655866,3.382783236,0
22.44577,23.69433,41.72997,1876.14397,-0.50255,55.1575,9.064660227,3.37682444,0
22.46011,23.71663,41.70546,1871.21013,-0.49711,55.17087,9.048189698,3.370688735,0
22.47442,23.73888,41.68125,1866.28435,-0.49258,55.18422,9.031309565,3.364400441,0
22.48867,23.76107,41.65731,1861.36707,-0.48898,55.19755,9.014085437,3.357984,0
22.50289,23.78322,41.63358,1856.4587,-0.48634,55.21088,8.996583013,3.351463887,0
22.51707,23.80531,41.61002,1851.55963,-0.48467,55.22419,8.978867851,3.344864523,0
22.5312,23.82734,41.58658,1846.67021,-0.48398,55.23749,8.961005153,3.338210198,0
22.54529,23.84933,41.56321,1841.79074,-0.48428,55.25078,8.943059553,3.331524989,0
22.55934,23.87126,41.53986,1836.92151,-0.48558,55.26405,8.925094917,3.32483269,0
22.57334,23.89314,41.51649,1832.06278,-0.48788,55.27731,8.907174158,3.318156736,0
22.58731,23.91497,41.49304,1827.21474,-0.49119,55.29056,8.889359057,3.311520142,0
22.60123,23.93675,41.46948,1822.37758,-0.4955,55.3038,8.871710095,3.304945439,0
22.61511,23.95848,41.44575,1817.55144,-0.5008,55.31703,8.854286302,3.298454618,0
22.62895,23.98015,41.4218,1812.73643,-0.5071,55.33025,8.837145107,3.292069072,0
22.64275,24.00177,41.3976,1807.93264,-0.51437,55.34345,8.820342214,3.285809552,0
22.65651,24.02334,41.3731,1803.14009,-0.52261,55.35664,8.803931472,3.279696119,0
22.67023,24.04486,41.34825,1798.35881,-0.5318,55.36983,8.78796477,3.273748102,0
22.6839,24.06633,41.32301,1793.58877,-0.54193,55.383,8.772491932,3.267984063,0
22.69754,24.08774,41.29734,1788.82991,-0.55296,55.39615,8.757560631,3.262421761,0
22.71113,24.10911,41.27121,1784.08214,-0.56489,55.4093,8.743216306,3.257078122,0
22.72469,24.13042,41.24456,1779.34536,-0.57768,55.42244,8.729502088,3.251969215,0
22.7382,24.15168,41.21737,1774.61941,-0.5913,55.43557,8.716458742,3.247110225,0
22.75168,24.17289,41.18961,1769.90411,-0.60573,55.44868,8.704124608,3.242515436,0
22.76511,24.19405,41.16123,1765.19925,-0.62093,55.46179,8.692535554,3.238198208,0
22.7785,24.21516,41.13221,1760.50462,-0.63688,55.47488,8.68172494,3.23417097,0
22.79185,24.23622,41.10251,1755.81993,-0.65353,55.48796,8.67172358,3.2304452,0
22.80517,24.25723,41.07212,1751.14492,-0.67085,55.50104,8.662559716,3.22703142,0
22.81844,24.27818,41.041,1746.47926,-0.68879,55.5141,8.654259,3.223939185,0
22.83167,24.29909,41.00913,1741.82263,-0.70733,55.52715,8.646844472,3.221177078,0
22.84487,24.31995,40.97648,1737.17466,-0.72641,55.54019,8.640336552,3.218752707,0
22.85802,24.34075,40.94305,1732.53499,-0.74599,55.55322,8.634753033,3.216672699,0
22.87114,24.36151,40.90881,1727.9032,-0.76603,55.56625,8.630109077,3.214942703,0
22.88421,24.38221,40.87374,1723.27888,-0.78649,55.57926,8.626417216,3.213567388,0
22.89725,24.40287,40.83784,1718.6616,-0.80731,55.59226,8.623687357,3.212550443,0
22.91024,24.42347,40.80109,1714.0509,-0.82845,55.60525,8.621926788,3.211894585,0
22.9232,24.44403,40.76349,1709.44632,-0.84987,55.61823,8.621140189,3.211601556,0
22.93612,24.46453,40.72503,1704.84737,-0.87151,55.6312,8.621329646,3.211672134,0
22.949,24.48499,40.6857,1700.25356,-0.89332,55.64416,8.622494669,3.212106136,0
22.96184,24.50539,40.6455,1695.66438,-0.91527,55.65711,8.624632206,3.212902424,0
22.97464,24.52575,40.60444,1691.07933,-0.93729,55.67004,8.627736668,3.214058918,0
22.9874,24.54605,40.56251,1686.49787,-0.95934,55.68297,8.631799955,3.215572599,0
23.00013,24.5663,40.51973,1681.91947,-0.98137,55.69589,8.636811478,3.217439524,0
23.01281,24.58651,40.4761,1677.34359,-1.00333,55.7088,8.642758193,3.219654832,0
23.02546,24.60666,40.43162,1672.7697,-1.02517,55.7217,8.649624635,3.222212762,0
23.03807,24.62677,40.38631,1668.19724,-1.04685,55.73458,8.657392951,3.225106664,0
23.05064,24.64682,40.34019,1663.62568,-1.06832,55.74746,8.666042942,3.228329013,0
23.06317,24.66682,40.29327,1659.05446,-1.08952,55.76033,8.675552103,3.231871426,0
23.07566,24.68678,40.24556,1654.48305,-1.11043,55.77318,8.685895678,3.23572468,0
23.08811,24.70668,40.19709,1649.91089,-1.13098,55.78602,8.697046702,3.23987873,0
23.10053,24.72653,40.14787,1645.33746,-1.15115,55.79886,8.708976063,3.24432273,0
23.1129,24.74634,40.09793,1640.76222,-1.17087,55.81168,8.721652561,3.249045059,0
23.12524,24.76609,40.04729,1636.18465,-1.19013,55.82449,8.735042971,3.25403334,0
23.13754,24.78579,39.99599,1631.60423,-1.20886,55.83729,8.74911212,3.259274468,0
23.1498,24.80545,39.94404,1627.02046,-1.22705,55.85008,8.763822956,3.264754641,0
23.16202,24.82505,39.89147,1622.43285,-1.24465,55.86285,8.779136634,3.270459389,0
23.1742,24.8446,39.83832,1617.84091,-1.26162,55.87562,8.795012603,3.276373605,0
23.18635,24.8641,39.78462,1613.24419,-1.27794,55.88837,8.8114087,3.282481583,0
23.19846,24.88355,39.7304,1608.64223,-1.29357,55.90111,8.828281253,3.288767053,0
23.21052,24.90295,39.67568,1604.03461,-1.30849,55.91384,8.845585184,3.295213222,0
23.22255,24.92229,39.62052,1599.42091,-1.32267,55.92656,8.863274124,3.301802818,0
23.23454,24.94159,39.56494,1594.80073,-1.33609,55.93926,8.881300534,3.30851813,0
23.2465,24.96083,39.50897,1590.17371,-1.34872,55.95195,8.899615831,3.31534106,0
23.25841,24.98003,39.45266,1585.5395,-1.36055,55.96463,8.918170522,3.322253171,0
23.27028,24.99917,39.39605,1580.89777,-1.37156,55.9773,8.93691434,3.329235736,0
23.28212,25.01826,39.33916,1576.24822,-1.38174,55.98995,8.955796393,3.336269798,0
23.29392,25.0373,39.28203,1571.59058,-1.39107,56.00259,8.974765314,3.34333622,0
23.30568,25.05629,39.22471,1566.92459,-1.39955,56.01521,8.993769416,3.350415748,0
23.3174,25.07523,39.16723,1562.25004,-1.40718,56.02782,9.012756855,3.357489068,0
23.32908,25.09411,39.10963,1557.56673,-1.41394,56.04042,9.031675795,3.364536871,0
23.34072,25.11294,39.05194,1552.87449,-1.41984,56.053,9.050474579,3.371539913,0
23.35232,25.13172,38.99421,1548.17318,-1.42489,56.06557,9.069101899,3.37847908,0
23.36389,25.15045,38.93646,1543.46271,-1.42909,56.07813,9.087506972,3.385335454,0
23.37542,25.16912,38.87874,1538.743,-1.43244,56.09067,9.10563972,3.39209038,0
23.3869,25.18774,38.82107,1534.01399,-1.43496,56.10319,9.123450944,3.398725529,0
23.39835,25.20631,38.7635,1529.27567,-1.43667,56.1157,9.140892502,3.405222968,0
23.40976,25.22482,38.70606,1524.52805,-1.43758,56.12819,9.157917485,3.411565222,0
23.42113,25.24329,38.64877,1519.77119,-1.4377,56.14067,9.174480393,3.417735341,0
23.43246,25.2617,38.59168,1515.00516,-1.43708,56.15313,9.190537305,3.423716964,0
23.44375,25.28005,38.5348,1510.23006,-1.43572,56.16558,9.206046047,3.429494378,0
23.455,25.29835,38.47817,1505.44602,-1.43365,56.17801,9.22096635,3.435052584,0
23.46621,25.3166,38.42181,1500.65322,-1.43092,56.19043,9.235260012,3.440377349,0
23.47739,25.33479,38.36575,1495.85184,-1.42754,56.20283,9.24889104,3.445455265,0
23.48852,25.35294,38.31002,1491.04211,-1.42355,56.21521,9.261825795,3.450273802,0
23.49962,25.37102,38.25464,1486.22428,-1.419,56.22757,9.274033121,3.454821352,0
23.51067,25.38905,38.19962,1481.39862,-1.41392,56.23992,9.285484464,3.459087279,0
23.52169,25.40703,38.14498,1476.56543,-1.40835,56.25225,9.296153986,3.463061957,0
23.53267,25.42495,38.09075,1471.72503,-1.40234,56.26457,9.306018661,3.466736807,0
23.5436,25.44282,38.03693,1466.87778,-1.39592,56.27687,9.315058358,3.470104332,0
23.5545,25.46063,37.98355,1462.02404,-1.38915,56.28915,9.323255919,3.47315814,0
23.56536,25.47839,37.93061,1457.16421,-1.38207,56.30141,9.330597216,3.475892966,0
23.57618,25.4961,37.87811,1452.29869,-1.37473,56.31365,9.337071194,3.478304693,0
23.58696,25.51375,37.82608,1447.42791,-1.36719,56.32588,9.342669905,3.48039036,0
23.5977,25.53134,37.77451,1442.55231,-1.35948,56.33809,9.347388522,3.482148169,0
23.6084,25.54888,37.72341,1437.67236,-1.35167,56.35028,9.351225342,3.483577486,0
23.61906,25.56636,37.67277,1432.78853,-1.3438,56.36246,9.354181775,3.484678834,0
23.62968,25.58379,37.6226,1427.90129,-1.33592,56.37461,9.356262311,3.485453889,0
23.64026,25.60116,37.5729,1423.01114,-1.3281,56.38675,9.357474487,3.485905456,0
23.6508,25.61847,37.52365,1418.11859,-1.32037,56.39887,9.357828825,3.486037456,0
23.6613,25.63573,37.47486,1413.22413,-1.3128,56.41097,9.357338765,3.485854896,0
23.67177,25.65294,37.42652,1408.32829,-1.30543,56.42305,9.356020587,3.48536384,0
23.68219,25.67009,37.37861,1403.43158,-1.29832,56.43512,9.353893314,3.484571375,0
23.69257,25.68718,37.33112,1398.53451,-1.29151,56.44716,9.35097861,3.483485571,0
23.70292,25.70422,37.28404,1393.6376,-1.28505,56.45919,9.34730066,3.482115438,0
23.71322,25.7212,37.23735,1388.74137,-1.279,56.4712,9.342886051,3.48047088,0
23.72349,25.73813,37.19104,1383.84633,-1.27339,56.48319,9.337763633,3.478562645,0
23.73371,25.755,37.14508,1378.95298,-1.26828,56.49516,9.33196438,3.47640227,0
23.7439,25.77181,37.09946,1374.06183,-1.26371,56.50712,9.325521239,3.474002031,0
23.75405,25.78857,37.05416,1369.17337,-1.25972,56.51905,9.318468975,3.471374877,0
23.76415,25.80527,37.00915,1364.28808,-1.25635,56.53097,9.310844016,3.468534379,0
23.77422,25.82191,36.96442,1359.40643,-1.25364,56.54287,9.302684283,3.465494664,0
23.78425,25.8385,36.91992,1354.52889,-1.25163,56.55475,9.294029025,3.462270353,0
23.79424,25.85504,36.87564,1349.6559,-1.25035,56.56662,9.284918657,3.458876501,0
23.8042,25.87152,36.83156,1344.78789,-1.24983,56.57846,9.275394579,3.455328531,0
23.81411,25.88794,36.78764,1339.92528,-1.25011,56.59029,9.265499019,3.451642175,0
23.82398,25.9043,36.74385,1335.06848,-1.25121,56.6021,9.255274854,3.447833404,0
23.83382,25.92061,36.70017,1330.21786,-1.25315,56.61389,9.244765449,3.443918374,0
23.84361,25.93687,36.65657,1325.37378,-1.25596,56.62566,9.234014491,3.439913359,0
23.85337,25.95307,36.61301,1320.53661,-1.25966,56.63742,9.223065824,3.435834693,0
23.86309,25.96921,36.56947,1315.70666,-1.26426,56.64916,9.211963299,3.43169871,0
23.87277,25.9853,36.52591,1310.88423,-1.26978,56.66088,9.200750612,3.427521689,0
23.88241,26.00133,36.48231,1306.06962,-1.27623,56.67258,9.189471161,3.423319797,0
23.89201,26.01731,36.43863,1301.26308,-1.28363,56.68426,9.178167898,3.419109034,0
23.90158,26.03323,36.39485,1296.46485,-1.29196,56.69593,9.166883198,3.414905186,0
23.91111,26.04909,36.35093,1291.67516,-1.30125,56.70758,9.15565872,3.410723773,0
23.9206,26.0649,36.30684,1286.89421,-1.31148,56.71922,9.144535287,3.406580002,0
23.93005,26.08066,36.26255,1282.12215,-1.32267,56.73084,9.133552765,3.402488723,0
23.93946,26.09636,36.21804,1277.35915,-1.33479,56.74244,9.122749952,3.398464391,0
23.94883,26.112,36.17328,1272.60533,-1.34785,56.75402,9.112164469,3.39452102,0
23.95817,26.12759,36.12823,1267.8608,-1.36184,56.76559,9.101832669,3.390672153,0
23.96747,26.14312,36.08287,1263.12564,-1.37673,56.77713,9.091789536,3.386930822,0
23.97673,26.1586,36.03718,1258.39991,-1.39253,56.78867,9.082068608,3.38330952,0
23.98596,26.17403,35.99112,1253.68365,-1.4092,56.80019,9.072701893,3.379820172,0
23.99514,26.1894,35.94467,1248.97686,-1.42674,56.81169,9.063719803,3.376474107,0
24.00429,26.20471,35.89782,1244.27955,-1.44511,56.82317,9.055151083,3.373282034,0
24.0134,26.21997,35.85053,1239.59168,-1.4643,56.83464,9.047022758,3.370254019,0
24.02248,26.23518,35.80278,1234.91321,-1.48427,56.84609,9.039360078,3.367399469,0
24.03152,26.25033,35.75456,1230.24406,-1.505,56.85753,9.03218647,3.364727111,0
24.04052,26.26543,35.70584,1225.58414,-1.52646,56.86895,9.025523503,3.362244981,0
24.04948,26.28047,35.65661,1220.93336,-1.54861,56.88035,9.019390847,3.359960405,0
24.05841,26.29546,35.60685,1216.29156,-1.57143,56.89174,9.01380625,3.357879996,0
24.0673,26.3104,35.55654,1211.65862,-1.59487,56.90311,9.008785511,3.356009638,0
24.07616,26.32528,35.50567,1207.03436,-1.61891,56.91447,9.004342459,3.354354484,0
24.08497,26.3401,35.45424,1202.4186,-1.64349,56.92581,9.000488947,3.35291895,0
24.09375,26.35488,35.40221,1197.81115,-1.66859,56.93714,8.997234836,3.351706708,0
24.1025,26.36959,35.3496,1193.2118,-1.69415,56.94845,8.994587996,3.35072069,0
24.11121,26.38426,35.29638,1188.62031,-1.72015,56.95974,8.992554303,3.349963086,0
24.11988,26.39887,35.24256,1184.03646,-1.74653,56.97102,8.991137649,3.349435345,0
24.12851,26.41343,35.18812,1179.45998,-1.77326,56.98229,8.990339946,3.34913818,0
24.13711,26.42793,35.13306,1174.89061,-1.80029,56.99354,8.990161145,3.349071572,0
24.14568,26.44238,35.07739,1170.32808,-1.82758,57.00477,8.990599249,3.349234777,0
24.15421,26.45678,35.02109,1165.77211,-1.85508,57.01599,8.991650339,3.349626336,0
24.1627,26.47113,34.96417,1161.22239,-1.88275,57.02719,8.9933086,3.350244082,0
24.17116,26.48542,34.90664,1156.67865,-1.91054,57.03838,8.995566348,3.351085152,0
24.17958,26.49965,34.84849,1152.14055,-1.93841,57.04955,8.99841407,3.352146004,0
24.18796,26.51384,34.78973,1147.6078,-1.96632,57.06071,9.001840456,3.353422423,0
24.19631,26.52797,34.73036,1143.08009,-1.99422,57.07185,9.005832446,3.354909544,0
24.20462,26.54204,34.6704,1138.55708,-2.02207,57.08298,9.010375274,3.356601867,0
24.2129,26.55607,34.60984,1134.03845,-2.04982,57.09409,9.015452519,3.358493274,0
24.22115,26.57004,34.54871,1129.5239,-2.07745,57.10519,9.02104616,3.360577053,0
24.22935,26.58396,34.48701,1125.01309,-2.10489,57.11627,9.027136633,3.362845914,0
24.23753,26.59782,34.42475,1120.5057,-2.13213,57.12733,9.033702895,3.36529202,0
24.24566,26.61163,34.36195,1116.00141,-2.15911,57.13838,9.04072249,3.367907003,0
24.25376,26.62539,34.29862,1111.49992,-2.18581,57.14942,9.048171618,3.370682,0
24.26183,26.6391,34.23478,1107.0009,-2.21218,57.16043,9.056025211,3.37360767,0
24.26986,26.65275,34.17044,1102.50406,-2.23819,57.17144,9.064257011,3.376674231,0
24.27786,26.66635,34.10561,1098.00909,-2.26381,57.18242,9.07283965,3.379871491,0
24.28582,26.67989,34.04033,1093.5157,-2.28902,57.19339,9.081744742,3.383188871,0
24.29374,26.69339,33.97459,1089.02362,-2.31378,57.20435,9.090942963,3.386615451,0
24.30164,26.70683,33.90843,1084.53257,-2.33806,57.21529,9.100404155,3.390139994,0
24.30949,26.72021,33.84187,1080.04229,-2.36185,57.22621,9.110097415,3.393750988,0
24.31731,26.73355,33.77491,1075.55253,-2.38512,57.23712,9.119991195,3.397436682,0
24.3251,26.74683,33.70759,1071.06304,-2.40785,57.24801,9.130053411,3.401185122,0
24.33285,26.76005,33.63993,1066.57362,-2.43002,57.25888,9.140251541,3.404984193,0
24.34057,26.77323,33.57194,1062.08404,-2.45163,57.26974,9.150552738,3.40882166,0
24.34825,26.78635,33.50364,1057.59412,-2.47265,57.28058,9.16092394,3.412685206,0
24.35589,26.79941,33.43506,1053.10367,-2.49308,57.2914,9.171331978,3.416562474,0
24.36351,26.81243,33.36622,1048.61254,-2.51291,57.30221,9.181743694,3.420441112,0
24.37108,26.82539,33.29714,1044.12057,-2.53215,57.313,9.192126055,3.424308815,0
24.37863,26.83829,33.22784,1039.62764,-2.55077,57.32378,9.202446266,3.428153365,0
24.38613,26.85115,33.15834,1035.13364,-2.5688,57.33453,9.212671885,3.431962677,0
24.39361,26.86395,33.08867,1030.63849,-2.58622,57.34527,9.222770943,3.435724842,0
24.40104,26.87669,33.01883,1026.14209,-2.60306,57.35599,9.232712054,3.439428167,0
24.40845,26.88939,32.94886,1021.64442,-2.61931,57.3667,9.242464528,3.44306122,0
24.41582,26.90203,32.87877,1017.14543,-2.63498,57.37738,9.251998484,3.44661287,0
24.42315,26.91461,32.80859,1012.6451,-2.65011,57.38805,9.261284958,3.450072326,0
24.43045,26.92715,32.73832,1008.14345,-2.66469,57.3987,9.270296011,3.45342918,0
24.43771,26.93963,32.66798,1003.64051,-2.67875,57.40934,9.279004827,3.456673443,0
24.44494,26.95205,32.5976,999.13631,-2.69232,57.41995,9.287385814,3.459795582,0
0.04763,0.04763,53.16389,5031.83047,-0.36628,45.00009,13.05753248,4.864274414,0
0.0952,0.0952,53.12452,5024.5984,-0.23171,45.00021,13.09232696,4.877236271,0
0.1427,0.1427,53.10292,5017.32203,-0.09683,45.00036,13.09415688,4.877917966,0
0.19012,0.19013,53.09905,5010.01974,0.03778,45.00054,13.06319257,4.866382945,0
0.23748,0.23749,53.11278,5002.70986,0.17157,45.00075,12.99998504,4.842836478,0
0.28477,0.28478,53.14392,4995.41044,0.30399,45.00099,12.90544963,4.807619551,0
0.33199,0.332,53.19219,4988.13906,0.43451,45.00125,12.78084079,4.76119948,0
0.37914,0.37915,53.25728,4980.91267,0.56262,45.00154,12.62771926,4.704157679,0
0.42622,0.42623,53.33878,4973.74735,0.68784,45.00187,12.44791298,4.637175109,0
0.47323,0.47325,53.43624,4966.65825,0.80971,45.00222,12.24347347,4.561016012,0
0.52017,0.5202,53.54916,4959.65943,0.92783,45.0026,12.01662924,4.476510567,0
0.56704,0.56707,53.67699,4952.76375,1.04181,45.00301,11.76973803,4.384537095,0
0.61385,0.61389,53.81911,4945.98282,1.15132,45.00345,11.50523945,4.286004418,0
0.66053,0.66069,53.97131,4939.33293,1.20062,45.14128,11.23130096,4.183955119,43.99999925
0.70704,0.70754,54.12944,4932.82473,1.24638,45.276,10.95533591,4.081150879,43.99999925
0.75337,0.75444,54.29304,4926.45993,1.28859,45.40759,10.67851884,3.978029238,43.99999925
0.79954,0.80137,54.46165,4920.23959,1.32722,45.53604,10.4019559,3.875002266,43.99999925
0.84554,0.84836,54.63478,4914.16419,1.36228,45.66135,10.12666477,3.772449076,43.99999925
0.89139,0.89538,54.81198,4908.23365,1.39379,45.78351,9.853573316,3.670715323,43.99999925
0.93708,0.94244,54.99279,4902.44741,1.42177,45.90256,9.583519618,3.570113215,43.99999925
0.98261,0.98954,55.17675,4896.80444,1.44626,46.01853,9.317253227,3.470921979,43.99999925
1.028,1.03667,55.36342,4891.30331,1.46731,46.13145,9.055437452,3.373388714,43.99999925
1.07325,1.08384,55.55235,4885.94222,1.48498,46.24137,8.798652504,3.277729564,43.99999925
1.11836,1.13104,55.74313,4880.71909,1.49932,46.34835,8.547399326,3.184131145,43.99999925
1.16333,1.17827,55.93533,4875.63151,1.51041,46.45244,8.302103948,3.092752162,43.99999925
1.20817,1.22554,56.12854,4870.67688,1.51832,46.55373,8.06312221,3.003725177,43.99999925
1.25288,1.27283,56.32237,4865.85238,1.52312,46.65227,7.830744747,2.917158458,43.99999925
1.29746,1.32016,56.51642,4861.15502,1.52491,46.74814,7.605202095,2.833137885,43.99999925
1.34192,1.36751,56.71033,4856.58168,1.52376,46.84142,7.386669838,2.75172887,43.99999925
1.38626,1.41489,56.90373,4852.12913,1.51977,46.93218,7.175273706,2.672978248,43.99999925
1.43049,1.46229,57.09628,4847.79408,1.51302,47.02052,6.971094551,2.596916141,43.99999925
1.47461,1.50972,57.28763,4843.57316,1.5036,47.10651,6.774173161,2.523557742,43.99999925
1.51861,1.55717,57.47746,4839.46298,1.49161,47.19024,6.584514852,2.452905032,43.99999925
1.56251,1.60465,57.66545,4835.46011,1.47713,47.27179,6.40209382,2.384948397,43.99999925
1.60631,1.65215,57.8513,4831.56115,1.46026,47.35125,6.226857224,2.319668155,43.99999925
1.65001,1.69967,58.03473,4827.76269,1.44109,47.42869,6.058728996,2.257035966,43.99999925
1.6936,1.74721,58.21545,4824.06135,1.41971,47.5042,5.897613359,2.197016152,43.99999925
1.73711,1.79478,58.39321,4820.45379,1.3962,47.57787,5.743398059,2.139566895,43.99999925
1.78052,1.84236,58.56773,4816.93672,1.37065,47.64977,5.595957328,2.084641343,43.99999925
1.82383,1.88997,58.73879,4813.50689,1.34315,47.71998,5.455154556,2.032188606,43.99999925
1.86706,1.93759,58.90615,4810.16111,1.31379,47.78858,5.320844719,1.982154658,43.99999925
1.91021,1.98523,59.06958,4806.89626,1.28263,47.85565,5.192876544,1.934483145,43.99999925
1.95326,2.0329,59.22888,4803.70927,1.24978,47.92126,5.071094453,1.889116112,43.99999925
1.99624,2.08057,59.38384,4800.59716,1.2153,47.98549,4.955340279,1.845994637,43.99999925
2.03913,2.12827,59.53427,4797.55698,1.17927,48.04841,4.845454785,1.805059399,43.99999925
2.08195,2.17599,59.67999,4794.5859,1.14176,48.11008,4.741278997,1.766251177,43.99999925
2.12469,2.22372,59.82082,4791.68113,1.10285,48.17057,4.642655368,1.72951128,43.99999925
2.16735,2.27147,59.95661,4788.83995,1.06262,48.22996,4.54942878,1.694781923,43.99999925
2.20994,2.31923,60.0872,4786.05971,1.02112,48.2883,4.461447421,1.662006552,43.99999925
2.25245,2.36702,60.21244,4783.33784,0.97843,48.34565,4.378563521,1.631130118,43.99999925
2.29489,2.41481,60.3322,4780.67181,0.9346,48.40209,4.300633988,1.602099317,43.99999925
2.33727,2.46263,60.44634,4778.05917,0.88972,48.45766,4.22752094,1.574862783,43.99999925
2.37957,2.51046,60.55474,4775.49754,0.84383,48.51243,4.159092148,1.549371258,43.99999925
2.42181,2.55831,60.65729,4772.98456,0.797,48.56645,4.095221406,1.525577726,43.99999925
2.46398,2.60617,60.75388,4770.51796,0.74928,48.61978,4.035788831,1.503437527,43.99999925
2.50608,2.65405,60.84441,4768.0955,0.70074,48.67247,3.980681102,1.482908448,43.99999925
2.54812,2.70194,60.92879,4765.715,0.65143,48.72457,3.929791659,1.463950792,43.99999925
2.59009,2.74985,61.00693,4763.37431,0.6014,48.77614,3.883020849,1.446527434,43.99999925
2.632,2.79778,61.07875,4761.07134,0.5507,48.82722,3.840276039,1.430603868,43.99999925
2.67385,2.84572,61.14419,4758.80401,0.4994,48.87786,3.801471705,1.416148233,43.99999925
2.71563,2.89368,61.20317,4756.5703,0.44754,48.92812,3.766529483,1.403131336,43.99999925
2.75736,2.94165,61.25563,4754.3682,0.39517,48.97804,3.735378216,1.391526669,43.99999925
2.79902,2.98964,61.30152,4752.19573,0.34234,49.02766,3.707953969,1.381310416,43.99999925
2.84062,3.03765,61.3408,4750.05094,0.2891,49.07703,3.684200045,1.372461454,43.99999925
2.88216,3.08567,61.37341,4747.93188,0.2355,49.1262,3.664066981,1.364961358,43.99999925
2.92365,3.13371,61.39933,4745.83662,0.18158,49.17522,3.647512544,1.358794394,43.99999925
2.96507,3.18176,61.41852,4743.76326,0.12739,49.22412,3.634501716,1.353947519,43.99999925
3.00644,3.22983,61.43097,4741.70989,0.07298,49.27295,3.625006683,1.350410369,43.99999925
3.04774,3.27791,61.43664,4739.67459,0.0184,49.32175,3.619006816,1.348175261,43.99999925
3.08899,3.32602,61.43553,4737.65545,-0.03632,49.37057,3.616488657,1.34723718,43.99999925
3.13018,3.37413,61.42763,4735.65056,-0.09112,49.41946,3.617445899,1.347593778,43.99999925
3.17131,3.42227,61.41293,4733.65799,-0.14596,49.46845,3.62187937,1.349245363,43.99999925
3.21238,3.47042,61.39145,4731.6758,-0.2008,49.51759,3.62979702,1.352194896,43.99999925
3.2534,3.51859,61.36319,4729.70203,-0.25558,49.56692,3.641213902,1.356447985,43.99999925
3.29435,3.56678,61.32816,4727.73471,-0.31026,49.61649,3.656152161,1.362012879,43.99999925
3.33525,3.61498,61.28639,4725.77182,-0.3648,49.66634,3.674641011,1.368900462,43.99999925
3.37609,3.66321,61.23791,4723.81134,-0.41915,49.71652,3.696716721,1.377124245,43.99999925
3.41687,3.71145,61.18273,4721.85119,-0.47326,49.76708,3.722422592,1.386700358,43.99999925
3.45758,3.7597,61.12091,4719.88926,-0.52708,49.81805,3.751808924,1.39764754,43.99999925
3.49824,3.80798,61.05249,4717.92341,-0.58056,49.86949,3.784932983,1.409987124,43.99999925
3.53884,3.85628,60.97752,4715.95143,-0.63367,49.92145,3.82185895,1.423743018,43.99999925
3.57938,3.90459,60.89605,4713.97109,-0.68633,49.97397,3.862657864,1.438941687,43.99999925
3.61986,3.95293,60.80814,4711.98007,-0.73851,50.0271,3.907407538,1.455612118,43.99999925
3.66027,4.00128,60.71387,4709.97603,-0.79015,50.0809,3.956192458,1.473785784,43.99999925
3.70062,4.04965,60.61331,4707.95653,-0.8412,50.13542,4.00910366,1.493496599,43.99999925
3.74091,4.09805,60.50654,4705.9191,-0.89161,50.19071,4.066238568,1.514780856,43.99999925
3.78113,4.14646,60.39366,4703.86117,-0.94131,50.24683,4.127700798,1.537677153,43.99999925
3.82129,4.1949,60.27475,4701.78011,-0.99025,50.30382,4.193599919,1.56222631,43.99999925
3.86139,4.24335,60.14992,4699.67321,-1.03837,50.36176,4.264051166,1.588471253,43.99999925
3.90141,4.29183,60.01929,4697.53769,-1.08562,50.4207,4.339175086,1.61645689,43.99999925
3.94137,4.34033,59.88296,4695.37067,-1.13192,50.4807,4.41909713,1.646229955,43.99999925
3.98126,4.38885,59.74107,4693.16919,-1.17722,50.54183,4.503947159,1.677838823,43.99999925
4.02107,4.4374,59.59374,4690.93019,-1.22145,50.60415,4.593858869,1.7113333,43.99999925
4.06082,4.48597,59.44113,4688.65054,-1.26455,50.66772,4.68896912,1.746764372,43.99999925
4.10049,4.53456,59.28338,4686.32699,-1.30644,50.73262,4.789417164,1.784183911,43.99999925
4.14008,4.58318,59.12064,4683.95622,-1.34705,50.79891,4.89534374,1.823644348,43.99999925
4.1796,4.63182,58.9531,4681.53478,-1.38632,50.86667,5.00689006,1.865198287,43.99999925
4.21904,4.68048,58.78092,4679.05916,-1.42416,50.93597,5.124196633,1.908898071,43.99999925
4.25841,4.72917,58.60428,4676.52573,-1.4605,51.0069,5.247401949,1.954795293,43.99999925
4.29768,4.77789,58.4234,4673.93077,-1.49526,51.07952,5.376640989,2.002940236,43.99999925
4.33688,4.82663,58.23847,4671.27046,-1.52837,51.15392,5.51204356,2.053381257,43.99999925
4.37599,4.8754,58.0497,4668.5409,-1.55973,51.23018,5.653732438,2.106164092,43.99999925
4.41501,4.92419,57.85732,4665.73809,-1.58928,51.30838,5.801821312,2.161331094,43.99999925
4.45394,4.97302,57.66157,4662.85795,-1.61691,51.38862,5.956412524,2.218920388,43.99999925
4.49278,5.02187,57.46269,4659.89635,-1.64254,51.47097,6.117594588,2.278964948,43.99999925
4.53152,5.07075,57.26095,4656.84905,-1.6661,51.55553,6.285439497,2.341491592,43.99999925
4.57017,5.11966,57.05659,4653.71179,-1.68748,51.64239,6.459999807,2.406519901,43.99999925
4.60871,5.1686,56.84992,4650.48024,-1.7066,51.73164,6.641305517,2.474061048,43.99999925
4.64715,5.21757,56.6412,4647.15006,-1.72337,51.82336,6.829360732,2.544116564,43.99999925
4.68549,5.26657,56.43074,4643.71686,-1.73769,51.91765,7.024140147,2.616677021,43.99999925
4.72371,5.3156,56.21886,4640.17629,-1.74949,52.01461,7.225585358,2.691720662,43.99999925
4.76183,5.36467,56.00586,4636.52399,-1.75867,52.11431,7.433601043,2.769211978,43.99999925
4.79983,5.41376,55.79209,4632.75565,-1.76514,52.21686,7.648051034,2.849100243,43.99999925
4.8377,5.46289,55.57788,4628.86703,-1.76882,52.32234,7.868754349,2.931318035,43.99999925
4.87546,5.51205,55.36357,4624.85399,-1.76962,52.43084,8.095481223,3.01577976,43.99999925
4.91309,5.56125,55.14954,4620.7125,-1.76746,52.54244,8.327949216,3.102380205,43.99999925
4.95059,5.61048,54.93614,4616.43868,-1.76228,52.65722,8.565819483,3.190993138,43.99999925
4.98796,5.65974,54.72376,4612.02885,-1.75398,52.77525,8.808693274,3.281470015,43.99999925
5.02519,5.70904,54.51278,4607.47955,-1.74252,52.89661,9.056108793,3.373638806,43.99999925
5.06227,5.75838,54.30358,4602.78758,-1.72782,53.02136,9.307538496,3.467302986,43.99999925
5.09922,5.80775,54.09657,4597.95002,-1.70984,53.14957,9.562386969,3.562240748,43.99999925
5.13601,5.85716,53.89214,4592.96431,-1.68852,53.28127,9.81998949,3.658204464,43.99999925
5.17265,5.9066,53.69069,4587.82828,-1.66384,53.41651,10.0796114,3.754920456,43.99999925
5.20913,5.95608,53.49264,4582.54015,-1.63577,53.55533,10.34044842,3.852089108,43.99999925
5.24545,6.0056,53.29839,4577.09864,-1.60429,53.69775,10.601628,3.949385376,43.99999925
5.28161,6.05515,53.10835,4571.50293,-1.5694,53.84377,10.86221188,4.046459726,43.99999925
5.31759,6.10474,52.92292,4565.75279,-1.5311,53.9934,11.12119981,4.142939545,43.99999925
5.3534,6.15437,52.7425,4559.84852,-1.48942,54.14662,11.3775347,4.238431036,43.99999925
5.38903,6.20403,52.56748,4553.79108,-1.4444,54.3034,11.63010905,4.332521626,43.99999925
5.42448,6.25374,52.39827,4547.58204,-1.39609,54.4637,11.87777281,4.424782896,43.99999925
5.45974,6.30348,52.23522,4541.22365,-1.34456,54.62747,12.11934263,4.514774007,43.99999925
5.49481,6.35325,52.07871,4534.71884,-1.28988,54.79461,12.35361229,4.602045621,43.99999925
5.52968,6.40306,51.92909,4528.07126,-1.23217,54.96506,12.57936449,4.686144256,43.99999925
5.56435,6.45291,51.78671,4521.28523,-1.17154,55.13869,12.79538358,4.766617049,43.99999925
5.59883,6.5028,51.65187,4514.36582,-1.10812,55.31539,13.00046914,4.843016817,43.99999925
5.63309,6.55272,51.52489,4507.31877,-1.04206,55.49502,13.19345028,4.914907372,43.99999925
5.66715,6.60267,51.40605,4500.15052,-0.97353,55.67743,13.37320022,4.981868951,43.99999925
5.70099,6.65266,51.2956,4492.86816,-0.90271,55.86243,13.5386509,5.043503683,43.99999925
5.73462,6.70268,51.19377,4485.4794,-0.82981,56.04986,13.68880745,5.099440949,43.99999925
5.76803,6.75274,51.10078,4477.99254,-0.75502,56.23951,13.82276195,5.149342525,43.99999925
5.80122,6.80282,51.0168,4470.41641,-0.67858,56.43116,13.93970632,5.192907381,43.99999925
5.83418,6.85294,50.94199,4462.76034,-0.60071,56.62461,14.03894396,5.229876013,43.99999925
5.86692,6.90309,50.87647,4455.03405,-0.52166,56.81961,14.11989985,5.26003421,43.99999925
5.89944,6.95326,50.82034,4447.24762,-0.4417,57.01592,14.18212882,5.28321614,43.99999925
5.93173,7.00346,50.77364,4439.4114,-0.36106,57.21331,14.22532188,5.299306692,43.99999925
5.96378,7.05369,50.73641,4431.53596,-0.28003,57.41151,14.24931031,5.308243011,43.99999925
5.99561,7.10395,50.70866,4423.63196,-0.19886,57.61027,14.25406746,5.310015178,43.99999925
6.02721,7.15423,50.69034,4415.71012,-0.11782,57.80934,14.23970836,5.304666034,43.99999925
6.05858,7.20453,50.68139,4407.78114,-0.03718,58.00845,14.2064869,5.292290164,43.99999925
6.08972,7.25485,50.68172,4399.85557,0.0428,58.20737,14.15479093,5.273032056,43.99999925
6.12063,7.3052,50.69121,4391.94382,0.12186,58.40583,14.08513533,5.247083512,43.99999925
6.1513,7.35556,50.70969,4384.056,0.19975,58.6036,13.9981532,5.214680381,43.99999925
6.18176,7.40594,50.73699,4376.20192,0.27623,58.80044,13.89458555,5.176098706,43.99999925
6.21198,7.45634,50.77291,4368.391,0.35107,58.99613,13.77526963,5.131650387,43.99999925
6.24198,7.50675,50.81721,4360.63225,0.42403,59.19045,13.64112632,5.081678476,43.99999925
6.27176,7.55718,50.86964,4352.93417,0.49493,59.38319,13.49314685,5.026552227,43.99999925
6.30132,7.60762,50.92992,4345.30474,0.56355,59.57417,13.33237907,4.966662001,43.99999925
6.33066,7.65807,50.99775,4337.75143,0.62972,59.76321,13.15991381,4.902414153,43.99999925
6.35978,7.70853,51.07283,4330.28108,0.69328,59.95014,12.97687127,4.834225991,43.99999925
6.38869,7.759,51.15483,4322.89997,0.75406,60.13481,12.78438803,4.762520919,43.99999925
6.4174,7.80949,51.24339,4315.61379,0.81195,60.3171,12.58360465,4.687723826,43.99999925
6.44589,7.85998,51.33817,4308.42761,0.86681,60.49688,12.37565416,4.610256799,43.99999925
6.47418,7.91047,51.4388,4301.34588,0.91855,60.67405,12.16165161,4.530535218,43.99999925
6.50226,7.96097,51.54491,4294.3725,0.96708,60.84852,11.94268464,4.44896426,43.99999925
6.53015,8.01148,51.65612,4287.51076,1.01233,61.02021,11.71980531,4.365935844,43.99999925
6.55785,8.06199,51.77203,4280.76341,1.05423,61.18906,11.4940231,4.281826032,43.99999925
6.58536,8.1125,51.89227,4274.13265,1.09275,61.35503,11.26629918,4.196992878,43.99999925
6.61268,8.16302,52.01644,4267.62017,1.12786,61.51808,11.03754176,4.111774721,43.99999925
6.63981,8.21354,52.14414,4261.22717,1.15953,61.67819,10.80860271,4.026488902,43.99999925
6.66677,8.26406,52.275,4254.9544,1.18777,61.83534,10.58027516,3.941430881,43.99999925
6.69354,8.31458,52.40862,4248.80217,1.21259,61.98955,10.35329208,3.856873713,43.99999925
6.72015,8.3651,52.54461,4242.77042,1.23399,62.14082,10.12832583,3.773067863,43.99999925
6.74659,8.41563,52.6826,4236.8587,1.252,62.28917,9.905988384,3.690241315,43.99999925
6.77286,8.46615,52.82221,4231.06624,1.26667,62.43463,9.686832371,3.608599934,43.99999925
6.79897,8.51667,52.96307,4225.39196,1.27803,62.57724,9.4713526,3.52832805,43.99999925
6.82492,8.56719,53.10482,4219.83451,1.28614,62.71703,9.259988129,3.449589223,43.99999925
6.85071,8.61771,53.24711,4214.39229,1.29106,62.85407,9.053124708,3.372527156,43.99999925
6.87635,8.66823,53.38958,4209.0635,1.29284,62.98839,8.851097544,3.297266721,43.99999925
6.90184,8.71874,53.5319,4203.84613,1.29156,63.12008,8.654194274,3.223915073,43.99999925
6.92719,8.76925,53.67373,4198.73802,1.28728,63.24918,8.46265811,3.152562812,43.99999925
6.9524,8.81976,53.81477,4193.73685,1.28009,63.37578,8.276691064,3.083285194,43.99999925
6.97746,8.87027,53.95469,4188.8402,1.27006,63.49993,8.096457209,3.016143341,43.99999925
7.00239,8.92078,54.09321,4184.04552,1.25728,63.62172,7.92208593,2.951185452,43.99999925
7.02718,8.97128,54.23002,4179.35021,1.24182,63.74122,7.753675121,2.888447994,43.99999925
7.05184,9.02178,54.36484,4174.75156,1.22379,63.8585,7.591294289,2.827956862,43.99999925
7.07637,9.07228,54.49741,4170.24684,1.20325,63.97366,7.434987561,2.769728493,43.99999925
7.10078,9.12277,54.62747,4165.83327,1.1803,64.08676,7.284776539,2.713770935,43.99999925
7.12506,9.17326,54.75476,4161.50803,1.15503,64.19788,7.140663026,2.660084859,43.99999925
7.14923,9.22375,54.87905,4157.2683,1.12753,64.30712,7.002631585,2.608664516,43.99999925
7.17327,9.27424,55.00011,4153.11125,1.09789,64.41455,6.870651937,2.559498624,43.99999925
7.19719,9.32472,55.11771,4149.03402,1.06618,64.52025,6.744681192,2.512571207,43.99999925
7.221,9.3752,55.23165,4145.03379,1.03251,64.6243,6.624665918,2.46786236,43.99999925
7.2447,9.42568,55.34172,4141.10773,0.99695,64.72679,6.510544046,2.42534896,43.99999925
7.26828,9.47615,55.44774,4137.25302,0.9596,64.82779,6.402246611,2.385005316,43.99999925
7.29176,9.52663,55.54953,4133.46689,0.92054,64.92738,6.299699348,2.346803762,43.99999925
7.31513,9.57709,55.64691,4129.74655,0.87985,65.02564,6.202824139,2.310715198,43.99999925
7.33839,9.62756,55.73972,4126.08926,0.83762,65.12265,6.111540319,2.276709573,43.99999925
7.36155,9.67803,55.82781,4122.49229,0.79393,65.21848,6.025765858,2.24475633,43.99999925
7.3846,9.72849,55.91104,4118.95295,0.74886,65.31322,5.945418417,2.214824794,43.99999925
7.40759,9.77893,55.99114,4115.46448,0.73709,65.32126,5.86886574,2.186306907,0
7.43055,9.82933,56.06981,4112.02135,0.72363,65.32932,5.794577276,2.1586325,0
7.45349,9.8797,56.14688,4108.62269,0.70854,65.3374,5.722633896,2.131831698,0
7.4764,9.93004,56.22217,4105.26758,0.69186,65.3455,5.653104334,2.105930106,0
7.49929,9.98033,56.29554,4101.95504,0.67364,65.35363,5.586048878,2.080950185,0
7.52215,10.0306,56.3668,4098.68406,0.65394,65.36178,5.521520013,2.056911485,0
7.54498,10.08082,56.43582,4095.45359,0.6328,65.36995,5.459563052,2.033830887,0
7.56779,10.13102,56.50245,4092.26253,0.61028,65.37814,5.400216758,2.01172283,0
7.59057,10.18118,56.56654,4089.10975,0.58643,65.38636,5.343513942,1.99059954,0
7.61333,10.23131,56.62796,4085.99411,0.5613,65.39459,5.289482047,1.970471237,0
7.63606,10.2814,56.68658,4082.9144,0.53497,65.40286,5.238143703,1.951346353,0
7.65877,10.33147,56.74228,4079.86943,0.50747,65.41114,5.189517257,1.933231723,0
7.68146,10.3815,56.79495,4076.85796,0.47887,65.41945,5.143617279,1.916132773,0
7.70412,10.4315,56.84447,4073.87873,0.44922,65.42777,5.100455035,1.900053702,0
7.72676,10.48147,56.89074,4070.93046,0.41858,65.43613,5.060038941,1.884997643,0
7.74937,10.53142,56.93366,4068.01187,0.38702,65.4445,5.022374973,1.870966824,0
7.77197,10.58133,56.97314,4065.12164,0.35458,65.4529,4.98746706,1.857962708,0
7.79453,10.63121,57.0091,4062.25844,0.32132,65.46132,4.955317443,1.84598613,0
7.81708,10.68106,57.04146,4059.42094,0.28731,65.46977,4.925927005,1.835037418,0
7.8396,10.73089,57.07015,4056.60776,0.2526,65.47824,4.899295569,1.825116508,0
7.8621,10.78068,57.09509,4053.81755,0.21724,65.48673,4.875422179,1.816223042,0
7.88458,10.83045,57.11624,4051.04891,0.18131,65.49525,4.854305339,1.808356463,0
7.90703,10.88019,57.13353,4048.30044,0.14485,65.50379,4.835943233,1.801516095,0
7.92946,10.9299,57.14693,4045.57073,0.10792,65.51235,4.820333918,1.795701215,0
7.95187,10.97959,57.15638,4042.85835,0.07059,65.52094,4.807475491,1.790911113,0
7.97425,11.02925,57.16186,4040.16186,0.03291,65.52955,4.797366227,1.787145146,0
7.99662,11.07888,57.16333,4037.4798,-0.00506,65.53819,4.790004695,1.784402781,0
8.01896,11.12848,57.16078,4034.81071,-0.04326,65.54684,4.78538985,1.78268363,0
8.04128,11.17806,57.15419,4032.15311,-0.08164,65.55553,4.783521101,1.781987472,0
8.06358,11.22761,57.14355,4029.50548,-0.12013,65.56423,4.784398351,1.782314271,0
8.08585,11.27713,57.12885,4026.86633,-0.15867,65.57296,4.788022016,1.783664182,0
8.1081,11.32663,57.11009,4024.23412,-0.19721,65.58171,4.794393027,1.786037551,0
8.13034,11.37611,57.0873,4021.60731,-0.23569,65.59049,4.803512792,1.789434903,0
8.15254,11.42555,57.06047,4018.98434,-0.27405,65.59929,4.815383155,1.793856926,0
8.17473,11.47497,57.02963,4016.36363,-0.31223,65.60812,4.830006312,1.799304436,0
8.1969,11.52437,56.99482,4013.7436,-0.35017,65.61696,4.847384718,1.80577835,0
8.21904,11.57374,56.95605,4011.12263,-0.38781,65.62583,4.867520962,1.81327963,0
8.24116,11.62308,56.91338,4008.4991,-0.4251,65.63473,4.890417617,1.821809237,0
8.26326,11.6724,56.86685,4005.87138,-0.46197,65.64364,4.916077072,1.831368059,0
8.28534,11.72169,56.81651,4003.23779,-0.49836,65.65259,4.94450133,1.841956843,0
8.30739,11.77095,56.76241,4000.59668,-0.53421,65.66155,4.975691788,1.853576109,0
8.32943,11.82019,56.70463,3997.94634,-0.56947,65.67053,5.009648984,1.866226058,0
8.35144,11.8694,56.64323,3995.28509,-0.60407,65.67954,5.046372325,1.879906469,0
8.37342,11.91859,56.57829,3992.6112,-0.63796,65.68858,5.085859783,1.894616586,0
8.39539,11.96775,56.5099,3989.92293,-0.67107,65.69763,5.128107565,1.910354997,0
8.41733,12.01688,56.43813,3987.21855,-0.70335,65.70671,5.173109759,1.927119498,0
8.43926,12.06598,56.36309,3984.4963,-0.73473,65.7158,5.220857951,1.944906956,0
8.46115,12.11506,56.28488,3981.75441,-0.76516,65.72492,5.271340812,1.96371315,0
8.48303,12.16411,56.20361,3978.99112,-0.79457,65.73407,5.324543669,1.983532614,0
8.50488,12.21314,56.11939,3976.20465,-0.82291,65.74323,5.380448042,2.004358464,0
8.52671,12.26213,56.03233,3973.3932,-0.85012,65.75242,5.43903116,2.026182217,0
8.54852,12.3111,55.94257,3970.55501,-0.87614,65.76162,5.500265455,2.048993603,0
8.5703,12.36004,55.85024,3967.6883,-0.90092,65.77085,5.564118037,2.07278037,0
8.59206,12.40895,55.75546,3964.79128,-0.92438,65.7801,5.63055015,2.097528079,0
8.6138,12.45783,55.6584,3961.86219,-0.94649,65.78937,5.699516611,2.123219901,0
8.63551,12.50668,55.55918,3958.89928,-0.96719,65.79866,5.770965246,2.149836397,0
8.6572,12.5555,55.45797,3955.90082,-0.98641,65.80797,5.84483631,2.177355312,0
8.67886,12.6043,55.35493,3952.8651,-1.00411,65.8173,5.921061913,2.205751355,0
8.7005,12.65306,55.25022,3949.79042,-1.02024,65.82665,5.999565444,2.234995986,0
8.72212,12.70179,55.144,3946.67513,-1.03474,65.83602,6.080261009,2.265057207,0
8.74368,12.7505,55.03535,3943.52016,-1.06908,65.91806,6.164023344,2.296260881,32.99999944
8.76515,12.7992,54.92332,3940.32577,-1.10196,66.0012,6.251776665,2.328951302,32.99999944
8.78654,12.84791,54.80807,3937.08936,-1.13333,66.0855,6.343509116,2.363124054,32.99999944
8.80784,12.8966,54.68976,3933.80832,-1.1631,66.17099,6.439198207,2.398770758,32.99999944
8.82904,12.94529,54.56858,3930.48004,-1.1912,66.25774,6.538812118,2.43587956,32.99999944
8.85016,12.99398,54.44469,3927.1019,-1.21756,66.34579,6.642308581,2.474434716,32.99999944
8.87118,13.04266,54.3183,3923.6713,-1.24211,66.43518,6.74963372,2.514416154,32.99999944
8.89211,13.09133,54.1896,3920.18565,-1.26477,66.52598,6.860720854,2.555799034,32.99999944
8.91295,13.14,54.05878,3916.64239,-1.28548,66.61822,6.975489282,2.598553294,32.99999944
8.93368,13.18866,53.92607,3913.03898,-1.30417,66.71195,7.09384306,2.64264319,32.99999944
8.95432,13.23731,53.79167,3909.37293,-1.32077,66.80722,7.215669769,2.688026845,32.99999944
8.97486,13.28596,53.65582,3905.64181,-1.33521,66.90407,7.340839308,2.734655791,32.99999944
8.9953,13.33459,53.51873,3901.84323,-1.34744,67.00255,7.469202716,2.782474538,32.99999944
9.01564,13.38322,53.38064,3897.97489,-1.35739,67.1027,7.600591043,2.831420147,32.99999944
9.03587,13.43184,53.24179,3894.03456,-1.36501,67.20455,7.734814299,2.881421842,32.99999944
9.05599,13.48045,53.10243,3890.02013,-1.37025,67.30815,7.871660494,2.93240065,32.99999944
9.07601,13.52905,52.96281,3885.92958,-1.37305,67.41353,8.010894796,2.984269091,32.99999944
9.09592,13.57764,52.82317,3881.76104,-1.37338,67.52072,8.152258842,3.036930917,32.99999944
9.11571,13.62622,52.68378,3877.51274,-1.37118,67.62976,8.295470213,3.090280921,32.99999944
9.13539,13.67479,52.5449,3873.18312,-1.36643,67.74066,8.440222113,3.144204813,32.99999944
9.15496,13.72335,52.40679,3868.77075,-1.3591,67.85345,8.586183278,3.198579187,32.99999944
9.17441,13.77189,52.2697,3864.27439,-1.34917,67.96815,8.732998133,3.253271583,32.99999944
9.19374,13.82042,52.13392,3859.69301,-1.33661,68.08477,8.880287239,3.308140651,32.99999944
9.21295,13.86893,51.9997,3855.02579,-1.32142,68.20333,9.02764804,3.363036427,32.99999944
9.23203,13.91743,51.8673,3850.27215,-1.3036,68.32382,9.174655939,3.417800737,32.99999944
9.251,13.96592,51.737,3845.43174,-1.28315,68.44625,9.320865714,3.472267725,32.99999944
9.26983,14.01439,51.60905,3840.50447,-1.26009,68.57061,9.465813298,3.526264514,32.99999944
9.28854,14.06284,51.48372,3835.49052,-1.23444,68.69689,9.609017918,3.579612003,32.99999944
9.30711,14.11127,51.36125,3830.39035,-1.20624,68.82507,9.749984599,3.632125801,32.99999944
9.32556,14.15969,51.2419,3825.20471,-1.17552,68.95514,9.88820703,3.683617293,32.99999944
9.34387,14.20808,51.1259,3819.93465,-1.14233,69.08705,10.02317077,3.733894839,32.99999944
9.36205,14.25645,51.01351,3814.58152,-1.10675,69.22077,10.1543568,3.782765085,32.99999944
9.38008,14.30481,50.90494,3809.14696,-1.06883,69.35627,10.2812453,3.83003439,32.99999944
9.39798,14.35314,50.80042,3803.63296,-1.02867,69.49349,10.40331978,3.875510345,32.99999944
9.41574,14.40145,50.70015,3798.04177,-0.98634,69.63237,10.52007132,3.919003366,32.99999944
9.43336,14.44973,50.60435,3792.37599,-0.94195,69.77286,10.63100302,3.960328342,32.99999944
9.45083,14.49799,50.51318,3786.63848,-0.89562,69.91489,10.7356345,3.999306322,32.99999944
9.46816,14.54622,50.42684,3780.83242,-0.84745,70.05838,10.83350645,4.035766201,32.99999944
9.48535,14.59443,50.34547,3774.96127,-0.79758,70.20325,10.92418512,4.069546388,32.99999944
9.50238,14.64261,50.26924,3769.02873,-0.74615,70.34942,11.00726661,4.10049643,32.99999944
9.51927,14.69076,50.19827,3763.03878,-0.69329,70.49679,11.0823811,4.128478554,32.99999944
9.53601,14.73888,50.13268,3756.99563,-0.63917,70.64528,11.14919666,4.153369107,32.99999944
9.5526,14.78697,50.07257,3750.9037,-0.58393,70.79477,11.20742277,4.175059868,32.99999944
9.56904,14.83503,50.01803,3744.76758,-0.52775,70.94518,11.25681346,4.193459197,32.99999944
9.58533,14.88305,49.96911,3738.59207,-0.47079,71.09638,11.29716985,4.208493014,32.99999944
9.60146,14.93105,49.92588,3732.38207,-0.41322,71.24827,11.32834231,4.220105578,32.99999944
9.61745,14.97901,49.88837,3726.14262,-0.35522,71.40073,11.35023198,4.228260054,32.99999944
9.63328,15.02693,49.85658,3719.87882,-0.29698,71.55366,11.36279163,4.232938856,32.99999944
9.64895,15.07482,49.83052,3713.59586,-0.23866,71.70693,11.36602607,4.23414377,32.99999944
9.66448,15.12267,49.81017,3707.29894,-0.18045,71.86043,11.35999179,4.23189584,32.99999944
9.67985,15.17049,49.79548,3700.99326,-0.12253,72.01405,11.34479606,4.226235033,32.99999944
9.69507,15.21827,49.7864,3694.68399,-0.06508,72.16766,11.32059549,4.217219685,32.99999944
9.71014,15.26601,49.78286,3688.37625,-0.00827,72.32117,11.28759396,4.204925744,32.99999944
9.72506,15.31371,49.78477,3682.07507,0.04773,72.47445,11.24604007,4.189445828,32.99999944
9.73982,15.36138,49.79203,3675.78538,0.10275,72.6274,11.19622421,4.17088811,32.99999944
9.75444,15.409,49.8045,3669.51198,0.15664,72.77991,11.13847514,4.149375061,32.99999944
9.76891,15.45658,49.82207,3663.2595,0.20922,72.93189,11.0731563,4.125042075,32.99999944
9.78322,15.50413,49.84458,3657.03241,0.26036,73.08323,11.00066189,4.098035999,32.99999944
9.79739,15.55163,49.87187,3650.835,0.30992,73.23385,10.92141271,4.068513593,32.99999944
9.81142,15.59909,49.90377,3644.67133,0.35775,73.38365,10.83585193,4.036639952,32.99999944
9.82529,15.64651,49.94008,3638.54525,0.40374,73.53255,10.74444084,4.002586916,32.99999944
9.83903,15.69388,49.98062,3632.46038,0.44778,73.68048,10.64765457,3.966531486,32.99999944
9.85262,15.74122,50.02517,3626.4201,0.48974,73.82736,10.54597796,3.928654271,32.99999944
9.86607,15.78851,50.07353,3620.42754,0.52954,73.97313,10.4399015,3.889137998,32.99999944
9.87937,15.83576,50.12548,3614.48558,0.56708,74.11774,10.32991755,3.848166084,32.99999944
9.89254,15.88297,50.18078,3608.59686,0.60229,74.26112,10.21651674,3.805921298,32.99999944
9.90558,15.93014,50.2392,3602.76374,0.63509,74.40323,10.10018462,3.762584521,32.99999944
9.91847,15.97726,50.3005,3596.98834,0.66543,74.54403,9.981398645,3.718333622,32.99999944
9.93123,16.02434,50.36444,3591.27254,0.69326,74.68349,9.860625469,3.673342436,32.99999944
9.94386,16.07138,50.43077,3585.61796,0.71853,74.82156,9.73831851,3.627779875,32.99999944
9.95636,16.11838,50.49925,3580.02598,0.74121,74.95824,9.614915897,3.581809155,32.99999944
9.96873,16.16533,50.56963,3574.49777,0.76128,75.0935,9.490838714,3.53558714,32.99999944
9.98097,16.21225,50.64165,3569.03424,0.77872,75.22733,9.366489565,3.48926381,32.99999944
9.99309,16.25912,50.71506,3563.63611,0.79352,75.35972,9.242251447,3.442981842,32.99999944
10.00508,16.30595,50.78962,3558.30387,0.80568,75.49067,9.118486915,3.396876298,32.99999944
10.01695,16.35274,50.86508,3553.03785,0.81521,75.62018,8.995537512,3.35107441,32.99999944
10.0287,16.39949,50.94119,3547.83814,0.82213,75.74826,8.873723457,3.305695469,32.99999944
10.04032,16.44619,51.01772,3542.70471,0.82645,75.87491,8.753343563,3.260850791,32.99999944
10.05183,16.49286,51.09441,3537.63731,0.82819,76.00016,8.634675353,3.216643761,32.99999944
10.06323,16.53949,51.17104,3532.63557,0.8274,76.12401,8.51797537,3.173169947,32.99999944
10.07451,16.58608,51.24737,3527.69895,0.82411,76.2465,8.403479636,3.130517273,32.99999944
10.08567,16.63262,51.32318,3522.8268,0.81836,76.36764,8.291404251,3.088766243,32.99999944
10.09673,16.67913,51.39825,3518.01832,0.8102,76.48747,8.18194611,3.047990206,32.99999944
10.10767,16.7256,51.47235,3513.27259,0.79968,76.60602,8.075283708,3.008255655,32.99999944
10.11851,16.77204,51.54528,3508.58861,0.78685,76.72331,7.971578019,2.969622557,32.99999944
10.12924,16.81843,51.61683,3503.96525,0.77178,76.83938,7.870973435,2.932144702,32.99999944
10.13986,16.86479,51.6868,3499.40131,0.75451,76.95427,7.773598741,2.895870067,32.99999944
10.15037,16.91111,51.75501,3494.89549,0.73513,77.06803,7.679568115,2.860841184,32.99999944
10.16079,16.95739,51.82126,3490.44642,0.71368,77.18068,7.588982137,2.827095524,32.99999944
10.1711,17.00363,51.88538,3486.05267,0.69025,77.29228,7.501928805,2.794665867,32.99999944
10.18131,17.04984,51.94719,3481.71273,0.6649,77.40286,7.41848453,2.763580679,32.99999944
10.19142,17.09601,52.00654,3477.42505,0.63771,77.51247,7.338715119,2.733864475,32.99999944
10.20143,17.14215,52.06325,3473.188,0.60875,77.62116,7.262676734,2.705538176,32.99999944
10.21134,17.18825,52.11719,3468.99994,0.57809,77.72898,7.190416804,2.678619451,32.99999944
10.22116,17.23432,52.16821,3464.85915,0.54581,77.83596,7.121974921,2.653123049,32.99999944
10.23088,17.28035,52.21616,3460.76389,0.51199,77.94217,7.057383674,2.62906111,32.99999944
10.24051,17.32635,52.26094,3456.71239,0.47671,78.04765,6.996669453,2.606443465,32.99999944
10.25004,17.37231,52.30241,3452.70282,0.44005,78.15244,6.939853197,2.585277915,32.99999944
10.25947,17.41824,52.34045,3448.73335,0.40208,78.25661,6.886951103,2.565570492,32.99999944
10.26882,17.46413,52.37498,3444.8021,0.36289,78.3602,6.837975275,2.547325708,32.99999944
10.27807,17.50999,52.40588,3440.90718,0.32256,78.46325,6.792934333,2.530546772,32.99999944
10.28723,17.55582,52.43306,3437.04666,0.28117,78.56584,6.751833965,2.515235803,32.99999944
10.29631,17.60161,52.45645,3433.21861,0.2388,78.66799,6.714677438,2.501394019,32.99999944
10.30529,17.64737,52.47597,3429.42104,0.19554,78.76977,6.681466048,2.489021903,32.99999944
10.31418,17.6931,52.49154,3425.65197,0.15146,78.87124,6.652199534,2.478119356,32.99999944
10.32298,17.73879,52.50311,3421.9094,0.10664,78.97243,6.626876436,2.468685836,32.99999944
10.33169,17.78445,52.51063,3418.1913,0.06118,79.0734,6.605494411,2.460720469,32.99999944
10.34032,17.83008,52.51405,3414.49562,0.01515,79.17422,6.588050498,2.454222153,32.99999944
10.34885,17.87568,52.51333,3410.82028,-0.03137,79.27492,6.574541346,2.449189638,32.99999944
10.3573,17.92124,52.50844,3407.16322,-0.07828,79.37557,6.564963387,2.445621596,32.99999944
10.36566,17.96677,52.49936,3403.52231,-0.12552,79.47621,6.559312977,2.44351667,32.99999944
10.37394,18.01227,52.48607,3399.89545,-0.17299,79.57691,6.557586484,2.442873506,32.99999944
10.38212,18.05773,52.46856,3396.28048,-0.22061,79.6777,6.559780339,2.443690775,32.99999944
10.39022,18.10317,52.44684,3392.67524,-0.2683,79.77866,6.565891048,2.445967174,32.99999944
10.39823,18.14857,52.4209,3389.07756,-0.31598,79.87982,6.575915152,2.449701417,32.99999944
10.40616,18.19393,52.39077,3385.48523,-0.36356,79.98126,6.589849156,2.4548922,32.99999944
10.41399,18.23927,52.35646,3381.89604,-0.41096,80.08301,6.607689413,2.461538165,32.99999944
10.42174,18.28457,52.31801,3378.30775,-0.4581,80.18514,6.629431967,2.469637839,32.99999944
10.4294,18.32984,52.27545,3374.7181,-0.50488,80.28769,6.655072351,2.479189556,32.99999944
10.43698,18.37508,52.22882,3371.12481,-0.55124,80.39074,6.68460535,2.490191375,32.99999944
10.44446,18.42028,52.17817,3367.52559,-0.59707,80.49432,6.718024721,2.502640971,32.99999944
10.45186,18.46545,52.12356,3363.91814,-0.64231,80.59849,6.755322868,2.516535512,32.99999944
10.45917,18.51058,52.06506,3360.30013,-0.68686,80.70332,6.796490478,2.53187153,32.99999944
10.46638,18.55568,52.00274,3356.6692,-0.73065,80.80885,6.841516116,2.548644764,32.99999944
10.47351,18.60075,51.93668,3353.02302,-0.77358,80.91515,6.89038578,2.56685,32.99999944
10.48055,18.64578,51.86696,3349.3592,-0.81558,81.02226,6.943082408,2.586480881,32.99999944
10.4875,18.69078,51.79368,3345.67538,-0.85656,81.13024,6.99958536,2.607529717,32.99999944
10.49435,18.73574,51.71695,3341.96915,-0.89644,81.23915,7.05986984,2.629987272,32.99999944
10.50112,18.78067,51.63686,3338.23813,-0.93514,81.34904,7.1239063,2.653842538,32.99999944
10.50779,18.82556,51.55354,3334.47993,-0.97257,81.45997,7.191659797,2.679082498,32.99999944
10.51437,18.87041,51.46711,3330.69214,-1.00865,81.572,7.263089316,2.705691874,32.99999944
10.52085,18.91523,51.37769,3326.87237,-1.0433,81.68517,7.338147072,2.733652863,32.99999944
10.52724,18.96001,51.28543,3323.01825,-1.07645,81.79954,7.416777771,2.762944867,32.99999944
10.53354,19.00475,51.19046,3319.1274,-1.108,81.91517,7.498917863,2.793544212,32.99999944
10.53973,19.04945,51.09293,3315.19746,-1.1379,82.03211,7.584494764,2.82542386,32.99999944
10.54583,19.09411,50.993,3311.22612,-1.16605,82.15041,7.673426082,2.858553115,32.99999944
10.55184,19.13874,50.89084,3307.21107,-1.19239,82.27012,7.765618821,2.892897336,32.99999944
10.55774,19.18332,50.7866,3303.15005,-1.21684,82.39129,7.860968607,2.928417641,32.99999944
10.56354,19.22786,50.68046,3299.04085,-1.23933,82.51397,7.959358917,2.96507062,32.99999944
10.56924,19.27236,50.57259,3294.88129,-1.2598,82.63821,8.060660331,3.002808062,32.99999944
10.57484,19.31682,50.4632,3290.66927,-1.27817,82.76405,8.164729826,3.041576687,32.99999944
10.58033,19.36123,50.35245,3286.40275,-1.29439,82.89154,8.271410112,3.081317901,32.99999944
10.58572,19.4056,50.24055,3282.07976,-1.3084,83.02072,8.380529028,3.121967568,32.99999944
10.591,19.44992,50.12769,3277.69843,-1.32014,83.15162,8.491899017,3.163455819,32.99999944
10.59618,19.4942,50.01407,3273.25697,-1.32956,83.2843,8.605316687,3.205706885,32.99999944
10.60125,19.53843,49.89991,3268.75372,-1.33661,83.41877,8.720562477,3.248638974,32.99999944
10.6062,19.58261,49.7854,3264.1871,-1.34126,83.55507,8.837400446,3.292164192,32.99999944
10.61105,19.62674,49.67076,3259.55568,-1.34346,83.69324,8.955578199,3.336188514,32.99999944
10.61584,19.67082,49.55784,3254.85373,-1.30483,83.7037,9.072715641,3.379825294,0
10.62061,19.71484,49.44849,3250.07714,-1.26325,83.71415,9.186305813,3.422140622,0
10.62536,19.7588,49.34296,3245.22731,-1.21882,83.72459,9.29586476,3.462954212,0
10.6301,19.80269,49.24148,3240.30591,-1.17163,83.73502,9.400919279,3.502089785,0
10.63483,19.84652,49.14426,3235.3149,-1.12181,83.74545,9.501005122,3.539374395,0
10.63954,19.89028,49.05152,3230.25654,-1.06948,83.75587,9.595671247,3.574640017,0
10.64423,19.93398,48.96345,3225.13336,-1.0148,83.76628,9.684484117,3.607725148,0
10.64891,19.97761,48.88022,3219.94816,-0.95791,83.77668,9.767031991,3.638476403,0
10.65357,20.02117,48.80201,3214.70402,-0.89898,83.78707,9.842929131,3.666750084,0
10.65822,20.06466,48.72896,3209.40426,-0.83819,83.79745,9.911819843,3.692413687,0
10.66286,20.10809,48.6612,3204.05244,-0.77571,83.80782,9.973382288,3.715347318,0
10.66748,20.15144,48.59886,3198.65232,-0.71176,83.81818,10.02733198,3.735444998,0
10.67208,20.19473,48.54203,3193.20789,-0.64652,83.82853,10.07342493,3.752615833,0
10.67667,20.23794,48.49079,3187.72329,-0.58022,83.83887,10.1114603,3.76678501,0
10.68124,20.28108,48.44521,3182.20282,-0.51305,83.8492,10.14128265,3.77789462,0
10.6858,20.32414,48.40532,3176.65092,-0.44526,83.85952,10.16278357,3.78590428,0
10.69034,20.36714,48.37115,3171.07213,-0.37705,83.86982,10.1759028,3.790791538,0
10.69486,20.41006,48.34271,3165.47105,-0.30865,83.88012,10.18062872,3.792552067,0
10.69937,20.4529,48.31999,3159.85235,-0.24029,83.89041,10.17699828,3.791199634,0
10.70387,20.49567,48.30294,3154.22072,-0.1722,83.90068,10.16509634,3.786765848,0
10.70835,20.53837,48.29153,3148.58083,-0.1046,83.91094,10.1450544,3.779299698,0
10.71281,20.58099,48.28567,3142.93735,-0.0377,83.9212,10.11704884,3.768866888,0
10.71726,20.62354,48.28529,3137.29486,0.02826,83.93144,10.0812986,3.755548984,0
10.72169,20.66601,48.29028,3131.65788,0.09309,83.94167,10.03806249,3.739442394,0
10.72611,20.70841,48.30051,3126.03085,0.15658,83.95189,9.98763602,3.720657208,0
10.73051,20.75073,48.31586,3120.41803,0.21853,83.96209,9.930347977,3.699315905,0
10.7349,20.79298,48.33617,3114.82359,0.27875,83.97229,9.866556688,3.675551971,0
10.73927,20.83515,48.36126,3109.25152,0.33706,83.98247,9.796646131,3.649508449,0
10.74363,20.87725,48.39098,3103.70562,0.39329,83.99265,9.721021913,3.621336438,0
10.74797,20.91927,48.42511,3098.18952,0.44729,84.00281,9.640107199,3.591193578,0
10.75229,20.96122,48.46347,3092.70664,0.4989,84.01296,9.554338666,3.559242543,0
10.75661,21.0031,48.50583,3087.26018,0.548,84.02311,9.464162527,3.525649558,0
10.7609,21.0449,48.55197,3081.85315,0.59445,84.03324,9.370030694,3.490582974,0
10.76518,21.08663,48.60167,3076.4883,0.63814,84.04336,9.272397119,3.454211898,0
10.76945,21.12829,48.65468,3071.16818,0.67898,84.05347,9.171714363,3.416704922,0
10.7737,21.16988,48.71077,3065.8951,0.71687,84.06357,9.068430412,3.378228933,0
10.77794,21.2114,48.76968,3060.67115,0.75175,84.07366,8.962985789,3.338948037,0
10.78216,21.25285,48.83115,3055.49819,0.78354,84.08374,8.855810952,3.29902259,0
10.78637,21.29423,48.89494,3050.37786,0.8122,84.09381,8.747324014,3.258608351,0
10.79056,21.33554,48.96078,3045.31157,0.83768,84.10387,8.637928772,3.217855745,0
10.79475,21.37679,49.02842,3040.30052,0.85996,84.11392,8.528013053,3.176909248,0
10.79891,21.41796,49.09759,3035.34573,0.87901,84.12396,8.417947367,3.135906884,0
10.80306,21.45907,49.16803,3030.448,0.89483,84.13399,8.308083852,3.094979834,0
10.8072,21.50012,49.23948,3025.60792,0.90743,84.14402,8.198755502,3.054252147,0
10.81133,21.5411,49.31169,3020.82594,0.9168,84.15403,8.090275655,3.013840549,0
10.81544,21.58202,49.3844,3016.10231,0.92298,84.16404,7.982937724,2.973854346,0
10.81954,21.62287,49.45736,3011.43712,0.92598,84.17404,7.877015143,2.934395398,0
10.82362,21.66366,49.53032,3006.83031,0.92585,84.18403,7.772761511,2.895558177,0
10.82769,21.70439,49.60304,3002.28165,0.92263,84.19402,7.670410909,2.857429884,0
10.83175,21.74506,49.67527,2997.79082,0.91637,84.204,7.570178365,2.820090624,0
10.8358,21.78567,49.74679,2993.35732,0.90713,84.21396,7.472260451,2.783613625,0
10.83983,21.82623,49.81737,2988.98057,0.89496,84.22393,7.376835975,2.748065497,0
10.84385,21.86672,49.88678,2984.65985,0.87994,84.23388,7.284066774,2.713506528,0
10.84786,21.90716,49.95481,2980.39435,0.86213,84.24383,7.194098553,2.679990999,0
10.85185,21.94754,50.02124,2976.18317,0.84162,84.25377,7.107061794,2.647567516,0
10.85583,21.98786,50.08589,2972.02531,0.81848,84.26371,7.023072684,2.616279363,0
10.8598,22.02813,50.14854,2967.91968,0.7928,84.27364,6.942234065,2.58616485,0
10.86376,22.06835,50.20902,2963.86514,0.76467,84.28356,6.864636393,2.557257676,0
10.8677,22.10851,50.26715,2959.86046,0.73417,84.29348,6.790358688,2.529587276,0
10.87164,22.14862,50.32274,2955.90435,0.70141,84.30339,6.719469477,2.50317918,0
10.87556,22.18868,50.37565,2951.99546,0.66647,84.3133,6.652027703,2.478055345,0
10.87946,22.22868,50.4257,2948.1324,0.62945,84.3232,6.588083616,2.45423449,0
10.88336,22.26864,50.47276,2944.3137,0.59045,84.33309,6.527679625,2.431732414,0
10.88725,22.30854,50.51668,2940.53786,0.54957,84.34299,6.470851106,2.410562295,0
10.89112,22.3484,50.55733,2936.80335,0.50692,84.35287,6.417627175,2.390734981,0
10.89498,22.3882,50.59459,2933.10857,0.4626,84.36275,6.36803141,2.372259253,0
10.89883,22.42796,50.62834,2929.45191,0.41671,84.37263,6.322082527,2.355142085,0
10.90267,22.46767,50.65847,2925.8317,0.36935,84.3825,6.279795008,2.339388872,0
10.9065,22.50733,50.68489,2922.24626,0.32064,84.39237,6.241179679,2.325003646,0
10.91031,22.54694,50.70751,2918.69385,0.27067,84.40223,6.206244234,2.311989273,0
10.91412,22.58651,50.72623,2915.17272,0.21956,84.41209,6.174993716,2.300347633,0
10.91791,22.62603,50.741,2911.68109,0.16741,84.42194,6.14743094,2.290079774,0
10.92169,22.66551,50.75173,2908.21715,0.11434,84.43179,6.123556872,2.281186055,0
10.92546,22.70494,50.75839,2904.77906,0.06044,84.44163,6.103370958,2.273666271,0
10.92922,22.74432,50.76091,2901.36494,0.00583,84.45148,6.086871404,2.267519753,0
10.93297,22.78366,50.75926,2897.97292,-0.04938,84.46131,6.074055405,2.262745456,0
10.93671,22.82295,50.75341,2894.60106,-0.10509,84.47115,6.064919334,2.25934203,0
10.94044,22.8622,50.74333,2891.24743,-0.16119,84.48098,6.05945888,2.257307867,0
10.94415,22.90141,50.729,2887.91005,-0.21756,84.4908,6.057669139,2.256641141,0
10.94786,22.94057,50.71043,2884.58694,-0.2741,84.50062,6.059544663,2.257339823,0
10.95155,22.97969,50.68761,2881.27608,-0.33069,84.51044,6.065079468,2.259401684,0
10.95524,23.01876,50.66054,2877.97542,-0.38724,84.52025,6.074266985,2.262824275,0
10.95891,23.05779,50.62926,2874.68289,-0.44362,84.53006,6.087099983,2.267604905,0
10.96257,23.09678,50.59378,2871.39642,-0.49974,84.53987,6.103570438,2.273740583,0
10.96622,23.13572,50.55414,2868.11389,-0.55547,84.54967,6.123669363,2.281227961,0
10.96986,23.17462,50.51038,2864.83315,-0.61071,84.55947,6.147386593,2.290063253,0
10.97349,23.21348,50.46255,2861.55206,-0.66536,84.56926,6.17471053,2.300242139,0
10.97711,23.25229,50.41071,2858.26845,-0.71929,84.57905,6.205627844,2.311759652,0
10.98072,23.29106,50.35493,2854.9801,-0.77241,84.58884,6.240123133,2.324610055,0
10.98432,23.32978,50.29528,2851.68482,-0.8246,84.59862,6.278178538,2.338786694,0
10.98791,23.36846,50.23184,2848.38035,-0.87575,84.60839,6.319773326,2.354281847,0
10.99148,23.4071,50.16471,2845.06447,-0.92575,84.61817,6.364883422,2.371086545,0
10.99505,23.44569,50.09397,2841.73491,-0.97451,84.62794,6.413480911,2.389190388,0
10.9986,23.48424,50.01975,2838.38941,-1.02191,84.6377,6.465533502,2.408581348,0
11.00215,23.52275,49.94215,2835.02567,-1.06784,84.64746,6.521003951,2.42924555,0
11.00568,23.56121,49.86129,2831.64143,-1.1122,84.65722,6.57984946,2.45116705,0
11.0092,23.59962,49.7773,2828.23439,-1.15488,84.66697,6.642021038,2.474327599,0
11.01272,23.63799,49.69033,2824.80228,-1.19578,84.67671,6.707462845,2.498706394,0
11.01622,23.67631,49.6005,2821.34284,-1.23481,84.68645,6.776111511,2.524279828,0
11.01971,23.71459,49.50798,2817.85378,-1.27185,84.69619,6.847895433,2.551021228,0
11.02319,23.75282,49.41292,2814.33288,-1.30682,84.70592,6.922734074,2.578900591,0
11.02666,23.791,49.31548,2810.77792,-1.33961,84.71564,7.00053725,2.607884321,0
11.03012,23.82914,49.21584,2807.1867,-1.37013,84.72536,7.081204424,2.637934966,0
11.03357,23.86723,49.11417,2803.55706,-1.3983,84.73508,7.164624018,2.669010959,0
11.037,23.90527,49.01066,2799.88691,-1.42403,84.74479,7.250672742,2.701066373,0
11.04043,23.94326,48.90549,2796.17418,-1.44723,84.75449,7.339214964,2.73405068,0
11.04385,23.9812,48.79886,2792.41686,-1.46782,84.76419,7.430102123,2.767908539,0
11.04725,24.01909,48.69097,2788.61302,-1.48574,84.77388,7.523172203,2.802579592,0
11.05065,24.05693,48.58202,2784.76081,-1.5009,84.78356,7.618249277,2.837998304,0
11.05403,24.09472,48.47222,2780.85845,-1.51325,84.79324,7.715143145,2.874093819,0
11.0574,24.13246,48.36178,2776.90426,-1.52272,84.80291,7.813649062,2.910789865,0
11.06076,24.17015,48.25092,2772.89667,-1.52927,84.81257,7.913547595,2.948004697,0
11.06411,24.20778,48.13985,2768.83422,-1.53284,84.82222,8.014604601,2.985651091,0
11.06745,24.24536,48.02879,2764.71557,-1.53341,84.83187,8.116571355,3.023636389,0
11.07078,24.28288,47.91798,2760.53951,-1.53093,84.84151,8.219184837,3.061862611,0
11.07409,24.32035,47.80761,2756.30501,-1.52538,84.85115,8.32216819,3.10022662,0
11.0774,24.35776,47.69793,2752.01113,-1.51675,84.86077,8.42523136,3.138620363,0
11.08069,24.39512,47.58916,2747.65716,-1.50504,84.87039,8.52807193,3.176931181,0
11.08398,24.43242,47.48151,2743.24251,-1.49025,84.87999,8.630376151,3.215042195,0
11.08725,24.46965,47.3752,2738.76679,-1.47238,84.88959,8.731820177,3.252832764,0
11.09051,24.50683,47.27046,2734.22981,-1.45148,84.89918,8.832071502,3.29017902,0
11.09376,24.54395,47.16749,2729.63156,-1.42756,84.90876,8.930790606,3.326954484,0
11.09699,24.58101,47.06652,2724.97223,-1.40067,84.91833,9.02763278,3.363030742,0
11.10022,24.61801,46.96774,2720.25222,-1.37088,84.92789,9.122250156,3.398278204,0
11.10343,24.65494,46.87135,2715.47215,-1.33824,84.93744,9.214293885,3.432566915,0
11.10663,24.69181,46.77754,2710.63283,-1.30284,84.94698,9.303416482,3.465767427,0
11.10982,24.72862,46.68651,2705.73532,-1.26476,84.95652,9.38927429,3.49775172,0
11.113,24.76536,46.59843,2700.78085,-1.2241,84.96604,9.471530042,3.528394151,0
11.11617,24.80204,46.51348,2695.7709,-1.18098,84.97554,9.549855491,3.557572442,0
11.11932,24.83865,46.4318,2690.70713,-1.13551,84.98504,9.623934084,3.585168667,0
11.12247,24.87519,46.35356,2685.59144,-1.08784,84.99453,9.693463613,3.611070246,0
11.1256,24.91167,46.27889,2680.4259,-1.03809,85.004,9.758158843,3.635170921,0
11.12872,24.94807,46.20792,2675.21277,-0.98643,85.01347,9.817754044,3.657371702,0
11.13183,24.98441,46.14076,2669.95452,-0.93301,85.02292,9.872005409,3.677581763,0
11.13492,25.02067,46.07752,2664.65376,-0.878,85.03236,9.920693302,3.695719284,0
11.13801,25.05687,46.01829,2659.31328,-0.82158,85.04179,9.963624314,3.711712216,0
11.14108,25.093,45.96315,2653.936,-0.76393,85.0512,10.00063308,3.725498954,0
11.14414,25.12905,45.91216,2648.52499,-0.70524,85.06061,10.03158382,3.737028919,0
11.14719,25.16503,45.86537,2643.08343,-0.6457,85.07,10.05637161,3.746263025,0
11.15022,25.20094,45.82281,2637.61458,-0.58551,85.07938,10.07492334,3.75317403,0
11.15325,25.23677,45.78451,2632.1218,-0.52488,85.08874,10.08719827,3.757746766,0
11.15626,25.27254,45.75047,2626.60853,-0.46399,85.09809,10.09318837,3.759978237,0
11.15926,25.30822,45.72069,2621.07822,-0.40307,85.10743,10.09291822,3.759877598,0
11.16225,25.34384,45.69515,2615.53437,-0.3423,85.11676,10.08644458,3.757465998,0
11.16522,25.37938,45.6738,2609.9805,-0.2819,85.12607,10.0738557,3.752776308,0
11.16819,25.41484,45.6566,2604.4201,-0.22207,85.13537,10.05527021,3.745852724,0
11.17114,25.45023,45.6435,2598.85667,-0.16299,85.14466,10.03083581,3.736750266,0
11.17408,25.48555,45.6344,2593.29362,-0.10487,85.15393,10.00072764,3.72553418,0
11.17701,25.52079,45.62922,2587.73435,-0.04789,85.1632,9.965146424,3.712279242,0
11.17993,25.55596,45.62787,2582.18216,0.00777,85.17244,9.924316437,3.697068997,0
11.18283,25.59105,45.63024,2576.64027,0.06192,85.18168,9.878483256,3.679994931,0
11.18572,25.62607,45.63619,2571.11182,0.11441,85.1909,9.827911422,3.661155593,0
11.1886,25.66101,45.64559,2565.59981,0.16507,85.20011,9.772881994,3.640655683,0
11.19147,25.69588,45.65831,2560.10714,0.21375,85.2093,9.713690051,3.618605127,0
11.19433,25.73067,45.67419,2554.63657,0.26031,85.21849,9.650642178,3.595118135,0
11.19718,25.7654,45.69307,2549.19071,0.30461,85.22766,9.584053965,3.570312274,0
11.20001,25.80004,45.71479,2543.77205,0.34654,85.23682,9.514247561,3.544307552,0
11.20284,25.83462,45.73917,2538.3829,0.38598,85.24596,9.441549303,3.517225537,0
11.20565,25.86912,45.76603,2533.02545,0.42282,85.25509,9.366287445,3.489188515,0
11.20845,25.90355,45.79519,2527.70168,0.45699,85.26421,9.288790025,3.460318687,0
11.21124,25.93791,45.82645,2522.41347,0.48839,85.27332,9.209382861,3.430737429,0
11.21402,25.9722,45.85962,2517.16248,0.51696,85.28242,9.12838772,3.400564608,0
11.21678,26.00641,45.89452,2511.95026,0.54263,85.2915,9.046120643,3.369917957,0
11.21954,26.04056,45.93093,2506.77815,0.56537,85.30057,8.962890459,3.338912524,0
11.22228,26.07464,45.96865,2501.64736,0.58512,85.30963,8.878997467,3.307660177,0
11.22502,26.10864,46.0075,2496.55895,0.60187,85.31868,8.794732307,3.276269188,0
11.22774,26.14258,46.04726,2491.51381,0.61558,85.32772,8.710375002,3.244843872,0
11.23045,26.17645,46.08774,2486.51267,0.62626,85.33674,8.626194179,3.2134843,0
11.23316,26.21026,46.12873,2481.55615,0.6339,85.34576,8.542446447,3.182286067,0
11.23585,26.244,46.17004,2476.6447,0.63852,85.35476,8.459375943,3.151340118,0
11.23853,26.27767,46.21146,2471.77864,0.64012,85.36375,8.377214013,3.120732637,0
11.2412,26.31127,46.25282,2466.95816,0.63873,85.37274,8.296179035,3.090544976,0
11.24386,26.34481,46.2939,2462.18332,0.63439,85.38171,8.216476368,3.060853636,0
11.24651,26.37829,46.33454,2457.45408,0.62713,85.39067,8.138298404,3.031730287,0
11.24915,26.4117,46.37454,2452.77026,0.61701,85.39962,8.061824725,3.003241829,0
11.25178,26.44505,46.41372,2448.13158,0.60407,85.40856,7.987222343,2.975450479,0
11.2544,26.47834,46.45191,2443.53766,0.58838,85.41749,7.914646019,2.948413889,0
11.25701,26.51157,46.48894,2438.98801,0.57,85.42642,7.844238637,2.922185287,0
11.25961,26.54474,46.52465,2434.48206,0.549,85.43533,7.776131632,2.896813635,0
11.2622,26.57784,46.55887,2430.01914,0.52546,85.44423,7.710445464,2.872343809,0
11.26478,26.61089,46.59145,2425.59851,0.49945,85.45313,7.64729011,2.848816778,0
11.26735,26.64387,46.62225,2421.21933,0.47107,85.46201,7.586765593,2.826269803,0
11.26991,26.6768,46.65112,2416.88069,0.44039,85.47089,7.52896251,2.804736634,0
11.27246,26.70967,46.67794,2412.58163,0.40752,85.47975,7.473962574,2.784247711,0
11.275,26.74248,46.70256,2408.3211,0.37254,85.48861,7.421839153,2.764830365,0
11.27753,26.77524,46.72488,2404.098,0.33556,85.49746,7.372657799,2.746509016,0
11.28005,26.80794,46.74476,2399.91115,0.29668,85.5063,7.326476768,2.729305367,0
11.28257,26.84058,46.76212,2395.75934,0.25599,85.51514,7.28334752,2.713238588,0
11.28507,26.87317,46.77684,2391.6413,0.21361,85.52396,7.243315202,2.698325496,0
11.28757,26.9057,46.78884,2387.55569,0.16964,85.53278,7.206419099,2.684580727,0
11.29005,26.93817,46.79802,2383.50114,0.1242,85.54159,7.172693067,2.672016892,0
11.29253,26.9706,46.80432,2379.47623,0.07739,85.55039,7.142165924,2.660644729,0
11.295,27.00297,46.80764,2375.4795,0.02933,85.55918,7.114861828,2.650473234,0
11.29745,27.03528,46.80794,2371.50945,-0.01987,85.56797,7.090800597,2.641509792,0
11.2999,27.06754,46.80516,2367.56453,-0.0701,85.57674,7.069998017,2.633760284,0
11.30234,27.09975,46.79924,2363.64316,-0.12122,85.58551,7.052466102,2.627229185,0
11.30478,27.13191,46.79014,2359.74373,-0.17314,85.59428,7.038213322,2.621919649,0
11.3072,27.16401,46.77783,2355.86459,-0.22573,85.60303,7.027244792,2.617833583,0
11.30961,27.19606,46.76229,2352.00405,-0.27886,85.61178,7.019562425,2.614971699,0
11.31202,27.22806,46.74349,2348.1604,-0.33243,85.62052,7.015165057,2.613333564,0
11.31442,27.26001,46.72142,2344.33192,-0.38631,85.62925,7.014048516,2.612917623,0
11.3168,27.29191,46.69607,2340.51681,-0.44038,85.63797,7.016205676,2.613721222,0
11.31918,27.32376,46.66745,2336.71331,-0.49453,85.64669,7.021626463,2.615740608,0
11.32155,27.35555,46.63557,2332.91957,-0.54862,85.6554,7.030297826,2.618970918,0
11.32392,27.38729,46.60044,2329.13378,-0.60255,85.6641,7.04220368,2.623406162,0
11.32627,27.41899,46.5621,2325.35406,-0.65618,85.6728,7.057324808,2.629039181,0
11.32862,27.45063,46.52056,2321.57855,-0.70941,85.68149,7.075638738,2.635861601,0
11.33095,27.48222,46.47588,2317.80533,-0.76211,85.69017,7.09711958,2.64386378,0
11.33328,27.51376,46.42809,2314.03251,-0.81415,85.69884,7.121737841,2.65303473,0
11.3356,27.54525,46.37726,2310.25816,-0.86544,85.70751,7.149460206,2.66336204,0
11.33791,27.57668,46.32343,2306.48034,-0.91584,85.71616,7.180249296,2.674831786,0
11.34022,27.60807,46.26668,2302.69713,-0.96524,85.72481,7.214063399,2.68742843,0
11.34251,27.63941,46.20708,2298.90656,-1.01353,85.73346,7.250856181,2.701134709,0
11.3448,27.67069,46.14472,2295.10671,-1.06059,85.74209,7.290576375,2.715931526,0
11.34707,27.70192,46.07967,2291.29561,-1.1063,85.75072,7.333167455,2.731797824,0
11.34934,27.73311,46.01203,2287.47133,-1.15057,85.75934,7.378567297,2.74871046,0
11.3516,27.76423,45.94191,2283.63194,-1.19328,85.76795,7.426707827,2.766644074,0
11.35386,27.79531,45.8694,2279.77552,-1.23432,85.77656,7.477514673,2.785570961,0
11.3561,27.82634,45.79462,2275.90017,-1.2736,85.78515,7.530906801,2.805460934,0
11.35834,27.85731,45.71768,2272.004,-1.311,85.79374,7.58679617,2.826281194,0
11.36056,27.88823,45.63871,2268.08517,-1.34644,85.80232,7.645087387,2.847996206,0
11.36278,27.9191,45.55784,2264.14184,-1.37981,85.81089,7.705677379,2.870567572,0
11.36499,27.94991,45.4752,2260.17224,-1.41103,85.81946,7.768455091,2.893953922,0
11.36719,27.98067,45.39092,2256.17461,-1.44001,85.82801,7.833301203,2.918110805,0
11.36939,28.01138,45.30515,2252.14725,-1.46666,85.83656,7.900087891,2.942990603,0
11.37157,28.04203,45.21804,2248.08853,-1.49092,85.84509,7.968678625,2.968542456,0
11.37375,28.07263,45.12972,2243.99685,-1.5127,85.85362,8.038928013,2.994712202,0
11.37592,28.10317,45.04037,2239.87069,-1.53193,85.86214,8.110681713,3.021442343,0
11.37808,28.13366,44.95014,2235.70862,-1.54856,85.87065,8.183776394,3.048672035,0
11.38023,28.16409,44.85917,2231.50925,-1.56253,85.87915,8.258039781,3.076337101,0
11.38237,28.19446,44.76764,2227.27131,-1.57378,85.88764,8.333290772,3.104370074,0
11.38451,28.22477,44.67572,2222.99361,-1.58228,85.89612,8.409339641,3.132700279,0
11.38663,28.25503,44.58355,2218.67504,-1.58799,85.9046,8.485988339,3.161253936,0
11.38875,28.28523,44.49132,2214.31463,-1.59088,85.91306,8.563030879,3.189954309,0
11.39086,28.31537,44.39918,2209.91149,-1.59094,85.92151,8.640253833,3.218721891,0
11.39296,28.34546,44.30731,2205.46486,-1.58813,85.92995,8.717436932,3.247474627,0
11.39505,28.37548,44.21587,2200.97411,-1.58248,85.93838,8.794353769,3.276128172,0
11.39714,28.40544,44.12502,2196.43872,-1.57397,85.9468,8.870772614,3.304596203,0
11.39921,28.43534,44.03493,2191.85831,-1.56262,85.95521,8.946457332,3.332790752,0
11.40128,28.46518,43.94576,2187.23266,-1.54846,85.96361,9.021168406,3.360622592,0
11.40333,28.49496,43.85767,2182.56165,-1.53151,85.972,9.094664062,3.388001658,0
11.40538,28.52467,43.77081,2177.84533,-1.51183,85.98038,9.166701485,3.414837494,0
11.40742,28.55432,43.68534,2173.08391,-1.48946,85.98874,9.23703812,3.441039741,0
11.40945,28.58391,43.60141,2168.27771,-1.46446,85.9971,9.305433046,3.46651865,0
11.41148,28.61343,43.51915,2163.42724,-1.4369,86.00544,9.371648418,3.491185619,0
11.41349,28.64289,43.4387,2158.53314,-1.40686,86.01377,9.435450948,3.51495374,0
11.4155,28.67228,43.3602,2153.59621,-1.37444,86.02209,9.496613429,3.537738373,0
11.41749,28.7016,43.28377,2148.61738,-1.33974,86.03039,9.554916265,3.559457714,0
11.41948,28.73086,43.20953,2143.59775,-1.30285,86.03869,9.610149006,3.580033363,0
11.42146,28.76005,43.13759,2138.53855,-1.2639,86.04697,9.662111857,3.599390892,0
11.42343,28.78917,43.06805,2133.44116,-1.22302,86.05524,9.710617148,3.617460389,0
11.42539,28.81823,43.00101,2128.30708,-1.18034,86.06349,9.755490741,3.634176983,0
11.42735,28.84721,42.93655,2123.13795,-1.136,86.07173,9.796573357,3.649481339,0
11.42929,28.87613,42.87476,2117.93551,-1.09014,86.07996,9.833721808,3.663320114,0
11.43123,28.90498,42.81569,2112.70165,-1.04293,86.08818,9.866810105,3.675646375,0
11.43315,28.93375,42.75941,2107.43834,-0.99452,86.09638,9.895730435,3.686419959,0
11.43507,28.96246,42.70597,2102.14764,-0.94508,86.10457,9.920393997,3.695607785,0
11.43698,28.99109,42.6554,2096.83171,-0.89478,86.11275,9.940731671,3.703184104,0
11.43888,29.01965,42.60774,2091.4928,-0.84379,86.12091,9.956694518,3.709130684,0
11.44077,29.04814,42.56301,2086.1332,-0.79229,86.12906,9.968254107,3.713436935,0
11.44265,29.07656,42.52121,2080.75526,-0.74046,86.13719,9.975402658,3.716099959,0
11.44453,29.1049,42.48234,2075.36139,-0.68847,86.14531,9.978153006,3.717124536,0
11.44639,29.13318,42.44639,2069.95402,-0.63651,86.15342,9.976538382,3.716523046,0
11.44825,29.16137,42.41334,2064.5356,-0.58475,86.16151,9.970612016,3.714315319,0
11.4501,29.1895,42.38317,2059.1086,-0.53338,86.16959,9.960446581,3.710528426,0
11.45194,29.21755,42.35582,2053.67548,-0.48257,86.17766,9.946133461,3.705196413,0
11.45377,29.24553,42.33126,2048.2387,-0.4325,86.18571,9.92778189,3.69835997,0
11.45559,29.27344,42.30942,2042.80067,-0.38333,86.19375,9.905517948,3.690066065,0
11.4574,29.30127,42.29023,2037.36381,-0.33523,86.20177,9.879483437,3.680367525,0
11.4592,29.32903,42.27363,2031.93046,-0.28836,86.20978,9.849834668,3.669322579,0
11.461,29.35672,42.25953,2026.50293,-0.24288,86.21777,9.816741155,3.656994374,0
11.46279,29.38433,42.24783,2021.08347,-0.19893,86.22575,9.780384252,3.643450471,0
11.46457,29.41187,42.23844,2015.67425,-0.15666,86.23372,9.740955736,3.628762312,0
11.46634,29.43933,42.23126,2010.27738,-0.1162,86.24167,9.698656377,3.613004687,0
11.4681,29.46673,42.22617,2004.89487,-0.07768,86.24961,9.65369448,3.596255198,0
11.46985,29.49405,42.22307,1999.52867,-0.04122,86.25754,9.606284452,3.578593715,0
11.4716,29.52129,42.22182,1994.18062,-0.00692,86.26545,9.556645379,3.560101854,0
11.47333,29.54847,42.2223,1988.85246,0.0251,86.27335,9.504999651,3.540862462,0
11.47506,29.57557,42.22439,1983.54584,0.05476,86.28123,9.451571624,3.520959116,0
11.47678,29.6026,42.22794,1978.26231,0.08197,86.2891,9.396586357,3.500475657,0
11.47849,29.62956,42.23283,1973.00329,0.10666,86.29696,9.340268415,3.479495742,0
11.4802,29.65645,42.23892,1967.77014,0.12877,86.3048,9.282840745,3.458102424,0
11.48189,29.68327,42.24605,1962.56405,0.14822,86.31263,9.224523647,3.43637777,0
11.48358,29.71001,42.2541,1957.38616,0.16499,86.32045,9.165533828,3.414402511,0
11.48526,29.73669,42.26291,1952.23746,0.17903,86.32826,9.106083549,3.392255718,0
11.48693,29.76329,42.27235,1947.11885,0.1903,86.33605,9.046379866,3.370014525,0
11.48859,29.78983,42.28227,1942.03111,0.1988,86.34383,8.986623966,3.34775388,0
11.49025,29.8163,42.29252,1936.97493,0.20451,86.35159,8.927010591,3.325546329,0
11.4919,29.8427,42.30296,1931.95089,0.20743,86.35935,8.867727556,3.303461839,0
11.49354,29.86903,42.31345,1926.95945,0.20756,86.36709,8.808955349,3.281567645,0
11.49517,29.8953,42.32386,1922.00099,0.20491,86.37481,8.750866815,3.259928138,0
11.49679,29.92149,42.33403,1917.07578,0.19952,86.38253,8.693626919,3.23860477,0
11.49841,29.94762,42.34384,1912.184,0.1914,86.39024,8.637392574,3.217655997,0
11.50002,29.97369,42.35315,1907.32573,0.18059,86.39793,8.582312543,3.197137237,0
11.50162,29.99969,42.36183,1902.50095,0.16714,86.40561,8.528527396,3.177100854,0
11.50322,30.02562,42.36976,1897.70958,0.15109,86.41328,8.476169519,3.157596167,0
11.5048,30.05149,42.3768,1892.95144,0.13251,86.42093,8.425363177,3.138669468,0
11.50638,30.07729,42.38285,1888.22625,0.11145,86.42858,8.376224611,3.120364059,0
11.50796,30.10303,42.38778,1883.53368,0.08798,86.43621,8.328862176,3.102720306,0
11.50952,30.12871,42.39149,1878.87331,0.06218,86.44384,8.283376507,3.085775698,0
11.51108,30.15433,42.39387,1874.24464,0.03412,86.45145,8.239860707,3.069564917,0
11.51263,30.17988,42.39481,1869.64711,0.00389,86.45905,8.198400555,3.054119919,0
11.51417,30.20537,42.39421,1865.08009,-0.02843,86.46664,8.15907473,3.039470015,0
11.51571,30.23079,42.392,1860.54289,-0.06274,86.47422,8.121955041,3.025641954,0
11.51724,30.25616,42.38807,1856.03475,-0.09896,86.48178,8.087106667,3.012660018,0
11.51876,30.28146,42.38236,1851.55486,-0.13697,86.48934,8.05458839,3.000546104,0
11.52028,30.30671,42.37477,1847.10233,-0.17668,86.49689,8.024452831,2.989319816,0
11.52179,30.33189,42.36525,1842.67624,-0.21799,86.50442,7.996746686,2.978998548,0
11.52329,30.35702,42.35372,1838.27561,-0.26077,86.51195,7.97151094,2.969597568,0
11.52479,30.38208,42.34013,1833.89942,-0.30493,86.51946,7.948781083,2.961130098,0
11.52628,30.40709,42.32442,1829.54659,-0.35035,86.52697,7.928587304,2.953607385,0
11.52776,30.43203,42.30655,1825.216,-0.39691,86.53446,7.910954681,2.947038769,0
11.52923,30.45692,42.28648,1820.90649,-0.4445,86.54195,7.895903342,2.941431749,0
11.5307,30.48175,42.26416,1816.61685,-0.49299,86.54942,7.883448616,2.936792036,0
11.53216,30.50652,42.23958,1812.34585,-0.54227,86.55689,7.87360117,2.933123603,0
11.53362,30.53123,42.2127,1808.09222,-0.59221,86.56434,7.866367114,2.930428726,0
11.53507,30.55589,42.18351,1803.85464,-0.6427,86.57178,7.8617481,2.928708022,0
11.53651,30.58048,42.15199,1799.63177,-0.6936,86.57922,7.859741395,2.927960472,0
11.53794,30.60502,42.11815,1795.42226,-0.7448,86.58664,7.860339935,2.928183444,0
11.53937,30.62951,42.08198,1791.2247,-0.79617,86.59406,7.863532356,2.929372705,0
11.5408,30.65393,42.04348,1787.03768,-0.84759,86.60146,7.869303018,2.931522428,0
11.54221,30.6783,42.00268,1782.85976,-0.89893,86.60886,7.877631999,2.934625193,0
11.54362,30.70261,41.95958,1778.68947,-0.95006,86.61624,7.888495075,2.938671974,0
11.54503,30.72687,41.91421,1774.52536,-1.00087,86.62362,7.901863689,2.943652135,0
11.54642,30.75107,41.8666,1770.36592,-1.05123,86.63098,7.917704899,2.949553402,0
11.54781,30.77521,41.81678,1766.20966,-1.10102,86.63834,7.935981315,2.956361848,0
11.5492,30.79929,41.7648,1762.05507,-1.15012,86.64568,7.956651029,2.96406186,0
11.55058,30.82332,41.71069,1757.90062,-1.19841,86.65302,7.979667524,2.972636111,0
11.55195,30.84729,41.65452,1753.74482,-1.24577,86.66034,8.004979594,2.982065522,0
11.55332,30.87121,41.59633,1749.58613,-1.29208,86.66766,8.032531235,2.992329234,0
11.55467,30.89507,41.53618,1745.42304,-1.33724,86.67496,8.062261559,3.003404562,0
11.55603,30.91887,41.47415,1741.25406,-1.38113,86.68226,8.094104687,3.015266964,0
11.55738,30.94261,41.4103,1737.07767,-1.42364,86.68954,8.127989655,3.027890007,0
11.55872,30.9663,41.34471,1732.89241,-1.46467,86.69682,8.163840329,3.041245326,0
11.56005,30.98993,41.27745,1728.69679,-1.50411,86.70408,8.20157532,3.055302603,0
11.56138,31.01351,41.20861,1724.4894,-1.54188,86.71134,8.241107918,3.070029536,0
11.5627,31.03702,41.13827,1720.26879,-1.57786,86.71858,8.282346042,3.085391822,0
11.56402,31.06048,41.06653,1716.03359,-1.61198,86.72582,8.325192204,3.101353145,0
11.56533,31.08388,40.99348,1711.78244,-1.64414,86.73304,8.369543503,3.117875171,0
11.56663,31.10723,40.91922,1707.51403,-1.67426,86.74026,8.415291641,3.134917556,0
11.56793,31.13051,40.84385,1703.22707,-1.70227,86.74746,8.462322969,3.152437963,0
11.56922,31.15374,40.76747,1698.92034,-1.7281,86.75465,8.510518568,3.170392092,0
11.57051,31.1769,40.69019,1694.59267,-1.75168,86.76183,8.559754369,3.188733723,0
11.57179,31.20001,40.61211,1690.24292,-1.77295,86.769,8.609901306,3.207414776,0
11.57306,31.22306,40.53334,1685.87004,-1.79185,86.77616,8.660825515,3.226385384,0
11.57433,31.24605,40.454,1681.47301,-1.80834,86.78331,8.712388583,3.245593984,0
11.57559,31.26898,40.3742,1677.05092,-1.82239,86.79045,8.764447836,3.264987425,0
11.57684,31.29185,40.29404,1672.60289,-1.83395,86.79758,8.816856677,3.284511098,0
11.57809,31.31466,40.21365,1668.12814,-1.843,86.80469,8.869464982,3.304109075,0
11.57933,31.33741,40.13313,1663.62596,-1.84952,86.81179,8.922119532,3.323724281,0
11.58057,31.36009,40.05261,1659.09572,-1.8535,86.81889,8.97466451,3.343298668,0
11.5818,31.38272,39.97219,1654.53689,-1.85495,86.82597,9.026942036,3.362773421,0
11.58303,31.40528,39.89198,1649.94902,-1.85385,86.83304,9.078792754,3.382089178,0
11.58424,31.42779,39.81209,1645.33174,-1.85024,86.84009,9.130056468,3.401186261,0
11.58546,31.45022,39.73264,1640.6848,-1.84412,86.84714,9.180572809,3.420004927,0
11.58666,31.4726,39.65373,1636.00802,-1.83553,86.85417,9.230181954,3.438485639,0
11.58786,31.49491,39.57547,1631.30133,-1.82451,86.86119,9.278725367,3.456569337,0
11.58906,31.51716,39.49795,1626.56476,-1.81111,86.8682,9.326046574,3.474197732,0
11.59024,31.53934,39.42128,1621.79844,-1.79538,86.8752,9.371991958,3.491313596,0
11.59143,31.56146,39.34555,1617.00259,-1.77739,86.88218,9.416411568,3.50786107,0
11.5926,31.58352,39.27085,1612.17755,-1.75721,86.88915,9.459159937,3.523785962,0
11.59377,31.60551,39.19727,1607.32374,-1.73491,86.89611,9.500096895,3.539036056,0
11.59493,31.62743,39.12489,1602.44168,-1.71059,86.90305,9.539088381,3.553561411,0
11.59609,31.64929,39.05379,1597.53199,-1.68435,86.90999,9.576007228,3.567314652,0
11.59724,31.67108,38.98405,1592.5954,-1.65628,86.91691,9.610733928,3.580251262,0
11.59839,31.6928,38.91572,1587.63271,-1.62649,86.92381,9.64315736,3.592329843,0
11.59953,31.71446,38.84888,1582.6448,-1.59512,86.93071,9.673175475,3.603512381,0
11.60066,31.73605,38.78357,1577.63267,-1.56227,86.93759,9.700695931,3.613764475,0
11.60178,31.75757,38.71986,1572.59737,-1.52807,86.94445,9.725636664,3.623055554,0
11.60291,31.77902,38.65778,1567.54005,-1.49267,86.9513,9.747926399,3.631359067,0
11.60402,31.80041,38.59737,1562.4619,-1.45619,86.95814,9.767505084,3.638652642,0
11.60513,31.82173,38.53867,1557.3642,-1.41879,86.96497,9.784324251,3.644918224,0
11.60623,31.84297,38.4817,1552.2483,-1.38061,86.97178,9.79834729,3.650142175,0
11.60733,31.86415,38.42648,1547.11557,-1.3418,86.97858,9.809549641,3.654315346,0
11.60842,31.88526,38.37302,1541.96746,-1.30251,86.98536,9.817918899,3.657433115,0
11.6095,31.9063,38.32132,1536.80545,-1.2629,86.99213,9.823454826,3.659495393,0
11.61058,31.92727,38.2714,1531.63105,-1.22312,86.99889,9.826169282,3.660506599,0
11.61165,31.94816,38.22324,1526.44582,-1.18332,87.00563,9.826086062,3.660475598,0
11.61272,31.96899,38.17683,1521.25132,-1.14367,87.01236,9.823240657,3.65941561,0
11.61378,31.98975,38.13214,1516.04914,-1.10433,87.01907,9.817679923,3.65734409,0
11.61483,32.01044,38.08916,1510.84088,-1.06543,87.02578,9.809461686,3.654282581,0
11.61588,32.03105,38.04785,1505.62814,-1.02714,87.03246,9.798654268,3.650256533,0
11.61692,32.0516,38.00818,1500.41251,-0.9896,87.03913,9.78533595,3.645295109,0
11.61796,32.07207,37.9701,1495.19558,-0.95296,87.04579,9.769594383,3.639430961,0
11.61899,32.09248,37.93356,1489.97893,-0.91736,87.05244,9.751525941,3.632699991,0
11.62001,32.11281,37.89851,1484.76411,-0.88294,87.05907,9.731235038,3.625141096,0
11.62103,32.13308,37.8649,1479.55264,-0.84983,87.06568,9.708833406,3.616795899,0
11.62204,32.15327,37.83266,1474.34603,-0.81816,87.07228,9.684439351,3.607708471,0
11.62305,32.17339,37.80172,1469.14572,-0.78805,87.07887,9.658176986,3.597925049,0
11.62405,32.19344,37.77202,1463.95315,-0.75961,87.08544,9.630175462,3.587493745,0
11.62505,32.21342,37.74347,1458.76968,-0.73296,87.092,9.600568187,3.576464256,0
11.62604,32.23333,37.71601,1453.59664,-0.7082,87.09855,9.569492055,3.564887579,0
11.62702,32.25317,37.68954,1448.43531,-0.68542,87.10508,9.537086684,3.552815726,0
11.628,32.27294,37.664,1443.2869,-0.66472,87.1116,9.503493676,3.540301446,0
11.62897,32.29264,37.63928,1438.15257,-0.64616,87.1181,9.468855894,3.527397961,0
11.62994,32.31227,37.61531,1433.03342,-0.62982,87.12459,9.433316772,3.514158703,0
11.6309,32.33183,37.592,1427.93049,-0.61578,87.13107,9.397019653,3.500637071,0
11.63185,32.35132,37.56924,1422.84475,-0.60407,87.13753,9.360107168,3.486886199,0
11.6328,32.37074,37.54696,1417.7771,-0.59476,87.14398,9.322720648,3.472958737,0
11.63375,32.39009,37.52506,1412.72839,-0.58788,87.15042,9.284999581,3.458906647,0
11.63469,32.40938,37.50345,1407.69939,-0.58347,87.15684,9.247081108,3.444781018,0
11.63562,32.42859,37.48203,1402.69079,-0.58154,87.16325,9.209099567,3.430631895,0
11.63655,32.44774,37.46071,1397.70323,-0.58212,87.16965,9.171186075,3.416508122,0
11.63747,32.46682,37.43939,1392.73728,-0.58522,87.17603,9.133468158,3.402457205,0
11.63839,32.48583,37.418,1387.79342,-0.59082,87.1824,9.096069416,3.38852519,0
11.6393,32.50478,37.39643,1382.87209,-0.59894,87.18876,9.059109242,3.374756552,0
11.64021,32.52365,37.3746,1377.97365,-0.60954,87.1951,9.022702566,3.361194108,0
11.64111,32.54247,37.35243,1373.09838,-0.62262,87.20143,8.986959651,3.347878931,0
11.64201,32.56121,37.32981,1368.2465,-0.63813,87.20775,8.951985911,3.334850293,0
11.6429,32.57989,37.30668,1363.41818,-0.65605,87.21406,8.917881775,3.322145605,0
11.64378,32.5985,37.28295,1358.6135,-0.67633,87.22035,8.884742577,3.309800381,0
11.64467,32.61705,37.25855,1353.83251,-0.69893,87.22663,8.852658468,3.297848207,0
11.64554,32.63553,37.23339,1349.07515,-0.72378,87.2329,8.821714369,3.286320716,0
11.64641,32.65395,37.2074,1344.34135,-0.75083,87.23916,8.791989931,3.275247581,0
11.64728,32.6723,37.18051,1339.63094,-0.78001,87.2454,8.763559527,3.264656507,0
11.64814,32.69059,37.15267,1334.94372,-0.81124,87.25163,8.736492255,3.254573236,0
11.64899,32.70882,37.12379,1330.27942,-0.84445,87.25785,8.710851962,3.245021552,0
11.64985,32.72698,37.09383,1325.63772,-0.87956,87.26406,8.686697279,3.236023297,0
11.65069,32.74508,37.06272,1321.01825,-0.91648,87.27025,8.664081662,3.227598385,0
11.65153,32.76312,37.03042,1316.42057,-0.95511,87.27643,8.643053449,3.219764822,0
11.65237,32.78109,36.99688,1311.84422,-0.99537,87.28261,8.62365592,3.212538732,0
11.6532,32.799,36.96204,1307.28866,-1.03715,87.28877,8.605927364,3.205934378,0
11.65403,32.81685,36.92588,1302.75335,-1.08035,87.29491,8.589901141,3.199964189,0
11.65485,32.83463,36.88834,1298.23765,-1.12486,87.30105,8.575605762,3.194638784,0
11.65567,32.85236,36.84941,1293.74092,-1.17059,87.30717,8.563064948,3.189967001,0
11.65648,32.87002,36.80904,1289.26247,-1.2174,87.31329,8.55229771,3.185955921,0
11.65729,32.88762,36.76723,1284.80157,-1.2652,87.31939,8.54331841,3.182610896,0
11.65809,32.90517,36.72393,1280.35744,-1.31387,87.32548,8.536136829,3.179935568,0
11.65889,32.92265,36.67915,1275.92928,-1.36328,87.33156,8.530758231,3.177931899,0
11.65968,32.94007,36.63286,1271.51627,-1.41333,87.33762,8.527183419,3.176600187,0
11.66047,32.95743,36.58506,1267.11755,-1.46388,87.34368,8.525408794,3.175939093,0
11.66126,32.97472,36.53575,1262.73222,-1.51483,87.34973,8.525426405,3.175945654,0
11.66204,32.99196,36.48492,1258.35936,-1.56605,87.35576,8.527223999,3.176615305,0
11.66282,33.00914,36.43258,1253.99805,-1.61741,87.36178,8.530785066,3.177941896,0
11.66359,33.02626,36.37874,1249.64733,-1.66881,87.36779,8.536088881,3.179917706,0
11.66436,33.04332,36.32341,1245.30621,-1.72011,87.37379,8.543110549,3.182533462,0
11.66512,33.06032,36.2666,1240.97372,-1.7712,87.37978,8.551821038,3.185778349,0
11.66588,33.07727,36.20834,1236.64885,-1.82196,87.38576,8.562187225,3.189640026,0
11.66663,33.09415,36.14866,1232.33057,-1.87228,87.39172,8.574171929,3.194104644,0
11.66738,33.11097,36.08757,1228.01789,-1.92203,87.39768,8.587733957,3.199156856,0
11.66813,33.12773,36.02511,1223.70975,-1.9711,87.40362,8.602828147,3.204779839,0
11.66887,33.14444,35.96131,1219.40515,-2.01938,87.40956,8.619405412,3.210955306,0
11.6696,33.16108,35.89621,1215.10304,-2.06677,87.41548,8.637412798,3.217663531,0
11.67034,33.17767,35.82986,1210.80241,-2.11315,87.42139,8.65679354,3.224883368,0
11.67106,33.1942,35.76229,1206.50224,-2.15842,87.42729,8.677487134,3.232592276,0
11.67179,33.21067,35.69356,1202.20151,-2.20249,87.43318,8.699429409,3.240766351,0
11.67251,33.22708,35.6237,1197.89924,-2.24526,87.43905,8.72255262,3.249380355,0
11.67322,33.24343,35.55278,1193.59443,-2.28663,87.44492,8.746785546,3.258407758,0
11.67393,33.25972,35.48085,1189.28612,-2.32652,87.45077,8.772053606,3.267820775,0
11.67464,33.27595,35.40797,1184.97338,-2.36485,87.45662,8.79827899,3.27759042,0
11.67534,33.29212,35.33419,1180.65527,-2.40154,87.46245,8.825380798,3.287686557,0
11.67604,33.30824,35.25957,1176.33092,-2.43652,87.46827,8.853275212,3.29807796,0
11.67674,33.32429,35.18418,1171.99945,-2.46972,87.47408,8.881875673,3.308732384,0
11.67743,33.34029,35.10808,1167.66004,-2.50108,87.47988,8.911093079,3.319616637,0
11.67811,33.35622,35.03134,1163.3119,-2.53055,87.48566,8.940836012,3.330696662,0
11.67879,33.3721,34.95402,1158.95426,-2.55807,87.49144,8.971010972,3.341937629,0
11.67947,33.38792,34.87618,1154.58642,-2.5836,87.4972,9.001522642,3.353304028,0
11.68015,33.40367,34.7979,1150.20771,-2.60712,87.50295,9.032274167,3.364759781,0
11.68082,33.41937,34.71925,1145.8175,-2.62859,87.50869,9.063167455,3.376268343,0
11.68148,33.43501,34.64028,1141.41522,-2.64798,87.51442,9.0941035,3.387792834,0
11.68214,33.45058,34.56107,1137.00034,-2.6653,87.52014,9.124982716,3.399296154,0
11.6828,33.4661,34.48168,1132.57239,-2.68052,87.52584,9.155705298,3.410741125,0
11.68345,33.48155,34.40219,1128.13097,-2.69365,87.53153,9.18617159,3.42209062,0
11.6841,33.49695,34.32265,1123.6757,-2.7047,87.53721,9.216282472,3.433307716,0
11.68475,33.51228,34.24314,1119.20629,-2.71369,87.54288,9.245939758,3.444355835,0
11.68539,33.52756,34.16371,1114.7225,-2.72063,87.54854,9.275046603,3.455198901,0
11.68603,33.54277,34.08442,1110.22414,-2.72556,87.55418,9.303507914,3.465801488,0
11.68666,33.55792,34.00535,1105.7111,-2.72852,87.55982,9.331230772,3.476128982,0
11.68729,33.57301,33.92654,1101.18332,-2.72955,87.56544,9.358124848,3.486147733,0
11.68791,33.58804,33.84805,1096.64081,-2.7287,87.57105,9.384102817,3.49582521,0
11.68853,33.603,33.76993,1092.08362,-2.72605,87.57664,9.409080774,3.505130156,0
11.68915,33.6179,33.69224,1087.5119,-2.72165,87.58222,9.432978631,3.514032737,0
11.68976,33.63274,33.61503,1082.92582,-2.71558,87.5878,9.455720508,3.522504684,0
11.69037,33.64752,33.53834,1078.32565,-2.70793,87.59335,9.477235103,3.530519437,0
11.69098,33.66224,33.46221,1073.7117,-2.69877,87.5989,9.497456048,3.538052271,0
11.69158,33.67689,33.38668,1069.08432,-2.68821,87.60443,9.516322234,3.545080422,0
11.69217,33.69148,33.3118,1064.44397,-2.67634,87.60995,9.533778119,3.551583198,0
11.69277,33.70601,33.23758,1059.79111,-2.66327,87.61546,9.549774002,3.557542086,0
11.69336,33.72047,33.16407,1055.12628,-2.64911,87.62096,9.564266262,3.562940834,0
11.69394,33.73487,33.09129,1050.45007,-2.63398,87.62644,9.577217569,3.567765536,0
11.69452,33.74921,33.01926,1045.76312,-2.61799,87.63191,9.588597055,3.572004694,0
11.6951,33.76348,32.94799,1041.06611,-2.60126,87.63737,9.598380448,3.575649266,0
11.69567,33.77769,32.87751,1036.35977,-2.58392,87.64281,9.606550169,3.578692701,0
11.69624,33.79184,32.80783,1031.64486,-2.56611,87.64824,9.613095379,3.581130965,0
11.69681,33.80592,32.73895,1026.92219,-2.54794,87.65366,9.618012002,3.582962536,0
11.69737,33.81993,32.67088,1022.19259,-2.52956,87.65906,9.621302688,3.584188403,0
11.69793,33.83389,32.60361,1017.45693,-2.5111,87.66446,9.622976754,3.584812036,0
11.69848,33.84777,32.53714,1012.7161,-2.49269,87.66984,9.623050071,3.584839349,0
11.69903,33.8616,32.47147,1007.97104,-2.47447,87.6752,9.621544924,3.584278642,0
11.69958,33.87536,32.40658,1003.22266,-2.45658,87.68055,9.618489824,3.583140537,0
11.70012,33.88905,32.34246,998.47194,-2.43914,87.68589,9.613919298,3.581437896,0
0.05067,0.05067,50.00452,5347.24725,-0.20574,45.00008,22.99586703,8.566565525,0
0.10122,0.10122,49.99633,5334.42935,0.08858,45.00018,22.91220193,8.535398077,0
0.15164,0.15164,50.0291,5321.62079,0.38084,45.00028,22.69753905,8.455430505,0
0.20195,0.20195,50.10219,5308.89395,0.66895,45.00039,22.35815347,8.329000444,0
0.25212,0.25213,50.2147,5296.31742,0.95094,45.00051,21.90307186,8.159470571,0
0.30218,0.30219,50.36546,5283.95458,1.22499,45.00065,21.3435938,7.951050274,0
0.35211,0.35212,50.55309,5271.86243,1.48947,45.00079,20.69273372,7.70858777,0
0.40193,0.40194,50.776,5260.09073,1.74296,45.00095,19.96462773,7.437349132,0
0.45162,0.45164,51.03245,5248.68151,1.98425,45.00113,19.17394743,7.142799915,0
0.5012,0.50122,51.32056,5237.66886,2.21239,45.00132,18.33535669,6.830402799,0
0.55067,0.55069,51.63837,5227.07899,2.42665,45.00153,17.46303871,6.505441398,0
0.60003,0.60006,51.98383,5216.93058,2.62652,45.00176,16.5703107,6.172876728,0
0.64929,0.64932,52.35488,5207.23527,2.81171,45.00201,15.6693341,5.837239238,0
0.69845,0.69848,52.74943,5197.99835,2.98197,44.99351,14.77094139,5.502564316,-1.999999966
0.74752,0.74753,53.16542,5189.21944,3.13753,44.98552,13.88450073,5.172341846,-1.999999966
0.7965,0.79649,53.60083,5180.89332,3.2786,44.97806,13.01786615,4.849497663,-1.999999966
0.84541,0.84536,54.05368,5173.0107,3.40552,44.97112,12.17743529,4.536415053,-1.999999966
0.89424,0.89414,54.52208,5165.559,3.51872,44.96467,11.36822825,4.23496414,-1.999999966
0.943,0.94284,55.00419,5158.52309,3.61873,44.95871,10.59400002,3.946543753,-1.999999966
0.99168,0.99146,55.49828,5151.8859,3.70612,44.95321,9.857373614,3.672131034,-1.999999966
1.04031,1.04001,56.00269,5145.62905,3.7815,44.94816,9.159983383,3.412334824,-1.999999966
1.08887,1.08849,56.51586,5139.73332,3.84551,44.94355,8.502619992,3.167449664,-1.999999966
1.13738,1.1369,57.03633,5134.17907,3.8988,44.93934,7.885370673,2.937508052,-1.999999966
1.18583,1.18526,57.56271,5128.94663,3.94201,44.93551,7.30775033,2.722329277,-1.999999966
1.23423,1.23356,58.09371,5124.01657,3.9758,44.93206,6.768820683,2.521563803,-1.999999966
1.28258,1.28181,58.62814,5119.36991,4.00079,44.92895,6.267295936,2.334732639,-1.999999966
1.33089,1.33,59.16489,5114.98831,4.01757,44.92617,5.801634536,2.161261515,-1.999999966
1.37915,1.37815,59.70292,5110.85421,4.02674,44.9237,5.370117257,2.000509975,-1.999999966
1.42738,1.42626,60.24127,5106.95087,4.02885,44.92152,4.970912434,1.851795674,-1.999999966
1.47556,1.47433,60.77906,5103.26248,4.02441,44.91961,4.602129408,1.714414294,-1.999999966
1.52371,1.52236,61.31547,5099.77417,4.01392,44.91796,4.261861479,1.587655537,-1.999999966
1.57183,1.57035,61.84975,5096.47198,3.99784,44.91655,3.948219675,1.470815713,-1.999999966
1.61991,1.61831,62.38121,5093.34292,3.9766,44.91538,3.659358642,1.363207378,-1.999999966
1.66796,1.66625,62.9092,5090.37486,3.95061,44.91441,3.393495883,1.264166505,-1.999999966
1.71599,1.71415,63.43315,5087.5566,3.92023,44.91366,3.148925469,1.173057591,-1.999999966
1.76398,1.76202,63.9525,5084.87775,3.88581,44.91309,2.924027232,1.08927708,-1.999999966
1.81195,1.80987,64.46677,5082.32871,3.84767,44.91271,2.717272303,1.012255429,-1.999999966
1.8599,1.85769,64.97549,5079.90065,3.8061,44.9125,2.527225768,0.941458094,-1.999999966
1.90782,1.90549,65.47825,5077.58543,3.76138,44.91245,2.352547066,0.876385681,-1.999999966
1.95572,1.95328,65.97466,5075.37558,3.71376,44.91256,2.191988679,0.816573457,-1.999999966
2.0036,2.00104,66.46436,5073.26422,3.66347,44.91282,2.04439354,0.761590385,-1.999999966
2.05146,2.04878,66.94704,5071.24505,3.61071,44.91322,1.908691536,0.711037818,-1.999999966
2.0993,2.0965,67.42238,5069.31231,3.55568,44.91375,1.783895378,0.664547966,-1.999999966
2.14711,2.14421,67.89012,5067.46069,3.49856,44.91441,1.66909609,0.62178221,-1.999999966
2.19492,2.19191,68.35,5065.68534,3.43952,44.9152,1.563458271,0.582429343,-1.999999966
2.2427,2.23958,68.80179,5063.98182,3.3787,44.9161,1.466215298,0.546203777,-1.999999966
2.29047,2.28725,69.24528,5062.34606,3.31624,44.91712,1.376664556,0.512843769,-1.999999966
2.33822,2.3349,69.68025,5060.77434,3.25227,44.91825,1.294162774,0.482109685,-1.999999966
2.38595,2.38254,70.10655,5059.26324,3.1869,44.91948,1.21812154,0.453782324,-1.999999966
2.43367,2.43017,70.52398,5057.80964,3.12024,44.92082,1.148003008,0.427661326,-1.999999966
2.48137,2.47779,70.93241,5056.41068,3.05238,44.92226,1.083315848,0.403563657,-1.999999966
2.52906,2.5254,71.33168,5055.06372,2.98343,44.9238,1.02361143,0.381322191,-1.999999966
2.57674,2.57299,71.72167,5053.76637,2.91345,44.92543,0.968480263,0.36078438,-1.999999966
2.62441,2.62058,72.10225,5052.51641,2.84253,44.92715,0.917548679,0.341811025,-1.999999966
2.67206,2.66817,72.47331,5051.31181,2.77073,44.92896,0.870475769,0.324275128,-1.999999966
2.71969,2.71574,72.83475,5050.15073,2.69812,44.93086,0.826950548,0.308060838,-1.999999966
2.76732,2.76331,73.18647,5049.03144,2.62475,44.93285,0.786689346,0.29306248,-1.999999966
2.81493,2.81087,73.52838,5047.95237,2.55069,44.93492,0.749433414,0.279183665,-1.999999966
2.86254,2.85842,73.86039,5046.91207,2.47599,44.93707,0.714946734,0.26633647,-1.999999966
2.91013,2.90597,74.18244,5045.90921,2.40068,44.9393,0.68301401,0.25444069,-1.999999966
2.95771,2.95352,74.49445,5044.94257,2.32481,44.94161,0.653438838,0.24342316,-1.999999966
3.00528,3.00106,74.79636,5044.01099,2.24842,44.944,0.626042033,0.23321713,-1.999999966
3.05284,3.04859,75.0881,5043.11344,2.17155,44.94647,0.600660115,0.223761697,-1.999999966
3.10039,3.09612,75.36961,5042.24893,2.09423,44.94901,0.577143919,0.215001296,-1.999999966
3.14793,3.14365,75.64086,5041.41658,2.0165,44.95163,0.555357341,0.206885222,-1.999999966
3.19546,3.19118,75.90178,5040.61555,1.93838,44.95432,0.535176193,0.199367213,-1.999999966
3.24298,3.2387,76.15234,5039.84506,1.8599,44.95709,0.516487172,0.192405061,-1.999999966
3.29049,3.28622,76.39248,5039.10439,1.78109,44.95993,0.499186915,0.18596026,-1.999999966
3.338,3.33374,76.62218,5038.39287,1.70196,44.96284,0.483181148,0.179997691,-1.999999966
3.38549,3.38126,76.8414,5037.70987,1.62255,44.96582,0.468383917,0.174485333,-1.999999966
3.43298,3.42877,77.0501,5037.05481,1.54287,44.96887,0.45471689,0.169394006,-1.999999966
3.48045,3.47629,77.24825,5036.42713,1.46294,44.97199,0.442108722,0.164697131,-1.999999966
3.52792,3.5238,77.43584,5035.82632,1.38278,44.97518,0.430494488,0.160370524,-1.999999966
3.57538,3.57132,77.61282,5035.2519,1.30241,44.97844,0.419815165,0.156392195,-1.999999966
3.62284,3.61883,77.77917,5034.70339,1.22185,44.98177,0.410017174,0.152742185,-1.999999966
3.67028,3.66635,77.93488,5034.18038,1.1411,44.98516,0.401051951,0.149402404,-1.999999966
3.71772,3.71386,78.07993,5033.68245,1.06019,44.98863,0.392875581,0.146356491,-1.999999966
3.76515,3.76138,78.21429,5033.2092,0.97913,44.99216,0.385448457,0.143589692,-1.999999966
3.81258,3.8089,78.33795,5032.76026,0.89793,44.99575,0.378734975,0.141088743,-1.999999966
3.86,3.85642,78.45089,5032.33528,0.81661,44.99941,0.372703271,0.138841775,-1.999999966
3.90741,3.90394,78.55311,5031.9339,0.73517,45.00314,0.367324974,0.136838218,-1.999999966
3.95481,3.95146,78.64458,5031.5558,0.65363,45.00693,0.362575002,0.135068728,-1.999999966
4.00221,3.99899,78.7253,5031.20066,0.572,45.01079,0.358431369,0.133525116,-1.999999966
4.0496,4.04652,78.79526,5030.86815,0.49029,45.01471,0.354875028,0.132200285,-1.999999966
4.09698,4.09405,78.85444,5030.55798,0.40851,45.0187,0.351889729,0.131088183,-1.999999966
4.14436,4.14159,78.90285,5030.26985,0.32667,45.02275,0.349461898,0.130183752,-1.999999966
4.19174,4.18913,78.94048,5030.00345,0.24479,45.02687,0.347580543,0.129482898,-1.999999966
4.2391,4.23667,78.96732,5029.7585,0.16286,45.03104,0.346237171,0.128982456,-1.999999966
4.28646,4.28422,78.98337,5029.5347,0.08091,45.03528,0.345425727,0.128680172,-1.999999966
4.33382,4.33177,78.98863,5029.33177,-0.00106,45.03959,0.345142552,0.128574682,-1.999999966
4.38117,4.37933,78.98309,5029.14941,-0.08304,45.04395,0.345386352,0.128665504,-1.999999966
4.42852,4.42689,78.96676,5028.98733,-0.16502,45.04838,0.346158192,0.128953035,-1.999999966
4.47586,4.47446,78.93964,5028.84524,-0.24698,45.05287,0.347461503,0.129438552,-1.999999966
4.52319,4.52203,78.90173,5028.72282,-0.32893,45.05743,0.349302105,0.130124225,-1.999999966
4.57052,4.56961,78.85303,5028.61978,-0.41085,45.06204,0.351688246,0.131013125,-1.999999966
4.61785,4.61719,78.79356,5028.53579,-0.49272,45.06671,0.354630669,0.132109255,-1.999999966
4.66517,4.66478,78.72331,5028.47054,-0.57455,45.07145,0.358142678,0.133417571,-1.999999966
4.71248,4.71238,78.64229,5028.42368,-0.65631,45.07624,0.362240241,0.134944021,-1.999999966
4.75979,4.75999,78.55052,5028.39487,-0.73801,45.0811,0.366942104,0.136695589,-1.999999966
4.8071,4.8076,78.44799,5028.38375,-0.81962,45.08601,0.372269927,0.138680343,-1.999999966
4.85441,4.85521,78.33473,5028.38993,-0.90114,45.09099,0.378248439,0.140907496,-1.999999966
4.9017,4.90284,78.21075,5028.41303,-0.98255,45.09602,0.384905624,0.143387472,-1.999999966
4.949,4.95047,78.07606,5028.45264,-1.06384,45.10111,0.392272924,0.146131986,-1.999999966
4.99629,4.99812,77.93067,5028.50831,-1.145,45.10626,0.400385476,0.149154125,-1.999999966
5.04358,5.04576,77.77462,5028.57958,-1.22601,45.11147,0.40928237,0.152468452,-1.999999966
5.09086,5.09342,77.6079,5028.66597,-1.30687,45.11673,0.419006948,0.156091113,-1.999999966
5.13814,5.14109,77.43055,5028.76697,-1.38755,45.12205,0.42960713,0.16003996,-1.999999966
5.18541,5.18876,77.24259,5028.88203,-1.46805,45.12743,0.441135781,0.164334685,-1.999999966
5.23268,5.23645,77.04405,5029.01056,-1.54833,45.13286,0.453651115,0.168996977,-1.999999966
5.27995,5.28414,76.83495,5029.15195,-1.6284,45.13835,0.467217151,0.174050682,-1.999999966
5.32722,5.33184,76.61532,5029.30553,-1.70822,45.14389,0.481904209,0.179521997,-1.999999966
5.37448,5.37955,76.3852,5029.4706,-1.78777,45.14949,0.497789461,0.185439672,-1.999999966
5.42174,5.42728,76.14461,5029.6464,-1.86704,45.15513,0.514957546,0.191835235,-1.999999966
5.46899,5.47501,75.89361,5029.83212,-1.94601,45.16083,0.533501242,0.19874325,-1.999999966
5.51624,5.52275,75.63222,5030.02688,-2.02464,45.16658,0.553522207,0.206201586,-1.999999966
5.56349,5.5705,75.3605,5030.22974,-2.10292,45.17238,0.5751318,0.214251728,-1.999999966
5.61074,5.61826,75.07849,5030.43969,-2.1808,45.17823,0.598451983,0.22293911,-1.999999966
5.65798,5.66603,74.78625,5030.65565,-2.25827,45.18413,0.623616311,0.232313484,-1.999999966
5.70522,5.71382,74.48383,5030.87643,-2.3353,45.19007,0.650771022,0.242429328,-1.999999966
5.75245,5.76161,74.17128,5031.10078,-2.41183,45.19606,0.680076229,0.253346289,-1.999999966
5.79968,5.80941,73.84869,5031.32732,-2.48785,45.2021,0.71170724,0.265129673,-1.999999966
5.84691,5.85723,73.51612,5031.55456,-2.5633,45.20817,0.745855984,0.277850979,-1.999999966
5.89414,5.90505,73.17364,5031.78089,-2.63815,45.21429,0.782732585,0.291588483,-1.999999966
5.94136,5.95289,72.82134,5032.00458,-2.71233,45.22044,0.822567078,0.30642788,-1.999999966
5.98858,6.00074,72.4593,5032.22374,-2.78581,45.22664,0.865611272,0.322462975,-1.999999966
6.03579,6.0486,72.08764,5032.43632,-2.85853,45.23287,0.912140782,0.339796441,-1.999999966
6.08301,6.09647,71.70644,5032.6401,-2.93042,45.23913,0.962457229,0.358540642,-1.999999966
6.13021,6.14435,71.31582,5032.83264,-3.00141,45.24542,1.016890625,0.378818514,-1.999999966
6.17742,6.19224,70.91591,5033.01134,-3.07144,45.25174,1.075801933,0.400764526,-1.999999966
6.22462,6.24015,70.50684,5033.17333,-3.14043,45.25808,1.139585824,0.424525704,-1.999999966
6.27182,6.28806,70.08876,5033.3155,-3.20829,45.26444,1.208673618,0.450262725,-1.999999966
6.31901,6.33599,69.66182,5033.43447,-3.27492,45.27083,1.283536404,0.478151082,-1.999999966
6.3662,6.38392,69.22618,5033.52656,-3.34024,45.27722,1.364688343,0.508382315,-1.999999966
6.41338,6.43187,68.78204,5033.58776,-3.40411,45.28363,1.452690111,0.541165289,-1.999999966
6.46056,6.47982,68.3296,5033.6137,-3.46644,45.29004,1.548152474,0.576727531,-1.999999966
6.50774,6.52779,67.86906,5033.59963,-3.52708,45.29646,1.651739942,0.615316588,-1.999999966
6.55491,6.57577,67.40068,5033.54037,-3.58588,45.30286,1.764174444,0.657201399,-1.999999966
6.60207,6.62375,66.92469,5033.43029,-3.64271,45.30926,1.886238955,0.702673641,-1.999999966
6.64923,6.67175,66.44138,5033.26327,-3.69738,45.31564,2.01878096,0.752049025,-1.999999966
6.69638,6.71975,65.95106,5033.03263,-3.74972,45.322,2.162715633,0.805668478,-1.999999966
6.74353,6.76777,65.45404,5032.73114,-3.79952,45.32832,2.319028557,0.863899155,-1.999999966
6.79066,6.81579,64.95069,5032.35092,-3.84657,45.33461,2.488777791,0.927135211,-1.999999966
6.83779,6.86381,64.44139,5031.88344,-3.89063,45.34084,2.673095007,0.995798223,-1.999999966
6.88491,6.91185,63.92656,5031.31945,-3.93145,45.34702,2.873185395,1.070337158,-1.999999966
6.93202,6.95989,63.40666,5030.64892,-3.96874,45.35313,3.090325969,1.151227735,-1.999999966
6.97912,7.00793,62.88219,5029.86105,-4.00222,45.35916,3.325861812,1.238971034,-1.999999966
7.02621,7.05598,62.35367,5028.94417,-4.03155,45.3651,3.581199741,1.334091131,-1.999999966
7.07329,7.10403,61.8217,5027.88572,-4.05639,45.37093,3.857798803,1.437131559,-1.999999966
7.12036,7.15208,61.2869,5026.67224,-4.07637,45.37664,4.157156907,1.548650329,-1.999999966
7.16741,7.20013,60.74995,5025.2893,-4.0911,45.38221,4.480792845,1.669213232,-1.999999966
7.21445,7.24818,60.2116,5023.72156,-4.10014,45.38764,4.830222887,1.799385116,-1.999999966
7.26147,7.29623,59.67264,5021.95268,-4.10304,45.39289,5.206931093,1.939718835,-1.999999966
7.30847,7.34427,59.13393,5019.96543,-4.09933,45.39796,5.612332493,2.090741523,-1.999999966
7.35545,7.39231,58.59639,5017.74167,-4.08851,45.40282,6.047728333,2.252937929,-1.999999966
7.40241,7.44034,58.06102,5015.26247,-4.07006,45.40746,6.514252711,2.426730535,-1.999999966
7.44935,7.48836,57.52887,5012.50815,-4.04343,45.41185,7.012810145,2.612456297,-1.999999966
7.49626,7.53636,57.00107,5009.45852,-4.00807,45.41597,7.544003958,2.810339969,-1.999999966
7.54315,7.58435,56.47884,5006.09297,-3.96341,45.4198,8.108055841,3.020464137,-1.999999966
7.59001,7.63232,55.96346,5002.39077,-3.90889,45.42332,8.704717597,3.24273634,-1.999999966
7.63683,7.68026,55.45627,4998.33132,-3.84394,45.42651,9.333176879,3.476853958,-1.999999966
7.68362,7.72819,54.95869,4993.89454,-3.76801,45.42933,9.991959711,3.722267897,-1.999999966
7.73037,7.77608,54.47222,4989.06121,-3.6806,45.43178,10.67883369,3.978146527,-1.999999966
7.77708,7.82394,53.99841,4983.81349,-3.58122,45.43383,11.39071697,4.243341781,-1.999999966
7.82375,7.87176,53.53885,4978.1354,-3.46945,45.43547,12.12359931,4.516359735,-1.999999966
7.87037,7.91954,53.09519,4972.01335,-3.34495,45.43668,12.87248249,4.795338423,-1.999999966
7.91694,7.96728,52.6691,4965.43679,-3.20747,45.43744,13.63134823,5.078035877,-1.999999966
7.96346,8.01497,52.26228,4958.39872,-3.05685,45.43775,14.39316188,5.361831507,-1.999999966
8.00991,8.0626,51.87642,4950.89637,-2.89307,45.43761,15.14991982,5.643743753,-1.999999966
8.05631,8.11018,51.51318,4942.93166,-2.71626,45.43701,15.89274713,5.920466469,-1.999999966
8.10263,8.15769,51.17422,4934.51174,-2.52669,45.43597,16.61204978,6.188425633,-1.999999966
8.14889,8.20513,50.86109,4925.64939,-2.32481,45.43449,17.29772253,6.443856771,-1.999999966
8.19507,8.2525,50.57528,4916.36321,-2.11125,45.43259,17.93940917,6.682901929,-1.999999966
8.24117,8.29978,50.31817,4906.67781,-1.88682,45.4303,18.52680754,6.90172328,-1.999999966
8.28719,8.34699,50.09101,4896.62368,-1.65249,45.42765,19.05000651,7.096628659,-1.999999966
8.33313,8.3941,49.89489,4886.2369,-1.40944,45.42468,19.49983785,7.264202671,-1.999999966
8.37897,8.44113,49.73072,4875.55875,-1.15898,45.42142,19.86822293,7.401435804,-1.999999966
8.42472,8.48806,49.59925,4864.63495,-0.90255,45.41794,20.14849184,7.505843351,-1.999999966
8.47037,8.53488,49.50098,4853.51491,-0.64174,45.41428,20.33565374,7.575566082,-1.999999966
8.51592,8.58161,49.43623,4842.2507,-0.37819,45.41049,20.426599,7.609445583,-1.999999966
8.56138,8.62823,49.40509,4830.896,-0.11361,45.40664,20.42021907,7.607068893,-1.999999966
8.60672,8.67475,49.40741,4819.505,0.15029,45.40279,20.3174357,7.568779383,-1.999999966
8.65197,8.72115,49.44286,4808.13122,0.41182,45.39898,20.12113842,7.495653481,-1.999999966
8.69711,8.76745,49.51087,4796.8265,0.66933,45.39529,19.83603635,7.38944546,-1.999999966
8.74214,8.81364,49.61068,4785.63999,0.92127,45.39177,19.4684366,7.252504877,-1.999999966
8.78707,8.85972,49.74137,4774.61732,1.16619,45.38846,19.02596625,7.087673032,-1.999999966
8.83189,8.90569,49.90182,4763.7999,1.4028,45.38541,18.51725813,6.898165873,-1.999999966
8.8766,8.95156,50.0908,4753.22442,1.62994,45.38267,17.95162083,6.687451095,-1.999999966
8.92122,8.99733,50.30695,4742.92256,1.84662,45.38027,17.3387128,6.459126729,-1.999999966
8.96574,9.04299,50.54881,4732.92076,2.05203,45.37824,16.68823744,6.216807542,-1.999999966
9.01015,9.08856,50.81484,4723.24032,2.24553,45.37661,16.00967228,5.964024165,-1.999999966
9.05447,9.13403,51.10347,4713.89746,2.42663,45.3754,15.31204139,5.704138303,-1.999999966
9.0987,9.1794,51.41306,4704.90367,2.59502,45.37462,14.6037357,5.440275796,-1.999999966
9.14284,9.2247,51.74198,4696.26599,2.75051,45.37428,13.89238219,5.175277896,-1.999999966
9.18689,9.2699,52.08859,4687.98748,2.89308,45.37438,13.18475988,4.911669967,-1.999999966
9.23086,9.31503,52.45128,4680.06762,3.02279,45.37493,12.48675801,4.651645905,-1.999999966
9.27474,9.36008,52.82845,4672.50285,3.13983,45.37592,11.80337053,4.397066087,-1.999999966
9.31855,9.40506,53.21855,4665.28699,3.24447,45.37735,11.13872011,4.149466317,-1.999999966
9.36228,9.44997,53.62008,4658.41172,3.33705,45.3792,10.49610487,3.910075232,-1.999999966
9.40595,9.49482,54.03157,4651.86698,3.41796,45.38147,9.878061287,3.679837737,-1.999999966
9.44954,9.5396,54.45165,4645.64139,3.48776,45.39034,9.28642887,3.459439095,0
9.49306,9.58434,54.879,4639.72258,3.54681,45.39923,8.72244001,3.249338405,0
9.53652,9.62903,55.31234,4634.09754,3.59561,45.40814,8.186807437,3.049801178,0
9.57991,9.67367,55.75048,4628.75287,3.63465,45.41709,7.679792027,2.860924598,0
9.62324,9.71827,56.19228,4623.67498,3.66446,45.42607,7.201277189,2.68266523,0
9.66652,9.76283,56.63667,4618.85033,3.68555,45.43507,6.750837587,2.514864627,0
9.70974,9.80735,57.08266,4614.26554,3.69842,45.44412,6.327801351,2.357272498,0
9.75291,9.85184,57.5293,4609.90754,3.70357,45.4532,5.931305322,2.209567294,0
9.79602,9.8963,57.9757,4605.76367,3.70146,45.46231,5.560343278,2.071374173,0
9.8391,9.94073,58.42105,4601.82173,3.69256,45.47146,5.21380736,1.942280425,0
9.88212,9.98513,58.86456,4598.07006,3.6773,45.48066,4.890523089,1.821848528,0
9.9251,10.02951,59.30553,4594.49754,3.65611,45.48989,4.589278521,1.709627,0
9.96804,10.07387,59.74329,4591.09365,3.62939,45.49916,4.308848117,1.605159296,0
10.01094,10.1182,60.17722,4587.84844,3.59749,45.50848,4.048011945,1.507990959,0
10.05381,10.16252,60.60673,4584.75256,3.56079,45.51785,3.805570826,1.417675263,0
10.09663,10.20681,61.03129,4581.7972,3.51961,45.52725,3.580357979,1.333777552,0
10.13943,10.2511,61.4504,4578.97416,3.47426,45.53671,3.371247727,1.255878481,0
10.18218,10.29536,61.8636,4576.27574,3.42504,45.54621,3.177161715,1.183576335,0
10.22491,10.33962,62.27046,4573.69477,3.37221,45.55575,2.997073106,1.11648859,0
10.2676,10.38386,62.67057,4571.22458,3.31603,45.56535,2.83000909,1.054252848,0
10.31027,10.4281,63.06358,4568.85896,3.25674,45.57499,2.675052075,0.996527283,0
10.3529,10.47232,63.44914,4566.59214,3.19456,45.58468,2.531339806,0.942990681,0
10.39551,10.51654,63.82692,4564.41875,3.12968,45.59443,2.398064669,0.893342186,0
10.43809,10.56075,64.19664,4562.33383,3.06231,45.60422,2.274472364,0.847300801,0
10.48065,10.60495,64.55802,4560.33277,2.99262,45.61406,2.15986012,0.804604724,0
10.52317,10.64915,64.91081,4558.4113,2.92077,45.62396,2.053574582,0.765010565,0
10.56568,10.69334,65.25477,4556.56544,2.84691,45.63391,1.955009478,0.72829247,0
10.60816,10.73753,65.58968,4554.79152,2.77119,45.64391,1.863603158,0.694241211,0
10.65062,10.78172,65.91534,4553.08615,2.69374,45.65396,1.778836064,0.662663238,0
10.69305,10.82591,66.23157,4551.44617,2.61467,45.66406,1.700228205,0.633379742,0
10.73546,10.87009,66.53818,4549.86863,2.53411,45.67422,1.627336651,0.60622572,0
10.77785,10.91428,66.83502,4548.35082,2.45216,45.68443,1.559753103,0.58104907,0
10.82022,10.95846,67.12194,4546.89023,2.36892,45.6947,1.497101543,0.557709716,0
10.86257,11.00265,67.39879,4545.48448,2.28447,45.70501,1.439035996,0.536078772,0
10.9049,11.04683,67.66546,4544.13142,2.19891,45.71539,1.385238395,0.51603775,0
10.94721,11.09102,67.92181,4542.82898,2.11231,45.72582,1.335416578,0.497477812,0
10.9895,11.13521,68.16775,4541.57529,2.02475,45.7363,1.289302402,0.480299068,0
11.03178,11.17941,68.40316,4540.36856,1.93629,45.74684,1.24664998,0.464409919,0
11.07403,11.22361,68.62795,4539.20713,1.84701,45.75743,1.207234046,0.449726446,0
11.11627,11.26781,68.84204,4538.08947,1.75696,45.76808,1.17084843,0.436171847,0
11.15848,11.31201,69.04534,4537.0141,1.66619,45.77878,1.137304663,0.423675911,0
11.20068,11.35623,69.23777,4535.97965,1.57477,45.78954,1.106430673,0.412174538,0
11.24287,11.40044,69.41928,4534.98484,1.48275,45.80036,1.078069605,0.401609293,0
11.28504,11.44467,69.58979,4534.02845,1.39016,45.81123,1.052078727,0.391927008,0
11.32719,11.48889,69.74926,4533.10932,1.29706,45.82216,1.028328442,0.383079402,0
11.36932,11.53313,69.89761,4532.22635,1.20349,45.83314,1.006701378,0.375022751,0
11.41144,11.57737,70.03482,4531.37849,1.10949,45.84418,0.987091571,0.367717582,0
11.45355,11.62162,70.16082,4530.56476,1.0151,45.85528,0.969403722,0.361128393,0
11.49563,11.66588,70.27559,4529.78418,0.92035,45.86643,0.953552534,0.355223408,0
11.53771,11.71014,70.37909,4529.03585,0.82528,45.87764,0.939462108,0.349974354,0
11.57976,11.75441,70.47128,4528.31886,0.72993,45.88891,0.92706542,0.345356262,0
11.62181,11.7987,70.55214,4527.63235,0.63432,45.90023,0.916303847,0.341347292,0
11.66384,11.84299,70.62165,4526.97549,0.53849,45.91161,0.907126758,0.337928585,0
11.70585,11.88729,70.67978,4526.34745,0.44248,45.92305,0.899491162,0.335084125,0
11.74785,11.9316,70.72651,4525.74742,0.3463,45.93454,0.893361406,0.33280063,0
11.78984,11.97591,70.76183,4525.17461,0.24999,45.94609,0.888708926,0.331067458,0
11.83181,12.02024,70.78574,4524.62823,0.15358,45.9577,0.885512045,0.329876536,0
11.87377,12.06458,70.79822,4524.10748,0.0571,45.96937,0.883755824,0.329222298,0
11.91571,12.10893,70.79926,4523.61158,-0.03943,45.98109,0.883431952,0.329101647,0
11.95764,12.15329,70.78888,4523.13974,-0.13597,45.99287,0.884538685,0.329513934,0
11.99957,12.19766,70.76685,4522.6916,-0.23607,45.99435,0.887107358,0.330470832,-37.99999935
12.04148,12.24203,70.73298,4522.26677,-0.33614,45.99584,0.891176464,0.331986681,-37.99999935
12.0834,12.28641,70.68726,4521.86441,-0.43617,45.99733,0.896765406,0.334068709,-37.99999935
12.1253,12.33079,70.62971,4521.48365,-0.53612,45.9988,0.903900988,0.336726901,-37.99999935
12.1672,12.37517,70.56034,4521.12358,-0.63597,46.00024,0.912617616,0.339974074,-37.99999935
12.2091,12.41956,70.47917,4520.78329,-0.7357,46.00162,0.922957546,0.34382597,-37.99999935
12.25099,12.46395,70.38621,4520.46182,-0.83528,46.00292,0.934971193,0.34830137,-37.99999935
12.29288,12.50835,70.28148,4520.15819,-0.93469,46.00413,0.948717504,0.353422233,-37.99999935
12.33477,12.55275,70.16501,4519.87136,-1.0339,46.00522,0.96426439,0.359213857,-37.99999935
12.37665,12.59716,70.03682,4519.60025,-1.13288,46.00617,0.981689227,0.365705067,-37.99999935
12.41853,12.64157,69.89695,4519.34373,-1.2316,46.00697,1.001079431,0.372928428,-37.99999935
12.4604,12.68598,69.74542,4519.10061,-1.33002,46.00758,1.022533107,0.380920487,-37.99999935
12.50227,12.7304,69.58228,4518.86963,-1.42813,46.00798,1.046159778,0.389722044,-37.99999935
12.54414,12.77483,69.40756,4518.64946,-1.52588,46.00815,1.072081203,0.399378456,-37.99999935
12.586,12.81926,69.22132,4518.43869,-1.62324,46.00805,1.100432284,0.40993998,-37.99999935
12.62787,12.86369,69.0236,4518.23582,-1.72017,46.00766,1.131362078,0.421462142,-37.99999935
12.66973,12.90813,68.81445,4518.03925,-1.81664,46.00695,1.165034908,0.434006157,-37.99999935
12.71158,12.95257,68.59394,4517.84729,-1.91259,46.00588,1.201631591,0.447639385,-37.99999935
12.75344,12.99701,68.36213,4517.65811,-2.00798,46.00441,1.241350789,0.462435831,-37.99999935
12.79529,13.04146,68.11908,4517.46977,-2.10277,46.00252,1.284410484,0.4784767,-37.99999935
12.83715,13.08591,67.86489,4517.28019,-2.1969,46.00016,1.331049594,0.495850996,-37.99999935
12.879,13.13036,67.59962,4517.08711,-2.29032,45.99727,1.381529734,0.514656176,-37.99999935
12.92085,13.17482,67.32337,4516.88813,-2.38297,45.99383,1.436137128,0.534998867,-37.99999935
12.96271,13.21927,67.03623,4516.68067,-2.47479,45.98977,1.495184679,0.556995634,-37.99999935
13.00456,13.26373,66.73832,4516.46193,-2.5657,45.98505,1.559014214,0.580773815,-37.99999935
13.04641,13.30819,66.42974,4516.22891,-2.65563,45.9796,1.627998886,0.60647242,-37.99999935
13.08827,13.35265,66.11061,4515.97836,-2.74452,45.97336,1.702545758,0.634243092,-37.99999935
13.13013,13.39711,65.78107,4515.70679,-2.83225,45.96626,1.783098558,0.664251129,-37.99999935
13.17199,13.44156,65.44127,4515.41041,-2.91876,45.95823,1.870140598,0.696676579,-37.99999935
13.21385,13.48601,65.09135,4515.08513,-3.00393,45.94918,1.964197852,0.731715381,-37.99999935
13.25571,13.53046,64.73149,4514.72653,-3.08767,45.93904,2.065842179,0.769580567,-37.99999935
13.29758,13.5749,64.36187,4514.32983,-3.16984,45.9277,2.175694655,0.810503505,-37.99999935
13.33945,13.61934,63.98269,4513.88986,-3.25033,45.91507,2.294428993,0.85473517,-37.99999935
13.38133,13.66377,63.59415,4513.40101,-3.32901,45.90104,2.422774994,0.902547432,-37.99999935
13.42321,13.70819,63.1965,4512.85723,-3.40571,45.88548,2.561521963,0.954234329,-37.99999935
13.4651,13.7526,62.78997,4512.25196,-3.4803,45.86827,2.711522011,1.010113294,-37.99999935
13.507,13.79699,62.37484,4511.57811,-3.55258,45.84927,2.873693138,1.070526305,-37.99999935
13.5489,13.84138,61.9514,4510.828,-3.62237,45.82833,3.049021948,1.1358409,-37.99999935
13.59082,13.88574,61.51996,4509.99336,-3.68948,45.80528,3.238565841,1.206450988,-37.99999935
13.63274,13.93009,61.08087,4509.06522,-3.75369,45.77995,3.443454468,1.282777392,-37.99999935
13.67467,13.97441,60.6345,4508.03392,-3.81475,45.75214,3.664890198,1.365268028,-37.99999935
13.71662,14.01871,60.18124,4506.88906,-3.87242,45.72166,3.904147286,1.454397588,-37.99999935
13.75858,14.06298,59.72153,4505.6194,-3.92642,45.68828,4.1625694,1.550666625,-37.99999935
13.80055,14.10722,59.25583,4504.21291,-3.97646,45.65176,4.441565061,1.65459985,-37.99999935
13.84254,14.15142,58.78465,4502.65664,-4.02222,45.61185,4.74260053,1.766743483,-37.99999935
13.88454,14.19559,58.30853,4500.93673,-4.06336,45.56827,5.067189569,1.88766144,-37.99999935
13.92657,14.23971,57.82805,4499.0384,-4.09953,45.52072,5.416879467,2.017930128,-37.99999935
13.96861,14.28379,57.34385,4496.94589,-4.13033,45.4689,5.793232639,2.158131587,-37.99999935
14.01068,14.32781,56.8566,4494.64245,-4.15535,45.41247,6.197803077,2.30884472,-37.99999935
14.05276,14.37178,56.36704,4492.1104,-4.17417,45.35108,6.632106893,2.470634319,-37.99999935
14.09488,14.41568,55.87595,4489.33108,-4.18633,45.28436,7.097586218,2.644037615,-37.99999935
14.13702,14.45951,55.38416,4486.28496,-4.19134,45.21192,7.595565746,2.829548092,-37.99999935
14.17919,14.50326,54.89258,4482.95169,-4.18871,45.13334,8.127201378,3.027596353,-37.99999935
14.22139,14.54693,54.40216,4479.3102,-4.17792,45.04822,8.69342055,3.238527893,-37.99999935
14.26362,14.59051,53.91393,4475.33884,-4.15844,44.95611,9.294854203,3.462577753,-37.99999935
14.30589,14.63399,53.42895,4471.01559,-4.12974,44.85658,9.931760685,3.699842175,-37.99999935
14.3482,14.67736,52.94838,4466.31825,-4.09125,44.74917,10.60394249,3.950247583,-37.99999935
14.39055,14.72061,52.47341,4461.22475,-4.04245,44.63345,11.31065735,4.213517463,-37.99999935
14.43294,14.76373,52.00532,4455.71348,-3.98281,44.50897,12.0505261,4.48913804,-37.99999935
14.47538,14.80671,51.54542,4449.76365,-3.91181,44.37533,12.82144056,4.776323959,-37.99999935
14.51787,14.84954,51.09508,4443.35575,-3.82899,44.23211,13.62047573,5.073985586,-37.99999935
14.5604,14.89221,50.65573,4436.47204,-3.73391,44.07898,14.44381171,5.380699901,-37.99999935
14.60299,14.9347,50.22882,4429.09708,-3.62621,43.9156,15.28667136,5.694687296,-37.99999935
14.64564,14.97701,49.81585,4421.21829,-3.5056,43.74173,16.14328083,6.013796863,-37.99999935
14.68834,15.01912,49.41831,4412.82652,-3.37187,43.55718,17.0068601,6.335502863,-37.99999935
14.73111,15.06102,49.03771,4403.91666,-3.22492,43.36184,17.86965059,6.656915024,-37.99999935
14.77393,15.10269,48.67557,4394.48817,-3.06477,43.15572,18.72298617,6.974804981,-37.99999935
14.81682,15.14413,48.33335,4384.5456,-2.89159,42.9389,19.5574121,7.285650592,-37.99999935
14.85977,15.18531,48.01249,4374.09903,-2.70567,42.7116,20.36285415,7.585698951,-37.99999935
14.90279,15.22623,47.71435,4363.16439,-2.50749,42.47416,21.12883711,7.871047755,-37.99999935
14.94587,15.26687,47.44024,4351.76365,-2.29767,42.22703,21.84474768,8.137743281,-37.99999935
14.98902,15.30723,47.19133,4339.92485,-2.07699,41.97081,22.50013348,8.381891737,-37.99999935
15.03223,15.34728,46.9687,4327.68198,-1.84641,41.70621,23.0850252,8.599779289,-37.99999935
15.0755,15.38703,46.7733,4315.07466,-1.60705,41.43409,23.59026618,8.787994848,-37.99999935
15.11884,15.42646,46.6059,4302.14761,-1.36016,41.1554,24.00783124,8.94354882,-37.99999935
15.16223,15.46555,46.46712,4288.94998,-1.10711,40.87119,24.33111564,9.063980765,-37.99999935
15.20569,15.50432,46.35741,4275.53455,-0.84939,40.58261,24.55517613,9.147449193,-37.99999935
15.2492,15.54275,46.27703,4261.95672,-0.58855,40.29086,24.67690853,9.192797716,-37.99999935
15.29276,15.58083,46.22606,4248.27348,-0.32622,39.99718,24.6951505,9.19959333,-37.99999935
15.33637,15.61857,46.2044,4234.54237,-0.06402,39.70283,24.61070339,9.16813456,-37.99999935
15.38002,15.65596,46.21174,4220.82032,0.19642,39.40907,24.42627294,9.099429364,-37.99999935
15.42372,15.69301,46.24762,4207.16268,0.45354,39.11714,24.14633437,8.995144882,-37.99999935
15.46745,15.72971,46.31141,4193.62224,0.70581,38.82821,23.77693247,8.857532953,-37.99999935
15.51121,15.76608,46.40231,4180.24839,0.95182,38.5434,23.32543101,8.689336779,-37.99999935
15.55501,15.80211,46.5194,4167.08648,1.19026,38.26372,22.80022842,8.493684998,-37.99999935
15.59883,15.83781,46.66163,4154.17723,1.41996,37.99011,22.21045709,8.27397966,-37.99999935
15.64267,15.87319,46.82783,4141.55643,1.63989,37.7234,21.56568303,8.033784355,-37.99999935
15.68653,15.90826,47.01676,4129.25469,1.84915,37.46428,20.87562062,7.776717952,-37.99999935
15.7304,15.94303,47.22711,4117.29744,2.04703,37.21334,20.14987428,7.506358343,-37.99999935
15.77428,15.97751,47.4575,4105.70497,2.23294,36.97107,19.3977154,7.226159369,-37.99999935
15.81818,16.0117,47.70654,4094.49268,2.40645,36.73783,18.6278998,6.939382803,-37.99999935
15.86207,16.04562,47.97279,4083.67132,2.56727,36.51386,17.84852745,6.649046098,-37.99999935
15.90597,16.07928,48.25481,4073.2474,2.71523,36.29933,17.06694377,6.357885614,-37.99999935
15.94988,16.11268,48.55119,4063.22355,2.85027,36.0943,16.28967958,6.068334251,-37.99999935
15.99378,16.14586,48.86049,4053.59901,2.97247,35.89875,15.52242527,5.782511832,-37.99999935
16.03767,16.1788,49.18134,4044.37004,3.08197,35.7126,14.77003408,5.502226319,-37.99999935
16.08157,16.21153,49.51238,4035.53036,3.179,35.53568,14.03654878,5.228983744,-37.99999935
16.12545,16.24405,49.85229,4027.07157,3.26385,35.36781,13.32524617,4.964004806,-37.99999935
16.16934,16.27638,50.19979,4018.98358,3.33687,35.20872,12.63869443,4.708246219,-37.99999935
16.21321,16.30853,50.55368,4011.25493,3.39846,35.05815,11.97881854,4.462425087,-37.99999935
16.25707,16.3405,50.91277,4003.87317,3.44903,34.91577,11.34696996,4.227044869,-37.99999935
16.30092,16.37231,51.27594,3996.8251,3.48904,34.78127,10.74399741,4.002421728,-37.99999935
16.34477,16.40396,51.64213,3990.09706,3.51895,34.6543,10.17031617,3.78871037,-37.99999935
16.3886,16.43547,52.01033,3983.67516,3.53922,34.53453,9.625974184,3.585928658,-37.99999935
16.43242,16.46684,52.37958,3977.54543,3.55034,34.42158,9.110713628,3.393980544,-37.99999935
16.47623,16.49808,52.74897,3971.694,3.55277,34.31512,8.624027126,3.212677016,-37.99999935
16.52003,16.5292,53.11766,3966.10724,3.54697,34.21481,8.16520825,3.041754913,-37.99999935
16.56382,16.56021,53.48482,3960.77183,3.53341,34.12029,7.733396169,2.880893551,-37.99999935
16.60759,16.5911,53.84972,3955.67484,3.51252,34.03125,7.327614556,2.729729223,-37.99999935
16.65136,16.6219,54.21165,3950.80381,3.48472,33.94736,6.946805046,2.587867661,-37.99999935
16.69511,16.6526,54.56993,3946.1468,3.45043,33.86832,6.589855614,2.454894606,-37.99999935
16.73885,16.6832,54.92394,3941.69236,3.41003,33.79384,6.255624326,2.330384657,-37.99999935
16.78257,16.71373,55.27311,3937.42963,3.36391,33.72362,5.942958929,2.21390857,-37.99999935
16.82629,16.74417,55.61688,3933.34826,3.31242,33.65742,5.650712771,2.105039186,-37.99999935
16.86999,16.77454,55.95476,3929.43846,3.25589,33.59496,5.377757507,2.003356169,-37.99999935
16.91369,16.80484,56.28625,3925.69101,3.19465,33.53602,5.122993035,1.9084497,-37.99999935
16.95737,16.83507,56.61093,3922.09716,3.12899,33.48036,4.885355076,1.819923307,-37.99999935
17.00104,16.86524,56.92837,3918.64873,3.05921,33.42777,4.663820746,1.73739594,-37.99999935
17.0447,16.89535,57.2382,3915.33797,2.98557,33.37805,4.457412473,1.660503428,-37.99999935
17.08835,16.9254,57.54004,3912.15765,2.90833,33.33101,4.265200541,1.588899426,-37.99999935
17.13198,16.95541,57.83358,3909.10095,2.82772,33.28647,4.086304501,1.522255944,-37.99999935
17.17561,16.98536,58.11849,3906.16149,2.74397,33.24426,3.919893696,1.46026354,-37.99999935
17.21923,17.01526,58.39448,3903.33325,2.65729,33.20422,3.765187062,1.402631248,-37.99999935
17.26283,17.04512,58.6613,3900.61064,2.56788,33.1662,3.621452373,1.349086295,-37.99999935
17.30643,17.07494,58.91868,3897.98835,2.47592,33.13007,3.488005074,1.299373665,-37.99999935
17.35001,17.10472,59.1664,3895.46146,2.38158,33.0957,3.364206788,1.253255546,-37.99999935
17.39359,17.13446,59.40423,3893.02529,2.28504,33.06295,3.249463616,1.210510695,-37.99999935
17.43715,17.16416,59.63199,3890.6755,2.18644,33.03173,3.143224287,1.17093375,-37.99999935
17.48071,17.19384,59.84948,3888.40795,2.08594,33.0019,3.04497823,1.134334509,-37.99999935
17.52426,17.22347,60.05653,3886.21879,1.98366,32.97338,2.954253604,1.100537199,-37.99999935
17.5678,17.25308,60.25298,3884.10435,1.87975,32.94607,2.870615342,1.069379745,-37.99999935
17.61133,17.28266,60.4387,3882.06119,1.77431,32.91987,2.793663223,1.040713056,-37.99999935
17.65485,17.31221,60.61354,3880.08604,1.66747,32.8947,2.723030012,1.014400327,-37.99999935
17.69836,17.34174,60.77738,3878.1758,1.55934,32.87048,2.658379664,0.990316371,-37.99999935
17.74187,17.37124,60.9301,3876.32753,1.45001,32.84713,2.599405631,0.968346992,-37.99999935
17.78536,17.40071,61.07161,3874.53841,1.3396,32.82457,2.545829259,0.948388384,-37.99999935
17.82885,17.43017,61.20181,3872.80577,1.22819,32.80274,2.497398298,0.930346577,-37.99999935
17.87233,17.4596,61.32062,3871.12703,1.11587,32.78157,2.453885514,0.914136919,-37.99999935
17.91581,17.489,61.42795,3869.49971,1.00273,32.76099,2.415087418,0.899683608,-37.99999935
17.95927,17.51839,61.52375,3867.92143,0.88886,32.74094,2.380823111,0.886919252,-37.99999935
18.00273,17.54776,61.60794,3866.38988,0.77433,32.72136,2.350933229,0.875784485,-37.99999935
18.04618,17.57711,61.68048,3864.90279,0.65922,32.70219,2.325279017,0.866227615,-37.99999935
18.08963,17.60644,61.74133,3863.45798,0.54361,32.68338,2.303741494,0.858204322,-37.99999935
18.13307,17.63575,61.79044,3862.0533,0.42757,32.66487,2.286220746,0.851677382,-37.99999935
18.1765,17.66505,61.82778,3860.68661,0.31117,32.64661,2.272635307,0.846616448,-37.99999935
18.21993,17.69432,61.85333,3859.35581,0.19448,32.62854,2.262921658,0.842997859,-37.99999935
18.26335,17.72358,61.86707,3858.05883,0.07757,32.61061,2.257033823,0.840804485,-37.99999935
18.30677,17.75283,61.869,3856.79358,-0.03948,32.59278,2.254943063,0.840025622,-37.99999935
18.35017,17.78207,61.85964,3855.55666,-0.14597,32.60593,2.256465446,0.84059275,0
18.39355,17.81132,61.83953,3854.34478,-0.25244,32.61913,2.261432301,0.842443034,0
18.43691,17.84057,61.8087,3853.156,-0.35883,32.63239,2.269860608,0.8455828,0
18.48025,17.86984,61.76715,3851.98835,-0.46507,32.64569,2.281780613,0.850023316,0
18.52358,17.89911,61.71491,3850.83981,-0.57106,32.65905,2.297235949,0.855780835,0
18.56688,17.9284,61.65202,3849.70833,-0.67673,32.67246,2.316283767,0.862876648,0
18.61016,17.95769,61.57852,3848.59178,-0.78199,32.68592,2.338994925,0.871337152,0
18.65343,17.98699,61.49446,3847.48799,-0.88677,32.69943,2.365454216,0.881193934,0
18.69667,18.0163,61.3999,3846.39471,-0.99098,32.713,2.395760645,0.892483877,0
18.73989,18.04563,61.29492,3845.30959,-1.09452,32.72661,2.430027738,0.90524927,0
18.7831,18.07496,61.17957,3844.23021,-1.19732,32.74028,2.468383893,0.919537947,0
18.82628,18.1043,61.05396,3843.15406,-1.29927,32.75399,2.51097276,0.935403421,0
18.86945,18.13365,60.91818,3842.07849,-1.40027,32.76776,2.557953637,0.952905034,0
18.9126,18.16301,60.77233,3841.00076,-1.50024,32.78157,2.60950189,0.972108114,0
18.95572,18.19238,60.61654,3839.91799,-1.59905,32.79544,2.665809371,0.993084132,0
18.99883,18.22176,60.45092,3838.82716,-1.69662,32.80936,2.727084832,1.015910854,0
19.04191,18.25115,60.27561,3837.7251,-1.79281,32.82332,2.793554321,1.040672487,0
19.08498,18.28054,60.09078,3836.60849,-1.88751,32.83734,2.865461533,1.067459816,0
19.12803,18.30995,59.89657,3835.47382,-1.9806,32.8514,2.943068112,1.096370309,0
19.17105,18.33937,59.69316,3834.31743,-2.07195,32.86552,3.026653869,1.127508202,0
19.21405,18.3688,59.48075,3833.13542,-2.16141,32.87968,3.116516885,1.16098454,0
19.25704,18.39823,59.25953,3831.92372,-2.24885,32.89389,3.212973489,1.196917163,0
19.3,18.42768,59.02973,3830.67801,-2.33412,32.90815,3.31635804,1.235430628,0
19.34293,18.45713,58.79158,3829.39378,-2.41705,32.92245,3.427022506,1.276656054,0
19.38585,18.48659,58.54533,3828.06623,-2.49749,32.9368,3.545335764,1.320730855,0
19.42874,18.51606,58.29124,3826.69035,-2.57524,32.9512,3.671682578,1.367798368,0
19.47161,18.54554,58.02961,3825.26083,-2.65014,32.96564,3.806462196,1.418007322,0
19.51446,18.57502,57.76074,3823.77211,-2.72199,32.98013,3.950086481,1.471511147,0
19.55728,18.60452,57.48495,3822.21834,-2.79058,32.99466,4.102977525,1.528467084,0
19.60007,18.63402,57.2026,3820.59337,-2.8557,33.00923,4.265564634,1.58903506,0
19.64284,18.66352,56.91404,3818.89077,-2.91714,33.02385,4.438280622,1.65337631,0
19.68558,18.69303,56.61968,3817.1038,-2.97466,33.03851,4.621557296,1.721651693,0
19.7283,18.72255,56.31993,3815.22542,-3.02801,33.0532,4.815820054,1.794019682,0
19.77098,18.75207,56.01523,3813.2483,-3.07695,33.06794,5.021481483,1.870633975,0
19.81364,18.78159,55.70604,3811.16482,-3.12121,33.08272,5.238933872,1.951640712,0
19.85626,18.81112,55.39286,3808.96707,-3.16053,33.09753,5.468540545,2.037175239,0
19.89886,18.84065,55.07621,3806.64689,-3.19463,33.11238,5.710625942,2.127358419,0
19.94142,18.87019,54.75664,3804.19588,-3.22321,33.12727,5.965464382,2.222292443,0
19.98394,18.89972,54.43472,3801.60542,-3.246,33.14219,6.233267498,2.32205615,0
20.02643,18.92925,54.11107,3798.86672,-3.26269,33.15714,6.514170331,2.426699846,0
20.06888,18.95878,53.78631,3795.97088,-3.27298,33.17213,6.808216153,2.536239652,0
20.1113,18.98831,53.46112,3792.90891,-3.27658,33.18714,7.11534013,2.650651414,0
20.15367,19.01784,53.13619,3789.67182,-3.27317,33.20218,7.435352015,2.769864261,0
20.196,19.04736,52.81224,3786.25069,-3.26247,33.21725,7.767918138,2.893753893,0
20.23829,19.07688,52.49002,3782.63675,-3.2442,33.23234,8.112543069,3.022135747,0
20.28053,19.10639,52.1703,3778.82151,-3.21807,33.24745,8.468551419,3.154758225,0
20.32273,19.13589,51.8539,3774.79681,-3.18382,33.26259,8.835070363,3.291296175,0
20.36487,19.16539,51.54163,3770.55499,-3.14122,33.27774,9.211013576,3.431344913,0
20.40697,19.19487,51.23434,3766.08899,-3.09005,33.29291,9.595067387,3.574415063,0
20.449,19.22433,50.93288,3761.39253,-3.03012,33.30809,9.985680021,3.719928547,0
20.49098,19.25379,50.63814,3756.46017,-2.9613,33.32329,10.38105489,3.867216088,0
20.53291,19.28322,50.35098,3751.28756,-2.88346,33.3385,10.77914891,4.015516585,0
20.57477,19.31264,50.07231,3745.87151,-2.79656,33.35372,11.17767679,4.163978707,0
20.61656,19.34204,49.803,3740.21017,-2.70059,33.36894,11.57412219,4.311665048,0
20.65829,19.37142,49.54392,3734.30315,-2.59559,33.38416,11.96575643,4.457559109,0
20.69996,19.40077,49.29594,3728.15168,-2.48169,33.39939,12.34966538,4.600575291,0
20.74154,19.4301,49.05991,3721.75869,-2.35907,33.41461,12.72278454,4.739571998,0
20.78306,19.45939,48.83663,3715.1289,-2.22798,33.42983,13.08194247,4.873367777,0
20.82449,19.48866,48.62688,3708.26891,-2.08875,33.44505,13.42391169,5.000760309,0
20.86585,19.5179,48.43139,3701.18719,-1.94178,33.46026,13.74546632,5.12054787,0
20.90713,19.54711,48.25086,3693.89414,-1.78755,33.47546,14.04344489,5.231552728,0
20.94831,19.57628,48.08592,3686.40201,-1.62661,33.49064,14.31481646,5.332645775,0
20.98942,19.60541,47.93712,3678.72483,-1.45958,33.50582,14.55674783,5.422771578,0
21.03043,19.6345,47.80496,3670.87834,-1.28716,33.52098,14.76666947,5.500972912,0
21.07135,19.66355,47.68986,3662.87976,-1.11008,33.53612,14.94233734,5.566413816,0
21.11217,19.69256,47.59217,3654.74772,-0.92916,33.55124,15.08188826,5.618400206,0
21.1529,19.72153,47.51214,3646.50192,-0.74524,33.56635,15.1838863,5.656397157,0
21.19353,19.75045,47.44993,3638.16299,-0.55919,33.58143,15.24735814,5.680042091,0
21.23407,19.77933,47.40563,3629.7522,-0.37192,33.59649,15.27181602,5.689153294,0
21.2745,19.80815,47.37922,3621.29118,-0.18435,33.61153,15.257267,5.6837334,0
21.31483,19.83694,47.37063,3612.80162,0.00261,33.62655,15.20420854,5.663967729,0
21.35506,19.86567,47.37964,3604.30508,0.18806,33.64155,15.11361061,5.630217614,0
21.39519,19.89435,47.40601,3595.82266,0.37111,33.65653,14.98688523,5.583009077,0
21.43522,19.92299,47.44939,3587.37476,0.55091,33.67148,14.82584528,5.52301746,0
21.47514,19.95157,47.50934,3578.98091,0.72664,33.68641,14.63265424,5.451048714,0
21.51496,19.98011,47.58538,3570.65952,0.89756,33.70132,14.40976938,5.368018239,0
21.55468,20.00859,47.67694,3562.42776,1.06294,33.71622,14.15988074,5.274928146,0
21.5943,20.03703,47.78342,3554.30143,1.22215,33.73109,13.88584835,5.17284387,0
21.63382,20.06542,47.90414,3546.29481,1.37462,33.74594,13.59063996,5.062870975,0
21.67324,20.09377,48.03839,3538.42069,1.51983,33.76078,13.27727133,4.946132915,0
21.71256,20.12207,48.18543,3530.69027,1.65736,33.77561,12.94875082,4.823750384,0
21.75179,20.15032,48.34448,3523.11319,1.78682,33.79042,12.6080296,4.696822762,0
21.79093,20.17853,48.51472,3515.69754,1.90794,33.80522,12.2579583,4.566411992,0
21.82997,20.20669,48.69535,3508.44995,2.02046,33.82001,11.90125089,4.433529098,0
21.86892,20.23482,48.88553,3501.3756,2.12424,33.83479,11.54045576,4.299123418,0
21.90779,20.2629,49.08442,3494.47834,2.21915,33.84956,11.17793395,4.164074507,0
21.94657,20.29094,49.29119,3487.76077,2.30517,33.86434,10.81584426,4.029186571,0
21.98526,20.31895,49.505,3481.22436,2.38227,33.87911,10.45613451,3.895185222,0
22.02388,20.34692,49.72502,3474.86954,2.45052,33.89388,10.10053837,3.762716304,0
22.06241,20.37486,49.95045,3468.69581,2.51,33.90865,9.750577026,3.632346495,0
22.10087,20.40277,50.18048,3462.70184,2.56084,33.92342,9.407564724,3.504565388,0
22.13925,20.43064,50.41434,3456.8856,2.6032,33.9382,9.072617579,3.379788763,0
22.17756,20.45848,50.65125,3451.24445,2.63726,33.95299,8.746664786,3.258362771,0
22.2158,20.4863,50.8905,3445.7752,2.66324,33.96779,8.430461591,3.140568761,0
22.25397,20.51408,51.13135,3440.47426,2.68136,33.9826,8.12460341,3.026628541,0
22.29207,20.54185,51.37312,3435.33767,2.69187,33.99742,7.829540549,2.916709862,0
22.33011,20.56959,51.61515,3430.36119,2.69501,34.01226,7.545593106,2.810931968,0
22.36808,20.5973,51.8568,3425.54037,2.69106,34.02711,7.272965669,2.709371075,0
22.406,20.625,52.09745,3420.87063,2.68029,34.04198,7.011761552,2.612065669,0
22.44386,20.65267,52.33651,3416.34725,2.66296,34.05687,6.761996339,2.519021555,0
22.48166,20.68033,52.57344,3411.96547,2.63935,34.07178,6.523610586,2.43021659,0
22.51941,20.70797,52.80769,3407.72053,2.60973,34.08672,6.29648159,2.345605063,0
22.5571,20.7356,53.03876,3403.60766,2.57438,34.10168,6.080434165,2.265121712,0
22.59474,20.76321,53.26617,3399.62214,2.53356,34.11666,5.875250407,2.188685364,0
22.63233,20.7908,53.48945,3395.75931,2.48753,34.13167,5.680678455,2.116202192,0
22.66987,20.81839,53.70817,3392.01461,2.43656,34.14671,5.496440286,2.047568627,0
22.70737,20.84596,53.92193,3388.38355,2.38089,34.16178,5.322238581,1.982673908,0
22.74482,20.87352,54.13033,3384.86177,2.32077,34.17687,5.157762729,1.921402326,0
22.78222,20.90107,54.33301,3381.44501,2.25643,34.192,5.002694031,1.863635155,0
22.81959,20.92861,54.52962,3378.12914,2.18812,34.20716,4.856710163,1.809252323,0
22.8569,20.95615,54.71984,3374.91014,2.11604,34.22236,4.719488988,1.758133825,0
22.89418,20.98367,54.90337,3371.78414,2.04043,34.23758,4.590711761,1.71016092,0
22.93142,21.0112,55.0799,3368.74735,1.96148,34.25284,4.470065812,1.665217129,0
22.96862,21.03871,55.24919,3365.79615,1.8794,34.26814,4.357246759,1.623189064,0
23.00578,21.06622,55.41097,3362.927,1.79438,34.28347,4.251960314,1.583967093,0
23.0429,21.09373,55.56502,3360.13649,1.70661,34.29884,4.153923737,1.547445888,0
23.07999,21.12123,55.71112,3357.42131,1.61628,34.31425,4.06286698,1.513524851,0
23.11704,21.14873,55.84905,3354.77826,1.52355,34.3297,3.978533578,1.482108439,0
23.15406,21.17623,55.97864,3352.20424,1.4286,34.34518,3.900681315,1.453106423,0
23.19104,21.20373,56.09972,3349.69621,1.33159,34.3607,3.829082707,1.426434058,0
23.22799,21.23122,56.21212,3347.25125,1.23268,34.37626,3.763525337,1.402012212,0
23.26491,21.25872,56.3157,3344.8665,1.13202,34.39187,3.70381206,1.379767445,0
23.30179,21.28621,56.41032,3342.53916,1.02976,34.40751,3.649761111,1.359632045,0
23.33865,21.31371,56.49587,3340.26651,0.92604,34.42319,3.601206136,1.341544039,0
23.37547,21.3412,56.57224,3338.04585,0.82101,34.43892,3.557996159,1.325447186,0
23.41226,21.3687,56.63933,3335.87456,0.71481,34.45469,3.519995502,1.311290941,0
23.44902,21.3962,56.69706,3333.75004,0.60756,34.4705,3.487083685,1.299030423,0
23.48575,21.42369,56.74536,3331.66971,0.4994,34.48635,3.459155288,1.288626361,0
23.52246,21.4512,56.78416,3329.63105,0.39045,34.50224,3.436119818,1.280045042,0
23.55913,21.4787,56.81342,3327.63151,0.28085,34.51817,3.417901558,1.273258261,0
23.59577,21.5062,56.83308,3325.66857,0.17072,34.53415,3.404439431,1.268243264,0
23.63239,21.53371,56.84314,3323.7397,0.06018,34.55017,3.395686859,1.264982701,0
23.66898,21.56123,56.84355,3321.84237,-0.05064,34.56624,3.391611639,1.263464574,0
23.70554,21.58874,56.83433,3319.97403,-0.16162,34.58235,3.392195828,1.2636822,0
23.74207,21.61626,56.81546,3318.1321,-0.27264,34.5985,3.397435641,1.265634168,0
23.77858,21.64378,56.78697,3316.31397,-0.38358,34.61469,3.407341364,1.26932431,0
23.81505,21.67131,56.74887,3314.517,-0.49431,34.63093,3.42193727,1.274761669,0
23.85151,21.69884,56.70119,3312.73847,-0.60471,34.64721,3.441261555,1.281960474,0
23.88793,21.72637,56.644,3310.97565,-0.71465,34.66353,3.465366272,1.290940116,0
23.92433,21.75391,56.57732,3309.22571,-0.82402,34.67989,3.494317267,1.301725123,0
23.9607,21.78145,56.50125,3307.48575,-0.93267,34.6963,3.528194111,1.314345139,0
23.99704,21.809,56.41584,3305.75282,-1.04049,34.71275,3.567090018,1.328834887,0
24.03335,21.83655,56.32119,3304.02383,-1.14733,34.72925,3.611111745,1.345234139,0
24.06964,21.86411,56.2174,3302.29565,-1.25306,34.74578,3.660379459,1.363587659,0
24.1059,21.89166,56.10458,3300.565,-1.35755,34.76236,3.71502656,1.383945142,0
24.14214,21.91923,55.98286,3298.8285,-1.46064,34.77898,3.77519945,1.406361127,0
24.17835,21.9468,55.85237,3297.08265,-1.56219,34.79564,3.841057231,1.430894883,0
24.21453,21.97437,55.71326,3295.32383,-1.66206,34.81234,3.912771307,1.457610263,0
24.25068,22.00194,55.56569,3293.54827,-1.76007,34.82909,3.990524885,1.486575517,0
24.2868,22.02952,55.40984,3291.75205,-1.85608,34.84587,4.07451234,1.517863053,0
24.3229,22.0571,55.2459,3289.93111,-1.94992,34.86269,4.164938417,1.551549146,0
24.35896,22.08469,55.07408,3288.08123,-2.04141,34.87955,4.26201726,1.58771357,0
24.395,22.11228,54.8946,3286.198,-2.13039,34.89646,4.365971215,1.626439153,0
24.43101,22.13987,54.70768,3284.27688,-2.21665,34.9134,4.477029393,1.667811246,0
24.46699,22.16746,54.51359,3282.31311,-2.30002,34.93037,4.595425942,1.711917077,0
24.50294,22.19506,54.3126,3280.30179,-2.3803,34.94739,4.721398008,1.758844986,0
24.53886,22.22266,54.10498,3278.2378,-2.45729,34.96444,4.855183323,1.808683535,0
24.57474,22.25026,53.89104,3276.11586,-2.53077,34.98152,4.997017401,1.861520461,0
24.6106,22.27786,53.67111,3273.9305,-2.60054,34.99865,5.147130291,1.917441463,0
24.64642,22.30546,53.44552,3271.67606,-2.66637,35.0158,5.305742843,1.976528811,0
24.68221,22.33306,53.21463,3269.34672,-2.72803,35.03299,5.473062456,2.03885977,0
24.71797,22.36066,52.97883,3266.93648,-2.7853,35.05021,5.649278277,2.1045048,0
24.75369,22.38826,52.73852,3264.43919,-2.83793,35.06746,5.834555806,2.173525554,0
24.78937,22.41586,52.4941,3261.84853,-2.88568,35.08474,6.02903091,2.245972647,0
24.82502,22.44345,52.24603,3259.15808,-2.9283,35.10205,6.232803222,2.321883195,0
24.86063,22.47104,51.99476,3256.3613,-2.96555,35.11939,6.445928939,2.401278132,0
24.89621,22.49863,51.74079,3253.45158,-2.99718,35.13675,6.668413046,2.484159316,0
24.93174,22.52621,51.4846,3250.42224,-3.02292,35.15414,6.900201013,2.570506433,0
24.96723,22.55379,51.22673,3247.2666,-3.04254,35.17155,7.14117004,2.660273736,0
25.00268,22.58136,50.96771,3243.97801,-3.05579,35.18898,7.391119964,2.753386659,0
25.03809,22.60892,50.70812,3240.54989,-3.06242,35.20644,7.649763961,2.849738353,0
25.07345,22.63647,50.44854,3236.97576,-3.0622,35.22391,7.916719237,2.949186217,0
25.10877,22.66401,50.18957,3233.24938,-3.05491,35.2414,8.191497918,3.051548506,0
25.14404,22.69155,49.93182,3229.3647,-3.04034,35.25891,8.473498416,3.156601111,0
25.17926,22.71907,49.67594,3225.31602,-3.01828,35.27643,8.761997564,3.264074635,0
25.21443,22.74657,49.42256,3221.09803,-2.98857,35.29396,9.056143875,3.373651875,0
25.24955,22.77406,49.17234,3216.70589,-2.95104,35.3115,9.354952297,3.484965874,0
25.28461,22.80154,48.92597,3212.13529,-2.90558,35.32905,9.65730086,3.597598669,0
25.31962,22.82899,48.6841,3207.3826,-2.85209,35.34661,9.961929626,3.7110809,0
25.35458,22.85643,48.44742,3202.44486,-2.79049,35.36417,10.26744234,3.824892426,0
25.38947,22.88385,48.2166,3197.31996,-2.72078,35.38173,10.57231118,3.93846409,0
25.4243,22.91124,47.99232,3192.00665,-2.64295,35.3993,10.87488487,4.051180749,0
25.45907,22.93861,47.77525,3186.50464,-2.55708,35.41686,11.17340048,4.162385669,0
25.49377,22.96595,47.56605,3180.8147,-2.46326,35.43442,11.46599905,4.271386334,0
25.52841,22.99327,47.36534,3174.93868,-2.36166,35.45197,11.750745,4.377461692,0
25.56297,23.02056,47.17376,3168.87955,-2.25248,35.46951,12.0256493,4.479870779,0
25.59747,23.04782,46.99189,3162.64149,-2.13599,35.48705,12.28869609,4.57786263,0
25.63189,23.07504,46.82031,3156.22988,-2.01251,35.50457,12.53787224,4.670687303,0
25.66624,23.10224,46.65955,3149.65128,-1.88241,35.52208,12.77119935,4.757607787,0
25.70051,23.12939,46.51009,3142.91346,-1.74613,35.53957,12.98676726,4.837912506,0
25.73471,23.15651,46.37239,3136.02534,-1.60413,35.55705,13.18276836,4.910928072,0
25.76882,23.18359,46.24685,3128.99695,-1.45695,35.5745,13.35753143,4.976031916,0
25.80285,23.21064,46.13382,3121.83933,-1.30517,35.59194,13.50955416,5.032664381,0
25.8368,23.23764,46.03361,3114.56446,-1.14941,35.60936,13.63753304,5.080339882,0
25.87067,23.2646,45.94646,3107.18517,-0.99032,35.62675,13.74038983,5.118656742,0
25.90444,23.29151,45.87256,3099.71497,-0.82859,35.64412,13.81729338,5.147305338,0
25.93813,23.31838,45.81202,3092.16796,-0.66493,35.66146,13.86767624,5.166074279,0
25.97174,23.34521,45.76492,3084.55864,-0.50007,35.67878,13.89124532,5.174854383,0
26.00525,23.37198,45.73125,3076.90181,-0.33475,35.69608,13.88798634,5.173640327,0
26.03867,23.39871,45.71096,3069.21237,-0.16971,35.71334,13.85816182,5.162529909,0
26.072,23.4254,45.70392,3061.50519,-0.00569,35.73058,13.80230293,5.141721003,0
26.10524,23.45203,45.70998,3053.79496,0.15661,35.74779,13.72119544,5.111506326,0
26.13839,23.47862,45.72888,3046.09604,0.31646,35.76498,13.6158604,5.072266255,0
26.17145,23.50515,45.76034,3038.42234,0.47319,35.78214,13.48753046,5.024459976,0
26.20442,23.53164,45.80404,3030.78719,0.62617,35.79927,13.33762252,4.968615322,0
26.2373,23.55808,45.85957,3023.20326,0.77477,35.81638,13.16770787,4.905317645,0
26.27008,23.58447,45.92653,3015.68244,0.91844,35.83346,12.97948084,4.835198125,0
26.30278,23.61081,46.00443,3008.23578,1.05665,35.85052,12.77472689,4.758921888,0
26.33539,23.6371,46.09278,3000.87346,1.18894,35.86756,12.55529104,4.67717626,0
26.3679,23.66335,46.19105,2993.60471,1.31488,35.88457,12.32304768,4.590659498,0
26.40033,23.68955,46.29867,2986.43783,1.43409,35.90157,12.07987221,4.500070239,0
26.43268,23.7157,46.41507,2979.38016,1.54626,35.91854,11.82761527,4.40609789,0
26.46494,23.74181,46.53966,2972.43809,1.65113,35.9355,11.56807982,4.309414107,0
26.49711,23.76787,46.67181,2965.61708,1.74846,35.95244,11.30300152,4.210665464,0
26.52921,23.79389,46.81091,2958.92169,1.83809,35.96937,11.03403234,4.110467368,0
26.56122,23.81987,46.95632,2952.35563,1.91989,35.98628,10.76272756,4.009399199,0
26.59315,23.84581,47.10743,2945.9218,1.99379,36.00318,10.49053596,3.908000669,0
26.62501,23.87171,47.26359,2939.62232,2.05974,36.02008,10.2187931,3.806769304,0
26.65679,23.89756,47.42418,2933.45862,2.11774,36.03696,9.94871732,3.706158968,0
26.68849,23.92338,47.58858,2927.43144,2.16782,36.05384,9.681408286,3.60657932,0
26.72012,23.94917,47.75618,2921.54098,2.21006,36.07071,9.417847721,3.508396075,0
26.75168,23.97492,47.92638,2915.78687,2.24453,36.08758,9.158901948,3.411931961,0
26.78317,24.00063,48.09857,2910.16826,2.27136,36.10445,8.90532596,3.317468233,0
26.81459,24.02631,48.2722,2904.68388,2.2907,36.12132,8.657768704,3.225246642,0
26.84595,24.05197,48.44669,2899.33209,2.3027,36.1382,8.416779263,3.135471734,0
26.87724,24.07759,48.62149,2894.11092,2.30753,36.15507,8.182813693,3.048313403,0
26.90847,24.10318,48.79609,2889.01814,2.3054,36.17195,7.956242261,2.963909584,0
26.93963,24.12874,48.96997,2884.05125,2.29649,36.18884,7.737356905,2.882369029,0
26.97074,24.15428,49.14263,2879.20759,2.28104,36.20574,7.526378715,2.803774102,0
27.00178,24.17979,49.3136,2874.48432,2.25924,36.22265,7.323465322,2.728183525,0
27.03277,24.20528,49.48242,2869.87848,2.23134,36.23957,7.128718066,2.655635048,0
27.0637,24.23075,49.64867,2865.38701,2.19756,36.2565,6.942188855,2.586148009,0
27.09458,24.25619,49.81191,2861.00675,2.15812,36.27344,6.763886664,2.519725751,0
27.12541,24.28161,49.97175,2856.73453,2.11328,36.2904,6.593783619,2.456357891,0
27.15618,24.30701,50.12781,2852.5671,2.06325,36.30738,6.431820644,2.396022421,0
27.1869,24.33239,50.27973,2848.50124,2.00828,36.32438,6.277912651,2.338687644,0
27.21758,24.35776,50.42717,2844.53367,1.94859,36.34139,6.131953292,2.284313943,0
27.2482,24.3831,50.56979,2840.66117,1.88441,36.35843,5.993819247,2.232855376,0
27.27878,24.40843,50.7073,2836.8805,1.81597,36.37548,5.863374099,2.184261127,0
27.30931,24.43375,50.8394,2833.18844,1.7435,36.39256,5.740471795,2.138476785,0
27.33979,24.45905,50.96581,2829.58183,1.66721,36.40966,5.624959718,2.095445497,0
27.37023,24.48433,51.08629,2826.0575,1.58732,36.42678,5.516681403,2.055108975,0
27.40063,24.5096,51.20058,2822.61234,1.50404,36.44393,5.415478925,2.017408389,0
27.43099,24.53486,51.30847,2819.24328,1.41759,36.4611,5.321194976,1.982285138,0
27.4613,24.56011,51.40975,2815.94726,1.32817,36.4783,5.233674673,1.949681522,0
27.49157,24.58534,51.50422,2812.72127,1.23598,36.49553,5.152767113,1.919541327,0
27.5218,24.61057,51.59171,2809.56234,1.14121,36.51278,5.078326703,1.891810316,0
27.55199,24.63578,51.67204,2806.46751,1.04407,36.53006,5.010214295,1.866436651,0
27.58214,24.66099,51.74507,2803.43386,0.94474,36.54737,4.948298139,1.843371254,0
27.61226,24.68618,51.81067,2800.45849,0.84341,36.56471,4.892454683,1.822568098,0
27.64233,24.71137,51.8687,2797.53852,0.74026,36.58208,4.842569229,1.803984453,0
27.67237,24.73655,51.91906,2794.67109,0.63548,36.59948,4.798536474,1.787581094,0
27.70237,24.76172,51.96166,2791.85335,0.52924,36.61691,4.760260942,1.773322451,0
27.73234,24.78688,51.9964,2789.08245,0.42172,36.63437,4.72765732,1.761176744,0
27.76227,24.81203,52.02322,2786.35553,0.3131,36.65185,4.700650716,1.751116073,0
27.79216,24.83718,52.04206,2783.66976,0.20355,36.66938,4.679176842,1.74311649,0
27.82202,24.86232,52.05287,2781.02226,0.09323,36.68693,4.663182132,1.73715804,0
27.85184,24.88745,52.05563,2778.41016,-0.01767,36.70451,4.652623806,1.733224786,0
27.88163,24.91258,52.0503,2775.83055,-0.129,36.72213,4.647469874,1.73130481,0
27.91138,24.9377,52.03688,2773.28052,-0.24058,36.73977,4.647699092,1.7313902,0
27.9411,24.96282,52.01537,2770.7571,-0.35224,36.75745,4.653300879,1.733477013,0
27.97079,24.98793,51.98578,2768.25728,-0.46382,36.77516,4.664275167,1.737565224,0
28.00044,25.01304,51.94815,2765.77802,-0.57515,36.79291,4.680632226,1.743658659,0
28.03006,25.03814,51.90251,2763.31622,-0.68605,36.81068,4.702392419,1.751764903,0
28.05964,25.06323,51.84891,2760.86873,-0.79636,36.82849,4.729585913,1.761895196,0
28.08919,25.08832,51.78741,2758.43233,-0.9059,36.84632,4.762252332,1.774064296,0
28.11871,25.1134,51.7181,2756.00373,-1.0145,36.86419,4.800440337,1.788290333,0
28.14819,25.13848,51.64106,2753.57957,-1.12199,36.88209,4.844207145,1.80459462,0
28.17764,25.16355,51.55638,2751.15642,-1.22818,36.90002,4.893617963,1.82300145,0
28.20706,25.18862,51.46419,2748.73074,-1.3329,36.91799,4.948745324,1.843537843,0
28.23644,25.21368,51.36461,2746.29894,-1.43597,36.93598,5.009668339,1.866233269,0
28.26579,25.23874,51.25777,2743.8573,-1.5372,36.954,5.076471821,1.891119323,0
28.2951,25.26379,51.14384,2741.40203,-1.63639,36.97205,5.149245288,1.918229355,0
28.32439,25.28884,51.02298,2738.92924,-1.73337,36.99013,5.228081832,1.947598041,0
28.35363,25.31388,50.89536,2736.43491,-1.82794,37.00824,5.313076823,1.979260912,0
28.38284,25.33891,50.76118,2733.91496,-1.91989,37.02638,5.404326455,2.013253801,0
28.41202,25.36393,50.62066,2731.36517,-2.00903,37.04455,5.501926097,2.049612236,0
28.44116,25.38895,50.474,2728.78124,-2.09515,37.06274,5.605968451,2.08837075,0
28.47027,25.41396,50.32145,2726.15875,-2.17804,37.08096,5.716541492,2.129562117,0
28.49934,25.43897,50.16326,2723.49319,-2.2575,37.0992,5.833726184,2.173216498,0
28.52837,25.46397,49.9997,2720.77994,-2.33331,37.11747,5.957593951,2.2193605,0
28.55737,25.48895,49.83105,2718.01432,-2.40526,37.13576,6.088203903,2.268016144,0
28.58633,25.51393,49.6576,2715.19154,-2.47312,37.15407,6.225599805,2.319199733,0
28.61525,25.5389,49.47967,2712.30673,-2.53668,37.17241,6.369806795,2.372920631,0
28.64413,25.56386,49.29758,2709.35498,-2.59572,37.19077,6.520827838,2.429179943,0
28.67297,25.58881,49.11168,2706.33131,-2.65001,37.20915,6.678639954,2.487969109,0
28.70177,25.61375,48.92232,2703.23072,-2.69933,37.22754,6.84319021,2.549268408,0
28.73054,25.63868,48.72988,2700.04818,-2.74347,37.24596,7.014391523,2.613045402,0
28.75926,25.66359,48.53475,2696.77867,-2.7822,37.26439,7.192118303,2.679253304,0
28.78794,25.68849,48.33732,2693.41719,-2.81532,37.28284,7.376201993,2.747829322,0
28.81657,25.71338,48.13801,2689.95881,-2.84262,37.3013,7.566426561,2.818692979,0
28.84516,25.73825,47.93726,2686.39868,-2.86388,37.31977,7.762524028,2.891744445,0
28.87371,25.7631,47.7355,2682.73203,-2.87893,37.33826,7.964170122,2.96686292,0
28.90221,25.78794,47.53318,2678.95429,-2.88757,37.35675,8.170980155,3.043905099,0
28.93066,25.81277,47.33078,2675.06106,-2.88964,37.37525,8.382505267,3.122703769,0
28.95906,25.83757,47.12877,2671.04814,-2.88497,37.39376,8.59822914,3.203066588,0
28.98742,25.86235,46.92764,2666.91164,-2.87343,37.41228,8.817565349,3.284775097,0
29.01573,25.88712,46.72786,2662.64796,-2.85489,37.4308,9.039855495,3.367584025,0
29.04398,25.91186,46.52995,2658.25386,-2.82925,37.44932,9.26436828,3.451220944,0
29.07218,25.93658,46.3344,2653.72653,-2.79643,37.46784,9.490299676,3.535386334,0
29.10033,25.96127,46.14171,2649.06357,-2.75638,37.48636,9.716774346,3.619754108,0
29.12842,25.98594,45.95239,2644.26311,-2.70908,37.50487,9.942848453,3.703972661,0
29.15645,26.01058,45.76694,2639.32381,-2.65452,37.52339,10.16751397,3.787666477,0
29.18443,26.0352,45.58585,2634.24493,-2.59275,37.54189,10.38970459,3.870438329,0
29.21235,26.05978,45.40961,2629.02632,-2.52384,37.56039,10.60830327,3.951872091,0
29.24021,26.08434,45.2387,2623.66854,-2.4479,37.57887,10.82215147,4.031536172,0
29.268,26.10886,45.07358,2618.17278,-2.36507,37.59735,11.03005996,4.108987552,0
29.29573,26.13335,44.91472,2612.54099,-2.27554,37.61581,11.23082114,4.183776376,0
29.3234,26.15781,44.76253,2606.77582,-2.17954,37.63425,11.42322282,4.255451065,0
29.351,26.18223,44.61743,2600.88067,-2.07733,37.65268,11.60606302,4.32356385,0
29.37853,26.20661,44.47982,2594.85966,-1.96922,37.67109,11.77816571,4.387676631,0
29.406,26.23095,44.35005,2588.71767,-1.85556,37.68947,11.9383971,4.447367039,0
29.43339,26.25526,44.22846,2582.46027,-1.73672,37.70784,12.08568207,4.502234566,0
29.46071,26.27953,44.11535,2576.0937,-1.61312,37.72618,12.21902041,4.551906603,0
29.48796,26.30375,44.01099,2569.62487,-1.48522,37.7445,12.33750235,4.596044244,0
29.51514,26.32793,43.91561,2563.06127,-1.35351,37.7628,12.44032311,4.634347685,0
29.54224,26.35206,43.82942,2556.41095,-1.2185,37.78106,12.52679588,4.666561067,0
29.56926,26.37615,43.75257,2549.68242,-1.08073,37.7993,12.59636297,4.692476636,0
29.59621,26.4002,43.68519,2542.88463,-0.94075,37.81751,12.64860476,4.711938077,0
29.62308,26.4242,43.62734,2536.02686,-0.79914,37.83569,12.68324626,4.724842946,0
29.64988,26.44815,43.57908,2529.11863,-0.65649,37.85384,12.70016096,4.731144118,0
29.67659,26.47205,43.5404,2522.16966,-0.51339,37.87196,12.69937201,4.730850214,0
29.70323,26.4959,43.51126,2515.18976,-0.37044,37.89005,12.68105061,4.724025012,0
29.72978,26.5197,43.49158,2508.18875,-0.22822,37.90811,12.64551178,4.710785862,0
29.75625,26.54345,43.48124,2501.17641,-0.08733,37.92613,12.59320757,4.691301169,0
29.78265,26.56715,43.48009,2494.16234,0.05167,37.94413,12.52471807,4.665787028,0
29.80896,26.5908,43.48792,2487.15595,0.18823,37.96209,12.44074039,4.63450313,0
29.83519,26.6144,43.50452,2480.16637,0.3218,37.98002,12.34207603,4.597748062,0
29.86135,26.63795,43.52962,2473.20238,0.45189,37.99792,12.22961706,4.555854137,0
29.88742,26.66144,43.56294,2466.27236,0.578,38.01579,12.10433137,4.509181918,0
29.91341,26.68489,43.60415,2459.38427,0.6997,38.03363,11.96724749,4.458114567,0
29.93932,26.70829,43.65292,2452.54558,0.81656,38.05144,11.81943938,4.403052159,0
29.96516,26.73163,43.70888,2445.76325,0.92819,38.06923,11.66201145,4.344406113,0
29.99091,26.75493,43.77165,2439.04371,1.03426,38.08698,11.49608415,4.282593824,0
30.01659,26.77817,43.84082,2432.39285,1.13446,38.10471,11.32278043,4.21803363,0
30.04219,26.80137,43.91598,2425.81601,1.2285,38.12242,11.14321332,4.151140159,0
30.06771,26.82452,43.9967,2419.31798,1.31616,38.1401,10.95847468,4.082320155,0
30.09316,26.84762,44.08254,2412.903,1.39723,38.15776,10.7696253,4.01196879,0
30.11853,26.87067,44.17306,2406.57476,1.47156,38.17539,10.57768644,3.940466515,0
30.14383,26.89367,44.2678,2400.33644,1.53901,38.19301,10.3836328,3.86817643,0
30.16906,26.91664,44.36631,2394.19074,1.59949,38.21061,10.1883869,3.795442194,0
30.19422,26.93955,44.46813,2388.13984,1.65293,38.22819,9.992814783,3.722586433,0
30.2193,26.96243,44.57282,2382.18549,1.69932,38.24576,9.797723032,3.649909623,0
30.24432,26.98526,44.67991,2376.329,1.73863,38.26331,9.603856969,3.577689414,0
30.26927,27.00804,44.78896,2370.57128,1.7709,38.28084,9.411899891,3.506180351,0
30.29415,27.03079,44.89954,2364.91287,1.79618,38.29837,9.222473257,3.435613946,0
30.31897,27.0535,45.0112,2359.35396,1.81452,38.31589,9.036137691,3.366199045,0
30.34372,27.07617,45.12352,2353.89443,1.82603,38.33339,8.853394668,3.298122461,0
30.36841,27.0988,45.23608,2348.53385,1.83081,38.35089,8.674688765,3.23154981,0
30.39304,27.12139,45.34848,2343.27156,1.829,38.36839,8.500410366,3.166626521,0
30.4176,27.14395,45.46032,2338.10664,1.82072,38.38588,8.330898697,3.103478964,0
30.44211,27.16647,45.57121,2333.03795,1.80614,38.40336,8.166445119,3.042215679,0
30.46655,27.18896,45.68079,2328.06417,1.78542,38.42085,8.007296576,2.982928659,0
30.49094,27.21141,45.7887,2323.18381,1.75873,38.43833,7.853659116,2.925694663,0
30.51528,27.23383,45.89458,2318.39523,1.72627,38.45582,7.705701447,2.870576538,0
30.53955,27.25622,45.99811,2313.69666,1.68823,38.47331,7.563558444,2.81762453,0
30.56378,27.27858,46.09897,2309.0862,1.6448,38.4908,7.427334578,2.766877555,0
30.58794,27.30091,46.19685,2304.56187,1.59619,38.50829,7.297107232,2.718364442,0
30.61206,27.32321,46.29145,2300.12157,1.54261,38.52579,7.172929871,2.672105108,0
30.63613,27.34548,46.38252,2295.76316,1.48427,38.5433,7.054835044,2.628111678,0
30.66014,27.36773,46.46977,2291.4844,1.42137,38.56082,6.942837213,2.586389539,0
30.6841,27.38994,46.55296,2287.28301,1.35415,38.57834,6.836935389,2.546938323,0
30.70802,27.41214,46.63185,2283.15666,1.28281,38.59587,6.737115578,2.509752817,0
30.73189,27.4343,46.70623,2279.10298,1.20758,38.61342,6.643353037,2.474823803,0
30.7557,27.45644,46.77588,2275.11953,1.12866,38.63097,6.555614331,2.442138827,0
30.77948,27.47856,46.84061,2271.20388,1.04629,38.64854,6.473859212,2.411682894,0
30.8032,27.50065,46.90024,2267.35353,0.96068,38.66612,6.398042316,2.383439105,0
30.82689,27.52273,46.9546,2263.56598,0.87204,38.68371,6.328114684,2.357389223,0
30.85052,27.54477,47.00354,2259.83869,0.7806,38.70132,6.264025124,2.333514175,0
30.87411,27.5668,47.04692,2256.16909,0.68656,38.71894,6.20572141,2.311794508,0
30.89766,27.58881,47.0846,2252.55459,0.59016,38.73658,6.153151346,2.292210775,0
30.92117,27.61079,47.11648,2248.99259,0.49159,38.75423,6.10626368,2.274743886,0
30.94463,27.63276,47.14246,2245.48042,0.39107,38.7719,6.065008899,2.259375395,0
30.96805,27.6547,47.16243,2242.01544,0.28882,38.78958,6.029339896,2.246087753,0
30.99143,27.67662,47.17634,2238.59493,0.18505,38.80728,5.999212524,2.234864514,0
31.01477,27.69853,47.1841,2235.21618,0.07997,38.825,5.97458605,2.225690504,0
31.03807,27.72041,47.18568,2231.87643,-0.02622,38.84274,5.955423496,2.218551949,0
31.06133,27.74228,47.18103,2228.57288,-0.13329,38.8605,5.941691894,2.213436566,0
31.08454,27.76413,47.17012,2225.3027,-0.24104,38.87827,5.933362448,2.210333628,0
31.10772,27.78596,47.15294,2222.06304,-0.34926,38.89606,5.930410601,2.209233987,0
31.13086,27.80777,47.12949,2218.85098,-0.45775,38.91387,5.932816024,2.210130071,0
31.15396,27.82957,47.09977,2215.66358,-0.56628,38.9317,5.94056252,2.213015844,0
31.17702,27.85134,47.0638,2212.49784,-0.67466,38.94955,5.953637842,2.217886746,0
31.20004,27.8731,47.02162,2209.35072,-0.78267,38.96741,5.972033431,2.224739587,0
31.22302,27.89484,46.97328,2206.21914,-0.89011,38.98529,5.995744069,2.233572423,0
31.24596,27.91657,46.91883,2203.09994,-0.99675,39.00319,6.024767455,2.244384398,0
31.26886,27.93827,46.85833,2199.98993,-1.1024,39.02111,6.059103683,2.257175547,0
31.29173,27.95996,46.79188,2196.88587,-1.20684,39.03905,6.098754645,2.271946573,0
31.31456,27.98163,46.71955,2193.78445,-1.30986,39.057,6.143723331,2.288698592,0
31.33734,28.00328,46.64147,2190.68232,-1.41124,39.07498,6.194013051,2.307432836,0
31.36009,28.02492,46.55774,2187.57606,-1.51077,39.09296,6.249626543,2.328150325,0
31.3828,28.04654,46.46849,2184.46219,-1.60823,39.11097,6.310564999,2.350851503,0
31.40547,28.06813,46.37386,2181.3372,-1.70342,39.12899,6.376826976,2.375535833,0
31.4281,28.08972,46.27401,2178.19751,-1.79611,39.14703,6.448407212,2.402201354,0
31.4507,28.11128,46.16911,2175.03948,-1.8861,39.16508,6.525295334,2.430844203,0
31.47325,28.13282,46.05932,2171.85946,-1.97316,39.18314,6.607474461,2.46145809,0
31.49576,28.15435,45.94483,2168.65371,-2.05707,39.20122,6.694919697,2.494033741,0
31.51824,28.17585,45.82585,2165.41848,-2.13763,39.21932,6.787596534,2.528558301,0
31.54067,28.19734,45.70259,2162.15,-2.21462,39.23742,6.885459145,2.565014699,0
31.56306,28.21881,45.57528,2158.84443,-2.28782,39.25554,6.988448593,2.603380978,0
31.58542,28.24025,45.44413,2155.49796,-2.35703,39.27367,7.096490954,2.6436296,0
31.60773,28.26168,45.30942,2152.10675,-2.42204,39.29181,7.209495377,2.685726721,0
31.62999,28.28309,45.17138,2148.66697,-2.48263,39.30995,7.327352085,2.729631446,0
31.65222,28.30447,45.03029,2145.1748,-2.53861,39.32811,7.449930344,2.775295073,0
31.67441,28.32583,44.88643,2141.62644,-2.58979,39.34627,7.577076425,2.822660333,0
31.69655,28.34717,44.74008,2138.01817,-2.63596,39.36444,7.708611583,2.87166064,0
31.71864,28.36848,44.59155,2134.34628,-2.67694,39.38261,7.844330086,2.922219354,0
31.7407,28.38978,44.44113,2130.60718,-2.71257,39.40079,7.983997337,2.97424908,0
31.76271,28.41104,44.28916,2126.79734,-2.74266,39.41897,8.127348122,3.027651019,0
31.78467,28.43228,44.13594,2122.91338,-2.76706,39.43715,8.274085038,3.082314381,0
31.80658,28.4535,43.98181,2118.95203,-2.78563,39.45533,8.423877143,3.138115881,0
31.82845,28.47469,43.82711,2114.9102,-2.79823,39.47351,8.576358891,3.194919344,0
31.85028,28.49585,43.67218,2110.78495,-2.80474,39.49169,8.731129392,3.252575429,0
31.87205,28.51699,43.51737,2106.57358,-2.80505,39.50986,8.887752073,3.310921498,0
31.89378,28.53809,43.36303,2102.27361,-2.79909,39.52803,9.045754768,3.369781659,0
31.91545,28.55916,43.2095,2097.88279,-2.78677,39.5462,9.204630324,3.428966984,0
31.93707,28.58021,43.05715,2093.39918,-2.76807,39.56435,9.363837736,3.488275934,0
31.95865,28.60122,42.90633,2088.82113,-2.74294,39.5825,9.522803885,3.547495007,0
31.98017,28.6222,42.75739,2084.14731,-2.71139,39.60063,9.680925895,3.606399616,0
32.00164,28.64315,42.61068,2079.37674,-2.67343,39.61876,9.837574132,3.664755206,0
32.02305,28.66406,42.46654,2074.5088,-2.62912,39.63687,9.992095876,3.722318622,0
32.04441,28.68494,42.32531,2069.54327,-2.57854,39.65496,10.14381963,3.778839713,0
32.06571,28.70578,42.18733,2064.48033,-2.52177,39.67304,10.29206009,3.834063184,0
32.08695,28.72658,42.05291,2059.32055,-2.45895,39.6911,10.43612367,3.887730658,0
32.10814,28.74734,41.92237,2054.06495,-2.39025,39.70914,10.57531462,3.939582949,0
32.12927,28.76807,41.79601,2048.71497,-2.31584,39.72715,10.70894156,3.989362501,0
32.15034,28.78875,41.67411,2043.2725,-2.23595,39.74515,10.83632442,4.036815968,0
32.17135,28.8094,41.55694,2037.73984,-2.15083,39.76312,10.95680161,4.08169689,0
32.1923,28.83,41.44476,2032.11974,-2.06074,39.78107,11.06973733,4.123768417,0
32.21318,28.85056,41.3378,2026.41535,-1.966,39.79899,11.1745289,4.162806035,0
32.23401,28.87107,41.23627,2020.63024,-1.86693,39.81689,11.2706139,4.198600227,0
32.25477,28.89154,41.14038,2014.76837,-1.76388,39.83475,11.35747705,4.230959033,0
32.27546,28.91196,41.05028,2008.83405,-1.65723,39.85259,11.43465656,4.259710433,0
32.29609,28.93234,40.96613,2002.83195,-1.54739,39.8704,11.50175002,4.284704511,0
32.31665,28.95266,40.88806,1996.76703,-1.43477,39.88817,11.55841941,4.305815349,0
32.33715,28.97294,40.81617,1990.64456,-1.3198,39.90591,11.60439537,4.322942607,0
32.35758,28.99317,40.75054,1984.47001,-1.20294,39.92362,11.63948052,4.336012745,0
32.37794,29.01335,40.6912,1978.24909,-1.08464,39.9413,11.66355166,4.344979878,0
32.39823,29.03348,40.6382,1971.98766,-0.96537,39.95894,11.67656105,4.34982622,0
32.41846,29.05356,40.59152,1965.6917,-0.8456,39.97654,11.67853651,4.35056213,0
32.43861,29.07358,40.55116,1959.3673,-0.72581,39.99412,11.66958042,4.347225753,0
32.45869,29.09355,40.51704,1953.02056,-0.60647,40.01165,11.64986778,4.339882273,0
32.47871,29.11348,40.48911,1946.6576,-0.48805,40.02915,11.61964312,4.328622795,0
32.49865,29.13334,40.46726,1940.2845,-0.371,40.04662,11.5792167,4.313562889,0
32.51853,29.15316,40.45138,1933.90727,-0.25579,40.06405,11.52895973,4.294840843,0
32.53833,29.17292,40.44131,1927.5318,-0.14284,40.08144,11.469299,4.272615653,0
32.55807,29.19263,40.4369,1921.16385,-0.03257,40.0988,11.40071099,4.247064813,0
32.57773,29.21228,40.43797,1914.809,0.0746,40.11612,11.32371546,4.218381952,0
32.59733,29.23188,40.44431,1908.47262,0.1783,40.13341,11.23886887,4.186774366,0
32.61685,29.25142,40.45571,1902.15986,0.27815,40.15067,11.1467576,4.152460496,0
32.6363,29.27092,40.47194,1895.87563,0.37384,40.16789,11.04799121,4.115667416,0
32.65569,29.29036,40.49274,1889.62459,0.46503,40.18508,10.94319575,4.076628349,0
32.67501,29.30974,40.51786,1883.41109,0.55144,40.20223,10.83300737,4.035580279,0
32.69425,29.32907,40.54702,1877.23923,0.63282,40.21936,10.71806622,3.992761676,0
32.71343,29.34835,40.57996,1871.11278,0.70891,40.23645,10.59901073,3.948410374,0
32.73254,29.36758,40.61638,1865.03524,0.77952,40.25352,10.47647239,3.902761618,0
32.75159,29.38676,40.65598,1859.0098,0.84447,40.27055,10.35107102,3.856046307,0
32.77057,29.40588,40.69847,1853.03935,0.90359,40.28756,10.22341057,3.808489431,0
32.78948,29.42496,40.74355,1847.12647,0.95676,40.30455,10.09407553,3.760308726,0
32.80832,29.44398,40.7909,1841.27348,1.00389,40.3215,9.963627846,3.711713532,0
32.82711,29.46295,40.84022,1835.48239,1.04488,40.33843,9.832604408,3.662903853,0
32.84582,29.48188,40.89121,1829.75493,1.07969,40.35534,9.701515083,3.614069631,0
32.86448,29.50075,40.94356,1824.0926,1.10829,40.37223,9.570841248,3.565390189,0
32.88307,29.51958,40.99696,1818.49659,1.13067,40.3891,9.441034787,3.517033867,0
32.9016,29.53836,41.05111,1812.96789,1.14684,40.40594,9.312517536,3.469157809,0
32.92007,29.55709,41.10572,1807.50724,1.15684,40.42277,9.185681107,3.421907902,0
32.93848,29.57578,41.16049,1802.11515,1.16072,40.43958,9.060887068,3.375418839,0
32.95683,29.59442,41.21514,1796.79194,1.15856,40.45637,8.938467424,3.329814301,0
32.97512,29.61302,41.26939,1791.53771,1.15043,40.47315,8.818725356,3.28520723,0
32.99336,29.63157,41.32296,1786.35239,1.13644,40.48992,8.70193618,3.241700189,0
33.01153,29.65008,41.37559,1781.23573,1.11671,40.50667,8.588348476,3.19938578,0
33.02965,29.66855,41.42702,1776.18732,1.09137,40.52341,8.478185368,3.158347124,0
33.04772,29.68697,41.477,1771.2066,1.06055,40.54014,8.371645891,3.118658366,0
33.06573,29.70536,41.52529,1766.29286,1.02442,40.55686,8.268906448,3.08038522,0
33.08368,29.7237,41.57166,1761.44526,0.98312,40.57357,8.170122297,3.043585524,0
33.10159,29.74201,41.61588,1756.66284,0.93684,40.59027,8.075429065,3.008309804,0
33.11943,29.76027,41.65775,1751.94452,0.88576,40.60697,7.984944256,2.974601832,0
33.13723,29.77849,41.69707,1747.28911,0.83005,40.62366,7.89876874,2.942499185,0
33.15498,29.79668,41.73363,1742.69534,0.76992,40.64035,7.816988201,2.912033782,0
33.17267,29.81483,41.76726,1738.16183,0.70556,40.65703,7.73967454,2.883232409,0
33.19032,29.83294,41.79778,1733.6871,0.63718,40.67371,7.666887214,2.856117215,0
33.20792,29.85102,41.82505,1729.2696,0.56498,40.69039,7.598674505,2.830706186,0
33.22546,29.86906,41.84889,1724.90772,0.48919,40.70706,7.535074716,2.807013591,0
33.24296,29.88706,41.86918,1720.59974,0.41001,40.72374,7.476117285,2.785050397,0
33.26041,29.90503,41.88579,1716.3439,0.32767,40.74041,7.421823814,2.764824651,0
33.27782,29.92297,41.89859,1712.13837,0.24239,40.75709,7.372209016,2.746341833,0
33.29518,29.94087,41.90748,1707.98124,0.1544,40.77376,7.327281566,2.729605176,0
33.31249,29.95874,41.91237,1703.87054,0.06392,40.79044,7.287044876,2.71461595,0
33.32975,29.97657,41.91316,1699.80427,-0.02881,40.80712,7.251497772,2.701373719,0
33.34697,29.99437,41.90978,1695.78035,-0.12357,40.8238,7.220635092,2.689876558,0
33.36415,30.01214,41.90217,1691.79664,-0.22012,40.84049,7.194448193,2.680121249,0
33.38128,30.02988,41.89027,1687.85097,-0.31823,40.85718,7.17292538,2.672103435,0
33.39836,30.04758,41.87403,1683.94109,-0.41767,40.87387,7.156052244,2.665817748,0
33.41541,30.06526,41.85343,1680.06471,-0.5182,40.89057,7.143811931,2.661257909,0
33.43241,30.0829,41.82844,1676.21951,-0.61958,40.90727,7.136185323,2.658416797,0
33.44936,30.10051,41.79905,1672.40309,-0.72158,40.92397,7.133151149,2.657286487,0
33.46627,30.11809,41.76526,1668.61303,-0.82396,40.94068,7.134686011,2.657858264,0
33.48314,30.13564,41.72707,1664.84684,-0.92648,40.95739,7.140764351,2.660122606,0
33.49997,30.15316,41.68451,1661.10199,-1.02891,40.97411,7.151358338,2.664069144,0
33.51675,30.17064,41.6376,1657.37593,-1.13102,40.99083,7.166437684,2.669686598,0
33.5335,30.1881,41.58638,1653.66604,-1.23256,41.00756,7.185969401,2.676962676,0
33.5502,30.20553,41.5309,1649.96967,-1.3333,41.02429,7.209917486,2.685883968,0
33.56685,30.22293,41.47122,1646.28414,-1.433,41.04103,7.238242545,2.696435798,0
33.58347,30.24029,41.40741,1642.6067,-1.53144,41.05777,7.270901358,2.708602065,0
33.60004,30.25763,41.33955,1638.93461,-1.62837,41.07451,7.307846386,2.72236506,0
33.61657,30.27493,41.26773,1635.26508,-1.72357,41.09126,7.349025222,2.73770526,0
33.63306,30.29221,41.19203,1631.59528,-1.81681,41.10801,7.394379989,2.754601104,0
33.64951,30.30945,41.11258,1627.92238,-1.90786,41.12476,7.443846702,2.773028756,0
33.66592,30.32667,41.02948,1624.2435,-1.99649,41.14152,7.497354572,2.792961845,0
33.68228,30.34385,40.94286,1620.55579,-2.08248,41.15827,7.554825289,2.8143712,0
33.6986,30.36101,40.85286,1616.85633,-2.16562,41.17503,7.616172264,2.837224562,0
33.71488,30.37813,40.75962,1613.14226,-2.24568,41.19179,7.681299855,2.861486303,0
33.73112,30.39522,40.66328,1609.41067,-2.32246,41.20855,7.750102579,2.887117128,0
33.74732,30.41228,40.56402,1605.65869,-2.39575,41.22531,7.822464316,2.914073779,0
33.76347,30.42931,40.46198,1601.88345,-2.46534,41.24207,7.89825752,2.942308742,0
33.77958,30.4463,40.35736,1598.08212,-2.53105,41.25883,7.977342455,2.971769961,0
33.79565,30.46327,40.25033,1594.25188,-2.59268,41.27558,8.05956645,3.002400563,0
33.81167,30.4802,40.14107,1590.38997,-2.65006,41.29233,8.144763213,3.034138598,0
33.82765,30.49709,40.0298,1586.49368,-2.703,41.30908,8.232752194,3.066916809,0
33.84358,30.51396,39.91669,1582.56036,-2.75135,41.32582,8.323338034,3.100662418,0
33.85948,30.53079,39.80197,1578.58743,-2.79495,41.34256,8.416310105,3.13529696,0
33.87532,30.54759,39.68584,1574.5724,-2.83365,41.35929,8.511442156,3.170736153,0
33.89113,30.56435,39.56852,1570.51287,-2.86733,41.37601,8.608492102,3.206889811,0
33.90688,30.58108,39.45023,1566.40656,-2.89586,41.39273,8.707201948,3.243661826,0
33.92259,30.59777,39.33118,1562.25128,-2.91915,41.40943,8.807297888,3.280950197,0
33.93826,30.61442,39.21162,1558.045,-2.93708,41.42612,8.90849058,3.318647138,0
33.95388,30.63104,39.09176,1553.78584,-2.9496,41.4428,9.010475621,3.356639249,0
33.96945,30.64763,38.97183,1549.47205,-2.95664,41.45947,9.112934239,3.39480778,0
33.98498,30.66417,38.85207,1545.10206,-2.95815,41.47612,9.215534197,3.433028964,0
34.00045,30.68068,38.7327,1540.67449,-2.95412,41.49276,9.317930944,3.471174446,0
34.01588,30.69714,38.61395,1536.18815,-2.94452,41.50938,9.419768985,3.509111796,0
34.03126,30.71357,38.49604,1531.64202,-2.92938,41.52599,9.520683509,3.546705111,0
34.04659,30.72996,38.37919,1527.03534,-2.90874,41.54257,9.62030223,3.583815706,0
34.06187,30.74631,38.26364,1522.36753,-2.88263,41.55914,9.718247475,3.620302887,0
34.0771,30.76261,38.14958,1517.63827,-2.85114,41.57568,9.814138472,3.656024807,0
34.09228,30.77888,38.03724,1512.84746,-2.81436,41.59221,9.907593837,3.690839389,0
34.10741,30.7951,37.92681,1507.99522,-2.77241,41.60871,9.998234229,3.72460532,0
34.12249,30.81127,37.81848,1503.08195,-2.72544,41.62518,10.08568516,3.757183091,0
34.13751,30.82741,37.71246,1498.10826,-2.67359,41.64163,10.16957988,3.788436082,0
34.15248,30.84349,37.6089,1493.07504,-2.61706,41.65806,10.24956238,3.818231668,0
34.1674,30.85954,37.50799,1487.9834,-2.55604,41.67445,10.32529038,3.846442341,0
34.18226,30.87553,37.40987,1482.8347,-2.49077,41.69082,10.39643832,3.872946821,0
34.19707,30.89148,37.31471,1477.63052,-2.42149,41.70716,10.46270028,3.897631143,0
34.21183,30.90739,37.22263,1472.3727,-2.34846,41.72347,10.52379277,3.920389706,0
34.22652,30.92324,37.13375,1467.06328,-2.27196,41.73974,10.57945743,3.941126256,0
34.24116,30.93905,37.04818,1461.7045,-2.1923,41.75599,10.62946341,3.959754798,0
34.25575,30.9548,36.96603,1456.29883,-2.10978,41.7722,10.67360958,3.976200408,0
34.27028,30.97051,36.88737,1450.84889,-2.02473,41.78838,10.71172646,3.990399948,0
34.28475,30.98617,36.81227,1445.3575,-1.9375,41.80452,10.74367775,4.002302646,0
34.29916,31.00177,36.74079,1439.82762,-1.84844,41.82063,10.76936161,4.011870558,0
34.31352,31.01733,36.67295,1434.26234,-1.7579,41.8367,10.78871145,4.019078882,0
34.32781,31.03283,36.6088,1428.6649,-1.66625,41.85274,10.80169643,4.023916131,0
34.34205,31.04828,36.54833,1423.03859,-1.57386,41.86874,10.80832155,4.026384163,0
34.35623,31.06367,36.49154,1417.38684,-1.48111,41.88471,10.80862728,4.026498054,0
34.37035,31.07902,36.43841,1411.7131,-1.38838,41.90064,10.80268888,4.024285843,0
34.38441,31.09431,36.38891,1406.02088,-1.29603,41.91653,10.79061533,4.019788127,0
34.39841,31.10954,36.34299,1400.31371,-1.20444,41.93238,10.7725479,4.013057537,0
34.41235,31.12472,36.30059,1394.59515,-1.11398,41.9482,10.74865848,4.004158097,0
34.42623,31.13985,36.26163,1388.8687,-1.025,41.96398,10.71914748,3.993164474,0
34.44005,31.15492,36.22602,1383.13789,-0.93785,41.97972,10.68424168,3.980161146,0
34.45381,31.16994,36.19367,1377.40615,-0.85289,41.99542,10.64419175,3.965241493,0
34.46751,31.1849,36.16447,1371.67688,-0.77042,42.01109,10.59926966,3.948506831,0
34.48115,31.19981,36.1383,1365.9534,-0.69078,42.02672,10.54976597,3.930065406,0
34.49473,31.21466,36.11502,1360.23895,-0.61425,42.04231,10.49598711,3.910031366,0
34.50825,31.22946,36.09451,1354.53664,-0.54113,42.05787,10.43825255,3.888523722,0
34.52171,31.2442,36.0766,1348.84949,-0.47169,42.0734,10.37689203,3.865665313,0
34.53511,31.25889,36.06114,1343.18041,-0.40616,42.08888,10.31224288,3.841581803,0
34.54845,31.27352,36.04798,1337.53217,-0.34479,42.10434,10.24464736,3.816400695,0
34.56173,31.2881,36.03694,1331.90738,-0.28778,42.11976,10.17445019,3.7902504,0
34.57495,31.30262,36.02785,1326.30856,-0.23533,42.13515,10.10199613,3.763259358,0
34.58812,31.31709,36.02053,1320.73803,-0.18761,42.1505,10.02762784,3.735555214,0
34.60122,31.3315,36.01481,1315.19801,-0.14477,42.16582,9.951683818,3.707264067,0
34.61427,31.34586,36.0105,1309.69053,-0.10695,42.18111,9.874496565,3.678509784,0
34.62726,31.36017,36.00742,1304.21748,-0.07425,42.19638,9.79639097,3.649413395,0
34.64019,31.37442,36.00537,1298.78061,-0.04677,42.21161,9.717682854,3.620092551,0
34.65307,31.38862,36.00417,1293.38151,-0.02458,42.22681,9.638677743,3.590661068,0
34.66589,31.40277,36.00364,1288.02161,-0.00773,42.24199,9.559669819,3.561228538,0
34.67865,31.41687,36.00359,1282.70218,0.00374,42.25714,9.480941072,3.531900008,0
34.69136,31.43091,36.00383,1277.42438,0.00982,42.27226,9.402760621,3.502775733,0
34.70401,31.44491,36.00419,1272.18919,0.01051,42.28736,9.325384215,3.473950986,0
34.71661,31.45885,36.00447,1266.99747,0.00584,42.30244,9.249053885,3.44551593,0
34.72915,31.47274,36.00452,1261.84992,-0.00417,42.31749,9.173997741,3.417555541,0
34.74164,31.48658,36.00414,1256.74712,-0.01946,42.33252,9.100429899,3.390149584,0
34.75407,31.50037,36.00318,1251.68951,-0.03996,42.34752,9.028550528,3.363372627,0
34.76646,31.51411,36.00147,1246.67742,-0.06558,42.36251,8.95854599,3.337294095,0
34.77879,31.5278,35.99885,1241.71104,-0.09624,42.37748,8.89058908,3.311978358,0
34.79106,31.54145,35.99516,1236.79044,-0.13181,42.39243,8.824839329,3.287484845,0
34.80329,31.55504,35.99026,1231.91559,-0.17218,42.40736,8.76144337,3.263868183,0
34.81547,31.56859,35.98401,1227.08633,-0.21721,42.42228,8.700535361,3.241178347,0
34.82759,31.58209,35.97626,1222.3024,-0.26676,42.43718,8.642237433,3.219460835,0
34.83967,31.59555,35.96689,1217.56345,-0.32066,42.45206,8.586660171,3.198756842,0
34.85169,31.60896,35.95578,1212.86901,-0.37875,42.46693,8.533903111,3.179103449,0
34.86367,31.62232,35.9428,1208.21852,-0.44087,42.48178,8.484055242,3.160533807,0
34.8756,31.63563,35.92786,1203.61134,-0.50681,42.49663,8.43719551,3.143077323,0
34.88748,31.64891,35.91083,1199.04672,-0.57639,42.51146,8.393393312,3.126759852,0
34.89931,31.66213,35.89164,1194.52384,-0.64942,42.52627,8.352708978,3.111603867,0
34.9111,31.67532,35.87019,1190.04179,-0.72568,42.54108,8.315194234,3.097628638,0
34.92283,31.68846,35.8464,1185.59958,-0.80496,42.55588,8.280892639,3.084850392,0
34.93452,31.70155,35.8202,1181.19615,-0.88705,42.57066,8.249839998,3.073282466,0
34.94617,31.7146,35.79152,1176.83035,-0.97171,42.58544,8.22206474,3.062935451,0
34.95777,31.72761,35.7603,1172.50099,-1.05874,42.60021,8.197588266,3.05381732,0
34.96932,31.74058,35.72651,1168.20677,-1.14789,42.61497,8.176425262,3.045933545,0
34.98083,31.7535,35.69008,1163.94636,-1.23893,42.62972,8.158583974,3.039287196,0
34.99229,31.76639,35.651,1159.71835,-1.33162,42.64446,8.144066447,3.033879035,0
35.00371,31.77923,35.60922,1155.52127,-1.42572,42.65919,8.132868725,3.029707589,0
35.01508,31.79202,35.56474,1151.3536,-1.52099,42.67392,8.124981013,3.026769208,0
35.02641,31.80478,35.51754,1147.21375,-1.61719,42.68864,8.120387808,3.025058119,0
35.0377,31.8175,35.46761,1143.10011,-1.71406,42.70336,8.119067985,3.02456645,0
35.04894,31.83018,35.41496,1139.01097,-1.81138,42.71807,8.120994852,3.025284259,0
35.06014,31.84281,35.35961,1134.94463,-1.90888,42.73277,8.126136176,3.027199537,0
35.0713,31.85541,35.30156,1130.89931,-2.00632,42.74746,8.13445417,3.030298209,0
35.08241,31.86796,35.24084,1126.8732,-2.10346,42.76215,8.145905455,3.034564114,0
35.09348,31.88048,35.17749,1122.86446,-2.20005,42.77683,8.160440998,3.039978986,0
35.10451,31.89295,35.11154,1118.87121,-2.29586,42.79151,8.178006017,3.046522418,0
35.11549,31.90538,35.04304,1114.89153,-2.39064,42.80618,8.198539879,3.054171821,0
35.12643,31.91778,34.97204,1110.92351,-2.48416,42.82084,8.221975972,3.062902383,0
35.13734,31.93013,34.89861,1106.96519,-2.57618,42.83549,8.248241564,3.072687007,0
35.14819,31.94245,34.8228,1103.01459,-2.66648,42.85014,8.27725766,3.083496266,0
35.15901,31.95472,34.74469,1099.06974,-2.75482,42.86478,8.308938849,3.095298343,0
35.16979,31.96696,34.66435,1095.12865,-2.84099,42.87941,8.343193157,3.108058973,0
35.18052,31.97916,34.58188,1091.18933,-2.92478,42.89404,8.379921896,3.121741395,0
35.19121,31.99131,34.49735,1087.2498,-3.00597,42.90865,8.419019542,3.136306297,0
35.20186,32.00343,34.41086,1083.30807,-3.08436,42.92326,8.460373609,3.151711775,0
35.21247,32.0155,34.32252,1079.36218,-3.15976,42.93786,8.503864566,3.167913301,0
35.22303,32.02754,34.23242,1075.4102,-3.23199,42.95245,8.549365765,3.184863695,0
35.23355,32.03954,34.14066,1071.4502,-3.30086,42.96702,8.596743421,3.202513118,0
35.24404,32.05149,34.04737,1067.48031,-3.36621,42.98159,8.645856614,3.220809075,0
35.25448,32.06341,33.95266,1063.49868,-3.42789,42.99615,8.696557359,3.239696436,0
35.26487,32.07529,33.85665,1059.50351,-3.48574,43.01069,8.748690708,3.259117481,0
35.27523,32.08712,33.75945,1055.49307,-3.53963,43.02522,8.802094927,3.279011957,0
35.28554,32.09892,33.66119,1051.46566,-3.58943,43.03974,8.856601726,3.299317174,0
35.29581,32.11067,33.56201,1047.41967,-3.63504,43.05424,8.91203656,3.319968108,0
35.30604,32.12238,33.46201,1043.35355,-3.67636,43.06873,8.968219,3.340897546,0
35.31623,32.13405,33.36135,1039.26584,-3.71331,43.08321,9.024963188,3.362036249,0
35.32637,32.14568,33.26014,1035.15515,-3.74582,43.09766,9.082078352,3.38331315,0
35.33647,32.15727,33.15851,1031.0202,-3.77383,43.1121,9.139369416,3.404655579,0
35.34653,32.16881,33.0566,1026.85981,-3.7973,43.12653,9.196637682,3.425989515,0
35.35654,32.18032,32.95454,1022.67288,-3.81623,43.14093,9.253681587,3.44723987,0
35.36651,32.19178,32.85245,1018.45844,-3.83059,43.15532,9.31029754,3.468330802,0
35.37644,32.2032,32.75046,1014.21563,-3.84041,43.16968,9.36628083,3.489186051,0
35.38632,32.21457,32.6487,1009.94372,-3.84571,43.18402,9.421426593,3.509729298,0
35.39616,32.2259,32.54729,1005.64208,-3.84654,43.19835,9.475530851,3.529884558,0
35.40596,32.23719,32.44635,1001.31022,-3.84297,43.21265,9.528391593,3.549576575,0
35.41571,32.24843,32.346,996.9478,-3.83507,43.22692,9.579809898,3.568731247,0
0.04493,0.04493,51.00014,4743.3265,-0.31822,45.00009,15.73047134,5.860014468,0
0.08977,0.08977,50.97197,4734.59033,-0.13581,45.00019,15.7348195,5.861634272,0
0.13453,0.13453,50.96643,4725.81971,0.04629,45.00031,15.68881507,5.844496412,0
0.17921,0.17921,50.98334,4717.04272,0.2272,45.00044,15.5934693,5.808977603,0
0.22381,0.22381,51.02243,4708.28689,0.40602,45.00059,15.45048632,5.755712683,0
0.26832,0.26832,51.08329,4699.57886,0.58189,45.00076,15.26220478,5.685572854,0
0.31274,0.31275,51.16543,4690.94401,0.75401,45.00095,15.03152202,5.599637455,0
0.35709,0.35709,51.26827,4682.40615,0.92161,45.00115,14.76180506,5.499160793,0
0.40135,0.40136,51.39114,4673.98733,1.08399,45.00137,14.45679278,5.385535692,0
0.44552,0.44554,51.53328,4665.70754,1.24053,45.00161,14.1204938,5.260255473,0
0.48962,0.48964,51.69389,4657.58466,1.39067,45.00187,13.75708462,5.124875991,0
0.53363,0.53366,51.87209,4649.63436,1.53392,45.00215,13.37081179,4.980979198,0
0.57757,0.5776,52.06697,4641.87002,1.66988,45.00245,12.96590147,4.830139449,0
0.62138,0.62152,52.27511,4634.3071,1.75784,45.13504,12.55082843,4.675513821,33.99999942
0.66502,0.66546,52.49318,4626.95558,1.83935,45.26355,12.13314202,4.519914646,33.99999942
0.70848,0.70943,52.72037,4619.81784,1.91437,45.38795,11.7153324,4.36426957,33.99999942
0.75179,0.75342,52.95589,4612.89496,1.9829,45.50824,11.29967178,4.209425051,33.99999942
0.79493,0.79743,53.19895,4606.18681,2.04498,45.62442,10.88819046,4.056137433,33.99999942
0.83792,0.84146,53.44874,4599.69215,2.10067,45.73654,10.48267695,3.905072979,33.99999942
0.88077,0.88551,53.7045,4593.40882,2.15006,45.84465,10.08468276,3.756809672,33.99999942
0.92347,0.92958,53.96548,4587.33383,2.19325,45.94882,9.695531129,3.61184045,33.99999942
0.96604,0.97366,54.23093,4581.46345,2.23039,46.04914,9.316328708,3.470577571,33.99999942
1.00848,1.01776,54.50014,4575.79338,2.26162,46.14569,8.947979496,3.333357798,33.99999942
1.05078,1.06188,54.77242,4570.31883,2.28711,46.23859,8.591200292,3.200448157,33.99999942
1.09297,1.106,55.04709,4565.0346,2.30703,46.32794,8.246537057,3.072052033,33.99999942
1.13503,1.15014,55.3235,4559.93518,2.32157,46.41386,7.914381645,2.948315403,33.99999942
1.17699,1.19429,55.60102,4555.01484,2.33092,46.49649,7.594988472,2.829333042,33.99999942
1.21883,1.23845,55.87907,4550.26771,2.33526,46.57593,7.288490776,2.715154586,33.99999942
1.26057,1.28263,56.15706,4545.68779,2.3348,46.65233,6.994916199,2.605790331,33.99999942
1.30221,1.32681,56.43445,4541.26907,2.32972,46.7258,6.714201491,2.501216717,33.99999942
1.34376,1.371,56.7107,4537.00554,2.32024,46.79647,6.446206201,2.40138142,33.99999942
1.38521,1.4152,56.98532,4532.89124,2.30654,46.86448,6.190725282,2.306208055,33.99999942
1.42657,1.4594,57.25783,4528.92027,2.28881,46.92994,5.947500551,2.215600443,33.99999942
1.46784,1.50362,57.52778,4525.08688,2.26724,46.99299,5.71623103,2.129446462,33.99999942
1.50903,1.54784,57.79474,4521.3854,2.24201,47.05373,5.49658216,2.047621478,33.99999942
1.55014,1.59207,58.05829,4517.81035,2.2133,47.11229,5.28819396,1.969991391,33.99999942
1.59117,1.63631,58.31804,4514.35639,2.18129,47.16877,5.09068817,1.896415287,33.99999942
1.63213,1.68055,58.57364,4511.01837,2.14614,47.22329,4.903674458,1.826747759,33.99999942
1.67302,1.7248,58.82472,4507.79129,2.10801,47.27596,4.726755756,1.760840888,33.99999942
1.71384,1.76906,59.07097,4504.67037,2.06706,47.32687,4.559532818,1.698545943,33.99999942
1.75459,1.81332,59.31206,4501.65098,2.02343,47.37613,4.401608054,1.639714813,33.99999942
1.79528,1.85759,59.54771,4498.72869,1.97728,47.42382,4.252588735,1.584201196,33.99999942
1.8359,1.90186,59.77763,4495.89926,1.92873,47.47004,4.112089632,1.531861584,33.99999942
1.87646,1.94614,60.00157,4493.1586,1.87793,47.51488,3.979735158,1.482556059,33.99999942
1.91697,1.99042,60.21928,4490.50283,1.825,47.55842,3.855161071,1.436148934,33.99999942
1.95741,2.03471,60.43052,4487.92821,1.77005,47.60073,3.738015812,1.392509243,33.99999942
1.99781,2.07901,60.63508,4485.43118,1.71321,47.6419,3.627961509,1.35151112,33.99999942
2.03815,2.12331,60.83275,4483.00833,1.65458,47.68199,3.524674709,1.313034069,33.99999942
2.07843,2.16761,61.02334,4480.65639,1.59428,47.72108,3.42784688,1.276963155,33.99999942
2.11867,2.21192,61.20667,4478.37226,1.5324,47.75923,3.337184713,1.243189112,33.99999942
2.15885,2.25624,61.38257,4476.15294,1.46903,47.7965,3.252410264,1.211608399,33.99999942
2.19899,2.30056,61.55088,4473.99558,1.40428,47.83296,3.173260968,1.182123204,33.99999942
2.23909,2.34489,61.71146,4471.89744,1.33823,47.86867,3.099489539,1.154641406,33.99999942
2.27913,2.38922,61.86415,4469.85591,1.27096,47.90367,3.030863791,1.129076509,33.99999942
2.31913,2.43356,62.00885,4467.86845,1.20255,47.93802,2.967166394,1.105347553,33.99999942
2.35909,2.4779,62.14542,4465.93265,1.13309,47.97178,2.908194579,1.083379,33.99999942
2.39901,2.52225,62.27375,4464.04617,1.06265,48.005,2.853759812,1.063100617,33.99999942
2.43888,2.56661,62.39375,4462.20677,0.9913,48.03771,2.803687441,1.044447341,33.99999942
2.47871,2.61097,62.50532,4460.41227,0.91911,48.06996,2.75781634,1.027359149,33.99999942
2.5185,2.65534,62.60837,4458.66057,0.84615,48.10181,2.715998539,1.011780918,33.99999942
2.55825,2.69972,62.70282,4456.94962,0.77248,48.13329,2.678098864,0.997662292,33.99999942
2.59796,2.7441,62.78861,4455.27745,0.69816,48.16444,2.643994591,0.984957553,33.99999942
2.63764,2.78848,62.86567,4453.64211,0.62326,48.1953,2.613575101,0.973625492,33.99999942
2.67727,2.83288,62.93393,4452.04172,0.54783,48.22592,2.586741572,0.963629297,33.99999942
2.71687,2.87728,62.99335,4450.47441,0.47194,48.25633,2.563406675,0.954936434,33.99999942
2.75643,2.92169,63.04389,4448.93837,0.39563,48.28656,2.543494313,0.947518555,33.99999942
2.79596,2.9661,63.0855,4447.4318,0.31897,48.31665,2.526939367,0.941351402,33.99999942
2.83544,3.01053,63.11816,4445.95292,0.242,48.34665,2.51368749,0.936414729,33.99999942
2.8749,3.05496,63.14183,4444.49997,0.16478,48.37657,2.503694917,0.932692233,33.99999942
2.91431,3.09939,63.1565,4443.07119,0.08737,48.40647,2.496928311,0.930171494,33.99999942
2.95369,3.14384,63.16215,4441.66482,0.00981,48.43637,2.493364638,0.928843932,33.99999942
2.99303,3.18829,63.15878,4440.27912,-0.06784,48.46631,2.492991078,0.928704771,33.99999942
3.03234,3.23276,63.14638,4438.91232,-0.14553,48.49632,2.495804964,0.929753018,33.99999942
3.07162,3.27723,63.12496,4437.56263,-0.2232,48.52644,2.501813748,0.931991448,33.99999942
3.11086,3.32171,63.09452,4436.22827,-0.30082,48.55669,2.51103501,0.935426611,33.99999942
3.15006,3.3662,63.05509,4434.9074,-0.37832,48.58713,2.523496485,0.940068838,33.99999942
3.18923,3.4107,63.00668,4433.59817,-0.45565,48.61778,2.539236126,0.945932268,33.99999942
3.22836,3.4552,62.94933,4432.29868,-0.53275,48.64867,2.558302197,0.953034882,33.99999942
3.26745,3.49972,62.88306,4431.00701,-0.60959,48.67985,2.580753388,0.961398541,33.99999942
3.30651,3.54425,62.80791,4429.72115,-0.68609,48.71135,2.606658959,0.971049048,33.99999942
3.34554,3.58879,62.72395,4428.43908,-0.7622,48.74321,2.636098906,0.982016202,33.99999942
3.38453,3.63334,62.63121,4427.15869,-0.83786,48.77546,2.669164148,0.994333875,33.99999942
3.42348,3.6779,62.52975,4425.8778,-0.91302,48.80816,2.705956736,1.008040082,33.99999942
3.46239,3.72247,62.41966,4424.59416,-0.98762,48.84133,2.746590065,1.023177066,33.99999942
3.50127,3.76705,62.30099,4423.30546,-1.06158,48.87503,2.791189112,1.039791385,33.99999942
3.54011,3.81164,62.17383,4422.00926,-1.13485,48.90929,2.839890662,1.057933994,33.99999942
3.57891,3.85625,62.03828,4420.70306,-1.20736,48.94417,2.892843545,1.077660336,33.99999942
3.61767,3.90087,61.89442,4419.38424,-1.27904,48.9797,2.95020886,1.099030425,33.99999942
3.65639,3.9455,61.74237,4418.05006,-1.34982,49.01595,3.012160178,1.122108921,33.99999942
3.69507,3.99014,61.58224,4416.69767,-1.41961,49.05295,3.078883729,1.146965199,33.99999942
3.73371,4.0348,61.41415,4415.32411,-1.48836,49.09077,3.150578537,1.173673402,33.99999942
3.77231,4.07947,61.23824,4413.92625,-1.55596,49.12945,3.227456516,1.202312472,33.99999942
3.81087,4.12416,61.05464,4412.50085,-1.62234,49.16907,3.30974249,1.232966162,33.99999942
3.84938,4.16885,60.86352,4411.0445,-1.68741,49.20967,3.397674138,1.265723015,33.99999942
3.88785,4.21357,60.66503,4409.55363,-1.75108,49.25132,3.491501825,1.300676297,33.99999942
3.92627,4.2583,60.45935,4408.02453,-1.81324,49.2941,3.591488317,1.337923896,33.99999942
3.96464,4.30304,60.24666,4406.45327,-1.87381,49.33806,3.697908333,1.377568152,33.99999942
4.00296,4.3478,60.02716,4404.83577,-1.93266,49.38328,3.811047928,1.419715628,33.99999942
4.04124,4.39258,59.80107,4403.16775,-1.98971,49.42984,3.931203657,1.464476798,33.99999942
4.07946,4.43737,59.56861,4401.44474,-2.04481,49.47782,4.058681488,1.511965644,33.99999942
4.11763,4.48218,59.33001,4399.66206,-2.09787,49.5273,4.193795441,1.562299147,33.99999942
4.15575,4.527,59.08552,4397.81481,-2.14875,49.57836,4.336865888,1.615596653,33.99999942
4.1938,4.57185,58.83542,4395.89791,-2.19732,49.63111,4.488217488,1.671979106,33.99999942
4.2318,4.61671,58.57999,4393.90603,-2.24345,49.68562,4.648176693,1.731568119,33.99999942
4.26974,4.66159,58.31952,4391.83365,-2.28699,49.742,4.817068797,1.794484872,33.99999942
4.30762,4.70649,58.05433,4389.675,-2.3278,49.80036,4.995214453,1.860848816,33.99999942
4.34543,4.75141,57.78475,4387.42414,-2.36573,49.86079,5.182925619,1.930776164,33.99999942
4.38318,4.79636,57.51114,4385.07488,-2.40062,49.92341,5.380500893,2.004378152,33.99999942
4.42085,4.84132,57.23385,4382.62085,-2.4323,49.98833,5.588220163,2.081759046,33.99999942
4.45845,4.8863,56.95329,4380.05547,-2.46062,50.05567,5.806338557,2.163013886,33.99999942
4.49598,4.9313,56.66985,4377.37201,-2.48539,50.12554,6.035079652,2.248225963,33.99999942
4.53343,4.97633,56.38396,4374.56356,-2.50645,50.19807,6.274627914,2.337463993,33.99999942
4.5708,5.02138,56.09608,4371.62309,-2.52362,50.27339,6.525120371,2.430779025,33.99999942
4.60808,5.06645,55.80666,4368.54344,-2.53671,50.35161,6.786637542,2.528201052,33.99999942
4.64527,5.11154,55.51619,4365.3174,-2.54555,50.43286,7.059193637,2.629735368,33.99999942
4.68238,5.15666,55.22519,4361.93772,-2.54996,50.51728,7.342726134,2.735358684,33.99999942
4.71938,5.2018,54.93418,4358.39716,-2.54975,50.60499,7.637084806,2.845015034,33.99999942
4.75629,5.24697,54.6437,4354.68855,-2.54475,50.69611,7.942020369,2.958611555,33.99999942
4.7931,5.29217,54.35433,4350.80484,-2.53478,50.79078,8.257172931,3.076014176,33.99999942
4.8298,5.33738,54.06665,4346.73917,-2.51967,50.8891,8.582060487,3.197043339,33.99999942
4.86638,5.38263,53.78126,4342.48495,-2.49927,50.99119,8.91606776,3.321469837,33.99999942
4.90285,5.4279,53.49877,4338.03594,-2.47343,51.09717,9.258435727,3.449010912,33.99999942
4.9392,5.4732,53.21983,4333.38631,-2.442,51.20712,9.608252233,3.579326765,33.99999942
4.97542,5.51852,52.94508,4328.53076,-2.40487,51.32114,9.964444139,3.712017622,33.99999942
5.01152,5.56388,52.67517,4323.46462,-2.36194,51.4393,10.32577148,3.846621562,33.99999942
5.04748,5.60926,52.41077,4318.18391,-2.31311,51.56167,10.69082412,3.982613276,33.99999942
5.08329,5.65466,52.15254,4312.6855,-2.25833,51.68829,11.05802148,4.119403956,33.99999942
5.11897,5.7001,51.90116,4306.96715,-2.19757,51.8192,11.42561574,4.256342489,33.99999942
5.15449,5.74556,51.65731,4301.02765,-2.13083,51.95441,11.79169901,4.39271814,33.99999942
5.18985,5.79105,51.42163,4294.86689,-2.05812,52.09389,12.1542149,4.527764847,33.99999942
5.22506,5.83657,51.19479,4288.48597,-1.97951,52.23763,12.51097465,4.660667241,33.99999942
5.2601,5.88212,50.97744,4281.88727,-1.89511,52.38555,12.85967809,4.790568449,33.99999942
5.29497,5.92769,50.7702,4275.07448,-1.80504,52.53758,13.1979393,4.916579649,33.99999942
5.32966,5.97329,50.57366,4268.05271,-1.70949,52.6936,13.5233168,5.037791329,33.99999942
5.36418,6.01891,50.38841,4260.82849,-1.60867,52.85347,13.83334788,5.153286061,33.99999942
5.39851,6.06456,50.21499,4253.40976,-1.50284,53.01703,14.12558634,5.262152578,33.99999942
5.43265,6.11024,50.05392,4245.8059,-1.39231,53.18407,14.39764295,5.363500823,33.99999942
5.46659,6.15594,49.90565,4238.02769,-1.27741,53.35437,14.64722738,5.456477593,33.99999942
5.50034,6.20166,49.77062,4230.08722,-1.15852,53.52769,14.87219063,5.54028232,33.99999942
5.53389,6.2474,49.64919,4221.99786,-1.03605,53.70375,15.07056643,5.614182526,33.99999942
5.56724,6.29317,49.54169,4213.7741,-0.91047,53.88225,15.24061048,5.677528407,33.99999942
5.60038,6.33895,49.4484,4205.43147,-0.78224,54.06288,15.38083594,5.729766082,33.99999942
5.63331,6.38475,49.36951,4196.98637,-0.65187,54.2453,15.49004413,5.770449007,33.99999942
5.66603,6.43057,49.30519,4188.45592,-0.51988,54.42915,15.56734913,5.799247151,33.99999942
5.69854,6.47641,49.25552,4179.85777,-0.38681,54.61409,15.61219548,5.815953596,33.99999942
5.73083,6.52226,49.22054,4171.20993,-0.25322,54.79974,15.62436837,5.820488319,33.99999942
5.76291,6.56812,49.2002,4162.53058,-0.11965,54.98573,15.60399591,5.812899041,33.99999942
5.79477,6.61399,49.19442,4153.83785,0.01334,55.17169,15.55154348,5.793359132,33.99999942
5.82642,6.65988,49.20304,4145.14968,0.1452,55.35726,15.46780052,5.762162677,33.99999942
5.85786,6.70577,49.22585,4136.48363,0.27541,55.54207,15.35386029,5.719716941,33.99999942
5.88908,6.75167,49.26259,4127.85668,0.40344,55.72578,15.21109344,5.666532534,33.99999942
5.92009,6.79757,49.31293,4119.28511,0.52881,55.90806,15.04111656,5.603211676,33.99999942
5.9509,6.84348,49.37651,4110.78435,0.65106,56.08858,14.84575675,5.530435003,33.99999942
5.98149,6.8894,49.45292,4102.3689,0.76974,56.26707,14.62701351,5.448947394,33.99999942
6.01188,6.93531,49.54169,4094.05218,0.88446,56.44323,14.38701942,5.359543278,33.99999942
6.04207,6.98123,49.64234,4085.84649,0.99484,56.61683,14.12800046,5.2630519,33.99999942
6.07206,7.02714,49.75433,4077.76299,1.10057,56.78763,13.8522375,5.160322945,33.99999942
6.10186,7.07306,49.87711,4069.8116,1.20135,56.95544,13.56202969,5.052212898,33.99999942
6.13146,7.11897,50.01011,4062.00104,1.29692,57.12009,13.25966056,4.93957244,33.99999942
6.16087,7.16488,50.15273,4054.33883,1.38709,57.28142,12.94736763,4.823235107,33.99999942
6.1901,7.21078,50.30434,4046.8313,1.47167,57.43931,12.62731582,4.704007387,33.99999942
6.21916,7.25668,50.46431,4039.48363,1.55052,57.59366,12.30157493,4.582660336,33.99999942
6.24803,7.30258,50.63203,4032.29992,1.62355,57.7444,11.97210135,4.459922759,33.99999942
6.27674,7.34847,50.80684,4025.28322,1.69068,57.89148,11.64072385,4.336475922,33.99999942
6.30528,7.39435,50.9881,4018.43563,1.75189,58.03486,11.30913337,4.212949741,33.99999942
6.33365,7.44022,51.17517,4011.75831,1.80715,58.17453,10.9788764,4.089920331,33.99999942
6.36187,7.48609,51.36743,4005.25164,1.85649,58.31051,10.6513518,3.967908799,33.99999942
6.38994,7.53196,51.56423,3998.91522,1.89996,58.44281,10.32781042,3.847381122,33.99999942
6.41785,7.57781,51.76497,3992.74799,1.93761,58.57146,10.00935735,3.728748974,33.99999942
6.44562,7.62366,51.96903,3986.74829,1.96953,58.69653,9.696956196,3.612371325,33.99999942
6.47325,7.66949,52.17582,3980.91395,1.99583,58.81807,9.391435106,3.49855668,33.99999942
6.50075,7.71533,52.38476,3975.24233,2.01662,58.93616,9.093494052,3.387565799,33.99999942
6.52811,7.76115,52.59529,3969.73039,2.03203,59.05087,8.803713113,3.279614774,33.99999942
6.55534,7.80696,52.80686,3964.37479,2.0422,59.1623,8.522561374,3.174878354,33.99999942
6.58245,7.85277,53.01894,3959.17191,2.04727,59.27053,8.250406202,3.073493392,33.99999942
6.60944,7.89857,53.23101,3954.11791,2.04741,59.37568,7.987522641,2.975562348,33.99999942
6.63631,7.94436,53.44257,3949.20876,2.04276,59.47783,7.734102746,2.881156769,33.99999942
6.66307,7.99015,53.65316,3944.44035,2.03351,59.5771,7.490264692,2.790320678,33.99999942
6.68972,8.03592,53.86232,3939.80843,2.0198,59.67359,7.256061527,2.703073837,33.99999942
6.71626,8.08169,54.06959,3935.30874,2.00181,59.76741,7.031489488,2.619414844,33.99999942
6.7427,8.12746,54.27457,3930.93694,1.97971,59.85867,6.816495809,2.539324042,33.99999942
6.76903,8.17321,54.47685,3926.68875,1.95367,59.94747,6.61098597,2.462766219,33.99999942
6.79527,8.21896,54.67605,3922.55986,1.92384,60.03394,6.414830384,2.389693102,33.99999942
6.82142,8.26471,54.87179,3918.54603,1.8904,60.11816,6.227870495,2.320045624,33.99999942
6.84747,8.31044,55.06372,3914.64305,1.85351,60.20025,6.049924308,2.253755988,33.99999942
6.87343,8.35618,55.25153,3910.8468,1.81332,60.28031,5.88079136,2.190749515,33.99999942
6.8993,8.4019,55.43488,3907.15322,1.77,60.35845,5.720257158,2.1309463,33.99999942
6.92509,8.44762,55.61347,3903.55834,1.72369,60.43475,5.568097113,2.07426268,33.99999942
6.95079,8.49334,55.78704,3900.05828,1.67454,60.50932,5.424080008,2.020612519,33.99999942
6.97642,8.53905,55.95529,3896.64926,1.6227,60.58225,5.287971028,1.969908343,33.99999942
7.00196,8.58476,56.11798,3893.32757,1.56831,60.65364,5.159534389,1.922062316,33.99999942
7.02743,8.63046,56.27488,3890.08962,1.5115,60.72357,5.038535615,1.876987088,33.99999942
7.05282,8.67616,56.42575,3886.93192,1.45242,60.79214,4.924743473,1.834596522,33.99999942
7.07814,8.72185,56.57037,3883.85105,1.39118,60.85942,4.817931633,1.794806301,33.99999942
7.10338,8.76754,56.70856,3880.8437,1.32792,60.92549,4.717880049,1.757534453,33.99999942
7.12855,8.81323,56.84012,3877.90665,1.26276,60.99044,4.624376125,1.722701781,33.99999942
7.15366,8.85892,56.96488,3875.03676,1.19581,61.05435,4.537215672,1.690232219,33.99999942
7.17869,8.9046,57.08268,3872.23098,1.12719,61.11728,4.456203689,1.660053124,33.99999942
7.20366,8.95028,57.19336,3869.48633,1.05701,61.17932,4.381154995,1.632095511,33.99999942
7.22859,8.99595,57.29762,3866.79792,1.00189,61.18652,4.311383771,1.606103894,0
7.25349,9.04159,57.39614,3864.16132,0.94515,61.19375,4.246253879,1.581841296,0
7.27837,9.0872,57.48879,3861.57436,0.8869,61.20101,4.185672221,1.559273034,0
7.30322,9.13279,57.57541,3859.0349,0.82724,61.2083,4.129547563,1.538365122,0
7.32806,9.17836,57.65589,3856.54081,0.76627,61.21561,4.077792558,1.519085021,0
7.35287,9.2239,57.7301,3854.09,0.70408,61.22296,4.030324269,1.501401834,0
7.37766,9.26942,57.79794,3851.68038,0.64077,61.23033,3.987064604,1.485286471,0
7.40243,9.31492,57.85929,3849.30989,0.57643,61.23773,3.947940694,1.470711785,0
7.42718,9.3604,57.91408,3846.97649,0.51116,61.24516,3.912885209,1.457652695,0
7.45191,9.40585,57.96223,3844.67815,0.44505,61.25262,3.881836618,1.446086277,0
7.47662,9.45129,58.00365,3842.41284,0.37818,61.26011,3.854739408,1.435991854,0
7.5013,9.4967,58.03829,3840.17855,0.31064,61.26762,3.831544263,1.427351052,0
7.52597,9.54209,58.06609,3837.97326,0.24252,61.27517,3.812208203,1.420147861,0
7.55062,9.58746,58.08701,3835.79498,0.17391,61.28274,3.796694697,1.414368672,0
7.57525,9.63282,58.10101,3833.64168,0.10489,61.29035,3.784973739,1.410002307,0
7.59986,9.67815,58.10806,3831.51134,0.03555,61.29798,3.777021911,1.407040041,0
7.62444,9.72347,58.10814,3829.40193,-0.03403,61.30564,3.772822412,1.405475617,0
7.64901,9.76876,58.10123,3827.31141,-0.10376,61.31334,3.772365069,1.405305245,0
7.67356,9.81404,58.08734,3825.23772,-0.17356,61.32106,3.775646331,1.406527602,0
7.69809,9.8593,58.06648,3823.17876,-0.24334,61.32881,3.782669242,1.409143821,0
7.7226,9.90454,58.03864,3821.13245,-0.31302,61.33659,3.793443383,1.413157472,0
7.7471,9.94976,58.00386,3819.09663,-0.38251,61.3444,3.807984814,1.418574537,0
7.77157,9.99496,57.96216,3817.06914,-0.45173,61.35224,3.82631597,1.425403375,0
7.79602,10.04015,57.91359,3815.04778,-0.5206,61.3601,3.848465556,1.433654679,0
7.82046,10.08531,57.85819,3813.0303,-0.58901,61.368,3.874468397,1.443341421,0
7.84487,10.13046,57.79601,3811.01442,-0.6569,61.37593,3.904365271,1.454478793,0
7.86927,10.1756,57.72713,3808.99779,-0.72416,61.38388,3.938202704,1.467084128,0
7.89364,10.22071,57.65162,3806.97805,-0.79071,61.39187,3.97603273,1.481176808,0
7.918,10.2658,57.56955,3804.95274,-0.85646,61.39988,4.017912608,1.496778164,0
7.94234,10.31088,57.48103,3802.91938,-0.92132,61.40792,4.063904498,1.513911353,0
7.96666,10.35594,57.38614,3800.87541,-0.98518,61.41599,4.114075075,1.532601213,0
7.99096,10.40098,57.28501,3798.81823,-1.04796,61.42408,4.168495094,1.552874102,0
8.01524,10.446,57.17775,3796.74514,-1.10956,61.43221,4.227238885,1.57475771,0
8.0395,10.49101,57.06449,3794.6534,-1.16987,61.44036,4.290383773,1.598280842,0
8.06374,10.53599,56.94537,3792.5402,-1.22881,61.44854,4.358009423,1.623473176,0
8.08796,10.58096,56.82055,3790.40264,-1.28626,61.45675,4.430197089,1.650364981,0
8.11216,10.6259,56.69017,3788.23778,-1.34211,61.46499,4.507028772,1.678986805,0
8.13633,10.67083,56.55442,3786.04257,-1.39628,61.47325,4.588586262,1.709369116,0
8.16049,10.71574,56.41347,3783.81391,-1.44863,61.48154,4.674950077,1.741541909,0
8.18463,10.76062,56.26751,3781.54863,-1.49908,61.48985,4.766198266,1.77553426,0
8.20875,10.80549,56.11675,3779.24348,-1.54749,61.49819,4.862405085,1.811373832,0
8.23284,10.85033,55.96141,3776.89515,-1.59376,61.50656,4.96363953,1.849086326,0
8.25692,10.89515,55.80169,3774.50025,-1.63778,61.51495,5.069963727,1.888694887,0
8.28097,10.93995,55.63785,3772.05534,-1.67942,61.52337,5.181431162,1.93021944,0
8.305,10.98473,55.47013,3769.55693,-1.71857,61.53181,5.298084762,1.973675975,0
8.32901,11.02949,55.29879,3767.00145,-1.75511,61.54028,5.419954807,2.019075773,0
8.35299,11.07422,55.1241,3764.38533,-1.78891,61.54877,5.547056697,2.066424571,0
8.37695,11.11892,54.94635,3761.70492,-1.81986,61.55728,5.679388558,2.115721671,0
8.40089,11.1636,54.76582,3758.95658,-1.84784,61.56582,5.816928703,2.166958995,0
8.42481,11.20825,54.58282,3756.13664,-1.87272,61.57437,5.95963297,2.220120089,0
8.4487,11.25288,54.39768,3753.24145,-1.8944,61.58296,6.107431936,2.275179092,0
8.47256,11.29748,54.21072,3750.26735,-1.91274,61.59156,6.26022805,2.332099665,0
8.4964,11.34205,54.02227,3747.21072,-1.92763,61.60018,6.417892706,2.390833898,0
8.52021,11.38659,53.8327,3744.06802,-1.93897,61.60882,6.580263297,2.451321215,0
8.544,11.4311,53.64235,3740.83575,-1.94665,61.61749,6.747140295,2.513487288,0
8.56776,11.47558,53.45161,3737.51052,-1.95055,61.62617,6.918284407,2.577242973,0
8.5915,11.52003,53.26084,3734.08905,-1.95058,61.63487,7.093413882,2.64248331,0
8.6152,11.56444,53.07044,3730.56823,-1.94665,61.64359,7.272202017,2.709086594,0
8.63888,11.60882,52.8808,3726.94509,-1.93868,61.65233,7.454274959,2.776913556,0
8.66252,11.65316,52.69233,3723.21688,-1.92659,61.66108,7.63920987,2.845806676,0
8.68617,11.69745,52.50455,3719.38318,-1.92838,61.59151,7.827510957,2.915953786,-25.99999956
8.70985,11.74167,52.31698,3715.44315,-1.92635,61.51995,8.019739505,2.987563978,-25.99999956
8.73356,11.78581,52.13,3711.39371,-1.92042,61.44634,8.215507362,3.060492655,-25.99999956
8.75729,11.82988,51.94399,3707.23202,-1.91052,61.37064,8.414371456,3.134574763,-25.99999956
8.78107,11.87387,51.75935,3702.95548,-1.89658,61.29283,8.615836756,3.209625888,-25.99999956
8.80487,11.91778,51.57647,3698.56174,-1.87855,61.21285,8.819355426,3.285441947,-25.99999956
8.82871,11.96161,51.39575,3694.04879,-1.85638,61.1307,9.024326633,3.361799115,-25.99999956
8.85258,12.00535,51.2176,3689.41494,-1.83004,61.04635,9.230097088,3.438454024,-25.99999956
8.87649,12.04901,51.04242,3684.65889,-1.79952,60.95978,9.4359624,3.515144269,-25.99999956
8.90043,12.09257,50.87062,3679.77972,-1.76482,60.87099,9.641169334,3.591589251,-25.99999956
8.92441,12.13605,50.70258,3674.77697,-1.72594,60.77999,9.844919025,3.667491372,-25.99999956
8.94842,12.17943,50.53871,3669.65063,-1.68292,60.68677,10.04637119,3.742537605,-25.99999956
8.97248,12.22272,50.37939,3664.40119,-1.63581,60.59135,10.24464939,3.816401451,-25.99999956
8.99657,12.2659,50.22502,3659.02965,-1.58467,60.49377,10.4388473,3.888745281,-25.99999956
9.0207,12.30899,50.07595,3653.53752,-1.52958,60.39406,10.628036,3.959223052,-25.99999956
9.04487,12.35197,49.93256,3647.92689,-1.47067,60.29227,10.81127226,4.02748338,-25.99999956
9.06908,12.39485,49.79519,3642.20039,-1.40804,60.18845,10.98760761,4.093172938,-25.99999956
9.09333,12.43761,49.66418,3636.36122,-1.34185,60.08267,11.15609824,4.155940131,-25.99999956
9.11762,12.48027,49.53983,3630.41313,-1.27227,59.97499,11.31581546,4.215438996,-25.99999956
9.14195,12.52282,49.42245,3624.36046,-1.19947,59.86552,11.46585657,4.271333258,-25.99999956
9.16632,12.56525,49.31231,3618.20805,-1.12367,59.75434,11.605356,4.323300466,-25.99999956
9.19073,12.60757,49.20967,3611.96129,-1.04509,59.64156,11.73349637,4.371036126,-25.99999956
9.21519,12.64976,49.11475,3605.62607,-0.96396,59.5273,11.84951934,4.414257735,-25.99999956
9.23968,12.69184,49.02775,3599.20875,-0.88056,59.41166,11.95273595,4.452708637,-25.99999956
9.26422,12.7338,48.94886,3592.71611,-0.79514,59.29479,12.04253621,4.486161596,-25.99999956
9.28879,12.77563,48.87822,3586.15531,-0.708,59.17681,12.11839771,4.514422002,-25.99999956
9.31341,12.81734,48.81596,3579.53389,-0.61944,59.05788,12.17989306,4.537330638,-25.99999956
9.33807,12.85893,48.76215,3572.85962,-0.52977,58.93813,12.2266959,4.554765926,-25.99999956
9.36277,12.90038,48.71687,3566.14056,-0.43929,58.81772,12.25858539,4.566645602,-25.99999956
9.3875,12.94171,48.68013,3559.38489,-0.34833,58.6968,12.27544911,4.572927779,-25.99999956
9.41228,12.98292,48.65194,3552.60095,-0.25722,58.57553,12.27728411,4.573611364,-25.99999956
9.4371,13.02399,48.63227,3545.79711,-0.16628,58.45406,12.26419637,4.568735837,-25.99999956
9.46195,13.06494,48.62105,3538.98174,-0.07582,58.33256,12.23639846,4.558380386,-25.99999956
9.48684,13.10575,48.61818,3532.16313,0.01382,58.21116,12.19420563,4.542662448,-25.99999956
9.51177,13.14644,48.62356,3525.34946,0.10235,58.09003,12.13803033,4.52173567,-25.99999956
9.53674,13.187,48.63702,3518.54874,0.18944,57.96932,12.06837543,4.495787386,-25.99999956
9.56174,13.22742,48.6584,3511.76873,0.27482,57.84916,11.98582624,4.465035641,-25.99999956
9.58677,13.26773,48.68748,3505.01693,0.35819,57.7297,11.89104163,4.429725879,-25.99999956
9.61184,13.3079,48.72405,3498.30052,0.4393,57.61106,11.78474434,4.390127343,-25.99999956
9.63695,13.34794,48.76786,3491.62633,0.51788,57.49338,11.6677109,4.346529305,-25.99999956
9.66208,13.38786,48.81864,3485.0008,0.5937,57.37676,11.54076116,4.29923719,-25.99999956
9.68725,13.42766,48.8761,3478.42996,0.66654,57.26132,11.40474794,4.248568686,-25.99999956
9.71244,13.46733,48.93993,3471.91941,0.7362,57.14716,11.26054669,4.194849926,-25.99999956
9.73767,13.50688,49.00982,3465.47431,0.8025,57.03437,11.10904562,4.138411789,-25.99999956
9.76293,13.54631,49.08543,3459.09937,0.86527,56.92303,10.95113627,4.079586403,-25.99999956
9.78821,13.58561,49.16641,3452.79882,0.92436,56.81321,10.78770483,4.018703889,-25.99999956
9.81352,13.6248,49.25241,3446.57647,0.97966,56.70498,10.61962408,3.956089389,-25.99999956
9.83885,13.66388,49.34307,3440.43563,1.03106,56.5984,10.44774633,3.892060404,-25.99999956
9.86422,13.70283,49.43801,3434.37921,1.07846,56.49351,10.2728971,3.826924467,-25.99999956
9.8896,13.74168,49.53687,3428.40967,1.12181,56.39035,10.09586983,3.760977152,-25.99999956
9.91501,13.78041,49.63925,3422.52903,1.16103,56.28895,9.917421435,3.694500428,-25.99999956
9.94044,13.81904,49.74479,3416.73894,1.19611,56.18933,9.738268761,3.627761343,-25.99999956
9.9659,13.85755,49.85309,3411.04066,1.22702,56.09151,9.559085949,3.561011031,-25.99999956
9.99137,13.89597,49.96379,3405.43509,1.25375,55.99548,9.380502549,3.494484015,-25.99999956
10.01687,13.93427,50.0765,3399.92277,1.27631,55.90126,9.20310241,3.428397796,-25.99999956
10.04238,13.97248,50.19086,3394.50395,1.29474,55.80883,9.027423236,3.362952681,-25.99999956
10.06792,14.01059,50.30648,3389.17858,1.30905,55.71818,8.853956754,3.298331853,-25.99999956
10.09347,14.04859,50.42302,3383.94632,1.31929,55.62929,8.683149399,3.234701619,-25.99999956
10.11904,14.08651,50.5401,3378.80659,1.32553,55.54215,8.515403456,3.172211841,-25.99999956
10.14463,14.12433,50.65738,3373.75859,1.32782,55.45672,8.351078577,3.1109965,-25.99999956
10.17023,14.16205,50.77453,3368.80131,1.32624,55.37297,8.19049361,3.051174375,-25.99999956
10.19585,14.19969,50.89119,3363.93354,1.32087,55.29087,8.03392866,2.992849811,-25.99999956
10.22149,14.23724,51.00705,3359.15392,1.3118,55.21038,7.881627334,2.93611356,-25.99999956
10.24714,14.2747,51.12179,3354.46093,1.29912,55.13145,7.733799118,2.88104366,-25.99999956
10.2728,14.31208,51.23511,3349.85291,1.28292,55.05405,7.590621816,2.827706348,-25.99999956
10.29848,14.34937,51.3467,3345.32811,1.26331,54.97812,7.452244038,2.776156985,-25.99999956
10.32417,14.38658,51.45628,3340.88465,1.2404,54.90362,7.318787676,2.726440978,-25.99999956
10.34988,14.42371,51.56357,3336.52058,1.21429,54.83051,7.190350347,2.678594694,-25.99999956
10.37559,14.46077,51.66831,3332.23387,1.1851,54.75872,7.067007781,2.632646342,-25.99999956
10.40132,14.49774,51.77024,3328.02241,1.15294,54.68821,6.948816123,2.58861684,-25.99999956
10.42707,14.53465,51.86912,3323.88405,1.11792,54.61892,6.835814149,2.546520632,-25.99999956
10.45282,14.57147,51.96471,3319.81659,1.08017,54.5508,6.72802536,2.506366471,-25.99999956
10.47858,14.60823,52.0568,3315.81779,1.03979,54.48379,6.625459971,2.468158166,-25.99999956
10.50436,14.64491,52.14516,3311.88539,0.99692,54.41785,6.528116777,2.431895265,-25.99999956
10.53015,14.68153,52.2296,3308.01707,0.95166,54.35291,6.435984886,2.397573711,-25.99999956
10.55594,14.71807,52.30992,3304.21052,0.90413,54.28892,6.349045334,2.36518644,-25.99999956
10.58175,14.75455,52.38596,3300.46341,0.85447,54.22583,6.267272576,2.334723936,-25.99999956
10.60757,14.79096,52.45753,3296.77338,0.80277,54.16358,6.19063585,2.306174739,-25.99999956
10.63339,14.8273,52.52447,3293.13807,0.74916,54.10211,6.119100424,2.279525911,-25.99999956
10.65923,14.86358,52.58665,3289.5551,0.69376,54.04138,6.052628735,2.254763458,-25.99999956
10.68508,14.8998,52.64392,3286.0221,0.63669,53.98131,5.991181409,2.231872712,-25.99999956
10.71094,14.93595,52.69615,3282.53667,0.57806,53.92187,5.934718188,2.210838677,-25.99999956
10.7368,14.97204,52.74323,3279.09642,0.51798,53.863,5.883198747,2.19164633,-25.99999956
10.76268,15.00807,52.78505,3275.69896,0.45658,53.80463,5.836583433,2.174280899,-25.99999956
10.78856,15.04404,52.82151,3272.34187,0.39396,53.74673,5.794833905,2.158728101,-25.99999956
10.81445,15.07995,52.85252,3269.02273,0.33024,53.68923,5.757913694,2.144974351,-25.99999956
10.84036,15.1158,52.87801,3265.73912,0.26554,53.63207,5.725788696,2.133006944,-25.99999956
10.86627,15.15159,52.89791,3262.4886,0.19996,53.57522,5.698427579,2.122814208,-25.99999956
10.89219,15.18733,52.91215,3259.26873,0.13362,53.5186,5.675802128,2.114385632,-25.99999956
10.91812,15.223,52.9207,3256.07705,0.06663,53.46218,5.657887532,2.107711974,-25.99999956
10.94406,15.25862,52.9235,3252.91107,-0.00089,53.40589,5.644662598,2.102785338,-25.99999956
10.97001,15.29418,52.92054,3249.76831,-0.06884,53.34968,5.636109914,2.099599238,-25.99999956
10.99597,15.32968,52.91178,3246.64625,-0.13711,53.2935,5.632215954,2.098148635,-25.99999956
11.02193,15.36513,52.89723,3243.54236,-0.20558,53.23729,5.632971128,2.098429957,-25.99999956
11.04791,15.40052,52.87687,3240.45408,-0.27414,53.18101,5.63836978,2.100441098,-25.99999956
11.0739,15.43585,52.85072,3237.37882,-0.34269,53.12459,5.648410132,2.104181393,-25.99999956
11.09989,15.47112,52.81879,3234.31398,-0.4111,53.06799,5.663094172,2.109651584,-25.99999956
11.12589,15.50634,52.78111,3231.2569,-0.47928,53.01114,5.682427496,2.116853756,-25.99999956
11.15191,15.54151,52.73771,3228.20492,-0.5471,52.954,5.706419088,2.125791255,-25.99999956
11.17793,15.57661,52.68865,3225.15532,-0.61445,52.8965,5.73508105,2.13646859,-25.99999956
11.20397,15.61166,52.63397,3222.10536,-0.68123,52.8386,5.768428275,2.148891309,-25.99999956
11.23001,15.64665,52.57375,3219.05226,-0.74731,52.78023,5.806478051,2.163065852,-25.99999956
11.25607,15.68159,52.50805,3215.9932,-0.81259,52.72134,5.849249619,2.178999386,-25.99999956
11.28213,15.71646,52.43695,3212.9253,-0.87694,52.66188,5.896763648,2.196699612,-25.99999956
11.3082,15.75128,52.36056,3209.84568,-0.94026,52.60178,5.94904166,2.216174547,-25.99999956
11.33429,15.78604,52.27897,3206.75138,-1.00243,52.541,6.006105366,2.237432279,-25.99999956
11.36039,15.82074,52.19229,3203.63942,-1.06332,52.47945,6.067975945,2.260480698,-25.99999956
11.3865,15.85539,52.10066,3200.50678,-1.12283,52.41711,6.134673229,2.285327191,-25.99999956
11.41262,15.88997,52.00419,3197.35038,-1.18084,52.35389,6.206214819,2.311978315,-25.99999956
11.43875,15.92449,51.90303,3194.16713,-1.23722,52.28974,6.282615114,2.340439435,-25.99999956
11.46489,15.95895,51.79734,3190.95387,-1.29186,52.2246,6.363884252,2.370714328,-25.99999956
11.49104,15.99334,51.68726,3187.70744,-1.34463,52.15841,6.450026966,2.402804755,-25.99999956
11.51721,16.02768,51.57299,3184.42462,-1.39542,52.09111,6.541041352,2.436710009,-25.99999956
11.54339,16.06194,51.45468,3181.10217,-1.44411,52.02264,6.636917548,2.472426415,-25.99999956
11.56958,16.09615,51.33254,3177.73685,-1.49058,51.95293,6.737636332,2.509946811,-25.99999956
11.59579,16.13029,51.20677,3174.32537,-1.5347,51.88193,6.843167626,2.549259995,-25.99999956
11.62201,16.16436,51.07757,3170.86445,-1.57637,51.80957,6.953468937,2.590350136,-25.99999956
11.64824,16.19836,50.94516,3167.35081,-1.61545,51.73579,7.068483719,2.633196168,-25.99999956
11.67449,16.23229,50.80977,3163.78116,-1.65183,51.66053,7.188139672,2.677771159,-25.99999956
11.70075,16.26616,50.67164,3160.15224,-1.6854,51.58373,7.312347003,2.724041658,-25.99999956
11.72703,16.29995,50.53102,3156.4608,-1.71605,51.50533,7.440996646,2.771967035,-25.99999956
11.75332,16.33366,50.38815,3152.70366,-1.74366,51.42528,7.573958467,2.821498812,-25.99999956
11.77962,16.3673,50.24332,3148.87765,-1.76812,51.3435,7.711079487,2.87258,-25.99999956
11.80595,16.40087,50.09677,3144.97971,-1.78933,51.25996,7.852182126,2.925144445,-25.99999956
11.83228,16.43436,49.94881,3141.00681,-1.80719,51.17459,7.99706252,2.979116204,-25.99999956
11.85864,16.46776,49.7997,3136.95606,-1.82161,51.08735,8.145488925,3.034408945,-25.99999956
11.885,16.50109,49.64976,3132.82466,-1.8325,50.99818,8.297200261,3.09092541,-25.99999956
11.91139,16.53433,49.49926,3128.60996,-1.83976,50.90703,8.451904821,3.148556929,-25.99999956
11.93779,16.56749,49.34853,3124.30944,-1.84333,50.81387,8.609279196,3.207183024,-25.99999956
11.96421,16.60056,49.19787,3119.92076,-1.84313,50.71866,8.768967457,3.266671103,-25.99999956
11.99065,16.63355,49.0476,3115.44179,-1.83912,50.62136,8.930580644,3.326876268,-25.99999956
12.01711,16.66644,48.89803,3110.87059,-1.83122,50.52194,9.093696596,3.387641252,-25.99999956
12.04358,16.69924,48.74948,3106.20545,-1.81942,50.42037,9.257860181,3.448796507,-25.99999956
12.07007,16.73195,48.60227,3101.44493,-1.80367,50.31664,9.422583967,3.510160451,-25.99999956
12.09658,16.76456,48.45673,3096.58787,-1.78396,50.21072,9.587349359,3.571539894,-25.99999956
12.12311,16.79708,48.31318,3091.63338,-1.76029,50.10262,9.751608257,3.632730656,-25.99999956
12.14965,16.82949,48.17193,3086.5809,-1.73266,49.99232,9.914785248,3.693518379,-25.99999956
12.17622,16.8618,48.03331,3081.43022,-1.7011,49.87984,10.07628036,3.753679556,-25.99999956
12.2028,16.89401,47.89761,3076.18144,-1.66566,49.76519,10.23547235,3.812982763,-25.99999956
12.2294,16.92612,47.76516,3070.83506,-1.62637,49.64838,10.39172264,3.871190104,-25.99999956
12.25602,16.95811,47.63625,3065.39193,-1.58332,49.52945,10.54437965,3.928058857,-25.99999956
12.28266,16.99,47.51116,3059.8533,-1.53659,49.40842,10.69278381,3.983343312,-25.99999956
12.30932,17.02177,47.39018,3054.22082,-1.48629,49.28535,10.83627291,4.03679678,-25.99999956
12.336,17.05343,47.27359,3048.49652,-1.43253,49.16029,10.97418796,4.088173762,-25.99999956
12.36269,17.08497,47.16163,3042.68283,-1.37545,49.0333,11.10587924,4.13723223,-25.99999956
12.38941,17.1164,47.05456,3036.78261,-1.31521,48.90444,11.23071278,4.183736007,-25.99999956
12.41614,17.14771,46.9526,3030.79905,-1.25198,48.7738,11.3480768,4.227457193,-25.99999956
12.44289,17.1789,46.85596,3024.73578,-1.18595,48.64145,11.4573883,4.268178603,-25.99999956
12.46962,17.21,46.76616,3018.59296,-1.08419,48.65102,11.55594155,4.304892281,0
12.49629,17.24104,46.68467,3012.3727,-0.97981,48.66059,11.64102014,4.336586295,0
12.5229,17.27204,46.61167,3006.08207,-0.87318,48.67015,11.71209507,4.363063577,0
12.54945,17.30297,46.54728,2999.72848,-0.76469,48.6797,11.76874483,4.384167104,0
12.57595,17.33385,46.4916,2993.31967,-0.65476,48.68924,11.81065592,4.399780088,0
12.60238,17.36467,46.44468,2986.86362,-0.54381,48.69877,11.83762732,4.409827643,0
12.62875,17.39543,46.40655,2980.3685,-0.43226,48.7083,11.84957312,4.414277767,0
12.65505,17.42613,46.37721,2973.84261,-0.32053,48.71782,11.84652321,4.413141595,0
12.6813,17.45678,46.35662,2967.2943,-0.20907,48.72732,11.82862205,4.406472945,0
12.70748,17.48736,46.3447,2960.73193,-0.09828,48.73682,11.79612557,4.394367151,0
12.7336,17.51788,46.34135,2954.16377,0.0114,48.74631,11.74939624,4.376959244,0
12.75966,17.54835,46.34641,2947.59798,0.11956,48.75578,11.68889656,4.354421522,0
12.78565,17.57875,46.35974,2941.04255,0.22581,48.76525,11.61518116,4.326960594,0
12.81158,17.60909,46.38112,2934.50522,0.32976,48.77471,11.52888761,4.294813977,0
12.83745,17.63937,46.41032,2927.99346,0.43105,48.78416,11.43072638,4.258246338,0
12.86325,17.6696,46.44711,2921.51439,0.52933,48.7936,11.32147007,4.217545487,0
12.88899,17.69976,46.4912,2915.07481,0.62426,48.80304,11.20194221,4.173018213,0
12.91468,17.72986,46.54229,2908.68109,0.71555,48.81246,11.07300595,4.124986064,0
12.94029,17.75991,46.60006,2902.33921,0.80292,48.82188,10.93555283,4.073781161,0
12.96585,17.78989,46.66419,2896.0547,0.88611,48.83129,10.79049187,4.019742135,0
12.99135,17.81982,46.73431,2889.83264,0.96489,48.8407,10.63873913,3.963210249,0
13.01679,17.84968,46.81006,2883.67767,1.03907,48.8501,10.48120805,3.904525777,0
13.04216,17.8795,46.89106,2877.59395,1.10845,48.8595,10.3188005,3.84402469,0
13.06748,17.90925,46.97693,2871.58519,1.17289,48.86889,10.15239878,3.782035671,0
13.09274,17.93895,47.06726,2865.65466,1.23227,48.87828,9.982858644,3.71887751,0
13.11794,17.9686,47.16167,2859.80517,1.28648,48.88767,9.811003262,3.654856858,0
13.14309,17.99819,47.25975,2854.03911,1.33544,48.89705,9.637618247,3.590266378,0
13.16818,18.02772,47.36108,2848.35848,1.37911,48.90644,9.463447671,3.525383256,0
13.19321,18.05721,47.46527,2842.76486,1.41744,48.91582,9.289191042,3.460468076,0
13.21819,18.08664,47.57191,2837.25946,1.45043,48.92521,9.115501182,3.395764034,0
13.24312,18.11603,47.68059,2831.84315,1.47808,48.9346,8.942982952,3.331496454,0
13.26799,18.14536,47.79091,2826.51647,1.50041,48.94399,8.772192722,3.267872599,0
13.29282,18.17465,47.90249,2821.27964,1.51748,48.95339,8.603638517,3.205081723,0
13.31759,18.20389,48.01492,2816.13263,1.52934,48.96279,8.437780757,3.143295344,0
13.34231,18.23308,48.12784,2811.0751,1.53605,48.97219,8.27503349,3.082667704,0
13.36698,18.26223,48.24086,2806.10652,1.53771,48.98161,8.115766036,3.023336387,0
13.39161,18.29133,48.35363,2801.22611,1.53441,48.99103,7.960304982,2.965423054,0
13.41618,18.32039,48.46577,2796.4329,1.52626,49.00045,7.80893642,2.909034282,0
13.44071,18.34941,48.57696,2791.72575,1.51336,49.00989,7.661908394,2.854262474,0
13.4652,18.37838,48.68685,2787.10336,1.49586,49.01934,7.519433461,2.801186812,0
13.48963,18.40732,48.79512,2782.56428,1.47387,49.0288,7.381691345,2.74987425,0
13.51403,18.43621,48.90146,2778.10694,1.44753,49.03826,7.248831609,2.700380503,0
13.53838,18.46507,49.00556,2773.72966,1.41699,49.04775,7.120976319,2.652751043,0
13.56269,18.49388,49.10714,2769.43066,1.38239,49.05724,6.998222664,2.607022077,0
13.58695,18.52267,49.20591,2765.20808,1.34389,49.06675,6.880645503,2.563221491,0
13.61118,18.55141,49.30161,2761.05997,1.30162,49.07627,6.76829982,2.521369768,0
13.63536,18.58012,49.39398,2756.98433,1.25576,49.0858,6.661223058,2.481480857,0
13.65951,18.60879,49.48279,2752.97911,1.20645,49.09535,6.559437346,2.443563001,0
13.68361,18.63743,49.5678,2749.04218,1.15386,49.10492,6.462951578,2.407619513,0
13.70768,18.66604,49.6488,2745.17141,1.09815,49.11451,6.371763362,2.373649504,0
13.73171,18.69461,49.72557,2741.3646,1.03947,49.12411,6.285860834,2.341648552,0
13.7557,18.72315,49.79793,2737.61953,0.97798,49.13372,6.205224319,2.311609328,0
13.77965,18.75166,49.86569,2733.93396,0.91385,49.14336,6.129827869,2.283522167,0
13.80357,18.78014,49.92868,2730.30562,0.84723,49.15302,6.059640658,2.257375584,0
13.82745,18.80859,49.98675,2726.73221,0.77829,49.16269,5.994628249,2.233156751,0
13.8513,18.83701,50.03975,2723.21142,0.70719,49.17238,5.934753735,2.210851919,0
13.87511,18.8654,50.08754,2719.74092,0.63407,49.18209,5.879978765,2.190446801,0
13.89889,18.89376,50.13001,2716.31835,0.55911,49.19183,5.830264451,2.171926911,0
13.92263,18.92209,50.16703,2712.94134,0.48246,49.20158,5.785572173,2.155277862,0
13.94633,18.9504,50.19851,2709.60751,0.40428,49.21135,5.745864281,2.140485628,0
13.97001,18.97867,50.22436,2706.31445,0.32472,49.22115,5.711104699,2.127536769,0
13.99365,19.00693,50.2445,2703.05973,0.24394,49.23096,5.681259443,2.116418625,0
14.01726,19.03515,50.25886,2699.8409,0.16209,49.2408,5.656297051,2.107119478,0
14.04083,19.06335,50.26739,2696.6555,0.07934,49.25065,5.636188938,2.099628677,0
14.06438,19.09152,50.27005,2693.50103,-0.00418,49.26053,5.620909666,2.093936746,0
14.08789,19.11967,50.26679,2690.37497,-0.0883,49.27043,5.610437147,2.090035457,0
14.11137,19.14779,50.25761,2687.27477,-0.17286,49.28036,5.604752773,2.087917878,0
14.13482,19.17588,50.24247,2684.19785,-0.25773,49.2903,5.603841485,2.087578399,0
14.15823,19.20395,50.22139,2681.14161,-0.34273,49.30026,5.607691761,2.089012728,0
14.18162,19.232,50.19436,2678.10341,-0.42772,49.31025,5.616295555,2.092217868,0
14.20497,19.26002,50.16142,2675.08056,-0.51255,49.32026,5.629648161,2.097192065,0
14.22829,19.28801,50.12258,2672.07036,-0.59706,49.33029,5.647748015,2.103934737,0
14.25158,19.31598,50.0779,2669.07005,-0.68109,49.34034,5.670596432,2.112446373,0
14.27484,19.34393,50.02742,2666.07684,-0.76449,49.35042,5.698197276,2.122728414,0
14.29807,19.37185,49.97121,2663.08789,-0.84712,49.36051,5.730556559,2.134783098,0
14.32127,19.39975,49.90933,2660.10032,-0.9288,49.37063,5.767681974,2.148613292,0
14.34443,19.42762,49.84188,2657.11122,-1.00938,49.38076,5.809582354,2.164222286,0
14.36757,19.45547,49.76894,2654.11761,-1.08872,49.39092,5.856267055,2.181613566,0
14.39067,19.4833,49.69062,2651.11648,-1.16664,49.4011,5.907745259,2.200790551,0
14.41375,19.51109,49.60705,2648.10478,-1.24299,49.4113,5.964025205,2.221756312,0
14.43679,19.53887,49.51834,2645.07941,-1.31762,49.42152,6.025113326,2.244513244,0
14.4598,19.56662,49.42463,2642.03721,-1.39035,49.43175,6.09101331,2.269062722,0
14.48277,19.59434,49.32607,2638.97501,-1.46105,49.44201,6.161725068,2.295404713,0
14.50572,19.62204,49.22282,2635.88957,-1.52953,49.45228,6.237243618,2.323537359,0
14.52863,19.64971,49.11505,2632.77765,-1.59565,49.46258,6.317557876,2.353456534,0
14.55152,19.67736,49.00295,2629.63594,-1.65924,49.47289,6.402649364,2.385155352,0
14.57436,19.70497,48.8867,2626.46112,-1.72014,49.48322,6.492490826,2.41862366,0
14.59718,19.73257,48.7665,2623.24986,-1.7782,49.49356,6.587044766,2.453847491,0
14.61996,19.76013,48.64257,2619.99878,-1.83325,49.50393,6.686261908,2.490808487,0
14.64271,19.78767,48.51513,2616.70453,-1.88514,49.5143,6.790079583,2.529483303,0
14.66543,19.81518,48.38441,2613.36373,-1.93371,49.5247,6.898420064,2.569842982,0
14.68811,19.84266,48.25066,2609.97303,-1.97881,49.5351,7.011188844,2.61185232,0
14.71076,19.87011,48.11413,2606.52909,-2.0203,49.54553,7.12827289,2.655469207,0
14.73337,19.89754,47.97508,2603.02859,-2.05802,49.55596,7.249538886,2.700643982,0
14.75594,19.92493,47.83379,2599.46827,-2.09182,49.56641,7.374831484,2.747318771,0
14.77848,19.95229,47.69052,2595.84493,-2.12159,49.57687,7.50397159,2.795426859,0
14.80099,19.97962,47.54559,2592.15543,-2.14717,49.58733,7.636754723,2.844892069,0
14.82346,20.00692,47.39927,2588.39672,-2.16845,49.59781,7.772949468,2.895628195,0
14.84588,20.03419,47.25187,2584.56587,-2.1853,49.6083,7.912296073,2.947538472,0
14.86828,20.06142,47.10371,2580.66006,-2.19763,49.6188,8.054505217,3.00051512,0
14.89063,20.08862,46.9551,2576.67662,-2.20532,49.6293,8.199257006,3.05443897,0
14.91294,20.11578,46.80637,2572.61304,-2.20829,49.63982,8.346200225,3.109179186,0
14.93522,20.14291,46.65783,2568.46699,-2.20645,49.65033,8.49495191,3.164593102,0
14.95745,20.17,46.50981,2564.23637,-2.19975,49.66085,8.645097272,3.2205262,0
14.97964,20.19706,46.36266,2559.91926,-2.18813,49.67138,8.796190025,3.276812226,0
15.00179,20.22407,46.21671,2555.51403,-2.17156,49.68191,8.947753161,3.333273482,0
15.0239,20.25105,46.07228,2551.01928,-2.15,49.69244,9.099280201,3.389721292,0
15.04596,20.27799,45.92971,2546.43394,-2.12346,49.70297,9.250236972,3.44595666,0
15.06798,20.30488,45.78933,2541.7572,-2.09195,49.7135,9.400063911,3.501771137,0
15.08996,20.33174,45.65147,2536.9886,-2.0555,49.72403,9.548178937,3.556947882,0
15.11189,20.35855,45.51645,2532.12803,-2.01416,49.73456,9.69398088,3.611262942,0
15.13377,20.38532,45.38459,2527.17571,-1.96801,49.74509,9.836853451,3.664486734,0
15.15561,20.41204,45.25619,2522.13225,-1.91713,49.75561,9.97616976,3.716385724,0
15.1774,20.43872,45.13156,2516.99863,-1.86165,49.76612,10.11129731,3.766724294,0
15.19914,20.46535,45.01098,2511.77621,-1.80169,49.77663,10.24160346,3.815266762,0
15.22083,20.49193,44.89474,2506.46674,-1.73741,49.78714,10.3664612,3.861779557,0
15.24247,20.51847,44.78309,2501.07237,-1.669,49.79764,10.48525532,3.906033489,0
15.26406,20.54495,44.67628,2495.59563,-1.59665,49.80812,10.59738864,3.947806101,0
15.28561,20.57139,44.57455,2490.03943,-1.52059,49.8186,10.70228847,3.986884049,0
15.30709,20.59777,44.47812,2484.40705,-1.44106,49.82907,10.79941296,4.023065476,0
15.32853,20.62411,44.38718,2478.70213,-1.35832,49.83953,10.88825728,4.056162324,0
15.34991,20.65038,44.30191,2472.92864,-1.27264,49.84998,10.96835961,4.08600255,0
15.37124,20.67661,44.22246,2467.09089,-1.18433,49.86041,11.03930666,4.112432194,0
15.39252,20.70278,44.14897,2461.19346,-1.0937,49.87083,11.1007387,4.135317244,0
15.41374,20.7289,44.08156,2455.2412,-1.00107,49.88124,11.15235395,4.154545281,0
15.4349,20.75496,44.02031,2449.2392,-0.90678,49.89163,11.19391224,4.17002684,0
15.45601,20.78096,43.96529,2443.19275,-0.81117,49.90201,11.22523792,4.18169648,0
15.47706,20.80691,43.91655,2437.10732,-0.7146,49.91238,11.2462218,4.189513527,0
15.49806,20.8328,43.87411,2430.9885,-0.61743,49.92273,11.25682225,4.193462472,0
15.519,20.85863,43.83796,2424.84198,-0.52002,49.93307,11.25706533,4.193553027,0
15.53988,20.8844,43.80807,2418.67351,-0.42274,49.94339,11.24704406,4.189819838,0
15.5607,20.91011,43.7844,2412.48885,-0.32593,49.95369,11.22691666,4.182321853,0
15.58147,20.93577,43.76687,2406.29377,-0.22997,49.96398,11.19690408,4.171141379,0
15.60218,20.96136,43.75539,2400.09397,-0.1352,49.97425,11.15728665,4.156382842,0
15.62283,20.9869,43.74984,2393.89507,-0.04197,49.98451,11.10840003,4.13817129,0
15.64342,21.01238,43.75008,2387.70257,0.0494,49.99475,11.05063061,4.116650661,0
15.66396,21.03779,43.75596,2381.52183,0.13858,50.00498,10.98441036,4.091981876,0
15.68444,21.06315,43.7673,2375.35805,0.22527,50.01519,10.91021132,4.064340783,0
15.70486,21.08845,43.78391,2369.21621,0.30917,50.02539,10.82853983,4.033916002,0
15.72522,21.11369,43.80558,2363.10107,0.39001,50.03557,10.73993055,4.000906715,0
15.74553,21.13887,43.83209,2357.01718,0.46754,50.04574,10.64494056,3.965520443,0
15.76578,21.16399,43.8632,2350.9688,0.5415,50.0559,10.5441434,3.927970848,0
15.78597,21.18905,43.89866,2344.95995,0.6117,50.06604,10.43812336,3.888475594,0
15.80611,21.21405,43.93822,2338.99438,0.67792,50.07617,10.32746998,3.847254301,0
15.82619,21.239,43.98159,2333.07552,0.73998,50.08629,10.21277291,3.804526623,0
15.84622,21.26389,44.02852,2327.20656,0.79774,50.0964,10.09461707,3.760510464,0
15.86619,21.28872,44.0787,2321.39038,0.85104,50.1065,9.973578335,3.71542035,0
15.88611,21.31349,44.13186,2315.62957,0.89978,50.11659,9.850219618,3.669465983,0
15.90597,21.33821,44.18769,2309.92645,0.94386,50.12667,9.725087449,3.622850957,0
15.92578,21.36288,44.24591,2304.28305,0.98319,50.13674,9.598709037,3.575771674,0
15.94554,21.38749,44.30621,2298.70114,1.01773,50.1468,9.471589828,3.528416423,0
15.96524,21.41204,44.3683,2293.18223,1.04742,50.15686,9.344211518,3.480964651,0
15.9849,21.43655,44.43187,2287.72755,1.07224,50.16691,9.217030538,3.43358639,0
16.0045,21.461,44.49663,2282.33811,1.09219,50.17695,9.090476955,3.386441851,0
16.02405,21.4854,44.56229,2277.01468,1.10729,50.18699,8.964953774,3.339681163,0
16.04355,21.50974,44.62854,2271.75781,1.11754,50.19703,8.840836602,3.293444251,0
16.06301,21.53404,44.69511,2266.56784,1.123,50.20707,8.718473641,3.247860828,0
16.08241,21.55829,44.76171,2261.4449,1.12371,50.2171,8.598185967,3.203050504,0
16.10177,21.58249,44.82807,2256.38895,1.11974,50.22713,8.480268061,3.159122982,0
16.12108,21.60664,44.89391,2251.39976,1.11117,50.23716,8.364988557,3.116178333,0
16.14034,21.63074,44.95896,2246.47694,1.09808,50.24719,8.25259116,3.074307346,0
16.15956,21.6548,45.02298,2241.61996,1.08057,50.25722,8.143295718,3.033591918,0
16.17873,21.67881,45.0857,2236.82814,1.05874,50.26725,8.037299404,2.994105502,0
16.19785,21.70278,45.14689,2232.10064,1.03272,50.27729,7.934777971,2.955913571,0
16.21694,21.7267,45.20631,2227.43655,1.00262,50.28733,7.835887086,2.919074114,0
16.23598,21.75057,45.26374,2222.83481,0.96857,50.29737,7.740763674,2.88363814,0
16.25497,21.77441,45.31897,2218.29426,0.9307,50.30742,7.649527292,2.849650187,0
16.27392,21.7982,45.37177,2213.81365,0.88916,50.31747,7.562281489,2.81714883,0
16.29284,21.82195,45.42197,2209.39164,0.84409,50.32753,7.479115149,2.78616718,0
16.31171,21.84566,45.46936,2205.0268,0.79564,50.33759,7.400103799,2.756733374,0
16.33053,21.86932,45.51376,2200.71763,0.74395,50.34766,7.325310872,2.72887104,0
16.34932,21.89295,45.55502,2196.46256,0.6892,50.35774,7.254788917,2.702599756,0
16.36807,21.91654,45.59297,2192.25994,0.63153,50.36782,7.188580747,2.677935471,0
16.38678,21.94009,45.62746,2188.10807,0.57111,50.37792,7.126720526,2.654890911,0
16.40545,21.9636,45.65836,2184.00519,0.5081,50.38802,7.069234776,2.633475957,0
16.42408,21.98707,45.68553,2179.94949,0.44267,50.39813,7.016143324,2.613697994,0
16.44267,22.0105,45.70885,2175.9391,0.37498,50.40825,6.967460162,2.595562235,0
16.46123,22.0339,45.72821,2171.9721,0.30521,50.41838,6.923194242,2.579072015,0
16.47974,22.05726,45.74353,2168.04652,0.23353,50.42852,6.883350186,2.564229056,0
16.49822,22.08058,45.7547,2164.16037,0.1601,50.43867,6.847928928,2.551033705,0
16.51667,22.10387,45.76164,2160.31159,0.0851,50.44884,6.816928275,2.539485147,0
16.53507,22.12712,45.7643,2156.49808,0.0087,50.45901,6.790343401,2.529581581,0
16.55344,22.15034,45.76261,2152.71772,-0.06892,50.46919,6.768167258,2.521320385,0
16.57178,22.17352,45.75652,2148.96833,-0.14759,50.47939,6.750390929,2.514698234,0
16.59007,22.19667,45.74599,2145.2477,-0.22714,50.4896,6.737003897,2.509711213,0
16.60834,22.21978,45.73099,2141.55358,-0.30739,50.49982,6.727994257,2.506354885,0
16.62656,22.24286,45.71152,2137.88369,-0.38817,50.51005,6.723348853,2.50462435,0
16.64475,22.26591,45.68754,2134.23569,-0.4693,50.52029,6.723053353,2.504514268,0
16.66291,22.28892,45.65907,2130.60723,-0.5506,50.53054,6.727092258,2.506018867,0
16.68103,22.3119,45.62612,2126.99592,-0.6319,50.54081,6.735448849,2.509131916,0
16.69912,22.33484,45.58871,2123.39932,-0.71302,50.55109,6.748105067,2.513846691,0
16.71717,22.35775,45.54686,2119.81498,-0.79379,50.56138,6.765041338,2.520155897,0
16.73519,22.38063,45.50062,2116.24038,-0.87403,50.57168,6.786236333,2.528051591,0
16.75317,22.40347,45.45004,2112.67302,-0.95357,50.582,6.811666673,2.537525061,0
16.77112,22.42628,45.39517,2109.11032,-1.03223,50.59232,6.841306568,2.548566702,0
16.78904,22.44906,45.33608,2105.54969,-1.10984,50.60266,6.87512741,2.561165856,0
16.80691,22.4718,45.27284,2101.98853,-1.18622,50.61301,6.913097303,2.57531064,0
16.82476,22.49451,45.20556,2098.42419,-1.2612,50.62336,6.955180541,2.590987753,0
16.84257,22.51719,45.13432,2094.854,-1.33461,50.63373,7.001337037,2.608182263,0
16.86035,22.53983,45.05922,2091.27529,-1.40627,50.64411,7.0515217,2.62687737,0
16.87809,22.56244,44.98039,2087.68536,-1.47603,50.6545,7.105683768,2.647054166,0
16.89579,22.58502,44.89794,2084.08148,-1.54369,50.6649,7.163766098,2.668691362,0
16.91347,22.60756,44.812,2080.46094,-1.60911,50.67531,7.225704418,2.691765015,0
16.9311,22.63006,44.72272,2076.82102,-1.67212,50.68573,7.291426547,2.716248238,0
16.9487,22.65254,44.63025,2073.15899,-1.73255,50.69615,7.360851591,2.742110893,0
16.96627,22.67497,44.53474,2069.47214,-1.79025,50.70659,7.433889114,2.769319292,0
16.9838,22.69738,44.43635,2065.75776,-1.84505,50.71703,7.510438302,2.797835879,0
17.00129,22.71975,44.33526,2062.01317,-1.89681,50.72748,7.590387129,2.82761892,0
17.01875,22.74208,44.23166,2058.23571,-1.94539,50.73793,7.673611522,2.858622197,0
17.03617,22.76437,44.12571,2054.42277,-1.99062,50.74839,7.759974561,2.890794701,0
17.05356,22.78663,44.01763,2050.57178,-2.03239,50.75886,7.849325702,2.924080352,0
17.07091,22.80886,43.90761,2046.6802,-2.07055,50.76933,7.941500052,2.958417723,0
17.08822,22.83104,43.79586,2042.74559,-2.10498,50.7798,8.036317716,2.993739797,0
17.1055,22.85319,43.68259,2038.76556,-2.13556,50.79028,8.133583214,3.029973755,0
17.12273,22.8753,43.56802,2034.73782,-2.16218,50.80075,8.233085002,3.067040789,0
17.13993,22.89737,43.45237,2030.66015,-2.18474,50.81124,8.334595116,3.104855977,0
17.15709,22.9194,43.33586,2026.53047,-2.20314,50.82172,8.437868936,3.143328192,0
17.17421,22.9414,43.21873,2022.3468,-2.2173,50.8322,8.542645122,3.182360078,0
17.19129,22.96335,43.10121,2018.10729,-2.22716,50.84268,8.64864571,3.221848086,0
17.20834,22.98526,42.98353,2013.81024,-2.23263,50.85316,8.7555764,3.261682582,0
17.22534,23.00713,42.86593,2009.45409,-2.23369,50.86364,8.863127056,3.301748031,0
17.2423,23.02896,42.74865,2005.03748,-2.23029,50.87411,8.970972416,3.341923266,0
17.25922,23.05074,42.63192,2000.55919,-2.22241,50.88459,9.078773045,3.382081836,0
17.2761,23.07249,42.51599,1996.01821,-2.21004,50.89505,9.186176516,3.422092455,0
17.29294,23.09418,42.40109,1991.41372,-2.19319,50.90551,9.292818851,3.461819531,0
17.30973,23.11584,42.28744,1986.74513,-2.17188,50.91597,9.398326199,3.501123794,0
17.32648,23.13745,42.17528,1982.01204,-2.14615,50.92642,9.502316762,3.539863015,0
17.34319,23.15901,42.06484,1977.21429,-2.11605,50.93686,9.60440296,3.57789281,0
17.35986,23.18052,41.95634,1972.35196,-2.08166,50.94729,9.704193808,3.615067526,0
17.37648,23.20199,41.84999,1967.42537,-2.04306,50.95771,9.80129751,3.65124121,0
17.39305,23.22341,41.74599,1962.43507,-2.00037,50.96812,9.895324218,3.686268633,0
17.40958,23.24478,41.64455,1957.38185,-1.9537,50.97852,9.985888952,3.720006379,0
17.42607,23.26611,41.54586,1952.26678,-1.90319,50.98891,10.07261462,3.752313972,0
17.4425,23.28738,41.4501,1947.09114,-1.849,50.99928,10.15513512,3.783055031,0
17.4589,23.3086,41.35744,1941.85646,-1.79132,51.00964,10.23309849,3.812098435,0
17.47524,23.32977,41.26805,1936.56453,-1.73031,51.01999,10.30616996,3.839319483,0
17.49154,23.35089,41.18206,1931.21734,-1.6662,51.03033,10.3740351,3.864601031,0
17.50778,23.37195,41.09963,1925.81713,-1.59921,51.04064,10.43640264,3.887834581,0
17.52398,23.39296,41.02087,1920.36634,-1.52956,51.05094,10.49300731,3.908921312,0
17.54013,23.41392,40.94589,1914.86762,-1.4575,51.06123,10.54361238,3.927773032,0
17.55623,23.43482,40.87478,1909.32379,-1.3833,51.0715,10.58801193,3.944313031,0
17.57229,23.45567,40.80763,1903.73786,-1.30722,51.08175,10.62603284,3.958476819,0
17.58829,23.47646,40.74451,1898.11299,-1.22954,51.09198,10.65753647,3.97021275,0
17.60424,23.4972,40.68546,1892.45249,-1.15055,51.10219,10.68241993,3.979482497,0
17.62014,23.51788,40.63052,1886.75977,-1.07055,51.11239,10.70061701,3.986261386,0
17.63599,23.5385,40.57971,1881.03836,-0.98982,51.12256,10.71209861,3.990538584,0
17.65178,23.55907,40.53303,1875.29187,-0.90868,51.13272,10.71687289,3.992317128,0
17.66753,23.57957,40.49048,1869.52396,-0.82741,51.14286,10.71498489,3.991613801,0
17.68323,23.60002,40.45203,1863.73834,-0.74634,51.15298,10.70651587,3.988458866,0
17.69887,23.62041,40.41764,1857.93875,-0.66574,51.16307,10.69158211,3.982895648,0
17.71446,23.64075,40.38725,1852.12891,-0.58593,51.17315,10.67033352,3.974979988,0
17.73,23.66102,40.36079,1846.31254,-0.5072,51.18321,10.64295179,3.964779574,0
17.74549,23.68124,40.33819,1840.49331,-0.42982,51.19325,10.60964833,3.952373159,0
17.76092,23.70139,40.31934,1834.67486,-0.35409,51.20327,10.57066191,3.937849694,0
17.7763,23.72149,40.30413,1828.86073,-0.28026,51.21327,10.52625614,3.921307375,0
17.79164,23.74153,40.29246,1823.05439,-0.2086,51.22325,10.47671671,3.902852634,0
17.80692,23.76151,40.28418,1817.25921,-0.13936,51.23321,10.42234862,3.882599088,0
17.82214,23.78143,40.27915,1811.47843,-0.07276,51.24315,10.36347323,3.860666458,0
17.83732,23.80129,40.27722,1805.71519,-0.00903,51.25308,10.30042541,3.837179486,0
17.85244,23.82109,40.27824,1799.97248,0.05161,51.26298,10.23355057,3.812266849,0
17.86752,23.84083,40.28203,1794.25313,0.10899,51.27287,10.16320187,3.786060107,0
17.88254,23.86052,40.28842,1788.55985,0.16291,51.28274,10.08973743,3.758692671,0
17.89751,23.88015,40.29723,1782.89518,0.21323,51.2926,10.01351774,3.73029883,0
17.91243,23.89972,40.30826,1777.26148,0.25978,51.30244,9.934903155,3.701012828,0
17.9273,23.91923,40.32134,1771.66097,0.30245,51.31226,9.854251605,3.670968004,0
17.94212,23.93868,40.33625,1766.09569,0.34112,51.32207,9.77191648,3.640296003,0
17.95689,23.95808,40.35281,1760.5675,0.37569,51.33186,9.688244711,3.609126068,0
17.97161,23.97742,40.37082,1755.07812,0.40608,51.34164,9.60357507,3.577584399,0
17.98628,23.99671,40.39006,1749.62908,0.43222,51.35141,9.518236669,3.545793599,0
18.0009,24.01594,40.41034,1744.22175,0.45406,51.36117,9.432547683,3.513872197,0
18.01548,24.03511,40.43146,1738.85733,0.47158,51.37091,9.346814274,3.481934247,0
18.03,24.05423,40.45321,1733.53687,0.48474,51.38064,9.261329715,3.450088999,0
18.04448,24.0733,40.47539,1728.26125,0.49354,51.39036,9.176373711,3.418440652,0
18.05892,24.09231,40.49781,1723.03122,0.49799,51.40007,9.092211895,3.387088161,0
18.0733,24.11127,40.52026,1717.84735,0.49811,51.40977,9.009095493,3.356125115,0
18.08764,24.13017,40.54254,1712.7101,0.49393,51.41947,8.927261146,3.325639667,0
18.10194,24.14903,40.56449,1707.61977,0.48551,51.42915,8.846930868,3.295714525,0
18.11618,24.16783,40.58589,1702.57653,0.47289,51.43883,8.768312125,3.266426975,0
18.13039,24.18658,40.60658,1697.58042,0.45615,51.4485,8.691598033,3.237848957,0
18.14455,24.20528,40.62638,1692.63138,0.43536,51.45817,8.616967638,3.210047171,0
18.15866,24.22393,40.64511,1687.72919,0.41062,51.46783,8.544586284,3.183083212,0
18.17273,24.24253,40.66261,1682.87356,0.38202,51.47748,8.474606043,3.157013731,0
18.18676,24.26108,40.67872,1678.06407,0.34966,51.48713,8.407166198,3.131890615,0
18.20074,24.27958,40.69328,1673.3002,0.31367,51.49678,8.34239377,3.107761181,0
18.21468,24.29803,40.70615,1668.58134,0.27417,51.50642,8.280404067,3.084668385,0
18.22858,24.31644,40.71719,1663.90677,0.23128,51.51606,8.221301255,3.062651033,0
18.24244,24.33479,40.72626,1659.27571,0.18513,51.5257,8.165178944,3.041743995,0
18.25626,24.3531,40.73323,1654.68726,0.13588,51.53534,8.112120762,3.021978426,0
18.27004,24.37137,40.73799,1650.14047,0.08367,51.54498,8.062200931,3.003381976,0
18.28377,24.38958,40.74043,1645.63429,0.02864,51.55462,8.015484832,2.985979,0
18.29747,24.40776,40.74043,1641.16762,-0.02904,51.56425,7.972029539,2.96979076,0
18.31112,24.42588,40.7379,1636.73927,-0.08921,51.57389,7.931884341,2.954835618,0
18.32474,24.44396,40.73275,1632.34799,-0.15171,51.58353,7.895091228,2.941129215,0
18.33831,24.462,40.72491,1627.99246,-0.21636,51.59317,7.861685346,2.928684645,0
18.35185,24.47999,40.71429,1623.67132,-0.28301,51.60281,7.831695423,2.917512609,0
18.36535,24.49794,40.70083,1619.38312,-0.35147,51.61245,7.805144149,2.907621561,0
18.37881,24.51585,40.68447,1615.12639,-0.42157,51.62209,7.782048522,2.899017832,0
18.39223,24.53371,40.66516,1610.89957,-0.49313,51.63174,7.762420155,2.891705749,0
18.40561,24.55153,40.64286,1606.70109,-0.56596,51.64139,7.746265539,2.88568773,0
18.41896,24.5693,40.61754,1602.52929,-0.63989,51.65104,7.733586265,2.880964367,0
18.43227,24.58704,40.58916,1598.38249,-0.71474,51.66069,7.724379206,2.877534495,0
18.44554,24.60473,40.55772,1594.25897,-0.79031,51.67035,7.718636654,2.875395243,0
18.45877,24.62238,40.52319,1590.15694,-0.86642,51.68001,7.716346421,2.874542071,0
18.47197,24.63999,40.48558,1586.0746,-0.94289,51.68967,7.717491895,2.87496879,0
18.48513,24.65755,40.44489,1582.01011,-1.01952,51.69934,7.722052058,2.876667571,0
18.49825,24.67507,40.40114,1577.96157,-1.09615,51.70901,7.730001469,2.879628936,0
18.51134,24.69256,40.35434,1573.92709,-1.17256,51.71868,7.741310205,2.883841738,0
18.52439,24.71,40.30453,1569.9047,-1.24859,51.72836,7.755943772,2.889293126,0
18.5374,24.7274,40.25173,1565.89246,-1.32405,51.73804,7.773862982,2.895968503,0
18.55038,24.74476,40.19599,1561.88836,-1.39875,51.74772,7.795023795,2.903851463,0
18.56332,24.76207,40.13737,1557.89039,-1.47252,51.7574,7.819377146,2.912923727,0
18.57622,24.77935,40.07591,1553.89652,-1.54516,51.76709,7.846868729,2.923165065,0
18.58909,24.79659,40.01169,1549.9047,-1.6165,51.77678,7.877438776,2.934553212,0
18.60192,24.81378,39.94477,1545.9129,-1.68638,51.78647,7.911021808,2.947063775,0
18.61472,24.83093,39.87523,1541.91903,-1.7546,51.79616,7.947546377,2.960670138,0
18.62748,24.84804,39.80316,1537.92106,-1.82101,51.80586,7.986934794,2.97534336,0
18.6402,24.86511,39.72865,1533.9169,-1.88543,51.81556,8.029102857,2.991052073,0
18.65289,24.88214,39.6518,1529.90452,-1.9477,51.82525,8.073959575,3.00776238,0
18.66554,24.89913,39.5727,1525.88186,-2.00767,51.83495,8.121406899,3.025437757,0
18.67816,24.91607,39.49146,1521.84692,-2.06517,51.84465,8.171339464,3.044038951,0
18.69074,24.93298,39.40821,1517.79769,-2.12006,51.85435,8.223644349,3.063523897,0
18.70328,24.94984,39.32306,1513.73219,-2.1722,51.86405,8.278200859,3.083847633,0
18.71578,24.96666,39.23613,1509.64848,-2.22145,51.87375,8.33488034,3.10496223,0
18.72825,24.98344,39.14755,1505.54468,-2.26768,51.88344,8.393546028,3.126816743,0
18.74068,25.00017,39.05746,1501.41892,-2.31076,51.89313,8.454052947,3.149357162,0
18.75308,25.01686,38.96599,1497.26941,-2.35058,51.90283,8.516247853,3.172526401,0
18.76544,25.03351,38.87328,1493.09441,-2.38702,51.91251,8.579969244,3.196264296,0
18.77776,25.05012,38.77948,1488.89224,-2.42,51.9222,8.645047426,3.220507631,0
18.79004,25.06668,38.68473,1484.6613,-2.44941,51.93188,8.71130466,3.245190194,0
18.80228,25.0832,38.58918,1480.40008,-2.47519,51.94155,8.778555381,3.270242857,0
18.81449,25.09967,38.49298,1476.10713,-2.49725,51.95122,8.846606508,3.295593693,0
18.82666,25.1161,38.39628,1471.78112,-2.51554,51.96089,8.915257834,3.321168118,0
18.83879,25.13248,38.29923,1467.42081,-2.53002,51.97054,8.984302517,3.346889079,0
18.85088,25.14882,38.202,1463.02506,-2.54063,51.98019,9.05352766,3.372677266,0
18.86293,25.16511,38.10473,1458.59285,-2.54737,51.98983,9.122714996,3.398451369,0
18.87494,25.18136,38.00757,1454.12327,-2.55021,51.99947,9.191641665,3.424128367,0
18.88692,25.19756,37.91068,1449.61555,-2.54916,52.00909,9.260081091,3.449623854,0
18.89885,25.21371,37.8142,1445.06904,-2.54422,52.0187,9.327803947,3.4748524,0
18.91074,25.22981,37.71828,1440.48321,-2.53544,52.02831,9.394579222,3.499727947,0
18.9226,25.24587,37.62308,1435.8577,-2.52285,52.0379,9.460175358,3.524164233,0
18.93441,25.26188,37.52872,1431.19226,-2.50651,52.04748,9.524361469,3.548075248,0
18.94618,25.27784,37.43535,1426.48681,-2.48648,52.05704,9.586908624,3.571375709,0
18.95792,25.29375,37.3431,1421.74138,-2.46284,52.0666,9.647591182,3.593981559,0
18.96961,25.30961,37.25211,1416.95619,-2.4357,52.07614,9.706188174,3.61581048,0
18.98125,25.32543,37.16249,1412.13159,-2.40517,52.08566,9.7624847,3.636782417,0
18.99286,25.34119,37.07436,1407.26806,-2.37136,52.09517,9.816273347,3.656820104,0
19.00442,25.3569,36.98784,1402.36626,-2.33443,52.10467,9.867355593,3.675849584,0
19.01595,25.37256,36.90303,1397.42697,-2.29451,52.11414,9.915543188,3.693800731,0
19.02742,25.38816,36.82003,1392.45112,-2.25177,52.12361,9.960659497,3.710607743,0
19.03886,25.40372,36.73893,1387.43978,-2.20638,52.13305,10.00254078,3.726209623,0
19.05025,25.41922,36.65981,1382.39415,-2.15854,52.14247,10.04103738,3.740550621,0
19.0616,25.43467,36.58275,1377.31555,-2.10844,52.15188,10.07601487,3.753580654,0
19.07291,25.45007,36.50782,1372.20544,-2.05629,52.16127,10.10735498,3.765255671,0
19.08417,25.46541,36.43506,1367.06539,-2.00229,52.17064,10.13495655,3.775537981,0
19.09539,25.4807,36.36454,1361.89706,-1.94668,52.17999,10.15873619,3.784396524,0
19.10656,25.49594,36.29628,1356.70224,-1.88968,52.18932,10.17862893,3.791807091,0
19.11769,25.51112,36.23033,1351.48277,-1.83154,52.19863,10.19458858,3.797752483,0
19.12877,25.52624,36.16671,1346.24061,-1.77248,52.20792,10.20658807,3.802222609,0
19.13981,25.54131,36.10542,1340.97776,-1.71277,52.21719,10.2146195,3.805214526,0
19.1508,25.55632,36.04646,1335.69632,-1.65264,52.22644,10.21869407,3.806732411,0
19.16175,25.57128,35.98985,1330.3984,-1.59234,52.23566,10.2188419,3.80678748,0
19.17265,25.58618,35.93555,1325.08617,-1.53212,52.24487,10.21511158,3.805397838,0
19.18351,25.60103,35.88355,1319.76183,-1.47224,52.25405,10.20756967,3.802588278,0
19.19432,25.61582,35.83381,1314.42762,-1.41294,52.26322,10.1963,3.798390029,0
19.20508,25.63055,35.7863,1309.08575,-1.35446,52.27236,10.18140284,3.792840446,0
19.2158,25.64522,35.74097,1303.73846,-1.29704,52.28148,10.16299399,3.785982664,0
19.22648,25.65984,35.69775,1298.38799,-1.24092,52.29058,10.1412037,3.777865211,0
19.2371,25.6744,35.65659,1293.03653,-1.18632,52.29966,10.1161756,3.768541582,0
19.24769,25.68891,35.61741,1287.68627,-1.13347,52.30871,10.08806541,3.758069798,0
19.25822,25.70335,35.58014,1282.33936,-1.08258,52.31775,10.05703977,3.74651193,0
19.26871,25.71774,35.5447,1276.99789,-1.03386,52.32677,10.02327487,3.733933619,0
19.27916,25.73208,35.51099,1271.66393,-0.98749,52.33576,9.986955191,3.720403581,0
19.28956,25.74635,35.47892,1266.33947,-0.94367,52.34474,9.948272109,3.705993116,0
19.29991,25.76057,35.44839,1261.02644,-0.90257,52.35369,9.907422629,3.690775609,0
19.31022,25.77473,35.41929,1255.72671,-0.86434,52.36263,9.864608056,3.674826054,0
19.32049,25.78884,35.39152,1250.44207,-0.82915,52.37155,9.820032739,3.658220576,0
19.3307,25.80289,35.36497,1245.17424,-0.79712,52.38045,9.77390285,3.641035979,0
19.34088,25.81688,35.33952,1239.92485,-0.76839,52.38933,9.72642522,3.623349312,0
19.35101,25.83082,35.31505,1234.69545,-0.74306,52.3982,9.677806235,3.605237461,0
19.36109,25.8447,35.29144,1229.48749,-0.72124,52.40704,9.628250815,3.586776763,0
19.37113,25.85852,35.26858,1224.30234,-0.70301,52.41587,9.577961452,3.568042652,0
19.38112,25.87229,35.24633,1219.14129,-0.68845,52.42469,9.527137341,3.549109333,0
19.39107,25.886,35.22459,1214.00551,-0.67761,52.43348,9.475973584,3.530049488,0
19.40098,25.89966,35.20322,1208.89609,-0.67055,52.44227,9.424660487,3.510934009,0
19.41084,25.91326,35.18211,1203.81404,-0.66729,52.45103,9.373382928,3.491831769,0
19.42066,25.92681,35.16112,1198.76025,-0.66787,52.45979,9.322319812,3.472809415,0
19.43044,25.9403,35.14015,1193.73552,-0.67227,52.46853,9.271643609,3.453931196,0
19.44018,25.95374,35.11906,1188.74057,-0.68051,52.47726,9.221519961,3.435258818,0
19.44987,25.96713,35.09775,1183.77603,-0.69257,52.48597,9.172107362,3.416851325,0
19.45952,25.98046,35.0761,1178.84241,-0.70842,52.49467,9.123556913,3.398765005,0
19.46912,25.99374,35.05399,1173.94015,-0.72802,52.50337,9.076012128,3.381053322,0
19.47869,26.00696,35.03132,1169.06961,-0.75132,52.51205,9.029608807,3.363766864,0
19.48821,26.02014,35.00797,1164.23103,-0.77826,52.52072,8.984474959,3.346953318,0
19.4977,26.03326,34.98384,1159.4246,-0.80876,52.52938,8.940730772,3.330657457,0
19.50714,26.04633,34.95884,1154.6504,-0.84275,52.53803,8.898488618,3.314921144,0
19.51654,26.05934,34.93286,1149.90844,-0.88014,52.54667,8.857853107,3.299783347,0
19.5259,26.07231,34.90582,1145.19864,-0.92083,52.55531,8.818921161,3.285280172,0
19.53522,26.08523,34.87762,1140.52086,-0.96471,52.56393,8.781782116,3.271444901,0
19.5445,26.09809,34.84818,1135.87486,-1.01166,52.57255,8.746517848,3.258308033,0
19.55374,26.11091,34.81743,1131.26034,-1.06156,52.58116,8.713202916,3.245897344,0
19.56294,26.12367,34.78528,1126.67694,-1.11428,52.58977,8.681904708,3.234237938,0
19.5721,26.13639,34.75168,1122.12419,-1.16969,52.59837,8.652683608,3.22335231,0
19.58123,26.14905,34.71654,1117.60159,-1.22763,52.60696,8.62559316,3.213260405,0
19.59031,26.16167,34.67982,1113.10857,-1.28796,52.61555,8.600680233,3.203979684,0
19.59936,26.17424,34.64147,1108.64448,-1.35052,52.62413,8.577985188,3.195525183,0
19.60836,26.18676,34.60142,1104.20863,-1.41516,52.63271,8.557542041,3.187909573,0
19.61733,26.19923,34.55964,1099.80024,-1.4817,52.64129,8.539378615,3.181143219,0
19.62627,26.21165,34.51609,1095.41851,-1.54999,52.64986,8.523516693,3.175234235,0
19.63516,26.22403,34.47074,1091.06257,-1.61985,52.65842,8.509972152,3.170188538,0
19.64402,26.23636,34.42356,1086.73149,-1.6911,52.66699,8.498755093,3.166009888,0
19.65284,26.24864,34.37452,1082.4243,-1.76357,52.67555,8.489869959,3.162699942,0
19.66162,26.26087,34.32362,1078.14,-1.83707,52.6841,8.483315637,3.160258284,0
19.67037,26.27306,34.27083,1073.87751,-1.91143,52.69266,8.479085555,3.158682467,0
19.67908,26.2852,34.21616,1069.63574,-1.98646,52.70121,8.477167762,3.157968039,0
19.68775,26.2973,34.1596,1065.41355,-2.06198,52.70976,8.477545,3.15810857,0
19.69639,26.30934,34.10116,1061.20975,-2.1378,52.7183,8.480194759,3.159095675,0
19.70499,26.32135,34.04085,1057.02315,-2.21374,52.72685,8.485089332,3.160919032,0
19.71356,26.3333,33.97868,1052.85251,-2.28962,52.73539,8.492195853,3.163566398,0
19.72209,26.34521,33.91467,1048.69655,-2.36525,52.74393,8.501476331,3.167023621,0
19.73058,26.35708,33.84885,1044.554,-2.44045,52.75246,8.512887678,3.171274648,0
19.73904,26.3689,33.78125,1040.42353,-2.51505,52.76099,8.526381733,3.176301538,0
19.74746,26.38067,33.71189,1036.30383,-2.58885,52.76952,8.541905282,3.182084468,0
19.75585,26.3924,33.64083,1032.19355,-2.6617,52.77805,8.559400082,3.188601742,0
19.7642,26.40409,33.56811,1028.09135,-2.73342,52.78657,8.578802884,3.195829796,0
19.77252,26.41573,33.49376,1023.99587,-2.80384,52.79509,8.600045463,3.203743216,0
19.7808,26.42732,33.41785,1019.90576,-2.8728,52.80361,8.62305465,3.212314744,0
19.78904,26.43887,33.34043,1015.81964,-2.94014,52.81213,8.647752384,3.221515299,0
19.79725,26.45037,33.26156,1011.73618,-3.00571,52.82064,8.674055766,3.231314001,0
19.80543,26.46183,33.1813,1007.65403,-3.06935,52.82914,8.701877133,3.241678192,0
19.81357,26.47324,33.09972,1003.57186,-3.13094,52.83764,8.731124152,3.252573476,0
19.82168,26.48461,33.01689,999.48836,-3.19033,52.84614,8.76169993,3.263963758,0
0.04533,0.04533,50.84437,4785.96781,-0.30716,45.00009,16.3692846,6.097989215,0
0.09058,0.09058,50.81802,4776.87189,-0.11373,45.00019,16.36768842,6.097394597,0
0.13574,0.13574,50.81588,4767.74363,0.07926,45.0003,16.31014315,6.075957469,0
0.18082,0.18082,50.83772,4758.61422,0.27083,45.00044,16.19792221,6.034152218,0
0.2258,0.22581,50.88323,4749.51415,0.46,45.00058,16.03310701,5.972754216,0
0.2707,0.27071,50.95195,4740.47278,0.64584,45.00075,15.81851207,5.892811958,0
0.31551,0.31552,51.04332,4731.51796,0.82746,45.00093,15.55758957,5.795611461,0
0.36024,0.36025,51.1567,4722.67565,1.00404,45.00112,15.25431831,5.682634936,0
0.40488,0.40489,51.29133,4713.9697,1.17483,45.00133,14.91308318,5.555515872,0
0.44943,0.44945,51.44637,4705.42157,1.33917,45.00157,14.5385509,5.415992742,0
0.4939,0.49392,51.62092,4697.05024,1.49645,45.00182,14.13554742,5.265863342,0
0.53829,0.53831,51.81403,4688.87212,1.64619,45.00208,13.70894194,5.106941577,0
0.58259,0.58262,52.02468,4680.90102,1.78796,45.00238,13.26354135,4.941018139,0
0.62677,0.6269,52.25009,4673.15118,1.89344,45.11521,12.80710225,4.770982564,27.99999952
0.67079,0.67118,52.48757,4665.63199,1.99145,45.22429,12.3465715,4.59942274,27.99999952
0.71466,0.71548,52.73617,4658.34675,2.08192,45.32958,11.88513204,4.427524402,27.99999952
0.75837,0.75978,52.99495,4651.29707,2.16486,45.43108,11.42567432,4.256364312,27.99999952
0.80194,0.80408,53.26297,4644.48299,2.24028,45.5288,10.97077187,4.08690118,27.99999952
0.84536,0.84839,53.53931,4637.90324,2.30827,45.62276,10.5226798,3.919975093,27.99999952
0.88865,0.89271,53.82306,4631.55531,2.36894,45.71302,10.08334047,3.756309636,27.99999952
0.93181,0.93703,54.11334,4625.43568,2.42242,45.79966,9.654395101,3.596516197,27.99999952
0.97484,0.98135,54.40928,4619.53996,2.46888,45.88274,9.237199802,3.441099972,27.99999952
1.01776,1.02568,54.71005,4613.863,2.50851,45.96238,8.832845058,3.29046719,27.99999952
1.06056,1.07001,55.01483,4608.39909,2.54151,46.03867,8.442177338,3.144933185,27.99999952
1.10324,1.11434,55.32285,4603.14205,2.56811,46.11172,8.06582199,3.004730916,27.99999952
1.14583,1.15867,55.63335,4598.08534,2.58853,46.18166,7.704206582,2.870019662,27.99999952
1.18831,1.203,55.9456,4593.22217,2.60301,46.2486,7.35758403,2.740893641,27.99999952
1.23069,1.24733,56.25893,4588.54561,2.61179,46.31267,7.026055007,2.617390357,27.99999952
1.27298,1.29166,56.57267,4584.04864,2.61511,46.37399,6.709589236,2.49949853,27.99999952
1.31518,1.336,56.88619,4579.72421,2.61321,46.43268,6.408045413,2.387165522,27.99999952
1.3573,1.38033,57.19889,4575.56533,2.60634,46.48888,6.121189555,2.280304168,27.99999952
1.39933,1.42466,57.5102,4571.56512,2.59472,46.5427,5.848711715,2.178799003,27.99999952
1.44129,1.46899,57.81959,4567.71679,2.57859,46.59426,5.590240997,2.08251186,27.99999952
1.48317,1.51333,58.12654,4564.01375,2.55819,46.64368,5.345358924,1.991286844,27.99999952
1.52498,1.55766,58.43056,4560.44958,2.53371,46.69108,5.113611194,1.904954717,27.99999952
1.56672,1.60199,58.7312,4557.01807,2.50539,46.73655,4.89451792,1.823336708,27.99999952
1.60839,1.64632,59.02803,4553.71324,2.47341,46.78022,4.687582467,1.746247807,27.99999952
1.65,1.69065,59.32063,4550.52931,2.43799,46.82218,4.492298976,1.673499568,27.99999952
1.69155,1.73498,59.60862,4547.46077,2.3993,46.86254,4.308158725,1.604902479,27.99999952
1.73304,1.77931,59.89163,4544.50233,2.35754,46.90137,4.134655423,1.540267934,27.99999952
1.77448,1.82364,60.16932,4541.64894,2.31286,46.93878,3.971289572,1.479409857,27.99999952
1.81585,1.86797,60.44137,4538.89578,2.26544,46.97485,3.817571997,1.422146015,27.99999952
1.85718,1.91229,60.70748,4536.23826,2.21544,47.00966,3.673026655,1.368299072,27.99999952
1.89846,1.95662,60.96735,4533.67201,2.163,47.04329,3.53719282,1.317697394,27.99999952
1.93969,2.00095,61.22073,4531.19289,2.10827,47.07581,3.40962673,1.27017567,27.99999952
1.98087,2.04528,61.46735,4528.79695,2.05138,47.10729,3.289902784,1.225575349,27.99999952
2.022,2.08961,61.70699,4526.48045,1.99246,47.13781,3.177614344,1.183744951,27.99999952
2.06309,2.13394,61.93941,4524.23984,1.93163,47.16742,3.072374228,1.144540239,27.99999952
2.10414,2.17827,62.16442,4522.07174,1.86901,47.19618,2.973814927,1.107824306,27.99999952
2.14515,2.2226,62.38181,4519.97296,1.80471,47.22415,2.881588616,1.073467579,27.99999952
2.18612,2.26693,62.5914,4517.94046,1.73884,47.25139,2.795366983,1.041347752,27.99999952
2.22704,2.31126,62.79302,4515.97135,1.67148,47.27794,2.714840927,1.011349677,27.99999952
2.26794,2.35559,62.98652,4514.06289,1.60274,47.30386,2.639720145,0.983365209,27.99999952
2.30879,2.39993,63.17174,4512.21246,1.53271,47.32919,2.569732643,0.957293023,27.99999952
2.34961,2.44426,63.34855,4510.4176,1.46147,47.35398,2.50462419,0.933038411,27.99999952
2.39039,2.4886,63.51681,4508.67592,1.3891,47.37826,2.444157734,0.910513066,27.99999952
2.43114,2.53294,63.67641,4506.98517,1.31568,47.40208,2.388112793,0.88963485,27.99999952
2.47186,2.57728,63.82723,4505.34319,1.24129,47.42548,2.336284841,0.870327574,27.99999952
2.51254,2.62163,63.96917,4503.74791,1.16599,47.44849,2.288484693,0.852520762,27.99999952
2.5532,2.66597,64.10214,4502.19735,1.08985,47.47114,2.244537905,0.836149427,27.99999952
2.59382,2.71032,64.22605,4500.68959,1.01294,47.49348,2.204284184,0.821153857,27.99999952
2.63441,2.75467,64.34081,4499.22282,0.93532,47.51553,2.167576829,0.807479401,27.99999952
2.67497,2.79903,64.44635,4497.79524,0.85705,47.53733,2.134282196,0.795076274,27.99999952
2.71551,2.84338,64.54262,4496.40514,0.77818,47.5589,2.104279196,0.783899367,27.99999952
2.75601,2.88774,64.62954,4495.05086,0.69877,47.58027,2.077458824,0.773908073,27.99999952
2.79648,2.93211,64.70706,4493.73077,0.61888,47.60147,2.053723729,0.765066126,27.99999952
2.83693,2.97648,64.77514,4492.44329,0.53856,47.62253,2.032987819,0.757341454,27.99999952
2.87735,3.02085,64.83373,4491.18687,0.45786,47.64347,2.015175903,0.750706046,27.99999952
2.91775,3.06522,64.88279,4489.95997,0.37683,47.66432,2.000223376,0.745135837,27.99999952
2.95811,3.10961,64.92231,4488.76109,0.29551,47.68511,1.988075942,0.740610598,27.99999952
2.99845,3.15399,64.95224,4487.58874,0.21396,47.70586,1.978689376,0.737113855,27.99999952
3.03876,3.19838,64.97258,4486.44145,0.13223,47.72659,1.972029329,0.734632812,27.99999952
3.07905,3.24278,64.9833,4485.31773,0.05035,47.74734,1.96807117,0.733158294,27.99999952
3.11931,3.28718,64.9844,4484.21611,-0.03162,47.76811,1.96679987,0.732684701,27.99999952
3.15955,3.33158,64.97588,4483.13511,-0.11363,47.78894,1.968209925,0.733209984,27.99999952
3.19975,3.37599,64.95773,4482.07324,-0.19565,47.80986,1.972305319,0.734735626,27.99999952
3.23994,3.42041,64.92996,4481.02898,-0.27762,47.83088,1.979099524,0.737266646,27.99999952
3.28009,3.46483,64.8926,4480.00081,-0.35951,47.85203,1.988615545,0.740811614,27.99999952
3.32023,3.50927,64.84564,4478.98716,-0.44125,47.87333,2.000885994,0.745382679,27.99999952
3.36033,3.5537,64.78912,4477.98646,-0.52281,47.89481,2.015953209,0.750995613,27.99999952
3.40041,3.59815,64.72307,4476.99706,-0.60413,47.9165,2.033869409,0.757669869,27.99999952
3.44047,3.6426,64.64752,4476.01729,-0.68517,47.93842,2.054696886,0.765428652,27.99999952
3.4805,3.68706,64.56251,4475.04544,-0.76588,47.9606,2.078508228,0.774299004,27.99999952
3.5205,3.73152,64.46809,4474.07973,-0.8462,47.98306,2.105386583,0.784311898,27.99999952
3.56047,3.776,64.3643,4473.1183,-0.92609,48.00583,2.135425953,0.795502354,27.99999952
3.60042,3.82048,64.25122,4472.15925,-1.00548,48.02895,2.168731521,0.807909554,27.99999952
3.64035,3.86497,64.12889,4471.2006,-1.08432,48.05244,2.205420003,0.821576979,27.99999952
3.68024,3.90947,63.99741,4470.24027,-1.16255,48.07633,2.245620032,0.836552548,27.99999952
3.72011,3.95398,63.85683,4469.2761,-1.24012,48.10065,2.289472565,0.85288877,27.99999952
3.75995,3.99849,63.70726,4468.30584,-1.31695,48.12545,2.337131298,0.870642902,27.99999952
3.79976,4.04302,63.54878,4467.32712,-1.39298,48.15075,2.388763113,0.889877112,27.99999952
3.83954,4.08756,63.38149,4466.33746,-1.46815,48.17659,2.444548515,0.910658642,27.99999952
3.8793,4.1321,63.20552,4465.33427,-1.54238,48.20302,2.504682078,0.933059976,27.99999952
3.91902,4.17666,63.02096,4464.31482,-1.6156,48.23006,2.56937288,0.957159002,27.99999952
3.95871,4.22123,62.82796,4463.27623,-1.68772,48.25777,2.638844911,0.983039162,27.99999952
3.99837,4.26581,62.62665,4462.21548,-1.75867,48.28618,2.713337458,1.010789595,27.99999952
4.038,4.3104,62.41718,4461.12939,-1.82836,48.31535,2.79310543,1.040505264,27.99999952
4.0776,4.355,62.19971,4460.01462,-1.89669,48.34533,2.878419618,1.072287044,27.99999952
4.11716,4.39961,61.9744,4458.86763,-1.96357,48.37616,2.969566868,1.106241792,27.99999952
4.15669,4.44424,61.74143,4457.6847,-2.02891,48.4079,3.066850135,1.142482369,27.99999952
4.19618,4.48887,61.50101,4456.46192,-2.09258,48.44061,3.170588396,1.181127601,27.99999952
4.23564,4.53352,61.25333,4455.19517,-2.15449,48.47434,3.281116386,1.222302185,27.99999952
4.27505,4.57819,60.99861,4453.88008,-2.21452,48.50917,3.398784115,1.26613651,27.99999952
4.31443,4.62286,60.7371,4452.51208,-2.27253,48.54516,3.523956134,1.312766381,27.99999952
4.35377,4.66755,60.46904,4451.08636,-2.32841,48.58238,3.657010488,1.362332628,27.99999952
4.39306,4.71225,60.19469,4449.59785,-2.38201,48.6209,3.798337311,1.414980589,27.99999952
4.43231,4.75697,59.91433,4448.04122,-2.43319,48.66081,3.948337008,1.470859422,27.99999952
4.47152,4.8017,59.62827,4446.41089,-2.48181,48.70218,4.10741794,1.530121255,27.99999952
4.51068,4.84645,59.33682,4444.70101,-2.5277,48.7451,4.275993567,1.592920112,27.99999952
4.54979,4.89121,59.04032,4442.90544,-2.5707,48.78965,4.454478957,1.659410616,27.99999952
4.58885,4.93599,58.73912,4441.0178,-2.61063,48.83595,4.643286588,1.729746426,27.99999952
4.62785,4.98079,58.43361,4439.03139,-2.64733,48.88407,4.842821363,1.80407838,27.99999952
4.6668,5.0256,58.12417,4436.93929,-2.6806,48.93412,5.053474765,1.882552315,27.99999952
4.70569,5.07042,57.81123,4434.73429,-2.71026,48.98622,5.275618059,1.965306537,27.99999952
4.74452,5.11527,57.49523,4432.40894,-2.73609,49.04046,5.509594496,2.052468916,27.99999952
4.78329,5.16013,57.17663,4429.95554,-2.75791,49.09695,5.755710428,2.144153576,27.99999952
4.822,5.20501,56.85594,4427.3662,-2.77549,49.15582,6.014225329,2.240457179,27.99999952
4.86063,5.2499,56.53366,4424.63284,-2.78862,49.21719,6.285340662,2.341454774,27.99999952
4.89919,5.29482,56.21033,4421.74723,-2.79709,49.28116,6.569187642,2.447195242,27.99999952
4.93768,5.33975,55.88652,4418.70104,-2.80068,49.34787,6.86581391,2.557696332,27.99999952
4.97609,5.3847,55.56282,4415.48586,-2.79916,49.41743,7.175169241,2.672939332,27.99999952
5.01441,5.42968,55.23984,4412.09332,-2.79231,49.48997,7.497090415,2.79286344,27.99999952
5.05265,5.47467,54.91822,4408.51509,-2.77992,49.5656,7.831285494,2.9173599,27.99999952
5.09081,5.51968,54.59862,4404.74301,-2.76178,49.64444,8.177317773,3.046266029,27.99999952
5.12886,5.56471,54.28174,4400.76912,-2.73768,49.72662,8.534589797,3.179359258,27.99999952
5.16682,5.60976,53.96828,4396.58585,-2.70742,49.81222,8.902327901,3.316351378,27.99999952
5.20468,5.65483,53.65896,4392.186,-2.67084,49.90136,9.279567805,3.456883167,27.99999952
5.24243,5.69992,53.35453,4387.56298,-2.62775,49.99413,9.665141913,3.600519668,27.99999952
5.28006,5.74503,53.05574,4382.71083,-2.57804,50.09061,10.05766901,3.746746339,27.99999952
5.31758,5.79016,52.76338,4377.62442,-2.52156,50.19086,10.4555471,3.894966398,27.99999952
5.35498,5.83532,52.47822,4372.29952,-2.45824,50.29494,10.85695023,4.044499625,27.99999952
5.39226,5.88049,52.20104,4366.73299,-2.38802,50.40289,11.25982999,4.194582935,27.99999952
5.4294,5.92568,51.93264,4360.92288,-2.31088,50.51472,11.66192254,4.344372988,27.99999952
5.46641,5.97089,51.67379,4354.86854,-2.22683,50.63042,12.06076174,4.492951086,27.99999952
5.50327,6.01612,51.42526,4348.57079,-2.13594,50.74998,12.45369898,4.639330548,27.99999952
5.53999,6.06137,51.18781,4342.03198,-2.03832,50.87334,12.83792988,4.782466666,27.99999952
5.57656,6.10664,50.96219,4335.25609,-1.93412,51.00041,13.21052803,4.921269283,27.99999952
5.61297,6.15193,50.7491,4328.24881,-1.82355,51.13111,13.56848556,5.054617881,27.99999952
5.64922,6.19723,50.54922,4321.01761,-1.70688,51.26528,13.90875977,5.181378975,27.99999952
5.68531,6.24255,50.36319,4313.57168,-1.58442,51.40277,14.22832509,5.300425467,27.99999952
5.72122,6.28788,50.1916,4305.92201,-1.45654,51.54338,14.52422903,5.410657471,27.99999952
5.75697,6.33323,50.03501,4298.08129,-1.32366,51.68691,14.79365042,5.511024027,27.99999952
5.79253,6.37859,49.89389,4290.06385,-1.18626,51.83309,15.03395823,5.600545006,27.99999952
5.82792,6.42397,49.76869,4281.88555,-1.04485,51.98167,15.24276881,5.678332443,27.99999952
5.86312,6.46935,49.65976,4273.56365,-0.89999,52.13235,15.41799955,5.743610504,27.99999952
5.89814,6.51475,49.5674,4265.11659,-0.75227,52.28481,15.55791671,5.795733327,27.99999952
5.93296,6.56015,49.49183,4256.56387,-0.60234,52.43873,15.66117564,5.834199996,27.99999952
5.9676,6.60556,49.4332,4247.92576,-0.45083,52.59375,15.7268517,5.858666057,27.99999952
6.00205,6.65098,49.39157,4239.2231,-0.29841,52.74954,15.75446056,5.868951083,27.99999952
6.0363,6.6964,49.36695,4230.47705,-0.14577,52.90573,15.74396716,5.865042016,27.99999952
6.07036,6.74182,49.35924,4221.70884,0.00643,53.06197,15.695783,5.847092147,27.99999952
6.10422,6.78724,49.3683,4212.93949,0.15751,53.21789,15.61075196,5.815415849,27.99999952
6.13789,6.83267,49.3939,4204.18965,0.30681,53.37315,15.49012552,5.770479327,27.99999952
6.17137,6.87809,49.43573,4195.47929,0.45369,53.52742,15.33552838,5.712887825,27.99999952
6.20466,6.92351,49.49343,4186.82756,0.59757,53.68037,15.1489162,5.643369875,27.99999952
6.23776,6.96893,49.56657,4178.25257,0.73785,53.83169,14.93252715,5.562759263,27.99999952
6.27067,7.01435,49.65468,4169.77125,0.87401,53.9811,14.6888294,5.471975437,27.99999952
6.30339,7.05975,49.7572,4161.39925,1.00556,54.12834,14.42046627,5.372003109,27.99999952
6.33594,7.10515,49.87357,4153.15081,1.13206,54.27317,14.13020124,5.26387175,27.99999952
6.3683,7.15055,50.00315,4145.0387,1.25311,54.41537,13.82086443,5.148635651,27.99999952
6.40049,7.19593,50.14529,4137.07423,1.36838,54.55477,13.49530204,5.027355094,27.99999952
6.43251,7.24131,50.2993,4129.26718,1.47755,54.6912,13.15633007,4.901079114,27.99999952
6.46436,7.28667,50.46447,4121.62583,1.5804,54.82452,12.8066932,4.770830183,27.99999952
6.49604,7.33203,50.64007,4114.15705,1.67673,54.95464,12.4490295,4.637591043,27.99999952
6.52757,7.37737,50.82537,4106.86628,1.76639,55.08146,12.08584115,4.502293827,27.99999952
6.55894,7.42271,51.0196,4099.75765,1.84928,55.20493,11.71947142,4.365811462,27.99999952
6.59015,7.46803,51.22202,4092.83406,1.92534,55.32501,11.35208757,4.228951312,27.99999952
6.62122,7.51334,51.43187,4086.09723,1.99455,55.44168,10.98566943,4.092450914,27.99999952
6.65215,7.55864,51.64841,4079.54787,2.05692,55.55494,10.62200309,3.956975631,27.99999952
6.68294,7.60393,51.8709,4073.1857,2.11249,55.66482,10.26267911,3.823117998,27.99999952
6.71359,7.64921,52.0986,4067.00961,2.16135,55.77135,9.909094773,3.691398527,27.99999952
6.74412,7.69448,52.33081,4061.01774,2.2036,55.87458,9.562459409,3.562267733,27.99999952
6.77451,7.73973,52.56682,4055.20756,2.23936,55.97456,9.223802513,3.436109129,27.99999952
6.80479,7.78497,52.80595,4049.57599,2.26876,56.07138,8.893983769,3.313242969,27.99999952
6.83495,7.83021,53.04753,4044.11948,2.29198,56.1651,8.573704566,3.193930539,27.99999952
6.86499,7.87543,53.29093,4038.83409,2.30917,56.25582,8.263520456,3.078378796,27.99999952
6.89493,7.92064,53.53552,4033.71554,2.32053,56.34362,7.963854135,2.966745207,27.99999952
6.92476,7.96584,53.78071,4028.75932,2.32624,56.4286,7.675008585,2.859142639,27.99999952
6.95448,8.01103,54.02591,4023.96072,2.32649,56.51087,7.397180061,2.755644204,27.99999952
6.98411,8.05621,54.27057,4019.31492,2.32149,56.59052,7.130470704,2.656287951,27.99999952
7.01364,8.10138,54.51416,4014.81698,2.31144,56.66766,6.874900588,2.561081359,27.99999952
7.04308,8.14654,54.75618,4010.46195,2.29655,56.74239,6.630419063,2.470005558,27.99999952
7.07243,8.1917,54.99612,4006.24485,2.277,56.81482,6.396915319,2.383019269,27.99999952
7.10169,8.23685,55.23354,4002.16074,2.25301,56.88504,6.174228112,2.300062425,27.99999952
7.13086,8.28198,55.46798,3998.20473,2.22478,56.95316,5.962154618,2.221059469,27.99999952
7.15996,8.32712,55.69903,3994.372,2.19249,57.01929,5.760458438,2.145922335,27.99999952
7.18898,8.37224,55.92629,3990.65781,2.15634,57.08351,5.568876758,2.074553118,27.99999952
7.21792,8.41736,56.14937,3987.05755,2.11651,57.14593,5.387126704,2.006846441,27.99999952
7.24679,8.46247,56.36792,3983.56671,2.07319,57.20664,5.214910931,1.942691534,27.99999952
7.27558,8.50757,56.58159,3980.1809,2.02656,57.26572,5.051922516,1.881974061,27.99999952
7.30431,8.55267,56.79006,3976.89587,1.97677,57.32328,4.897849177,1.824577689,27.99999952
7.33296,8.59777,56.99303,3973.70749,1.92401,57.37938,4.752376913,1.770385443,27.99999952
7.36156,8.64286,57.19021,3970.61177,1.86842,57.43413,4.615193086,1.719280858,27.99999952
7.39008,8.68794,57.38132,3967.60487,1.81017,57.48759,4.485989035,1.671148949,27.99999952
7.41855,8.73302,57.56611,3964.68305,1.74939,57.53984,4.364462243,1.625877022,27.99999952
7.44695,8.7781,57.74434,3961.84274,1.68625,57.59096,4.250318132,1.583355337,27.99999952
7.4753,8.82318,57.91579,3959.08045,1.62087,57.64101,4.143271523,1.543477658,27.99999952
7.50359,8.86825,58.08023,3956.39285,1.55339,57.69007,4.043047799,1.506141684,27.99999952
7.53182,8.91332,58.23748,3953.77671,1.48393,57.73821,3.949383829,1.471249391,27.99999952
7.56001,8.95837,58.38785,3951.22772,1.42256,57.74561,3.861747261,1.438602464,0
7.58817,9.0034,58.53169,3948.74189,1.35923,57.75303,3.779648211,1.408018407,0
7.61632,9.04842,58.6688,3946.31666,1.29407,57.76049,3.702907516,1.379430479,0
7.64444,9.09341,58.799,3943.94953,1.22719,57.76799,3.631352267,1.352774266,0
7.67254,9.13838,58.92215,3941.63808,1.15869,57.77551,3.564817535,1.327988328,0
7.70061,9.18334,59.03807,3939.37992,1.0887,57.78307,3.503146853,1.305014376,0
7.72867,9.22827,59.14665,3937.17275,1.01731,57.79066,3.446192581,1.283797411,0
7.7567,9.27319,59.24774,3935.01431,0.94462,57.79829,3.393816194,1.264285829,0
7.78472,9.31809,59.34123,3932.90239,0.87074,57.80595,3.34588849,1.246431498,0
7.81271,9.36297,59.42701,3930.83483,0.79576,57.81365,3.302289735,1.230189815,0
7.84068,9.40784,59.50497,3928.8095,0.71978,57.82137,3.262909759,1.215519737,0
7.86863,9.45269,59.57504,3926.82431,0.64288,57.82914,3.227648016,1.20238381,0
7.89656,9.49752,59.63713,3924.87721,0.56516,57.83694,3.196413605,1.190748171,0
7.92448,9.54234,59.69116,3922.96617,0.48671,57.84477,3.169125271,1.180582548,0
7.95237,9.58715,59.73708,3921.08917,0.40761,57.85264,3.145711383,1.171860259,0
7.98024,9.63194,59.77483,3919.24422,0.32794,57.86054,3.126109906,1.164558193,0
8.0081,9.67672,59.80436,3917.42933,0.2478,57.86848,3.11026836,1.1586568,0
8.03593,9.72148,59.82564,3915.64253,0.16726,57.87645,3.098143774,1.154140073,0
8.06375,9.76623,59.83865,3913.88184,0.08641,57.88446,3.08970264,1.150995528,0
8.09155,9.81097,59.84335,3912.14528,0.00533,57.8925,3.084920868,1.149214192,0
8.11933,9.8557,59.83973,3910.43085,-0.07591,57.90058,3.08378374,1.148790582,0
8.14709,9.90041,59.8278,3908.73654,-0.15721,57.90869,3.086285872,1.149722692,0
8.17483,9.94511,59.80756,3907.06034,-0.23851,57.91684,3.092431175,1.152011979,0
8.20256,9.9898,59.77902,3905.40019,-0.31972,57.92502,3.10223282,1.15566335,0
8.23026,10.03448,59.74219,3903.754,-0.40075,57.93324,3.11571321,1.16068515,0
8.25795,10.07914,59.69712,3902.11966,-0.48152,57.94149,3.132903944,1.167089151,0
8.28562,10.1238,59.64383,3900.49502,-0.56196,57.94978,3.15384579,1.174890539,0
8.31328,10.16844,59.58237,3898.87786,-0.64198,57.9581,3.178588647,1.184107905,0
8.34091,10.21307,59.51279,3897.26594,-0.72149,57.96646,3.207191506,1.194763222,0
8.36853,10.25769,59.43516,3895.65693,-0.80041,57.97485,3.239722394,1.206881834,0
8.39612,10.30229,59.34956,3894.04846,-0.87865,57.98327,3.276258306,1.220492423,0
8.4237,10.34689,59.25605,3892.43809,-0.95612,57.99173,3.316885118,1.235626979,0
8.45127,10.39147,59.15473,3890.82331,-1.03273,58.00023,3.361697466,1.252320758,0
8.47881,10.43605,59.0457,3889.20151,-1.10838,58.00876,3.410798598,1.270612221,0
8.50634,10.48061,58.92908,3887.57002,-1.18298,58.01732,3.464300173,1.290542966,0
8.53384,10.52516,58.80497,3885.92607,-1.25643,58.02592,3.52232202,1.31215763,0
8.56133,10.56969,58.6735,3884.26679,-1.32862,58.03455,3.584991818,1.335503779,0
8.5888,10.61422,58.53482,3882.58923,-1.39946,58.04321,3.652444714,1.360631758,0
8.61625,10.65873,58.38908,3880.89032,-1.46884,58.05191,3.724822846,1.387594516,0
8.64369,10.70323,58.23644,3879.16688,-1.53664,58.06064,3.802274764,1.416447394,0
8.6711,10.74772,58.07707,3877.41563,-1.60275,58.0694,3.884954734,1.447247858,0
8.69849,10.7922,57.91115,3875.63316,-1.66706,58.0782,3.973021902,1.480055195,0
8.72587,10.83666,57.73889,3873.81595,-1.72944,58.08703,4.066639314,1.514930144,0
8.75322,10.88111,57.56049,3871.96034,-1.78976,58.09589,4.165972746,1.551934461,0
8.78055,10.92554,57.37618,3870.06257,-1.84791,58.10478,4.271189358,1.591130418,0
8.80787,10.96996,57.18619,3868.11874,-1.90374,58.1137,4.38245612,1.632580214,0
8.83516,11.01436,56.99076,3866.12482,-1.95712,58.12265,4.499938007,1.676345308,0
8.86243,11.05875,56.79017,3864.07665,-2.00792,58.13163,4.623795931,1.722485644,0
8.88968,11.10312,56.58469,3861.96997,-2.05598,58.14065,4.754184394,1.771058777,0
8.91691,11.14748,56.37462,3859.80038,-2.10116,58.14969,4.891248847,1.822118892,0
8.94412,11.19182,56.16025,3857.56336,-2.14331,58.15876,5.035122717,1.875715694,0
8.9713,11.23614,55.94192,3855.25429,-2.18228,58.16786,5.185924116,1.931893183,0
8.99846,11.28044,55.71996,3852.86845,-2.21791,58.17699,5.34375219,1.990688293,0
9.0256,11.32472,55.49472,3850.40103,-2.25004,58.18614,5.508683134,2.052129409,0
9.05271,11.36898,55.26658,3847.84715,-2.27851,58.19532,5.680765844,2.116234747,0
9.07979,11.41322,55.03591,3845.20186,-2.30317,58.20453,5.860017246,2.183010611,0
9.10686,11.45743,54.80313,3842.46017,-2.32384,58.21376,6.046417296,2.252449534,0
9.13389,11.50163,54.56865,3839.61708,-2.34037,58.22302,6.239903707,2.324528313,0
9.1609,11.5458,54.3329,3836.66759,-2.35261,58.2323,6.440366438,2.399205954,0
9.18788,11.58994,54.09632,3833.60675,-2.36038,58.2416,6.647642018,2.476421562,0
9.21483,11.63406,53.85934,3830.42979,-2.36467,58.26941,6.861562796,2.55611268,6.999999881
9.24173,11.67817,53.62236,3827.13202,-2.36423,58.29785,7.081904301,2.638195688,6.999999881
9.26859,11.72225,53.38587,3823.70872,-2.35892,58.32694,7.308322642,2.722542478,6.999999881
9.2954,11.76631,53.15038,3820.15538,-2.3486,58.35669,7.540398407,2.808996807,6.999999881
9.32217,11.81035,52.9164,3816.46768,-2.33315,58.38714,7.777631927,2.897372535,6.999999881
9.34889,11.85436,52.68446,3812.64158,-2.31245,58.41828,8.019438842,2.987451973,6.999999881
9.37555,11.89836,52.45508,3808.67338,-2.2864,58.45013,8.265146477,3.078984532,6.999999881
9.40217,11.94232,52.2288,3804.55973,-2.25492,58.4827,8.513991219,3.171685746,6.999999881
9.42873,11.98626,52.00618,3800.29774,-2.21792,58.51601,8.76511712,3.265236751,6.999999881
9.45524,12.03017,51.78777,3795.88499,-2.17537,58.55006,9.017575953,3.359284309,6.999999881
9.4817,12.07405,51.57411,3791.31961,-2.12724,58.58484,9.270328925,3.453441442,6.999999881
9.50809,12.1179,51.36576,3786.60034,-2.07352,58.62037,9.522250252,3.547288764,6.999999881
9.53443,12.16172,51.16327,3781.72655,-2.01422,58.65664,9.772132757,3.640376572,6.999999881
9.56071,12.20551,50.96719,3776.69833,-1.94941,58.69365,10.01869562,3.732227726,6.999999881
9.58693,12.24926,50.77803,3771.51652,-1.87915,58.73138,10.26059436,3.822341373,6.999999881
9.61308,12.29297,50.59634,3766.18275,-1.80355,58.76983,10.49643307,3.910197497,6.999999881
9.63917,12.33664,50.4226,3760.69947,-1.72276,58.80897,10.72477878,3.995262283,6.999999881
9.66519,12.38027,50.25732,3755.06996,-1.63694,58.84879,10.94417794,4.07699424,6.999999881
9.69114,12.42387,50.10095,3749.2984,-1.5463,58.88926,11.1531746,4.154850995,6.999999881
9.71703,12.46742,49.95394,3743.38979,-1.45108,58.93035,11.35033018,4.228296639,6.999999881
9.74284,12.51092,49.8167,3737.35002,-1.35155,58.97203,11.53424429,4.296809483,6.999999881
9.76859,12.55438,49.68961,3731.18582,-1.24801,59.01426,11.70357611,4.359890041,6.999999881
9.79426,12.59779,49.57301,3724.9047,-1.1408,59.05701,11.85706593,4.417069038,6.999999881
9.81985,12.64116,49.46722,3718.51496,-1.03027,59.10022,11.99355615,4.467915234,6.999999881
9.84537,12.68447,49.37251,3712.02561,-0.91683,59.14385,12.11201117,4.512042845,6.999999881
9.87081,12.72773,49.2891,3705.44628,-0.80088,59.18785,12.21153562,4.549118323,6.999999881
9.89618,12.77094,49.21718,3698.78719,-0.68285,59.23217,12.29139034,4.578866306,6.999999881
9.92147,12.8141,49.1569,3692.05903,-0.56321,59.27675,12.35100553,4.601074536,6.999999881
9.94668,12.8572,49.10833,3685.27286,-0.44241,59.32154,12.38999087,4.615597601,6.999999881
9.97181,12.90025,49.07154,3678.44005,-0.32092,59.36647,12.40814199,4.622359369,6.999999881
9.99686,12.94324,49.04651,3671.57214,-0.19924,59.41149,12.40544335,4.621354054,6.999999881
10.02183,12.98618,49.03321,3664.68075,-0.07783,59.45654,12.38206733,4.612645874,6.999999881
10.04672,13.02905,49.03154,3657.77747,0.04282,59.50156,12.33836966,4.596367341,6.999999881
10.07153,13.07187,49.04136,3650.87376,0.16225,59.5465,12.27488125,4.572716236,6.999999881
10.09626,13.11463,49.06249,3643.98088,0.27999,59.59129,12.19229689,4.541951392,6.999999881
10.12091,13.15733,49.0947,3637.10974,0.39561,59.63589,12.09146117,4.50438743,6.999999881
10.14549,13.19998,49.13773,3630.27087,0.50868,59.68023,11.97335193,4.460388632,6.999999881
10.16998,13.24256,49.19128,3623.47431,0.6188,59.72428,11.83906212,4.410362142,6.999999881
10.19439,13.28509,49.25501,3616.72959,0.72559,59.76798,11.68978022,4.35475071,6.999999881
10.21873,13.32756,49.32856,3610.0456,0.8287,59.8113,11.52677019,4.294025184,6.999999881
10.24299,13.36997,49.41151,3603.43064,0.92782,59.85419,11.35135111,4.228676959,6.999999881
10.26717,13.41232,49.50346,3596.89231,1.02264,59.89662,11.16487733,4.159210569,6.999999881
10.29128,13.45462,49.60395,3590.43754,1.11292,59.93855,10.9687194,4.086136582,6.999999881
10.31531,13.49686,49.71251,3584.07252,1.19841,59.97996,10.76424625,4.009964952,6.999999881
10.33927,13.53904,49.82866,3577.80277,1.27893,60.02082,10.55280879,3.931198934,6.999999881
10.36316,13.58117,49.95191,3571.63309,1.3543,60.06111,10.33572538,3.850329653,6.999999881
10.38697,13.62325,50.08174,3565.5676,1.42439,60.10081,10.11426913,3.767831375,6.999999881
10.41072,13.66527,50.21763,3559.60975,1.4891,60.13992,9.889657201,3.68415752,6.999999881
10.4344,13.70724,50.35907,3553.76237,1.54834,60.17842,9.663042059,3.599737417,6.999999881
10.45801,13.74916,50.50553,3548.02764,1.60207,60.2163,9.435504749,3.514973782,6.999999881
10.48156,13.79102,50.65648,3542.40721,1.65026,60.25356,9.208049969,3.430240892,6.999999881
10.50504,13.83284,50.8114,3536.90217,1.6929,60.2902,8.981602897,3.345883399,6.999999881
10.52846,13.87461,50.96977,3531.51312,1.73002,60.32623,8.757007588,3.262215737,6.999999881
10.55181,13.91634,51.13108,3526.2402,1.76165,60.36164,8.535026776,3.179522044,6.999999881
10.57511,13.95802,51.29481,3521.08315,1.78786,60.39645,8.316342882,3.09805654,6.999999881
10.59834,13.99965,51.46048,3516.0413,1.80871,60.43066,8.10156007,3.018044291,6.999999881
10.62152,14.04124,51.62758,3511.11367,1.8243,60.46428,7.891207134,2.939682287,6.999999881
10.64464,14.08279,51.79564,3506.29897,1.83472,60.49732,7.685741075,2.863140774,6.999999881
10.66771,14.1243,51.9642,3501.59566,1.84009,60.52981,7.485551185,2.788564773,6.999999881
10.69072,14.16577,52.1328,3497.00195,1.84054,60.56174,7.290963505,2.716075742,6.999999881
10.71368,14.20719,52.30101,3492.51587,1.83618,60.59315,7.102245508,2.645773323,6.999999881
10.73659,14.24859,52.46839,3488.13526,1.82716,60.62404,6.91961092,2.577737134,6.999999881
10.75944,14.28994,52.63453,3483.85785,1.81362,60.65443,6.743224556,2.512028572,6.999999881
10.78225,14.33126,52.79903,3479.68123,1.7957,60.68434,6.573207105,2.448692598,6.999999881
10.80501,14.37254,52.96152,3475.6029,1.77356,60.71379,6.409639789,2.387759469,6.999999881
10.82772,14.41379,53.12162,3471.62029,1.74735,60.74279,6.252568856,2.329246414,6.999999881
10.85039,14.45501,53.27897,3467.73078,1.71722,60.77138,6.102009853,2.273159224,6.999999881
10.87301,14.4962,53.43325,3463.93169,1.68332,60.79955,5.95795166,2.219493757,6.999999881
10.89558,14.53736,53.58413,3460.22034,1.64582,60.82734,5.820360264,2.168237341,6.999999881
10.91811,14.57849,53.7313,3456.59402,1.60486,60.85475,5.68918226,2.119370083,6.999999881
10.9406,14.61958,53.87445,3453.05001,1.5606,60.88182,5.564348081,2.072866067,6.999999881
10.96305,14.66065,54.01333,3449.5856,1.51318,60.90855,5.445774955,2.028694458,6.999999881
10.98546,14.7017,54.14765,3446.1981,1.46277,60.93497,5.333369588,1.986820501,6.999999881
11.00782,14.74272,54.27716,3442.88484,1.40951,60.9611,5.2270306,1.94720643,6.999999881
11.03015,14.78371,54.40163,3439.64314,1.35354,60.98694,5.126650713,1.909812281,6.999999881
11.05244,14.82468,54.52084,3436.47037,1.29501,61.01253,5.032118703,1.87459662,6.999999881
11.07469,14.86562,54.63456,3433.36393,1.23406,61.03787,4.943321143,1.841517193,6.999999881
11.0969,14.90654,54.74261,3430.32123,1.17084,61.06299,4.860143943,1.810531497,6.999999881
11.11908,14.94744,54.84478,3427.33973,1.10547,61.08789,4.782473705,1.781597289,6.999999881
11.14122,14.98831,54.94092,3424.41689,1.03809,61.1126,4.710198913,1.754673028,6.999999881
11.16332,15.02917,55.03085,3421.55023,0.96885,61.13714,4.643210967,1.729718256,6.999999881
11.18539,15.07,55.11443,3418.73728,0.89785,61.16151,4.581405081,1.706693937,6.999999881
11.20743,15.11081,55.19152,3415.97559,0.82524,61.18573,4.524681054,1.685562744,6.999999881
11.22943,15.1516,55.26199,3413.26274,0.75114,61.20982,4.47294393,1.666289304,6.999999881
11.25139,15.19238,55.32572,3410.59633,0.67567,61.2338,4.426104565,1.648840408,6.999999881
11.27332,15.23313,55.38261,3407.97398,0.59895,61.25767,4.384080094,1.633185187,6.999999881
11.29522,15.27387,55.43257,3405.39331,0.52111,61.28146,4.346794334,1.61929526,6.999999881
11.31709,15.31459,55.4755,3402.85198,0.44226,61.30518,4.314178103,1.607144856,6.999999881
11.33892,15.35529,55.51134,3400.34761,0.36251,61.32883,4.286169489,1.596710911,6.999999881
11.36072,15.39597,55.54003,3397.87787,0.28199,61.35244,4.262714062,1.587973147,6.999999881
11.38249,15.43664,55.5615,3395.44041,0.20081,61.37602,4.243765034,1.580914135,6.999999881
11.40423,15.47728,55.57571,3393.03287,0.11908,61.39958,4.229283377,1.575519337,6.999999881
11.42593,15.51792,55.58264,3390.65289,0.03691,61.42314,4.21923791,1.571777136,6.999999881
11.44761,15.55853,55.58226,3388.29809,-0.04558,61.44671,4.213605336,1.569678854,6.999999881
11.46925,15.59914,55.57455,3385.96609,-0.12828,61.4703,4.212370257,1.569218755,6.999999881
11.49086,15.63972,55.55952,3383.65445,-0.21108,61.49393,4.215525153,1.570394037,6.999999881
11.51244,15.68029,55.53716,3381.36075,-0.29388,61.5176,4.223070329,1.573204813,6.999999881
11.53399,15.72084,55.5075,3379.08251,-0.37654,61.54135,4.235013833,1.577654083,6.999999881
11.55551,15.76138,55.47055,3376.81723,-0.45898,61.56517,4.25137134,1.583747684,6.999999881
11.57699,15.80191,55.42636,3374.56236,-0.54107,61.58908,4.272166004,1.591494244,6.999999881
11.59845,15.84242,55.37497,3372.3153,-0.62269,61.6131,4.297428271,1.600905103,6.999999881
11.61988,15.88291,55.31643,3370.07343,-0.70374,61.63723,4.327195658,1.611994238,6.999999881
11.64127,15.92339,55.25081,3367.83405,-0.7841,61.6615,4.361512478,1.624778157,6.999999881
11.66263,15.96386,55.17819,3365.59443,-0.86365,61.68592,4.400429533,1.639275783,6.999999881
11.68396,16.0043,55.09865,3363.35175,-0.94228,61.7105,4.444003735,1.65550832,6.999999881
11.70526,16.04474,55.01229,3361.10314,-1.01986,61.73525,4.492297681,1.673499086,6.999999881
11.72653,16.08516,54.91922,3358.84569,-1.09627,61.7602,4.545379153,1.69327333,6.999999881
11.74777,16.12556,54.81955,3356.57636,-1.17139,61.78536,4.603320545,1.714858023,6.999999881
11.76897,16.16595,54.71341,3354.29211,-1.2451,61.81073,4.666198208,1.738281607,6.999999881
11.79014,16.20633,54.60094,3351.98976,-1.31726,61.83635,4.734091701,1.76357372,6.999999881
11.81128,16.24669,54.48229,3349.66608,-1.38775,61.86222,4.807082937,1.790764876,6.999999881
11.83239,16.28703,54.35762,3347.31778,-1.45643,61.88835,4.885255222,1.819886109,6.999999881
11.85346,16.32736,54.22711,3344.94145,-1.52317,61.91478,4.968692166,1.850968566,6.999999881
11.8745,16.36767,54.09095,3342.53363,-1.58784,61.94151,5.057476464,1.884043053,6.999999881
11.8955,16.40796,53.94932,3340.09077,-1.65029,61.96856,5.151688531,1.919139527,6.999999881
11.91648,16.44824,53.80244,3337.60923,-1.71039,61.99594,5.251404983,1.956286529,6.999999881
11.93741,16.4885,53.65054,3335.08531,-1.76799,62.02369,5.356696959,1.99551056,6.999999881
11.95831,16.52874,53.49384,3332.51522,-1.82294,62.0518,5.467628261,2.036835389,6.999999881
11.97918,16.56897,53.33259,3329.89512,-1.87511,62.08031,5.584253331,2.080281296,6.999999881
12.00001,16.60918,53.16705,3327.22109,-1.92434,62.10923,5.70661503,2.125864249,6.999999881
12.0208,16.64937,52.9975,3324.48915,-1.97048,62.13858,5.834742239,2.173595005,6.999999881
12.04155,16.68954,52.82422,3321.69528,-2.01338,62.16838,5.968647279,2.223478156,6.999999881
12.06227,16.72968,52.6475,3318.83542,-2.0529,62.19864,6.108323148,2.275511092,6.999999881
12.08295,16.76981,52.46766,3315.90548,-2.08888,62.22939,6.253740591,2.329682916,6.999999881
12.10358,16.80992,52.28502,3312.90134,-2.12117,62.26064,6.404845017,2.38597329,6.999999881
12.12418,16.85001,52.09991,3309.81891,-2.14962,62.29241,6.561553293,2.444351246,6.999999881
12.14474,16.89007,51.91269,3306.65409,-2.17409,62.32473,6.723750428,2.504773947,6.999999881
12.16525,16.93011,51.72371,3303.40284,-2.19443,62.3576,6.891286205,2.567185432,6.999999881
12.18572,16.97013,51.53335,3300.06116,-2.2105,62.39106,7.063971791,2.631515357,6.999999881
12.20615,17.01012,51.34198,3296.62514,-2.22217,62.4251,7.241576393,2.697677744,6.999999881
12.22654,17.05008,51.15001,3293.09097,-2.22931,62.45976,7.423824015,2.765569778,6.999999881
12.24687,17.09002,50.95783,3289.455,-2.23179,62.49504,7.610390406,2.835070668,6.999999881
12.26717,17.12993,50.76585,3285.71372,-2.22951,62.53096,7.800900262,2.906040602,6.999999881
12.28741,17.16982,50.5745,3281.86381,-2.22235,62.56753,7.994924802,2.978319848,6.999999881
12.30761,17.20967,50.38421,3277.90222,-2.21023,62.60477,8.191979792,3.051728016,6.999999881
12.32775,17.24949,50.1954,3273.82612,-2.19306,62.64269,8.391524142,3.126063537,6.999999881
12.34785,17.28928,50.00852,3269.63301,-2.17078,62.68129,8.592959179,3.201103388,6.999999881
12.36789,17.32904,49.824,3265.3207,-2.14333,62.72058,8.795628695,3.276603116,6.999999881
12.38788,17.36876,49.6423,3260.88739,-2.11069,62.76057,8.998819899,3.352297185,6.999999881
12.40782,17.40845,49.46386,3256.33169,-2.07283,62.80126,9.201765341,3.427899702,6.999999881
12.42771,17.4481,49.28911,3251.65263,-2.02977,62.84264,9.403645919,3.50310553,6.999999881
12.44753,17.48772,49.11849,3246.84974,-1.98153,62.88473,9.603595024,3.577591832,6.999999881
12.4673,17.52729,48.95245,3241.92304,-1.92815,62.9275,9.800703861,3.65102006,6.999999881
12.48701,17.56683,48.7914,3236.87308,-1.86972,62.97095,9.994027988,3.723038384,6.999999881
12.50667,17.60632,48.63576,3231.70099,-1.80632,63.01508,10.18259503,3.793284568,6.999999881
12.52626,17.64577,48.48593,3226.40845,-1.73809,63.05986,10.36541353,3.86138927,6.999999881
12.54579,17.68518,48.34231,3220.99774,-1.66517,63.10528,10.54148287,3.926979734,6.999999881
12.56525,17.72454,48.20526,3215.47176,-1.58774,63.15131,10.70980411,3.989683823,6.999999881
12.58467,17.76384,48.07523,3209.83373,-1.50385,63.16275,10.86925175,4.049082264,0
12.60404,17.80309,47.95265,3204.0876,-1.41587,63.17418,11.01871828,4.104762478,0
12.62338,17.84228,47.83782,3198.23821,-1.32404,63.18561,11.15727004,4.156376654,0
12.64267,17.8814,47.73103,3192.29096,-1.22868,63.19703,11.2840274,4.203597108,0
12.66192,17.92046,47.63255,3186.25181,-1.13008,63.20844,11.39817687,4.24612079,0
12.68112,17.95945,47.54258,3180.12724,-1.02859,63.21985,11.49898304,4.28367374,0
12.70028,17.99837,47.46134,3173.9242,-0.92456,63.23125,11.58579962,4.316015199,0
12.7194,18.03723,47.38899,3167.65006,-0.81837,63.24264,11.65807927,4.342941271,0
12.73847,18.07602,47.32565,3161.31258,-0.71042,63.25402,11.71538199,4.36428804,0
12.7575,18.11474,47.27143,3154.91982,-0.60109,63.26539,11.75738174,4.379934052,0
12.77648,18.15338,47.22637,3148.4801,-0.49081,63.27675,11.78387126,4.389802097,0
12.79541,18.19196,47.19052,3142.00192,-0.37999,63.28811,11.79476483,4.39386024,0
12.8143,18.23046,47.16385,3135.49392,-0.26907,63.29945,11.79009896,4.392122079,0
12.83314,18.26889,47.14632,3128.96478,-0.15845,63.31078,11.770031,4.384646235,0
12.85194,18.30725,47.13786,3122.42315,-0.04856,63.3221,11.73483574,4.371535075,0
12.87069,18.34553,47.13834,3115.87763,0.06018,63.33341,11.68490011,4.352932739,0
12.88939,18.38374,47.14762,3109.33666,0.16739,63.34471,11.6207161,4.329022508,0
12.90804,18.42188,47.16553,3102.80848,0.27265,63.356,11.54287222,4.300023613,0
12.92665,18.45994,47.19184,3096.30109,0.3756,63.36728,11.45204361,4.266187565,0
12.94521,18.49793,47.22634,3089.82216,0.47588,63.37855,11.34898124,4.22779412,0
12.96373,18.53584,47.26874,3083.37902,0.57315,63.38981,11.23450034,4.185146975,0
12.9822,18.57368,47.31877,3076.97862,0.66709,63.40106,11.10946845,4.138569306,0
13.00062,18.61145,47.37611,3070.62749,0.75741,63.4123,10.9747933,4.088399268,0
13.019,18.64915,47.44042,3064.33171,0.84383,63.42353,10.83141084,4.034985529,0
13.03733,18.68677,47.51137,3058.0969,0.92612,63.43476,10.68027366,3.978682952,0
13.05562,18.72433,47.58858,3051.92819,1.00404,63.44597,10.52233995,3.919848491,0
13.07387,18.76181,47.67168,3045.83026,1.07741,63.45718,10.35856327,3.85883737,0
13.09206,18.79922,47.76027,3039.80728,1.14606,63.46838,10.18988318,3.795999595,0
13.11022,18.83657,47.85394,3033.86296,1.20984,63.47957,10.01721683,3.731676839,0
13.12833,18.87385,47.9523,3028.0005,1.26864,63.49076,9.84145176,3.666199725,0
13.1464,18.91106,48.05493,3022.2227,1.32236,63.50194,9.663439601,3.599885512,0
13.16443,18.9482,48.1614,3016.53187,1.37093,63.51312,9.483991034,3.533036199,0
13.18242,18.98528,48.2713,3010.9299,1.41431,63.5243,9.303871738,3.465937022,0
13.20036,19.0223,48.3842,3005.41829,1.45246,63.53547,9.123799391,3.398855335,0
13.21827,19.05926,48.4997,2999.99815,1.48538,63.54664,8.944441631,3.33203985,0
13.23613,19.09615,48.61736,2994.67023,1.51309,63.55781,8.766414897,3.265720207,0
13.25396,19.13299,48.73679,2989.43494,1.53561,63.56897,8.590284069,3.20010684,0
13.27175,19.16976,48.85756,2984.29239,1.55299,63.58014,8.416562807,3.135391099,0
13.2895,19.20648,48.97929,2979.24238,1.56529,63.59131,8.245714504,3.07174561,0
13.30721,19.24314,49.10157,2974.28449,1.57258,63.60247,8.078153745,3.009324819,0
13.32489,19.27975,49.22403,2969.41801,1.57495,63.61364,7.914248201,2.948265691,0
13.34253,19.3163,49.34629,2964.64205,1.5725,63.62481,7.754320851,2.888688545,0
13.36014,19.3528,49.46798,2959.95551,1.56533,63.63599,7.598652466,2.830697976,0
13.37771,19.38925,49.58874,2955.35712,1.55355,63.64717,7.447484278,2.774383849,0
13.39525,19.42565,49.70824,2950.84547,1.5373,63.65835,7.301020771,2.719822339,0
13.41275,19.462,49.82613,2946.41897,1.5167,63.66954,7.159432533,2.667076995,0
13.43022,19.4983,49.94209,2942.07597,1.49188,63.68073,7.022859127,2.616199807,0
13.44766,19.53455,50.05582,2937.81466,1.46298,63.69193,6.891411932,2.567232269,0
13.46506,19.57076,50.16701,2933.63318,1.43014,63.70314,6.765176926,2.520206407,0
13.48244,19.60692,50.27538,2929.52957,1.39352,63.71435,6.644217379,2.475145794,0
13.49978,19.64304,50.38065,2925.5018,1.35325,63.72557,6.528576439,2.432066501,0
13.51709,19.67912,50.48256,2921.54781,1.30949,63.7368,6.418279587,2.390978021,0
13.53438,19.71515,50.58087,2917.66546,1.26238,63.74804,6.313336958,2.351884131,0
13.55163,19.75115,50.67532,2913.85258,1.21209,63.75929,6.213745514,2.314783697,0
13.56885,19.7871,50.76571,2910.10699,1.15876,63.77054,6.119491075,2.279671439,0
13.58605,19.82301,50.85181,2906.42645,1.10254,63.78181,6.030550186,2.246538618,0
13.60322,19.85888,50.93342,2902.8087,1.04359,63.79309,5.946891852,2.215373687,0
13.62035,19.89472,51.01035,2899.25149,0.98206,63.80438,5.86847911,2.186162878,0
13.63747,19.93052,51.08243,2895.75252,0.9181,63.81568,5.795270472,2.158890734,0
13.65455,19.96628,51.1495,2892.30949,0.85186,63.82699,5.727221225,2.133540599,0
13.67161,20.002,51.21139,2888.92008,0.78349,63.83831,5.664284608,2.110095053,0
13.68864,20.03769,51.26796,2885.58199,0.71315,63.84964,5.606412857,2.088536303,0
13.70564,20.07335,51.31909,2882.29286,0.64097,63.86099,5.553558142,2.068846531,0
13.72262,20.10897,51.36465,2879.05035,0.56711,63.87235,5.505673395,2.051008202,0
13.73957,20.14456,51.40454,2875.85211,0.49171,63.88373,5.462713028,2.035004335,0
13.7565,20.18012,51.43866,2872.69576,0.41492,63.89511,5.424633569,2.020818735,0
13.7734,20.21564,51.46693,2869.57892,0.33688,63.90651,5.391394196,2.008436194,0
13.79028,20.25113,51.48926,2866.4992,0.25774,63.91792,5.362957199,1.997842665,0
13.80713,20.28659,51.50559,2863.45418,0.17764,63.92935,5.339288355,1.989025397,0
13.82396,20.32202,51.51587,2860.44143,0.09673,63.94079,5.320357235,1.981973057,0
13.84076,20.35741,51.52006,2857.4585,0.01514,63.95224,5.306137442,1.97667581,0
13.85754,20.39278,51.51813,2854.50292,-0.06698,63.96371,5.296606782,1.973125389,0
13.8743,20.42811,51.51005,2851.57218,-0.1495,63.97519,5.291747372,1.97131513,0
13.89103,20.46342,51.49581,2848.66377,-0.23226,63.98669,5.291545685,1.971239997,0
13.90773,20.49869,51.47541,2845.77512,-0.31513,63.9982,5.295992543,1.972896568,0
13.92441,20.53394,51.44886,2842.90366,-0.39797,64.00972,5.305083043,1.976283019,0
13.94107,20.56915,51.41618,2840.04676,-0.48063,64.02126,5.318816429,1.981399066,0
13.95771,20.60434,51.3774,2837.20176,-0.56298,64.03282,5.337195907,1.988245905,0
13.97432,20.63949,51.33256,2834.36597,-0.64487,64.04438,5.360228394,1.996826113,0
13.99091,20.67462,51.28171,2831.53666,-0.72616,64.05596,5.387924215,2.007143535,0
14.00747,20.70972,51.22492,2828.71104,-0.80671,64.06755,5.420296724,2.019203146,0
14.02401,20.74479,51.16226,2825.88629,-0.88636,64.07916,5.457361876,2.033010891,0
14.04053,20.77982,51.09381,2823.05954,-0.96498,64.09078,5.499137712,2.048573489,0
14.05702,20.81483,51.01966,2820.22788,-1.04243,64.10242,5.545643785,2.065898224,0
14.07349,20.84981,50.93992,2817.38833,-1.11855,64.11406,5.596900505,2.084992701,0
14.08994,20.88476,50.85471,2814.5379,-1.19319,64.12572,5.652928406,2.105864569,0
14.10636,20.91968,50.76414,2811.6735,-1.26622,64.1374,5.713747331,2.128521219,0
14.12276,20.95457,50.66836,2808.79205,-1.33747,64.14908,5.779375525,2.152969448,0
14.13913,20.98943,50.56751,2805.89036,-1.4068,64.16078,5.849828646,2.179215089,0
14.15549,21.02426,50.46175,2802.96525,-1.47407,64.17249,5.925118675,2.207262606,0
14.17181,21.05906,50.35125,2800.01347,-1.53911,64.18421,6.00525274,2.237114653,0
14.18811,21.09382,50.2362,2797.03173,-1.60177,64.19594,6.090231832,2.268771601,0
14.20439,21.12856,50.11677,2794.0167,-1.66192,64.20769,6.180049431,2.30223102,0
14.22064,21.16326,49.99317,2790.96502,-1.71938,64.21944,6.274690038,2.337487136,0
14.23687,21.19793,49.86562,2787.87333,-1.77401,64.2312,6.374127603,2.374530246,0
14.25307,21.23257,49.73433,2784.7382,-1.82567,64.24298,6.478323877,2.413346099,0
14.26925,21.26717,49.59954,2781.55622,-1.87419,64.25476,6.587226672,2.453915256,0
14.2854,21.30174,49.4615,2778.32397,-1.91944,64.26655,6.700768055,2.496212408,0
14.30153,21.33627,49.32046,2775.03804,-1.96125,64.27835,6.81886248,2.540205689,0
14.31763,21.37077,49.17667,2771.69503,-1.9995,64.29016,6.941404878,2.585855956,0
14.3337,21.40523,49.03043,2768.29155,-2.03403,64.30197,7.068268722,2.633116076,0
14.34974,21.43966,48.882,2764.82429,-2.06471,64.31379,7.199304098,2.681930202,0
14.36576,21.47405,48.73169,2761.28997,-2.09141,64.32562,7.334335796,2.732233062,0
14.38175,21.5084,48.5798,2757.68539,-2.114,64.33745,7.473161466,2.783949277,0
14.39772,21.54271,48.42662,2754.00743,-2.13235,64.34929,7.615549874,2.836992705,0
14.41365,21.57698,48.27249,2750.25309,-2.14635,64.36113,7.761239287,2.891265845,0
14.42956,21.61121,48.11772,2746.4195,-2.1559,64.37297,7.909936047,2.9466593,0
14.44544,21.6454,47.96265,2742.50391,-2.16089,64.38482,8.061313372,3.003051337,0
14.46129,21.67954,47.80761,2738.50378,-2.16124,64.39667,8.215010431,3.060307536,0
14.47711,21.71365,47.65294,2734.41672,-2.15687,64.40852,8.37063176,3.118280575,0
14.4929,21.7477,47.49899,2730.24059,-2.14771,64.42037,8.527747051,3.176810155,0
14.50865,21.78171,47.34611,2725.97344,-2.13372,64.43222,8.685891382,3.235723079,0
14.52438,21.81568,47.19463,2721.61362,-2.11486,64.44407,8.844565931,3.294833524,0
14.54008,21.8496,47.04492,2717.15974,-2.0911,64.45592,9.003239219,3.353943498,0
14.55574,21.88346,46.89731,2712.61071,-2.06244,64.46776,9.161348915,3.41284352,0
14.57137,21.91728,46.75216,2707.96578,-2.0289,64.4796,9.318304252,3.471313513,0
14.58697,21.95105,46.60981,2703.22452,-1.9905,64.49144,9.473489048,3.529123933,0
14.60253,21.98476,46.47059,2698.38688,-1.9473,64.50327,9.626265367,3.586037131,0
14.61806,22.01842,46.33484,2693.45317,-1.89937,64.5151,9.775977789,3.641808948,0
14.63355,22.05203,46.20288,2688.42412,-1.8468,64.52692,9.92195829,3.696190525,0
14.64901,22.08557,46.07503,2683.30081,-1.78971,64.53874,10.06353167,3.748930336,0
14.66444,22.11907,45.95157,2678.08478,-1.72822,64.55054,10.20002152,3.799776393,0
14.67982,22.1525,45.83282,2672.77797,-1.6625,64.56234,10.33075653,3.848478627,0
14.69518,22.18587,45.71904,2667.38271,-1.59273,64.57413,10.45507729,3.894791382,0
14.71049,22.21919,45.61048,2661.90177,-1.51911,64.58591,10.57234317,3.938476006,0
14.72577,22.25244,45.50741,2656.33832,-1.44186,64.59767,10.68193938,3.979303478,0
14.74101,22.28563,45.41004,2650.69591,-1.36122,64.60943,10.78328405,4.017057034,0
14.75621,22.31875,45.31857,2644.97847,-1.27745,64.62117,10.87583508,4.051534729,0
14.77137,22.35181,45.23319,2639.19031,-1.19083,64.6329,10.95909675,4.082551889,0
14.78649,22.38481,45.15407,2633.33605,-1.10166,64.64462,11.03262583,4.109943406,0
14.80157,22.41774,45.08135,2627.42063,-1.01026,64.65632,11.09603719,4.133565806,0
14.81661,22.4506,45.01513,2621.44927,-0.91693,64.66801,11.14900865,4.15329907,0
14.83162,22.48339,44.95552,2615.42743,-0.82203,64.67969,11.19128504,4.169048137,0
14.84658,22.51611,44.90258,2609.36079,-0.7259,64.69135,11.22268134,4.180744086,0
14.8615,22.54876,44.85636,2603.2552,-0.62889,64.70299,11.24308487,4.188344938,0
14.87638,22.58134,44.81686,2597.11661,-0.53135,64.71462,11.25245643,4.191836089,0
14.89122,22.61385,44.7841,2590.95112,-0.43366,64.72624,11.25083039,4.191230347,0
14.90601,22.64629,44.75802,2584.76484,-0.33616,64.73784,11.23831379,4.186567583,0
14.92077,22.67866,44.73858,2578.56391,-0.23923,64.74942,11.21508435,4.177914008,0
14.93548,22.71095,44.72569,2572.35443,-0.1432,64.76098,11.18138763,4.165361093,0
14.95016,22.74318,44.71925,2566.14245,-0.04844,64.77253,11.1375332,4.149024162,0
14.96479,22.77533,44.71914,2559.9339,0.04472,64.78407,11.08389012,4.129040704,0
14.97937,22.8074,44.72519,2553.73458,0.13595,64.79558,11.02088174,4.105568426,0
14.99392,22.83941,44.73725,2547.55012,0.22494,64.80708,10.94897993,4.078783109,0
15.00843,22.87134,44.75513,2541.38597,0.31139,64.81857,10.86869892,4.048876319,0
15.02289,22.9032,44.77862,2535.24733,0.395,64.83004,10.78058885,4.016053001,0
15.03731,22.93499,44.80749,2529.13917,0.47552,64.84149,10.68522923,3.980529033,0
15.0517,22.9667,44.84151,2523.0662,0.55269,64.85293,10.58322229,3.942528765,0
15.06604,22.99835,44.88042,2517.03282,0.62628,64.86436,10.47518652,3.902282596,0
15.08034,23.02992,44.92395,2511.04318,0.69608,64.87577,10.36175034,3.860024636,0
15.0946,23.06142,44.97184,2505.10109,0.7619,64.88717,10.24354617,3.81599047,0
15.10882,23.09286,45.02379,2499.21009,0.82357,64.89855,10.12120474,3.77041507,0
15.123,23.12422,45.07951,2493.37338,0.88093,64.90992,9.995350009,3.723530872,0
15.13714,23.15552,45.13869,2487.59385,0.93386,64.92128,9.866594434,3.675566032,0
15.15124,23.18674,45.20103,2481.8741,0.98225,64.93263,9.73553484,3.626742885,0
15.16531,23.2179,45.26622,2476.21643,1.02601,64.94396,9.60274882,3.577276599,0
15.17933,23.24899,45.33395,2470.62281,1.06507,64.95529,9.468791666,3.527374035,0
15.19332,23.28002,45.40389,2465.09497,1.09937,64.9666,9.334193866,3.477232812,0
15.20727,23.31098,45.47573,2459.63431,1.12889,64.97791,9.199459103,3.427040568,0
15.22118,23.34188,45.54916,2454.242,1.15361,64.9892,9.065062772,3.376974399,0
15.23506,23.37272,45.62386,2448.91895,1.17352,65.00049,8.931450957,3.327200482,0
15.2489,23.40349,45.69952,2443.6658,1.18865,65.01177,8.799039839,3.277873857,0
15.26271,23.4342,45.77583,2438.483,1.19902,65.02304,8.6682155,3.229138348,0
15.27648,23.46485,45.8525,2433.37075,1.20467,65.03431,8.539334075,3.181126626,0
15.29021,23.49544,45.92921,2428.32906,1.20567,65.04557,8.412722206,3.133960374,0
15.30391,23.52598,46.00569,2423.35776,1.20209,65.05682,8.288677763,3.087750555,0
15.31758,23.55645,46.08164,2418.45647,1.19399,65.06808,8.167470787,3.042597767,0
15.33122,23.58687,46.15678,2413.62469,1.18148,65.07932,8.04934461,2.998592658,0
15.34482,23.61723,46.23085,2408.86173,1.16464,65.09056,7.934517125,2.955816399,0
15.35839,23.64754,46.30358,2404.16677,1.14359,65.1018,7.823182161,2.914341195,0
15.37192,23.6778,46.37471,2399.53887,1.11844,65.11304,7.715510941,2.874230833,0
15.38543,23.708,46.44401,2394.97696,1.08931,65.12428,7.611653582,2.835541234,0
15.3989,23.73814,46.51123,2390.47986,1.05633,65.13551,7.51174063,2.79832103,0
15.41235,23.76824,46.57614,2386.0463,1.01962,65.14674,7.41588459,2.762612133,0
15.42576,23.79829,46.63854,2381.67491,0.97933,65.15797,7.324181446,2.7284503,0
15.43914,23.82828,46.6982,2377.36423,0.9356,65.16921,7.236712145,2.695865683,0
15.45249,23.85823,46.75493,2373.11273,0.88857,65.18044,7.153544038,2.664883375,0
15.46582,23.88813,46.80854,2368.91881,0.83839,65.19167,7.074732269,2.635523917,0
15.47911,23.91798,46.85886,2364.7808,0.78521,65.20291,7.000321094,2.607803797,0
15.49238,23.94778,46.90571,2360.69698,0.72918,65.21415,6.930345136,2.581735911,0
15.50562,23.97754,46.94893,2356.66554,0.67047,65.22539,6.864830559,2.557330008,0
15.51883,24.00725,46.98839,2352.68467,0.60921,65.23663,6.803796171,2.534593092,0
15.53201,24.03692,47.02394,2348.75247,0.54558,65.24787,6.747254437,2.513529809,0
15.54516,24.06654,47.05544,2344.86701,0.47974,65.25912,6.695212417,2.494142787,0
15.55829,24.09612,47.0828,2341.02632,0.41183,65.27037,6.647672623,2.476432963,0
15.57139,24.12565,47.10589,2337.22838,0.34204,65.28163,6.604633792,2.460399866,0
15.58446,24.15514,47.12463,2333.47114,0.27051,65.29289,6.566091577,2.446041877,0
15.59751,24.18459,47.13891,2329.75251,0.19741,65.30415,6.532039165,2.433356457,0
15.61053,24.214,47.14868,2326.07035,0.1229,65.31542,6.502467812,2.42234035,0
15.62353,24.24336,47.15386,2322.4225,0.04715,65.32669,6.477367308,2.412989752,0
15.6365,24.27268,47.1544,2318.80676,-0.02968,65.33796,6.456726362,2.405300456,0
15.64944,24.30197,47.15024,2315.22089,-0.10743,65.34925,6.440532922,2.399267974,0
15.66236,24.33121,47.14136,2311.66263,-0.18593,65.36053,6.42877442,2.394887623,0
15.67525,24.36041,47.12773,2308.12966,-0.26501,65.37182,6.421437953,2.392154596,0
15.68812,24.38957,47.10933,2304.61965,-0.34452,65.38312,6.418510392,2.391064002,0
15.70096,24.41869,47.08616,2301.13023,-0.42429,65.39442,6.419978431,2.391610885,0
15.71378,24.44777,47.05822,2297.65898,-0.50414,65.40573,6.425828565,2.393790214,0
15.72657,24.47681,47.02552,2294.20347,-0.58393,65.41704,6.436047013,2.397596855,0
15.73934,24.50582,46.98808,2290.76122,-0.66348,65.42836,6.450619574,2.403025517,0
15.75208,24.53478,46.94595,2287.32972,-0.74262,65.43968,6.469531415,2.410070676,0
15.7648,24.5637,46.89916,2283.90642,-0.8212,65.45101,6.492766813,2.418726473,0
15.77749,24.59259,46.84777,2280.48876,-0.89905,65.46234,6.520308821,2.428986596,0
15.79016,24.62143,46.79184,2277.07412,-0.976,65.47368,6.552138881,2.44084413,0
15.8028,24.65024,46.73143,2273.65987,-1.05189,65.48502,6.58823638,2.454291398,0
15.81542,24.67901,46.66665,2270.24334,-1.12656,65.49637,6.628578138,2.469319765,0
15.82802,24.70773,46.59756,2266.82183,-1.19983,65.50772,6.673137849,2.48591943,0
15.84059,24.73642,46.52428,2263.39263,-1.27156,65.51908,6.721885457,2.504079196,0
15.85313,24.76507,46.44692,2259.95298,-1.34156,65.53043,6.774786481,2.523786219,0
15.86565,24.79368,46.36559,2256.50014,-1.40969,65.5418,6.831801283,2.545025733,0
15.87815,24.82225,46.28042,2253.0313,-1.47579,65.55316,6.892884293,2.567780762,0
15.89062,24.85078,46.19156,2249.54369,-1.53968,65.56454,6.957983179,2.59203181,0
15.90307,24.87926,46.09914,2246.03449,-1.60122,65.57591,7.027037979,2.61775654,0
15.91549,24.90771,46.00333,2242.50091,-1.66025,65.58728,7.099980197,2.644929435,0
15.92788,24.93612,45.90428,2238.94012,-1.71662,65.59866,7.176731861,2.673521449,0
15.94025,24.96448,45.80218,2235.34935,-1.77017,65.61004,7.25720457,2.703499651,0
15.9526,24.99281,45.69719,2231.72579,-1.82075,65.62142,7.341298515,2.734826858,0
15.96491,25.02109,45.58952,2228.0667,-1.86823,65.6328,7.428901505,2.767461277,0
15.97721,25.04933,45.47935,2224.36933,-1.91246,65.64419,7.519887993,2.801356138,0
15.98947,25.07752,45.36689,2220.63101,-1.9533,65.65557,7.614118135,2.836459345,0
16.00172,25.10567,45.25235,2216.84908,-1.99062,65.66695,7.711436873,2.872713135,0
16.01393,25.13378,45.13595,2213.02096,-2.0243,65.67833,7.81167308,2.91005376,0
16.02612,25.16184,45.01791,2209.14413,-2.05422,65.68971,7.914638777,2.948411191,0
16.03828,25.18986,44.89847,2205.21616,-2.08026,65.70109,8.020128433,2.987708863,0
16.05041,25.21783,44.77785,2201.2347,-2.10232,65.71247,8.127918382,3.027863456,0
16.06252,25.24576,44.6563,2197.19753,-2.12031,65.72384,8.237766373,3.068784723,0
16.0746,25.27364,44.53406,2193.1025,-2.13413,65.73521,8.349411275,3.110375386,0
16.08665,25.30147,44.41137,2188.94764,-2.14371,65.74658,8.462572951,3.152531088,0
16.09867,25.32925,44.2885,2184.73109,-2.14898,65.75794,8.576952341,3.19514042,0
16.11067,25.35698,44.16569,2180.45117,-2.14988,65.76929,8.69223176,3.238085037,0
16.12263,25.38466,44.04319,2176.10635,-2.14638,65.78064,8.808075432,3.281239853,0
16.13457,25.41229,43.92127,2171.69529,-2.13844,65.79198,8.924130283,3.324473338,0
16.14648,25.43987,43.80017,2167.21685,-2.12605,65.80332,9.040027005,3.367647917,0
16.15836,25.4674,43.68016,2162.6701,-2.1092,65.81465,9.155381401,3.410620464,0
16.1702,25.49487,43.56147,2158.05431,-2.0879,65.82597,9.269796016,3.453242919,0
16.18202,25.52229,43.44437,2153.36902,-2.06219,65.83727,9.382862061,3.495362996,0
16.19381,25.54966,43.32909,2148.61397,-2.03212,65.84857,9.494161625,3.536825012,0
16.20556,25.57697,43.21588,2143.78916,-1.99773,65.85986,9.603270151,3.577470808,0
16.21729,25.60422,43.10497,2138.89486,-1.95911,65.87114,9.709759191,3.617140778,0
16.22898,25.63141,42.99659,2133.93158,-1.91636,65.88241,9.813199382,3.655674971,0
16.24064,25.65855,42.89096,2128.90013,-1.86959,65.89366,9.913163639,3.692914287,0
16.25227,25.68562,42.7883,2123.80154,-1.81892,65.9049,10.00923051,3.728701725,0
16.26387,25.71264,42.6888,2118.63715,-1.76452,65.91613,10.10098768,3.762883684,0
16.27543,25.7396,42.59265,2113.40855,-1.70654,65.92734,10.18803551,3.795311292,0
16.28696,25.76649,42.50004,2108.11759,-1.64516,65.93854,10.26999068,3.825841746,0
16.29846,25.79332,42.41114,2102.76637,-1.58058,65.94972,10.3464897,3.854339645,0
16.30992,25.82009,42.32609,2097.35727,-1.51302,65.96088,10.41719245,3.88067828,0
16.32135,25.84679,42.24504,2091.89287,-1.44271,65.97203,10.48178548,3.904740885,0
16.33274,25.87343,42.16812,2086.37601,-1.36987,65.98317,10.53998516,3.926421795,0
16.3441,25.9,42.09544,2080.80971,-1.29478,65.99428,10.59154051,3.945627519,0
16.35542,25.92651,42.0271,2075.19721,-1.2177,66.00538,10.63623579,3.962277687,0
16.36671,25.95295,41.96317,2069.54192,-1.1389,66.01646,10.67389267,3.976305866,0
16.37797,25.97932,41.90371,2063.84742,-1.05866,66.02752,10.70437201,3.987660222,0
16.38918,26.00562,41.84878,2058.11742,-0.97728,66.03856,10.7275752,3.996304021,0
16.40037,26.03186,41.79841,2052.35574,-0.89506,66.04958,10.74344505,4.002215956,0
16.41151,26.05802,41.7526,2046.56632,-0.8123,66.06058,10.75196616,4.005390297,0
16.42262,26.08412,41.71136,2040.75315,-0.72929,66.07157,10.7531649,4.005836859,0
16.4337,26.11014,41.67467,2034.92028,-0.64635,66.08253,10.74710878,4.003580795,0
16.44474,26.1361,41.64248,2029.0718,-0.56378,66.09348,10.73390548,3.998662216,0
16.45574,26.16198,41.61475,2023.21179,-0.48188,66.1044,10.71370135,3.991135647,0
16.4667,26.1878,41.59141,2017.34432,-0.40094,66.1153,10.68667959,3.981069329,0
16.47763,26.21354,41.57237,2011.47342,-0.32126,66.12619,10.65305797,3.968544393,0
16.48852,26.23921,41.55754,2005.60306,-0.24311,66.13705,10.61308632,3.953653903,0
16.49938,26.26481,41.5468,1999.73714,-0.16678,66.1479,10.56704369,3.936501812,0
16.5102,26.29034,41.54004,1993.87946,-0.09251,66.15872,10.51523531,3.917201826,0
16.52098,26.3158,41.5371,1988.03372,-0.02058,66.16953,10.4579894,3.895876216,0
16.53173,26.34119,41.53784,1982.20347,0.04878,66.18031,10.39565386,3.872654588,0
16.54244,26.3665,41.54211,1976.39213,0.11536,66.19108,10.32859294,3.847672633,0
16.55312,26.39175,41.54972,1970.60298,0.17892,66.20183,10.25718389,3.821070883,0
16.56375,26.41692,41.56051,1964.83914,0.23928,66.21255,10.18181364,3.792993481,0
16.57436,26.44203,41.57427,1959.10354,0.29625,66.22327,10.1028756,3.763586985,0
16.58493,26.46706,41.59083,1953.39894,0.34967,66.23396,10.02076663,3.732999231,0
16.59546,26.49203,41.60997,1947.72792,0.39938,66.24463,9.935884078,3.701378248,0
16.60596,26.51692,41.63149,1942.0929,0.44526,66.25529,9.848623133,3.66887125,0
16.61642,26.54175,41.65517,1936.49606,0.48718,66.26593,9.7593743,3.635623711,0
16.62685,26.56651,41.68081,1930.93944,0.52504,66.27656,9.668521155,3.601778524,0
16.63724,26.5912,41.70818,1925.42487,0.55875,66.28717,9.576438339,3.567475253,0
16.6476,26.61582,41.73707,1919.95399,0.58825,66.29776,9.48348979,3.532849472,0
16.65793,26.64038,41.76724,1914.52826,0.61349,66.30834,9.390027234,3.498032211,0
16.66822,26.66487,41.79849,1909.14897,0.63442,66.3189,9.296388917,3.463149474,0
16.67848,26.6893,41.83059,1903.81721,0.65102,66.32945,9.202898579,3.428321864,0
16.68871,26.71366,41.86331,1898.53393,0.66328,66.33999,9.109864654,3.393664279,0
16.6989,26.73795,41.89645,1893.29987,0.67121,66.35051,9.017579684,3.359285699,0
16.70906,26.76218,41.92978,1888.11564,0.67483,66.36102,8.926319932,3.32528904,0
16.71919,26.78635,41.96309,1882.98169,0.67416,66.37152,8.836345183,3.291771079,0
16.72929,26.81046,41.99618,1877.89832,0.66925,66.38201,8.747898705,3.258822439,0
16.73936,26.83451,42.02883,1872.86566,0.66014,66.39249,8.661207363,3.226527633,0
16.74939,26.85849,42.06084,1867.88374,0.64692,66.40295,8.576481853,3.194965151,0
16.7594,26.88241,42.09203,1862.95245,0.62965,66.41341,8.493917062,3.164207594,0
16.76937,26.90628,42.1222,1858.07153,0.60841,66.42386,8.413692513,3.134321839,0
16.77931,26.93008,42.15116,1853.24063,0.5833,66.43429,8.335972887,3.105369233,0
16.78923,26.95383,42.17874,1848.45928,0.55443,66.44472,8.260908614,3.077405816,0
16.79911,26.97752,42.20476,1843.72689,0.52189,66.45514,8.18863651,3.050482556,0
16.80897,27.00115,42.22907,1839.04278,0.48581,66.46556,8.119280443,3.024645596,0
16.81879,27.02472,42.25149,1834.40618,0.44632,66.47596,8.052952027,2.999936516,0
16.82859,27.04824,42.27189,1829.81621,0.40354,66.48636,7.989751325,2.976392592,0
16.83836,27.0717,42.29011,1825.27192,0.3576,66.49676,7.929767554,2.954047059,0
16.8481,27.09511,42.30602,1820.77227,0.30865,66.50714,7.873079781,2.932929372,0
16.85781,27.11847,42.31949,1816.31614,0.25684,66.51752,7.819757602,2.913065457,0
16.8675,27.14176,42.33041,1811.90235,0.2023,66.5279,7.769861806,2.89447796,0
16.87715,27.16501,42.33865,1807.52964,0.14521,66.53827,7.723445002,2.877186479,0
16.88678,27.1882,42.34411,1803.19667,0.0857,66.54863,7.680552219,2.861207789,0
16.89639,27.21135,42.34671,1798.90207,0.02395,66.559,7.641221471,2.846556051,0
16.90596,27.23443,42.34634,1794.64437,-0.03988,66.56935,7.605484279,2.833243006,0
16.91551,27.25747,42.34294,1790.42207,-0.10563,66.57971,7.573366151,2.821278158,0
16.92504,27.28046,42.33642,1786.23361,-0.17313,66.59006,7.544887017,2.810668932,0
16.93453,27.30339,42.32672,1782.07737,-0.24221,66.6004,7.520061625,2.80142082,0
16.944,27.32628,42.3138,1777.95169,-0.31269,66.61074,7.49889988,2.793537513,0
16.95345,27.34911,42.2976,1773.85486,-0.38441,66.62108,7.481407146,2.78702101,0
16.96287,27.3719,42.27809,1769.7851,-0.45718,66.63142,7.467584489,2.781871706,0
16.97226,27.39464,42.25523,1765.74062,-0.53084,66.64175,7.457428883,2.778088476,0
16.98163,27.41732,42.229,1761.71958,-0.6052,66.65209,7.450933364,2.775668724,0
16.99098,27.43996,42.1994,1757.72008,-0.6801,66.66241,7.448087133,2.774608428,0
17.00029,27.46255,42.16641,1753.74021,-0.75533,66.67274,7.448875623,2.774902161,0
17.00959,27.48509,42.13004,1749.778,-0.83075,66.68306,7.453280511,2.776543098,0
17.01885,27.50758,42.09031,1745.83146,-0.90615,66.69339,7.461279692,2.779523003,0
17.0281,27.53003,42.04722,1741.89857,-0.98137,66.7037,7.472847206,2.783832207,0
17.03732,27.55243,42.00082,1737.97726,-1.05623,66.71402,7.487953129,2.789459561,0
17.04651,27.57477,41.95112,1734.06546,-1.13054,66.72433,7.506563423,2.796392385,0
17.05568,27.59707,41.89819,1730.16107,-1.20414,66.73464,7.528639743,2.804616395,0
17.06482,27.61933,41.84207,1726.26194,-1.27685,66.74495,7.55413922,2.814115621,0
17.07394,27.64153,41.78281,1722.36594,-1.34849,66.75526,7.583014203,2.824872312,0
17.08304,27.66369,41.72049,1718.4709,-1.41889,66.76556,7.615211973,2.836866828,0
17.09211,27.6858,41.65518,1714.57464,-1.48788,66.77586,7.650674439,2.85007753,0
17.10115,27.70786,41.58696,1710.67499,-1.5553,66.78616,7.689337797,2.864480648,0
17.11018,27.72987,41.51592,1706.76974,-1.62096,66.79645,7.731132185,2.880050157,0
17.11917,27.75184,41.44215,1702.85671,-1.68473,66.80674,7.775981316,2.896757639,0
17.12815,27.77376,41.36576,1698.93371,-1.74642,66.81702,7.823802102,2.91457214,0
17.13709,27.79562,41.28686,1694.99856,-1.80588,66.8273,7.874504282,2.933460036,0
17.14602,27.81745,41.20556,1691.04909,-1.86297,66.83758,7.92799004,2.953384888,0
17.15491,27.83922,41.12198,1687.08316,-1.91753,66.84785,7.984153644,2.974307308,0
17.16379,27.86094,41.03625,1683.09863,-1.96942,66.85812,8.042881095,2.996184829,0
17.17264,27.88261,40.9485,1679.09343,-2.0185,66.86838,8.104049796,3.018971779,0
17.18146,27.90424,40.85887,1675.06549,-2.06464,66.87863,8.167528256,3.042619176,0
17.19026,27.92581,40.7675,1671.01279,-2.10771,66.88888,8.233175834,3.067074626,0
17.19903,27.94734,40.67455,1666.93338,-2.14758,66.89913,8.300842526,3.092282249,0
17.20778,27.96881,40.58016,1662.82534,-2.18415,66.90936,8.370368807,3.118182618,0
17.2165,27.99023,40.48448,1658.68683,-2.21731,66.91959,8.441585545,3.144712727,0
17.2252,28.01161,40.38769,1654.51608,-2.24696,66.92981,8.514313979,3.171805982,0
17.23387,28.03293,40.28993,1650.31139,-2.27301,66.94003,8.588365783,3.199392228,0
17.24251,28.0542,40.19138,1646.07117,-2.29539,66.95023,8.663543222,3.227397802,0
17.25113,28.07541,40.09221,1641.79389,-2.31402,66.96043,8.7396394,3.25574563,0
17.25973,28.09658,39.99257,1637.47814,-2.32884,66.97061,8.816438615,3.284355358,0
17.26829,28.11769,39.89265,1633.12263,-2.33981,66.98079,8.893716826,3.313143525,0
17.27684,28.13874,39.79261,1628.72616,-2.34689,66.99095,8.971242233,3.342023779,0
17.28535,28.15975,39.69262,1624.28767,-2.35005,67.00111,9.048775975,3.370907138,0
17.29384,28.18069,39.59285,1619.80624,-2.34928,67.01125,9.126072953,3.399702296,0
17.3023,28.20159,39.49348,1615.28106,-2.34458,67.02138,9.202882763,3.428315972,0
17.31073,28.22242,39.39467,1610.71149,-2.33597,67.0315,9.278950763,3.456653303,0
17.31914,28.2432,39.29658,1606.09702,-2.32347,67.0416,9.354019241,3.484618286,0
17.32752,28.26393,39.19938,1601.43729,-2.30711,67.05169,9.427828701,3.512114252,0
17.33587,28.28459,39.10323,1596.73212,-2.28696,67.06177,9.500119243,3.539044381,0
17.34419,28.3052,39.00829,1591.98147,-2.26309,67.07184,9.570632037,3.565312252,0
17.35248,28.32575,38.91469,1587.18546,-2.23557,67.08188,9.639110871,3.59082242,0
17.36075,28.34624,38.82259,1582.3444,-2.20449,67.09192,9.705303762,3.615481013,0
17.36899,28.36667,38.73214,1577.45874,-2.16998,67.10193,9.768964611,3.639196355,0
17.3772,28.38704,38.64345,1572.5291,-2.13216,67.11193,9.829854882,3.661879583,0
17.38538,28.40735,38.55666,1567.55627,-2.09116,67.12192,9.887745286,3.683445281,0
17.39353,28.4276,38.47189,1562.5412,-2.04713,67.13188,9.942417455,3.703812103,0
17.40165,28.44778,38.38925,1557.485,-2.00024,67.14183,9.993665565,3.722903372,0
17.40975,28.46791,38.30884,1552.38893,-1.95067,67.15176,10.04129791,3.740647674,0
17.41781,28.48797,38.23075,1547.2544,-1.8986,67.16167,10.08513839,3.756979405,0
17.42584,28.50797,38.15508,1542.08296,-1.84422,67.17156,10.12502787,3.771839287,0
17.43385,28.5279,38.08189,1536.87631,-1.78776,67.18143,10.16082547,3.785174835,0
17.44182,28.54777,38.01126,1531.63626,-1.72942,67.19128,10.19240964,3.79694077,0
17.44976,28.56757,37.94324,1526.36474,-1.66943,67.20112,10.21967913,3.807099373,0
17.45768,28.58731,37.87787,1521.0638,-1.60803,67.21093,10.24255375,3.815620771,0
17.46556,28.60698,37.8152,1515.73557,-1.54545,67.22072,10.26097496,3.822483154,0
17.47341,28.62659,37.75524,1510.3823,-1.48194,67.23049,10.27490623,3.82767292,0
17.48123,28.64613,37.69802,1505.00629,-1.41775,67.24024,10.28433328,3.831184745,0
17.48902,28.6656,37.64353,1499.60991,-1.35313,67.24997,10.28926402,3.833021574,0
17.49678,28.68501,37.59178,1494.19559,-1.28832,67.25968,10.28972833,3.833194543,0
17.50451,28.70435,37.54274,1488.76579,-1.22359,67.26936,10.28577767,3.831722818,0
17.51221,28.72362,37.49639,1483.32301,-1.15918,67.27903,10.27748446,3.828633377,0
17.51987,28.74282,37.4527,1477.86977,-1.09535,67.28867,10.26494128,3.823960714,0
17.52751,28.76195,37.41162,1472.40859,-1.03234,67.29829,10.24825997,3.817746487,0
17.53511,28.78102,37.3731,1466.94198,-0.97039,67.30789,10.22757048,3.810039109,0
17.54269,28.80002,37.33707,1461.47245,-0.90975,67.31747,10.2030197,3.800893295,0
17.55023,28.81895,37.30346,1456.00246,-0.85064,67.32703,10.17477006,3.790369562,0
17.55774,28.83781,37.27219,1450.53445,-0.79328,67.33656,10.14299818,3.7785337,0
17.56522,28.8566,37.24318,1445.07081,-0.7379,67.34608,10.10789331,3.765456212,0
17.57267,28.87533,37.21633,1439.61387,-0.68469,67.35557,10.06965582,3.751211741,0
17.58008,28.89398,37.19154,1434.1659,-0.63385,67.36504,10.02849562,3.735878483,0
17.58747,28.91257,37.1687,1428.72911,-0.58557,67.37449,9.984630575,3.719537601,0
17.59483,28.93109,37.14769,1423.3056,-0.54003,67.38392,9.938284947,3.702272635,0
17.60215,28.94954,37.12841,1417.89743,-0.49738,67.39333,9.889687836,3.684168932,0
17.60945,28.96792,37.11073,1412.50653,-0.45777,67.40272,9.839071695,3.665313088,0
17.61671,28.98624,37.09451,1407.13476,-0.42134,67.41209,9.786670888,3.645792409,0
17.62394,29.00448,37.07964,1401.78389,-0.38823,67.42144,9.732720315,3.625694401,0
17.63115,29.02266,37.06597,1396.45555,-0.35853,67.43077,9.677454127,3.605106292,0
17.63832,29.04078,37.05338,1391.15131,-0.33235,67.44008,9.621104527,3.584114583,0
17.64546,29.05882,37.04172,1385.87261,-0.30977,67.44938,9.563900656,3.562804636,0
17.65257,29.0768,37.03085,1380.62078,-0.29087,67.45865,9.506067596,3.541260299,0
17.65966,29.09472,37.02064,1375.39707,-0.27571,67.46791,9.447825457,3.51956357,0
17.66671,29.11257,37.01095,1370.2026,-0.26432,67.47715,9.389388578,3.497794295,0
17.67374,29.13035,37.00164,1365.03837,-0.25675,67.48637,9.330964826,3.47602991,0
17.68073,29.14807,36.99256,1359.90531,-0.253,67.49558,9.272754992,3.454345215,0
17.6877,29.16572,36.98357,1354.8042,-0.2531,67.50477,9.214952291,3.432812188,0
17.69464,29.18331,36.97456,1349.73575,-0.25704,67.51394,9.157741946,3.41149983,0
17.70155,29.20083,36.96536,1344.70054,-0.26479,67.5231,9.101300865,3.390474042,0
17.70843,29.2183,36.95587,1339.69907,-0.27634,67.53225,9.045797396,3.369797539,0
17.71528,29.23569,36.94594,1334.73173,-0.29163,67.54138,8.99139116,3.349529785,0
17.7221,29.25303,36.93545,1329.79881,-0.31063,67.55049,8.938232952,3.329726954,0
17.7289,29.2703,36.92427,1324.9005,-0.33327,67.55959,8.886464701,3.310441918,0
17.73567,29.28752,36.91229,1320.03691,-0.35948,67.56868,8.836219491,3.291724255,0
17.74241,29.30467,36.89938,1315.20805,-0.38918,67.57775,8.787621623,3.273620271,0
17.74913,29.32176,36.88545,1310.41384,-0.42229,67.58681,8.740786725,3.256173039,0
17.75581,29.33878,36.87037,1305.65412,-0.4587,67.59586,8.695821892,3.239422456,0
17.76247,29.35575,36.85406,1300.92864,-0.49831,67.6049,8.652825858,3.223405302,0
17.76911,29.37266,36.8364,1296.23708,-0.54101,67.61392,8.611889191,3.208155316,0
17.77572,29.38951,36.81731,1291.57903,-0.58668,67.62294,8.573094499,3.193703273,0
17.7823,29.40631,36.7967,1286.95401,-0.63518,67.63194,8.53651666,3.180077065,0
17.78885,29.42304,36.77448,1282.36147,-0.68639,67.64093,8.502223045,3.167301791,0
17.79538,29.43971,36.75059,1277.80078,-0.74017,67.64992,8.470273755,3.15539984,0
17.80189,29.45633,36.72494,1273.27126,-0.79637,67.65889,8.440721853,3.144390979,0
17.80836,29.47289,36.69747,1268.77214,-0.85485,67.66785,8.413613593,3.134292439,0
17.81482,29.48939,36.66813,1264.30262,-0.91543,67.6768,8.388988635,3.125118994,0
17.82124,29.50584,36.63686,1259.86181,-0.97798,67.68574,8.366880263,3.116883044,0
17.82765,29.52223,36.60361,1255.44876,-1.04233,67.69468,8.347315577,3.109594683,0
17.83403,29.53856,36.56833,1251.0625,-1.1083,67.7036,8.330315678,3.103261774,0
17.84038,29.55484,36.531,1246.70198,-1.17574,67.71252,8.315895839,3.097890005,0
17.84671,29.57107,36.49158,1242.3661,-1.24446,67.72143,8.304065654,3.093482949,0
17.85301,29.58723,36.45005,1238.05372,-1.3143,67.73032,8.294829172,3.090042117,0
17.85929,29.60335,36.40638,1233.76364,-1.38508,67.73922,8.288185014,3.087566993,0
17.86554,29.61941,36.36058,1229.49465,-1.45662,67.7481,8.284126471,3.086055079,0
17.87178,29.63541,36.31262,1225.24547,-1.52874,67.75697,8.282641583,3.085501919,0
17.87798,29.65136,36.26251,1221.01478,-1.60127,67.76584,8.283713202,3.085901125,0
17.88416,29.66726,36.21026,1216.80126,-1.67402,67.7747,8.287319039,3.087244394,0
17.89032,29.6831,36.15588,1212.60352,-1.74682,67.78355,8.293431694,3.089521519,0
17.89646,29.69889,36.09938,1208.42017,-1.81948,67.79239,8.302018671,3.092720394,0
17.90257,29.71462,36.04078,1204.24976,-1.89183,67.80122,8.313042381,3.096827016,0
17.90866,29.73031,35.98012,1200.09086,-1.96369,67.81005,8.326460135,3.101825483,0
17.91472,29.74594,35.91743,1195.94199,-2.03489,67.81887,8.342224124,3.107697983,0
17.92076,29.76151,35.85274,1191.80166,-2.10525,67.82768,8.360281399,3.114424793,0
17.92678,29.77703,35.7861,1187.66838,-2.1746,67.83648,8.380573836,3.12198426,0
17.93278,29.7925,35.71756,1183.54063,-2.24278,67.84528,8.40303811,3.130352793,0
17.93875,29.80792,35.64717,1179.4169,-2.30961,67.85406,8.427605662,3.139504853,0
17.9447,29.82329,35.57499,1175.29568,-2.37494,67.86284,8.454202674,3.14941294,0
17.95062,29.8386,35.50108,1171.17545,-2.43862,67.87161,8.482750048,3.160047588,0
17.95652,29.85386,35.42552,1167.0547,-2.50048,67.88037,8.513163396,3.17137736,0
17.9624,29.86906,35.34836,1162.93194,-2.56039,67.88912,8.545353044,3.183368851,0
17.96825,29.88421,35.26969,1158.80569,-2.6182,67.89787,8.579224053,3.195986693,0
17.97409,29.89931,35.18958,1154.67449,-2.67378,67.9066,8.614676256,3.209193571,0
17.97989,29.91436,35.10812,1150.53689,-2.72699,67.91533,8.651604328,3.222950249,0
17.98568,29.92935,35.02539,1146.3915,-2.77772,67.92404,8.689897866,3.2372156,0
17.99144,29.94429,34.94149,1142.23692,-2.82584,67.93274,8.729441519,3.251946651,0
17.99718,29.95918,34.85649,1138.07183,-2.87126,67.94144,8.770115136,3.267098644,0
18.0029,29.97402,34.77049,1133.89492,-2.91388,67.95012,8.811793952,3.282625099,0
18.00859,29.9888,34.6836,1129.70495,-2.9536,67.95879,8.854348823,3.298477908,0
18.01426,30.00352,34.59589,1125.50072,-2.99034,67.96745,8.897646483,3.314607426,0
18.0199,30.0182,34.50748,1121.28108,-3.02404,67.9761,8.941549863,3.33096259,0
18.02552,30.03281,34.41847,1117.04497,-3.05463,67.98474,8.985918437,3.347491052,0
18.03112,30.04738,34.32894,1112.79135,-3.08205,67.99337,9.030608623,3.364139322,0
18.0367,30.06189,34.23901,1108.51929,-3.10628,68.00198,9.075474223,3.380852938,0
18.04225,30.07634,34.14877,1104.2279,-3.12727,68.01058,9.12036691,3.397576645,0
18.04778,30.09074,34.05832,1099.9164,-3.14502,68.01917,9.165136761,3.414254593,0
18.05328,30.10509,33.96777,1095.58407,-3.15951,68.02775,9.209632819,3.430830545,0
18.05876,30.11938,33.8772,1091.23028,-3.17074,68.03631,9.253703712,3.447248112,0
18.06422,30.13361,33.78673,1086.85448,-3.17874,68.04485,9.297198294,3.463450989,0
18.06965,30.14779,33.69643,1082.45621,-3.18354,68.05338,9.339966323,3.479383205,0
18.07506,30.16191,33.60642,1078.03513,-3.18516,68.0619,9.381859164,3.49498939,0
18.08044,30.17598,33.51677,1073.59095,-3.18368,68.0704,9.422730521,3.510215046,0
18.0858,30.18998,33.42757,1069.12351,-3.17914,68.07889,9.462437171,3.525006818,0
18.09114,30.20393,33.33892,1064.63273,-3.17163,68.08736,9.500839722,3.539312779,0
18.09645,30.21783,33.25089,1060.11863,-3.16123,68.09581,9.537803366,3.553082708,0
18.10174,30.23167,33.16356,1055.58134,-3.14805,68.10425,9.573198622,3.566268373,0
18.107,30.24544,33.07701,1051.02106,-3.13219,68.11267,9.606902081,3.578823798,0
18.11224,30.25916,32.9913,1046.43812,-3.11378,68.12107,9.638797112,3.590705536,0
18.11745,30.27283,32.90651,1041.83292,-3.09295,68.12946,9.668774555,3.601872923,0
18.12264,30.28643,32.82268,1037.20596,-3.06984,68.13783,9.696733369,3.612288316,0
18.1278,30.29997,32.73989,1032.55784,-3.0446,68.14618,9.722581236,3.621917327,0
18.13294,30.31346,32.65817,1027.88924,-3.01741,68.15451,9.746235118,3.63072902,0
18.13805,30.32688,32.57758,1023.20093,-2.98841,68.16282,9.767621754,3.638696105,0
18.14314,30.34025,32.49815,1018.49376,-2.9578,68.17111,9.786678094,3.645795093,0
18.14821,30.35355,32.41992,1013.76866,-2.92576,68.17939,9.803351659,3.652006435,0
18.15324,30.3668,32.34293,1009.02663,-2.89247,68.18765,9.817600837,3.657314628,0
18.15826,30.37998,32.26718,1004.26874,-2.85814,68.19588,9.829395092,3.661708299,0
18.16324,30.39311,32.1927,999.49613,-2.82296,68.2041,9.8387151,3.665180247,0
0.04674,0.04674,58.74671,4943.92569,-0.49307,45.0001,5.74834212,2.141408688,0
0.09345,0.09345,58.68339,4940.82472,-0.48546,45.00025,5.792485661,2.157853318,0
0.14013,0.14014,58.62115,4937.69725,-0.47717,45.00044,5.836024229,2.17407258,0
0.18679,0.18679,58.56006,4934.54347,-0.46822,45.00069,5.87886861,2.190033239,0
0.23341,0.23342,58.5002,4931.36362,-0.45861,45.00097,5.920929284,2.205701947,0
0.28001,0.28001,58.44167,4928.15801,-0.44837,45.00131,5.962116759,2.221045366,0
0.32657,0.32658,58.38453,4924.92698,-0.4375,45.00169,6.002341915,2.236030294,0
0.3731,0.37312,58.32888,4921.67094,-0.42603,45.00212,6.041516359,2.250623806,0
0.4196,0.41962,58.27477,4918.39036,-0.41397,45.00259,6.079552802,2.264793381,0
0.46608,0.4661,58.22229,4915.08575,-0.40135,45.00311,6.116365432,2.278507055,0
0.51251,0.51255,58.17151,4911.75768,-0.38818,45.00368,6.151870305,2.291733554,0
0.55892,0.55896,58.12248,4908.40676,-0.37449,45.00429,6.185985729,2.304442447,0
0.6053,0.60535,58.07528,4905.03367,-0.3603,45.00494,6.218632659,2.316604288,0
0.65163,0.65172,58.02958,4901.63981,-0.3516,45.04122,6.250072497,2.328316455,18.99999968
0.6979,0.69809,57.98506,4898.22639,-0.34247,45.07775,6.280575748,2.339679718,18.99999968
0.7441,0.74445,57.94177,4894.79384,-0.33292,45.11451,6.310082268,2.350671673,18.99999968
0.79025,0.79082,57.89975,4891.34265,-0.32299,45.15152,6.338533194,2.361270392,18.99999968
0.83633,0.83718,57.85907,4887.8733,-0.31267,45.18876,6.365871589,2.371454663,18.99999968
0.88235,0.88354,57.81975,4884.38636,-0.30201,45.22622,6.392042683,2.381204084,18.99999968
0.92831,0.9299,57.78184,4880.88239,-0.291,45.2639,6.416994107,2.390499146,18.99999968
0.9742,0.97625,57.74539,4877.36201,-0.27968,45.30179,6.440676117,2.399321318,18.99999968
1.02003,1.0226,57.71043,4873.82588,-0.26806,45.33988,6.463041823,2.407653132,18.99999968
1.0658,1.06896,57.677,4870.27465,-0.25617,45.37817,6.484047392,2.415478259,18.99999968
1.1115,1.1153,57.64512,4866.70904,-0.24403,45.41665,6.503652252,2.422781585,18.99999968
1.15714,1.16165,57.61482,4863.12979,-0.23166,45.45531,6.521819279,2.429549281,18.99999968
1.20271,1.20799,57.58614,4859.53764,-0.21909,45.49415,6.538514971,2.435768866,18.99999968
1.24822,1.25434,57.55908,4855.93339,-0.20634,45.53315,6.553709606,2.441429267,18.99999968
1.29366,1.30068,57.53368,4852.31783,-0.19344,45.5723,6.567377381,2.446520873,18.99999968
1.33904,1.34701,57.50994,4848.69179,-0.18041,45.6116,6.579496538,2.451035577,18.99999968
1.38435,1.39335,57.48788,4845.05612,-0.16729,45.65104,6.590049462,2.454966819,18.99999968
1.4296,1.43968,57.4675,4841.41166,-0.15408,45.69061,6.599022774,2.458309614,18.99999968
1.47478,1.48601,57.44882,4837.7593,-0.14083,45.7303,6.606407382,2.461060575,18.99999968
1.51989,1.53234,57.43183,4834.0999,-0.12756,45.7701,6.612198532,2.463217931,18.99999968
1.56494,1.57866,57.41653,4830.43436,-0.11429,45.81,6.616395824,2.464781532,18.99999968
1.60992,1.62498,57.40292,4826.76358,-0.10106,45.85,6.619003208,2.465752852,18.99999968
1.65484,1.6713,57.39099,4823.08845,-0.08789,45.89008,6.620028966,2.466134973,18.99999968
1.69968,1.71762,57.38072,4819.40986,-0.0748,45.93023,6.619485662,2.465932578,18.99999968
1.74447,1.76393,57.37211,4815.72872,-0.06182,45.97045,6.617390078,2.465151918,18.99999968
1.78918,1.81024,57.36513,4812.04593,-0.04898,46.01073,6.613763127,2.463800783,18.99999968
1.83383,1.85655,57.35976,4808.36235,-0.03631,46.05105,6.608629751,2.461888466,18.99999968
1.87841,1.90285,57.35598,4804.67889,-0.02382,46.09141,6.602018791,2.459425709,18.99999968
1.92293,1.94916,57.35376,4800.9964,-0.01155,46.13181,6.593962852,2.45642466,18.99999968
1.96737,1.99545,57.35306,4797.31573,0.00048,46.17222,6.58449814,2.452898806,18.99999968
2.01175,2.04175,57.35387,4793.63774,0.01225,46.21265,6.573664292,2.448862912,18.99999968
2.05607,2.08804,57.35613,4789.96323,0.02374,46.25309,6.561504194,2.444332956,18.99999968
2.10032,2.13433,57.35981,4786.29302,0.03491,46.29352,6.548063778,2.439326047,18.99999968
2.1445,2.18062,57.36486,4782.62788,0.04576,46.33395,6.53339182,2.433860357,18.99999968
2.18861,2.22691,57.37125,4778.96858,0.05626,46.37435,6.517539723,2.427955034,18.99999968
2.23266,2.27319,57.37892,4775.31585,0.06639,46.41474,6.500561294,2.421630122,18.99999968
2.27665,2.31947,57.38783,4771.6704,0.07613,46.45509,6.48251252,2.414906479,18.99999968
2.32056,2.36574,57.39792,4768.03291,0.08546,46.49541,6.463451335,2.407805686,18.99999968
2.36441,2.41201,57.40915,4764.40404,0.09437,46.53569,6.443437392,2.400349966,18.99999968
2.4082,2.45828,57.42145,4760.78441,0.10283,46.57592,6.422531826,2.392562092,18.99999968
2.45191,2.50455,57.43476,4757.17461,0.11085,46.61609,6.40079703,2.384465309,18.99999968
2.49557,2.55081,57.44904,4753.57522,0.11839,46.65621,6.37829642,2.376083239,18.99999968
2.53916,2.59707,57.46421,4749.98675,0.12546,46.69626,6.355094218,2.367439809,18.99999968
2.58268,2.64333,57.48022,4746.4097,0.13202,46.73625,6.331255232,2.358559159,18.99999968
2.62613,2.68958,57.497,4742.84455,0.13809,46.77617,6.306844645,2.349465573,18.99999968
2.66953,2.73583,57.51449,4739.29171,0.14364,46.81601,6.281927808,2.340183396,18.99999968
2.71285,2.78208,57.53262,4735.75159,0.14867,46.85578,6.25657005,2.330736964,18.99999968
2.75612,2.82833,57.55133,4732.22454,0.15317,46.89546,6.230836488,2.321150535,18.99999968
2.79932,2.87457,57.57055,4728.71089,0.15713,46.93506,6.204791852,2.311448223,18.99999968
2.84245,2.92081,57.59021,4725.21094,0.16055,46.97458,6.178500321,2.301653936,18.99999968
2.88552,2.96705,57.61025,4721.72493,0.16343,47.01402,6.152025365,2.291791318,18.99999968
2.92853,3.01328,57.63059,4718.2531,0.16576,47.05337,6.125429603,2.281883697,18.99999968
2.97147,3.05951,57.65118,4714.79564,0.16754,47.09262,6.09877467,2.271954033,18.99999968
3.01436,3.10574,57.67193,4711.35269,0.16876,47.1318,6.072121098,2.262024876,18.99999968
3.05717,3.15197,57.69279,4707.92438,0.16944,47.17088,6.045528201,2.252118322,18.99999968
3.09993,3.19819,57.71368,4704.51079,0.16957,47.20987,6.019053985,2.24225598,18.99999968
3.14262,3.24441,57.73453,4701.112,0.16915,47.24878,5.99275505,2.232458935,18.99999968
3.18525,3.29063,57.75529,4697.72801,0.16818,47.2876,5.966686526,2.222747724,18.99999968
3.22782,3.33684,57.77588,4694.35882,0.16668,47.32634,5.940901994,2.213142307,18.99999968
3.27033,3.38305,57.79624,4691.0044,0.16464,47.36499,5.915453441,2.203662052,18.99999968
3.31277,3.42926,57.8163,4687.66467,0.16207,47.40356,5.890391207,2.19432571,18.99999968
3.35516,3.47547,57.83599,4684.33955,0.15898,47.44205,5.865763951,2.185151409,18.99999968
3.39748,3.52168,57.85527,4681.0289,0.15537,47.48047,5.841618622,2.176156639,18.99999968
3.43974,3.56788,57.87405,4677.73257,0.15126,47.51881,5.818000437,2.167358244,18.99999968
3.48194,3.61408,57.8923,4674.45038,0.14665,47.55707,5.794952872,2.158772419,18.99999968
3.52409,3.66028,57.90993,4671.18213,0.14156,47.59527,5.772517651,2.150414709,18.99999968
3.56617,3.70647,57.9269,4667.92758,0.13599,47.63341,5.75073475,2.142300005,18.99999968
3.60819,3.75267,57.94315,4664.68647,0.12995,47.67148,5.729642404,2.134442551,18.99999968
3.65015,3.79886,57.95862,4661.45854,0.12346,47.7095,5.709277113,2.126855945,18.99999968
3.69205,3.84505,57.97326,4658.24346,0.11654,47.74747,5.689673662,2.119553144,18.99999968
3.73389,3.89124,57.98703,4655.04092,0.10918,47.78538,5.670865143,2.112546475,18.99999968
3.77568,3.93742,57.99986,4651.85058,0.10141,47.82326,5.652882969,2.105847642,18.99999968
3.8174,3.98361,58.01171,4648.67205,0.09325,47.86109,5.635756911,2.099467735,18.99999968
3.85906,4.02979,58.02254,4645.50496,0.0847,47.89889,5.619515117,2.093417239,18.99999968
3.90067,4.07597,58.0323,4642.34889,0.07579,47.93667,5.604184146,2.087706049,18.99999968
3.94222,4.12215,58.04095,4639.20343,0.06652,47.97442,5.589788999,2.082343478,18.99999968
3.98371,4.16833,58.04845,4636.06813,0.05692,48.01215,5.576353151,2.077338272,18.99999968
4.02514,4.2145,58.05475,4632.94252,0.047,48.04987,5.563898581,2.072698616,18.99999968
4.06651,4.26068,58.05984,4629.82614,0.03678,48.08759,5.552445806,2.068432156,18.99999968
4.10782,4.30685,58.06366,4626.71849,0.02627,48.1253,5.542013911,2.064546001,18.99999968
4.14908,4.35302,58.06619,4623.61907,0.0155,48.16302,5.532620582,2.061046739,18.99999968
4.19028,4.39919,58.0674,4620.52735,0.00449,48.20076,5.524282134,2.057940448,18.99999968
4.23142,4.44536,58.06727,4617.4428,-0.00676,48.23851,5.517013539,2.055232705,18.99999968
4.2725,4.49153,58.06576,4614.36488,-0.01821,48.27629,5.510828452,2.052928597,18.99999968
4.31352,4.5377,58.06286,4611.29303,-0.02986,48.3141,5.505739237,2.051032731,18.99999968
4.35449,4.58386,58.05854,4608.22667,-0.04167,48.35194,5.501756987,2.049549237,18.99999968
4.3954,4.63003,58.0528,4605.16523,-0.05364,48.38984,5.498891542,2.048481784,18.99999968
4.43625,4.67619,58.0456,4602.10811,-0.06574,48.42778,5.497151512,2.047833577,18.99999968
4.47705,4.72235,58.03695,4599.05472,-0.07795,48.46578,5.496544282,2.047607368,18.99999968
4.51778,4.76852,58.02683,4596.00445,-0.09026,48.50385,5.497076031,2.047805458,18.99999968
4.55846,4.81468,58.01523,4592.95668,-0.10263,48.54199,5.498751735,2.048429702,18.99999968
4.59908,4.86084,58.00215,4589.91078,-0.11506,48.58021,5.501575174,2.049481508,18.99999968
4.63965,4.907,57.98758,4586.86612,-0.12752,48.61851,5.505548933,2.050961837,18.99999968
4.68016,4.95316,57.97152,4583.82207,-0.13999,48.65691,5.510674398,2.052871208,18.99999968
4.7206,4.99932,57.95398,4580.77798,-0.15245,48.69541,5.516951755,2.055209688,18.99999968
4.76099,5.04547,57.93496,4577.73321,-0.16488,48.73402,5.524379979,2.057976897,18.99999968
4.80133,5.09163,57.91446,4574.68709,-0.17726,48.77274,5.532956824,2.061171998,18.99999968
4.8416,5.13779,57.8925,4571.63898,-0.18957,48.81158,5.542678808,2.064793693,18.99999968
4.88182,5.18394,57.86909,4568.58822,-0.20179,48.85055,5.553541193,2.068840217,18.99999968
4.92198,5.2301,57.84424,4565.53414,-0.2139,48.88966,5.565537969,2.073309331,18.99999968
4.96208,5.27626,57.81796,4562.47608,-0.22587,48.9289,5.578661825,2.078198313,18.99999968
5.00212,5.32241,57.79028,4559.41338,-0.2377,48.9683,5.59290413,2.083503947,18.99999968
5.04211,5.36857,57.76122,4556.34538,-0.24935,49.00785,5.608254897,2.089222511,18.99999968
5.08203,5.41472,57.73081,4553.27141,-0.26081,49.04757,5.624702756,2.095349771,18.99999968
5.1219,5.46087,57.69905,4550.19081,-0.27206,49.08746,5.642234921,2.101880964,18.99999968
5.16171,5.50703,57.666,4547.10294,-0.28308,49.12752,5.660837157,2.108810787,18.99999968
5.20146,5.55318,57.63167,4544.00712,-0.29385,49.16777,5.68049374,2.116133381,18.99999968
5.24115,5.59933,57.59609,4540.90272,-0.30436,49.20821,5.701187423,2.123842322,18.99999968
5.28078,5.64549,57.55931,4537.78908,-0.31458,49.24884,5.722899398,2.131930604,18.99999968
5.32035,5.69164,57.52136,4534.66558,-0.32449,49.28968,5.745609256,2.140390624,18.99999968
5.35986,5.73779,57.48228,4531.53157,-0.33408,49.33073,5.769294952,2.149214169,18.99999968
5.39931,5.78394,57.44211,4528.38645,-0.34333,49.37199,5.793932765,2.158392402,18.99999968
5.4387,5.8301,57.40089,4525.22958,-0.35223,49.41347,5.819497264,2.167915851,18.99999968
5.47803,5.87625,57.35867,4522.06038,-0.36075,49.45518,5.84596127,2.177774389,18.99999968
5.5173,5.9224,57.31549,4518.87826,-0.36888,49.49713,5.873295826,2.187957231,18.99999968
5.55651,5.96855,57.27141,4515.68262,-0.37661,49.53931,5.901470165,2.198452914,18.99999968
5.59565,6.0147,57.22647,4512.47292,-0.38391,49.58173,5.930451686,2.209249292,18.99999968
5.63474,6.06085,57.18072,4509.24859,-0.39079,49.62441,5.960205924,2.220333529,18.99999968
5.67376,6.107,57.13422,4506.00911,-0.39721,49.66734,5.99069654,2.231692086,18.99999968
5.71272,6.15315,57.08702,4502.75397,-0.40317,49.71053,6.0218853,2.24331072,18.99999968
5.75162,6.1993,57.03919,4499.48265,-0.40866,49.75398,6.053732073,2.255174481,18.99999968
5.79045,6.24545,56.99077,4496.1947,-0.41366,49.7977,6.086194824,2.267267709,18.99999968
5.82922,6.2916,56.94182,4492.88964,-0.41817,49.84169,6.11922962,2.27957404,18.99999968
5.86793,6.33774,56.89241,4489.56705,-0.42217,49.88596,6.152790648,2.292076406,18.99999968
5.90657,6.38389,56.8426,4486.22652,-0.42566,49.93051,6.186830229,2.304757046,18.99999968
5.94515,6.43004,56.79245,4482.86766,-0.42861,49.97533,6.221298852,2.317597514,18.99999968
5.98367,6.47618,56.74202,4479.49012,-0.43104,50.02045,6.256145212,2.3305787,18.99999968
6.02211,6.52233,56.69137,4476.09356,-0.43293,50.06585,6.291316259,2.343680841,18.99999968
6.0605,6.56847,56.64058,4472.67767,-0.43427,50.11154,6.326757258,2.356883546,18.99999968
6.09882,6.61461,56.58969,4469.24219,-0.43507,50.15752,6.362411859,2.370165823,18.99999968
6.13707,6.66076,56.53879,4465.78687,-0.43531,50.2038,6.398222178,2.383506109,18.99999968
6.17525,6.7069,56.48793,4462.31151,-0.43499,50.25037,6.434128892,2.396882304,18.99999968
6.21337,6.75304,56.43718,4458.81592,-0.43412,50.29723,6.470071339,2.410271812,18.99999968
6.25142,6.79918,56.3866,4455.29996,-0.43269,50.34439,6.505987641,2.423651579,18.99999968
6.28941,6.84532,56.33626,4451.76352,-0.4307,50.39185,6.541814828,2.436998149,18.99999968
6.32732,6.89145,56.28623,4448.20653,-0.42816,50.4396,6.57748898,2.450287709,18.99999968
6.36517,6.93759,56.23656,4444.62896,-0.42506,50.48765,6.612945381,2.463496152,18.99999968
6.40295,6.98372,56.18733,4441.0308,-0.42142,50.53599,6.648118679,2.476599131,18.99999968
6.44066,7.02985,56.13859,4437.41209,-0.41723,50.58463,6.682943064,2.48957213,18.99999968
6.47829,7.07599,56.09041,4433.77291,-0.41251,50.63355,6.717352449,2.502390532,18.99999968
6.51586,7.12211,56.04285,4430.11338,-0.40726,50.68277,6.751280673,2.515029688,18.99999968
6.55336,7.16824,55.99596,4426.43364,-0.40149,50.73226,6.784661698,2.527464998,18.99999968
6.59079,7.21437,55.94982,4422.7339,-0.39521,50.78204,6.817429825,2.539671987,18.99999968
6.62815,7.26049,55.90446,4419.01439,-0.38843,50.8321,6.849519912,2.551626389,18.99999968
6.66544,7.30661,55.85996,4415.27538,-0.38116,50.88243,6.880867604,2.563304229,18.99999968
6.70265,7.35273,55.81636,4411.51718,-0.37343,50.93303,6.911409559,2.574681911,18.99999968
6.73979,7.39885,55.77372,4407.74014,-0.36524,50.9839,6.941083688,2.585736305,18.99999968
6.77686,7.44496,55.73209,4403.94465,-0.35661,51.03502,6.969829385,2.596444833,18.99999968
6.81386,7.49107,55.69151,4400.13114,-0.34755,51.0864,6.997587773,2.606785563,18.99999968
6.85079,7.53718,55.65203,4396.30007,-0.33809,51.13803,7.024301932,2.61673729,18.99999968
6.88764,7.58329,55.6137,4392.45194,-0.32825,51.18989,7.049917138,2.626279628,18.99999968
6.92442,7.62939,55.57655,4388.58729,-0.31804,51.242,7.074381091,2.635393094,18.99999968
6.96112,7.67549,55.54063,4384.70667,-0.30748,51.29433,7.097644138,2.644059192,18.99999968
6.99775,7.72158,55.50597,4380.81069,-0.29661,51.34688,7.119659492,2.65226049,18.99999968
7.0343,7.76768,55.47261,4376.89999,-0.28544,51.39964,7.140383435,2.659980704,18.99999968
7.07078,7.81377,55.44057,4372.97522,-0.27399,51.45261,7.159775515,2.667204764,18.99999968
7.10719,7.85985,55.40988,4369.03707,-0.2623,51.50577,7.177798732,2.673918887,18.99999968
7.14352,7.90594,55.38057,4365.08626,-0.25038,51.55912,7.194419702,2.680110636,18.99999968
7.17978,7.95202,55.35266,4361.12352,-0.23827,51.61264,7.209608817,2.68576898,18.99999968
7.21596,7.99809,55.32617,4357.14962,-0.22598,51.66634,7.223340377,2.690884348,18.99999968
7.25206,8.04416,55.30111,4353.16533,-0.21355,51.7202,7.235592715,2.695448666,18.99999968
7.28809,8.09023,55.2775,4349.17146,-0.20101,51.77421,7.24634829,2.699455401,18.99999968
7.32404,8.13629,55.25534,4345.16882,-0.18838,51.82836,7.255593777,2.702899588,18.99999968
7.35992,8.18235,55.23464,4341.15824,-0.17568,51.88264,7.263320121,2.705777855,18.99999968
7.39571,8.2284,55.2154,4337.14056,-0.16296,51.93704,7.26952258,2.708088434,18.99999968
7.43144,8.27445,55.19763,4333.11662,-0.15024,51.99156,7.274200741,2.709831172,18.99999968
7.46708,8.3205,55.18132,4329.08728,-0.13754,52.04618,7.277358522,2.711007528,18.99999968
7.50265,8.36654,55.16645,4325.05339,-0.12489,52.10089,7.279004144,2.711620566,18.99999968
7.53815,8.41257,55.15303,4321.01582,-0.11233,52.15569,7.279150089,2.711674934,18.99999968
7.57356,8.4586,55.14103,4316.97543,-0.09988,52.21056,7.277813033,2.711176846,18.99999968
7.6089,8.50463,55.13045,4312.93306,-0.08757,52.26549,7.275013765,2.710134045,18.99999968
7.64417,8.55065,55.12125,4308.88956,-0.07542,52.32048,7.270777079,2.708555768,18.99999968
7.67935,8.59667,55.11342,4304.84579,-0.06347,52.37551,7.265131652,2.706452698,18.99999968
7.71446,8.64268,55.10694,4300.80256,-0.05174,52.43058,7.258109911,2.703836914,18.99999968
7.74949,8.68868,55.10176,4296.7607,-0.04025,52.48568,7.24974787,2.700721834,18.99999968
7.78445,8.73468,55.09787,4292.72101,-0.02903,52.5408,7.240084969,2.697122149,18.99999968
7.81933,8.78067,55.09522,4288.68427,-0.01811,52.59592,7.229163885,2.693053758,18.99999968
7.85413,8.82666,55.09379,4284.65125,-0.00751,52.65105,7.217030347,2.688533696,18.99999968
7.88886,8.87264,55.09353,4280.62271,0.00275,52.70618,7.203732922,2.683580055,18.99999968
7.92351,8.91862,55.09439,4276.59937,0.01264,52.76129,7.189322815,2.678211911,18.99999968
7.95808,8.96459,55.09634,4272.58192,0.02215,52.81638,7.17385364,2.672449236,18.99999968
7.99258,9.01056,55.09933,4268.57105,0.03126,52.87144,7.157381206,2.666312821,18.99999968
8.027,9.05651,55.10331,4264.5674,0.03994,52.92647,7.139963286,2.659824188,18.99999968
8.06134,9.10247,55.10823,4260.5716,0.04818,52.98146,7.121659386,2.653005503,18.99999968
8.09561,9.14842,55.11404,4256.58423,0.05596,53.0364,7.102530522,2.645879498,18.99999968
8.12981,9.19436,55.12068,4252.60587,0.06326,53.09129,7.082638989,2.638469379,18.99999968
8.16394,9.24028,55.12854,4248.63613,0.07786,53.09956,7.061614888,2.630637348,0
8.19804,9.28617,55.13798,4244.67493,0.09192,53.10786,7.039098847,2.62224953,0
8.2321,9.33202,55.14895,4240.72324,0.1054,53.11619,7.015172701,2.613336411,0
8.26612,9.37784,55.16137,4236.78196,0.11829,53.12455,6.989921121,2.603929533,0
8.3001,9.42362,55.17517,4232.85196,0.13055,53.13294,6.963431219,2.594061348,0
8.33405,9.46938,55.19027,4228.93407,0.14216,53.14135,6.935792153,2.583765069,0
8.36795,9.5151,55.20662,4225.02908,0.15309,53.14979,6.907094732,2.573074524,0
8.40182,9.56078,55.22412,4221.13772,0.16333,53.15826,6.877431032,2.562024016,0
8.43565,9.60643,55.24269,4217.26069,0.17285,53.16676,6.84689402,2.550648175,0
8.46945,9.65205,55.26226,4213.39863,0.18164,53.17528,6.815577194,2.538981833,0
8.5032,9.69764,55.28273,4209.55215,0.18968,53.18384,6.783574232,2.527059888,0
8.53692,9.74319,55.30403,4205.72178,0.19695,53.19242,6.750978663,2.514917181,0
8.5706,9.78872,55.32607,4201.90803,0.20345,53.20103,6.717883554,2.502588382,0
8.60424,9.83421,55.34877,4198.11134,0.20917,53.20966,6.684381213,2.490107878,0
8.63785,9.87966,55.37202,4194.33213,0.21409,53.21833,6.650562915,2.477509673,0
8.67141,9.92509,55.39575,4190.57074,0.21821,53.22702,6.61651865,2.464827288,0
8.70495,9.97048,55.41987,4186.82747,0.22153,53.23574,6.582336892,2.452093684,0
8.73844,10.01584,55.44429,4183.10259,0.22404,53.24449,6.548104383,2.439341174,0
8.7719,10.06118,55.46891,4179.3963,0.22575,53.25327,6.513905949,2.426601357,0
8.80532,10.10648,55.49366,4175.70876,0.22665,53.26208,6.479824331,2.413905058,0
8.8387,10.15175,55.51844,4172.04009,0.22674,53.27092,6.445940036,2.401282266,0
8.87205,10.19699,55.54316,4168.39035,0.22603,53.27978,6.412331213,2.388762095,0
8.90536,10.24219,55.56774,4164.75959,0.22453,53.28867,6.379073547,2.37637274,0
8.93864,10.28737,55.59209,4161.14777,0.22224,53.2976,6.346240166,2.364141441,0
8.97188,10.33252,55.61613,4157.55484,0.21917,53.30655,6.313901579,2.352094467,0
9.00508,10.37764,55.63978,4153.9807,0.21533,53.31553,6.282125617,2.340257085,0
9.03825,10.42273,55.66294,4150.42521,0.21073,53.32453,6.250977398,2.328653554,0
9.07138,10.46779,55.68555,4146.8882,0.20539,53.33357,6.220519307,2.317307114,0
9.10448,10.51282,55.70751,4143.36943,0.19932,53.34264,6.190810982,2.306239981,0
9.13755,10.55782,55.72876,4139.86867,0.19254,53.35173,6.161909324,2.295473353,0
9.17057,10.6028,55.74922,4136.38563,0.18506,53.36086,6.133868507,2.285027411,0
9.20357,10.64774,55.76882,4132.91997,0.1769,53.37001,6.106740004,2.274921329,0
9.23652,10.69266,55.78748,4129.47136,0.16808,53.37919,6.08057262,2.26517329,0
9.26945,10.73755,55.80514,4126.0394,0.15861,53.38841,6.055412534,2.255800496,0
9.30234,10.78241,55.82173,4122.62367,0.14853,53.39765,6.031303345,2.246819189,0
9.33519,10.82725,55.83718,4119.22374,0.13785,53.40692,6.008286123,2.238244668,0
9.36801,10.87205,55.85144,4115.83913,0.12659,53.41622,5.986399468,2.230091313,0
9.4008,10.91683,55.86444,4112.46933,0.11478,53.42555,5.965679568,2.222372606,0
9.43355,10.96159,55.87614,4109.11384,0.10245,53.43491,5.946160262,2.215101151,0
9.46627,11.00631,55.88647,4105.77208,0.08961,53.4443,5.927873102,2.208288702,0
9.49895,11.05101,55.89538,4102.4435,0.0763,53.45372,5.910847416,2.201946186,0
9.5316,11.09568,55.90284,4099.12749,0.06253,53.46317,5.895110372,2.196083723,0
9.56422,11.14033,55.90879,4095.82345,0.04834,53.47264,5.88068704,2.190710652,0
9.5968,11.18495,55.91319,4092.53073,0.03376,53.48215,5.867600451,2.185835554,0
9.62935,11.22954,55.91601,4089.24867,0.0188,53.49169,5.855871656,2.181466269,0
9.66187,11.27411,55.91721,4085.9766,0.00351,53.50125,5.845519781,2.177609923,0
9.69435,11.31865,55.91675,4082.71383,-0.01209,53.51085,5.836562075,2.174272942,0
9.7268,11.36317,55.91461,4079.45966,-0.02798,53.52047,5.829013959,2.17146107,0
9.75922,11.40766,55.91077,4076.21334,-0.04411,53.53013,5.822889072,2.169179389,0
9.7916,11.45213,55.90519,4072.97416,-0.06047,53.53981,5.818199302,2.167432326,0
9.82395,11.49657,55.89787,4069.74135,-0.07702,53.54953,5.814954824,2.166223673,0
9.85627,11.54098,55.88877,4066.51415,-0.09373,53.55927,5.813164127,2.165556591,0
9.88856,11.58537,55.87791,4063.29178,-0.11057,53.56904,5.812834032,2.165433622,0
9.92081,11.62973,55.86525,4060.07345,-0.1275,53.57885,5.813969714,2.165856693,0
9.95303,11.67407,55.8508,4056.85837,-0.14451,53.58868,5.816574708,2.166827122,0
9.98521,11.71839,55.83455,4053.64572,-0.16155,53.59854,5.820650914,2.168345616,0
10.01736,11.76268,55.81651,4050.43469,-0.1786,53.60843,5.826198598,2.170412274,0
10.04948,11.80694,55.79668,4047.22445,-0.19563,53.61835,5.83321638,2.173026583,0
10.08157,11.85118,55.77506,4044.01418,-0.21259,53.6283,5.841701227,2.176187411,0
10.11362,11.89539,55.75166,4040.80303,-0.22947,53.63827,5.851648427,2.179893005,0
10.14561,11.93961,55.7237,4037.59645,-0.29936,53.75039,5.865386313,2.185010729,54.99999906
10.17748,11.98386,55.68838,4034.39812,-0.36918,53.86293,5.885260431,2.192414361,54.99999906
10.20924,12.02815,55.64573,4031.20459,-0.43885,53.976,5.911304821,2.202116582,54.99999906
10.24089,12.07246,55.59577,4028.01235,-0.50831,54.0897,5.943564571,2.214134187,54.99999906
10.27242,12.11681,55.53854,4024.81785,-0.57747,54.20415,5.982096723,2.228488428,54.99999906
10.30385,12.1612,55.47409,4021.61748,-0.64625,54.31946,6.026970059,2.245204926,54.99999906
10.33516,12.20561,55.40248,4018.40758,-0.71458,54.43575,6.078264861,2.264313589,54.99999906
10.36635,12.25006,55.32377,4015.18439,-0.78238,54.55312,6.13607262,2.285848501,54.99999906
10.39743,12.29455,55.23803,4011.94412,-0.84956,54.67169,6.200495701,2.309847793,54.99999906
10.4284,12.33907,55.14534,4008.68287,-0.91605,54.79159,6.271646947,2.336353505,54.99999906
10.45925,12.38362,55.04579,4005.39666,-0.98176,54.91293,6.349649219,2.365411403,54.99999906
10.48998,12.4282,54.93949,4002.08143,-1.04661,55.03585,6.43463485,2.397070787,54.99999906
10.52058,12.47282,54.82653,3998.733,-1.11051,55.16046,6.526745017,2.431384248,54.99999906
10.55107,12.51748,54.70703,3995.3471,-1.17336,55.2869,6.626129006,2.468407399,54.99999906
10.58143,12.56217,54.58112,3991.91934,-1.23509,55.41531,6.732943357,2.508198555,54.99999906
10.61167,12.60689,54.44894,3988.44525,-1.2956,55.54581,6.847350882,2.550818368,54.99999906
10.64178,12.65166,54.31063,3984.9202,-1.35478,55.67856,6.969519528,2.596329403,54.99999906
10.67176,12.69645,54.16635,3981.33947,-1.41255,55.81369,7.099621082,2.644795655,54.99999906
10.70161,12.74129,54.01626,3977.69821,-1.46881,55.95135,7.237829682,2.696281995,54.99999906
10.73132,12.78615,53.86053,3973.99145,-1.52345,56.09169,7.384320137,2.750853544,54.99999906
10.76089,12.83106,53.69936,3970.21408,-1.57637,56.23488,7.539266015,2.808574961,54.99999906
10.79033,12.876,53.53294,3966.3609,-1.62747,56.38106,7.702837505,2.869509644,54.99999906
10.81962,12.92098,53.36149,3962.42656,-1.67663,56.5304,7.875199007,2.933718839,54.99999906
10.84877,12.966,53.18522,3958.4056,-1.72374,56.68307,8.056506458,3.001260635,54.99999906
10.87777,13.01106,53.00436,3954.29246,-1.7687,56.83924,8.246904367,3.072188866,54.99999906
10.90662,13.05615,52.81916,3950.08145,-1.81138,56.99908,8.446522536,3.146551886,54.99999906
10.93531,13.10129,52.62987,3945.76682,-1.85167,57.16277,8.655472487,3.224391241,54.99999906
10.96384,13.14646,52.43676,3941.34269,-1.88945,57.33048,8.873843551,3.305740208,54.99999906
10.99221,13.19167,52.24011,3936.80314,-1.92461,57.50241,9.101698649,3.390622227,54.99999906
11.02041,13.23692,52.04021,3932.14218,-1.95701,57.67873,9.33906976,3.479049211,54.99999906
11.04844,13.28221,51.83737,3927.35378,-1.98655,57.85963,9.585953085,3.571019746,54.99999906
11.07629,13.32755,51.63189,3922.4319,-2.01309,58.0453,9.842303937,3.666517183,54.99999906
11.10396,13.37292,51.42412,3917.3705,-2.03652,58.23592,10.10803139,3.765507652,54.99999906
11.13144,13.41833,51.21438,3912.16357,-2.05672,58.43168,10.38299275,3.867937993,54.99999906
11.15874,13.46378,51.00303,3906.80519,-2.07357,58.63276,10.66698784,3.973733637,54.99999906
11.18583,13.50927,50.79043,3901.2895,-2.08694,58.83934,10.95975329,4.08279647,54.99999906
11.21273,13.55481,50.57695,3895.61081,-2.09673,59.05162,11.2609568,4.195002703,54.99999906
11.23942,13.60038,50.36297,3889.76359,-2.10283,59.26974,11.57019158,4.310200794,54.99999906
11.2659,13.646,50.1489,3883.74254,-2.10514,59.49389,11.886971,4.428209463,54.99999906
11.29216,13.69165,49.93512,3877.54263,-2.10354,59.72423,12.21072369,4.548815859,54.99999906
11.31819,13.73735,49.72205,3871.15913,-2.09796,59.96089,12.54078915,4.671773927,54.99999906
11.344,13.78308,49.51011,3864.58772,-2.08831,60.20403,12.87641409,4.796803047,54.99999906
11.36957,13.82886,49.29972,3857.82448,-2.07451,60.45376,13.21674965,4.923587,54.99999906
11.3949,13.87468,49.09131,3850.86596,-2.05649,60.7102,13.56084975,5.051773338,54.99999906
11.41997,13.92053,48.8853,3843.7093,-2.03422,60.97344,13.90767059,5.180973228,54.99999906
11.4448,13.96642,48.68214,3836.35219,-2.00764,61.24356,14.25607173,5.310761819,54.99999906
11.46936,14.01235,48.48225,3828.793,-1.97673,61.52061,14.60481867,5.440679229,54.99999906
11.49365,14.05832,48.28608,3821.0308,-1.94148,61.80464,14.95258722,5.570232165,54.99999906
11.51767,14.10432,48.09404,3813.06543,-1.9019,62.09564,15.2979698,5.698896263,54.99999906
11.54141,14.15035,47.90657,3804.89753,-1.85802,62.3936,15.63948362,5.826119149,54.99999906
11.56486,14.19642,47.72408,3796.52863,-1.80988,62.69848,15.97558096,5.95132425,54.99999906
11.58801,14.24252,47.54698,3787.9611,-1.75755,63.01022,16.30466135,6.073915356,54.99999906
11.61087,14.28865,47.37568,3779.19829,-1.7011,63.3287,16.62508579,6.193281889,54.99999906
11.63342,14.33481,47.21055,3770.24444,-1.64065,63.65379,16.93519266,6.308804857,54.99999906
11.65566,14.38099,47.05196,3761.10481,-1.57633,63.98534,17.23331531,6.419863389,54.99999906
11.67758,14.4272,46.90027,3751.78558,-1.50828,64.32315,17.51780096,6.525841778,54.99999906
11.69918,14.47343,46.75581,3742.2939,-1.43669,64.66699,17.78703057,6.626136892,54.99999906
11.72045,14.51968,46.61889,3732.63786,-1.36173,65.0166,18.0394394,6.720165824,54.99999906
11.74139,14.56595,46.48979,3722.82646,-1.28364,65.37169,18.27353772,6.807373606,54.99999906
11.762,14.61224,46.36878,3712.86954,-1.20263,65.73195,18.48793122,6.887240828,54.99999906
11.78226,14.65854,46.25608,3702.77778,-1.11898,66.09704,18.68134076,6.959290969,54.99999906
11.80217,14.70485,46.15191,3692.56259,-1.03295,66.46656,18.85262074,7.023097269,54.99999906
11.82174,14.75116,46.05643,3682.23606,-0.94483,66.84014,19.00077587,7.078288952,54.99999906
11.84096,14.79748,45.96979,3671.81084,-0.85493,67.21735,19.1249757,7.124556655,54.99999906
11.85982,14.8438,45.8921,3661.30011,-0.76356,67.59775,19.22456666,7.161656908,54.99999906
11.87833,14.89012,45.82344,3650.71742,-0.67104,67.98089,19.29908123,7.189415547,54.99999906
11.89648,14.93644,45.76385,3640.07661,-0.57771,68.36631,19.34824402,7.207729982,54.99999906
11.91428,14.98274,45.71333,3629.39173,-0.48391,68.75354,19.37197462,7.216570254,54.99999906
11.93171,15.02904,45.67188,3618.67688,-0.38998,69.14208,19.37038714,7.215978875,54.99999906
11.94879,15.07532,45.63942,3607.94615,-0.29626,69.53147,19.34378657,7.206069463,54.99999906
11.96551,15.12159,45.61587,3597.21347,-0.20309,69.92123,19.29266202,7.187024221,54.99999906
11.98187,15.16784,45.60112,3586.49256,-0.11081,70.31088,19.21767708,7.159090361,54.99999906
11.99788,15.21406,45.59501,3575.79679,-0.01974,70.69996,19.11965772,7.122575568,54.99999906
12.01353,15.26026,45.59736,3565.13911,0.06981,71.08802,18.99957783,7.077842652,54.99999906
12.02884,15.30643,45.60797,3554.53198,0.15751,71.47462,18.85854319,7.025303536,54.99999906
12.04379,15.35257,45.62659,3543.98726,0.2431,71.85935,18.69777391,6.965412749,54.99999906
12.05839,15.39868,45.65299,3533.5162,0.32627,72.2418,18.5185861,6.898660577,54.99999906
12.07266,15.44475,45.68686,3523.12935,0.40678,72.62161,18.32237305,6.825566051,54.99999906
12.08658,15.49078,45.72792,3512.83652,0.48439,72.99842,18.11058634,6.74666993,54.99999906
12.10017,15.53677,45.77585,3502.64676,0.55886,73.3719,17.8847174,6.662527807,54.99999906
12.11343,15.58272,45.8303,3492.56836,0.63,73.74175,17.6462797,6.57370349,54.99999906
12.12637,15.62862,45.89093,3482.60876,0.69762,74.10772,17.39679199,6.480762754,54.99999906
12.13898,15.67448,45.95738,3472.77465,0.76155,74.46954,17.13776277,6.384267554,54.99999906
12.15127,15.72029,46.02928,3463.07189,0.82165,74.82701,16.87067621,6.284770784,54.99999906
12.16326,15.76605,46.10624,3453.50555,0.8778,75.17994,16.59697965,6.182811611,54.99999906
12.17493,15.81176,46.18787,3444.07997,0.9299,75.52817,16.31807269,6.07891143,54.99999906
12.18631,15.85742,46.27379,3434.79871,0.97785,75.87156,16.03529805,5.973570439,54.99999906
12.19739,15.90302,46.36359,3425.66463,1.02159,76.21001,15.74993404,5.867264837,54.99999906
12.20818,15.94857,46.45689,3416.67991,1.06108,76.54344,15.46318864,5.760444628,54.99999906
12.21868,15.99407,46.55327,3407.84609,1.09628,76.87179,15.17619511,5.653531988,54.99999906
12.22891,16.03951,46.65236,3399.1641,1.12718,77.19503,14.89000912,5.546920176,54.99999906
12.23886,16.08489,46.75374,3390.63429,1.15377,77.51313,14.60560706,5.440972926,54.99999906
12.24854,16.13021,46.85705,3382.25651,1.17608,77.82611,14.32388562,5.336024276,54.99999906
12.25796,16.17548,46.96188,3374.03012,1.19412,78.13399,14.04566236,5.232378791,54.99999906
12.26712,16.22069,47.06786,3365.95401,1.20795,78.43682,13.7716772,5.130312112,54.99999906
12.27603,16.26584,47.17463,3358.0267,1.2176,78.73465,13.50259467,5.030071789,54.99999906
12.28468,16.31093,47.28181,3350.24633,1.22314,79.02755,13.23900674,4.931878349,54.99999906
12.2931,16.35597,47.38906,3342.6107,1.22464,79.31561,12.98143619,4.835926544,54.99999906
12.30128,16.40094,47.49602,3335.11735,1.22217,79.59893,12.73034037,4.742386743,54.99999906
12.30922,16.44586,47.60236,3327.76354,1.21583,79.87762,12.48611516,4.651406427,54.99999906
12.31694,16.49071,47.70774,3320.54629,1.2057,80.15178,12.24909921,4.56311175,54.99999906
12.32443,16.53551,47.81186,3313.46244,1.19188,80.42156,12.01957821,4.477609136,54.99999906
12.3317,16.58025,47.91441,3306.50866,1.17447,80.68707,11.79778917,4.394986885,54.99999906
12.33876,16.62493,48.01509,3299.68147,1.15358,80.94847,11.58392477,4.315316769,54.99999906
12.3456,16.66955,48.11361,3292.97726,1.12932,81.20589,11.37813749,4.238655592,54.99999906
12.35224,16.71412,48.2097,3286.39233,1.10179,81.45948,11.1805437,4.165046707,54.99999906
12.35867,16.75862,48.3031,3279.92287,1.07112,81.70939,10.99122757,4.094521467,54.99999906
12.3649,16.80307,48.39356,3273.56504,1.03742,81.95578,10.8102448,4.027100621,54.99999906
12.37093,16.84746,48.48083,3267.31491,1.00081,82.19881,10.63762611,3.962795619,54.99999906
12.37677,16.89179,48.56469,3261.16853,0.96141,82.43864,10.47338063,3.901609854,54.99999906
12.38242,16.93607,48.64492,3255.12191,0.91933,82.67543,10.3174989,3.84353981,54.99999906
12.38789,16.98029,48.7213,3249.17105,0.8747,82.90934,10.16995583,3.788576133,54.99999906
12.39316,17.02445,48.79366,3243.31193,0.82765,83.14054,10.03071329,3.736704624,54.99999906
12.39826,17.06855,48.86179,3237.54052,0.77828,83.36919,9.899722591,3.687907142,54.99999906
12.40317,17.1126,48.92553,3231.85279,0.72673,83.59545,9.77692669,3.642162438,54.99999906
12.40791,17.15659,48.98471,3226.24472,0.67311,83.81949,9.662262222,3.599446907,54.99999906
12.41247,17.20052,49.03918,3220.7123,0.61754,84.04147,9.555661331,3.55973527,54.99999906
12.41686,17.2444,49.0888,3215.25151,0.56014,84.26155,9.457053318,3.523001191,54.99999906
12.42108,17.28822,49.13344,3209.85835,0.50103,84.4799,9.366366114,3.489217821,54.99999906
12.42513,17.33199,49.17297,3204.52885,0.44034,84.69669,9.283527585,3.45835829,54.99999906
12.42901,17.3757,49.20729,3199.25901,0.37817,84.91207,9.208466692,3.430396132,54.99999906
12.43272,17.41935,49.23629,3194.04488,0.31464,85.12621,9.141114497,3.405305667,54.99999906
12.43627,17.46295,49.25988,3188.88248,0.24987,85.33926,9.081405036,3.383062322,54.99999906
12.43966,17.50649,49.27798,3183.76787,0.18399,85.5514,9.029276074,3.363642912,54.99999906
12.44289,17.54997,49.29053,3178.69709,0.11709,85.76278,8.984669725,3.347025873,54.99999906
12.44595,17.5934,49.29745,3173.6662,0.0493,85.97356,8.947532978,3.333191458,54.99999906
12.44885,17.63677,49.2987,3168.67124,-0.01926,86.1839,8.917818105,3.322121886,54.99999906
12.4516,17.68008,49.29424,3163.70827,-0.08849,86.39397,8.895482974,3.313801462,54.99999906
12.45418,17.72333,49.28404,3158.77333,-0.15826,86.60393,8.880491272,3.308216659,54.99999906
12.45661,17.76653,49.26806,3153.86243,-0.22847,86.81393,8.872812627,3.305356161,54.99999906
12.45887,17.80967,49.24631,3148.97161,-0.29901,87.02414,8.872422653,3.305210886,54.99999906
12.46098,17.85275,49.21876,3144.09686,-0.36974,87.23472,8.879302898,3.307773958,54.99999906
12.46293,17.89578,49.18544,3139.23416,-0.44057,87.44584,8.893440721,3.313040669,54.99999906
12.46473,17.93874,49.14635,3134.37946,-0.51138,87.65765,8.91482907,3.321008392,54.99999906
12.46636,17.98164,49.10153,3129.5287,-0.58205,87.87033,8.943466185,3.331676471,54.99999906
12.46784,18.02449,49.05099,3124.67778,-0.65247,88.08404,8.979355217,3.34504608,54.99999906
12.46916,18.06727,48.99479,3119.82256,-0.72253,88.29894,9.022503754,3.361120045,54.99999906
12.47032,18.10999,48.93299,3114.95888,-0.7921,88.51521,9.072923257,3.379902636,54.99999906
12.47132,18.15265,48.86563,3110.08253,-0.86108,88.73301,9.130628412,3.401399325,54.99999906
12.47216,18.19524,48.7928,3105.18928,-0.92934,88.95252,9.19563638,3.425616503,54.99999906
12.47284,18.23777,48.71457,3100.27483,-0.99677,89.1739,9.267965947,3.45256117,54.99999906
12.47336,18.28024,48.63103,3095.33489,-1.06325,89.39733,9.347636577,3.482240576,54.99999906
12.47371,18.32263,48.54229,3090.36507,-1.12866,89.62299,9.434667349,3.514661828,54.99999906
12.4739,18.36496,48.44845,3085.36098,-1.19288,89.85105,9.529075795,3.549831459,54.99999906
12.47393,18.40723,48.34963,3080.31817,-1.2558,90.08169,9.630876613,3.587754942,54.99999906
12.47378,18.44942,48.24597,3075.23217,-1.31729,90.3151,9.740080268,3.628436177,54.99999906
12.47347,18.49154,48.13759,3070.09847,-1.37723,90.55145,9.856691472,3.671876918,54.99999906
12.47299,18.53358,48.02465,3064.91251,-1.4355,90.79093,9.980707543,3.718076168,54.99999906
12.47242,18.57556,47.91211,3059.65583,-1.37182,90.8027,10.10517979,3.764445354,0
12.47184,18.61746,47.80499,3054.31495,-1.3048,90.81445,10.22279706,3.808260883,0
12.47126,18.6593,47.70354,3048.89304,-1.23464,90.82619,10.33293006,3.849288323,0
12.47067,18.70106,47.60798,3043.39369,-1.16154,90.83791,10.4349982,3.887311392,0
12.47007,18.74274,47.51852,3037.82083,-1.08573,90.84961,10.52845789,3.922127586,0
12.46946,18.78435,47.43535,3032.17876,-1.00744,90.8613,10.61280905,3.95355061,0
12.46885,18.82588,47.35863,3026.4721,-0.92694,90.87297,10.68760125,3.981412674,0
12.46823,18.86734,47.28851,3020.70578,-0.84449,90.88463,10.75243941,4.005566593,0
12.4676,18.90871,47.22511,3014.88499,-0.76036,90.89626,10.80698872,4.025887646,0
12.46696,18.95001,47.16851,3009.01517,-0.67486,90.90788,10.85097892,4.042275153,0
12.46632,18.99123,47.1188,3003.10198,-0.58827,90.91948,10.88420766,4.054653734,0
12.46567,19.03237,47.07603,2997.15122,-0.50091,90.93107,10.90654298,4.062974227,0
12.46502,19.07342,47.0402,2991.16884,-0.41309,90.94263,10.91792472,4.067214226,0
12.46435,19.1144,47.01132,2985.16089,-0.3251,90.95418,10.91836504,4.067378257,0
12.46369,19.15529,46.98937,2979.13346,-0.23727,90.96571,10.9079478,4.063497561,0
12.46301,19.1961,46.97429,2973.09266,-0.14992,90.97722,10.88682702,4.055629513,0
12.46233,19.23682,46.96601,2967.04456,-0.06333,90.98871,10.85522435,4.043856687,0
12.46164,19.27747,46.96442,2960.99518,0.02218,91.00019,10.81342568,4.028285583,0
12.46094,19.31803,46.9694,2954.95043,0.10632,91.01165,10.76177695,4.009045072,0
12.46024,19.3585,46.98081,2948.91609,0.1888,91.02308,10.70067923,3.986284565,0
12.45953,19.3989,46.99849,2942.89777,0.26935,91.0345,10.6305833,3.960171986,0
12.45882,19.43921,47.02225,2936.90089,0.34771,91.04591,10.55198369,3.930891564,0
12.4581,19.47943,47.05189,2930.93064,0.42362,91.05729,10.46541248,3.898641512,0
12.45737,19.51958,47.08719,2924.99196,0.49686,91.06866,10.37143287,3.863631634,0
12.45664,19.55964,47.1279,2919.08954,0.56721,91.08,10.27063267,3.826080905,0
12.4559,19.59962,47.17379,2913.22779,0.63446,91.09133,10.16361786,3.786215074,0
12.45515,19.63952,47.22459,2907.41081,0.69842,91.10265,10.05100637,3.74426433,0
12.4544,19.67934,47.28002,2901.64241,0.75893,91.11394,9.93342199,3.700461055,0
12.45364,19.71908,47.33979,2895.92608,0.81584,91.12522,9.811488759,3.655037719,0
12.45288,19.75874,47.40362,2890.26503,0.86901,91.13648,9.685825678,3.608224914,0
12.45211,19.79833,47.4712,2884.66211,0.91834,91.14772,9.557041918,3.560249575,0
12.45133,19.83783,47.54222,2879.1199,0.96371,91.15894,9.42573254,3.511333377,0
12.45055,19.87726,47.61637,2873.64066,1.00506,91.17015,9.29247472,3.461691333,0
12.44976,19.91661,47.69333,2868.22635,1.04231,91.18134,9.157824536,3.411530596,0
12.44896,19.95589,47.77279,2862.87864,1.07542,91.19251,9.022314268,3.361049456,0
12.44816,19.99509,47.85442,2857.59892,1.10436,91.20367,8.886450243,3.310436532,0
12.44736,20.03422,47.93791,2852.38832,1.12911,91.21481,8.75071117,3.259870156,0
12.44654,20.07328,48.02294,2847.24769,1.14967,91.22594,8.615546957,3.20951793,0
12.44572,20.11226,48.10919,2842.17767,1.16605,91.23705,8.481377962,3.159536449,0
12.4449,20.15118,48.19635,2837.17864,1.17826,91.24814,8.348594658,3.110071175,0
12.44407,20.19003,48.28411,2832.25077,1.18635,91.25922,8.217557647,3.061256441,0
12.44323,20.22881,48.37217,2827.39404,1.19037,91.27028,8.088598006,3.013215581,0
12.44239,20.26752,48.46022,2822.60822,1.19035,91.28133,7.9620179,2.966061161,0
12.44154,20.30617,48.54798,2817.89291,1.18639,91.29236,7.83809144,2.919895294,0
12.44069,20.34475,48.63516,2813.24756,1.17853,91.30338,7.717065734,2.874810034,0
12.43983,20.38327,48.72148,2808.67146,1.16687,91.31438,7.599162092,2.830887825,0
12.43897,20.42173,48.80666,2804.16374,1.1515,91.32537,7.484577362,2.788201998,0
12.4381,20.46012,48.89045,2799.72345,1.13251,91.33635,7.373485349,2.746817301,0
12.43722,20.49845,48.97258,2795.34949,1.11,91.34731,7.266038303,2.706790449,0
12.43634,20.53673,49.05282,2791.04065,1.08408,91.35826,7.162368436,2.668170695,0
12.43545,20.57494,49.13092,2786.79565,1.05485,91.36919,7.062589456,2.6310004,0
12.43455,20.61309,49.20666,2782.61311,1.02243,91.38011,6.966798094,2.595315597,0
12.43365,20.65119,49.27981,2778.49156,0.98695,91.39102,6.875075603,2.561146556,0
12.43275,20.68923,49.35016,2774.42948,0.9485,91.40191,6.787489227,2.528518327,0
12.43184,20.72722,49.41753,2770.42526,0.90723,91.41279,6.704093612,2.497451266,0
12.43092,20.76515,49.4817,2766.47727,0.86326,91.42366,6.624932166,2.467961544,0
12.43,20.80303,49.54251,2762.58378,0.81671,91.43452,6.55003835,2.440061627,0
12.42907,20.84086,49.59978,2758.74303,0.76771,91.44536,6.479436899,2.413760729,0
12.42813,20.87863,49.65335,2754.95324,0.71639,91.45619,6.413144969,2.389065241,0
12.42719,20.91635,49.70306,2751.21256,0.66288,91.46701,6.351173208,2.365979129,0
12.42625,20.95402,49.74879,2747.5191,0.60732,91.47782,6.293526747,2.344504306,0
12.4253,20.99164,49.79039,2743.87096,0.54983,91.48861,6.240206117,2.324640968,0
12.42434,21.0292,49.82774,2740.26619,0.49055,91.4994,6.191208081,2.306387911,0
12.42338,21.06672,49.86074,2736.70282,0.42961,91.51017,6.1465264,2.289742809,0
12.42241,21.1042,49.88927,2733.17882,0.36715,91.52093,6.106152515,2.274702474,0
12.42144,21.14162,49.91325,2729.69217,0.30329,91.53167,6.070076157,2.261263082,0
12.42046,21.17899,49.93259,2726.24081,0.23818,91.54241,6.038285893,2.249420372,0
12.41947,21.21632,49.94722,2722.82265,0.17194,91.55314,6.010769593,2.239169826,0
12.41848,21.2536,49.95708,2719.43556,0.10471,91.56385,5.987514839,2.230506818,0
12.41748,21.29084,49.96212,2716.07741,0.03662,91.57455,5.96850926,2.22342674,0
12.41648,21.32802,49.96228,2712.74602,-0.03219,91.58524,5.953740812,2.217925105,0
12.41548,21.36517,49.95753,2709.4392,-0.10159,91.59592,5.943197994,2.213997628,0
12.41446,21.40226,49.94786,2706.15471,-0.17145,91.60659,5.936870002,2.211640284,0
12.41344,21.43931,49.93324,2702.89031,-0.24162,91.61725,5.934746824,2.210849345,0
12.41242,21.47632,49.91366,2699.64371,-0.31199,91.6279,5.936819289,2.211621392,0
12.41139,21.51328,49.88914,2696.41261,-0.3824,91.63854,5.943079039,2.213953314,0
12.41036,21.5502,49.85968,2693.19465,-0.45274,91.64916,5.953518468,2.217842276,0
12.40932,21.58707,49.82531,2689.98747,-0.52286,91.65978,5.968130588,2.223285675,0
12.40827,21.6239,49.78605,2686.78867,-0.59263,91.67038,5.986908846,2.23028107,0
12.40722,21.66068,49.74195,2683.59582,-0.66192,91.68097,6.009846893,2.238826096,0
12.40616,21.69742,49.69306,2680.40646,-0.73059,91.69156,6.036938284,2.248918352,0
12.4051,21.73412,49.63944,2677.21808,-0.7985,91.70213,6.068176133,2.260555273,0
12.40404,21.77077,49.58116,2674.02818,-0.86553,91.71269,6.103552707,2.273733977,0
12.40296,21.80737,49.51829,2670.8342,-0.93153,91.72324,6.143058964,2.288451098,0
12.40189,21.84394,49.45092,2667.63356,-0.99638,91.73377,6.186684039,2.304702586,0
12.4008,21.88045,49.37916,2664.42365,-1.05993,91.7443,6.234414667,2.322483501,0
12.39971,21.91693,49.3031,2661.20184,-1.12206,91.75482,6.28623455,2.341787771,0
12.39862,21.95335,49.22286,2657.96547,-1.18262,91.76532,6.342123677,2.362607941,0
12.39752,21.98974,49.13857,2654.71187,-1.24149,91.77582,6.402057573,2.384934894,0
12.39642,22.02607,49.05035,2651.43833,-1.29852,91.7863,6.466006511,2.408757556,0
12.39531,22.06236,48.95836,2648.14214,-1.35359,91.79677,6.533934659,2.434062578,0
12.3942,22.09861,48.86274,2644.82058,-1.40657,91.80724,6.605799183,2.460834005,0
12.39308,22.13481,48.76365,2641.47092,-1.45733,91.81769,6.681549311,2.489052921,0
12.39195,22.17096,48.66126,2638.09041,-1.50572,91.82812,6.761125347,2.518697088,0
12.39083,22.20707,48.55575,2634.67634,-1.55164,91.83855,6.844457655,2.549740565,0
12.38969,22.24313,48.4473,2631.22598,-1.59494,91.84897,6.93146562,2.582153321,0
12.38855,22.27914,48.33611,2627.73663,-1.63552,91.85937,7.022056589,2.615900841,0
12.38741,22.3151,48.22237,2624.20561,-1.67324,91.86976,7.116124804,2.650943726,0
12.38626,22.35101,48.1063,2620.63026,-1.70799,91.88014,7.213550339,2.687237301,0
12.38511,22.38687,47.98811,2617.008,-1.73966,91.89051,7.314198066,2.724731228,0
12.38395,22.42269,47.86803,2613.33626,-1.76814,91.90087,7.417916643,2.763369127,0
12.38279,22.45845,47.74629,2609.61255,-1.79331,91.91121,7.524537564,2.803088225,0
12.38162,22.49416,47.62312,2605.83446,-1.81509,91.92155,7.633874276,2.843819027,0
12.38045,22.52982,47.49876,2601.99966,-1.83338,91.93187,7.745721394,2.885485021,0
12.37927,22.56542,47.37346,2598.1059,-1.8481,91.94217,7.859854021,2.928002428,0
12.37809,22.60097,47.24748,2594.15106,-1.85915,91.95247,7.976027222,2.971280002,0
12.37691,22.63647,47.12106,2590.13315,-1.86648,91.96275,8.09397564,3.015218891,0
12.37572,22.67191,46.99448,2586.05029,-1.87001,91.97302,8.213413317,3.059712569,0
12.37452,22.7073,46.86799,2581.90077,-1.8697,91.98327,8.334033715,3.10464684,0
12.37333,22.74262,46.74185,2577.68305,-1.8655,91.99352,8.45550997,3.149899942,0
12.37212,22.7779,46.61634,2573.39574,-1.85737,92.00375,8.577495414,3.195342729,0
12.37092,22.81311,46.49172,2569.03768,-1.84531,92.01396,8.699624357,3.240838974,0
12.36971,22.84826,46.36825,2564.60788,-1.82928,92.02416,8.821513171,3.286245764,0
12.36849,22.88335,46.24621,2560.10559,-1.80931,92.03435,8.942761684,3.331414025,0
12.36727,22.91838,46.12585,2555.53028,-1.7854,92.04453,9.062954874,3.376189151,0
12.36605,22.95335,46.00743,2550.88167,-1.75759,92.05469,9.1816649,3.420411759,0
12.36483,22.98826,45.89122,2546.15972,-1.72592,92.06483,9.29845343,3.46391856,0
12.3636,23.0231,45.77746,2541.36466,-1.69045,92.07496,9.412874288,3.50654334,0
12.36236,23.05787,45.66639,2536.49699,-1.65125,92.08508,9.524476383,3.548118057,0
12.36112,23.09258,45.55826,2531.55747,-1.60842,92.09518,9.632806908,3.588474028,0
12.35988,23.12722,45.45329,2526.54715,-1.56206,92.10527,9.737414771,3.627443209,0
12.35864,23.1618,45.35171,2521.46735,-1.51229,92.11534,9.837854222,3.664859547,0
12.35739,23.1963,45.25373,2516.31968,-1.45925,92.12539,9.933688627,3.700560384,0
12.35614,23.23074,45.15954,2511.10601,-1.40309,92.13543,10.02449434,3.734387902,0
12.35489,23.2651,45.06933,2505.82851,-1.34397,92.14546,10.10986463,3.76619058,0
12.35363,23.29939,44.98327,2500.48958,-1.28209,92.15547,10.18941353,3.795824641,0
12.35237,23.33361,44.90153,2495.09191,-1.21762,92.16546,10.26277972,3.823155474,0
12.3511,23.36776,44.82426,2489.63841,-1.15078,92.17543,10.32963006,3.848058988,0
12.34984,23.40183,44.75157,2484.13224,-1.08179,92.18539,10.38966315,3.870422894,0
12.34856,23.43583,44.68359,2478.57676,-1.01088,92.19534,10.44261238,3.890147873,0
12.34729,23.46975,44.62042,2472.97553,-0.93829,92.20526,10.48824876,3.907148626,0
12.34602,23.50359,44.56213,2467.33232,-0.86426,92.21517,10.52638336,3.921354767,0
12.34474,23.53736,44.50879,2461.65101,-0.78906,92.22506,10.55686923,3.932711556,0
12.34346,23.57105,44.46044,2455.93564,-0.71295,92.23494,10.57960292,3.941180455,0
12.34217,23.60466,44.41712,2450.19037,-0.63619,92.2448,10.59452544,3.946739486,0
12.34088,23.63819,44.37883,2444.41945,-0.55906,92.25464,10.60162271,3.949383406,0
12.33959,23.67165,44.34556,2438.62716,-0.48183,92.26446,10.60092548,3.949123667,0
12.3383,23.70502,44.31729,2432.81786,-0.40476,92.27427,10.59250871,3.945988201,0
12.33701,23.73832,44.29398,2426.9959,-0.32813,92.28406,10.5764905,3.940020995,0
12.33571,23.77153,44.27557,2421.16564,-0.25221,92.29383,10.55303041,3.931281495,0
12.33441,23.80467,44.26198,2415.3314,-0.17726,92.30359,10.52232749,3.91984385,0
12.33311,23.83772,44.25312,2409.49742,-0.10353,92.31332,10.48461778,3.905795989,0
12.33181,23.8707,44.24888,2403.6679,-0.03128,92.32304,10.44017151,3.889238586,0
12.3305,23.90359,44.24914,2397.84693,0.03925,92.33274,10.38929005,3.870283901,0
12.32919,23.93641,44.25376,2392.03846,0.10783,92.34243,10.3323025,3.849054542,0
12.32788,23.96914,44.26259,2386.24635,0.17423,92.3521,10.26956228,3.825682156,0
12.32657,24.0018,44.27548,2380.47428,0.23826,92.36175,10.20144341,3.800306088,0
12.32525,24.03437,44.29223,2374.72578,0.29971,92.37138,10.12833696,3.773072011,0
12.32393,24.06687,44.31268,2369.00419,0.35839,92.38099,10.0506473,3.744130567,0
12.32261,24.09928,44.33662,2363.3127,0.41413,92.39059,9.968788541,3.713636026,0
12.32129,24.13162,44.36385,2357.65427,0.46678,92.40017,9.883181073,3.681744992,0
12.31997,24.16388,44.39417,2352.03168,0.5162,92.40973,9.794248205,3.648615158,0
12.31864,24.19607,44.42735,2346.44751,0.56225,92.41928,9.702413039,3.614404143,0
12.31732,24.22817,44.46317,2340.90414,0.60483,92.42881,9.608095557,3.579268399,0
12.31599,24.2602,44.50141,2335.40373,0.64383,92.43832,9.511709941,3.543362221,0
12.31465,24.29216,44.54182,2329.94824,0.67917,92.44781,9.413662173,3.506836848,0
12.31332,24.32404,44.58418,2324.53942,0.71078,92.45729,9.314347892,3.469839665,0
12.31198,24.35584,44.62825,2319.17883,0.7386,92.46675,9.214150536,3.432513514,0
12.31065,24.38757,44.67379,2313.86782,0.76259,92.4762,9.113439764,3.394996101,0
12.30931,24.41923,44.72056,2308.60756,0.78273,92.48563,9.012570145,3.357419514,0
12.30796,24.45081,44.76832,2303.39902,0.79899,92.49504,8.911880109,3.319909826,0
12.30662,24.48232,44.81684,2298.24299,0.81138,92.50444,8.811691158,3.282586806,0
12.30527,24.51377,44.86588,2293.14009,0.8199,92.51382,8.712307302,3.245563705,0
12.30393,24.54514,44.9152,2288.09076,0.82457,92.52318,8.614014717,3.208947131,0
12.30258,24.57644,44.96458,2283.09529,0.82542,92.53253,8.517081605,3.172836996,0
12.30122,24.60767,45.0138,2278.15382,0.8225,92.54186,8.421758227,3.137326529,0
12.29987,24.63884,45.06262,2273.26632,0.81585,92.55118,8.328277102,3.102502351,0
12.29851,24.66994,45.11083,2268.43265,0.80554,92.56048,8.236853339,3.068444593,0
12.29715,24.70097,45.15822,2263.65251,0.79163,92.56977,8.147685093,3.035227075,0
12.29579,24.73193,45.20459,2258.92551,0.7742,92.57904,8.060954116,3.002917505,0
12.29443,24.76284,45.24973,2254.25111,0.75333,92.5883,7.976826397,2.971577716,0
12.29307,24.79367,45.29344,2249.62867,0.72911,92.59754,7.895452857,2.941263931,0
12.2917,24.82445,45.33554,2245.05746,0.70164,92.60677,7.816970101,2.912027039,0
12.29033,24.85516,45.37586,2240.53663,0.67102,92.61598,7.741501201,2.883912889,0
12.28896,24.88581,45.41421,2236.06526,0.63735,92.62518,7.669156503,2.856962585,0
12.28759,24.9164,45.45042,2231.64232,0.60076,92.63436,7.600034434,2.831212795,0
12.28621,24.94693,45.48435,2227.26672,0.56135,92.64353,7.534222321,2.806696052,0
12.28484,24.97739,45.51584,2222.93729,0.51925,92.65269,7.471797191,2.783441049,0
12.28346,25.0078,45.54474,2218.65277,0.47458,92.66183,7.412826554,2.761472935,0
12.28208,25.03815,45.57092,2214.41187,0.42747,92.67096,7.357369163,2.740813597,0
12.28069,25.06844,45.59426,2210.21319,0.37805,92.68007,7.305475739,2.721481931,0
12.27931,25.09868,45.61464,2206.05531,0.32644,92.68917,7.257189664,2.703494098,0
12.27792,25.12886,45.63193,2201.93674,0.2728,92.69826,7.212547637,2.686863768,0
12.27653,25.15898,45.64605,2197.85593,0.21725,92.70733,7.171580274,2.671602348,0
12.27514,25.18904,45.65691,2193.81128,0.15994,92.71639,7.134312683,2.65771919,0
12.27375,25.21905,45.6644,2189.80115,0.101,92.72543,7.100764972,2.645221784,0
12.27235,25.24901,45.66846,2185.82385,0.04059,92.73447,7.070952719,2.634115936,0
12.27095,25.27891,45.66902,2181.87765,-0.02117,92.74349,7.044887394,2.624405916,0
12.26955,25.30875,45.66602,2177.96077,-0.08412,92.75249,7.022576724,2.616094605,0
12.26815,25.33854,45.65942,2174.0714,-0.14811,92.76149,7.004025013,2.609183604,0
12.26675,25.36828,45.64915,2170.20768,-0.21301,92.77047,6.989233407,2.603673342,0
12.26534,25.39797,45.6352,2166.36772,-0.27866,92.77943,6.978200114,2.59956315,0
12.26393,25.4276,45.61754,2162.5496,-0.34491,92.78839,6.970920573,2.596851329,0
12.26252,25.45718,45.59614,2158.75135,-0.41161,92.79733,6.967387566,2.595535191,0
12.26111,25.4867,45.57101,2154.97097,-0.47862,92.80626,6.967591296,2.595611086,0
12.2597,25.51618,45.54214,2151.20645,-0.54579,92.81517,6.971519404,2.59707441,0
12.25828,25.5456,45.50954,2147.45572,-0.61297,92.82407,6.979156944,2.599919594,0
12.25686,25.57497,45.47323,2143.71671,-0.68,92.83296,6.990486312,2.604140082,0
12.25544,25.60429,45.43322,2139.9873,-0.74675,92.84184,7.005487129,2.609728281,0
12.25402,25.63356,45.38957,2136.26535,-0.81305,92.85071,7.024136082,2.616675507,0
12.2526,25.66278,45.3423,2132.5487,-0.87877,92.85956,7.046406717,2.624971904,0
12.25117,25.69194,45.29147,2128.83517,-0.94375,92.8684,7.072269199,2.634606359,0
12.24974,25.72105,45.23713,2125.12255,-1.00785,92.87722,7.101690023,2.64556639,0
12.24831,25.75012,45.17935,2121.40863,-1.07092,92.88604,7.134631699,2.657838031,0
12.24688,25.77913,45.11821,2117.69118,-1.13281,92.89484,7.171052387,2.671405696,0
12.24545,25.80808,45.05378,2113.96794,-1.19338,92.90363,7.210905513,2.686252034,0
12.24401,25.83699,44.98615,2110.23665,-1.2525,92.9124,7.25413935,2.702357776,0
12.24258,25.86585,44.91543,2106.49507,-1.31,92.92117,7.300696565,2.719701563,0
12.24114,25.89465,44.84172,2102.74091,-1.36577,92.92992,7.350513758,2.738259778,0
12.2397,25.9234,44.76511,2098.97194,-1.41965,92.93865,7.403520969,2.758006359,0
12.23826,25.9521,44.68575,2095.18588,-1.47152,92.94738,7.459641178,2.778912614,0
12.23681,25.98074,44.60374,2091.38049,-1.52124,92.95609,7.518789799,2.800947031,0
12.23537,26.00934,44.51923,2087.55356,-1.56869,92.96479,7.580874163,2.82407509,0
12.23392,26.03788,44.43235,2083.70286,-1.61373,92.97348,7.645793014,2.848259071,0
12.23247,26.06636,44.34324,2079.82624,-1.65625,92.98215,7.713436015,2.873457868,0
12.23102,26.09479,44.25206,2075.92154,-1.69612,92.99081,7.783683272,2.89962682,0
12.22957,26.12317,44.15896,2071.98666,-1.73324,92.99946,7.856404887,2.926717535,0
12.22812,26.1515,44.06411,2068.01954,-1.7675,93.00809,7.931460552,2.954677745,0
12.22667,26.17977,43.96766,2064.01819,-1.79879,93.01672,8.008699187,2.983451169,0
12.22521,26.20798,43.8698,2059.98066,-1.82702,93.02532,8.087958637,3.012977399,0
12.22375,26.23614,43.77069,2055.90509,-1.85209,93.03392,8.169065441,3.043191818,0
12.2223,26.26424,43.67052,2051.78969,-1.87392,93.0425,8.251834678,3.074025536,0
12.22084,26.29228,43.56947,2047.63275,-1.89244,93.05107,8.336069898,3.105405372,0
12.21938,26.32027,43.46773,2043.43265,-1.90758,93.05963,8.421563167,3.137253864,0
12.21792,26.3482,43.36547,2039.1879,-1.91927,93.06817,8.508095207,3.169489326,0
12.21645,26.37607,43.2629,2034.8971,-1.92747,93.0767,8.595435676,3.202025949,0
12.21499,26.40388,43.16021,2030.55897,-1.93214,93.08521,8.683343557,3.234773948,0
12.21353,26.43163,43.05758,2026.17236,-1.93323,93.09371,8.771567705,3.267639764,0
12.21206,26.45932,42.95522,2021.73627,-1.93074,93.1022,8.859847519,3.300526317,0
12.2106,26.48695,42.8533,2017.24982,-1.92465,93.11067,8.947913782,3.333333317,0
12.20913,26.51452,42.75203,2012.7123,-1.91497,93.11913,9.035489632,3.365957626,0
12.20766,26.54203,42.65159,2008.12315,-1.9017,93.12758,9.122291702,3.398293681,0
12.2062,26.56947,42.55217,2003.48198,-1.88486,93.13601,9.208031396,3.430233973,0
12.20473,26.59685,42.45396,1998.78856,-1.86451,93.14442,9.292416316,3.461669576,0
12.20326,26.62417,42.35714,1994.04285,-1.84068,93.15283,9.375151823,3.492490729,0
12.20179,26.65142,42.26187,1989.24497,-1.81344,93.16121,9.455942723,3.522587465,0
12.20032,26.67861,42.16834,1984.39525,-1.78287,93.16959,9.534495065,3.551850279,0
12.19885,26.70573,42.07671,1979.49416,-1.74904,93.17795,9.610518032,3.580170835,0
12.19738,26.73278,41.98714,1974.5424,-1.71207,93.18629,9.683725909,3.607442695,0
12.19591,26.75976,41.89978,1969.54084,-1.67206,93.19462,9.753840103,3.633562077,0
12.19444,26.78668,41.81478,1964.49051,-1.62915,93.20293,9.820591189,3.658428613,0
12.19297,26.81353,41.73227,1959.39266,-1.58347,93.21123,9.883720961,3.681946114,0
12.1915,26.84031,41.65239,1954.24869,-1.53517,93.21952,9.942984458,3.704023326,0
12.19003,26.86702,41.57525,1949.06018,-1.48441,93.22778,9.998151926,3.72457466,0
12.18856,26.89365,41.50095,1943.82887,-1.43137,93.23604,10.04901071,3.743520896,0
12.18709,26.92022,41.42961,1938.55668,-1.37622,93.24428,10.09536704,3.760789847,0
12.18562,26.94671,41.3613,1933.24565,-1.31916,93.2525,10.13704762,3.776316961,0
12.18415,26.97314,41.29611,1927.89798,-1.26039,93.2607,10.17390116,3.790045875,0
12.18268,26.99949,41.2341,1922.516,-1.20012,93.2689,10.20579962,3.801928891,0
12.18121,27.02576,41.17533,1917.10214,-1.13856,93.27707,10.23263928,3.81192737,0
12.17974,27.05196,41.11984,1911.65897,-1.07593,93.28523,10.2543416,3.820012055,0
12.17828,27.07809,41.06765,1906.18912,-1.01246,93.29337,10.27085382,3.82616329,0
12.17681,27.10414,41.0188,1900.69531,-0.94837,93.3015,10.28214931,3.830371158,0
12.17534,27.13012,40.97327,1895.18034,-0.88391,93.30961,10.2882277,3.832635518,0
12.17388,27.15602,40.93108,1889.64704,-0.81929,93.31771,10.2891147,3.832965949,0
12.17241,27.18185,40.89221,1884.0983,-0.75476,93.32579,10.28486172,3.831381601,0
12.17095,27.2076,40.85662,1878.53701,-0.69055,93.33385,10.27554522,3.827910961,0
12.16948,27.23328,40.82427,1872.96609,-0.62688,93.3419,10.26126586,3.822591524,0
12.16802,27.25888,40.79512,1867.38844,-0.56398,93.34993,10.2421474,3.815469394,0
12.16656,27.2844,40.76911,1861.80696,-0.50209,93.35794,10.21833544,3.806598812,0
12.1651,27.30985,40.74615,1856.22449,-0.4414,93.36594,10.18999597,3.796041613,0
12.16364,27.33522,40.72618,1850.64385,-0.38214,93.37392,10.15731378,3.783866639,0
12.16218,27.36051,40.70909,1845.06781,-0.32452,93.38189,10.12049078,3.770149102,0
12.16072,27.38573,40.69479,1839.49905,-0.26872,93.38984,10.07974415,3.754969909,0
12.15926,27.41087,40.68317,1833.9402,-0.21493,93.39777,10.03530449,3.738414969,0
12.1578,27.43593,40.67411,1828.39377,-0.16334,93.40569,9.987413946,3.72057448,0
12.15635,27.46092,40.66749,1822.86221,-0.11411,93.41359,9.936324217,3.701542211,0
12.15489,27.48583,40.66318,1817.34785,-0.06741,93.42147,9.8822947,3.681414795,0
12.15344,27.51067,40.66103,1811.85293,-0.02337,93.42934,9.825590581,3.660291018,0
12.15199,27.53543,40.66091,1806.37954,0.01787,93.43719,9.766481016,3.63827115,0
12.15054,27.56011,40.66267,1800.9297,0.05618,93.44503,9.705237378,3.615456283,0
12.14909,27.58473,40.66616,1795.50528,0.09145,93.45284,9.642131587,3.591947716,0
12.14764,27.60926,40.67122,1790.10801,0.12358,93.46065,9.577434547,3.567846366,0
12.14619,27.63373,40.67769,1784.73953,0.15249,93.46843,9.511414699,3.543252236,0
12.14474,27.65811,40.68541,1779.40134,0.17809,93.4762,9.444336681,3.518263909,0
12.1433,27.68243,40.69423,1774.09478,0.20033,93.48396,9.37646013,3.492978108,0
12.14185,27.70667,40.70397,1768.82111,0.21914,93.4917,9.308038604,3.467489289,0
12.14041,27.73084,40.71447,1763.58143,0.23451,93.49942,9.239318635,3.441889293,0
12.13897,27.75494,40.72557,1758.37672,0.24638,93.50713,9.170538915,3.416267037,0
12.13753,27.77897,40.7371,1753.20783,0.25476,93.51482,9.101929606,3.390708264,0
12.13609,27.80293,40.7489,1748.0755,0.25962,93.52249,9.033711773,3.365295327,0
12.13465,27.82681,40.76081,1742.98035,0.26099,93.53015,8.966096931,3.340107019,0
12.13321,27.85063,40.77266,1737.92285,0.25887,93.5378,8.899286711,3.315218454,0
12.13177,27.87438,40.78431,1732.9034,0.25328,93.54543,8.833472612,3.290700971,0
12.13034,27.89806,40.79559,1727.92226,0.24428,93.55304,8.768835868,3.266622083,0
12.1289,27.92167,40.80636,1722.97958,0.23189,93.56064,8.705547381,3.243045456,0
12.12747,27.94521,40.81647,1718.07542,0.21618,93.56822,8.643767743,3.220030915,0
12.12603,27.96868,40.82576,1713.20972,0.19721,93.57579,8.583647324,3.197634477,0
12.1246,27.99209,40.83411,1708.38235,0.17504,93.58334,8.525326416,3.175908405,0
12.12317,28.01544,40.84137,1703.59306,0.14975,93.59088,8.468935432,3.15490128,0
12.12174,28.03871,40.84742,1698.84151,0.12144,93.5984,8.41459514,3.134658091,0
12.12031,28.06192,40.85213,1694.1273,0.09019,93.60591,8.36241694,3.115220339,0
12.11889,28.08507,40.85539,1689.4499,0.05609,93.6134,8.312503166,3.096626144,0
12.11746,28.10816,40.85706,1684.80875,0.01927,93.62088,8.264947399,3.07891037,0
12.11603,28.13118,40.85705,1680.20317,-0.02019,93.62834,8.219834806,3.062104742,0
12.11461,28.15413,40.85525,1675.63244,-0.06215,93.63579,8.17724248,3.04623798,0
12.11319,28.17703,40.85156,1671.09574,-0.10651,93.64322,8.137239781,3.031335922,0
12.11176,28.19986,40.8459,1666.59221,-0.15313,93.65064,8.099888676,3.017421653,0
12.11034,28.22263,40.83817,1662.1209,-0.2019,93.65805,8.06524407,3.004515625,0
12.10892,28.24534,40.82831,1657.68082,-0.25266,93.66544,8.033354132,2.992635785,0
12.1075,28.26798,40.81622,1653.27091,-0.3053,93.67281,8.004260597,2.981797677,0
12.10608,28.29057,40.80186,1648.89005,-0.35967,93.68017,7.977999055,2.972014562,0
12.10466,28.3131,40.78515,1644.53706,-0.41563,93.68752,7.954599225,2.963297509,0
12.10325,28.33557,40.76605,1640.21074,-0.47303,93.69485,7.934085197,2.955655494,0
12.10183,28.35798,40.74451,1635.90981,-0.53173,93.70217,7.916475662,2.949095479,0
12.10041,28.38032,40.72049,1631.63296,-0.59158,93.70948,7.901784104,2.943622487,0
12.099,28.40261,40.69396,1627.37881,-0.65243,93.71677,7.890018979,2.939239669,0
12.09759,28.42485,40.66489,1623.14599,-0.71413,93.72405,7.881183861,2.935948355,0
12.09617,28.44702,40.63327,1618.93303,-0.77652,93.73131,7.875277559,2.933748102,0
12.09476,28.46913,40.59907,1614.73846,-0.83945,93.73856,7.872294215,2.932636727,0
12.09335,28.49119,40.5623,1610.56078,-0.90277,93.7458,7.872223366,2.932610335,0
12.09194,28.51319,40.52294,1606.39844,-0.96633,93.75302,7.875049993,2.933663327,0
12.09053,28.53514,40.48102,1602.24985,-1.02995,93.76022,7.880754526,2.935788416,0
12.08912,28.55702,40.43655,1598.11343,-1.0935,93.76742,7.889312846,2.938976615,0
12.08772,28.57885,40.38954,1593.98753,-1.15682,93.7746,7.900696245,2.943217231,0
12.08631,28.60062,40.34002,1589.87053,-1.21975,93.78177,7.914871381,2.948497842,0
12.08491,28.62233,40.28802,1585.76074,-1.28213,93.78892,7.931800199,2.954804272,0
12.0835,28.64399,40.23358,1581.65649,-1.34383,93.79606,7.951439843,2.962120557,0
12.0821,28.66559,40.17675,1577.55608,-1.40468,93.80318,7.973742551,2.970428902,0
12.0807,28.68714,40.11758,1573.4578,-1.46454,93.8103,7.998655532,2.979709643,0
12.0793,28.70862,40.05613,1569.35995,-1.52327,93.8174,8.026120842,2.989941194,0
12.0779,28.73006,39.99245,1565.2608,-1.5807,93.82448,8.056075242,3.001099996,0
12.0765,28.75143,39.92662,1561.15864,-1.63672,93.83155,8.088450058,3.013160466,0
12.0751,28.77275,39.85871,1557.05176,-1.69117,93.83861,8.123171038,3.026094945,0
12.07371,28.79401,39.78879,1552.93845,-1.74393,93.84565,8.160158216,3.039873642,0
12.07231,28.81521,39.71696,1548.81704,-1.79485,93.85269,8.199325773,3.054464588,0
12.07092,28.83636,39.64329,1544.68583,-1.84382,93.8597,8.24058192,3.069833588,0
12.06952,28.85745,39.56789,1540.54319,-1.8907,93.86671,8.283828788,3.085944184,0
12.06813,28.87848,39.49084,1536.38749,-1.93539,93.8737,8.328962341,3.10275762,0
12.06674,28.89945,39.41226,1532.21712,-1.97776,93.88068,8.375872311,3.120232818,0
12.06535,28.92037,39.33224,1528.03054,-2.01771,93.88764,8.424442166,3.138326367,0
12.06397,28.94123,39.2509,1523.82621,-2.05514,93.89459,8.474549103,3.15699252,0
12.06258,28.96203,39.16834,1519.60266,-2.08995,93.90153,8.526064088,3.176183207,0
12.0612,28.98277,39.08468,1515.35848,-2.12206,93.90845,8.578851928,3.195848067,0
12.05981,29.00346,39.00004,1511.09228,-2.15137,93.91536,8.632771402,3.215934489,0
12.05843,29.02408,38.91454,1506.80277,-2.17783,93.92225,8.687675427,3.236387683,0
12.05705,29.04465,38.8283,1502.48869,-2.20135,93.92914,8.743411295,3.25715076,0
12.05567,29.06515,38.74145,1498.14888,-2.22189,93.93601,8.79982095,3.278164841,0
12.0543,29.0856,38.6541,1493.78225,-2.23939,93.94286,8.85674134,3.299369184,0
12.05292,29.10599,38.56638,1489.38777,-2.25382,93.9497,8.914004824,3.320701338,0
12.05155,29.12631,38.47842,1484.96452,-2.26514,93.95653,8.971439638,3.342097318,0
12.05017,29.14658,38.39035,1480.51166,-2.27333,93.96334,9.028870435,3.363491801,0
12.0488,29.16678,38.30228,1476.02845,-2.27838,93.97015,9.086118883,3.384818354,0
12.04744,29.18693,38.21435,1471.51424,-2.28029,93.97693,9.143004324,3.406009678,0
12.04607,29.20701,38.12668,1466.96849,-2.27906,93.98371,9.199344498,3.426997875,0
12.0447,29.22703,38.03938,1462.39076,-2.27473,93.99047,9.254956318,3.447714741,0
12.04334,29.24698,37.95259,1457.78072,-2.26731,93.99721,9.309656703,3.468092074,0
12.04198,29.26688,37.8664,1453.13817,-2.25685,94.00394,9.363263453,3.488061998,0
12.04062,29.2867,37.78095,1448.46298,-2.24341,94.01066,9.415596169,3.507557312,0
12.03927,29.30647,37.69634,1443.75518,-2.22703,94.01736,9.466477204,3.526511837,0
12.03791,29.32617,37.61268,1439.01489,-2.20781,94.02405,9.515732636,3.544860781,0
12.03656,29.34581,37.53007,1434.24235,-2.18582,94.03073,9.563193257,3.562541111,0
12.03521,29.36538,37.4486,1429.43791,-2.16116,94.03739,9.608695574,3.579491921,0
12.03386,29.38488,37.36838,1424.60206,-2.13393,94.04404,9.652082792,3.595654802,0
12.03252,29.40432,37.28949,1419.73538,-2.10426,94.05067,9.693205792,3.610974201,0
12.03117,29.4237,37.21202,1414.83857,-2.07226,94.05729,9.731924073,3.62539778,0
12.02983,29.443,37.13604,1409.91242,-2.03806,94.0639,9.768106658,3.638876745,0
12.0285,29.46224,37.06162,1404.95786,-2.00182,94.07049,9.801632952,3.651366171,0
12.02716,29.48142,36.98883,1399.9759,-1.96369,94.07707,9.832393535,3.662825298,0
12.02583,29.50052,36.91772,1394.96765,-1.92382,94.08363,9.860290882,3.673217793,0
12.0245,29.51955,36.84835,1389.93431,-1.88238,94.09018,9.885240012,3.682512001,0
12.02317,29.53852,36.78077,1384.87717,-1.83954,94.09671,9.907169035,3.690681139,0
12.02184,29.55742,36.715,1379.79761,-1.79549,94.10323,9.926019614,3.697703476,0
12.02052,29.57625,36.65108,1374.69707,-1.7504,94.10974,9.941747316,3.703562458,0
12.0192,29.59501,36.58903,1369.57706,-1.70447,94.11623,9.954321864,3.708246808,0
12.01789,29.6137,36.52887,1364.43917,-1.65789,94.1227,9.963727273,3.711750571,0
12.01657,29.63232,36.47061,1359.28501,-1.61084,94.12916,9.969961877,3.714073125,0
12.01526,29.65087,36.41424,1354.11628,-1.56353,94.13561,9.97303825,3.715219155,0
12.01395,29.66935,36.35976,1348.93467,-1.51616,94.14204,9.972983008,3.715198575,0
12.01265,29.68776,36.30716,1343.74194,-1.46891,94.14846,9.969836514,3.714026424,0
12.01135,29.70609,36.25641,1338.53986,-1.42199,94.15486,9.963652479,3.711722708,0
12.01005,29.72436,36.2075,1333.33022,-1.37559,94.16125,9.954497464,3.708312224,0
12.00875,29.74256,36.16038,1328.1148,-1.3299,94.16762,9.942450301,3.703824339,0
12.00746,29.76068,36.11501,1322.89541,-1.28512,94.17398,9.92760143,3.698292744,0
12.00617,29.77874,36.07135,1317.67383,-1.24142,94.18033,9.910052165,3.691755181,0
12.00488,29.79672,36.02935,1312.45184,-1.19898,94.18665,9.889913903,3.684253148,0
12.0036,29.81463,35.98894,1307.2312,-1.15799,94.19297,9.867307278,3.675831585,0
12.00232,29.83247,35.95007,1302.01364,-1.11861,94.19927,9.842361277,3.666538544,0
12.00104,29.85024,35.91267,1296.80085,-1.08099,94.20555,9.815212331,3.656424847,0
11.99977,29.86794,35.87665,1291.59451,-1.0453,94.21182,9.786003376,3.645543743,0
11.9985,29.88556,35.84195,1286.39621,-1.01169,94.21807,9.754882916,3.633950553,0
11.99723,29.90312,35.80848,1281.20754,-0.98028,94.22431,9.72200408,3.621702321,0
11.99597,29.9206,35.77616,1276.03002,-0.95121,94.23054,9.687523692,3.608857469,0
11.99471,29.93802,35.7449,1270.86509,-0.9246,94.23675,9.651601358,3.595475455,0
11.99345,29.95536,35.71461,1265.71416,-0.90056,94.24294,9.614398579,3.581616441,0
11.99219,29.97263,35.68519,1260.57858,-0.87919,94.24912,9.576077898,3.567340979,0
11.99094,29.98984,35.65655,1255.45959,-0.86058,94.25529,9.536802082,3.552709704,0
11.98969,30.00697,35.62859,1250.35842,-0.84481,94.26144,9.496733352,3.537783048,0
11.98845,30.02403,35.60121,1245.27618,-0.83196,94.26757,9.456032658,3.522620968,0
11.98721,30.04103,35.57431,1240.21394,-0.82208,94.27369,9.414859003,3.507282699,0
11.98597,30.05795,35.5478,1235.17267,-0.81522,94.2798,9.373368825,3.491826515,0
11.98474,30.07481,35.52156,1230.15328,-0.81143,94.28589,9.331715426,3.476309528,0
11.9835,30.09159,35.4955,1225.15662,-0.81073,94.29196,9.290048464,3.460787489,0
11.98228,30.10831,35.46952,1220.18342,-0.81314,94.29802,9.24851349,3.445314618,0
11.98105,30.12496,35.44352,1215.23437,-0.81867,94.30407,9.207251549,3.42994346,0
11.97983,30.14155,35.4174,1210.31008,-0.82732,94.3101,9.166398826,3.414724745,0
11.97861,30.15806,35.39106,1205.41107,-0.83908,94.31611,9.126086342,3.399707284,0
11.9774,30.17451,35.36441,1200.53779,-0.85393,94.32212,9.086439705,3.384937869,0
11.97618,30.19089,35.33735,1195.69061,-0.87184,94.3281,9.047578899,3.370461196,0
11.97497,30.20721,35.3098,1190.86984,-0.89277,94.33407,9.009618119,3.356319807,0
11.97377,30.22346,35.28166,1186.07571,-0.91667,94.34003,8.972665647,3.342554038,0
11.97257,30.23964,35.25284,1181.30837,-0.9435,94.34597,8.936823755,3.329201991,0
11.97137,30.25576,35.22327,1176.56792,-0.97317,94.3519,8.902188653,3.316299504,0
11.97017,30.27182,35.19287,1171.85436,-1.00564,94.35782,8.868850458,3.303880149,0
11.96898,30.28781,35.16155,1167.16766,-1.04081,94.36371,8.836893188,3.291975225,0
11.96779,30.30373,35.12924,1162.50768,-1.07859,94.3696,8.806394782,3.280613767,0
11.9666,30.31959,35.09588,1157.87425,-1.11891,94.37547,8.777427139,3.269822557,0
11.96542,30.33539,35.06139,1153.26713,-1.16165,94.38132,8.750056169,3.259626151,0
11.96424,30.35113,35.02571,1148.68601,-1.20671,94.38717,8.72434186,3.250046894,0
11.96306,30.3668,34.9888,1144.13053,-1.25398,94.39299,8.700338356,3.241104957,0
11.96189,30.38241,34.95058,1139.60026,-1.30335,94.39881,8.678094039,3.232818364,0
11.96072,30.39796,34.91102,1135.09473,-1.3547,94.4046,8.657651619,3.225203025,0
11.95955,30.41344,34.87006,1130.61341,-1.40789,94.41039,8.639048229,3.218272772,0
11.95839,30.42886,34.82767,1126.1557,-1.46279,94.41616,8.622315516,3.212039397,0
11.95722,30.44423,34.7838,1121.72099,-1.51929,94.42191,8.607479737,3.206512678,0
11.95607,30.45953,34.73844,1117.30858,-1.57722,94.42765,8.594561849,3.201700425,0
11.95491,30.47477,34.69154,1112.91775,-1.63647,94.43338,8.583577602,3.197608504,0
11.95376,30.48995,34.64308,1108.54774,-1.69688,94.43909,8.574537621,3.194240874,0
11.95261,30.50507,34.59305,1104.19773,-1.7583,94.44479,8.567447489,3.191599613,0
11.95146,30.52013,34.54144,1099.86687,-1.8206,94.45048,8.562307824,3.189684952,0
11.95032,30.53513,34.48822,1095.55428,-1.88362,94.45615,8.559114347,3.188495298,0
11.94918,30.55008,34.4334,1091.25904,-1.94721,94.46181,8.557857953,3.188027258,0
11.94804,30.56496,34.37698,1086.98018,-2.01123,94.46745,8.558524769,3.188275665,0
11.94691,30.57978,34.31896,1082.71674,-2.07551,94.47308,8.561096211,3.189233595,0
11.94578,30.59455,34.25935,1078.46771,-2.13991,94.47869,8.565549038,3.19089239,0
11.94465,30.60925,34.19816,1074.23204,-2.20428,94.4843,8.5718554,3.193241676,0
11.94353,30.6239,34.1354,1070.00869,-2.26847,94.48988,8.579982884,3.196269377,0
11.9424,30.63849,34.07111,1065.79659,-2.33233,94.49546,8.589894564,3.199961739,0
11.94129,30.65302,34.00529,1061.59464,-2.39572,94.50102,8.601549041,3.204303338,0
11.94017,30.66749,33.93799,1057.40175,-2.45848,94.50657,8.614900494,3.209277106,0
11.93906,30.68191,33.86923,1053.21681,-2.52048,94.5121,8.62989873,3.214864343,0
11.93795,30.69627,33.79905,1049.0387,-2.58157,94.51762,8.646489234,3.221044742,0
11.93684,30.71057,33.72749,1044.86629,-2.64163,94.52313,8.664613232,3.227796409,0
11.93574,30.72481,33.6546,1040.69848,-2.70051,94.52862,8.684207758,3.235095885,0
11.93464,30.73899,33.58041,1036.53413,-2.75808,94.5341,8.705205731,3.242918183,0
11.93354,30.75312,33.50498,1032.37214,-2.81424,94.53956,8.727536043,3.251236811,0
11.93245,30.76719,33.42837,1028.21141,-2.86884,94.54502,8.751123657,3.260023818,0
11.93136,30.7812,33.35062,1024.05086,-2.92178,94.55046,8.775889728,3.269249831,0
11.93027,30.79516,33.27179,1019.8894,-2.97296,94.55588,8.80175173,3.278884107,0
11.92919,30.80905,33.19195,1015.72598,-3.02226,94.56129,8.828623607,3.288894589,0
11.92811,30.82289,33.11115,1011.55959,-3.06959,94.56669,8.856415942,3.299247965,0
11.92703,30.83667,33.02947,1007.38922,-3.11486,94.57208,8.885036147,3.309909744,0
11.92596,30.8504,32.94696,1003.2139,-3.15799,94.57745,8.914388674,3.320844333,0
11.92488,30.86407,32.86369,999.03269,-3.19891,94.58281,8.944375247,3.33201512,0
0.05163,0.05163,54.86906,5456.38143,-0.38048,45.0001,12.07988409,4.500074665,0
0.1032,0.1032,54.82333,5449.69742,-0.26002,45.00023,12.12807007,4.518025212,0
0.15471,0.15471,54.79487,5442.96424,-0.13908,45.00041,12.14664903,4.524946362,0
0.20615,0.20616,54.78368,5436.19839,-0.01812,45.00062,12.13556866,4.520818631,0
0.25753,0.25754,54.78968,5429.41645,0.10239,45.00087,12.09510837,4.505746109,0
0.30885,0.30885,54.81273,5422.63485,0.22198,45.00116,12.02587062,4.479953227,0
0.3601,0.36011,54.85263,5415.86972,0.34022,45.00149,11.92876453,4.443778654,0
0.41128,0.4113,54.90911,5409.1367,0.45666,45.00186,11.80498259,4.397666622,0
0.4624,0.46242,54.98184,5402.45083,0.57089,45.00227,11.65597141,4.342156036,0
0.51346,0.51348,55.07046,5395.82636,0.68251,45.00271,11.48339777,4.277867814,0
0.56445,0.56448,55.17451,5389.27664,0.79115,45.00319,11.28911118,4.205490949,0
0.61537,0.61541,55.29353,5382.81407,0.89649,45.00372,11.07510444,4.125767807,0
0.66624,0.66629,55.42699,5376.44995,0.99822,45.00428,10.8434734,4.039479149,0
0.71698,0.71716,55.57033,5370.20054,1.03936,45.13237,10.60234779,3.949653515,47.99999918
0.76755,0.76808,55.7191,5364.07646,1.0778,45.25777,10.35914859,3.859055416,47.99999918
0.81795,0.81905,55.8729,5358.07928,1.11352,45.38046,10.11481432,3.76803447,47.99999918
0.86819,0.87007,56.03135,5352.21007,1.14652,45.50042,9.870238946,3.676923709,47.99999918
0.91826,0.92113,56.19405,5346.46943,1.17678,45.61764,9.626252631,3.586032387,47.99999918
0.96818,0.97225,56.36062,5340.85749,1.20432,45.73214,9.38362019,3.495645419,47.99999918
1.01794,1.02341,56.53068,5335.374,1.22915,45.84391,9.143040563,3.406023177,47.99999918
1.06755,1.07461,56.70384,5330.0183,1.25129,45.95298,8.90514713,3.317401614,47.99999918
1.11701,1.12585,56.87974,5324.78941,1.27078,46.05938,8.670508781,3.229992656,47.99999918
1.16633,1.17713,57.05799,5319.68603,1.28764,46.16314,8.439631626,3.143984841,47.99999918
1.21551,1.22845,57.23824,5314.7066,1.30193,46.26431,8.212961235,3.059544156,47.99999918
1.26455,1.27981,57.42014,5309.84928,1.31369,46.36292,7.990885311,2.976815031,47.99999918
1.31346,1.3312,57.60333,5305.11207,1.32296,46.45903,7.773736686,2.895921455,47.99999918
1.36224,1.38263,57.78748,5300.49274,1.3298,46.5527,7.561796576,2.816968187,47.99999918
1.4109,1.43409,57.97225,5295.98892,1.33426,46.64398,7.355297988,2.74004203,47.99999918
1.45943,1.48558,58.15733,5291.59811,1.33641,46.73293,7.154429228,2.665213132,47.99999918
1.50784,1.53711,58.34239,5287.31769,1.33631,46.81961,6.95933744,2.592536308,47.99999918
1.55613,1.58867,58.52714,5283.14498,1.33401,46.9041,6.770132132,2.522052352,47.99999918
1.60431,1.64026,58.71128,5279.07719,1.32959,46.98645,6.586888626,2.453789325,47.99999918
1.65238,1.69187,58.89453,5275.11152,1.3231,47.06674,6.409651427,2.387763804,47.99999918
1.70034,1.74352,59.07661,5271.24511,1.31462,47.14503,6.238437446,2.323982092,47.99999918
1.74819,1.79519,59.25725,5267.4751,1.3042,47.22139,6.073239091,2.262441358,47.99999918
1.79594,1.84689,59.4362,5263.79861,1.29192,47.2959,5.914027182,2.203130733,47.99999918
1.8436,1.89861,59.61321,5260.21277,1.27783,47.36861,5.760753695,2.146032326,47.99999918
1.89115,1.95036,59.78804,5256.71472,1.26201,47.4396,5.613354319,2.09112218,47.99999918
1.93861,2.00213,59.96046,5253.30163,1.24451,47.50894,5.471750834,2.038371156,47.99999918
1.98597,2.05393,60.13025,5249.97071,1.2254,47.57669,5.335853303,1.98774575,47.99999918
2.03325,2.10575,60.29721,5246.71919,1.20474,47.64292,5.205562078,1.939208841,47.99999918
2.08043,2.15759,60.46113,5243.54435,1.18259,47.70769,5.080769639,1.892720374,47.99999918
2.12753,2.20946,60.62181,5240.44351,1.15902,47.77106,4.961362257,1.848237982,47.99999918
2.17454,2.26135,60.77907,5237.41405,1.13408,47.83311,4.847221496,1.805717545,47.99999918
2.22147,2.31326,60.93273,5234.4534,1.10783,47.89388,4.738225568,1.765113694,47.99999918
2.26832,2.36519,61.08262,5231.55903,1.08032,47.95345,4.634250543,1.726380262,47.99999918
2.31509,2.41714,61.22858,5228.7285,1.05161,48.01186,4.535171423,1.689470682,47.99999918
2.36178,2.46911,61.37046,5225.95939,1.02176,48.06918,4.440863095,1.654338349,47.99999918
2.40839,2.5211,61.5081,5223.24935,0.99081,48.12547,4.351201175,1.620936925,47.99999918
2.45493,2.57312,61.64138,5220.59609,0.95882,48.18076,4.266062741,1.589220618,47.99999918
2.50139,2.62515,61.77014,5217.99737,0.92584,48.23513,4.185326973,1.55914442,47.99999918
2.54779,2.6772,61.89428,5215.45101,0.89192,48.28862,4.108875715,1.530664315,47.99999918
2.59411,2.72927,62.01366,5212.95488,0.85709,48.34128,4.036593948,1.503737455,47.99999918
2.64036,2.78136,62.12817,5210.50689,0.82142,48.39316,3.968370203,1.478322315,47.99999918
2.68654,2.83347,62.23772,5208.10502,0.78494,48.4443,3.904096907,1.454378821,47.99999918
2.73266,2.88559,62.34218,5205.74728,0.74769,48.49477,3.843670676,1.43186846,47.99999918
2.77871,2.93774,62.44148,5203.43175,0.70973,48.54459,3.786992561,1.410754371,47.99999918
2.82469,2.9899,62.53552,5201.15653,0.67109,48.59382,3.733968247,1.391001419,47.99999918
2.87061,3.04208,62.62421,5198.91976,0.63181,48.6425,3.68450822,1.372576257,47.99999918
2.91646,3.09429,62.70747,5196.71964,0.59193,48.69067,3.638527898,1.355447377,47.99999918
2.96226,3.1465,62.78524,5194.55438,0.55149,48.73837,3.595947734,1.339585146,47.99999918
3.00798,3.19874,62.85745,5192.42225,0.51053,48.78565,3.556693303,1.324961838,47.99999918
3.05365,3.251,62.92402,5190.32154,0.46908,48.83254,3.520695356,1.311551655,47.99999918
3.09926,3.30327,62.98491,5188.25055,0.42718,48.87908,3.487889869,1.299330748,47.99999918
3.1448,3.35556,63.04005,5186.20763,0.38487,48.92531,3.458218071,1.288277223,47.99999918
3.19029,3.40787,63.0894,5184.19114,0.34219,48.97127,3.431626467,1.27837115,47.99999918
3.23572,3.4602,63.13292,5182.19947,0.29915,49.017,3.408066846,1.269594572,47.99999918
3.28108,3.51255,63.17056,5180.23101,0.25581,49.06253,3.387496287,1.261931497,47.99999918
3.32639,3.56491,63.20229,5178.28419,0.21219,49.1079,3.369877156,1.255367907,47.99999918
3.37164,3.6173,63.22808,5176.35742,0.16833,49.15314,3.355177106,1.249891752,47.99999918
3.41684,3.6697,63.24791,5174.44913,0.12425,49.1983,3.343369065,1.245492946,47.99999918
3.46197,3.72212,63.26174,5172.55778,0.07999,49.2434,3.334431235,1.242163369,47.99999918
3.50705,3.77456,63.26957,5170.6818,0.03559,49.28848,3.328347076,1.23989686,47.99999918
3.55207,3.82702,63.27137,5168.81963,-0.00892,49.33357,3.325105309,1.238689216,47.99999918
3.59703,3.8795,63.26715,5166.96971,-0.05353,49.37872,3.3246999,1.238538191,47.99999918
3.64193,3.932,63.25689,5165.13047,-0.09818,49.42395,3.327130062,1.23944349,47.99999918
3.68678,3.98452,63.2406,5163.30035,-0.14285,49.4693,3.332400248,1.241406773,47.99999918
3.73157,4.03706,63.21827,5161.47774,-0.18751,49.51481,3.34052015,1.24443165,47.99999918
3.7763,4.08961,63.18993,5159.66104,-0.23213,49.56051,3.351504697,1.248523683,47.99999918
3.82098,4.14219,63.15557,5157.84864,-0.27667,49.60644,3.365374057,1.253690385,47.99999918
3.8656,4.19479,63.11521,5156.0389,-0.3211,49.65263,3.382153634,1.259941218,47.99999918
3.91015,4.24741,63.06889,5154.23014,-0.36539,49.69912,3.40187407,1.2672876,47.99999918
3.95466,4.30005,63.01662,5152.42068,-0.40951,49.74594,3.424571244,1.275742894,47.99999918
3.9991,4.35271,62.95842,5150.60879,-0.45341,49.79314,3.450286266,1.285322417,47.99999918
4.04348,4.40539,62.89435,5148.79271,-0.49708,49.84075,3.479065469,1.296043427,47.99999918
4.08781,4.45809,62.82443,5146.97067,-0.54047,49.88881,3.510960396,1.307925126,47.99999918
4.13207,4.51082,62.74871,5145.14082,-0.58356,49.93735,3.546027781,1.32098865,47.99999918
4.17627,4.56357,62.66724,5143.3013,-0.62629,49.98643,3.584329518,1.335257055,47.99999918
4.22042,4.61634,62.58007,5141.45018,-0.66865,50.03608,3.625932618,1.350755304,47.99999918
4.2645,4.66913,62.48726,5139.58551,-0.71058,50.08634,3.670909156,1.367510248,47.99999918
4.30852,4.72195,62.38888,5137.70527,-0.75206,50.13725,3.719336197,1.385550595,47.99999918
4.35247,4.77478,62.28498,5135.80738,-0.79304,50.18886,3.771295703,1.404906878,47.99999918
4.39636,4.82765,62.17565,5133.88972,-0.83348,50.24122,3.826874415,1.425611411,47.99999918
4.44019,4.88053,62.06097,5131.95011,-0.87335,50.29437,3.886163709,1.447698233,47.99999918
4.48395,4.93345,61.94102,5129.98629,-0.9126,50.34835,3.949259417,1.471203044,47.99999918
4.52765,4.98638,61.81588,5127.99594,-0.95119,50.40322,4.016261613,1.496163125,47.99999918
4.57128,5.03934,61.68567,5125.9767,-0.98907,50.45903,4.087274354,1.52261724,47.99999918
4.61484,5.09233,61.55047,5123.92609,-1.02621,50.51582,4.162405377,1.550605522,47.99999918
4.65832,5.14535,61.4104,5121.8416,-1.06255,50.57366,4.241765733,1.580169343,47.99999918
4.70174,5.19839,61.26557,5119.72063,-1.09804,50.63259,4.325469375,1.611351152,47.99999918
4.74509,5.25145,61.11611,5117.5605,-1.13264,50.69268,4.41363266,1.644194296,47.99999918
4.78836,5.30455,60.96214,5115.35845,-1.16631,50.75397,4.506373793,1.678742808,47.99999918
4.83155,5.35767,60.80379,5113.11165,-1.19897,50.81653,4.603812177,1.715041169,47.99999918
4.87467,5.41082,60.64122,5110.81718,-1.23059,50.88042,4.706067675,1.753134033,47.99999918
4.91771,5.464,60.47456,5108.47206,-1.26112,50.9457,4.813259779,1.793065912,47.99999918
4.96067,5.51721,60.30398,5106.0732,-1.29048,51.01244,4.925506664,1.83488083,47.99999918
5.00355,5.57044,60.12963,5103.61745,-1.31863,51.0807,5.042924129,1.878621925,47.99999918
5.04634,5.62371,59.9517,5101.10158,-1.34551,51.15055,5.16562442,1.924331012,47.99999918
5.08905,5.67701,59.77035,5098.52227,-1.37106,51.22206,5.293714913,1.972048091,47.99999918
5.13167,5.73034,59.58578,5095.87615,-1.39522,51.2953,5.427296669,2.02181081,47.99999918
5.1742,5.7837,59.39818,5093.15976,-1.41793,51.37034,5.566462835,2.073653868,47.99999918
5.21663,5.8371,59.20776,5090.36959,-1.43912,51.44725,5.711296902,2.127608369,47.99999918
5.25897,5.89053,59.01472,5087.50206,-1.45873,51.52611,5.861870809,2.183701111,47.99999918
5.30122,5.94399,58.8193,5084.55353,-1.4767,51.60699,6.018242892,2.241953827,47.99999918
5.34336,5.99748,58.62171,5081.52033,-1.49296,51.68998,6.180455675,2.302382357,47.99999918
5.3854,6.05101,58.42219,5078.39876,-1.50744,51.77514,6.348533521,2.364995777,47.99999918
5.42734,6.10458,58.221,5075.18507,-1.52008,51.86255,6.522480128,2.429795464,47.99999918
5.46916,6.15818,58.01839,5071.87552,-1.53082,51.9523,6.702275899,2.49677412,47.99999918
5.51088,6.21181,57.81461,5068.46637,-1.53958,52.04446,6.887875194,2.565914741,47.99999918
5.55248,6.26549,57.60995,5064.95388,-1.54631,52.13911,7.079203481,2.637189562,47.99999918
5.59397,6.3192,57.40468,5061.33436,-1.55093,52.23632,7.276154422,2.710558969,47.99999918
5.63533,6.37295,57.19908,5057.60417,-1.55339,52.33617,7.478586909,2.785970397,47.99999918
5.67657,6.42673,56.99347,5053.75973,-1.55362,52.43873,7.686322103,2.863357223,47.99999918
5.71768,6.48056,56.78813,5049.79757,-1.55156,52.54408,7.89914052,2.942637683,47.99999918
5.75866,6.53443,56.58338,5045.71435,-1.54716,52.65228,8.116779196,3.023713816,47.99999918
5.79951,6.58833,56.37954,5041.50685,-1.54036,52.7634,8.338929018,3.10647047,47.99999918
5.84021,6.64228,56.17692,5037.17203,-1.53112,52.8775,8.565232264,3.190774383,47.99999918
5.88078,6.69627,55.97587,5032.70706,-1.51938,52.99463,8.795280427,3.276473377,47.99999918
5.9212,6.7503,55.77671,5028.10935,-1.50511,53.11486,9.028612408,3.363395679,47.99999918
5.96147,6.80437,55.57978,5023.37655,-1.48826,53.23823,9.264713145,3.451349416,47.99999918
6.00158,6.85848,55.38542,5018.50661,-1.46881,53.36477,9.503012772,3.540122297,47.99999918
6.04154,6.91264,55.19398,5013.49782,-1.44674,53.49452,9.742886379,3.629481527,47.99999918
6.08133,6.96684,55.0058,5008.34882,-1.42202,53.62751,9.983654463,3.719173973,47.99999918
6.12096,7.02108,54.82122,5003.05865,-1.39465,53.76375,10.22458415,3.80892662,47.99999918
6.16041,7.07537,54.64061,4997.62675,-1.36463,53.90325,10.46489124,3.898447334,47.99999918
6.1997,7.1297,54.46428,4992.05303,-1.33197,54.046,10.70374316,3.98742596,47.99999918
6.2388,7.18408,54.29259,4986.33789,-1.29668,54.19199,10.94026286,4.075535771,47.99999918
6.27772,7.2385,54.12588,4980.48222,-1.2588,54.3412,11.17353365,4.162435278,47.99999918
6.31645,7.29296,53.96446,4974.48745,-1.21836,54.49359,11.40260506,4.247770405,47.99999918
6.35499,7.34747,53.80867,4968.35555,-1.17542,54.6491,11.62649962,4.331177021,47.99999918
6.39334,7.40203,53.65881,4962.08907,-1.13003,54.80769,11.84422063,4.412283824,47.99999918
6.43149,7.45662,53.51519,4955.69113,-1.08227,54.96927,12.05476069,4.490715536,47.99999918
6.46943,7.51126,53.3781,4949.16543,-1.03222,55.13375,12.25711111,4.566096392,47.99999918
6.50717,7.56595,53.24781,4942.51626,-0.97999,55.30104,12.45027189,4.638053865,47.99999918
6.5447,7.62068,53.12458,4935.74849,-0.92567,55.47101,12.63326222,4.706222576,47.99999918
6.58202,7.67545,53.00867,4928.86756,-0.86939,55.64355,12.80513128,4.770248327,47.99999918
6.61912,7.73026,52.9003,4921.87946,-0.81128,55.81851,12.96496926,4.829792177,47.99999918
6.656,7.78511,52.79967,4914.7907,-0.75148,55.99574,13.11191813,4.884534501,47.99999918
6.69266,7.84001,52.70698,4907.6083,-0.69015,56.17508,13.24518233,4.93417892,47.99999918
6.72909,7.89495,52.62238,4900.33975,-0.62743,56.35635,13.36403872,4.978456053,47.99999918
6.7653,7.94992,52.54604,4892.99295,-0.56351,56.53936,13.46784597,5.017126984,47.99999918
6.80128,8.00494,52.47805,4885.57619,-0.49856,56.72394,13.55605286,5.049986372,47.99999918
6.83703,8.05999,52.41853,4878.09807,-0.43277,56.90987,13.62820553,5.076865141,47.99999918
6.87254,8.11508,52.36754,4870.56748,-0.36632,57.09694,13.68395336,5.097632675,47.99999918
6.90783,8.17021,52.32512,4862.99351,-0.2994,57.28496,13.72305342,5.112198476,47.99999918
6.94287,8.22537,52.29131,4855.38542,-0.23222,57.47369,13.74537337,5.120513242,47.99999918
6.97769,8.28057,52.26608,4847.75256,-0.16496,57.66293,13.75089271,5.122569343,47.99999918
7.01226,8.3358,52.24942,4840.10428,-0.09784,57.85245,13.73970249,5.118400689,47.99999918
7.04661,8.39106,52.24126,4832.44995,-0.03104,58.04204,13.71200325,5.108081996,47.99999918
7.08071,8.44635,52.24153,4824.79881,0.03523,58.23148,13.66810159,5.091727473,47.99999918
7.11458,8.50167,52.25013,4817.15996,0.1008,58.42055,13.60840513,5.069488968,47.99999918
7.14822,8.55702,52.26691,4809.5423,0.16546,58.60905,13.5334162,5.041553619,47.99999918
7.18162,8.61239,52.29174,4801.95445,0.22904,58.79678,13.44372444,5.00814108,47.99999918
7.21479,8.6678,52.32444,4794.40476,0.29136,58.98354,13.33999834,4.969500379,47.99999918
7.24773,8.72322,52.36481,4786.9012,0.35226,59.16915,13.22297602,4.925906485,47.99999918
7.28044,8.77867,52.41265,4779.45135,0.41157,59.35341,13.09345548,4.877656674,47.99999918
7.31292,8.83415,52.46773,4772.0624,0.46916,59.53618,12.95228446,4.825066755,47.99999918
7.34518,8.88964,52.52979,4764.74105,0.52487,59.71729,12.80035018,4.76846724,47.99999918
7.37722,8.94516,52.59858,4757.49356,0.57858,59.89659,12.63856913,4.708199541,47.99999918
7.40903,9.00069,52.67382,4750.32569,0.63018,60.07396,12.46787702,4.644612238,47.99999918
7.44063,9.05624,52.75522,4743.2427,0.67956,60.24926,12.28921922,4.578057509,47.99999918
7.47201,9.11181,52.84249,4736.24937,0.72661,60.42239,12.10354169,4.508887741,47.99999918
7.50318,9.16739,52.93531,4729.34994,0.77126,60.59324,11.91178249,4.437452394,47.99999918
7.53414,9.22299,53.03336,4722.54817,0.81344,60.76175,11.71486414,4.364095129,47.99999918
7.56489,9.2786,53.13633,4715.84734,0.85307,60.92782,11.51368671,4.289151244,47.99999918
7.59544,9.33423,53.24388,4709.25022,0.89011,61.09139,11.30912176,4.212945418,47.99999918
7.6258,9.38986,53.35569,4702.75914,0.92452,61.25243,11.10200716,4.135789777,47.99999918
7.65595,9.44551,53.47141,4696.37596,0.95627,61.41088,10.89314274,4.057982285,47.99999918
7.68592,9.50117,53.59071,4690.10213,0.98532,61.56671,10.68328686,3.979805449,47.99999918
7.71569,9.55684,53.71326,4683.93867,1.01169,61.71992,10.47315371,3.901525321,47.99999918
7.74528,9.61252,53.8387,4677.88624,1.03535,61.87048,10.26341141,3.823390795,47.99999918
7.77469,9.66821,53.96672,4671.94513,1.05631,62.0184,10.05468083,3.745633163,47.99999918
7.80391,9.7239,54.09698,4666.1153,1.07459,62.16368,9.847535061,3.668465914,47.99999918
7.83297,9.7796,54.22914,4660.39637,1.09019,62.30634,9.642499439,3.592084751,47.99999918
7.86185,9.83531,54.36288,4654.78772,1.10316,62.44641,9.440052119,3.516667797,47.99999918
7.89056,9.89103,54.49788,4649.28843,1.11352,62.58391,9.240625079,3.442375978,47.99999918
7.9191,9.94675,54.63383,4643.89736,1.1213,62.71887,9.044605504,3.369353528,47.99999918
7.94749,10.00248,54.77041,4638.61316,1.12655,62.85134,8.852337485,3.297728632,47.99999918
7.97571,10.05821,54.90732,4633.43428,1.12931,62.98136,8.664123964,3.227614143,47.99999918
8.00378,10.11395,55.04427,4628.35899,1.12963,63.10898,8.480228884,3.159108388,47.99999918
8.0317,10.16969,55.18097,4623.38544,1.12757,63.23426,8.300879469,3.092296012,47.99999918
8.05946,10.22544,55.31712,4618.51162,1.12317,63.35724,8.126268605,3.027248871,47.99999918
8.08708,10.28119,55.45247,4613.73542,1.1165,63.478,7.956557274,2.964026934,47.99999918
8.11456,10.33694,55.58674,4609.05463,1.10762,63.59659,7.791877002,2.9026792,47.99999918
8.14189,10.3927,55.71967,4604.46695,1.09659,63.71308,7.632332296,2.843244599,47.99999918
8.16909,10.44846,55.85102,4599.97004,1.08347,63.82752,7.478003036,2.785752889,47.99999918
8.19615,10.50422,55.98053,4595.56148,1.06832,63.93999,7.328946805,2.730225521,47.99999918
8.22307,10.55999,56.10799,4591.23881,1.05122,64.05056,7.185201144,2.67667648,47.99999918
8.24987,10.61576,56.23315,4586.99954,1.03222,64.1593,7.046785703,2.625113086,47.99999918
8.27658,10.67151,56.35842,4582.83617,1.05466,64.16901,6.911165013,2.574590811,0
8.30326,10.72722,56.48611,4578.74313,1.07447,64.17875,6.776037504,2.524252258,0
8.32991,10.78288,56.61589,4574.72072,1.09165,64.18851,6.641782015,2.474238556,0
8.35652,10.8385,56.74747,4570.769,1.10623,64.1983,6.508741193,2.42467735,0
8.3831,10.89408,56.88052,4566.88787,1.11822,64.20811,6.377228934,2.375685573,0
8.40964,10.94963,57.01474,4563.07704,1.12766,64.21794,6.247530793,2.327369603,0
8.43616,11.00513,57.14983,4559.33606,1.13458,64.2278,6.119904646,2.279825505,0
8.46264,11.06059,57.28548,4555.66434,1.13902,64.23769,5.994581568,2.233139361,0
8.48909,11.11602,57.42141,4552.06116,1.14102,64.2476,5.871766873,2.187387656,0
8.51552,11.17141,57.55733,4548.52568,1.14063,64.25753,5.751641312,2.142637723,0
8.54191,11.22677,57.69295,4545.05693,1.1379,64.26749,5.634362363,2.098948229,0
8.56827,11.28209,57.82802,4541.65389,1.13288,64.27748,5.52006561,2.056369681,0
8.5946,11.33738,57.96225,4538.31541,1.12564,64.2875,5.40886617,2.014944964,0
8.6209,11.39264,58.09539,4535.0403,1.11622,64.29754,5.300860148,1.974709879,0
8.64717,11.44786,58.2272,4531.82729,1.10469,64.3076,5.196126099,1.93569369,0
8.67342,11.50305,58.35743,4528.67505,1.09111,64.3177,5.094726485,1.897919666,0
8.69964,11.55821,58.48583,4525.58222,1.07554,64.32782,4.996709099,1.861405611,0
8.72582,11.61335,58.61219,4522.54739,1.05804,64.33797,4.902108458,1.826164383,0
8.75199,11.66845,58.73629,4519.56913,1.03869,64.34815,4.810947147,1.792204396,0
8.77812,11.72353,58.85791,4516.64596,1.01754,64.35836,4.723237106,1.759530098,0
8.80423,11.77858,58.97685,4513.77641,0.99466,64.36859,4.638980857,1.728142428,0
8.83031,11.8336,59.09291,4510.95897,0.97012,64.37886,4.558172664,1.69803925,0
8.85636,11.88859,59.20591,4508.19212,0.94398,64.38915,4.480799632,1.66921576,0
8.88239,11.94356,59.31567,4505.47436,0.9163,64.39947,4.406842724,1.641664866,0
8.9084,11.99851,59.42201,4502.80415,0.88716,64.40982,4.336277723,1.615377546,0
8.93437,12.05343,59.52477,4500.17997,0.85661,64.4202,4.269076115,1.590343179,0
8.96033,12.10833,59.62379,4497.6003,0.82471,64.43061,4.205205906,1.566549846,0
8.98626,12.1632,59.71893,4495.06361,0.79154,64.44105,4.14463238,1.543984614,0
9.01216,12.21806,59.81004,4492.56839,0.75716,64.45151,4.087318787,1.522633792,0
9.03804,12.27289,59.89699,4490.11311,0.72162,64.46201,4.033226971,1.502483167,0
9.06389,12.3277,59.97965,4487.69629,0.68498,64.47254,3.982317952,1.483518218,0
9.08973,12.38249,60.0579,4485.3164,0.64732,64.4831,3.934552438,1.465724307,0
9.11553,12.43725,60.13163,4482.97197,0.60868,64.49369,3.889891297,1.449086857,0
9.14132,12.492,60.20074,4480.66151,0.56914,64.50431,3.848295985,1.433591509,0
9.16708,12.54673,60.26512,4478.38353,0.52874,64.51496,3.809728917,1.419224261,0
9.19282,12.60144,60.32469,4476.13656,0.48754,64.52564,3.77415381,1.405971598,0
9.21853,12.65614,60.37936,4473.91913,0.4456,64.53635,3.741535987,1.393820601,0
9.24422,12.71081,60.42905,4471.72977,0.40298,64.54709,3.711842636,1.382759046,0
9.26989,12.76546,60.47369,4469.56704,0.35974,64.55787,3.685043051,1.372775496,0
9.29554,12.8201,60.51322,4467.42945,0.31593,64.56867,3.661108836,1.363859371,0
9.32116,12.87472,60.54757,4465.31557,0.2716,64.57951,3.640014082,1.35600102,0
9.34677,12.92933,60.5767,4463.22393,0.22681,64.59037,3.621735524,1.349191776,0
9.37235,12.98392,60.60056,4461.15307,0.18162,64.60127,3.606252667,1.343424005,0
9.3979,13.03849,60.61911,4459.10154,0.13607,64.6122,3.593547904,1.338691146,0
9.42344,13.09304,60.63232,4457.06786,0.09023,64.62316,3.583606597,1.334987748,0
9.44895,13.14758,60.64016,4455.05056,0.04414,64.63415,3.576417158,1.332309492,0
9.47445,13.20211,60.64261,4453.04816,-0.00214,64.64517,3.571971097,1.330653218,0
9.49992,13.25661,60.63966,4451.05918,-0.04855,64.65622,3.570263063,1.33001693,0
9.52536,13.31111,60.6313,4449.08211,-0.09506,64.66731,3.571290868,1.330399815,0
9.55079,13.36559,60.61752,4447.11543,-0.14159,64.67842,3.575055489,1.331802235,0
9.5762,13.42005,60.59833,4445.15763,-0.18811,64.68957,3.581561065,1.334225733,0
9.60158,13.4745,60.57374,4443.20715,-0.23455,64.70074,3.590814866,1.337673018,0
9.62694,13.52893,60.54377,4441.26242,-0.28086,64.71195,3.602827261,1.342147951,0
9.65228,13.58335,60.50844,4439.32188,-0.32699,64.72319,3.617611652,1.347655525,0
9.6776,13.63776,60.46777,4437.3839,-0.37288,64.73446,3.635184409,1.35420184,0
9.7029,13.69215,60.42181,4435.44687,-0.41849,64.74576,3.655564773,1.361794062,0
9.72817,13.74652,60.3706,4433.50912,-0.46375,64.7571,3.678774747,1.370440388,0
9.75343,13.80088,60.31418,4431.56897,-0.50861,64.76846,3.704838965,1.380149995,0
9.77866,13.85523,60.2526,4429.62473,-0.55302,64.77985,3.733784536,1.390932982,0
9.80387,13.90956,60.18594,4427.67464,-0.59692,64.79128,3.765640869,1.402800304,0
9.82903,13.96389,60.11243,4425.72069,-0.67155,64.8629,3.801415656,1.416127353,54.99999906
9.85412,14.01823,60.03034,4423.76417,-0.74585,64.9352,3.842164126,1.43130723,54.99999906
9.87912,14.07259,59.9397,4421.80216,-0.81975,65.00826,3.888007256,1.448385002,54.99999906
9.90404,14.12696,59.84057,4419.83167,-0.8932,65.08215,3.939079518,1.467410764,54.99999906
9.92889,14.18134,59.73302,4417.84962,-0.96614,65.15697,3.995530491,1.488440237,54.99999906
9.95365,14.23573,59.61712,4415.85283,-1.0385,65.2328,4.057525097,1.511534859,54.99999906
9.97833,14.29013,59.49295,4413.838,-1.11023,65.30972,4.125243852,1.536761877,54.99999906
10.00292,14.34455,59.36058,4411.8017,-1.18126,65.38785,4.198883095,1.564194432,54.99999906
10.02743,14.39898,59.22013,4409.74038,-1.25152,65.46727,4.27865521,1.593911644,54.99999906
10.05185,14.45342,59.07167,4407.65037,-1.32094,65.54808,4.364788809,1.625998676,54.99999906
10.07619,14.50788,58.91534,4405.52781,-1.38946,65.63039,4.457528882,1.660546793,54.99999906
10.10043,14.56235,58.75123,4403.3687,-1.45699,65.71431,4.55713688,1.697653393,54.99999906
10.12459,14.61683,58.57949,4401.16888,-1.52347,65.79996,4.663890728,1.737422011,54.99999906
10.14865,14.67133,58.40025,4398.92399,-1.5888,65.88744,4.77808474,1.779962285,54.99999906
10.17261,14.72584,58.21365,4396.6295,-1.65291,65.9769,4.900029415,1.825389885,54.99999906
10.19648,14.78036,58.01984,4394.28067,-1.71571,66.06845,5.030051089,1.873826379,54.99999906
10.22025,14.8349,57.81901,4391.87254,-1.7771,66.16224,5.168491412,1.925399042,54.99999906
10.24391,14.88945,57.61131,4389.39995,-1.83699,66.25839,5.315706624,1.980240582,54.99999906
10.26747,14.94401,57.39695,4386.85751,-1.89529,66.35707,5.472066578,2.038488779,54.99999906
10.29093,14.99859,57.17612,4384.23959,-1.95188,66.45842,5.637953492,2.100286019,54.99999906
10.31427,15.05318,56.94904,4381.54031,-2.00666,66.56261,5.813760368,2.165778706,54.99999906
10.3375,15.10779,56.71593,4378.75354,-2.05952,66.66981,5.99988904,2.235116534,54.99999906
10.36061,15.16241,56.47704,4375.87292,-2.11034,66.78018,6.196747796,2.3084516,54.99999906
10.3836,15.21704,56.23261,4372.89179,-2.159,66.89391,6.404748522,2.385937344,54.99999906
10.40647,15.27169,55.98291,4369.80327,-2.20537,67.01119,6.624303316,2.467727281,54.99999906
10.42921,15.32635,55.72824,4366.60018,-2.24932,67.13223,6.855820497,2.553973523,54.99999906
10.45182,15.38102,55.46888,4363.27511,-2.29071,67.25721,7.099699973,2.644825044,54.99999906
10.47429,15.4357,55.20515,4359.82038,-2.32941,67.38635,7.356327893,2.740425697,54.99999906
10.49662,15.4904,54.93738,4356.22806,-2.36526,67.51988,7.626070534,2.840911928,54.99999906
10.51881,15.54511,54.66592,4352.48999,-2.39812,67.65802,7.909267378,2.946410204,54.99999906
10.54084,15.59984,54.39114,4348.5978,-2.42784,67.801,8.206223325,3.057034107,54.99999906
10.56272,15.65457,54.11342,4344.54291,-2.45425,67.94905,8.517200031,3.172881112,54.99999906
10.58443,15.70932,53.83316,4340.31657,-2.4772,68.10243,8.842406339,3.294029019,54.99999906
10.60598,15.76407,53.55077,4335.90989,-2.49653,68.26137,9.181987827,3.420532058,54.99999906
10.62736,15.81884,53.2667,4331.31388,-2.51206,68.42614,9.536015492,3.552416679,54.99999906
10.64855,15.87362,52.98141,4326.51949,-2.52363,68.59697,9.904473648,3.689677036,54.99999906
10.66956,15.92841,52.69536,4321.51767,-2.53108,68.77414,10.28724712,3.832270227,54.99999906
10.69037,15.9832,52.40904,4316.2994,-2.53423,68.95789,10.68410793,3.980111318,54.99999906
10.71099,16.038,52.12298,4310.8558,-2.53294,69.14846,11.09470153,4.13306824,54.99999906
10.73139,16.09281,51.83768,4305.1782,-2.52703,69.34612,11.5185331,4.290956649,54.99999906
10.75158,16.14762,51.5537,4299.25817,-2.51636,69.55109,11.95495382,4.453534852,54.99999906
10.77155,16.20244,51.2716,4293.08768,-2.50078,69.76361,12.40314791,4.620498944,54.99999906
10.79129,16.25726,50.99194,4286.65916,-2.48014,69.98389,12.86212049,4.791478305,54.99999906
10.81078,16.31208,50.7153,4279.96562,-2.45433,70.21214,13.33068693,4.966031634,54.99999906
10.83003,16.3669,50.44229,4273.00074,-2.42323,70.44853,13.80746422,5.14364372,54.99999906
10.84902,16.42172,50.17351,4265.75902,-2.38675,70.69323,14.29086477,5.323723142,54.99999906
10.86775,16.47654,49.90956,4258.23587,-2.34479,70.94638,14.77909334,5.505601131,54.99999906
10.8862,16.53134,49.65106,4250.42776,-2.29732,71.20808,15.27014767,5.688531787,54.99999906
10.90437,16.58614,49.39863,4242.3323,-2.24428,71.47841,15.76182323,5.87169387,54.99999906
10.92225,16.64093,49.15288,4233.94841,-2.18568,71.7574,16.25172275,6.054194334,54.99999906
10.93983,16.69571,48.91441,4225.27636,-2.12152,72.04506,16.73727082,6.235073763,54.99999906
10.9571,16.75047,48.68383,4216.31795,-2.05185,72.34134,17.21573377,6.413313803,54.99999906
10.97405,16.80521,48.46172,4207.07655,-1.97676,72.64616,17.6842452,6.587846639,54.99999906
10.99067,16.85992,48.24866,4197.55717,-1.89635,72.95936,18.13983678,6.757566488,54.99999906
11.00697,16.91462,48.04519,4187.76654,-1.81078,73.28078,18.57947424,6.921343008,54.99999906
11.02292,16.96928,47.85184,4177.71316,-1.72022,73.61016,19.00009799,7.078036423,54.99999906
11.03852,17.02391,47.66912,4167.40725,-1.6249,73.94723,19.39866763,7.226514101,54.99999906
11.05376,17.0785,47.49748,4156.86079,-1.52507,74.29162,19.77220933,7.365668213,54.99999906
11.06864,17.13306,47.33736,4146.08747,-1.42103,74.64297,20.11786499,7.494434042,54.99999906
11.08316,17.18757,47.18915,4135.1026,-1.31309,75.0008,20.43294178,7.611808436,54.99999906
11.09729,17.24203,47.05319,4123.92302,-1.20162,75.36464,20.71496063,7.716867878,54.99999906
11.11105,17.29644,46.92979,4112.56699,-1.08701,75.73395,20.96170215,7.808785587,54.99999906
11.12443,17.3508,46.81921,4101.05402,-0.96968,76.10815,21.17124853,7.886847126,54.99999906
11.13742,17.40509,46.72164,4089.40473,-0.85005,76.48662,21.34201991,7.95046396,54.99999906
11.15002,17.45932,46.63724,4077.64059,-0.72861,76.86873,21.47280416,7.999184535,54.99999906
11.16223,17.51349,46.56611,4065.78381,-0.60581,77.2538,21.56277888,8.032702484,54.99999906
11.17404,17.56758,46.50828,4053.85705,-0.48216,77.64115,21.61152499,8.05086169,54.99999906
11.18547,17.62159,46.46376,4041.8832,-0.35814,78.03007,21.61903151,8.053658068,54.99999906
11.1965,17.67553,46.43246,4029.88518,-0.23426,78.41988,21.58569146,8.041238023,54.99999906
11.20714,17.72938,46.41428,4017.88572,-0.11101,78.80986,21.51228907,8.0138937,54.99999906
11.21738,17.78315,46.40904,4005.90712,0.01113,79.19932,21.39997898,7.972055238,54.99999906
11.22724,17.83683,46.41653,3993.97106,0.13167,79.58759,21.25025833,7.916280355,54.99999906
11.23672,17.89042,46.43648,3982.09842,0.25016,79.97401,21.06493265,7.847241664,54.99999906
11.24581,17.94391,46.46858,3970.30909,0.36615,80.35795,20.84607705,7.765712195,54.99999906
11.25453,17.99731,46.51247,3958.62187,0.47924,80.73881,20.59599388,7.672549632,54.99999906
11.26288,18.05061,46.56777,3947.0543,0.58903,81.11604,20.31716828,7.568679763,54.99999906
11.27086,18.1038,46.63406,3935.62261,0.69517,81.48911,20.01222313,7.455079669,54.99999906
11.27848,18.1569,46.71087,3924.3416,0.79731,81.85753,19.68387432,7.332761097,54.99999906
11.28575,18.20989,46.79772,3913.22464,0.89517,82.22088,19.33488786,7.202754459,54.99999906
11.29267,18.26277,46.8941,3902.28359,0.98847,82.57875,18.96803949,7.066093789,54.99999906
11.29925,18.31555,46.9995,3891.52886,1.07699,82.93082,18.5860777,6.923802972,54.99999906
11.30549,18.36823,47.11335,3880.96938,1.16053,83.27677,18.19169068,6.776883431,54.99999906
11.31141,18.4208,47.23512,3870.61264,1.23892,83.61635,17.78747763,6.626303436,54.99999906
11.31702,18.47326,47.36423,3860.46476,1.31202,83.94937,17.37592458,6.472989093,54.99999906
11.32231,18.52562,47.50011,3850.53054,1.37974,84.27565,16.95938472,6.317817037,54.99999906
11.3273,18.57787,47.64218,3840.8135,1.44199,84.59506,16.54006331,6.161608777,54.99999906
11.332,18.63002,47.78988,3831.31602,1.49874,84.90753,16.12000667,6.005126626,54.99999906
11.33641,18.68206,47.94262,3822.03938,1.54996,85.21301,15.70109518,5.849071076,54.99999906
11.34054,18.734,48.09983,3812.98385,1.59565,85.51147,15.28503983,5.69407951,54.99999906
11.3444,18.78584,48.26096,3804.14879,1.63584,85.80294,14.8733818,5.540726062,54.99999906
11.34799,18.83757,48.42544,3795.53275,1.67057,86.08747,14.46749485,5.389522493,54.99999906
11.35133,18.88921,48.59273,3787.13353,1.69991,86.36512,14.06858988,5.240919896,54.99999906
11.35442,18.94074,48.76229,3778.94828,1.72393,86.63598,13.67772138,5.095311095,54.99999906
11.35727,18.99218,48.93361,3770.97359,1.74274,86.90018,13.29579525,4.953033566,54.99999906
11.35988,19.04353,49.10617,3763.20555,1.75642,87.15783,12.92357778,4.814372763,54.99999906
11.36227,19.09478,49.27948,3755.63983,1.7651,87.4091,12.56170524,4.679565721,54.99999906
11.36443,19.14593,49.45306,3748.27175,1.76891,87.65414,12.21069405,4.548804815,54.99999906
11.36637,19.197,49.62644,3741.09634,1.76797,87.89312,11.87095103,4.422241604,54.99999906
11.36811,19.24797,49.79917,3734.1084,1.76242,88.12621,11.54278377,4.299990662,54.99999906
11.36964,19.29886,49.97082,3727.30255,1.75241,88.35362,11.22641064,4.182133347,54.99999906
11.37098,19.34966,50.14098,3720.67325,1.73808,88.57553,10.92197066,4.068721447,54.99999906
11.37212,19.40037,50.30924,3714.2149,1.71958,88.79214,10.62953285,3.959780668,54.99999906
11.37307,19.45101,50.47522,3707.92182,1.69706,89.00364,10.34910506,3.855313935,54.99999906
11.37384,19.50156,50.63855,3701.7883,1.67067,89.21025,10.08064228,3.755304486,54.99999906
11.37444,19.55202,50.79888,3695.80864,1.64057,89.41215,9.824054394,3.659718748,54.99999906
11.37486,19.60241,50.95587,3689.97715,1.6069,89.60957,9.579213268,3.568508987,54.99999906
11.37511,19.65273,51.1092,3684.2882,1.56982,89.80269,9.345959262,3.481615732,54.99999906
11.3752,19.70296,51.25856,3678.73621,1.52947,89.99171,9.124107157,3.398969986,54.99999906
11.37513,19.75312,51.40367,3673.31567,1.486,90.17684,8.913451498,3.32049521,54.99999906
11.3749,19.80321,51.54425,3668.02115,1.43956,90.35827,8.713771399,3.246109119,54.99999906
11.37452,19.85322,51.68004,3662.84732,1.39029,90.53619,8.52483482,3.175725272,54.99999906
11.37398,19.90317,51.81078,3657.78893,1.33832,90.71079,8.346402373,3.109254491,54.99999906
11.3733,19.95304,51.93625,3652.84086,1.2838,90.88226,8.178230669,3.046606106,54.99999906
11.37248,20.00284,52.05623,3647.99806,1.22686,91.05077,8.020075266,2.987689057,54.99999906
11.37151,20.05258,52.17051,3643.25559,1.16763,91.21652,7.871693228,2.932412844,54.99999906
11.37041,20.10225,52.27889,3638.60862,1.10624,91.37967,7.732845354,2.880688358,54.99999906
11.36917,20.15185,52.38119,3634.05243,1.04281,91.54039,7.603298096,2.832428596,54.99999906
11.3678,20.20139,52.47725,3629.58236,0.97748,91.69886,7.482825198,2.787549271,54.99999906
11.36629,20.25086,52.5669,3625.19389,0.91036,91.85524,7.371209096,2.745969336,54.99999906
11.36466,20.30027,52.65,3620.88255,0.84157,92.00969,7.268242099,2.707611421,54.99999906
11.3629,20.34962,52.7264,3616.64398,0.77122,92.16236,7.173727376,2.6724022,54.99999906
11.36101,20.3989,52.796,3612.47389,0.69944,92.31343,7.087479777,2.6402727,54.99999906
11.359,20.44812,52.85866,3608.36804,0.62632,92.46304,7.009326508,2.611158551,54.99999906
11.35686,20.49729,52.91429,3604.32228,0.55199,92.61133,6.939107676,2.585000188,54.99999906
11.3546,20.54639,52.9628,3600.33253,0.47654,92.75847,6.876676725,2.561743016,54.99999906
11.35222,20.59543,53.0041,3596.39472,0.40009,92.90459,6.821900779,2.541337535,54.99999906
11.34973,20.64441,53.03812,3592.50486,0.32273,93.04984,6.774660893,2.523739435,54.99999906
11.34711,20.69333,53.06479,3588.65898,0.24458,93.19437,6.73485225,2.508909668,54.99999906
11.34438,20.74219,53.08406,3584.85314,0.16573,93.33831,6.702384277,2.496814493,54.99999906
11.34152,20.79099,53.09588,3581.08342,0.08629,93.48181,6.677180723,2.487425506,54.99999906
11.33856,20.83973,53.10023,3577.34593,0.00635,93.62501,6.659179684,2.480719646,54.99999906
11.33547,20.88842,53.09706,3573.63676,-0.07399,93.76804,6.648333584,2.476679188,54.99999906
11.33227,20.93704,53.08638,3569.95201,-0.15462,93.91105,6.644609123,2.475291728,54.99999906
11.32896,20.98561,53.06816,3566.28778,-0.23546,94.05418,6.647987186,2.476550146,54.99999906
11.32553,21.03412,53.04241,3562.64012,-0.31639,94.19756,6.658462717,2.480452557,54.99999906
11.32198,21.08257,53.00915,3559.0051,-0.39732,94.34134,6.676044557,2.487002255,54.99999906
11.31832,21.13096,52.96838,3555.37872,-0.47816,94.48565,6.700755249,2.496207638,54.99999906
11.31454,21.17928,52.92014,3551.75695,-0.5588,94.63065,6.732630798,2.508082118,54.99999906
11.31065,21.22755,52.86448,3548.13571,-0.63914,94.77647,6.771720392,2.522644021,54.99999906
11.30664,21.27576,52.80143,3544.51087,-0.71908,94.92325,6.81808607,2.539916456,54.99999906
11.30251,21.32391,52.73105,3540.87823,-0.79852,95.07116,6.871802337,2.559927179,54.99999906
11.29826,21.372,52.65341,3537.23351,-0.87736,95.22033,6.932955715,2.582708421,54.99999906
11.2939,21.42002,52.56859,3533.57237,-0.95548,95.37092,7.001644221,2.608296697,54.99999906
11.28941,21.46798,52.47667,3529.89039,-1.0328,95.52308,7.077976765,2.636732578,54.99999906
11.28481,21.51588,52.37774,3526.18303,-1.10918,95.67698,7.162072448,2.668060432,54.99999906
11.28008,21.56371,52.27193,3522.44567,-1.18454,95.83277,7.254059759,2.702328126,54.99999906
11.27523,21.61148,52.15933,3518.6736,-1.25875,95.99061,7.35407565,2.739586677,54.99999906
11.27025,21.65918,52.04008,3514.86198,-1.3317,96.15068,7.462264469,2.779889859,54.99999906
11.26521,21.70682,51.91791,3510.99671,-1.32486,96.16241,7.574895793,2.82184799,0
11.26017,21.7544,51.79663,3507.06631,-1.31538,96.17412,7.687976849,2.863973659,0
11.25512,21.80193,51.67647,3503.06994,-1.30323,96.18582,7.801193773,2.906149942,0
11.25007,21.84941,51.55769,3499.00695,-1.28843,96.1975,7.914227854,2.948258111,0
11.24501,21.89683,51.44052,3494.87686,-1.27097,96.20916,8.026745797,2.990174006,0
11.23996,21.94419,51.32521,3490.67938,-1.25086,96.22081,8.138400948,3.031768487,0
11.23489,21.9915,51.212,3486.41442,-1.22814,96.23244,8.248834775,3.072907994,0
11.22983,22.03874,51.10111,3482.08211,-1.20281,96.24406,8.357678595,3.11345518,0
11.22476,22.08593,50.99279,3477.6828,-1.17494,96.25566,8.464555539,3.153269654,0
11.21969,22.13306,50.88726,3473.21704,-1.14455,96.26724,8.569082764,3.192208796,0
11.21461,22.18012,50.78473,3468.68564,-1.11172,96.27881,8.670873876,3.230128663,0
11.20954,22.22712,50.68543,3464.0896,-1.07651,96.29036,8.769541564,3.266884973,0
11.20446,22.27406,50.58955,3459.43021,-1.03899,96.30189,8.864700405,3.302334145,0
11.19937,22.32093,50.49731,3454.70894,-0.99925,96.31341,8.95596982,3.336334404,0
11.19429,22.36774,50.40887,3449.92752,-0.95739,96.32491,9.042977147,3.368746922,0
11.1892,22.41449,50.32443,3445.08792,-0.91352,96.3364,9.125360777,3.399436992,0
11.18411,22.46116,50.24415,3440.19232,-0.86774,96.34786,9.20277333,3.428275205,0
11.17902,22.50777,50.16818,3435.24312,-0.82019,96.35931,9.274884803,3.455138626,0
11.17393,22.55431,50.09667,3430.24294,-0.77099,96.37074,9.34138566,3.479911945,0
11.16883,22.60078,50.02975,3425.1946,-0.72028,96.38216,9.401989796,3.50248858,0
11.16374,22.64719,49.96754,3420.10109,-0.66821,96.39355,9.456437343,3.522771724,0
11.15864,22.69352,49.91013,3414.9656,-0.61494,96.40493,9.504497253,3.540675305,0
11.15354,22.73978,49.85761,3409.79148,-0.56062,96.41629,9.545969621,3.556124853,0
11.14844,22.78597,49.81006,3404.5822,-0.50542,96.42764,9.580687707,3.569058254,0
11.14334,22.83209,49.76753,3399.34138,-0.44951,96.43896,9.608519615,3.579426372,0
11.13823,22.87813,49.73006,3394.07273,-0.39306,96.45027,9.629369601,3.58719354,0
11.13313,22.9241,49.69768,3388.78006,-0.33625,96.46156,9.643178986,3.592337899,0
11.12802,22.97,49.6704,3383.46724,-0.27926,96.47284,9.649926657,3.594851585,0
11.12292,23.01583,49.6482,3378.13819,-0.22225,96.48409,9.649629156,3.594740758,0
11.11781,23.06158,49.63108,3372.79686,-0.16542,96.49533,9.64234034,3.592025482,0
11.1127,23.10726,49.61897,3367.44718,-0.10893,96.50655,9.62815064,3.586739445,0
11.1076,23.15286,49.61185,3362.0931,-0.05297,96.51775,9.607185925,3.578929537,0
11.10249,23.19839,49.60962,3356.73851,0.00229,96.52893,9.579605998,3.568655289,0
11.09738,23.24384,49.61222,3351.38725,0.05669,96.5401,9.545602751,3.555988185,0
11.09227,23.28922,49.61954,3346.04309,0.11007,96.55124,9.505398029,3.541010868,0
11.08716,23.33453,49.63146,3340.70972,0.16225,96.56237,9.459241218,3.523816241,0
11.08205,23.37976,49.64787,3335.39069,0.2131,96.57348,9.407406634,3.504506495,0
11.07694,23.42492,49.66863,3330.08946,0.26246,96.58457,9.350190733,3.483192066,0
11.07182,23.47,49.69359,3324.80934,0.3102,96.59565,9.287909204,3.459990558,0
11.06671,23.51501,49.72258,3319.55349,0.35618,96.60671,9.220893988,3.435025627,0
11.0616,23.55995,49.75543,3314.32494,0.40028,96.61774,9.149490269,3.408425863,0
11.05649,23.60482,49.79198,3309.12652,0.44239,96.62876,9.074053487,3.380323677,0
11.05137,23.64961,49.83202,3303.96089,0.4824,96.63977,8.994946399,3.350854205,0
11.04626,23.69433,49.87536,3298.83057,0.52022,96.65075,8.912536247,3.320154255,0
11.04115,23.73898,49.92181,3293.73784,0.55576,96.66172,8.827192046,3.288361295,0
11.03603,23.78355,49.97114,3288.68485,0.58894,96.67267,8.739282031,3.255612501,0
11.03092,23.82806,50.02315,3283.67352,0.6197,96.6836,8.649171282,3.222043876,0
11.0258,23.8725,50.07761,3278.70561,0.64797,96.69451,8.557219548,3.187789436,0
11.02069,23.91686,50.13431,3273.78267,0.6737,96.70541,8.463779277,3.152980476,0
11.01557,23.96116,50.19301,3268.90611,0.69686,96.71629,8.369193872,3.117744924,0
11.01045,24.00539,50.2535,3264.07711,0.7174,96.72715,8.273796163,3.082206768,0
11.00534,24.04955,50.31554,3259.29671,0.73532,96.738,8.177907106,3.046485571,0
11.00022,24.09365,50.37891,3254.56576,0.75059,96.74882,8.0818347,3.010696072,0
10.9951,24.13768,50.44337,3249.88495,0.7632,96.75963,7.985873117,2.974947857,0
10.98998,24.18165,50.5087,3245.25481,0.77316,96.77043,7.890302036,2.939345115,0
10.98486,24.22555,50.57467,3240.67573,0.78048,96.7812,7.795386165,2.903986456,0
10.97974,24.26938,50.64105,3236.14793,0.78516,96.79196,7.70137495,2.868964804,0
10.97462,24.31316,50.70763,3231.6715,0.78723,96.8027,7.608502435,2.834367349,0
10.96949,24.35687,50.77418,3227.24641,0.78673,96.81343,7.516987286,2.800275548,0
10.96437,24.40052,50.84049,3222.87248,0.78367,96.82414,7.427032934,2.766765185,0
10.95924,24.4441,50.90635,3218.54943,0.7781,96.83483,7.338827848,2.733906469,0
10.95412,24.48763,50.97155,3214.27687,0.77007,96.8455,7.252545896,2.701764172,0
10.94899,24.5311,51.03588,3210.05429,0.75962,96.85616,7.168346806,2.670397796,0
10.94386,24.57451,51.09916,3205.88109,0.7468,96.8668,7.086376692,2.639861771,0
10.93873,24.61786,51.16117,3201.75658,0.73168,96.87743,7.006768636,2.610205676,0
10.9336,24.66115,51.22175,3197.67998,0.71431,96.88804,6.929643323,2.581474468,0
10.92847,24.70439,51.28071,3193.65043,0.69476,96.89863,6.855109705,2.553708734,0
10.92333,24.74757,51.33787,3189.667,0.67309,96.90921,6.783265684,2.526944946,0
10.9182,24.7907,51.39307,3185.72869,0.64938,96.91977,6.714198818,2.501215721,0
10.91306,24.83377,51.44614,3181.83443,0.6237,96.93032,6.647987026,2.476550086,0
10.90793,24.87678,51.49692,3177.98309,0.59612,96.94085,6.584699285,2.452973738,0
10.90279,24.91975,51.54528,3174.1735,0.56672,96.95137,6.524396327,2.430509299,0
10.89764,24.96266,51.59106,3170.40442,0.53558,96.96186,6.467131311,2.409176574,0
10.8925,25.00551,51.63414,3166.67457,0.50278,96.97235,6.412950483,2.38899279,0
10.88736,25.04832,51.67439,3162.98263,0.4684,96.98281,6.361893802,2.369972833,0
10.88221,25.09107,51.71167,3159.32722,0.43252,96.99327,6.313995545,2.352129472,0
10.87706,25.13378,51.7459,3155.70695,0.39523,97.0037,6.269284879,2.335473572,0
10.87191,25.17643,51.77695,3152.12036,0.35661,97.01412,6.227786397,2.320014296,0
10.86676,25.21903,51.80472,3148.56599,0.31676,97.02453,6.189520624,2.305759288,0
10.86161,25.26158,51.82914,3145.04233,0.27575,97.03492,6.154504479,2.292714853,0
10.85645,25.30409,51.8501,3141.54783,0.23368,97.0453,6.122751711,2.280886112,0
10.8513,25.34654,51.86755,3138.08093,0.19063,97.05566,6.094273289,2.27027715,0
10.84614,25.38895,51.8814,3134.64003,0.14669,97.066,6.069077754,2.260891151,0
10.84098,25.43131,51.89161,3131.22351,0.10195,97.07633,6.047171539,2.252730509,0
10.83582,25.47362,51.8981,3127.82971,0.0565,97.08665,6.028559243,2.245796939,0
10.83065,25.51588,51.90085,3124.45697,0.01044,97.09695,6.013243875,2.240091561,0
10.82548,25.5581,51.8998,3121.10359,-0.03616,97.10723,6.001227053,2.235614979,0
10.82032,25.60027,51.89493,3117.76785,-0.08319,97.1175,5.992509169,2.232367338,0
10.81515,25.64239,51.88621,3114.448,-0.13058,97.12776,5.987089521,2.230348376,0
10.80997,25.68447,51.87363,3111.14227,-0.17821,97.138,5.984966395,2.229557456,0
10.8048,25.7265,51.85718,3107.84889,-0.22602,97.14823,5.986137129,2.229993585,0
10.79962,25.76848,51.83685,3104.56603,-0.27389,97.15844,5.990598124,2.231655423,0
10.79445,25.81042,51.81266,3101.29188,-0.32176,97.16863,5.998344828,2.234541274,0
10.78927,25.85231,51.78461,3098.02457,-0.36951,97.17881,6.009371683,2.238649068,0
10.78409,25.89416,51.75273,3094.76225,-0.41706,97.18898,6.023672035,2.243976325,0
10.7789,25.93596,51.71704,3091.50301,-0.46432,97.19913,6.041238011,2.250520114,0
10.77372,25.97771,51.67758,3088.24496,-0.5112,97.20927,6.062060357,2.258276985,0
10.76853,26.01942,51.63439,3084.98617,-0.55761,97.21939,6.086128249,2.267242908,0
10.76334,26.06108,51.58753,3081.7247,-0.60345,97.2295,6.113429062,2.27741318,0
10.75815,26.1027,51.53704,3078.45859,-0.64863,97.2396,6.143948109,2.288782327,0
10.75296,26.14427,51.483,3075.18587,-0.69307,97.24967,6.177668347,2.301344003,0
10.74777,26.1858,51.42548,3071.90456,-0.73667,97.25974,6.21457005,2.315090859,0
10.74257,26.22728,51.36454,3068.61266,-0.77935,97.26979,6.254630452,2.330014413,0
10.73738,26.26871,51.30029,3065.30817,-0.821,97.27982,6.297823355,2.346104905,0
10.73218,26.3101,51.23281,3061.98908,-0.86155,97.28984,6.344118713,2.363351144,0
10.72698,26.35144,51.1622,3058.65338,-0.90091,97.29985,6.393482185,2.381740337,0
10.72178,26.39273,51.08857,3055.29905,-0.93899,97.30984,6.445874669,2.401257915,0
10.71658,26.43398,51.01203,3051.92407,-0.9757,97.31982,6.501251801,2.421887354,0
10.71137,26.47518,50.9327,3048.52644,-1.01095,97.32978,6.55956345,2.443609978,0
10.70617,26.51633,50.85071,3045.10414,-1.04467,97.33973,6.62075318,2.466404762,0
10.70096,26.55744,50.7662,3041.6552,-1.07677,97.34966,6.684757715,2.490248136,0
10.69575,26.59849,50.67928,3038.17764,-1.10717,97.35958,6.751506385,2.515113771,0
10.69055,26.6395,50.59013,3034.66951,-1.13579,97.36948,6.820920574,2.540972383,0
10.68534,26.68046,50.49888,3031.12888,-1.16255,97.37937,6.892913172,2.56779152,0
10.68013,26.72137,50.40569,3027.55386,-1.18738,97.38925,6.967388035,2.595535366,0
10.67492,26.76222,50.31072,3023.94259,-1.2102,97.39911,7.044239466,2.624164546,0
10.66971,26.80303,50.21414,3020.29327,-1.23096,97.40895,7.123351714,2.65363594,0
10.66449,26.84379,50.11613,3016.60412,-1.24957,97.41878,7.204598518,2.683902512,0
10.65928,26.8845,50.01685,3012.87346,-1.26598,97.4286,7.287842683,2.714913154,0
10.65407,26.92515,49.91649,3009.09963,-1.28013,97.4384,7.372935718,2.746612549,0
10.64886,26.96575,49.81523,3005.28107,-1.29197,97.44818,7.459717534,2.778941058,0
10.64364,27.0063,49.71327,3001.4163,-1.30144,97.45795,7.548016214,2.81183464,0
10.63843,27.0468,49.61079,2997.5039,-1.30851,97.46771,7.637647874,2.845224792,0
10.63322,27.08724,49.50798,2993.54259,-1.31312,97.47745,7.728416615,2.879038536,0
10.628,27.12762,49.40505,2989.53114,-1.31525,97.48718,7.820114586,2.913198443,0
10.62279,27.16795,49.30219,2985.46848,-1.31487,97.49689,7.912522158,2.947622695,0
10.61758,27.20823,49.1996,2981.35364,-1.31195,97.50658,8.005408232,2.982225201,0
10.61236,27.24845,49.09748,2977.18576,-1.30648,97.51626,8.098530675,3.016915762,0
10.60715,27.28861,48.99602,2972.96413,-1.29845,97.52593,8.191636908,3.051600283,0
10.60194,27.32871,48.89544,2968.6882,-1.28785,97.53558,8.284464637,3.086181055,0
10.59673,27.36875,48.79592,2964.35755,-1.27471,97.54521,8.376742734,3.120557074,0
10.59152,27.40874,48.69767,2959.97191,-1.25902,97.55483,8.468192284,3.154624437,0
10.58631,27.44866,48.60087,2955.53118,-1.24081,97.56444,8.558527777,3.188276785,0
10.58111,27.48852,48.50573,2951.03545,-1.22012,97.57403,8.647458458,3.221405804,0
10.5759,27.52832,48.41242,2946.48493,-1.19697,97.5836,8.73468982,3.253901781,0
10.5707,27.56806,48.32114,2941.88006,-1.17143,97.59316,8.81992524,3.285654218,0
10.5655,27.60774,48.23205,2937.22143,-1.14353,97.6027,8.902867735,3.31655248,0
10.56029,27.64735,48.14534,2932.50982,-1.11336,97.61223,8.983221834,3.346486496,0
10.5551,27.6869,48.06117,2927.74618,-1.08097,97.62174,9.060695541,3.37534749,0
10.5499,27.72638,47.97969,2922.93166,-1.04646,97.63123,9.135002375,3.403028741,0
10.5447,27.76579,47.90107,2918.06758,-1.00992,97.64071,9.205863455,3.429426358,0
10.53951,27.80514,47.82544,2913.15543,-0.97144,97.65018,9.273009613,3.454440068,0
10.53432,27.84442,47.75294,2908.19689,-0.93113,97.65963,9.336183502,3.477974004,0
10.52913,27.88364,47.6837,2903.19379,-0.88912,97.66906,9.395141673,3.499937474,0
10.52395,27.92278,47.61783,2898.14814,-0.84551,97.67848,9.449656593,3.520245716,0
10.51876,27.96186,47.55544,2893.06209,-0.80044,97.68788,9.49951857,3.538820615,0
10.51358,28.00087,47.49661,2887.93794,-0.75404,97.69726,9.544537553,3.55559137,0
10.50841,28.0398,47.44144,2882.77813,-0.70647,97.70663,9.584544797,3.570495121,0
10.50323,28.07867,47.39,2877.58522,-0.65786,97.71598,9.619394337,3.583477492,0
10.49806,28.11747,47.34234,2872.36187,-0.60837,97.72532,9.64896428,3.594493074,0
10.49289,28.15619,47.29852,2867.11088,-0.55815,97.73464,9.673157861,3.603505819,0
10.48773,28.19484,47.25857,2861.83509,-0.50736,97.74394,9.691904281,3.610489354,0
10.48256,28.23342,47.2225,2856.53744,-0.45617,97.75323,9.705159279,3.615427189,0
10.47741,28.27193,47.19034,2851.22092,-0.40473,97.7625,9.712905454,3.618312843,0
10.47225,28.31036,47.16208,2845.88858,-0.35322,97.77176,9.715152326,3.619149863,0
10.4671,28.34872,47.1377,2840.54346,-0.3018,97.78099,9.711936132,3.617951746,0
10.46195,28.38701,47.11718,2835.18866,-0.25063,97.79022,9.70331936,3.614741771,0
10.45681,28.42522,47.10048,2829.82725,-0.19987,97.79942,9.689390046,3.609552735,0
10.45167,28.46336,47.08755,2824.46229,-0.14969,97.80861,9.670260826,3.602426598,0
10.44653,28.50143,47.07832,2819.09682,-0.10025,97.81779,9.646067777,3.59341405,0
10.4414,28.53942,47.07272,2813.73384,-0.05169,97.82694,9.616969062,3.582574013,0
10.43627,28.57734,47.07067,2808.37627,-0.00416,97.83608,9.583143396,3.569973063,0
10.43114,28.61519,47.07208,2803.02698,0.04217,97.84521,9.544788375,3.555684808,0
10.42602,28.65296,47.07683,2797.68877,0.08719,97.85432,9.50211867,3.539789221,0
10.4209,28.69066,47.08481,2792.36433,0.13076,97.86341,9.455364147,3.52237193,0
10.41579,28.72828,47.0959,2787.05627,0.17274,97.87248,9.404767904,3.503523498,0
10.41068,28.76583,47.10997,2781.76707,0.21302,97.88154,9.350584282,3.483338674,0
10.40557,28.80331,47.12688,2776.49911,0.25148,97.89058,9.29307687,3.46191565,0
10.40047,28.84072,47.14648,2771.25465,0.28803,97.89961,9.232516512,3.439355323,0
10.39537,28.87805,47.16862,2766.03582,0.32256,97.90862,9.169179369,3.41576057,0
10.39028,28.91532,47.19314,2760.84461,0.35499,97.91761,9.103345028,3.391235546,0
10.38519,28.95251,47.21988,2755.68287,0.38523,97.92659,9.035294706,3.365885011,0
10.3801,28.98963,47.24867,2750.55235,0.41322,97.93555,8.965309536,3.339813694,0
10.37502,29.02668,47.27933,2745.45461,0.43888,97.94449,8.893668971,3.313125698,0
10.36994,29.06366,47.3117,2740.3911,0.46217,97.95342,8.82064931,3.285923953,0
10.36486,29.10056,47.34559,2735.36312,0.48305,97.96233,8.746522348,3.258309709,0
10.35979,29.1374,47.38082,2730.37183,0.50146,97.97123,8.671554165,3.230382089,0
10.35473,29.17418,47.41722,2725.41826,0.51738,97.98011,8.596004051,3.202237684,0
10.34966,29.21088,47.45459,2720.5033,0.53079,97.98897,8.520123572,3.173970208,0
10.3446,29.24751,47.49276,2715.6277,0.54167,97.99782,8.444155766,3.145670202,0
10.33954,29.28408,47.53155,2710.79209,0.55002,98.00665,8.368334485,3.11742478,0
10.33449,29.32059,47.57077,2705.99696,0.55584,98.01547,8.292883853,3.089317434,0
10.32944,29.35702,47.61024,2701.24268,0.55913,98.02427,8.218017859,3.061427881,0
10.32439,29.39339,47.64979,2696.52952,0.55991,98.03305,8.143940055,3.03383195,0
10.31935,29.4297,47.68924,2691.8576,0.5582,98.04182,8.070843372,3.006601513,0
10.31431,29.46594,47.72841,2687.22696,0.55402,98.05057,7.998910028,2.97980445,0
10.30927,29.50212,47.76713,2682.63752,0.54742,98.05931,7.92831153,2.953504651,0
10.30424,29.53823,47.80524,2678.08909,0.53843,98.06803,7.859208749,2.927762047,0
10.29921,29.57428,47.84258,2673.5814,0.52708,98.07673,7.791752082,2.902632664,0
10.29418,29.61027,47.87897,2669.11408,0.51344,98.08542,7.726081659,2.878168704,0
10.28915,29.6462,47.91428,2664.68666,0.49756,98.09409,7.662327613,2.854418644,0
10.28413,29.68207,47.94834,2660.29861,0.47948,98.10275,7.600610391,2.831427355,0
10.27911,29.71788,47.98102,2655.94931,0.45928,98.1114,7.541041103,2.809236228,0
10.2741,29.75363,48.01217,2651.63804,0.43702,98.12002,7.4837219,2.787883316,0
10.26908,29.78932,48.04165,2647.36404,0.41277,98.12863,7.428746366,2.767403484,0
10.26407,29.82495,48.06934,2643.12648,0.38661,98.13723,7.376199937,2.747828556,0
10.25907,29.86052,48.09512,2638.92444,0.35859,98.14581,7.326160312,2.729187479,0
10.25406,29.89603,48.11885,2634.75696,0.32882,98.15438,7.278697885,2.711506476,0
10.24906,29.93149,48.14044,2630.62303,0.29736,98.16293,7.233876158,2.694809203,0
10.24406,29.96689,48.15978,2626.52156,0.26431,98.17146,7.191752155,2.679116904,0
10.23906,30.00223,48.17676,2622.45143,0.22974,98.17998,7.152376829,2.664448559,0
10.23407,30.03752,48.19129,2618.41147,0.19374,98.18849,7.115795441,2.65082103,0
10.22908,30.07275,48.20329,2614.40044,0.15641,98.19698,7.082047937,2.638249196,0
10.22409,30.10793,48.21268,2610.41708,0.11783,98.20545,7.051169295,2.62674609,0
10.2191,30.14305,48.21937,2606.46008,0.0781,98.21391,7.023189853,2.616323011,0
10.21412,30.17812,48.22331,2602.5281,0.03731,98.22236,6.99813561,2.606989647,0
10.20913,30.21313,48.22444,2598.61975,-0.00444,98.23079,6.97602851,2.59875417,0
10.20415,30.24809,48.22269,2594.73361,-0.04706,98.2392,6.956886682,2.591623336,0
10.19918,30.283,48.21803,2590.86824,-0.09046,98.2476,6.940724673,2.585602562,0
10.1942,30.31786,48.21041,2587.02213,-0.13452,98.25599,6.927553636,2.580696004,0
10.18923,30.35266,48.1998,2583.19378,-0.17917,98.26436,6.917381494,2.576906614,0
10.18426,30.3874,48.18617,2579.38164,-0.22428,98.27272,6.910213077,2.57423619,0
10.17929,30.4221,48.1695,2575.58414,-0.26978,98.28106,6.906050225,2.572685418,0
10.17433,30.45674,48.14978,2571.79969,-0.31555,98.28938,6.904891865,2.572253899,0
10.16936,30.49133,48.12701,2568.02666,-0.36149,98.2977,6.906734055,2.572940162,0
10.1644,30.52587,48.10118,2564.26341,-0.40751,98.30599,6.911569995,2.574741678,0
10.15944,30.56036,48.0723,2560.50829,-0.45351,98.31428,6.919390023,2.577654844,0
10.15449,30.59479,48.04039,2556.75959,-0.49938,98.32254,6.930181562,2.581674976,0
10.14953,30.62918,48.00546,2553.01563,-0.54502,98.3308,6.943929057,2.586796279,0
10.14458,30.66351,47.96754,2549.27469,-0.59034,98.33904,6.960613873,2.593011812,0
10.13963,30.69779,47.92667,2545.53503,-0.63523,98.34726,6.980214172,2.60031344,0
10.13469,30.73202,47.88289,2541.79492,-0.6796,98.35547,7.002704766,2.608691778,0
10.12974,30.76619,47.83624,2538.05261,-0.72334,98.36367,7.028056939,2.618136129,0
10.1248,30.80032,47.78679,2534.30632,-0.76636,98.37185,7.056238253,2.62863441,0
10.11986,30.83439,47.73458,2530.5543,-0.80856,98.38001,7.087212334,2.64017307,0
10.11493,30.86841,47.67968,2526.79478,-0.84984,98.38817,7.120938631,2.652737003,0
10.10999,30.90238,47.62217,2523.02599,-0.89012,98.3963,7.157372168,2.666309454,0
10.10506,30.9363,47.56212,2519.24616,-0.92928,98.40443,7.196463272,2.680871919,0
10.10014,30.97017,47.49962,2515.45353,-0.96725,98.41254,7.2381573,2.696404042,0
10.09521,31.00398,47.43476,2511.64635,-1.00394,98.42063,7.282394346,2.712883505,0
10.09029,31.03774,47.36764,2507.82288,-1.03924,98.42871,7.329108948,2.730285924,0
10.08537,31.07145,47.29834,2503.98139,-1.07308,98.43678,7.378229798,2.748584733,0
10.08045,31.1051,47.22699,2500.12018,-1.10537,98.44483,7.429679443,2.767751079,0
10.07554,31.1387,47.15369,2496.23757,-1.13603,98.45287,7.483374001,2.787753715,0
10.07062,31.17225,47.07856,2492.3319,-1.16497,98.46089,7.539222885,2.808558893,0
10.06572,31.20575,47.00171,2488.40156,-1.19213,98.4689,7.597128542,2.830130275,0
10.06081,31.23919,46.92329,2484.44497,-1.21742,98.4769,7.656986218,2.852428833,0
10.05591,31.27257,46.8434,2480.46057,-1.24078,98.48488,7.718683739,2.875412784,0
10.05101,31.3059,46.7622,2476.44689,-1.26214,98.49284,7.78210134,2.899037509,0
10.04612,31.33918,46.6798,2472.40248,-1.28144,98.5008,7.847111517,2.92325551,0
10.04123,31.3724,46.59637,2468.32596,-1.29862,98.50873,7.913578934,2.948016372,0
10.03634,31.40556,46.51203,2464.216,-1.31362,98.51666,7.981360375,2.973266742,0
10.03145,31.43867,46.42694,2460.07137,-1.3264,98.52457,8.050304755,2.998950338,0
10.02657,31.47172,46.34124,2455.89089,-1.33692,98.53246,8.120253194,3.025007971,0
10.0217,31.50471,46.25509,2451.67345,-1.34512,98.54035,8.191039153,3.051377604,0
10.01682,31.53765,46.16864,2447.41806,-1.35099,98.54821,8.262488655,3.077994423,0
10.01196,31.57052,46.08203,2443.1238,-1.35449,98.55607,8.334420572,3.104790955,0
10.00709,31.60334,45.99544,2438.78985,-1.35561,98.56391,8.406646999,3.131697199,0
10.00223,31.6361,45.909,2434.41548,-1.35432,98.57173,8.478973718,3.158640805,0
9.99737,31.6688,45.82287,2430.0001,-1.35063,98.57954,8.551200742,3.185547272,0
9.99252,31.70144,45.73722,2425.54321,-1.34453,98.58734,8.623122954,3.212340188,0
9.98768,31.73402,45.65218,2421.04441,-1.33602,98.59512,8.69453083,3.238941501,0
9.98283,31.76653,45.56792,2416.50346,-1.32513,98.60289,8.765211258,3.26527182,0
9.97799,31.79899,45.48458,2411.92022,-1.31188,98.61065,8.834948435,3.291250754,0
9.97316,31.83138,45.40231,2407.29467,-1.29629,98.61839,8.903524851,3.316797273,0
9.96833,31.86371,45.32125,2402.62695,-1.2784,98.62611,8.970722345,3.341830107,0
9.96351,31.89597,45.24155,2397.9173,-1.25826,98.63382,9.036323232,3.366268164,0
9.95869,31.92818,45.16333,2393.16611,-1.23592,98.64152,9.100111494,3.39003097,0
9.95388,31.96031,45.08673,2388.37391,-1.21144,98.64921,9.161874012,3.413039133,0
9.94907,31.99239,45.01189,2383.54136,-1.18489,98.65688,9.221401847,3.435214818,0
9.94427,32.02439,44.93891,2378.66923,-1.15634,98.66453,9.27849154,3.45648223,0
9.93947,32.05633,44.86792,2373.75846,-1.12589,98.67217,9.332946425,3.476768108,0
9.93468,32.08821,44.79902,2368.8101,-1.09362,98.6798,9.384577941,3.496002206,0
9.9299,32.12001,44.73231,2363.82532,-1.05963,98.68741,9.433206926,3.514117783,0
9.92512,32.15175,44.6679,2358.80543,-1.02403,98.69501,9.478664872,3.531052063,0
9.92035,32.18342,44.60587,2353.75185,-0.98692,98.7026,9.520795131,3.546746694,0
9.91558,32.21502,44.54631,2348.66611,-0.94843,98.71017,9.559454062,3.561148163,0
9.91082,32.24656,44.48927,2343.54986,-0.90868,98.71772,9.594512084,3.574208198,0
9.90606,32.27802,44.43483,2338.40483,-0.86779,98.72526,9.625854643,3.585884126,0
9.90131,32.30941,44.38304,2333.23285,-0.82591,98.73279,9.65338306,3.596139186,0
9.89657,32.34074,44.33395,2328.03586,-0.78317,98.74031,9.67701527,3.604942806,0
9.89184,32.37199,44.28759,2322.81583,-0.7397,98.7478,9.696686415,3.612270825,0
9.88711,32.40317,44.24399,2317.57484,-0.69566,98.75529,9.712349307,3.618105664,0
9.88239,32.43428,44.20318,2312.315,-0.65119,98.76276,9.723974738,3.622436443,0
9.87767,32.46532,44.16515,2307.03848,-0.60643,98.77022,9.731551647,3.625259041,0
9.87296,32.49629,44.12992,2301.74749,-0.56154,98.77766,9.735087125,3.6265761,0
9.86826,32.52719,44.09747,2296.44428,-0.51667,98.78508,9.734606275,3.62639697,0
9.86356,32.55801,44.06779,2291.13108,-0.47197,98.7925,9.730151924,3.624737607,0
9.85888,32.58876,44.04085,2285.81017,-0.42757,98.7999,9.721784185,3.621620404,0
9.8542,32.61944,44.0166,2280.48382,-0.38364,98.80728,9.709579889,3.617073983,0
9.84952,32.65005,43.99502,2275.15427,-0.34031,98.81465,9.693631885,3.611132932,0
9.84485,32.68058,43.97605,2269.82376,-0.29773,98.822,9.674048231,3.603837506,0
9.84019,32.71105,43.95962,2264.49449,-0.25603,98.82935,9.650951269,3.595233279,0
9.83554,32.74144,43.94566,2259.16863,-0.21535,98.83667,9.62447662,3.585370776,0
9.83089,32.77175,43.93411,2253.8483,-0.17582,98.84398,9.594772099,3.574305061,0
9.82626,32.802,43.92489,2248.53558,-0.13757,98.85128,9.561996567,3.562095312,0
9.82162,32.83217,43.91789,2243.23245,-0.1007,98.85856,9.526318735,3.548804381,0
9.817,32.86227,43.91303,2237.94088,-0.06534,98.86583,9.487915946,3.534498332,0
9.81238,32.8923,43.9102,2232.66272,-0.0316,98.87309,9.446972925,3.519245979,0
9.80777,32.92226,43.90929,2227.39976,0.00043,98.88032,9.403680543,3.503118428,0
9.80317,32.95214,43.91021,2222.15371,0.03065,98.88755,9.358234581,3.486188611,0
9.79857,32.98196,43.91282,2216.92619,0.05898,98.89476,9.310834518,3.468530841,0
9.79398,33.0117,43.91701,2211.71872,0.08533,98.90196,9.261682364,3.45022037,0
9.7894,33.04137,43.92266,2206.53273,0.10963,98.90914,9.210981524,3.431332973,0
9.78483,33.07097,43.92964,2201.36956,0.13182,98.9163,9.158935729,3.411944545,0
9.78026,33.1005,43.93781,2196.23045,0.15183,98.92346,9.105748017,3.392130723,0
9.7757,33.12997,43.94705,2191.11654,0.16963,98.93059,9.051619793,3.371966536,0
9.77115,33.15936,43.95723,2186.02887,0.18516,98.93772,8.99674995,3.351526075,0
9.7666,33.18868,43.9682,2180.96837,0.19839,98.94482,8.941334073,3.330882203,0
9.76206,33.21793,43.97984,2175.93589,0.2093,98.95192,8.885563717,3.310106278,0
9.75753,33.24712,43.992,2170.93215,0.21787,98.959,8.829625767,3.28926792,0
9.753,33.27624,44.00456,2165.9578,0.22407,98.96606,8.773701872,3.268434797,0
9.74848,33.30529,44.01737,2161.01339,0.22791,98.97311,8.717967958,3.247672448,0
9.74397,33.33427,44.0303,2156.09935,0.22939,98.98015,8.662593817,3.227044123,0
9.73946,33.36319,44.04322,2151.21604,0.22852,98.98717,8.607742766,3.206610664,0
9.73497,33.39203,44.056,2146.36371,0.2253,98.99418,8.553571375,3.186430395,0
9.73047,33.42082,44.0685,2141.54254,0.21977,99.00117,8.500229261,3.166559054,0
9.72599,33.44954,44.0806,2136.75261,0.21194,99.00815,8.447858944,3.147049733,0
9.72151,33.47819,44.09217,2131.9939,0.20186,99.01511,8.396595749,3.127952844,0
9.71704,33.50678,44.10309,2127.26635,0.18956,99.02206,8.346567769,3.109316105,0
9.71257,33.5353,44.11324,2122.56977,0.17508,99.02899,8.297895871,3.091184543,0
9.70811,33.56376,44.12251,2117.90392,0.15847,99.03591,8.250693738,3.073600506,0
9.70366,33.59216,44.13078,2113.26849,0.13979,99.04282,8.205067948,3.056603699,0
9.69921,33.62049,44.13794,2108.66309,0.1191,99.04971,8.161118088,3.04023122,0
9.69477,33.64876,44.14389,2104.08725,0.09645,99.05659,8.118936885,3.024517612,0
9.69034,33.67697,44.14854,2099.54045,0.07192,99.06345,8.078610366,3.009494922,0
9.68591,33.70512,44.15177,2095.0221,0.04557,99.0703,8.040218029,2.995192767,0
9.68149,33.73321,44.15351,2090.53154,0.01749,99.07713,8.003833029,2.981638397,0
9.67707,33.76123,44.15366,2086.06808,-0.01226,99.08395,7.969522368,2.968856773,0
9.67266,33.7892,44.15214,2081.63093,-0.04358,99.09076,7.937347099,2.956870638,0
9.66826,33.8171,44.14888,2077.21929,-0.0764,99.09755,7.907362519,2.945700594,0
9.66386,33.84495,44.14381,2072.83229,-0.11064,99.10432,7.879618375,2.93536517,0
9.65947,33.87273,44.13685,2068.469,-0.14619,99.11109,7.854159047,2.925880901,0
9.65509,33.90046,44.12795,2064.12846,-0.18297,99.11783,7.831023748,2.917262393,0
9.65071,33.92812,44.11706,2059.80967,-0.22088,99.12457,7.810246691,2.909522392,0
9.64634,33.95573,44.10412,2055.51156,-0.25984,99.13129,7.791857263,2.902671847,0
9.64197,33.98328,44.08908,2051.23306,-0.29973,99.13799,7.775880179,2.896719962,0
9.63761,34.01077,44.07191,2046.97303,-0.34047,99.14469,7.762335624,2.891674259,0
9.63325,34.0382,44.05258,2042.73032,-0.38195,99.15136,7.751239378,2.887540616,0
9.6289,34.06558,44.03105,2038.50372,-0.42407,99.15803,7.742602931,2.884323312,0
9.62456,34.0929,44.00731,2034.292,-0.46674,99.16467,7.736433575,2.882025065,0
9.62022,34.12016,43.98133,2030.09393,-0.50983,99.17131,7.732734485,2.880647056,0
9.61589,34.14736,43.95311,2025.9082,-0.55326,99.17793,7.731504776,2.880188957,0
9.61156,34.17451,43.92265,2021.73351,-0.59692,99.18454,7.732739555,2.880648945,0
9.60724,34.2016,43.88993,2017.56854,-0.6407,99.19113,7.736429944,2.882023712,0
9.60293,34.22863,43.85497,2013.41193,-0.6845,99.19771,7.74256309,2.88430847,0
9.59862,34.25561,43.81777,2009.26231,-0.72821,99.20428,7.751122165,2.887496951,0
9.59432,34.28253,43.77836,2005.1183,-0.77173,99.21083,7.762086344,2.891581396,0
9.59002,34.30939,43.73676,2000.9785,-0.81496,99.21736,7.775430773,2.896552547,0
9.58573,34.3362,43.69299,1996.8415,-0.85779,99.22389,7.791126519,2.902399625,0
9.58144,34.36295,43.64709,1992.70588,-0.90012,99.2304,7.809140513,2.909110312,0
9.57717,34.38964,43.59909,1988.57022,-0.94185,99.23689,7.829435483,2.916670722,0
9.57289,34.41628,43.54904,1984.43309,-0.98288,99.24338,7.851969872,2.925065375,0
9.56863,34.44286,43.49699,1980.29306,-1.0231,99.24985,7.876697755,2.934277162,0
9.56436,34.46938,43.44298,1976.14871,-1.06243,99.2563,7.903568751,2.944287315,0
9.56011,34.49585,43.38709,1971.99861,-1.10077,99.26274,7.932527924,2.955075369,0
9.55586,34.52226,43.32936,1967.84134,-1.13801,99.26917,7.963515696,2.96661913,0
9.55162,34.54862,43.26986,1963.67551,-1.17408,99.27558,7.996467752,2.978894637,0
9.54738,34.57492,43.20867,1959.49973,-1.20888,99.28199,8.031314953,2.991876136,0
9.54315,34.60116,43.14587,1955.31262,-1.24232,99.28837,8.067983255,3.005536044,0
9.53892,34.62734,43.08152,1951.11284,-1.27433,99.29475,8.106393643,3.019844924,0
9.53471,34.65347,43.01572,1946.89906,-1.30482,99.30111,8.14646207,3.034771467,0
9.53049,34.67954,42.94855,1942.66998,-1.33371,99.30745,8.18809942,3.050282476,0
9.52629,34.70555,42.8801,1938.42434,-1.36093,99.31379,8.231211485,3.066342854,0
9.52209,34.7315,42.81046,1934.16092,-1.38641,99.32011,8.275698967,3.082915612,0
9.5179,34.7574,42.73974,1929.87852,-1.41009,99.32642,8.321457506,3.099961872,0
9.51371,34.78324,42.66803,1925.576,-1.4319,99.33271,8.368377735,3.117440892,0
9.50953,34.80901,42.59542,1921.25225,-1.45179,99.33899,8.416345367,3.135310097,0
9.50536,34.83474,42.52203,1916.90624,-1.46971,99.34526,8.46524132,3.153525125,0
9.50119,34.8604,42.44796,1912.53698,-1.4856,99.35151,8.514941872,3.172039889,0
9.49703,34.886,42.37332,1908.14352,-1.49943,99.35775,8.565318867,3.190806645,0
9.49288,34.91154,42.2982,1903.72501,-1.51116,99.36398,8.616239948,3.209776087,0
9.48873,34.93702,42.22274,1899.28064,-1.52077,99.3702,8.667568847,3.228897453,0
9.48459,34.96244,42.14703,1894.80968,-1.52822,99.3764,8.719165714,3.248118643,0
9.48046,34.98781,42.07118,1890.31147,-1.5335,99.38259,8.770887487,3.267386365,0
9.47634,35.01311,41.9953,1885.78543,-1.5366,99.38876,8.822588317,3.286646284,0
9.47222,35.03834,41.91951,1881.23105,-1.53751,99.39493,8.874120034,3.305843205,0
9.46811,35.06352,41.84391,1876.64793,-1.53623,99.40108,8.925332654,3.324921253,0
9.46401,35.08864,41.76861,1872.03572,-1.53278,99.40722,8.976074937,3.343824089,0
9.45991,35.11369,41.69372,1867.39419,-1.52717,99.41334,9.026194978,3.362495123,0
9.45582,35.13868,41.61934,1862.72317,-1.51941,99.41945,9.075540839,3.380877754,0
9.45174,35.16361,41.54558,1858.0226,-1.50955,99.42555,9.123961219,3.39891562,0
9.44767,35.18847,41.47253,1853.29251,-1.49761,99.43164,9.171306144,3.41655285,0
9.4436,35.21327,41.4003,1848.53302,-1.48365,99.43771,9.21742769,3.43373434,0
9.43955,35.23801,41.32898,1843.74435,-1.4677,99.44378,9.262180723,3.450406022,0
9.4355,35.26268,41.25866,1838.9268,-1.44983,99.44982,9.305423646,3.466515149,0
9.43146,35.28728,41.18942,1834.08079,-1.43011,99.45586,9.347019161,3.482010572,0
9.42742,35.31182,41.12136,1829.20679,-1.40859,99.46188,9.386835021,3.496843028,0
9.4234,35.3363,41.05455,1824.30541,-1.38537,99.4679,9.424744779,3.51096541,0
9.41938,35.3607,40.98907,1819.3773,-1.36053,99.47389,9.460628516,3.524333046,0
9.41537,35.38505,40.92498,1814.42325,-1.33414,99.47988,9.49437355,3.536903959,0
9.41137,35.40932,40.86235,1809.44409,-1.30632,99.48585,9.525875103,3.548639117,0
9.40738,35.43353,40.80125,1804.44075,-1.27716,99.49181,9.555036941,3.559502669,0
9.4034,35.45767,40.74171,1799.41423,-1.24677,99.49776,9.581771958,3.569462166,0
9.39942,35.48175,40.6838,1794.36562,-1.21525,99.5037,9.606002707,3.578488758,0
9.39546,35.50575,40.62756,1789.29607,-1.18273,99.50962,9.627661873,3.586557367,0
9.3915,35.52969,40.57302,1784.20678,-1.14933,99.51553,9.646692679,3.593646843,0
9.38755,35.55356,40.5202,1779.09903,-1.11516,99.52143,9.663049222,3.599740085,0
9.38361,35.57736,40.46915,1773.97414,-1.08035,99.52732,9.676696732,3.604824142,0
9.37968,35.60109,40.41987,1768.8335,-1.04502,99.53319,9.687611757,3.608890276,0
9.37576,35.62475,40.37237,1763.6785,-1.00932,99.53905,9.695782265,3.611934005,0
9.37184,35.64834,40.32667,1758.51062,-0.97337,99.5449,9.701207666,3.61395511,0
9.36794,35.67186,40.28275,1753.33133,-0.93729,99.55074,9.703898753,3.614957611,0
9.36405,35.69532,40.24062,1748.14214,-0.90124,99.55656,9.703877567,3.614949718,0
9.36016,35.7187,40.20026,1742.94458,-0.86533,99.56237,9.701177178,3.613943752,0
9.35628,35.74201,40.16164,1737.74018,-0.82969,99.56817,9.695841398,3.611956034,0
9.35242,35.76526,40.12476,1732.5305,-0.79447,99.57396,9.68792442,3.609006751,0
9.34856,35.78843,40.08957,1727.31707,-0.75978,99.57973,9.677490391,3.605119801,0
9.34471,35.81153,40.05603,1722.10144,-0.72575,99.58549,9.664612928,3.600322607,0
9.34087,35.83456,40.02411,1716.88513,-0.6925,99.59124,9.649374579,3.594645921,0
9.33704,35.85753,39.99376,1711.66964,-0.66017,99.59698,9.631866234,3.588123602,0
9.33322,35.88042,39.96493,1706.45647,-0.62885,99.6027,9.612186496,3.580792382,0
9.32941,35.90324,39.93756,1701.24707,-0.59867,99.60841,9.590441026,3.572691622,0
9.32561,35.92599,39.91158,1696.04287,-0.56973,99.61411,9.56674185,3.563863055,0
9.32182,35.94867,39.88694,1690.84525,-0.54213,99.61979,9.54120666,3.554350525,0
9.31803,35.97129,39.86356,1685.65556,-0.51597,99.62547,9.513958092,3.544199717,0
9.31426,35.99383,39.84138,1680.4751,-0.49135,99.63113,9.485123009,3.533457889,0
9.31049,36.0163,39.8203,1675.30512,-0.46835,99.63677,9.45483178,3.52217361,0
9.30674,36.0387,39.80027,1670.14682,-0.44705,99.64241,9.423217571,3.510396485,0
9.30299,36.06103,39.78118,1665.00133,-0.42753,99.64803,9.390415651,3.498176907,0
9.29926,36.0833,39.76297,1659.86976,-0.40985,99.65364,9.356562712,3.485565796,0
9.29553,36.10549,39.74553,1654.75311,-0.39407,99.65923,9.321796219,3.472614363,0
9.29181,36.12762,39.72879,1649.65235,-0.38025,99.66482,9.286253785,3.459373871,0
9.28811,36.14967,39.71266,1644.56839,-0.36844,99.67039,9.250072581,3.44589542,0
9.28441,36.17166,39.69704,1639.50205,-0.35868,99.67595,9.213388774,3.432229737,0
9.28072,36.19358,39.68184,1634.45411,-0.351,99.68149,9.176337013,3.418426981,0
9.27704,36.21543,39.66697,1629.42526,-0.34543,99.68702,9.139049938,3.404536565,0
9.27337,36.23722,39.65234,1624.41613,-0.34199,99.69254,9.101657741,3.390606988,0
9.2697,36.25894,39.63785,1619.4273,-0.3407,99.69805,9.064287765,3.376685688,0
9.26605,36.28059,39.62342,1614.45926,-0.34155,99.70354,9.027064134,3.362818906,0
9.26241,36.30217,39.60895,1609.51245,-0.34457,99.70902,8.990107436,3.349051564,0
9.25877,36.32368,39.59435,1604.58722,-0.34973,99.71449,8.953534432,3.335427158,0
9.25515,36.34513,39.57954,1599.68387,-0.35702,99.71994,8.917457809,3.321987666,0
9.25153,36.36652,39.56442,1594.80265,-0.36644,99.72538,8.881985971,3.308773473,0
9.24793,36.38784,39.54891,1589.9437,-0.37794,99.73081,8.847222854,3.295823297,0
9.24433,36.40909,39.53293,1585.10715,-0.39152,99.73622,8.813267786,3.283174141,0
9.24074,36.43028,39.51639,1580.29303,-0.40712,99.74163,8.780215367,3.270861246,0
9.23716,36.4514,39.49921,1575.50132,-0.42471,99.74701,8.748155381,3.258918057,0
9.23359,36.47246,39.48133,1570.73195,-0.44425,99.75239,8.717172729,3.247376204,0
9.23002,36.49345,39.46265,1565.98477,-0.46568,99.75775,8.687347393,3.236265482,0
9.22647,36.51438,39.44312,1561.25959,-0.48894,99.7631,8.65875441,3.225613843,0
9.22292,36.53525,39.42266,1556.55617,-0.51398,99.76844,8.631463872,3.2154474,0
9.21939,36.55605,39.40121,1551.87419,-0.54073,99.77376,8.605540936,3.205790424,0
9.21586,36.57679,39.3787,1547.2133,-0.56913,99.77907,8.581045853,3.196665361,0
9.21234,36.59747,39.35509,1542.57311,-0.59909,99.78437,8.558034,3.18809284,0
9.20883,36.61808,39.3303,1537.95314,-0.63055,99.78965,8.536555929,3.180091694,0
9.20533,36.63863,39.30429,1533.35291,-0.66342,99.79492,8.51665742,3.172678976,0
9.20184,36.65912,39.27702,1528.77187,-0.69762,99.80018,8.498379537,3.165869983,0
9.19835,36.67955,39.24844,1524.20942,-0.73307,99.80542,8.481758689,3.15967828,0
9.19488,36.69992,39.21851,1519.66494,-0.76968,99.81065,8.466826697,3.15411572,0
9.19141,36.72022,39.18719,1515.13777,-0.80735,99.81587,8.453610856,3.149192472,0
9.18795,36.74047,39.15445,1510.62718,-0.84599,99.82107,8.442134001,3.144917041,0
9.1845,36.76065,39.12027,1506.13245,-0.88551,99.82626,8.432414567,3.141296296,0
9.18106,36.78077,39.08461,1501.65279,-0.9258,99.83144,8.42446665,3.138335488,0
9.17763,36.80084,39.04747,1497.1874,-0.96678,99.83661,8.418300069,3.136038275,0
9.1742,36.82084,39.00882,1492.73544,-1.00835,99.84176,8.413920414,3.134406738,0
9.17079,36.84078,38.96866,1488.29605,-1.05039,99.8469,8.411329101,3.133441406,0
9.16738,36.86066,38.92697,1483.86834,-1.09281,99.85202,8.410523416,3.133141267,0
9.16398,36.88049,38.88376,1479.45139,-1.1355,99.85714,8.411496559,3.133503788,0
9.16059,36.90025,38.83902,1475.04427,-1.17838,99.86224,8.414237683,3.134524929,0
9.15721,36.91995,38.79276,1470.64604,-1.22132,99.86732,8.418731927,3.136199153,0
9.15383,36.93959,38.74498,1466.25571,-1.26423,99.8724,8.424960451,3.138519442,0
9.15047,36.95918,38.69571,1461.87231,-1.30701,99.87746,8.432900465,3.141477306,0
9.14711,36.9787,38.64496,1457.49484,-1.34955,99.88251,8.442525253,3.145062793,0
9.14376,36.99817,38.59274,1453.1223,-1.39175,99.88754,8.453804204,3.149264499,0
9.14042,37.01758,38.53908,1448.75366,-1.43352,99.89256,8.466702836,3.154069579,0
9.13709,37.03692,38.48402,1444.38793,-1.47476,99.89757,8.481182821,3.159463754,0
9.13376,37.05621,38.42757,1440.02407,-1.51536,99.90257,8.497202017,3.165431326,0
9.13045,37.07544,38.36979,1435.66107,-1.55525,99.90756,8.514714497,3.171955186,0
9.12714,37.09461,38.31069,1431.29791,-1.59431,99.91253,8.533670584,3.179016827,0
9.12384,37.11372,38.25033,1426.93357,-1.63246,99.91749,8.554016898,3.186596364,0
9.12055,37.13278,38.18876,1422.56707,-1.66962,99.92243,8.575696396,3.194672548,0
9.11727,37.15177,38.12601,1418.1974,-1.7057,99.92737,8.598648435,3.203222786,0
9.114,37.1707,38.06213,1413.82359,-1.74061,99.93229,8.622808836,3.212223171,0
9.11073,37.18958,37.99719,1409.44467,-1.77429,99.9372,8.648109961,3.221648506,0
9.10748,37.2084,37.93123,1405.05971,-1.80664,99.94209,8.674480803,3.231472338,0
9.10423,37.22715,37.86432,1400.66778,-1.83762,99.94698,8.70184709,3.241667,0
9.10099,37.24585,37.79651,1396.268,-1.86713,99.95185,8.730131405,3.252203652,0
9.09776,37.26449,37.72786,1391.85948,-1.89513,99.95671,8.759253318,3.263052331,0
9.09454,37.28307,37.65844,1387.44139,-1.92156,99.96156,8.78912954,3.27418201,0
9.09133,37.30159,37.58831,1383.01294,-1.94635,99.96639,8.819674096,3.28556066,0
9.08813,37.32005,37.51755,1378.57335,-1.96947,99.97121,8.850798508,3.297155323,0
9.08493,37.33844,37.44621,1374.12188,-1.99087,99.97603,8.882412011,3.308932184,0
9.08174,37.35678,37.37436,1369.65787,-2.01051,99.98082,8.91442178,3.320856666,0
9.07857,37.37506,37.30207,1365.18064,-2.02836,99.98561,8.946733179,3.332893512,0
9.0754,37.39328,37.22942,1360.68962,-2.04439,99.99039,8.97925003,3.345006894,0
9.07224,37.41144,37.15647,1356.18424,-2.05858,99.99515,9.011874905,3.357160519,0
9.06909,37.42954,37.0833,1351.664,-2.07092,99.9999,9.044509435,3.36931774,0
9.06595,37.44757,37.00996,1347.12845,-2.0814,100.00464,9.077054635,3.381441683,0
9.06282,37.46555,36.93654,1342.57721,-2.09001,100.00937,9.109411254,3.393495375,0
9.05969,37.48346,36.8631,1338.00992,-2.09676,100.01409,9.141480129,3.405441875,0
9.05658,37.50132,36.7897,1333.42631,-2.10165,100.01879,9.173162568,3.417244417,0
9.05347,37.51911,36.71642,1328.82614,-2.10471,100.02349,9.204360731,3.428866554,0
9.05038,37.53684,36.64332,1324.20926,-2.10596,100.02817,9.234978032,3.440272304,0
9.04729,37.5545,36.57046,1319.57556,-2.10543,100.03284,9.264919541,3.451426304,0
9.04422,37.57211,36.4979,1314.92499,-2.10315,100.0375,9.294092396,3.46229396,0
9.04115,37.58965,36.42571,1310.25757,-2.09915,100.04215,9.322406213,3.472841601,0
9.03809,37.60713,36.35394,1305.57338,-2.09351,100.04678,9.349773495,3.483036634,0
9.03504,37.62455,36.28265,1300.87254,-2.08625,100.05141,9.37611004,3.49284769,0
9.032,37.6419,36.21188,1296.15528,-2.07745,100.05602,9.401335338,3.502244777,0
9.02898,37.65919,36.1417,1291.42183,-2.06717,100.06063,9.425372954,3.511199422,0
9.02596,37.67642,36.07215,1286.67251,-2.05549,100.06522,9.448150902,3.519684807,0
9.02295,37.69358,36.00327,1281.90771,-2.04247,100.0698,9.469601998,3.527675904,0
9.01995,37.71068,35.9351,1277.12785,-2.0282,100.07437,9.489664188,3.535149598,0
9.01696,37.72772,35.86768,1272.33342,-2.01277,100.07893,9.508280857,3.542084797,0
9.01398,37.74469,35.80105,1267.52495,-1.99626,100.08347,9.525401111,3.548462542,0
9.01101,37.7616,35.73523,1262.70304,-1.97878,100.08801,9.540980019,3.554266095,0
9.00805,37.77844,35.67026,1257.86832,-1.96042,100.09254,9.554978833,3.559481022,0
9.0051,37.79522,35.60615,1253.02146,-1.94128,100.09705,9.567365169,3.564095258,0
9.00216,37.81193,35.54292,1248.1632,-1.92147,100.10156,9.578113149,3.568099163,0
8.99923,37.82858,35.4806,1243.2943,-1.9011,100.10605,9.587203509,3.571485562,0
8.99631,37.84516,35.41919,1238.41556,-1.88027,100.11053,9.594623665,3.574249765,0
8.9934,37.86168,35.3587,1233.52781,-1.85911,100.115,9.60036774,3.576389584,0
8.9905,37.87813,35.29914,1228.63192,-1.83772,100.11946,9.604436553,3.577905324,0
8.98761,37.89452,35.2405,1223.72878,-1.81622,100.12391,9.606837564,3.578799764,0
8.98473,37.91084,35.18278,1218.81931,-1.79472,100.12835,9.607584786,3.579078123,0
8.98186,37.9271,35.12598,1213.90443,-1.77334,100.13278,9.606698654,3.578748016,0
8.979,37.94329,35.07008,1208.9851,-1.7522,100.13719,9.604205862,3.577819386,0
8.97615,37.95941,35.01507,1204.06228,-1.73141,100.1416,9.600139162,3.576304433,0
8.97331,37.97547,34.96094,1199.13694,-1.71107,100.146,9.594537132,3.574217529,0
8.97049,37.99146,34.90765,1194.21006,-1.69132,100.15038,9.587443913,3.571575118,0
8.96767,38.00739,34.85519,1189.28262,-1.67224,100.15475,9.578908924,3.56839561,0
8.96486,38.02325,34.80352,1184.35559,-1.65396,100.15911,9.568986544,3.564699263,0
8.96207,38.03904,34.75263,1179.42996,-1.63657,100.16347,9.557735783,3.560508058,0
8.95928,38.05477,34.70246,1174.50667,-1.62018,100.16781,9.545219921,3.555845571,0
8.9565,38.07044,34.65299,1169.5867,-1.60488,100.17213,9.53150615,3.55073683,0
8.95374,38.08603,34.60418,1164.67097,-1.59076,100.17645,9.516665187,3.545208181,0
8.95099,38.10157,34.55598,1159.76042,-1.57793,100.18076,9.50077089,3.539287137,0
8.94824,38.11703,34.50836,1154.85593,-1.56645,100.18505,9.483899864,3.533002236,0
8.94551,38.13243,34.46126,1149.9584,-1.55641,100.18934,9.466131068,3.526382892,0
8.94278,38.14777,34.41464,1145.06867,-1.5479,100.19361,9.447545417,3.519459248,0
8.94007,38.16303,34.36845,1140.18758,-1.54096,100.19788,9.428225391,3.51226203,0
8.93737,38.17824,34.32263,1135.31592,-1.53568,100.20213,9.408254652,3.504822404,0
8.93468,38.19338,34.27715,1130.45446,-1.53211,100.20637,9.387717669,3.497171837,0
8.932,38.20845,34.23194,1125.60394,-1.5303,100.21059,9.366699343,3.489341958,0
8.92932,38.22346,34.18695,1120.76505,-1.5303,100.21481,9.345284663,3.481364426,0
8.92666,38.2384,34.14213,1115.93846,-1.53215,100.21902,9.323558358,3.473270806,0
8.92401,38.25328,34.09742,1111.12479,-1.53589,100.22321,9.301604577,3.465092445,0
8.92137,38.2681,34.05277,1106.32464,-1.54154,100.22739,9.279506576,3.456860358,0
8.91874,38.28285,34.00812,1101.53854,-1.54914,100.23157,9.25734643,3.448605121,0
8.91612,38.29753,33.96341,1096.767,-1.55868,100.23573,9.235204758,3.440356765,0
8.91352,38.31215,33.9186,1092.0105,-1.57019,100.23987,9.213160468,3.432144687,0
8.91092,38.32671,33.87363,1087.26945,-1.58367,100.24401,9.191290522,3.423997557,0
8.90833,38.34121,33.82844,1082.54424,-1.59912,100.24813,9.169669716,3.415943238,0
8.90575,38.35564,33.78298,1077.83521,-1.61652,100.25225,9.14837048,3.408008712,0
8.90318,38.37001,33.7372,1073.14266,-1.63588,100.25635,9.127462702,3.400220014,0
8.90062,38.38431,33.69106,1068.46683,-1.65716,100.26044,9.107013558,3.39260217,0
8.89808,38.39856,33.64449,1063.80795,-1.68034,100.26452,9.087087372,3.385179142,0
8.89554,38.41274,33.59746,1059.16619,-1.7054,100.26858,9.067745481,3.377973778,0
8.89301,38.42686,33.54991,1054.54166,-1.73229,100.27264,9.049046123,3.371007776,0
8.89049,38.44091,33.50181,1049.93447,-1.76098,100.27668,9.031044341,3.364301638,0
8.88799,38.45491,33.4531,1045.34466,-1.79142,100.28071,9.013791894,3.357874648,0
8.88549,38.46884,33.40376,1040.77223,-1.82355,100.28473,8.997337187,3.351744836,0
8.883,38.48271,33.35373,1036.21714,-1.85733,100.28874,8.981725213,3.345928965,0
8.88052,38.49652,33.30299,1031.67934,-1.89269,100.29273,8.966997503,3.340442506,0
8.87806,38.51027,33.2515,1027.1587,-1.92957,100.29672,8.953192091,3.335299626,0
8.8756,38.52396,33.19923,1022.65509,-1.96789,100.30069,8.940343484,3.330513182,0
8.87315,38.53759,33.14614,1018.16831,-2.0076,100.30465,8.928482648,3.326094709,0
8.87071,38.55115,33.09221,1013.69814,-2.04861,100.30859,8.917636992,3.322054417,0
8.86829,38.56466,33.03742,1009.24435,-2.09085,100.31253,8.907830368,3.318401191,0
8.86587,38.57811,32.98174,1004.80663,-2.13423,100.31645,8.899083074,3.315142594,0
8.86346,38.5915,32.92515,1000.38468,-2.17867,100.32036,8.891411867,3.312284867,0
8.86106,38.60483,32.86764,995.97814,-2.22408,100.32426,8.884829972,3.309832939,0
0.05042,0.05042,58.6665,5332.35805,-0.46665,45.0001,6.762956952,2.519379409,0
0.1008,0.1008,58.60375,5328.67816,-0.43254,45.00026,6.813495541,2.538206363,0
0.15114,0.15114,58.54584,5324.96255,-0.39773,45.00046,6.85963235,2.555393538,0
0.20145,0.20146,58.49288,5321.21356,-0.3623,45.00071,6.901195772,2.570877007,0
0.25173,0.25174,58.44493,5317.43366,-0.32631,45.00101,6.938031936,2.584599447,0
0.30197,0.30198,58.40205,5313.62537,-0.28986,45.00136,6.970006069,2.596510652,0
0.35218,0.35219,58.3643,5309.79136,-0.25301,45.00176,6.997003698,2.60656798,0
0.40235,0.40236,58.33172,5305.93432,-0.21585,45.00221,7.018931684,2.614736731,0
0.45248,0.4525,58.30434,5302.05706,-0.17846,45.00271,7.035719044,2.620990465,0
0.50257,0.5026,58.28218,5298.16241,-0.14092,45.00326,7.047317584,2.625311226,0
0.55263,0.55267,58.26525,5294.25324,-0.10332,45.00385,7.053702293,2.627689698,0
0.60265,0.6027,58.25353,5290.33248,-0.06575,45.0045,7.054871533,2.628125271,0
0.65263,0.65269,58.24703,5286.40304,-0.02828,45.00519,7.050846987,2.626626022,0
0.70254,0.70269,58.24232,5282.4734,-0.03986,45.09983,7.045036036,2.62446129,54.99999906
0.75232,0.75274,58.236,5278.5495,-0.05159,45.19452,7.040828063,2.622893709,54.99999906
0.80199,0.80283,58.22805,5274.63048,-0.06345,45.2893,7.038236418,2.621928253,54.99999906
0.85153,0.85296,58.21847,5270.71546,-0.07544,45.38418,7.0372724,2.621569131,54.99999906
0.90096,0.90315,58.20723,5266.80357,-0.08754,45.47919,7.037946287,2.621820171,54.99999906
0.95027,0.95337,58.19432,5262.8939,-0.09972,45.57434,7.040267353,2.62268483,54.99999906
0.99945,1.00365,58.17975,5258.98556,-0.11199,45.66966,7.044243884,2.624166192,54.99999906
1.04852,1.05396,58.16349,5255.07765,-0.12432,45.76518,7.049883184,2.62626698,54.99999906
1.09746,1.10433,58.14554,5251.16923,-0.13669,45.8609,7.057191581,2.62898955,54.99999906
1.14629,1.15474,58.1259,5247.25939,-0.14909,45.95686,7.066174422,2.632335894,54.99999906
1.19499,1.20519,58.10458,5243.34719,-0.16151,46.05308,7.07683607,2.636307639,54.99999906
1.24357,1.25569,58.08156,5239.4317,-0.17392,46.14959,7.089179891,2.640906037,54.99999906
1.29204,1.30623,58.05686,5235.51198,-0.18632,46.24639,7.103208238,2.646131965,54.99999906
1.34038,1.35682,58.03049,5231.58707,-0.19869,46.34353,7.11892243,2.651985915,54.99999906
1.38859,1.40746,58.00244,5227.65603,-0.21101,46.44101,7.136322722,2.658467982,54.99999906
1.43669,1.45814,57.97274,5223.71789,-0.22326,46.53887,7.155408278,2.665577854,54.99999906
1.48466,1.50886,57.94138,5219.77171,-0.23543,46.63713,7.176177133,2.673314799,54.99999906
1.53251,1.55963,57.90839,5215.81651,-0.24751,46.73581,7.19862615,2.681677648,54.99999906
1.58024,1.61045,57.87379,5211.85134,-0.25948,46.83493,7.222750974,2.69066478,54.99999906
1.62784,1.66131,57.83759,5207.87522,-0.27132,46.93452,7.248545984,2.7002741,54.99999906
1.67531,1.71221,57.79982,5203.8872,-0.28301,47.0346,7.276004236,2.710503021,54.99999906
1.72267,1.76316,57.76049,5199.88631,-0.29455,47.13519,7.3051174,2.721348441,54.99999906
1.76989,1.81416,57.71963,5195.87158,-0.30591,47.23632,7.335875704,2.732806718,54.99999906
1.81699,1.8652,57.67727,5191.84205,-0.31709,47.33801,7.368267859,2.744873648,54.99999906
1.86396,1.91629,57.63344,5187.79676,-0.32806,47.44029,7.402280989,2.757544434,54.99999906
1.91081,1.96743,57.58817,5183.73476,-0.3388,47.54317,7.437900562,2.770813662,54.99999906
1.95752,2.01861,57.5415,5179.6551,-0.34932,47.64667,7.475110305,2.784675271,54.99999906
2.00411,2.06983,57.49345,5175.55683,-0.35958,47.75083,7.513892128,2.79912252,54.99999906
2.05056,2.1211,57.44407,5171.43902,-0.36958,47.85567,7.554226038,2.814147963,54.99999906
2.09689,2.17242,57.39339,5167.30073,-0.3793,47.9612,7.596090059,2.829743412,54.99999906
2.14308,2.22379,57.34146,5163.14104,-0.38873,48.06745,7.639460142,2.845899909,54.99999906
2.18914,2.2752,57.28831,5158.95905,-0.39784,48.17444,7.684310083,2.862607692,54.99999906
2.23507,2.32665,57.23401,5154.75385,-0.40664,48.28219,7.73061143,2.879856162,54.99999906
2.28087,2.37816,57.17858,5150.52456,-0.4151,48.39072,7.778333403,2.897633853,54.99999906
2.32652,2.42971,57.12208,5146.27031,-0.42321,48.50006,7.827442804,2.915928397,54.99999906
2.37205,2.4813,57.06456,5141.99025,-0.43096,48.61022,7.877903935,2.934726496,54.99999906
2.41743,2.53295,57.00607,5137.68353,-0.43834,48.72123,7.929678519,2.954013891,54.99999906
2.46268,2.58464,56.94666,5133.34934,-0.44532,48.8331,7.982725619,2.973775331,54.99999906
2.50779,2.63637,56.88639,5128.98687,-0.45191,48.94585,8.037001568,2.99399455,54.99999906
2.55275,2.68816,56.82532,5124.59536,-0.45809,49.0595,8.092459898,3.014654237,54.99999906
2.59758,2.73999,56.7635,5120.17405,-0.46385,49.17407,8.149051277,3.035736015,54.99999906
2.64226,2.79187,56.70099,5115.72222,-0.46917,49.28958,8.206723457,3.05722042,54.99999906
2.68681,2.8438,56.63785,5111.23916,-0.47406,49.40603,8.265421225,3.079086883,54.99999906
2.7312,2.89577,56.57414,5106.72421,-0.47849,49.52346,8.325086364,3.101313717,54.99999906
2.77545,2.94779,56.50993,5102.17672,-0.48246,49.64187,8.385657622,3.123878104,54.99999906
2.81955,2.99986,56.44528,5097.5961,-0.48596,49.76128,8.447070702,3.146756092,54.99999906
2.86351,3.05198,56.38025,5092.98176,-0.48898,49.8817,8.509258248,3.16992259,54.99999906
2.90731,3.10414,56.3149,5088.33318,-0.49152,50.00314,8.572149858,3.193351369,54.99999906
2.95097,3.15636,56.24932,5083.64986,-0.49357,50.12562,8.635672103,3.217015077,54.99999906
2.99447,3.20862,56.18355,5078.93134,-0.49512,50.24914,8.699748565,3.240885245,54.99999906
3.03782,3.26093,56.11767,5074.17721,-0.49617,50.37372,8.764299888,3.264932311,54.99999906
3.08102,3.31328,56.05175,5069.38711,-0.49671,50.49937,8.829243848,3.289125645,54.99999906
3.12406,3.36569,55.98585,5064.56069,-0.49675,50.62608,8.894495441,3.31343358,54.99999906
3.16694,3.41814,55.92005,5059.6977,-0.49627,50.75387,8.959966984,3.337823453,54.99999906
3.20966,3.47064,55.8544,5054.7979,-0.49527,50.88275,9.025568244,3.362261648,54.99999906
3.25223,3.52319,55.78899,5049.86111,-0.49377,51.01272,9.091206577,3.386713654,54.99999906
3.29463,3.57579,55.72387,5044.88721,-0.49175,51.14377,9.156787091,3.411144121,54.99999906
3.33688,3.62843,55.65912,5039.87613,-0.48921,51.27591,9.222212833,3.435516931,54.99999906
3.37896,3.68112,55.5948,5034.82786,-0.48616,51.40915,9.287384984,3.459795272,54.99999906
3.42087,3.73387,55.53098,5029.74243,-0.4826,51.54347,9.35220309,3.483941722,54.99999906
3.46262,3.78666,55.46773,5024.61994,-0.47854,51.67888,9.416565295,3.507918337,54.99999906
3.5042,3.83949,55.40511,5019.46055,-0.47397,51.81538,9.480368612,3.531686751,54.99999906
3.54561,3.89238,55.34318,5014.26448,-0.46891,51.95295,9.543509192,3.555208279,54.99999906
3.58685,3.94531,55.28202,5009.03199,-0.46336,52.09159,9.605882629,3.578444025,54.99999906
3.62792,3.99829,55.22168,5003.76343,-0.45733,52.23129,9.667384272,3.601355005,54.99999906
3.66882,4.05132,55.16222,4998.45919,-0.45083,52.37204,9.727909548,3.623902264,54.99999906
3.70955,4.10439,55.10371,4993.11973,-0.44387,52.51384,9.787354315,3.646047003,54.99999906
3.7501,4.15751,55.04619,4987.74556,-0.43646,52.65665,9.845615205,3.667750717,54.99999906
3.79047,4.21068,54.98974,4982.33726,-0.4286,52.80048,9.902589998,3.688975327,54.99999906
3.83067,4.2639,54.9344,4976.89547,-0.42032,52.94531,9.958177991,3.709683317,54.99999906
3.87069,4.31716,54.88023,4971.42089,-0.41163,53.09111,10.01228038,3.72983788,54.99999906
3.91053,4.37047,54.82727,4965.91427,-0.40255,53.23787,10.06480063,3.749403056,54.99999906
3.95019,4.42383,54.77558,4960.37642,-0.39308,53.38558,10.11564489,3.76834388,54.99999906
3.98967,4.47723,54.72519,4954.80821,-0.38325,53.53419,10.16472233,3.786626518,54.99999906
4.02896,4.53067,54.67616,4949.21056,-0.37307,53.6837,10.21194556,3.804218415,54.99999906
4.06807,4.58416,54.62853,4943.58446,-0.36256,53.83409,10.25723099,3.821088427,54.99999906
4.107,4.6377,54.58233,4937.93091,-0.35175,53.98531,10.30049917,3.837206962,54.99999906
4.14574,4.69128,54.5376,4932.251,-0.34064,54.13735,10.34167516,3.852546103,54.99999906
4.1843,4.74491,54.49437,4926.54584,-0.32927,54.29018,10.38068888,3.86707974,54.99999906
4.22266,4.79858,54.45267,4920.8166,-0.31766,54.44377,10.41747539,3.880783683,54.99999906
4.26084,4.85229,54.41253,4915.06447,-0.30582,54.59809,10.45197521,3.893635774,54.99999906
4.29883,4.90605,54.37398,4909.2907,-0.29379,54.75311,10.48413459,3.905615989,54.99999906
4.33663,4.95984,54.33702,4903.49656,-0.28157,54.90879,10.51390576,3.916706532,54.99999906
4.37424,5.01369,54.30169,4897.68336,-0.26921,55.06511,10.54124714,3.926891916,54.99999906
4.41166,5.06757,54.26799,4891.85242,-0.25672,55.22203,10.56612356,3.936159036,54.99999906
4.44888,5.12149,54.23594,4886.00512,-0.24412,55.37951,10.58850639,3.944497229,54.99999906
4.48592,5.17546,54.20554,4880.14281,-0.23145,55.53752,10.60837369,3.951898323,54.99999906
4.52276,5.22946,54.1768,4874.2669,-0.21873,55.69603,10.62571033,3.958356676,54.99999906
4.55941,5.28351,54.14971,4868.37879,-0.20599,55.85501,10.64050799,3.963869196,54.99999906
4.59586,5.33759,54.12429,4862.4799,-0.19324,56.01441,10.65276528,3.968435358,54.99999906
4.63212,5.39172,54.10051,4856.57165,-0.18052,56.17419,10.66248765,3.972057197,54.99999906
4.66819,5.44588,54.07838,4850.65546,-0.16785,56.33434,10.66968741,3.974739298,54.99999906
4.70406,5.50008,54.05788,4844.73276,-0.15525,56.4948,10.67438365,3.976488771,54.99999906
4.73973,5.55432,54.03899,4838.80496,-0.14276,56.65554,10.67660212,3.977315208,54.99999906
4.77521,5.60859,54.0217,4832.87346,-0.1304,56.81653,10.6763751,3.977230638,54.99999906
4.8105,5.6629,54.00599,4826.93966,-0.11819,56.97773,10.67374126,3.976249461,54.99999906
4.84559,5.71725,53.99182,4821.00493,-0.10616,57.13911,10.66874542,3.97438838,54.99999906
4.88048,5.77163,53.97918,4815.07062,-0.09434,57.30064,10.66143838,3.971666316,54.99999906
4.91518,5.82604,53.96803,4809.13807,-0.08273,57.46228,10.65187664,3.968104317,54.99999906
4.94968,5.88049,53.95833,4803.20857,-0.07138,57.62399,10.64012215,3.963725459,54.99999906
4.98398,5.93498,53.95006,4797.2834,-0.0603,57.78575,10.626242,3.958554739,54.99999906
5.0181,5.98949,53.94317,4791.3638,-0.04951,57.94752,10.61030814,3.952618957,54.99999906
5.05201,6.04404,53.93763,4785.45098,-0.03903,58.10928,10.59239704,3.945946602,54.99999906
5.08573,6.09862,53.93338,4779.54609,-0.02889,58.271,10.57258937,3.938567721,54.99999906
5.11926,6.15322,53.93038,4773.65026,-0.01911,58.43264,10.55096962,3.930513796,54.99999906
5.15259,6.20786,53.92859,4767.76457,-0.0097,58.59419,10.5276258,3.921817607,54.99999906
5.18573,6.26253,53.92794,4761.89005,-0.00068,58.75561,10.50264903,3.912513104,54.99999906
5.21867,6.31723,53.9284,4756.0277,0.00793,58.91688,10.47613322,3.902635268,54.99999906
5.25142,6.37196,53.9299,4750.17844,0.01612,59.07798,10.44817469,3.89221998,54.99999906
5.28397,6.42671,53.93239,4744.34318,0.02387,59.23888,10.4188718,3.881303884,54.99999906
5.31633,6.48149,53.93581,4738.52274,0.03117,59.39957,10.38832463,3.869924258,54.99999906
5.3485,6.5363,53.9401,4732.71791,0.038,59.56003,10.35663459,3.858118884,54.99999906
5.38048,6.59113,53.94521,4726.92942,0.04435,59.72023,10.32390411,3.845925919,54.99999906
5.41227,6.64599,53.95106,4721.15794,0.05021,59.88017,10.2902363,3.833383775,54.99999906
5.44386,6.70087,53.9576,4715.40409,0.05557,60.03982,10.25573464,3.820530998,54.99999906
5.47527,6.75578,53.96476,4709.66844,0.06042,60.19918,10.22050265,3.807406155,54.99999906
5.50648,6.81071,53.97247,4703.95149,0.06476,60.35823,10.18464364,3.794047729,54.99999906
5.53751,6.86566,53.98068,4698.2537,0.06857,60.51697,10.14826038,3.780494009,54.99999906
5.56834,6.92063,53.98932,4692.57547,0.07186,60.67537,10.1114549,3.766782999,54.99999906
5.59899,6.97563,53.99832,4686.91713,0.07461,60.83345,10.0743282,3.752952326,54.99999906
5.62945,7.03065,54.00761,4681.27898,0.07683,60.99118,10.03698004,3.739039153,54.99999906
5.65973,7.08569,54.01713,4675.66125,0.07851,61.14858,9.999508729,3.725080105,54.99999906
5.68981,7.14075,54.02681,4670.06411,0.07965,61.30562,9.962010942,3.711111192,54.99999906
5.71971,7.19582,54.03658,4664.48769,0.08025,61.46232,9.924581528,3.697167751,54.99999906
5.74943,7.25092,54.04638,4658.93206,0.0803,61.61866,9.887313367,3.68328438,54.99999906
5.77896,7.30603,54.05615,4653.39724,0.07982,61.77467,9.850297222,3.669494892,54.99999906
5.8083,7.36117,54.06581,4647.88321,0.0788,61.93032,9.813621619,3.655832265,54.99999906
5.83747,7.41632,54.07531,4642.38988,0.07725,62.08564,9.777372735,3.642328602,54.99999906
5.86645,7.47149,54.08457,4636.91713,0.07518,62.24062,9.74163431,3.629015098,54.99999906
5.89524,7.52667,54.09354,4631.46477,0.07257,62.39528,9.706487566,3.615922011,54.99999906
5.92386,7.58187,54.10215,4626.0326,0.06945,62.54961,9.672011146,3.603078638,54.99999906
5.95229,7.63708,54.11034,4620.62033,0.06582,62.70364,9.638281059,3.590513293,54.99999906
5.98055,7.69231,54.11805,4615.22768,0.06169,62.85736,9.605370649,3.578253299,54.99999906
6.00862,7.74755,54.12523,4609.85427,0.05707,63.01079,9.57335056,3.566324974,54.99999906
6.03652,7.80281,54.13181,4604.49972,0.05196,63.16395,9.542288728,3.554753624,54.99999906
6.06423,7.85808,54.13774,4599.1636,0.04637,63.31684,9.512250369,3.543563545,54.99999906
6.09177,7.91336,54.14296,4593.84543,0.04032,63.46949,9.483297984,3.53277802,54.99999906
6.11913,7.96866,54.14742,4588.54471,0.03382,63.6219,9.455491368,3.522419324,54.99999906
6.14631,8.02397,54.15107,4583.26089,0.02688,63.77409,9.42888763,3.512508731,54.99999906
6.17331,8.07929,54.15385,4577.9934,0.01951,63.92609,9.40354121,3.503066523,54.99999906
6.20014,8.13462,54.15573,4572.74162,0.01173,64.07791,9.379503917,3.494111999,54.99999906
6.22679,8.18996,54.15665,4567.50492,0.00355,64.22956,9.356824953,3.485663488,54.99999906
6.25326,8.24531,54.15656,4562.28262,-0.00502,64.38108,9.335550953,3.477738363,54.99999906
6.27956,8.30067,54.15543,4557.07401,-0.01396,64.53248,9.315726022,3.470353055,54.99999906
6.30568,8.35604,54.15322,4551.87837,-0.02325,64.68378,9.29739178,3.463523067,54.99999906
6.33163,8.41142,54.14988,4546.69495,-0.03289,64.835,9.280587399,3.457262993,54.99999906
6.35741,8.4668,54.14538,4541.52295,-0.04285,64.98617,9.265349648,3.45158653,54.99999906
6.383,8.5222,54.13968,4536.36158,-0.05311,65.13731,9.251712933,3.446506495,54.99999906
6.40843,8.5776,54.13275,4531.21,-0.06366,65.28845,9.239709342,3.442034841,54.99999906
6.43368,8.63301,54.12456,4526.06738,-0.07448,65.43961,9.229368684,3.438182674,54.99999906
6.45876,8.68842,54.11509,4520.93282,-0.08556,65.59082,9.220718524,3.434960262,54.99999906
6.48366,8.74385,54.1043,4515.80546,-0.09687,65.7421,9.213784223,3.432377052,54.99999906
6.50839,8.79928,54.09218,4510.68437,-0.1084,65.89348,9.208588971,3.430441684,54.99999906
6.53295,8.85471,54.07869,4505.56863,-0.12013,66.04498,9.205153815,3.429161998,54.99999906
6.55733,8.91015,54.06383,4500.4573,-0.13204,66.19664,9.203497687,3.428545047,54.99999906
6.58154,8.96559,54.04757,4495.34943,-0.1441,66.34848,9.203637425,3.428597103,54.99999906
6.60558,9.02104,54.02991,4490.24404,-0.15631,66.50053,9.205587795,3.429323667,54.99999906
6.62944,9.07649,54.01082,4485.14015,-0.16863,66.65282,9.209361503,3.430729473,54.99999906
6.65313,9.13195,53.9903,4480.03677,-0.18106,66.80538,9.214969204,3.432818489,54.99999906
6.67665,9.1874,53.96835,4474.9329,-0.19356,66.95824,9.222419509,3.435593924,54.99999906
6.69999,9.24286,53.94495,4469.82752,-0.20613,67.11142,9.231718987,3.439058224,54.99999906
6.72315,9.29833,53.92011,4464.7196,-0.21874,67.26495,9.242872154,3.443213072,54.99999906
6.74615,9.35379,53.89382,4459.60812,-0.23136,67.41887,9.255881471,3.448059385,54.99999906
6.76897,9.40926,53.86608,4454.49205,-0.24399,67.57321,9.270747326,3.453597307,54.99999906
6.79161,9.46472,53.83691,4449.37034,-0.25659,67.728,9.287468017,3.459826204,54.99999906
6.81408,9.52019,53.80631,4444.24196,-0.26915,67.88326,9.306039724,3.466744654,54.99999906
6.83638,9.57566,53.77428,4439.10585,-0.28165,68.03902,9.326456487,3.474350435,54.99999906
6.8585,9.63112,53.74085,4433.96097,-0.29407,68.19533,9.348710169,3.482640517,54.99999906
6.88044,9.68659,53.70602,4428.80626,-0.30639,68.3522,9.372790421,3.491611045,54.99999906
6.90221,9.74205,53.66981,4423.6407,-0.31858,68.50966,9.39868464,3.501257323,54.99999906
6.9238,9.79751,53.63223,4418.46323,-0.33063,68.66776,9.426377928,3.511573801,54.99999906
6.94521,9.85297,53.59332,4413.27281,-0.34252,68.82651,9.455853041,3.522554056,54.99999906
6.96644,9.90843,53.55309,4408.06841,-0.35422,68.98595,9.48709034,3.534190772,54.99999906
6.9875,9.96388,53.51157,4402.849,-0.36573,69.14611,9.520067741,3.546475722,54.99999906
7.00838,10.01933,53.46879,4397.61357,-0.37701,69.30702,9.554760658,3.559399746,54.99999906
7.02907,10.07478,53.42478,4392.3611,-0.38805,69.4687,9.591141947,3.572952734,54.99999906
7.04959,10.13022,53.37956,4387.0906,-0.39883,69.63118,9.629181854,3.5871236,54.99999906
7.06993,10.18565,53.33318,4381.80108,-0.40933,69.7945,9.668847955,3.601900266,54.99999906
7.09008,10.24108,53.28566,4376.49157,-0.41953,69.95868,9.710105101,3.617269638,54.99999906
7.11006,10.2965,53.23705,4371.1611,-0.42943,70.12376,9.752915367,3.633217589,54.99999906
7.12984,10.35192,53.18739,4365.80876,-0.43899,70.28974,9.797237996,3.649728934,54.99999906
7.14945,10.40732,53.13672,4360.4336,-0.4482,70.45668,9.843029354,3.66678742,54.99999906
7.16887,10.46272,53.08508,4355.03475,-0.45704,70.62458,9.890242884,3.684375702,54.99999906
7.18811,10.51811,53.03252,4349.61132,-0.46551,70.79347,9.938829064,3.702475333,54.99999906
7.20716,10.57349,52.97908,4344.16246,-0.47357,70.96339,9.988735376,3.721066747,54.99999906
7.22602,10.62886,52.92481,4338.68735,-0.48123,71.13435,10.03990628,3.740129254,54.99999906
7.24477,10.6842,52.87459,4333.17572,-0.40343,71.14293,10.08539073,3.75707341,0
7.26349,10.73947,52.8333,4327.62246,-0.32492,71.15152,10.11815354,3.769278418,0
7.28218,10.79467,52.80098,4322.03457,-0.24596,71.16011,10.13802819,3.776682247,0
7.30084,10.84981,52.77764,4316.4192,-0.16679,71.16872,10.14495053,3.779261,0
7.31946,10.90488,52.76327,4310.78356,-0.08768,71.17733,10.13894842,3.777025059,0
7.33805,10.95988,52.75783,4305.13488,-0.00888,71.18595,10.12014091,3.770018767,0
7.35661,11.01482,52.76124,4299.48039,0.06936,71.19457,10.08873595,3.758319592,0
7.37514,11.06969,52.77341,4293.82722,0.14678,71.20321,10.04502681,3.742036788,0
7.39363,11.12449,52.79419,4288.18237,0.22314,71.21185,9.989387308,3.721309609,0
7.41209,11.17923,52.82345,4282.5527,0.2982,71.2205,9.922265878,3.69630511,0
7.43052,11.2339,52.861,4276.94483,0.37174,71.22915,9.844178748,3.667215599,0
7.44892,11.2885,52.90663,4271.36514,0.44354,71.23782,9.755702337,3.634255809,0
7.46728,11.34303,52.96011,4265.81975,0.5134,71.24649,9.657465087,3.597659848,0
7.48561,11.3975,53.02121,4260.31442,0.58111,71.25517,9.550138901,3.55767802,0
7.50391,11.4519,53.08965,4254.85462,0.6465,71.26386,9.434430398,3.514573558,0
7.52218,11.50624,53.16514,4249.44543,0.7094,71.27256,9.311072146,3.468619363,0
7.54042,11.56051,53.24738,4244.09156,0.76966,71.28126,9.180814064,3.420094801,0
7.55862,11.61472,53.33606,4238.79736,0.82714,71.28997,9.044415128,3.369282608,0
7.57679,11.66886,53.43084,4233.56674,0.88172,71.29869,8.902635517,3.316465973,0
7.59493,11.72294,53.53138,4228.40327,0.93329,71.30743,8.756229327,3.261925814,0
7.61304,11.77696,53.63734,4223.31009,0.98177,71.31617,8.605937907,3.205938306,0
7.63112,11.83091,53.74835,4218.28996,1.02706,71.32491,8.452483919,3.148772658,0
7.64917,11.88481,53.86405,4213.34527,1.06912,71.33367,8.296566128,3.090689178,0
7.6672,11.93864,53.98407,4208.47803,1.10789,71.34244,8.138854969,3.031937622,0
7.68519,11.99242,54.10804,4203.6899,1.14333,71.35122,7.979988877,2.972755823,0
7.70315,12.04614,54.23558,4198.9822,1.17542,71.36001,7.820571362,2.913368604,0
7.72108,12.09981,54.36632,4194.35593,1.20415,71.36881,7.661168811,2.853986959,0
7.73899,12.15342,54.49989,4189.81177,1.22953,71.37763,7.502308961,2.794807485,0
7.75687,12.20697,54.63591,4185.35015,1.25156,71.38645,7.344480001,2.736012045,0
7.77471,12.26047,54.77402,4180.97119,1.27026,71.39529,7.188130243,2.677767647,0
7.79254,12.31393,54.91385,4176.6748,1.28566,71.40413,7.033668292,2.620226506,0
7.81033,12.36732,55.05504,4172.46064,1.2978,71.413,6.881463668,2.563526278,0
7.8281,12.42067,55.19724,4168.32817,1.30673,71.42187,6.7318478,2.507790431,0
7.84585,12.47398,55.3401,4164.27667,1.3125,71.43076,6.585115345,2.453128731,0
7.86356,12.52723,55.48328,4160.30525,1.31517,71.43966,6.441525758,2.399637831,0
7.88126,12.58044,55.62645,4156.41286,1.31479,71.44857,6.301305065,2.347401934,0
7.89892,12.6336,55.76928,4152.59832,1.31145,71.4575,6.164647796,2.296493506,0
7.91657,12.68671,55.91147,4148.86034,1.30521,71.46644,6.031719014,2.246974037,0
7.93418,12.73979,56.05269,4145.1975,1.29614,71.4754,5.902656412,2.198894822,0
7.95178,12.79282,56.19266,4141.60834,1.28433,71.48437,5.777572435,2.152297749,0
7.96935,12.84581,56.33109,4138.09126,1.26986,71.49335,5.656556406,2.107216094,0
7.9869,12.89876,56.46769,4134.64466,1.25281,71.50236,5.539676613,2.063675296,0
8.00442,12.95167,56.6022,4131.26683,1.23326,71.51137,5.426982357,2.02169372,0
8.02192,13.00454,56.73435,4127.95606,1.2113,71.52041,5.318505914,1.981283391,0
8.0394,13.05738,56.86391,4124.71056,1.18702,71.52946,5.214264435,1.942450698,0
8.05686,13.11018,56.99062,4121.52856,1.1605,71.53852,5.11426174,1.905197063,0
8.0743,13.16294,57.11425,4118.40824,1.13183,71.54761,5.018490019,1.869519576,0
8.09171,13.21567,57.23459,4115.34777,1.1011,71.55671,4.926931421,1.83541159,0
8.1091,13.26836,57.35143,4112.34531,1.06839,71.56582,4.839559551,1.802863269,0
8.12648,13.32102,57.46456,4109.39902,1.03379,71.57496,4.756340847,1.771862112,0
8.14383,13.37365,57.5738,4106.50705,0.99739,71.58411,4.677235855,1.742393422,0
8.16116,13.42624,57.67895,4103.66756,0.95926,71.59328,4.602200409,1.714440743,0
8.17847,13.47881,57.77984,4100.87872,0.91951,71.60246,4.531186696,1.687986267,0
8.19576,13.53134,57.87632,4098.13869,0.8782,71.61167,4.464144244,1.66301119,0
8.21303,13.58384,57.96823,4095.44564,0.83542,71.62089,4.401020801,1.639496046,0
8.23028,13.63632,58.05541,4092.79777,0.79125,71.63013,4.341763145,1.61742101,0
8.24751,13.68876,58.13774,4090.19327,0.74578,71.63939,4.286317799,1.59676616,0
8.26472,13.74118,58.21509,4087.63033,0.69907,71.64867,4.234631683,1.577511722,0
8.28192,13.79357,58.28732,4085.10718,0.65122,71.65797,4.18665269,1.559638284,0
8.29909,13.84593,58.35434,4082.62203,0.6023,71.66728,4.142330197,1.54312699,0
8.31625,13.89827,58.41602,4080.17316,0.55205,71.66905,4.101625788,1.527963526,-4.999999915
8.33339,13.95057,58.47225,4077.75884,0.50088,71.6709,4.064502908,1.514134277,-4.999999915
8.35053,14.00285,58.52293,4075.3773,0.44887,71.67284,4.030917196,1.501622715,-4.999999915
8.36765,14.0551,58.568,4073.02678,0.39609,71.67484,4.000827404,1.490413476,-4.999999915
8.38476,14.10733,58.60738,4070.70551,0.34262,71.67692,3.974195642,1.480492444,-4.999999915
8.40186,14.15953,58.64101,4068.41175,0.28852,71.67905,3.950987602,1.471846839,-4.999999915
8.41895,14.2117,58.66882,4066.14373,0.23388,71.68124,3.931172746,1.464465283,-4.999999915
8.43603,14.26384,58.69078,4063.8997,0.17875,71.68348,3.914724463,1.458337865,-4.999999915
8.45309,14.31596,58.70685,4061.67789,0.12322,71.68576,3.901620194,1.45345618,-4.999999915
8.47015,14.36806,58.71698,4059.47653,0.06735,71.68807,3.891841535,1.449813372,-4.999999915
8.48719,14.42013,58.72116,4057.29385,0.01122,71.69042,3.885374312,1.447404161,-4.999999915
8.50422,14.47217,58.71936,4055.12806,-0.04511,71.69279,3.882208631,1.446224862,-4.999999915
8.52124,14.52419,58.71158,4052.97735,-0.10157,71.69518,3.882338908,1.446273394,-4.999999915
8.53825,14.57619,58.6978,4050.83991,-0.15809,71.69758,3.885763877,1.447549285,-4.999999915
8.55525,14.62816,58.67805,4048.71389,-0.21459,71.69998,3.892486571,1.450053665,-4.999999915
8.57224,14.6801,58.65232,4046.59746,-0.271,71.70239,3.90251429,1.453789254,-4.999999915
8.58921,14.73203,58.62064,4044.48871,-0.32727,71.70479,3.915858539,1.458760338,-4.999999915
8.60618,14.78392,58.58302,4042.38576,-0.38331,71.70718,3.932534948,1.464972739,-4.999999915
8.62313,14.8358,58.53952,4040.28666,-0.43905,71.70954,3.952563164,1.472433777,-4.999999915
8.64008,14.88765,58.49016,4038.18945,-0.49442,71.71189,3.975966721,1.481152218,-4.999999915
8.65701,14.93948,58.435,4036.09215,-0.54936,71.7142,4.002772882,1.491138218,-4.999999915
8.67393,14.99128,58.37409,4033.99271,-0.60378,71.71647,4.03301245,1.502403253,-4.999999915
8.69084,15.04306,58.30749,4031.88908,-0.65762,71.7187,4.066719547,1.514960033,-4.999999915
8.70774,15.09481,58.23528,4029.77915,-0.7108,71.72088,4.10393136,1.528822413,-4.999999915
8.72463,15.14654,58.15754,4027.66077,-0.76325,71.723,4.144687851,1.544005278,-4.999999915
8.74151,15.19825,58.07436,4025.53176,-0.81488,71.72506,4.189031418,1.560524423,-4.999999915
8.75837,15.24993,57.98583,4023.38989,-0.86562,71.72704,4.237006521,1.578396411,-4.999999915
8.77523,15.30159,57.89205,4021.23288,-0.9154,71.72895,4.288659253,1.597638413,-4.999999915
8.79208,15.35322,57.79313,4019.05842,-0.96414,71.73077,4.344036859,1.618268029,-4.999999915
8.80891,15.40483,57.68921,4016.86413,-1.01174,71.73249,4.4031872,1.640303087,-4.999999915
8.82574,15.45641,57.5804,4014.64759,-1.05815,71.73412,4.466158153,1.663761424,-4.999999915
8.84255,15.50797,57.46684,4012.40636,-1.10326,71.73564,4.532996944,1.688660632,-4.999999915
8.85935,15.5595,57.34868,4010.13791,-1.14701,71.73704,4.603749415,1.715017789,-4.999999915
8.87615,15.611,57.22607,4007.8397,-1.18929,71.73832,4.678459213,1.742849155,-4.999999915
8.89293,15.66248,57.09918,4005.50911,-1.23004,71.73946,4.757166902,1.77216984,-4.999999915
8.9097,15.71393,56.96818,4003.14352,-1.26916,71.74047,4.839908989,1.802993444,-4.999999915
8.92646,15.76535,56.83324,4000.74024,-1.30657,71.74133,4.926716873,1.835331665,-4.999999915
8.94321,15.81675,56.69457,3998.29654,-1.34217,71.74203,5.017615699,1.869193869,-4.999999915
8.95995,15.86811,56.55235,3995.80966,-1.37589,71.74257,5.112623126,1.904586636,-4.999999915
8.97668,15.91945,56.4068,3993.27683,-1.40762,71.74294,5.211748014,1.941513264,-4.999999915
8.99339,15.97075,56.25814,3990.69523,-1.43729,71.74313,5.314989009,1.979973252,-4.999999915
9.0101,16.02203,56.10659,3988.06203,-1.4648,71.74313,5.422333065,2.019961737,-4.999999915
9.0268,16.07327,55.95238,3985.37439,-1.49007,71.74293,5.533753867,2.061468917,-4.999999915
9.04348,16.12449,55.79576,3982.62947,-1.51301,71.74253,5.649210202,2.10447944,-4.999999915
9.06016,16.17567,55.63699,3979.82442,-1.53353,71.74191,5.768644258,2.148971768,-4.999999915
9.07682,16.22681,55.47633,3976.95643,-1.55154,71.74107,5.891979882,2.194917533,-4.999999915
9.09347,16.27792,55.31404,3974.02269,-1.56696,71.74,6.019120806,2.242280873,-4.999999915
9.11011,16.329,55.15041,3971.02045,-1.57971,71.7387,6.149948864,2.291017767,-4.999999915
9.12674,16.38004,54.98573,3967.94701,-1.58971,71.73714,6.284322224,2.341075379,-4.999999915
9.14336,16.43105,54.82027,3964.79971,-1.59688,71.73534,6.422073653,2.392391411,-4.999999915
9.15997,16.48201,54.65436,3961.57601,-1.60115,71.73327,6.563008866,2.444893486,-4.999999915
9.17656,16.53294,54.4883,3958.27344,-1.60246,71.73093,6.706904971,2.498498571,-4.999999915
9.19315,16.58382,54.32239,3954.88967,-1.60073,71.72832,6.85350907,2.553112455,-4.999999915
9.20972,16.63467,54.15697,3951.42247,-1.5959,71.72544,7.002537034,2.608629293,-4.999999915
9.22628,16.68547,53.99236,3947.86981,-1.58794,71.72226,7.153672526,2.66493124,-4.999999915
9.24283,16.73623,53.82888,3944.22978,-1.57678,71.7188,7.306566289,2.72188819,-4.999999915
9.25937,16.78695,53.66688,3940.50071,-1.56241,71.71504,7.460835767,2.77935763,-4.999999915
9.2759,16.83762,53.50667,3936.68113,-1.54477,71.71098,7.6160651,2.83718464,-4.999999915
9.29241,16.88824,53.34861,3932.76978,-1.52386,71.70662,7.771805536,2.895202051,-4.999999915
9.30891,16.93882,53.19303,3928.7657,-1.49967,71.70196,7.927576309,2.953230762,-4.999999915
9.3254,16.98934,53.04026,3924.66817,-1.47219,71.69699,8.082866021,3.011080266,-4.999999915
9.34188,17.03982,52.89065,3920.47679,-1.44143,71.69172,8.237134557,3.068549355,-4.999999915
9.35834,17.09024,52.74451,3916.19145,-1.40743,71.68615,8.389815564,3.125427047,-4.999999915
9.3748,17.14061,52.60219,3911.81238,-1.37021,71.68028,8.540319505,3.181493725,-4.999999915
9.39124,17.19093,52.464,3907.34017,-1.32983,71.67411,8.688037291,3.236522487,-4.999999915
9.40766,17.24119,52.33025,3902.77574,-1.28635,71.66764,8.832344487,3.290280714,-4.999999915
9.42408,17.29139,52.20126,3898.12042,-1.23983,71.66089,8.972606058,3.34253184,-4.999999915
9.44048,17.34153,52.07731,3893.37587,-1.19038,71.65386,9.108181625,3.393037306,-4.999999915
9.45686,17.39162,51.9587,3888.54418,-1.1381,71.64655,9.23843117,3.441558689,-4.999999915
9.47324,17.44164,51.84569,3883.62777,-1.08311,71.63898,9.362721118,3.487859964,-4.999999915
9.4896,17.49161,51.73855,3878.6295,-1.02553,71.63116,9.480430711,3.531709885,-4.999999915
9.50594,17.54151,51.63751,3873.55257,-0.96551,71.6231,9.590958578,3.572884424,-4.999999915
9.52228,17.59134,51.54281,3868.40055,-0.90322,71.61481,9.693729376,3.61116925,-4.999999915
9.53859,17.64111,51.45464,3863.17738,-0.83882,71.60631,9.788200391,3.646362189,-4.999999915
9.5549,17.69082,51.3732,3857.88732,-0.77251,71.59761,9.873867969,3.678275616,-4.999999915
9.57119,17.74045,51.29865,3852.53497,-0.70446,71.58872,9.950273638,3.706738738,-4.999999915
9.58746,17.79002,51.23114,3847.12521,-0.6349,71.57968,10.01700981,3.731599716,-4.999999915
9.60372,17.83952,51.1708,3841.66318,-0.56404,71.57048,10.07372489,3.752727578,-4.999999915
9.61996,17.88895,51.11772,3836.15425,-0.49209,71.56116,10.12012779,3.770013879,-4.999999915
9.63619,17.93831,51.07198,3830.60402,-0.41929,71.55173,10.15599158,3.783374085,-4.999999915
9.65241,17.9876,51.03364,3825.01824,-0.34588,71.54221,10.18115634,3.792748619,-4.999999915
9.66861,18.03681,51.00272,3819.40277,-0.27208,71.53263,10.19553107,3.798103585,-4.999999915
9.68479,18.08596,50.97922,3813.76361,-0.19815,71.523,10.19909466,3.799431117,-4.999999915
9.70096,18.13503,50.96314,3808.10677,-0.12432,71.51334,10.19189586,3.796749373,-4.999999915
9.71711,18.18402,50.95442,3802.43829,-0.05084,71.50368,10.17405227,3.790102165,-4.999999915
9.73324,18.23295,50.95299,3796.76419,0.02207,71.49403,10.14574841,3.779558233,-4.999999915
9.74936,18.2818,50.95877,3791.09043,0.09415,71.48442,10.10723289,3.76521019,-4.999999915
9.76547,18.33058,50.97164,3785.42286,0.1652,71.47486,10.05881477,3.747173166,-4.999999915
9.78155,18.37928,50.99146,3779.76721,0.23497,71.46538,10.00085916,3.725583177,-4.999999915
9.79763,18.42791,51.01809,3774.12904,0.30327,71.45599,9.933782253,3.700595263,-4.999999915
9.81368,18.47647,51.05133,3768.51373,0.36987,71.44671,9.858045788,3.672381437,-4.999999915
9.82972,18.52495,51.091,3762.92643,0.4346,71.43757,9.774151193,3.641128493,-4.999999915
9.84574,18.57336,51.13688,3757.37204,0.49726,71.42857,9.682633428,3.607035717,-4.999999915
9.86175,18.6217,51.18875,3751.85523,0.55768,71.41973,9.584054695,3.570312546,-4.999999915
9.87773,18.66997,51.24635,3746.38035,0.6157,71.41106,9.478998147,3.531176217,-4.999999915
9.89371,18.71817,51.30943,3740.95149,0.67118,71.40259,9.368061675,3.489849462,-4.999999915
9.90966,18.76629,51.37772,3735.57243,0.72398,71.39432,9.251851901,3.446558264,-4.999999915
9.9256,18.81435,51.45094,3730.24664,0.77397,71.38625,9.130978448,3.401529723,-4.999999915
9.94153,18.86233,51.52879,3724.97727,0.82107,71.37841,9.006048577,3.354990058,-4.999999915
9.95743,18.91025,51.61097,3719.76718,0.86516,71.3708,8.877662231,3.307162766,-4.999999915
9.97332,18.9581,51.69718,3714.61889,0.90618,71.36343,8.74640756,3.258266948,-4.999999915
9.9892,19.00588,51.78711,3709.53465,0.94405,71.35631,8.612856938,3.208515827,-4.999999915
10.00506,19.0536,51.88043,3704.51638,0.97872,71.34943,8.477563499,3.158115461,-4.999999915
10.0209,19.10125,51.97683,3699.56571,1.01015,71.34281,8.341058193,3.107263643,-4.999999915
10.03672,19.14884,52.07599,3694.68402,1.03831,71.33645,8.20384737,3.056149002,-4.999999915
10.05253,19.19637,52.17758,3689.87238,1.06319,71.33034,8.06641086,3.004950285,-4.999999915
10.06833,19.24383,52.28128,3685.13164,1.08477,71.3245,7.929200538,2.95383583,-4.999999915
10.0841,19.29123,52.38677,3680.46237,1.10306,71.31892,7.792639341,2.902963191,-4.999999915
10.09987,19.33858,52.49373,3675.86493,1.11808,71.3136,7.657120702,2.852478932,-4.999999915
10.11561,19.38586,52.60184,3671.33947,1.12984,71.30854,7.523008361,2.802518557,-4.999999915
10.13134,19.43309,52.7108,3666.88592,1.13838,71.30374,7.390636523,2.753206564,-4.999999915
10.14706,19.48026,52.8203,3662.50403,1.14374,71.2992,7.260310304,2.704656619,-4.999999915
10.16276,19.52737,52.93002,3658.19338,1.14595,71.29491,7.132306443,2.656971812,-4.999999915
10.17844,19.57443,53.03968,3653.9534,1.14508,71.29087,7.006874227,2.610245012,-4.999999915
10.19411,19.62143,53.14899,3649.78334,1.14118,71.28707,6.884236595,2.564559267,-4.999999915
10.20977,19.66839,53.25766,3645.68237,1.13431,71.28351,6.764591385,2.519988278,-4.999999915
10.22541,19.71529,53.36541,3641.64948,1.12455,71.28019,6.648112697,2.476596902,-4.999999915
10.24103,19.76214,53.47198,3637.6836,1.11195,71.27709,6.534952319,2.434441684,-4.999999915
10.25664,19.80894,53.5771,3633.78353,1.09661,71.27422,6.425241224,2.393571414,-4.999999915
10.27224,19.85569,53.68053,3629.948,1.07859,71.27157,6.319091082,2.354027693,-4.999999915
10.28782,19.9024,53.78201,3626.17567,1.05799,71.26912,6.216595777,2.315845496,-4.999999915
10.30339,19.94905,53.88132,3622.4651,1.03488,71.26688,6.117832925,2.279053734,-4.999999915
10.31894,19.99566,53.97821,3618.81482,1.00934,71.26484,6.022865345,2.243675812,-4.999999915
10.33448,20.04223,54.07249,3615.22329,0.98148,71.26298,5.93174251,2.209730159,-4.999999915
10.35,20.08875,54.16392,3611.68893,0.95137,71.26131,5.844501934,2.177230748,-4.999999915
10.36551,20.13523,54.25232,3608.21012,0.91911,71.25982,5.761170503,2.146187598,-4.999999915
10.38101,20.18167,54.33749,3604.7852,0.88478,71.25849,5.68176575,2.116607238,-4.999999915
10.39649,20.22806,54.41926,3601.41248,0.84848,71.25732,5.60629705,2.088493162,-4.999999915
10.41196,20.27441,54.49743,3598.09026,0.81031,71.2563,5.53476675,2.061846243,-4.999999915
10.42742,20.32072,54.57186,3594.81678,0.77034,71.25543,5.467171228,2.036665132,-4.999999915
10.44286,20.36699,54.64237,3591.59029,0.72868,71.2547,5.403501871,2.012946622,-4.999999915
10.45829,20.41323,54.70884,3588.40903,0.68542,71.2541,5.34374599,1.990685984,-4.999999915
10.47371,20.45942,54.77111,3585.2712,0.64065,71.25362,5.287887656,1.969877285,-4.999999915
10.48911,20.50558,54.82906,3582.17499,0.59446,71.25326,5.235908472,1.950513671,-4.999999915
10.5045,20.5517,54.88257,3579.1186,0.54694,71.253,5.187788271,1.93258763,-4.999999915
10.51988,20.59778,54.93152,3576.10018,0.49818,71.25285,5.143505754,1.916091227,-4.999999915
10.53524,20.64382,54.97581,3573.11792,0.44828,71.25278,5.103039068,1.901016322,-4.999999915
10.5506,20.68983,55.01536,3570.16995,0.39733,71.2528,5.066366317,1.887354757,-4.999999915
10.56594,20.73581,55.05006,3567.25442,0.34541,71.2529,5.033466024,1.875098532,-4.999999915
10.58126,20.78175,55.07985,3564.36946,0.29262,71.25306,5.004317533,1.864239952,-4.999999915
10.59658,20.82765,55.10465,3561.51319,0.23905,71.25329,4.978901365,1.854771761,-4.999999915
10.61188,20.87352,55.12441,3558.6837,0.18478,71.25357,4.957199524,1.846687254,-4.999999915
10.62717,20.91936,55.13906,3555.8791,0.1299,71.2539,4.939195751,1.839980375,-4.999999915
10.64245,20.96516,55.14858,3553.09747,0.07451,71.25426,4.924875746,1.834645797,-4.999999915
10.65771,21.01093,55.15291,3550.33687,0.01869,71.25466,4.914227333,1.830678983,-4.999999915
10.67296,21.05667,55.15204,3547.59534,-0.03747,71.25508,4.907240598,1.82807624,-4.999999915
10.68821,21.10237,55.14595,3544.87092,-0.09388,71.25552,4.903907974,1.82683475,-4.999999915
10.70343,21.14804,55.13462,3542.16161,-0.15045,71.25596,4.9042243,1.82695259,-4.999999915
10.71865,21.19368,55.11807,3539.46537,-0.20664,71.26679,4.908172178,1.828423278,0
10.73384,21.23929,55.09633,3536.78011,-0.26281,71.27762,4.915736554,1.831241207,0
10.74901,21.28487,55.0694,3534.10379,-0.31889,71.28848,4.92691922,1.835407044,0
10.76417,21.33043,55.03733,3531.43436,-0.37477,71.29934,4.941724114,1.840922257,0
10.7793,21.37595,55.00012,3528.76973,-0.43036,71.31022,4.960157175,1.847789057,0
10.79441,21.42144,54.95782,3526.1078,-0.48559,71.32111,4.982226167,1.856010337,0
10.8095,21.46691,54.91048,3523.44641,-0.54036,71.33202,5.007940472,1.865589593,0
10.82458,21.51234,54.85816,3520.78341,-0.59458,71.34293,5.037310831,1.876530824,0
10.83963,21.55775,54.8009,3518.1166,-0.64816,71.35387,5.070349053,1.888838431,0
10.85466,21.60312,54.73879,3515.44375,-0.701,71.36481,5.107067673,1.902517083,0
10.86968,21.64847,54.6719,3512.76261,-0.75303,71.37577,5.147479569,1.917571578,0
10.88467,21.69379,54.60032,3510.07089,-0.80415,71.38674,5.191597529,1.934006679,0
10.89964,21.73908,54.52414,3507.36628,-0.85427,71.39772,5.239433772,1.951826938,0
10.9146,21.78433,54.44348,3504.64643,-0.90328,71.40872,5.29099942,1.971036498,0
10.92953,21.82956,54.35843,3501.90897,-0.95112,71.41972,5.346303907,1.991638875,0
10.94444,21.87476,54.26913,3499.15149,-0.99767,71.43075,5.405354351,2.013636719,0
10.95934,21.91993,54.1757,3496.37157,-1.04284,71.44178,5.468154859,2.037031561,0
10.97421,21.96506,54.07828,3493.56675,-1.08655,71.45282,5.534705781,2.06182353,0
10.98906,22.01017,53.97701,3490.73455,-1.1287,71.46388,5.605002906,2.088011059,0
11.00389,22.05524,53.87204,3487.87248,-1.1692,71.47494,5.679036606,2.11559056,0
11.0187,22.10029,53.76355,3484.97803,-1.20795,71.48602,5.756790922,2.144556089,0
11.03349,22.14529,53.6517,3482.04867,-1.24486,71.49711,5.838242601,2.174898982,0
11.04826,22.19027,53.53667,3479.08187,-1.27984,71.50821,5.923360076,2.206607481,0
11.063,22.23522,53.41864,3476.07509,-1.31279,71.51932,6.012102413,2.239666337,0
11.07773,22.28013,53.29782,3473.0258,-1.34364,71.53044,6.104418203,2.274056397,0
11.09243,22.325,53.1744,3469.93147,-1.37227,71.54157,6.200244432,2.309754189,0
11.10712,22.36984,53.04859,3466.78959,-1.39862,71.55271,6.299505323,2.346731483,0
11.12178,22.41465,52.92062,3463.59769,-1.42259,71.56386,6.40211116,2.384954857,0
11.13642,22.45942,52.7907,3460.3533,-1.44409,71.57502,6.507957116,2.42438526,0
11.15103,22.50415,52.65908,3457.05402,-1.46306,71.58619,6.616922087,2.464977579,0
11.16563,22.54885,52.52598,3453.69749,-1.4794,71.59736,6.728867562,2.506680214,0
11.1802,22.5935,52.39166,3450.28142,-1.49304,71.60854,6.843636529,2.549434674,0
11.19475,22.63812,52.25637,3446.80358,-1.50392,71.61973,6.96105246,2.593175198,0
11.20927,22.6827,52.12036,3443.26185,-1.51196,71.63093,7.080918374,2.637828404,0
11.22378,22.72724,51.9839,3439.65419,-1.5171,71.64214,7.203016022,2.683312991,0
11.23825,22.77174,51.84725,3435.97868,-1.51929,71.65335,7.32710521,2.729539478,0
11.25271,22.81619,51.71069,3432.23352,-1.51848,71.66456,7.452923279,2.77641002,0
11.26714,22.86061,51.57449,3428.41706,-1.51462,71.67579,7.58018479,2.823818281,0
11.28155,22.90498,51.43893,3424.52781,-1.50767,71.68701,7.708581423,2.871649405,0
11.29593,22.9493,51.30428,3420.56444,-1.49761,71.69824,7.837782121,2.919780064,0
11.31028,22.99358,51.17083,3416.5258,-1.48441,71.70948,7.967433517,2.968078621,0
11.32462,23.03781,51.03886,3412.41096,-1.46806,71.72072,8.097160651,3.016405391,0
11.33892,23.082,50.90865,3408.21918,-1.44857,71.73196,8.226568008,3.064613037,0
11.3532,23.12614,50.78048,3403.94995,-1.42593,71.74321,8.355240894,3.112547073,0
11.36746,23.17022,50.65462,3399.60303,-1.40016,71.75446,8.482747159,3.160046511,0
11.38168,23.21426,50.53136,3395.17838,-1.3713,71.76571,8.608639276,3.206944637,0
11.39588,23.25825,50.41096,3390.67628,-1.33939,71.77696,8.732456777,3.253069914,0
11.41006,23.30218,50.29368,3386.09723,-1.30447,71.78821,8.853729037,3.298247022,0
11.4242,23.34606,50.17978,3381.44204,-1.26661,71.79946,8.971978397,3.34229802,0
11.43832,23.38988,50.06952,3376.71179,-1.22588,71.81072,9.086723591,3.385043624,0
11.45241,23.43365,49.96314,3371.90788,-1.18238,71.82197,9.197483457,3.426304588,0
11.46648,23.47737,49.86086,3367.03195,-1.13621,71.83322,9.303780888,3.465903178,0
11.48051,23.52102,49.76291,3362.08599,-1.08747,71.84447,9.405146967,3.50366471,0
11.49452,23.56462,49.6695,3357.07223,-1.0363,71.85572,9.501125243,3.539419143,0
11.50849,23.60816,49.58083,3351.99321,-0.98283,71.86697,9.59127607,3.573002698,0
11.52244,23.65164,49.49707,3346.85173,-0.9272,71.87822,9.675180947,3.604259472,0
11.53636,23.69505,49.41841,3341.65088,-0.86959,71.88946,9.752446792,3.633043032,0
11.55025,23.73841,49.34498,3336.39399,-0.81015,71.9007,9.822710063,3.659217949,0
11.56411,23.7817,49.27693,3331.08461,-0.74906,71.91194,9.885640655,3.682661251,0
11.57793,23.82493,49.21437,3325.72654,-0.68652,71.92317,9.940945502,3.703263762,0
11.59173,23.8681,49.15741,3320.32377,-0.62272,71.9344,9.988371815,3.720931311,0
11.6055,23.9112,49.10614,3314.88046,-0.55787,71.94562,10.02770988,3.735585776,0
11.61924,23.95424,49.06061,3309.40093,-0.49216,71.95685,10.05879538,3.747165943,0
11.63294,23.99721,49.02087,3303.88966,-0.42582,71.96806,10.08151118,3.755628176,0
11.64662,24.04011,48.98695,3298.35119,-0.35905,71.97927,10.09578854,3.760946866,0
11.66026,24.08295,48.95886,3292.79018,-0.29208,71.99048,10.10160771,3.763114662,0
11.67387,24.12572,48.93658,3287.21132,-0.22513,72.00168,10.09899802,3.762142483,0
11.68746,24.16842,48.9201,3281.61933,-0.15842,72.01288,10.08803723,3.758059301,0
11.70101,24.21105,48.90935,3276.01894,-0.09216,72.02407,10.06885041,3.750911706,0
11.71452,24.25362,48.90426,3270.41483,-0.02656,72.03525,10.04160822,3.740763271,0
11.72801,24.29612,48.90477,3264.81164,0.03816,72.04643,10.00652466,3.727693723,0
11.74147,24.33855,48.91075,3259.21394,0.10179,72.0576,9.963854412,3.711797933,0
11.75489,24.38091,48.92209,3253.62618,0.16414,72.06877,9.913889709,3.693184767,0
11.76829,24.42321,48.93866,3248.05271,0.22501,72.07994,9.856956899,3.671975797,0
11.78165,24.46543,48.96031,3242.4977,0.28423,72.09109,9.793412731,3.648303923,0
11.79498,24.50759,48.98686,3236.9652,0.34161,72.10225,9.723640429,3.622311904,0
11.80829,24.54968,49.01814,3231.45906,0.397,72.1134,9.648045641,3.594150857,0
11.82156,24.59171,49.05397,3225.98293,0.45023,72.12454,9.567052333,3.563978718,0
11.8348,24.63366,49.09412,3220.54029,0.50116,72.13568,9.481098676,3.53195872,0
11.84801,24.67555,49.1384,3215.13437,0.54967,72.14681,9.390633016,3.498257881,0
11.86119,24.71738,49.18658,3209.76819,0.59561,72.15794,9.296109966,3.463045558,0
11.87433,24.75913,49.23842,3204.44457,0.6389,72.16906,9.197986674,3.42649205,0
11.88745,24.80083,49.29369,3199.16608,0.67942,72.18018,9.096719312,3.388767293,0
11.90054,24.84246,49.35215,3193.93504,0.7171,72.1913,8.99275982,3.350039647,0
11.9136,24.88402,49.41353,3188.75358,0.75186,72.20242,8.886552939,3.310474789,0
11.92664,24.92552,49.47759,3183.62358,0.78363,72.21353,8.778533532,3.270234718,0
11.93964,24.96696,49.54407,3178.54669,0.81237,72.22463,8.669124235,3.229476876,0
11.95261,25.00834,49.6127,3173.52435,0.83803,72.23574,8.558733417,3.188353392,0
11.96556,25.04965,49.68322,3168.55778,0.86058,72.24684,8.447753465,3.14701044,0
11.97847,25.09091,49.75538,3163.64799,0.88001,72.25794,8.336559378,3.105587716,0
11.99136,25.1321,49.8289,3158.7958,0.8963,72.26904,8.225507665,3.064218031,0
12.00422,25.17324,49.90353,3154.00182,0.90947,72.28014,8.114935527,3.023027001,0
12.01706,25.21432,49.979,3149.26648,0.9195,72.29124,8.005160309,2.982132843,0
12.02986,25.25534,50.05506,3144.59006,0.92643,72.30233,7.896479195,2.941646269,0
12.04264,25.2963,50.13145,3139.97263,0.93029,72.31343,7.789169135,2.901670448,0
12.0554,25.33721,50.20792,3135.41415,0.93109,72.32452,7.68348697,2.862301061,0
12.06812,25.37807,50.28422,3130.91439,0.9289,72.33562,7.579669732,2.823626408,0
12.08082,25.41886,50.36011,3126.473,0.92374,72.34672,7.477935103,2.785727582,0
12.0935,25.45961,50.43535,3122.08951,0.91568,72.35781,7.378482007,2.748678687,0
12.10615,25.5003,50.50971,3117.76333,0.90477,72.36891,7.281491309,2.7125471,0
12.11877,25.54094,50.58297,3113.49373,0.89109,72.38001,7.187126602,2.677393764,0
12.13137,25.58153,50.6549,3109.2799,0.87469,72.39111,7.095535065,2.643273506,0
12.14395,25.62207,50.7253,3105.12094,0.85565,72.40222,7.006848376,2.610235381,0
12.1565,25.66256,50.79395,3101.01584,0.83406,72.41332,6.921183654,2.578323019,0
12.16902,25.703,50.86065,3096.96353,0.80998,72.42443,6.838644428,2.547574985,0
12.18153,25.74339,50.92522,3092.96284,0.7835,72.43554,6.759321606,2.518025147,0
12.19401,25.78374,50.98747,3089.01256,0.75471,72.44665,6.683294453,2.489703032,0
12.20646,25.82404,51.04723,3085.1114,0.7237,72.45777,6.610631541,2.462634185,0
12.21889,25.86429,51.10432,3081.258,0.69055,72.46889,6.54139169,2.436840519,0
12.2313,25.90449,51.15858,3077.45098,0.65537,72.48002,6.47562487,2.412340648,0
12.24369,25.94465,51.20987,3073.68888,0.61824,72.49115,6.41337308,2.389150218,0
12.25605,25.98477,51.25803,3069.9702,0.57926,72.50228,6.354671174,2.367282214,0
12.26839,26.02484,51.30293,3066.29342,0.53853,72.51341,6.299547657,2.346747253,0
12.28071,26.06487,51.34445,3062.65695,0.49614,72.52456,6.24802543,2.327553868,0
12.293,26.10485,51.38246,3059.05918,0.4522,72.5357,6.200122484,2.30970876,0
12.30528,26.1448,51.41684,3055.49847,0.4068,72.54685,6.155852554,2.293217047,0
12.31753,26.1847,51.4475,3051.97314,0.36006,72.55801,6.115225716,2.27808248,0
12.32976,26.22456,51.47435,3048.48148,0.31205,72.56917,6.078248935,2.264307656,0
12.34197,26.26437,51.49729,3045.02175,0.2629,72.58034,6.044926567,2.251894198,0
12.35416,26.30415,51.51624,3041.59219,0.2127,72.59151,6.015260808,2.240842922,0
12.36632,26.34389,51.53114,3038.19101,0.16154,72.60269,5.989252094,2.231153992,0
12.37847,26.38359,51.54192,3034.81639,0.10955,72.61387,5.966899453,2.222827045,0
12.39059,26.42324,51.54853,3031.46649,0.05681,72.62506,5.948200808,2.215861308,0
12.4027,26.46286,51.55092,3028.13944,0.00344,72.63625,5.933153237,2.210255692,0
12.41478,26.50244,51.54906,3024.83335,-0.05048,72.64745,5.92175318,2.20600887,0
12.42684,26.54198,51.54292,3021.54631,-0.10482,72.65866,5.913996607,2.203119343,0
12.43888,26.58148,51.53247,3018.27638,-0.15949,72.66987,5.909879137,2.201585477,0
12.4509,26.62095,51.51771,3015.0216,-0.21439,72.68108,5.909396113,2.201405538,0
12.4629,26.66037,51.49863,3011.77998,-0.26941,72.69231,5.912542636,2.2025777,0
12.47488,26.69976,51.47523,3008.5495,-0.32444,72.70354,5.919313557,2.205100046,0
12.48684,26.73911,51.44753,3005.32815,-0.37939,72.71477,5.929703414,2.208970542,0
12.49878,26.77842,51.41554,3002.11386,-0.43415,72.72601,5.943706349,2.214187003,0
12.5107,26.81769,51.37929,2998.90456,-0.48861,72.73726,5.961315955,2.220747045,0
12.5226,26.85693,51.33883,2995.69815,-0.54267,72.74851,5.98252511,2.228648013,0
12.53448,26.89612,51.29419,2992.49249,-0.59623,72.75977,6.007325739,2.2378869,0
12.54633,26.93528,51.24543,2989.28546,-0.64919,72.77103,6.035708564,2.248460249,0
12.55817,26.9744,51.1926,2986.07487,-0.70143,72.7823,6.067662784,2.260364037,0
12.56999,27.01349,51.13579,2982.85856,-0.75286,72.79358,6.103175735,2.273593546,0
12.58179,27.05253,51.07505,2979.63431,-0.80336,72.80486,6.142232499,2.288143218,0
12.59356,27.09154,51.01049,2976.3999,-0.85285,72.81614,6.184815469,2.304006495,0
12.60532,27.13051,50.94218,2973.1531,-0.90121,72.82743,6.230903885,2.321175642,0
12.61706,27.16944,50.87023,2969.89166,-0.94834,72.83873,6.280473317,2.33964156,0
12.62877,27.20833,50.79475,2966.61332,-0.99415,72.85002,6.333495121,2.359393577,0
12.64047,27.24718,50.71586,2963.31581,-1.03852,72.86133,6.389935857,2.380419236,0
12.65214,27.286,50.63367,2959.99686,-1.08135,72.87264,6.449756665,2.402704061,0
12.6638,27.32477,50.54832,2956.65418,-1.12256,72.88395,6.512912621,2.426231316,0
12.67543,27.3635,50.45994,2953.28551,-1.16203,72.89527,6.57935206,2.450981755,0
12.68704,27.4022,50.36869,2949.88858,-1.19968,72.90659,6.649015871,2.476933358,0
12.69863,27.44085,50.27471,2946.46112,-1.2354,72.91791,6.721836785,2.504061065,0
12.7102,27.47946,50.17817,2943.00091,-1.2691,72.92924,6.797738639,2.532336502,0
12.72175,27.51803,50.07922,2939.50571,-1.30069,72.94057,6.87663564,2.561727711,0
12.73328,27.55656,49.97805,2935.97333,-1.33008,72.9519,6.958431629,2.592198869,0
12.74479,27.59505,49.87483,2932.40163,-1.35719,72.96323,7.043019358,2.623710024,0
12.75628,27.63349,49.76975,2928.78847,-1.38192,72.97457,7.130279782,2.656216828,0
12.76774,27.67189,49.663,2925.13181,-1.40421,72.98591,7.22008139,2.68967029,0
12.77918,27.71025,49.55477,2921.42961,-1.42396,72.99725,7.312279573,2.724016539,0
12.7906,27.74856,49.44527,2917.67995,-1.44112,73.00859,7.406716051,2.759196611,0
12.802,27.78683,49.3347,2913.88095,-1.4556,73.01993,7.503218367,2.795146263,0
12.81338,27.82505,49.22328,2910.03082,-1.46736,73.03127,7.601599469,2.831795812,0
12.82473,27.86322,49.11122,2906.12788,-1.47632,73.04262,7.701657392,2.869070021,0
12.83606,27.90135,48.99874,2902.17053,-1.48244,73.05396,7.803175045,2.906888018,0
12.84737,27.93943,48.88605,2898.1573,-1.48568,73.0653,7.905920142,2.94516327,0
12.85866,27.97746,48.77339,2894.08683,-1.48599,73.07664,8.009645268,2.983803609,0
12.86992,28.01544,48.66098,2889.95791,-1.48334,73.08798,8.114088108,3.022711315,0
12.88116,28.05337,48.54904,2885.76945,-1.47771,73.09932,8.218971848,3.061783268,0
12.89238,28.09126,48.4378,2881.52054,-1.46908,73.11065,8.324005766,3.100911166,0
12.90357,28.12909,48.32749,2877.21041,-1.45745,73.12199,8.428886015,3.139981818,0
12.91474,28.16686,48.21833,2872.83848,-1.44281,73.13332,8.53329661,3.178877512,0
12.92588,28.20459,48.11055,2868.40434,-1.42519,73.14464,8.636910628,3.21747646,0
12.937,28.24226,48.00438,2863.90778,-1.4046,73.15596,8.739391617,3.255653325,0
12.9481,28.27988,47.90002,2859.34877,-1.38106,73.16728,8.840395219,3.293279824,0
12.95917,28.31744,47.7977,2854.72751,-1.35464,73.1786,8.939570994,3.330225409,0
12.97021,28.35494,47.69763,2850.04437,-1.32536,73.18991,9.036564443,3.366358021,0
12.98123,28.39239,47.60001,2845.29998,-1.29331,73.20121,9.131019214,3.401544909,0
12.99223,28.42978,47.50503,2840.49515,-1.25855,73.21251,9.222579468,3.435653513,0
13.0032,28.46711,47.4129,2835.63091,-1.22116,73.2238,9.310892389,3.468552399,0
13.01414,28.50439,47.3238,2830.70854,-1.18125,73.23508,9.395610803,3.500112237,0
13.02506,28.5416,47.23789,2825.7295,-1.13892,73.24636,9.476395884,3.530206806,0
13.03595,28.57875,47.15535,2820.69548,-1.09428,73.25763,9.552919907,3.558714018,0
13.04682,28.61584,47.07634,2815.6084,-1.04747,73.2689,9.624869005,3.58551695,0
13.05766,28.65286,47.00098,2810.47034,-0.99861,73.28015,9.691945899,3.610504858,0
13.06847,28.68983,46.92943,2805.28362,-0.94786,73.2914,9.753872558,3.633574168,0
13.07925,28.72673,46.8618,2800.05071,-0.89537,73.30264,9.810392739,3.654629422,0
13.09001,28.76356,46.7982,2794.7743,-0.84131,73.31387,9.861274374,3.67358417,0
13.10074,28.80033,46.73873,2789.4572,-0.78583,73.32509,9.906311765,3.690361783,0
13.11145,28.83704,46.68346,2784.10241,-0.72913,73.3363,9.945327534,3.704896184,0
13.12212,28.87367,46.63246,2778.71303,-0.67138,73.3475,9.978174319,3.717132475,0
13.13277,28.91024,46.58579,2773.29231,-0.61278,73.35869,10.00473616,3.727027461,0
13.1434,28.94675,46.54349,2767.84359,-0.55351,73.36988,10.02492958,3.734550041,0
13.15399,28.98318,46.50558,2762.3703,-0.49377,73.38105,10.03870431,3.73968149,0
13.16456,29.01955,46.47208,2756.87593,-0.43376,73.39221,10.04604366,3.742415591,0
13.17509,29.05585,46.44297,2751.36405,-0.37367,73.40336,10.04696456,3.74275865,0
13.1856,29.09208,46.41823,2745.83822,-0.31372,73.4145,10.04151721,3.740729371,0
13.19609,29.12825,46.39785,2740.30204,-0.25408,73.42563,10.02978443,3.7363586,0
13.20654,29.16434,46.38176,2734.7591,-0.19497,73.43675,10.0118806,3.729688952,0
13.21697,29.20036,46.36991,2729.21297,-0.13656,73.44786,9.987950381,3.720774316,0
13.22737,29.23632,46.36222,2723.66716,-0.07907,73.45895,9.95816709,3.709679256,0
13.23774,29.2722,46.3586,2718.12515,-0.02265,73.47004,9.922730836,3.696478319,0
13.24808,29.30802,46.35896,2712.59034,0.03249,73.48112,9.881866443,3.681255258,0
13.2584,29.34376,46.36318,2707.06602,0.0862,73.49218,9.835821178,3.664102185,0
13.26868,29.37944,46.37113,2701.55541,0.13831,73.50323,9.784862347,3.64511868,0
13.27894,29.41505,46.3827,2696.0616,0.18865,73.51428,9.729274779,3.624410848,0
13.28918,29.45059,46.39772,2690.58755,0.23709,73.52531,9.669358243,3.602090362,0
13.29938,29.48606,46.41604,2685.13611,0.28347,73.53633,9.60542485,3.578273491,0
13.30956,29.52146,46.43752,2679.70997,0.32768,73.54735,9.537796452,3.553080133,0
13.31971,29.55679,46.46196,2674.31166,0.36958,73.55835,9.466802094,3.526632867,0
13.32983,29.59206,46.48921,2668.94357,0.40907,73.56934,9.392775541,3.499056028,0
13.33993,29.62725,46.51907,2663.60792,0.44604,73.58033,9.316052905,3.470474827,0
13.35,29.66239,46.55135,2658.30679,0.48041,73.5913,9.236970402,3.441014514,0
13.36004,29.69745,46.58587,2653.04206,0.5121,73.60226,9.155862257,3.410799596,0
13.37006,29.73245,46.62242,2647.81546,0.54103,73.61322,9.07305877,3.379953118,0
13.38005,29.76738,46.66081,2642.62856,0.56715,73.62417,8.988884558,3.348596009,0
13.39001,29.80225,46.70083,2637.48275,0.5904,73.63511,8.903656978,3.316846494,0
13.39995,29.83705,46.74227,2632.37926,0.61075,73.64604,8.817684744,3.284819574,0
13.40986,29.87179,46.78494,2627.31917,0.62817,73.65696,8.731266719,3.252626586,0
13.41975,29.90646,46.82861,2622.30338,0.64263,73.66787,8.644690907,3.220374818,0
13.42961,29.94107,46.8731,2617.33267,0.65413,73.67878,8.558233614,3.188167202,0
13.43945,29.97562,46.91819,2612.40764,0.66267,73.68968,8.472158794,3.156102067,0
13.44926,30.01011,46.96367,2607.52875,0.66826,73.70057,8.386717551,3.124272956,0
13.45905,30.04454,47.00936,2602.69634,0.6709,73.71146,8.302147802,3.092768499,0
13.46881,30.0789,47.05503,2597.91059,0.67062,73.72234,8.218674077,3.06167234,0
13.47855,30.11321,47.10051,2593.17157,0.66745,73.73321,8.136507455,3.031063111,0
13.48826,30.14745,47.14559,2588.47922,0.66143,73.74408,8.055845617,3.001014454,0
13.49795,30.18164,47.19009,2583.83335,0.65261,73.75494,7.976872999,2.971595076,0
13.50762,30.21577,47.23382,2579.2337,0.64103,73.7658,7.899761045,2.942868844,0
13.51726,30.24985,47.2766,2574.67985,0.62675,73.77665,7.824668527,2.914894906,0
13.52688,30.28386,47.31825,2570.17132,0.60984,73.7875,7.751741944,2.887727835,0
13.53648,30.31782,47.35861,2565.70751,0.59035,73.79834,7.68111597,2.861417801,0
13.54605,30.35173,47.39751,2561.28776,0.56837,73.80918,7.612913939,2.83601075,0
13.5556,30.38558,47.43478,2556.91129,0.54397,73.82002,7.547248377,2.8115486,0
13.56513,30.41937,47.47028,2552.57726,0.51723,73.83085,7.484221546,2.788069447,0
13.57464,30.45311,47.50386,2548.28475,0.48823,73.84168,7.423926007,2.765607773,0
13.58412,30.4868,47.53538,2544.03277,0.45706,73.8525,7.366445192,2.744194657,0
13.59358,30.52043,47.5647,2539.82027,0.42381,73.86332,7.311853968,2.72385799,0
13.60303,30.55402,47.5917,2535.64613,0.38858,73.87414,7.260219207,2.704622682,0
13.61244,30.58755,47.61625,2531.50917,0.35146,73.88496,7.211600328,2.686510871,0
13.62184,30.62103,47.63825,2527.40815,0.31255,73.89577,7.166049836,2.669542114,0
13.63122,30.65445,47.65758,2523.34178,0.27196,73.90658,7.123613834,2.653733587,0
13.64057,30.68783,47.67415,2519.30873,0.22978,73.91739,7.084332504,2.639100258,0
13.64991,30.72116,47.68786,2515.30762,0.18612,73.9282,7.048240575,2.625655065,0
13.65922,30.75444,47.69863,2511.33701,0.14109,73.939,7.015367746,2.613409071,0
13.66851,30.78767,47.70639,2507.39543,0.09479,73.94981,6.985739086,2.602371615,0
13.67779,30.82085,47.71105,2503.48137,0.04734,73.96061,6.959375395,2.592550447,0
13.68704,30.85398,47.71257,2499.59328,-0.00116,73.97141,6.936293532,2.583951846,0
13.69627,30.88706,47.71089,2495.72957,-0.05059,73.98221,6.91650671,2.576580734,0
13.70548,30.9201,47.70595,2491.88863,-0.10085,73.99301,6.900024746,2.570440768,0
13.71467,30.95309,47.69772,2488.06878,-0.15181,74.0038,6.886854282,2.565534424,0
13.72384,30.98603,47.68616,2484.26836,-0.20337,74.0146,6.876998966,2.56186306,0
13.73299,31.01892,47.67125,2480.48565,-0.25542,74.02539,6.870459592,2.559426971,0
13.74212,31.05177,47.65298,2476.71889,-0.30783,74.03618,6.867234206,2.55822543,0
13.75123,31.08456,47.63133,2472.96632,-0.36049,74.04698,6.867318176,2.55825671,0
13.76032,31.11732,47.6063,2469.22613,-0.4133,74.05777,6.870704219,2.559518101,0
13.76939,31.15002,47.5779,2465.49652,-0.46612,74.06856,6.877382402,2.562005899,0
13.77844,31.18268,47.54614,2461.77563,-0.51886,74.07935,6.887340093,2.565715401,0
13.78748,31.2153,47.51103,2458.0616,-0.57138,74.09013,6.900561891,2.570640869,0
13.79649,31.24786,47.47261,2454.35253,-0.62359,74.10092,6.917029513,2.576775491,0
13.80548,31.28038,47.43091,2450.64654,-0.67535,74.11171,6.936721646,2.584111329,0
13.81445,31.31286,47.38597,2446.94169,-0.72657,74.12249,6.959613779,2.592639251,0
13.82341,31.34529,47.33784,2443.23606,-0.77712,74.13327,6.985677987,2.602348854,0
13.83234,31.37767,47.28658,2439.52769,-0.82689,74.14406,7.014882697,2.613228377,0
13.84126,31.41,47.23224,2435.81463,-0.87578,74.15484,7.047192426,2.625264602,0
13.85015,31.44229,47.17491,2432.09492,-0.92366,74.16562,7.082567486,2.638442742,0
13.85903,31.47453,47.11465,2428.3666,-0.97043,74.17639,7.120963671,2.652746331,0
13.86788,31.50673,47.05156,2424.62768,-1.01597,74.18717,7.162331924,2.668157094,0
13.87672,31.53888,46.98571,2420.8762,-1.06019,74.19794,7.206617977,2.684654814,0
13.88553,31.57098,46.91721,2417.11021,-1.10298,74.20871,7.25376199,2.702217199,0
13.89433,31.60303,46.84616,2413.32774,-1.14423,74.21948,7.303698165,2.720819738,0
13.90311,31.63504,46.77267,2409.52684,-1.18383,74.23025,7.356354363,2.740435558,0
13.91187,31.667,46.69686,2405.70561,-1.2217,74.24101,7.411651709,2.761035274,0
13.9206,31.69891,46.61884,2401.86212,-1.25773,74.25177,7.469504209,2.782586852,0
13.92932,31.73077,46.53874,2397.99451,-1.29182,74.26253,7.529818366,2.805055463,0
13.93802,31.76259,46.4567,2394.10091,-1.32389,74.27328,7.592492815,2.828403344,0
13.9467,31.79435,46.37284,2390.17953,-1.35385,74.28403,7.657417976,2.852589675,0
13.95536,31.82607,46.28733,2386.22859,-1.38162,74.29478,7.724475733,2.877570454,0
13.96399,31.85774,46.20029,2382.24637,-1.4071,74.30552,7.793539149,2.903298393,0
13.97261,31.88935,46.11188,2378.2312,-1.43024,74.31626,7.864472219,2.929722828,0
13.98121,31.92092,46.02226,2374.18146,-1.45095,74.327,7.937129674,2.956789642,0
13.98979,31.95243,45.93158,2370.09562,-1.46917,74.33773,8.011356842,2.984441215,0
13.99834,31.98389,45.84001,2365.97221,-1.48483,74.34845,8.086989578,3.012616399,0
14.00688,32.0153,45.74771,2361.80984,-1.4979,74.35917,8.163854253,3.041250513,0
14.01539,32.04666,45.65485,2357.60719,-1.5083,74.36988,8.241767846,3.070275377,0
14.02389,32.07797,45.5616,2353.36307,-1.51601,74.38059,8.320538102,3.09961937,0
14.03236,32.10922,45.46813,2349.07636,-1.52099,74.39129,8.3999638,3.129207532,0
14.04081,32.14042,45.3746,2344.74605,-1.5232,74.40198,8.479835116,3.158961699,0
14.04925,32.17156,45.2812,2340.37125,-1.52263,74.41267,8.559934094,3.188800675,0
14.05766,32.20265,45.1881,2335.9512,-1.51927,74.42335,8.640035228,3.218640455,0
14.06604,32.23368,45.09546,2331.48525,-1.5131,74.43402,8.71990616,3.248394479,0
14.07441,32.26466,45.00346,2326.97288,-1.50413,74.44468,8.799308488,3.277973936,0
14.08276,32.29558,44.91227,2322.41371,-1.49239,74.45534,8.877998695,3.307288108,0
14.09108,32.32644,44.82206,2317.80751,-1.47787,74.46599,8.955729187,3.336244761,0
14.09938,32.35724,44.73299,2313.15419,-1.46063,74.47662,9.032249442,3.36475057,0
14.10766,32.38798,44.64523,2308.4538,-1.44069,74.48725,9.107307265,3.392711584,0
14.11592,32.41867,44.55893,2303.70656,-1.4181,74.49787,9.180650128,3.42003373,0
14.12415,32.44929,44.47424,2298.91283,-1.39293,74.50848,9.252026608,3.446623347,0
14.13236,32.47986,44.39132,2294.07314,-1.36525,74.51908,9.321187888,3.472387744,0
14.14055,32.51036,44.31032,2289.18815,-1.33512,74.52966,9.387889319,3.497235781,0
14.14872,32.5408,44.23135,2284.2587,-1.30265,74.54024,9.451892022,3.521078472,0
14.15686,32.57118,44.15457,2279.28579,-1.26792,74.5508,9.512964517,3.543829584,0
14.16498,32.60149,44.08009,2274.27055,-1.23103,74.56136,9.570884356,3.565406248,0
14.17308,32.63174,44.00803,2269.21428,-1.19211,74.5719,9.625439734,3.585729562,0
14.18115,32.66193,43.93849,2264.1184,-1.15128,74.58243,9.676431072,3.604725177,0
14.18921,32.69205,43.87159,2258.98449,-1.10866,74.59295,9.723672537,3.622323865,0
14.19723,32.72211,43.8074,2253.81426,-1.0644,74.60345,9.766993484,3.638462058,0
14.20524,32.7521,43.74601,2248.60954,-1.01864,74.61394,9.806239794,3.653082341,0
14.21322,32.78203,43.68749,2243.37229,-0.97153,74.62442,9.841275103,3.666133915,0
14.22117,32.81188,43.63192,2238.10458,-0.92322,74.63488,9.87198188,3.677572998,0
14.22911,32.84167,43.57932,2232.80855,-0.87389,74.64534,9.898262363,3.687363169,0
14.23701,32.8714,43.52977,2227.48649,-0.82369,74.65577,9.920039318,3.695475658,0
14.2449,32.90105,43.48327,2222.1407,-0.7728,74.6662,9.937256625,3.701889558,0
14.25276,32.93064,43.43986,2216.77361,-0.72139,74.67661,9.949879677,3.706591977,0
14.2606,32.96016,43.39954,2211.38767,-0.66964,74.687,9.957895577,3.709578111,0
14.26841,32.98961,43.36232,2205.98538,-0.61772,74.69738,9.961313155,3.710851248,0
14.2762,33.01899,43.32819,2200.5693,-0.56581,74.70775,9.960162774,3.710422701,0
14.28396,33.0483,43.29712,2195.14198,-0.51408,74.7181,9.954495959,3.708311663,0
14.2917,33.07754,43.26909,2189.706,-0.46272,74.72844,9.944384836,3.704545004,0
14.29942,33.10671,43.24405,2184.26393,-0.41189,74.73876,9.929921401,3.699156994,0
14.30711,33.13581,43.22196,2178.81833,-0.36178,74.74907,9.911216623,3.692188972,0
14.31477,33.16485,43.20276,2173.37173,-0.31253,74.75936,9.88839941,3.68368896,0
14.32242,33.19381,43.18637,2167.92663,-0.26432,74.76964,9.861615438,3.673711225,0
14.33004,33.2227,43.17273,2162.4855,-0.21731,74.7799,9.831025874,3.662315808,0
14.33763,33.25152,43.16174,2157.05073,-0.17165,74.79015,9.796806003,3.649568005,0
14.3452,33.28027,43.15331,2151.62465,-0.12749,74.80039,9.759143786,3.635537839,0
14.35275,33.30895,43.14734,2146.20954,-0.08496,74.81061,9.718238366,3.620299494,0
14.36027,33.33757,43.14372,2140.80758,-0.0442,74.82081,9.674298541,3.603930753,0
14.36777,33.36611,43.14235,2135.42087,-0.00534,74.83101,9.627541222,3.586512421,0
14.37524,33.39458,43.14309,2130.05142,0.03151,74.84118,9.578189902,3.568127756,0
14.3827,33.42298,43.14582,2124.70114,0.06624,74.85135,9.526473142,3.548861902,0
14.39012,33.45132,43.15041,2119.37183,0.09874,74.8615,9.4726231,3.528801345,0
14.39753,33.47958,43.15673,2114.06521,0.12893,74.87163,9.416874111,3.508033379,0
14.40491,33.50778,43.16464,2108.78286,0.15672,74.88175,9.359461331,3.486645608,0
14.41227,33.53591,43.17399,2103.52626,0.18204,74.89186,9.300619458,3.464725462,0
14.4196,33.56397,43.18464,2098.29679,0.20482,74.90196,9.240581538,3.442359757,0
14.42691,33.59196,43.19644,2093.0957,0.22501,74.91204,9.179577863,3.419634283,0
14.4342,33.61989,43.20925,2087.92413,0.24255,74.92211,9.117834958,3.396633426,0
14.44147,33.64775,43.22291,2082.7831,0.25742,74.93217,9.055574678,3.373439834,0
14.44871,33.67554,43.23727,2077.67353,0.26959,74.94222,8.993013397,3.350134111,0
14.45593,33.70327,43.25218,2072.59621,0.27902,74.95225,8.930361302,3.326794557,0
14.46313,33.73093,43.2675,2067.55183,0.28572,74.96227,8.867821786,3.303496942,0
14.47031,33.75853,43.28306,2062.54097,0.28968,74.97228,8.805590935,3.280314312,0
14.47746,33.78606,43.29873,2057.5641,0.2909,74.98228,8.743857108,3.257316837,0
14.48459,33.81353,43.31435,2052.62158,0.28939,74.99226,8.68280061,3.234571686,0
14.4917,33.84094,43.32979,2047.71368,0.28518,75.00224,8.622593447,3.212142933,0
14.49879,33.86828,43.34488,2042.84055,0.27829,75.01221,8.563399149,3.1900915,0
14.50586,33.89555,43.35951,2038.00226,0.26876,75.02216,8.50537268,3.168475113,0
14.51291,33.92277,43.37352,2033.19878,0.25664,75.03211,8.448660396,3.147348295,0
14.51993,33.94992,43.38678,2028.42999,0.24195,75.04204,8.393400077,3.126762372,0
14.52694,33.97702,43.39917,2023.69569,0.22477,75.05196,8.339720994,3.106765502,0
14.53392,34.00405,43.41056,2018.99559,0.20515,75.06188,8.287744037,3.087402717,0
14.54088,34.03102,43.42082,2014.3293,0.18316,75.07179,8.237581865,3.068715989,0
14.54783,34.05793,43.42984,2009.69638,0.15886,75.08168,8.189339102,3.05074429,0
14.55475,34.08478,43.4375,2005.09631,0.13233,75.09157,8.143112548,3.033523682,0
14.56165,34.11157,43.44369,2000.52849,0.10365,75.10145,8.098991418,3.0170874,0
14.56853,34.13831,43.44832,1995.99225,0.07291,75.11132,8.05705759,3.001465946,0
14.57539,34.16498,43.45128,1991.48686,0.0402,75.12118,8.017385869,2.986687186,0
14.58223,34.1916,43.45248,1987.01154,0.0056,75.13103,7.98004425,2.972776451,0
14.58906,34.21816,43.45184,1982.56541,-0.03079,75.14088,7.945094184,2.959756632,0
14.59586,34.24466,43.44926,1978.14758,-0.06887,75.15072,7.912590847,2.947648283,0
14.60264,34.2711,43.44468,1973.75708,-0.10854,75.16055,7.882583396,2.936469718,0
14.6094,34.29749,43.43802,1969.39289,-0.1497,75.17037,7.855115218,2.926237099,0
14.61615,34.32382,43.42922,1965.05395,-0.19223,75.18018,7.830224167,2.916964528,0
14.62287,34.3501,43.41822,1960.73913,-0.23603,75.18999,7.807942791,2.908664129,0
14.62958,34.37632,43.40497,1956.44729,-0.28098,75.19979,7.788298539,2.901346128,0
14.63627,34.40249,43.38943,1952.17722,-0.32698,75.20958,7.771313949,2.895018922,0
14.64293,34.4286,43.37154,1947.92768,-0.37391,75.21937,7.757006824,2.889689141,0
14.64958,34.45465,43.35128,1943.6974,-0.42166,75.22915,7.745390377,2.885361709,0
14.65621,34.48065,43.32862,1939.48505,-0.4701,75.23892,7.73647337,2.882039889,0
14.66282,34.5066,43.30353,1935.28929,-0.51912,75.24868,7.730260214,2.879725325,0
14.66942,34.53249,43.27601,1931.10874,-0.56861,75.25844,7.726751066,2.878418075,0
14.67599,34.55833,43.24604,1926.94199,-0.61843,75.26819,7.725941888,2.878116635,0
14.68255,34.58411,43.21362,1922.78762,-0.66847,75.27794,7.727824493,2.878817955,0
14.68909,34.60984,43.17874,1918.64415,-0.71861,75.28768,7.732386571,2.880517449,0
14.6956,34.63552,43.14143,1914.5101,-0.76874,75.29741,7.739611688,2.883208995,0
14.70211,34.66114,43.10169,1910.38398,-0.81872,75.30713,7.749479271,2.886884929,0
14.70859,34.68671,43.05955,1906.26426,-0.86845,75.31685,7.761964567,2.891536031,0
14.71505,34.71223,43.01502,1902.14941,-0.91779,75.32656,7.777038596,2.897151503,0
14.7215,34.73769,42.96815,1898.03787,-0.96664,75.33627,7.794668074,2.903718948,0
14.72793,34.7631,42.91897,1893.9281,-1.01488,75.34596,7.814815332,2.911224331,0
14.73434,34.78845,42.86753,1889.81852,-1.06238,75.35565,7.837438215,2.91965195,0
14.74073,34.81376,42.81387,1885.70757,-1.10904,75.36534,7.862489972,2.928984389,0
14.7471,34.839,42.75806,1881.59367,-1.15474,75.37501,7.889919141,2.939202476,0
14.75346,34.8642,42.70014,1877.47525,-1.19937,75.38468,7.919669423,2.950285239,0
14.7598,34.88934,42.64019,1873.35076,-1.24281,75.39434,7.951679554,2.962209855,0
14.76612,34.91443,42.57827,1869.21862,-1.28497,75.404,7.985883173,2.974951603,0
14.77242,34.93946,42.51446,1865.0773,-1.32574,75.41365,8.022208699,2.988483817,0
14.7787,34.96444,42.44884,1860.92527,-1.36502,75.42328,8.060579208,3.002777842,0
14.78497,34.98937,42.3815,1856.76101,-1.4027,75.43292,8.10091232,3.017802987,0
14.79121,35.01424,42.31251,1852.58304,-1.4387,75.44254,8.143120096,3.033526494,0
14.79744,35.03906,42.24199,1848.38989,-1.47292,75.45215,8.187108957,3.049913502,0
14.80365,35.06382,42.17001,1844.18014,-1.50527,75.46176,8.232779616,3.066927025,0
14.80985,35.08853,42.09669,1839.9524,-1.53567,75.47136,8.280027041,3.084527933,0
14.81602,35.11318,42.02212,1835.7053,-1.56404,75.48095,8.328740434,3.102674954,0
14.82218,35.13778,41.94641,1831.43754,-1.59031,75.49053,8.378803257,3.121324673,0
14.82831,35.16232,41.86967,1827.14785,-1.6144,75.5001,8.430093279,3.140431556,0
14.83443,35.18681,41.79202,1822.83503,-1.63626,75.50966,8.482482671,3.159947983,0
14.84053,35.21124,41.71356,1818.49792,-1.65582,75.51922,8.53583814,3.179824299,0
14.84662,35.23561,41.63442,1814.13543,-1.67304,75.52876,8.590021108,3.20000888,0
14.85268,35.25993,41.55471,1809.74655,-1.68787,75.53829,8.644887943,3.220448219,0
14.85873,35.28419,41.47454,1805.33031,-1.70026,75.54782,8.700290239,3.241087032,0
14.86475,35.30839,41.39405,1800.88585,-1.71019,75.55733,8.756075148,3.261868379,0
14.87076,35.33253,41.31335,1796.41235,-1.71763,75.56683,8.812085772,3.28273381,0
14.87675,35.35662,41.23255,1791.90912,-1.72257,75.57632,8.868161605,3.303623533,0
14.88272,35.38064,41.15179,1787.37551,-1.72498,75.5858,8.924139033,3.324476598,0
14.88867,35.40461,41.07118,1782.81099,-1.72488,75.59527,8.979851893,3.345231104,0
14.8946,35.42852,40.99084,1778.21512,-1.72226,75.60472,9.035132081,3.365824429,0
14.90052,35.45237,40.91089,1773.58755,-1.71714,75.61417,9.089810214,3.386193472,0
14.90641,35.47615,40.83144,1768.92803,-1.70954,75.6236,9.14371634,3.406274922,0
14.91229,35.49988,40.75261,1764.23642,-1.69949,75.63302,9.196680696,3.426005539,0
14.91814,35.52355,40.67451,1759.51266,-1.68703,75.64242,9.248534502,3.445322446,0
14.92398,35.54715,40.59725,1754.75682,-1.6722,75.65182,9.299110789,3.464163443,0
14.92979,35.57069,40.52093,1749.96907,-1.65505,75.6612,9.34824526,3.482467326,0
14.93559,35.59417,40.44565,1745.14968,-1.63566,75.67056,9.39577716,3.50017421,0
14.94137,35.61759,40.37152,1740.29903,-1.6141,75.67992,9.441550174,3.517225862,0
14.94713,35.64094,40.29862,1735.41759,-1.59043,75.68925,9.48541331,3.533566034,0
14.95287,35.66423,40.22705,1730.50595,-1.56475,75.69858,9.527221793,3.549140794,0
14.95858,35.68746,40.15689,1725.56481,-1.53716,75.70789,9.56683793,3.563898847,0
14.96428,35.71062,40.08821,1720.59495,-1.50775,75.71718,9.604131958,3.577791854,0
14.96996,35.73372,40.02109,1715.59725,-1.47663,75.72646,9.638982857,3.590774731,0
14.97562,35.75675,39.9556,1710.57269,-1.44393,75.73573,9.671279113,3.602805936,0
14.98126,35.77971,39.8918,1705.52233,-1.40975,75.74498,9.700919432,3.613847735,0
14.98688,35.80261,39.82974,1700.44734,-1.37423,75.75421,9.727813394,3.623866443,0
14.99247,35.82545,39.76947,1695.34894,-1.33751,75.76343,9.751882027,3.632832642,0
14.99805,35.84821,39.71104,1690.22845,-1.29971,75.77263,9.773058314,3.640721367,0
15.00361,35.87091,39.65447,1685.08723,-1.26099,75.78182,9.79128761,3.647512259,0
15.00915,35.89355,39.59979,1679.92673,-1.22148,75.79099,9.806527971,3.653189694,0
15.01466,35.91611,39.54704,1674.74845,-1.18133,75.80014,9.81875039,3.657742867,0
15.02016,35.93861,39.49621,1669.55394,-1.1407,75.80928,9.827938938,3.661165843,0
15.02564,35.96104,39.44733,1664.34478,-1.09974,75.8184,9.834090804,3.663457575,0
15.03109,35.9834,39.40038,1659.12261,-1.0586,75.8275,9.837216241,3.664621882,0
15.03653,36.00569,39.35537,1653.88909,-1.01744,75.83659,9.837338414,3.664667395,0
15.04194,36.02792,39.31227,1648.6459,-0.97641,75.84566,9.834493158,3.663607462,0
15.04733,36.05007,39.27108,1643.39473,-0.93567,75.85472,9.828728633,3.661460025,0
15.05271,36.07216,39.23176,1638.1373,-0.89536,75.86375,9.820104915,3.658247463,0
15.05806,36.09418,39.19427,1632.87531,-0.85564,75.87277,9.808693487,3.653996406,0
15.06339,36.11612,39.15859,1627.61046,-0.81665,75.88178,9.794576671,3.648737521,0
15.06871,36.138,39.12466,1622.34444,-0.77854,75.89076,9.777846987,3.642505273,0
15.074,36.15981,39.09244,1617.07893,-0.74146,75.89973,9.758606462,3.635337671,0
15.07927,36.18155,39.06187,1611.81558,-0.70553,75.90868,9.736965888,3.627275988,0
15.08452,36.20323,39.03288,1606.556,-0.67088,75.91762,9.71304404,3.618364471,0
15.08975,36.22483,39.00541,1601.30178,-0.63765,75.92654,9.686966865,3.608650037,0
15.09496,36.24636,38.97939,1596.05445,-0.60596,75.93544,9.658866652,3.598181968,0
15.10015,36.26783,38.95475,1590.81552,-0.57591,75.94433,9.628881186,3.587011593,0
15.10532,36.28922,38.93139,1585.58643,-0.54763,75.9532,9.597152905,3.575191974,0
15.11047,36.31055,38.90925,1580.36858,-0.5212,75.96205,9.563828056,3.56277759,0
15.1156,36.3318,38.88824,1575.16329,-0.49672,75.97088,9.529055864,3.549824034,0
15.12071,36.35299,38.86826,1569.97185,-0.47428,75.9797,9.492987724,3.536387703,0
15.1258,36.37411,38.84922,1564.79545,-0.45396,75.98851,9.455776418,3.522525512,0
15.13087,36.39517,38.83103,1559.63525,-0.43583,75.9973,9.417575358,3.508294612,0
15.13592,36.41615,38.8136,1554.49231,-0.41995,76.00607,9.378537871,3.493752121,0
15.14095,36.43707,38.79682,1549.36765,-0.40638,76.01483,9.338816521,3.478954873,0
15.14596,36.45792,38.7806,1544.26219,-0.39517,76.02357,9.298562476,3.463959182,0
15.15095,36.4787,38.76483,1539.1768,-0.38636,76.03229,9.257924917,3.448820622,0
15.15592,36.49941,38.74943,1534.11225,-0.37997,76.041,9.2170505,3.433593826,0
15.16087,36.52006,38.73428,1529.06927,-0.37604,76.0497,9.176082859,3.418332302,0
15.16581,36.54064,38.71929,1524.04849,-0.37458,76.05838,9.135162165,3.403088267,0
15.17072,36.56116,38.70435,1519.05048,-0.37559,76.06705,9.094424726,3.387912499,0
15.17562,36.58161,38.68938,1514.07572,-0.37909,76.0757,9.05400264,3.372854209,0
15.18049,36.60199,38.67427,1509.12463,-0.38505,76.08434,9.014023493,3.357960924,0
15.18535,36.62231,38.65892,1504.19756,-0.39348,76.09296,8.974610095,3.343278397,0
15.19019,36.64256,38.64325,1499.29477,-0.40433,76.10157,8.935880269,3.328850517,0
15.19501,36.66275,38.62715,1494.41648,-0.4176,76.11017,8.897946669,3.314719253,0
15.19981,36.68287,38.61054,1489.5628,-0.43324,76.11875,8.860916642,3.300924594,0
15.20459,36.70293,38.59333,1484.73381,-0.45122,76.12732,8.824892123,3.287504513,0
15.20935,36.72293,38.57544,1479.92951,-0.47147,76.13588,8.789969559,3.274494939,0
15.2141,36.74286,38.55677,1475.14982,-0.49396,76.14442,8.756239864,3.26192974,0
15.21883,36.76273,38.53726,1470.39461,-0.51862,76.15295,8.723788395,3.249840714,0
15.22354,36.78254,38.51682,1465.6637,-0.54539,76.16147,8.692694957,3.23825759,0
15.22823,36.80228,38.49538,1460.95682,-0.57419,76.16997,8.663033824,3.227208037,0
15.2329,36.82196,38.47287,1456.27367,-0.60495,76.17847,8.634873771,3.216717677,0
15.23756,36.84158,38.44923,1451.61388,-0.6376,76.18695,8.608278133,3.206810102,0
15.24219,36.86114,38.42439,1446.97702,-0.67204,76.19542,8.583304861,3.197506901,0
15.24681,36.88064,38.3983,1442.36261,-0.70819,76.20387,8.560006597,3.188827685,0
15.25142,36.90008,38.37089,1437.77014,-0.74596,76.21232,8.538430747,3.180790113,0
15.256,36.91945,38.34213,1433.19902,-0.78525,76.22075,8.51861957,3.173409928,0
15.26057,36.93877,38.31195,1428.64864,-0.82595,76.22917,8.500610256,3.166700985,0
15.26512,36.95802,38.28033,1424.11831,-0.86798,76.23759,8.484435015,3.160675282,0
15.26966,36.97721,38.24722,1419.60734,-0.91122,76.24598,8.47012116,3.155342994,0
15.27417,36.99635,38.21259,1415.11497,-0.95556,76.25437,8.457691189,3.150712503,0
15.27867,37.01542,38.17641,1410.64041,-1.0009,76.26275,8.447162868,3.146790427,0
15.28316,37.03444,38.13866,1406.18283,-1.04712,76.27112,8.438549302,3.143581647,0
15.28762,37.0534,38.09931,1401.74138,-1.09412,76.27947,8.431859007,3.141089336,0
15.29207,37.07229,38.05836,1397.31514,-1.14177,76.28782,8.427095977,3.139314982,0
15.2965,37.09113,38.01578,1392.90321,-1.18995,76.29615,8.424259743,3.13825841,0
15.30092,37.10991,37.97158,1388.50463,-1.23856,76.30447,8.423345427,3.137917803,0
15.30532,37.12863,37.92574,1384.11841,-1.28747,76.31279,8.42434379,3.13828972,0
15.3097,37.1473,37.87828,1379.74355,-1.33657,76.32109,8.427241277,3.13936911,0
15.31407,37.1659,37.8292,1375.37904,-1.38574,76.32938,8.432020054,3.14114933,0
15.31842,37.18445,37.7785,1371.02383,-1.43485,76.33766,8.438658041,3.143622155,0
15.32275,37.20294,37.72621,1366.67685,-1.4838,76.34593,8.447128942,3.146777788,0
15.32707,37.22137,37.67234,1362.33704,-1.53247,76.35419,8.457402274,3.150604875,0
15.33137,37.23974,37.61692,1358.00332,-1.58073,76.36244,8.469443389,3.155090507,0
15.33565,37.25806,37.55997,1353.67458,-1.62848,76.37067,8.4832135,3.160220236,0
15.33992,37.27631,37.50152,1349.34973,-1.67561,76.3789,8.498669706,3.165978079,0
15.34417,37.29451,37.44161,1345.02767,-1.722,76.38712,8.515765014,3.172346531,0
15.34841,37.31266,37.38028,1340.7073,-1.76754,76.39532,8.534448374,3.179306574,0
15.35263,37.33074,37.31757,1336.38751,-1.81213,76.40352,8.554664712,3.186837692,0
15.35683,37.34877,37.25352,1332.06722,-1.85567,76.4117,8.576354966,3.194917882,0
15.36102,37.36674,37.18818,1327.74533,-1.89805,76.41987,8.599456138,3.203523677,0
15.36519,37.38465,37.1216,1323.42077,-1.93918,76.42803,8.623901352,3.212630162,0
15.36934,37.4025,37.05385,1319.09247,-1.97897,76.43618,8.64961992,3.222211005,0
15.37348,37.4203,36.98497,1314.75941,-2.01732,76.44432,8.676537428,3.232238485,0
15.3776,37.43804,36.91502,1310.42054,-2.05416,76.45245,8.704575828,3.242683527,0
15.38171,37.45572,36.84408,1306.07488,-2.08939,76.46056,8.733653553,3.253515745,0
15.3858,37.47334,36.77219,1301.72145,-2.12295,76.46867,8.763685648,3.264703491,0
15.38987,37.49091,36.69944,1297.35931,-2.15477,76.47676,8.794583918,3.276213909,0
15.39393,37.50841,36.62588,1292.98755,-2.18477,76.48484,8.826257094,3.288013,0
15.39797,37.52586,36.55158,1288.60529,-2.21291,76.49291,8.858611029,3.300065693,0
15.402,37.54325,36.47663,1284.21169,-2.23912,76.50097,8.89154891,3.31233592,0
15.40601,37.56058,36.40109,1279.80598,-2.26336,76.50901,8.924971491,3.32478671,0
15.41,37.57785,36.32503,1275.38738,-2.28558,76.51704,8.958777352,3.337380283,0
15.41398,37.59506,36.24852,1270.95522,-2.30575,76.52506,8.992863187,3.350078153,0
15.41794,37.61222,36.17165,1266.50883,-2.32385,76.53306,9.027124103,3.362841246,0
15.42189,37.62931,36.09449,1262.04761,-2.33984,76.54106,9.061453956,3.37563002,0
15.42581,37.64635,36.0171,1257.57102,-2.35373,76.54904,9.095745696,3.388404595,0
15.42973,37.66332,35.93957,1253.07858,-2.36549,76.557,9.129891745,3.401124897,0
15.43362,37.68024,35.86197,1248.56986,-2.37512,76.56495,9.163784384,3.413750797,0
15.4375,37.69709,35.78436,1244.04449,-2.38265,76.57289,9.197316167,3.426242268,0
15.44137,37.71389,35.70683,1239.50216,-2.38807,76.58082,9.230380347,3.438559545,0
15.44521,37.73062,35.62945,1234.94264,-2.39142,76.58873,9.262871309,3.450663284,0
15.44904,37.7473,35.55227,1230.36576,-2.39271,76.59663,9.294685029,3.462514731,0
15.45286,37.76391,35.47537,1225.7714,-2.392,76.60451,9.325719522,3.474075897,0
15.45666,37.78046,35.39881,1221.15952,-2.38932,76.61238,9.35587531,3.485309721,0
15.46044,37.79695,35.32266,1216.53014,-2.38472,76.62023,9.38505588,3.496180251,0
15.4642,37.81338,35.24698,1211.88336,-2.37826,76.62807,9.41316814,3.506652808,0
15.46795,37.82974,35.17181,1207.21934,-2.37001,76.63589,9.440122878,3.516694157,0
15.47168,37.84605,35.09723,1202.5383,-2.36004,76.6437,9.465835194,3.526272671,0
15.4754,37.86229,35.02327,1197.84052,-2.34843,76.65149,9.490224928,3.535358488,0
15.4791,37.87847,34.95,1193.12637,-2.33527,76.65926,9.513217067,3.543923665,0
15.48278,37.89459,34.87744,1188.39626,-2.32064,76.66702,9.534742125,3.551942316,0
15.48645,37.91064,34.80565,1183.65067,-2.30465,76.67477,9.554736501,3.559390747,0
15.4901,37.92663,34.73466,1178.89014,-2.28739,76.6825,9.5731428,3.566247578,0
15.49373,37.94256,34.6645,1174.11525,-2.26898,76.69021,9.589910132,3.57249385,0
15.49734,37.95842,34.59521,1169.32666,-2.24953,76.69791,9.604994357,3.578113121,0
15.50094,37.97422,34.52682,1164.52507,-2.22915,76.70559,9.618358309,3.583091544,0
15.50452,37.98996,34.45933,1159.71123,-2.20796,76.71325,9.629971966,3.587417937,0
15.50809,38.00563,34.39278,1154.88593,-2.1861,76.7209,9.63981258,3.591083825,0
15.51164,38.02124,34.32718,1150.05001,-2.16367,76.72853,9.647864764,3.594083475,0
15.51517,38.03678,34.26253,1145.20435,-2.14083,76.73614,9.654120534,3.596413914,0
15.51868,38.05226,34.19884,1140.34987,-2.11769,76.74374,9.658579298,3.598074921,0
15.52218,38.06767,34.13611,1135.48749,-2.09438,76.75132,9.661247815,3.599069014,0
15.52566,38.08302,34.07435,1130.6182,-2.07105,76.75888,9.662140091,3.59940141,0
15.52913,38.09831,34.01353,1125.743,-2.04782,76.76643,9.661277243,3.599079977,0
15.53257,38.11352,33.95366,1120.86289,-2.02483,76.77396,9.658687321,3.598115162,0
15.536,38.12868,33.89472,1115.97892,-2.00221,76.78147,9.654405082,3.596519916,0
15.53942,38.14377,33.83668,1111.09212,-1.98009,76.78897,9.648471737,3.594309589,0
15.54281,38.15879,33.77954,1106.20355,-1.95861,76.79645,9.640934656,3.591501827,0
15.54619,38.17375,33.72325,1101.31427,-1.93788,76.80391,9.631847045,3.588116453,0
15.54956,38.18864,33.6678,1096.42534,-1.91803,76.81135,9.621267595,3.58417533,0
15.5529,38.20347,33.61315,1091.53781,-1.89919,76.81878,9.609260105,3.579702224,0
15.55623,38.21823,33.55926,1086.65272,-1.88147,76.82619,9.595893088,3.574722658,0
15.55955,38.23293,33.50611,1081.77113,-1.86499,76.83358,9.581239352,3.569263756,0
15.56284,38.24756,33.45363,1076.89405,-1.84985,76.84096,9.56537558,3.563354084,0
15.56612,38.26213,33.4018,1072.0225,-1.83616,76.84832,9.54838189,3.557023487,0
15.56939,38.27663,33.35057,1067.15746,-1.82402,76.85567,9.530341393,3.550302927,0
15.57263,38.29107,33.29988,1062.2999,-1.81352,76.86299,9.511339752,3.543224316,0
15.57586,38.30544,33.2497,1057.45077,-1.80475,76.8703,9.491464737,3.53582035,0
15.57908,38.31975,33.19996,1052.61096,-1.79779,76.8776,9.470805788,3.528124348,0
15.58227,38.33399,33.15061,1047.78138,-1.79272,76.88488,9.449453584,3.52017009,0
15.58546,38.34817,33.1016,1042.96286,-1.7896,76.89214,9.427499622,3.511991662,0
15.58862,38.36228,33.05288,1038.15623,-1.7885,76.89938,9.405035812,3.503623301,0
15.59177,38.37633,33.00438,1033.36226,-1.78947,76.90661,9.382154077,3.495099253,0
15.5949,38.39032,32.95606,1028.58169,-1.79256,76.91383,9.358945983,3.486453627,0
15.59802,38.40424,32.90784,1023.81523,-1.79781,76.92102,9.335502373,3.477720266,0
15.60112,38.41809,32.85968,1019.06354,-1.80526,76.92821,9.311913034,3.468932616,0
15.6042,38.43189,32.81151,1014.32723,-1.81494,76.93537,9.288266373,3.460123613,0
15.60727,38.44562,32.76328,1009.60688,-1.82685,76.94253,9.264649117,3.451325564,0
15.61032,38.45928,32.71493,1004.90303,-1.84102,76.94966,9.241146039,3.442570049,0
15.61335,38.47288,32.66641,1000.21615,-1.85745,76.95679,9.217839701,3.433887825,0
15.61637,38.48642,32.61766,995.5467,-1.87614,76.96389,9.194810215,3.425308735,0
0.04767,0.04767,51.90172,5034.39737,-0.32275,45.00009,15.60989268,5.815095746,0
0.09527,0.09527,51.87093,5025.72756,-0.14476,45.0002,15.62370689,5.820241902,0
0.14278,0.14278,51.86359,5017.01953,0.03307,45.00033,15.58571134,5.806087559,0
0.1902,0.19021,51.87954,5008.30215,0.20988,45.00049,15.49680581,5.772967909,0
0.23755,0.23755,51.91852,4999.60381,0.38479,45.00067,15.35862481,5.721491852,0
0.28481,0.28481,51.98013,4990.95203,0.55698,45.00087,15.1734801,5.652520577,0
0.33199,0.33199,52.06389,4982.37306,0.72565,45.00109,14.94428392,5.567138967,0
0.37908,0.37909,52.16922,4973.89155,0.89006,45.00133,14.67445722,5.466621423,0
0.42609,0.42611,52.29544,4965.53034,1.04952,45.0016,14.36782768,5.352393851,0
0.47302,0.47304,52.44181,4957.31018,1.20343,45.00189,14.02852227,5.225993657,0
0.51987,0.51989,52.6075,4949.24961,1.35123,45.00221,13.66085927,5.089029516,0
0.56664,0.56667,52.79164,4941.36487,1.49245,45.00255,13.26924404,4.943142538,0
0.61333,0.61336,52.99328,4933.66982,1.62668,45.00292,12.85807209,4.789970169,0
0.66001,0.65992,53.20655,4926.184,1.67782,44.83683,12.44023725,4.634315699,-48.99999916
0.70675,0.70627,53.42577,4918.91819,1.72404,44.67601,12.02696574,4.480361185,-48.99999916
0.75355,0.75242,53.65031,4911.87064,1.76541,44.5204,11.61971811,4.328650729,-48.99999916
0.80041,0.79838,53.87953,4905.03886,1.80198,44.36995,11.21980152,4.179671278,-48.99999916
0.84731,0.84415,54.11283,4898.41961,1.83386,44.22456,10.82833927,4.033841291,-48.99999916
0.89426,0.88974,54.3496,4892.00909,1.86112,44.08415,10.44628024,3.891514248,-48.99999916
0.94127,0.93516,54.58927,4885.80296,1.88388,43.9486,10.07440975,3.752982706,-48.99999916
0.98831,0.98041,54.83126,4879.79647,1.90225,43.81778,9.713361463,3.618482719,-48.99999916
1.0354,1.0255,55.07503,4873.98452,1.91635,43.69158,9.363629801,3.488198473,-48.99999916
1.08252,1.07044,55.32005,4868.36174,1.92632,43.56985,9.025582676,3.362267024,-48.99999916
1.12969,1.11522,55.5658,4862.92257,1.93229,43.45245,8.69947414,3.240783014,-48.99999916
1.17689,1.15986,55.8118,4857.66126,1.93439,43.33924,8.38545679,3.123803289,-48.99999916
1.22413,1.20436,56.05756,4852.57201,1.93276,43.23007,8.083593709,3.011351349,-48.99999916
1.27139,1.24872,56.30263,4847.64894,1.92755,43.12479,7.793869826,2.903421579,-48.99999916
1.31869,1.29295,56.54658,4842.88619,1.91888,43.02325,7.51620258,2.799983224,-48.99999916
1.36602,1.33706,56.78898,4838.2779,1.90689,42.92529,7.250451838,2.70098408,-48.99999916
1.41338,1.38104,57.02944,4833.81829,1.89174,42.83078,6.996429022,2.606353898,-48.99999916
1.46076,1.42491,57.26756,4829.50164,1.87354,42.73956,6.75390544,2.516007482,-48.99999916
1.50817,1.46867,57.503,4825.32236,1.85243,42.65149,6.522619815,2.429847502,-48.99999916
1.55561,1.51231,57.73539,4821.27495,1.82854,42.56643,6.302285049,2.347767004,-48.99999916
1.60306,1.55585,57.96441,4817.35408,1.802,42.48424,6.092594244,2.269651662,-48.99999916
1.65054,1.59929,58.18974,4813.55454,1.77292,42.40479,5.893226024,2.195381754,-48.99999916
1.69804,1.64264,58.41109,4809.87126,1.74144,42.32795,5.703849202,2.124833905,-48.99999916
1.74557,1.68588,58.62816,4806.29936,1.70766,42.25359,5.524126844,2.057882598,-48.99999916
1.79311,1.72904,58.84068,4802.83409,1.6717,42.18158,5.353719776,1.994401482,-48.99999916
1.84067,1.7721,59.0484,4799.47089,1.63366,42.11182,5.19228959,1.93426449,-48.99999916
1.88825,1.81508,59.25108,4796.20534,1.59365,42.04419,5.039501192,1.877346791,-48.99999916
1.93584,1.85798,59.44849,4793.03318,1.55176,41.97857,4.895024944,1.823525588,-48.99999916
1.98345,1.90079,59.6404,4789.95032,1.50811,41.91486,4.758538444,1.772680775,-48.99999916
2.03108,1.94353,59.82661,4786.95282,1.46278,41.85295,4.629727986,1.72469549,-48.99999916
2.07873,1.98619,60.00693,4784.03688,1.41585,41.79276,4.508289734,1.679456546,-48.99999916
2.12638,2.02878,60.18118,4781.19885,1.36742,41.73418,4.393930663,1.636854783,-48.99999916
2.17406,2.07129,60.34917,4778.43523,1.31757,41.67712,4.286369275,1.596785336,-48.99999916
2.22175,2.11373,60.51075,4775.74264,1.26638,41.62149,4.185336138,1.559147834,-48.99999916
2.26945,2.15611,60.66576,4773.11783,1.21392,41.56722,4.090574276,1.523846547,-48.99999916
2.31716,2.19842,60.81406,4770.55767,1.16027,41.51422,4.001839416,1.490790477,-48.99999916
2.36489,2.24066,60.95552,4768.05915,1.10551,41.4624,3.918900136,1.459893413,-48.99999916
2.41264,2.28285,61.09,4765.61936,1.04969,41.41171,3.841537917,1.431073951,-48.99999916
2.46039,2.32496,61.21739,4763.23551,0.99288,41.36205,3.769547123,1.404255486,-48.99999916
2.50816,2.36702,61.33758,4760.90489,0.93516,41.31337,3.702734919,1.379366182,-48.99999916
2.55593,2.40902,61.45046,4758.62486,0.87657,41.26559,3.640921152,1.356338928,-48.99999916
2.60373,2.45097,61.55595,4756.39291,0.81719,41.21866,3.583938185,1.335111273,-48.99999916
2.65153,2.49285,61.65394,4754.20655,0.75706,41.17249,3.531630712,1.315625363,-48.99999916
2.69934,2.53468,61.74437,4752.06341,0.69624,41.12704,3.483855561,1.297827862,-48.99999916
2.74717,2.57646,61.82715,4749.96116,0.63479,41.08225,3.440481478,1.281669875,-48.99999916
2.795,2.61818,61.90222,4747.89751,0.57276,41.03805,3.401388913,1.267106866,-48.99999916
2.84285,2.65985,61.96952,4745.87025,0.5102,40.99439,3.36646981,1.254098581,-48.99999916
2.89071,2.70146,62.02898,4743.87719,0.44716,40.95122,3.335627397,1.242608971,-48.99999916
2.93858,2.74303,62.08057,4741.91621,0.38369,40.90847,3.308775992,1.232606116,-48.99999916
2.98647,2.78454,62.12423,4739.98518,0.31983,40.86609,3.285840822,1.224062162,-48.99999916
3.03436,2.826,62.15994,4738.08204,0.25564,40.82404,3.266757852,1.216953253,-48.99999916
3.08226,2.86742,62.18764,4736.20473,0.19115,40.78227,3.251473637,1.211259481,-48.99999916
3.13018,2.90878,62.20733,4734.35119,0.12642,40.7407,3.239945194,1.206964833,-48.99999916
3.1781,2.95009,62.21898,4732.5194,0.0615,40.69931,3.232139893,1.204057153,-48.99999916
3.22604,2.99136,62.22257,4730.70733,-0.00359,40.65804,3.228035365,1.202528108,-48.99999916
3.27399,3.03258,62.21809,4728.91295,-0.06878,40.61683,3.227619446,1.202373167,-48.99999916
3.32195,3.07375,62.20553,4727.13421,-0.13404,40.57564,3.230890125,1.203591581,-48.99999916
3.36992,3.11487,62.18491,4725.36908,-0.19932,40.53442,3.237855533,1.206186379,-48.99999916
3.41791,3.15595,62.15622,4723.61548,-0.26457,40.49311,3.24853394,1.210164367,-48.99999916
3.4659,3.19697,62.11948,4721.87131,-0.32976,40.45166,3.262953781,1.215536137,-48.99999916
3.51391,3.23795,62.0747,4720.13445,-0.39484,40.41003,3.281153706,1.222316088,-48.99999916
3.56193,3.27888,62.02191,4718.40275,-0.45976,40.36815,3.303182638,1.230522445,-48.99999916
3.60996,3.31976,61.96113,4716.67401,-0.52447,40.32598,3.329099868,1.240177295,-48.99999916
3.65801,3.3606,61.8924,4714.94596,-0.58893,40.28346,3.358975144,1.251306621,-48.99999916
3.70607,3.40138,61.81575,4713.21632,-0.6531,40.24054,3.392888799,1.26394035,-48.99999916
3.75414,3.44212,61.73124,4711.48273,-0.71691,40.19716,3.430931869,1.278112394,-48.99999916
3.80222,3.4828,61.63892,4709.74274,-0.78033,40.15326,3.473206237,1.293860709,-48.99999916
3.85032,3.52344,61.53884,4707.99386,-0.8433,40.10878,3.519824768,1.311227338,-48.99999916
3.89843,3.56403,61.43107,4706.23352,-0.90577,40.06366,3.570911458,1.330258474,-48.99999916
3.94655,3.60456,61.31568,4704.45904,-0.96768,40.01784,3.626601566,1.351004505,-48.99999916
3.99469,3.64505,61.19274,4702.66767,-1.02898,39.97125,3.687041746,1.373520062,-48.99999916
4.04285,3.68548,61.06235,4700.85655,-1.08962,39.92382,3.752390154,1.397864064,-48.99999916
4.09102,3.72585,60.9246,4699.02271,-1.14953,39.87548,3.822816536,1.424099744,-48.99999916
4.1392,3.76618,60.77958,4697.16309,-1.20865,39.82617,3.898502276,1.452294674,-48.99999916
4.1874,3.80644,60.6274,4695.27447,-1.26692,39.7758,3.979640405,1.482520761,-48.99999916
4.23562,3.84665,60.46818,4693.35355,-1.32427,39.72429,4.066435548,1.514854236,-48.99999916
4.28385,3.8868,60.30204,4691.39685,-1.38064,39.67157,4.159103808,1.549375601,-48.99999916
4.3321,3.9269,60.12911,4689.40078,-1.43595,39.61756,4.257872557,1.586169559,-48.99999916
4.38037,3.96693,59.94955,4687.36158,-1.49013,39.56215,4.362980132,1.625324896,-48.99999916
4.42865,4.0069,59.76349,4685.27537,-1.54311,39.50526,4.474675406,1.666934325,-48.99999916
4.47696,4.0468,59.57109,4683.13806,-1.5948,39.4468,4.593217223,1.71109427,-48.99999916
4.52528,4.08664,59.37254,4680.94543,-1.64512,39.38666,4.718873658,1.757904599,-48.99999916
4.57362,4.12642,59.168,4678.69307,-1.69399,39.32475,4.8519211,1.807468271,-48.99999916
4.62199,4.16612,58.95768,4676.3764,-1.74131,39.26095,4.992643105,1.859890921,-48.99999916
4.67037,4.20575,58.74177,4673.99065,-1.787,39.19515,5.141329011,1.915280333,-48.99999916
4.71878,4.24531,58.52049,4671.53086,-1.83096,39.12724,5.298272269,1.973745826,-48.99999916
4.76721,4.28479,58.29407,4668.99188,-1.87308,39.05709,5.463768461,2.035397512,-48.99999916
4.81566,4.32419,58.06275,4666.3684,-1.91327,38.98458,5.638112976,2.100345431,-48.99999916
4.86413,4.36351,57.82677,4663.65486,-1.95142,38.90958,5.821598293,2.16869854,-48.99999916
4.91263,4.40274,57.58642,4660.84558,-1.98741,38.83195,6.014510852,2.240563544,-48.99999916
4.96115,4.44189,57.34196,4657.93463,-2.02114,38.75156,6.217127469,2.316043565,-48.99999916
5.0097,4.48095,57.09369,4654.91594,-2.05248,38.66826,6.429711255,2.395236618,-48.99999916
5.05827,4.51991,56.84192,4651.78325,-2.08132,38.58191,6.652507024,2.478233905,-48.99999916
5.10687,4.55877,56.58697,4648.53015,-2.10753,38.49235,6.885736151,2.565117891,-48.99999916
5.1555,4.59754,56.32918,4645.15008,-2.13098,38.39943,7.129590862,2.655960187,-48.99999916
5.20416,4.63619,56.06891,4641.63634,-2.15155,38.30299,7.384227949,2.750819202,-48.99999916
5.25285,4.67474,55.80653,4637.98213,-2.1691,38.20287,7.649761919,2.849737592,-48.99999916
5.30157,4.71318,55.54242,4634.18056,-2.18351,38.0989,7.92625757,2.952739497,-48.99999916
5.35032,4.75149,55.27698,4630.22469,-2.19463,37.99093,8.21372205,3.05982758,-48.99999916
5.39911,4.78968,55.01063,4626.10756,-2.20235,37.87878,8.512096438,3.17097989,-48.99999916
5.44792,4.82775,54.7438,4621.82224,-2.20651,37.76229,8.821246933,3.286146584,-48.99999916
5.49677,4.86568,54.47694,4617.36183,-2.207,37.6413,9.140955753,3.405246531,-48.99999916
5.54566,4.90347,54.21051,4612.71959,-2.20369,37.51565,9.470911869,3.528163866,-48.99999916
5.59458,4.94112,53.94499,4607.88891,-2.19645,37.38517,9.810701761,3.654744541,-48.99999916
5.64354,4.97863,53.68087,4602.86344,-2.18515,37.24972,10.15980038,3.784792962,-48.99999916
5.69253,5.01597,53.41865,4597.63712,-2.1697,37.10916,10.51756257,3.918068789,-48.99999916
5.74157,5.05315,53.15885,4592.20423,-2.14998,36.96334,10.88321516,4.054284003,-48.99999916
5.79064,5.09017,52.902,4586.55954,-2.12589,36.81214,11.25585019,4.193100356,-48.99999916
5.83975,5.12701,52.64861,4580.6983,-2.09736,36.65545,11.63441933,4.334127322,-48.99999916
5.88891,5.16368,52.39925,4574.6164,-2.06431,36.49316,12.01773013,4.476920679,-48.99999916
5.9381,5.20015,52.15445,4568.3104,-2.02669,36.32521,12.40444423,4.620981856,-48.99999916
5.98734,5.23644,51.91476,4561.77764,-1.98445,36.15151,12.79307805,4.765758179,-48.99999916
6.03662,5.27252,51.68073,4555.01633,-1.93757,35.97203,13.18200616,4.910644133,-48.99999916
6.08594,5.3084,51.45292,4548.02561,-1.88605,35.78676,13.56946775,5.05498377,-48.99999916
6.1353,5.34406,51.23186,4540.80565,-1.82991,35.59569,13.95357636,5.198074337,-48.99999916
6.18471,5.37951,51.0181,4533.3577,-1.7692,35.39886,14.33233315,5.339171204,-48.99999916
6.23416,5.41472,50.81215,4525.6842,-1.70398,35.19633,14.70364362,5.477494124,-48.99999916
6.28366,5.44971,50.61454,4517.78876,-1.63435,34.98819,15.06533801,5.612234801,-48.99999916
6.3332,5.48445,50.42576,4509.67628,-1.56042,34.77456,15.415195,5.742565734,-48.99999916
6.38278,5.51895,50.24629,4501.35293,-1.48236,34.55561,15.75096855,5.867650218,-48.99999916
6.4324,5.5532,50.07657,4492.82618,-1.40033,34.33151,16.07041746,5.986653341,-48.99999916
6.48206,5.58719,49.91704,4484.10478,-1.31454,34.10249,16.37133697,6.098753776,-48.99999916
6.53177,5.62092,49.76808,4475.19877,-1.22523,33.8688,16.65159191,6.203156114,-48.99999916
6.58151,5.65437,49.63008,4466.1194,-1.13266,33.63072,16.90915038,6.299103424,-48.99999916
6.6313,5.68756,49.50334,4456.8791,-1.0371,33.38858,17.14211728,6.385889723,-48.99999916
6.68112,5.72047,49.38816,4447.49137,-0.93889,33.14271,17.34876654,6.462872008,-48.99999916
6.73098,5.75309,49.28478,4437.97074,-0.83833,32.89349,17.52757128,6.529481481,-48.99999916
6.78088,5.78543,49.19342,4428.33258,-0.7358,32.64131,17.67723094,6.585233641,-48.99999916
6.83081,5.81749,49.11423,4418.59303,-0.63165,32.38658,17.79669439,6.62973692,-48.99999916
6.88077,5.84925,49.04732,4408.76883,-0.52628,32.12973,17.8851785,6.662699577,-48.99999916
6.93076,5.88071,48.99275,4398.87718,-0.42007,31.87122,17.94218139,6.683934654,-48.99999916
6.98079,5.91189,48.95056,4388.93558,-0.31343,31.61149,17.96749013,6.693362826,-48.99999916
7.03084,5.94277,48.92071,4378.96168,-0.20675,31.351,17.9611825,6.691013067,-48.99999916
7.08091,5.97335,48.90313,4368.97309,-0.10045,31.09021,17.92362293,6.677021141,-48.99999916
7.13101,6.00364,48.89768,4358.98726,0.00507,30.82958,17.85545283,6.651625985,-48.99999916
7.18113,6.03363,48.90422,4349.0213,0.10944,30.56957,17.75757558,6.615164134,-48.99999916
7.23126,6.06332,48.92253,4339.09184,0.21225,30.3106,17.6311369,6.5680624,-48.99999916
7.28142,6.09273,48.95235,4329.21491,0.31315,30.0531,17.4775012,6.510829056,-48.99999916
7.33159,6.12184,48.99341,4319.4058,0.41178,29.79749,17.2982247,6.444043844,-48.99999916
7.38177,6.15067,49.04537,4309.679,0.50781,29.54414,17.09502633,6.368347105,-48.99999916
7.43197,6.17921,49.10787,4300.04806,0.60094,29.29341,16.86975705,6.284428372,-48.99999916
7.48217,6.20748,49.18053,4290.52553,0.69086,29.04565,16.6243687,6.193014753,-48.99999916
7.53238,6.23546,49.26293,4281.12295,0.77733,28.80116,16.36088301,6.094859401,-48.99999916
7.5826,6.26317,49.35462,4271.85077,0.86011,28.56022,16.08136166,5.990730345,-48.99999916
7.63282,6.29061,49.45514,4262.71832,0.93897,28.3231,15.78787792,5.88139993,-48.99999916
7.68304,6.31779,49.56402,4253.73385,1.01374,28.08999,15.48249042,5.76763505,-48.99999916
7.73327,6.34471,49.68075,4244.9045,1.08427,27.86111,15.16721949,5.650188334,-48.99999916
7.78349,6.37138,49.80483,4236.23633,1.15041,27.63662,14.84402636,5.529790388,-48.99999916
7.83371,6.3978,49.93573,4227.73438,1.21206,27.41664,14.51479529,5.407143153,-48.99999916
7.88393,6.42397,50.07294,4219.40265,1.26914,27.2013,14.18131885,5.282914403,-48.99999916
7.93415,6.44991,50.21592,4211.24422,1.32159,26.99066,13.84528614,5.157733379,-48.99999916
7.98436,6.47562,50.36415,4203.26123,1.36937,26.78478,13.50827403,5.032187501,-48.99999916
8.03456,6.5011,50.51709,4195.45501,1.41246,26.5837,13.17174104,4.906820106,-48.99999916
8.08476,6.52636,50.67422,4187.8261,1.45087,26.38743,12.83702379,4.782129125,-48.99999916
8.13494,6.5514,50.83502,4180.37432,1.48463,26.19596,12.50533573,4.658566594,-48.99999916
8.18512,6.57624,50.99897,4173.09885,1.51375,26.00926,12.17776779,4.536538918,-48.99999916
8.23529,6.60087,51.16557,4165.99828,1.5383,25.82728,11.85529079,4.416407749,-48.99999916
8.28545,6.62531,51.33432,4159.07065,1.55835,25.64996,11.5387592,4.298491406,-48.99999916
8.3356,6.64955,51.50473,4152.31358,1.57395,25.47723,11.22891614,4.183066712,-48.99999916
8.38573,6.6736,51.67632,4145.72425,1.58522,25.30901,10.92639914,4.07037117,-48.99999916
8.43586,6.69748,51.84864,4139.2995,1.59222,25.14519,10.63174666,3.960605371,-48.99999916
8.48597,6.72117,52.02122,4133.03587,1.59508,24.98568,10.34540504,3.853935581,-48.99999916
8.53607,6.74469,52.19363,4126.92964,1.5939,24.83036,10.06773562,3.750496416,-48.99999916
8.58616,6.76805,52.36545,4120.9769,1.58879,24.67911,9.799022094,3.650393558,-48.99999916
8.63624,6.79124,52.53627,4115.17356,1.57987,24.5318,9.539477744,3.553706458,-48.99999916
8.6863,6.81428,52.70569,4109.5154,1.56726,24.38832,9.289252549,3.46049099,-48.99999916
8.73635,6.83716,52.87334,4103.99809,1.55108,24.24852,9.048440082,3.370782009,-48.99999916
8.78639,6.85989,53.03884,4098.61725,1.53147,24.11227,8.817084089,3.284595815,-48.99999916
8.83641,6.88248,53.20184,4093.36845,1.50854,23.97945,8.595184738,3.201932468,-48.99999916
8.88643,6.90493,53.36201,4088.24722,1.48242,23.84991,8.382704474,3.122777979,-48.99999916
8.93642,6.92723,53.51903,4083.24912,1.45325,23.72352,8.179573473,3.047106336,-48.99999916
8.98641,6.9494,53.67258,4078.3697,1.42114,23.60015,7.985694689,2.974881388,-48.99999916
9.03638,6.97145,53.82238,4073.60454,1.38621,23.47965,7.80094848,2.906058564,-48.99999916
9.08634,6.99336,53.96813,4068.94929,1.34861,23.3619,7.625196831,2.84058645,-48.99999916
9.13629,7.01515,54.10958,4064.39961,1.30843,23.24676,7.45828718,2.778408214,-48.99999916
9.18622,7.03682,54.24647,4059.95124,1.26582,23.13411,7.30005587,2.719462887,-48.99999916
9.23614,7.05837,54.37857,4055.59999,1.22087,23.02381,7.150331239,2.663686523,-48.99999916
9.28605,7.0798,54.50563,4051.34171,1.17372,22.91574,7.008936378,2.611013217,-48.99999916
9.33594,7.10112,54.62746,4047.17235,1.12447,22.80977,6.875691572,2.561376021,-48.99999916
9.38582,7.12233,54.74384,4043.08793,1.07323,22.70578,6.750416462,2.514707746,-48.99999916
9.43569,7.14342,54.85458,4039.08451,1.02012,22.60366,6.632931931,2.470941667,-48.99999916
9.48555,7.16442,54.95951,4035.15826,0.96524,22.50328,6.523061761,2.430012138,-48.99999916
9.5354,7.1853,55.05846,4031.3054,0.9087,22.40453,6.420634066,2.391855127,-48.99999916
9.58523,7.20609,55.15126,4027.52223,0.8506,22.3073,6.325482531,2.356408676,-48.99999916
9.63505,7.22677,55.23778,4023.80511,0.79104,22.21147,6.237447475,2.323613302,-48.99999916
9.68486,7.24735,55.31787,4020.15045,0.73012,22.11694,6.156376764,2.293412329,-48.99999916
9.73464,7.26788,55.39379,4016.54943,0.71295,22.12237,6.080086234,2.264992099,0
9.78438,7.2884,55.46775,4012.99484,0.69406,22.12783,6.006525264,2.237588702,0
9.83406,7.3089,55.53957,4009.48557,0.67351,22.13333,5.935762317,2.211227642,0
9.88371,7.3294,55.60908,4006.02044,0.65136,22.13885,5.867853431,2.185929795,0
9.9333,7.34989,55.67614,4002.59824,0.62767,22.14441,5.802846651,2.16171306,0
9.98286,7.37036,55.74058,3999.21772,0.60251,22.14999,5.740782762,2.138592628,0
10.03237,7.39083,55.80225,3995.87759,0.57594,22.15561,5.681695987,2.116581249,0
10.08183,7.41129,55.86103,3992.57653,0.54801,22.16126,5.625614665,2.095689482,0
10.13126,7.43174,55.91677,3989.31318,0.51879,22.16694,5.5725619,2.075925931,0
10.18064,7.45218,55.96935,3986.08616,0.48836,22.17265,5.522556166,2.057297479,0
10.22998,7.47262,56.01866,3982.89407,0.45676,22.1784,5.475611888,2.0398095,0
10.27927,7.49304,56.06457,3979.73548,0.42408,22.18418,5.431739987,2.023466063,0
10.32853,7.51346,56.10699,3976.60893,0.39037,22.18999,5.39094838,2.008270116,0
10.37774,7.53387,56.14582,3973.51295,0.3557,22.19584,5.353242454,1.994223666,0
10.42692,7.55427,56.18096,3970.44605,0.32013,22.20172,5.318625498,1.981327939,0
10.47606,7.57467,56.21234,3967.40672,0.28374,22.20763,5.2870991,1.969583527,0
10.52515,7.59505,56.23988,3964.39344,0.24659,22.21358,5.258663507,1.95899052,0
10.57421,7.61543,56.26351,3961.40466,0.20875,22.21956,5.233317952,1.949548634,0
10.62323,7.63581,56.28316,3958.43881,0.17028,22.22558,5.211060944,1.941257313,0
10.6722,7.65618,56.29878,3955.49433,0.13124,22.23162,5.191890528,1.934115829,0
10.72114,7.67654,56.31033,3952.56963,0.09172,22.23771,5.175804506,1.928123362,0
10.77005,7.69689,56.31775,3949.66309,0.05177,22.24383,5.162800627,1.923279075,0
10.81891,7.71724,56.32102,3946.7731,0.01146,22.24998,5.152876751,1.91958217,0
10.86774,7.73758,56.32011,3943.89801,-0.02914,22.25616,5.146030975,1.917031938,0
10.91653,7.75792,56.315,3941.03617,-0.06997,22.26239,5.142261727,1.915627794,0
10.96528,7.77824,56.30567,3938.18592,-0.11096,22.26864,5.141567835,1.915369301,0
11.01399,7.79857,56.29212,3935.34556,-0.15203,22.27493,5.143948567,1.916256187,0
11.06267,7.81889,56.27434,3932.51339,-0.19313,22.28126,5.149403629,1.918288341,0
11.11131,7.8392,56.25235,3929.68769,-0.23419,22.28761,5.15793315,1.921465812,0
11.15991,7.8595,56.22616,3926.86673,-0.27513,22.29401,5.169537625,1.925788784,0
11.20847,7.87981,56.19579,3924.04874,-0.3159,22.30043,5.18421783,1.931257547,0
11.257,7.9001,56.16127,3921.23196,-0.35641,22.3069,5.201974716,1.937872454,0
11.30549,7.92039,56.12263,3918.4146,-0.39662,22.31339,5.222809259,1.945633869,0
11.35395,7.94067,56.07991,3915.59484,-0.43644,22.31992,5.24672229,1.954542103,0
11.40236,7.96095,56.03317,3912.77086,-0.47581,22.32649,5.273714291,1.964597333,0
11.45074,7.98123,55.98245,3909.94083,-0.51466,22.33308,5.303785157,1.975799522,0
11.49909,8.00149,55.92783,3907.10288,-0.55293,22.33972,5.336933932,1.988148313,0
11.54739,8.02176,55.86936,3904.25513,-0.59054,22.34638,5.373158506,2.00164292,0
11.59566,8.04201,55.80713,3901.3957,-0.62743,22.35308,5.412455289,2.016282005,0
11.64389,8.06226,55.74122,3898.52268,-0.66353,22.35981,5.454818843,2.032063544,0
11.69208,8.08251,55.67172,3895.63414,-0.69878,22.36657,5.500241486,2.048984674,0
11.74024,8.10275,55.59873,3892.72817,-0.73309,22.37337,5.548712868,2.067041539,0
11.78835,8.12298,55.52234,3889.8028,-0.76641,22.3802,5.600219507,2.086229117,0
11.83643,8.14321,55.44268,3886.85611,-0.79867,22.38706,5.654744296,2.106541036,0
11.88447,8.16343,55.35985,3883.88612,-0.8298,22.39396,5.712265988,2.127969379,0
11.93247,8.18365,55.27398,3880.89087,-0.85973,22.40088,5.772758636,2.150504482,0
11.98043,8.20386,55.1852,3877.86842,-0.88841,22.40784,5.836191022,2.174134715,0
12.02835,8.22407,55.09364,3874.81678,-0.91575,22.41483,5.902526052,2.198846259,0
12.07623,8.24427,54.99946,3871.73402,-0.9417,22.42184,5.971720134,2.224622875,0
12.12407,8.26446,54.9028,3868.61819,-0.9662,22.42889,6.04372253,2.251445662,0
12.17187,8.28464,54.80381,3865.46736,-0.98917,22.43597,6.118474706,2.279292815,0
12.21963,8.30482,54.70266,3862.27963,-1.01057,22.44308,6.195909666,2.308139375,0
12.26735,8.32499,54.59951,3859.05309,-1.03032,22.45022,6.275951282,2.337956983,0
12.31502,8.34516,54.49454,3855.78591,-1.04837,22.45738,6.358513634,2.368713631,0
12.36265,8.36531,54.38793,3852.47626,-1.06467,22.46458,6.443500356,2.400373421,0
12.41024,8.38547,54.27986,3849.12237,-1.07916,22.4718,6.530804008,2.432896329,0
12.45779,8.40561,54.17051,3845.72251,-1.09178,22.47905,6.620305473,2.46623798,0
12.50529,8.42574,54.06009,3842.27502,-1.1025,22.48633,6.711873399,2.500349441,0
12.55275,8.44587,53.94879,3838.77828,-1.11125,22.49363,6.805363686,2.535177033,0
12.60016,8.46599,53.83682,3835.23077,-1.118,22.50096,6.900619045,2.57066216,0
12.64752,8.4861,53.72433,3831.63114,-1.12356,22.52461,6.997511038,2.606756977,5.999999898
12.69483,8.50623,53.61149,3827.97809,-1.12705,22.54852,7.095899839,2.643409394,5.999999898
12.74209,8.52635,53.49851,3824.27032,-1.12844,22.57272,7.195590818,2.680546907,5.999999898
12.78929,8.54649,53.38562,3820.50661,-1.12769,22.59719,7.296375054,2.718091687,5.999999898
12.83644,8.56662,53.27301,3816.68589,-1.12479,22.62195,7.39802944,2.75596062,5.999999898
12.88354,8.58676,53.16092,3812.80717,-1.11971,22.64699,7.500316831,2.794065365,5.999999898
12.93057,8.60691,53.04956,3808.86963,-1.11244,22.67231,7.60298635,2.832312462,5.999999898
12.97756,8.62706,52.93916,3804.87256,-1.10296,22.69792,7.705773858,2.870603513,5.999999898
13.02448,8.64722,52.82992,3800.81543,-1.09129,22.72382,7.808402583,2.908835414,5.999999898
13.07134,8.66738,52.72206,3796.69783,-1.07741,22.75001,7.910583947,2.94690066,5.999999898
13.11815,8.68754,52.61582,3792.51956,-1.06135,22.77648,8.012018566,2.984687725,5.999999898
13.1649,8.70771,52.51139,3788.28056,-1.04311,22.80323,8.112397447,3.022081499,5.999999898
13.21158,8.72789,52.40899,3783.98095,-1.02272,22.83026,8.211403373,3.058963811,5.999999898
13.25821,8.74806,52.30884,3779.62107,-1.00021,22.85758,8.308712477,3.095214013,5.999999898
13.30477,8.76824,52.21113,3775.20142,-0.97563,22.88516,8.403995995,3.130709631,5.999999898
13.35127,8.78843,52.11606,3770.7227,-0.94901,22.91302,8.496922195,3.165327085,5.999999898
13.3977,8.80862,52.02383,3766.18581,-0.9204,22.94114,8.587158458,3.198942467,5.999999898
13.44407,8.82881,51.93463,3761.59185,-0.88988,22.96951,8.674373502,3.231432366,5.999999898
13.49037,8.849,51.84863,3756.94213,-0.85751,22.99814,8.758239722,3.26267474,5.999999898
13.53661,8.8692,51.76601,3752.23815,-0.82336,23.02701,8.838435625,3.292549823,5.999999898
13.58278,8.8894,51.68693,3747.48161,-0.78752,23.05611,8.914648323,3.320941059,5.999999898
13.62888,8.9096,51.61154,3742.6744,-0.75008,23.08543,8.986576065,3.347736035,5.999999898
13.67492,8.92981,51.53999,3737.81861,-0.71114,23.11497,9.053930758,3.372827431,5.999999898
13.72088,8.95002,51.47241,3732.91649,-0.67079,23.14471,9.116440453,3.396113937,5.999999898
13.76677,8.97023,51.40892,3727.97049,-0.62916,23.17465,9.173851757,3.417501158,5.999999898
13.8126,8.99044,51.34963,3722.98321,-0.58636,23.20476,9.225932125,3.436902465,5.999999898
13.85835,9.01066,51.29465,3717.9574,-0.5425,23.23503,9.272472007,3.454239796,5.999999898
13.90403,9.03087,51.24405,3712.89597,-0.49772,23.26546,9.313286811,3.469444385,5.999999898
13.94964,9.05109,51.19791,3707.80194,-0.45215,23.29603,9.348218638,3.482457409,5.999999898
13.99518,9.07131,51.15629,3702.67845,-0.40593,23.32673,9.377137778,3.493230549,5.999999898
14.04064,9.09153,51.11923,3697.52874,-0.35918,23.35753,9.39994393,3.501726441,5.999999898
14.08603,9.11175,51.08676,3692.35614,-0.31205,23.38843,9.416567126,3.507919019,5.999999898
14.13134,9.13198,51.0589,3687.16403,-0.26469,23.41942,9.426968347,3.511793748,5.999999898
14.17658,9.1522,51.03566,3681.95585,-0.21724,23.45047,9.431139816,3.51334773,5.999999898
14.22175,9.17243,51.01701,3676.73508,-0.16984,23.48156,9.42910497,3.512589696,5.999999898
14.26684,9.19265,51.00295,3671.50519,-0.12263,23.5127,9.42091811,3.509539875,5.999999898
14.31186,9.21288,50.99343,3666.26968,-0.07576,23.54386,9.406663733,3.504229745,5.999999898
14.3568,9.23311,50.98839,3661.032,-0.02937,23.57502,9.386455573,3.496701673,5.999999898
14.40167,9.25333,50.98777,3655.79557,0.01641,23.60618,9.360435348,3.487008455,5.999999898
14.44646,9.27356,50.9915,3650.56379,0.06143,23.63731,9.328771262,3.47521275,5.999999898
14.49118,9.29379,50.99948,3645.33995,0.10558,23.66841,9.291656267,3.461386438,5.999999898
14.53583,9.31402,51.01162,3640.12727,0.14871,23.69946,9.249306132,3.445609898,5.999999898
14.58039,9.33424,51.02779,3634.9289,0.1907,23.73045,9.201957342,3.427971228,5.999999898
14.62489,9.35447,51.04787,3629.74786,0.23145,23.76136,9.149864869,3.408565411,5.999999898
14.66931,9.3747,51.07173,3624.58704,0.27084,23.79219,9.093299849,3.387493453,5.999999898
14.71366,9.39493,51.09922,3619.44924,0.30876,23.82292,9.032547191,3.364861489,5.999999898
14.75793,9.41515,51.13019,3614.33709,0.34511,23.85355,8.967903175,3.340779892,5.999999898
14.80213,9.43538,51.16448,3609.25309,0.37981,23.88405,8.899673044,3.315362373,5.999999898
14.84626,9.45561,51.20191,3604.19958,0.41277,23.91444,8.828168647,3.288725104,5.999999898
14.89031,9.47583,51.24231,3599.17877,0.4439,23.94469,8.753706142,3.260985862,5.999999898
14.93429,9.49606,51.2855,3594.19268,0.47315,23.9748,8.676603797,3.232263209,5.999999898
14.9782,9.51629,51.33129,3589.24319,0.50044,24.00477,8.597179902,3.202675719,5.999999898
15.02204,9.53651,51.37948,3584.332,0.52572,24.03458,8.51575082,3.172341243,5.999999898
15.06581,9.55674,51.42988,3579.46067,0.54894,24.06423,8.432629182,3.141376246,5.999999898
15.10951,9.57696,51.48229,3574.63058,0.57006,24.09373,8.34812224,3.109895187,5.999999898
15.15314,9.59719,51.53651,3569.84295,0.58905,24.12305,8.262530397,3.078009973,5.999999898
15.1967,9.61742,51.59233,3565.09886,0.60588,24.15221,8.176145894,3.045829473,5.999999898
15.2402,9.63764,51.64954,3560.39922,0.62052,24.1812,8.089251684,3.013459093,5.999999898
15.28362,9.65787,51.70793,3555.74479,0.63297,24.21002,8.002120471,2.981000424,5.999999898
15.32698,9.67809,51.76731,3551.13618,0.64322,24.23867,7.915013916,2.94855094,5.999999898
15.37028,9.69832,51.82746,3546.57387,0.65127,24.26714,7.828182011,2.916203771,5.999999898
15.41351,9.71855,51.88818,3542.0582,0.65712,24.29544,7.741862598,2.884047518,5.999999898
15.45667,9.73877,51.94926,3537.58936,0.66079,24.32358,7.656281043,2.852166138,5.999999898
15.49977,9.759,52.01051,3533.16744,0.66228,24.35154,7.57165004,2.820638862,5.999999898
15.5428,9.77923,52.07171,3528.7924,0.66163,24.37934,7.488169536,2.789540178,5.999999898
15.58577,9.79946,52.13269,3524.46407,0.65885,24.40697,7.406026773,2.758939837,5.999999898
15.62869,9.81969,52.19323,3520.1822,0.65398,24.43445,7.325396431,2.728902913,5.999999898
15.67153,9.83992,52.25316,3515.94642,0.64705,24.46177,7.246440851,2.699489882,5.999999898
15.71432,9.86015,52.31229,3511.75627,0.63811,24.48894,7.169310345,2.670756739,5.999999898
15.75705,9.88038,52.37043,3507.61119,0.62719,24.51596,7.094143566,2.642755136,5.999999898
15.79972,9.90062,52.42742,3503.51055,0.61434,24.54284,7.021067933,2.615532541,5.999999898
15.84233,9.92085,52.48307,3499.45362,0.59961,24.56958,6.950200101,2.589132408,5.999999898
15.88488,9.94109,52.53723,3495.4396,0.58306,24.59619,6.881646462,2.563594374,5.999999898
15.92737,9.96132,52.58973,3491.46764,0.56473,24.62267,6.815503679,2.538954447,5.999999898
15.9698,9.98156,52.64041,3487.53679,0.54469,24.64903,6.751859231,2.515245216,5.999999898
16.01218,10.00181,52.68914,3483.64608,0.52299,24.67528,6.690791968,2.492496054,5.999999898
16.05451,10.02205,52.73576,3479.79444,0.4997,24.70143,6.632372676,2.47073333,5.999999898
16.09677,10.04229,52.78014,3475.98078,0.47487,24.72747,6.576664627,2.449980616,5.999999898
16.13899,10.06254,52.82214,3472.20395,0.44859,24.75342,6.523724137,2.430258891,5.999999898
16.18114,10.08279,52.86165,3468.46273,0.4209,24.77929,6.473601096,2.411586739,5.999999898
16.22325,10.10304,52.89855,3464.7559,0.39189,24.80507,6.426339494,2.393980549,5.999999898
16.2653,10.1233,52.93271,3461.08217,0.36161,24.83079,6.381977917,2.377454694,5.999999898
16.30729,10.14355,52.96404,3457.44022,0.33015,24.85643,6.340550029,2.362021716,5.999999898
16.34924,10.16381,52.99244,3453.82869,0.29756,24.88203,6.302085023,2.347692489,5.999999898
16.39113,10.18408,53.01782,3450.24619,0.26393,24.90757,6.266608051,2.334476383,5.999999898
16.43297,10.20434,53.0401,3446.69131,0.22933,24.93307,6.234140616,2.32238141,5.999999898
16.47475,10.22461,53.05919,3443.16259,0.19383,24.95854,6.204700947,2.311414358,5.999999898
16.51649,10.24488,53.07502,3439.65855,0.15751,24.98399,6.178304332,2.301580925,5.999999898
16.55818,10.26515,53.08753,3436.17769,0.12043,25.00941,6.154963428,2.292885824,5.999999898
16.59981,10.28543,53.09667,3432.71848,0.08268,25.03483,6.134688535,2.285332893,5.999999898
16.6414,10.30571,53.10238,3429.27936,0.04434,25.06024,6.117487839,2.278925181,5.999999898
16.68293,10.32599,53.10462,3425.85876,0.00547,25.08566,6.103367623,2.273665029,5.999999898
16.72441,10.34628,53.10335,3422.45507,-0.03385,25.11109,6.092332446,2.269554135,5.999999898
16.76585,10.36657,53.09854,3419.06667,-0.07353,25.13655,6.08438529,2.26659361,5.999999898
16.80723,10.38687,53.09018,3415.69192,-0.1135,25.16204,6.079527674,2.264784021,5.999999898
16.84857,10.40716,53.07824,3412.32917,-0.15369,25.18756,6.077759738,2.264125418,5.999999898
16.88985,10.42747,53.06272,3408.97671,-0.19402,25.21313,6.079080291,2.264617359,5.999999898
16.93109,10.44777,53.04361,3405.63286,-0.2344,25.23876,6.083486832,2.266258911,5.999999898
16.97228,10.46808,53.02092,3402.2959,-0.27477,25.26445,6.090975538,2.269048651,5.999999898
17.01342,10.48839,52.99467,3398.9641,-0.31504,25.29021,6.101541217,2.272984645,5.999999898
17.05451,10.50871,52.96486,3395.63569,-0.35514,25.31605,6.115177239,2.278064422,5.999999898
17.09555,10.52903,52.93154,3392.30892,-0.39498,25.34197,6.131875426,2.284284936,5.999999898
17.13654,10.54936,52.89472,3388.982,-0.4345,25.36799,6.151625919,2.291642514,5.999999898
17.17748,10.56969,52.85445,3385.65314,-0.47361,25.39412,6.174417009,2.300132795,5.999999898
17.21838,10.59002,52.81078,3382.32052,-0.51224,25.42035,6.200234948,2.309750656,5.999999898
17.25922,10.61036,52.76375,3378.98234,-0.55031,25.44671,6.229063719,2.320490132,5.999999898
17.30001,10.6307,52.71344,3375.63677,-0.58774,25.4732,6.260884786,2.332344317,5.999999898
17.34076,10.65104,52.6599,3372.28196,-0.62446,25.49982,6.295676816,2.345305263,5.999999898
17.38146,10.67139,52.6032,3368.91607,-0.66039,25.52658,6.333415367,2.359363866,5.999999898
17.4221,10.69175,52.54344,3365.53726,-0.69545,25.55349,6.374072565,2.374509742,5.999999898
17.4627,10.7121,52.48068,3362.14367,-0.72957,25.58057,6.417616738,2.390731093,5.999999898
17.50325,10.73247,52.41504,3358.73346,-0.76268,25.60781,6.464012049,2.408014567,5.999999898
17.54374,10.75283,52.34659,3355.30478,-0.7947,25.63523,6.51321809,2.426345112,5.999999898
17.58419,10.7732,52.27546,3351.85579,-0.82557,25.66283,6.565189469,2.445705818,5.999999898
17.62458,10.79358,52.20175,3348.38465,-0.8552,25.69062,6.619875381,2.466077759,5.999999898
17.66492,10.81396,52.12557,3344.88954,-0.88353,25.71861,6.677219165,2.487439827,5.999999898
17.70522,10.83434,52.04706,3341.36865,-0.91048,25.7468,6.73715785,2.509768564,5.999999898
17.74546,10.85472,51.96633,3337.82021,-0.93601,25.77521,6.799621705,2.533037994,5.999999898
17.78564,10.87512,51.88353,3334.24245,-0.96002,25.80383,6.864533784,2.557219451,5.999999898