0.050737,0.044015,56.731139,4976.405106,-0.536345,45.001571,3.096985,1.165557,0.010113
0.093169,0.093420,56.650610,4974.798214,-0.578397,44.995108,3.140752,1.170025,-0.005603
0.134791,0.153875,56.570696,4973.183112,-0.607275,44.995623,3.167480,1.181906,-0.008242
0.196333,0.196017,56.492030,4971.573442,-0.646836,44.995895,3.205083,1.192659,0.001207
0.226566,0.243674,56.414880,4969.941304,-0.682156,45.004801,3.241514,1.213993,0.002018
0.279157,0.280986,56.314030,4968.284540,-0.712946,45.005490,3.282897,1.216825,0.004504
0.322797,0.334345,56.217424,4966.636466,-0.748446,45.003571,3.327095,1.238309,0.007221
0.369447,0.374444,56.128452,4964.954827,-0.777986,45.003801,3.365074,1.245357,-0.001477
0.433540,0.416453,56.019499,4963.270969,-0.827190,45.011143,3.411957,1.271595,0.001170
0.477339,0.465834,55.917323,4961.553400,-0.850477,44.998819,3.463944,1.288700,0.005720
0.507760,0.514685,55.789501,4959.811390,-0.880802,45.000235,3.520159,1.312703,-0.000586
0.559166,0.570818,55.677719,4958.062725,-0.916663,45.008763,3.572346,1.328583,-0.003243
0.614245,0.607805,55.555473,4956.283877,-0.944799,44.999326,3.634505,1.356521,-0.001492
0.662636,0.657016,55.429212,4954.477663,-0.977258,45.007397,3.696161,1.382316,-0.000470
0.710067,0.699888,55.304393,4952.653802,-1.000366,45.001678,3.759575,1.402464,0.004445
0.751317,0.738262,55.172694,4950.788185,-1.030875,45.006035,3.831192,1.428001,-0.003923
0.792010,0.797665,55.034312,4948.896512,-1.050760,45.006502,3.901154,1.447971,0.000133
0.853656,0.837192,54.902258,4946.966584,-1.079044,45.010105,3.963894,1.469218,-0.007062
0.885135,0.889052,54.758581,4945.007112,-1.110374,45.012755,4.040424,1.511504,-0.006244
0.941927,0.948421,54.603239,4943.008443,-1.130762,45.017026,4.126094,1.532407,0.001931
0.986141,0.989530,54.475466,4940.954682,-1.146055,45.013123,4.206386,1.572949,0.007033
1.039415,1.028101,54.317695,4938.876352,-1.165795,45.019674,4.297223,1.598532,0.008242
1.076301,1.072572,54.168467,4936.745606,-1.179476,45.014916,4.384528,1.636348,0.001481
1.125724,1.126875,54.020490,4934.577088,-1.197264,45.023108,4.477933,1.665300,0.001414
1.164404,1.170116,53.853069,4932.349679,-1.218277,45.010710,4.576210,1.707379,0.005564
1.207966,1.216725,53.700911,4930.084717,-1.226938,45.026216,4.668095,1.740557,0.008741
1.266519,1.260791,53.543564,4927.755220,-1.237078,45.023951,4.765411,1.783766,-0.004764
1.310346,1.315522,53.383572,4925.369898,-1.249191,45.020175,4.876127,1.812712,-0.009963
1.351682,1.357949,53.225461,4922.939630,-1.255808,45.025764,4.976432,1.856649,0.008947
1.404813,1.407459,53.057044,4920.449622,-1.255216,45.028543,5.084152,1.895397,0.004822
1.434274,1.442256,52.907000,4917.887765,-1.255948,45.019117,5.192785,1.932341,-0.010512
1.490425,1.493811,52.732270,4915.275564,-1.260412,45.031600,5.306317,1.983485,0.001850
1.543223,1.543250,52.575308,4912.596496,-1.269237,45.031393,5.441606,2.017049,-0.008212
1.594863,1.593825,52.414736,4909.829939,-1.269348,45.031911,5.549294,2.066862,0.000995
1.636870,1.638971,52.246126,4907.021949,-1.266075,45.030748,5.671057,2.115592,-0.000811
1.688367,1.685656,52.087149,4904.145322,-1.248987,45.036987,5.802688,2.151116,0.001426
1.731268,1.722588,51.929386,4901.181857,-1.241328,45.051699,5.914507,2.212207,-0.005599
1.773433,1.783713,51.764694,4898.164518,-1.228795,45.041341,6.045652,2.251359,-0.004332
1.820252,1.822592,51.603391,4895.055107,-1.230304,45.038343,6.178648,2.296268,-0.004485
1.871774,1.863321,51.457906,4891.877569,-1.210328,45.040804,6.308458,2.341705,0.000161
1.911394,1.919125,51.306648,4888.627459,-1.188686,45.051494,6.435464,2.389415,-0.003183
1.955824,1.960105,51.154648,4885.294739,-1.176905,45.052391,6.557685,2.436800,0.003535
2.007415,2.016079,50.998570,4881.882115,-1.153491,45.049115,6.683339,2.493439,-0.003760
2.049670,2.050914,50.849514,4878.400322,-1.126427,45.046297,6.815427,2.544770,-0.001504
2.099854,2.101808,50.710841,4874.829020,-1.096282,45.060612,6.949646,2.585176,0.001408
2.143040,2.143635,50.564550,4871.195656,-1.076584,45.060410,7.071599,2.630613,-0.002415
2.184934,2.179008,50.430183,4867.480225,-1.052014,45.050924,7.196957,2.687485,0.001830
2.239584,2.241215,50.302590,4863.682881,-1.016943,45.060057,7.315411,2.730298,-0.000906
2.278639,2.281989,50.177110,4859.804077,-0.996169,45.072842,7.452453,2.769073,-0.003827
2.335345,2.330662,50.055274,4855.854872,-0.946454,45.068925,7.562140,2.816745,0.001365
2.382235,2.383502,49.941994,4851.834812,-0.903476,45.066349,7.673857,2.862896,-0.002051
2.422986,2.422596,49.829479,4847.737128,-0.877907,45.071970,7.777001,2.906209,-0.009883
2.462946,2.457742,49.720530,4843.576957,-0.829561,45.080425,7.888711,2.932369,-0.002464
2.515075,2.515561,49.605460,4839.350711,-0.809312,45.166459,7.998648,2.968409,37.005663
2.568019,2.565592,49.501289,4835.060353,-0.800876,45.245510,8.099267,3.016197,37.005621
2.594957,2.605185,49.405960,4830.703950,-0.776847,45.353176,8.197803,3.062426,36.994832
2.643299,2.661441,49.307731,4826.285569,-0.757808,45.428075,8.296163,3.099504,37.005212
2.688872,2.694040,49.213359,4821.824254,-0.738170,45.515720,8.393133,3.127834,36.994573
2.740783,2.745652,49.123255,4817.290491,-0.717666,45.618294,8.480561,3.159183,37.000786
2.785087,2.793220,49.029443,4812.698773,-0.698716,45.706966,8.577123,3.204162,37.007404
2.829211,2.847136,48.952491,4808.073360,-0.671430,45.807797,8.666471,3.225282,37.004140
2.873263,2.877003,48.860746,4803.361886,-0.647343,45.902891,8.748327,3.262716,37.004727
2.914094,2.928246,48.779550,4798.627658,-0.627303,46.002221,8.833261,3.285991,37.005505
2.965971,2.978375,48.703930,4793.809755,-0.599963,46.101329,8.910100,3.313064,37.008917
3.009124,3.020358,48.635495,4788.971043,-0.573228,46.209714,8.991751,3.350252,36.992847
3.050839,3.072007,48.555072,4784.058969,-0.535139,46.307103,9.056977,3.375807,36.999649
3.091085,3.120863,48.487172,4779.115466,-0.512205,46.406933,9.115973,3.399402,37.000269
3.144743,3.158767,48.435971,4774.137494,-0.479165,46.496521,9.180463,3.420463,36.996640
3.178334,3.213950,48.374473,4769.104905,-0.456027,46.604550,9.249331,3.441118,36.994699
3.230862,3.256804,48.318779,4764.035914,-0.423329,46.722384,9.288096,3.461445,37.000185
3.267944,3.303702,48.269807,4758.940431,-0.391260,46.821950,9.329843,3.471199,36.992783
3.316419,3.353839,48.223841,4753.804748,-0.352920,46.927986,9.372657,3.498562,37.000923
3.357613,3.398041,48.173674,4748.637888,-0.319128,47.032553,9.399952,3.498388,37.007705
3.403502,3.442376,48.139681,4743.444588,-0.278859,47.139027,9.436324,3.520810,36.999951
3.448682,3.492867,48.108520,4738.243770,-0.248820,47.237921,9.470753,3.520725,37.000744
3.487339,3.528656,48.078956,4733.006898,-0.220875,47.347565,9.474857,3.524656,36.999162
3.535592,3.578289,48.065922,4727.758266,-0.181830,47.450937,9.488987,3.545084,36.994654
3.582397,3.626984,48.042792,4722.497460,-0.150391,47.566508,9.496133,3.536049,37.004155
3.625979,3.672836,48.020042,4717.219912,-0.118204,47.671843,9.499634,3.533824,36.997889
3.660883,3.721951,48.008544,4711.926109,-0.070281,47.779823,9.495488,3.525229,37.000602
3.703089,3.780414,48.010696,4706.649100,-0.040856,47.886456,9.488249,3.528554,37.004536
3.738801,3.820945,48.005259,4701.356643,-0.022804,47.999666,9.468328,3.521124,37.000548
3.783455,3.857980,47.996898,4696.079888,0.020424,48.105411,9.445817,3.520686,37.000183
3.833240,3.909843,48.001948,4690.789444,0.050096,48.212020,9.417290,3.514730,37.001232
3.872424,3.957643,48.000833,4685.517074,0.087677,48.321142,9.377629,3.496187,36.994892
3.917122,4.007552,48.019123,4680.257416,0.116700,48.427805,9.342936,3.482832,37.014539
3.949505,4.048368,48.037389,4675.010728,0.147572,48.534365,9.308434,3.458744,36.994333
3.996655,4.096640,48.063018,4669.790611,0.174053,48.646144,9.262648,3.446436,36.992937
4.029237,4.146240,48.086364,4664.584803,0.207087,48.743646,9.212555,3.431681,36.997067
4.073653,4.191986,48.108189,4659.396720,0.240230,48.850931,9.155325,3.420090,36.997374
4.111956,4.237778,48.136385,4654.230366,0.263971,48.962392,9.093252,3.393115,36.999300
4.156366,4.286922,48.179071,4649.102056,0.290896,49.063086,9.030104,3.369287,36.999635
4.199931,4.341102,48.211161,4643.998166,0.316520,49.169907,8.955945,3.334647,37.007176
4.237009,4.383854,48.245737,4638.933240,0.343070,49.272471,8.886980,3.320675,36.996016
4.273910,4.431408,48.296065,4633.886142,0.366211,49.389246,8.818681,3.281814,36.998431
4.322335,4.470769,48.342680,4628.880444,0.381382,49.477717,8.736097,3.259437,36.998881
4.361018,4.528503,48.390208,4623.918758,0.419481,49.587385,8.666751,3.227418,37.003290
4.411335,4.558789,48.433050,4618.988475,0.427089,49.687311,8.586354,3.194051,37.002478
4.452360,4.623794,48.493519,4614.106124,0.451554,49.777822,8.508470,3.170382,37.000546
4.484513,4.665220,48.553806,4609.269252,0.471313,49.871563,8.419362,3.134264,36.999274
4.522543,4.707936,48.610518,4604.452512,0.473214,49.977916,8.338438,3.099477,36.993564
4.570354,4.761489,48.649616,4599.704691,0.499501,50.073215,8.243779,3.071955,37.000954
4.600675,4.806271,48.721270,4594.984948,0.508238,50.182293,8.167317,3.035864,36.994379
4.637256,4.855184,48.792683,4590.317302,0.522429,50.267982,8.072770,3.013420,37.002874
4.679959,4.897918,48.847574,4585.702925,0.527378,50.374532,7.981481,2.972887,37.000850
4.713480,4.951587,48.901727,4581.114385,0.536740,50.464640,7.901047,2.946636,37.003742
4.750905,4.992101,48.985751,4576.599405,0.560072,50.550410,7.820491,2.917473,36.990217
4.797034,5.039091,49.038154,4572.115626,0.554135,50.654035,7.727486,2.873487,37.001724
4.828909,5.094060,49.115997,4567.679784,0.557627,50.731970,7.639784,2.842316,37.000714
4.870687,5.138870,49.170397,4563.284170,0.558851,50.836085,7.561478,2.816920,36.994113
4.904775,5.182291,49.244318,4558.946153,0.561564,50.925539,7.480515,2.781227,36.996810
4.945142,5.238081,49.303778,4554.652138,0.558458,51.009675,7.386527,2.755824,36.997680
4.990749,5.277303,49.369227,4550.416955,0.557071,51.091442,7.315436,2.725124,37.009381
5.029818,5.333126,49.439737,4546.201560,0.547752,51.193923,7.226103,2.694324,37.000244
5.063110,5.380198,49.516326,4542.043668,0.548875,51.266922,7.144007,2.665616,36.995853
5.099175,5.422811,49.565020,4537.942598,0.555609,51.347081,7.076233,2.627787,37.007948
5.137460,5.475863,49.628549,4533.863537,0.551005,51.445517,6.996053,2.600060,37.010410
5.175731,5.522464,49.703644,4529.854090,0.531540,51.529118,6.917111,2.568457,37.000152
5.210797,5.563123,49.758114,4525.874549,0.519467,51.614683,6.841725,2.556104,37.001030
5.254022,5.620017,49.815908,4521.939626,0.516953,51.697776,6.778703,2.523005,36.994813
5.294030,5.661292,49.876920,4518.045913,0.494260,51.775562,6.696939,2.496353,36.999705
5.327470,5.709295,49.948191,4514.183319,0.485506,51.861254,6.629764,2.474704,36.998239
5.360474,5.764784,49.987141,4510.378348,0.470955,51.944434,6.571081,2.448490,36.993706
5.398547,5.803640,50.051763,4506.600578,0.453212,52.028135,6.511616,2.425730,37.005916
5.436668,5.858552,50.103102,4502.869786,0.442187,52.101985,6.454912,2.405422,36.999858
5.467267,5.903679,50.155027,4499.156455,0.427016,52.190719,6.390208,2.383005,36.999535
5.509858,5.952841,50.211809,4495.504126,0.412803,52.263570,6.334019,2.355422,36.992079
5.545586,5.996737,50.246200,4491.871465,0.397073,52.337997,6.284419,2.338163,36.996431
5.595536,6.035416,50.296409,4488.274113,0.378478,52.415622,6.239415,2.322364,37.003617
5.621107,6.082000,50.341686,4484.702980,0.351834,52.497217,6.192476,2.309584,36.998034
5.655216,6.136719,50.392736,4481.173084,0.329183,52.575378,6.152405,2.288733,37.004797
5.694307,6.194849,50.416777,4477.663318,0.312350,52.640103,6.102759,2.272916,37.007528
5.731667,6.238551,50.454731,4474.197342,0.277961,52.730383,6.071168,2.257979,37.004175
5.764545,6.286487,50.493575,4470.743761,0.266650,52.797824,6.025933,2.246787,36.998829
5.807124,6.330599,50.512639,4467.315714,0.240261,52.874445,5.995660,2.226388,37.010120
5.838840,6.372383,50.538550,4463.924498,0.221193,52.954165,5.957412,2.220389,37.006346
5.871219,6.420057,50.570198,4460.548641,0.190595,53.028708,5.928499,2.213278,37.000442
5.902541,6.472042,50.592623,4457.194365,0.170215,53.101889,5.910399,2.196884,36.998983
5.932738,6.523663,50.615305,4453.856182,0.147462,53.174192,5.885380,2.193705,36.994960
5.975650,6.572474,50.630441,4450.552598,0.115343,53.247781,5.859597,2.179702,36.995739
6.016670,6.622468,50.634137,4447.257473,0.089969,53.337439,5.846858,2.177898,36.995730
6.055491,6.666700,50.642484,4443.968252,0.060337,53.398916,5.835601,2.167016,36.993526
6.081846,6.715426,50.653451,4440.706879,0.030116,53.470932,5.812781,2.159736,37.005359
6.125828,6.768436,50.662967,4437.466581,0.010936,53.547130,5.796477,2.166658,37.002015
6.157939,6.807413,50.658660,4434.214727,-0.022913,53.621620,5.792552,2.166413,37.002962
6.201359,6.852212,50.653590,4430.988699,-0.055088,53.690312,5.790875,2.156031,37.003476
6.225771,6.910496,50.651355,4427.768706,-0.063973,53.703549,5.792592,2.160455,0.003944
6.269543,6.954530,50.632739,4424.547911,-0.065316,53.699416,5.780366,2.154634,0.005195
6.305983,7.011856,50.626170,4421.335219,-0.061293,53.715616,5.778886,2.157540,-0.002836
6.335471,7.055851,50.613976,4418.124023,-0.066018,53.712534,5.792791,2.152176,0.002957
6.366728,7.101916,50.615944,4414.919632,-0.077300,53.734301,5.777261,2.147092,0.009444
6.403219,7.141958,50.606328,4411.710943,-0.081103,53.739343,5.774991,2.156919,-0.005839
6.441872,7.194151,50.589657,4408.499145,-0.095039,53.753787,5.775545,2.161513,-0.008195
6.472257,7.249193,50.569862,4405.299846,-0.105790,53.745846,5.775538,2.155146,-0.001948
6.519296,7.290259,50.570569,4402.092784,-0.105939,53.749604,5.776320,2.146622,0.004533
6.542991,7.342189,50.551823,4398.888126,-0.108842,53.762818,5.793489,2.155506,-0.008816
6.585687,7.388931,50.546187,4395.695051,-0.117020,53.774214,5.795691,2.152390,-0.002492
6.619152,7.421984,50.526231,4392.480144,-0.123536,53.776109,5.785306,2.162176,-0.000041
6.650162,7.485297,50.499840,4389.274989,-0.135822,53.787068,5.798322,2.167894,0.005861
6.679521,7.527328,50.490140,4386.080268,-0.131720,53.793876,5.793139,2.165908,0.002827
6.718705,7.579618,50.480607,4382.873031,-0.145426,53.805042,5.801973,2.167373,0.010272
6.754810,7.628911,50.473740,4379.657589,-0.158284,53.808397,5.806346,2.157864,0.003740
6.788704,7.678803,50.450280,4376.444612,-0.162887,53.806614,5.820579,2.173297,0.007750
6.826360,7.716000,50.426769,4373.243442,-0.170617,53.823009,5.824511,2.164311,0.009076
6.856886,7.763400,50.403450,4370.031999,-0.170498,53.827336,5.837702,2.171355,0.004475
6.886252,7.815164,50.387868,4366.822759,-0.193798,53.830014,5.840399,2.178097,-0.004400
6.928480,7.869392,50.356548,4363.605815,-0.193107,53.847661,5.855192,2.179594,0.000219
6.956064,7.910234,50.331119,4360.378061,-0.196164,53.846242,5.857626,2.183807,0.006246
6.998353,7.960167,50.309101,4357.145998,-0.211322,53.858434,5.862384,2.186707,0.009318
7.023526,8.005126,50.285174,4353.915219,-0.215202,53.870937,5.879971,2.198270,-0.000630
7.067341,8.048876,50.261967,4350.693214,-0.220365,53.876809,5.896665,2.190647,0.005753
7.107294,8.103851,50.230843,4347.445657,-0.215433,53.875800,5.899263,2.201837,0.002259
7.123202,8.150716,50.210309,4344.205018,-0.225874,53.887026,5.919905,2.202396,0.001735
7.169470,8.193799,50.188742,4340.944769,-0.233861,53.888946,5.938854,2.204131,-0.008834
7.196166,8.241818,50.151173,4337.689097,-0.248812,53.902308,5.942240,2.220806,0.002831
7.232460,8.285329,50.129437,4334.432367,-0.259045,53.909639,5.950064,2.224306,0.001859
7.271606,8.335356,50.096090,4331.156353,-0.254780,53.921924,5.968602,2.214599,-0.001608
7.303937,8.378650,50.075105,4327.888152,-0.258662,53.922148,5.988236,2.229078,-0.002311
7.331789,8.433880,50.049416,4324.590542,-0.259813,53.935666,5.997693,2.231240,-0.004911
7.371733,8.480558,50.013667,4321.303212,-0.272502,53.944674,6.009593,2.244756,-0.012180
7.401936,8.518309,49.992110,4318.004523,-0.283060,53.945199,6.032938,2.246886,-0.001894
7.423453,8.570395,49.951757,4314.697783,-0.275633,53.952488,6.057792,2.261311,0.001065
7.479732,8.620431,49.919317,4311.365266,-0.282409,53.953104,6.070732,2.265972,0.000689
7.505108,8.662515,49.887851,4308.045443,-0.278625,53.959379,6.087453,2.271165,0.002211
7.542832,8.713627,49.853667,4304.707835,-0.289897,53.969074,6.109246,2.271384,0.005221
7.576892,8.754773,49.822978,4301.362870,-0.291772,53.986796,6.125427,2.272722,0.001346
7.604719,8.803907,49.793777,4298.013670,-0.299361,53.992011,6.149438,2.293582,0.000130
7.649828,8.856917,49.764626,4294.642776,-0.299163,54.004532,6.160852,2.296040,-0.003918
7.668150,8.891402,49.718581,4291.276226,-0.296449,54.006821,6.185770,2.299423,-0.005132
7.705291,8.950779,49.692814,4287.884624,-0.310908,54.022834,6.200981,2.314649,-0.004663
7.743909,9.000433,49.659602,4284.486596,-0.302780,54.020372,6.225365,2.320251,0.006770
7.778436,9.035865,49.627882,4281.079817,-0.307295,54.033036,6.243500,2.324387,-0.001590
7.809295,9.086729,49.587389,4277.660073,-0.301272,54.043649,6.264742,2.342115,-0.007031
7.840050,9.145050,49.555144,4274.245045,-0.302052,54.051054,6.288552,2.337838,0.000900
7.875546,9.185467,49.520313,4270.800431,-0.308559,54.062444,6.297786,2.342705,0.002264
7.908230,9.229944,49.476771,4267.346502,-0.301007,54.068015,6.330266,2.342654,0.003034
7.942707,9.271606,49.453996,4263.891550,-0.312671,54.077192,6.342294,2.367262,0.001709
7.981675,9.329638,49.418376,4260.415018,-0.311094,54.080134,6.370667,2.373670,0.006847
8.008519,9.375704,49.380119,4256.931726,-0.302773,54.090974,6.392076,2.374727,-0.003082
8.042546,9.415396,49.352501,4253.429743,-0.306268,54.099861,6.413574,2.377124,-0.005731
8.077788,9.453817,49.308024,4249.913543,-0.299182,54.110880,6.426777,2.393587,0.008286
8.113320,9.520212,49.276220,4246.405423,-0.306236,54.127696,6.451199,2.402363,-0.002304
8.137935,9.562784,49.243974,4242.870551,-0.305369,54.125602,6.462266,2.411230,0.005674
8.181329,9.604559,49.214038,4239.332324,-0.299001,54.134159,6.484804,2.427636,-0.007842
8.209040,9.648222,49.175887,4235.778409,-0.297986,54.143375,6.504421,2.414866,0.002413
8.253770,9.694802,49.142802,4232.208911,-0.291864,54.151499,6.522967,2.426638,-0.004912
8.279215,9.729388,49.115776,4228.636942,-0.288265,54.160761,6.537422,2.438135,-0.007438
8.314501,9.790937,49.085372,4225.053716,-0.290967,54.168183,6.563551,2.438472,0.003459
8.349303,9.841666,49.051420,4221.444864,-0.277999,54.180816,6.576579,2.451844,0.002698
8.387211,9.876391,49.022319,4217.826839,-0.280783,54.192529,6.602658,2.468683,0.008471
8.417840,9.925615,48.994662,4214.210075,-0.280861,54.194287,6.617019,2.465239,-0.003494
8.440155,9.969920,48.956133,4210.576785,-0.272632,54.206754,6.630635,2.470567,-0.002705
8.478485,10.016391,48.934462,4206.937670,-0.266509,54.208354,6.649285,2.478081,0.000229
8.506785,10.065537,48.903626,4203.284371,-0.258740,54.217661,6.671593,2.487063,0.005903
8.536051,10.107794,48.874512,4199.615875,-0.261530,54.224411,6.686887,2.486344,0.008298
8.567893,10.154446,48.846909,4195.955626,-0.247731,54.234850,6.702795,2.489473,0.001649
8.606603,10.199482,48.810217,4192.276130,-0.253866,54.240614,6.719604,2.498165,-0.004498
8.643618,10.244149,48.791497,4188.568376,-0.240451,54.248413,6.723993,2.497401,-0.011570
8.672378,10.304514,48.764212,4184.880697,-0.237558,54.260052,6.736176,2.503017,-0.000121
8.697741,10.335396,48.734731,4181.165833,-0.235641,54.280456,6.745537,2.512116,-0.002842
8.733536,10.386660,48.717633,4177.456376,-0.225107,54.275550,6.757830,2.515499,0.000316
8.762352,10.437138,48.683080,4173.738224,-0.216541,54.290685,6.766222,2.521135,0.001734
8.796670,10.477980,48.668662,4169.990193,-0.214395,54.290998,6.783317,2.528330,0.000820
8.843947,10.530984,48.640521,4166.262984,-0.210633,54.305202,6.796752,2.525750,0.005946
8.871251,10.571610,48.615853,4162.519176,-0.199843,54.313454,6.800550,2.533327,0.010410
8.900618,10.615450,48.595271,4158.755748,-0.193249,54.322895,6.807727,2.538004,-0.005483
8.935399,10.651477,48.571546,4155.005334,-0.188923,54.340906,6.806435,2.538379,0.008786
8.963750,10.704560,48.553654,4151.237873,-0.178126,54.349763,6.824278,2.543252,-0.006042
8.992877,10.755388,48.541691,4147.473010,-0.168052,54.356483,6.832600,2.541808,-0.001041
9.035561,10.801654,48.520993,4143.707742,-0.164018,54.363912,6.836119,2.548621,-0.007989
9.058711,10.849305,48.511305,4139.923980,-0.166555,54.373682,6.830699,2.540783,0.000931
9.113420,10.890085,48.486580,4136.144462,-0.158915,54.383496,6.839399,2.546706,0.010950
9.124438,10.935804,48.466489,4132.356592,-0.144976,54.385337,6.842105,2.555686,0.003517
9.158617,10.974386,48.450206,4128.564154,-0.137991,54.396776,6.851142,2.555474,0.004502
9.189794,11.023717,48.440289,4124.770097,-0.130061,54.408508,6.849061,2.546139,-0.003567
9.235037,11.077842,48.424843,4120.982428,-0.132251,54.423907,6.850787,2.559461,0.000855
9.261114,11.115674,48.404703,4117.189116,-0.118619,54.430103,6.847305,2.543569,-0.001729
9.291755,11.165055,48.395672,4113.386060,-0.126688,54.438169,6.842301,2.550368,0.004932
9.323272,11.200595,48.388234,4109.583293,-0.107066,54.449159,6.857343,2.552106,-0.001155
9.357678,11.249995,48.376076,4105.788101,-0.100140,54.455652,6.852754,2.555897,-0.002161
9.384541,11.290178,48.369813,4101.981549,-0.104685,54.460687,6.840753,2.553765,-0.002137
9.404641,11.345317,48.355598,4098.181113,-0.091467,54.465875,6.849726,2.539924,-0.006289
9.447520,11.389602,48.343508,4094.384599,-0.084370,54.487964,6.843780,2.551527,-0.005802
9.479375,11.435192,48.327851,4090.587395,-0.080332,54.491461,6.840914,2.540390,-0.006545
9.513627,11.481756,48.325639,4086.780651,-0.086744,54.501876,6.832028,2.547817,-0.004928
9.537397,11.522132,48.319941,4082.998228,-0.076909,54.507221,6.819731,2.545213,0.005160
9.572705,11.567602,48.307410,4079.199706,-0.062362,54.516261,6.818659,2.538469,-0.002684
9.603276,11.615696,48.298209,4075.407393,-0.072356,54.523405,6.810288,2.543596,-0.010037
9.640002,11.661570,48.297700,4071.617255,-0.058869,54.544608,6.805151,2.544256,0.001689
9.670927,11.703763,48.284889,4067.821407,-0.045943,54.554190,6.797362,2.539186,-0.000877
9.696200,11.746689,48.291666,4064.052541,-0.046631,54.561075,6.794958,2.539707,0.001136
9.723398,11.790206,48.277490,4060.258249,-0.041759,54.570458,6.788680,2.529314,-0.002909
9.774403,11.849073,48.271733,4056.478768,-0.045459,54.575326,6.777440,2.527365,0.004321
9.793585,11.897198,48.276338,4052.707106,-0.035412,54.585875,6.761120,2.527967,-0.002402
9.832336,11.930524,48.266491,4048.942162,-0.041702,54.599998,6.751145,2.510097,-0.002085
9.863355,11.975018,48.272961,4045.175727,-0.035200,54.608038,6.749167,2.511239,0.006013
9.889885,12.018979,48.260918,4041.410613,-0.029390,54.614687,6.743612,2.508929,-0.003442
9.921605,12.069298,48.256904,4037.659404,-0.031787,54.630072,6.733580,2.509611,-0.000099
9.960637,12.105084,48.255144,4033.898326,-0.032609,54.639203,6.733912,2.502814,-0.004940
9.994802,12.155770,48.251481,4030.160958,-0.034959,54.647326,6.712155,2.504254,-0.007481
10.011336,12.203059,48.235890,4026.422422,-0.028227,54.660522,6.705607,2.489455,0.011136
10.052164,12.247740,48.250373,4022.692664,-0.033115,54.669456,6.692194,2.488458,0.006585
10.077375,12.275906,48.239722,4018.962080,-0.066291,54.593849,6.689575,2.499051,-37.983448
10.107285,12.335525,48.232973,4015.243359,-0.082006,54.512732,6.681231,2.488606,-37.991480
10.139290,12.376920,48.215412,4011.547401,-0.116610,54.429117,6.675521,2.483160,-37.997387
10.177922,12.419682,48.198352,4007.834593,-0.146951,54.354897,6.681544,2.482000,-37.992038
10.202326,12.470378,48.184061,4004.149890,-0.185187,54.277264,6.684975,2.493431,-38.006320
10.235518,12.504433,48.167759,4000.455882,-0.219005,54.198613,6.682957,2.493966,-37.995706
10.269515,12.554561,48.138916,3996.772942,-0.239369,54.115555,6.694538,2.494707,-37.998872
10.298717,12.588874,48.108082,3993.097972,-0.269778,54.040534,6.711494,2.500431,-38.004992
10.324869,12.638249,48.088294,3989.420346,-0.310233,53.958890,6.728486,2.500865,-38.007800
10.357786,12.682318,48.055793,3985.727698,-0.346071,53.888090,6.745943,2.510036,-37.994585
10.391917,12.737566,48.012506,3982.036725,-0.359202,53.808675,6.769321,2.527396,-37.996583
10.433172,12.774258,47.969671,3978.344285,-0.391726,53.729908,6.802911,2.529373,-38.007923
10.452377,12.823485,47.944358,3974.642614,-0.428568,53.645169,6.832913,2.534724,-37.997258
10.492357,12.853548,47.883763,3970.934164,-0.453234,53.563845,6.862006,2.555899,-37.997944
10.516450,12.903828,47.841552,3967.205502,-0.482331,53.480285,6.899858,2.566533,-38.003599
10.553165,12.943985,47.796427,3963.474424,-0.502853,53.403967,6.929742,2.576301,-38.006452
10.581984,12.986074,47.738381,3959.726830,-0.540744,53.319451,6.978550,2.595880,-38.002223
10.615544,13.036133,47.668808,3955.965386,-0.575025,53.232910,7.002901,2.616475,-37.997673
10.637148,13.075516,47.616068,3952.181235,-0.595323,53.146545,7.055739,2.631232,-38.000591
10.667456,13.122162,47.550417,3948.370373,-0.623534,53.071289,7.113409,2.642731,-37.995986
10.715196,13.169188,47.485875,3944.545233,-0.640461,52.970479,7.154065,2.667642,-37.995747
10.742078,13.198671,47.418416,3940.702682,-0.671212,52.889081,7.219953,2.683655,-37.999167
10.772182,13.257207,47.356049,3936.818396,-0.693655,52.805494,7.281704,2.713692,-37.996142
10.800830,13.292098,47.270876,3932.923143,-0.731581,52.723929,7.327431,2.729236,-38.008928
10.837847,13.326583,47.194710,3928.998413,-0.748064,52.625958,7.399647,2.751771,-38.004222
10.866136,13.384522,47.124749,3925.037396,-0.761027,52.536094,7.459933,2.779393,-37.997940
10.908074,13.420341,47.039146,3921.039028,-0.787424,52.445566,7.527575,2.804467,-37.998254
10.929063,13.452724,46.965740,3917.019005,-0.803658,52.364479,7.607163,2.834996,-37.999096
10.970477,13.506106,46.869531,3912.953265,-0.822771,52.269360,7.667607,2.853377,-37.998728
10.988836,13.560845,46.801067,3908.849958,-0.837447,52.173078,7.753300,2.888413,-38.007856
11.020359,13.585120,46.703345,3904.709023,-0.859685,52.076742,7.830925,2.912636,-37.994977
11.065869,13.632666,46.624134,3900.531710,-0.866564,51.975638,7.918470,2.948272,-38.001429
11.095113,13.662034,46.527709,3896.316244,-0.879668,51.893780,7.988188,2.972733,-38.003988
11.118007,13.712512,46.430616,3892.039670,-0.899593,51.786938,8.079749,3.005867,-38.003636
11.155789,13.752199,46.344664,3887.731113,-0.902119,51.687455,8.163472,3.038335,-37.998108
11.177112,13.792822,46.256357,3883.377235,-0.916877,51.576033,8.259387,3.069826,-37.994333
11.221829,13.838345,46.157726,3878.983442,-0.925590,51.479409,8.349558,3.109980,-37.996704
11.254963,13.886100,46.066284,3874.525558,-0.924535,51.375807,8.432834,3.145175,-37.993759
11.290127,13.920840,45.977150,3870.015935,-0.932536,51.270221,8.533067,3.181615,-38.001148
11.326309,13.955271,45.880440,3865.460594,-0.929995,51.162702,8.622329,3.217073,-38.007663
11.351657,14.003486,45.779155,3860.853588,-0.937279,51.054781,8.723913,3.242295,-37.990846
11.376271,14.050753,45.687168,3856.197812,-0.940957,50.948627,8.803801,3.279441,-37.993879
11.423566,14.086028,45.592022,3851.490439,-0.938723,50.832890,8.909049,3.309267,-37.998134
11.448037,14.136347,45.495372,3846.715683,-0.935339,50.728172,9.002342,3.350588,-38.002026
11.498866,14.159549,45.400559,3841.887667,-0.925279,50.612796,9.101530,3.390835,-37.992253
11.505009,14.208166,45.310614,3837.015007,-0.927415,50.498657,9.196039,3.430922,-37.994317
11.543038,14.246334,45.222075,3832.075779,-0.921646,50.372626,9.298479,3.469676,-37.993082
11.583098,14.280165,45.124681,3827.093158,-0.907455,50.258108,9.387419,3.501442,-38.002266
11.609206,14.322321,45.040837,3822.047840,-0.898579,50.133585,9.490412,3.536954,-37.994000
11.640745,14.369062,44.951297,3816.956482,-0.894353,50.014441,9.584858,3.568479,-38.002652
11.672360,14.404732,44.864355,3811.784912,-0.868074,49.904185,9.675800,3.604474,-38.001805
11.697166,14.444667,44.771739,3806.575953,-0.859281,49.768998,9.761148,3.636832,-37.996201
11.745040,14.482765,44.681864,3801.311250,-0.849606,49.641617,9.854587,3.667945,-38.005115
11.777905,14.524275,44.602576,3795.999956,-0.827265,49.523323,9.953004,3.704421,-38.002203
11.808092,14.567138,44.527938,3790.614428,-0.811137,49.381927,10.028323,3.727480,-38.005642
11.837314,14.601814,44.443905,3785.189059,-0.793008,49.262890,10.116423,3.767230,-37.996725
11.881262,14.641363,44.355364,3779.705028,-0.770517,49.128439,10.192140,3.799289,-38.000570
11.898819,14.679665,44.301740,3774.181739,-0.746412,48.984357,10.268723,3.824857,-38.003182
11.939647,14.719258,44.226054,3768.608907,-0.715948,48.864970,10.350121,3.852387,-38.008206
11.969611,14.752796,44.151082,3762.985213,-0.681366,48.737488,10.413517,3.878160,-37.998409
12.002504,14.800065,44.076188,3757.307620,-0.669571,48.585933,10.489377,3.912711,-37.997018
12.050328,14.835435,44.015362,3751.600653,-0.644842,48.460660,10.543538,3.931070,-37.994119
12.073045,14.872892,43.953849,3745.851079,-0.615494,48.303444,10.607358,3.950270,-38.004436
12.110675,14.911406,43.894239,3740.064490,-0.583389,48.185493,10.663416,3.971147,-37.994133
12.144496,14.961578,43.845997,3734.230209,-0.548060,48.029276,10.717865,3.979539,-37.996531
12.180615,14.988268,43.787457,3728.384348,-0.514568,47.887300,10.760481,4.003750,-38.006858
12.214142,15.031083,43.745467,3722.482418,-0.498377,47.747981,10.792136,4.018228,-37.992910
12.241394,15.073052,43.697514,3716.556604,-0.443444,47.600639,10.831168,4.033627,-38.003358
12.272530,15.102511,43.661358,3710.618419,-0.430307,47.466155,10.864897,4.049906,-38.000100
12.311030,15.147886,43.608518,3704.634626,-0.393469,47.316214,10.887661,4.061329,-38.016422
12.342524,15.177532,43.575547,3698.639610,-0.359837,47.184848,10.905609,4.072618,-38.002896
12.378817,15.207999,43.550249,3692.622473,-0.325189,47.030048,10.920256,4.063466,-38.003989
12.411362,15.246366,43.511164,3686.597786,-0.289428,46.881642,10.928068,4.072254,-38.010611
12.445875,15.287717,43.485679,3680.556614,-0.253399,46.732002,10.937655,4.081224,-38.006378
12.486844,15.317728,43.462144,3674.508271,-0.235970,46.583498,10.938743,4.083815,-37.990058
12.519853,15.364838,43.446753,3668.457553,-0.181282,46.441757,10.930447,4.068798,-38.000532
12.548427,15.390828,43.424197,3662.400754,-0.159813,46.297184,10.916623,4.065573,-37.999895
12.573071,15.435492,43.411336,3656.321408,-0.127789,46.150894,10.906028,4.068930,-37.998844
12.605352,15.471884,43.407296,3650.265309,-0.104604,45.986809,10.888155,4.059366,-38.003435
12.638011,15.510868,43.403969,3644.218926,-0.062039,45.855303,10.857312,4.053917,-38.002964
12.681549,15.552101,43.390823,3638.156579,-0.041534,45.703168,10.831444,4.029351,-37.995299
12.710090,15.573669,43.386161,3632.122884,0.005570,45.554403,10.807741,4.024833,-37.993468
12.750746,15.619158,43.395412,3626.086138,0.025078,45.416940,10.773356,4.014694,-38.006491
12.793060,15.663403,43.396238,3620.082887,0.052609,45.266806,10.719981,3.992544,-37.996305
12.813262,15.673867,43.395020,3614.086377,0.083309,45.120795,10.670723,3.978327,-38.004761
12.852411,15.721716,43.401124,3608.101250,0.114527,44.973764,10.617167,3.971127,-37.991386
12.884766,15.752317,43.412659,3602.159409,0.134337,44.834526,10.581043,3.936089,-37.994862
12.924671,15.798670,43.432506,3596.215332,0.155174,44.693652,10.522482,3.920379,-37.998669
12.957008,15.819017,43.457110,3590.301285,0.175404,44.537161,10.463422,3.895791,-38.005038
12.991256,15.852200,43.464349,3584.449121,0.197868,44.400193,10.406937,3.876326,-37.995425
13.022933,15.890524,43.485008,3578.585074,0.224162,44.254990,10.330415,3.852266,-38.000215
13.047769,15.924004,43.505536,3572.762628,0.239371,44.124998,10.268631,3.830615,-38.006178
13.089667,15.962594,43.531194,3566.986183,0.255759,43.972903,10.218202,3.800122,-38.005163
13.133850,15.997251,43.569125,3561.219727,0.275013,43.829962,10.136564,3.781244,-38.006344
13.157812,16.030600,43.590988,3555.498642,0.285894,43.692400,10.071197,3.752163,-38.007025
13.196259,16.055978,43.612698,3549.832265,0.295912,43.556549,10.002219,3.724454,-38.004159
13.234156,16.103906,43.635988,3544.179530,0.314285,43.424158,9.930889,3.699998,-37.999781
13.255256,16.133127,43.667390,3538.571095,0.323750,43.276064,9.853526,3.664894,-37.999895
13.301025,16.162535,43.702258,3533.003834,0.336429,43.136737,9.780196,3.652166,-38.004416
13.335319,16.197452,43.733562,3527.469132,0.338488,43.008702,9.714263,3.615666,-37.994508
13.368755,16.231308,43.756359,3521.986045,0.345671,42.856486,9.642922,3.588675,-38.004589
13.404884,16.263498,43.803955,3516.530650,0.345287,42.741462,9.562828,3.565138,-38.001819
13.442267,16.292842,43.823647,3511.119636,0.350670,42.604883,9.494914,3.539312,-37.994920
13.476263,16.320842,43.852290,3505.742979,0.342491,42.471721,9.430022,3.511410,-37.997503
13.507163,16.345154,43.891540,3500.416387,0.354655,42.337548,9.358272,3.486199,-37.998756
13.545732,16.392230,43.915254,3495.122319,0.334295,42.207463,9.282904,3.465451,-38.003601
13.576485,16.428314,43.964760,3489.855359,0.337524,42.083182,9.208373,3.434812,-38.013466
13.609291,16.472362,43.981988,3484.648130,0.333537,41.945750,9.136629,3.403601,-38.002597
13.638924,16.495356,44.014525,3479.462951,0.329718,41.823831,9.075881,3.369706,-37.999417
13.675160,16.515420,44.040611,3474.324688,0.318711,41.690676,9.013005,3.360239,-38.002844
13.713379,16.563669,44.074548,3469.231835,0.304450,41.568542,8.949241,3.335171,-37.989680
13.746293,16.579267,44.106840,3464.176131,0.295138,41.446301,8.895950,3.308941,-38.003501
13.784598,16.614674,44.125553,3459.139275,0.292408,41.327682,8.825302,3.291148,-38.000702
13.811851,16.649529,44.138344,3454.134320,0.262388,41.195843,8.771184,3.269392,-38.000953
13.848498,16.677728,44.181559,3449.201046,0.251088,41.064703,8.729875,3.258045,-37.998521
13.887764,16.700712,44.203455,3444.271082,0.243209,40.949068,8.667532,3.225953,-37.995142
13.920293,16.729763,44.222978,3439.382818,0.220045,40.825882,8.614341,3.208123,-37.996475
13.961773,16.781448,44.237645,3434.533015,0.207567,40.698546,8.568749,3.186732,-37.997032
13.984434,16.813796,44.259135,3429.696667,0.192750,40.574149,8.532952,3.170565,-37.994322
14.024201,16.838246,44.272940,3424.903215,0.165386,40.463447,8.491750,3.167087,-38.003919
14.068319,16.870792,44.279088,3420.137406,0.146303,40.341324,8.439634,3.151073,-38.008680
14.093326,16.898870,44.291971,3415.394435,0.117636,40.226310,8.412001,3.126473,-37.992172
14.132174,16.930291,44.315604,3410.676869,0.098762,40.099179,8.373215,3.113323,-38.009065
14.164673,16.964755,44.310726,3405.987162,0.075844,39.981606,8.345548,3.103196,-37.998605
14.203571,16.981759,44.311816,3401.315185,0.051158,39.855378,8.311073,3.095251,-38.001431
14.240181,17.007682,44.318916,3396.689777,0.019145,39.742059,8.288153,3.093761,-38.002671
14.275340,17.044581,44.319300,3392.047986,-0.006251,39.626871,8.268902,3.071172,-37.994500
14.306104,17.078614,44.318443,3387.440115,-0.033523,39.514418,8.253712,3.067596,-37.998050
14.346785,17.111750,44.307313,3382.857620,-0.060113,39.386368,8.229751,3.063153,-38.001642
14.377662,17.125015,44.314039,3378.287104,-0.087216,39.270394,8.206586,3.063543,-37.996386
14.411688,17.171660,44.306531,3373.716866,-0.132386,39.157582,8.200751,3.055917,-38.001762
14.442766,17.204095,44.292554,3369.175047,-0.151972,39.045265,8.200357,3.053427,-37.990257
14.473624,17.220824,44.268616,3364.637253,-0.182836,38.909886,8.203776,3.045181,-38.000826
14.510509,17.255351,44.255035,3360.114390,-0.209741,38.792519,8.188088,3.047822,-37.993504
14.561891,17.288013,44.236483,3355.593221,-0.236410,38.679655,8.193904,3.052012,-38.008927
14.588785,17.307658,44.203540,3351.091787,-0.275044,38.562453,8.188535,3.052791,-38.000424
14.627096,17.333366,44.189426,3346.581979,-0.308348,38.442122,8.205697,3.057006,-38.002719
14.660655,17.373780,44.150116,3342.079202,-0.324520,38.329240,8.208608,3.064178,-37.997436
14.703022,17.406386,44.132776,3337.574305,-0.367189,38.201940,8.232459,3.062429,-37.996522
14.731155,17.429214,44.095178,3333.070779,-0.401626,38.080178,8.239696,3.065731,-37.997000
14.766161,17.451399,44.059441,3328.571966,-0.430567,37.967208,8.258193,3.076346,-37.998180
14.797120,17.486607,44.014498,3324.063170,-0.445827,37.833347,8.276790,3.080816,-38.006072
14.832573,17.516502,43.983858,3319.543663,-0.481493,37.718291,8.298532,3.089702,-38.003017
14.864654,17.549001,43.931733,3315.025669,-0.507760,37.600696,8.331895,3.106522,-37.998079
14.902363,17.562349,43.900511,3310.500011,-0.541164,37.485662,8.360581,3.111975,-37.998204
14.937598,17.592859,43.844348,3305.951213,-0.563811,37.365304,8.386842,3.120230,-38.000504
14.970996,17.626023,43.792399,3301.406739,-0.607598,37.236712,8.432684,3.138608,-38.001470
15.004498,17.650850,43.743662,3296.838913,-0.627549,37.100841,8.467492,3.153435,-37.998139
15.054025,17.681198,43.678262,3292.255551,-0.642359,36.976872,8.520487,3.173281,-37.993956
15.083447,17.705146,43.626327,3287.651346,-0.670916,36.852907,8.564102,3.184308,-38.002520
15.112523,17.726647,43.577292,3283.032439,-0.706746,36.711575,8.601337,3.197944,-38.000372
15.152298,17.753504,43.507389,3278.389281,-0.726707,36.594802,8.655200,3.220265,-37.999061
15.186649,17.785213,43.450236,3273.715290,-0.751641,36.460711,8.703764,3.235136,-37.999336
15.219930,17.815352,43.384435,3269.037343,-0.774140,36.324860,8.765116,3.263232,-38.000440
15.253876,17.850599,43.313198,3264.328201,-0.792803,36.197118,8.820901,3.289071,-37.996998
15.289038,17.876804,43.238438,3259.570954,-0.815831,36.062318,8.879070,3.310148,-37.999661
15.320877,17.900326,43.176642,3254.806869,-0.835621,35.939578,8.947126,3.332624,-38.002633
15.357820,17.916584,43.103442,3250.003488,-0.853738,35.795698,9.010971,3.348320,-38.009399
15.395770,17.939687,43.031306,3245.184045,-0.873007,35.659060,9.073846,3.383324,-38.001402
15.434788,17.977336,42.951557,3240.310442,-0.888005,35.518082,9.137508,3.402455,-37.993470
15.471062,17.999440,42.876863,3235.407809,-0.897959,35.377367,9.217342,3.437425,-38.004202
15.505259,18.026426,42.790097,3230.468869,-0.912058,35.234568,9.280957,3.447563,-37.999659
15.538989,18.046952,42.723516,3225.500596,-0.927047,35.100317,9.357758,3.490929,-38.000163
15.577468,18.072606,42.645352,3220.477590,-0.935973,34.951223,9.439796,3.508467,-38.001729
15.610513,18.102179,42.554079,3215.430513,-0.947370,34.807532,9.510043,3.540167,-38.003002
15.650646,18.129879,42.476990,3210.334617,-0.957106,34.658155,9.575790,3.568155,-38.002902
15.683894,18.155820,42.402626,3205.212468,-0.968814,34.516827,9.669708,3.597541,-38.003536
15.713837,18.179179,42.324247,3200.031857,-0.969184,34.362162,9.742506,3.631528,-38.005322
15.752022,18.191285,42.237553,3194.803928,-0.971689,34.210721,9.827437,3.657297,-38.005773
15.782503,18.230777,42.160365,3189.550390,-0.981617,34.069656,9.897185,3.689048,-37.990818
15.841544,18.252685,42.085233,3184.222918,-0.970985,33.909405,9.981593,3.711749,-37.995463
15.868460,18.277448,41.994747,3178.873220,-0.968630,33.743385,10.069115,3.750347,-37.996308
15.895431,18.295902,41.913902,3173.482312,-0.968393,33.593439,10.150769,3.777006,-38.004443
15.931984,18.326843,41.837155,3168.017917,-0.964380,33.428536,10.233365,3.805760,-38.005428
15.967922,18.359403,41.755050,3162.534020,-0.959149,33.272928,10.308011,3.843156,-38.000038
16.002605,18.385817,41.675229,3157.001129,-0.959291,33.110047,10.380437,3.874079,-38.004078
16.037890,18.397505,41.597142,3151.417441,-0.946830,32.942386,10.456205,3.898437,-38.006439
16.076297,18.425021,41.521584,3145.795039,-0.942168,32.779407,10.543196,3.925190,-37.996417
16.110046,18.436915,41.444584,3140.111715,-0.925214,32.613325,10.617036,3.949500,-37.989630
16.143658,18.471371,41.364929,3134.398241,-0.925869,32.440917,10.690058,3.976698,-38.004971
16.179533,18.493544,41.298148,3128.638379,-0.895279,32.262370,10.756831,4.022169,-38.003637
16.208594,18.518835,41.217605,3122.824371,-0.882272,32.094214,10.833953,4.036126,-37.989965
16.246698,18.539026,41.147341,3116.976172,-0.867111,31.923059,10.882688,4.059836,-38.003938
16.286267,18.557190,41.080952,3111.080957,-0.848663,31.749058,10.954535,4.083877,-37.998087
16.314280,18.588366,41.007346,3105.145808,-0.824840,31.563889,11.028439,4.106583,-38.001828
16.363505,18.611693,40.948856,3099.174025,-0.807089,31.384082,11.096795,4.129888,-37.996335
16.391486,18.632351,40.880304,3093.160060,-0.778280,31.215690,11.149546,4.145917,-38.000493
16.429420,18.655431,40.818345,3087.112884,-0.755649,31.026630,11.198160,4.173868,-37.993405
16.459913,18.677679,40.750979,3081.033959,-0.735040,30.850775,11.243759,4.192385,-37.993841
16.502566,18.698246,40.702149,3074.919941,-0.706847,30.651915,11.294088,4.209978,-37.993082
16.523719,18.715150,40.643827,3068.772186,-0.683709,30.477572,11.340930,4.225109,-37.998634
16.580004,18.742782,40.591227,3062.589678,-0.661579,30.284766,11.375421,4.236594,-38.000899
16.606645,18.755555,40.538002,3056.388534,-0.628343,30.102671,11.423949,4.253770,-37.993370
16.642754,18.785715,40.495451,3050.149692,-0.611354,29.912551,11.453587,4.270093,-37.999563
16.673694,18.808784,40.435786,3043.892114,-0.573995,29.717162,11.480872,4.280116,-37.999558
16.707551,18.823482,40.391888,3037.602018,-0.537830,29.517785,11.504016,4.288246,-37.998463
16.742050,18.844731,40.358463,3031.301120,-0.518993,29.338852,11.531824,4.284919,-37.984076
16.780801,18.873579,40.317168,3024.990338,-0.476547,29.150166,11.554046,4.298125,-38.003094
16.816340,18.885527,40.274811,3018.656589,-0.460082,28.953890,11.561185,4.303181,-37.994063
16.835665,18.902259,40.233140,3012.308241,-0.437503,28.767116,11.564499,4.305715,-38.007033
16.890931,18.930998,40.211867,3005.942856,-0.396531,28.578780,11.580185,4.308438,-37.993977
16.922543,18.950782,40.180392,2999.588835,-0.367232,28.383443,11.562690,4.315028,-38.006244
16.959375,18.965609,40.153315,2993.201063,-0.343975,28.183844,11.563034,4.311049,-37.993569
16.990199,19.003818,40.122900,2986.820246,-0.313632,27.985729,11.557528,4.307151,-37.989503
17.023451,19.016030,40.105593,2980.446958,-0.285768,27.795924,11.550648,4.310223,-37.994698
17.058890,19.023998,40.078257,2974.068613,-0.246308,27.589081,11.533597,4.289362,-38.013083
17.099700,19.039551,40.060318,2967.701155,-0.229326,27.398248,11.513504,4.283693,-38.000654
17.136931,19.061991,40.041324,2961.321192,-0.204410,27.211551,11.482344,4.282989,-38.009746
17.178485,19.075104,40.030237,2954.947600,-0.176850,27.007152,11.466055,4.262346,-37.995836
17.200560,19.102154,40.019790,2948.593786,-0.150262,26.813687,11.431503,4.257108,-37.994957
17.244461,19.128465,40.004831,2942.252998,-0.125152,26.612514,11.398845,4.250872,-38.001021
17.276031,19.142556,39.996156,2935.920905,-0.095215,26.428334,11.366292,4.238691,-38.003324
17.311552,19.160719,39.996004,2929.594742,-0.087037,26.224644,11.328857,4.220630,-38.003497
17.351982,19.180736,39.975217,2923.286823,-0.066832,26.030623,11.295315,4.199830,-37.997856
17.374865,19.196468,39.988300,2917.006374,-0.038035,25.832945,11.253339,4.184778,-38.001307
17.412822,19.211762,39.973087,2910.738918,-0.028889,25.634459,11.205829,4.164614,-37.992848
17.451818,19.229620,39.972408,2904.490591,-0.003755,25.442417,11.154687,4.154603,-37.990941
17.489810,19.244923,39.976134,2898.272562,0.013948,25.262059,11.113283,4.151156,-38.007307
17.525917,19.265189,39.980582,2892.079209,0.033225,25.057613,11.057909,4.129791,-37.998130
17.555063,19.286472,39.985803,2885.891432,0.048907,24.866238,11.007920,4.094670,-38.006735
17.583736,19.296735,39.997579,2879.747490,0.055189,24.668118,10.948070,4.080519,-38.002870
17.618217,19.320413,39.992816,2873.610790,0.062201,24.480318,10.903957,4.069683,-38.005747
17.667262,19.334661,40.001754,2867.517768,0.070325,24.288950,10.842307,4.035350,-38.002805
17.701336,19.353320,40.008253,2861.465631,0.089328,24.094728,10.792284,4.024771,-37.997313
17.731362,19.365965,40.014886,2855.419881,0.094436,23.913604,10.736629,4.005354,-38.006461
17.759214,19.381774,40.020299,2849.413800,0.096341,23.723457,10.685206,3.981358,-38.000504
17.809072,19.398554,40.018377,2843.427316,0.093708,23.517283,10.629624,3.967706,-38.004169
17.829343,19.412225,40.031441,2837.487282,0.101919,23.345971,10.570692,3.936602,-37.996350
17.864528,19.431923,40.034126,2831.568288,0.097484,23.146701,10.516854,3.920397,-38.001905
17.906057,19.442697,40.050480,2825.689861,0.101801,22.972804,10.450708,3.895928,-37.999432
17.939631,19.459065,40.070536,2819.840870,0.100757,22.774952,10.402321,3.880080,-37.996650
17.973924,19.471145,40.068006,2814.001240,0.097991,22.590644,10.354061,3.857451,-38.006800
18.012997,19.487004,40.068089,2808.213293,0.094883,22.406734,10.303320,3.837519,-37.997974
18.047476,19.508554,40.071364,2802.440366,0.077153,22.211956,10.245012,3.813556,-37.996966
18.076152,19.524151,40.088477,2796.712006,0.077279,22.028424,10.202285,3.809558,-37.995450
18.114693,19.530076,40.085891,2791.010897,0.071510,21.851018,10.147731,3.781163,-37.998081
18.154312,19.547294,40.098696,2785.338485,0.128264,21.855907,10.096734,3.758936,0.009375
18.189155,19.565212,40.106126,2779.675033,0.174632,21.872481,10.049110,3.743343,0.001729
18.218978,19.582721,40.123187,2774.029826,0.223819,21.872984,9.984910,3.718831,-0.001155
18.260975,19.595225,40.141377,2768.400395,0.278143,21.879454,9.911886,3.695741,0.009371
18.295176,19.608230,40.154780,2762.806150,0.336561,21.895834,9.835379,3.674022,0.009861
18.324685,19.619176,40.183884,2757.239198,0.354407,21.892631,9.776825,3.645558,0.001862
18.344261,19.640167,40.214730,2751.699807,0.406649,21.907790,9.695569,3.603960,-0.004216
18.391415,19.651533,40.246156,2746.196578,0.444476,21.910785,9.608039,3.578093,0.004827
18.418538,19.667223,40.271628,2740.734657,0.482434,21.932541,9.523300,3.548603,-0.004030
18.457522,19.687333,40.316518,2735.302752,0.521518,21.948581,9.444805,3.522076,-0.001477
18.495271,19.697076,40.350154,2729.916988,0.551197,21.941297,9.345459,3.496434,-0.004877
18.529915,19.703314,40.390112,2724.569309,0.575602,21.951054,9.264024,3.444094,-0.007694
18.565827,19.726252,40.435516,2719.260343,0.607423,21.962894,9.166641,3.417725,-0.001595
18.593066,19.739536,40.479264,2714.018214,0.632370,21.976540,9.083420,3.383149,0.008511
18.627956,19.760929,40.529061,2708.786761,0.657696,21.972006,8.983636,3.345712,0.002665
18.660858,19.772428,40.578110,2703.631347,0.665295,21.986317,8.901849,3.311993,0.003280
18.699897,19.786921,40.618478,2698.508859,0.686176,21.992962,8.809972,3.278269,0.003899
18.731019,19.800511,40.666820,2693.439474,0.691321,22.008983,8.708631,3.251330,0.009306
18.766822,19.797165,40.715851,2688.429360,0.700368,22.011400,8.622621,3.214452,0.001104
18.795277,19.827044,40.766818,2683.451102,0.707302,22.017347,8.530001,3.172512,-0.000075
18.831856,19.842372,40.814422,2678.534940,0.702650,22.023682,8.443076,3.148930,-0.000981
18.859310,19.859337,40.868339,2673.662269,0.703584,22.024966,8.354461,3.110707,0.006531
18.907303,19.859845,40.909354,2668.836144,0.697882,22.046495,8.258417,3.076196,-0.002181
18.938155,19.889844,40.957974,2664.067882,0.689127,22.057894,8.188102,3.042242,0.003897
18.956262,19.898353,41.003680,2659.353708,0.682014,22.060685,8.091772,3.005928,0.011787
18.990681,19.917593,41.054905,2654.685789,0.661815,22.070287,8.013541,2.974008,0.003271
19.027479,19.931439,41.103986,2650.060979,0.646773,22.080290,7.941646,2.958314,-0.000541
19.055591,19.936632,41.151299,2645.479248,0.637288,22.085074,7.852550,2.922260,0.002325
19.097304,19.955797,41.194695,2640.949121,0.613694,22.097112,7.784026,2.897904,-0.006780
19.123374,19.958867,41.238228,2636.466083,0.590358,22.095722,7.708908,2.874447,-0.004141
19.159142,19.987958,41.278864,2632.038085,0.564581,22.109384,7.643168,2.849166,-0.003793
19.193569,19.989000,41.302571,2627.652265,0.539588,22.122841,7.572322,2.821443,-0.001118
19.226705,19.999647,41.345386,2623.306231,0.495731,22.132524,7.521601,2.799921,0.004962
19.257776,20.018591,41.366582,2619.008068,0.468793,22.129506,7.448739,2.778626,0.003033
19.296488,20.031373,41.411200,2614.731581,0.436558,22.148340,7.390550,2.758458,0.002583
19.325796,20.050559,41.435956,2610.502015,0.399974,22.158648,7.340765,2.733707,0.001165
19.349539,20.069020,41.460776,2606.310337,0.354957,22.159859,7.296549,2.724008,0.007235
19.386461,20.086990,41.485175,2602.176285,0.325121,22.166058,7.249140,2.693341,0.004597
19.412171,20.082515,41.497868,2598.066856,0.283864,22.182302,7.208726,2.685714,-0.005121
19.445478,20.109870,41.527344,2593.985905,0.233121,22.195373,7.157165,2.668460,0.001843
19.480907,20.127063,41.538743,2589.935652,0.189604,22.197336,7.125133,2.653106,0.000075
19.513145,20.125571,41.552704,2585.915241,0.147295,22.214351,7.096605,2.642826,-0.004712
19.543311,20.140977,41.556243,2581.950258,0.099092,22.214039,7.062751,2.632580,-0.005273
19.580884,20.165228,41.559974,2577.981625,0.051019,22.231297,7.033971,2.619510,-0.006208
19.604752,20.182951,41.571807,2574.045763,-0.001670,22.230382,7.014568,2.618817,0.002320
19.647745,20.191453,41.563960,2570.147409,-0.050109,22.241944,6.994760,2.603865,0.004052
19.680524,20.205478,41.551887,2566.261611,-0.108481,22.257547,6.977907,2.604983,0.005452
19.702090,20.216596,41.547212,2562.396499,-0.165472,22.257487,6.976671,2.598996,-0.002694
19.741968,20.229333,41.530504,2558.560887,-0.204763,22.265542,6.963878,2.577309,0.000225
19.771980,20.249188,41.513763,2554.733451,-0.263315,22.283608,6.953337,2.595461,-0.010896
19.800610,20.262653,41.505255,2550.922006,-0.323315,22.293484,6.955564,2.587888,-0.004969
19.835755,20.267879,41.478886,2547.123273,-0.372748,22.294939,6.952777,2.582084,-0.003939
19.868535,20.283515,41.447180,2543.334623,-0.420954,22.314318,6.957266,2.589929,0.000980
19.901150,20.300915,41.410160,2539.567572,-0.477871,22.317000,6.961099,2.595936,0.006661
19.926031,20.311622,41.387061,2535.800113,-0.539392,22.327133,6.979383,2.598433,-0.006309
19.957253,20.321611,41.344563,2532.041891,-0.587954,22.329299,6.998392,2.611074,-0.005678
19.986427,20.335282,41.317900,2528.281915,-0.642499,22.345537,7.011874,2.619302,-0.004754
20.013006,20.367835,41.259982,2524.523518,-0.689617,22.350480,7.028805,2.622971,0.010597
20.045683,20.361679,41.214382,2520.761000,-0.747158,22.363572,7.060585,2.633932,0.002050
20.081351,20.390134,41.154875,2517.007587,-0.801131,22.367542,7.093047,2.647502,-0.007633
20.104595,20.393174,41.107706,2513.239266,-0.849396,22.386346,7.131310,2.653995,0.000578
20.146485,20.410624,41.054648,2509.472109,-0.900899,22.386044,7.160454,2.664388,-0.003576
20.185257,20.420086,40.989527,2505.691974,-0.939200,22.391084,7.201973,2.684186,-0.003279
20.202265,20.439936,40.933022,2501.893159,-0.991677,22.403194,7.245698,2.701964,-0.004584
20.241841,20.446927,40.856844,2498.092934,-1.034351,22.412050,7.286495,2.726813,0.006378
20.265871,20.457797,40.802009,2494.277508,-1.088172,22.430770,7.337142,2.734267,-0.002626
20.297233,20.478788,40.725850,2490.451841,-1.119009,22.436923,7.390195,2.760188,0.000971
20.326117,20.481058,40.644379,2486.583147,-1.149306,22.444442,7.448090,2.774127,0.001651
20.361083,20.505299,40.574579,2482.717876,-1.194519,22.448959,7.498692,2.802966,-0.001904
20.392752,20.521551,40.489554,2478.816929,-1.243767,22.460366,7.549904,2.819980,0.000244
20.424713,20.534437,40.410067,2474.882197,-1.278188,22.468923,7.632903,2.841620,-0.002161
20.451253,20.546599,40.328546,2470.939315,-1.304496,22.481119,7.693976,2.870820,-0.001253
20.483912,20.560010,40.236753,2466.959703,-1.336576,22.491540,7.757599,2.891234,0.006551
20.518357,20.578014,40.160387,2462.952848,-1.365326,22.489417,7.825394,2.912511,-0.004083
20.553645,20.588260,40.060869,2458.895072,-1.404605,22.507246,7.894941,2.945692,0.000349
20.580123,20.597546,39.972215,2454.816504,-1.411504,22.526793,7.973333,2.970808,-0.010118
20.608232,20.609444,39.883584,2450.700559,-1.440529,22.525969,8.046277,2.993751,0.003228
20.642570,20.632991,39.795235,2446.549720,-1.457534,22.530008,8.129188,3.016707,0.003868
20.670780,20.645496,39.682838,2442.353642,-1.474687,22.547585,8.212895,3.055661,0.002978
20.699704,20.644326,39.607329,2438.117627,-1.483391,22.541592,8.300258,3.087983,-0.008025
20.745433,20.671757,39.498361,2433.844242,-1.495199,22.570024,8.372347,3.116419,-0.011536
20.763322,20.684535,39.401630,2429.529871,-1.503488,22.573388,8.461539,3.151817,-0.006314
20.786179,20.695640,39.320852,2425.153590,-1.505231,22.574278,8.545166,3.181506,-0.006626
20.816285,20.704594,39.220779,2420.740365,-1.516800,22.603052,8.627968,3.213722,0.004736
20.857802,20.708341,39.117259,2416.277752,-1.513207,22.604309,8.722848,3.245874,-0.001199
20.875220,20.731291,39.022948,2411.781500,-1.517809,22.621830,8.791364,3.276938,0.003784
20.908964,20.751819,38.936983,2407.215115,-1.512487,22.629087,8.880691,3.306572,0.009316
20.940077,20.754345,38.834106,2402.614183,-1.499590,22.639192,8.969706,3.341089,-0.003425
20.970782,20.776502,38.738338,2397.954151,-1.483742,22.635865,9.047232,3.376503,-0.001800
20.991610,20.786873,38.653472,2393.253158,-1.470744,22.656473,9.127010,3.403886,0.006694
21.025848,20.800900,38.557643,2388.499322,-1.457514,22.655653,9.221996,3.434940,-0.006085
21.062148,20.811971,38.472953,2383.703785,-1.429897,22.664802,9.298693,3.475229,0.002203
21.084539,20.824801,38.369641,2378.845002,-1.408860,22.684861,9.358688,3.495098,-0.001644
21.118876,20.839703,38.298085,2373.926271,-1.378312,22.688789,9.442722,3.519318,0.005428
21.142898,20.851122,38.195661,2368.983015,-1.353860,22.691425,9.521362,3.544767,-0.005432
21.176309,20.859085,38.132361,2363.974858,-1.326525,22.707138,9.601423,3.574976,0.000435
21.211446,20.874060,38.037377,2358.931597,-1.291947,22.714587,9.664536,3.591603,-0.001517
21.232767,20.886050,37.964090,2353.842102,-1.256736,22.718187,9.732617,3.618429,0.000543
21.260764,20.898086,37.887610,2348.690949,-1.222181,22.740352,9.783390,3.655082,-0.000825
21.289030,20.927876,37.814818,2343.503304,-1.172481,22.750764,9.844584,3.666505,-0.009096
21.317725,20.929894,37.742547,2338.286277,-1.129549,22.752823,9.902096,3.692488,-0.008133
21.350351,20.939885,37.672585,2333.019007,-1.082948,22.762728,9.957324,3.712974,0.007577
21.386968,20.955561,37.613020,2327.717820,-1.049434,22.774160,9.995600,3.728393,-0.006980
21.401939,20.972590,37.547892,2322.380418,-0.998222,22.785328,10.038345,3.738929,-0.003077
21.426647,20.990147,37.488673,2317.027591,-0.953252,22.800707,10.079284,3.756454,0.001750
21.461664,20.998156,37.433901,2311.601998,-0.893552,22.801040,10.118813,3.771713,-0.003457
21.490091,21.002805,37.380796,2306.177686,-0.849522,22.819059,10.136424,3.774083,0.001377
21.524089,21.025111,37.332273,2300.721912,-0.796841,22.818672,10.159943,3.786087,0.002789
21.546757,21.033172,37.297367,2295.220856,-0.743888,22.830402,10.168086,3.794625,0.002934
21.571490,21.044911,37.242577,2289.715917,-0.685547,22.838146,10.186088,3.789020,-0.001603
21.599573,21.051024,37.208229,2284.187433,-0.638657,22.854955,10.200914,3.797708,0.001813
21.633102,21.072887,37.166875,2278.650668,-0.582114,22.856363,10.186809,3.800268,-0.005967
21.663629,21.086609,37.137678,2273.087797,-0.528065,22.874731,10.198647,3.801014,0.001289
21.685142,21.093532,37.103942,2267.526817,-0.464234,22.875636,10.184925,3.798096,-0.000059
21.716135,21.111714,37.079353,2261.959195,-0.425420,22.889455,10.165703,3.794742,-0.006849
21.750566,21.120882,37.056722,2256.365237,-0.368855,22.897584,10.158032,3.786599,0.001895
21.762376,21.132115,37.028046,2250.786306,-0.312441,22.908835,10.139838,3.776234,-0.004656
21.794884,21.137923,37.008964,2245.204300,-0.266111,22.921378,10.114346,3.768716,0.000259
21.829292,21.164074,36.995574,2239.617873,-0.210717,22.917858,10.087648,3.760969,-0.001882
21.850161,21.178223,36.997018,2234.050010,-0.162136,22.928217,10.054569,3.738197,0.003557
21.892089,21.188342,36.987197,2228.481986,-0.119860,22.949580,10.013969,3.731720,0.000176
21.912789,21.201505,36.977196,2222.923200,-0.077771,22.954352,9.963838,3.718938,0.002684
21.941665,21.205158,36.978933,2217.380555,-0.033626,22.969788,9.926677,3.706799,0.002383
21.951690,21.228535,36.966179,2211.855767,0.005728,22.974979,9.871891,3.680813,-0.006249
21.990075,21.237009,36.970104,2206.344389,0.040930,22.981281,9.822162,3.656483,0.003621
22.023670,21.251402,36.983341,2200.855406,0.088342,23.002540,9.763101,3.641105,-0.001155
22.051139,21.254541,36.992159,2195.389309,0.120591,23.003506,9.704856,3.620802,-0.006111
22.075163,21.268120,37.011407,2189.946225,0.156195,23.010661,9.661052,3.595462,-0.003852
22.096445,21.283648,37.003746,2184.524546,0.184859,23.015980,9.590082,3.575608,0.002258
22.120055,21.294919,37.010320,2179.135408,0.207338,23.035461,9.536545,3.542091,-0.000659
22.152830,21.310395,37.025732,2173.758931,0.233806,23.036921,9.466476,3.526167,-0.001067
22.182596,21.321926,37.049678,2168.429404,0.261436,23.046184,9.398329,3.502173,-0.002394
22.199962,21.330676,37.056257,2163.127008,0.270358,23.059968,9.345166,3.473013,-0.008124
22.233878,21.349405,37.076670,2157.860015,0.306338,23.068956,9.277176,3.448207,0.001819
22.251108,21.365426,37.090361,2152.604336,0.309436,23.068162,9.185351,3.428308,-0.005461
22.291138,21.369803,37.113883,2147.415800,0.318045,23.082327,9.127531,3.410690,0.003479
22.318397,21.378350,37.126073,2142.240567,0.336914,23.091138,9.063559,3.372315,0.002341
22.347579,21.394426,37.141226,2137.113318,0.344027,23.095084,8.998971,3.357150,-0.005241
22.372469,21.410982,37.167866,2132.016008,0.347549,23.108722,8.932807,3.332122,-0.006727
22.388221,21.416736,37.182387,2126.951249,0.349688,23.128504,8.861822,3.312260,-0.003244
22.408295,21.437561,37.215145,2121.934988,0.333592,23.132106,8.797658,3.276930,-0.005843
22.447094,21.439523,37.218402,2116.955765,0.330568,23.139425,8.738845,3.250026,-0.010318
22.478562,21.457005,37.246088,2112.002540,0.317148,23.152559,8.671033,3.229776,-0.001226
22.496058,21.470882,37.255707,2107.084167,0.320995,23.145460,8.604667,3.204001,0.003161
22.522848,21.479677,37.271692,2102.219503,0.298331,23.162903,8.548494,3.184507,0.001663
22.554295,21.481973,37.301027,2097.381823,0.284322,23.182992,8.492645,3.158071,-0.001346
22.573903,21.500316,37.310128,2092.581143,0.270906,23.184056,8.433545,3.143664,0.004331
22.597296,21.508981,37.323767,2087.822887,0.252883,23.202691,8.382814,3.116993,-0.000506
22.621995,21.532435,37.338653,2083.089229,0.227865,23.208227,8.334556,3.098289,0.002545
22.647301,21.538993,37.350765,2078.396949,0.208572,23.207933,8.277212,3.072113,-0.000632
22.680219,21.555042,37.352794,2073.743217,0.173324,23.226072,8.224034,3.062619,-0.000759
22.706792,21.562616,37.361891,2069.125019,0.141951,23.228051,8.166157,3.042997,0.001377
22.728224,21.576899,37.370046,2064.526010,0.106080,23.246481,8.135259,3.029702,0.003074
22.755103,21.574853,37.371830,2059.964818,0.073169,23.250823,8.087836,3.011768,-0.006500
22.785262,21.599681,37.375337,2055.443032,0.040701,23.253623,8.048024,2.994963,-0.000644
22.808264,21.602157,37.378251,2050.943484,0.001815,23.269449,8.020500,2.980105,-0.004644
22.833765,21.622848,37.374267,2046.478966,-0.046764,23.282450,7.983073,2.972046,0.004095
22.851836,21.639073,37.380272,2042.041668,-0.074311,23.290261,7.958234,2.952289,0.003442
22.883931,21.638149,37.364383,2037.627288,-0.114636,23.301870,7.919952,2.952126,0.005279
22.903511,21.658724,37.360205,2033.247254,-0.173033,23.309175,7.898079,2.941527,0.001629
22.922902,21.673264,37.352887,2028.885329,-0.203516,23.317661,7.876016,2.933352,-0.004467
22.962083,21.683070,37.346105,2024.543905,-0.259151,23.324620,7.858325,2.925338,-0.002410
22.981843,21.697059,37.322609,2020.228299,-0.302749,23.331396,7.843157,2.922515,0.006210
22.998101,21.702365,37.310211,2015.942695,-0.353349,23.339617,7.827970,2.909598,-0.000310
23.033860,21.714686,37.292709,2011.673226,-0.404409,23.361157,7.809043,2.909451,0.005242
23.067084,21.732225,37.266270,2007.411664,-0.443621,23.356953,7.816652,2.905409,-0.002102
23.080738,21.723806,37.248838,2003.181933,-0.509992,23.369192,7.801730,2.900801,0.000734
23.115857,21.754434,37.219988,1998.949148,-0.553623,23.387456,7.795297,2.910956,-0.007181
23.131496,21.767355,37.180697,1994.725319,-0.593378,23.404520,7.796873,2.901868,0.000793
23.151548,21.773747,37.154502,1990.543045,-0.657670,23.405114,7.805179,2.910379,0.000661
23.175994,21.798633,37.118505,1986.351434,-0.703908,23.412279,7.805873,2.902730,0.002627
23.209663,21.798666,37.078055,1982.173279,-0.755480,23.422200,7.811167,2.916825,-0.000084
23.225116,21.810056,37.046113,1978.003716,-0.808698,23.440284,7.823957,2.904354,-0.002965
23.254041,21.819684,36.992030,1973.842787,-0.857240,23.444478,7.841398,2.915138,-0.004707
23.270340,21.830753,36.943099,1969.680279,-0.910509,23.455458,7.852407,2.920995,-0.005231
23.300280,21.840845,36.907719,1965.508028,-0.951428,23.465760,7.880821,2.933095,-0.005853
23.331719,21.852927,36.849257,1961.354298,-1.000153,23.479666,7.889582,2.940886,0.006096
23.349457,21.859961,36.796547,1957.189732,-1.062120,23.481128,7.929376,2.949612,0.004578
23.372079,21.877200,36.740613,1953.027745,-1.095759,23.490525,7.954791,2.964854,-0.003618
23.401810,21.894569,36.671272,1948.875753,-1.140851,23.496469,7.982764,2.977549,-0.001866
23.424573,21.901914,36.628589,1944.700250,-1.186923,23.502460,8.012227,2.990469,-0.001887
23.443897,21.911480,36.569300,1940.509272,-1.234416,23.511265,8.055986,3.004396,0.000451
23.463637,21.923035,36.493449,1936.330994,-1.280173,23.537789,8.092204,3.014821,-0.010243
23.495359,21.942342,36.438341,1932.133062,-1.309868,23.533409,8.129046,3.027626,-0.002410
23.523518,21.951940,36.365805,1927.915311,-1.355190,23.552626,8.168115,3.041683,0.007891
23.539250,21.955503,36.287041,1923.673295,-1.390492,23.559650,8.220942,3.056179,0.004611
23.565610,21.963152,36.223918,1919.439096,-1.426666,23.566080,8.256063,3.080674,-0.004691
23.588288,21.963931,36.163175,1915.173634,-1.460041,23.586001,8.305931,3.095243,-0.000152
23.603238,21.985571,36.083359,1910.891348,-1.494579,23.591594,8.346979,3.115900,0.003569
23.631245,22.004016,35.999578,1906.594431,-1.520308,23.594742,8.403348,3.128447,-0.001845
23.659224,22.014951,35.925936,1902.278942,-1.550121,23.616849,8.453416,3.152212,0.003143
23.670026,22.024665,35.851281,1897.933416,-1.573684,23.617142,8.520208,3.164314,0.002940
23.697946,22.032320,35.774790,1893.562525,-1.589878,23.622961,8.566104,3.196469,0.003057
23.726230,22.042221,35.701387,1889.172604,-1.613656,23.643585,8.619166,3.215103,0.001329
23.759706,22.054618,35.612971,1884.744166,-1.633067,23.647213,8.683069,3.241499,0.000350
23.772645,22.067157,35.538272,1880.296764,-1.648690,23.667206,8.740246,3.251462,0.001645
23.806497,22.084847,35.458009,1875.820111,-1.667926,23.663953,8.793505,3.277952,-0.002527
23.826519,22.092348,35.375548,1871.305331,-1.676739,23.678762,8.858456,3.297951,-0.002157
23.834577,22.105202,35.287573,1866.773859,-1.693267,23.681303,8.906408,3.325465,0.001769
23.856271,22.123554,35.204602,1862.194878,-1.685484,23.698263,8.979483,3.348520,-0.004247
23.887072,22.123320,35.123727,1857.596424,-1.689901,23.696176,9.032208,3.363519,-0.010382
23.921350,22.136502,35.046456,1852.956801,-1.680023,23.717929,9.101894,3.387851,-0.002265
23.934878,22.139469,34.953458,1848.285954,-1.686511,23.730799,9.156289,3.417838,0.004395
23.962995,22.161394,34.881728,1843.589902,-1.679129,23.735323,9.221356,3.433680,0.009184
23.981613,22.176145,34.810142,1838.859371,-1.679019,23.749441,9.269234,3.453523,-0.012686
24.004764,22.178893,34.718875,1834.081107,-1.669725,23.753218,9.325378,3.477589,0.004292
24.026399,22.197015,34.639657,1829.283120,-1.661489,23.757440,9.375487,3.500327,-0.007508
24.047544,22.200340,34.560251,1824.435054,-1.640098,23.768354,9.435624,3.510230,0.000261
24.062923,22.211318,34.474247,1819.571110,-1.627481,23.787784,9.487608,3.530163,-0.003592
24.091267,22.223704,34.399326,1814.655165,-1.601563,23.787979,9.545839,3.555184,0.001071
24.113741,22.236498,34.324430,1809.715243,-1.584115,23.807670,9.592091,3.575591,0.011681
24.140679,22.236531,34.250780,1804.747007,-1.551087,23.810790,9.632567,3.597978,0.001528
24.147722,22.255191,34.186793,1799.736668,-1.536047,23.828167,9.691347,3.600055,0.008157
24.182110,22.263898,34.106173,1794.708363,-1.506254,23.828415,9.735137,3.636488,0.007915
24.202644,22.274578,34.040280,1789.628284,-1.473926,23.842554,9.767791,3.651070,-0.004003
24.211785,22.285905,33.968011,1784.534939,-1.441211,23.861477,9.810015,3.642850,-0.003036
24.250039,22.295028,33.902989,1779.408889,-1.402896,23.863800,9.841922,3.673536,-0.002337
24.254827,22.301212,33.848753,1774.242030,-1.367680,23.877520,9.865751,3.675047,0.006380
24.287347,22.318504,33.781332,1769.066466,-1.337299,23.879004,9.887151,3.676831,0.002768
24.311282,22.332025,33.721544,1763.862779,-1.305320,23.894288,9.923695,3.692463,0.010885
24.336293,22.339911,33.666184,1758.626300,-1.263348,23.900733,9.948192,3.704225,-0.005059
24.340859,22.341690,33.603356,1753.385117,-1.213775,23.904055,9.958537,3.712382,-0.002554
24.375355,22.359828,33.542220,1748.103086,-1.185439,23.916795,9.996065,3.724381,0.010542
24.387808,22.373436,33.496630,1742.810994,-1.135374,23.932037,9.997067,3.721746,-0.006943
24.412889,22.370732,33.442086,1737.502179,-1.094951,23.949379,10.016817,3.725328,-0.007661
24.427112,22.389084,33.404359,1732.178837,-1.048802,23.950166,10.021500,3.727444,0.002346
24.455459,22.402404,33.350069,1726.844629,-0.991528,23.955228,10.019614,3.734592,-0.001419
24.473557,22.415666,33.305624,1721.493452,-0.959471,23.968697,10.021102,3.731152,0.003168
24.509251,22.426241,33.265457,1716.134197,-0.914025,23.978548,10.026581,3.730869,0.003321
24.522508,22.431509,33.220979,1710.770369,-0.879646,23.993357,10.013258,3.730498,0.002376
24.540790,22.443800,33.180414,1705.388700,-0.832663,23.992715,10.003050,3.728277,0.003500
24.572733,22.451355,33.142463,1700.003620,-0.795636,24.016069,9.991190,3.722080,-0.000737
24.586648,22.468623,33.113849,1694.620726,-0.743347,24.027336,9.984366,3.720910,0.000175
24.601422,22.475382,33.088591,1689.240757,-0.713874,24.028121,9.950265,3.707584,-0.001568
24.626375,22.483131,33.045816,1683.865706,-0.664341,24.031858,9.936136,3.708917,0.007930
24.638492,22.499047,33.022903,1678.471111,-0.630561,24.046796,9.918027,3.690596,-0.000163
24.670240,22.501666,32.999988,1673.104084,-0.597124,24.060469,9.890461,3.689428,0.010031
24.688557,22.520347,32.967884,1667.738679,-0.561613,24.065774,9.853319,3.672400,-0.002966
24.705105,22.520904,32.939440,1662.368510,-0.531274,24.077938,9.831479,3.662976,-0.004279
24.733101,22.541848,32.926767,1657.026628,-0.507277,24.092003,9.792631,3.646626,-0.007057
24.748561,22.548283,32.908543,1651.676339,-0.469752,24.092618,9.763776,3.636211,-0.001528
24.775325,22.552458,32.879580,1646.348992,-0.442851,24.099701,9.723122,3.627518,-0.002723
24.782267,22.553145,32.865758,1641.021529,-0.406927,24.107851,9.694470,3.608221,0.000212
24.806934,22.577888,32.844641,1635.726167,-0.388450,24.116998,9.648893,3.595073,-0.001107
24.832406,22.584878,32.824571,1630.441170,-0.364803,24.133911,9.605577,3.573323,0.008338
24.851173,22.589538,32.811834,1625.179968,-0.348779,24.147816,9.573503,3.561876,0.002057
24.866360,22.609910,32.801591,1619.929995,-0.329652,24.149922,9.522844,3.548700,-0.002754
24.889761,22.617423,32.793963,1614.695297,-0.316381,24.166605,9.482553,3.532112,0.002603
24.914985,22.620465,32.774648,1609.492526,-0.306291,24.163566,9.439436,3.519988,-0.003697
24.922855,22.625740,32.758969,1604.306712,-0.292535,24.186473,9.398614,3.496064,-0.002753
24.945587,22.639244,32.746462,1599.137276,-0.283130,24.186329,9.352222,3.488084,0.002511
24.969765,22.653716,32.741822,1593.995424,-0.285199,24.194519,9.302470,3.467431,-0.006042
24.990886,22.664515,32.723846,1588.874487,-0.283975,24.205141,9.266089,3.457414,0.003194
25.003182,22.664963,32.721256,1583.780962,-0.277443,24.217970,9.220503,3.429721,-0.001624
25.030014,22.680864,32.706929,1578.722674,-0.281183,24.225448,9.186605,3.410464,0.008309
25.034166,22.682367,32.690147,1573.682763,-0.279972,24.235486,9.127446,3.403218,-0.003062
25.062699,22.699359,32.672063,1568.666998,-0.291423,24.250055,9.077158,3.387634,0.002465
25.083620,22.713847,32.680180,1563.672769,-0.300433,24.256052,9.043742,3.372441,0.000513
25.100450,22.715887,32.657763,1558.719023,-0.310644,24.267662,8.995477,3.352755,-0.007359
25.130953,22.724337,32.643216,1553.780024,-0.334758,24.275859,8.955898,3.339273,0.006812
25.140414,22.744639,32.633188,1548.875868,-0.347418,24.283900,8.931433,3.328160,-0.002610
25.162194,22.749548,32.608687,1543.985524,-0.379496,24.291679,8.888953,3.311295,-0.001558
25.188304,22.752688,32.603360,1539.118483,-0.388617,24.296632,8.846012,3.295324,0.001203
25.192689,22.762936,32.578287,1534.279555,-0.421385,24.312136,8.804409,3.274974,0.001688
25.220295,22.780463,32.557424,1529.492390,-0.444110,24.323954,8.784194,3.276570,0.003212
25.236435,22.786897,32.550205,1524.708801,-0.477839,24.331665,8.752272,3.260539,0.002071
25.245324,22.786377,32.532748,1519.955982,-0.504786,24.339162,8.713519,3.246501,0.007907
25.266906,22.801839,32.514139,1515.225168,-0.540419,24.355924,8.695398,3.232858,-0.000765
25.294909,22.813611,32.481825,1510.510254,-0.571816,24.370467,8.670282,3.224907,0.004562
25.310187,22.821230,32.460238,1505.832049,-0.605868,24.370406,8.628544,3.220059,0.002644
25.324887,22.839439,32.436427,1501.174272,-0.649910,24.377353,8.609277,3.211123,0.004496
25.350779,22.845646,32.409224,1496.531529,-0.673800,24.384386,8.588481,3.190972,-0.001901
25.362955,22.848544,32.383293,1491.923392,-0.727623,24.397252,8.572228,3.195765,-0.003175
25.377233,22.852062,32.353939,1487.332176,-0.767743,24.408611,8.550104,3.179055,0.008970
25.410655,22.860489,32.317344,1482.748657,-0.809031,24.413507,8.536123,3.167177,-0.007969
25.419926,22.878308,32.282069,1478.207047,-0.850620,24.432641,8.517606,3.174947,0.005524
25.439353,22.880182,32.252460,1473.669318,-0.899495,24.433671,8.511160,3.174053,0.003036
25.453916,22.886004,32.217948,1469.146159,-0.945051,24.439574,8.500236,3.175305,-0.007643
25.464623,22.905255,32.184997,1464.650877,-0.989438,24.444997,8.491775,3.162267,0.000945
25.493379,22.909630,32.145479,1460.157169,-1.038623,24.467436,8.486306,3.162063,0.008937
25.508623,22.925230,32.095436,1455.685168,-1.089388,24.474703,8.487877,3.161407,-0.001897
25.530386,22.921508,32.063951,1451.236528,-1.135588,24.481296,8.482625,3.163042,0.001340
25.548934,22.943631,32.018224,1446.797871,-1.189397,24.491385,8.475768,3.156982,-0.000871
25.558170,22.947605,31.976747,1442.363960,-1.234885,24.491313,8.475809,3.151496,-0.000314
25.571358,22.953534,31.919068,1437.935578,-1.294636,24.510990,8.491205,3.167690,-0.004359
25.597023,22.957417,31.873598,1433.519557,-1.338314,24.521164,8.492407,3.159934,0.002692
25.616337,22.984926,31.832514,1429.113789,-1.389663,24.527072,8.504276,3.166686,0.000114
25.625421,22.984563,31.765877,1424.732314,-1.433818,24.531080,8.511207,3.172354,-0.003293
25.643797,22.984061,31.718565,1420.337384,-1.483346,24.550848,8.525063,3.177509,0.001977
25.673646,22.996186,31.667365,1415.943684,-1.525907,24.558599,8.544628,3.178312,-0.011240
25.682366,23.011406,31.602897,1411.559364,-1.576437,24.568308,8.557875,3.184355,-0.000412
25.708324,23.020894,31.546445,1407.182518,-1.625628,24.575680,8.580388,3.198022,-0.000726
25.711411,23.027407,31.483386,1402.804414,-1.675512,24.582339,8.598257,3.207617,-0.003074
25.732399,23.043074,31.423503,1398.430331,-1.716541,24.593776,8.618797,3.205126,-0.002547
25.747061,23.044322,31.353506,1394.041098,-1.754141,24.603199,8.631193,3.218684,0.003245
25.766255,23.053220,31.288632,1389.669083,-1.816124,24.623270,8.669818,3.228164,-0.007009
25.787440,23.056698,31.230976,1385.284524,-1.846434,24.616307,8.691523,3.240210,0.004038
25.807728,23.067867,31.155906,1380.892015,-1.886020,24.629819,8.712348,3.252481,-0.004618
25.822404,23.083418,31.102417,1376.500202,-1.924838,24.647129,8.756888,3.263218,0.006428
25.828689,23.076736,31.024225,1372.097976,-1.956332,24.654332,8.772498,3.268121,0.002889
25.857645,23.098802,30.951267,1367.679198,-1.997183,24.653374,8.808116,3.280718,0.003673
25.864367,23.104979,30.880143,1363.254029,-2.033102,24.672739,8.841971,3.288531,-0.002508
25.887421,23.113449,30.813064,1358.832371,-2.060318,24.680400,8.874269,3.303067,-0.005712
25.900815,23.114802,30.736757,1354.386290,-2.083298,24.690207,8.914736,3.313328,0.004014
25.919121,23.127870,30.657964,1349.935556,-2.118153,24.703056,8.932938,3.332022,-0.000830
25.940712,23.130898,30.582279,1345.463232,-2.147867,24.707118,8.976109,3.340208,0.004307
25.956206,23.139584,30.504622,1340.990324,-2.164377,24.729215,9.009865,3.365096,-0.000966
25.961872,23.151240,30.435214,1336.495340,-2.192755,24.730586,9.052632,3.367150,-0.004833
25.984304,23.160564,30.348906,1331.993419,-2.198000,24.748737,9.083673,3.381239,-0.000623
25.997700,23.173046,30.278357,1327.464730,-2.228927,24.747323,9.128589,3.399341,0.004428
26.019837,23.181212,30.204782,1322.935477,-2.236695,24.756479,9.158246,3.408831,-0.003330
26.029231,23.189197,30.118313,1318.365565,-2.262777,24.760365,9.183744,3.422151,-0.007439
26.055784,23.199982,30.046419,1313.800148,-2.265975,24.769342,9.227859,3.437130,0.003133
26.061292,23.195535,29.965324,1309.208471,-2.268444,24.789583,9.260884,3.446906,-0.001712
26.075169,23.210382,29.883196,1304.585530,-2.281515,24.799125,9.308164,3.461924,0.006031
26.104608,23.225249,29.815209,1299.963305,-2.288574,24.802673,9.343320,3.485160,0.005496
26.101628,23.226042,29.733647,1295.312589,-2.273243,24.809571,9.372181,3.492949,0.002388
26.126884,23.242266,29.657771,1290.649438,-2.282511,24.830935,9.395344,3.505014,0.003719
26.150684,23.237797,29.574562,1285.954404,-2.277450,24.833012,9.438007,3.522376,0.002182
26.153642,23.250722,29.502817,1281.247245,-2.267942,24.846203,9.469596,3.534060,-0.008395
26.176812,23.263539,29.428196,1276.524887,-2.273406,24.855543,9.494533,3.545100,-0.009343
26.201199,23.265869,29.357826,1271.787770,-2.256754,24.859502,9.528101,3.553357,0.004298
26.193671,23.276138,29.284775,1267.011780,-2.247162,24.870372,9.564994,3.566922,-0.000609
26.224038,23.279734,29.199262,1262.236398,-2.237712,24.880394,9.590228,3.583742,0.003967
26.228510,23.280991,29.125822,1257.438780,-2.211029,24.874811,9.621073,3.584402,-0.002331
26.254764,23.292431,29.055373,1252.621086,-2.209500,24.903633,9.638891,3.594134,-0.000907
26.263788,23.308846,28.989139,1247.772786,-2.195157,24.912066,9.674919,3.601440,0.002275
26.283531,23.324559,28.912023,1242.932920,-2.177214,24.912725,9.681385,3.616534,0.000987
26.299042,23.326932,28.839199,1238.059423,-2.155129,24.928800,9.698588,3.618736,-0.001241
26.312476,23.323442,28.767560,1233.169640,-2.140609,24.931456,9.732461,3.620433,-0.003382
26.317943,23.336124,28.707824,1228.275364,-2.115404,24.948594,9.748457,3.621300,-0.003908
26.344548,23.344857,28.634342,1223.363748,-2.085566,24.945650,9.758571,3.643817,0.008268
26.357388,23.353277,28.561433,1218.436660,-2.062387,24.967619,9.775052,3.642756,-0.003280
26.372107,23.361164,28.503274,1213.500507,-2.040625,24.972899,9.787068,3.636417,-0.003605
26.379293,23.363672,28.431946,1208.546067,-2.011531,24.984627,9.785648,3.642072,0.000436
26.411122,23.391224,28.375049,1203.579557,-1.986465,25.000652,9.798193,3.647999,0.002257
26.412290,23.382540,28.317032,1198.610543,-1.969297,25.000966,9.789017,3.656632,-0.004633
26.429447,23.385858,28.250641,1193.628752,-1.937129,25.023925,9.807327,3.650014,-0.002960
26.452542,23.398610,28.198468,1188.653247,-1.923473,25.011457,9.802942,3.649936,0.003108
26.469879,23.414627,28.130672,1183.659771,-1.885328,25.028001,9.802399,3.647709,0.000781
26.484257,23.421603,28.081654,1178.651621,-1.857720,25.039326,9.803859,3.644191,-0.000856
26.482566,23.418651,28.017236,1173.650081,-1.833773,25.045526,9.788718,3.650688,0.009254
26.507557,23.427811,27.963479,1168.638740,-1.808934,25.054493,9.781958,3.639419,0.002610
26.521480,23.445789,27.913978,1163.638644,-1.786006,25.065755,9.781103,3.641651,0.002693
26.533441,23.446257,27.855070,1158.625553,-1.761922,25.075327,9.777569,3.636675,0.005265
26.542160,23.453151,27.803476,1153.622410,-1.739246,25.082778,9.759620,3.636608,-0.000041
26.557591,23.459358,27.746931,1148.603659,-1.712871,25.096872,9.736556,3.639708,0.002535
26.576106,23.462830,27.691627,1143.609497,-1.690679,25.104274,9.728010,3.626476,0.007385
26.590565,23.476272,27.643714,1138.608030,-1.685332,25.098773,9.715112,3.610673,0.002897
26.603659,23.485931,27.605614,1133.608147,-1.668665,25.124069,9.682134,3.605237,-0.001625
26.613476,23.486558,27.553917,1128.627226,-1.655570,25.129032,9.666003,3.596507,0.002562
26.627087,23.500588,27.495857,1123.630082,-1.627807,25.138024,9.664865,3.591059,-0.008241
26.638478,23.501240,27.457262,1118.643085,-1.624362,25.145323,9.638802,3.587899,0.002474
26.657874,23.510116,27.419100,1113.679021,-1.600772,25.163782,9.601094,3.575863,-0.008993
26.665243,23.524351,27.356975,1108.724218,-1.599314,25.173367,9.588095,3.570013,-0.003849
26.676299,23.535492,27.311529,1103.787618,-1.592984,25.176067,9.568005,3.566143,-0.002417
26.699769,23.537756,27.271433,1098.850983,-1.571337,25.182206,9.544777,3.562339,-0.000537
26.706757,23.538071,27.231769,1093.932149,-1.575647,25.190652,9.512516,3.545269,0.001801
26.714586,23.544465,27.183294,1089.016411,-1.577773,25.199779,9.493098,3.539957,0.005757
26.735207,23.554502,27.141539,1084.126227,-1.579606,25.216013,9.464721,3.525104,-0.004456
26.745302,23.556053,27.087294,1079.249690,-1.586091,25.231498,9.436232,3.511498,-0.003730
26.759506,23.567827,27.046646,1074.387519,-1.581159,25.226900,9.413664,3.504236,0.011297
26.769383,23.575457,26.999997,1069.530925,-1.591203,25.238923,9.387029,3.490325,-0.007046
26.789998,23.582439,26.950107,1064.704475,-1.599017,25.246422,9.357223,3.492832,0.000407
26.800732,23.585477,26.915134,1059.886879,-1.619116,25.254356,9.337325,3.471287,0.000494
26.805468,23.593376,26.873002,1055.092422,-1.628714,25.268257,9.307311,3.479825,0.004901
26.827813,23.602391,26.820282,1050.309581,-1.648225,25.278760,9.296193,3.459759,-0.001964
26.844272,23.607944,26.783419,1045.553167,-1.668996,25.290540,9.259874,3.444605,-0.006171
26.854140,23.609810,26.731478,1040.818601,-1.681984,25.298288,9.233522,3.442683,-0.005478
26.850879,23.615228,26.687703,1036.096370,-1.709524,25.306597,9.216134,3.421208,-0.005054
26.869972,23.632238,26.635329,1031.408133,-1.736725,25.310637,9.191024,3.413985,0.002976
26.886787,23.643357,26.596709,1026.711588,-1.770648,25.318431,9.166550,3.416038,0.000539
26.901076,23.641574,26.545174,1022.056024,-1.796270,25.335237,9.132278,3.400124,0.002430
26.914440,23.645422,26.489923,1017.411194,-1.827069,25.345546,9.116988,3.404937,-0.007789
26.924486,23.654504,26.435742,1012.791938,-1.860672,25.342568,9.099865,3.390778,0.001653
26.933846,23.669452,26.386238,1008.188605,-1.901914,25.357804,9.085764,3.386030,-0.000466
26.956635,23.667669,26.349996,1003.604066,-1.933034,25.362126,9.065199,3.365818,-0.004897
26.963214,23.677275,26.299507,999.045936,-1.971698,25.367124,9.042470,3.375532,-0.001450
0.052116,0.056912,50.638354,5288.524143,-0.442065,45.001928,8.260145,3.085980,-0.000374
0.101930,0.100485,50.580281,5283.994532,-0.393752,45.001493,8.324281,3.103141,0.006168
0.148620,0.149055,50.535683,5279.418090,-0.328932,45.007124,8.362926,3.113020,-0.001788
0.206613,0.195596,50.481657,5274.817151,-0.276078,44.992280,8.406129,3.123460,0.010480
0.254319,0.250455,50.457563,5270.173353,-0.211310,45.000422,8.423776,3.140456,-0.000081
0.303065,0.299026,50.432476,5265.509649,-0.148191,44.997657,8.438268,3.144754,0.003858
0.343073,0.342767,50.401913,5260.816719,-0.090185,44.994275,8.439206,3.146853,0.003221
0.395233,0.397564,50.410449,5256.126175,-0.035473,44.993039,8.439715,3.143917,-0.005969
0.448045,0.446287,50.408439,5251.410857,0.031016,45.007471,8.415232,3.132671,0.002220
0.504759,0.494937,50.401467,5246.702700,0.070930,45.005672,8.398760,3.129885,-0.004861
0.541114,0.545110,50.416975,5241.988131,0.151616,44.994978,8.372039,3.116748,-0.000784
0.597536,0.596810,50.450859,5237.284507,0.203439,44.998236,8.315918,3.094148,-0.000441
0.638503,0.646117,50.473519,5232.587048,0.256177,45.000265,8.264235,3.078681,0.008011
0.702483,0.691261,50.514445,5227.911224,0.311721,45.002309,8.205124,3.058371,-0.001161
0.755582,0.736139,50.561747,5223.259183,0.361124,45.011556,8.145552,3.036510,0.007932
0.797835,0.790472,50.624782,5218.632116,0.421444,45.004830,8.069733,3.007208,-0.002383
0.840601,0.840142,50.687548,5214.025326,0.469323,45.002710,7.985538,2.973344,-0.004520
0.894047,0.891804,50.741080,5209.477018,0.527960,45.004450,7.901997,2.939555,-0.000251
0.948641,0.943360,50.827142,5204.950092,0.578257,45.009673,7.790311,2.905552,0.000339
0.991235,0.990304,50.908153,5200.474740,0.619990,45.004131,7.691876,2.873879,-0.004619
1.047559,1.040371,50.985532,5196.034588,0.664092,45.007188,7.592780,2.831410,-0.004982
1.090368,1.090319,51.086304,5191.661666,0.710150,45.014550,7.477181,2.787345,-0.008678
1.145763,1.133691,51.180054,5187.317271,0.746064,45.011667,7.374202,2.745907,0.005244
1.187270,1.193057,51.273270,5183.045518,0.776420,45.015166,7.246408,2.703047,0.003627
1.232988,1.237715,51.398003,5178.825927,0.823771,45.019216,7.120416,2.651654,0.004139
1.284577,1.287593,51.496393,5174.669948,0.855285,45.016122,7.000352,2.602925,-0.005353
1.337796,1.339385,51.623460,5170.573577,0.888711,45.021394,6.869821,2.553020,0.007374
1.392762,1.382125,51.757505,5166.531513,0.908648,45.023996,6.749287,2.510628,0.006254
1.439363,1.434057,51.868051,5162.571177,0.948900,45.011043,6.616334,2.449478,-0.006786
1.488251,1.486356,51.997156,5158.666313,0.975924,45.021451,6.485322,2.414928,0.006770
1.527597,1.530251,52.141888,5154.827349,0.998811,45.019658,6.357432,2.375294,-0.005535
1.579297,1.583303,52.273260,5151.051596,1.013265,45.020222,6.222139,2.315574,-0.011110
1.628738,1.639736,52.411491,5147.354810,1.037692,45.029058,6.093395,2.277027,0.001738
1.684685,1.674337,52.558165,5143.715302,1.053911,45.020135,5.973693,2.224532,-0.004203
1.729073,1.724889,52.692790,5140.155785,1.075576,45.035498,5.847968,2.183801,0.004193
1.780108,1.780339,52.841339,5136.634553,1.086524,45.033635,5.715983,2.122584,-0.003978
1.814614,1.822543,52.995695,5133.208409,1.096505,45.033317,5.595975,2.081978,-0.001550
1.877025,1.869931,53.132547,5129.843548,1.111535,45.035273,5.473487,2.038399,-0.003339
1.925678,1.918536,53.285314,5126.535146,1.106437,45.029753,5.351645,2.000515,0.000748
1.970301,1.968573,53.437765,5123.296191,1.109237,45.039177,5.228346,1.951154,0.002141
2.019433,2.020967,53.589986,5120.130055,1.117440,45.041015,5.118393,1.909791,-0.006573
2.064326,2.077647,53.733854,5117.015938,1.120761,45.043982,5.015443,1.866949,-0.000319
2.115927,2.118996,53.884190,5113.957281,1.112367,45.044980,4.894804,1.814893,0.002419
2.162307,2.153926,54.026769,5110.978653,1.107236,45.042868,4.787502,1.793317,0.002934
2.213959,2.213455,54.182364,5108.063189,1.105279,45.051781,4.687182,1.747104,0.001606
2.262989,2.261988,54.320934,5105.183822,1.101545,45.051996,4.584937,1.707831,-0.003039
2.302087,2.314652,54.484714,5102.375435,1.088424,45.057861,4.483006,1.666397,0.002477
2.354321,2.359417,54.620781,5099.620749,1.084841,45.056776,4.384645,1.641472,0.001426
2.399237,2.405052,54.758458,5096.914639,1.057141,45.055358,4.295089,1.598965,-0.005642
2.452790,2.457518,54.911187,5094.271375,1.051971,45.056491,4.209549,1.574477,0.001290
2.496966,2.513060,55.041344,5091.687882,1.039772,45.061976,4.122015,1.539970,0.001775
2.553775,2.556741,55.176956,5089.142698,1.021766,45.065090,4.035997,1.502018,-0.002378
2.592430,2.587812,55.312598,5086.650989,0.996700,45.073919,3.958579,1.463553,-0.001715
2.639448,2.663324,55.451008,5084.217052,0.972249,45.034540,3.884309,1.447848,-35.002020
2.691827,2.691764,55.577630,5081.821110,0.939382,44.989305,3.808531,1.432657,-35.001900
2.749530,2.746486,55.693395,5079.481289,0.896609,44.969407,3.740067,1.390445,-34.999321
2.785768,2.794304,55.801935,5077.185316,0.865286,44.932853,3.683107,1.370405,-34.995128
2.834926,2.841441,55.928328,5074.927795,0.825243,44.900036,3.621143,1.346359,-34.999347
2.879326,2.881148,56.037403,5072.720640,0.794651,44.862110,3.558152,1.321276,-34.995046
2.930891,2.934718,56.131575,5070.549585,0.754506,44.832035,3.506779,1.317448,-34.994278
2.982213,2.986532,56.234197,5068.414677,0.719650,44.796907,3.449677,1.288330,-35.000583
3.033367,3.034071,56.324366,5066.320464,0.669253,44.779017,3.403937,1.264776,-34.998930
3.080117,3.077320,56.407364,5064.263656,0.628627,44.742913,3.363891,1.245728,-34.985295
3.122535,3.124342,56.495110,5062.234709,0.597693,44.714627,3.323711,1.237204,-35.002327
3.172519,3.169542,56.574841,5060.249790,0.557705,44.686181,3.277600,1.227743,-35.005786
3.210430,3.213530,56.636316,5058.291923,0.507424,44.653113,3.250929,1.210902,-35.004154
3.263907,3.271961,56.701275,5056.357274,0.469344,44.629345,3.213799,1.199813,-35.000901
3.312060,3.305948,56.761296,5054.457152,0.430123,44.596809,3.188237,1.182934,-34.995554
3.370332,3.358681,56.820521,5052.576121,0.377578,44.576951,3.162829,1.177811,-35.004419
3.416046,3.404293,56.867749,5050.727707,0.341604,44.550798,3.146535,1.171895,-35.004665
3.463083,3.459347,56.906960,5048.897411,0.293744,44.513308,3.112551,1.158344,-34.995087
3.499454,3.501799,56.947236,5047.082009,0.252029,44.483808,3.095550,1.156506,-35.010101
3.550510,3.547005,56.973224,5045.299621,0.202802,44.460384,3.094982,1.145845,-34.998537
3.613416,3.606476,56.993390,5043.537434,0.157614,44.444628,3.070468,1.146512,-34.999361
3.646417,3.648591,57.023518,5041.796006,0.110987,44.401831,3.065876,1.144812,-34.998735
3.703728,3.702040,57.023172,5040.052692,0.072713,44.395968,3.057960,1.139575,-35.003293
3.748543,3.748387,57.035171,5038.337067,0.026049,44.366551,3.062758,1.143763,-34.996721
3.796917,3.802502,57.035316,5036.632787,-0.010815,44.343353,3.038460,1.135511,-34.990834
3.840960,3.835325,57.021963,5034.937480,-0.065417,44.311918,3.048004,1.138845,-34.999726
3.892194,3.892668,57.020756,5033.267455,-0.113704,44.281145,3.047572,1.145289,-34.997066
3.948330,3.933026,57.001423,5031.583499,-0.153420,44.255282,3.057218,1.139210,-35.008716
3.981783,3.972604,56.967373,5029.921409,-0.198558,44.237291,3.059378,1.146225,-35.003806
4.041594,4.027433,56.937833,5028.258791,-0.243468,44.206741,3.073790,1.139612,-35.001392
4.091955,4.075749,56.908414,5026.615578,-0.293027,44.183980,3.089926,1.151935,-35.000430
4.129348,4.135229,56.866702,5024.963096,-0.340615,44.148658,3.102491,1.152676,-35.000551
4.184418,4.163860,56.817507,5023.320476,-0.391980,44.129593,3.125345,1.159425,-34.997152
4.231573,4.222699,56.764354,5021.672030,-0.434645,44.103759,3.140697,1.173190,-35.009148
4.282487,4.265263,56.703721,5020.017401,-0.476138,44.073504,3.172712,1.178393,-35.013238
4.335527,4.312244,56.640044,5018.361724,-0.525516,44.056826,3.197717,1.188939,-35.005297
4.378035,4.351028,56.568603,5016.698022,-0.559927,44.015969,3.229179,1.196772,-35.000031
4.437539,4.400782,56.486773,5015.027491,-0.617265,43.995409,3.264015,1.212232,-34.992290
4.478201,4.446655,56.408910,5013.360423,-0.654701,43.973501,3.299372,1.238059,-35.007932
4.524061,4.493500,56.311166,5011.681147,-0.694505,43.934120,3.344814,1.236665,-35.000433
4.566927,4.550044,56.218717,5009.993239,-0.739560,43.910021,3.379512,1.263076,-35.010637
4.608653,4.584026,56.119743,5008.281161,-0.778055,43.883372,3.428250,1.273048,-35.000099
4.664409,4.638753,56.012706,5006.551147,-0.827635,43.844449,3.471428,1.298332,-34.999943
4.700719,4.686270,55.905595,5004.817130,-0.864936,43.828762,3.534591,1.316763,-35.002867
4.757197,4.735354,55.780910,5003.037318,-0.897734,43.795538,3.586904,1.336468,-34.997101
4.809370,4.769988,55.675096,5001.260122,-0.944601,43.769372,3.646597,1.353419,-35.003805
4.866930,4.824580,55.543051,4999.450158,-0.985031,43.726621,3.709350,1.383662,-34.996448
4.913027,4.866064,55.412078,4997.630595,-1.019568,43.691755,3.771394,1.406438,-35.005731
4.960509,4.914459,55.267145,4995.749925,-1.058721,43.673705,3.835744,1.430626,-34.998725
5.005261,4.961353,55.143330,4993.866666,-1.090564,43.630519,3.910469,1.463015,-34.999225
5.058407,5.004571,54.972906,4991.944619,-1.132572,43.598975,3.993211,1.478059,-35.006171
5.107703,5.050137,54.838081,4989.975799,-1.159911,43.564350,4.084672,1.520898,-34.995703
5.149110,5.099811,54.685841,4987.973993,-1.186513,43.529768,4.170705,1.545607,-35.003081
5.201736,5.139828,54.532345,4985.924260,-1.232782,43.500910,4.246541,1.581038,-35.003092
5.249487,5.191238,54.356644,4983.839463,-1.262440,43.451882,4.344233,1.616665,-34.994994
5.300613,5.239722,54.195146,4981.705320,-1.283637,43.422878,4.444460,1.650825,-34.998865
5.336985,5.282872,54.029015,4979.522236,-1.317683,43.384227,4.553481,1.688889,-34.989727
5.388985,5.328942,53.848417,4977.295163,-1.336010,43.342870,4.656612,1.729326,-34.998514
5.437869,5.370752,53.669233,4974.993514,-1.363196,43.297904,4.760506,1.772177,-35.003460
5.485956,5.416452,53.505670,4972.651595,-1.392573,43.263593,4.880588,1.824246,-35.006526
5.525084,5.462388,53.313726,4970.252466,-1.411825,43.208806,5.008654,1.864952,-34.994556
5.589565,5.510051,53.143135,4967.765225,-1.432099,43.163311,5.127802,1.919945,-34.998418
5.641116,5.560770,52.946997,4965.244878,-1.454033,43.123975,5.265796,1.962689,-34.996096
5.675882,5.601171,52.747637,4962.618366,-1.460108,43.075978,5.399196,2.010053,-35.001935
5.724304,5.645466,52.573783,4959.926730,-1.476747,43.022383,5.538705,2.064082,-35.008344
5.779131,5.684483,52.372495,4957.173927,-1.496366,42.991645,5.686337,2.120601,-34.995917
5.833823,5.733037,52.177906,4954.328740,-1.511130,42.927059,5.841108,2.179198,-35.001372
5.875363,5.783082,51.967995,4951.403231,-1.516682,42.873264,5.998436,2.231981,-35.009434
5.922319,5.830573,51.783101,4948.391321,-1.520841,42.830772,6.156288,2.293587,-34.998285
5.963161,5.870146,51.578952,4945.295474,-1.526963,42.759298,6.317225,2.359563,-35.006426
6.023437,5.920877,51.387526,4942.089383,-1.523030,42.706315,6.490626,2.416716,-35.002651
6.069637,5.963253,51.192904,4938.806405,-1.535751,42.654794,6.672335,2.480193,-35.005156
6.120088,6.011754,50.993626,4935.421059,-1.524602,42.588874,6.845087,2.546377,-34.998483
6.170502,6.057008,50.795429,4931.923426,-1.521411,42.527403,7.020304,2.630038,-35.003521
6.216916,6.109427,50.601383,4928.339748,-1.509170,42.460581,7.209105,2.691521,-34.997550
6.254044,6.142339,50.410115,4924.634493,-1.503728,42.387782,7.403059,2.756218,-35.002176
6.308783,6.180668,50.212971,4920.823127,-1.494815,42.326418,7.591000,2.824282,-34.995662
6.351553,6.237509,50.022595,4916.906425,-1.472815,42.252651,7.783583,2.894489,-34.995487
6.410358,6.283017,49.833124,4912.861111,-1.451569,42.186627,7.979807,2.980244,-34.994183
6.461375,6.325905,49.645015,4908.717279,-1.436917,42.100896,8.185023,3.048004,-35.001338
6.498874,6.368386,49.466699,4904.449782,-1.404185,42.028057,8.376429,3.124810,-34.997544
6.566202,6.412427,49.284380,4900.071872,-1.393512,41.943537,8.576944,3.197519,-34.995334
6.606768,6.460761,49.104855,4895.566397,-1.361326,41.883000,8.777781,3.273901,-34.998010
6.663265,6.496760,48.931900,4890.944792,-1.323260,41.786743,8.972139,3.341618,-34.994111
6.698568,6.531578,48.775846,4886.212418,-1.290449,41.707181,9.174919,3.422934,-34.994752
6.754171,6.583590,48.608028,4881.354641,-1.259003,41.617803,9.366636,3.487696,-35.002097
6.798597,6.631813,48.447754,4876.376097,-1.206407,41.526607,9.553399,3.552076,-35.004054
6.849715,6.671948,48.291436,4871.282245,-1.159577,41.447644,9.732826,3.630578,-35.000033
6.905666,6.716961,48.148806,4866.085671,-1.127029,41.344364,9.918627,3.695299,-35.009265
6.944869,6.757972,48.004269,4860.760903,-1.085458,41.241193,10.100815,3.758318,-34.998743
6.987195,6.807964,47.877087,4855.338376,-1.018950,41.157786,10.254405,3.826967,-34.995375
7.049266,6.841226,47.748544,4849.824165,-0.985346,41.057470,10.431508,3.875664,-35.000119
7.092382,6.894970,47.627976,4844.190595,-0.924666,40.942211,10.586162,3.934500,-35.003572
7.138984,6.936186,47.514691,4838.458896,-0.835485,40.961280,10.724970,3.985671,-0.005845
7.190994,6.977151,47.426747,4832.615207,-0.732742,40.968601,10.854263,4.042454,0.000653
7.232706,7.017140,47.323927,4826.706910,-0.646409,40.978507,10.963105,4.089826,0.003283
7.292153,7.056567,47.255034,4820.707945,-0.552804,40.982572,11.047236,4.116427,0.001785
7.339630,7.113817,47.185934,4814.657298,-0.450468,40.995081,11.122940,4.136886,0.001018
7.388049,7.148667,47.134144,4808.524341,-0.352246,41.000478,11.169206,4.168247,-0.006971
7.433448,7.181134,47.099138,4802.355710,-0.250780,41.008820,11.203139,4.178931,0.008717
7.481626,7.219655,47.086276,4796.140221,-0.155646,41.025620,11.211835,4.178529,-0.002102
7.532252,7.284335,47.055880,4789.891939,-0.054563,41.016055,11.195729,4.170133,0.007369
7.581809,7.320405,47.057653,4783.645559,0.047401,41.025843,11.181050,4.165085,0.005521
7.634549,7.354082,47.076741,4777.400336,0.141826,41.036529,11.128952,4.140699,-0.002646
7.678779,7.402809,47.105650,4771.146336,0.239686,41.034532,11.065976,4.110801,-0.008257
7.734152,7.446938,47.138628,4764.917399,0.334327,41.047414,10.980118,4.086926,-0.000770
7.771396,7.483832,47.184945,4758.716058,0.430359,41.049809,10.863923,4.045732,-0.002872
7.833691,7.521118,47.243319,4752.539913,0.525643,41.066384,10.754530,3.995876,0.001536
7.863435,7.575413,47.320280,4746.429792,0.609990,41.072046,10.627870,3.953290,-0.005775
7.921207,7.603794,47.401783,4740.372279,0.707799,41.077076,10.470430,3.902984,-0.003946
7.961571,7.656692,47.489872,4734.382394,0.786142,41.092360,10.312935,3.827753,-0.003610
8.009400,7.691208,47.592548,4728.453615,0.871002,41.092256,10.134942,3.778895,0.009064
8.061771,7.737785,47.704072,4722.618299,0.946822,41.093333,9.953847,3.706225,-0.003864
8.109262,7.786096,47.833488,4716.849962,1.029465,41.117843,9.753491,3.637592,0.004999
8.163035,7.833016,47.949488,4711.185052,1.098849,41.111076,9.559011,3.556728,-0.001432
8.207137,7.861087,48.091352,4705.621918,1.159679,41.114194,9.352161,3.483932,0.002289
8.246185,7.895906,48.239245,4700.148991,1.217781,41.128914,9.139378,3.396150,-0.005453
8.295152,7.946604,48.398471,4694.788052,1.281893,41.141801,8.922995,3.320513,-0.001282
8.334784,7.982267,48.562966,4689.526541,1.341775,41.155808,8.702257,3.235083,-0.017354
8.398194,8.026749,48.724838,4684.382111,1.385260,41.154568,8.470925,3.160844,0.004655
8.428945,8.074915,48.893637,4679.345169,1.440808,41.164843,8.263790,3.076130,0.005456
8.487563,8.113831,49.069108,4674.418317,1.474409,41.168150,8.042784,2.993543,0.002251
8.544044,8.152250,49.251524,4669.608938,1.517478,41.183819,7.818406,2.913835,0.006819
8.579707,8.194131,49.451969,4664.920784,1.557147,41.180639,7.598014,2.834221,0.003558
8.625044,8.238029,49.634741,4660.342556,1.578607,41.188626,7.377808,2.754565,0.001926
8.674067,8.284667,49.832913,4655.877947,1.605513,41.196572,7.170330,2.672307,0.003287
8.726596,8.314947,50.031134,4651.503601,1.629634,41.208380,6.959819,2.590936,0.002444
8.767651,8.359304,50.242184,4647.261728,1.648080,41.214345,6.752409,2.513973,0.012703
8.816699,8.394843,50.444870,4643.121022,1.659107,41.209869,6.551149,2.438928,-0.002317
8.850980,8.446103,50.633350,4639.094573,1.659744,41.233002,6.359362,2.373232,-0.001945
8.912815,8.487098,50.833758,4635.157434,1.683921,41.230048,6.171440,2.300676,-0.003930
8.952837,8.530909,51.051061,4631.343251,1.682549,41.251011,5.981616,2.226082,-0.005494
8.998278,8.569587,51.254491,4627.617770,1.690790,41.253287,5.802927,2.165447,0.001246
9.047126,8.619864,51.453558,4623.995962,1.678391,41.260971,5.629231,2.100642,-0.003584
9.089645,8.654036,51.654366,4620.469206,1.678945,41.274687,5.461236,2.036521,-0.004290
9.132656,8.698096,51.865093,4617.040294,1.666050,41.284336,5.305571,1.975487,0.007114
9.188135,8.732964,52.055021,4613.703931,1.651004,41.296178,5.156554,1.916772,-0.006476
9.232300,8.774489,52.258771,4610.450751,1.638326,41.295737,5.005311,1.849138,-0.004793
9.278965,8.816428,52.449205,4607.286020,1.617699,41.310781,4.852772,1.811747,-0.000219
9.334443,8.858951,52.652132,4604.200841,1.599079,41.319739,4.714365,1.754608,0.000345
9.378773,8.906810,52.837620,4601.195897,1.575595,41.322839,4.590998,1.709894,-0.002780
9.415898,8.935550,53.029587,4598.281187,1.541231,41.327109,4.462069,1.655226,-0.005579
9.477440,8.986967,53.210910,4595.430393,1.529436,41.338883,4.338434,1.626684,-0.005620
9.507155,9.021457,53.392985,4592.654656,1.495104,41.349956,4.227556,1.563484,0.003983
9.568043,9.060124,53.569449,4589.952042,1.467161,41.353809,4.123224,1.529853,0.003140
9.601826,9.104358,53.746614,4587.312398,1.431387,41.368503,4.013406,1.489810,0.002970
9.651040,9.140103,53.914644,4584.735057,1.383613,41.371717,3.918819,1.458030,0.006320
9.690540,9.187132,54.075872,4582.226731,1.340902,41.382974,3.824679,1.416302,-0.001035
9.740667,9.227331,54.232593,4579.785014,1.295457,41.387325,3.731975,1.390647,0.016574
9.775045,9.272434,54.386122,4577.392816,1.266455,41.406384,3.658960,1.351023,-0.008706
9.829786,9.316874,54.541720,4575.061068,1.218608,41.415509,3.573862,1.328900,0.001630
9.886849,9.347026,54.678500,4572.783965,1.170059,41.416431,3.499518,1.300797,-0.003489
9.926223,9.391408,54.819009,4570.565216,1.113927,41.421522,3.426438,1.276668,-0.002586
9.968641,9.428406,54.957652,4568.386785,1.076459,41.435322,3.363464,1.250743,0.006037
10.010138,9.470624,55.072582,4566.256029,1.033452,41.444967,3.297788,1.229805,-0.004680
10.065535,9.511334,55.194115,4564.188520,0.986268,41.458604,3.247978,1.213884,-0.002737
10.107663,9.558566,55.308519,4562.141423,0.924414,41.465184,3.184625,1.190794,-0.001943
10.147255,9.591541,55.411612,4560.146395,0.876713,41.482272,3.137730,1.170430,0.011767
10.202743,9.642370,55.512791,4558.189226,0.809075,41.489255,3.088140,1.157324,0.002464
10.237699,9.678659,55.611395,4556.285439,0.767302,41.493868,3.043453,1.132403,-0.011129
10.289762,9.721560,55.704877,4554.400724,0.713127,41.506455,3.006632,1.117353,0.001985
10.342073,9.757268,55.779618,4552.566230,0.655569,41.510472,2.962601,1.114154,0.005242
10.384372,9.791877,55.857619,4550.758396,0.595115,41.527039,2.926553,1.094604,0.001330
10.425908,9.834141,55.914018,4548.980031,0.534033,41.525826,2.901367,1.075573,-0.000986
10.474852,9.883208,55.984388,4547.230736,0.475660,41.541970,2.878234,1.068889,0.010079
10.516284,9.927383,56.036829,4545.520383,0.409083,41.548199,2.854590,1.061568,-0.002691
10.556340,9.967114,56.083899,4543.831204,0.362466,41.556331,2.833715,1.062857,-0.005951
10.602292,10.006347,56.128218,4542.175262,0.294361,41.572496,2.815622,1.047704,-0.005482
10.654392,10.052556,56.147175,4540.527693,0.236563,41.576482,2.803095,1.051344,-0.013607
10.704166,10.094641,56.180660,4538.919726,0.167933,41.595684,2.793389,1.034561,-0.001586
10.744796,10.132679,56.187470,4537.321423,0.118087,41.598730,2.797237,1.037293,0.006583
10.792180,10.173532,56.205597,4535.744980,0.047418,41.607333,2.777217,1.041345,0.010340
10.832844,10.224143,56.216207,4534.188905,-0.003158,41.617421,2.770759,1.031393,0.002042
10.884868,10.253950,56.207341,4532.642832,-0.063020,41.629667,2.772139,1.028311,0.004664
10.930178,10.299784,56.189215,4531.114152,-0.132184,41.633038,2.772569,1.039315,0.001239
10.975457,10.334682,56.173765,4529.612050,-0.189874,41.650943,2.784402,1.045008,-0.004720
11.023020,10.377120,56.143377,4528.108876,-0.257683,41.663340,2.795937,1.047384,0.007474
11.064935,10.421860,56.114838,4526.624925,-0.315350,41.663546,2.809752,1.036393,-0.001370
11.111571,10.460826,56.069291,4525.128976,-0.379419,41.677432,2.815774,1.057099,0.011676
11.155918,10.499938,56.028711,4523.645961,-0.427011,41.699220,2.831138,1.069844,-0.003748
11.190217,10.542404,55.972769,4522.190522,-0.492792,41.698872,2.855188,1.068801,0.005231
11.240336,10.587386,55.904395,4520.726427,-0.556628,41.709940,2.875887,1.070465,0.006881
11.287529,10.621585,55.832164,4519.242695,-0.624820,41.727821,2.905769,1.078975,-0.002727
11.331957,10.665413,55.754560,4517.784686,-0.678762,41.730256,2.932805,1.091202,0.002292
11.383544,10.710176,55.677559,4516.316576,-0.737166,41.746233,2.980026,1.107434,0.001450
11.430666,10.737710,55.586957,4514.839399,-0.796103,41.750200,3.002544,1.119661,0.003607
11.471127,10.787324,55.487431,4513.351376,-0.854228,41.769928,3.046538,1.128443,0.005777
11.508205,10.823999,55.384650,4511.866157,-0.912480,41.769446,3.087230,1.151604,-0.001357
11.558687,10.862955,55.268704,4510.367360,-0.963603,41.787621,3.125432,1.176677,0.002332
11.599324,10.909768,55.154236,4508.856856,-1.023199,41.799920,3.179175,1.186222,-0.001676
11.650305,10.949325,55.040047,4507.329025,-1.085888,41.807118,3.234306,1.200846,0.001942
11.687239,10.985657,54.902185,4505.779166,-1.133802,41.816667,3.293143,1.223201,0.003350
11.737875,11.035487,54.761045,4504.217035,-1.173491,41.823723,3.367825,1.247091,0.004551
11.776332,11.073823,54.622437,4502.625911,-1.228105,41.837380,3.422563,1.286716,0.006318
11.825361,11.112518,54.473925,4501.012749,-1.281231,41.849862,3.479228,1.300897,-0.004647
11.870263,11.153821,54.321420,4499.369282,-1.327134,41.865605,3.572123,1.331768,0.000410
11.907092,11.190048,54.176122,4497.711364,-1.375017,41.874361,3.630484,1.357343,-0.002267
11.970016,11.240293,53.994302,4496.011434,-1.421791,41.901160,3.723350,1.383347,0.012487
12.003978,11.278140,53.824983,4494.268514,-1.467577,41.906410,3.808401,1.418912,-0.008676
12.042517,11.324949,53.649133,4492.488597,-1.507522,41.909093,3.904912,1.445163,0.009949
12.096087,11.355046,53.473399,4490.672507,-1.548762,41.922707,3.987189,1.492140,-0.000102
12.142623,11.398169,53.281144,4488.797711,-1.586337,41.929951,4.103367,1.527539,0.004986
12.183569,11.445918,53.093639,4486.873989,-1.627176,41.950350,4.201859,1.565230,0.004493
12.218812,11.485110,52.906011,4484.920347,-1.661181,41.953493,4.317142,1.606147,-0.000354
12.275489,11.509505,52.704966,4482.897871,-1.692482,41.965145,4.438436,1.656562,0.008761
12.322014,11.570525,52.506720,4480.816431,-1.729273,41.966079,4.565034,1.710928,0.002871
12.357410,11.611330,52.295423,4478.670871,-1.754837,41.981894,4.697456,1.737378,-0.004838
12.404299,11.644153,52.089329,4476.453676,-1.783915,42.002310,4.818256,1.793092,-0.005926
12.446629,11.690249,51.888163,4474.185674,-1.803920,42.012512,4.958490,1.851964,-0.008822
12.502355,11.727647,51.670881,4471.833048,-1.853702,41.963677,5.108758,1.906716,-41.001132
12.549862,11.768617,51.456886,4469.400230,-1.895181,41.901137,5.264350,1.954239,-40.996565
12.587146,11.819679,51.226917,4466.892383,-1.931430,41.861535,5.425465,2.018371,-40.999599
12.632787,11.842565,51.006653,4464.307413,-1.970831,41.796183,5.597491,2.093600,-40.995458
12.670614,11.894532,50.772060,4461.639219,-2.006135,41.731699,5.776684,2.152605,-40.989937
12.724704,11.942372,50.535002,4458.880887,-2.040051,41.677736,5.958998,2.223402,-40.990517
12.763724,11.980082,50.289483,4456.010258,-2.067896,41.609179,6.160426,2.293735,-40.995792
12.811576,12.008918,50.050773,4453.047002,-2.101943,41.543012,6.369931,2.368229,-40.998585
12.848180,12.058501,49.806181,4449.956833,-2.124497,41.461632,6.580758,2.451445,-41.000735
12.901762,12.097764,49.551908,4446.771622,-2.134819,41.398834,6.806790,2.534497,-41.005747
12.955012,12.137965,49.309064,4443.444360,-2.158550,41.326028,7.036656,2.627946,-40.989913
12.987941,12.172095,49.057460,4439.987927,-2.173659,41.241942,7.271178,2.711592,-40.994377
13.023856,12.217056,48.795597,4436.409929,-2.189945,41.161406,7.531798,2.805626,-40.997183
13.076379,12.259160,48.551900,4432.677601,-2.190027,41.077748,7.785891,2.896263,-41.001124
13.127231,12.297579,48.288468,4428.807937,-2.202465,40.990947,8.049870,3.004687,-41.002997
13.168456,12.337498,48.022789,4424.782112,-2.196676,40.895364,8.338785,3.103845,-40.999895
13.211492,12.375891,47.781881,4420.598609,-2.195516,40.803654,8.620335,3.215118,-41.005596
13.243195,12.407200,47.532477,4416.250555,-2.186203,40.703721,8.922015,3.322709,-41.009976
13.297577,12.452791,47.270941,4411.729066,-2.177225,40.591328,9.223469,3.440272,-40.998050
13.349181,12.501559,47.024059,4407.039483,-2.160542,40.494508,9.530662,3.555584,-41.006066
13.388898,12.537457,46.789531,4402.163875,-2.131627,40.382042,9.848509,3.664907,-40.994965
13.435944,12.575252,46.520737,4397.107223,-2.111858,40.267797,10.180082,3.790167,-41.001539
13.476984,12.604593,46.291985,4391.867331,-2.078689,40.148139,10.502955,3.907033,-40.996474
13.521010,12.651380,46.057377,4386.428079,-2.037930,40.014278,10.831835,4.031843,-41.012227
13.564417,12.692230,45.823417,4380.799220,-2.001638,39.883734,11.164176,4.155707,-41.000436
13.618144,12.717844,45.599807,4374.975731,-1.956406,39.752395,11.495902,4.282149,-40.992840
13.658630,12.765974,45.383439,4368.959198,-1.913269,39.615694,11.831636,4.401549,-41.003176
13.704231,12.812138,45.162199,4362.732183,-1.850820,39.477372,12.157776,4.526313,-40.997707
13.762344,12.839549,44.957776,4356.317939,-1.805647,39.334575,12.485420,4.655171,-41.007152
13.797086,12.884760,44.746480,4349.691686,-1.731094,39.183462,12.802218,4.771082,-40.997581
13.843010,12.908625,44.561793,4342.889787,-1.669109,39.018967,13.116103,4.890325,-41.005783
13.886952,12.954670,44.371618,4335.887514,-1.594265,38.859375,13.419766,5.000783,-40.993132
13.925006,12.999982,44.186191,4328.698821,-1.516666,38.698654,13.709488,5.110883,-40.992302
13.975421,13.037362,44.019873,4321.344030,-1.438452,38.530954,13.985887,5.213159,-40.999268
14.020910,13.064409,43.859491,4313.788598,-1.352763,38.347564,14.261055,5.309210,-41.005343
14.064241,13.107460,43.710779,4306.086905,-1.270786,38.181168,14.495956,5.400383,-41.006441
14.114712,13.145905,43.572002,4298.225681,-1.173945,38.004732,14.738272,5.486420,-41.000526
14.161187,13.180221,43.458033,4290.222112,-1.088395,37.815416,14.941449,5.570165,-41.012362
14.207209,13.219177,43.336488,4282.079172,-0.971466,37.633669,15.128047,5.643541,-41.002645
14.250889,13.254114,43.226707,4273.810751,-0.882461,37.453582,15.300214,5.696726,-41.007516
14.297495,13.287204,43.133354,4265.425695,-0.774263,37.256788,15.435561,5.762018,-41.004306
14.337298,13.324207,43.047249,4256.945574,-0.670628,37.054211,15.553544,5.796562,-41.003306
14.382393,13.360399,42.992354,4248.397971,-0.567487,36.858837,15.635178,5.823502,-41.000090
14.430228,13.391016,42.926442,4239.779756,-0.461107,36.666246,15.691770,5.851395,-40.999835
14.468601,13.424991,42.887786,4231.090238,-0.354963,36.469536,15.741017,5.862791,-41.001108
14.513708,13.468883,42.852308,4222.369143,-0.240901,36.277462,15.737872,5.863215,-40.996888
14.575884,13.502306,42.825158,4213.615666,-0.132881,36.062870,15.726228,5.856135,-41.011700
14.612458,13.539351,42.825019,4204.868319,-0.031855,35.870460,15.678925,5.842506,-40.994768
14.656945,13.553180,42.819777,4196.116595,0.070400,35.672328,15.618425,5.821531,-40.999422
14.703329,13.603174,42.832359,4187.382868,0.184645,35.479606,15.515270,5.781821,-41.002735
14.753888,13.634098,42.873227,4178.687360,0.293439,35.282638,15.395120,5.731951,-40.995535
14.790365,13.663813,42.895577,4170.043217,0.382159,35.096070,15.249639,5.680751,-40.999171
14.844318,13.698820,42.940349,4161.456134,0.493205,34.891662,15.083310,5.627118,-41.001061
14.891813,13.720066,43.014336,4152.934910,0.586072,34.706958,14.907168,5.565217,-40.999324
14.935782,13.769021,43.075312,4144.506869,0.671842,34.509447,14.700211,5.478198,-41.002320
14.973527,13.796384,43.158479,4136.173195,0.769384,34.316552,14.483074,5.401569,-40.996408
15.030922,13.829365,43.239346,4127.939437,0.863453,34.142700,14.243719,5.308545,-41.006301
15.073887,13.854579,43.336169,4119.819893,0.935900,33.952251,13.996486,5.218896,-40.995839
15.115523,13.886972,43.443989,4111.824650,1.016649,33.782464,13.738719,5.113085,-41.006241
15.162986,13.923563,43.554938,4103.960295,1.082610,33.599172,13.469155,5.017571,-41.003226
15.209036,13.949922,43.683806,4096.226676,1.152651,33.422226,13.191682,4.912978,-41.005288
15.247743,13.993294,43.802295,4088.633523,1.227209,33.261097,12.920361,4.811164,-41.014119
15.308730,14.019645,43.949313,4081.181203,1.284487,33.096634,12.630780,4.703633,-40.992896
15.341815,14.051359,44.076670,4073.869839,1.331516,32.933202,12.327129,4.597123,-41.000617
15.396906,14.087074,44.221478,4066.731107,1.388638,32.786042,12.034982,4.481936,-40.991734
15.437525,14.107771,44.378359,4059.715341,1.433770,32.630505,11.744228,4.375403,-40.995571
15.482585,14.141715,44.529825,4052.863614,1.479931,32.475657,11.457911,4.263990,-41.002798
15.535424,14.174289,44.676988,4046.165754,1.515299,32.322076,11.161855,4.161769,-40.999368
15.573086,14.203628,44.855112,4039.612017,1.546565,32.196670,10.894114,4.053576,-40.992552
15.623323,14.221972,45.016576,4033.228605,1.575888,32.040512,10.594713,3.947886,-40.998901
15.666134,14.250310,45.188375,4026.986598,1.590708,31.914388,10.319735,3.841175,-40.999209
15.708913,14.291372,45.354935,4020.878678,1.611707,31.775974,10.042064,3.738815,-41.007307
15.759981,14.315925,45.520192,4014.937180,1.633259,31.653247,9.775676,3.642439,-41.010355
15.806062,14.346708,45.690282,4009.126379,1.631402,31.526219,9.521608,3.539777,-41.001106
15.852430,14.376919,45.871898,4003.471026,1.634322,31.402862,9.260471,3.452949,-41.004249
15.899158,14.404103,46.029884,3997.946400,1.648516,31.291012,9.016178,3.355197,-40.997630
15.945523,14.427631,46.206556,3992.548058,1.626385,31.175077,8.784430,3.265908,-40.993906
15.983130,14.461584,46.368414,3987.303944,1.634599,31.059448,8.551333,3.187971,-41.002230
16.035881,14.488680,46.545934,3982.180304,1.617344,30.953779,8.332645,3.094984,-41.002253
16.074798,14.524576,46.721307,3977.180538,1.602447,30.849666,8.116597,3.022043,-40.997155
16.121754,14.544791,46.883432,3972.300194,1.587727,30.737464,7.908682,2.944903,-41.000645
16.175653,14.581549,47.055670,3967.534840,1.553796,30.652248,7.703660,2.872379,-41.000120
16.213141,14.599959,47.206607,3962.890500,1.529815,30.548467,7.527188,2.803135,-41.001573
16.264287,14.637564,47.357318,3958.359247,1.500630,30.455865,7.339555,2.736179,-40.999776
16.306502,14.662685,47.512004,3953.925426,1.472417,30.360984,7.165658,2.666458,-40.997223
16.360867,14.693595,47.662949,3949.606822,1.440671,30.267564,7.003545,2.618438,-40.988200
16.399930,14.712261,47.810522,3945.375416,1.401210,30.192528,6.841969,2.542935,-40.994979
16.437997,14.742957,47.954504,3941.236284,1.347044,30.092963,6.698235,2.497058,-40.995122
16.486384,14.761645,48.083351,3937.202894,1.324922,30.012137,6.557793,2.436899,-41.010711
16.540866,14.800905,48.236871,3933.250264,1.269615,29.933376,6.419095,2.392698,-40.999781
16.567767,14.828201,48.347557,3929.390241,1.223571,29.856738,6.296458,2.340816,-41.014697
16.631192,14.860893,48.479251,3925.601315,1.169087,29.773727,6.175818,2.297256,-40.993076
16.670422,14.884638,48.593333,3921.898967,1.113883,29.698468,6.052802,2.248032,-40.995608
16.715009,14.911152,48.706253,3918.262869,1.064548,29.625518,5.953206,2.218713,-40.994395
16.758719,14.937145,48.804385,3914.705622,1.004186,29.552445,5.856878,2.178312,-40.998126
16.808500,14.971714,48.914432,3911.205644,0.950728,29.465267,5.766470,2.142200,-41.001727
16.853908,14.982714,49.004545,3907.786688,0.885931,29.402254,5.680524,2.118809,-41.002898
16.896825,15.023126,49.087425,3904.416075,0.831251,29.334218,5.598969,2.090168,-40.998318
16.947921,15.047448,49.176729,3901.104382,0.767820,29.253218,5.525524,2.055936,-41.003001
16.989809,15.084146,49.250439,3897.846219,0.702932,29.183181,5.455021,2.033903,-40.997506
17.033339,15.086131,49.315196,3894.646938,0.636085,29.124246,5.391847,2.009313,-40.995559
17.085669,15.120589,49.371977,3891.499560,0.569328,29.068248,5.343874,1.993220,-40.997017
17.124945,15.150818,49.433688,3888.389260,0.497695,28.991737,5.290277,1.967286,-40.999433
17.172573,15.178086,49.475541,3885.334260,0.436615,28.936055,5.241104,1.957236,-41.001290
17.219625,15.201796,49.521773,3882.307565,0.360853,28.859083,5.215378,1.948221,-40.993815
17.261065,15.221738,49.549792,3879.330320,0.299096,28.811391,5.176875,1.926033,-40.997057
17.306864,15.256723,49.574191,3876.373671,0.226153,28.735761,5.143420,1.917399,-41.003426
17.348876,15.273118,49.599804,3873.449675,0.159190,28.682575,5.133636,1.916953,-40.996078
17.407489,15.306599,49.613271,3870.567298,0.086567,28.616357,5.110412,1.899394,-41.004946
17.443763,15.338102,49.622267,3867.694649,0.019502,28.550781,5.105279,1.902600,-40.996044
17.490201,15.349021,49.616290,3864.847093,-0.062130,28.489456,5.094948,1.894467,-40.997050
17.536295,15.381200,49.606233,3862.042284,-0.135953,28.419947,5.098368,1.890720,-41.004269
17.583043,15.419530,49.580194,3859.231480,-0.200207,28.357746,5.095558,1.892572,-40.998401
17.616275,15.423291,49.567030,3856.431750,-0.277442,28.303351,5.101631,1.894891,-41.009427
17.673200,15.453367,49.525437,3853.658294,-0.345695,28.234939,5.119039,1.907073,-40.996823
17.711829,15.485809,49.495961,3850.879108,-0.420219,28.176516,5.147725,1.916583,-40.995368
17.763992,15.522006,49.443812,3848.120009,-0.490450,28.113930,5.172048,1.927128,-41.004697
17.806112,15.538660,49.393451,3845.353940,-0.561320,28.046207,5.193818,1.933320,-41.008580
17.853843,15.578582,49.342780,3842.592427,-0.632054,27.976868,5.236030,1.947962,-40.999220
17.897292,15.582123,49.271216,3839.817173,-0.702351,27.914033,5.277467,1.966324,-40.992539
17.942344,15.612931,49.184502,3837.051298,-0.781233,27.848950,5.320037,1.985885,-41.006263
17.997251,15.641087,49.110372,3834.258972,-0.843825,27.775237,5.374834,2.003618,-41.000317
18.030378,15.666769,49.028879,3831.461245,-0.909582,27.717021,5.447560,2.029334,-40.994575
18.086971,15.682883,48.934852,3828.637197,-0.983100,27.640976,5.505281,2.047150,-40.995504
18.122462,15.713195,48.825129,3825.806156,-1.044236,27.562860,5.574882,2.079981,-40.998740
18.168473,15.736252,48.719747,3822.933697,-1.114175,27.509294,5.648954,2.105760,-40.999646
18.219982,15.763771,48.620000,3820.048119,-1.175620,27.424226,5.726177,2.131167,-41.001862
18.264338,15.782661,48.484364,3817.120571,-1.229951,27.354875,5.822535,2.173447,-40.998948
18.308658,15.811099,48.361464,3814.168522,-1.301235,27.272907,5.924289,2.197289,-40.999461
18.347187,15.843089,48.236958,3811.164977,-1.361398,27.207163,6.022080,2.245280,-41.003977
18.406886,15.865153,48.079239,3808.112910,-1.419839,27.131773,6.132151,2.285408,-41.001461
18.440008,15.891400,47.937085,3805.024067,-1.471446,27.055274,6.249440,2.328724,-41.004505
18.493745,15.905580,47.791296,3801.882728,-1.530379,26.972972,6.362842,2.371724,-40.991546
18.523913,15.931822,47.636535,3798.679156,-1.573907,26.879827,6.498337,2.415187,-40.994944
18.574735,15.961591,47.478710,3795.412855,-1.637928,26.799124,6.624465,2.468139,-41.010209
18.629897,15.981361,47.311379,3792.083891,-1.679987,26.716219,6.769424,2.518792,-40.997333
18.671370,16.003932,47.149019,3788.693048,-1.733592,26.622489,6.931846,2.580384,-41.003398
18.719360,16.032883,46.972478,3785.222821,-1.769688,26.522276,7.083153,2.634966,-41.007573
18.767665,16.061984,46.799738,3781.669103,-1.820022,26.431836,7.247042,2.697024,-41.003176
18.807874,16.079396,46.614758,3778.038550,-1.839335,26.341062,7.427298,2.763704,-40.998371
18.851869,16.102229,46.441428,3774.311246,-1.881121,26.232584,7.604333,2.836918,-40.985771
18.903132,16.130059,46.243610,3770.494348,-1.912075,26.134385,7.786579,2.910492,-41.003775
18.933148,16.156464,46.060162,3766.576272,-1.945885,26.029151,7.994367,2.970896,-41.000417
18.990442,16.181535,45.867738,3762.548585,-1.972148,25.921444,8.197983,3.048132,-40.995385
19.043769,16.192486,45.661212,3758.417213,-1.994060,25.809080,8.397162,3.120160,-41.004897
19.081462,16.222546,45.459038,3754.169181,-2.007631,25.691816,8.620236,3.211490,-41.002338
19.124730,16.237347,45.265526,3749.804019,-2.034014,25.574010,8.837655,3.287300,-41.001202
19.169607,16.262167,45.070917,3745.323227,-2.036369,25.456093,9.070403,3.378808,-40.998939
19.202597,16.291608,44.862350,3740.698707,-2.043323,25.305573,9.305958,3.457969,-40.999493
19.254111,16.313177,44.664703,3735.954542,-2.051486,25.179193,9.553592,3.562859,-40.997057
19.300817,16.331552,44.457632,3731.069116,-2.048189,25.062198,9.793612,3.653978,-40.999673
19.355530,16.351583,44.270607,3726.048303,-2.052866,24.917101,10.054917,3.750129,-40.998707
19.396188,16.374896,44.078321,3720.876098,-2.037038,24.785050,10.302147,3.839699,-41.000749
19.428931,16.398937,43.869975,3715.565590,-2.026714,24.625092,10.577977,3.949601,-40.987766
19.478962,16.418881,43.673400,3710.092628,-2.007245,24.473514,10.831506,4.039418,-41.001859
19.538322,16.447879,43.478856,3704.477174,-1.989770,24.324068,11.099857,4.134056,-41.010598
19.573643,16.460546,43.290154,3698.713219,-1.965575,24.160362,11.356660,4.228849,-41.007942
19.613646,16.483219,43.105111,3692.774858,-1.929266,24.005152,11.642211,4.323657,-40.994204
19.669831,16.515691,42.916496,3686.694242,-1.896212,23.839292,11.882612,4.426471,-40.992855
19.713547,16.530679,42.733061,3680.443329,-1.853141,23.653136,12.162858,4.528141,-41.003751
19.757883,16.549242,42.551261,3674.054123,-1.814035,23.486885,12.409565,4.629459,-40.999121
19.802532,16.575442,42.386514,3667.477441,-1.762951,23.310253,12.681303,4.718434,-40.995400
19.844581,16.591938,42.221803,3660.757986,-1.706504,23.107148,12.932990,4.819268,-41.001607
19.892097,16.615072,42.053480,3653.894171,-1.650689,22.927353,13.177671,4.914760,-40.993246
19.938666,16.637545,41.905287,3646.880914,-1.588123,22.731287,13.416726,5.000316,-41.010689
19.974195,16.643702,41.762000,3639.701485,-1.519212,22.535204,13.647205,5.087554,-40.999248
20.029632,16.671793,41.605805,3632.395069,-1.457073,22.324374,13.865896,5.165994,-40.995434
20.068762,16.690157,41.486984,3624.955091,-1.380723,22.132520,14.063514,5.240194,-40.986774
20.120668,16.709602,41.352738,3617.377277,-1.311937,21.926144,14.263745,5.313564,-41.002865
20.153100,16.736329,41.234813,3609.661721,-1.224154,21.702666,14.457846,5.387348,-41.003480
20.210925,16.747145,41.114987,3601.846897,-1.140981,21.483459,14.610918,5.437261,-41.001859
20.251874,16.773204,41.018612,3593.919804,-1.053339,21.267708,14.763165,5.494107,-40.997373
20.299253,16.788296,40.928094,3585.893069,-0.971971,21.041677,14.887693,5.552824,-40.992879
20.345117,16.802619,40.837533,3577.774267,-0.860831,20.827148,15.004969,5.583018,-41.001886
20.393363,16.814849,40.758755,3569.561403,-0.788086,20.591857,15.101142,5.629405,-41.004558
20.424863,16.837691,40.701183,3561.304045,-0.680502,20.372268,15.180301,5.653166,-40.999970
20.477611,16.852204,40.633272,3552.961188,-0.592190,20.142073,15.239703,5.671943,-41.004349
20.524125,16.871488,40.581698,3544.569869,-0.497933,19.900615,15.267439,5.689311,-41.007952
20.563109,16.897032,40.548940,3536.143210,-0.406224,19.675226,15.289333,5.694128,-41.012963
20.617365,16.907054,40.504367,3527.697148,-0.310602,19.443186,15.282957,5.696103,-41.010228
20.656231,16.927559,40.479618,3519.218954,-0.210077,19.203770,15.255847,5.691362,-40.996064
20.706904,16.944761,40.465390,3510.753526,-0.123131,18.974792,15.218034,5.675093,-40.996433
20.749926,16.964243,40.456843,3502.280382,-0.013504,18.728789,15.162852,5.641350,-40.996094
20.796030,16.978628,40.464385,3493.813945,0.075835,18.503724,15.077681,5.617263,-41.001002
20.833854,16.990380,40.466457,3485.376377,0.159395,18.270349,14.995297,5.587368,-40.999704
20.875516,17.008529,40.491322,3476.986641,0.244368,18.039420,14.874309,5.552023,-41.001208
20.917949,17.028082,40.524219,3468.628674,0.349786,17.801503,14.752651,5.495786,-41.001273
20.961401,17.044705,40.555875,3460.327609,0.431928,17.576577,14.611422,5.440096,-40.999088
21.015546,17.051512,40.592816,3452.091690,0.511618,17.349122,14.448783,5.379483,-41.001991
21.060041,17.071399,40.641084,3443.927237,0.584108,17.131746,14.284660,5.329796,-40.994592
21.101024,17.077986,40.700740,3435.830677,0.660193,16.900648,14.114597,5.250849,-41.005576
21.148675,17.096582,40.762778,3427.830256,0.737572,16.674796,13.925204,5.181488,-40.997528
21.180886,17.111175,40.820235,3419.911658,0.798433,16.462896,13.718957,5.114226,-41.005796
21.235749,17.131759,40.908358,3412.075984,0.866510,16.242389,13.513558,5.038291,-40.995727
21.265339,17.133361,40.981571,3404.356254,0.913605,16.034072,13.298560,4.960294,-41.001352
21.326224,17.149807,41.073892,3396.743396,0.967708,15.823837,13.094612,4.881468,-40.998980
21.361384,17.172071,41.159493,3389.230498,1.030773,15.622086,12.864353,4.783086,-41.001509
21.398001,17.170840,41.251922,3381.839626,1.068164,15.407989,12.651957,4.709275,-40.998131
21.446349,17.188825,41.350259,3374.552599,1.117097,15.210692,12.432626,4.628177,-41.006124
21.493189,17.200824,41.448663,3367.394821,1.151651,15.016127,12.207243,4.546020,-40.996432
21.534687,17.214188,41.558120,3360.320989,1.193784,14.828284,11.980693,4.466764,-40.998899
21.569231,17.225387,41.661632,3353.387399,1.207258,14.631278,11.753812,4.377467,-41.009069
21.620238,17.238493,41.761638,3346.584850,1.242384,14.440743,11.522512,4.294971,-40.996514
21.667146,17.243285,41.879562,3339.877740,1.256139,14.262333,11.304053,4.208997,-40.995858
21.718108,17.261962,41.984925,3333.313112,1.277827,14.090292,11.088898,4.123703,-40.991037
21.756455,17.276689,42.095765,3326.845239,1.289598,13.904160,10.876758,4.045796,-40.993656
21.800459,17.285401,42.204004,3320.514618,1.298492,13.739433,10.655702,3.971833,-40.992658
21.838835,17.302603,42.312704,3314.281562,1.306611,13.556761,10.445988,3.883666,-40.998785
21.886034,17.318976,42.438157,3308.166025,1.297432,13.396904,10.253374,3.809644,-41.007306
21.923508,17.323190,42.540013,3302.165261,1.292997,13.230236,10.055383,3.755664,-41.009347
21.967377,17.327375,42.660370,3296.275697,1.288154,13.066659,9.864530,3.666872,-41.005972
22.015035,17.337018,42.766741,3290.503274,1.261411,12.907827,9.669962,3.604268,-40.992416
22.056380,17.352550,42.873893,3284.825599,1.255765,12.748425,9.502017,3.552229,-40.994469
22.092951,17.359999,42.991105,3279.239210,1.232767,12.590809,9.330241,3.479135,-41.000027
22.152001,17.371114,43.086666,3273.779120,1.201713,12.444531,9.162354,3.417870,-40.999692
22.181962,17.384974,43.185855,3268.400789,1.176320,12.295861,9.004496,3.351131,-41.003243
22.240114,17.389494,43.283474,3263.123300,1.143062,12.153197,8.847256,3.289220,-41.002056
22.273135,17.391975,43.373063,3257.941745,1.105619,12.012301,8.703715,3.243387,-41.008564
22.310866,17.416234,43.476122,3252.834461,1.071671,11.870175,8.556073,3.189813,-40.997533
22.345415,17.416692,43.564481,3247.830785,1.028721,11.731633,8.428544,3.140962,-40.999231
22.397130,17.429353,43.654404,3242.899535,0.992775,11.602631,8.297170,3.098142,-40.996952
22.435712,17.444139,43.736832,3238.046863,0.936350,11.454693,8.177431,3.042227,-41.012842
22.478646,17.451286,43.807952,3233.273297,0.890448,11.324552,8.062105,2.999747,-40.998817
22.527227,17.457777,43.891564,3228.580420,0.834353,11.198900,7.963496,2.972501,-40.996441
22.571686,17.456422,43.949905,3223.957619,0.787926,11.064468,7.852453,2.923769,-40.998626
22.605408,17.482971,44.012466,3219.392636,0.740512,10.929970,7.774234,2.892876,-41.004648
22.661477,17.482337,44.075709,3214.889211,0.666487,10.806350,7.685843,2.858007,-41.010148
22.696351,17.501039,44.128199,3210.471202,0.608205,10.683358,7.609076,2.835180,-40.999307
22.734863,17.502733,44.178438,3206.088181,0.557561,10.552994,7.532878,2.805149,-41.000739
22.790757,17.508305,44.227167,3201.759703,0.479388,10.426552,7.465262,2.778134,-40.999380
22.818380,17.511776,44.255671,3197.491435,0.425342,10.302956,7.408512,2.757886,-41.002141
22.859742,17.520044,44.289867,3193.274714,0.365480,10.184293,7.345995,2.738090,-41.005307
22.898741,17.541048,44.325375,3189.084603,0.289328,10.062138,7.302271,2.717644,-41.003319
22.952049,17.538054,44.343610,3184.957512,0.218524,9.930637,7.265051,2.701841,-40.994171
22.988490,17.548996,44.361105,3180.858776,0.153771,9.821792,7.230806,2.696886,-40.999752
23.039270,17.561938,44.373759,3176.801844,0.083323,9.699594,7.206525,2.684190,-41.000439
23.075366,17.560274,44.379257,3172.766152,0.062858,9.709466,7.184644,2.673021,-0.004457
23.122054,17.573448,44.372420,3168.742012,0.040360,9.717428,7.142709,2.658688,0.001078
23.163703,17.595621,44.380809,3164.752508,0.012981,9.717831,7.127473,2.663613,0.006795
23.195165,17.588891,44.382623,3160.766994,-0.012779,9.733375,7.113009,2.649518,-0.003207
23.237858,17.592021,44.378228,3156.805645,-0.030304,9.745963,7.094573,2.647265,-0.000302
23.282584,17.605118,44.371802,3152.856448,-0.062581,9.753282,7.081813,2.642014,-0.001649
23.320471,17.619840,44.363976,3148.914925,-0.082190,9.756096,7.070866,2.639104,0.002785
23.357866,17.625448,44.364137,3144.980707,-0.123988,9.770618,7.072860,2.627056,0.003056
23.413094,17.634123,44.358239,3141.091962,-0.141719,9.774493,7.056814,2.627524,-0.005029
23.444472,17.638409,44.334321,3137.169892,-0.177023,9.775362,7.058633,2.616368,-0.008116
23.481038,17.650908,44.323080,3133.275628,-0.194148,9.789480,7.056115,2.623164,-0.000732
23.536684,17.654288,44.305818,3129.389011,-0.227603,9.794947,7.054253,2.617737,-0.006443
23.572665,17.655089,44.286534,3125.520700,-0.262680,9.807242,7.065347,2.617071,0.002307
23.611918,17.669925,44.257210,3121.642950,-0.293424,9.816322,7.054331,2.625332,0.005184
23.657609,17.675667,44.231307,3117.776778,-0.314895,9.826876,7.069821,2.631462,0.004065
23.694497,17.686835,44.203085,3113.913572,-0.350032,9.829650,7.073019,2.633506,0.000690
23.737368,17.691358,44.186798,3110.041202,-0.362560,9.838859,7.090808,2.642241,0.003245
23.780906,17.703188,44.143765,3106.178493,-0.403091,9.854640,7.102932,2.647145,0.001474
23.818768,17.704072,44.112496,3102.310874,-0.430279,9.861087,7.119421,2.657547,-0.000621
23.862224,17.703611,44.077626,3098.442007,-0.460430,9.868192,7.136694,2.656454,-0.007180
23.898470,17.713597,44.039023,3094.565140,-0.489182,9.872288,7.159339,2.666879,0.002305
23.942249,17.725290,43.995955,3090.686627,-0.500693,9.888829,7.172419,2.673701,0.008416
23.984504,17.738543,43.947475,3086.801925,-0.534611,9.894473,7.204620,2.670217,-0.005208
24.013405,17.751940,43.914523,3082.900252,-0.566887,9.906025,7.228380,2.691234,0.005169
24.059641,17.760410,43.865514,3079.001700,-0.585726,9.901974,7.249121,2.704077,0.000841
24.106937,17.760147,43.814786,3075.093864,-0.612558,9.913330,7.287459,2.713744,0.003148
24.136195,17.770400,43.769643,3071.165161,-0.633011,9.923421,7.320798,2.726048,0.003726
24.176818,17.782101,43.715164,3067.234724,-0.654329,9.933737,7.356338,2.729499,-0.001462
24.220071,17.790810,43.665632,3063.281713,-0.676456,9.940229,7.397033,2.756108,-0.006227
24.268702,17.789876,43.613667,3059.324038,-0.702873,9.951007,7.438265,2.769822,-0.005545
24.311133,17.803179,43.553966,3055.317732,-0.722155,9.958841,7.472493,2.785279,-0.000554
24.351273,17.801866,43.498446,3051.334517,-0.739408,9.965197,7.516136,2.800429,-0.004791
24.392374,17.817417,43.428333,3047.301407,-0.754899,9.977996,7.555806,2.806735,0.000017
24.422350,17.817969,43.378453,3043.264921,-0.766431,9.984299,7.607934,2.818094,-0.004277
24.460268,17.826610,43.300905,3039.203583,-0.793554,9.993820,7.649547,2.860981,-0.004060
24.508173,17.843356,43.248956,3035.117068,-0.799834,10.003041,7.697017,2.855784,-0.002137
24.542307,17.849323,43.182772,3030.998310,-0.815926,10.006205,7.745247,2.886196,0.002704
24.591618,17.860216,43.122522,3026.874118,-0.825570,10.014680,7.794666,2.902504,0.002306
24.623473,17.874989,43.045147,3022.718721,-0.833873,10.029536,7.843414,2.920563,0.001588
24.659178,17.875789,42.987748,3018.541837,-0.843055,10.039476,7.889754,2.942552,0.009378
24.704458,17.882371,42.914833,3014.325717,-0.853983,10.044623,7.950946,2.958752,0.004674
24.739534,17.881759,42.861974,3010.090250,-0.869639,10.052397,8.002610,2.979040,0.002255
24.780631,17.894620,42.781010,3005.817688,-0.868449,10.057178,8.051717,3.007359,-0.006620
24.826919,17.898154,42.715772,3001.505737,-0.874037,10.070715,8.108991,3.023674,0.002701
24.878296,17.910808,42.646086,2997.187371,-0.868209,10.073590,8.162228,3.048994,0.003699
24.906158,17.920190,42.581653,2992.838165,-0.863390,10.076891,8.219472,3.061316,0.005665
24.930597,17.929625,42.508370,2988.446635,-0.869214,10.097615,8.271390,3.085711,0.003020
24.979312,17.927897,42.435789,2984.032694,-0.872138,10.113559,8.341372,3.106542,-0.004859
25.022169,17.946076,42.377908,2979.578130,-0.864962,10.114054,8.388607,3.124032,0.003930
25.069822,17.950215,42.302282,2975.089574,-0.863131,10.109650,8.434079,3.146206,-0.000344
25.101532,17.960179,42.248150,2970.580127,-0.854839,10.126718,8.499059,3.160095,0.000508
25.134713,17.962127,42.165979,2966.039725,-0.855339,10.140064,8.542354,3.183160,0.004379
25.172549,17.969646,42.102880,2961.459683,-0.840644,10.147119,8.607505,3.202728,0.002072
25.218441,17.976445,42.045071,2956.854236,-0.824722,10.153874,8.656401,3.226992,0.006009
25.250433,17.982340,41.981681,2952.207492,-0.820017,10.168876,8.699298,3.243535,-0.006530
25.298218,17.986325,41.911110,2947.533950,-0.787180,10.171928,8.746448,3.260082,-0.000272
25.328580,18.001656,41.850462,2942.829940,-0.780264,10.178830,8.796941,3.279468,-0.003707
25.363210,18.013703,41.798667,2938.102829,-0.771647,10.188018,8.850377,3.285622,0.007525
25.409380,18.015257,41.734817,2933.344860,-0.761072,10.201839,8.879925,3.314610,0.000138
25.447785,18.019618,41.676827,2928.559411,-0.738243,10.203142,8.928517,3.321158,0.001241
25.495299,18.035631,41.629937,2923.719325,-0.714035,10.226879,8.974335,3.344326,-0.002588
25.532624,18.040283,41.561940,2918.890432,-0.701690,10.220073,9.013266,3.358219,-0.003588
25.560305,18.049652,41.509258,2914.014852,-0.666347,10.247090,9.045714,3.374925,-0.000654
25.600852,18.053615,41.467366,2909.121812,-0.656696,10.238729,9.079790,3.383807,0.003799
25.645977,18.060589,41.420793,2904.191631,-0.632117,10.257843,9.128462,3.391123,-0.009048
25.681630,18.074721,41.376052,2899.253114,-0.599114,10.266796,9.142351,3.399784,-0.001281
25.717804,18.084688,41.329654,2894.281805,-0.575710,10.266904,9.171497,3.417881,0.003805
25.750832,18.088142,41.286864,2889.305419,-0.553649,10.274629,9.188446,3.416203,0.009556
25.781778,18.092432,41.242051,2884.294648,-0.524089,10.289704,9.214886,3.431451,-0.001608
25.831411,18.100537,41.203070,2879.281955,-0.503456,10.296535,9.237392,3.449417,0.004469
25.868728,18.108883,41.178181,2874.236513,-0.475111,10.293251,9.247362,3.439118,-0.004318
25.905408,18.120755,41.129644,2869.180544,-0.453046,10.321518,9.258044,3.456694,-0.002761
25.950762,18.122526,41.108090,2864.115176,-0.417397,10.321726,9.267755,3.453215,-0.006888
25.984843,18.121416,41.071149,2859.035549,-0.393932,10.328788,9.269393,3.455326,0.002954
26.023957,18.136916,41.040914,2853.950971,-0.365932,10.351402,9.285045,3.448381,0.005249
26.065552,18.143296,41.026062,2848.847320,-0.336357,10.342012,9.282353,3.458940,-0.003931
26.095538,18.151573,40.991879,2843.750774,-0.312553,10.356452,9.279685,3.455401,-0.003511
26.135404,18.160624,40.970756,2838.646910,-0.289498,10.369379,9.277464,3.449080,-0.002370
26.177013,18.170737,40.948084,2833.528862,-0.241466,10.382625,9.261381,3.456633,-0.002060
26.208578,18.185635,40.934739,2828.420922,-0.228879,10.390116,9.250557,3.445117,0.005154
26.244832,18.184093,40.913808,2823.299906,-0.211232,10.402186,9.241835,3.436419,-0.003071
26.287829,18.195387,40.900670,2818.194060,-0.181957,10.407575,9.218481,3.440546,-0.000290
26.314289,18.199683,40.887385,2813.094873,-0.150876,10.406689,9.206199,3.424023,-0.006716
26.349882,18.207881,40.880001,2807.972563,-0.120357,10.421227,9.186008,3.411219,0.004662
26.400090,18.212996,40.874385,2802.872499,-0.105008,10.427478,9.166449,3.414973,-0.003667
26.425950,18.226340,40.868943,2797.792912,-0.082838,10.433766,9.130892,3.405061,0.000573
26.466089,18.238561,40.855483,2792.694133,-0.058551,10.455856,9.113340,3.392427,-0.005950
26.510922,18.245722,40.858651,2787.630202,-0.035742,10.466123,9.084440,3.381049,-0.004945
26.547381,18.251412,40.851326,2782.566974,-0.017388,10.475166,9.043791,3.363494,-0.004858
26.581361,18.252534,40.845826,2777.510748,0.013253,10.467985,9.030278,3.367556,0.000782
26.612740,18.262528,40.850252,2772.482224,0.017232,10.488461,8.983848,3.351352,0.003057
26.646038,18.277687,40.860675,2767.467117,0.038818,10.500376,8.961317,3.339115,0.002336
26.687552,18.280501,40.867629,2762.460559,0.049223,10.510241,8.913684,3.322674,-0.002072
26.716941,18.281218,40.865196,2757.453000,0.067046,10.509255,8.885940,3.317785,-0.004640
26.759620,18.292426,40.874123,2752.500926,0.079031,10.525593,8.836403,3.288603,0.007733
26.791600,18.299536,40.878452,2747.548607,0.089156,10.531685,8.807441,3.277698,0.005986
26.827551,18.299353,40.895565,2742.619857,0.104033,10.534287,8.759937,3.269936,0.009975
26.876419,18.310734,40.896454,2737.713182,0.109328,10.550021,8.716640,3.249658,-0.003487
26.913641,18.319662,40.891988,2732.809583,0.123221,10.555984,8.677508,3.224230,0.007141
26.939049,18.332484,40.896822,2727.941372,0.125463,10.566336,8.635178,3.215986,0.002346
26.977745,18.335293,40.929608,2723.098828,0.131183,10.579477,8.598451,3.193947,0.005029
27.019329,18.342680,40.928850,2718.270544,0.129052,10.586967,8.552107,3.182307,0.000241
27.051889,18.361797,40.932777,2713.466621,0.135166,10.588957,8.517668,3.173366,0.001599
27.092664,18.373346,40.951311,2708.696953,0.129518,10.599666,8.467568,3.147972,0.008156
27.129162,18.362774,40.958952,2703.933248,0.135763,10.614641,8.432558,3.142480,-0.003175
27.158891,18.374265,40.963381,2699.198755,0.128598,10.613329,8.392076,3.119436,0.002507
27.191508,18.381126,40.971049,2694.494849,0.124082,10.628811,8.350205,3.123024,0.004306
27.228949,18.387271,40.995718,2689.805613,0.109795,10.639461,8.309533,3.096683,-0.004667
27.263533,18.392617,40.990700,2685.148794,0.119315,10.647947,8.268267,3.073900,0.003589
27.305038,18.397099,41.004450,2680.503520,0.104584,10.658962,8.236032,3.070098,-0.002588
27.332138,18.412324,41.008914,2675.883131,0.097454,10.671906,8.205047,3.053397,-0.001543
27.372194,18.424461,41.013274,2671.291099,0.089351,10.675671,8.162068,3.038373,0.003914
27.410101,18.430836,41.024071,2666.717352,0.069112,10.681644,8.127570,3.026558,-0.007860
27.439319,18.440431,41.017607,2662.173013,0.064991,10.693297,8.100525,3.019156,0.007859
27.475260,18.438785,41.015205,2657.654914,0.045307,10.707892,8.064322,3.012254,-0.001469
27.503072,18.445559,41.030319,2653.146044,0.034283,10.702593,8.036190,2.994089,-0.004415
27.543078,18.460479,41.032589,2648.652771,0.021371,10.721100,8.000259,2.988553,-0.009606
27.575182,18.465868,41.034551,2644.179475,0.002911,10.726939,7.974860,2.970394,-0.000145
27.617568,18.464659,41.030461,2639.729951,-0.027123,10.745518,7.953225,2.965722,-0.006748
27.645671,18.481454,41.020923,2635.305281,-0.050401,10.750881,7.937403,2.953660,-0.001614
27.685107,18.493518,41.028203,2630.889450,-0.065536,10.757316,7.910478,2.948989,-0.002791
27.720789,18.488533,41.022644,2626.509843,-0.075909,10.770159,7.883351,2.939935,-0.002113
27.751763,18.515689,41.013323,2622.140378,-0.107766,10.777270,7.875387,2.930099,-0.005915
27.791147,18.500905,41.006738,2617.773128,-0.129479,10.785643,7.835009,2.918854,-0.011229
27.819466,18.523444,41.008679,2613.422340,-0.159734,10.808588,7.829274,2.916748,0.002760
27.855224,18.513279,40.975002,2609.090165,-0.173177,10.807443,7.812968,2.910235,-0.003269
27.891468,18.525852,40.964597,2604.779540,-0.203663,10.815565,7.811442,2.907552,-0.015112
27.928924,18.533047,40.957080,2600.482935,-0.226213,10.820742,7.798592,2.904294,-0.010148
27.964895,18.546477,40.940297,2596.182818,-0.267063,10.840227,7.797503,2.903377,0.002652
27.990273,18.556454,40.922524,2591.898332,-0.283755,10.832722,7.786232,2.905833,0.004624
28.025248,18.561562,40.902406,2587.626380,-0.307102,10.852927,7.774974,2.903863,-0.000278
28.055875,18.562008,40.881888,2583.347216,-0.331640,10.859306,7.773000,2.892119,0.005317
28.098864,18.574113,40.850204,2579.105193,-0.361210,10.870035,7.769319,2.897150,-0.010761
28.123054,18.579671,40.827130,2574.837269,-0.391695,10.884600,7.776259,2.901366,0.002167
28.163025,18.591018,40.803242,2570.593221,-0.420978,10.886602,7.782232,2.903102,-0.003026
28.199104,18.602114,40.772036,2566.355416,-0.447336,10.914166,7.799058,2.895094,-0.000972
28.233071,18.606894,40.744774,2562.111533,-0.467003,10.915169,7.804999,2.907228,0.005964
28.270494,18.616037,40.709299,2557.873611,-0.498089,10.923375,7.803916,2.907154,-0.002147
28.301754,18.622192,40.666785,2553.642237,-0.528917,10.932962,7.817380,2.912650,0.005213
28.331602,18.624436,40.633555,2549.409093,-0.553593,10.937957,7.828847,2.923830,0.001906
28.366955,18.635134,40.602754,2545.161706,-0.574690,10.945262,7.844582,2.923605,0.001581
28.400151,18.641636,40.570028,2540.923713,-0.603472,10.954702,7.869276,2.931358,-0.001553
28.432026,18.649730,40.514453,2536.681432,-0.628916,10.971792,7.895031,2.937304,0.003147
28.470864,18.657480,40.480898,2532.437726,-0.656031,10.978016,7.902758,2.951939,0.003989
28.495367,18.668046,40.427894,2528.180401,-0.670405,10.985158,7.927669,2.950422,0.004261
28.524625,18.669867,40.398789,2523.918843,-0.699834,11.006927,7.952500,2.965582,-0.006730
28.567200,18.686991,40.335877,2519.635872,-0.721600,11.007047,7.994403,2.973082,0.011568
28.595651,18.691577,40.295668,2515.362796,-0.747075,11.013357,8.012567,2.981910,0.005445
28.614154,18.696037,40.247554,2511.077199,-0.773007,11.021546,8.041412,2.989535,-0.002331
28.667331,18.701268,40.192055,2506.784706,-0.792713,11.036374,8.063150,3.002049,0.000089
28.698296,18.713798,40.138939,2502.454629,-0.811305,11.049381,8.098768,3.024882,-0.001677
28.728468,18.713117,40.091054,2498.133858,-0.829271,11.054908,8.135329,3.031183,-0.000622
28.757453,18.720053,40.030759,2493.799593,-0.853341,11.062268,8.167733,3.042096,0.012075
28.797084,18.736402,39.974096,2489.434522,-0.869672,11.075248,8.197682,3.049149,0.000802
28.827693,18.730995,39.920154,2485.069924,-0.879243,11.088968,8.251602,3.064446,-0.002302
28.864225,18.752239,39.860382,2480.675410,-0.902317,11.083312,8.270983,3.069660,0.004028
28.892942,18.754190,39.813625,2476.265637,-0.903162,11.097931,8.312457,3.101018,0.006158
28.926977,18.755575,39.739393,2471.837633,-0.914289,11.115973,8.348058,3.106133,0.005323
28.965613,18.770139,39.678231,2467.399769,-0.934732,11.122834,8.400352,3.115369,0.004632
28.989880,18.781182,39.619645,2462.930135,-0.941177,11.134129,8.443335,3.141526,-0.003186
29.026970,18.777400,39.559944,2458.454142,-0.948647,11.133099,8.479173,3.165919,-0.000927
29.055286,18.794826,39.507030,2453.940415,-0.954754,11.148075,8.521634,3.169678,0.005204
29.081844,18.792765,39.439076,2449.418377,-0.960546,11.161658,8.561304,3.191807,-0.000940
29.123127,18.793704,39.381402,2444.861319,-0.956469,11.177897,8.595356,3.213845,-0.002742
29.148421,18.805263,39.319646,2440.295602,-0.969416,11.176719,8.630188,3.223766,-0.008125
29.186279,18.820983,39.257895,2435.689103,-0.972707,11.191302,8.684474,3.238790,0.006421
29.214910,18.824762,39.194173,2431.071742,-0.971879,11.204656,8.724629,3.250854,-0.000878
29.239114,18.837071,39.140304,2426.429083,-0.964223,11.210083,8.775760,3.258608,0.007127
29.285632,18.847915,39.067034,2421.763254,-0.964932,11.218155,8.815833,3.282632,-0.000054
29.305032,18.843449,39.013556,2417.058077,-0.965705,11.233409,8.856569,3.309230,0.000570
29.350402,18.849509,38.958031,2412.350743,-0.954679,11.237183,8.902917,3.316968,-0.003737
29.382089,18.860283,38.889201,2407.608197,-0.954165,11.250169,8.939073,3.325691,0.001096
29.407592,18.866202,38.819651,2402.840441,-0.935918,11.263859,8.981620,3.355306,-0.002350
29.444893,18.878782,38.767987,2398.048912,-0.937984,11.264758,9.011078,3.367543,0.007849
29.473974,18.877032,38.706570,2393.238802,-0.924080,11.271476,9.050973,3.372436,-0.002697
29.500219,18.896450,38.658260,2388.392193,-0.912241,11.294104,9.090980,3.378943,-0.004556
29.532762,18.897304,38.600540,2383.538755,-0.890155,11.298311,9.129281,3.403871,0.000913
29.560944,18.901445,38.533779,2378.664969,-0.888099,11.313030,9.158784,3.401377,-0.001185
29.599754,18.918323,38.487210,2373.750805,-0.871193,11.315747,9.188658,3.423710,0.004990
29.627081,18.924993,38.435273,2368.829505,-0.854171,11.328905,9.223160,3.435248,-0.002467
29.667897,18.924448,38.384775,2363.870808,-0.844788,11.335120,9.259433,3.451995,-0.004450
29.689535,18.929931,38.332593,2358.916173,-0.814497,11.348537,9.278941,3.458749,0.001403
29.719772,18.944698,38.281683,2353.921533,-0.794825,11.357017,9.300801,3.463786,0.003753
29.742972,18.951201,38.231764,2348.911791,-0.777915,11.365030,9.327432,3.478568,-0.003690
29.780074,18.953153,38.184919,2343.895468,-0.747670,11.376829,9.348624,3.480640,-0.007919
29.816613,18.961389,38.138588,2338.856503,-0.747131,11.395012,9.371948,3.480241,0.000902
29.843597,18.962850,38.095772,2333.799359,-0.713959,11.400354,9.394122,3.502845,-0.004186
29.876494,18.971758,38.041618,2328.723014,-0.699606,11.401443,9.407714,3.505544,0.007792
29.903017,18.980820,38.004870,2323.635064,-0.669006,11.418808,9.416311,3.512675,-0.005862
29.938829,18.982811,37.968554,2318.529482,-0.645297,11.423539,9.430963,3.519989,0.001996
29.953327,18.991724,37.927473,2313.428197,-0.628085,11.435486,9.440864,3.515983,0.002469
29.998477,19.006879,37.895246,2308.298342,-0.598470,11.448140,9.456443,3.520954,0.006357
30.023309,19.005237,37.858661,2303.170984,-0.575496,11.459718,9.458579,3.520695,0.001077
30.041065,19.022066,37.833007,2298.038446,-0.559466,11.467473,9.456163,3.528490,0.006252
30.077862,19.021077,37.801194,2292.886813,-0.533071,11.472869,9.462652,3.527599,0.009301
30.115108,19.031495,37.757700,2287.735577,-0.517587,11.487704,9.456181,3.521730,0.002874
30.150517,19.045369,37.737926,2282.562989,-0.489268,11.489919,9.448733,3.523967,0.001073
30.175867,19.039617,37.703403,2277.411432,-0.453545,11.503721,9.455170,3.525877,-0.006057
30.210870,19.060404,37.671263,2272.244709,-0.430222,11.516516,9.447640,3.520537,-0.002094
30.228746,19.060695,37.645242,2267.082988,-0.426644,11.532169,9.428131,3.520988,-0.001590
30.261843,19.064558,37.624187,2261.916575,-0.400116,11.543574,9.421019,3.498061,0.004043
30.290576,19.075277,37.602573,2256.758846,-0.372521,11.552197,9.411337,3.497875,-0.001832
30.319766,19.093452,37.576785,2251.589196,-0.357562,11.551766,9.389392,3.492254,-0.005345
30.354792,19.082806,37.560542,2246.432639,-0.340001,11.561534,9.378846,3.497915,-0.006550
30.382989,19.092374,37.541815,2241.276281,-0.316901,11.578664,9.364317,3.489509,-0.002675
30.413756,19.106222,37.527219,2236.126096,-0.293748,11.583976,9.338760,3.489153,0.006895
30.441075,19.106366,37.511399,2230.992325,-0.281642,11.601242,9.309891,3.470812,0.005768
30.473166,19.116775,37.500349,2225.865737,-0.249888,11.614641,9.295540,3.465851,-0.005477
30.494528,19.120192,37.480748,2220.739634,-0.253609,11.615188,9.272694,3.461929,-0.004930
30.528852,19.128292,37.467926,2215.623685,-0.233366,11.622554,9.250905,3.441318,-0.009015
30.558642,19.137125,37.456383,2210.516688,-0.207792,11.636742,9.221745,3.434728,-0.003128
30.588487,19.138711,37.435925,2205.436945,-0.211556,11.642854,9.194913,3.425483,0.010381
30.611353,19.151524,37.427569,2200.356779,-0.203480,11.657044,9.163909,3.416242,-0.004671
30.654533,19.160967,37.413551,2195.284666,-0.188696,11.656465,9.143233,3.401735,0.004874
30.678782,19.167463,37.401982,2190.224802,-0.174571,11.676635,9.100805,3.396747,-0.003794
30.697538,19.175339,37.398182,2185.201786,-0.161576,11.693216,9.080639,3.384347,0.007131
30.724406,19.173060,37.392223,2180.172045,-0.157100,11.694719,9.045972,3.365369,0.006494
30.753608,19.179599,37.387462,2175.173187,-0.148817,11.708390,9.019351,3.360635,0.000105
30.794440,19.181586,37.375431,2170.178443,-0.142610,11.715438,8.990545,3.346459,-0.009170
30.822252,19.201311,37.362651,2165.186250,-0.147013,11.722073,8.953492,3.333031,0.003654
30.849692,19.195021,37.354774,2160.227083,-0.148453,11.731440,8.926271,3.322351,0.001303
30.873790,19.212771,37.349993,2155.305131,-0.151493,11.748553,8.897184,3.325364,-0.005732
30.905384,19.218012,37.347661,2150.361962,-0.148746,11.751591,8.863627,3.304736,-0.003664
30.927350,19.222794,37.338966,2145.459912,-0.150088,11.766950,8.835206,3.290838,0.001192
30.969097,19.235936,37.319281,2140.566095,-0.159144,11.773035,8.806050,3.284471,0.001693
30.982643,19.246125,37.309061,2135.703352,-0.159103,11.784512,8.772953,3.275661,0.001032
31.021424,19.249028,37.304505,2130.841181,-0.179762,11.800279,8.740567,3.262355,-0.001334
31.047976,19.257832,37.300248,2126.006012,-0.181858,11.808773,8.728027,3.250647,0.000388
31.075402,19.270379,37.282811,2121.196582,-0.185671,11.811539,8.692785,3.245681,0.000882
31.100367,19.266805,37.265090,2116.382664,-0.190121,11.822074,8.668316,3.230537,0.005614
31.130322,19.272089,37.253627,2111.603732,-0.203867,11.840521,8.645305,3.220838,0.001828
31.162762,19.273523,37.250865,2106.824242,-0.223371,11.845531,8.615991,3.213897,-0.002244
31.183435,19.295040,37.228489,2102.082083,-0.239959,11.867261,8.585329,3.206115,0.000165
31.206009,19.303351,37.220977,2097.351406,-0.246977,11.859288,8.571489,3.196517,0.000486
31.228639,19.299810,37.215088,2092.622419,-0.280222,11.877354,8.560833,3.182642,-0.006057
31.267133,19.309423,37.195862,2087.929998,-0.289587,11.891851,8.539660,3.178579,-0.001961
31.295906,19.320411,37.175330,2083.233165,-0.304699,11.886981,8.516204,3.170830,0.003334
31.313560,19.324464,37.151433,2078.569952,-0.322405,11.910637,8.495678,3.171567,0.004429
31.346050,19.329696,37.133980,2073.914760,-0.345384,11.915918,8.483193,3.152286,0.001547
31.381247,19.337310,37.119396,2069.269695,-0.365045,11.922661,8.464512,3.153434,-0.000224
31.399995,19.337349,37.105624,2064.635319,-0.392506,11.939307,8.450423,3.154873,-0.005604
31.428303,19.341267,37.074044,2060.007119,-0.409661,11.944862,8.438894,3.133799,-0.006856
31.459785,19.357446,37.068570,2055.411211,-0.442454,11.956449,8.432161,3.145067,-0.004788
31.470879,19.363232,37.032661,2050.816042,-0.463622,11.970451,8.416026,3.139630,-0.000774
31.507064,19.359956,37.007901,2046.237691,-0.482935,11.970730,8.417844,3.134867,-0.004373
31.532057,19.382072,36.982621,2041.664324,-0.512220,11.992388,8.406057,3.135544,-0.003703
31.555203,19.385201,36.954085,2037.103768,-0.540536,11.998778,8.398851,3.134910,0.002604
31.587236,19.386893,36.923978,2032.548187,-0.567435,12.007305,8.402060,3.118320,-0.003081
31.610167,19.391381,36.890024,2027.997854,-0.591489,12.022794,8.399453,3.125449,-0.000770
31.642825,19.405783,36.860360,2023.452414,-0.611947,12.027824,8.400905,3.135145,0.001136
31.666281,19.408776,36.822047,2018.931014,-0.643779,12.040813,8.397066,3.121250,-0.000492
31.688651,19.415848,36.796562,2014.399604,-0.656029,12.043065,8.398696,3.128205,-0.003695
31.713903,19.436370,36.764238,2009.878069,-0.698168,12.054903,8.403860,3.134456,-0.002689
31.746813,19.426049,36.717711,2005.347982,-0.722847,12.070822,8.419021,3.131030,0.000080
31.768933,19.436431,36.673818,2000.833708,-0.745564,12.082409,8.419230,3.141118,0.001338
31.804739,19.440292,36.641176,1996.321745,-0.768549,12.086826,8.434782,3.144249,-0.002874
31.823479,19.439749,36.602495,1991.812745,-0.797392,12.095797,8.434829,3.146410,0.005733
31.863380,19.457316,36.557416,1987.296582,-0.817896,12.110567,8.446887,3.150649,-0.002044
31.878321,19.460512,36.521286,1982.785219,-0.855666,12.117878,8.471968,3.148166,0.000014
31.911710,19.472808,36.473684,1978.262451,-0.873949,12.125617,8.472728,3.159130,-0.002138
31.935225,19.471235,36.421988,1973.752458,-0.895724,12.144865,8.497991,3.170475,-0.000791
31.956968,19.482405,36.381240,1969.230340,-0.923666,12.152122,8.505583,3.166865,-0.003627
31.979714,19.492622,36.324811,1964.708664,-0.951642,12.164119,8.527331,3.181367,0.002362
32.014309,19.492710,36.280537,1960.179394,-0.962096,12.159366,8.545805,3.179812,-0.006789
32.029540,19.506201,36.236297,1955.639697,-0.990991,12.181968,8.572704,3.193991,-0.005174
32.045589,19.506051,36.184709,1951.105316,-1.013824,12.198931,8.593185,3.203692,-0.004697
32.084404,19.506296,36.131921,1946.551614,-1.030877,12.197600,8.617252,3.210717,-0.001778
32.112712,19.514444,36.080258,1942.002820,-1.057506,12.214647,8.645555,3.220001,0.002964
32.139250,19.527648,36.017994,1937.429010,-1.070122,12.216733,8.660552,3.222474,-0.000923
32.150680,19.529795,35.968261,1932.856626,-1.092394,12.237909,8.680599,3.244775,-0.000377
32.183784,19.542552,35.902858,1928.279643,-1.107285,12.251527,8.714338,3.258342,-0.003441
32.212633,19.549386,35.855317,1923.677716,-1.124376,12.255786,8.739511,3.251905,0.000772
32.238928,19.553635,35.804968,1919.080452,-1.132540,12.260643,8.766859,3.271100,-0.001824
32.261039,19.552903,35.728750,1914.452356,-1.146248,12.272021,8.800137,3.285231,-0.002602
32.285080,19.555622,35.691749,1909.827421,-1.161279,12.282541,8.831329,3.283791,0.008147
32.311411,19.570654,35.627806,1905.182448,-1.167009,12.289013,8.853207,3.303093,0.000661
32.334767,19.576030,35.568589,1900.528520,-1.178659,12.301563,8.887659,3.308347,-0.003152
32.362061,19.580567,35.517058,1895.850838,-1.187439,12.321355,8.914238,3.316210,-0.003610
32.379706,19.598822,35.451614,1891.158491,-1.208514,12.324664,8.944092,3.326114,0.005483
32.414718,19.600246,35.388478,1886.459184,-1.202854,12.337967,8.975388,3.344093,-0.001115
32.441483,19.612558,35.330687,1881.743120,-1.211775,12.348422,9.000937,3.353348,0.004683
32.464660,19.616868,35.275468,1876.992126,-1.221199,12.351758,9.038249,3.372029,-0.001294
32.493940,19.607373,35.204217,1872.262187,-1.206312,12.371754,9.063579,3.370121,0.000211
32.517769,19.620192,35.157492,1867.483371,-1.218842,12.373574,9.096318,3.388854,0.005262
32.535581,19.626108,35.094081,1862.707029,-1.225914,12.377982,9.129632,3.400045,-0.001169
32.553296,19.641012,35.029854,1857.911503,-1.214765,12.396776,9.158831,3.406667,-0.007016
32.589177,19.643724,34.977775,1853.097110,-1.218495,12.407416,9.190167,3.427156,0.006460
32.605032,19.646334,34.918632,1848.265157,-1.207322,12.418640,9.210355,3.429061,-0.003199
32.629836,19.659398,34.853837,1843.419457,-1.209640,12.438958,9.236968,3.444407,0.000564
32.656679,19.657986,34.794179,1838.555856,-1.208352,12.445581,9.263945,3.440691,0.003501
32.685506,19.665720,34.739876,1833.669951,-1.200615,12.454312,9.290797,3.468600,-0.000069
32.709683,19.687139,34.676874,1828.771839,-1.191521,12.459253,9.310685,3.467779,-0.001529
32.725828,19.680947,34.623893,1823.867650,-1.183025,12.464548,9.348607,3.486635,-0.009068
32.753480,19.684751,34.572199,1818.937673,-1.165024,12.480618,9.364925,3.483360,0.003675
32.774981,19.696591,34.517126,1813.984882,-1.162033,12.491264,9.379431,3.500099,0.000030
32.796336,19.697911,34.457919,1809.028834,-1.142533,12.503824,9.402531,3.511349,-0.005899
32.810911,19.706875,34.404825,1804.066296,-1.135845,12.516527,9.417357,3.514966,0.006101
32.843336,19.712802,34.356551,1799.072609,-1.123818,12.521836,9.437361,3.516633,0.001754
32.860821,19.722556,34.309333,1794.081234,-1.112411,12.539751,9.472075,3.529670,0.002136
32.892328,19.728148,34.239894,1789.073670,-1.092622,12.545479,9.477420,3.523673,0.000403
32.918802,19.728073,34.200605,1784.039339,-1.062199,12.562145,9.492864,3.533990,0.006273
32.936995,19.732982,34.153472,1779.012585,-1.061206,12.567651,9.495458,3.539091,0.009639
32.976143,19.740466,34.091557,1773.964836,-1.046207,12.575794,9.497857,3.546739,-0.002557
32.983197,19.753559,34.060393,1768.905656,-1.024061,12.589065,9.518615,3.545616,-0.001794
33.008932,19.748091,34.002064,1763.840989,-1.013948,12.591776,9.536031,3.548574,0.005282
33.034479,19.766533,33.959203,1758.764973,-0.987970,12.600329,9.542487,3.557222,-0.001241
33.045334,19.771276,33.922136,1753.684348,-0.967834,12.626082,9.552417,3.563841,-0.004425
33.073188,19.782674,33.866004,1748.595910,-0.954727,12.622773,9.555685,3.558256,0.004290
33.098560,19.782626,33.831838,1743.491405,-0.935677,12.635708,9.558509,3.554544,0.005079
33.128658,19.794814,33.790855,1738.397321,-0.920160,12.649933,9.553791,3.561892,0.000655
33.141808,19.792080,33.736245,1733.294923,-0.910271,12.651404,9.542273,3.562297,0.006461
33.169390,19.796537,33.695865,1728.182723,-0.881434,12.675072,9.557021,3.562508,0.000764
33.192798,19.811437,33.662522,1723.074491,-0.877564,12.683815,9.547941,3.561994,-0.001625
33.212132,19.801418,33.621150,1717.961685,-0.850246,12.686747,9.546499,3.549817,0.000879
33.240399,19.816148,33.584743,1712.834276,-0.832045,12.701022,9.541013,3.559845,-0.000050
33.260621,19.822134,33.550777,1707.715499,-0.826095,12.707543,9.534828,3.555177,0.002755
33.284986,19.834012,33.513118,1702.602636,-0.800739,12.727288,9.517836,3.551855,-0.001746
33.299354,19.827426,33.474291,1697.491494,-0.793440,12.721904,9.515707,3.543473,0.007003
33.326676,19.840842,33.442419,1692.372309,-0.778046,12.743186,9.500803,3.539347,-0.003524
33.343372,19.846517,33.401853,1687.266699,-0.755196,12.752974,9.487655,3.531534,-0.007932
33.364324,19.857469,33.374282,1682.160547,-0.747846,12.764491,9.476828,3.530654,0.003334
33.387792,19.862686,33.335218,1677.052737,-0.738721,12.785335,9.464592,3.516604,-0.005404
33.418815,19.873335,33.314402,1671.955180,-0.723121,12.782570,9.447272,3.522542,-0.000480
33.427970,19.875191,33.269457,1666.866322,-0.714605,12.782929,9.424319,3.509300,0.005395
33.461569,19.871692,33.241740,1661.769398,-0.712310,12.800710,9.409226,3.507597,-0.000867
33.487017,19.879425,33.216828,1656.703555,-0.698923,12.809494,9.410568,3.498967,0.006802
33.499889,19.887402,33.191642,1651.628879,-0.691267,12.831505,9.378620,3.498563,0.003580
33.523352,19.889591,33.155219,1646.567650,-0.686868,12.836529,9.358690,3.496132,-0.006950
33.543361,19.901606,33.122778,1641.530540,-0.679359,12.844845,9.340243,3.482815,0.002330
33.564062,19.901259,33.096734,1636.475449,-0.669205,12.859309,9.323390,3.476924,-0.003285
33.580593,19.904684,33.071798,1631.439942,-0.662465,12.868075,9.299883,3.464840,-0.004044
33.611793,19.905228,33.041156,1626.416815,-0.670650,12.869454,9.287023,3.461027,-0.003483
33.629062,19.926790,33.019450,1621.406991,-0.669120,12.879062,9.266499,3.460812,-0.009873
33.643174,19.947495,32.985952,1616.397733,-0.666049,12.896493,9.254381,3.452469,0.001402
33.667203,19.935061,32.957368,1611.405758,-0.669556,12.901120,9.223423,3.433247,0.003801
33.693943,19.933133,32.928165,1606.424482,-0.680149,12.919254,9.198516,3.429906,-0.001692
33.715204,19.945034,32.896881,1601.471517,-0.679279,12.921935,9.181277,3.429890,0.002872
33.725622,19.946681,32.874767,1596.523501,-0.672889,12.930009,9.163924,3.412836,0.000564
33.754286,19.954233,32.838598,1591.578468,-0.698202,12.942709,9.143591,3.408752,0.003454
33.782056,19.966469,32.801144,1586.650786,-0.698476,12.965719,9.132216,3.397855,0.004369
33.804431,19.954941,32.771398,1581.732035,-0.711583,12.964367,9.103363,3.389125,0.000745
33.825463,19.967961,32.756428,1576.835415,-0.722647,12.972299,9.069655,3.381397,0.001097
33.835176,19.974933,32.717511,1571.953712,-0.728044,12.984815,9.069815,3.369187,-0.008482
33.850886,19.988869,32.695135,1567.077039,-0.746693,12.993691,9.054650,3.363996,-0.001657
33.868021,19.995328,32.668998,1562.217179,-0.750876,13.010172,9.040880,3.358372,-0.006590
33.896461,19.995820,32.629813,1557.354457,-0.774305,13.004450,9.015339,3.353076,-0.003364
33.920628,20.000834,32.599839,1552.533875,-0.786814,13.030629,9.007805,3.339385,0.003821
33.935488,20.011756,32.568535,1547.707733,-0.798723,13.046013,8.988547,3.353808,-0.003233
33.957849,20.017925,32.529188,1542.896739,-0.817256,13.055513,8.970506,3.342619,-0.009220
33.969768,20.019298,32.494669,1538.104364,-0.839968,13.055501,8.954885,3.335253,-0.002295
34.001408,20.031394,32.471149,1533.318437,-0.869846,13.076852,8.945030,3.332101,0.005347
34.019771,20.037045,32.425205,1528.543328,-0.885569,13.082034,8.932975,3.322918,-0.012127
34.037048,20.038703,32.392147,1523.783441,-0.899114,13.091840,8.932028,3.326700,0.001869
34.057382,20.044394,32.358047,1519.039551,-0.929662,13.096420,8.918960,3.321088,-0.001670
34.081733,20.045443,32.322625,1514.287577,-0.952924,13.111087,8.899477,3.320688,0.006170
34.099938,20.057673,32.284982,1509.560507,-0.980581,13.126393,8.901027,3.315325,0.002011
34.121760,20.055306,32.240766,1504.850486,-1.003030,13.130395,8.884684,3.313895,-0.003330
34.136433,20.059133,32.206771,1500.134235,-1.023774,13.141952,8.880044,3.313353,0.004570
34.158430,20.066121,32.160890,1495.433914,-1.048631,13.152973,8.878671,3.305908,0.003474
34.175716,20.085097,32.123691,1490.743734,-1.078800,13.159357,8.867984,3.297968,0.001706
34.192519,20.071672,32.086844,1486.076506,-1.104830,13.178507,8.871767,3.308007,0.000875
34.225435,20.086752,32.040182,1481.392502,-1.124424,13.185833,8.874147,3.302788,0.004540
34.238689,20.088861,31.995356,1476.738871,-1.162425,13.195799,8.870423,3.294041,0.003639
34.252870,20.095619,31.942155,1472.071949,-1.176826,13.202592,8.868285,3.304998,-0.003210
34.265480,20.106861,31.907882,1467.423338,-1.212132,13.216547,8.872896,3.303820,-0.005047
34.292329,20.110367,31.854973,1462.770434,-1.243311,13.221648,8.874750,3.314774,0.000998
34.316077,20.104947,31.813884,1458.137877,-1.268264,13.231796,8.883055,3.303678,-0.000380
34.327526,20.116907,31.772116,1453.501341,-1.297486,13.246346,8.880802,3.310507,0.002310
34.350859,20.121791,31.710959,1448.872533,-1.322380,13.256773,8.890802,3.307866,-0.003696
34.370371,20.129068,31.655701,1444.245055,-1.344240,13.267412,8.891421,3.310457,-0.003711
34.393946,20.131077,31.605647,1439.625364,-1.382003,13.286450,8.909280,3.316621,-0.000746
34.414437,20.141307,31.552085,1434.998691,-1.401942,13.283933,8.917173,3.323571,-0.001370
34.430962,20.149280,31.494939,1430.374261,-1.437938,13.295881,8.920035,3.314601,-0.019969
34.441510,20.159506,31.441655,1425.764698,-1.458245,13.302143,8.922104,3.326111,-0.005549
34.470203,20.156346,31.395282,1421.139027,-1.484162,13.313997,8.939808,3.333589,0.009651
34.486689,20.156191,31.325040,1416.526438,-1.512208,13.315131,8.956277,3.331287,0.002319
34.499649,20.165018,31.281835,1411.906749,-1.535437,13.339221,8.963987,3.345347,0.007374
34.523865,20.175952,31.221581,1407.293885,-1.565155,13.345940,8.978784,3.346994,-0.000671
34.535609,20.176276,31.160706,1402.665445,-1.584767,13.360312,8.993569,3.349511,-0.006310
34.559100,20.193875,31.107307,1398.056618,-1.608082,13.365935,9.004157,3.356094,-0.003390
34.572074,20.191119,31.044824,1393.432321,-1.624875,13.384647,9.016810,3.361753,0.003232
34.589696,20.196606,30.985438,1388.795880,-1.654419,13.387064,9.042022,3.373595,0.003782
34.608618,20.204384,30.928283,1384.161050,-1.669081,13.402972,9.053236,3.361947,-0.005727
34.622864,20.201131,30.859936,1379.535604,-1.693710,13.420957,9.065395,3.380871,-0.003172
34.646816,20.207784,30.815512,1374.891141,-1.709055,13.415879,9.083974,3.383432,-0.003593
34.664556,20.213499,30.746294,1370.249911,-1.722923,13.431150,9.099425,3.391212,-0.001006
34.676587,20.222163,30.678575,1365.587611,-1.744777,13.439919,9.124923,3.386822,0.006214
34.701012,20.224466,30.619536,1360.936013,-1.753921,13.457619,9.134737,3.405771,0.004550
34.711482,20.231638,30.552483,1356.283611,-1.781131,13.463585,9.160856,3.418346,0.000269
34.730698,20.232577,30.491057,1351.617277,-1.797153,13.470131,9.183492,3.417475,-0.000153
34.758496,20.238250,30.434070,1346.937717,-1.810318,13.476985,9.213043,3.420598,0.000368
34.770667,20.240354,30.362141,1342.250946,-1.821909,13.495812,9.210055,3.435812,0.001687
34.787260,20.248177,30.303967,1337.567226,-1.842094,13.498839,9.231411,3.436697,-0.004107
34.804078,20.262823,30.240605,1332.872604,-1.848554,13.515569,9.246850,3.456713,0.001943
34.821654,20.262207,30.178948,1328.175376,-1.862904,13.534632,9.263421,3.447174,-0.004633
34.850075,20.271940,30.112849,1323.456371,-1.864401,13.536977,9.278756,3.462082,0.006539
34.857801,20.272745,30.046866,1318.730848,-1.870634,13.531797,9.301818,3.478186,0.005770
34.863518,20.278312,29.995839,1314.008434,-1.877783,13.559875,9.314153,3.469346,-0.003046
34.883186,20.277512,29.911726,1309.278545,-1.880303,13.565870,9.352906,3.474383,0.001223
34.919580,20.285824,29.842570,1304.529183,-1.892345,13.582709,9.363736,3.481774,0.002478
34.922135,20.291480,29.782912,1299.779703,-1.887537,13.588039,9.380418,3.488948,0.002327
34.934713,20.291797,29.720969,1295.016805,-1.893868,13.600644,9.390652,3.496243,0.007292
34.964521,20.298262,29.655035,1290.244381,-1.891390,13.608158,9.410622,3.500915,0.000841
34.980449,20.313697,29.593590,1285.468674,-1.897106,13.628734,9.418410,3.504772,-0.009264
34.989103,20.315058,29.528072,1280.686522,-1.899413,13.623660,9.436337,3.527029,-0.001091
35.002154,20.308700,29.449680,1275.893795,-1.899310,13.639002,9.442760,3.525519,0.007847
35.025891,20.316226,29.400563,1271.087381,-1.893321,13.653942,9.468504,3.524222,-0.002100
35.035771,20.324207,29.333776,1266.286943,-1.885459,13.664329,9.473207,3.516453,0.007699
35.055687,20.334636,29.276574,1261.466464,-1.897186,13.665674,9.479771,3.535131,-0.006288
35.075010,20.335656,29.207037,1256.650888,-1.888603,13.681005,9.502327,3.534233,0.007101
35.089793,20.348035,29.148281,1251.821185,-1.878365,13.698530,9.507603,3.541706,-0.004216
35.107152,20.345526,29.091593,1246.990285,-1.880916,13.693492,9.512499,3.552478,0.007637
35.136898,20.348032,29.023402,1242.151254,-1.877353,13.704225,9.518998,3.540286,0.013039
35.137157,20.355509,28.970735,1237.311826,-1.871856,13.722550,9.522818,3.540325,0.000832
35.164891,20.357400,28.907051,1232.449811,-1.865800,13.735398,9.527512,3.545506,-0.000471
35.174244,20.357602,28.849223,1227.598694,-1.857060,13.733523,9.542914,3.551848,0.004416
35.198709,20.371148,28.790475,1222.747955,-1.850520,13.758287,9.530833,3.552869,-0.000077
35.201829,20.382269,28.726030,1217.880239,-1.847943,13.764111,9.541223,3.555542,0.001928
35.224856,20.377122,28.667940,1213.015717,-1.831918,13.773276,9.546585,3.553624,-0.010353
35.245120,20.384190,28.610081,1208.155022,-1.835799,13.786659,9.548850,3.561037,0.001560
35.249963,20.385305,28.554244,1203.271018,-1.825685,13.796326,9.546503,3.557322,-0.000957
35.266071,20.391852,28.505193,1198.400517,-1.823154,13.811449,9.559431,3.554305,-0.007403
35.277983,20.402085,28.447765,1193.542385,-1.819378,13.818725,9.544386,3.550159,-0.005690
35.303612,20.399855,28.382010,1188.667174,-1.819685,13.822758,9.547843,3.558029,-0.005099
35.313387,20.408905,28.326342,1183.785980,-1.803966,13.845500,9.548222,3.552785,-0.009188
35.325695,20.397090,28.265031,1178.925921,-1.796830,13.850012,9.536191,3.556352,-0.003926
35.343191,20.417514,28.213563,1174.043773,-1.796054,13.850650,9.547386,3.551677,-0.010841
35.361624,20.421724,28.162169,1169.185293,-1.795744,13.875213,9.527811,3.551100,0.001855
35.370146,20.424842,28.114453,1164.310684,-1.790724,13.869571,9.516618,3.557082,-0.003172
35.387737,20.424860,28.063486,1159.451852,-1.782165,13.895352,9.515821,3.545342,-0.000714
35.405455,20.434417,28.001372,1154.589668,-1.784524,13.899361,9.514406,3.536810,-0.002829
35.421232,20.444003,27.941082,1149.738968,-1.796146,13.912040,9.494755,3.544379,-0.000361
35.439086,20.448200,27.885314,1144.890835,-1.790240,13.918126,9.502074,3.541433,0.011820
35.459550,20.447441,27.843374,1140.046253,-1.785599,13.928845,9.477205,3.531076,0.005284
35.474501,20.454622,27.778995,1135.212490,-1.780225,13.937405,9.470432,3.530604,0.001802
35.479458,20.462347,27.724186,1130.362201,-1.792829,13.942225,9.459102,3.517226,-0.007467
35.495185,20.463513,27.671989,1125.550608,-1.794053,13.966073,9.447681,3.516429,0.005330
35.511064,20.463005,27.630945,1120.716070,-1.795746,13.969629,9.444491,3.522782,-0.001634
35.524382,20.478683,27.577339,1115.896910,-1.800237,13.977084,9.433323,3.520541,0.009563
35.533444,20.482726,27.524384,1111.091789,-1.812752,13.990394,9.413294,3.510429,-0.001345
35.543640,20.488340,27.466071,1106.301080,-1.818054,13.997764,9.414346,3.501805,-0.002351
35.568391,20.480672,27.404748,1101.510231,-1.835135,14.008287,9.389869,3.508858,0.008573
35.582070,20.491819,27.358622,1096.727216,-1.824164,14.012492,9.383322,3.495518,0.005765
35.610358,20.489295,27.310091,1091.966001,-1.842799,14.027311,9.366499,3.489463,-0.000006
35.611302,20.495279,27.253189,1087.205780,-1.866048,14.040355,9.355905,3.484995,-0.000736
35.627593,20.507229,27.201487,1082.455126,-1.868719,14.045301,9.346376,3.479528,0.008056
35.633849,20.504724,27.154529,1077.711462,-1.879227,14.065732,9.328975,3.484450,-0.005182
35.646904,20.509358,27.091808,1072.975062,-1.899732,14.068606,9.322715,3.476594,-0.002551
35.666620,20.510857,27.036048,1068.261886,-1.921685,14.080102,9.309630,3.468054,0.003994
35.683818,20.518130,26.991630,1063.564958,-1.929928,14.093929,9.295370,3.470920,-0.000180
35.699309,20.521024,26.935766,1058.848010,-1.948803,14.106819,9.283235,3.453793,0.009248
35.704875,20.521208,26.878543,1054.182330,-1.977762,14.115134,9.275618,3.453847,-0.004972
35.722464,20.531882,26.827743,1049.499517,-1.989342,14.132217,9.261280,3.445927,0.003759
35.734648,20.542351,26.771764,1044.850099,-2.025117,14.129307,9.254375,3.449495,-0.006031
35.749429,20.544482,26.722458,1040.192952,-2.037787,14.144456,9.246713,3.445869,-0.000937
35.761049,20.541218,26.657232,1035.551192,-2.066419,14.153149,9.221766,3.440200,0.004540
35.766227,20.554019,26.598807,1030.922137,-2.095279,14.161197,9.216908,3.433844,0.005803
35.789414,20.549496,26.539640,1026.310676,-2.122725,14.175895,9.216170,3.437436,0.001056
35.803986,20.555800,26.494935,1021.714728,-2.149547,14.177158,9.204376,3.423723,0.003773
35.822651,20.562505,26.436214,1017.120815,-2.164857,14.191475,9.199688,3.424190,0.003287
35.832187,20.566742,26.373887,1012.550194,-2.209095,14.203348,9.186449,3.419099,0.001884
35.836911,20.572733,26.322249,1007.975307,-2.230836,14.209169,9.181249,3.418834,0.003198
35.857470,20.569509,26.255222,1003.424541,-2.270114,14.217990,9.169848,3.415916,0.001582
35.866141,20.578076,26.194767,998.876908,-2.296766,14.227053,9.168998,3.402320,0.004271
0.042696,0.047738,52.779736,4753.376881,-0.517767,44.998470,4.943997,1.838826,0.001384
0.087058,0.093820,52.714525,4750.747106,-0.525684,45.005443,4.979596,1.850006,0.009303
0.135278,0.135002,52.650117,4748.071962,-0.545734,44.994887,5.023082,1.879699,0.001738
0.177555,0.174701,52.587237,4745.406869,-0.551293,44.998550,5.056529,1.887064,0.004347
0.225624,0.221531,52.519550,4742.704658,-0.554658,44.998676,5.104372,1.891733,0.003082
0.265312,0.266527,52.447199,4739.977760,-0.573444,44.998545,5.139580,1.912399,0.002107
0.318515,0.316369,52.373153,4737.246244,-0.580559,44.999263,5.197492,1.932236,0.000115
0.351844,0.369995,52.305057,4734.469223,-0.598181,44.996537,5.233434,1.955663,-0.005542
0.406709,0.407542,52.227988,4731.673542,-0.596779,45.004424,5.289733,1.969212,-0.001907
0.449577,0.448070,52.156353,4728.851472,-0.598034,45.003750,5.344168,1.990701,-0.000925
0.498335,0.506216,52.073980,4726.013323,-0.604910,45.010813,5.384761,2.009824,-0.000026
0.546948,0.535124,52.007366,4723.138534,-0.608583,45.004661,5.436089,2.022574,0.002091
0.589487,0.585595,51.925688,4720.246696,-0.611466,45.006434,5.491194,2.047244,-0.008663
0.636356,0.628692,51.853159,4717.315317,-0.621048,45.002719,5.539308,2.062784,-0.002478
0.680703,0.672775,51.770929,4714.362642,-0.615432,45.016734,5.597012,2.081446,-0.001491
0.714191,0.710437,51.695687,4711.379402,-0.631525,45.004698,5.645741,2.096034,0.007195
0.765211,0.757262,51.615783,4708.358217,-0.628662,45.003736,5.708013,2.116805,0.005782
0.802363,0.808595,51.536064,4705.312182,-0.619227,45.017111,5.758143,2.138174,0.002974
0.845932,0.861800,51.470060,4702.240156,-0.618853,45.005205,5.816376,2.177447,-0.006548
0.899709,0.891491,51.401476,4699.126609,-0.636433,45.009307,5.863829,2.186595,0.009037
0.937877,0.937191,51.318412,4695.991033,-0.616920,45.005235,5.921097,2.214870,0.001225
0.988969,0.986093,51.236517,4692.822247,-0.620280,45.023970,5.984623,2.223885,0.002751
1.033535,1.035286,51.150486,4689.620774,-0.613019,45.004663,6.037912,2.251834,-0.008834
1.066733,1.076580,51.079709,4686.378497,-0.599246,45.005837,6.093820,2.266307,0.000954
1.115309,1.125419,51.012191,4683.110347,-0.601610,45.020143,6.144152,2.293661,-0.000275
1.165531,1.161946,50.935953,4679.821776,-0.586260,45.020981,6.198290,2.317257,-0.002394
1.211497,1.195641,50.866602,4676.488879,-0.588874,45.019455,6.253042,2.327914,-0.005195
1.247497,1.245109,50.796776,4673.125656,-0.577745,45.021682,6.304668,2.347482,-0.003813
1.288906,1.296189,50.731408,4669.728253,-0.570283,45.017668,6.370963,2.368260,-0.000487
1.337122,1.344345,50.659633,4666.300970,-0.563695,45.019873,6.406845,2.389965,0.009657
1.380389,1.376201,50.584833,4662.837232,-0.540386,45.025391,6.461111,2.410703,0.001867
1.421767,1.434613,50.520407,4659.344029,-0.526353,45.031404,6.518599,2.420690,0.000732
1.470121,1.472234,50.454465,4655.829139,-0.512547,45.030004,6.564197,2.444615,0.001565
1.519130,1.508234,50.395630,4652.270227,-0.496169,45.032198,6.613838,2.462392,0.006307
1.553963,1.562254,50.343224,4648.695828,-0.483795,45.030713,6.658765,2.476984,-0.001055
1.602571,1.603588,50.284411,4645.077051,-0.475443,45.034666,6.709098,2.496046,-0.001323
1.649045,1.651363,50.218620,4641.434165,-0.454049,45.030071,6.744091,2.508512,0.000415
1.689136,1.685891,50.173033,4637.773732,-0.431212,45.034985,6.784306,2.529055,-0.000295
1.736111,1.741623,50.125683,4634.079173,-0.417114,45.041670,6.819442,2.542698,-0.003884
1.779791,1.782966,50.069680,4630.350421,-0.401328,45.044029,6.864109,2.561024,0.001534
1.827908,1.819990,50.029235,4626.613872,-0.377555,45.034516,6.884673,2.570004,-0.002378
1.854258,1.863887,49.979877,4622.845648,-0.360245,45.035130,6.923808,2.583741,-0.004609
1.900920,1.912631,49.943519,4619.052308,-0.343738,45.041849,6.954759,2.593405,0.008815
1.942827,1.959684,49.889865,4615.244816,-0.329296,45.045065,6.984759,2.597361,-0.001774
1.998785,1.995770,49.856936,4611.420867,-0.296265,45.044784,7.015062,2.615084,0.000465
2.041068,2.033695,49.821848,4607.563506,-0.272506,45.045484,7.036184,2.618173,-0.001524
2.077400,2.071738,49.787114,4603.698373,-0.264029,45.059998,7.051891,2.629739,0.002368
2.135776,2.127833,49.764651,4599.811880,-0.238856,45.060698,7.074895,2.634759,-0.007719
2.174436,2.173561,49.737354,4595.914653,-0.228034,45.058961,7.083467,2.643529,-0.004760
2.215919,2.214738,49.712012,4592.006263,-0.198305,45.052813,7.089817,2.641315,-0.005185
2.253955,2.258253,49.692033,4588.084644,-0.166574,45.065465,7.107609,2.651884,0.005071
2.301044,2.305582,49.673706,4584.141891,-0.145256,45.059509,7.112156,2.655439,0.003075
2.343865,2.347039,49.645370,4580.203753,-0.121093,45.065052,7.111060,2.647872,0.002790
2.387560,2.384043,49.625543,4576.255890,-0.100370,45.078015,7.120188,2.650855,0.996304
2.430180,2.445169,49.625472,4572.302588,-0.076140,45.075024,7.119543,2.651132,0.996138
2.478835,2.486986,49.622368,4568.344886,-0.051493,45.088611,7.115676,2.648674,0.998021
2.506942,2.512583,49.615699,4564.378170,-0.038853,45.081404,7.106119,2.651754,1.001200
2.553685,2.564554,49.613090,4560.418338,-0.017778,45.085204,7.097664,2.642094,0.996706
2.595794,2.611103,49.611817,4556.459297,0.004843,45.096438,7.091452,2.629186,1.002282
2.647904,2.647079,49.611070,4552.497957,0.027284,45.094326,7.067723,2.624670,0.988840
2.690719,2.701137,49.619422,4548.538809,0.055057,45.108474,7.052266,2.631314,0.996561
2.723917,2.736623,49.624495,4544.588635,0.068407,45.114103,7.029457,2.629507,0.998432
2.771831,2.784577,49.626231,4540.634140,0.085938,45.118549,7.010744,2.602362,1.000118
2.820221,2.821107,49.647578,4536.707129,0.115762,45.119260,6.987532,2.603488,1.001241
2.855394,2.858145,49.658605,4532.772260,0.135381,45.126814,6.968733,2.595228,1.000187
2.900905,2.899345,49.673537,4528.858600,0.149245,45.130950,6.937813,2.585627,0.996444
2.947995,2.943469,49.689530,4524.946429,0.166496,45.138786,6.900181,2.573028,0.993225
2.977145,2.995310,49.717550,4521.063868,0.176925,45.138448,6.871395,2.555719,0.991608
3.033524,3.037955,49.738630,4517.175230,0.189418,45.153890,6.843978,2.547967,1.006534
3.072491,3.084046,49.754287,4513.307345,0.211966,45.150864,6.804183,2.527296,1.003123
3.120874,3.126239,49.789614,4509.463131,0.229907,45.158083,6.772238,2.517695,1.007911
3.166367,3.161085,49.808613,4505.624122,0.238555,45.161373,6.737213,2.506873,0.997263
3.195684,3.205034,49.838599,4501.813932,0.252127,45.173819,6.696770,2.492539,0.999710
3.242947,3.242058,49.871322,4498.014210,0.257817,45.172710,6.662260,2.483401,1.005008
3.271333,3.299233,49.903044,4494.243768,0.270917,45.182071,6.624515,2.463476,0.995976
3.333857,3.334588,49.940444,4490.483638,0.288089,45.178078,6.579405,2.452069,0.999495
3.363472,3.383712,49.963507,4486.752973,0.290715,45.185118,6.539077,2.427213,1.002746
3.419473,3.419298,50.008408,4483.028247,0.301419,45.186196,6.492175,2.422018,1.001907
3.451831,3.460474,50.039927,4479.349128,0.297773,45.201603,6.444556,2.401153,0.988015
3.495137,3.508653,50.074755,4475.670382,0.307273,45.207120,6.399398,2.391731,1.001444
3.546265,3.541348,50.110095,4472.032946,0.318613,45.207717,6.355976,2.362397,1.001868
3.582610,3.594803,50.149281,4468.407447,0.321411,45.221697,6.320475,2.352640,1.000693
3.626774,3.638949,50.189622,4464.799432,0.328794,45.220565,6.274792,2.333131,1.000768
3.661234,3.681740,50.214241,4461.218663,0.341373,45.230011,6.234009,2.322035,1.000350
3.698860,3.722335,50.268876,4457.670484,0.334065,45.231468,6.190319,2.302499,0.996378
3.758127,3.766140,50.309458,4454.146478,0.336202,45.238378,6.141347,2.283144,1.001719
3.789761,3.798223,50.344441,4450.637358,0.330814,45.257878,6.093144,2.274045,0.996240
3.841397,3.845883,50.375797,4447.164126,0.335205,45.244835,6.051462,2.256457,1.001764
3.875811,3.887553,50.418074,4443.704135,0.335705,45.256713,6.012807,2.249106,1.000329
3.920802,3.926659,50.460619,4440.270024,0.329109,45.260431,5.966105,2.225861,0.998487
3.960347,3.975037,50.493824,4436.869496,0.325388,45.257426,5.930805,2.208002,0.996870
4.008997,4.016824,50.529049,4433.485497,0.312625,45.274193,5.893207,2.197853,0.997017
4.039594,4.060695,50.579747,4430.121582,0.321519,45.281835,5.862395,2.182355,1.000682
4.072541,4.105949,50.609497,4426.771060,0.306873,45.281958,5.815253,2.178010,0.998765
4.125997,4.127411,50.636984,4423.466315,0.303841,45.283523,5.778382,2.151801,1.004283
4.165832,4.180810,50.681866,4420.179986,0.292733,45.304328,5.742723,2.141355,1.001311
4.213141,4.225678,50.704518,4416.899398,0.285990,45.301044,5.701483,2.126026,0.999884
4.253621,4.280561,50.739023,4413.651652,0.266471,45.311926,5.663147,2.094730,0.999812
4.305187,4.314286,50.778281,4410.428889,0.268997,45.308445,5.633090,2.099403,0.999752
4.333434,4.352993,50.805336,4407.225672,0.248385,45.310705,5.600737,2.086051,0.999630
4.371455,4.398836,50.843649,4404.034999,0.239139,45.320705,5.575757,2.076768,1.000725
4.416685,4.437884,50.861184,4400.863296,0.227631,45.320169,5.538212,2.058556,0.998173
4.456137,4.487818,50.884554,4397.719092,0.217348,45.328521,5.512024,2.057408,1.001406
4.490106,4.523752,50.913568,4394.593310,0.205679,45.339157,5.482709,2.040475,1.004786
4.535885,4.563533,50.940670,4391.492944,0.184661,45.342836,5.463165,2.035204,1.007814
4.582347,4.607942,50.948343,4388.396035,0.172373,45.359517,5.436776,2.029869,0.999623
4.621735,4.649085,50.976470,4385.319232,0.162181,45.350582,5.427037,2.021031,1.014630
4.661308,4.692182,50.994374,4382.249439,0.144081,45.357586,5.402055,2.013578,0.998087
4.702687,4.734910,51.016854,4379.215125,0.131981,45.370415,5.375115,2.002981,0.998833
4.751926,4.767730,51.010710,4376.180159,0.113196,45.377938,5.356969,1.996014,0.999979
4.781895,4.812575,51.032706,4373.159329,0.087541,45.385924,5.346590,1.994020,1.000552
4.833604,4.860509,51.041387,4370.154993,0.070544,45.386660,5.328694,1.985200,1.008215
4.870098,4.899234,51.043246,4367.167857,0.055107,45.403856,5.318102,1.977987,1.002428
4.903139,4.946355,51.046968,4364.203734,0.030163,45.402754,5.302161,1.967891,0.998400
4.939282,4.976490,51.056725,4361.208474,0.012133,45.413833,5.303028,1.976298,0.997757
5.007997,5.025047,51.062148,4358.258935,-0.000963,45.416343,5.288031,1.971348,1.002340
5.033592,5.071542,51.052984,4355.302109,-0.015772,45.432472,5.283285,1.966973,1.000754
5.077359,5.110091,51.060087,4352.363131,-0.043735,45.428486,5.281076,1.971306,1.005304
5.111073,5.142703,51.046885,4349.430525,-0.059542,45.437931,5.274577,1.969603,1.007958
5.173357,5.194917,51.046423,4346.500537,-0.079873,45.444358,5.274595,1.964618,1.002660
5.196365,5.228209,51.029501,4343.575068,-0.095322,45.451538,5.274789,1.959085,0.994417
5.237285,5.270519,51.015557,4340.644988,-0.117340,45.454381,5.278064,1.966870,0.997902
5.274511,5.311741,50.995956,4337.740342,-0.131617,45.458145,5.277271,1.961854,1.007956
5.326692,5.362144,50.987943,4334.823193,-0.166226,45.458251,5.290223,1.961338,0.995711
5.360016,5.387557,50.974570,4331.909158,-0.172623,45.479425,5.287838,1.969008,0.995147
5.402786,5.432222,50.952690,4329.010454,-0.193276,45.485720,5.303040,1.981246,1.001203
5.443082,5.480636,50.920600,4326.089954,-0.218838,45.494338,5.315625,1.977584,0.997419
5.472323,5.521650,50.900247,4323.180195,-0.243774,45.493560,5.324642,1.985160,0.998208
5.529810,5.550411,50.870629,4320.263794,-0.255605,45.498655,5.340756,1.976669,0.994645
5.567365,5.599013,50.847870,4317.341745,-0.271613,45.514642,5.350866,2.004529,1.001012
5.602931,5.651200,50.803556,4314.424588,-0.294908,45.520716,5.362333,2.000323,0.999469
5.648249,5.693811,50.775995,4311.487999,-0.311255,45.530580,5.374364,2.001335,0.993417
5.684015,5.723299,50.738162,4308.555437,-0.329362,45.535806,5.411743,2.011536,1.004837
5.728232,5.763990,50.705781,4305.617681,-0.348933,45.543748,5.433495,2.021696,1.000549
5.769909,5.815593,50.662851,4302.664721,-0.367116,45.556013,5.446175,2.027426,1.006597
5.804691,5.855233,50.625659,4299.716151,-0.387322,45.555295,5.479737,2.038351,1.002196
5.843553,5.885037,50.567914,4296.738506,-0.405380,45.557101,5.507022,2.048377,1.002934
5.882714,5.927133,50.524451,4293.762260,-0.412320,45.564618,5.535105,2.060668,1.006668
5.927160,5.982669,50.473908,4290.769893,-0.437982,45.587759,5.560048,2.068407,1.006369
5.969696,6.024697,50.439167,4287.767515,-0.449324,45.585173,5.588227,2.083278,1.009375
6.007342,6.053545,50.379534,4284.752523,-0.460368,45.591664,5.625650,2.102099,1.001283
6.054668,6.102711,50.317865,4281.711005,-0.483505,45.608474,5.651737,2.102615,1.003058
6.090382,6.136590,50.266882,4278.666114,-0.500751,45.604919,5.700416,2.124974,0.995401
6.127400,6.188244,50.216768,4275.611735,-0.505084,45.619008,5.725594,2.129399,0.997846
6.168208,6.228465,50.160136,4272.511874,-0.522702,45.626609,5.774637,2.139577,0.991707
6.205002,6.265354,50.093196,4269.410118,-0.534736,45.631396,5.810320,2.161622,0.998071
6.251250,6.302162,50.037843,4266.289131,-0.545369,45.644730,5.854974,2.175700,0.004133
6.275679,6.353970,49.975065,4263.157865,-0.555248,45.639134,5.892458,2.191635,-0.006427
6.325931,6.387012,49.907479,4259.989997,-0.565877,45.647335,5.930213,2.212005,0.003504
6.362242,6.425412,49.853771,4256.807556,-0.573909,45.659245,5.966473,2.224766,-0.008159
6.405304,6.474745,49.783742,4253.592378,-0.578585,45.662677,6.023371,2.250498,0.000157
6.451767,6.513759,49.717072,4250.357320,-0.584849,45.663753,6.072989,2.259964,-0.000015
6.490836,6.558299,49.658162,4247.108289,-0.598112,45.680723,6.113215,2.275720,-0.006286
6.525081,6.588716,49.597402,4243.828005,-0.602143,45.681092,6.166437,2.303004,0.004023
6.570349,6.631989,49.532611,4240.518985,-0.605607,45.680764,6.219729,2.323171,0.005340
6.610516,6.678946,49.447644,4237.188096,-0.606533,45.684890,6.257894,2.341687,0.006147
6.637973,6.723903,49.388922,4233.834303,-0.615388,45.704119,6.320441,2.348500,-0.001536
6.691268,6.746177,49.319681,4230.440916,-0.616091,45.707314,6.353392,2.362955,-0.003582
6.720344,6.799158,49.256713,4227.024384,-0.617124,45.715663,6.410853,2.391334,0.009567
6.753027,6.830328,49.180352,4223.590947,-0.614729,45.717750,6.460807,2.409942,0.011771
6.804982,6.875826,49.111808,4220.104368,-0.626672,45.730883,6.526609,2.423363,-0.000701
6.838671,6.925296,49.046853,4216.608948,-0.606984,45.733451,6.577040,2.454993,0.011099
6.878156,6.962043,48.983927,4213.076482,-0.611056,45.739353,6.621442,2.466751,0.008352
6.920393,7.008286,48.908895,4209.518174,-0.605125,45.745299,6.671854,2.485686,0.000326
6.957928,7.041065,48.847514,4205.928480,-0.598744,45.749927,6.732339,2.503661,-0.009281
6.997429,7.092240,48.779847,4202.306614,-0.598525,45.760105,6.776645,2.520814,0.005346
7.043814,7.111915,48.724895,4198.669096,-0.582946,45.760061,6.822008,2.545098,0.003917
7.075791,7.155910,48.652058,4194.981148,-0.583230,45.771799,6.882151,2.561021,-0.003506
7.113904,7.203850,48.593951,4191.275833,-0.575454,45.778141,6.925727,2.589865,-0.000397
7.154695,7.247010,48.518843,4187.535083,-0.562488,45.781771,6.964878,2.600969,-0.004296
7.194959,7.280311,48.466075,4183.767253,-0.563582,45.782412,7.013533,2.618338,-0.003130
7.232170,7.319145,48.403146,4179.966147,-0.543637,45.792936,7.074317,2.636989,0.004777
7.268592,7.359454,48.341632,4176.136336,-0.531306,45.805771,7.109165,2.644564,-0.004792
7.317327,7.408581,48.278575,4172.286581,-0.522209,45.815610,7.156291,2.664601,0.006942
7.345479,7.439116,48.231583,4168.401213,-0.508793,45.826267,7.203023,2.679479,0.005928
7.385501,7.487163,48.174277,4164.496714,-0.492277,45.819423,7.249347,2.700858,-0.000308
7.425623,7.527263,48.119718,4160.567297,-0.478694,45.830735,7.281703,2.707978,-0.000912
7.466582,7.560937,48.071511,4156.593453,-0.468236,45.836172,7.332017,2.727149,0.002521
7.512316,7.604514,48.019549,4152.608763,-0.450949,45.844571,7.349393,2.745029,0.002843
7.536429,7.645083,47.983988,4148.591421,-0.427714,45.853789,7.392467,2.756737,-0.001261
7.586008,7.680257,47.926505,4144.568245,-0.414037,45.860731,7.425999,2.768934,0.002773
7.624032,7.731648,47.885178,4140.503182,-0.402619,45.872483,7.462389,2.778316,0.005303
7.657019,7.768816,47.850498,4136.420782,-0.369918,45.883773,7.482795,2.790696,-0.005169
7.695599,7.798336,47.800890,4132.323455,-0.351209,45.892926,7.517225,2.802885,0.001600
7.736792,7.839067,47.767893,4128.208624,-0.344008,45.884602,7.542227,2.811949,0.003528
7.779357,7.895338,47.727842,4124.060090,-0.309643,45.897227,7.563354,2.814656,-0.000732
7.802917,7.928104,47.701005,4119.912816,-0.297575,45.901834,7.591311,2.820463,0.009149
7.849681,7.958128,47.669278,4115.751736,-0.270192,45.912390,7.603540,2.828694,0.009364
7.890228,8.010282,47.637587,4111.557205,-0.255646,45.913385,7.611853,2.832267,0.004211
7.933845,8.042429,47.605346,4107.363722,-0.233704,45.924200,7.626136,2.843885,0.004588
7.966117,8.083253,47.584882,4103.161198,-0.215230,45.926585,7.635118,2.842997,0.004964
8.006978,8.124565,47.560764,4098.942436,-0.190788,45.945490,7.641945,2.850399,0.001365
8.057033,8.172004,47.550629,4094.720629,-0.169206,45.937640,7.655498,2.845545,0.004754
8.081539,8.208170,47.532134,4090.468459,-0.134094,45.953847,7.648834,2.855138,0.000192
8.126483,8.255464,47.512371,4086.236089,-0.137331,45.959282,7.650952,2.846455,-0.001453
8.159426,8.287655,47.506912,4081.992162,-0.103566,45.962771,7.654245,2.853432,0.000332
8.199798,8.324168,47.488141,4077.736865,-0.085201,45.968909,7.646958,2.848502,0.001349
8.238322,8.360434,47.495879,4073.490168,-0.064236,45.986623,7.636092,2.844153,-0.001551
8.266257,8.412473,47.479088,4069.234750,-0.044707,45.997720,7.626754,2.833219,-0.001782
8.314807,8.447765,47.468050,4064.986213,-0.021560,46.001873,7.616856,2.838825,0.005536
8.344741,8.477754,47.472605,4060.741793,-0.005528,46.004365,7.594935,2.827382,0.003242
8.383336,8.520088,47.475288,4056.494522,0.011019,46.018421,7.583265,2.829340,-0.001570
8.425409,8.569877,47.482929,4052.248427,0.028833,46.016786,7.564467,2.814326,0.005100
8.460150,8.602977,47.475135,4048.019942,0.041550,46.026252,7.550003,2.807644,0.002822
8.502289,8.653944,47.487691,4043.797013,0.061106,46.041541,7.519977,2.808232,-0.000590
8.533921,8.687728,47.493238,4039.580573,0.084231,46.047240,7.499349,2.788759,0.005232
8.583047,8.728875,47.505817,4035.364191,0.103442,46.058706,7.475394,2.785602,0.003792
8.606765,8.761840,47.512769,4031.177238,0.124889,46.055053,7.446585,2.777072,-0.000904
8.649215,8.799473,47.529449,4026.990428,0.129915,46.061274,7.416087,2.761780,0.006034
8.687658,8.844208,47.548172,4022.817738,0.153052,46.076623,7.381956,2.758777,-0.002003
8.730010,8.887908,47.555114,4018.654068,0.157456,46.087121,7.348857,2.732757,-0.005715
8.767997,8.930260,47.572432,4014.505997,0.173913,46.085136,7.324831,2.726823,-0.004783
8.804313,8.950779,47.604728,4010.383513,0.183691,46.106113,7.294445,2.718584,-0.008040
8.837849,9.000804,47.615330,4006.286183,0.197373,46.118120,7.241125,2.707423,0.000508
8.874139,9.033196,47.629614,4002.185299,0.200724,46.112368,7.215134,2.688994,0.011540
8.908154,9.067649,47.657062,3998.111492,0.215962,46.125332,7.176111,2.666671,-0.005507
8.951534,9.109269,47.687454,3994.049409,0.226239,46.126346,7.138135,2.664182,-0.011153
8.984167,9.146770,47.713887,3990.028847,0.229200,46.138330,7.101623,2.649593,-0.001590
9.015650,9.199829,47.722221,3985.994823,0.233947,46.150790,7.062709,2.633622,-0.004575
9.056964,9.227016,47.755832,3982.008599,0.245883,46.158908,7.021178,2.627557,-0.006256
9.097658,9.267603,47.778599,3978.023094,0.244414,46.175322,6.982315,2.599340,0.001965
9.127855,9.308116,47.812753,3974.066324,0.255114,46.179243,6.942579,2.578293,0.004371
9.164920,9.349692,47.832349,3970.139374,0.255496,46.180607,6.905769,2.570326,0.000154
9.204015,9.384929,47.862303,3966.222512,0.255114,46.184010,6.868249,2.558596,-0.001525
9.243380,9.426856,47.892649,3962.334416,0.261463,46.201956,6.825064,2.534921,-0.005395
9.283395,9.462491,47.909029,3958.458199,0.251335,46.202375,6.790408,2.531529,0.001661
9.318723,9.507338,47.945222,3954.617592,0.259976,46.206934,6.749581,2.515703,-0.001934
9.355153,9.539755,47.973115,3950.780981,0.245989,46.217028,6.717972,2.506151,0.000200
9.388755,9.573099,47.993598,3946.983714,0.243025,46.221437,6.679261,2.486500,0.002173
9.427818,9.623932,48.022955,3943.200675,0.245562,46.237262,6.636197,2.462560,0.004055
9.461115,9.654829,48.045277,3939.445900,0.240898,46.244344,6.601868,2.453338,-0.000839
9.491603,9.694112,48.065367,3935.692912,0.228847,46.243116,6.575110,2.441302,0.000866
9.530924,9.735298,48.085125,3931.970045,0.232165,46.260666,6.545314,2.421174,0.001172
9.573283,9.773026,48.117759,3928.275516,0.224460,46.266218,6.501683,2.412019,-0.000971
9.601494,9.823155,48.132089,3924.604655,0.208360,46.273406,6.473500,2.416623,0.004602
9.655840,9.852457,48.157621,3920.950118,0.206668,46.277453,6.440653,2.396476,0.008402
9.675345,9.886500,48.176671,3917.310568,0.185787,46.305571,6.399687,2.391397,0.008066
9.712261,9.936380,48.206355,3913.688483,0.181221,46.307721,6.375790,2.366660,-0.000777
9.745712,9.964576,48.227216,3910.091100,0.166686,46.308912,6.345692,2.368415,-0.003197
9.784547,10.001598,48.228153,3906.503862,0.163342,46.318538,6.330742,2.357434,0.002549
9.825882,10.044241,48.249253,3902.943333,0.147179,46.334648,6.287625,2.348671,-0.005482
9.856923,10.077345,48.259277,3899.395275,0.132743,46.336414,6.268786,2.333286,-0.004100
9.893670,10.120488,48.274600,3895.871494,0.118751,46.342946,6.255867,2.330361,-0.001559
9.929750,10.162117,48.284037,3892.359863,0.105259,46.351289,6.224901,2.321420,0.007460
9.974034,10.201570,48.301139,3888.846302,0.090981,46.369796,6.201519,2.307725,0.004986
10.001642,10.226068,48.314845,3885.369992,0.076006,46.369497,6.191405,2.305320,0.000899
10.041872,10.271391,48.305856,3881.900089,0.055089,46.387812,6.185261,2.301369,-0.008999
10.075921,10.307836,48.325345,3878.431477,0.043863,46.393176,6.159692,2.297061,0.000455
10.107837,10.353108,48.313385,3874.992299,0.026326,46.400149,6.135064,2.286654,-0.006035
10.151667,10.383434,48.315815,3871.559570,-0.001105,46.412802,6.129878,2.285116,-0.006205
10.188885,10.423240,48.317235,3868.135620,-0.018307,46.418944,6.131117,2.279142,0.007215
10.210017,10.467532,48.320451,3864.729564,-0.024154,46.434795,6.111940,2.273236,0.006455
10.260120,10.493058,48.309070,3861.323149,-0.050347,46.443831,6.110642,2.282118,0.007788
10.289035,10.532152,48.312777,3857.916946,-0.065474,46.443258,6.102979,2.267938,-0.000180
10.328630,10.565254,48.299861,3854.540399,-0.087394,46.453509,6.100516,2.275709,0.000918
10.357970,10.618571,48.286726,3851.145514,-0.111538,46.461985,6.091942,2.279617,0.004301
10.387380,10.654081,48.287172,3847.781540,-0.121523,46.477315,6.091958,2.264774,-0.002852
10.429615,10.688914,48.264096,3844.414227,-0.142956,46.473330,6.093147,2.274755,0.006613
10.459154,10.728085,48.245380,3841.041396,-0.166381,46.482385,6.091832,2.274471,-0.009103
10.507923,10.763543,48.232621,3837.671932,-0.188376,46.499486,6.100970,2.279848,0.009106
10.543292,10.806650,48.218185,3834.313218,-0.203519,46.506668,6.104764,2.274290,-0.005084
10.570901,10.846321,48.190225,3830.951111,-0.229418,46.514767,6.117093,2.277363,-0.005125
10.609484,10.883570,48.172496,3827.596059,-0.245449,46.567483,6.131219,2.284211,16.002534
10.639126,10.913394,48.135493,3824.237699,-0.275062,46.612772,6.137115,2.285391,16.009002
10.678907,10.956737,48.126770,3820.883785,-0.303345,46.660137,6.152812,2.297307,15.999490
10.716239,10.990705,48.086994,3817.521231,-0.314697,46.705092,6.175826,2.296074,15.996406
10.742338,11.040873,48.051832,3814.147676,-0.350401,46.747178,6.181303,2.303002,16.006261
10.784423,11.077219,48.013698,3810.782051,-0.374119,46.794256,6.199833,2.320004,15.996332
10.818037,11.104255,47.966836,3807.399175,-0.389868,46.856922,6.220045,2.324994,16.004182
10.850203,11.144502,47.941608,3804.014620,-0.425095,46.901261,6.254758,2.337283,16.003268
10.900841,11.175932,47.890728,3800.627831,-0.445470,46.946975,6.272315,2.337009,15.996402
10.912057,11.219112,47.850642,3797.226282,-0.454999,46.995529,6.313399,2.354811,16.004212
10.951953,11.261879,47.795678,3793.810322,-0.473193,47.045831,6.342028,2.361907,15.995178
10.995849,11.298915,47.763745,3790.389116,-0.510247,47.091620,6.371770,2.376631,15.997006
11.019519,11.329381,47.687237,3786.947768,-0.523372,47.135635,6.410265,2.383774,16.002807
11.060901,11.376309,47.634006,3783.498321,-0.536816,47.192250,6.435059,2.395014,16.007018
11.096941,11.411972,47.594159,3780.024323,-0.569127,47.253286,6.480386,2.415661,16.010178
11.124096,11.442073,47.528781,3776.553276,-0.590273,47.301713,6.516200,2.424131,16.002039
11.160525,11.477356,47.480149,3773.038060,-0.592112,47.346737,6.562094,2.436139,15.994233
11.193165,11.514527,47.410977,3769.516938,-0.613085,47.401065,6.606020,2.462503,16.005538
11.238582,11.558586,47.361509,3765.967404,-0.630768,47.451134,6.648739,2.474507,15.996409
11.262518,11.599605,47.292811,3762.399422,-0.647271,47.496398,6.695447,2.489517,16.002793
11.304966,11.637586,47.232123,3758.809340,-0.668309,47.564129,6.748201,2.509120,16.000455
11.331997,11.682978,47.166748,3755.209051,-0.682945,47.609260,6.791995,2.531064,15.996777
11.370815,11.718940,47.097283,3751.552375,-0.677651,47.654846,6.833159,2.549681,16.000009
11.396481,11.758985,47.034836,3747.902059,-0.706557,47.712462,6.892084,2.569638,16.012486
11.437999,11.780886,46.955395,3744.210156,-0.716413,47.777780,6.953346,2.598725,16.006657
11.468561,11.821838,46.886225,3740.492679,-0.724780,47.819616,6.996436,2.594482,15.997220
11.499260,11.865481,46.829557,3736.750929,-0.728534,47.862815,7.061955,2.633570,15.991107
11.539795,11.906306,46.749001,3732.966567,-0.734481,47.929217,7.117810,2.652612,16.003362
11.570759,11.940355,46.671392,3729.163407,-0.737135,47.985595,7.188402,2.674796,15.988402
11.608051,11.974282,46.610087,3725.325779,-0.743288,48.032770,7.240307,2.695112,16.004975
11.643660,12.017425,46.530878,3721.454574,-0.745162,48.097340,7.294730,2.709286,16.003862
11.673028,12.056144,46.457690,3717.551281,-0.747789,48.156504,7.348204,2.737764,15.999871
11.703321,12.097068,46.384700,3713.620946,-0.745751,48.210249,7.417563,2.761472,15.996639
11.745333,12.134556,46.304392,3709.645922,-0.747142,48.272155,7.467822,2.777164,15.998781
11.770806,12.160072,46.246000,3705.647741,-0.745890,48.330700,7.523915,2.800612,16.003725
11.801215,12.207942,46.161340,3701.607125,-0.744187,48.386555,7.589203,2.823389,15.995781
11.833541,12.242763,46.099348,3697.545800,-0.739994,48.446524,7.653681,2.849829,16.001732
11.872162,12.287915,46.027380,3693.428320,-0.742133,48.512744,7.705932,2.874589,15.995114
11.893982,12.322042,45.952203,3689.287500,-0.726882,48.571039,7.775381,2.891318,15.988220
11.922886,12.353146,45.886923,3685.119986,-0.718170,48.626894,7.834279,2.923067,16.002422
11.978787,12.399647,45.808005,3680.908155,-0.711831,48.693848,7.896953,2.943263,15.996017
11.999149,12.416066,45.745813,3676.659739,-0.707673,48.744764,7.949399,2.958179,15.999650
12.031941,12.472199,45.673178,3672.383064,-0.688485,48.822851,7.996030,2.984045,16.005326
12.061217,12.511478,45.608949,3668.064054,-0.678153,48.873462,8.067202,3.005986,15.997508
12.094054,12.538640,45.556502,3663.708458,-0.666738,48.944935,8.108008,3.017154,16.004702
12.123016,12.586195,45.493105,3659.334313,-0.647038,48.996152,8.164163,3.042290,16.006179
12.162108,12.626354,45.417023,3654.922037,-0.627693,49.063968,8.222698,3.053042,15.996922
12.191486,12.666164,45.368087,3650.474589,-0.615286,49.130644,8.266155,3.079352,16.000085
12.226416,12.691793,45.299569,3645.999010,-0.599382,49.190529,8.312007,3.104000,15.998698
12.257353,12.736939,45.246754,3641.494180,-0.577769,49.256859,8.355876,3.106946,16.013267
12.290729,12.771659,45.192237,3636.956616,-0.551911,49.326864,8.404806,3.125164,16.000712
12.325392,12.814182,45.140841,3632.403725,-0.538695,49.389905,8.434114,3.153611,15.993285
12.347310,12.850472,45.092385,3627.800341,-0.523440,49.446140,8.479338,3.166065,15.998210
12.376073,12.897388,45.043223,3623.167503,-0.497711,49.512401,8.513325,3.171442,15.998061
12.414650,12.930098,45.004832,3618.528706,-0.476102,49.586756,8.553730,3.193113,16.001575
12.447879,12.954165,44.967716,3613.859733,-0.452988,49.657745,8.575999,3.181974,16.006319
12.478517,12.998697,44.908617,3609.172355,-0.433698,49.723868,8.615614,3.207191,16.003177
12.505026,13.036791,44.868261,3604.466385,-0.404523,49.790979,8.618900,3.213092,15.996623
12.534318,13.074400,44.834760,3599.737406,-0.370401,49.854233,8.655414,3.220501,15.988482
12.574445,13.112115,44.803471,3594.984032,-0.364275,49.928323,8.670026,3.229213,16.003138
12.601775,13.147893,44.774206,3590.213931,-0.321909,50.003104,8.690557,3.230630,15.994181
12.643062,13.194359,44.748859,3585.436862,-0.296953,50.063807,8.692017,3.236336,16.004412
12.670285,13.218181,44.709489,3580.649031,-0.271685,50.130260,8.707621,3.244261,15.997193
12.692114,13.265983,44.696544,3575.845733,-0.244688,50.201833,8.712671,3.252216,16.005199
12.724838,13.304497,44.665074,3571.028756,-0.221945,50.265041,8.724925,3.251514,16.001084
12.757912,13.331900,44.648992,3566.202086,-0.193580,50.332034,8.729046,3.246363,16.001963
12.773672,13.375229,44.634725,3561.369350,-0.173123,50.416772,8.717628,3.258659,15.999975
12.819024,13.420025,44.618013,3556.547526,-0.153123,50.475850,8.706541,3.250004,16.000516
12.844596,13.455591,44.606447,3551.720677,-0.122465,50.540509,8.704895,3.240744,15.999184
12.882937,13.487951,44.596861,3546.872527,-0.103294,50.613050,8.694927,3.239496,15.996419
12.903009,13.522992,44.588243,3542.042652,-0.068499,50.684722,8.686772,3.230023,16.003366
12.941624,13.568721,44.575215,3537.223391,-0.044770,50.746958,8.666167,3.225534,15.995880
12.953186,13.604400,44.578456,3532.385373,-0.025963,50.823545,8.646606,3.223565,16.002266
13.002695,13.644767,44.571627,3527.564880,-0.002818,50.884785,8.626988,3.212675,15.998322
13.023926,13.688117,44.571736,3522.748441,0.025367,50.966126,8.596343,3.209567,16.001025
13.047278,13.716760,44.587048,3517.949281,0.042093,51.041086,8.566173,3.190043,15.995463
13.086986,13.748448,44.578861,3513.154583,0.057980,51.107878,8.533334,3.174863,15.999691
13.114702,13.795805,44.591037,3508.373292,0.083453,51.169910,8.517206,3.175793,16.001947
13.139413,13.825316,44.599975,3503.613268,0.103703,51.231683,8.465861,3.155377,16.005418
13.172476,13.866407,44.618356,3498.856259,0.123938,51.307365,8.437898,3.140655,16.006480
13.199961,13.901914,44.617710,3494.108378,0.149526,51.378660,8.405405,3.129757,15.996791
13.234567,13.944772,44.632140,3489.401466,0.164130,51.441161,8.360379,3.115239,16.001430
13.260779,13.979736,44.649928,3484.692562,0.170169,51.502977,8.316767,3.103069,16.006661
13.290816,14.020906,44.668346,3479.998086,0.180368,51.585259,8.286056,3.078682,15.997848
13.323393,14.062376,44.685046,3475.340693,0.199676,51.648857,8.241545,3.078699,16.003823
13.355690,14.089870,44.699064,3470.692386,0.211488,51.710858,8.194566,3.048779,16.001259
13.375881,14.137963,44.724202,3466.074014,0.224555,51.778419,8.152384,3.036067,15.996374
13.406896,14.166679,44.745057,3461.467898,0.232368,51.843297,8.110896,3.018187,16.001086
13.432780,14.209264,44.765820,3456.887195,0.238695,51.924683,8.062256,3.013287,16.008665
13.462511,14.235696,44.788501,3452.337261,0.245783,51.979857,8.023408,2.983782,16.002606
13.488239,14.281232,44.809450,3447.804647,0.252464,52.052582,7.974573,2.966972,15.999284
13.513157,14.307487,44.826283,3443.293701,0.255535,52.116983,7.930739,2.941448,16.004710
13.541742,14.351086,44.863870,3438.821034,0.264306,52.181248,7.868470,2.942698,15.998852
13.571784,14.393502,44.884614,3434.373153,0.264268,52.246099,7.828891,2.919781,16.002057
13.610318,14.427038,44.904930,3429.936295,0.262406,52.314266,7.779811,2.900992,15.994101
13.631990,14.468022,44.922990,3425.520853,0.265615,52.379985,7.730676,2.891897,16.011214
13.656163,14.508778,44.954964,3421.157528,0.265775,52.449119,7.688982,2.862546,16.002487
13.694711,14.539340,44.971888,3416.799944,0.256911,52.508384,7.651022,2.848651,16.000478
13.718651,14.578766,44.994329,3412.471530,0.267208,52.574368,7.596780,2.836675,15.998670
13.739949,14.604392,45.027237,3408.170387,0.254432,52.635155,7.561247,2.819516,16.001486
13.760833,14.660481,45.046012,3403.895828,0.242129,52.690796,7.514901,2.793291,16.002014
13.804583,14.687513,45.068509,3399.658534,0.232777,52.763649,7.481727,2.779146,15.995888
13.817913,14.723955,45.093455,3395.415558,0.240359,52.827126,7.443552,2.765430,16.001125
13.850659,14.773220,45.112483,3391.210065,0.233463,52.887601,7.410479,2.755828,16.000272
13.885333,14.805418,45.124987,3387.044412,0.203664,52.957642,7.356867,2.744896,15.997040
13.905536,14.838189,45.145690,3382.894982,0.198725,53.024579,7.316523,2.728759,16.007072
13.942760,14.876181,45.151105,3378.748191,0.183158,53.081959,7.297521,2.713052,16.000272
13.961927,14.912607,45.170532,3374.649990,0.163625,53.146681,7.256167,2.698214,15.999086
13.989769,14.958009,45.180061,3370.562923,0.157024,53.204047,7.223125,2.686838,15.994022
14.021244,14.995597,45.204388,3366.493873,0.145228,53.262997,7.199279,2.684545,16.000279
14.044119,15.026284,45.217295,3362.458762,0.126809,53.341709,7.159240,2.668757,15.996355
14.066448,15.062718,45.217883,3358.421773,0.108780,53.397011,7.146129,2.657381,15.992751
14.101649,15.103705,45.232104,3354.428268,0.086355,53.459830,7.108231,2.648646,16.002194
14.119684,15.134992,45.240205,3350.438943,0.065265,53.516836,7.084134,2.626489,16.001194
14.153917,15.173614,45.238523,3346.464541,0.042299,53.580119,7.070851,2.642170,16.003215
14.176022,15.213269,45.250839,3342.519748,0.037435,53.646701,7.035761,2.622067,15.992057
14.210509,15.254631,45.249450,3338.580178,0.006360,53.704290,7.030633,2.621442,16.001751
14.227724,15.285884,45.248904,3334.659255,-0.018399,53.764029,7.003851,2.607662,16.000006
14.263721,15.322462,45.252107,3330.756629,-0.020852,53.837771,6.988162,2.606470,16.000826
14.282718,15.357303,45.245648,3326.857982,-0.051677,53.894474,6.988230,2.607760,16.011099
14.304110,15.399647,45.241278,3322.976853,-0.075151,53.953731,6.966116,2.598908,16.004038
14.337929,15.432582,45.229516,3319.117572,-0.095816,54.013050,6.963279,2.597323,15.992905
14.357012,15.470773,45.225328,3315.251547,-0.120680,54.080128,6.952914,2.596487,15.994682
14.387152,15.518517,45.218113,3311.410127,-0.152283,54.146460,6.949238,2.597518,15.997101
14.420200,15.531239,45.201768,3307.568975,-0.174908,54.200633,6.944723,2.587354,16.000033
14.433874,15.587032,45.176964,3303.727069,-0.189859,54.259610,6.943311,2.586140,16.000449
14.461206,15.623857,45.161253,3299.909661,-0.212314,54.332444,6.951413,2.586846,15.998961
14.499578,15.656165,45.139292,3296.078897,-0.249756,54.385682,6.952553,2.600232,15.999264
14.505674,15.696168,45.125602,3292.250675,-0.267940,54.446872,6.960375,2.593705,16.004265
14.540304,15.735198,45.093393,3288.437485,-0.292734,54.517578,6.960459,2.597069,16.003136
14.570398,15.771937,45.074248,3284.619765,-0.316259,54.565484,6.964106,2.599988,15.994425
14.594266,15.810119,45.042640,3280.802628,-0.338425,54.638866,6.978389,2.601703,16.002165
14.610720,15.839309,45.002287,3276.986840,-0.358764,54.703011,6.987657,2.613145,16.001166
14.645028,15.878777,44.978347,3273.166514,-0.389054,54.767567,7.009981,2.611694,15.997074
14.665317,15.917064,44.957745,3269.344482,-0.409763,54.836848,7.028358,2.616884,15.999678
14.694242,15.957163,44.907326,3265.515652,-0.419093,54.900489,7.047112,2.624298,16.000249
14.716478,15.999405,44.869578,3261.690466,-0.446647,54.970180,7.071497,2.626291,16.001724
14.741907,16.029201,44.830817,3257.851206,-0.488144,55.028673,7.083996,2.644325,15.996778
14.777549,16.060415,44.790951,3254.000385,-0.498324,55.081386,7.118726,2.646167,15.995670
14.799951,16.100238,44.741255,3250.140190,-0.512030,55.153126,7.141702,2.657902,15.994391
14.822606,16.147786,44.705515,3246.280051,-0.538393,55.221603,7.170770,2.666636,15.995050
14.843137,16.176131,44.658378,3242.400728,-0.560377,55.283282,7.203540,2.687043,15.997067
14.873790,16.213589,44.612605,3238.511056,-0.581675,55.344597,7.224668,2.698525,16.002607
14.898235,16.247780,44.549805,3234.615778,-0.607757,55.407529,7.267521,2.712362,15.999425
14.917423,16.280372,44.505439,3230.694837,-0.619101,55.478977,7.309338,2.726897,16.006506
14.938940,16.328087,44.456645,3226.765518,-0.636230,55.550460,7.351692,2.738529,16.003097
14.965633,16.364155,44.407778,3222.816786,-0.652349,55.620078,7.373009,2.751550,15.998162
14.983281,16.389967,44.345152,3218.847962,-0.659007,55.680297,7.416196,2.769364,16.001577
15.017295,16.439785,44.283144,3214.867114,-0.674305,55.735593,7.470571,2.773793,15.995438
15.034004,16.475464,44.231103,3210.858583,-0.693820,55.818024,7.500957,2.798500,15.998015
15.059293,16.506149,44.158914,3206.834689,-0.709832,55.883085,7.548339,2.810950,15.999598
15.091853,16.543258,44.109101,3202.784710,-0.726052,55.947902,7.591549,2.829109,15.993929
15.099884,16.586332,44.043893,3198.719887,-0.728979,56.017293,7.634921,2.857100,15.992306
15.134914,16.613096,43.987526,3194.615235,-0.737870,56.091635,7.679691,2.864453,15.997502
15.170798,16.651836,43.920326,3190.511056,-0.748836,56.166471,7.725737,2.883679,15.997383
15.179342,16.693658,43.864676,3186.370762,-0.751831,56.233713,7.773811,2.894599,15.993958
15.212102,16.725564,43.794421,3182.196020,-0.764625,56.306611,7.823584,2.917028,15.999654
15.235661,16.767923,43.743562,3178.000099,-0.768527,56.383316,7.870962,2.935440,16.000466
15.255096,16.809054,43.668868,3173.774734,-0.771934,56.441500,7.927845,2.949361,15.990881
15.276671,16.843301,43.604300,3169.537500,-0.787640,56.515239,7.984632,2.969480,15.997173
15.294392,16.867720,43.538647,3165.260733,-0.784410,56.585574,8.019188,2.986635,15.997041
15.328676,16.914620,43.480047,3160.957193,-0.783753,56.668705,8.083127,3.007850,15.994754
15.345112,16.939348,43.417473,3156.618618,-0.785582,56.726465,8.129327,3.024378,15.987036
15.368906,16.990356,43.355301,3152.269709,-0.780443,56.817746,8.179207,3.046787,16.004654
15.401364,17.018990,43.291763,3147.872072,-0.774050,56.893585,8.238299,3.067994,15.997694
15.409493,17.056557,43.215904,3143.463850,-0.764739,56.959343,8.280891,3.084345,15.994462
15.446015,17.096295,43.155916,3139.012276,-0.763964,57.042473,8.331879,3.100995,16.001015
15.465561,17.131369,43.104893,3134.528236,-0.754041,57.114083,8.384135,3.118596,16.001331
15.479698,17.165181,43.032767,3130.034369,-0.746229,57.198721,8.430001,3.142038,16.001397
15.504258,17.195381,42.980573,3125.490511,-0.749739,57.282765,8.477862,3.162022,15.998082
15.525152,17.249185,42.916222,3120.930517,-0.728240,57.347325,8.520848,3.170027,15.998103
15.555992,17.281219,42.866425,3116.337946,-0.720306,57.425543,8.557830,3.187752,15.999056
15.575227,17.312698,42.809154,3111.717060,-0.693436,57.503765,8.617591,3.211877,15.987635
15.595026,17.352619,42.738620,3107.073094,-0.694602,57.577126,8.646446,3.220495,16.001133
15.626211,17.391006,42.687443,3102.389760,-0.674793,57.660638,8.692801,3.245024,15.995704
15.642037,17.413891,42.633654,3097.693144,-0.665164,57.745858,8.726786,3.251405,16.001639
15.668129,17.454711,42.581691,3092.963886,-0.647966,57.824764,8.772876,3.262453,16.003271
15.687290,17.492565,42.525038,3088.206013,-0.622064,57.908847,8.811334,3.284845,15.991882
15.701933,17.538152,42.480041,3083.441752,-0.605276,57.986833,8.847220,3.299245,15.995453
15.732842,17.565441,42.437687,3078.635165,-0.583384,58.066471,8.882235,3.310118,16.009836
15.749008,17.592208,42.390125,3073.810448,-0.573673,58.150922,8.910085,3.318878,15.997503
15.778747,17.644621,42.338183,3068.965550,-0.543867,58.227165,8.941093,3.327004,15.992142
15.795673,17.689061,42.298246,3064.106494,-0.536126,58.319978,8.967080,3.332165,15.998297
15.822380,17.717391,42.249168,3059.221605,-0.506740,58.397261,8.993769,3.351772,16.000369
15.841973,17.745955,42.213976,3054.309786,-0.479415,58.488445,9.006846,3.356621,15.995936
15.859054,17.789492,42.183635,3049.395652,-0.472932,58.562290,9.030223,3.365822,15.996577
15.884222,17.823852,42.136639,3044.465978,-0.442850,58.648038,9.044680,3.367682,16.006422
15.901185,17.864186,42.111140,3039.522947,-0.411875,58.733677,9.060124,3.370734,15.998549
15.916012,17.893772,42.084909,3034.557227,-0.386279,58.809893,9.071051,3.375838,16.001205
15.948633,17.930218,42.054077,3029.582250,-0.365885,58.895965,9.073732,3.379994,15.996577
15.973571,17.971085,42.012386,3024.594599,-0.344086,58.984548,9.086894,3.373995,16.002096
15.984703,18.006826,41.993263,3019.600390,-0.316329,59.070967,9.083431,3.394050,16.005140
16.007593,18.040673,41.958522,3014.603148,-0.304087,59.147245,9.089796,3.389006,16.003779
16.025874,18.080181,41.939624,3009.598981,-0.278784,59.237792,9.086645,3.385022,16.002685
16.049613,18.118935,41.919241,3004.588256,-0.250536,59.326329,9.070676,3.381659,15.999370
16.069306,18.150931,41.904463,2999.580378,-0.227236,59.405013,9.079467,3.381716,15.999082
16.087407,18.186507,41.877959,2994.571889,-0.203923,59.490837,9.070318,3.379480,15.996814
16.106384,18.220856,41.869523,2989.548311,-0.189898,59.578687,9.059779,3.377386,16.003529
16.136744,18.261837,41.853421,2984.536826,-0.166262,59.663727,9.049240,3.374532,15.998281
16.146225,18.287466,41.843547,2979.521516,-0.150921,59.749072,9.025176,3.362811,15.999296
16.167282,18.326180,41.835413,2974.518538,-0.122819,59.825464,9.011849,3.354497,16.001838
16.193786,18.360943,41.823385,2969.503391,-0.098885,59.911188,8.987735,3.350901,15.996786
16.211451,18.398790,41.828668,2964.506498,-0.086565,59.996968,8.968976,3.350019,16.003985
16.227348,18.447891,41.823062,2959.528213,-0.058624,60.084817,8.947944,3.334519,16.008815
16.249162,18.470592,41.812844,2954.548661,-0.035984,60.174630,8.930051,3.323039,15.994818
16.269536,18.514571,41.797690,2949.584998,-0.033470,60.253948,8.900212,3.313344,16.002103
16.291678,18.546411,41.799813,2944.618418,-0.007411,60.349789,8.861092,3.291830,16.001541
16.304195,18.580860,41.804635,2939.677100,0.012876,60.422782,8.841933,3.294596,15.994827
16.323797,18.617889,41.800083,2934.741135,0.030219,60.514536,8.798890,3.289869,15.999423
16.342461,18.656936,41.810867,2929.825487,0.033196,60.599630,8.773387,3.270631,16.004168
16.362606,18.672983,41.819713,2924.918741,0.040387,60.677482,8.741878,3.253757,16.009502
16.389694,18.716563,41.824666,2920.031323,0.063119,60.774864,8.702553,3.244757,16.003008
16.401762,18.762099,41.818004,2915.169753,0.071385,60.841097,8.671559,3.229310,15.995856
16.420996,18.799467,41.820983,2910.295340,0.073447,60.930076,8.631718,3.212317,16.006455
16.455414,18.837532,41.834901,2905.468397,0.081602,61.012175,8.600175,3.204717,16.003333
16.465808,18.871745,41.843253,2900.648290,0.086425,61.112040,8.567863,3.188973,16.003611
16.471020,18.897427,41.844655,2895.856591,0.095650,61.178115,8.520417,3.180921,16.005080
16.495849,18.929927,41.857882,2891.076368,0.101286,61.268726,8.494564,3.169385,16.005572
16.510589,18.967428,41.866443,2886.303511,0.114069,61.354974,8.452522,3.137108,15.999823
16.531119,19.002570,41.869746,2881.572113,0.108113,61.436664,8.413595,3.140332,15.999480
16.540257,19.033175,41.875314,2876.839110,0.106740,61.523314,8.382915,3.127737,16.002586
16.575042,19.073595,41.891199,2872.153402,0.110772,61.603602,8.342845,3.110251,15.995755
16.589180,19.112057,41.883929,2867.474365,0.096239,61.687249,8.306045,3.099274,15.999274
16.603232,19.144627,41.905178,2862.809713,0.103855,61.765659,8.273339,3.081657,16.000037
16.620470,19.194773,41.914924,2858.172830,0.100645,61.841941,8.230159,3.059578,15.991692
16.647120,19.214551,41.918093,2853.563354,0.091518,61.930808,8.205387,3.058192,15.996837
16.653525,19.258627,41.919666,2848.957119,0.093646,62.015080,8.160857,3.050725,16.001039
16.687722,19.296878,41.931071,2844.381061,0.084346,62.096028,8.132886,3.021554,15.994932
16.699755,19.311716,41.934704,2839.823752,0.073524,62.168316,8.104836,3.017067,15.998519
16.711516,19.367033,41.942251,2835.298382,0.058706,62.254499,8.068940,3.005268,15.992710
16.731759,19.395523,41.942402,2830.780981,0.046666,62.338535,8.040953,2.993433,15.992439
16.746576,19.416801,41.943200,2826.281863,0.040022,62.416873,8.005337,2.987017,16.007588
16.766802,19.469748,41.951936,2821.804065,0.027737,62.499666,7.984263,2.971120,15.997539
16.787323,19.505972,41.944835,2817.347958,0.013313,62.575347,7.962174,2.963218,15.993569
16.804120,19.533038,41.952351,2812.915717,-0.008965,62.657931,7.934275,2.955837,15.992222
16.820858,19.570833,41.952884,2808.489118,-0.013277,62.745513,7.902325,2.947611,16.000706
16.838387,19.597661,41.946331,2804.077480,-0.024845,62.759417,7.879396,2.937358,-0.002749
16.861072,19.635882,41.938125,2799.699072,-0.031134,62.768859,7.858121,2.928418,-0.005042
16.868782,19.673770,41.946574,2795.313638,-0.036910,62.785576,7.829726,2.925124,-0.001693
16.898143,19.701666,41.938683,2790.954339,-0.052970,62.793890,7.816695,2.914243,0.000300
16.906930,19.744778,41.942737,2786.606096,-0.057543,62.794259,7.797010,2.904375,0.001633
16.926179,19.777252,41.938598,2782.275730,-0.065416,62.821201,7.773773,2.897750,0.002668
16.942904,19.812831,41.932789,2777.949015,-0.079057,62.836605,7.756124,2.892704,-0.000200
16.957549,19.843637,41.919277,2773.630250,-0.095120,62.853417,7.747223,2.882314,0.010502
16.977726,19.872825,41.914024,2769.341595,-0.108468,62.858905,7.727719,2.875785,-0.002255
16.993742,19.915070,41.908311,2765.063940,-0.129006,62.882414,7.711272,2.876605,-0.001732
17.000395,19.954646,41.900928,2760.784836,-0.129187,62.892716,7.703806,2.877955,0.000381
17.017034,19.990667,41.893944,2756.528392,-0.154551,62.908917,7.684923,2.866731,0.004756
17.035803,20.014386,41.876779,2752.267748,-0.160222,62.918002,7.661599,2.861155,0.004795
17.055953,20.060918,41.861723,2748.036231,-0.169212,62.930104,7.657503,2.854125,0.006634
17.078878,20.091522,41.846800,2743.797652,-0.197431,62.949721,7.658416,2.857971,-0.008922
17.089570,20.117484,41.833424,2739.571116,-0.216413,62.952632,7.651141,2.846667,-0.006637
17.110802,20.162143,41.814969,2735.356048,-0.236063,62.987627,7.632711,2.845112,0.000482
17.125695,20.193713,41.796852,2731.164440,-0.248279,62.986288,7.628832,2.859520,0.005385
17.142451,20.229163,41.789142,2726.953595,-0.255759,63.006350,7.637183,2.847665,-0.001834
17.158505,20.260781,41.759745,2722.759334,-0.275119,63.000736,7.623253,2.842292,0.000325
17.185032,20.293990,41.742814,2718.574221,-0.301568,63.022800,7.622638,2.845763,0.002058
17.185871,20.322751,41.727478,2714.382573,-0.312689,63.047751,7.628025,2.845897,-0.005963
17.200531,20.359739,41.694724,2710.211587,-0.331267,63.052004,7.631910,2.833457,-0.000956
17.229822,20.387744,41.673134,2706.033984,-0.357373,63.075000,7.634143,2.847980,0.005028
17.251149,20.424085,41.646994,2701.862549,-0.377844,63.084079,7.641063,2.839044,0.004651
17.252117,20.459849,41.617489,2697.696650,-0.391137,63.099577,7.641402,2.847090,-0.008744
17.270832,20.493286,41.588300,2693.508443,-0.415290,63.113253,7.643784,2.856009,0.003245
17.287876,20.533767,41.562568,2689.357372,-0.427040,63.127226,7.661602,2.846125,0.004228
17.305262,20.559338,41.526128,2685.184482,-0.453808,63.140950,7.660722,2.854467,0.008974
17.325102,20.594872,41.488443,2681.010677,-0.469629,63.149651,7.672887,2.859046,0.000873
17.339635,20.628393,41.467973,2676.833896,-0.482050,63.159597,7.688274,2.868514,0.006646
17.358142,20.662316,41.432478,2672.669508,-0.504222,63.178333,7.703762,2.866042,-0.009434
17.371627,20.699271,41.392931,2668.483648,-0.512864,63.198337,7.711394,2.874862,-0.001979
17.381230,20.737909,41.361222,2664.303053,-0.539760,63.208824,7.739990,2.874463,0.000933
17.404891,20.763702,41.319048,2660.119826,-0.555680,63.222808,7.757646,2.885418,-0.000886
17.420005,20.801808,41.283116,2655.919226,-0.573136,63.237523,7.775654,2.891571,0.009849
17.426431,20.835572,41.237689,2651.716906,-0.586519,63.252493,7.784315,2.901320,-0.005194
17.456105,20.857539,41.202951,2647.519032,-0.595728,63.261872,7.799043,2.905390,-0.003902
17.468884,20.891377,41.160515,2643.302435,-0.606963,63.270470,7.832098,2.912861,0.005847
17.475335,20.933132,41.106264,2639.090396,-0.627757,63.295494,7.845631,2.921350,0.005090
17.496670,20.966879,41.072859,2634.840617,-0.642349,63.313728,7.874327,2.930406,0.000943
17.517601,20.994983,41.028889,2630.607591,-0.657441,63.319481,7.898346,2.940549,0.005705
17.536069,21.031844,40.976180,2626.358876,-0.669117,63.334784,7.917987,2.946454,0.007202
17.546396,21.059772,40.939579,2622.098718,-0.677361,63.349395,7.946560,2.960526,0.001042
17.568367,21.084667,40.884773,2617.817847,-0.690331,63.355188,7.977893,2.976265,0.005748
17.568612,21.124203,40.841565,2613.535581,-0.702923,63.363703,7.999897,2.974591,0.003327
17.593803,21.165241,40.797808,2609.229171,-0.714002,63.382854,8.037264,3.004894,0.000178
17.616031,21.186355,40.746692,2604.921050,-0.723876,63.394816,8.054008,3.004077,0.001988
17.622366,21.227524,40.696713,2600.585789,-0.730249,63.408705,8.088648,3.012327,-0.002269
17.643022,21.256572,40.645090,2596.249913,-0.733507,63.422916,8.113868,3.022685,-0.000724
17.663406,21.287215,40.605392,2591.886873,-0.738600,63.447968,8.149499,3.038340,-0.000627
17.670417,21.323114,40.554302,2587.512667,-0.741763,63.458162,8.173448,3.039701,0.003453
17.688414,21.354265,40.492705,2583.126944,-0.755245,63.473789,8.210111,3.066019,-0.008351
17.702204,21.391254,40.442989,2578.723665,-0.757161,63.483996,8.235808,3.075382,0.009017
17.719757,21.410762,40.387601,2574.297757,-0.752733,63.491887,8.273405,3.086062,0.001814
17.736025,21.456169,40.332681,2569.863824,-0.756731,63.508868,8.301168,3.091179,0.000386
17.747389,21.487534,40.290343,2565.404911,-0.757299,63.520461,8.319675,3.104500,-0.007386
17.770094,21.519234,40.239446,2560.935754,-0.763830,63.530834,8.359157,3.110600,0.011032
17.776757,21.543430,40.178748,2556.437256,-0.768007,63.553331,8.396623,3.130153,0.003930
17.793619,21.581713,40.131784,2551.942748,-0.755448,63.566076,8.421787,3.135845,0.005393
17.804067,21.608205,40.087739,2547.425204,-0.744832,63.580980,8.450440,3.151251,0.004220
17.821410,21.643927,40.042274,2542.868225,-0.747721,63.600225,8.486110,3.175222,-0.005308
17.843774,21.680482,39.990302,2538.310148,-0.743087,63.606655,8.512131,3.172129,0.007379
17.850152,21.712723,39.931796,2533.743271,-0.743250,63.613747,8.540800,3.185914,0.006016
17.863062,21.741988,39.884971,2529.141316,-0.734103,63.632336,8.572972,3.189479,0.004229
17.879551,21.776202,39.836301,2524.529858,-0.738905,63.645093,8.594203,3.194514,-0.011749
17.905835,21.813555,39.787363,2519.901432,-0.717260,63.660234,8.624376,3.215280,-0.000612
17.907614,21.834473,39.750773,2515.260872,-0.727413,63.673328,8.648758,3.211994,-0.004777
17.927775,21.869530,39.696780,2510.607584,-0.713983,63.687030,8.678908,3.232990,0.001830
17.941116,21.907892,39.653975,2505.931757,-0.694336,63.701766,8.699958,3.238397,-0.002503
17.956640,21.938926,39.599362,2501.230200,-0.686873,63.716641,8.722626,3.248462,-0.003132
17.978400,21.966265,39.561466,2496.524959,-0.680521,63.731247,8.744285,3.253210,0.016422
17.995283,22.001255,39.521527,2491.801471,-0.667661,63.746306,8.770030,3.268309,0.003345
17.994858,22.031342,39.473675,2487.063483,-0.651163,63.755176,8.786142,3.270764,-0.000357
18.019563,22.061313,39.437470,2482.322468,-0.636087,63.769292,8.789485,3.275895,-0.006001
18.028476,22.087866,39.389137,2477.564636,-0.634217,63.775307,8.815939,3.280609,-0.004037
18.047416,22.125718,39.351736,2472.780205,-0.614336,63.792449,8.837542,3.286537,0.010012
18.051610,22.159931,39.301440,2467.992960,-0.596499,63.812671,8.851115,3.297891,-0.004408
18.085015,22.186278,39.269741,2463.193477,-0.584177,63.829867,8.855958,3.294802,0.007619
18.095410,22.217477,39.237791,2458.375184,-0.567101,63.837501,8.879745,3.305336,-0.002703
18.108398,22.247015,39.201497,2453.566943,-0.555573,63.853522,8.887404,3.306712,-0.008003
18.118216,22.284424,39.161622,2448.726439,-0.540367,63.860299,8.889364,3.301380,0.001038
18.139426,22.310439,39.132477,2443.907619,-0.531100,63.871818,8.907109,3.314158,0.004134
18.150721,22.334774,39.098260,2439.060440,-0.507422,63.889926,8.908627,3.325221,0.003946
18.163378,22.373099,39.060119,2434.202464,-0.492369,63.899396,8.922776,3.323737,0.005027
18.181384,22.397625,39.041807,2429.347067,-0.476858,63.916902,8.914655,3.326157,-0.001475
18.200753,22.427318,39.002833,2424.483094,-0.465120,63.936126,8.916702,3.325768,0.005248
18.202391,22.463049,38.980768,2419.622614,-0.445428,63.938727,8.921870,3.329203,0.001629
18.216614,22.487353,38.951563,2414.749417,-0.439424,63.956588,8.913512,3.320595,0.005447
18.232618,22.519722,38.912113,2409.883305,-0.414713,63.974200,8.910351,3.322130,-0.000737
18.245858,22.554017,38.899647,2404.993314,-0.410804,63.984373,8.905821,3.322850,-0.004450
18.254022,22.591579,38.863633,2400.122125,-0.379655,63.998661,8.906857,3.318784,-0.002103
18.270590,22.613908,38.851216,2395.249497,-0.376147,64.021343,8.898080,3.316245,0.004570
18.291033,22.641799,38.824448,2390.371902,-0.359871,64.022855,8.891417,3.304632,-0.004515
18.306338,22.680289,38.804846,2385.489890,-0.343550,64.042082,8.881822,3.306321,-0.005828
18.321253,22.705235,38.773403,2380.621711,-0.323239,64.057782,8.873478,3.305926,0.002340
18.329280,22.735384,38.762844,2375.751250,-0.328393,64.069146,8.862656,3.302613,0.007660
18.348446,22.771279,38.747797,2370.872294,-0.314645,64.085575,8.853015,3.293547,-0.000549
18.366199,22.791091,38.724637,2366.017028,-0.304027,64.095464,8.834446,3.299420,0.004765
18.370649,22.834794,38.704774,2361.150320,-0.285300,64.107091,8.823217,3.286743,-0.000883
18.401257,22.853548,38.681644,2356.309239,-0.281150,64.123092,8.809983,3.288612,-0.003425
18.401307,22.885407,38.676942,2351.447819,-0.254457,64.139487,8.799043,3.275855,-0.008601
18.425770,22.923431,38.653176,2346.617613,-0.254325,64.149546,8.771958,3.269287,-0.000660
18.433871,22.947901,38.640785,2341.782230,-0.254263,64.157987,8.758883,3.267095,0.004638
18.447341,22.976602,38.612610,2336.954285,-0.245249,64.175109,8.733716,3.259310,0.002802
18.464220,23.009333,38.606029,2332.140632,-0.240652,64.184562,8.720985,3.251740,-0.000344
18.479439,23.030740,38.601179,2327.337836,-0.235171,64.203953,8.702204,3.245135,0.001043
18.483188,23.065408,38.576514,2322.530716,-0.232219,64.220495,8.690914,3.232266,-0.002814
18.499983,23.096502,38.563292,2317.739398,-0.223598,64.225651,8.673337,3.230319,0.001283
18.506541,23.121428,38.557778,2312.944392,-0.216795,64.232747,8.650805,3.222753,0.002089
18.524733,23.155408,38.537559,2308.193381,-0.220504,64.261030,8.627909,3.216859,0.003560
18.544947,23.184298,38.538247,2303.418156,-0.218757,64.272485,8.613017,3.204174,0.006008
18.554009,23.205439,38.508583,2298.677804,-0.220575,64.282042,8.587598,3.198016,-0.002553
18.571333,23.235934,38.503899,2293.932075,-0.222870,64.301489,8.572064,3.190539,-0.009310
18.580047,23.270675,38.486712,2289.200535,-0.223452,64.303390,8.549528,3.185396,-0.000120
18.598873,23.300827,38.468426,2284.496263,-0.217673,64.325816,8.534557,3.178696,0.003743
18.603364,23.320264,38.460792,2279.789839,-0.231483,64.333135,8.510991,3.177675,0.000993
18.621354,23.362164,38.447627,2275.092166,-0.221555,64.346881,8.494104,3.161663,-0.001552
18.629008,23.382323,38.433846,2270.408647,-0.228059,64.362237,8.467810,3.164762,-0.003243
18.645890,23.418088,38.417089,2265.741211,-0.242809,64.385112,8.459898,3.153442,-0.003797
18.655816,23.442220,38.400018,2261.086054,-0.243439,64.381715,8.434281,3.141334,0.000733
18.671017,23.477520,38.386182,2256.435187,-0.254065,64.405869,8.417333,3.147514,0.001349
18.682338,23.501652,38.378266,2251.805916,-0.267288,64.401684,8.398790,3.132169,-0.000028
18.697845,23.532024,38.359212,2247.191424,-0.267141,64.438346,8.391741,3.123669,-0.003677
18.700792,23.553415,38.345713,2242.572388,-0.287288,64.436617,8.371090,3.107253,0.000535
18.721449,23.593752,38.326018,2237.974315,-0.291283,64.453720,8.360234,3.114878,-0.008370
18.725645,23.619683,38.316459,2233.378796,-0.308124,64.482343,8.343772,3.111311,0.003460
18.750345,23.647010,38.295940,2228.798702,-0.313932,64.479135,8.330840,3.114632,0.005988
18.756156,23.672281,38.269425,2224.226352,-0.329095,64.488786,8.305420,3.103008,-0.005828
18.782563,23.691652,38.244103,2219.668513,-0.340225,64.515483,8.306762,3.098139,-0.004061
18.793442,23.732745,38.236587,2215.108264,-0.351702,64.519854,8.286873,3.094233,-0.001933
18.800836,23.761657,38.207857,2210.577777,-0.371521,64.531306,8.291244,3.085320,-0.000137
18.811775,23.787176,38.191456,2206.039542,-0.376236,64.547331,8.279523,3.087650,0.002987
18.823079,23.829664,38.164577,2201.518718,-0.406850,64.560927,8.277649,3.075919,0.002527
18.837800,23.850305,38.148102,2196.991690,-0.422085,64.571985,8.267005,3.078694,0.000301
18.850163,23.863865,38.116058,2192.494312,-0.435650,64.592701,8.258146,3.083904,-0.006315
18.860138,23.901186,38.100837,2187.999405,-0.459552,64.595715,8.258366,3.085625,-0.000074
18.878448,23.920014,38.068396,2183.492031,-0.455475,64.617901,8.255043,3.077131,0.003498
18.892740,23.955433,38.046873,2179.004867,-0.486327,64.626455,8.251175,3.071320,-0.000275
18.898726,23.987332,38.015315,2174.517733,-0.508003,64.641164,8.247283,3.082641,0.001518
18.918876,24.013404,37.994659,2170.041805,-0.521547,64.657087,8.241670,3.069582,-0.004123
18.934289,24.038435,37.958761,2165.566290,-0.527777,64.667123,8.242730,3.074906,0.008456
18.935594,24.055517,37.923394,2161.099203,-0.553979,64.671611,8.248001,3.066476,0.000295
18.956298,24.099151,37.898088,2156.630554,-0.565167,64.691619,8.245429,3.069776,0.005538
18.966351,24.120276,37.866854,2152.157627,-0.583330,64.705867,8.253711,3.077569,-0.005046
18.978518,24.153367,37.818848,2147.700049,-0.617122,64.723460,8.274077,3.072990,-0.006316
18.990441,24.174553,37.793082,2143.246290,-0.631474,64.734079,8.268746,3.080102,-0.002408
18.997806,24.198245,37.755426,2138.791310,-0.655283,64.746064,8.276687,3.091555,0.007379
19.013087,24.237143,37.718393,2134.321197,-0.662448,64.758355,8.278301,3.084939,-0.009416
19.022640,24.260391,37.677594,2129.867160,-0.684224,64.774938,8.287070,3.095841,-0.003589
19.037729,24.283397,37.645578,2125.406227,-0.700768,64.781927,8.298800,3.088184,0.003123
19.050657,24.308722,37.608749,2120.945838,-0.722002,64.804989,8.314743,3.087473,0.004756
19.067064,24.343010,37.563024,2116.484278,-0.732306,64.808258,8.325283,3.106129,-0.003782
19.070534,24.367974,37.520648,2112.011778,-0.749247,64.826914,8.341289,3.102665,-0.001264
19.088335,24.397675,37.484247,2107.548503,-0.769089,64.837821,8.351528,3.104795,-0.002148
19.104627,24.424982,37.437866,2103.077622,-0.785133,64.858585,8.356916,3.127922,0.005953
19.102648,24.442460,37.395335,2098.600066,-0.798169,64.863958,8.383440,3.124708,-0.004994
19.135489,24.472509,37.348205,2094.115047,-0.811372,64.876852,8.391753,3.132641,-0.000283
19.138336,24.502589,37.304878,2089.627660,-0.821172,64.891539,8.413157,3.135245,0.008677
19.142259,24.537302,37.275215,2085.141988,-0.840044,64.907757,8.434668,3.144913,-0.003258
19.159173,24.556127,37.216878,2080.633624,-0.848634,64.921984,8.456457,3.141399,-0.004553
19.164387,24.575038,37.169474,2076.125733,-0.865924,64.930328,8.470083,3.149737,-0.005652
19.172370,24.602905,37.118168,2071.606290,-0.882598,64.940455,8.481381,3.153623,-0.003396
19.194221,24.641420,37.065924,2067.091018,-0.895670,64.946546,8.504903,3.165058,0.001697
19.199023,24.663953,37.024871,2062.555768,-0.906610,64.962650,8.528760,3.177488,-0.001152
19.215296,24.686750,36.978168,2058.000653,-0.912529,64.971372,8.555720,3.189889,-0.004111
19.228485,24.718095,36.921540,2053.461668,-0.927368,64.987178,8.574021,3.201781,-0.003285
19.233134,24.744433,36.873673,2048.897919,-0.934245,65.006464,8.594481,3.184712,-0.005587
19.246338,24.762728,36.826079,2044.326330,-0.941836,65.018830,8.621885,3.213463,0.001659
19.257779,24.790696,36.779982,2039.742237,-0.943402,65.033343,8.642035,3.210635,0.000735
19.283529,24.823056,36.724456,2035.162268,-0.957612,65.034782,8.665697,3.214871,0.000036
19.283563,24.850288,36.674119,2030.550514,-0.958876,65.062983,8.687116,3.235783,-0.000425
19.298511,24.874778,36.624596,2025.925234,-0.959632,65.068403,8.704871,3.240682,-0.001067
19.308903,24.896468,36.571153,2021.307083,-0.959877,65.083112,8.730787,3.242050,0.002137
19.310622,24.924373,36.505478,2016.667889,-0.961778,65.095822,8.754271,3.251698,0.004048
19.327937,24.945696,36.463096,2012.014321,-0.964838,65.111539,8.768148,3.275460,-0.005381
19.346729,24.976205,36.414587,2007.352067,-0.980736,65.119810,8.799589,3.276324,-0.003812
19.348156,25.003112,36.371031,2002.674889,-0.976809,65.124283,8.825940,3.287290,-0.000320
19.362506,25.029471,36.316228,1997.994032,-0.972415,65.146236,8.840726,3.295753,-0.005137
19.375555,25.052863,36.262460,1993.282300,-0.980046,65.158342,8.867647,3.296443,0.001084
19.390055,25.079111,36.205619,1988.580512,-0.975412,65.169031,8.889180,3.313402,-0.000058
19.401462,25.102547,36.162552,1983.862558,-0.972151,65.183757,8.897467,3.320288,-0.005175
19.406359,25.138548,36.106082,1979.115903,-0.970816,65.195291,8.939456,3.320254,-0.007570
19.413483,25.152091,36.052406,1974.371211,-0.964601,65.208913,8.950716,3.339705,-0.006430
19.434631,25.183163,36.013511,1969.617522,-0.961569,65.219935,8.959530,3.344183,-0.005149
19.438624,25.211646,35.957490,1964.821210,-0.952030,65.235103,8.987464,3.344205,-0.000470
19.449734,25.233642,35.901291,1960.049402,-0.950391,65.242939,9.007523,3.360412,-0.003213
19.459733,25.262334,35.852780,1955.254905,-0.944853,65.262004,9.031618,3.366070,0.002174
19.476357,25.278322,35.815271,1950.450004,-0.926143,65.275883,9.031826,3.367152,0.002401
19.486866,25.316867,35.770524,1945.635932,-0.929864,65.281031,9.060168,3.371291,-0.002326
19.490854,25.331848,35.724769,1940.805723,-0.914684,65.292724,9.069619,3.375154,-0.002978
19.512430,25.362474,35.673337,1935.966625,-0.916796,65.310387,9.089983,3.388947,-0.003462
19.518943,25.383739,35.623167,1931.121553,-0.904898,65.328484,9.099783,3.387429,-0.005540
19.533357,25.415913,35.584371,1926.251909,-0.890366,65.330205,9.111538,3.393577,0.000598
19.538126,25.435784,35.542786,1921.387279,-0.881320,65.347850,9.121625,3.395446,0.002894
19.550785,25.454961,35.492939,1916.507413,-0.872411,65.360785,9.127974,3.389871,0.006232
19.560642,25.482566,35.447551,1911.631258,-0.850329,65.375139,9.141511,3.406973,-0.001518
19.567017,25.506282,35.404019,1906.728953,-0.851987,65.387531,9.149911,3.400689,0.007192
19.578276,25.534522,35.368180,1901.829531,-0.844894,65.395583,9.159093,3.415221,-0.000888
19.590059,25.569991,35.328024,1896.922677,-0.835960,65.402555,9.167693,3.408599,-0.007796
19.613303,25.585617,35.277253,1892.012730,-0.806679,65.416579,9.166503,3.413062,0.003784
19.621222,25.603881,35.250777,1887.103638,-0.805085,65.433853,9.173823,3.409326,0.012910
19.619402,25.638677,35.202514,1882.172852,-0.801352,65.446544,9.178064,3.420489,-0.000944
19.633737,25.663991,35.162097,1877.248631,-0.787288,65.460188,9.175734,3.417479,-0.004785
19.653859,25.680680,35.116493,1872.321311,-0.773584,65.472162,9.171212,3.413743,0.004775
19.656637,25.710484,35.087830,1867.386797,-0.762702,65.487811,9.184295,3.416675,0.001082
19.669442,25.725061,35.054295,1862.461358,-0.749890,65.505639,9.179041,3.423829,0.002809
19.679032,25.758943,35.016961,1857.529465,-0.742484,65.501863,9.177119,3.422120,0.001155
19.683934,25.779393,34.988340,1852.575838,-0.738596,65.521955,9.170105,3.415117,-0.001385
19.703211,25.799263,34.942151,1847.644293,-0.712803,65.541328,9.167730,3.415329,-0.006267
19.719005,25.830289,34.905656,1842.696739,-0.711169,65.548839,9.165354,3.419028,0.003292
19.725676,25.857007,34.874118,1837.763806,-0.694562,65.562294,9.162807,3.409626,-0.000503
19.734682,25.871118,34.843021,1832.830146,-0.688495,65.572831,9.150272,3.406039,-0.001544
19.734388,25.900895,34.826837,1827.883421,-0.686228,65.582493,9.146747,3.399425,0.000849
19.750958,25.923763,34.769399,1822.948659,-0.673463,65.595541,9.126819,3.411974,-0.003303
19.756445,25.957380,34.743620,1818.009085,-0.666025,65.605225,9.121384,3.397038,-0.003681
19.760559,25.970743,34.715078,1813.087216,-0.659328,65.622048,9.123317,3.395005,0.003057
19.772636,26.000519,34.693180,1808.153040,-0.650892,65.630459,9.108649,3.397367,0.003246
19.787919,26.006701,34.661785,1803.240165,-0.646201,65.642629,9.102998,3.394162,-0.009162
19.795489,26.041640,34.620866,1798.318550,-0.639635,65.661942,9.081808,3.378250,0.005047
19.810322,26.065552,34.592626,1793.411983,-0.640689,65.672285,9.076172,3.389901,0.003466
19.819160,26.092940,34.562689,1788.500029,-0.635426,65.686930,9.053307,3.375043,-0.003382
19.832865,26.107093,34.531703,1783.605809,-0.619704,65.693813,9.049430,3.365439,0.000441
19.837552,26.129455,34.502410,1778.709269,-0.628175,65.694149,9.042646,3.369323,-0.002999
19.850258,26.154852,34.464533,1773.820575,-0.627119,65.720941,9.020951,3.351513,-0.006815
19.860246,26.174000,34.445087,1768.928287,-0.626197,65.729327,9.006915,3.366766,-0.000383
19.862404,26.196861,34.420470,1764.062545,-0.634008,65.738032,8.990617,3.354027,-0.006185
19.882377,26.229640,34.393958,1759.193376,-0.628711,65.759131,8.989353,3.354059,0.006284
19.885291,26.246272,34.365539,1754.342702,-0.625104,65.754242,8.976430,3.338681,0.004878
19.901678,26.259307,34.330075,1749.492717,-0.627657,65.768527,8.959949,3.336479,-0.001504
19.904045,26.283119,34.308294,1744.639656,-0.634997,65.781750,8.949041,3.335941,0.001299
19.911794,26.316643,34.261893,1739.806146,-0.639827,65.802517,8.929354,3.332372,-0.003513
19.919932,26.340247,34.248955,1734.987160,-0.650572,65.813862,8.918827,3.322450,0.001066
19.935791,26.355453,34.221253,1730.163334,-0.648716,65.830468,8.903884,3.312558,-0.008242
19.945335,26.377849,34.178593,1725.352690,-0.644750,65.838391,8.895552,3.315610,-0.010487
19.956925,26.402140,34.161827,1720.558940,-0.661516,65.852406,8.882771,3.309749,-0.001295
19.964488,26.424409,34.126164,1715.770178,-0.673411,65.867847,8.877714,3.305893,0.008361
19.973441,26.449140,34.096067,1710.976582,-0.670673,65.867752,8.859782,3.302353,-0.003038
19.985010,26.474497,34.066080,1706.207412,-0.688620,65.890900,8.845680,3.295953,-0.003171
19.990815,26.497532,34.031542,1701.444713,-0.708294,65.895532,8.834119,3.293382,-0.011475
19.999334,26.519630,33.998383,1696.695775,-0.702152,65.911058,8.819619,3.287193,-0.000663
20.009692,26.542039,33.979617,1691.954708,-0.721266,65.926435,8.820581,3.289367,0.000311
20.025696,26.574301,33.931141,1687.203388,-0.733909,65.938785,8.805873,3.290185,-0.000290
20.033168,26.586381,33.909534,1682.473033,-0.740095,65.942623,8.800054,3.271022,0.000383
20.027072,26.600399,33.871569,1677.757166,-0.762775,65.956288,8.791824,3.269937,0.006931
20.043252,26.629887,33.839837,1673.034766,-0.775999,65.973227,8.787223,3.272977,0.003070
20.044922,26.637828,33.806969,1668.331624,-0.798117,65.993867,8.768156,3.264325,-0.005290
20.063321,26.670334,33.772696,1663.645133,-0.806652,65.993312,8.760410,3.263680,-0.004608
20.077066,26.684825,33.734602,1658.947183,-0.823827,66.000293,8.761975,3.261312,0.000858
20.092396,26.713416,33.697235,1654.261096,-0.841957,66.016270,8.749052,3.261220,0.001505
20.095349,26.739157,33.656026,1649.587662,-0.855927,66.029799,8.753738,3.264765,-0.007032
20.094770,26.754685,33.621545,1644.921922,-0.868327,66.053196,8.749178,3.255192,-0.001808
20.112875,26.782230,33.575266,1640.260629,-0.883316,66.054765,8.747317,3.256231,-0.004327
20.125084,26.796203,33.551044,1635.599591,-0.910694,66.068316,8.737336,3.258649,0.005278
20.130987,26.808425,33.504146,1630.953612,-0.925524,66.073667,8.732562,3.256572,-0.005480
20.144648,26.844508,33.470915,1626.308108,-0.948530,66.091274,8.740615,3.265036,0.000495
20.138969,26.860129,33.428876,1621.671220,-0.967386,66.096673,8.737795,3.257214,0.002517
20.152083,26.892989,33.387152,1617.028417,-0.977896,66.110457,8.744187,3.253331,0.001010
20.154011,26.901849,33.344181,1612.399498,-1.011342,66.122090,8.738303,3.255928,-0.008410
20.173449,26.923790,33.301375,1607.765422,-1.023624,66.136769,8.745472,3.253639,-0.000957
20.182797,26.948150,33.256931,1603.146431,-1.048196,66.145284,8.745972,3.257255,0.000047
20.193636,26.969394,33.205767,1598.516567,-1.070166,66.167022,8.757947,3.260409,-0.000683
20.195886,26.987412,33.166692,1593.915745,-1.083385,66.168132,8.761489,3.260861,0.007742
20.203902,27.008586,33.120670,1589.298260,-1.100580,66.183435,8.757685,3.269127,-0.003113
20.206461,27.032709,33.071896,1584.683573,-1.123671,66.183226,8.765510,3.269100,0.000640
20.209475,27.048153,33.031099,1580.063374,-1.144427,66.205527,8.771701,3.267820,-0.004898
20.225877,27.064089,32.991323,1575.459681,-1.162202,66.205368,8.790505,3.268467,0.004344
20.245140,27.097324,32.925282,1570.838291,-1.184408,66.227320,8.796306,3.272160,-0.000906
20.247099,27.111136,32.892664,1566.232026,-1.202668,66.234931,8.796954,3.283324,0.000617
20.260221,27.129799,32.844547,1561.616719,-1.226827,66.245482,8.802085,3.280396,0.006514
20.265101,27.148614,32.787603,1557.007230,-1.232829,66.272084,8.810457,3.296261,-0.000261
20.265714,27.176307,32.730279,1552.381552,-1.245195,66.278496,8.827778,3.279060,0.006019
20.289832,27.195661,32.678143,1547.779786,-1.278456,66.288285,8.848682,3.304146,0.004898
20.291434,27.206098,32.626873,1543.155663,-1.287527,66.298665,8.849292,3.296599,-0.002837
20.307395,27.229375,32.576805,1538.548193,-1.308246,66.305760,8.869340,3.301473,0.005195
20.306034,27.251863,32.529920,1533.919579,-1.324000,66.323220,8.882959,3.311888,-0.002068
20.327972,27.272424,32.473053,1529.288943,-1.338087,66.328408,8.891895,3.312150,-0.002993
20.320660,27.295912,32.418057,1524.655113,-1.352512,66.342053,8.905168,3.323696,0.003406
20.341347,27.317353,32.361268,1520.033105,-1.372718,66.354286,8.909468,3.319764,0.002525
20.349578,27.332376,32.312780,1515.389697,-1.373968,66.368565,8.927871,3.320208,0.004429
20.343768,27.365633,32.250812,1510.752852,-1.390689,66.377991,8.944123,3.322945,-0.005155
20.359098,27.366848,32.193795,1506.098777,-1.404728,66.386192,8.960723,3.334719,-0.005747
20.365469,27.383983,32.150124,1501.460800,-1.419475,66.405496,8.961989,3.339009,0.006002
20.374286,27.422177,32.096748,1496.799096,-1.427157,66.418683,8.987498,3.346137,0.006579
20.381625,27.433178,32.033069,1492.138310,-1.438877,66.417690,8.996022,3.353923,0.001566
20.396374,27.460001,31.977224,1487.476346,-1.448627,66.435427,9.015527,3.363578,0.002202
20.397057,27.477012,31.910153,1482.794919,-1.453086,66.450061,9.038582,3.366847,-0.002309
20.404727,27.486274,31.865345,1478.119255,-1.463766,66.458331,9.044010,3.382282,0.000698
20.415791,27.515173,31.814180,1473.429720,-1.486226,66.465956,9.057637,3.367623,0.003153
20.417403,27.529242,31.751962,1468.741177,-1.477303,66.477841,9.074842,3.378636,-0.005287
20.428052,27.546082,31.691571,1464.044124,-1.495888,66.486589,9.087425,3.387403,-0.007438
20.435619,27.573084,31.640891,1459.340338,-1.489449,66.505809,9.097842,3.382516,0.003582
20.455877,27.583588,31.587149,1454.627093,-1.501335,66.521145,9.120488,3.400536,-0.004119
20.455913,27.605609,31.518617,1449.916979,-1.500425,66.516665,9.130217,3.401491,0.000515
20.450517,27.626356,31.463942,1445.185278,-1.508543,66.535242,9.149045,3.397571,-0.011133
20.463621,27.654717,31.403537,1440.463909,-1.516053,66.544701,9.161270,3.412848,-0.003202
20.480026,27.663204,31.348277,1435.710081,-1.516401,66.557347,9.174443,3.411161,0.004234
20.486552,27.691222,31.290953,1430.968891,-1.517208,66.573670,9.183156,3.424458,-0.000746
20.480006,27.699147,31.241070,1426.218535,-1.519665,66.583359,9.199701,3.430773,-0.013089
20.494567,27.716875,31.184309,1421.462522,-1.520901,66.594947,9.205809,3.434933,0.010270
20.505437,27.742131,31.134585,1416.696040,-1.521277,66.595500,9.225293,3.437128,-0.011656
20.519341,27.748272,31.069950,1411.934758,-1.526431,66.602592,9.242565,3.442920,0.005564
20.520629,27.777459,31.009526,1407.155162,-1.516824,66.621827,9.243322,3.437283,-0.001189
20.523279,27.797931,30.954152,1402.367424,-1.510505,66.624540,9.260364,3.438127,0.001016
20.535866,27.815557,30.900780,1397.591182,-1.519213,66.647457,9.256889,3.452837,-0.004305
20.552115,27.832356,30.838304,1392.789126,-1.523620,66.663124,9.264045,3.453171,-0.005211
20.547711,27.844806,30.789407,1387.986743,-1.516784,66.663979,9.280850,3.455763,0.008903
20.555001,27.867690,30.730418,1383.197386,-1.513682,66.671560,9.286886,3.461509,0.001260
20.554378,27.882184,30.682465,1378.382999,-1.519700,66.685738,9.298870,3.463982,0.002040
20.569190,27.907036,30.622078,1373.568490,-1.508434,66.700673,9.306864,3.461980,0.001607
20.582888,27.925438,30.566755,1368.750996,-1.510540,66.714802,9.311751,3.466224,0.003003
20.583906,27.945988,30.517115,1363.934730,-1.498450,66.725755,9.319619,3.472882,-0.004116
20.594217,27.959952,30.467089,1359.117321,-1.503863,66.732182,9.316052,3.469795,-0.003410
20.606320,27.982093,30.405586,1354.287761,-1.495354,66.741346,9.320458,3.469983,0.008772
20.604281,27.997964,30.352750,1349.464269,-1.490249,66.750285,9.328397,3.473954,-0.005567
20.621166,28.019463,30.310586,1344.628717,-1.491727,66.761085,9.320648,3.477435,0.000389
20.615980,28.029604,30.256342,1339.797289,-1.492996,66.779131,9.329123,3.475513,0.001841
20.626405,28.042327,30.204144,1334.959499,-1.481181,66.778417,9.327620,3.469545,-0.007772
20.639407,28.060891,30.142684,1330.119886,-1.482964,66.793602,9.321437,3.470239,-0.001904
20.650645,28.076415,30.096155,1325.289042,-1.482775,66.809736,9.328450,3.476762,0.005595
20.650497,28.099951,30.038907,1320.458478,-1.473338,66.815488,9.320581,3.477622,-0.002315
20.650856,28.116673,29.996887,1315.618417,-1.476404,66.826259,9.324302,3.476229,0.007711
20.670200,28.133056,29.949104,1310.780506,-1.476215,66.838634,9.314737,3.485366,0.003822
20.675732,28.140224,29.889851,1305.947609,-1.479147,66.857276,9.313627,3.473760,-0.005045
20.683780,28.159868,29.840797,1301.118185,-1.465541,66.863867,9.311155,3.482415,-0.000047
20.690145,28.181147,29.788534,1296.288028,-1.459405,66.872778,9.320105,3.469250,-0.004261
20.698398,28.204694,29.738599,1291.461591,-1.472996,66.885816,9.317614,3.474120,0.000773
20.700341,28.221068,29.693857,1286.628876,-1.463676,66.896134,9.306255,3.469377,-0.002051
20.703867,28.238032,29.647641,1281.804986,-1.466429,66.907796,9.300961,3.463975,0.001960
20.714906,28.245896,29.589357,1276.982759,-1.469982,66.921615,9.291064,3.460050,-0.009510
20.721209,28.280590,29.553624,1272.172602,-1.462321,66.920668,9.288669,3.456371,0.000781
20.724386,28.287552,29.496705,1267.368342,-1.474722,66.937124,9.271524,3.448149,-0.002921
20.736081,28.304110,29.447907,1262.558875,-1.466351,66.943432,9.273132,3.456179,0.004707
20.739334,28.312264,29.394977,1257.745491,-1.477464,66.953574,9.266969,3.459030,-0.001090
20.746319,28.332205,29.356984,1252.951827,-1.484251,66.958030,9.257987,3.449294,0.000858
20.749713,28.347710,29.296054,1248.161575,-1.486607,66.977056,9.243562,3.450659,0.001440
20.760056,28.371507,29.253970,1243.364675,-1.485656,66.990177,9.237667,3.446298,-0.001978
20.767861,28.388344,29.207653,1238.579614,-1.492216,66.997152,9.237450,3.438080,0.004602
20.774900,28.401720,29.152460,1233.810398,-1.499624,67.006648,9.227115,3.430399,-0.002282
20.782453,28.414324,29.106105,1229.050690,-1.520376,67.035885,9.215753,3.432604,0.006432
20.783378,28.432428,29.050904,1224.292536,-1.526952,67.027001,9.212828,3.429107,0.001489
20.786421,28.451320,29.014792,1219.528933,-1.531843,67.041609,9.194913,3.429381,0.002295
20.794905,28.462098,28.960954,1214.784901,-1.533491,67.049900,9.190856,3.424587,-0.001985
20.798578,28.480155,28.917815,1210.044441,-1.548362,67.058762,9.191762,3.424933,-0.014037
20.813931,28.511178,28.868770,1205.307538,-1.564109,67.071302,9.173702,3.417823,-0.003982
20.819621,28.511918,28.807587,1200.593828,-1.592616,67.081142,9.181360,3.425227,0.007342
20.823177,28.527993,28.763361,1195.873431,-1.591158,67.090839,9.153797,3.410177,-0.000945
20.828838,28.539484,28.719920,1191.163765,-1.617567,67.105498,9.145339,3.414934,-0.010133
20.832686,28.567643,28.664649,1186.473164,-1.621291,67.112898,9.144945,3.402553,0.005886
20.843797,28.575106,28.616724,1181.771817,-1.640299,67.120575,9.131325,3.401834,-0.004737
20.849500,28.589154,28.561703,1177.086469,-1.650416,67.129101,9.132632,3.395545,-0.000386
20.857498,28.608850,28.505026,1172.416083,-1.685380,67.131024,9.126321,3.404470,-0.003164
20.862436,28.631721,28.464322,1167.745899,-1.690160,67.150895,9.116805,3.404443,-0.003982
20.856953,28.640281,28.407580,1163.082921,-1.706032,67.156683,9.103922,3.397901,-0.000319
20.866680,28.661648,28.354153,1158.441568,-1.734072,67.165623,9.102774,3.383931,-0.003478
20.876836,28.663844,28.298437,1153.800220,-1.761991,67.185880,9.104388,3.378658,0.003147
20.880529,28.688511,28.247102,1149.168655,-1.758480,67.190860,9.093136,3.384369,-0.009206
20.891067,28.700518,28.198013,1144.543284,-1.792776,67.211309,9.081878,3.382096,-0.001917
20.895388,28.712664,28.150228,1139.927271,-1.813309,67.212718,9.085256,3.385898,-0.004589
20.896165,28.726104,28.089487,1135.315425,-1.841739,67.221209,9.076150,3.381669,-0.000450
20.913904,28.747061,28.033690,1130.715863,-1.854503,67.218279,9.085524,3.378989,-0.000918
20.922740,28.771695,27.978520,1126.121662,-1.877512,67.237277,9.064735,3.365360,0.002805
20.913694,28.785430,27.915048,1121.528922,-1.912582,67.249781,9.070232,3.376438,0.004217
20.921463,28.794650,27.865111,1116.959444,-1.925256,67.256697,9.063499,3.375128,0.007946
20.923366,28.802903,27.806553,1112.390587,-1.953551,67.272764,9.065990,3.374133,-0.003708
20.940054,28.815973,27.745929,1107.832401,-1.987689,67.287454,9.060102,3.375171,-0.011160
20.945221,28.839647,27.684890,1103.269400,-2.020616,67.290040,9.062035,3.366827,0.001825
20.949966,28.845333,27.639378,1098.724848,-2.032569,67.298905,9.075610,3.375270,-0.008112
20.947760,28.861919,27.572548,1094.179662,-2.066613,67.310228,9.062291,3.373198,0.005788
20.964810,28.867495,27.518676,1089.651467,-2.092787,67.319082,9.064570,3.380447,0.007972
20.960584,28.891126,27.466204,1085.123113,-2.115406,67.324574,9.066818,3.374880,0.007888
20.971022,28.908082,27.397042,1080.598694,-2.140686,67.338370,9.070330,3.389523,-0.000699
20.969728,28.911887,27.335120,1076.088514,-2.173207,67.352266,9.069713,3.386604,-0.009449
20.976988,28.930736,27.273988,1071.577032,-2.209383,67.354049,9.067731,3.381731,0.009754
20.982098,28.945818,27.212770,1067.071997,-2.232715,67.363418,9.071332,3.372273,-0.006135
20.996996,28.964101,27.155009,1062.577986,-2.254060,67.386042,9.072918,3.386531,-0.003352
20.987798,28.971083,27.074955,1058.076244,-2.281645,67.390914,9.075525,3.379463,-0.007765
21.011099,28.996259,27.008371,1053.595856,-2.310235,67.399739,9.086869,3.384238,0.005109
21.005355,29.007979,26.953060,1049.108258,-2.338592,67.405659,9.088454,3.391534,-0.003111
21.005901,29.023716,26.898312,1044.628401,-2.372060,67.416726,9.092568,3.392800,0.005652
21.017234,29.038652,26.832754,1040.158704,-2.402120,67.427707,9.103626,3.386410,0.003460
21.024628,29.050370,26.774131,1035.695791,-2.434209,67.433569,9.109148,3.393116,-0.005275
21.025845,29.066338,26.700377,1031.217449,-2.448521,67.448450,9.107719,3.385036,-0.000017
21.030881,29.066326,26.632118,1026.751152,-2.471510,67.459137,9.116165,3.400022,-0.004313
21.043945,29.082793,26.563990,1022.303283,-2.509886,67.462362,9.120917,3.401847,0.005428
21.042647,29.096710,26.491441,1017.836524,-2.529389,67.476948,9.126367,3.406761,-0.004490
21.047768,29.124356,26.424888,1013.389491,-2.560235,67.485862,9.135573,3.394159,-0.002844
21.060898,29.128613,26.353221,1008.938743,-2.590667,67.492059,9.138472,3.402957,-0.002142
21.068530,29.136035,26.288779,1004.492715,-2.604402,67.506137,9.152341,3.400979,0.010886
21.061078,29.149974,26.216334,1000.047583,-2.636641,67.508336,9.153018,3.411305,-0.000351
21.074543,29.170367,26.159886,995.600679,-2.651460,67.529822,9.158287,3.412692,0.001378
0.047547,0.045578,55.775691,4870.247553,-0.547700,45.001956,3.402093,1.264234,-0.002616
0.081091,0.097617,55.713660,4868.472662,-0.571005,45.003978,3.424821,1.279502,-0.005895
0.142166,0.136845,55.640863,4866.691808,-0.612000,44.998465,3.463355,1.288296,-0.000243
0.195954,0.176390,55.561658,4864.910400,-0.644816,45.011684,3.497243,1.307872,0.002309
0.229829,0.235545,55.476921,4863.115230,-0.678834,45.005396,3.540294,1.321955,-0.002384
0.269941,0.282811,55.378173,4861.300176,-0.719415,45.008775,3.576080,1.328265,0.007016
0.316371,0.316242,55.294402,4859.462363,-0.736844,44.999151,3.624485,1.347178,0.002874
0.374062,0.369597,55.189874,4857.622027,-0.785018,44.996971,3.670769,1.379529,-0.001082
0.419993,0.410148,55.092309,4855.752917,-0.800752,45.002902,3.725946,1.382486,-0.001642
0.461142,0.462229,54.988338,4853.870715,-0.848166,45.002586,3.779152,1.403654,-0.006925
0.510374,0.502875,54.881530,4851.959972,-0.871293,44.999928,3.834260,1.425071,0.000054
0.550241,0.554463,54.767862,4850.023905,-0.894724,45.006995,3.891085,1.447483,-0.005044
0.604232,0.599991,54.653926,4848.069328,-0.932943,45.000458,3.942677,1.469611,0.002394
0.642712,0.636460,54.525203,4846.085435,-0.947883,45.000168,4.009500,1.492646,-0.008445
0.690911,0.686056,54.409976,4844.066461,-0.978891,45.014034,4.080531,1.519680,-0.002024
0.736939,0.737414,54.287869,4842.017629,-1.007699,45.010746,4.142825,1.539923,0.003435
0.782890,0.771311,54.159853,4839.935196,-1.022197,45.003268,4.223512,1.571187,-0.000861
0.820215,0.822038,54.027770,4837.831102,-1.042415,45.009544,4.298910,1.597208,-0.005004
0.872757,0.872487,53.893933,4835.672465,-1.060878,45.006303,4.379039,1.630228,0.005182
0.912105,0.927013,53.753828,4833.476630,-1.085106,45.017054,4.452274,1.653126,0.000892
0.966467,0.960264,53.609844,4831.242798,-1.110377,45.004511,4.535897,1.698720,-0.004236
1.010796,1.004758,53.471210,4828.969784,-1.122989,45.018428,4.620642,1.732717,0.006454
1.057179,1.056910,53.340829,4826.661318,-1.140759,45.008751,4.715774,1.748867,0.005399
1.097735,1.102654,53.191086,4824.275171,-1.150150,45.016962,4.804151,1.780953,0.005167
1.156686,1.149180,53.046672,4821.868796,-1.168817,45.021203,4.901824,1.829408,0.007210
1.195795,1.190542,52.890648,4819.396549,-1.181023,45.020157,4.994097,1.873184,-0.001503
1.232046,1.231269,52.749465,4816.883343,-1.192716,45.023119,5.099010,1.896941,-0.009306
1.283700,1.281006,52.599291,4814.296472,-1.189587,45.029034,5.205917,1.935620,0.003714
1.321996,1.330257,52.443767,4811.665863,-1.200032,45.033586,5.302958,1.970252,-0.002960
1.374473,1.374209,52.289821,4808.970752,-1.204641,45.028603,5.412702,2.027744,0.007023
1.417082,1.419749,52.143180,4806.225407,-1.202575,45.021690,5.520562,2.049594,-0.005732
1.456976,1.470062,51.989288,4803.407232,-1.205318,45.024247,5.648142,2.095231,-0.008933
1.511665,1.515996,51.834960,4800.534223,-1.209130,45.022907,5.752587,2.149774,-0.001055
1.551173,1.553359,51.687480,4797.586943,-1.195935,45.032904,5.860784,2.191695,0.003514
1.595712,1.611852,51.540004,4794.573776,-1.188398,45.035432,5.984896,2.234961,-0.003808
1.646849,1.647995,51.389897,4791.514034,-1.170422,45.040448,6.106891,2.277786,0.000908
1.696942,1.688209,51.244251,4788.358198,-1.176028,45.038318,6.226952,2.320740,-0.006443
1.737826,1.738728,51.098096,4785.133284,-1.163471,45.030636,6.339028,2.375315,-0.003752
1.775398,1.772180,50.942763,4781.853132,-1.145588,45.039697,6.468111,2.403301,0.008991
1.830087,1.822119,50.806002,4778.495888,-1.134510,45.042144,6.586277,2.455538,0.004141
1.875240,1.872950,50.673870,4775.057036,-1.100741,45.044364,6.704370,2.498801,0.006100
1.912519,1.916450,50.535520,4771.551512,-1.079097,45.041055,6.832544,2.539910,-0.001912
1.967061,1.958435,50.391079,4767.973311,-1.067442,45.050251,6.951848,2.585278,0.000213
2.008570,2.005712,50.260022,4764.341690,-1.048061,45.049349,7.059382,2.620221,0.006246
2.057524,2.059658,50.136054,4760.605882,-1.021042,45.048220,7.190511,2.678195,-0.005159
2.096801,2.095520,50.016153,4756.806110,-0.992617,45.049942,7.294398,2.714394,-0.002065
2.137232,2.143016,49.888582,4752.946162,-0.956564,45.055705,7.420317,2.764557,-0.007909
2.190225,2.194467,49.771518,4749.007700,-0.911124,45.052564,7.525735,2.801820,0.004409
2.231874,2.236244,49.651155,4745.000887,-0.887253,45.074107,7.639080,2.840800,-0.001582
2.270935,2.283477,49.536660,4740.938099,-0.841012,45.074602,7.741914,2.891938,-0.002477
2.320555,2.318952,49.446839,4736.784550,-0.820728,45.075100,7.834434,2.916170,-0.004679
2.361553,2.372455,49.343146,4732.572179,-0.770405,45.084990,7.934059,2.962945,-0.003872
2.402025,2.406752,49.254976,4728.310484,-0.735658,45.075764,8.033780,2.990518,-0.002987
2.452519,2.467264,49.158630,4723.995561,-0.694329,45.064568,8.113837,3.018611,-5.011375
2.505022,2.496685,49.086820,4719.603388,-0.641736,45.051915,8.187213,3.046397,-4.994324
2.553050,2.547721,48.996560,4715.161424,-0.592067,45.054345,8.251645,3.076584,-5.001410
2.594356,2.586796,48.935749,4710.668024,-0.548049,45.033082,8.337393,3.102892,-5.007089
2.635982,2.639060,48.865668,4706.128073,-0.504386,45.020645,8.388867,3.128806,-5.005730
2.678699,2.679725,48.808189,4701.544350,-0.458877,45.014337,8.448185,3.144332,-5.001299
2.725986,2.733701,48.754159,4696.931256,-0.417170,45.000077,8.490771,3.164181,-5.000919
2.761666,2.757503,48.708443,4692.275116,-0.359222,44.999027,8.532552,3.172118,-5.003110
2.803373,2.810224,48.669434,4687.575786,-0.312378,44.975320,8.560351,3.193652,-4.995232
2.856171,2.862289,48.625185,4682.852263,-0.268303,44.962238,8.590551,3.194911,-4.997824
2.909064,2.905915,48.606905,4678.115066,-0.207675,44.961327,8.607216,3.203829,-5.003289
2.952036,2.950906,48.581100,4673.352287,-0.158080,44.959066,8.620408,3.214913,-5.007752
2.988976,2.986220,48.562382,4668.557819,-0.106421,44.937227,8.623140,3.213434,-5.000637
3.040475,3.031346,48.543960,4663.768296,-0.048753,44.929476,8.604676,3.207171,-5.000531
3.078101,3.082495,48.546925,4658.973990,-0.000978,44.924515,8.604894,3.208827,-4.999644
3.123125,3.131138,48.552189,4654.167394,0.050047,44.898038,8.583613,3.200890,-4.997726
3.151740,3.169878,48.551930,4649.357775,0.089223,44.894541,8.552819,3.177639,-5.001234
3.206175,3.211497,48.574167,4644.557703,0.151943,44.883280,8.513947,3.168810,-5.005695
3.257014,3.257586,48.599617,4639.767988,0.198095,44.875775,8.467659,3.164469,-4.993595
3.302402,3.303506,48.627321,4634.987286,0.239603,44.856441,8.423689,3.133443,-4.999302
3.353032,3.339863,48.655274,4630.237023,0.281800,44.846154,8.368480,3.122057,-5.011281
3.386623,3.391515,48.700438,4625.498870,0.336267,44.838354,8.312159,3.088575,-4.994400
3.429410,3.426446,48.740024,4620.792271,0.379426,44.819962,8.241309,3.069087,-5.004362
3.478036,3.478411,48.786661,4616.086533,0.426490,44.817914,8.156993,3.045254,-4.995744
3.517926,3.515875,48.838758,4611.438750,0.459308,44.803616,8.089081,3.009268,-5.008933
3.557099,3.564664,48.900449,4606.814388,0.506966,44.802924,8.012711,2.980479,-5.011405
3.607087,3.605015,48.962982,4602.243040,0.551222,44.789559,7.922782,2.956112,-4.997879
3.656773,3.652022,49.029469,4597.702723,0.583014,44.771877,7.831308,2.913004,-4.998087
3.682196,3.695669,49.100663,4593.199714,0.610060,44.768187,7.735119,2.877206,-5.001370
3.743060,3.734089,49.181014,4588.750844,0.643737,44.762804,7.641795,2.847345,-5.001301
3.777697,3.778275,49.255952,4584.329174,0.673670,44.755428,7.543412,2.812619,-4.997079
3.824399,3.828743,49.333538,4579.973997,0.707618,44.742437,7.446789,2.778297,-4.997568
3.863844,3.871001,49.429828,4575.658940,0.731701,44.734269,7.341002,2.727731,-4.999667
3.910451,3.905329,49.509228,4571.397485,0.756708,44.721945,7.234582,2.695312,-5.002802
3.954156,3.961879,49.601375,4567.194780,0.772748,44.713813,7.131735,2.655437,-5.001431
3.985691,3.998835,49.702466,4563.031378,0.796161,44.708890,7.019355,2.619513,-4.990519
4.043516,4.028859,49.794813,4558.945382,0.819871,44.700634,6.907562,2.580645,-4.999884
4.078062,4.081661,49.894982,4554.910523,0.831174,44.698502,6.806308,2.537536,-4.997714
4.128818,4.128001,49.992065,4550.913598,0.846665,44.689419,6.694018,2.495633,-5.001838
4.166206,4.165184,50.090794,4546.982708,0.860318,44.679358,6.591141,2.458292,-4.998274
4.225517,4.210973,50.195224,4543.113383,0.869516,44.672571,6.490174,2.418657,-4.991421
4.259932,4.257938,50.293528,4539.300289,0.875268,44.670990,6.375339,2.380751,-4.995913
4.305697,4.301192,50.400743,4535.531243,0.877000,44.659377,6.280752,2.336344,-4.998103
4.339465,4.334166,50.512408,4531.843271,0.885320,44.656252,6.171397,2.316503,-5.000706
4.376486,4.386203,50.624523,4528.186102,0.896525,44.657103,6.073585,2.257109,-4.992682
4.424788,4.420742,50.724137,4524.588640,0.891059,44.644511,5.975337,2.227235,-4.993192
4.472973,4.472133,50.827778,4521.056355,0.881694,44.634051,5.883847,2.196273,-5.006452
4.512398,4.515445,50.940041,4517.582186,0.881673,44.636053,5.791176,2.158754,-4.995410
4.560189,4.555850,51.036634,4514.140092,0.880776,44.629541,5.689239,2.130554,-5.008038
4.598965,4.597328,51.145302,4510.773188,0.865381,44.626920,5.601237,2.082378,-5.002664
4.639766,4.642672,51.239091,4507.448519,0.866230,44.622903,5.518833,2.050239,-4.998565
4.692133,4.688561,51.334793,4504.170345,0.844054,44.615202,5.435807,2.023411,-5.006509
4.729239,4.727915,51.435656,4500.942185,0.827892,44.601369,5.341672,1.996324,-4.993208
4.773854,4.761981,51.540255,4497.776150,0.826554,44.600487,5.267410,1.960672,-4.988612
4.817679,4.823804,51.623079,4494.651123,0.797372,44.599604,5.180484,1.945899,-4.999036
4.861349,4.840009,51.731768,4491.566065,0.789917,44.590832,5.113194,1.899876,-4.998922
4.904122,4.891850,51.820284,4488.525750,0.772863,44.592698,5.053515,1.875264,-5.004359
4.952164,4.938783,51.900671,4485.541905,0.742239,44.585969,4.978294,1.836780,-4.991584
4.984882,4.975715,51.989162,4482.595713,0.728232,44.590867,4.912714,1.829107,-5.000136
5.042601,5.009966,52.074795,4479.694899,0.701263,44.577165,4.835483,1.800991,-4.997813
5.073223,5.059804,52.152287,4476.832252,0.678401,44.572359,4.786418,1.785404,-5.009248
5.116563,5.100310,52.232040,4474.008694,0.656026,44.572557,4.719202,1.763679,-4.997511
5.158236,5.145709,52.310321,4471.239208,0.622652,44.569860,4.663885,1.744414,-4.999623
5.202556,5.185402,52.385483,4468.478170,0.596843,44.568134,4.617823,1.717815,-4.992121
5.248331,5.232167,52.453604,4465.765849,0.553758,44.556411,4.564365,1.693914,-4.995301
5.280113,5.281281,52.525076,4463.089687,0.536466,44.561746,4.518733,1.685894,-5.005008
5.326746,5.315117,52.567333,4460.455987,0.501714,44.555858,4.473913,1.669755,-5.007406
5.376280,5.351399,52.628170,4457.833164,0.463521,44.562873,4.436984,1.637377,-4.997493
5.405987,5.400224,52.692739,4455.244889,0.431801,44.549932,4.401029,1.637835,-4.999540
5.452119,5.438847,52.725261,4452.701243,0.404618,44.563992,4.359372,1.632882,-4.998634
5.504427,5.470415,52.781718,4450.174871,0.374495,44.558949,4.323790,1.603719,-5.003805
5.550549,5.535079,52.818751,4447.662611,0.334451,44.544109,4.301949,1.595840,-5.003766
5.582191,5.558678,52.862278,4445.190050,0.297172,44.547794,4.278085,1.591993,-5.004681
5.628123,5.605533,52.889595,4442.743206,0.258667,44.544993,4.254850,1.581090,-4.993936
5.675368,5.652621,52.918852,4440.309602,0.217543,44.546746,4.226410,1.574485,-4.997473
5.708613,5.694165,52.943865,4437.896967,0.187714,44.546285,4.206218,1.565587,-5.001382
5.753163,5.734424,52.960990,4435.518199,0.146595,44.541140,4.188123,1.565361,-4.998833
5.796820,5.770760,52.975792,4433.144701,0.108091,44.524834,4.170270,1.561672,-4.997030
5.828678,5.823703,52.991747,4430.790212,0.062234,44.525837,4.177374,1.553195,-4.997191
5.877155,5.867493,52.994962,4428.456220,0.033886,44.533604,4.158139,1.547987,-4.991708
5.925005,5.885355,52.998488,4426.118494,-0.003680,44.530647,4.157871,1.544463,-4.997136
5.971057,5.950102,52.989555,4423.806991,-0.046716,44.534383,4.147534,1.543483,-4.995423
5.994642,5.976364,52.986955,4421.502620,-0.090556,44.520005,4.147922,1.547994,-5.002556
6.041916,6.037901,52.968303,4419.213206,-0.125174,44.532286,4.152761,1.547045,-4.999534
6.087590,6.067783,52.949920,4416.917143,-0.158617,44.521903,4.155686,1.545721,-4.999082
6.135175,6.098614,52.943431,4414.645428,-0.186093,44.522675,4.167118,1.554232,-4.993644
6.172705,6.142822,52.904419,4412.365668,-0.243044,44.529052,4.176652,1.560284,-4.995296
6.218291,6.194138,52.883372,4410.097633,-0.274009,44.524841,4.190063,1.568556,-4.999483
6.259615,6.236113,52.829309,4407.825311,-0.326478,44.527086,4.206572,1.571719,-5.013880
6.298280,6.274030,52.801380,4405.548121,-0.354681,44.512823,4.226668,1.580995,-4.988502
6.339924,6.313240,52.760181,4403.283203,-0.409688,44.522393,4.256518,1.589495,-5.002227
6.382787,6.366761,52.710289,4401.000631,-0.437104,44.524722,4.268838,1.585146,-4.996104
6.417729,6.402684,52.656758,4398.713266,-0.462192,44.513709,4.300539,1.602878,-4.995590
6.468577,6.446993,52.602401,4396.430404,-0.514581,44.524711,4.329468,1.622871,-0.000162
6.518001,6.482919,52.553168,4394.143468,-0.550125,44.529129,4.359966,1.620473,0.004298
6.555136,6.522040,52.482506,4391.845634,-0.583854,44.525084,4.399732,1.629869,0.002575
6.596908,6.573259,52.406294,4389.525513,-0.619316,44.552759,4.431869,1.654572,0.000799
6.625443,6.598695,52.329180,4387.189481,-0.645944,44.552208,4.481137,1.672568,-0.005852
6.681838,6.643770,52.257964,4384.846055,-0.691051,44.548399,4.522475,1.693917,-0.000214
6.723489,6.687238,52.177775,4382.478766,-0.723800,44.565603,4.567345,1.702951,0.000569
6.761873,6.737158,52.095342,4380.100237,-0.749545,44.568032,4.615679,1.719841,-0.006591
6.804345,6.771192,52.012864,4377.704988,-0.783174,44.584159,4.663034,1.738367,-0.001733
6.842335,6.817824,51.917353,4375.276937,-0.809654,44.581577,4.729518,1.756672,-0.004983
6.887330,6.855271,51.823347,4372.838312,-0.839337,44.593748,4.772011,1.781195,0.003933
6.931445,6.899899,51.722500,4370.350588,-0.874358,44.599304,4.841401,1.806341,0.000055
6.963108,6.948202,51.612753,4367.855272,-0.892184,44.600640,4.903764,1.830649,0.005305
7.018653,6.983468,51.516279,4365.325215,-0.930491,44.608686,4.977531,1.860048,-0.000193
7.055935,7.026409,51.409508,4362.766821,-0.947866,44.621282,5.046663,1.882184,-0.004646
7.099153,7.063607,51.302044,4360.164941,-0.967674,44.630319,5.116011,1.900635,-0.004058
7.134696,7.107063,51.203061,4357.526219,-0.987073,44.631007,5.183145,1.932954,0.005254
7.179259,7.144378,51.076410,4354.864505,-1.002001,44.637226,5.271548,1.957265,-0.002441
7.223881,7.183496,50.968630,4352.161001,-1.027305,44.636462,5.339100,1.992550,-0.000199
7.257413,7.235980,50.838475,4349.411619,-1.045777,44.649450,5.431964,2.016599,0.005510
7.305443,7.274474,50.711633,4346.626722,-1.061059,44.660315,5.513195,2.055944,0.003910
7.337853,7.312755,50.597196,4343.788714,-1.076066,44.664006,5.607998,2.089488,0.001024
7.382254,7.356399,50.470139,4340.904723,-1.089305,44.668554,5.703553,2.120901,0.007166
7.424464,7.394844,50.352135,4337.969509,-1.098312,44.676489,5.786217,2.161406,-0.002621
7.468961,7.434125,50.224088,4335.000724,-1.112075,44.686132,5.884872,2.189464,-0.003207
7.498847,7.474380,50.108967,4331.974137,-1.110000,44.692389,5.985782,2.238198,0.002318
7.553002,7.514648,49.972234,4328.885537,-1.125328,44.700235,6.076108,2.270983,-0.002519
7.587932,7.555860,49.836146,4325.738466,-1.124433,44.695274,6.188349,2.301785,-0.005347
7.642682,7.605656,49.721336,4322.540927,-1.128531,44.722653,6.283805,2.337319,-0.003833
7.680958,7.635485,49.593445,4319.285998,-1.119504,44.720781,6.379881,2.369662,0.006573
7.715132,7.687578,49.456867,4315.976828,-1.133352,44.729159,6.483334,2.413769,0.004927
7.761353,7.723809,49.335786,4312.605307,-1.118712,44.737207,6.613551,2.460079,-0.004457
7.795775,7.765454,49.200302,4309.182452,-1.114106,44.741374,6.707658,2.493008,0.002544
7.845955,7.803469,49.088788,4305.671608,-1.114177,44.754566,6.818600,2.536887,-0.001947
7.885425,7.847957,48.952904,4302.108218,-1.098822,44.753465,6.918334,2.582280,0.001294
7.916219,7.892829,48.830812,4298.483422,-1.086992,44.761634,7.034030,2.620420,0.003015
7.962972,7.917553,48.718849,4294.792729,-1.070016,44.777822,7.145950,2.656517,-0.003301
7.990371,7.967205,48.600849,4291.045341,-1.056875,44.785769,7.247364,2.698968,0.001988
8.035316,8.006915,48.484221,4287.232342,-1.044482,44.788521,7.358384,2.737747,0.001012
8.089564,8.050906,48.354589,4283.354218,-1.016303,44.795691,7.455003,2.775398,0.006903
8.122948,8.093553,48.243740,4279.409499,-0.996970,44.789746,7.565238,2.821895,-0.013827
8.154508,8.129580,48.144880,4275.390675,-0.966056,44.810232,7.678927,2.860430,0.001707
8.198035,8.170826,48.024459,4271.316067,-0.946858,44.821852,7.772967,2.893805,-0.004769
8.238469,8.215269,47.932847,4267.184133,-0.914797,44.835684,7.865713,2.939887,0.003933
8.279827,8.252815,47.826034,4262.989424,-0.876611,44.825955,7.976081,2.965904,0.000252
8.325801,8.291140,47.735560,4258.734644,-0.844589,44.855739,8.057843,2.996133,-0.002019
8.369792,8.327461,47.650147,4254.406087,-0.814187,44.851173,8.151249,3.029118,-0.000749
8.405304,8.368331,47.547405,4250.029929,-0.787453,44.851668,8.247388,3.069360,0.004147
8.434988,8.424353,47.466944,4245.598864,-0.739834,44.868506,8.314483,3.095225,0.008145
8.491580,8.455204,47.379579,4241.116383,-0.695411,44.877364,8.396042,3.126992,0.005413
8.528936,8.494523,47.317960,4236.585245,-0.667518,44.884250,8.460102,3.155786,-0.006889
8.567949,8.540243,47.239960,4231.996407,-0.617984,44.894183,8.533338,3.181659,-0.008318
8.611506,8.585529,47.176299,4227.364727,-0.580997,44.900272,8.596253,3.195352,-0.000446
8.649523,8.619991,47.116553,4222.683645,-0.530584,44.901639,8.647445,3.218891,-0.003457
8.693721,8.664702,47.057037,4217.972700,-0.497600,44.907884,8.694679,3.235031,0.002159
8.728825,8.692886,47.003063,4213.218626,-0.441130,44.917367,8.736402,3.250460,-0.001253
8.767336,8.741325,46.951345,4208.430432,-0.393209,44.928345,8.781585,3.274408,0.007634
8.804102,8.775429,46.918774,4203.599758,-0.347284,44.936363,8.805641,3.289206,0.001647
8.840643,8.821639,46.881155,4198.760432,-0.306046,44.952465,8.831017,3.292366,0.003867
8.882168,8.862032,46.846225,4193.895669,-0.252185,44.966836,8.854878,3.299524,-0.004968
8.925927,8.902238,46.838406,4189.003142,-0.209750,44.953513,8.853973,3.300663,0.004347
8.964284,8.933963,46.799287,4184.095435,-0.156618,44.971926,8.869531,3.306270,0.007785
9.005389,8.982319,46.790135,4179.175089,-0.119710,44.986373,8.857911,3.309115,0.002065
9.037641,9.016241,46.784695,4174.253832,-0.056359,44.996351,8.844470,3.304112,-0.007900
9.086992,9.059294,46.778460,4169.317463,-0.016161,44.997812,8.839621,3.297368,-0.012844
9.123909,9.098521,46.775271,4164.378385,0.039557,44.999072,8.823461,3.289836,0.002442
9.172554,9.139977,46.787476,4159.446959,0.081266,45.012441,8.790381,3.274540,-0.001954
9.202100,9.180580,46.799062,4154.525355,0.123065,45.016375,8.762428,3.263711,-0.001466
9.235579,9.220077,46.811725,4149.601790,0.169457,45.021519,8.709835,3.245592,0.004869
9.284802,9.260137,46.832155,4144.697173,0.214653,45.043559,8.672156,3.229875,-0.002990
9.314849,9.300754,46.857188,4139.810927,0.257471,45.045933,8.612502,3.212516,-0.004778
9.361207,9.336979,46.888439,4134.947666,0.290137,45.052389,8.555768,3.193584,0.004044
9.394756,9.380217,46.921071,4130.095324,0.330645,45.061009,8.497002,3.158411,-0.004597
9.439004,9.421331,46.960667,4125.273130,0.381630,45.063911,8.431408,3.141424,0.004324
9.477297,9.447100,47.010230,4120.489675,0.413967,45.079981,8.360802,3.114688,0.006115
9.519161,9.502025,47.048712,4115.725759,0.451719,45.095527,8.286002,3.085838,0.001090
9.555205,9.531987,47.104713,4110.999864,0.487267,45.104041,8.215590,3.058193,-0.006749
9.593363,9.580765,47.152343,4106.296646,0.513627,45.102710,8.133199,3.030926,0.000925
9.631734,9.616668,47.211700,4101.657285,0.545552,45.112358,8.045540,2.998871,0.003460
9.670140,9.661819,47.276246,4097.040046,0.565404,45.131627,7.951734,2.965556,-0.003873
9.708345,9.694099,47.329222,4092.464169,0.597171,45.129283,7.884915,2.948164,-0.004147
9.748774,9.735036,47.402746,4087.928633,0.626002,45.148474,7.785947,2.904314,0.000160
9.782829,9.764338,47.469981,4083.438408,0.648857,45.136868,7.685753,2.861896,-0.005467
9.823380,9.809528,47.533342,4079.000193,0.665421,45.157055,7.606725,2.832025,0.004279
9.858539,9.842089,47.600627,4074.595645,0.691890,45.170606,7.516087,2.801550,-0.004978
9.907089,9.892298,47.691667,4070.263176,0.702121,45.159895,7.414422,2.758703,0.004968
9.941199,9.929378,47.764164,4065.958882,0.723195,45.178111,7.320112,2.729478,0.002588
9.976531,9.966025,47.834028,4061.722250,0.727838,45.202364,7.223668,2.690999,-0.006379
10.015216,10.013740,47.911938,4057.513491,0.743371,45.199870,7.139540,2.658940,0.003141
10.063887,10.048052,47.998067,4053.366265,0.743309,45.212668,7.035919,2.620400,-0.001731
10.091208,10.084489,48.062388,4049.273613,0.756425,45.225241,6.943850,2.586263,0.001187
10.136807,10.125723,48.150107,4045.221895,0.761724,45.229071,6.861072,2.553015,0.001552
10.172530,10.171364,48.230756,4041.219422,0.761527,45.235086,6.760609,2.520271,-0.001105
10.198644,10.210523,48.307566,4037.273023,0.768806,45.240713,6.667897,2.485995,-0.010803
10.247965,10.246918,48.397096,4033.374495,0.763236,45.260098,6.584660,2.444152,0.004345
10.280302,10.288417,48.478811,4029.529315,0.755184,45.268796,6.501761,2.421978,0.000356
10.319719,10.314879,48.553112,4025.730523,0.749226,45.269707,6.413491,2.390110,-0.001965
10.357322,10.355753,48.635095,4021.978509,0.749797,45.289527,6.339866,2.351443,-0.000835
10.398850,10.395491,48.701933,4018.278203,0.737715,45.285816,6.253675,2.322489,0.001969
10.436327,10.441363,48.786018,4014.621973,0.720694,45.300009,6.181988,2.302168,-0.012181
10.467396,10.473378,48.861184,4011.016629,0.701072,45.312230,6.105615,2.273752,-0.001522
10.520221,10.515654,48.931105,4007.434620,0.692872,45.323909,6.029467,2.237083,0.001712
10.559989,10.559343,49.017286,4003.925008,0.667433,45.327845,5.948731,2.218308,-0.003080
10.585698,10.589398,49.080861,4000.452683,0.657654,45.337072,5.886649,2.191712,-0.003426
10.615584,10.628980,49.145484,3997.006900,0.644505,45.352884,5.823105,2.173736,-0.009071
10.665951,10.663898,49.217619,3993.623884,0.622201,45.360692,5.764638,2.132963,0.007667
10.699010,10.703377,49.271469,3990.261745,0.595526,45.365587,5.693909,2.126492,0.001273
10.730734,10.740563,49.333243,3986.945669,0.569028,45.375639,5.642118,2.104810,-0.001977
10.778634,10.788642,49.390888,3983.677336,0.561578,45.379976,5.585138,2.079481,0.004538
10.819248,10.813911,49.448727,3980.434408,0.519099,45.398140,5.530518,2.064250,-0.010201
10.844784,10.859277,49.496342,3977.218038,0.499781,45.401630,5.479684,2.051194,-0.004254
10.885405,10.905912,49.553583,3974.060692,0.459089,45.408873,5.437756,2.019874,0.001930
10.920083,10.941784,49.598640,3970.924176,0.429634,45.419882,5.394857,2.004530,-0.008215
10.965794,10.982020,49.641729,3967.805609,0.407274,45.436538,5.347961,2.000717,-0.011404
11.005993,11.025205,49.679485,3964.739905,0.358013,45.434544,5.313054,1.986849,-0.003759
11.036998,11.055650,49.718667,3961.685537,0.332435,45.448441,5.278175,1.959340,-0.002379
11.078068,11.089790,49.746048,3958.673478,0.308093,45.448237,5.242844,1.948080,-5.998813
11.102685,11.135148,49.782388,3955.676154,0.269037,45.440349,5.221011,1.944521,-6.001445
11.145195,11.161587,49.811198,3952.704879,0.217275,45.447501,5.190616,1.929150,-6.002887
11.181611,11.204897,49.819578,3949.766004,0.187191,45.438637,5.155531,1.919138,-5.992112
11.229834,11.247936,49.845926,3946.834869,0.153827,45.436810,5.144616,1.923722,-5.992087
11.262442,11.288686,49.865562,3943.928097,0.121178,45.436596,5.123969,1.909114,-5.996045
11.299304,11.311750,49.876019,3941.055818,0.089194,45.446371,5.110708,1.908079,-5.999594
11.326936,11.365303,49.878968,3938.183575,0.036158,45.434287,5.091813,1.899302,-5.999981
11.370497,11.397451,49.879704,3935.330739,0.005908,45.437238,5.083941,1.897553,-5.999740
11.391803,11.434096,49.872241,3932.497149,-0.038975,45.438653,5.082166,1.897313,-6.002057
11.437826,11.481373,49.868732,3929.663754,-0.076697,45.427954,5.085121,1.891987,-6.000098
11.484457,11.516972,49.860956,3926.853145,-0.115582,45.432115,5.083539,1.897042,-5.998675
11.516047,11.552064,49.856380,3924.047763,-0.158582,45.421747,5.092394,1.894175,-6.001821
11.546553,11.589364,49.825954,3921.241146,-0.194964,45.426424,5.082843,1.891700,-5.990951
11.593240,11.621056,49.808449,3918.456799,-0.234959,45.423768,5.094089,1.902620,-6.006296
11.624598,11.673689,49.779839,3915.676842,-0.278163,45.428727,5.113018,1.908873,-6.003827
11.661840,11.705306,49.746473,3912.889624,-0.313978,45.422612,5.133349,1.905402,-6.001582
11.698385,11.737932,49.716841,3910.097357,-0.359215,45.421958,5.144872,1.918339,-5.999205
11.738225,11.783779,49.670831,3907.318072,-0.389672,45.422927,5.162422,1.929327,-6.000508
11.769396,11.835140,49.633343,3904.533475,-0.434777,45.420006,5.186411,1.936987,-6.000633
11.821155,11.853449,49.588402,3901.751006,-0.466205,45.404258,5.212230,1.942545,-5.999615
11.847340,11.898372,49.537861,3898.948760,-0.511089,45.416710,5.242193,1.955046,-5.999828
11.871931,11.936334,49.477715,3896.138938,-0.548224,45.409016,5.258711,1.963897,-5.997700
11.918114,11.968176,49.433011,3893.332240,-0.579724,45.421320,5.310389,1.979806,-5.994962
11.956994,12.011893,49.368517,3890.504835,-0.618271,45.405135,5.351199,1.991926,-5.999767
11.992849,12.050033,49.299201,3887.661692,-0.656236,45.406189,5.389125,2.006446,-5.990969
12.026502,12.082388,49.220980,3884.822895,-0.689775,45.410887,5.429182,2.026087,-5.998732
12.064817,12.135164,49.164301,3881.945968,-0.712648,45.401083,5.485205,2.037354,-6.001164
12.104011,12.166061,49.085637,3879.053890,-0.742085,45.405684,5.531987,2.058506,-6.006656
12.142960,12.196943,49.006968,3876.148998,-0.781674,45.402589,5.585273,2.079163,-5.992842
12.171717,12.234774,48.933104,3873.219918,-0.810579,45.408498,5.628957,2.093917,-5.999764
12.211045,12.261639,48.852912,3870.266120,-0.833110,45.387758,5.696478,2.124309,-6.012059
12.253700,12.317532,48.763914,3867.275963,-0.874408,45.391165,5.762877,2.146764,-6.005957
12.289335,12.348663,48.668844,3864.272398,-0.903534,45.378605,5.819908,2.163144,-6.003677
12.322392,12.387550,48.574583,3861.233387,-0.926074,45.388869,5.883303,2.195028,-6.003967
12.356628,12.422366,48.485763,3858.160063,-0.945394,45.389185,5.957112,2.225393,-5.994152
12.401342,12.469682,48.385226,3855.052723,-0.957989,45.382181,6.022477,2.242963,-6.002858
12.422090,12.505002,48.288283,3851.913228,-0.988966,45.379901,6.104434,2.275056,-6.002537
12.470236,12.529544,48.191565,3848.735530,-1.010878,45.370332,6.173827,2.304758,-5.995575
12.503502,12.576380,48.084334,3845.520969,-1.027827,45.372570,6.250733,2.325120,-6.000918
12.534052,12.605989,47.976096,3842.273609,-1.044089,45.367556,6.335304,2.363599,-6.001873
12.576335,12.649943,47.874312,3838.970626,-1.054597,45.365659,6.409897,2.378567,-6.005596
12.613209,12.683955,47.771217,3835.628381,-1.069441,45.360459,6.508540,2.423362,-6.005866
12.650629,12.725448,47.665738,3832.252575,-1.083752,45.355455,6.604620,2.455664,-5.995890
12.677103,12.763295,47.562074,3828.812988,-1.085503,45.356723,6.679017,2.496545,-6.000300
12.716770,12.789957,47.437644,3825.323122,-1.088208,45.338917,6.775026,2.521466,-6.008088
12.754133,12.838399,47.329161,3821.795882,-1.107163,45.347619,6.867670,2.561560,-6.001051
12.793431,12.874335,47.218510,3818.215336,-1.106901,45.326380,6.947180,2.589160,-6.002661
12.830643,12.907349,47.109602,3814.573040,-1.098988,45.322948,7.061346,2.628213,-6.007667
12.862479,12.953352,47.006683,3810.878492,-1.107745,45.334153,7.155290,2.658567,-5.996114
12.900856,12.981639,46.887783,3807.133548,-1.107896,45.330157,7.251079,2.701235,-6.010421
12.938860,13.029588,46.778011,3803.332882,-1.105823,45.316265,7.348511,2.737009,-5.999946
12.969913,13.060278,46.672590,3799.476810,-1.083526,45.307258,7.445902,2.776601,-5.998293
13.002859,13.095252,46.570234,3795.553353,-1.080599,45.304456,7.546197,2.809096,-5.996257
13.046054,13.139260,46.462856,3791.596585,-1.073065,45.289368,7.634444,2.848944,-5.990657
13.082200,13.174861,46.356488,3787.565863,-1.050061,45.288433,7.734238,2.886699,-6.007328
13.109864,13.202196,46.255730,3783.478460,-1.038313,45.273365,7.831320,2.916684,-6.001283
13.150032,13.246361,46.143596,3779.327983,-1.018580,45.265411,7.935564,2.958401,-6.003009
13.190525,13.280405,46.043876,3775.134281,-1.005049,45.262599,8.035788,2.988231,-6.003702
13.223922,13.314314,45.945038,3770.870364,-0.979447,45.260342,8.122633,3.028111,-6.001703
13.254371,13.358081,45.854553,3766.544774,-0.958914,45.254075,8.210942,3.059179,-5.999850
13.271442,13.400285,45.756779,3762.171835,-0.936768,45.245634,8.302665,3.103448,-5.999817
13.333964,13.433538,45.671228,3757.738875,-0.913229,45.242173,8.392926,3.122363,-5.998126
13.362742,13.461265,45.583513,3753.252039,-0.879780,45.219234,8.469086,3.166658,-6.000478
13.397788,13.513763,45.501572,3748.716781,-0.846338,45.215064,8.545830,3.182206,-5.999746
13.437646,13.546942,45.417402,3744.126118,-0.817388,45.206919,8.626522,3.211102,-6.001325
13.470909,13.583247,45.346579,3739.489071,-0.774867,45.191441,8.708020,3.241229,-6.000178
13.512440,13.618243,45.270984,3734.809779,-0.742008,45.189609,8.770472,3.264307,-5.993981
13.546456,13.656074,45.202536,3730.065840,-0.700393,45.173305,8.840615,3.293198,-6.000005
13.577365,13.694563,45.130550,3725.287085,-0.663288,45.169149,8.895493,3.316383,-5.997359
13.616651,13.727301,45.069248,3720.459714,-0.615503,45.153830,8.945677,3.348793,-5.992917
13.642019,13.768165,45.014324,3715.599154,-0.590302,45.142482,9.012277,3.356069,-6.007482
13.677853,13.789864,44.945004,3710.680445,-0.536368,45.139844,9.049663,3.375166,-6.000732
13.707213,13.837109,44.904392,3705.758649,-0.489909,45.121673,9.093878,3.385092,-6.007713
13.747294,13.870244,44.854766,3700.786409,-0.460953,45.113857,9.125571,3.385836,-6.000849
13.784310,13.904346,44.817320,3695.799596,-0.416467,45.101020,9.154942,3.405528,-6.006082
13.816204,13.944149,44.772336,3690.761601,-0.369056,45.094225,9.174419,3.411000,-5.995867
13.853821,13.981960,44.751311,3685.728030,-0.318118,45.086995,9.191282,3.430248,-6.006644
13.888966,14.015732,44.716285,3680.655620,-0.277245,45.077005,9.212870,3.416275,-5.998789
13.930326,14.045463,44.687247,3675.580562,-0.222859,45.064710,9.211890,3.428906,-5.998416
13.965101,14.081919,44.671479,3670.480933,-0.181520,45.045032,9.212380,3.425960,-6.004430
13.989516,14.112843,44.652367,3665.383098,-0.136698,45.043906,9.208423,3.430788,-6.000602
14.023948,14.155488,44.646126,3660.270841,-0.093408,45.028039,9.196596,3.429995,-6.001212
14.068405,14.195662,44.633653,3655.152637,-0.048017,45.020918,9.172463,3.413362,-6.002957
14.091957,14.216379,44.644536,3650.034161,-0.002581,45.007718,9.154864,3.419155,-6.004107
14.134079,14.261317,44.636662,3644.924818,0.038343,44.998690,9.126785,3.400002,-5.995031
14.169596,14.300751,44.631129,3639.816551,0.075592,44.992791,9.090091,3.391574,-5.991490
14.197562,14.325921,44.639891,3634.718308,0.121695,44.977576,9.050294,3.373768,-5.997438
14.229568,14.359610,44.662764,3629.622166,0.156820,44.969698,9.005268,3.360772,-5.997997
14.264757,14.409734,44.687987,3624.547812,0.209771,44.960437,8.963384,3.336094,-6.007846
14.302055,14.442419,44.705984,3619.506376,0.238250,44.952311,8.919995,3.326895,-5.994382
14.336828,14.473178,44.735135,3614.464299,0.281415,44.940080,8.864980,3.295734,-6.003444
14.368154,14.507686,44.762355,3609.462237,0.311682,44.925115,8.793753,3.279464,-5.995118
14.406888,14.552149,44.788262,3604.473498,0.345268,44.925568,8.734162,3.257440,-5.997309
14.446249,14.578558,44.833360,3599.516675,0.380019,44.916538,8.680757,3.233782,-5.997309
14.484673,14.618922,44.859143,3594.589535,0.417114,44.897487,8.606593,3.206462,-5.997011
14.501227,14.652410,44.902909,3589.702632,0.441661,44.889126,8.531628,3.179359,-6.000060
14.538905,14.685302,44.945261,3584.841594,0.456849,44.873707,8.455943,3.155273,-6.002304
14.577371,14.721384,44.990691,3580.000543,0.493443,44.862460,8.377234,3.122448,-6.001037
14.608828,14.752547,45.038489,3575.223336,0.512190,44.858535,8.293990,3.099414,-6.004130
14.646181,14.791684,45.079605,3570.480614,0.540247,44.846861,8.218975,3.061062,-6.004047
14.677299,14.828910,45.134946,3565.766440,0.556302,44.844424,8.139427,3.025382,-5.996013
14.707365,14.854938,45.183568,3561.088936,0.567512,44.831670,8.055848,3.000620,-6.000946
14.746291,14.886696,45.245804,3556.455106,0.593312,44.831021,7.983936,2.967450,-6.000123
14.784491,14.933573,45.297114,3551.866916,0.602094,44.818731,7.900041,2.937722,-6.001631
14.805985,14.962367,45.355541,3547.326030,0.616562,44.810546,7.821402,2.917556,-6.006371
14.852082,15.007410,45.421211,3542.831358,0.609165,44.804410,7.737835,2.878724,-6.000697
14.870862,15.033367,45.473198,3538.374390,0.632422,44.790898,7.647029,2.857645,-6.000492
14.915328,15.065347,45.520673,3533.951517,0.637811,44.785079,7.566222,2.816844,-5.993484
14.940299,15.100114,45.577952,3529.597288,0.628488,44.787524,7.490713,2.802451,-5.999600
14.984872,15.142594,45.636614,3525.265969,0.631706,44.759873,7.412834,2.758373,-6.001606
15.010593,15.173657,45.702312,3520.986929,0.639979,44.764498,7.324528,2.726464,-6.010064
15.053932,15.208747,45.761422,3516.756720,0.633725,44.759974,7.245650,2.697756,-5.999872
15.082390,15.240919,45.817495,3512.555044,0.623985,44.757862,7.180008,2.675999,-5.994909
15.110205,15.271969,45.869879,3508.411795,0.609860,44.751738,7.092048,2.649790,-6.004243
15.146529,15.307226,45.930533,3504.317423,0.610400,44.738493,7.026337,2.624419,-6.001741
15.184342,15.346193,45.983834,3500.246733,0.599884,44.732632,6.963527,2.591257,-6.001246
15.219979,15.382798,46.045178,3496.225630,0.576935,44.729562,6.887060,2.562124,-6.005001
15.250790,15.406801,46.090361,3492.260380,0.570135,44.728026,6.825609,2.547082,-6.002970
15.279940,15.445656,46.148944,3488.315385,0.555734,44.714207,6.758266,2.519971,-5.998004
15.323360,15.479338,46.199543,3484.422528,0.527202,44.714219,6.690768,2.494371,-5.996850
15.342209,15.510034,46.243322,3480.558544,0.513444,44.711058,6.633917,2.467224,-6.000672
15.382610,15.542960,46.285516,3476.734911,0.492111,44.703718,6.579627,2.458788,-5.987263
15.412216,15.577300,46.338333,3472.956598,0.474844,44.697800,6.533739,2.434948,-5.997497
15.447737,15.618991,46.368148,3469.202916,0.434742,44.688871,6.476543,2.411511,-6.008489
15.481365,15.647211,46.406180,3465.480622,0.422372,44.689319,6.423151,2.403114,-5.995065
15.514561,15.691061,46.446230,3461.806227,0.380149,44.682080,6.377344,2.381861,-6.003104
15.543478,15.715639,46.485934,3458.153870,0.353017,44.672083,6.336444,2.355005,-5.997336
15.576484,15.748719,46.508431,3454.527887,0.328804,44.674664,6.284934,2.344210,-6.001445
15.606501,15.791591,46.548077,3450.950594,0.299850,44.668822,6.253723,2.340223,-5.991371
15.647339,15.815213,46.563028,3447.398172,0.263737,44.673295,6.225017,2.307381,-5.997372
15.674887,15.853828,46.594468,3443.862125,0.235531,44.661203,6.188546,2.308671,-6.004196
15.712078,15.888059,46.608006,3440.360067,0.203795,44.657065,6.161487,2.302713,-6.009997
15.733407,15.920225,46.620066,3436.869316,0.179274,44.661310,6.139565,2.284013,-6.007927
15.771747,15.957767,46.639215,3433.411918,0.142902,44.658702,6.105277,2.274117,-6.000799
15.804503,15.981344,46.654250,3429.964773,0.086065,44.643242,6.090602,2.266601,-5.996676
15.844616,16.019362,46.654819,3426.560105,0.054841,44.644953,6.075669,2.256674,-5.998439
15.879316,16.048970,46.663849,3423.159865,0.021620,44.640411,6.058577,2.251242,-6.002988
15.912012,16.079034,46.662388,3419.776267,-0.019143,44.635353,6.043524,2.246472,-6.010418
15.935099,16.123424,46.667536,3416.409801,-0.063099,44.633316,6.026316,2.244208,-5.999372
15.971425,16.154154,46.659306,3413.058740,-0.083053,44.644577,6.024443,2.240817,-6.009678
16.002815,16.178574,46.638579,3409.718597,-0.122766,44.628159,6.027671,2.235534,-5.997998
16.033258,16.228911,46.625413,3406.410408,-0.175437,44.619867,6.013316,2.245481,-6.002054
16.076641,16.255157,46.616501,3403.085732,-0.212146,44.627718,6.016504,2.241585,-5.999750
16.101529,16.290950,46.594532,3399.768036,-0.246662,44.627304,6.025931,2.251280,-6.006120
16.131760,16.323090,46.560912,3396.460223,-0.285686,44.620001,6.046132,2.252569,-6.001750
16.173921,16.352131,46.542687,3393.166725,-0.327679,44.614735,6.044957,2.250540,-5.999431
16.195256,16.391298,46.508209,3389.866223,-0.359090,44.617239,6.055366,2.258230,-5.990021
16.228318,16.422788,46.474003,3386.568508,-0.406549,44.616171,6.082793,2.263275,-6.000517
16.262700,16.450718,46.439846,3383.268832,-0.434958,44.602105,6.108237,2.266546,-6.001136
16.294022,16.479218,46.408770,3379.981752,-0.472935,44.601224,6.127309,2.286936,-6.008900
16.330653,16.523910,46.374685,3376.667872,-0.519829,44.604358,6.156626,2.285015,-6.006558
16.349440,16.554907,46.313675,3373.353451,-0.549247,44.592358,6.177901,2.296304,-5.998655
16.391315,16.581291,46.261225,3370.044288,-0.570084,44.594982,6.207234,2.315470,-5.991285
16.427619,16.607992,46.202151,3366.716362,-0.626189,44.575119,6.244337,2.317047,-6.004614
16.455378,16.653813,46.142520,3363.381022,-0.658223,44.586726,6.286557,2.338116,-5.998730
16.480360,16.687998,46.080634,3360.017572,-0.694237,44.587319,6.325365,2.358870,-5.999371
16.523763,16.719942,46.035958,3356.666493,-0.716939,44.574727,6.366731,2.379497,-6.006712
16.553280,16.748380,45.955405,3353.270198,-0.747799,44.579008,6.409464,2.385159,-5.997803
16.580624,16.780046,45.899182,3349.875689,-0.781125,44.573148,6.461799,2.415548,-5.997499
16.615567,16.822018,45.821558,3346.453244,-0.814065,44.568093,6.516171,2.425634,-6.000729
16.650277,16.844084,45.748840,3343.013204,-0.841041,44.561697,6.561333,2.446973,-6.004827
16.682129,16.885435,45.679666,3339.550676,-0.875958,44.556455,6.621608,2.462458,-6.001633
16.721789,16.921447,45.608813,3336.056869,-0.902078,44.551303,6.681965,2.491130,-6.004876
16.738704,16.949488,45.521797,3332.544892,-0.922294,44.540966,6.741525,2.510623,-6.001249
16.783010,16.980418,45.442861,3328.987569,-0.940029,44.537728,6.804910,2.533369,-6.002131
16.808412,17.007662,45.359830,3325.412891,-0.965661,44.534820,6.867399,2.561945,-5.993768
16.832499,17.038589,45.269316,3321.807509,-0.986184,44.522312,6.931514,2.576638,-6.006993
16.864957,17.079714,45.182638,3318.161953,-0.998185,44.529319,7.001623,2.613045,-6.000734
16.911816,17.117017,45.097519,3314.481324,-1.018579,44.535278,7.082913,2.641342,-5.998888
16.937230,17.149842,45.002714,3310.771409,-1.034471,44.514902,7.145711,2.656252,-6.001328
16.960786,17.177716,44.906196,3307.022799,-1.055574,44.499233,7.225082,2.691166,-6.001352
16.991547,17.204942,44.827772,3303.224699,-1.062017,44.496264,7.309833,2.724671,-6.000870
17.039802,17.235931,44.731839,3299.401853,-1.074441,44.492995,7.383403,2.743966,-6.000548
17.046991,17.280906,44.638955,3295.521400,-1.070634,44.481027,7.466080,2.778733,-5.997684
17.090395,17.302932,44.551862,3291.607662,-1.084728,44.478969,7.544694,2.797650,-5.999292
17.121846,17.337118,44.454832,3287.649333,-1.083278,44.475848,7.631070,2.844921,-6.008473
17.157343,17.370729,44.358006,3283.633376,-1.088099,44.464270,7.698220,2.868999,-6.000567
17.180455,17.397533,44.271435,3279.585842,-1.092502,44.471017,7.779915,2.898140,-6.009264
17.219204,17.436328,44.167394,3275.492651,-1.087711,44.449876,7.868251,2.940048,-5.997609
17.247577,17.467262,44.078860,3271.346348,-1.083909,44.434249,7.958465,2.955825,-5.999013
17.265706,17.499167,43.977150,3267.145849,-1.070784,44.430301,8.036000,2.983659,-5.995463
17.308753,17.534990,43.900133,3262.899407,-1.069461,44.423394,8.121188,3.020490,-6.005219
17.347339,17.557430,43.799975,3258.608477,-1.056973,44.411249,8.205910,3.050788,-5.991719
17.373848,17.603245,43.712247,3254.270649,-1.046445,44.392447,8.280990,3.086883,-6.000605
17.399749,17.623824,43.626608,3249.888092,-1.025814,44.391018,8.358750,3.115755,-6.010106
17.440935,17.661252,43.538614,3245.450393,-1.018181,44.375279,8.436570,3.136831,-6.000133
17.462413,17.691466,43.451703,3240.957463,-0.994882,44.372614,8.517211,3.173181,-5.998958
17.487665,17.726675,43.372189,3236.431890,-0.973093,44.368811,8.596238,3.206615,-5.993045
17.520392,17.754694,43.281886,3231.854105,-0.947285,44.346172,8.667198,3.233910,-5.995527
17.555016,17.791953,43.213607,3227.217998,-0.926479,44.332488,8.756915,3.260350,-6.003429
17.581646,17.815685,43.131159,3222.558917,-0.896337,44.331043,8.817841,3.284528,-6.008568
17.620528,17.845718,43.067833,3217.818199,-0.875271,44.324124,8.885978,3.312874,-5.996925
17.652797,17.878987,42.981753,3213.063411,-0.840514,44.314407,8.930041,3.331986,-6.004827
17.688091,17.910054,42.922494,3208.257754,-0.807143,44.309789,9.012367,3.351434,-5.999961
17.710314,17.929552,42.841218,3203.411520,-0.783568,44.288324,9.057568,3.373531,-6.006930
17.746362,17.972133,42.788408,3198.521689,-0.743766,44.267192,9.115162,3.403941,-5.999218
17.776083,17.996381,42.730690,3193.594087,-0.710760,44.253718,9.167089,3.419328,-5.993387
17.804995,18.034434,42.670312,3188.643722,-0.669676,44.254103,9.206489,3.424576,-6.007479
17.840126,18.061837,42.614091,3183.644713,-0.633818,44.241483,9.267059,3.442177,-6.003625
17.870281,18.099969,42.557402,3178.627047,-0.586063,44.218039,9.290282,3.455523,-5.993024
17.889634,18.131223,42.511407,3173.563125,-0.564989,44.212262,9.325811,3.476045,-6.008063
17.932407,18.146986,42.477377,3168.479099,-0.516029,44.207370,9.354738,3.484350,-5.999952
17.960902,18.196637,42.429423,3163.383583,-0.493297,44.184276,9.374199,3.493034,-5.999897
17.980127,18.222604,42.387414,3158.240950,-0.435539,44.178819,9.389593,3.509184,-6.002452
18.010765,18.266006,42.353436,3153.101197,-0.392991,44.156682,9.408893,3.507126,-5.998406
18.049331,18.285782,42.325546,3147.931431,-0.356082,44.139266,9.422114,3.510331,-6.008160
18.070630,18.319880,42.299051,3142.749850,-0.314461,44.136720,9.419052,3.511188,-5.992444
18.105084,18.347361,42.279033,3137.558591,-0.269655,44.113770,9.433856,3.513753,-6.002533
18.138445,18.385028,42.252445,3132.354356,-0.227107,44.097267,9.418388,3.516911,-5.995571
18.161893,18.404418,42.234374,3127.135433,-0.186462,44.100075,9.414573,3.504710,-5.996212
18.203602,18.438092,42.230840,3121.927674,-0.143536,44.082778,9.403081,3.497118,-6.009687
18.232318,18.476521,42.204556,3116.702544,-0.113610,44.063935,9.382182,3.495973,-5.989748
18.259830,18.504515,42.211743,3111.488662,-0.063571,44.058715,9.363066,3.476493,-5.997709
18.287465,18.530330,42.197900,3106.278266,-0.036912,44.034768,9.337712,3.473517,-6.008077
18.323587,18.558662,42.202377,3101.065171,0.007697,44.017723,9.306048,3.469863,-5.989702
18.346651,18.597176,42.201020,3095.868987,0.055121,44.006273,9.276730,3.453879,-5.988613
18.379533,18.624423,42.209627,3090.678970,0.094077,43.994877,9.241507,3.432438,-6.002594
18.411843,18.650446,42.216811,3085.518599,0.122400,43.985214,9.188960,3.425922,-5.998888
18.446089,18.678206,42.224988,3080.360091,0.154246,43.973591,9.143247,3.399337,-5.998459
18.465451,18.714658,42.243933,3075.218097,0.179863,43.960895,9.091643,3.386353,-5.999181
18.491753,18.748689,42.268870,3070.093497,0.213538,43.951679,9.045467,3.366429,-6.001273
18.532041,18.779723,42.280235,3065.001604,0.238120,43.933839,8.995820,3.349732,-5.995642
18.567898,18.809427,42.294981,3059.922018,0.271646,43.910926,8.930535,3.319790,-6.001721
18.584460,18.829269,42.320066,3054.868429,0.292899,43.904571,8.873416,3.296805,-6.004359
18.626828,18.858696,42.338090,3049.840430,0.320176,43.890118,8.820277,3.290725,-6.003619
18.649486,18.896748,42.365445,3044.846646,0.355309,43.875397,8.754003,3.261495,-6.004023
18.670228,18.917668,42.400353,3039.890671,0.365813,43.870918,8.688839,3.236494,-5.996066
18.705108,18.949122,42.435844,3034.948205,0.374098,43.859468,8.635641,3.210096,-5.995313
18.732867,18.990688,42.449920,3030.045173,0.398797,43.843402,8.564260,3.198539,-5.992391
18.756409,19.009304,42.490206,3025.176565,0.416185,43.831304,8.493747,3.161635,-6.005189
18.786090,19.049456,42.529802,3020.341507,0.430212,43.821418,8.434465,3.140995,-6.000188
18.816449,19.076940,42.557810,3015.527668,0.434612,43.808620,8.364763,3.109187,-5.998760
18.846303,19.105890,42.597914,3010.773230,0.447471,43.795674,8.299277,3.091841,-5.998618
18.878066,19.141363,42.625621,3006.028806,0.467726,43.790057,8.227618,3.067749,-5.999795
18.912738,19.163210,42.672610,3001.341253,0.453815,43.787222,8.164834,3.039639,-6.003397
18.934537,19.186902,42.715332,2996.679954,0.459329,43.784319,8.093523,3.016664,0.000975
18.950480,19.216717,42.742713,2992.045483,0.463975,43.800766,8.022462,2.988164,0.001545
18.997370,19.246169,42.778289,2987.471485,0.465936,43.820441,7.972631,2.968513,0.000205
19.030501,19.276390,42.815989,2982.920371,0.459067,43.829611,7.907325,2.945711,-0.002063
19.055515,19.305405,42.838698,2978.406023,0.456231,43.848245,7.839829,2.920315,0.008355
19.087973,19.341506,42.888008,2973.935043,0.441141,43.858035,7.783246,2.897556,-0.007371
19.108051,19.364600,42.925796,2969.487258,0.439239,43.874554,7.719218,2.875923,-0.003159
19.144047,19.392141,42.956228,2965.083101,0.429233,43.885846,7.656948,2.846695,-0.003440
19.165032,19.416416,42.987894,2960.715834,0.419635,43.895903,7.604903,2.833807,-0.001470
19.194074,19.453587,43.018069,2956.382274,0.399753,43.909160,7.540173,2.807174,-0.007791
19.230327,19.478183,43.045212,2952.081182,0.382511,43.938813,7.486475,2.788842,0.000342
19.256250,19.517682,43.076280,2947.818216,0.377235,43.938039,7.431725,2.774776,-0.001378
19.285206,19.533433,43.106290,2943.586229,0.352269,43.948316,7.393809,2.746012,0.009542
19.309191,19.574075,43.133270,2939.383045,0.339355,43.963601,7.336723,2.741643,0.003445
19.344802,19.594744,43.156437,2935.223092,0.304889,43.977721,7.285381,2.711967,-0.001268
19.362943,19.621375,43.173814,2931.090156,0.277685,43.992911,7.239577,2.703339,0.005127
19.392326,19.660691,43.200148,2926.974023,0.260036,44.011645,7.203957,2.679376,0.003018
19.415510,19.680615,43.222703,2922.904301,0.251710,44.025683,7.157443,2.662325,-0.000891
19.454339,19.714798,43.233589,2918.847413,0.210919,44.034994,7.127582,2.656136,-0.000458
19.475515,19.745407,43.249931,2914.825177,0.187582,44.049618,7.091241,2.643735,0.005772
19.514963,19.781399,43.266890,2910.825561,0.158425,44.070457,7.058217,2.628138,-0.001397
19.535295,19.800222,43.283278,2906.856183,0.126994,44.079299,7.030839,2.620632,-0.006110
19.560073,19.829393,43.280204,2902.899386,0.091074,44.085484,7.002413,2.609647,-0.005818
19.582583,19.855995,43.290080,2898.988445,0.057031,44.108282,6.974010,2.602686,0.006395
19.623606,19.878997,43.299403,2895.078111,0.021838,44.116296,6.957172,2.603490,0.001579
19.653741,19.916154,43.281527,2891.206976,-0.013117,44.126962,6.939818,2.588493,0.004984
19.684017,19.948721,43.293466,2887.331298,-0.046803,44.152615,6.928698,2.573825,0.001609
19.699163,19.962280,43.284589,2883.480455,-0.077658,44.163984,6.913296,2.573724,0.004919
19.727315,19.997972,43.275199,2879.647586,-0.119967,44.174669,6.893079,2.574101,0.002487
19.762630,20.018922,43.266089,2875.841462,-0.157412,44.183543,6.886492,2.573424,-0.012783
19.787842,20.064013,43.249671,2872.035817,-0.185595,44.208244,6.875631,2.564556,0.005466
19.808856,20.084486,43.228264,2868.246472,-0.237209,44.219956,6.884209,2.555295,0.001690
19.843160,20.114935,43.225699,2864.466180,-0.261813,44.225542,6.889738,2.559312,-0.005247
19.870824,20.150432,43.193973,2860.690899,-0.305569,44.244595,6.874266,2.566597,-0.001632
19.902128,20.174931,43.179502,2856.926320,-0.344608,44.253507,6.884443,2.562534,-0.006234
19.915703,20.201049,43.152066,2853.164169,-0.379590,44.280262,6.901400,2.572105,-0.001188
19.948679,20.228803,43.120663,2849.409405,-0.414470,44.294948,6.910195,2.568243,-0.004709
19.986997,20.248792,43.078662,2845.664001,-0.461898,44.302907,6.927257,2.581582,-0.005796
20.000654,20.283102,43.034812,2841.903969,-0.495557,44.302780,6.935272,2.586304,-0.005382
20.028021,20.311205,43.002285,2838.151694,-0.536828,44.331536,6.952696,2.592242,0.003023
20.062179,20.339790,42.962429,2834.399496,-0.573725,44.342974,6.982129,2.593060,-0.005967
20.088571,20.375131,42.926794,2830.645264,-0.599749,44.363644,7.003039,2.615382,-0.000297
20.114967,20.400407,42.878862,2826.879867,-0.630519,44.364735,7.030855,2.610319,0.002351
20.142835,20.419437,42.827587,2823.111318,-0.666722,44.375946,7.069164,2.620469,0.006767
20.165461,20.456649,42.780782,2819.329243,-0.701754,44.402434,7.090656,2.644288,-0.006353
20.198587,20.485648,42.723836,2815.536819,-0.736183,44.409836,7.126752,2.651067,0.000046
20.216039,20.507971,42.669235,2811.746375,-0.769463,44.420378,7.161016,2.667581,-0.010455
20.249755,20.535575,42.619605,2807.925878,-0.799969,44.437835,7.196611,2.684776,0.002791
20.274029,20.569364,42.564223,2804.095661,-0.831365,44.461535,7.236270,2.701129,-0.002420
20.311514,20.595985,42.492069,2800.270601,-0.858233,44.467386,7.287369,2.717858,0.006585
20.325404,20.634032,42.432764,2796.397613,-0.893474,44.484015,7.342218,2.727573,-0.004288
20.359683,20.650165,42.354042,2792.524241,-0.905614,44.498133,7.373853,2.752068,-0.006885
20.385224,20.681132,42.298311,2788.622351,-0.935273,44.501527,7.422929,2.774465,-0.004496
20.410220,20.716668,42.222639,2784.688948,-0.968268,44.526252,7.470465,2.780709,0.004179
20.437776,20.732157,42.144733,2780.749646,-0.977344,44.543143,7.532283,2.798694,0.005347
20.457641,20.765299,42.081914,2776.781432,-0.997154,44.554509,7.586664,2.819930,0.006001
20.487790,20.781187,42.014004,2772.776958,-1.018463,44.573353,7.636434,2.843202,0.000863
20.518238,20.808114,41.943102,2768.745079,-1.044121,44.577354,7.697986,2.866072,-0.007626
20.539286,20.849859,41.859286,2764.693957,-1.044149,44.593384,7.757846,2.895961,-0.004167
20.566551,20.869890,41.786183,2760.609698,-1.061226,44.612186,7.829167,2.914484,0.000167
20.593822,20.894356,41.707389,2756.496667,-1.080204,44.624387,7.885518,2.935350,-0.001012
20.625989,20.925132,41.632534,2752.342856,-1.100928,44.643062,7.942505,2.959588,-0.002852
20.640562,20.950353,41.552335,2748.165786,-1.100807,44.653351,8.008577,2.983812,0.002820
20.671503,20.985223,41.470999,2743.951980,-1.107937,44.667744,8.073143,3.008223,0.009279
20.705237,21.014260,41.389188,2739.697819,-1.106153,44.685713,8.143326,3.035917,0.001080
20.731258,21.035007,41.314750,2735.414246,-1.103628,44.693139,8.212024,3.062346,-0.006254
20.751709,21.064700,41.224773,2731.091090,-1.112212,44.708592,8.279133,3.078289,-0.004372
20.777956,21.086736,41.149069,2726.734041,-1.116887,44.730395,8.348535,3.105368,-0.002104
20.809011,21.125376,41.069748,2722.318634,-1.103176,44.729498,8.411856,3.136562,-0.008819
20.826608,21.146228,40.988290,2717.901319,-1.103879,44.754545,8.480849,3.148278,-0.010412
20.844476,21.174014,40.914764,2713.423712,-1.092409,44.764882,8.542796,3.195369,-0.008092
20.876973,21.207530,40.834091,2708.912286,-1.088811,44.779382,8.608929,3.207388,-0.004055
20.898607,21.231059,40.757149,2704.352399,-1.073811,44.804580,8.672674,3.234449,0.001843
20.925883,21.250331,40.686210,2699.778784,-1.070249,44.814284,8.735700,3.246854,-0.007716
20.962122,21.288437,40.611710,2695.132887,-1.044691,44.820578,8.782560,3.276867,0.002843
20.982134,21.305360,40.533080,2690.478475,-1.036236,44.842930,8.849852,3.304597,0.011857
21.004888,21.333197,40.468400,2685.766242,-1.016894,44.860855,8.923051,3.310984,-0.002430
21.032457,21.368228,40.396073,2681.021270,-0.989056,44.872838,8.968799,3.347303,0.005139
21.056712,21.396831,40.322459,2676.251914,-0.972298,44.890277,9.015731,3.363556,-0.000370
21.087259,21.421963,40.250827,2671.429799,-0.949414,44.903415,9.087089,3.382829,-0.001708
21.113367,21.441964,40.190993,2666.577370,-0.926717,44.915698,9.130598,3.405527,0.012750
21.137470,21.477302,40.130726,2661.701179,-0.898878,44.930527,9.185696,3.422140,0.001391
21.159801,21.497544,40.065180,2656.785935,-0.863792,44.950471,9.225019,3.430255,-0.000794
21.177338,21.528158,40.008948,2651.838982,-0.845880,44.956778,9.278251,3.454508,-0.003021
21.205682,21.550486,39.946314,2646.850335,-0.807935,44.971871,9.305007,3.474106,-0.001745
21.246713,21.572963,39.895651,2641.847663,-0.782600,44.989839,9.340598,3.485675,-0.005870
21.264641,21.612811,39.837094,2636.810726,-0.746468,45.004497,9.372696,3.491382,-0.004166
21.286475,21.630991,39.788815,2631.738557,-0.706671,45.019999,9.414782,3.498786,-0.013341
21.310994,21.656390,39.753470,2626.656471,-0.681689,45.025414,9.427596,3.510791,0.002516
21.327514,21.700606,39.683638,2621.539777,-0.641626,45.049278,9.445089,3.524780,-0.001575
21.364669,21.719653,39.659623,2616.403816,-0.600410,45.052198,9.484676,3.530480,-0.004894
21.380399,21.730416,39.615712,2611.254404,-0.573791,45.066861,9.486889,3.544704,-0.001522
21.411271,21.780259,39.574213,2606.098270,-0.536509,45.084172,9.503080,3.529088,-0.005859
21.430982,21.803258,39.545377,2600.902968,-0.490837,45.103344,9.511207,3.549700,-0.000584
21.458772,21.821010,39.519954,2595.714195,-0.464216,45.108666,9.526112,3.545828,-0.001523
21.487343,21.849503,39.482542,2590.505891,-0.422466,45.134116,9.529459,3.557222,0.000422
21.502281,21.876792,39.458634,2585.266356,-0.387754,45.150956,9.520074,3.540707,-0.007708
21.538924,21.900914,39.421142,2580.044500,-0.344405,45.150959,9.510788,3.544210,0.000717
21.563807,21.928663,39.414700,2574.822290,-0.306786,45.177409,9.502015,3.540559,-0.002965
21.587036,21.959127,39.375896,2569.589176,-0.278175,45.182951,9.488907,3.547126,-0.003385
21.619561,21.983919,39.366132,2564.350199,-0.237417,45.199156,9.482783,3.535411,0.008581
21.628341,22.017026,39.358662,2559.112488,-0.210269,45.213405,9.457287,3.532128,0.006407
21.654439,22.037743,39.334835,2553.880270,-0.170957,45.223067,9.436389,3.508749,0.000735
21.678352,22.062622,39.332580,2548.647695,-0.136105,45.248832,9.413742,3.500228,0.005338
21.708288,22.094776,39.323301,2543.437412,-0.115651,45.261943,9.394866,3.493756,-0.009752
21.730936,22.116376,39.313919,2538.215452,-0.070818,45.269191,9.357538,3.488973,-0.005534
21.750323,22.138663,39.314874,2533.022811,-0.047231,45.283083,9.316279,3.466270,0.002407
21.776273,22.167094,39.312177,2527.826655,-0.013419,45.295863,9.290502,3.455658,-0.008551
21.794953,22.190432,39.312244,2522.638827,0.016355,45.310406,9.249710,3.442745,0.004577
21.825869,22.218762,39.316070,2517.485339,0.029303,45.329353,9.211970,3.428020,0.002462
21.846718,22.235890,39.316910,2512.341993,0.065238,45.345662,9.168783,3.413627,-0.000867
21.872895,22.266371,39.320949,2507.210493,0.085354,45.353108,9.144073,3.406557,-0.002101
21.895800,22.289141,39.325883,2502.096149,0.108083,45.377028,9.090841,3.384369,-0.003864
21.911822,22.313978,39.323264,2497.008897,0.122333,45.378252,9.034741,3.358844,0.002843
21.934356,22.347965,39.332873,2491.935465,0.151073,45.399607,8.990467,3.337155,-0.001768
21.968878,22.373185,39.355292,2486.899334,0.163536,45.409461,8.936465,3.327777,-0.009056
21.988138,22.391589,39.359213,2481.883096,0.169600,45.438166,8.887280,3.306356,0.000526
22.017740,22.421166,39.367741,2476.869545,0.180621,45.438100,8.840056,3.286838,-0.000474
22.039497,22.438637,39.380992,2471.904205,0.191535,45.465017,8.790054,3.270631,0.003215
22.046776,22.473383,39.402754,2466.952293,0.203139,45.474820,8.736401,3.251456,0.003881
22.074286,22.488718,39.421542,2462.037776,0.220336,45.496514,8.686735,3.241710,0.000880
22.106415,22.523091,39.433435,2457.152898,0.227082,45.495031,8.629465,3.208903,-0.000525
22.132805,22.550976,39.442852,2452.281033,0.221658,45.522793,8.579791,3.189888,0.003452
22.141184,22.573774,39.456026,2447.435568,0.220425,45.521278,8.533812,3.177188,0.000902
22.168129,22.600249,39.480217,2442.638563,0.211515,45.546466,8.471469,3.149155,0.003537
22.201652,22.622152,39.477657,2437.860784,0.213330,45.558256,8.419583,3.137037,-0.008316
22.209220,22.646847,39.495631,2433.108050,0.211768,45.578857,8.377147,3.120478,-0.010616
22.241307,22.671515,39.516373,2428.386818,0.193897,45.579237,8.335987,3.105838,0.003260
22.259935,22.701230,39.526902,2423.685636,0.207796,45.604680,8.291774,3.086128,-0.007112
22.284212,22.729317,39.534880,2419.019915,0.173670,45.607789,8.239994,3.068707,0.004159
22.306173,22.752397,39.552656,2414.389943,0.177901,45.635112,8.197792,3.046781,0.003188
22.332562,22.776272,39.561779,2409.782806,0.158623,45.647294,8.150327,3.038687,0.006777
22.356060,22.800679,39.557686,2405.194720,0.154510,45.659900,8.099551,3.016538,0.000783
22.374709,22.823294,39.567330,2400.639891,0.132947,45.665127,8.062048,2.999578,-0.003114
22.402810,22.854403,39.591845,2396.113152,0.112492,45.689822,8.022862,2.986664,0.001689
22.420414,22.865055,39.576476,2391.610421,0.089068,45.706976,8.000728,2.974486,-0.005170
22.448895,22.898958,39.596148,2387.142976,0.064030,45.705490,7.963948,2.968302,0.002186
22.472311,22.927216,39.602062,2382.685017,0.033179,45.729932,7.916675,2.947437,-0.004129
22.481898,22.951661,39.597492,2378.274064,0.023736,45.742997,7.892939,2.934450,0.005082
22.513617,22.977620,39.594716,2373.848132,-0.004159,45.758385,7.873643,2.925917,0.001752
22.527789,22.989089,39.602718,2369.487626,-0.041027,45.766061,7.837440,2.921190,0.003555
22.554033,23.024729,39.600783,2365.122502,-0.063591,45.781668,7.807341,2.907425,-0.002791
22.576749,23.053324,39.579570,2360.779510,-0.089186,45.794468,7.786785,2.900988,-0.004051
22.599973,23.066380,39.588010,2356.468533,-0.119184,45.810575,7.760856,2.888851,-0.001572
22.612638,23.098179,39.583511,2352.175742,-0.152787,45.825620,7.745254,2.878551,0.001837
22.639842,23.116649,39.567183,2347.897024,-0.190051,45.842681,7.732650,2.881277,-0.000757
22.670424,23.145023,39.548432,2343.634158,-0.222420,45.861762,7.709058,2.873599,-0.000078
22.685812,23.167392,39.540923,2339.385581,-0.252238,45.871924,7.702210,2.881327,-0.000547
22.699673,23.197596,39.514150,2335.144925,-0.284975,45.891250,7.686883,2.864697,0.004864
22.730704,23.228601,39.505563,2330.939026,-0.317605,45.892226,7.681358,2.868619,-0.003523
22.752601,23.249962,39.484783,2326.729045,-0.353771,45.906777,7.679943,2.853603,-0.005777
22.767134,23.267736,39.457130,2322.538647,-0.384871,45.930272,7.670272,2.865006,-0.004505
22.795113,23.299075,39.432579,2318.353286,-0.426085,45.945500,7.675370,2.856926,0.001210
22.815222,23.318544,39.415093,2314.180689,-0.455591,45.947514,7.671148,2.860599,0.000733
22.836460,23.346709,39.378311,2310.002715,-0.495984,45.971498,7.679108,2.858061,-0.005051
22.858932,23.364982,39.357586,2305.848481,-0.524039,45.983234,7.680220,2.856730,-0.000761
22.873397,23.384220,39.315635,2301.696067,-0.574297,45.997048,7.690179,2.860621,0.003119
22.899644,23.407976,39.284405,2297.543275,-0.597914,46.004380,7.702319,2.872217,-0.001871
22.923679,23.434421,39.241853,2293.388188,-0.656137,46.025877,7.725131,2.876270,-0.008186
22.943720,23.462039,39.202653,2289.244257,-0.674945,46.044951,7.720903,2.874233,0.001680
22.980831,23.480134,39.150964,2285.104073,-0.712321,46.058024,7.745263,2.882734,-0.003520
22.986765,23.515963,39.122502,2280.955419,-0.745019,46.063614,7.759734,2.895909,0.001614
23.005935,23.531603,39.070739,2276.795287,-0.774372,46.082520,7.789374,2.901500,0.000523
23.030264,23.550131,39.031558,2272.642461,-0.815009,46.097302,7.803129,2.902531,0.007759
23.065264,23.587337,38.974285,2268.478767,-0.829829,46.114154,7.828957,2.925101,-0.005481
23.080691,23.611347,38.926708,2264.316451,-0.870067,46.121428,7.870114,2.923118,-0.011750
23.092136,23.629690,38.873838,2260.141414,-0.904962,46.145578,7.893353,2.932542,-0.000218
23.112290,23.644582,38.821372,2255.950870,-0.930778,46.157677,7.919565,2.955405,0.000064
23.126861,23.673360,38.770268,2251.757978,-0.968472,46.168231,7.963595,2.958046,-0.001548
23.149800,23.711048,38.704211,2247.556561,-0.987044,46.177911,7.992333,2.969603,-0.002197
23.173779,23.715150,38.652038,2243.332052,-1.015184,46.205304,8.021825,2.990285,-0.002748
23.196785,23.742303,38.581847,2239.095194,-1.040951,46.203834,8.072447,2.999101,0.010295
23.210819,23.765065,38.521874,2234.853186,-1.069620,46.235653,8.103253,3.015191,-0.001999
23.237784,23.799874,38.461574,2230.580163,-1.090704,46.245829,8.153291,3.030818,0.001129
23.252006,23.819578,38.398647,2226.302884,-1.109092,46.261240,8.187643,3.050317,-0.003156
23.281277,23.838708,38.337884,2221.995711,-1.131134,46.264842,8.225200,3.065749,0.006630
23.302312,23.867785,38.260524,2217.675735,-1.154668,46.292981,8.277527,3.083992,0.006012
23.315409,23.886823,38.195204,2213.326500,-1.161691,46.294627,8.318935,3.101773,0.002031
23.341302,23.901477,38.130138,2208.961237,-1.179583,46.315183,8.378276,3.113967,-0.001751
23.360160,23.930472,38.064209,2204.572599,-1.189415,46.327754,8.412739,3.137949,0.000944
23.375836,23.954421,38.000645,2200.167372,-1.211415,46.339961,8.461219,3.165879,0.006105
23.396190,23.981877,37.919018,2195.730630,-1.207880,46.356322,8.509888,3.164100,0.000098
23.419824,24.000199,37.857563,2191.266167,-1.214043,46.375168,8.556462,3.190356,0.001188
23.442992,24.033375,37.789420,2186.778065,-1.228830,46.388107,8.606593,3.203555,0.002473
23.464150,24.043398,37.721775,2182.263128,-1.229520,46.401686,8.656730,3.231520,-0.000715
23.494020,24.071116,37.640046,2177.725686,-1.229827,46.413606,8.711957,3.243091,0.002225
23.503415,24.096924,37.572518,2173.155386,-1.232257,46.432648,8.756169,3.260964,-0.002155
23.525753,24.119514,37.500259,2168.564895,-1.235861,46.449511,8.822049,3.273942,0.002259
23.539560,24.150399,37.429419,2163.944359,-1.236735,46.456984,8.852378,3.297249,-0.004927
23.554735,24.170324,37.362358,2159.280261,-1.228519,46.468321,8.908993,3.315585,0.004462
23.583214,24.187517,37.292764,2154.619066,-1.214667,46.492472,8.950740,3.338670,0.000215
23.595449,24.212171,37.232856,2149.906246,-1.208397,46.503120,9.001931,3.348217,-0.000755
23.617198,24.234111,37.158355,2145.160779,-1.193157,46.517739,9.042538,3.374253,0.002965
23.645003,24.250892,37.095889,2140.407071,-1.192326,46.527141,9.098403,3.385973,0.001657
23.665023,24.279077,37.020781,2135.602552,-1.170217,46.541069,9.138274,3.408806,-0.003999
23.689708,24.302033,36.969009,2130.788577,-1.163917,46.557362,9.192788,3.423451,0.008297
23.703692,24.326693,36.890698,2125.944190,-1.138779,46.571243,9.225483,3.436679,0.005770
23.712902,24.338889,36.840627,2121.060197,-1.129726,46.586060,9.265886,3.467894,-0.001971
23.742493,24.365731,36.782537,2116.152052,-1.100331,46.593026,9.305807,3.468742,0.004111
23.757641,24.392761,36.708974,2111.223183,-1.081257,46.614197,9.332598,3.480858,-0.011422
23.779065,24.404955,36.645990,2106.280205,-1.065195,46.628465,9.370730,3.491491,0.004966
23.798807,24.440032,36.589879,2101.301598,-1.046996,46.641063,9.400321,3.496634,-0.002289
23.815500,24.462326,36.536336,2096.289629,-1.013930,46.654876,9.435438,3.514679,0.005835
23.836937,24.470827,36.479081,2091.271267,-0.987326,46.679294,9.454343,3.520489,-0.002047
23.849234,24.507256,36.430162,2086.234245,-0.961781,46.679884,9.499118,3.536631,0.008692
23.872757,24.526014,36.377195,2081.164753,-0.938274,46.700687,9.508670,3.539355,-0.005863
23.882443,24.551705,36.335056,2076.081713,-0.903822,46.719890,9.532283,3.548280,-0.001989
23.909446,24.577560,36.275583,2070.976757,-0.880188,46.724625,9.550522,3.564639,-0.004239
23.932744,24.591463,36.237253,2065.871278,-0.845649,46.740139,9.562281,3.566631,0.001262
23.950894,24.605870,36.188900,2060.720893,-0.819550,46.763191,9.575772,3.563710,-0.000330
23.979061,24.635695,36.144434,2055.576436,-0.788918,46.768224,9.578923,3.568362,0.007641
23.986407,24.657994,36.100442,2050.410829,-0.765485,46.797111,9.595947,3.567683,-0.006069
24.005204,24.682582,36.063585,2045.244374,-0.708478,46.801975,9.590433,3.579638,0.000604
24.033262,24.697573,36.026516,2040.053179,-0.701050,46.815560,9.599612,3.580193,0.002132
24.035469,24.719544,35.989615,2034.870690,-0.673112,46.820658,9.601152,3.575646,-0.002447
24.073008,24.754348,35.958446,2029.669535,-0.628413,46.841449,9.600602,3.565912,0.012418
24.076598,24.775131,35.919449,2024.463080,-0.606105,46.847567,9.597031,3.570426,0.002324
24.101320,24.786296,35.882918,2019.242740,-0.569715,46.874635,9.576966,3.572332,0.005576
24.118055,24.814633,35.863503,2014.032005,-0.545577,46.887693,9.573978,3.562292,-0.001714
24.145175,24.833198,35.826387,2008.823827,-0.511147,46.897700,9.555396,3.577707,0.008420
24.156947,24.855723,35.802321,2003.603722,-0.482583,46.910586,9.541831,3.559131,-0.000165
24.183879,24.881113,35.785773,1998.387681,-0.463250,46.930327,9.535783,3.551345,-0.005956
24.186785,24.901613,35.760357,1993.194282,-0.430006,46.944643,9.516950,3.544703,0.006958
24.214696,24.913116,35.734930,1987.983864,-0.399779,46.951742,9.490763,3.544476,0.002824
24.233126,24.944111,35.711774,1982.782087,-0.381327,46.971773,9.468364,3.522977,-0.005367
24.256326,24.951569,35.697061,1977.589243,-0.358145,46.979946,9.450965,3.527344,0.003490
24.266782,24.991587,35.673624,1972.409195,-0.326002,46.999693,9.421538,3.510140,-0.012672
24.285413,25.008925,35.657626,1967.228701,-0.305318,47.010855,9.387961,3.499505,-0.003109
24.298487,25.029097,35.648413,1962.066588,-0.279393,47.028763,9.361739,3.490207,0.002426
24.328492,25.047012,35.632229,1956.917568,-0.268657,47.038325,9.327909,3.476870,-0.003595
24.336987,25.059531,35.623710,1951.772688,-0.260720,47.044785,9.304948,3.475455,0.008198
24.353918,25.088511,35.610598,1946.647579,-0.245169,47.063362,9.267182,3.451400,-0.005915
24.366996,25.106162,35.594121,1941.540054,-0.227191,47.082491,9.240729,3.442602,0.000229
24.393701,25.142146,35.583017,1936.435964,-0.212315,47.089837,9.202412,3.429122,0.005994
24.412410,25.152172,35.568989,1931.363641,-0.200624,47.106421,9.168913,3.413366,0.004850
24.433885,25.170930,35.561892,1926.305051,-0.183533,47.117205,9.130904,3.396907,0.002366
24.443927,25.184312,35.554706,1921.245327,-0.173759,47.131687,9.097977,3.386027,-0.001088
24.461938,25.215170,35.544973,1916.223347,-0.168164,47.157227,9.062791,3.374191,-0.005538
24.476633,25.233134,35.534750,1911.221248,-0.167281,47.147230,9.018368,3.373685,-0.001944
24.499992,25.247868,35.527938,1906.230119,-0.167465,47.181346,8.989003,3.349038,-0.003640
24.512992,25.277178,35.528211,1901.260908,-0.171341,47.195049,8.950446,3.320290,0.001651
24.531943,25.298089,35.505270,1896.321331,-0.181707,47.193644,8.906033,3.314680,0.006078
24.553605,25.307835,35.511586,1891.381402,-0.177085,47.223463,8.878310,3.305483,0.001426
24.571075,25.334418,35.500381,1886.483147,-0.188706,47.223800,8.843703,3.295529,-0.001117
24.572468,25.356352,35.500280,1881.592877,-0.183430,47.255847,8.803495,3.280860,0.008115
24.593512,25.370960,35.475362,1876.727190,-0.195217,47.255796,8.772564,3.267345,-0.005998
24.620173,25.400290,35.466847,1871.880412,-0.206333,47.274659,8.743040,3.257243,-0.004457
24.631623,25.424500,35.451359,1867.060517,-0.214805,47.283380,8.710939,3.247157,0.004554
24.648288,25.434136,35.446519,1862.257213,-0.230738,47.302174,8.680492,3.236509,0.007692
24.670429,25.457484,35.443357,1857.482469,-0.241719,47.311169,8.646169,3.227478,-0.005439
24.692284,25.479822,35.423279,1852.720925,-0.257143,47.332181,8.628673,3.216581,-0.001568
24.701795,25.486377,35.415637,1847.979254,-0.286045,47.337052,8.599676,3.201038,0.001914
24.720032,25.517638,35.395939,1843.256867,-0.300947,47.351554,8.566285,3.192932,0.008156
24.735437,25.541255,35.378811,1838.554181,-0.326243,47.367373,8.537250,3.173835,0.003465
24.754148,25.562086,35.363076,1833.887544,-0.345305,47.380109,8.513821,3.176476,-0.001893
24.772156,25.574128,35.353142,1829.212873,-0.370047,47.387887,8.492504,3.164619,0.011794
24.786063,25.592217,35.321677,1824.570135,-0.396089,47.413773,8.464264,3.156188,0.000096
24.803047,25.625052,35.298472,1819.946207,-0.427584,47.419578,8.452514,3.147808,-0.001120
24.825648,25.636414,35.292543,1815.341105,-0.441392,47.434458,8.430646,3.142058,-0.006418
24.839112,25.656152,35.263001,1810.747471,-0.472494,47.443881,8.413558,3.137657,0.000658
24.849602,25.681964,35.236184,1806.177550,-0.504200,47.458964,8.400663,3.136496,-0.001537
24.868140,25.697226,35.223374,1801.624512,-0.532408,47.468077,8.386727,3.128266,0.002080
24.890790,25.713835,35.198784,1797.070866,-0.562658,47.495902,8.381284,3.120613,-0.004708
24.900111,25.739038,35.166099,1792.537194,-0.597654,47.501135,8.362752,3.112315,-0.003051
24.921966,25.760040,35.135761,1788.027784,-0.636784,47.512550,8.357344,3.109863,0.008567
24.925583,25.776443,35.099178,1783.531530,-0.665406,47.530812,8.342718,3.102999,-0.003838
24.943897,25.793184,35.073668,1779.042727,-0.691983,47.549729,8.342524,3.101257,0.001619
24.952802,25.800995,35.041972,1774.556779,-0.727454,47.555045,8.337666,3.104424,0.002956
24.978540,25.837183,35.003325,1770.084565,-0.775287,47.573008,8.332491,3.106179,-0.008042
25.002908,25.851356,34.967329,1765.622329,-0.796662,47.582875,8.339895,3.108855,0.004500
25.012361,25.866183,34.936356,1761.165428,-0.835962,47.597930,8.341189,3.111563,-0.003670
25.021808,25.893991,34.888113,1756.721764,-0.869348,47.607667,8.349653,3.107262,0.001161
25.049468,25.907774,34.855588,1752.288766,-0.899150,47.624433,8.353628,3.098950,-0.002179
25.066337,25.926064,34.809180,1747.850572,-0.939655,47.647024,8.359615,3.118255,-0.010234
25.074269,25.946554,34.768446,1743.420626,-0.975314,47.645480,8.365761,3.122701,-0.003935
25.091654,25.963340,34.728972,1738.992381,-1.009109,47.667321,8.373824,3.120012,-0.004852
25.092817,25.990365,34.681608,1734.567831,-1.043247,47.685550,8.386307,3.130438,-0.002333
25.115151,25.995516,34.628697,1730.143107,-1.079713,47.693839,8.404159,3.128785,-0.002939
25.140724,26.023646,34.579186,1725.713921,-1.109033,47.712543,8.426403,3.142360,-0.000065
25.153124,26.047183,34.531832,1721.285238,-1.133799,47.719074,8.436739,3.141829,0.002761
25.174501,26.064153,34.470611,1716.865958,-1.178590,47.732139,8.451883,3.151457,-0.001118
25.184739,26.082935,34.428842,1712.438494,-1.206026,47.746396,8.470176,3.160040,0.001985
25.202431,26.096554,34.367514,1708.003138,-1.232562,47.760101,8.498794,3.150748,0.002176
25.216778,26.114678,34.307426,1703.574438,-1.271357,47.777389,8.509425,3.174433,0.003197
25.229681,26.131910,34.259720,1699.135418,-1.289997,47.789600,8.549472,3.186041,-0.006813
25.253929,26.152887,34.195587,1694.677818,-1.322797,47.805654,8.566238,3.189840,0.001910
25.258206,26.165190,34.140319,1690.218400,-1.344140,47.814587,8.600531,3.200436,-0.004045
25.288926,26.199360,34.076774,1685.759895,-1.374460,47.834102,8.616219,3.205145,-0.000527
25.290517,26.207640,34.014461,1681.283675,-1.391907,47.842584,8.655668,3.220502,0.001389
25.309553,26.232219,33.955166,1676.800708,-1.411282,47.848340,8.677386,3.221322,0.007370
25.323194,26.249295,33.890368,1672.313891,-1.439763,47.862346,8.709199,3.253665,0.002686
25.336660,26.271907,33.829942,1667.801074,-1.458610,47.872391,8.744662,3.257705,-0.007224
25.350853,26.286949,33.764528,1663.283636,-1.479070,47.900752,8.765110,3.267504,0.000660
25.366052,26.305853,33.698095,1658.751626,-1.489108,47.918896,8.797885,3.281302,0.001660
25.390934,26.326786,33.641436,1654.217701,-1.518101,47.923583,8.827857,3.290689,-0.006603
25.403179,26.333685,33.572642,1649.643528,-1.521635,47.923510,8.871998,3.305551,0.004885
25.414697,26.359152,33.500940,1645.068899,-1.544682,47.941079,8.891722,3.314359,-0.005312
25.423784,26.386076,33.440953,1640.478554,-1.544323,47.958840,8.937049,3.333821,-0.003872
25.443330,26.384683,33.380838,1635.881740,-1.563438,47.977538,8.962017,3.337801,0.002038
25.451255,26.413232,33.298766,1631.251565,-1.573670,47.986931,8.999759,3.348259,0.004320
25.476161,26.435864,33.236866,1626.614822,-1.579319,48.005715,9.034883,3.369780,0.002746
25.484741,26.451023,33.178564,1621.955276,-1.573993,48.012943,9.070814,3.376657,0.001353
25.508096,26.460670,33.102289,1617.290220,-1.589054,48.026988,9.095198,3.402857,0.012008
25.519276,26.489122,33.032802,1612.596789,-1.570295,48.037293,9.131593,3.408921,-0.004673
25.529877,26.509182,32.964303,1607.882060,-1.581425,48.056317,9.168415,3.407928,-0.002297
25.539905,26.527687,32.900011,1603.153627,-1.577937,48.070055,9.207704,3.420544,0.002486
25.553277,26.538171,32.842180,1598.403221,-1.581107,48.081805,9.230951,3.440935,-0.001521
25.576374,26.553217,32.771640,1593.642670,-1.577883,48.101378,9.267584,3.445501,-0.012128
25.588166,26.573281,32.700512,1588.862828,-1.563023,48.111321,9.291472,3.456859,0.015502
25.605550,26.587562,32.630323,1584.063459,-1.557439,48.118636,9.319524,3.473658,-0.004655
25.615621,26.610122,32.567108,1579.244238,-1.545480,48.141686,9.355974,3.485748,-0.002637
25.625352,26.625761,32.514663,1574.404496,-1.543079,48.155430,9.369169,3.498026,0.004563
25.636097,26.639899,32.453834,1569.542260,-1.525684,48.148056,9.401574,3.498395,0.000079
25.652950,26.667182,32.394486,1564.679852,-1.516845,48.173705,9.419566,3.507030,-0.002046
25.669172,26.670416,32.311609,1559.792221,-1.503786,48.186857,9.446046,3.524484,0.008359
25.685511,26.684405,32.257532,1554.882872,-1.481801,48.202048,9.466633,3.532084,-0.003500
25.698858,26.713947,32.203508,1549.979308,-1.471215,48.212417,9.489304,3.531347,-0.003579
25.706443,26.734721,32.146131,1545.032589,-1.458192,48.232626,9.509741,3.537581,-0.003658
25.727448,26.750298,32.082711,1540.094747,-1.438108,48.241761,9.525431,3.549927,-0.001917
25.741537,26.768944,32.029581,1535.113835,-1.425170,48.256165,9.544444,3.550641,-0.004073
25.752783,26.779751,31.964305,1530.155100,-1.393318,48.265172,9.547215,3.570650,0.001137
25.767512,26.803678,31.910857,1525.161201,-1.379134,48.278927,9.570090,3.571500,0.001684
25.781431,26.810420,31.851481,1520.154506,-1.362207,48.289094,9.583168,3.573488,0.002442
25.795098,26.829076,31.806271,1515.155215,-1.338562,48.303273,9.580237,3.567057,0.001583
25.813269,26.845216,31.756374,1510.135488,-1.326406,48.321129,9.589251,3.565531,0.000879
25.823007,26.871857,31.705945,1505.103249,-1.301728,48.327769,9.608082,3.585693,-0.005159
25.832855,26.884798,31.653875,1500.071399,-1.278637,48.343532,9.597329,3.579703,-0.002448
25.846234,26.894656,31.590755,1495.034763,-1.252712,48.352550,9.615185,3.578629,-0.000040
25.851400,26.914603,31.546220,1489.978678,-1.236407,48.369919,9.601136,3.578841,0.009058
25.871626,26.937034,31.509108,1484.909817,-1.205591,48.381000,9.606666,3.581212,-0.005804
25.892664,26.949028,31.463300,1479.860696,-1.188876,48.386034,9.605227,3.575835,0.005612
25.897017,26.971615,31.412128,1474.794223,-1.169815,48.408461,9.601001,3.578159,-0.005625
25.919020,26.973222,31.367844,1469.727053,-1.145659,48.427515,9.588077,3.573441,-0.002543
25.933721,26.994402,31.329059,1464.650427,-1.129223,48.429562,9.579791,3.576583,-0.003038
25.944763,27.019413,31.281104,1459.580774,-1.106671,48.443358,9.575047,3.564604,0.003870
25.950390,27.030548,31.242298,1454.513361,-1.085495,48.463190,9.568331,3.564128,0.007375
25.970219,27.044287,31.200479,1449.446137,-1.067785,48.476312,9.551174,3.556571,-0.003724
25.972572,27.064066,31.154706,1444.386773,-1.056050,48.476755,9.546696,3.561252,0.001021
25.990823,27.068373,31.116045,1439.324373,-1.034285,48.490956,9.527054,3.556322,-0.001030
26.016995,27.099825,31.085549,1434.257115,-1.012912,48.510962,9.512778,3.541601,0.006046
26.020065,27.111551,31.046977,1429.208175,-1.013772,48.532792,9.491368,3.539006,0.001189
26.033403,27.125316,30.995079,1424.160316,-0.988491,48.536735,9.477332,3.533569,-0.002348
26.047362,27.126325,30.968236,1419.118612,-0.976253,48.534801,9.460538,3.530844,-0.010650
26.047421,27.159536,30.936899,1414.095730,-0.978190,48.561588,9.439630,3.522066,0.007044
26.063411,27.178346,30.899117,1409.072591,-0.964331,48.581440,9.420963,3.506958,-0.003421
26.082065,27.195109,30.857939,1404.054350,-0.950468,48.576488,9.401047,3.498198,-0.006177
26.095517,27.206236,30.831104,1399.049278,-0.939800,48.602886,9.379689,3.494075,-0.003259
26.099856,27.219379,30.795107,1394.045254,-0.943561,48.611428,9.356785,3.478507,0.003249
26.118440,27.236925,30.754450,1389.079520,-0.933577,48.618511,9.338986,3.477879,0.010353
26.126112,27.245665,30.728150,1384.098293,-0.934193,48.637835,9.313199,3.463495,-0.003870
26.151784,27.259804,30.693523,1379.132842,-0.933306,48.645628,9.291175,3.455973,0.011225
26.159238,27.288675,30.662853,1374.195621,-0.934378,48.660052,9.265126,3.457270,0.003484
26.162357,27.302174,30.620850,1369.253502,-0.942632,48.660354,9.249062,3.445713,-0.004470
26.173237,27.307803,30.585649,1364.338891,-0.933894,48.679554,9.224416,3.442233,-0.000621
26.185800,27.321359,30.557694,1359.432054,-0.942971,48.700701,9.205306,3.422725,-0.002391
26.192354,27.354047,30.524401,1354.537477,-0.955324,48.713568,9.180599,3.421701,-0.001466
26.212851,27.366801,30.486175,1349.661231,-0.961400,48.719512,9.145510,3.411403,-0.005032
26.228994,27.386345,30.466132,1344.787523,-0.971944,48.731652,9.118122,3.406235,0.004625
26.243853,27.394012,30.416026,1339.941776,-0.984306,48.741303,9.112972,3.395250,0.005935
26.251081,27.407318,30.377635,1335.112582,-1.002701,48.753805,9.084584,3.388729,0.001191
26.250185,27.423282,30.344832,1330.294340,-1.010617,48.764886,9.067967,3.377147,0.006256
26.267230,27.433324,30.307224,1325.499073,-1.028706,48.790107,9.043672,3.368387,-0.004728
26.284997,27.442453,30.279425,1320.700579,-1.044197,48.792019,9.023981,3.366167,0.002076
26.305354,27.460478,30.243819,1315.941460,-1.071392,48.814104,9.013405,3.366303,-0.002507
26.309626,27.475553,30.209226,1311.195851,-1.087389,48.816488,8.991107,3.358784,-0.005026
26.318151,27.492793,30.164665,1306.452180,-1.108665,48.829757,8.966099,3.341124,0.000840
26.337606,27.498909,30.116911,1301.728529,-1.130244,48.851383,8.950632,3.336380,0.007201
26.339814,27.522789,30.078611,1297.012811,-1.166071,48.862958,8.945697,3.334586,-0.005856
26.355701,27.536688,30.046813,1292.312996,-1.188042,48.864441,8.924070,3.326006,-0.002496
26.371005,27.556597,30.005901,1287.642774,-1.225640,48.879563,8.920909,3.317078,0.002016
26.369520,27.570634,29.963846,1282.975653,-1.246858,48.899735,8.907948,3.314913,-0.004249
26.380317,27.577548,29.923259,1278.330037,-1.273570,48.906239,8.894098,3.308378,0.001084
26.406012,27.598456,29.884133,1273.694584,-1.315773,48.921645,8.879244,3.309097,0.002169
26.400594,27.614038,29.834538,1269.075399,-1.330238,48.924336,8.862475,3.300048,-0.001090
26.428891,27.633527,29.799318,1264.463955,-1.364094,48.944052,8.859310,3.298224,-0.007725
26.435902,27.632085,29.743208,1259.865069,-1.407902,48.958254,8.859835,3.301211,0.008303
26.440582,27.648278,29.705617,1255.292899,-1.441994,48.958740,8.849025,3.298242,-0.004206
26.452950,27.668851,29.655045,1250.717449,-1.481317,48.986481,8.844371,3.294301,0.005602
26.461488,27.686224,29.606283,1246.154243,-1.503179,48.991415,8.840385,3.287816,-0.000307
26.478632,27.688683,29.562392,1241.609614,-1.547281,49.001930,8.839471,3.299994,-0.003522
26.485066,27.707247,29.502379,1237.074501,-1.592266,49.023485,8.832742,3.290896,0.004716
26.504586,27.723588,29.456874,1232.540500,-1.617247,49.034101,8.838465,3.279810,0.006229
26.511176,27.739314,29.404699,1228.026877,-1.661947,49.038063,8.834350,3.276499,-0.004247
26.526742,27.748037,29.342926,1223.512644,-1.701076,49.059740,8.830594,3.292659,-0.012814
26.535723,27.761709,29.285430,1219.015246,-1.741621,49.062304,8.828431,3.300324,-0.005311
26.544691,27.779097,29.238268,1214.521501,-1.775475,49.069350,8.849038,3.293938,-0.003516
26.552772,27.799533,29.179578,1210.039312,-1.803270,49.084907,8.851115,3.301351,-0.002705
26.558344,27.804101,29.119763,1205.549055,-1.850475,49.096625,8.854889,3.305059,0.002032
26.585763,27.817814,29.058314,1201.079221,-1.887737,49.110914,8.857668,3.302324,-0.003407
26.586596,27.832829,29.007788,1196.612161,-1.919707,49.122789,8.874524,3.304129,0.004918
26.596594,27.838172,28.941021,1192.135967,-1.976699,49.137173,8.885358,3.314324,-0.001978
26.611167,27.859306,28.885403,1187.682696,-2.001081,49.144865,8.888067,3.298519,0.008577
26.624611,27.873965,28.820837,1183.216924,-2.035927,49.153746,8.901319,3.320348,0.002233
26.627584,27.879912,28.758691,1178.761652,-2.064682,49.159040,8.917056,3.317267,-0.002523
26.631054,27.908276,28.678445,1174.308676,-2.088696,49.180922,8.926941,3.321512,0.004244
26.641791,27.915782,28.613967,1169.851431,-2.129809,49.192340,8.940333,3.325878,-0.001548
26.663623,27.916704,28.557853,1165.400275,-2.167215,49.207318,8.957908,3.330532,-0.000955
26.657631,27.937242,28.487746,1160.944312,-2.189597,49.216167,8.972454,3.340716,-0.003758
26.683579,27.960579,28.423657,1156.495449,-2.227976,49.230639,8.981321,3.354726,-0.001681
26.688414,27.968177,28.361810,1152.048612,-2.265070,49.239026,9.000047,3.354389,0.005201
26.697093,27.985956,28.286836,1147.575839,-2.282372,49.252707,9.010909,3.364258,0.006120
26.717043,27.990049,28.218949,1143.137690,-2.319341,49.264791,9.035463,3.371340,0.002479
26.717155,28.002289,28.152570,1138.675148,-2.345289,49.267086,9.056296,3.374970,-0.001232
26.730055,28.006854,28.070765,1134.207597,-2.383216,49.291910,9.077541,3.380242,0.010338
26.746023,28.025943,28.010135,1129.729263,-2.394900,49.299335,9.088792,3.387014,-0.008583
26.750859,28.047897,27.936292,1125.262898,-2.426440,49.312395,9.112999,3.391169,0.003111
26.761921,28.053695,27.871258,1120.794765,-2.452774,49.328244,9.130091,3.395431,-0.002595
26.763927,28.072672,27.792957,1116.310616,-2.468411,49.343257,9.148321,3.409436,-0.013457
26.781916,28.081603,27.723018,1111.819552,-2.488237,49.342718,9.161953,3.418311,-0.000756
26.790819,28.099747,27.649455,1107.326877,-2.508039,49.357226,9.192046,3.420945,-0.012846
26.801458,28.111965,27.577375,1102.835113,-2.518899,49.372747,9.207016,3.420419,0.002548
26.808743,28.116796,27.496434,1098.315182,-2.537475,49.382984,9.229972,3.435874,-0.004739
26.811348,28.136171,27.423826,1093.802881,-2.555246,49.394490,9.244701,3.440217,0.005836
26.823703,28.148802,27.350420,1089.296839,-2.574370,49.407826,9.266579,3.448655,0.000711
26.835173,28.155306,27.270145,1084.774197,-2.587896,49.411028,9.284722,3.458375,-0.007965
26.841181,28.169742,27.204160,1080.232660,-2.596328,49.436879,9.305094,3.460312,0.001012
26.855786,28.188156,27.140820,1075.698367,-2.606108,49.436926,9.331886,3.475608,-0.007519
26.858690,28.193903,27.049868,1071.153458,-2.604828,49.459016,9.332239,3.476906,-0.002363
26.871825,28.207410,26.990020,1066.598305,-2.613343,49.466660,9.356524,3.493645,-0.001679
26.881272,28.215051,26.910143,1062.031978,-2.631564,49.475102,9.356954,3.494785,0.004026
26.888061,28.234461,26.848533,1057.460657,-2.628785,49.480775,9.377634,3.496634,-0.000972
26.892145,28.233590,26.762846,1052.887137,-2.638903,49.496654,9.391367,3.500442,-0.004144
26.913536,28.260863,26.698012,1048.308054,-2.649940,49.510228,9.412165,3.496890,-0.005270
26.917239,28.268929,26.630445,1043.726566,-2.652522,49.523542,9.428587,3.513824,-0.008395
26.929337,28.286828,26.560900,1039.128149,-2.650443,49.530779,9.430017,3.512726,0.002441
26.939788,28.298041,26.477129,1034.517398,-2.651173,49.538386,9.454120,3.529773,0.006171
26.954986,28.308133,26.416733,1029.924906,-2.654901,49.552479,9.458934,3.525574,0.000448
26.957820,28.311294,26.340311,1025.308683,-2.646377,49.565621,9.470545,3.527537,0.003276
26.970694,28.325183,26.270388,1020.683825,-2.649359,49.575697,9.479669,3.530627,-0.001250
26.972538,28.336176,26.192295,1016.053346,-2.660387,49.586961,9.483513,3.536051,0.007182
26.987100,28.343645,26.127195,1011.424720,-2.648020,49.597854,9.493709,3.544068,0.001316
26.994489,28.358384,26.056402,1006.809932,-2.644684,49.614037,9.509488,3.535253,-0.003061
26.996354,28.370584,25.990832,1002.159851,-2.634506,49.623121,9.497394,3.536795,-0.006830
27.006276,28.383247,25.922576,997.518870,-2.642609,49.645521,9.505590,3.544169,0.001460
0.050276,0.037554,51.630385,4925.655701,-0.483667,44.993500,6.242143,2.328745,-0.002962
0.090888,0.093666,51.567673,4922.279769,-0.464329,45.001494,6.275415,2.345406,0.007981
0.140686,0.148200,51.500409,4918.870725,-0.456960,45.000816,6.316191,2.351681,0.015346
0.188455,0.182993,51.447753,4915.429399,-0.431551,44.989398,6.363693,2.376498,-0.001704
0.233506,0.230636,51.385941,4911.992327,-0.411834,45.008260,6.404803,2.392404,-0.000623
0.278799,0.273397,51.336560,4908.488068,-0.404963,44.994770,6.445014,2.404792,0.002584
0.323884,0.328295,51.291530,4904.976723,-0.381919,44.998018,6.480259,2.411100,0.008932
0.374916,0.370039,51.239160,4901.430983,-0.358744,45.001525,6.520114,2.423604,-0.004105
0.413965,0.420380,51.199618,4897.885128,-0.352231,45.002112,6.547451,2.436920,0.009523
0.465239,0.464819,51.148402,4894.290320,-0.318235,45.005681,6.571925,2.450305,-0.005213
0.506159,0.508031,51.110894,4890.689095,-0.308136,45.002868,6.607230,2.454180,0.002628
0.554747,0.549741,51.073219,4887.056214,-0.283187,45.006877,6.643482,2.462004,-0.001069
0.600126,0.598910,51.040760,4883.416627,-0.254888,45.005496,6.652985,2.477818,-0.006915
0.649173,0.646208,51.014124,4879.752852,-0.247287,45.005606,6.666120,2.483516,-0.004540
0.693143,0.704580,50.975619,4876.079629,-0.226738,44.995525,6.693723,2.497574,-0.003220
0.734982,0.737358,50.952419,4872.382377,-0.189972,45.011447,6.705856,2.503486,0.000151
0.787622,0.785872,50.922718,4868.685880,-0.170502,45.011871,6.716070,2.502443,-0.001071
0.830906,0.830895,50.910079,4864.966030,-0.155990,45.010142,6.723369,2.509386,-0.004399
0.876038,0.885425,50.891142,4861.237728,-0.122001,45.009472,6.744143,2.514126,-0.000396
0.924386,0.929029,50.874585,4857.486966,-0.112605,45.013440,6.735260,2.513349,0.008342
0.967529,0.962871,50.867292,4853.749100,-0.097759,45.013407,6.742906,2.504406,0.005658
1.016776,1.018986,50.854986,4850.007580,-0.067424,45.013952,6.735456,2.516008,-0.001595
1.065470,1.056141,50.845124,4846.250686,-0.042655,45.009342,6.748298,2.510746,0.008553
1.112503,1.100889,50.842348,4842.494444,-0.029932,45.016119,6.719221,2.509573,0.003198
1.150784,1.150195,50.842981,4838.740709,-0.008207,45.011811,6.724239,2.511997,0.000055
1.200783,1.211560,50.839714,4834.986903,0.020558,45.008755,6.714107,2.495259,-0.001995
1.248832,1.246274,50.841202,4831.232021,0.047733,45.019947,6.696860,2.494045,0.002109
1.288307,1.294862,50.853826,4827.495372,0.061723,45.019112,6.684802,2.488880,-0.002201
1.331905,1.339988,50.857051,4823.729542,0.078928,45.017798,6.663956,2.481959,-0.003598
1.388625,1.381285,50.876059,4819.995034,0.105946,45.025659,6.640348,2.473163,-0.002990
1.441810,1.427479,50.888068,4816.255283,0.126673,45.024787,6.619405,2.465678,-0.010604
1.479306,1.482130,50.905802,4812.541515,0.139440,45.034410,6.588776,2.443559,0.004894
1.530391,1.521025,50.920765,4808.836480,0.160858,45.030700,6.571706,2.450542,-0.006322
1.570024,1.564060,50.937019,4805.126353,0.180568,45.026585,6.537170,2.442930,-0.002887
1.612988,1.611033,50.957705,4801.439544,0.183938,45.023786,6.503949,2.425497,-0.000320
1.645851,1.657835,50.995901,4797.768036,0.211928,45.031086,6.469402,2.406801,-0.004951
1.703230,1.704923,51.011904,4794.106873,0.223225,45.034088,6.439574,2.399671,-0.001174
1.745778,1.752775,51.044395,4790.452757,0.234248,45.041478,6.401309,2.395383,-0.005495
1.792251,1.792107,51.080814,4786.830748,0.245407,45.035417,6.367187,2.367023,-0.001430
1.833981,1.841164,51.112393,4783.220608,0.269834,45.044437,6.321924,2.365581,-0.001746
1.884139,1.880817,51.147116,4779.620630,0.270802,45.046536,6.280571,2.341808,0.006973
1.928070,1.934162,51.179166,4776.054549,0.290450,45.040518,6.248596,2.321859,-0.010356
1.971584,1.970374,51.213159,4772.498532,0.301901,45.048682,6.197466,2.311815,-0.004633
2.016814,2.020781,51.254385,4768.976977,0.312840,45.041788,6.152606,2.289425,0.002003
2.064089,2.074023,51.288256,4765.466031,0.325930,45.042160,6.117433,2.278614,0.006405
2.112063,2.107972,51.337117,4761.974634,0.330062,45.050140,6.070089,2.255990,0.003031
2.138515,2.151667,51.376363,4758.514471,0.336869,45.054761,6.024713,2.250877,-0.004920
2.192585,2.202806,51.419985,4755.077836,0.340139,45.057767,5.981852,2.227413,-0.003303
2.244139,2.239080,51.456268,4751.652633,0.338975,45.047673,5.935576,2.214869,0.002902
2.290904,2.294154,51.509387,4748.261503,0.342235,45.063694,5.894259,2.199735,0.003215
2.332826,2.336164,51.548600,4744.885916,0.360936,45.058612,5.840067,2.180441,-0.001334
2.379525,2.378318,51.604011,4741.535024,0.364018,45.057907,5.804306,2.162417,0.001276
2.424110,2.425280,51.633990,4738.212570,0.357070,45.065642,5.759924,2.139740,-0.002126
2.474143,2.467402,51.681511,4734.914545,0.346813,45.118703,5.714673,2.133735,28.998523
2.509963,2.510044,51.722211,4731.642728,0.329986,45.175541,5.675838,2.116979,28.997352
2.555301,2.560923,51.773046,4728.412843,0.322679,45.223886,5.634705,2.102358,28.998863
2.602870,2.600742,51.807674,4725.190220,0.309635,45.280959,5.598631,2.093439,28.998046
2.639055,2.651781,51.846198,4721.993401,0.299164,45.328562,5.562151,2.072647,28.995188
2.695084,2.697334,51.873912,4718.824390,0.280007,45.377975,5.525493,2.061991,29.002933
2.730255,2.733385,51.911794,4715.685971,0.261711,45.421644,5.487094,2.044593,29.001096
2.784985,2.791857,51.951415,4712.553952,0.245329,45.486842,5.463498,2.032004,29.009053
2.823198,2.820663,51.972851,4709.448497,0.226730,45.524436,5.432738,2.034525,28.992131
2.878503,2.878681,52.004684,4706.377378,0.210328,45.573816,5.410400,2.019149,29.002868
2.908130,2.925706,52.025692,4703.312366,0.192524,45.636615,5.391363,2.002566,28.997674
2.947548,2.968244,52.045808,4700.269014,0.171597,45.691292,5.353203,2.004187,29.001587
3.006200,3.008990,52.057205,4697.239499,0.154290,45.728403,5.339032,1.988706,28.999229
3.045683,3.060373,52.080190,4694.221008,0.129412,45.790601,5.313131,1.979156,28.996546
3.087103,3.096946,52.100582,4691.236260,0.115580,45.837950,5.288891,1.981209,28.998426
3.138885,3.137222,52.101108,4688.253971,0.090914,45.882736,5.281637,1.962226,29.004738
3.174339,3.185428,52.130637,4685.297654,0.074848,45.944155,5.266031,1.962016,28.999808
3.216168,3.223305,52.118417,4682.341012,0.057374,45.987936,5.249008,1.957475,29.008169
3.263473,3.272582,52.126716,4679.404363,0.023118,46.038175,5.244979,1.948631,28.994807
3.298465,3.326955,52.133545,4676.459147,0.006420,46.072272,5.236532,1.952433,29.000270
3.348826,3.374773,52.132649,4673.541412,-0.014657,46.132993,5.224915,1.940031,29.000741
3.386156,3.409584,52.133989,4670.625756,-0.035531,46.179303,5.214345,1.954841,29.006338
3.431010,3.453579,52.122783,4667.715812,-0.057548,46.242950,5.213237,1.940056,29.004795
3.471463,3.512589,52.119526,4664.818469,-0.071164,46.281161,5.219199,1.954148,28.998659
3.521426,3.553776,52.100450,4661.929808,-0.099523,46.336911,5.226165,1.949449,29.005149
3.565833,3.595174,52.101930,4659.038054,-0.119926,46.392353,5.232597,1.947080,28.998701
3.610689,3.643288,52.070748,4656.147408,-0.151215,46.427254,5.229113,1.952966,29.002554
3.638409,3.694960,52.054750,4653.269236,-0.177101,46.486858,5.239308,1.953554,28.992698
3.686805,3.738443,52.034374,4650.378106,-0.196060,46.534770,5.254873,1.961746,29.001050
3.729572,3.776223,51.997614,4647.494953,-0.214163,46.584964,5.260348,1.958919,29.007207
3.775704,3.814453,51.984078,4644.606869,-0.242781,46.646775,5.272991,1.974522,29.005631
3.828716,3.867110,51.945547,4641.708602,-0.267381,46.690721,5.296845,1.970611,28.999071
3.865311,3.917416,51.915971,4638.820085,-0.284242,46.741275,5.304984,1.980119,28.992912
3.917516,3.966011,51.888946,4635.918772,-0.298617,46.797680,5.333070,1.992594,28.994107
3.952891,4.003422,51.842834,4633.025873,-0.328834,46.848654,5.352651,2.003463,29.007507
3.998822,4.053747,51.797924,4630.109427,-0.346942,46.899702,5.378341,2.005550,28.990894
4.032332,4.090631,51.756746,4627.184060,-0.360179,46.952010,5.400717,2.013932,28.994990
4.074299,4.141523,51.724974,4624.257071,-0.374217,46.999834,5.424606,2.032715,29.004942
4.115554,4.179045,51.659591,4621.314625,-0.412110,47.051852,5.459003,2.026683,28.999775
4.165756,4.228598,51.607758,4618.357709,-0.428947,47.115409,5.496335,2.044064,28.999522
4.202329,4.282056,51.568368,4615.384625,-0.454323,47.164105,5.514409,2.057748,29.003217
4.238779,4.325075,51.509231,4612.408476,-0.469559,47.233651,5.562424,2.068076,28.999399
4.287071,4.374527,51.450020,4609.405729,-0.483502,47.282909,5.610092,2.093388,28.998510
4.328730,4.414029,51.399129,4606.388202,-0.501865,47.318820,5.637362,2.105261,29.003985
4.381638,4.455916,51.328598,4603.345376,-0.512681,47.384866,5.675825,2.121145,29.003880
4.417643,4.507205,51.258787,4600.306153,-0.536414,47.445569,5.718808,2.140454,29.002335
4.450033,4.550599,51.197754,4597.223375,-0.544668,47.498490,5.775239,2.151832,28.998795
4.489451,4.596288,51.128560,4594.132934,-0.564881,47.550628,5.822685,2.165164,29.000481
4.533125,4.637724,51.057476,4591.012802,-0.580019,47.614725,5.869660,2.184409,28.999328
4.579170,4.680429,50.997429,4587.868014,-0.598577,47.677892,5.915454,2.203669,29.004466
4.618213,4.721375,50.912751,4584.695326,-0.615887,47.720567,5.962646,2.224282,29.005751
4.651605,4.777848,50.839742,4581.508458,-0.619111,47.786404,6.026420,2.242433,29.001134
4.699208,4.825156,50.767465,4578.274372,-0.637579,47.843304,6.082890,2.267730,29.001891
4.743370,4.865054,50.690747,4575.033637,-0.643693,47.908023,6.137878,2.283561,29.003495
4.778264,4.910982,50.613205,4571.748928,-0.646631,47.971668,6.204705,2.312147,29.010462
4.820176,4.962922,50.542021,4568.438260,-0.662914,48.025917,6.247094,2.332381,28.998123
4.860409,5.008929,50.449864,4565.094364,-0.671903,48.093935,6.320054,2.348935,29.008072
4.903947,5.049001,50.379325,4561.725022,-0.673371,48.152683,6.385262,2.379048,28.997840
4.948210,5.101298,50.293996,4558.313909,-0.683135,48.219288,6.444304,2.402567,28.993553
4.997617,5.136786,50.222238,4554.860749,-0.698979,48.289693,6.497490,2.425575,28.996476
5.021139,5.196133,50.127618,4551.384266,-0.694261,48.353649,6.568070,2.440413,28.997423
5.056665,5.238181,50.048565,4547.866964,-0.682836,48.410374,6.637228,2.481872,28.998973
5.105647,5.283285,49.962158,4544.320565,-0.709694,48.481405,6.703194,2.500604,28.997028
5.152203,5.320675,49.879842,4540.730716,-0.706711,48.543950,6.773220,2.525558,29.007004
5.184793,5.371012,49.802738,4537.110076,-0.700893,48.611833,6.839804,2.553516,28.992665
5.230613,5.419290,49.719769,4533.438762,-0.691109,48.685450,6.912507,2.573634,29.004411
5.271617,5.454944,49.639362,4529.731683,-0.691700,48.760289,6.977258,2.615558,28.997023
5.312088,5.508173,49.556557,4525.993257,-0.695870,48.821362,7.052656,2.632582,29.004865
5.341245,5.555103,49.470643,4522.213664,-0.692799,48.898273,7.110146,2.652757,28.994955
5.382797,5.590564,49.394467,4518.392351,-0.693630,48.971364,7.189986,2.682573,29.004254
5.423898,5.646024,49.305755,4514.517083,-0.673906,49.040890,7.261294,2.703016,29.000470
5.471997,5.697210,49.237568,4510.609852,-0.664619,49.116652,7.327056,2.737907,29.012235
5.517234,5.739600,49.140070,4506.658994,-0.657209,49.188210,7.392247,2.748046,29.007109
5.548474,5.781734,49.060444,4502.681596,-0.650773,49.265594,7.473867,2.778076,28.990897
5.582598,5.824829,48.993670,4498.648288,-0.642562,49.335516,7.534540,2.799911,29.001648
5.621496,5.872014,48.919354,4494.587931,-0.635678,49.421062,7.596381,2.827394,28.994011
5.662256,5.923210,48.848468,4490.485573,-0.629221,49.491653,7.665087,2.860136,28.994398
5.710573,5.967655,48.776253,4486.325392,-0.601936,49.566807,7.733589,2.888640,28.994951
5.742420,6.017279,48.708442,4482.156239,-0.596738,49.637199,7.789370,2.906264,29.002551
5.785915,6.057331,48.633511,4477.929318,-0.579427,49.717291,7.850064,2.927766,29.010830
5.813538,6.104950,48.565956,4473.663162,-0.555190,49.802184,7.912325,2.949346,29.001026
5.862373,6.156030,48.505954,4469.376269,-0.546669,49.873132,7.962070,2.975335,29.000314
5.893604,6.190551,48.436747,4465.039621,-0.527449,49.968493,8.026822,3.000006,29.004983
5.931907,6.238951,48.378232,4460.677978,-0.509075,50.043614,8.076327,3.002234,28.991804
5.978417,6.281630,48.316348,4456.281325,-0.490987,50.128362,8.126328,3.026539,29.001969
6.008996,6.334691,48.269672,4451.835746,-0.469370,50.205139,8.172826,3.034562,28.996766
6.054283,6.384858,48.209876,4447.392830,-0.444601,50.281422,8.217087,3.065432,28.996744
6.093697,6.429499,48.166414,4442.877155,-0.422755,50.376205,8.259782,3.074359,28.995155
6.121799,6.473798,48.113179,4438.359728,-0.408129,50.453920,8.293562,3.076095,29.003672
6.160280,6.516667,48.069182,4433.817111,-0.382379,50.538073,8.331666,3.106927,28.994402
6.206288,6.567738,48.030002,4429.239654,-0.353115,50.626622,8.371576,3.118496,28.996593
6.240419,6.613737,47.983924,4424.649059,-0.338231,50.709464,8.407471,3.131416,28.997708
6.275192,6.656114,47.938309,4420.030096,-0.312377,50.812366,8.425647,3.137414,29.000425
6.316848,6.707420,47.911003,4415.386040,-0.275687,50.807356,8.448627,3.149389,0.003749
6.355828,6.754967,47.883461,4410.724383,-0.219769,50.819053,8.464581,3.142456,0.005143
6.396467,6.801826,47.865655,4406.033371,-0.170405,50.812465,8.479335,3.156124,0.008854
6.428327,6.845199,47.851089,4401.342058,-0.126718,50.824915,8.469645,3.153301,-0.000683
6.452459,6.890814,47.832756,4396.639309,-0.089334,50.830968,8.467926,3.151669,0.004545
6.497850,6.935932,47.824837,4391.924611,-0.043769,50.841335,8.468941,3.155924,0.012178
6.531800,6.979689,47.821273,4387.203908,0.003961,50.850044,8.441762,3.146090,0.007475
6.568730,7.028519,47.819607,4382.473254,0.047918,50.849432,8.430927,3.141385,-0.000237
6.605235,7.072698,47.840780,4377.758091,0.095846,50.856582,8.397414,3.125412,-0.000291
6.642624,7.121831,47.841290,4373.049690,0.125902,50.866621,8.370578,3.114132,-0.000509
6.688809,7.157791,47.865509,4368.342279,0.173527,50.873358,8.331767,3.099635,-0.006553
6.718722,7.203314,47.883680,4363.655845,0.219121,50.875946,8.277354,3.078632,0.004453
6.758882,7.255814,47.917144,4358.989397,0.262575,50.884024,8.240597,3.060186,-0.010141
6.799593,7.308485,47.949084,4354.328976,0.292178,50.892899,8.174918,3.055120,-0.002178
6.830542,7.339391,47.982031,4349.682689,0.333403,50.895468,8.110086,3.023689,-0.006337
6.871797,7.387022,48.016789,4345.083364,0.373619,50.910190,8.055309,3.005512,0.008874
6.909023,7.432909,48.070747,4340.495454,0.399049,50.905302,7.984918,2.971075,-0.002766
6.950816,7.484688,48.116073,4335.948732,0.437136,50.920672,7.927812,2.950662,-0.003656
6.974135,7.530975,48.161928,4331.416698,0.478616,50.923580,7.840101,2.918444,-0.003253
7.011423,7.575614,48.225239,4326.939733,0.498021,50.938616,7.770640,2.898599,-0.001547
7.052223,7.611071,48.286880,4322.486183,0.525282,50.930427,7.682049,2.863087,0.009412
7.085905,7.658723,48.339484,4318.065835,0.557248,50.944778,7.615281,2.836800,-0.008432
7.117304,7.707823,48.402663,4313.698981,0.577195,50.951641,7.523620,2.800789,0.002555
7.161169,7.749307,48.475348,4309.367641,0.604135,50.964512,7.433562,2.773454,0.002732
7.192358,7.800587,48.540428,4305.073886,0.618565,50.968246,7.348989,2.743104,0.005075
7.231784,7.840743,48.613333,4300.834575,0.652833,50.975693,7.267970,2.702631,-0.006661
7.255575,7.893050,48.688878,4296.639942,0.673563,50.981106,7.173145,2.667984,0.001883
7.302852,7.933200,48.778687,4292.475945,0.683480,50.988809,7.091737,2.639271,0.011303
7.337174,7.987617,48.842595,4288.375314,0.707271,50.997670,6.989087,2.606018,-0.000610
7.379014,8.022947,48.920051,4284.308193,0.722057,51.004284,6.898905,2.571127,0.000976
7.412828,8.077829,49.001761,4280.297613,0.716344,51.007757,6.807611,2.535512,-0.000704
7.448082,8.113702,49.075714,4276.333810,0.725988,51.022366,6.721986,2.503697,-0.001033
7.479890,8.151839,49.169873,4272.418753,0.732599,51.031650,6.635272,2.462132,0.001198
7.519700,8.196373,49.254772,4268.546139,0.743097,51.035823,6.545350,2.436224,0.000502
7.558814,8.249160,49.330043,4264.737884,0.746096,51.044352,6.462093,2.402097,0.010918
7.590483,8.296960,49.406463,4260.945415,0.748935,51.049519,6.368147,2.372134,-0.004409
7.631360,8.335919,49.493305,4257.236312,0.745168,51.059114,6.296113,2.350045,-0.001713
7.666099,8.384168,49.584650,4253.550184,0.737063,51.073389,6.205232,2.309730,-0.005830
7.698006,8.424714,49.651833,4249.921978,0.731446,51.076299,6.118396,2.277206,0.006924
7.743701,8.463703,49.733194,4246.342023,0.729056,51.082758,6.037363,2.245969,-0.000130
7.765928,8.507961,49.832922,4242.799912,0.723444,51.089322,5.960386,2.224869,-0.003289
7.807782,8.560581,49.904581,4239.303701,0.709388,51.093551,5.880703,2.187746,0.000558
7.842786,8.606159,49.985703,4235.862446,0.703419,51.093019,5.805194,2.163467,0.008232
7.883794,8.644270,50.059921,4232.457374,0.690069,51.108443,5.739111,2.133015,0.000324
7.912999,8.689833,50.135338,4229.094325,0.670059,51.118395,5.673454,2.111518,-0.004914
7.946378,8.743993,50.203145,4225.777316,0.659062,51.119413,5.607543,2.078820,-0.004022
7.987869,8.793653,50.284845,4222.494275,0.643677,51.136394,5.537286,2.060694,-0.002516
8.011808,8.833929,50.355187,4219.270952,0.618616,51.145109,5.479286,2.036352,-0.000577
8.050623,8.866941,50.423457,4216.071361,0.606016,51.155176,5.415119,2.018578,0.002852
8.089631,8.921225,50.482979,4212.899147,0.579227,51.158485,5.354943,1.990779,0.001305
8.131060,8.959864,50.548035,4209.782691,0.565663,51.166278,5.297739,1.984061,-0.002555
8.166282,9.001521,50.617069,4206.701049,0.530520,51.168624,5.251229,1.963754,0.006749
8.195923,9.046311,50.674367,4203.652314,0.503948,51.176656,5.193442,1.933961,0.001198
8.234007,9.092208,50.735641,4200.633572,0.482911,51.195410,5.156985,1.917349,-0.002556
8.264559,9.135401,50.773604,4197.649250,0.453394,51.203701,5.109467,1.897522,0.008327
8.306047,9.182196,50.810167,4194.690518,0.434424,51.211309,5.060152,1.898397,-0.003527
8.340630,9.226820,50.878228,4191.760715,0.408250,51.210503,5.015680,1.873500,0.000533
8.368910,9.263069,50.905868,4188.872442,0.368370,51.216610,4.977953,1.856990,0.004319
8.410804,9.325878,50.954818,4186.003434,0.348784,51.234122,4.949507,1.839723,-0.008583
8.434767,9.356609,50.983150,4183.163230,0.320721,51.239266,4.910798,1.835466,-0.005215
8.474270,9.399419,51.016114,4180.349765,0.283998,51.242056,4.895397,1.831324,0.003231
8.519487,9.441950,51.044387,4177.555654,0.256636,51.251048,4.863226,1.823451,0.008236
8.547029,9.487406,51.076503,4174.789583,0.215398,51.256305,4.840515,1.803723,-0.003231
8.580993,9.536048,51.088856,4172.038748,0.186669,51.267868,4.823329,1.789883,0.001913
8.617905,9.575861,51.114409,4169.311686,0.139387,51.287855,4.803327,1.781035,-0.009128
8.649035,9.618397,51.136614,4166.600682,0.108618,51.284022,4.792666,1.784107,0.006827
8.689261,9.670877,51.139386,4163.910629,0.070140,51.295074,4.770724,1.772535,0.000384
8.722483,9.715956,51.148674,4161.217162,0.043799,51.301433,4.757391,1.766646,0.000477
8.764404,9.757614,51.150331,4158.557040,0.004433,51.300206,4.761445,1.775648,-0.002345
8.790397,9.803519,51.145997,4155.903729,-0.030749,51.325377,4.751974,1.772570,-0.001807
8.828156,9.840040,51.140947,4153.261870,-0.076990,51.327504,4.747943,1.767129,-0.005808
8.859051,9.883624,51.131015,4150.640141,-0.119959,51.341475,4.747130,1.765401,0.000569
8.892070,9.928525,51.116229,4148.011522,-0.145101,51.341868,4.749547,1.774631,0.004683
8.940699,9.982696,51.090588,4145.389483,-0.177107,51.354565,4.759430,1.775149,-0.005132
8.973432,10.023357,51.078907,4142.781401,-0.214755,51.358076,4.771831,1.769247,0.009485
8.999064,10.063065,51.049803,4140.168663,-0.250999,51.370876,4.777352,1.777153,0.004289
9.026304,10.101649,51.026592,4137.572361,-0.284991,51.385748,4.792884,1.796992,0.000363
9.061073,10.149298,50.989238,4134.965045,-0.334401,51.388987,4.811769,1.783551,0.000127
9.100323,10.186248,50.951668,4132.356246,-0.366612,51.391801,4.831917,1.810684,-0.004369
9.137933,10.242746,50.915588,4129.759032,-0.398909,51.413734,4.856211,1.807058,-0.000850
9.170294,10.283169,50.861317,4127.137991,-0.430151,51.418584,4.886176,1.818740,-0.001119
9.206179,10.330335,50.818766,4124.522512,-0.465674,51.436906,4.908821,1.823188,0.007343
9.241838,10.372851,50.762962,4121.900303,-0.501971,51.435952,4.924466,1.837213,0.001143
9.267197,10.414498,50.696432,4119.261806,-0.535857,51.442786,4.961058,1.851935,0.002605
9.311116,10.460299,50.645599,4116.618175,-0.561421,51.458292,5.000955,1.861918,0.001275
9.348070,10.503853,50.588255,4113.967017,-0.601499,51.470891,5.031620,1.883824,0.004056
9.381173,10.543418,50.515088,4111.298360,-0.631990,51.471963,5.088528,1.893054,-0.003728
9.405859,10.580691,50.437953,4108.618190,-0.666768,51.487161,5.119713,1.903062,0.002972
9.453999,10.625788,50.380189,4105.907034,-0.689767,51.485336,5.161212,1.930493,-0.009659
9.476144,10.681142,50.301594,4103.184145,-0.728580,51.505350,5.214689,1.943693,0.004977
9.516828,10.714810,50.225013,4100.437195,-0.749250,51.513352,5.268210,1.957780,-0.008106
9.539168,10.758426,50.145354,4097.677359,-0.784002,51.518331,5.323091,1.983217,-0.000191
9.582104,10.806476,50.063539,4094.891008,-0.803053,51.532497,5.376809,2.003087,-0.003920
9.615907,10.845858,49.973104,4092.084870,-0.835036,51.542655,5.433361,2.023969,0.002998
9.651129,10.888985,49.890636,4089.238797,-0.855698,51.546174,5.501573,2.045746,0.004324
9.692263,10.943878,49.792474,4086.360436,-0.865869,51.560574,5.553720,2.064584,0.002841
9.728518,10.977312,49.684175,4083.463793,-0.900310,51.558736,5.627648,2.103492,0.007452
9.747137,11.021698,49.601571,4080.526269,-0.925752,51.577718,5.696447,2.130935,-0.002662
9.792497,11.065072,49.490798,4077.568982,-0.930782,51.599984,5.770950,2.149512,-0.002674
9.824236,11.107869,49.404956,4074.563641,-0.951262,51.595079,5.840675,2.177395,0.002136
9.856718,11.154165,49.288736,4071.512643,-0.959057,51.610440,5.916974,2.204094,0.008501
9.887631,11.197273,49.186373,4068.428100,-0.982856,51.613781,5.995756,2.230769,0.002206
9.926396,11.235205,49.076523,4065.318964,-0.990004,51.631401,6.072558,2.256092,0.009296
9.959194,11.279705,48.966359,4062.142750,-1.002604,51.634167,6.152977,2.291835,-0.000724
9.991067,11.327989,48.858980,4058.941729,-1.024312,51.648594,6.241409,2.330016,0.005710
10.028888,11.365211,48.767768,4055.682051,-1.022560,51.650393,6.331852,2.363066,0.004605
10.050234,11.407259,48.651194,4052.395580,-1.027592,51.674662,6.413296,2.387872,0.000846
10.093139,11.463361,48.541289,4049.041920,-1.034096,51.676016,6.496006,2.424883,-0.009877
10.132373,11.499524,48.431461,4045.648794,-1.045253,51.684433,6.585430,2.460688,-0.002969
10.157555,11.540876,48.331794,4042.204383,-1.033817,51.689551,6.679416,2.487848,-0.001062
10.188205,11.579531,48.209984,4038.699831,-1.039723,51.703684,6.779228,2.533768,-0.003600
10.222817,11.635368,48.106123,4035.158937,-1.039981,51.719747,6.864734,2.557017,-0.003874
10.246925,11.672358,47.997288,4031.548812,-1.020841,51.733594,6.962565,2.599972,0.002181
10.293076,11.708347,47.888026,4027.894420,-1.029463,51.739195,7.056524,2.628733,-0.001909
10.329063,11.746304,47.794860,4024.188534,-1.013351,51.743652,7.138440,2.658435,0.005006
10.356251,11.796125,47.678603,4020.415021,-0.999561,51.762828,7.234871,2.696110,0.000086
10.389545,11.839313,47.571145,4016.604383,-0.996906,51.730679,7.337920,2.740316,-13.994832
10.430813,11.899316,47.462123,4012.723251,-0.986341,51.700266,7.424046,2.761689,-14.007078
10.467310,11.932951,47.368148,4008.796991,-0.983643,51.665768,7.522032,2.798018,-14.006317
10.491618,11.964673,47.271473,4004.808612,-0.960043,51.642777,7.608618,2.835381,-13.995822
10.523558,12.011971,47.166407,4000.770384,-0.945679,51.613362,7.702135,2.875793,-14.003055
10.555417,12.054391,47.072074,3996.677300,-0.919508,51.576856,7.801071,2.902149,-14.001451
10.591134,12.095408,46.977433,3992.525941,-0.901640,51.550155,7.892456,2.932033,-13.999966
10.626660,12.135692,46.873499,3988.323972,-0.891107,51.522495,7.972317,2.977766,-13.998163
10.660346,12.183594,46.793036,3984.063860,-0.874936,51.491667,8.057526,3.003241,-13.991451
10.690098,12.226685,46.697018,3979.742718,-0.837219,51.458198,8.150721,3.031500,-14.003298
10.725278,12.277408,46.606777,3975.388876,-0.819609,51.425644,8.227911,3.066422,-14.003237
10.759312,12.317509,46.519043,3970.972595,-0.786085,51.389326,8.298028,3.087015,-13.998489
10.798569,12.357020,46.443264,3966.497652,-0.755885,51.354378,8.373852,3.124161,-14.004372
10.827664,12.388578,46.367765,3961.988761,-0.729696,51.316402,8.447773,3.145480,-13.996408
10.858796,12.442395,46.296293,3957.425096,-0.700149,51.287525,8.521136,3.174757,-14.001787
10.893267,12.482338,46.232105,3952.830638,-0.676767,51.250390,8.590850,3.201674,-13.988395
10.924498,12.512702,46.158761,3948.170536,-0.623995,51.221609,8.654494,3.222885,-14.003027
10.956479,12.564826,46.091486,3943.467526,-0.592744,51.175358,8.708984,3.247509,-13.996008
10.995059,12.607606,46.029067,3938.746441,-0.563904,51.156209,8.760356,3.278009,-14.002603
11.027196,12.653863,45.980577,3933.975859,-0.522410,51.112138,8.799600,3.280993,-13.989604
11.059714,12.691000,45.917589,3929.175945,-0.484011,51.077444,8.841983,3.298126,-13.993461
11.086625,12.736231,45.885147,3924.340813,-0.448256,51.043123,8.890624,3.313577,-13.996914
11.130886,12.769080,45.832987,3919.475369,-0.406345,51.007898,8.929594,3.325233,-14.005066
11.160283,12.812984,45.797794,3914.583326,-0.367859,50.965472,8.940930,3.332594,-13.998850
11.194430,12.859870,45.769714,3909.648701,-0.332679,50.942637,8.962621,3.338831,-14.002867
11.234227,12.903953,45.731636,3904.731474,-0.282004,50.881796,8.991461,3.350700,-14.000873
11.253604,12.936476,45.696485,3899.760364,-0.250576,50.861447,8.994271,3.349857,-14.004852
11.294959,12.979783,45.684166,3894.788564,-0.198313,50.815271,9.007898,3.356677,-13.998560
11.330085,13.024593,45.658233,3889.801570,-0.169898,50.776504,9.007243,3.362576,-13.998991
11.351765,13.060043,45.643652,3884.792095,-0.123797,50.736978,9.009242,3.359372,-14.004918
11.387695,13.101406,45.635471,3879.810307,-0.082231,50.713756,8.990479,3.348295,-13.991776
11.409920,13.142617,45.617907,3874.795016,-0.040160,50.671672,8.972617,3.348300,-14.002646
11.450504,13.181324,45.621208,3869.795892,-0.004589,50.633183,8.960100,3.351217,-13.999456
11.478385,13.231583,45.632879,3864.792374,0.035042,50.589583,8.928310,3.323242,-14.007833
11.520554,13.275312,45.639556,3859.800526,0.073821,50.554671,8.897396,3.318951,-14.000517
11.556957,13.305000,45.633877,3854.807683,0.117077,50.512355,8.867543,3.299342,-13.998985
11.582384,13.347992,45.658031,3849.829089,0.139646,50.478348,8.829337,3.296018,-14.001127
11.625318,13.391597,45.674158,3844.873560,0.182359,50.442009,8.788652,3.268508,-13.998982
11.647606,13.422115,45.681465,3839.932546,0.206847,50.411162,8.735351,3.258190,-13.995061
11.687441,13.476458,45.705023,3834.998018,0.250955,50.363727,8.681047,3.231630,-13.994767
11.722692,13.514898,45.735468,3830.092464,0.281284,50.332850,8.632483,3.217241,-13.991371
11.751718,13.548061,45.776371,3825.206123,0.306490,50.293774,8.567905,3.192212,-14.001979
11.781972,13.585847,45.804677,3820.346679,0.346142,50.269426,8.507895,3.180551,-13.999298
11.809400,13.633524,45.828685,3815.524646,0.366822,50.219741,8.457322,3.146067,-13.992942
11.851914,13.671689,45.870213,3810.723512,0.400256,50.189819,8.379003,3.110351,-13.992684
11.886730,13.704576,45.915949,3805.956039,0.423664,50.154426,8.321842,3.096660,-14.005020
11.910832,13.756976,45.955449,3801.213080,0.457711,50.121896,8.241138,3.076336,-14.000444
11.945995,13.786570,46.011889,3796.520957,0.457065,50.085314,8.168733,3.042285,-13.994569
11.977287,13.831034,46.051340,3791.845806,0.480550,50.056903,8.098337,3.015088,-14.011622
11.999146,13.873938,46.105247,3787.212102,0.500527,50.021267,8.017375,2.984799,-13.992376
12.040334,13.913578,46.151357,3782.621383,0.511927,49.983598,7.939549,2.958049,-14.001551
12.083294,13.954199,46.207901,3778.077778,0.529535,49.950868,7.871874,2.927042,-14.001170
12.103664,13.991551,46.258289,3773.559310,0.552331,49.924882,7.793990,2.907326,-14.004598
12.129619,14.034392,46.304831,3769.094528,0.561726,49.882046,7.709744,2.860911,-13.994378
12.172068,14.070831,46.364688,3764.667734,0.568473,49.852245,7.633118,2.849438,-13.992460
12.206691,14.109143,46.428770,3760.268168,0.573825,49.828658,7.558659,2.818530,-14.009638
12.237835,14.149805,46.485222,3755.929272,0.594190,49.794893,7.478989,2.792130,-13.998188
12.270834,14.182609,46.538674,3751.631608,0.567275,49.765375,7.403325,2.758274,-14.006870
12.302073,14.219831,46.595574,3747.362146,0.594631,49.739829,7.321007,2.725118,-13.998972
12.326137,14.259918,46.649107,3743.133777,0.586548,49.706771,7.254873,2.702304,-13.986855
12.372133,14.298329,46.713424,3738.961820,0.584050,49.688796,7.166075,2.669615,-14.007457
12.390627,14.340180,46.756598,3734.828880,0.584461,49.656000,7.096533,2.647199,-13.990921
12.427502,14.383107,46.821017,3730.731441,0.571886,49.616856,7.028728,2.620645,-14.004473
12.452447,14.427384,46.885426,3726.664810,0.569186,49.594448,6.960557,2.600250,-14.002463
12.500509,14.460785,46.926943,3722.649407,0.559647,49.575122,6.894690,2.565729,-13.999406
12.525938,14.500282,46.988533,3718.691267,0.543566,49.548954,6.820477,2.552622,-14.001738
12.570929,14.536639,47.032854,3714.750380,0.534425,49.523536,6.766675,2.518461,-13.995400
12.588192,14.580258,47.080712,3710.854017,0.524192,49.482084,6.705335,2.496265,-13.995946
12.626989,14.622820,47.142344,3707.000209,0.504179,49.458485,6.642665,2.477260,-14.003496
12.662517,14.653806,47.193214,3703.176718,0.490651,49.436934,6.589292,2.444055,-13.993675
12.693759,14.686442,47.223706,3699.405272,0.470980,49.409563,6.524020,2.427751,-13.990265
12.710777,14.729058,47.278790,3695.649166,0.444187,49.381836,6.467381,2.413148,-14.004438
12.754672,14.763334,47.328715,3691.930461,0.420541,49.358033,6.420494,2.396684,-13.998922
12.794039,14.809530,47.354446,3688.248701,0.411768,49.334663,6.371284,2.371144,-13.998359
12.804059,14.834335,47.394823,3684.609461,0.377094,49.305235,6.335246,2.362207,-13.999281
12.854310,14.886149,47.428466,3680.994067,0.364122,49.280698,6.284247,2.341069,-14.003426
12.893580,14.936834,47.464672,3677.397846,0.320487,49.267383,6.236413,2.325524,-13.998233
12.920474,14.966343,47.486888,3673.848409,0.304165,49.233780,6.199552,2.308596,-14.002222
12.951147,14.997190,47.526267,3670.314306,0.289756,49.208631,6.160374,2.294907,-13.994057
12.979598,15.033092,47.547074,3666.809720,0.253636,49.190873,6.125135,2.291038,-14.003596
13.013779,15.073558,47.566263,3663.339814,0.212933,49.184915,6.102147,2.270968,-14.001932
13.035646,15.121268,47.591745,3659.885147,0.198913,49.139982,6.068834,2.259685,-14.000954
13.082836,15.154599,47.610732,3656.453399,0.165311,49.121653,6.054242,2.249290,-13.999725
13.106981,15.187733,47.629947,3653.048904,0.122466,49.105918,6.024906,2.243812,-13.996084
13.139571,15.224739,47.637030,3649.649520,0.098474,49.073894,6.007333,2.233222,-14.001641
13.171396,15.261047,47.639488,3646.287117,0.067277,49.049285,5.982571,2.228569,-14.001287
13.204208,15.299282,47.654908,3642.938935,0.029346,49.029461,5.970842,2.222731,-14.000749
13.233036,15.340930,47.658803,3639.600612,-0.003075,49.006809,5.958675,2.212383,-14.001357
13.261238,15.377215,47.648108,3636.272083,-0.038290,48.983890,5.946242,2.213452,-14.012688
13.296111,15.412751,47.633814,3632.965275,-0.071438,48.963094,5.940256,2.220779,-13.995648
13.330360,15.451715,47.630033,3629.671377,-0.105742,48.940093,5.937681,2.215829,-14.003415
13.361934,15.493293,47.610530,3626.389823,-0.137358,48.918171,5.941269,2.215564,-14.002844
13.400125,15.527350,47.607516,3623.101760,-0.174894,48.897426,5.941536,2.214452,-13.993692
13.433223,15.570763,47.584711,3619.842437,-0.214164,48.870720,5.940989,2.212776,-13.999736
13.455475,15.599375,47.564710,3616.577948,-0.244821,48.843858,5.963063,2.217156,-13.994983
13.490638,15.635695,47.543039,3613.295362,-0.275845,48.816887,5.969702,2.222458,-13.994895
13.530151,15.680870,47.512629,3610.044668,-0.312587,48.806306,5.971694,2.221540,-14.005401
13.557237,15.715595,47.474290,3606.780514,-0.352877,48.777505,5.994273,2.224538,-14.000725
13.581345,15.762132,47.444937,3603.515861,-0.386495,48.768404,6.011726,2.237609,-14.005981
13.624656,15.789958,47.411897,3600.265144,-0.424694,48.729431,6.036788,2.247375,-14.007852
13.649402,15.829777,47.363954,3596.997541,-0.455721,48.702934,6.061158,2.264295,-14.000888
13.690088,15.868840,47.319602,3593.723617,-0.482338,48.679826,6.077631,2.269965,-13.997491
13.711515,15.907561,47.267459,3590.444114,-0.526087,48.667248,6.111142,2.275076,-13.989208
13.740334,15.942912,47.217429,3587.163377,-0.551572,48.639468,6.144912,2.288925,-13.991074
13.781581,15.979765,47.165177,3583.853453,-0.586484,48.614363,6.178981,2.293521,-13.998362
13.817072,16.013471,47.108988,3580.540174,-0.614187,48.591326,6.210838,2.314880,-13.997069
13.842308,16.051245,47.053598,3577.220110,-0.644536,48.575084,6.256385,2.334710,-14.004424
13.881224,16.083254,46.989732,3573.882565,-0.675879,48.546090,6.305402,2.349857,-13.994913
13.906284,16.135656,46.929813,3570.518488,-0.706436,48.519263,6.347877,2.367100,-13.998500
13.941022,16.158797,46.861245,3567.145713,-0.730224,48.489560,6.398172,2.366804,-14.006488
13.967982,16.195956,46.791099,3563.743617,-0.755392,48.472935,6.445521,2.390379,-14.002674
13.993292,16.235762,46.717796,3560.325649,-0.787510,48.447269,6.492504,2.414651,-14.005179
14.025787,16.267933,46.650001,3556.876936,-0.810078,48.418593,6.544902,2.441754,-13.993681
14.059148,16.305846,46.576553,3553.414629,-0.832008,48.388045,6.610539,2.461982,-14.003054
14.095985,16.346219,46.496407,3549.925109,-0.845712,48.359501,6.675564,2.483437,-14.003089
14.120714,16.383555,46.413923,3546.392819,-0.865509,48.328621,6.723974,2.505885,-14.003711
14.152378,16.420290,46.330967,3542.825023,-0.877875,48.312096,6.786328,2.525535,-13.996612
14.187225,16.446039,46.240972,3539.245151,-0.906838,48.286126,6.868008,2.553419,-14.002494
14.215835,16.488390,46.162476,3535.616687,-0.917310,48.247090,6.929950,2.579621,-13.996784
14.257816,16.529033,46.077648,3531.970549,-0.945266,48.219026,6.995715,2.608180,-13.997942
14.281990,16.563328,45.985584,3528.275873,-0.945886,48.196667,7.073344,2.633288,-14.001231
14.318281,16.601817,45.898336,3524.543687,-0.965351,48.165359,7.148928,2.663794,-14.002929
14.346810,16.643106,45.816711,3520.778250,-0.967031,48.136665,7.211087,2.692830,-13.997887
14.375586,16.667296,45.715087,3516.964187,-0.983074,48.101292,7.293511,2.712212,-13.995196
14.397888,16.718240,45.635583,3513.118266,-0.978840,48.073031,7.366716,2.743570,-13.997884
14.441683,16.751383,45.548947,3509.239318,-0.985543,48.035570,7.448691,2.779676,-13.996512
14.467053,16.776953,45.456081,3505.303483,-0.999776,48.007004,7.536380,2.796453,-13.999591
14.500115,16.822722,45.347811,3501.325119,-1.001839,47.978639,7.603278,2.834258,-13.995790
14.537072,16.850946,45.259935,3497.302744,-0.993418,47.950990,7.689452,2.878711,-13.995242
14.564941,16.889079,45.178446,3493.240196,-0.998828,47.909521,7.767168,2.896929,-14.000172
14.600930,16.930975,45.088752,3489.125348,-0.988234,47.878864,7.854766,2.930288,-13.999441
14.625398,16.956962,44.998982,3484.954765,-0.984691,47.833395,7.939983,2.957292,-14.003227
14.663625,16.998552,44.906180,3480.750609,-0.981485,47.806889,8.018351,2.981882,-13.997469
14.695615,17.037881,44.819971,3476.504315,-0.966533,47.771624,8.097239,3.018863,-14.000053
14.725837,17.069930,44.729655,3472.191229,-0.965885,47.733950,8.178836,3.047645,-13.998390
14.746426,17.098132,44.650840,3467.851695,-0.954364,47.695926,8.263026,3.086227,-13.996278
14.779041,17.134453,44.558026,3463.451245,-0.934107,47.656259,8.324179,3.102166,-13.996344
14.815007,17.164958,44.478467,3459.007796,-0.916013,47.624532,8.409590,3.138604,-14.003001
14.848943,17.206617,44.393117,3454.520625,-0.889730,47.582276,8.478435,3.153316,-14.008539
14.876398,17.248528,44.316755,3449.977351,-0.873233,47.540041,8.558608,3.188449,-13.990202
14.911550,17.282995,44.237291,3445.393204,-0.853443,47.498680,8.639340,3.207744,-14.005060
14.946759,17.301937,44.159963,3440.760681,-0.827559,47.457626,8.705056,3.237049,-14.003863
14.967205,17.344072,44.084874,3436.089382,-0.802814,47.427502,8.767767,3.263788,-13.993251
14.998804,17.387680,44.016541,3431.380260,-0.772466,47.388294,8.827224,3.279615,-13.995330
15.032138,17.416512,43.952310,3426.629863,-0.746326,47.346848,8.885234,3.312144,-13.995291
15.062089,17.462332,43.878236,3421.819285,-0.731731,47.296884,8.940876,3.332239,-14.004091
15.090609,17.484352,43.821679,3416.994206,-0.683963,47.253317,9.001375,3.352227,-14.006061
15.122884,17.526644,43.759809,3412.121350,-0.648820,47.217512,9.056007,3.384035,-13.991230
15.157552,17.560524,43.696242,3407.214267,-0.623097,47.170576,9.097751,3.393184,-13.992457
15.186507,17.595553,43.643548,3402.275083,-0.590174,47.125501,9.147502,3.406471,-13.998057
15.221544,17.632251,43.593873,3397.303775,-0.561328,47.089343,9.182921,3.420932,-14.000160
15.243650,17.664807,43.548455,3392.294767,-0.518808,47.035724,9.211675,3.439977,-13.994357
15.282480,17.692498,43.495478,3387.272820,-0.498517,47.002391,9.251964,3.450267,-14.004106
15.309868,17.723047,43.458611,3382.210136,-0.451111,46.953229,9.277190,3.450309,-13.986489
15.343840,17.761246,43.421796,3377.130959,-0.422687,46.908710,9.302605,3.462482,-14.002253
15.383219,17.799431,43.390967,3372.042505,-0.375449,46.856156,9.317525,3.473100,-13.992304
15.408806,17.841195,43.363353,3366.921479,-0.342859,46.817923,9.324535,3.482054,-14.000190
15.431920,17.868608,43.336367,3361.789889,-0.300185,46.772408,9.334957,3.481159,-14.004398
15.472864,17.901338,43.304205,3356.638486,-0.273187,46.730548,9.339848,3.477637,-14.000988
15.505680,17.934038,43.284942,3351.483799,-0.225442,46.679855,9.339122,3.481368,-14.006360
15.540919,17.964160,43.257680,3346.310999,-0.185554,46.636860,9.341318,3.480756,-14.003993
15.558230,18.004543,43.250098,3341.155267,-0.148785,46.589875,9.324608,3.471555,-14.015953
15.594862,18.034028,43.225706,3335.969349,-0.108494,46.544368,9.311803,3.464286,-13.998783
15.629544,18.072705,43.221598,3330.808565,-0.075541,46.494658,9.279726,3.455950,-14.003401
15.654771,18.105746,43.222700,3325.628468,-0.051271,46.461179,9.275662,3.451316,-13.998071
15.680713,18.148012,43.215783,3320.461265,-0.013831,46.411984,9.241685,3.449205,-13.998347
15.717501,18.174375,43.220917,3315.300494,0.021994,46.358746,9.220695,3.433860,-13.991230
15.750042,18.204491,43.219332,3310.156454,0.050298,46.312219,9.179905,3.427277,-14.000349
15.770861,18.241758,43.228555,3305.004834,0.092573,46.275954,9.152737,3.416764,-14.002911
15.804089,18.271757,43.239237,3299.878693,0.128050,46.239983,9.111929,3.395548,-13.999611
15.836212,18.303071,43.251557,3294.758441,0.148733,46.177129,9.066492,3.372061,-13.995597
15.870010,18.341389,43.267650,3289.679759,0.185352,46.151971,9.018549,3.356335,-14.001939
15.889574,18.368764,43.284677,3284.605488,0.210357,46.089296,8.963679,3.350641,-13.990488
15.927228,18.399546,43.298041,3279.551977,0.239229,46.041281,8.914588,3.320049,-13.997820
15.958394,18.431010,43.322373,3274.511906,0.263005,46.005263,8.859960,3.304307,-14.005635
15.988285,18.463021,43.339749,3269.508193,0.293206,45.959671,8.812886,3.286042,-13.996286
16.017824,18.498647,43.377482,3264.530133,0.306453,45.917782,8.747020,3.253589,-13.996055
16.053186,18.538479,43.396185,3259.586378,0.315407,45.873154,8.682878,3.236400,-14.005444
16.080925,18.571166,43.423469,3254.664317,0.335904,45.831040,8.628166,3.204517,-14.000966
16.109094,18.607363,43.456753,3249.757206,0.351481,45.790996,8.557809,3.189630,-14.005015
16.134145,18.628809,43.486984,3244.896215,0.375599,45.749025,8.491071,3.160712,-14.004013
16.157271,18.669000,43.518947,3240.063387,0.383555,45.700482,8.440915,3.150644,-14.000310
16.206079,18.707367,43.553069,3235.271433,0.398443,45.661189,8.374663,3.120319,-14.007421
16.243459,18.728948,43.582052,3230.514109,0.406691,45.619132,8.305076,3.091791,-13.993597
16.262510,18.771091,43.625956,3225.773816,0.416012,45.584578,8.244516,3.070233,-14.003315
16.290126,18.797978,43.656693,3221.083466,0.429209,45.548968,8.184309,3.051047,-14.003151
16.319092,18.832133,43.684165,3216.420005,0.424056,45.502435,8.123058,3.030225,-14.003699
16.343667,18.852070,43.725891,3211.795511,0.412835,45.460653,8.049792,2.995462,-14.005840
16.383865,18.895423,43.764489,3207.197454,0.424843,45.424037,7.988624,2.980218,-14.006794
16.405127,18.923625,43.791534,3202.648494,0.436995,45.383460,7.929084,2.948181,-13.995789
16.440527,18.950931,43.831632,3198.130518,0.430235,45.343470,7.864662,2.935298,-14.005213
16.470636,18.982079,43.872008,3193.642933,0.425601,45.303358,7.811662,2.900371,-13.989137
16.495268,19.014297,43.914752,3189.192680,0.418521,45.281721,7.739917,2.884436,-13.998131
16.533721,19.053984,43.941410,3184.777449,0.408991,45.231330,7.679559,2.864664,-14.003427
16.560303,19.083535,43.970823,3180.405976,0.393856,45.198452,7.622138,2.850875,-13.995861
16.588603,19.108664,44.005927,3176.054260,0.379028,45.149684,7.563391,2.811982,-14.003295
16.626894,19.139103,44.047418,3171.747447,0.374215,45.127641,7.517779,2.790038,-13.997859
16.660042,19.165977,44.068693,3167.465883,0.365520,45.082404,7.457908,2.770228,-13.990952
16.687740,19.208397,44.092022,3163.224851,0.335987,45.044367,7.409764,2.765784,-14.005441
16.725073,19.242191,44.116128,3159.008294,0.318091,45.001976,7.369463,2.741701,-14.003345
16.735702,19.266967,44.144227,3154.821710,0.311939,44.968597,7.334362,2.723794,-13.988143
16.772847,19.299555,44.184475,3150.668439,0.281436,44.931474,7.273917,2.712311,-14.004213
16.803355,19.327771,44.203798,3146.532599,0.262524,44.901554,7.239024,2.693774,-14.003079
16.827440,19.367936,44.230211,3142.450862,0.234743,44.868938,7.185951,2.684734,-14.004033
16.862353,19.397186,44.237166,3138.385259,0.214569,44.827233,7.156871,2.658891,-14.002411
16.889803,19.428656,44.262738,3134.338251,0.198096,44.796526,7.117531,2.657334,-13.990386
16.921721,19.455709,44.273149,3130.322972,0.155742,44.764480,7.080133,2.639705,-14.006188
16.940228,19.491650,44.278880,3126.345279,0.134614,44.720341,7.060512,2.621128,-14.010418
16.979844,19.512578,44.291425,3122.363529,0.106232,44.688376,7.032015,2.624177,-13.999243
17.013112,19.549409,44.297143,3118.431607,0.086760,44.653737,6.998173,2.614130,-14.002830
17.043139,19.573988,44.303708,3114.507897,0.058670,44.632620,6.980130,2.590569,-14.004978
17.061639,19.618340,44.306701,3110.595710,0.027892,44.603613,6.959621,2.602911,-14.003129
17.106074,19.633349,44.316184,3106.710288,-0.007844,44.568906,6.940363,2.582403,-13.998234
17.134036,19.665434,44.306932,3102.844796,-0.039359,44.526246,6.925433,2.580504,-14.001676
17.164517,19.702734,44.297019,3098.986762,-0.069458,44.494229,6.921580,2.580547,-14.000985
17.180823,19.734267,44.293141,3095.155046,-0.103019,44.453428,6.913842,2.567127,-14.007055
17.219300,19.759251,44.283460,3091.331390,-0.139168,44.419880,6.894241,2.575081,-14.011919
17.256758,19.790218,44.269524,3087.503222,-0.170625,44.383656,6.894910,2.565116,-13.996545
17.272343,19.822153,44.254207,3083.700514,-0.211588,44.366131,6.893656,2.577187,-14.001190
17.310629,19.847551,44.242541,3079.908734,-0.238662,44.315837,6.888439,2.562764,-14.004776
17.340507,19.881606,44.205061,3076.133842,-0.283506,44.293072,6.905709,2.568842,-14.003211
17.353502,19.914684,44.190269,3072.340423,-0.316889,44.265132,6.893070,2.570556,-13.998397
17.398109,19.939990,44.160860,3068.570543,-0.338848,44.224063,6.910476,2.571635,-13.998278
17.429267,19.971683,44.138418,3064.787639,-0.383179,44.179077,6.918514,2.584792,-13.999860
17.441901,20.008739,44.111953,3061.024257,-0.422001,44.150476,6.939804,2.590632,-13.996549
17.486833,20.026646,44.065138,3057.250729,-0.447940,44.129427,6.956097,2.583885,-13.992858
17.507211,20.057200,44.034493,3053.474926,-0.469766,44.085200,6.969329,2.589334,-13.995040
17.545368,20.093825,44.000560,3049.705691,-0.510070,44.060431,6.996564,2.598049,-13.998605
17.579290,20.118317,43.962443,3045.918433,-0.546903,44.015354,7.017539,2.611094,-14.003846
17.613127,20.160212,43.891568,3042.125846,-0.576934,43.976597,7.035748,2.628071,-14.008171
17.634380,20.186988,43.856962,3038.341228,-0.609395,43.945806,7.061238,2.636125,-14.004879
17.660313,20.205933,43.810338,3034.533425,-0.628380,43.906729,7.103984,2.643937,-14.000886
17.687628,20.237102,43.752021,3030.731649,-0.663915,43.877510,7.140890,2.646887,-14.007679
17.712713,20.273480,43.697600,3026.902264,-0.695404,43.833326,7.186062,2.675658,-13.997528
17.744418,20.301296,43.657633,3023.063384,-0.725974,43.793542,7.208825,2.684922,-13.997053
17.770026,20.334100,43.594390,3019.209252,-0.756563,43.763406,7.253254,2.691568,-13.997870
17.802420,20.356731,43.529017,3015.334511,-0.767966,43.770523,7.289408,2.722009,-0.002051
17.829646,20.387967,43.471680,3011.444026,-0.799883,43.781659,7.345857,2.736879,0.001685
17.869914,20.411143,43.406365,3007.530563,-0.810151,43.806543,7.376671,2.760664,0.006404
17.894996,20.441220,43.345980,3003.592852,-0.813823,43.818278,7.434653,2.774277,0.004228
17.922133,20.476311,43.278752,2999.637424,-0.833438,43.832439,7.484132,2.789482,-0.000018
17.952253,20.503699,43.213187,2995.645092,-0.852040,43.834580,7.533827,2.812223,0.001177
17.982842,20.544191,43.151774,2991.649610,-0.859446,43.858085,7.581938,2.827107,0.005939
18.009594,20.564814,43.082593,2987.614093,-0.881364,43.875117,7.641953,2.837832,-0.002291
18.036954,20.596635,43.010185,2983.556293,-0.888097,43.874668,7.694529,2.865140,0.004576
18.062440,20.624876,42.935404,2979.472503,-0.894551,43.894478,7.747015,2.880125,-0.000824
18.092257,20.659415,42.870225,2975.356347,-0.907892,43.905858,7.805782,2.895361,-0.005063
18.122764,20.674590,42.799678,2971.213069,-0.910577,43.923279,7.861620,2.930802,0.001910
18.157205,20.709196,42.722605,2967.034744,-0.920766,43.928707,7.913079,2.945325,-0.008791
18.188897,20.744724,42.649544,2962.839246,-0.924708,43.947146,7.965635,2.967545,-0.012690
18.215314,20.777924,42.574779,2958.590754,-0.919935,43.961649,8.024208,2.986689,0.005482
18.235718,20.792385,42.515826,2954.330145,-0.910001,43.976248,8.080181,3.008609,-0.000689
18.266636,20.818679,42.446535,2950.025813,-0.918183,43.987669,8.142155,3.029410,0.004283
18.296679,20.853909,42.376049,2945.687762,-0.915133,43.993441,8.203947,3.053725,-0.005061
18.326517,20.888428,42.295752,2941.320541,-0.902990,44.009214,8.248763,3.075825,0.001195
18.364160,20.916535,42.228829,2936.918144,-0.894321,44.030409,8.310757,3.100766,-0.000458
18.371012,20.940804,42.165490,2932.488233,-0.893087,44.029286,8.363131,3.116503,-0.001026
18.397529,20.975483,42.100628,2928.026357,-0.879780,44.046976,8.421298,3.137678,0.007587
18.427907,20.996927,42.024325,2923.520338,-0.860753,44.060571,8.475699,3.146354,-0.004068
18.466755,21.023906,41.963309,2918.998469,-0.868298,44.077867,8.527821,3.178260,-0.002119
18.488410,21.051193,41.900173,2914.430538,-0.842435,44.090008,8.579884,3.194723,-0.004969
18.512979,21.074349,41.834363,2909.830078,-0.829919,44.100248,8.633506,3.214301,0.003700
18.544332,21.117954,41.771633,2905.201766,-0.811775,44.126344,8.678457,3.239089,0.002104
18.572126,21.144102,41.697926,2900.548404,-0.796608,44.135342,8.724424,3.253687,0.011738
18.603722,21.177025,41.651395,2895.870005,-0.778077,44.135459,8.766759,3.263032,-0.005226
18.632130,21.198893,41.596878,2891.135041,-0.753075,44.154857,8.805477,3.288009,-0.006847
18.665753,21.221317,41.530425,2886.398269,-0.741809,44.175220,8.857054,3.301653,-0.006800
18.692697,21.258002,41.483151,2881.618147,-0.713484,44.177344,8.878964,3.308332,-0.011755
18.719943,21.279492,41.425143,2876.810230,-0.685654,44.190795,8.923800,3.326946,0.013635
18.736359,21.315579,41.368247,2871.989352,-0.659654,44.209018,8.963235,3.333406,0.003289
18.769886,21.330956,41.329188,2867.135251,-0.632579,44.225999,8.991061,3.349357,0.000104
18.802767,21.378203,41.279511,2862.255106,-0.605834,44.235251,9.021243,3.361065,-0.006437
18.822021,21.393529,41.232945,2857.367633,-0.585118,44.257967,9.042795,3.373885,0.004346
18.848135,21.423106,41.181280,2852.448198,-0.559913,44.262889,9.070456,3.380768,0.002644
18.872780,21.458745,41.147739,2847.510563,-0.531502,44.270312,9.095026,3.388080,0.005665
18.912719,21.476772,41.109470,2842.548818,-0.497529,44.282641,9.113172,3.400808,-0.005011
18.937670,21.507307,41.072173,2837.579455,-0.473802,44.305772,9.125376,3.401617,0.006846
18.959518,21.532826,41.037065,2832.601184,-0.442072,44.305552,9.142331,3.389099,0.000017
18.997243,21.565665,41.011407,2827.598454,-0.412374,44.316278,9.149391,3.403990,0.000974
19.017086,21.590627,40.983311,2822.577328,-0.381410,44.338964,9.149637,3.410750,0.005240
19.051527,21.621568,40.948001,2817.555543,-0.353238,44.360467,9.158303,3.405973,-0.006376
19.058677,21.647317,40.927264,2812.535262,-0.333666,44.371311,9.164066,3.414482,0.006258
19.088903,21.670152,40.911559,2807.497701,-0.302030,44.380825,9.148141,3.405723,-0.004420
19.126320,21.698638,40.885046,2802.450351,-0.272041,44.388755,9.146905,3.407667,-0.001489
19.147078,21.730624,40.864501,2797.415681,-0.232750,44.406634,9.136827,3.406570,-0.004130
19.172435,21.756495,40.846393,2792.367251,-0.208522,44.416490,9.119988,3.399233,0.006481
19.207955,21.781171,40.832288,2787.324848,-0.182551,44.433767,9.095806,3.390820,-0.002304
19.226347,21.821948,40.818265,2782.295312,-0.152574,44.444187,9.093348,3.392041,0.002028
19.253721,21.849064,40.815952,2777.244165,-0.128615,44.470107,9.063554,3.374143,-0.001479
19.278762,21.872605,40.808652,2772.212981,-0.113675,44.475234,9.048850,3.368954,-0.002544
19.323663,21.907609,40.804377,2767.184972,-0.075974,44.492683,9.027188,3.356639,-0.002677
19.337931,21.922891,40.803959,2762.174111,-0.054709,44.501097,8.995100,3.350836,-0.001009
19.368197,21.954545,40.798594,2757.160843,-0.021526,44.514181,8.968184,3.340457,-0.003023
19.394877,21.972964,40.782299,2752.162819,-0.013817,44.534920,8.939175,3.330267,-0.001364
19.413009,21.998489,40.790782,2747.172968,0.009101,44.539377,8.903388,3.319030,-0.007884
19.438264,22.034487,40.788596,2742.196514,0.026511,44.557253,8.869997,3.301560,0.008633
19.464676,22.060856,40.794814,2737.247792,0.054236,44.562855,8.840537,3.292500,0.000446
19.484289,22.088002,40.794243,2732.296310,0.068165,44.576692,8.797804,3.271575,0.007052
19.516611,22.118344,40.806305,2727.391355,0.079969,44.599384,8.765160,3.261152,0.005509
19.549065,22.142517,40.813892,2722.467680,0.101378,44.611787,8.724492,3.243895,-0.002759
19.570406,22.172148,40.822655,2717.578464,0.102587,44.615710,8.676271,3.225927,-0.000238
19.596429,22.207157,40.820339,2712.709932,0.124315,44.629705,8.638710,3.223816,0.003199
19.616807,22.232044,40.828762,2707.874530,0.128962,44.641481,8.593971,3.200823,-0.001789
19.662920,22.252395,40.846026,2703.040286,0.141432,44.664621,8.553540,3.180385,0.005788
19.669769,22.280321,40.850554,2698.226940,0.152082,44.664338,8.505754,3.162795,0.000129
19.701674,22.303027,40.865746,2693.449558,0.154721,44.684439,8.463974,3.160660,0.000099
19.733646,22.333970,40.876740,2688.687314,0.165978,44.695221,8.430460,3.134107,-0.005767
19.750584,22.355684,40.882931,2683.957302,0.158960,44.710080,8.381556,3.124157,0.006696
19.780858,22.395075,40.909979,2679.232011,0.178064,44.724929,8.330614,3.110408,0.003211
19.805770,22.411116,40.914606,2674.542512,0.167951,44.734741,8.303291,3.085111,0.001050
19.825111,22.453159,40.934988,2669.882886,0.166586,44.760361,8.258533,3.075869,-0.001777
19.856939,22.476890,40.937733,2665.251892,0.160406,44.761663,8.217846,3.062874,-0.008620
19.884884,22.492083,40.945348,2660.629234,0.158478,44.783064,8.172829,3.047653,0.005746
19.899504,22.516535,40.957229,2656.028347,0.144910,44.792988,8.126936,3.026135,0.002482
19.931391,22.548117,40.968391,2651.469580,0.148107,44.809371,8.096438,3.022060,0.006235
19.953311,22.575806,40.986289,2646.921207,0.141330,44.820936,8.043970,2.996354,0.010613
19.979029,22.595646,40.990515,2642.398050,0.122486,44.830462,8.024238,2.999051,0.004590
20.002906,22.634478,41.000264,2637.901503,0.112306,44.851773,7.972688,2.965237,-0.003601
20.025153,22.649736,41.004438,2633.429144,0.101789,44.852154,7.941259,2.954692,0.000194
20.056789,22.679731,41.004953,2628.975105,0.087185,44.879536,7.906285,2.948857,-0.002853
20.074596,22.704761,41.019150,2624.548384,0.070085,44.883851,7.877472,2.931943,-0.004178
20.107830,22.741814,41.021956,2620.136263,0.052121,44.903338,7.844628,2.926816,-0.000701
20.126068,22.765297,41.024643,2615.754737,0.043174,44.908437,7.812631,2.920223,0.000963
20.163686,22.781068,41.029562,2611.385658,0.026756,44.921352,7.787177,2.900259,-0.010125
20.181373,22.811582,41.030400,2607.041818,-0.016687,44.937354,7.760372,2.894612,0.002085
20.196267,22.836929,41.025108,2602.710866,-0.019687,44.954108,7.734260,2.873236,-0.006467
20.235921,22.864738,41.018650,2598.404539,-0.056312,44.966877,7.708565,2.875490,0.000019
20.255752,22.892050,41.014045,2594.118583,-0.073109,44.981976,7.681366,2.868851,-0.002308
20.285155,22.921673,41.015654,2589.845080,-0.094141,44.991473,7.666953,2.865857,0.001893
20.305835,22.946256,41.005579,2585.592088,-0.116445,45.008077,7.658659,2.851198,-0.003698
20.330437,22.970681,40.994567,2581.351793,-0.140020,45.016525,7.637028,2.835167,0.002183
20.349280,22.997018,40.993848,2577.126470,-0.172380,45.035272,7.628388,2.841374,0.001926
20.378156,23.026226,40.976098,2572.911153,-0.195617,45.039914,7.601375,2.846704,0.002141
20.393891,23.039625,40.958972,2568.716612,-0.222093,45.067825,7.610235,2.827079,0.000396
20.423223,23.076602,40.946279,2564.529407,-0.254541,45.080545,7.601837,2.830053,-0.000690
20.441736,23.090310,40.930187,2560.346227,-0.280704,45.078960,7.595293,2.826601,-0.003184
20.475437,23.130777,40.901081,2556.185888,-0.303165,45.104243,7.582883,2.829345,0.000825
20.497845,23.150507,40.883798,2552.021217,-0.340479,45.113453,7.576670,2.830722,-0.006726
20.530048,23.167678,40.858743,2547.883811,-0.361348,45.125855,7.585615,2.811929,0.006058
20.538742,23.203830,40.839890,2543.736249,-0.395477,45.132514,7.585389,2.825796,-0.002216
20.572494,23.227482,40.811585,2539.600503,-0.412444,45.158343,7.598172,2.831248,-0.000454
20.591837,23.250561,40.782460,2535.462121,-0.446827,45.163887,7.599294,2.823166,-0.002028
20.631473,23.273020,40.753140,2531.339793,-0.482876,45.182081,7.609706,2.832459,-0.000147
20.644160,23.304608,40.712096,2527.211610,-0.505154,45.189645,7.618397,2.837232,-0.000813
20.662099,23.324015,40.672592,2523.080279,-0.534777,45.211529,7.623660,2.844333,0.011671
20.687967,23.362724,40.648908,2518.948463,-0.571342,45.231439,7.644603,2.842043,-0.001814
20.718136,23.384978,40.607292,2514.827385,-0.585668,45.238954,7.662602,2.844060,0.004510
20.734457,23.412888,40.565056,2510.695850,-0.618578,45.245681,7.669867,2.857652,0.012108
20.760070,23.434903,40.528074,2506.558124,-0.641807,45.258264,7.689259,2.855086,0.006779
20.779484,23.455245,40.483098,2502.431368,-0.676145,45.274849,7.710105,2.874025,0.003522
20.809113,23.488723,40.438872,2498.285781,-0.695614,45.293541,7.738511,2.885368,-0.003991
20.830093,23.513796,40.388467,2494.131542,-0.729658,45.308798,7.763035,2.904887,-0.001416
20.850703,23.543521,40.343760,2489.965818,-0.751763,45.318473,7.783205,2.899569,0.002314
20.869360,23.561785,40.289809,2485.802979,-0.774469,45.338109,7.824233,2.907255,0.001636
20.894154,23.587839,40.248875,2481.626559,-0.799346,45.341507,7.856949,2.924602,0.000826
20.930072,23.616242,40.186678,2477.435702,-0.809296,45.351726,7.871128,2.936116,0.000273
20.949912,23.640054,40.141093,2473.230790,-0.826024,45.383149,7.912379,2.940913,-0.006471
20.979052,23.669212,40.082628,2469.029659,-0.851684,45.383925,7.944515,2.959064,-0.004313
20.998560,23.688907,40.024249,2464.793769,-0.863739,45.391895,7.975258,2.971681,-0.005498
21.027853,23.714685,39.980699,2460.533271,-0.893763,45.408196,8.019549,2.990377,0.001836
21.038517,23.738170,39.908466,2456.280003,-0.911887,45.419297,8.046245,2.999287,-0.002255
21.074487,23.764496,39.856651,2451.997508,-0.922442,45.430027,8.097685,3.017901,0.005132
21.088461,23.794370,39.793072,2447.706469,-0.932279,45.451793,8.130306,3.035152,0.000571
21.110867,23.813690,39.735298,2443.385403,-0.951382,45.469044,8.179015,3.037680,0.001691
21.134676,23.832016,39.669460,2439.052468,-0.963729,45.482276,8.213884,3.055484,-0.001250
21.154184,23.868257,39.617574,2434.698388,-0.975445,45.492835,8.256198,3.065974,0.005529
21.180978,23.882800,39.544892,2430.311168,-0.978145,45.511344,8.297059,3.089965,-0.007107
21.194277,23.908560,39.488870,2425.925823,-0.993486,45.524386,8.345369,3.103860,0.002003
21.224724,23.933663,39.424866,2421.489365,-0.993536,45.532428,8.380540,3.134408,-0.007630
21.244559,23.958629,39.350108,2417.044342,-1.001719,45.546527,8.433156,3.145955,0.005032
21.261569,23.980104,39.294910,2412.576067,-1.004508,45.562792,8.475302,3.154464,-0.002358
21.295684,23.999062,39.230234,2408.087358,-1.014073,45.576567,8.508681,3.167194,-0.001347
21.311719,24.046638,39.176363,2403.575998,-1.008038,45.594902,8.557824,3.190368,0.000181
21.335635,24.062046,39.100288,2399.026443,-1.016926,45.602606,8.616482,3.200510,0.001482
21.365381,24.084768,39.046629,2394.465366,-1.007638,45.613381,8.649834,3.225873,-0.002663
21.387383,24.118069,38.970786,2389.867605,-1.002521,45.627098,8.699939,3.247262,-0.001267
21.406760,24.137612,38.912416,2385.254685,-1.007830,45.643802,8.739087,3.261709,-0.006793
21.427918,24.169919,38.854270,2380.605463,-0.979322,45.661088,8.780425,3.282207,-0.009004
21.443153,24.183350,38.779477,2375.939525,-0.989365,45.668965,8.823473,3.290743,-0.000490
21.472390,24.214137,38.732615,2371.245946,-0.971249,45.672979,8.872244,3.296606,-0.005515
21.495134,24.235166,38.667006,2366.532654,-0.958275,45.697951,8.902727,3.315821,-0.007172
21.511032,24.263401,38.616609,2361.783617,-0.947777,45.719356,8.939784,3.333191,-0.003064
21.536962,24.280875,38.550322,2357.024099,-0.939566,45.722968,8.989247,3.355162,0.001068
21.558119,24.297868,38.499915,2352.219477,-0.925963,45.741849,9.010641,3.360443,0.006728
21.584126,24.335182,38.444199,2347.406994,-0.913750,45.757670,9.050636,3.371145,-0.004323
21.604812,24.349867,38.384291,2342.564729,-0.887296,45.769538,9.087949,3.379507,0.003299
21.627682,24.377202,38.333513,2337.704513,-0.871671,45.787596,9.124124,3.388548,0.006367
21.648074,24.401523,38.270378,2332.825100,-0.851274,45.791902,9.140643,3.400775,0.005118
21.677009,24.429403,38.230734,2327.925115,-0.833153,45.804155,9.175483,3.421360,0.002082
21.687021,24.458016,38.173666,2323.002398,-0.822613,45.822387,9.210798,3.427670,0.002940
21.715372,24.469433,38.125396,2318.047193,-0.797046,45.835645,9.220220,3.442334,0.004108
21.730124,24.501691,38.078703,2313.088382,-0.773976,45.854694,9.249959,3.450044,0.001447
21.766622,24.525753,38.022956,2308.111853,-0.746841,45.865126,9.271033,3.446588,0.004205
21.772686,24.552282,37.986278,2303.116450,-0.717812,45.882079,9.289917,3.452440,-0.004319
21.799758,24.580120,37.942349,2298.093709,-0.714655,45.897259,9.300747,3.468825,-0.001710
21.829550,24.597507,37.904652,2293.074598,-0.676806,45.909756,9.311277,3.473321,-0.002333
21.842827,24.608592,37.865529,2288.030343,-0.646869,45.928369,9.319207,3.472865,-0.001252
21.861055,24.644770,37.820676,2282.981966,-0.645081,45.931451,9.345443,3.481167,-0.002004
21.888704,24.660889,37.791139,2277.915153,-0.604100,45.946839,9.341591,3.486807,-0.004259
21.900589,24.682198,37.760806,2272.852951,-0.580839,45.954289,9.340003,3.487775,-0.000838
21.921337,24.714589,37.720568,2267.775968,-0.555887,45.977177,9.349616,3.480002,-0.002184
21.950878,24.737049,37.691227,2262.682541,-0.519442,45.983560,9.350616,3.477161,0.002729
21.969615,24.760577,37.648555,2257.591233,-0.498232,45.996253,9.345951,3.484964,0.002668
21.993946,24.779241,37.628196,2252.495351,-0.473951,46.011872,9.336795,3.485539,0.003737
22.009865,24.811419,37.598322,2247.392873,-0.457852,46.027978,9.335845,3.481612,-0.017088
22.025474,24.822422,37.569635,2242.290070,-0.431015,46.046606,9.329233,3.471990,-0.003918
22.050576,24.857216,37.549490,2237.178202,-0.410085,46.051982,9.317695,3.467385,0.001715
22.073733,24.880293,37.518905,2232.077775,-0.379951,46.069786,9.305239,3.470405,0.002461
22.095647,24.898145,37.501180,2226.976443,-0.360111,46.089882,9.291809,3.468493,0.004102
22.120851,24.921703,37.484671,2221.875152,-0.336536,46.097890,9.274988,3.456400,-0.007074
22.136337,24.950572,37.467417,2216.787409,-0.321082,46.112031,9.253983,3.452218,-0.000289
22.157452,24.969837,37.448467,2211.699337,-0.300721,46.116684,9.235997,3.440756,-0.001181
22.168402,24.990578,37.432226,2206.605214,-0.270971,46.138728,9.211510,3.435528,0.003545
22.199014,25.017477,37.411562,2201.532299,-0.259765,46.148643,9.202292,3.432066,-0.002761
22.221601,25.034762,37.400209,2196.455007,-0.249277,46.165623,9.169150,3.415313,-0.000055
22.249032,25.063040,37.389555,2191.402609,-0.226484,46.174575,9.142363,3.410424,-0.006540
22.258188,25.080305,37.369313,2186.356539,-0.199888,46.196058,9.115921,3.397300,0.006578
22.284431,25.108396,37.364463,2181.313343,-0.200630,46.202089,9.093532,3.389144,-0.003570
22.290389,25.127818,37.352810,2176.291655,-0.184007,46.221873,9.062539,3.372820,-0.001946
22.319777,25.148464,37.335809,2171.275423,-0.173339,46.220376,9.030966,3.365861,-0.002474
22.342437,25.175391,37.334449,2166.280188,-0.156222,46.240305,9.009409,3.352000,0.004679
22.357155,25.199034,37.317816,2161.296804,-0.146583,46.260715,8.977004,3.333730,-0.005333
22.376725,25.227063,37.304315,2156.329741,-0.143229,46.271173,8.943728,3.341721,0.001024
22.405196,25.241241,37.308153,2151.372258,-0.148284,46.287562,8.912303,3.319570,-0.004942
22.419279,25.262988,37.293597,2146.429001,-0.140044,46.294251,8.882734,3.304248,0.002223
22.429523,25.287475,37.289694,2141.518912,-0.126763,46.310738,8.850324,3.298500,-0.002851
22.455675,25.308846,37.283581,2136.609766,-0.125070,46.330158,8.813374,3.291508,-0.001403
22.473946,25.329280,37.283191,2131.719528,-0.120234,46.340572,8.796843,3.270632,-0.000320
22.492429,25.351936,37.270150,2126.854229,-0.128069,46.345549,8.760516,3.270233,-0.002553
22.515889,25.379695,37.264048,2122.002977,-0.140031,46.366164,8.733896,3.247931,0.004874
22.536183,25.410123,37.258048,2117.151003,-0.130645,46.376673,8.696619,3.239419,-0.002297
22.557281,25.408183,37.248721,2112.338535,-0.134514,46.385383,8.659653,3.224671,0.006838
22.572178,25.440469,37.248556,2107.558069,-0.143497,46.406157,8.634465,3.219574,0.009775
22.597461,25.469924,37.233728,2102.775017,-0.154348,46.420138,8.601591,3.207012,-0.001844
22.614525,25.491653,37.230665,2098.006007,-0.156855,46.421151,8.577198,3.198831,-0.002833
22.637498,25.505261,37.216063,2093.272798,-0.174976,46.449464,8.555346,3.192411,-0.008207
22.655080,25.535103,37.204823,2088.550973,-0.184948,46.451803,8.518843,3.180262,-0.005855
22.674459,25.559548,37.190568,2083.831160,-0.200344,46.462689,8.490577,3.167162,-0.004000
22.690150,25.583445,37.176098,2079.147448,-0.209751,46.486506,8.472542,3.164637,-0.003694
22.714541,25.596510,37.178458,2074.486383,-0.225469,46.489857,8.437716,3.146209,-0.001165
22.726061,25.618196,37.159023,2069.825879,-0.242317,46.510921,8.424367,3.140038,0.005363
22.753875,25.645924,37.158895,2065.178968,-0.259533,46.517314,8.398990,3.129493,0.004413
22.776503,25.659848,37.131070,2060.569414,-0.280511,46.533890,8.386820,3.116367,0.000597
22.789359,25.689696,37.123947,2055.962234,-0.300217,46.540227,8.365533,3.122926,0.000116
22.801766,25.701526,37.093896,2051.370096,-0.322018,46.572282,8.349690,3.110817,-0.007389
22.826342,25.727684,37.085190,2046.788272,-0.338078,46.573294,8.326180,3.094478,0.004651
22.843703,25.746451,37.061374,2042.235214,-0.364866,46.593332,8.315677,3.105858,0.006941
22.866156,25.777272,37.039876,2037.688185,-0.400871,46.597951,8.304502,3.102376,0.003545
22.877479,25.789159,37.014802,2033.156397,-0.421632,46.614914,8.282348,3.091378,0.003179
22.904381,25.813623,36.998360,2028.638921,-0.438947,46.618573,8.273353,3.077449,-0.005397
22.924104,25.840203,36.979241,2024.120739,-0.449138,46.646668,8.271664,3.064921,-0.004049
22.932485,25.861480,36.957133,2019.623082,-0.487406,46.652157,8.254484,3.069244,0.005760
22.968238,25.873155,36.929843,2015.147878,-0.512476,46.662807,8.257427,3.074095,0.003476
22.970580,25.900344,36.887206,2010.664843,-0.540579,46.675278,8.255997,3.073703,-0.004138
22.995530,25.927601,36.872250,2006.208417,-0.564908,46.688364,8.241518,3.068127,0.003724
23.007726,25.945963,36.837841,2001.740866,-0.595115,46.713854,8.241383,3.076582,0.000811
23.029088,25.966899,36.802907,1997.283031,-0.624915,46.723287,8.231412,3.062151,0.006164
23.057632,25.985054,36.778048,1992.839570,-0.651179,46.738289,8.254477,3.078499,-0.009094
23.071361,26.012886,36.738651,1988.397888,-0.674301,46.747892,8.245883,3.069217,0.000739
23.086798,26.035957,36.698599,1983.958235,-0.715118,46.767097,8.252429,3.072059,0.006121
23.103777,26.052866,36.669756,1979.526841,-0.734312,46.772570,8.261266,3.083671,0.001738
23.123897,26.074493,36.622448,1975.103311,-0.760029,46.797993,8.269920,3.079985,0.003405
23.131072,26.094710,36.587088,1970.673669,-0.793012,46.807348,8.277383,3.092915,-0.005735
23.163209,26.112507,36.534002,1966.250275,-0.810358,46.809940,8.286909,3.083449,-0.000470
23.168666,26.128952,36.504937,1961.819957,-0.846017,46.831299,8.295663,3.090901,0.001562
23.198539,26.152044,36.465966,1957.403090,-0.864203,46.837251,8.323132,3.093783,0.000515
23.215939,26.174062,36.411315,1952.973783,-0.892552,46.859926,8.342191,3.099480,0.002726
23.228879,26.192551,36.369528,1948.545666,-0.921033,46.867880,8.346550,3.104698,-0.001090
23.250666,26.219134,36.315796,1944.115021,-0.948469,46.888905,8.365097,3.108655,-0.000159
23.258972,26.240892,36.265200,1939.680565,-0.971081,46.895003,8.383637,3.115380,-0.000574
23.281113,26.252501,36.225142,1935.240243,-0.991035,46.909585,8.398168,3.135232,0.001174
23.302886,26.280775,36.177239,1930.793309,-1.026968,46.922106,8.426125,3.134866,-0.000717
23.307537,26.300412,36.118403,1926.335774,-1.044415,46.929326,8.451093,3.155580,0.005315
23.327126,26.325524,36.070593,1921.871778,-1.062800,46.955624,8.471836,3.144501,-0.005975
23.360016,26.347102,36.008839,1917.404636,-1.075364,46.956223,8.503843,3.172882,-0.008765
23.367075,26.358694,35.950755,1912.923032,-1.100638,46.981367,8.530802,3.174997,0.006283
23.395704,26.379252,35.900304,1908.435151,-1.121625,46.989980,8.556203,3.191156,-0.006846
23.408024,26.397034,35.849311,1903.937311,-1.137773,46.994743,8.568151,3.198758,0.003701
23.428432,26.423983,35.788402,1899.428243,-1.157177,47.017938,8.607855,3.212657,0.006466
23.443835,26.438088,35.718879,1894.911930,-1.165553,47.022559,8.627280,3.209990,-0.003545
23.456206,26.466440,35.664230,1890.385207,-1.178590,47.047295,8.671932,3.228162,-0.005945
23.477638,26.477738,35.603788,1885.838472,-1.195617,47.057310,8.693987,3.248762,-0.003262
23.493174,26.502025,35.550451,1881.270480,-1.221582,47.066535,8.721232,3.249814,0.009050
23.510142,26.515089,35.496590,1876.698806,-1.218229,47.084503,8.754410,3.259673,-0.004674
23.535675,26.544263,35.431807,1872.103624,-1.218318,47.101199,8.782512,3.272279,-0.000932
23.540372,26.555766,35.363667,1867.498223,-1.238008,47.110835,8.823630,3.291033,-0.005018
23.556699,26.588069,35.305397,1862.880671,-1.251014,47.118663,8.854322,3.291608,-0.002070
23.581443,26.601630,35.258973,1858.235016,-1.246682,47.127982,8.883855,3.310871,0.001628
23.594356,26.619913,35.187305,1853.580705,-1.255332,47.143417,8.906229,3.325504,0.004558
23.602652,26.638252,35.137752,1848.922679,-1.258824,47.154292,8.936358,3.327665,-0.003316
23.631233,26.668333,35.068030,1844.237852,-1.258766,47.163734,8.974470,3.343370,-0.000843
23.649731,26.675648,35.008644,1839.528574,-1.268006,47.188445,9.013506,3.348508,-0.003826
23.664247,26.710790,34.952940,1834.823203,-1.259496,47.203770,9.038317,3.356715,-0.004332
23.680237,26.718303,34.890984,1830.069680,-1.264121,47.204479,9.066878,3.377741,0.008981
23.694661,26.739319,34.819652,1825.314529,-1.263674,47.217671,9.095226,3.387940,0.008552
23.718103,26.757772,34.767659,1820.541528,-1.249483,47.239799,9.124765,3.395042,0.002092
23.722435,26.777895,34.704703,1815.753923,-1.250772,47.247877,9.151196,3.407397,-0.001884
23.744377,26.799529,34.648797,1810.934349,-1.231550,47.267902,9.180025,3.417671,0.008139
23.757605,26.812837,34.587233,1806.126939,-1.234344,47.270685,9.205501,3.426758,0.002268
23.786744,26.830153,34.528687,1801.271253,-1.225895,47.295238,9.230433,3.437888,0.011618
23.786248,26.862342,34.476587,1796.425474,-1.199725,47.298945,9.266027,3.447556,0.009108
23.810053,26.882240,34.421551,1791.552071,-1.198038,47.320396,9.277474,3.453818,-0.004662
23.827522,26.900835,34.366374,1786.647208,-1.179425,47.329935,9.305776,3.469438,-0.004913
23.841876,26.928803,34.307702,1781.750163,-1.162398,47.345048,9.335972,3.469625,-0.000374
23.862173,26.938570,34.256582,1776.830285,-1.157039,47.361108,9.338143,3.480097,-0.007953
23.870949,26.951455,34.202975,1771.903048,-1.144389,47.368244,9.361719,3.487974,0.007830
23.889302,26.989390,34.150465,1766.952437,-1.128629,47.384429,9.378552,3.485537,-0.009682
23.902969,26.983518,34.102949,1762.003292,-1.108086,47.387771,9.391836,3.496530,0.000552
23.930257,27.005892,34.043846,1757.021033,-1.097749,47.411725,9.405004,3.508861,-0.004939
23.935842,27.024831,33.999750,1752.031514,-1.074681,47.423197,9.429294,3.502654,-0.004032
23.957919,27.044612,33.949585,1747.039392,-1.055498,47.427416,9.438805,3.513446,-0.007064
23.975144,27.070183,33.905860,1742.032762,-1.048040,47.446176,9.445821,3.517206,0.004299
23.994312,27.075432,33.861791,1737.024602,-1.020676,47.459246,9.455375,3.518060,0.006012
24.000677,27.108455,33.804819,1731.998527,-1.008014,47.477314,9.457042,3.532532,-0.008238
24.015128,27.117270,33.756074,1726.963468,-0.987641,47.481116,9.476379,3.521126,0.004072
24.026182,27.149130,33.718154,1721.923070,-0.962257,47.498344,9.461093,3.523773,-0.004944
24.052111,27.166112,33.677347,1716.873830,-0.950952,47.517389,9.457490,3.524679,-0.008298
24.065371,27.188117,33.630590,1711.826466,-0.935504,47.517105,9.470078,3.525390,0.001553
24.074257,27.195600,33.591375,1706.777945,-0.908385,47.532205,9.461035,3.525048,-0.002173
24.092676,27.218866,33.548975,1701.707997,-0.890209,47.549660,9.465030,3.530319,0.000448
24.116111,27.243066,33.507608,1696.654524,-0.870882,47.562376,9.461817,3.511989,-0.000814
24.128713,27.255027,33.469556,1691.593549,-0.854014,47.570858,9.464490,3.519358,-0.001941
24.139092,27.264174,33.433745,1686.521935,-0.828609,47.585793,9.445519,3.521636,0.003418
24.162475,27.295294,33.397437,1681.450294,-0.816068,47.595892,9.437492,3.520530,0.005812
24.182685,27.310442,33.357248,1676.388963,-0.802275,47.618462,9.423618,3.510568,-0.004191
24.182915,27.332080,33.325185,1671.330044,-0.776583,47.620679,9.422924,3.516076,0.003891
24.201074,27.339878,33.285213,1666.264366,-0.776934,47.633830,9.400683,3.505122,0.000977
24.216804,27.369541,33.256046,1661.215925,-0.758628,47.661658,9.397280,3.496483,-0.003570
24.235098,27.386970,33.229601,1656.155419,-0.739879,47.653771,9.380150,3.502250,-0.003595
24.246403,27.407002,33.197405,1651.110639,-0.738131,47.678600,9.362509,3.482023,0.006549
24.260243,27.410891,33.162039,1646.062596,-0.723497,47.683517,9.339552,3.485833,0.001220
24.272539,27.437616,33.133108,1641.024865,-0.712650,47.702475,9.331880,3.472521,-0.002088
24.292865,27.456853,33.106522,1635.993970,-0.706915,47.715123,9.313034,3.476789,0.004849
24.304255,27.474133,33.066837,1630.987259,-0.695052,47.729462,9.296833,3.464347,0.004477
24.325229,27.490467,33.041045,1625.962768,-0.690545,47.743139,9.264957,3.462122,-0.002120
24.339970,27.508670,33.013618,1620.954363,-0.675149,47.757638,9.254525,3.451763,-0.005208
24.363222,27.528383,32.989208,1615.960285,-0.666829,47.764447,9.224977,3.433525,0.006718
24.362281,27.544438,32.951657,1610.987500,-0.667066,47.779139,9.214485,3.436975,0.003456
24.386526,27.560040,32.930179,1606.003185,-0.665324,47.780538,9.202443,3.429153,-0.001105
24.390167,27.582256,32.903241,1601.035731,-0.658736,47.793960,9.178294,3.422591,-0.002363
24.408091,27.596094,32.875863,1596.086309,-0.659175,47.824091,9.150492,3.406374,0.002624
24.423198,27.609652,32.849484,1591.149014,-0.663147,47.828600,9.121705,3.397123,-0.005618
24.435850,27.630300,32.815201,1586.225304,-0.670586,47.838793,9.110654,3.401813,0.001320
24.451871,27.641255,32.791651,1581.301583,-0.673034,47.844831,9.087811,3.387234,-0.001808
24.468991,27.662836,32.758337,1576.398214,-0.677786,47.860750,9.074301,3.373914,0.006615
24.478878,27.679055,32.746785,1571.516663,-0.678238,47.867793,9.053414,3.373426,-0.000675
24.485158,27.695685,32.704123,1566.637133,-0.689419,47.889620,9.028648,3.365692,-0.000325
24.521594,27.713666,32.670101,1561.773031,-0.699933,47.903061,9.007254,3.356383,0.003819
24.519372,27.741124,32.648842,1556.921469,-0.702677,47.912059,8.990958,3.352889,0.002096
24.538735,27.757220,32.624972,1552.084593,-0.725263,47.937596,8.977833,3.335933,0.004722
24.541602,27.765654,32.598098,1547.249741,-0.737264,47.932820,8.957646,3.334490,-0.001547
24.553162,27.787717,32.553865,1542.455660,-0.749449,47.945123,8.940690,3.319273,-0.001188
24.576332,27.799700,32.525630,1537.658277,-0.764207,47.964237,8.920222,3.317128,0.001408
24.582563,27.809962,32.498636,1532.880943,-0.784193,47.969701,8.904467,3.320579,0.002236
24.610974,27.831703,32.468391,1528.106503,-0.793810,47.988123,8.879721,3.322469,0.005766
24.611050,27.845564,32.430971,1523.348858,-0.815352,47.997537,8.878789,3.298263,-0.001234
24.639819,27.861042,32.402440,1518.605640,-0.834986,48.003851,8.861329,3.298428,0.000851
24.649740,27.885922,32.369764,1513.886031,-0.859112,48.015647,8.837561,3.292610,-0.005237
24.665590,27.901499,32.337920,1509.161236,-0.880996,48.037417,8.825348,3.286373,0.000805
24.683057,27.909919,32.295961,1504.463933,-0.903562,48.062416,8.829672,3.281137,-0.010857
24.685923,27.930832,32.260220,1499.762429,-0.918382,48.062374,8.804780,3.277129,-0.001383
24.699379,27.950003,32.228435,1495.086753,-0.956059,48.068996,8.798692,3.275517,0.007682
24.718141,27.961830,32.181794,1490.416642,-0.976529,48.079622,8.790039,3.273865,0.003305
24.735984,27.982332,32.159115,1485.754963,-1.000745,48.091857,8.781272,3.272744,0.007795
24.737203,28.007551,32.113992,1481.110319,-1.027270,48.103672,8.786476,3.267967,0.000457
24.752070,28.013726,32.065975,1476.467596,-1.050258,48.127015,8.761546,3.271995,0.003399
24.765506,28.033325,32.019128,1471.839278,-1.074385,48.134442,8.773100,3.259919,-0.000585
24.784764,28.054572,31.984381,1467.221792,-1.106265,48.144963,8.754600,3.266773,-0.003631
24.792853,28.058004,31.954942,1462.607377,-1.135608,48.160626,8.755622,3.260224,-0.007749
24.807183,28.083736,31.889277,1457.992897,-1.157672,48.171737,8.762504,3.265520,-0.001649
24.819670,28.104012,31.856831,1453.409648,-1.189306,48.184747,8.761489,3.260802,0.001755
24.830253,28.114080,31.801866,1448.821759,-1.218302,48.192777,8.764687,3.266508,-0.001888
24.841197,28.128502,31.762447,1444.250629,-1.247792,48.205563,8.765792,3.271762,-0.001175
24.855467,28.137901,31.715801,1439.663578,-1.273635,48.223784,8.764888,3.264733,-0.005895
24.878562,28.150270,31.663928,1435.092634,-1.317118,48.241288,8.774239,3.269426,-0.003730
24.885220,28.189365,31.623135,1430.529419,-1.341320,48.243957,8.765542,3.275872,-0.001941
24.894401,28.196835,31.561729,1425.969080,-1.368052,48.252489,8.787551,3.270779,0.002183
24.904752,28.206000,31.512666,1421.408945,-1.398095,48.267783,8.782304,3.269138,-0.000073
24.930582,28.226196,31.457643,1416.854479,-1.413246,48.279859,8.788697,3.274164,0.008295
24.930871,28.237741,31.414993,1412.305578,-1.458148,48.289493,8.804874,3.275226,0.006208
24.952895,28.257358,31.356558,1407.760433,-1.482901,48.302802,8.821228,3.288447,-0.004917
24.956820,28.269473,31.294386,1403.205211,-1.511885,48.305162,8.828864,3.291123,0.004417
24.977995,28.282554,31.240727,1398.644230,-1.531711,48.317268,8.847653,3.288060,0.000144
24.984657,28.295426,31.190594,1394.098555,-1.567948,48.350365,8.858271,3.303967,0.002717
24.993548,28.316027,31.128618,1389.553673,-1.580356,48.345375,8.874564,3.295387,0.001318
25.009456,28.335249,31.075040,1385.009572,-1.612999,48.354596,8.880287,3.313370,0.003423
25.036696,28.354790,31.016725,1380.464462,-1.648218,48.376705,8.895808,3.314400,-0.002488
25.043291,28.364360,30.958159,1375.900951,-1.668158,48.395385,8.902861,3.312986,0.000454
25.049760,28.378231,30.895085,1371.334934,-1.691528,48.402778,8.930041,3.332884,0.009394
25.055251,28.396945,30.845336,1366.786853,-1.710807,48.417127,8.938959,3.340513,-0.005874
25.073234,28.396327,30.773637,1362.209624,-1.726237,48.421335,8.952724,3.337536,-0.007458
25.076470,28.421386,30.709534,1357.641512,-1.746140,48.435134,8.985365,3.347996,0.003848
25.086788,28.435629,30.648290,1353.066199,-1.764104,48.444467,8.999228,3.352879,-0.008703
25.113324,28.447237,30.570768,1348.483871,-1.786156,48.452506,9.013938,3.356939,-0.000031
25.118890,28.467160,30.518301,1343.908661,-1.807098,48.468598,9.041735,3.371744,0.003737
25.132165,28.490550,30.460386,1339.309036,-1.822395,48.486855,9.045005,3.376715,-0.011139
25.145185,28.496530,30.389496,1334.714084,-1.844809,48.490431,9.078624,3.388177,-0.001633
25.160539,28.513961,30.330430,1330.105359,-1.859673,48.494976,9.096695,3.378011,0.001022
25.175753,28.525411,30.265764,1325.498313,-1.864501,48.522193,9.108822,3.389900,-0.003038
25.177122,28.536081,30.210293,1320.878014,-1.883971,48.533147,9.130734,3.398698,0.005703
25.189581,28.565669,30.134594,1316.247143,-1.898743,48.542725,9.147435,3.410787,-0.004676
25.203473,28.563120,30.060117,1311.608315,-1.902315,48.556018,9.169774,3.414041,0.003989
25.210142,28.592995,30.007566,1306.965662,-1.917771,48.565569,9.185714,3.430052,0.000569
25.227166,28.589098,29.937440,1302.311801,-1.926542,48.575508,9.210231,3.436125,0.003054
25.240303,28.612153,29.867888,1297.646130,-1.936326,48.581792,9.224103,3.437239,-0.000551
25.251210,28.623700,29.810550,1292.985699,-1.933505,48.603780,9.244163,3.446366,-0.002645
25.261567,28.643450,29.740176,1288.308171,-1.936888,48.604921,9.267899,3.445693,-0.004531
25.271010,28.653662,29.676879,1283.614465,-1.939550,48.620647,9.287528,3.452902,-0.003085
25.281914,28.674181,29.611097,1278.919508,-1.951986,48.636038,9.297737,3.458988,-0.004578
25.291085,28.690946,29.545373,1274.210703,-1.946465,48.651250,9.315675,3.473828,0.012647
25.298938,28.705717,29.474889,1269.509058,-1.958479,48.659626,9.330816,3.477456,-0.010959
25.322338,28.713087,29.420890,1264.774379,-1.951837,48.667469,9.342591,3.481609,-0.000836
25.332831,28.733566,29.346613,1260.056338,-1.947241,48.673447,9.363851,3.490733,0.002746
25.343019,28.738241,29.285055,1255.299849,-1.951258,48.706895,9.376227,3.490999,-0.004423
25.348371,28.757084,29.225810,1250.556686,-1.940444,48.695398,9.394518,3.492579,-0.000008
25.362266,28.760310,29.154496,1245.810360,-1.945845,48.718961,9.398505,3.501803,-0.004754
25.368410,28.784141,29.095783,1241.046536,-1.948791,48.734212,9.422075,3.503260,0.005794
25.383529,28.798758,29.040242,1236.284646,-1.944167,48.741893,9.429087,3.517718,0.001425
25.391427,28.816083,28.962673,1231.502720,-1.920233,48.755783,9.436819,3.519178,-0.001299
25.400380,28.827661,28.920931,1226.726000,-1.925142,48.761903,9.440227,3.512857,-0.002017
25.411061,28.836194,28.856068,1221.930576,-1.924263,48.775859,9.444063,3.530627,-0.007786
25.425987,28.856088,28.782784,1217.136982,-1.908138,48.794593,9.461348,3.532031,-0.002594
25.437548,28.860954,28.726582,1212.340291,-1.909267,48.797739,9.463602,3.522169,0.008395
25.451507,28.873499,28.663253,1207.529095,-1.899537,48.805127,9.466842,3.534404,0.002705
25.455658,28.897714,28.604184,1202.728135,-1.893977,48.815831,9.471261,3.528366,0.000143
25.472732,28.915032,28.544306,1197.913310,-1.891567,48.831252,9.477581,3.528793,0.000864
25.479252,28.912575,28.480849,1193.090005,-1.879729,48.839219,9.476646,3.529573,-0.000742
25.488296,28.934183,28.418099,1188.268651,-1.874290,48.853966,9.484677,3.530877,-0.001806
25.493836,28.949734,28.369949,1183.454864,-1.876510,48.857741,9.485020,3.535027,0.008128
25.502424,28.960155,28.304531,1178.630918,-1.875163,48.876451,9.470062,3.533075,-0.004249
25.522652,28.969741,28.258565,1173.801138,-1.853666,48.892611,9.481044,3.532594,-0.000071
25.531552,28.990718,28.194640,1168.983433,-1.854952,48.896654,9.479691,3.530632,-0.000486
25.546546,28.993105,28.138168,1164.168358,-1.842503,48.916480,9.478474,3.528116,0.003199
25.555484,29.010640,28.090979,1159.336381,-1.844372,48.917349,9.475267,3.521545,0.000305
25.564740,29.027367,28.030431,1154.509698,-1.840603,48.934515,9.471205,3.529413,-0.008585
25.567112,29.046112,27.974789,1149.682902,-1.827925,48.949154,9.462871,3.529660,0.004709
25.583973,29.048599,27.912087,1144.875277,-1.831587,48.956438,9.453463,3.512041,-0.003714
25.590622,29.061927,27.861886,1140.057439,-1.829013,48.968844,9.452333,3.518645,-0.005165
25.605216,29.079583,27.813238,1135.247946,-1.824551,48.978045,9.431551,3.517648,-0.004992
25.616944,29.089731,27.757595,1130.433079,-1.817550,48.984366,9.434154,3.519805,0.001817
25.630768,29.101487,27.703346,1125.641028,-1.830597,48.996773,9.422739,3.511127,0.007540
25.631355,29.115914,27.647087,1120.830114,-1.828869,49.019674,9.415593,3.501155,-0.005468
25.646279,29.128003,27.590779,1116.045838,-1.827169,49.021776,9.405384,3.503484,0.000194
25.658396,29.142793,27.549803,1111.256575,-1.825058,49.036216,9.396484,3.503758,-0.003570
25.659747,29.151537,27.492724,1106.467543,-1.822814,49.039435,9.383264,3.494813,0.003440
25.674153,29.165926,27.442258,1101.699387,-1.830755,49.063212,9.374029,3.495326,-0.002605
25.680745,29.169861,27.382864,1096.936486,-1.834765,49.066682,9.363072,3.491213,-0.002237
25.687702,29.183252,27.327645,1092.176201,-1.841672,49.075620,9.349790,3.478200,0.003875
25.705865,29.205009,27.270176,1087.432339,-1.854291,49.090538,9.345422,3.480643,-0.005843
25.707568,29.217400,27.230978,1082.681106,-1.867254,49.102000,9.337181,3.483371,-0.000594
25.726204,29.233366,27.169161,1077.956528,-1.866620,49.109543,9.312556,3.459137,-0.007686
25.733134,29.245100,27.126099,1073.241335,-1.887848,49.119522,9.295108,3.471481,0.003536
25.734058,29.248342,27.064756,1068.525438,-1.890378,49.137216,9.293253,3.465661,-0.001475
25.751721,29.255002,27.016181,1063.818437,-1.901227,49.145649,9.269720,3.448413,-0.003952
25.755148,29.275038,26.956717,1059.131738,-1.929180,49.156595,9.256130,3.443705,0.007775
25.764872,29.288380,26.900857,1054.460893,-1.949173,49.169051,9.246427,3.447055,0.000892
25.775364,29.295545,26.851968,1049.781149,-1.963183,49.169202,9.229238,3.450317,-0.000331
25.785757,29.312581,26.799465,1045.128661,-1.976751,49.184003,9.230234,3.436943,-0.002186
25.791321,29.323912,26.747421,1040.487333,-2.002189,49.196281,9.215655,3.437437,-0.000894
25.805644,29.323679,26.684555,1035.851615,-2.022890,49.200945,9.207030,3.432715,-0.006899
25.811188,29.338448,26.636261,1031.227530,-2.034288,49.218315,9.186445,3.422520,0.004017
25.812046,29.355950,26.578737,1026.623254,-2.065900,49.237038,9.180126,3.422198,-0.003296
25.828331,29.364258,26.517779,1022.029956,-2.095630,49.247062,9.174555,3.426246,0.000030
25.836667,29.382322,26.455007,1017.454717,-2.117056,49.249924,9.158804,3.411099,-0.000539
25.845008,29.389657,26.412651,1012.866561,-2.136889,49.268364,9.147294,3.406851,0.009131
25.853365,29.407544,26.356290,1008.301752,-2.170112,49.276858,9.133328,3.406202,-0.002075
25.869258,29.409096,26.298151,1003.758491,-2.198864,49.281168,9.130670,3.402855,-0.003157
25.870482,29.425949,26.227676,999.222089,-2.227938,49.303815,9.123975,3.401783,-0.004102
0.047397,0.052603,52.420805,5006.916469,-0.492349,45.003341,5.772161,2.146964,0.001585
0.093468,0.091769,52.347474,5003.802753,-0.484445,45.004304,5.810883,2.172530,-0.002228
0.144798,0.149667,52.286228,5000.668075,-0.465442,44.996114,5.845296,2.179390,0.001377
0.185148,0.183326,52.234362,4997.498460,-0.464688,45.003862,5.895287,2.197428,-0.004611
0.234237,0.243127,52.168478,4994.320067,-0.454380,45.000614,5.944762,2.217101,-0.012906
0.286281,0.285938,52.116583,4991.093938,-0.442980,45.002705,5.978910,2.225385,0.000175
0.331102,0.329561,52.060924,4987.848563,-0.425906,45.003350,6.020766,2.250597,0.000674
0.375560,0.382205,52.008373,4984.584981,-0.408485,44.995955,6.053072,2.251296,0.005069
0.430102,0.431482,51.944989,4981.293842,-0.398367,44.999463,6.097264,2.280529,-0.000348
0.472690,0.467400,51.903123,4977.971294,-0.382252,44.999221,6.132583,2.283008,0.000561
0.511374,0.517697,51.851879,4974.630957,-0.369585,45.002312,6.168532,2.293218,-0.004105
0.565005,0.565603,51.803345,4971.281120,-0.357770,45.004073,6.191891,2.308456,0.000680
0.613384,0.604064,51.759327,4967.891636,-0.337008,45.009301,6.227444,2.318780,0.002338
0.654164,0.663659,51.724338,4964.483613,-0.327974,45.004658,6.254799,2.325679,0.002525
0.721358,0.712214,51.674114,4961.052429,-0.307258,45.004687,6.284108,2.330461,0.003250
0.756723,0.755960,51.637750,4957.612296,-0.292615,45.008242,6.317415,2.364179,0.004468
0.803396,0.799855,51.592514,4954.156445,-0.277710,45.004587,6.336175,2.357186,0.001073
0.844478,0.848112,51.563146,4950.668918,-0.254927,45.008619,6.354732,2.361929,0.000717
0.897244,0.893807,51.534017,4947.182017,-0.235617,45.015296,6.369319,2.371504,0.005154
0.943488,0.942728,51.503006,4943.670831,-0.211327,45.009177,6.397765,2.376444,0.004063
0.985386,0.993962,51.474044,4940.143902,-0.196509,45.013591,6.409343,2.390850,0.005760
1.027156,1.032807,51.454158,4936.609720,-0.178562,45.005977,6.420853,2.388266,0.007388
1.081852,1.085491,51.436593,4933.069989,-0.164922,45.011975,6.430826,2.395552,0.002154
1.135053,1.132351,51.406844,4929.506658,-0.143794,45.005850,6.439855,2.398447,-0.001607
1.170402,1.171858,51.383885,4925.939168,-0.131517,45.021598,6.447022,2.401730,-0.005034
1.223050,1.214310,51.371503,4922.357187,-0.112544,45.019795,6.451758,2.408084,0.003880
1.271799,1.275031,51.366326,4918.780995,-0.090602,45.026407,6.458353,2.405171,-0.002847
1.311412,1.310285,51.345175,4915.204027,-0.069619,45.025807,6.446638,2.400957,-0.004140
1.361762,1.363929,51.344546,4911.609653,-0.059271,45.020190,6.450304,2.405724,0.001980
1.399057,1.409173,51.339959,4908.010640,-0.035562,45.019005,6.443272,2.394826,-0.007076
1.455753,1.458236,51.340299,4904.416535,-0.017050,45.026346,6.427428,2.393707,0.000013
1.504374,1.499206,51.339719,4900.828364,0.003547,45.023785,6.434454,2.386954,0.003043
1.543770,1.546746,51.325649,4897.230929,0.022496,45.026622,6.420832,2.397871,0.007250
1.593007,1.594069,51.341484,4893.646513,0.032314,45.024913,6.411715,2.387370,-0.000043
1.636330,1.638694,51.347172,4890.059504,0.060297,45.030378,6.397901,2.381486,0.010398
1.691656,1.687840,51.362724,4886.462211,0.079275,45.032607,6.374671,2.377790,-0.005181
1.730993,1.721857,51.369486,4882.891903,0.089000,45.040449,6.358797,2.376503,-0.002307
1.776025,1.778927,51.385832,4879.324830,0.105930,45.039005,6.334395,2.363068,-0.000781
1.824937,1.829400,51.393522,4875.745589,0.116043,45.033521,6.312421,2.347462,-0.002269
1.872751,1.863058,51.414185,4872.198593,0.127561,45.034869,6.295198,2.344633,-0.007083
1.920211,1.917867,51.425238,4868.654181,0.155519,45.041522,6.264930,2.340956,0.001087
1.960632,1.971994,51.448662,4865.122835,0.168242,45.043506,6.250172,2.321872,0.007516
2.007667,2.018750,51.463373,4861.595297,0.178736,45.050974,6.208962,2.321358,-0.001192
2.051262,2.050658,51.486605,4858.086387,0.185430,45.043703,6.182007,2.301146,0.002021
2.102551,2.104762,51.521711,4854.593731,0.199678,45.039487,6.146132,2.295117,-0.006205
2.148495,2.146284,51.537212,4851.105670,0.213819,45.046332,6.120504,2.277924,-0.005886
2.189883,2.185617,51.564432,4847.645459,0.223852,45.066992,6.088924,2.265915,0.006287
2.243816,2.241121,51.592528,4844.206467,0.228131,45.051828,6.055972,2.265638,-0.001962
2.278999,2.288505,51.628795,4840.757020,0.240124,45.056418,6.027817,2.232696,-0.005321
2.329641,2.323857,51.653273,4837.348791,0.248992,45.064850,5.993387,2.234167,-0.002391
2.381004,2.376214,51.687725,4833.936782,0.263301,45.063973,5.947427,2.218715,0.007359
2.425649,2.421337,51.718684,4830.561207,0.259119,45.059947,5.932483,2.204398,0.002997
2.461871,2.472195,51.756740,4827.187451,0.274510,45.068906,5.876995,2.187946,0.007459
2.511466,2.509632,51.794650,4823.850689,0.280515,45.029783,5.843122,2.182091,-21.000685
2.564901,2.561980,51.819238,4820.514672,0.272977,45.006253,5.804729,2.168343,-21.003176
2.600543,2.607485,51.858799,4817.216149,0.267138,44.967998,5.769543,2.145786,-21.006170
2.641134,2.652734,51.895903,4813.931582,0.260902,44.922472,5.740637,2.141084,-21.004551
2.704280,2.693300,51.927571,4810.672886,0.254470,44.902466,5.700852,2.122342,-20.998522
2.738080,2.746649,51.948044,4807.426167,0.263329,44.861483,5.667279,2.106757,-20.989638
2.778552,2.783138,51.987081,4804.212010,0.251098,44.830520,5.636360,2.103090,-20.996874
2.828116,2.830009,52.018137,4801.003138,0.241219,44.800295,5.606736,2.078767,-20.999044
2.877499,2.879711,52.045394,4797.814888,0.239040,44.755143,5.575170,2.080356,-20.999395
2.920167,2.920510,52.079114,4794.650469,0.228278,44.723906,5.544861,2.067376,-21.001410
2.965756,2.970698,52.110712,4791.503651,0.216477,44.689821,5.520362,2.055316,-21.006149
3.021692,3.013306,52.135022,4788.384717,0.209227,44.663250,5.485399,2.042898,-21.008920
3.056394,3.070472,52.159587,4785.266692,0.208789,44.635044,5.466446,2.026507,-20.996250
3.103343,3.094556,52.187743,4782.168535,0.197715,44.603831,5.446324,2.027824,-21.014239
3.149765,3.155497,52.207824,4779.084426,0.184295,44.571075,5.407262,2.019143,-21.002789
3.198822,3.191819,52.238538,4776.030926,0.173099,44.528900,5.392527,2.004258,-21.002655
3.238511,3.240843,52.251449,4772.987871,0.161881,44.503269,5.355036,2.000331,-20.997360
3.296027,3.287497,52.264679,4769.954928,0.156511,44.481590,5.344839,1.991199,-21.000957
3.337530,3.326933,52.290836,4766.935007,0.141673,44.438136,5.315439,1.979876,-21.000611
3.381561,3.377901,52.310431,4763.929595,0.124587,44.421634,5.305640,1.974618,-20.995767
3.422340,3.417032,52.322428,4760.942723,0.102982,44.379992,5.275003,1.969182,-21.008341
3.472123,3.470357,52.341765,4757.972903,0.101636,44.347790,5.269687,1.958337,-20.997914
3.514501,3.516881,52.360188,4755.010946,0.092634,44.321759,5.244988,1.960753,-21.003904
3.566586,3.543648,52.357318,4752.064637,0.077316,44.291585,5.237208,1.951188,-20.999056
3.600129,3.592510,52.365050,4749.125197,0.062694,44.259818,5.224813,1.940918,-20.988790
3.652340,3.639830,52.374075,4746.196292,0.057495,44.226538,5.203841,1.943604,-20.991150
3.702238,3.670883,52.374766,4743.269484,0.024563,44.205551,5.207161,1.931551,-21.003505
3.738716,3.728515,52.376656,4740.359868,0.022850,44.162199,5.195282,1.935980,-20.998990
3.776038,3.777861,52.380227,4737.454872,0.009609,44.139508,5.198076,1.929257,-21.000392
3.836371,3.816780,52.382508,4734.555403,-0.018412,44.104067,5.184870,1.936108,-21.006517
3.878120,3.865017,52.377329,4731.676579,-0.026837,44.076334,5.183339,1.929439,-21.004443
3.924227,3.911645,52.380762,4728.780959,-0.044555,44.039830,5.172067,1.918926,-20.998480
3.967847,3.952883,52.363738,4725.911042,-0.053749,44.020844,5.182610,1.927654,-21.002978
4.016821,3.996756,52.356219,4723.036921,-0.081779,43.998763,5.173486,1.929525,-20.999758
4.063862,4.034933,52.345109,4720.166581,-0.096802,43.959477,5.188734,1.932957,-21.001836
4.111403,4.081409,52.337479,4717.290014,-0.114344,43.929191,5.177385,1.928719,-20.997848
4.161751,4.131146,52.313622,4714.444603,-0.127506,43.893098,5.173432,1.926286,-21.004210
4.197004,4.179361,52.298680,4711.573385,-0.147088,43.870668,5.177880,1.928820,-20.992767
4.246697,4.228120,52.284568,4708.711646,-0.167156,43.845647,5.189345,1.924361,-21.000620
4.290700,4.247552,52.262630,4705.846044,-0.178001,43.806403,5.210031,1.943196,-20.997427
4.325963,4.307100,52.250366,4702.981600,-0.190976,43.782721,5.209948,1.945391,-20.998170
4.378426,4.339102,52.226626,4700.118473,-0.212167,43.763241,5.226574,1.941981,-20.987981
4.423012,4.394153,52.192066,4697.249307,-0.220121,43.726435,5.238706,1.958597,-20.998941
4.468701,4.427557,52.166369,4694.382948,-0.235152,43.690939,5.250569,1.963302,-21.001650
4.522893,4.472495,52.141388,4691.493625,-0.246774,43.665174,5.268278,1.957700,-21.001056
4.561679,4.531096,52.094903,4688.604343,-0.285238,43.628915,5.288306,1.964977,-21.001276
4.609850,4.555635,52.069844,4685.727605,-0.283367,43.599939,5.309787,1.974747,-21.001997
4.651083,4.608762,52.028700,4682.835364,-0.305520,43.569132,5.321069,1.982528,-21.002479
4.694066,4.653034,51.989095,4679.925182,-0.312973,43.534396,5.364233,1.988731,-21.004097
4.743698,4.690957,51.950740,4677.018425,-0.332133,43.512482,5.372074,2.004492,-21.001645
4.783548,4.732234,51.916631,4674.092198,-0.337567,43.483974,5.389511,2.003073,-21.007625
4.830070,4.782730,51.869431,4671.159721,-0.356001,43.446181,5.416532,2.021249,-20.998993
4.877707,4.822719,51.829006,4668.224283,-0.365503,43.418766,5.449262,2.029539,-21.000850
4.922351,4.868937,51.786661,4665.264602,-0.379049,43.384793,5.472093,2.037213,-21.000378
4.965452,4.907438,51.728766,4662.291190,-0.392282,43.351124,5.508907,2.037069,-21.003879
5.002939,4.945437,51.677066,4659.312952,-0.401644,43.316322,5.534157,2.069308,-20.998057
5.058080,4.995080,51.625403,4656.313119,-0.418555,43.294965,5.565367,2.075660,-21.000133
5.108167,5.033184,51.587727,4653.296247,-0.427875,43.255546,5.597962,2.081371,-21.009194
5.138875,5.092364,51.533142,4650.284422,-0.440394,43.219577,5.639071,2.087044,-20.998608
5.197448,5.130139,51.471627,4647.234060,-0.451687,43.192725,5.676513,2.105507,-21.001290
5.239397,5.158325,51.425700,4644.165999,-0.462977,43.161640,5.707087,2.126886,-21.007583
5.285474,5.201457,51.358444,4641.089441,-0.478422,43.133967,5.753079,2.139739,-20.999636
5.327474,5.254098,51.300492,4637.978047,-0.483583,43.094473,5.785929,2.156699,-20.997750
5.373313,5.288021,51.256593,4634.863356,-0.490880,43.062415,5.827502,2.174998,-20.993612
5.424248,5.335038,51.185102,4631.711755,-0.495889,43.032425,5.867085,2.182749,-20.996358
5.469319,5.377152,51.127669,4628.551237,-0.501530,42.991269,5.914393,2.200587,-20.999561
5.510793,5.426199,51.067090,4625.362298,-0.509835,42.959541,5.950310,2.221401,-21.003068
5.554994,5.463124,50.995947,4622.168747,-0.514705,42.925572,5.986650,2.228720,-21.009667
5.608581,5.500859,50.934317,4618.921390,-0.519602,42.886773,6.039668,2.255725,-20.997965
5.643239,5.549767,50.879121,4615.672124,-0.520935,42.848345,6.091827,2.266633,-21.014732
5.701448,5.587063,50.817865,4612.397493,-0.528947,42.823990,6.131800,2.292037,-20.997499
5.736082,5.625617,50.742312,4609.077936,-0.526028,42.779154,6.168361,2.297779,-20.996400
5.784128,5.677987,50.679922,4605.755594,-0.534943,42.741795,6.229467,2.322374,-21.007934
5.837766,5.718682,50.637064,4602.396039,-0.529369,42.713401,6.254783,2.339165,-20.990940
5.867695,5.760709,50.566763,4599.016008,-0.539323,42.682120,6.324108,2.360402,-20.997354
5.930402,5.787735,50.500411,4595.619835,-0.535788,42.647136,6.369551,2.367833,-20.999412
5.962929,5.841337,50.433512,4592.168803,-0.542015,42.614504,6.419271,2.392782,-21.003740
6.013842,5.878975,50.375728,4588.711057,-0.532741,42.573700,6.465177,2.416052,-21.000061
6.056107,5.922801,50.294811,4585.213839,-0.523342,42.524027,6.513178,2.423270,-21.005840
6.097311,5.960710,50.239531,4581.705516,-0.523352,42.491627,6.558641,2.445833,-21.002083
6.147092,6.010964,50.181506,4578.162538,-0.525777,42.450133,6.605005,2.459667,-20.999919
6.183206,6.047896,50.110465,4574.597737,-0.513892,42.415720,6.657363,2.479066,-21.007498
6.243295,6.087255,50.049444,4570.989914,-0.510552,42.370719,6.692590,2.495754,-21.002319
6.284008,6.135191,49.987334,4567.356829,-0.507843,42.338682,6.745037,2.506497,-21.001449
6.324779,6.187075,49.931121,4563.700820,-0.506601,42.297994,6.798065,2.542234,-20.992088
6.370537,6.208092,49.881808,4560.020740,-0.495891,42.250175,6.850388,2.551185,-20.999375
6.412681,6.242958,49.815200,4556.306307,-0.478360,42.220568,6.895361,2.561862,-20.995900
6.459895,6.296516,49.757174,4552.559879,-0.481080,42.168261,6.933103,2.582361,-20.999456
6.507413,6.335874,49.694362,4548.814974,-0.470342,42.136101,6.971614,2.595268,-20.999864
6.551535,6.383169,49.643784,4545.008027,-0.463315,42.092982,7.022005,2.610156,-21.002306
6.599082,6.422964,49.586131,4541.190598,-0.448164,42.049830,7.053129,2.626393,-20.995013
6.642454,6.449355,49.540955,4537.339660,-0.438916,42.007806,7.098842,2.648978,-21.000180
6.687608,6.509701,49.492863,4533.475608,-0.430150,41.971589,7.137192,2.658546,-20.993119
6.736675,6.539494,49.435517,4529.590659,-0.397545,41.975799,7.178494,2.671550,-0.002507
6.773706,6.587114,49.388525,4525.659848,-0.376980,41.979069,7.201350,2.684334,0.002619
6.824048,6.617625,49.347507,4521.718556,-0.349918,41.987610,7.241680,2.698505,-0.001466
6.859792,6.652135,49.304812,4517.749019,-0.336812,41.995162,7.279283,2.702632,-0.006736
6.916610,6.700498,49.264872,4513.758139,-0.315289,42.000333,7.299057,2.715437,-0.000208
6.956696,6.747773,49.234545,4509.744447,-0.284191,42.006063,7.328604,2.736276,0.006245
7.012112,6.786604,49.199434,4505.726788,-0.265470,42.012451,7.342700,2.736886,0.006978
7.044093,6.818556,49.165170,4501.683587,-0.237749,42.010356,7.364096,2.738680,-0.000488
7.091284,6.872104,49.147220,4497.615305,-0.214457,42.023362,7.368672,2.749407,0.010163
7.137416,6.911157,49.116244,4493.548250,-0.194092,42.026511,7.383509,2.762394,0.004027
7.183310,6.950647,49.096335,4489.470741,-0.165837,42.044531,7.394353,2.745802,-0.017264
7.225347,6.983175,49.075770,4485.375669,-0.139947,42.041840,7.399223,2.759184,-0.000559
7.274984,7.023746,49.068060,4481.254023,-0.116283,42.050619,7.403497,2.766215,-0.002312
7.308329,7.070993,49.046726,4477.151741,-0.092477,42.055399,7.399332,2.747954,0.002582
7.359734,7.128859,49.035563,4473.040505,-0.073952,42.059462,7.393725,2.763471,0.002962
7.407479,7.154780,49.037163,4468.925399,-0.041451,42.071405,7.391524,2.758023,0.004611
7.446207,7.192391,49.031568,4464.808345,-0.017828,42.077713,7.384229,2.743967,0.007439
7.490112,7.239195,49.028634,4460.684112,0.011093,42.077780,7.369052,2.748766,-0.002358
7.533614,7.276404,49.027244,4456.570729,0.025903,42.103852,7.354401,2.740586,-0.004663
7.583272,7.313361,49.039503,4452.466497,0.052403,42.091764,7.343921,2.718932,0.002821
7.628540,7.353272,49.043754,4448.356276,0.072347,42.099876,7.313755,2.737667,0.006053
7.671548,7.402364,49.057541,4444.248085,0.099200,42.115761,7.290283,2.717019,-0.006454
7.715088,7.428755,49.067618,4440.164784,0.119291,42.114038,7.261100,2.703198,-0.003845
7.756777,7.476777,49.088828,4436.062999,0.142401,42.124232,7.243503,2.690592,-0.006074
7.801061,7.508191,49.100148,4431.999368,0.166000,42.136483,7.202919,2.681898,0.005623
7.837159,7.549531,49.121435,4427.942241,0.173262,42.150700,7.164169,2.671102,-0.004192
7.884059,7.602681,49.142638,4423.885416,0.193544,42.151609,7.136365,2.668199,-0.001914
7.933433,7.636300,49.170580,4419.871614,0.210353,42.159460,7.102452,2.644046,0.001015
7.979302,7.679475,49.194463,4415.850821,0.231488,42.151370,7.057854,2.631844,-0.006163
8.017257,7.719196,49.215171,4411.864536,0.248485,42.170412,7.018482,2.614876,0.001577
8.060234,7.751638,49.247300,4407.885796,0.262054,42.182985,6.974052,2.595739,-0.007983
8.098386,7.790736,49.284689,4403.930247,0.279633,42.187824,6.939007,2.575694,0.007095
8.153776,7.830891,49.315466,4399.998996,0.296764,42.189202,6.898058,2.568607,-0.006957
8.199292,7.873621,49.342523,4396.076966,0.306748,42.195020,6.846373,2.553397,0.004484
8.238042,7.917528,49.379665,4392.193699,0.305365,42.211081,6.798797,2.531895,0.010153
8.281442,7.954002,49.426714,4388.326154,0.327089,42.213818,6.749910,2.512231,0.008398
8.323177,7.997506,49.464619,4384.473848,0.332202,42.221538,6.705755,2.487257,-0.000474
8.371697,8.033945,49.493154,4380.654729,0.340448,42.229238,6.659459,2.485279,-0.001566
8.418082,8.076563,49.535258,4376.864732,0.348670,42.228026,6.607190,2.464969,-0.000431
8.454761,8.119010,49.572707,4373.109705,0.353502,42.241007,6.548431,2.443602,0.004036
8.504138,8.152767,49.617244,4369.355994,0.359510,42.248222,6.503753,2.425669,0.005674
8.545012,8.184138,49.659543,4365.642752,0.369597,42.262330,6.456298,2.404691,-0.004614
8.586344,8.229991,49.704625,4361.946821,0.370914,42.262578,6.411628,2.386579,-0.007723
8.633376,8.276190,49.742473,4358.284978,0.361791,42.270766,6.367479,2.366529,0.001713
8.678120,8.321798,49.779188,4354.650694,0.375548,42.290182,6.312518,2.346675,0.013436
8.723602,8.355105,49.830089,4351.032503,0.369876,42.292366,6.271111,2.338872,0.001060
8.756959,8.382808,49.865419,4347.464009,0.359798,42.296978,6.224553,2.322000,0.000030
8.792379,8.431788,49.908422,4343.898175,0.370621,42.308236,6.167936,2.294777,0.009548
8.839991,8.473675,49.957608,4340.369097,0.359854,42.316555,6.121728,2.282379,0.005022
8.883937,8.510596,49.990736,4336.868460,0.361655,42.321003,6.090443,2.261567,0.017037
8.932881,8.554735,50.040488,4333.394332,0.361100,42.321284,6.033265,2.253669,-0.000402
8.977020,8.596910,50.074172,4329.938050,0.341031,42.335149,5.988578,2.225744,0.007592
9.017913,8.629482,50.116045,4326.515107,0.349156,42.349733,5.955759,2.215244,0.002658
9.056351,8.670849,50.158334,4323.118448,0.332702,42.356879,5.912721,2.194213,-0.000991
9.098392,8.711311,50.198095,4319.728283,0.321461,42.357959,5.873733,2.188843,-0.007363
9.147806,8.749004,50.237559,4316.390472,0.313744,42.372850,5.832041,2.166094,-0.002152
9.188297,8.789592,50.265762,4313.062144,0.303716,42.375133,5.798928,2.154930,0.000101
9.231734,8.835737,50.298514,4309.765783,0.292839,42.388055,5.760740,2.138025,-0.008224
9.268014,8.876557,50.334219,4306.474786,0.269953,42.397526,5.721053,2.125762,-0.004172
9.313727,8.916350,50.355335,4303.222767,0.268003,42.406144,5.686358,2.116360,-0.004480
9.352932,8.937977,50.394090,4299.988730,0.251616,42.400081,5.662653,2.113091,-0.000048
9.399121,8.986265,50.404648,4296.776011,0.244333,42.424845,5.620704,2.101373,0.001993
9.441722,9.017193,50.446618,4293.582349,0.219884,42.440126,5.592772,2.084435,-0.002530
9.490453,9.062328,50.468901,4290.410287,0.203482,42.446479,5.568973,2.075764,0.003854
9.528642,9.106913,50.495734,4287.253552,0.185112,42.441066,5.536806,2.063456,0.006708
9.576614,9.138663,50.512896,4284.118313,0.171787,42.457539,5.520559,2.051990,-0.003464
9.606486,9.173030,50.523788,4281.007535,0.156686,42.471753,5.497805,2.056805,0.004978
9.653513,9.209099,50.553391,4277.896884,0.141922,42.471964,5.469123,2.040429,-0.014473
9.686472,9.254256,50.566117,4274.808762,0.118908,42.470650,5.460217,2.031976,0.002125
9.744112,9.303049,50.583652,4271.732152,0.098721,42.492154,5.436720,2.032669,-0.003954
9.779782,9.340409,50.585352,4268.682366,0.083656,42.493468,5.433147,2.019952,0.003237
9.824935,9.383515,50.590638,4265.634070,0.069560,42.505706,5.414193,2.016552,-0.000106
9.870273,9.417941,50.591641,4262.595638,0.040327,42.518230,5.399608,2.019679,0.008623
9.921458,9.459030,50.592658,4259.578393,0.019914,42.520565,5.382902,1.999868,0.010319
9.947599,9.498481,50.604389,4256.564505,0.003449,42.536270,5.375466,2.009429,-0.001332
10.000259,9.530430,50.607709,4253.561636,-0.031556,42.546475,5.370058,2.002510,0.004464
10.036378,9.567461,50.586536,4250.589007,-0.044277,42.552353,5.375480,1.984751,0.002159
10.080623,9.607573,50.583850,4247.586202,-0.066804,42.560912,5.363537,1.991904,0.005422
10.120069,9.654985,50.577294,4244.609413,-0.088803,42.568216,5.359262,1.995953,0.005309
10.157569,9.691181,50.561743,4241.638711,-0.112503,42.577553,5.368077,1.992291,-0.005552
10.200564,9.730717,50.560513,4238.678827,-0.119296,42.587516,5.362507,2.001628,0.006879
10.236443,9.767723,50.549315,4235.703360,-0.152149,42.597529,5.370076,2.005072,0.000278
10.282899,9.809854,50.518108,4232.746531,-0.179199,42.603024,5.378449,2.007390,-0.000350
10.329724,9.843043,50.494874,4229.782801,-0.195350,42.613135,5.385687,2.004495,0.011037
10.367147,9.890883,50.483970,4226.826752,-0.216418,42.623751,5.400321,2.004584,-0.002862
10.401379,9.910876,50.455427,4223.870174,-0.244125,42.626902,5.413983,2.018459,-0.005752
10.445772,9.966814,50.432365,4220.895117,-0.269239,42.635325,5.425814,2.021956,-0.003972
10.496485,10.000742,50.399834,4217.942782,-0.289381,42.658227,5.441283,2.021994,-0.002138
10.523905,10.036794,50.363306,4214.972697,-0.305447,42.662920,5.455089,2.033335,-0.002932
10.570888,10.071129,50.319380,4211.998164,-0.319742,42.668061,5.469676,2.030475,-0.006428
10.611197,10.118365,50.281406,4209.019894,-0.357465,42.683302,5.492937,2.046696,-0.010114
10.655760,10.153008,50.255425,4206.032465,-0.376651,42.690413,5.525131,2.046422,-0.000705
10.699583,10.192203,50.208118,4203.036776,-0.394861,42.696788,5.544135,2.064898,-0.002872
10.749906,10.236877,50.166921,4200.027653,-0.411769,42.713627,5.568047,2.079271,0.001127
10.788612,10.274912,50.125567,4197.012272,-0.428751,42.724105,5.602097,2.080681,-0.005480
10.822963,10.312550,50.073671,4193.992067,-0.447291,42.729396,5.630344,2.094691,0.003382
10.870071,10.355223,50.025981,4190.958476,-0.461591,42.736217,5.670517,2.108217,-0.004360
10.904285,10.381978,49.969210,4187.890216,-0.479889,42.743128,5.681557,2.118528,0.000493
10.943860,10.423551,49.920734,4184.836879,-0.493294,42.755361,5.729084,2.134706,-0.002503
10.997455,10.468483,49.864060,4181.752479,-0.508830,42.764714,5.759119,2.146879,0.001412
11.020765,10.520852,49.809871,4178.649655,-0.531831,42.770966,5.794637,2.157075,-0.004226
11.067465,10.550882,49.742623,4175.535810,-0.544414,42.789400,5.838487,2.185451,-0.006161
11.115083,10.578910,49.693374,4172.411544,-0.554551,42.791042,5.878001,2.201168,0.001638
11.149726,10.622619,49.622930,4169.253992,-0.578554,42.811306,5.932115,2.201964,0.002380
11.193928,10.658823,49.555515,4166.081271,-0.587866,42.809855,5.964355,2.223299,-0.004069
11.232427,10.699250,49.498026,4162.885675,-0.598936,42.828547,6.000511,2.244594,0.005864
11.281560,10.742092,49.429527,4159.656278,-0.606374,42.833220,6.059171,2.257716,0.008791
11.319920,10.775629,49.360413,4156.418280,-0.617087,42.846252,6.105709,2.274505,0.003267
11.352384,10.811039,49.292214,4153.139659,-0.623000,42.850875,6.157478,2.291239,-0.004301
11.389080,10.845045,49.227240,4149.857973,-0.640536,42.865265,6.205391,2.306266,-0.002633
11.440905,10.889240,49.158684,4146.539704,-0.638450,42.882381,6.255897,2.326077,0.001225
11.479934,10.930216,49.090780,4143.199306,-0.650279,42.889522,6.315322,2.347261,-0.005649
11.515263,10.971264,49.004184,4139.818809,-0.661802,42.901635,6.361602,2.372671,-0.000259
11.559578,11.006630,48.943923,4136.403384,-0.647864,42.909921,6.408285,2.384181,-0.005638
11.596583,11.032995,48.876770,4132.982632,-0.661313,42.922498,6.465738,2.407024,-0.009006
11.641555,11.086096,48.801992,4129.527562,-0.666184,42.931625,6.520779,2.422334,0.001803
11.677713,11.116978,48.717592,4126.030028,-0.705487,42.846445,6.585562,2.446981,-44.994557
11.723124,11.157319,48.647629,4122.537858,-0.749090,42.763244,6.638682,2.459830,-45.004225
11.765239,11.197823,48.570318,4118.992706,-0.786253,42.672572,6.709275,2.501769,-44.997944
11.791870,11.231191,48.479311,4115.421482,-0.821329,42.579432,6.772919,2.528007,-44.996611
11.837864,11.278360,48.393065,4111.848248,-0.858735,42.490481,6.859754,2.552607,-45.003221
11.879752,11.314592,48.291764,4108.197801,-0.902095,42.413043,6.929960,2.582649,-45.003584
11.919547,11.350711,48.199444,4104.539850,-0.938594,42.304911,7.023804,2.620530,-44.993060
11.967333,11.387559,48.082362,4100.830653,-0.972735,42.205561,7.101076,2.647609,-45.007344
12.009147,11.433321,47.982665,4097.091433,-1.008287,42.109335,7.198471,2.681729,-44.992386
12.041697,11.470138,47.874146,4093.294218,-1.038513,42.018015,7.295529,2.714252,-44.992290
12.076973,11.496585,47.765241,4089.458312,-1.069697,41.921473,7.400473,2.755335,-44.999926
12.123133,11.533054,47.644223,4085.571723,-1.100914,41.822583,7.502182,2.793419,-44.998546
12.172674,11.575854,47.524881,4081.614003,-1.125633,41.719816,7.618395,2.838379,-45.000696
12.210764,11.601961,47.402649,4077.618048,-1.153227,41.622259,7.736314,2.887014,-44.994417
12.252610,11.650778,47.277130,4073.559924,-1.174662,41.519120,7.846778,2.922576,-44.999487
12.283918,11.681206,47.158247,4069.428796,-1.199697,41.405643,7.986139,2.978639,-45.001865
12.329253,11.718132,47.028156,4065.249133,-1.224244,41.293770,8.116880,3.015824,-45.000950
12.382366,11.760817,46.889734,4060.985653,-1.240851,41.183217,8.243445,3.080155,-45.002634
12.422038,11.801328,46.762383,4056.658609,-1.263144,41.063150,8.388842,3.120980,-45.002604
12.458480,11.834867,46.639180,4052.251968,-1.277105,40.952763,8.528189,3.170287,-45.004257
12.500339,11.869256,46.491060,4047.775780,-1.286292,40.840564,8.673549,3.241618,-45.004207
12.534093,11.905192,46.360026,4043.214894,-1.305713,40.714608,8.823913,3.287194,-45.005119
12.581690,11.944893,46.219094,4038.579840,-1.314440,40.587981,8.977693,3.347166,-45.003583
12.619227,11.981637,46.080920,4033.844695,-1.318331,40.465661,9.126034,3.396750,-44.997175
12.661458,12.012480,45.937518,4029.041992,-1.323522,40.338791,9.300509,3.467822,-45.001555
12.698019,12.042234,45.803407,4024.147802,-1.330273,40.205897,9.449705,3.525793,-44.990311
12.743029,12.081390,45.660692,4019.153192,-1.329718,40.064736,9.615965,3.582973,-44.987109
12.778957,12.119526,45.517675,4014.066263,-1.326015,39.933151,9.772369,3.649398,-45.008056
12.826901,12.152378,45.377677,4008.889381,-1.324314,39.795922,9.953991,3.715072,-45.002507
12.867975,12.196031,45.240567,4003.616302,-1.322329,39.656775,10.112180,3.765016,-45.005813
12.903068,12.233131,45.097669,3998.251628,-1.309334,39.499283,10.284929,3.828564,-44.997035
12.945654,12.258894,44.964063,3992.778441,-1.294200,39.360910,10.448235,3.901011,-44.998635
12.979721,12.298916,44.835057,3987.217409,-1.295714,39.221718,10.628035,3.962010,-44.994561
13.025166,12.335491,44.698305,3981.557312,-1.268005,39.061864,10.804437,4.021595,-44.998735
13.076931,12.371526,44.564580,3975.792104,-1.249247,38.898985,10.965637,4.079552,-44.997334
13.118970,12.400811,44.437935,3969.929124,-1.231890,38.739327,11.143814,4.161443,-44.993245
13.156740,12.428807,44.299809,3963.965144,-1.203691,38.575433,11.306886,4.215773,-45.004243
13.193987,12.473438,44.179292,3957.916352,-1.188438,38.414453,11.466483,4.269232,-44.997498
13.238727,12.507430,44.064103,3951.757087,-1.149486,38.256266,11.637477,4.334686,-45.001494
13.278049,12.527773,43.944005,3945.506752,-1.138000,38.089957,11.796791,4.399258,-44.996557
13.322616,12.570130,43.832688,3939.159602,-1.094945,37.914497,11.940413,4.449127,-44.992392
13.366071,12.596438,43.716514,3932.709668,-1.049734,37.744267,12.092257,4.504597,-45.002554
13.403843,12.628050,43.612113,3926.171381,-1.021831,37.564881,12.235587,4.562440,-45.005835
13.447633,12.671472,43.510340,3919.555197,-0.983327,37.380646,12.369864,4.609215,-44.996308
13.488648,12.692231,43.417793,3912.858643,-0.951393,37.201532,12.505677,4.666555,-45.006502
13.533377,12.726337,43.309511,3906.071948,-0.901167,37.018580,12.630488,4.708623,-44.994691
13.568907,12.765604,43.232697,3899.194653,-0.854623,36.837829,12.750913,4.744361,-44.996320
13.614441,12.802609,43.130165,3892.263925,-0.819994,36.638827,12.841898,4.788777,-45.001527
13.651548,12.829725,43.054881,3885.257204,-0.754237,36.450649,12.950965,4.830570,-45.007116
13.696917,12.861528,42.979635,3878.183037,-0.713991,36.254923,13.037404,4.862054,-44.997466
13.733347,12.888410,42.913542,3871.047241,-0.675670,36.057290,13.115982,4.892576,-45.002162
13.781282,12.926859,42.845511,3863.859728,-0.616716,35.861011,13.189567,4.914492,-44.997239
13.815727,12.952391,42.787601,3856.620815,-0.568891,35.668034,13.256769,4.936681,-44.997396
13.866378,12.997318,42.734201,3849.334664,-0.518810,35.470097,13.306071,4.955822,-45.003553
13.907412,13.017726,42.683436,3842.007464,-0.466706,35.268035,13.351088,4.975179,-45.001686
13.946993,13.041497,42.637386,3834.654373,-0.414697,35.071387,13.385083,4.982974,-44.996585
13.992556,13.074931,42.595683,3827.275361,-0.359043,34.860984,13.402869,4.998406,-44.991998
14.027721,13.107335,42.560721,3819.856705,-0.305887,34.668216,13.407861,4.995570,-44.993332
14.080692,13.137428,42.536419,3812.432871,-0.243292,34.456892,13.410563,5.005406,-44.997469
14.116749,13.167291,42.524648,3805.004849,-0.190521,34.250876,13.399526,4.990181,-44.996818
14.167101,13.191462,42.498541,3797.559263,-0.139183,34.057188,13.377396,4.981773,-44.996344
14.211120,13.219624,42.482311,3790.112249,-0.084834,33.844555,13.342081,4.978389,-45.002384
14.243533,13.258573,42.471911,3782.687068,-0.035117,33.643452,13.311541,4.953889,-44.997555
14.284878,13.292304,42.478735,3775.264638,0.006753,33.437941,13.267067,4.940031,-45.002113
14.330855,13.313695,42.487614,3767.850277,0.056595,33.233632,13.205727,4.916915,-45.001929
14.378824,13.330078,42.500792,3760.473689,0.101369,33.037621,13.126403,4.901883,-45.001162
14.418185,13.374037,42.510489,3753.121372,0.161034,32.828216,13.059015,4.863946,-45.006510
14.453771,13.398786,42.519837,3745.817070,0.205326,32.637618,12.987722,4.837512,-45.005008
14.501307,13.426913,42.543737,3738.520790,0.241603,32.432671,12.886880,4.802154,-44.999572
14.540613,13.460150,42.571854,3731.279215,0.283670,32.238653,12.789579,4.765675,-44.993558
14.583181,13.483252,42.595210,3724.082339,0.331796,32.042374,12.690192,4.715654,-45.012136
14.625613,13.512268,42.635725,3716.929820,0.366449,31.837467,12.579836,4.685200,-44.998279
14.668106,13.539405,42.665823,3709.832115,0.410136,31.638509,12.461156,4.644044,-45.009138
14.712760,13.566098,42.705582,3702.789814,0.433268,31.453800,12.340759,4.604302,-45.003392
14.750557,13.586558,42.750501,3695.813581,0.469317,31.260811,12.227743,4.560540,-45.001014
14.798758,13.613308,42.801900,3688.893186,0.503331,31.072292,12.095903,4.512917,-45.008821
14.845941,13.643068,42.853321,3682.038513,0.529701,30.886307,11.971278,4.454395,-45.004049
14.890688,13.668786,42.898325,3675.246983,0.546223,30.688470,11.844216,4.412029,-45.002041
14.922218,13.692774,42.959119,3668.521521,0.581523,30.507982,11.705672,4.373181,-44.998282
14.968152,13.712910,43.014995,3661.868345,0.614375,30.327306,11.581284,4.313698,-44.999761
15.001225,13.732145,43.058540,3655.288793,0.622365,30.145099,11.436049,4.269415,-44.998952
15.050216,13.771664,43.132878,3648.779410,0.634906,29.971047,11.299478,4.215335,-45.003313
15.086654,13.792363,43.194981,3642.339860,0.653068,29.781684,11.172691,4.163320,-44.998741
15.129322,13.818747,43.256273,3635.976639,0.662064,29.614052,11.020663,4.094135,-45.003284
15.182454,13.852864,43.320663,3629.688446,0.665811,29.438086,10.879568,4.050508,-44.997331
15.213681,13.865216,43.389387,3623.467512,0.676593,29.262045,10.747452,4.008672,-44.997885
15.268479,13.896209,43.455099,3617.321091,0.672036,29.097326,10.616156,3.955602,-44.998599
15.296500,13.922753,43.517508,3611.256992,0.691841,28.935394,10.486720,3.898880,-45.004889
15.344378,13.942359,43.579004,3605.255480,0.684787,28.768049,10.354666,3.860335,-44.996893
15.383739,13.959665,43.644851,3599.321373,0.672635,28.595483,10.234863,3.807653,-44.995102
15.424756,13.986924,43.705154,3593.475089,0.667871,28.434738,10.119478,3.767624,-45.000053
15.471208,14.019014,43.762171,3587.685677,0.666072,28.283701,9.998635,3.729905,-44.999915
15.522467,14.032113,43.831473,3581.953097,0.654723,28.114323,9.873257,3.677531,-44.997032
15.555950,14.069424,43.895678,3576.308240,0.633585,27.956347,9.763122,3.640832,-45.003058
15.589001,14.079964,43.947962,3570.722552,0.630928,27.806183,9.640543,3.592585,-45.002492
15.642305,14.101183,44.008185,3565.215758,0.618022,27.652688,9.537308,3.555521,-45.005328
15.678560,14.133916,44.053898,3559.760648,0.583580,27.501572,9.437199,3.511566,-45.000295
15.724355,14.157483,44.119463,3554.366161,0.572357,27.339474,9.339023,3.473362,-45.007400
15.773792,14.174715,44.172567,3549.033593,0.544033,27.195879,9.241078,3.434466,-45.002985
15.806983,14.195021,44.226926,3543.768548,0.522440,27.039391,9.145218,3.412377,-45.004483
15.845668,14.222189,44.258054,3538.542912,0.492099,26.904363,9.072996,3.382670,-44.997162
15.888619,14.241754,44.319099,3533.380573,0.469797,26.760638,8.976602,3.345289,-44.994562
15.929928,14.271171,44.351597,3528.267682,0.442609,26.603611,8.897194,3.312306,-44.999008
15.974815,14.289549,44.395290,3523.205509,0.407189,26.459701,8.830369,3.295904,-45.003472
16.016103,14.309566,44.427354,3518.187839,0.374262,26.314272,8.752270,3.268852,-44.999537
16.067399,14.338054,44.457168,3513.227706,0.348842,26.182653,8.683180,3.247283,-45.010770
16.101869,14.358195,44.503253,3508.310520,0.308797,26.039270,8.626799,3.207768,-44.999646
16.150168,14.375896,44.513229,3503.430943,0.276693,25.892998,8.578588,3.200296,-45.000664
16.184914,14.392948,44.553804,3498.586603,0.245054,25.764766,8.518176,3.167106,-44.996708
16.236215,14.419797,44.563173,3493.789810,0.191942,25.631900,8.470171,3.152139,-44.999131
16.277052,14.435960,44.581673,3489.008687,0.160333,25.484337,8.439888,3.141536,-45.000971
16.319639,14.452683,44.588286,3484.282761,0.119508,25.348186,8.398425,3.124058,-45.009545
16.356396,14.482243,44.603721,3479.559730,0.074531,25.213238,8.366414,3.115601,-45.006128
16.403009,14.498867,44.605616,3474.896653,0.036906,25.079713,8.335161,3.106863,-45.000725
16.445615,14.519576,44.614418,3470.230676,-0.005840,24.943569,8.312732,3.089216,-44.994098
16.496166,14.531440,44.607807,3465.614923,-0.049494,24.802951,8.295959,3.080887,-44.996586
16.515358,14.559366,44.601492,3461.000476,-0.094442,24.677631,8.276510,3.081306,-45.002402
16.574589,14.579929,44.581102,3456.412787,-0.125387,24.540705,8.252290,3.075943,-44.992808
16.616077,14.592586,44.573627,3451.837887,-0.174570,24.388199,8.257070,3.084486,-44.998193
16.648970,14.622493,44.556242,3447.273492,-0.228988,24.262276,8.266592,3.073719,-45.009456
16.700136,14.636970,44.539586,3442.717059,-0.281605,24.123297,8.264970,3.070555,-44.998111
16.730867,14.666085,44.508248,3438.174723,-0.307601,23.973244,8.267402,3.089510,-44.992424
16.783467,14.675776,44.465125,3433.641596,-0.355455,23.847921,8.294740,3.082253,-45.001223
16.819426,14.694920,44.448720,3429.103088,-0.404896,23.712621,8.294621,3.106686,-44.992247
16.863726,14.721543,44.396456,3424.550831,-0.440557,23.571365,8.324793,3.105806,-45.003229
16.898781,14.726786,44.354080,3420.014523,-0.490538,23.437803,8.354377,3.118512,-44.996763
16.950277,14.750328,44.316261,3415.470271,-0.534513,23.288089,8.384921,3.124452,-44.989492
16.990049,14.778665,44.262447,3410.921431,-0.581224,23.163972,8.421964,3.141791,-45.002072
17.043060,14.792216,44.210643,3406.355161,-0.630840,23.006365,8.468045,3.161765,-44.999015
17.076582,14.812204,44.157715,3401.778288,-0.670099,22.873800,8.502045,3.172888,-45.000347
17.116710,14.827238,44.097263,3397.182588,-0.711825,22.728223,8.558244,3.188224,-44.987302
17.149602,14.857718,44.028297,3392.579479,-0.747053,22.583524,8.613293,3.213736,-45.001206
17.203149,14.869232,43.952760,3387.942126,-0.788968,22.434955,8.669520,3.236589,-44.999586
17.239705,14.887662,43.878832,3383.267492,-0.825984,22.289950,8.745851,3.244791,-44.997657
17.291829,14.900043,43.814007,3378.588459,-0.878004,22.142608,8.809532,3.281121,-45.008091
17.334991,14.920742,43.726576,3373.875957,-0.910495,21.990900,8.881848,3.302349,-44.995165
17.368976,14.930573,43.652111,3369.112536,-0.938696,21.847914,8.958794,3.339984,-44.996000
17.406488,14.955319,43.565239,3364.329454,-0.983364,21.682584,9.040399,3.366054,-45.002746
17.450848,14.975975,43.481430,3359.504793,-1.014360,21.539470,9.130318,3.400421,-45.001707
17.490399,14.990931,43.391523,3354.645391,-1.044834,21.373384,9.224714,3.437979,-45.002350
17.540070,15.006569,43.295142,3349.728356,-1.089227,21.219975,9.308276,3.464446,-44.999352
17.574923,15.024075,43.193717,3344.786964,-1.100104,21.055182,9.404137,3.505863,-45.003109
17.619356,15.046943,43.097738,3339.788567,-1.135567,20.888555,9.507148,3.538777,-44.997513
17.655297,15.049504,43.003194,3334.731355,-1.157910,20.723604,9.617388,3.586636,-44.997167
17.691526,15.071676,42.892762,3329.625994,-1.185476,20.560891,9.729515,3.620177,-44.995508
17.740384,15.092793,42.784490,3324.458251,-1.211795,20.401178,9.840225,3.668851,-45.001455
17.791216,15.111225,42.685229,3319.225321,-1.228362,20.218242,9.958371,3.710754,-45.004439
17.828844,15.121014,42.576803,3313.953382,-1.252883,20.040989,10.072540,3.756887,-45.002380
17.872106,15.141126,42.470470,3308.612502,-1.260693,19.860554,10.208233,3.800175,-44.993773
17.907138,15.150464,42.357753,3303.196774,-1.284983,19.694278,10.328866,3.845137,-44.997941
17.956939,15.166760,42.251762,3297.713797,-1.296557,19.509798,10.446591,3.887389,-45.006173
17.994533,15.196258,42.136160,3292.155331,-1.302522,19.327931,10.581467,3.950362,-45.003523
18.036207,15.194463,42.019897,3286.540445,-1.310642,19.135963,10.713458,3.987827,-45.003211
18.071623,15.211843,41.904976,3280.859283,-1.315640,18.942683,10.846443,4.051628,-44.995890
18.120109,15.231939,41.802416,3275.080234,-1.312629,18.742855,10.991405,4.104632,-45.005179
18.164879,15.251903,41.679545,3269.251014,-1.321919,18.550070,11.125953,4.141986,-45.004487
18.201978,15.264345,41.568266,3263.327871,-1.322031,18.349314,11.258363,4.194111,-45.001521
18.244719,15.276598,41.455657,3257.325411,-1.326061,18.136838,11.394160,4.235018,-44.998693
18.284481,15.290020,41.349941,3251.253652,-1.314011,17.940663,11.537212,4.284858,-44.997485
18.324999,15.303918,41.231312,3245.106230,-1.316718,17.731962,11.677478,4.353225,-44.996364
18.367937,15.324338,41.121959,3238.873064,-1.300231,17.517363,11.811871,4.404269,-45.000922
18.415831,15.331990,41.011827,3232.556846,-1.277031,17.301571,11.948361,4.458837,-45.000387
18.448672,15.346377,40.908770,3226.164286,-1.269278,17.089085,12.073669,4.506915,-44.991319
18.487551,15.360585,40.800785,3219.693909,-1.250397,16.873863,12.220410,4.554172,-44.994989
18.532114,15.364673,40.701105,3213.144219,-1.226622,16.644097,12.350824,4.593392,-44.992115
18.587045,15.384146,40.593038,3206.514694,-1.214186,16.408096,12.482614,4.646250,-45.003384
18.617500,15.398373,40.485837,3199.809228,-1.177111,16.184587,12.599795,4.693663,-44.993747
18.652436,15.417281,40.383008,3193.051115,-1.165498,15.954389,12.720684,4.737987,-45.000227
18.699358,15.427730,40.297683,3186.196099,-1.132240,15.721809,12.832167,4.777440,-44.998835
18.733576,15.426122,40.207486,3179.269601,-1.099165,15.485950,12.956558,4.829286,-45.005415
18.775622,15.436937,40.120008,3172.282463,-1.068291,15.243748,13.055875,4.860253,-44.998837
18.811959,15.447451,40.025814,3165.221640,-1.028920,14.997319,13.153154,4.900271,-44.993858
18.863361,15.459984,39.939152,3158.084569,-0.996020,14.738680,13.258241,4.934848,-44.997385
18.901643,15.491110,39.863475,3150.902253,-0.961004,14.515992,13.356050,4.968987,-45.003088
18.948547,15.496967,39.785948,3143.668094,-0.917032,14.262148,13.439872,5.005429,-44.997762
18.979188,15.496916,39.709562,3136.360157,-0.884919,14.005269,13.514499,5.026226,-44.997721
19.018064,15.510029,39.640532,3129.015068,-0.845554,13.755100,13.581692,5.063611,-44.999128
19.063903,15.526271,39.571033,3121.610783,-0.802158,13.494546,13.646285,5.083720,-44.999092
19.107092,15.532955,39.513209,3114.156160,-0.759316,13.228867,13.704710,5.108436,-45.001868
19.143026,15.535263,39.450003,3106.681618,-0.712973,12.963443,13.743514,5.122848,-44.997223
19.189767,15.554738,39.388294,3099.155731,-0.665582,12.709647,13.799579,5.152079,-45.010090
19.237724,15.564886,39.339773,3091.599993,-0.613927,12.444222,13.833610,5.148006,-44.997492
19.263994,15.582355,39.289149,3084.020143,-0.561253,12.168676,13.856868,5.170547,-44.997478
19.312325,15.576563,39.252617,3076.414082,-0.516120,11.915874,13.871628,5.164599,-45.004194
19.351335,15.596161,39.206498,3068.790330,-0.479732,11.641397,13.883994,5.171389,-45.000954
19.394349,15.601942,39.179604,3061.137990,-0.435483,11.374026,13.888782,5.170541,-45.006363
19.427198,15.608282,39.134240,3053.487040,-0.390443,11.101276,13.879788,5.173073,-45.002963
19.469023,15.623668,39.114039,3045.829190,-0.340542,10.840137,13.860567,5.154327,-45.005501
19.508068,15.612099,39.076801,3038.167401,-0.299688,10.562199,13.837564,5.151106,-45.001570
19.547088,15.625595,39.062027,3030.516983,-0.242775,10.297700,13.812474,5.152911,-44.999441
19.588686,15.633300,39.043234,3022.853076,-0.198547,10.024267,13.786527,5.132329,-44.997037
19.629643,15.649821,39.026221,3015.210360,-0.154114,9.766754,13.735801,5.111219,-45.001146
19.671106,15.656596,39.018292,3007.583311,-0.117873,9.495205,13.687838,5.097116,-45.007798
19.700500,15.651542,39.023039,2999.970749,-0.076917,9.211336,13.639162,5.072915,-44.991176
19.750248,15.666628,39.001280,2992.385850,-0.042528,8.949534,13.572977,5.053981,-45.008914
19.788145,15.680071,39.001034,2984.823580,0.002492,8.675099,13.510819,5.027872,-45.002915
19.832201,15.673273,39.015357,2977.280129,0.035160,8.416981,13.437804,5.008311,-45.005762
19.866902,15.685342,39.017353,2969.790522,0.079410,8.151450,13.363559,4.985255,-44.990857
19.914442,15.690576,39.019256,2962.310740,0.099450,7.864309,13.281700,4.947738,-45.002016
19.949366,15.700085,39.028290,2954.882491,0.133176,7.601803,13.209417,4.918335,-44.997398
19.988163,15.701308,39.046760,2947.493420,0.160162,7.338000,13.112639,4.875245,-45.009946
20.020486,15.696246,39.063128,2940.139183,0.188840,7.063233,13.028349,4.845812,-45.005898
20.060734,15.714069,39.067861,2932.834279,0.214495,6.822818,12.923452,4.814802,-44.994994
20.104445,15.712459,39.093473,2925.573270,0.242446,6.560483,12.835991,4.778165,-45.011500
20.142875,15.718938,39.116167,2918.377261,0.272735,6.301194,12.737498,4.737932,-44.996335
20.177734,15.727760,39.123594,2911.222486,0.288613,6.032797,12.637447,4.698695,-45.007155
20.216179,15.727735,39.152296,2904.093111,0.294747,5.787953,12.537031,4.664742,-45.001192
20.252666,15.741447,39.169618,2897.056063,0.319177,5.530391,12.435105,4.627198,-45.000471
20.298691,15.734352,39.206786,2890.055147,0.336960,5.265386,12.344456,4.590148,-44.994338
20.333763,15.743232,39.232515,2883.117882,0.338749,5.017367,12.227924,4.556629,-44.999615
20.375748,15.732007,39.248534,2876.224214,0.342244,4.773667,12.134552,4.521703,-45.000012
20.415184,15.754680,39.273855,2869.388867,0.347145,4.514218,12.031175,4.477912,-45.001219
20.451155,15.755540,39.302935,2862.607880,0.343473,4.267483,11.918878,4.437541,-44.998767
20.492610,15.761859,39.321733,2855.878873,0.350653,4.021063,11.828657,4.415380,-45.002275
20.523336,15.758318,39.348272,2849.218610,0.342141,3.773762,11.729349,4.367494,-45.004218
20.561268,15.767426,39.379105,2842.603577,0.344050,3.533665,11.629686,4.342976,-44.998679
20.608991,15.766493,39.409436,2836.037305,0.332681,3.288429,11.540988,4.293832,-44.998331
20.641302,15.762104,39.419134,2829.534112,0.325985,3.045627,11.443166,4.263701,-45.006313
20.688595,15.765606,39.446315,2823.089279,0.310392,2.802409,11.357634,4.231942,-44.990817
20.707183,15.776195,39.481282,2816.696260,0.308064,2.568147,11.268316,4.204874,-45.004916
20.750858,15.767506,39.494361,2810.351322,0.278874,2.335465,11.180892,4.171235,-45.008903
20.799419,15.780449,39.520520,2804.051367,0.261081,2.095383,11.100213,4.134781,-44.996422
20.831938,15.776259,39.535398,2797.800068,0.243884,1.864538,11.022033,4.109859,-45.013102
20.865900,15.777735,39.559135,2791.605791,0.232501,1.624068,10.943710,4.074403,-44.999581
20.903603,15.774576,39.562059,2785.452173,0.207085,1.394580,10.878354,4.050110,-44.998243
20.947834,15.771822,39.583658,2779.360491,0.175909,1.154575,10.802634,4.029547,-45.000216
20.975663,15.779627,39.593266,2773.295256,0.143759,0.942162,10.739669,3.995037,-44.996023
21.022430,15.784903,39.597167,2767.286128,0.121238,0.697728,10.677241,3.981603,-45.004928
21.053030,15.778090,39.607558,2761.297498,0.088015,0.471473,10.624184,3.954816,-45.002456
21.096135,15.774812,39.612711,2755.355165,0.062903,0.237826,10.561249,3.942281,-44.998132
21.113176,15.779371,39.631414,2749.455853,0.026409,0.009835,10.518724,3.918959,-44.997756
21.164507,15.783024,39.614466,2743.593762,-0.006416,-0.214282,10.468462,3.902509,-44.988933
21.198143,15.780419,39.622875,2737.747477,-0.043259,-0.439385,10.428850,3.889169,-44.996546
21.242680,15.779576,39.621012,2731.958776,-0.093952,-0.672463,10.401573,3.864511,-44.995780
21.276250,15.770811,39.607688,2726.177898,-0.122920,-0.890618,10.359896,3.856599,-44.997391
21.304411,15.776463,39.591741,2720.439441,-0.158527,-1.118061,10.334618,3.846783,-45.003070
21.349359,15.783676,39.588268,2714.709558,-0.098305,-1.117650,10.294187,3.838344,0.007239
21.388118,15.772674,39.583807,2708.982871,-0.040067,-1.112399,10.271491,3.827531,0.004234
21.417512,15.776716,39.576748,2703.265656,0.007387,-1.109376,10.227681,3.811334,-0.007603
21.463677,15.781977,39.590891,2697.564874,0.062815,-1.098871,10.175824,3.790212,0.010906
21.499705,15.774573,39.588642,2691.861352,0.102159,-1.107476,10.124874,3.774408,-0.007928
21.529327,15.772311,39.606780,2686.187745,0.151522,-1.100741,10.066320,3.752546,0.000367
21.562563,15.774419,39.611649,2680.528194,0.208031,-1.093896,10.008795,3.733538,0.004338
21.600960,15.773345,39.629915,2674.901010,0.250134,-1.086236,9.942560,3.711320,0.004118
21.636397,15.767707,39.635208,2669.300160,0.292063,-1.085289,9.880864,3.671455,0.005703
21.666757,15.764808,39.664407,2663.717183,0.332925,-1.077830,9.813363,3.649203,-0.001108
21.708902,15.762174,39.695310,2658.164452,0.367628,-1.067810,9.730501,3.632306,0.003983
21.744765,15.764784,39.719760,2652.643496,0.417068,-1.068272,9.658356,3.602493,-0.006277
21.776149,15.767909,39.744613,2647.168913,0.440096,-1.063341,9.570418,3.569869,0.005028
21.821316,15.767761,39.771339,2641.726619,0.463863,-1.058048,9.487467,3.540540,-0.003830
21.844969,15.767003,39.811148,2636.324728,0.490772,-1.055145,9.423551,3.509682,0.005561
21.883764,15.769382,39.846423,2630.959946,0.513805,-1.049777,9.329514,3.464664,-0.002979
21.925469,15.767567,39.887144,2625.644210,0.532695,-1.054638,9.247625,3.450981,-0.004832
21.960929,15.766772,39.922723,2620.356894,0.553691,-1.043133,9.155208,3.414961,0.005195
21.987088,15.768156,39.964166,2615.122129,0.568620,-1.031070,9.072570,3.376846,0.008695
22.029744,15.763562,39.997123,2609.936853,0.590401,-1.034565,8.989976,3.356513,-0.002098
22.054595,15.757809,40.034601,2604.780648,0.595190,-1.033871,8.904108,3.323407,-0.003150
22.104927,15.759110,40.078528,2599.690182,0.603559,-1.030294,8.808286,3.286871,-0.002121
22.128472,15.751116,40.117137,2594.629185,0.609770,-1.028141,8.725631,3.255548,-0.003149
22.157802,15.754624,40.161089,2589.620974,0.600859,-1.019356,8.631610,3.219810,0.003677
22.199002,15.766057,40.199816,2584.671414,0.613695,-1.019563,8.568972,3.186270,0.001960
22.225229,15.763485,40.241041,2579.745092,0.595463,-1.000365,8.481532,3.161307,0.001631
22.270538,15.760215,40.275046,2574.878989,0.589276,-1.006734,8.405173,3.121361,-0.002207
22.296263,15.749238,40.331698,2570.060983,0.582479,-1.000982,8.320791,3.107325,-0.005278
22.341128,15.756319,40.359238,2565.289713,0.569425,-1.003153,8.243180,3.075158,-0.006692
22.378126,15.765904,40.398859,2560.553340,0.547525,-0.992245,8.174216,3.039495,-0.003143
22.420808,15.752169,40.435969,2555.865527,0.530812,-0.979625,8.100727,3.021457,0.000895
22.427701,15.763076,40.472367,2551.228394,0.505195,-0.974440,8.035301,2.994973,-0.007404
22.470705,15.756278,40.502157,2546.630262,0.488553,-0.981442,7.968923,2.964336,0.002743
22.519661,15.758434,40.538949,2542.074747,0.468505,-0.970813,7.899303,2.941754,-0.005098
22.539512,15.755600,40.573888,2537.564462,0.429907,-0.966008,7.835703,2.928010,-0.001063
22.578881,15.748066,40.594299,2533.086394,0.405611,-0.966898,7.775677,2.905474,0.003106
22.617291,15.754795,40.631569,2528.668672,0.377493,-0.955700,7.726272,2.867933,-0.000895
22.642029,15.741008,40.645347,2524.274863,0.335355,-0.953370,7.671518,2.856850,-0.004274
22.676254,15.757704,40.671474,2519.913957,0.307731,-0.949298,7.613085,2.839543,0.005766
22.712810,15.753119,40.684545,2515.592232,0.267606,-0.946600,7.580617,2.817338,-0.000520
22.738439,15.741060,40.696205,2511.304213,0.228673,-0.949517,7.533523,2.817827,-0.003817
22.786355,15.749589,40.711079,2507.060073,0.189937,-0.943474,7.493686,2.793872,-0.008420
22.819635,15.743669,40.720814,2502.841386,0.146414,-0.934970,7.460483,2.783719,-0.013928
22.843506,15.742948,40.736813,2498.654822,0.102690,-0.928001,7.415037,2.759669,-0.001205
22.875017,15.744193,40.735636,2494.495726,0.047831,-0.929336,7.400674,2.754818,0.005073
22.917259,15.745305,40.740023,2490.357604,0.013990,-0.920848,7.364168,2.750912,0.005323
22.948782,15.736180,40.738760,2486.247718,-0.041524,-0.920753,7.344717,2.738144,-0.008367
22.982274,15.741060,40.733810,2482.170934,-0.085282,-0.904108,7.327686,2.735594,-0.003519
23.010711,15.746225,40.731043,2478.098838,-0.140347,-0.911570,7.307617,2.730772,-0.009067
23.049734,15.745436,40.717931,2474.071551,-0.185913,-0.897060,7.292817,2.720016,0.003941
23.077151,15.741220,40.712347,2470.058178,-0.232307,-0.902113,7.284226,2.711561,-0.007296
