0.046303,0.045821,56.718076,4976.401309,-0.540295,45.002454,3.110431,1.159539,-0.005132
0.092901,0.097770,56.644326,4974.801681,-0.566958,44.991499,3.128767,1.164141,0.005249
0.144702,0.139575,56.575256,4973.195998,-0.607036,44.994357,3.171002,1.185981,-0.000360
0.195667,0.190553,56.497565,4971.568443,-0.640595,45.001092,3.198841,1.193177,0.005719
0.228940,0.231502,56.409829,4969.938244,-0.686955,44.998733,3.236526,1.213365,0.004358
0.278578,0.283714,56.316580,4968.286125,-0.723670,44.999872,3.278018,1.218185,0.006992
0.328561,0.329919,56.220499,4966.631043,-0.757706,44.995229,3.321908,1.238200,0.002995
0.379975,0.378559,56.111236,4964.953380,-0.794195,44.998709,3.364076,1.257210,-0.003190
0.424495,0.414849,56.008771,4963.255034,-0.818784,45.001544,3.402393,1.260408,0.001465
0.462194,0.465169,55.900235,4961.551237,-0.857459,45.003062,3.460264,1.281892,-0.000978
0.515493,0.518752,55.784354,4959.821768,-0.885076,45.013535,3.525786,1.306586,-0.000974
0.566784,0.563258,55.670983,4958.073046,-0.917240,45.008896,3.576032,1.338281,0.003003
0.613885,0.607821,55.577745,4956.281154,-0.941936,44.996561,3.633873,1.353768,0.000555
0.649508,0.653033,55.425937,4954.477715,-0.972759,45.007995,3.695079,1.371666,0.000206
0.710846,0.707545,55.306673,4952.643139,-1.005603,45.005666,3.753642,1.395411,0.001591
0.750659,0.748122,55.166301,4950.788570,-1.027526,45.003383,3.823918,1.420066,-0.000285
0.787746,0.793171,55.036329,4948.889658,-1.047309,45.011073,3.894283,1.450336,-0.000312
0.845135,0.850183,54.899508,4946.969426,-1.077826,45.016502,3.961809,1.483249,0.014095
0.896618,0.892880,54.761339,4944.998938,-1.095935,45.019549,4.056198,1.499997,0.000898
0.941920,0.943119,54.623834,4943.009600,-1.128624,45.009738,4.116377,1.540694,0.008452
0.989761,0.984654,54.478857,4940.955348,-1.143999,45.019513,4.204946,1.571151,0.005218
1.024416,1.038205,54.325551,4938.864207,-1.168877,45.019137,4.294641,1.597324,-0.000157
1.076201,1.084413,54.161058,4936.744042,-1.173839,45.009034,4.388287,1.625553,-0.006017
1.120203,1.121277,54.020702,4934.574510,-1.196668,45.015116,4.475657,1.673376,0.002800
1.172422,1.173701,53.861743,4932.356198,-1.200681,45.014317,4.575374,1.700422,0.004125
1.222224,1.221267,53.701419,4930.074114,-1.225332,45.026552,4.654684,1.741555,0.002321
1.269674,1.271897,53.529967,4927.745991,-1.241995,45.016269,4.756708,1.781634,0.002363
1.305850,1.319649,53.387037,4925.373780,-1.247318,45.026395,4.872616,1.817011,-0.004408
1.356943,1.363702,53.217406,4922.935262,-1.258405,45.027550,4.969425,1.851993,0.011623
1.401336,1.405347,53.057471,4920.449100,-1.262796,45.022024,5.085826,1.887490,0.003133
1.458871,1.460047,52.897418,4917.902553,-1.266705,45.029325,5.181660,1.933337,0.006892
1.493125,1.497855,52.740226,4915.271250,-1.267862,45.030336,5.313757,1.988123,-0.005673
1.548983,1.536523,52.573568,4912.599100,-1.260805,45.037814,5.439513,2.021422,-0.004265
1.588257,1.589756,52.416413,4909.841961,-1.261567,45.028078,5.544738,2.072043,0.004256
1.642306,1.629719,52.249546,4907.027993,-1.257761,45.030967,5.673261,2.107650,0.000021
1.682623,1.683208,52.089908,4904.148962,-1.259268,45.038090,5.793177,2.159917,0.007689
1.740006,1.735562,51.926091,4901.181399,-1.249123,45.040496,5.911178,2.212941,-0.007775
1.773505,1.772964,51.766365,4898.159429,-1.239834,45.035799,6.047095,2.248613,-0.006182
1.818038,1.822686,51.607475,4895.055681,-1.220487,45.042540,6.168316,2.302636,-0.000626
1.873781,1.871638,51.455928,4891.886343,-1.214723,45.049256,6.297296,2.343234,-0.004439
1.923414,1.909437,51.299142,4888.625318,-1.194729,45.045982,6.427721,2.407992,-0.003494
1.966614,1.959241,51.149610,4885.301240,-1.166513,45.057400,6.560231,2.445665,-0.007446
2.000017,2.015087,51.002903,4881.880062,-1.147612,45.051450,6.691000,2.497686,-0.004130
2.054434,2.052846,50.853179,4878.390212,-1.121859,45.053869,6.816591,2.545163,0.003421
2.094528,2.095366,50.708633,4874.840049,-1.112488,45.053135,6.942599,2.595479,0.000972
2.147355,2.152168,50.569497,4871.186969,-1.083153,45.056694,7.066926,2.631506,-0.005964
2.183241,2.185304,50.429813,4867.480531,-1.044985,45.064920,7.203636,2.684621,0.002898
2.247290,2.237110,50.302814,4863.678372,-1.024548,45.071374,7.322987,2.726401,0.003942
2.291755,2.280611,50.179202,4859.795444,-0.992146,45.056677,7.440466,2.768189,0.004277
2.327389,2.334572,50.058248,4855.861083,-0.940442,45.074851,7.563554,2.824885,0.000224
2.376587,2.388052,49.940294,4851.839451,-0.911233,45.070115,7.670889,2.859757,0.002712
2.425472,2.418859,49.826094,4847.739927,-0.872450,45.065114,7.794401,2.904474,0.007937
2.466767,2.471401,49.715698,4843.579456,-0.828887,45.074765,7.891310,2.936536,0.001980
2.511301,2.515074,49.614941,4839.345985,-0.808712,45.165006,7.988192,2.983045,37.006417
2.551394,2.559571,49.508304,4835.055816,-0.801322,45.247471,8.091047,3.009750,36.998829
2.612396,2.604492,49.406211,4830.714495,-0.780140,45.346411,8.198438,3.057521,36.999366
2.651798,2.657755,49.313330,4826.297182,-0.758993,45.433188,8.293757,3.083832,37.006459
2.695205,2.699772,49.215555,4821.821743,-0.748499,45.528062,8.389620,3.126098,37.002184
2.736621,2.750188,49.125243,4817.293412,-0.723500,45.620083,8.490936,3.159546,36.998385
2.783466,2.794188,49.039221,4812.702501,-0.700085,45.713760,8.573213,3.202668,37.004584
2.819060,2.834000,48.935436,4808.062196,-0.671103,45.802228,8.658626,3.233143,37.004450
2.878665,2.883847,48.860164,4803.371051,-0.654146,45.906278,8.744515,3.264046,37.002403
2.920793,2.927220,48.775731,4798.610868,-0.626480,46.002629,8.827855,3.290434,36.999133
2.964956,2.982306,48.706812,4793.809622,-0.604847,46.109448,8.908119,3.319645,36.996253
3.006253,3.017946,48.632077,4788.956680,-0.578747,46.204122,8.980103,3.345819,37.009691
3.059363,3.073627,48.561269,4784.067292,-0.544812,46.308371,9.048677,3.362077,37.003708
3.085820,3.118824,48.486266,4779.115957,-0.515177,46.404119,9.123545,3.390840,37.003883
3.144883,3.161229,48.441701,4774.133397,-0.486208,46.500219,9.183022,3.414182,37.000240
3.186172,3.213173,48.374103,4769.104186,-0.445020,46.615466,9.238537,3.448882,36.992753
3.233262,3.258702,48.316753,4764.034391,-0.416864,46.724019,9.296252,3.460409,37.003419
3.266348,3.306987,48.265973,4758.939639,-0.379026,46.817414,9.330954,3.483638,37.005487
3.310659,3.350105,48.221108,4753.796365,-0.354380,46.921540,9.375582,3.495719,36.995504
3.356715,3.397534,48.182018,4748.638591,-0.325828,47.031449,9.409390,3.506773,36.998586
3.404316,3.434324,48.136838,4743.447276,-0.278505,47.131982,9.434918,3.515381,36.999373
3.444036,3.487537,48.123836,4738.241859,-0.244855,47.241190,9.461846,3.526941,37.007753
3.488134,3.526387,48.089375,4733.008294,-0.214976,47.341136,9.487621,3.518170,36.995746
3.535612,3.582553,48.061464,4727.748826,-0.194462,47.453985,9.487890,3.525429,37.007828
3.578837,3.622700,48.037424,4722.492032,-0.147067,47.561409,9.501698,3.543196,36.993821
3.610142,3.671808,48.021600,4717.218275,-0.116850,47.671737,9.504083,3.537835,36.998530
3.663802,3.721836,48.006144,4711.930349,-0.075627,47.785503,9.493796,3.533500,36.994366
3.699553,3.773398,47.996481,4706.642638,-0.048013,47.898377,9.481791,3.528502,36.995270
3.748068,3.810423,47.996544,4701.352908,-0.016173,47.996775,9.465365,3.525785,36.999862
3.788998,3.861064,48.001302,4696.064539,0.015571,48.100821,9.444067,3.522190,37.002441
3.830842,3.913621,47.996397,4690.788691,0.050420,48.213640,9.423417,3.507422,37.004193
3.868444,3.954739,48.007474,4685.519394,0.089145,48.321293,9.379736,3.502011,36.999363
3.912502,4.006226,48.030996,4680.256441,0.123586,48.429669,9.345905,3.482232,37.000758
3.946454,4.054861,48.038047,4675.017559,0.149925,48.531966,9.311354,3.462129,36.995785
3.991616,4.102469,48.067626,4669.791935,0.181580,48.639767,9.261957,3.452694,36.995738
4.035014,4.143324,48.078652,4664.586533,0.210530,48.737464,9.214127,3.425421,36.999954
4.083831,4.193811,48.110119,4659.388995,0.243515,48.844337,9.152213,3.411841,36.993973
4.120061,4.237465,48.142259,4654.238073,0.260723,48.958089,9.091247,3.391325,36.990880
4.149407,4.282702,48.174965,4649.094914,0.290651,49.057545,9.033774,3.362951,36.998266
4.200715,4.325873,48.212716,4643.987530,0.310189,49.174538,8.947335,3.335265,37.003314
4.227124,4.376130,48.254214,4638.932955,0.342517,49.273281,8.882724,3.310822,37.003734
4.280503,4.432469,48.293805,4633.889841,0.368040,49.373653,8.815211,3.279409,37.001802
4.329792,4.474552,48.334592,4628.882683,0.386943,49.481510,8.749727,3.249828,37.001847
4.362533,4.510543,48.382850,4623.919429,0.408629,49.584132,8.662905,3.222752,37.003580
4.395660,4.568490,48.446879,4618.987181,0.414971,49.675617,8.596758,3.205093,36.986334
4.437498,4.613588,48.489136,4614.102843,0.447772,49.789288,8.499058,3.170892,37.001406
4.490716,4.671005,48.548349,4609.256304,0.462787,49.882588,8.422206,3.135892,36.993347
4.520180,4.712089,48.603849,4604.456945,0.480708,49.983534,8.333737,3.102617,36.995676
4.549281,4.751034,48.653816,4599.696001,0.491234,50.072803,8.252925,3.072079,37.002421
4.601175,4.807825,48.714149,4594.990142,0.505235,50.170765,8.163072,3.042581,36.992591
4.642663,4.860744,48.786281,4590.319236,0.532097,50.256046,8.074602,3.010592,36.993609
4.677632,4.900802,48.838802,4585.705529,0.525782,50.363429,7.997043,2.975334,36.996376
4.711516,4.952675,48.907001,4581.129135,0.534558,50.457902,7.907792,2.945061,37.000948
4.769639,4.997423,48.975250,4576.599446,0.551139,50.556657,7.826732,2.913084,36.987666
4.792449,5.049455,49.034715,4572.110211,0.555027,50.647689,7.741682,2.885541,36.996909
4.834007,5.088537,49.116207,4567.682471,0.553823,50.747027,7.639408,2.849220,36.996471
4.876026,5.140168,49.165910,4563.291046,0.556495,50.831182,7.558647,2.805335,36.994234
4.903301,5.180480,49.236016,4558.957232,0.565356,50.912556,7.471312,2.782790,36.998116
4.957723,5.231681,49.295673,4554.657337,0.557744,51.003298,7.393641,2.748638,37.010281
4.983267,5.267729,49.372897,4550.407663,0.556918,51.095569,7.308226,2.724279,36.995495
5.023488,5.320765,49.436602,4546.202532,0.555629,51.193273,7.226685,2.691414,37.010092
5.060365,5.374546,49.503364,4542.054577,0.550227,51.269299,7.144361,2.664634,37.003491
5.108065,5.420030,49.570744,4537.937484,0.548296,51.370912,7.067723,2.637711,36.992539
5.132650,5.473018,49.636594,4533.870380,0.544324,51.439556,6.995743,2.603275,36.991442
5.170642,5.526919,49.702454,4529.849665,0.544563,51.527652,6.921555,2.569104,37.006819
5.211303,5.569327,49.762226,4525.872515,0.521056,51.610559,6.849710,2.562104,36.990543
5.258381,5.613129,49.815712,4521.945120,0.516038,51.701551,6.781493,2.524759,37.004465
5.293519,5.665990,49.881865,4518.047064,0.499779,51.779658,6.699535,2.493391,36.995642
5.324841,5.711869,49.944609,4514.187535,0.490697,51.863849,6.648092,2.483865,36.996122
5.359610,5.761082,50.002819,4510.373281,0.470289,51.952393,6.573161,2.439195,36.996748
5.399141,5.800505,50.050257,4506.595544,0.466411,52.034225,6.509919,2.420438,37.007197
5.444220,5.852459,50.109156,4502.863267,0.442624,52.098226,6.444984,2.401365,37.005870
5.463701,5.902657,50.160686,4499.165667,0.430461,52.184599,6.399826,2.387567,36.998764
5.516758,5.954585,50.205277,4495.492444,0.416571,52.266625,6.338991,2.359963,36.998871
5.548108,5.997924,50.265301,4491.861760,0.399515,52.343123,6.286484,2.344031,37.003665
5.583465,6.048116,50.313584,4488.272945,0.377638,52.421299,6.241369,2.320086,37.004379
5.617822,6.098718,50.341109,4484.703259,0.354951,52.498994,6.191819,2.306826,36.997976
5.665595,6.139685,50.386675,4481.174413,0.324509,52.576322,6.148735,2.295838,36.997907
5.694930,6.182509,50.424878,4477.669116,0.313595,52.647976,6.099036,2.279305,36.999510
5.730739,6.236452,50.465300,4474.187358,0.285627,52.725824,6.064193,2.259832,37.010169
5.762809,6.285577,50.489546,4470.748453,0.260971,52.797644,6.021399,2.243365,37.001258
5.803944,6.337161,50.530537,4467.321333,0.248401,52.879483,5.994224,2.225789,36.990929
5.842392,6.383343,50.553143,4463.911886,0.216088,52.950454,5.965958,2.222442,37.004821
5.874856,6.422066,50.572171,4460.547144,0.186606,53.024486,5.928652,2.206036,36.996019
5.918551,6.469888,50.590983,4457.193673,0.169696,53.099649,5.911460,2.200430,36.997749
5.942127,6.525524,50.610695,4453.857478,0.146035,53.176326,5.872842,2.199160,37.007351
5.986032,6.561607,50.622623,4450.539658,0.117935,53.245406,5.859653,2.184762,36.992550
6.015567,6.625512,50.641621,4447.252057,0.091145,53.319669,5.839514,2.174949,37.009292
6.050715,6.677162,50.654122,4443.980321,0.064424,53.399315,5.820228,2.175182,37.003973
6.093153,6.718892,50.654857,4440.706168,0.032525,53.476922,5.814404,2.162904,36.999270
6.115874,6.762345,50.655584,4437.458429,0.014420,53.560473,5.805072,2.153645,37.003711
6.149821,6.806716,50.657435,4434.218868,-0.018352,53.625505,5.792437,2.164154,37.003700
6.196965,6.856677,50.650757,4430.990929,-0.053672,53.693004,5.801778,2.164286,36.996039
6.226946,6.905089,50.644545,4427.773140,-0.048007,53.709659,5.793445,2.159441,-0.000482
6.257333,6.950484,50.644997,4424.556161,-0.066164,53.704340,5.791735,2.153400,0.008022
6.304511,7.011091,50.621398,4421.335060,-0.066227,53.716035,5.785235,2.164685,-0.001097
6.342852,7.043422,50.613290,4418.125233,-0.077687,53.731705,5.777599,2.152691,-0.004208
6.379124,7.092958,50.605022,4414.913648,-0.078870,53.729196,5.778171,2.147327,0.001880
6.405679,7.150967,50.604044,4411.710841,-0.087392,53.736143,5.782189,2.148531,-0.007186
6.443023,7.193264,50.592893,4408.496082,-0.106011,53.740853,5.791810,2.155648,0.000278
6.471317,7.244965,50.579759,4405.297262,-0.102213,53.739116,5.777199,2.155478,-0.004312
6.507893,7.285989,50.559058,4402.088104,-0.101674,53.760046,5.779363,2.150331,0.001446
6.542679,7.328856,50.548822,4398.890351,-0.113346,53.771308,5.789324,2.156880,0.003944
6.570471,7.378042,50.545633,4395.691215,-0.134615,53.772823,5.789964,2.160874,-0.001421
6.608247,7.435989,50.527535,4392.473941,-0.131641,53.781592,5.792898,2.154262,0.001448
6.641056,7.490184,50.498706,4389.274765,-0.140443,53.780044,5.792418,2.155237,-0.001192
6.681635,7.524809,50.490347,4386.070288,-0.142296,53.785105,5.787384,2.158162,-0.002127
6.721065,7.586866,50.473653,4382.867189,-0.154102,53.794099,5.803361,2.163429,-0.006389
6.754851,7.617827,50.465741,4379.669900,-0.160554,53.802319,5.811130,2.165426,-0.003669
6.788933,7.664624,50.439116,4376.454217,-0.162492,53.818241,5.816206,2.170774,-0.002215
6.828194,7.721006,50.426082,4373.248028,-0.182213,53.829825,5.838151,2.178900,0.014619
6.854557,7.769565,50.399959,4370.031532,-0.182763,53.838066,5.835615,2.172436,-0.005427
6.895552,7.818040,50.379552,4366.814896,-0.191313,53.830155,5.843122,2.169644,-0.000149
6.925497,7.868026,50.352827,4363.592985,-0.198540,53.837656,5.849581,2.177820,0.002930
6.956000,7.922963,50.345087,4360.371046,-0.194738,53.854149,5.862267,2.180591,0.005921
6.991959,7.958029,50.315174,4357.151452,-0.204297,53.851335,5.868445,2.193369,-0.014355
7.039353,8.002298,50.286971,4353.918145,-0.212413,53.872781,5.888012,2.185564,-0.003483
7.060041,8.050263,50.262614,4350.690991,-0.212164,53.871911,5.898258,2.204250,0.002958
7.099960,8.096209,50.243042,4347.450764,-0.218348,53.881582,5.902422,2.198608,-0.002569
7.130339,8.146302,50.214742,4344.200529,-0.230957,53.882341,5.913676,2.199486,0.000324
7.160939,8.188224,50.179955,4340.945952,-0.233822,53.891801,5.938218,2.214932,-0.001090
7.207559,8.237719,50.159048,4337.688361,-0.239252,53.901704,5.941548,2.202563,0.008004
7.235477,8.295044,50.135476,4334.424990,-0.245319,53.915056,5.950327,2.218390,0.002398
7.269633,8.336640,50.100999,4331.159665,-0.255910,53.912551,5.972104,2.218130,-0.009854
7.298630,8.385080,50.071120,4327.876413,-0.267276,53.931697,5.991579,2.233637,0.000367
7.340979,8.430165,50.043613,4324.586216,-0.265196,53.930055,6.005563,2.238123,0.003403
7.371823,8.478806,50.007520,4321.300854,-0.269595,53.943940,6.014027,2.244206,0.001989
7.399731,8.529403,49.987744,4317.995095,-0.278112,53.939478,6.041483,2.250782,-0.003513
7.440579,8.564162,49.957742,4314.696861,-0.279290,53.950291,6.059476,2.257894,-0.006373
7.480069,8.605157,49.918321,4311.369105,-0.280811,53.964031,6.072534,2.269044,0.000179
7.520212,8.661142,49.891519,4308.047782,-0.290385,53.971810,6.082391,2.263302,0.010869
7.530726,8.713229,49.854033,4304.707739,-0.291279,53.978033,6.117354,2.267061,-0.005412
7.564532,8.753321,49.824976,4301.360334,-0.297347,53.986899,6.125332,2.288158,0.002599
7.601076,8.804178,49.796892,4298.007493,-0.297619,53.994863,6.139347,2.283482,0.001961
7.648461,8.856250,49.762077,4294.650684,-0.308436,54.002961,6.176145,2.294977,-0.000744
7.676340,8.904623,49.720082,4291.272251,-0.302612,54.015366,6.173989,2.292667,-0.008749
7.704187,8.956074,49.689560,4287.887609,-0.301030,54.028714,6.204981,2.317944,-0.002509
7.743436,8.997787,49.666881,4284.486209,-0.305155,54.027773,6.220593,2.324129,0.002297
7.766790,9.043738,49.612333,4281.090074,-0.307392,54.033678,6.239705,2.317269,0.006261
7.814009,9.091745,49.587042,4277.676643,-0.297373,54.039570,6.250211,2.331136,0.001350
7.836772,9.132708,49.562028,4274.237636,-0.309706,54.050352,6.278292,2.340699,0.004943
7.877127,9.183199,49.523772,4270.798147,-0.312668,54.058066,6.301184,2.342265,0.001430
7.915598,9.230847,49.487445,4267.347992,-0.304727,54.064098,6.325323,2.356639,0.002371
7.943034,9.283249,49.456336,4263.888233,-0.318581,54.071280,6.351642,2.366115,0.000319
7.979032,9.325910,49.424562,4260.407977,-0.310496,54.083967,6.371351,2.375164,0.007112
8.012130,9.369465,49.383997,4256.917959,-0.310065,54.087762,6.389733,2.383165,-0.005409
8.043904,9.413340,49.345216,4253.434233,-0.311731,54.099248,6.399264,2.386445,-0.007951
8.071152,9.464122,49.314679,4249.919321,-0.294541,54.111754,6.421481,2.398080,-0.001910
8.119493,9.497336,49.279827,4246.410189,-0.295098,54.129401,6.452961,2.400642,-0.000270
8.151981,9.553740,49.244371,4242.863291,-0.307486,54.121742,6.467920,2.411508,-0.002848
8.183609,9.599947,49.218497,4239.325797,-0.293872,54.139977,6.492131,2.418616,0.000711
8.215900,9.637113,49.181304,4235.773443,-0.296596,54.144416,6.511865,2.424145,0.002082
8.254641,9.689120,49.154105,4232.212092,-0.298721,54.150451,6.525334,2.434986,-0.002617
8.289566,9.744811,49.114413,4228.628314,-0.289188,54.151583,6.547735,2.439128,0.001888
8.316744,9.783293,49.085529,4225.044694,-0.290979,54.167154,6.565857,2.453159,0.007090
8.344846,9.836748,49.047716,4221.455085,-0.284938,54.172182,6.570719,2.452170,0.001180
8.373542,9.881916,49.019093,4217.835390,-0.282361,54.160908,6.602674,2.460859,-0.002639
8.407774,9.919798,48.979073,4214.213577,-0.281660,54.187146,6.609750,2.459698,0.004147
8.444672,9.973989,48.954610,4210.572381,-0.280790,54.201989,6.640279,2.473399,-0.002847
8.478367,10.017259,48.929071,4206.939586,-0.272139,54.209175,6.650117,2.478356,-0.004846
8.511988,10.063039,48.892767,4203.281706,-0.269485,54.211350,6.662770,2.486497,-0.001276
8.539122,10.104655,48.874408,4199.624862,-0.259303,54.223848,6.684409,2.479169,-0.001118
8.578870,10.160342,48.845013,4195.948694,-0.252999,54.235966,6.697109,2.494730,0.007155
8.603534,10.202332,48.817701,4192.271976,-0.245198,54.249868,6.704533,2.498991,0.001746
8.639637,10.252872,48.781574,4188.567643,-0.236032,54.262252,6.717847,2.504850,0.004391
8.673633,10.293302,48.752276,4184.867182,-0.240577,54.264061,6.737723,2.518161,0.003844
8.707898,10.348186,48.737963,4181.165540,-0.230334,54.254221,6.747429,2.510187,0.003481
8.732037,10.393694,48.716857,4177.462668,-0.229715,54.278883,6.766993,2.518917,-0.003545
8.771006,10.429831,48.688090,4173.733162,-0.220805,54.293791,6.764958,2.522078,-0.003858
8.803211,10.490910,48.662467,4169.997351,-0.215693,54.305797,6.784386,2.528143,-0.001183
8.830254,10.524216,48.639876,4166.255702,-0.209717,54.300165,6.789363,2.527728,0.000710
8.867976,10.565972,48.612517,4162.518974,-0.200360,54.314367,6.806479,2.537588,0.003168
8.907391,10.616777,48.596425,4158.764881,-0.200811,54.328107,6.803817,2.534381,0.000381
8.934885,10.672856,48.579233,4155.005738,-0.174439,54.328780,6.821630,2.540013,-0.001540
8.972028,10.712703,48.551132,4151.246661,-0.175404,54.346128,6.819638,2.547519,-0.002504
9.004170,10.746182,48.539262,4147.476465,-0.172104,54.355427,6.828664,2.535503,0.002267
9.033874,10.800276,48.514697,4143.690078,-0.165610,54.355705,6.838229,2.547348,-0.004646
9.065108,10.847508,48.491705,4139.920424,-0.164878,54.364450,6.836372,2.545631,-0.002447
9.095565,10.886204,48.482269,4136.119943,-0.159917,54.383298,6.833510,2.551389,0.003083
9.123927,10.938746,48.476040,4132.350486,-0.133620,54.388114,6.850086,2.542293,0.004492
9.151857,10.977549,48.444277,4128.551292,-0.140006,54.395456,6.852218,2.565555,0.005209
9.191548,11.019607,48.439251,4124.783385,-0.126368,54.417601,6.850028,2.559310,-0.004729
9.224677,11.072130,48.424249,4120.971369,-0.117715,54.415846,6.849109,2.555682,-0.005499
9.260868,11.111650,48.401381,4117.181981,-0.116246,54.418553,6.856314,2.545701,0.005579
9.286233,11.168869,48.398006,4113.395338,-0.112595,54.428126,6.851178,2.554472,-0.003336
9.330412,11.200913,48.380222,4109.584532,-0.111738,54.453324,6.841009,2.546813,-0.002474
9.350469,11.249422,48.372596,4105.783925,-0.104120,54.454291,6.842757,2.544548,-0.004589
9.384624,11.296470,48.353398,4101.976804,-0.094441,54.462295,6.849059,2.542742,0.005719
9.408881,11.336095,48.347991,4098.190828,-0.088383,54.476480,6.850207,2.541257,0.005776
9.445379,11.386695,48.337298,4094.376494,-0.084506,54.483353,6.824446,2.543365,-0.002404
9.485692,11.430644,48.326750,4090.581891,-0.083138,54.494105,6.828792,2.548787,-0.001348
9.509245,11.476677,48.330868,4086.788068,-0.086576,54.498583,6.825051,2.540338,0.010154
9.539516,11.528918,48.328687,4082.994458,-0.072042,54.506620,6.819887,2.538288,0.007336
9.576690,11.572905,48.317442,4079.199300,-0.065691,54.520745,6.812563,2.539424,0.001037
9.608324,11.613233,48.316684,4075.399787,-0.066036,54.526300,6.800326,2.537101,-0.001091
9.633511,11.665204,48.295457,4071.611434,-0.060496,54.539795,6.797734,2.537893,0.007720
9.675109,11.704699,48.282296,4067.826348,-0.059649,54.549905,6.808846,2.538184,0.003759
9.700655,11.752072,48.281825,4064.043763,-0.044001,54.556777,6.792961,2.539002,-0.001562
9.734085,11.791269,48.278213,4060.263380,-0.032208,54.566972,6.790727,2.532662,0.010817
9.764962,11.842169,48.278849,4056.486276,-0.035425,54.572816,6.780022,2.535691,-0.003057
9.793309,11.891302,48.269672,4052.705216,-0.033128,54.587465,6.761253,2.518298,0.003466
9.830232,11.931212,48.270334,4048.932034,-0.037602,54.597565,6.759040,2.513573,0.002804
9.857602,11.984647,48.261875,4045.174598,-0.043289,54.609013,6.747359,2.505118,0.001353
9.890275,12.015419,48.265608,4041.415471,-0.026408,54.614665,6.736162,2.514718,-0.000383
9.918851,12.068162,48.253899,4037.655268,-0.040377,54.625780,6.739439,2.507386,-0.000555
9.959231,12.111124,48.256782,4033.905194,-0.029884,54.642671,6.720629,2.501297,-0.002594
9.983520,12.151640,48.251468,4030.162311,-0.032198,54.644161,6.713402,2.493460,0.001329
10.015075,12.193565,48.249715,4026.427661,-0.028381,54.657257,6.697007,2.494184,-0.008519
10.044025,12.242624,48.241048,4022.687176,-0.019001,54.674184,6.694259,2.490806,-0.007472
10.077903,12.292068,48.247109,4018.961103,-0.057543,54.585176,6.680187,2.493939,-37.995805
10.117287,12.336876,48.237236,4015.241181,-0.089130,54.500209,6.685992,2.490536,-38.006013
10.137454,12.376480,48.216850,4011.532533,-0.120327,54.445884,6.679679,2.484856,-37.990074
10.174283,12.411713,48.216805,4007.841212,-0.156828,54.351057,6.682824,2.487027,-38.000587
10.201793,12.474335,48.197107,4004.148611,-0.178808,54.279203,6.680478,2.490145,-38.002437
10.227776,12.511148,48.175985,4000.461295,-0.214403,54.197770,6.688287,2.496005,-38.003633
10.261824,12.556389,48.140888,3996.774892,-0.244311,54.125409,6.698283,2.499725,-38.006669
10.290964,12.597339,48.117154,3993.100421,-0.279338,54.045307,6.720703,2.510900,-38.003571
10.334859,12.635667,48.087455,3989.410508,-0.307705,53.962137,6.732033,2.523940,-37.999683
10.362675,12.683204,48.060670,3985.727490,-0.338612,53.874309,6.746202,2.522396,-37.998779
10.394512,12.730956,48.017551,3982.041830,-0.362801,53.809226,6.770190,2.530656,-37.986046
10.414811,12.772965,47.973801,3978.349067,-0.404969,53.725912,6.798294,2.533943,-38.004797
10.456731,12.817875,47.933278,3974.641285,-0.425487,53.646356,6.832879,2.546170,-38.004965
10.487339,12.870049,47.890215,3970.929972,-0.458234,53.568651,6.854649,2.553157,-37.998416
10.517591,12.904664,47.844755,3967.208403,-0.495632,53.489052,6.879818,2.556215,-38.001851
10.544706,12.953174,47.789469,3963.469726,-0.519356,53.399704,6.930071,2.581027,-38.003540
10.573058,12.996169,47.736424,3959.728136,-0.537118,53.314945,6.968094,2.598897,-38.000063
10.608910,13.036606,47.672214,3955.959398,-0.580684,53.231562,7.006187,2.615575,-38.000979
10.646028,13.087713,47.613230,3952.167730,-0.597665,53.152545,7.060773,2.624089,-37.998453
10.671360,13.118858,47.550493,3948.368817,-0.609794,53.063030,7.109491,2.647550,-37.998829
10.708263,13.167145,47.489494,3944.538045,-0.647383,52.982703,7.160426,2.660607,-37.996731
10.736818,13.202380,47.405996,3940.700590,-0.687170,52.886003,7.220277,2.687737,-38.002924
10.767781,13.252380,47.350428,3936.821958,-0.686514,52.814002,7.276550,2.704894,-37.997549
10.796423,13.294179,47.270863,3932.923807,-0.718790,52.722120,7.343293,2.732641,-38.006088
10.831010,13.327262,47.199615,3929.002443,-0.743241,52.629691,7.401458,2.758378,-37.996183
10.867134,13.375033,47.123121,3925.033054,-0.757988,52.536780,7.463499,2.784112,-37.999607
10.892119,13.419570,47.038547,3921.041198,-0.791350,52.447217,7.529465,2.809566,-38.003810
10.928324,13.469745,46.969024,3917.019202,-0.809090,52.367881,7.607396,2.836015,-37.998590
10.969128,13.512258,46.876109,3912.946075,-0.818371,52.257080,7.678232,2.862331,-38.001460
11.008495,13.545058,46.798585,3908.852081,-0.840423,52.173474,7.745926,2.888551,-38.006236
11.032266,13.590101,46.710747,3904.708069,-0.855514,52.090540,7.827224,2.914574,-38.000112
11.062319,13.630042,46.617895,3900.533352,-0.871920,51.985637,7.912861,2.937051,-37.997063
11.094314,13.682454,46.529913,3896.311241,-0.879301,51.879199,7.995977,2.979990,-37.997564
11.118361,13.711801,46.427767,3892.039697,-0.893742,51.789894,8.073817,3.009443,-38.003267
11.149549,13.752970,46.349283,3887.739068,-0.911577,51.684280,8.172531,3.039571,-37.999095
11.190835,13.804009,46.259883,3883.378454,-0.909597,51.582680,8.254147,3.077353,-37.999446
11.221166,13.835419,46.157115,3878.977901,-0.923065,51.483053,8.336999,3.107264,-37.989980
11.254794,13.876538,46.067435,3874.523633,-0.942004,51.380450,8.424123,3.137257,-37.991883
11.284461,13.919550,45.975636,3870.006820,-0.941530,51.271259,8.529898,3.175805,-38.008589
11.320390,13.963335,45.882125,3865.468556,-0.939303,51.168416,8.619987,3.213628,-37.996929
11.342916,14.005371,45.785798,3860.861875,-0.943586,51.061256,8.709606,3.246231,-37.993115
11.383040,14.038751,45.689178,3856.202860,-0.941414,50.943755,8.804792,3.286136,-37.992725
11.413792,14.079816,45.592075,3851.490656,-0.939365,50.835459,8.903835,3.316956,-37.990734
11.444600,14.116315,45.494504,3846.716249,-0.943676,50.719805,9.007955,3.357339,-37.999568
11.487960,14.158324,45.406425,3841.891296,-0.929854,50.614527,9.105580,3.392054,-38.001498
11.509703,14.198658,45.310645,3837.017865,-0.926470,50.493981,9.204631,3.422020,-38.004045
11.548387,14.254934,45.211122,3832.087338,-0.913860,50.378815,9.297383,3.461706,-38.002087
11.574366,14.286036,45.121390,3827.087313,-0.910755,50.257570,9.391738,3.499935,-38.009340
11.609147,14.330698,45.033579,3822.043513,-0.897834,50.141420,9.492839,3.537478,-38.003837
11.655411,14.371033,44.940481,3816.942415,-0.890250,50.024448,9.589468,3.571826,-38.000513
11.674136,14.406537,44.863774,3811.794873,-0.875151,49.896895,9.668269,3.608905,-37.997043
11.708933,14.446211,44.772112,3806.575196,-0.857750,49.773651,9.773220,3.645346,-37.999481
11.730443,14.488200,44.682328,3801.307526,-0.839976,49.647222,9.850123,3.669928,-37.997352
11.779229,14.521633,44.605854,3795.986016,-0.823508,49.511431,9.940963,3.710265,-38.004774
11.816373,14.569896,44.522576,3790.605994,-0.809710,49.400578,10.025458,3.735818,-38.008310
11.831224,14.613152,44.443146,3785.186318,-0.787948,49.259996,10.118931,3.775337,-38.003223
11.881161,14.640372,44.361017,3779.705091,-0.767419,49.123653,10.201375,3.799264,-38.002942
11.907963,14.675524,44.291611,3774.181537,-0.737995,48.993901,10.269847,3.823768,-38.005623
11.944753,14.725082,44.217302,3768.603986,-0.711663,48.861256,10.350090,3.853477,-38.008392
11.985103,14.757147,44.153503,3762.984327,-0.688728,48.737984,10.399996,3.874075,-37.995080
12.008281,14.803322,44.073370,3757.321141,-0.650303,48.596503,10.473517,3.905763,-38.003965
12.039458,14.841893,44.015125,3751.595324,-0.641576,48.450477,10.554691,3.923743,-37.990252
12.080076,14.869480,43.962657,3745.855397,-0.609286,48.323135,10.608432,3.949206,-37.999744
12.108600,14.917271,43.899754,3740.056719,-0.581634,48.168805,10.657123,3.963521,-37.999326
12.141897,14.946663,43.838889,3734.240194,-0.552032,48.037088,10.712907,3.996171,-38.005350
12.171811,14.998450,43.789633,3728.378090,-0.518598,47.898471,10.746831,4.001085,-38.004955
12.208084,15.029399,43.748656,3722.478153,-0.493212,47.750491,10.798289,4.032313,-38.004451
12.255141,15.063438,43.697502,3716.557516,-0.459329,47.595878,10.831787,4.041029,-38.000696
12.278571,15.102007,43.658686,3710.610924,-0.412379,47.461889,10.867370,4.052264,-37.995733
12.310353,15.140884,43.614284,3704.636352,-0.399019,47.312157,10.888456,4.045746,-37.998528
12.346200,15.182553,43.574221,3698.637968,-0.360164,47.166916,10.902974,4.057167,-37.996373
12.373373,15.217592,43.548502,3692.624223,-0.327597,47.031989,10.922144,4.070133,-37.993255
12.404694,15.253259,43.511570,3686.602497,-0.302043,46.885581,10.936603,4.080631,-38.009083
12.444449,15.289426,43.487691,3680.555072,-0.259593,46.738078,10.942271,4.078120,-37.992777
12.482779,15.325528,43.468918,3674.510653,-0.228914,46.593509,10.939172,4.076227,-37.984647
12.503669,15.368686,43.448499,3668.456232,-0.189227,46.445641,10.938979,4.069581,-37.998583
12.545695,15.395353,43.426413,3662.384205,-0.160501,46.296584,10.923716,4.074224,-38.003986
12.581067,15.432662,43.414249,3656.324174,-0.124898,46.146503,10.905994,4.070265,-38.001639
12.602263,15.474755,43.407119,3650.257925,-0.097448,45.993199,10.890477,4.051456,-37.997803
12.650616,15.511908,43.396322,3644.206526,-0.063813,45.846339,10.862755,4.040810,-38.001341
12.668222,15.552174,43.391897,3638.154935,-0.030483,45.708667,10.834353,4.036828,-38.002065
12.712597,15.579315,43.385050,3632.117180,-0.003433,45.563532,10.794622,4.024520,-37.996056
12.747153,15.622048,43.392757,3626.094127,0.022335,45.413800,10.761487,4.006206,-37.999938
12.771817,15.644522,43.399002,3620.067739,0.061756,45.261588,10.717742,3.997250,-37.994789
12.812255,15.672599,43.410149,3614.086156,0.081702,45.115658,10.677584,3.982324,-37.999550
12.852818,15.719760,43.407891,3608.098788,0.107041,44.978787,10.629295,3.953470,-38.007239
12.896077,15.751397,43.418382,3602.150319,0.138200,44.831681,10.582320,3.935261,-38.004193
12.926803,15.785444,43.432613,3596.225955,0.162708,44.682745,10.523696,3.916745,-38.002669
12.952859,15.830960,43.448226,3590.310522,0.174192,44.538294,10.468161,3.901666,-38.002734
12.990578,15.863153,43.463850,3584.431024,0.197496,44.395244,10.393343,3.881780,-38.000664
13.013381,15.897243,43.494120,3578.584216,0.222648,44.252208,10.332606,3.851150,-37.993235
13.060422,15.929167,43.513349,3572.773302,0.227631,44.116769,10.275492,3.833402,-37.986757
13.084447,15.963976,43.531673,3566.978572,0.251665,43.974075,10.204743,3.807300,-37.998153
13.141556,15.997419,43.561286,3561.228742,0.274884,43.823951,10.143135,3.781143,-38.001660
13.160426,16.034837,43.580088,3555.517599,0.284614,43.693321,10.069557,3.750399,-37.998538
13.195269,16.062327,43.615037,3549.831457,0.297210,43.557266,9.997620,3.734298,-37.992897
13.237754,16.099847,43.652006,3544.179097,0.312486,43.425377,9.915819,3.702370,-38.012557
13.262418,16.133478,43.663232,3538.575571,0.323854,43.271560,9.846773,3.677003,-37.999866
13.307873,16.167185,43.704934,3532.998738,0.322487,43.141532,9.783818,3.649428,-38.004908
13.334959,16.192086,43.720473,3527.474376,0.336501,42.995977,9.709932,3.625573,-38.000080
13.372600,16.234354,43.764985,3521.973619,0.337349,42.868842,9.629208,3.593335,-37.998056
13.403093,16.260669,43.791787,3516.527982,0.344000,42.729036,9.564910,3.557760,-38.003529
13.435576,16.293778,43.819811,3511.113043,0.344535,42.605898,9.502412,3.539473,-38.001034
13.470086,16.331537,43.860241,3505.738948,0.341330,42.470062,9.425102,3.503244,-37.996355
13.503718,16.365089,43.895588,3500.398002,0.342087,42.336012,9.353967,3.492841,-37.992510
13.544208,16.397562,43.920595,3495.113066,0.342437,42.200773,9.286092,3.458018,-38.002637
13.589637,16.424860,43.946235,3489.852035,0.348421,42.079370,9.220365,3.426325,-37.992271
13.615108,16.465050,44.000416,3484.652578,0.341124,41.946570,9.148371,3.401778,-38.001189
13.648358,16.483435,44.010406,3479.471416,0.323930,41.817008,9.079238,3.381527,-37.992510
13.681552,16.510714,44.039643,3474.328052,0.316963,41.690731,9.017441,3.358022,-38.001031
13.714533,16.554400,44.067709,3469.228737,0.303916,41.571265,8.947941,3.332425,-38.001271
13.758789,16.582935,44.101490,3464.162750,0.293785,41.446522,8.895417,3.310727,-37.999275
13.789849,16.618311,44.130226,3459.135270,0.276184,41.320398,8.835470,3.289154,-38.000146
13.820744,16.640201,44.157901,3454.149533,0.267095,41.193552,8.774030,3.269614,-38.001571
13.858982,16.671841,44.169796,3449.202421,0.256840,41.070055,8.718169,3.244845,-38.005651
13.884320,16.713665,44.187490,3444.270806,0.229757,40.943839,8.667727,3.231151,-37.993269
13.930199,16.747780,44.223973,3439.384054,0.219868,40.819184,8.626544,3.206714,-38.003101
13.968714,16.774609,44.235742,3434.537209,0.210024,40.702456,8.574647,3.197144,-37.999438
13.994793,16.801231,44.259978,3429.698745,0.179389,40.574138,8.525700,3.178012,-38.004150
14.027108,16.836350,44.271333,3424.902157,0.160701,40.458183,8.488532,3.163437,-38.010281
14.066813,16.868377,44.285008,3420.136921,0.150886,40.343013,8.451801,3.142837,-38.004825
14.101254,16.883118,44.299171,3415.402028,0.119917,40.223437,8.402417,3.134655,-38.002178
14.142161,16.923314,44.307426,3410.682558,0.090478,40.115001,8.375825,3.120243,-38.000101
14.162457,16.950728,44.313898,3405.988542,0.075705,39.982585,8.345652,3.102771,-38.003489
14.197490,16.988674,44.319732,3401.319599,0.036938,39.857402,8.308490,3.095957,-38.002788
14.235509,17.021129,44.316376,3396.668572,0.021258,39.748630,8.295341,3.090626,-38.002882
14.270223,17.037767,44.315817,3392.048803,-0.014755,39.625881,8.270827,3.082254,-38.003092
14.312877,17.078835,44.324817,3387.445197,-0.039470,39.499390,8.241560,3.075173,-38.009019
14.343143,17.098877,44.315015,3382.848696,-0.064330,39.386582,8.227991,3.072387,-37.995347
14.376219,17.140859,44.301505,3378.278758,-0.095923,39.277177,8.207983,3.070650,-37.991708
14.415960,17.164532,44.291317,3373.722756,-0.118804,39.147830,8.199401,3.058863,-37.993138
14.451378,17.192411,44.294700,3369.182333,-0.154216,39.022496,8.190836,3.060868,-38.004379
14.487563,17.226898,44.259074,3364.637558,-0.178972,38.914829,8.192203,3.050886,-37.989892
14.514120,17.256196,44.252199,3360.105549,-0.219670,38.801315,8.182539,3.057461,-38.009069
14.549268,17.282871,44.227080,3355.597501,-0.245791,38.681882,8.181780,3.053939,-37.994282
14.591183,17.313238,44.209348,3351.088219,-0.269752,38.566149,8.187413,3.057508,-38.005206
14.623257,17.348435,44.184453,3346.580553,-0.296191,38.442023,8.195026,3.057497,-38.007854
14.665481,17.370656,44.158394,3342.085899,-0.329880,38.325852,8.201902,3.058610,-37.996617
14.697020,17.396523,44.123681,3337.571372,-0.366605,38.199034,8.226038,3.061088,-38.004440
14.732982,17.433311,44.092656,3333.076712,-0.392442,38.091838,8.237229,3.072972,-38.002958
14.769815,17.456384,44.052933,3328.565796,-0.433173,37.956650,8.256060,3.084968,-38.001481
14.798698,17.492768,44.008277,3324.064099,-0.454981,37.834777,8.285147,3.079421,-37.996565
14.835008,17.509278,43.983333,3319.547999,-0.486343,37.711826,8.300209,3.098970,-38.002885
14.856860,17.537868,43.938662,3315.030659,-0.507654,37.600364,8.322352,3.103849,-37.995996
14.900587,17.569275,43.894395,3310.494366,-0.539193,37.473865,8.365056,3.123852,-38.003185
14.935240,17.592069,43.842711,3305.953728,-0.573534,37.354451,8.389721,3.125187,-37.997076
14.984661,17.623298,43.789912,3301.405991,-0.604510,37.219752,8.432451,3.137334,-38.003191
15.010027,17.655810,43.731271,3296.833381,-0.625364,37.108717,8.466561,3.162334,-37.993769
15.040826,17.677374,43.689551,3292.249686,-0.652486,36.972247,8.515749,3.172140,-37.997471
15.082870,17.699894,43.630477,3287.657837,-0.681565,36.846413,8.551062,3.193745,-38.003892
15.112654,17.742419,43.574774,3283.033290,-0.704385,36.722288,8.606326,3.204968,-37.988498
15.148640,17.763118,43.507210,3278.381257,-0.733611,36.588448,8.656018,3.220338,-37.995137
15.182350,17.792176,43.444617,3273.733367,-0.755273,36.462765,8.713565,3.246727,-37.997248
15.230167,17.815560,43.376616,3269.038181,-0.773647,36.319708,8.763168,3.275324,-37.998667
15.258206,17.845245,43.303864,3264.320357,-0.800222,36.194716,8.815320,3.289198,-38.002893
15.292361,17.870459,43.236934,3259.577967,-0.817243,36.064440,8.878507,3.310507,-37.994053
15.327636,17.893778,43.175741,3254.810506,-0.830950,35.922221,8.948527,3.336220,-37.990962
15.364519,17.922561,43.097774,3250.006702,-0.854209,35.795044,9.006933,3.354972,-38.001170
15.401544,17.952575,43.029247,3245.172471,-0.874560,35.654476,9.079795,3.381452,-37.994150
15.429258,17.978075,42.952812,3240.312820,-0.886996,35.523276,9.146996,3.408452,-38.006672
15.470240,17.999548,42.871930,3235.414864,-0.904736,35.384784,9.208421,3.427779,-37.993482
15.499149,18.025796,42.792485,3230.474637,-0.921305,35.243569,9.281864,3.456894,-38.005155
15.537251,18.046512,42.724083,3225.500094,-0.924475,35.095211,9.360147,3.483833,-37.990743
15.578982,18.085509,42.643133,3220.486584,-0.931412,34.953471,9.439705,3.507297,-37.993402
15.617550,18.102519,42.563294,3215.432972,-0.940196,34.810141,9.510327,3.544253,-37.998173
15.651112,18.137540,42.475460,3210.348506,-0.956803,34.672820,9.586720,3.580243,-38.001988
15.682875,18.157223,42.403438,3205.199440,-0.961159,34.507282,9.667409,3.599747,-37.995304
15.716586,18.170757,42.326320,3200.024371,-0.962660,34.361229,9.748329,3.637490,-37.999155
15.742245,18.203353,42.238876,3194.803733,-0.968958,34.210681,9.820094,3.661210,-37.989567
15.786192,18.227223,42.160052,3189.543696,-0.964984,34.061333,9.915834,3.689292,-37.998249
15.815327,18.248454,42.083562,3184.232190,-0.975356,33.905221,9.984901,3.718631,-38.011901
15.858147,18.279285,41.989776,3178.883775,-0.964664,33.744583,10.054657,3.752596,-37.997468
15.897603,18.294178,41.923082,3173.484686,-0.972214,33.593457,10.145607,3.783747,-37.998017
15.929674,18.330854,41.828424,3168.030912,-0.964937,33.429044,10.219705,3.814902,-38.001563
15.960218,18.361365,41.752713,3162.543101,-0.959333,33.271560,10.305586,3.840107,-38.005420
15.999754,18.383872,41.667843,3156.992325,-0.954319,33.107163,10.391820,3.870897,-38.005384
16.030329,18.392660,41.600246,3151.426469,-0.946739,32.943448,10.466126,3.898703,-38.002779
16.070728,18.427580,41.522615,3145.789233,-0.933343,32.773939,10.529047,3.926806,-37.997776
16.097221,18.450332,41.438030,3140.108424,-0.932524,32.607226,10.624549,3.954512,-37.994736
16.141450,18.473465,41.373400,3134.393291,-0.905776,32.443647,10.680477,3.973221,-37.994133
16.181061,18.497003,41.298980,3128.636587,-0.890991,32.263329,10.760546,4.005262,-37.995050
16.211858,18.521122,41.222594,3122.825187,-0.878081,32.094753,10.832310,4.036918,-37.998229
16.253901,18.541935,41.150186,3116.970751,-0.859283,31.915048,10.899448,4.050187,-38.006509
16.290916,18.561875,41.080298,3111.083462,-0.838747,31.736223,10.960397,4.091365,-37.993253
16.322215,18.580611,41.006714,3105.146352,-0.825372,31.565127,11.025598,4.114856,-38.004448
16.355372,18.611970,40.948636,3099.181997,-0.804692,31.399436,11.097535,4.132732,-37.996116
16.392226,18.639110,40.890817,3093.171333,-0.789724,31.203341,11.145238,4.154601,-37.996051
16.422281,18.657605,40.819834,3087.113676,-0.764548,31.024364,11.199498,4.173072,-37.996672
16.462534,18.673415,40.751913,3081.032689,-0.742838,30.850653,11.244865,4.194415,-37.998213
16.490137,18.693790,40.700538,3074.916506,-0.711786,30.666164,11.298264,4.201372,-38.002097
16.530431,18.722692,40.647379,3068.778550,-0.689291,30.479795,11.341892,4.220622,-37.994401
16.571444,18.745103,40.589347,3062.593931,-0.657202,30.295367,11.389227,4.246756,-37.994729
16.600849,18.762540,40.539554,3056.388502,-0.622436,30.100623,11.420022,4.257391,-37.998830
16.640951,18.779595,40.483654,3050.152694,-0.603731,29.923199,11.455091,4.275796,-37.994397
16.679444,18.801901,40.450203,3043.901904,-0.579266,29.718878,11.483511,4.268778,-37.997645
16.706630,18.823239,40.396356,3037.619233,-0.547838,29.533628,11.500298,4.285630,-37.997810
16.734399,18.849947,40.351004,3031.313280,-0.520514,29.356593,11.525333,4.289053,-38.006330
16.775991,18.866433,40.310948,3024.994419,-0.490469,29.151712,11.546752,4.305269,-37.990904
16.823492,18.879520,40.277480,3018.657324,-0.456202,28.957575,11.557909,4.301966,-38.007451
16.845573,18.904828,40.245567,3012.309696,-0.426869,28.763777,11.556400,4.311942,-38.001514
16.880576,18.920026,40.201609,3005.950635,-0.391318,28.569562,11.569968,4.305423,-37.999198
16.916926,18.936498,40.179858,2999.587752,-0.381133,28.381177,11.580304,4.309133,-38.004973
16.961655,18.964169,40.157259,2993.208233,-0.349631,28.189100,11.561336,4.310495,-38.003973
16.981644,18.996476,40.125723,2986.837180,-0.313409,27.993020,11.556745,4.311616,-38.005295
17.020654,19.008096,40.098219,2980.452603,-0.275729,27.782286,11.552600,4.307116,-38.001927
17.063461,19.026806,40.082075,2974.064253,-0.257086,27.603257,11.526949,4.298380,-37.992510
17.098412,19.046285,40.059281,2967.692087,-0.234260,27.398246,11.509954,4.285839,-38.006125
17.133859,19.065354,40.045697,2961.317664,-0.206635,27.209071,11.493597,4.284572,-37.991902
17.166273,19.098421,40.029502,2954.950057,-0.181434,27.018025,11.463478,4.268307,-38.002867
17.205167,19.095941,40.025775,2948.596034,-0.155328,26.811248,11.437893,4.256974,-38.004942
17.243270,19.117739,40.013545,2942.250965,-0.129626,26.603057,11.412651,4.240027,-38.000933
17.262247,19.147167,39.998481,2935.908060,-0.105024,26.416880,11.375628,4.237906,-37.992239
17.317272,19.153999,39.994132,2929.592352,-0.083407,26.225495,11.330407,4.215758,-38.008568
17.341262,19.179757,39.990382,2923.289606,-0.054247,26.041908,11.294871,4.204091,-38.002473
17.374038,19.195918,39.980348,2917.006998,-0.039775,25.836501,11.251632,4.194502,-37.992993
17.411352,19.212274,39.977762,2910.732404,-0.021235,25.641660,11.198539,4.178930,-37.996484
17.449887,19.227836,39.976281,2904.498594,0.004089,25.444844,11.157488,4.159574,-38.002468
17.478946,19.246989,39.980455,2898.263717,0.005136,25.254983,11.117886,4.136736,-37.987556
17.517618,19.265032,39.977645,2892.067458,0.035058,25.057273,11.051356,4.120783,-38.003849
17.547894,19.276371,39.983277,2885.896185,0.044329,24.864571,11.010880,4.101000,-38.005442
17.585932,19.301911,39.982226,2879.737684,0.064561,24.673058,10.962340,4.079639,-37.992527
17.621991,19.316745,39.988640,2873.616008,0.063497,24.480821,10.893748,4.066379,-37.999038
17.660372,19.332004,39.988509,2867.519892,0.079938,24.280293,10.857455,4.030005,-37.996343
17.692318,19.352711,40.008958,2861.457085,0.083885,24.090493,10.790151,4.024104,-37.991689
17.726979,19.373400,40.003001,2855.421547,0.088628,23.908762,10.728238,4.004948,-37.994053
17.770318,19.386448,40.013194,2849.411898,0.107406,23.717627,10.689584,3.979651,-38.002776
17.795230,19.406067,40.025502,2843.438078,0.096470,23.520777,10.633682,3.965689,-37.998731
17.849163,19.412339,40.033431,2837.484404,0.104232,23.339644,10.575201,3.933258,-38.000500
17.877089,19.431880,40.038030,2831.572334,0.094176,23.140722,10.513855,3.913381,-37.991276
17.895498,19.450829,40.044138,2825.677861,0.107970,22.958780,10.462682,3.887143,-37.999953
17.938040,19.458034,40.053384,2819.821073,0.104768,22.776277,10.415821,3.873283,-37.995929
17.975000,19.477669,40.061629,2814.003589,0.089282,22.591940,10.349859,3.851117,-38.012356
18.007724,19.496552,40.077044,2808.215862,0.091625,22.401602,10.296695,3.839736,-37.998138
18.044781,19.500520,40.072536,2802.448017,0.083888,22.218341,10.247167,3.817100,-37.998995
18.077644,19.521768,40.091929,2796.714679,0.074843,22.027303,10.197604,3.803703,-38.008255
18.115514,19.529189,40.080365,2791.012745,0.070586,21.847449,10.149241,3.778147,-37.997611
18.149243,19.553125,40.091642,2785.333682,0.121969,21.863236,10.091522,3.760916,0.003969
18.179301,19.560021,40.101418,2779.664308,0.175352,21.874647,10.049223,3.745289,-0.006126
18.221249,19.586856,40.120474,2774.028707,0.215534,21.874962,9.974646,3.716613,0.002056
18.253348,19.589591,40.145141,2768.395604,0.268493,21.875222,9.915563,3.696695,0.003796
18.298774,19.605004,40.149490,2762.806409,0.323355,21.896842,9.845787,3.670441,0.001723
18.317760,19.624896,40.188372,2757.232181,0.360825,21.906324,9.781728,3.643978,0.002537
18.352221,19.640358,40.208776,2751.701384,0.422599,21.904012,9.688950,3.605581,-0.004064
18.393826,19.651912,40.245294,2746.200703,0.454880,21.916722,9.615440,3.581321,-0.001329
18.417840,19.662491,40.275653,2740.730483,0.482222,21.916865,9.525662,3.546121,0.005872
18.461554,19.684884,40.321644,2735.301412,0.520658,21.932392,9.442496,3.510246,0.002699
18.484585,19.688529,40.353894,2729.915029,0.556136,21.937402,9.352473,3.485615,-0.002522
18.528630,19.707816,40.390947,2724.566474,0.581597,21.947940,9.270264,3.452750,-0.000368
18.565952,19.721316,40.436839,2719.267287,0.608220,21.962335,9.174857,3.412470,0.002466
18.593846,19.742855,40.485193,2714.012708,0.641244,21.964265,9.080876,3.382537,-0.006851
18.633433,19.753516,40.520618,2708.798749,0.643016,21.977298,8.979568,3.349412,0.003486
18.672702,19.769112,40.571217,2703.634153,0.664562,21.983356,8.897377,3.305068,-0.008086
18.691645,19.779406,40.614255,2698.507396,0.675440,21.996688,8.805804,3.272615,0.003902
18.734721,19.790206,40.670463,2693.443323,0.693749,22.008739,8.716261,3.252571,-0.008365
18.761833,19.808586,40.712644,2688.423626,0.700779,22.010920,8.622122,3.211540,-0.003719
18.782526,19.823419,40.762205,2683.451761,0.695912,22.017344,8.523788,3.170947,0.004875
18.825734,19.839927,40.808371,2678.538828,0.708221,22.021555,8.443241,3.137280,0.006058
18.860575,19.854366,40.852354,2673.664425,0.706385,22.031402,8.357320,3.111772,0.009177
18.901267,19.871449,40.904701,2668.846052,0.703156,22.048304,8.264550,3.068555,0.009211
18.937229,19.884848,40.955017,2664.068512,0.691338,22.056318,8.179806,3.048381,-0.004108
18.961821,19.898017,41.010568,2659.352043,0.678145,22.070890,8.094575,3.019378,-0.001136
18.988048,19.913285,41.053290,2654.684870,0.665038,22.069694,8.008921,2.987857,0.000002
19.031731,19.915348,41.104679,2650.050846,0.656674,22.084165,7.924871,2.964472,0.002263
19.053531,19.935308,41.147351,2645.491456,0.634577,22.087503,7.853054,2.933675,-0.002243
19.087775,19.957936,41.189608,2640.951024,0.615630,22.102743,7.790619,2.898747,0.004160
19.126720,19.962271,41.225199,2636.470488,0.591315,22.112842,7.711040,2.865548,0.009723
19.160392,19.979333,41.270019,2632.032079,0.573792,22.116969,7.643119,2.850311,-0.000541
19.193213,19.993309,41.304538,2627.648643,0.545829,22.119283,7.584057,2.826170,0.006059
19.224418,20.014030,41.335204,2623.307048,0.501656,22.138863,7.510926,2.801029,0.003266
19.257110,20.019552,41.378610,2618.989053,0.474222,22.143229,7.456544,2.778496,-0.003700
19.282985,20.037101,41.403365,2614.729606,0.440817,22.151080,7.394231,2.757799,-0.007926
19.321232,20.046789,41.440397,2610.509301,0.400036,22.160502,7.349412,2.738806,0.005496
19.344141,20.075615,41.473957,2606.321627,0.358826,22.163472,7.295767,2.715908,0.005636
19.386885,20.073059,41.481608,2602.163280,0.322932,22.165845,7.248392,2.700986,0.005548
19.413863,20.091063,41.507526,2598.056091,0.277360,22.182460,7.200253,2.680597,0.007004
19.444786,20.105067,41.531874,2593.998729,0.238448,22.185753,7.156875,2.661480,0.008794
19.478263,20.118345,41.536793,2589.941975,0.181790,22.201763,7.128511,2.664622,-0.003400
19.510249,20.135977,41.556212,2585.916239,0.137546,22.205699,7.088319,2.644910,0.001922
19.554403,20.155154,41.563056,2581.939394,0.098645,22.216335,7.059505,2.627873,-0.003675
19.582507,20.159084,41.567055,2577.974396,0.038953,22.229011,7.037089,2.618711,0.002423
19.617917,20.170339,41.555586,2574.056808,-0.005561,22.239204,7.013448,2.615807,-0.010585
19.646698,20.194000,41.552443,2570.146405,-0.061345,22.236840,7.001138,2.607474,0.003594
19.663333,20.193277,41.560917,2566.269761,-0.101585,22.257440,6.975849,2.604064,-0.010215
19.705706,20.222525,41.540065,2562.393562,-0.164595,22.259477,6.962428,2.600356,0.003370
19.739312,20.232655,41.530423,2558.562400,-0.212798,22.281774,6.952412,2.589381,0.002870
19.760554,20.251756,41.525321,2554.737920,-0.267048,22.283119,6.955451,2.587354,0.003389
19.803214,20.257580,41.499059,2550.918268,-0.317938,22.287165,6.952325,2.579122,-0.000387
19.838974,20.272900,41.487822,2547.130751,-0.369447,22.300522,6.956342,2.593439,0.002698
19.857320,20.294711,41.455255,2543.337583,-0.428085,22.310968,6.956421,2.590621,0.001977
19.897848,20.299397,41.420415,2539.561775,-0.488623,22.315636,6.967942,2.583935,0.001226
19.921350,20.314799,41.378884,2535.796529,-0.526392,22.323658,6.982271,2.600664,0.003148
19.959854,20.320988,41.347658,2532.029894,-0.593083,22.327685,6.991195,2.606595,-0.002303
19.991420,20.336844,41.303263,2528.290186,-0.652171,22.339871,7.026020,2.610055,0.006631
20.024134,20.349460,41.263610,2524.509155,-0.694159,22.343579,7.034623,2.629459,0.001898
20.056885,20.370786,41.219902,2520.765382,-0.748787,22.362052,7.062968,2.633896,-0.000438
20.082012,20.385624,41.160199,2517.000790,-0.794144,22.364620,7.091305,2.638374,0.002242
20.113454,20.402340,41.110037,2513.244699,-0.851699,22.379701,7.127723,2.648641,0.001902
20.150245,20.407260,41.044267,2509.475294,-0.891418,22.381204,7.158251,2.673253,-0.000186
20.173841,20.414693,40.994661,2505.701461,-0.941245,22.392552,7.208452,2.687439,-0.004319
20.217446,20.427762,40.928358,2501.905574,-0.991492,22.410045,7.246382,2.695199,0.001939
20.239661,20.454837,40.866972,2498.104369,-1.036276,22.418494,7.284158,2.714464,0.003500
20.272695,20.457851,40.794940,2494.267132,-1.088383,22.421915,7.334348,2.733213,-0.007617
20.295825,20.482416,40.725710,2490.446215,-1.123212,22.438898,7.380650,2.749980,-0.000941
20.330866,20.500741,40.645366,2486.589308,-1.164954,22.437750,7.444389,2.772361,-0.002025
20.359307,20.510606,40.577173,2482.721252,-1.206292,22.458170,7.500130,2.792842,-0.000372
20.396988,20.518979,40.481307,2478.817555,-1.226864,22.461493,7.557074,2.815564,-0.002018
20.416855,20.531076,40.407468,2474.888557,-1.273772,22.467792,7.624012,2.836897,-0.004617
20.446584,20.544550,40.325679,2470.937185,-1.306096,22.472296,7.696800,2.867050,0.002059
20.486380,20.559069,40.249308,2466.949146,-1.333321,22.488706,7.755530,2.893580,0.002329
20.514204,20.571347,40.146994,2462.953462,-1.365735,22.498137,7.827272,2.917306,-0.005829
20.556396,20.584398,40.067522,2458.900607,-1.386933,22.508549,7.903478,2.950544,-0.006239
20.573896,20.603018,39.975145,2454.806345,-1.423570,22.524437,7.983014,2.977263,-0.000196
20.606663,20.604493,39.879993,2450.698795,-1.438604,22.532248,8.060537,3.004014,0.001620
20.640833,20.625853,39.798459,2446.561797,-1.454415,22.537259,8.136210,3.033419,-0.000303
20.658486,20.643844,39.696286,2442.365341,-1.476847,22.546105,8.203931,3.052435,0.000157
20.694359,20.651476,39.596473,2438.120350,-1.488353,22.549036,8.291798,3.087967,-0.005120
20.729885,20.671186,39.501706,2433.837106,-1.497692,22.566391,8.372423,3.123766,0.004085
20.758489,20.677323,39.408073,2429.521242,-1.505019,22.575447,8.451600,3.151684,0.005811
20.780274,20.698293,39.316514,2425.144642,-1.516206,22.576339,8.547119,3.188277,-0.000526
20.816330,20.699195,39.220173,2420.730687,-1.510319,22.593809,8.624196,3.214889,-0.001761
20.849316,20.723937,39.121924,2416.293067,-1.509808,22.600792,8.716762,3.242070,0.003297
20.872162,20.729719,39.020018,2411.771325,-1.514235,22.615258,8.801871,3.283445,0.004424
20.897673,20.751227,38.932852,2407.210757,-1.506470,22.619408,8.897558,3.308954,0.001214
20.949135,20.753409,38.825964,2402.617624,-1.492273,22.637979,8.961718,3.341321,-0.005101
20.974339,20.776701,38.738969,2397.947415,-1.491376,22.636894,9.056401,3.382757,-0.008598
21.000476,20.790495,38.644343,2393.253004,-1.469887,22.642111,9.132959,3.400453,0.006359
21.031638,20.799885,38.554474,2388.487074,-1.458776,22.665631,9.219190,3.427295,0.004896
21.052359,20.813835,38.470166,2383.690133,-1.433143,22.675338,9.290648,3.473800,-0.006366
21.086571,20.823426,38.385113,2378.837882,-1.409153,22.675472,9.376944,3.496405,-0.004867
21.121651,20.846526,38.295317,2373.932333,-1.380256,22.683367,9.441162,3.515636,0.002097
21.148324,20.847858,38.210014,2368.979811,-1.360249,22.687652,9.525834,3.538320,-0.002017
21.178713,20.874683,38.127104,2363.988086,-1.318682,22.713209,9.594842,3.575479,-0.001915
21.203115,20.878087,38.043296,2358.925196,-1.290629,22.726990,9.661678,3.589705,0.007063
21.236801,20.891383,37.974055,2353.830383,-1.247740,22.723454,9.722867,3.618766,-0.002664
21.265050,20.909866,37.890539,2348.694851,-1.216031,22.731344,9.789797,3.643925,0.014750
21.290665,20.910290,37.819005,2343.514721,-1.172138,22.742644,9.850860,3.662381,0.001307
21.321512,20.932400,37.746981,2338.289560,-1.121985,22.752922,9.901749,3.689578,-0.010598
21.342960,20.939361,37.671739,2333.022608,-1.091336,22.766860,9.940556,3.704150,0.004005
21.383176,20.958836,37.602782,2327.718827,-1.046798,22.770091,10.002632,3.721410,0.004594
21.408369,20.968440,37.544296,2322.380425,-1.000503,22.780981,10.042239,3.747698,-0.006930
21.437645,20.980694,37.497452,2317.010932,-0.952487,22.795535,10.071274,3.752038,-0.003788
21.464808,20.992531,37.443034,2311.604025,-0.898915,22.802235,10.105933,3.753867,-0.002053
21.494880,21.011297,37.384663,2306.180980,-0.850669,22.822520,10.136988,3.764904,-0.002914
21.526016,21.023446,37.348612,2300.717652,-0.788646,22.826708,10.160407,3.783539,0.001424
21.555370,21.028496,37.286234,2295.226078,-0.740492,22.828585,10.174178,3.802899,0.000759
21.573613,21.041328,37.244830,2289.718732,-0.683273,22.842805,10.184473,3.787982,0.005067
21.611583,21.063575,37.210418,2284.193593,-0.634145,22.859573,10.198613,3.799787,-0.002909
21.633971,21.078088,37.178537,2278.645956,-0.573165,22.857635,10.202360,3.801838,0.001557
21.652671,21.084158,37.134037,2273.100507,-0.517027,22.881572,10.198364,3.795113,0.008178
21.678664,21.084493,37.098781,2267.523704,-0.473357,22.880925,10.190810,3.791999,0.003773
21.720740,21.106705,37.090111,2261.948493,-0.420792,22.896560,10.175384,3.790877,-0.004059
21.753499,21.115217,37.060158,2256.370755,-0.371667,22.892673,10.160555,3.782844,0.000200
21.773608,21.136045,37.033377,2250.788901,-0.323191,22.908414,10.140211,3.790030,0.000631
21.807038,21.155245,37.017881,2245.203382,-0.269839,22.915178,10.121566,3.769888,-0.004538
21.823453,21.154297,37.017221,2239.628002,-0.214361,22.925608,10.081690,3.755429,-0.005885
21.861972,21.175817,36.990069,2234.040803,-0.165406,22.936834,10.044071,3.736702,0.008944
21.878361,21.185288,36.981825,2228.482793,-0.124412,22.952095,10.003541,3.728275,-0.000562
21.909626,21.204321,36.975086,2222.917429,-0.076533,22.950859,9.970566,3.715667,0.003403
21.938819,21.208617,36.980012,2217.383469,-0.037029,22.971343,9.921824,3.694120,-0.007475
21.961194,21.228053,36.965644,2211.843886,0.015496,22.973947,9.864226,3.679114,0.008186
21.989494,21.231440,36.977519,2206.350386,0.055887,22.991613,9.828625,3.655575,0.001405
22.013912,21.245898,36.989033,2200.857279,0.089808,22.993989,9.768747,3.631415,0.004208
22.048004,21.265469,36.986485,2195.385641,0.122982,22.996987,9.714344,3.621911,0.001796
22.077598,21.269871,36.992129,2189.937599,0.149516,23.015408,9.654858,3.589615,-0.003453
22.104408,21.285672,37.013204,2184.512049,0.181048,23.019385,9.586571,3.570748,-0.003659
22.133390,21.306003,37.010808,2179.130669,0.211044,23.026063,9.531506,3.541680,0.005944
22.154009,21.319656,37.032985,2173.762113,0.238801,23.034112,9.473939,3.529610,0.004152
22.177442,21.334760,37.047096,2168.430462,0.258729,23.044442,9.394396,3.501361,0.003910
22.206141,21.337402,37.054282,2163.122362,0.272805,23.059095,9.332680,3.471833,0.001988
22.237565,21.334081,37.077057,2157.851611,0.298116,23.072891,9.268889,3.451016,0.002006
22.256147,21.356395,37.087453,2152.620767,0.306483,23.085716,9.199344,3.429384,0.007237
22.295159,21.371147,37.111273,2147.420470,0.327543,23.083656,9.131758,3.402194,0.007620
22.312753,21.381363,37.114432,2142.246227,0.324943,23.092014,9.072284,3.376366,-0.001866
22.345401,21.398642,37.152734,2137.115482,0.346688,23.108551,9.003193,3.350572,-0.002672
22.359263,21.403346,37.177866,2132.017528,0.341351,23.112841,8.934908,3.326927,-0.005938
22.404283,21.415207,37.178906,2126.958837,0.347922,23.116226,8.868754,3.304678,-0.009200
22.417714,21.430944,37.203584,2121.930757,0.347995,23.120985,8.794154,3.279647,-0.007737
22.443968,21.448113,37.221197,2116.954121,0.331245,23.128307,8.738365,3.259590,-0.002768
22.483175,21.457257,37.248046,2111.995208,0.328814,23.158492,8.673701,3.223653,-0.001692
22.498256,21.476288,37.256043,2107.096417,0.312833,23.167021,8.609367,3.207241,-0.002009
22.525028,21.484304,37.277287,2102.217162,0.312354,23.167813,8.542734,3.190819,-0.002351
22.543462,21.485789,37.295052,2097.376317,0.295265,23.175783,8.491313,3.164385,0.008594
22.566641,21.507765,37.308015,2092.588734,0.270992,23.197626,8.430566,3.144162,-0.002969
22.602403,21.526442,37.318904,2087.807911,0.248804,23.194742,8.377470,3.115923,0.001128
22.626203,21.529231,37.336680,2083.095541,0.219931,23.205138,8.319472,3.103413,-0.009384
22.652046,21.540972,37.339904,2078.397648,0.197403,23.216381,8.275999,3.076916,-0.000328
22.666396,21.547439,37.357703,2073.743555,0.171771,23.218081,8.219742,3.054438,-0.001547
22.701203,21.560181,37.362244,2069.116326,0.143390,23.233771,8.187162,3.032739,0.002977
22.738733,21.569877,37.365517,2064.520039,0.117916,23.240418,8.149243,3.030173,0.010142
22.749547,21.590929,37.375662,2059.977693,0.066975,23.258639,8.092609,3.015585,-0.000842
22.771483,21.597593,37.376471,2055.440302,0.040782,23.259233,8.059327,3.002537,-0.007311
22.809054,21.607977,37.374984,2050.949163,0.001166,23.269224,8.016407,2.992473,-0.004639
22.828341,21.620149,37.382223,2046.490389,-0.041752,23.275085,7.982294,2.977576,-0.006850
22.853567,21.632847,37.373671,2042.044311,-0.072491,23.292149,7.953700,2.968335,-0.003341
22.884036,21.638224,37.378790,2037.638053,-0.121394,23.302952,7.920030,2.946528,0.001774
22.902280,21.663829,37.365421,2033.241806,-0.165894,23.313928,7.899197,2.940273,0.001803
22.930159,21.666658,37.351663,2028.889901,-0.210383,23.321870,7.876713,2.931868,0.004213
22.953642,21.694608,37.344778,2024.555490,-0.251641,23.321287,7.856651,2.924711,0.004070
22.980879,21.695215,37.322519,2020.227540,-0.304842,23.329048,7.843169,2.920139,-0.006165
23.011590,21.710856,37.313488,2015.936720,-0.341694,23.340412,7.821001,2.903670,0.001986
23.035930,21.717006,37.294602,2011.670681,-0.406579,23.362533,7.805211,2.911314,0.000895
23.059911,21.727576,37.269771,2007.418664,-0.438910,23.367617,7.802672,2.908740,0.001641
23.076016,21.734049,37.242708,2003.174595,-0.502595,23.390699,7.806979,2.899528,-0.006675
23.108611,21.752239,37.215075,1998.951459,-0.555256,23.389433,7.794708,2.902338,0.003647
23.130800,21.760318,37.180012,1994.739381,-0.608244,23.392973,7.802895,2.903425,0.005166
23.160008,21.779212,37.150681,1990.542785,-0.649969,23.406748,7.801603,2.897263,0.001601
23.183867,21.782077,37.103913,1986.354234,-0.698103,23.421252,7.808282,2.910230,0.001433
23.200423,21.792061,37.080841,1982.175781,-0.753989,23.441240,7.818448,2.907474,-0.008342
23.227280,21.819216,37.037919,1977.998146,-0.801363,23.435898,7.829785,2.917717,0.003872
23.250413,21.817877,36.998046,1973.836170,-0.860684,23.441162,7.842376,2.927887,0.000877
23.275101,21.836072,36.944673,1969.673929,-0.898196,23.457886,7.852832,2.914630,-0.001400
23.301830,21.841069,36.900320,1965.512809,-0.951276,23.473722,7.877194,2.933553,-0.001298
23.322703,21.857800,36.848724,1961.357352,-1.009281,23.480240,7.902806,2.934870,-0.004628
23.347462,21.865085,36.794487,1957.199780,-1.048142,23.475501,7.925395,2.951311,-0.004596
23.378326,21.875179,36.745190,1953.037676,-1.104473,23.489952,7.952908,2.965011,0.001602
23.394847,21.890466,36.688535,1948.864112,-1.135302,23.502659,7.984368,2.967555,-0.003596
23.421769,21.900700,36.626668,1944.698772,-1.193666,23.508775,8.006964,2.983077,-0.005922
23.438686,21.910479,36.575487,1940.511765,-1.240552,23.514575,8.058731,3.002125,-0.004025
23.465998,21.923209,36.500982,1936.318852,-1.274791,23.530698,8.090046,3.000928,-0.005470
23.490775,21.929744,36.440504,1932.123155,-1.323534,23.544778,8.121969,3.026548,-0.002741
23.520177,21.934955,36.370365,1927.908984,-1.349384,23.555391,8.164812,3.044914,-0.005290
23.540891,21.947654,36.299721,1923.680099,-1.395422,23.559344,8.211032,3.054734,0.007683
23.551268,21.971034,36.222356,1919.431186,-1.424276,23.574321,8.254212,3.076467,-0.006358
23.579232,21.972707,36.152333,1915.174308,-1.462127,23.578025,8.294622,3.103833,-0.003681
23.607450,21.999301,36.086950,1910.899782,-1.493524,23.593613,8.361830,3.112271,-0.002357
23.641398,21.996157,36.010134,1906.602106,-1.519251,23.600397,8.399681,3.131754,-0.000089
23.652161,22.010755,35.915899,1902.277588,-1.547017,23.606060,8.460627,3.154189,-0.005295
23.688074,22.030539,35.843076,1897.923689,-1.574804,23.626044,8.515471,3.166232,-0.000756
23.707327,22.029346,35.777636,1893.564711,-1.597667,23.623509,8.571548,3.187103,-0.006682
23.729559,22.054040,35.693169,1889.159156,-1.617902,23.637287,8.623996,3.217433,0.000458
23.748705,22.058636,35.613032,1884.737957,-1.643871,23.641985,8.689331,3.236892,-0.004384
23.774502,22.067489,35.534287,1880.284697,-1.647893,23.656474,8.747418,3.248854,0.001186
23.796775,22.081792,35.439687,1875.810474,-1.671095,23.663706,8.800325,3.281745,0.006172
23.824685,22.086713,35.366385,1871.313401,-1.675464,23.682931,8.859462,3.304130,-0.003587
23.841784,22.100116,35.295193,1866.767167,-1.681424,23.680754,8.919977,3.317595,-0.002361
23.864092,22.108467,35.207552,1862.195436,-1.696125,23.698523,8.970100,3.344194,-0.004412
23.886451,22.131500,35.121365,1857.593079,-1.692485,23.698696,9.029259,3.360000,-0.008065
23.909679,22.138143,35.036053,1852.959470,-1.690107,23.712489,9.085852,3.390859,-0.008550
23.927623,22.145112,34.959430,1848.295303,-1.688240,23.720622,9.153389,3.405117,0.004773
23.949817,22.152718,34.879899,1843.578774,-1.682264,23.733303,9.208354,3.429794,-0.003722
23.975003,22.161245,34.791089,1838.852565,-1.668582,23.739475,9.269532,3.451832,-0.005027
23.997849,22.176789,34.716259,1834.080595,-1.664023,23.759661,9.330148,3.481244,-0.000016
24.022485,22.186343,34.631059,1829.272357,-1.649677,23.757896,9.378978,3.493797,-0.000094
24.043874,22.207683,34.555168,1824.434149,-1.643515,23.769684,9.439281,3.517781,-0.007748
24.063781,22.213369,34.473574,1819.565412,-1.623892,23.783843,9.492693,3.539023,-0.000405
24.090156,22.221171,34.400763,1814.651079,-1.606469,23.788360,9.543536,3.553272,-0.003381
24.117549,22.236521,34.337732,1809.720499,-1.573632,23.808671,9.589185,3.570816,0.002090
24.135798,22.251618,34.262512,1804.743717,-1.559509,23.816671,9.633971,3.590518,-0.000926
24.161442,22.237205,34.177681,1799.726633,-1.527264,23.826202,9.679411,3.610306,-0.000158
24.184925,22.271676,34.111041,1794.698546,-1.505684,23.833434,9.721869,3.630909,0.000667
24.199352,22.268005,34.040952,1789.628147,-1.476153,23.843666,9.769233,3.633045,-0.008053
24.211759,22.286924,33.975253,1784.539312,-1.445277,23.865351,9.803275,3.657169,0.002695
24.239759,22.309045,33.898081,1779.398923,-1.403220,23.860293,9.843462,3.665876,0.005664
24.268313,22.302530,33.841693,1774.248720,-1.367056,23.880091,9.866301,3.672723,0.003282
24.288158,22.317241,33.782009,1769.066730,-1.339386,23.877322,9.908609,3.693579,0.002455
24.318024,22.330866,33.710184,1763.866174,-1.292642,23.886217,9.936177,3.702648,0.011040
24.335721,22.329782,33.658594,1758.629244,-1.256661,23.898529,9.956645,3.709323,-0.000951
24.348274,22.346050,33.591126,1753.372098,-1.223158,23.906405,9.964114,3.718080,-0.003109
24.376621,22.355132,33.546562,1748.108346,-1.174762,23.927555,9.989358,3.714867,0.002071
24.400884,22.371710,33.487812,1742.815103,-1.130662,23.927451,10.000711,3.721214,0.004001
24.420665,22.376879,33.443518,1737.510150,-1.092485,23.937795,10.010588,3.731098,0.003394
24.439788,22.397117,33.393905,1732.178927,-1.057163,23.943063,10.014616,3.734126,-0.001607
24.468015,22.397611,33.351198,1726.846553,-1.009495,23.963523,10.017541,3.742327,0.002315
24.484919,22.399816,33.303734,1721.492221,-0.969732,23.973089,10.027163,3.734865,-0.001299
24.503993,22.423389,33.262419,1716.128053,-0.926029,23.982852,10.016338,3.730794,0.001770
24.520069,22.433782,33.216615,1710.759005,-0.882100,23.989008,10.012860,3.736606,0.006484
24.548953,22.446603,33.181230,1705.386713,-0.831165,23.992864,10.010857,3.719147,-0.008431
24.562260,22.450043,33.149119,1700.013015,-0.791153,24.009881,9.989470,3.726416,0.000098
24.585192,22.465981,33.113598,1694.623652,-0.750937,24.013467,9.980137,3.722767,0.004396
24.603586,22.467984,33.077810,1689.239112,-0.714240,24.028324,9.967146,3.709498,-0.001130
24.625520,22.486342,33.040878,1683.868228,-0.675907,24.035050,9.928837,3.698261,-0.001803
24.654463,22.492040,33.029976,1678.478744,-0.632050,24.047597,9.910688,3.695883,0.002121
24.668222,22.502878,32.992266,1673.105090,-0.603752,24.060501,9.886040,3.684073,-0.002143
24.686657,22.508151,32.970652,1667.730128,-0.560577,24.069545,9.865303,3.673764,-0.003266
24.705298,22.524951,32.945864,1662.364766,-0.528751,24.067535,9.830614,3.666301,0.003501
24.721840,22.533235,32.917425,1657.017530,-0.491522,24.084623,9.799489,3.649134,-0.004363
24.747925,22.546267,32.902859,1651.675950,-0.473154,24.090497,9.773213,3.633727,0.005770
24.764572,22.556802,32.876922,1646.348583,-0.440805,24.111307,9.721316,3.622034,0.007178
24.788247,22.565937,32.863216,1641.031646,-0.410491,24.114552,9.698733,3.603787,-0.002251
24.813622,22.575544,32.847112,1635.723323,-0.390753,24.127182,9.645507,3.598555,0.001154
24.833794,22.578984,32.828127,1630.442267,-0.375862,24.127414,9.608605,3.577728,0.000278
24.845584,22.588083,32.819867,1625.177472,-0.347037,24.142178,9.573341,3.573651,0.001175
24.870307,22.614716,32.801224,1619.932168,-0.328270,24.146718,9.521860,3.544393,0.007104
24.895284,22.607925,32.786421,1614.689344,-0.323454,24.164456,9.482342,3.528218,0.007175
24.910940,22.618561,32.774553,1609.489105,-0.295063,24.166591,9.432218,3.507281,0.001164
24.932256,22.622428,32.756992,1604.296988,-0.299925,24.184230,9.402998,3.496669,-0.006047
24.947596,22.640975,32.750243,1599.138905,-0.283486,24.191461,9.353454,3.480146,0.013242
24.965445,22.653592,32.739471,1593.988745,-0.280194,24.209079,9.310174,3.468732,-0.000677
24.985788,22.665815,32.732611,1588.884035,-0.281580,24.203883,9.272696,3.446048,-0.004615
25.013061,22.672492,32.710653,1583.787960,-0.279326,24.219423,9.215788,3.434892,-0.002726
25.031380,22.686144,32.704118,1578.719418,-0.277351,24.228067,9.161567,3.419964,-0.003725
25.050209,22.685405,32.699437,1573.684931,-0.269856,24.234571,9.128770,3.410240,-0.000592
25.067264,22.702810,32.687950,1568.663034,-0.293743,24.246377,9.092146,3.386281,-0.004800
25.084605,22.709960,32.665425,1563.678508,-0.302475,24.252741,9.040841,3.353190,0.001617
25.097952,22.721641,32.660073,1558.720573,-0.321415,24.262621,8.997093,3.356218,0.004246
25.127448,22.726564,32.639623,1553.767992,-0.330004,24.264956,8.966033,3.343305,0.005942
25.140662,22.735023,32.617450,1548.869848,-0.355719,24.279385,8.915163,3.324257,0.003629
25.163545,22.742204,32.619816,1543.984994,-0.377285,24.294981,8.881850,3.320209,-0.000724
25.170078,22.756203,32.591464,1539.129380,-0.393845,24.305415,8.844017,3.296881,0.005790
25.190577,22.765424,32.574946,1534.295970,-0.418606,24.311559,8.816840,3.289203,0.002568
25.213174,22.777071,32.568887,1529.484353,-0.431502,24.323364,8.773495,3.271747,0.002288
25.228805,22.781931,32.541179,1524.710857,-0.475851,24.322742,8.742468,3.263478,-0.008095
25.251301,22.789880,32.525866,1519.953207,-0.506058,24.339880,8.710778,3.253862,-0.007427
25.279005,22.802320,32.499231,1515.217705,-0.539328,24.350081,8.685116,3.241651,-0.002670
25.288048,22.820041,32.487297,1510.510242,-0.570788,24.364363,8.662571,3.225241,-0.004430
25.318182,22.824869,32.462429,1505.833263,-0.605075,24.368459,8.632042,3.212916,0.003701
25.334271,22.831688,32.438500,1501.167153,-0.634490,24.375506,8.614142,3.207317,0.008008
25.342836,22.834284,32.412666,1496.538781,-0.691501,24.387387,8.594989,3.193298,-0.001779
25.354320,22.855675,32.377848,1491.928644,-0.723744,24.400276,8.565532,3.189088,-0.003047
25.380120,22.858404,32.347227,1487.328922,-0.762181,24.408926,8.552270,3.188646,-0.005002
25.399844,22.867284,32.324852,1482.753194,-0.803101,24.410110,8.532539,3.178262,0.004620
25.427934,22.870816,32.298443,1478.202262,-0.850909,24.424662,8.525098,3.165722,0.000360
25.431589,22.884153,32.254769,1473.667347,-0.895023,24.430290,8.506897,3.169824,-0.004656
25.456212,22.896490,32.223047,1469.149411,-0.941520,24.446059,8.503908,3.174695,0.006972
25.473448,22.905870,32.187730,1464.648118,-0.987502,24.458179,8.494171,3.168003,-0.006002
25.479126,22.906739,32.134780,1460.157752,-1.040938,24.465999,8.493691,3.159170,0.000944
25.513727,22.923772,32.098943,1455.687113,-1.091780,24.465559,8.485792,3.157780,0.001549
25.523213,22.924314,32.057213,1451.243125,-1.137808,24.478661,8.483409,3.155031,-0.006316
25.544330,22.938200,32.020930,1446.789838,-1.190654,24.487336,8.484022,3.151165,-0.000475
25.562249,22.946992,31.966222,1442.357313,-1.243775,24.505198,8.486320,3.164455,-0.003498
25.576641,22.957385,31.930313,1437.939866,-1.293616,24.514781,8.492710,3.159799,-0.000932
25.591787,22.967161,31.881391,1433.527270,-1.334145,24.522247,8.499698,3.164770,-0.007648
25.615507,22.981878,31.819429,1429.121471,-1.381883,24.536643,8.508054,3.173592,-0.008356
25.634532,22.990334,31.768935,1424.724177,-1.442770,24.539182,8.515140,3.177960,-0.001862
25.644416,22.993070,31.712638,1420.325977,-1.482528,24.548867,8.526070,3.176366,0.000263
25.665924,22.994204,31.657270,1415.952868,-1.548053,24.555087,8.543069,3.183178,0.004217
25.675465,23.012546,31.607640,1411.565737,-1.581994,24.560207,8.568900,3.198649,-0.004025
25.697264,23.019450,31.541885,1407.184777,-1.630042,24.572248,8.583763,3.197481,0.001659
25.728765,23.028842,31.485876,1402.800600,-1.680813,24.585656,8.600518,3.212619,-0.003560
25.725580,23.035236,31.416454,1398.415629,-1.723989,24.593799,8.620219,3.219144,0.002104
25.757315,23.046307,31.357297,1394.050318,-1.757100,24.596444,8.635576,3.214028,0.005392
25.760899,23.068593,31.295349,1389.667042,-1.802123,24.616026,8.659447,3.227105,-0.000088
25.783793,23.060320,31.226656,1385.274694,-1.842858,24.627760,8.684855,3.238550,0.001569
25.802641,23.076971,31.156189,1380.887826,-1.887756,24.635590,8.720406,3.255059,0.005411
25.823137,23.075082,31.085447,1376.503980,-1.926126,24.642509,8.760830,3.259053,0.000021
25.835729,23.082851,31.022176,1372.097791,-1.956590,24.650430,8.776211,3.270802,0.004748
25.848566,23.096529,30.949917,1367.688094,-1.997707,24.659823,8.807641,3.283624,-0.001356
25.873626,23.106010,30.882709,1363.263745,-2.035195,24.679517,8.840073,3.285177,-0.001385
25.888079,23.126834,30.802742,1358.833907,-2.063370,24.686508,8.879415,3.309202,-0.001070
25.906819,23.117999,30.725880,1354.390968,-2.098540,24.692756,8.903120,3.325481,-0.002323
25.923550,23.129294,30.653754,1349.935162,-2.125181,24.697089,8.942553,3.326014,0.003088
25.936550,23.134241,30.583294,1345.475025,-2.134964,24.708605,8.984779,3.349790,0.005329
25.953531,23.148993,30.505940,1340.996316,-2.166838,24.718305,9.016387,3.360490,-0.001295
25.959852,23.160833,30.432635,1336.492036,-2.190045,24.729379,9.056026,3.367641,0.002191
25.976731,23.166165,30.351243,1331.991188,-2.205811,24.733161,9.082522,3.380599,-0.003998
26.006127,23.173446,30.274755,1327.463289,-2.222458,24.747995,9.114290,3.406005,0.001447
26.016951,23.177814,30.205041,1322.928105,-2.241089,24.765109,9.155343,3.419346,-0.010684
26.032701,23.182005,30.127881,1318.366688,-2.250295,24.766580,9.199568,3.431442,0.004554
26.047663,23.185245,30.046198,1313.796739,-2.263341,24.775336,9.241604,3.436623,-0.001752
26.065844,23.207399,29.960035,1309.200012,-2.262142,24.784642,9.273831,3.451602,0.002327
26.076172,23.219521,29.884585,1304.587345,-2.275594,24.808518,9.302342,3.466068,-0.002404
26.105126,23.217187,29.813020,1299.957952,-2.282840,24.812544,9.341910,3.481578,0.001456
26.114791,23.223209,29.743373,1295.321864,-2.279472,24.814057,9.372660,3.492323,0.008863
26.125708,23.235296,29.656203,1290.643982,-2.280920,24.821161,9.407614,3.504768,-0.006192
26.148482,23.240640,29.582379,1285.959540,-2.273469,24.835658,9.462402,3.516410,0.002531
26.160397,23.247998,29.504075,1281.248671,-2.279553,24.850730,9.483963,3.521689,-0.000232
26.174890,23.257710,29.427037,1276.522848,-2.272162,24.849288,9.507097,3.546998,0.001430
26.194475,23.271450,29.354658,1271.779389,-2.260495,24.861298,9.529943,3.550774,0.003067
26.210862,23.283363,29.279117,1267.018549,-2.247578,24.870204,9.562838,3.575366,-0.006098
26.218050,23.289326,29.196005,1262.236731,-2.238105,24.873289,9.600610,3.569512,-0.000306
26.234277,23.288608,29.139368,1257.448639,-2.224421,24.896050,9.615026,3.589752,-0.008078
26.257867,23.303322,29.050989,1252.619433,-2.207824,24.900648,9.652604,3.604258,-0.000956
26.265303,23.306796,28.981302,1247.794222,-2.191655,24.906775,9.668255,3.603966,-0.004350
26.279985,23.321200,28.917087,1242.921557,-2.167799,24.922600,9.688572,3.611186,0.001585
26.298745,23.321567,28.836483,1238.064695,-2.154739,24.933178,9.710197,3.616153,-0.004167
26.312933,23.331244,28.770488,1233.178155,-2.134668,24.934381,9.731244,3.628691,0.005422
26.324400,23.343984,28.711768,1228.274369,-2.121279,24.946746,9.745860,3.633863,-0.005494
26.348150,23.353104,28.631831,1223.363030,-2.091623,24.957180,9.764364,3.640840,-0.003224
26.363063,23.352773,28.567987,1218.433484,-2.068757,24.960811,9.762872,3.638601,-0.002009
26.379168,23.374191,28.504706,1213.497157,-2.047067,24.975463,9.780219,3.642003,0.004788
26.390355,23.369180,28.439543,1208.548334,-2.012097,24.994339,9.790066,3.646778,-0.000142
26.395236,23.372203,28.385307,1203.577116,-1.989683,24.991657,9.790633,3.649231,0.006313
26.423699,23.387479,28.311986,1198.614401,-1.957796,25.002721,9.797009,3.652501,0.001646
26.427947,23.386121,28.260090,1193.625451,-1.932791,25.009134,9.799321,3.648606,0.002920
26.448679,23.404788,28.194024,1188.641886,-1.911399,25.019074,9.809213,3.652991,0.005830
26.456630,23.410170,28.141301,1183.649949,-1.880733,25.028885,9.805457,3.659569,-0.006859
26.479289,23.420387,28.080430,1178.654833,-1.858386,25.038930,9.803022,3.639819,0.000820
26.484638,23.424952,28.023586,1173.656951,-1.838832,25.054128,9.785993,3.647104,0.000581
26.507098,23.420670,27.968700,1168.646999,-1.803592,25.057542,9.789750,3.652510,-0.004749
26.522824,23.437526,27.903217,1163.640430,-1.786720,25.061905,9.773845,3.638208,0.002809
26.531991,23.441920,27.857426,1158.628806,-1.768200,25.077842,9.766453,3.641571,0.000520
26.534680,23.451840,27.806298,1153.621842,-1.734711,25.084524,9.759380,3.634866,-0.002434
26.557740,23.460332,27.748907,1148.606544,-1.717657,25.092801,9.740622,3.628256,-0.003725
26.570450,23.472731,27.713250,1143.594187,-1.686011,25.110351,9.730435,3.631005,0.003394
26.579801,23.473282,27.649153,1138.600113,-1.676965,25.115014,9.717998,3.620928,-0.004771
26.594875,23.482536,27.596772,1133.606215,-1.660726,25.119600,9.694911,3.616641,0.004286
26.615972,23.489429,27.553534,1128.609773,-1.638302,25.126974,9.682147,3.599100,-0.001917
26.630405,23.494399,27.501347,1123.630573,-1.618861,25.138481,9.663322,3.599575,0.003105
26.635643,23.507819,27.457414,1118.652982,-1.611244,25.151517,9.637699,3.583766,0.004540
26.653083,23.508636,27.408935,1113.696877,-1.607576,25.161711,9.612385,3.577971,-0.007479
26.668929,23.520837,27.356581,1108.734745,-1.593098,25.169326,9.585929,3.565385,-0.005687
26.683758,23.521415,27.318685,1103.780536,-1.594141,25.175135,9.568382,3.558331,0.005790
26.691137,23.523608,27.276653,1098.842576,-1.584644,25.188659,9.544756,3.555851,-0.009091
26.708014,23.543535,27.236240,1093.928335,-1.575880,25.196808,9.517541,3.552562,0.006830
26.719474,23.544695,27.179555,1089.014811,-1.576230,25.202944,9.490572,3.536183,-0.002526
26.733190,23.546054,27.131922,1084.126972,-1.570252,25.218823,9.468827,3.525757,0.000731
26.753491,23.554520,27.091378,1079.247138,-1.575024,25.224083,9.433235,3.517874,0.001088
26.760995,23.571568,27.037999,1074.386803,-1.584999,25.230375,9.418097,3.510183,-0.006596
26.769501,23.575393,27.004556,1069.539581,-1.591231,25.246509,9.387177,3.496968,-0.007357
26.797862,23.579609,26.962015,1064.696688,-1.608863,25.257369,9.357318,3.489268,0.003001
26.798890,23.600717,26.900032,1059.894783,-1.619012,25.260233,9.337072,3.476776,0.006067
26.819527,23.588219,26.870333,1055.095279,-1.638589,25.246026,9.307894,3.471828,0.008486
26.817696,23.608359,26.823929,1050.326547,-1.657960,25.267429,9.273269,3.458924,0.013323
26.835091,23.617243,26.777014,1045.554796,-1.662745,25.282140,9.253256,3.450725,0.011786
26.851276,23.613609,26.732004,1040.813052,-1.687411,25.292784,9.227085,3.447055,-0.000893
26.850280,23.620648,26.683093,1036.093461,-1.719143,25.310718,9.213364,3.430812,0.008093
26.877074,23.631481,26.643790,1031.391435,-1.737887,25.321242,9.185292,3.418955,-0.001064
26.885789,23.634271,26.590071,1026.715920,-1.758857,25.319244,9.164346,3.415338,-0.002738
26.904040,23.643398,26.541816,1022.059162,-1.799559,25.327415,9.145399,3.402758,-0.005601
26.912161,23.658023,26.491273,1017.406934,-1.825973,25.347892,9.127129,3.395434,0.006756
26.921251,23.653330,26.456696,1012.790646,-1.857193,25.349238,9.102244,3.398512,0.002456
26.946570,23.657949,26.389634,1008.188414,-1.900169,25.358722,9.085775,3.387237,0.004982
26.959778,23.671900,26.343123,1003.600359,-1.940368,25.368637,9.059087,3.380648,0.005044
26.959507,23.670613,26.293683,999.037948,-1.972489,25.374807,9.047545,3.363574,0.000789
0.048237,0.042030,50.635595,5288.516868,-0.447531,44.997669,8.263067,3.071954,0.005199
0.105381,0.094807,50.569341,5283.994246,-0.390826,44.994040,8.322876,3.100375,0.009972
0.149201,0.143186,50.525649,5279.415772,-0.336657,45.001334,8.364024,3.116062,0.001558
0.212703,0.199198,50.489738,5274.812981,-0.265831,45.000386,8.393496,3.134401,0.006355
0.250261,0.257520,50.448731,5270.167464,-0.213818,45.002061,8.414052,3.137964,-0.004164
0.302460,0.298002,50.435269,5265.509628,-0.151075,44.998923,8.425715,3.141966,0.000190
0.355905,0.346800,50.406637,5260.809414,-0.087321,45.006937,8.437076,3.150933,-0.003916
0.393223,0.405372,50.400640,5256.128360,-0.025471,44.993390,8.428048,3.149083,0.000885
0.447532,0.443024,50.404414,5251.412620,0.019469,45.002182,8.429730,3.133651,-0.003501
0.498521,0.483982,50.410799,5246.705314,0.081620,45.001387,8.399186,3.132728,0.001947
0.536193,0.551401,50.419737,5241.993605,0.144543,45.008574,8.369162,3.119281,-0.000130
0.594036,0.610395,50.450285,5237.293505,0.204005,44.991416,8.324096,3.105554,0.001913
0.650564,0.646213,50.488188,5232.589476,0.245466,45.008607,8.265886,3.077387,0.002057
0.696368,0.701639,50.512417,5227.922589,0.302182,45.006235,8.207041,3.054641,-0.002592
0.743737,0.753713,50.569487,5223.252318,0.372428,45.001782,8.137573,3.030812,-0.009823
0.795279,0.795192,50.624618,5218.632789,0.421060,45.002969,8.067281,3.002131,0.006912
0.844169,0.842195,50.678410,5214.031897,0.463984,45.012153,7.980722,2.965603,0.000857
0.892069,0.893294,50.745427,5209.475358,0.513292,45.013558,7.901400,2.945291,-0.003534
0.941061,0.946803,50.831490,5204.955705,0.571244,45.014107,7.792049,2.909833,-0.004378
0.993345,0.990251,50.904400,5200.474950,0.607776,45.008324,7.697006,2.862669,0.005701
1.045763,1.035189,50.994383,5196.033245,0.662259,45.012410,7.586029,2.827334,-0.007759
1.081639,1.084325,51.071113,5191.653577,0.694413,45.008435,7.487068,2.785980,-0.002774
1.149450,1.139152,51.166360,5187.317465,0.743701,45.014508,7.363783,2.748457,0.001954
1.190913,1.194316,51.281869,5183.051318,0.775465,45.015967,7.250385,2.693337,0.004389
1.239547,1.244605,51.390680,5178.827604,0.819999,45.017044,7.114057,2.661455,-0.002694
1.292831,1.293544,51.511875,5174.669154,0.861657,45.008436,6.995007,2.603619,0.004424
1.341622,1.337003,51.624590,5170.573175,0.891965,45.014636,6.873303,2.559696,0.006849
1.387051,1.382039,51.743671,5166.530804,0.904144,45.023534,6.733690,2.516466,0.001030
1.427051,1.433121,51.868872,5162.562959,0.940614,45.017844,6.619290,2.468456,0.001622
1.485941,1.487319,52.000517,5158.667043,0.973922,45.018901,6.484608,2.428976,0.007710
1.531046,1.531624,52.129401,5154.815332,1.000312,45.021617,6.351842,2.369306,-0.004205
1.580698,1.581787,52.274144,5151.049264,1.017508,45.029039,6.223045,2.317890,0.001765
1.625043,1.621755,52.405722,5147.359532,1.050740,45.031710,6.098343,2.268097,-0.002881
1.670555,1.677949,52.554079,5143.705202,1.058062,45.027126,5.957243,2.226141,-0.004828
1.726237,1.723908,52.686297,5140.141711,1.068287,45.035865,5.840603,2.175422,-0.004714
1.767567,1.770792,52.843429,5136.644213,1.088544,45.041941,5.714834,2.129328,0.002594
1.821574,1.825071,52.990807,5133.206100,1.095855,45.031939,5.587688,2.088810,-0.005001
1.864858,1.878502,53.143236,5129.830879,1.095622,45.031118,5.467382,2.040228,0.007075
1.919855,1.919408,53.286064,5126.532137,1.119374,45.034775,5.349973,1.995221,-0.004411
1.960789,1.967257,53.439157,5123.287752,1.112464,45.042877,5.245124,1.947904,-0.004706
2.024504,2.023317,53.584737,5120.123941,1.114163,45.045760,5.119926,1.904257,-0.000274
2.069561,2.063496,53.731541,5117.010845,1.110583,45.042077,5.007728,1.853997,-0.004043
2.117393,2.117550,53.877946,5113.964953,1.116351,45.045876,4.895575,1.825820,-0.006021
2.174303,2.160359,54.032026,5110.980187,1.111899,45.039283,4.777797,1.781357,0.002064
2.217697,2.209349,54.177042,5108.048156,1.113786,45.049367,4.681848,1.749356,-0.002114
2.249141,2.264213,54.324690,5105.184646,1.102269,45.053403,4.573314,1.711607,0.009751
2.313430,2.310557,54.469923,5102.377766,1.083566,45.052256,4.480556,1.668907,-0.001278
2.350659,2.356634,54.617543,5099.614239,1.076222,45.055683,4.385489,1.639775,0.007250
2.402089,2.406591,54.757719,5096.914628,1.063060,45.063917,4.303636,1.604135,-0.000423
2.450927,2.454870,54.900938,5094.274680,1.047111,45.056718,4.209093,1.564565,-0.000018
2.499613,2.496654,55.035788,5091.696847,1.034651,45.061019,4.118231,1.533775,0.000265
2.545528,2.541037,55.164456,5089.148688,1.025180,45.060544,4.049758,1.504759,-0.001610
2.591962,2.595831,55.310024,5086.647574,1.006778,45.064197,3.966294,1.471891,-0.000210
2.639944,2.641145,55.439028,5084.206203,0.961350,45.035894,3.878213,1.441563,-35.006068
2.686097,2.693675,55.566973,5081.823501,0.934288,45.004547,3.815365,1.421739,-35.000468
2.743536,2.747951,55.681803,5079.478634,0.896767,44.962593,3.747014,1.393836,-34.998516
2.796960,2.784858,55.807442,5077.186486,0.862185,44.930053,3.677873,1.365472,-34.995314
2.838875,2.836523,55.920509,5074.923727,0.825338,44.899981,3.615763,1.344632,-35.002366
2.885004,2.887797,56.032859,5072.721458,0.788467,44.866733,3.557347,1.327327,-35.001864
2.936170,2.933489,56.135925,5070.539568,0.758678,44.840070,3.504266,1.302561,-35.005097
2.989680,2.976097,56.226761,5068.414107,0.713061,44.797809,3.454477,1.285740,-35.009956
3.024284,3.030100,56.313395,5066.320998,0.675256,44.763849,3.404472,1.269871,-35.004021
3.074983,3.076751,56.409348,5064.266726,0.635990,44.735679,3.371642,1.254729,-34.997769
3.122094,3.121412,56.493442,5062.228010,0.591214,44.707290,3.324496,1.235797,-35.002307
3.172803,3.174212,56.566905,5060.252080,0.556519,44.685903,3.292123,1.222905,-34.996062
3.217315,3.218898,56.629933,5058.291762,0.510591,44.661724,3.253280,1.217602,-35.002460
3.267792,3.265069,56.699505,5056.351952,0.471683,44.630211,3.213549,1.191027,-35.006620
3.315079,3.317315,56.766899,5054.454015,0.422280,44.601814,3.202423,1.180401,-34.995356
3.362768,3.362115,56.819008,5052.575913,0.383937,44.579495,3.156571,1.174568,-35.001745
3.417645,3.416102,56.862628,5050.718032,0.342807,44.554044,3.138291,1.169222,-34.995885
3.460545,3.461889,56.907239,5048.899072,0.298964,44.518184,3.113740,1.168145,-35.005635
3.503001,3.509119,56.937777,5047.092505,0.256230,44.491440,3.092975,1.151771,-35.003736
3.561673,3.551715,56.970724,5045.308362,0.206991,44.460633,3.081354,1.151824,-35.002988
3.603367,3.598743,56.993396,5043.544598,0.158798,44.439512,3.065317,1.152101,-35.000877
3.653169,3.652530,57.013728,5041.792956,0.117941,44.413662,3.062374,1.143871,-35.004214
3.705611,3.690459,57.026964,5040.057537,0.068754,44.384369,3.053951,1.131074,-34.994089
3.739840,3.741767,57.033490,5038.334622,0.018105,44.358766,3.052815,1.137415,-34.997995
3.793940,3.780149,57.039363,5036.626017,-0.021645,44.338040,3.052191,1.142261,-35.004734
3.834410,3.832155,57.025466,5034.942917,-0.064095,44.311711,3.054078,1.135910,-35.002268
3.887071,3.886387,57.015513,5033.255917,-0.120904,44.292034,3.047719,1.142718,-35.001195
3.938784,3.930278,56.994848,5031.590647,-0.154582,44.257657,3.053500,1.134007,-35.001209
3.983737,3.980340,56.970420,5029.920105,-0.210943,44.228568,3.071548,1.135495,-35.000172
4.046638,4.021944,56.945287,5028.263774,-0.252654,44.206106,3.079097,1.139495,-35.004935
4.087137,4.070922,56.916867,5026.607732,-0.303872,44.171779,3.087068,1.151341,-35.001147
4.139921,4.120791,56.870397,5024.955725,-0.348755,44.158544,3.107192,1.159407,-35.004499
4.180555,4.171144,56.813388,5023.302664,-0.389871,44.123920,3.130722,1.167601,-34.997850
4.230594,4.208686,56.762910,5021.667515,-0.433077,44.100517,3.160521,1.178597,-35.003289
4.279192,4.259259,56.706699,5020.016069,-0.476454,44.078262,3.170544,1.186195,-35.005011
4.324974,4.300616,56.635553,5018.359662,-0.529402,44.057065,3.203061,1.198476,-34.999937
4.376461,4.351038,56.572024,5016.699825,-0.568252,44.015703,3.229663,1.193107,-34.993431
4.424359,4.404772,56.492387,5015.032082,-0.611527,43.992134,3.262738,1.217555,-35.001475
4.474457,4.447513,56.406470,5013.372436,-0.653888,43.965586,3.295256,1.228212,-34.996788
4.520486,4.497564,56.311853,5011.685641,-0.697258,43.933572,3.345405,1.249834,-34.998738
4.565202,4.545387,56.224763,5009.991798,-0.744263,43.914732,3.369214,1.261400,-34.994718
4.617803,4.587784,56.116460,5008.277746,-0.788646,43.870787,3.417502,1.276327,-34.996358
4.661926,4.639714,56.013417,5006.551528,-0.816913,43.851263,3.476082,1.296293,-35.000898
4.701926,4.683607,55.900676,5004.806192,-0.862599,43.818785,3.524972,1.317981,-35.002455
4.768837,4.723740,55.787044,5003.052914,-0.910181,43.789767,3.583703,1.344165,-35.000047
4.814763,4.770499,55.667044,5001.258555,-0.936971,43.768016,3.642740,1.362342,-34.998760
4.860321,4.817022,55.533572,4999.456564,-0.983142,43.727724,3.706802,1.376674,-35.003218
4.902055,4.862792,55.409183,4997.617930,-1.028031,43.706760,3.770784,1.397291,-35.003284
4.950248,4.914135,55.261548,4995.758945,-1.057485,43.666274,3.831743,1.435468,-35.007694
5.001566,4.960321,55.131522,4993.859510,-1.092144,43.636324,3.912421,1.463541,-34.991663
5.049041,5.010321,54.988516,4991.931503,-1.130540,43.596573,3.997203,1.495464,-34.994324
5.097109,5.053500,54.841765,4989.968045,-1.163229,43.562599,4.078792,1.510151,-35.001592
5.145995,5.095244,54.680371,4987.965306,-1.201648,43.533425,4.159862,1.544785,-35.002201
5.200232,5.144076,54.523961,4985.927582,-1.227827,43.490414,4.251721,1.576553,-34.987020
5.254024,5.185973,54.362911,4983.839173,-1.255713,43.453191,4.333513,1.621652,-34.994688
5.290402,5.228920,54.201813,4981.715065,-1.282791,43.420658,4.446378,1.648402,-34.997392
5.341675,5.273890,54.019495,4979.528576,-1.313499,43.383859,4.545327,1.694434,-35.003144
5.391690,5.330104,53.863474,4977.282632,-1.339413,43.347755,4.655116,1.734053,-35.000932
5.443926,5.369979,53.682278,4974.999029,-1.359918,43.304922,4.764307,1.784613,-35.006921
5.481663,5.426013,53.498356,4972.652928,-1.392210,43.252996,4.878939,1.819073,-34.998952
5.542661,5.468977,53.318381,4970.242771,-1.416524,43.218691,5.009972,1.858809,-34.987760
5.581145,5.518097,53.131753,4967.761337,-1.439875,43.170578,5.133599,1.907821,-34.998448
5.636800,5.555505,52.954868,4965.230617,-1.441667,43.129967,5.269688,1.963104,-35.002530
5.682877,5.603350,52.753819,4962.619692,-1.471555,43.077686,5.396593,2.016963,-34.990577
5.735514,5.649745,52.558544,4959.930222,-1.480384,43.032426,5.537510,2.068957,-34.995969
5.780336,5.694844,52.365957,4957.173721,-1.495613,42.976974,5.691474,2.116705,-34.993599
5.830289,5.733533,52.162446,4954.334316,-1.506715,42.928854,5.841172,2.172733,-34.996476
5.871265,5.780100,51.988096,4951.408006,-1.517538,42.872047,5.998300,2.229226,-34.992620
5.915206,5.828031,51.785822,4948.394237,-1.519870,42.821774,6.159459,2.291467,-35.004450
5.982202,5.865187,51.584783,4945.299605,-1.527688,42.773423,6.330036,2.352864,-35.004053
6.018274,5.931711,51.399952,4942.095691,-1.529556,42.714572,6.493799,2.419948,-35.003317
6.075812,5.957308,51.185090,4938.814736,-1.526912,42.643855,6.665848,2.473652,-35.005851
6.114652,6.013054,50.999644,4935.420830,-1.519235,42.584972,6.848861,2.549678,-34.995114
6.162960,6.051098,50.806498,4931.936469,-1.523626,42.526667,7.026357,2.612684,-34.992920
6.216784,6.095089,50.597955,4928.328638,-1.507925,42.454942,7.207070,2.683396,-35.000840
6.261964,6.144780,50.405396,4924.640720,-1.516774,42.390540,7.404347,2.748786,-34.998652
6.310949,6.188685,50.208729,4920.818228,-1.499799,42.317994,7.591717,2.825837,-34.996165
6.361208,6.227433,50.024007,4916.900300,-1.476914,42.254598,7.778238,2.908475,-35.006838
6.405522,6.287554,49.839045,4912.873275,-1.455872,42.183005,7.987744,2.968704,-34.999473
6.465160,6.318493,49.640351,4908.718261,-1.431111,42.109342,8.186465,3.045159,-34.995711
6.513073,6.364334,49.462644,4904.446828,-1.404997,42.030745,8.383718,3.122041,-34.998698
6.559193,6.405646,49.287297,4900.064118,-1.384255,41.956427,8.571206,3.195032,-34.996769
6.609851,6.454876,49.109247,4895.566192,-1.365142,41.874465,8.777958,3.270515,-34.999076
6.655803,6.509455,48.938392,4890.946535,-1.315468,41.784776,8.974999,3.339908,-35.000147
6.705716,6.544875,48.770124,4886.217584,-1.289600,41.700630,9.170286,3.416248,-34.998453
6.752171,6.585898,48.619912,4881.354460,-1.258927,41.612348,9.365018,3.484777,-34.998654
6.791860,6.629951,48.450609,4876.370920,-1.209153,41.534028,9.557087,3.556436,-35.001099
6.842460,6.667993,48.303487,4871.296990,-1.168098,41.431254,9.740590,3.631451,-34.992102
6.902099,6.720749,48.159217,4866.082184,-1.126740,41.341760,9.927490,3.695832,-34.994811
6.950512,6.757145,48.008481,4860.765157,-1.078097,41.250915,10.095630,3.768637,-34.995180
6.996272,6.797668,47.875505,4855.348808,-1.029732,41.148594,10.274367,3.823874,-34.992365
7.048786,6.848487,47.749120,4849.824684,-0.987524,41.054855,10.428740,3.886253,-35.002120
7.105983,6.893372,47.634436,4844.190936,-0.925532,40.951085,10.585049,3.935604,-34.995305
7.138720,6.931072,47.515163,4838.452647,-0.833889,40.965614,10.726681,3.998525,0.003103
7.197509,6.975771,47.425039,4832.626161,-0.744912,40.971974,10.848820,4.039260,0.001788
7.237864,7.017787,47.332573,4826.707258,-0.638142,40.975997,10.948133,4.088891,-0.001697
7.283215,7.057761,47.255722,4820.707731,-0.547017,40.984540,11.046748,4.114601,0.000518
7.341741,7.107402,47.189397,4814.638045,-0.447249,40.994122,11.112533,4.144400,-0.006197
7.389009,7.141875,47.154095,4808.524850,-0.355542,40.997910,11.169154,4.162066,-0.002802
7.432712,7.187295,47.111549,4802.343405,-0.252918,41.009158,11.206610,4.174540,-0.000586
7.489611,7.227931,47.081273,4796.139387,-0.164263,41.015581,11.214925,4.184069,-0.008169
7.524453,7.275271,47.060478,4789.904365,-0.049349,41.015219,11.198759,4.163484,-0.001533
7.581232,7.316566,47.060641,4783.650887,0.038364,41.030655,11.171117,4.163378,0.003383
7.629920,7.355895,47.074666,4777.393278,0.134949,41.030111,11.117808,4.137480,0.002391
7.675177,7.399996,47.102155,4771.142924,0.247243,41.047850,11.052627,4.117282,-0.002991
7.727173,7.441292,47.143240,4764.917277,0.342341,41.046637,10.979666,4.080455,-0.001566
7.763555,7.477002,47.184689,4758.713643,0.431946,41.053885,10.870812,4.051238,-0.000631
7.826637,7.524205,47.255544,4752.537557,0.526917,41.058376,10.750322,4.017471,-0.006058
7.876966,7.577313,47.321795,4746.430992,0.610204,41.073143,10.618927,3.952575,0.002854
7.919576,7.610844,47.396288,4740.368657,0.701173,41.086725,10.465656,3.904934,0.004649
7.966293,7.651517,47.493109,4734.377051,0.802082,41.080156,10.300258,3.844022,-0.005639
8.019379,7.692360,47.591430,4728.452337,0.868532,41.085916,10.135789,3.769731,-0.009640
8.062880,7.734097,47.705144,4722.614548,0.937952,41.100868,9.962763,3.704159,-0.003874
8.099809,7.777269,47.827876,4716.870777,1.021020,41.101023,9.764025,3.647003,-0.002534
8.156476,7.815731,47.954986,4711.202809,1.080322,41.108603,9.555766,3.555678,-0.012844
8.197141,7.866449,48.095430,4705.619676,1.155409,41.127089,9.350216,3.485626,-0.003894
8.236716,7.908222,48.245128,4700.156914,1.222760,41.132485,9.141654,3.406089,0.003230
8.296594,7.952790,48.400826,4694.797584,1.270593,41.131127,8.931375,3.327120,0.002905
8.342134,7.992101,48.556799,4689.531229,1.338424,41.152328,8.702019,3.247129,0.003375
8.397065,8.033004,48.723881,4684.382942,1.399363,41.155586,8.482070,3.162923,-0.001347
8.445388,8.066977,48.894662,4679.346296,1.430254,41.152076,8.262137,3.074967,0.003620
8.490382,8.117451,49.070790,4674.427535,1.480739,41.166111,8.034191,2.992819,0.001636
8.537101,8.160800,49.250299,4669.616133,1.510318,41.172469,7.822971,2.905421,-0.000313
8.581542,8.191777,49.440940,4664.916471,1.548311,41.184140,7.604755,2.827781,0.002217
8.618755,8.238622,49.635386,4660.339206,1.580902,41.194458,7.387640,2.746264,0.003547
8.673241,8.271104,49.832729,4655.858693,1.616957,41.202654,7.169735,2.661551,-0.010593
8.725177,8.326034,50.032210,4651.511484,1.629661,41.199957,6.967152,2.598459,0.000395
8.769653,8.360786,50.230436,4647.267424,1.661794,41.216074,6.760275,2.530647,-0.003469
8.816723,8.404775,50.427209,4643.115597,1.653101,41.229518,6.556594,2.444241,0.005661
8.858426,8.450265,50.641290,4639.077839,1.679153,41.237723,6.361754,2.365878,0.001810
8.913143,8.489491,50.837634,4635.160488,1.682540,41.228904,6.164483,2.291648,-0.000201
8.959361,8.526442,51.046880,4631.356914,1.693076,41.251052,5.982563,2.236636,0.002807
9.000337,8.571155,51.247520,4627.626594,1.686992,41.252253,5.810610,2.165847,-0.000868
9.041603,8.611707,51.451800,4623.994253,1.685611,41.265876,5.633111,2.105327,0.002123
9.091779,8.652637,51.666696,4620.484081,1.674125,41.268257,5.464344,2.032556,0.006081
9.144145,8.689238,51.856010,4617.041458,1.660925,41.274413,5.294793,1.969172,-0.000322
9.193042,8.738565,52.066177,4613.701113,1.658970,41.289705,5.146212,1.925741,0.002786
9.242519,8.769169,52.259802,4610.447188,1.645269,41.297404,4.998415,1.869357,-0.000198
9.278440,8.812702,52.456111,4607.282096,1.630849,41.300396,4.853881,1.811871,-0.001782
9.320288,8.858592,52.646601,4604.201657,1.597030,41.310690,4.723155,1.763223,0.003566
9.369777,8.893618,52.843964,4601.206976,1.582650,41.320876,4.596023,1.720296,0.001037
9.426163,8.940074,53.026338,4598.272879,1.550141,41.325303,4.463829,1.658137,-0.005397
9.473538,8.978384,53.214323,4595.422468,1.527226,41.333028,4.333013,1.619983,-0.006635
9.510244,9.027140,53.396512,4592.649333,1.498487,41.344360,4.237188,1.569259,-0.001078
9.554484,9.062478,53.576595,4589.943223,1.455089,41.363367,4.120402,1.527649,-0.003972
9.610301,9.099798,53.750985,4587.306802,1.421626,41.370328,4.014059,1.496190,-0.001633
9.650776,9.143969,53.910943,4584.742900,1.392235,41.373365,3.920236,1.461111,0.000490
9.696945,9.189217,54.084507,4582.230451,1.345319,41.392307,3.832360,1.431945,0.009678
9.745123,9.230309,54.239614,4579.780346,1.311286,41.387693,3.737147,1.395704,0.002373
9.784514,9.263038,54.386820,4577.392600,1.264844,41.404157,3.658074,1.364039,-0.008582
9.824005,9.311825,54.527806,4575.066326,1.218547,41.403885,3.574549,1.327648,0.009304
9.877350,9.349003,54.683283,4572.781133,1.174971,41.417763,3.506910,1.302240,0.004816
9.926678,9.396214,54.821528,4570.556959,1.122030,41.426902,3.429357,1.271951,-0.008587
9.977721,9.432365,54.947510,4568.390571,1.085865,41.435379,3.356588,1.249910,-0.006008
10.024672,9.467130,55.073093,4566.259248,1.032270,41.449601,3.304179,1.235981,-0.001218
10.066761,9.513266,55.189523,4564.177024,0.979434,41.458376,3.248495,1.204617,0.005535
10.111069,9.546175,55.308286,4562.140246,0.915958,41.461355,3.183072,1.180654,-0.001353
10.143391,9.602385,55.415263,4560.147542,0.869121,41.470232,3.141881,1.163510,-0.000705
10.197940,9.642980,55.515830,4558.193058,0.819744,41.477271,3.084279,1.143019,-0.001668
10.241536,9.680914,55.608359,4556.283152,0.764074,41.482374,3.042533,1.132176,-0.006524
10.285573,9.718015,55.696799,4554.404487,0.704987,41.493554,3.014796,1.121325,0.003737
10.330953,9.767933,55.784443,4552.552587,0.653610,41.507699,2.969582,1.114621,0.002606
10.382434,9.812778,55.861297,4550.756109,0.597131,41.520866,2.935594,1.090202,0.001103
10.417924,9.845605,55.928900,4548.988494,0.528798,41.526604,2.914250,1.078302,-0.000145
10.473240,9.887862,55.987387,4547.238218,0.480900,41.546911,2.880795,1.077609,0.006126
10.517350,9.930019,56.038682,4545.520152,0.410835,41.562201,2.855742,1.060129,-0.002417
10.565656,9.974311,56.082304,4543.829833,0.352614,41.557361,2.836579,1.052105,-0.006442
10.604934,10.006732,56.120728,4542.166404,0.292161,41.571529,2.820913,1.053951,-0.005212
10.658889,10.043758,56.146251,4540.526324,0.229169,41.575633,2.800277,1.046913,0.004025
10.702736,10.079760,56.175036,4538.915724,0.163329,41.590910,2.791482,1.039191,-0.000090
10.755878,10.124077,56.195428,4537.323477,0.120901,41.596139,2.790705,1.043824,0.000625
10.788217,10.162402,56.200304,4535.751880,0.058332,41.618383,2.775164,1.028998,-0.000050
10.839041,10.213675,56.210313,4534.188307,-0.008495,41.619460,2.769571,1.032543,0.000878
10.879421,10.253021,56.193528,4532.643279,-0.069823,41.632648,2.769127,1.026246,-0.000098
10.926697,10.299218,56.194582,4531.114586,-0.128789,41.636923,2.773946,1.031501,-0.003067
10.967582,10.336196,56.168635,4529.612095,-0.186837,41.659794,2.797814,1.034239,0.000432
11.014305,10.379353,56.140020,4528.103599,-0.263118,41.660329,2.790115,1.035146,0.002056
11.069781,10.421605,56.113735,4526.626256,-0.322894,41.671929,2.805877,1.043722,-0.005493
11.104954,10.463049,56.068454,4525.126319,-0.373095,41.680638,2.809321,1.047603,-0.001869
11.150642,10.493587,56.021345,4523.666551,-0.437960,41.690802,2.844071,1.060262,-0.004029
11.195732,10.550136,55.967703,4522.176803,-0.498110,41.706823,2.849684,1.065749,-0.011683
11.247531,10.578320,55.894719,4520.718697,-0.561746,41.716389,2.881875,1.077435,-0.003504
11.274646,10.627860,55.826246,4519.252558,-0.621838,41.720882,2.904178,1.076255,-0.002861
11.341321,10.668576,55.762977,4517.781356,-0.677046,41.739157,2.932205,1.095675,0.011195
11.393791,10.698173,55.674848,4516.317737,-0.736824,41.738693,2.969116,1.102460,0.002512
11.422058,10.742635,55.586326,4514.838626,-0.797042,41.746506,3.004270,1.124695,-0.002931
11.466102,10.788579,55.486985,4513.352265,-0.849793,41.774978,3.048648,1.139578,-0.007689
11.511838,10.818962,55.386036,4511.873521,-0.915016,41.777613,3.082179,1.153874,0.001595
11.556045,10.860773,55.268902,4510.370573,-0.959649,41.795455,3.125535,1.156101,0.004342
11.600227,10.919416,55.165563,4508.854129,-1.020952,41.793595,3.180358,1.188973,0.009853
11.639545,10.960295,55.031336,4507.328179,-1.076774,41.811801,3.240012,1.203903,-0.000208
11.699251,10.991736,54.906172,4505.770979,-1.127744,41.814782,3.295454,1.220604,0.006286
11.744633,11.036363,54.761900,4504.220417,-1.182341,41.829678,3.357015,1.250027,-0.010061
11.771856,11.071658,54.618573,4502.630876,-1.220385,41.852923,3.416913,1.279160,0.001189
11.817967,11.119740,54.468526,4501.017558,-1.278938,41.854020,3.498869,1.291176,-0.000120
11.870763,11.148600,54.308213,4499.373440,-1.334552,41.865574,3.570416,1.324556,-0.005514
11.923540,11.203678,54.173125,4497.706071,-1.372561,41.876625,3.633650,1.360792,-0.004178
11.962232,11.241225,53.992498,4496.006126,-1.415136,41.885070,3.725868,1.389850,0.000653
12.019742,11.276735,53.830049,4494.269402,-1.463676,41.896275,3.806155,1.415974,0.003027
12.058438,11.322917,53.643417,4492.483072,-1.510280,41.912750,3.902931,1.448670,0.004220
12.088767,11.368006,53.472055,4490.663886,-1.548923,41.923482,3.992739,1.495926,-0.001225
12.147571,11.406566,53.286063,4488.800782,-1.594031,41.932243,4.108024,1.525431,-0.001558
12.180806,11.442506,53.097217,4486.888335,-1.622742,41.942483,4.201655,1.568339,0.000637
12.236229,11.484932,52.898909,4484.917510,-1.666061,41.951137,4.322375,1.602262,0.005202
12.271550,11.528978,52.696872,4482.893137,-1.691242,41.967079,4.434636,1.656214,0.004110
12.322628,11.571274,52.510552,4480.814456,-1.719386,41.978709,4.547903,1.691448,0.000007
12.360937,11.611494,52.297868,4478.677472,-1.755237,41.983527,4.688198,1.753397,0.001130
12.409590,11.655726,52.099806,4476.468092,-1.778010,42.004986,4.819392,1.786027,-0.007580
12.455459,11.681049,51.879756,4474.180571,-1.799994,42.018086,4.960329,1.849408,-0.001989
12.495276,11.737483,51.666586,4471.822779,-1.847975,41.964646,5.111775,1.895760,-40.999453
12.538410,11.764543,51.454943,4469.402433,-1.895814,41.918044,5.265500,1.958349,-41.001270
12.583841,11.813924,51.230691,4466.906036,-1.933889,41.860733,5.422960,2.018773,-41.006139
12.635435,11.853774,50.998450,4464.314606,-1.960759,41.789948,5.600720,2.088884,-41.003288
12.667405,11.898752,50.763426,4461.645423,-2.001159,41.728722,5.769229,2.150435,-40.997365
12.719855,11.931904,50.527852,4458.881319,-2.041441,41.666424,5.964829,2.225759,-41.002347
12.767914,11.972844,50.293380,4456.016563,-2.065066,41.606125,6.166231,2.282555,-41.001661
12.804225,12.017899,50.054636,4453.040447,-2.097443,41.541400,6.362307,2.372286,-41.009152
12.848707,12.054616,49.802719,4449.948971,-2.121896,41.471006,6.575605,2.460045,-41.002283
12.896057,12.095913,49.566079,4446.753885,-2.140722,41.402841,6.797524,2.537226,-40.999407
12.938941,12.133868,49.306009,4443.436404,-2.158968,41.325913,7.038038,2.611934,-40.998265
12.990181,12.172312,49.047710,4439.990763,-2.168744,41.250567,7.275187,2.711619,-41.003065
13.033569,12.203627,48.803716,4436.404410,-2.183602,41.170697,7.529741,2.804323,-41.005099
13.076497,12.250855,48.544828,4432.680554,-2.186354,41.074142,7.789481,2.906648,-40.999330
13.117437,12.297035,48.301271,4428.809681,-2.193741,40.989688,8.060646,2.994147,-40.995044
13.162308,12.331857,48.035203,4424.790514,-2.201246,40.905648,8.346218,3.102095,-40.992988
13.215265,12.369465,47.776753,4420.602202,-2.194752,40.807516,8.629473,3.210609,-41.002201
13.265862,12.416421,47.534606,4416.260544,-2.187103,40.706043,8.922519,3.317777,-41.000411
13.306918,12.450437,47.269826,4411.732743,-2.180289,40.589892,9.223136,3.427957,-41.000759
13.349139,12.494498,47.012211,4407.042886,-2.154752,40.486364,9.537905,3.557175,-41.007465
13.387431,12.540024,46.777974,4402.171562,-2.129260,40.375374,9.856559,3.680037,-41.000331
13.441097,12.574447,46.535233,4397.111121,-2.126376,40.269181,10.177394,3.797372,-41.003263
13.482647,12.618810,46.294409,4391.861558,-2.080694,40.134720,10.497770,3.905134,-40.999809
13.524944,12.650571,46.054049,4386.431558,-2.057100,40.019250,10.828200,4.029367,-40.994654
13.572889,12.689788,45.818380,4380.805269,-2.015485,39.880296,11.158663,4.152399,-40.998783
13.615922,12.730436,45.588313,4374.978507,-1.964816,39.754358,11.496682,4.276377,-41.002922
13.654344,12.758597,45.369730,4368.940749,-1.912932,39.609904,11.825432,4.405901,-41.002120
13.699846,12.792206,45.158856,4362.731888,-1.862884,39.468404,12.156480,4.529726,-41.001842
13.738075,12.846374,44.945024,4356.306720,-1.810538,39.328737,12.476702,4.658265,-41.001748
13.796547,12.888485,44.746282,4349.691839,-1.745909,39.177468,12.798677,4.769606,-41.005699
13.846245,12.916440,44.548026,4342.890013,-1.672239,39.019227,13.114462,4.883797,-41.004800
13.884568,12.963675,44.369471,4335.880234,-1.601232,38.858667,13.424171,4.992027,-40.997978
13.925865,13.002717,44.182723,4328.694157,-1.520451,38.695480,13.711514,5.106646,-40.995636
13.982841,13.032280,44.016255,4321.337480,-1.435982,38.532065,13.991625,5.209711,-41.003076
14.018218,13.067503,43.858060,4313.799991,-1.352646,38.348881,14.258425,5.310880,-40.999544
14.070677,13.108224,43.713048,4306.091774,-1.263860,38.183004,14.498303,5.403556,-40.998776
14.114715,13.138353,43.575779,4298.238790,-1.168608,37.995491,14.736163,5.484823,-41.000454
14.159329,13.181612,43.443073,4290.229454,-1.086701,37.807158,14.959133,5.567172,-41.002924
14.207602,13.208818,43.331707,4282.084152,-0.988447,37.632846,15.125703,5.642548,-40.997621
14.242270,13.254722,43.235852,4273.818300,-0.882948,37.446113,15.290452,5.691839,-41.003867
14.293020,13.284254,43.141233,4265.430580,-0.777720,37.245160,15.438916,5.760896,-41.004700
14.339992,13.325744,43.056808,4256.958574,-0.672982,37.065159,15.549194,5.801190,-40.995272
14.390933,13.353358,42.982570,4248.405704,-0.568810,36.862547,15.642683,5.826410,-41.003238
14.433758,13.385262,42.929964,4239.777680,-0.452960,36.662597,15.712789,5.843709,-41.002796
14.483794,13.430274,42.886895,4231.095967,-0.350017,36.467398,15.738291,5.858225,-41.004517
14.528535,13.458855,42.856565,4222.362065,-0.242364,36.279646,15.747718,5.856686,-41.007481
14.571462,13.492314,42.834105,4213.620052,-0.138696,36.066631,15.733236,5.874323,-41.000530
14.626633,13.535228,42.807414,4204.862612,-0.017672,35.872372,15.681890,5.845071,-41.002933
14.655887,13.573277,42.825492,4196.114253,0.073825,35.670935,15.611597,5.814879,-41.001959
14.704990,13.598320,42.846508,4187.379398,0.187711,35.473223,15.514812,5.775205,-40.998769
14.751545,13.639360,42.861440,4178.685306,0.291133,35.280609,15.390199,5.743103,-40.997960
14.795643,13.665183,42.910695,4170.034683,0.391237,35.083900,15.249627,5.682592,-41.005154
14.845740,13.690617,42.940391,4161.446967,0.482152,34.885404,15.084068,5.625324,-40.999645
14.894884,13.729548,43.003344,4152.932214,0.575244,34.697452,14.894999,5.558871,-41.000717
14.937273,13.759919,43.086185,4144.502243,0.681145,34.511527,14.695296,5.479091,-40.994470
14.983160,13.802062,43.156416,4136.178058,0.770139,34.320443,14.475920,5.384994,-40.999163
15.022980,13.833100,43.247751,4127.934344,0.856645,34.142567,14.242728,5.309733,-41.000250
15.074527,13.855358,43.339173,4119.820265,0.939781,33.950171,14.000031,5.215742,-41.007078
15.120376,13.905958,43.455086,4111.829486,1.008452,33.770892,13.746502,5.123966,-40.997372
15.166352,13.924524,43.562439,4103.960443,1.094179,33.597894,13.467613,5.018122,-41.000971
15.208246,13.953435,43.685820,4096.231081,1.154913,33.431867,13.198023,4.909341,-41.006017
15.251769,13.988520,43.809436,4088.633050,1.221697,33.253899,12.903782,4.807097,-41.003210
15.301379,14.014090,43.939650,4081.174989,1.281219,33.099803,12.615778,4.699030,-40.991229
15.351032,14.051138,44.082734,4073.873953,1.340141,32.920505,12.329210,4.598820,-41.004889
15.387701,14.075787,44.228158,4066.723792,1.388606,32.782414,12.037186,4.477449,-40.999863
15.436360,14.108530,44.370815,4059.721728,1.434305,32.622055,11.746051,4.385175,-40.999206
15.486616,14.137716,44.529834,4052.866322,1.483124,32.477635,11.454865,4.272929,-41.005722
15.542359,14.173885,44.685924,4046.165889,1.511909,32.318168,11.154834,4.155760,-41.005446
15.565656,14.193791,44.840100,4039.623761,1.536902,32.189840,10.868509,4.066541,-41.005866
15.622266,14.229877,45.020655,4033.228962,1.572468,32.054762,10.596332,3.949719,-40.989489
15.662068,14.260284,45.189106,4026.979721,1.595774,31.914068,10.319832,3.841753,-40.996209
15.711314,14.290884,45.354673,4020.886787,1.616436,31.771924,10.041991,3.744197,-40.996831
15.762965,14.317660,45.530797,4014.934291,1.624278,31.654664,9.774325,3.635469,-40.993082
15.799917,14.347970,45.694175,4009.127173,1.636794,31.522277,9.510937,3.545505,-41.005872
15.840994,14.379270,45.866833,4003.466149,1.640650,31.396961,9.260642,3.451199,-41.001717
15.883173,14.407859,46.035882,3997.940153,1.638889,31.276615,9.021168,3.368245,-40.999633
15.940620,14.441637,46.208451,3992.548856,1.633830,31.169936,8.781408,3.265188,-41.003266
15.977264,14.463134,46.376580,3987.306161,1.626201,31.067907,8.558769,3.186377,-40.998896
16.034467,14.493500,46.547611,3982.177711,1.615513,30.949954,8.328191,3.097735,-41.001749
16.075700,14.521110,46.717518,3977.175408,1.600186,30.853629,8.109209,3.029319,-40.996067
16.120722,14.553161,46.872278,3972.295084,1.575882,30.739617,7.906772,2.946116,-40.998590
16.168395,14.585003,47.044132,3967.543676,1.557800,30.649243,7.711541,2.869506,-41.002774
16.229204,14.597768,47.205734,3962.887324,1.534258,30.565088,7.527317,2.797627,-41.008194
16.257582,14.636230,47.363370,3958.356389,1.507268,30.450189,7.342630,2.741135,-41.005066
16.305562,14.663099,47.513655,3953.926070,1.477094,30.356632,7.162982,2.673298,-41.006412
16.347182,14.688573,47.658708,3949.605082,1.441521,30.258059,6.998010,2.603885,-41.002041
16.396270,14.715465,47.815481,3945.380729,1.395900,30.176224,6.847783,2.548881,-41.003530
16.450209,14.746564,47.945070,3941.237818,1.360635,30.091026,6.694765,2.495773,-41.006035
16.488558,14.767158,48.086955,3937.196187,1.322597,30.010021,6.550529,2.444583,-41.000877
16.541502,14.799558,48.228356,3933.254381,1.256677,29.927241,6.428960,2.388880,-41.007175
16.578559,14.820171,48.355690,3929.393098,1.220773,29.853567,6.291153,2.355503,-41.003716
16.628640,14.866151,48.468226,3925.608807,1.165829,29.770995,6.168664,2.296979,-40.999859
16.668946,14.881187,48.594263,3921.890255,1.118087,29.696160,6.060492,2.258229,-40.999702
16.723900,14.905799,48.711604,3918.253627,1.053759,29.616434,5.950275,2.216089,-41.005753
16.762880,14.935458,48.818188,3914.700440,1.010385,29.547394,5.856984,2.174711,-41.000905
16.811630,14.972605,48.901532,3911.201504,0.947701,29.472763,5.761366,2.147518,-41.004409
16.854992,14.987832,49.006236,3907.780847,0.877180,29.398067,5.682104,2.116678,-40.997761
16.899243,15.021709,49.090451,3904.413012,0.830273,29.347070,5.591613,2.080901,-41.000354
16.937673,15.042390,49.177974,3901.111352,0.773061,29.263991,5.524509,2.049561,-40.994435
16.989646,15.062369,49.255189,3897.851474,0.703679,29.197008,5.459346,2.035990,-41.001720
17.031416,15.092967,49.316788,3894.654517,0.638427,29.134632,5.392516,2.011802,-41.002631
17.081894,15.125741,49.386783,3891.502903,0.566801,29.062266,5.349902,1.996260,-41.001921
17.132104,15.145246,49.436612,3888.392681,0.515486,28.996234,5.294393,1.977316,-41.002486
17.164657,15.180404,49.484590,3885.325506,0.439943,28.937987,5.254801,1.956098,-40.997817
17.227311,15.200997,49.518244,3882.301092,0.368062,28.872702,5.210443,1.942379,-41.006434
17.264903,15.219436,49.553546,3879.317581,0.293551,28.805594,5.181233,1.928111,-41.008751
17.311939,15.255303,49.586115,3876.372236,0.229544,28.738723,5.149741,1.917605,-40.997702
17.358533,15.276847,49.604272,3873.446088,0.154877,28.676587,5.132834,1.910015,-40.995951
17.409102,15.308960,49.608003,3870.557905,0.087400,28.611755,5.111175,1.910113,-40.994053
17.445993,15.332233,49.618338,3867.683820,0.024178,28.556320,5.097809,1.903265,-41.009578
17.490996,15.366942,49.608424,3864.850221,-0.053081,28.484007,5.095386,1.893063,-41.002848
17.523993,15.393947,49.610114,3862.040072,-0.127017,28.433484,5.099563,1.909017,-40.998371
17.587382,15.410069,49.586885,3859.228177,-0.198589,28.364788,5.103396,1.907614,-41.003666
17.617282,15.438644,49.559011,3856.430831,-0.268162,28.289295,5.104174,1.898320,-41.007254
17.661879,15.462381,49.527739,3853.659658,-0.356181,28.242255,5.128289,1.909353,-40.999009
17.719717,15.492953,49.503884,3850.880343,-0.423070,28.177089,5.136380,1.902579,-40.994938
17.770858,15.515397,49.450286,3848.121402,-0.499570,28.101867,5.163092,1.926046,-41.001239
17.814143,15.534792,49.399121,3845.352076,-0.571216,28.040364,5.197328,1.939410,-41.003296
17.850717,15.567046,49.338396,3842.578656,-0.641541,27.985976,5.240365,1.951766,-40.996290
17.896006,15.593871,49.270766,3839.822643,-0.708232,27.913453,5.276119,1.966461,-40.992176
17.940380,15.619285,49.200653,3837.034095,-0.769595,27.845801,5.324631,1.993844,-41.004379
17.994953,15.639121,49.120163,3834.246827,-0.833379,27.785930,5.380690,2.009218,-40.990912
18.043866,15.679530,49.019746,3831.455177,-0.913320,27.718360,5.434131,2.031304,-40.995270
18.081489,15.696130,48.925878,3828.645476,-0.983831,27.651167,5.506151,2.051467,-41.000162
18.124098,15.710630,48.836917,3825.794787,-1.055260,27.578059,5.571754,2.077541,-41.006725
18.170668,15.728320,48.727774,3822.932734,-1.110072,27.506659,5.651091,2.088962,-41.002014
18.216212,15.765061,48.598600,3820.046655,-1.178038,27.439178,5.731248,2.131833,-40.992189
18.260174,15.782663,48.491567,3817.119084,-1.235045,27.364767,5.824329,2.163993,-41.004280
18.303497,15.809416,48.354840,3814.162695,-1.308275,27.278039,5.921097,2.211395,-40.997496
18.358855,15.836797,48.220115,3811.164998,-1.365339,27.205543,6.018416,2.240279,-41.006787
18.406591,15.866156,48.092376,3808.116453,-1.416983,27.125641,6.125588,2.275249,-41.002589
18.436794,15.879064,47.947625,3805.024882,-1.471345,27.047088,6.243892,2.319007,-40.992126
18.488829,15.906136,47.797671,3801.884470,-1.533785,26.977722,6.371366,2.370380,-41.003056
18.541605,15.942978,47.635505,3798.689439,-1.574294,26.883125,6.502502,2.418486,-41.006236
18.580064,15.963626,47.484266,3795.424331,-1.628641,26.796331,6.642788,2.473252,-41.001475
18.627310,15.983780,47.326510,3792.088910,-1.678872,26.711589,6.772061,2.534454,-41.007345
18.658739,16.013921,47.138071,3788.693980,-1.725295,26.615433,6.918730,2.588063,-41.000499
18.713633,16.027193,46.972183,3785.224770,-1.775479,26.530725,7.084600,2.642328,-40.994661
18.768762,16.058671,46.788825,3781.673364,-1.816086,26.429967,7.255688,2.696889,-40.996317
18.804524,16.078034,46.617693,3778.034006,-1.852286,26.335690,7.424043,2.766164,-41.002777
18.853247,16.097807,46.417193,3774.317115,-1.881912,26.250353,7.600505,2.831151,-41.003230
18.898859,16.141025,46.245453,3770.490508,-1.916865,26.124116,7.792657,2.899514,-40.998446
18.941152,16.155215,46.049657,3766.576815,-1.938594,26.024423,7.990415,2.972888,-41.001492
18.985714,16.169163,45.859910,3762.548590,-1.976627,25.924591,8.197363,3.052399,-41.003184
19.017708,16.197508,45.655750,3758.412946,-2.004997,25.805621,8.395285,3.130362,-41.011524
19.082814,16.228353,45.463338,3754.168967,-2.017143,25.691315,8.618750,3.209666,-40.995331
19.129314,16.242436,45.262357,3749.807510,-2.020007,25.570271,8.845678,3.285589,-41.001773
19.169399,16.267416,45.067859,3745.322576,-2.046997,25.453170,9.064541,3.377505,-41.001545
19.218838,16.287064,44.872029,3740.700007,-2.045041,25.332651,9.303119,3.473174,-40.996400
19.262817,16.313571,44.672534,3735.960962,-2.047121,25.196100,9.561649,3.559270,-41.006854
19.309699,16.338018,44.463099,3731.072148,-2.045824,25.061993,9.800623,3.641278,-41.000323
19.349157,16.353590,44.268980,3726.049868,-2.051179,24.919963,10.037424,3.746548,-40.997769
19.392995,16.375199,44.057761,3720.879371,-2.038349,24.776700,10.300422,3.844739,-41.005553
19.430052,16.397868,43.864359,3715.569954,-2.031699,24.629202,10.565369,3.932514,-41.005100
19.484162,16.414741,43.668529,3710.087690,-2.002618,24.488642,10.830022,4.036416,-41.000094
19.534481,16.451995,43.479002,3704.477561,-1.977479,24.319338,11.100641,4.133197,-40.991350
19.572199,16.467695,43.292506,3698.711108,-1.958928,24.160510,11.364119,4.232639,-41.001537
19.616650,16.485945,43.107843,3692.789843,-1.941022,24.004959,11.626465,4.320088,-40.994404
19.665772,16.508576,42.906359,3686.685709,-1.896120,23.827192,11.900617,4.435225,-41.000930
19.711114,16.534316,42.738090,3680.452060,-1.852767,23.667534,12.159060,4.528378,-41.000802
19.753830,16.545859,42.559340,3674.044145,-1.804991,23.486854,12.422158,4.629861,-41.007087
19.795263,16.570918,42.389699,3667.483886,-1.752843,23.308805,12.668205,4.719304,-41.005228
19.851017,16.585135,42.219851,3660.771214,-1.705498,23.121785,12.925296,4.819610,-40.993684
19.891928,16.617176,42.056909,3653.889717,-1.656348,22.926117,13.181016,4.914443,-40.998267
19.932163,16.627764,41.903018,3646.870987,-1.597889,22.728387,13.422844,5.001717,-40.999090
19.987908,16.653016,41.757006,3639.704180,-1.528180,22.538812,13.643537,5.088390,-40.998357
20.029340,16.667132,41.612996,3632.398582,-1.452302,22.334964,13.865590,5.160230,-40.997288
20.062084,16.679114,41.484958,3624.946803,-1.379121,22.125898,14.073428,5.247910,-40.998289
20.118500,16.704847,41.356546,3617.367359,-1.301580,21.913081,14.262000,5.303384,-41.003805
20.164494,16.729344,41.240305,3609.677803,-1.222361,21.697767,14.441186,5.385553,-41.003759
20.215284,16.753579,41.137302,3601.844038,-1.141268,21.473892,14.607732,5.452062,-40.998445
20.248073,16.769141,41.021502,3593.922241,-1.054236,21.269599,14.750097,5.500352,-40.991436
20.297666,16.779778,40.923314,3585.892786,-0.969076,21.048951,14.891093,5.547116,-40.991235
20.337816,16.799372,40.839521,3577.772577,-0.862137,20.822375,14.998992,5.593050,-41.002493
20.384153,16.821475,40.752201,3569.567349,-0.790295,20.597326,15.097881,5.617286,-41.002548
20.430263,16.843352,40.685622,3561.292474,-0.692482,20.375163,15.174239,5.645351,-41.008179
20.475049,16.857572,40.633197,3552.948751,-0.597651,20.138705,15.227100,5.670889,-40.989043
20.526288,16.879029,40.573511,3544.576386,-0.501995,19.899192,15.275763,5.679671,-40.992801
20.568903,16.897366,40.538723,3536.146292,-0.406043,19.678175,15.287738,5.688978,-40.988899
20.607302,16.912057,40.504053,3527.696559,-0.301124,19.446190,15.285908,5.700731,-41.004116
20.649900,16.927292,40.482288,3519.227439,-0.214601,19.209386,15.269437,5.688207,-41.002819
20.699960,16.943645,40.463329,3510.752514,-0.109007,18.965493,15.218444,5.675644,-40.999068
20.742863,16.962486,40.455508,3502.271948,-0.024871,18.731320,15.154688,5.657004,-41.001899
20.786052,16.970822,40.459056,3493.822026,0.070423,18.496799,15.091857,5.617985,-40.999591
20.825662,16.998946,40.462432,3485.387322,0.156410,18.271754,14.986998,5.581510,-41.000792
20.878986,17.010332,40.488411,3476.983848,0.243306,18.040614,14.883129,5.546759,-40.992944
20.924530,17.024774,40.515521,3468.635100,0.340865,17.814119,14.751493,5.495721,-41.005628
20.965754,17.035287,40.554446,3460.330039,0.418257,17.576905,14.610030,5.442230,-40.999613
21.005785,17.051674,40.595123,3452.089778,0.504279,17.342912,14.460888,5.380496,-40.999123
21.050018,17.069622,40.640181,3443.927884,0.580013,17.122085,14.285705,5.319983,-40.987320
21.094870,17.078576,40.699445,3435.838273,0.659199,16.892121,14.115118,5.258732,-41.006894
21.139139,17.090140,40.766230,3427.829291,0.726735,16.673682,13.915768,5.180768,-40.997072
21.183490,17.112139,40.833264,3419.906749,0.796803,16.456273,13.726498,5.115344,-40.991167
21.230247,17.128542,40.912466,3412.077706,0.867032,16.249882,13.514733,5.034360,-41.008164
21.270464,17.137680,40.986710,3404.353341,0.918821,16.036305,13.307863,4.955903,-41.004476
21.315481,17.142696,41.072353,3396.736489,0.969155,15.826942,13.092113,4.876637,-40.997390
21.372619,17.161508,41.162429,3389.232087,1.025848,15.619877,12.875099,4.793721,-40.995523
21.397157,17.177608,41.248798,3381.830711,1.078256,15.420377,12.653400,4.719733,-40.996917
21.453607,17.192478,41.345280,3374.542805,1.120688,15.216529,12.427107,4.634828,-40.999712
21.484622,17.203003,41.444480,3367.384639,1.153419,15.015446,12.200415,4.543694,-40.996442
21.534379,17.210188,41.554765,3360.321293,1.187726,14.824030,11.980016,4.461148,-40.991694
21.576214,17.224816,41.657397,3353.397383,1.219133,14.627014,11.753181,4.377790,-41.000773
21.626526,17.242577,41.765400,3346.587589,1.244828,14.447562,11.520833,4.295890,-40.998861
21.664747,17.250830,41.869657,3339.887487,1.263286,14.269111,11.298429,4.202222,-41.008879
21.722294,17.264749,41.984710,3333.299178,1.277137,14.074119,11.091363,4.130280,-41.002961
21.760961,17.270653,42.094419,3326.846657,1.287454,13.903189,10.873171,4.046885,-41.003826
21.791227,17.290458,42.208034,3320.509723,1.289209,13.730026,10.654289,3.976627,-41.000477
21.837326,17.298031,42.313407,3314.271354,1.295706,13.558897,10.453237,3.893862,-41.002832
21.878396,17.313636,42.432381,3308.170096,1.296062,13.385825,10.250600,3.815365,-40.999807
21.925726,17.321478,42.540959,3302.167103,1.285691,13.229024,10.048027,3.747530,-41.006091
21.970256,17.315000,42.654928,3296.277828,1.277807,13.059898,9.856844,3.669322,-40.999255
22.018471,17.336778,42.765397,3290.499676,1.266372,12.908757,9.680902,3.596717,-40.998888
22.056490,17.345801,42.868701,3284.815230,1.246154,12.750661,9.495528,3.535333,-40.999539
22.093610,17.356531,42.985480,3279.255825,1.231443,12.606284,9.323556,3.482608,-40.997033
22.146437,17.366524,43.080936,3273.773616,1.195930,12.443752,9.156512,3.407550,-40.997230
22.191831,17.387656,43.190874,3268.410031,1.175983,12.302842,9.005554,3.357251,-40.991396
22.227581,17.386730,43.279306,3263.123759,1.146044,12.156347,8.844403,3.300574,-40.996771
22.268535,17.405591,43.387526,3257.932408,1.107389,12.011647,8.702895,3.247294,-40.992105
22.314238,17.403354,43.481048,3252.841968,1.071211,11.863191,8.563409,3.190700,-41.004831
22.349489,17.423414,43.561463,3247.817523,1.030412,11.727498,8.424232,3.140405,-41.000859
22.405753,17.436266,43.646170,3242.900143,0.991492,11.588119,8.295454,3.092982,-41.000908
22.433081,17.431137,43.741388,3238.050100,0.937297,11.461475,8.175590,3.051602,-40.993630
22.475312,17.446959,43.811888,3233.283117,0.885666,11.324257,8.053627,3.007365,-40.993104
22.519955,17.453889,43.881205,3228.579339,0.843846,11.186007,7.963533,2.960655,-40.995790
22.568560,17.459482,43.947181,3223.955136,0.787238,11.054835,7.852830,2.936574,-40.997765
22.609480,17.471316,44.022914,3219.400120,0.730921,10.936866,7.767683,2.895010,-40.996129
22.650655,17.483334,44.065773,3214.890225,0.676527,10.807085,7.685904,2.866512,-40.994672
22.702743,17.490380,44.135063,3210.460170,0.606119,10.680349,7.601613,2.835862,-40.994081
22.732857,17.503827,44.187094,3206.084813,0.552457,10.551495,7.528957,2.803348,-41.017268
22.772272,17.508670,44.227202,3201.764034,0.493317,10.422386,7.469393,2.784598,-41.004626
22.815055,17.520338,44.260043,3197.493554,0.435211,10.312444,7.406850,2.753570,-41.001456
22.866189,17.530431,44.297525,3193.264116,0.366411,10.185559,7.347698,2.741011,-40.996780
22.903740,17.532515,44.326383,3189.099044,0.291123,10.061657,7.309345,2.723751,-41.000441
22.946024,17.545242,44.344855,3184.957801,0.226285,9.943011,7.269079,2.703956,-41.004173
22.994827,17.547040,44.352531,3180.859835,0.153478,9.822713,7.229514,2.689030,-41.001782
23.033840,17.567234,44.378765,3176.795709,0.090226,9.706078,7.205738,2.677084,-40.992154
23.071540,17.568607,44.367123,3172.765591,0.058003,9.707205,7.174258,2.683668,0.006196
23.122538,17.562511,44.371976,3168.754374,0.033266,9.717683,7.160682,2.663428,0.001441
23.149292,17.574156,44.391241,3164.751239,0.014779,9.724196,7.128543,2.649195,0.003972
23.194736,17.591539,44.370158,3160.774966,-0.008233,9.734090,7.118464,2.660762,-0.003532
23.239435,17.590655,44.382568,3156.795721,-0.034516,9.742075,7.091316,2.644439,-0.000043
23.276674,17.611439,44.373408,3152.856340,-0.068184,9.747257,7.079715,2.638178,-0.002782
23.316875,17.610656,44.388146,3148.922604,-0.089646,9.759386,7.077863,2.631040,0.003616
23.363358,17.616985,44.360051,3144.993515,-0.115368,9.765831,7.062214,2.627226,0.015517
23.414028,17.620746,44.340580,3141.084643,-0.140450,9.774936,7.063133,2.623336,0.002250
23.447662,17.639918,44.337005,3137.170877,-0.173131,9.789577,7.054739,2.634550,0.002644
23.490763,17.640850,44.307046,3133.275114,-0.195557,9.793261,7.049569,2.626012,-0.005855
23.530879,17.656789,44.295759,3129.396839,-0.231698,9.804682,7.055036,2.618936,0.000035
23.577813,17.660996,44.277606,3125.519102,-0.260994,9.801718,7.048475,2.629270,-0.001718
23.611697,17.667537,44.254182,3121.642782,-0.293764,9.812703,7.057904,2.626821,-0.005638
23.654884,17.675739,44.242408,3117.780847,-0.308095,9.820762,7.065074,2.637442,0.002442
23.690663,17.681332,44.206073,3113.912614,-0.338087,9.831448,7.070997,2.637573,-0.006795
23.737290,17.688760,44.174853,3110.037579,-0.379253,9.843779,7.093357,2.640970,0.007322
23.780772,17.702401,44.148000,3106.178961,-0.398930,9.840778,7.100074,2.638420,0.006623
23.823285,17.714277,44.118345,3102.311510,-0.427524,9.862165,7.116011,2.650414,-0.003456
23.863401,17.711676,44.075811,3098.446255,-0.453228,9.870149,7.128747,2.660486,-0.009498
23.896803,17.728005,44.050758,3094.565172,-0.480507,9.871022,7.156843,2.668229,-0.009654
23.937534,17.727712,44.006137,3090.687555,-0.507812,9.880364,7.173027,2.671844,0.003725
23.983898,17.735884,43.962031,3086.800952,-0.536817,9.887147,7.207381,2.679101,0.005420
24.016585,17.746796,43.914060,3082.908038,-0.558508,9.910385,7.234428,2.696997,0.004913
24.053276,17.751539,43.868347,3079.000108,-0.582655,9.904747,7.258515,2.710337,-0.000146
24.103187,17.759579,43.812643,3075.094002,-0.610629,9.916876,7.287646,2.715319,-0.006412
24.146442,17.767065,43.764030,3071.169372,-0.638520,9.922362,7.312278,2.726000,-0.002101
24.184512,17.778264,43.718205,3067.227665,-0.655375,9.927992,7.363344,2.738517,-0.008662
24.230198,17.783327,43.666729,3063.281365,-0.680669,9.939808,7.389761,2.753163,-0.005075
24.260382,17.791660,43.604075,3059.307630,-0.707484,9.940207,7.435439,2.768438,-0.001882
24.300235,17.786908,43.552484,3055.337809,-0.721349,9.952850,7.473167,2.783588,-0.004700
24.352419,17.813373,43.490735,3051.321165,-0.737762,9.965220,7.500676,2.796519,-0.000954
24.389136,17.814673,43.436369,3047.306316,-0.753221,9.966484,7.570406,2.821076,-0.004199
24.428569,17.828075,43.365189,3043.267492,-0.774000,9.985619,7.598705,2.833518,0.002795
24.462667,17.834088,43.320283,3039.203834,-0.789969,9.986399,7.650038,2.849055,-0.001952
24.514245,17.831732,43.249110,3035.117147,-0.801928,9.992732,7.696948,2.859216,0.003439
24.550603,17.854104,43.186644,3031.009423,-0.816364,10.007189,7.745341,2.879197,-0.010923
24.584881,17.852765,43.122104,3026.868409,-0.825354,10.009869,7.804558,2.901642,-0.001925
24.632733,17.863878,43.045006,3022.721901,-0.836345,10.021206,7.846566,2.918921,0.004088
24.675251,17.870055,42.987320,3018.535494,-0.847898,10.030404,7.897381,2.932467,0.010272
24.702110,17.873510,42.914004,3014.323068,-0.851801,10.042080,7.948999,2.965406,-0.003214
24.742835,17.881933,42.853076,3010.080762,-0.860481,10.047263,8.011833,2.986720,0.002497
24.783530,17.895728,42.783927,3005.818119,-0.863181,10.060125,8.055008,3.000377,-0.004679
24.818239,17.909510,42.717752,3001.513237,-0.870560,10.067662,8.110515,3.016812,-0.000657
24.857775,17.907186,42.647081,2997.185428,-0.872448,10.089882,8.174946,3.033148,-0.006454
24.900887,17.918111,42.569596,2992.834826,-0.871707,10.087751,8.212345,3.066194,0.006275
24.945636,17.922372,42.503211,2988.452652,-0.871649,10.101897,8.271038,3.078023,-0.004189
24.980024,17.938549,42.440250,2984.026551,-0.869226,10.102727,8.333335,3.097674,-0.003651
25.015887,17.932291,42.370090,2979.576925,-0.868119,10.111646,8.388154,3.126047,-0.007192
25.067524,17.950088,42.310191,2975.095946,-0.860625,10.128148,8.441760,3.142233,-0.004678
25.095696,17.961519,42.238485,2970.567765,-0.852068,10.129215,8.491879,3.163442,-0.003284
25.132772,17.966007,42.177233,2966.029741,-0.846434,10.134395,8.543721,3.185345,0.005859
25.176338,17.967988,42.103778,2961.458764,-0.836592,10.153550,8.609060,3.205035,-0.000216
25.223400,17.979887,42.040979,2956.841749,-0.821663,10.151906,8.651726,3.226330,-0.006290
25.253419,17.988755,41.980897,2952.212742,-0.817477,10.160557,8.693694,3.241892,-0.006090
25.295972,17.998999,41.906145,2947.536117,-0.806379,10.177281,8.747773,3.259070,-0.004828
25.329815,18.003107,41.856710,2942.828455,-0.779129,10.189442,8.792244,3.281434,0.000121
25.374680,18.012386,41.798804,2938.097464,-0.778859,10.193797,8.844363,3.297538,-0.004054
25.405096,18.018237,41.736959,2933.343603,-0.757072,10.197000,8.888656,3.308286,-0.005399
25.454949,18.024359,41.683001,2928.546499,-0.731877,10.212222,8.928636,3.323666,-0.003797
25.491956,18.029692,41.625867,2923.737102,-0.705061,10.214899,8.965900,3.345194,0.004668
25.526062,18.045005,41.558601,2918.889234,-0.689916,10.226317,9.015470,3.351073,-0.010728
25.564430,18.043589,41.510863,2914.018487,-0.674708,10.241647,9.045714,3.369298,0.008351
25.601696,18.048190,41.474067,2909.119563,-0.651063,10.243834,9.078651,3.385132,0.007409
25.641546,18.063458,41.417532,2904.194239,-0.637696,10.247551,9.112756,3.399254,-0.003422
25.676603,18.070211,41.369919,2899.257960,-0.606117,10.267414,9.140444,3.398083,0.002339
25.711101,18.084367,41.325355,2894.286220,-0.576900,10.271178,9.168534,3.415058,0.000552
25.759641,18.092070,41.288584,2889.310078,-0.547529,10.282191,9.196814,3.425625,-0.001473
25.790044,18.088056,41.240942,2884.293393,-0.523757,10.294412,9.212544,3.424842,-0.004367
25.829247,18.100360,41.204991,2879.275498,-0.502675,10.302438,9.240356,3.444366,0.005003
25.866533,18.101629,41.169752,2874.232035,-0.472855,10.303390,9.246953,3.440534,0.012970
25.902675,18.121363,41.130369,2869.185362,-0.440569,10.315430,9.262183,3.450998,-0.013137
25.942607,18.123324,41.093759,2864.117375,-0.412888,10.320414,9.261802,3.449300,0.004897
25.981971,18.131608,41.071967,2859.038708,-0.387700,10.330212,9.267152,3.458473,0.002430
26.029554,18.138948,41.031196,2853.947844,-0.366720,10.350254,9.279361,3.457557,0.000607
26.062389,18.148647,41.017319,2848.851849,-0.334250,10.347970,9.273941,3.459633,0.002655
26.102882,18.154517,40.986726,2843.756301,-0.318971,10.357045,9.283229,3.447888,-0.003864
26.146227,18.163860,40.969888,2838.639687,-0.279807,10.372345,9.281451,3.449940,-0.004786
26.171951,18.174708,40.944554,2833.521474,-0.254040,10.382313,9.262166,3.455698,-0.010688
26.210504,18.172170,40.923450,2828.410728,-0.230344,10.393325,9.253622,3.454244,0.001783
26.249554,18.175240,40.903233,2823.309885,-0.213336,10.395731,9.240602,3.438671,-0.000058
26.295083,18.195762,40.901602,2818.192346,-0.174833,10.407696,9.224638,3.444366,0.005338
26.322532,18.197326,40.891147,2813.081823,-0.151943,10.412345,9.205823,3.436065,0.005221
26.356492,18.224991,40.879759,2807.971761,-0.122479,10.418285,9.193410,3.416873,-0.002951
26.391950,18.214959,40.875318,2802.872583,-0.095749,10.427417,9.165874,3.415078,0.003631
26.442541,18.214544,40.875820,2797.791834,-0.083975,10.444155,9.132204,3.404531,-0.010805
26.464013,18.234528,40.858600,2792.701040,-0.051615,10.450309,9.111355,3.396858,-0.001939
26.510261,18.244740,40.853463,2787.626721,-0.029683,10.456489,9.085956,3.375708,0.004729
26.542336,18.244706,40.858903,2782.570156,-0.015320,10.471676,9.046840,3.374850,0.002255
26.575131,18.250840,40.858824,2777.512640,0.008495,10.476371,9.018064,3.350766,-0.006929
26.621460,18.264574,40.859959,2772.478524,0.024951,10.482874,8.994142,3.349850,-0.007249
26.646861,18.275140,40.860397,2767.466083,0.037479,10.489174,8.951369,3.335363,-0.001049
26.692673,18.282511,40.866742,2762.464666,0.049664,10.505538,8.915733,3.318311,0.001956
26.722693,18.282277,40.875975,2757.456657,0.070792,10.517122,8.884873,3.309553,0.005259
26.756238,18.287479,40.866499,2752.501440,0.078649,10.520146,8.843719,3.293965,-0.007370
26.800422,18.293838,40.872378,2747.548594,0.095128,10.528985,8.797288,3.280842,0.012348
26.837488,18.303940,40.885593,2742.610541,0.098672,10.544185,8.764621,3.267263,0.000553
26.869182,18.315668,40.894063,2737.696002,0.106616,10.542424,8.722088,3.257222,-0.005996
26.902233,18.322820,40.895347,2732.811465,0.125631,10.550654,8.685240,3.237477,0.004112
26.937645,18.336630,40.904675,2727.938964,0.118443,10.568468,8.625499,3.223645,0.009062
26.978924,18.340357,40.912743,2723.091861,0.123166,10.577159,8.592761,3.199258,0.004448
27.016629,18.339839,40.936560,2718.277020,0.137697,10.584830,8.558477,3.183222,-0.005394
27.046237,18.349325,40.930650,2713.461743,0.124434,10.595433,8.510627,3.169864,-0.002217
27.089057,18.356198,40.947401,2708.695583,0.133860,10.602611,8.467756,3.155662,-0.004552
27.108513,18.368755,40.956383,2703.931765,0.134395,10.621004,8.435548,3.142161,-0.012852
27.161216,18.376016,40.964124,2699.212432,0.129832,10.619867,8.392020,3.126274,-0.004507
27.200477,18.384042,40.965415,2694.497481,0.127961,10.636455,8.353374,3.114261,-0.000318
27.228492,18.391696,40.989673,2689.793694,0.118590,10.641651,8.310126,3.099035,-0.002555
27.260459,18.398580,40.984754,2685.143637,0.116466,10.659117,8.278103,3.085023,-0.001529
27.302436,18.411686,40.994825,2680.501141,0.104775,10.659816,8.244567,3.070046,0.000082
27.339045,18.423501,41.010508,2675.884197,0.099551,10.663890,8.186999,3.053984,-0.002155
27.369449,18.422903,41.007121,2671.296251,0.084106,10.675718,8.156215,3.033973,0.010431
27.419496,18.429783,41.016713,2666.721321,0.079565,10.684251,8.129558,3.028823,0.000761
27.438656,18.433606,41.011986,2662.174476,0.064497,10.697629,8.102620,3.008837,-0.002891
27.475641,18.434840,41.027979,2657.642102,0.041357,10.709426,8.066121,3.002227,0.000526
27.497759,18.442000,41.030001,2653.129627,0.027285,10.709996,8.024180,3.000015,0.001560
27.547139,18.457590,41.029528,2648.648977,0.009390,10.721349,8.007484,2.979001,-0.007116
27.582257,18.455043,41.046638,2644.179818,-0.002165,10.734328,7.977936,2.968567,0.001956
27.611081,18.467479,41.031477,2639.730382,-0.019965,10.743830,7.951482,2.961569,0.001476
27.644217,18.478375,41.035637,2635.308924,-0.034755,10.747746,7.928474,2.951578,0.005399
27.683140,18.491276,41.023348,2630.897328,-0.058208,10.760356,7.903460,2.948346,-0.005338
27.715111,18.505296,41.019976,2626.512492,-0.086588,10.780892,7.887997,2.943175,-0.005635
27.752355,18.503733,41.011809,2622.130284,-0.109344,10.784233,7.858280,2.928037,-0.001578
27.781978,18.507627,41.003759,2617.764075,-0.132458,10.786023,7.848636,2.923346,0.001010
27.816813,18.510839,40.999805,2613.425469,-0.159858,10.790859,7.833070,2.910521,0.005084
27.845059,18.525615,40.987470,2609.091606,-0.182822,10.815554,7.817308,2.914458,0.003512
27.887834,18.523474,40.977495,2604.771197,-0.200268,10.810471,7.804718,2.904222,-0.003428
27.917752,18.547317,40.946025,2600.484052,-0.236260,10.832700,7.799526,2.915003,0.004335
27.954463,18.544997,40.939280,2596.177907,-0.258773,10.824687,7.794011,2.905470,0.002520
27.990589,18.553686,40.918008,2591.886978,-0.280360,10.840523,7.787485,2.903809,0.006125
28.028416,18.562255,40.910078,2587.624452,-0.304295,10.855862,7.771855,2.900252,0.000328
28.062627,18.563359,40.876510,2583.360438,-0.334667,10.857424,7.785271,2.899090,-0.000673
28.094936,18.578703,40.855386,2579.089944,-0.356384,10.878001,7.778681,2.905655,0.002736
28.120178,18.582916,40.831210,2574.841674,-0.388736,10.877931,7.777527,2.901510,0.000842
28.161675,18.591588,40.796930,2570.599113,-0.413319,10.890751,7.788195,2.906642,0.000983
28.203893,18.600744,40.775203,2566.358321,-0.442048,10.905477,7.796815,2.899433,-0.000115
28.220518,18.603160,40.741143,2562.113123,-0.474199,10.905200,7.805081,2.905327,-0.003281
28.259268,18.606784,40.706570,2557.883052,-0.502195,10.919472,7.805842,2.908898,-0.005942
28.292314,18.620376,40.675266,2553.639611,-0.525356,10.922804,7.810615,2.923267,-0.000016
28.337926,18.625822,40.637218,2549.408399,-0.561330,10.936198,7.835502,2.912004,0.008910
28.375148,18.628275,40.605317,2545.167089,-0.567343,10.945671,7.849000,2.926942,0.000637
28.397280,18.656015,40.557560,2540.927117,-0.601970,10.965528,7.857363,2.933545,-0.000498
28.427212,18.654896,40.518271,2536.676251,-0.635656,10.967137,7.879282,2.935691,0.004754
28.464939,18.657976,40.478038,2532.429977,-0.653212,10.979584,7.908892,2.947412,0.004566
28.500994,18.660654,40.436894,2528.190226,-0.673272,10.987123,7.932074,2.952801,0.006342
28.525733,18.670735,40.389593,2523.917638,-0.711693,11.002484,7.949529,2.964250,0.002207
28.570430,18.677882,40.352004,2519.652973,-0.725513,10.990782,7.984890,2.972149,0.000803
28.594892,18.686426,40.306311,2515.366132,-0.742892,11.014458,8.004506,2.989003,0.004527
28.639092,18.693385,40.248129,2511.081288,-0.773958,11.025035,8.036215,2.993783,0.000290
28.657950,18.709614,40.191024,2506.776032,-0.796547,11.032518,8.068232,3.008415,-0.002047
28.693023,18.711536,40.138100,2502.463912,-0.809382,11.038927,8.091619,3.023223,-0.002134
28.726961,18.714946,40.091943,2498.129199,-0.832351,11.059493,8.135214,3.038812,0.001954
28.757022,18.707765,40.040221,2493.787673,-0.833224,11.060758,8.169921,3.046929,-0.008050
28.789608,18.725203,39.970763,2489.437604,-0.855956,11.075367,8.210122,3.062457,-0.004414
28.832188,18.738920,39.916673,2485.070027,-0.887838,11.082895,8.237031,3.064394,-0.001666
28.861425,18.743741,39.862538,2480.664164,-0.894059,11.095052,8.279347,3.085595,-0.002956
28.898885,18.756735,39.806889,2476.269057,-0.902047,11.112592,8.307029,3.098021,0.005608
28.929459,18.759410,39.747668,2471.841452,-0.924026,11.113349,8.358532,3.111043,-0.001664
28.954381,18.761321,39.688711,2467.394485,-0.925233,11.127630,8.395514,3.121410,-0.005404
29.001150,18.778757,39.626714,2462.939578,-0.939528,11.132995,8.432669,3.145732,-0.003629
29.027260,18.783291,39.556375,2458.451681,-0.947655,11.133071,8.480215,3.149373,-0.005224
29.052095,18.790260,39.500225,2453.939178,-0.961632,11.154554,8.518438,3.167525,-0.004763
29.092903,18.791318,39.435725,2449.414088,-0.956168,11.167112,8.561880,3.185276,0.002689
29.113863,18.801292,39.369705,2444.855789,-0.967835,11.169294,8.609223,3.205990,-0.009352
29.149006,18.816508,39.313247,2440.290494,-0.968826,11.185765,8.645636,3.218899,0.002449
29.179159,18.811607,39.244095,2435.679486,-0.962977,11.197582,8.686992,3.229892,-0.001950
29.215718,18.823867,39.199931,2431.070928,-0.969271,11.199768,8.734041,3.250720,0.003318
29.252795,18.835931,39.138515,2426.435953,-0.971284,11.208891,8.771630,3.258382,0.006457
29.294056,18.834583,39.071765,2421.753674,-0.963517,11.214304,8.818551,3.284332,-0.000315
29.310800,18.846783,39.002896,2417.069818,-0.954276,11.233911,8.853934,3.300663,0.003665
29.346190,18.852805,38.947858,2412.360730,-0.962828,11.240603,8.896910,3.316916,-0.004173
29.383900,18.860011,38.897942,2407.614894,-0.950831,11.244947,8.938023,3.328798,0.004635
29.404504,18.867946,38.825185,2402.841935,-0.945517,11.248420,8.979472,3.349264,0.003741
29.425973,18.873753,38.769319,2398.050349,-0.931987,11.272044,9.022948,3.364000,0.002261
29.473171,18.883649,38.705123,2393.238194,-0.919620,11.285012,9.059003,3.371377,0.000113
29.499896,18.888229,38.650636,2388.404500,-0.906445,11.283898,9.088931,3.383616,-0.008158
29.535623,18.897105,38.598425,2383.541037,-0.901929,11.301626,9.122930,3.392437,-0.005182
29.571124,18.905784,38.539480,2378.657076,-0.881204,11.304214,9.155135,3.413567,-0.005594
29.594633,18.918297,38.491217,2373.747578,-0.868415,11.315355,9.203777,3.423348,0.001409
29.622278,18.917022,38.436270,2368.822911,-0.852441,11.330328,9.228470,3.433752,-0.006477
29.656635,18.926464,38.381158,2363.885495,-0.829934,11.335205,9.260605,3.447017,-0.003724
29.689863,18.936759,38.327311,2358.907791,-0.810821,11.347843,9.281573,3.453067,-0.001974
29.722620,18.941865,38.276381,2353.927418,-0.791649,11.360549,9.302267,3.460403,-0.002534
29.755050,18.952788,38.241563,2348.906911,-0.779319,11.374991,9.326146,3.474205,0.001635
29.776729,18.954645,38.190202,2343.887317,-0.757660,11.377793,9.348772,3.488589,-0.000791
29.811605,18.966960,38.136740,2338.849666,-0.739068,11.387012,9.373948,3.500138,0.005484
29.851039,18.972654,38.093577,2333.794715,-0.710122,11.406371,9.385263,3.501667,-0.001292
29.870984,18.975316,38.042130,2328.723982,-0.684016,11.403885,9.410944,3.507255,0.003668
29.895733,18.984702,38.010606,2323.634764,-0.664248,11.418377,9.423497,3.509235,0.000499
29.934299,18.981158,37.970743,2318.528545,-0.652550,11.429200,9.430907,3.505186,0.010742
29.963616,19.000041,37.933353,2313.424274,-0.622668,11.438431,9.440608,3.512775,0.007395
29.999184,19.000515,37.892404,2308.307321,-0.601888,11.451492,9.458912,3.512639,-0.005884
30.023965,19.009420,37.867895,2303.161383,-0.569633,11.464756,9.450778,3.520337,-0.005911
30.057251,19.013643,37.828355,2298.026416,-0.554996,11.458967,9.457440,3.528135,-0.008295
30.080296,19.029694,37.795333,2292.883980,-0.535617,11.477098,9.456101,3.530798,0.004276
30.111999,19.032667,37.765936,2287.725721,-0.498833,11.487442,9.451970,3.522872,-0.002954
30.148843,19.040799,37.735601,2282.573667,-0.485788,11.498807,9.450159,3.533938,-0.004010
30.180946,19.050160,37.701860,2277.412354,-0.458452,11.514012,9.445576,3.514478,-0.001898
30.203796,19.046870,37.669257,2272.257130,-0.438968,11.525002,9.443628,3.512624,0.003069
30.233288,19.067504,37.658595,2267.083386,-0.410579,11.525903,9.428406,3.516718,0.000492
30.261919,19.062287,37.630755,2261.917989,-0.389665,11.536764,9.421437,3.514931,0.003044
30.292188,19.077315,37.604551,2256.752559,-0.366720,11.546421,9.400399,3.504978,-0.002478
30.327903,19.079964,37.586871,2251.591672,-0.351238,11.567586,9.392794,3.495955,0.004218
30.353098,19.084859,37.557722,2246.434176,-0.327934,11.570399,9.380790,3.486882,-0.005924
30.383300,19.098128,37.552432,2241.281760,-0.303657,11.577529,9.358697,3.487152,0.000544
30.414157,19.105536,37.524685,2236.135909,-0.298707,11.580146,9.340288,3.487178,0.000504
30.433830,19.112443,37.514029,2230.993849,-0.273352,11.595308,9.325240,3.467178,0.001390
30.469588,19.124658,37.503170,2225.860003,-0.266382,11.606996,9.297117,3.451835,-0.004934
30.498890,19.129126,37.480534,2220.740639,-0.236609,11.610575,9.272046,3.452978,-0.002414
30.516002,19.134248,37.466205,2215.630743,-0.221850,11.629063,9.247420,3.438306,0.002646
30.553283,19.126430,37.452364,2210.521757,-0.219771,11.635648,9.207830,3.439805,0.007417
30.587674,19.147201,37.438372,2205.432472,-0.194086,11.653560,9.196051,3.422312,-0.003898
30.619911,19.148645,37.429895,2200.361434,-0.191363,11.653321,9.170625,3.417368,0.000441
30.645315,19.155771,37.427001,2195.285378,-0.179782,11.659718,9.137085,3.397314,0.000802
30.676391,19.169585,37.403510,2190.240044,-0.174078,11.676015,9.115803,3.398707,0.000037
30.704958,19.174044,37.399655,2185.195104,-0.164962,11.679436,9.077722,3.382036,0.007737
30.729735,19.172649,37.390858,2180.176293,-0.161085,11.702969,9.056315,3.373525,-0.000030
30.758977,19.188838,37.383596,2175.166470,-0.161312,11.704772,9.010162,3.367772,0.004120
30.789760,19.186947,37.367334,2170.170287,-0.152342,11.717067,8.989750,3.348945,0.003805
30.831721,19.200536,37.361124,2165.193182,-0.149633,11.719643,8.958614,3.340439,0.001826
30.847255,19.214274,37.355347,2160.241338,-0.152032,11.739491,8.920434,3.321505,-0.008159
30.876443,19.216053,37.343432,2155.286589,-0.141877,11.750982,8.890704,3.314548,-0.008198
30.908689,19.224966,37.336037,2150.363935,-0.149300,11.759038,8.870209,3.311675,0.000802
30.932961,19.222138,37.327828,2145.469530,-0.149895,11.769040,8.841335,3.302359,0.002236
30.959220,19.234894,37.319165,2140.573408,-0.163511,11.786876,8.805342,3.286124,-0.000267
30.977943,19.235552,37.302985,2135.691871,-0.162505,11.780204,8.778421,3.270226,-0.003614
31.014525,19.236826,37.294178,2130.839638,-0.180130,11.804230,8.755101,3.258786,-0.012924
31.040392,19.255146,37.282812,2125.999414,-0.179365,11.800622,8.726583,3.244818,0.002512
31.072491,19.264046,37.276714,2121.174827,-0.190676,11.817777,8.702041,3.230591,-0.000503
31.092955,19.265513,37.274994,2116.385165,-0.198060,11.822293,8.668307,3.230410,-0.004753
31.131064,19.276849,37.255791,2111.599135,-0.226893,11.842973,8.645163,3.225175,-0.000881
31.160005,19.279798,37.243093,2106.826486,-0.228811,11.845216,8.610715,3.204252,0.006219
31.172234,19.296586,37.244821,2102.078872,-0.240078,11.853270,8.591609,3.200702,-0.009083
31.205949,19.293208,37.226844,2097.341183,-0.262284,11.868501,8.579188,3.190680,-0.006660
31.237682,19.294217,37.203876,2092.624055,-0.270861,11.869233,8.557353,3.195028,-0.002297
31.267622,19.306835,37.197372,2087.928028,-0.283707,11.875668,8.541310,3.172841,-0.001087
31.289787,19.313738,37.171170,2083.230679,-0.305971,11.903861,8.514775,3.173850,0.014013
31.320099,19.322693,37.157318,2078.559296,-0.326467,11.909637,8.497010,3.171233,0.000008
31.354245,19.335422,37.140260,2073.918471,-0.341452,11.916829,8.475526,3.145442,0.006009
31.369614,19.334810,37.122011,2069.267288,-0.374092,11.929405,8.466900,3.162187,-0.001878
31.404018,19.338245,37.101362,2064.635601,-0.393597,11.944272,8.453852,3.145177,-0.000210
31.419957,19.346535,37.076132,2060.017866,-0.412387,11.953401,8.434492,3.149893,-0.004990
31.443115,19.358480,37.056779,2055.417183,-0.432631,11.959816,8.423651,3.134814,0.001401
31.482857,19.362886,37.034105,2050.823463,-0.457171,11.974622,8.426680,3.143864,0.001998
31.511016,19.370796,37.004120,2046.240028,-0.482015,11.977742,8.413791,3.127119,-0.004774
31.538403,19.378159,36.990430,2041.659002,-0.511245,11.999849,8.397970,3.126934,-0.011624
31.556085,19.381975,36.949348,2037.106660,-0.537441,12.001301,8.401867,3.127851,0.000401
31.594284,19.385887,36.924131,2032.548832,-0.561349,12.012340,8.403479,3.131119,-0.004649
31.616988,19.406943,36.895288,2028.005558,-0.591992,12.016054,8.398489,3.131703,0.004871
31.639142,19.400505,36.857192,2023.465502,-0.606997,12.024988,8.401645,3.121303,0.007802
31.661974,19.402130,36.829180,2018.935178,-0.644413,12.036472,8.409771,3.128748,-0.004383
31.693288,19.415598,36.797478,2014.403795,-0.663000,12.047670,8.399459,3.129174,0.003687
31.718678,19.423618,36.752765,2009.872443,-0.696926,12.052550,8.398095,3.132843,-0.002807
31.741559,19.431552,36.717148,2005.352358,-0.719842,12.069176,8.403865,3.135236,-0.007216
31.778111,19.434630,36.677358,2000.842627,-0.740880,12.077983,8.420343,3.140557,-0.007073
31.800419,19.435203,36.637756,1996.326535,-0.778184,12.095502,8.419597,3.139149,0.000265
31.831946,19.449245,36.600008,1991.820128,-0.793495,12.095437,8.447005,3.149504,0.004932
31.855840,19.455176,36.566703,1987.294797,-0.830235,12.115058,8.443595,3.149168,0.002889
31.877974,19.468734,36.514099,1982.787533,-0.843577,12.119486,8.459306,3.157116,0.004166
31.901636,19.475568,36.473609,1978.280385,-0.875325,12.132600,8.472126,3.169508,-0.004969
31.931138,19.477470,36.422812,1973.750584,-0.900933,12.142779,8.490538,3.164588,-0.004217
31.963248,19.478080,36.381924,1969.234815,-0.917581,12.158135,8.507226,3.164393,0.003931
31.986531,19.490504,36.325924,1964.708593,-0.949066,12.161519,8.533845,3.176249,-0.002155
32.009546,19.492770,36.280150,1960.172975,-0.969379,12.165842,8.557199,3.178185,0.005183
32.025725,19.503270,36.236133,1955.642304,-0.992902,12.178640,8.571125,3.193073,0.003420
32.051328,19.506011,36.177427,1951.103511,-1.010733,12.182992,8.591578,3.200209,-0.005316
32.091608,19.515693,36.123618,1946.562331,-1.033616,12.208349,8.617678,3.208592,-0.001512
32.119767,19.516347,36.078478,1942.002738,-1.056040,12.212145,8.639591,3.221162,-0.001803
32.132354,19.530521,36.027680,1937.439427,-1.074307,12.216948,8.669632,3.219361,-0.008186
32.162444,19.524613,35.969404,1932.859491,-1.077550,12.227079,8.679775,3.226311,-0.002514
32.190180,19.524543,35.914513,1928.277963,-1.097431,12.238901,8.722114,3.261808,0.001986
32.209863,19.552232,35.857691,1923.678719,-1.108400,12.246957,8.741505,3.254049,-0.007881
32.235622,19.554443,35.797915,1919.065068,-1.131325,12.262975,8.776450,3.276118,-0.001956
32.265860,19.552653,35.741967,1914.443480,-1.146767,12.272848,8.790574,3.275335,-0.003678
32.286427,19.568439,35.680373,1909.828911,-1.159853,12.284152,8.830433,3.289254,0.003174
32.305034,19.565102,35.629604,1905.180558,-1.165574,12.296747,8.857390,3.300111,0.001325
32.332152,19.571960,35.566801,1900.520422,-1.174788,12.312053,8.890127,3.308557,0.001693
32.362094,19.584811,35.514340,1895.852782,-1.194890,12.306611,8.916215,3.326228,-0.001512
32.386605,19.590701,35.455708,1891.160474,-1.205618,12.331181,8.950464,3.342310,-0.001523
32.408356,19.598274,35.388800,1886.460272,-1.202733,12.340822,8.967628,3.347778,-0.000882
32.438443,19.603900,35.330548,1881.731820,-1.209705,12.339110,9.009851,3.360002,0.001985
32.463143,19.618915,35.266288,1877.009842,-1.216837,12.359740,9.038701,3.365471,-0.004185
32.489643,19.616450,35.206039,1872.257473,-1.218210,12.362377,9.073419,3.374447,-0.000903
32.506228,19.610214,35.148650,1867.487219,-1.223393,12.384920,9.098536,3.382940,0.006569
32.541481,19.628548,35.088067,1862.712223,-1.215259,12.387435,9.122683,3.402069,0.005139
32.562937,19.630946,35.034443,1857.909437,-1.217318,12.390211,9.150826,3.406700,0.005676
32.576565,19.644921,34.975141,1853.095308,-1.215350,12.409014,9.187990,3.416599,-0.001856
32.610462,19.638903,34.914262,1848.273310,-1.205886,12.424339,9.209617,3.432568,-0.006865
32.630947,19.653898,34.860460,1843.412431,-1.205090,12.429296,9.234228,3.438748,-0.005911
32.664526,19.655870,34.801340,1838.555880,-1.205241,12.441944,9.269581,3.455052,0.009450
32.686943,19.671131,34.745121,1833.670217,-1.196341,12.443230,9.299982,3.460744,-0.000743
32.699770,19.679495,34.677013,1828.774707,-1.185386,12.459303,9.320493,3.473508,-0.000246
32.727489,19.681291,34.620401,1823.863455,-1.172026,12.479557,9.340871,3.487179,-0.001583
32.749799,19.685656,34.575217,1818.932944,-1.162079,12.484433,9.364273,3.497716,-0.002612
32.775440,19.685329,34.514815,1813.995017,-1.164284,12.494120,9.387928,3.491142,-0.003376
32.792743,19.704159,34.457706,1809.029142,-1.152873,12.504689,9.404071,3.501964,-0.000950
32.832462,19.696138,34.406173,1804.073091,-1.126853,12.515165,9.425479,3.509801,-0.001467
32.850292,19.707282,34.358050,1799.083305,-1.124577,12.526345,9.440738,3.528796,0.005545
32.870301,19.714912,34.305750,1794.086519,-1.113850,12.535304,9.454254,3.513188,0.003997
32.895837,19.727294,34.240046,1789.079432,-1.095937,12.546139,9.481790,3.531322,0.000656
32.912589,19.731025,34.212103,1784.049064,-1.073139,12.545988,9.493108,3.542654,0.003617
32.941561,19.732557,34.150425,1779.010079,-1.053745,12.554927,9.511167,3.540652,-0.001245
32.961523,19.741137,34.107426,1773.970049,-1.045585,12.570957,9.521711,3.536288,0.001772
32.990611,19.755587,34.051386,1768.900137,-1.017811,12.579457,9.517050,3.556821,-0.006174
33.007281,19.749039,34.001087,1763.845184,-1.018362,12.595568,9.540935,3.551003,0.009759
33.032146,19.764494,33.955783,1758.763092,-1.007627,12.614566,9.539115,3.556757,-0.002954
33.049799,19.772457,33.915622,1753.689003,-0.980499,12.621801,9.550442,3.555667,0.001557
33.072097,19.772185,33.868199,1748.598151,-0.958496,12.630202,9.539873,3.557294,0.000506
33.101372,19.781145,33.816831,1743.498535,-0.940408,12.640192,9.549716,3.556107,-0.000836
33.122361,19.794007,33.785817,1738.400184,-0.922629,12.642857,9.552101,3.563818,0.001606
33.147417,19.789320,33.739658,1733.286703,-0.907105,12.652684,9.555967,3.564862,0.005510
33.171472,19.798464,33.707045,1728.188967,-0.887389,12.671173,9.549253,3.565276,0.000633
33.193601,19.796909,33.663024,1723.064391,-0.872002,12.676142,9.541951,3.555017,0.001436
33.207908,19.803714,33.623319,1717.955289,-0.853995,12.687948,9.556243,3.559954,0.000980
33.243713,19.817638,33.580045,1712.845674,-0.842194,12.699748,9.540204,3.558048,-0.000994
33.263469,19.821923,33.551624,1707.730836,-0.823739,12.708026,9.530167,3.539285,0.001877
33.276115,19.832472,33.509935,1702.605436,-0.798200,12.723987,9.527226,3.547649,-0.001669
33.299127,19.828349,33.475117,1697.486335,-0.798782,12.735621,9.502311,3.545155,0.000931
33.316629,19.843711,33.444370,1692.364005,-0.770665,12.745111,9.494940,3.545888,-0.009814
33.347160,19.851017,33.406314,1687.265226,-0.759576,12.746696,9.486171,3.525232,-0.001680
33.369711,19.849980,33.368475,1682.155710,-0.746098,12.754829,9.482870,3.516749,0.006689
33.391193,19.857913,33.337122,1677.054362,-0.732742,12.779200,9.467852,3.518526,0.000115
33.415307,19.865681,33.313727,1671.952461,-0.732531,12.776101,9.446739,3.509341,0.000294
33.432397,19.875602,33.278958,1666.874576,-0.712994,12.801214,9.433913,3.515132,0.006599
33.456559,19.877731,33.240236,1661.775559,-0.701601,12.806526,9.409276,3.507830,-0.001119
33.477359,19.886067,33.228524,1656.699096,-0.708305,12.818032,9.395836,3.494814,-0.004744
33.498530,19.891133,33.191094,1651.638764,-0.694055,12.825186,9.385161,3.486581,0.009643
33.526050,19.891930,33.161603,1646.566593,-0.677433,12.838827,9.362121,3.490537,0.004924
33.542054,19.900091,33.127511,1641.522123,-0.676565,12.845190,9.349705,3.481354,0.005329
33.566506,19.905329,33.097791,1636.474633,-0.672706,12.850661,9.323581,3.471570,-0.011222
33.586774,19.914915,33.067644,1631.433107,-0.675437,12.863592,9.305876,3.461315,-0.003278
33.608510,19.916276,33.039136,1626.420685,-0.666681,12.874803,9.278421,3.458787,-0.003982
33.629889,19.917313,33.013811,1621.405543,-0.672283,12.886696,9.252758,3.454147,0.003787
33.657986,19.936726,32.988988,1616.401095,-0.678835,12.892630,9.246430,3.445605,0.002814
33.672969,19.934991,32.963639,1611.409399,-0.674083,12.902155,9.229841,3.430986,0.001738
33.699747,19.936324,32.928081,1606.435382,-0.675252,12.915099,9.210546,3.430867,0.007119
33.712964,19.953757,32.898415,1601.468121,-0.676799,12.926738,9.188533,3.420939,0.009317
33.732198,19.948084,32.870626,1596.521422,-0.686558,12.938603,9.164573,3.421260,-0.001243
33.751266,19.961725,32.841468,1591.581923,-0.698990,12.957653,9.146486,3.397850,0.000176
33.779593,19.969083,32.817543,1586.651758,-0.702426,12.945255,9.127479,3.395378,-0.002391
33.796255,19.970071,32.779192,1581.726744,-0.717547,12.973647,9.100018,3.392313,-0.004386
33.819716,19.968811,32.755064,1576.836793,-0.711243,12.980774,9.089703,3.390865,-0.000055
33.835309,19.972862,32.729791,1571.956434,-0.730050,12.980157,9.069556,3.369935,0.005810
33.854834,19.993328,32.708420,1567.078707,-0.739819,13.003568,9.052153,3.363842,0.005963
33.874662,19.991953,32.666671,1562.211333,-0.764007,13.003963,9.024827,3.367028,-0.003746
33.900886,19.994178,32.631020,1557.359150,-0.776012,13.023779,9.021313,3.355200,-0.008259
33.915888,20.007369,32.594763,1552.524451,-0.789845,13.031161,9.002251,3.349986,0.007722
33.933056,20.003936,32.572502,1547.706235,-0.803380,13.040466,8.979514,3.352692,0.004557
33.961181,20.019612,32.538874,1542.893325,-0.828510,13.049952,8.976146,3.350306,-0.001760
33.989876,20.018771,32.504183,1538.104292,-0.841951,13.062870,8.961071,3.338730,-0.001964
33.999027,20.032056,32.461273,1533.316473,-0.861251,13.077232,8.945132,3.326592,-0.002197
34.024799,20.033011,32.431643,1528.539726,-0.881568,13.081834,8.935016,3.324239,-0.003916
34.045801,20.042838,32.389299,1523.774613,-0.903614,13.085380,8.919461,3.326406,0.003844
34.056440,20.041560,32.356381,1519.033365,-0.921550,13.103436,8.920010,3.326726,0.001738
34.075341,20.056400,32.319336,1514.296171,-0.956551,13.111685,8.908101,3.316162,0.002599
34.099837,20.053217,32.283668,1509.564567,-0.974592,13.125072,8.894606,3.314703,0.005019
34.117549,20.055701,32.247719,1504.840600,-0.998311,13.123906,8.887957,3.304738,0.000985
34.133585,20.056414,32.195406,1500.137199,-1.026675,13.147550,8.878118,3.307723,0.001138
34.160043,20.059328,32.163330,1495.441128,-1.055160,13.149654,8.885093,3.305016,-0.004291
34.176411,20.077492,32.125414,1490.747095,-1.084054,13.155682,8.872628,3.311291,0.000940
34.204573,20.084983,32.073279,1486.064632,-1.102018,13.163190,8.865139,3.298668,0.003760
34.213004,20.077727,32.028899,1481.391040,-1.133397,13.169799,8.873120,3.301150,-0.005689
34.250168,20.099302,31.988228,1476.732375,-1.154469,13.190368,8.864108,3.302725,-0.003341
34.256415,20.098645,31.950186,1472.077885,-1.183783,13.207168,8.866862,3.302189,0.000859
34.274984,20.097172,31.906037,1467.420750,-1.212031,13.210029,8.865997,3.303382,0.005887
34.297834,20.107417,31.853940,1462.781468,-1.242871,13.220866,8.880250,3.304621,-0.011225
34.317017,20.115756,31.805921,1458.138608,-1.266322,13.239853,8.883937,3.296645,-0.004480
34.323850,20.122187,31.753170,1453.504455,-1.300997,13.249617,8.883008,3.306601,0.008082
34.345611,20.131619,31.707359,1448.872850,-1.321619,13.255917,8.894921,3.312942,0.001201
34.371441,20.123445,31.664835,1444.237247,-1.349575,13.261790,8.887600,3.310329,0.014734
34.389061,20.133108,31.606364,1439.617413,-1.384155,13.271901,8.910193,3.312038,-0.007226
34.411842,20.145200,31.555361,1434.998076,-1.408478,13.273857,8.905285,3.315297,-0.002414
34.422596,20.144241,31.500878,1430.373489,-1.431269,13.306106,8.919948,3.320564,-0.001802
34.436496,20.152317,31.444539,1425.760074,-1.459728,13.298673,8.927105,3.327058,-0.011325
34.463270,20.162126,31.391013,1421.146224,-1.491218,13.315001,8.933009,3.325149,0.002549
34.486120,20.162451,31.335426,1416.526394,-1.508106,13.323679,8.940401,3.332507,-0.000601
34.498414,20.161095,31.279686,1411.909615,-1.529581,13.339295,8.959542,3.349815,-0.001102
34.518798,20.172880,31.224734,1407.293486,-1.558325,13.349810,8.982512,3.345643,-0.007056
34.541988,20.185234,31.160158,1402.672902,-1.573519,13.357023,8.990901,3.339733,0.005007
34.556549,20.180669,31.108769,1398.051016,-1.612636,13.369790,9.009762,3.352014,0.001706
34.573262,20.189795,31.044529,1393.421826,-1.631653,13.388049,9.019933,3.363766,0.007366
34.584778,20.195227,30.980092,1388.805232,-1.656215,13.400638,9.048482,3.362745,0.005475
34.610154,20.200068,30.928038,1384.163565,-1.669693,13.401215,9.055192,3.379584,0.005713
34.627506,20.206233,30.862822,1379.532504,-1.687649,13.409853,9.073224,3.379212,0.000336
34.647623,20.212691,30.810615,1374.893434,-1.715942,13.419594,9.085584,3.391933,0.002215
34.659779,20.213655,30.742857,1370.251980,-1.723229,13.434147,9.103412,3.394249,-0.002520
34.674034,20.224398,30.685686,1365.607668,-1.748919,13.441252,9.127241,3.397385,-0.002504
34.698036,20.218182,30.618314,1360.946359,-1.767461,13.459847,9.131252,3.402877,-0.003193
34.716034,20.227520,30.560015,1356.289912,-1.779844,13.457078,9.152455,3.414241,-0.006484
34.726336,20.240985,30.483204,1351.612133,-1.790237,13.473969,9.181286,3.413211,-0.000500
34.757920,20.243561,30.431878,1346.945514,-1.806220,13.481343,9.201673,3.430021,0.007593
34.770731,20.254644,30.365083,1342.255532,-1.816020,13.505877,9.206915,3.435817,0.002178
34.785424,20.251922,30.298101,1337.572402,-1.829380,13.500420,9.223207,3.434472,-0.000096
34.800153,20.255883,30.223031,1332.867973,-1.831813,13.516723,9.247116,3.446717,0.000936
34.816428,20.265392,30.164654,1328.167159,-1.860488,13.522234,9.262160,3.455469,-0.004467
34.838723,20.267027,30.108700,1323.455019,-1.863075,13.539026,9.287270,3.459046,0.002583
34.855702,20.267213,30.039975,1318.736586,-1.874914,13.545484,9.311908,3.470809,-0.000346
34.878128,20.275183,29.969478,1314.004125,-1.876057,13.555007,9.330032,3.475361,0.003956
34.884397,20.281059,29.903343,1309.273605,-1.877319,13.570957,9.341994,3.476538,0.001670
34.905803,20.285334,29.846692,1304.531234,-1.885944,13.572052,9.360445,3.485081,0.004517
34.927488,20.297701,29.785031,1299.771757,-1.892492,13.585191,9.370832,3.498247,0.006057
34.934212,20.294290,29.722192,1295.010901,-1.884698,13.599223,9.385098,3.489539,-0.006542
34.968715,20.305999,29.653462,1290.236028,-1.899559,13.612246,9.403619,3.511574,0.002508
34.973471,20.305951,29.594639,1285.465931,-1.898365,13.613676,9.420313,3.512386,-0.001105
34.991966,20.311038,29.522423,1280.679543,-1.908995,13.629874,9.437587,3.507644,0.003806
35.014251,20.319462,29.459410,1275.891742,-1.891503,13.638985,9.448910,3.522691,0.000782
35.033525,20.326189,29.398415,1271.081206,-1.888047,13.644069,9.451481,3.530360,0.002416
35.045725,20.329668,29.333278,1266.290430,-1.898930,13.662300,9.465903,3.521580,-0.006016
35.054549,20.336290,29.277823,1261.468398,-1.880247,13.676139,9.485685,3.527840,0.010293
35.072456,20.339550,29.218760,1256.656137,-1.884401,13.675341,9.493642,3.537307,-0.000032
35.092682,20.339842,29.155864,1251.822561,-1.876539,13.699499,9.506994,3.541037,0.000521
35.106850,20.348544,29.097721,1246.982966,-1.877521,13.700724,9.513976,3.543957,-0.009789
35.127057,20.348986,29.030010,1242.138508,-1.883754,13.720933,9.519115,3.553235,0.004039
35.138369,20.351764,28.967081,1237.302095,-1.871965,13.724530,9.541612,3.543200,0.003505
35.154393,20.356314,28.912200,1232.450638,-1.861862,13.737122,9.527964,3.565307,-0.002714
35.163345,20.368131,28.846011,1227.605465,-1.856539,13.743122,9.534955,3.549366,0.001190
35.189237,20.369059,28.789481,1222.747964,-1.852993,13.749953,9.536329,3.546846,-0.000854
35.198702,20.364354,28.728272,1217.886736,-1.848005,13.763085,9.541516,3.555858,0.000772
35.218336,20.380289,28.663784,1213.017893,-1.833827,13.770885,9.550625,3.553465,-0.000163
35.232191,20.383928,28.604104,1208.145032,-1.830564,13.785257,9.560523,3.556381,0.001301
35.253837,20.383746,28.557833,1203.274085,-1.832107,13.804343,9.545200,3.556668,0.004176
35.274802,20.396296,28.502388,1198.404264,-1.831804,13.813174,9.543657,3.562453,0.000940
35.281736,20.395591,28.449229,1193.530258,-1.823040,13.809640,9.546409,3.544934,-0.005315
35.296713,20.398044,28.384908,1188.670011,-1.809378,13.821251,9.543222,3.554597,-0.003689
35.315574,20.408175,28.329443,1183.797294,-1.810825,13.837341,9.537690,3.554825,0.002475
35.327180,20.412145,28.271963,1178.918606,-1.803901,13.843340,9.536138,3.552556,-0.003004
35.345726,20.420351,28.214856,1174.057340,-1.794369,13.857412,9.532953,3.557478,0.004235
35.362306,20.423693,28.164261,1169.187427,-1.791518,13.861493,9.527451,3.549406,-0.008087
35.364753,20.419446,28.104202,1164.320835,-1.794504,13.868725,9.526446,3.540754,0.006472
35.396007,20.434799,28.048174,1159.452353,-1.790367,13.889309,9.520661,3.541904,-0.006957
35.403150,20.436122,27.995004,1154.608859,-1.792888,13.904113,9.508317,3.543088,0.000969
35.422333,20.437859,27.941253,1149.742592,-1.780403,13.909562,9.504133,3.543666,-0.001812
35.432449,20.453089,27.896555,1144.896609,-1.778313,13.922774,9.489522,3.539493,0.003084
35.452802,20.449826,27.835733,1140.046282,-1.787680,13.932800,9.479195,3.527999,0.002030
35.466480,20.449879,27.782254,1135.211167,-1.794294,13.943572,9.472306,3.527335,0.004158
35.478354,20.458757,27.729719,1130.368869,-1.793831,13.951361,9.463254,3.517931,-0.004308
35.491337,20.456719,27.687322,1125.542351,-1.790150,13.960801,9.454310,3.525386,0.002284
35.504384,20.454922,27.629261,1120.716632,-1.785400,13.969041,9.432543,3.521848,-0.006284
35.519923,20.469501,27.580172,1115.904726,-1.805201,13.986149,9.433705,3.508970,0.000253
35.537611,20.485727,27.522844,1111.097121,-1.810399,13.990090,9.415326,3.506461,0.005915
35.554941,20.481384,27.462032,1106.291088,-1.819823,13.993495,9.408970,3.507286,-0.006505
35.564060,20.479241,27.422426,1101.516842,-1.822065,14.004821,9.386365,3.502039,-0.002704
35.577488,20.491049,27.358354,1096.736628,-1.832357,14.017279,9.375983,3.506113,0.004940
35.597405,20.499210,27.311271,1091.953981,-1.850546,14.028019,9.370664,3.487495,0.000161
35.602038,20.496183,27.258937,1087.197460,-1.853071,14.044907,9.364049,3.488803,-0.007844
35.624678,20.492370,27.206443,1082.448431,-1.868195,14.047719,9.343604,3.471428,0.006389
35.631268,20.508316,27.151736,1077.710030,-1.885591,14.066169,9.334061,3.472388,0.007746
35.646625,20.505705,27.088298,1072.979283,-1.898686,14.074253,9.322017,3.463085,-0.005473
35.664306,20.514486,27.041993,1068.264258,-1.920001,14.078936,9.320903,3.471312,0.007696
35.682410,20.511614,26.999446,1063.561369,-1.933802,14.093241,9.294074,3.467123,-0.003902
35.692618,20.529083,26.934336,1058.859451,-1.944035,14.096453,9.283323,3.456292,-0.002582
35.714578,20.521761,26.881543,1054.172456,-1.972641,14.105469,9.278306,3.458781,0.007793
35.720196,20.519307,26.822665,1049.502497,-1.989526,14.121467,9.259005,3.452475,0.005412
35.742785,20.535419,26.781405,1044.833864,-2.016896,14.137065,9.253085,3.450462,-0.000347
35.751407,20.528256,26.720445,1040.193154,-2.042645,14.150069,9.243684,3.440137,-0.003838
35.764284,20.547010,26.663692,1035.552207,-2.078014,14.152191,9.228445,3.442249,0.009553
35.773766,20.549609,26.598999,1030.915719,-2.092385,14.166772,9.217642,3.429563,0.004078
35.786516,20.568170,26.550357,1026.316015,-2.108683,14.179276,9.211578,3.432047,-0.006867
35.805891,20.562927,26.490444,1021.717527,-2.146435,14.178562,9.209957,3.434916,0.009139
35.809518,20.559727,26.439938,1017.114349,-2.165119,14.188079,9.189810,3.427202,0.007321
35.833245,20.559791,26.384246,1012.547164,-2.202780,14.205407,9.196986,3.418509,0.003934
35.848589,20.564308,26.321421,1007.972993,-2.221678,14.214471,9.183897,3.424825,-0.002134
35.854382,20.578464,26.263582,1003.424210,-2.274084,14.220258,9.172709,3.420486,0.003328
35.876435,20.573040,26.206946,998.874256,-2.294738,14.223051,9.164882,3.410642,0.001310
0.043174,0.051234,52.783388,4753.384311,-0.515197,44.995046,4.933625,1.839590,-0.010490
0.089316,0.082035,52.715817,4750.744010,-0.527959,44.999777,4.981363,1.851901,0.010873
0.139273,0.128989,52.645288,4748.084588,-0.538260,45.007731,5.010027,1.874747,0.000553
0.170451,0.191517,52.579188,4745.408232,-0.548336,44.992405,5.063967,1.882989,0.002762
0.231853,0.227742,52.512209,4742.694262,-0.553117,45.006143,5.099295,1.900790,0.003759
0.267896,0.263108,52.445200,4739.971459,-0.567836,45.007052,5.156901,1.913792,-0.001404
0.318056,0.310258,52.373344,4737.242838,-0.579255,45.008332,5.187484,1.932841,0.001021
0.351835,0.366844,52.299795,4734.462797,-0.584950,45.007775,5.246300,1.946386,-0.007451
0.403593,0.412208,52.225881,4731.671723,-0.592823,44.994105,5.289655,1.973328,-0.001367
0.448455,0.449982,52.155759,4728.856080,-0.609213,44.998367,5.332247,1.994350,-0.002293
0.485512,0.490365,52.081417,4726.012684,-0.603818,45.002882,5.392367,2.011674,0.004447
0.543310,0.536218,51.991619,4723.150195,-0.609694,45.005904,5.431912,2.017825,-0.001511
0.581362,0.582744,51.929764,4720.246026,-0.624195,45.012531,5.494626,2.044224,-0.002490
0.620068,0.630974,51.843016,4717.305400,-0.611286,45.004797,5.542332,2.069542,-0.005015
0.659932,0.675804,51.765544,4714.360808,-0.621976,44.994552,5.598187,2.084712,-0.003941
0.712927,0.710425,51.707466,4711.373757,-0.624661,45.005569,5.652905,2.103662,-0.000737
0.759593,0.762665,51.614808,4708.353604,-0.629915,45.004109,5.709929,2.126286,-0.003065
0.802160,0.806660,51.553935,4705.323267,-0.624458,45.006548,5.753971,2.146544,-0.000245
0.844104,0.845563,51.464170,4702.242506,-0.633382,44.998338,5.828176,2.176216,0.000729
0.891644,0.904833,51.381098,4699.137767,-0.624198,45.007616,5.867489,2.190414,-0.009467
0.929996,0.939022,51.314406,4695.995072,-0.621589,45.013127,5.927375,2.202121,0.004406
0.982322,0.981013,51.237652,4692.829127,-0.616917,45.007916,5.977864,2.231414,-0.003800
1.031733,1.033285,51.158567,4689.618825,-0.609129,45.017233,6.033015,2.242122,0.001471
1.069328,1.076539,51.086111,4686.392063,-0.612336,45.025108,6.092111,2.277438,-0.002970
1.127223,1.101482,51.003859,4683.114770,-0.604065,45.017561,6.148043,2.295869,-0.002336
1.157277,1.159480,50.939247,4679.821348,-0.591078,45.013847,6.195227,2.315252,0.001217
1.201714,1.204054,50.868296,4676.490665,-0.591717,45.020605,6.256301,2.336246,-0.003739
1.245665,1.243152,50.798351,4673.122123,-0.576268,45.016066,6.312267,2.351821,0.010998
1.296269,1.295747,50.730347,4669.728773,-0.558523,45.028013,6.362036,2.367182,-0.006694
1.336697,1.343518,50.646503,4666.304668,-0.551823,45.017974,6.418453,2.393554,0.000460
1.385895,1.377229,50.584539,4662.839501,-0.542244,45.036115,6.476499,2.412225,-0.003952
1.426111,1.429510,50.527978,4659.351382,-0.521063,45.028300,6.507908,2.414244,0.007131
1.470126,1.469911,50.465286,4655.825524,-0.520127,45.030376,6.566391,2.449583,0.004538
1.516870,1.510644,50.391482,4652.271493,-0.507849,45.035984,6.609120,2.464700,-0.000279
1.555166,1.558756,50.340991,4648.683393,-0.481568,45.028951,6.652025,2.474984,0.002674
1.593704,1.601904,50.282463,4645.078444,-0.472448,45.036522,6.695798,2.498157,-0.002358
1.657244,1.648125,50.223152,4641.441468,-0.457905,45.028896,6.744859,2.509057,-0.007953
1.695468,1.687114,50.170145,4637.767970,-0.435813,45.036566,6.779643,2.525590,-0.000545
1.732957,1.743312,50.125781,4634.083414,-0.428463,45.039045,6.825345,2.538797,-0.002880
1.777168,1.783301,50.064636,4630.356307,-0.389692,45.039870,6.856432,2.554965,-0.002016
1.821830,1.821652,50.022193,4626.621139,-0.379453,45.039822,6.893333,2.571415,-0.003437
1.863182,1.858572,49.971632,4622.847911,-0.364546,45.041980,6.929610,2.580123,0.003899
1.903976,1.906948,49.929962,4619.056059,-0.338203,45.050020,6.958111,2.583941,-0.006637
1.950138,1.955232,49.900794,4615.249667,-0.323593,45.044271,6.988001,2.603454,0.005335
1.987346,1.993335,49.864002,4611.412489,-0.294542,45.046400,7.003249,2.609698,0.009289
2.038374,2.036396,49.828215,4607.551333,-0.272210,45.046860,7.024294,2.610172,-0.006146
2.084330,2.075335,49.778566,4603.692391,-0.253859,45.053718,7.042092,2.620748,-0.002978
2.127190,2.129521,49.760579,4599.806670,-0.232820,45.050900,7.076861,2.639750,-0.000340
2.171005,2.178096,49.730199,4595.914919,-0.214874,45.050540,7.083087,2.646210,-0.001678
2.213503,2.215766,49.707105,4591.996877,-0.194477,45.056328,7.085037,2.647543,-0.003963
2.258185,2.266158,49.688525,4588.083089,-0.172483,45.057923,7.109685,2.659397,-0.002596
2.292764,2.304190,49.677030,4584.146982,-0.146605,45.063806,7.113048,2.642488,-0.004125
2.349875,2.348027,49.657461,4580.205403,-0.117042,45.061896,7.107348,2.647506,-0.000967
2.391121,2.388529,49.635425,4576.255453,-0.096845,45.065614,7.118869,2.663571,0.996696
2.421755,2.435199,49.629235,4572.298844,-0.084569,45.072247,7.111254,2.643062,0.997365
2.469197,2.484658,49.615318,4568.346043,-0.064072,45.088466,7.106148,2.641780,1.000034
2.513495,2.519329,49.608979,4564.378015,-0.037980,45.084798,7.101347,2.643831,0.996335
2.557219,2.568621,49.615710,4560.414488,-0.010408,45.087725,7.095306,2.637111,0.997024
2.604000,2.608549,49.607911,4556.450902,0.002943,45.094490,7.091754,2.639412,0.991614
2.641955,2.646998,49.622100,4552.489815,0.023683,45.101146,7.070068,2.632285,1.004116
2.687751,2.691701,49.621638,4548.531416,0.050683,45.090488,7.050034,2.634599,1.001809
2.728108,2.727558,49.625651,4544.586551,0.060787,45.113023,7.032392,2.622264,1.000312
2.778740,2.776805,49.637810,4540.636126,0.084164,45.123698,7.015625,2.613886,0.999947
2.807539,2.821157,49.643596,4536.695642,0.107525,45.117493,6.995386,2.606371,1.002455
2.856362,2.858569,49.666998,4532.780343,0.127780,45.130134,6.965923,2.591057,0.995570
2.900000,2.901986,49.675088,4528.855086,0.134570,45.132166,6.932240,2.590255,0.994008
2.942353,2.949803,49.689626,4524.947504,0.165154,45.127882,6.905623,2.581503,0.997814
2.988611,2.993943,49.713607,4521.051163,0.184720,45.148662,6.868037,2.556215,0.992205
3.038663,3.031524,49.735507,4517.178116,0.190614,45.141608,6.845281,2.548351,0.987468
3.076483,3.081653,49.752599,4513.319415,0.205355,45.146568,6.812150,2.536576,0.990686
3.113753,3.127937,49.792098,4509.453103,0.220224,45.155250,6.768705,2.516803,1.000227
3.152576,3.165708,49.824071,4505.619298,0.237124,45.169187,6.734755,2.512527,1.008041
3.196300,3.211913,49.844886,4501.814687,0.244571,45.159139,6.691038,2.493015,1.002287
3.236571,3.253540,49.868341,4498.025536,0.265164,45.165004,6.654614,2.476463,0.999618
3.279715,3.293772,49.903091,4494.242546,0.274069,45.182442,6.609187,2.471008,0.998394
3.329043,3.341403,49.931877,4490.490598,0.292682,45.186564,6.569592,2.450563,0.998712
3.368924,3.372502,49.966464,4486.746871,0.294033,45.188320,6.542000,2.436621,0.996521
3.410435,3.424885,50.000903,4483.028307,0.303061,45.194625,6.482005,2.417697,0.992597
3.455610,3.459733,50.033824,4479.341489,0.307478,45.188796,6.451387,2.398326,1.001004
3.500482,3.505771,50.059670,4475.667280,0.310599,45.206670,6.401379,2.395215,0.999645
3.541264,3.555706,50.110104,4472.025137,0.318925,45.205697,6.359818,2.370875,0.990602
3.583636,3.593035,50.147263,4468.406891,0.331597,45.216050,6.315415,2.354172,1.003399
3.627423,3.628440,50.192052,4464.794334,0.324236,45.222505,6.280490,2.339322,0.999398
3.670858,3.685119,50.226098,4461.219466,0.329763,45.221262,6.227546,2.318474,1.004460
3.712003,3.712077,50.271174,4457.681004,0.335920,45.233293,6.183148,2.300901,0.996762
3.750185,3.762979,50.295661,4454.150169,0.336400,45.228644,6.138132,2.287650,0.992550
3.784720,3.800288,50.336747,4450.639493,0.330903,45.237453,6.094891,2.275531,1.006575
3.832358,3.845845,50.383407,4447.165957,0.325881,45.248323,6.064701,2.255336,0.996105
3.871847,3.889975,50.407509,4443.704107,0.332654,45.265747,6.008325,2.242007,0.996696
3.914398,3.927628,50.461528,4440.273184,0.328641,45.262367,5.975395,2.225471,0.998235
3.971736,3.966538,50.505987,4436.855760,0.321049,45.254158,5.923131,2.209866,0.998906
3.995784,4.018224,50.541820,4433.474645,0.326074,45.277308,5.892594,2.196672,0.995574
4.054742,4.057968,50.571134,4430.113145,0.315812,45.276178,5.850422,2.185204,0.998325
4.083277,4.099201,50.610279,4426.775681,0.301802,45.280865,5.809624,2.164816,0.992680
4.120956,4.144626,50.645382,4423.473655,0.299152,45.292123,5.776870,2.148405,0.996792
4.170245,4.200609,50.680602,4420.164068,0.293222,45.296965,5.739854,2.141921,1.004254
4.206759,4.222417,50.711092,4416.913399,0.289170,45.291712,5.707303,2.119136,1.002051
4.249297,4.272295,50.748965,4413.649606,0.268003,45.310080,5.671015,2.107366,0.999203
4.287607,4.315585,50.777859,4410.424526,0.264116,45.309354,5.633963,2.098010,0.991152
4.343719,4.346455,50.804341,4407.218982,0.252791,45.322273,5.609628,2.088816,1.000695
4.369993,4.395193,50.830540,4404.035243,0.245640,45.324681,5.583263,2.074203,0.994708
4.418521,4.439831,50.863346,4400.871209,0.231872,45.326051,5.536652,2.068278,0.999863
4.455010,4.472156,50.896430,4397.725464,0.210831,45.325929,5.515585,2.058195,0.995341
4.513725,4.524407,50.910112,4394.589897,0.202329,45.347379,5.496341,2.046688,1.002130
4.540534,4.558420,50.935444,4391.479666,0.184886,45.347531,5.459625,2.046117,1.001927
4.586386,4.592888,50.951878,4388.378195,0.174626,45.354250,5.444124,2.025957,0.995974
4.626840,4.656370,50.973031,4385.320865,0.155672,45.358035,5.421920,2.024930,0.998571
4.663701,4.693735,50.980408,4382.256918,0.144671,45.362534,5.404612,2.015788,0.992459
4.710121,4.731203,51.006294,4379.213328,0.125959,45.374769,5.379190,1.997647,0.994844
4.741569,4.780975,51.024243,4376.177793,0.102519,45.375339,5.357458,1.994252,1.000456
4.796849,4.816018,51.031992,4373.155611,0.091969,45.387189,5.345310,1.986046,1.001070
4.830270,4.856809,51.035924,4370.153850,0.068622,45.387319,5.329254,1.983851,0.997922
4.868244,4.890400,51.049018,4367.169917,0.055962,45.398290,5.316029,1.980115,0.991034
4.906288,4.937334,51.048942,4364.187388,0.045265,45.406036,5.305526,1.970956,1.003295
4.949718,4.982124,51.051724,4361.222117,0.028397,45.412950,5.293301,1.971239,0.992889
5.006929,5.021240,51.047665,4358.249633,-0.002304,45.419033,5.279211,1.966035,0.996222
5.033085,5.061283,51.053971,4355.306001,-0.021565,45.421672,5.279319,1.965562,0.999444
5.081846,5.113625,51.053214,4352.365255,-0.039562,45.431219,5.268892,1.956645,1.007632
5.119940,5.145188,51.055803,4349.419946,-0.049556,45.437355,5.278311,1.963201,1.003448
5.170572,5.189084,51.039531,4346.503470,-0.074552,45.441559,5.269820,1.966251,1.006037
5.203203,5.241383,51.036120,4343.568371,-0.098288,45.443901,5.278045,1.958375,0.997782
5.251884,5.275462,51.021564,4340.648653,-0.122713,45.446262,5.281454,1.965023,1.007883
5.275699,5.306907,51.001572,4337.739392,-0.132646,45.467463,5.280119,1.962080,0.997562
5.310307,5.357391,50.991636,4334.816939,-0.158749,45.481486,5.276173,1.972290,0.993840
5.354634,5.399536,50.971135,4331.906917,-0.180731,45.476004,5.285562,1.961670,1.001908
5.394238,5.443065,50.958210,4329.001331,-0.196752,45.487097,5.304095,1.975944,1.001680
5.439687,5.473272,50.925196,4326.086711,-0.224709,45.493029,5.312320,1.983667,0.999789
5.482243,5.519995,50.892204,4323.183025,-0.233688,45.509062,5.317695,1.982206,0.996967
5.527547,5.566058,50.873647,4320.248308,-0.251505,45.508667,5.338510,1.984478,1.004187
5.556409,5.596439,50.843829,4317.342806,-0.276161,45.513292,5.346321,1.995895,1.000955
5.601143,5.646010,50.809081,4314.417100,-0.295639,45.522242,5.375807,1.994708,1.004158
5.635754,5.686503,50.786723,4311.488046,-0.315750,45.530024,5.389805,2.004321,0.999678
5.687804,5.721548,50.739169,4308.556898,-0.328878,45.542361,5.411387,2.016903,0.995129
5.736733,5.774236,50.698266,4305.619996,-0.347559,45.543502,5.436028,2.032963,0.999056
5.761813,5.809468,50.658333,4302.665813,-0.373553,45.551134,5.450139,2.028231,0.999471
5.805409,5.847687,50.626194,4299.710266,-0.386165,45.547757,5.471977,2.043242,0.993410
5.847889,5.886191,50.578756,4296.742320,-0.399298,45.560993,5.508888,2.060971,0.997282
5.885882,5.932421,50.526905,4293.764012,-0.419434,45.568596,5.535512,2.060186,1.002609
5.930843,5.972062,50.475895,4290.772789,-0.436433,45.587313,5.553157,2.079112,0.996874
5.965005,6.019769,50.427044,4287.763672,-0.455006,45.584032,5.594498,2.081976,1.005610
6.004876,6.052936,50.371276,4284.743775,-0.466066,45.596704,5.624875,2.084879,0.998155
6.043299,6.103626,50.319091,4281.712704,-0.489402,45.608031,5.664396,2.112466,1.000023
6.085092,6.142378,50.265077,4278.667772,-0.497874,45.606332,5.697208,2.114827,1.001755
6.126923,6.182100,50.212057,4275.598088,-0.508160,45.631369,5.736317,2.135566,0.997844
6.166635,6.229730,50.161872,4272.518646,-0.519467,45.628403,5.769584,2.150512,1.010807
6.213187,6.264098,50.101349,4269.415224,-0.525337,45.626802,5.811550,2.168258,0.995593
6.250076,6.310128,50.039434,4266.294195,-0.546340,45.634286,5.843903,2.178644,0.000908
6.282943,6.336522,49.975269,4263.149340,-0.558121,45.647050,5.897699,2.198844,-0.000537
6.326134,6.393165,49.912505,4259.983254,-0.566444,45.647108,5.948654,2.209777,-0.000852
6.374769,6.421126,49.855807,4256.810081,-0.557973,45.657507,5.977526,2.234353,0.004870
6.407505,6.479883,49.783267,4253.589722,-0.582110,45.668582,6.024165,2.245109,0.003268
6.440206,6.521348,49.714112,4250.358770,-0.592502,45.670265,6.067939,2.257072,-0.002714
6.484985,6.544717,49.652889,4247.102396,-0.589567,45.671827,6.107391,2.279587,0.000778
6.527270,6.594361,49.588619,4243.830573,-0.592954,45.683993,6.168053,2.303059,0.003244
6.566319,6.631792,49.519283,4240.522401,-0.602102,45.682671,6.214990,2.315680,-0.004807
6.600314,6.680903,49.458474,4237.191189,-0.610662,45.698201,6.262965,2.334721,0.001340
6.649410,6.708435,49.394451,4233.827908,-0.602885,45.701294,6.322344,2.354265,-0.000906
6.686696,6.759626,49.319016,4230.433432,-0.614597,45.707336,6.366606,2.375385,0.010005
6.726750,6.792870,49.252741,4227.029900,-0.615298,45.710627,6.417639,2.378508,-0.000131
6.756919,6.838335,49.186294,4223.583824,-0.617500,45.717650,6.467782,2.406938,-0.001981
6.802764,6.874047,49.106449,4220.107080,-0.611463,45.728515,6.511841,2.432706,-0.003987
6.836508,6.919946,49.049650,4216.608257,-0.616238,45.729372,6.572178,2.448289,-0.003216
6.887882,6.959811,48.981413,4213.074135,-0.610948,45.738026,6.630996,2.467903,-0.010689
6.916996,7.001608,48.916501,4209.513672,-0.605201,45.747417,6.674995,2.483261,0.008121
6.952387,7.040946,48.842933,4205.924806,-0.596316,45.754391,6.715018,2.502367,0.003017
7.000414,7.089376,48.782606,4202.306608,-0.589797,45.761198,6.773071,2.525585,0.002377
7.023870,7.125770,48.710085,4198.652581,-0.581347,45.768486,6.825038,2.536050,0.000895
7.076372,7.169276,48.643183,4194.978698,-0.584620,45.773065,6.876703,2.566500,0.005821
7.120391,7.204836,48.591982,4191.267697,-0.573484,45.783477,6.927312,2.582972,0.000973
7.152485,7.243416,48.516119,4187.525947,-0.557540,45.787828,6.978840,2.595204,0.002120
7.186315,7.281117,48.466285,4183.766259,-0.556580,45.784806,7.008862,2.609146,0.003777
7.231743,7.324879,48.395122,4179.951366,-0.545239,45.800417,7.058893,2.625697,-0.008735
7.267113,7.369502,48.343787,4176.130102,-0.536331,45.810019,7.114611,2.649249,-0.004045
7.316639,7.415343,48.275495,4172.284659,-0.521323,45.809703,7.163164,2.666794,0.004242
7.354976,7.441065,48.223097,4168.403808,-0.498587,45.827334,7.206813,2.694939,0.000686
7.396284,7.492085,48.166291,4164.499044,-0.486157,45.823024,7.236651,2.701753,0.006006
7.418715,7.526578,48.125751,4160.558016,-0.476707,45.827933,7.277469,2.722455,0.000107
7.469178,7.561082,48.066181,4156.586794,-0.458036,45.840203,7.327822,2.728496,-0.005629
7.500976,7.607314,48.016908,4152.617878,-0.445360,45.846213,7.356290,2.737506,-0.008504
7.545614,7.651806,47.978819,4148.594651,-0.434451,45.861190,7.400241,2.760517,-0.003310
7.588440,7.695783,47.930521,4144.560941,-0.411119,45.866106,7.426723,2.771943,-0.000928
7.618596,7.730440,47.887916,4140.504735,-0.392980,45.866890,7.458432,2.785487,-0.000151
7.653432,7.767733,47.838408,4136.419775,-0.373348,45.875379,7.488651,2.797210,0.000766
7.698014,7.809093,47.805703,4132.315651,-0.348753,45.881614,7.516744,2.803811,0.001132
7.731947,7.843388,47.760912,4128.213108,-0.346777,45.890623,7.539088,2.816513,0.001699
7.771652,7.888187,47.723847,4124.077538,-0.313865,45.893935,7.562489,2.807618,0.001122
7.822317,7.921894,47.693492,4119.908735,-0.296304,45.905695,7.582146,2.831292,-0.000115
7.857940,7.968797,47.667841,4115.746765,-0.266163,45.902767,7.598109,2.838601,-0.004240
7.896408,8.007259,47.638862,4111.561080,-0.258042,45.921845,7.613069,2.839480,0.000135
7.924698,8.046333,47.614491,4107.364168,-0.234592,45.929603,7.627509,2.838742,-0.002530
7.964200,8.080750,47.595454,4103.150389,-0.211518,45.934970,7.647491,2.850280,0.000301
7.998140,8.122724,47.564430,4098.932680,-0.184997,45.944246,7.641503,2.847325,-0.002030
8.047419,8.167200,47.539698,4094.707225,-0.163097,45.944576,7.653872,2.855061,0.000083
8.080927,8.208851,47.532989,4090.478803,-0.149881,45.950139,7.663770,2.852092,0.001110
8.122789,8.253771,47.513128,4086.235981,-0.122175,45.960203,7.662630,2.849012,-0.004021
8.149380,8.288718,47.497684,4081.991074,-0.113839,45.970881,7.649191,2.843303,0.000699
8.191695,8.323955,47.491982,4077.746110,-0.083261,45.973323,7.644034,2.845330,-0.004748
8.230840,8.367977,47.475113,4073.487159,-0.065437,45.987297,7.635870,2.842357,-0.010059
8.283590,8.403073,47.479704,4069.238862,-0.046375,45.986607,7.629167,2.844038,-0.000917
8.305882,8.447530,47.480693,4064.982919,-0.030822,46.002331,7.620442,2.835977,0.004938
8.345846,8.490470,47.464880,4060.735300,-0.003385,46.004796,7.609554,2.824633,-0.004031
8.390646,8.525735,47.461869,4056.500107,0.012388,46.008638,7.591618,2.827202,-0.001859
8.431620,8.558233,47.475207,4052.251831,0.029841,46.013221,7.564469,2.807536,-0.005288
8.454772,8.599225,47.485191,4048.020772,0.049080,46.030750,7.548330,2.812964,0.005777
8.495112,8.654896,47.485440,4043.790563,0.063202,46.036615,7.524147,2.807343,-0.003890
8.542851,8.684791,47.486312,4039.581077,0.083493,46.043827,7.484669,2.790837,-0.005121
8.583272,8.719140,47.504252,4035.373569,0.103075,46.052004,7.470616,2.788171,-0.002397
8.608626,8.757968,47.510565,4031.178411,0.123517,46.056458,7.442672,2.790057,-0.000147
8.652124,8.789184,47.526086,4026.985355,0.132597,46.077057,7.410117,2.771296,0.010129
8.687155,8.842774,47.547235,4022.812661,0.143404,46.070902,7.387570,2.761610,-0.001278
8.716366,8.878060,47.560912,4018.652754,0.157553,46.087780,7.354780,2.742898,-0.000979
8.758515,8.923082,47.583600,4014.511702,0.175552,46.091199,7.316009,2.723890,0.002357
8.796434,8.961338,47.597830,4010.393015,0.182488,46.104592,7.290747,2.714418,-0.000881
8.831436,8.997671,47.618171,4006.277153,0.201516,46.116312,7.256070,2.701266,0.002970
8.866205,9.040619,47.642730,4002.191049,0.204485,46.113500,7.210752,2.685191,-0.004108
8.911353,9.075685,47.656879,3998.113402,0.215635,46.119615,7.180730,2.676140,0.002446
8.947651,9.110610,47.674622,3994.050172,0.226478,46.128834,7.150130,2.652360,0.007483
8.987130,9.151355,47.701146,3990.017459,0.233089,46.130003,7.102897,2.653417,-0.000369
9.020808,9.196443,47.730141,3985.998702,0.227948,46.141318,7.057176,2.622577,-0.000857
9.054847,9.235620,47.747813,3981.994279,0.232506,46.158897,7.024772,2.614682,0.008777
9.090766,9.276442,47.786095,3978.020963,0.248208,46.162875,6.979261,2.598736,-0.000992
9.138129,9.305291,47.807198,3974.079935,0.256671,46.161082,6.947172,2.588609,0.009142
9.177088,9.349471,47.836721,3970.136122,0.263967,46.177887,6.897753,2.566204,-0.003036
9.200703,9.381628,47.858981,3966.226104,0.246953,46.190752,6.870062,2.551378,-0.000602
9.243334,9.427460,47.889588,3962.335938,0.261770,46.186236,6.831557,2.534662,0.009556
9.281925,9.465763,47.911049,3958.460141,0.255070,46.205167,6.782496,2.537174,0.005046
9.314192,9.507530,47.942373,3954.619052,0.254221,46.216719,6.752790,2.499326,-0.004307
9.351240,9.543157,47.963743,3950.787439,0.265975,46.226278,6.724771,2.494924,0.005942
9.388750,9.578242,47.984098,3946.981699,0.248976,46.224752,6.681113,2.487443,-0.000082
9.409518,9.620779,48.029596,3943.196899,0.250603,46.232336,6.631815,2.476880,0.003478
9.463588,9.653950,48.042730,3939.439935,0.246783,46.254865,6.602560,2.452820,-0.002603
9.500808,9.690272,48.074000,3935.695994,0.237644,46.253579,6.560697,2.446913,-0.011001
9.534096,9.729263,48.089635,3931.982163,0.232007,46.254738,6.535215,2.432420,-0.000172
9.565846,9.775749,48.113168,3928.276708,0.224268,46.266470,6.497102,2.424075,-0.001425
9.600081,9.807438,48.142634,3924.604934,0.207177,46.273971,6.463928,2.418842,-0.003459
9.642427,9.854281,48.158184,3920.947736,0.205795,46.284415,6.431750,2.399622,0.003281
9.683298,9.884507,48.178457,3917.316771,0.199939,46.291386,6.404687,2.397881,0.006114
9.723982,9.923976,48.195511,3913.681614,0.185778,46.304072,6.377454,2.370001,-0.004780
9.761713,9.963359,48.227233,3910.102327,0.171396,46.312035,6.342722,2.364395,0.012149
9.783474,10.001003,48.236829,3906.508965,0.159857,46.321442,6.315456,2.361194,0.006242
9.831723,10.041990,48.253238,3902.941011,0.155802,46.330321,6.300199,2.342141,-0.004091
9.859225,10.071679,48.261430,3899.401995,0.130313,46.337342,6.275756,2.330161,-0.009594
9.897894,10.123986,48.278691,3895.856060,0.121088,46.339116,6.258136,2.325056,0.002962
9.935717,10.162632,48.295950,3892.353137,0.100931,46.359178,6.233350,2.306188,0.000513
9.963265,10.192416,48.299645,3888.852123,0.094906,46.363978,6.212066,2.312008,0.003207
10.002953,10.236652,48.298365,3885.366281,0.065518,46.380212,6.199649,2.306532,0.001622
10.043850,10.279272,48.312708,3881.886727,0.057603,46.382967,6.167569,2.300166,-0.001803
10.076980,10.309279,48.315620,3878.443371,0.042426,46.382426,6.163736,2.291255,0.005787
10.098669,10.350862,48.321045,3874.993885,0.026346,46.408964,6.142350,2.290147,0.003885
10.143955,10.385305,48.321254,3871.554024,0.000399,46.416210,6.129745,2.284010,-0.004562
10.180517,10.429151,48.312701,3868.141522,-0.010482,46.420169,6.119474,2.273654,-0.006215
10.221397,10.457862,48.316430,3864.719874,-0.019585,46.429025,6.111888,2.273093,0.002820
10.262032,10.503457,48.314543,3861.323014,-0.050326,46.431315,6.108534,2.278639,0.003648
10.291727,10.542829,48.312164,3857.924618,-0.070390,46.433645,6.099283,2.275101,0.002884
10.321319,10.576628,48.308141,3854.531504,-0.078025,46.457271,6.093370,2.276598,0.005597
10.360828,10.613706,48.290061,3851.159650,-0.114470,46.461549,6.091273,2.270752,0.003180
10.396691,10.652990,48.270499,3847.783696,-0.130919,46.473098,6.083015,2.258213,-0.005762
10.431874,10.684670,48.258035,3844.416965,-0.149028,46.483600,6.098522,2.265450,0.000821
10.468610,10.733504,48.250480,3841.054811,-0.163123,46.484898,6.088444,2.270668,0.006795
10.499380,10.763133,48.233123,3837.671445,-0.192741,46.497471,6.101698,2.263100,-0.005736
10.547640,10.796564,48.214697,3834.316731,-0.206696,46.512232,6.106200,2.277914,0.009809
10.572768,10.839050,48.195975,3830.955985,-0.234610,46.520358,6.110481,2.278909,0.001039
10.611363,10.881521,48.173679,3827.601509,-0.248107,46.558122,6.112687,2.279327,15.990714
10.648364,10.916981,48.139772,3824.239877,-0.275391,46.616798,6.138150,2.288239,16.004542
10.682198,10.960196,48.114902,3820.869028,-0.288210,46.662553,6.154104,2.283871,16.004243
10.716053,10.993348,48.082877,3817.499656,-0.313649,46.711590,6.164938,2.292395,16.003125
10.752143,11.031956,48.050762,3814.142669,-0.344940,46.757376,6.186725,2.311704,15.997638
10.776435,11.075624,48.011990,3810.773566,-0.369453,46.810044,6.203216,2.310425,15.997718
10.822213,11.110727,47.976503,3807.400412,-0.393566,46.850720,6.224811,2.316378,15.990055
10.857240,11.140324,47.931556,3804.019475,-0.417000,46.911443,6.251648,2.335647,15.994867
10.880896,11.183363,47.895518,3800.633641,-0.435209,46.944590,6.278862,2.341695,16.014818
10.925445,11.209849,47.848679,3797.212731,-0.459607,46.996545,6.311327,2.348937,16.006226
10.955826,11.268312,47.803994,3793.809627,-0.489527,47.049959,6.339823,2.353305,16.000062
10.990854,11.303404,47.742213,3790.376456,-0.501558,47.105326,6.365462,2.370769,15.996940
11.021574,11.342149,47.696918,3786.946720,-0.522547,47.149792,6.406029,2.384815,15.988537
11.063738,11.374927,47.651288,3783.494791,-0.549715,47.198663,6.438073,2.395884,16.003104
11.093234,11.405979,47.592401,3780.022858,-0.561573,47.244680,6.476146,2.415690,15.996152
11.134224,11.446918,47.537612,3776.534343,-0.581584,47.298959,6.526351,2.424392,15.994824
11.156441,11.480520,47.479813,3773.035187,-0.595721,47.350114,6.553682,2.451876,16.008995
11.193051,11.524148,47.414281,3769.506643,-0.620790,47.401153,6.602541,2.458798,15.999097
11.229319,11.549856,47.357540,3765.965682,-0.631339,47.450275,6.646601,2.469286,16.000404
11.271460,11.599326,47.297442,3762.408568,-0.654371,47.500707,6.697749,2.486757,16.001116
11.304187,11.644786,47.226107,3758.802580,-0.660426,47.552506,6.748583,2.512249,15.998318
11.338852,11.685382,47.156487,3755.196937,-0.675874,47.613622,6.786292,2.523504,16.003164
11.367523,11.711567,47.095317,3751.565812,-0.684755,47.661638,6.846262,2.554150,15.997388
11.396702,11.751545,47.024358,3747.902216,-0.700241,47.717984,6.891377,2.567680,15.996179
11.436881,11.787011,46.958631,3744.204895,-0.709771,47.770630,6.948820,2.590308,15.996829
11.466062,11.820940,46.884351,3740.488525,-0.719338,47.826223,6.996005,2.602706,16.003661
11.506536,11.863737,46.822074,3736.745539,-0.723599,47.876655,7.064015,2.629661,15.999477
11.532607,11.906641,46.744242,3732.969017,-0.721670,47.929852,7.119803,2.642271,16.000724
11.570021,11.935536,46.670525,3729.160836,-0.744134,47.989157,7.172785,2.667388,16.000670
11.604295,11.978371,46.603537,3725.326813,-0.734114,48.043115,7.229457,2.694104,16.001236
11.641166,12.021137,46.521767,3721.457200,-0.741482,48.098903,7.300467,2.708355,16.005554
11.669188,12.049769,46.460402,3717.551575,-0.754183,48.158951,7.347837,2.734476,16.002746
11.712089,12.090200,46.389562,3713.606733,-0.746416,48.208097,7.412766,2.765260,16.000096
11.736359,12.139509,46.305431,3709.636131,-0.746704,48.275074,7.473113,2.789616,15.988082
11.776074,12.167204,46.240149,3705.633955,-0.745683,48.331859,7.531742,2.807311,16.001502
11.791641,12.208677,46.153430,3701.618312,-0.748528,48.391756,7.587634,2.820611,16.004177
11.838674,12.232432,46.093424,3697.540710,-0.743489,48.446820,7.650777,2.847528,16.002659
11.868944,12.292301,46.024512,3693.440772,-0.728926,48.512367,7.714645,2.877970,15.997229
11.900231,12.319454,45.942145,3689.285792,-0.731868,48.557129,7.771072,2.893237,15.990001
11.932517,12.364823,45.887184,3685.115023,-0.710019,48.622546,7.834337,2.920231,15.991003
11.974518,12.388012,45.819633,3680.908301,-0.711163,48.687746,7.895487,2.941964,16.004385
11.995613,12.433690,45.749394,3676.655238,-0.698651,48.752285,7.948414,2.951449,15.996124
12.039500,12.466776,45.682081,3672.384917,-0.689448,48.816657,8.001575,2.977772,15.999723
12.071040,12.506719,45.608323,3668.068233,-0.671022,48.880410,8.055842,3.002131,15.997523
12.097617,12.554324,45.551407,3663.714889,-0.663089,48.931029,8.115122,3.023348,16.001009
12.128405,12.579315,45.488312,3659.335722,-0.646191,49.010776,8.165330,3.044349,16.003871
12.155574,12.625968,45.422888,3654.926073,-0.631296,49.066705,8.210566,3.062897,16.005555
12.182728,12.645734,45.359987,3650.476333,-0.619979,49.128161,8.274664,3.082706,15.994369
12.224780,12.696754,45.297224,3645.999625,-0.601160,49.194872,8.315178,3.091963,15.995811
12.260402,12.740522,45.249098,3641.488585,-0.580235,49.256042,8.362059,3.114060,15.995197
12.286021,12.766126,45.198885,3636.951436,-0.560347,49.337383,8.407460,3.128004,16.001916
12.319123,12.813514,45.146628,3632.385068,-0.532705,49.390234,8.441180,3.142293,16.002271
12.353315,12.844797,45.092211,3627.799064,-0.512792,49.441912,8.473787,3.160079,16.006524
12.390869,12.886720,45.050129,3623.179557,-0.494599,49.523661,8.521513,3.168791,15.998285
12.425520,12.917739,45.001889,3618.532444,-0.469126,49.594554,8.544402,3.183251,15.998061
12.452881,12.965709,44.944084,3613.856004,-0.438509,49.658606,8.582012,3.203736,15.996564
12.480798,12.992327,44.917969,3609.166696,-0.429677,49.726303,8.605979,3.211838,16.009497
12.518532,13.034830,44.872131,3604.457936,-0.405087,49.789491,8.629940,3.212377,16.003325
12.537228,13.077220,44.837964,3599.725688,-0.376099,49.855738,8.648472,3.226595,16.003551
12.566214,13.108479,44.799857,3594.976550,-0.345680,49.928426,8.674062,3.236111,16.003297
12.600510,13.156348,44.769598,3590.224277,-0.326264,49.990081,8.679396,3.238524,15.993055
12.631513,13.184221,44.738224,3585.430027,-0.291669,50.060758,8.704141,3.242981,16.003397
12.658888,13.228676,44.710355,3580.636335,-0.278575,50.136198,8.705856,3.244104,16.000955
12.694342,13.264457,44.689182,3575.829389,-0.248134,50.199582,8.721228,3.252147,15.998484
12.711776,13.306393,44.663713,3571.027974,-0.224186,50.271294,8.723271,3.243143,15.999112
12.758319,13.337088,44.658296,3566.205655,-0.195491,50.334258,8.725032,3.252822,15.988788
12.788568,13.372559,44.633668,3561.382871,-0.170206,50.400044,8.720910,3.244395,15.999841
12.817966,13.411358,44.615251,3556.550178,-0.148645,50.485709,8.713396,3.243344,15.993753
12.845824,13.451278,44.595415,3551.714534,-0.124834,50.545849,8.706930,3.245939,15.998014
12.867494,13.489108,44.599093,3546.888573,-0.088446,50.613853,8.690866,3.244867,16.001678
12.910316,13.530130,44.594581,3542.046566,-0.069435,50.688763,8.683641,3.236025,15.997838
12.942999,13.567247,44.581256,3537.224296,-0.042725,50.746888,8.669517,3.230022,16.001393
12.961957,13.610472,44.576928,3532.397217,-0.024605,50.825603,8.642171,3.220750,15.995178
13.005774,13.641731,44.575663,3527.566697,-0.000367,50.888330,8.610655,3.211023,16.000006
13.029964,13.686355,44.579373,3522.759374,0.023907,50.964910,8.596765,3.204828,16.000126
13.045349,13.717411,44.579029,3517.947462,0.049540,51.035810,8.571432,3.190790,15.997286
13.079758,13.754086,44.589003,3513.162490,0.064374,51.103135,8.544860,3.181515,16.000417
13.108482,13.796668,44.596696,3508.371470,0.083833,51.162952,8.509016,3.170063,15.999563
13.143040,13.836533,44.603028,3503.609222,0.109798,51.237055,8.469916,3.152161,16.003109
13.173161,13.880508,44.607381,3498.851389,0.124200,51.307364,8.439338,3.147080,15.998256
13.198315,13.904044,44.620012,3494.111172,0.145206,51.376607,8.404757,3.134109,15.998854
13.229081,13.944988,44.644038,3489.399019,0.163009,51.434757,8.364680,3.120753,15.997874
13.259958,13.975882,44.654655,3484.691462,0.162002,51.500365,8.322310,3.095916,16.003149
13.299039,14.021634,44.675841,3480.003081,0.188395,51.578582,8.290447,3.081592,15.986255
13.324936,14.053270,44.690166,3475.331089,0.197116,51.643487,8.237881,3.065691,16.008992
13.358031,14.093883,44.700732,3470.684744,0.203972,51.711476,8.192594,3.055787,15.998816
13.378769,14.125868,44.732802,3466.072303,0.229557,51.780901,8.150350,3.037895,15.995612
13.411375,14.166170,44.743840,3461.462263,0.232081,51.851206,8.106017,3.027629,16.005851
13.433614,14.206304,44.766504,3456.890600,0.243210,51.914517,8.051613,2.998397,15.999926
13.471031,14.244258,44.789585,3452.335866,0.241479,51.977318,8.023361,2.986789,15.991813
13.486216,14.272336,44.818783,3447.802118,0.255368,52.060947,7.963770,2.974442,15.992966
13.516711,14.317405,44.828300,3443.301046,0.251489,52.115660,7.925885,2.953387,16.003879
13.535481,14.362026,44.858108,3438.823773,0.262106,52.191524,7.871847,2.922571,16.004077
13.573659,14.393219,44.880869,3434.369089,0.261014,52.239246,7.829597,2.918080,16.002140
13.602381,14.428156,44.902790,3429.936038,0.271954,52.318070,7.783732,2.895269,16.000547
13.629804,14.471462,44.926933,3425.535891,0.262744,52.382807,7.737238,2.878264,15.990497
13.658040,14.502243,44.964687,3421.150148,0.257683,52.445475,7.684491,2.863018,15.999307
13.689963,14.541801,44.969473,3416.800429,0.252338,52.508869,7.646176,2.853976,16.007844
13.710428,14.588676,44.991893,3412.482954,0.251254,52.573925,7.607280,2.839719,16.001352
13.739299,14.620189,45.016967,3408.168624,0.249688,52.634928,7.566677,2.823863,16.000411
13.771718,14.658250,45.046943,3403.894018,0.243202,52.697462,7.523084,2.801476,16.002112
13.798262,14.691543,45.066421,3399.649591,0.244752,52.778278,7.474371,2.778933,15.998353
13.822961,14.726287,45.084340,3395.419742,0.233283,52.831787,7.441947,2.765381,16.002979
13.852250,14.767390,45.101839,3391.215896,0.209789,52.896604,7.395664,2.751821,16.008187
13.877677,14.787302,45.127347,3387.036029,0.208643,52.949577,7.362201,2.741614,16.001531
13.906578,14.848944,45.141972,3382.887001,0.201664,53.018288,7.319466,2.721472,15.999324
13.933211,14.875778,45.164262,3378.752092,0.182076,53.081077,7.286697,2.710804,16.001032
13.961977,14.917853,45.168809,3374.648649,0.168027,53.155335,7.260964,2.696035,16.003153
13.986592,14.949710,45.181441,3370.551574,0.158079,53.205862,7.207052,2.685678,15.993267
14.018287,14.994097,45.189496,3366.498884,0.143786,53.274973,7.193552,2.679871,15.998311
14.039329,15.025626,45.211094,3362.458965,0.121529,53.336895,7.161214,2.666197,15.998632
14.074907,15.059617,45.226734,3358.422919,0.104646,53.404257,7.138101,2.660417,15.999025
14.097577,15.094772,45.233623,3354.427406,0.088569,53.458940,7.109470,2.651168,15.996134
14.123442,15.139808,45.234843,3350.438110,0.067559,53.519561,7.078389,2.639634,16.002237
14.157166,15.171972,45.248287,3346.462694,0.055881,53.585053,7.060300,2.636756,15.997613
14.179324,15.210832,45.237663,3342.521450,0.034750,53.646528,7.039046,2.626588,16.011943
14.198704,15.249034,45.255259,3338.589257,0.005288,53.703318,7.019850,2.623613,16.007286
14.227950,15.299013,45.252081,3334.664785,-0.004721,53.763206,7.005079,2.609689,16.001759
14.256036,15.326839,45.259092,3330.752804,-0.032198,53.836385,6.998927,2.599414,16.001336
14.271231,15.357031,45.251557,3326.873980,-0.056960,53.885980,6.974106,2.605581,16.005753
14.308676,15.402567,45.231748,3322.984886,-0.077935,53.949525,6.964087,2.598694,16.006187
14.331790,15.443734,45.237942,3319.107626,-0.103625,54.016547,6.962097,2.587166,15.993701
14.361746,15.473797,45.232431,3315.257794,-0.120030,54.082724,6.959259,2.592039,15.995352
14.388125,15.508857,45.210868,3311.409997,-0.143351,54.139506,6.950545,2.597303,16.005051
14.416710,15.542775,45.193146,3307.569605,-0.161251,54.198111,6.946631,2.588569,15.997941
14.446739,15.579273,45.186913,3303.734683,-0.189750,54.267518,6.939154,2.586113,16.005258
14.471660,15.617486,45.162011,3299.902907,-0.210139,54.331043,6.948626,2.584336,16.000967
14.487100,15.655153,45.146339,3296.064103,-0.239654,54.390758,6.947019,2.587098,15.995735
14.521830,15.699270,45.125582,3292.255194,-0.271418,54.446740,6.962786,2.582623,16.004094
14.546441,15.735928,45.086597,3288.430499,-0.290008,54.515637,6.963318,2.589125,15.994797
14.573909,15.768489,45.076460,3284.617152,-0.320408,54.581400,6.974454,2.593882,16.010960
14.593148,15.803299,45.042391,3280.808800,-0.339456,54.639918,6.991692,2.596231,15.991798
14.606348,15.845174,45.010851,3276.981486,-0.365313,54.700207,6.991436,2.608315,15.993095
14.645885,15.877995,44.991944,3273.167240,-0.378719,54.766883,7.012726,2.613190,16.003931
14.669494,15.914134,44.954957,3269.346333,-0.407626,54.843243,7.019141,2.616197,15.999500
14.695005,15.951382,44.910427,3265.521047,-0.434208,54.893334,7.046355,2.621935,15.992893
14.722493,15.988822,44.873337,3261.679669,-0.460852,54.957898,7.070445,2.630366,15.998864
14.743947,16.033877,44.837810,3257.842622,-0.488030,55.017503,7.087756,2.642326,16.002841
14.772057,16.057077,44.789005,3254.007892,-0.501580,55.087505,7.122073,2.651783,15.996441
14.800626,16.094442,44.741182,3250.146917,-0.521522,55.151769,7.135430,2.657077,15.998176
14.823175,16.136759,44.703888,3246.274608,-0.546770,55.207458,7.178812,2.674975,16.002701
14.840751,16.182124,44.646709,3242.408378,-0.565172,55.287078,7.203433,2.685346,16.003790
14.867651,16.209705,44.609163,3238.516005,-0.580611,55.344903,7.227534,2.689820,16.000480
14.889101,16.241324,44.558690,3234.620142,-0.598339,55.409013,7.269406,2.709280,15.999321
14.921591,16.284782,44.506094,3230.692949,-0.615357,55.482706,7.303679,2.714989,15.989923
14.931365,16.332995,44.457066,3226.762630,-0.634964,55.548335,7.336776,2.722521,16.001848
14.956393,16.355342,44.390753,3222.816242,-0.643443,55.606879,7.380093,2.744319,15.996729
14.983780,16.393774,44.348767,3218.855722,-0.673108,55.680244,7.417970,2.776171,15.993160
15.012873,16.435864,44.284513,3214.862674,-0.680975,55.745673,7.459467,2.775656,15.995652
15.040108,16.464766,44.228999,3210.855523,-0.691379,55.819340,7.500521,2.783649,16.014222
15.063117,16.511976,44.174231,3206.833935,-0.713790,55.878493,7.538273,2.818923,16.005085
15.082651,16.547289,44.113722,3202.784175,-0.722821,55.950144,7.590162,2.829187,15.999123
15.109924,16.586792,44.048729,3198.713301,-0.727611,56.023576,7.638796,2.842739,15.998768
15.143134,16.616183,43.986926,3194.622955,-0.748793,56.093533,7.686424,2.860946,15.994208
15.159334,16.664122,43.925952,3190.508201,-0.753583,56.174823,7.728870,2.868317,15.989142
15.190232,16.695229,43.864156,3186.366639,-0.754300,56.231807,7.771344,2.900178,16.003252
15.201762,16.727767,43.800010,3182.195220,-0.756870,56.296057,7.824218,2.909798,15.999209
15.236493,16.777213,43.738165,3177.997724,-0.773044,56.378144,7.880991,2.940595,16.004325
15.250088,16.802882,43.666062,3173.774442,-0.766040,56.446509,7.921642,2.946833,15.998999
15.282339,16.833899,43.598354,3169.535201,-0.768237,56.518210,7.973224,2.973345,16.000835
15.306259,16.877969,43.545501,3165.256039,-0.774854,56.600454,8.028381,3.000318,15.990336
15.325051,16.911691,43.485236,3160.969787,-0.774866,56.663544,8.072871,3.013399,15.998305
15.351718,16.951991,43.416691,3156.626668,-0.772043,56.736273,8.126517,3.030458,15.997224
15.374948,16.987993,43.343194,3152.267037,-0.775797,56.805900,8.180087,3.048878,15.997529
15.393762,17.018098,43.285582,3147.885278,-0.776319,56.892256,8.230266,3.053044,15.998016
15.409008,17.047359,43.227839,3143.451240,-0.760516,56.963253,8.282735,3.075348,15.997588
15.434578,17.092616,43.168701,3139.005769,-0.763728,57.031663,8.332213,3.096095,16.006554
15.460464,17.133984,43.093303,3134.530888,-0.748968,57.122321,8.374851,3.124882,15.999143
15.475172,17.171310,43.039719,3130.022750,-0.743880,57.198966,8.426976,3.139959,16.005968
15.510117,17.207815,42.982391,3125.489849,-0.745908,57.277102,8.481346,3.151070,15.996326
15.525700,17.241687,42.922464,3120.939572,-0.728462,57.350427,8.529372,3.163879,16.001427
15.547146,17.284137,42.862318,3116.338824,-0.720925,57.429917,8.559194,3.194361,15.995925
15.573942,17.312554,42.801401,3111.710701,-0.706865,57.513008,8.614716,3.204932,16.010571
15.596012,17.353319,42.744775,3107.068805,-0.692313,57.589242,8.645792,3.228669,15.998371
15.617787,17.392258,42.684128,3102.394477,-0.668991,57.664136,8.694305,3.249620,15.993694
15.638858,17.417056,42.635916,3097.683780,-0.663848,57.744589,8.740963,3.245399,16.002965
15.664820,17.462443,42.575937,3092.969503,-0.644384,57.822637,8.772228,3.266916,16.011631
15.688268,17.492567,42.523125,3088.209721,-0.623545,57.902696,8.805849,3.286071,15.995049
15.707563,17.529995,42.481344,3083.428958,-0.606460,57.987176,8.842912,3.296150,15.987707
15.728795,17.571967,42.421045,3078.636395,-0.579837,58.063369,8.882499,3.309449,16.002612
15.755907,17.606639,42.386990,3073.807659,-0.570847,58.149628,8.905442,3.314466,16.002348
15.773209,17.645521,42.350022,3068.972156,-0.544467,58.226218,8.944338,3.329804,15.999583
15.798289,17.673604,42.301695,3064.100937,-0.520417,58.308652,8.955561,3.344101,15.995879
15.814985,17.716157,42.262942,3059.215128,-0.504377,58.390686,8.982101,3.359708,16.009966
15.836213,17.755576,42.217015,3054.315372,-0.474277,58.472493,9.005985,3.353888,16.004024
15.848906,17.795197,42.180325,3049.408332,-0.469788,58.568376,9.028468,3.361516,15.999398
15.875648,17.826854,42.148659,3044.469711,-0.440984,58.643357,9.049049,3.371712,15.999999
15.902073,17.856991,42.115303,3039.521370,-0.413498,58.735383,9.055258,3.377506,15.999907
15.917783,17.898342,42.081092,3034.558473,-0.391015,58.815404,9.068084,3.382375,15.997826
15.946121,17.928629,42.049350,3029.577502,-0.363412,58.905092,9.085149,3.384905,15.998555
15.961406,17.972870,42.018001,3024.595429,-0.347344,58.983213,9.074216,3.381267,15.994896
15.986641,18.002891,41.996894,3019.614131,-0.317581,59.065008,9.082672,3.383265,15.992508
16.002699,18.038261,41.962407,3014.601104,-0.290950,59.153713,9.090017,3.380882,16.001925
16.038158,18.081375,41.941829,3009.591943,-0.280787,59.240488,9.090373,3.388481,16.002855
16.040383,18.110499,41.916689,3004.598275,-0.245773,59.321819,9.078688,3.378491,16.002484
16.065074,18.142712,41.899473,2999.578873,-0.237158,59.409396,9.078181,3.385687,16.002936
16.093793,18.177978,41.887527,2994.568104,-0.210142,59.493813,9.072238,3.372646,16.004639
16.117817,18.222148,41.879708,2989.551665,-0.180574,59.580315,9.058601,3.367576,15.995592
16.129730,18.251081,41.868169,2984.529558,-0.158348,59.666613,9.055317,3.374141,15.997254
16.152658,18.288527,41.852078,2979.521287,-0.143365,59.754691,9.032790,3.361647,16.000976
16.175390,18.325657,41.832299,2974.518505,-0.120052,59.839181,9.012635,3.362720,15.997376
16.182553,18.368036,41.824146,2969.513071,-0.095394,59.919055,8.989004,3.350803,15.992493
16.212731,18.398393,41.819819,2964.516047,-0.084776,60.003408,8.964644,3.335014,16.001586
16.229405,18.432059,41.821879,2959.524466,-0.056634,60.083374,8.942863,3.330743,16.000552
16.258730,18.471568,41.815494,2954.545429,-0.036983,60.172071,8.931143,3.323743,15.992904
16.269298,18.509491,41.808264,2949.574945,-0.028468,60.257927,8.891557,3.312591,16.001992
16.285575,18.539944,41.808530,2944.623055,-0.006018,60.342508,8.862951,3.301098,16.010795
16.303075,18.576901,41.820916,2939.679229,0.007448,60.428803,8.836081,3.290480,16.000831
16.331508,18.625121,41.811952,2934.748215,0.014102,60.523426,8.812873,3.282981,15.988852
16.346534,18.658947,41.812062,2929.830826,0.038731,60.600255,8.773459,3.262618,16.002959
16.364466,18.683108,41.810459,2924.924726,0.037233,60.693571,8.744219,3.257333,15.997966
16.377832,18.720680,41.824849,2920.026941,0.059951,60.767492,8.711058,3.245724,15.998384
16.406935,18.758616,41.821801,2915.160565,0.064186,60.856562,8.680634,3.232912,16.002208
16.419942,18.802445,41.828075,2910.306913,0.074175,60.928188,8.647327,3.213370,16.008205
16.437993,18.830691,41.835573,2905.459772,0.088559,61.021674,8.605351,3.211027,15.996859
16.463476,18.870783,41.838991,2900.655724,0.092754,61.106995,8.558624,3.192220,16.001074
16.478656,18.901576,41.852413,2895.842582,0.090483,61.182252,8.529005,3.176335,15.993978
16.495063,18.926049,41.851758,2891.063206,0.106639,61.268024,8.483549,3.162675,16.002436
16.515882,18.968426,41.855329,2886.307136,0.102645,61.346194,8.452267,3.150237,15.993719
16.532227,19.014252,41.867292,2881.575591,0.110451,61.436587,8.421443,3.129784,15.994185
16.551316,19.047111,41.874771,2876.847530,0.106099,61.516563,8.379888,3.130426,15.996321
16.565601,19.060338,41.883883,2872.138888,0.106734,61.604352,8.331954,3.108161,16.001056
16.592081,19.110633,41.904270,2867.467957,0.099887,61.685001,8.305238,3.088792,16.000576
16.606114,19.149067,41.888527,2862.809741,0.098736,61.762691,8.275844,3.076721,16.009366
16.632469,19.180863,41.911220,2858.161947,0.095870,61.843437,8.233590,3.069284,15.994980
16.646916,19.216771,41.912165,2853.565225,0.096089,61.935627,8.197377,3.052782,15.996950
16.663164,19.249479,41.931339,2848.962077,0.086146,62.004731,8.167801,3.045400,16.002619
16.676953,19.296138,41.931633,2844.387147,0.083277,62.089927,8.126193,3.026866,15.994902
16.694460,19.318881,41.936048,2839.832733,0.065033,62.171805,8.106771,3.012155,15.998036
16.707626,19.357058,41.953670,2835.290363,0.064058,62.254424,8.065916,3.006347,15.999497
16.722857,19.394440,41.937267,2830.793263,0.055786,62.335582,8.054234,3.000079,16.003431
16.752187,19.426100,41.948708,2826.280560,0.045589,62.408411,8.004470,2.983228,16.005912
16.767193,19.467456,41.955370,2821.816557,0.033451,62.498941,7.987561,2.978032,15.998420
16.789899,19.504551,41.955103,2817.356902,0.011668,62.581078,7.948172,2.970941,16.008169
16.807283,19.532967,41.954816,2812.910146,-0.004495,62.662506,7.928434,2.952484,15.998177
16.822480,19.570648,41.952426,2808.491638,-0.020039,62.745041,7.901292,2.939845,16.003807
16.840274,19.601797,41.949129,2804.090996,-0.023233,62.751590,7.883273,2.928735,0.002205
16.845160,19.640077,41.948503,2799.691692,-0.029592,62.761567,7.853566,2.925705,0.001553
16.875269,19.671067,41.939469,2795.315028,-0.040396,62.779808,7.844913,2.917515,0.003020
16.898597,19.719451,41.943935,2790.949974,-0.038815,62.795938,7.822420,2.913666,0.010879
16.910727,19.736950,41.938003,2786.596963,-0.054913,62.808398,7.801580,2.897256,-0.007862
16.920150,19.776148,41.938471,2782.258980,-0.076374,62.815374,7.779929,2.895163,-0.001963
16.939471,19.809152,41.925302,2777.951004,-0.086773,62.843668,7.756858,2.892957,-0.000577
16.950117,19.841620,41.919542,2773.635623,-0.092394,62.846322,7.737804,2.887761,-0.000810
16.977889,19.879064,41.913726,2769.344238,-0.110921,62.851408,7.729218,2.873190,-0.003958
16.990528,19.917307,41.909380,2765.052783,-0.124969,62.881428,7.709079,2.883095,-0.002421
17.005260,19.948220,41.900790,2760.790728,-0.136671,62.887757,7.702702,2.861331,0.005162
17.032859,19.980290,41.891128,2756.530020,-0.144468,62.911133,7.677176,2.865352,0.004762
17.033468,20.018692,41.872812,2752.274737,-0.165319,62.919172,7.680741,2.856139,0.008185
17.057433,20.047763,41.868728,2748.023387,-0.185580,62.926435,7.661806,2.855859,0.001046
17.070962,20.084092,41.843474,2743.797916,-0.190407,62.945529,7.661262,2.854159,0.008510
17.086861,20.113438,41.841816,2739.575240,-0.217700,62.952531,7.641396,2.846345,-0.006187
17.110584,20.163363,41.818077,2735.361664,-0.220760,62.964460,7.639824,2.831595,-0.006762
17.124785,20.189255,41.802910,2731.150879,-0.245245,62.991435,7.635789,2.845066,-0.005338
17.150471,20.228224,41.778474,2726.961840,-0.260860,62.994702,7.620080,2.844766,0.014345
17.165441,20.259758,41.775853,2722.756289,-0.280136,63.009728,7.629420,2.845783,-0.004899
17.180078,20.290445,41.745481,2718.576439,-0.301205,63.023999,7.622910,2.840995,-0.000377
17.195027,20.316451,41.722474,2714.388766,-0.326232,63.039727,7.625672,2.843528,-0.002049
17.207674,20.360441,41.700524,2710.211917,-0.333989,63.052829,7.625812,2.839413,0.001898
17.219641,20.398337,41.675008,2706.038275,-0.354876,63.071456,7.630364,2.847082,0.005143
17.231090,20.420159,41.642517,2701.872376,-0.381662,63.088275,7.638090,2.845032,0.002470
17.249675,20.454197,41.625769,2697.685221,-0.393473,63.095627,7.639836,2.847280,0.009563
17.274676,20.498533,41.594590,2693.516150,-0.409733,63.117555,7.646864,2.848070,0.006418
17.285933,20.530371,41.571883,2689.358842,-0.425530,63.130363,7.648664,2.850262,-0.006225
17.312191,20.567560,41.524690,2685.181136,-0.452920,63.141043,7.665098,2.855541,-0.010974
17.312086,20.593207,41.511398,2681.011075,-0.476464,63.156730,7.679403,2.858984,-0.004962
17.334719,20.636037,41.469428,2676.846204,-0.481297,63.168767,7.680464,2.871929,0.001484
17.359075,20.666777,41.431511,2672.662371,-0.500990,63.171920,7.705173,2.866942,-0.000800
17.380708,20.704014,41.392480,2668.477672,-0.518916,63.182378,7.713529,2.874681,-0.003611
17.382397,20.729227,41.359392,2664.311670,-0.537148,63.197395,7.726783,2.889770,-0.005185
17.398850,20.767990,41.329413,2660.114312,-0.544416,63.220976,7.742978,2.887631,-0.008938
17.417638,20.799060,41.292460,2655.918174,-0.568370,63.230730,7.758872,2.896491,0.000589
17.431673,20.827812,41.248035,2651.724194,-0.595888,63.245767,7.782878,2.893525,0.003493
17.454603,20.859481,41.202005,2647.517444,-0.598063,63.258321,7.805000,2.911260,-0.002933
17.472993,20.901771,41.165703,2643.307884,-0.617775,63.277881,7.833758,2.916777,0.000784
17.487590,20.926861,41.126196,2639.083194,-0.621345,63.291310,7.854215,2.930038,0.005450
17.501197,20.968023,41.065055,2634.860505,-0.641949,63.302245,7.874288,2.940695,-0.008081
17.507368,21.004485,41.021074,2630.598355,-0.644622,63.313815,7.897113,2.940254,0.003885
17.529103,21.033017,40.985443,2626.365109,-0.670683,63.343471,7.919501,2.948402,0.005682
17.539244,21.063891,40.934482,2622.090917,-0.675992,63.342320,7.956049,2.973170,0.001154
17.557623,21.085840,40.891131,2617.825963,-0.697135,63.353374,7.977953,2.976389,-0.001459
17.574064,21.124687,40.846335,2613.525610,-0.707925,63.374856,8.004880,2.979422,-0.000509
17.590651,21.158285,40.797424,2609.237211,-0.715722,63.388236,8.027245,2.987246,0.005809
17.609452,21.197557,40.756508,2604.921949,-0.722205,63.398541,8.062617,3.000636,0.003549
17.626850,21.230412,40.693510,2600.583833,-0.740028,63.405114,8.096472,3.015933,-0.000030
17.642893,21.255779,40.647457,2596.249178,-0.733970,63.418556,8.116770,3.031245,0.002910
17.654026,21.294092,40.588786,2591.876699,-0.741080,63.443829,8.142505,3.037879,-0.003215
17.665699,21.320326,40.542126,2587.515975,-0.742951,63.450512,8.181400,3.037204,0.006010
17.690033,21.358281,40.499704,2583.131775,-0.752105,63.463530,8.210713,3.056538,-0.001462
17.697888,21.391051,40.440400,2578.721551,-0.752744,63.478123,8.247548,3.074734,-0.006739
17.711485,21.429240,40.394823,2574.299718,-0.773609,63.496829,8.267242,3.082314,0.009027
17.736446,21.452272,40.346258,2569.853975,-0.756100,63.501482,8.307722,3.088110,-0.006574
17.748712,21.485470,40.293467,2565.413584,-0.764914,63.527908,8.328182,3.098817,-0.006117
17.771422,21.519974,40.241546,2560.937848,-0.758008,63.535720,8.365466,3.123050,0.001865
17.788479,21.554717,40.188062,2556.449940,-0.760578,63.555008,8.398189,3.125749,-0.000714
17.794567,21.585059,40.135818,2551.935551,-0.762664,63.563835,8.424342,3.143650,0.006806
17.808507,21.613974,40.083883,2547.411296,-0.763268,63.570500,8.453991,3.152616,0.004416
17.813297,21.650316,40.028734,2542.871546,-0.747524,63.591723,8.486362,3.151071,0.004045
17.839221,21.678334,39.987880,2538.301431,-0.750073,63.609361,8.524228,3.182428,0.001855
17.854736,21.709428,39.948907,2533.733557,-0.739123,63.619623,8.543205,3.195187,0.003748
17.873337,21.747456,39.885619,2529.139645,-0.739974,63.632838,8.571458,3.190270,-0.000267
17.878465,21.783734,39.842055,2524.531505,-0.735311,63.645962,8.598716,3.199980,0.004687
17.903635,21.805256,39.784502,2519.906215,-0.717529,63.652229,8.624256,3.215939,-0.004332
17.909796,21.840906,39.751972,2515.254008,-0.712694,63.665733,8.646850,3.228993,0.005115
17.933693,21.870861,39.689167,2510.603676,-0.707979,63.690557,8.677314,3.230104,-0.005545
17.940327,21.900961,39.654320,2505.929125,-0.699535,63.707097,8.704198,3.242859,0.005524
17.962503,21.930081,39.606307,2501.226040,-0.685707,63.700940,8.712490,3.249419,0.005054
17.976477,21.957924,39.558476,2496.531907,-0.682452,63.719399,8.740293,3.264349,-0.001370
17.992294,22.002279,39.507266,2491.801683,-0.666996,63.743607,8.769588,3.272050,0.010419
18.008907,22.020536,39.472358,2487.068624,-0.652516,63.757287,8.779249,3.269704,0.004861
18.019012,22.047750,39.429534,2482.314589,-0.637041,63.764948,8.807294,3.281166,-0.000920
18.038465,22.087015,39.391260,2477.552873,-0.621377,63.790103,8.823298,3.283159,0.001516
18.049590,22.120350,39.339432,2472.777700,-0.603150,63.794898,8.833566,3.286761,0.004213
18.057567,22.157199,39.303933,2467.981893,-0.599958,63.799181,8.841748,3.304169,0.016848
18.073103,22.177929,39.280197,2463.191173,-0.587001,63.822154,8.858845,3.297798,0.005374
18.077300,22.212050,39.234807,2458.384156,-0.568710,63.842962,8.876235,3.297965,-0.007357
18.103195,22.243629,39.199256,2453.560647,-0.552247,63.850274,8.873633,3.299022,-0.006541
18.123824,22.281699,39.183305,2448.742489,-0.532560,63.878403,8.901018,3.313261,-0.007768
18.142873,22.314268,39.133314,2443.899984,-0.517263,63.886836,8.911112,3.321604,0.004356
18.146702,22.339453,39.102919,2439.048776,-0.510189,63.887445,8.911948,3.310291,0.003451
18.158900,22.374489,39.063328,2434.207415,-0.485723,63.908084,8.913126,3.316346,-0.002706
18.176755,22.391461,39.035307,2429.348182,-0.478315,63.912558,8.904956,3.329029,0.006410
18.194017,22.431011,38.996908,2424.478165,-0.463931,63.934191,8.914461,3.316572,-0.001065
18.198391,22.462600,38.984205,2419.622701,-0.446120,63.949814,8.908780,3.315902,0.001155
18.225741,22.492536,38.947329,2414.748705,-0.434877,63.958492,8.920275,3.322971,-0.001394
18.234712,22.522197,38.920074,2409.880799,-0.415153,63.982976,8.918532,3.322037,0.009794
18.249005,22.549252,38.896702,2405.002320,-0.405449,63.985555,8.907329,3.313725,0.000184
18.273275,22.584142,38.869294,2400.128700,-0.396975,64.005863,8.901809,3.316861,-0.003434
18.280567,22.615322,38.853761,2395.256314,-0.366927,64.008711,8.894771,3.323226,-0.008437
18.283711,22.649378,38.830495,2390.377228,-0.348258,64.024170,8.892870,3.306753,-0.006393
18.305657,22.674979,38.799527,2385.497992,-0.346981,64.040717,8.877472,3.314030,0.007023
18.320533,22.713573,38.783401,2380.625967,-0.326087,64.055025,8.872505,3.301171,0.005824
18.330060,22.745409,38.762454,2375.755153,-0.315698,64.067813,8.863027,3.316191,0.005678
18.337202,22.767513,38.735874,2370.874889,-0.307807,64.085051,8.850375,3.301552,-0.002283
18.361006,22.789016,38.716234,2366.028891,-0.292521,64.103134,8.829376,3.283660,0.001317
18.367125,22.828822,38.705518,2361.162079,-0.283488,64.121877,8.822808,3.291239,-0.000970
18.381740,22.856302,38.684250,2356.304051,-0.273382,64.119509,8.809793,3.278535,-0.002162
18.390296,22.887689,38.678385,2351.461707,-0.264840,64.139864,8.799107,3.277103,-0.003640
18.415061,22.917216,38.660149,2346.611339,-0.256457,64.143211,8.782875,3.275264,0.009691
18.422668,22.953485,38.642836,2341.784669,-0.247973,64.165071,8.755173,3.264476,0.002370
18.445250,22.977119,38.623345,2336.959386,-0.240076,64.175344,8.736781,3.251709,-0.002492
18.460897,23.007464,38.609128,2332.139648,-0.224350,64.187621,8.723220,3.256670,-0.001343
18.467318,23.033207,38.595081,2327.334997,-0.230795,64.205028,8.708573,3.239116,-0.000564
18.493688,23.061797,38.570869,2322.526881,-0.223942,64.219067,8.692275,3.235103,0.006053
18.499516,23.098654,38.562594,2317.739424,-0.213950,64.231473,8.675334,3.235955,0.010092
18.509165,23.128512,38.558509,2312.947613,-0.216761,64.245817,8.642158,3.227112,-0.001222
18.532583,23.160044,38.536794,2308.187818,-0.208983,64.258276,8.622447,3.210885,0.000446
18.536622,23.183743,38.523697,2303.425972,-0.219383,64.271754,8.599266,3.205896,0.001046
18.553035,23.203055,38.509785,2298.683579,-0.222435,64.276814,8.595314,3.199515,0.001431
18.568480,23.236034,38.505861,2293.941957,-0.218837,64.292317,8.562049,3.188435,0.006188
18.581865,23.270622,38.489068,2289.214980,-0.224131,64.310740,8.554312,3.184582,0.009806
18.590787,23.301922,38.466832,2284.492019,-0.226887,64.318607,8.534859,3.177459,0.003162
18.603755,23.322537,38.460544,2279.786078,-0.227442,64.329303,8.517687,3.167717,0.005656
18.619842,23.362223,38.445724,2275.092328,-0.237015,64.348967,8.493519,3.177404,-0.002719
18.628532,23.382778,38.442166,2270.409367,-0.228697,64.354875,8.478300,3.164097,-0.010470
18.649012,23.413427,38.420509,2265.737103,-0.244741,64.378144,8.457314,3.154065,0.004727
18.661949,23.441212,38.405899,2261.080221,-0.238574,64.385326,8.435025,3.145865,0.011825
18.667646,23.469413,38.393264,2256.441835,-0.243721,64.402583,8.414504,3.146071,0.003010
18.690231,23.496937,38.368716,2251.803913,-0.254191,64.414337,8.401813,3.125730,0.005988
18.691804,23.530272,38.363591,2247.189793,-0.269981,64.426767,8.393013,3.117477,0.002611
18.716887,23.556966,38.331109,2242.569047,-0.282256,64.439760,8.382657,3.124651,-0.006334
18.730898,23.596848,38.324329,2237.966320,-0.286118,64.459871,8.356947,3.116725,0.005692
18.731115,23.610790,38.313851,2233.373196,-0.292888,64.464703,8.345144,3.109062,0.006086
18.746501,23.642923,38.289210,2228.781739,-0.319690,64.482032,8.341845,3.099872,0.004392
18.761478,23.676082,38.270588,2224.232861,-0.320527,64.493547,8.312030,3.105981,-0.001124
18.774626,23.705398,38.250320,2219.671525,-0.344457,64.504260,8.307213,3.100893,-0.006368
18.795782,23.725166,38.237910,2215.120951,-0.354328,64.512244,8.290078,3.089927,-0.004423
18.799401,23.763847,38.208988,2210.578833,-0.370611,64.544517,8.292636,3.083221,-0.000724
18.811283,23.785586,38.192499,2206.032199,-0.391863,64.552582,8.276971,3.077368,0.004571
18.821997,23.808814,38.162252,2201.507956,-0.402542,64.561140,8.267820,3.081211,-0.005739
18.844668,23.838139,38.147863,2197.001463,-0.414265,64.577063,8.257395,3.077216,0.001859
18.851423,23.870489,38.115518,2192.485199,-0.428901,64.580920,8.258403,3.074743,-0.001411
18.870954,23.906902,38.093043,2187.988709,-0.452090,64.601116,8.254299,3.082681,-0.001944
18.882884,23.928579,38.064842,2183.484940,-0.465069,64.610140,8.254038,3.067121,0.010043
18.883051,23.962576,38.039787,2179.006735,-0.489711,64.629115,8.244487,3.069783,0.000958
18.903750,23.985571,38.016920,2174.524968,-0.504282,64.636538,8.246958,3.072030,-0.008086
18.908082,24.018170,37.979951,2170.038776,-0.521756,64.652565,8.246060,3.077429,0.000734
18.929592,24.033216,37.961517,2165.566971,-0.537992,64.666988,8.250902,3.077170,-0.001648
18.947142,24.058045,37.925646,2161.100821,-0.553148,64.677639,8.244942,3.066450,0.006672
18.951337,24.095024,37.892334,2156.635524,-0.581226,64.697538,8.258297,3.076801,0.003636
18.956110,24.122467,37.864221,2152.165519,-0.583109,64.708197,8.256574,3.073920,0.000415
18.983699,24.152408,37.821901,2147.701203,-0.609190,64.727269,8.256053,3.067142,-0.005842
18.989120,24.188805,37.787927,2143.243462,-0.639212,64.741361,8.273035,3.080773,-0.006848
18.998920,24.207279,37.767587,2138.788189,-0.645019,64.734477,8.262340,3.078754,-0.009920
19.019605,24.238589,37.719101,2134.326123,-0.670435,64.755304,8.286081,3.086382,0.001941
19.025925,24.254992,37.683451,2129.880710,-0.688822,64.772088,8.294781,3.087131,-0.001257
19.036823,24.294825,37.641148,2125.404977,-0.699663,64.786268,8.304487,3.094062,0.004298
19.051648,24.307460,37.605659,2120.946187,-0.716770,64.798624,8.310905,3.097640,0.006209
19.058013,24.335036,37.568603,2116.472414,-0.738659,64.811669,8.314545,3.099786,0.000026
19.068446,24.375108,37.523764,2112.018322,-0.755554,64.828269,8.340035,3.105663,0.001372
19.085625,24.399163,37.484457,2107.542529,-0.770484,64.834654,8.345403,3.105291,0.004902
19.100786,24.426239,37.446077,2103.064544,-0.782591,64.845291,8.368641,3.121031,-0.004560
19.113442,24.447506,37.391971,2098.595199,-0.806378,64.863022,8.378167,3.123538,0.006656
19.115719,24.489267,37.333599,2094.112914,-0.822490,64.877073,8.398692,3.122305,0.001903
19.138010,24.500232,37.309545,2089.623244,-0.831159,64.884534,8.419714,3.128150,0.004010
19.144265,24.527227,37.254837,2085.133129,-0.844107,64.897441,8.427939,3.144534,0.004749
19.153824,24.556952,37.208886,2080.626723,-0.865960,64.907950,8.448418,3.156815,0.003368
19.169737,24.576974,37.168974,2076.128004,-0.854917,64.930366,8.470286,3.156267,-0.002216
19.169477,24.617957,37.117134,2071.620715,-0.884831,64.944401,8.478789,3.162496,-0.009920
19.193175,24.644106,37.065352,2067.084385,-0.897344,64.950198,8.507566,3.171613,0.016227
19.205668,24.665343,37.022815,2062.560788,-0.901129,64.964981,8.526046,3.176089,-0.003776
19.217309,24.690599,36.971103,2058.002598,-0.913970,64.978907,8.546804,3.187823,0.004272
19.227170,24.723612,36.927993,2053.462419,-0.923216,64.996143,8.565583,3.192343,-0.004978
19.235769,24.741804,36.867690,2048.901254,-0.929652,64.997159,8.582483,3.198891,-0.000634
19.246387,24.780133,36.824142,2044.323441,-0.937467,65.020995,8.617946,3.210154,0.009030
19.270544,24.793722,36.774044,2039.739280,-0.946268,65.027330,8.644721,3.214509,0.000565
19.274180,24.821850,36.718839,2035.149486,-0.947838,65.045301,8.663697,3.223165,-0.005789
19.272837,24.844934,36.676155,2030.552126,-0.963367,65.054847,8.686219,3.229213,0.003552
19.300116,24.876784,36.620738,2025.936078,-0.963579,65.063772,8.705613,3.242240,0.004608
19.309292,24.898635,36.569233,2021.310905,-0.964667,65.086745,8.742951,3.255083,0.002077
19.313584,24.930873,36.512249,2016.673208,-0.978124,65.097857,8.758127,3.260036,0.001322
19.337377,24.954656,36.473450,2012.017285,-0.972609,65.108497,8.775992,3.264607,0.004107
19.345373,24.985353,36.407463,2007.352268,-0.983961,65.131215,8.799286,3.273479,-0.011453
19.348324,25.011151,36.365735,2002.676028,-0.975901,65.128278,8.829410,3.282534,-0.003095
19.362521,25.032481,36.311640,1997.998871,-0.975898,65.139165,8.842184,3.287412,-0.006129
19.375699,25.050110,36.248403,1993.302568,-0.972265,65.159035,8.861179,3.301704,-0.005160
19.385603,25.076632,36.210307,1988.583771,-0.974279,65.169832,8.883363,3.318199,-0.003057
19.403730,25.113448,36.156248,1983.855489,-0.971407,65.178552,8.900175,3.314610,-0.002311
19.410094,25.139231,36.114239,1979.115978,-0.961134,65.191596,8.926945,3.327248,0.002569
19.422629,25.162365,36.053554,1974.367815,-0.960565,65.208665,8.947268,3.333267,0.002668
19.427798,25.187034,36.004111,1969.600815,-0.955352,65.226248,8.975002,3.340309,-0.003990
19.446547,25.208734,35.965318,1964.843803,-0.948149,65.226801,8.985942,3.353488,-0.003779
19.462429,25.228051,35.903226,1960.052626,-0.951235,65.244280,9.005480,3.357911,-0.003549
19.471875,25.256653,35.859053,1955.250099,-0.944400,65.261551,9.028655,3.364281,0.001098
19.477606,25.290973,35.818004,1950.435207,-0.934114,65.275695,9.035542,3.367414,-0.010403
19.483225,25.306308,35.772158,1945.628271,-0.934902,65.284906,9.052927,3.367123,-0.003286
19.497204,25.341807,35.711206,1940.799374,-0.909317,65.312151,9.078757,3.381786,0.000078
19.508997,25.368919,35.676944,1935.963217,-0.912601,65.307403,9.077713,3.385977,-0.000899
19.520744,25.381793,35.623796,1931.115762,-0.899207,65.319404,9.100762,3.387914,-0.003944
19.522274,25.409682,35.586543,1926.256028,-0.896341,65.331505,9.103777,3.397652,-0.002445
19.536897,25.439703,35.537936,1921.388523,-0.889147,65.350560,9.111968,3.403731,-0.003186
19.562071,25.459234,35.498137,1916.511404,-0.871556,65.347716,9.128860,3.396379,-0.006102
19.560060,25.494705,35.447871,1911.634937,-0.862547,65.377533,9.136139,3.404613,0.001095
19.571659,25.513307,35.405538,1906.746254,-0.843053,65.384048,9.141961,3.407810,-0.000361
19.589120,25.534278,35.364153,1901.842744,-0.841315,65.396413,9.154640,3.406967,0.001907
19.584806,25.554075,35.322319,1896.930121,-0.816849,65.411748,9.156820,3.422589,0.005988
19.599030,25.588556,35.282657,1892.018019,-0.810636,65.423568,9.164459,3.413625,0.002445
19.621113,25.604381,35.244503,1887.092595,-0.799821,65.439927,9.166643,3.413130,0.001375
19.628046,25.627496,35.214462,1882.179482,-0.793122,65.452223,9.174003,3.417789,-0.000949
19.637447,25.664187,35.164969,1877.250905,-0.784137,65.465119,9.173051,3.408957,0.011383
19.639347,25.678887,35.121179,1872.324986,-0.776811,65.485566,9.174580,3.418305,0.007002
19.659626,25.691199,35.079793,1867.391352,-0.751872,65.482804,9.171841,3.411871,0.004138
19.665139,25.730199,35.054142,1862.446387,-0.754363,65.502657,9.174358,3.422573,-0.001236
19.673321,25.752763,35.012370,1857.516524,-0.742934,65.500321,9.182378,3.426952,0.002397
19.683625,25.780992,34.981362,1852.577295,-0.730491,65.527661,9.160593,3.413540,-0.002783
19.695936,25.808101,34.942927,1847.638853,-0.716437,65.535374,9.166224,3.418265,0.001857
19.707417,25.826387,34.906000,1842.695966,-0.713954,65.551605,9.158806,3.406323,0.001875
19.722365,25.843297,34.880007,1837.755637,-0.696683,65.560974,9.169803,3.412579,-0.004128
19.734262,25.873358,34.842578,1832.826121,-0.683666,65.570047,9.146215,3.405528,-0.003430
19.741534,25.901786,34.804939,1827.872512,-0.678579,65.582882,9.141909,3.399592,-0.001307
19.745767,25.921976,34.774201,1822.946799,-0.674556,65.599996,9.139814,3.401039,0.001587
19.764815,25.953077,34.736220,1818.019605,-0.659279,65.609355,9.130467,3.403379,0.002222
19.772324,25.969398,34.715385,1813.085623,-0.660881,65.624308,9.122398,3.387884,-0.005494
19.785489,25.997433,34.681238,1808.159956,-0.656746,65.638244,9.109681,3.385544,-0.002541
19.790134,26.016017,34.641267,1803.241826,-0.638339,65.642312,9.102408,3.382790,0.004736
19.807329,26.047996,34.622897,1798.322287,-0.636148,65.654685,9.072969,3.395957,-0.004435
19.804889,26.073641,34.587989,1793.409682,-0.632813,65.679031,9.069905,3.383744,-0.008590
19.827202,26.093660,34.558896,1788.501263,-0.627833,65.688366,9.068690,3.379548,0.007676
19.834179,26.113443,34.529375,1783.599366,-0.626983,65.694408,9.046838,3.373476,0.007337
19.838402,26.129443,34.513719,1778.695197,-0.633187,65.705356,9.044087,3.373219,-0.005102
19.843385,26.155797,34.472475,1773.819200,-0.627858,65.719758,9.024787,3.351855,-0.001661
19.851584,26.175106,34.438666,1768.933640,-0.625912,65.733565,9.016082,3.351443,-0.004088
19.864466,26.202654,34.413206,1764.053060,-0.626865,65.742879,9.003919,3.354393,-0.006205
19.879942,26.223788,34.393677,1759.193989,-0.621135,65.754035,8.988858,3.355809,-0.004258
19.890058,26.243655,34.360454,1754.344645,-0.627542,65.764704,8.971768,3.338375,0.001276
19.895999,26.269097,34.326199,1749.494171,-0.632527,65.780492,8.964399,3.342905,-0.003201
19.911946,26.290460,34.296166,1744.643560,-0.636399,65.796990,8.953023,3.340691,0.003002
19.918197,26.315876,34.279908,1739.807382,-0.630115,65.812632,8.934474,3.331443,-0.005633
19.933097,26.335666,34.243853,1734.975628,-0.638739,65.808732,8.920804,3.324436,0.001478
19.933720,26.365979,34.216210,1730.159409,-0.645243,65.826274,8.912714,3.317473,0.007264
19.944019,26.384184,34.178008,1725.360218,-0.653762,65.844033,8.889241,3.318863,0.003655
19.949135,26.411551,34.169265,1720.567217,-0.650717,65.852769,8.872078,3.310200,0.000881
19.971336,26.432441,34.131264,1715.767301,-0.674254,65.863075,8.871127,3.313462,-0.000384
19.965113,26.450186,34.084299,1710.987978,-0.673462,65.877085,8.856856,3.295198,0.001207
19.981067,26.468744,34.063181,1706.207418,-0.686468,65.888611,8.840888,3.286608,-0.001086
19.995358,26.491571,34.035693,1701.449064,-0.695722,65.900289,8.828840,3.286321,-0.002445
20.007450,26.514873,34.006950,1696.687577,-0.709522,65.916842,8.835330,3.277983,-0.007236
20.013279,26.543351,33.973589,1691.942337,-0.726591,65.921683,8.819743,3.281142,0.005585
20.027962,26.563705,33.947451,1687.196243,-0.730505,65.935399,8.807737,3.279161,0.003268
20.030238,26.572299,33.909827,1682.473525,-0.738130,65.943639,8.792962,3.270988,-0.007512
20.040117,26.600474,33.872280,1677.759188,-0.763846,65.955065,8.794807,3.270985,-0.001368
20.051594,26.630055,33.844498,1673.040630,-0.771421,65.978069,8.782330,3.267769,-0.001539
20.059802,26.644890,33.800659,1668.329729,-0.787189,65.984217,8.761687,3.275387,-0.005059
20.070613,26.673405,33.766715,1663.644903,-0.814247,65.986354,8.762920,3.258450,0.005118
20.068701,26.684747,33.738890,1658.954280,-0.823803,66.011570,8.756571,3.254850,0.000389
20.085500,26.705426,33.697113,1654.271323,-0.836925,66.023757,8.744133,3.249115,-0.006952
20.096498,26.737212,33.653779,1649.597061,-0.857219,66.034716,8.748765,3.258918,0.003848
20.106985,26.762891,33.628736,1644.906111,-0.875354,66.044008,8.748992,3.247107,0.000108
20.109544,26.778128,33.586768,1640.258658,-0.890032,66.053864,8.743343,3.255236,0.004777
20.110727,26.792314,33.547636,1635.602793,-0.914096,66.070018,8.747797,3.265771,0.000693
20.128804,26.827987,33.509955,1630.956492,-0.929397,66.079086,8.741372,3.259836,-0.008990
20.137652,26.834567,33.472040,1626.312094,-0.948312,66.099664,8.745031,3.254991,-0.003386
20.141549,26.857965,33.430507,1621.664402,-0.972120,66.092832,8.738681,3.256882,-0.005016
20.149685,26.882754,33.395752,1617.032687,-0.988362,66.117327,8.750912,3.249200,0.002722
20.168262,26.900428,33.342731,1612.405518,-1.001120,66.127858,8.738718,3.255057,-0.007908
20.175078,26.923731,33.310241,1607.774372,-1.022790,66.132904,8.734361,3.251281,0.006454
20.178158,26.951979,33.250961,1603.148058,-1.041678,66.141679,8.754375,3.259165,0.004647
20.190206,26.960673,33.216359,1598.523618,-1.069190,66.149321,8.748113,3.250100,-0.000749
20.191329,26.988526,33.168846,1593.901533,-1.091522,66.174441,8.758775,3.260255,0.005459
20.198228,27.012639,33.128226,1589.290678,-1.110929,66.180948,8.760811,3.263397,0.000537
20.216637,27.033912,33.078140,1584.671150,-1.124914,66.189249,8.775409,3.267744,0.003315
20.232962,27.054936,33.034079,1580.071904,-1.133225,66.215165,8.779059,3.268021,-0.003981
20.228964,27.079350,32.986446,1575.453083,-1.163125,66.218893,8.783599,3.276748,0.005308
20.224453,27.097249,32.935643,1570.839026,-1.182352,66.230390,8.785639,3.276685,0.003335
20.242202,27.109484,32.893254,1566.228955,-1.204272,66.242247,8.799247,3.278189,-0.005140
20.264694,27.132220,32.829768,1561.616506,-1.224661,66.258734,8.809595,3.273793,0.004447
20.263366,27.151457,32.787868,1557.011608,-1.226562,66.262109,8.823164,3.277437,-0.005305
20.270877,27.161039,32.745061,1552.388562,-1.256523,66.274224,8.831051,3.293527,-0.001302
20.281190,27.199144,32.689406,1547.777535,-1.267065,66.284872,8.844122,3.299042,0.007444
20.285341,27.202835,32.628744,1543.159032,-1.280826,66.301620,8.836387,3.305039,0.001539
20.304077,27.220477,32.575477,1538.531595,-1.311298,66.314988,8.859052,3.307529,-0.000902
20.307771,27.263009,32.520980,1533.928054,-1.322621,66.321441,8.874925,3.307984,-0.009516
20.321186,27.265820,32.476110,1529.300141,-1.342673,66.334736,8.882762,3.312176,-0.001787
20.317868,27.298926,32.414565,1524.675094,-1.363424,66.351541,8.899377,3.319139,0.001261
20.326073,27.304912,32.378558,1520.029411,-1.367060,66.350489,8.911834,3.320364,-0.001915
20.343416,27.332274,32.309469,1515.395963,-1.378745,66.367135,8.921002,3.330557,-0.002447
20.353516,27.352308,32.260000,1510.744901,-1.382759,66.370502,8.943776,3.335120,0.002026
20.356882,27.380315,32.199539,1506.103980,-1.415500,66.391951,8.954697,3.342183,-0.000203
20.367187,27.384123,32.152097,1501.454514,-1.409041,66.401224,8.975418,3.335596,0.002246
20.375565,27.405257,32.097160,1496.806152,-1.420178,66.409396,8.978815,3.344431,-0.003661
20.383960,27.433888,32.040100,1492.137428,-1.442734,66.419364,9.004578,3.352580,0.000597
20.394033,27.454013,31.973328,1487.477464,-1.456052,66.433940,9.014012,3.358096,0.001756
20.392880,27.469516,31.920174,1482.795571,-1.468967,66.448337,9.030480,3.359502,-0.004234
20.402286,27.492195,31.868332,1478.118055,-1.468613,66.447607,9.055692,3.366631,0.000424
20.408441,27.508875,31.809534,1473.432555,-1.473277,66.462208,9.064634,3.366723,-0.007467
20.414483,27.533196,31.759482,1468.746546,-1.484752,66.479691,9.079734,3.378492,0.000105
20.420306,27.544958,31.695462,1464.041974,-1.488297,66.496018,9.083667,3.391053,0.004962
20.432961,27.568874,31.639954,1459.342501,-1.496563,66.496453,9.109033,3.388679,-0.000325
20.447987,27.584727,31.586101,1454.640396,-1.506676,66.508831,9.119576,3.402670,-0.003175
20.453472,27.604460,31.511504,1449.912505,-1.498554,66.524781,9.128959,3.398180,0.001603
20.462691,27.611869,31.458652,1445.179166,-1.512068,66.533006,9.151097,3.410806,-0.004038
20.469512,27.638326,31.412703,1440.460082,-1.504381,66.549847,9.170449,3.419567,0.003311
20.480980,27.661274,31.344288,1435.713597,-1.520994,66.566674,9.173150,3.413884,-0.005356
20.480927,27.682921,31.294627,1430.973139,-1.523064,66.573161,9.189337,3.433285,-0.004450
20.494822,27.696035,31.235382,1426.219088,-1.520161,66.580970,9.198143,3.429680,0.001149
20.497041,27.726465,31.177733,1421.467376,-1.522144,66.592947,9.217955,3.427737,-0.000156
20.508665,27.745477,31.119192,1416.695805,-1.528175,66.609853,9.235913,3.434573,0.003544
20.508416,27.761762,31.071796,1411.932075,-1.526466,66.608433,9.238060,3.439946,-0.010229
20.506911,27.769674,31.016688,1407.154432,-1.514256,66.622154,9.249591,3.443559,0.007437
20.526102,27.796179,30.947996,1402.374385,-1.518266,66.634591,9.255953,3.450901,0.000656
20.536561,27.806145,30.897239,1397.579091,-1.524217,66.643085,9.269899,3.450829,0.003805
20.543531,27.829462,30.843785,1392.786297,-1.514878,66.653154,9.275577,3.452054,-0.001129
20.545129,27.840237,30.780458,1387.987383,-1.518867,66.679040,9.271945,3.464866,-0.003975
20.554704,27.873409,30.729670,1383.195712,-1.517294,66.677816,9.290430,3.461821,0.006046
20.565512,27.886108,30.677698,1378.379659,-1.503043,66.689745,9.296960,3.474771,-0.003710
20.574330,27.910766,30.620436,1373.569902,-1.513364,66.700310,9.300835,3.462557,-0.009601
20.590314,27.920745,30.568781,1368.755364,-1.503694,66.711560,9.304696,3.472528,-0.009577
20.588588,27.938558,30.508756,1363.928068,-1.504947,66.715874,9.318550,3.458362,0.007468
20.589993,27.946218,30.462817,1359.115183,-1.505067,66.745564,9.324573,3.469535,0.005549
20.601012,27.976433,30.406279,1354.288923,-1.504424,66.738226,9.316534,3.477201,0.010146
20.607065,27.988231,30.349077,1349.463390,-1.498430,66.759036,9.333767,3.467855,0.001436
20.613871,28.011784,30.306910,1344.639261,-1.483547,66.767299,9.319864,3.475753,0.003987
20.625090,28.025176,30.247982,1339.796477,-1.487901,66.774724,9.332320,3.472965,0.000860
20.637647,28.047182,30.190790,1334.961114,-1.486144,66.798016,9.328318,3.471628,-0.000999
20.635724,28.056994,30.145374,1330.128817,-1.485558,66.789200,9.333482,3.474577,0.001369
20.639342,28.090634,30.104055,1325.286858,-1.481769,66.798094,9.329601,3.474610,0.003586
20.652556,28.097237,30.052397,1320.447494,-1.477203,66.822510,9.327673,3.469022,0.001570
20.661234,28.125578,29.996229,1315.621767,-1.475337,66.825548,9.324461,3.468441,0.009767
20.663010,28.131403,29.937052,1310.772618,-1.467769,66.834569,9.326258,3.470229,0.001576
20.677091,28.156009,29.883133,1305.944464,-1.468025,66.855403,9.317035,3.466121,0.000004
20.684194,28.161444,29.833735,1301.121651,-1.464811,66.856673,9.324129,3.479465,-0.001249
20.680083,28.185539,29.794518,1296.282320,-1.469713,66.874698,9.316186,3.464619,0.003703
20.699481,28.204995,29.739495,1291.445210,-1.463261,66.884102,9.299389,3.475818,-0.007631
20.700784,28.221167,29.685106,1286.633655,-1.458112,66.889811,9.299328,3.463445,-0.004222
20.702749,28.241864,29.646734,1281.812074,-1.459675,66.911889,9.288588,3.463003,0.001938
20.713660,28.247942,29.592646,1276.986462,-1.469264,66.915196,9.296522,3.463175,0.008902
20.717660,28.266833,29.553362,1272.167537,-1.468758,66.927364,9.270621,3.464787,-0.002004
20.730942,28.282901,29.498039,1267.358587,-1.474740,66.932266,9.273010,3.466632,-0.005786
20.730350,28.306865,29.446403,1262.554501,-1.476074,66.947080,9.270482,3.456165,-0.000262
20.741601,28.326473,29.395225,1257.733567,-1.477622,66.957034,9.264196,3.455308,0.003224
20.748643,28.332209,29.346224,1252.952039,-1.479165,66.966393,9.263090,3.449167,0.004484
20.753928,28.358616,29.300198,1248.150123,-1.479754,66.977601,9.245691,3.446042,0.007350
20.754816,28.371204,29.266613,1243.365838,-1.494041,66.986380,9.239083,3.442960,0.000090
20.774887,28.384416,29.200152,1238.593901,-1.500129,67.006918,9.231989,3.444443,-0.003508
20.772285,28.400291,29.160107,1233.817869,-1.500626,67.008184,9.219904,3.438706,-0.001910
20.788028,28.420395,29.107596,1229.044469,-1.520329,67.009426,9.220377,3.438323,0.002024
20.783871,28.439834,29.068142,1224.276087,-1.522036,67.028941,9.212718,3.424509,-0.001455
20.788853,28.449562,29.004794,1219.533659,-1.535527,67.046076,9.194310,3.424279,-0.010817
20.794118,28.468469,28.967918,1214.785743,-1.548800,67.054944,9.194412,3.426082,0.002688
20.808726,28.483615,28.920348,1210.054144,-1.555882,67.055663,9.176411,3.422107,-0.004601
20.808695,28.507794,28.863434,1205.318992,-1.573196,67.075090,9.175449,3.412725,0.002560
20.822552,28.517006,28.816028,1200.595403,-1.577592,67.081050,9.165404,3.423855,0.011354
20.822397,28.533714,28.770326,1195.870435,-1.591442,67.084214,9.161366,3.408104,-0.001678
20.834049,28.552808,28.718579,1191.161298,-1.606946,67.101105,9.155687,3.405482,-0.011279
20.835778,28.562647,28.667090,1186.457929,-1.624502,67.117337,9.147717,3.402939,-0.002305
20.842546,28.576332,28.608998,1181.773027,-1.639737,67.132280,9.135562,3.400676,0.008841
20.844984,28.600355,28.561135,1177.091982,-1.651185,67.139482,9.126165,3.400802,-0.000921
20.857736,28.620223,28.504807,1172.419110,-1.669279,67.139877,9.111332,3.396308,-0.001910
20.858237,28.632389,28.453580,1167.731468,-1.691341,67.147125,9.116716,3.397719,-0.003324
20.869832,28.644287,28.405206,1163.094197,-1.707770,67.157714,9.109217,3.391674,0.003307
20.871978,28.651109,28.356520,1158.442793,-1.723762,67.169793,9.106350,3.393034,-0.004652
20.884062,28.677304,28.303532,1153.792783,-1.753104,67.185292,9.093385,3.387838,-0.003343
20.882787,28.683767,28.249689,1149.161779,-1.768180,67.189196,9.100848,3.384804,0.004295
20.891292,28.702916,28.187029,1144.540351,-1.802818,67.205738,9.086796,3.385417,-0.008226
20.891379,28.714068,28.137563,1139.923103,-1.822744,67.211106,9.087144,3.392781,0.001085
20.904631,28.736517,28.091093,1135.317306,-1.841604,67.220913,9.085837,3.384654,0.010344
20.906813,28.745886,28.032169,1130.707810,-1.855100,67.220954,9.075516,3.394572,-0.007522
20.915782,28.759881,27.976578,1126.116781,-1.893896,67.237836,9.060776,3.375381,-0.010788
20.916855,28.768954,27.929378,1121.539384,-1.913440,67.256467,9.064527,3.372175,0.011621
20.932511,28.799948,27.869411,1116.968612,-1.934780,67.260228,9.063408,3.377801,-0.003375
20.925127,28.809773,27.811342,1112.389046,-1.966203,67.257862,9.057563,3.372775,-0.000802
20.939872,28.820192,27.755429,1107.817011,-1.986375,67.278163,9.056463,3.375700,0.003988
20.944831,28.830412,27.693816,1103.279066,-2.021777,67.290728,9.060513,3.378689,0.004215
20.946555,28.846551,27.628887,1098.734521,-2.032681,67.295542,9.056470,3.379515,0.002635
20.954328,28.866588,27.574132,1094.179662,-2.064020,67.316326,9.058788,3.378205,0.002287
20.956063,28.879956,27.523783,1089.650989,-2.090135,67.327624,9.060048,3.366486,-0.000831
20.965429,28.896462,27.458192,1085.128100,-2.127270,67.327710,9.060732,3.372796,-0.000185
20.975812,28.906953,27.388207,1080.597564,-2.146896,67.337263,9.077795,3.376447,0.006512
20.978637,28.925554,27.326503,1076.097137,-2.170545,67.348008,9.073234,3.378546,-0.003033
20.987105,28.932784,27.273551,1071.581319,-2.204158,67.356500,9.072515,3.383988,-0.007200
20.996204,28.948225,27.213400,1067.073134,-2.224182,67.367088,9.074358,3.376183,0.003671
20.995678,28.964915,27.156012,1062.574317,-2.261317,67.381227,9.065049,3.378004,0.000831
21.008727,28.980526,27.083855,1058.078387,-2.281069,67.394483,9.085538,3.381971,-0.001738
21.011894,28.987354,27.028828,1053.599908,-2.306057,67.393764,9.084830,3.384271,-0.000237
21.008711,29.004699,26.959388,1049.113480,-2.345770,67.401956,9.090654,3.382034,0.002503
21.013760,29.021592,26.892540,1044.628229,-2.372883,67.427901,9.084291,3.387276,0.002794
21.018994,29.029953,26.837429,1040.156268,-2.394892,67.419610,9.097270,3.396792,-0.001583
21.016905,29.052573,26.762933,1035.681252,-2.422526,67.441429,9.097513,3.382401,0.005195
21.032504,29.051994,26.692856,1031.218608,-2.453483,67.437120,9.112498,3.396798,0.002972
21.041004,29.079027,26.633402,1026.753196,-2.473842,67.449386,9.117027,3.393869,-0.002634
21.035970,29.079961,26.564836,1022.299486,-2.511790,67.464293,9.117148,3.394155,0.000988
21.037328,29.099158,26.491613,1017.843734,-2.532811,67.473000,9.125737,3.399713,0.002829
21.059022,29.111791,26.425711,1013.384755,-2.559242,67.490928,9.131157,3.409367,-0.001683
21.058769,29.126627,26.361122,1008.936079,-2.580884,67.491605,9.140479,3.416628,0.009528
21.067607,29.145055,26.284524,1004.497180,-2.614749,67.504779,9.151370,3.406325,-0.002330
21.066501,29.162696,26.228009,1000.050415,-2.637599,67.514932,9.160219,3.400001,-0.004732
21.081409,29.172481,26.167202,995.597773,-2.664945,67.526234,9.167583,3.415070,0.001788
0.051576,0.056072,55.790368,4870.248487,-0.529351,45.004328,3.400808,1.261118,0.004267
0.089830,0.091262,55.716358,4868.483462,-0.566190,45.006162,3.436135,1.276438,0.003949
0.133646,0.137369,55.635317,4866.694171,-0.611015,45.002103,3.459508,1.288768,-0.002995
0.189104,0.177674,55.551351,4864.911165,-0.643524,45.004318,3.500741,1.300805,0.003089
0.228604,0.231872,55.475055,4863.110631,-0.677381,45.003125,3.547788,1.316242,0.007681
0.274780,0.276934,55.385542,4861.307101,-0.709995,45.002423,3.576439,1.323697,0.001407
0.318002,0.327971,55.303933,4859.471800,-0.744827,44.997459,3.617597,1.347501,0.002460
0.367461,0.371539,55.192253,4857.623838,-0.772683,45.009765,3.668987,1.360935,-0.007255
0.406289,0.420286,55.097909,4855.751173,-0.808725,45.001294,3.719802,1.384661,-0.005195
0.458617,0.463149,54.974612,4853.860570,-0.850891,44.999758,3.777884,1.410409,0.004353
0.499955,0.498470,54.884569,4851.958533,-0.859908,45.003016,3.835186,1.425420,0.001097
0.557475,0.550166,54.770304,4850.035898,-0.896498,45.000512,3.882113,1.449356,0.007184
0.594940,0.600149,54.651969,4848.068832,-0.931133,45.003014,3.949067,1.476080,0.010789
0.635673,0.642267,54.522404,4846.078521,-0.951093,44.997282,4.008817,1.499786,0.004274
0.686638,0.684499,54.409537,4844.075607,-0.981138,45.008359,4.068715,1.516759,0.004620
0.741172,0.727434,54.291695,4842.023113,-1.006829,45.012570,4.151752,1.543046,0.001601
0.785436,0.788048,54.161472,4839.945808,-1.025721,45.004601,4.209314,1.568930,-0.000104
0.820008,0.829170,54.027838,4837.839489,-1.056483,45.009546,4.282173,1.610519,-0.002731
0.871395,0.863697,53.891989,4835.672840,-1.069517,45.015963,4.371020,1.632658,-0.010024
0.922561,0.915266,53.760280,4833.486506,-1.087435,45.007762,4.462230,1.659929,-0.002620
0.963487,0.964678,53.616090,4831.249426,-1.106192,45.019631,4.538447,1.693658,0.013682
1.006313,1.010700,53.474201,4828.974900,-1.117847,45.015153,4.623516,1.713143,0.010518
1.054040,1.057054,53.331293,4826.651740,-1.148808,45.012093,4.705057,1.761353,-0.001607
1.095946,1.095300,53.181265,4824.283089,-1.148538,45.011246,4.798568,1.782891,0.006577
1.148381,1.144946,53.040580,4821.864104,-1.157580,45.020395,4.894598,1.831502,-0.002738
1.186128,1.193315,52.886136,4819.400454,-1.182767,45.023079,4.993684,1.864142,-0.002638
1.236741,1.233101,52.742615,4816.872353,-1.182569,45.021177,5.095989,1.901195,0.002394
1.281079,1.288992,52.592464,4814.298315,-1.197444,45.013281,5.193784,1.944921,0.003119
1.320405,1.324209,52.446367,4811.668253,-1.196592,45.022248,5.311257,1.974936,0.000982
1.369991,1.378261,52.285354,4808.979616,-1.205123,45.024829,5.417374,2.018787,0.006301
1.420168,1.419386,52.128663,4806.234990,-1.202347,45.031144,5.517934,2.042453,0.000925
1.466677,1.461255,51.996686,4803.409768,-1.207717,45.032134,5.630066,2.097931,0.008245
1.514317,1.509560,51.844099,4800.530693,-1.196581,45.024394,5.746609,2.146052,-0.007151
1.555201,1.551947,51.686724,4797.591292,-1.192244,45.030477,5.865288,2.182689,-0.002449
1.593331,1.597444,51.540065,4794.581070,-1.193052,45.033772,5.985986,2.219850,-0.000018
1.645979,1.649748,51.391912,4791.503594,-1.185282,45.037693,6.109261,2.276828,0.006067
1.690159,1.696014,51.251229,4788.360857,-1.174282,45.044719,6.225629,2.322223,0.009894
1.728999,1.738872,51.090408,4785.136139,-1.157176,45.045820,6.342408,2.363485,0.003743
1.776953,1.783274,50.952719,4781.852730,-1.138837,45.041598,6.463577,2.401416,-0.001259
1.819239,1.832236,50.803622,4778.500142,-1.136505,45.042077,6.590171,2.446702,-0.010957
1.861453,1.874298,50.665327,4775.064874,-1.108243,45.047416,6.711277,2.495615,0.001742
1.918031,1.923379,50.533243,4771.559498,-1.097227,45.054183,6.829528,2.538672,0.008052
1.957372,1.957531,50.392863,4767.974406,-1.079394,45.049623,6.946990,2.592406,-0.006500
2.014281,2.008628,50.271360,4764.327326,-1.036582,45.045376,7.074136,2.628572,-0.009274
2.049159,2.060074,50.134691,4760.606500,-1.015342,45.056079,7.176791,2.679136,0.004369
2.093845,2.103732,50.008670,4756.809564,-0.989113,45.061513,7.301927,2.713608,0.007516
2.139631,2.141319,49.889506,4752.942417,-0.957879,45.054514,7.422782,2.759087,-0.004910
2.188406,2.192612,49.768038,4749.011769,-0.916818,45.055170,7.524319,2.800254,-0.000898
2.224677,2.235146,49.651745,4745.003375,-0.890918,45.061670,7.643669,2.848214,0.003493
2.270487,2.280351,49.547592,4740.934608,-0.858095,45.060569,7.742176,2.883427,0.000516
2.318691,2.321077,49.445687,4736.787324,-0.820660,45.072140,7.833295,2.919749,0.006124
2.360900,2.365347,49.343010,4732.581393,-0.772526,45.065285,7.926820,2.954349,-0.007142
2.413515,2.420410,49.254913,4728.310706,-0.730765,45.066480,8.022750,2.980948,-0.001509
2.454167,2.465439,49.176264,4723.995070,-0.689096,45.063067,8.104904,3.018740,-5.001370
2.492284,2.497924,49.077441,4719.601992,-0.648794,45.053062,8.178410,3.056350,-5.001415
2.540415,2.552881,49.000391,4715.170539,-0.598029,45.045358,8.267107,3.078320,-5.003302
2.584927,2.591769,48.930992,4710.665413,-0.551516,45.033909,8.331237,3.107423,-5.011101
2.628203,2.640382,48.874909,4706.137804,-0.504139,45.022082,8.389105,3.132206,-4.990447
2.672838,2.683507,48.809696,4701.555596,-0.462956,45.015392,8.446613,3.152932,-5.001233
2.725104,2.726222,48.757489,4696.929552,-0.413799,44.994081,8.497060,3.163853,-5.000234
2.765760,2.771020,48.712761,4692.287349,-0.357213,44.987105,8.528485,3.179470,-4.994138
2.812392,2.822696,48.664845,4687.578057,-0.305261,44.982723,8.560053,3.189827,-5.001258
2.861283,2.864788,48.626566,4682.859438,-0.251802,44.965182,8.586630,3.204777,-4.996425
2.897987,2.905074,48.602284,4678.107899,-0.206199,44.956233,8.611226,3.207346,-5.010982
2.950515,2.951837,48.575310,4673.344636,-0.162717,44.952031,8.618727,3.210074,-4.998919
2.986341,2.987593,48.559536,4668.574518,-0.110350,44.940132,8.613938,3.212696,-4.986982
3.035011,3.036483,48.550606,4663.769151,-0.058960,44.930120,8.605694,3.214855,-5.002012
3.074457,3.087509,48.544324,4658.968218,-0.009283,44.912154,8.600186,3.205785,-4.996676
3.130923,3.132083,48.557546,4654.159915,0.047816,44.894173,8.573062,3.193847,-5.003227
3.161402,3.170121,48.556378,4649.353468,0.089135,44.887519,8.557174,3.183166,-5.001673
3.210369,3.216415,48.581169,4644.562593,0.143762,44.880477,8.512719,3.170937,-4.999201
3.252736,3.255081,48.602440,4639.764395,0.194774,44.872040,8.470148,3.154948,-4.993572
3.300265,3.307714,48.632555,4634.995555,0.243880,44.858623,8.416697,3.153288,-4.999210
3.340328,3.344646,48.656601,4630.223775,0.278097,44.854041,8.365220,3.115885,-5.004788
3.390187,3.384915,48.683420,4625.498328,0.342381,44.837742,8.314100,3.090832,-5.000826
3.437324,3.429155,48.740486,4620.787811,0.378513,44.836402,8.241544,3.072188,-5.000741
3.481607,3.471461,48.787200,4616.103282,0.419844,44.820041,8.155918,3.046376,-4.990631
3.510211,3.522907,48.840074,4611.432668,0.461808,44.814194,8.087093,3.027375,-4.993649
3.549894,3.568865,48.896303,4606.830633,0.499441,44.796388,8.013949,2.986965,-5.006375
3.607516,3.614566,48.960533,4602.238227,0.539017,44.802119,7.916020,2.952430,-5.003756
3.647505,3.651514,49.031289,4597.684352,0.575647,44.776957,7.837381,2.918437,-5.007323
3.683926,3.680470,49.099621,4593.190106,0.609142,44.770465,7.734242,2.881960,-4.999336
3.741429,3.740138,49.173387,4588.737056,0.640586,44.762467,7.638337,2.850528,-4.997510
3.781690,3.785750,49.254517,4584.322054,0.671038,44.759403,7.551359,2.807628,-4.996743
3.826071,3.828623,49.334664,4579.961516,0.699201,44.744288,7.439219,2.768606,-5.001867
3.867635,3.874231,49.415931,4575.658022,0.736551,44.738473,7.345349,2.726620,-5.007438
3.913815,3.919482,49.507892,4571.406067,0.749840,44.723988,7.237727,2.691125,-4.988486
3.954401,3.960109,49.607246,4567.206501,0.780542,44.715987,7.121287,2.660148,-5.007019
3.998809,4.007821,49.701136,4563.037590,0.801413,44.714936,7.024110,2.619139,-5.002015
4.046778,4.042155,49.789816,4558.949334,0.824599,44.702938,6.920581,2.590854,-5.002123
4.083720,4.081453,49.881796,4554.904614,0.838164,44.690169,6.810125,2.525387,-5.002773
4.130084,4.131590,49.999325,4550.918127,0.855664,44.683732,6.695993,2.498563,-5.000112
4.166969,4.163750,50.093413,4546.986301,0.864802,44.678784,6.584081,2.455554,-4.993501
4.214681,4.203688,50.194852,4543.110046,0.869762,44.675429,6.486802,2.422492,-4.997946
4.260862,4.262812,50.305926,4539.304319,0.881730,44.672744,6.370690,2.372887,-4.997354
4.300674,4.303151,50.403299,4535.537924,0.878248,44.656081,6.272841,2.336421,-5.004764
4.343808,4.328342,50.506770,4531.831892,0.887623,44.656766,6.166627,2.308906,-4.989215
4.393332,4.378802,50.616835,4528.188966,0.883708,44.653421,6.071106,2.258274,-4.995677
4.427979,4.427577,50.724431,4524.591171,0.889417,44.641750,5.975381,2.224166,-5.006890
4.471250,4.463174,50.823146,4521.045857,0.885449,44.635123,5.882101,2.183926,-5.005697
4.518481,4.505319,50.935178,4517.577188,0.885381,44.637464,5.788642,2.152627,-4.994645
4.555207,4.551247,51.036197,4514.144407,0.872314,44.626783,5.691926,2.127553,-5.003090
4.598305,4.596719,51.131350,4510.769909,0.876211,44.624181,5.600373,2.090027,-5.002539
4.645025,4.641423,51.234136,4507.447270,0.856139,44.620117,5.505168,2.050979,-5.000943
4.689747,4.693499,51.343111,4504.169555,0.855182,44.619873,5.433236,2.022765,-4.997865
4.727845,4.721022,51.435633,4500.951365,0.837347,44.605970,5.345879,1.996001,-4.996081
4.771259,4.769653,51.537869,4497.772214,0.821009,44.601956,5.279230,1.958932,-4.997784
4.816248,4.809470,51.630885,4494.637965,0.804099,44.602830,5.184614,1.933400,-5.003925
4.846586,4.851298,51.721179,4491.556299,0.778518,44.592699,5.110909,1.897628,-5.000635
4.897360,4.890177,51.817077,4488.539145,0.768791,44.594273,5.032873,1.873347,-4.998005
4.952060,4.945113,51.903180,4485.548698,0.747154,44.588004,4.972959,1.851460,-5.001570
4.990233,4.983064,51.994152,4482.597458,0.722898,44.589525,4.911539,1.825310,-5.005187
5.034833,5.014727,52.070692,4479.693700,0.698106,44.584406,4.826024,1.800262,-4.993587
5.077903,5.064322,52.158419,4476.829922,0.671369,44.567555,4.774456,1.776033,-5.000221
5.114548,5.103629,52.240848,4474.008457,0.648716,44.571665,4.725153,1.757578,-4.993802
5.157714,5.147709,52.314758,4471.229256,0.620786,44.581644,4.672671,1.741594,-4.999465
5.207096,5.189122,52.381417,4468.492351,0.593147,44.572048,4.621912,1.719694,-4.995565
5.242577,5.238189,52.454836,4465.768517,0.564229,44.561518,4.558121,1.707140,-5.004099
5.277966,5.266159,52.514005,4463.087840,0.532085,44.567926,4.527855,1.688904,-5.003900
5.326687,5.311782,52.578560,4460.437617,0.507513,44.559875,4.475934,1.656894,-4.997625
5.373840,5.362495,52.625782,4457.838289,0.475044,44.560572,4.430737,1.651426,-4.998558
5.406650,5.396767,52.682036,4455.246719,0.437273,44.551877,4.398173,1.634151,-5.006131
5.449449,5.439660,52.733233,4452.700981,0.402959,44.555511,4.362400,1.619879,-4.992025
5.498886,5.481757,52.776687,4450.171608,0.359508,44.552459,4.321207,1.625756,-5.001807
5.541916,5.530844,52.818720,4447.666253,0.333622,44.547992,4.299307,1.608324,-5.001623
5.589103,5.572681,52.859273,4445.187536,0.298751,44.546085,4.265589,1.599286,-5.000747
5.624775,5.599640,52.899356,4442.738625,0.256030,44.537134,4.252894,1.591265,-5.001870
5.656742,5.651195,52.921848,4440.312685,0.223244,44.542212,4.235252,1.572477,-5.011388
5.714203,5.692102,52.929869,4437.895983,0.187974,44.551081,4.214312,1.568771,-4.991412
5.750732,5.734716,52.958904,4435.515695,0.155714,44.538001,4.197711,1.560593,-4.993681
5.794816,5.776568,52.973873,4433.139008,0.112729,44.535584,4.187116,1.548340,-4.999132
5.837251,5.813043,52.988308,4430.785334,0.066250,44.537735,4.174321,1.552359,-5.002627
5.881774,5.857099,52.994764,4428.452973,0.028814,44.536711,4.158662,1.551864,-5.003776
5.919720,5.901099,52.980518,4426.121214,-0.009355,44.535540,4.159269,1.548065,-5.009090
5.970863,5.943926,52.984754,4423.806177,-0.041551,44.544880,4.145302,1.559214,-4.995778
6.000572,5.981690,52.987727,4421.509203,-0.086650,44.527630,4.147496,1.549456,-4.990378
6.051394,6.026440,52.982902,4419.205511,-0.116908,44.528631,4.164268,1.545624,-4.995207
6.090767,6.072249,52.959786,4416.921182,-0.160943,44.527494,4.153126,1.550079,-4.992839
6.133369,6.102530,52.930738,4414.639020,-0.208460,44.530725,4.166099,1.553426,-5.000007
6.170222,6.151883,52.914175,4412.364768,-0.238685,44.532109,4.180713,1.552941,-5.004671
6.216989,6.189799,52.875526,4410.101799,-0.278303,44.519569,4.190018,1.570072,-5.002384
6.255631,6.226801,52.833304,4407.817819,-0.317979,44.523794,4.212270,1.569734,-5.007122
6.308187,6.276679,52.797632,4405.549718,-0.361315,44.527975,4.236832,1.579486,-4.997400
6.337394,6.323951,52.768833,4403.283400,-0.399104,44.517940,4.254503,1.588898,-5.001918
6.384073,6.367712,52.713683,4401.008333,-0.431800,44.526730,4.276060,1.580257,-4.992838
6.419729,6.402362,52.662019,4398.735889,-0.477167,44.521748,4.292666,1.609554,-5.008272
6.472456,6.450324,52.592362,4396.430332,-0.504160,44.528802,4.325487,1.610264,0.002554
6.500125,6.481532,52.538341,4394.139585,-0.542297,44.537880,4.358910,1.622785,-0.004205
6.551548,6.517103,52.475276,4391.833319,-0.572982,44.529472,4.396314,1.638385,-0.004816
6.597456,6.565484,52.410565,4389.517698,-0.623547,44.543018,4.443988,1.661135,-0.005604
6.638376,6.600155,52.339834,4387.194412,-0.647238,44.546270,4.480066,1.673466,0.003272
6.675688,6.655129,52.259354,4384.845693,-0.682469,44.557642,4.522146,1.682215,0.002176
6.717381,6.691153,52.182824,4382.477282,-0.717951,44.566680,4.567192,1.692262,0.002267
6.755497,6.731886,52.101965,4380.091331,-0.754499,44.582372,4.616433,1.721512,-0.006353
6.796679,6.771585,52.007947,4377.707662,-0.791192,44.572737,4.671526,1.744997,0.008154
6.844920,6.809156,51.921096,4375.282176,-0.819868,44.583203,4.727898,1.761949,-0.010671
6.884263,6.855381,51.818158,4372.827202,-0.816833,44.592510,4.780455,1.779977,-0.008931
6.920441,6.896188,51.727863,4370.363753,-0.863756,44.594223,4.832711,1.808642,0.003031
6.964827,6.935792,51.626818,4367.856503,-0.892028,44.597447,4.904266,1.834245,0.006332
7.013684,6.977641,51.524307,4365.326233,-0.926369,44.611540,4.979169,1.855163,-0.008509
7.055597,7.018943,51.420544,4362.766725,-0.948619,44.609583,5.044666,1.878659,-0.004465
7.091070,7.063880,51.311421,4360.174521,-0.981359,44.630054,5.111999,1.903522,0.001002
7.141672,7.104596,51.196939,4357.530823,-0.989185,44.630314,5.192680,1.943992,-0.000214
7.176171,7.149182,51.074450,4354.875162,-1.001430,44.636181,5.274472,1.952430,-0.004859
7.224860,7.179309,50.963590,4352.161853,-1.036387,44.641198,5.351446,1.989598,-0.009038
7.260188,7.219524,50.839997,4349.421108,-1.043840,44.650049,5.437701,2.023683,-0.001820
7.293032,7.264412,50.724469,4346.619230,-1.060384,44.657288,5.519727,2.055443,-0.005922
7.342093,7.313982,50.589170,4343.784108,-1.074569,44.669394,5.601478,2.079391,0.000943
7.374144,7.362345,50.475921,4340.900756,-1.093662,44.669656,5.700566,2.124524,0.009884
7.419987,7.396690,50.353811,4337.973361,-1.107937,44.673043,5.794129,2.159052,-0.000562
7.476003,7.428828,50.227407,4335.001784,-1.102992,44.696044,5.878766,2.188715,0.003291
7.508580,7.480473,50.097149,4331.965631,-1.115348,44.696540,5.986262,2.229381,-0.011841
7.547418,7.511283,49.970569,4328.884614,-1.119943,44.695691,6.081311,2.266479,-0.000201
7.584525,7.555796,49.838571,4325.743033,-1.128228,44.715683,6.189468,2.304395,0.000676
7.641358,7.601020,49.711764,4322.546780,-1.123729,44.716530,6.276061,2.346992,-0.006299
7.673506,7.644727,49.586154,4319.286675,-1.134777,44.721780,6.382397,2.383026,-0.000799
7.707330,7.678979,49.459385,4315.974962,-1.126722,44.723306,6.492127,2.416204,-0.006193
7.743485,7.720079,49.329056,4312.602142,-1.122219,44.732782,6.599757,2.456887,0.000081
7.790759,7.762885,49.203225,4309.161144,-1.121364,44.745184,6.699878,2.499967,0.003275
7.839918,7.804028,49.072493,4305.672768,-1.110640,44.748197,6.813608,2.535837,0.009718
7.872514,7.839408,48.967192,4302.110061,-1.101715,44.766006,6.920514,2.581032,-0.001529
7.910041,7.889868,48.821885,4298.496455,-1.083522,44.765628,7.036086,2.622793,-0.001240
7.962231,7.931426,48.722160,4294.806408,-1.064921,44.770280,7.134491,2.661567,-0.004717
8.006241,7.971140,48.599688,4291.051075,-1.056094,44.784641,7.242031,2.699578,0.004634
8.029389,8.010135,48.464361,4287.241832,-1.034100,44.788690,7.356895,2.743182,-0.001306
8.081265,8.050924,48.357687,4283.352409,-1.016068,44.797764,7.461992,2.780231,0.005648
8.122842,8.094597,48.246569,4279.407372,-0.991732,44.806196,7.559960,2.819881,-0.000988
8.170194,8.124974,48.137429,4275.391805,-0.961971,44.810548,7.671503,2.860495,-0.002499
8.205187,8.175518,48.023896,4271.324384,-0.941376,44.822666,7.767737,2.890481,0.001289
8.240374,8.210188,47.934417,4267.186309,-0.916212,44.828653,7.873475,2.931811,-0.007677
8.293869,8.256917,47.828961,4262.983268,-0.883160,44.836228,7.978476,2.959587,-0.000796
8.324021,8.289452,47.739475,4258.725678,-0.853648,44.840677,8.054728,2.996102,0.007884
8.371320,8.341977,47.644780,4254.408536,-0.812837,44.847517,8.148310,3.036115,-0.005826
8.401712,8.375014,47.554748,4250.029083,-0.776070,44.856685,8.232636,3.062893,0.004180
8.448571,8.426488,47.470777,4245.602118,-0.741292,44.860925,8.311885,3.107074,-0.006810
8.476031,8.441593,47.382701,4241.109740,-0.704890,44.876275,8.387982,3.124374,0.002566
8.529313,8.494032,47.307428,4236.572007,-0.653850,44.884028,8.466845,3.142518,0.006551
8.567114,8.525636,47.236383,4231.993543,-0.606793,44.885439,8.526058,3.172950,0.000655
8.617434,8.567660,47.167933,4227.366379,-0.575888,44.909556,8.593821,3.199089,0.003942
8.651282,8.621685,47.116527,4222.689399,-0.534722,44.908877,8.647277,3.218369,0.010947
8.684316,8.658029,47.048396,4217.971310,-0.495270,44.918813,8.694749,3.238010,-0.001625
8.730044,8.694877,47.001760,4213.222384,-0.446192,44.933437,8.739979,3.262523,-0.000023
8.772784,8.734669,46.952762,4208.428450,-0.390899,44.929811,8.773902,3.276130,0.001684
8.822969,8.781194,46.921305,4203.601797,-0.351130,44.939607,8.806910,3.283353,-0.004190
8.842952,8.813384,46.882528,4198.768806,-0.301983,44.955202,8.828239,3.293967,-0.007447
8.888519,8.857705,46.843897,4193.885295,-0.254344,44.951074,8.851746,3.296417,0.004876
8.931723,8.902976,46.819636,4189.007020,-0.209829,44.958393,8.864510,3.293384,-0.002673
8.968713,8.935587,46.811074,4184.095196,-0.147796,44.972623,8.872898,3.305442,0.004304
8.999895,8.977724,46.789090,4179.183211,-0.105408,44.975436,8.871645,3.306574,-0.000273
9.035077,9.015809,46.780940,4174.246950,-0.069829,44.983946,8.852328,3.301360,-0.001473
9.081010,9.049672,46.782072,4169.311132,-0.024041,45.009307,8.828958,3.298510,-0.001905
9.123820,9.103534,46.773014,4164.375694,0.021640,45.001288,8.804629,3.285597,-0.000444
9.161228,9.134246,46.775011,4159.448063,0.077894,45.021062,8.785256,3.271888,-0.006487
9.205501,9.180199,46.792658,4154.521777,0.117290,45.019090,8.750349,3.256263,0.001757
9.237178,9.222238,46.818919,4149.606096,0.169356,45.025313,8.708096,3.239971,-0.005923
9.276118,9.250874,46.836241,4144.699491,0.212944,45.031738,8.668864,3.223285,-0.001896
9.316725,9.287017,46.866442,4139.816327,0.255101,45.042154,8.617115,3.211096,0.000602
9.358245,9.341339,46.892276,4134.944484,0.292669,45.056156,8.559866,3.187360,0.007525
9.398019,9.376526,46.911003,4130.087539,0.333122,45.060002,8.505878,3.157568,-0.011432
9.439978,9.414496,46.954973,4125.287032,0.372850,45.069710,8.438368,3.143546,0.002594
9.472712,9.462924,47.005557,4120.475598,0.413952,45.088145,8.356355,3.103458,-0.002032
9.518153,9.496947,47.049708,4115.718059,0.450744,45.084158,8.286762,3.091467,-0.001328
9.545922,9.533289,47.093504,4110.994160,0.476530,45.096155,8.220800,3.063829,-0.009568
9.588793,9.577495,47.142613,4106.297039,0.513429,45.103716,8.136522,3.040174,0.001240
9.635951,9.608370,47.218326,4101.639466,0.552637,45.124107,8.043639,2.998691,-0.005638
9.666845,9.657020,47.268121,4097.026382,0.574727,45.121480,7.963282,2.964027,-0.010019
9.706740,9.692600,47.337657,4092.449807,0.598832,45.131366,7.876404,2.932364,-0.003670
9.744573,9.741281,47.400631,4087.924528,0.631579,45.146624,7.782369,2.899260,0.014891
9.785563,9.763710,47.470073,4083.436320,0.650618,45.151700,7.693385,2.864243,0.002037
9.833001,9.819062,47.533892,4079.004524,0.657716,45.161788,7.597079,2.837975,0.003519
9.861836,9.846083,47.606944,4074.601013,0.684611,45.163113,7.499286,2.794215,0.002458
9.898983,9.900703,47.674656,4070.259343,0.714594,45.183361,7.404984,2.772592,-0.006089
9.943106,9.924719,47.767575,4065.960994,0.711763,45.190374,7.316672,2.724710,0.002044
9.970160,9.965441,47.830437,4061.710610,0.726623,45.188508,7.230230,2.686339,0.000600
10.025173,10.009998,47.908679,4057.508609,0.738633,45.202803,7.122618,2.662148,-0.000150
10.048872,10.056018,47.999003,4053.365093,0.755171,45.212556,7.035442,2.626992,-0.004042
10.090736,10.090181,48.074106,4049.269083,0.763976,45.206420,6.953092,2.584643,0.002934
10.131495,10.130568,48.158303,4045.222084,0.769299,45.222951,6.853426,2.554159,0.002957
10.170699,10.174397,48.236999,4041.231358,0.769991,45.236516,6.754989,2.522775,-0.000229
10.212994,10.199236,48.314244,4037.274286,0.761965,45.247903,6.679274,2.499618,-0.005917
10.242181,10.247143,48.403030,4033.382966,0.761613,45.249904,6.583913,2.452923,-0.008500
10.272511,10.290230,48.475233,4029.523455,0.742746,45.258452,6.504404,2.423303,0.007155
10.325882,10.319827,48.564810,4025.727112,0.752960,45.279370,6.419619,2.390184,0.002263
10.361609,10.361963,48.639668,4021.978758,0.749578,45.277209,6.329336,2.359250,-0.010278
10.399349,10.396650,48.719766,4018.260881,0.742971,45.290330,6.250621,2.332147,0.000793
10.441734,10.432843,48.792276,4014.620307,0.717048,45.292875,6.176401,2.302543,-0.005224
10.465212,10.480482,48.861724,4011.006828,0.708190,45.306891,6.094420,2.264631,0.002088
10.506542,10.509627,48.942367,4007.445386,0.704280,45.325158,6.023500,2.246659,-0.003945
10.561231,10.559638,49.008624,4003.921477,0.681267,45.330867,5.949875,2.217606,0.003966
10.582215,10.595353,49.085789,4000.443271,0.650976,45.343296,5.889212,2.193775,0.006033
10.625903,10.624580,49.141310,3997.005213,0.644452,45.341238,5.831470,2.168061,0.006027
10.655159,10.666534,49.216603,3993.621850,0.617597,45.359515,5.755022,2.143369,0.002717
10.692544,10.704672,49.278256,3990.262529,0.590502,45.367184,5.689302,2.119423,0.000025
10.733148,10.753962,49.349776,3986.947615,0.570162,45.374569,5.634272,2.101188,-0.007554
10.767109,10.784533,49.400309,3983.665721,0.548626,45.384989,5.585369,2.081416,-0.003579
10.811711,10.820765,49.439667,3980.434294,0.513507,45.392846,5.525041,2.053130,0.000505
10.843410,10.871209,49.494738,3977.234263,0.494681,45.400486,5.484409,2.041248,-0.000195
10.884567,10.907871,49.554231,3974.053608,0.457907,45.411887,5.429030,2.026509,0.012218
10.909924,10.949388,49.591337,3970.915512,0.429486,45.423286,5.391809,2.008382,-0.002516
10.955961,10.971930,49.640200,3967.812437,0.402522,45.433483,5.350763,1.997175,0.006739
10.986576,11.005665,49.671783,3964.737590,0.369024,45.438172,5.310565,1.981037,-0.007796
11.037223,11.061265,49.717368,3961.699287,0.339858,45.448318,5.277618,1.960359,0.000261
11.066909,11.090257,49.757435,3958.667434,0.306194,45.443012,5.244423,1.951144,-5.992539
11.108291,11.133240,49.781333,3955.677329,0.266113,45.446632,5.222223,1.945210,-6.002745
11.143567,11.162704,49.808466,3952.705160,0.220206,45.444331,5.185616,1.930806,-5.998039
11.183341,11.208228,49.830622,3949.766798,0.200655,45.444245,5.166403,1.914877,-6.000306
11.220557,11.251609,49.844891,3946.837703,0.165629,45.440256,5.145220,1.914538,-6.001809
11.251907,11.288389,49.861976,3943.934177,0.119180,45.441564,5.116470,1.914202,-6.002400
11.284387,11.324378,49.873257,3941.051061,0.072754,45.432828,5.107278,1.908930,-5.999096
11.327914,11.362300,49.884090,3938.184966,0.041868,45.435258,5.103008,1.902653,-6.000998
11.364299,11.408575,49.880819,3935.338096,0.003464,45.436983,5.092207,1.886816,-5.991728
11.405828,11.435019,49.877456,3932.495287,-0.041182,45.435417,5.079594,1.899828,-5.997786
11.437445,11.479461,49.868378,3929.666832,-0.082822,45.424501,5.076707,1.889192,-6.000134
11.470140,11.534177,49.867658,3926.849621,-0.116139,45.428473,5.082031,1.892642,-6.005096
11.525264,11.547100,49.843319,3924.051736,-0.151548,45.428649,5.076695,1.897542,-5.999388
11.552653,11.593672,49.831919,3921.248680,-0.191639,45.427381,5.096995,1.897098,-6.000060
11.585292,11.632947,49.809839,3918.460219,-0.244591,45.425334,5.097283,1.895556,-6.006698
11.631703,11.662099,49.772556,3915.679891,-0.274177,45.426184,5.112215,1.900867,-5.996338
11.667277,11.709804,49.748171,3912.879662,-0.307150,45.425649,5.124065,1.908145,-5.992110
11.708116,11.745002,49.713254,3910.110514,-0.348855,45.419832,5.132764,1.903736,-5.991999
11.741854,11.783907,49.675130,3907.322513,-0.393914,45.420956,5.164032,1.917699,-5.996925
11.774621,11.821750,49.626570,3904.526584,-0.436388,45.423482,5.186160,1.929278,-5.999577
11.803334,11.861287,49.595292,3901.741739,-0.463719,45.421926,5.225592,1.935111,-6.004079
11.845589,11.903301,49.540424,3898.943918,-0.510520,45.421662,5.240136,1.953191,-5.997102
11.887425,11.934177,49.487527,3896.134477,-0.539432,45.416062,5.260240,1.962982,-5.998628
11.924520,11.968594,49.429078,3893.337065,-0.588744,45.415544,5.306099,1.981902,-6.007169
11.954799,12.009849,49.364740,3890.497073,-0.616428,45.411907,5.340497,1.992449,-6.007233
12.000326,12.044123,49.301057,3887.669202,-0.644127,45.402515,5.385479,2.007979,-5.993863
12.029398,12.076414,49.237984,3884.827817,-0.688737,45.399569,5.435256,2.022081,-6.001454
12.067478,12.123381,49.167113,3881.941933,-0.718075,45.400995,5.476078,2.038590,-5.992125
12.096782,12.161170,49.083492,3879.056443,-0.744717,45.420109,5.525166,2.061667,-5.996478
12.137487,12.189672,49.002330,3876.143845,-0.780209,45.399901,5.578174,2.072695,-5.999640
12.177691,12.233234,48.924368,3873.208705,-0.813701,45.401920,5.627621,2.103192,-5.997935
12.217235,12.276914,48.851016,3870.262772,-0.848943,45.393395,5.698658,2.128375,-6.002151
12.246904,12.316299,48.759038,3867.283850,-0.862781,45.387302,5.759928,2.142313,-5.997201
12.289809,12.343405,48.673582,3864.272777,-0.901524,45.386266,5.815030,2.176690,-5.996656
12.328203,12.388967,48.576662,3861.237270,-0.923602,45.387496,5.879044,2.200239,-6.003976
12.368201,12.424217,48.480531,3858.155477,-0.947916,45.382948,5.946365,2.213868,-6.000068
12.379318,12.470253,48.396646,3855.048728,-0.977154,45.387041,6.031999,2.244716,-6.002467
12.431905,12.504129,48.286303,3851.915898,-0.989839,45.384383,6.100060,2.266406,-5.998642
12.467753,12.543242,48.188678,3848.742005,-0.997757,45.373198,6.172431,2.304424,-5.994835
12.502113,12.578861,48.093374,3845.531814,-1.030590,45.372109,6.257620,2.329843,-6.004587
12.533601,12.615334,47.974022,3842.283122,-1.042679,45.365772,6.331221,2.352664,-5.996488
12.575484,12.651595,47.881276,3838.968556,-1.048069,45.366378,6.414418,2.393002,-5.991618
12.603608,12.698668,47.766482,3835.632157,-1.069448,45.368066,6.502881,2.419872,-6.004388
12.646843,12.727161,47.669216,3832.245975,-1.074996,45.359525,6.594270,2.467756,-5.999580
12.680000,12.765599,47.552785,3828.814568,-1.081920,45.348938,6.690807,2.495288,-5.995964
12.720836,12.812733,47.447080,3825.318278,-1.088710,45.348438,6.772972,2.531036,-6.004660
12.746131,12.833745,47.335423,3821.799382,-1.106240,45.344052,6.869182,2.560586,-5.999585
12.787380,12.882428,47.224745,3818.199262,-1.108188,45.328679,6.958870,2.599485,-5.998490
12.832464,12.915682,47.112284,3814.572081,-1.101858,45.330444,7.051175,2.634063,-5.999784
12.861065,12.948159,47.010172,3810.880298,-1.106450,45.319932,7.159331,2.668354,-5.996864
12.895522,12.985436,46.889148,3807.140943,-1.097332,45.321446,7.253080,2.702088,-5.999024
12.934621,13.023262,46.784887,3803.326859,-1.086546,45.315184,7.344125,2.736545,-5.996253
12.976565,13.065182,46.671413,3799.472512,-1.089690,45.309042,7.449566,2.771863,-6.002636
13.013258,13.098717,46.575371,3795.561198,-1.089083,45.306477,7.540359,2.805595,-5.994236
13.038894,13.135525,46.466111,3791.596412,-1.069159,45.304967,7.632808,2.843554,-5.994321
13.076243,13.171083,46.358705,3787.560702,-1.050243,45.284952,7.746669,2.880730,-5.991353
13.123245,13.214366,46.250301,3783.476129,-1.036394,45.279710,7.834761,2.919164,-5.995204
13.150436,13.248814,46.149415,3779.328519,-1.016675,45.277634,7.939422,2.944935,-6.005603
13.188880,13.274862,46.042729,3775.123321,-0.992602,45.271677,8.035813,2.988330,-5.997309
13.216411,13.315697,45.950503,3770.854567,-0.976752,45.256129,8.111446,3.021437,-6.005989
13.253371,13.358190,45.861391,3766.554892,-0.957559,45.257224,8.213817,3.057606,-6.002994
13.288145,13.385413,45.764569,3762.176380,-0.927980,45.247016,8.301070,3.083378,-6.002588
13.331820,13.431328,45.671698,3757.745692,-0.898644,45.230515,8.387007,3.122248,-5.999501
13.358227,13.473648,45.581259,3753.262859,-0.873097,45.222047,8.479375,3.148521,-5.996315
13.397299,13.507924,45.496620,3748.719146,-0.840185,45.216821,8.563780,3.179914,-6.000821
13.427204,13.533752,45.408309,3744.145998,-0.815244,45.212919,8.629463,3.212161,-6.002805
13.467395,13.580026,45.338950,3739.486264,-0.782140,45.192646,8.704758,3.249942,-5.998131
13.506466,13.616693,45.277443,3734.804128,-0.739253,45.190432,8.771000,3.270052,-5.994567
13.533431,13.653536,45.199885,3730.071919,-0.707144,45.184423,8.832186,3.293949,-6.006720
13.574973,13.682390,45.129670,3725.277169,-0.658621,45.162965,8.898623,3.321114,-6.001670
13.613338,13.726715,45.069805,3720.461033,-0.620316,45.162688,8.953452,3.334913,-5.996564
13.640418,13.767426,45.009144,3715.599073,-0.576627,45.148176,9.006045,3.351980,-6.001659
13.674241,13.797565,44.959718,3710.702331,-0.537845,45.143633,9.054794,3.372885,-5.993351
13.718690,13.837148,44.900838,3705.766979,-0.497542,45.124334,9.096993,3.387943,-6.000803
13.750812,13.877017,44.849925,3700.779894,-0.460753,45.116107,9.124347,3.394735,-6.003344
13.785498,13.912920,44.819478,3695.794406,-0.408443,45.111265,9.166449,3.410031,-5.989979
13.816347,13.935628,44.768906,3690.771992,-0.374777,45.082510,9.183531,3.422638,-5.997960
13.860087,13.970580,44.749964,3685.734441,-0.320898,45.083660,9.196244,3.421530,-6.000865
13.883554,14.015911,44.717790,3680.656179,-0.277991,45.066655,9.212746,3.430888,-5.991611
13.920447,14.048163,44.690741,3675.577356,-0.238697,45.059062,9.205652,3.424408,-5.992320
13.962258,14.093886,44.673873,3670.482131,-0.180429,45.049122,9.205873,3.433655,-5.994763
13.990569,14.111411,44.658803,3665.373945,-0.136990,45.040555,9.202625,3.437822,-6.006134
14.018907,14.162038,44.640336,3660.265160,-0.075732,45.041312,9.202952,3.425525,-5.997387
14.058577,14.194171,44.632575,3655.145428,-0.050718,45.021666,9.176115,3.428667,-6.005404
14.092842,14.229808,44.626619,3650.035518,0.004438,45.006829,9.154374,3.420577,-5.997738
14.124393,14.261824,44.635390,3644.917537,0.036306,44.989558,9.130287,3.395983,-5.992429
14.166224,14.284755,44.641116,3639.822420,0.088064,44.983250,9.093352,3.392892,-5.998784
14.208375,14.337835,44.646489,3634.716073,0.124455,44.982786,9.065329,3.373364,-5.991365
14.222434,14.366165,44.670110,3629.637923,0.160886,44.966846,9.012847,3.359479,-6.009562
14.267764,14.409919,44.682364,3624.562857,0.208586,44.952874,8.968556,3.337380,-5.999021
14.307478,14.435059,44.692322,3619.499327,0.235386,44.938827,8.914422,3.326091,-5.994331
14.332849,14.476275,44.734825,3614.466497,0.281129,44.939366,8.855822,3.304228,-5.995461
14.359967,14.510191,44.764066,3609.474065,0.315031,44.928666,8.813453,3.288930,-5.998184
14.395378,14.544705,44.785102,3604.477935,0.343110,44.916577,8.727750,3.254664,-5.996599
14.432100,14.587243,44.821465,3599.521142,0.388902,44.898283,8.654889,3.225659,-5.993016
14.480590,14.618473,44.856275,3594.588351,0.402009,44.893411,8.605051,3.197684,-6.005459
14.509809,14.645161,44.906979,3589.698548,0.439402,44.889497,8.531039,3.177791,-5.997908
14.542827,14.679589,44.938092,3584.846578,0.468488,44.869569,8.451127,3.157992,-5.997920
14.578784,14.724926,44.992480,3580.009847,0.494377,44.870255,8.376528,3.130997,-5.997763
14.606536,14.760710,45.026508,3575.222397,0.512289,44.856681,8.307159,3.090993,-5.997093
14.643121,14.787085,45.083037,3570.462755,0.539791,44.846883,8.227103,3.064962,-5.996880
14.674268,14.822069,45.143667,3565.751006,0.558333,44.833078,8.150258,3.022679,-5.993128
14.708289,14.854234,45.191810,3561.097284,0.583213,44.833448,8.054933,2.999448,-6.001199
14.750705,14.899415,45.246335,3556.455737,0.598369,44.824448,7.981307,2.969184,-5.992425
14.783755,14.926958,45.294095,3551.874920,0.596446,44.817556,7.897516,2.943929,-6.000516
14.810344,14.964666,45.362163,3547.324367,0.618350,44.806146,7.818619,2.908895,-5.995066
14.841558,15.005050,45.420208,3542.824509,0.624042,44.804864,7.734784,2.869702,-5.992417
14.875456,15.036504,45.470432,3538.372937,0.624188,44.787604,7.643554,2.850977,-5.999021
14.913777,15.066303,45.523327,3533.959303,0.630065,44.788651,7.568903,2.824994,-5.992352
14.951328,15.101119,45.582733,3529.590842,0.643118,44.778207,7.495880,2.786364,-5.997847
14.983057,15.132083,45.648965,3525.269049,0.642155,44.771637,7.410669,2.762759,-5.993521
15.010298,15.174564,45.700242,3520.993332,0.630803,44.763939,7.339553,2.727081,-5.996596
15.053702,15.210507,45.764832,3516.750411,0.623463,44.759744,7.256697,2.694959,-5.993115
15.080636,15.238748,45.811529,3512.559869,0.629296,44.743933,7.176498,2.675223,-6.010196
15.111300,15.279053,45.873615,3508.422988,0.619507,44.748057,7.108410,2.642287,-5.998597
15.151112,15.314309,45.934674,3504.305871,0.606197,44.743835,7.025629,2.610637,-5.994137
15.174023,15.338068,45.991827,3500.248746,0.603142,44.732013,6.957837,2.608520,-5.996446
15.228254,15.377815,46.043335,3496.223559,0.577274,44.726480,6.893352,2.570891,-6.006317
15.246520,15.409703,46.088178,3492.249050,0.576079,44.729274,6.822572,2.545735,-6.003712
15.284639,15.451010,46.142981,3488.307389,0.547268,44.713540,6.759433,2.519545,-5.991832
15.326386,15.481807,46.195687,3484.425873,0.535132,44.719617,6.697358,2.495863,-5.991657
15.346849,15.507268,46.243239,3480.555030,0.511733,44.701682,6.639277,2.473140,-5.996078
15.390243,15.561001,46.292741,3476.741817,0.489744,44.701131,6.582602,2.443337,-6.000815
15.416183,15.583045,46.333961,3472.951393,0.474694,44.694764,6.520224,2.435559,-5.999255
15.445277,15.612632,46.370678,3469.203796,0.444886,44.698303,6.467030,2.419815,-5.996203
15.488840,15.655567,46.407884,3465.482232,0.413886,44.683223,6.432995,2.388551,-5.991449
15.513223,15.678622,46.453551,3461.799809,0.389738,44.678883,6.378956,2.385045,-5.994087
15.545964,15.716380,46.481980,3458.155190,0.359029,44.686985,6.330752,2.364496,-5.985046
15.578348,15.755182,46.516109,3454.533521,0.334943,44.675783,6.300693,2.346411,-6.002544
15.604837,15.790778,46.544938,3450.964912,0.303453,44.674150,6.262364,2.335811,-6.012150
15.639953,15.815042,46.567679,3447.391633,0.277860,44.673962,6.217653,2.313906,-5.994881
15.671049,15.857591,46.598725,3443.862442,0.236107,44.661302,6.181688,2.314879,-5.992610
15.716215,15.886637,46.605515,3440.356920,0.200106,44.666485,6.162526,2.296272,-5.997098
15.748507,15.925775,46.623408,3436.877873,0.176157,44.652014,6.129787,2.286120,-6.003190
15.783613,15.949454,46.644440,3433.416105,0.125036,44.649933,6.108902,2.274958,-6.004362
15.812917,15.989842,46.650141,3429.978324,0.096134,44.651298,6.095644,2.263173,-6.005731
15.834201,16.018916,46.656676,3426.564175,0.060397,44.643139,6.066768,2.262108,-6.003285
15.866277,16.054749,46.660201,3423.165237,0.021699,44.645823,6.051106,2.248752,-6.004756
15.913373,16.100486,46.669646,3419.785506,-0.017482,44.634805,6.038284,2.247472,-6.002383
15.938548,16.127704,46.662789,3416.413342,-0.053121,44.637749,6.039294,2.244408,-5.992723
15.974588,16.143033,46.656031,3413.069902,-0.091966,44.639397,6.028938,2.248896,-5.999108
16.003766,16.185481,46.649586,3409.717426,-0.141815,44.625541,6.015842,2.240862,-6.004261
16.035047,16.212237,46.626828,3406.395449,-0.169152,44.630590,6.023260,2.250386,-6.001916
16.075170,16.248723,46.611053,3403.077576,-0.206135,44.618319,6.030469,2.239142,-5.996333
16.101459,16.284214,46.590272,3399.766311,-0.247421,44.635061,6.029872,2.242143,-6.002711
16.129596,16.313426,46.571708,3396.473862,-0.282569,44.611856,6.041528,2.247191,-6.005266
16.167947,16.353906,46.537623,3393.167415,-0.323508,44.615303,6.046764,2.249473,-6.001592
16.184672,16.388054,46.523854,3389.866133,-0.361729,44.613181,6.066987,2.249692,-5.995452
16.230111,16.417799,46.475384,3386.560667,-0.411193,44.607273,6.081526,2.270217,-5.997070
16.256861,16.450767,46.444729,3383.268537,-0.439454,44.605282,6.102787,2.279589,-5.993903
16.300699,16.490966,46.401373,3379.972661,-0.476522,44.600069,6.131564,2.282623,-5.998984
16.332935,16.522995,46.357485,3376.669113,-0.505905,44.599947,6.148261,2.290743,-5.998422
16.347932,16.547081,46.307668,3373.360994,-0.554649,44.596853,6.185406,2.302089,-5.996210
16.385415,16.583085,46.253358,3370.048731,-0.594750,44.583954,6.216554,2.317619,-6.011944
16.431204,16.620408,46.200376,3366.710618,-0.625641,44.581031,6.246796,2.334472,-6.004993
16.454192,16.650544,46.152416,3363.385541,-0.659087,44.575062,6.280236,2.348561,-6.007050
16.493517,16.677817,46.085120,3360.027865,-0.685655,44.574227,6.325290,2.358026,-5.994488
16.517418,16.721541,46.024075,3356.655949,-0.721719,44.575982,6.376686,2.370394,-6.001604
16.547502,16.750624,45.965515,3353.277489,-0.762858,44.575813,6.412437,2.385789,-5.999927
16.581080,16.785355,45.899405,3349.881996,-0.777945,44.565420,6.466919,2.409487,-5.995998
16.614252,16.808559,45.813748,3346.454763,-0.815867,44.557406,6.511635,2.418123,-6.000636
16.650913,16.855531,45.742388,3343.018750,-0.849961,44.560815,6.559234,2.444104,-5.997361
16.683417,16.882766,45.681337,3339.552707,-0.874012,44.551808,6.631203,2.466048,-6.000253
16.711667,16.912114,45.595252,3336.058343,-0.894157,44.552981,6.685819,2.486764,-5.994821
16.742467,16.942527,45.507558,3332.535472,-0.917718,44.537789,6.741640,2.503284,-5.998914
16.785195,16.979394,45.444983,3328.991448,-0.944993,44.544610,6.804508,2.532146,-6.007936
16.809971,16.998985,45.351315,3325.414524,-0.969801,44.527691,6.873328,2.556682,-5.993746
16.842960,17.043029,45.271002,3321.804045,-0.975433,44.533487,6.939894,2.587746,-5.999625
16.878238,17.073447,45.199410,3318.155023,-1.006388,44.521441,7.004562,2.605419,-6.001814
16.896803,17.112208,45.086105,3314.480004,-1.025920,44.514328,7.067888,2.628681,-6.005291
16.934934,17.140080,45.007064,3310.768241,-1.036463,44.516713,7.157714,2.663157,-5.993552
16.968145,17.170854,44.920453,3307.010190,-1.057773,44.506040,7.220091,2.686515,-6.004288
16.994449,17.209136,44.823532,3303.218982,-1.062032,44.486356,7.301198,2.723810,-5.999551
17.026594,17.231046,44.738663,3299.393345,-1.080236,44.490819,7.376913,2.742648,-5.996581
17.064064,17.270747,44.632096,3295.526797,-1.082444,44.488961,7.459049,2.786810,-5.994158
17.102438,17.305517,44.548156,3291.603641,-1.079973,44.480130,7.542673,2.811325,-6.002063
17.114987,17.339925,44.452882,3287.645464,-1.087415,44.475924,7.622251,2.836522,-5.993292
17.148754,17.371193,44.356940,3283.633284,-1.092549,44.461591,7.707301,2.867707,-6.000363
17.185624,17.402855,44.275847,3279.589285,-1.085140,44.456125,7.787297,2.896905,-5.999188
17.209623,17.435475,44.169866,3275.495469,-1.092467,44.455157,7.876267,2.929673,-6.002245
17.257094,17.465749,44.086565,3271.341495,-1.081864,44.438904,7.958014,2.959433,-6.003686
17.277002,17.492585,43.991519,3267.148541,-1.065720,44.426151,8.042754,2.997479,-6.006756
17.311086,17.523061,43.882266,3262.898496,-1.065168,44.421188,8.126227,3.022064,-6.000767
17.352634,17.558976,43.806575,3258.612752,-1.048964,44.412520,8.207678,3.048667,-6.001266
17.369271,17.595159,43.711781,3254.276585,-1.046355,44.401362,8.288475,3.084993,-5.999862
17.402284,17.626451,43.622479,3249.882796,-1.027829,44.387084,8.365694,3.127348,-6.000372
17.436735,17.659942,43.544560,3245.447694,-1.007587,44.379916,8.444552,3.146125,-6.005457
17.470615,17.693792,43.444918,3240.957389,-0.984198,44.376301,8.518435,3.177746,-5.994342
17.503941,17.725341,43.380662,3236.438004,-0.967100,44.364194,8.593479,3.200173,-6.011509
17.529325,17.756888,43.291235,3231.851437,-0.954433,44.353785,8.665204,3.226879,-6.003352
17.553036,17.785111,43.219484,3227.230003,-0.925094,44.339984,8.741995,3.260291,-6.000629
17.585523,17.818429,43.134745,3222.546205,-0.894798,44.328007,8.812179,3.286886,-5.997127
17.624726,17.846332,43.059406,3217.828747,-0.869243,44.325771,8.882476,3.309778,-6.002280
17.650237,17.879804,43.000737,3213.061148,-0.848613,44.312698,8.946139,3.331869,-6.006141
17.682399,17.914603,42.916587,3208.257027,-0.810843,44.291589,9.014582,3.346149,-6.008241
17.719531,17.947148,42.853379,3203.405138,-0.773470,44.287826,9.061645,3.377928,-5.998685
17.742289,17.975226,42.783763,3198.528610,-0.739790,44.280121,9.113328,3.394631,-6.000142
17.773893,18.002447,42.727019,3193.598583,-0.711495,44.258572,9.167508,3.415961,-6.003660
17.801048,18.041916,42.668316,3188.642534,-0.665539,44.246886,9.216873,3.428592,-5.999500
17.843201,18.071021,42.615347,3183.645327,-0.632597,44.236488,9.249300,3.449984,-5.998227
17.867687,18.092997,42.562489,3178.622594,-0.600671,44.225707,9.289535,3.465232,-5.997780
17.896353,18.128172,42.515732,3173.565313,-0.560110,44.208071,9.315849,3.471481,-5.999158
17.926192,18.157155,42.474392,3168.487226,-0.524290,44.199936,9.362335,3.485263,-6.003288
17.948949,18.201433,42.434544,3163.378568,-0.488493,44.186586,9.376128,3.486201,-6.005840
17.998573,18.224778,42.395692,3158.239960,-0.440028,44.175663,9.402951,3.506596,-6.003645
18.013465,18.249943,42.362651,3153.098090,-0.401930,44.155386,9.408281,3.504690,-5.999550
18.049901,18.282079,42.329058,3147.924496,-0.358317,44.144241,9.417122,3.497318,-6.000398
18.078770,18.322782,42.296557,3142.746036,-0.310961,44.141325,9.438711,3.506585,-5.997009
18.115213,18.345273,42.274657,3137.560566,-0.278873,44.124549,9.432495,3.502822,-5.993911
18.141936,18.383676,42.253973,3132.344984,-0.220156,44.102539,9.417342,3.507858,-6.005363
18.173448,18.413663,42.238978,3127.128837,-0.178106,44.095479,9.407057,3.507114,-6.004725
18.202808,18.446055,42.225339,3121.917029,-0.147907,44.074382,9.406982,3.496594,-6.000633
18.225415,18.473531,42.213882,3116.705520,-0.111081,44.060858,9.385909,3.482179,-6.008405
18.267035,18.503056,42.201244,3111.487244,-0.073171,44.055776,9.365903,3.476317,-6.008369
18.285415,18.527158,42.199924,3106.271976,-0.028474,44.039422,9.345570,3.478092,-5.999328
18.320256,18.573236,42.203798,3101.073267,0.004928,44.034219,9.300349,3.454219,-6.008426
18.354785,18.591753,42.206257,3095.869826,0.043129,44.011420,9.272997,3.453974,-5.995007
18.376659,18.620460,42.210475,3090.690051,0.080605,44.000362,9.223691,3.439791,-5.996385
18.411004,18.650710,42.233331,3085.504722,0.124265,43.985316,9.196328,3.420543,-5.993016
18.439612,18.675732,42.228165,3080.353248,0.151766,43.982157,9.150489,3.411823,-5.995344
18.472144,18.719078,42.240511,3075.215705,0.189085,43.954421,9.090761,3.387536,-5.992510
18.506624,18.751419,42.254416,3070.096045,0.219562,43.941200,9.052092,3.369434,-5.998329
18.534641,18.775221,42.281256,3065.000380,0.238461,43.925389,8.999280,3.345857,-6.003849
18.548523,18.806746,42.299590,3059.929563,0.271835,43.917999,8.935476,3.318114,-5.999172
18.584534,18.833263,42.323689,3054.866064,0.303755,43.900511,8.876840,3.309811,-5.995975
18.619671,18.858056,42.357706,3049.844714,0.327072,43.893627,8.815837,3.280694,-6.003890
18.642249,18.891779,42.369373,3044.847765,0.348477,43.884642,8.761195,3.260514,-6.000133
18.680442,18.928002,42.397073,3039.881165,0.363768,43.869166,8.698252,3.234920,-5.994439
18.708572,18.959195,42.430620,3034.943346,0.386324,43.864376,8.615937,3.216826,-6.003656
18.727758,18.986094,42.462546,3030.051513,0.394513,43.842491,8.561840,3.188847,-6.001952
18.758958,19.011425,42.489475,3025.174925,0.413089,43.829472,8.496576,3.159872,-5.998138
18.790370,19.042570,42.523102,3020.327524,0.430177,43.819615,8.428886,3.134986,-6.003133
18.820443,19.070984,42.567563,3015.534155,0.441787,43.817004,8.366902,3.126686,-5.997416
18.858394,19.088616,42.598887,3010.757519,0.455079,43.781809,8.298528,3.098985,-6.003176
18.889710,19.129680,42.638105,3006.033462,0.455090,43.790702,8.225367,3.059656,-5.991342
18.909221,19.163554,42.672316,3001.327520,0.460375,43.771374,8.159304,3.047453,-6.003923
18.942119,19.185666,42.702675,2996.675999,0.461586,43.793982,8.094291,3.015608,-0.004635
18.965204,19.221175,42.740711,2992.053302,0.468012,43.810254,8.033228,2.993190,-0.003546
18.995627,19.251618,42.776767,2987.468963,0.458807,43.807232,7.962214,2.966328,0.004726
19.031041,19.281391,42.810008,2982.923800,0.458804,43.832890,7.904014,2.944438,-0.002350
19.051927,19.314214,42.852661,2978.405706,0.454715,43.844922,7.839437,2.925137,-0.000092
19.086624,19.341702,42.879707,2973.923967,0.445761,43.854948,7.776774,2.888499,-0.007995
19.110951,19.368731,42.917290,2969.488411,0.436624,43.868155,7.712699,2.874422,0.006475
19.138379,19.393103,42.957552,2965.089785,0.423646,43.886864,7.655571,2.851420,0.003021
19.164517,19.419889,42.985737,2960.713067,0.411674,43.891987,7.605600,2.829010,-0.007654
19.198450,19.448968,43.013425,2956.381633,0.403139,43.906372,7.549270,2.808414,-0.003595
19.221737,19.469919,43.045906,2952.072241,0.391619,43.924725,7.485479,2.791614,0.006855
19.259156,19.522216,43.072048,2947.822727,0.365301,43.942069,7.433662,2.768635,-0.004944
19.282980,19.543195,43.111018,2943.581344,0.354170,43.962498,7.384672,2.755308,0.001919
19.320971,19.555895,43.125314,2939.379525,0.329606,43.962714,7.332743,2.724957,0.003418
19.337206,19.592887,43.161051,2935.219742,0.310154,43.976414,7.278162,2.714231,0.001924
19.373210,19.626064,43.180248,2931.078996,0.277539,43.989614,7.247406,2.711934,0.000605
19.399136,19.654570,43.199672,2926.974026,0.266879,44.011312,7.202075,2.680922,-0.007468
19.424481,19.685235,43.217862,2922.897301,0.236595,44.017859,7.168723,2.672472,0.000353
19.452248,19.705144,43.236509,2918.846370,0.215041,44.025399,7.127958,2.653875,-0.004783
19.487682,19.743608,43.262087,2914.826732,0.179558,44.037431,7.095625,2.652653,0.009728
19.520503,19.768692,43.267007,2910.821286,0.151855,44.064049,7.066166,2.625675,-0.001777
19.538924,19.797554,43.271847,2906.861158,0.125501,44.074082,7.033341,2.613664,-0.000879
19.560344,19.830559,43.283942,2902.908114,0.082042,44.084646,7.004405,2.616030,0.001616
19.589687,19.853402,43.291801,2898.981141,0.049924,44.097577,6.989364,2.604528,0.002597
19.615955,19.882936,43.285464,2895.091165,0.029926,44.117323,6.960705,2.594171,0.002389
19.648019,19.917852,43.286997,2891.196401,-0.001560,44.139078,6.934585,2.583864,-0.007546
19.679855,19.944510,43.281750,2887.335803,-0.052413,44.143102,6.917179,2.583701,0.003883
19.708494,19.973344,43.290723,2883.495058,-0.089975,44.162891,6.904031,2.568708,0.001995
19.734782,20.006810,43.281798,2879.667218,-0.113832,44.172539,6.894284,2.566746,-0.007358
19.752015,20.019030,43.263958,2875.837640,-0.159984,44.192391,6.887188,2.568451,0.000154
19.780298,20.046254,43.261516,2872.043269,-0.188142,44.190358,6.888818,2.561969,0.003222
19.812642,20.088060,43.238524,2868.253927,-0.226688,44.214594,6.880747,2.564864,-0.009747
19.842723,20.114395,43.221699,2864.463554,-0.263761,44.223930,6.882312,2.553342,0.003297
19.864977,20.143737,43.198350,2860.688369,-0.318528,44.242385,6.879736,2.561829,0.007708
19.892620,20.169838,43.172263,2856.924607,-0.342875,44.251327,6.891334,2.563574,-0.004089
19.924255,20.206241,43.143298,2853.164502,-0.376621,44.263618,6.900180,2.570372,0.001062
19.951354,20.234793,43.112287,2849.418837,-0.421494,44.282551,6.901258,2.568731,0.005228
19.978581,20.250506,43.073069,2845.657718,-0.464002,44.287082,6.917762,2.579086,-0.003362
20.001714,20.290499,43.054428,2841.899226,-0.487513,44.316302,6.936459,2.585336,0.000639
20.036776,20.313011,43.000616,2838.155001,-0.531495,44.326972,6.951731,2.586637,-0.000458
20.064290,20.348143,42.973000,2834.391153,-0.561346,44.336508,6.966734,2.593772,0.001457
20.086883,20.368769,42.929453,2830.645823,-0.597440,44.359706,6.991669,2.608178,0.006945
20.120637,20.406026,42.879428,2826.880440,-0.636646,44.359194,7.024327,2.613570,0.005334
20.137892,20.427830,42.836960,2823.104638,-0.670258,44.375163,7.060209,2.632765,-0.000952
20.155468,20.455120,42.777804,2819.331501,-0.704670,44.404061,7.082514,2.643501,0.003506
20.190154,20.489152,42.732156,2815.548004,-0.731728,44.409178,7.126064,2.660359,-0.003342
20.212784,20.500173,42.675430,2811.738354,-0.768822,44.427428,7.156414,2.667239,-0.001262
20.254185,20.539362,42.618115,2807.933648,-0.808770,44.438392,7.198812,2.678513,-0.001660
20.278121,20.576234,42.555312,2804.105431,-0.830557,44.459922,7.234428,2.695160,-0.009557
20.300464,20.590951,42.488932,2800.259030,-0.856519,44.461056,7.287015,2.722555,-0.001800
20.325356,20.622855,42.431562,2796.398633,-0.884582,44.482785,7.323180,2.726469,-0.005496
20.360909,20.650918,42.358088,2792.519470,-0.909577,44.492666,7.370496,2.738740,0.009661
20.384413,20.687190,42.293559,2788.621147,-0.942953,44.510898,7.422840,2.764872,-0.001925
20.402702,20.707374,42.216209,2784.700692,-0.957958,44.528272,7.475309,2.789503,-0.006922
20.432357,20.734637,42.154983,2780.738248,-0.982859,44.539655,7.536543,2.807782,0.003137
20.460266,20.768446,42.080208,2776.774844,-1.003377,44.551864,7.585683,2.829496,0.000537
20.486241,20.797013,42.005022,2772.784560,-1.022406,44.566735,7.645612,2.855420,-0.005248
20.508244,20.803292,41.939972,2768.744086,-1.044474,44.585759,7.689639,2.864969,0.000378
20.540060,20.847350,41.863633,2764.698425,-1.053033,44.598419,7.760823,2.891404,0.000397
20.566996,20.863632,41.779339,2760.607036,-1.072318,44.603538,7.825265,2.912441,-0.002041
20.586370,20.889669,41.704957,2756.501176,-1.078211,44.625533,7.890363,2.934852,0.000312
20.622624,20.928821,41.630998,2752.343334,-1.087839,44.639549,7.950931,2.959644,0.008405
20.651298,20.954132,41.547105,2748.166454,-1.098188,44.658842,8.012488,2.983843,-0.001510
20.673955,20.996372,41.474360,2743.956141,-1.104561,44.669348,8.064114,3.006743,-0.000678
20.688364,21.010248,41.380132,2739.703668,-1.108420,44.677592,8.138740,3.041173,-0.000963
20.716255,21.036683,41.302529,2735.423619,-1.116583,44.690509,8.212141,3.053256,0.000868
20.755179,21.070052,41.228040,2731.097608,-1.113157,44.714699,8.271122,3.079100,-0.005759
20.775187,21.092368,41.154213,2726.730863,-1.107206,44.718166,8.353326,3.105568,0.001792
20.806486,21.121758,41.064717,2722.329278,-1.116231,44.729338,8.414322,3.133013,-0.001034
20.831270,21.147520,40.998566,2717.898143,-1.107634,44.762159,8.474498,3.157463,-0.005677
20.858172,21.174900,40.916045,2713.422818,-1.095637,44.774394,8.542842,3.182614,-0.001447
20.877591,21.198148,40.827327,2708.910137,-1.087032,44.782772,8.600389,3.208223,0.010085
20.907439,21.227176,40.760623,2704.367616,-1.079196,44.800043,8.670086,3.228878,-0.008670
20.932803,21.266435,40.685633,2699.769396,-1.067741,44.811616,8.735382,3.253544,-0.003639
20.955084,21.289168,40.608994,2695.135272,-1.054557,44.820482,8.784953,3.285523,0.003262
20.982946,21.313422,40.528596,2690.472335,-1.031166,44.843079,8.856329,3.300026,0.000783
20.998965,21.336864,40.467714,2685.761715,-1.008366,44.858681,8.917379,3.325818,0.000039
21.040144,21.372457,40.393863,2681.029426,-1.000516,44.873518,8.977381,3.342673,-0.000845
21.049789,21.397959,40.326936,2676.240715,-0.967930,44.880765,9.028364,3.368318,-0.000983
21.091991,21.422775,40.252789,2671.433381,-0.950296,44.900492,9.084269,3.384641,-0.002169
21.109007,21.453150,40.190544,2666.571046,-0.928856,44.907807,9.126046,3.401367,-0.004575
21.139068,21.474282,40.127169,2661.708534,-0.905206,44.924449,9.171347,3.411315,-0.001307
21.164924,21.502482,40.068558,2656.786112,-0.865535,44.929371,9.218527,3.432419,0.005049
21.183505,21.521792,40.006744,2651.831350,-0.839848,44.951352,9.256203,3.449108,-0.001022
21.211368,21.554827,39.953453,2646.853449,-0.820914,44.970212,9.300546,3.459361,0.001823
21.245423,21.584545,39.902416,2641.848048,-0.777549,44.977896,9.343118,3.478097,-0.008882
21.264931,21.603845,39.838351,2636.808655,-0.752245,44.993076,9.378671,3.489892,-0.003618
21.288473,21.631961,39.790941,2631.754101,-0.710493,44.998334,9.415605,3.502182,0.006352
21.317302,21.663914,39.747507,2626.664025,-0.670768,45.029286,9.420787,3.521356,0.006101
21.333418,21.694077,39.692254,2621.539418,-0.646397,45.041983,9.464972,3.528812,0.003315
21.355065,21.711347,39.651286,2616.411911,-0.606164,45.058419,9.477870,3.533434,0.001858
21.387501,21.748916,39.611106,2611.262063,-0.579892,45.073442,9.496879,3.538324,0.002067
21.407771,21.779354,39.580383,2606.090390,-0.532669,45.088001,9.504773,3.541000,0.004249
21.433928,21.800467,39.543140,2600.904554,-0.509051,45.100473,9.517165,3.550142,-0.003895
21.457874,21.821760,39.519995,2595.704506,-0.464549,45.122092,9.517851,3.550025,0.002770
21.485303,21.849425,39.476262,2590.503266,-0.425735,45.123194,9.517822,3.552156,-0.002899
21.516623,21.881453,39.450667,2585.285940,-0.395710,45.135937,9.516517,3.548975,-0.002431
21.527851,21.904035,39.428222,2580.056970,-0.353418,45.164290,9.514782,3.541415,-0.004932
21.545208,21.926894,39.407021,2574.823844,-0.310339,45.171721,9.507090,3.543304,-0.001406
21.576789,21.957593,39.377588,2569.584113,-0.276281,45.178543,9.504655,3.542447,-0.002340
21.598039,21.982556,39.368314,2564.358885,-0.237606,45.193498,9.481755,3.526217,0.004125
21.636625,22.009101,39.345855,2559.110773,-0.196637,45.214417,9.464194,3.534859,0.001708
21.652054,22.033670,39.335484,2553.887056,-0.174948,45.232795,9.446327,3.514350,-0.011459
21.679893,22.060921,39.323935,2548.650790,-0.138384,45.242107,9.417899,3.506369,-0.000476
21.702801,22.088711,39.320683,2543.431086,-0.100993,45.249782,9.390650,3.489219,-0.011260
21.727247,22.116963,39.319023,2538.222778,-0.073370,45.268545,9.350280,3.482813,-0.009880
21.742760,22.137725,39.304197,2533.023115,-0.039326,45.289351,9.327991,3.473390,-0.001163
21.774747,22.167533,39.313446,2527.824938,-0.018293,45.299117,9.291532,3.461468,0.000787
21.795006,22.192087,39.316111,2522.638344,0.010839,45.306247,9.250546,3.445928,0.002510
21.814146,22.216329,39.302864,2517.479698,0.034307,45.323895,9.216644,3.427979,-0.000713
21.843306,22.234682,39.319547,2512.332721,0.065075,45.347872,9.179279,3.423417,0.006343
21.872494,22.268737,39.324986,2507.202665,0.086696,45.358443,9.125986,3.402270,0.006878
21.893591,22.297097,39.325818,2502.097687,0.107120,45.369042,9.078384,3.385093,0.003151
21.913539,22.320893,39.330762,2497.004770,0.122372,45.382118,9.029484,3.354308,0.000399
21.934380,22.353218,39.339863,2491.935103,0.136605,45.402131,8.979666,3.348353,-0.003840
21.964207,22.364301,39.345942,2486.896338,0.166295,45.422740,8.941803,3.323847,0.004591
21.984552,22.388693,39.358713,2481.866618,0.174178,45.429222,8.887377,3.313405,-0.003422
22.008320,22.430636,39.372517,2476.867713,0.186811,45.441361,8.831681,3.291410,0.005185
22.032132,22.444783,39.385728,2471.908601,0.194504,45.455247,8.786605,3.271935,-0.006752
22.050809,22.471946,39.401911,2466.953526,0.205321,45.474756,8.731402,3.259282,-0.002030
22.086952,22.500145,39.415396,2462.027148,0.209050,45.483271,8.678545,3.230585,0.001510
22.099507,22.528120,39.432004,2457.138248,0.216733,45.505616,8.629932,3.216110,0.007564
22.122229,22.545527,39.436921,2452.270856,0.221639,45.515038,8.585347,3.201557,0.004788
22.151587,22.574370,39.457896,2447.442476,0.221279,45.532932,8.538459,3.174382,-0.005279
22.164975,22.600180,39.476518,2442.634616,0.219410,45.545781,8.475612,3.161959,-0.000875
22.191722,22.617862,39.498663,2437.858438,0.222455,45.554924,8.429841,3.129230,-0.000338
22.220357,22.654291,39.494511,2433.101368,0.214755,45.582562,8.384063,3.113127,0.002925
22.243591,22.671397,39.501578,2428.392912,0.208802,45.585927,8.328026,3.102523,0.005082
22.260943,22.698348,39.517205,2423.676773,0.192602,45.591293,8.298655,3.082617,0.000525
22.288952,22.723083,39.538208,2419.025374,0.183117,45.611083,8.245180,3.062033,0.005139
22.303272,22.748677,39.548594,2414.396986,0.181135,45.634088,8.196264,3.054908,0.000995
22.333407,22.769577,39.560099,2409.785921,0.158885,45.637491,8.146847,3.037829,0.006823
22.354785,22.800147,39.565008,2405.196374,0.154398,45.650031,8.105718,3.022845,-0.004147
22.384992,22.825687,39.579032,2400.642475,0.115373,45.670278,8.068476,2.995775,0.001127
22.398618,22.844450,39.579648,2396.112961,0.113063,45.683070,8.030900,2.989899,0.005577
22.423777,22.875410,39.583379,2391.612158,0.091038,45.702161,7.991691,2.981333,-0.002856
22.441650,22.899889,39.589162,2387.136173,0.064892,45.710807,7.962862,2.952882,-0.003976
22.473399,22.921994,39.604678,2382.692829,0.044109,45.736180,7.914090,2.951582,0.002124
22.489208,22.947099,39.595264,2378.265446,0.030175,45.739280,7.891449,2.939003,-0.000891
22.508342,22.975208,39.595414,2373.863464,-0.003999,45.756463,7.868094,2.933765,0.001910
22.531918,22.999638,39.597411,2369.477485,-0.032521,45.764304,7.829220,2.925469,0.012279
22.559389,23.022134,39.589038,2365.125504,-0.062285,45.781803,7.800999,2.912159,0.004247
22.578245,23.054367,39.601700,2360.784982,-0.085681,45.791021,7.784805,2.895174,0.001747
22.601907,23.074212,39.591140,2356.472011,-0.119683,45.822781,7.757818,2.885648,-0.006339
22.620076,23.103613,39.587389,2352.182492,-0.149994,45.829823,7.746797,2.879618,-0.005051
22.639334,23.120920,39.574116,2347.885344,-0.179679,45.842960,7.725876,2.884823,0.001636
22.663140,23.144482,39.551851,2343.632089,-0.216051,45.857264,7.710199,2.882852,0.005491
22.694817,23.167200,39.536585,2339.379835,-0.252198,45.870644,7.694092,2.869738,-0.008407
22.705685,23.198184,39.519245,2335.143761,-0.286544,45.882786,7.685158,2.868398,-0.001837
22.727827,23.228636,39.504464,2330.933438,-0.311960,45.903258,7.693724,2.866499,0.000436
22.754106,23.244330,39.479598,2326.731546,-0.347819,45.915299,7.671646,2.862904,0.006099
22.787856,23.262988,39.457914,2322.526243,-0.389951,45.924937,7.678119,2.858247,0.007682
22.796446,23.300329,39.446238,2318.363136,-0.418817,45.948950,7.670749,2.858639,0.000134
22.809414,23.317098,39.408599,2314.178253,-0.461941,45.948409,7.670182,2.862439,0.003433
22.830192,23.347152,39.376307,2310.006489,-0.501257,45.965884,7.680352,2.860021,0.008265
22.860124,23.366159,39.357426,2305.852989,-0.532854,45.985477,7.673588,2.876251,0.002831
22.876864,23.389191,39.320568,2301.704494,-0.570302,45.994346,7.683448,2.866200,-0.002492
22.900340,23.412409,39.282434,2297.543837,-0.611580,46.002717,7.707744,2.864948,0.006974
22.924429,23.432387,39.243678,2293.393699,-0.642282,46.024052,7.709281,2.866212,0.005344
22.941636,23.463527,39.209933,2289.240524,-0.678745,46.033719,7.728404,2.872523,-0.000797
22.965842,23.489757,39.158348,2285.091888,-0.706735,46.051734,7.737100,2.893011,0.001288
22.995238,23.509443,39.127272,2280.945842,-0.749504,46.061708,7.758042,2.895243,0.003241
23.012049,23.529392,39.067282,2276.793511,-0.774799,46.085779,7.795135,2.902969,-0.003845
23.025314,23.547278,39.026760,2272.646398,-0.817085,46.105975,7.809801,2.918361,-0.009421
23.044316,23.577605,38.976743,2268.484562,-0.857149,46.115003,7.827865,2.921634,-0.000743
23.083706,23.607542,38.920700,2264.311261,-0.873949,46.122324,7.857959,2.929192,0.000418
23.095817,23.627261,38.878038,2260.133254,-0.908772,46.134829,7.894267,2.943313,-0.003665
23.112443,23.650750,38.819851,2255.953437,-0.935112,46.160869,7.927425,2.946266,-0.001426
23.132365,23.680317,38.761409,2251.758539,-0.959016,46.172341,7.951154,2.975118,0.002066
23.157585,23.698357,38.717366,2247.551470,-0.997071,46.184260,7.993480,2.974369,-0.006634
23.177585,23.721070,38.648592,2243.328353,-1.017037,46.207030,8.036183,2.989266,0.006210
23.193695,23.742702,38.591473,2239.102840,-1.039897,46.220898,8.068147,2.999813,-0.007473
23.224883,23.775787,38.526015,2234.845502,-1.071637,46.217645,8.115599,3.008264,-0.004512
23.236603,23.796039,38.466548,2230.588474,-1.083480,46.237576,8.132511,3.039194,-0.000791
23.256084,23.815731,38.391367,2226.307523,-1.108248,46.265553,8.194976,3.044879,-0.002624
23.272935,23.833659,38.335618,2222.002040,-1.124498,46.264531,8.230196,3.058117,0.008020
23.295849,23.852773,38.269797,2217.672308,-1.146694,46.280860,8.273509,3.079975,0.003330
23.326307,23.887936,38.199142,2213.327602,-1.169106,46.305309,8.319010,3.100139,0.008871
23.351004,23.912087,38.136964,2208.966943,-1.172376,46.311062,8.363708,3.107819,-0.010620
23.358718,23.939384,38.063920,2204.573901,-1.193703,46.322522,8.409491,3.133139,0.001049
23.374212,23.958260,38.002712,2200.168380,-1.200506,46.350370,8.464060,3.148657,0.001444
23.400952,23.971473,37.919766,2195.725132,-1.211396,46.354258,8.506791,3.166412,-0.004101
23.424416,24.005570,37.859502,2191.256802,-1.219306,46.370765,8.557903,3.189500,0.004697
23.442330,24.029290,37.781182,2186.782109,-1.224337,46.385475,8.617587,3.209543,-0.005980
23.459292,24.044896,37.719809,2182.266349,-1.232875,46.394230,8.658494,3.224147,-0.000624
23.482407,24.065047,37.646377,2177.731428,-1.237713,46.417402,8.714774,3.243936,0.004787
23.503588,24.092487,37.577782,2173.157933,-1.234497,46.430972,8.752703,3.269869,-0.003323
23.521035,24.117516,37.519499,2168.559784,-1.230754,46.446362,8.810512,3.277702,-0.001959
23.555916,24.136810,37.431044,2163.938202,-1.221712,46.448932,8.850969,3.303959,0.003899
23.564013,24.173238,37.357541,2159.288625,-1.227378,46.473949,8.903331,3.316896,0.008432
23.588352,24.190314,37.296633,2154.613234,-1.217745,46.488934,8.955933,3.339161,-0.002567
23.605462,24.211048,37.215669,2149.913028,-1.220763,46.493447,8.998448,3.356363,0.001841
23.616546,24.226040,37.153186,2145.165877,-1.199932,46.513475,9.048160,3.375342,0.004678
23.629042,24.261106,37.090436,2140.393476,-1.186838,46.524864,9.089029,3.380561,0.000023
23.659284,24.280194,37.021243,2135.609680,-1.189184,46.536668,9.136377,3.399758,-0.002563
23.679145,24.294455,36.961153,2130.786690,-1.163351,46.554627,9.176521,3.425323,0.008819
23.697169,24.328564,36.890657,2125.928431,-1.146601,46.576481,9.217100,3.432379,-0.000099
23.719045,24.348700,36.832840,2121.061308,-1.128209,46.582777,9.258594,3.450721,-0.002311
23.735621,24.377344,36.782382,2116.156802,-1.105943,46.606509,9.292338,3.462139,0.007761
23.753387,24.394974,36.703527,2111.234647,-1.069736,46.615252,9.337117,3.475170,-0.006180
23.786098,24.416762,36.655223,2106.277009,-1.059815,46.626375,9.369628,3.490886,-0.004548
23.791347,24.431517,36.595693,2101.297256,-1.038170,46.642069,9.403952,3.503322,-0.000512
23.821636,24.461170,36.545991,2096.304429,-1.012545,46.651072,9.426956,3.509178,0.006313
23.833582,24.484181,36.484589,2091.271829,-0.983972,46.671388,9.466433,3.525848,0.003507
23.859309,24.501422,36.429570,2086.233726,-0.959275,46.683253,9.489549,3.528487,0.001121
23.871785,24.522691,36.383974,2081.160282,-0.939517,46.691033,9.513731,3.543611,0.002079
23.903214,24.547199,36.326757,2076.083961,-0.907013,46.707354,9.533755,3.552706,0.002158
23.913723,24.580138,36.272670,2070.972374,-0.882883,46.726812,9.552526,3.549403,-0.006092
23.933288,24.585741,36.234926,2065.863231,-0.846938,46.744793,9.563640,3.556548,0.002072
23.943708,24.615667,36.181662,2060.720740,-0.816013,46.755959,9.572978,3.566170,0.003009
23.973517,24.632644,36.141528,2055.576383,-0.783208,46.770711,9.586122,3.565298,-0.001536
23.992369,24.662300,36.094526,2050.422780,-0.759709,46.790458,9.589318,3.574358,-0.006456
24.011085,24.681458,36.065534,2045.242500,-0.720912,46.805792,9.595077,3.571422,-0.009767
24.021551,24.706511,36.027398,2040.059593,-0.690561,46.811501,9.597438,3.574764,0.004933
24.053607,24.719358,35.988031,2034.859066,-0.664668,46.830168,9.601260,3.572143,0.002503
24.069544,24.734339,35.946525,2029.665661,-0.628972,46.845503,9.606529,3.568295,0.001596
24.085349,24.770084,35.921141,2024.456550,-0.601506,46.855477,9.595194,3.568688,-0.001742
24.113438,24.786236,35.889729,2019.242348,-0.575177,46.872573,9.580260,3.567637,-0.000599
24.119749,24.809872,35.856225,2014.034737,-0.544157,46.887610,9.575920,3.567290,0.003999
24.141974,24.831669,35.832815,2008.816040,-0.514234,46.899458,9.567071,3.563762,0.009917
24.158125,24.848066,35.802810,2003.609654,-0.491330,46.907747,9.542665,3.554900,0.001531
24.176223,24.884478,35.783324,1998.392442,-0.456346,46.919764,9.534821,3.546937,0.001737
24.186885,24.899637,35.757176,1993.192449,-0.431319,46.936340,9.509359,3.536830,0.002553
24.217544,24.922430,35.739048,1987.977049,-0.405550,46.959892,9.492331,3.528885,-0.000414
24.244180,24.942805,35.720768,1982.791066,-0.388482,46.968619,9.471155,3.521930,0.006911
24.248222,24.963603,35.696432,1977.594750,-0.350045,46.981553,9.445990,3.510435,0.005869
24.275798,24.985234,35.677492,1972.413210,-0.331939,46.995372,9.416833,3.504844,-0.000053
24.284819,25.007166,35.662687,1967.230866,-0.310586,47.016964,9.394194,3.502355,0.000859
24.307763,25.027467,35.650676,1962.067707,-0.289758,47.028235,9.369899,3.500303,0.001070
24.333218,25.036903,35.637547,1956.914614,-0.270770,47.031898,9.335881,3.476634,-0.006704
24.335780,25.060415,35.621427,1951.777817,-0.254092,47.053279,9.302057,3.462673,0.003737
24.353064,25.084205,35.604865,1946.652966,-0.235553,47.062903,9.264317,3.447434,-0.000923
24.370622,25.103756,35.610729,1941.540128,-0.222904,47.081363,9.237825,3.444867,-0.002576
24.395677,25.135226,35.581191,1936.448788,-0.199303,47.097997,9.203791,3.419299,0.006049
24.411047,25.144386,35.576753,1931.360659,-0.207260,47.110780,9.169511,3.417517,-0.006275
24.431698,25.167076,35.574306,1926.298768,-0.190734,47.111023,9.134827,3.403635,-0.000341
24.443377,25.185483,35.550160,1921.250799,-0.182103,47.132855,9.091601,3.382756,-0.010456
24.467297,25.217115,35.536912,1916.230649,-0.174734,47.143276,9.065469,3.376009,-0.005177
24.480476,25.234193,35.543538,1911.216510,-0.167871,47.164446,9.020323,3.366495,-0.003718
24.492247,25.262007,35.527971,1906.232551,-0.179130,47.172914,8.994506,3.351408,-0.005028
24.516169,25.275659,35.525004,1901.265850,-0.175704,47.188239,8.949999,3.327853,0.001400
24.523657,25.296346,35.515557,1896.314255,-0.178326,47.199835,8.914916,3.325345,0.000716
24.548582,25.323875,35.512312,1891.373502,-0.174838,47.209516,8.873775,3.311749,-0.001312
24.562182,25.348433,35.482691,1886.493638,-0.176619,47.243161,8.848113,3.303088,0.006516
24.583290,25.351693,35.480967,1881.591160,-0.195176,47.247543,8.807916,3.288048,-0.001009
24.600328,25.391946,35.477924,1876.713704,-0.189920,47.256903,8.772993,3.267187,-0.002730
24.617158,25.402740,35.470231,1871.884210,-0.213265,47.271618,8.745961,3.261306,-0.002603
24.639712,25.414583,35.457317,1867.056788,-0.219261,47.281343,8.722223,3.247051,0.004206
24.657923,25.444318,35.434576,1862.264614,-0.220731,47.299509,8.687471,3.227948,-0.000350
24.666998,25.460236,35.433454,1857.486428,-0.245291,47.315897,8.642488,3.224158,0.002300
24.682643,25.484922,35.423258,1852.721223,-0.272625,47.326528,8.619786,3.206929,-0.007540
24.704434,25.507097,35.396893,1847.987375,-0.269225,47.347764,8.578839,3.203207,0.004298
24.721098,25.518337,35.397757,1843.266114,-0.297382,47.357544,8.559349,3.198016,0.005291
24.737770,25.533791,35.379941,1838.565251,-0.319140,47.360413,8.533790,3.180600,0.001111
24.761081,25.559257,35.367974,1833.877277,-0.347467,47.380205,8.521465,3.170718,-0.009967
24.769887,25.573962,35.337992,1829.212521,-0.375297,47.392732,8.487939,3.168233,-0.008216
24.792535,25.592790,35.324439,1824.577763,-0.389172,47.411311,8.481111,3.155505,-0.010498
24.799968,25.618434,35.312728,1819.944045,-0.421746,47.422791,8.452884,3.146867,-0.004047
24.828979,25.638351,35.283419,1815.340240,-0.455431,47.433603,8.444140,3.145166,-0.003961
24.842143,25.664152,35.273659,1810.758825,-0.481773,47.450032,8.419169,3.140529,0.005314
24.854130,25.672711,35.244411,1806.188725,-0.507157,47.462680,8.402503,3.124896,0.006228
24.862844,25.696116,35.218785,1801.609673,-0.535582,47.467057,8.382908,3.112748,0.007052
24.885854,25.718898,35.196327,1797.079618,-0.563359,47.489665,8.370491,3.114536,-0.005348
24.906580,25.729563,35.156811,1792.537195,-0.601737,47.503601,8.370553,3.119989,0.001164
24.926566,25.745798,35.134716,1788.029534,-0.631800,47.510910,8.362985,3.105877,-0.005900
24.932158,25.762668,35.110250,1783.527301,-0.669787,47.529242,8.348304,3.104982,0.005854
24.944755,25.788357,35.067619,1779.031000,-0.688152,47.547574,8.350514,3.106216,0.001380
24.962715,25.819422,35.039880,1774.551874,-0.718189,47.553204,8.338176,3.106744,0.003568
24.980112,25.835402,35.009521,1770.086322,-0.768432,47.577544,8.331561,3.111058,0.007684
24.993795,25.856116,34.973172,1765.618114,-0.807446,47.586755,8.331535,3.111712,0.003410
25.021372,25.871460,34.935910,1761.177226,-0.831943,47.589817,8.354263,3.116558,-0.002319
25.020725,25.888090,34.887660,1756.725380,-0.870884,47.620144,8.345264,3.117302,0.007042
25.045483,25.909350,34.855531,1752.282775,-0.905228,47.625861,8.356588,3.117461,0.000486
25.064472,25.925818,34.806077,1747.849693,-0.941531,47.644046,8.364456,3.121806,-0.005851
25.069482,25.945195,34.775495,1743.408684,-0.975580,47.649080,8.365247,3.111632,-0.000642
25.087062,25.965355,34.713311,1738.985747,-1.012047,47.659530,8.383464,3.110675,-0.001232
25.110285,25.988608,34.674041,1734.566218,-1.041602,47.687541,8.394875,3.138342,-0.002293
25.123234,25.997934,34.620685,1730.137337,-1.068323,47.701024,8.394257,3.128665,0.003617
25.140693,26.021885,34.578341,1725.727164,-1.109510,47.705581,8.420559,3.140915,-0.005801
25.158073,26.038176,34.528248,1721.298576,-1.139416,47.723245,8.434953,3.145186,-0.006093
25.172287,26.055425,34.474121,1716.867247,-1.172992,47.734243,8.459745,3.150833,-0.004695
25.186007,26.084939,34.418605,1712.433483,-1.207006,47.744728,8.477353,3.159970,0.007823
25.202464,26.096381,34.358814,1708.008127,-1.223394,47.759450,8.505265,3.164076,-0.003306
25.216152,26.115677,34.314443,1703.572806,-1.262428,47.775413,8.516605,3.164994,0.001005
25.235760,26.137959,34.247949,1699.130716,-1.292085,47.795688,8.537733,3.184643,0.007687
25.248329,26.163824,34.204807,1694.677278,-1.323333,47.798275,8.564827,3.191013,-0.003623
25.259730,26.170382,34.139373,1690.226961,-1.339698,47.815547,8.598308,3.207137,0.002444
25.274609,26.200228,34.083929,1685.759552,-1.379730,47.823157,8.618978,3.216071,0.011287
25.291090,26.214265,34.009672,1681.288929,-1.391142,47.839511,8.641686,3.225552,0.000531
25.305878,26.223509,33.946149,1676.804476,-1.415027,47.854571,8.685840,3.229757,0.000291
25.316877,26.246480,33.896268,1672.313664,-1.438801,47.868901,8.704553,3.247354,0.002414
25.343292,26.276386,33.840380,1667.808595,-1.459199,47.888115,8.740945,3.265319,0.000494
25.356234,26.287119,33.765142,1663.283085,-1.484297,47.896460,8.773646,3.257236,0.007274
25.365253,26.309533,33.694189,1658.755540,-1.491814,47.913057,8.802791,3.277714,-0.005594
25.387398,26.320979,33.627438,1654.204546,-1.503393,47.927331,8.833876,3.286888,0.003892
25.403697,26.333405,33.574549,1649.644549,-1.519440,47.935352,8.860969,3.304927,-0.004007
25.411457,26.346209,33.499719,1645.078066,-1.536538,47.956270,8.897441,3.312413,-0.002927
25.428152,26.374423,33.444167,1640.488930,-1.558479,47.963350,8.931814,3.330450,-0.006171
25.441628,26.394541,33.368713,1635.872884,-1.557202,47.971300,8.968769,3.336351,-0.001363
25.457216,26.416885,33.300663,1631.251782,-1.571036,47.988119,8.999665,3.362484,0.004200
25.471606,26.431059,33.232079,1626.617280,-1.572310,47.999594,9.039031,3.365936,0.006032
25.488176,26.443481,33.166758,1621.958427,-1.582324,48.018033,9.075900,3.372449,-0.001037
25.504455,26.462789,33.101122,1617.285655,-1.591928,48.032261,9.097602,3.386633,-0.006847
25.516940,26.482674,33.035470,1612.588657,-1.573193,48.047183,9.133332,3.399196,-0.002793
25.526540,26.503182,32.978429,1607.888183,-1.586708,48.062895,9.172194,3.413859,0.005117
25.539711,26.511241,32.909516,1603.140125,-1.577328,48.065418,9.194632,3.419510,0.004747
25.562340,26.536125,32.832504,1598.406904,-1.576638,48.077626,9.232120,3.441348,-0.011220
25.568190,26.554322,32.771809,1593.649214,-1.582222,48.091337,9.262259,3.448162,0.004089
25.582319,26.572328,32.706033,1588.856927,-1.569330,48.110715,9.286916,3.465422,0.002989
25.601317,26.598083,32.644278,1584.062793,-1.562291,48.120485,9.328509,3.467908,-0.000568
25.616102,26.599242,32.569213,1579.245541,-1.567512,48.139433,9.335639,3.482022,-0.001250
25.630547,26.630383,32.509297,1574.407877,-1.543439,48.144417,9.368859,3.495330,-0.003589
25.638962,26.643726,32.452116,1569.544922,-1.524113,48.161902,9.399628,3.496076,0.003518
25.659734,26.659254,32.381823,1564.682020,-1.514643,48.171494,9.429462,3.516556,0.005748
25.667943,26.681153,32.328950,1559.788890,-1.509973,48.182788,9.444556,3.526999,0.012600
25.681088,26.693463,32.261958,1554.897043,-1.485971,48.197688,9.466347,3.528837,0.004861
25.709103,26.702423,32.205074,1549.963789,-1.469713,48.221843,9.480564,3.524037,0.000178
25.717701,26.723331,32.136978,1545.038447,-1.444114,48.227163,9.504780,3.540114,0.005029
25.724774,26.741675,32.079930,1540.083438,-1.435089,48.247018,9.520279,3.550884,0.008968
25.741952,26.762705,32.027042,1535.124047,-1.421421,48.257077,9.545751,3.550929,-0.001804
25.755639,26.780902,31.967116,1530.146328,-1.402097,48.268672,9.552380,3.558233,0.004180
25.770246,26.796151,31.919183,1525.164019,-1.380951,48.269302,9.572680,3.564120,0.006153
25.790744,26.818998,31.866778,1520.164988,-1.353970,48.282785,9.575852,3.562052,0.000216
25.797727,26.827694,31.809346,1515.151225,-1.336530,48.304770,9.582777,3.571267,-0.001018
25.804294,26.854794,31.757068,1510.123084,-1.322263,48.322742,9.585652,3.573754,-0.004781
25.823776,26.863565,31.708614,1505.106385,-1.290212,48.330688,9.602123,3.574417,0.008054
25.829539,26.886414,31.657159,1500.056763,-1.275007,48.344273,9.615216,3.584013,0.004187
25.847887,26.897103,31.601797,1495.013620,-1.249280,48.355532,9.605255,3.575988,-0.006611
25.863093,26.914639,31.546466,1489.970326,-1.230017,48.368915,9.608523,3.582598,-0.001925
25.881788,26.936785,31.496446,1484.920174,-1.218540,48.378127,9.603710,3.580128,-0.000639
25.891004,26.948371,31.457331,1479.848891,-1.192941,48.391050,9.604840,3.575423,0.003123
25.898352,26.970405,31.411958,1474.788386,-1.170079,48.422890,9.593575,3.574299,-0.003020
25.915102,26.980995,31.364066,1469.710427,-1.141637,48.419148,9.594948,3.575251,0.003432
25.929806,26.993116,31.328120,1464.644988,-1.130266,48.427899,9.587425,3.567191,0.003146
25.936900,27.016194,31.287929,1459.587436,-1.110724,48.440779,9.581120,3.562168,-0.001530
25.960635,27.028293,31.243151,1454.514168,-1.096390,48.459763,9.564685,3.564930,0.005103
25.971796,27.042125,31.205861,1449.448970,-1.073833,48.477497,9.556760,3.559448,-0.001342
25.976495,27.057273,31.164669,1444.382217,-1.049694,48.483404,9.542194,3.549172,0.002664
25.991585,27.074711,31.115443,1439.317127,-1.032132,48.503616,9.523509,3.552279,-0.005334
26.006511,27.094869,31.079970,1434.275298,-1.024550,48.514545,9.516711,3.540906,0.006007
26.013786,27.108557,31.041536,1429.208823,-1.018631,48.518575,9.498267,3.529990,0.009873
26.027125,27.123772,31.000098,1424.167112,-0.991495,48.535127,9.483244,3.535434,0.002376
26.048725,27.149565,30.971055,1419.127246,-0.978517,48.547999,9.463508,3.521513,0.005603
26.048913,27.154415,30.926446,1414.089961,-0.964022,48.564977,9.438791,3.522111,-0.005770
26.068153,27.170255,30.902622,1409.058122,-0.959976,48.567955,9.421313,3.512863,-0.003605
26.067794,27.188503,30.867385,1404.046262,-0.955672,48.584367,9.401136,3.497298,-0.002556
26.105313,27.211244,30.826053,1399.045909,-0.945131,48.599509,9.381357,3.489569,0.005484
26.112295,27.216409,30.795607,1394.067639,-0.943244,48.609493,9.348612,3.496018,0.003970
26.121276,27.241029,30.753559,1389.065847,-0.937878,48.627108,9.341767,3.477667,-0.001360
26.123151,27.250101,30.717078,1384.093118,-0.937143,48.637331,9.308302,3.468391,-0.003737
26.141323,27.269944,30.692130,1379.136701,-0.924025,48.643058,9.293301,3.469683,-0.006607
26.156588,27.279035,30.661480,1374.185375,-0.931950,48.661876,9.271273,3.453429,-0.005029
26.171796,27.305917,30.620813,1369.252678,-0.935185,48.666324,9.234484,3.446521,0.008470
26.176606,27.310237,30.594638,1364.331587,-0.937290,48.684098,9.216969,3.430188,0.013080
26.204121,27.334870,30.559915,1359.424897,-0.946614,48.688991,9.199549,3.425703,0.011582
26.205251,27.337680,30.522253,1354.526591,-0.948554,48.704778,9.172830,3.403864,0.004740
26.215710,27.355058,30.490689,1349.669235,-0.958549,48.711481,9.151166,3.410755,-0.002670
26.228749,27.370522,30.449415,1344.789401,-0.973937,48.739848,9.131829,3.408771,-0.007311
26.234734,27.392916,30.423400,1339.939342,-0.989121,48.745748,9.111058,3.398871,-0.004272
26.250646,27.402544,30.385000,1335.112403,-1.004558,48.764703,9.081685,3.394643,-0.000370
26.265874,27.421942,30.347909,1330.298476,-1.011577,48.773788,9.066978,3.377370,0.004784
26.268914,27.434176,30.318186,1325.502662,-1.027558,48.779706,9.045007,3.375897,-0.005721
26.284151,27.450311,30.273248,1320.714540,-1.058240,48.799399,9.038627,3.368535,-0.000447
26.297039,27.469511,30.235482,1315.944214,-1.075559,48.801958,9.009057,3.362805,-0.004342
26.314314,27.484956,30.198346,1311.180889,-1.088912,48.817681,8.996354,3.342256,0.012312
26.320001,27.498262,30.170657,1306.446411,-1.114390,48.836919,8.970907,3.344460,0.007097
26.346335,27.506029,30.129107,1301.716353,-1.139946,48.834658,8.961711,3.336809,0.002317
26.339240,27.528378,30.083325,1297.016943,-1.163476,48.853640,8.955067,3.339298,0.004160
26.350373,27.541618,30.055705,1292.327357,-1.196866,48.869771,8.930397,3.332533,0.005523
26.369000,27.556965,30.005001,1287.646536,-1.204015,48.885382,8.912063,3.320513,-0.002078
26.387175,27.577251,29.971365,1282.974152,-1.234445,48.894356,8.908971,3.320528,0.002747
26.388262,27.577544,29.922406,1278.329233,-1.270142,48.901950,8.892921,3.316924,-0.005168
26.401144,27.593123,29.883652,1273.692694,-1.298133,48.919571,8.876105,3.305102,0.001385
26.410859,27.616472,29.837163,1269.076142,-1.341290,48.927718,8.868822,3.302439,-0.000841
26.420272,27.629213,29.788299,1264.464778,-1.380909,48.946893,8.859131,3.302395,0.008086
26.433749,27.631312,29.742317,1259.875683,-1.404240,48.956538,8.844706,3.306620,0.005959
26.437485,27.652433,29.692247,1255.279800,-1.445752,48.968111,8.850802,3.299615,-0.002868
26.447146,27.667244,29.653546,1250.711908,-1.480413,48.977477,8.834914,3.297180,0.004269
26.466065,27.686543,29.603699,1246.162096,-1.514518,48.998540,8.836840,3.287069,-0.008917
26.468499,27.687309,29.558467,1241.615613,-1.538431,49.001374,8.834846,3.294772,-0.003876
26.484364,27.709413,29.493872,1237.072931,-1.585891,49.008713,8.834431,3.281767,0.001004
26.505755,27.720257,29.445907,1232.542239,-1.627531,49.024502,8.834412,3.294583,-0.006363
26.512127,27.732741,29.394990,1228.025594,-1.663812,49.048199,8.838703,3.287444,-0.004497
26.517826,27.759394,29.347349,1223.509930,-1.704815,49.054112,8.833618,3.288258,0.001557
26.535193,27.768265,29.287936,1219.015968,-1.735097,49.068063,8.839205,3.302022,0.004929
26.528188,27.780634,29.234930,1214.517283,-1.763584,49.079400,8.849306,3.294538,0.001750
26.557170,27.795514,29.175880,1210.034136,-1.815993,49.093787,8.848689,3.303280,-0.002540
26.560316,27.809736,29.117823,1205.552619,-1.840896,49.105676,8.859079,3.287035,-0.004615
26.580774,27.817104,29.062274,1201.084974,-1.873159,49.117147,8.863051,3.300777,-0.000072
26.585294,27.833286,29.009566,1196.606580,-1.922773,49.121446,8.882541,3.304870,0.008255
26.599559,27.847916,28.945742,1192.125995,-1.958110,49.138625,8.885245,3.314372,0.002737
26.599107,27.861990,28.875922,1187.680292,-2.003823,49.159172,8.902662,3.305219,-0.011479
26.616205,27.873361,28.818225,1183.204995,-2.037604,49.155467,8.909725,3.317649,-0.001691
26.623215,27.890071,28.758232,1178.760539,-2.071421,49.162241,8.917839,3.324752,0.004919
26.638087,27.902130,28.683155,1174.315102,-2.105956,49.177860,8.930580,3.325323,0.000434
26.647702,27.911405,28.620680,1169.855807,-2.132801,49.199352,8.933686,3.329518,0.009235
26.659705,27.921651,28.564242,1165.397433,-2.176202,49.212367,8.956969,3.346815,0.008083
26.671680,27.950216,28.496361,1160.951152,-2.200936,49.219319,8.979497,3.335697,0.002376
26.673006,27.959366,28.417084,1156.503444,-2.227202,49.223099,8.987324,3.343899,0.001883
26.692466,27.967338,28.357735,1152.048864,-2.253583,49.242494,8.990170,3.350570,-0.001354
26.698273,27.976900,28.291306,1147.586794,-2.282956,49.256249,9.030067,3.362040,0.006583
26.706698,27.998042,28.224525,1143.135713,-2.314373,49.264881,9.037480,3.367125,-0.002379
26.716500,28.003675,28.152703,1138.670721,-2.340554,49.280036,9.052999,3.372240,-0.004166
26.721839,28.015760,28.083581,1134.202824,-2.373102,49.295020,9.066783,3.382228,0.005399
26.737521,28.034714,28.009582,1129.734913,-2.394807,49.299791,9.083532,3.385876,0.000927
26.744329,28.039642,27.943347,1125.265808,-2.418575,49.300183,9.111961,3.396842,-0.001828
26.759003,28.044052,27.867046,1120.784060,-2.439287,49.323280,9.133086,3.403927,-0.010034
26.767486,28.064300,27.797479,1116.296045,-2.468964,49.339903,9.142207,3.405379,-0.004466
26.780092,28.078710,27.724100,1111.818043,-2.487450,49.343901,9.167252,3.410882,0.002417
26.786423,28.092250,27.653322,1107.336241,-2.516526,49.356050,9.186711,3.428423,-0.007147
26.794567,28.102116,27.573188,1102.825913,-2.524216,49.376657,9.208443,3.433395,0.003869
26.810877,28.126158,27.499046,1098.324242,-2.545308,49.383966,9.225444,3.432423,0.002458
26.812794,28.140667,27.431343,1093.814243,-2.562344,49.396039,9.239519,3.444099,0.002720
26.820303,28.144253,27.349974,1089.291637,-2.562472,49.404159,9.264162,3.447509,-0.001470
26.842827,28.155349,27.290875,1084.764571,-2.584236,49.419022,9.274237,3.462792,0.003344
26.847671,28.172053,27.210175,1080.238169,-2.589758,49.436314,9.298980,3.461710,-0.007936
26.859756,28.179748,27.127489,1075.695263,-2.593993,49.443756,9.317311,3.466724,0.001074
26.861612,28.186202,27.066251,1071.146238,-2.608074,49.446075,9.337694,3.474717,0.003909
26.879847,28.206839,26.985989,1066.599185,-2.619093,49.464369,9.352942,3.481441,0.002337
26.882802,28.222644,26.918846,1062.024481,-2.629981,49.472978,9.371239,3.491991,0.006688
26.898447,28.236613,26.852100,1057.469772,-2.639451,49.484027,9.381877,3.505365,0.005343
26.899843,28.239941,26.785407,1052.891696,-2.637799,49.495489,9.405612,3.495224,-0.001064
26.906641,28.259483,26.699871,1048.308353,-2.630618,49.514532,9.413269,3.506899,0.014249
26.916632,28.268115,26.618781,1043.708216,-2.646140,49.526000,9.417818,3.515872,0.000634
26.919704,28.285896,26.556472,1039.119106,-2.653796,49.523670,9.428848,3.506061,-0.005100
26.941366,28.291778,26.484927,1034.517181,-2.646874,49.536335,9.439661,3.520196,-0.001966
26.944551,28.300194,26.417126,1029.912634,-2.651558,49.555271,9.449556,3.520326,-0.009004
26.955063,28.320753,26.341447,1025.312776,-2.643357,49.571172,9.469470,3.530603,0.000158
26.956023,28.324011,26.265742,1020.685901,-2.651176,49.572771,9.472054,3.521201,-0.001035
26.970827,28.340709,26.193243,1016.053082,-2.647864,49.591808,9.478635,3.534859,0.004825
26.979830,28.347350,26.128389,1011.439624,-2.647783,49.594172,9.496724,3.532146,0.002391
26.988038,28.365058,26.055774,1006.799234,-2.647074,49.597520,9.499833,3.532134,0.006576
26.996829,28.365228,25.989724,1002.156367,-2.643814,49.616556,9.506160,3.545200,0.002972
27.012389,28.382883,25.919562,997.513300,-2.644393,49.632712,9.517764,3.539824,-0.002093
0.044201,0.056340,51.621927,4925.651260,-0.479665,45.007973,6.224677,2.323885,0.007725
0.091940,0.091909,51.561248,4922.297255,-0.466868,45.000911,6.283706,2.334887,0.004461
0.134136,0.152862,51.515460,4918.874841,-0.458774,45.004494,6.332944,2.355361,-0.002576
0.185489,0.193130,51.450237,4915.438241,-0.446332,45.002123,6.365990,2.364607,0.000051
0.232443,0.229675,51.400518,4911.976966,-0.422160,44.997123,6.410993,2.390714,-0.005995
0.280175,0.283267,51.340930,4908.486377,-0.392464,45.003799,6.444196,2.402184,0.000942
0.334430,0.332831,51.293498,4904.972539,-0.384337,44.989189,6.482545,2.413604,-0.010298
0.373713,0.370862,51.243963,4901.438889,-0.367646,45.007016,6.513329,2.427453,0.004601
0.405563,0.412213,51.197326,4897.874052,-0.340597,45.001208,6.549160,2.442094,0.000897
0.457890,0.467281,51.155084,4894.291899,-0.335960,45.003832,6.581722,2.454369,0.003529
0.513628,0.509980,51.109238,4890.688666,-0.297937,45.003615,6.603773,2.458579,0.005742
0.561048,0.558317,51.075974,4887.062742,-0.285013,45.000044,6.630894,2.482632,0.007432
0.601891,0.611158,51.038584,4883.422788,-0.256148,45.007455,6.645126,2.468574,-0.000146
0.651490,0.643657,51.008396,4879.750285,-0.241900,45.003771,6.690902,2.481953,-0.011300
0.707394,0.699601,50.967988,4876.076604,-0.224067,45.013466,6.698346,2.490097,-0.007684
0.744257,0.744638,50.947446,4872.392732,-0.195290,45.009751,6.713495,2.502049,0.005064
0.785880,0.800402,50.922869,4868.680140,-0.187997,45.012969,6.718736,2.502017,0.003818
0.829295,0.833097,50.900902,4864.959072,-0.154004,45.013533,6.726026,2.510550,0.000083
0.877875,0.876655,50.887636,4861.238599,-0.128038,45.010036,6.743850,2.511001,-0.001911
0.919245,0.931380,50.872589,4857.494219,-0.113814,45.012144,6.737996,2.511874,-0.000395
0.971991,0.977611,50.872248,4853.759569,-0.089663,45.013066,6.742287,2.503106,0.002884
1.015628,1.015464,50.851383,4850.002127,-0.060334,45.014241,6.737927,2.515689,0.003339
1.061779,1.066149,50.848859,4846.249874,-0.048161,45.009596,6.734876,2.514928,0.001656
1.106889,1.100538,50.838893,4842.500188,-0.021209,45.023556,6.731837,2.510739,0.003933
1.153749,1.146618,50.841764,4838.747864,0.001233,45.015040,6.724840,2.501342,-0.000147
1.197111,1.205483,50.833436,4834.989098,0.016242,45.017373,6.701528,2.499263,-0.003215
1.248714,1.250771,50.840939,4831.229272,0.048596,45.024019,6.691323,2.494275,-0.004545
1.290970,1.286731,50.855728,4827.489664,0.065096,45.022775,6.686425,2.485977,-0.001782
1.335979,1.346016,50.867784,4823.741775,0.088741,45.022419,6.653694,2.469131,0.012565
1.386181,1.393200,50.875127,4819.987856,0.098437,45.020043,6.632748,2.472685,-0.000040
1.431671,1.434483,50.898468,4816.266496,0.128090,45.027413,6.611089,2.464373,-0.010227
1.467284,1.477105,50.906041,4812.534532,0.141876,45.032495,6.584374,2.450500,0.000389
1.519128,1.522560,50.920975,4808.822169,0.154667,45.028700,6.566837,2.442031,-0.007146
1.562481,1.572447,50.948593,4805.119733,0.179710,45.016614,6.542102,2.439920,0.002308
1.607122,1.611637,50.967570,4801.434758,0.193838,45.030948,6.506301,2.421498,0.004215
1.652648,1.657574,50.990167,4797.763774,0.210012,45.033060,6.463895,2.413854,-0.011022
1.698256,1.701560,51.018778,4794.098837,0.219669,45.034498,6.426875,2.401147,-0.002453
1.746017,1.745997,51.047267,4790.449602,0.230858,45.027328,6.403012,2.387592,-0.010749
1.792129,1.797876,51.081278,4786.826498,0.246881,45.038024,6.360621,2.368848,0.013888
1.837167,1.839764,51.119063,4783.217946,0.273262,45.036894,6.333361,2.360574,-0.012215
1.887011,1.883491,51.141980,4779.624167,0.281920,45.036623,6.276992,2.341398,-0.001126
1.925090,1.926613,51.179425,4776.051924,0.288719,45.043931,6.241764,2.319231,0.009311
1.970940,1.971359,51.220250,4772.504865,0.309308,45.042827,6.198244,2.313661,0.012165
2.015115,2.022110,51.255844,4768.993805,0.312394,45.046044,6.165879,2.301350,-0.001059
2.057619,2.065656,51.294882,4765.473766,0.326465,45.045949,6.111683,2.274625,0.001276
2.103895,2.111338,51.339904,4761.977259,0.335833,45.050607,6.070578,2.262298,0.005543
2.153882,2.154869,51.372201,4758.507633,0.335055,45.054736,6.031064,2.243757,-0.005003
2.211074,2.199173,51.421148,4755.073423,0.341312,45.059589,5.975176,2.226389,0.002160
2.238635,2.241856,51.462687,4751.646044,0.357718,45.054700,5.941418,2.215032,0.003878
2.289996,2.288457,51.501362,4748.251643,0.348146,45.061832,5.901750,2.183270,-0.002324
2.339539,2.331814,51.560780,4744.884822,0.364811,45.055704,5.841174,2.179614,-0.004173
2.383893,2.380675,51.584609,4741.541991,0.356583,45.066278,5.791051,2.156326,0.003114
2.418448,2.421052,51.637591,4738.219854,0.355766,45.072016,5.761055,2.143205,-0.004012
2.467734,2.470370,51.689287,4734.918669,0.352268,45.118764,5.721746,2.129862,28.995881
2.514195,2.516386,51.724416,4731.654448,0.337135,45.171227,5.686187,2.114838,29.007849
2.553195,2.563234,51.778107,4728.412881,0.317377,45.228621,5.632527,2.100619,29.007117
2.603621,2.601211,51.804677,4725.186382,0.306071,45.276475,5.593238,2.088002,29.004018
2.643570,2.644003,51.843245,4721.993758,0.299667,45.328278,5.555503,2.066812,29.000172
2.694210,2.698557,51.879262,4718.817435,0.284821,45.381763,5.516352,2.062953,29.000271
2.726933,2.735819,51.914438,4715.675808,0.259693,45.431249,5.490211,2.043566,29.001273
2.786128,2.791159,51.944218,4712.551423,0.235229,45.481080,5.466554,2.031629,28.996167
2.818347,2.822908,51.973934,4709.448646,0.234634,45.527881,5.436272,2.025614,29.006770
2.867360,2.879928,51.999537,4706.372034,0.216392,45.581109,5.403054,2.008556,28.997606
2.908735,2.915023,52.021148,4703.312498,0.185657,45.631826,5.381325,2.004791,29.008894
2.961120,2.973313,52.043936,4700.267125,0.163925,45.680066,5.358219,1.991950,28.997173
3.003090,3.002505,52.068590,4697.231212,0.152531,45.738682,5.344821,1.991488,29.000985
3.037456,3.053380,52.088318,4694.227400,0.132975,45.787466,5.323321,1.978023,29.002632
3.089318,3.092444,52.089748,4691.231115,0.107984,45.830319,5.296381,1.971169,29.002062
3.133244,3.144528,52.102230,4688.249127,0.099604,45.890627,5.281661,1.969529,28.990728
3.175136,3.189220,52.118023,4685.292833,0.078259,45.927866,5.256660,1.951998,29.008014
3.224257,3.234713,52.124185,4682.334081,0.050268,45.984760,5.251947,1.961247,29.001949
3.261226,3.288465,52.125606,4679.393235,0.021852,46.030751,5.242359,1.960619,28.992850
3.313028,3.321397,52.140422,4676.456792,0.010723,46.082348,5.232419,1.950006,29.005963
3.351194,3.365441,52.126208,4673.544655,-0.010465,46.135373,5.222977,1.948446,28.999180
3.396366,3.408373,52.136059,4670.627635,-0.043993,46.186338,5.229006,1.944715,28.997005
3.442506,3.465789,52.128133,4667.720501,-0.064454,46.230185,5.228683,1.945694,29.008792
3.476755,3.507107,52.118705,4664.821978,-0.086542,46.279087,5.221350,1.938878,28.998782
3.512731,3.554477,52.100020,4661.918816,-0.104634,46.323622,5.224884,1.944880,28.996984
3.559634,3.598879,52.095693,4659.033587,-0.133463,46.389643,5.236722,1.941845,29.003644
3.605087,3.635417,52.073668,4656.147191,-0.141193,46.421296,5.230211,1.947110,28.997204
3.656542,3.684318,52.060616,4653.266553,-0.168935,46.489469,5.246523,1.949542,29.006906
3.699469,3.726680,52.043609,4650.381739,-0.201936,46.540051,5.252271,1.959176,29.007135
3.733577,3.774510,52.008311,4647.498523,-0.213994,46.583553,5.257081,1.971902,29.005505
3.775429,3.820941,51.978551,4644.613627,-0.249353,46.635018,5.274795,1.968402,29.001979
3.822101,3.872664,51.948812,4641.709605,-0.259923,46.696351,5.294556,1.976162,28.995722
3.861713,3.916827,51.922683,4638.811609,-0.284093,46.738660,5.309220,1.989110,28.998365
3.903826,3.960996,51.884487,4635.916794,-0.312835,46.799897,5.325057,1.979752,28.997658
3.950056,4.006248,51.844707,4633.018343,-0.324796,46.840625,5.350976,1.990618,28.996232
3.991799,4.045557,51.796089,4630.111709,-0.344936,46.903016,5.369818,1.999675,28.999637
4.029869,4.096157,51.760917,4627.187724,-0.370425,46.955821,5.405106,2.021304,28.999115
4.080859,4.139258,51.715500,4624.253415,-0.380401,47.004571,5.435275,2.018176,28.996884
4.122564,4.181011,51.665573,4621.313354,-0.418746,47.056448,5.458571,2.033349,28.996271
4.158245,4.223291,51.623047,4618.345400,-0.420626,47.109388,5.488922,2.046773,28.995643
4.207981,4.284321,51.562882,4615.391734,-0.452384,47.160139,5.519540,2.058868,29.002809
4.246890,4.322533,51.506083,4612.393700,-0.465444,47.224058,5.567913,2.078224,29.003183
4.289555,4.365718,51.441654,4609.389739,-0.479828,47.282451,5.599104,2.090205,29.005789
4.331161,4.408894,51.379970,4606.388132,-0.505237,47.333953,5.638746,2.104489,28.999161
4.373503,4.456948,51.323664,4603.351455,-0.510503,47.381862,5.683917,2.115385,28.992619
4.410472,4.505121,51.258743,4600.306712,-0.527427,47.439850,5.729854,2.130988,29.006351
4.461607,4.547422,51.197543,4597.222985,-0.553619,47.505995,5.773886,2.155028,28.996821
4.495272,4.602954,51.130634,4594.126958,-0.561679,47.546281,5.823494,2.175646,29.004779
4.537906,4.636513,51.064721,4591.006774,-0.598265,47.609334,5.857881,2.183039,29.007725
4.570153,4.686160,50.996061,4587.858252,-0.595574,47.656570,5.914373,2.203778,29.005303
4.621257,4.722143,50.917209,4584.692830,-0.611124,47.740393,5.969022,2.215072,28.994865
4.661833,4.781635,50.843613,4581.495959,-0.618580,47.779788,6.020285,2.247521,29.002511
4.700411,4.816869,50.774803,4578.276135,-0.627860,47.854562,6.082335,2.260324,29.002717
4.734775,4.868736,50.695799,4575.016800,-0.647647,47.912407,6.135706,2.296277,28.999765
4.787622,4.913150,50.616060,4571.748674,-0.650864,47.968053,6.191659,2.308919,29.014371
4.812247,4.962885,50.538031,4568.439616,-0.662012,48.027210,6.252610,2.336190,29.006576
4.862450,5.008326,50.459651,4565.108670,-0.666115,48.096520,6.321825,2.353385,29.001872
4.902281,5.050740,50.377688,4561.718444,-0.664238,48.162059,6.380633,2.380632,29.005147
4.947004,5.099243,50.288337,4558.319340,-0.679259,48.223313,6.443938,2.385602,29.007548
4.984102,5.137831,50.215429,4554.864900,-0.679032,48.281520,6.502869,2.412406,28.993942
5.025724,5.185477,50.125707,4551.388511,-0.694309,48.346057,6.578755,2.442719,29.002307
5.068038,5.239744,50.048701,4547.868443,-0.700894,48.418397,6.636600,2.474638,29.006803
5.113124,5.281337,49.965128,4544.323914,-0.701121,48.479503,6.711420,2.495844,28.990003
5.142434,5.324138,49.890754,4540.735558,-0.702764,48.547276,6.775053,2.520352,28.998485
5.193823,5.364035,49.801473,4537.105912,-0.693711,48.622215,6.844197,2.548137,28.998638
5.216784,5.414776,49.710526,4533.449657,-0.696160,48.683504,6.921101,2.571469,28.999731
5.268472,5.456719,49.637297,4529.727634,-0.700471,48.764587,6.982578,2.595855,29.003094
5.313406,5.511196,49.537794,4525.982589,-0.697157,48.822042,7.048681,2.631408,29.003660
5.354399,5.555268,49.469651,4522.202226,-0.692383,48.897029,7.119223,2.648763,29.001658
5.394285,5.609774,49.386414,4518.381136,-0.688136,48.971740,7.187094,2.674069,28.998491
5.430523,5.645240,49.310312,4514.516537,-0.674464,49.038301,7.272971,2.694783,29.003669
5.480937,5.689531,49.215666,4510.615753,-0.678160,49.115019,7.329131,2.731526,29.009297
5.506754,5.743126,49.144450,4506.670732,-0.662508,49.185921,7.402076,2.764741,29.001499
5.549079,5.793140,49.067358,4502.681204,-0.649061,49.253986,7.469229,2.767109,29.003679
5.594744,5.821405,48.997088,4498.652514,-0.635968,49.344649,7.534537,2.807125,28.997143
5.620912,5.862867,48.921413,4494.598164,-0.628998,49.408361,7.599981,2.831115,29.000265
5.658094,5.926316,48.842702,4490.474719,-0.622595,49.491608,7.663856,2.860766,28.996913
5.706922,5.970944,48.764930,4486.339615,-0.609612,49.556257,7.724235,2.878158,29.005070
5.746273,6.011630,48.701778,4482.153226,-0.604329,49.647887,7.785518,2.901216,29.002780
5.776524,6.055658,48.638028,4477.929684,-0.578142,49.721203,7.841950,2.929794,28.995685
5.814513,6.105801,48.572807,4473.671526,-0.559203,49.801762,7.911462,2.938346,28.996411
5.855865,6.147200,48.500133,4469.371530,-0.540091,49.884722,7.960842,2.956351,29.000392
5.903083,6.194058,48.447634,4465.049949,-0.527454,49.962398,8.016518,2.987462,29.002563
5.940969,6.234407,48.384353,4460.673359,-0.506157,50.046038,8.076453,3.006051,29.000602
5.969478,6.286866,48.327581,4456.279647,-0.494599,50.128553,8.131191,3.032437,28.989088
6.012017,6.333161,48.259401,4451.847277,-0.470985,50.202038,8.172815,3.044455,28.998269
6.046686,6.379789,48.218141,4447.390583,-0.448197,50.294967,8.216944,3.063674,29.003770
6.090149,6.433711,48.159910,4442.883576,-0.436082,50.375794,8.259679,3.072709,28.998838
6.124458,6.471931,48.108606,4438.377081,-0.393316,50.455441,8.287383,3.099741,28.996431
6.158259,6.524448,48.063718,4433.836097,-0.377428,50.541677,8.337348,3.105799,28.996104
6.199796,6.558423,48.027324,4429.243672,-0.362206,50.630172,8.371479,3.120970,29.008818
6.231389,6.612864,47.997034,4424.641934,-0.331795,50.711804,8.395374,3.122721,28.988064
6.282926,6.656630,47.947940,4420.033631,-0.310352,50.791840,8.427958,3.137669,28.997723
6.312830,6.708517,47.914268,4415.386380,-0.261956,50.806130,8.456954,3.149597,0.006886
6.352305,6.752182,47.886056,4410.711743,-0.221752,50.813079,8.467567,3.161609,0.008946
6.383724,6.796257,47.865190,4406.041634,-0.165538,50.811091,8.472847,3.159259,-0.001313
6.436908,6.844475,47.844842,4401.346195,-0.136551,50.820684,8.475773,3.157113,-0.000360
6.465722,6.891391,47.836300,4396.641371,-0.098976,50.835664,8.465537,3.156690,-0.004131
6.501012,6.929924,47.821574,4391.929626,-0.050178,50.848502,8.465009,3.155630,0.003126
6.526971,6.979429,47.829306,4387.193214,0.008353,50.845190,8.442615,3.140298,-0.007268
6.570430,7.034371,47.824054,4382.475152,0.054681,50.847684,8.421961,3.137135,-0.010814
6.613966,7.072914,47.831986,4377.760994,0.092822,50.859125,8.401797,3.129834,0.005960
6.648648,7.118889,47.845136,4373.053851,0.132773,50.861000,8.357698,3.105926,0.007966
6.678940,7.165843,47.866072,4368.341326,0.169918,50.865023,8.327876,3.101618,-0.010725
6.718249,7.216131,47.893849,4363.652506,0.214744,50.873835,8.279433,3.079580,0.001425
6.767476,7.254221,47.909668,4358.980326,0.256363,50.895309,8.230201,3.077095,-0.002857
6.794884,7.299522,47.944235,4354.327580,0.291300,50.886446,8.183091,3.045448,-0.004526
6.830372,7.349693,47.977076,4349.683147,0.329476,50.893292,8.119409,3.032870,-0.004900
6.872205,7.392688,48.019091,4345.082666,0.372503,50.911942,8.053039,2.998445,0.002488
6.899256,7.438577,48.055929,4340.497858,0.396923,50.909431,7.990582,2.979268,0.000343
6.947902,7.477013,48.107118,4335.944094,0.448900,50.919313,7.915030,2.959197,0.007833
6.970494,7.529397,48.165817,4331.422457,0.476821,50.939062,7.842343,2.921188,-0.000448
7.019356,7.569004,48.220750,4326.938454,0.498924,50.931778,7.765403,2.884095,0.003404
7.054399,7.625023,48.275626,4322.484893,0.523464,50.947883,7.694789,2.870968,-0.002257
7.080430,7.668975,48.349030,4318.060310,0.562416,50.947461,7.619734,2.836088,-0.011342
7.132711,7.699748,48.400441,4313.700976,0.577741,50.949523,7.520351,2.797026,-0.007783
7.161208,7.749000,48.479164,4309.371987,0.598497,50.958120,7.435699,2.767060,-0.004747
7.188309,7.794464,48.543600,4305.078084,0.634007,50.968467,7.347345,2.736013,0.000266
7.231328,7.855881,48.613582,4300.829332,0.648701,50.976139,7.261258,2.704731,-0.006806
7.275594,7.883767,48.686994,4296.627717,0.670893,50.973999,7.187884,2.659347,-0.005276
7.306348,7.939559,48.761891,4292.477963,0.684493,50.992253,7.082462,2.633800,-0.000612
7.338236,7.966018,48.843336,4288.374291,0.700871,50.997162,6.985659,2.605941,-0.003657
7.370090,8.027014,48.920636,4284.315668,0.709757,51.005514,6.911240,2.570152,0.000024
7.418874,8.070134,49.006973,4280.294924,0.723914,51.017502,6.819940,2.528732,-0.004215
7.442620,8.119866,49.077876,4276.327567,0.725412,51.018601,6.728047,2.505188,-0.003283
7.491091,8.158661,49.168780,4272.412575,0.735760,51.020191,6.629951,2.475970,-0.002051
7.514226,8.204692,49.243062,4268.545340,0.742874,51.027827,6.543528,2.435357,0.004076
7.547330,8.257834,49.328183,4264.718233,0.748565,51.030434,6.457930,2.408163,-0.000299
7.594579,8.297220,49.419566,4260.948567,0.757908,51.042202,6.366884,2.366435,0.008929
7.626701,8.335213,49.501588,4257.234206,0.738650,51.054685,6.282580,2.336692,-0.007443
7.658047,8.383170,49.577806,4253.548534,0.734488,51.063043,6.204105,2.304896,0.002672
7.702488,8.432407,49.660620,4249.912164,0.746293,51.074934,6.113242,2.282683,0.001400
7.733833,8.476859,49.747321,4246.334286,0.740546,51.076104,6.048461,2.240833,-0.004356
7.773166,8.519370,49.830683,4242.790193,0.723979,51.082028,5.962494,2.228454,-0.002981
7.803768,8.562736,49.909254,4239.316904,0.713522,51.097757,5.890167,2.195218,-0.000515
7.854807,8.610052,50.000969,4235.872779,0.695976,51.102266,5.809384,2.160311,0.001483
7.880959,8.649973,50.064071,4232.445868,0.693834,51.114952,5.738208,2.135066,0.005327
7.913090,8.698049,50.131858,4229.097340,0.675477,51.112577,5.665737,2.115791,-0.007952
7.947171,8.739041,50.210855,4225.780564,0.667671,51.130639,5.595282,2.094341,0.007640
7.968447,8.791568,50.272318,4222.503474,0.643460,51.141030,5.534978,2.068121,0.002079
8.022616,8.818930,50.346360,4219.256620,0.629076,51.131373,5.473778,2.042776,0.007747
8.057084,8.880767,50.414300,4216.065449,0.601992,51.148283,5.408927,2.023317,0.000939
8.087328,8.922299,50.480031,4212.912577,0.585792,51.156079,5.351140,1.990989,0.004457
8.117668,8.957022,50.553421,4209.783918,0.574454,51.173072,5.302482,1.974796,-0.001881
8.168909,9.009057,50.611077,4206.703378,0.531672,51.166973,5.242177,1.955655,-0.005823
8.195032,9.046100,50.661261,4203.640861,0.510482,51.178760,5.196779,1.938890,0.005397
8.237634,9.096911,50.727936,4200.633468,0.492826,51.179390,5.146011,1.920975,0.000175
8.263165,9.135268,50.775767,4197.643253,0.461578,51.194492,5.106790,1.907688,0.001693
8.302482,9.178728,50.829228,4194.694909,0.431240,51.204682,5.054288,1.886363,0.003870
8.336732,9.223665,50.875561,4191.767570,0.392208,51.219585,5.010082,1.872326,0.002086
8.367766,9.276696,50.905605,4188.876424,0.368349,51.211704,4.980671,1.851030,-0.004713
8.411328,9.316634,50.942909,4186.011954,0.339857,51.230855,4.954293,1.837847,-0.000321
8.442040,9.343225,50.992224,4183.171899,0.309221,51.240121,4.922296,1.824803,0.001976
8.474575,9.403924,51.023031,4180.349359,0.280694,51.242029,4.878554,1.826870,0.002090
8.515629,9.447931,51.051853,4177.557355,0.245135,51.252237,4.862885,1.804842,-0.005585
8.556284,9.485948,51.058763,4174.793522,0.211435,51.264868,4.840295,1.804075,0.012250
8.579114,9.531518,51.096388,4172.032196,0.176018,51.269581,4.820472,1.792320,0.004811
8.614904,9.577225,51.111021,4169.306951,0.137503,51.280258,4.803696,1.781320,0.014062
8.652334,9.610748,51.129965,4166.600565,0.109106,51.284909,4.786612,1.783763,0.006452
8.688713,9.660450,51.129454,4163.904234,0.072832,51.288706,4.774675,1.782011,-0.000221
8.725652,9.715923,51.135276,4161.217416,0.050621,51.302465,4.768437,1.775629,-0.005346
8.766504,9.748895,51.140911,4158.556015,0.001043,51.324173,4.760187,1.774300,0.009452
8.794146,9.795488,51.140864,4155.905652,-0.027824,51.322828,4.755977,1.767417,-0.006906
8.825454,9.847073,51.128741,4153.257856,-0.073310,51.331699,4.749080,1.768575,-0.009583
8.861580,9.890190,51.128642,4150.631453,-0.103210,51.345151,4.757824,1.773777,0.006519
8.901584,9.926853,51.115344,4148.009579,-0.151217,51.339831,4.747550,1.769498,-0.008274
8.931457,9.972784,51.089566,4145.388232,-0.169572,51.349121,4.761557,1.772736,-0.002926
8.966583,10.016957,51.072510,4142.781383,-0.220960,51.362588,4.762780,1.771530,-0.001628
9.001479,10.065072,51.050425,4140.169214,-0.243813,51.376643,4.784297,1.779170,-0.006273
9.034825,10.109826,51.024337,4137.567539,-0.283863,51.391312,4.784811,1.790526,-0.001221
9.067665,10.158219,50.984914,4134.957742,-0.325858,51.387767,4.801849,1.782359,-0.004363
9.107591,10.190351,50.948981,4132.350879,-0.361651,51.403596,4.830601,1.790723,-0.007947
9.136765,10.238020,50.912664,4129.751862,-0.390554,51.410183,4.848407,1.801658,-0.002442
9.166012,10.269707,50.862526,4127.148122,-0.438348,51.422851,4.879611,1.818336,0.000944
9.210475,10.320074,50.815182,4124.511508,-0.467997,51.424204,4.903009,1.819849,-0.002117
9.237316,10.369642,50.765003,4121.896676,-0.495370,51.440301,4.928438,1.838955,0.000742
9.280799,10.407592,50.712715,4119.266381,-0.535271,51.438468,4.956009,1.846803,0.002158
9.321979,10.451003,50.652184,4116.618448,-0.563122,51.455273,5.004851,1.861037,0.005108
9.354040,10.499000,50.578964,4113.971638,-0.597061,51.470773,5.037751,1.863218,0.000616
9.370930,10.543076,50.521919,4111.301639,-0.635716,51.472805,5.076305,1.900138,0.004599
9.416313,10.583522,50.453339,4108.612514,-0.659667,51.478996,5.125797,1.908644,-0.006642
9.448549,10.631985,50.379559,4105.910504,-0.687457,51.493553,5.177226,1.921302,0.005635
9.483917,10.675348,50.303111,4103.189685,-0.720056,51.509567,5.203689,1.943476,-0.004909
9.513949,10.714496,50.222369,4100.452035,-0.745758,51.506711,5.264050,1.962279,0.003097
9.554856,10.775033,50.148594,4097.679212,-0.773912,51.519550,5.327881,1.978427,0.002533
9.592099,10.807394,50.056675,4094.887038,-0.798175,51.534663,5.382826,2.001377,0.011530
9.622512,10.846360,49.969950,4092.074068,-0.826418,51.548014,5.433552,2.026251,0.009508
9.647540,10.894896,49.871130,4089.231774,-0.845047,51.550630,5.487904,2.051183,0.003917
9.681440,10.929706,49.783655,4086.369510,-0.873435,51.555205,5.552301,2.069067,0.015287
9.707437,10.974865,49.700489,4083.454788,-0.894088,51.562662,5.622244,2.097990,0.012741
9.752947,11.022848,49.589369,4080.531169,-0.916017,51.578081,5.695064,2.119347,0.011619
9.785430,11.061241,49.483718,4077.558685,-0.925846,51.591932,5.778970,2.151151,0.001337
9.823808,11.102039,49.399753,4074.557129,-0.957066,51.582752,5.839332,2.185307,-0.001349
9.860024,11.151640,49.292981,4071.518214,-0.968503,51.601331,5.921204,2.206183,-0.000679
9.892081,11.201642,49.183213,4068.429951,-0.974610,51.616375,5.999066,2.240199,0.003375
9.925372,11.238664,49.075665,4065.311482,-0.997509,51.630691,6.078431,2.263052,-0.000756
9.956277,11.285659,48.976014,4062.146757,-1.010427,51.635800,6.160067,2.295801,-0.007271
9.990425,11.324472,48.882414,4058.943648,-1.010739,51.641234,6.241351,2.331858,0.003548
10.028804,11.371186,48.769674,4055.671445,-1.026876,51.659161,6.324997,2.352325,0.000611
10.053748,11.415781,48.651449,4052.380757,-1.032116,51.668494,6.419341,2.386616,0.005388
10.093030,11.458082,48.546289,4049.040302,-1.047705,51.665956,6.500795,2.417764,-0.005180
10.130235,11.501216,48.435526,4045.637921,-1.019495,51.686266,6.591950,2.454646,0.002968
10.157819,11.542310,48.320757,4042.200240,-1.035964,51.700174,6.687095,2.497138,0.008029
10.196621,11.581324,48.212084,4038.704823,-1.032592,51.703214,6.774380,2.530239,0.002811
10.227029,11.628097,48.096050,4035.146024,-1.037663,51.721439,6.868815,2.558197,0.003060
10.254375,11.667182,48.005401,4031.552644,-1.027811,51.721602,6.961374,2.586016,-0.014679
10.291743,11.707640,47.893174,4027.892094,-1.019030,51.732796,7.053333,2.622054,0.002729
10.327581,11.754877,47.778285,4024.188088,-1.012199,51.739369,7.153009,2.662430,0.008104
10.358950,11.801303,47.667703,4020.415629,-1.001616,51.753133,7.241879,2.700283,-0.007742
10.379187,11.843375,47.574559,4016.588208,-0.989449,51.724376,7.341338,2.730626,-13.998554
10.429429,11.886042,47.467911,4012.726137,-0.989441,51.700154,7.432695,2.774908,-14.002746
10.459556,11.917041,47.360508,4008.787065,-0.975343,51.667846,7.520145,2.801176,-14.000527
10.496289,11.974067,47.266481,4004.805357,-0.966393,51.633725,7.618930,2.842282,-14.002229
10.526856,12.012316,47.167210,4000.768647,-0.952789,51.614364,7.696408,2.863862,-13.996945
10.559603,12.055510,47.067536,3996.673908,-0.921320,51.592266,7.794570,2.901887,-13.994700
10.588157,12.090475,46.977409,3992.519893,-0.910770,51.550806,7.881122,2.940554,-14.003892
10.625584,12.134673,46.874645,3988.320188,-0.876550,51.516352,7.976629,2.969063,-14.006972
10.655256,12.183927,46.792044,3984.061839,-0.862872,51.489000,8.054287,3.003120,-13.996653
10.692483,12.224531,46.693139,3979.747301,-0.843297,51.462625,8.137393,3.041137,-13.990669
10.726136,12.263190,46.615160,3975.384498,-0.806232,51.424861,8.233761,3.064310,-13.997498
10.756152,12.309527,46.527651,3970.971146,-0.796318,51.386641,8.309284,3.087382,-13.997811
10.792525,12.357199,46.449459,3966.502601,-0.763018,51.356406,8.377979,3.121237,-13.996909
10.825208,12.389614,46.375675,3961.990996,-0.730696,51.325764,8.462697,3.152393,-13.994384
10.859236,12.431937,46.285944,3957.433756,-0.704501,51.284461,8.526903,3.168242,-14.005861
10.900811,12.471441,46.222053,3952.822317,-0.667244,51.253463,8.585139,3.203953,-13.995299
10.924886,12.517061,46.150701,3948.174537,-0.624897,51.217759,8.644128,3.214330,-13.998284
10.956416,12.562795,46.086014,3943.475361,-0.597880,51.184385,8.705462,3.247350,-14.000248
10.991253,12.600461,46.040777,3938.750634,-0.552489,51.154238,8.765065,3.263358,-14.001123
11.028034,12.643134,45.976602,3933.971566,-0.532886,51.106666,8.809405,3.277604,-13.992603
11.063797,12.684136,45.921909,3929.178225,-0.487965,51.076377,8.834878,3.294752,-13.997323
11.078995,12.727971,45.869891,3924.324253,-0.445794,51.036357,8.893513,3.302585,-14.000046
11.128638,12.774274,45.829400,3919.465200,-0.407072,51.004449,8.914968,3.319719,-13.985819
11.148425,12.817462,45.788160,3914.571750,-0.375763,50.968197,8.950609,3.335706,-13.996870
11.194259,12.860977,45.747436,3909.661738,-0.327424,50.925631,8.969973,3.345077,-13.993080
11.220107,12.894013,45.729585,3904.726826,-0.286465,50.889567,8.995721,3.356951,-14.003251
11.260428,12.936155,45.702350,3899.760654,-0.249539,50.857015,9.001426,3.344689,-13.998148
11.289262,12.973626,45.670915,3894.786851,-0.198493,50.817768,9.002989,3.353070,-14.006695
11.314872,13.021748,45.664268,3889.796331,-0.162817,50.777432,9.000687,3.361990,-14.003496
11.353210,13.066113,45.632581,3884.804783,-0.116147,50.744720,8.994978,3.354458,-13.998302
11.393599,13.100952,45.626763,3879.806382,-0.081450,50.702596,8.999943,3.350199,-13.999274
11.420892,13.141637,45.625028,3874.807947,-0.039283,50.665550,8.975986,3.342581,-13.996678
11.454402,13.184431,45.619265,3869.801584,-0.010741,50.627466,8.957759,3.347500,-14.006274
11.490697,13.215333,45.628469,3864.796232,0.029529,50.588437,8.930070,3.323459,-14.002765
11.514030,13.276633,45.631510,3859.797708,0.069426,50.556118,8.903983,3.317452,-13.994215
11.546551,13.310676,45.641109,3854.816930,0.109313,50.524418,8.866870,3.306507,-13.995829
11.580640,13.343375,45.638923,3849.842257,0.146705,50.480673,8.831085,3.288068,-13.992218
11.612305,13.397793,45.668939,3844.876444,0.189716,50.445033,8.785589,3.272489,-13.992305
11.648494,13.424045,45.691218,3839.931041,0.218557,50.404284,8.740608,3.255684,-13.996602
11.686754,13.478526,45.717580,3834.996631,0.254168,50.375801,8.693459,3.240265,-14.002029
11.708453,13.505926,45.733067,3830.088637,0.286201,50.339437,8.638791,3.216944,-14.007631
11.741053,13.550737,45.772449,3825.205657,0.321235,50.299963,8.578032,3.194814,-14.002944
11.795211,13.587130,45.810148,3820.351359,0.335506,50.265555,8.512794,3.169110,-14.000597
11.818459,13.631054,45.832891,3815.519307,0.373133,50.230270,8.449519,3.150119,-14.007095
11.846244,13.665846,45.875794,3810.724239,0.396718,50.195699,8.375841,3.123024,-13.996253
11.890320,13.704092,45.907817,3805.952204,0.427458,50.155258,8.323395,3.099964,-13.993492
11.902069,13.760324,45.957120,3801.218348,0.446241,50.115804,8.251328,3.063639,-14.003715
11.945444,13.796659,46.006990,3796.510190,0.468167,50.089866,8.178327,3.036446,-14.008465
11.980113,13.832994,46.044431,3791.843948,0.488341,50.057855,8.093391,3.005772,-14.000296
12.003397,13.865989,46.109822,3787.214207,0.512880,50.029193,8.030363,2.979236,-14.007960
12.034522,13.909358,46.144803,3782.623236,0.518201,49.987032,7.953744,2.954379,-13.991103
12.069173,13.945324,46.207207,3778.066973,0.528794,49.951831,7.868643,2.922989,-13.998063
12.106588,13.991599,46.259486,3773.562160,0.548694,49.929193,7.788663,2.906920,-13.995153
12.143558,14.025742,46.315866,3769.099177,0.560766,49.885411,7.715789,2.872178,-14.001949
12.179599,14.067182,46.351982,3764.668449,0.570127,49.858711,7.635392,2.842827,-14.010834
12.212835,14.111138,46.431463,3760.274843,0.571623,49.825967,7.564423,2.812834,-14.002870
12.236559,14.148548,46.479856,3755.927672,0.568624,49.793850,7.481170,2.789549,-14.004046
12.278839,14.183882,46.540135,3751.617416,0.585935,49.764065,7.394510,2.754679,-13.998916
12.298106,14.228137,46.592199,3747.361965,0.589943,49.740420,7.328301,2.728304,-14.002070
12.337615,14.261094,46.651802,3743.149140,0.585720,49.712201,7.247392,2.699137,-13.995929
12.364823,14.306034,46.709918,3738.953736,0.586003,49.682435,7.184560,2.679534,-13.997909
12.394158,14.337093,46.773085,3734.826492,0.577228,49.657363,7.103376,2.645093,-13.996375
12.426218,14.377045,46.824178,3730.728649,0.580405,49.621206,7.033415,2.617914,-13.995647
12.461452,14.415910,46.880197,3726.676918,0.560448,49.589148,6.960663,2.594105,-13.991428
12.496220,14.456265,46.927740,3722.656235,0.547445,49.566224,6.895637,2.568588,-14.000412
12.522750,14.505440,46.984167,3718.680618,0.548397,49.535791,6.837576,2.544417,-13.994145
12.565039,14.532886,47.046152,3714.753669,0.540116,49.510017,6.767630,2.524652,-14.000701
12.586873,14.576950,47.096437,3710.851847,0.519096,49.483658,6.695835,2.509563,-14.000012
12.626798,14.613049,47.148686,3707.000755,0.502908,49.456430,6.640622,2.476945,-14.004854
12.655952,14.639259,47.182698,3703.180163,0.494431,49.430635,6.584980,2.455634,-13.998985
12.688321,14.690186,47.231787,3699.396662,0.468584,49.409346,6.530518,2.436250,-13.997246
12.726302,14.728944,47.276277,3695.639177,0.448251,49.379605,6.471520,2.416786,-14.004069
12.752396,14.767389,47.314078,3691.930920,0.427255,49.357307,6.434020,2.394156,-14.003488
12.785869,14.812025,47.354656,3688.253216,0.402809,49.334711,6.372895,2.365470,-14.001526
12.818655,14.838934,47.393001,3684.596801,0.385240,49.312262,6.329737,2.363510,-14.002634
12.850325,14.887827,47.432838,3680.989527,0.357322,49.281039,6.276966,2.349975,-14.001931
12.880364,14.922720,47.459542,3677.402273,0.338056,49.267413,6.245553,2.329069,-14.003859
12.917651,14.959474,47.497127,3673.840643,0.313020,49.238049,6.205330,2.309979,-14.008778
12.942821,14.998380,47.517823,3670.317451,0.279396,49.212885,6.168389,2.304600,-14.002727
12.976340,15.035267,47.546972,3666.814928,0.264121,49.198676,6.129775,2.277248,-13.998528
13.009217,15.065534,47.567669,3663.329055,0.217692,49.165182,6.094569,2.256902,-14.001502
13.044191,15.118337,47.591056,3659.881836,0.188277,49.140171,6.066777,2.264241,-13.997236
13.069274,15.154439,47.596443,3656.457063,0.165851,49.119804,6.047667,2.251982,-14.001236
13.102124,15.186468,47.626934,3653.046926,0.120980,49.089376,6.020341,2.242642,-14.003552
13.141521,15.235652,47.627781,3649.654622,0.099885,49.080072,6.005170,2.233337,-14.002281
13.167223,15.262352,47.643308,3646.287271,0.059755,49.048462,5.984530,2.233121,-13.996486
13.205562,15.305751,47.647241,3642.937779,0.030390,49.027923,5.971187,2.220631,-13.988733
13.236097,15.344240,47.646750,3639.599225,-0.009427,49.009602,5.959983,2.213364,-14.011505
13.265262,15.378314,47.639518,3636.279900,-0.040519,48.979773,5.948318,2.223489,-13.997501
13.298683,15.411726,47.641097,3632.971804,-0.076023,48.951436,5.938793,2.212096,-14.000172
13.336141,15.454996,47.629966,3629.666668,-0.112156,48.935560,5.948611,2.208869,-14.001625
13.376943,15.485811,47.613764,3626.390773,-0.146650,48.908655,5.934246,2.222566,-14.003915
13.391269,15.525279,47.591527,3623.114562,-0.174326,48.890364,5.943236,2.214974,-13.995392
13.428287,15.567603,47.589164,3619.835459,-0.209198,48.867735,5.941755,2.208285,-13.982936
13.454422,15.608606,47.569036,3616.571257,-0.246232,48.845395,5.957308,2.217623,-14.001035
13.486355,15.643970,47.539380,3613.303685,-0.283513,48.823591,5.964431,2.221290,-13.999602
13.518268,15.681198,47.516246,3610.036609,-0.308415,48.800271,5.986617,2.225561,-13.996756
13.553646,15.717136,47.476368,3606.794940,-0.356145,48.780312,5.992637,2.234924,-13.994388
13.579940,15.754749,47.451991,3603.526427,-0.382547,48.746881,6.014665,2.246161,-13.995400
13.622866,15.792988,47.401240,3600.266501,-0.417902,48.739621,6.036839,2.246731,-14.009352
13.650643,15.828073,47.363673,3596.994768,-0.451993,48.715560,6.059931,2.256123,-14.003450
13.685743,15.864228,47.317082,3593.725385,-0.482070,48.693177,6.082012,2.271595,-14.002426
13.717723,15.905594,47.276672,3590.447110,-0.520878,48.660226,6.108648,2.274048,-13.994414
13.737978,15.945999,47.225272,3587.152468,-0.555029,48.634601,6.147009,2.298097,-14.000063
13.779616,15.975911,47.172822,3583.861813,-0.590547,48.615896,6.178500,2.311340,-13.998295
13.807328,16.018852,47.119056,3580.549434,-0.614512,48.593027,6.221306,2.325653,-13.990877
13.844892,16.045057,47.055502,3577.219102,-0.642893,48.562480,6.258368,2.327695,-13.996636
13.874735,16.083224,46.990122,3573.886281,-0.674733,48.538493,6.294311,2.348307,-14.001538
13.904104,16.124542,46.928591,3570.518208,-0.703822,48.517606,6.339248,2.355750,-13.997007
13.933608,16.169353,46.859647,3567.141235,-0.731045,48.503800,6.391572,2.379940,-14.000251
13.970355,16.199640,46.795580,3563.740982,-0.762213,48.469472,6.439423,2.397431,-14.002570
13.998348,16.233638,46.726256,3560.315990,-0.772497,48.451311,6.503098,2.415002,-13.995971
14.016460,16.271968,46.649051,3556.881620,-0.801250,48.415721,6.553165,2.444634,-13.995705
14.065252,16.312034,46.572435,3553.409837,-0.824967,48.393184,6.610582,2.467628,-14.004188
14.094302,16.338818,46.499257,3549.915871,-0.849808,48.374122,6.664074,2.485056,-14.007737
14.121847,16.377508,46.404808,3546.389093,-0.874146,48.336428,6.731436,2.502930,-13.998368
14.151568,16.416045,46.330776,3542.828617,-0.897300,48.319109,6.803215,2.533849,-14.000136
14.177217,16.452097,46.247839,3539.240457,-0.901169,48.278008,6.856353,2.559413,-14.004401
14.224241,16.492215,46.166342,3535.630770,-0.927967,48.258367,6.929772,2.583448,-14.005691
14.256782,16.534506,46.076530,3531.974644,-0.935799,48.225594,7.006190,2.611975,-14.000648
14.280083,16.552909,45.993335,3528.265064,-0.947232,48.202176,7.071622,2.632751,-13.998500
14.313594,16.597523,45.895697,3524.549649,-0.972911,48.162945,7.136265,2.653407,-13.999836
14.348050,16.634086,45.811937,3520.775762,-0.967601,48.136919,7.217098,2.689515,-14.005350
14.374425,16.668961,45.724326,3516.970669,-0.976378,48.107556,7.296923,2.714580,-14.000021
14.404419,16.707120,45.627854,3513.116370,-0.988026,48.076540,7.376983,2.740666,-14.004838
14.441389,16.745021,45.536628,3509.238562,-0.991387,48.049982,7.447651,2.783034,-14.006826
14.476009,16.780468,45.444886,3505.300947,-1.000188,48.014606,7.529904,2.800089,-13.996259
14.494309,16.817329,45.362328,3501.318580,-0.990236,47.975781,7.614247,2.837679,-14.008729
14.533400,16.841327,45.265320,3497.303213,-0.994667,47.941403,7.693501,2.870545,-14.000265
14.570204,16.894753,45.175776,3493.239019,-0.994084,47.910540,7.768139,2.888492,-14.000606
14.587109,16.924521,45.078726,3489.116723,-0.988723,47.871199,7.848532,2.933029,-14.001874
14.628113,16.955559,45.002066,3484.951059,-0.984792,47.844284,7.925122,2.957042,-14.002285
14.660851,16.996915,44.917521,3480.757862,-0.973132,47.805317,8.010427,2.982724,-14.003516
14.699001,17.023884,44.821027,3476.488673,-0.965727,47.770398,8.095266,3.015095,-14.001240
14.724761,17.071031,44.730165,3472.197730,-0.954194,47.733124,8.176859,3.049153,-14.009511
14.761458,17.097675,44.638505,3467.853300,-0.944249,47.702185,8.254925,3.075451,-14.000611
14.787133,17.134057,44.560493,3463.444977,-0.926983,47.660463,8.335391,3.098692,-14.008758
14.817046,17.169029,44.474675,3459.005066,-0.915568,47.623432,8.414200,3.136325,-13.989640
14.844726,17.211055,44.392131,3454.516775,-0.897818,47.583194,8.476397,3.153199,-13.998681
14.877537,17.250661,44.313200,3449.984751,-0.870904,47.545282,8.562584,3.187437,-14.007591
14.908251,17.280479,44.227567,3445.397890,-0.850454,47.501971,8.627086,3.203105,-13.991370
14.943799,17.315735,44.161376,3440.763290,-0.830807,47.464139,8.701438,3.239613,-14.000807
14.967852,17.348851,44.088560,3436.098527,-0.804497,47.417702,8.757947,3.266748,-13.999055
15.007558,17.380553,44.029688,3431.377775,-0.777653,47.383443,8.827420,3.288213,-13.998622
15.034488,17.424600,43.947111,3426.637036,-0.751264,47.343604,8.886700,3.319010,-13.994632
15.065812,17.456254,43.870904,3421.825429,-0.722313,47.304568,8.954228,3.335771,-13.998819
15.094169,17.491713,43.819479,3416.987414,-0.701471,47.264232,8.993824,3.356458,-13.997438
15.121495,17.525890,43.762736,3412.118830,-0.646274,47.217915,9.053617,3.362618,-13.995982
15.161397,17.556826,43.691567,3407.216982,-0.629800,47.173579,9.100323,3.391699,-14.001653
15.192853,17.585715,43.647537,3402.270208,-0.599929,47.125176,9.131220,3.408853,-14.006140
15.218155,17.633176,43.603711,3397.299633,-0.559512,47.082568,9.177392,3.411372,-13.997754
15.252236,17.675588,43.553423,3392.303067,-0.523695,47.042906,9.218826,3.429588,-13.997629
15.284821,17.694806,43.507442,3387.274393,-0.472817,47.000481,9.247442,3.443779,-13.996498
15.306310,17.726074,43.465137,3382.220357,-0.449710,46.946834,9.268163,3.441393,-13.995444
15.343617,17.776503,43.425396,3377.126587,-0.414952,46.905404,9.295186,3.460413,-14.002384
15.377813,17.790831,43.376983,3372.031138,-0.378860,46.858458,9.308984,3.470958,-14.003757
15.399177,17.844773,43.349390,3366.924803,-0.340631,46.820999,9.332379,3.477101,-13.998789
15.429784,17.860597,43.327912,3361.786746,-0.308589,46.769850,9.333563,3.471985,-13.998006
15.469911,17.913602,43.305812,3356.633187,-0.264437,46.720600,9.339214,3.477655,-14.000649
15.496058,17.941215,43.279067,3351.492591,-0.223820,46.691027,9.344252,3.487350,-14.001213
15.528948,17.965083,43.258067,3346.334520,-0.191085,46.640283,9.338486,3.476903,-14.005791
15.560680,18.001311,43.246228,3341.153622,-0.155949,46.600101,9.326912,3.470174,-14.000252
15.593717,18.029571,43.236250,3335.976107,-0.110402,46.545238,9.316568,3.469377,-14.000531
15.622812,18.066453,43.224155,3330.803688,-0.074161,46.508033,9.296182,3.456415,-13.995734
15.649310,18.108169,43.227989,3325.633076,-0.045463,46.459052,9.271471,3.458667,-14.006167
15.681679,18.132608,43.217434,3320.459758,-0.012654,46.409698,9.239369,3.447856,-13.994454
15.710725,18.178698,43.221147,3315.299355,0.030555,46.374526,9.217765,3.446372,-13.996705
15.741029,18.202833,43.227981,3310.157054,0.056110,46.321171,9.170256,3.417574,-13.999983
15.766025,18.238631,43.230634,3305.000587,0.085858,46.270667,9.147525,3.416134,-14.000172
15.807929,18.273309,43.233706,3299.879572,0.119156,46.226681,9.108321,3.399189,-14.003907
15.838022,18.305991,43.251211,3294.773742,0.162401,46.189305,9.079104,3.372742,-13.996683
15.858352,18.344894,43.265123,3289.665758,0.184475,46.148011,9.018233,3.365572,-14.009331
15.899656,18.371280,43.286839,3284.605901,0.208932,46.086797,8.961722,3.336798,-14.001821
15.938531,18.407238,43.299569,3279.553005,0.227822,46.052070,8.916550,3.313244,-13.984971
15.960678,18.436571,43.318008,3274.522022,0.261002,46.002964,8.875057,3.300875,-13.995816
15.988250,18.470690,43.351395,3269.506452,0.288855,45.966391,8.805574,3.289577,-13.991937
16.020757,18.500378,43.376190,3264.524786,0.300516,45.910761,8.740093,3.259887,-14.001946
16.053084,18.532252,43.407842,3259.578084,0.320682,45.874140,8.686666,3.227923,-14.002705
16.081720,18.566238,43.422351,3254.655726,0.343662,45.832829,8.626192,3.210243,-14.001524
16.106866,18.601603,43.448503,3249.764706,0.363964,45.798716,8.563849,3.188381,-13.997508
16.141450,18.634970,43.478582,3244.896384,0.371461,45.742448,8.508018,3.170565,-13.997534
16.173670,18.666309,43.522529,3240.080010,0.395868,45.698318,8.448851,3.136256,-14.000460
16.202870,18.706190,43.548658,3235.278736,0.396721,45.664535,8.363562,3.117084,-13.997123
16.228906,18.732040,43.567274,3230.505709,0.407493,45.616743,8.310919,3.094716,-14.001958
16.264046,18.763699,43.622518,3225.770831,0.411654,45.579778,8.249122,3.068069,-13.998668
16.287959,18.789397,43.664539,3221.078441,0.423902,45.535001,8.176620,3.047856,-13.999050
16.321807,18.827454,43.694875,3216.427108,0.423180,45.502490,8.119680,3.019413,-13.999823
16.351233,18.848595,43.727554,3211.797643,0.434538,45.469850,8.049292,3.007576,-13.995728
16.381487,18.885672,43.763212,3207.205607,0.429504,45.420228,7.994676,2.971703,-13.998083
16.415596,18.914459,43.797462,3202.634917,0.432097,45.384693,7.926809,2.952033,-13.995599
16.444340,18.954701,43.839847,3198.123879,0.432803,45.354697,7.860420,2.932985,-13.995166
16.465479,18.978483,43.874744,3193.638997,0.423433,45.301737,7.807062,2.909048,-14.000684
16.492349,19.009541,43.908224,3189.207775,0.407328,45.268784,7.735372,2.875818,-13.994290
16.535787,19.045548,43.943969,3184.775707,0.403564,45.229334,7.689198,2.856633,-13.997002
16.562771,19.082469,43.970791,3180.403737,0.392283,45.189485,7.623833,2.836961,-13.996583
16.588992,19.106178,44.010005,3176.059947,0.379866,45.161672,7.569535,2.821605,-13.999947
16.623191,19.148874,44.038311,3171.750836,0.373417,45.116072,7.513262,2.799957,-14.003070
16.657811,19.172615,44.073703,3167.469191,0.361143,45.079520,7.458712,2.780696,-14.007335
16.686102,19.200440,44.098322,3163.220926,0.337102,45.044248,7.423973,2.761777,-13.986255
16.708769,19.238718,44.126817,3158.999665,0.328706,45.011376,7.371688,2.742645,-13.996753
16.747944,19.262757,44.150876,3154.824827,0.309655,44.971645,7.327579,2.724591,-13.993641
16.773386,19.296221,44.172900,3150.678491,0.285476,44.944922,7.279515,2.706713,-13.999657
16.801175,19.330393,44.196017,3146.555665,0.264222,44.895916,7.238082,2.694548,-13.998887
16.835333,19.372109,44.215384,3142.439473,0.244617,44.868256,7.187118,2.686276,-14.010956
16.865132,19.398599,44.237896,3138.383813,0.222311,44.839414,7.163527,2.671864,-13.999761
16.889300,19.421938,44.256389,3134.342240,0.188391,44.799810,7.121247,2.660285,-13.997100
16.924633,19.455198,44.280549,3130.326576,0.168646,44.765412,7.092324,2.645483,-13.996603
16.955085,19.492413,44.284221,3126.341830,0.136752,44.738733,7.056533,2.630889,-13.991300
16.979340,19.516529,44.290185,3122.379086,0.106037,44.700161,7.027939,2.619930,-14.003853
17.006063,19.552291,44.294112,3118.425840,0.073521,44.660697,6.998016,2.609411,-13.997850
17.041701,19.570818,44.305778,3114.501541,0.041229,44.632273,6.976919,2.604777,-13.985430
17.059905,19.614677,44.305229,3110.598908,0.025198,44.597578,6.965731,2.590209,-13.994828
17.103490,19.628392,44.308203,3106.712139,-0.000737,44.563672,6.946362,2.586995,-13.998215
17.131185,19.665337,44.300237,3102.836951,-0.046021,44.527449,6.927760,2.582955,-14.003502
17.154211,19.693757,44.295350,3098.978501,-0.081532,44.496589,6.919467,2.578752,-14.002169
17.190502,19.723847,44.293850,3095.148595,-0.108196,44.459719,6.912496,2.571854,-13.996643
17.224307,19.751579,44.284961,3091.320692,-0.143576,44.420165,6.895230,2.573811,-14.000926
17.252402,19.792354,44.266956,3087.507194,-0.175537,44.387913,6.895386,2.566277,-14.001084
17.278848,19.817203,44.261943,3083.699806,-0.211639,44.362024,6.899356,2.577081,-14.006812
17.308763,19.845542,44.236130,3079.905091,-0.248746,44.325566,6.894083,2.559232,-13.998632
17.346244,19.880464,44.217235,3076.125053,-0.276196,44.294513,6.894626,2.569008,-13.997787
17.364676,19.904890,44.195279,3072.338294,-0.306289,44.245701,6.907309,2.573466,-13.995910
17.394700,19.943982,44.163356,3068.566184,-0.342018,44.219108,6.907045,2.571790,-13.996474
17.427752,19.969479,44.146778,3064.791929,-0.392679,44.192022,6.918916,2.578974,-14.003126
17.458154,19.999197,44.110220,3061.019836,-0.411070,44.165245,6.937003,2.576319,-13.996732
17.479061,20.024265,44.062818,3057.248457,-0.436478,44.114606,6.956970,2.600502,-13.993554
17.514758,20.063414,44.032183,3053.476393,-0.477835,44.092173,6.970224,2.598576,-14.000532
17.547476,20.097246,43.992395,3049.703140,-0.498499,44.048957,6.995797,2.611178,-13.995259
17.575062,20.119923,43.960314,3045.923363,-0.537773,44.013006,7.022514,2.617790,-14.001814
17.603914,20.156016,43.903552,3042.132481,-0.575418,43.979962,7.049184,2.632661,-13.998532
17.622232,20.174670,43.870352,3038.336540,-0.606108,43.948773,7.070138,2.640135,-14.001520
17.669790,20.210094,43.817965,3034.536541,-0.632881,43.917684,7.105027,2.649484,-13.992389
17.685516,20.243477,43.765421,3030.723313,-0.671986,43.879840,7.143715,2.658980,-13.996802
17.725242,20.265840,43.716631,3026.902548,-0.702806,43.840243,7.182641,2.681685,-13.999857
17.743437,20.298655,43.656791,3023.066580,-0.732410,43.794961,7.215796,2.682270,-14.002521
17.780940,20.329584,43.592748,3019.198602,-0.746857,43.770216,7.247856,2.703735,-14.003921
17.803160,20.362184,43.538057,3015.330698,-0.771316,43.769582,7.294315,2.719091,-0.008609
17.843020,20.395241,43.463551,3011.440085,-0.791038,43.786586,7.335427,2.727787,0.003604
17.869221,20.418309,43.404302,3007.535984,-0.804130,43.804024,7.380398,2.742074,-0.002888
17.897540,20.440238,43.347693,3003.591835,-0.829227,43.813554,7.435595,2.771319,-0.001244
17.923446,20.470945,43.281632,2999.639466,-0.838061,43.835558,7.481141,2.791205,-0.008382
17.951143,20.506543,43.219448,2995.652486,-0.851505,43.848723,7.538939,2.799095,0.004774
17.982627,20.533424,43.144033,2991.654764,-0.867621,43.850528,7.584771,2.820017,-0.000852
18.012045,20.567949,43.080921,2987.624543,-0.870517,43.860421,7.640639,2.851710,-0.006712
18.049165,20.592820,43.000199,2983.557517,-0.888120,43.878749,7.695031,2.854333,0.006191
18.057069,20.617140,42.939319,2979.470430,-0.892228,43.888304,7.745336,2.889991,0.000293
18.093687,20.655147,42.871313,2975.352424,-0.904303,43.909130,7.800051,2.915197,-0.004053
18.124796,20.684640,42.789014,2971.214070,-0.912228,43.919990,7.853351,2.928514,-0.004805
18.152206,20.707992,42.719639,2967.037969,-0.911020,43.919367,7.913628,2.951111,-0.005535
18.188754,20.742544,42.653522,2962.836076,-0.906595,43.947871,7.968067,2.964764,0.001116
18.204390,20.768891,42.588836,2958.604236,-0.922849,43.948503,8.024570,2.976771,-0.000817
18.236361,20.804512,42.513860,2954.325420,-0.914608,43.972899,8.087875,3.011798,-0.003810
18.275728,20.826260,42.439585,2950.022711,-0.919728,43.990342,8.142434,3.034972,-0.005596
18.296133,20.848281,42.378885,2945.689135,-0.918576,44.001114,8.196206,3.036547,-0.002140
18.336941,20.891143,42.307909,2941.323956,-0.895788,44.012533,8.247790,3.075045,-0.003746
18.353101,20.913994,42.225804,2936.924010,-0.892971,44.029403,8.312688,3.097237,-0.005732
18.374486,20.930699,42.151495,2932.492095,-0.897753,44.042893,8.362121,3.110444,0.001392
18.408055,20.962341,42.093104,2928.020095,-0.878589,44.059345,8.421511,3.140011,-0.006095
18.438278,21.001368,42.037767,2923.534272,-0.871528,44.069090,8.475371,3.159045,-0.002797
18.466489,21.023405,41.956075,2918.999250,-0.858977,44.084178,8.526090,3.176126,-0.004419
18.491809,21.069348,41.895044,2914.433884,-0.843020,44.087593,8.587929,3.195568,-0.007081
18.520322,21.080721,41.826393,2909.844807,-0.828023,44.104602,8.634868,3.222355,0.000066
18.558166,21.119286,41.774942,2905.202659,-0.812200,44.119717,8.691321,3.243090,0.005760
18.570565,21.138583,41.710481,2900.543162,-0.798598,44.128065,8.731179,3.252425,-0.001147
18.603422,21.174033,41.642128,2895.865418,-0.776872,44.138746,8.771973,3.271746,0.004961
18.630040,21.207746,41.594427,2891.142757,-0.752895,44.153269,8.808744,3.282351,-0.000019
18.658114,21.220539,41.529876,2886.392734,-0.731179,44.168440,8.855761,3.294876,0.001808
18.692516,21.255562,41.483021,2881.615443,-0.713276,44.187091,8.893957,3.304251,-0.005789
18.719483,21.287820,41.424478,2876.820779,-0.683591,44.197396,8.935359,3.326465,-0.005279
18.752184,21.307685,41.373934,2871.987328,-0.670625,44.200142,8.954263,3.336155,0.000917
18.763878,21.344531,41.330028,2867.137380,-0.640576,44.218405,8.989613,3.342465,-0.004422
18.791675,21.373377,41.277439,2862.260240,-0.617602,44.233244,9.025555,3.350561,-0.007861
18.834386,21.401102,41.235322,2857.365015,-0.586730,44.242780,9.048674,3.373975,-0.005463
18.852183,21.415058,41.191365,2852.443255,-0.560555,44.255316,9.073785,3.383120,0.005102
18.888891,21.446620,41.153587,2847.510147,-0.534262,44.275269,9.088474,3.391368,-0.003547
18.906123,21.482674,41.123690,2842.551501,-0.503880,44.295969,9.115872,3.393146,-0.000895
18.935700,21.511305,41.083598,2837.579710,-0.479765,44.293832,9.121887,3.400808,0.003178
18.967484,21.540911,41.048480,2832.593641,-0.447879,44.309756,9.138062,3.405073,0.002019
18.993803,21.563334,41.014776,2827.595900,-0.415057,44.324194,9.145910,3.395530,-0.001302
19.017857,21.595778,40.988855,2822.577459,-0.380211,44.340068,9.156613,3.414273,0.002727
19.048580,21.628037,40.961036,2817.566180,-0.358481,44.354365,9.164376,3.401665,0.000877
19.073665,21.648906,40.937094,2812.527056,-0.325141,44.359692,9.158409,3.406913,-0.003826
19.095132,21.670890,40.899787,2807.492396,-0.297839,44.380219,9.151243,3.405327,0.001488
19.120549,21.699885,40.884272,2802.450792,-0.269592,44.403245,9.139783,3.406589,0.005775
19.151174,21.726761,40.870139,2797.420903,-0.236347,44.401150,9.131410,3.399991,-0.002281
19.173665,21.755116,40.856844,2792.370669,-0.205524,44.418965,9.121286,3.398754,-0.009512
19.208643,21.781527,40.830795,2787.318571,-0.170984,44.425547,9.112391,3.392752,-0.004961
19.226679,21.806387,40.827317,2782.277407,-0.148330,44.449469,9.091131,3.391730,0.002774
19.252101,21.843897,40.810338,2777.246719,-0.122981,44.463512,9.071306,3.377605,0.005291
19.291393,21.864609,40.815794,2772.214083,-0.101080,44.471385,9.046145,3.370704,0.000110
19.304157,21.901876,40.802454,2767.186292,-0.083080,44.497668,9.016369,3.363168,-0.001698
19.335353,21.927681,40.795578,2762.163536,-0.049046,44.502088,8.996155,3.349598,-0.000379
19.362147,21.966877,40.789812,2757.159199,-0.036137,44.508442,8.975989,3.340188,0.006432
19.397316,21.981076,40.782069,2752.170317,-0.005814,44.524684,8.930709,3.324213,0.008616
19.419888,22.009343,40.796422,2747.170853,0.003369,44.532091,8.900982,3.311635,-0.002345
19.440125,22.032124,40.805289,2742.203784,0.022466,44.549362,8.874034,3.305155,0.006258
19.470257,22.060867,40.803214,2737.244551,0.056103,44.571813,8.833192,3.279669,0.008606
19.491379,22.085913,40.801859,2732.303766,0.061908,44.579218,8.799899,3.268801,-0.000245
19.521496,22.117757,40.800700,2727.380611,0.065639,44.599104,8.763481,3.263816,-0.013571
19.552112,22.134924,40.815762,2722.464814,0.097952,44.610895,8.729494,3.248550,-0.007172
19.569773,22.165532,40.816395,2717.587697,0.116847,44.617590,8.675684,3.231988,0.001744
19.591441,22.201647,40.821473,2712.714393,0.128422,44.634746,8.637414,3.222373,0.006944
19.621569,22.218661,40.839516,2707.870070,0.136571,44.642974,8.591409,3.198551,-0.002495
19.651533,22.255661,40.855638,2703.051048,0.142023,44.663907,8.557808,3.176186,0.000575
19.665823,22.284083,40.852051,2698.238373,0.156063,44.678728,8.516202,3.167576,-0.003768
19.710040,22.310688,40.870662,2693.446474,0.159696,44.685659,8.476110,3.153165,-0.006289
19.732797,22.332808,40.870764,2688.688445,0.177031,44.700249,8.429965,3.140254,0.005547
19.763390,22.359799,40.886921,2683.955628,0.161919,44.703901,8.377287,3.128027,-0.004458
19.778587,22.391965,40.899059,2679.239240,0.166681,44.730580,8.338862,3.107529,-0.004958
19.797858,22.422722,40.920003,2674.549510,0.163906,44.735266,8.291189,3.092471,-0.005602
19.828165,22.437293,40.929796,2669.878046,0.164557,44.752509,8.250435,3.070951,0.002397
19.849000,22.466742,40.930432,2665.240414,0.155468,44.769556,8.209972,3.056172,0.001374
19.881603,22.497136,40.953600,2660.624249,0.154721,44.781398,8.172840,3.041239,-0.000636
19.904418,22.514013,40.957394,2656.026513,0.151048,44.790548,8.126214,3.032462,0.010513
19.935895,22.546716,40.973707,2651.460400,0.145822,44.812948,8.088730,3.016845,0.004548
19.958375,22.575319,40.984782,2646.918610,0.132955,44.829151,8.044230,2.999171,-0.001989
19.981198,22.605250,40.987011,2642.402479,0.130867,44.827014,8.015302,2.985684,-0.001257
20.006414,22.620725,41.002538,2637.898641,0.111638,44.840963,7.973465,2.971139,0.004892
20.027414,22.649396,41.008293,2633.428757,0.106332,44.856965,7.945055,2.953329,-0.005841
20.057202,22.679918,41.013318,2628.966866,0.081720,44.863916,7.903161,2.945148,0.001050
20.079167,22.712755,41.005938,2624.545363,0.066805,44.875174,7.875808,2.939783,0.008126
20.099669,22.731460,41.018764,2620.130438,0.057665,44.898449,7.844657,2.934011,0.008521
20.129170,22.761134,41.026656,2615.756082,0.029533,44.913015,7.807053,2.913023,0.001664
20.152189,22.795936,41.024278,2611.380222,0.019256,44.928536,7.790337,2.902167,-0.001526
20.183685,22.808114,41.028015,2607.037866,-0.002150,44.944616,7.754143,2.895405,0.006168
20.199964,22.835082,41.029057,2602.712159,-0.025543,44.957828,7.736481,2.877453,0.004666
20.231906,22.867142,41.022741,2598.410002,-0.042357,44.959113,7.718394,2.873149,-0.006562
20.252603,22.877718,41.021130,2594.120556,-0.065277,44.977680,7.684972,2.864876,-0.005645
20.278087,22.923306,41.009910,2589.851155,-0.088350,44.992439,7.672534,2.858635,-0.006423
20.303336,22.942315,41.006827,2585.587771,-0.110104,45.010171,7.654737,2.856200,-0.002734
20.325682,22.983809,41.007069,2581.346082,-0.140123,45.021983,7.642834,2.844094,-0.002422
20.361551,23.003428,40.983071,2577.135562,-0.164823,45.030150,7.626227,2.843202,-0.000525
20.377980,23.020136,40.971322,2572.913690,-0.193139,45.043692,7.622362,2.829846,-0.006569
20.398580,23.041064,40.965047,2568.712976,-0.218130,45.058531,7.600727,2.832253,-0.000501
20.429584,23.061748,40.953439,2564.533905,-0.250220,45.074701,7.599668,2.831477,0.004678
20.448418,23.100064,40.920684,2560.351469,-0.288079,45.097693,7.594130,2.832179,-0.001934
20.472690,23.125119,40.905342,2556.184779,-0.307697,45.102293,7.577169,2.826163,-0.001712
20.493680,23.154013,40.889799,2552.031802,-0.336974,45.104858,7.589650,2.825162,-0.001757
20.521723,23.168644,40.851752,2547.870251,-0.359829,45.129420,7.584733,2.821986,-0.008865
20.553982,23.198633,40.833017,2543.733002,-0.393776,45.142952,7.581172,2.819740,-0.003616
20.570410,23.228338,40.811915,2539.599174,-0.430744,45.155553,7.588413,2.827184,0.004193
20.589128,23.246327,40.786095,2535.464147,-0.445703,45.167800,7.592672,2.839275,0.006192
20.618524,23.284878,40.747400,2531.332494,-0.475226,45.182854,7.604975,2.839954,0.003030
20.644213,23.307163,40.713249,2527.206425,-0.502126,45.193829,7.609837,2.840408,0.001462
20.660188,23.336057,40.686619,2523.079985,-0.532834,45.209457,7.625856,2.833288,0.001146
20.692985,23.358212,40.644770,2518.950175,-0.572199,45.222368,7.646246,2.841024,-0.007733
20.705638,23.379503,40.607366,2514.825293,-0.596114,45.238140,7.656466,2.849464,0.000704
20.740012,23.410691,40.575719,2510.694145,-0.623664,45.251632,7.671987,2.856600,-0.008249
20.755266,23.428681,40.534026,2506.565090,-0.653137,45.260843,7.708102,2.869972,-0.000928
20.781630,23.463546,40.487104,2502.417029,-0.675567,45.274722,7.712806,2.873233,-0.007026
20.803908,23.486290,40.444485,2498.286511,-0.701085,45.287909,7.734210,2.883962,0.004815
20.824955,23.509503,40.388523,2494.135320,-0.717399,45.297421,7.769931,2.881468,-0.001689
20.859134,23.531451,40.349544,2489.970588,-0.747585,45.317543,7.792875,2.899058,-0.002976
20.876410,23.565351,40.296333,2485.797406,-0.775510,45.322618,7.820329,2.912989,0.006737
20.904669,23.579959,40.240573,2481.621942,-0.793201,45.347657,7.849305,2.922074,-0.003443
20.924053,23.612937,40.188834,2477.432529,-0.813042,45.367636,7.871413,2.936705,-0.000091
20.951127,23.645193,40.137785,2473.239035,-0.845376,45.369582,7.901635,2.942552,0.004749
20.965346,23.658327,40.090236,2469.017674,-0.860409,45.385678,7.945960,2.952051,-0.000901
20.995972,23.688961,40.028128,2464.781419,-0.876649,45.399997,7.982381,2.973457,-0.002372
21.017259,23.707697,39.971034,2460.537516,-0.903931,45.411131,8.021896,2.997312,-0.006613
21.035705,23.746145,39.912161,2456.284467,-0.915984,45.423166,8.050220,3.004600,0.008601
21.063475,23.762956,39.864458,2452.003761,-0.930079,45.442938,8.099423,3.007142,-0.004836
21.097203,23.796764,39.793868,2447.708218,-0.943643,45.459514,8.129416,3.026698,0.007443
21.113914,23.814528,39.722249,2443.393014,-0.952517,45.462354,8.175062,3.046457,0.005128
21.138308,23.851722,39.674554,2439.047735,-0.962674,45.468941,8.215694,3.063082,0.001059
21.148687,23.863507,39.607544,2434.694910,-0.985195,45.494213,8.255257,3.078366,0.005714
21.183553,23.881045,39.542676,2430.319698,-0.986985,45.513867,8.301756,3.090204,0.005111
21.197663,23.906021,39.484901,2425.912717,-0.988013,45.529658,8.349362,3.109147,-0.003907
21.224205,23.936783,39.429826,2421.499738,-0.997379,45.540020,8.383027,3.123486,-0.006038
21.246653,23.961669,39.358335,2417.055830,-1.003734,45.547032,8.431682,3.139576,0.006976
21.271639,23.985503,39.293472,2412.574899,-1.008812,45.561060,8.472988,3.156431,0.000666
21.291402,24.010684,39.230809,2408.091635,-1.005134,45.574949,8.524479,3.185390,-0.006674
21.322058,24.034473,39.159571,2403.570861,-1.005860,45.594525,8.567892,3.190305,-0.000046
21.339138,24.052801,39.098507,2399.020591,-1.006854,45.614080,8.604316,3.211374,-0.000075
21.357195,24.086351,39.049083,2394.456483,-1.017200,45.611161,8.653709,3.223565,0.005434
21.380311,24.111748,38.973205,2389.872677,-1.010035,45.632384,8.691216,3.244451,0.007492
21.418725,24.136100,38.922384,2385.252958,-0.998826,45.647523,8.736470,3.257389,-0.003770
21.433069,24.168343,38.845406,2380.602914,-0.993783,45.652822,8.777122,3.273492,0.001100
21.452859,24.179477,38.790225,2375.935006,-0.984995,45.668411,8.833295,3.283266,0.001358
21.468052,24.205437,38.729873,2371.239592,-0.978515,45.693156,8.870631,3.309082,0.002982
21.494655,24.232771,38.675849,2366.525017,-0.959146,45.691736,8.903682,3.315837,0.001023
21.514833,24.268958,38.608584,2361.782815,-0.956288,45.719240,8.943860,3.331462,-0.001114
21.537714,24.287265,38.549771,2357.017765,-0.941568,45.728703,8.983565,3.359814,0.011933
21.562087,24.310684,38.494119,2352.222499,-0.932280,45.742550,9.019129,3.359164,0.002901
21.585984,24.332699,38.437127,2347.410282,-0.910031,45.750747,9.057666,3.362128,-0.004681
21.603553,24.351378,38.381546,2342.566322,-0.890254,45.759178,9.088939,3.379746,-0.000264
21.626590,24.372576,38.321928,2337.703740,-0.874894,45.778642,9.121301,3.399536,-0.000987
21.659784,24.408110,38.278648,2332.822717,-0.855721,45.798131,9.148483,3.410889,-0.001870
21.673866,24.422361,38.223220,2327.922982,-0.835971,45.813436,9.165980,3.417258,0.003723
21.701933,24.452581,38.184111,2322.997827,-0.827637,45.828049,9.203349,3.432719,0.007887
21.715074,24.477291,38.131614,2318.055568,-0.799149,45.835374,9.224427,3.447230,0.000572
21.739750,24.493871,38.065697,2313.085979,-0.773432,45.851709,9.249411,3.447850,-0.001727
21.753118,24.523908,38.027770,2308.101350,-0.740146,45.869823,9.256813,3.451780,-0.007968
21.789169,24.545780,37.982998,2303.115239,-0.726798,45.881556,9.277765,3.455850,0.001566
21.796020,24.563183,37.948879,2298.096723,-0.707985,45.893437,9.298837,3.463502,-0.005470
21.827701,24.597078,37.901803,2293.076783,-0.685802,45.897196,9.315468,3.471877,0.003594
21.844797,24.620589,37.857468,2288.027770,-0.659045,45.922939,9.320723,3.475072,0.006549
21.869524,24.635471,37.823765,2282.979347,-0.628457,45.924247,9.340849,3.478401,-0.004677
21.880050,24.667716,37.788973,2277.925154,-0.604924,45.949339,9.332123,3.483010,-0.004610
21.906957,24.692851,37.754380,2272.858511,-0.576180,45.968868,9.342381,3.478192,-0.009986
21.927141,24.706525,37.720702,2267.773375,-0.554264,45.977869,9.346480,3.473092,-0.004543
21.947721,24.729526,37.685617,2262.677244,-0.537821,45.991917,9.357926,3.478600,0.003471
21.967206,24.769944,37.660212,2257.590107,-0.504864,46.003864,9.353969,3.488823,-0.005136
21.981239,24.779626,37.624099,2252.484933,-0.484448,46.007828,9.345367,3.486727,0.011492
22.006450,24.810842,37.599649,2247.389933,-0.457663,46.026664,9.338397,3.483101,0.009410
22.024340,24.829425,37.576263,2242.287189,-0.430868,46.042856,9.327184,3.474858,-0.005229
22.056616,24.854780,37.546130,2237.190588,-0.412261,46.064405,9.314960,3.470331,-0.002469
22.075698,24.882019,37.523379,2232.078870,-0.384047,46.067897,9.306783,3.467850,-0.000608
22.088909,24.902681,37.513312,2226.978674,-0.359329,46.074936,9.294059,3.465981,-0.009614
22.118806,24.909276,37.477093,2221.873998,-0.344777,46.099650,9.267895,3.469750,0.003049
22.135257,24.943060,37.468522,2216.779227,-0.316358,46.101954,9.264505,3.445953,0.001545
22.152988,24.975334,37.438394,2211.698797,-0.295300,46.130747,9.233210,3.439458,0.001891
22.179299,24.993835,37.434016,2206.603223,-0.279793,46.137636,9.228780,3.433081,0.003113
22.199025,25.019661,37.422749,2201.526870,-0.260590,46.146887,9.188539,3.420787,0.008376
22.216643,25.035204,37.406791,2196.473216,-0.244472,46.159210,9.174222,3.413964,-0.003629
22.235555,25.064104,37.389623,2191.407256,-0.226282,46.172579,9.145300,3.412957,0.001456
22.257054,25.095327,37.376486,2186.351825,-0.207281,46.185327,9.119256,3.401865,-0.000744
22.279452,25.107469,37.369915,2181.314141,-0.201758,46.200323,9.090501,3.387943,-0.004873
22.297805,25.119948,37.355253,2176.294756,-0.187196,46.218816,9.066835,3.381083,0.006396
22.313537,25.152144,37.340453,2171.277688,-0.167715,46.229882,9.035490,3.365396,0.000706
22.334936,25.178584,37.326255,2166.282106,-0.157173,46.244575,9.009847,3.350440,-0.001438
22.361393,25.197607,37.324382,2161.299263,-0.148439,46.245762,8.986629,3.344872,0.003928
22.372456,25.224130,37.313623,2156.323521,-0.144763,46.264953,8.954564,3.333429,0.003456
22.401841,25.245607,37.306859,2151.372535,-0.140204,46.292226,8.924608,3.323817,0.007171
22.425981,25.268624,37.300062,2146.431722,-0.133965,46.295457,8.886522,3.310258,-0.001985
22.442067,25.291336,37.300073,2141.511262,-0.138419,46.304650,8.856563,3.298739,-0.003818
22.459937,25.307834,37.283771,2136.608960,-0.138065,46.331154,8.819419,3.284165,-0.003195
22.485351,25.331175,37.277653,2131.718196,-0.122579,46.333114,8.790514,3.273972,0.005055
22.495400,25.358199,37.270585,2126.850361,-0.127168,46.347524,8.753795,3.263838,-0.002112
22.510328,25.379327,37.265831,2121.996747,-0.132871,46.364257,8.714039,3.250616,-0.005366
22.533663,25.400404,37.261820,2117.163194,-0.129694,46.375132,8.699448,3.234490,-0.004467
22.547891,25.428922,37.249582,2112.350422,-0.143543,46.391074,8.671973,3.231465,0.010333
22.571845,25.444809,37.240512,2107.555985,-0.144780,46.410733,8.633769,3.223943,0.003209
22.591701,25.450348,37.228144,2102.773678,-0.148049,46.421400,8.610568,3.214202,0.001233
22.620121,25.497404,37.231026,2098.008190,-0.159210,46.422036,8.580578,3.195708,0.004574
22.630859,25.502156,37.216886,2093.275484,-0.174368,46.438685,8.544578,3.175575,-0.008638
22.660333,25.529327,37.207891,2088.544853,-0.186301,46.460344,8.520045,3.172718,0.004298
22.682941,25.549377,37.197127,2083.837122,-0.187484,46.463618,8.493338,3.159866,-0.003518
22.706154,25.578702,37.182801,2079.146638,-0.213043,46.477360,8.469069,3.156170,0.003117
22.716121,25.593553,37.170580,2074.483187,-0.221349,46.507135,8.450559,3.154603,-0.004400
22.734108,25.617965,37.158112,2069.820827,-0.241400,46.506900,8.420381,3.143382,0.012527
22.747788,25.636463,37.149571,2065.184886,-0.261949,46.524413,8.406278,3.134030,0.000556
22.767551,25.659635,37.135994,2060.568280,-0.280044,46.537983,8.377361,3.121554,-0.001442
22.780625,25.687349,37.112060,2055.961624,-0.301736,46.552140,8.370984,3.117051,-0.003692
22.791390,25.704805,37.107848,2051.370265,-0.313091,46.564211,8.342247,3.111824,-0.000985
22.827227,25.732030,37.078739,2046.796100,-0.336946,46.570177,8.332347,3.110192,-0.009396
22.854965,25.736126,37.061832,2042.242599,-0.363340,46.587837,8.316245,3.098478,-0.000357
22.865705,25.772703,37.035118,2037.684859,-0.380250,46.598559,8.297720,3.093182,-0.007171
22.885784,25.795391,37.023616,2033.147834,-0.407748,46.621353,8.290193,3.091163,-0.004076
22.909786,25.822375,36.995484,2028.644396,-0.431175,46.631961,8.276735,3.089264,-0.000661
22.918505,25.824897,36.973582,2024.127200,-0.455371,46.645895,8.260403,3.088646,-0.002519
22.943774,25.852905,36.950796,2019.628062,-0.487670,46.664094,8.259602,3.069718,-0.004803
22.961247,25.883941,36.921578,2015.151584,-0.510757,46.662586,8.242598,3.072464,-0.006917
22.978252,25.896058,36.898291,2010.662465,-0.538234,46.688105,8.244777,3.079955,-0.003335
22.986333,25.922256,36.869001,2006.202896,-0.558553,46.699554,8.246630,3.076476,-0.002420
23.013859,25.945184,36.833107,2001.734256,-0.590215,46.701150,8.242589,3.072794,0.000862
23.031925,25.966452,36.801699,1997.284846,-0.620647,46.727912,8.239571,3.065687,-0.008210
23.052217,25.984438,36.769931,1992.834952,-0.647858,46.731235,8.243800,3.079598,0.002853
23.072152,26.007907,36.734799,1988.402971,-0.679004,46.758384,8.244397,3.066612,-0.002245
23.089886,26.029590,36.705764,1983.966738,-0.694571,46.759626,8.262176,3.074318,0.002567
23.102371,26.046944,36.664204,1979.526858,-0.728605,46.781285,8.253301,3.080413,0.009472
23.121258,26.067727,36.622652,1975.095619,-0.765905,46.786467,8.271665,3.076707,0.001040
23.143400,26.097936,36.589670,1970.674768,-0.793099,46.808330,8.281924,3.091743,0.007399
23.149997,26.113187,36.545755,1966.251631,-0.812733,46.815382,8.294110,3.088492,0.001946
23.176716,26.142262,36.507821,1961.830715,-0.839939,46.837484,8.307406,3.088770,-0.005910
23.194811,26.155263,36.458129,1957.409397,-0.870453,46.848395,8.308584,3.102634,-0.000778
23.211572,26.173317,36.414497,1952.969406,-0.899182,46.860536,8.333203,3.109202,0.003441
23.223833,26.202782,36.368158,1948.555212,-0.922196,46.863886,8.346844,3.107688,-0.001229
23.239134,26.224694,36.321585,1944.119551,-0.950849,46.877631,8.367747,3.122189,-0.008945
23.262835,26.245465,36.272754,1939.679458,-0.964188,46.883196,8.383166,3.123272,-0.007837
23.277522,26.267377,36.220040,1935.239044,-1.000185,46.906517,8.399705,3.121405,0.001788
23.301298,26.281433,36.170698,1930.795818,-1.021640,46.924969,8.432214,3.141764,-0.006017
23.316929,26.298554,36.121923,1926.342105,-1.032523,46.937440,8.452377,3.149693,0.005124
23.337454,26.321154,36.058897,1921.878579,-1.068533,46.945599,8.481581,3.156475,0.002234
23.356484,26.341831,36.004527,1917.405333,-1.084384,46.961183,8.503484,3.167172,0.006257
23.376128,26.366362,35.961090,1912.934225,-1.106996,46.966169,8.518682,3.178491,-0.002684
23.394834,26.375367,35.904936,1908.436135,-1.121068,46.996850,8.552334,3.184792,0.004490
23.405898,26.406084,35.840149,1903.938242,-1.137962,46.997531,8.575091,3.200251,0.007212
23.425932,26.429008,35.787085,1899.435146,-1.151889,47.026389,8.598446,3.202318,-0.003758
23.437709,26.440636,35.728795,1894.910192,-1.163912,47.023712,8.637785,3.220552,0.007929
23.453550,26.457956,35.668635,1890.383918,-1.182100,47.042990,8.656418,3.234277,-0.003391
23.471650,26.484410,35.611027,1885.830020,-1.200469,47.046335,8.694027,3.229592,-0.001711
23.490913,26.506124,35.535987,1881.268804,-1.208455,47.063791,8.728002,3.250283,0.003392
23.515932,26.515804,35.494336,1876.695512,-1.220165,47.068419,8.745907,3.267192,0.004939
23.528082,26.541089,35.433650,1872.102550,-1.223681,47.096020,8.793394,3.269565,-0.002660
23.531512,26.553392,35.374004,1867.508420,-1.240823,47.109171,8.821787,3.280441,-0.002388
23.561788,26.586092,35.300264,1862.878863,-1.241782,47.116279,8.855451,3.299382,-0.006415
23.578733,26.598659,35.247265,1858.240913,-1.251310,47.133206,8.883582,3.312046,-0.004320
23.591483,26.612673,35.188710,1853.593732,-1.258963,47.137126,8.911543,3.318587,-0.001537
23.610420,26.637139,35.124489,1848.917965,-1.255406,47.149188,8.944183,3.328859,0.002469
23.632858,26.669468,35.065433,1844.232368,-1.260861,47.161459,8.968538,3.349565,0.010534
23.637256,26.687974,35.003788,1839.528085,-1.257690,47.184073,8.996023,3.361203,-0.003119
23.666198,26.705548,34.946243,1834.801146,-1.261915,47.201721,9.038560,3.360405,-0.003369
23.688397,26.717397,34.888871,1830.078057,-1.257625,47.207776,9.067951,3.389649,0.002909
23.701349,26.738736,34.826542,1825.315689,-1.254063,47.220068,9.100142,3.389851,-0.011916
23.718422,26.760581,34.774467,1820.548416,-1.247466,47.241708,9.125830,3.397353,0.003600
23.723961,26.791325,34.710879,1815.744680,-1.246328,47.253542,9.153156,3.408257,0.001309
23.750685,26.803108,34.648184,1810.947708,-1.234667,47.259670,9.179649,3.413711,-0.000110
23.762556,26.814431,34.583463,1806.121101,-1.215915,47.275630,9.214058,3.433703,-0.006255
23.784708,26.839950,34.542778,1801.278071,-1.224412,47.281599,9.229316,3.444970,0.004162
23.788757,26.858608,34.469398,1796.418705,-1.206285,47.303543,9.259684,3.447394,0.007499
23.813639,26.876921,34.408441,1791.551821,-1.193908,47.307014,9.285174,3.457211,-0.001589
23.837336,26.897625,34.364620,1786.657727,-1.184677,47.333765,9.292448,3.466165,-0.002530
23.835708,26.926456,34.307333,1781.757786,-1.168864,47.336233,9.320457,3.485116,-0.003026
23.859118,26.930454,34.245891,1776.834012,-1.173699,47.354789,9.347772,3.483874,-0.000981
23.871697,26.947300,34.204382,1771.910812,-1.140192,47.364724,9.357941,3.502153,0.000813
23.887666,26.968711,34.145386,1766.958211,-1.135486,47.382590,9.387516,3.494786,0.004029
23.911433,26.996624,34.096887,1761.995987,-1.106357,47.397988,9.391240,3.494458,-0.005746
23.921553,27.007072,34.052101,1757.026057,-1.097856,47.407760,9.416324,3.504400,0.009490
23.942052,27.036739,33.994200,1752.040007,-1.082162,47.422311,9.415601,3.512498,0.003555
23.950592,27.038314,33.941848,1747.044045,-1.060212,47.432569,9.435867,3.512654,-0.000079
23.975212,27.063860,33.900415,1742.029229,-1.042573,47.449978,9.435484,3.521642,-0.001420
23.986072,27.091721,33.845589,1737.012106,-1.028165,47.453624,9.450288,3.522419,0.001987
24.007207,27.109358,33.806023,1731.995786,-1.010850,47.472855,9.460944,3.535646,-0.003429
24.009294,27.131037,33.765727,1726.967218,-0.981857,47.480589,9.458267,3.527334,0.009162
24.034979,27.134744,33.711216,1721.925999,-0.972369,47.489752,9.471736,3.530829,-0.003253
24.046508,27.173904,33.677149,1716.877615,-0.945016,47.506748,9.468013,3.535787,0.010139
24.068407,27.181246,33.635998,1711.826726,-0.924444,47.518494,9.460849,3.522990,-0.003885
24.085076,27.193754,33.591397,1706.773279,-0.899163,47.542200,9.458223,3.533455,-0.004518
24.095926,27.214834,33.545579,1701.703719,-0.884257,47.556119,9.463120,3.512940,-0.005935
24.106258,27.234224,33.511684,1696.656761,-0.866877,47.559920,9.463119,3.519500,-0.004545
24.128726,27.255621,33.474963,1691.579389,-0.850227,47.579146,9.449572,3.522355,-0.001401
24.154248,27.268691,33.426259,1686.521101,-0.841674,47.583547,9.444616,3.519183,0.003882
24.160286,27.288203,33.402246,1681.452695,-0.814396,47.602222,9.436137,3.520258,0.000859
24.176555,27.311310,33.367929,1676.393547,-0.797769,47.617326,9.422931,3.512525,-0.006645
24.184229,27.327580,33.321481,1671.326026,-0.792395,47.618687,9.411991,3.505740,0.010779
24.202805,27.338566,33.293857,1666.261554,-0.768568,47.639920,9.404240,3.505371,0.002866
24.215155,27.369874,33.258282,1661.206006,-0.756748,47.652201,9.399429,3.489645,0.000082
24.240868,27.378682,33.225205,1656.158722,-0.744484,47.661365,9.380826,3.492640,-0.007499
24.252313,27.401933,33.194670,1651.111028,-0.733107,47.675606,9.365113,3.484482,-0.000199
24.266420,27.415070,33.170047,1646.066776,-0.728878,47.694512,9.342792,3.481289,-0.004105
24.275104,27.434012,33.139143,1641.028574,-0.712450,47.704526,9.334680,3.481189,0.003495
24.289868,27.454306,33.101263,1636.001146,-0.705749,47.710961,9.310933,3.477527,-0.002172
24.306146,27.472281,33.070929,1630.980729,-0.683719,47.722962,9.292074,3.461566,0.006836
24.325216,27.494663,33.042029,1625.960287,-0.690748,47.744686,9.270163,3.448449,0.005508
24.337610,27.503639,33.010097,1620.956794,-0.675635,47.745681,9.248190,3.448949,0.004175
24.363761,27.519906,32.983614,1615.972214,-0.675500,47.764143,9.233073,3.443011,-0.006723
24.360311,27.540769,32.959777,1610.977229,-0.666677,47.789987,9.216013,3.435192,-0.001676
24.394842,27.561841,32.932912,1605.999256,-0.667192,47.784513,9.197018,3.421010,0.001131
24.392469,27.580017,32.898782,1601.044311,-0.670396,47.806638,9.178321,3.421314,-0.002210
24.403831,27.580068,32.876090,1596.094369,-0.660938,47.818062,9.157868,3.412571,0.000100
24.430169,27.612495,32.829932,1591.148689,-0.672027,47.827983,9.132591,3.399113,0.003497
24.438894,27.629985,32.812290,1586.223003,-0.676636,47.835248,9.113806,3.402628,-0.000755
24.454884,27.642124,32.794121,1581.302563,-0.681186,47.851173,9.085278,3.397050,0.004971
24.462663,27.661361,32.757312,1576.411409,-0.669713,47.864470,9.070753,3.371965,-0.005904
24.473222,27.681500,32.739632,1571.505227,-0.688030,47.879646,9.036281,3.371501,-0.001125
24.494784,27.695015,32.704757,1566.633199,-0.687008,47.881356,9.035554,3.365421,0.002642
24.503206,27.712430,32.673568,1561.763123,-0.692100,47.894606,9.010738,3.363778,-0.000395
24.533973,27.731658,32.651224,1556.916116,-0.713515,47.914815,8.998190,3.353994,0.006449
24.547157,27.743857,32.621048,1552.085739,-0.720903,47.932969,8.971816,3.345513,-0.000894
24.555692,27.762774,32.592924,1547.259664,-0.723482,47.938907,8.951473,3.342897,-0.006618
24.554685,27.781050,32.553865,1542.454644,-0.756580,47.958012,8.927251,3.329447,-0.002562
24.579003,27.798492,32.532133,1537.658575,-0.770016,47.958598,8.917295,3.329192,0.006009
24.585760,27.817601,32.502107,1532.874551,-0.787221,47.971080,8.906817,3.319457,0.005488
24.605088,27.831671,32.463953,1528.108425,-0.801130,47.984469,8.889648,3.314929,0.003964
24.628157,27.841421,32.427646,1523.352496,-0.822203,47.995268,8.867433,3.300097,0.010523
24.636134,27.868741,32.404192,1518.607303,-0.839130,48.014250,8.861247,3.308815,-0.000696
24.647707,27.887359,32.362548,1513.874893,-0.855105,48.023326,8.835410,3.296037,0.001079
24.666363,27.896592,32.332184,1509.163637,-0.878898,48.030780,8.829978,3.292020,-0.001853
24.677752,27.917646,32.293033,1504.450762,-0.901037,48.052321,8.808862,3.280326,-0.009171
24.689668,27.940576,32.255535,1499.762429,-0.922381,48.052193,8.807663,3.282151,-0.000325
24.701059,27.947947,32.215131,1495.079757,-0.951772,48.063401,8.797856,3.280349,0.002584
24.714645,27.961217,32.190193,1490.412962,-0.974448,48.081062,8.789616,3.274149,0.003043
24.721118,27.986865,32.142043,1485.759793,-0.999463,48.095074,8.785390,3.279782,0.002509
24.738836,28.005342,32.113685,1481.112670,-1.022409,48.106400,8.771769,3.265130,0.000565
24.756943,28.016392,32.064074,1476.466634,-1.054625,48.111597,8.759903,3.274334,-0.004515
24.776476,28.030577,32.029444,1471.843488,-1.080713,48.135636,8.748177,3.264387,-0.000294
24.782188,28.047749,31.989031,1467.215465,-1.115365,48.139516,8.756311,3.271678,-0.001122
24.803210,28.061413,31.949244,1462.607224,-1.136083,48.151956,8.759778,3.267059,0.004600
24.810634,28.084814,31.894986,1458.007600,-1.157700,48.169722,8.752848,3.265502,0.006590
24.822443,28.092195,31.853428,1453.413338,-1.189518,48.178295,8.763632,3.257604,0.005149
24.831005,28.110126,31.811013,1448.816319,-1.219962,48.188041,8.756622,3.260783,-0.000298
24.849807,28.120953,31.762228,1444.245145,-1.243437,48.197477,8.760142,3.261587,0.001073
24.871254,28.140408,31.721367,1439.666387,-1.276368,48.214335,8.769793,3.259897,0.004106
24.863974,28.154522,31.664308,1435.096140,-1.310376,48.223276,8.763391,3.265077,0.003573
24.883317,28.155810,31.617535,1430.534323,-1.330843,48.244756,8.778859,3.276160,-0.004242
24.898508,28.197388,31.568279,1425.980831,-1.365802,48.267340,8.770926,3.266495,-0.005438
24.906271,28.203766,31.506801,1421.408867,-1.396586,48.259631,8.797556,3.275141,0.005359
24.918302,28.220901,31.461961,1416.857564,-1.427582,48.275071,8.803682,3.274922,0.010586
24.930370,28.235886,31.407407,1412.305896,-1.451914,48.284252,8.800038,3.273776,0.004340
24.952353,28.255502,31.358849,1407.754197,-1.484748,48.298938,8.819204,3.275283,-0.009672
24.965296,28.261526,31.301037,1403.202226,-1.512278,48.316020,8.827526,3.288975,0.006437
24.975992,28.285870,31.247190,1398.658490,-1.537205,48.323688,8.841798,3.295463,-0.001840
24.993249,28.303143,31.183824,1394.104111,-1.569131,48.332316,8.856462,3.301556,-0.010114
24.993179,28.310164,31.127070,1389.560477,-1.596473,48.354249,8.864123,3.301377,0.002244
25.009798,28.334029,31.079410,1385.001063,-1.606859,48.360478,8.882805,3.310573,-0.000779
25.033054,28.345227,31.017781,1380.448953,-1.640528,48.380813,8.901712,3.314475,-0.005090
25.026033,28.356036,30.956986,1375.893366,-1.658646,48.387290,8.910772,3.317872,-0.008597
25.043555,28.382004,30.893813,1371.338273,-1.686123,48.397038,8.923794,3.323669,0.004305
25.052958,28.396189,30.833400,1366.786064,-1.707786,48.411738,8.947539,3.331458,0.006488
25.072060,28.405988,30.778320,1362.214814,-1.723098,48.415592,8.964197,3.337213,0.001825
25.084404,28.419698,30.712742,1357.645016,-1.748169,48.427152,8.981796,3.335590,-0.004718
25.095270,28.436175,30.646958,1353.060597,-1.775529,48.445497,8.996628,3.351695,0.000626
25.115172,28.452800,30.585502,1348.492291,-1.780570,48.457744,9.021010,3.362732,0.001283
25.119430,28.471179,30.516103,1343.906823,-1.806100,48.469421,9.036533,3.370744,0.006158
25.129556,28.482054,30.454221,1339.305757,-1.827714,48.480654,9.045239,3.371979,-0.003968
25.142601,28.502469,30.399344,1334.715670,-1.834688,48.496830,9.083157,3.376847,0.002069
25.163279,28.508622,30.330156,1330.108116,-1.848361,48.502570,9.086592,3.384769,0.000949
25.159280,28.526600,30.265835,1325.496983,-1.872616,48.512989,9.112786,3.389688,-0.004123
25.175440,28.551237,30.199576,1320.878096,-1.878386,48.526892,9.128602,3.404082,0.008376
25.186577,28.560650,30.147502,1316.245668,-1.899736,48.546527,9.150460,3.415368,-0.013870
25.208883,28.574999,30.072901,1311.616011,-1.905585,48.553473,9.169583,3.417801,0.006580
25.218776,28.580725,30.004468,1306.959604,-1.910755,48.566330,9.191277,3.433076,-0.001110
25.230035,28.599426,29.933927,1302.316658,-1.924290,48.579945,9.207871,3.442593,0.006279
25.232868,28.612933,29.874247,1297.661929,-1.927511,48.586069,9.224178,3.444928,-0.001259
25.248202,28.629771,29.808011,1292.981650,-1.934068,48.599593,9.250378,3.446917,-0.000821
25.270300,28.636018,29.746009,1288.302632,-1.943099,48.615721,9.261129,3.453424,-0.006013
25.268586,28.653904,29.680611,1283.624379,-1.951240,48.631830,9.274564,3.448748,0.000054
25.280724,28.675614,29.608939,1278.919275,-1.946415,48.636462,9.295878,3.464169,0.006502
25.287327,28.686967,29.545963,1274.217786,-1.952742,48.648828,9.315631,3.466554,0.003545
25.298076,28.705086,29.491226,1269.499247,-1.943869,48.655314,9.339573,3.477792,-0.000773
25.318503,28.721999,29.413318,1264.788560,-1.941227,48.675406,9.347410,3.482681,0.006926
25.330939,28.723325,29.347123,1260.048670,-1.953206,48.687172,9.356007,3.477544,-0.004054
25.339674,28.734097,29.291780,1255.313035,-1.954402,48.693049,9.370151,3.498067,-0.007767
25.357551,28.755147,29.222395,1250.558611,-1.941048,48.688368,9.395425,3.497565,-0.003088
25.359601,28.772832,29.162778,1245.803966,-1.942318,48.719890,9.401033,3.496195,0.003653
25.367954,28.789378,29.094551,1241.045866,-1.937351,48.729438,9.408212,3.508701,-0.003350
25.387628,28.792814,29.036938,1236.281427,-1.947157,48.740458,9.426345,3.511235,-0.000498
25.396072,28.807723,28.969543,1231.504002,-1.935200,48.749300,9.442868,3.510448,0.005980
25.404468,28.818074,28.908629,1226.713276,-1.925150,48.756784,9.442298,3.523529,0.000579
25.421506,28.833165,28.848364,1221.932659,-1.926548,48.785244,9.452782,3.516936,-0.001922
25.434859,28.849819,28.786815,1217.137141,-1.910676,48.780963,9.453406,3.540146,-0.001956
25.442157,28.876219,28.729256,1212.330835,-1.918523,48.794026,9.469073,3.527933,-0.003061
25.444521,28.870484,28.671314,1207.537191,-1.911481,48.810881,9.472611,3.532409,0.005421
25.454772,28.889128,28.601488,1202.725033,-1.890227,48.823640,9.469976,3.524221,-0.003374
25.466525,28.912130,28.535701,1197.917677,-1.884012,48.832810,9.479166,3.542192,-0.004159
25.481028,28.910150,28.491814,1193.099219,-1.881312,48.848232,9.481458,3.541978,-0.007100
25.486032,28.925935,28.431730,1188.281302,-1.882220,48.855713,9.482585,3.528173,0.001612
25.506080,28.955183,28.363565,1183.452435,-1.865307,48.858506,9.482528,3.534348,-0.000643
25.509733,28.945504,28.308532,1178.628178,-1.868222,48.873219,9.490705,3.527388,0.006026
25.523990,28.970919,28.254608,1173.808767,-1.863306,48.893367,9.486182,3.532496,0.009906
25.533740,28.983577,28.197179,1168.982139,-1.855588,48.898209,9.478527,3.529468,-0.001504
25.541134,29.000208,28.144048,1164.162409,-1.842636,48.907215,9.484406,3.538102,-0.000759
25.562791,29.016894,28.085794,1159.334728,-1.849627,48.927025,9.472617,3.531699,-0.004408
25.563435,29.020933,28.030504,1154.510744,-1.841241,48.933105,9.476072,3.536531,0.003772
25.569048,29.035097,27.962651,1149.699426,-1.836955,48.955090,9.457003,3.520087,-0.003510
25.579486,29.052229,27.916742,1144.882966,-1.837660,48.951456,9.463332,3.526871,0.002805
25.593139,29.067885,27.869853,1140.057195,-1.826518,48.976424,9.449978,3.520687,-0.003329
25.599095,29.075796,27.815244,1135.246601,-1.824034,48.975439,9.442004,3.506751,-0.000013
25.615998,29.086316,27.750880,1130.445330,-1.822518,48.985805,9.430618,3.510807,0.003337
25.627405,29.106580,27.703395,1125.632743,-1.829828,49.004878,9.426300,3.501314,-0.009596
25.637425,29.111180,27.648077,1120.836050,-1.818524,49.009574,9.406982,3.513342,-0.006182
25.646934,29.123789,27.591873,1116.047081,-1.829022,49.022250,9.402824,3.501178,0.000881
25.645405,29.140448,27.540675,1111.256212,-1.828599,49.027169,9.396837,3.498161,0.003914
25.653867,29.150840,27.484614,1106.466913,-1.826581,49.049272,9.381827,3.495544,-0.001579
25.679145,29.167504,27.430630,1101.699452,-1.831664,49.047497,9.361148,3.490548,0.007747
25.684795,29.177483,27.388014,1096.926416,-1.848699,49.063475,9.370207,3.486417,0.009961
25.687488,29.186708,27.331606,1092.179135,-1.839959,49.081900,9.345704,3.487722,0.001055
25.692350,29.208486,27.282159,1087.425166,-1.852518,49.094871,9.328388,3.472577,0.008883
25.713801,29.218456,27.222552,1082.693552,-1.856584,49.098840,9.318488,3.474240,-0.001115
25.725062,29.226880,27.174826,1077.955876,-1.864968,49.103141,9.308244,3.467546,0.004212
25.737398,29.241110,27.118855,1073.232161,-1.886584,49.119455,9.298597,3.458666,-0.001724
25.736528,29.255346,27.060920,1068.525283,-1.886108,49.131015,9.285032,3.454525,-0.005422
25.753371,29.265743,27.007018,1063.822951,-1.909352,49.148100,9.272154,3.457328,0.006693
25.760401,29.268289,26.952418,1059.133823,-1.929200,49.148734,9.256744,3.453619,0.003278
25.772803,29.282431,26.901183,1054.454070,-1.944127,49.169488,9.247441,3.447412,-0.000483
25.777655,29.300558,26.855027,1049.787775,-1.955711,49.180269,9.233800,3.444193,-0.002051
25.783616,29.309583,26.810893,1045.131633,-1.982719,49.186517,9.223606,3.445032,-0.002975
25.787744,29.313817,26.742450,1040.479788,-2.002954,49.196536,9.214935,3.432027,0.002213
25.809701,29.338395,26.694882,1035.846511,-2.026730,49.205802,9.199228,3.426825,0.002164
25.806147,29.348837,26.638632,1031.229610,-2.038920,49.219077,9.187372,3.426297,0.000207
25.824628,29.360875,26.567715,1026.617004,-2.064100,49.229864,9.174894,3.414797,0.002335
25.826615,29.377083,26.518051,1022.030349,-2.084976,49.236726,9.172245,3.420501,0.002211
25.846841,29.384558,26.467498,1017.439752,-2.109348,49.252629,9.155364,3.404597,0.002074
25.841474,29.389573,26.423816,1012.858649,-2.146091,49.257385,9.149374,3.409997,0.000316
25.855305,29.399291,26.358292,1008.307854,-2.168965,49.264694,9.137692,3.408060,0.004166
25.860082,29.418269,26.298778,1003.749048,-2.204852,49.285778,9.122707,3.413553,0.006000
25.872425,29.418225,26.234021,999.225116,-2.221274,49.296774,9.121097,3.403171,-0.003066
0.040989,0.046251,52.425102,5006.916376,-0.493565,45.001730,5.774681,2.149931,0.005763
0.096579,0.095070,52.364896,5003.811912,-0.488082,44.998854,5.807252,2.156965,0.002136
0.140732,0.142455,52.282133,5000.671196,-0.470491,45.003403,5.858900,2.183479,0.000349
0.179687,0.189547,52.237694,4997.509509,-0.458251,44.998478,5.899612,2.196432,-0.008687
0.223537,0.236564,52.165440,4994.315163,-0.448348,44.993553,5.940274,2.211131,-0.002394
0.278484,0.277207,52.106978,4991.090174,-0.441684,45.005035,5.981222,2.219137,-0.000394
0.337481,0.326138,52.063184,4987.846404,-0.423591,45.007391,6.020454,2.233976,-0.001784
0.378571,0.375852,52.005586,4984.591421,-0.410200,45.000260,6.051753,2.267263,0.001253
0.430611,0.427584,51.949518,4981.293062,-0.403059,44.997457,6.095392,2.276264,0.004812
0.479282,0.467797,51.901849,4977.969779,-0.386928,45.000750,6.134104,2.293290,-0.001059
0.520132,0.520332,51.855760,4974.632400,-0.374058,45.002431,6.164921,2.303817,0.002204
0.568250,0.563996,51.804631,4971.264021,-0.359304,45.009220,6.199020,2.315862,-0.001156
0.609375,0.621401,51.765320,4967.896048,-0.337204,44.995792,6.231913,2.322643,0.008957
0.651176,0.655852,51.711073,4964.478318,-0.329845,45.008027,6.256548,2.331318,-0.003087
0.706417,0.709339,51.675027,4961.058393,-0.302524,45.001319,6.289181,2.337560,0.001924
0.754728,0.748802,51.634783,4957.621244,-0.292406,45.009278,6.308278,2.354005,0.001406
0.801736,0.807259,51.589932,4954.150813,-0.265949,45.010530,6.335499,2.353989,-0.000387
0.848886,0.849781,51.568026,4950.684175,-0.254163,45.005391,6.351933,2.367981,0.005863
0.900676,0.893593,51.532661,4947.179060,-0.237460,45.001056,6.372469,2.373454,-0.001523
0.949065,0.943343,51.498835,4943.684212,-0.209899,45.010629,6.389526,2.392504,-0.006358
0.993675,0.984187,51.479047,4940.142531,-0.196898,45.003952,6.397727,2.382116,-0.005060
1.035878,1.032290,51.441976,4936.621850,-0.175822,45.013289,6.429832,2.397507,0.004834
1.080784,1.078008,51.425200,4933.059862,-0.160993,45.011440,6.427977,2.397211,0.006671
1.130563,1.138497,51.409188,4929.513863,-0.155717,45.022616,6.433380,2.402144,0.006733
1.176379,1.177018,51.396545,4925.942934,-0.127694,45.011874,6.441897,2.394217,0.009016
1.217660,1.216545,51.379478,4922.359578,-0.108813,45.016623,6.454104,2.400793,-0.006815
1.265045,1.276251,51.371255,4918.787337,-0.093637,45.019430,6.444826,2.398672,-0.008187
1.313804,1.318327,51.362497,4915.186176,-0.075132,45.022447,6.447793,2.403036,-0.002118
1.354277,1.365998,51.336740,4911.600594,-0.050007,45.024366,6.450071,2.394907,0.001726
1.411430,1.400766,51.343148,4908.012849,-0.030660,45.023628,6.442936,2.407537,-0.006163
1.449011,1.454439,51.342473,4904.417932,-0.012129,45.017341,6.443536,2.400914,0.000808
1.498172,1.505040,51.331973,4900.829487,-0.001518,45.032161,6.428168,2.392278,-0.003113
1.546790,1.549966,51.336324,4897.229965,0.025547,45.025134,6.412484,2.399860,0.004946
1.592765,1.593334,51.337114,4893.646708,0.045321,45.036194,6.410485,2.386436,0.008583
1.638815,1.638810,51.354219,4890.053268,0.053693,45.034853,6.390037,2.385961,0.003028
1.682102,1.692198,51.348440,4886.467000,0.070173,45.033454,6.368088,2.378644,0.000632
1.738343,1.736590,51.365990,4882.891607,0.085530,45.038629,6.358443,2.369407,-0.001043
1.777206,1.789134,51.375623,4879.322320,0.100212,45.041800,6.336637,2.356752,-0.007770
1.816451,1.829326,51.381706,4875.752136,0.123267,45.047385,6.317654,2.351379,0.000684
1.868901,1.876365,51.408165,4872.198636,0.130896,45.045715,6.306128,2.347128,0.003532
1.913286,1.914723,51.430643,4868.650913,0.146700,45.037595,6.270037,2.337719,0.003512
1.969596,1.967795,51.440875,4865.119598,0.159641,45.051598,6.237924,2.331930,0.006567
2.014389,2.006546,51.471955,4861.606576,0.169339,45.046954,6.204731,2.312571,-0.000233
2.044140,2.054414,51.486006,4858.095876,0.184763,45.048970,6.178415,2.310046,0.000444
2.102575,2.100154,51.505546,4854.589217,0.197924,45.056162,6.158005,2.300186,0.003932
2.144359,2.144759,51.541741,4851.110131,0.215149,45.049472,6.123759,2.291008,-0.002856
2.189027,2.193053,51.572409,4847.642135,0.215797,45.057754,6.090412,2.269819,0.001893
2.247692,2.241843,51.595347,4844.195866,0.232331,45.053624,6.060104,2.249717,0.004337
2.280080,2.285734,51.622598,4840.760131,0.242365,45.065260,6.021493,2.246522,-0.003177
2.329228,2.327881,51.661547,4837.338054,0.241630,45.060526,5.985790,2.225904,-0.005605
2.376300,2.381514,51.688319,4833.942253,0.256839,45.067019,5.954325,2.215699,0.004053
2.412671,2.428859,51.732466,4830.548740,0.261866,45.062226,5.919174,2.211266,0.007365
2.469239,2.469037,51.757741,4827.200089,0.271817,45.073790,5.878242,2.189504,-0.006926
2.510437,2.517734,51.791011,4823.848469,0.260685,45.035189,5.843271,2.176616,-21.000976
2.550545,2.556416,51.830978,4820.521953,0.273222,44.998307,5.805522,2.166561,-20.999125
2.610819,2.615260,51.859567,4817.219379,0.243969,44.964844,5.778214,2.155448,-20.996313
2.646288,2.651953,51.890087,4813.936368,0.261217,44.928963,5.739412,2.132671,-20.992758
2.692839,2.692564,51.928716,4810.679683,0.255285,44.893353,5.701122,2.125469,-20.996655
2.735283,2.736548,51.954297,4807.435482,0.253279,44.861157,5.671234,2.117780,-21.005105
2.790178,2.790094,51.996270,4804.204161,0.241931,44.821494,5.644560,2.098292,-20.997896
2.831483,2.828366,52.019220,4800.993868,0.244511,44.796160,5.598372,2.092326,-21.009023
2.868719,2.877226,52.054321,4797.809399,0.233782,44.752961,5.579366,2.078759,-21.002374
2.928778,2.920012,52.084279,4794.648751,0.239773,44.735605,5.543183,2.071494,-21.000619
2.965730,2.966469,52.110798,4791.502071,0.224289,44.697669,5.521443,2.055950,-20.997741
3.016164,3.005313,52.134925,4788.373362,0.206029,44.659860,5.491193,2.041079,-20.997983
3.066561,3.060370,52.153301,4785.263631,0.206234,44.646562,5.457296,2.029059,-20.995400
3.114901,3.099607,52.184871,4782.168102,0.192423,44.603378,5.439723,2.011784,-21.004207
3.153940,3.150488,52.211971,4779.087853,0.188826,44.569472,5.403049,2.006536,-21.003174
3.194677,3.197559,52.233948,4776.025967,0.170793,44.525294,5.378234,2.004484,-20.999141
3.238060,3.241462,52.250506,4772.984880,0.160893,44.499762,5.365367,2.000473,-20.992829
3.286237,3.284190,52.264380,4769.944731,0.149579,44.465391,5.351032,1.986203,-20.997218
3.331275,3.330385,52.297433,4766.940336,0.134914,44.440587,5.315104,1.981457,-21.004471
3.370282,3.369877,52.306452,4763.939423,0.130869,44.407197,5.307459,1.973328,-20.995430
3.417643,3.419047,52.324248,4760.953423,0.119331,44.389791,5.286312,1.972631,-21.001305
3.469140,3.462805,52.339170,4757.963139,0.104599,44.348599,5.263981,1.964385,-20.994656
3.516736,3.501361,52.351235,4755.015538,0.094039,44.318848,5.253177,1.962406,-20.998756
3.560498,3.550197,52.353760,4752.055806,0.088538,44.284892,5.235872,1.954949,-21.001845
3.600878,3.597119,52.371201,4749.117248,0.051309,44.261496,5.227310,1.955250,-20.997687
3.652371,3.639494,52.376251,4746.191953,0.045759,44.222992,5.209728,1.941796,-21.004215
3.706390,3.688448,52.378629,4743.261188,0.026888,44.191812,5.211936,1.941125,-21.009592
3.738382,3.735698,52.384840,4740.355539,0.015733,44.170249,5.208019,1.929593,-20.997673
3.785533,3.773543,52.378220,4737.459413,-0.000691,44.136411,5.191802,1.933306,-20.998331
3.830052,3.818981,52.372751,4734.558562,-0.014545,44.107687,5.181718,1.929846,-21.005897
3.879467,3.866746,52.385674,4731.672940,-0.028264,44.088147,5.172673,1.938872,-20.999134
3.924921,3.909654,52.369302,4728.794828,-0.044979,44.049395,5.168947,1.925342,-20.998376
3.968942,3.950023,52.366922,4725.906382,-0.066798,44.012836,5.169636,1.920571,-20.999968
4.020928,3.999933,52.360157,4723.038985,-0.074974,43.991420,5.174206,1.921179,-21.006481
4.060861,4.036227,52.344273,4720.162100,-0.091635,43.957441,5.178285,1.924054,-20.988667
4.122730,4.079525,52.341016,4717.306130,-0.102549,43.930334,5.167055,1.923831,-20.993283
4.148815,4.114876,52.327899,4714.429034,-0.123112,43.900153,5.178204,1.925533,-20.995148
4.193716,4.166859,52.308053,4711.578329,-0.148212,43.870981,5.184714,1.927861,-21.003824
4.240798,4.203478,52.276967,4708.714610,-0.154078,43.845465,5.189043,1.935864,-20.993552
4.289372,4.255655,52.260215,4705.844767,-0.175892,43.802743,5.201332,1.943895,-20.995244
4.326543,4.302385,52.239498,4702.985526,-0.188766,43.777323,5.205881,1.945533,-20.995548
4.373979,4.349683,52.211740,4700.113276,-0.193184,43.747838,5.226548,1.946152,-21.003591
4.415624,4.393292,52.191223,4697.256616,-0.224271,43.720295,5.241354,1.944405,-21.003014
4.471498,4.437591,52.163972,4694.369661,-0.237540,43.684822,5.249060,1.958206,-21.001898
4.506815,4.472621,52.134674,4691.498327,-0.252002,43.663796,5.273522,1.957423,-20.998270
4.552202,4.517983,52.104628,4688.625136,-0.270713,43.629110,5.287010,1.971752,-20.997769
4.604637,4.566389,52.064018,4685.731929,-0.282979,43.601647,5.297984,1.978745,-20.992127
4.645360,4.595849,52.038245,4682.837791,-0.302538,43.574836,5.321901,1.984711,-21.007869
4.698171,4.650497,52.001832,4679.922983,-0.310888,43.530911,5.350539,1.995513,-21.003944
4.737665,4.690030,51.950981,4677.015911,-0.333670,43.509904,5.377187,2.010796,-20.991831
4.798562,4.736365,51.914932,4674.086029,-0.341991,43.476806,5.393910,2.005684,-21.000741
4.839369,4.778983,51.864719,4671.157642,-0.354914,43.452374,5.418338,2.023986,-21.001399
4.875090,4.819662,51.824294,4668.216647,-0.367307,43.419036,5.446783,2.033098,-20.998990
4.918311,4.871023,51.784638,4665.260902,-0.377870,43.385002,5.476244,2.032496,-20.992889
4.979796,4.905491,51.723946,4662.300262,-0.398089,43.362683,5.497119,2.048407,-20.997497
5.014909,4.944652,51.682092,4659.308759,-0.410712,43.326030,5.527417,2.070994,-20.997865
5.060120,4.991908,51.630326,4656.308642,-0.417042,43.286287,5.577700,2.071605,-21.000553
5.100740,5.031687,51.587336,4653.309719,-0.437683,43.262416,5.600888,2.081436,-21.002042
5.146644,5.084468,51.529060,4650.267845,-0.437663,43.228676,5.647660,2.098695,-20.998788
5.188524,5.131624,51.475938,4647.224938,-0.449319,43.196371,5.667940,2.110166,-20.998046
5.239450,5.171925,51.416716,4644.162963,-0.466215,43.162186,5.712718,2.120869,-20.995638
5.283776,5.205380,51.360722,4641.079382,-0.470954,43.127676,5.746746,2.150459,-21.002321
5.329079,5.252495,51.310361,4637.979834,-0.476773,43.090149,5.778689,2.151127,-20.996744
5.372401,5.285753,51.251999,4634.852595,-0.484706,43.071850,5.823827,2.168081,-21.002671
5.426796,5.340535,51.189613,4631.715875,-0.495912,43.031634,5.866779,2.189924,-21.004562
5.468837,5.379053,51.131678,4628.555358,-0.498682,42.983726,5.898190,2.209058,-20.996879
5.505577,5.421371,51.065212,4625.359749,-0.504398,42.953901,5.954551,2.226581,-20.994671
5.560016,5.455972,51.007609,4622.166077,-0.512299,42.927778,5.993329,2.233338,-21.006057
5.598476,5.506835,50.949838,4618.924233,-0.520179,42.902501,6.031366,2.254205,-20.997876
5.645153,5.550523,50.873810,4615.685037,-0.523377,42.860545,6.088875,2.265154,-21.012855
5.691116,5.589355,50.813051,4612.392696,-0.533473,42.815223,6.127800,2.278606,-20.998271
5.742708,5.638900,50.763311,4609.083836,-0.529294,42.777657,6.173165,2.292066,-21.006455
5.792858,5.661753,50.681218,4605.754280,-0.529269,42.749264,6.220427,2.322885,-20.993709
5.823197,5.713173,50.613670,4602.396575,-0.534884,42.707866,6.271123,2.335510,-20.996732
5.884651,5.757913,50.558997,4599.023851,-0.523543,42.677574,6.322408,2.358318,-21.000247
5.920365,5.802337,50.491831,4595.603652,-0.532211,42.637378,6.364668,2.374981,-20.994481
5.962699,5.833380,50.427699,4592.167151,-0.529752,42.607352,6.419433,2.387997,-20.998865
6.005516,5.882610,50.373991,4588.716704,-0.525492,42.570728,6.465977,2.412889,-20.998044
6.064386,5.921820,50.295065,4585.232186,-0.521662,42.537179,6.506348,2.423159,-20.997127
6.099387,5.967222,50.240788,4581.703156,-0.518303,42.495422,6.559334,2.449195,-20.991557
6.145783,6.001995,50.173109,4578.164213,-0.520763,42.449141,6.610499,2.467018,-20.996110
6.178959,6.057482,50.111394,4574.575185,-0.529273,42.410838,6.658052,2.478437,-21.002835
6.237703,6.087002,50.050148,4570.993749,-0.518732,42.377262,6.707334,2.505981,-21.004345
6.286684,6.137332,49.988867,4567.353099,-0.505871,42.335896,6.747640,2.515172,-20.994643
6.327963,6.173468,49.931766,4563.703725,-0.495086,42.297713,6.798014,2.528046,-20.996536
6.375185,6.209345,49.869293,4560.012672,-0.489396,42.248017,6.849023,2.545239,-20.999908
6.409552,6.253448,49.815121,4556.302793,-0.492899,42.219511,6.876894,2.561277,-21.002318
6.463917,6.296544,49.751845,4552.565156,-0.475891,42.169585,6.930519,2.583234,-21.002720
6.506713,6.333700,49.700284,4548.800265,-0.462829,42.126054,6.981842,2.598003,-21.009242
6.558189,6.377091,49.640279,4545.005056,-0.455552,42.085350,7.015800,2.613062,-21.006552
6.600587,6.423704,49.587502,4541.195783,-0.453739,42.050735,7.060683,2.631098,-21.003003
6.644189,6.460265,49.539040,4537.342908,-0.426440,42.010099,7.102941,2.647662,-21.004019
6.685943,6.502939,49.480998,4533.476072,-0.424448,41.961891,7.143659,2.663326,-20.991286
6.733743,6.541348,49.442228,4529.580476,-0.390312,41.978608,7.176888,2.669236,-0.002647
6.773215,6.586729,49.385139,4525.665719,-0.379840,41.983741,7.210067,2.682135,0.000292
6.821846,6.625602,49.343835,4521.723794,-0.359662,41.986241,7.238571,2.698064,-0.004256
6.864480,6.670539,49.303413,4517.754985,-0.341667,41.993369,7.266611,2.704757,-0.005617
6.920039,6.705266,49.265666,4513.760229,-0.319304,42.002903,7.307813,2.711101,0.002958
6.953537,6.749886,49.234500,4509.762928,-0.295353,42.006674,7.316408,2.733665,-0.008938
7.001212,6.783415,49.200364,4505.728088,-0.267320,42.010218,7.338907,2.729524,-0.005849
7.050028,6.831376,49.171530,4501.685013,-0.234138,42.016497,7.358324,2.735991,-0.005105
7.089673,6.873482,49.141031,4497.619086,-0.218691,42.027824,7.371418,2.746678,0.001285
7.148638,6.908711,49.115144,4493.550162,-0.190170,42.024830,7.386513,2.750668,0.005416
7.179594,6.954141,49.099137,4489.461805,-0.164362,42.028844,7.395652,2.753024,-0.003945
7.225487,6.984958,49.078468,4485.365339,-0.145237,42.037714,7.406902,2.752001,0.001497
7.275248,7.033973,49.047617,4481.266136,-0.113600,42.053916,7.402855,2.744397,0.000050
7.317687,7.067209,49.053925,4477.153807,-0.089915,42.063638,7.404290,2.759217,-0.004094
7.346688,7.110428,49.039155,4473.044812,-0.070013,42.077831,7.407916,2.744613,-0.004958
7.402424,7.152211,49.030783,4468.921896,-0.048516,42.068785,7.383217,2.746232,0.003187
7.452374,7.188508,49.034805,4464.804399,-0.019812,42.080976,7.377572,2.753823,-0.002190
7.490804,7.241802,49.024487,4460.693792,0.006978,42.084153,7.373046,2.737356,0.011070
7.532688,7.275683,49.027285,4456.567168,0.023861,42.091170,7.352371,2.731577,0.001290
7.586353,7.323468,49.045020,4452.457529,0.049891,42.095859,7.332400,2.730396,-0.003249
7.623704,7.362756,49.052424,4448.336311,0.065446,42.109409,7.320239,2.731268,-0.001919
7.668668,7.388717,49.059464,4444.250227,0.083698,42.109360,7.294503,2.716223,-0.009404
7.709854,7.437207,49.063477,4440.166660,0.130593,42.125357,7.258881,2.706877,-0.002313
7.759608,7.472490,49.082019,4436.068174,0.129412,42.128658,7.234263,2.694252,0.006618
7.805413,7.513567,49.093886,4431.996435,0.161928,42.134826,7.194500,2.687749,0.008285
7.845835,7.556639,49.121798,4427.939236,0.176690,42.150052,7.170618,2.673868,-0.007341
7.884315,7.598257,49.144458,4423.894916,0.196776,42.148330,7.141305,2.660380,-0.002566
7.935338,7.637305,49.169379,4419.866825,0.219544,42.154984,7.110242,2.643627,-0.003967
7.973724,7.673027,49.189499,4415.854610,0.230606,42.153878,7.065284,2.630497,-0.002088
8.022229,7.718644,49.217047,4411.861193,0.246039,42.167435,7.012928,2.614400,-0.004060
8.067012,7.756385,49.256799,4407.882698,0.258669,42.180217,6.975171,2.589660,-0.000380
8.101615,7.800821,49.286134,4403.920131,0.278006,42.186290,6.938828,2.587899,-0.004468
8.154382,7.834816,49.301382,4399.999261,0.285874,42.185507,6.885002,2.565265,-0.001079
8.200569,7.878790,49.352673,4396.083877,0.307316,42.195967,6.849755,2.549870,-0.004326
8.237457,7.924065,49.381028,4392.182113,0.313325,42.205763,6.798984,2.532123,-0.005441
8.285777,7.958545,49.423426,4388.314280,0.327248,42.220201,6.750114,2.511660,-0.005177
8.331761,8.000784,49.460125,4384.478840,0.341697,42.216746,6.702635,2.500881,0.000226
8.371543,8.040587,49.496641,4380.656692,0.342176,42.238844,6.660634,2.474976,-0.002142
8.410342,8.080065,49.532916,4376.862424,0.356845,42.235303,6.612082,2.463504,-0.000067
8.448660,8.114600,49.586741,4373.103960,0.360180,42.240021,6.566686,2.441565,-0.001684
8.501283,8.152432,49.613570,4369.362073,0.358765,42.248321,6.510167,2.419298,0.000110
8.548749,8.196876,49.662833,4365.629820,0.367949,42.253768,6.460014,2.406352,0.002922
8.589677,8.230267,49.694511,4361.939592,0.367924,42.269142,6.412333,2.385482,0.001778
8.625139,8.282132,49.739827,4358.283681,0.383033,42.280500,6.363998,2.365647,-0.002871
8.671406,8.313589,49.787641,4354.646018,0.380962,42.277450,6.304725,2.353480,0.005511
8.719177,8.354353,49.832248,4351.039461,0.377237,42.294889,6.262570,2.337178,-0.002790
8.760471,8.403181,49.871594,4347.456964,0.372792,42.302023,6.224943,2.318120,-0.000930
8.803307,8.436964,49.919761,4343.909679,0.359941,42.306308,6.178189,2.302479,0.005711
8.843085,8.459163,49.948523,4340.374305,0.368632,42.313120,6.126830,2.285741,-0.007355
8.889997,8.513882,50.000110,4336.868948,0.363847,42.315477,6.090697,2.263251,0.005015
8.932439,8.553277,50.038843,4333.379522,0.351755,42.333072,6.030571,2.256671,0.004990
8.971284,8.597288,50.081332,4329.945092,0.341935,42.333183,5.992721,2.235893,0.011034
9.018139,8.635487,50.115632,4326.510025,0.346484,42.348862,5.956642,2.216837,0.001218
9.065715,8.668002,50.162323,4323.116751,0.332962,42.357999,5.909285,2.202564,-0.002715
9.096415,8.711454,50.191425,4319.734148,0.332199,42.363986,5.873400,2.193902,-0.000449
9.147529,8.743833,50.236386,4316.391117,0.316751,42.363840,5.829840,2.164701,0.001013
9.190278,8.797131,50.257455,4313.066974,0.311067,42.384166,5.788115,2.162086,-0.013144
9.215283,8.831704,50.301974,4309.768041,0.292384,42.386337,5.757195,2.134050,-0.000368
9.275245,8.857164,50.330338,4306.489421,0.288458,42.396301,5.726322,2.137092,-0.007631
9.319093,8.907340,50.359089,4303.226224,0.264663,42.408476,5.687995,2.111047,0.000671
9.359419,8.953706,50.391127,4299.992281,0.260498,42.419214,5.652909,2.104755,-0.005023
9.403503,8.989244,50.413165,4296.771225,0.250073,42.427968,5.627740,2.090624,-0.000337
9.438175,9.022410,50.447521,4293.581760,0.220039,42.429175,5.589239,2.093778,0.005904
9.486500,9.071057,50.469262,4290.407460,0.204557,42.441128,5.577488,2.082938,-0.012483
9.530383,9.102696,50.495881,4287.254268,0.193395,42.447184,5.544519,2.072771,-0.001421
9.559238,9.153078,50.511878,4284.119230,0.169961,42.456516,5.520384,2.055885,0.005280
9.617916,9.183167,50.525089,4280.994666,0.158281,42.462494,5.488545,2.047262,0.002899
9.658622,9.226567,50.541525,4277.896432,0.139756,42.470842,5.473633,2.041937,-0.009721
9.702595,9.256903,50.563034,4274.817678,0.121597,42.485338,5.466255,2.032528,0.001639
9.737193,9.299535,50.571980,4271.733842,0.106885,42.485937,5.444028,2.030285,0.002676
9.779560,9.349052,50.584780,4268.686363,0.083444,42.503749,5.417901,2.019889,-0.001225
9.810085,9.371131,50.592735,4265.630597,0.057715,42.500042,5.410036,2.020808,0.001904
9.870049,9.413644,50.597290,4262.595935,0.036687,42.518729,5.401892,2.014522,0.001092
9.902632,9.466655,50.599851,4259.571514,0.022267,42.524538,5.381680,2.011685,-0.001650
9.949838,9.488796,50.601703,4256.561426,-0.001487,42.528385,5.383240,2.010098,0.004175
9.993699,9.532300,50.604709,4253.556842,-0.027225,42.547319,5.371101,1.994980,-0.005973
10.034446,9.568357,50.595115,4250.574634,-0.049657,42.543736,5.371212,2.004098,0.000009
10.076445,9.612578,50.580402,4247.592574,-0.067671,42.565220,5.361208,1.987011,0.005480
10.114653,9.645105,50.576653,4244.606494,-0.087167,42.577780,5.355598,1.996946,0.002799
10.159582,9.683050,50.564818,4241.634463,-0.097005,42.581436,5.367441,2.002181,-0.002949
10.191374,9.739190,50.558961,4238.668453,-0.145901,42.579858,5.369701,1.998429,0.006327
10.242229,9.769701,50.544058,4235.702210,-0.161610,42.591744,5.368014,2.000547,-0.003120
10.287971,9.803638,50.522841,4232.742144,-0.171081,42.598400,5.375150,2.005785,-0.000143
10.325570,9.841927,50.508459,4229.777669,-0.203591,42.618394,5.372106,2.001807,-0.004385
10.377467,9.887327,50.473058,4226.820980,-0.227945,42.626659,5.385582,2.003795,-0.002936
10.407960,9.923733,50.448298,4223.877769,-0.237155,42.633047,5.400424,2.012136,-0.001349
10.449595,9.960198,50.425621,4220.896594,-0.263326,42.642952,5.421842,2.022672,0.002718
10.497171,10.004260,50.388464,4217.928407,-0.285183,42.654356,5.445598,2.020606,-0.005783
10.534935,10.035542,50.360510,4214.960341,-0.307033,42.662872,5.455377,2.033803,-0.003228
10.574207,10.085395,50.336117,4211.989028,-0.323299,42.671638,5.481320,2.039797,0.002855
10.612407,10.118044,50.297522,4209.007136,-0.345109,42.684310,5.498723,2.046442,0.000945
10.661342,10.159033,50.250417,4206.029248,-0.379592,42.677535,5.518251,2.054410,-0.006963
10.699854,10.202738,50.209944,4203.029419,-0.394760,42.705704,5.540741,2.054618,-0.007987
10.733164,10.233668,50.168952,4200.032186,-0.408515,42.721949,5.569089,2.066535,-0.003508
10.781732,10.280873,50.119232,4197.015594,-0.429541,42.720971,5.602330,2.090305,0.006661
10.820316,10.307926,50.070998,4193.989696,-0.439944,42.721443,5.621934,2.098467,0.006308
10.862244,10.347652,50.020733,4190.958057,-0.469796,42.741649,5.656444,2.108093,-0.000385
10.915297,10.392250,49.968438,4187.899168,-0.484559,42.750259,5.686641,2.127070,0.004144
10.941284,10.430385,49.921256,4184.832196,-0.493811,42.755209,5.721779,2.126486,0.007796
10.994475,10.467992,49.857208,4181.753326,-0.519883,42.768867,5.765652,2.144817,0.008787
11.033733,10.504465,49.813347,4178.661194,-0.534240,42.787057,5.794343,2.166909,-0.000453
11.067164,10.539225,49.745635,4175.541517,-0.548409,42.782487,5.841891,2.166541,0.000081
11.109043,10.588057,49.676661,4172.402647,-0.550569,42.800248,5.887608,2.184127,-0.000774
11.148135,10.617303,49.620840,4169.236874,-0.572265,42.812213,5.922611,2.200199,-0.000593
11.196454,10.657736,49.557118,4166.078597,-0.583500,42.819533,5.961426,2.209520,0.002651
11.238126,10.698706,49.502419,4162.875410,-0.598170,42.826482,6.019168,2.241576,0.007219
11.270673,10.740850,49.432477,4159.657239,-0.597254,42.832771,6.060273,2.259247,0.001050
11.323908,10.771538,49.372755,4156.408524,-0.612600,42.857197,6.101250,2.264845,0.002246
11.369295,10.817417,49.292034,4153.147741,-0.621051,42.863923,6.148026,2.293090,0.007634
11.391444,10.863161,49.233890,4149.858532,-0.635561,42.870592,6.199287,2.310591,0.009207
11.441495,10.894595,49.152351,4146.540871,-0.640615,42.884550,6.246928,2.332306,0.002632
11.476364,10.924510,49.089651,4143.194544,-0.652485,42.896751,6.302030,2.344541,-0.004044
11.517863,10.966328,49.017547,4139.816811,-0.653622,42.896361,6.367373,2.366338,-0.009847
11.552868,11.007911,48.936429,4136.411000,-0.654363,42.911614,6.416473,2.399603,0.001770
11.604408,11.048112,48.873129,4132.985318,-0.666319,42.923570,6.456704,2.406872,0.000707
11.634117,11.084546,48.797007,4129.518621,-0.667211,42.933407,6.519554,2.430902,0.000445
11.683853,11.126102,48.737623,4126.035896,-0.713423,42.843194,6.576387,2.455899,-45.005313
11.716855,11.157782,48.650093,4122.525349,-0.748720,42.763169,6.644945,2.475833,-44.996774
11.766856,11.200855,48.565859,4118.989468,-0.786077,42.665860,6.712268,2.493202,-44.994778
11.803820,11.239305,48.473182,4115.430040,-0.832403,42.588273,6.774319,2.525536,-45.000070
11.848173,11.275409,48.392096,4111.826410,-0.864397,42.486610,6.852316,2.550177,-45.001746
11.881387,11.310431,48.287885,4108.210264,-0.896853,42.394959,6.927346,2.584261,-44.992723
11.935063,11.358915,48.195770,4104.545391,-0.938326,42.310441,7.019994,2.616566,-44.998471
11.972747,11.390864,48.088961,4100.830768,-0.976873,42.209106,7.104396,2.658183,-45.004540
12.005568,11.433313,47.975641,4097.092407,-1.008697,42.121090,7.191436,2.679813,-45.001860
12.052813,11.457148,47.872623,4093.295994,-1.036982,42.018650,7.306056,2.727081,-45.007602
12.089118,11.505925,47.762360,4089.459996,-1.067481,41.913368,7.401434,2.753310,-45.002604
12.135555,11.539448,47.647418,4085.566224,-1.101044,41.810659,7.502912,2.797597,-45.004388
12.166582,11.571759,47.526471,4081.629023,-1.127263,41.725169,7.617546,2.840105,-45.004450
12.207587,11.611814,47.412193,4077.616551,-1.151456,41.613462,7.729037,2.869796,-45.002950
12.254595,11.654842,47.283469,4073.559743,-1.188588,41.516009,7.866174,2.925095,-44.995802
12.295780,11.690382,47.159379,4069.445267,-1.213688,41.400278,7.980545,2.973424,-44.999140
12.346539,11.730499,47.027094,4065.236797,-1.224624,41.298839,8.120149,3.019649,-44.996073
12.370902,11.759643,46.894913,4060.978024,-1.233124,41.174890,8.241669,3.078591,-45.010409
12.421370,11.792485,46.760016,4056.661897,-1.268502,41.067833,8.387139,3.122964,-45.009501
12.452118,11.833301,46.643343,4052.249689,-1.272333,40.949205,8.526996,3.176801,-44.996563
12.503096,11.869886,46.497446,4047.776978,-1.299904,40.832437,8.673512,3.228914,-44.996343
12.549259,11.903273,46.348859,4043.221887,-1.303946,40.709402,8.821135,3.282778,-44.997191
12.577105,11.940563,46.206762,4038.569181,-1.310815,40.584413,8.980320,3.341847,-45.001286
12.625666,11.975040,46.081630,4033.848057,-1.325068,40.453886,9.137023,3.401895,-45.001590
12.667009,12.014066,45.943242,4029.034460,-1.323896,40.332872,9.291702,3.466198,-44.998997
12.698134,12.054130,45.802420,4024.144396,-1.331012,40.201986,9.456958,3.523723,-44.995044
12.746008,12.076444,45.654696,4019.157637,-1.330409,40.074477,9.609880,3.579393,-44.999390
12.777851,12.121337,45.519883,4014.070711,-1.330972,39.938213,9.779380,3.640128,-44.996155
12.823625,12.150791,45.369516,4008.892850,-1.337675,39.793581,9.947772,3.701804,-44.993761
12.868627,12.195527,45.241610,4003.620197,-1.322444,39.654369,10.123745,3.770603,-45.007972
12.901680,12.227558,45.097249,3998.241207,-1.320246,39.514038,10.288139,3.829303,-44.998862
12.953250,12.262447,44.959783,3992.782547,-1.300505,39.364907,10.469093,3.904607,-44.993096
12.986038,12.298965,44.822998,3987.233267,-1.282219,39.216188,10.633413,3.951708,-44.995015
13.030582,12.328989,44.701806,3981.559782,-1.275246,39.060324,10.795426,4.026360,-44.997215
13.064115,12.374206,44.573647,3975.803876,-1.249446,38.911623,10.978123,4.095645,-45.002555
13.104383,12.400592,44.429751,3969.942306,-1.236828,38.744003,11.145002,4.150344,-45.005603
13.153232,12.430464,44.314117,3963.972549,-1.209044,38.587962,11.303398,4.214630,-44.993816
13.197652,12.468688,44.186687,3957.915989,-1.179541,38.422554,11.469063,4.275474,-45.001898
13.243690,12.504841,44.056697,3951.750474,-1.163144,38.261635,11.635822,4.331054,-44.994214
13.281347,12.533707,43.938050,3945.504304,-1.126683,38.082430,11.780051,4.388161,-44.999281
13.323277,12.573713,43.825139,3939.151890,-1.087820,37.922231,11.948642,4.447007,-44.999131
13.357785,12.607945,43.720298,3932.707584,-1.065044,37.737795,12.093413,4.503265,-45.004094
13.409870,12.637035,43.612636,3926.181596,-1.025428,37.555528,12.231621,4.564699,-44.997709
13.443148,12.664851,43.515593,3919.558475,-0.989916,37.386712,12.376478,4.612335,-44.997854
13.491447,12.707899,43.404125,3912.846405,-0.951582,37.199668,12.503950,4.656689,-44.998024
13.525556,12.727212,43.314177,3906.056655,-0.901680,37.018822,12.625822,4.704161,-45.003519
13.567474,12.769334,43.219242,3899.204357,-0.862720,36.822898,12.737680,4.742490,-44.989608
13.606334,12.796781,43.134387,3892.261410,-0.814622,36.635212,12.848024,4.790064,-45.009968
13.655116,12.830897,43.068392,3885.249022,-0.768391,36.454174,12.957433,4.821427,-45.003616
13.693532,12.863382,42.978442,3878.179520,-0.721596,36.255264,13.044725,4.852526,-45.001401
13.736354,12.893531,42.906754,3871.048640,-0.670381,36.051534,13.116189,4.889673,-44.994840
13.790663,12.923323,42.843417,3863.860161,-0.609535,35.865273,13.194128,4.917401,-45.002700
13.820255,12.951437,42.783581,3856.628316,-0.563563,35.663825,13.258436,4.937551,-44.997799
13.863234,12.980380,42.733023,3849.334108,-0.511988,35.467135,13.310776,4.960338,-45.006140
13.910926,13.027034,42.682354,3842.016988,-0.462489,35.264118,13.352413,4.977754,-45.002232
13.948165,13.039714,42.631046,3834.650663,-0.406263,35.065326,13.376795,4.979571,-44.999612
13.990437,13.079022,42.602110,3827.268915,-0.355090,34.863961,13.406891,4.999393,-44.999082
14.025385,13.113501,42.562172,3819.863085,-0.304940,34.664478,13.422013,5.002887,-44.993087
14.072566,13.127727,42.535992,3812.435800,-0.251995,34.458378,13.412367,4.996432,-44.996467
14.123391,13.167270,42.517241,3805.005446,-0.197516,34.246106,13.406146,4.996034,-44.994695
14.154708,13.200304,42.505484,3797.552276,-0.145033,34.040061,13.386747,4.973280,-45.000817
14.201121,13.222783,42.492794,3790.116300,-0.092256,33.842215,13.350737,4.974724,-44.996155
14.254047,13.254466,42.483122,3782.680419,-0.038571,33.643867,13.307894,4.960513,-44.996153
14.281637,13.286008,42.478969,3775.264735,0.009907,33.439332,13.263874,4.946391,-45.004491
14.329054,13.309575,42.484161,3767.855395,0.055149,33.238690,13.201825,4.921900,-45.005544
14.367894,13.334732,42.503424,3760.475251,0.109108,33.026185,13.138923,4.890155,-44.990243
14.417080,13.362187,42.503935,3753.125245,0.159515,32.827509,13.059531,4.865106,-44.999932
14.460379,13.393964,42.515470,3745.799783,0.208286,32.627086,12.986859,4.840134,-45.003751
14.505843,13.427552,42.543352,3738.522949,0.243633,32.419400,12.889418,4.807585,-45.002644
14.543888,13.448964,42.566336,3731.274704,0.291306,32.241125,12.799948,4.760183,-44.997202
14.569123,13.485576,42.602507,3724.081080,0.329412,32.034189,12.685884,4.723877,-44.993908
14.631078,13.503972,42.628335,3716.934780,0.366221,31.841583,12.573442,4.695662,-44.995095
14.663729,13.538641,42.667350,3709.836526,0.406827,31.637594,12.470748,4.638329,-45.005652
14.718302,13.571647,42.717279,3702.799469,0.439399,31.453184,12.341557,4.604323,-45.001988
14.758857,13.586044,42.749893,3695.810592,0.468906,31.259437,12.227845,4.554486,-44.995379
14.793466,13.605713,42.799398,3688.892867,0.506037,31.078161,12.096771,4.507962,-44.997017
14.830411,13.633234,42.850672,3682.033487,0.527030,30.873871,11.967657,4.457931,-44.992860
14.886773,13.672231,42.901287,3675.246304,0.554003,30.688422,11.843145,4.412129,-44.997608
14.918665,13.694031,42.954459,3668.526138,0.574324,30.501929,11.710656,4.361212,-45.004998
14.960689,13.729543,43.014577,3661.868567,0.602065,30.320297,11.569821,4.314611,-44.996393
14.999679,13.743125,43.079627,3655.290408,0.619997,30.143696,11.435717,4.257517,-45.003318
15.051473,13.770067,43.142328,3648.780197,0.647676,29.966041,11.308702,4.211607,-44.996427
15.098827,13.792479,43.201539,3642.342102,0.635913,29.783129,11.159540,4.160377,-44.999415
15.137711,13.829066,43.255550,3635.984087,0.661294,29.605143,11.025449,4.099194,-45.005443
15.162880,13.836979,43.323690,3629.668396,0.676996,29.434934,10.885850,4.055210,-44.996786
15.215219,13.870008,43.384013,3623.458388,0.685680,29.267925,10.760667,4.013503,-44.989787
15.261597,13.897186,43.454144,3617.321613,0.677634,29.091399,10.622031,3.951878,-45.002037
15.299338,13.920841,43.516373,3611.247401,0.680821,28.922981,10.491616,3.910473,-45.009593
15.335159,13.944159,43.580352,3605.246413,0.673499,28.757875,10.362701,3.861386,-45.004372
15.382141,13.969116,43.643789,3599.324855,0.666090,28.588066,10.232504,3.816979,-45.000996
15.420958,13.989982,43.702628,3593.466556,0.669492,28.430959,10.118353,3.763513,-45.000661
15.475042,14.020121,43.773213,3587.674824,0.669938,28.279060,9.995593,3.719494,-44.997453
15.508796,14.035706,43.839382,3581.961304,0.655967,28.114576,9.874109,3.687524,-45.000045
15.557772,14.070176,43.893212,3576.312278,0.640610,27.959310,9.764012,3.638763,-44.997250
15.597082,14.084780,43.954058,3570.742217,0.633268,27.800047,9.660324,3.592064,-45.001093
15.647812,14.107064,44.009695,3565.210842,0.603477,27.646318,9.537540,3.550994,-44.998250
15.686988,14.130263,44.053285,3559.759116,0.587471,27.493108,9.437998,3.510332,-44.997921
15.724592,14.140440,44.109178,3554.370238,0.571222,27.344544,9.334557,3.474869,-44.997934
15.778333,14.176786,44.169186,3549.036268,0.548381,27.193929,9.238518,3.436380,-44.997468
15.807395,14.209159,44.222060,3543.762633,0.522043,27.042215,9.149369,3.407400,-45.007040
15.849574,14.222051,44.270673,3538.549493,0.493122,26.897033,9.058117,3.386201,-44.998772
15.905250,14.243504,44.309129,3533.385874,0.469863,26.761597,8.982332,3.342550,-44.999884
15.938375,14.254272,44.355775,3528.272608,0.437153,26.618245,8.910039,3.318475,-45.001579
15.978706,14.278089,44.391509,3523.207991,0.407049,26.470482,8.819653,3.295407,-45.003703
16.025556,14.313892,44.435381,3518.193032,0.378684,26.321545,8.750767,3.261185,-44.996345
16.064019,14.312659,44.468821,3513.225632,0.337937,26.178861,8.687988,3.237569,-45.002675
16.099576,14.356370,44.489451,3508.315226,0.305524,26.045620,8.635654,3.218755,-44.995129
16.146633,14.369230,44.514303,3503.424673,0.269770,25.900773,8.575089,3.190945,-44.999892
16.196090,14.384040,44.536200,3498.580390,0.242657,25.760593,8.520810,3.166353,-45.000114
16.238044,14.420567,44.567318,3493.782598,0.199533,25.623763,8.471814,3.156665,-44.992454
16.273018,14.436506,44.575265,3489.017581,0.166608,25.476454,8.436124,3.132118,-44.994075
16.318534,14.454220,44.593065,3484.281180,0.122799,25.353440,8.390545,3.120977,-44.997646
16.358200,14.474506,44.607747,3479.565325,0.084310,25.212134,8.360185,3.113664,-45.003198
16.398614,14.490534,44.598587,3474.891319,0.045113,25.070185,8.332815,3.100517,-45.003141
16.437035,14.522795,44.613723,3470.238438,-0.008936,24.944844,8.297274,3.094738,-44.994216
16.484190,14.543571,44.604901,3465.618155,-0.041527,24.805108,8.296085,3.087687,-45.001922
16.530941,14.566570,44.592847,3460.998170,-0.091053,24.674859,8.276335,3.085528,-44.992059
16.571803,14.584050,44.585047,3456.409296,-0.144890,24.533352,8.266614,3.070146,-45.004090
16.605354,14.608213,44.577685,3451.831763,-0.183282,24.403987,8.254361,3.082067,-45.008223
16.661691,14.615543,44.553954,3447.281042,-0.225917,24.258521,8.269709,3.076647,-44.994619
16.698009,14.641947,44.539212,3442.717338,-0.267758,24.125376,8.265153,3.085877,-45.003743
16.747796,14.659650,44.505853,3438.172295,-0.309277,23.987777,8.271047,3.082712,-44.997198
16.778091,14.673793,44.476089,3433.628347,-0.356585,23.855151,8.291447,3.089548,-45.005499
16.820736,14.704703,44.442326,3429.098154,-0.401436,23.711957,8.304720,3.092427,-45.002300
16.861583,14.723007,44.406487,3424.558529,-0.446867,23.574547,8.315610,3.105123,-44.992931
16.906463,14.728952,44.360312,3420.011798,-0.497445,23.429815,8.352082,3.113913,-45.000511
16.954835,14.757753,44.309293,3415.467712,-0.532954,23.302381,8.388046,3.125679,-45.003889
16.992176,14.771183,44.265447,3410.918052,-0.585706,23.160487,8.424079,3.136319,-45.002391
17.033793,14.787018,44.209307,3406.358204,-0.623584,23.017958,8.463175,3.149159,-44.998031
17.076802,14.800922,44.153550,3401.777618,-0.666205,22.876689,8.518732,3.169047,-45.001080
17.125868,14.829813,44.091726,3397.180833,-0.707646,22.735404,8.559289,3.197173,-44.997436
17.166300,14.842652,44.019366,3392.567638,-0.745944,22.580374,8.617389,3.202631,-44.997797
17.204902,14.868236,43.966989,3387.932112,-0.788221,22.424599,8.683125,3.232920,-44.998242
17.243745,14.883066,43.888315,3383.262658,-0.834596,22.283427,8.739914,3.256677,-44.996197
17.294199,14.903775,43.816724,3378.581952,-0.865040,22.145190,8.806719,3.288309,-45.002239
17.338000,14.928416,43.729092,3373.866328,-0.907186,21.999843,8.884790,3.310142,-44.998943
17.369497,14.938633,43.645152,3369.117765,-0.947133,21.846021,8.961203,3.339212,-45.003864
17.411971,14.947899,43.562759,3364.331271,-0.985043,21.684655,9.039344,3.367325,-44.993688
17.453666,14.977128,43.478797,3359.511840,-1.018308,21.529723,9.119110,3.401971,-45.003927
17.491308,14.991593,43.397774,3354.650842,-1.048137,21.379170,9.220792,3.432317,-44.998964
17.544869,15.001881,43.294802,3349.745571,-1.084213,21.219565,9.307729,3.459793,-44.995942
17.588176,15.025238,43.194452,3344.787691,-1.107665,21.058895,9.411002,3.504371,-44.991109
17.612802,15.040004,43.100000,3339.790909,-1.134725,20.886148,9.515454,3.539917,-44.989764
17.656713,15.060195,43.005045,3334.720172,-1.147805,20.734312,9.623125,3.589792,-45.007195
17.705701,15.076204,42.893224,3329.618357,-1.193221,20.574076,9.720798,3.618822,-44.992383
17.743456,15.087493,42.788945,3324.448670,-1.220464,20.400595,9.846178,3.651380,-45.006337
17.788012,15.099925,42.688943,3319.237964,-1.228204,20.222553,9.949417,3.709138,-44.996886
17.834706,15.129385,42.581577,3313.948027,-1.252553,20.038292,10.072841,3.755348,-45.003060
17.872840,15.143277,42.466016,3308.598207,-1.266549,19.863693,10.196612,3.800439,-45.003057
17.906405,15.158369,42.353189,3303.195512,-1.276336,19.680451,10.330096,3.852648,-44.999136
17.955108,15.180663,42.249460,3297.724104,-1.290539,19.507501,10.452844,3.893118,-45.006844
17.999429,15.184772,42.129568,3292.165891,-1.305372,19.326804,10.583716,3.940145,-45.002204
18.039784,15.203816,42.016584,3286.545427,-1.306292,19.130732,10.725770,3.982228,-44.999911
18.084622,15.214750,41.906242,3280.848265,-1.325717,18.936756,10.851600,4.049719,-44.995379
18.122179,15.228297,41.796402,3275.087879,-1.323015,18.754336,10.989623,4.096978,-44.995573
18.159729,15.234379,41.685184,3269.242134,-1.317167,18.546522,11.124997,4.141097,-44.992069
18.196542,15.258273,41.572286,3263.323228,-1.319328,18.354759,11.254746,4.196572,-45.000532
18.242051,15.274198,41.454048,3257.322793,-1.334339,18.148593,11.396760,4.256849,-44.988857
18.280065,15.286344,41.346284,3251.251989,-1.310353,17.943488,11.539224,4.298423,-44.995213
18.326014,15.311958,41.230904,3245.103033,-1.310267,17.732866,11.679750,4.351045,-45.002704
18.365132,15.315675,41.124791,3238.871134,-1.295227,17.526694,11.814260,4.398128,-44.999955
18.410501,15.335890,41.015368,3232.552106,-1.291801,17.306220,11.946451,4.449840,-44.995958
18.438259,15.342152,40.898235,3226.172343,-1.268673,17.084988,12.085500,4.501629,-44.998569
18.496908,15.361672,40.800351,3219.689748,-1.255623,16.859090,12.216910,4.544092,-45.002140
18.527503,15.370803,40.684912,3213.144634,-1.232226,16.646170,12.335957,4.599884,-45.003799
18.579142,15.380539,40.596606,3206.523907,-1.211577,16.420171,12.466866,4.647196,-44.995970
18.606237,15.404681,40.490393,3199.815111,-1.186169,16.189821,12.608582,4.693936,-45.000193
18.664091,15.410030,40.397529,3193.044143,-1.164589,15.960862,12.721534,4.735380,-45.005135
18.706473,15.416401,40.298754,3186.188925,-1.128377,15.722263,12.838144,4.785791,-44.990776
18.739125,15.426648,40.202513,3179.264359,-1.104324,15.487417,12.953570,4.824113,-45.003890
18.786371,15.446229,40.122203,3172.267915,-1.066186,15.241485,13.056112,4.872695,-45.002734
18.821204,15.458808,40.027253,3165.224761,-1.033581,15.002301,13.149125,4.906951,-44.998583
18.851395,15.462940,39.935985,3158.093216,-0.995039,14.755292,13.262223,4.940097,-45.003767
18.891609,15.490268,39.866654,3150.910532,-0.960260,14.508608,13.350683,4.969723,-45.002339
18.951059,15.498669,39.788828,3143.659323,-0.915994,14.254291,13.442136,5.013050,-45.001072
18.983998,15.503610,39.713395,3136.367839,-0.885649,13.996678,13.514793,5.037427,-44.995675
19.023504,15.508844,39.639450,3129.002874,-0.831343,13.748000,13.577220,5.065435,-44.998785
19.078445,15.529957,39.570109,3121.605775,-0.807708,13.488233,13.654746,5.078277,-45.002915
19.108696,15.534035,39.505802,3114.167374,-0.756867,13.232752,13.692085,5.102596,-45.003474
19.150478,15.541643,39.449613,3106.673943,-0.716295,12.971825,13.748651,5.128960,-45.001106
19.187600,15.556932,39.396322,3099.157538,-0.668931,12.706922,13.791144,5.145933,-44.994973
19.233357,15.562401,39.347111,3091.594398,-0.607590,12.442519,13.823429,5.147623,-45.004265
19.266068,15.575749,39.298919,3084.026385,-0.580050,12.182268,13.858734,5.161820,-45.000234
19.307346,15.579135,39.250007,3076.406231,-0.525452,11.906057,13.876206,5.169116,-44.998606
19.345782,15.591177,39.203974,3068.785013,-0.483778,11.642331,13.877627,5.178365,-44.998581
19.391378,15.594998,39.172849,3061.139897,-0.435004,11.377891,13.880602,5.176491,-45.000510
19.431796,15.609458,39.137133,3053.487688,-0.389699,11.112399,13.869324,5.171926,-44.993863
19.462088,15.612337,39.114238,3045.825297,-0.338490,10.829814,13.863018,5.162901,-44.996517
19.505608,15.622937,39.089098,3038.169179,-0.293476,10.568618,13.844117,5.151705,-44.997538
19.551869,15.633397,39.065716,3030.512832,-0.242727,10.298544,13.818079,5.143842,-44.996097
19.589999,15.638683,39.044817,3022.849503,-0.199057,10.028250,13.779990,5.125424,-44.991279
19.629889,15.647648,39.033949,3015.209691,-0.156945,9.762747,13.737846,5.117056,-44.994824
19.673355,15.639605,39.025968,3007.577267,-0.118404,9.494004,13.689141,5.098784,-45.007856
19.715080,15.661954,39.017125,2999.970944,-0.083513,9.218450,13.643570,5.081421,-45.011706
19.755484,15.663842,39.011640,2992.391083,-0.039523,8.947517,13.578292,5.063082,-45.006367
19.786139,15.669363,39.010988,2984.818760,0.005127,8.676810,13.508524,5.032416,-45.001035
19.831824,15.674347,39.004993,2977.267791,0.043192,8.411156,13.440281,5.016376,-45.000551
19.869997,15.688832,39.011877,2969.781270,0.075225,8.138488,13.368498,4.978164,-45.000824
19.909839,15.689944,39.019303,2962.318516,0.113694,7.872186,13.279884,4.954143,-44.993165
19.945621,15.696573,39.025403,2954.872031,0.140008,7.592450,13.207275,4.922150,-44.999676
19.987222,15.704710,39.032212,2947.496755,0.169269,7.344514,13.120929,4.883148,-45.004805
20.030843,15.710989,39.054078,2940.141859,0.195539,7.082085,13.034485,4.848364,-45.003686
20.063643,15.711380,39.068612,2932.841943,0.223334,6.811356,12.927612,4.816703,-44.999047
20.098963,15.718330,39.084128,2925.579658,0.245082,6.563754,12.833867,4.784419,-44.999944
20.131450,15.731880,39.103689,2918.381435,0.259892,6.301483,12.739082,4.738864,-44.996278
20.183668,15.724805,39.119693,2911.222468,0.284296,6.035262,12.638272,4.717093,-45.001142
20.218981,15.727958,39.149138,2904.105143,0.301293,5.776671,12.540895,4.669879,-45.001274
20.262389,15.730014,39.177579,2897.064659,0.323786,5.524851,12.431708,4.636404,-44.996965
20.299561,15.737191,39.189652,2890.059609,0.315076,5.269081,12.325586,4.591445,-45.011565
20.334316,15.744551,39.228136,2883.120240,0.336862,5.017405,12.221069,4.546635,-45.004029
20.378091,15.746591,39.242072,2876.226621,0.339868,4.761617,12.130447,4.520762,-45.009139
20.416210,15.745846,39.278670,2869.392624,0.343065,4.517989,12.020559,4.476577,-45.002135
20.451730,15.755564,39.297940,2862.609527,0.353012,4.268366,11.928883,4.436618,-44.985335
20.488848,15.750947,39.321741,2855.889369,0.348149,4.029400,11.826838,4.411905,-45.006888
20.529416,15.748396,39.346600,2849.222417,0.354025,3.772161,11.728876,4.371754,-44.991561
20.565359,15.762811,39.374967,2842.603774,0.338472,3.526458,11.624291,4.328111,-44.998372
20.598432,15.758230,39.405124,2836.050972,0.338897,3.293547,11.528694,4.294284,-45.004167
20.643227,15.774292,39.419978,2829.541407,0.331244,3.044510,11.444884,4.261691,-44.997211
20.673900,15.768054,39.455153,2823.085042,0.311805,2.809113,11.355321,4.227617,-45.001956
20.722287,15.770593,39.481910,2816.692820,0.301913,2.572275,11.269382,4.197026,-45.004759
20.762179,15.781509,39.493885,2810.354876,0.286312,2.336881,11.172100,4.164355,-44.994415
20.791773,15.773421,39.514465,2804.051004,0.266206,2.095240,11.099086,4.130986,-45.010351
20.828415,15.779113,39.537720,2797.803085,0.245932,1.852838,11.010304,4.105718,-44.994747
20.863770,15.774725,39.556685,2791.611200,0.220206,1.627321,10.940693,4.084108,-44.998769
20.907970,15.785270,39.575472,2785.459967,0.199939,1.391351,10.862913,4.047218,-44.996576
20.947131,15.779870,39.585334,2779.357928,0.174335,1.154421,10.801945,4.018727,-45.010182
20.976206,15.778811,39.596343,2773.301453,0.150411,0.921818,10.742729,4.004564,-44.993769
21.020884,15.778057,39.606037,2767.276431,0.120118,0.699928,10.684403,3.974645,-45.008724
21.055128,15.778619,39.614683,2761.298438,0.088699,0.468435,10.622704,3.947074,-44.996719
21.089725,15.776098,39.619007,2755.366659,0.052338,0.241035,10.562528,3.929951,-45.002164
21.122628,15.777605,39.606010,2749.461275,0.011602,0.007169,10.518863,3.913202,-44.999569
21.165019,15.782371,39.620433,2743.597141,-0.010079,-0.208046,10.462340,3.895900,-44.999512
21.204388,15.775965,39.614438,2737.753719,-0.052958,-0.442567,10.427682,3.887331,-45.009600
21.240081,15.777821,39.626347,2731.961189,-0.088469,-0.666788,10.384150,3.872729,-45.008254
21.266322,15.775966,39.612175,2726.180098,-0.125816,-0.893794,10.359556,3.851175,-44.996017
21.311726,15.778476,39.604538,2720.437395,-0.149047,-1.131013,10.323449,3.842177,-44.998971
21.333827,15.776309,39.584179,2714.705355,-0.099000,-1.113526,10.303718,3.839471,-0.003078
21.382060,15.773671,39.583712,2708.983439,-0.045533,-1.113882,10.258548,3.825453,0.005605
21.421003,15.772439,39.582009,2703.266872,0.009833,-1.108922,10.221654,3.810478,-0.003212
21.447699,15.772184,39.579914,2697.555080,0.062486,-1.107130,10.176385,3.802917,-0.003431
21.491598,15.765034,39.587576,2691.860481,0.117396,-1.100321,10.121665,3.762135,-0.001750
21.527002,15.772714,39.594696,2686.192435,0.158001,-1.100197,10.060257,3.748450,-0.002076
21.564225,15.772353,39.617605,2680.529918,0.199125,-1.097310,10.008458,3.731191,-0.000711
21.589319,15.776042,39.631596,2674.897410,0.248630,-1.085374,9.946883,3.700961,0.006238
21.636298,15.772334,39.636767,2669.298398,0.291863,-1.089531,9.879063,3.686277,-0.008332
21.676840,15.773882,39.668857,2663.712277,0.330946,-1.078213,9.799353,3.657863,-0.001724
21.705156,15.769344,39.691448,2658.172928,0.364481,-1.077279,9.736172,3.619379,-0.000425
21.739263,15.762457,39.707561,2652.647649,0.401559,-1.058734,9.651318,3.597971,-0.010245
21.782534,15.772831,39.749803,2647.178598,0.435889,-1.067354,9.585497,3.565280,0.002665
21.807708,15.770657,39.776091,2641.729224,0.467276,-1.062215,9.497353,3.527789,0.000579
21.853545,15.774738,39.819403,2636.334954,0.485036,-1.069651,9.413891,3.516045,-0.002908
21.878830,15.766421,39.843250,2630.959959,0.521968,-1.057066,9.326225,3.477174,0.002523
21.914686,15.766740,39.888324,2625.653474,0.530282,-1.046844,9.247810,3.439261,-0.003892
21.953850,15.769898,39.923660,2620.365040,0.548524,-1.044384,9.163236,3.411826,-0.004318
21.992313,15.771293,39.964323,2615.128436,0.576007,-1.040510,9.064533,3.376200,0.000743
22.025899,15.771626,39.991096,2609.933568,0.596420,-1.026960,8.982404,3.342445,-0.002619
22.054863,15.766648,40.034402,2604.789263,0.592860,-1.028372,8.899849,3.317335,-0.004256
22.091640,15.761374,40.084166,2599.685730,0.607621,-1.024870,8.813379,3.285568,0.000218
22.133395,15.764044,40.127189,2594.626127,0.612268,-1.021857,8.723658,3.244511,0.004338
22.164046,15.758259,40.166666,2589.616663,0.602045,-1.018607,8.639341,3.225742,0.003161
22.194673,15.758694,40.207653,2584.659052,0.608071,-1.021166,8.561399,3.195868,0.005805
22.241409,15.766664,40.235714,2579.747041,0.609552,-1.002725,8.471743,3.163192,0.003301
22.275497,15.752907,40.289275,2574.872724,0.584647,-1.016950,8.407817,3.126953,0.006546
22.305913,15.759765,40.319347,2570.057454,0.581697,-0.999902,8.331065,3.098233,-0.002968
22.333988,15.749089,40.362183,2565.280144,0.563696,-0.991715,8.257956,3.073797,-0.002744
22.370014,15.760879,40.399509,2560.558038,0.557964,-0.988972,8.173583,3.042925,-0.006461
22.413687,15.757239,40.442252,2555.873309,0.544050,-0.987565,8.102029,3.021136,0.003804
22.436248,15.760408,40.473195,2551.235771,0.511385,-0.989192,8.030160,2.988878,-0.003680
22.473155,15.757212,40.505878,2546.644028,0.492649,-0.979858,7.970794,2.977406,0.005231
22.511980,15.742957,40.545178,2542.078273,0.467165,-0.978016,7.898974,2.944282,-0.008207
22.534502,15.754929,40.566385,2537.562261,0.436719,-0.978647,7.835907,2.916111,0.011030
22.576249,15.747744,40.598192,2533.091206,0.411142,-0.966750,7.778893,2.897019,-0.003547
22.608249,15.754200,40.622672,2528.659404,0.369634,-0.960663,7.719742,2.874554,-0.010255
22.641540,15.749072,40.643053,2524.266210,0.346798,-0.943799,7.671596,2.860415,-0.002207
22.674476,15.746360,40.661357,2519.908575,0.303949,-0.952162,7.625021,2.837045,0.008502
22.714423,15.743318,40.682379,2515.598648,0.262453,-0.952964,7.573223,2.819268,-0.000091
22.737207,15.745999,40.702819,2511.300839,0.228259,-0.939856,7.528460,2.810583,0.000763
22.770964,15.749290,40.710958,2507.063801,0.182874,-0.939055,7.498792,2.791740,-0.000868
22.815308,15.747605,40.734745,2502.833820,0.141690,-0.931055,7.453322,2.780382,-0.001692
22.852979,15.748630,40.743512,2498.645562,0.097117,-0.929861,7.430331,2.760727,0.003130
22.878133,15.747065,40.732702,2494.490517,0.056327,-0.923794,7.395604,2.761439,-0.002061
22.908837,15.741397,40.744743,2490.362783,-0.000607,-0.919099,7.364403,2.744761,-0.004835
22.946221,15.745291,40.743360,2486.246580,-0.040415,-0.913099,7.353456,2.736413,0.002073
22.985056,15.748164,40.747281,2482.167175,-0.092507,-0.905282,7.325972,2.725216,-0.008063
23.008777,15.749047,40.738395,2478.107059,-0.135288,-0.908370,7.303632,2.712937,0.001233
23.053570,15.741970,40.723511,2474.075249,-0.183592,-0.899849,7.300447,2.717843,-0.000457
23.084638,15.748574,40.706958,2470.048810,-0.244304,-0.895217,7.294561,2.714597,0.001682
23.109786,15.747839,40.689711,2466.042125,-0.295174,-0.893071,7.278865,2.709410,-0.000567
23.143891,15.738037,40.670429,2462.061295,-0.339620,-0.892890,7.281507,2.715596,0.007579
23.173037,15.738302,40.646920,2458.082125,-0.387728,-0.879100,7.275766,2.704435,-0.006400
23.203308,15.742632,40.620395,2454.125938,-0.447070,-0.881594,7.280359,2.720094,0.008483
23.250820,15.741617,40.582007,2450.168287,-0.494024,-0.869706,7.289254,2.722583,-0.000855
23.268116,15.746195,40.555089,2446.214814,-0.544814,-0.869918,7.298547,2.722001,-0.000512
23.315593,15.743151,40.512846,2442.289212,-0.598603,-0.855832,7.316629,2.721471,0.001264
23.338631,15.737801,40.474876,2438.363089,-0.647704,-0.856731,7.336924,2.727193,0.003194
23.374170,15.754140,40.427090,2434.413169,-0.702924,-0.857819,7.347912,2.748214,-0.006676
23.404656,15.737656,40.397625,2430.488296,-0.743823,-0.850680,7.377492,2.748573,0.006158
23.435466,15.733073,40.337047,2426.560984,-0.800675,-0.848750,7.403003,2.759363,0.001698
23.471647,15.739079,40.283172,2422.619404,-0.852987,-0.826698,7.434447,2.764427,0.002311
23.518048,15.740079,40.232911,2418.682827,-0.895906,-0.834373,7.464981,2.783381,-0.007853
23.528590,15.727100,40.180632,2414.731064,-0.947027,-0.825989,7.503426,2.805736,0.004591
23.569826,15.739628,40.115184,2410.762064,-0.994269,-0.827579,7.542719,2.815202,-0.003476
23.601004,15.736669,40.048580,2406.791290,-1.027835,-0.814560,7.594587,2.828970,0.000642
23.634260,15.740883,39.975954,2402.800940,-1.070195,-0.818768,7.633331,2.837280,0.001262
23.671755,15.732749,39.915191,2398.804832,-1.121755,-0.803719,7.676209,2.861735,-0.001537
23.697593,15.726685,39.841928,2394.795718,-1.155977,-0.802384,7.741317,2.889059,-0.002827
23.737555,15.742705,39.763129,2390.747138,-1.199399,-0.794790,7.795930,2.893497,0.001994
23.756400,15.738198,39.690576,2386.685551,-1.220380,-0.791467,7.851262,2.922513,0.000256
23.791143,15.740757,39.605268,2382.604955,-1.261538,-0.786886,7.905510,2.938239,0.003388
23.837626,15.742331,39.533786,2378.492618,-1.293227,-0.785225,7.975805,2.971731,-0.006904
23.860136,15.728894,39.446717,2374.357525,-1.324402,-0.787832,8.030642,2.994913,0.001502
23.885026,15.727323,39.363883,2370.193777,-1.344729,-0.770502,8.100861,3.013343,0.000030
23.929884,15.737061,39.283136,2366.001968,-1.375866,-0.770167,8.161919,3.044187,-0.013139
23.957929,15.732397,39.195345,2361.773981,-1.411977,-0.767300,8.230160,3.066729,-0.003169
23.973474,15.725172,39.114625,2357.506821,-1.425272,-0.752867,8.302054,3.094240,-0.001860
24.017414,15.729657,39.029227,2353.216487,-1.440583,-0.757446,8.375865,3.113904,0.000049
24.039355,15.726143,38.936346,2348.872624,-1.454788,-0.750556,8.458394,3.149604,0.000974
24.069638,15.726068,38.849040,2344.499437,-1.466922,-0.748339,8.529574,3.173711,0.007644
24.110227,15.715870,38.761529,2340.087959,-1.474045,-0.733876,8.605794,3.203961,-0.000195
24.150621,15.739879,38.662891,2335.636461,-1.480077,-0.726610,8.682679,3.233114,0.007234
24.168912,15.725460,38.572987,2331.145179,-1.484328,-0.724142,8.763980,3.268719,-0.006038
24.196454,15.728680,38.486063,2326.607207,-1.492936,-0.713825,8.838820,3.291443,0.001049
24.236697,15.728207,38.395939,2322.028374,-1.484379,-0.722465,8.906276,3.313712,0.000508
24.267507,15.731761,38.303506,2317.398262,-1.486939,-0.707009,8.996767,3.342533,-0.000298
24.299409,15.728829,38.216955,2312.736072,-1.484948,-0.705362,9.070557,3.377709,-0.000489
24.321834,15.729867,38.129315,2308.022324,-1.476069,-0.705712,9.138114,3.409740,-0.001549
24.371415,15.726649,38.041145,2303.261320,-1.465160,-0.693990,9.223088,3.440051,-0.006270
24.395972,15.726647,37.945012,2298.457647,-1.441806,-0.692970,9.292152,3.469259,0.004404
24.421366,15.720183,37.859731,2293.588263,-1.427489,-0.677750,9.380837,3.495642,0.003350
24.457352,15.720627,37.769731,2288.703586,-1.407903,-0.677031,9.436699,3.522948,0.000646
24.481126,15.721979,37.694699,2283.764232,-1.378370,-0.678682,9.522792,3.540741,-0.002567
24.515286,15.734406,37.602042,2278.769529,-1.349868,-0.665387,9.589495,3.574602,0.003047
24.540338,15.713495,37.524662,2273.743138,-1.339650,-0.658074,9.640313,3.606143,-0.003672
24.575568,15.719852,37.452692,2268.671324,-1.310736,-0.656325,9.719307,3.614560,-0.001062
24.608634,15.725602,37.374708,2263.543746,-1.274208,-0.650686,9.769980,3.637072,-0.005776
24.635888,15.724882,37.296304,2258.379659,-1.245482,-0.653314,9.837216,3.658026,-0.006538
24.670743,15.723592,37.234913,2253.192838,-1.201153,-0.643367,9.897731,3.678842,0.006618
24.693458,15.720968,37.164737,2247.949410,-1.170739,-0.636705,9.942553,3.701053,0.000525
24.725605,15.719877,37.092054,2242.667091,-1.122534,-0.628490,9.985700,3.714603,0.001673
24.755788,15.712542,37.028310,2237.365174,-1.086252,-0.618401,10.030203,3.743839,-0.008290
24.788406,15.715776,36.962253,2232.022310,-1.048106,-0.620457,10.071602,3.750393,-0.008515
24.817823,15.721247,36.907353,2226.631044,-0.994917,-0.608133,10.111064,3.768840,-0.007029
24.849153,15.717482,36.848444,2221.225029,-0.953170,-0.610068,10.133186,3.782075,0.000640
24.882088,15.716297,36.786380,2215.790368,-0.909357,-0.602585,10.169347,3.787319,0.001226
24.903463,15.723049,36.739622,2210.324502,-0.858843,-0.596160,10.182117,3.797215,-0.003298
24.938024,15.722244,36.694140,2204.839272,-0.799385,-0.588338,10.206397,3.803134,0.002296
24.962583,15.714304,36.649272,2199.334735,-0.766322,-0.592733,10.222650,3.806558,0.002639
25.001378,15.714933,36.610022,2193.799896,-0.708824,-0.584172,10.241579,3.809961,0.003415
25.018325,15.717658,36.565852,2188.254162,-0.658363,-0.585287,10.232389,3.812221,0.001726
25.046193,15.718278,36.537425,2182.701121,-0.595956,-0.570844,10.228370,3.816107,-0.001997
25.086247,15.712768,36.491424,2177.138032,-0.557185,-0.568768,10.235387,3.813696,-0.001596
25.112772,15.727928,36.466703,2171.548989,-0.511549,-0.554716,10.211783,3.812505,-0.003137
25.134824,15.712404,36.437774,2165.963863,-0.465118,-0.548939,10.215484,3.804071,0.002049
25.169438,15.712673,36.431430,2160.371188,-0.414870,-0.546310,10.191671,3.805943,0.001453
25.196149,15.710776,36.395189,2154.783711,-0.365703,-0.551731,10.172169,3.793116,0.001929
25.229032,15.716996,36.375150,2149.199277,-0.323358,-0.532522,10.148181,3.779862,-0.007222
25.260127,15.709347,36.363258,2143.614977,-0.272311,-0.537115,10.116523,3.769923,-0.004782
25.280366,15.714946,36.345546,2138.034978,-0.223861,-0.528739,10.075023,3.756417,0.008888
25.315827,15.713139,36.338331,2132.455388,-0.182239,-0.523801,10.047167,3.741216,0.000313
25.343891,15.708038,36.327689,2126.904171,-0.142077,-0.520962,10.000931,3.732578,0.003329
25.368922,15.708673,36.325170,2121.344238,-0.102728,-0.515517,9.974189,3.715702,-0.003976
25.394878,15.713729,36.306008,2115.815714,-0.073896,-0.503236,9.921156,3.686738,0.005782
25.425123,15.715525,36.301532,2110.296239,-0.024436,-0.495229,9.861784,3.672971,-0.000345
25.453550,15.710831,36.302922,2104.796152,-0.005723,-0.504650,9.819807,3.649594,-0.009816
25.481535,15.711126,36.304557,2099.323037,0.032776,-0.491858,9.765794,3.639770,-0.009999
25.515491,15.710661,36.316154,2093.862571,0.063886,-0.491435,9.715367,3.621415,0.000101
25.539773,15.722802,36.310610,2088.421237,0.080010,-0.482712,9.665026,3.587654,0.000259
25.565314,15.719491,36.319896,2083.017772,0.120180,-0.473608,9.599636,3.580938,-0.001473
25.592915,15.710327,36.334460,2077.642253,0.137309,-0.472907,9.540120,3.552312,0.006247
25.631949,15.711555,36.348052,2072.291390,0.166047,-0.466219,9.473100,3.530026,0.005758
25.648032,15.716791,36.342674,2066.962103,0.172731,-0.462969,9.413967,3.507647,0.006212
25.683098,15.712498,36.358014,2061.676086,0.193341,-0.456306,9.365267,3.485364,-0.005976
25.710535,15.711669,36.360754,2056.407951,0.206120,-0.455763,9.302282,3.464769,0.007338
25.738865,15.713140,36.377172,2051.182591,0.209644,-0.447514,9.237280,3.436712,0.001867
25.759478,15.707528,36.383318,2045.972878,0.218641,-0.437510,9.177507,3.413255,-0.005245
25.791749,15.707743,36.394690,2040.816148,0.223894,-0.438534,9.114014,3.396919,0.011169
25.817123,15.708072,36.410422,2035.678966,0.219271,-0.435341,9.050744,3.372599,-0.008351
25.846878,15.703337,36.418268,2030.583149,0.219210,-0.414830,8.988624,3.356968,0.009086
25.869429,15.708575,36.422353,2025.517745,0.213956,-0.423317,8.943186,3.327933,0.002018
25.888274,15.712720,36.442614,2020.495181,0.207646,-0.419408,8.877059,3.310297,0.001653
25.926287,15.704425,36.459113,2015.493716,0.195744,-0.412645,8.829116,3.283729,0.003511
25.948089,15.706972,36.474988,2010.541588,0.183287,-0.397732,8.766340,3.268242,-0.003940
25.976757,15.712876,36.484134,2005.610695,0.172263,-0.388625,8.704748,3.236499,0.001716
26.010756,15.696618,36.482128,2000.710792,0.159355,-0.396162,8.655221,3.224881,0.004723
26.030344,15.703955,36.486051,1995.850187,0.131439,-0.382573,8.608934,3.205896,0.003350
26.051208,15.705716,36.493690,1991.027180,0.110701,-0.382077,8.553915,3.189287,-0.008197
26.081037,15.709557,36.505247,1986.233041,0.092013,-0.375368,8.505389,3.176436,0.002060
26.112294,15.702584,36.508861,1981.472060,0.053332,-0.368335,8.460817,3.152565,0.004333
26.128084,15.706051,36.511349,1976.753175,0.026939,-0.368506,8.417452,3.131225,-0.003240
26.159838,15.700809,36.499899,1972.052423,0.005991,-0.352075,8.373147,3.108730,0.001087
26.190453,15.708926,36.520564,1967.381567,-0.026198,-0.359212,8.340969,3.110857,0.004217
26.209975,15.708427,36.505444,1962.732603,-0.059206,-0.349607,8.304293,3.092573,-0.001223
26.247520,15.710306,36.505409,1958.136429,-0.097470,-0.349074,8.274817,3.082399,-0.002237
26.271283,15.695485,36.500553,1953.552630,-0.126745,-0.334382,8.235297,3.062482,-0.001983
26.301229,15.702847,36.491539,1948.994533,-0.180128,-0.341077,8.201538,3.057671,-0.001426
26.321305,15.704824,36.467446,1944.467595,-0.223855,-0.320928,8.178893,3.057960,0.001827
26.341895,15.706665,36.467839,1939.963264,-0.266283,-0.319892,8.155436,3.030872,0.004741
26.387264,15.696045,36.449879,1935.476632,-0.313525,-0.321049,8.138831,3.036230,0.002854
26.405828,15.712265,36.436986,1931.019665,-0.357466,-0.301947,8.119394,3.022008,-0.002491
26.431288,15.699281,36.415667,1926.589445,-0.394179,-0.300344,8.103977,3.011733,0.001095
26.454799,15.689882,36.394648,1922.156070,-0.444117,-0.303465,8.088033,3.013173,-0.001644
26.468659,15.709694,36.367697,1917.759692,-0.488699,-0.301536,8.083089,3.002710,-0.000802
26.505121,15.710803,36.349708,1913.381735,-0.533315,-0.287803,8.073066,3.005303,0.004126
26.538827,15.703186,36.320549,1909.030615,-0.577841,-0.292368,8.070048,3.000075,0.004955
26.559454,15.708820,36.295217,1904.672325,-0.630485,-0.274333,8.071937,3.006761,0.002236
26.577601,15.703245,36.249977,1900.328771,-0.680970,-0.269882,8.064828,2.998923,-0.008414
26.611729,15.712464,36.226544,1895.995172,-0.730564,-0.262364,8.065243,3.001390,-0.001668
26.626059,15.706969,36.181543,1891.683616,-0.772766,-0.265114,8.075308,3.009963,-0.003996
26.645789,15.706295,36.150489,1887.366045,-0.821850,-0.252291,8.074404,3.006041,0.003115
26.684933,15.702331,36.095426,1883.071176,-0.875205,-0.240291,8.088525,3.019265,0.002805
26.706277,15.706830,36.056963,1878.766490,-0.922230,-0.236826,8.102692,3.015415,0.008846
26.730358,15.709566,36.011837,1874.475949,-0.973939,-0.228925,8.119910,3.025318,0.005120
26.752346,15.700680,35.954124,1870.191017,-1.015426,-0.235112,8.136852,3.029413,-0.003614
26.788411,15.699112,35.907862,1865.897714,-1.058951,-0.229088,8.166262,3.031648,0.000568
26.812925,15.702189,35.854154,1861.609582,-1.110757,-0.222861,8.181317,3.053006,-0.004380
26.836173,15.711107,35.806852,1857.313292,-1.149846,-0.208542,8.210630,3.065410,-0.000235
26.857414,15.696766,35.743336,1853.018651,-1.201222,-0.209888,8.245835,3.069975,-0.000963
26.881766,15.708430,35.679415,1848.720251,-1.246016,-0.199189,8.265418,3.077471,-0.002555
26.905838,15.707838,35.621858,1844.410441,-1.283481,-0.184354,8.302559,3.095972,-0.001145
26.928556,15.696092,35.557917,1840.090811,-1.324751,-0.187963,8.339461,3.100699,0.000697
26.969044,15.710229,35.493586,1835.769734,-1.361116,-0.187966,8.376012,3.117622,0.007746
26.989348,15.703828,35.428048,1831.433660,-1.402165,-0.175508,8.415727,3.123819,-0.005790
26.999929,15.700143,35.367270,1827.073484,-1.435293,-0.163153,8.447150,3.146548,-0.000742
27.031814,15.705148,35.293030,1822.709909,-1.475559,-0.157134,8.487107,3.167297,0.001867
27.051334,15.700914,35.220181,1818.328242,-1.508001,-0.159947,8.547292,3.185175,-0.008204
27.077478,15.695306,35.150601,1813.945730,-1.532742,-0.163192,8.580851,3.192965,-0.004631
27.100883,15.702242,35.078184,1809.524759,-1.562015,-0.151746,8.633800,3.215573,-0.004030
27.128462,15.700927,35.000153,1805.078992,-1.577824,-0.130201,8.681475,3.227645,0.001811
27.156206,15.709111,34.920647,1800.624794,-1.610545,-0.142726,8.718959,3.250008,-0.003811
27.174988,15.700634,34.851643,1796.151938,-1.639122,-0.129612,8.780188,3.271119,0.000435
27.197939,15.701915,34.761773,1791.654975,-1.645871,-0.125489,8.831691,3.287478,-0.006533
27.219543,15.702994,34.694490,1787.105867,-1.667143,-0.117055,8.888457,3.305044,-0.001378
27.254202,15.707164,34.615787,1782.562107,-1.686958,-0.104625,8.929169,3.323817,0.003209
27.267170,15.703089,34.543887,1777.986381,-1.697637,-0.107960,8.992732,3.351334,-0.003850
27.298105,15.696656,34.455437,1773.378745,-1.697326,-0.095511,9.040552,3.365618,0.006864
27.325213,15.694564,34.378924,1768.749419,-1.711807,-0.095970,9.094812,3.388018,0.004589
27.347587,15.706532,34.293327,1764.081088,-1.728885,-0.084467,9.144734,3.414091,-0.002280
27.363697,15.694158,34.225896,1759.401694,-1.711469,-0.082608,9.211847,3.427357,-0.003956
27.390892,15.703533,34.144412,1754.679125,-1.726485,-0.079398,9.259969,3.446414,-0.002748
27.416345,15.700369,34.064704,1749.930669,-1.718171,-0.070036,9.306660,3.461907,-0.007753
27.441486,15.702420,33.984444,1745.152270,-1.715128,-0.063131,9.362654,3.479823,-0.007380
27.447185,15.695867,33.901455,1740.339305,-1.707766,-0.053417,9.419124,3.503029,-0.002890
27.493176,15.703474,33.831006,1735.493614,-1.699822,-0.045717,9.460501,3.524892,-0.005406
27.511000,15.700710,33.749854,1730.633403,-1.683071,-0.046011,9.505099,3.542424,-0.000800
27.522999,15.693869,33.679761,1725.735879,-1.676608,-0.035402,9.552700,3.556106,-0.001483
27.553450,15.698501,33.608218,1720.787393,-1.652363,-0.040481,9.610183,3.569909,0.000988
27.575623,15.694854,33.534661,1715.838443,-1.634065,-0.035870,9.646072,3.590833,-0.004814
27.598256,15.702070,33.460972,1710.840552,-1.609710,-0.021778,9.682695,3.622737,-0.013546
27.628887,15.709383,33.379815,1705.829062,-1.588933,-0.019714,9.732211,3.622288,-0.002585
27.647053,15.694639,33.312886,1700.775580,-1.561569,-0.004690,9.768128,3.646060,-0.004356
27.661186,15.708686,33.249033,1695.701838,-1.542621,-0.001747,9.802465,3.657705,0.000827
27.693222,15.714677,33.177706,1690.594527,-1.507888,0.012038,9.844603,3.663467,0.005956
27.713552,15.696851,33.105595,1685.468902,-1.488152,0.000080,9.875926,3.677447,0.004444
27.741981,15.706242,33.058525,1680.317290,-1.452243,0.016682,9.890947,3.696619,-0.004207
27.746554,15.697600,32.982709,1675.135051,-1.413104,0.018897,9.942001,3.700190,-0.000369
27.778154,15.711025,32.921694,1669.945060,-1.380765,0.029122,9.952308,3.709965,0.004743
27.807065,15.705235,32.864461,1664.718351,-1.349396,0.030335,9.977495,3.714975,0.006218
27.818848,15.692510,32.806853,1659.475285,-1.304767,0.050571,9.993706,3.727203,-0.001939
27.850402,15.699432,32.745283,1654.230991,-1.279424,0.049018,10.003665,3.737714,-0.000295
27.867197,15.699152,32.697631,1648.951976,-1.236972,0.055220,10.023061,3.737749,0.005320
27.895980,15.701716,32.635960,1643.661077,-1.204968,0.063816,10.034363,3.741509,0.002790
27.910272,15.691537,32.591587,1638.348765,-1.160444,0.068685,10.032698,3.741170,-0.011450
27.940998,15.699191,32.552522,1633.033695,-1.119539,0.073519,10.042706,3.742688,0.000783
27.957660,15.698021,32.490653,1627.702346,-1.079250,0.075561,10.040107,3.745086,-0.002211
27.980194,15.707213,32.442015,1622.360590,-1.040398,0.076522,10.024991,3.738667,-0.004275
28.005992,15.701044,32.405763,1617.019604,-1.003538,0.088241,10.034229,3.733154,-0.010684
28.018690,15.698544,32.359740,1611.667042,-0.967136,0.093496,10.030090,3.733988,0.008015
28.044372,15.705738,32.320398,1606.302190,-0.933952,0.098007,10.019812,3.728962,-0.008251
28.069111,15.700527,32.285985,1600.923254,-0.897563,0.108098,10.002619,3.727035,-0.002497
28.087306,15.702022,32.241647,1595.560452,-0.855897,0.115852,9.988303,3.721376,-0.005902
28.108277,15.702613,32.209781,1590.212318,-0.819043,0.120191,9.972919,3.716817,-0.002878
28.134712,15.699598,32.175373,1584.847260,-0.781301,0.130467,9.956100,3.701291,-0.004984
28.154095,15.704788,32.149288,1579.490081,-0.757628,0.131026,9.928023,3.700139,-0.008221
28.178875,15.697483,32.116244,1574.147012,-0.721387,0.137379,9.888078,3.688535,-0.001972
28.192400,15.695082,32.088923,1568.789527,-0.691111,0.142299,9.870514,3.674738,0.000166
28.201680,15.700283,32.064888,1563.457679,-0.670261,0.146659,9.841665,3.670367,-0.002733
28.225957,15.702189,32.036626,1558.136091,-0.632180,0.161732,9.812543,3.648099,-0.004888
28.254934,15.699360,31.999753,1552.802274,-0.624132,0.167249,9.784457,3.647273,0.008125
28.266670,15.700778,31.989939,1547.501689,-0.589737,0.165528,9.749312,3.635109,0.000354
28.290179,15.697784,31.965228,1542.208766,-0.562066,0.180297,9.710207,3.618179,-0.002068
28.309871,15.705145,31.933752,1536.942591,-0.547541,0.179623,9.687136,3.600188,0.003278
28.338205,15.707443,31.920829,1531.678432,-0.526125,0.184340,9.646844,3.586462,-0.006606
28.360973,15.699315,31.896970,1526.428364,-0.509060,0.191389,9.607304,3.576101,-0.001190
28.382320,15.697589,31.876868,1521.206364,-0.502597,0.195258,9.570632,3.562794,0.000460
28.397587,15.703711,31.863885,1515.997800,-0.489482,0.206346,9.529492,3.550881,0.005102
28.411207,15.695275,31.840953,1510.815510,-0.483191,0.203249,9.487946,3.533523,0.001624
28.452763,15.700036,31.817070,1505.639714,-0.473133,0.218714,9.441804,3.527591,0.012956
28.459524,15.695811,31.807816,1500.491948,-0.475899,0.226158,9.400959,3.505402,0.008637
28.477037,15.691084,31.775448,1495.365919,-0.470818,0.225462,9.380092,3.491754,-0.000723
28.497879,15.709239,31.752474,1490.260019,-0.473624,0.234887,9.324620,3.471847,0.007127
28.514441,15.704924,31.743285,1485.182055,-0.483884,0.236892,9.288629,3.463554,0.003397
28.532110,15.704657,31.737288,1480.124138,-0.483827,0.246878,9.251222,3.442653,0.001110
28.564946,15.707758,31.701322,1475.083976,-0.489840,0.254424,9.211246,3.431688,0.005743
28.580105,15.706258,31.689300,1470.075217,-0.509025,0.255205,9.177337,3.418594,-0.002752
28.604627,15.703890,31.670199,1465.097812,-0.521288,0.269581,9.145917,3.411593,0.004722
28.626935,15.692847,31.657983,1460.123153,-0.541888,0.276795,9.110061,3.394667,0.006979
28.638624,15.702469,31.632871,1455.191026,-0.553994,0.282758,9.067355,3.377221,0.005350
28.665670,15.710108,31.603714,1450.277258,-0.569554,0.285802,9.035482,3.359386,0.003936
28.678567,15.712856,31.579172,1445.382969,-0.603583,0.295404,9.001764,3.360590,-0.000508
28.705239,15.703545,31.563125,1440.524341,-0.622670,0.299211,8.966167,3.331868,-0.005142
28.712230,15.709936,31.533924,1435.675521,-0.642874,0.302023,8.943131,3.322838,0.000518
28.740625,15.704976,31.504587,1430.858910,-0.671724,0.305308,8.905487,3.321356,0.003170
28.759301,15.704150,31.483407,1426.063406,-0.707283,0.311984,8.884872,3.300370,-0.006553
28.769360,15.709957,31.457572,1421.301909,-0.730892,0.326021,8.859376,3.292433,0.008218
28.795950,15.700418,31.431613,1416.538587,-0.770902,0.334906,8.829349,3.280124,0.001370
28.809893,15.709538,31.411545,1411.817733,-0.801721,0.342428,8.807531,3.286415,0.003864
28.831001,15.704026,31.371599,1407.108956,-0.846159,0.345421,8.783034,3.275310,0.003075
28.846954,15.702761,31.342705,1402.429761,-0.887251,0.349833,8.775181,3.272291,0.003205
28.853508,15.704530,31.300991,1397.753040,-0.918782,0.359316,8.744300,3.256230,-0.003436
28.894944,15.705823,31.273823,1393.116212,-0.962360,0.360166,8.741862,3.255653,-0.000289
28.904045,15.709910,31.238437,1388.486807,-1.014556,0.363083,8.720387,3.250134,-0.004414
28.930441,15.708486,31.205526,1383.891932,-1.055928,0.372000,8.705704,3.240314,0.003337
28.945170,15.710381,31.163793,1379.295787,-1.096388,0.369525,8.700781,3.242504,-0.006928
28.967553,15.709627,31.110763,1374.719982,-1.135874,0.383902,8.683874,3.237280,-0.006663
28.974831,15.697025,31.073634,1370.162159,-1.191952,0.394972,8.685490,3.233573,0.005537
28.996600,15.714191,31.034552,1365.615700,-1.230613,0.397482,8.681754,3.234973,0.000421
29.016449,15.705231,30.998307,1361.097943,-1.285568,0.398970,8.670268,3.228728,0.002087
29.026874,15.710431,30.951191,1356.582478,-1.337021,0.412055,8.677695,3.235915,-0.004527
29.058299,15.712755,30.892741,1352.077867,-1.384370,0.417668,8.670640,3.228170,0.002339
29.079000,15.713234,30.853406,1347.594670,-1.428418,0.428967,8.677460,3.229940,0.005507
29.097664,15.697591,30.792437,1343.094647,-1.475332,0.433781,8.682954,3.234187,0.001084
29.112824,15.710928,30.742947,1338.638914,-1.526774,0.433169,8.688919,3.247943,-0.007239
29.124800,15.698398,30.695233,1334.169016,-1.567010,0.440754,8.700839,3.239545,0.002112
29.134526,15.710423,30.630179,1329.722177,-1.614307,0.444435,8.709397,3.235859,0.003754
29.159020,15.707406,30.577073,1325.260031,-1.667487,0.454507,8.719030,3.252746,0.006044
29.174090,15.705435,30.516167,1320.825052,-1.715715,0.459817,8.732504,3.245762,-0.001051
29.191162,15.708795,30.455701,1316.378426,-1.754659,0.463830,8.743010,3.259024,0.003416
29.213296,15.701620,30.388146,1311.933692,-1.802343,0.474417,8.763464,3.267646,-0.001469
29.235337,15.702194,30.339365,1307.504839,-1.849097,0.479047,8.780768,3.273996,0.000631
29.246125,15.708025,30.264660,1303.058302,-1.894485,0.478163,8.802669,3.284865,0.008029
29.261997,15.701918,30.198600,1298.625487,-1.938015,0.494766,8.822110,3.281623,0.006078
29.270796,15.709452,30.135124,1294.192344,-1.973319,0.505869,8.841427,3.298023,-0.008684
29.304286,15.711902,30.070091,1289.756495,-2.015361,0.510492,8.870680,3.307493,0.002026
29.314228,15.707968,29.997495,1285.306347,-2.053030,0.511013,8.893012,3.308918,0.005896
29.342563,15.698062,29.939396,1280.854642,-2.100345,0.523334,8.921923,3.324215,0.007114
29.365052,15.718512,29.856858,1276.399636,-2.129562,0.523358,8.941961,3.330681,-0.001342
29.367584,15.710348,29.784177,1271.950014,-2.166182,0.530612,8.976099,3.350409,-0.005005
29.392803,15.710264,29.712054,1267.485160,-2.198095,0.545569,9.001019,3.357460,-0.003587
29.404562,15.709804,29.634575,1263.013007,-2.224147,0.554759,9.021734,3.362501,0.005172
29.420788,15.707111,29.564117,1258.529393,-2.252125,0.566608,9.061365,3.374813,-0.004387
29.442772,15.702205,29.492165,1254.033705,-2.281099,0.560586,9.092957,3.389420,0.004570
29.457862,15.704835,29.414188,1249.531444,-2.317817,0.560572,9.120873,3.404554,-0.009268
29.470821,15.700647,29.335296,1245.017172,-2.338485,0.572559,9.150432,3.409223,-0.003615
29.496325,15.712737,29.271847,1240.487126,-2.352742,0.579813,9.194110,3.423601,0.002191
29.502608,15.710417,29.206069,1235.956142,-2.379834,0.582883,9.219768,3.430152,0.004510
29.520652,15.714655,29.116778,1231.401559,-2.402288,0.595262,9.247019,3.435758,-0.000711
29.541980,15.706306,29.035253,1226.832693,-2.403282,0.603568,9.284672,3.457510,0.002390
29.551161,15.719861,28.952419,1222.260601,-2.420604,0.607945,9.304709,3.464586,-0.000154
29.576145,15.715126,28.886339,1217.661500,-2.431320,0.622579,9.343266,3.490931,-0.009969
29.586426,15.702307,28.799618,1213.061318,-2.443054,0.617043,9.375121,3.489381,-0.004436
29.607632,15.709918,28.728948,1208.432809,-2.454193,0.626954,9.407743,3.504669,-0.000303
29.631870,15.712476,28.655660,1203.803597,-2.452872,0.642718,9.435724,3.507914,-0.001374
29.631963,15.704827,28.572349,1199.133609,-2.458953,0.645971,9.472878,3.529854,-0.002632
29.646585,15.705273,28.487485,1194.475830,-2.455167,0.646061,9.492110,3.534213,-0.007386
29.664443,15.707446,28.414179,1189.794926,-2.452485,0.660300,9.521099,3.548474,0.000367
29.679689,15.715622,28.338877,1185.086374,-2.452970,0.664182,9.547603,3.561117,0.003748
29.695651,15.715382,28.263431,1180.372044,-2.466811,0.670159,9.570816,3.566821,-0.005171
29.706057,15.717533,28.195546,1175.641984,-2.447820,0.682754,9.595569,3.584994,0.001405
29.725128,15.712643,28.108557,1170.884360,-2.439108,0.687420,9.625657,3.583361,0.013374
29.743088,15.719353,28.039475,1166.132186,-2.432346,0.681356,9.645238,3.595902,-0.000590
29.754707,15.710779,27.971129,1161.348876,-2.423037,0.688950,9.664625,3.599633,0.005334
29.778456,15.722605,27.887032,1156.561729,-2.417106,0.709228,9.689922,3.613869,0.007090
29.797490,15.713760,27.810930,1151.751929,-2.398502,0.708120,9.701895,3.615207,0.002949
29.810812,15.713568,27.749162,1146.935163,-2.387789,0.704082,9.721592,3.623968,0.004429
29.824637,15.719139,27.668832,1142.105736,-2.367405,0.723717,9.742631,3.626464,0.007630
29.835553,15.720446,27.604658,1137.257857,-2.353252,0.723773,9.754719,3.633921,0.005159
29.851203,15.721295,27.545242,1132.407316,-2.324812,0.747180,9.757910,3.638787,0.002777
29.870080,15.715074,27.467820,1127.537532,-2.313129,0.737608,9.777608,3.633367,0.004254
29.890567,15.709393,27.401704,1122.667652,-2.297088,0.755159,9.779054,3.637211,0.002185
29.896939,15.718030,27.337957,1117.776910,-2.270954,0.758568,9.791929,3.643512,0.001559
29.913124,15.717438,27.272232,1112.868563,-2.262132,0.770081,9.790770,3.647971,0.005645
29.924690,15.719139,27.200242,1107.990762,-2.225768,0.771656,9.803477,3.654917,-0.000893
29.944131,15.722562,27.142852,1103.075298,-2.214619,0.769622,9.795961,3.659330,0.002118
29.963023,15.707913,27.077656,1098.164090,-2.193978,0.787211,9.795232,3.652611,-0.003322
29.975381,15.712690,27.004638,1093.245575,-2.178554,0.793036,9.793261,3.639271,0.009783
29.987078,15.715693,26.952729,1088.335377,-2.158254,0.804158,9.791895,3.645321,0.001282
30.001814,15.718967,26.891180,1083.402527,-2.133073,0.795712,9.787762,3.641349,0.002391
30.019900,15.719066,26.829981,1078.481686,-2.119607,0.812734,9.783021,3.646257,0.010328
30.032195,15.719536,26.760804,1073.552658,-2.107155,0.818144,9.768867,3.635891,-0.008460
30.046448,15.714385,26.715196,1068.624823,-2.081541,0.831100,9.761403,3.629661,0.000143
30.064250,15.707149,26.653594,1063.696879,-2.067756,0.832420,9.752196,3.627969,-0.003774
30.075175,15.722210,26.598765,1058.782274,-2.053379,0.839698,9.739587,3.630239,-0.007945
30.079035,15.721370,26.541010,1053.859462,-2.031720,0.840398,9.725915,3.624444,0.005598
30.111624,15.718985,26.487712,1048.942940,-2.021507,0.849675,9.712109,3.620920,0.002424
30.117963,15.719074,26.431324,1044.038526,-2.011207,0.865235,9.694261,3.606648,0.001788
30.127285,15.725267,26.372898,1039.129562,-2.001528,0.865169,9.681272,3.607546,0.000802
30.137633,15.716353,26.321754,1034.235137,-1.985193,0.879933,9.664617,3.601288,-0.004834
30.162743,15.725352,26.265055,1029.341573,-1.979458,0.886313,9.631536,3.587463,0.009939
30.171430,15.719643,26.221017,1024.465467,-1.976732,0.893277,9.624018,3.586677,-0.002479
30.186784,15.722014,26.160743,1019.592046,-1.970619,0.892048,9.612620,3.577186,0.001342
30.201512,15.719604,26.103093,1014.739931,-1.971218,0.903555,9.588681,3.572008,0.008010
30.211963,15.722841,26.051420,1009.891883,-1.965063,0.913189,9.560618,3.565911,0.002264
30.233873,15.716595,26.010536,1005.062786,-1.975196,0.924659,9.535513,3.559852,0.004209
30.248695,15.722835,25.942710,1000.236498,-1.981410,0.925745,9.524721,3.543249,0.002284
30.249717,15.723187,25.894362,995.439344,-1.983594,0.939896,9.491814,3.534356,-0.000234
0.045347,0.058268,50.005158,5479.710500,-0.416191,44.996557,9.714947,3.619409,-0.001034
0.103427,0.095741,49.942712,5474.359288,-0.333713,44.995447,9.764034,3.641521,-0.007397
0.162676,0.145445,49.904812,5468.977391,-0.250647,44.995670,9.804757,3.642395,0.006130
0.207913,0.206807,49.876038,5463.545650,-0.168782,45.003659,9.828781,3.663320,0.002385
0.260732,0.258378,49.853605,5458.077217,-0.091574,45.001597,9.822119,3.656232,0.004578
0.311608,0.314944,49.845099,5452.602301,0.012990,45.001487,9.816200,3.652151,-0.003591
0.354212,0.364136,49.858336,5447.113445,0.094934,44.992894,9.785986,3.652916,-0.000319
0.414509,0.422140,49.867839,5441.615424,0.176388,44.998558,9.744603,3.631878,0.006369
0.461989,0.467896,49.909900,5436.135465,0.249254,45.001553,9.689900,3.603998,0.002456
0.512514,0.512141,49.943542,5430.669504,0.339086,45.007796,9.602015,3.579302,0.002132
0.569131,0.562642,50.005229,5425.239295,0.405207,45.006286,9.518738,3.548705,-0.000642
0.613597,0.623453,50.052783,5419.831067,0.492307,45.002303,9.410367,3.511270,0.002277
0.667341,0.676725,50.134535,5414.464671,0.564542,45.004306,9.299088,3.465938,-0.003892
0.720640,0.716329,50.220168,5409.154644,0.643693,45.009661,9.150535,3.414959,0.000982
0.771140,0.781329,50.319943,5403.905149,0.719641,45.009087,9.031102,3.356501,0.001694
0.818562,0.817913,50.429084,5398.711581,0.788797,45.011600,8.881079,3.303029,-0.004716
0.871754,0.875005,50.537166,5393.587921,0.848485,45.006092,8.705732,3.256057,-0.010454
0.932859,0.923649,50.658404,5388.541491,0.922769,45.004294,8.549512,3.181715,-0.000642
0.977217,0.974370,50.807241,5383.573575,0.977695,45.002644,8.374419,3.122626,-0.001612
1.035121,1.034560,50.939985,5378.687347,1.040505,45.012057,8.199195,3.041829,0.001147
1.074734,1.063319,51.092578,5373.893208,1.094564,45.019687,8.005583,2.995405,0.004665
1.137424,1.135840,51.256659,5369.179986,1.147801,45.016456,7.814761,2.920550,-0.004509
1.176703,1.178096,51.399601,5364.586164,1.188200,45.022135,7.627257,2.838259,0.005617
1.222682,1.231611,51.573629,5360.070466,1.245375,45.012601,7.431247,2.763647,0.004618
1.277509,1.274578,51.763470,5355.642724,1.284227,45.021975,7.249536,2.696009,0.004820
1.330638,1.336450,51.939127,5351.334010,1.322363,45.019424,7.043291,2.619227,0.001389
1.384639,1.387761,52.123639,5347.100946,1.365356,45.023353,6.850858,2.562583,-0.002927
1.425628,1.426754,52.320140,5342.985451,1.398622,45.018399,6.655879,2.479051,-0.007080
1.489682,1.487935,52.526209,5338.971921,1.432027,45.025085,6.459221,2.409419,-0.001021
1.536085,1.539810,52.711934,5335.042814,1.449620,45.021151,6.277887,2.334857,0.004114
1.589008,1.591563,52.914142,5331.223848,1.470947,45.018665,6.089680,2.267345,0.009786
1.632175,1.626600,53.128387,5327.502567,1.503599,45.026117,5.905336,2.200508,0.004063
1.687263,1.687697,53.331015,5323.863398,1.517765,45.030410,5.720305,2.138063,0.001807
1.737087,1.729718,53.559055,5320.339868,1.537079,45.031098,5.554271,2.069683,0.000434
1.790042,1.789462,53.773633,5316.888514,1.546289,45.026022,5.383363,2.003179,-0.004188
1.835338,1.833572,53.983879,5313.544602,1.547566,45.036215,5.208408,1.942591,0.009613
1.876980,1.886318,54.192146,5310.288296,1.560828,45.035975,5.039762,1.874653,0.009364
1.934343,1.939394,54.422695,5307.117610,1.546605,45.032305,4.884024,1.827081,-0.004916
1.987170,1.996566,54.638186,5304.025573,1.565130,45.028604,4.736766,1.763774,-0.011450
2.037129,2.041846,54.858707,5301.028276,1.565582,45.046384,4.594404,1.712185,-0.004915
2.085307,2.086240,55.070605,5298.107161,1.566483,45.034659,4.447421,1.648998,-0.007029
2.125229,2.138518,55.298992,5295.268071,1.557117,45.037418,4.307766,1.604968,0.015973
2.185215,2.192469,55.503571,5292.514945,1.551815,45.046896,4.181240,1.558656,-0.004105
2.238957,2.237203,55.715533,5289.817029,1.539091,45.040986,4.052875,1.502871,0.015188
2.282324,2.291060,55.919843,5287.209502,1.522512,45.054755,3.924949,1.468502,-0.003848
2.331457,2.340609,56.131997,5284.663393,1.512360,45.058703,3.804458,1.414820,-0.002505
2.384241,2.383477,56.349342,5282.191301,1.499515,45.050698,3.686711,1.384423,-0.006026
2.431854,2.435588,56.550198,5279.776983,1.473534,45.063600,3.580582,1.335395,-0.001504
2.493166,2.490414,56.752561,5277.435878,1.455520,45.063712,3.480426,1.296301,-0.007565
2.531588,2.540672,56.954852,5275.157006,1.426544,45.059653,3.379699,1.262571,-0.008854
2.582558,2.593196,57.141376,5272.929790,1.401756,45.073740,3.292207,1.218471,0.000960
2.637985,2.642821,57.337612,5270.760858,1.375150,45.072853,3.189013,1.201048,-0.002462
2.686277,2.688690,57.523290,5268.662871,1.356015,45.069025,3.112001,1.164050,-0.004236
2.737037,2.743476,57.723487,5266.597631,1.331655,45.055224,3.019868,1.131616,-23.002821
2.789189,2.784224,57.888193,5264.594848,1.288399,45.037547,2.947421,1.098470,-22.997689
2.843925,2.838847,58.069375,5262.653250,1.253731,45.024801,2.874081,1.077544,-22.993980
2.882234,2.893858,58.246892,5260.743421,1.213245,45.005493,2.808569,1.042519,-23.007476
2.930727,2.929368,58.400932,5258.893831,1.178523,44.999285,2.748140,1.013758,-22.998800
2.996407,2.989984,58.566476,5257.088806,1.149967,44.982073,2.680041,1.004478,-23.004471
3.040848,3.033690,58.721855,5255.327174,1.109184,44.959261,2.613229,0.971522,-22.989782
3.083468,3.080521,58.861114,5253.594922,1.075214,44.953971,2.566972,0.949241,-22.992324
3.128677,3.126476,59.011128,5251.927370,1.025239,44.933679,2.510985,0.931306,-23.000381
3.184694,3.179054,59.144489,5250.280813,0.992333,44.921967,2.452493,0.908423,-23.004643
3.233763,3.240011,59.277983,5248.674720,0.944159,44.907927,2.418453,0.905691,-23.000262
3.281173,3.275377,59.407181,5247.110902,0.901220,44.894141,2.369979,0.885099,-22.998002
3.328269,3.327506,59.537367,5245.571833,0.865746,44.893295,2.333356,0.858961,-22.996775
3.386190,3.388569,59.660720,5244.075517,0.813369,44.876284,2.287597,0.846890,-23.008269
3.432877,3.433008,59.749429,5242.606486,0.766174,44.867065,2.253377,0.841156,-23.006402
3.479980,3.486335,59.864348,5241.168237,0.717731,44.851628,2.211414,0.821737,-22.999586
3.529188,3.533921,59.952004,5239.765549,0.676598,44.845873,2.187760,0.819053,-22.998269
3.577279,3.581488,60.048999,5238.373965,0.636293,44.831745,2.153345,0.802962,-22.987621
3.634322,3.627356,60.128282,5237.035864,0.583391,44.833535,2.130679,0.795546,-22.994582
3.678393,3.688483,60.209690,5235.695276,0.537684,44.815933,2.093877,0.782440,-23.005647
3.735060,3.733317,60.275582,5234.408463,0.491826,44.794998,2.082686,0.781111,-23.001132
3.777598,3.777179,60.346158,5233.123749,0.441256,44.792179,2.065475,0.764146,-23.004086
3.821928,3.816263,60.399773,5231.867321,0.394899,44.792843,2.057044,0.763850,-22.995202
3.886067,3.884826,60.442928,5230.635220,0.348115,44.776854,2.038565,0.757415,-23.000104
3.925496,3.935979,60.495870,5229.421959,0.288977,44.769862,2.023063,0.756263,-22.993017
3.984177,3.980879,60.534180,5228.225397,0.235968,44.756886,2.009881,0.746462,-22.999191
4.028904,4.027691,60.560508,5227.052213,0.191471,44.758364,1.995116,0.735716,-22.998611
4.067315,4.079785,60.584931,5225.898472,0.149607,44.739183,1.997331,0.737999,-23.012763
4.133726,4.122140,60.600415,5224.749425,0.091368,44.732210,1.980823,0.727345,-23.002633
4.171591,4.175038,60.616337,5223.635029,0.041312,44.719731,1.982399,0.736695,-22.992558
4.221780,4.221524,60.611880,5222.509718,-0.004800,44.709349,1.985344,0.730247,-22.999290
4.273295,4.273938,60.619587,5221.428131,-0.049994,44.709645,1.972450,0.741472,-23.002722
4.330463,4.328145,60.596472,5220.328538,-0.112466,44.698562,1.982979,0.737506,-23.002698
4.365291,4.370236,60.591552,5219.247473,-0.159036,44.688949,1.983406,0.728193,-22.999386
4.424655,4.414994,60.570178,5218.173274,-0.203685,44.686055,1.989526,0.737841,-23.009483
4.473895,4.463354,60.531517,5217.127844,-0.253067,44.679527,1.999868,0.748361,-23.003633
4.528715,4.516660,60.479516,5216.080139,-0.298985,44.665595,2.014239,0.755024,-23.003286
4.566423,4.566924,60.450591,5215.022989,-0.351244,44.657404,2.022351,0.753595,-23.011465
4.621694,4.613432,60.395781,5213.989023,-0.392741,44.649709,2.036078,0.760348,-22.995445
4.667681,4.664611,60.329303,5212.970318,-0.450640,44.634551,2.054222,0.773306,-22.995677
4.723435,4.716534,60.271532,5211.927802,-0.504098,44.635323,2.079536,0.765423,-22.999938
4.773412,4.757329,60.204988,5210.891129,-0.548009,44.627543,2.092181,0.782079,-23.006983
4.816270,4.803489,60.112501,5209.862815,-0.595812,44.622786,2.117811,0.784138,-23.000392
4.867140,4.865487,60.042287,5208.834342,-0.638177,44.603082,2.129137,0.802463,-23.001389
4.923622,4.912898,59.941282,5207.803124,-0.693388,44.607431,2.164669,0.806818,-23.000541
4.975667,4.965034,59.848031,5206.760770,-0.742107,44.595441,2.191783,0.814726,-22.994451
5.018655,5.008216,59.742792,5205.734948,-0.791322,44.586825,2.214392,0.826172,-22.994078
5.069878,5.052012,59.633218,5204.681791,-0.842438,44.579238,2.249644,0.842687,-22.993536
5.114910,5.111469,59.523794,5203.623225,-0.879434,44.571768,2.289747,0.849411,-22.996354
5.167730,5.160748,59.394696,5202.559099,-0.922268,44.561120,2.338938,0.872425,-23.003834
5.223595,5.213246,59.268353,5201.475832,-0.974053,44.553515,2.374794,0.890884,-23.004925
5.262223,5.256977,59.122767,5200.392307,-1.023504,44.539705,2.430428,0.896169,-22.993893
5.310762,5.308324,58.984246,5199.295174,-1.064001,44.536106,2.466062,0.923740,-22.996207
5.362676,5.351387,58.841526,5198.172756,-1.112048,44.524029,2.518355,0.939814,-23.006269
5.414048,5.404279,58.681596,5197.029135,-1.146174,44.511169,2.570371,0.963304,-22.998454
5.475209,5.458121,58.534570,5195.874404,-1.184829,44.503548,2.635384,0.976091,-22.993426
5.508950,5.505669,58.361671,5194.694735,-1.231275,44.489190,2.686287,0.999817,-23.010913
5.563391,5.548820,58.187669,5193.484966,-1.266158,44.480994,2.753303,1.030969,-22.990704
5.606787,5.595688,58.030041,5192.254407,-1.315092,44.459444,2.817141,1.053538,-22.995769
5.657053,5.643039,57.838972,5191.002865,-1.343517,44.457665,2.896270,1.079836,-23.002816
5.718534,5.690666,57.658923,5189.712279,-1.378131,44.440206,2.963049,1.097832,-22.995031
5.764132,5.744478,57.463510,5188.382142,-1.420354,44.432562,3.043971,1.145202,-23.002439
5.811760,5.798117,57.256940,5187.013854,-1.447204,44.410773,3.136905,1.168400,-22.998592
5.862028,5.848931,57.074581,5185.612783,-1.485542,44.397906,3.213233,1.195244,-22.994527
5.898701,5.889025,56.855019,5184.169130,-1.506679,44.393832,3.300226,1.238484,-23.000232
5.954295,5.936631,56.657068,5182.680126,-1.547290,44.367070,3.391408,1.269466,-22.994782
6.008215,5.977122,56.444268,5181.143771,-1.572894,44.350628,3.502968,1.307983,-23.009461
6.057206,6.037042,56.228147,5179.567202,-1.605082,44.327026,3.613846,1.341566,-22.993801
6.112153,6.082359,55.997573,5177.926159,-1.625787,44.324545,3.729087,1.382462,-23.001279
6.151896,6.122556,55.788456,5176.231969,-1.648237,44.309793,3.830289,1.423900,-23.001105
6.201242,6.185930,55.551935,5174.477097,-1.681711,44.283930,3.960444,1.481951,-23.003024
6.258665,6.234600,55.333734,5172.657483,-1.706194,44.261302,4.091071,1.526569,-22.996438
6.304934,6.279316,55.113039,5170.767304,-1.730559,44.256127,4.215249,1.581530,-22.997592
6.350694,6.323468,54.865744,5168.805618,-1.734470,44.219747,4.351752,1.626796,-22.997952
6.405617,6.371903,54.634119,5166.770097,-1.752157,44.207819,4.499534,1.675588,-23.000792
6.456460,6.412993,54.387088,5164.670991,-1.761706,44.178426,4.647582,1.728184,-23.002974
6.500105,6.482050,54.155947,5162.480355,-1.782670,44.157183,4.803010,1.789011,-23.000811
6.549418,6.521090,53.919712,5160.190333,-1.789832,44.131101,4.970507,1.844822,-22.999251
6.597421,6.566110,53.663700,5157.823694,-1.785550,44.110280,5.140635,1.910902,-22.999954
6.651115,6.621358,53.413902,5155.367171,-1.790663,44.075649,5.299046,1.981931,-22.989973
6.697209,6.675187,53.187799,5152.803276,-1.797449,44.053580,5.474671,2.044441,-22.995718
6.745203,6.716085,52.951073,5150.152700,-1.785319,44.022113,5.669750,2.124359,-22.998020
6.810450,6.761017,52.703927,5147.376241,-1.781399,43.994116,5.841107,2.174359,-23.000333
6.859599,6.812148,52.458650,5144.508351,-1.772530,43.965287,6.042486,2.256214,-22.992467
6.893961,6.858335,52.224226,5141.518862,-1.770458,43.930071,6.246680,2.332490,-23.007052
6.950235,6.902887,51.993383,5138.418543,-1.756215,43.884556,6.451287,2.392460,-23.004657
6.999212,6.947263,51.756488,5135.190808,-1.730111,43.860273,6.650098,2.483276,-22.996521
7.050404,6.999153,51.522647,5131.857164,-1.721027,43.824236,6.870912,2.556867,-23.004515
7.087897,7.049579,51.300634,5128.392040,-1.700693,43.784585,7.088906,2.642406,-22.991422
7.145469,7.100087,51.058559,5124.781543,-1.654626,43.743022,7.300504,2.720828,-22.999380
7.196238,7.146003,50.842092,5121.065620,-1.633881,43.700584,7.529944,2.791026,-23.003753
7.246280,7.192004,50.634856,5117.208967,-1.605852,43.658985,7.752844,2.874178,-23.002223
7.292146,7.253819,50.411175,5113.226902,-1.569403,43.627933,7.973519,2.971412,-22.997172
7.351258,7.287036,50.202687,5109.094774,-1.523246,43.626429,8.191947,3.047491,0.001550
7.392524,7.334879,50.001861,5104.834975,-1.459934,43.637469,8.405938,3.136192,-0.003344
7.453037,7.383738,49.817340,5100.450369,-1.407057,43.641549,8.618736,3.213003,-0.001809
7.488078,7.432452,49.631746,5095.915435,-1.352794,43.651778,8.839767,3.293401,-0.000625
7.541255,7.476578,49.454145,5091.251440,-1.281261,43.669392,9.041857,3.368393,0.005818
7.586243,7.527462,49.289494,5086.458962,-1.216544,43.661443,9.227001,3.434629,0.005814
7.634685,7.564665,49.132851,5081.541347,-1.145541,43.678348,9.423214,3.516700,0.000050
7.690097,7.628873,48.983600,5076.515251,-1.072300,43.681384,9.590720,3.582682,-0.010630
7.743714,7.679021,48.849990,5071.361402,-0.991465,43.693195,9.761979,3.641908,0.011383
7.790986,7.710456,48.730799,5066.099760,-0.918549,43.700298,9.922447,3.700292,0.001805
7.844778,7.761907,48.608993,5060.736806,-0.823259,43.713342,10.056434,3.748473,-0.003212
7.880906,7.819905,48.508985,5055.267153,-0.755696,43.712013,10.198322,3.797324,-0.001997
7.939532,7.858862,48.405259,5049.723705,-0.656901,43.723171,10.295435,3.832182,-0.004942
7.988203,7.903151,48.317704,5044.100061,-0.574620,43.726210,10.415673,3.873621,-0.000096
8.035045,7.958926,48.251605,5038.396818,-0.483101,43.741800,10.478258,3.906341,-0.007216
8.087116,7.998651,48.206228,5032.632790,-0.386919,43.746326,10.535598,3.929169,-0.010562
8.137949,8.050114,48.157536,5026.823723,-0.313821,43.753190,10.593072,3.951311,0.000839
8.178889,8.095007,48.130923,5020.961793,-0.212167,43.763782,10.611462,3.953642,-0.002190
8.222472,8.145326,48.104376,5015.072029,-0.119872,43.770167,10.619043,3.963344,0.010170
8.280157,8.183965,48.078042,5009.158942,-0.023487,43.784270,10.595417,3.946013,0.005498
8.322774,8.233795,48.087132,5003.240604,0.054180,43.783504,10.583912,3.944548,-0.003375
8.367209,8.277734,48.106479,4997.308830,0.153007,43.802267,10.527531,3.925764,0.007396
8.424397,8.330249,48.137213,4991.385258,0.242310,43.801119,10.468190,3.897432,-0.004296
8.472829,8.373002,48.173950,4985.490637,0.341351,43.824790,10.376979,3.866515,0.008241
8.511576,8.416750,48.227962,4979.618267,0.425057,43.831260,10.292826,3.834258,0.003952
8.565973,8.467652,48.282467,4973.775288,0.504178,43.833383,10.180344,3.796809,-0.005075
8.614022,8.518713,48.347486,4967.984239,0.589531,43.845222,10.059886,3.751123,-0.001929
8.658628,8.557040,48.432891,4962.238890,0.665873,43.856119,9.925357,3.702360,0.005718
8.710249,8.607682,48.530911,4956.554158,0.751733,43.870666,9.764530,3.646442,0.001070
8.754017,8.655554,48.623960,4950.957720,0.813714,43.865938,9.609347,3.573501,0.006257
8.806533,8.706114,48.741337,4945.413757,0.895928,43.875528,9.443341,3.518509,-0.000279
8.853216,8.739352,48.846644,4939.952782,0.962503,43.886503,9.257836,3.447050,0.003836
8.898025,8.796037,48.985452,4934.568388,1.021725,43.901099,9.075937,3.383991,0.010855
8.955275,8.839607,49.122146,4929.284084,1.083274,43.907626,8.883050,3.307069,0.000048
8.996854,8.886423,49.267193,4924.092261,1.140689,43.925493,8.677264,3.223410,-0.001411
9.042245,8.934519,49.413708,4918.986232,1.203210,43.920932,8.485364,3.156178,0.001825
9.085598,8.975049,49.574523,4914.000778,1.270770,43.928573,8.286916,3.088017,0.003713
9.145091,9.022846,49.737330,4909.099434,1.308026,43.937317,8.074390,3.007422,0.000564
9.188126,9.073592,49.916206,4904.311546,1.353442,43.954704,7.867666,2.931305,-0.003772
9.230379,9.116538,50.085513,4899.633905,1.389802,43.952337,7.659656,2.847461,0.001595
9.275812,9.160402,50.273077,4895.041465,1.429504,43.974081,7.455985,2.779315,0.003543
9.333448,9.205977,50.452522,4890.574032,1.465690,43.971921,7.251925,2.699447,0.001398
9.373686,9.259268,50.646355,4886.198191,1.498502,43.985089,7.046035,2.635091,0.001650
9.421212,9.298807,50.836763,4881.944648,1.511457,43.996912,6.846759,2.553512,-0.003213
9.466401,9.344845,51.027884,4877.793361,1.542291,44.014698,6.646146,2.481940,-0.003531
9.505132,9.393678,51.232761,4873.731539,1.555316,44.012190,6.454720,2.397504,0.004438
9.561113,9.441696,51.440683,4869.783899,1.567062,44.028980,6.269515,2.333842,0.008884
9.610097,9.480795,51.625855,4865.925080,1.586694,44.033987,6.073902,2.264966,-0.000585
9.660182,9.527177,51.833284,4862.182524,1.589387,44.039949,5.902707,2.205518,0.000462
9.699663,9.574386,52.040012,4858.517630,1.599006,44.052106,5.745008,2.132352,-0.001871
9.749953,9.625499,52.240057,4854.964591,1.601602,44.065857,5.556040,2.071617,-0.006864
9.800148,9.669346,52.440793,4851.515243,1.597182,44.078036,5.388978,2.009896,0.009500
9.837035,9.709929,52.647017,4848.123550,1.597903,44.076198,5.228567,1.951637,0.004843
9.887620,9.759676,52.853523,4844.838574,1.591093,44.094758,5.069630,1.898340,-0.005471
9.927566,9.797176,53.049980,4841.645004,1.579219,44.100626,4.937207,1.843762,-0.002018
9.985239,9.849436,53.253112,4838.532397,1.576668,44.112956,4.791344,1.787228,-0.002600
10.023184,9.893475,53.451746,4835.501479,1.552871,44.126791,4.651172,1.737755,-0.002682
10.068280,9.939400,53.649782,4832.543690,1.530600,44.126811,4.521397,1.690202,-0.000874
10.127247,9.982553,53.837953,4829.665158,1.523515,44.135699,4.393775,1.635355,0.003666
10.161972,10.032842,54.025264,4826.862999,1.499582,44.151694,4.276854,1.577442,0.011110
10.216305,10.073528,54.220339,4824.134845,1.475127,44.169306,4.156711,1.542204,0.000137
10.260689,10.128942,54.407626,4821.474419,1.447198,44.180206,4.048165,1.504897,-0.006399
10.292239,10.171343,54.586387,4818.885262,1.433348,44.180770,3.931326,1.463625,-0.004755
10.356950,10.222598,54.761858,4816.362040,1.394100,44.194264,3.834676,1.429750,-0.000498
10.395790,10.260934,54.929989,4813.886637,1.363019,44.200286,3.740122,1.393518,-0.000955
10.433344,10.302014,55.105400,4811.477324,1.326510,44.214876,3.641855,1.364315,-0.006603
10.483555,10.353832,55.262644,4809.147648,1.290822,44.220420,3.557210,1.314218,-0.009478
10.532179,10.393855,55.424361,4806.852450,1.264409,44.228540,3.475210,1.294522,-0.002154
10.583138,10.439736,55.582006,4804.616166,1.220859,44.249879,3.409100,1.269294,0.001072
10.637417,10.485828,55.740507,4802.431183,1.176264,44.257654,3.325297,1.233095,-0.009383
10.681465,10.525869,55.883761,4800.301148,1.151380,44.268356,3.257707,1.211230,-0.000833
10.709000,10.573646,56.019852,4798.226720,1.093357,44.268615,3.185557,1.181722,-0.009029
10.772641,10.624816,56.156979,4796.186327,1.058624,44.291515,3.131244,1.161540,-0.000671
10.805276,10.674244,56.285429,4794.194401,1.017525,44.296503,3.066521,1.149619,-0.001418
10.863156,10.726764,56.414226,4792.248803,0.961948,44.313427,3.009984,1.120523,0.004652
10.908522,10.763662,56.533520,4790.354764,0.918629,44.319772,2.964324,1.092546,0.000865
10.947509,10.801584,56.629677,4788.469232,0.864941,44.333116,2.909104,1.086818,0.004236
10.995951,10.865606,56.746269,4786.645385,0.813861,44.348266,2.867029,1.070458,-0.008385
11.051055,10.901213,56.841218,4784.863106,0.761004,44.342914,2.824730,1.058157,0.004288
11.084544,10.941285,56.944050,4783.098696,0.719224,44.355719,2.783105,1.034813,0.002441
11.135206,10.996213,57.033340,4781.385997,0.671929,44.370437,2.745120,1.025588,0.004413
11.174847,11.044395,57.106985,4779.693404,0.610988,44.380761,2.714423,1.009858,0.011350
11.222903,11.086322,57.180173,4778.041749,0.557598,44.389167,2.688674,1.001331,-0.004881
11.266636,11.130728,57.243261,4776.398984,0.505719,44.398937,2.669397,0.992596,-0.002296
11.315566,11.176016,57.309477,4774.806371,0.460265,44.423930,2.637123,0.986685,0.006282
11.355154,11.224091,57.357816,4773.229744,0.404655,44.418910,2.617702,0.976867,0.008591
11.411404,11.268022,57.406205,4771.676337,0.349329,44.446091,2.598176,0.960608,-0.001520
11.442368,11.312436,57.444201,4770.151708,0.295002,44.449781,2.589633,0.956063,-0.009166
11.489622,11.345543,57.477824,4768.643169,0.247495,44.462430,2.557570,0.954835,0.006842
11.530304,11.395485,57.509021,4767.170368,0.194648,44.479329,2.555470,0.950751,-0.003727
11.583506,11.448310,57.528928,4765.689318,0.122974,44.483351,2.539714,0.953286,0.003500
11.630553,11.498915,57.539496,4764.258954,0.070674,44.505251,2.552424,0.941310,-0.003055
11.678139,11.535420,57.539668,4762.831100,0.016500,44.505149,2.540611,0.961606,0.000309
11.731252,11.588180,57.540064,4761.416125,-0.042405,44.521832,2.541027,0.953297,-0.007606
11.764552,11.623726,57.524875,4760.010046,-0.097831,44.529482,2.534085,0.948095,-0.004871
11.816442,11.681865,57.520670,4758.618983,-0.158372,44.548388,2.539893,0.947043,0.007517
11.859430,11.726996,57.486564,4757.243248,-0.211945,44.554127,2.541607,0.951679,-0.010174
11.900727,11.768634,57.463054,4755.880430,-0.268205,44.569533,2.553136,0.959576,-0.004351
11.945172,11.807959,57.422096,4754.522222,-0.312452,44.584909,2.567538,0.955758,0.000878
11.991056,11.860590,57.389538,4753.175052,-0.371926,44.593953,2.578489,0.968746,-0.000975
12.036041,11.905128,57.338362,4751.819026,-0.422477,44.607632,2.601339,0.966314,-0.008604
12.084910,11.942874,57.279784,4750.479112,-0.495198,44.623494,2.614777,0.976580,0.002463
12.135793,11.994175,57.213221,4749.133023,-0.539804,44.632341,2.636194,0.985877,0.002021
12.176736,12.038235,57.138144,4747.804280,-0.602200,44.646101,2.673814,0.998172,-0.001563
12.223500,12.078316,57.071178,4746.455264,-0.639626,44.652278,2.698839,1.005040,0.000819
12.265880,12.140819,56.979736,4745.116593,-0.701679,44.667427,2.725273,1.015966,-0.009731
12.314360,12.179370,56.883079,4743.771239,-0.759835,44.693795,2.753542,1.032796,-0.001380
12.354866,12.218183,56.801437,4742.404103,-0.810864,44.693375,2.789073,1.042482,-0.005262
12.398101,12.264813,56.695857,4741.041066,-0.869951,44.704703,2.834260,1.059476,0.004496
12.450537,12.312207,56.579161,4739.682713,-0.909656,44.718661,2.886325,1.076871,-0.000755
12.495735,12.361868,56.466886,4738.298777,-0.962844,44.723256,2.923784,1.093880,0.000293
12.534631,12.398821,56.347394,4736.894701,-0.999577,44.753050,2.970043,1.104100,0.003655
12.583548,12.447571,56.220954,4735.493694,-1.051754,44.751958,3.029866,1.128582,-0.005909
12.626889,12.495902,56.085175,4734.049910,-1.094456,44.761280,3.079243,1.146853,0.003496
12.670821,12.539304,55.940292,4732.611544,-1.150582,44.784394,3.137977,1.175478,0.008401
12.713990,12.587881,55.795887,4731.140652,-1.203459,44.799285,3.201143,1.197368,0.003125
12.762076,12.637318,55.641770,4729.629255,-1.263147,44.844678,3.270440,1.220311,43.994389
12.809006,12.678909,55.479191,4728.118064,-1.315302,44.911236,3.341723,1.243342,43.995646
12.852562,12.725294,55.302515,4726.571156,-1.384291,44.953877,3.418164,1.270019,43.998582
12.895073,12.772733,55.142586,4724.992498,-1.444736,45.020567,3.502407,1.305889,43.993110
12.945850,12.819575,54.957697,4723.370458,-1.493528,45.076355,3.589336,1.340619,44.002025
12.989190,12.859904,54.766744,4721.726423,-1.555517,45.134730,3.690965,1.376430,44.001436
13.024453,12.907796,54.569469,4720.040514,-1.610371,45.199409,3.786278,1.405076,43.998217
13.079382,12.953595,54.369837,4718.314432,-1.665358,45.258119,3.890186,1.453831,44.004072
13.119877,13.005425,54.161455,4716.526582,-1.714809,45.322006,4.003728,1.485582,43.989278
13.169361,13.040395,53.951531,4714.706305,-1.762112,45.389674,4.120822,1.533864,43.997158
13.201955,13.092088,53.729966,4712.825191,-1.817375,45.456885,4.245203,1.580774,43.994360
13.248073,13.140513,53.502220,4710.874126,-1.863658,45.527081,4.388641,1.628550,44.004048
13.290683,13.188486,53.266799,4708.858518,-1.909383,45.592994,4.524104,1.690279,43.999226
13.342265,13.229769,53.036964,4706.778807,-1.947168,45.666843,4.667962,1.739653,44.000686
13.386055,13.274621,52.785534,4704.620928,-1.998300,45.736564,4.830862,1.801114,43.991221
13.427805,13.319203,52.542258,4702.381904,-2.037376,45.809222,5.003801,1.869011,44.005305
13.471842,13.371477,52.281701,4700.048233,-2.074051,45.899421,5.180738,1.936442,43.993603
13.513519,13.423341,52.035723,4697.642274,-2.101657,45.975742,5.366578,1.991954,44.003155
13.555364,13.460468,51.761784,4695.124873,-2.143700,46.059300,5.552768,2.063856,43.998002
13.605871,13.512276,51.496877,4692.513517,-2.171817,46.135347,5.760311,2.141292,44.007933
13.645053,13.559314,51.222789,4689.794493,-2.208007,46.228964,5.974324,2.228408,44.000665
13.685438,13.603161,50.955833,4686.947405,-2.230916,46.326010,6.201892,2.313565,43.999901
13.728202,13.650543,50.686132,4683.986252,-2.245359,46.417499,6.434007,2.415176,43.997074
13.774905,13.693657,50.409430,4680.882080,-2.271409,46.520511,6.696720,2.498433,44.004951
13.820809,13.747327,50.131396,4677.656635,-2.286124,46.623440,6.939200,2.587407,44.003369
13.858673,13.791519,49.845132,4674.289534,-2.298703,46.725531,7.209229,2.691169,43.997095
13.911924,13.831659,49.566423,4670.765055,-2.294149,46.827993,7.490157,2.784188,44.006155
13.944656,13.886104,49.282841,4667.074306,-2.315004,46.943892,7.782291,2.900296,44.005747
13.990776,13.929063,49.007695,4663.219577,-2.310534,47.056516,8.071271,3.009061,43.995116
14.028420,13.991337,48.721778,4659.201125,-2.320978,47.173460,8.397353,3.125249,43.996549
14.080392,14.023102,48.435314,4655.014009,-2.303377,47.313437,8.717026,3.247564,44.002490
14.109177,14.073002,48.161597,4650.627719,-2.286601,47.434622,9.053318,3.372730,44.002245
14.161952,14.117903,47.884145,4646.050577,-2.282115,47.570329,9.395324,3.510295,44.002768
14.197432,14.160929,47.605251,4641.281204,-2.262096,47.706264,9.747061,3.627271,43.999059
14.244667,14.208010,47.334220,4636.296884,-2.231460,47.855647,10.100020,3.754081,44.007636
14.281138,14.264346,47.064921,4631.105101,-2.203641,47.993399,10.474608,3.910810,43.993915
14.328524,14.306887,46.798530,4625.719545,-2.172346,48.149285,10.842900,4.042817,43.999747
14.370554,14.357473,46.545477,4620.089757,-2.135619,48.319420,11.220363,4.177607,44.000686
14.404875,14.405550,46.282358,4614.253507,-2.093151,48.474762,11.605142,4.322772,43.990049
14.442047,14.466137,46.028836,4608.181222,-2.041062,48.635648,11.990479,4.462096,44.002546
14.490757,14.494570,45.797297,4601.888922,-1.986636,48.809405,12.371814,4.612110,44.005050
14.530348,14.548936,45.550572,4595.374439,-1.931236,49.007762,12.749765,4.747018,44.003358
14.564531,14.597032,45.324206,4588.618643,-1.862349,49.181527,13.122688,4.878927,44.000098
14.603751,14.644578,45.108357,4581.642158,-1.794498,49.361836,13.494290,5.023651,43.994464
14.649330,14.691671,44.895308,4574.443533,-1.730290,49.561812,13.856329,5.151785,43.998711
14.691681,14.745120,44.696022,4567.033719,-1.649784,49.749859,14.203741,5.293011,43.999902
14.720279,14.788546,44.500420,4559.401927,-1.562441,49.958192,14.554153,5.421331,44.002953
14.770147,14.839053,44.322482,4551.555316,-1.476833,50.176740,14.874766,5.540855,43.997087
14.798323,14.888159,44.145770,4543.531822,-1.383560,50.383147,15.170182,5.650497,43.995889
14.846438,14.940019,43.993809,4535.305069,-1.282019,50.597420,15.473053,5.756357,44.002443
14.889688,14.975557,43.849306,4526.904110,-1.191588,50.829338,15.731450,5.863997,44.003270
14.920280,15.026800,43.712319,4518.330220,-1.081126,51.045805,15.970107,5.953744,43.994400
14.949866,15.087328,43.590760,4509.604319,-0.979030,51.275089,16.183047,6.033407,43.995383
15.006705,15.125620,43.477429,4500.744848,-0.871424,51.512339,16.372108,6.095719,43.997770
15.035881,15.183060,43.382792,4491.760222,-0.766438,51.735919,16.518754,6.159091,44.009557
15.072167,15.226149,43.305336,4482.665090,-0.645730,51.971977,16.653714,6.207072,44.002474
15.112868,15.282335,43.243098,4473.481913,-0.524647,52.219102,16.752711,6.235377,44.000202
15.136015,15.327972,43.184921,4464.228509,-0.418431,52.453339,16.808709,6.255082,43.994303
15.184467,15.371424,43.143677,4454.921592,-0.301425,52.698235,16.836995,6.267602,43.997767
15.219156,15.428203,43.101515,4445.571452,-0.183689,52.950479,16.830935,6.279051,44.003792
15.266095,15.479852,43.091786,4436.200623,-0.067468,53.182703,16.801545,6.246583,44.005415
15.289793,15.527880,43.096021,4426.831837,0.040336,53.424480,16.736594,6.233983,43.997201
15.323437,15.571022,43.111008,4417.486479,0.159041,53.675314,16.635453,6.192878,43.997148
15.361906,15.616758,43.132643,4408.187028,0.276397,53.900702,16.506635,6.152373,44.003885
15.395843,15.681052,43.172268,4398.916166,0.379645,54.149405,16.349351,6.086475,44.005897
15.427616,15.714103,43.213063,4389.726340,0.488964,54.384574,16.164867,6.014112,44.001335
15.462000,15.761405,43.276510,4380.604335,0.587604,54.615700,15.960490,5.937662,44.000541
15.501416,15.819587,43.355034,4371.588481,0.694685,54.852127,15.725560,5.858718,43.993323
15.524480,15.875758,43.435430,4362.678899,0.789585,55.085774,15.477213,5.760419,44.006563
15.558140,15.921073,43.530322,4353.897383,0.892266,55.308392,15.207083,5.670630,43.997494
15.599162,15.975962,43.636062,4345.246128,0.977660,55.520906,14.921451,5.555442,43.994760
15.631853,16.015109,43.763014,4336.725331,1.065846,55.753969,14.617300,5.446992,44.000877
15.653974,16.065547,43.890048,4328.357842,1.151534,55.976716,14.315063,5.326877,43.993684
15.697987,16.121119,44.019460,4320.151540,1.228938,56.188273,13.981635,5.218943,44.002242
15.723540,16.174592,44.167757,4312.100841,1.310158,56.387416,13.652959,5.091860,43.996562
15.760524,16.214971,44.315292,4304.230806,1.367121,56.592168,13.318393,4.972093,43.998507
15.794267,16.268663,44.472169,4296.519614,1.437856,56.797992,12.984029,4.825641,44.006905
15.816555,16.313769,44.640337,4288.989725,1.490554,56.986772,12.641784,4.710024,43.998705
15.847046,16.371032,44.800994,4281.640493,1.545704,57.178981,12.304823,4.581126,43.996665
15.882368,16.420359,44.978100,4274.461867,1.593225,57.364422,11.955218,4.454179,43.992211
15.916475,16.466274,45.169060,4267.465333,1.641617,57.548590,11.626011,4.329938,44.003908
15.944296,16.524337,45.342311,4260.639620,1.669724,57.719047,11.286980,4.213130,44.006198
15.971647,16.565242,45.535274,4253.995220,1.704883,57.887922,10.957899,4.083708,43.993668
15.997822,16.623814,45.724346,4247.527667,1.738221,58.063902,10.635140,3.956865,44.002485
16.036028,16.665402,45.927158,4241.241191,1.765130,58.227265,10.305910,3.848173,44.002697
16.073809,16.713179,46.109131,4235.106493,1.776065,58.390118,10.013883,3.725721,43.986366
16.096709,16.763793,46.314918,4229.136149,1.792673,58.539661,9.711829,3.617260,44.000513
16.123008,16.821204,46.522071,4223.347520,1.804096,58.702408,9.417994,3.503044,44.005211
16.149177,16.858399,46.712459,4217.707076,1.813969,58.855109,9.129544,3.403526,43.998410
16.175357,16.917806,46.913021,4212.229661,1.812441,58.995902,8.850833,3.295848,43.995358
16.211998,16.976725,47.108944,4206.910458,1.807461,59.130895,8.578217,3.194072,43.998461
16.241044,17.020591,47.305980,4201.727505,1.793414,59.272281,8.325636,3.103119,43.995562
16.266571,17.069483,47.500787,4196.683223,1.786282,59.407740,8.074510,3.010091,44.004829
16.290753,17.132441,47.712501,4191.784087,1.774120,59.534536,7.842827,2.929392,43.996855
16.319835,17.177614,47.903008,4187.016181,1.764791,59.665828,7.613207,2.837757,44.000203
16.351837,17.223493,48.083196,4182.376814,1.734302,59.782031,7.399438,2.752764,44.000134
16.373738,17.271597,48.269966,4177.869694,1.712382,59.906018,7.187726,2.676669,44.005152
16.405300,17.324639,48.468091,4173.492322,1.682565,60.028477,6.985392,2.604352,44.003778
16.439930,17.378663,48.641970,4169.200274,1.663195,60.134338,6.796979,2.519765,43.997074
16.462597,17.423322,48.820802,4165.044792,1.624268,60.264294,6.610517,2.467867,43.992228
16.487756,17.462594,48.993892,4160.985431,1.584285,60.376571,6.451817,2.399093,44.003753
16.521867,17.522080,49.179162,4157.048307,1.547088,60.469162,6.275007,2.340180,44.001533
16.549533,17.576976,49.332167,4153.195536,1.497737,60.590391,6.110808,2.281270,43.990172
16.577307,17.626175,49.490269,4149.440088,1.461831,60.695263,5.971853,2.225315,44.007317
16.601338,17.674351,49.658932,4145.776340,1.412919,60.802632,5.842953,2.170984,44.010510
16.625878,17.727481,49.794174,4142.208111,1.361287,60.896354,5.700714,2.118271,43.994261
16.652691,17.778533,49.942640,4138.718269,1.311944,60.989921,5.579169,2.078080,43.995223
16.689950,17.829958,50.083614,4135.307506,1.257752,61.088375,5.475206,2.034017,44.005979
16.710212,17.877071,50.219032,4131.977478,1.203412,61.187536,5.351484,1.995875,43.994085
16.741804,17.929884,50.356354,4128.716475,1.142609,61.284328,5.241661,1.956429,44.006653
16.756760,17.975501,50.477909,4125.529563,1.099710,61.375544,5.154107,1.916575,43.995466
16.794698,18.026597,50.578804,4122.406568,1.034954,61.466748,5.052404,1.876349,44.005028
16.815635,18.078945,50.687473,4119.349753,0.975302,61.551837,4.978919,1.851896,43.991075
16.847417,18.133841,50.790285,4116.347663,0.912120,61.647360,4.896693,1.821089,44.008633
16.870537,18.186528,50.892662,4113.415833,0.845476,61.732995,4.827361,1.796109,43.996618
16.896809,18.226147,50.979777,4110.534214,0.780411,61.822135,4.755724,1.760701,43.997340
16.917663,18.280856,51.059398,4107.685176,0.715486,61.919337,4.700101,1.759116,44.003437
16.942429,18.329420,51.125544,4104.910719,0.644064,61.989164,4.646819,1.737177,43.996463
16.975801,18.385930,51.195164,4102.174570,0.584205,62.088473,4.594154,1.713179,43.997045
16.997746,18.441254,51.250696,4099.479871,0.520656,62.169054,4.546208,1.695884,44.000650
17.028969,18.490811,51.300818,4096.827933,0.437239,62.245662,4.511607,1.688776,44.007270
17.042985,18.535350,51.352629,4094.208973,0.377718,62.334269,4.466568,1.667973,43.993994
17.064487,18.581116,51.388043,4091.625943,0.301290,62.431289,4.456411,1.660222,43.996469
17.105183,18.639201,51.411705,4089.073418,0.236134,62.495667,4.426273,1.652444,44.001467
17.121077,18.684492,51.436937,4086.560202,0.172025,62.587748,4.416128,1.656054,44.006822
17.155010,18.748929,51.448866,4084.061785,0.092040,62.670717,4.397443,1.637890,43.999210
17.172600,18.795795,51.465886,4081.602094,0.022130,62.752927,4.386745,1.639778,43.998830
17.202185,18.833417,51.457378,4079.144904,-0.057169,62.833001,4.383816,1.635857,43.994392
17.225652,18.893555,51.439196,4076.731874,-0.134258,62.929293,4.379391,1.636191,43.986647
17.240682,18.936505,51.421168,4074.322222,-0.188171,63.000211,4.381068,1.630228,44.004866
17.275040,18.988482,51.413485,4071.931035,-0.265035,63.083342,4.389396,1.631507,43.994841
17.300055,19.036918,51.384375,4069.536316,-0.334375,63.165804,4.410278,1.648674,44.000272
17.314323,19.095508,51.338688,4067.150681,-0.404941,63.249536,4.431899,1.645837,43.994247
17.340059,19.156676,51.284260,4064.784031,-0.489027,63.337899,4.455402,1.650257,44.001480
17.361054,19.204876,51.227388,4062.425551,-0.543534,63.425414,4.483209,1.674423,43.996695
17.390649,19.246657,51.166802,4060.053707,-0.616926,63.506175,4.524238,1.685541,44.007311
17.420199,19.285937,51.094441,4057.685794,-0.699401,63.596749,4.561843,1.697002,44.000632
17.439454,19.349401,51.015849,4055.315182,-0.771059,63.677161,4.597638,1.714833,44.003880
17.461650,19.411741,50.946066,4052.935999,-0.839223,63.756456,4.647847,1.738250,44.000072
17.482839,19.449385,50.845148,4050.531353,-0.910216,63.846843,4.710052,1.753194,43.993275
17.513782,19.501693,50.745787,4048.131171,-0.976473,63.944534,4.754912,1.775607,43.991899
17.535580,19.556609,50.642370,4045.702589,-1.039325,64.043017,4.835655,1.805521,43.995437
17.562306,19.598412,50.528973,4043.253090,-1.110560,64.128621,4.918727,1.827676,43.998789
17.586895,19.655634,50.403380,4040.769574,-1.161864,64.216914,4.981557,1.855576,44.001486
17.599771,19.702529,50.271747,4038.262274,-1.222009,64.309528,5.063358,1.883239,44.000754
17.632010,19.755136,50.143087,4035.728743,-1.297817,64.411563,5.153862,1.918534,43.996790
17.656301,19.812136,50.002089,4033.148027,-1.361756,64.509420,5.260497,1.949746,44.006626
17.681766,19.861311,49.852657,4030.545557,-1.421219,64.606115,5.358169,1.997730,43.996009
17.697083,19.910769,49.708899,4027.887318,-1.474446,64.696327,5.459814,2.037371,43.996955
17.732809,19.966683,49.551361,4025.187447,-1.526361,64.803332,5.572614,2.086251,44.000455
17.739712,20.015804,49.382837,4022.435584,-1.583818,64.905660,5.703577,2.117540,43.993868
17.766768,20.061579,49.207095,4019.613328,-1.637506,65.007317,5.825299,2.170395,44.001461
17.791215,20.124425,49.041073,4016.739923,-1.701915,65.110361,5.965862,2.222319,44.003108
17.809222,20.175195,48.852206,4013.796773,-1.740875,65.225941,6.108383,2.272184,43.999171
17.840378,20.222491,48.678922,4010.787007,-1.780953,65.333028,6.258204,2.332945,44.004392
17.866100,20.278420,48.483964,4007.698910,-1.825577,65.450948,6.431665,2.391835,43.995096
17.889165,20.324844,48.287475,4004.542474,-1.868201,65.568015,6.594090,2.449614,43.998245
17.909087,20.369182,48.095428,4001.298762,-1.917810,65.683790,6.762780,2.523827,43.992416
17.930485,20.421758,47.895257,3997.950603,-1.955563,65.799246,6.956715,2.594337,43.997875
17.951508,20.465128,47.682225,3994.513907,-1.989335,65.931523,7.142193,2.656566,43.999871
17.968523,20.531340,47.480607,3990.965357,-2.021777,66.069281,7.341390,2.737731,44.003828
17.985638,20.578613,47.263480,3987.334853,-2.048576,66.195556,7.549214,2.819170,44.007066
18.008206,20.621339,47.048296,3983.573416,-2.072753,66.321344,7.776758,2.886927,43.997864
18.038954,20.675778,46.821681,3979.686081,-2.088085,66.470009,7.993445,2.982080,44.001729
18.054292,20.740879,46.604124,3975.689123,-2.110359,66.610873,8.233968,3.054849,44.000385
18.078399,20.786043,46.389410,3971.567183,-2.132051,66.756325,8.477090,3.149293,43.998796
18.097805,20.827486,46.169185,3967.310086,-2.143517,66.903759,8.718740,3.253972,43.999466
18.119769,20.888305,45.944324,3962.906353,-2.141676,67.062372,8.981907,3.335306,43.998025
18.137025,20.940634,45.721700,3958.354412,-2.150822,67.219298,9.241026,3.443998,44.002460
18.162654,20.994863,45.504463,3953.665886,-2.153965,67.374511,9.512730,3.538741,44.006083
18.178884,21.043089,45.273018,3948.816373,-2.142256,67.553213,9.785036,3.640452,43.991412
18.195948,21.092547,45.057680,3943.814188,-2.140186,67.710846,10.069684,3.751661,44.009868
18.218015,21.147501,44.837255,3938.643548,-2.122348,67.894866,10.362613,3.860229,44.004664
18.237149,21.197576,44.621373,3933.312604,-2.107496,68.067588,10.656938,3.969306,44.005598
18.268777,21.239604,44.408417,3927.797578,-2.085472,68.256527,10.948131,4.075934,44.000262
18.274459,21.299550,44.185572,3922.113724,-2.055027,68.434237,11.254812,4.186805,44.004045
18.290642,21.338616,43.979889,3916.263992,-2.030719,68.642848,11.551460,4.310443,44.003904
18.319666,21.410815,43.771320,3910.232775,-1.996277,68.838742,11.851235,4.422115,44.007218
18.336870,21.457511,43.577802,3904.023525,-1.949919,69.039312,12.166269,4.527789,44.003915
18.354909,21.501353,43.376118,3897.639400,-1.917806,69.240555,12.464519,4.644629,44.003541
18.375883,21.564700,43.187509,3891.056780,-1.855036,69.458636,12.764898,4.758774,44.000553
18.390510,21.601012,42.996814,3884.311706,-1.808846,69.674424,13.056720,4.863735,43.997841
18.410975,21.655424,42.813425,3877.381205,-1.742531,69.904434,13.337166,4.973326,43.998643
18.423880,21.717643,42.647401,3870.279949,-1.676749,70.134187,13.622348,5.086286,43.991111
18.443713,21.763838,42.479706,3863.015451,-1.623462,70.363535,13.872599,5.172270,44.002227
18.457290,21.811923,42.310289,3855.571983,-1.538203,70.598424,14.153485,5.277973,44.001878
18.487046,21.875066,42.166160,3847.987137,-1.471144,70.843659,14.404044,5.360111,44.000683
18.485341,21.923654,42.027469,3840.241905,-1.385355,71.091618,14.627285,5.452344,44.000121
18.505888,21.966950,41.881802,3832.330840,-1.304102,71.336271,14.844123,5.525557,43.992818
18.525985,22.015735,41.764440,3824.294365,-1.215278,71.601025,15.059536,5.614826,44.002834
18.538133,22.065060,41.639281,3816.116489,-1.125754,71.856732,15.239561,5.677106,43.999082
18.554846,22.117440,41.535286,3807.841318,-1.037896,72.106466,15.402003,5.738249,44.007473
18.582009,22.175646,41.433433,3799.438713,-0.928509,72.373896,15.546245,5.797214,43.995044
18.588241,22.223179,41.346362,3790.934976,-0.831321,72.649121,15.674147,5.836589,44.000084
18.604807,22.271897,41.271346,3782.341001,-0.744281,72.911536,15.785265,5.875476,44.002176
18.628111,22.317180,41.202877,3773.684261,-0.630684,73.183500,15.858758,5.897352,43.995080
18.623080,22.378200,41.139433,3764.965569,-0.531158,73.452141,15.912741,5.933170,43.998320
18.640884,22.423028,41.091566,3756.181829,-0.439109,73.727172,15.943861,5.942048,43.998189
18.662644,22.480848,41.053701,3747.349426,-0.338528,73.997514,15.958385,5.947855,43.994690
18.688561,22.531671,41.028198,3738.512485,-0.229153,74.268077,15.934575,5.940967,44.004935
18.694029,22.579382,41.014427,3729.658774,-0.128650,74.549965,15.914109,5.920539,44.005713
18.701141,22.623359,41.012199,3720.809303,-0.036572,74.826807,15.853740,5.910726,44.005233
18.717355,22.691005,41.007682,3711.964872,0.076542,75.097795,15.773449,5.870182,44.005919
18.729439,22.719616,41.023864,3703.147824,0.161182,75.368863,15.670187,5.840849,44.005892
18.740760,22.784069,41.039878,3694.373779,0.266192,75.639166,15.558925,5.788403,43.995625
18.751648,22.830909,41.066148,3685.638135,0.360837,75.921490,15.423406,5.742684,44.000689
18.765895,22.876383,41.110174,3676.953483,0.453614,76.186019,15.265236,5.680945,44.011599
18.776061,22.942070,41.165157,3668.360075,0.538875,76.446323,15.084341,5.622357,44.004478
18.795529,22.991362,41.214844,3659.839140,0.624745,76.702918,14.893310,5.551945,43.996715
18.799958,23.041892,41.278352,3651.403308,0.715322,76.984458,14.692318,5.472936,44.005689
18.803812,23.082096,41.339363,3643.062566,0.794009,77.227268,14.480118,5.395637,43.998861
18.826306,23.138557,41.427405,3634.828842,0.862699,77.483467,14.254258,5.307273,43.999451
18.828117,23.181110,41.512318,3626.686513,0.934636,77.735810,14.020092,5.226427,44.004641
18.846679,23.234130,41.604081,3618.684336,1.006124,77.989058,13.769424,5.127918,43.999011
18.852726,23.286829,41.699931,3610.777056,1.062457,78.242327,13.533844,5.039458,44.007284
18.861424,23.340288,41.815861,3603.021556,1.131319,78.483620,13.283832,4.941905,43.995497
18.870540,23.392938,41.914412,3595.377301,1.176961,78.718832,13.017616,4.847468,43.993363
18.881848,23.444598,42.027899,3587.857085,1.240515,78.951488,12.770335,4.751644,43.997488
18.896407,23.490008,42.155697,3580.477206,1.265865,79.178773,12.502994,4.662883,44.000760
18.896389,23.536349,42.266830,3573.238029,1.328114,79.406380,12.242377,4.556435,44.005082
18.907150,23.596499,42.388368,3566.138423,1.351325,79.638197,11.986374,4.452581,43.995643
18.904556,23.631914,42.521540,3559.161439,1.384304,79.849960,11.722540,4.361131,44.004090
18.923695,23.687711,42.654186,3552.346409,1.411040,80.070425,11.460672,4.267619,44.005624
18.925296,23.729264,42.782116,3545.649296,1.433872,80.276627,11.216538,4.175420,44.000345
18.940618,23.779816,42.915876,3539.080545,1.454970,80.487415,10.954173,4.080707,44.006625
18.949578,23.840680,43.048202,3532.659107,1.457244,80.691648,10.723719,3.990433,44.010006
18.955603,23.881247,43.188792,3526.366335,1.470968,80.880991,10.474040,3.911030,44.000538
18.964229,23.929800,43.317382,3520.204700,1.477729,81.082707,10.245033,3.820909,43.996070
18.970274,23.989181,43.459866,3514.169503,1.476053,81.272836,10.021585,3.732484,43.991426
18.973095,24.028905,43.588685,3508.258590,1.471437,81.467286,9.790944,3.655927,44.005657
18.980862,24.074497,43.735402,3502.476150,1.465028,81.654685,9.573032,3.574196,43.999368
18.991061,24.127638,43.866358,3496.809567,1.455411,81.816662,9.368067,3.496937,43.995422
18.996355,24.182708,43.993192,3491.279421,1.432884,82.010147,9.165711,3.406039,43.995585
19.000797,24.223899,44.120190,3485.839664,1.408072,82.185258,8.960913,3.340495,44.000813
19.014261,24.275156,44.255725,3480.521931,1.388640,82.353082,8.783704,3.275299,43.993498
19.017130,24.323764,44.381904,3475.322040,1.368637,82.525915,8.602446,3.207154,43.993736
19.018472,24.363351,44.507714,3470.209738,1.402401,82.544765,8.427949,3.134487,0.001558
19.024303,24.429730,44.639972,3465.198765,1.427967,82.571837,8.252569,3.076231,-0.005691
19.033297,24.475715,44.758754,3460.268104,1.447413,82.590590,8.083675,3.015589,-0.005155
19.030893,24.524232,44.898579,3455.430081,1.460621,82.604281,7.915978,2.941937,-0.003404
19.042167,24.562092,45.029288,3450.674696,1.469423,82.618767,7.743433,2.888580,0.010964
19.056993,24.614038,45.162852,3446.026864,1.468494,82.646456,7.581778,2.828355,0.002327
19.063040,24.664239,45.285407,3441.464587,1.481694,82.672228,7.412053,2.764060,-0.001637
19.061414,24.705478,45.426023,3436.990421,1.477042,82.688018,7.259387,2.701239,0.003641
19.072286,24.757024,45.561602,3432.594942,1.468264,82.709221,7.108858,2.662789,-0.002225
19.088109,24.812539,45.687469,3428.286713,1.468825,82.725213,6.961018,2.599451,0.004251
19.076536,24.852283,45.822745,3424.067340,1.456557,82.747145,6.809873,2.537302,-0.005955
19.088082,24.914328,45.952752,3419.931341,1.438966,82.766553,6.686487,2.489889,0.007666
19.096409,24.948363,46.090918,3415.880523,1.417569,82.783209,6.542788,2.444188,-0.006670
19.097943,25.009392,46.207642,3411.893359,1.396301,82.809672,6.411349,2.393016,-0.005245
19.103926,25.053134,46.331744,3408.009319,1.373591,82.821547,6.294039,2.338976,0.004226
19.106896,25.097252,46.448616,3404.186139,1.337302,82.846096,6.163813,2.298780,0.004309
19.115239,25.148648,46.571356,3400.429496,1.308248,82.859611,6.045496,2.255959,0.004372
19.121942,25.198856,46.680522,3396.743088,1.282844,82.885529,5.946756,2.212257,0.008440
19.119766,25.240460,46.800172,3393.134753,1.243473,82.908174,5.830143,2.175115,0.004949
19.138133,25.290206,46.901155,3389.603963,1.194080,82.921681,5.739196,2.133491,-0.008569
19.148160,25.336643,47.007257,3386.129568,1.144892,82.942235,5.644688,2.100692,-0.000617
19.137176,25.386778,47.101398,3382.710656,1.107567,82.961481,5.555727,2.068739,0.003689
19.137552,25.440412,47.203711,3379.353800,1.057549,82.978745,5.470678,2.036780,-0.008190
19.153970,25.476185,47.289518,3376.068842,1.007561,83.000282,5.393706,2.017058,-0.001173
19.159498,25.527833,47.384546,3372.823456,0.946792,83.012920,5.315602,1.985823,-0.000164
19.171477,25.573192,47.465022,3369.640703,0.897643,83.041509,5.241961,1.951213,0.015469
19.170432,25.621047,47.529410,3366.509470,0.836728,83.062374,5.177573,1.925616,0.005022
19.172546,25.663767,47.621039,3363.419748,0.774496,83.079312,5.116164,1.906399,-0.002573
19.192049,25.710385,47.669792,3360.404962,0.716473,83.112747,5.056581,1.877026,0.004834
19.190007,25.761338,47.737750,3357.411430,0.665123,83.119041,5.008051,1.860535,-0.006047
19.194203,25.807355,47.784093,3354.468593,0.603629,83.134844,4.967209,1.850511,-0.004711
19.196298,25.861829,47.836449,3351.566572,0.529433,83.159363,4.924610,1.826191,-0.003332
19.203191,25.909004,47.885301,3348.692064,0.463893,83.172236,4.885043,1.825030,0.003837
19.202701,25.950257,47.919743,3345.871436,0.400145,83.205229,4.842699,1.811359,0.003274
19.219733,25.995435,47.953608,3343.077674,0.331841,83.213856,4.808416,1.796541,0.006591
19.222965,26.048993,47.970974,3340.326408,0.268268,83.228866,4.795156,1.796065,-0.002596
19.225847,26.094821,47.998312,3337.596897,0.176121,83.251956,4.779103,1.778254,-0.000358
19.232564,26.140880,48.022492,3334.898424,0.121740,83.272781,4.760071,1.766611,0.000431
19.236232,26.181136,48.014231,3332.226391,0.059270,83.293787,4.747409,1.767549,-0.001620
19.241211,26.234352,48.022606,3329.565861,-0.027097,83.316312,4.743853,1.758328,-0.002075
19.249392,26.284813,48.003929,3326.950536,-0.100377,83.331755,4.733960,1.762783,-0.001826
19.246034,26.323511,48.000331,3324.335818,-0.172364,83.355743,4.725185,1.765008,0.003272
19.251525,26.372416,47.991364,3321.743309,-0.243624,83.377421,4.739779,1.768564,-0.003569
19.264586,26.419465,47.950542,3319.165244,-0.308393,83.391367,4.737529,1.766457,-0.000794
19.268295,26.461037,47.923241,3316.593891,-0.388014,83.410480,4.759198,1.778569,0.000537
19.269198,26.515604,47.901407,3314.040164,-0.444556,83.433758,4.768115,1.772824,-0.000687
19.285655,26.555800,47.845096,3311.496887,-0.525131,83.439309,4.793766,1.787628,-0.003170
19.286973,26.609890,47.804095,3308.947194,-0.588679,83.476647,4.816157,1.794725,0.001080
19.284785,26.654005,47.750419,3306.400098,-0.662201,83.490364,4.854207,1.805172,-0.004388
19.295263,26.694750,47.686168,3303.870672,-0.731811,83.510274,4.879970,1.822979,0.000921
19.295798,26.743121,47.622323,3301.322956,-0.800653,83.532559,4.912685,1.833209,-0.002774
19.298445,26.790540,47.547160,3298.769433,-0.866720,83.540262,4.958858,1.849167,-0.003011
19.319618,26.835841,47.476707,3296.213473,-0.927635,83.565723,5.003463,1.869404,0.005972
19.313697,26.887827,47.390885,3293.650142,-0.996009,83.586961,5.063706,1.885700,-0.005113
19.310142,26.936061,47.296964,3291.057203,-1.063162,83.606279,5.118421,1.912352,0.002959
19.315616,26.978836,47.216996,3288.462884,-1.120430,83.631050,5.174839,1.933046,-0.001300
19.327328,27.036606,47.112305,3285.858254,-1.189515,83.647430,5.238526,1.952439,-0.003796
19.327016,27.076485,46.999489,3283.196351,-1.246638,83.659421,5.314364,1.980921,0.001174
19.331159,27.120559,46.888300,3280.536879,-1.294767,83.692519,5.377023,2.009276,-0.001625
19.340700,27.168918,46.778425,3277.847783,-1.354974,83.696440,5.463272,2.042480,0.001547
19.341809,27.214877,46.658979,3275.124050,-1.408858,83.721536,5.547448,2.073080,-0.003937
19.352224,27.264820,46.534646,3272.374973,-1.458777,83.747053,5.626845,2.092942,-0.001356
19.347051,27.302592,46.409297,3269.573979,-1.506754,83.766932,5.726685,2.138029,-0.002860
19.357788,27.359230,46.283591,3266.742899,-1.553123,83.784230,5.820727,2.167562,0.001133
19.367713,27.386425,46.148921,3263.863335,-1.605772,83.801749,5.921315,2.199914,-0.008006
19.368322,27.439774,46.007817,3260.941143,-1.641245,83.827024,6.037540,2.248119,-0.010735
19.367877,27.493608,45.869911,3257.963231,-1.686674,83.842183,6.134397,2.290685,0.008605
19.369166,27.537895,45.718399,3254.925914,-1.717103,83.850118,6.253167,2.325821,0.001788
19.382973,27.581240,45.562917,3251.843076,-1.761350,83.885521,6.381546,2.362416,0.003723
19.387260,27.623771,45.427453,3248.691547,-1.790475,83.897239,6.495861,2.420104,0.002478
19.386094,27.670058,45.262261,3245.482779,-1.816662,83.919078,6.621680,2.469844,0.006814
19.396706,27.719013,45.110835,3242.207178,-1.835553,83.935206,6.756762,2.516980,-0.003667
19.404164,27.776164,44.955102,3238.866929,-1.868460,83.955607,6.891514,2.568872,-0.001020
19.408578,27.807678,44.791043,3235.443536,-1.872646,83.978545,7.030211,2.625061,0.001314
19.410843,27.859691,44.630954,3231.948697,-1.887174,83.989372,7.176234,2.674293,-0.004236
19.418734,27.904865,44.478240,3228.382085,-1.897839,84.012590,7.335136,2.724105,0.003364
19.426113,27.939202,44.312484,3224.728612,-1.906214,84.034093,7.482162,2.796305,-0.008460
19.431545,27.989205,44.147321,3220.995006,-1.912063,84.056052,7.640287,2.837776,-0.001093
19.426401,28.042145,43.997142,3217.158878,-1.903532,84.071674,7.791703,2.907483,0.004653
19.432333,28.080405,43.834496,3213.252445,-1.895061,84.089927,7.939954,2.962759,-0.003160
19.435775,28.122253,43.665086,3209.256052,-1.893107,84.114248,8.100140,3.027251,0.000930
19.445734,28.169956,43.515024,3205.153821,-1.868235,84.134555,8.276029,3.071015,-0.009859
19.445977,28.222254,43.357015,3200.969695,-1.846744,84.147235,8.423250,3.141427,0.006982
19.447946,28.264104,43.197573,3196.678876,-1.836392,84.174150,8.586781,3.195839,-0.003432
19.455160,28.312055,43.050878,3192.285792,-1.796653,84.183754,8.746641,3.261857,-0.000521
19.460100,28.350932,42.906381,3187.819848,-1.773680,84.208263,8.916721,3.318538,-0.000038
19.465591,28.393229,42.756268,3183.237338,-1.734626,84.228783,9.071414,3.380743,-0.001722
19.466133,28.447326,42.612790,3178.561997,-1.688253,84.252935,9.229368,3.436653,-0.003006
19.484950,28.490656,42.473010,3173.791464,-1.659555,84.264888,9.384116,3.503548,0.000672
19.478477,28.532679,42.332039,3168.910748,-1.602636,84.291967,9.534251,3.553551,0.005727
19.482739,28.579289,42.204462,3163.952239,-1.553042,84.313546,9.670985,3.608648,-0.008993
19.491631,28.612800,42.079575,3158.887306,-1.498175,84.320848,9.811388,3.662304,-0.004756
19.484405,28.670695,41.956251,3153.733385,-1.439291,84.346079,9.952944,3.703257,-0.004266
19.492624,28.717328,41.848034,3148.485475,-1.374313,84.354726,10.087437,3.750246,0.002035
19.504829,28.762734,41.741555,3143.157372,-1.307473,84.380073,10.202541,3.798275,0.002852
19.493297,28.802053,41.629634,3137.739885,-1.241094,84.398972,10.324584,3.845984,0.002570
19.505159,28.840711,41.529790,3132.252452,-1.174272,84.415660,10.429013,3.890592,-0.010174
19.507469,28.893316,41.439679,3126.674804,-1.095956,84.435194,10.529998,3.915676,0.006632
19.506092,28.931863,41.349174,3121.040342,-1.012978,84.462079,10.616778,3.961048,0.005243
19.511770,28.986505,41.268152,3115.324895,-0.933406,84.474014,10.703764,3.989202,0.002989
19.522001,29.027205,41.206163,3109.551190,-0.850185,84.493830,10.771613,4.014269,-0.002287
19.527913,29.064464,41.137570,3103.722424,-0.765181,84.520594,10.829115,4.031375,-0.001728
19.529840,29.113883,41.076222,3097.826312,-0.682118,84.532224,10.882429,4.061954,-0.009331
19.537571,29.153450,41.026386,3091.906901,-0.594132,84.554734,10.918992,4.072728,-0.001948
19.536174,29.194353,40.968031,3085.931296,-0.512648,84.569800,10.945516,4.079185,0.004143
19.545977,29.249056,40.943100,3079.934020,-0.422136,84.591074,10.963447,4.079085,0.007045
19.539207,29.285934,40.919294,3073.900143,-0.322694,84.601481,10.960494,4.072599,-0.006466
19.547936,29.327830,40.889893,3067.857156,-0.246041,84.634730,10.951916,4.078985,0.000707
19.550057,29.374483,40.867137,3061.782480,-0.146373,84.647566,10.937128,4.074982,0.005371
19.568386,29.422294,40.861519,3055.706925,-0.060699,84.671718,10.915411,4.062310,0.002103
19.560757,29.459042,40.859769,3049.645719,0.013223,84.687311,10.858244,4.056334,-0.003441
19.565586,29.500068,40.861168,3043.552134,0.112048,84.704819,10.816773,4.026956,0.008923
19.560761,29.535651,40.878337,3037.487888,0.185331,84.727526,10.762117,4.009234,0.004242
19.572068,29.586046,40.903268,3031.444590,0.267713,84.739971,10.679834,3.982785,0.005208
19.576016,29.627682,40.917482,3025.419615,0.358940,84.757674,10.611356,3.950340,-0.001356
19.581332,29.675046,40.953013,3019.417956,0.420321,84.775782,10.521533,3.916618,-0.001273
19.576867,29.719418,40.986210,3013.450797,0.497922,84.785486,10.427511,3.877413,-0.007216
19.579036,29.761457,41.033045,3007.517462,0.572602,84.815521,10.316868,3.846199,-0.001165
19.594317,29.800220,41.076103,3001.630804,0.642297,84.821372,10.211377,3.809433,-0.005526
19.590673,29.848117,41.130682,2995.778509,0.709217,84.842658,10.096081,3.764834,0.004382
19.596515,29.886554,41.190911,2989.994106,0.769265,84.875736,9.967829,3.718867,0.000408
19.592515,29.923487,41.247473,2984.251474,0.824978,84.885179,9.857804,3.668279,0.004869
19.604023,29.969254,41.324327,2978.555760,0.880631,84.907855,9.722761,3.625198,0.004575
19.608507,30.014382,41.390891,2972.950654,0.921446,84.923425,9.587229,3.572741,0.000615
19.610716,30.053091,41.459008,2967.374208,0.970788,84.937234,9.453464,3.520549,-0.003805
19.610015,30.093009,41.539458,2961.880385,1.018051,84.955804,9.315248,3.471773,-0.002180
19.623914,30.136609,41.613828,2956.441866,1.061362,84.979101,9.180573,3.417081,-0.005339
19.628126,30.178665,41.707299,2951.080561,1.090923,84.991908,9.034253,3.369223,-0.000174
19.624267,30.231131,41.794709,2945.792249,1.125823,85.008912,8.901683,3.316540,-0.004176
19.632072,30.262978,41.883138,2940.572022,1.146155,85.043639,8.759633,3.260594,-0.001617
19.634060,30.308278,41.968674,2935.415861,1.166849,85.053233,8.625473,3.213913,0.004237
19.640391,30.344385,42.051049,2930.351552,1.194865,85.071439,8.472665,3.160307,0.002681
19.637031,30.391605,42.145652,2925.334263,1.200133,85.086762,8.348952,3.103903,0.002524
19.643837,30.434366,42.240113,2920.413940,1.206215,85.105509,8.204353,3.068582,-0.007004
19.651283,30.464508,42.340284,2915.554653,1.215001,85.122393,8.074292,3.000188,-0.008752
19.646686,30.505975,42.428180,2910.770164,1.211608,85.141081,7.945676,2.962531,0.008422
19.636308,30.560139,42.516666,2906.049607,1.218977,85.157132,7.816534,2.909294,-0.005247
19.649833,30.590685,42.613332,2901.420216,1.202456,85.173520,7.696145,2.863532,-0.009649
19.658272,30.638248,42.700050,2896.851036,1.191937,85.193130,7.559970,2.817392,0.004163
19.655623,30.672263,42.795918,2892.340755,1.189528,85.219766,7.446343,2.777571,0.006470
19.669904,30.720259,42.880281,2887.926688,1.166155,85.229777,7.332697,2.735596,0.000478
19.657953,30.755865,42.971995,2883.556781,1.144659,85.244303,7.226420,2.693626,-0.000179
19.666439,30.799136,43.049784,2879.265895,1.123593,85.262456,7.119790,2.647529,0.003598
19.686034,30.840153,43.133616,2875.035994,1.087220,85.281367,7.019576,2.615893,0.004479
19.673208,30.884107,43.218418,2870.871547,1.057753,85.302812,6.908729,2.566637,-0.003409
19.680041,30.919683,43.297379,2866.764006,1.026976,85.325329,6.818455,2.546668,0.007227
19.685182,30.965494,43.377303,2862.744294,0.986521,85.342530,6.732633,2.499963,-0.005957
19.691108,30.996761,43.450149,2858.759112,0.951005,85.356661,6.648457,2.474709,-0.003497
19.688855,31.047338,43.512715,2854.834183,0.902533,85.370383,6.553831,2.440735,-0.003799
19.686125,31.092732,43.580667,2850.969527,0.852975,85.395436,6.473094,2.420023,-0.003834
19.706674,31.118578,43.643985,2847.149505,0.804533,85.412082,6.406628,2.380815,-0.005626
19.689203,31.167036,43.700311,2843.393917,0.766134,85.432469,6.338928,2.349136,-0.002390
19.711390,31.201649,43.754522,2839.687664,0.712538,85.444646,6.263717,2.335395,0.004428
19.708099,31.240217,43.803926,2836.013908,0.657164,85.470282,6.212071,2.315910,0.006666
19.707185,31.282639,43.851562,2832.404749,0.601716,85.478890,6.157530,2.297006,0.003672
19.717059,31.320900,43.896703,2828.838016,0.541720,85.496348,6.096722,2.277360,-0.002972
19.713219,31.362732,43.937910,2825.314196,0.487048,85.515860,6.050711,2.256581,0.008331
19.714118,31.415011,43.963216,2821.821781,0.420606,85.537700,6.017945,2.241898,-0.009803
19.722961,31.439507,43.987754,2818.379386,0.352847,85.552103,5.965378,2.225194,0.002903
19.726100,31.491381,44.023010,2814.962374,0.296390,85.567347,5.941638,2.217223,-0.006658
19.729378,31.526682,44.021177,2811.590942,0.222132,85.590122,5.901724,2.204695,-0.001748
19.728871,31.569248,44.053434,2808.243719,0.175597,85.603924,5.886936,2.195056,0.007726
19.722660,31.605025,44.063442,2804.939201,0.094141,85.609088,5.870059,2.175306,-0.000729
19.740532,31.649445,44.068123,2801.652878,0.020772,85.639734,5.836382,2.177720,-0.001825
19.737427,31.678588,44.060899,2798.397350,-0.042245,85.656523,5.832493,2.175117,0.000656
19.741959,31.723406,44.055990,2795.144255,-0.110433,85.676710,5.823064,2.172520,0.000290
19.744173,31.765029,44.045995,2791.945787,-0.190302,85.687732,5.821430,2.173775,-0.005537
19.744630,31.797349,44.032011,2788.739693,-0.261745,85.708778,5.816920,2.167243,0.012617
19.747234,31.841580,44.010253,2785.571424,-0.323323,85.736665,5.825460,2.171994,0.004143
19.761045,31.887484,43.987537,2782.398769,-0.398940,85.736589,5.833781,2.172565,-0.001631
19.750834,31.926159,43.961979,2779.251184,-0.467647,85.759048,5.847274,2.170117,-0.001235
19.748958,31.965653,43.913200,2776.106801,-0.528464,85.781146,5.855067,2.188443,0.001911
19.765792,32.004307,43.870654,2772.969126,-0.605616,85.801063,5.885594,2.185666,-0.000584
19.773962,32.045124,43.824732,2769.830185,-0.673111,85.819757,5.906404,2.197825,-0.006082
19.763521,32.080821,43.779283,2766.717508,-0.751978,85.825965,5.934212,2.206083,0.008045
19.772163,32.115500,43.729560,2763.580208,-0.803733,85.850532,5.969984,2.218136,-0.003336
19.772639,32.158783,43.667674,2760.439350,-0.868539,85.868319,6.008732,2.233972,-0.000788
19.772404,32.199619,43.591804,2757.313142,-0.942559,85.888157,6.046831,2.257158,-0.001260
19.773608,32.235847,43.524123,2754.167509,-0.995423,85.911180,6.102820,2.266199,-0.001359
19.770246,32.272471,43.449711,2751.003064,-1.062050,85.924897,6.139932,2.292035,-0.007445
19.781991,32.312001,43.371395,2747.847053,-1.116158,85.941725,6.197450,2.301005,0.000666
19.776117,32.360406,43.283324,2744.659689,-1.184487,85.956208,6.249977,2.331997,-0.001743
19.780988,32.396486,43.204662,2741.453966,-1.243434,85.977644,6.324472,2.361571,-0.002146
19.783594,32.440345,43.113415,2738.213137,-1.300494,85.993086,6.374924,2.377488,-0.006812
19.795401,32.461810,43.016738,2734.974661,-1.350686,86.013839,6.452580,2.406372,0.001472
19.796237,32.512329,42.925749,2731.693916,-1.400027,86.023960,6.538278,2.427879,0.009500
19.797215,32.555843,42.818328,2728.377588,-1.448661,86.046023,6.607657,2.462619,0.001582
19.798317,32.593692,42.706679,2725.041147,-1.503936,86.060839,6.684438,2.490017,-0.002711
19.804731,32.628615,42.593457,2721.668016,-1.543260,86.081060,6.780348,2.529509,0.007656
19.804650,32.668655,42.482547,2718.252350,-1.593857,86.091720,6.870947,2.567353,0.003132
19.808331,32.697462,42.374335,2714.799808,-1.635465,86.112848,6.951832,2.599113,-0.003155
19.808846,32.746531,42.257304,2711.293430,-1.660737,86.129728,7.052140,2.634613,0.000772
19.801439,32.784835,42.137408,2707.759625,-1.695845,86.147176,7.168381,2.672477,0.001363
19.813334,32.820469,42.018767,2704.163339,-1.728529,86.166252,7.267156,2.714638,-0.003594
19.817673,32.853909,41.896060,2700.506499,-1.758524,86.178569,7.381197,2.743981,0.004122
19.817570,32.901429,41.775648,2696.813448,-1.782221,86.202792,7.486060,2.794903,-0.008394
19.812335,32.937504,41.645008,2693.058437,-1.797300,86.223010,7.583993,2.834363,-0.008435
19.811526,32.965871,41.516054,2689.231380,-1.820053,86.232019,7.709902,2.874660,-0.002188
19.821197,33.007444,41.383825,2685.359715,-1.832078,86.256697,7.830926,2.912742,-0.006338
19.830826,33.046537,41.249907,2681.417667,-1.849008,86.272634,7.950183,2.962175,0.000618
19.832708,33.093548,41.124631,2677.406444,-1.850814,86.280753,8.068441,3.001463,-0.001521
19.831028,33.129079,41.002618,2673.336977,-1.857572,86.305172,8.197342,3.049677,0.001748
19.832672,33.162096,40.863080,2669.186416,-1.856462,86.321643,8.327946,3.107033,-0.007664
19.838393,33.199368,40.738898,2664.970249,-1.845965,86.340944,8.443183,3.152210,0.009649
19.847194,33.243408,40.616023,2660.682938,-1.839498,86.355609,8.580373,3.202147,0.003816
19.840280,33.276887,40.472074,2656.335754,-1.819801,86.368517,8.697292,3.236475,0.002090
19.843222,33.315984,40.368804,2651.891785,-1.809741,86.380709,8.828991,3.287184,0.006996
19.836528,33.347357,40.229048,2647.384313,-1.781684,86.407310,8.957441,3.338932,0.000229
19.844654,33.383254,40.103725,2642.795095,-1.766284,86.416948,9.074290,3.378568,-0.004242
19.851220,33.422588,39.976603,2638.126044,-1.725491,86.423000,9.196807,3.428943,-0.001922
19.849400,33.465546,39.873933,2633.388436,-1.699455,86.450515,9.319038,3.465390,0.006232
19.855989,33.497591,39.753367,2628.574927,-1.668655,86.483279,9.435646,3.518146,0.001105
19.860618,33.539669,39.643598,2623.691805,-1.626541,86.487411,9.556066,3.564938,-0.002850
19.862329,33.582817,39.534061,2618.733151,-1.570865,86.500510,9.668392,3.593551,-0.003005
19.863015,33.609641,39.424188,2613.701642,-1.529123,86.522706,9.768537,3.648417,-0.007828
19.868110,33.649076,39.330356,2608.589980,-1.477461,86.547974,9.874514,3.687547,0.006117
19.858735,33.687147,39.215960,2603.408262,-1.424913,86.561087,9.982579,3.713099,-0.003491
19.862166,33.728822,39.124031,2598.167720,-1.374499,86.574534,10.069234,3.750055,0.006783
19.869060,33.758505,39.044187,2592.849985,-1.302674,86.591671,10.157195,3.784664,0.002623
19.877583,33.795088,38.947866,2587.480034,-1.245901,86.610811,10.236326,3.808973,-0.001786
19.878754,33.830038,38.869469,2582.047502,-1.173765,86.623807,10.314338,3.838838,0.001493
19.882156,33.874488,38.791876,2576.559087,-1.112444,86.646835,10.386928,3.868768,0.003023
19.879456,33.910865,38.719505,2570.996282,-1.031093,86.662519,10.436229,3.893585,0.004192
19.875020,33.948590,38.651378,2565.412590,-0.973621,86.681711,10.492968,3.909957,-0.005864
19.886591,33.973615,38.592281,2559.763645,-0.891178,86.693570,10.537731,3.928135,-0.010371
19.876467,34.014453,38.524948,2554.079644,-0.818738,86.707097,10.578871,3.946027,-0.003369
19.881653,34.057993,38.464259,2548.362637,-0.744261,86.722603,10.601950,3.948280,-0.004434
19.894107,34.100601,38.432957,2542.601877,-0.664628,86.736170,10.634735,3.962102,0.006248
19.894774,34.118473,38.388870,2536.817209,-0.591079,86.760864,10.649515,3.961663,-0.004635
19.894925,34.168319,38.353643,2531.010424,-0.510678,86.782294,10.646650,3.958960,-0.001600
19.891959,34.199997,38.320743,2525.181178,-0.436545,86.795950,10.653607,3.961965,0.001395
19.894470,34.231494,38.291964,2519.333002,-0.352885,86.804776,10.634695,3.962887,-0.009612
19.898944,34.267131,38.271622,2513.462453,-0.281986,86.823296,10.620984,3.962143,0.006281
19.910675,34.303291,38.265313,2507.603992,-0.200314,86.854117,10.605985,3.947781,-0.007321
19.902622,34.345922,38.245494,2501.731341,-0.132647,86.859630,10.559121,3.933459,-0.005795
19.906375,34.378167,38.245923,2495.854697,-0.059849,86.872195,10.522341,3.922059,-0.004491
19.901326,34.412832,38.242199,2489.990678,0.023681,86.892684,10.473301,3.898787,0.006996
19.906963,34.453497,38.246011,2484.145207,0.093591,86.901282,10.418369,3.882924,-0.000413
19.910752,34.486979,38.255245,2478.299630,0.154749,86.922929,10.360629,3.858097,0.002665
19.908347,34.517426,38.268825,2472.496158,0.236082,86.940914,10.296545,3.842217,-0.000995
19.918238,34.551846,38.281855,2466.695792,0.282789,86.951645,10.229003,3.818665,0.007348
19.911105,34.580471,38.299981,2460.919844,0.357850,86.966889,10.147327,3.779217,-0.008303
19.916577,34.626092,38.331455,2455.176873,0.429528,86.983923,10.058464,3.748031,-0.001282
19.913247,34.662134,38.356099,2449.472941,0.464741,87.005439,9.979052,3.708862,-0.000331
19.917492,34.693113,38.388826,2443.798326,0.514128,87.024364,9.881758,3.680624,0.010219
19.925856,34.723580,38.417161,2438.164142,0.561914,87.044248,9.780724,3.647381,0.002479
19.921142,34.765148,38.465113,2432.561203,0.606368,87.043654,9.685709,3.609981,-0.012245
19.921226,34.800657,38.486779,2427.018851,0.654612,87.068099,9.593335,3.569544,-0.004061
19.921407,34.830405,38.537133,2421.512969,0.691830,87.087316,9.494850,3.537072,-0.002230
19.927853,34.864926,38.585364,2416.051562,0.727632,87.100397,9.401459,3.500555,-0.000291
19.938450,34.900690,38.637266,2410.636246,0.768890,87.107147,9.292660,3.455400,0.000542
19.928108,34.935336,38.684171,2405.291641,0.780122,87.125240,9.187541,3.415111,-0.002132
19.939201,34.969019,38.734622,2399.990327,0.811736,87.161981,9.080046,3.380127,-0.004394
19.931458,35.008790,38.791371,2394.728869,0.838945,87.165414,8.972918,3.345395,0.005761
19.944594,35.044781,38.836202,2389.535072,0.853730,87.182100,8.866526,3.305021,0.002160
19.936327,35.074922,38.892977,2384.388444,0.860957,87.196575,8.767551,3.263302,0.003968
19.934788,35.099423,38.944291,2379.303253,0.872183,87.217483,8.653211,3.222857,0.000421
19.947087,35.138146,38.998826,2374.274138,0.869317,87.221668,8.556362,3.193488,0.004786
19.942605,35.164028,39.055082,2369.297251,0.870106,87.251091,8.453688,3.142844,-0.004410
19.949907,35.203900,39.105762,2364.372837,0.864871,87.254809,8.361475,3.113642,-0.004988
19.947230,35.228423,39.155238,2359.516535,0.858144,87.271795,8.256685,3.077504,-0.004854
19.938770,35.269999,39.219581,2354.705563,0.849405,87.292374,8.165983,3.043420,0.013639
19.949771,35.304655,39.260781,2349.952243,0.842102,87.305448,8.077325,3.011374,-0.006496
19.939634,35.342471,39.317797,2345.260924,0.817145,87.319889,7.996099,2.971937,-0.006560
19.954665,35.364929,39.365479,2340.616261,0.788525,87.348009,7.901098,2.937335,0.004839
19.959197,35.407729,39.418774,2336.013255,0.767878,87.357698,7.820451,2.909058,-0.002593
19.965887,35.444127,39.469923,2331.486181,0.750804,87.365893,7.741783,2.873453,0.001518
19.961191,35.477341,39.503113,2326.995927,0.716722,87.382309,7.652039,2.862438,-0.006068
19.965525,35.500925,39.549874,2322.566199,0.684233,87.398196,7.586118,2.821755,-0.005220
19.955083,35.539389,39.591964,2318.175438,0.640343,87.416377,7.516010,2.794231,0.001413
19.960260,35.572719,39.621483,2313.831102,0.608149,87.432157,7.448137,2.777583,0.000926
19.969837,35.598034,39.657231,2309.549153,0.561036,87.449881,7.375632,2.740474,-0.000430
19.966154,35.644664,39.697762,2305.312104,0.513359,87.462670,7.318540,2.725121,-0.005797
19.954656,35.673883,39.726193,2301.113023,0.476144,87.475279,7.257837,2.712182,-0.006528
19.956873,35.705264,39.747275,2296.952255,0.418354,87.491809,7.216630,2.687977,-0.005287
19.964429,35.735776,39.779313,2292.841426,0.370792,87.504632,7.153767,2.662663,0.001569
19.967162,35.760036,39.796249,2288.769165,0.308461,87.529764,7.111860,2.646024,0.001438
19.967010,35.791591,39.805928,2284.740795,0.251768,87.542070,7.066251,2.632170,-0.004279
19.985963,35.834831,39.828133,2280.737048,0.197287,87.553966,7.029688,2.617212,0.002869
19.966255,35.863922,39.835767,2276.778585,0.149330,87.556706,7.002213,2.608546,-0.001530
19.975748,35.900135,39.845697,2272.845575,0.083941,87.582529,6.962585,2.595620,-0.010305
19.973261,35.928131,39.846255,2268.945795,0.024398,87.600903,6.948919,2.577068,-0.002586
19.966644,35.968585,39.840872,2265.082178,-0.043378,87.611183,6.920644,2.573412,0.000229
19.983963,35.990056,39.836973,2261.240595,-0.103701,87.633175,6.902117,2.564898,-0.001525
19.978881,36.027035,39.830046,2257.417164,-0.174724,87.645722,6.875657,2.561678,0.003318
19.982658,36.059809,39.822115,2253.642448,-0.231469,87.661527,6.880406,2.563429,-0.002936
19.984926,36.092432,39.798803,2249.871087,-0.299275,87.677468,6.856754,2.557728,0.000270
19.981300,36.132147,39.786988,2246.119335,-0.375070,87.684716,6.861070,2.553684,-0.011237
19.977155,36.153058,39.765486,2242.378808,-0.436099,87.704791,6.860370,2.556970,-0.006196
19.987408,36.192210,39.731955,2238.673837,-0.509086,87.724930,6.861214,2.555519,0.002848
19.990681,36.218531,39.700210,2234.972267,-0.561741,87.737141,6.873388,2.551364,0.003195
19.983314,36.258583,39.675261,2231.279510,-0.632169,87.749186,6.881640,2.564144,0.000932
19.993192,36.286389,39.625184,2227.600015,-0.701370,87.762365,6.899204,2.576190,-0.000836
19.994697,36.319446,39.589249,2223.929587,-0.769082,87.776733,6.920056,2.586777,-0.008070
19.985222,36.342669,39.528403,2220.263730,-0.824682,87.804920,6.942802,2.583473,0.004845
19.995607,36.382426,39.484070,2216.599349,-0.895663,87.815785,6.966157,2.595202,0.002005
19.986323,36.415292,39.440453,2212.939266,-0.956628,87.825880,6.997936,2.608606,-0.000838
19.990604,36.436195,39.374280,2209.273943,-1.027151,87.845130,7.030283,2.618945,-0.009839
19.995192,36.478759,39.311500,2205.599211,-1.100251,87.866472,7.069160,2.623552,0.003573
19.991056,36.506697,39.250350,2201.938171,-1.148744,87.875852,7.105184,2.650504,0.003478
20.010737,36.541900,39.181075,2198.247222,-1.208402,87.889039,7.142925,2.668988,0.002819
20.001978,36.568546,39.101705,2194.551612,-1.269830,87.914865,7.203315,2.684354,0.001396
20.000889,36.598892,39.035463,2190.831972,-1.314033,87.915329,7.244732,2.703801,-0.003244
19.997932,36.630675,38.951987,2187.122633,-1.375283,87.928796,7.301718,2.731580,0.003168
20.002992,36.660470,38.878701,2183.375227,-1.425485,87.945892,7.358448,2.751516,-0.002813
20.002500,36.690003,38.790595,2179.613319,-1.473346,87.961900,7.429546,2.767695,0.005351
20.010048,36.722246,38.719620,2175.846271,-1.525516,87.976843,7.483977,2.790900,0.001551
20.014401,36.760339,38.631381,2172.024527,-1.567774,87.983865,7.553164,2.809758,0.003828
20.001618,36.779802,38.540409,2168.189383,-1.609154,88.008406,7.623740,2.842220,0.005056
20.010280,36.820347,38.437124,2164.324567,-1.659252,88.027398,7.701344,2.862935,0.006681
19.999891,36.853092,38.338340,2160.429487,-1.683502,88.043569,7.766566,2.893647,0.008075
20.015901,36.875579,38.241676,2156.491154,-1.736207,88.049560,7.850956,2.923260,0.004165
20.011566,36.899953,38.144582,2152.530512,-1.762255,88.065451,7.926230,2.954273,0.000617
20.016965,36.942456,38.048998,2148.534763,-1.786276,88.093239,8.012408,2.977454,0.011129
20.012166,36.975349,37.952548,2144.490805,-1.801138,88.099129,8.088654,3.017027,-0.000033
20.008900,37.010161,37.848681,2140.395757,-1.837745,88.109588,8.179869,3.043557,0.004482
20.015826,37.027972,37.745492,2136.269330,-1.851807,88.128477,8.262568,3.074382,-0.000757
20.015914,37.055270,37.632445,2132.093541,-1.867634,88.142933,8.356664,3.115180,0.001932
20.017911,37.089485,37.531137,2127.879958,-1.882357,88.152092,8.444290,3.152283,0.006023
20.011036,37.120682,37.420214,2123.611291,-1.889729,88.168643,8.528805,3.185347,-0.005560
20.011252,37.151101,37.316329,2119.298203,-1.894714,88.189244,8.625152,3.210552,-0.003309
20.017683,37.182621,37.219141,2114.934600,-1.899748,88.202560,8.723492,3.250605,0.003500
20.022758,37.201836,37.114382,2110.513981,-1.884031,88.212385,8.813751,3.284556,0.005646
20.022349,37.256396,37.001387,2106.048931,-1.889132,88.229779,8.898495,3.311885,0.006292
20.017747,37.274044,36.912926,2101.517904,-1.882129,88.243055,9.002840,3.354172,0.007708
20.022595,37.304968,36.799002,2096.944299,-1.867017,88.250847,9.091198,3.389737,0.011344
20.019510,37.328170,36.699481,2092.303243,-1.859585,88.269005,9.177738,3.426470,0.001708
20.023325,37.368192,36.603634,2087.610653,-1.821338,88.299742,9.282326,3.453044,-0.008437
20.028106,37.386377,36.490564,2082.878305,-1.801842,88.313270,9.357736,3.487910,-0.002240
20.022238,37.420430,36.406265,2078.070125,-1.782670,88.312277,9.443527,3.514057,0.005687
20.021801,37.456218,36.300505,2073.221711,-1.744964,88.333917,9.534401,3.550550,0.007246
20.025359,37.478176,36.220259,2068.315598,-1.715204,88.350506,9.607400,3.583086,-0.001568
20.035269,37.521682,36.127879,2063.346591,-1.677669,88.363733,9.689731,3.610151,0.003468
20.034131,37.545512,36.036022,2058.339537,-1.631785,88.372787,9.763082,3.629139,0.003738
20.024043,37.563011,35.948484,2053.275271,-1.589475,88.383343,9.836662,3.665885,0.001128
20.022615,37.600765,35.862359,2048.153980,-1.550382,88.397927,9.899997,3.687661,-0.015119
20.031534,37.633051,35.781047,2043.004264,-1.498365,88.423011,9.969325,3.718532,-0.000612
20.024787,37.654812,35.714541,2037.788640,-1.446422,88.427078,10.018467,3.733793,-0.000864
20.031023,37.680950,35.619443,2032.536512,-1.387084,88.437675,10.094333,3.759115,0.000406
20.037382,37.713960,35.554680,2027.230817,-1.333744,88.455820,10.131794,3.772639,-0.003150
20.029078,37.752082,35.476370,2021.903784,-1.277202,88.472312,10.176328,3.792680,0.000677
20.024199,37.776931,35.416641,2016.513951,-1.223961,88.493696,10.217778,3.812270,0.001949
20.027865,37.806274,35.356300,2011.102487,-1.158332,88.502348,10.254713,3.819461,0.003215
20.033434,37.833651,35.303148,2005.652472,-1.105292,88.519136,10.273915,3.825244,0.003251
20.030798,37.861667,35.237767,2000.177889,-1.029987,88.534954,10.300321,3.842654,0.002910
20.041585,37.880656,35.194205,1994.661393,-0.968766,88.552834,10.326953,3.840476,-0.011154
20.032773,37.919266,35.141795,1989.132694,-0.895256,88.552701,10.346372,3.852983,-0.003336
20.028354,37.949879,35.092319,1983.566477,-0.839468,88.569643,10.334414,3.858836,-0.001769
20.025913,37.968716,35.053137,1977.995762,-0.770028,88.589481,10.342956,3.855849,-0.004052
20.039410,38.003604,35.014263,1972.397230,-0.707132,88.596393,10.348587,3.859504,-0.007067
20.033549,38.027160,34.992391,1966.796046,-0.639553,88.618563,10.344788,3.848127,0.002549
20.043388,38.059380,34.951800,1961.170536,-0.586214,88.638515,10.322324,3.840721,-0.004323
20.036731,38.082686,34.921760,1955.542828,-0.507775,88.638857,10.301217,3.834710,-0.004911
20.043280,38.114629,34.892132,1949.916457,-0.450330,88.649625,10.277419,3.833927,-0.001733
20.041885,38.142651,34.876022,1944.286410,-0.390279,88.678346,10.241218,3.818315,-0.004445
20.040363,38.158297,34.857882,1938.664313,-0.323537,88.684336,10.213842,3.813072,0.005575
20.034363,38.194954,34.848830,1933.034539,-0.260199,88.691270,10.185116,3.803436,-0.008615
20.050129,38.216282,34.827243,1927.418905,-0.203252,88.718072,10.125602,3.784222,0.003158
20.048591,38.259221,34.824880,1921.820120,-0.151687,88.722929,10.099108,3.754633,0.000680
20.055448,38.271875,34.817894,1916.221394,-0.102914,88.739851,10.038227,3.746636,0.003642
20.052092,38.310787,34.811845,1910.643355,-0.036739,88.752329,9.985777,3.708973,0.008416
20.046575,38.334617,34.803148,1905.093282,-0.000484,88.762629,9.937375,3.693184,-0.002055
20.053540,38.359155,34.819256,1899.533070,0.038018,88.779596,9.882236,3.674722,0.002712
20.049844,38.386436,34.820419,1894.025276,0.096110,88.793674,9.808869,3.652393,0.000578
20.057542,38.411008,34.824228,1888.536495,0.129649,88.809716,9.751538,3.629227,-0.004735
20.041216,38.429430,34.830208,1883.068741,0.171247,88.832797,9.672185,3.595380,0.006697
20.052415,38.469173,34.832271,1877.641515,0.208292,88.843941,9.609573,3.584818,-0.009546
20.048735,38.497935,34.850045,1872.232197,0.237141,88.837295,9.534868,3.562781,-0.001067
20.052602,38.518246,34.865813,1866.849898,0.251704,88.861000,9.475997,3.516957,-0.007154
20.048387,38.550542,34.876226,1861.515507,0.283444,88.880836,9.398513,3.516295,0.000839
20.045460,38.572518,34.885577,1856.201167,0.308522,88.892112,9.321207,3.480454,-0.010406
20.047471,38.603899,34.902497,1850.933064,0.317336,88.900687,9.271773,3.445843,-0.003946
20.052918,38.626306,34.912493,1845.694474,0.333929,88.915223,9.185953,3.412507,-0.000615
20.046157,38.649900,34.934466,1840.495681,0.346162,88.928722,9.109985,3.391916,0.004544
20.054754,38.680765,34.950957,1835.345679,0.354128,88.936463,9.048674,3.365527,0.000573
20.046741,38.703316,34.977403,1830.219635,0.353742,88.951028,8.967826,3.334920,0.007163
20.048491,38.729499,34.988002,1825.140568,0.352121,88.973725,8.897846,3.318278,-0.000889
20.053146,38.765149,34.995646,1820.095808,0.349936,88.981920,8.825359,3.293404,0.005374
20.059259,38.782961,35.014921,1815.096491,0.340993,88.991427,8.753751,3.265332,-0.008474
20.061193,38.815499,35.035076,1810.141264,0.329123,89.005557,8.684786,3.231885,-0.003315
20.052366,38.839476,35.046245,1805.228335,0.311673,89.023423,8.612974,3.212743,-0.012909
20.048762,38.864676,35.066241,1800.338753,0.299677,89.043007,8.558241,3.194444,0.012600
20.052873,38.881583,35.077731,1795.509642,0.281330,89.046865,8.492927,3.167104,0.007050
20.049181,38.920250,35.087170,1790.711426,0.262595,89.056107,8.428305,3.146063,-0.003586
20.058970,38.948486,35.094352,1785.945688,0.224729,89.076377,8.384826,3.114702,-0.001776
20.060402,38.969661,35.103358,1781.240135,0.196265,89.096975,8.324112,3.107419,-0.005551
20.059024,38.990684,35.120181,1776.551238,0.170803,89.094871,8.265078,3.082304,-0.001989
20.045521,39.019156,35.131357,1771.900594,0.118821,89.102671,8.220577,3.066629,-0.005730
20.059576,39.041190,35.127822,1767.288907,0.092621,89.120312,8.174087,3.043311,-0.003232
20.051736,39.061855,35.143721,1762.728415,0.049006,89.147777,8.122233,3.028993,0.004209
20.051469,39.091044,35.135016,1758.193995,0.010774,89.143724,8.084301,3.005190,-0.002320
20.057577,39.119673,35.143880,1753.695523,-0.035622,89.158281,8.040261,2.997938,-0.001815
20.054742,39.137412,35.123267,1749.223852,-0.092092,89.173546,8.004890,2.979338,-0.004226
20.067252,39.167739,35.123542,1744.796739,-0.138991,89.190474,7.963239,2.954554,-0.001735
20.064373,39.187154,35.121201,1740.391006,-0.183400,89.209530,7.935104,2.954981,-0.000321
20.056926,39.212173,35.111776,1736.021491,-0.249080,89.216526,7.902183,2.943802,0.004051
20.068501,39.239147,35.091374,1731.678552,-0.291087,89.233347,7.884262,2.947000,0.009055
20.057419,39.256692,35.084559,1727.352374,-0.355927,89.235259,7.861986,2.924208,0.008877
20.057260,39.292960,35.061239,1723.077885,-0.411740,89.260193,7.833737,2.919228,0.002586
20.063428,39.313843,35.050135,1718.808243,-0.471175,89.269797,7.833402,2.920832,0.002755
20.058685,39.343222,35.022533,1714.575140,-0.527604,89.279542,7.807216,2.907935,0.006138
20.062987,39.365227,34.994753,1710.355733,-0.600876,89.290323,7.808225,2.906817,-0.007172
20.058246,39.387023,34.974811,1706.162618,-0.659781,89.305004,7.785610,2.902254,-0.003835
20.069818,39.404664,34.942570,1701.980874,-0.719452,89.318886,7.775667,2.899294,0.001131
20.059347,39.436588,34.902966,1697.814483,-0.785473,89.336336,7.775230,2.906121,0.002665
20.065735,39.459686,34.868722,1693.687809,-0.838348,89.342415,7.788187,2.888747,0.000558
20.059545,39.488374,34.827471,1689.563186,-0.902523,89.365858,7.792925,2.900553,-0.005837
20.069034,39.505941,34.787578,1685.440194,-0.973244,89.357742,7.794529,2.908681,-0.000380
20.065655,39.532741,34.740977,1681.337135,-1.040191,89.381806,7.801729,2.907043,0.003678
20.069252,39.559216,34.698051,1677.241917,-1.097473,89.401437,7.824484,2.917603,-0.004554
20.066314,39.579392,34.650128,1673.157494,-1.164580,89.405896,7.835565,2.909881,-0.004304
20.063318,39.608104,34.600914,1669.080265,-1.216282,89.425763,7.852611,2.918944,0.000764
20.066898,39.626904,34.539556,1664.998518,-1.282860,89.427419,7.872765,2.932554,-0.005953
20.058355,39.655936,34.488329,1660.914064,-1.339774,89.433213,7.899042,2.948772,0.003696
20.069631,39.678078,34.415751,1656.852024,-1.398273,89.460509,7.929044,2.942181,0.005948
20.069275,39.696075,34.362998,1652.769837,-1.453170,89.462478,7.954941,2.969064,0.004733
20.079019,39.717112,34.296684,1648.685784,-1.511504,89.481738,7.996029,2.972009,0.000900
20.068384,39.747305,34.240808,1644.604256,-1.562342,89.496164,8.023696,2.989726,0.008916
20.062919,39.761991,34.165647,1640.521811,-1.628836,89.502864,8.066293,3.002576,-0.004598
20.066853,39.797503,34.104083,1636.425560,-1.681175,89.508155,8.104888,3.016174,0.004786
20.079703,39.815004,34.021598,1632.321447,-1.735701,89.513662,8.147031,3.038584,-0.010785
20.065696,39.831331,33.957542,1628.198035,-1.774251,89.543557,8.192712,3.057545,0.007134
20.066254,39.860359,33.866483,1624.063994,-1.819160,89.549630,8.244421,3.073345,0.000690
20.065723,39.889198,33.789662,1619.913203,-1.872832,89.563457,8.296856,3.080094,-0.008386
20.073253,39.910415,33.708355,1615.737789,-1.897782,89.584289,8.327939,3.109136,0.001975
20.066283,39.932929,33.634040,1611.557264,-1.942530,89.580362,8.396110,3.124043,0.007156
20.069391,39.965756,33.540383,1607.356853,-1.972264,89.608611,8.439539,3.143991,-0.001200
20.067697,39.973323,33.466061,1603.137177,-2.005709,89.613567,8.498397,3.163258,0.009340
20.064873,40.008696,33.386797,1598.882915,-2.035245,89.629719,8.554729,3.182018,-0.007996
20.075332,40.017730,33.297135,1594.619134,-2.063491,89.636184,8.609373,3.211234,0.005738
20.060265,40.035283,33.203912,1590.306720,-2.088823,89.646648,8.665965,3.229363,0.002367
20.062682,40.068337,33.123698,1585.986542,-2.111796,89.667540,8.728720,3.248844,0.000470
20.076570,40.098950,33.030176,1581.634290,-2.133295,89.673405,8.797758,3.259552,0.001775
20.071471,40.108699,32.946219,1577.246263,-2.150248,89.684311,8.851328,3.291508,-0.004990
20.062620,40.142737,32.851928,1572.837302,-2.155398,89.695758,8.911416,3.314535,-0.006029
20.071710,40.157942,32.760248,1568.392757,-2.172259,89.715479,8.976122,3.344306,-0.001090
20.069044,40.181622,32.678503,1563.910545,-2.177219,89.725479,9.036012,3.367070,-0.003695
20.062650,40.203399,32.598798,1559.403715,-2.184331,89.745827,9.100438,3.386783,0.003338
20.069282,40.238054,32.496973,1554.852750,-2.175622,89.742772,9.153558,3.418148,-0.005823
20.061003,40.251807,32.408195,1550.281505,-2.171962,89.755355,9.221291,3.429658,0.001383
20.068765,40.264201,32.328817,1545.658500,-2.159582,89.768423,9.270662,3.452297,0.004190
20.068610,40.293968,32.231091,1541.009486,-2.160824,89.786258,9.331890,3.470908,0.001110
20.069936,40.319208,32.149488,1536.328280,-2.143974,89.800835,9.384479,3.496382,0.000371
20.070858,40.334938,32.068031,1531.606162,-2.131186,89.811415,9.442171,3.517594,-0.009377
20.067753,40.361436,31.987526,1526.845376,-2.110339,89.824311,9.506430,3.541741,0.000615
20.069821,40.368918,31.897277,1522.061291,-2.090710,89.822263,9.553573,3.566028,-0.008362
20.070862,40.408758,31.823016,1517.236412,-2.066243,89.842187,9.602082,3.587414,0.002571
20.070328,40.419556,31.734310,1512.381759,-2.037043,89.860236,9.655861,3.592227,0.003265
20.070090,40.447306,31.646857,1507.478278,-2.005585,89.855002,9.696270,3.622863,0.002215
20.064396,40.471957,31.571558,1502.555261,-1.978115,89.869882,9.752070,3.622137,-0.008275
20.067849,40.489827,31.496677,1497.605685,-1.941035,89.887471,9.793941,3.655065,-0.004086
20.071770,40.519535,31.423267,1492.614633,-1.909366,89.897873,9.828378,3.660103,0.002170
20.064846,40.516866,31.345011,1487.602756,-1.867342,89.911670,9.862590,3.680329,0.007521
20.064493,40.543628,31.276754,1482.545116,-1.827826,89.913195,9.901315,3.691926,0.001844
20.070763,40.577910,31.201728,1477.466928,-1.791127,89.934620,9.928972,3.695710,-0.005971
20.072276,40.599210,31.137626,1472.369403,-1.738822,89.941328,9.943334,3.698970,0.000175
20.068139,40.606516,31.070195,1467.238603,-1.689782,89.957551,9.970697,3.718512,-0.008410
20.067425,40.628918,31.006845,1462.089123,-1.643719,89.971880,9.992868,3.720161,-0.005792
20.063349,40.646415,30.938790,1456.929517,-1.591969,89.978200,10.006684,3.723120,-0.001848
20.067836,40.681439,30.884900,1451.721395,-1.551899,89.984774,10.025890,3.723888,0.001289
20.068551,40.694574,30.824746,1446.510766,-1.510471,90.003580,10.029990,3.739442,0.000704
20.066885,40.720713,30.769098,1441.282552,-1.450184,90.012186,10.039051,3.743244,-0.002801
20.071337,40.745346,30.719910,1436.045338,-1.404471,90.032672,10.028598,3.737204,0.000121
20.066417,40.749256,30.669358,1430.776478,-1.350105,90.038605,10.037449,3.730994,0.001205
20.074858,40.772973,30.619572,1425.514373,-1.309619,90.053697,10.036903,3.734371,-0.001881
20.077022,40.794059,30.564553,1420.236570,-1.265776,90.066930,10.030564,3.729330,0.002149
20.069080,40.817883,30.516197,1414.933150,-1.201428,90.069480,10.009164,3.734459,-0.000143
20.064257,40.854935,30.474070,1409.636356,-1.159361,90.083952,10.003643,3.730866,0.001889
20.067749,40.857357,30.439273,1404.354696,-1.102831,90.102536,9.986296,3.714986,-0.004489
20.065680,40.876320,30.400791,1399.065339,-1.069259,90.104617,9.966208,3.713130,0.001145
20.066643,40.894150,30.360008,1393.767107,-1.016451,90.126893,9.945586,3.696685,0.007761
20.070461,40.917278,30.314403,1388.468185,-0.975579,90.128498,9.926862,3.693459,0.006512
20.067188,40.944618,30.289831,1383.171910,-0.942384,90.136800,9.890199,3.673052,0.002315
20.060114,40.962896,30.249438,1377.882075,-0.899590,90.145922,9.866250,3.678542,-0.003682
20.065586,40.986198,30.226557,1372.610846,-0.858206,90.156875,9.828437,3.655354,0.001287
20.067637,41.003277,30.185438,1367.339215,-0.826054,90.170960,9.799260,3.651911,-0.003468
20.066818,41.025459,30.161468,1362.076814,-0.792185,90.177727,9.759401,3.640674,0.000870
20.066565,41.036283,30.136966,1356.837186,-0.759280,90.197364,9.729256,3.623095,0.012067
20.068398,41.059009,30.116925,1351.606436,-0.728187,90.201064,9.684468,3.612031,-0.004148
20.068453,41.072146,30.087719,1346.374934,-0.700970,90.212777,9.646918,3.595634,0.006885
20.071700,41.092044,30.055568,1341.187140,-0.674905,90.233463,9.601556,3.579171,0.003347
20.076236,41.121708,30.037917,1336.001532,-0.663693,90.241399,9.556835,3.558306,-0.000075
20.070815,41.129613,30.015180,1330.838373,-0.641360,90.240520,9.509032,3.547651,0.001688
20.064319,41.151953,29.986754,1325.702069,-0.624019,90.257730,9.468466,3.530811,0.000303
20.058193,41.174187,29.964576,1320.573232,-0.609776,90.271405,9.425882,3.521683,0.002554
20.073072,41.196822,29.941017,1315.479683,-0.615074,90.281970,9.391596,3.489151,0.003455
20.067342,41.211396,29.922411,1310.395472,-0.606634,90.290327,9.334041,3.488226,-0.004788
20.068067,41.226775,29.908072,1305.337023,-0.593395,90.301493,9.301039,3.464728,0.001333
20.062745,41.241040,29.879099,1300.309875,-0.601765,90.311805,9.251697,3.451406,0.004184
20.065503,41.263105,29.868045,1295.313330,-0.606293,90.317891,9.202274,3.428382,0.008089
20.068929,41.280100,29.835879,1290.340653,-0.619636,90.332879,9.162305,3.405872,0.007351
20.068056,41.297737,29.827841,1285.397422,-0.624552,90.347686,9.104503,3.398052,-0.004283
20.079640,41.313024,29.812544,1280.477452,-0.635007,90.351384,9.067618,3.387335,-0.003149
20.066661,41.338309,29.780038,1275.581567,-0.652073,90.364448,9.039162,3.368620,0.007437
20.065281,41.356938,29.763260,1270.712112,-0.672326,90.377178,8.998338,3.350537,-0.004332
20.065481,41.369091,29.737397,1265.869801,-0.693316,90.394313,8.954515,3.335505,0.002292
20.067818,41.396429,29.708105,1261.071517,-0.728597,90.399854,8.915576,3.315846,0.010493
20.066998,41.417135,29.688259,1256.281923,-0.746482,90.407549,8.869386,3.306429,-0.004472
20.060806,41.431182,29.669686,1251.534533,-0.774941,90.404555,8.844665,3.293528,-0.002833
20.058386,41.448589,29.641898,1246.801252,-0.805594,90.430311,8.805441,3.280260,0.004612
20.074273,41.460408,29.607519,1242.096000,-0.851731,90.442120,8.769459,3.268651,-0.007076
20.073558,41.484569,29.576484,1237.431176,-0.886570,90.449146,8.736152,3.266303,0.005091
20.063602,41.502679,29.538998,1232.792995,-0.933827,90.463529,8.719664,3.248001,0.004098
20.070375,41.518860,29.522407,1228.178939,-0.974137,90.466694,8.682137,3.246299,0.002657
20.066392,41.540741,29.496370,1223.570538,-1.026863,90.479209,8.664673,3.226465,0.006800
20.066326,41.552723,29.454088,1219.017249,-1.071677,90.493657,8.630062,3.217731,-0.003497
20.069671,41.576150,29.421647,1214.473544,-1.128196,90.493055,8.612454,3.216350,0.001243
20.073795,41.588044,29.385329,1209.966239,-1.179738,90.511815,8.590865,3.207868,-0.003922
20.067969,41.612424,29.344764,1205.465457,-1.220608,90.524217,8.580063,3.189860,-0.000679
20.065448,41.625182,29.313387,1201.001848,-1.278081,90.533837,8.553155,3.193276,0.002678
20.060981,41.641611,29.259453,1196.557451,-1.331513,90.555342,8.532120,3.187148,-0.002746
20.063401,41.655372,29.227184,1192.147789,-1.388216,90.550570,8.536735,3.175573,-0.000680
20.061792,41.665659,29.181407,1187.740403,-1.439416,90.557239,8.523688,3.179238,-0.000092
20.074368,41.681618,29.129016,1183.353457,-1.519019,90.570037,8.522533,3.178622,0.014246
20.061304,41.705453,29.088162,1178.989708,-1.575301,90.576894,8.500947,3.167624,-0.001172
20.068143,41.723091,29.037514,1174.651828,-1.633904,90.592499,8.515729,3.170628,0.005128
20.066841,41.741552,28.980946,1170.323750,-1.705399,90.600955,8.500436,3.165720,0.006196
20.071416,41.746273,28.937524,1166.019612,-1.757407,90.617615,8.501289,3.167368,0.002783
20.060715,41.777914,28.877992,1161.718245,-1.831733,90.626550,8.511132,3.168849,-0.007700
20.071645,41.789212,28.818934,1157.431473,-1.886280,90.628990,8.508384,3.166930,-0.005809
20.061540,41.819485,28.753741,1153.164269,-1.944517,90.642839,8.510970,3.169325,-0.006303
20.063100,41.822857,28.696933,1148.915134,-2.016446,90.661041,8.521324,3.176233,-0.002276
20.066214,41.844769,28.638032,1144.660358,-2.080196,90.667483,8.537999,3.172182,0.001819
20.068743,41.856910,28.586063,1140.424261,-2.139058,90.673154,8.548130,3.179567,0.005616
20.067548,41.870226,28.511359,1136.198211,-2.189878,90.667762,8.565621,3.187817,-0.004917
20.059574,41.885719,28.441216,1131.981496,-2.261292,90.700039,8.586103,3.199634,0.002922
20.058696,41.899481,28.375023,1127.766816,-2.319403,90.707263,8.592234,3.196152,-0.006291
20.057650,41.920055,28.319797,1123.552819,-2.371746,90.712552,8.614301,3.216199,-0.004562
20.063527,41.935797,28.241681,1119.351527,-2.428920,90.720064,8.632953,3.222830,0.000189
20.062306,41.952149,28.175186,1115.146541,-2.488665,90.738171,8.658211,3.227296,0.008261
20.056734,41.967617,28.094768,1110.945816,-2.544082,90.740306,8.689641,3.229933,0.002249
20.065202,41.989172,28.019492,1106.730382,-2.606448,90.754036,8.706444,3.233060,-0.003059
20.060937,42.008914,27.936897,1102.521300,-2.653612,90.754871,8.723622,3.250709,-0.006173
20.063911,42.013235,27.867344,1098.320572,-2.702735,90.766628,8.765240,3.266360,-0.004939
20.060500,42.027128,27.795138,1094.116058,-2.742315,90.775843,8.789779,3.279680,0.000208
20.057986,42.047492,27.711072,1089.907695,-2.791510,90.783870,8.823136,3.283432,0.003833
20.054013,42.059758,27.633495,1085.677753,-2.840654,90.799548,8.847216,3.304675,-0.007518
20.062904,42.078462,27.552892,1081.448381,-2.881155,90.808081,8.889421,3.303826,0.001987
20.062251,42.090091,27.468684,1077.209838,-2.923923,90.814472,8.915275,3.321089,0.000216
20.063155,42.110836,27.380771,1072.970827,-2.951083,90.821739,8.946546,3.327060,-0.003751
20.063616,42.133242,27.302441,1068.719054,-2.988821,90.834786,8.983281,3.343150,-0.001823
20.058141,42.138797,27.213074,1064.451054,-3.018755,90.839986,9.021704,3.356548,0.003219
20.060978,42.150527,27.133159,1060.180809,-3.050458,90.856711,9.046714,3.372188,-0.007041
20.068761,42.169065,27.052552,1055.886850,-3.079686,90.869676,9.087723,3.382782,-0.006150
20.058697,42.181260,26.964621,1051.589347,-3.101210,90.876289,9.124341,3.398833,-0.003486
20.044731,42.201167,26.882697,1047.273933,-3.134576,90.884738,9.164589,3.407359,-0.016895
20.065276,42.215795,26.792439,1042.947891,-3.151336,90.902558,9.195206,3.417665,-0.000839
20.065264,42.225556,26.698057,1038.600055,-3.152011,90.896950,9.224447,3.435865,0.003914
20.056727,42.240295,26.623716,1034.251633,-3.177547,90.911348,9.251308,3.458862,0.001159
20.058987,42.265592,26.525293,1029.875686,-3.191593,90.918248,9.296770,3.451261,0.008371
20.057184,42.271299,26.452220,1025.476941,-3.192441,90.937301,9.325898,3.477515,0.008192
20.054108,42.285079,26.356665,1021.071178,-3.196962,90.943190,9.355229,3.486317,0.007637
20.062849,42.303531,26.280164,1016.657436,-3.212699,90.942419,9.406945,3.498706,0.000180
20.057073,42.312798,26.201795,1012.221932,-3.214037,90.967805,9.415141,3.507612,0.000645
20.052925,42.336050,26.117283,1007.753203,-3.201861,90.974364,9.454220,3.528830,-0.002685
20.051471,42.358403,26.021986,1003.295438,-3.217705,90.972996,9.475919,3.526560,-0.005959
20.050410,42.357780,25.942753,998.799592,-3.200245,90.990171,9.502714,3.535986,-0.006507
0.049205,0.041443,59.919193,5039.007974,-0.556653,45.000422,2.033462,0.762440,-0.005757
0.105070,0.097231,59.850022,5038.010629,-0.607506,44.998084,2.051841,0.769393,-0.004753
0.145728,0.136637,59.761883,5037.013365,-0.657790,44.999964,2.077347,0.772043,-0.004082
0.190707,0.180353,59.665659,5036.025687,-0.720386,45.001988,2.099608,0.786388,-0.001773
0.238329,0.239275,59.579339,5035.014443,-0.761877,45.014373,2.125068,0.792527,0.001105
0.276465,0.287064,59.468570,5034.031552,-0.815857,45.000917,2.156252,0.806138,0.002405
0.342160,0.330028,59.351585,5033.020441,-0.867795,45.002217,2.192589,0.810656,0.008086
0.380419,0.379212,59.234602,5031.995591,-0.925846,45.002939,2.231035,0.838429,0.001498
0.432066,0.426703,59.126468,5030.981202,-0.973078,44.994443,2.269932,0.849958,-0.001554
0.470901,0.470974,58.991682,5029.957608,-1.017529,45.002721,2.318641,0.856591,0.007801
0.521997,0.529267,58.840960,5028.908800,-1.070662,45.005889,2.354404,0.872935,-0.000691
0.576542,0.577539,58.713343,5027.864242,-1.113491,45.002289,2.398218,0.888584,-0.002267
0.621195,0.614154,58.556467,5026.794633,-1.162125,45.012912,2.447567,0.921313,-0.001413
0.666826,0.659726,58.392405,5025.706872,-1.209433,45.008350,2.509760,0.931301,-0.006153
0.713940,0.711857,58.233182,5024.599546,-1.252801,45.012308,2.548240,0.944138,-0.002125
0.760189,0.769057,58.057505,5023.471644,-1.300040,45.009165,2.618365,0.975565,0.005598
0.809322,0.805741,57.889483,5022.335407,-1.342429,45.007535,2.686860,1.005148,-0.003143
0.853841,0.857681,57.710447,5021.160962,-1.385224,45.017410,2.752036,1.021228,-0.009767
0.894915,0.908207,57.521994,5019.949935,-1.425234,45.014239,2.814966,1.050223,-0.002321
0.946431,0.957994,57.344621,5018.716063,-1.466889,45.012231,2.901539,1.092679,-0.004143
0.996589,1.006995,57.141667,5017.454687,-1.505925,45.012107,2.990144,1.111448,0.006189
1.040041,1.040413,56.943397,5016.136536,-1.537198,45.011259,3.058408,1.137458,-0.003305
1.097217,1.092569,56.736413,5014.805442,-1.579536,45.016537,3.146491,1.175532,-0.003811
1.141248,1.145957,56.537714,5013.425146,-1.614519,45.023427,3.247460,1.210732,-0.005732
1.185978,1.183156,56.307395,5011.997772,-1.634701,45.014982,3.343073,1.255076,-0.000945
1.234262,1.239627,56.098568,5010.522368,-1.675064,45.016112,3.448615,1.280122,0.002090
1.281664,1.287778,55.876181,5008.988849,-1.707951,45.021027,3.550114,1.324426,-0.001940
1.330009,1.324567,55.651363,5007.421049,-1.736509,45.030617,3.671587,1.369486,0.002205
1.372575,1.383556,55.419391,5005.786345,-1.761618,45.029963,3.778726,1.412770,0.001821
1.422356,1.419569,55.181789,5004.083858,-1.769450,45.035404,3.898506,1.455964,-0.003645
1.467526,1.478802,54.959977,5002.323760,-1.811328,45.027018,4.024799,1.501354,0.001458
1.513921,1.518805,54.716714,5000.496842,-1.830385,45.021993,4.169084,1.550009,0.001020
1.564112,1.576323,54.475933,4998.602522,-1.849614,45.033796,4.296587,1.602641,0.005223
1.609350,1.615120,54.233568,4996.620588,-1.863817,45.036904,4.452371,1.659185,-0.000854
1.654899,1.662326,53.984028,4994.554892,-1.877273,45.041388,4.599600,1.715604,-0.002130
1.694725,1.707776,53.737645,4992.436487,-1.885390,45.038072,4.754529,1.779839,-0.008425
1.755801,1.758814,53.497519,4990.193241,-1.891989,45.041204,4.918383,1.836809,-0.002189
1.803324,1.800892,53.243739,4987.870264,-1.895193,45.043771,5.094946,1.890012,-0.000629
1.850642,1.850010,52.993993,4985.460278,-1.900744,45.042664,5.264273,1.962769,0.005235
1.894306,1.898637,52.749119,4982.937549,-1.890808,45.051642,5.439826,2.025338,-0.007464
1.945412,1.946616,52.517685,4980.337914,-1.899202,45.044103,5.639885,2.097109,-0.000875
1.992490,1.990742,52.253351,4977.598965,-1.885684,45.061482,5.829903,2.166138,0.003283
2.044740,2.047280,52.020065,4974.780202,-1.879184,45.047443,6.015412,2.246258,0.000728
2.083151,2.092301,51.777129,4971.832943,-1.847036,45.068577,6.220469,2.321832,0.000054
2.131077,2.124057,51.541433,4968.757073,-1.844611,45.059686,6.433152,2.389923,0.001777
2.176271,2.183191,51.300734,4965.567378,-1.825043,45.049814,6.644822,2.471067,-0.005200
2.219565,2.226211,51.071148,4962.253821,-1.797923,45.070138,6.843891,2.541931,-0.002994
2.268200,2.268122,50.834796,4958.811843,-1.773708,45.071588,7.070702,2.639614,-0.001839
2.320192,2.321189,50.606297,4955.252161,-1.739528,45.070456,7.277353,2.705713,0.009378
2.368611,2.373551,50.382529,4951.549836,-1.700808,45.075193,7.510978,2.789694,-0.005120
2.414052,2.415368,50.161446,4947.727055,-1.664079,45.077342,7.724306,2.884776,0.001168
2.457173,2.451746,49.950988,4943.752507,-1.620471,45.082151,7.949964,2.966872,0.003391
2.504002,2.516132,49.758100,4939.652158,-1.561250,45.089892,8.163802,3.043775,-0.005549
2.550117,2.550108,49.542061,4935.419772,-1.567728,45.176786,8.393631,3.118248,47.011517
2.599234,2.606634,49.339499,4931.066976,-1.547268,45.301798,8.607960,3.209838,46.995254
2.646115,2.645721,49.146776,4926.569245,-1.547099,45.419565,8.853638,3.296605,46.998447
2.696171,2.696782,48.948556,4921.967998,-1.535459,45.543334,9.080669,3.377030,46.989165
2.741726,2.744360,48.753271,4917.198268,-1.513423,45.654029,9.323385,3.478238,46.999226
2.776330,2.783764,48.552283,4912.317357,-1.507301,45.781587,9.551823,3.552055,47.006991
2.824957,2.837868,48.367278,4907.290615,-1.472377,45.907180,9.810054,3.646821,47.005066
2.871246,2.886667,48.179648,4902.111012,-1.459065,46.034174,10.038992,3.742327,46.998558
2.923592,2.931133,47.997183,4896.800903,-1.435699,46.169923,10.279078,3.830908,47.004366
2.965388,2.984928,47.807489,4891.346873,-1.394037,46.300370,10.523206,3.923533,46.998037
3.012894,3.028148,47.633953,4885.761230,-1.366160,46.449422,10.764592,4.005069,47.007973
3.056283,3.074921,47.466689,4880.018655,-1.326201,46.590051,10.995993,4.086569,46.997666
3.102498,3.126690,47.289015,4874.130162,-1.299614,46.737417,11.231106,4.179084,46.997297
3.154039,3.163467,47.128318,4868.124992,-1.244801,46.883922,11.459849,4.273910,47.002700
3.191078,3.211233,46.970395,4861.969213,-1.217066,47.042593,11.704255,4.350917,47.006446
3.233883,3.270158,46.825651,4855.667158,-1.157729,47.200353,11.901569,4.431583,47.003582
3.272515,3.319310,46.673863,4849.247573,-1.106993,47.349563,12.120618,4.510110,46.996092
3.316640,3.367668,46.533687,4842.695418,-1.066277,47.516196,12.326985,4.587260,47.003262
3.369787,3.401499,46.401282,4836.008114,-1.023829,47.677550,12.526596,4.659839,46.996884
3.403780,3.458123,46.290502,4829.204147,-0.964451,47.856520,12.707964,4.738649,47.003634
3.452589,3.512376,46.163379,4822.291432,-0.898723,48.016072,12.887794,4.797862,47.005669
3.498099,3.561059,46.055575,4815.274813,-0.842076,48.196909,13.048094,4.866397,46.999834
3.537408,3.598283,45.951093,4808.143047,-0.784072,48.372567,13.192227,4.916004,47.001146
3.586264,3.653444,45.868258,4800.930352,-0.713515,48.535551,13.333440,4.966153,47.009376
3.613850,3.687743,45.769643,4793.618511,-0.655515,48.732814,13.452028,5.010894,46.996363
3.670426,3.743678,45.694892,4786.222930,-0.580889,48.905848,13.559640,5.056950,46.997407
3.719023,3.806798,45.624499,4778.763162,-0.532335,49.091898,13.649976,5.077520,46.994941
3.737938,3.847736,45.562727,4771.232915,-0.453253,49.266043,13.739520,5.115809,47.006786
3.799524,3.884645,45.502902,4763.643153,-0.383039,49.459543,13.783601,5.137100,46.997785
3.830759,3.948395,45.463447,4756.028204,-0.306413,49.648750,13.827606,5.150336,47.006562
3.874620,3.985352,45.426187,4748.365720,-0.244603,49.836456,13.847451,5.155362,47.000622
3.911756,4.038075,45.411056,4740.681123,-0.174714,50.022443,13.858215,5.164835,47.000034
3.942443,4.086547,45.382733,4732.968082,-0.113968,50.215928,13.848538,5.161176,47.000544
3.999373,4.125237,45.377388,4725.262533,-0.049787,50.388387,13.819471,5.148888,47.004431
4.029184,4.186982,45.381087,4717.549005,0.019599,50.589599,13.775624,5.130604,47.005808
4.077183,4.237058,45.387788,4709.843054,0.086235,50.768972,13.727870,5.116496,47.010512
4.103799,4.277918,45.403954,4702.161650,0.163886,50.954453,13.651875,5.079208,46.998421
4.151373,4.331309,45.421352,4694.517116,0.230852,51.149702,13.559501,5.057887,47.007137
4.191154,4.377036,45.452562,4686.897862,0.287609,51.331115,13.463907,5.011323,46.997500
4.238808,4.426697,45.486844,4679.336944,0.352895,51.516157,13.330772,4.969780,47.005160
4.273157,4.483069,45.532877,4671.803405,0.409144,51.701860,13.211242,4.917647,47.003510
4.322345,4.535003,45.593236,4664.370529,0.467888,51.881703,13.068888,4.872401,46.994425
4.346701,4.577067,45.652427,4656.976253,0.538603,52.057311,12.920098,4.810578,47.005244
4.383653,4.628918,45.717347,4649.662535,0.583732,52.243635,12.750392,4.749853,47.004509
4.420718,4.673121,45.797672,4642.426880,0.627139,52.416464,12.581249,4.676291,46.992035
4.456435,4.726703,45.868097,4635.272844,0.689329,52.592800,12.409987,4.620874,47.004776
4.498591,4.768975,45.947398,4628.215067,0.727628,52.753018,12.217724,4.552390,47.003946
4.539473,4.823974,46.048893,4621.258655,0.778820,52.922335,12.014725,4.476311,47.003489
4.581089,4.874859,46.155234,4614.371836,0.826934,53.091774,11.834875,4.409221,47.008773
4.617000,4.919664,46.253782,4607.615117,0.860143,53.261846,11.634347,4.326365,47.003181
4.648885,4.967573,46.350561,4600.942962,0.901516,53.429798,11.413647,4.251266,47.001842
4.690756,5.021311,46.473642,4594.388931,0.939185,53.583574,11.209575,4.179976,46.996392
4.727947,5.080226,46.588222,4587.943390,0.963889,53.744658,11.014124,4.098539,46.997454
4.750858,5.119978,46.687927,4581.604925,0.996478,53.894826,10.804863,4.023894,46.995299
4.791110,5.160583,46.816191,4575.358933,1.027436,54.047311,10.583795,3.934461,46.994313
4.824658,5.221228,46.939329,4569.258169,1.046862,54.210608,10.370386,3.869441,47.002473
4.866864,5.268017,47.072738,4563.261421,1.066609,54.351912,10.155844,3.783579,46.997516
4.898326,5.323640,47.193898,4557.357603,1.088840,54.480031,9.951452,3.712066,47.005799
4.936730,5.370881,47.329461,4551.574830,1.107416,54.627063,9.754670,3.634481,47.002623
4.967777,5.417551,47.460990,4545.908376,1.107151,54.766776,9.550083,3.558303,46.993900
5.011757,5.471130,47.592744,4540.343970,1.126606,54.899056,9.344677,3.489594,46.994873
5.042946,5.523490,47.733627,4534.883730,1.132486,55.040234,9.148748,3.412823,46.992851
5.068031,5.569730,47.854477,4529.547443,1.141909,55.165575,8.958363,3.333776,47.004223
5.105453,5.615494,47.995223,4524.302142,1.136116,55.288009,8.776840,3.261869,46.995428
5.153102,5.665255,48.133445,4519.171638,1.142872,55.419984,8.586622,3.192816,46.996467
5.184525,5.715183,48.268302,4514.125423,1.133937,55.546667,8.409868,3.136968,46.999984
5.213560,5.776296,48.400328,4509.199811,1.122964,55.666723,8.228944,3.063466,46.996205
5.246935,5.821251,48.529957,4504.367527,1.127354,55.778995,8.063174,3.003880,47.002891
5.280873,5.874444,48.646051,4499.620736,1.106698,55.902649,7.898358,2.952766,46.994503
5.316556,5.918547,48.795260,4494.962569,1.092970,56.021783,7.734353,2.884817,47.001043
5.348273,5.968588,48.915740,4490.408953,1.087053,56.143431,7.585853,2.827408,47.002771
5.389397,6.018963,49.049033,4485.937437,1.063030,56.247543,7.439286,2.776589,46.996724
5.411083,6.068886,49.164895,4481.565355,1.053225,56.348417,7.296739,2.721893,47.006826
5.446369,6.124588,49.285725,4477.256831,1.018726,56.464294,7.158581,2.658915,46.997366
5.483393,6.170471,49.408038,4473.039758,1.011924,56.562152,7.018671,2.624005,46.999150
5.515070,6.221267,49.528331,4468.899744,0.987922,56.669339,6.899790,2.580559,47.003735
5.540997,6.263766,49.638928,4464.838550,0.953427,56.771541,6.777636,2.527647,46.992818
5.573518,6.323557,49.759907,4460.848703,0.933840,56.871291,6.662708,2.476726,47.002903
5.611026,6.376116,49.856495,4456.925086,0.902172,56.964245,6.558748,2.444596,46.995765
5.650854,6.414745,49.955090,4453.068792,0.867823,57.062008,6.446369,2.401351,47.005685
5.678197,6.477091,50.051861,4449.284459,0.835774,57.165241,6.343426,2.373554,47.007962
5.708006,6.524759,50.153173,4445.561814,0.794083,57.256151,6.259675,2.327557,46.991348
5.743079,6.582764,50.247668,4441.891133,0.765388,57.351443,6.158550,2.288703,46.992892
5.769131,6.625441,50.335070,4438.280641,0.727031,57.451747,6.070840,2.258904,46.992057
5.799860,6.669042,50.410200,4434.734207,0.686963,57.527618,5.987807,2.229870,46.994316
5.839699,6.720082,50.484083,4431.235083,0.652598,57.639684,5.924224,2.203814,47.000798
5.869098,6.781668,50.568095,4427.790207,0.605411,57.722878,5.842427,2.175305,46.987834
5.898891,6.820062,50.628801,4424.390841,0.569599,57.802147,5.788580,2.156314,46.993988
5.924870,6.879626,50.697441,4421.032897,0.538184,57.904249,5.725947,2.135922,46.992535
5.958953,6.924533,50.750717,4417.720021,0.485758,57.981866,5.674893,2.122242,47.004278
6.003263,6.979728,50.804471,4414.444823,0.440684,58.068606,5.614267,2.091703,47.002157
6.013570,7.029274,50.861853,4411.210435,0.399258,58.159278,5.568303,2.075031,47.000121
6.067333,7.073935,50.901051,4408.016155,0.359191,58.240957,5.528532,2.059611,46.999954
6.085179,7.114737,50.947801,4404.843803,0.345482,58.248211,5.488957,2.043558,0.002491
6.116686,7.179348,50.980700,4401.699386,0.333217,58.247376,5.454377,2.034896,-0.005921
6.150695,7.229479,51.014707,4398.578706,0.322125,58.251319,5.421633,2.016968,-0.003690
6.181424,7.276638,51.051640,4395.492650,0.305791,58.268903,5.379065,2.005380,0.004083
6.212349,7.336986,51.097009,4392.417273,0.282402,58.268988,5.349518,1.995773,-0.000677
6.238702,7.373893,51.121001,4389.364775,0.273758,58.273644,5.322879,1.986231,0.001743
6.277334,7.421870,51.155214,4386.339124,0.254288,58.290702,5.273969,1.970342,0.003951
6.297637,7.478175,51.178183,4383.327017,0.234715,58.291615,5.261155,1.965445,0.005829
6.341766,7.527539,51.204327,4380.345068,0.218456,58.302385,5.235132,1.936016,0.001113
6.370029,7.581166,51.221945,4377.364746,0.206165,58.316796,5.205054,1.946081,0.000421
6.396734,7.620309,51.255150,4374.415020,0.192660,58.312311,5.182648,1.934646,0.009441
6.433190,7.671104,51.260012,4371.473984,0.158159,58.323827,5.154763,1.922659,-0.010831
6.456306,7.725526,51.293027,4368.545013,0.150706,58.326531,5.147785,1.906621,0.005331
6.487166,7.770273,51.299611,4365.647097,0.126159,58.337233,5.123079,1.910738,0.012380
6.522062,7.824199,51.318537,4362.771269,0.099529,58.348075,5.106071,1.899327,-0.003173
6.558177,7.885445,51.331704,4359.890462,0.079734,58.359648,5.091002,1.898814,-0.004684
6.578833,7.933548,51.346508,4357.032991,0.064938,58.356220,5.077084,1.900877,-0.009228
6.614902,7.980569,51.343307,4354.171404,0.037590,58.360243,5.061565,1.886280,-0.002481
6.643014,8.028952,51.350785,4351.345603,0.025146,58.375031,5.056540,1.882446,0.009504
6.678290,8.082579,51.349091,4348.512162,-0.006684,58.379405,5.049503,1.882989,0.004120
6.705034,8.130489,51.351044,4345.697120,-0.026630,58.387694,5.047209,1.885351,0.002263
6.734785,8.185697,51.334230,4342.885885,-0.044954,58.405950,5.047147,1.874978,0.006374
6.771993,8.230343,51.334712,4340.076443,-0.065617,58.404082,5.037564,1.876749,-0.002999
6.790457,8.283501,51.329063,4337.290191,-0.090142,58.408887,5.035834,1.878569,-0.002260
6.823396,8.331005,51.323221,4334.505551,-0.111472,58.420566,5.045276,1.867718,-0.001591
6.861656,8.377526,51.299592,4331.709142,-0.138136,58.420425,5.041731,1.871674,-0.001678
6.886117,8.429633,51.284205,4328.928639,-0.159200,58.436924,5.045046,1.888480,0.004237
6.908318,8.478310,51.273077,4326.149898,-0.181731,58.425468,5.060531,1.887576,-0.005765
6.950927,8.532473,51.253830,4323.355041,-0.214114,58.444381,5.067410,1.875858,0.001830
6.978117,8.587706,51.219264,4320.586769,-0.231458,58.446696,5.081934,1.898551,-0.000180
7.004465,8.626267,51.202852,4317.794744,-0.249043,58.458952,5.096114,1.902949,0.001183
7.033821,8.672183,51.164220,4315.014289,-0.258732,58.468010,5.105600,1.903440,-0.001674
7.077067,8.723310,51.132016,4312.231766,-0.295563,58.472765,5.121619,1.914454,-0.005919
7.097020,8.773998,51.100970,4309.440902,-0.313488,58.488898,5.149593,1.919913,0.003006
7.124814,8.829259,51.065278,4306.638119,-0.337263,58.489874,5.156214,1.921255,-0.005400
7.149274,8.876966,51.018765,4303.840370,-0.362519,58.502210,5.191803,1.937770,0.004601
7.184348,8.933116,50.980229,4301.034530,-0.391822,58.501413,5.209524,1.939636,-0.010764
7.217398,8.974959,50.928340,4298.211465,-0.401568,58.514638,5.231697,1.948418,0.002716
7.245789,9.016491,50.884461,4295.373665,-0.424526,58.517075,5.255802,1.953870,0.000443
7.276643,9.069106,50.845821,4292.546699,-0.450529,58.534695,5.285672,1.972056,-0.002674
7.308650,9.117547,50.780250,4289.687601,-0.467887,58.539081,5.331724,1.981100,0.000724
7.335923,9.178922,50.728271,4286.827193,-0.479792,58.546091,5.349290,1.996435,0.002087
7.357976,9.228381,50.682523,4283.946254,-0.507114,58.553526,5.392453,2.008513,0.003789
7.404627,9.277755,50.623119,4281.055026,-0.521641,58.556918,5.426895,2.019991,0.005209
7.423193,9.319059,50.560402,4278.147316,-0.539934,58.571073,5.470689,2.034737,0.002903
7.452041,9.369788,50.499216,4275.211495,-0.550169,58.575132,5.504665,2.050506,-0.000393
7.490711,9.430940,50.439618,4272.268285,-0.563809,58.589772,5.549616,2.074967,0.001783
7.525958,9.461300,50.374830,4269.319512,-0.583284,58.592840,5.582283,2.081122,-0.012997
7.536728,9.519116,50.315368,4266.332773,-0.590957,58.598055,5.631042,2.095711,0.002466
7.590048,9.564592,50.239659,4263.319311,-0.605662,58.617056,5.677539,2.116759,-0.008807
7.607254,9.620085,50.183208,4260.288388,-0.623200,58.618074,5.726025,2.123790,-0.008364
7.647426,9.657786,50.102521,4257.231663,-0.631385,58.632246,5.772478,2.153093,-0.001286
7.659815,9.718513,50.037404,4254.152773,-0.643971,58.636419,5.817361,2.163105,-0.005987
7.695383,9.758204,49.957875,4251.053898,-0.651029,58.648032,5.861573,2.188041,0.005927
7.719573,9.808872,49.880046,4247.929357,-0.671237,58.662776,5.924502,2.207517,0.001574
7.754920,9.858311,49.813312,4244.777097,-0.666454,58.660138,5.981733,2.223741,0.004690
7.782732,9.908556,49.733298,4241.575646,-0.675832,58.673686,6.035286,2.249212,-0.000957
7.824841,9.954221,49.655239,4238.369834,-0.683993,58.678772,6.076764,2.260519,-0.002008
7.842256,10.005740,49.597938,4235.119311,-0.687714,58.684546,6.149003,2.276479,-0.009342
7.871720,10.059505,49.514550,4231.842861,-0.692542,58.686979,6.201550,2.309270,-0.008887
7.904690,10.105663,49.438897,4228.541230,-0.701667,58.700411,6.255560,2.323360,0.001907
7.939069,10.158749,49.361301,4225.205812,-0.688430,58.715362,6.295767,2.354461,0.008734
7.959277,10.201006,49.281418,4221.843589,-0.694047,58.728696,6.379454,2.371594,-0.000343
7.992384,10.258650,49.196221,4218.451638,-0.694964,58.729110,6.427763,2.397459,-0.001911
8.019268,10.310412,49.114702,4215.009214,-0.690574,58.742477,6.488484,2.425969,-0.006978
8.041264,10.347958,49.041072,4211.540091,-0.690665,58.746247,6.551399,2.440383,-0.006719
8.079143,10.404471,48.977932,4208.034206,-0.678147,58.748858,6.614410,2.461732,0.000773
8.113334,10.451047,48.899248,4204.502113,-0.671563,58.761114,6.674230,2.481106,-0.007095
8.140037,10.492307,48.823874,4200.938678,-0.676282,58.782995,6.728431,2.500107,0.001733
8.163692,10.539680,48.750656,4197.320066,-0.672757,58.792966,6.785986,2.530491,-0.004513
8.202780,10.595577,48.681748,4193.686826,-0.657569,58.792227,6.837782,2.556182,-0.008310
8.227173,10.642560,48.608746,4190.024431,-0.650404,58.796127,6.900410,2.570436,-0.003508
8.253569,10.690904,48.531194,4186.295456,-0.640274,58.810300,6.959763,2.582154,-0.006360
8.283220,10.749208,48.467344,4182.565616,-0.636442,58.815502,7.010806,2.612875,-0.000705
8.314346,10.791175,48.401265,4178.789426,-0.616148,58.824100,7.072656,2.630986,0.008315
8.332320,10.838247,48.328935,4174.972544,-0.593849,58.833802,7.118299,2.648546,0.001770
8.370607,10.891341,48.267429,4171.134007,-0.598313,58.852360,7.169634,2.660853,-0.006882
8.394078,10.930110,48.202810,4167.248872,-0.567176,58.849652,7.213021,2.689968,0.007694
8.429784,10.978625,48.131548,4163.346666,-0.555736,58.863137,7.275412,2.708943,0.008830
8.464047,11.036463,48.082126,4159.404361,-0.540465,58.873899,7.321982,2.732220,0.008355
8.479633,11.079027,48.025426,4155.435924,-0.524305,58.878443,7.364129,2.741433,-0.000197
8.510968,11.128478,47.964778,4151.437708,-0.497078,58.887208,7.412822,2.762128,0.005515
8.547072,11.179004,47.914504,4147.417211,-0.476025,58.895723,7.453554,2.780223,-0.004293
8.568019,11.218706,47.863770,4143.362940,-0.468924,58.905271,7.492350,2.788081,0.003365
8.596556,11.258477,47.820130,4139.280411,-0.445648,58.912979,7.527572,2.802244,-0.011049
8.628843,11.313249,47.774331,4135.171506,-0.423997,58.930384,7.562047,2.817926,0.000812
8.652871,11.367999,47.718674,4131.036320,-0.390751,58.932272,7.590116,2.829738,0.003922
8.676521,11.399725,47.676166,4126.886938,-0.375531,58.935567,7.628726,2.842144,-0.000465
8.711722,11.455729,47.649109,4122.711018,-0.355165,58.944396,7.650774,2.847911,-0.000146
8.735034,11.505317,47.611759,4118.515988,-0.326741,58.964066,7.669926,2.855515,0.006847
8.773747,11.563018,47.575195,4114.301961,-0.307851,58.976816,7.697393,2.860251,0.003967
8.803299,11.597087,47.533608,4110.066857,-0.275415,58.979276,7.718257,2.873241,0.002825
8.822397,11.654081,47.522452,4105.824359,-0.256150,58.991203,7.731683,2.871420,-0.002022
8.862926,11.699778,47.479531,4101.566236,-0.235607,58.998833,7.732284,2.881930,-0.004624
8.883565,11.745971,47.470426,4097.283664,-0.201999,59.008979,7.755529,2.881761,-0.000762
8.910903,11.800448,47.441871,4093.001470,-0.170854,59.013120,7.755481,2.892086,0.000478
8.945129,11.841734,47.422735,4088.717126,-0.156663,59.020163,7.759752,2.884745,0.007903
8.978282,11.882066,47.411182,4084.405308,-0.127324,59.034115,7.754688,2.885916,0.006807
8.993076,11.935829,47.396687,4080.109340,-0.104385,59.043809,7.755283,2.888261,-0.002214
9.035664,11.986465,47.391691,4075.793061,-0.073467,59.045362,7.750837,2.886946,-0.002842
9.053122,12.026827,47.384220,4071.493060,-0.049968,59.068350,7.741900,2.879933,-0.008725
9.079562,12.077592,47.367396,4067.173102,-0.025294,59.079394,7.728704,2.887729,-0.001806
9.106455,12.129678,47.377523,4062.866823,0.002550,59.080029,7.709035,2.875840,-0.008194
9.123254,12.173049,47.374736,4058.553865,0.024211,59.088080,7.699400,2.868683,-0.003527
9.174485,12.220850,47.384113,4054.266045,0.036004,59.103370,7.673542,2.858983,-0.001318
9.192283,12.271584,47.389609,4049.962585,0.061499,59.116565,7.655510,2.842988,0.008901
9.220988,12.314089,47.393210,4045.674391,0.081098,59.123593,7.627607,2.839973,0.003252
9.250443,12.356070,47.409301,4041.384491,0.102659,59.137945,7.606874,2.830414,0.005892
9.268901,12.411693,47.415647,4037.127012,0.125057,59.145071,7.578527,2.827027,-0.007677
9.309848,12.459912,47.435728,4032.866321,0.147200,59.153806,7.542796,2.807694,-0.006145
9.328507,12.500172,47.449281,4028.613330,0.153192,59.157757,7.519555,2.791100,0.001704
9.358125,12.549972,47.458254,4024.389246,0.185336,59.167897,7.477580,2.787084,-0.008079
9.379959,12.588518,47.481479,4020.164011,0.198242,59.180489,7.438348,2.760159,-0.000608
9.404440,12.648591,47.503606,4015.973218,0.207343,59.182765,7.408966,2.753513,-0.005221
9.447995,12.691521,47.529499,4011.793188,0.224826,59.194461,7.359601,2.736497,-0.007920
9.473924,12.740844,47.547156,4007.628262,0.243280,59.212775,7.324866,2.730893,0.000069
9.491163,12.790170,47.562486,4003.476076,0.264290,59.199611,7.288870,2.721261,-2.001682
9.517825,12.823876,47.610111,3999.354279,0.267686,59.223960,7.231788,2.693217,-1.997189
9.545618,12.877559,47.632240,3995.265146,0.284222,59.210617,7.193720,2.672096,-1.995714
9.579897,12.926951,47.667659,3991.183770,0.292908,59.222451,7.140319,2.661701,-2.003797
9.619606,12.956332,47.697511,3987.119615,0.304907,59.229044,7.106126,2.646363,-1.996377
9.630608,13.006017,47.725237,3983.094878,0.303849,59.234698,7.053987,2.628963,-1.996989
9.674447,13.061360,47.767262,3979.089052,0.305847,59.237915,7.016631,2.602341,-2.003995
9.685524,13.100745,47.794191,3975.098791,0.322484,59.244307,6.961126,2.586430,-2.000676
9.709312,13.158504,47.829303,3971.148252,0.328746,59.248996,6.922815,2.567090,-2.000709
9.739355,13.205916,47.860733,3967.207232,0.330437,59.254225,6.861226,2.555357,-1.998311
9.769772,13.248649,47.905074,3963.293831,0.335197,59.256747,6.822319,2.534557,-2.004958
9.797748,13.294408,47.937540,3959.409594,0.333295,59.265117,6.773827,2.520075,-1.996757
9.836591,13.332921,47.966975,3955.551541,0.334145,59.264819,6.727627,2.504691,-1.998180
9.839499,13.391623,48.001789,3951.725609,0.336489,59.262596,6.691204,2.493108,-2.000084
9.877354,13.424845,48.026228,3947.919348,0.328761,59.281288,6.635080,2.466124,-2.005489
9.903251,13.479038,48.069521,3944.141336,0.326829,59.277874,6.591550,2.454557,-2.007363
9.939875,13.519946,48.095821,3940.384343,0.311974,59.284098,6.556511,2.443031,-2.003506
9.958677,13.575532,48.130736,3936.641184,0.312771,59.291398,6.503510,2.419384,-2.001835
9.983081,13.610272,48.162383,3932.943396,0.317038,59.297866,6.464850,2.404511,-1.995735
10.012905,13.660609,48.198033,3929.263971,0.298137,59.297085,6.422220,2.391567,-1.991939
10.045190,13.707958,48.231171,3925.604060,0.294812,59.314031,6.397041,2.387152,-1.994403
10.061938,13.754819,48.261589,3921.970832,0.285636,59.309455,6.348953,2.372535,-2.002948
10.086336,13.797545,48.290185,3918.363031,0.277569,59.322467,6.314107,2.354306,-2.004354
10.112692,13.840584,48.315058,3914.772961,0.267837,59.324925,6.280444,2.341109,-2.010283
10.150909,13.880937,48.336671,3911.220930,0.249581,59.330410,6.237916,2.325190,-1.994608
10.160731,13.934600,48.368679,3907.680636,0.243206,59.332320,6.208158,2.310640,-1.999299
10.196042,13.978709,48.392757,3904.147640,0.227196,59.350151,6.183425,2.303157,-2.000018
10.226810,14.029759,48.415560,3900.655895,0.200584,59.351830,6.145494,2.287662,-1.992106
10.253566,14.073894,48.427589,3897.176340,0.188408,59.350047,6.125014,2.279383,-2.001403
10.275312,14.117520,48.453009,3893.718757,0.182327,59.361993,6.086495,2.262245,-1.995856
10.300983,14.169802,48.471274,3890.283669,0.161219,59.353183,6.058936,2.268019,-1.997300
10.327064,14.213232,48.491458,3886.858562,0.148187,59.374304,6.041337,2.248848,-2.004992
10.360063,14.256584,48.499964,3883.452314,0.130362,59.382074,6.025906,2.240775,-2.006126
10.382333,14.293546,48.509202,3880.069319,0.113013,59.377649,5.996533,2.230192,-2.002645
10.414363,14.340324,48.511310,3876.690611,0.095683,59.386953,5.978933,2.224267,-2.007662
10.437020,14.391279,48.533316,3873.338169,0.069946,59.390136,5.954677,2.220992,-1.997985
10.461635,14.435860,48.540088,3869.999458,0.041449,59.405450,5.950654,2.215300,-1.991707
10.488771,14.484955,48.543838,3866.665145,0.036480,59.403472,5.925580,2.210989,-2.001278
10.507849,14.529569,48.541200,3863.347194,0.013170,59.401714,5.928700,2.207961,-1.998493
10.542793,14.576182,48.544139,3860.046679,-0.005958,59.416529,5.909017,2.199029,-2.003623
10.571715,14.615825,48.541487,3856.743103,-0.031837,59.420599,5.899095,2.195847,-2.004294
10.597593,14.663025,48.527716,3853.454089,-0.051757,59.419790,5.890751,2.208273,-1.999211
10.627286,14.717273,48.525491,3850.185001,-0.080822,59.437989,5.900680,2.199231,-2.000582
10.650785,14.763738,48.516962,3846.909568,-0.092559,59.448120,5.896588,2.191176,-1.998260
10.672996,14.795788,48.501362,3843.651435,-0.117509,59.446179,5.896049,2.191337,-1.996866
10.702521,14.847753,48.488510,3840.391993,-0.149046,59.456690,5.900595,2.185747,-1.996369
10.726076,14.879082,48.476568,3837.143970,-0.168279,59.466945,5.891907,2.208520,-1.998222
10.745786,14.930990,48.450602,3833.896772,-0.192817,59.462596,5.896000,2.198272,-2.000531
10.783696,14.977167,48.430164,3830.641651,-0.222157,59.466474,5.901735,2.203628,-2.003685
10.801357,15.035992,48.415295,3827.404591,-0.234205,59.475199,5.923959,2.202167,-1.999508
10.831570,15.073246,48.388625,3824.155228,-0.264877,59.482422,5.930279,2.211368,-2.008093
10.859790,15.116612,48.359479,3820.905629,-0.298799,59.492790,5.935201,2.218475,-2.008187
10.883135,15.162512,48.331243,3817.659648,-0.302979,59.489436,5.950422,2.230329,-2.010589
10.910734,15.203882,48.297460,3814.397477,-0.328951,59.503747,5.972690,2.232260,-1.993290
10.935978,15.246180,48.267119,3811.154848,-0.340738,59.496080,5.998560,2.236865,-1.994688
10.964126,15.290216,48.232578,3807.886708,-0.373672,59.507781,6.011925,2.232885,-1.999338
10.978841,15.340218,48.188548,3804.620562,-0.385637,59.522191,6.034345,2.245281,-1.995662
11.016458,15.393996,48.151597,3801.346991,-0.412672,59.531257,6.055526,2.259262,-2.003414
11.029566,15.425902,48.115018,3798.062150,-0.434634,59.521469,6.084514,2.271551,-2.002425
11.059290,15.471034,48.057962,3794.772295,-0.450866,59.535280,6.097222,2.269900,-1.996868
11.093081,15.514472,48.020004,3791.473112,-0.473440,59.550623,6.136573,2.277476,-2.005704
11.109144,15.562410,47.977003,3788.156134,-0.486436,59.541443,6.168104,2.293771,-1.996465
11.141670,15.604906,47.928285,3784.831388,-0.494692,59.551182,6.196942,2.316444,-2.003337
11.164275,15.657820,47.873074,3781.479690,-0.528417,59.554230,6.222819,2.321784,-1.995811
11.188898,15.691139,47.826860,3778.129520,-0.538229,59.567686,6.262890,2.324554,-2.001351
11.215142,15.741974,47.767697,3774.756528,-0.552937,59.577011,6.301700,2.355776,-1.999688
11.247294,15.784224,47.710827,3771.367979,-0.574963,59.577273,6.334174,2.351719,-1.999162
11.275706,15.831765,47.652862,3767.957959,-0.587479,59.595168,6.384202,2.378832,-2.001554
11.290780,15.875138,47.596310,3764.532716,-0.601558,59.585068,6.422054,2.391848,-2.000484
11.314445,15.917247,47.533510,3761.075885,-0.618510,59.603718,6.459712,2.406537,-2.002738
11.351696,15.959508,47.469211,3757.618019,-0.634185,59.609835,6.507166,2.428125,-1.994150
11.359190,16.003049,47.418482,3754.127055,-0.633943,59.607745,6.556073,2.448339,-2.006272
11.389733,16.059464,47.344088,3750.615944,-0.639842,59.625056,6.609095,2.460082,-1.996104
11.409996,16.096228,47.281419,3747.079691,-0.651976,59.623897,6.651980,2.482894,-2.001193
11.444535,16.134066,47.219836,3743.518720,-0.664188,59.630827,6.697051,2.494998,-2.003617
11.474186,16.181062,47.148751,3739.935044,-0.675549,59.637327,6.747108,2.514082,-1.987191
11.500933,16.224279,47.090983,3736.313208,-0.680688,59.641397,6.786140,2.531475,-2.000294
11.522743,16.270982,47.030316,3732.685281,-0.684104,59.656021,6.842578,2.541699,-2.005661
11.544452,16.319782,46.954348,3729.014485,-0.692342,59.655773,6.897455,2.573633,-1.999829
11.575894,16.362728,46.892078,3725.335168,-0.685401,59.659856,6.951815,2.595525,-1.996537
11.592858,16.395486,46.827748,3721.608079,-0.681943,59.666636,7.005973,2.612777,-2.004197
11.625525,16.444268,46.747272,3717.840150,-0.693064,59.676225,7.058046,2.620251,-1.998824
11.651168,16.486224,46.689687,3714.080727,-0.685810,59.672398,7.101891,2.647584,-1.994580
11.676362,16.538824,46.617503,3710.264328,-0.694818,59.685709,7.160635,2.676401,-1.990365
11.704911,16.587015,46.547433,3706.427730,-0.685976,59.688013,7.209654,2.688657,-1.995446
11.728386,16.619570,46.486120,3702.557742,-0.695561,59.691792,7.261300,2.709921,-1.997999
11.755689,16.663861,46.419670,3698.650796,-0.677534,59.700361,7.311167,2.719157,-2.003153
11.765338,16.707254,46.354224,3694.727000,-0.671011,59.701592,7.372202,2.744753,-2.010440
11.799378,16.752474,46.286187,3690.759565,-0.678516,59.705909,7.411128,2.764641,-1.993034
11.831699,16.797341,46.218302,3686.775495,-0.664553,59.719186,7.459841,2.781255,-1.997051
11.848328,16.832609,46.159801,3682.748948,-0.649076,59.717360,7.526264,2.813874,-2.002866
11.872718,16.890838,46.092831,3678.691836,-0.644813,59.725072,7.580542,2.815363,-2.010468
11.904837,16.917446,46.039273,3674.612816,-0.631892,59.727801,7.619501,2.846441,-2.001377
11.929498,16.972337,45.974442,3670.501230,-0.619446,59.726975,7.664702,2.854935,-2.007662
11.952815,17.005217,45.916760,3666.358619,-0.610159,59.744074,7.718141,2.883907,-2.006435
11.968739,17.062418,45.860735,3662.189281,-0.596816,59.756489,7.763064,2.886404,-2.002769
12.007311,17.098175,45.809608,3657.976450,-0.577315,59.747474,7.799433,2.908758,-1.997086
12.019348,17.140511,45.744353,3653.756340,-0.563273,59.760354,7.840359,2.905009,-1.998210
12.055784,17.193283,45.683332,3649.494334,-0.545722,59.767517,7.891159,2.931405,-1.998102
12.071747,17.223889,45.639297,3645.226794,-0.526997,59.760729,7.920853,2.957487,-1.998648
12.088464,17.275978,45.590031,3640.914622,-0.518334,59.763644,7.965396,2.966546,-2.000553
12.129085,17.311430,45.536637,3636.580288,-0.480167,59.779260,7.992529,2.975570,-1.996215
12.151711,17.363377,45.498573,3632.222003,-0.478629,59.786477,8.026038,2.992707,-1.997468
12.166579,17.390756,45.464076,3627.853227,-0.444556,59.783562,8.058432,2.997653,-2.005417
12.189971,17.445668,45.419155,3623.460472,-0.434204,59.787783,8.085324,3.020277,-1.996120
12.219070,17.489890,45.371254,3619.033903,-0.405887,59.804702,8.117481,3.025395,-2.001317
12.252617,17.525400,45.331741,3614.596276,-0.381761,59.799511,8.127157,3.019981,-2.000451
12.263187,17.566357,45.315185,3610.138273,-0.362284,59.805623,8.155327,3.033723,-1.995328
12.284238,17.620816,45.269312,3605.671205,-0.340358,59.814107,8.170179,3.045232,-2.010668
12.321525,17.662019,45.244839,3601.180796,-0.324115,59.814366,8.190001,3.051620,-1.998650
12.345147,17.702804,45.204873,3596.677324,-0.299941,59.820154,8.206228,3.054173,-1.998474
12.364922,17.734344,45.184887,3592.168498,-0.272687,59.825601,8.217612,3.057308,-2.002567
12.386451,17.786591,45.151497,3587.644464,-0.251185,59.831823,8.212074,3.054816,-2.005487
12.412233,17.831371,45.125726,3583.107629,-0.224619,59.843189,8.222411,3.071676,-2.001266
12.444151,17.875979,45.114065,3578.567627,-0.197641,59.855526,8.225659,3.070683,-2.004347
12.460831,17.914893,45.087127,3574.011582,-0.174230,59.853948,8.219564,3.062831,-2.002196
12.482056,17.950156,45.071915,3569.460765,-0.150701,59.853273,8.223821,3.062295,-2.006317
12.503657,17.998840,45.065770,3564.911989,-0.135446,59.845613,8.215424,3.058071,-2.000539
12.533434,18.044268,45.060032,3560.348626,-0.106771,59.858055,8.210816,3.058275,-2.000386
12.551471,18.078206,45.056439,3555.789311,-0.086940,59.866770,8.204398,3.051266,-2.004708
12.582374,18.120593,45.036529,3551.236929,-0.070855,59.870338,8.193211,3.052164,-2.003044
12.598099,18.166039,45.041762,3546.682204,-0.047082,59.870441,8.164564,3.052483,-1.997638
12.631595,18.211419,45.024668,3542.122152,-0.022997,59.887925,8.151655,3.048719,-1.991451
12.651987,18.254125,45.033796,3537.577241,0.000111,59.886347,8.146087,3.022075,-2.000903
12.677631,18.293810,45.026050,3533.030034,0.019427,59.883459,8.111436,3.017932,-1.998633
12.699149,18.338354,45.036738,3528.502394,0.029813,59.898119,8.097429,3.017003,-1.992523
12.730795,18.374862,45.038539,3523.976102,0.056747,59.910621,8.059922,3.010860,-1.997979
12.740628,18.421337,45.042853,3519.468843,0.065467,59.911785,8.031851,2.992905,-2.004056
12.774181,18.463603,45.055924,3514.948070,0.096061,59.921674,8.003799,2.993515,-1.995413
12.787127,18.496754,45.055467,3510.466146,0.104418,59.919953,7.975025,2.970722,-2.005842
12.812920,18.538016,45.059960,3505.989636,0.119543,59.924583,7.936605,2.954548,-2.001963
12.841661,18.590081,45.079044,3501.535835,0.136908,59.931142,7.899909,2.943866,-2.004963
12.862251,18.623437,45.095755,3497.075560,0.144722,59.940583,7.876476,2.924648,-1.994150
12.897441,18.667421,45.109061,3492.662766,0.161099,59.939906,7.832258,2.920212,-1.990582
12.910836,18.709429,45.134180,3488.234397,0.171041,59.951572,7.801745,2.906911,-2.001023
12.936296,18.759156,45.150670,3483.840514,0.184749,59.952721,7.771979,2.891551,-2.000758
12.954500,18.791803,45.156240,3479.466139,0.181533,59.962452,7.727167,2.873222,-1.985955
12.979798,18.837853,45.184437,3475.115592,0.213169,59.966675,7.685485,2.865230,-1.993232
13.005373,18.880981,45.199456,3470.780103,0.202275,59.963408,7.652433,2.844809,-2.004599
13.032046,18.915012,45.208316,3466.468667,0.214085,59.978516,7.599624,2.827464,-2.001519
13.050070,18.962516,45.234920,3462.155764,0.224069,59.976968,7.571707,2.818592,-2.002973
13.076181,18.999549,45.251666,3457.888364,0.226226,59.987051,7.525263,2.799122,-2.004730
13.097387,19.039668,45.275282,3453.629435,0.234723,59.986833,7.486484,2.793465,-2.012817
13.114191,19.087223,45.297525,3449.391357,0.223210,59.993106,7.451694,2.776587,-2.000335
13.147440,19.131076,45.317898,3445.186758,0.230352,59.996200,7.409031,2.760417,-1.994552
13.160711,19.154348,45.338610,3441.003478,0.231052,59.999456,7.380495,2.753895,-1.994823
13.186631,19.212623,45.360754,3436.832237,0.214282,60.013474,7.333095,2.732347,-1.996955
13.215593,19.248684,45.375432,3432.683607,0.232500,60.020452,7.296017,2.715268,-2.005021
13.229353,19.288188,45.400020,3428.578162,0.217667,60.027786,7.258098,2.706020,-2.006586
13.264549,19.326124,45.420752,3424.475013,0.198156,60.036250,7.213375,2.690555,-1.995381
13.282715,19.376753,45.432513,3420.398074,0.208422,60.033094,7.175557,2.689032,-2.007419
13.311598,19.412229,45.455714,3416.332604,0.198894,60.043815,7.153897,2.666325,-1.993811
13.323611,19.447800,45.475551,3412.293917,0.191340,60.050870,7.111016,2.641393,-1.994631
13.354945,19.486915,45.489102,3408.289300,0.184015,60.052109,7.084667,2.633614,-1.993963
13.378032,19.532118,45.504828,3404.293402,0.180402,60.059541,7.037959,2.614208,-2.000587
13.397493,19.569127,45.523980,3400.328915,0.163133,60.053771,7.012288,2.615623,-1.998630
13.423933,19.616227,45.541588,3396.378913,0.147780,60.063386,6.995248,2.608800,-1.992729
13.436487,19.655497,45.545558,3392.446215,0.142214,60.072399,6.954793,2.596038,-1.995198
13.464972,19.695273,45.545880,3388.532843,0.127382,60.087844,6.930591,2.583900,-1.995368
13.488382,19.741852,45.568055,3384.626857,0.105605,60.089495,6.903394,2.568645,-2.001789
13.509722,19.781961,45.575205,3380.761918,0.102671,60.093319,6.874234,2.559002,-2.004395
13.534819,19.820933,45.582596,3376.902947,0.078020,60.099308,6.855883,2.556224,-2.001698
13.544805,19.858338,45.583544,3373.061699,0.060330,60.104898,6.832134,2.553518,-2.003118
13.574684,19.897096,45.596033,3369.230883,0.047502,60.111482,6.808217,2.538131,-2.002394
13.595991,19.932674,45.604479,3365.414747,0.030584,60.131482,6.788525,2.523534,-1.996528
13.617801,19.974374,45.591155,3361.610458,0.000663,60.128849,6.784233,2.525810,-1.997624
13.648297,20.015068,45.600793,3357.835085,-0.008997,60.128787,6.767516,2.531207,-2.003073
13.665679,20.062154,45.597288,3354.062931,-0.036389,60.134899,6.757163,2.514022,-2.002050
13.693983,20.091094,45.597318,3350.303847,-0.049661,60.145900,6.737591,2.504556,-2.007958
13.699774,20.136623,45.598295,3346.563649,-0.063299,60.154701,6.720763,2.504432,-2.003440
13.725741,20.179542,45.593972,3342.826128,-0.084179,60.166208,6.724974,2.509741,-2.007785
13.757778,20.214565,45.573930,3339.094138,-0.110598,60.168402,6.723103,2.498812,-1.999424
13.782687,20.255123,45.570203,3335.376082,-0.138944,60.175842,6.716411,2.496777,-2.004585
13.796179,20.296333,45.550861,3331.668434,-0.157777,60.179893,6.708848,2.499391,-2.000539
13.816001,20.342940,45.535863,3327.969175,-0.169292,60.184629,6.700088,2.495436,-2.006405
13.834596,20.371555,45.520133,3324.270566,-0.196531,60.188718,6.699552,2.497731,-1.999457
13.872093,20.407584,45.498518,3320.576037,-0.212887,60.197033,6.711391,2.491412,-1.998195
13.891649,20.457839,45.487750,3316.872085,-0.236078,60.206117,6.711360,2.499251,-1.995052
13.901995,20.494487,45.461446,3313.193438,-0.266824,60.214387,6.722284,2.507954,-1.998919
13.933049,20.531633,45.443263,3309.512255,-0.288123,60.215941,6.728778,2.498609,-2.000573
13.949742,20.570512,45.407493,3305.823276,-0.308373,60.227239,6.735941,2.511529,-1.997075
13.976342,20.613323,45.384455,3302.136198,-0.335527,60.229590,6.750572,2.506704,-1.991535
13.990536,20.662442,45.356687,3298.458555,-0.354664,60.239709,6.742885,2.513990,-2.003563
14.011980,20.701043,45.320028,3294.771578,-0.382639,60.243246,6.778235,2.517627,-2.001035
14.035247,20.734754,45.289102,3291.075982,-0.388825,60.251304,6.788622,2.527076,-2.002004
14.058696,20.782409,45.265167,3287.383029,-0.412822,60.258873,6.808768,2.535860,-2.006585
14.078367,20.812521,45.217938,3283.674227,-0.440003,60.257177,6.828313,2.546802,-2.010679
14.109716,20.846122,45.169732,3279.975595,-0.458283,60.270565,6.857470,2.548237,-2.001107
14.145439,20.886241,45.135460,3276.269161,-0.475784,60.274847,6.871125,2.547531,-2.004884
14.145234,20.924072,45.092159,3272.545750,-0.489125,60.285021,6.893899,2.573277,-1.995069
14.170055,20.963354,45.061708,3268.809341,-0.510697,60.285588,6.920318,2.579091,-2.004032
14.193323,21.007632,45.008194,3265.061405,-0.534083,60.288490,6.936627,2.584443,-2.000672
14.209354,21.039307,44.971972,3261.301377,-0.548761,60.304806,6.979469,2.600273,-2.003207
14.250734,21.084025,44.910977,3257.548608,-0.571813,60.307775,7.011569,2.608498,-1.995426
14.258708,21.124647,44.869964,3253.760419,-0.572853,60.318983,7.036950,2.619357,-2.001122
14.291064,21.168983,44.819159,3249.969927,-0.598351,60.317103,7.073917,2.643080,-1.995317
14.297147,21.197633,44.769293,3246.163956,-0.622002,60.323142,7.107547,2.656741,-1.999288
14.331330,21.236714,44.708177,3242.337331,-0.617437,60.332826,7.149127,2.656976,-1.998060
14.335059,21.280807,44.664591,3238.491397,-0.632025,60.344751,7.174339,2.673275,-1.998582
14.364031,21.323208,44.603520,3234.640954,-0.649012,60.340104,7.221695,2.689802,-1.995265
14.384686,21.364628,44.543107,3230.754206,-0.662472,60.352629,7.259446,2.703147,-1.995304
14.416697,21.398104,44.492069,3226.852098,-0.667236,60.354367,7.309514,2.715655,-1.994256
14.430435,21.436576,44.438926,3222.945900,-0.679429,60.362381,7.340625,2.734145,-2.003005
14.450306,21.481080,44.383939,3219.003132,-0.685678,60.364477,7.386476,2.745259,-2.001486
14.475853,21.506771,44.317763,3215.036464,-0.695530,60.378200,7.413717,2.760224,-2.005280
14.492196,21.556632,44.262118,3211.061511,-0.706463,60.374319,7.463211,2.786771,-2.000912
14.518663,21.588842,44.208457,3207.056843,-0.708840,60.382412,7.501480,2.804749,-1.992740
14.533415,21.626779,44.142991,3203.030515,-0.712409,60.395143,7.563135,2.814882,-1.997681
14.557057,21.666964,44.084348,3198.981254,-0.712259,60.404044,7.598316,2.834670,-1.996316
14.573408,21.708685,44.018066,3194.896926,-0.724658,60.406205,7.641779,2.846696,-1.992873
14.608020,21.746591,43.964637,3190.793015,-0.721766,60.411100,7.685789,2.868892,-2.001093
14.613011,21.775546,43.908449,3186.671441,-0.725049,60.421956,7.736548,2.881650,-1.994101
14.633563,21.831823,43.839556,3182.509389,-0.719864,60.422210,7.785647,2.895305,-1.991158
14.658290,21.869415,43.785476,3178.318902,-0.726618,60.428582,7.828566,2.917531,-2.004460
14.680250,21.904536,43.726821,3174.132211,-0.710830,60.429701,7.869712,2.922234,-2.000004
14.705483,21.932265,43.663648,3169.897908,-0.713678,60.431636,7.914504,2.958311,-1.999752
14.724323,21.975555,43.605777,3165.644292,-0.707692,60.446142,7.962379,2.975821,-2.001596
14.751612,22.018770,43.547391,3161.362604,-0.695747,60.454251,8.002997,2.974480,-2.009316
14.769962,22.045918,43.486070,3157.054302,-0.689995,60.456552,8.045153,3.000265,-2.009337
14.783752,22.092257,43.431955,3152.713665,-0.682524,60.456405,8.079474,3.006854,-2.009973
14.816268,22.125734,43.373605,3148.358532,-0.679358,60.458531,8.132168,3.022138,-2.005278
14.826765,22.166534,43.319121,3143.971947,-0.655898,60.468789,8.167834,3.038030,-1.999870
14.839920,22.193746,43.263773,3139.559593,-0.644002,60.474392,8.212349,3.059445,-2.001617
14.877394,22.245920,43.220613,3135.125754,-0.639509,60.477016,8.244059,3.075520,-2.002636
14.895118,22.275563,43.169189,3130.666168,-0.626225,60.482648,8.287393,3.084546,-1.993783
14.906645,22.315387,43.118456,3126.188587,-0.615195,60.502711,8.319127,3.094004,-2.000172
14.933675,22.357858,43.059456,3121.677657,-0.590826,60.500556,8.347717,3.115326,-1.999674
14.957539,22.392932,43.017016,3117.153614,-0.584421,60.499268,8.383474,3.118468,-2.000732
14.974830,22.433386,42.964113,3112.607528,-0.565229,60.501902,8.419195,3.136504,-1.999143
14.996773,22.458240,42.927468,3108.029196,-0.545256,60.509413,8.444193,3.134706,-2.002900
15.012864,22.506400,42.877035,3103.445436,-0.523060,60.516118,8.471352,3.155161,-2.013291
15.045386,22.548832,42.840244,3098.833778,-0.516040,60.524675,8.487244,3.156012,-1.994794
15.061877,22.583714,42.797902,3094.201148,-0.490146,60.524588,8.525435,3.176422,-1.988032
15.079546,22.614244,42.758566,3089.567021,-0.473790,60.530497,8.550288,3.174537,-1.999678
15.101132,22.660189,42.714296,3084.906110,-0.452562,60.535752,8.563206,3.197268,-2.001315
15.111521,22.682160,42.694747,3080.229480,-0.428870,60.541306,8.578799,3.189444,-2.002493
15.144573,22.731351,42.647048,3075.536011,-0.408920,60.548847,8.585735,3.205187,0.005239
15.152306,22.770923,42.619115,3070.843118,-0.379486,60.566949,8.603528,3.201035,-0.003062
15.178721,22.809184,42.584806,3066.121636,-0.362433,60.570971,8.618151,3.208304,0.003113
15.206876,22.837719,42.567061,3061.391744,-0.350870,60.590693,8.621288,3.211176,-0.000111
15.211645,22.870431,42.527741,3056.666467,-0.323320,60.606607,8.629073,3.206195,-0.007471
15.234228,22.920988,42.505480,3051.919006,-0.297766,60.620239,8.632363,3.216439,0.000365
15.255513,22.948815,42.489336,3047.159600,-0.272257,60.634682,8.635217,3.208669,0.002160
15.287988,22.984229,42.466706,3042.412132,-0.258255,60.638105,8.632912,3.218752,-0.002437
15.296382,23.025441,42.443759,3037.665349,-0.234345,60.665632,8.627838,3.216108,0.001883
15.318659,23.063470,42.431512,3032.891615,-0.216518,60.667215,8.623807,3.212758,0.002647
15.340782,23.094424,42.413802,3028.126649,-0.187386,60.680191,8.614688,3.211048,-0.002487
15.359184,23.125928,42.398391,3023.367356,-0.176527,60.705696,8.605489,3.207450,0.001200
15.377693,23.173777,42.389278,3018.596487,-0.153376,60.708976,8.593674,3.205890,-0.003600
15.407673,23.206445,42.367000,3013.839494,-0.134047,60.729007,8.587837,3.200005,-0.006805
15.411990,23.246529,42.354040,3009.089804,-0.118977,60.739700,8.576313,3.194518,0.008704
15.439886,23.280990,42.355645,3004.326854,-0.099165,60.751269,8.551062,3.174741,0.007866
15.462974,23.313809,42.346070,2999.571304,-0.080750,60.763293,8.532997,3.177062,-0.002548
15.471986,23.354281,42.343828,2994.828745,-0.062462,60.767751,8.519063,3.168248,0.009186
15.501711,23.387803,42.338856,2990.091128,-0.046948,60.791996,8.486771,3.156153,0.005155
15.510251,23.425932,42.333649,2985.372112,-0.025787,60.795368,8.465338,3.148062,-0.004922
15.530579,23.468358,42.339883,2980.652093,-0.012417,60.818558,8.441110,3.143532,-0.001196
15.559689,23.494682,42.322943,2975.952848,-0.003670,60.832578,8.412596,3.141166,-0.003843
15.569433,23.528582,42.327033,2971.244417,0.012207,60.836709,8.379081,3.114585,-0.001339
15.596325,23.574484,42.328118,2966.568329,0.021125,60.851438,8.355557,3.112941,-0.002874
15.616558,23.605438,42.336514,2961.894429,0.027968,60.872716,8.333707,3.102480,0.000191
15.633880,23.638371,42.351125,2957.233928,0.041305,60.878869,8.298828,3.099502,0.003748
15.663274,23.684678,42.346467,2952.589964,0.058246,60.899820,8.269884,3.078548,-0.005556
15.668400,23.716262,42.348030,2947.974061,0.059960,60.910618,8.231848,3.070239,0.003834
15.692423,23.752434,42.347807,2943.359940,0.068497,60.909674,8.214941,3.056183,-0.001880
15.708738,23.780134,42.345328,2938.766317,0.070105,60.933494,8.177214,3.052017,0.002996
15.726040,23.811137,42.358809,2934.176679,0.082135,60.938946,8.141333,3.038406,0.003928
15.753604,23.860934,42.370653,2929.611228,0.086818,60.948245,8.104577,3.018760,0.002933
15.770263,23.891841,42.381015,2925.074209,0.085952,60.972883,8.085748,3.010851,-0.000449
15.787095,23.930707,42.386983,2920.538824,0.091700,60.974166,8.048549,3.000195,0.006245
15.806185,23.955956,42.390650,2916.032878,0.094836,60.998341,8.001724,2.988022,-0.002418
15.825884,23.998125,42.394881,2911.548182,0.089630,61.002797,7.971090,2.970206,0.001010
15.854551,24.037087,42.398291,2907.055386,0.085181,61.018049,7.954695,2.972772,0.001119
15.855046,24.074739,42.410084,2902.618644,0.086555,61.040428,7.923677,2.947844,-0.001085
15.883351,24.108189,42.419243,2898.180751,0.084775,61.045829,7.891353,2.937129,0.006276
15.901133,24.144293,42.426685,2893.771022,0.075067,61.062069,7.855729,2.925399,-0.007045
15.916517,24.168329,42.429422,2889.360375,0.070690,61.073079,7.829870,2.914632,-0.001681
15.934535,24.214595,42.434536,2884.984405,0.066054,61.082236,7.787272,2.906226,0.002866
15.954177,24.243360,42.434453,2880.614404,0.053934,61.106037,7.769758,2.892798,-0.000348
15.974553,24.286616,42.447819,2876.264823,0.034866,61.112611,7.753434,2.877948,0.001615
15.994518,24.323027,42.441481,2871.936576,0.039015,61.123879,7.716562,2.869579,-0.001720
16.010899,24.352651,42.447890,2867.622815,0.031442,61.143119,7.684803,2.861467,-0.002182
16.035383,24.389285,42.458109,2863.330691,0.011534,61.148940,7.667870,2.857645,-0.002738
16.049277,24.426308,42.452006,2859.052761,0.007026,61.159909,7.639327,2.842034,0.007309
16.069241,24.458375,42.446154,2854.800148,-0.007391,61.176774,7.610012,2.849142,-0.000971
16.076640,24.486903,42.452254,2850.547523,-0.026278,61.200049,7.592590,2.823292,0.007671
16.100130,24.523071,42.449860,2846.323556,-0.035118,61.210506,7.572595,2.831140,0.001044
16.122956,24.560364,42.451942,2842.109109,-0.063957,61.210513,7.548353,2.826809,0.002972
16.149643,24.592819,42.443368,2837.912564,-0.084774,61.230288,7.542779,2.799241,-0.004576
16.156243,24.623953,42.444680,2833.710365,-0.091224,61.244104,7.523274,2.810453,-0.008219
16.179028,24.663252,42.426343,2829.544432,-0.093300,61.256398,7.499562,2.787367,0.001946
16.199446,24.705093,42.411862,2825.382117,-0.118996,61.265075,7.500383,2.793182,0.001289
16.221992,24.727783,42.415403,2821.229979,-0.155327,61.284381,7.480391,2.791732,0.008334
16.228306,24.769353,42.398758,2817.101569,-0.160984,61.299439,7.472006,2.783305,-0.005174
16.245278,24.803947,42.385918,2812.963876,-0.187527,61.308539,7.458184,2.786677,0.001750
16.259238,24.837480,42.375896,2808.840431,-0.196722,61.316518,7.464351,2.778541,0.004184
16.283042,24.867940,42.347628,2804.732122,-0.214634,61.344451,7.451848,2.776578,0.001831
16.297139,24.897665,42.331973,2800.623730,-0.239966,61.337219,7.440653,2.772343,-0.000555
16.319042,24.942783,42.314893,2796.530660,-0.255775,61.362801,7.441639,2.767397,-0.007554
16.340091,24.968630,42.305072,2792.458677,-0.284232,61.369375,7.447438,2.782427,-0.004239
16.351111,25.015607,42.282505,2788.358685,-0.306884,61.391929,7.439609,2.771458,0.004807
16.374280,25.048588,42.251775,2784.287841,-0.315887,61.407694,7.441667,2.774623,-0.003137
16.393164,25.076148,42.235971,2780.202516,-0.345198,61.409781,7.456535,2.768506,0.007074
16.409034,25.108708,42.207777,2776.128533,-0.371880,61.425589,7.449639,2.772975,0.010763
16.435039,25.148790,42.184357,2772.053027,-0.381024,61.445537,7.463035,2.778213,-0.002748
16.444189,25.175706,42.147415,2767.981937,-0.421595,61.454206,7.474046,2.788648,0.000706
16.457774,25.205683,42.118135,2763.920917,-0.441016,61.455034,7.479263,2.778393,-0.001602
16.487280,25.254033,42.090147,2759.849737,-0.450979,61.481521,7.507624,2.790855,-0.002175
16.495355,25.287955,42.054027,2755.784181,-0.470390,61.496686,7.504866,2.786569,-0.005380
16.515780,25.317698,42.022852,2751.710918,-0.489379,61.510020,7.517078,2.800569,-0.000628
16.532940,25.348023,41.987846,2747.624228,-0.521245,61.517597,7.540965,2.805283,0.001908
16.548868,25.380483,41.941795,2743.539631,-0.533942,61.526908,7.555399,2.804175,0.006442
16.560589,25.414725,41.900273,2739.448870,-0.557490,61.547930,7.571171,2.817752,-0.007658
16.584030,25.449978,41.862422,2735.354317,-0.567815,61.558516,7.584966,2.828244,0.000021
16.600598,25.474285,41.823502,2731.256002,-0.591098,61.581514,7.610909,2.831007,-0.000464
16.627922,25.521266,41.779695,2727.147871,-0.600228,61.591250,7.641309,2.841683,0.000601
16.632181,25.551119,41.736164,2723.029229,-0.633030,61.594358,7.650470,2.857122,0.002774
16.656734,25.579628,41.680943,2718.903995,-0.642652,61.617167,7.696824,2.873780,0.008307
16.683332,25.615532,41.641500,2714.764122,-0.660605,61.619772,7.713625,2.870253,-0.003697
16.688019,25.658137,41.586194,2710.623682,-0.676587,61.642139,7.733150,2.874282,0.005058
16.711536,25.687669,41.543123,2706.462212,-0.688718,61.643581,7.772146,2.893395,0.004049
16.722899,25.712827,41.490975,2702.283124,-0.692772,61.667957,7.803057,2.907550,-0.006481
16.741696,25.753056,41.451048,2698.083531,-0.727005,61.675584,7.840095,2.926739,-0.001766
16.755883,25.782601,41.400589,2693.896903,-0.733764,61.698852,7.863621,2.928594,-0.001013
16.782054,25.817832,41.354463,2689.675624,-0.739681,61.706899,7.898625,2.943409,0.000543
16.796908,25.856506,41.288792,2685.440797,-0.745572,61.718480,7.927547,2.961769,-0.001135
16.807556,25.885804,41.237138,2681.181574,-0.757375,61.728334,7.959962,2.970438,0.008773
16.823557,25.910419,41.186043,2676.913725,-0.771938,61.741368,7.990008,2.984620,0.003089
16.842102,25.951489,41.135924,2672.639306,-0.780801,61.757062,8.041310,2.986509,0.001212
16.864673,25.987801,41.069724,2668.341370,-0.783925,61.773617,8.073238,3.002384,0.009530
16.879890,26.023055,41.035838,2664.024881,-0.794130,61.784621,8.104894,3.015079,0.011473
16.897455,26.044267,40.969121,2659.678602,-0.785551,61.803662,8.141529,3.032588,-0.005889
16.918524,26.087423,40.909258,2655.316208,-0.791617,61.812896,8.179814,3.041197,0.001590
16.931367,26.104767,40.858528,2650.944272,-0.802307,61.825429,8.208976,3.061893,-0.003483
16.947803,26.144372,40.795934,2646.530211,-0.797196,61.838946,8.254424,3.076271,0.000945
16.964513,26.181473,40.735739,2642.120790,-0.804464,61.853655,8.298774,3.094595,0.002524
16.981878,26.208703,40.680319,2637.680148,-0.799149,61.862899,8.330118,3.100912,-0.004560
16.995374,26.245280,40.643427,2633.214646,-0.800614,61.874741,8.369011,3.115192,0.001299
17.013184,26.281990,40.579273,2628.735978,-0.793637,61.891979,8.400614,3.122503,-0.002389
17.034911,26.306131,40.531424,2624.238678,-0.785663,61.906573,8.434125,3.149368,0.002091
17.050893,26.339083,40.477120,2619.723119,-0.782115,61.919812,8.474595,3.155844,0.002009
17.062279,26.383797,40.415070,2615.180509,-0.780593,61.933139,8.503504,3.166930,-0.002615
17.085052,26.416745,40.364894,2610.611188,-0.767063,61.946328,8.533820,3.183213,0.004568
17.093562,26.438710,40.315681,2606.025766,-0.759286,61.964811,8.565859,3.188580,0.004140
17.111974,26.469523,40.269950,2601.413620,-0.758896,61.970560,8.604787,3.208777,-0.001773
17.136937,26.499674,40.214935,2596.791513,-0.742732,61.986709,8.631516,3.215431,-0.008986
17.149279,26.524149,40.154585,2592.147329,-0.733452,62.004466,8.669078,3.220694,-0.004609
17.154703,26.565069,40.112234,2587.482599,-0.725186,62.019680,8.692593,3.235321,0.002023
17.174769,26.600231,40.066141,2582.788796,-0.719897,62.020345,8.726222,3.250285,0.000026
17.192695,26.638753,40.012104,2578.097923,-0.700632,62.042779,8.752709,3.260794,0.003085
17.214100,26.665536,39.962156,2573.380056,-0.675343,62.060040,8.774648,3.262578,0.010318
17.224750,26.698197,39.923853,2568.633073,-0.661614,62.069080,8.800737,3.273651,0.002090
17.247313,26.725226,39.875065,2563.885047,-0.656992,62.074202,8.814207,3.288136,0.000296
17.255798,26.758452,39.841804,2559.124357,-0.634020,62.087993,8.843780,3.296488,0.005622
17.272733,26.793390,39.799262,2554.329089,-0.623384,62.098254,8.864564,3.293090,0.003823
17.288221,26.824753,39.753305,2549.521814,-0.609042,62.112375,8.869671,3.311604,0.002149
17.301195,26.858711,39.710701,2544.720508,-0.579008,62.130811,8.894761,3.314770,-0.000518
17.325437,26.878245,39.672352,2539.892463,-0.574290,62.141124,8.906685,3.317974,-0.003527
17.340766,26.906574,39.636513,2535.053449,-0.551386,62.158952,8.919903,3.329603,0.008396
17.352306,26.950583,39.594937,2530.207533,-0.546044,62.171827,8.931811,3.329852,0.003503
17.367381,26.970855,39.567058,2525.341940,-0.514576,62.180201,8.941258,3.333085,0.004435
17.383288,27.011959,39.538742,2520.470297,-0.498391,62.200145,8.960269,3.330655,0.004118
17.392296,27.036648,39.509241,2515.592323,-0.471744,62.207552,8.964415,3.337719,0.005849
17.424915,27.066475,39.464061,2510.704955,-0.458234,62.227485,8.960085,3.334459,-0.001245
17.427352,27.096827,39.440228,2505.812737,-0.443959,62.225786,8.964479,3.335011,0.004240
17.445813,27.132069,39.414013,2500.922468,-0.414604,62.239502,8.958053,3.337756,-0.001199
17.465968,27.170329,39.386846,2496.014399,-0.408076,62.266631,8.961127,3.333823,0.006939
17.464566,27.206574,39.357997,2491.107941,-0.385664,62.282175,8.965391,3.347807,-0.003729
17.493743,27.241499,39.340406,2486.197747,-0.365613,62.285472,8.948008,3.332314,-0.000404
17.508647,27.256561,39.314933,2481.288804,-0.352554,62.298942,8.944380,3.332767,0.003410
17.527764,27.293980,39.285479,2476.380215,-0.331352,62.316962,8.931712,3.327134,-0.004291
17.546076,27.317503,39.265905,2471.469357,-0.315737,62.330555,8.919156,3.333110,0.006077
17.556996,27.345381,39.255863,2466.555313,-0.291895,62.350255,8.919998,3.331306,0.000658
17.568114,27.376915,39.228448,2461.652118,-0.275310,62.357851,8.917130,3.317254,-0.004770
17.576933,27.418334,39.215608,2456.744180,-0.266430,62.365579,8.891552,3.304629,-0.003060
17.602083,27.449304,39.200349,2451.850314,-0.244640,62.379556,8.882946,3.294519,-0.002090
17.621644,27.472493,39.180047,2446.951416,-0.235237,62.395701,8.859279,3.293184,0.002355
17.631035,27.496761,39.163426,2442.068625,-0.211578,62.399540,8.847531,3.291107,0.005553
17.646002,27.531877,39.142351,2437.182581,-0.211231,62.414126,8.825282,3.281637,-0.000693
17.658969,27.564528,39.138091,2432.309097,-0.200871,62.422488,8.805827,3.286945,-0.000815
17.679815,27.610149,39.134527,2427.447429,-0.187496,62.449657,8.786450,3.275636,-0.002940
17.690017,27.622710,39.109994,2422.581151,-0.173422,62.462319,8.767304,3.268652,0.002792
17.705068,27.652772,39.111916,2417.729461,-0.168105,62.467139,8.745898,3.265171,-0.006914
17.723562,27.676907,39.092932,2412.899678,-0.151592,62.476827,8.719411,3.248660,0.000420
17.745149,27.711427,39.084971,2408.070649,-0.150055,62.497720,8.700048,3.239442,-0.007153
17.745895,27.749581,39.076411,2403.245707,-0.141240,62.511411,8.663553,3.235764,0.006695
17.761591,27.768314,39.066621,2398.442550,-0.128803,62.526365,8.647056,3.221845,-0.000898
17.784186,27.799774,39.053039,2393.646595,-0.119179,62.541893,8.629570,3.219890,0.010647
17.800131,27.835262,39.055424,2388.866260,-0.128800,62.550987,8.611516,3.203630,-0.008510
17.818603,27.867381,39.036957,2384.104850,-0.125283,62.563776,8.580344,3.183439,-0.001063
17.822474,27.888848,39.027796,2379.348530,-0.122174,62.572990,8.549992,3.186735,0.003638
17.836174,27.919272,39.032588,2374.601240,-0.127135,62.592106,8.528087,3.180773,-0.003322
17.856682,27.952263,39.013490,2369.873936,-0.125660,62.598560,8.504149,3.165401,-0.002961
17.861640,27.987251,39.015068,2365.165232,-0.134955,62.622255,8.481753,3.158194,0.003347
17.887067,28.016258,39.007459,2360.472426,-0.128685,62.618339,8.453465,3.145614,0.001035
17.901211,28.046109,38.984329,2355.785205,-0.131335,62.642143,8.435885,3.129164,-0.004025
17.914262,28.067002,38.982103,2351.098355,-0.131748,62.656858,8.402953,3.127072,-0.003745
17.937090,28.106906,38.979897,2346.461577,-0.142533,62.660640,8.384795,3.121756,0.003463
17.945852,28.133089,38.965314,2341.819734,-0.158370,62.680138,8.369351,3.113440,0.000398
17.962660,28.159014,38.963074,2337.187372,-0.165917,62.704231,8.347358,3.108627,-0.002249
17.979329,28.182305,38.940383,2332.566558,-0.165002,62.705624,8.321692,3.093862,0.004350
17.989023,28.231409,38.933412,2327.973323,-0.181332,62.714790,8.300681,3.085712,-0.006247
18.004791,28.246830,38.923954,2323.392159,-0.179959,62.734376,8.273604,3.081167,0.000106
18.015347,28.281815,38.919118,2318.812996,-0.194093,62.749177,8.266340,3.079427,0.001169
18.026532,28.308499,38.891562,2314.260879,-0.199391,62.751413,8.240984,3.069872,-0.007656
18.044590,28.340407,38.886809,2309.719033,-0.218754,62.769699,8.224559,3.059255,-0.002651
18.062429,28.367575,38.883246,2305.184841,-0.233719,62.785220,8.211138,3.052191,-0.010063
18.069983,28.390241,38.862277,2300.654963,-0.252022,62.791642,8.189859,3.058411,-0.007095
18.084091,28.428398,38.850624,2296.148058,-0.276295,62.795756,8.176026,3.049811,-0.001985
18.092870,28.460972,38.831903,2291.661964,-0.289900,62.816353,8.177274,3.045158,0.000686
18.108927,28.479076,38.816807,2287.179367,-0.294735,62.836471,8.151550,3.041277,-0.013384
18.135397,28.514685,38.799224,2282.690298,-0.320568,62.841532,8.138099,3.035858,-0.001779
18.137386,28.543775,38.776127,2278.236777,-0.338029,62.860362,8.131971,3.028588,-0.000557
18.158357,28.568464,38.762097,2273.769494,-0.344638,62.874904,8.122520,3.022971,0.001777
18.166324,28.586847,38.736306,2269.337382,-0.365296,62.889546,8.122145,3.032240,-0.001543
18.177461,28.619781,38.709686,2264.890640,-0.392427,62.904201,8.112246,3.017676,-0.000420
18.196715,28.651524,38.690768,2260.458914,-0.409197,62.915710,8.109933,3.024632,0.004675
18.206547,28.674251,38.666205,2256.041797,-0.427070,62.925949,8.101343,3.018473,0.009971
18.233783,28.704692,38.630092,2251.607367,-0.448282,62.928277,8.106600,3.009877,0.003538
18.244392,28.737223,38.618097,2247.213523,-0.471422,62.941814,8.101145,3.011910,0.004338
18.253513,28.771941,38.582887,2242.814485,-0.482530,62.970410,8.101697,3.017203,-0.000883
18.267857,28.797257,38.554651,2238.411997,-0.505809,62.978662,8.103561,3.016612,0.002260
18.269087,28.819691,38.522044,2234.011195,-0.535404,62.985610,8.102395,3.017606,0.001018
18.293183,28.857235,38.481124,2229.623898,-0.551234,63.002325,8.099671,3.018955,0.012701
18.306560,28.878899,38.456077,2225.236723,-0.572370,63.003186,8.111327,3.023367,0.000208
18.313001,28.907495,38.426674,2220.846871,-0.597845,63.034495,8.122227,3.020437,-0.006485
18.322619,28.923541,38.380950,2216.455139,-0.613411,63.042632,8.128188,3.025255,0.000302
18.348903,28.957665,38.351798,2212.072324,-0.629878,63.049090,8.140160,3.026332,-0.004784
18.366036,28.989504,38.315906,2207.682238,-0.660243,63.062780,8.154702,3.037067,0.009548
18.368752,29.024159,38.277505,2203.289398,-0.677010,63.075129,8.156474,3.044256,-0.001015
18.384483,29.051208,38.238398,2198.902744,-0.702837,63.094129,8.171102,3.056931,-0.003243
18.405025,29.071932,38.196973,2194.515152,-0.713104,63.109394,8.189790,3.055859,0.003615
18.418141,29.099153,38.166080,2190.126699,-0.739399,63.115107,8.206984,3.055813,-0.006312
18.434107,29.123586,38.112379,2185.722016,-0.753586,63.128104,8.219744,3.056183,0.004543
18.440003,29.161611,38.061495,2181.315106,-0.771727,63.136393,8.254232,3.068322,0.000982
18.444871,29.186986,38.028101,2176.912567,-0.793670,63.146159,8.253365,3.069462,-0.004102
18.467173,29.208855,37.970631,2172.495915,-0.799906,63.157264,8.274751,3.083250,-0.003707
18.468738,29.238144,37.923315,2168.073098,-0.819202,63.175388,8.292534,3.102243,0.005133
18.489080,29.261045,37.891623,2163.638341,-0.833433,63.189837,8.316827,3.098144,-0.002158
18.513821,29.288123,37.835122,2159.197459,-0.851949,63.214694,8.328129,3.108092,-0.002176
18.510618,29.319618,37.783478,2154.765183,-0.857447,63.230020,8.364953,3.113650,-0.005789
18.534280,29.347083,37.741647,2150.305904,-0.889399,63.236502,8.389284,3.119912,-0.001594
18.543071,29.369523,37.678177,2145.831845,-0.898845,63.242798,8.401301,3.129782,0.006907
18.559983,29.407956,37.629871,2141.358987,-0.900311,63.266855,8.435531,3.132060,0.005128
18.572915,29.428352,37.579585,2136.872890,-0.916060,63.271084,8.449592,3.147528,0.011265
18.586999,29.452155,37.525220,2132.376643,-0.926289,63.284399,8.481175,3.158081,0.002620
18.593140,29.479036,37.478716,2127.859409,-0.942492,63.283717,8.519260,3.168643,0.004260
18.603691,29.503866,37.435511,2123.339543,-0.936446,63.303595,8.539304,3.181595,0.008047
18.615964,29.540022,37.374665,2118.801125,-0.962154,63.320811,8.563401,3.188575,0.002198
18.632361,29.560344,37.329152,2114.257848,-0.956764,63.328472,8.582738,3.197718,0.001647
18.643138,29.589453,37.266374,2109.694521,-0.974412,63.352981,8.618367,3.200646,-0.000480
18.651549,29.612992,37.214993,2105.115571,-0.972514,63.358395,8.641379,3.215116,-0.001143
18.670262,29.646317,37.165317,2100.518504,-0.977318,63.361305,8.675074,3.230111,-0.000427
18.678397,29.675389,37.121636,2095.919542,-0.982601,63.383404,8.700858,3.239770,-0.006978
18.696640,29.699419,37.050942,2091.294907,-0.978240,63.398386,8.728074,3.249680,0.008414
18.711697,29.718389,37.010761,2086.658618,-0.981231,63.409607,8.749431,3.264661,0.001244
18.710815,29.739176,36.945647,2082.020165,-0.979408,63.425447,8.779526,3.271793,-0.004409
18.738260,29.777694,36.883885,2077.344119,-0.976496,63.435758,8.806722,3.275359,0.012907
18.747606,29.794621,36.830793,2072.663547,-0.977058,63.445649,8.826343,3.296406,-0.009997
18.757802,29.824075,36.792113,2067.975400,-0.974301,63.458817,8.852465,3.296342,0.003320
18.770527,29.850684,36.729597,2063.259357,-0.976184,63.467549,8.889701,3.320809,-0.005055
18.790839,29.891922,36.678644,2058.536365,-0.977216,63.487460,8.915935,3.318249,0.008535
18.802553,29.912222,36.633482,2053.783589,-0.966414,63.497405,8.939212,3.332301,0.007122
18.806017,29.933104,36.581024,2049.044480,-0.957733,63.511094,8.965654,3.340283,0.002439
18.821321,29.949600,36.528798,2044.271930,-0.947666,63.510345,8.983397,3.347167,-0.000858
18.833560,29.975223,36.482735,2039.484808,-0.943853,63.536475,9.002157,3.339836,-0.002142
18.848546,30.018973,36.429278,2034.695237,-0.934821,63.535472,9.025712,3.361455,0.002977
18.850335,30.043400,36.374764,2029.876700,-0.929857,63.555203,9.035194,3.360138,-0.005566
18.864042,30.055568,36.332117,2025.042269,-0.915974,63.562718,9.064585,3.373363,0.002593
18.882370,30.087569,36.278257,2020.212748,-0.895216,63.591130,9.081353,3.382848,-0.006286
18.893650,30.110111,36.230934,2015.362922,-0.890106,63.593234,9.092631,3.390141,-0.010926
18.906650,30.141349,36.186478,2010.501071,-0.884967,63.601536,9.110066,3.392987,0.003330
18.911948,30.167951,36.149526,2005.620363,-0.868856,63.619027,9.134363,3.400482,0.001574
18.927448,30.186762,36.099342,2000.731583,-0.845325,63.627875,9.139484,3.418134,0.003244
18.936996,30.221391,36.050830,1995.831214,-0.847303,63.649249,9.162444,3.413882,0.008295
18.956381,30.236622,36.005619,1990.930313,-0.826575,63.650304,9.161248,3.404325,0.000094
18.965498,30.267074,35.969489,1986.017940,-0.810335,63.667412,9.183201,3.420791,-0.002788
18.978142,30.294732,35.924797,1981.097007,-0.804398,63.684680,9.188306,3.422468,-0.003672
18.988861,30.322365,35.888598,1976.159494,-0.783587,63.692817,9.188527,3.426399,0.006579
19.000958,30.338831,35.842747,1971.217826,-0.766203,63.710451,9.197061,3.424129,-0.006368
19.015822,30.371444,35.802837,1966.271416,-0.764935,63.714736,9.207145,3.428733,-0.006256
19.027365,30.393626,35.761620,1961.309538,-0.742533,63.727620,9.208978,3.431234,-0.004784
19.030072,30.411295,35.724608,1956.369522,-0.725910,63.736815,9.211658,3.418026,-0.002350
19.041945,30.438572,35.688194,1951.394018,-0.712303,63.753707,9.205395,3.437021,-0.012219
19.060845,30.461803,35.657646,1946.436595,-0.690068,63.766082,9.211044,3.421884,0.005699
19.071538,30.498208,35.607089,1941.466871,-0.672498,63.778807,9.204393,3.431138,0.009615
19.089511,30.510515,35.588835,1936.491987,-0.668822,63.790059,9.204239,3.429578,0.000300
19.093206,30.537535,35.542642,1931.517543,-0.653257,63.793999,9.199902,3.429351,0.000340
19.106617,30.558607,35.514920,1926.549900,-0.642024,63.812466,9.198106,3.421952,-0.000618
19.117415,30.587984,35.481173,1921.573585,-0.637517,63.827677,9.186783,3.415189,0.001796
19.134280,30.605888,35.451422,1916.594479,-0.616288,63.829671,9.173617,3.418590,-0.003273
19.145064,30.642147,35.438494,1911.626716,-0.605835,63.857993,9.165560,3.414849,-0.000411
19.151993,30.658100,35.390292,1906.655001,-0.585554,63.860378,9.166536,3.410772,0.008747
19.165342,30.686317,35.369144,1901.686768,-0.575695,63.875510,9.154335,3.405046,-0.001156
19.179450,30.698546,35.342475,1896.715579,-0.571710,63.885028,9.134402,3.405905,0.000897
19.175441,30.732809,35.306827,1891.756537,-0.555905,63.900125,9.131023,3.405140,0.001170
19.196097,30.763221,35.285946,1886.799429,-0.556925,63.912571,9.109362,3.402058,-0.001915
19.206289,30.791126,35.246549,1881.850087,-0.529443,63.921776,9.096001,3.389608,0.004243
19.229807,30.802953,35.229758,1876.912612,-0.542164,63.950499,9.095882,3.387649,0.013759
19.233182,30.827427,35.208356,1871.969363,-0.526705,63.955071,9.080930,3.381806,0.000695
19.234699,30.847526,35.182199,1867.033558,-0.519187,63.965258,9.059279,3.372657,-0.005010
19.245559,30.872464,35.151952,1862.104672,-0.514524,63.977327,9.045658,3.372903,0.001080
19.265984,30.892234,35.124752,1857.191370,-0.513716,63.987517,9.017106,3.365655,-0.004965
19.280539,30.925805,35.097403,1852.280684,-0.509902,64.005199,9.011710,3.356584,-0.002179
19.277735,30.949731,35.085486,1847.373762,-0.510878,64.013042,8.991221,3.354273,-0.003453
19.293423,30.971698,35.054664,1842.483381,-0.500602,64.016343,8.982892,3.339413,0.002443
19.308836,30.989474,35.028240,1837.591429,-0.502535,64.031612,8.966169,3.339634,-0.008720
19.306232,31.026637,35.001601,1832.720868,-0.505652,64.046138,8.927776,3.346537,-0.014433
19.322066,31.051462,34.984720,1827.856655,-0.500701,64.057712,8.924227,3.320414,0.001413
19.341069,31.065343,34.948978,1823.006927,-0.504346,64.062703,8.911502,3.315890,-0.007102
19.351635,31.090548,34.925414,1818.157547,-0.520095,64.081772,8.902127,3.322306,-0.001309
19.363082,31.108989,34.902682,1813.322580,-0.516972,64.088343,8.874816,3.313844,-0.000758
19.367904,31.123152,34.890347,1808.500351,-0.520010,64.110190,8.865671,3.305564,0.000012
19.381076,31.159495,34.864757,1803.689992,-0.531741,64.118838,8.829714,3.295284,-0.000385
19.389923,31.174458,34.834536,1798.891624,-0.540798,64.136113,8.826777,3.285770,0.000028
19.396373,31.201117,34.812408,1794.098566,-0.544919,64.131165,8.815427,3.287562,0.003708
19.406942,31.224415,34.786721,1789.312327,-0.549583,64.160536,8.796432,3.274457,-0.005273
19.421754,31.250026,34.753901,1784.559694,-0.556150,64.159715,8.784137,3.266962,0.002186
19.429945,31.275997,34.737631,1779.796880,-0.575420,64.178931,8.763732,3.257813,-0.002252
19.433772,31.292018,34.698149,1775.030311,-0.576395,64.187491,8.754602,3.257973,-0.003815
19.454055,31.316579,34.676461,1770.304200,-0.600467,64.203206,8.732439,3.248943,-0.004392
19.460862,31.342000,34.636599,1765.569583,-0.606603,64.207302,8.726721,3.253322,0.007614
19.470203,31.363240,34.618826,1760.857623,-0.617000,64.228347,8.712357,3.242680,-0.000891
19.477524,31.377080,34.591014,1756.156325,-0.639447,64.238079,8.699335,3.242314,-0.007518
19.500681,31.403281,34.563822,1751.462056,-0.649612,64.237747,8.704072,3.246266,0.006243
19.500665,31.422201,34.536404,1746.764208,-0.671301,64.254206,8.684826,3.236492,-0.003724
19.518088,31.452576,34.501099,1742.087024,-0.686187,64.261581,8.675139,3.233260,-0.001235
19.511542,31.478485,34.470218,1737.423786,-0.702717,64.282117,8.661399,3.225930,-0.005962
19.535544,31.497425,34.437906,1732.765873,-0.718327,64.302522,8.659991,3.225748,0.000510
19.546282,31.522009,34.404318,1728.106515,-0.737324,64.308429,8.665965,3.222072,-0.007534
19.548299,31.549298,34.367899,1723.452643,-0.757151,64.309032,8.654023,3.210732,-0.006453
19.558062,31.556074,34.330708,1718.829325,-0.780786,64.325257,8.640479,3.213189,-0.000185
19.577062,31.584292,34.302330,1714.200856,-0.794125,64.343449,8.641418,3.221116,0.003691
19.584291,31.599016,34.258193,1709.585816,-0.818321,64.349248,8.638277,3.213082,0.000757
19.604339,31.623218,34.223416,1704.955255,-0.842387,64.365739,8.634834,3.225268,-0.000435
19.605022,31.653269,34.187049,1700.358117,-0.863503,64.383487,8.633381,3.217149,0.002890
19.611324,31.669252,34.150069,1695.754711,-0.872147,64.385657,8.638907,3.214586,0.001037
19.620252,31.689710,34.101583,1691.157186,-0.899642,64.398736,8.638089,3.217291,-0.008205
19.642240,31.715997,34.066829,1686.559197,-0.926336,64.412776,8.642158,3.218430,0.008524
19.638347,31.735005,34.025992,1681.971966,-0.946117,64.418490,8.642998,3.223440,-0.007585
19.648187,31.756988,33.985219,1677.378106,-0.968582,64.443361,8.642048,3.218033,0.002366
19.664098,31.782780,33.945102,1672.802173,-0.985834,64.436938,8.653638,3.228146,0.000927
19.678265,31.801808,33.901043,1668.219418,-1.009817,64.458203,8.652998,3.220785,0.003982
19.677704,31.821243,33.856980,1663.633219,-1.027471,64.470096,8.665752,3.235852,0.003297
19.694284,31.852820,33.812928,1659.054910,-1.054312,64.493261,8.671478,3.223677,0.005522
19.709631,31.865039,33.770855,1654.475213,-1.070284,64.485916,8.679987,3.236319,0.005928
19.713046,31.893968,33.722033,1649.902224,-1.096047,64.496725,8.695697,3.235516,0.008761
19.724030,31.903568,33.666065,1645.336743,-1.107265,64.510198,8.698895,3.247454,-0.000607
19.724623,31.923522,33.617598,1640.744992,-1.132177,64.523391,8.712535,3.242056,0.001514
19.738487,31.945550,33.574789,1636.171568,-1.168615,64.534481,8.720453,3.237249,0.003629
19.743759,31.975057,33.526263,1631.585222,-1.181293,64.547817,8.734196,3.255205,0.002668
19.762148,31.994717,33.467536,1627.003901,-1.197025,64.557691,8.743206,3.245724,-0.000798
19.767727,32.021110,33.409017,1622.418044,-1.213966,64.571826,8.752615,3.265232,-0.000209
19.782807,32.033399,33.365657,1617.835473,-1.224720,64.582671,8.777194,3.267692,-0.004428
19.782334,32.058733,33.313977,1613.248490,-1.238472,64.583781,8.786058,3.269673,-0.009935
19.799435,32.075144,33.265839,1608.644919,-1.271318,64.606558,8.808057,3.286289,-0.000163
19.802055,32.110312,33.209499,1604.044914,-1.278658,64.621399,8.823081,3.290211,0.002381
19.813679,32.112381,33.150903,1599.443336,-1.296598,64.622649,8.838355,3.289333,-0.002807
19.827426,32.133737,33.103353,1594.826784,-1.314069,64.638115,8.851405,3.290281,-0.008971
19.837997,32.156638,33.044361,1590.213430,-1.325583,64.652679,8.878365,3.305808,0.003531
19.847639,32.180548,32.986471,1585.597391,-1.340126,64.670344,8.886228,3.310830,-0.005640
19.846209,32.201858,32.933437,1580.960449,-1.350705,64.674499,8.897621,3.319677,0.005708
19.860758,32.218885,32.863394,1576.316707,-1.368221,64.686537,8.922068,3.322904,0.008563
19.866347,32.248442,32.820622,1571.688173,-1.364731,64.702791,8.940010,3.329726,0.006416
19.880812,32.265376,32.763784,1567.023224,-1.380996,64.700640,8.963402,3.333180,0.003679
19.882059,32.286230,32.713108,1562.378070,-1.389660,64.716627,8.974439,3.344599,-0.002754
19.899975,32.300642,32.652335,1557.707013,-1.403995,64.726414,8.999380,3.346767,-0.007291
19.904526,32.317138,32.591436,1553.029851,-1.418126,64.736937,9.022634,3.363040,0.012912
19.911710,32.340018,32.533919,1548.347544,-1.420224,64.751619,9.031393,3.366447,0.002152
19.921906,32.371766,32.476562,1543.660661,-1.414396,64.768953,9.040972,3.376744,0.002835
19.929033,32.383798,32.417168,1538.948031,-1.421043,64.767996,9.076837,3.380761,-0.007442
19.943696,32.399751,32.359498,1534.242048,-1.432192,64.783336,9.085214,3.387279,-0.007179
19.944470,32.417427,32.306611,1529.520778,-1.437298,64.785629,9.104281,3.390055,-0.004884
19.960886,32.448509,32.251416,1524.803485,-1.442567,64.803285,9.124638,3.404546,-0.010205
19.965959,32.456514,32.184364,1520.059984,-1.442284,64.817153,9.146852,3.404060,-0.008578
19.970597,32.480124,32.136146,1515.313674,-1.445105,64.830116,9.162782,3.405875,-0.002456
19.979118,32.502243,32.075419,1510.570737,-1.439487,64.846079,9.172401,3.421346,0.002053
19.982750,32.518737,32.008726,1505.806234,-1.438900,64.851066,9.188721,3.420343,-0.003332
20.001891,32.545196,31.961304,1501.035135,-1.450109,64.862611,9.202977,3.425349,-0.002970
20.003029,32.552117,31.903367,1496.247651,-1.442805,64.885727,9.212702,3.432446,0.000713
20.020302,32.572604,31.847665,1491.463693,-1.439547,64.878986,9.232192,3.443174,-0.001553
20.028564,32.599156,31.792318,1486.668788,-1.434170,64.900846,9.240593,3.437791,-0.002687
20.030328,32.611982,31.735696,1481.867524,-1.434254,64.907621,9.255579,3.444767,-0.007571
20.046625,32.637426,31.680291,1477.040464,-1.425868,64.917635,9.268668,3.460507,-0.004177
20.048111,32.652770,31.630393,1472.228221,-1.423466,64.931073,9.279297,3.451263,-0.008861
20.066166,32.674604,31.567513,1467.408726,-1.424094,64.940010,9.290102,3.468303,-0.004924
20.065555,32.696332,31.514112,1462.563514,-1.415489,64.952531,9.305258,3.459694,-0.004250
20.073968,32.715297,31.466360,1457.728192,-1.402564,64.960936,9.310325,3.465589,-0.002104
20.083561,32.735638,31.398371,1452.882735,-1.400136,64.977389,9.318570,3.473387,0.008640
20.088939,32.754244,31.353341,1448.025335,-1.403671,64.980612,9.328125,3.466932,-0.006186
20.096593,32.778609,31.313527,1443.162122,-1.384813,64.994287,9.327409,3.470371,0.003969
20.112966,32.776696,31.247621,1438.307364,-1.372611,65.003259,9.328908,3.473228,-0.007048
20.120353,32.794635,31.208930,1433.435570,-1.367796,65.004654,9.334601,3.470022,0.009203
20.118964,32.813081,31.153447,1428.565870,-1.361266,65.027430,9.349739,3.472035,-0.007921
20.142364,32.847116,31.104046,1423.682010,-1.360574,65.028882,9.348569,3.476687,0.001455
20.147079,32.863152,31.052527,1418.810894,-1.359174,65.044036,9.351560,3.470750,-0.007783
20.140152,32.876945,30.992978,1413.935282,-1.347526,65.054956,9.348054,3.477693,0.003422
20.160639,32.897709,30.948043,1409.044604,-1.331733,65.071230,9.347671,3.476418,-0.002151
20.158298,32.911451,30.894054,1404.154506,-1.333808,65.085932,9.355770,3.484354,-0.003473
20.171155,32.931914,30.846037,1399.276936,-1.327178,65.096875,9.351322,3.483571,0.008300
20.179942,32.960102,30.798665,1394.385648,-1.317507,65.098154,9.344527,3.492976,-0.006110
20.193000,32.968106,30.758820,1389.486773,-1.315512,65.114185,9.345357,3.474686,0.006405
20.193941,32.997007,30.702741,1384.601536,-1.307313,65.130175,9.338664,3.477748,0.001467
20.205223,33.003079,30.651240,1379.714786,-1.308192,65.123456,9.340513,3.482062,-0.001373
20.217833,33.025188,30.616968,1374.831496,-1.295871,65.146869,9.332335,3.471591,0.001988
20.214452,33.041704,30.574690,1369.942437,-1.292397,65.164352,9.319133,3.474500,0.003583
20.230638,33.050847,30.516775,1365.064258,-1.289840,65.158534,9.323780,3.477842,0.004778
20.231884,33.077832,30.472994,1360.186289,-1.287072,65.175040,9.325555,3.469970,-0.004031
20.241144,33.099647,30.421653,1355.295371,-1.283461,65.193327,9.314016,3.473447,-0.005290
20.251797,33.101767,30.388793,1350.436035,-1.283752,65.192184,9.301029,3.472000,0.009698
20.255319,33.125077,30.333882,1345.561040,-1.268925,65.212952,9.291091,3.459381,0.012662
20.262551,33.147822,30.293455,1340.698319,-1.279086,65.220459,9.283986,3.446712,-0.001560
20.269291,33.167276,30.245545,1335.844432,-1.269455,65.229818,9.279215,3.464551,0.006138
20.288736,33.185684,30.201407,1330.980347,-1.282515,65.241629,9.273390,3.457022,0.001796
20.297171,33.198774,30.161177,1326.125923,-1.269494,65.249323,9.253997,3.442983,0.001126
20.293192,33.223186,30.122682,1321.294309,-1.277565,65.261175,9.246972,3.445635,0.008725
20.306734,33.241386,30.070490,1316.449834,-1.278960,65.265344,9.237405,3.429750,-0.004593
20.320816,33.248927,30.028135,1311.617243,-1.297543,65.271544,9.223559,3.431979,0.002234
20.317211,33.263985,29.978619,1306.791670,-1.292440,65.294409,9.210371,3.430579,0.003064
20.325524,33.281816,29.941279,1301.988806,-1.302930,65.299163,9.208499,3.428233,-0.001487
20.332610,33.302903,29.888124,1297.174229,-1.305863,65.311166,9.195469,3.426260,0.005241
20.339122,33.319025,29.852822,1292.370093,-1.311411,65.315431,9.184860,3.424571,0.011267
20.347066,33.335415,29.809496,1287.590517,-1.326175,65.334199,9.171851,3.419842,-0.000075
20.348730,33.354232,29.763527,1282.799167,-1.339658,65.345070,9.156696,3.411511,0.004154
20.354085,33.376857,29.721228,1278.019955,-1.339375,65.350194,9.156875,3.408422,-0.001806
20.371514,33.383787,29.670665,1273.256224,-1.352336,65.361409,9.134539,3.405091,-0.007756
20.367368,33.405316,29.627068,1268.500241,-1.363473,65.376530,9.133695,3.400862,-0.006274
20.376789,33.421052,29.583394,1263.749118,-1.388695,65.383391,9.117472,3.396000,-0.000841
20.386214,33.435313,29.527791,1258.999537,-1.389175,65.393469,9.105986,3.392067,0.007656
20.394529,33.450963,29.489834,1254.274405,-1.408175,65.409887,9.104184,3.393330,0.010693
20.404686,33.477403,29.435225,1249.547021,-1.424851,65.416576,9.088913,3.393197,0.001695
20.405558,33.472401,29.398805,1244.837594,-1.434470,65.432274,9.077130,3.384477,0.002162
20.411084,33.484551,29.352757,1240.138418,-1.454394,65.431645,9.070485,3.387496,0.005015
20.415497,33.522001,29.305920,1235.437553,-1.477533,65.449295,9.071222,3.378360,0.001860
20.435970,33.532098,29.258110,1230.762888,-1.499256,65.460864,9.056775,3.367240,0.005906
20.434794,33.549457,29.210424,1226.074608,-1.517850,65.472949,9.044785,3.375351,-0.002207
20.443031,33.563160,29.158405,1221.409199,-1.534947,65.486244,9.044068,3.370174,0.003710
20.455479,33.582786,29.109161,1216.754357,-1.554945,65.480139,9.025245,3.371593,0.001028
20.461366,33.592535,29.060712,1212.101125,-1.580085,65.501092,9.031188,3.359327,0.003023
20.461102,33.609744,29.000841,1207.470490,-1.611590,65.510072,9.018908,3.352588,0.000736
20.472509,33.621970,28.949964,1202.840153,-1.625563,65.518342,9.018684,3.353992,-0.001981
20.471695,33.648417,28.902578,1198.205205,-1.652017,65.522354,9.023502,3.363131,0.003671
20.488333,33.651131,28.848889,1193.598106,-1.677958,65.535794,9.028232,3.358469,-0.002032
20.494875,33.669786,28.800651,1188.991805,-1.698726,65.545953,9.006184,3.353833,0.005420
20.495768,33.695751,28.742717,1184.384725,-1.724131,65.561666,9.016399,3.354660,-0.000400
20.510138,33.711685,28.681004,1179.799750,-1.747781,65.560134,9.006318,3.357731,0.013251
20.508649,33.714571,28.634509,1175.215723,-1.771911,65.564636,9.008645,3.355704,-0.000122
20.518359,33.732171,28.585419,1170.639952,-1.803317,65.585970,8.993382,3.353307,-0.001366
20.526612,33.748741,28.521836,1166.068687,-1.836545,65.594357,9.007020,3.352787,0.006018
20.539268,33.771270,28.462188,1161.516324,-1.858013,65.601387,9.007524,3.355764,-0.008251
20.531277,33.785344,28.413851,1156.948964,-1.885784,65.612812,9.013595,3.360786,0.003386
20.547796,33.793887,28.354474,1152.406597,-1.901725,65.628415,9.001084,3.352766,-0.004264
20.559812,33.812536,28.302154,1147.860673,-1.946559,65.633149,9.020354,3.355818,0.000235
20.546430,33.820885,28.240374,1143.321935,-1.958099,65.645546,9.009498,3.362905,0.003058
20.565923,33.839388,28.182569,1138.786641,-1.995409,65.663031,9.014587,3.358643,0.005179
20.568726,33.850467,28.113060,1134.269621,-2.023135,65.667346,9.025177,3.369841,-0.005766
20.578133,33.866724,28.055826,1129.742733,-2.057776,65.672476,9.027971,3.363271,-0.002410
20.586440,33.880266,28.008763,1125.221821,-2.075712,65.681975,9.020730,3.357173,-0.001800
20.586355,33.903865,27.939851,1120.708688,-2.103735,65.688543,9.035527,3.361239,-0.004449
20.592104,33.923456,27.886621,1116.195937,-2.124605,65.701382,9.044136,3.360462,-0.005919
20.605162,33.926931,27.816781,1111.690495,-2.165022,65.716532,9.050673,3.369505,0.003802
20.605592,33.943135,27.745513,1107.187144,-2.183402,65.723369,9.061777,3.373052,-0.007855
20.616635,33.958136,27.694631,1102.682357,-2.210299,65.718355,9.059199,3.381511,-0.004579
20.617217,33.971496,27.624068,1098.192743,-2.234703,65.745453,9.072943,3.370294,0.001797
20.630115,33.982676,27.563669,1093.685159,-2.260099,65.755275,9.071989,3.376178,-0.004377
20.627082,33.995088,27.490068,1089.191824,-2.296668,65.766048,9.077818,3.379872,-0.006655
20.638115,34.012483,27.424653,1084.714308,-2.319781,65.777427,9.100235,3.386845,0.005620
20.645953,34.029355,27.354689,1080.211690,-2.338593,65.782984,9.103129,3.390316,-0.001330
20.640133,34.044626,27.302349,1075.722302,-2.365461,65.784539,9.112917,3.392063,-0.003368
20.653905,34.059251,27.230908,1071.231533,-2.391330,65.798947,9.128903,3.398255,-0.004012
20.664302,34.081209,27.161521,1066.748618,-2.414336,65.808233,9.124459,3.409360,-0.007222
20.662908,34.090521,27.096402,1062.259592,-2.429445,65.824719,9.140921,3.407797,-0.008021
20.674338,34.100491,27.029341,1057.762228,-2.450617,65.817678,9.157432,3.410751,-0.002046
20.676302,34.113944,26.957666,1053.281506,-2.487519,65.842008,9.159599,3.414008,-0.005300
20.689848,34.120346,26.896706,1048.798466,-2.499160,65.836391,9.173739,3.420497,-0.002410
20.688505,34.145892,26.815966,1044.310004,-2.522769,65.850698,9.184010,3.412302,0.003562
20.693948,34.147993,26.753292,1039.818205,-2.547844,65.868119,9.194444,3.425332,0.001216
20.697656,34.161996,26.678095,1035.339174,-2.558302,65.873850,9.207802,3.435928,0.005639
20.699570,34.181045,26.614433,1030.847044,-2.570637,65.890081,9.214946,3.434788,0.001741
20.715469,34.188175,26.546095,1026.364987,-2.597232,65.890333,9.225042,3.435512,0.004340
20.716123,34.212132,26.478626,1021.862341,-2.610923,65.915657,9.218596,3.440147,-0.006684
20.723604,34.226590,26.399297,1017.371799,-2.635267,65.917772,9.237340,3.441799,-0.000612
20.738783,34.233170,26.328212,1012.870632,-2.656930,65.919715,9.248929,3.454547,0.003371
20.736358,34.247764,26.266473,1008.389405,-2.668306,65.926994,9.255972,3.445543,-0.003122
20.731308,34.256154,26.189057,1003.889530,-2.691023,65.938492,9.270208,3.457273,0.003291
20.743918,34.276589,26.119993,999.392884,-2.691174,65.943727,9.279301,3.457110,0.006912
0.039437,0.042932,56.196386,4992.259672,-0.534027,44.999909,3.373812,1.251859,-0.002056
0.096340,0.101180,56.115030,4990.502733,-0.562307,45.000959,3.399695,1.277138,0.001048
0.141228,0.143541,56.039618,4988.741096,-0.602590,44.994155,3.436857,1.278740,0.007191
0.184353,0.181859,55.974148,4986.963588,-0.623567,45.007298,3.476566,1.291856,-0.002049
0.233384,0.232314,55.882974,4985.172731,-0.665662,45.000571,3.500834,1.321877,0.008237
0.282268,0.287889,55.804068,4983.377428,-0.690942,45.010792,3.554253,1.315731,-0.000482
0.331962,0.330431,55.706739,4981.552015,-0.715337,45.001509,3.601167,1.340933,-0.012819
0.372421,0.375764,55.609090,4979.719522,-0.747522,44.997570,3.648358,1.368045,-0.000206
0.418061,0.426061,55.504821,4977.859889,-0.777343,45.001826,3.684270,1.367093,0.001153
0.476553,0.471098,55.403263,4975.994774,-0.798064,44.995082,3.737922,1.401291,-0.008500
0.525468,0.516854,55.292238,4974.081566,-0.838705,44.997720,3.793349,1.417114,0.004714
0.564685,0.567726,55.188002,4972.161307,-0.857440,45.003176,3.854711,1.434218,0.002433
0.614160,0.614295,55.070958,4970.214753,-0.872267,45.007336,3.907627,1.445496,-0.003035
0.660616,0.663569,54.961241,4968.237611,-0.896936,45.007576,3.972348,1.483394,0.002919
0.713475,0.708455,54.844928,4966.234161,-0.921594,45.007205,4.036979,1.500192,0.001826
0.748629,0.751822,54.718630,4964.196013,-0.944400,45.011161,4.098493,1.522608,-0.011036
0.803987,0.799443,54.599700,4962.126719,-0.956598,45.005755,4.169488,1.549795,0.002384
0.848134,0.839902,54.469895,4960.029061,-0.992519,45.004186,4.240143,1.577558,0.014412
0.889620,0.901815,54.346278,4957.881961,-0.999198,45.012348,4.310231,1.606273,0.008321
0.941939,0.941512,54.222404,4955.712171,-1.014058,45.009162,4.381898,1.632093,-0.009050
0.987368,0.989915,54.086555,4953.506981,-1.032346,45.017900,4.465686,1.660148,-0.000248
1.031353,1.033079,53.949703,4951.243805,-1.062445,45.011826,4.546523,1.697749,-0.007972
1.089089,1.070013,53.811391,4948.954683,-1.060571,45.019197,4.636015,1.733912,-0.004284
1.133883,1.123581,53.677096,4946.599013,-1.071193,45.020355,4.724251,1.759084,0.001895
1.170943,1.182229,53.532337,4944.209324,-1.076869,45.014379,4.808147,1.787697,0.004904
1.224216,1.223324,53.392073,4941.774963,-1.088878,45.021705,4.895533,1.819771,-0.002285
1.278483,1.263528,53.243892,4939.285397,-1.091667,45.018940,4.999665,1.864371,0.001591
1.312304,1.312501,53.114124,4936.753301,-1.099660,45.025885,5.087255,1.892060,0.011320
1.359165,1.372089,52.963214,4934.154184,-1.105184,45.021279,5.183114,1.940539,-0.009797
1.409571,1.410270,52.804649,4931.508992,-1.103567,45.026008,5.288517,1.966382,-0.001474
1.455130,1.462021,52.669566,4928.813979,-1.111390,45.024381,5.381259,2.007385,0.000609
1.498115,1.497869,52.535922,4926.044687,-1.110647,45.032659,5.495704,2.045316,0.006872
1.542466,1.541315,52.396880,4923.231850,-1.104689,45.036870,5.594608,2.082511,-0.004874
1.584762,1.602674,52.242901,4920.344463,-1.101229,45.027145,5.701316,2.123552,0.008279
1.640889,1.648401,52.096193,4917.410518,-1.101198,45.027074,5.813479,2.171208,0.006933
1.687407,1.683273,51.958857,4914.408100,-1.084018,45.033122,5.914884,2.207084,-0.001305
1.736742,1.736258,51.817668,4911.349050,-1.073145,45.036761,6.029797,2.245222,0.000874
1.777614,1.785184,51.686115,4908.216556,-1.067948,45.036266,6.136485,2.287668,0.007084
1.822008,1.832210,51.550808,4905.020055,-1.050794,45.040556,6.255702,2.325028,-0.002026
1.870743,1.862686,51.415517,4901.750269,-1.038241,45.043750,6.350151,2.362885,-0.000885
1.913780,1.924514,51.283119,4898.437510,-1.017565,45.052843,6.469810,2.407851,-0.000267
1.968441,1.982761,51.159282,4895.052978,-0.996699,45.041380,6.578915,2.459679,-0.007371
2.004295,2.011040,51.026608,4891.576480,-0.976684,45.055906,6.685766,2.493338,0.005961
2.061719,2.058068,50.908064,4888.065797,-0.951037,45.052861,6.798651,2.529613,-0.001537
2.113291,2.103398,50.783145,4884.472931,-0.919881,45.056511,6.909804,2.564634,0.009126
2.155234,2.156941,50.674382,4880.822929,-0.900113,45.059584,7.013403,2.617450,0.003315
2.198507,2.197544,50.559081,4877.099330,-0.870566,45.060652,7.108779,2.654936,-0.000582
2.243732,2.246161,50.445162,4873.317163,-0.849548,45.061737,7.209739,2.687244,0.003223
2.288248,2.287965,50.349096,4869.476403,-0.814268,45.066089,7.301704,2.721825,-0.001784
2.330588,2.343026,50.242046,4865.557902,-0.781124,45.072201,7.388757,2.757449,-0.008828
2.382122,2.384482,50.134522,4861.598581,-0.747461,45.079066,7.491529,2.792485,0.000084
2.424916,2.427762,50.038890,4857.570194,-0.707503,45.070413,7.561997,2.820276,-0.001034
2.469645,2.474030,49.956148,4853.492713,-0.662720,45.083283,7.653626,2.850483,0.003738
2.517339,2.531969,49.872122,4849.360558,-0.639302,45.095718,7.721545,2.870875,6.005804
2.564928,2.562743,49.805222,4845.174732,-0.603285,45.114929,7.802262,2.901316,6.009705
2.608726,2.614496,49.724362,4840.937942,-0.551713,45.130257,7.865777,2.942832,6.001201
2.657834,2.655990,49.657859,4836.661245,-0.509304,45.137851,7.937158,2.948488,5.997016
2.704144,2.714670,49.597329,4832.342789,-0.464910,45.158754,7.992883,2.974132,6.003785
2.747235,2.748737,49.538812,4827.975159,-0.431674,45.181697,8.046171,2.986218,5.997659
2.795451,2.799716,49.488506,4823.574496,-0.382427,45.201122,8.081087,3.005101,6.002253
2.840000,2.842993,49.442290,4819.143891,-0.336204,45.214803,8.123807,3.017088,6.001224
2.887352,2.887766,49.409113,4814.683628,-0.287129,45.240883,8.148673,3.029654,5.998449
2.926679,2.937209,49.374978,4810.189586,-0.248029,45.254112,8.171488,3.047957,6.004002
2.974866,2.991074,49.341550,4805.672023,-0.207022,45.264232,8.185502,3.050029,5.998793
3.022743,3.022117,49.321786,4801.141347,-0.147825,45.284766,8.202924,3.059407,6.002734
3.062550,3.071164,49.298030,4796.600157,-0.114745,45.313554,8.197090,3.060756,6.007186
3.108477,3.117538,49.287600,4792.032147,-0.058572,45.323898,8.199739,3.054598,5.995851
3.152586,3.170589,49.283531,4787.469214,-0.014080,45.352021,8.186055,3.054619,5.994477
3.199926,3.215273,49.291782,4782.894081,0.026580,45.367464,8.171259,3.035922,5.998138
3.246116,3.249952,49.291778,4778.319993,0.072771,45.387548,8.145593,3.033612,6.001306
3.288023,3.308005,49.307790,4773.747144,0.116454,45.410171,8.122297,3.023454,5.998127
3.330397,3.341980,49.322958,4769.183661,0.159787,45.415858,8.083197,3.009352,5.998307
3.380841,3.398315,49.352207,4764.629197,0.198020,45.435896,8.041842,3.000256,6.003046
3.415172,3.443507,49.371890,4760.077106,0.247452,45.451253,7.997752,2.981505,5.993661
3.470577,3.484096,49.411524,4755.562759,0.286139,45.481161,7.937748,2.956043,5.996623
3.512423,3.532151,49.440695,4751.072962,0.328920,45.498621,7.900493,2.931951,6.000567
3.556410,3.572766,49.484968,4746.599976,0.356885,45.516653,7.825794,2.919372,6.005624
3.601437,3.615802,49.524709,4742.136244,0.400903,45.527597,7.757158,2.895822,6.002157
3.641827,3.660924,49.590582,4737.709773,0.448221,45.545408,7.687971,2.868181,6.002833
3.686933,3.714855,49.645518,4733.330235,0.480406,45.565982,7.603898,2.833577,5.993404
3.743229,3.749447,49.694774,4728.970561,0.496725,45.583613,7.531233,2.798263,6.002757
3.783611,3.804481,49.766896,4724.650964,0.538079,45.604375,7.452181,2.782984,6.001301
3.827273,3.847202,49.832083,4720.366821,0.580433,45.619912,7.369063,2.743729,5.997371
3.863593,3.882300,49.916000,4716.137554,0.600521,45.638538,7.281504,2.711171,6.006717
3.918211,3.935612,49.987970,4711.937310,0.624413,45.666566,7.184810,2.677501,5.996833
3.957707,3.990788,50.063146,4707.783777,0.657885,45.669752,7.102201,2.654477,5.995907
4.000222,4.027167,50.149775,4703.676686,0.679907,45.683527,7.009647,2.612528,6.000101
4.050164,4.069005,50.224847,4699.613365,0.694218,45.708532,6.921035,2.571898,5.998108
4.081653,4.109749,50.308957,4695.594746,0.719188,45.719101,6.804289,2.539301,5.997540
4.142369,4.157750,50.400658,4691.636286,0.737470,45.739169,6.720822,2.497870,6.007915
4.171796,4.201152,50.500053,4687.717681,0.754772,45.762540,6.627304,2.466021,6.002784
4.225083,4.254570,50.586530,4683.858039,0.766776,45.781693,6.528021,2.426480,6.010028
4.257595,4.295408,50.688731,4680.038930,0.781773,45.796913,6.424033,2.394833,5.998453
4.318803,4.340940,50.775858,4676.282999,0.789821,45.816042,6.326372,2.360038,6.001437
4.341074,4.393043,50.877770,4672.569125,0.798057,45.822555,6.230518,2.322814,5.994155
4.392177,4.432137,50.975334,4668.909419,0.807496,45.840225,6.140234,2.284982,5.993455
4.433730,4.477333,51.079817,4665.305747,0.812720,45.865021,6.058554,2.252250,5.995251
4.479845,4.525937,51.170779,4661.746597,0.810559,45.874085,5.951296,2.217109,5.991416
4.523867,4.567658,51.268745,4658.227784,0.804719,45.887479,5.862432,2.180136,6.010810
4.570553,4.610137,51.365060,4654.774140,0.823157,45.909792,5.770003,2.151732,6.001503
4.611472,4.655832,51.468792,4651.371976,0.800837,45.929399,5.678505,2.121346,5.994967
4.653578,4.705470,51.576036,4648.008487,0.808944,45.936625,5.601912,2.086743,6.003418
4.701012,4.742654,51.671894,4644.697496,0.804389,45.950936,5.505278,2.056990,5.995334
4.736290,4.783987,51.761477,4641.432148,0.798657,45.965525,5.431636,2.016474,6.001078
4.789449,4.833042,51.862905,4638.230903,0.792815,45.981068,5.362444,1.995113,5.994341
4.824985,4.880613,51.958178,4635.061400,0.775924,45.994981,5.269703,1.962969,6.004820
4.864382,4.926211,52.041097,4631.941406,0.760713,46.003870,5.198534,1.939369,6.000640
4.913852,4.981283,52.145932,4628.857581,0.747928,46.026324,5.125662,1.909587,5.999374
4.965455,5.016193,52.228441,4625.829983,0.731426,46.043440,5.060115,1.880713,5.992602
5.001890,5.062052,52.317146,4622.848622,0.727529,46.046808,4.986443,1.857535,6.004561
5.029123,5.103608,52.399393,4619.898033,0.698463,46.072271,4.911773,1.839504,6.000939
5.089072,5.150567,52.495014,4616.981614,0.679300,46.079025,4.857973,1.810246,5.998897
5.130546,5.192356,52.563372,4614.127572,0.673481,46.099388,4.794742,1.779852,5.993999
5.166008,5.244168,52.644100,4611.291948,0.647787,46.105850,4.735599,1.760767,6.010239
5.211071,5.278490,52.719688,4608.509555,0.615063,46.129639,4.679914,1.738469,6.000012
5.257483,5.321970,52.796286,4605.757154,0.596703,46.138320,4.618821,1.729549,5.998563
5.303465,5.372787,52.866891,4603.035154,0.584567,46.153610,4.572843,1.701721,6.001603
5.348202,5.422512,52.940519,4600.339295,0.554821,46.167649,4.528185,1.689168,5.996927
5.391337,5.463467,52.996280,4597.698272,0.518166,46.180029,4.474618,1.676094,6.008757
5.425394,5.508665,53.067143,4595.080732,0.491588,46.197982,4.434939,1.651856,5.997056
5.472474,5.557888,53.118810,4592.494666,0.464492,46.213470,4.397390,1.636080,5.994765
5.507725,5.594998,53.171431,4589.934507,0.440127,46.217620,4.357241,1.616423,6.004598
5.543864,5.640912,53.223590,4587.396693,0.412570,46.238692,4.319248,1.605218,6.008602
5.596602,5.690641,53.268455,4584.899934,0.377817,46.251147,4.291350,1.592414,6.000532
5.636184,5.726862,53.315883,4582.419978,0.348199,46.270938,4.266507,1.589641,5.998777
5.677160,5.771311,53.347289,4579.964355,0.310745,46.283613,4.227818,1.571341,6.000107
5.726430,5.816594,53.393013,4577.532746,0.280137,46.288855,4.207614,1.566440,5.991682
5.764043,5.864797,53.422500,4575.123855,0.249011,46.304526,4.174129,1.559408,6.003108
5.804710,5.915165,53.439608,4572.730664,0.218495,46.328106,4.164150,1.552335,6.000584
5.853821,5.942345,53.471913,4570.366670,0.183538,46.334765,4.134230,1.544954,5.990537
5.893591,5.998451,53.496078,4568.015343,0.150175,46.347006,4.126980,1.534959,5.992575
5.935029,6.043551,53.509505,4565.686331,0.119168,46.360503,4.118668,1.528473,6.000758
5.977826,6.079757,53.509772,4563.360130,0.077257,46.381793,4.108134,1.519341,6.006909
6.013003,6.127920,53.529489,4561.062944,0.039616,46.395791,4.088870,1.523353,6.000275
6.064000,6.169209,53.534700,4558.777311,0.012436,46.412586,4.078613,1.522788,5.994145
6.114218,6.218754,53.531819,4556.483802,-0.034445,46.406616,4.084333,1.515150,6.003996
6.148277,6.261817,53.534040,4554.228001,-0.063619,46.430968,4.067849,1.514844,5.997227
6.177571,6.309796,53.511223,4551.945242,-0.101269,46.445256,4.084508,1.520745,5.995337
6.222668,6.350879,53.502335,4549.704113,-0.136586,46.457184,4.090895,1.520092,6.002197
6.277398,6.393742,53.487912,4547.455957,-0.174915,46.472526,4.087134,1.524846,5.994207
6.318370,6.453265,53.460847,4545.214314,-0.206117,46.494481,4.094330,1.521872,5.997207
6.354873,6.485971,53.433785,4542.982348,-0.242049,46.512804,4.111551,1.530229,6.000640
6.396640,6.527064,53.406293,4540.734650,-0.278153,46.521032,4.118961,1.546649,5.999383
6.435780,6.570792,53.374166,4538.504370,-0.311385,46.536267,4.141161,1.539113,6.003899
6.484959,6.621560,53.336973,4536.259169,-0.351690,46.553193,4.156607,1.544830,6.004306
6.518247,6.675397,53.295152,4534.028738,-0.376141,46.565632,4.176116,1.555440,6.000240
6.558417,6.707109,53.243707,4531.787794,-0.423426,46.572683,4.204894,1.562302,-0.009979
6.598944,6.753811,53.197504,4529.534105,-0.443824,46.568127,4.230830,1.571515,-0.000181
6.648990,6.795264,53.138342,4527.289538,-0.478667,46.593073,4.265591,1.592099,0.002022
6.690400,6.839211,53.073561,4525.028667,-0.528032,46.586873,4.287614,1.601165,0.000065
6.728780,6.884299,53.008149,4522.754778,-0.539806,46.601078,4.328646,1.610477,-0.004585
6.768805,6.922491,52.951738,4520.465306,-0.574787,46.607028,4.359738,1.627844,-0.000938
6.815074,6.971157,52.882760,4518.160017,-0.611603,46.621756,4.405496,1.642796,-0.007449
6.852373,7.021253,52.811830,4515.844786,-0.640858,46.612375,4.436530,1.646092,0.002755
6.890798,7.067059,52.725705,4513.521286,-0.670481,46.619425,4.488452,1.663444,-0.005314
6.937272,7.102538,52.645780,4511.172197,-0.697123,46.627482,4.537717,1.690168,-0.000238
6.978705,7.139225,52.556108,4508.803629,-0.714334,46.644354,4.580500,1.712669,-0.000274
7.004835,7.192494,52.472561,4506.412012,-0.747028,46.644553,4.628124,1.727703,0.002241
7.052558,7.233969,52.383778,4504.005757,-0.778034,46.650553,4.690360,1.742257,0.001877
7.094423,7.277386,52.289051,4501.570214,-0.804597,46.658043,4.762792,1.767705,0.002459
7.140057,7.333054,52.198699,4499.108251,-0.827038,46.656373,4.806404,1.784207,0.001796
7.189123,7.363868,52.097946,4496.623055,-0.849297,46.671241,4.860480,1.809497,0.006823
7.234587,7.419688,51.992269,4494.103713,-0.869669,46.682361,4.935994,1.834126,0.006659
7.266830,7.466531,51.887962,4491.550015,-0.888669,46.687523,4.996769,1.865108,0.002720
7.298036,7.496352,51.782852,4488.963271,-0.906075,46.687002,5.067785,1.892648,0.007023
7.354360,7.551900,51.679442,4486.348889,-0.932168,46.706077,5.137807,1.918443,0.004236
7.386866,7.588086,51.572787,4483.700601,-0.945999,46.720028,5.211419,1.944969,0.009994
7.434169,7.634860,51.447170,4481.010517,-0.957278,46.720001,5.295639,1.972722,0.001177
7.474896,7.686301,51.337004,4478.268677,-0.971710,46.726441,5.367609,2.006656,-0.000126
7.509255,7.728284,51.240223,4475.499551,-0.994242,46.732322,5.436715,2.033907,0.007148
7.557126,7.769088,51.108862,4472.686816,-1.000876,46.729028,5.536811,2.056207,0.003843
7.597922,7.801201,50.983538,4469.822173,-1.006897,46.735777,5.620817,2.092465,-0.007169
7.636344,7.859119,50.869345,4466.921410,-1.011689,46.751171,5.707252,2.122361,-0.007065
7.681097,7.897275,50.749152,4463.969595,-1.026066,46.763422,5.794431,2.155649,0.003967
7.713965,7.945151,50.632988,4460.966337,-1.034299,46.762156,5.887307,2.183357,-0.002988
7.770469,7.988090,50.512790,4457.910312,-1.034225,46.788592,5.980434,2.234335,0.002751
7.806758,8.020570,50.390831,4454.803864,-1.027756,46.789223,6.070386,2.255094,0.003677
7.844996,8.075775,50.273190,4451.657065,-1.041364,46.800509,6.161562,2.294521,-0.001159
7.884471,8.118593,50.155152,4448.441743,-1.040492,46.799554,6.255972,2.323973,0.005920
7.922453,8.152877,50.033226,4445.184546,-1.028318,46.813517,6.352313,2.365230,-0.002537
7.967876,8.218395,49.910063,4441.862136,-1.022639,46.818848,6.446326,2.400288,0.001025
8.004870,8.244399,49.793954,4438.487457,-1.017423,46.825120,6.556049,2.446972,-0.007408
8.048367,8.299136,49.673384,4435.054607,-0.994196,46.832331,6.651642,2.490133,-0.005499
8.096783,8.316381,49.553971,4431.552922,-1.004641,46.837310,6.750718,2.517457,0.004275
8.124231,8.376460,49.442333,4428.014063,-0.978270,46.841402,6.850137,2.550917,-0.002877
8.167667,8.421617,49.323726,4424.404269,-0.969042,46.848349,6.948015,2.578989,0.002624
8.212594,8.464519,49.221692,4420.733752,-0.955941,46.862388,7.049549,2.629112,-0.001789
8.252076,8.513147,49.124235,4416.998018,-0.932092,46.876454,7.142617,2.661117,0.001589
8.279445,8.546555,49.004942,4413.210948,-0.915454,46.881186,7.238787,2.697182,0.003018
8.320441,8.598367,48.893673,4409.374284,-0.892710,46.893045,7.341480,2.737516,0.000530
8.370979,8.630627,48.804753,4405.483118,-0.875071,46.899315,7.429788,2.766386,-0.009275
8.420596,8.681914,48.697365,4401.520921,-0.850791,46.915509,7.515562,2.802537,-0.002519
8.444787,8.733723,48.605433,4397.502477,-0.822890,46.915327,7.603414,2.837402,-0.001008
8.490400,8.764431,48.516406,4393.428141,-0.786626,46.916749,7.688490,2.859060,0.010874
8.533473,8.817127,48.422358,4389.308748,-0.753573,46.930508,7.777103,2.891584,0.000930
8.570148,8.856832,48.339218,4385.134688,-0.715729,46.944144,7.855327,2.924225,-0.009395
8.613515,8.901859,48.249522,4380.905351,-0.687653,46.943008,7.921271,2.946491,0.010816
8.646274,8.948842,48.184266,4376.621849,-0.661137,46.953820,7.994016,2.984468,-0.004998
8.695502,8.990855,48.100598,4372.294855,-0.625099,46.971263,8.058672,3.005327,-0.006177
8.729291,9.036227,48.032100,4367.922908,-0.593608,46.977689,8.126537,3.021406,-0.002744
8.772384,9.070387,47.978790,4363.505807,-0.543727,46.986882,8.183648,3.051386,-0.009675
8.806786,9.127307,47.920701,4359.051507,-0.511800,47.000463,8.238899,3.083035,0.002032
8.850366,9.157321,47.852714,4354.556440,-0.471318,46.998873,8.289316,3.090079,-0.003563
8.888366,9.208685,47.789190,4350.027903,-0.421089,47.005136,8.329745,3.103416,-0.003030
8.925446,9.244525,47.748856,4345.461736,-0.397601,47.023817,8.367385,3.118803,-0.002920
8.977316,9.285271,47.706915,4340.872941,-0.340465,47.023067,8.408229,3.133606,0.000484
9.006824,9.336988,47.672346,4336.266849,-0.305512,47.025567,8.430732,3.149019,0.001414
9.048651,9.376535,47.640983,4331.611009,-0.261200,47.042780,8.455667,3.142750,0.000217
9.095843,9.422903,47.615156,4326.949079,-0.227903,47.047439,8.468107,3.149328,-0.004672
9.128301,9.458428,47.594014,4322.260015,-0.182500,47.064154,8.470305,3.160198,-0.001952
9.160905,9.491067,47.568020,4317.574880,-0.147343,47.074791,8.482641,3.160867,0.000982
9.211177,9.543255,47.552313,4312.860345,-0.102459,47.067238,8.481879,3.156392,0.001822
9.254490,9.589977,47.546934,4308.143608,-0.045620,47.091484,8.465440,3.146304,-0.009262
9.288724,9.628218,47.543961,4303.431301,-0.010468,47.088182,8.446116,3.141728,0.004754
9.322613,9.675289,47.541645,4298.705259,0.036665,47.105791,8.427532,3.130955,-0.013374
9.359190,9.717870,47.554141,4293.990309,0.079191,47.122269,8.405750,3.129422,0.002125
9.404804,9.763314,47.566879,4289.271130,0.117297,47.125446,8.378215,3.115930,-0.008059
9.432912,9.801724,47.572501,4284.578610,0.154435,47.138016,8.332316,3.111221,0.003163
9.477478,9.842239,47.604106,4279.884640,0.189626,47.143011,8.295669,3.087548,-0.005462
9.520521,9.888019,47.626573,4275.223506,0.235389,47.145194,8.240625,3.063876,-0.003977
9.555764,9.926173,47.653436,4270.548032,0.274981,47.154799,8.201259,3.055297,-0.001405
9.599202,9.976475,47.680851,4265.923618,0.316124,47.172411,8.141927,3.031905,0.006840
9.633126,10.011854,47.722451,4261.293878,0.336785,47.167628,8.087328,3.012984,-0.005664
9.680208,10.059503,47.757976,4256.699360,0.363765,47.185537,8.024086,2.984799,0.004668
9.710766,10.095287,47.802183,4252.152190,0.411380,47.196417,7.966589,2.959111,0.001964
9.749203,10.156840,47.847787,4247.600121,0.432190,47.206540,7.894012,2.937307,-0.001921
9.784580,10.189983,47.900983,4243.108050,0.465826,47.215404,7.810242,2.911885,-0.001399
9.823997,10.227397,47.948343,4238.650289,0.489295,47.221246,7.737920,2.872581,-0.004497
9.861897,10.264696,48.015575,4234.208368,0.506914,47.229688,7.658753,2.850442,-0.002927
9.903220,10.322197,48.077522,4229.820102,0.543299,47.241217,7.586751,2.820179,0.007398
9.933106,10.356133,48.124939,4225.453676,0.564637,47.254126,7.501659,2.793026,0.001364
9.977283,10.403141,48.192356,4221.145484,0.584781,47.264074,7.430764,2.763710,0.006128
10.029121,10.444858,48.263354,4216.862250,0.593373,47.272606,7.341274,2.735400,0.000559
10.066028,10.484912,48.340041,4212.626618,0.626577,47.273917,7.253836,2.695536,0.003165
10.099629,10.530731,48.397355,4208.439890,0.648363,47.283680,7.170110,2.667244,-0.004934
10.139098,10.565013,48.466625,4204.300809,0.652768,47.306433,7.089176,2.638799,-0.003644
10.169983,10.607354,48.531518,4200.200247,0.662662,47.317258,7.001189,2.613167,0.004061
10.208049,10.655910,48.615082,4196.139633,0.681088,47.317894,6.921101,2.578935,0.006309
10.251631,10.685133,48.687240,4192.122239,0.676649,47.332219,6.831488,2.545394,-0.011145
10.286026,10.739006,48.764457,4188.166584,0.678394,47.340642,6.744742,2.516708,-0.002325
10.321660,10.781166,48.835153,4184.238116,0.684665,47.349741,6.667721,2.479583,0.004211
10.359487,10.816347,48.907675,4180.376510,0.692136,47.351078,6.590302,2.450165,-0.003069
10.399921,10.866473,48.992586,4176.539295,0.693029,47.369536,6.498568,2.416754,0.005700
10.443651,10.907623,49.064261,4172.765120,0.695188,47.381960,6.419016,2.391659,0.000786
10.481268,10.947738,49.135073,4169.014524,0.693446,47.387443,6.335523,2.367921,-0.002526
10.514461,10.974919,49.216049,4165.328704,0.683508,47.394104,6.253011,2.331903,-0.010083
10.549952,11.020411,49.285842,4161.678050,0.693194,47.405768,6.184417,2.300703,0.002714
10.584995,11.068414,49.361242,4158.080865,0.671384,47.417986,6.110406,2.276629,-0.001197
10.630680,11.110181,49.439221,4154.516421,0.663614,47.425391,6.047133,2.252957,-0.000585
10.657531,11.142241,49.509317,4150.993511,0.656848,47.441988,5.958773,2.230545,0.000269
10.691907,11.187554,49.571284,4147.527068,0.633570,47.453870,5.897174,2.201538,-0.005258
10.737296,11.237267,49.653215,4144.076895,0.614820,47.454687,5.830398,2.173888,-0.003959
10.775231,11.275258,49.701008,4140.676290,0.612950,47.463473,5.759320,2.139924,0.007263
10.813257,11.323880,49.782137,4137.320517,0.588899,47.468771,5.716452,2.127745,-0.003354
10.847281,11.349858,49.841907,4133.993932,0.571565,47.488041,5.646204,2.111175,0.002612
10.884851,11.412041,49.901251,4130.711931,0.558513,47.498758,5.598415,2.083237,-0.002962
10.928303,11.436599,49.958425,4127.478366,0.519992,47.504487,5.535279,2.065180,-0.004044
10.952985,11.480880,50.009736,4124.265447,0.503114,47.510042,5.486111,2.043947,0.008651
10.993422,11.533000,50.072471,4121.083278,0.477223,47.530495,5.433344,2.027139,-0.009250
11.045449,11.559810,50.117129,4117.940984,0.450522,47.535688,5.395995,2.005602,0.000613
11.078243,11.604308,50.176060,4114.825206,0.433056,47.550935,5.341666,1.999328,0.002456
11.114892,11.646056,50.211836,4111.749663,0.404588,47.561980,5.299997,1.978668,-0.001989
11.145859,11.698800,50.243312,4108.708547,0.330818,47.654593,5.264090,1.959384,55.005370
11.181128,11.726134,50.277572,4105.700920,0.254720,47.754902,5.230326,1.950125,55.008007
11.227244,11.778861,50.307376,4102.724205,0.178885,47.861575,5.204914,1.940844,55.004523
11.266342,11.817609,50.324993,4099.770266,0.107627,47.959651,5.190500,1.927626,54.991716
11.304618,11.859097,50.336785,4096.870641,0.034293,48.059605,5.183136,1.930701,54.997152
11.327792,11.894070,50.329081,4093.975948,-0.039940,48.148058,5.170580,1.928574,54.997689
11.374164,11.940638,50.310469,4091.109722,-0.125859,48.256661,5.171095,1.925702,55.000748
11.403425,11.977148,50.294779,4088.254250,-0.203068,48.354717,5.179069,1.928854,55.008232
11.442869,12.023198,50.274231,4085.429905,-0.272752,48.455078,5.187740,1.935326,54.997419
11.471512,12.061859,50.239909,4082.610768,-0.356270,48.554022,5.205724,1.931973,55.007985
11.519452,12.099843,50.206325,4079.786915,-0.434615,48.650712,5.230501,1.948768,55.003521
11.555706,12.143784,50.140259,4076.981385,-0.506643,48.761076,5.258349,1.953593,54.996677
11.599376,12.189361,50.092125,4074.172883,-0.580658,48.861808,5.290881,1.968270,54.999973
11.627659,12.227537,50.035531,4071.349204,-0.660317,48.963920,5.337522,1.989853,55.008130
11.665891,12.271739,49.954816,4068.537010,-0.744613,49.062943,5.382641,2.006091,55.003239
11.691739,12.314708,49.882146,4065.704737,-0.813404,49.174717,5.428378,2.022776,55.001355
11.739309,12.355120,49.770811,4062.864729,-0.877605,49.279788,5.502561,2.055850,55.001470
11.774312,12.398114,49.680932,4060.005112,-0.962275,49.379050,5.556027,2.077167,54.993717
11.794478,12.445449,49.573179,4057.129234,-1.018226,49.498599,5.652172,2.101213,54.990383
11.829114,12.484118,49.461303,4054.217163,-1.103031,49.599166,5.729179,2.139189,55.005501
11.874501,12.526496,49.330031,4051.278429,-1.168990,49.722481,5.827830,2.171541,55.003405
11.909322,12.558582,49.203555,4048.303591,-1.251468,49.826141,5.910404,2.203415,55.000289
11.945146,12.611656,49.077572,4045.302039,-1.318769,49.942990,6.023033,2.244952,55.002796
11.971831,12.656981,48.933587,4042.248450,-1.379297,50.065033,6.133451,2.288818,55.000367
12.017023,12.704282,48.787945,4039.139559,-1.455736,50.173874,6.258020,2.331648,55.006233
12.043551,12.739590,48.628203,4035.988140,-1.518504,50.314207,6.377528,2.392210,55.005363
12.073927,12.779264,48.466077,4032.766771,-1.576728,50.431216,6.520743,2.433482,54.989028
12.114923,12.823554,48.292895,4029.493367,-1.641650,50.561235,6.670692,2.481934,55.008011
12.139029,12.865328,48.119677,4026.136380,-1.699756,50.683863,6.829524,2.539510,55.000946
12.181751,12.909723,47.935934,4022.724723,-1.754838,50.812928,6.986827,2.604841,55.001483
12.206858,12.950487,47.754219,4019.218222,-1.809190,50.962960,7.175394,2.674771,55.000656
12.255544,12.986958,47.549229,4015.634820,-1.871416,51.091671,7.339840,2.733224,55.008560
12.282969,13.034643,47.348700,4011.958138,-1.923579,51.234679,7.550097,2.811848,55.006877
12.315023,13.080165,47.151495,4008.170402,-1.971936,51.390242,7.757110,2.891333,55.011415
12.359095,13.120670,46.934089,4004.282384,-2.022665,51.534970,7.968184,2.970386,54.995721
12.391328,13.162448,46.730552,4000.291281,-2.063219,51.691718,8.192121,3.042966,55.001384
12.415371,13.205575,46.517050,3996.164687,-2.101437,51.849089,8.428113,3.131592,55.005759
12.450028,13.261919,46.293867,3991.935139,-2.147822,52.007061,8.678496,3.240965,55.002509
12.476301,13.296409,46.063438,3987.555412,-2.184400,52.180040,8.943779,3.313818,54.991296
12.508699,13.346720,45.831894,3983.045985,-2.214552,52.352694,9.218179,3.435633,55.006642
12.551494,13.375719,45.597798,3978.383751,-2.246495,52.521786,9.497710,3.547938,55.007218
12.574132,13.429950,45.361104,3973.571031,-2.268857,52.707006,9.794243,3.635407,54.997347
12.616095,13.470518,45.119497,3968.583513,-2.294463,52.907935,10.100102,3.764439,55.002362
12.643522,13.511133,44.882496,3963.440234,-2.315124,53.095062,10.425204,3.869217,54.992599
12.674030,13.550960,44.643589,3958.098808,-2.329894,53.295036,10.760685,4.004811,55.000529
12.713464,13.596383,44.403344,3952.587679,-2.335411,53.502885,11.083160,4.134480,55.000076
12.742168,13.651279,44.154883,3946.893686,-2.353450,53.721368,11.451906,4.270653,54.998433
12.773372,13.690317,43.916419,3940.987689,-2.352395,53.929852,11.810523,4.399196,54.994819
12.800835,13.732236,43.672415,3934.885256,-2.348902,54.167259,12.177059,4.538224,54.999271
12.836396,13.776387,43.428552,3928.575922,-2.350905,54.400238,12.553339,4.681470,55.000667
12.865286,13.819521,43.190439,3922.041747,-2.332655,54.641141,12.955755,4.823869,54.991059
12.891876,13.856800,42.947899,3915.288709,-2.313722,54.890144,13.353360,4.968940,54.997066
12.923835,13.909791,42.712493,3908.310396,-2.294794,55.144165,13.738823,5.109684,55.001758
12.950164,13.950834,42.491469,3901.092240,-2.275587,55.419456,14.142914,5.271206,54.995902
12.986074,14.001579,42.249687,3893.638294,-2.241431,55.693142,14.566184,5.422919,54.997877
13.005261,14.032231,42.029955,3885.967897,-2.209418,55.955731,14.980049,5.572797,54.997327
13.041219,14.080702,41.811897,3878.025645,-2.160758,56.257975,15.395785,5.722536,55.000760
13.061584,14.119695,41.584660,3869.853849,-2.124874,56.545346,15.800398,5.884547,55.000429
13.093968,14.177587,41.370919,3861.458677,-2.074824,56.849539,16.192018,6.031493,55.000529
13.123562,14.224457,41.166743,3852.808672,-2.008752,57.169786,16.613019,6.189643,54.997740
13.158280,14.258892,40.969905,3843.915370,-1.959657,57.486876,17.000331,6.337566,54.996208
13.184136,14.312062,40.779819,3834.789273,-1.894485,57.825223,17.391972,6.478755,55.000437
13.214564,14.346327,40.592252,3825.437643,-1.816919,58.160110,17.766751,6.613663,55.000999
13.227554,14.394116,40.423622,3815.860848,-1.747049,58.496876,18.123978,6.755560,55.000701
13.265378,14.441183,40.241980,3806.070227,-1.671973,58.857397,18.463026,6.883475,54.999345
13.287658,14.483659,40.077374,3796.068799,-1.593000,59.205764,18.790216,6.988705,54.994593
13.311601,14.527625,39.915726,3785.881754,-1.480784,59.572668,19.093776,7.116302,54.996568
13.338126,14.576288,39.784696,3775.493485,-1.395413,59.943647,19.368374,7.211192,55.008054
13.358942,14.628316,39.658899,3764.940650,-1.305118,60.320202,19.626145,7.321088,54.996563
13.382009,14.665171,39.525248,3754.220193,-1.206575,60.718525,19.867466,7.397264,55.006748
13.405985,14.703313,39.418478,3743.363221,-1.106491,61.097635,20.063437,7.471787,55.004886
13.439742,14.753709,39.303972,3732.368490,-1.005799,61.484722,20.242199,7.542442,54.999251
13.463099,14.807488,39.216951,3721.263414,-0.902133,61.889178,20.390131,7.600638,54.988682
13.492397,14.840709,39.133168,3710.052367,-0.792634,62.281395,20.494620,7.632135,55.000125
13.505889,14.892358,39.069086,3698.764638,-0.680646,62.692045,20.579775,7.663872,55.001167
13.529996,14.933814,39.000582,3687.410267,-0.564813,63.095924,20.633710,7.684412,55.001178
13.547119,14.977374,38.952657,3676.005183,-0.457381,63.507537,20.651636,7.688615,55.001642
13.578076,15.025711,38.924921,3664.576611,-0.344779,63.912018,20.629230,7.677635,55.007913
13.587844,15.074544,38.888491,3653.133996,-0.245270,64.320340,20.571959,7.665571,55.006633
13.625742,15.110370,38.866731,3641.710738,-0.130937,64.729740,20.501928,7.632650,54.992784
13.638827,15.166030,38.868444,3630.296568,-0.029477,65.138118,20.391387,7.598160,55.003373
13.657512,15.212279,38.867065,3618.933554,0.073717,65.547635,20.259105,7.548817,54.997897
13.682668,15.250870,38.874946,3607.614778,0.190321,65.965182,20.089272,7.490349,54.999317
13.691049,15.298520,38.898393,3596.384250,0.291801,66.366750,19.911805,7.421308,54.998649
13.722763,15.350212,38.934024,3585.229227,0.388513,66.757182,19.703684,7.333514,54.995920
13.730632,15.388991,38.973640,3574.172163,0.483951,67.156572,19.472959,7.256879,54.991009
13.758429,15.437568,39.016277,3563.236361,0.580158,67.556271,19.219028,7.145079,54.996217
13.779432,15.476103,39.092109,3552.409452,0.656114,67.956933,18.934747,7.058407,55.001400
13.799299,15.528034,39.146927,3541.733532,0.748503,68.343173,18.649370,6.949904,54.995794
13.803171,15.570661,39.216687,3531.199356,0.827400,68.721355,18.348511,6.827531,54.995260
13.822366,15.613704,39.297537,3520.809222,0.904539,69.090991,18.040412,6.721797,55.000211
13.843347,15.665020,39.386086,3510.568764,0.980504,69.472448,17.717262,6.589590,55.004189
13.855195,15.707290,39.480202,3500.512831,1.044883,69.837387,17.381419,6.482585,54.991740
13.876538,15.754910,39.578063,3490.612510,1.110070,70.184036,17.042497,6.351594,54.995536
13.885658,15.793251,39.685283,3480.896278,1.172785,70.555975,16.702852,6.220690,54.998435
13.904885,15.853088,39.778129,3471.346022,1.220547,70.904629,16.368386,6.084885,55.002076
13.923670,15.887571,39.909312,3461.987281,1.264210,71.237219,16.012031,5.968747,55.004703
13.931345,15.933626,40.017597,3452.802772,1.325528,71.583744,15.669214,5.838897,55.003146
13.949396,15.983473,40.135451,3443.796373,1.338367,71.921520,15.342613,5.708527,55.002584
13.966226,16.022068,40.264208,3434.969537,1.376692,72.235011,14.991568,5.585684,55.003196
13.981717,16.076604,40.385737,3426.334247,1.406660,72.549704,14.647769,5.455732,55.003135
13.989171,16.109396,40.520139,3417.872855,1.431954,72.863681,14.319418,5.340740,55.004703
14.006925,16.160561,40.639759,3409.595053,1.442572,73.170000,13.994691,5.212101,55.006741
14.013716,16.211433,40.775745,3401.490245,1.467613,73.465193,13.680968,5.102076,54.998281
14.024177,16.256163,40.904710,3393.562667,1.476260,73.760993,13.361445,4.980132,55.007805
14.043480,16.299096,41.034728,3385.795512,1.482202,74.048737,13.064737,4.869828,55.002685
14.049032,16.343970,41.173558,3378.204141,1.470554,74.347500,12.780183,4.756670,54.998366
14.058302,16.387241,41.297928,3370.775475,1.474246,74.614889,12.488190,4.652130,54.989378
14.078472,16.428936,41.423026,3363.510551,1.459240,74.891779,12.205708,4.545157,55.003441
14.094322,16.468868,41.551105,3356.382142,1.440136,75.162538,11.941937,4.444370,55.006218
14.098213,16.516978,41.688491,3349.436390,1.429104,75.405888,11.680865,4.358134,55.001006
14.115422,16.557159,41.801878,3342.620959,1.404370,75.677957,11.432703,4.255688,54.993204
14.127013,16.609085,41.919913,3335.934938,1.385309,75.924931,11.194313,4.161727,54.999276
14.132907,16.655657,42.046284,3329.400103,1.346939,76.174631,10.972771,4.091841,55.002403
14.152655,16.697552,42.155762,3323.000296,1.312948,76.412076,10.745975,4.010969,54.997029
14.164624,16.743968,42.273283,3316.721106,1.285295,76.661453,10.529504,3.920339,55.003515
14.161484,16.787477,42.384346,3310.561323,1.241817,76.895608,10.339661,3.849905,54.999102
14.173997,16.827307,42.495940,3304.535110,1.194728,77.122032,10.158038,3.786147,55.003330
14.175528,16.881473,42.586604,3298.609377,1.150365,77.357531,9.973195,3.713838,54.994475
14.194082,16.924545,42.688242,3292.813240,1.106207,77.575418,9.804087,3.655040,55.001965
14.203613,16.960093,42.783401,3287.101165,1.048847,77.786200,9.642230,3.587705,54.994880
14.211299,17.018732,42.865872,3281.496730,1.002290,78.021090,9.485710,3.531457,55.002716
14.215963,17.051198,42.949451,3275.985916,0.944087,78.234915,9.346592,3.475228,55.000374
14.217773,17.102835,43.037174,3270.568974,0.882810,78.448486,9.212376,3.429471,54.994132
14.233410,17.149280,43.098953,3265.246954,0.821665,78.653347,9.090684,3.392673,54.996258
14.250777,17.179443,43.172117,3259.988841,0.761357,78.871492,8.973578,3.345666,55.003230
14.263769,17.221909,43.236969,3254.819828,0.690752,79.069567,8.868650,3.299047,55.000478
14.262598,17.285778,43.282863,3249.735702,0.627442,79.277803,8.770812,3.267233,54.999192
14.271953,17.322043,43.335653,3244.708488,0.559096,79.483037,8.684316,3.230022,55.003403
14.276487,17.361480,43.384583,3239.738998,0.494214,79.676327,8.605978,3.203996,55.006949
14.287826,17.410229,43.413504,3234.844161,0.420035,79.884422,8.535685,3.176280,55.002923
14.284949,17.449614,43.461378,3229.987626,0.337261,80.085890,8.466020,3.151697,55.001603
14.304573,17.502191,43.478882,3225.193969,0.273733,80.276486,8.414672,3.134784,54.999408
14.310207,17.534686,43.499954,3220.456692,0.195665,80.469800,8.357468,3.111315,55.000042
14.315813,17.581804,43.522320,3215.747769,0.119062,80.679379,8.328384,3.101861,54.998922
14.326109,17.625117,43.514215,3211.088993,0.039457,80.868880,8.287009,3.093954,54.999967
14.326505,17.683237,43.525312,3206.469225,-0.038923,81.072184,8.268399,3.080362,54.999192
14.338080,17.712513,43.507886,3201.858631,-0.119322,81.263540,8.248636,3.078361,54.997410
14.344881,17.760638,43.502630,3197.298925,-0.187344,81.450252,8.236948,3.070918,55.003530
14.341066,17.808216,43.478435,3192.744181,-0.281227,81.651944,8.245602,3.064904,54.993594
14.354179,17.851150,43.456908,3188.226964,-0.358691,81.840628,8.247197,3.062647,55.002763
14.363599,17.891736,43.423835,3183.703680,-0.428765,82.050890,8.266225,3.077149,55.003694
14.366035,17.936233,43.382022,3179.198496,-0.505282,82.241980,8.283164,3.083077,55.003894
14.377996,17.977770,43.329892,3174.699970,-0.588648,82.438674,8.319967,3.090777,55.001430
14.374168,18.009186,43.283248,3170.203943,-0.655056,82.639665,8.358460,3.115302,54.998410
14.385118,18.060014,43.224711,3165.699256,-0.736221,82.839369,8.391701,3.124928,55.000027
14.385298,18.108282,43.158765,3161.188864,-0.809961,83.036631,8.442106,3.145515,55.000127
14.393505,18.158883,43.086186,3156.680583,-0.892219,83.245725,8.521310,3.177110,54.992489
14.404394,18.193619,43.012912,3152.136848,-0.976332,83.453586,8.567758,3.202372,54.999498
14.407581,18.235089,42.923967,3147.574138,-1.050510,83.654705,8.654805,3.221655,54.998946
14.410748,18.281830,42.843324,3142.997070,-1.126160,83.869498,8.734493,3.253592,55.004358
14.416885,18.323598,42.749595,3138.378300,-1.197356,84.079447,8.833238,3.285449,54.997307
14.424221,18.368814,42.646445,3133.737270,-1.263475,84.284748,8.930548,3.328600,55.004425
14.427501,18.407706,42.539683,3129.040628,-1.340963,84.509668,9.044168,3.363559,55.001830
14.423907,18.451576,42.418145,3124.314203,-1.408586,84.721574,9.149125,3.404227,55.004881
14.431132,18.501795,42.311145,3119.527787,-1.477722,84.945767,9.286336,3.455671,55.000740
14.434890,18.532930,42.186013,3114.684336,-1.542591,85.158962,9.404640,3.503971,55.005483
14.436068,18.578471,42.055777,3109.793891,-1.600329,85.395373,9.545237,3.557448,54.998606
14.441910,18.625161,41.919190,3104.824273,-1.657409,85.627689,9.701578,3.614065,54.999631
14.445170,18.673995,41.788516,3099.790294,-1.725735,85.867210,9.853130,3.673053,54.993500
14.439439,18.716597,41.645716,3094.675591,-1.782016,86.098450,10.024133,3.738459,55.002906
14.447558,18.754731,41.504645,3089.487193,-1.831147,86.341872,10.199045,3.801985,55.001037
14.445033,18.797034,41.345610,3084.217234,-1.889012,86.600239,10.383603,3.871081,54.998104
14.450406,18.844178,41.191368,3078.838076,-1.942883,86.853774,10.561861,3.943391,54.994514
14.454150,18.883338,41.032958,3073.382633,-1.987787,87.115172,10.759290,4.007120,55.003315
14.461082,18.920242,40.878517,3067.812103,-2.019372,87.371052,10.985384,4.088340,55.007076
14.463858,18.969715,40.706001,3062.133966,-2.066062,87.638795,11.192897,4.169001,54.995187
14.467578,18.999847,40.542940,3056.356736,-2.104380,87.915808,11.411625,4.249948,55.002236
14.464307,19.046282,40.377689,3050.445622,-2.131980,88.181977,11.654657,4.341612,54.995507
14.461007,19.094977,40.199435,3044.414031,-2.165119,88.478971,11.885103,4.413650,55.006486
14.457525,19.128496,40.020276,3038.276570,-2.197564,88.767057,12.137680,4.515158,55.005494
14.464580,19.173860,39.855888,3031.978907,-2.213690,89.069360,12.383077,4.613280,55.008946
14.464952,19.219804,39.670496,3025.550552,-2.232450,89.382853,12.636546,4.713277,55.005335
14.466218,19.263523,39.499538,3018.977828,-2.253822,89.694108,12.899687,4.799689,55.005340
14.471737,19.299544,39.321202,3012.277206,-2.268543,90.002710,13.163619,4.906035,55.006609
14.461631,19.338415,39.146320,3005.420448,-2.262339,90.327695,13.432739,5.009770,55.002718
14.467596,19.379420,38.967647,2998.408479,-2.271113,90.661662,13.703523,5.105782,54.997824
14.463355,19.429576,38.777935,2991.251484,-2.270604,91.001054,13.996053,5.218218,54.997783
14.473021,19.462815,38.614516,2983.915479,-2.262655,91.341722,14.273241,5.314405,55.003697
14.458215,19.504663,38.433951,2976.438539,-2.250037,91.701825,14.562777,5.424878,54.993477
14.460872,19.546191,38.259626,2968.785292,-2.238921,92.068857,14.854307,5.536687,55.003209
14.461916,19.594607,38.084756,2960.977354,-2.210087,92.424926,15.135901,5.631309,55.004323
14.462970,19.631242,37.916490,2952.998022,-2.190912,92.809219,15.421188,5.750514,55.010750
14.452708,19.680111,37.737464,2944.859364,-2.158285,93.196908,15.697429,5.851073,54.998893
14.464518,19.712071,37.582647,2936.539699,-2.125721,93.583298,15.975139,5.947293,54.993968
14.450920,19.747000,37.417411,2928.079067,-2.087405,93.989883,16.257828,6.052159,55.005684
14.440682,19.791834,37.259270,2919.453911,-2.048360,94.398328,16.518641,6.152688,54.999464
14.451352,19.831068,37.107265,2910.663583,-1.996480,94.802883,16.781650,6.248791,55.007635
14.440029,19.871077,36.965132,2901.719601,-1.950128,95.234930,17.031481,6.339836,54.997844
14.436462,19.911382,36.811495,2892.620647,-1.892300,95.662934,17.276509,6.439289,55.009658
14.432523,19.958049,36.677735,2883.366441,-1.829176,96.102147,17.501767,6.529775,54.998796
14.441704,19.996288,36.535363,2873.981610,-1.781376,96.544809,17.742146,6.608146,55.000414
14.427200,20.026745,36.397294,2864.462795,-1.703825,96.990493,17.938850,6.684293,55.008935
14.411526,20.073076,36.276502,2854.808423,-1.642055,97.463026,18.139905,6.762899,55.002548
14.411024,20.116070,36.163004,2845.014154,-1.565986,97.914911,18.315159,6.825707,55.006262
14.417581,20.143948,36.046298,2835.121902,-1.478603,98.390641,18.484833,6.887359,55.003583
14.408842,20.190061,35.942328,2825.124788,-1.418900,98.859506,18.635392,6.946721,54.997900
14.400431,20.224133,35.835504,2815.020101,-1.327521,99.346977,18.764886,6.996048,55.012983
14.394981,20.259074,35.755817,2804.834859,-1.231397,99.821266,18.875108,7.034862,54.992027
14.387620,20.301004,35.659374,2794.572290,-1.151282,100.314142,18.970312,7.077032,54.999139
14.381130,20.337182,35.566248,2784.227965,-1.073563,100.811269,19.055838,7.092427,55.002970
14.366303,20.377642,35.502311,2773.832811,-0.983056,101.303968,19.103759,7.125486,54.996356
14.363258,20.423426,35.440553,2763.375790,-0.894795,101.808091,19.139464,7.133675,55.002704
14.362914,20.460075,35.378447,2752.886224,-0.815932,102.302949,19.161855,7.142889,54.990250
14.347984,20.496667,35.310069,2742.358070,-0.716379,102.808571,19.164258,7.151439,55.000935
14.332217,20.525807,35.267738,2731.830768,-0.632288,103.317712,19.148959,7.137827,54.995061
14.331611,20.568517,35.225987,2721.283458,-0.538860,103.821699,19.116808,7.125058,54.998693
14.319641,20.604920,35.188948,2710.735938,-0.462079,104.324919,19.060770,7.108905,54.993380
14.315862,20.639299,35.162814,2700.215228,-0.369728,104.832339,18.995524,7.070514,54.999884
14.307674,20.684371,35.139011,2689.706463,-0.286310,105.330564,18.905491,7.044333,55.002479
14.294707,20.706306,35.122081,2679.234350,-0.193094,105.851081,18.812917,7.015181,55.003403
14.286813,20.748983,35.102214,2668.791857,-0.126105,106.346171,18.685844,6.962660,55.004127
14.272192,20.791629,35.109029,2658.403309,-0.038112,106.845446,18.562830,6.916103,55.007680
14.263374,20.813378,35.098880,2648.078600,0.029671,107.361719,18.419775,6.868743,55.013289
14.255270,20.859790,35.110787,2637.814948,0.095768,107.859209,18.256546,6.800922,55.004643
14.245050,20.879624,35.117170,2627.609033,0.176014,108.353350,18.093903,6.739514,54.999812
14.227710,20.928290,35.131366,2617.491059,0.236613,108.848573,17.929761,6.676292,55.006197
14.224884,20.960976,35.150693,2607.471584,0.311889,109.336167,17.735668,6.609439,54.996715
14.213526,20.980225,35.172689,2597.518323,0.367168,109.823060,17.545909,6.531283,55.006040
14.186410,21.014046,35.193576,2587.669460,0.422595,110.315907,17.340903,6.467663,54.997385
14.186814,21.063292,35.227902,2577.918137,0.475296,110.790210,17.141340,6.391863,55.004034
14.164010,21.086297,35.264319,2568.274056,0.529782,111.267108,16.932928,6.307027,54.992601
14.153829,21.118725,35.308425,2558.729147,0.563851,111.748709,16.718212,6.230814,55.002328
14.142090,21.155349,35.339873,2549.290552,0.606351,112.217402,16.502219,6.151533,55.000540
14.134512,21.196005,35.380466,2539.983222,0.639415,112.677343,16.298855,6.072589,54.998001
14.117363,21.210387,35.426555,2530.762803,0.665489,113.141138,16.078152,5.990057,55.005915
14.100409,21.253684,35.461285,2521.675733,0.693771,113.592777,15.855379,5.910728,54.994158
14.090781,21.283989,35.511817,2512.681837,0.717036,114.041863,15.642525,5.821548,54.999095
14.087319,21.319519,35.562046,2503.823146,0.739388,114.494663,15.433760,5.751471,55.010151
14.069625,21.338833,35.611105,2495.062665,0.747321,114.936354,15.206055,5.667105,54.995051
14.058007,21.375270,35.662897,2486.438935,0.760936,115.376852,15.011762,5.592620,54.999132
14.033836,21.412845,35.706568,2477.914222,0.766613,115.798400,14.803716,5.509074,54.998644
14.030916,21.444186,35.762778,2469.515177,0.760787,116.243766,14.597983,5.446589,54.998026
14.004432,21.465138,35.815068,2461.216663,0.756888,116.664434,14.411426,5.363597,54.997398
13.990075,21.508916,35.862057,2453.034330,0.753319,117.084684,14.209540,5.284599,54.999562
13.978974,21.535632,35.905353,2444.952540,0.741687,117.494459,14.021680,5.234797,54.999565
13.958089,21.554438,35.959472,2436.962782,0.923470,117.514786,13.824462,5.149580,-0.005068
13.946994,21.584392,36.030475,2429.033043,1.114887,117.521166,13.613895,5.070130,-0.005229
13.939745,21.613362,36.096696,2421.191948,1.294652,117.526924,13.376354,4.989864,0.002595
13.907777,21.648291,36.191868,2413.442687,1.463020,117.532006,13.130377,4.886974,-0.002706
13.900358,21.675806,36.283697,2405.778752,1.613007,117.539587,12.871070,4.790299,-0.002597
13.883681,21.710044,36.392720,2398.230038,1.769522,117.557118,12.600029,4.699454,0.005268
13.878872,21.733908,36.504037,2390.795458,1.903604,117.579115,12.320181,4.594188,0.000335
13.860998,21.765527,36.626552,2383.488477,2.042871,117.583504,12.032535,4.485775,-0.004226
13.837457,21.783536,36.757945,2376.316220,2.165314,117.594169,11.742114,4.369271,-0.001902
13.829985,21.830152,36.910115,2369.267139,2.284320,117.605553,11.446873,4.263962,-0.005239
13.812743,21.849368,37.046171,2362.359689,2.379554,117.610262,11.151842,4.159138,0.001662
13.793173,21.876069,37.185902,2355.588542,2.468247,117.624920,10.852212,4.047961,-0.005895
13.786451,21.907772,37.349475,2348.970282,2.546805,117.629951,10.561464,3.943805,0.000348
13.773130,21.943131,37.511683,2342.493646,2.618269,117.638466,10.278638,3.834544,-0.002744
13.757175,21.976634,37.679623,2336.160008,2.675521,117.647463,9.991612,3.714758,-0.004728
13.744508,21.993273,37.826831,2329.972163,2.728583,117.654663,9.716708,3.623459,0.011642
13.725263,22.013927,38.006561,2323.934998,2.755679,117.669669,9.432844,3.517566,0.007675
13.719751,22.062814,38.174684,2318.023965,2.787231,117.690432,9.157696,3.409629,-0.005132
13.690693,22.089582,38.344100,2312.267302,2.799902,117.691290,8.907915,3.319696,-0.001613
13.685047,22.117907,38.512252,2306.645148,2.820721,117.694959,8.656513,3.225208,-0.011301
13.671784,22.134101,38.681858,2301.159486,2.813913,117.708910,8.409128,3.123978,0.006112
13.652419,22.159435,38.844668,2295.821506,2.800815,117.722100,8.168707,3.050581,-0.000046
13.642584,22.194911,39.014079,2290.598650,2.789641,117.734789,7.950096,2.959049,0.005592
13.628343,22.217482,39.188155,2285.532890,2.756880,117.735482,7.731838,2.882221,-0.004857
13.617226,22.255161,39.345459,2280.576640,2.705601,117.747510,7.523489,2.801353,0.006489
13.594996,22.278498,39.506899,2275.735051,2.674678,117.759266,7.323851,2.728348,0.007436
13.587619,22.307300,39.665588,2271.023143,2.621611,117.769950,7.142622,2.648030,-0.003873
13.557048,22.331706,39.816068,2266.440587,2.555488,117.779101,6.957977,2.584128,0.002941
13.556526,22.360489,39.969687,2261.952736,2.491099,117.788977,6.775404,2.528146,0.004132
13.539954,22.389897,40.114384,2257.593859,2.416378,117.802931,6.614915,2.469512,-0.001026
13.521929,22.414191,40.255170,2253.334723,2.331890,117.809147,6.456981,2.411177,0.005997
13.508204,22.442664,40.391164,2249.174283,2.245210,117.810896,6.315510,2.349170,0.006306
13.499522,22.473550,40.518703,2245.119358,2.168553,117.826622,6.175076,2.300070,-0.001867
13.481030,22.495977,40.640307,2241.175624,2.066582,117.837035,6.048001,2.252775,-0.005927
13.472321,22.524039,40.766133,2237.312001,1.977843,117.852773,5.936775,2.204781,0.003945
13.456543,22.560618,40.872217,2233.528344,1.862526,117.857337,5.823053,2.175432,-0.005043
13.445659,22.586545,40.975038,2229.859275,1.754155,117.865098,5.711311,2.130455,-0.003969
13.426835,22.608362,41.082516,2226.258996,1.638833,117.878052,5.617216,2.090787,-0.000696
13.417638,22.642903,41.167375,2222.741949,1.517032,117.877505,5.526781,2.059375,0.005389
13.402878,22.663553,41.265050,2219.318949,1.393823,117.898906,5.442135,2.026405,0.003985
13.391834,22.693521,41.331539,2215.942639,1.273228,117.901107,5.375094,1.995153,-0.005610
13.371227,22.714993,41.406784,2212.656350,1.143737,117.913431,5.301853,1.977817,0.003039
13.354316,22.744800,41.462032,2209.441754,1.012372,117.925991,5.236962,1.952210,-0.001353
13.348741,22.773097,41.519301,2206.286963,0.870916,117.933959,5.186358,1.932173,0.007479
13.320067,22.797813,41.559098,2203.201968,0.736765,117.940701,5.133970,1.903827,-0.003398
13.316943,22.818322,41.608405,2200.175711,0.603567,117.942559,5.094207,1.897439,-0.000772
13.304007,22.846542,41.638703,2197.205667,0.465315,117.951313,5.053724,1.883732,0.004117
13.302513,22.877501,41.647998,2194.279406,0.322664,117.961488,5.028508,1.875795,-0.003335
13.281756,22.898948,41.676389,2191.418722,0.177863,117.966080,5.009579,1.871130,-0.003909
13.261796,22.931139,41.678295,2188.592150,0.036095,117.986088,4.992094,1.854590,-0.004622
13.240886,22.956015,41.675882,2185.820271,-0.119438,117.991672,4.976169,1.850779,-0.001471
13.236088,22.977860,41.668806,2183.088285,-0.255954,118.002363,4.981065,1.852947,-0.001442
13.218726,23.013835,41.646021,2180.405281,-0.405184,118.010348,4.971879,1.855447,0.002926
13.214326,23.035900,41.618397,2177.735930,-0.556653,118.022880,4.980492,1.853529,0.007920
13.197200,23.060891,41.576028,2175.102876,-0.688725,118.023093,4.985744,1.855235,0.003871
13.183750,23.092319,41.543198,2172.505819,-0.836318,118.039187,5.009891,1.865512,-0.002583
13.163169,23.113834,41.491285,2169.927849,-0.982825,118.054907,5.038847,1.874557,0.002319
13.149912,23.149003,41.431147,2167.373417,-1.126532,118.053740,5.064557,1.892433,0.001412
13.140213,23.156692,41.367943,2164.837533,-1.266606,118.067227,5.106574,1.898255,0.006599
13.125378,23.189077,41.278151,2162.315268,-1.412361,118.069518,5.151775,1.911366,0.004182
13.116945,23.212630,41.208499,2159.799585,-1.559069,118.088543,5.190043,1.932965,-0.004022
13.098746,23.248799,41.116062,2157.298681,-1.699211,118.083917,5.249099,1.966259,-0.010687
13.089495,23.274529,41.007257,2154.793849,-1.834511,118.098106,5.311913,1.981321,-0.005829
13.070792,23.294044,40.897773,2152.276413,-1.958326,118.103410,5.378775,1.997033,-0.001240
13.056849,23.327713,40.793836,2149.776171,-2.094248,118.119594,5.445096,2.031079,0.009448
13.046690,23.347273,40.668075,2147.247814,-2.216284,118.120248,5.528497,2.054558,-0.010470
13.032007,23.382678,40.542246,2144.713482,-2.347173,118.131627,5.614162,2.091655,0.006681
13.013506,23.402776,40.411191,2142.159325,-2.461983,118.135827,5.722672,2.128608,-0.001084
13.001134,23.420037,40.259304,2139.569134,-2.580098,118.146125,5.829207,2.169839,0.012549
12.989948,23.453693,40.116993,2136.966909,-2.702367,118.154830,5.913257,2.205736,0.003614
12.973120,23.476071,39.972825,2134.326228,-2.810636,118.165124,6.040129,2.254949,0.001382
12.959761,23.506794,39.791672,2131.645150,-2.913498,118.177216,6.168964,2.293814,-0.008316
12.943967,23.530969,39.634036,2128.909958,-3.016231,118.184169,6.287592,2.348439,-0.005001
12.936992,23.558513,39.462479,2126.134376,-3.110976,118.188672,6.429943,2.400500,-0.000639
12.919501,23.579351,39.286301,2123.304533,-3.197954,118.201058,6.563067,2.449319,-0.004087
12.908774,23.604662,39.105347,2120.418758,-3.291188,118.212756,6.728853,2.507946,-0.002859
12.892022,23.628130,38.927884,2117.461997,-3.363003,118.207503,6.876160,2.551295,0.000244
12.885677,23.662735,38.743559,2114.433667,-3.444005,118.227367,7.038535,2.627923,0.008994
12.864589,23.694371,38.544751,2111.333884,-3.492343,118.230414,7.216075,2.685847,-0.000717
12.858890,23.708723,38.353536,2108.145182,-3.561062,118.243751,7.394157,2.748070,-0.007749
12.834659,23.733553,38.155098,2104.869326,-3.597952,118.244229,7.577310,2.822661,-0.011978
12.822307,23.764578,37.955037,2101.515661,-3.663783,118.264338,7.761925,2.891066,0.002637
12.814319,23.787105,37.749685,2098.050488,-3.687097,118.257888,7.965753,2.968192,0.000816
12.811175,23.806264,37.552563,2094.483361,-3.711527,118.274704,8.162313,3.044197,0.000878
12.783361,23.841424,37.347546,2090.812104,-3.735750,118.283661,8.379599,3.127274,-0.009995
12.774721,23.859990,37.144898,2087.014480,-3.752705,118.286983,8.585749,3.205645,0.006086
12.769115,23.891343,36.940839,2083.111531,-3.733589,118.296358,8.796972,3.281515,-0.002006
12.752705,23.921864,36.740104,2079.080695,-3.742156,118.306012,9.028440,3.359876,-0.000812
12.743814,23.937867,36.524105,2074.926468,-3.730355,118.314663,9.236985,3.443852,0.006800
12.716340,23.962477,36.331808,2070.634665,-3.694930,118.321377,9.480727,3.529099,-0.005160
12.704924,23.982402,36.130703,2066.213364,-3.668630,118.339260,9.711850,3.613601,-0.002491
12.706831,24.025196,35.944753,2061.643147,-3.620005,118.338716,9.921595,3.703773,-0.007624
12.679036,24.043790,35.745860,2056.961419,-3.567590,118.342516,10.162770,3.779641,-0.007750
12.665439,24.059126,35.548689,2052.104857,-3.509394,118.352415,10.382180,3.867675,-0.004379
12.663419,24.097261,35.370043,2047.127981,-3.427302,118.361547,10.610668,3.943891,-0.015438
12.652848,24.112512,35.177886,2042.001237,-3.355322,118.370832,10.827328,4.039686,-0.001823
12.628243,24.129720,35.013960,2036.723639,-3.263490,118.369234,11.048288,4.109629,0.009720
12.621011,24.159342,34.832103,2031.311732,-3.158518,118.376010,11.258796,4.195412,-0.003738
12.612245,24.178206,34.669448,2025.770193,-3.056428,118.391084,11.453251,4.266385,0.010658
12.596863,24.218818,34.509135,2020.068235,-2.939396,118.406191,11.640041,4.333936,-0.004001
12.577249,24.236082,34.364184,2014.252651,-2.815694,118.409182,11.832176,4.412013,0.015830
12.569375,24.265822,34.207068,2008.276588,-2.676062,118.412106,11.997504,4.474112,0.005967
12.559517,24.276846,34.078970,2002.198361,-2.551090,118.420763,12.156911,4.534304,-0.004117
12.544985,24.303206,33.950405,1995.984953,-2.396838,118.436786,12.300150,4.588874,-0.005321
12.528169,24.327332,33.823935,1989.667533,-2.243034,118.440304,12.437413,4.638696,0.004597
12.523193,24.352315,33.713485,1983.230237,-2.084840,118.443391,12.564076,4.681933,-0.006808
12.499525,24.386170,33.616530,1976.689934,-1.912115,118.460731,12.664835,4.714306,0.002677
12.488547,24.401416,33.528458,1970.067143,-1.738750,118.452899,12.746063,4.745494,-0.002967
12.470763,24.430167,33.433414,1963.350253,-1.584977,118.469988,12.806123,4.772853,-0.002092
12.466893,24.454354,33.347731,1956.559355,-1.404027,118.481153,12.867165,4.792420,0.006028
12.451832,24.473742,33.285903,1949.702414,-1.226566,118.478639,12.884682,4.797581,0.005765
12.436174,24.506472,33.230919,1942.775372,-1.057041,118.494459,12.908637,4.804000,-0.003558
12.428037,24.535875,33.193259,1935.823653,-0.879064,118.494245,12.903738,4.806842,-0.003543
12.407414,24.559298,33.135205,1928.813708,-0.691819,118.511003,12.877379,4.800282,-0.000961
12.405081,24.571780,33.105725,1921.775865,-0.520865,118.513051,12.844489,4.782159,0.001069
12.394140,24.591383,33.088890,1914.738613,-0.346327,118.527887,12.788976,4.765391,0.004318
12.375897,24.619049,33.072117,1907.673139,-0.168318,118.533947,12.717330,4.740499,-0.003775
12.362689,24.640827,33.069744,1900.604958,-0.015034,118.542200,12.623583,4.715803,0.000806
12.359980,24.653855,33.069160,1893.565531,0.152790,118.540883,12.528289,4.658229,0.004173
12.340775,24.682002,33.088984,1886.533595,0.327680,118.557323,12.420020,4.623926,-0.002034
12.318548,24.707841,33.094171,1879.515467,0.478321,118.559446,12.291988,4.575981,0.001621
12.319369,24.727425,33.124281,1872.544314,0.628315,118.572337,12.154718,4.524695,0.000752
12.304280,24.751823,33.160973,1865.634774,0.768144,118.569888,12.002602,4.470459,-0.004543
12.301336,24.778671,33.208818,1858.749240,0.914168,118.586954,11.859560,4.405900,0.007077
12.278859,24.805053,33.252144,1851.923408,1.035855,118.584423,11.681723,4.347473,0.003869
12.276011,24.815110,33.307604,1845.168437,1.161250,118.602827,11.514059,4.290027,0.010413
12.257800,24.846961,33.358121,1838.471590,1.285585,118.599106,11.336808,4.218799,-0.002327
12.245304,24.863426,33.425623,1831.847206,1.389027,118.622356,11.152167,4.152224,-0.007599
12.234028,24.889985,33.492388,1825.297457,1.474928,118.623663,10.966682,4.090133,0.012607
12.223970,24.911364,33.570014,1818.840082,1.579420,118.636872,10.775260,4.016856,-0.001250
12.214682,24.921381,33.646520,1812.469692,1.641783,118.637160,10.583489,3.940051,-0.006870
12.195940,24.957195,33.725256,1806.162303,1.735583,118.646765,10.381417,3.882152,-0.003028
12.187583,24.979682,33.809200,1799.969810,1.789882,118.646768,10.211176,3.800702,-0.005477
12.178790,24.995758,33.883488,1793.859048,1.828581,118.658185,10.017117,3.725929,0.000845
12.171173,25.020361,33.987863,1787.834197,1.883525,118.663435,9.820579,3.658805,-0.001554
12.155049,25.034932,34.065313,1781.910122,1.929672,118.676811,9.639077,3.592990,0.001745
12.130189,25.054395,34.159230,1776.094456,1.954700,118.675741,9.450216,3.522255,0.005853
12.126337,25.083677,34.247053,1770.354198,1.969838,118.686869,9.275553,3.456861,0.002876
12.122560,25.099680,34.335405,1764.713760,1.976325,118.695656,9.092832,3.391961,-0.009474
12.116084,25.112569,34.437012,1759.189707,1.985685,118.699826,8.926027,3.328376,-0.003933
12.096609,25.147239,34.535314,1753.735512,1.970287,118.702890,8.748704,3.255759,0.003876
12.083160,25.163170,34.622220,1748.402802,1.963030,118.722838,8.592698,3.202461,-0.003988
12.075927,25.182102,34.707075,1743.149706,1.933057,118.716731,8.445419,3.145272,-0.001291
12.058849,25.199586,34.797005,1737.997450,1.903729,118.727603,8.284158,3.088003,-0.003694
12.051396,25.230718,34.872068,1732.922848,1.852950,118.740233,8.138110,3.035509,0.002864
12.044164,25.241547,34.962542,1727.947977,1.800152,118.746810,7.998013,2.977383,0.001735
12.034360,25.274492,35.043891,1723.058699,1.756346,118.753584,7.862910,2.928428,0.001006
12.012759,25.289703,35.119700,1718.264153,1.693116,118.764839,7.731920,2.880635,-0.007598
12.006347,25.316017,35.193235,1713.567997,1.620921,118.757373,7.616230,2.839747,0.001035
11.991477,25.330480,35.269648,1708.940020,1.548156,118.771524,7.497328,2.795012,0.009578
11.983116,25.353457,35.329795,1704.395239,1.472938,118.775984,7.375003,2.743636,0.008528
11.979366,25.375061,35.396597,1699.939965,1.379179,118.781090,7.281648,2.720607,0.010957
11.965831,25.382283,35.456553,1695.551089,1.284682,118.793831,7.196805,2.672354,0.009888
11.949660,25.411236,35.501581,1691.251318,1.194837,118.803895,7.087036,2.647033,0.002064
11.936506,25.428480,35.565534,1687.020398,1.086035,118.803256,7.002113,2.614624,0.005681
11.929596,25.457328,35.610532,1682.854626,0.983500,118.819574,6.923088,2.571605,0.001163
11.924794,25.471313,35.646400,1678.777056,0.870450,118.826258,6.845839,2.553388,-0.004433
11.913917,25.495910,35.677084,1674.756498,0.754877,118.825458,6.785578,2.530454,-0.001538
11.902008,25.514582,35.716964,1670.792445,0.637809,118.831287,6.733673,2.502664,-0.005557
11.884844,25.536184,35.747214,1666.905636,0.515367,118.842532,6.665745,2.485716,0.001344
11.871429,25.549451,35.758414,1663.078970,0.387917,118.853097,6.622054,2.465310,-0.002645
11.865781,25.569166,35.768608,1659.313911,0.266749,118.850129,6.578012,2.445072,0.005985
11.852031,25.605092,35.787624,1655.592803,0.139860,118.862920,6.536068,2.443142,-0.002403
11.851313,25.610722,35.787183,1651.937952,0.001591,118.867140,6.507267,2.424186,-0.000268
11.828774,25.628116,35.782210,1648.322762,-0.136816,118.874587,6.486628,2.411322,-0.006098
11.821902,25.659644,35.776571,1644.745341,-0.269230,118.884980,6.462940,2.409723,0.006068
11.807019,25.656957,35.760976,1641.217887,-0.407413,118.888261,6.453516,2.398032,-0.011087
11.801058,25.696969,35.737033,1637.740266,-0.538757,118.892141,6.430326,2.402168,-0.004526
11.799744,25.707302,35.718188,1634.307298,-0.685612,118.898278,6.439379,2.394173,0.002388
11.784601,25.735094,35.675887,1630.893527,-0.822647,118.894023,6.443624,2.400257,-0.005201
11.769476,25.742654,35.650798,1627.526131,-0.967098,118.916461,6.452758,2.398088,-0.001937
11.757995,25.769046,35.601112,1624.182689,-1.099106,118.927422,6.447571,2.400716,0.001674
11.764670,25.785834,35.550081,1620.854449,-1.242010,118.925760,6.486055,2.409253,0.008442
11.738521,25.809864,35.495990,1617.573352,-1.383704,118.929605,6.506388,2.422793,-0.000094
11.719775,25.821256,35.431890,1614.306076,-1.525121,118.926459,6.543203,2.429425,-0.016529
11.705276,25.839084,35.366201,1611.040034,-1.654455,118.943538,6.572609,2.441411,0.000646
11.709436,25.864531,35.292946,1607.792129,-1.790741,118.953333,6.599629,2.463598,0.000667
11.704238,25.893093,35.206674,1604.560650,-1.922709,118.966732,6.657175,2.482354,0.009654
11.691633,25.904974,35.134287,1601.333127,-2.044638,118.960235,6.710655,2.499799,-0.002845
11.671804,25.929504,35.045798,1598.099758,-2.170156,118.959087,6.751275,2.528941,0.001256
11.672112,25.938049,34.950345,1594.880697,-2.301061,118.984876,6.823235,2.540825,0.007982
11.654698,25.952190,34.848480,1591.650150,-2.427280,118.983683,6.905968,2.568136,0.001306
11.645629,25.977928,34.746887,1588.405483,-2.544395,118.984856,6.960848,2.590562,0.012704
11.641396,26.004041,34.640438,1585.147496,-2.653767,118.989370,7.032172,2.614530,0.001609
11.625766,26.017127,34.530690,1581.886830,-2.770673,119.004353,7.121439,2.650662,0.002657
11.613086,26.040387,34.409053,1578.604386,-2.881152,119.005107,7.206026,2.683446,-0.001028
11.603238,26.060907,34.291628,1575.284794,-2.970146,119.007259,7.299360,2.728229,0.005521
11.585500,26.072350,34.170454,1571.938854,-3.064444,119.019996,7.401202,2.760182,-0.010134
11.582164,26.094144,34.045199,1568.571644,-3.161595,119.022865,7.499986,2.793666,-0.000121
11.580731,26.116392,33.904562,1565.165127,-3.243170,119.030352,7.611040,2.835636,-0.003619
11.567221,26.126323,33.775122,1561.718925,-3.325632,119.044501,7.728496,2.880113,0.004513
11.555190,26.147702,33.632295,1558.225987,-3.399155,119.032694,7.831896,2.915896,-0.001324
11.542311,26.166527,33.495900,1554.675911,-3.456704,119.048068,7.959502,2.960321,0.012159
11.532953,26.186169,33.355392,1551.096405,-3.533520,119.058205,8.088009,3.010537,-0.004524
11.513425,26.211150,33.208995,1547.436014,-3.585227,119.068145,8.208426,3.054529,-0.001623
11.518173,26.219141,33.060801,1543.739335,-3.628748,119.063587,8.342688,3.103903,-0.007900
11.494271,26.243083,32.920322,1539.963429,-3.671744,119.064741,8.479647,3.151802,0.007410
11.485405,26.264807,32.766147,1536.141877,-3.700688,119.078039,8.607177,3.206863,0.004909
11.485810,26.289239,32.616060,1532.235914,-3.731075,119.089096,8.747879,3.251772,-0.000357
11.474550,26.298171,32.470503,1528.266345,-3.746945,119.086744,8.896375,3.310836,-0.000756
11.465240,26.319116,32.323578,1524.222392,-3.761290,119.091381,9.031189,3.364411,-0.001749
11.456392,26.333212,32.170504,1520.087997,-3.760980,119.098700,9.169449,3.421098,-0.000721
11.448124,26.359710,32.021395,1515.881857,-3.753730,119.107159,9.299984,3.473668,-0.006818
11.430013,26.366868,31.878141,1511.594405,-3.750087,119.111558,9.449901,3.520529,0.004858
11.425246,26.391780,31.724573,1507.210127,-3.728584,119.119602,9.599976,3.578556,-0.001986
11.415013,26.406116,31.573470,1502.759744,-3.695011,119.116862,9.734839,3.634464,-0.003343
11.402106,26.418786,31.439514,1498.217772,-3.662378,119.124214,9.880423,3.678392,-0.001508
11.384871,26.451710,31.286779,1493.578740,-3.618217,119.135995,10.015002,3.735338,0.001568
11.380048,26.472461,31.153169,1488.864322,-3.562269,119.137045,10.150758,3.783869,0.000437
11.362634,26.474038,31.010545,1484.053490,-3.505612,119.143315,10.284676,3.833147,-0.004767
11.370380,26.500345,30.864817,1479.147094,-3.439239,119.159062,10.411146,3.885584,0.009178
11.354943,26.509596,30.739930,1474.166414,-3.361430,119.161475,10.539695,3.921809,0.008408
11.343623,26.535058,30.622019,1469.091534,-3.271768,119.173763,10.652505,3.970204,0.002730
11.335481,26.540793,30.480719,1463.926297,-3.193896,119.174020,10.762131,4.006495,0.006013
11.324315,26.563506,30.374342,1458.685052,-3.097745,119.171407,10.868541,4.046959,-0.011357
11.316217,26.573918,30.262960,1453.365012,-2.997461,119.176596,10.949396,4.090315,0.003046
11.312535,26.600420,30.155155,1447.953919,-2.883276,119.184459,11.052049,4.116601,0.004214
11.289433,26.615270,30.045358,1442.480737,-2.773228,119.199013,11.135296,4.156341,0.003295
11.286910,26.624651,29.936460,1436.920964,-2.662952,119.201002,11.225591,4.171498,0.002647
11.273801,26.656322,29.836311,1431.295317,-2.542043,119.203712,11.287444,4.201634,-0.007770
11.273179,26.668186,29.742037,1425.615639,-2.407510,119.204942,11.334503,4.214360,0.012390
11.262483,26.684897,29.657520,1419.859043,-2.273302,119.210336,11.390677,4.246270,-0.004085
11.255866,26.704147,29.573008,1414.054359,-2.135021,119.216947,11.416556,4.256297,-0.013906
11.248151,26.719654,29.495918,1408.191148,-2.019074,119.219502,11.445250,4.252820,-0.001969
11.237380,26.736224,29.431958,1402.272228,-1.875651,119.227847,11.463151,4.281181,-0.003171
11.227470,26.748872,29.361131,1396.331581,-1.743201,119.234963,11.484119,4.266150,0.000265
11.208590,26.771896,29.300717,1390.333075,-1.611590,119.240589,11.474411,4.278859,0.009217
11.209731,26.786038,29.244006,1384.319932,-1.478240,119.242063,11.471738,4.267625,-0.005536
11.197761,26.816902,29.194357,1378.265100,-1.335690,119.241972,11.450472,4.274108,-0.001428
11.194390,26.822322,29.149999,1372.190471,-1.190571,119.256224,11.421401,4.258113,0.002320
11.181338,26.829092,29.110300,1366.115320,-1.053724,119.264790,11.389166,4.238872,0.003573
11.179066,26.849965,29.076776,1360.015772,-0.926178,119.260094,11.340043,4.225090,0.004398
11.163625,26.880575,29.047297,1353.915565,-0.796665,119.270021,11.287918,4.204290,-0.002773
11.151101,26.879914,29.023632,1347.801400,-0.665985,119.279699,11.227517,4.172322,0.007523
11.135086,26.893098,28.996440,1341.710111,-0.541167,119.289952,11.166015,4.159424,-0.006206
11.133171,26.915379,28.986498,1335.610249,-0.428151,119.285533,11.090116,4.133127,0.004604
11.122009,26.932607,28.966757,1329.544961,-0.312589,119.297309,11.004581,4.104341,0.002541
11.118223,26.945940,28.961263,1323.474337,-0.207230,119.305172,10.918085,4.062547,-0.000035
11.108924,26.969640,28.951345,1317.449125,-0.105053,119.302642,10.837264,4.027980,-0.002300
11.102275,26.972375,28.946124,1311.429481,-0.009634,119.308567,10.733985,4.000943,-0.001671
11.090960,26.997353,28.948105,1305.459063,0.081452,119.310474,10.632062,3.949006,-0.003332
11.082650,27.008711,28.963267,1299.509399,0.174775,119.323894,10.526849,3.929279,0.009084
11.073454,27.018009,28.954643,1293.605398,0.244759,119.319408,10.424549,3.885339,0.002735
11.069895,27.040963,28.961962,1287.733266,0.317143,119.336024,10.312220,3.843746,0.000234
11.052592,27.062256,28.973620,1281.906680,0.376954,119.340021,10.201080,3.805571,-0.003756
11.035158,27.073381,29.000713,1276.143439,0.433186,119.350526,10.091971,3.757097,-0.001032
11.036293,27.091564,29.005555,1270.407486,0.483933,119.352902,9.989126,3.723134,0.009868
11.027422,27.105966,29.017617,1264.727049,0.520333,119.360311,9.876738,3.671774,0.004637
11.027595,27.110568,29.046821,1259.108286,0.562758,119.359919,9.765304,3.627476,0.006992
11.008290,27.130111,29.066894,1253.550747,0.591362,119.363390,9.644015,3.591110,-0.005779
11.012804,27.147030,29.078838,1248.034905,0.588261,119.367564,9.533073,3.551757,0.002134
10.993589,27.159919,29.106986,1242.583159,0.607320,119.377234,9.433375,3.504422,0.000870
10.983242,27.181188,29.119673,1237.177962,0.616222,119.380434,9.317686,3.476916,-0.003053
10.990082,27.189850,29.144425,1231.856775,0.617300,119.387820,9.214904,3.432842,-0.001696
10.980984,27.198954,29.166159,1226.583380,0.597220,119.400353,9.108063,3.394492,0.007214
10.975413,27.227132,29.175179,1221.364495,0.578390,119.394847,9.011049,3.360758,-0.002424
10.958503,27.233092,29.204719,1216.219121,0.546542,119.398662,8.904346,3.322202,-0.018084
10.947231,27.246159,29.207243,1211.132129,0.508091,119.406364,8.812261,3.283309,0.006983
10.935567,27.265302,29.234123,1206.103785,0.472046,119.406806,8.726008,3.238777,-0.005914
10.928041,27.278244,29.253819,1201.139771,0.421552,119.421777,8.635281,3.220489,0.006385
10.932383,27.297118,29.256948,1196.239240,0.372191,119.426397,8.545432,3.183554,-0.003688
10.917133,27.306294,29.266908,1191.394996,0.307551,119.424332,8.464204,3.157216,-0.000848
10.906409,27.326741,29.271701,1186.623306,0.245747,119.427558,8.391838,3.119829,0.006221
10.899758,27.333817,29.279152,1181.900651,0.163128,119.447260,8.315203,3.098701,0.004604
10.899884,27.350932,29.286598,1177.242728,0.088477,119.448096,8.252021,3.078563,-0.004957
10.885621,27.365272,29.285212,1172.644692,-0.006086,119.451506,8.178390,3.043013,-0.000689
10.876900,27.377550,29.288579,1168.096452,-0.089146,119.453242,8.113020,3.021920,-0.001007
10.870027,27.390305,29.281292,1163.603580,-0.177577,119.444014,8.057411,3.010119,-0.005034
10.868393,27.396869,29.280520,1159.182498,-0.276746,119.459759,8.006921,2.980705,-0.000363
10.850540,27.420139,29.267584,1154.802346,-0.373742,119.461695,7.960534,2.967150,-0.002333
10.850812,27.425544,29.263529,1150.472075,-0.491294,119.463042,7.910215,2.949808,0.000993
10.841681,27.441696,29.233136,1146.210195,-0.600357,119.479094,7.874833,2.921158,0.002733
10.841044,27.470088,29.218304,1141.985293,-0.723600,119.472091,7.832498,2.919968,0.002902
10.833418,27.465798,29.199557,1137.821088,-0.831789,119.485713,7.815734,2.910009,-0.003184
10.818287,27.478943,29.172778,1133.675611,-0.946369,119.500407,7.770989,2.894723,0.002521
10.821206,27.501414,29.137501,1129.612648,-1.075174,119.491733,7.754605,2.899231,-0.008301
10.805862,27.516969,29.090231,1125.576479,-1.208764,119.494308,7.732523,2.878027,0.001507
10.804586,27.527863,29.066494,1121.586326,-1.332251,119.504436,7.714635,2.867551,-0.008595
10.787316,27.540962,29.029153,1117.621847,-1.465443,119.514831,7.719733,2.881708,-0.004657
10.775640,27.562243,28.984369,1113.701325,-1.590129,119.516529,7.707770,2.875334,0.000785
10.764902,27.573364,28.930694,1109.825468,-1.722765,119.518435,7.698548,2.877410,0.000702
10.770811,27.583930,28.873554,1105.972574,-1.856575,119.526119,7.703418,2.861322,-0.010499
10.763872,27.591958,28.830626,1102.154337,-1.988252,119.529090,7.706622,2.867820,0.000932
10.746833,27.608979,28.766333,1098.362983,-2.112613,119.532162,7.722348,2.874053,-0.004796
10.739696,27.619101,28.711716,1094.600668,-2.241150,119.545167,7.745384,2.886644,0.002139
10.744763,27.631402,28.642074,1090.857577,-2.380287,119.538703,7.752595,2.888250,-0.005445
10.728047,27.645324,28.565069,1087.139832,-2.501769,119.548809,7.773708,2.900494,0.000788
10.721526,27.661126,28.496407,1083.448270,-2.634502,119.556643,7.810984,2.917654,0.001284
10.717476,27.673106,28.416455,1079.752332,-2.762808,119.557032,7.831159,2.916747,0.004885
10.709581,27.683429,28.344921,1076.076591,-2.878667,119.559874,7.869208,2.932300,-0.003986
10.697996,27.692579,28.251062,1072.423987,-3.003719,119.563930,7.917052,2.940394,0.000220
10.689508,27.716104,28.164637,1068.772084,-3.118713,119.570632,7.954545,2.967282,-0.002217
10.690262,27.732264,28.084584,1065.126057,-3.234659,119.573969,8.000064,2.975423,0.003724
10.674311,27.734510,27.992078,1061.478934,-3.356968,119.583493,8.042028,2.993583,0.006034
10.670618,27.745194,27.903143,1057.844044,-3.464424,119.578331,8.099202,3.018583,0.001721
10.667608,27.764109,27.796713,1054.189173,-3.565461,119.591962,8.152148,3.028730,0.003858
10.655289,27.768976,27.706235,1050.542556,-3.669621,119.587130,8.220628,3.066546,0.002302
10.658067,27.786504,27.594509,1046.886540,-3.767436,119.596383,8.267747,3.077391,-0.006977
10.643133,27.798276,27.494383,1043.214152,-3.842273,119.596597,8.333249,3.100592,0.000328
10.638245,27.811748,27.389148,1039.532067,-3.932620,119.606423,8.401542,3.131892,-0.001767
10.631584,27.818036,27.287800,1035.848102,-4.022977,119.608874,8.468051,3.149397,-0.002201
10.617069,27.834185,27.167709,1032.120523,-4.089088,119.609252,8.539083,3.190620,-0.002807
10.612957,27.837912,27.061389,1028.371841,-4.169071,119.616093,8.607058,3.206591,-0.008978
10.615003,27.853272,26.944883,1024.612237,-4.230452,119.620512,8.680106,3.242709,-0.000558
10.610645,27.870781,26.833376,1020.831628,-4.295376,119.627385,8.766937,3.271574,-0.003477
10.586660,27.884765,26.715056,1017.007675,-4.347677,119.630737,8.839521,3.291738,0.003183
10.596138,27.903362,26.604323,1013.163720,-4.395364,119.627260,8.913826,3.324520,0.003758
10.583370,27.902866,26.492180,1009.286414,-4.433277,119.633194,8.993357,3.347347,0.002987
10.577591,27.923655,26.370691,1005.377214,-4.459516,119.634080,9.075598,3.382996,-0.003711
10.569630,27.926393,26.254483,1001.429156,-4.491809,119.655111,9.152979,3.404320,-0.000253
10.570310,27.948705,26.132434,997.435014,-4.510252,119.647965,9.230663,3.438379,0.001455
0.053303,0.052928,58.129453,5134.620564,-0.529345,45.005563,2.723596,1.002265,0.002118
0.105736,0.088396,58.047375,5133.238296,-0.576149,45.003007,2.744377,1.032869,0.002821
0.143769,0.147879,57.975983,5131.855545,-0.611507,44.995831,2.778062,1.037434,-0.003442
0.190614,0.190740,57.881073,5130.442481,-0.646643,44.997979,2.804467,1.048216,0.000018
0.239280,0.234020,57.792161,5129.033266,-0.690558,45.003991,2.838235,1.062560,0.001147
0.291657,0.299850,57.698650,5127.622252,-0.721311,45.003856,2.872290,1.070052,-0.005932
0.343649,0.340347,57.597861,5126.185878,-0.769754,45.008234,2.902984,1.095869,0.001908
0.379602,0.389735,57.494242,5124.735395,-0.790677,45.005787,2.959378,1.104428,-0.001508
0.431289,0.435333,57.381134,5123.278637,-0.830487,45.003911,3.003072,1.108994,-0.003083
0.487285,0.481131,57.269725,5121.814231,-0.867521,45.002614,3.056822,1.149196,0.006512
0.533725,0.529303,57.155568,5120.308772,-0.897347,45.007227,3.096382,1.152762,0.001973
0.580384,0.580782,57.029317,5118.785075,-0.917425,45.003749,3.149434,1.183697,-0.003229
0.637109,0.622045,56.904529,5117.263838,-0.956632,45.007754,3.210450,1.198119,-0.001334
0.672858,0.668306,56.774441,5115.692136,-0.994062,45.003721,3.265810,1.220298,0.005934
0.732430,0.722417,56.639904,5114.110801,-1.016903,45.008436,3.323972,1.249034,-0.001787
0.768065,0.772285,56.500479,5112.491342,-1.040852,45.005641,3.387816,1.256726,-0.000716
0.825693,0.822096,56.346659,5110.856548,-1.063572,45.009349,3.436042,1.291931,0.010286
0.871134,0.871460,56.208701,5109.182191,-1.105539,45.010632,3.532233,1.312325,0.003343
0.922393,0.916961,56.066171,5107.481920,-1.121596,45.001471,3.595654,1.336924,0.003673
0.964605,0.962287,55.909336,5105.740316,-1.158136,45.010074,3.663438,1.366681,0.001975
1.017963,1.022402,55.758125,5103.959597,-1.176438,45.002553,3.749964,1.383328,-0.002932
1.073237,1.067416,55.595610,5102.148527,-1.192240,45.011821,3.818462,1.425614,0.005746
1.113737,1.107311,55.435051,5100.287567,-1.219220,45.024499,3.919576,1.458210,-0.005349
1.165855,1.161717,55.275445,5098.388557,-1.237197,45.015047,4.000073,1.492331,0.003707
1.224527,1.206623,55.099024,5096.441746,-1.249691,45.028244,4.094299,1.520955,-0.008357
1.257673,1.255675,54.929402,5094.438807,-1.268563,45.021228,4.186074,1.564242,-0.000687
1.306195,1.305202,54.763050,5092.403641,-1.290271,45.029517,4.284382,1.588506,-0.004211
1.360310,1.351625,54.596922,5090.299968,-1.295835,45.023404,4.383790,1.635729,0.001016
1.399525,1.399813,54.415164,5088.153709,-1.307431,45.028433,4.481702,1.673467,-0.005834
1.445873,1.447747,54.240779,5085.939152,-1.315770,45.030555,4.602221,1.714801,-0.006040
1.496911,1.501154,54.063922,5083.674584,-1.325333,45.018927,4.718875,1.755790,-0.004544
1.541779,1.549278,53.899199,5081.346878,-1.339665,45.030247,4.824303,1.793855,0.003051
1.588438,1.592440,53.713616,5078.953623,-1.334602,45.040389,4.943305,1.838030,-0.008215
1.638570,1.645443,53.540734,5076.504683,-1.334685,45.033539,5.069471,1.884284,0.003425
1.689475,1.684555,53.363556,5073.978124,-1.342818,45.039007,5.182013,1.931338,0.014027
1.744212,1.739903,53.185510,5071.376302,-1.330455,45.044428,5.307894,1.985757,-0.003160
1.786343,1.795497,53.011008,5068.717131,-1.324045,45.043179,5.437347,2.024195,-0.003650
1.832305,1.828494,52.824687,5065.972463,-1.324210,45.048526,5.574409,2.075338,-0.002491
1.879093,1.888214,52.656859,5063.164759,-1.308078,45.040729,5.702436,2.125907,-0.005098
1.926734,1.928028,52.474471,5060.271187,-1.307127,45.051788,5.844436,2.174491,-0.004025
1.977379,1.982630,52.314528,5057.298920,-1.284187,45.051038,5.978880,2.222561,0.006731
2.023731,2.021448,52.141928,5054.250243,-1.276801,45.053578,6.117813,2.273546,0.004709
2.082158,2.078050,51.974670,5051.113352,-1.259992,45.059752,6.251732,2.328125,-0.004839
2.118259,2.120299,51.807977,5047.908654,-1.251029,45.063653,6.385053,2.373187,0.000674
2.158148,2.158779,51.647643,5044.606179,-1.220506,45.053292,6.524206,2.425907,-0.002371
2.220347,2.221346,51.474674,5041.222690,-1.202511,45.065232,6.663985,2.474565,0.002394
2.259156,2.258141,51.330870,5037.765942,-1.174574,45.059743,6.811449,2.540452,0.004286
2.311547,2.308350,51.173147,5034.215711,-1.140114,45.077804,6.941882,2.586745,-0.000882
2.368377,2.360491,51.021556,5030.576018,-1.112360,45.063077,7.075188,2.640887,-0.004259
2.405621,2.407727,50.883253,5026.864298,-1.080544,45.078825,7.214255,2.681263,0.000138
2.458602,2.459992,50.750641,5023.076067,-1.041506,45.080971,7.349159,2.736145,0.005043
2.504688,2.502850,50.610899,5019.202882,-1.005605,45.073762,7.475321,2.784287,-0.004567
2.543687,2.549552,50.481321,5015.239430,-0.961949,45.075526,7.587163,2.833069,0.005692
2.603983,2.588489,50.362185,5011.194805,-0.925656,45.065508,7.719561,2.872246,-7.995531
2.646383,2.640447,50.244353,5007.082231,-0.875439,45.044282,7.831688,2.924203,-7.996558
2.688221,2.697798,50.131346,5002.887110,-0.830414,45.035588,7.943044,2.948807,-7.999483
2.742047,2.741256,50.025591,4998.622774,-0.797949,45.020438,8.049366,2.998771,-8.009525
2.784190,2.785339,49.915277,4994.286770,-0.740925,45.001012,8.154132,3.035182,-8.000965
2.835053,2.835117,49.822795,4989.896505,-0.699934,44.992014,8.239372,3.063112,-7.996007
2.880415,2.884065,49.741357,4985.432586,-0.653786,44.970634,8.330334,3.106122,-7.998823
2.926210,2.922235,49.649128,4980.917511,-0.589351,44.952525,8.409765,3.141226,-7.997221
2.969859,2.987879,49.583933,4976.323827,-0.532354,44.939908,8.480357,3.157314,-7.991014
3.018101,3.029458,49.510762,4971.698588,-0.488920,44.914952,8.550686,3.189729,-8.008384
3.063815,3.061395,49.458478,4967.021656,-0.428947,44.898997,8.610571,3.205503,-7.988760
3.120047,3.118692,49.402189,4962.305894,-0.378179,44.880826,8.655774,3.224575,-7.996839
3.166391,3.180427,49.354999,4957.552722,-0.312356,44.853349,8.693437,3.231297,-7.998380
3.210927,3.214110,49.315608,4952.767999,-0.256617,44.846739,8.712571,3.245588,-7.996388
3.260392,3.263396,49.293333,4947.937927,-0.206410,44.825029,8.744989,3.248034,-7.995177
3.302370,3.300887,49.271448,4943.108488,-0.153630,44.814819,8.753790,3.261169,-8.000722
3.353623,3.348436,49.258524,4938.240142,-0.086715,44.789211,8.745366,3.261427,-7.986835
3.396398,3.402433,49.247279,4933.363392,-0.028041,44.776926,8.740731,3.256701,-8.005277
3.449441,3.448254,49.238199,4928.475057,0.023866,44.763400,8.722261,3.244875,-8.002418
3.491677,3.488830,49.253821,4923.604204,0.092796,44.732301,8.695933,3.244404,-8.012831
3.538377,3.550281,49.265549,4918.716017,0.139306,44.716756,8.665580,3.240354,-8.000137
3.576035,3.584355,49.295285,4913.842462,0.189127,44.707641,8.618300,3.220737,-8.001969
3.629079,3.632577,49.305898,4908.982202,0.244898,44.692506,8.572091,3.193259,-8.006456
3.680194,3.668260,49.348949,4904.142475,0.311235,44.672175,8.513751,3.178267,-8.013614
3.719148,3.723323,49.399079,4899.318041,0.345327,44.659248,8.444360,3.148703,-8.008590
3.774091,3.767996,49.450253,4894.512755,0.404078,44.629413,8.372226,3.114493,-8.002633
3.809435,3.813965,49.491215,4889.755296,0.458016,44.621034,8.290595,3.076408,-8.006586
3.858580,3.866510,49.557080,4885.041586,0.503244,44.602383,8.215244,3.057656,-8.002070
3.908214,3.912209,49.623126,4880.334445,0.542493,44.583656,8.112804,3.021456,-7.994194
3.959136,3.947764,49.692876,4875.688887,0.595030,44.566106,8.010513,2.982505,-7.998667
4.001845,3.998218,49.773439,4871.085860,0.641382,44.553358,7.927942,2.946900,-8.007179
4.045913,4.058926,49.861982,4866.515726,0.678502,44.546397,7.813943,2.905968,-7.992049
4.093341,4.095322,49.948051,4862.003451,0.720765,44.520756,7.690956,2.865837,-8.004844
4.150248,4.143046,50.036099,4857.564116,0.751412,44.506129,7.581710,2.831312,-7.992637
4.195238,4.185226,50.145801,4853.147302,0.795079,44.496940,7.467327,2.781176,-8.009115
4.231889,4.220982,50.234367,4848.822307,0.809492,44.488204,7.336904,2.734047,-8.004712
4.279018,4.270118,50.344726,4844.540185,0.844287,44.462543,7.224587,2.683859,-7.994741
4.324299,4.321799,50.457778,4840.324884,0.872163,44.455028,7.102890,2.650514,-8.007069
4.367092,4.352451,50.552258,4836.165799,0.901914,44.446683,6.973796,2.599414,-8.000021
4.413202,4.406843,50.679845,4832.058815,0.922161,44.429613,6.855604,2.552559,-8.002976
4.464714,4.445602,50.800001,4828.035548,0.941742,44.413088,6.732751,2.511162,-7.997222
4.507543,4.500646,50.928223,4824.065137,0.964285,44.404392,6.608565,2.456659,-7.994114
4.556837,4.544132,51.034595,4820.170268,0.974359,44.391226,6.487235,2.412142,-7.995457
4.612370,4.593013,51.174304,4816.331122,0.997212,44.376806,6.356780,2.367804,-7.998227
4.647979,4.640783,51.294768,4812.553196,1.003435,44.378268,6.242746,2.332997,-7.998168
4.698601,4.694661,51.429011,4808.842519,1.016982,44.355685,6.108662,2.273532,-7.996099
4.742104,4.716086,51.559264,4805.202211,1.031015,44.347516,5.992765,2.234883,-8.004439
4.797191,4.775812,51.682333,4801.612635,1.030245,44.336769,5.887980,2.188768,-7.997697
4.837182,4.820504,51.807899,4798.106432,1.038903,44.330892,5.767759,2.142594,-8.004820
4.878498,4.853505,51.937489,4794.645046,1.043057,44.315907,5.648966,2.104995,-8.008418
4.930683,4.902097,52.062681,4791.250116,1.032999,44.306392,5.548092,2.060675,-7.995085
4.970637,4.951644,52.206389,4787.934891,1.030339,44.301870,5.439810,2.022557,-8.001633
5.016497,4.996957,52.319384,4784.659331,1.020171,44.294426,5.331979,1.980340,-7.995199
5.062965,5.042868,52.458107,4781.456449,1.013447,44.288119,5.232218,1.949280,-8.008314
5.109056,5.094023,52.584662,4778.296074,1.008860,44.273731,5.134130,1.909506,-8.000729
5.154631,5.127358,52.717667,4775.207389,0.990298,44.270609,5.034435,1.882889,-7.999248
5.208636,5.172582,52.831793,4772.165174,0.981868,44.262635,4.939509,1.837087,-7.998530
5.246711,5.219596,52.947858,4769.186900,0.975573,44.257322,4.851977,1.811911,-8.001223
5.304682,5.264089,53.077174,4766.248507,0.950257,44.250644,4.755866,1.779666,-8.002679
5.334255,5.318856,53.196920,4763.369731,0.934472,44.241959,4.677006,1.738302,-8.002394
5.379030,5.359072,53.307590,4760.544423,0.919705,44.229258,4.597901,1.708537,-8.009939
5.432599,5.405522,53.420405,4757.774630,0.901307,44.238046,4.518320,1.688732,-8.003029
5.474135,5.448911,53.515487,4755.028127,0.878001,44.215440,4.448311,1.660759,-8.003276
5.527082,5.485987,53.628918,4752.350140,0.854790,44.218371,4.375141,1.632816,-8.006928
5.565600,5.536912,53.744606,4749.716107,0.835385,44.210140,4.308415,1.601790,-8.010000
5.609380,5.584227,53.841211,4747.103845,0.803286,44.204834,4.244194,1.569914,-8.002375
5.670124,5.624692,53.943430,4744.569922,0.768378,44.197965,4.178896,1.556278,-8.009683
5.706003,5.661682,54.029725,4742.057489,0.752847,44.195390,4.128212,1.528023,-8.002324
5.747097,5.720583,54.133795,4739.589807,0.721078,44.172590,4.060001,1.514431,-7.996000
5.788397,5.761302,54.212176,4737.158581,0.685709,44.189886,4.005534,1.487468,-8.005015
5.835114,5.798424,54.296421,4734.759225,0.662380,44.178450,3.955489,1.478033,-7.999592
5.888846,5.846201,54.375955,4732.396995,0.620764,44.178096,3.909723,1.456414,-8.000040
5.932138,5.895700,54.454412,4730.073360,0.587018,44.184388,3.865821,1.440079,-8.001997
5.973849,5.936517,54.529697,4727.786974,0.550672,44.173386,3.830111,1.421852,-7.998161
6.015172,5.978512,54.587264,4725.509322,0.518396,44.170485,3.776313,1.407687,-8.000541
6.069065,6.028378,54.652959,4723.298794,0.485430,44.168974,3.741081,1.401835,-7.998540
6.114292,6.063815,54.703790,4721.098197,0.455099,44.151931,3.711929,1.383308,-8.003960
6.157584,6.116894,54.765806,4718.914558,0.410199,44.161956,3.680902,1.370362,-8.012170
6.195397,6.153023,54.818623,4716.769402,0.364487,44.156108,3.654065,1.362058,-8.000328
6.232676,6.199538,54.862628,4714.645744,0.337742,44.143828,3.630090,1.357314,-7.989290
6.298141,6.243503,54.895779,4712.544870,0.294717,44.148378,3.608251,1.340888,-8.004760
6.328018,6.283022,54.936397,4710.467043,0.257443,44.148886,3.587156,1.331871,-7.997255
6.376619,6.323059,54.954954,4708.410532,0.222556,44.147312,3.563429,1.331014,-7.997886
6.417977,6.380060,54.978942,4706.373795,0.182622,44.139341,3.547526,1.329394,-7.999206
6.471206,6.416984,54.996712,4704.349583,0.134309,44.134922,3.534868,1.318130,-7.993337
6.513170,6.455084,55.009262,4702.345678,0.098797,44.130504,3.520732,1.320154,-8.005832
6.559686,6.510232,55.020927,4700.360438,0.056698,44.126842,3.514909,1.306328,-7.998781
6.611635,6.554945,55.012923,4698.387168,0.009773,44.126265,3.513887,1.296164,-7.991345
6.652242,6.595860,55.029913,4696.414959,-0.026333,44.118505,3.514614,1.305807,-7.993268
6.703662,6.627834,55.014557,4694.475729,-0.079706,44.119036,3.513587,1.300733,-7.998590
6.749142,6.682726,55.018712,4692.531988,-0.117048,44.122998,3.514546,1.314843,-7.998724
6.787918,6.729897,54.996615,4690.604274,-0.150671,44.117963,3.518333,1.321357,-8.003268
6.830221,6.772209,54.967632,4688.675080,-0.195400,44.102252,3.525796,1.319373,-7.997352
6.877951,6.819745,54.942003,4686.746158,-0.237455,44.117021,3.535672,1.315695,-0.000913
6.925502,6.859903,54.915483,4684.832146,-0.281419,44.123846,3.544550,1.322892,0.000296
6.966411,6.914579,54.890223,4682.920900,-0.317874,44.140560,3.572020,1.331603,-0.005248
7.014581,6.947023,54.829812,4681.001829,-0.357764,44.132658,3.595801,1.342281,-0.000288
7.059156,6.990755,54.809494,4679.090761,-0.399752,44.149046,3.599169,1.349700,0.003835
7.100566,7.030939,54.737570,4677.176239,-0.445513,44.151717,3.631607,1.349265,-0.002515
7.150295,7.083174,54.682354,4675.252025,-0.482174,44.172162,3.662965,1.359059,0.001078
7.193840,7.130012,54.620806,4673.332489,-0.522845,44.168800,3.680892,1.377858,0.002653
7.247603,7.169531,54.555550,4671.407110,-0.548264,44.179281,3.715270,1.379893,0.002782
7.285883,7.212050,54.497754,4669.459404,-0.591427,44.186335,3.746835,1.396002,-0.001086
7.331535,7.250092,54.406900,4667.521126,-0.627376,44.183186,3.783165,1.407832,-0.001428
7.366039,7.301388,54.340047,4665.558780,-0.667218,44.206728,3.832047,1.425195,-0.005376
7.411578,7.347437,54.249981,4663.576686,-0.704951,44.205417,3.863659,1.444014,0.001075
7.465226,7.393724,54.162176,4661.582295,-0.729182,44.208141,3.914480,1.453514,-0.016924
7.511203,7.439962,54.078422,4659.571309,-0.779555,44.222217,3.967108,1.471462,0.001071
7.556050,7.471925,53.970263,4657.549586,-0.809497,44.224029,4.010813,1.490435,-0.002357
7.598748,7.514040,53.878760,4655.504601,-0.831640,44.228352,4.053995,1.517583,-0.003106
7.644349,7.567273,53.773505,4653.438994,-0.872083,44.239561,4.119617,1.533528,-0.000947
7.680983,7.607691,53.658049,4651.342519,-0.898436,44.254860,4.181002,1.557329,-0.007896
7.731088,7.655753,53.549212,4649.220277,-0.932243,44.264453,4.241246,1.570682,-0.004786
7.768531,7.689688,53.437879,4647.073314,-0.956093,44.257554,4.298088,1.606060,-0.003403
7.821049,7.725145,53.310031,4644.883015,-0.991152,44.280645,4.374434,1.622939,0.008012
7.865973,7.784594,53.196015,4642.684627,-1.009680,44.289080,4.435443,1.648711,0.009726
7.914824,7.830183,53.067222,4640.444228,-1.036827,44.284198,4.517227,1.690753,0.014528
7.954298,7.867056,52.945825,4638.162982,-1.056515,44.301503,4.604651,1.715705,-0.000525
8.006664,7.918512,52.819305,4635.844952,-1.083346,44.312455,4.681406,1.737309,-0.000848
8.043772,7.952458,52.675235,4633.476683,-1.100161,44.320300,4.754671,1.778662,0.000771
8.092110,7.989628,52.537693,4631.081247,-1.127761,44.315073,4.852203,1.808166,0.006165
8.134982,8.033081,52.410305,4628.637634,-1.138685,44.336026,4.939407,1.846093,0.007045
8.173679,8.085230,52.260696,4626.141525,-1.168127,44.341252,5.025685,1.869472,-0.002349
8.221069,8.129770,52.125176,4623.601671,-1.179593,44.349330,5.126619,1.900819,0.001927
8.260857,8.172811,51.987485,4621.015248,-1.187624,44.361575,5.219875,1.940452,-0.000352
8.297025,8.214087,51.834132,4618.370872,-1.195159,44.365415,5.320326,1.970118,0.001679
8.356906,8.259740,51.694623,4615.673048,-1.200695,44.367286,5.417355,2.028573,0.003986
8.396182,8.300475,51.547840,4612.917191,-1.225499,44.381536,5.525824,2.056686,0.005285
8.442693,8.358214,51.405669,4610.102695,-1.218816,44.387433,5.641003,2.100018,-0.009848
8.483569,8.396994,51.254140,4607.221920,-1.219733,44.393311,5.754568,2.135507,-0.008444
8.521843,8.433175,51.107078,4604.302028,-1.220004,44.403882,5.857972,2.192750,-0.006534
8.562205,8.476298,50.957899,4601.294052,-1.228867,44.408104,5.977023,2.229316,0.001169
8.619094,8.515894,50.807742,4598.235173,-1.220464,44.421909,6.096007,2.267039,0.002090
8.664915,8.564408,50.663187,4595.109716,-1.209752,44.426099,6.218447,2.315176,-0.006552
8.702600,8.619824,50.517998,4591.905558,-1.220152,44.446636,6.329144,2.357280,-0.000813
8.752155,8.643339,50.360847,4588.638304,-1.201962,44.447402,6.456754,2.411158,0.008940
8.787213,8.696501,50.234079,4585.313357,-1.192677,44.465946,6.577553,2.448569,-0.003258
8.825491,8.736670,50.079625,4581.891330,-1.191073,44.465825,6.696278,2.497884,-0.000368
8.882738,8.773876,49.949264,4578.406902,-1.159498,44.469162,6.819209,2.534267,0.001331
8.914356,8.821982,49.802986,4574.851753,-1.141503,44.486741,6.937569,2.592571,-0.003400
8.966410,8.868667,49.680673,4571.215745,-1.117914,44.492047,7.078054,2.637289,0.002307
9.009676,8.916170,49.543678,4567.510853,-1.101842,44.497543,7.192959,2.689764,-0.001923
9.057560,8.956951,49.410397,4563.747651,-1.078227,44.509884,7.310300,2.723854,0.010182
9.091232,8.991506,49.281874,4559.883312,-1.052420,44.516158,7.440375,2.765315,0.001246
9.138187,9.043813,49.147450,4555.964798,-1.014698,44.521831,7.552076,2.816833,-0.010526
9.184818,9.090295,49.029344,4551.970729,-0.993963,44.534101,7.659226,2.863172,-0.000700
9.233382,9.122824,48.922138,4547.890164,-0.963226,44.550154,7.772709,2.890195,0.004800
9.273108,9.167990,48.811212,4543.764144,-0.927110,44.549985,7.889901,2.936204,-0.001725
9.315621,9.210059,48.699999,4539.550218,-0.884263,44.570088,7.999616,2.974232,-0.003636
9.351238,9.262974,48.587514,4535.281795,-0.852587,44.569898,8.101075,3.004641,-0.002666
9.396817,9.317492,48.500598,4530.932238,-0.817342,44.584832,8.192346,3.054591,-0.004626
9.440105,9.346396,48.399021,4526.533844,-0.770153,44.595580,8.284294,3.089765,-0.000399
9.484060,9.395043,48.321860,4522.065398,-0.721437,44.599097,8.376766,3.122103,0.001628
9.523907,9.425955,48.230617,4517.544676,-0.673907,44.602685,8.453700,3.151912,0.001942
9.572783,9.467678,48.156965,4512.954709,-0.631115,44.625917,8.529332,3.172928,-0.003203
9.602647,9.513782,48.079438,4508.330246,-0.579468,44.630835,8.602314,3.205287,0.001733
9.660789,9.561605,48.017798,4503.659322,-0.536931,44.635733,8.654608,3.223152,-0.009111
9.700213,9.597258,47.961422,4498.923682,-0.479106,44.659805,8.712022,3.249528,0.004765
9.737215,9.659046,47.914255,4494.160452,-0.438260,44.658372,8.767750,3.261211,-0.001766
9.789866,9.692779,47.858735,4489.353305,-0.384147,44.659210,8.800863,3.275799,0.001384
9.833555,9.728164,47.818532,4484.515744,-0.326716,44.674165,8.836849,3.284025,-0.003422
9.871257,9.772002,47.781949,4479.654707,-0.269906,44.687598,8.860413,3.303304,0.001854
9.907841,9.816300,47.758218,4474.759678,-0.219297,44.702610,8.883265,3.305713,-0.001101
9.952378,9.855993,47.713700,4469.845213,-0.169325,44.701834,8.888312,3.315649,0.000448
10.006507,9.906753,47.712396,4464.914957,-0.111037,44.719585,8.888834,3.305360,0.002940
10.045401,9.944474,47.700318,4459.958917,-0.065823,44.715365,8.884732,3.309949,0.002960
10.080374,9.991150,47.695911,4455.020076,-0.016313,44.730902,8.866790,3.298194,-0.001364
10.127068,10.020998,47.697162,4450.068499,0.045302,44.745007,8.850312,3.293859,0.006998
10.170160,10.074233,47.711948,4445.117854,0.095929,44.745002,8.823432,3.282654,-0.000011
10.216759,10.119666,47.726094,4440.169067,0.142977,44.772836,8.782382,3.264406,-0.000401
10.265484,10.155657,47.734207,4435.231090,0.189571,44.771865,8.734095,3.264459,0.000607
10.295813,10.199846,47.766401,4430.302920,0.240508,44.786780,8.689359,3.228524,-0.003025
10.340013,10.242121,47.793994,4425.406199,0.290721,44.793765,8.622362,3.215040,-0.007869
10.382446,10.285616,47.833171,4420.523484,0.347632,44.801807,8.568076,3.182437,0.007971
10.416872,10.330359,47.875290,4415.656581,0.389047,44.802002,8.491261,3.164997,0.004283
10.460628,10.368806,47.921987,4410.835986,0.432057,44.825158,8.427949,3.132380,-0.001387
10.501627,10.416926,47.973391,4406.032393,0.472949,44.820633,8.338194,3.111539,-0.001240
10.540504,10.455002,48.034844,4401.277836,0.513356,44.836863,8.251990,3.079689,-0.001605
10.600863,10.502302,48.100468,4396.539433,0.543815,44.864719,8.169649,3.036857,-0.004985
10.643402,10.543332,48.161520,4391.858939,0.587827,44.857510,8.076525,3.000328,-0.007281
10.676972,10.587130,48.228422,4387.230795,0.628183,44.869049,7.979798,2.970980,0.002876
10.716709,10.623814,48.293073,4382.625126,0.654550,44.881534,7.881640,2.929949,0.003417
10.760972,10.657754,48.373788,4378.087348,0.689978,44.891020,7.783948,2.905784,0.000246
10.812321,10.708456,48.449731,4373.593064,0.724273,44.901410,7.677065,2.860557,0.006474
10.845090,10.759998,48.544456,4369.139671,0.732561,44.902874,7.572781,2.826543,-0.010487
10.880939,10.795902,48.629898,4364.748846,0.767995,44.919824,7.467786,2.784731,0.004529
10.915037,10.842493,48.712180,4360.402064,0.793555,44.944415,7.351727,2.739344,0.003496
10.960198,10.878683,48.810144,4356.135450,0.809906,44.948063,7.246320,2.693720,-0.003806
11.005436,10.913762,48.902751,4351.897797,0.827998,44.952687,7.142843,2.660444,0.002112
11.046281,10.955349,48.991927,4347.732371,0.843741,44.948825,7.026951,2.615102,-0.004432
11.085194,11.010623,49.089466,4343.615609,0.864507,44.975584,6.913489,2.570059,-0.004835
11.117047,11.041029,49.199156,4339.566406,0.874509,44.977378,6.820315,2.543638,-0.001428
11.162289,11.083459,49.292419,4335.562945,0.884121,44.991787,6.703513,2.494656,0.004362
11.206906,11.136304,49.396785,4331.619433,0.881834,45.009437,6.605709,2.459827,0.007981
11.260442,11.174539,49.502421,4327.734986,0.895946,45.015190,6.496734,2.418431,-0.002805
11.295056,11.215896,49.601727,4323.900928,0.888505,45.030638,6.388262,2.381792,0.003108
11.331668,11.254554,49.703851,4320.134528,0.899937,45.039165,6.299735,2.334245,0.000060
11.380136,11.292051,49.787985,4316.424848,0.898960,45.043133,6.195375,2.316876,0.006670
11.409336,11.340911,49.901416,4312.763101,0.889482,45.065544,6.105247,2.271581,0.010582
11.454116,11.374974,50.006581,4309.156951,0.886141,45.068210,6.003412,2.229870,-0.000991
11.487440,11.421837,50.095206,4305.610357,0.878240,45.081148,5.907910,2.203950,0.002641
11.528058,11.452868,50.204499,4302.127231,0.876544,45.086955,5.813301,2.157340,-0.000638
11.578353,11.505979,50.294393,4298.670890,0.852461,45.107393,5.727780,2.132887,0.006638
11.630744,11.549494,50.395726,4295.279609,0.840221,45.111737,5.645484,2.104515,-0.001301
11.662585,11.588281,50.471254,4291.945348,0.821834,45.124962,5.559428,2.073539,-0.000166
11.694729,11.627981,50.573449,4288.649244,0.810366,45.126874,5.478881,2.038652,-0.005549
11.734020,11.673668,50.664121,4285.401796,0.794404,45.145059,5.403017,2.012780,0.006733
11.776573,11.707174,50.760720,4282.210272,0.764395,45.164675,5.330571,1.987553,-0.000675
11.826001,11.747070,50.840794,4279.058531,0.754934,45.161825,5.264936,1.964039,0.004307
11.866933,11.797662,50.920237,4275.949375,0.731926,45.221659,5.186482,1.932209,21.004338
11.889241,11.836325,50.999926,4272.884250,0.690527,45.259790,5.123180,1.901786,20.995649
11.945782,11.870077,51.068204,4269.876341,0.651382,45.312599,5.063052,1.879868,20.995833
11.978360,11.922186,51.150876,4266.907782,0.622516,45.350765,5.011084,1.864028,20.998274
12.023501,11.968027,51.218339,4263.961951,0.580402,45.399515,4.957257,1.854654,20.993890
12.059394,12.009858,51.273046,4261.065600,0.552725,45.453153,4.908673,1.823640,21.000935
12.106799,12.042701,51.337174,4258.203207,0.506223,45.502965,4.857698,1.809149,20.995156
12.152734,12.084240,51.396435,4255.375910,0.473495,45.543346,4.803485,1.783794,20.991304
12.173024,12.132979,51.430077,4252.595412,0.441318,45.586426,4.769376,1.776039,21.000014
12.221772,12.178093,51.491150,4249.829875,0.388826,45.633667,4.734837,1.767031,20.999793
12.262044,12.213202,51.529649,4247.092193,0.351866,45.689805,4.701857,1.755562,20.996998
12.297906,12.240189,51.565790,4244.401339,0.318100,45.723242,4.672558,1.728903,20.993599
12.339965,12.298118,51.605866,4241.721985,0.268154,45.769617,4.645163,1.715947,21.004509
12.384692,12.341307,51.618704,4239.072136,0.226431,45.818157,4.622713,1.721075,20.997600
12.414717,12.371059,51.643145,4236.442563,0.178912,45.863868,4.594289,1.717623,20.997361
12.451353,12.420828,51.660123,4233.844949,0.142741,45.908495,4.570272,1.708772,20.997879
12.500899,12.473727,51.678236,4231.260477,0.093643,45.947796,4.571815,1.704848,20.997967
12.534832,12.502761,51.678436,4228.689660,0.051414,46.003345,4.565061,1.699048,21.006493
12.579170,12.548256,51.688029,4226.139477,0.009273,46.048712,4.558342,1.695581,21.004312
12.617267,12.587807,51.692348,4223.587461,-0.041404,46.089399,4.542419,1.690321,20.986232
12.645317,12.622307,51.681115,4221.072470,-0.079698,46.135109,4.547542,1.694866,20.989621
12.693218,12.673346,51.681380,4218.560807,-0.129078,46.175224,4.543293,1.692534,21.001884
12.732106,12.712124,51.657504,4216.043930,-0.176906,46.227722,4.544988,1.701501,20.995065
12.770030,12.743214,51.631820,4213.557484,-0.225200,46.257376,4.565963,1.685977,20.998773
12.809507,12.799370,51.607337,4211.075534,-0.260695,46.314392,4.573021,1.706538,21.009735
12.850015,12.837567,51.576937,4208.584327,-0.313173,46.359476,4.588237,1.710182,20.997360
12.893157,12.867987,51.534924,4206.109488,-0.354141,46.397875,4.608480,1.715923,20.998432
12.933455,12.927162,51.499350,4203.613727,-0.395107,46.455860,4.624020,1.714882,21.001087
12.976865,12.961321,51.448159,4201.123966,-0.446657,46.496969,4.648566,1.732764,21.002769
13.003254,13.004865,51.402046,4198.644729,-0.486648,46.540674,4.672624,1.738603,20.996371
13.041072,13.055284,51.333784,4196.152775,-0.524535,46.585956,4.716564,1.760650,21.004298
13.074157,13.086099,51.282173,4193.646307,-0.564154,46.640439,4.743980,1.769667,20.993154
13.121291,13.127800,51.226196,4191.126904,-0.612353,46.690139,4.779533,1.782071,20.994202
13.163377,13.172534,51.161356,4188.595245,-0.648855,46.734281,4.827010,1.795780,20.994802
13.201809,13.206573,51.067089,4186.070635,-0.691251,46.782915,4.875636,1.809815,20.997718
13.241352,13.259496,50.989153,4183.523695,-0.726174,46.831991,4.916120,1.833834,21.004881
13.278149,13.295361,50.917254,4180.953472,-0.776912,46.875497,4.967509,1.850977,21.002386
13.320411,13.328674,50.830660,4178.357337,-0.810105,46.936430,5.024888,1.866218,20.997934
13.344228,13.377867,50.734830,4175.745633,-0.835886,46.974053,5.080377,1.886132,20.996289
13.387925,13.442576,50.646138,4173.102675,-0.884970,47.031699,5.139248,1.911324,21.000983
13.430008,13.465294,50.538920,4170.442890,-0.924080,47.088665,5.213271,1.938241,21.002069
13.461024,13.508364,50.445464,4167.759857,-0.951397,47.135913,5.275856,1.969865,20.996393
13.497470,13.546467,50.332886,4165.041602,-0.979200,47.182162,5.334800,1.982375,20.994432
13.532065,13.590622,50.222479,4162.277374,-1.012235,47.233681,5.421887,2.023248,21.009058
13.571914,13.639960,50.106861,4159.482949,-1.046933,47.293805,5.516058,2.055614,21.004393
13.614870,13.684328,49.996253,4156.661625,-1.068867,47.337223,5.587999,2.081078,20.995298
13.647573,13.720327,49.878993,4153.788633,-1.103345,47.395008,5.672083,2.111233,20.996748
13.690532,13.769212,49.768839,4150.873959,-1.122877,47.450710,5.765587,2.146628,20.991268
13.730963,13.802495,49.633640,4147.923560,-1.154039,47.505383,5.862611,2.178432,20.997772
13.764723,13.846266,49.517510,4144.922769,-1.167772,47.570581,5.944783,2.219029,20.998171
13.801126,13.890310,49.388023,4141.872833,-1.193773,47.629243,6.036995,2.254329,21.001731
13.841184,13.924020,49.251897,4138.771505,-1.208311,47.680132,6.148845,2.292378,20.994918
13.878539,13.969015,49.124622,4135.609809,-1.222500,47.742775,6.254613,2.330874,20.998838
13.914066,14.004776,48.982149,4132.399961,-1.235964,47.801784,6.360866,2.366777,21.002058
13.952965,14.050658,48.847547,4129.130561,-1.246746,47.860655,6.472346,2.413342,21.001268
13.991874,14.079718,48.717235,4125.789489,-1.263906,47.933345,6.598003,2.445874,20.998574
14.024930,14.143576,48.585642,4122.399770,-1.267991,47.975325,6.707991,2.494993,20.997846
14.058066,14.177005,48.451482,4118.946872,-1.266589,48.057488,6.824796,2.544548,20.997437
14.104000,14.224209,48.311467,4115.424349,-1.287746,48.111365,6.942417,2.596862,21.004678
14.132667,14.260183,48.159511,4111.826964,-1.275889,48.183269,7.070635,2.636623,21.003495
14.177047,14.318020,48.030949,4108.168357,-1.286507,48.261324,7.198906,2.678862,20.997715
14.208450,14.341948,47.891349,4104.439022,-1.275462,48.316079,7.323690,2.726829,20.992702
14.252693,14.399928,47.757599,4100.627137,-1.274726,48.392080,7.455323,2.775090,21.001492
14.276368,14.438334,47.624023,4096.745858,-1.259018,48.452020,7.579452,2.829301,20.996610
14.309641,14.485797,47.485751,4092.798214,-1.250067,48.528522,7.708411,2.868391,20.997211
14.360259,14.520006,47.346052,4088.761172,-1.243740,48.600581,7.837704,2.920752,20.997933
14.385806,14.557486,47.221515,4084.666474,-1.226380,48.688428,7.968262,2.975178,21.010657
14.416754,14.602804,47.099398,4080.478900,-1.202183,48.752501,8.098519,3.020093,21.008827
14.467973,14.648743,46.964971,4076.218459,-1.188855,48.827173,8.227146,3.062600,21.004430
14.504537,14.695881,46.838661,4071.884484,-1.159643,48.910086,8.363073,3.107808,21.009116
14.534204,14.731902,46.719506,4067.457589,-1.137517,48.971706,8.482466,3.153277,21.003617
14.564602,14.771281,46.597165,4062.970876,-1.109372,49.053368,8.621213,3.196771,20.998418
14.597461,14.819585,46.476821,4058.407245,-1.079500,49.130627,8.732634,3.251248,20.995205
14.627552,14.862529,46.360299,4053.757462,-1.045927,49.227596,8.847025,3.303314,21.001005
14.674176,14.902262,46.257636,4049.044113,-1.009305,49.305023,8.963225,3.338691,21.002882
14.705196,14.943675,46.156131,4044.249791,-0.975355,49.393509,9.083088,3.381038,20.999463
14.747007,14.980482,46.050689,4039.379887,-0.945736,49.476438,9.184107,3.426657,21.002528
14.787656,15.030042,45.949910,4034.446932,-0.894577,49.552986,9.298773,3.456287,20.996431
14.819660,15.056267,45.863124,4029.462392,-0.859224,49.638537,9.386337,3.495748,20.995681
14.840399,15.118087,45.776959,4024.395418,-0.808314,49.723795,9.473783,3.529165,20.998014
14.892375,15.153032,45.693607,4019.270557,-0.762826,49.799190,9.567162,3.571116,20.998537
14.919661,15.197556,45.620073,4014.088526,-0.708901,49.892242,9.646687,3.589618,20.999427
14.952454,15.248469,45.539150,4008.854497,-0.670225,49.988287,9.716776,3.621071,20.998181
14.985998,15.272528,45.476931,4003.563934,-0.613763,50.072548,9.781984,3.653178,21.002920
15.023758,15.323888,45.419028,3998.226582,-0.564322,50.170173,9.842940,3.673694,21.003392
15.062954,15.369620,45.354010,3992.844667,-0.512557,50.252809,9.890426,3.688688,21.001537
15.096919,15.417403,45.311812,3987.434344,-0.451922,50.349863,9.935697,3.696685,21.001957
15.133722,15.455717,45.267383,3981.967609,-0.397992,50.443762,9.979925,3.718922,20.999957
15.148612,15.498492,45.224233,3976.489476,-0.345344,50.534552,9.997715,3.726858,20.998677
15.195292,15.548161,45.192045,3970.969035,-0.294997,50.626454,10.020963,3.726383,20.997213
15.225044,15.575031,45.161633,3965.432532,-0.240538,50.714409,10.028203,3.727789,21.000362
15.258300,15.620357,45.150592,3959.880960,-0.179392,50.810452,10.039692,3.739838,20.999080
15.303274,15.674821,45.122264,3954.311646,-0.122288,50.902399,10.023254,3.733560,21.009094
15.338408,15.713010,45.113828,3948.737703,-0.061685,50.996557,10.011523,3.724462,21.002358
15.359014,15.754643,45.120761,3943.163108,-0.015701,51.084524,9.995897,3.718832,21.004412
15.396272,15.791848,45.111673,3937.590853,0.047768,51.171508,9.962692,3.702046,21.002323
15.425021,15.834834,45.120149,3932.020450,0.091155,51.271576,9.927938,3.693536,21.005313
15.458840,15.880967,45.134327,3926.445303,0.146742,51.359980,9.871263,3.676218,20.997632
15.496545,15.921481,45.155947,3920.900518,0.200639,51.457233,9.822785,3.652451,20.998387
15.529358,15.972798,45.177995,3915.365125,0.254013,51.556562,9.771220,3.636207,20.998914
15.567555,16.013246,45.201918,3909.854008,0.299462,51.643914,9.696418,3.609732,21.003305
15.586987,16.054041,45.233662,3904.379894,0.341716,51.738316,9.623000,3.592832,21.005661
15.624841,16.098819,45.274898,3898.931576,0.391637,51.816659,9.554378,3.560290,20.995634
15.651126,16.141205,45.316069,3893.515624,0.440049,51.912114,9.476833,3.529549,20.998237
15.693629,16.183451,45.356038,3888.126149,0.467410,51.999454,9.370880,3.492940,20.994520
15.719211,16.223444,45.410928,3882.790143,0.514827,52.094343,9.289755,3.471290,21.002403
15.746629,16.273483,45.473069,3877.482977,0.561226,52.177006,9.192430,3.428534,20.999758
15.790566,16.309386,45.525383,3872.233893,0.581711,52.273450,9.086134,3.388184,21.000591
15.813582,16.350175,45.585208,3867.022516,0.623478,52.351957,8.989271,3.343486,21.000854
15.849184,16.391457,45.658642,3861.864980,0.655596,52.444520,8.891958,3.304386,21.001663
15.887255,16.431727,45.718685,3856.759273,0.690135,52.517672,8.773851,3.268376,20.998474
15.902958,16.477289,45.794038,3851.715047,0.712334,52.603757,8.673520,3.226567,20.995002
15.937734,16.515235,45.854968,3846.717764,0.732353,52.695076,8.564820,3.187396,20.997641
15.981908,16.554299,45.936501,3841.773540,0.754415,52.775172,8.441238,3.149115,20.997914
16.005222,16.600015,46.021303,3836.890819,0.774243,52.860656,8.344653,3.102968,21.002698
16.028719,16.642213,46.098154,3832.071736,0.784840,52.931995,8.223444,3.067792,20.994691
16.067323,16.681746,46.167016,3827.301227,0.813348,53.022220,8.105522,3.021811,21.005299
16.095869,16.725267,46.253383,3822.595185,0.830536,53.099500,7.993944,2.973690,21.009637
16.128888,16.774938,46.335737,3817.949350,0.825312,53.182047,7.882936,2.932499,21.003899
16.159491,16.821453,46.422718,3813.368030,0.843071,53.256486,7.778137,2.893430,21.006302
16.181284,16.870565,46.516684,3808.842728,0.853777,53.329574,7.665958,2.850720,21.005526
16.222953,16.907657,46.584641,3804.371324,0.852038,53.410319,7.549260,2.809084,21.003573
16.247358,16.942106,46.673510,3799.959493,0.854385,53.489408,7.447877,2.770232,21.001102
16.290865,16.987731,46.757581,3795.624991,0.851745,53.570149,7.341535,2.727831,20.997659
16.304434,17.026934,46.849837,3791.332446,0.834708,53.640974,7.236204,2.695889,20.998531
16.339869,17.071992,46.920379,3787.096050,0.829732,53.713170,7.135676,2.663005,20.995151
16.371986,17.117781,47.008675,3782.922276,0.819961,53.784949,7.047330,2.628296,21.007681
16.404983,17.156077,47.085577,3778.803408,0.816367,53.855863,6.953657,2.582981,21.004992
16.427449,17.201605,47.168163,3774.747366,0.807090,53.926183,6.855729,2.555264,21.004103
16.456175,17.249528,47.249330,3770.740832,0.779370,54.001603,6.758353,2.519181,21.005910
16.483670,17.288884,47.320726,3766.788416,0.761529,54.069906,6.682947,2.486907,21.002195
16.508263,17.334417,47.402364,3762.887363,0.749115,54.134530,6.603102,2.460825,20.995988
16.548426,17.378224,47.464723,3759.029539,0.722066,54.206366,6.517127,2.426275,21.001448
16.578081,17.408110,47.540801,3755.238072,0.709438,54.278870,6.443611,2.398201,21.004193
16.611682,17.458486,47.617358,3751.473625,0.676590,54.341319,6.362321,2.366882,20.995457
16.643791,17.499582,47.678404,3747.766385,0.654776,54.412149,6.291891,2.342865,21.003225
16.672331,17.545642,47.739087,3744.115854,0.625470,54.482687,6.232774,2.315842,21.003763
16.697656,17.591946,47.796171,3740.495736,0.593209,54.542309,6.161052,2.294556,21.000662
16.714929,17.636587,47.848995,3736.909657,0.563758,54.612347,6.110358,2.274771,21.002598
16.755405,17.675375,47.906445,3733.389718,0.533103,54.681673,6.048843,2.258383,21.004872
16.788027,17.719932,47.955348,3729.895307,0.495486,54.749348,5.986746,2.239994,20.999642
16.810504,17.753430,48.010859,3726.430873,0.463331,54.813476,5.945675,2.206751,21.007660
16.831687,17.800813,48.054988,3723.019642,0.419762,54.881295,5.893643,2.186152,20.990848
16.867759,17.839684,48.086618,3719.635695,0.385423,54.933268,5.844869,2.182801,21.005741
16.899542,17.884402,48.129202,3716.276287,0.351766,54.997334,5.806731,2.167238,20.999756
16.931504,17.931498,48.151098,3712.965197,0.321164,55.063777,5.768826,2.155325,20.996090
16.956531,17.969445,48.188339,3709.671123,0.274207,55.135262,5.739995,2.138601,20.996480
16.980332,18.020274,48.209086,3706.409424,0.228673,55.194779,5.708174,2.127894,20.999824
17.004186,18.046938,48.220798,3703.174935,0.201901,55.250169,5.682864,2.117212,20.994257
17.035190,18.097698,48.245815,3699.954872,0.154727,55.322437,5.659935,2.109812,20.992327
17.067038,18.129445,48.257519,3696.769004,0.108527,55.388426,5.640903,2.103344,20.995806
17.096871,18.184011,48.270264,3693.606118,0.066941,55.454815,5.622013,2.081373,20.993320
17.120569,18.229866,48.269367,3690.452298,0.023430,55.507303,5.613057,2.080050,21.000295
17.143538,18.263650,48.276837,3687.318583,-0.030232,55.581787,5.599884,2.076278,21.002504
17.179852,18.304146,48.276435,3684.198124,-0.072362,55.637532,5.590799,2.086684,20.996994
17.198545,18.352741,48.251522,3681.091913,-0.127147,55.705347,5.591785,2.078221,20.995260
17.225197,18.386036,48.248257,3678.011975,-0.161963,55.766197,5.592607,2.080121,20.989222
17.261865,18.442441,48.230012,3674.917396,-0.205750,55.822076,5.602786,2.082537,21.005130
17.278714,18.488757,48.202909,3671.846724,-0.252128,55.889021,5.602648,2.096389,21.002947
17.314261,18.525076,48.180530,3668.782385,-0.282462,55.953985,5.621581,2.101234,21.001864
17.346527,18.570665,48.152932,3665.712396,-0.327893,56.012783,5.634047,2.103933,20.998101
17.370524,18.602134,48.114910,3662.653946,-0.387820,56.087409,5.651527,2.109289,21.004706
17.394751,18.649719,48.080133,3659.597073,-0.411524,56.145856,5.681048,2.102629,21.001327
17.431090,18.703144,48.023400,3656.538143,-0.471791,56.215931,5.693616,2.117103,20.992218
17.446598,18.736158,47.987763,3653.470866,-0.516869,56.283652,5.721257,2.136934,21.010054
17.471251,18.774933,47.933000,3650.403530,-0.560391,56.344530,5.757519,2.140245,20.998356
17.498385,18.817726,47.883162,3647.306681,-0.607681,56.402848,5.799978,2.149004,21.000029
17.531410,18.862006,47.816970,3644.222035,-0.638380,56.477575,5.833183,2.166841,20.994744
17.559375,18.896481,47.761314,3641.121857,-0.684828,56.536874,5.878721,2.188307,20.991210
17.584516,18.951171,47.690318,3638.009509,-0.728570,56.605004,5.914843,2.204694,20.999904
17.618034,18.989881,47.625038,3634.873232,-0.755827,56.675125,5.965152,2.224740,20.995423
17.639082,19.030949,47.544164,3631.726040,-0.800664,56.734089,6.016185,2.243760,20.996403
17.666772,19.083352,47.477044,3628.554277,-0.825243,56.814919,6.079221,2.267389,21.003341
17.690772,19.115233,47.383285,3625.355356,-0.868887,56.877202,6.130548,2.283877,20.994579
17.722012,19.168318,47.307758,3622.134213,-0.910699,56.947511,6.187781,2.305728,20.998995
17.744231,19.201791,47.218288,3618.896342,-0.939392,57.014960,6.257306,2.325956,21.005797
17.776194,19.253933,47.130091,3615.613408,-0.972065,57.087609,6.328207,2.356968,20.989907
17.801101,19.290920,47.034404,3612.307864,-0.999510,57.157380,6.394133,2.372601,20.997850
17.828710,19.332940,46.949665,3608.962245,-1.025940,57.232784,6.473222,2.400905,20.998495
17.851852,19.377863,46.850765,3605.589645,-1.045078,57.304557,6.545754,2.437592,21.005075
17.880515,19.417805,46.735530,3602.181753,-1.075441,57.371966,6.633063,2.468954,20.997575
17.892841,19.453909,46.631698,3598.730667,-1.101621,57.450651,6.714909,2.496979,21.010437
17.928604,19.503422,46.521445,3595.234890,-1.125083,57.525635,6.796090,2.533420,20.995733
17.960815,19.553356,46.430322,3591.696978,-1.164460,57.599297,6.896263,2.571869,20.999525
17.987576,19.593284,46.315882,3588.111289,-1.173626,57.673238,6.996178,2.605379,21.000374
17.997975,19.622760,46.203150,3584.483081,-1.192231,57.748866,7.076490,2.632759,20.998394
18.037949,19.666927,46.095747,3580.803326,-1.194088,57.839662,7.177258,2.665551,21.006000
18.062089,19.706630,45.981390,3577.059529,-1.208893,57.912041,7.271255,2.716435,21.010926
18.086188,19.767225,45.862219,3573.294002,-1.218124,57.994419,7.381999,2.746072,21.002180
18.116458,19.806985,45.750015,3569.434188,-1.226579,58.071227,7.486017,2.794317,20.998759
18.132254,19.844309,45.635364,3565.534787,-1.227235,58.161521,7.589667,2.828072,21.007730
18.167438,19.894641,45.526404,3561.573401,-1.239280,58.245642,7.685624,2.869311,21.001208
18.184932,19.931617,45.410437,3557.565717,-1.241508,58.326652,7.806860,2.911622,20.993050
18.202986,19.979422,45.281614,3553.496101,-1.242934,58.410371,7.904875,2.944956,21.011588
18.238836,20.014400,45.185689,3549.353618,-1.231765,58.504804,8.027897,2.987923,20.998412
18.254971,20.063938,45.065496,3545.162155,-1.231953,58.591936,8.135772,3.023680,21.002333
18.283072,20.100329,44.960330,3540.885779,-1.218958,58.668335,8.246079,3.070324,20.998949
18.307695,20.142870,44.827925,3536.548338,-1.206317,58.760386,8.354356,3.109713,20.998020
18.325988,20.194018,44.729061,3532.157963,-1.205894,58.847516,8.465538,3.146079,21.002550
18.354976,20.231986,44.617353,3527.691702,-1.176605,58.929071,8.578468,3.195482,21.005391
18.382727,20.275120,44.514661,3523.175239,-1.157098,59.040946,8.675520,3.241304,21.007669
18.398310,20.318240,44.404348,3518.586145,-1.137706,59.130719,8.790427,3.274847,20.999704
18.423241,20.357241,44.292429,3513.925364,-1.126865,59.219241,8.903342,3.309185,20.992848
18.448234,20.406267,44.199094,3509.202918,-1.088015,59.322494,9.006532,3.357216,21.001377
18.476541,20.445003,44.093545,3504.419676,-1.074361,59.411077,9.108548,3.389148,20.999960
18.503005,20.485334,43.992255,3499.574104,-1.052937,59.518240,9.198060,3.427781,20.999380
18.521669,20.527806,43.912323,3494.665467,-1.011373,59.619862,9.311805,3.464034,21.006531
18.551269,20.582004,43.811667,3489.692241,-0.976599,59.717576,9.395275,3.495827,20.999538
18.572042,20.616553,43.723493,3484.652023,-0.942500,59.806507,9.483741,3.528677,21.002645
18.596261,20.656899,43.639069,3479.570694,-0.906347,59.929426,9.562549,3.570595,20.997853
18.613530,20.696580,43.564953,3474.425360,-0.859981,60.023102,9.646065,3.589864,21.012692
18.638190,20.746569,43.482507,3469.228895,-0.822233,60.128029,9.729827,3.619684,20.995750
18.656624,20.773112,43.420022,3463.981934,-0.784576,60.238414,9.785523,3.643268,21.004291
18.686882,20.821315,43.345616,3458.682540,-0.738528,60.335507,9.856175,3.674860,20.992719
18.711833,20.863108,43.283592,3453.349867,-0.697266,60.442459,9.921845,3.693799,21.004520
18.735391,20.905972,43.227702,3447.955788,-0.649210,60.557034,9.969969,3.716543,20.999190
18.755109,20.953458,43.162115,3442.533471,-0.604628,60.650110,10.016698,3.731171,20.997992
18.772056,20.994603,43.113484,3437.058527,-0.555432,60.759913,10.051469,3.743073,20.999690
18.795633,21.032975,43.068526,3431.575288,-0.489280,60.867315,10.091212,3.753821,21.009114
18.828319,21.084464,43.025035,3426.048501,-0.445219,60.982284,10.127578,3.761378,20.999558
18.838219,21.113136,42.982877,3420.495271,-0.392145,61.092811,10.133903,3.770138,20.996596
18.878898,21.171288,42.956352,3414.926303,-0.353543,61.196879,10.162506,3.780373,21.003064
18.894722,21.207684,42.922095,3409.318200,-0.304854,61.304982,10.164158,3.782564,21.000538
18.912937,21.252643,42.895244,3403.714468,-0.242842,61.419311,10.173399,3.775212,21.000740
18.937960,21.293826,42.878739,3398.079803,-0.191946,61.534426,10.166505,3.781101,21.004420
18.950305,21.329407,42.860837,3392.451443,-0.147060,61.625901,10.140578,3.783665,21.003312
18.967649,21.376732,42.852254,3386.827196,-0.088718,61.741340,10.128798,3.772665,21.002369
18.998938,21.414732,42.843035,3381.198005,-0.049250,61.848218,10.092002,3.764445,21.001199
19.018539,21.464810,42.846160,3375.561989,-0.007204,61.969313,10.071460,3.760476,21.008118
19.049677,21.505714,42.857328,3369.934894,0.043529,62.080037,10.029664,3.739451,20.994768
19.064557,21.549897,42.853194,3364.318766,0.100370,62.183566,9.995338,3.714300,20.998311
19.089170,21.586537,42.866058,3358.718671,0.133287,62.298323,9.938278,3.704621,21.011968
19.113697,21.635546,42.878931,3353.145053,0.193481,62.409339,9.891495,3.684760,20.994934
19.122524,21.665065,42.894563,3347.591560,0.234017,62.519555,9.834024,3.662732,20.998371
19.144693,21.707887,42.927625,3342.043252,0.271330,62.621833,9.760177,3.647586,21.005068
19.165394,21.762970,42.949216,3336.528649,0.319380,62.735973,9.692281,3.611584,21.004736
19.182412,21.792754,42.984970,3331.043888,0.365217,62.750265,9.635509,3.583906,0.002972
19.205654,21.839868,43.014730,3325.573889,0.429046,62.765616,9.551045,3.565348,0.001943
19.221205,21.875538,43.050518,3320.156579,0.477548,62.770712,9.474144,3.526125,-0.004438
19.254478,21.922119,43.094021,3314.767362,0.523725,62.803712,9.382881,3.493846,-0.000748
19.271064,21.973436,43.145970,3309.399755,0.559012,62.814600,9.279347,3.463749,-0.001528
19.287593,22.011495,43.197185,3304.096235,0.619993,62.840163,9.186401,3.427924,-0.005837
19.316213,22.047710,43.242078,3298.825315,0.651247,62.856192,9.090722,3.386502,-0.002143
19.320091,22.101516,43.307267,3293.607178,0.689106,62.869744,8.988901,3.352677,0.002998
19.351692,22.138599,43.360735,3288.434685,0.726283,62.902183,8.897268,3.312495,-0.000737
19.369649,22.174311,43.430993,3283.313617,0.753392,62.906350,8.774598,3.265484,0.000548
19.389661,22.208406,43.493011,3278.225818,0.779727,62.929260,8.667834,3.235835,0.002738
19.406805,22.266825,43.559269,3273.219645,0.808956,62.945970,8.564841,3.207334,0.004495
19.427891,22.302300,43.631403,3268.258626,0.836882,62.952346,8.459537,3.144148,-0.002150
19.448559,22.337698,43.705278,3263.348024,0.853164,62.989490,8.340725,3.121575,-0.001632
19.462824,22.387797,43.778764,3258.509905,0.866486,62.994273,8.232164,3.073907,0.005072
19.483170,22.416693,43.847467,3253.706556,0.879415,62.998610,8.114435,3.025753,0.002688
19.503030,22.465547,43.919747,3248.982252,0.891840,63.029010,8.010845,2.997091,0.003418
19.535687,22.494254,44.001803,3244.302485,0.909510,63.056005,7.905934,2.951209,-0.005120
19.537706,22.544517,44.080037,3239.685441,0.910459,63.071566,7.793929,2.906444,-0.003563
19.565660,22.582513,44.157715,3235.127007,0.917179,63.081558,7.691283,2.867984,0.008534
19.578159,22.626753,44.229238,3230.632503,0.911086,63.096459,7.582437,2.823880,-0.003603
19.607317,22.664593,44.312531,3226.185951,0.909028,63.129342,7.478166,2.779042,-0.000616
19.627481,22.709194,44.390417,3221.801437,0.899868,63.147399,7.387511,2.753744,-0.001050
19.647043,22.750870,44.459261,3217.469034,0.901802,63.157094,7.297507,2.705869,-0.010050
19.660676,22.803700,44.530792,3213.206089,0.879029,63.174424,7.193475,2.690935,0.000766
19.685293,22.842255,44.619481,3208.994177,0.863840,63.196740,7.097861,2.641798,-0.002649
19.700774,22.874770,44.688792,3204.828906,0.846181,63.206833,7.008996,2.607971,0.002981
19.727240,22.912642,44.754105,3200.730612,0.836209,63.233157,6.917334,2.583308,0.004534
19.734380,22.964045,44.825575,3196.676943,0.812454,63.247522,6.839381,2.554165,-0.001980
19.763595,22.989197,44.889122,3192.679341,0.784496,63.265973,6.767085,2.520538,-0.004469
19.777430,23.042494,44.951488,3188.721660,0.757131,63.284811,6.680339,2.489712,-0.006026
19.795497,23.075567,45.012117,3184.823701,0.729836,63.300312,6.602284,2.458327,0.000995
19.817607,23.111908,45.084198,3180.975994,0.707832,63.311000,6.537937,2.434583,-0.002389
19.830923,23.153691,45.135503,3177.169122,0.667364,63.337621,6.480989,2.410761,-0.003120
19.860985,23.198867,45.191205,3173.410836,0.639411,63.347252,6.402471,2.388997,0.006275
19.871458,23.242550,45.236899,3169.696690,0.603513,63.371353,6.342437,2.354312,-0.004737
19.895059,23.277009,45.291301,3166.005306,0.553651,63.387844,6.286347,2.348883,0.005372
19.909017,23.323032,45.334118,3162.383628,0.512944,63.416371,6.232807,2.317526,0.000295
19.933986,23.362857,45.365948,3158.798002,0.469343,63.428968,6.189073,2.299567,0.007899
19.948864,23.400668,45.400430,3155.226612,0.428271,63.446290,6.140093,2.283755,0.005887
19.962936,23.444836,45.436934,3151.716736,0.380047,63.457724,6.093993,2.276217,-0.000262
19.986741,23.476637,45.473421,3148.230380,0.340099,63.465806,6.054061,2.259771,0.012334
20.006547,23.528565,45.499939,3144.773184,0.287221,63.496814,6.024558,2.246586,0.001071
20.022530,23.555586,45.511377,3141.352129,0.253363,63.514802,5.992795,2.230126,-0.008846
20.036625,23.598075,45.543374,3137.953186,0.186012,63.542530,5.959302,2.221993,-0.002769
20.064669,23.640110,45.551099,3134.584073,0.138046,63.555660,5.938343,2.207746,-0.006237
20.086459,23.686766,45.551755,3131.236295,0.104363,63.573088,5.908153,2.199465,-0.003560
20.097873,23.725320,45.567530,3127.925933,0.052809,63.585066,5.892854,2.192289,-0.001500
20.122506,23.755978,45.570400,3124.632969,-0.001944,63.607030,5.885640,2.192675,0.008134
20.141193,23.797574,45.568432,3121.363567,-0.069009,63.622519,5.878097,2.186378,0.006273
20.157524,23.838200,45.559899,3118.100637,-0.116028,63.639782,5.872564,2.184132,0.003872
20.182951,23.879497,45.552205,3114.860949,-0.163605,63.653586,5.867856,2.183717,0.005614
20.197907,23.924610,45.535640,3111.627180,-0.212946,63.675447,5.865758,2.182230,0.002389
20.213081,23.968438,45.511884,3108.424700,-0.268700,63.700204,5.865772,2.180802,-0.000919
20.227217,24.006671,45.490494,3105.204489,-0.330859,63.705379,5.878894,2.188408,0.006389
20.249138,24.040688,45.461454,3102.000065,-0.378252,63.736234,5.883067,2.189295,0.009190
20.274336,24.071440,45.429786,3098.816070,-0.432409,63.747879,5.916133,2.200191,-0.006333
20.283658,24.112025,45.389828,3095.637523,-0.481317,63.773400,5.910359,2.211677,0.005157
20.300684,24.154831,45.346333,3092.438334,-0.536578,63.779119,5.943168,2.211205,0.003213
20.331687,24.194898,45.297692,3089.271511,-0.585879,63.798235,5.970162,2.229029,-0.004342
20.334831,24.231119,45.263993,3086.072738,-0.631112,63.819158,5.985935,2.231825,0.000111
20.355692,24.281404,45.208403,3082.888819,-0.685104,63.848685,6.038386,2.247058,-0.004717
20.377531,24.320448,45.143053,3079.674557,-0.745031,63.858183,6.061221,2.259841,0.001737
20.392955,24.359478,45.082442,3076.469858,-0.791069,63.877348,6.103338,2.272140,0.005686
20.414258,24.403103,45.023584,3073.253801,-0.835867,63.885038,6.149674,2.293530,-0.004548
20.426729,24.436068,44.949939,3070.026479,-0.884576,63.921656,6.196339,2.308491,-0.004349
20.446531,24.475354,44.876444,3066.768166,-0.926418,63.931433,6.255320,2.328457,-0.008094
20.464034,24.519607,44.797837,3063.505884,-0.969520,63.946339,6.303292,2.355727,0.003336
20.485972,24.544329,44.718528,3060.212170,-1.006636,63.960196,6.364476,2.379220,-0.002537
20.499873,24.591240,44.644064,3056.903731,-1.057278,63.993713,6.419150,2.388742,0.003286
20.513645,24.630813,44.552164,3053.574950,-1.095234,64.004876,6.477870,2.415549,-0.007361
20.534282,24.671266,44.468712,3050.214742,-1.131700,64.023993,6.554570,2.439090,0.001260
20.563735,24.712028,44.364970,3046.828503,-1.173784,64.035931,6.615893,2.452586,-0.003558
20.568761,24.746993,44.282440,3043.407802,-1.200397,64.056767,6.684249,2.493509,-0.004978
20.602934,24.786746,44.180728,3039.954705,-1.240359,64.075225,6.771262,2.527674,0.006886
20.615725,24.833592,44.080400,3036.459699,-1.253854,64.101184,6.855858,2.552614,-0.004592
20.634726,24.867895,43.986474,3032.932657,-1.288846,64.116915,6.931546,2.577494,-0.001820
20.637637,24.907530,43.872218,3029.364322,-1.316926,64.137279,7.014110,2.611588,0.004641
20.668025,24.947003,43.776302,3025.763289,-1.334144,64.145498,7.103983,2.650704,0.001850
20.674838,24.981965,43.657575,3022.108754,-1.357152,64.165549,7.193790,2.674754,0.002234
20.691570,25.019170,43.554885,3018.403186,-1.382996,64.185544,7.292719,2.722979,0.007667
20.719689,25.067317,43.447514,3014.659747,-1.395159,64.203301,7.375846,2.744483,-0.011054
20.734953,25.095450,43.340151,3010.866463,-1.407865,64.217502,7.479991,2.786965,0.001887
20.757307,25.136766,43.226096,3007.018038,-1.418255,64.244672,7.583186,2.816993,-0.009559
20.768808,25.182930,43.110539,3003.119014,-1.424380,64.253039,7.669834,2.860386,0.008282
20.776146,25.207996,43.007497,2999.168939,-1.434557,64.281219,7.779377,2.894268,0.000174
20.806713,25.253577,42.884393,2995.156967,-1.437061,64.301849,7.880974,2.928660,0.002715
20.830117,25.286817,42.773544,2991.083736,-1.427763,64.315007,7.987120,2.982447,0.000413
20.840746,25.326586,42.655943,2986.941453,-1.427116,64.332378,8.088845,3.012334,0.005648
20.848798,25.367964,42.546341,2982.763708,-1.431565,64.345108,8.201178,3.051064,-0.002481
20.872204,25.406272,42.439157,2978.512655,-1.417900,64.368210,8.293163,3.090394,0.002854
20.889866,25.451546,42.333445,2974.200594,-1.402363,64.392865,8.404608,3.132768,-0.001694
20.909297,25.490433,42.225609,2969.831105,-1.386992,64.406767,8.505918,3.177116,-0.001746
20.919302,25.530989,42.112420,2965.395955,-1.377332,64.418717,8.608662,3.214583,0.006615
20.941823,25.564249,42.013795,2960.898154,-1.341270,64.449547,8.713822,3.235032,0.006311
20.958937,25.605367,41.903737,2956.346824,-1.332364,64.454805,8.809594,3.290309,-0.010246
20.977635,25.633497,41.807443,2951.724893,-1.305109,64.479026,8.917513,3.314915,0.003937
20.988496,25.680590,41.703090,2947.044845,-1.271029,64.495155,9.010251,3.359961,0.005147
21.006906,25.724093,41.606861,2942.290289,-1.247021,64.511655,9.101095,3.390240,0.004497
21.032960,25.754440,41.516099,2937.483811,-1.207378,64.535907,9.196988,3.421325,0.002626
21.050340,25.784187,41.413738,2932.632876,-1.170111,64.550980,9.288981,3.456987,-0.003203
21.057141,25.830232,41.334292,2927.698706,-1.131873,64.562129,9.368946,3.486282,-0.000711
21.064993,25.861860,41.234437,2922.725756,-1.080192,64.587190,9.442691,3.511358,0.003851
21.094174,25.910973,41.163417,2917.697928,-1.050874,64.604538,9.527561,3.555971,-0.001993
21.125343,25.938539,41.092111,2912.602307,-1.010826,64.617595,9.591415,3.576533,-0.008755
21.128048,25.979954,41.013457,2907.469165,-0.959149,64.644852,9.666102,3.594776,0.001316
21.145787,26.016255,40.943337,2902.279442,-0.901566,64.668872,9.732082,3.624156,0.002822
21.157677,26.049914,40.869215,2897.066872,-0.848930,64.677924,9.778797,3.651355,-0.007281
21.179251,26.093712,40.816143,2891.794469,-0.803460,64.700819,9.840162,3.659947,-0.000058
21.202642,26.121827,40.756705,2886.475183,-0.740547,64.722232,9.882156,3.682474,0.000536
21.223234,26.164095,40.704622,2881.123755,-0.687683,64.737630,9.921254,3.693087,-0.010297
21.227896,26.202373,40.652952,2875.753927,-0.635815,64.744850,9.955107,3.701035,-0.000813
21.249007,26.245162,40.603924,2870.337744,-0.575839,64.785283,9.976212,3.722109,0.002210
21.245904,26.280548,40.562850,2864.898865,-0.522563,64.784827,9.998563,3.720904,0.005865
21.281986,26.319264,40.535606,2859.417284,-0.459952,64.810052,10.008913,3.722771,0.001425
21.292692,26.356732,40.499979,2853.941115,-0.409864,64.823514,10.020698,3.736571,0.003256
21.312702,26.402101,40.470616,2848.441679,-0.349220,64.838350,10.020595,3.729957,-0.000532
21.330298,26.440544,40.456994,2842.920361,-0.283512,64.869882,10.003088,3.724463,0.004489
21.346154,26.471411,40.423068,2837.396008,-0.230168,64.880525,9.991413,3.730930,-0.001323
21.362347,26.507228,40.411619,2831.871690,-0.167187,64.901003,9.979522,3.719854,0.004245
21.368219,26.540894,40.407794,2826.326962,-0.114179,64.920937,9.951226,3.708167,-0.000166
21.384895,26.579128,40.395784,2820.798615,-0.056194,64.935684,9.927516,3.694505,-0.005960
21.410167,26.611949,40.394373,2815.268992,-0.009926,64.952874,9.883158,3.686962,0.001471
21.418240,26.651810,40.387699,2809.748894,0.050660,64.968200,9.853420,3.675794,0.001783
21.445048,26.681706,40.411997,2804.239274,0.104164,64.992441,9.798368,3.648051,-0.002891
21.458592,26.730368,40.421069,2798.734397,0.152815,65.009016,9.752700,3.632393,0.009324
21.469617,26.763500,40.419637,2793.254881,0.206147,65.024584,9.700622,3.616532,0.001910
21.483154,26.796976,40.434501,2787.803114,0.252434,65.050465,9.635471,3.581433,0.002734
21.498940,26.830432,40.455898,2782.367274,0.292801,65.063362,9.567988,3.559874,0.009849
21.514144,26.868212,40.481249,2776.959902,0.339095,65.069904,9.502205,3.542799,-0.007905
21.530147,26.896098,40.503838,2771.575555,0.378641,65.093080,9.434000,3.510113,-0.000972
21.552452,26.938457,40.547460,2766.225167,0.413843,65.107940,9.355728,3.496980,0.001634
21.569459,26.976995,40.577423,2760.916666,0.457766,65.135380,9.273533,3.454067,-0.000619
21.583024,27.015254,40.605349,2755.626079,0.495524,65.145852,9.207435,3.423632,-0.000501
21.591037,27.054369,40.631618,2750.383033,0.516312,65.158136,9.117488,3.393380,0.003556
21.615990,27.085007,40.676482,2745.180178,0.546959,65.179702,9.030416,3.369453,0.002602
21.624325,27.118393,40.724301,2740.019304,0.571849,65.210101,8.955382,3.339226,-0.000630
21.642779,27.159411,40.769650,2734.894508,0.600290,65.213723,8.862424,3.300341,0.002785
21.651812,27.186998,40.810599,2729.808175,0.614057,65.240757,8.786935,3.268145,-0.000366
21.666519,27.228104,40.851738,2724.768358,0.631875,65.261657,8.694719,3.240547,-0.001880
21.687188,27.270660,40.891719,2719.773880,0.642431,65.271942,8.599548,3.215464,0.003895
21.703261,27.289167,40.940192,2714.830437,0.658977,65.294734,8.522680,3.172474,-0.006156
21.719019,27.335901,40.995480,2709.926730,0.668195,65.315373,8.430901,3.138193,-0.008900
21.737470,27.373075,41.039052,2705.066079,0.668696,65.329498,8.345045,3.101602,-0.004298
21.745336,27.403363,41.082659,2700.263430,0.670488,65.343941,8.254769,3.075523,0.005744
21.762902,27.441858,41.132236,2695.501271,0.673821,65.363136,8.171897,3.044763,0.008909
21.774962,27.478772,41.173427,2690.771009,0.670883,65.386828,8.096391,3.006087,-0.006482
21.789534,27.514675,41.230838,2686.116020,0.668777,65.393600,8.003170,2.990424,0.002151
21.804488,27.550627,41.272317,2681.484704,0.653534,65.418352,7.938209,2.953229,-0.013262
21.828925,27.577859,41.319784,2676.917420,0.639253,65.429442,7.854537,2.923579,-0.005193
21.838600,27.621524,41.364974,2672.375573,0.632606,65.441053,7.781918,2.899582,0.006214
21.861074,27.657516,41.396768,2667.899726,0.606859,65.474182,7.711320,2.872157,0.000522
21.865225,27.693421,41.447528,2663.462115,0.587516,65.478289,7.641632,2.845504,0.008490
21.881089,27.726744,41.475046,2659.079782,0.577187,65.499769,7.555297,2.820152,-0.002044
21.897353,27.757838,41.527956,2654.705409,0.541921,65.529386,7.496398,2.793632,0.003942
21.919981,27.790777,41.566583,2650.400872,0.531154,65.531524,7.445148,2.775333,0.003109
21.924144,27.831705,41.591891,2646.137628,0.499708,65.562702,7.377080,2.744949,-0.002636
21.942694,27.861855,41.635757,2641.898929,0.447702,65.577673,7.324150,2.736345,-0.002182
21.959042,27.900973,41.659697,2637.712485,0.430403,65.584171,7.259871,2.708840,-0.004790
21.971555,27.929035,41.692210,2633.565043,0.398144,65.609551,7.217899,2.685025,0.003422
21.985360,27.971409,41.707867,2629.448732,0.357891,65.636723,7.175271,2.674575,0.001930
22.006491,27.993198,41.728811,2625.374374,0.320087,65.642453,7.119295,2.649171,-0.007809
22.014720,28.028172,41.774555,2621.340868,0.280193,65.661593,7.068129,2.640397,-0.008423
22.016320,28.064476,41.776168,2617.312900,0.241548,65.687550,7.038782,2.620674,0.002991
22.036457,28.110636,41.799418,2613.342652,0.202248,65.704949,7.000149,2.607245,-0.001103
22.046259,28.145979,41.801606,2609.391821,0.153340,65.713553,6.961823,2.592616,0.004098
22.066759,28.177828,41.821350,2605.472145,0.112998,65.734812,6.937908,2.582207,-0.005137
22.092922,28.207961,41.814809,2601.574890,0.073644,65.754255,6.906067,2.574240,-0.007165
22.095885,28.249147,41.824995,2597.719288,0.016782,65.769754,6.889319,2.562690,0.003508
22.110556,28.279423,41.818808,2593.865292,-0.028801,65.787209,6.864433,2.550617,-0.004471
22.131064,28.309072,41.824606,2590.051940,-0.073566,65.795920,6.847152,2.549273,0.007289
22.142924,28.345908,41.819171,2586.257232,-0.122724,65.821185,6.842662,2.538166,-0.000265
22.160142,28.375505,41.795444,2582.476868,-0.176782,65.842600,6.829744,2.536373,0.004989
22.160144,28.414947,41.792628,2578.720037,-0.232876,65.860857,6.819128,2.525743,0.003015
22.181768,28.456036,41.761929,2574.974763,-0.270207,65.871947,6.818740,2.544562,-0.002088
22.194138,28.483124,41.756590,2571.241322,-0.325259,65.887237,6.822584,2.551561,0.006840
22.216810,28.515231,41.727323,2567.521450,-0.375481,65.908388,6.814758,2.550180,0.000751
22.236608,28.549302,41.700488,2563.810256,-0.422485,65.930706,6.833505,2.539978,-0.007758
22.244618,28.586643,41.668192,2560.103121,-0.485709,65.937876,6.839755,2.541332,0.003533
22.256016,28.624739,41.637255,2556.415471,-0.530703,65.961077,6.838739,2.554451,-0.002773
22.265646,28.649570,41.592592,2552.732715,-0.587886,65.981024,6.867132,2.559672,-0.001295
22.275665,28.691806,41.549320,2549.036453,-0.646253,65.996313,6.874968,2.561571,0.002146
22.291645,28.716276,41.514237,2545.351051,-0.681818,66.013086,6.909721,2.578063,0.003370
22.318923,28.748002,41.466848,2541.666422,-0.728307,66.035574,6.931091,2.587779,-0.004109
22.325541,28.791937,41.415376,2537.986777,-0.776525,66.049635,6.960156,2.597414,-0.000644
22.340443,28.820574,41.358536,2534.272387,-0.826114,66.074228,6.991417,2.600023,-0.000305
22.354750,28.846925,41.301941,2530.578236,-0.880531,66.092083,7.016060,2.621436,0.003022
22.372950,28.882813,41.254094,2526.869396,-0.914691,66.105726,7.062774,2.618257,0.002494
22.368796,28.917729,41.190890,2523.149525,-0.966512,66.125407,7.113694,2.645120,0.004236
22.398395,28.956785,41.115990,2519.416837,-1.008186,66.130678,7.145901,2.665876,0.001061
22.408911,28.984964,41.045254,2515.672786,-1.041347,66.150081,7.199079,2.678515,-0.006228
22.414507,29.021318,40.975133,2511.900607,-1.089184,66.173429,7.246514,2.704207,-0.004194
22.436504,29.054061,40.919108,2508.123905,-1.130724,66.188729,7.301140,2.730292,-0.001770
22.450757,29.089417,40.846287,2504.317534,-1.169905,66.207962,7.361433,2.732568,0.005791
22.462606,29.109755,40.759636,2500.491658,-1.201290,66.227123,7.409165,2.768790,-0.003195
22.473289,29.155030,40.679965,2496.645600,-1.238315,66.241708,7.473959,2.786745,0.001825
22.483516,29.185170,40.604165,2492.764438,-1.271969,66.257354,7.534058,2.815449,-0.003037
22.504203,29.228440,40.514329,2488.860913,-1.297124,66.277345,7.596004,2.840696,-0.000986
22.513678,29.255372,40.422084,2484.924984,-1.317977,66.296013,7.669450,2.857999,0.003070
22.528951,29.287792,40.342277,2480.966545,-1.347662,66.312540,7.740785,2.883625,-0.001949
22.545108,29.320138,40.259511,2476.960457,-1.371535,66.331253,7.818487,2.903288,-0.004238
22.550384,29.350886,40.164594,2472.923183,-1.392704,66.344985,7.887860,2.941899,-0.001250
22.563558,29.373063,40.080911,2468.862630,-1.401019,66.373622,7.963754,2.967505,-0.004275
22.582690,29.416098,39.980221,2464.746300,-1.424734,66.380484,8.027526,2.997785,-0.005524
22.602845,29.461573,39.892481,2460.604733,-1.439233,66.407597,8.110979,3.016951,-0.001621
22.609595,29.480893,39.805278,2456.407722,-1.455337,66.419867,8.188413,3.059244,-0.001970
22.624048,29.511202,39.705298,2452.176245,-1.447589,66.430879,8.272013,3.080265,-0.010050
22.641067,29.544129,39.611538,2447.924724,-1.455498,66.454017,8.352448,3.106981,-0.005937
22.638757,29.569220,39.510515,2443.599723,-1.459188,66.475687,8.437300,3.139280,0.002749
22.657685,29.609068,39.422537,2439.225874,-1.458111,66.491966,8.510474,3.168530,0.002033
22.678584,29.643013,39.331768,2434.831909,-1.450782,66.514606,8.593162,3.197409,0.001352
22.677480,29.673872,39.235287,2430.373175,-1.454911,66.521754,8.674363,3.225438,0.003035
22.701399,29.709904,39.145169,2425.870560,-1.441007,66.538132,8.741109,3.263689,-0.000829
22.715442,29.743838,39.057019,2421.325983,-1.431689,66.560319,8.830626,3.292442,0.005571
22.735194,29.764554,38.962558,2416.734844,-1.422932,66.580690,8.913201,3.327360,-0.003550
22.734017,29.800248,38.873496,2412.089906,-1.402793,66.591359,8.986383,3.346647,-0.009705
22.743928,29.840531,38.785771,2407.390248,-1.384872,66.611341,9.071344,3.372967,-0.002946
22.760218,29.875359,38.687852,2402.651381,-1.357408,66.625267,9.130833,3.412276,-0.010255
22.774763,29.897490,38.603549,2397.867402,-1.343189,66.657384,9.215721,3.438540,-0.009820
22.796672,29.945434,38.537231,2393.046188,-1.316278,66.666239,9.284460,3.455956,-0.002585
22.803940,29.967325,38.451212,2388.159615,-1.282009,66.678469,9.355829,3.479482,-0.000322
22.820886,29.993510,38.366823,2383.235697,-1.253904,66.696372,9.413993,3.514082,0.007379
22.823330,30.019795,38.298645,2378.272052,-1.217159,66.717471,9.482713,3.535620,0.003167
22.838387,30.057285,38.218966,2373.259714,-1.181707,66.732956,9.543572,3.556226,-0.004579
22.847286,30.093207,38.152374,2368.210554,-1.151708,66.749897,9.602206,3.578737,-0.000539
22.859218,30.128982,38.071920,2363.114593,-1.098438,66.772701,9.653935,3.604296,-0.003338
22.872058,30.155889,38.003928,2357.983918,-1.060256,66.782176,9.696929,3.609556,0.003185
22.888084,30.191995,37.945051,2352.816152,-1.024027,66.803967,9.749148,3.633300,0.004345
22.902543,30.215642,37.877139,2347.613110,-0.985183,66.820569,9.794469,3.648440,-0.007687
22.917342,30.245963,37.821125,2342.375868,-0.937669,66.836014,9.828447,3.656276,0.006816
22.927677,30.276969,37.766075,2337.103120,-0.889004,66.855060,9.869246,3.671564,0.001640
22.942935,30.308552,37.722861,2331.804209,-0.833117,66.865577,9.883047,3.677558,-0.002264
22.947820,30.341903,37.666046,2326.490313,-0.786917,66.895710,9.900320,3.688258,-0.001402
22.959057,30.365437,37.611284,2321.141812,-0.736387,66.900383,9.929683,3.697159,-0.006506
22.977862,30.403783,37.570039,2315.771706,-0.681933,66.922981,9.929124,3.706867,-0.002441
22.994015,30.435054,37.542774,2310.374835,-0.637558,66.934983,9.947772,3.709065,0.001683
23.002811,30.468442,37.504740,2304.970213,-0.587867,66.959241,9.957814,3.709512,-0.002262
23.013127,30.509818,37.461457,2299.554761,-0.542990,66.979160,9.957538,3.703101,-0.001700
23.027023,30.526899,37.446479,2294.109668,-0.493668,66.993359,9.952230,3.700110,0.003840
23.038442,30.560726,37.412464,2288.679490,-0.431100,67.002552,9.944817,3.714456,0.001271
23.048075,30.591903,37.378916,2283.215969,-0.383083,67.023069,9.929422,3.700690,0.007343
23.048064,30.618656,37.361829,2277.765087,-0.340755,67.041670,9.910218,3.688023,0.000476
23.075616,30.657518,37.344015,2272.303037,-0.277787,67.052128,9.889139,3.680765,0.000221
23.076701,30.688047,37.325389,2266.857306,-0.235585,67.070105,9.865836,3.678538,0.004902
23.101368,30.727504,37.324113,2261.393789,-0.191534,67.089820,9.829648,3.663644,-0.006815
23.111452,30.741337,37.313388,2255.960173,-0.142763,67.109043,9.805200,3.655985,-0.001130
23.122102,30.782797,37.296240,2250.524753,-0.106696,67.118055,9.760307,3.644319,-0.007219
23.129739,30.800699,37.293482,2245.101484,-0.065716,67.144168,9.722198,3.624603,0.002250
23.142522,30.834016,37.292116,2239.688332,-0.019039,67.150832,9.686599,3.597996,-0.002907
23.154112,30.865232,37.298443,2234.291937,0.019295,67.173183,9.636421,3.584630,0.000056
23.158642,30.899107,37.302008,2228.912079,0.053898,67.201479,9.588803,3.572299,0.006051
23.176938,30.925822,37.295184,2223.560364,0.088349,67.207997,9.534362,3.553993,-0.008816
23.188581,30.959248,37.307397,2218.204155,0.129811,67.215270,9.477128,3.538560,-0.002954
23.204486,30.991870,37.322425,2212.893149,0.156397,67.241708,9.420899,3.513411,0.002381
23.212226,31.013472,37.319996,2207.605457,0.177065,67.266110,9.364554,3.492810,0.000090
23.217119,31.046459,37.336312,2202.342628,0.213192,67.279505,9.305685,3.470044,-0.006453
23.245093,31.070124,37.340992,2197.097570,0.224191,67.292609,9.255009,3.451319,-0.001769
23.248360,31.094983,37.369106,2191.882313,0.256523,67.308815,9.178249,3.421999,0.009825
23.256533,31.129885,37.374269,2186.708699,0.268116,67.329012,9.126071,3.387758,0.001713
23.262224,31.169111,37.389440,2181.555348,0.278983,67.344536,9.054194,3.371735,-0.000078
23.274586,31.189160,37.404190,2176.451229,0.299758,67.360942,8.989424,3.351191,-0.008741
23.293365,31.218274,37.431693,2171.356928,0.310333,67.368395,8.932330,3.325943,0.010187
23.302363,31.253948,37.440250,2166.302467,0.320435,67.390373,8.864734,3.305187,0.005323
23.306639,31.285804,37.471836,2161.281722,0.313259,67.407647,8.809903,3.289679,-0.004658
23.321822,31.311482,37.483515,2156.301896,0.322631,67.422886,8.736134,3.252555,-0.002580
23.328498,31.341561,37.495482,2151.358176,0.321041,67.442551,8.672123,3.236277,0.001351
23.348724,31.367341,37.515839,2146.440402,0.317517,67.463942,8.613910,3.212778,0.002054
23.352195,31.386535,37.528666,2141.556089,0.319817,67.470559,8.565068,3.184531,0.008068
23.371967,31.421637,37.552333,2136.709721,0.312157,67.488932,8.502261,3.164206,-0.001394
23.380235,31.447089,37.575828,2131.905634,0.310437,67.494902,8.428856,3.149946,0.003911
23.391748,31.476980,37.585842,2127.127860,0.281985,67.525857,8.372843,3.117409,-0.003202
23.399249,31.510349,37.592409,2122.393351,0.271613,67.543428,8.320601,3.096367,0.005279
23.415661,31.542328,37.613137,2117.690144,0.248363,67.562866,8.270190,3.085967,-0.001791
23.418766,31.567630,37.632193,2113.018949,0.232140,67.575143,8.218464,3.073327,-0.001395
23.424711,31.596029,37.645104,2108.390688,0.210196,67.582840,8.170384,3.040166,0.003168
23.443623,31.630664,37.653406,2103.796628,0.184209,67.606732,8.122704,3.023362,0.003951
23.459562,31.654469,37.650726,2099.221177,0.162567,67.624475,8.094400,3.007171,-0.000851
23.472487,31.678664,37.673909,2094.678321,0.134050,67.633289,8.033459,2.988828,-0.002642
23.485410,31.713980,37.672820,2090.177620,0.089693,67.646221,7.984186,2.966348,0.002568
23.489261,31.742276,37.686349,2085.701274,0.058004,67.665202,7.948659,2.964613,-0.004774
23.495684,31.774346,37.680464,2081.260805,0.026848,67.680887,7.909542,2.948915,0.006991
23.517974,31.792518,37.677425,2076.839515,-0.013227,67.704382,7.880897,2.928823,0.002524
23.526812,31.826163,37.680137,2072.451872,-0.040407,67.712345,7.847443,2.917486,0.009004
23.528079,31.845554,37.672887,2068.095148,-0.086913,67.738621,7.829797,2.914109,-0.005167
23.545764,31.873260,37.662359,2063.749522,-0.120172,67.748547,7.792794,2.907693,-0.005581
23.554662,31.901410,37.673757,2059.440427,-0.165003,67.764202,7.768226,2.897968,0.004610
23.562745,31.928116,37.656847,2055.165205,-0.214378,67.784696,7.740303,2.881659,0.002569
23.570401,31.957000,37.648372,2050.899016,-0.257653,67.792752,7.731165,2.876880,-0.001238
23.579126,31.996197,37.628932,2046.649208,-0.312909,67.813757,7.713317,2.883087,0.004201
23.594390,32.020237,37.605568,2042.425806,-0.347260,67.822984,7.700259,2.860743,-0.003406
23.597508,32.039927,37.591647,2038.215433,-0.385714,67.847192,7.692505,2.861991,0.002148
23.609356,32.066597,37.567447,2034.028734,-0.443828,67.875070,7.684970,2.861646,0.002650
23.619270,32.102526,37.542334,2029.857846,-0.491641,67.882778,7.675323,2.859035,-0.000299
23.639155,32.131188,37.515225,2025.691593,-0.537111,67.885494,7.676184,2.853441,0.008151
23.646970,32.155849,37.488185,2021.538609,-0.591206,67.913920,7.675872,2.863624,-0.003947
23.650308,32.181628,37.453091,2017.420146,-0.635429,67.921881,7.682300,2.856668,0.003475
23.666329,32.208293,37.415633,2013.290136,-0.681193,67.939792,7.676188,2.863003,-0.002167
23.676756,32.241499,37.383479,2009.167060,-0.726042,67.960965,7.693922,2.866241,0.001297
23.675540,32.267648,37.340938,2005.045235,-0.785205,67.974223,7.707624,2.871267,-0.002377
23.691763,32.292722,37.294534,2000.949805,-0.826682,67.989332,7.717633,2.877889,0.001138
23.694657,32.321900,37.258193,1996.847201,-0.870521,68.008566,7.736352,2.879908,0.004691
23.713446,32.339716,37.213061,1992.753002,-0.911784,68.025906,7.750668,2.887275,0.003720
23.716077,32.372101,37.158024,1988.645815,-0.960943,68.043720,7.775610,2.893013,-0.001098
23.731099,32.405426,37.103425,1984.551500,-1.005688,68.056211,7.797803,2.906138,-0.003268
23.752267,32.426086,37.054775,1980.444227,-1.062235,68.071277,7.828960,2.907306,0.003584
23.748087,32.455511,36.999771,1976.347664,-1.101824,68.086544,7.852560,2.935698,0.004780
23.774152,32.483414,36.941373,1972.217177,-1.145050,68.108443,7.887332,2.938966,-0.003288
23.767439,32.511265,36.874330,1968.098474,-1.187367,68.119646,7.925142,2.948594,-0.006845
23.794816,32.538663,36.814732,1963.977040,-1.227286,68.135383,7.954756,2.963139,-0.002401
23.786913,32.559915,36.752228,1959.832643,-1.258906,68.153763,7.995563,2.972298,0.005543
23.805113,32.592742,36.694555,1955.686228,-1.312446,68.164716,8.036225,3.000889,0.010317
23.808736,32.609521,36.621661,1951.515422,-1.340473,68.185153,8.075197,3.015445,-0.000889
23.823670,32.638766,36.545892,1947.329742,-1.373489,68.199692,8.129312,3.018512,0.005434
23.830402,32.667981,36.478833,1943.128012,-1.406623,68.214594,8.180062,3.042898,0.001622
23.847245,32.694464,36.415273,1938.919360,-1.429763,68.227870,8.212179,3.061221,-0.001629
23.857951,32.722863,36.334249,1934.679121,-1.467207,68.245502,8.268921,3.082763,0.004866
23.858052,32.743589,36.261156,1930.418997,-1.490142,68.264275,8.312440,3.084866,0.004585
23.870754,32.763114,36.173967,1926.146530,-1.514192,68.278785,8.373715,3.121963,-0.001011
23.872253,32.796373,36.125690,1921.841424,-1.537985,68.295891,8.421537,3.140258,0.010365
23.882300,32.815911,36.026304,1917.518431,-1.552428,68.301376,8.470315,3.154468,-0.007557
23.904179,32.849993,35.957725,1913.165129,-1.573012,68.320760,8.528267,3.174268,0.003283
23.921284,32.877744,35.869909,1908.782668,-1.592808,68.340640,8.592163,3.193989,0.001933
23.916668,32.910750,35.796081,1904.370821,-1.597817,68.355665,8.641838,3.231944,-0.004907
23.929273,32.928545,35.716187,1899.937592,-1.609513,68.365260,8.693510,3.243319,0.004232
23.942481,32.951139,35.640612,1895.478168,-1.612706,68.394732,8.752173,3.259541,0.004282
23.935170,32.978960,35.551546,1890.970250,-1.629169,68.396847,8.825739,3.280349,0.006375
23.953404,33.005630,35.475068,1886.453237,-1.634993,68.422351,8.862132,3.299942,0.011217
23.956901,33.033126,35.394401,1881.895652,-1.627735,68.438228,8.931622,3.321890,-0.002216
23.969543,33.058634,35.308788,1877.310763,-1.632774,68.448244,8.987344,3.362124,-0.003548
23.985316,33.079984,35.238085,1872.677699,-1.621088,68.465867,9.042715,3.374789,0.014038
23.998526,33.106516,35.153876,1868.021752,-1.622561,68.483484,9.098457,3.385599,-0.009799
23.995031,33.134670,35.077159,1863.334193,-1.609576,68.492713,9.159782,3.410320,0.005208
24.011006,33.157791,34.998058,1858.617197,-1.594104,68.520434,9.219646,3.432254,-0.005938
24.018332,33.182890,34.916897,1853.854013,-1.591860,68.526749,9.265393,3.446798,0.000550
24.034556,33.209240,34.838896,1849.068664,-1.572616,68.540021,9.307985,3.464976,0.000726
24.043111,33.246557,34.764839,1844.242546,-1.551446,68.546301,9.363204,3.492981,-0.002731
24.047823,33.266044,34.688934,1839.391662,-1.542068,68.572573,9.416098,3.505766,-0.001362
24.059073,33.284780,34.631190,1834.499929,-1.506929,68.589857,9.465542,3.514269,0.005245
24.069599,33.309687,34.550097,1829.585074,-1.487950,68.604925,9.494984,3.536159,0.004241
24.077284,33.330900,34.471846,1824.634271,-1.446782,68.621344,9.539450,3.557700,-0.002428
24.085810,33.356657,34.411364,1819.658902,-1.434576,68.636662,9.586723,3.573809,-0.002290
24.093337,33.386347,34.344171,1814.649804,-1.388867,68.651536,9.623257,3.590868,-0.000680
24.101737,33.411543,34.275912,1809.609281,-1.358525,68.668911,9.662497,3.591451,-0.004945
24.102583,33.434540,34.215603,1804.547806,-1.334001,68.684020,9.687559,3.613177,0.006788
24.119576,33.457797,34.146804,1799.457519,-1.296470,68.704724,9.727279,3.624652,-0.000750
24.127044,33.481205,34.084660,1794.343365,-1.259084,68.720611,9.751209,3.624876,-0.007283
24.131149,33.512703,34.035642,1789.206239,-1.224619,68.728810,9.772303,3.637688,-0.005145
24.143116,33.535474,33.970946,1784.048512,-1.186752,68.738843,9.799259,3.650670,-0.001489
24.151754,33.562620,33.917013,1778.858161,-1.144522,68.757610,9.810157,3.664617,0.003358
24.161151,33.577120,33.864772,1773.662477,-1.098861,68.779129,9.829300,3.663773,0.008448
24.172060,33.605691,33.814592,1768.447331,-1.072700,68.777152,9.843531,3.660582,-0.001901
24.174934,33.627615,33.781143,1763.202621,-1.024651,68.809684,9.850339,3.664257,0.006657
24.191319,33.645785,33.707167,1757.972131,-0.985182,68.826583,9.849306,3.663306,0.001401
24.198200,33.671105,33.679150,1752.686273,-0.945272,68.838480,9.862633,3.665263,-0.000813
24.203362,33.708080,33.635367,1747.424684,-0.902229,68.850813,9.857100,3.669299,0.003758
24.220140,33.727998,33.590002,1742.141236,-0.868456,68.867082,9.856203,3.668417,-0.000169
24.221482,33.756396,33.546250,1736.853308,-0.833276,68.882278,9.848748,3.660701,-0.004732
24.229701,33.776194,33.513865,1731.554960,-0.783592,68.891902,9.844539,3.670797,-0.006618
24.242862,33.793840,33.480705,1726.257609,-0.744662,68.903212,9.823705,3.668299,-0.002031
24.249781,33.810161,33.450501,1720.954431,-0.710687,68.913320,9.812852,3.655214,0.011336
24.250468,33.844343,33.415202,1715.643407,-0.668615,68.940346,9.803060,3.647510,-0.002222
24.262660,33.862752,33.398660,1710.351726,-0.626990,68.949662,9.779751,3.634799,0.003604
24.269175,33.898732,33.358947,1705.051800,-0.593241,68.960991,9.739708,3.636731,-0.004012
24.280000,33.920867,33.339216,1699.764081,-0.558700,68.983272,9.719923,3.625803,-0.002683
24.283451,33.941347,33.314485,1694.472377,-0.529506,69.004743,9.693655,3.614503,0.000886
24.304572,33.952294,33.286257,1689.200369,-0.490721,69.016258,9.655660,3.597906,-0.001562
24.307012,33.985418,33.270018,1683.922864,-0.469353,69.023082,9.631885,3.602152,0.003514
24.306711,34.015328,33.245199,1678.672644,-0.429380,69.049837,9.598092,3.578128,-0.001975
24.308465,34.027988,33.225324,1673.422815,-0.408387,69.056183,9.569321,3.561929,0.000202
24.334681,34.045338,33.209164,1668.187031,-0.391173,69.071081,9.534530,3.549403,0.004965
24.337406,34.083287,33.196946,1662.971787,-0.356029,69.071991,9.491447,3.537426,0.009079
24.339157,34.098908,33.186068,1657.760189,-0.354189,69.098987,9.449265,3.514705,-0.010085
24.360809,34.123016,33.170715,1652.579967,-0.331652,69.116885,9.420481,3.502777,-0.006652
24.358007,34.138065,33.157690,1647.403271,-0.307232,69.133102,9.370140,3.487018,-0.002988
24.364901,34.169200,33.143934,1642.267537,-0.297974,69.146836,9.334842,3.470491,-0.004049
24.376809,34.186701,33.139357,1637.127956,-0.285727,69.146557,9.286144,3.463125,-0.005060
24.378079,34.210918,33.125758,1632.024472,-0.268579,69.184735,9.251376,3.449697,0.003125
24.393595,34.239262,33.114741,1626.937924,-0.266398,69.190881,9.205862,3.424717,-0.001951
24.393422,34.259637,33.093439,1621.872945,-0.260912,69.206360,9.171779,3.414238,0.004797
24.408874,34.280486,33.077216,1616.821860,-0.263199,69.215624,9.111806,3.406541,-0.000343
24.417923,34.299127,33.074698,1611.798652,-0.263675,69.225092,9.080879,3.386975,-0.005239
24.420983,34.327215,33.067849,1606.824211,-0.261936,69.247151,9.026738,3.370636,0.008996
24.430431,34.350815,33.051722,1601.847047,-0.275396,69.260105,8.991550,3.351352,-0.007916
24.436280,34.374374,33.044274,1596.910104,-0.278187,69.278005,8.955682,3.330898,-0.004766
24.447057,34.390592,33.018447,1591.995205,-0.299739,69.297036,8.906956,3.315608,-0.006301
24.451570,34.399715,33.011404,1587.091356,-0.298410,69.301745,8.870623,3.302480,-0.001264
24.463147,34.434768,32.992148,1582.220348,-0.324333,69.319899,8.837645,3.278156,-0.002199
24.473388,34.454736,32.988051,1577.373116,-0.341475,69.335401,8.798714,3.272346,0.004327
24.466992,34.478187,32.977080,1572.564847,-0.354295,69.345300,8.759633,3.270613,-0.003785
24.488011,34.500703,32.957668,1567.766521,-0.370164,69.365589,8.734574,3.254157,-0.000057
24.493901,34.510714,32.935388,1563.000966,-0.400886,69.376128,8.693147,3.233870,-0.002969
24.491964,34.540774,32.918892,1558.254591,-0.418994,69.386369,8.665031,3.223676,-0.001483
24.510763,34.566290,32.905953,1553.529807,-0.450390,69.399222,8.632380,3.218719,0.002943
24.511501,34.590712,32.886235,1548.841691,-0.484841,69.419254,8.606353,3.198083,0.007093
24.517977,34.604780,32.870839,1544.169267,-0.513660,69.436475,8.577659,3.192729,-0.010274
24.524247,34.626154,32.853642,1539.509790,-0.550352,69.436300,8.548587,3.186376,-0.006772
24.535622,34.647946,32.827092,1534.894472,-0.573979,69.458611,8.527739,3.174874,0.000289
24.539354,34.663933,32.794230,1530.284396,-0.617633,69.472823,8.497603,3.160540,-0.003064
24.549982,34.692572,32.769675,1525.716082,-0.653406,69.487450,8.480636,3.164155,-0.010170
24.552221,34.709495,32.742886,1521.143845,-0.696664,69.497107,8.468514,3.153606,0.001025
24.556002,34.730956,32.719833,1516.598596,-0.733818,69.507016,8.452693,3.145604,-0.001785
24.579251,34.754408,32.685648,1512.075834,-0.776297,69.535316,8.421317,3.143731,-0.003988
24.572695,34.775067,32.664094,1507.578223,-0.829355,69.551238,8.423618,3.133268,-0.000268
24.586752,34.801015,32.621724,1503.086106,-0.868497,69.557482,8.402837,3.130327,0.004475
24.588440,34.820338,32.591370,1498.609563,-0.915606,69.563528,8.396828,3.127752,-0.007019
24.594046,34.838039,32.551678,1494.155106,-0.958049,69.578021,8.398169,3.131720,0.001444
24.599693,34.859641,32.505003,1489.731245,-0.999373,69.598239,8.388807,3.126236,-0.004947
24.605871,34.878490,32.470847,1485.293299,-1.048050,69.597893,8.385005,3.134711,-0.009107
24.619360,34.900215,32.429841,1480.876238,-1.081192,69.618249,8.380393,3.128555,0.001079
24.634116,34.917418,32.394393,1476.484201,-1.139347,69.639788,8.388632,3.128051,0.000063
24.636309,34.945894,32.339571,1472.088544,-1.181841,69.659693,8.388490,3.129000,0.001148
24.644294,34.963123,32.297277,1467.707352,-1.232619,69.673497,8.398902,3.111954,0.004744
24.653290,34.978112,32.247248,1463.329397,-1.287420,69.683794,8.398889,3.136279,-0.007550
24.654038,34.986779,32.193822,1458.979155,-1.328055,69.690505,8.418002,3.137293,-0.005649
24.663376,35.029659,32.137700,1454.602849,-1.386287,69.706147,8.417461,3.134544,-0.010441
24.660049,35.039608,32.093045,1450.257176,-1.425430,69.724691,8.430502,3.141396,0.004618
24.669658,35.056219,32.042485,1445.913670,-1.466273,69.746426,8.447011,3.139016,0.007171
24.686573,35.090525,31.989235,1441.559179,-1.522379,69.751457,8.461285,3.154965,0.000064
24.683629,35.102779,31.929327,1437.221457,-1.560103,69.771889,8.473675,3.158885,0.002250
24.686033,35.127247,31.874153,1432.874088,-1.611250,69.772349,8.505266,3.159450,0.011028
24.709243,35.141549,31.801925,1428.545708,-1.645230,69.789577,8.517449,3.177085,-0.008979
24.714982,35.166911,31.752272,1424.195685,-1.692014,69.799816,8.539460,3.195710,0.002410
24.708445,35.186525,31.681473,1419.846948,-1.727116,69.816575,8.566063,3.196987,0.000787
24.722530,35.205028,31.619994,1415.499181,-1.769739,69.842273,8.585397,3.197197,0.000021
24.724465,35.225186,31.543201,1411.134180,-1.803779,69.842757,8.626438,3.208438,-0.000474
24.727869,35.246096,31.479731,1406.771542,-1.848461,69.864620,8.643450,3.219764,0.003318
24.734720,35.266227,31.411278,1402.417502,-1.878367,69.871482,8.681068,3.237937,-0.002401
24.744450,35.274655,31.343840,1398.039467,-1.910060,69.884698,8.701741,3.243143,0.000363
24.753850,35.305786,31.274288,1393.644832,-1.943146,69.900022,8.734751,3.256408,-0.000099
24.750599,35.325131,31.202282,1389.250899,-1.967277,69.910809,8.776825,3.268150,0.004461
24.769062,35.333507,31.129599,1384.848714,-1.995448,69.919380,8.807064,3.277039,0.000239
24.777446,35.356410,31.054196,1380.430502,-2.023336,69.936456,8.842027,3.291987,-0.002616
24.779122,35.374152,30.979543,1375.997970,-2.050544,69.943490,8.870868,3.306874,0.003375
24.796008,35.390059,30.906325,1371.561879,-2.079238,69.959087,8.915321,3.308144,0.004823
24.786422,35.416668,30.831630,1367.095326,-2.088788,69.977308,8.946089,3.328791,-0.002007
24.789198,35.428290,30.759590,1362.619027,-2.109707,69.986722,8.983913,3.347861,0.009456
24.803399,35.454827,30.688083,1358.136736,-2.137208,70.006428,9.011488,3.367539,0.012958
24.816093,35.470128,30.602937,1353.624246,-2.138024,70.019694,9.060564,3.372567,0.001576
24.809710,35.484215,30.533700,1349.100727,-2.147470,70.033405,9.095701,3.384941,0.002202
24.822331,35.500017,30.455728,1344.565786,-2.160401,70.039093,9.127346,3.392227,-0.004228
24.829217,35.532514,30.386989,1340.017992,-2.172518,70.055514,9.168378,3.418608,-0.002800
24.842375,35.548937,30.309785,1335.441952,-2.184508,70.075904,9.193333,3.417936,-0.000984
24.834503,35.565231,30.228911,1330.840840,-2.181926,70.078547,9.231300,3.448437,-0.000381
24.846444,35.587157,30.148927,1326.239268,-2.178735,70.094358,9.270156,3.446647,-0.007586
24.853071,35.604444,30.084696,1321.602275,-2.189064,70.116921,9.303982,3.467378,0.001831
24.852930,35.622551,30.007451,1316.938748,-2.180562,70.124548,9.336510,3.484311,-0.001625
24.869121,35.636128,29.918281,1312.273714,-2.177593,70.135821,9.371025,3.489097,-0.000290
24.869668,35.664295,29.848567,1307.593095,-2.184895,70.152311,9.404785,3.502059,-0.000382
24.876015,35.678329,29.778925,1302.877169,-2.169312,70.162702,9.434187,3.519627,-0.008113
24.889218,35.687703,29.709810,1298.151559,-2.162519,70.185920,9.464384,3.526806,-0.000377
24.886125,35.707670,29.630609,1293.414796,-2.143141,70.191314,9.491710,3.526734,-0.001942
24.893534,35.734506,29.558449,1288.648274,-2.130157,70.209556,9.515644,3.540924,-0.000660
24.896486,35.743648,29.490385,1283.869227,-2.114764,70.217682,9.531548,3.548618,0.004299
24.898848,35.766834,29.404932,1279.072129,-2.102970,70.230324,9.559399,3.561951,-0.000418
24.910192,35.777650,29.337240,1274.247103,-2.089877,70.250059,9.578053,3.568219,-0.002736
24.916451,35.792200,29.278138,1269.425990,-2.063722,70.258596,9.608552,3.571603,-0.004668
24.926371,35.823343,29.214088,1264.572815,-2.046941,70.269715,9.620560,3.588238,-0.001657
24.926810,35.838525,29.142342,1259.710322,-2.020590,70.280841,9.638958,3.583786,-0.003850
24.935532,35.850715,29.074334,1254.835807,-2.005617,70.286948,9.650766,3.590147,-0.003926
24.929043,35.871497,29.002408,1249.937512,-1.975132,70.307397,9.667480,3.594479,0.004465
24.939760,35.888975,28.943687,1245.036265,-1.952505,70.322034,9.673413,3.610167,0.008792
24.955589,35.905653,28.880594,1240.122368,-1.927998,70.328981,9.695864,3.601229,0.011328
24.963491,35.925974,28.821589,1235.198047,-1.912041,70.350720,9.692226,3.612692,-0.003516
24.961823,35.931173,28.754663,1230.265528,-1.882675,70.357583,9.692212,3.617147,-0.001144
24.970174,35.955383,28.696566,1225.325914,-1.868037,70.359223,9.711925,3.616821,-0.004803
24.966581,35.981248,28.646243,1220.364493,-1.825172,70.376542,9.701265,3.613447,0.003242
24.974912,35.993324,28.586019,1215.396214,-1.801840,70.400552,9.697338,3.612775,0.003805
24.978037,36.013121,28.527097,1210.434176,-1.786038,70.410673,9.708186,3.613793,0.000835
24.990410,36.019983,28.476784,1205.470496,-1.756525,70.419609,9.695300,3.617855,0.007410
25.000363,36.035951,28.414486,1200.490283,-1.731744,70.433485,9.694004,3.614715,0.004688
25.003513,36.056837,28.362745,1195.510649,-1.701602,70.444523,9.689554,3.610553,-0.005580
25.007351,36.066834,28.307157,1190.536718,-1.679757,70.459631,9.671949,3.597542,-0.002625
25.002719,36.089657,28.259290,1185.551768,-1.659346,70.478261,9.668694,3.605636,-0.005683
25.003163,36.108541,28.213354,1180.576551,-1.630300,70.484059,9.655496,3.596088,0.004278
25.023584,36.125017,28.163222,1175.599160,-1.612753,70.498178,9.641453,3.596408,0.001518
25.023219,36.134191,28.113314,1170.626848,-1.591507,70.508354,9.626672,3.583771,-0.003645
25.029891,36.157035,28.051678,1165.658750,-1.579755,70.519509,9.618565,3.583173,0.013003
25.037608,36.171047,28.007428,1160.689444,-1.560829,70.526378,9.592578,3.575904,0.005064
25.046751,36.186019,27.957140,1155.731632,-1.553732,70.541344,9.568129,3.565760,-0.001754
25.046141,36.210197,27.918165,1150.770497,-1.532423,70.562306,9.555160,3.567846,0.000986
25.062074,36.222760,27.883385,1145.827412,-1.518843,70.565406,9.534969,3.550435,0.006519
25.061818,36.231813,27.825969,1140.896502,-1.513738,70.585223,9.504287,3.545883,-0.006231
25.064343,36.248208,27.777763,1135.966613,-1.501239,70.587065,9.494048,3.533136,0.004675
25.067143,36.267283,27.744973,1131.056489,-1.495721,70.597576,9.466595,3.531646,-0.001520
25.075349,36.292381,27.686937,1126.144933,-1.497241,70.616059,9.442006,3.520242,-0.009273
25.076546,36.292822,27.655107,1121.259923,-1.488394,70.622761,9.428077,3.510304,-0.000166
25.077017,36.318717,27.595303,1116.375384,-1.489997,70.641726,9.400024,3.502434,0.001531
25.089398,36.336505,27.559353,1111.511240,-1.483917,70.651976,9.378808,3.492634,0.002031
25.089449,36.340911,27.523201,1106.662608,-1.489712,70.664828,9.350506,3.484556,0.001495
25.095473,36.359279,27.476265,1101.828813,-1.498166,70.674733,9.330084,3.468736,0.004929
25.108775,36.377916,27.445317,1097.014409,-1.514814,70.691114,9.305944,3.461115,-0.003619
25.115967,36.389281,27.397779,1092.210315,-1.514332,70.702661,9.273672,3.452886,-0.004432
25.102176,36.404984,27.348223,1087.427816,-1.520539,70.709596,9.246731,3.436045,0.000407
25.116853,36.423017,27.300532,1082.648144,-1.534886,70.730179,9.218559,3.431835,0.002774
25.116096,36.433080,27.250163,1077.901748,-1.553471,70.733825,9.199598,3.426284,0.008472
25.132322,36.459958,27.217990,1073.172564,-1.579901,70.747900,9.164291,3.416330,-0.000164
25.131736,36.466071,27.173293,1068.447562,-1.597115,70.756076,9.152471,3.403003,-0.006220
25.128449,36.481507,27.123460,1063.754795,-1.622945,70.774484,9.130171,3.400813,0.001494
25.139742,36.506183,27.074988,1059.077365,-1.641353,70.783023,9.103039,3.384594,-0.005014
25.146574,36.513157,27.027576,1054.409217,-1.676381,70.793238,9.091448,3.376088,0.006831
25.144061,36.528628,26.985218,1049.768621,-1.695663,70.799950,9.063870,3.370391,-0.002520
25.157205,36.539460,26.933646,1045.152940,-1.726246,70.814475,9.046391,3.371717,-0.008265
25.151916,36.556376,26.886061,1040.554682,-1.758430,70.831681,9.023284,3.353343,0.002121
25.157556,36.573795,26.847565,1035.970478,-1.804606,70.846409,9.008781,3.352190,0.001380
25.176880,36.587483,26.799370,1031.409669,-1.842209,70.843183,8.998581,3.348040,0.010055
25.183092,36.597445,26.738964,1026.855421,-1.874406,70.875501,8.971289,3.347641,-0.007709
25.175061,36.609638,26.693930,1022.331347,-1.904257,70.871413,8.960271,3.331746,-0.006096
25.181243,36.623628,26.645582,1017.824365,-1.964936,70.887442,8.930738,3.328104,0.000298
25.184402,36.631302,26.588610,1013.329066,-1.996831,70.905221,8.932687,3.320696,-0.003859
25.189820,36.649310,26.537490,1008.867620,-2.040753,70.910306,8.928565,3.321345,0.004278
25.196960,36.666300,26.474107,1004.406364,-2.081251,70.918724,8.913631,3.318716,-0.006544
25.197228,36.689840,26.427180,999.977876,-2.138400,70.924600,8.901249,3.310172,0.003378
0.055933,0.038240,55.500772,5134.941893,-0.514238,45.001397,3.929640,1.469026,-0.007050
0.097712,0.096904,55.420780,5132.853581,-0.528328,45.009872,3.966836,1.476563,0.001719
0.138281,0.157001,55.354616,5130.770197,-0.548690,44.998087,4.003292,1.475784,0.010056
0.196221,0.197955,55.287340,5128.669059,-0.577275,45.010942,4.048103,1.511346,-0.007601
0.237900,0.248151,55.198137,5126.545863,-0.596999,45.006421,4.087193,1.515326,0.001414
0.280036,0.294351,55.110074,5124.398968,-0.606670,44.998370,4.139280,1.542942,-0.008534
0.338414,0.328921,55.041825,5122.228897,-0.613636,44.998463,4.176835,1.554295,-0.001210
0.386835,0.386899,54.952061,5120.043463,-0.638485,45.002466,4.216943,1.563890,-0.004433
0.435276,0.435968,54.863324,5117.836323,-0.637938,45.000734,4.266784,1.584893,0.003507
0.484785,0.484289,54.769808,5115.597068,-0.654587,44.992772,4.320155,1.601513,-0.007408
0.529176,0.536489,54.690565,5113.337873,-0.666669,45.006944,4.362898,1.624855,-0.004787
0.594440,0.579994,54.606369,5111.060323,-0.680867,45.002071,4.417886,1.638140,-0.001138
0.632390,0.627105,54.510425,5108.746650,-0.685394,45.000866,4.467591,1.670375,-0.016115
0.677241,0.681449,54.429200,5106.404149,-0.700709,45.010211,4.518344,1.691835,-0.000916
0.720634,0.724691,54.320346,5104.039004,-0.708162,45.003777,4.584179,1.703660,-0.001622
0.767638,0.771993,54.227875,5101.641459,-0.717670,45.014164,4.637776,1.730739,0.000727
0.824660,0.810582,54.126413,5099.210082,-0.721504,45.008876,4.694022,1.751856,0.004540
0.869849,0.866361,54.037517,5096.755769,-0.731440,45.009087,4.761377,1.769186,0.010625
0.918449,0.914640,53.942096,5094.258640,-0.742753,45.010411,4.820332,1.795320,0.001150
0.974357,0.959213,53.839129,5091.745479,-0.737680,45.013959,4.884382,1.822672,0.004488
1.006912,1.016655,53.738581,5089.177704,-0.737535,45.008901,4.951070,1.849865,-0.010058
1.065581,1.054741,53.637576,5086.587568,-0.745183,45.016453,5.001662,1.865241,-0.003892
1.110047,1.103436,53.543752,5083.953840,-0.740934,45.012342,5.073521,1.886904,-0.002739
1.160897,1.157162,53.436162,5081.292239,-0.744871,45.013328,5.148160,1.907570,-0.004063
1.206307,1.208413,53.349930,5078.594171,-0.744224,45.021176,5.199230,1.939843,0.000380
1.253745,1.251425,53.236221,5075.850508,-0.745053,45.022226,5.271483,1.968971,0.000583
1.302146,1.298130,53.147633,5073.066677,-0.735372,45.019536,5.332890,1.993363,0.002368
1.356171,1.361650,53.037394,5070.261970,-0.726069,45.024144,5.408603,2.017140,0.002813
1.405785,1.401048,52.949295,5067.396280,-0.727963,45.032572,5.480053,2.032951,0.000617
1.443560,1.450313,52.857130,5064.495897,-0.723393,45.025350,5.549378,2.076830,0.002998
1.495645,1.490525,52.761551,5061.563316,-0.720423,45.015871,5.622716,2.096507,0.006022
1.542856,1.540233,52.660033,5058.590688,-0.704717,45.037259,5.679609,2.113965,0.002215
1.600144,1.594114,52.571961,5055.561254,-0.702414,45.024719,5.750039,2.144866,0.003022
1.645756,1.633530,52.479187,5052.500353,-0.688798,45.025573,5.822534,2.173362,-0.000189
1.688002,1.683844,52.381209,5049.407277,-0.681086,45.038331,5.887341,2.195421,-0.002985
1.731207,1.732492,52.298832,5046.272863,-0.674493,45.030548,5.957013,2.210797,0.002716
1.781514,1.784037,52.209939,5043.092243,-0.651502,45.042458,6.007773,2.245492,-0.006329
1.831373,1.838490,52.132273,5039.880591,-0.648318,45.042037,6.071987,2.264962,0.006134
1.880056,1.880280,52.051295,5036.610706,-0.618436,45.042864,6.144699,2.287361,-0.000213
1.924061,1.922089,51.954365,5033.310925,-0.608851,45.045224,6.211661,2.310177,-0.010255
1.971415,1.969979,51.880971,5029.979620,-0.585012,45.051121,6.265993,2.344571,-0.001809
2.017681,2.021341,51.809561,5026.603151,-0.561791,45.051422,6.333087,2.358566,-0.007843
2.071068,2.076079,51.739396,5023.197824,-0.544104,45.059107,6.382210,2.374147,0.004034
2.118504,2.124486,51.668567,5019.750439,-0.523874,45.052968,6.442807,2.399493,-0.005915
2.163651,2.169085,51.599298,5016.271819,-0.513147,45.054479,6.484400,2.412858,0.002491
2.218334,2.208136,51.540935,5012.742644,-0.486211,45.054091,6.539382,2.444311,-0.002125
2.254753,2.259376,51.483231,5009.209085,-0.462463,45.066466,6.586996,2.452326,0.002064
2.294876,2.288738,51.416152,5005.626717,-0.432816,45.070394,6.635492,2.467487,-0.003693
2.348863,2.357754,51.358696,5002.005809,-0.413373,45.064485,6.682293,2.491885,-0.000733
2.412263,2.402865,51.316165,4998.369257,-0.393605,45.068381,6.719814,2.498360,-0.000847
2.448899,2.453689,51.256079,4994.698177,-0.363180,45.069512,6.751999,2.515060,-0.007649
2.490835,2.498603,51.211594,4991.007955,-0.333627,45.071816,6.791074,2.529431,-0.002219
2.540231,2.532810,51.170998,4987.289056,-0.317256,45.073831,6.821096,2.541673,-0.002083
2.580407,2.592571,51.132750,4983.552747,-0.281176,45.104491,6.845410,2.548729,8.001120
2.644058,2.638402,51.100337,4979.772140,-0.267674,45.120566,6.871275,2.559902,8.001573
2.685427,2.688426,51.056264,4975.996598,-0.238800,45.126256,6.882876,2.560049,7.993773
2.731190,2.730456,51.046927,4972.204831,-0.201514,45.154143,6.900191,2.577650,8.003293
2.775020,2.775338,51.012018,4968.392860,-0.179905,45.168466,6.914143,2.579237,7.994230
2.824174,2.826149,50.992555,4964.555948,-0.161465,45.183403,6.932990,2.585334,7.994275
2.864918,2.879225,50.976908,4960.724607,-0.125736,45.217550,6.937511,2.580366,8.003796
2.912728,2.920749,50.963203,4956.863704,-0.098067,45.228369,6.927361,2.595229,8.002569
2.961156,2.967628,50.945642,4953.022870,-0.078374,45.261393,6.937791,2.580042,8.001215
3.002268,3.015268,50.941204,4949.152005,-0.045656,45.272839,6.947243,2.590667,8.001878
3.051764,3.058107,50.932365,4945.288984,-0.012425,45.288788,6.932859,2.582994,8.002587
3.102637,3.110707,50.933211,4941.425069,0.012498,45.306909,6.921999,2.585631,8.003639
3.156061,3.158858,50.932409,4937.550835,0.032023,45.335389,6.908704,2.564475,8.002512
3.194967,3.203042,50.950928,4933.692386,0.055873,45.348682,6.882664,2.566868,8.002129
3.248211,3.263576,50.943257,4929.829520,0.081144,45.369206,6.870620,2.565891,7.995817
3.286301,3.287584,50.963204,4925.958901,0.106284,45.395037,6.839212,2.559248,8.003738
3.330291,3.341351,50.980375,4922.115816,0.135865,45.417970,6.817631,2.542812,8.004112
3.379938,3.394312,50.994483,4918.268052,0.167161,45.431463,6.799444,2.533031,7.995756
3.426291,3.442036,51.020908,4914.451198,0.175890,45.454347,6.760831,2.521163,7.996505
3.470262,3.482670,51.043814,4910.632419,0.189933,45.469812,6.724402,2.500341,8.001994
3.517601,3.534470,51.072998,4906.828033,0.220034,45.494093,6.695437,2.495465,7.996533
3.565086,3.574370,51.105383,4903.042550,0.241062,45.513551,6.654016,2.475128,7.994754
3.605884,3.626171,51.134807,4899.275013,0.270161,45.529543,6.613500,2.468849,7.995065
3.661717,3.665124,51.167671,4895.520903,0.281508,45.546366,6.571909,2.438501,8.000774
3.706972,3.724401,51.205550,4891.792225,0.298710,45.569171,6.519396,2.433888,8.003539
3.750256,3.762531,51.251348,4888.079156,0.310698,45.592782,6.477297,2.417384,7.999240
3.789975,3.811553,51.285086,4884.385994,0.331966,45.621833,6.428965,2.397010,7.990546
3.834664,3.856359,51.340525,4880.718931,0.352573,45.630945,6.385036,2.369144,8.003487
3.880311,3.900844,51.384268,4877.087118,0.369476,45.641013,6.326196,2.356835,7.995526
3.927577,3.952395,51.426761,4873.461496,0.380090,45.671428,6.284391,2.342128,8.009053
3.986418,3.998952,51.483834,4869.870053,0.397758,45.680585,6.227488,2.310283,7.992619
4.022830,4.046397,51.531909,4866.300822,0.397024,45.711963,6.170438,2.296908,7.999481
4.076656,4.092117,51.582322,4862.763445,0.422156,45.727139,6.109118,2.281353,8.007472
4.123538,4.143939,51.635752,4859.258086,0.427726,45.746610,6.060375,2.254783,7.993632
4.150260,4.191157,51.687455,4855.774390,0.425472,45.766087,5.998126,2.236745,7.998687
4.211833,4.222765,51.744655,4852.321800,0.435834,45.777907,5.949517,2.219052,8.000001
4.247083,4.277761,51.795930,4848.899929,0.451776,45.817846,5.896205,2.205241,8.006196
4.291716,4.331839,51.860784,4845.506878,0.449281,45.817170,5.840288,2.170002,8.000316
4.335069,4.375022,51.916101,4842.145104,0.455194,45.835665,5.783395,2.155406,8.003614
4.389805,4.423312,51.979468,4838.808922,0.467940,45.861504,5.728628,2.132674,7.993659
4.425559,4.475584,52.034625,4835.501157,0.472504,45.879924,5.673489,2.111827,7.994577
4.478519,4.516163,52.092888,4832.232206,0.462871,45.892015,5.629056,2.096021,8.007378
4.519530,4.561938,52.162956,4828.990120,0.466409,45.912688,5.564185,2.068318,7.995847
4.560859,4.607799,52.221844,4825.782277,0.461073,45.936754,5.515235,2.052524,8.001545
4.611384,4.655280,52.275549,4822.588551,0.473141,45.946159,5.464666,2.041264,8.004767
4.662297,4.691810,52.315603,4819.438294,0.464645,45.968179,5.403232,2.014087,8.008017
4.698785,4.745725,52.397577,4816.313540,0.452251,45.994210,5.354210,1.997026,8.005407
4.736722,4.795982,52.442689,4813.219504,0.456969,46.009750,5.310433,1.977519,7.992209
4.784327,4.847146,52.508128,4810.149960,0.447838,46.025438,5.260679,1.959740,8.001390
4.830595,4.881336,52.561136,4807.117621,0.438382,46.050376,5.207317,1.941852,8.008277
4.870401,4.929699,52.621013,4804.096208,0.430202,46.055973,5.159239,1.920182,7.998509
4.915233,4.970143,52.673023,4801.116736,0.421450,46.080308,5.117519,1.906694,7.990451
4.965043,5.026193,52.716802,4798.170745,0.418420,46.089324,5.071271,1.889384,8.001724
5.009241,5.067666,52.772779,4795.246978,0.411447,46.113187,5.024259,1.871262,8.002835
5.058634,5.117933,52.822160,4792.336931,0.391462,46.129169,4.995561,1.860958,7.990076
5.099964,5.169149,52.873505,4789.473606,0.379944,46.143581,4.947462,1.838468,7.998874
5.152495,5.204051,52.912366,4786.628923,0.368410,46.171855,4.915982,1.828949,7.993915
5.180643,5.258155,52.968285,4783.791290,0.354499,46.178086,4.878208,1.824529,8.000404
5.233306,5.305724,53.005588,4780.992669,0.341680,46.209445,4.830905,1.800395,7.998254
5.279632,5.352346,53.050907,4778.210977,0.329109,46.208398,4.807667,1.789821,8.006790
5.327836,5.396916,53.093909,4775.451663,0.307009,46.235800,4.772630,1.770368,8.006342
5.359256,5.444422,53.125898,4772.726319,0.291056,46.258559,4.743101,1.766864,8.004329
5.408566,5.496971,53.178468,4770.010519,0.285195,46.269227,4.716989,1.759411,8.003276
5.449531,5.534082,53.198010,4767.317994,0.265351,46.285865,4.686370,1.738190,8.000042
5.492185,5.586368,53.224438,4764.646929,0.245549,46.305856,4.659865,1.733515,8.006664
5.549531,5.629886,53.257805,4761.987367,0.229479,46.316957,4.636580,1.738134,7.999576
5.576902,5.674202,53.284932,4759.352530,0.210853,46.340429,4.612941,1.702812,7.995947
5.624611,5.719639,53.308793,4756.736212,0.182741,46.352472,4.596758,1.708280,7.993284
5.677050,5.779809,53.335802,4754.134574,0.168492,46.376032,4.576417,1.703352,7.996878
5.714417,5.805271,53.352910,4751.538537,0.146724,46.394679,4.549113,1.699972,8.012043
5.756244,5.850754,53.369649,4748.964861,0.120754,46.411230,4.541572,1.693680,7.998541
5.801135,5.913406,53.389389,4746.406900,0.100040,46.426142,4.514710,1.691024,8.005603
5.851356,5.955680,53.395287,4743.864008,0.087055,46.440714,4.505154,1.681244,7.998984
5.904689,6.006092,53.400086,4741.312510,0.060835,46.468516,4.498106,1.669519,8.000384
5.932544,6.047350,53.412466,4738.802386,0.042178,46.480115,4.495978,1.670787,8.003892
5.987732,6.097454,53.410959,4736.274077,0.007148,46.494783,4.482825,1.668266,7.992688
6.026982,6.139301,53.412394,4733.769654,-0.004941,46.512543,4.477761,1.662457,8.004548
6.065822,6.184860,53.412328,4731.273337,-0.032105,46.523301,4.482735,1.663195,7.997831
6.107905,6.231764,53.401508,4728.778688,-0.045537,46.547189,4.472101,1.671705,7.998918
6.148315,6.276233,53.391544,4726.297922,-0.073345,46.557623,4.479333,1.665340,7.997028
6.207348,6.324305,53.387417,4723.808215,-0.093535,46.580734,4.474992,1.672032,8.003410
6.245705,6.362521,53.372114,4721.340868,-0.124940,46.602204,4.478361,1.669045,7.998787
6.291432,6.411036,53.354877,4718.874777,-0.134327,46.619768,4.479288,1.676526,7.995462
6.326891,6.456190,53.348141,4716.397904,-0.162197,46.639360,4.499782,1.681761,7.997405
6.361815,6.498226,53.311347,4713.926880,-0.180804,46.652519,4.501502,1.669815,8.000256
6.416561,6.536542,53.299170,4711.460379,-0.206273,46.674173,4.507835,1.687613,7.994201
6.461661,6.597168,53.261803,4708.995677,-0.230559,46.690267,4.535544,1.689471,8.006036
6.502629,6.643844,53.234195,4706.519722,-0.259345,46.704033,4.537158,1.684393,7.992253
6.538485,6.700711,53.203405,4704.055356,-0.273455,46.727113,4.557379,1.694374,7.994865
6.583899,6.735781,53.178835,4701.560500,-0.303491,46.744374,4.573059,1.700861,7.991965
6.633207,6.782475,53.135155,4699.084818,-0.320849,46.759727,4.587542,1.707418,7.996852
6.674460,6.825533,53.087852,4696.591050,-0.335126,46.777062,4.613945,1.710237,7.999436
6.714831,6.877281,53.055715,4694.096104,-0.360267,46.799421,4.643305,1.726838,7.999548
6.765013,6.917982,53.009844,4691.600285,-0.381685,46.811311,4.667683,1.737114,-0.004024
6.804365,6.963346,52.957624,4689.087783,-0.405914,46.818316,4.683678,1.740947,-0.004327
6.842101,7.016063,52.899809,4686.556365,-0.415091,46.829820,4.723041,1.764780,-0.013359
6.890917,7.055312,52.846775,4684.024237,-0.443588,46.831300,4.747926,1.768660,-0.001227
6.934858,7.106274,52.787815,4681.472243,-0.459749,46.833716,4.785706,1.778549,-0.001532
6.972296,7.143685,52.739470,4678.917198,-0.467638,46.843671,4.812855,1.793110,-0.008593
7.020231,7.196823,52.678151,4676.325043,-0.492013,46.843017,4.847279,1.809953,-0.006586
7.057869,7.240163,52.616756,4673.735735,-0.513012,46.861239,4.886732,1.816831,-0.010865
7.098820,7.295964,52.556681,4671.130409,-0.524572,46.866525,4.920684,1.838855,0.002641
7.137829,7.339569,52.490452,4668.510180,-0.544820,46.877893,4.966743,1.851068,0.000240
7.193472,7.374887,52.416927,4665.865222,-0.550141,46.877363,5.012909,1.862910,-0.005717
7.229565,7.433792,52.356685,4663.189363,-0.575329,46.888968,5.051209,1.880386,0.005147
7.279510,7.479753,52.286413,4660.506313,-0.582437,46.899560,5.087878,1.897958,-0.002168
7.324515,7.517659,52.205606,4657.797820,-0.598970,46.897736,5.136084,1.919442,0.010013
7.354965,7.570293,52.142861,4655.065865,-0.604905,46.918308,5.185221,1.930904,-0.009028
7.400214,7.614008,52.058541,4652.306187,-0.612656,46.914325,5.220963,1.948598,0.005479
7.450526,7.658300,51.994620,4649.525283,-0.630328,46.928604,5.288825,1.974684,0.002798
7.484300,7.696747,51.915381,4646.724859,-0.637907,46.930119,5.329649,1.990629,-0.003475
7.530441,7.752228,51.836491,4643.897381,-0.651141,46.937461,5.380171,2.002226,0.001096
7.567417,7.788826,51.751690,4641.028850,-0.650254,46.952483,5.429277,2.024773,-0.001230
7.604250,7.845346,51.661105,4638.146522,-0.668566,46.964516,5.486900,2.041385,-0.006054
7.662277,7.891668,51.586602,4635.226054,-0.674376,46.974002,5.552124,2.061882,-0.005865
7.692445,7.928992,51.512209,4632.280310,-0.674113,46.974007,5.611078,2.084446,0.002396
7.741821,7.974320,51.432627,4629.311957,-0.673897,46.976849,5.652759,2.118083,0.000502
7.790413,8.033549,51.343473,4626.303313,-0.675911,46.986530,5.718205,2.131987,0.000104
7.821602,8.060068,51.273527,4623.252491,-0.678289,47.004144,5.779702,2.141748,-0.004691
7.866160,8.105496,51.179390,4620.171688,-0.676161,46.992594,5.840860,2.179990,0.000483
7.908955,8.160898,51.100488,4617.069128,-0.683648,47.011188,5.898070,2.193443,0.012046
7.948408,8.203619,51.020742,4613.926867,-0.675039,47.013177,5.951055,2.224113,0.007906
7.995158,8.262797,50.938876,4610.764083,-0.684457,47.023366,6.014805,2.237388,0.000074
8.034300,8.298165,50.856944,4607.542922,-0.674763,47.036076,6.081711,2.262136,-0.006153
8.080824,8.343788,50.776069,4604.304696,-0.668959,47.040194,6.141749,2.291691,0.002138
8.117264,8.392385,50.699088,4601.034173,-0.658800,47.050745,6.203945,2.307299,0.005235
8.160011,8.437596,50.619807,4597.708551,-0.657612,47.061340,6.273753,2.329296,-0.000577
8.196322,8.485624,50.550210,4594.362642,-0.650114,47.073530,6.310907,2.364451,-0.001759
8.244320,8.529020,50.469206,4590.979001,-0.639509,47.074536,6.380093,2.376304,-0.004289
8.290221,8.561999,50.391620,4587.564836,-0.632641,47.075690,6.435513,2.404749,0.004474
8.329813,8.608772,50.311943,4584.109280,-0.619435,47.093986,6.503491,2.413381,-0.002510
8.364905,8.666260,50.240665,4580.608287,-0.612811,47.107719,6.557874,2.438038,-0.007089
8.407414,8.704062,50.170583,4577.080278,-0.596628,47.110572,6.600443,2.464499,-0.002601
8.452370,8.756264,50.093974,4573.529232,-0.591836,47.121240,6.668107,2.488080,-0.002881
8.496386,8.800649,50.033120,4569.923647,-0.568661,47.128151,6.726855,2.493328,-0.003999
8.530931,8.839871,49.962406,4566.299236,-0.556352,47.139124,6.762066,2.524065,-0.000659
8.587866,8.888310,49.892609,4562.641743,-0.538859,47.146578,6.820226,2.542109,-0.002089
8.616818,8.939781,49.836432,4558.930124,-0.518175,47.145231,6.865986,2.569568,0.004092
8.652178,8.978867,49.768217,4555.213735,-0.497759,47.158797,6.921579,2.578706,-0.009048
8.707232,9.023167,49.726328,4551.460678,-0.476885,47.160327,6.961377,2.594833,0.002580
8.740864,9.071258,49.658620,4547.671311,-0.461770,47.184717,7.014327,2.619553,0.006729
8.791246,9.108359,49.608685,4543.861970,-0.453238,47.177930,7.056405,2.626008,0.011607
8.824133,9.153550,49.560475,4540.020724,-0.425530,47.186590,7.093779,2.641123,0.002677
8.872568,9.200368,49.501842,4536.145142,-0.399329,47.203703,7.131902,2.655668,-0.003462
8.915055,9.253276,49.458378,4532.244354,-0.381530,47.228994,7.154601,2.676040,0.006409
8.950313,9.295881,49.409812,4528.338514,-0.353261,47.221885,7.185521,2.678654,0.000399
8.995052,9.340368,49.374099,4524.401781,-0.323650,47.245282,7.227710,2.676320,-0.000151
9.039326,9.383108,49.332782,4520.425607,-0.317537,47.240615,7.246804,2.706737,-0.004672
9.075160,9.433560,49.303624,4516.450365,-0.278964,47.234535,7.272125,2.704895,-0.002509
9.114583,9.478941,49.271472,4512.452569,-0.270497,47.265634,7.287238,2.710663,-0.002321
9.154291,9.522924,49.244943,4508.431194,-0.231087,47.272585,7.306138,2.718047,-0.003620
9.199641,9.562091,49.213436,4504.407289,-0.218967,47.279994,7.324544,2.729214,0.001826
9.232079,9.609627,49.201522,4500.361041,-0.190988,47.293533,7.334565,2.730910,-0.003807
9.274046,9.649119,49.163153,4496.296810,-0.151379,47.292512,7.346901,2.750228,-0.002678
9.326270,9.695443,49.147396,4492.232807,-0.138804,47.305190,7.353416,2.739910,-0.003241
9.361467,9.748294,49.125895,4488.151824,-0.109862,47.309108,7.351592,2.740034,0.008570
9.404670,9.780663,49.128320,4484.076914,-0.089731,47.328382,7.341033,2.735624,-0.002003
9.436967,9.837798,49.124292,4480.000024,-0.063582,47.330337,7.346153,2.737793,0.001914
9.485329,9.874048,49.110001,4475.896937,-0.041088,47.335419,7.329852,2.733946,-0.007174
9.514381,9.917917,49.107710,4471.813330,-0.008689,47.350316,7.342034,2.724589,0.001389
9.562047,9.971632,49.101284,4467.716639,0.014461,47.365881,7.313462,2.722083,-0.008911
9.606461,10.015726,49.102447,4463.642181,0.030304,47.371924,7.300272,2.725344,0.007663
9.647107,10.050029,49.110540,4459.546536,0.054425,47.379127,7.282384,2.714265,-0.008341
9.687899,10.088144,49.118284,4455.473059,0.078201,47.396537,7.255559,2.712299,-0.003463
9.720916,10.151461,49.132446,4451.387330,0.091222,47.396716,7.233657,2.701299,-0.002730
9.765868,10.202765,49.140063,4447.334969,0.121163,47.406022,7.205396,2.685376,0.004016
9.805450,10.236540,49.157315,4443.281058,0.145890,47.421663,7.178588,2.672970,-0.004525
9.852914,10.286998,49.172974,4439.222804,0.157469,47.434193,7.143695,2.666836,0.002819
9.887022,10.325537,49.195127,4435.200354,0.177361,47.436006,7.130530,2.654246,-0.001717
9.925301,10.364540,49.217130,4431.191742,0.193087,47.439355,7.085153,2.647425,-0.001480
9.966170,10.409753,49.241212,4427.190214,0.222436,47.459665,7.043054,2.630807,0.004976
10.007298,10.455043,49.271135,4423.208316,0.232705,47.466894,7.013774,2.611504,-0.001012
10.042227,10.507267,49.307046,4419.237645,0.245540,47.476032,6.969638,2.604665,0.002458
10.082954,10.551457,49.332741,4415.293203,0.270077,47.493958,6.928691,2.578759,0.005754
10.116259,10.588174,49.357610,4411.360785,0.274728,47.500153,6.872631,2.564352,-0.002149
10.159811,10.635471,49.390890,4407.454800,0.289773,47.520239,6.846138,2.547973,0.009928
10.205057,10.673279,49.419539,4403.572080,0.308800,47.521910,6.787641,2.531755,-0.007932
10.250540,10.711821,49.457001,4399.708986,0.314270,47.531783,6.750437,2.510761,-0.002276
10.294793,10.764539,49.498292,4395.867916,0.325978,47.540422,6.699659,2.494301,0.001212
10.327996,10.807206,49.531726,4392.043245,0.338547,47.555390,6.654017,2.478888,-0.007274
10.364337,10.854151,49.572912,4388.270216,0.345266,47.551799,6.604428,2.463730,0.001513
10.411152,10.897539,49.605335,4384.495030,0.346991,47.573443,6.562656,2.451602,-0.002517
10.434081,10.939362,49.665874,4380.751809,0.354338,47.584692,6.505458,2.426531,-0.003497
10.488328,10.988091,49.693946,4377.034273,0.368784,47.593850,6.459837,2.403250,0.001049
10.522722,11.033441,49.731593,4373.344607,0.370113,47.600177,6.412450,2.389459,0.002260
10.575589,11.074739,49.781507,4369.675289,0.369697,47.609556,6.366907,2.376637,-0.013836
10.592421,11.122015,49.822037,4366.049222,0.370634,47.620931,6.309230,2.347690,-0.001367
10.642799,11.157060,49.866325,4362.429616,0.374668,47.628791,6.268415,2.331059,0.000715
10.674170,11.207506,49.910583,4358.854436,0.366539,47.647113,6.217603,2.309162,0.000375
10.714983,11.244028,49.952902,4355.298234,0.380666,47.648416,6.166255,2.298875,-0.005922
10.758094,11.295825,49.989079,4351.770796,0.372396,47.662067,6.122826,2.285111,-0.001564
10.796900,11.334937,50.038981,4348.270921,0.368583,47.671763,6.081477,2.269341,-0.000041
10.830535,11.377747,50.085423,4344.791186,0.364798,47.688897,6.028666,2.243483,-0.006172
10.871130,11.424852,50.119296,4341.342618,0.360262,47.693989,5.993023,2.235761,-0.006425
10.916242,11.470407,50.166082,4337.923442,0.349884,47.703355,5.946667,2.219064,0.003818
10.954972,11.512832,50.198271,4334.506223,0.343787,47.723052,5.902343,2.192520,-0.001633
11.001682,11.551575,50.238413,4331.137741,0.340270,47.723563,5.856434,2.177869,-0.002211
11.030737,11.593082,50.279558,4327.780946,0.334932,47.740704,5.820162,2.169042,0.001344
11.071036,11.642174,50.316284,4324.463607,0.321184,47.748088,5.784656,2.151300,0.000184
11.108026,11.684251,50.349016,4321.174908,0.310787,47.755303,5.747458,2.143332,-0.002958
11.146537,11.733376,50.380526,4317.892638,0.295010,47.768550,5.717689,2.124356,0.005651
11.186802,11.774102,50.418725,4314.636968,0.280134,47.779692,5.674277,2.119117,-0.006302
11.234076,11.821366,50.447168,4311.399189,0.267967,47.782157,5.635696,2.101316,0.001160
11.261638,11.863797,50.470765,4308.188555,0.253377,47.808756,5.613636,2.091471,-0.006047
11.304430,11.902301,50.501210,4304.998205,0.243454,47.819841,5.574253,2.078337,-0.004056
11.337853,11.951206,50.541302,4301.827570,0.237939,47.826564,5.559270,2.080569,-0.002936
11.381480,11.987774,50.562323,4298.677359,0.220005,47.832582,5.526564,2.049710,0.004558
11.413904,12.029720,50.582018,4295.554347,0.205103,47.849653,5.486896,2.050632,-0.005927
11.454637,12.080889,50.589949,4292.436226,0.187115,47.859130,5.469447,2.032763,-0.006768
11.496115,12.125745,50.617349,4289.338621,0.127539,47.789648,5.451348,2.032930,-44.996718
11.538803,12.165036,50.619176,4286.277727,0.077423,47.726075,5.441000,2.019116,-44.994961
11.580926,12.210965,50.629745,4283.231319,0.047722,47.658045,5.418455,2.014559,-45.002653
11.611257,12.249299,50.635527,4280.198557,-0.023777,47.598701,5.412994,2.014394,-45.000704
11.647002,12.295592,50.634520,4277.186307,-0.070844,47.529608,5.404914,2.015375,-45.005401
11.695571,12.340673,50.614739,4274.196522,-0.123474,47.459914,5.413126,2.017805,-44.994994
11.725312,12.386952,50.603652,4271.204510,-0.175996,47.398234,5.420311,2.020001,-44.997890
11.770822,12.417916,50.581249,4268.223709,-0.224606,47.327538,5.419488,2.017634,-45.002215
11.806142,12.468414,50.553774,4265.256110,-0.277299,47.265756,5.442516,2.020631,-44.995925
11.838190,12.500987,50.508576,4262.278169,-0.327463,47.200467,5.457655,2.036887,-45.009916
11.885726,12.553131,50.475032,4259.322688,-0.375873,47.130486,5.483051,2.048832,-45.003498
11.922534,12.590615,50.429663,4256.349721,-0.433788,47.059832,5.518792,2.052050,-45.003964
11.962018,12.641093,50.372932,4253.385342,-0.486301,46.990658,5.543356,2.065033,-44.999380
11.999467,12.677767,50.327365,4250.397868,-0.533012,46.927441,5.577111,2.065544,-45.001450
12.034616,12.720328,50.264494,4247.420928,-0.574087,46.850266,5.620892,2.099614,-45.014331
12.064078,12.762625,50.198912,4244.410590,-0.632466,46.779524,5.660244,2.112539,-45.003208
12.127529,12.812101,50.131571,4241.398114,-0.678620,46.716918,5.717811,2.125747,-44.999362
12.150702,12.843663,50.046457,4238.364219,-0.721025,46.649642,5.767915,2.152257,-44.995779
12.191891,12.892170,49.960744,4235.316466,-0.771211,46.572785,5.830616,2.163069,-44.994656
12.231333,12.934669,49.875653,4232.252346,-0.828069,46.513415,5.883274,2.203264,-44.986812
12.275992,12.979163,49.778988,4229.155265,-0.867240,46.434937,5.960172,2.217205,-45.001404
12.321034,13.015752,49.676703,4226.026716,-0.907230,46.362101,6.043074,2.244105,-44.994300
12.342946,13.056154,49.583916,4222.872351,-0.953809,46.279360,6.113175,2.282525,-44.996028
12.391100,13.097986,49.467627,4219.668633,-1.000478,46.211678,6.202610,2.308854,-45.007052
12.425860,13.142188,49.354382,4216.436683,-1.043428,46.117672,6.285649,2.339372,-45.004105
12.470604,13.185377,49.237378,4213.166191,-1.076339,46.052314,6.376346,2.378058,-45.003289
12.514965,13.225430,49.119565,4209.853227,-1.115045,45.977873,6.490937,2.434357,-44.989763
12.537371,13.264128,48.997476,4206.483777,-1.159700,45.880519,6.594763,2.440042,-44.996058
12.578425,13.310317,48.867692,4203.068731,-1.191179,45.796510,6.701126,2.499368,-44.999426
12.614305,13.349605,48.735408,4199.607080,-1.218456,45.712886,6.805314,2.534327,-44.999563
12.667625,13.392446,48.583517,4196.085103,-1.266679,45.632555,6.937017,2.586205,-44.995243
12.707731,13.426119,48.449021,4192.492836,-1.303690,45.536390,7.056168,2.631691,-44.993488
12.740692,13.474191,48.311897,4188.840032,-1.321379,45.447279,7.193200,2.679507,-45.010361
12.776049,13.515501,48.161890,4185.119593,-1.346443,45.351563,7.325844,2.732961,-44.998053
12.825586,13.547720,48.011847,4181.336987,-1.385306,45.251401,7.469578,2.792531,-45.001577
12.852371,13.598500,47.848608,4177.485487,-1.406832,45.157345,7.619252,2.834492,-45.001694
12.897965,13.642628,47.704546,4173.528064,-1.432111,45.071139,7.764975,2.898679,-44.989079
12.942870,13.674949,47.559027,4169.519946,-1.445856,44.958984,7.935203,2.956942,-44.997890
12.983064,13.715761,47.397152,4165.406418,-1.472262,44.858992,8.089478,3.011439,-45.001594
13.014468,13.755379,47.226098,4161.207038,-1.482635,44.733702,8.259382,3.075869,-44.998305
13.059633,13.793620,47.071596,4156.923678,-1.495433,44.631043,8.438244,3.133142,-45.000474
13.095015,13.842663,46.908869,4152.538640,-1.501512,44.521172,8.618859,3.207400,-45.002071
13.133396,13.888534,46.734747,4148.055714,-1.512175,44.402146,8.800320,3.277292,-45.001850
13.179155,13.918624,46.569161,4143.483558,-1.522543,44.295159,8.983809,3.334665,-45.005505
13.223699,13.952118,46.411510,4138.786543,-1.524591,44.177380,9.167725,3.415932,-44.997630
13.262148,14.000186,46.237684,4133.998832,-1.531932,44.040286,9.364365,3.489944,-45.004318
13.303579,14.034780,46.087066,4129.098148,-1.518720,43.917252,9.563659,3.567032,-45.009591
13.340761,14.078910,45.904647,4124.082088,-1.519842,43.788494,9.772701,3.638508,-44.999441
13.375684,14.117474,45.750641,4118.955266,-1.509330,43.656178,9.964902,3.706753,-45.000408
13.417684,14.150128,45.595195,4113.713645,-1.501167,43.521012,10.167910,3.791895,-45.001338
13.446731,14.191606,45.425635,4108.356217,-1.487560,43.369717,10.377976,3.871409,-45.000210
13.493590,14.227942,45.263127,4102.882034,-1.475961,43.239712,10.581795,3.946565,-44.997875
13.534589,14.268155,45.110128,4097.271573,-1.459331,43.089737,10.792771,4.017912,-44.999247
13.577255,14.311909,44.952256,4091.553412,-1.439279,42.936753,10.993122,4.099005,-44.990600
13.615223,14.348686,44.803907,4085.718152,-1.412141,42.783405,11.207071,4.163306,-44.998715
13.662744,14.391355,44.658260,4079.752589,-1.380052,42.633367,11.403377,4.249805,-45.000777
13.698165,14.422005,44.514686,4073.669630,-1.349344,42.468585,11.604067,4.321965,-44.993470
13.735976,14.450637,44.368485,4067.462881,-1.319757,42.310150,11.801309,4.392224,-44.996709
13.782706,14.496617,44.225657,4061.137417,-1.292432,42.138094,12.004920,4.468186,-44.995637
13.817350,14.538954,44.093713,4054.703196,-1.247855,41.973386,12.198428,4.545990,-45.001730
13.857355,14.573156,43.973455,4048.150321,-1.202432,41.802872,12.370138,4.600070,-44.991917
13.899663,14.612603,43.840138,4041.485210,-1.147347,41.625767,12.557238,4.677036,-45.002228
13.942592,14.644922,43.722604,4034.700492,-1.115192,41.448523,12.721272,4.741315,-45.007235
13.982283,14.677873,43.599426,4027.833273,-1.064265,41.270424,12.880031,4.800704,-45.005289
14.020080,14.722925,43.492310,4020.850136,-1.007019,41.079300,13.035598,4.868991,-44.992229
14.062468,14.748558,43.396755,4013.770417,-0.967993,40.894563,13.182092,4.907112,-44.993109
14.102048,14.794968,43.292921,4006.602975,-0.906036,40.701967,13.323239,4.957939,-44.997604
14.155524,14.827711,43.197332,3999.341171,-0.848301,40.519757,13.448802,5.012191,-45.002141
14.178150,14.865609,43.121907,3992.007389,-0.782772,40.322650,13.563607,5.056056,-44.993619
14.219710,14.907027,43.029755,3984.597617,-0.726749,40.120054,13.649714,5.091489,-44.999014
14.264433,14.927169,42.963925,3977.107499,-0.667665,39.930134,13.749751,5.118503,-44.995166
14.298424,14.968597,42.893479,3969.565399,-0.601058,39.730302,13.827150,5.145607,-44.994034
14.345614,14.998892,42.837475,3961.973692,-0.540928,39.533165,13.894047,5.171916,-45.005567
14.378440,15.048659,42.792825,3954.324033,-0.482948,39.332716,13.937985,5.190292,-45.004482
14.430331,15.075974,42.743313,3946.636234,-0.413779,39.119127,13.973638,5.205698,-45.006445
14.460343,15.104192,42.694419,3938.928820,-0.349376,38.923148,13.995135,5.216671,-44.997611
14.511963,15.139398,42.670064,3931.171365,-0.281759,38.716839,14.012867,5.216604,-45.006717
14.539669,15.176921,42.640841,3923.411163,-0.218413,38.517189,14.005632,5.218238,-45.003079
14.590221,15.213759,42.622666,3915.641265,-0.159792,38.319080,13.985574,5.217395,-45.004545
14.626842,15.239919,42.605779,3907.855077,-0.091015,38.097639,13.954421,5.195338,-44.994101
14.670026,15.273867,42.600212,3900.086034,-0.025656,37.895885,13.908975,5.180872,-45.003565
14.721742,15.311974,42.594092,3892.322692,0.028247,37.697273,13.853822,5.164970,-44.999009
14.747247,15.345023,42.607004,3884.589841,0.096320,37.487926,13.787171,5.130280,-45.003018
14.799899,15.381689,42.615702,3876.870078,0.161551,37.283717,13.702556,5.110671,-44.998646
14.841673,15.411914,42.651363,3869.194267,0.212472,37.067994,13.615802,5.072030,-44.993293
14.882250,15.440975,42.658698,3861.536298,0.262800,36.869721,13.519679,5.040466,-45.005800
14.917218,15.475107,42.698726,3853.945879,0.325315,36.677786,13.412049,5.000841,-45.004537
14.958219,15.505595,42.731865,3846.391612,0.383982,36.479845,13.290895,4.954054,-45.005696
15.014368,15.540203,42.774536,3838.904231,0.434687,36.284696,13.166365,4.901996,-45.002041
15.048773,15.566371,42.819028,3831.476549,0.483280,36.086534,13.021451,4.844684,-45.000998
15.088314,15.599291,42.864238,3824.110125,0.518469,35.889429,12.890397,4.806720,-44.999866
15.135734,15.631130,42.910429,3816.802004,0.569372,35.697647,12.740391,4.745751,-45.004772
15.164230,15.658516,42.974754,3809.593550,0.605141,35.504291,12.584495,4.688540,-44.994072
15.218168,15.691595,43.050628,3802.437170,0.653383,35.318150,12.433139,4.630351,-44.993424
15.255189,15.713952,43.125507,3795.369280,0.680174,35.135702,12.270237,4.565199,-45.003345
15.295859,15.754931,43.179597,3788.384075,0.720939,34.956748,12.096151,4.511495,-45.003708
15.334803,15.784161,43.252141,3781.476542,0.743727,34.769704,11.930784,4.445506,-44.993181
15.384625,15.806474,43.332787,3774.658455,0.783202,34.586044,11.758502,4.380186,-45.003429
15.424775,15.843032,43.396494,3767.935719,0.801120,34.404855,11.595595,4.326088,-45.001808
15.463623,15.879041,43.487266,3761.314844,0.823320,34.239068,11.418718,4.252893,-45.004112
15.506028,15.909598,43.570874,3754.757707,0.849168,34.059138,11.252375,4.195075,-44.998692
15.541065,15.926387,43.651145,3748.305024,0.866443,33.893593,11.085930,4.132045,-45.002182
15.588632,15.961822,43.744875,3741.938967,0.869612,33.725978,10.915188,4.062919,-44.999538
15.619610,15.990317,43.832259,3735.660381,0.887673,33.566556,10.742046,4.005530,-44.994613
15.665806,16.022710,43.916577,3729.474325,0.893072,33.391095,10.588193,3.941128,-45.005894
15.717046,16.033386,43.999638,3723.376128,0.891508,33.232039,10.415023,3.882315,-44.990028
15.748597,16.083582,44.078867,3717.379457,0.905955,33.071526,10.256009,3.814303,-45.005550
15.794126,16.106562,44.174259,3711.470824,0.894140,32.924642,10.094955,3.762660,-44.998083
15.838033,16.128831,44.264552,3705.635847,0.892969,32.768766,9.948709,3.707233,-44.993006
15.882217,16.165252,44.346467,3699.889434,0.880176,32.630297,9.791076,3.641535,-45.005144
15.915883,16.187505,44.421688,3694.241946,0.879024,32.477808,9.651487,3.595707,-45.005553
15.970092,16.202085,44.522107,3688.675524,0.858906,32.320450,9.512360,3.546619,-45.012411
16.000133,16.237990,44.597140,3683.175473,0.849877,32.183681,9.372352,3.487731,-44.995569
16.038105,16.270655,44.684014,3677.767317,0.824940,32.042598,9.231946,3.446323,-44.993428
16.091764,16.287720,44.749627,3672.428099,0.807570,31.888544,9.112132,3.399983,-44.994277
16.134722,16.322809,44.836424,3667.173448,0.786222,31.752795,8.985942,3.345249,-45.001174
16.166178,16.354778,44.913652,3661.987605,0.765432,31.621339,8.855590,3.304227,-45.000637
16.212458,16.384460,44.994839,3656.886277,0.737122,31.486642,8.746811,3.267317,-45.003179
16.247635,16.394396,45.055737,3651.835078,0.712151,31.344850,8.630548,3.227299,-45.001253
16.292124,16.426858,45.122063,3646.858151,0.691005,31.207362,8.544547,3.173084,-45.001254
16.332739,16.448962,45.188271,3641.951015,0.652828,31.084761,8.431157,3.134969,-44.999804
16.383017,16.481881,45.250005,3637.102003,0.616551,30.958595,8.347306,3.100073,-44.998501
16.423911,16.511839,45.305872,3632.310735,0.577297,30.835131,8.257815,3.071747,-45.000918
16.466413,16.539255,45.356073,3627.580846,0.553903,30.695982,8.168878,3.044831,-45.003583
16.507399,16.557553,45.402672,3622.897546,0.509006,30.578499,8.083759,3.010923,-45.005598
16.545744,16.583840,45.461268,3618.264664,0.468268,30.453230,8.013216,2.988478,-45.004539
16.585374,16.607277,45.507281,3613.703670,0.427980,30.325640,7.948652,2.968584,-44.989867
16.640514,16.634407,45.525788,3609.173970,0.376409,30.216204,7.881295,2.940032,-44.996786
16.671956,16.662868,45.581170,3604.681404,0.336751,30.085498,7.823344,2.915131,-44.996117
16.719211,16.691358,45.597412,3600.233301,0.299284,29.961994,7.786772,2.896235,-45.001539
16.752304,16.715809,45.622716,3595.839564,0.249007,29.836302,7.731079,2.876844,-44.998738
16.802952,16.738461,45.637048,3591.464288,0.196584,29.713483,7.693191,2.864479,-45.003237
16.847911,16.759961,45.663125,3587.135240,0.154719,29.607668,7.647655,2.853640,-45.000372
16.879088,16.789190,45.662714,3582.827888,0.104467,29.490014,7.628972,2.842754,-44.998717
16.926705,16.816233,45.676243,3578.562652,0.066537,29.365310,7.592403,2.821913,-45.003750
16.966888,16.839898,45.687515,3574.331739,0.005257,29.246797,7.571178,2.816990,-44.993604
17.015951,16.859879,45.679356,3570.094157,-0.044100,29.121608,7.553465,2.814446,-44.995514
17.047382,16.882329,45.670817,3565.887532,-0.096116,29.014180,7.549381,2.811573,-44.996466
17.091310,16.905372,45.660484,3561.704871,-0.145449,28.904303,7.539975,2.810781,-44.997802
17.133221,16.931278,45.653689,3557.533751,-0.208743,28.776629,7.542355,2.809737,-45.003850
17.166738,16.958923,45.623203,3553.373916,-0.255447,28.656379,7.547283,2.815511,-45.002439
17.217730,16.978688,45.596876,3549.227493,-0.307124,28.542164,7.552333,2.812413,-45.007014
17.259726,17.012988,45.574170,3545.080658,-0.350078,28.421002,7.573387,2.823009,-44.998663
17.294945,17.026227,45.532349,3540.946101,-0.403995,28.290454,7.590281,2.835011,-45.000277
17.337782,17.051510,45.489529,3536.802639,-0.455596,28.173272,7.611503,2.840734,-44.993038
17.377807,17.067547,45.451294,3532.662133,-0.507840,28.063017,7.660920,2.845733,-44.994455
17.421547,17.098846,45.397237,3528.520014,-0.560396,27.939723,7.676274,2.861828,-44.998211
17.464785,17.127716,45.347747,3524.364869,-0.607242,27.820458,7.716213,2.876804,-45.007071
17.507516,17.140775,45.289130,3520.201928,-0.662769,27.696873,7.771046,2.892825,-45.002809
17.548967,17.163383,45.230534,3516.020549,-0.697644,27.566972,7.811986,2.915917,-45.000240
17.598446,17.192154,45.166047,3511.819683,-0.748852,27.452444,7.872042,2.931908,-44.991346
17.629130,17.213071,45.091908,3507.595938,-0.802234,27.328061,7.929599,2.954074,-44.996631
17.677797,17.238187,45.018010,3503.360014,-0.848790,27.207981,7.996190,2.984634,-45.004235
17.711312,17.252754,44.927900,3499.094261,-0.896847,27.069211,8.065888,2.999157,-44.995588
17.756824,17.289326,44.851905,3494.798817,-0.944062,26.933453,8.142565,3.036163,-45.001917
17.809382,17.300477,44.767593,3490.469307,-0.987059,26.808531,8.230671,3.065442,-44.996095
17.845355,17.318175,44.671261,3486.100091,-1.036855,26.676831,8.304896,3.098737,-45.001774
17.890346,17.357103,44.572054,3481.703714,-1.061289,26.536460,8.403472,3.129758,-44.993024
17.931747,17.357697,44.483430,3477.261886,-1.109581,26.397655,8.508363,3.159807,-45.000509
17.962147,17.387093,44.369313,3472.760585,-1.154899,26.259120,8.600638,3.201920,-44.993540
18.008253,17.407730,44.264696,3468.223124,-1.190034,26.120299,8.703095,3.237715,-44.993381
18.051778,17.433824,44.158454,3463.625107,-1.215562,25.971561,8.827671,3.283897,-45.001749
18.090524,17.460084,44.053828,3458.986194,-1.255857,25.837915,8.936001,3.328468,-45.004745
18.130087,17.480535,43.924566,3454.277059,-1.271954,25.682690,9.051800,3.375538,-45.006038
18.179271,17.493476,43.813779,3449.509827,-1.315473,25.538927,9.178802,3.419809,-44.995505
18.219365,17.521601,43.689892,3444.679690,-1.340145,25.384125,9.304253,3.476567,-45.000043
18.267908,17.538852,43.567393,3439.792910,-1.362962,25.241001,9.441998,3.519819,-45.003392
18.304321,17.551551,43.450374,3434.810947,-1.395271,25.075649,9.587743,3.574877,-45.003773
18.344005,17.575888,43.314154,3429.779846,-1.411265,24.910402,9.720626,3.614227,-44.996129
18.379999,17.594914,43.187831,3424.667888,-1.425505,24.754128,9.876959,3.689677,-45.005755
18.435190,17.609555,43.073844,3419.467825,-1.448375,24.580981,10.011849,3.737098,-45.001727
18.466909,17.637806,42.936226,3414.202126,-1.452096,24.409324,10.169090,3.788316,-44.996268
18.503531,17.660019,42.809476,3408.829900,-1.468932,24.234634,10.320815,3.845870,-44.994707
18.554232,17.679833,42.676440,3403.400244,-1.471009,24.069733,10.478620,3.906734,-44.995658
18.598515,17.689617,42.545955,3397.866469,-1.477341,23.881915,10.645971,3.962115,-44.998941
18.636071,17.710357,42.414849,3392.242542,-1.485050,23.700622,10.814041,4.017433,-44.994127
18.666421,17.744102,42.284456,3386.541487,-1.487185,23.516418,10.971695,4.083915,-45.004066
18.728248,17.753539,42.153968,3380.742934,-1.475084,23.339588,11.141831,4.149200,-44.999330
18.760189,17.776139,42.014118,3374.841827,-1.468247,23.135767,11.298794,4.211837,-45.003325
18.796053,17.783725,41.881476,3368.846402,-1.469807,22.944470,11.482173,4.269109,-44.998217
18.835655,17.809255,41.759384,3362.764273,-1.446509,22.750322,11.636504,4.344178,-45.000337
18.886595,17.836381,41.628481,3356.574826,-1.441302,22.541530,11.815565,4.398663,-45.000057
18.922325,17.845404,41.508654,3350.302579,-1.431138,22.332454,11.972354,4.458994,-44.998933
18.962768,17.860457,41.382264,3343.925519,-1.407496,22.134866,12.142114,4.524356,-45.010713
19.019752,17.882575,41.257431,3337.431042,-1.382933,21.918639,12.302737,4.584711,-45.006205
19.049631,17.898774,41.147245,3330.866660,-1.355094,21.695773,12.456769,4.642990,-44.989242
19.076011,17.921291,41.034245,3324.207693,-1.321174,21.474618,12.621325,4.701164,-45.001424
19.135274,17.942621,40.909252,3317.448465,-1.305080,21.261923,12.764976,4.754457,-44.989818
19.174108,17.953031,40.804389,3310.598578,-1.271502,21.033459,12.921784,4.815212,-44.994432
19.225511,17.966177,40.684786,3303.653090,-1.232012,20.802859,13.062381,4.875212,-44.996152
19.262511,17.982510,40.584042,3296.611341,-1.188805,20.565327,13.202189,4.910734,-44.996657
19.295010,18.001251,40.484007,3289.509043,-1.152613,20.348271,13.335927,4.967855,-44.993691
19.337138,18.021069,40.392241,3282.305146,-1.106975,20.100609,13.449082,5.007494,-45.006062
19.383881,18.025025,40.291172,3275.038282,-1.071354,19.858010,13.575341,5.056342,-45.002937
19.423727,18.058271,40.210352,3267.690259,-1.019273,19.609843,13.690421,5.094962,-44.993605
19.467820,18.071892,40.121882,3260.264139,-0.981338,19.373919,13.787188,5.122620,-44.999641
19.508908,18.085402,40.041671,3252.766133,-0.924001,19.117619,13.876458,5.174237,-44.993029
19.545846,18.094936,39.964098,3245.219876,-0.870859,18.873114,13.959904,5.205366,-44.999486
19.594019,18.105256,39.885858,3237.615235,-0.811646,18.621719,14.043840,5.230499,-44.993913
19.625343,18.127505,39.821492,3229.958637,-0.760728,18.357648,14.110565,5.247797,-45.004457
19.668510,18.132049,39.760452,3222.241686,-0.717788,18.109825,14.156384,5.274333,-44.996853
19.708378,18.145881,39.703985,3214.488935,-0.659277,17.849597,14.219145,5.293224,-44.994880
19.742425,18.170454,39.642487,3206.682574,-0.608504,17.588981,14.244533,5.308576,-44.996417
19.794345,18.174017,39.601148,3198.859722,-0.535436,17.320361,14.270365,5.312706,-45.006761
19.831235,18.192054,39.551641,3191.011088,-0.485726,17.070919,14.285191,5.323535,-45.003357
19.880886,18.203384,39.524431,3183.150019,-0.430692,16.803488,14.292975,5.328689,-44.999954
19.914700,18.225863,39.490394,3175.267032,-0.367656,16.525906,14.283892,5.320216,-44.992850
19.957258,18.240951,39.458878,3167.366488,-0.311787,16.269929,14.273546,5.325078,-45.000591
19.992432,18.251300,39.433632,3159.460465,-0.251036,16.000148,14.254324,5.305537,-45.001469
20.045338,18.264533,39.418111,3151.569331,-0.200360,15.723261,14.219674,5.303078,-44.999451
20.080229,18.269842,39.410058,3143.685994,-0.142127,15.472170,14.168205,5.278513,-45.002398
20.125215,18.275504,39.385654,3135.800332,-0.095676,15.204350,14.134803,5.256729,-45.001726
20.159059,18.293810,39.384404,3127.936719,-0.036816,14.943329,14.067203,5.245881,-45.005711
20.205666,18.298466,39.390171,3120.111667,0.003618,14.681211,13.992721,5.210827,-44.997682
20.239387,18.315746,39.389126,3112.291704,0.055304,14.412129,13.916851,5.191272,-45.000958
20.281978,18.333020,39.394868,3104.517268,0.100594,14.157803,13.840906,5.154702,-45.003721
20.315674,18.334459,39.402146,3096.776576,0.150863,13.885002,13.754949,5.123791,-44.999793
20.361874,18.352072,39.414622,3089.074663,0.204830,13.636291,13.642144,5.085921,-45.001543
20.400111,18.364425,39.433791,3081.410534,0.238976,13.359170,13.548314,5.047241,-44.994347
20.445243,18.377849,39.453166,3073.805319,0.276309,13.099346,13.449784,5.011413,-44.999877
20.486192,18.364403,39.470641,3066.251947,0.312469,12.852488,13.336837,4.964417,-44.988885
20.513408,18.390802,39.505435,3058.736872,0.344864,12.605363,13.224115,4.914649,-45.006566
20.557618,18.397337,39.528553,3051.299073,0.387363,12.333871,13.106771,4.868050,-45.002779
20.603556,18.414471,39.566060,3043.912655,0.417791,12.089104,12.984706,4.840813,-44.998601
20.649487,18.414779,39.601449,3036.575322,0.443743,11.836656,12.848075,4.784788,-45.005058
20.677961,18.426698,39.638990,3029.309839,0.468163,11.583860,12.722163,4.746865,-45.005451
20.724317,18.428846,39.676168,3022.131136,0.484711,11.339576,12.604217,4.695838,-44.994558
20.758718,18.451359,39.713520,3014.985104,0.507814,11.101831,12.478421,4.655359,-45.007256
20.796496,18.454567,39.759988,3007.908882,0.524584,10.852516,12.347335,4.600057,-44.999241
20.843351,18.453850,39.793884,3000.922066,0.533986,10.614237,12.228438,4.547143,-45.004635
20.879918,18.462533,39.844380,2993.990610,0.545330,10.382345,12.090833,4.506033,-44.999466
20.920870,18.469985,39.886729,2987.127699,0.547906,10.131932,11.969166,4.455663,-45.003448
20.961053,18.473829,39.933510,2980.334002,0.562887,9.897343,11.835317,4.412805,-44.998071
20.991481,18.489605,39.963861,2973.612956,0.568653,9.671058,11.715667,4.365154,-45.005053
21.022930,18.498741,40.012209,2966.971133,0.565283,9.429076,11.579009,4.317680,-45.008329
21.068238,18.498949,40.055462,2960.389142,0.553814,9.199388,11.468819,4.271994,-45.003032
21.114760,18.507776,40.105875,2953.875584,0.640908,9.204524,11.336347,4.214461,0.004564
21.150644,18.522151,40.158564,2947.389110,0.734857,9.223301,11.206810,4.174217,0.001770
21.199757,18.529038,40.218521,2940.974243,0.814066,9.234202,11.063808,4.123330,-0.010777
21.228408,18.533146,40.280883,2934.618524,0.896626,9.226260,10.916769,4.062433,0.001925
21.269114,18.540000,40.359993,2928.324597,0.974409,9.237746,10.751818,4.006993,-0.004855
21.304331,18.547199,40.435100,2922.097307,1.037468,9.243548,10.593912,3.942320,0.001406
21.354656,18.546802,40.520674,2915.954196,1.104823,9.256056,10.430997,3.877313,-0.003579
21.388165,18.559623,40.609726,2909.880167,1.169103,9.267344,10.263424,3.825749,-0.012201
21.427751,18.564558,40.690061,2903.897793,1.219827,9.268792,10.080639,3.765063,0.002446
21.454898,18.583549,40.784541,2897.983242,1.273707,9.276001,9.914986,3.695072,-0.000323
21.505305,18.575741,40.880829,2892.166836,1.318549,9.283046,9.736816,3.631031,-0.003926
21.541768,18.575420,40.992865,2886.430210,1.347206,9.283630,9.566554,3.566485,-0.004730
21.581110,18.590619,41.095891,2880.787264,1.385395,9.293744,9.387965,3.500842,0.002836
21.614614,18.596675,41.190547,2875.248495,1.420028,9.300180,9.219292,3.432939,-0.011652
21.656986,18.605090,41.295368,2869.767839,1.442591,9.298060,9.034704,3.361611,0.002795
21.695313,18.603314,41.415307,2864.405413,1.468628,9.309918,8.863321,3.310809,0.002679
21.726016,18.611158,41.527334,2859.126881,1.483490,9.316677,8.708105,3.242311,0.003674
21.768180,18.623724,41.625367,2853.929994,1.480937,9.321845,8.534116,3.182576,-0.003494
21.805501,18.635796,41.747273,2848.830909,1.479777,9.335971,8.371467,3.120120,-0.000691
21.835701,18.634603,41.848964,2843.811110,1.485658,9.341978,8.218815,3.071089,0.007646
21.882861,18.646817,41.969149,2838.890005,1.478945,9.341235,8.062894,3.008475,-0.002823
21.917601,18.657369,42.073979,2834.053398,1.467386,9.352015,7.921142,2.941170,0.000924
21.954016,18.652874,42.179085,2829.305950,1.445615,9.362503,7.776615,2.901853,0.000135
21.992804,18.664617,42.287858,2824.640252,1.426192,9.362455,7.626485,2.843212,-0.000971
22.033274,18.667466,42.398802,2820.055839,1.401904,9.373010,7.493383,2.787616,-0.000843
22.071065,18.679048,42.497307,2815.558151,1.372924,9.390778,7.360857,2.741976,-0.010925
22.105933,18.680366,42.601006,2811.141195,1.339954,9.402354,7.239454,2.698045,0.002971
22.150684,18.681803,42.698619,2806.801258,1.298304,9.395465,7.109258,2.656917,0.009451
22.184825,18.692500,42.781040,2802.529831,1.256308,9.404898,7.000239,2.610381,0.011012
22.216807,18.696717,42.875119,2798.338343,1.208783,9.412978,6.889174,2.565125,0.007338
22.252841,18.712054,42.965948,2794.215274,1.159061,9.412077,6.786676,2.531849,-0.006771
22.287998,18.723000,43.043351,2790.156505,1.115969,9.425198,6.687283,2.490303,0.001137
22.331725,18.710998,43.142996,2786.172476,1.055868,9.435672,6.596813,2.453344,0.002599
22.364283,18.718458,43.210818,2782.249688,0.999824,9.426705,6.495119,2.428856,0.005929
22.401264,18.732622,43.272738,2778.381828,0.944475,9.439521,6.422422,2.400006,0.005579
22.426073,18.742066,43.348949,2774.598990,0.872837,9.450934,6.351170,2.356593,-0.002475
22.472845,18.747383,43.393560,2770.856731,0.818919,9.459350,6.271087,2.342866,-0.001636
22.505674,18.747884,43.455589,2767.156600,0.753487,9.463006,6.210480,2.312406,-0.005676
22.553141,18.760751,43.511931,2763.533473,0.679347,9.473413,6.138883,2.289829,-0.003249
22.594726,18.764800,43.547201,2759.953177,0.602580,9.484877,6.090804,2.276202,-0.004611
22.630280,18.774137,43.603805,2756.418995,0.536650,9.486643,6.033974,2.250075,-0.008018
22.661037,18.785809,43.632971,2752.924520,0.455514,9.495085,5.997078,2.231554,0.004523
22.695264,18.790634,43.663422,2749.483613,0.375712,9.497098,5.950001,2.228806,0.011152
22.727735,18.789340,43.691341,2746.072448,0.299102,9.518599,5.925206,2.199668,-0.003352
22.769300,18.799223,43.697800,2742.715639,0.225495,9.514516,5.891740,2.191610,-0.002434
22.802992,18.801788,43.727232,2739.394159,0.134142,9.526425,5.867443,2.181458,0.004363
22.842152,18.819114,43.726779,2736.087433,0.055642,9.530042,5.851302,2.175073,-0.000664
22.870729,18.815514,43.729364,2732.818826,-0.028591,9.540155,5.837941,2.164722,-0.000507
22.906491,18.820202,43.731778,2729.576651,-0.108491,9.550594,5.822639,2.170722,-0.000600
22.944674,18.833148,43.704901,2726.360452,-0.194423,9.560511,5.812011,2.169078,-0.001789
22.981315,18.839234,43.696719,2723.179372,-0.265591,9.556462,5.817250,2.173798,0.005194
23.023252,18.848760,43.671485,2720.002866,-0.359395,9.572259,5.820148,2.169657,-0.001866
23.053126,18.855838,43.640133,2716.856555,-0.449923,9.573142,5.836013,2.172449,0.006888
23.095674,18.867022,43.609734,2713.707628,-0.534119,9.583115,5.841845,2.180249,0.010380
23.119066,18.865133,43.567736,2710.582528,-0.614181,9.592257,5.867050,2.182823,-0.001400
23.158041,18.875853,43.521563,2707.463381,-0.682845,9.598084,5.884905,2.192499,0.000669
23.206213,18.879050,43.477947,2704.339145,-0.767337,9.608522,5.923260,2.201242,-0.006226
23.226156,18.883758,43.412380,2701.246259,-0.855027,9.620138,5.952831,2.216608,-0.004462
23.274421,18.895875,43.351069,2698.123989,-0.930081,9.624792,5.998385,2.238045,-0.002876
23.310652,18.906618,43.279265,2695.011107,-1.011814,9.634257,6.038997,2.251361,-0.011205
23.335817,18.905143,43.202488,2691.899090,-1.089477,9.638717,6.089186,2.268332,0.005771
23.374363,18.914246,43.123924,2688.762636,-1.163859,9.643746,6.145399,2.290263,-0.004367
23.421162,18.918837,43.031258,2685.615107,-1.249320,9.657898,6.202442,2.312956,-0.001284
23.443760,18.923518,42.953884,2682.457282,-1.313769,9.658764,6.269143,2.333413,-0.007135
23.474839,18.933576,42.852781,2679.283614,-1.389685,9.671116,6.332952,2.360380,-0.001256
23.516954,18.945670,42.761367,2676.084749,-1.459596,9.673970,6.406534,2.390815,0.000353
23.548111,18.946578,42.650384,2672.856567,-1.524689,9.686246,6.489849,2.414116,-0.002352
23.592172,18.959875,42.545172,2669.603478,-1.579782,9.702187,6.570861,2.444254,-0.001067
23.631536,18.962938,42.433935,2666.317957,-1.649161,9.694905,6.668534,2.483425,0.004518
23.653289,18.960873,42.315586,2663.001476,-1.705741,9.713657,6.746927,2.523064,0.001989
23.692114,18.982612,42.190789,2659.627449,-1.758565,9.723616,6.846318,2.552826,0.006166
23.721702,18.980360,42.068288,2656.229803,-1.814251,9.729828,6.955057,2.594658,-0.002252
23.748482,18.989933,41.940464,2652.775673,-1.870473,9.735672,7.057572,2.639361,-0.000843
23.800127,18.993232,41.806837,2649.272718,-1.917288,9.736702,7.170724,2.670226,0.004181
23.835664,18.999074,41.681186,2645.726910,-1.948328,9.751729,7.295495,2.714209,0.002079
23.872804,19.001368,41.536385,2642.122479,-1.996174,9.754744,7.416437,2.762312,-0.001504
23.905515,19.014984,41.404210,2638.454602,-2.019761,9.772081,7.542191,2.806061,0.001104
23.942196,19.017891,41.260551,2634.725771,-2.051904,9.772342,7.674669,2.849694,0.001599
23.965451,19.029352,41.109103,2630.923471,-2.082203,9.787459,7.797229,2.904789,-0.005604
24.004425,19.034171,40.975445,2627.067869,-2.109494,9.776807,7.928758,2.956615,-0.004016
24.044660,19.038059,40.828084,2623.133533,-2.121258,9.799332,8.067182,3.003747,-0.000747
24.076732,19.033386,40.685726,2619.112723,-2.132841,9.803746,8.214684,3.063109,0.003323
24.110110,19.057987,40.536257,2615.024201,-2.152573,9.806884,8.361356,3.114758,0.002337
24.152866,19.066442,40.391370,2610.850205,-2.151266,9.832940,8.512689,3.165855,-0.000811
24.179084,19.061184,40.250502,2606.612354,-2.153258,9.832609,8.660665,3.225471,-0.001851
24.211085,19.064911,40.089230,2602.271547,-2.142949,9.836547,8.806446,3.281952,0.006691
24.244553,19.077565,39.953770,2597.855305,-2.139343,9.848824,8.957825,3.333141,-0.006750
24.287903,19.085815,39.802835,2593.341688,-2.108369,9.861327,9.113102,3.392489,-0.007157
24.309456,19.092604,39.658913,2588.739748,-2.097221,9.869150,9.261307,3.452320,-0.009801
24.340979,19.098819,39.526281,2584.050881,-2.079858,9.874542,9.413304,3.513485,-0.000639
24.387424,19.104700,39.386911,2579.267633,-2.046880,9.878580,9.566568,3.553590,0.005425
24.410551,19.119643,39.246389,2574.392991,-2.012470,9.903740,9.722173,3.619442,-0.002929
24.460118,19.120502,39.112537,2569.436064,-1.965508,9.894162,9.862198,3.669862,-0.007291
24.490873,19.126325,38.981912,2564.372094,-1.918427,9.904984,10.009789,3.731662,0.001510
24.525196,19.131064,38.860007,2559.234114,-1.877591,9.917966,10.145326,3.777426,-0.002448
24.550592,19.136066,38.733226,2553.995008,-1.819976,9.923890,10.283134,3.815510,-0.000619
24.592538,19.140685,38.619084,2548.666599,-1.763457,9.928218,10.414996,3.880526,-0.004594
24.627052,19.151687,38.499533,2543.251194,-1.698454,9.941740,10.538891,3.924920,0.008069
24.650776,19.157876,38.387404,2537.752688,-1.628266,9.945179,10.659397,3.974436,-0.001800
24.689877,19.157171,38.276954,2532.178172,-1.563736,9.960586,10.768476,4.012434,-0.005834
24.723526,19.168260,38.175550,2526.511528,-1.494233,9.958055,10.875947,4.052666,-0.001412
24.754975,19.180646,38.080314,2520.779440,-1.416496,9.969302,10.977339,4.085505,-0.011630
24.790690,19.189465,37.995218,2514.961902,-1.333928,9.979190,11.064693,4.123118,-0.003901
24.815727,19.198113,37.919212,2509.096745,-1.255600,9.985274,11.144522,4.159624,-0.001769
24.851783,19.195360,37.826942,2503.157628,-1.161558,10.000393,11.217951,4.182757,-0.005920
24.880810,19.201384,37.749329,2497.154087,-1.080096,10.005679,11.273118,4.194456,-0.001988
24.918308,19.210664,37.689375,2491.100929,-0.979392,10.010198,11.329988,4.225891,-0.007204
24.961972,19.213120,37.622150,2484.997506,-0.900296,10.020779,11.370041,4.241115,0.008943
24.998471,19.218764,37.573175,2478.840752,-0.799528,10.030070,11.401752,4.250400,0.007304
25.023439,19.225467,37.518779,2472.659952,-0.705499,10.035432,11.421391,4.255898,0.007684
25.047526,19.228008,37.483298,2466.427938,-0.609408,10.045990,11.427989,4.258482,-0.002736
25.080004,19.242168,37.440187,2460.184562,-0.516006,10.059077,11.437400,4.256025,-0.002616
25.115695,19.248964,37.414100,2453.923620,-0.412217,10.058796,11.413869,4.252566,-0.000154
25.147877,19.249765,37.390499,2447.631651,-0.326202,10.073529,11.397973,4.248941,0.001108
25.177082,19.259495,37.378004,2441.343388,-0.219964,10.082576,11.369708,4.228005,0.007192
25.209130,19.272701,37.360516,2435.046909,-0.144794,10.083603,11.326625,4.231837,0.004813
25.252831,19.274449,37.358375,2428.754240,-0.042770,10.101777,11.289262,4.203734,0.004150
25.273486,19.278759,37.360016,2422.469689,0.049384,10.105922,11.223692,4.181206,-0.003180
25.305896,19.282725,37.366704,2416.188379,0.132270,10.114724,11.165647,4.147162,0.000479
25.345883,19.289212,37.378485,2409.930035,0.224981,10.118033,11.078220,4.131659,0.003210
25.375319,19.290188,37.397008,2403.694185,0.306670,10.120271,10.997864,4.099830,-0.002079
25.405154,19.302234,37.418254,2397.478680,0.375181,10.131270,10.900903,4.066994,0.006675
25.435406,19.310077,37.432788,2391.307882,0.452629,10.140679,10.811258,4.030100,-0.000548
25.471463,19.312029,37.466246,2385.168151,0.523331,10.142306,10.706421,3.992032,0.007668
25.498752,19.321901,37.506001,2379.067702,0.595537,10.151731,10.601210,3.945842,0.000596
25.531281,19.322980,37.547041,2373.006969,0.656114,10.162198,10.488479,3.902436,0.002006
25.561318,19.332132,37.582251,2367.009338,0.720934,10.172255,10.369467,3.862361,-0.004156
25.596434,19.345682,37.635348,2361.051815,0.773281,10.176641,10.264496,3.815596,0.001773
25.630580,19.353925,37.677540,2355.146388,0.825665,10.188660,10.134341,3.779674,0.004735
25.650405,19.348550,37.734550,2349.304821,0.875286,10.199452,10.021468,3.733352,0.005565
25.687290,19.358589,37.787610,2343.515264,0.915270,10.204309,9.883646,3.689757,-0.000978
25.723871,19.361602,37.849781,2337.786588,0.953205,10.212290,9.751793,3.633522,-0.000024
25.741240,19.369396,37.909794,2332.132276,0.986921,10.222465,9.631430,3.589841,-0.001488
25.773859,19.373151,37.963917,2326.525671,1.019043,10.229270,9.497696,3.544199,0.003935
25.814124,19.382421,38.036306,2320.983199,1.040999,10.239388,9.374261,3.498452,-0.003414
25.835694,19.387029,38.092606,2315.516052,1.063250,10.240716,9.255651,3.453076,0.003049
25.868846,19.402671,38.163784,2310.118078,1.066305,10.247635,9.129365,3.403089,0.001586
25.900708,19.402934,38.215939,2304.769445,1.081636,10.254238,9.003839,3.349182,-0.003453
25.931499,19.412358,38.289594,2299.507722,1.075946,10.259241,8.871888,3.307395,0.014384
25.949994,19.411754,38.347350,2294.302896,1.080951,10.275359,8.750981,3.261077,0.006166
25.992004,19.413833,38.411461,2289.179782,1.084817,10.282561,8.634441,3.220869,0.002635
26.009846,19.423340,38.481234,2284.107012,1.056040,10.289431,8.515752,3.174277,0.004342
26.055422,19.435084,38.543689,2279.113914,1.056339,10.301216,8.410030,3.123949,-0.004236
26.087857,19.446418,38.603012,2274.173788,1.032345,10.308459,8.299148,3.096685,0.001903
26.115522,19.444262,38.665504,2269.298118,1.011765,10.315119,8.193136,3.057830,-0.009329
26.146203,19.460128,38.726256,2264.506400,0.985667,10.320347,8.095608,3.017743,0.000037
26.168015,19.451042,38.790819,2259.770831,0.952094,10.334017,7.985713,2.977931,-0.002878
26.202912,19.463273,38.848277,2255.084440,0.919206,10.346908,7.902294,2.943417,0.005121
26.232757,19.478204,38.891830,2250.480510,0.885538,10.349516,7.806452,2.902577,-0.003911
26.255877,19.476390,38.952437,2245.913233,0.841577,10.359091,7.714054,2.873879,0.000925
26.291471,19.477082,38.991964,2241.420117,0.791518,10.364745,7.635909,2.832243,-0.009534
26.321249,19.480796,39.035576,2236.973464,0.755114,10.370012,7.549101,2.816969,-0.001972
26.350730,19.493396,39.082758,2232.591263,0.704823,10.384934,7.482233,2.793905,0.012764
26.379307,19.500271,39.117281,2228.265842,0.640973,10.388537,7.410615,2.755338,0.001701
26.408790,19.507617,39.152176,2223.974313,0.574978,10.397981,7.362059,2.745376,-0.001814
26.436714,19.503106,39.185797,2219.756592,0.525668,10.406242,7.288772,2.712126,0.001293
26.465442,19.514938,39.223116,2215.566775,0.455313,10.414295,7.225542,2.695295,-0.003415
26.486702,19.520875,39.241226,2211.435183,0.404526,10.421031,7.183534,2.659078,0.005385
26.521545,19.536377,39.266728,2207.351178,0.326432,10.423873,7.136083,2.651242,0.002761
26.556368,19.532418,39.271869,2203.304139,0.257750,10.430096,7.083300,2.634587,0.005026
26.578431,19.540585,39.285751,2199.302206,0.189279,10.443282,7.052347,2.626482,-0.005799
26.605549,19.548246,39.299358,2195.335394,0.112107,10.456363,7.011246,2.608950,0.002504
26.636638,19.541540,39.312168,2191.400637,0.038301,10.453991,6.982032,2.597134,0.003829
26.682479,19.555904,39.299994,2187.499704,-0.027050,10.473930,6.962240,2.595982,-0.002332
26.690161,19.559767,39.298050,2183.636135,-0.108359,10.473153,6.945934,2.574246,-0.005566
26.726883,19.572403,39.295727,2179.804784,-0.186268,10.487800,6.921407,2.575821,0.001058
26.758191,19.582124,39.278207,2175.991110,-0.265082,10.500263,6.916000,2.581516,0.005287
26.792269,19.579190,39.260045,2172.206162,-0.349885,10.499042,6.911004,2.568573,0.004707
26.808840,19.584038,39.228833,2168.449381,-0.428100,10.512247,6.909000,2.580617,0.005091
26.844643,19.594501,39.208391,2164.711447,-0.507610,10.526808,6.914443,2.565749,0.006482
26.867544,19.599150,39.181136,2160.996691,-0.583250,10.528920,6.916522,2.575790,0.003385
26.898438,19.608652,39.146531,2157.288414,-0.675103,10.540624,6.917083,2.581054,-0.002586
26.920192,19.612225,39.109749,2153.596679,-0.748596,10.541839,6.936968,2.583222,0.001019
26.953230,19.621483,39.061683,2149.908005,-0.825714,10.550922,6.958749,2.588836,-0.005118
26.971568,19.624314,39.005759,2146.236962,-0.905964,10.567582,6.972798,2.594309,0.002235
27.014076,19.632151,38.956037,2142.563817,-0.985011,10.570595,7.015516,2.611641,0.001015
27.050841,19.633755,38.900995,2138.900706,-1.060033,10.576744,7.048124,2.628952,0.004207
27.062967,19.648650,38.845165,2135.227821,-1.139036,10.588014,7.079435,2.635724,-0.006061
27.101905,19.639440,38.774870,2131.564175,-1.210436,10.600909,7.123843,2.657837,-0.005753
27.121907,19.652297,38.709782,2127.889683,-1.282298,10.606642,7.160192,2.666007,0.002409
27.156993,19.655558,38.634401,2124.206497,-1.339826,10.609775,7.208062,2.691161,0.005324
27.184526,19.659539,38.555239,2120.520259,-1.435031,10.618967,7.264404,2.710649,-0.000914
27.216517,19.678247,38.476161,2116.814986,-1.482256,10.623637,7.333041,2.730672,-0.004636
27.228294,19.673661,38.393552,2113.080200,-1.552651,10.636618,7.378474,2.746314,-0.004863
27.262992,19.675882,38.300199,2109.337463,-1.615474,10.650322,7.448021,2.784794,0.001372
27.290765,19.683628,38.217711,2105.586167,-1.687435,10.669398,7.525672,2.803173,-0.003947
27.319559,19.700725,38.114048,2101.788805,-1.734507,10.673987,7.586023,2.822862,-0.006448
27.352023,19.700789,38.017426,2097.979086,-1.781439,10.674506,7.660656,2.849294,-0.000658
27.369802,19.706985,37.919186,2094.125455,-1.845042,10.692174,7.750092,2.891438,0.001089
27.407296,19.709197,37.818900,2090.248034,-1.881543,10.691251,7.835377,2.916413,-0.001519
27.429240,19.718755,37.710128,2086.327296,-1.930037,10.692152,7.910124,2.944580,-0.005034
27.456791,19.715967,37.607288,2082.387407,-1.975354,10.709036,8.002976,2.981567,0.006299
27.490182,19.732143,37.494221,2078.393184,-2.013099,10.724131,8.094964,3.015726,0.000515
27.511913,19.731536,37.390942,2074.356141,-2.047253,10.731835,8.190114,3.053210,0.006446
27.531860,19.742600,37.287175,2070.269943,-2.082660,10.744777,8.284709,3.084031,0.010968
27.556998,19.745646,37.168764,2066.145142,-2.104489,10.745729,8.385895,3.124185,0.002233
27.595670,19.762198,37.051097,2061.970504,-2.116015,10.760213,8.487326,3.164204,-0.003029
27.622724,19.755479,36.938730,2057.746293,-2.146179,10.763382,8.596963,3.210240,0.003395
27.646262,19.758820,36.820277,2053.453808,-2.162559,10.767438,8.695093,3.242664,0.005130
27.676375,19.771578,36.702812,2049.116510,-2.170320,10.781995,8.805494,3.281461,-0.001982
27.707179,19.769044,36.587503,2044.714478,-2.169074,10.803379,8.920624,3.323240,0.003276
27.732044,19.776679,36.462418,2040.262502,-2.185057,10.800868,9.021470,3.359643,0.002990
27.744543,19.783032,36.358245,2035.741111,-2.174820,10.802460,9.131330,3.398096,0.015205
27.776365,19.792141,36.242096,2031.158963,-2.159538,10.818189,9.231297,3.437499,0.005797
27.808333,19.797429,36.125515,2026.525518,-2.155914,10.824752,9.336967,3.479019,0.002308
27.838427,19.803481,36.015541,2021.829159,-2.136478,10.835315,9.454856,3.518544,-0.002731
27.857786,19.809535,35.896612,2017.045945,-2.119042,10.851867,9.555351,3.555530,0.003259
27.881432,19.808859,35.789799,2012.212230,-2.105193,10.857736,9.651098,3.600061,0.000823
27.926181,19.821303,35.679905,2007.312497,-2.067413,10.870549,9.758858,3.636822,0.004735
27.945419,19.827172,35.566870,2002.360682,-2.040579,10.868375,9.863589,3.673200,-0.004841
27.964757,19.839256,35.470569,1997.332655,-1.988932,10.875933,9.955282,3.706408,-0.006385
27.993280,19.850514,35.363213,1992.251270,-1.946176,10.898164,10.046632,3.745075,0.015487
28.018797,19.846388,35.264615,1987.086653,-1.909731,10.902399,10.132837,3.770681,0.001211
28.054629,19.858851,35.170442,1981.883481,-1.861135,10.905548,10.229749,3.810361,0.002812
28.072938,19.853210,35.066721,1976.606214,-1.807040,10.922767,10.312373,3.841622,0.002811
28.100627,19.863006,34.977155,1971.279241,-1.749950,10.927954,10.380294,3.870223,-0.009756
28.132327,19.871091,34.880856,1965.882082,-1.696787,10.936660,10.452552,3.897651,-0.002250
28.153249,19.876487,34.801966,1960.447205,-1.627296,10.933387,10.531144,3.921201,0.002619
28.172847,19.882036,34.716226,1954.952132,-1.551401,10.948687,10.595749,3.945152,0.007028
28.202422,19.880410,34.639297,1949.402547,-1.489544,10.964778,10.650641,3.968035,0.000475
28.216757,19.888515,34.572679,1943.811010,-1.416744,10.982872,10.693475,3.985553,-0.002510
28.265960,19.900139,34.499248,1938.168667,-1.350818,10.982981,10.742750,4.008088,-0.004163
28.278298,19.908364,34.439550,1932.491980,-1.277749,10.990093,10.780229,4.014165,-0.002912
28.304678,19.912566,34.369878,1926.780513,-1.194639,10.986222,10.803779,4.029682,-0.003415
28.327619,19.909101,34.317047,1921.014085,-1.116187,11.001493,10.826054,4.027905,-0.004904
28.351630,19.921156,34.257557,1915.231099,-1.038991,11.012574,10.848220,4.043712,-0.000057
28.374923,19.916014,34.198460,1909.422174,-0.961131,11.027457,10.849233,4.052291,-0.012035
28.400359,19.934599,34.162067,1903.592246,-0.881814,11.036582,10.864116,4.047058,-0.000797
28.430468,19.943211,34.121253,1897.736172,-0.806193,11.037382,10.857355,4.044785,-0.002382
28.454064,19.941578,34.082838,1891.865291,-0.724671,11.053496,10.844639,4.036209,-0.002616
28.479080,19.947645,34.043435,1885.974169,-0.640547,11.060641,10.837248,4.036957,0.010811
28.508582,19.946176,34.011099,1880.079316,-0.565747,11.072140,10.812015,4.029928,-0.004876
28.529418,19.964683,33.988146,1874.181169,-0.479505,11.074144,10.782646,4.009475,-0.002073
28.552624,19.950523,33.966948,1868.279007,-0.419400,11.087042,10.754862,4.007238,-0.005268
28.577454,19.975367,33.945495,1862.372902,-0.344439,11.090458,10.718046,3.987028,0.001816
28.600121,19.980634,33.939047,1856.485551,-0.267369,11.099054,10.671198,3.961989,0.000186
28.635405,19.966145,33.931069,1850.590647,-0.188151,11.123033,10.612470,3.952994,-0.002691
28.653393,19.985160,33.909263,1844.724625,-0.136548,11.117571,10.563887,3.927540,-0.006875
28.676596,19.991261,33.904050,1838.864841,-0.065027,11.128633,10.499560,3.912217,0.011186
28.710477,19.996253,33.914940,1833.026939,-0.012851,11.140715,10.437559,3.880727,0.009441
28.724732,20.004565,33.905483,1827.212195,0.053426,11.142906,10.364409,3.866017,0.001624
28.741862,20.006714,33.918925,1821.414222,0.108161,11.160563,10.302950,3.835870,0.004477
28.771373,20.012161,33.923021,1815.643413,0.168490,11.147639,10.214300,3.812324,-0.002689
28.802930,20.013813,33.931710,1809.912217,0.206435,11.170655,10.142681,3.780711,-0.001838
28.824603,20.021221,33.939490,1804.193068,0.263937,11.178100,10.065213,3.753722,-0.004860
28.847623,20.031723,33.952354,1798.531238,0.290463,11.190128,9.986643,3.716292,-0.000497
28.864316,20.027336,33.959766,1792.886203,0.329147,11.194519,9.901865,3.686310,-0.005842
28.884996,20.047957,33.984437,1787.296751,0.366301,11.207679,9.809785,3.646350,-0.005391
28.920180,20.040433,34.001902,1781.732966,0.391008,11.206567,9.723132,3.628867,0.005236
28.944492,20.044221,34.017009,1776.213369,0.417165,11.218778,9.643005,3.589703,-0.003348
28.956157,20.050546,34.046364,1770.750037,0.435620,11.235643,9.558772,3.555901,-0.000257
28.982085,20.050037,34.064383,1765.317943,0.460677,11.234548,9.468611,3.530712,-0.000150
29.010772,20.061755,34.087771,1759.921830,0.470478,11.244882,9.392218,3.483481,0.009078
29.033074,20.069979,34.094161,1754.585815,0.486125,11.251762,9.299861,3.467839,-0.002522
29.050116,20.073495,34.135965,1749.293255,0.473229,11.265348,9.223046,3.444977,-0.005479
29.077174,20.077488,34.145609,1744.042268,0.474970,11.281630,9.128723,3.405377,-0.001696
29.102437,20.086611,34.177139,1738.836807,0.467833,11.281616,9.052680,3.379735,-0.002634
29.119423,20.086896,34.199787,1733.692999,0.454515,11.288032,8.971403,3.342924,0.000806
29.136787,20.096268,34.221673,1728.574071,0.452082,11.293123,8.886433,3.317724,-0.002273
29.168247,20.095724,34.232081,1723.518699,0.432239,11.309781,8.816863,3.287693,0.000623
29.191938,20.103798,34.261314,1718.506997,0.408638,11.307548,8.745366,3.256011,-0.003621
29.214891,20.119201,34.268821,1713.549219,0.388569,11.315591,8.671855,3.231816,-0.001233
29.236008,20.121040,34.282047,1708.623786,0.352030,11.335623,8.600993,3.200801,0.007727
29.248298,20.125555,34.305091,1703.758168,0.322042,11.337974,8.530556,3.179628,0.009572
29.287731,20.121047,34.318631,1698.937711,0.279387,11.342986,8.469424,3.150187,-0.002410
29.299023,20.144758,34.325447,1694.147554,0.251984,11.350653,8.413504,3.130795,-0.003660
29.309365,20.144062,34.347608,1689.405754,0.198484,11.371010,8.345903,3.105637,0.007759
29.350535,20.147362,34.346727,1684.718519,0.151957,11.370739,8.293684,3.089095,0.006458
29.361328,20.154149,34.350549,1680.062681,0.109821,11.382370,8.230091,3.067823,-0.002957
29.394799,20.149590,34.367225,1675.455700,0.058628,11.385195,8.180721,3.045123,-0.002335
29.419217,20.163531,34.357880,1670.888273,-0.005239,11.404863,8.134337,3.029129,0.000701
29.437034,20.178310,34.356762,1666.360529,-0.058883,11.410972,8.105228,3.014655,-0.001305
29.456978,20.164093,34.351606,1661.870308,-0.110331,11.427845,8.065481,2.992261,0.000079
29.475085,20.168722,34.347108,1657.407214,-0.188993,11.430257,8.020117,2.990144,0.002547
29.510202,20.184634,34.327581,1652.982941,-0.249526,11.442313,7.991646,2.979527,0.002786
29.519050,20.181273,34.324907,1648.586994,-0.302346,11.448772,7.955990,2.968117,-0.001815
29.542919,20.183458,34.301170,1644.247776,-0.374253,11.451766,7.938535,2.953010,0.003860
29.575297,20.195104,34.290062,1639.930031,-0.451419,11.464174,7.922648,2.948350,0.002830
29.584420,20.194934,34.278276,1635.614321,-0.520426,11.471026,7.894911,2.940700,0.003692
29.611372,20.203748,34.248694,1631.344862,-0.595252,11.480062,7.879918,2.932418,0.000151
29.635827,20.203257,34.220667,1627.108532,-0.663743,11.475806,7.873879,2.939798,0.002376
29.648986,20.208584,34.187576,1622.902808,-0.736968,11.491879,7.862343,2.927289,-0.003669
29.676815,20.210959,34.155978,1618.698771,-0.811243,11.512889,7.864303,2.930327,-0.003609
29.685578,20.225627,34.121501,1614.513775,-0.881858,11.521735,7.861443,2.926917,0.001562
29.715940,20.225065,34.075758,1610.366773,-0.964476,11.522139,7.863816,2.923949,0.003964
29.739076,20.244423,34.042578,1606.238740,-1.035266,11.534290,7.861511,2.929983,0.000391
29.753852,20.241096,33.999857,1602.090847,-1.114423,11.540305,7.871720,2.931657,-0.000351
29.776067,20.240083,33.945967,1597.988795,-1.182084,11.562203,7.884305,2.929511,0.000854
29.803158,20.251440,33.899541,1593.891338,-1.263497,11.566894,7.903663,2.942385,-0.000162
29.820346,20.255515,33.838366,1589.800591,-1.340294,11.574125,7.930569,2.950566,-0.005509
29.839210,20.268445,33.791152,1585.707808,-1.406991,11.576426,7.944124,2.954009,-0.004429
29.859411,20.260025,33.720565,1581.623601,-1.479196,11.587676,7.977872,2.966990,-0.009038
29.884805,20.271326,33.668669,1577.549844,-1.549582,11.608684,8.001195,2.973735,0.001515
29.906826,20.287275,33.594665,1573.464762,-1.620961,11.607759,8.024117,2.994528,0.000900
29.915000,20.273629,33.536376,1569.396142,-1.683331,11.620774,8.064249,3.004457,-0.002993
29.945819,20.278852,33.460272,1565.311457,-1.750507,11.627242,8.101718,3.020433,-0.002185
29.964076,20.286493,33.382367,1561.214577,-1.804492,11.632103,8.148835,3.033419,-0.004222
29.978302,20.294527,33.316614,1557.126159,-1.870833,11.646485,8.195655,3.055622,0.002202
30.004118,20.299330,33.233712,1553.019253,-1.935336,11.652033,8.241873,3.065014,-0.004433
30.032737,20.305081,33.154755,1548.905389,-1.986657,11.662585,8.283331,3.085706,0.003259
30.047698,20.305997,33.073539,1544.768344,-2.053797,11.669655,8.350640,3.102546,0.009880
30.070524,20.311327,32.996377,1540.630445,-2.094896,11.670383,8.387218,3.124339,0.001859
30.090856,20.313392,32.903288,1536.463642,-2.153153,11.693208,8.459336,3.136335,0.000265
30.111857,20.317780,32.810963,1532.290459,-2.196345,11.685692,8.513479,3.164125,-0.002145
30.124065,20.322828,32.723067,1528.072755,-2.242923,11.705517,8.575212,3.196375,-0.005279
30.157365,20.329630,32.634189,1523.846917,-2.279197,11.712867,8.631257,3.215671,0.000564
30.163729,20.331459,32.538781,1519.592757,-2.316940,11.726047,8.692379,3.238444,-0.004566
30.192056,20.345003,32.442299,1515.312004,-2.353781,11.726013,8.756029,3.259069,0.000305
30.210394,20.348464,32.360544,1511.002765,-2.376729,11.740760,8.831410,3.290542,0.000935
30.230034,20.344992,32.265994,1506.661705,-2.408187,11.746996,8.894295,3.306647,-0.000861
30.242412,20.351498,32.162604,1502.293127,-2.426357,11.755770,8.959671,3.335793,-0.001190
30.269770,20.360895,32.060085,1497.882731,-2.444821,11.773026,9.020110,3.362969,-0.002732
30.293083,20.365977,31.977300,1493.451117,-2.453018,11.772326,9.094774,3.390410,-0.005069
30.299560,20.377715,31.887087,1488.986283,-2.472290,11.788948,9.155761,3.415187,0.005705
30.329670,20.371028,31.787708,1484.471365,-2.480448,11.793419,9.233894,3.432437,0.012815
30.346061,20.382080,31.684443,1479.929789,-2.501048,11.807827,9.295446,3.458899,0.005867
30.361638,20.378340,31.601582,1475.352710,-2.489476,11.810906,9.365774,3.495643,-0.002126
30.377829,20.390141,31.497526,1470.737945,-2.483276,11.830506,9.437614,3.514850,-0.001675
30.398053,20.392649,31.402530,1466.061919,-2.476689,11.833228,9.498430,3.537051,-0.001247
30.426921,20.399405,31.310989,1461.361743,-2.472278,11.845391,9.561318,3.559201,0.008457
30.437180,20.400756,31.210308,1456.624720,-2.443961,11.852569,9.639953,3.588020,-0.004665
30.455460,20.400576,31.126455,1451.842736,-2.437353,11.850587,9.689686,3.610840,0.007452
30.489165,20.416691,31.027506,1447.024027,-2.401316,11.865101,9.758111,3.641056,0.000666
30.503377,20.421946,30.940019,1442.172007,-2.378397,11.877828,9.818442,3.657762,0.009826
30.526823,20.419093,30.839156,1437.274519,-2.355064,11.888256,9.881867,3.692085,0.005062
30.548130,20.418698,30.746387,1432.329301,-2.322594,11.897374,9.933097,3.699341,0.000785
30.555966,20.437419,30.675263,1427.372754,-2.282555,11.902871,9.980916,3.718873,0.003766
30.568197,20.442092,30.583358,1422.356668,-2.244299,11.906259,10.023246,3.734015,-0.003934
30.590819,20.441792,30.502007,1417.291289,-2.209316,11.937024,10.069830,3.750236,-0.006613
30.614995,20.433050,30.426714,1412.217402,-2.157958,11.934865,10.117705,3.769702,-0.006016
30.631324,20.456665,30.342464,1407.098218,-2.113754,11.949594,10.153698,3.775683,-0.001785
30.640972,20.455054,30.272980,1401.955833,-2.065577,11.942693,10.184472,3.796011,0.000608
30.664730,20.462062,30.198283,1396.757825,-2.018086,11.969402,10.220867,3.811776,0.006916
30.684250,20.457639,30.126274,1391.541501,-1.967061,11.968036,10.243396,3.806284,-0.000000
30.694110,20.464962,30.041533,1386.304309,-1.914033,11.975339,10.268260,3.823397,0.001872
30.725285,20.464745,29.985278,1381.046931,-1.857988,11.986432,10.297794,3.832262,0.001734
30.741847,20.473689,29.916908,1375.746934,-1.797415,11.993534,10.307022,3.838721,0.004166
30.766731,20.484045,29.846278,1370.438662,-1.738586,12.003006,10.323576,3.845168,-0.004962
30.765201,20.479294,29.797394,1365.101000,-1.681849,12.016793,10.334473,3.857120,-0.004455
30.796373,20.484119,29.736200,1359.748729,-1.621054,12.025864,10.336593,3.855390,-0.010331
30.808282,20.489956,29.671484,1354.384193,-1.555871,12.024317,10.334676,3.848899,0.004519
30.821572,20.495557,29.616661,1348.997311,-1.503811,12.050143,10.331007,3.852074,-0.007525
30.849636,20.500263,29.564029,1343.603001,-1.445434,12.047382,10.325010,3.853449,0.001999
30.867948,20.502807,29.523097,1338.184418,-1.389056,12.065877,10.317065,3.842307,0.006730
30.875747,20.517982,29.465200,1332.774739,-1.327227,12.070584,10.311569,3.830842,0.008616
30.900390,20.512667,29.424703,1327.357713,-1.275021,12.076870,10.281493,3.830011,-0.000947
30.918176,20.512252,29.373846,1321.940176,-1.217556,12.080829,10.261718,3.812309,0.004263
30.925978,20.523766,29.342878,1316.523657,-1.168878,12.092287,10.236465,3.803156,-0.000984
30.938450,20.533170,29.297235,1311.093630,-1.103084,12.102263,10.206423,3.795929,-0.000153
30.964251,20.529842,29.266462,1305.667887,-1.067963,12.111490,10.168900,3.794218,0.004966
30.990703,20.537156,29.230399,1300.261162,-1.011979,12.117425,10.143932,3.782038,-0.005032
30.993565,20.544882,29.190437,1294.850650,-0.968876,12.132291,10.101039,3.763265,-0.008752
31.018587,20.548128,29.170604,1289.455236,-0.929500,12.140880,10.066280,3.746216,-0.002325
31.033334,20.548168,29.138715,1284.091027,-0.888528,12.152783,10.027760,3.731768,0.004873
31.047600,20.541787,29.109163,1278.703346,-0.851227,12.150041,9.984054,3.723855,0.004730
31.064882,20.554085,29.064133,1273.354917,-0.812213,12.165800,9.942789,3.698646,-0.001602
31.079960,20.563493,29.052899,1268.026748,-0.779508,12.174226,9.893586,3.678472,-0.001522
31.093810,20.573968,29.022097,1262.698904,-0.748769,12.177496,9.837263,3.661744,0.004834
31.120567,20.578354,29.000115,1257.395001,-0.725036,12.185633,9.793774,3.649901,-0.000446
31.137458,20.573767,28.976874,1252.119571,-0.699010,12.201336,9.754076,3.630271,0.001317
31.142803,20.580266,28.954883,1246.868935,-0.687174,12.209194,9.694241,3.619442,-0.003167
31.160103,20.581819,28.943987,1241.629771,-0.683838,12.218583,9.642135,3.590889,0.004450
31.188693,20.589713,28.905218,1236.440122,-0.668030,12.227588,9.580706,3.583407,0.004055
31.195857,20.590830,28.894007,1231.254916,-0.660894,12.239742,9.537117,3.553727,0.005379
31.223448,20.594894,28.877695,1226.102268,-0.648311,12.244187,9.489467,3.541350,-0.006621
31.232031,20.604313,28.848951,1220.987975,-0.649207,12.258450,9.440167,3.513889,0.002413
31.254077,20.598487,28.833530,1215.889077,-0.648244,12.266217,9.384048,3.491907,0.001309
31.266786,20.609157,28.793483,1210.824857,-0.664908,12.273381,9.334447,3.476433,-0.007611
31.285032,20.611061,28.783587,1205.799584,-0.670174,12.276881,9.289314,3.465096,0.000287
31.306015,20.609414,28.760802,1200.802605,-0.691738,12.282466,9.237539,3.441656,0.012937
31.312786,20.626858,28.748110,1195.831929,-0.707794,12.297328,9.182556,3.421694,0.004972
31.332181,20.625552,28.718626,1190.897951,-0.729734,12.302168,9.138213,3.412273,-0.001405
31.338523,20.629148,28.694606,1185.981366,-0.750639,12.313898,9.091931,3.391195,-0.001081
31.358863,20.621394,28.675141,1181.103639,-0.780337,12.326284,9.051707,3.366743,0.001774
31.373349,20.635577,28.653345,1176.270874,-0.819016,12.330590,9.012923,3.349722,-0.000689
31.392519,20.642727,28.626607,1171.455194,-0.849305,12.342377,8.962753,3.343534,-0.002370
31.409290,20.644009,28.594613,1166.687623,-0.905330,12.349435,8.923434,3.316880,-0.003690
31.420118,20.648453,28.565514,1161.937988,-0.938952,12.355871,8.892353,3.309441,-0.003565
31.429474,20.650960,28.546289,1157.227007,-0.983665,12.362516,8.854160,3.300886,-0.005839
31.450447,20.654651,28.514366,1152.543389,-1.024494,12.370200,8.826577,3.284136,0.005550
31.462745,20.656222,28.474701,1147.896425,-1.075160,12.384266,8.798832,3.270284,-0.001025
31.483278,20.655759,28.443851,1143.283883,-1.134123,12.401983,8.767787,3.257080,0.006161
31.496828,20.664712,28.414402,1138.678844,-1.190790,12.412390,8.732277,3.246836,0.001030
31.508875,20.672530,28.368356,1134.129506,-1.260313,12.408332,8.702831,3.240899,-0.002426
31.537600,20.683502,28.327940,1129.599930,-1.314555,12.428651,8.683523,3.252226,0.002769
31.540914,20.678711,28.289318,1125.091868,-1.367472,12.429409,8.665137,3.226632,-0.003830
31.557685,20.677940,28.248850,1120.612286,-1.447713,12.439541,8.642056,3.223344,-0.001177
31.567989,20.691374,28.207367,1116.165392,-1.514656,12.451049,8.623371,3.214273,0.004763
31.584207,20.689211,28.157264,1111.747866,-1.576851,12.455865,8.608632,3.216605,0.005140
31.598080,20.691045,28.122697,1107.340462,-1.648151,12.455848,8.597804,3.201116,-0.004896
31.620886,20.693439,28.064526,1102.973202,-1.719043,12.461182,8.600007,3.190735,-0.002552
31.628416,20.696998,28.015414,1098.620524,-1.789154,12.485204,8.586191,3.194560,0.000096
31.641694,20.700893,27.963192,1094.290137,-1.846418,12.488402,8.577622,3.196789,-0.007223
31.654742,20.695317,27.904318,1089.975060,-1.936757,12.497943,8.588039,3.194398,0.007174
31.674046,20.711578,27.858504,1085.692648,-2.006461,12.502608,8.587400,3.199858,0.006924
31.684099,20.719215,27.793864,1081.415122,-2.084633,12.520172,8.583188,3.192506,-0.004818
31.686703,20.714845,27.726788,1077.160035,-2.159368,12.519370,8.587539,3.198721,-0.001878
31.718257,20.726446,27.680868,1072.921527,-2.228622,12.534861,8.589125,3.198783,0.010234
31.728184,20.730106,27.610281,1068.688481,-2.303139,12.549554,8.609088,3.210599,0.004403
31.748010,20.723771,27.547303,1064.482466,-2.387067,12.542334,8.614634,3.204249,-0.001038
31.759951,20.736622,27.475815,1060.279014,-2.450102,12.559362,8.624824,3.217801,-0.005604
31.764794,20.738095,27.416361,1056.076729,-2.528466,12.574926,8.648847,3.221047,0.004618
31.782791,20.742151,27.344118,1051.912275,-2.603988,12.583813,8.655168,3.227174,-0.007747
31.795911,20.755109,27.276941,1047.739105,-2.665254,12.584186,8.685122,3.239213,-0.002493
31.809033,20.755933,27.191356,1043.571850,-2.749103,12.599119,8.696771,3.238719,-0.002060
31.822490,20.754517,27.114909,1039.409182,-2.801870,12.609584,8.719611,3.252236,0.005741
31.835731,20.753438,27.040518,1035.242342,-2.861792,12.615578,8.748769,3.256277,-0.004527
31.850690,20.755303,26.966793,1031.090064,-2.932734,12.614454,8.778618,3.272260,-0.008002
31.876157,20.760324,26.878007,1026.939722,-2.989650,12.631181,8.802856,3.282292,-0.005586
31.877652,20.774854,26.801792,1022.782666,-3.064263,12.649476,8.838886,3.288448,-0.001227
31.892893,20.768057,26.717748,1018.619935,-3.120116,12.658628,8.864918,3.295027,0.002084
31.904157,20.773928,26.637005,1014.466838,-3.176023,12.660588,8.887360,3.320498,-0.003853
31.912294,20.773913,26.551973,1010.295402,-3.224053,12.668902,8.919833,3.327866,0.004410
31.929956,20.774420,26.462070,1006.128766,-3.270909,12.678629,8.952207,3.340031,-0.006402
31.940174,20.787154,26.381126,1001.949881,-3.318114,12.687795,8.998397,3.343933,-0.009728
31.959436,20.788527,26.290546,997.772773,-3.367737,12.693622,9.023367,3.364312,0.001035
0.058881,0.058593,52.829813,5486.475504,-0.460345,44.997296,6.533633,2.444975,-0.013913
0.109146,0.099057,52.766116,5482.923857,-0.445203,45.002888,6.592740,2.457152,0.002652
0.148591,0.158741,52.703802,5479.332032,-0.408254,45.003373,6.642033,2.471146,-0.005026
0.206997,0.207580,52.638313,5475.697256,-0.367467,44.997030,6.681561,2.487721,0.001092
0.262734,0.260296,52.588280,5472.053723,-0.338936,45.001001,6.720777,2.505917,-0.000702
0.312828,0.312482,52.548411,5468.375072,-0.287312,45.004697,6.749219,2.517688,0.008771
0.355807,0.353667,52.503956,5464.645009,-0.257341,44.997225,6.787161,2.525954,-0.001064
0.417861,0.414392,52.475569,5460.921055,-0.211894,45.006264,6.800775,2.533983,0.002453
0.459340,0.470853,52.448362,5457.152323,-0.186362,45.006199,6.816039,2.540235,-0.016586
0.521877,0.511753,52.422822,5453.388150,-0.143549,45.008816,6.833599,2.558237,0.001266
0.568530,0.581036,52.402536,5449.598901,-0.111864,44.991080,6.844209,2.558606,0.008773
0.614287,0.610985,52.394269,5445.795689,-0.075420,45.012328,6.849150,2.555317,-0.000476
0.666752,0.678187,52.394161,5441.985673,-0.031818,44.999716,6.841345,2.559795,0.001234
0.715653,0.724309,52.387052,5438.152790,0.000808,45.009880,6.836151,2.536594,0.001768
0.771229,0.785765,52.375736,5434.338638,0.041266,45.009593,6.823373,2.541986,-0.006138
0.820825,0.827919,52.398865,5430.522333,0.067830,45.011575,6.807720,2.524868,-0.009123
0.866493,0.869475,52.398620,5426.706302,0.105863,45.009403,6.772393,2.515263,0.002592
0.938391,0.931365,52.426926,5422.874781,0.155710,45.020491,6.757187,2.516249,0.004382
0.977580,0.982918,52.445634,5419.085046,0.190651,45.014444,6.727445,2.506770,0.001973
1.026715,1.031111,52.485435,5415.272680,0.215645,45.006905,6.687031,2.492132,-0.002282
1.083884,1.083912,52.508314,5411.486892,0.254788,45.007698,6.647759,2.490395,0.005178
1.141982,1.133615,52.549773,5407.722666,0.284764,45.014243,6.598282,2.456451,0.004147
1.191120,1.184897,52.600358,5403.968434,0.320952,45.013888,6.547626,2.440274,-0.009252
1.234965,1.234297,52.634558,5400.242430,0.352260,45.016029,6.491742,2.420077,-0.000545
1.284013,1.281684,52.686090,5396.539474,0.375191,45.016716,6.439859,2.399879,0.004039
1.336662,1.340589,52.744149,5392.854647,0.404003,45.017436,6.383495,2.374534,0.013364
1.391746,1.393248,52.808637,5389.194487,0.433475,45.024647,6.326496,2.356257,-0.001294
1.449836,1.433792,52.869455,5385.560141,0.461757,45.014099,6.253349,2.346030,-0.000297
1.486505,1.505000,52.940714,5381.966282,0.492525,45.014015,6.187908,2.306532,-0.000482
1.538183,1.540949,53.006721,5378.401696,0.510548,45.021120,6.131081,2.279248,0.001350
1.585946,1.594985,53.083024,5374.866418,0.529071,45.023838,6.055236,2.244788,-0.003395
1.641068,1.649059,53.162768,5371.367072,0.571879,45.027790,5.973703,2.235397,-0.003947
1.693303,1.687643,53.236377,5367.895220,0.590048,45.025768,5.906737,2.191990,-0.006914
1.739663,1.755816,53.331302,5364.486020,0.602829,45.034591,5.824141,2.176662,-0.005326
1.786737,1.794236,53.405828,5361.084641,0.619774,45.038798,5.742528,2.142466,-0.008255
1.841768,1.844067,53.499231,5357.745670,0.643731,45.043010,5.666195,2.117368,0.002736
1.898756,1.900376,53.586723,5354.432549,0.655070,45.045774,5.581361,2.086598,-0.000771
1.946669,1.948640,53.689068,5351.158166,0.664478,45.051349,5.506123,2.053951,-0.001570
1.999594,1.998522,53.774903,5347.929282,0.685745,45.042318,5.431732,2.026450,0.005285
2.049196,2.051007,53.873799,5344.742914,0.684423,45.046971,5.346374,1.994446,-0.002628
2.095181,2.093398,53.967152,5341.598345,0.703570,45.042781,5.267331,1.963436,-0.004757
2.154726,2.142716,54.074901,5338.487347,0.715624,45.056095,5.195358,1.936060,-0.006618
2.188334,2.200863,54.161504,5335.435527,0.722115,45.039631,5.124563,1.903970,-0.005179
2.250743,2.254752,54.275274,5332.417015,0.730687,45.049087,5.032987,1.882530,-0.001809
2.305619,2.301277,54.380997,5329.439030,0.732553,45.057859,4.970279,1.848100,0.003012
2.357443,2.358377,54.480797,5326.492309,0.729151,45.055700,4.891449,1.816232,-0.000576
2.407402,2.409349,54.581498,5323.610153,0.730511,45.051119,4.805135,1.789800,-0.000170
2.444445,2.456264,54.682534,5320.750530,0.739816,45.060215,4.731172,1.765217,0.002929
2.506103,2.502991,54.782540,5317.939925,0.737714,45.065922,4.651506,1.737236,-0.008253
2.551925,2.556036,54.893103,5315.169781,0.739715,45.064155,4.592977,1.709087,0.003234
2.600005,2.602383,54.996305,5312.430678,0.732032,45.070112,4.521919,1.678473,-0.004221
2.653621,2.655959,55.106110,5309.759203,0.732723,45.074530,4.456994,1.661568,0.001111
2.691014,2.704302,55.202010,5307.092596,0.737010,45.078677,4.379379,1.626919,-0.004336
2.755166,2.764016,55.293654,5304.485881,0.716373,45.115694,4.310862,1.607316,29.005227
2.802944,2.807887,55.394952,5301.913628,0.690217,45.147459,4.250446,1.588858,28.990860
2.848427,2.855091,55.502003,5299.367942,0.676596,45.186254,4.188800,1.558318,29.001707
2.909298,2.906152,55.583126,5296.870554,0.664382,45.220020,4.143077,1.543336,28.999504
2.955298,2.954233,55.676352,5294.420644,0.647546,45.250825,4.081683,1.522539,29.003778
3.005268,3.007873,55.764704,5291.999753,0.630643,45.292653,4.026199,1.494004,29.006334
3.051278,3.065023,55.849757,5289.606216,0.606568,45.325672,3.975220,1.474242,29.002215
3.100764,3.103374,55.922168,5287.247744,0.584080,45.365495,3.926900,1.454941,28.998111
3.157169,3.148571,56.004651,5284.929415,0.562079,45.399747,3.880796,1.440182,28.995743
3.196366,3.215629,56.087945,5282.627865,0.537316,45.434410,3.831949,1.427974,28.994472
3.255120,3.255005,56.163473,5280.371520,0.511727,45.462645,3.788741,1.416316,29.005024
3.301584,3.313085,56.225294,5278.139898,0.484416,45.488915,3.749899,1.398563,29.000949
3.357059,3.351969,56.297876,5275.932395,0.458549,45.525205,3.700760,1.378779,29.000523
3.410952,3.413231,56.354247,5273.754973,0.441998,45.554439,3.680307,1.366585,29.000357
3.452216,3.466171,56.404589,5271.590381,0.418618,45.597416,3.647190,1.365849,28.997810
3.497624,3.510479,56.472319,5269.468018,0.388211,45.627294,3.609500,1.353107,28.995148
3.548416,3.559777,56.519857,5267.371431,0.360222,45.664533,3.582775,1.335142,29.006277
3.601118,3.610521,56.566776,5265.284681,0.341208,45.689806,3.556653,1.327816,29.006042
3.646529,3.662650,56.616359,5263.217961,0.300608,45.717076,3.537028,1.306731,29.004115
3.691449,3.715031,56.652546,5261.172194,0.284042,45.759745,3.508320,1.307892,28.994801
3.734096,3.772277,56.695230,5259.164328,0.253199,45.783740,3.484482,1.291783,28.993160
3.787140,3.819712,56.728148,5257.154655,0.219774,45.816450,3.458628,1.293842,28.994998
3.838865,3.869168,56.758104,5255.176126,0.194024,45.852239,3.451284,1.273019,28.998880
3.890802,3.913937,56.776561,5253.198236,0.161603,45.888903,3.435804,1.269807,28.995799
3.941932,3.961579,56.804237,5251.249272,0.130902,45.909034,3.417692,1.279774,28.998012
3.996527,4.010709,56.812488,5249.310796,0.102560,45.943674,3.418589,1.278240,29.002712
4.033991,4.070490,56.833435,5247.378017,0.076176,45.972594,3.404403,1.267017,29.003524
4.082374,4.112665,56.838160,5245.462413,0.049344,46.004312,3.400058,1.268654,28.994339
4.137069,4.175285,56.844628,5243.562406,0.012266,46.037078,3.386664,1.266977,29.001088
4.186402,4.225863,56.837324,5241.657369,-0.013850,46.078283,3.393175,1.265284,28.999380
4.229948,4.271268,56.835774,5239.768708,-0.039592,46.107598,3.391993,1.265865,29.004771
4.277181,4.308404,56.836242,5237.898934,-0.075282,46.131104,3.389496,1.261702,28.996348
4.318498,4.383005,56.819940,5236.013686,-0.101569,46.160295,3.397220,1.267423,29.000535
4.372503,4.428557,56.797641,5234.153389,-0.147691,46.200475,3.406040,1.266509,28.998632
4.431559,4.481543,56.778920,5232.279490,-0.164177,46.229230,3.406951,1.273098,29.004851
4.477572,4.523675,56.757190,5230.424491,-0.200782,46.259668,3.422364,1.269609,28.999261
4.524998,4.571987,56.723332,5228.560023,-0.228653,46.291434,3.427665,1.281275,28.997274
4.569095,4.624020,56.686735,5226.695735,-0.249216,46.329635,3.449488,1.286217,29.010249
4.620214,4.677440,56.653650,5224.841639,-0.292950,46.358407,3.472918,1.289009,29.005384
4.670764,4.737068,56.612034,5222.979566,-0.311102,46.390389,3.478660,1.298898,28.998971
4.721694,4.778009,56.557152,5221.116916,-0.350418,46.421815,3.495939,1.307297,28.997650
